ISO-10303-21;
HEADER;
FILE_DESCRIPTION (( 'STEP AP214' ),
    '1' );
FILE_NAME ('4GAA0021201010013X.STEP',
    '2021-02-02T12:08:14',
    ( '' ),
    ( '' ),
    'SwSTEP 2.0',
    'SolidWorks 2018',
    '' );
FILE_SCHEMA (( 'AUTOMOTIVE_DESIGN' ));
ENDSEC;

DATA;
#1 =( GEOMETRIC_REPRESENTATION_CONTEXT ( 3 ) GLOBAL_UNCERTAINTY_ASSIGNED_CONTEXT ( ( #2672 ) ) GLOBAL_UNIT_ASSIGNED_CONTEXT ( ( #1890, #416, #1513 ) ) REPRESENTATION_CONTEXT ( 'NONE', 'WORKASPACE' ) );
#2 = EDGE_LOOP ( 'NONE', ( #698, #4471, #1251, #3448 ) ) ;
#3 = ORIENTED_EDGE ( 'NONE', *, *, #1461, .F. ) ;
#4 = DIRECTION ( 'NONE',  ( 0.7071067811865484609, -0.0000000000000000000, 0.7071067811865465735 ) ) ;
#5 = VECTOR ( 'NONE', #3127, 1000.000000000000000 ) ;
#6 = AXIS2_PLACEMENT_3D ( 'NONE', #1509, #1453, #2530 ) ;
#7 = CARTESIAN_POINT ( 'NONE',  ( -30.00000000000001421, 20.00000000000000000, -125.0000000000000000 ) ) ;
#8 = DIRECTION ( 'NONE',  ( -0.0000000000000000000, 1.000000000000000000, -0.0000000000000000000 ) ) ;
#9 = VERTEX_POINT ( 'NONE', #2377 ) ;
#10 = FACE_OUTER_BOUND ( 'NONE', #1935, .T. ) ;
#11 = AXIS2_PLACEMENT_3D ( 'NONE', #1795, #2186, #4320 ) ;
#12 = DIRECTION ( 'NONE',  ( -1.000000000000000000, -0.0000000000000000000, 1.982541115402069301E-16 ) ) ;
#13 = VERTEX_POINT ( 'NONE', #1689 ) ;
#14 = DIRECTION ( 'NONE',  ( -0.7071067811865480168, 0.0000000000000000000, 0.7071067811865470176 ) ) ;
#15 = VECTOR ( 'NONE', #1258, 1000.000000000000000 ) ;
#16 = COLOUR_RGB ( '',1.000000000000000000, 1.000000000000000000, 1.000000000000000000 ) ;
#17 = ORIENTED_EDGE ( 'NONE', *, *, #2739, .F. ) ;
#18 = CARTESIAN_POINT ( 'NONE',  ( 67.99999999999998579, 1280.000000000000000, -68.00000000000000000 ) ) ;
#19 = VECTOR ( 'NONE', #3012, 1000.000000000000000 ) ;
#20 = VECTOR ( 'NONE', #3307, 1000.000000000000000 ) ;
#21 = VECTOR ( 'NONE', #1338, 1000.000000000000000 ) ;
#22 = ORIENTED_EDGE ( 'NONE', *, *, #874, .T. ) ;
#23 = CYLINDRICAL_SURFACE ( 'NONE', #454, 7.500000000000007105 ) ;
#24 = EDGE_CURVE ( 'NONE', #2359, #2182, #3377, .T. ) ;
#25 = VERTEX_POINT ( 'NONE', #2329 ) ;
#26 = VECTOR ( 'NONE', #4044, 1000.000000000000000 ) ;
#27 = CIRCLE ( 'NONE', #1127, 5.099999999999993427 ) ;
#28 = CARTESIAN_POINT ( 'NONE',  ( 0.0000000000000000000, 20.00000000000000000, 0.0000000000000000000 ) ) ;
#29 = CARTESIAN_POINT ( 'NONE',  ( 67.99999999999991473, 1280.000000000000000, 77.99999999999995737 ) ) ;
#30 = DIRECTION ( 'NONE',  ( 0.0000000000000000000, 0.0000000000000000000, 1.000000000000000000 ) ) ;
#31 = ADVANCED_FACE ( 'NONE', ( #4115 ), #1660, .T. ) ;
#32 = PRESENTATION_STYLE_ASSIGNMENT (( #2245 ) ) ;
#33 = ORIENTED_EDGE ( 'NONE', *, *, #2642, .T. ) ;
#34 = EDGE_CURVE ( 'NONE', #4587, #3736, #4453, .T. ) ;
#35 = ORIENTED_EDGE ( 'NONE', *, *, #2275, .F. ) ;
#36 = EDGE_LOOP ( 'NONE', ( #1250, #46 ) ) ;
#37 = DIRECTION ( 'NONE',  ( 0.0000000000000000000, 0.0000000000000000000, -1.000000000000000000 ) ) ;
#38 = VECTOR ( 'NONE', #1881, 1000.000000000000000 ) ;
#39 = EDGE_CURVE ( 'NONE', #1728, #841, #3764, .T. ) ;
#40 = CARTESIAN_POINT ( 'NONE',  ( -150.0000000000001137, 20.00000000000000000, 7.499999999998428812 ) ) ;
#41 = CARTESIAN_POINT ( 'NONE',  ( 0.0000000000000000000, 0.0000000000000000000, 0.0000000000000000000 ) ) ;
#42 = DIRECTION ( 'NONE',  ( -0.7071067811865434649, 0.0000000000000000000, -0.7071067811865516806 ) ) ;
#43 = CARTESIAN_POINT ( 'NONE',  ( 124.9999999999999716, 20.00000000000000000, -30.00000000000000000 ) ) ;
#44 = EDGE_CURVE ( 'NONE', #1098, #4111, #2699, .T. ) ;
#45 = SURFACE_SIDE_STYLE ('',( #247 ) ) ;
#46 = ORIENTED_EDGE ( 'NONE', *, *, #1165, .F. ) ;
#47 = CARTESIAN_POINT ( 'NONE',  ( -142.5000000000000568, 0.0000000000000000000, -1.492608272355440021E-12 ) ) ;
#48 = ORIENTED_EDGE ( 'NONE', *, *, #3848, .T. ) ;
#49 = CARTESIAN_POINT ( 'NONE',  ( -140.0000000000000000, 70.00000000000001421, 7.500000000000013323 ) ) ;
#50 = DIRECTION ( 'NONE',  ( -0.0000000000000000000, 1.000000000000000000, -0.0000000000000000000 ) ) ;
#51 = EDGE_CURVE ( 'NONE', #1084, #1371, #1137, .T. ) ;
#52 = VERTEX_POINT ( 'NONE', #1679 ) ;
#53 = EDGE_LOOP ( 'NONE', ( #3733, #4069, #384, #4454 ) ) ;
#54 = EDGE_LOOP ( 'NONE', ( #2402, #2954, #245, #2977 ) ) ;
#55 = SURFACE_SIDE_STYLE ('',( #3192 ) ) ;
#56 = DIRECTION ( 'NONE',  ( 0.0000000000000000000, 0.0000000000000000000, -1.000000000000000000 ) ) ;
#57 = EDGE_CURVE ( 'NONE', #1612, #2013, #2810, .T. ) ;
#58 = ORIENTED_EDGE ( 'NONE', *, *, #3866, .F. ) ;
#59 = VECTOR ( 'NONE', #4365, 1000.000000000000000 ) ;
#60 = CARTESIAN_POINT ( 'NONE',  ( -7.500000000001047162, -0.001000000000001000089, 149.9999999999999716 ) ) ;
#61 = ORIENTED_EDGE ( 'NONE', *, *, #4392, .F. ) ;
#62 = EDGE_LOOP ( 'NONE', ( #1715, #612, #779, #1110 ) ) ;
#63 = COLOUR_RGB ( '',1.000000000000000000, 1.000000000000000000, 1.000000000000000000 ) ;
#64 = CARTESIAN_POINT ( 'NONE',  ( -9.950721815702933470E-13, 20.00000000000000000, 142.5000000000000568 ) ) ;
#65 = CARTESIAN_POINT ( 'NONE',  ( -140.0000000000000000, 20.00000000000000000, -150.0000000000000000 ) ) ;
#66 = APPLICATION_PROTOCOL_DEFINITION ( 'draft international standard', 'automotive_design', 1998, #2961 ) ;
#67 = ADVANCED_FACE ( 'NONE', ( #3431 ), #4204, .F. ) ;
#68 = FACE_OUTER_BOUND ( 'NONE', #3333, .T. ) ;
#69 = ADVANCED_FACE ( 'NONE', ( #1899, #1798 ), #3195, .T. ) ;
#70 = CARTESIAN_POINT ( 'NONE',  ( 115.0000000000000711, 1280.000000000000000, 125.0000000000000000 ) ) ;
#71 = ORIENTED_EDGE ( 'NONE', *, *, #1723, .F. ) ;
#72 = LINE ( 'NONE', #1188, #2539 ) ;
#73 = CYLINDRICAL_SURFACE ( 'NONE', #2585, 5.099999999999993427 ) ;
#74 = DIRECTION ( 'NONE',  ( 0.0000000000000000000, 0.0000000000000000000, 1.000000000000000000 ) ) ;
#75 = DIRECTION ( 'NONE',  ( -1.000000000000000000, 1.449650923982144865E-33, -1.232595164407830672E-32 ) ) ;
#76 = ORIENTED_EDGE ( 'NONE', *, *, #1102, .T. ) ;
#77 = COLOUR_RGB ( '',1.000000000000000000, 1.000000000000000000, 1.000000000000000000 ) ;
#78 = DIRECTION ( 'NONE',  ( -0.0000000000000000000, 1.000000000000000000, -0.0000000000000000000 ) ) ;
#79 = DIRECTION ( 'NONE',  ( -0.0000000000000000000, 1.000000000000000000, -0.0000000000000000000 ) ) ;
#80 = ORIENTED_EDGE ( 'NONE', *, *, #1490, .F. ) ;
#81 = AXIS2_PLACEMENT_3D ( 'NONE', #576, #1641, #1325 ) ;
#82 = LINE ( 'NONE', #1564, #3790 ) ;
#83 = DIRECTION ( 'NONE',  ( -0.0000000000000000000, -1.000000000000000000, -0.0000000000000000000 ) ) ;
#84 = ORIENTED_EDGE ( 'NONE', *, *, #1650, .T. ) ;
#85 = FACE_OUTER_BOUND ( 'NONE', #3050, .T. ) ;
#86 = VECTOR ( 'NONE', #940, 1000.000000000000114 ) ;
#87 = EDGE_CURVE ( 'NONE', #4576, #2609, #720, .T. ) ;
#88 = EDGE_CURVE ( 'NONE', #3818, #2000, #1577, .T. ) ;
#89 = VERTEX_POINT ( 'NONE', #2084 ) ;
#90 = DIRECTION ( 'NONE',  ( -0.7071067811865474617, 0.0000000000000000000, 0.7071067811865474617 ) ) ;
#91 = ORIENTED_EDGE ( 'NONE', *, *, #2828, .T. ) ;
#92 = EDGE_CURVE ( 'NONE', #3253, #1831, #4670, .T. ) ;
#93 = DIRECTION ( 'NONE',  ( -0.0000000000000000000, 1.000000000000000000, 0.0000000000000000000 ) ) ;
#94 = DIRECTION ( 'NONE',  ( -0.0000000000000000000, 1.000000000000000000, -0.0000000000000000000 ) ) ;
#95 = CARTESIAN_POINT ( 'NONE',  ( 30.00000000000001421, 20.00000000000000000, 128.3999999999999773 ) ) ;
#96 = CIRCLE ( 'NONE', #888, 2.499999999999946709 ) ;
#97 = ADVANCED_FACE ( 'NONE', ( #4050 ), #4600, .F. ) ;
#98 =( LENGTH_UNIT ( ) NAMED_UNIT ( * ) SI_UNIT ( .MILLI., .METRE. ) );
#99 = CARTESIAN_POINT ( 'NONE',  ( 90.00000000000000000, 20.00000000000001776, 7.499999999999985789 ) ) ;
#100 = PRESENTATION_LAYER_ASSIGNMENT (  '', '', ( #3799 ) ) ;
#101 = CIRCLE ( 'NONE', #1640, 3.000000000000002665 ) ;
#102 = UNCERTAINTY_MEASURE_WITH_UNIT (LENGTH_MEASURE( 1.000000000000000082E-05 ), #789, 'distance_accuracy_value', 'NONE');
#103 = CARTESIAN_POINT ( 'NONE',  ( 90.00000000000000000, 1215.000000000000000, 45.00000000000000000 ) ) ;
#104 = DIRECTION ( 'NONE',  ( 0.0000000000000000000, 0.0000000000000000000, 1.000000000000000000 ) ) ;
#105 = DIRECTION ( 'NONE',  ( 0.0000000000000000000, 0.0000000000000000000, 1.000000000000000000 ) ) ;
#106 = CARTESIAN_POINT ( 'NONE',  ( -150.0000000000000284, 0.0000000000000000000, -139.9999999999999716 ) ) ;
#107 = DIRECTION ( 'NONE',  ( 0.0000000000000000000, 0.7071067811865081598, 0.7071067811865867636 ) ) ;
#108 = DIRECTION ( 'NONE',  ( -0.0000000000000000000, 1.000000000000000000, -0.0000000000000000000 ) ) ;
#109 = CARTESIAN_POINT ( 'NONE',  ( 69.99999999999985789, 1280.000000000000000, 89.99999999999997158 ) ) ;
#110 = ORIENTED_EDGE ( 'NONE', *, *, #926, .F. ) ;
#111 = EDGE_CURVE ( 'NONE', #1342, #4609, #4276, .T. ) ;
#112 = DIRECTION ( 'NONE',  ( -0.0000000000000000000, 1.000000000000000000, -0.0000000000000000000 ) ) ;
#113 = LINE ( 'NONE', #2902, #2749 ) ;
#114 = ORIENTED_EDGE ( 'NONE', *, *, #1885, .F. ) ;
#115 = ORIENTED_EDGE ( 'NONE', *, *, #1004, .T. ) ;
#116 = ORIENTED_EDGE ( 'NONE', *, *, #2795, .T. ) ;
#117 = DIRECTION ( 'NONE',  ( -0.0000000000000000000, 1.000000000000000000, -0.0000000000000000000 ) ) ;
#119 = VERTEX_POINT ( 'NONE', #998 ) ;
#118 =( REPRESENTATION_RELATIONSHIP ('NONE','NONE', #3547, #431 ) REPRESENTATION_RELATIONSHIP_WITH_TRANSFORMATION ( #3178 )SHAPE_REPRESENTATION_RELATIONSHIP( ) );
#120 = EDGE_CURVE ( 'NONE', #3619, #3335, #2345, .T. ) ;
#121 = ADVANCED_FACE ( 'NONE', ( #604 ), #2639, .F. ) ;
#122 = EDGE_CURVE ( 'NONE', #1043, #2840, #2859, .T. ) ;
#123 =( NAMED_UNIT ( * ) SI_UNIT ( $, .STERADIAN. ) SOLID_ANGLE_UNIT ( ) );
#124 = SURFACE_STYLE_USAGE ( .BOTH. , #1920 ) ;
#125 = ORIENTED_EDGE ( 'NONE', *, *, #1754, .T. ) ;
#126 = LINE ( 'NONE', #3416, #509 ) ;
#127 = LINE ( 'NONE', #4275, #4462 ) ;
#128 = ORIENTED_EDGE ( 'NONE', *, *, #3297, .T. ) ;
#129 = LINE ( 'NONE', #711, #2880 ) ;
#130 = AXIS2_PLACEMENT_3D ( 'NONE', #405, #1143, #1853 ) ;
#131 = EDGE_LOOP ( 'NONE', ( #3311, #549 ) ) ;
#132 = ORIENTED_EDGE ( 'NONE', *, *, #4378, .T. ) ;
#133 = DIRECTION ( 'NONE',  ( 0.0000000000000000000, 0.0000000000000000000, -1.000000000000000000 ) ) ;
#134 = VERTEX_POINT ( 'NONE', #619 ) ;
#135 = VECTOR ( 'NONE', #3998, 1000.000000000000000 ) ;
#136 = CIRCLE ( 'NONE', #3389, 3.400000000000000355 ) ;
#137 = MECHANICAL_DESIGN_GEOMETRIC_PRESENTATION_REPRESENTATION (  '', ( #2866 ), #4418 ) ;
#138 = CARTESIAN_POINT ( 'NONE',  ( 150.0000000000000284, 0.0000000000000000000, 139.9999999999999716 ) ) ;
#139 = EDGE_LOOP ( 'NONE', ( #3203, #2736, #389, #992, #3989, #4298, #900, #2138 ) ) ;
#140 = LINE ( 'NONE', #3101, #146 ) ;
#141 = EDGE_LOOP ( 'NONE', ( #2087, #3867, #1559, #2240 ) ) ;
#142 = LINE ( 'NONE', #2384, #2266 ) ;
#143 =( NAMED_UNIT ( * ) PLANE_ANGLE_UNIT ( ) SI_UNIT ( $, .RADIAN. ) );
#144 = FILL_AREA_STYLE ('',( #1232 ) ) ;
#145 = AXIS2_PLACEMENT_3D ( 'NONE', #2232, #4387, #3280 ) ;
#146 = VECTOR ( 'NONE', #3427, 1000.000000000000000 ) ;
#147 = ADVANCED_FACE ( 'NONE', ( #333 ), #2808, .F. ) ;
#148 = EDGE_LOOP ( 'NONE', ( #586, #1863, #1327, #916 ) ) ;
#149 = CARTESIAN_POINT ( 'NONE',  ( -90.00000000000000000, 19.99999999999998934, 7.500000000000013323 ) ) ;
#150 = AXIS2_PLACEMENT_3D ( 'NONE', #149, #2626, #2658 ) ;
#151 = CARTESIAN_POINT ( 'NONE',  ( -124.9999999999999432, 1300.000000000000000, -114.9999999999999574 ) ) ;
#152 = FACE_OUTER_BOUND ( 'NONE', #141, .T. ) ;
#153 = EDGE_CURVE ( 'NONE', #3646, #3039, #1195, .T. ) ;
#154 = ORIENTED_EDGE ( 'NONE', *, *, #2462, .T. ) ;
#155 = EDGE_CURVE ( 'NONE', #218, #3129, #1310, .T. ) ;
#156 = EDGE_CURVE ( 'NONE', #1908, #4167, #3081, .T. ) ;
#157 = DIRECTION ( 'NONE',  ( 1.982541115402068808E-16, 2.957536869751397734E-37, 1.000000000000000000 ) ) ;
#158 = SURFACE_SIDE_STYLE ('',( #3837 ) ) ;
#159 = STYLED_ITEM ( 'NONE', ( #2420 ), #4038 ) ;
#160 = CARTESIAN_POINT ( 'NONE',  ( -140.0000000000000000, 19.99999999999998934, 7.500000000000013323 ) ) ;
#161 = UNCERTAINTY_MEASURE_WITH_UNIT (LENGTH_MEASURE( 1.000000000000000082E-05 ), #2523, 'distance_accuracy_value', 'NONE');
#162 = DIRECTION ( 'NONE',  ( -1.000000000000000000, 0.0000000000000000000, 1.020425574104005602E-16 ) ) ;
#163 = AXIS2_PLACEMENT_3D ( 'NONE', #2309, #1286, #506 ) ;
#164 = DIRECTION ( 'NONE',  ( -0.0000000000000000000, 1.000000000000000000, -0.0000000000000000000 ) ) ;
#165 = AXIS2_PLACEMENT_3D ( 'NONE', #3849, #3891, #326 ) ;
#166 = ORIENTED_EDGE ( 'NONE', *, *, #4400, .F. ) ;
#167 = CARTESIAN_POINT ( 'NONE',  ( -69.99999999999985789, 20.00000000000000355, -89.99999999999997158 ) ) ;
#168 = DIRECTION ( 'NONE',  ( 0.0000000000000000000, 0.0000000000000000000, 1.000000000000000000 ) ) ;
#169 = ADVANCED_FACE ( 'NONE', ( #3250 ), #2912, .F. ) ;
#170 = ORIENTED_EDGE ( 'NONE', *, *, #955, .T. ) ;
#171 = DIRECTION ( 'NONE',  ( 0.7071067811865455743, 0.0000000000000000000, 0.7071067811865493491 ) ) ;
#172 = CARTESIAN_POINT ( 'NONE',  ( 90.00000000000000000, 20.00000000000000355, -69.99999999999985789 ) ) ;
#173 =( NAMED_UNIT ( * ) PLANE_ANGLE_UNIT ( ) SI_UNIT ( $, .RADIAN. ) );
#174 = ORIENTED_EDGE ( 'NONE', *, *, #1025, .T. ) ;
#175 = ORIENTED_EDGE ( 'NONE', *, *, #2758, .F. ) ;
#176 = ORIENTED_EDGE ( 'NONE', *, *, #2493, .F. ) ;
#177 = DIRECTION ( 'NONE',  ( 0.0000000000000000000, 0.0000000000000000000, 1.000000000000000000 ) ) ;
#178 = EDGE_CURVE ( 'NONE', #412, #252, #497, .T. ) ;
#179 = ORIENTED_EDGE ( 'NONE', *, *, #3754, .T. ) ;
#180 = LINE ( 'NONE', #700, #851 ) ;
#181 = CARTESIAN_POINT ( 'NONE',  ( 90.00000000000000000, 1280.000000000000000, -90.00000000000000000 ) ) ;
#182 = FACE_BOUND ( 'NONE', #1426, .T. ) ;
#183 = ORIENTED_EDGE ( 'NONE', *, *, #3414, .F. ) ;
#184 = VERTEX_POINT ( 'NONE', #763 ) ;
#185 = CYLINDRICAL_SURFACE ( 'NONE', #2074, 3.400000000000000355 ) ;
#187 = ORIENTED_EDGE ( 'NONE', *, *, #546, .F. ) ;
#186 = CARTESIAN_POINT ( 'NONE',  ( -140.0000000000000000, 20.00000000000000000, 150.0000000000000000 ) ) ;
#188 = LINE ( 'NONE', #4243, #1653 ) ;
#189 = ORIENTED_EDGE ( 'NONE', *, *, #4643, .F. ) ;
#190 = VECTOR ( 'NONE', #1546, 1000.000000000000114 ) ;
#191 = PRESENTATION_STYLE_ASSIGNMENT (( #473 ) ) ;
#192 = ADVANCED_FACE ( 'NONE', ( #4333 ), #2891, .F. ) ;
#193 = STYLED_ITEM ( 'NONE', ( #3846 ), #652 ) ;
#194 = ORIENTED_EDGE ( 'NONE', *, *, #1490, .T. ) ;
#195 = DIRECTION ( 'NONE',  ( -3.061276722312015942E-16, 0.0000000000000000000, -1.000000000000000000 ) ) ;
#196 =( NAMED_UNIT ( * ) SI_UNIT ( $, .STERADIAN. ) SOLID_ANGLE_UNIT ( ) );
#197 = ORIENTED_EDGE ( 'NONE', *, *, #3570, .T. ) ;
#198 = ORIENTED_EDGE ( 'NONE', *, *, #839, .F. ) ;
#199 = CARTESIAN_POINT ( 'NONE',  ( -140.0000000000000000, 19.99999999999998934, -7.499999999999985789 ) ) ;
#200 = DIRECTION ( 'NONE',  ( 0.0000000000000000000, 0.0000000000000000000, -1.000000000000000000 ) ) ;
#201 = CYLINDRICAL_SURFACE ( 'NONE', #927, 3.000000000000002665 ) ;
#202 = ORIENTED_EDGE ( 'NONE', *, *, #2071, .T. ) ;
#203 = ORIENTED_EDGE ( 'NONE', *, *, #1367, .F. ) ;
#204 = FILL_AREA_STYLE_COLOUR ( '', #1491 ) ;
#205 = EDGE_CURVE ( 'NONE', #1178, #3120, #840, .T. ) ;
#206 = ORIENTED_EDGE ( 'NONE', *, *, #348, .F. ) ;
#207 = CARTESIAN_POINT ( 'NONE',  ( 77.99999999999998579, 1215.000000000000000, -47.49999999999994316 ) ) ;
#208 = CARTESIAN_POINT ( 'NONE',  ( -7.500000000000000000, 0.0000000000000000000, -150.0000000000000284 ) ) ;
#210 = DIRECTION ( 'NONE',  ( -7.401486830834376525E-17, -1.000000000000000000, -0.0000000000000000000 ) ) ;
#209 = PRESENTATION_STYLE_ASSIGNMENT (( #4337 ) ) ;
#211 =( LENGTH_UNIT ( ) NAMED_UNIT ( * ) SI_UNIT ( .MILLI., .METRE. ) );
#212 = ADVANCED_FACE ( 'NONE', ( #2292 ), #3231, .F. ) ;
#213 =( GEOMETRIC_REPRESENTATION_CONTEXT ( 3 ) GLOBAL_UNCERTAINTY_ASSIGNED_CONTEXT ( ( #3641 ) ) GLOBAL_UNIT_ASSIGNED_CONTEXT ( ( #211, #3171, #2769 ) ) REPRESENTATION_CONTEXT ( 'NONE', 'WORKASPACE' ) );
#214 = DIRECTION ( 'NONE',  ( 1.637040452729150133E-33, -1.000000000000000000, 7.213255872081108868E-35 ) ) ;
#215 = CARTESIAN_POINT ( 'NONE',  ( 140.0000000000000000, 70.00000000000001421, 7.499999999999985789 ) ) ;
#216 = CARTESIAN_POINT ( 'NONE',  ( -110.0000000000000000, 220.0000000000000568, 7.500000000000013323 ) ) ;
#217 = CARTESIAN_POINT ( 'NONE',  ( -7.500000000000000000, 220.0000000000000284, 89.99999999999997158 ) ) ;
#218 = VERTEX_POINT ( 'NONE', #4667 ) ;
#219 = AXIS2_PLACEMENT_3D ( 'NONE', #4314, #2512, #1763 ) ;
#220 = VECTOR ( 'NONE', #1492, 1000.000000000000000 ) ;
#221 = CARTESIAN_POINT ( 'NONE',  ( -70.00000000000000000, 1299.500000000000000, 95.00000000000000000 ) ) ;
#222 = CARTESIAN_POINT ( 'NONE',  ( -150.0000000000000284, 20.00000000000000000, -150.0000000000000000 ) ) ;
#223 = ORIENTED_EDGE ( 'NONE', *, *, #1314, .T. ) ;
#224 = ORIENTED_EDGE ( 'NONE', *, *, #3015, .T. ) ;
#225 = VERTEX_POINT ( 'NONE', #2513 ) ;
#226 = DIRECTION ( 'NONE',  ( 1.000000000000000000, 0.0000000000000000000, -3.061276722312015942E-16 ) ) ;
#227 = EDGE_LOOP ( 'NONE', ( #4422, #203, #2780, #555 ) ) ;
#228 = ORIENTED_EDGE ( 'NONE', *, *, #2099, .F. ) ;
#229 = DIRECTION ( 'NONE',  ( -0.0000000000000000000, 1.000000000000000000, -0.0000000000000000000 ) ) ;
#230 = DIRECTION ( 'NONE',  ( -0.0000000000000000000, 1.000000000000000000, -0.0000000000000000000 ) ) ;
#231 = AXIS2_PLACEMENT_3D ( 'NONE', #4350, #2224, #37 ) ;
#232 = LINE ( 'NONE', #3864, #3817 ) ;
#233 = ADVANCED_FACE ( 'NONE', ( #2401 ), #2184, .F. ) ;
#234 = VERTEX_POINT ( 'NONE', #2170 ) ;
#235 = CARTESIAN_POINT ( 'NONE',  ( -124.9999999999999432, 1300.000000000000000, 115.0000000000000426 ) ) ;
#236 = CARTESIAN_POINT ( 'NONE',  ( 77.99999999999998579, 1215.000000000000000, -45.00000000000000000 ) ) ;
#237 = EDGE_CURVE ( 'NONE', #1580, #1342, #2126, .T. ) ;
#238 = CIRCLE ( 'NONE', #4431, 3.400000000000000355 ) ;
#239 = AXIS2_PLACEMENT_3D ( 'NONE', #4227, #230, #4540 ) ;
#240 = DIRECTION ( 'NONE',  ( 1.982541115402069301E-16, 2.957536869751307946E-37, 1.000000000000000000 ) ) ;
#241 = ORIENTED_EDGE ( 'NONE', *, *, #1279, .T. ) ;
#242 = CIRCLE ( 'NONE', #3858, 75.00000000000001421 ) ;
#243 = ORIENTED_EDGE ( 'NONE', *, *, #2682, .T. ) ;
#244 = CIRCLE ( 'NONE', #4020, 9.999999999999994671 ) ;
#245 = ORIENTED_EDGE ( 'NONE', *, *, #2847, .F. ) ;
#246 = VERTEX_POINT ( 'NONE', #3940 ) ;
#247 = SURFACE_STYLE_FILL_AREA ( #2567 ) ;
#248 = AXIS2_PLACEMENT_3D ( 'NONE', #2962, #3647, #1837 ) ;
#249 = FACE_BOUND ( 'NONE', #4029, .T. ) ;
#250 = CARTESIAN_POINT ( 'NONE',  ( -7.500000000000009770, 70.00000000000001421, -139.9999999999999716 ) ) ;
#251 = CARTESIAN_POINT ( 'NONE',  ( 124.9999999999999716, 0.0000000000000000000, 34.49999999999998579 ) ) ;
#252 = VERTEX_POINT ( 'NONE', #1140 ) ;
#253 = PRESENTATION_STYLE_ASSIGNMENT (( #1369 ) ) ;
#254 = ORIENTED_EDGE ( 'NONE', *, *, #3423, .T. ) ;
#255 = CYLINDRICAL_SURFACE ( 'NONE', #1524, 5.099999999999993427 ) ;
#256 = AXIS2_PLACEMENT_3D ( 'NONE', #4414, #452, #3009 ) ;
#257 = DIRECTION ( 'NONE',  ( -0.0000000000000000000, -0.0000000000000000000, 1.000000000000000000 ) ) ;
#258 = FACE_OUTER_BOUND ( 'NONE', #4282, .T. ) ;
#259 = DIRECTION ( 'NONE',  ( -0.0000000000000000000, 1.000000000000000000, -0.0000000000000000000 ) ) ;
#260 = LINE ( 'NONE', #4078, #2563 ) ;
#261 = ADVANCED_FACE ( 'NONE', ( #3987 ), #3308, .F. ) ;
#262 = ORIENTED_EDGE ( 'NONE', *, *, #4554, .F. ) ;
#263 = LINE ( 'NONE', #1304, #2387 ) ;
#264 = EDGE_CURVE ( 'NONE', #4258, #3757, #3588, .T. ) ;
#265 = DIRECTION ( 'NONE',  ( -0.0000000000000000000, 1.000000000000000000, -0.0000000000000000000 ) ) ;
#266 = CARTESIAN_POINT ( 'NONE',  ( -78.00000000000000000, 1280.000000000000000, -67.99999999999991473 ) ) ;
#267 = EDGE_CURVE ( 'NONE', #2111, #699, #4217, .T. ) ;
#268 = DIRECTION ( 'NONE',  ( 0.7071067811865441310, 0.0000000000000000000, 0.7071067811865510144 ) ) ;
#269 = DIRECTION ( 'NONE',  ( 0.0000000000000000000, 0.0000000000000000000, 1.000000000000000000 ) ) ;
#270 = AXIS2_PLACEMENT_3D ( 'NONE', #1427, #2404, #2448 ) ;
#271 =( NAMED_UNIT ( * ) SI_UNIT ( $, .STERADIAN. ) SOLID_ANGLE_UNIT ( ) );
#272 = VECTOR ( 'NONE', #4053, 1000.000000000000000 ) ;
#273 = ORIENTED_EDGE ( 'NONE', *, *, #3119, .T. ) ;
#274 = ORIENTED_EDGE ( 'NONE', *, *, #3536, .T. ) ;
#275 = ORIENTED_EDGE ( 'NONE', *, *, #1723, .T. ) ;
#276 = CARTESIAN_POINT ( 'NONE',  ( 150.0000000000000568, 20.00000000000000000, -7.499999999999475975 ) ) ;
#277 = FACE_OUTER_BOUND ( 'NONE', #2, .T. ) ;
#278 = ORIENTED_EDGE ( 'NONE', *, *, #3158, .F. ) ;
#279 = EDGE_CURVE ( 'NONE', #3683, #2469, #113, .T. ) ;
#280 = CIRCLE ( 'NONE', #3113, 62.50000000000000000 ) ;
#281 = CYLINDRICAL_SURFACE ( 'NONE', #1383, 2.499999999999946709 ) ;
#282 = CARTESIAN_POINT ( 'NONE',  ( 150.0000000000000000, 20.00000000000000000, 7.500000000000524025 ) ) ;
#283 = ORIENTED_EDGE ( 'NONE', *, *, #3064, .F. ) ;
#284 = SURFACE_STYLE_FILL_AREA ( #3494 ) ;
#285 = CARTESIAN_POINT ( 'NONE',  ( 7.500000000000009770, 19.99999999999998934, 139.9999999999999716 ) ) ;
#286 = EDGE_CURVE ( 'NONE', #3831, #999, #3705, .T. ) ;
#287 = ORIENTED_EDGE ( 'NONE', *, *, #808, .F. ) ;
#288 = AXIS2_PLACEMENT_3D ( 'NONE', #3176, #3240, #4336 ) ;
#289 = CARTESIAN_POINT ( 'NONE',  ( -124.9999999999999716, 0.0000000000000000000, 26.59999999999999787 ) ) ;
#290 = VECTOR ( 'NONE', #1176, 1000.000000000000000 ) ;
#291 = VECTOR ( 'NONE', #4409, 1000.000000000000000 ) ;
#292 = LINE ( 'NONE', #3475, #21 ) ;
#293 = MECHANICAL_DESIGN_GEOMETRIC_PRESENTATION_REPRESENTATION (  '', ( #543 ), #2648 ) ;
#294 = ORIENTED_EDGE ( 'NONE', *, *, #4647, .F. ) ;
#295 = ORIENTED_EDGE ( 'NONE', *, *, #4151, .T. ) ;
#296 = CARTESIAN_POINT ( 'NONE',  ( 124.9999999999999716, 0.0000000000000000000, -125.0000000000000000 ) ) ;
#297 = UNCERTAINTY_MEASURE_WITH_UNIT (LENGTH_MEASURE( 1.000000000000000082E-05 ), #2177, 'distance_accuracy_value', 'NONE');
#298 = EDGE_LOOP ( 'NONE', ( #2129, #2055, #3, #1662 ) ) ;
#299 = CARTESIAN_POINT ( 'NONE',  ( 90.00000000000000000, 1300.000000000000000, -90.00000000000000000 ) ) ;
#300 = CARTESIAN_POINT ( 'NONE',  ( 70.00000000000000000, 1300.000000000000000, -95.00000000000000000 ) ) ;
#301 = EDGE_CURVE ( 'NONE', #554, #4566, #1363, .T. ) ;
#302 = VECTOR ( 'NONE', #1300, 1000.000000000000000 ) ;
#303 = LINE ( 'NONE', #4507, #4304 ) ;
#304 = AXIS2_PLACEMENT_3D ( 'NONE', #551, #890, #3069 ) ;
#305 = DIRECTION ( 'NONE',  ( 1.000000000000000000, 0.0000000000000000000, -0.0000000000000000000 ) ) ;
#306 = SURFACE_STYLE_FILL_AREA ( #1977 ) ;
#307 = CARTESIAN_POINT ( 'NONE',  ( 110.0000000000000000, 220.0000000000000284, 7.499999999999985789 ) ) ;
#308 = CARTESIAN_POINT ( 'NONE',  ( 124.9999999999999716, 20.00000000000000000, 30.00000000000000000 ) ) ;
#309 = PRODUCT_DEFINITION_SHAPE ( 'NONE', 'NONE',  #1893 ) ;
#310 = VERTEX_POINT ( 'NONE', #2231 ) ;
#311 = DIRECTION ( 'NONE',  ( -0.0000000000000000000, 1.000000000000000000, -0.0000000000000000000 ) ) ;
#312 = ORIENTED_EDGE ( 'NONE', *, *, #4034, .F. ) ;
#313 = DIRECTION ( 'NONE',  ( -0.0000000000000000000, 1.000000000000000000, -0.0000000000000000000 ) ) ;
#314 = CARTESIAN_POINT ( 'NONE',  ( 142.5000000000000568, -0.001000000000001000089, 4.975360907851466735E-13 ) ) ;
#315 = ORIENTED_EDGE ( 'NONE', *, *, #3023, .T. ) ;
#316 = ORIENTED_EDGE ( 'NONE', *, *, #3695, .F. ) ;
#317 = CARTESIAN_POINT ( 'NONE',  ( 125.0000000000000568, 1300.000000000000000, 115.0000000000000142 ) ) ;
#318 = CARTESIAN_POINT ( 'NONE',  ( 77.99999999999998579, 20.00000000000000355, -67.99999999999991473 ) ) ;
#319 = AXIS2_PLACEMENT_3D ( 'NONE', #314, #2065, #4213 ) ;
#320 = CARTESIAN_POINT ( 'NONE',  ( -150.0000000000000284, 0.0000000000000000000, -7.500000000001685763 ) ) ;
#321 = CARTESIAN_POINT ( 'NONE',  ( -142.5000000000000568, 20.00000000000000000, -1.492608272355440021E-12 ) ) ;
#322 = EDGE_CURVE ( 'NONE', #562, #3355, #3135, .T. ) ;
#323 = AXIS2_PLACEMENT_3D ( 'NONE', #2370, #2029, #4561 ) ;
#324 = EDGE_CURVE ( 'NONE', #1084, #562, #4110, .T. ) ;
#325 = CARTESIAN_POINT ( 'NONE',  ( -90.00000000000000000, 1280.000000000000000, -69.99999999999982947 ) ) ;
#326 = DIRECTION ( 'NONE',  ( 0.7071067811865541231, 0.0000000000000000000, -0.7071067811865409114 ) ) ;
#327 = CARTESIAN_POINT ( 'NONE',  ( 124.9999999999999716, 0.0000000000000000000, 25.50000000000000711 ) ) ;
#328 = EDGE_CURVE ( 'NONE', #1371, #3355, #2174, .T. ) ;
#329 = DIRECTION ( 'NONE',  ( -1.850371707708594316E-16, 0.0000000000000000000, -1.000000000000000000 ) ) ;
#330 = FACE_OUTER_BOUND ( 'NONE', #3540, .T. ) ;
#331 = AXIS2_PLACEMENT_3D ( 'NONE', #524, #4067, #3027 ) ;
#332 = CLOSED_SHELL ( 'NONE', ( #2507, #4038, #1456, #2252, #3985, #3700, #542, #2541, #2281, #827, #2590, #261, #3294, #1571, #2946, #2228, #1527, #3486, #31, #4009, #69, #4037, #4309, #1897, #1343, #4390 ) ) ;
#333 = FACE_OUTER_BOUND ( 'NONE', #2488, .T. ) ;
#334 = FILL_AREA_STYLE_COLOUR ( '', #2502 ) ;
#335 = ORIENTED_EDGE ( 'NONE', *, *, #1281, .F. ) ;
#336 = EDGE_LOOP ( 'NONE', ( #241, #4648, #1487, #4332 ) ) ;
#337 = AXIS2_PLACEMENT_3D ( 'NONE', #2617, #1186, #2664 ) ;
#338 = CARTESIAN_POINT ( 'NONE',  ( 124.9999999999999716, 0.0000000000000000000, -132.5000000000000000 ) ) ;
#339 = CARTESIAN_POINT ( 'NONE',  ( 150.0000000000000284, 0.0000000000000000000, 139.9999999999999716 ) ) ;
#340 = FACE_OUTER_BOUND ( 'NONE', #3283, .T. ) ;
#341 = ORIENTED_EDGE ( 'NONE', *, *, #3144, .T. ) ;
#342 = CARTESIAN_POINT ( 'NONE',  ( -150.0000000000000284, 20.00000000000000000, -150.0000000000000000 ) ) ;
#343 = CARTESIAN_POINT ( 'NONE',  ( -150.0000000000000284, 20.00000000000000000, -150.0000000000000000 ) ) ;
#344 = DIRECTION ( 'NONE',  ( 1.000000000000000000, -0.0000000000000000000, -0.0000000000000000000 ) ) ;
#345 = FACE_BOUND ( 'NONE', #1877, .T. ) ;
#346 = ORIENTED_EDGE ( 'NONE', *, *, #3754, .F. ) ;
#347 = DIRECTION ( 'NONE',  ( 1.982541115402069054E-16, -4.409720963005085396E-35, 1.000000000000000000 ) ) ;
#348 = EDGE_CURVE ( 'NONE', #4018, #4079, #3032, .T. ) ;
#349 = ORIENTED_EDGE ( 'NONE', *, *, #4439, .F. ) ;
#350 = FACE_BOUND ( 'NONE', #3824, .T. ) ;
#351 = DIRECTION ( 'NONE',  ( 1.449650923982144865E-33, -1.000000000000000000, -3.081487911019577365E-33 ) ) ;
#352 = ORIENTED_EDGE ( 'NONE', *, *, #4059, .T. ) ;
#353 = VECTOR ( 'NONE', #464, 1000.000000000000000 ) ;
#354 = ORIENTED_EDGE ( 'NONE', *, *, #4164, .F. ) ;
#355 = FACE_OUTER_BOUND ( 'NONE', #3199, .T. ) ;
#356 = EDGE_CURVE ( 'NONE', #184, #2896, #2466, .T. ) ;
#357 = DIRECTION ( 'NONE',  ( 0.0000000000000000000, 1.000000000000000000, 0.0000000000000000000 ) ) ;
#358 = EDGE_CURVE ( 'NONE', #4267, #1274, #951, .T. ) ;
#359 = LINE ( 'NONE', #2957, #1225 ) ;
#361 = ORIENTED_EDGE ( 'NONE', *, *, #738, .F. ) ;
#360 = CARTESIAN_POINT ( 'NONE',  ( 90.00000000000000000, 1215.000000000000000, -45.00000000000000000 ) ) ;
#362 = LINE ( 'NONE', #958, #3843 ) ;
#363 = ORIENTED_EDGE ( 'NONE', *, *, #1401, .F. ) ;
#364 = ADVANCED_FACE ( 'NONE', ( #1421 ), #1691, .F. ) ;
#365 = FACE_OUTER_BOUND ( 'NONE', #525, .T. ) ;
#366 = LINE ( 'NONE', #4261, #1992 ) ;
#367 = VERTEX_POINT ( 'NONE', #4386 ) ;
#368 = AXIS2_PLACEMENT_3D ( 'NONE', #2472, #4604, #1721 ) ;
#369 = DIRECTION ( 'NONE',  ( -1.449650923982144865E-33, 1.000000000000000000, -3.081487911019576681E-33 ) ) ;
#370 = CARTESIAN_POINT ( 'NONE',  ( -150.0000000000000284, 20.00000000000000000, -139.9999999999999716 ) ) ;
#371 = SURFACE_SIDE_STYLE ('',( #4040 ) ) ;
#372 = ORIENTED_EDGE ( 'NONE', *, *, #4303, .T. ) ;
#373 = CARTESIAN_POINT ( 'NONE',  ( 9.184850993605150311E-15, -0.001000000000001000089, -75.00000000000001421 ) ) ;
#374 =( NAMED_UNIT ( * ) PLANE_ANGLE_UNIT ( ) SI_UNIT ( $, .RADIAN. ) );
#375 = ADVANCED_FACE ( 'NONE', ( #2857 ), #2464, .F. ) ;
#376 = FILL_AREA_STYLE_COLOUR ( '', #3397 ) ;
#377 = AXIS2_PLACEMENT_3D ( 'NONE', #343, #2137, #3601 ) ;
#378 = CARTESIAN_POINT ( 'NONE',  ( 90.00000000000000000, 1255.000000000000227, 47.49999999999994316 ) ) ;
#379 = CARTESIAN_POINT ( 'NONE',  ( -124.9999999999999716, 0.0000000000000000000, -132.5000000000000000 ) ) ;
#380 = DIRECTION ( 'NONE',  ( -0.0000000000000000000, 1.000000000000000000, -0.0000000000000000000 ) ) ;
#381 = EDGE_CURVE ( 'NONE', #841, #1757, #1854, .T. ) ;
#382 = UNCERTAINTY_MEASURE_WITH_UNIT (LENGTH_MEASURE( 1.000000000000000082E-05 ), #4463, 'distance_accuracy_value', 'NONE');
#383 = EDGE_CURVE ( 'NONE', #566, #367, #552, .T. ) ;
#384 = ORIENTED_EDGE ( 'NONE', *, *, #3041, .F. ) ;
#385 = AXIS2_PLACEMENT_3D ( 'NONE', #3408, #1645, #3055 ) ;
#386 = CARTESIAN_POINT ( 'NONE',  ( -124.9999999999999716, 20.00000000000000000, 33.39999999999999858 ) ) ;
#387 = VECTOR ( 'NONE', #842, 1000.000000000000000 ) ;
#388 = ORIENTED_EDGE ( 'NONE', *, *, #544, .F. ) ;
#389 = ORIENTED_EDGE ( 'NONE', *, *, #2210, .F. ) ;
#390 = CARTESIAN_POINT ( 'NONE',  ( 0.0000000000000000000, 20.00000000000000000, -142.5000000000000568 ) ) ;
#391 = ORIENTED_EDGE ( 'NONE', *, *, #2687, .T. ) ;
#392 = AXIS2_PLACEMENT_3D ( 'NONE', #3850, #594, #2797 ) ;
#393 = VERTEX_POINT ( 'NONE', #2221 ) ;
#394 = EDGE_LOOP ( 'NONE', ( #1459, #485, #132, #923 ) ) ;
#395 = CARTESIAN_POINT ( 'NONE',  ( -69.99999999999985789, 1280.000000000000000, -89.99999999999997158 ) ) ;
#396 = CARTESIAN_POINT ( 'NONE',  ( 142.5000000000000568, 0.0000000000000000000, 4.975360907851466735E-13 ) ) ;
#398 = ORIENTED_EDGE ( 'NONE', *, *, #2287, .T. ) ;
#397 = CARTESIAN_POINT ( 'NONE',  ( -2.140462239949360482E-14, 1300.000000000000000, 0.0000000000000000000 ) ) ;
#399 = ADVANCED_FACE ( 'NONE', ( #3530 ), #461, .F. ) ;
#400 = AXIS2_PLACEMENT_3D ( 'NONE', #2841, #2825, #2809 ) ;
#401 = DIRECTION ( 'NONE',  ( -1.000000000000000000, -1.759078375084749961E-34, 0.0000000000000000000 ) ) ;
#402 = EDGE_LOOP ( 'NONE', ( #3014, #1174 ) ) ;
#403 = CARTESIAN_POINT ( 'NONE',  ( 7.500000000000005329, 220.0000000000000284, 109.9999999999999858 ) ) ;
#404 = FACE_BOUND ( 'NONE', #1255, .T. ) ;
#405 = CARTESIAN_POINT ( 'NONE',  ( -124.9999999999999716, 20.00000000000000000, -30.00000000000000000 ) ) ;
#406 = VECTOR ( 'NONE', #2915, 1000.000000000000000 ) ;
#407 = ORIENTED_EDGE ( 'NONE', *, *, #3664, .T. ) ;
#408 = CIRCLE ( 'NONE', #3613, 9.999999999999994671 ) ;
#409 = LINE ( 'NONE', #1562, #1768 ) ;
#410 = ORIENTED_EDGE ( 'NONE', *, *, #3180, .T. ) ;
#411 = EDGE_CURVE ( 'NONE', #3788, #3736, #3426, .T. ) ;
#412 = VERTEX_POINT ( 'NONE', #1614 ) ;
#413 = DIRECTION ( 'NONE',  ( -0.7071067811865541231, 0.0000000000000000000, 0.7071067811865409114 ) ) ;
#414 = ORIENTED_EDGE ( 'NONE', *, *, #1033, .F. ) ;
#415 = DIRECTION ( 'NONE',  ( 0.0000000000000000000, 0.0000000000000000000, 1.000000000000000000 ) ) ;
#416 =( NAMED_UNIT ( * ) PLANE_ANGLE_UNIT ( ) SI_UNIT ( $, .RADIAN. ) );
#417 = SURFACE_STYLE_FILL_AREA ( #2107 ) ;
#418 = FACE_OUTER_BOUND ( 'NONE', #4618, .T. ) ;
#419 = CARTESIAN_POINT ( 'NONE',  ( 69.99999999999998579, 20.00000000000000355, -69.99999999999998579 ) ) ;
#420 = EDGE_CURVE ( 'NONE', #4403, #4289, #1307, .T. ) ;
#421 = CARTESIAN_POINT ( 'NONE',  ( 124.9999999999999716, 20.00000000000000000, -132.5000000000000000 ) ) ;
#422 = DIRECTION ( 'NONE',  ( 0.0000000000000000000, 0.0000000000000000000, 1.000000000000000000 ) ) ;
#423 = ORIENTED_EDGE ( 'NONE', *, *, #1408, .T. ) ;
#424 = ADVANCED_FACE ( 'NONE', ( #1744 ), #1634, .F. ) ;
#425 = MECHANICAL_DESIGN_GEOMETRIC_PRESENTATION_REPRESENTATION (  '', ( #1253 ), #1497 ) ;
#426 = ORIENTED_EDGE ( 'NONE', *, *, #595, .T. ) ;
#427 = CARTESIAN_POINT ( 'NONE',  ( -124.9999999999999716, 20.00000000000000000, 117.5000000000000142 ) ) ;
#428 = ORIENTED_EDGE ( 'NONE', *, *, #4338, .F. ) ;
#429 = CARTESIAN_POINT ( 'NONE',  ( 78.00000000000000000, 20.00000000000000355, 67.99999999999990052 ) ) ;
#430 = VECTOR ( 'NONE', #2789, 1000.000000000000114 ) ;
#431 = SHAPE_REPRESENTATION ( '4GAA0021201010015X_Predeterminado<As Machined>', ( #3251 ), #2860 ) ;
#432 = CARTESIAN_POINT ( 'NONE',  ( -90.00000000000000000, 19.99999999999998934, -7.499999999999985789 ) ) ;
#433 = SURFACE_STYLE_USAGE ( .BOTH. , #1923 ) ;
#434 = DIRECTION ( 'NONE',  ( -0.0000000000000000000, 1.000000000000000000, -0.0000000000000000000 ) ) ;
#435 = DIRECTION ( 'NONE',  ( 0.0000000000000000000, 0.0000000000000000000, -1.000000000000000000 ) ) ;
#436 = EDGE_CURVE ( 'NONE', #577, #474, #4383, .T. ) ;
#437 = AXIS2_PLACEMENT_3D ( 'NONE', #2959, #3711, #4482 ) ;
#438 = CARTESIAN_POINT ( 'NONE',  ( -114.9999999999999574, 1300.000000000000000, -124.9999999999999432 ) ) ;
#439 = ADVANCED_FACE ( 'NONE', ( #891 ), #3751, .F. ) ;
#440 = ADVANCED_FACE ( 'NONE', ( #4605 ), #3071, .T. ) ;
#441 = EDGE_CURVE ( 'NONE', #673, #2020, #101, .T. ) ;
#442 = PRESENTATION_STYLE_ASSIGNMENT (( #1878 ) ) ;
#443 = EDGE_LOOP ( 'NONE', ( #1145, #2543 ) ) ;
#444 = ORIENTED_EDGE ( 'NONE', *, *, #4134, .T. ) ;
#445 = AXIS2_PLACEMENT_3D ( 'NONE', #1219, #645, #2689 ) ;
#446 = DIRECTION ( 'NONE',  ( 1.000000000000000000, -0.0000000000000000000, -0.0000000000000000000 ) ) ;
#447 = PLANE ( 'NONE',  #2444 ) ;
#448 = ORIENTED_EDGE ( 'NONE', *, *, #1060, .T. ) ;
#449 = ORIENTED_EDGE ( 'NONE', *, *, #1952, .T. ) ;
#450 = CARTESIAN_POINT ( 'NONE',  ( 90.00000000000000000, 220.0000000000000284, -7.500000000000013323 ) ) ;
#451 = ORIENTED_EDGE ( 'NONE', *, *, #805, .T. ) ;
#452 = DIRECTION ( 'NONE',  ( 0.0000000000000000000, 1.000000000000000000, 0.0000000000000000000 ) ) ;
#453 = LINE ( 'NONE', #1587, #1034 ) ;
#454 = AXIS2_PLACEMENT_3D ( 'NONE', #4247, #2822, #2083 ) ;
#455 = DIRECTION ( 'NONE',  ( 0.0000000000000000000, 0.0000000000000000000, 1.000000000000000000 ) ) ;
#456 = CARTESIAN_POINT ( 'NONE',  ( -7.500000000000000000, 220.0000000000000284, -90.00000000000000000 ) ) ;
#457 = SURFACE_STYLE_FILL_AREA ( #4498 ) ;
#458 = CARTESIAN_POINT ( 'NONE',  ( -9.950721815702933470E-13, -0.001000000000001000089, 142.5000000000000568 ) ) ;
#459 = EDGE_LOOP ( 'NONE', ( #1722, #4084, #1942, #1619 ) ) ;
#460 = ORIENTED_EDGE ( 'NONE', *, *, #3537, .T. ) ;
#461 = PLANE ( 'NONE',  #4357 ) ;
#462 = CARTESIAN_POINT ( 'NONE',  ( 140.0000000000000000, 20.00000000000001776, -7.500000000000013323 ) ) ;
#463 = EDGE_LOOP ( 'NONE', ( #986, #4395, #2830, #2194 ) ) ;
#464 = DIRECTION ( 'NONE',  ( 1.637040452729150133E-33, -1.000000000000000000, -7.213255872081108868E-35 ) ) ;
#465 = CARTESIAN_POINT ( 'NONE',  ( 30.00000000000000000, 20.00000000000000000, -125.0000000000000000 ) ) ;
#466 = ORIENTED_EDGE ( 'NONE', *, *, #34, .F. ) ;
#467 = EDGE_LOOP ( 'NONE', ( #2998, #3395, #3564, #3172 ) ) ;
#468 = VECTOR ( 'NONE', #4280, 1000.000000000000000 ) ;
#469 = AXIS2_PLACEMENT_3D ( 'NONE', #3895, #4256, #651 ) ;
#470 = PRESENTATION_STYLE_ASSIGNMENT (( #881 ) ) ;
#471 = ADVANCED_FACE ( 'NONE', ( #2906 ), #1123, .F. ) ;
#472 = FACE_OUTER_BOUND ( 'NONE', #467, .T. ) ;
#473 = SURFACE_STYLE_USAGE ( .BOTH. , #2237 ) ;
#474 = VERTEX_POINT ( 'NONE', #4515 ) ;
#475 = EDGE_CURVE ( 'NONE', #4267, #1850, #831, .T. ) ;
#476 = EDGE_CURVE ( 'NONE', #2156, #673, #3979, .T. ) ;
#477 = DIRECTION ( 'NONE',  ( 1.000000000000000000, -0.0000000000000000000, -0.0000000000000000000 ) ) ;
#478 = ORIENTED_EDGE ( 'NONE', *, *, #1918, .F. ) ;
#479 = FACE_OUTER_BOUND ( 'NONE', #3660, .T. ) ;
#480 = ORIENTED_EDGE ( 'NONE', *, *, #3577, .T. ) ;
#481 = CARTESIAN_POINT ( 'NONE',  ( 140.0000000000000000, 20.00000000000000000, -150.0000000000000000 ) ) ;
#482 = DIRECTION ( 'NONE',  ( -0.0000000000000000000, 1.000000000000000000, -0.0000000000000000000 ) ) ;
#483 = ORIENTED_EDGE ( 'NONE', *, *, #1067, .T. ) ;
#484 = CARTESIAN_POINT ( 'NONE',  ( -29.99999999999998579, 20.00000000000000000, 120.5000000000000284 ) ) ;
#485 = ORIENTED_EDGE ( 'NONE', *, *, #3284, .F. ) ;
#486 = AXIS2_PLACEMENT_3D ( 'NONE', #3978, #4669, #3233 ) ;
#487 = CARTESIAN_POINT ( 'NONE',  ( 7.499999999999989342, 70.00000000000001421, -139.9999999999999716 ) ) ;
#488 = CARTESIAN_POINT ( 'NONE',  ( 77.99999999999998579, 1255.000000000000227, -45.00000000000000000 ) ) ;
#489 =( GEOMETRIC_REPRESENTATION_CONTEXT ( 3 ) GLOBAL_UNCERTAINTY_ASSIGNED_CONTEXT ( ( #102 ) ) GLOBAL_UNIT_ASSIGNED_CONTEXT ( ( #789, #1523, #123 ) ) REPRESENTATION_CONTEXT ( 'NONE', 'WORKASPACE' ) );
#490 = DIRECTION ( 'NONE',  ( 1.000000000000000000, -9.244463733058732095E-33, -1.982541115402069054E-16 ) ) ;
#491 = PLANE ( 'NONE',  #437 ) ;
#492 = CARTESIAN_POINT ( 'NONE',  ( -124.9999999999999716, 0.0000000000000000000, -117.5000000000000142 ) ) ;
#493 = CARTESIAN_POINT ( 'NONE',  ( -124.9999999999999716, 20.00000000000000000, 117.5000000000000142 ) ) ;
#494 = ORIENTED_EDGE ( 'NONE', *, *, #1162, .F. ) ;
#495 = FILL_AREA_STYLE ('',( #1620 ) ) ;
#496 = EDGE_CURVE ( 'NONE', #2474, #3743, #1185, .T. ) ;
#497 = LINE ( 'NONE', #373, #3484 ) ;
#498 = UNCERTAINTY_MEASURE_WITH_UNIT (LENGTH_MEASURE( 1.000000000000000082E-05 ), #2562, 'distance_accuracy_value', 'NONE');
#499 = ORIENTED_EDGE ( 'NONE', *, *, #3731, .F. ) ;
#500 = ORIENTED_EDGE ( 'NONE', *, *, #2611, .F. ) ;
#501 = CARTESIAN_POINT ( 'NONE',  ( 90.00000000000000000, 1255.000000000000227, -45.00000000000000000 ) ) ;
#502 = DIRECTION ( 'NONE',  ( -1.000000000000000000, 0.0000000000000000000, 0.0000000000000000000 ) ) ;
#503 = ORIENTED_EDGE ( 'NONE', *, *, #111, .F. ) ;
#504 = VERTEX_POINT ( 'NONE', #4484 ) ;
#505 = EDGE_CURVE ( 'NONE', #1018, #2754, #597, .T. ) ;
#506 = DIRECTION ( 'NONE',  ( 0.0000000000000000000, 0.0000000000000000000, 1.000000000000000000 ) ) ;
#507 = VERTEX_POINT ( 'NONE', #1943 ) ;
#508 = CARTESIAN_POINT ( 'NONE',  ( 90.00000000000000000, 1280.000000000000000, -69.99999999999985789 ) ) ;
#509 = VECTOR ( 'NONE', #1991, 1000.000000000000000 ) ;
#510 = ADVANCED_FACE ( 'NONE', ( #2392 ), #1350, .F. ) ;
#511 = EDGE_LOOP ( 'NONE', ( #3784, #3489, #4459, #3870, #825, #116, #4516, #449 ) ) ;
#512 = CARTESIAN_POINT ( 'NONE',  ( 70.00000000000000000, 1280.000000000000000, -92.00000000000001421 ) ) ;
#513 = AXIS2_PLACEMENT_3D ( 'NONE', #3241, #2490, #3984 ) ;
#514 = LINE ( 'NONE', #1179, #406 ) ;
#515 = DIRECTION ( 'NONE',  ( 0.0000000000000000000, 0.0000000000000000000, 1.000000000000000000 ) ) ;
#516 = LINE ( 'NONE', #4428, #2198 ) ;
#517 = VERTEX_POINT ( 'NONE', #493 ) ;
#518 = VERTEX_POINT ( 'NONE', #3017 ) ;
#519 = LINE ( 'NONE', #4448, #1037 ) ;
#520 = VECTOR ( 'NONE', #3531, 1000.000000000000000 ) ;
#521 = VECTOR ( 'NONE', #637, 1000.000000000000000 ) ;
#522 = CARTESIAN_POINT ( 'NONE',  ( -90.00000000000000000, 1280.000000000000000, -69.99999999999982947 ) ) ;
#523 = DIRECTION ( 'NONE',  ( -0.0000000000000000000, 1.000000000000000000, -0.0000000000000000000 ) ) ;
#524 = CARTESIAN_POINT ( 'NONE',  ( 7.500000000000000000, 19.99999999999998934, 89.99999999999998579 ) ) ;
#525 = EDGE_LOOP ( 'NONE', ( #3589, #3306, #3677, #315 ) ) ;
#526 = SURFACE_STYLE_FILL_AREA ( #3147 ) ;
#527 = ORIENTED_EDGE ( 'NONE', *, *, #1891, .F. ) ;
#528 = LINE ( 'NONE', #2628, #1825 ) ;
#529 = SURFACE_STYLE_FILL_AREA ( #3793 ) ;
#530 = DIRECTION ( 'NONE',  ( 0.0000000000000000000, 0.0000000000000000000, -1.000000000000000000 ) ) ;
#531 =( LENGTH_UNIT ( ) NAMED_UNIT ( * ) SI_UNIT ( .MILLI., .METRE. ) );
#532 = VECTOR ( 'NONE', #210, 1000.000000000000000 ) ;
#533 = CYLINDRICAL_SURFACE ( 'NONE', #3111, 3.000000000000002665 ) ;
#534 = PRODUCT_DEFINITION_CONTEXT ( 'detailed design', #1574, 'design' ) ;
#535 = CARTESIAN_POINT ( 'NONE',  ( 67.99999999999991473, 20.00000000000000355, -78.00000000000000000 ) ) ;
#536 = EDGE_LOOP ( 'NONE', ( #1871, #2149, #363, #3364 ) ) ;
#537 = VERTEX_POINT ( 'NONE', #4596 ) ;
#538 = EDGE_CURVE ( 'NONE', #4408, #1349, #1297, .T. ) ;
#539 = EDGE_CURVE ( 'NONE', #2022, #4567, #96, .T. ) ;
#540 = DIRECTION ( 'NONE',  ( -0.0000000000000000000, 1.000000000000000000, -0.0000000000000000000 ) ) ;
#541 = CARTESIAN_POINT ( 'NONE',  ( 7.500000000000000000, 20.00000000000000000, -150.0000000000000284 ) ) ;
#542 = ADVANCED_FACE ( 'NONE', ( #2846 ), #2349, .F. ) ;
#543 = STYLED_ITEM ( 'NONE', ( #1670 ), #1905 ) ;
#544 = EDGE_CURVE ( 'NONE', #2811, #2311, #1061, .T. ) ;
#545 = CARTESIAN_POINT ( 'NONE',  ( -70.00000000000000000, 1300.000000000000000, 95.00000000000000000 ) ) ;
#546 = EDGE_CURVE ( 'NONE', #3950, #3788, #3916, .T. ) ;
#547 = VECTOR ( 'NONE', #4519, 1000.000000000000000 ) ;
#548 =( LENGTH_UNIT ( ) NAMED_UNIT ( * ) SI_UNIT ( .MILLI., .METRE. ) );
#549 = ORIENTED_EDGE ( 'NONE', *, *, #4475, .T. ) ;
#550 = FILL_AREA_STYLE_COLOUR ( '', #2215 ) ;
#551 = CARTESIAN_POINT ( 'NONE',  ( 124.9999999999999716, 20.00000000000000000, 30.00000000000000000 ) ) ;
#552 = LINE ( 'NONE', #106, #777 ) ;
#553 = DIRECTION ( 'NONE',  ( 0.0000000000000000000, 0.0000000000000000000, 1.000000000000000000 ) ) ;
#554 = VERTEX_POINT ( 'NONE', #3838 ) ;
#555 = ORIENTED_EDGE ( 'NONE', *, *, #557, .T. ) ;
#556 = FILL_AREA_STYLE_COLOUR ( '', #682 ) ;
#557 = EDGE_CURVE ( 'NONE', #804, #3734, #4654, .T. ) ;
#558 = EDGE_CURVE ( 'NONE', #537, #2077, #263, .T. ) ;
#559 = DIRECTION ( 'NONE',  ( -0.0000000000000000000, -1.000000000000000000, -0.0000000000000000000 ) ) ;
#560 = CYLINDRICAL_SURFACE ( 'NONE', #1014, 9.999999999999994671 ) ;
#561 = ORIENTED_EDGE ( 'NONE', *, *, #2641, .F. ) ;
#562 = VERTEX_POINT ( 'NONE', #2775 ) ;
#563 = PRESENTATION_STYLE_ASSIGNMENT (( #1180 ) ) ;
#564 = SURFACE_SIDE_STYLE ('',( #4426 ) ) ;
#565 = EDGE_CURVE ( 'NONE', #4631, #517, #2572, .T. ) ;
#566 = VERTEX_POINT ( 'NONE', #4538 ) ;
#567 = CIRCLE ( 'NONE', #4015, 75.00000000000001421 ) ;
#568 = AXIS2_PLACEMENT_3D ( 'NONE', #3262, #3689, #422 ) ;
#569 = FACE_OUTER_BOUND ( 'NONE', #2862, .T. ) ;
#570 = VERTEX_POINT ( 'NONE', #949 ) ;
#571 = EDGE_LOOP ( 'NONE', ( #2734, #2144, #815, #175 ) ) ;
#572 = CIRCLE ( 'NONE', #4497, 3.000000000000002665 ) ;
#573 = LINE ( 'NONE', #1065, #919 ) ;
#574 = AXIS2_PLACEMENT_3D ( 'NONE', #438, #1938, #852 ) ;
#575 = EDGE_LOOP ( 'NONE', ( #1770, #262, #3506, #4601 ) ) ;
#576 = CARTESIAN_POINT ( 'NONE',  ( 69.99999999999998579, 1280.000000000000000, 69.99999999999998579 ) ) ;
#577 = VERTEX_POINT ( 'NONE', #3811 ) ;
#578 = ORIENTED_EDGE ( 'NONE', *, *, #903, .F. ) ;
#579 = VECTOR ( 'NONE', #3400, 1000.000000000000000 ) ;
#580 = LINE ( 'NONE', #3573, #3337 ) ;
#581 = CIRCLE ( 'NONE', #2136, 9.999999999999994671 ) ;
#582 = ORIENTED_EDGE ( 'NONE', *, *, #3491, .T. ) ;
#583 = CIRCLE ( 'NONE', #1656, 7.500000000000007105 ) ;
#584 = VECTOR ( 'NONE', #2112, 1000.000000000000114 ) ;
#585 = CARTESIAN_POINT ( 'NONE',  ( 7.500000000000009770, 19.99999999999998934, 139.9999999999999716 ) ) ;
#586 = ORIENTED_EDGE ( 'NONE', *, *, #2776, .T. ) ;
#587 = ORIENTED_EDGE ( 'NONE', *, *, #2557, .T. ) ;
#588 = DIRECTION ( 'NONE',  ( -1.982541115402069054E-16, 4.409720963005085396E-35, -1.000000000000000000 ) ) ;
#589 = CARTESIAN_POINT ( 'NONE',  ( 124.9999999999999716, 0.0000000000000000000, 125.0000000000000000 ) ) ;
#590 = CARTESIAN_POINT ( 'NONE',  ( 30.00000000000000000, 20.00000000000000000, -129.5000000000000000 ) ) ;
#591 = VERTEX_POINT ( 'NONE', #635 ) ;
#593 = LINE ( 'NONE', #1648, #3623 ) ;
#592 = DIRECTION ( 'NONE',  ( -1.000000000000000000, 1.829633447167874060E-33, 1.982541115402069301E-16 ) ) ;
#594 = DIRECTION ( 'NONE',  ( 0.0000000000000000000, 1.000000000000000000, 0.0000000000000000000 ) ) ;
#595 = EDGE_CURVE ( 'NONE', #566, #753, #593, .T. ) ;
#596 = DIRECTION ( 'NONE',  ( -0.0000000000000000000, 1.000000000000000000, -0.0000000000000000000 ) ) ;
#597 = CIRCLE ( 'NONE', #723, 3.399999999999986144 ) ;
#598 = SURFACE_STYLE_USAGE ( .BOTH. , #3061 ) ;
#599 = AXIS2_PLACEMENT_3D ( 'NONE', #1593, #4139, #1243 ) ;
#600 = ADVANCED_FACE ( 'NONE', ( #1887 ), #4559, .F. ) ;
#601 = DIRECTION ( 'NONE',  ( 0.0000000000000000000, 1.000000000000000000, 0.0000000000000000000 ) ) ;
#602 =( GEOMETRIC_REPRESENTATION_CONTEXT ( 3 ) GLOBAL_UNCERTAINTY_ASSIGNED_CONTEXT ( ( #782 ) ) GLOBAL_UNIT_ASSIGNED_CONTEXT ( ( #2949, #3421, #4137 ) ) REPRESENTATION_CONTEXT ( 'NONE', 'WORKASPACE' ) );
#603 = DIRECTION ( 'NONE',  ( 0.0000000000000000000, 0.0000000000000000000, 1.000000000000000000 ) ) ;
#604 = FACE_OUTER_BOUND ( 'NONE', #3518, .T. ) ;
#605 = SURFACE_SIDE_STYLE ('',( #284 ) ) ;
#606 = ORIENTED_EDGE ( 'NONE', *, *, #2642, .F. ) ;
#607 = ORIENTED_EDGE ( 'NONE', *, *, #381, .F. ) ;
#608 = PRODUCT_DEFINITION_SHAPE ( 'NONE', 'NONE',  #4673 ) ;
#609 = VERTEX_POINT ( 'NONE', #585 ) ;
#610 = AXIS2_PLACEMENT_3D ( 'NONE', #2603, #2931, #4402 ) ;
#611 = CARTESIAN_POINT ( 'NONE',  ( 140.0000000000000000, 0.0000000000000000000, -150.0000000000000000 ) ) ;
#612 = ORIENTED_EDGE ( 'NONE', *, *, #3596, .F. ) ;
#613 = ORIENTED_EDGE ( 'NONE', *, *, #2121, .F. ) ;
#614 = CARTESIAN_POINT ( 'NONE',  ( 149.9999999999999716, 20.00000000000000000, -150.0000000000000000 ) ) ;
#615 = DIRECTION ( 'NONE',  ( 0.0000000000000000000, 1.000000000000000000, 0.0000000000000000000 ) ) ;
#616 = CARTESIAN_POINT ( 'NONE',  ( -90.00000000000000000, 20.00000000000000355, 69.99999999999985789 ) ) ;
#617 = VECTOR ( 'NONE', #1071, 1000.000000000000000 ) ;
#618 = EDGE_LOOP ( 'NONE', ( #2091, #979, #4483, #3090 ) ) ;
#619 = CARTESIAN_POINT ( 'NONE',  ( 115.0000000000000711, 1280.000000000000000, -124.9999999999999432 ) ) ;
#620 = EDGE_CURVE ( 'NONE', #3757, #3708, #1827, .T. ) ;
#621 = DIRECTION ( 'NONE',  ( 0.0000000000000000000, 0.0000000000000000000, -1.000000000000000000 ) ) ;
#622 = CIRCLE ( 'NONE', #1038, 3.400000000000000355 ) ;
#623 = CIRCLE ( 'NONE', #1994, 4.500000000000003553 ) ;
#624 = ORIENTED_EDGE ( 'NONE', *, *, #4142, .T. ) ;
#625 = PRESENTATION_LAYER_ASSIGNMENT (  '', '', ( #4005 ) ) ;
#626 = VECTOR ( 'NONE', #3688, 1000.000000000000000 ) ;
#627 = PLANE ( 'NONE',  #1979 ) ;
#628 =( NAMED_UNIT ( * ) SI_UNIT ( $, .STERADIAN. ) SOLID_ANGLE_UNIT ( ) );
#629 = EDGE_CURVE ( 'NONE', #2311, #134, #2731, .T. ) ;
#630 = ADVANCED_FACE ( 'NONE', ( #1617 ), #1413, .F. ) ;
#631 = ORIENTED_EDGE ( 'NONE', *, *, #1181, .F. ) ;
#632 = ORIENTED_EDGE ( 'NONE', *, *, #2764, .F. ) ;
#633 = CIRCLE ( 'NONE', #660, 7.500000000000007105 ) ;
#634 = VECTOR ( 'NONE', #2938, 1000.000000000000000 ) ;
#635 = CARTESIAN_POINT ( 'NONE',  ( 115.0000000000000711, 1280.000000000000000, 125.0000000000000000 ) ) ;
#636 = CARTESIAN_POINT ( 'NONE',  ( -68.00000000000000000, 1280.000000000000000, -67.99999999999998579 ) ) ;
#637 = DIRECTION ( 'NONE',  ( 1.000000000000000000, -1.449650923982144865E-33, 1.232595164407830672E-32 ) ) ;
#638 = CARTESIAN_POINT ( 'NONE',  ( 7.500000000000009770, 70.00000000000001421, 139.9999999999999716 ) ) ;
#639 = ORIENTED_EDGE ( 'NONE', *, *, #712, .T. ) ;
#640 = CIRCLE ( 'NONE', #4326, 3.400000000000014122 ) ;
#641 = ORIENTED_EDGE ( 'NONE', *, *, #3608, .F. ) ;
#642 = LINE ( 'NONE', #3066, #4200 ) ;
#643 = EDGE_LOOP ( 'NONE', ( #283, #4183 ) ) ;
#644 = PRESENTATION_LAYER_ASSIGNMENT (  '', '', ( #824 ) ) ;
#645 = DIRECTION ( 'NONE',  ( -0.0000000000000000000, 1.000000000000000000, -0.0000000000000000000 ) ) ;
#646 = LINE ( 'NONE', #3879, #4370 ) ;
#647 = LINE ( 'NONE', #4356, #3795 ) ;
#648 = LINE ( 'NONE', #1002, #2730 ) ;
#649 = SURFACE_STYLE_FILL_AREA ( #3011 ) ;
#650 = ORIENTED_EDGE ( 'NONE', *, *, #420, .T. ) ;
#651 = DIRECTION ( 'NONE',  ( 0.0000000000000000000, 0.0000000000000000000, -1.000000000000000000 ) ) ;
#652 = MANIFOLD_SOLID_BREP ( 'Gusset4', #3624 ) ;
#653 = DIRECTION ( 'NONE',  ( -0.0000000000000000000, 1.000000000000000000, -0.0000000000000000000 ) ) ;
#654 = DIRECTION ( 'NONE',  ( 0.0000000000000000000, 0.0000000000000000000, 1.000000000000000000 ) ) ;
#655 = ORIENTED_EDGE ( 'NONE', *, *, #4211, .T. ) ;
#656 = ORIENTED_EDGE ( 'NONE', *, *, #2353, .F. ) ;
#657 = DIRECTION ( 'NONE',  ( 1.000000000000000000, 0.0000000000000000000, 0.0000000000000000000 ) ) ;
#658 = DIRECTION ( 'NONE',  ( 0.7071067811865441310, -0.0000000000000000000, 0.7071067811865510144 ) ) ;
#659 = CARTESIAN_POINT ( 'NONE',  ( 90.00000000000000000, 1300.000000000000000, -84.90000000000000568 ) ) ;
#660 = AXIS2_PLACEMENT_3D ( 'NONE', #2217, #2510, #3255 ) ;
#661 = EDGE_CURVE ( 'NONE', #554, #4585, #1937, .T. ) ;
#662 = EDGE_CURVE ( 'NONE', #1169, #699, #646, .T. ) ;
#663 = DIRECTION ( 'NONE',  ( -0.0000000000000000000, 1.000000000000000000, -0.0000000000000000000 ) ) ;
#664 = CARTESIAN_POINT ( 'NONE',  ( -70.00000000000000000, 1299.500000000000000, 98.00000000000000000 ) ) ;
#665 = DIRECTION ( 'NONE',  ( 0.1961161351381840723, -0.9805806756909201116, 1.540743955509788682E-33 ) ) ;
#666 = AXIS2_PLACEMENT_3D ( 'NONE', #3802, #1671, #4179 ) ;
#667 = DIRECTION ( 'NONE',  ( -0.7071067811865465735, 0.0000000000000000000, 0.7071067811865484609 ) ) ;
#668 = CARTESIAN_POINT ( 'NONE',  ( 124.9999999999999716, 0.0000000000000000000, 117.5000000000000000 ) ) ;
#669 = DIRECTION ( 'NONE',  ( 0.0000000000000000000, 0.0000000000000000000, 1.000000000000000000 ) ) ;
#670 = CARTESIAN_POINT ( 'NONE',  ( -69.99999999999998579, 1280.000000000000000, -69.99999999999997158 ) ) ;
#671 = DIRECTION ( 'NONE',  ( 0.0000000000000000000, 0.0000000000000000000, 1.000000000000000000 ) ) ;
#672 = VECTOR ( 'NONE', #2561, 1000.000000000000114 ) ;
#673 = VERTEX_POINT ( 'NONE', #3188 ) ;
#674 = CARTESIAN_POINT ( 'NONE',  ( 124.9999999999999716, 20.00000000000000000, 125.0000000000000000 ) ) ;
#675 = PRESENTATION_STYLE_ASSIGNMENT (( #1454 ) ) ;
#676 = ORIENTED_EDGE ( 'NONE', *, *, #1051, .F. ) ;
#677 = VERTEX_POINT ( 'NONE', #2835 ) ;
#678 = EDGE_CURVE ( 'NONE', #1477, #1389, #873, .T. ) ;
#679 = LINE ( 'NONE', #4054, #3439 ) ;
#680 = DIRECTION ( 'NONE',  ( 0.0000000000000000000, 0.0000000000000000000, 1.000000000000000000 ) ) ;
#681 = ORIENTED_EDGE ( 'NONE', *, *, #3121, .T. ) ;
#682 = COLOUR_RGB ( '',1.000000000000000000, 1.000000000000000000, 1.000000000000000000 ) ;
#683 = LINE ( 'NONE', #3257, #2877 ) ;
#684 = CARTESIAN_POINT ( 'NONE',  ( -68.00000000000000000, 1280.000000000000000, -67.99999999999998579 ) ) ;
#685 = EDGE_CURVE ( 'NONE', #518, #961, #3406, .T. ) ;
#686 = ORIENTED_EDGE ( 'NONE', *, *, #3966, .F. ) ;
#687 = VECTOR ( 'NONE', #1223, 1000.000000000000000 ) ;
#688 = ORIENTED_EDGE ( 'NONE', *, *, #4125, .F. ) ;
#689 = ORIENTED_EDGE ( 'NONE', *, *, #2794, .T. ) ;
#690 = DIRECTION ( 'NONE',  ( 0.0000000000000000000, 0.0000000000000000000, 1.000000000000000000 ) ) ;
#691 = FACE_OUTER_BOUND ( 'NONE', #3303, .T. ) ;
#692 = CYLINDRICAL_SURFACE ( 'NONE', #956, 3.400000000000000355 ) ;
#693 = VERTEX_POINT ( 'NONE', #1786 ) ;
#694 = DIRECTION ( 'NONE',  ( 0.0000000000000000000, 1.000000000000000000, 0.0000000000000000000 ) ) ;
#695 = VECTOR ( 'NONE', #117, 1000.000000000000000 ) ;
#696 = DIRECTION ( 'NONE',  ( 0.7071067811865561215, 0.0000000000000000000, -0.7071067811865390240 ) ) ;
#697 = DIRECTION ( 'NONE',  ( 7.401486830834376525E-17, 1.000000000000000000, 0.0000000000000000000 ) ) ;
#698 = ORIENTED_EDGE ( 'NONE', *, *, #3976, .F. ) ;
#699 = VERTEX_POINT ( 'NONE', #4307 ) ;
#700 = CARTESIAN_POINT ( 'NONE',  ( -69.99999999999985789, 20.00000000000000355, -89.99999999999997158 ) ) ;
#701 = CARTESIAN_POINT ( 'NONE',  ( 7.500000000000016875, 4.163336342344337027E-14, 0.0000000000000000000 ) ) ;
#702 = LINE ( 'NONE', #2286, #1284 ) ;
#703 = FILL_AREA_STYLE_COLOUR ( '', #3964 ) ;
#704 = CARTESIAN_POINT ( 'NONE',  ( 90.00000000000000000, 1300.000000000000000, -90.00000000000000000 ) ) ;
#705 = AXIS2_PLACEMENT_3D ( 'NONE', #43, #1141, #2997 ) ;
#706 = PRESENTATION_LAYER_ASSIGNMENT (  '', '', ( #4360 ) ) ;
#707 = CARTESIAN_POINT ( 'NONE',  ( 295.0000000000000568, 20.00000000000000000, 5.000000000000836664 ) ) ;
#708 = ADVANCED_FACE ( 'NONE', ( #4311 ), #4594, .F. ) ;
#709 =( NAMED_UNIT ( * ) SI_UNIT ( $, .STERADIAN. ) SOLID_ANGLE_UNIT ( ) );
#710 = CARTESIAN_POINT ( 'NONE',  ( 62.49999999999997868, 1300.000000000000000, 0.0000000000000000000 ) ) ;
#711 = CARTESIAN_POINT ( 'NONE',  ( -90.00000000000000000, 20.00000000000000355, -69.99999999999982947 ) ) ;
#712 = EDGE_CURVE ( 'NONE', #1088, #1247, #366, .T. ) ;
#713 = EDGE_CURVE ( 'NONE', #3216, #3253, #2950, .T. ) ;
#714 = CARTESIAN_POINT ( 'NONE',  ( 0.0000000000000000000, 0.0000000000000000000, -142.5000000000000568 ) ) ;
#715 = PLANE ( 'NONE',  #486 ) ;
#716 = ORIENTED_EDGE ( 'NONE', *, *, #4251, .T. ) ;
#717 = CARTESIAN_POINT ( 'NONE',  ( -7.499999999999994671, 220.0000000000000284, 109.9999999999999858 ) ) ;
#718 = AXIS2_PLACEMENT_3D ( 'NONE', #3370, #3301, #105 ) ;
#719 = ORIENTED_EDGE ( 'NONE', *, *, #1288, .T. ) ;
#720 = LINE ( 'NONE', #1764, #1476 ) ;
#721 = DIRECTION ( 'NONE',  ( 1.000000000000000000, 0.0000000000000000000, -1.982541115402069054E-16 ) ) ;
#722 = ORIENTED_EDGE ( 'NONE', *, *, #356, .T. ) ;
#723 = AXIS2_PLACEMENT_3D ( 'NONE', #2743, #4574, #969 ) ;
#724 = ADVANCED_FACE ( 'NONE', ( #1777 ), #1397, .F. ) ;
#725 = UNCERTAINTY_MEASURE_WITH_UNIT (LENGTH_MEASURE( 1.000000000000000082E-05 ), #531, 'distance_accuracy_value', 'NONE');
#726 = EDGE_LOOP ( 'NONE', ( #2424, #4436 ) ) ;
#727 = ORIENTED_EDGE ( 'NONE', *, *, #4151, .F. ) ;
#728 = CARTESIAN_POINT ( 'NONE',  ( 7.500000000000000000, 20.00000000000003197, -89.99999999999998579 ) ) ;
#729 = DIRECTION ( 'NONE',  ( 0.0000000000000000000, 0.0000000000000000000, 1.000000000000000000 ) ) ;
#730 = DIRECTION ( 'NONE',  ( 0.0000000000000000000, 0.0000000000000000000, 1.000000000000000000 ) ) ;
#731 = DIRECTION ( 'NONE',  ( 0.0000000000000000000, -1.000000000000000000, 0.0000000000000000000 ) ) ;
#732 = ORIENTED_EDGE ( 'NONE', *, *, #4606, .F. ) ;
#733 = VECTOR ( 'NONE', #4003, 1000.000000000000000 ) ;
#734 =( NAMED_UNIT ( * ) SI_UNIT ( $, .STERADIAN. ) SOLID_ANGLE_UNIT ( ) );
#735 = CYLINDRICAL_SURFACE ( 'NONE', #3126, 2.499999999999946709 ) ;
#736 = PRESENTATION_STYLE_ASSIGNMENT (( #433 ) ) ;
#737 = ORIENTED_EDGE ( 'NONE', *, *, #2795, .F. ) ;
#738 = EDGE_CURVE ( 'NONE', #2858, #1757, #2379, .T. ) ;
#739 = CARTESIAN_POINT ( 'NONE',  ( 30.00000000000001421, 20.00000000000000000, 121.5999999999999943 ) ) ;
#740 = VECTOR ( 'NONE', #2269, 1000.000000000000000 ) ;
#741 = VERTEX_POINT ( 'NONE', #2506 ) ;
#742 = FACE_OUTER_BOUND ( 'NONE', #984, .T. ) ;
#743 = EDGE_CURVE ( 'NONE', #4640, #1072, #2050, .T. ) ;
#744 = CARTESIAN_POINT ( 'NONE',  ( -62.50000000000002842, 1300.000000000000000, 7.654042494670957804E-15 ) ) ;
#745 = DIRECTION ( 'NONE',  ( 0.0000000000000000000, 0.0000000000000000000, 1.000000000000000000 ) ) ;
#746 = EDGE_CURVE ( 'NONE', #3676, #4403, #4197, .T. ) ;
#747 = EDGE_LOOP ( 'NONE', ( #4562, #2076, #1946, #3342 ) ) ;
#748 = CLOSED_SHELL ( 'NONE', ( #510, #3830, #1122, #4176, #3125, #439, #1864 ) ) ;
#749 = ORIENTED_EDGE ( 'NONE', *, *, #3644, .F. ) ;
#750 = LINE ( 'NONE', #717, #2782 ) ;
#751 = CARTESIAN_POINT ( 'NONE',  ( -140.0000000000000000, 19.99999999999998934, 7.500000000000013323 ) ) ;
#752 = CIRCLE ( 'NONE', #3836, 20.00000000000000355 ) ;
#753 = VERTEX_POINT ( 'NONE', #320 ) ;
#754 = AXIS2_PLACEMENT_3D ( 'NONE', #3889, #2064, #1022 ) ;
#755 = AXIS2_PLACEMENT_3D ( 'NONE', #308, #1414, #3558 ) ;
#756 = DIRECTION ( 'NONE',  ( 0.0000000000000000000, 1.000000000000000000, 0.0000000000000000000 ) ) ;
#757 = ORIENTED_EDGE ( 'NONE', *, *, #3034, .T. ) ;
#758 = DIRECTION ( 'NONE',  ( 1.000000000000000000, 0.0000000000000000000, 0.0000000000000000000 ) ) ;
#759 = DIRECTION ( 'NONE',  ( 0.0000000000000000000, 0.0000000000000000000, 1.000000000000000000 ) ) ;
#760 = ORIENTED_EDGE ( 'NONE', *, *, #3694, .F. ) ;
#761 = EDGE_LOOP ( 'NONE', ( #2704, #1320 ) ) ;
#762 = FACE_OUTER_BOUND ( 'NONE', #1438, .T. ) ;
#763 = CARTESIAN_POINT ( 'NONE',  ( 149.9999999999999716, 0.0000000000000000000, 7.500000000000436984 ) ) ;
#764 = CARTESIAN_POINT ( 'NONE',  ( -7.500000000000000000, 20.00000000000000000, -150.0000000000000284 ) ) ;
#765 = EDGE_CURVE ( 'NONE', #134, #2595, #934, .T. ) ;
#766 = DIRECTION ( 'NONE',  ( -0.7071067811865536790, 0.0000000000000000000, 0.7071067811865414665 ) ) ;
#767 = DIRECTION ( 'NONE',  ( -0.7071067811865390240, -0.0000000000000000000, -0.7071067811865561215 ) ) ;
#768 = CARTESIAN_POINT ( 'NONE',  ( 30.00000000000000000, 20.00000000000000000, -125.0000000000000000 ) ) ;
#769 = EDGE_CURVE ( 'NONE', #1389, #1372, #818, .T. ) ;
#770 = CARTESIAN_POINT ( 'NONE',  ( 124.9999999999999716, 20.00000000000000000, -33.39999999999999858 ) ) ;
#771 = EDGE_CURVE ( 'NONE', #4528, #4293, #2616, .T. ) ;
#772 = EDGE_CURVE ( 'NONE', #393, #1156, #3348, .T. ) ;
#773 = DIRECTION ( 'NONE',  ( -0.0000000000000000000, 1.000000000000000000, 0.0000000000000000000 ) ) ;
#774 = CARTESIAN_POINT ( 'NONE',  ( 30.00000000000001421, 0.0000000000000000000, 128.3999999999999773 ) ) ;
#775 = AXIS2_PLACEMENT_3D ( 'NONE', #3874, #3897, #1082 ) ;
#776 = CARTESIAN_POINT ( 'NONE',  ( -7.500000000000007105, 20.00000000000001776, -139.9999999999999716 ) ) ;
#777 = VECTOR ( 'NONE', #3346, 1000.000000000000114 ) ;
#778 = EDGE_CURVE ( 'NONE', #4567, #2022, #3112, .T. ) ;
#779 = ORIENTED_EDGE ( 'NONE', *, *, #3935, .F. ) ;
#780 = VECTOR ( 'NONE', #257, 1000.000000000000000 ) ;
#781 = ORIENTED_EDGE ( 'NONE', *, *, #1956, .T. ) ;
#782 = UNCERTAINTY_MEASURE_WITH_UNIT (LENGTH_MEASURE( 1.000000000000000082E-05 ), #2949, 'distance_accuracy_value', 'NONE');
#783 = COLOUR_RGB ( '',1.000000000000000000, 1.000000000000000000, 1.000000000000000000 ) ;
#784 = AXIS2_PLACEMENT_3D ( 'NONE', #2352, #1627, #1290 ) ;
#785 = VERTEX_POINT ( 'NONE', #429 ) ;
#786 = ORIENTED_EDGE ( 'NONE', *, *, #2707, .T. ) ;
#787 = VECTOR ( 'NONE', #94, 1000.000000000000000 ) ;
#788 = AXIS2_PLACEMENT_3D ( 'NONE', #803, #3309, #329 ) ;
#789 =( LENGTH_UNIT ( ) NAMED_UNIT ( * ) SI_UNIT ( .MILLI., .METRE. ) );
#790 = CARTESIAN_POINT ( 'NONE',  ( -124.9999999999999716, 0.0000000000000000000, 30.00000000000000000 ) ) ;
#791 = ORIENTED_EDGE ( 'NONE', *, *, #2275, .T. ) ;
#792 = CARTESIAN_POINT ( 'NONE',  ( 7.500000000000009770, 19.99999999999998934, 139.9999999999999716 ) ) ;
#793 = DIRECTION ( 'NONE',  ( 0.0000000000000000000, 0.0000000000000000000, 1.000000000000000000 ) ) ;
#794 = EDGE_CURVE ( 'NONE', #3890, #1838, #4087, .T. ) ;
#795 = CARTESIAN_POINT ( 'NONE',  ( 90.00000000000000000, 1215.000000000000000, 47.49999999999994316 ) ) ;
#796 = LINE ( 'NONE', #3804, #4525 ) ;
#797 = PRESENTATION_STYLE_ASSIGNMENT (( #2160 ) ) ;
#798 = ORIENTED_EDGE ( 'NONE', *, *, #4338, .T. ) ;
#799 = ORIENTED_EDGE ( 'NONE', *, *, #1001, .F. ) ;
#800 = LINE ( 'NONE', #710, #4410 ) ;
#801 = SURFACE_STYLE_FILL_AREA ( #4109 ) ;
#802 = CIRCLE ( 'NONE', #4423, 4.499999999999997335 ) ;
#803 = CARTESIAN_POINT ( 'NONE',  ( -150.0000000000000284, 20.00000000000000000, -150.0000000000000000 ) ) ;
#804 = VERTEX_POINT ( 'NONE', #1799 ) ;
#805 = EDGE_CURVE ( 'NONE', #1850, #3602, #1618, .T. ) ;
#806 = ORIENTED_EDGE ( 'NONE', *, *, #995, .T. ) ;
#807 = AXIS2_PLACEMENT_3D ( 'NONE', #4166, #615, #2061 ) ;
#808 = EDGE_CURVE ( 'NONE', #4536, #2674, #647, .T. ) ;
#809 = CARTESIAN_POINT ( 'NONE',  ( 0.0000000000000000000, 1280.000000000000000, 0.0000000000000000000 ) ) ;
#810 = VERTEX_POINT ( 'NONE', #2909 ) ;
#811 = CARTESIAN_POINT ( 'NONE',  ( 124.9999999999999716, 20.00000000000000000, -117.5000000000000000 ) ) ;
#812 = CARTESIAN_POINT ( 'NONE',  ( 30.00000000000001421, 20.00000000000000000, 128.4000000000000057 ) ) ;
#813 = DIRECTION ( 'NONE',  ( 0.7071067811865516806, 0.0000000000000000000, -0.7071067811865434649 ) ) ;
#814 = FACE_OUTER_BOUND ( 'NONE', #4147, .T. ) ;
#815 = ORIENTED_EDGE ( 'NONE', *, *, #111, .T. ) ;
#816 = SURFACE_SIDE_STYLE ('',( #1637 ) ) ;
#817 = DIRECTION ( 'NONE',  ( 0.0000000000000000000, 0.0000000000000000000, 1.000000000000000000 ) ) ;
#818 = LINE ( 'NONE', #1086, #4545 ) ;
#819 = DIRECTION ( 'NONE',  ( 0.7071067811865475727, 0.0000000000000000000, 0.7071067811865475727 ) ) ;
#820 = MECHANICAL_DESIGN_GEOMETRIC_PRESENTATION_REPRESENTATION (  '', ( #159 ), #1846 ) ;
#821 = VERTEX_POINT ( 'NONE', #64 ) ;
#822 = CARTESIAN_POINT ( 'NONE',  ( -124.9999999999999716, 20.00000000000000000, 30.00000000000000000 ) ) ;
#823 = SURFACE_STYLE_USAGE ( .BOTH. , #4650 ) ;
#824 = STYLED_ITEM ( 'NONE', ( #1894 ), #375 ) ;
#825 = ORIENTED_EDGE ( 'NONE', *, *, #324, .T. ) ;
#826 = DIRECTION ( 'NONE',  ( -1.982541115402069054E-16, 4.409720963005064014E-35, -1.000000000000000000 ) ) ;
#827 = ADVANCED_FACE ( 'NONE', ( #3738 ), #1847, .F. ) ;
#828 = PLANE ( 'NONE',  #331 ) ;
#829 = DIRECTION ( 'NONE',  ( 0.0000000000000000000, 0.0000000000000000000, 1.000000000000000000 ) ) ;
#830 = CARTESIAN_POINT ( 'NONE',  ( -69.99999999999985789, 1280.000000000000000, -89.99999999999997158 ) ) ;
#831 = CIRCLE ( 'NONE', #163, 2.499999999999946709 ) ;
#832 = CARTESIAN_POINT ( 'NONE',  ( -149.9999999999999716, 0.0000000000000000000, 150.0000000000000000 ) ) ;
#833 = PLANE ( 'NONE',  #599 ) ;
#834 = DIRECTION ( 'NONE',  ( 0.0000000000000000000, 0.0000000000000000000, 1.000000000000000000 ) ) ;
#835 = ORIENTED_EDGE ( 'NONE', *, *, #936, .T. ) ;
#836 = DIRECTION ( 'NONE',  ( 1.000000000000000000, -0.0000000000000000000, -0.0000000000000000000 ) ) ;
#837 = EDGE_LOOP ( 'NONE', ( #4127, #3937, #4335, #2936, #2937 ) ) ;
#838 = CARTESIAN_POINT ( 'NONE',  ( 125.0000000000000568, 1300.000000000000000, 115.0000000000000142 ) ) ;
#839 = EDGE_CURVE ( 'NONE', #2013, #3818, #2726, .T. ) ;
#840 = LINE ( 'NONE', #714, #3372 ) ;
#841 = VERTEX_POINT ( 'NONE', #2924 ) ;
#842 = DIRECTION ( 'NONE',  ( -0.0000000000000000000, -1.000000000000000000, -0.0000000000000000000 ) ) ;
#843 = EDGE_LOOP ( 'NONE', ( #4455, #2109, #2712, #2216 ) ) ;
#844 = VERTEX_POINT ( 'NONE', #1153 ) ;
#845 = ADVANCED_FACE ( 'NONE', ( #1234 ), #3062, .F. ) ;
#846 = EDGE_CURVE ( 'NONE', #1213, #4258, #3841, .T. ) ;
#847 = ORIENTED_EDGE ( 'NONE', *, *, #1165, .T. ) ;
#848 = CARTESIAN_POINT ( 'NONE',  ( -110.0000000000000000, 220.0000000000000568, 7.500000000000013323 ) ) ;
#849 = CIRCLE ( 'NONE', #1621, 5.099999999999993427 ) ;
#850 = ORIENTED_EDGE ( 'NONE', *, *, #3525, .F. ) ;
#851 = VECTOR ( 'NONE', #12, 1000.000000000000000 ) ;
#852 = DIRECTION ( 'NONE',  ( 0.7071067811865480168, 0.0000000000000000000, -0.7071067811865470176 ) ) ;
#853 = SURFACE_STYLE_FILL_AREA ( #3197 ) ;
#854 = AXIS2_PLACEMENT_3D ( 'NONE', #103, #836, #2972 ) ;
#855 =( NAMED_UNIT ( * ) PLANE_ANGLE_UNIT ( ) SI_UNIT ( $, .RADIAN. ) );
#856 = DIRECTION ( 'NONE',  ( 1.000000000000000000, -0.0000000000000000000, -0.0000000000000000000 ) ) ;
#857 = ORIENTED_EDGE ( 'NONE', *, *, #1302, .T. ) ;
#858 = FACE_OUTER_BOUND ( 'NONE', #843, .T. ) ;
#859 = FACE_OUTER_BOUND ( 'NONE', #3274, .T. ) ;
#860 = LINE ( 'NONE', #1475, #3054 ) ;
#861 = DIRECTION ( 'NONE',  ( 0.0000000000000000000, 0.0000000000000000000, 1.000000000000000000 ) ) ;
#862 = ORIENTED_EDGE ( 'NONE', *, *, #92, .F. ) ;
#863 = AXIS2_PLACEMENT_3D ( 'NONE', #1019, #3882, #1742 ) ;
#864 = ORIENTED_EDGE ( 'NONE', *, *, #565, .F. ) ;
#865 = CIRCLE ( 'NONE', #2396, 3.400000000000000355 ) ;
#866 = LINE ( 'NONE', #390, #1665 ) ;
#867 = FACE_OUTER_BOUND ( 'NONE', #894, .T. ) ;
#868 = ORIENTED_EDGE ( 'NONE', *, *, #3848, .F. ) ;
#869 = ORIENTED_EDGE ( 'NONE', *, *, #897, .F. ) ;
#870 = AXIS2_PLACEMENT_3D ( 'NONE', #1598, #112, #3704 ) ;
#871 = CYLINDRICAL_SURFACE ( 'NONE', #2729, 3.000000000000002665 ) ;
#872 = EDGE_LOOP ( 'NONE', ( #869, #2183, #928, #4447 ) ) ;
#873 = LINE ( 'NONE', #2440, #4480 ) ;
#874 = EDGE_CURVE ( 'NONE', #3532, #1959, #1773, .T. ) ;
#875 = CIRCLE ( 'NONE', #1652, 4.499999999999990230 ) ;
#876 = ADVANCED_FACE ( 'NONE', ( #814 ), #2991, .F. ) ;
#877 = ORIENTED_EDGE ( 'NONE', *, *, #2243, .F. ) ;
#878 = MECHANICAL_DESIGN_GEOMETRIC_PRESENTATION_REPRESENTATION (  '', ( #4005 ), #3185 ) ;
#879 = CARTESIAN_POINT ( 'NONE',  ( -70.00000000000000000, 1300.000000000000000, 92.00000000000000000 ) ) ;
#880 = DIRECTION ( 'NONE',  ( 0.0000000000000000000, 0.0000000000000000000, 1.000000000000000000 ) ) ;
#881 = SURFACE_STYLE_USAGE ( .BOTH. , #158 ) ;
#882 = FILL_AREA_STYLE_COLOUR ( '', #1053 ) ;
#883 = ORIENTED_EDGE ( 'NONE', *, *, #926, .T. ) ;
#884 = AXIS2_PLACEMENT_3D ( 'NONE', #3245, #4659, #3542 ) ;
#885 = AXIS2_PLACEMENT_3D ( 'NONE', #3074, #2378, #3819 ) ;
#886 = DIRECTION ( 'NONE',  ( -0.0000000000000000000, 1.000000000000000000, -0.0000000000000000000 ) ) ;
#887 = DIRECTION ( 'NONE',  ( 0.0000000000000000000, 0.0000000000000000000, 1.000000000000000000 ) ) ;
#888 = AXIS2_PLACEMENT_3D ( 'NONE', #1336, #4163, #269 ) ;
#889 = CARTESIAN_POINT ( 'NONE',  ( -2.140462239949360482E-14, 1300.000000000000000, 0.0000000000000000000 ) ) ;
#890 = DIRECTION ( 'NONE',  ( -0.0000000000000000000, 1.000000000000000000, -0.0000000000000000000 ) ) ;
#891 = FACE_OUTER_BOUND ( 'NONE', #3516, .T. ) ;
#892 = CARTESIAN_POINT ( 'NONE',  ( -69.99999999999985789, 1280.000000000000000, 90.00000000000000000 ) ) ;
#893 = CARTESIAN_POINT ( 'NONE',  ( -69.99999999999985789, 1280.000000000000000, -89.99999999999997158 ) ) ;
#894 = EDGE_LOOP ( 'NONE', ( #1570, #2886, #965, #1673 ) ) ;
#895 = ADVANCED_FACE ( 'NONE', ( #472 ), #3025, .F. ) ;
#896 = EDGE_CURVE ( 'NONE', #3683, #4017, #1932, .T. ) ;
#897 = EDGE_CURVE ( 'NONE', #3267, #2779, #359, .T. ) ;
#898 = ORIENTED_EDGE ( 'NONE', *, *, #4032, .F. ) ;
#899 = FILL_AREA_STYLE ('',( #4174 ) ) ;
#900 = ORIENTED_EDGE ( 'NONE', *, *, #3237, .F. ) ;
#901 = EDGE_CURVE ( 'NONE', #4470, #2203, #3958, .T. ) ;
#902 = EDGE_LOOP ( 'NONE', ( #335, #1481, #561, #2037, #606, #3070, #3317, #187 ) ) ;
#903 = EDGE_CURVE ( 'NONE', #2259, #2363, #2947, .T. ) ;
#904 = SURFACE_STYLE_FILL_AREA ( #1701 ) ;
#905 = DIRECTION ( 'NONE',  ( 0.0000000000000000000, 0.0000000000000000000, 1.000000000000000000 ) ) ;
#906 = ORIENTED_EDGE ( 'NONE', *, *, #778, .F. ) ;
#907 = ORIENTED_EDGE ( 'NONE', *, *, #3639, .F. ) ;
#908 = CARTESIAN_POINT ( 'NONE',  ( -150.0000000000000284, 0.0000000000000000000, -150.0000000000000000 ) ) ;
#909 = VECTOR ( 'NONE', #1690, 1000.000000000000114 ) ;
#910 = EDGE_LOOP ( 'NONE', ( #4080, #179, #847, #4614 ) ) ;
#911 = VERTEX_POINT ( 'NONE', #1173 ) ;
#912 = CARTESIAN_POINT ( 'NONE',  ( -67.99999999999991473, 20.00000000000000355, 78.00000000000000000 ) ) ;
#913 = DIRECTION ( 'NONE',  ( 0.7071067811865455743, -0.0000000000000000000, 0.7071067811865493491 ) ) ;
#914 = CYLINDRICAL_SURFACE ( 'NONE', #870, 5.099999999999993427 ) ;
#915 = FACE_OUTER_BOUND ( 'NONE', #3707, .T. ) ;
#916 = ORIENTED_EDGE ( 'NONE', *, *, #3803, .F. ) ;
#917 = CARTESIAN_POINT ( 'NONE',  ( 90.00000000000000000, 1280.000000000000000, -69.99999999999985789 ) ) ;
#918 = FACE_OUTER_BOUND ( 'NONE', #2410, .T. ) ;
#919 = VECTOR ( 'NONE', #434, 1000.000000000000000 ) ;
#920 = ADVANCED_FACE ( 'NONE', ( #1395, #4191, #1666, #2104, #4541, #4140, #1989, #2612 ), #1531, .T. ) ;
#921 = ORIENTED_EDGE ( 'NONE', *, *, #279, .T. ) ;
#922 = ORIENTED_EDGE ( 'NONE', *, *, #3180, .F. ) ;
#923 = ORIENTED_EDGE ( 'NONE', *, *, #558, .T. ) ;
#924 = DIRECTION ( 'NONE',  ( -0.0000000000000000000, 1.000000000000000000, -0.0000000000000000000 ) ) ;
#925 = CARTESIAN_POINT ( 'NONE',  ( -90.00000000000000000, 1280.000000000000000, -84.90000000000000568 ) ) ;
#926 = EDGE_CURVE ( 'NONE', #2872, #218, #82, .T. ) ;
#927 = AXIS2_PLACEMENT_3D ( 'NONE', #1951, #1584, #2619 ) ;
#928 = ORIENTED_EDGE ( 'NONE', *, *, #3326, .T. ) ;
#929 = MECHANICAL_DESIGN_GEOMETRIC_PRESENTATION_REPRESENTATION (  '', ( #2122 ), #4552 ) ;
#930 = VECTOR ( 'NONE', #75, 1000.000000000000000 ) ;
#931 = CYLINDRICAL_SURFACE ( 'NONE', #3174, 4.500000000000003553 ) ;
#932 = CARTESIAN_POINT ( 'NONE',  ( 70.00000000000000000, 1300.000000000000000, -92.00000000000000000 ) ) ;
#933 =( NAMED_UNIT ( * ) PLANE_ANGLE_UNIT ( ) SI_UNIT ( $, .RADIAN. ) );
#934 = LINE ( 'NONE', #1775, #2153 ) ;
#935 = LINE ( 'NONE', #4405, #2683 ) ;
#936 = EDGE_CURVE ( 'NONE', #246, #2315, #4082, .T. ) ;
#937 = VERTEX_POINT ( 'NONE', #1895 ) ;
#938 = EDGE_CURVE ( 'NONE', #1580, #225, #1170, .T. ) ;
#939 = CARTESIAN_POINT ( 'NONE',  ( 68.00000000000000000, 1280.000000000000000, 67.99999999999995737 ) ) ;
#940 = DIRECTION ( 'NONE',  ( -0.7071067811865490160, -0.0000000000000000000, 0.7071067811865460184 ) ) ;
#941 = UNCERTAINTY_MEASURE_WITH_UNIT (LENGTH_MEASURE( 1.000000000000000082E-05 ), #4195, 'distance_accuracy_value', 'NONE');
#942 = LINE ( 'NONE', #3634, #3690 ) ;
#943 = AXIS2_PLACEMENT_3D ( 'NONE', #2458, #4639, #3499 ) ;
#944 = ADVANCED_FACE ( 'NONE', ( #4646 ), #3368, .F. ) ;
#945 = DIRECTION ( 'NONE',  ( -1.000000000000000000, 0.0000000000000000000, 3.061276722312015942E-16 ) ) ;
#946 =( NAMED_UNIT ( * ) SI_UNIT ( $, .STERADIAN. ) SOLID_ANGLE_UNIT ( ) );
#947 = SURFACE_STYLE_USAGE ( .BOTH. , #605 ) ;
#948 = AXIS2_PLACEMENT_3D ( 'NONE', #1573, #2290, #104 ) ;
#949 = CARTESIAN_POINT ( 'NONE',  ( -124.9999999999999716, 0.0000000000000000000, -25.50000000000000355 ) ) ;
#950 = CARTESIAN_POINT ( 'NONE',  ( -7.500000000000005329, 220.0000000000000284, -109.9999999999999858 ) ) ;
#951 = LINE ( 'NONE', #3304, #4394 ) ;
#952 = ORIENTED_EDGE ( 'NONE', *, *, #3297, .F. ) ;
#953 = VERTEX_POINT ( 'NONE', #3313 ) ;
#954 = DIRECTION ( 'NONE',  ( -1.232595164407830946E-32, 3.081487911019577365E-33, -1.000000000000000000 ) ) ;
#955 = EDGE_CURVE ( 'NONE', #3788, #2208, #3462, .T. ) ;
#956 = AXIS2_PLACEMENT_3D ( 'NONE', #1616, #3020, #861 ) ;
#957 = EDGE_CURVE ( 'NONE', #4289, #4403, #2148, .T. ) ;
#958 = CARTESIAN_POINT ( 'NONE',  ( 125.0000000000000568, 1280.000000000000000, -114.9999999999999858 ) ) ;
#959 = VECTOR ( 'NONE', #4501, 1000.000000000000000 ) ;
#960 = ORIENTED_EDGE ( 'NONE', *, *, #1970, .F. ) ;
#961 = VERTEX_POINT ( 'NONE', #3387 ) ;
#962 = DIRECTION ( 'NONE',  ( -0.0000000000000000000, 1.000000000000000000, -0.0000000000000000000 ) ) ;
#963 =( NAMED_UNIT ( * ) SI_UNIT ( $, .STERADIAN. ) SOLID_ANGLE_UNIT ( ) );
#964 = CIRCLE ( 'NONE', #3446, 7.500000000000007105 ) ;
#965 = ORIENTED_EDGE ( 'NONE', *, *, #1692, .T. ) ;
#966 = FACE_OUTER_BOUND ( 'NONE', #1934, .T. ) ;
#967 = LINE ( 'NONE', #70, #3445 ) ;
#968 = AXIS2_PLACEMENT_3D ( 'NONE', #2048, #1681, #2361 ) ;
#969 = DIRECTION ( 'NONE',  ( 0.0000000000000000000, 0.0000000000000000000, 1.000000000000000000 ) ) ;
#970 = VECTOR ( 'NONE', #2868, 1000.000000000000000 ) ;
#971 = CARTESIAN_POINT ( 'NONE',  ( 90.00000000000000000, 1300.000000000000000, 90.00000000000000000 ) ) ;
#972 = EDGE_LOOP ( 'NONE', ( #1855, #174 ) ) ;
#973 = EDGE_LOOP ( 'NONE', ( #1774, #1901 ) ) ;
#974 = LINE ( 'NONE', #2426, #3503 ) ;
#975 = MECHANICAL_DESIGN_GEOMETRIC_PRESENTATION_REPRESENTATION (  '', ( #193 ), #4045 ) ;
#976 = VERTEX_POINT ( 'NONE', #199 ) ;
#977 = LINE ( 'NONE', #4055, #3726 ) ;
#978 = DIRECTION ( 'NONE',  ( 0.0000000000000000000, 0.0000000000000000000, -1.000000000000000000 ) ) ;
#979 = ORIENTED_EDGE ( 'NONE', *, *, #2243, .T. ) ;
#980 = CYLINDRICAL_SURFACE ( 'NONE', #1787, 20.00000000000000355 ) ;
#981 = DIRECTION ( 'NONE',  ( 1.850371707708594316E-16, 0.0000000000000000000, 1.000000000000000000 ) ) ;
#982 = CYLINDRICAL_SURFACE ( 'NONE', #2408, 2.499999999999946709 ) ;
#983 = CIRCLE ( 'NONE', #239, 7.500000000000007105 ) ;
#984 = EDGE_LOOP ( 'NONE', ( #641, #4112, #4517, #2538, #3436, #2044, #4119, #2547 ) ) ;
#985 = FACE_OUTER_BOUND ( 'NONE', #1857, .T. ) ;
#986 = ORIENTED_EDGE ( 'NONE', *, *, #2242, .F. ) ;
#987 = LINE ( 'NONE', #2318, #1451 ) ;
#988 = CARTESIAN_POINT ( 'NONE',  ( 124.9999999999999716, 0.0000000000000000000, -117.5000000000000000 ) ) ;
#989 = DIRECTION ( 'NONE',  ( 1.000000000000000000, 0.0000000000000000000, 0.0000000000000000000 ) ) ;
#990 = COLOUR_RGB ( '',1.000000000000000000, 1.000000000000000000, 1.000000000000000000 ) ;
#991 = ORIENTED_EDGE ( 'NONE', *, *, #237, .F. ) ;
#992 = ORIENTED_EDGE ( 'NONE', *, *, #3340, .F. ) ;
#993 = DIRECTION ( 'NONE',  ( 0.0000000000000000000, 0.0000000000000000000, 1.000000000000000000 ) ) ;
#994 = DIRECTION ( 'NONE',  ( -0.0000000000000000000, 1.000000000000000000, -0.0000000000000000000 ) ) ;
#995 = EDGE_CURVE ( 'NONE', #310, #246, #1514, .T. ) ;
#996 = ADVANCED_FACE ( 'NONE', ( #2833 ), #2498, .F. ) ;
#997 = EDGE_LOOP ( 'NONE', ( #3146, #4244, #2372, #1734 ) ) ;
#998 = CARTESIAN_POINT ( 'NONE',  ( -67.99999999999991473, 1280.000000000000000, -77.99999999999998579 ) ) ;
#999 = VERTEX_POINT ( 'NONE', #2694 ) ;
#1000 = FACE_OUTER_BOUND ( 'NONE', #1980, .T. ) ;
#1001 = EDGE_CURVE ( 'NONE', #1908, #591, #3004, .T. ) ;
#1002 = CARTESIAN_POINT ( 'NONE',  ( -67.99999999999991473, 20.00000000000000355, -77.99999999999998579 ) ) ;
#1003 = DIRECTION ( 'NONE',  ( 0.0000000000000000000, 0.0000000000000000000, 1.000000000000000000 ) ) ;
#1004 = EDGE_CURVE ( 'NONE', #1433, #1214, #1876, .T. ) ;
#1005 = CARTESIAN_POINT ( 'NONE',  ( -124.9999999999999716, 0.0000000000000000000, 125.0000000000000000 ) ) ;
#1006 = DIRECTION ( 'NONE',  ( 0.0000000000000000000, 0.0000000000000000000, 1.000000000000000000 ) ) ;
#1007 = DIRECTION ( 'NONE',  ( -0.0000000000000000000, -1.000000000000000000, -0.0000000000000000000 ) ) ;
#1008 = AXIS2_PLACEMENT_3D ( 'NONE', #1380, #3528, #2079 ) ;
#1009 = DIRECTION ( 'NONE',  ( 1.944041506525991425E-16, -0.1961161351381840168, 0.9805806756909202226 ) ) ;
#1010 = DIRECTION ( 'NONE',  ( -0.0000000000000000000, 1.000000000000000000, -0.0000000000000000000 ) ) ;
#1011 = FILL_AREA_STYLE ('',( #3132 ) ) ;
#1012 = ORIENTED_EDGE ( 'NONE', *, *, #2515, .T. ) ;
#1013 = EDGE_CURVE ( 'NONE', #4530, #3216, #2212, .T. ) ;
#1014 = AXIS2_PLACEMENT_3D ( 'NONE', #636, #4242, #4560 ) ;
#1015 = MECHANICAL_DESIGN_GEOMETRIC_PRESENTATION_REPRESENTATION (  '', ( #3659 ), #1519 ) ;
#1016 = CARTESIAN_POINT ( 'NONE',  ( -2.140462239949360482E-14, 1300.000000000000000, 0.0000000000000000000 ) ) ;
#1017 = ORIENTED_EDGE ( 'NONE', *, *, #2935, .F. ) ;
#1018 = VERTEX_POINT ( 'NONE', #1644 ) ;
#1019 = CARTESIAN_POINT ( 'NONE',  ( 150.0000000000000284, 0.0000000000000000000, 150.0000000000000000 ) ) ;
#1020 = ORIENTED_EDGE ( 'NONE', *, *, #957, .F. ) ;
#1021 = DIRECTION ( 'NONE',  ( -0.0000000000000000000, 1.000000000000000000, -0.0000000000000000000 ) ) ;
#1022 = DIRECTION ( 'NONE',  ( 0.0000000000000000000, 0.0000000000000000000, 1.000000000000000000 ) ) ;
#1023 = CARTESIAN_POINT ( 'NONE',  ( 110.0000000000000000, 220.0000000000000284, -7.500000000000013323 ) ) ;
#1024 = LINE ( 'NONE', #2577, #787 ) ;
#1025 = EDGE_CURVE ( 'NONE', #1605, #1966, #1103, .T. ) ;
#1026 = CARTESIAN_POINT ( 'NONE',  ( -67.99999999999991473, 20.00000000000000355, -77.99999999999998579 ) ) ;
#1027 = AXIS2_PLACEMENT_3D ( 'NONE', #221, #2740, #2710 ) ;
#1028 = ORIENTED_EDGE ( 'NONE', *, *, #4257, .F. ) ;
#1029 = PRESENTATION_STYLE_ASSIGNMENT (( #3636 ) ) ;
#1030 =( NAMED_UNIT ( * ) SI_UNIT ( $, .STERADIAN. ) SOLID_ANGLE_UNIT ( ) );
#1031 = DIRECTION ( 'NONE',  ( -0.7071067811865484609, 0.0000000000000000000, 0.7071067811865465735 ) ) ;
#1032 = CARTESIAN_POINT ( 'NONE',  ( -149.9999999999999432, -0.001000000000001000089, -7.500000000001570299 ) ) ;
#1033 = EDGE_CURVE ( 'NONE', #2884, #2504, #3341, .T. ) ;
#1034 = VECTOR ( 'NONE', #3759, 1000.000000000000000 ) ;
#1035 = VERTEX_POINT ( 'NONE', #1631 ) ;
#1036 = ORIENTED_EDGE ( 'NONE', *, *, #4319, .T. ) ;
#1037 = VECTOR ( 'NONE', #4397, 1000.000000000000114 ) ;
#1038 = AXIS2_PLACEMENT_3D ( 'NONE', #2599, #1136, #2555 ) ;
#1039 = VECTOR ( 'NONE', #3541, 1000.000000000000000 ) ;
#1040 = DIRECTION ( 'NONE',  ( 0.7071067811865484609, 0.0000000000000000000, 0.7071067811865465735 ) ) ;
#1041 = ORIENTED_EDGE ( 'NONE', *, *, #4250, .T. ) ;
#1042 = VECTOR ( 'NONE', #3179, 1000.000000000000000 ) ;
#1043 = VERTEX_POINT ( 'NONE', #3756 ) ;
#1044 = VECTOR ( 'NONE', #1998, 1000.000000000000000 ) ;
#1045 = DIRECTION ( 'NONE',  ( 0.0000000000000000000, 0.0000000000000000000, -1.000000000000000000 ) ) ;
#1046 = DIRECTION ( 'NONE',  ( -0.0000000000000000000, -1.000000000000000000, -0.0000000000000000000 ) ) ;
#1047 = VECTOR ( 'NONE', #4, 1000.000000000000114 ) ;
#1048 = CARTESIAN_POINT ( 'NONE',  ( 125.0000000000000568, 1300.000000000000000, 115.0000000000000142 ) ) ;
#1049 = CONICAL_SURFACE ( 'NONE', #4662, 3.500000000000003109, 0.7853981633975037902 ) ;
#1050 = FACE_OUTER_BOUND ( 'NONE', #1588, .T. ) ;
#1051 = EDGE_CURVE ( 'NONE', #2230, #1732, #303, .T. ) ;
#1052 = DIRECTION ( 'NONE',  ( -1.449650923982144865E-33, 1.000000000000000000, 3.081487911019577365E-33 ) ) ;
#1053 = COLOUR_RGB ( '',1.000000000000000000, 1.000000000000000000, 1.000000000000000000 ) ;
#1054 = CARTESIAN_POINT ( 'NONE',  ( 0.0000000000000000000, 20.00000000000000000, -142.5000000000000568 ) ) ;
#1055 = AXIS2_PLACEMENT_3D ( 'NONE', #4658, #1063, #729 ) ;
#1056 = ORIENTED_EDGE ( 'NONE', *, *, #4371, .F. ) ;
#1057 = DIRECTION ( 'NONE',  ( -7.401486830834376525E-17, -1.000000000000000000, -0.0000000000000000000 ) ) ;
#1058 = CARTESIAN_POINT ( 'NONE',  ( -124.9999999999999716, 20.00000000000000000, -132.5000000000000000 ) ) ;
#1059 = EDGE_CURVE ( 'NONE', #1541, #1349, #1280, .T. ) ;
#1060 = EDGE_CURVE ( 'NONE', #2156, #9, #4022, .T. ) ;
#1061 = LINE ( 'NONE', #3078, #430 ) ;
#1062 = DIRECTION ( 'NONE',  ( 0.0000000000000000000, 1.000000000000000000, 0.0000000000000000000 ) ) ;
#1063 = DIRECTION ( 'NONE',  ( -0.0000000000000000000, 1.000000000000000000, -0.0000000000000000000 ) ) ;
#1064 = CYLINDRICAL_SURFACE ( 'NONE', #368, 4.500000000000003553 ) ;
#1065 = CARTESIAN_POINT ( 'NONE',  ( 7.499999999998951949, -0.001000000000001000089, 150.0000000000000853 ) ) ;
#1066 = DIRECTION ( 'NONE',  ( -0.0000000000000000000, 1.000000000000000000, -0.0000000000000000000 ) ) ;
#1067 = EDGE_CURVE ( 'NONE', #961, #4587, #581, .T. ) ;
#1068 = CARTESIAN_POINT ( 'NONE',  ( 125.0000000000000568, 1280.000000000000000, 115.0000000000000142 ) ) ;
#1069 = AXIS2_PLACEMENT_3D ( 'NONE', #2247, #1154, #759 ) ;
#1070 = AXIS2_PLACEMENT_3D ( 'NONE', #4317, #2537, #4328 ) ;
#1071 = DIRECTION ( 'NONE',  ( -0.0000000000000000000, 1.000000000000000000, -0.0000000000000000000 ) ) ;
#1072 = VERTEX_POINT ( 'NONE', #1996 ) ;
#1073 = CARTESIAN_POINT ( 'NONE',  ( 140.0000000000000000, 20.00000000000000000, -150.0000000000000000 ) ) ;
#1074 = DIRECTION ( 'NONE',  ( -0.7071067811865484609, 0.0000000000000000000, -0.7071067811865465735 ) ) ;
#1075 = CARTESIAN_POINT ( 'NONE',  ( -7.499999999999989342, 19.99999999999998934, 139.9999999999999716 ) ) ;
#1076 = DIRECTION ( 'NONE',  ( -0.0000000000000000000, 1.000000000000000000, -0.0000000000000000000 ) ) ;
#1077 = DIRECTION ( 'NONE',  ( -1.982541115402069054E-16, 4.409720963005064014E-35, -1.000000000000000000 ) ) ;
#1078 = VECTOR ( 'NONE', #3586, 1000.000000000000000 ) ;
#1079 = EDGE_LOOP ( 'NONE', ( #4398, #587, #2447, #414 ) ) ;
#1080 = ORIENTED_EDGE ( 'NONE', *, *, #2794, .F. ) ;
#1081 = FILL_AREA_STYLE ('',( #703 ) ) ;
#1082 = DIRECTION ( 'NONE',  ( 0.0000000000000000000, 0.0000000000000000000, 1.000000000000000000 ) ) ;
#1083 = ORIENTED_EDGE ( 'NONE', *, *, #3723, .F. ) ;
#1084 = VERTEX_POINT ( 'NONE', #917 ) ;
#1085 = STYLED_ITEM ( 'NONE', ( #1446 ), #2953 ) ;
#1086 = CARTESIAN_POINT ( 'NONE',  ( 140.0000000000000000, 70.00000000000001421, -7.500000000000013323 ) ) ;
#1087 = CARTESIAN_POINT ( 'NONE',  ( -29.99999999999998579, 20.00000000000000000, 120.5000000000000284 ) ) ;
#1088 = VERTEX_POINT ( 'NONE', #4128 ) ;
#1089 = LINE ( 'NONE', #1957, #3385 ) ;
#1090 = CIRCLE ( 'NONE', #392, 9.999999999999994671 ) ;
#1091 =( NAMED_UNIT ( * ) SI_UNIT ( $, .STERADIAN. ) SOLID_ANGLE_UNIT ( ) );
#1092 = PLANE ( 'NONE',  #2732 ) ;
#1093 = ORIENTED_EDGE ( 'NONE', *, *, #2621, .T. ) ;
#1094 = VECTOR ( 'NONE', #2910, 1000.000000000000000 ) ;
#1095 = DIRECTION ( 'NONE',  ( -1.020425574104005602E-16, -0.0000000000000000000, -1.000000000000000000 ) ) ;
#1096 = CIRCLE ( 'NONE', #11, 62.50000000000000000 ) ;
#1097 = VERTEX_POINT ( 'NONE', #2344 ) ;
#1098 = VERTEX_POINT ( 'NONE', #3076 ) ;
#1099 = DIRECTION ( 'NONE',  ( 0.0000000000000000000, 0.0000000000000000000, 1.000000000000000000 ) ) ;
#1100 = CYLINDRICAL_SURFACE ( 'NONE', #231, 20.00000000000000355 ) ;
#1101 = LINE ( 'NONE', #3438, #1273 ) ;
#1102 = EDGE_CURVE ( 'NONE', #1072, #4408, #1444, .T. ) ;
#1103 = CIRCLE ( 'NONE', #1532, 7.500000000000007105 ) ;
#1104 = ORIENTED_EDGE ( 'NONE', *, *, #348, .T. ) ;
#1105 = PRODUCT_DEFINITION_FORMATION_WITH_SPECIFIED_SOURCE ( 'ANY', '', #2282, .NOT_KNOWN. ) ;
#1106 = VECTOR ( 'NONE', #4146, 1000.000000000000000 ) ;
#1107 = VECTOR ( 'NONE', #2435, 1000.000000000000000 ) ;
#1108 = PRESENTATION_LAYER_ASSIGNMENT (  '', '', ( #2473 ) ) ;
#1109 = LINE ( 'NONE', #4553, #1106 ) ;
#1110 = ORIENTED_EDGE ( 'NONE', *, *, #3491, .F. ) ;
#1111 = CARTESIAN_POINT ( 'NONE',  ( -7.500000000000000000, 19.99999999999998934, 89.99999999999998579 ) ) ;
#1112 = FILL_AREA_STYLE_COLOUR ( '', #16 ) ;
#1113 = CARTESIAN_POINT ( 'NONE',  ( -90.00000000000000000, 220.0000000000000284, 7.500000000000013323 ) ) ;
#1114 = PRESENTATION_LAYER_ASSIGNMENT (  '', '', ( #3419 ) ) ;
#1115 = ORIENTED_EDGE ( 'NONE', *, *, #1125, .T. ) ;
#1116 = AXIS2_PLACEMENT_3D ( 'NONE', #28, #3983, #1834 ) ;
#1117 = ORIENTED_EDGE ( 'NONE', *, *, #1918, .T. ) ;
#1118 =( NAMED_UNIT ( * ) PLANE_ANGLE_UNIT ( ) SI_UNIT ( $, .RADIAN. ) );
#1119 = SHAPE_DEFINITION_REPRESENTATION ( #2117, #3547 ) ;
#1120 = CARTESIAN_POINT ( 'NONE',  ( -30.00000000000001421, 20.00000000000000000, -121.5999999999999943 ) ) ;
#1121 = DIRECTION ( 'NONE',  ( -7.401486830834376525E-17, -1.000000000000000000, -0.0000000000000000000 ) ) ;
#1122 = ADVANCED_FACE ( 'NONE', ( #4586 ), #1792, .F. ) ;
#1123 = CONICAL_SURFACE ( 'NONE', #4619, 3.500000000000003109, 0.7853981633975037902 ) ;
#1124 = DIRECTION ( 'NONE',  ( 8.659560562355413570E-17, 0.7071067811865081598, -0.7071067811865867636 ) ) ;
#1125 = EDGE_CURVE ( 'NONE', #4567, #4470, #1874, .T. ) ;
#1126 = EDGE_CURVE ( 'NONE', #741, #3936, #1437, .T. ) ;
#1127 = AXIS2_PLACEMENT_3D ( 'NONE', #704, #1784, #1099 ) ;
#1128 = FILL_AREA_STYLE_COLOUR ( '', #2593 ) ;
#1129 = AXIS2_PLACEMENT_3D ( 'NONE', #3279, #1463, #1074 ) ;
#1130 =( NAMED_UNIT ( * ) SI_UNIT ( $, .STERADIAN. ) SOLID_ANGLE_UNIT ( ) );
#1131 = MECHANICAL_DESIGN_GEOMETRIC_PRESENTATION_REPRESENTATION (  '', ( #3765 ), #3946 ) ;
#1132 = ORIENTED_EDGE ( 'NONE', *, *, #4606, .T. ) ;
#1133 = AXIS2_PLACEMENT_3D ( 'NONE', #3459, #2001, #2027 ) ;
#1134 = CARTESIAN_POINT ( 'NONE',  ( -78.00000000000000000, 20.00000000000000355, -67.99999999999991473 ) ) ;
#1135 = DIRECTION ( 'NONE',  ( 8.326672684688671588E-17, -1.000000000000000000, 1.222278229712028964E-17 ) ) ;
#1136 = DIRECTION ( 'NONE',  ( 0.0000000000000000000, 1.000000000000000000, 0.0000000000000000000 ) ) ;
#1137 = LINE ( 'NONE', #1990, #3869 ) ;
#1138 = ORIENTED_EDGE ( 'NONE', *, *, #3428, .T. ) ;
#1139 = ORIENTED_EDGE ( 'NONE', *, *, #475, .T. ) ;
#1140 = CARTESIAN_POINT ( 'NONE',  ( 9.184850993605150311E-15, 20.00000000000000000, -75.00000000000001421 ) ) ;
#1141 = DIRECTION ( 'NONE',  ( -0.0000000000000000000, 1.000000000000000000, -0.0000000000000000000 ) ) ;
#1142 = DIRECTION ( 'NONE',  ( -0.0000000000000000000, 1.000000000000000000, -0.0000000000000000000 ) ) ;
#1143 = DIRECTION ( 'NONE',  ( -0.0000000000000000000, 1.000000000000000000, -0.0000000000000000000 ) ) ;
#1144 = FACE_BOUND ( 'NONE', #3030, .T. ) ;
#1145 = ORIENTED_EDGE ( 'NONE', *, *, #1189, .F. ) ;
#1146 = ADVANCED_FACE ( 'NONE', ( #2316 ), #23, .F. ) ;
#1147 = CIRCLE ( 'NONE', #1055, 5.099999999999993427 ) ;
#1148 = PLANE ( 'NONE',  #4074 ) ;
#1149 = ORIENTED_EDGE ( 'NONE', *, *, #3365, .T. ) ;
#1150 = LINE ( 'NONE', #1740, #4467 ) ;
#1151 = UNCERTAINTY_MEASURE_WITH_UNIT (LENGTH_MEASURE( 1.000000000000000082E-05 ), #98, 'distance_accuracy_value', 'NONE');
#1152 = EDGE_CURVE ( 'NONE', #3680, #2595, #3672, .T. ) ;
#1153 = CARTESIAN_POINT ( 'NONE',  ( 90.00000000000000000, 220.0000000000000284, 7.499999999999985789 ) ) ;
#1154 = DIRECTION ( 'NONE',  ( -0.0000000000000000000, 1.000000000000000000, -0.0000000000000000000 ) ) ;
#1155 = ORIENTED_EDGE ( 'NONE', *, *, #4551, .T. ) ;
#1156 = VERTEX_POINT ( 'NONE', #3165 ) ;
#1157 = VECTOR ( 'NONE', #2168, 1000.000000000000000 ) ;
#1158 = LINE ( 'NONE', #3381, #1552 ) ;
#1159 = CIRCLE ( 'NONE', #3755, 4.499999999999997335 ) ;
#1160 = DIRECTION ( 'NONE',  ( -0.0000000000000000000, 1.000000000000000000, -0.0000000000000000000 ) ) ;
#1161 = DIRECTION ( 'NONE',  ( 0.0000000000000000000, 0.0000000000000000000, 1.000000000000000000 ) ) ;
#1162 = EDGE_CURVE ( 'NONE', #2922, #4640, #2722, .T. ) ;
#1163 = EDGE_LOOP ( 'NONE', ( #3617, #4322, #650, #2505 ) ) ;
#1164 = CIRCLE ( 'NONE', #4170, 5.099999999999993427 ) ;
#1165 = EDGE_CURVE ( 'NONE', #507, #3914, #640, .T. ) ;
#1166 = CARTESIAN_POINT ( 'NONE',  ( -70.00000000000000000, 1280.000000000000000, 95.00000000000000000 ) ) ;
#1168 = ORIENTED_EDGE ( 'NONE', *, *, #4068, .F. ) ;
#1167 = DIRECTION ( 'NONE',  ( 1.000000000000000000, -1.449650923982144865E-33, 1.232595164407830672E-32 ) ) ;
#1169 = VERTEX_POINT ( 'NONE', #3938 ) ;
#1170 = CIRCLE ( 'NONE', #2629, 5.099999999999993427 ) ;
#1171 = CARTESIAN_POINT ( 'NONE',  ( -90.00000000000000000, 220.0000000000000284, -7.499999999999985789 ) ) ;
#1172 = PRESENTATION_LAYER_ASSIGNMENT (  '', '', ( #193 ) ) ;
#1173 = CARTESIAN_POINT ( 'NONE',  ( 90.00000000000000000, 1280.000000000000000, 95.09999999999999432 ) ) ;
#1174 = ORIENTED_EDGE ( 'NONE', *, *, #1601, .F. ) ;
#1175 = CARTESIAN_POINT ( 'NONE',  ( 140.0000000000000000, 0.0000000000000000000, 150.0000000000000000 ) ) ;
#1176 = DIRECTION ( 'NONE',  ( 0.0000000000000000000, -1.000000000000000000, 0.0000000000000000000 ) ) ;
#1177 = ADVANCED_FACE ( 'NONE', ( #2204 ), #2496, .F. ) ;
#1178 = VERTEX_POINT ( 'NONE', #2446 ) ;
#1179 = CARTESIAN_POINT ( 'NONE',  ( -29.99999999999998579, 20.00000000000000000, 129.5000000000000284 ) ) ;
#1180 = SURFACE_STYLE_USAGE ( .BOTH. , #2933 ) ;
#1181 = EDGE_CURVE ( 'NONE', #2896, #677, #3399, .T. ) ;
#1182 = PRESENTATION_LAYER_ASSIGNMENT (  '', '', ( #2059 ) ) ;
#1183 = FACE_OUTER_BOUND ( 'NONE', #2620, .T. ) ;
#1184 = CARTESIAN_POINT ( 'NONE',  ( -114.9999999999999574, 1280.000000000000000, 125.0000000000000000 ) ) ;
#1185 = LINE ( 'NONE', #4094, #3360 ) ;
#1186 = DIRECTION ( 'NONE',  ( 0.0000000000000000000, 0.0000000000000000000, -1.000000000000000000 ) ) ;
#1187 = DIRECTION ( 'NONE',  ( -1.000000000000000000, -0.0000000000000000000, -0.0000000000000000000 ) ) ;
#1188 = CARTESIAN_POINT ( 'NONE',  ( -150.0000000000000284, 0.0000000000000000000, -150.0000000000000000 ) ) ;
#1189 = EDGE_CURVE ( 'NONE', #1728, #2858, #1164, .T. ) ;
#1190 = PRODUCT ( '4GAA0021201010015X_Predeterminado<As Machined>', '4GAA0021201010015X_Predeterminado<As Machined>', '', ( #4049 ) ) ;
#1191 = CARTESIAN_POINT ( 'NONE',  ( 90.00000000000000000, 20.00000000000001776, 7.499999999999985789 ) ) ;
#1192 = CARTESIAN_POINT ( 'NONE',  ( 90.00000000000000000, 1255.000000000000227, 42.50000000000004974 ) ) ;
#1193 = ADVANCED_FACE ( 'NONE', ( #985 ), #3888, .F. ) ;
#1194 =( NAMED_UNIT ( * ) PLANE_ANGLE_UNIT ( ) SI_UNIT ( $, .RADIAN. ) );
#1195 = LINE ( 'NONE', #4343, #220 ) ;
#1196 = PRODUCT_RELATED_PRODUCT_CATEGORY ( 'part', '', ( #2282 ) ) ;
#1197 = DIRECTION ( 'NONE',  ( 0.0000000000000000000, 0.0000000000000000000, -1.000000000000000000 ) ) ;
#1198 = EDGE_LOOP ( 'NONE', ( #2582, #202 ) ) ;
#1199 = ORIENTED_EDGE ( 'NONE', *, *, #279, .F. ) ;
#1200 = AXIS2_PLACEMENT_3D ( 'NONE', #1604, #3068, #4160 ) ;
#1201 = CARTESIAN_POINT ( 'NONE',  ( -124.9999999999999716, 20.00000000000000000, -117.5000000000000142 ) ) ;
#1202 = EDGE_LOOP ( 'NONE', ( #1906, #4284, #757, #1771 ) ) ;
#1203 =( GEOMETRIC_REPRESENTATION_CONTEXT ( 3 ) GLOBAL_UNCERTAINTY_ASSIGNED_CONTEXT ( ( #3016 ) ) GLOBAL_UNIT_ASSIGNED_CONTEXT ( ( #4300, #2483, #2514 ) ) REPRESENTATION_CONTEXT ( 'NONE', 'WORKASPACE' ) );
#1204 = VERTEX_POINT ( 'NONE', #1425 ) ;
#1205 = DIRECTION ( 'NONE',  ( 1.000000000000000000, -9.244463733058732095E-33, -1.982541115402069054E-16 ) ) ;
#1206 = ORIENTED_EDGE ( 'NONE', *, *, #1839, .T. ) ;
#1207 = FILL_AREA_STYLE_COLOUR ( '', #1432 ) ;
#1208 = CARTESIAN_POINT ( 'NONE',  ( 124.9999999999999716, 20.00000000000000000, 30.00000000000000000 ) ) ;
#1209 = CARTESIAN_POINT ( 'NONE',  ( 90.00000000000000000, 220.0000000000000284, 7.499999999999985789 ) ) ;
#1210 = AXIS2_PLACEMENT_3D ( 'NONE', #4226, #4598, #1337 ) ;
#1211 = LINE ( 'NONE', #462, #3092 ) ;
#1212 = AXIS2_PLACEMENT_3D ( 'NONE', #2798, #3853, #3134 ) ;
#1213 = VERTEX_POINT ( 'NONE', #1415 ) ;
#1214 = VERTEX_POINT ( 'NONE', #3907 ) ;
#1215 = EDGE_LOOP ( 'NONE', ( #1370, #2656, #2134, #4347 ) ) ;
#1216 = FACE_OUTER_BOUND ( 'NONE', #1256, .T. ) ;
#1217 = ORIENTED_EDGE ( 'NONE', *, *, #3158, .T. ) ;
#1218 = EDGE_CURVE ( 'NONE', #3615, #3129, #3616, .T. ) ;
#1219 = CARTESIAN_POINT ( 'NONE',  ( 124.9999999999999716, 20.00000000000000000, -30.00000000000000000 ) ) ;
#1220 = ORIENTED_EDGE ( 'NONE', *, *, #2006, .F. ) ;
#1221 = FACE_BOUND ( 'NONE', #2916, .T. ) ;
#1222 = DIRECTION ( 'NONE',  ( -0.0000000000000000000, 1.000000000000000000, -0.0000000000000000000 ) ) ;
#1223 = DIRECTION ( 'NONE',  ( -1.982541115402069054E-16, 4.409720963005064014E-35, -1.000000000000000000 ) ) ;
#1224 = ADVANCED_FACE ( 'NONE', ( #2548 ), #1498, .F. ) ;
#1225 = VECTOR ( 'NONE', #1581, 1000.000000000000000 ) ;
#1226 = ORIENTED_EDGE ( 'NONE', *, *, #4185, .T. ) ;
#1227 = SURFACE_STYLE_FILL_AREA ( #1011 ) ;
#1228 = EDGE_LOOP ( 'NONE', ( #3227, #3259 ) ) ;
#1229 = PRESENTATION_STYLE_ASSIGNMENT (( #4533 ) ) ;
#1230 = DIRECTION ( 'NONE',  ( 0.0000000000000000000, 0.0000000000000000000, -1.000000000000000000 ) ) ;
#1231 = CARTESIAN_POINT ( 'NONE',  ( 124.9999999999999716, 0.0000000000000000000, 132.5000000000000000 ) ) ;
#1233 = SURFACE_STYLE_FILL_AREA ( #2848 ) ;
#1232 = FILL_AREA_STYLE_COLOUR ( '', #4363 ) ;
#1234 = FACE_OUTER_BOUND ( 'NONE', #1315, .T. ) ;
#1235 = AXIS2_PLACEMENT_3D ( 'NONE', #1332, #989, #2799 ) ;
#1236 = CYLINDRICAL_SURFACE ( 'NONE', #1460, 7.500000000000007105 ) ;
#1237 = ORIENTED_EDGE ( 'NONE', *, *, #4250, .F. ) ;
#1238 = FACE_OUTER_BOUND ( 'NONE', #837, .T. ) ;
#1239 = ORIENTED_EDGE ( 'NONE', *, *, #2698, .T. ) ;
#1240 = AXIS2_PLACEMENT_3D ( 'NONE', #2380, #240, #4169 ) ;
#1241 = CARTESIAN_POINT ( 'NONE',  ( 77.99999999999998579, 1255.000000000000227, -47.49999999999994316 ) ) ;
#1242 = CARTESIAN_POINT ( 'NONE',  ( -90.00000000000000000, 220.0000000000000284, -7.499999999999985789 ) ) ;
#1243 = DIRECTION ( 'NONE',  ( 1.000000000000000000, 1.759078375084749961E-34, 0.0000000000000000000 ) ) ;
#1244 = UNCERTAINTY_MEASURE_WITH_UNIT (LENGTH_MEASURE( 1.000000000000000082E-05 ), #4575, 'distance_accuracy_value', 'NONE');
#1245 = ADVANCED_FACE ( 'NONE', ( #68 ), #3321, .F. ) ;
#1246 = EDGE_CURVE ( 'NONE', #3000, #1909, #516, .T. ) ;
#1247 = VERTEX_POINT ( 'NONE', #1537 ) ;
#1248 = EDGE_CURVE ( 'NONE', #2182, #1831, #3217, .T. ) ;
#1249 = COLOUR_RGB ( '',1.000000000000000000, 1.000000000000000000, 1.000000000000000000 ) ;
#1250 = ORIENTED_EDGE ( 'NONE', *, *, #3537, .F. ) ;
#1251 = ORIENTED_EDGE ( 'NONE', *, *, #2641, .T. ) ;
#1252 = DIRECTION ( 'NONE',  ( -0.1961161351381840445, -0.9805806756909202226, -1.540743955509788511E-33 ) ) ;
#1253 = STYLED_ITEM ( 'NONE', ( #4302 ), #2251 ) ;
#1254 =( NAMED_UNIT ( * ) SI_UNIT ( $, .STERADIAN. ) SOLID_ANGLE_UNIT ( ) );
#1255 = EDGE_LOOP ( 'NONE', ( #483, #2838, #1622, #1917, #2917, #4203, #4563, #3084 ) ) ;
#1256 = EDGE_LOOP ( 'NONE', ( #1104, #58, #2867, #2527 ) ) ;
#1257 = EDGE_CURVE ( 'NONE', #1097, #1803, #4076, .T. ) ;
#1258 = DIRECTION ( 'NONE',  ( -1.982541115402069054E-16, -2.957536869751307946E-37, -1.000000000000000000 ) ) ;
#1259 = AXIS2_PLACEMENT_3D ( 'NONE', #3933, #1791, #4664 ) ;
#1260 = VECTOR ( 'NONE', #3920, 1000.000000000000000 ) ;
#1261 = VECTOR ( 'NONE', #4168, 1000.000000000000000 ) ;
#1262 = DIRECTION ( 'NONE',  ( -1.850371707708594316E-16, -0.0000000000000000000, -1.000000000000000000 ) ) ;
#1263 = DIRECTION ( 'NONE',  ( 0.0000000000000000000, 0.0000000000000000000, 1.000000000000000000 ) ) ;
#1264 = VERTEX_POINT ( 'NONE', #3228 ) ;
#1265 = ORIENTED_EDGE ( 'NONE', *, *, #4382, .F. ) ;
#1266 = CIRCLE ( 'NONE', #1861, 5.099999999999993427 ) ;
#1267 = DIRECTION ( 'NONE',  ( -1.000000000000000000, 0.0000000000000000000, -0.0000000000000000000 ) ) ;
#1268 = VECTOR ( 'NONE', #4404, 1000.000000000000000 ) ;
#1269 = CARTESIAN_POINT ( 'NONE',  ( 90.00000000000000000, 1255.000000000000227, -45.00000000000000000 ) ) ;
#1270 = EDGE_CURVE ( 'NONE', #4536, #609, #4468, .T. ) ;
#1271 = DIRECTION ( 'NONE',  ( 1.000000000000000000, 1.759078375084749961E-34, 0.0000000000000000000 ) ) ;
#1272 = VECTOR ( 'NONE', #4236, 1000.000000000000000 ) ;
#1273 = VECTOR ( 'NONE', #3128, 1000.000000000000000 ) ;
#1274 = VERTEX_POINT ( 'NONE', #1192 ) ;
#1275 = VECTOR ( 'NONE', #2102, 1000.000000000000000 ) ;
#1276 = CARTESIAN_POINT ( 'NONE',  ( 0.0000000000000000000, 0.0000000000000000000, 0.0000000000000000000 ) ) ;
#1277 = ORIENTED_EDGE ( 'NONE', *, *, #88, .F. ) ;
#1278 = CARTESIAN_POINT ( 'NONE',  ( -70.00000000000000000, 1300.000000000000000, 98.50000000000000000 ) ) ;
#1279 = EDGE_CURVE ( 'NONE', #1478, #1097, #977, .T. ) ;
#1280 = LINE ( 'NONE', #3407, #2371 ) ;
#1281 = EDGE_CURVE ( 'NONE', #518, #3950, #244, .T. ) ;
#1282 = DIRECTION ( 'NONE',  ( 0.0000000000000000000, 0.0000000000000000000, 1.000000000000000000 ) ) ;
#1283 = CARTESIAN_POINT ( 'NONE',  ( 142.5000000000000568, 20.00000000000000000, 4.975360907851466735E-13 ) ) ;
#1284 = VECTOR ( 'NONE', #1271, 1000.000000000000000 ) ;
#1285 = AXIS2_PLACEMENT_3D ( 'NONE', #3425, #195, #945 ) ;
#1286 = DIRECTION ( 'NONE',  ( -1.000000000000000000, 0.0000000000000000000, 1.020425574104005602E-16 ) ) ;
#1287 = ORIENTED_EDGE ( 'NONE', *, *, #2935, .T. ) ;
#1288 = EDGE_CURVE ( 'NONE', #1761, #3212, #1385, .T. ) ;
#1289 = ORIENTED_EDGE ( 'NONE', *, *, #476, .T. ) ;
#1290 = DIRECTION ( 'NONE',  ( 0.0000000000000000000, 0.0000000000000000000, -1.000000000000000000 ) ) ;
#1291 = DIRECTION ( 'NONE',  ( 0.0000000000000000000, 0.0000000000000000000, 1.000000000000000000 ) ) ;
#1292 = DIRECTION ( 'NONE',  ( 0.7071067811865494601, 0.0000000000000000000, -0.7071067811865456854 ) ) ;
#1293 = AXIS2_PLACEMENT_3D ( 'NONE', #3526, #4591, #654 ) ;
#1294 = VECTOR ( 'NONE', #1167, 1000.000000000000000 ) ;
#1295 = ADVANCED_FACE ( 'NONE', ( #1216 ), #1568, .F. ) ;
#1296 = CARTESIAN_POINT ( 'NONE',  ( 7.500000000000000000, 20.00000000000000000, -150.0000000000000284 ) ) ;
#1297 = LINE ( 'NONE', #611, #4099 ) ;
#1298 = AXIS2_PLACEMENT_3D ( 'NONE', #4327, #2965, #4042 ) ;
#1299 = CARTESIAN_POINT ( 'NONE',  ( 90.00000000000000000, 1255.000000000000227, -45.00000000000000000 ) ) ;
#1300 = DIRECTION ( 'NONE',  ( 0.0000000000000000000, 0.0000000000000000000, 1.000000000000000000 ) ) ;
#1301 = DIRECTION ( 'NONE',  ( 0.0000000000000000000, 1.000000000000000000, 0.0000000000000000000 ) ) ;
#1302 = EDGE_CURVE ( 'NONE', #184, #13, #1713, .T. ) ;
#1303 = UNCERTAINTY_MEASURE_WITH_UNIT (LENGTH_MEASURE( 1.000000000000000082E-05 ), #3622, 'distance_accuracy_value', 'NONE');
#1304 = CARTESIAN_POINT ( 'NONE',  ( 77.99999999999998579, 1280.000000000000000, -67.99999999999991473 ) ) ;
#1305 = CARTESIAN_POINT ( 'NONE',  ( 30.00000000000001421, 20.00000000000000000, 125.0000000000000000 ) ) ;
#1306 = CARTESIAN_POINT ( 'NONE',  ( 0.0000000000000000000, -0.001000000000001000089, -142.5000000000000568 ) ) ;
#1307 = CIRCLE ( 'NONE', #2988, 7.500000000000007105 ) ;
#1308 = EDGE_CURVE ( 'NONE', #3680, #1612, #1600, .T. ) ;
#1309 = CARTESIAN_POINT ( 'NONE',  ( 115.0000000000000711, 1300.000000000000000, 125.0000000000000000 ) ) ;
#1310 = LINE ( 'NONE', #728, #4449 ) ;
#1311 = DIRECTION ( 'NONE',  ( -0.0000000000000000000, -1.000000000000000000, -0.0000000000000000000 ) ) ;
#1312 = DIRECTION ( 'NONE',  ( 0.0000000000000000000, 0.0000000000000000000, 1.000000000000000000 ) ) ;
#1313 = ORIENTED_EDGE ( 'NONE', *, *, #3374, .F. ) ;
#1314 = EDGE_CURVE ( 'NONE', #2636, #3734, #1548, .T. ) ;
#1315 = EDGE_LOOP ( 'NONE', ( #352, #4237, #275, #1080 ) ) ;
#1316 = CIRCLE ( 'NONE', #2296, 3.400000000000000355 ) ;
#1317 = AXIS2_PLACEMENT_3D ( 'NONE', #458, #813, #42 ) ;
#1318 = CARTESIAN_POINT ( 'NONE',  ( -29.99999999999998579, 20.00000000000000000, 125.0000000000000284 ) ) ;
#1319 = ORIENTED_EDGE ( 'NONE', *, *, #4377, .F. ) ;
#1320 = ORIENTED_EDGE ( 'NONE', *, *, #4643, .T. ) ;
#1321 = PLANE ( 'NONE',  #2319 ) ;
#1322 = PLANE ( 'NONE',  #4666 ) ;
#1323 = EDGE_LOOP ( 'NONE', ( #2499, #1809 ) ) ;
#1324 = CARTESIAN_POINT ( 'NONE',  ( 90.00000000000000000, 20.00000000000001776, -7.500000000000013323 ) ) ;
#1325 = DIRECTION ( 'NONE',  ( 0.0000000000000000000, 0.0000000000000000000, -1.000000000000000000 ) ) ;
#1326 = LINE ( 'NONE', #508, #2878 ) ;
#1327 = ORIENTED_EDGE ( 'NONE', *, *, #3298, .F. ) ;
#1328 = VECTOR ( 'NONE', #1743, 1000.000000000000000 ) ;
#1329 = ORIENTED_EDGE ( 'NONE', *, *, #87, .T. ) ;
#1330 = CYLINDRICAL_SURFACE ( 'NONE', #1529, 2.499999999999946709 ) ;
#1331 = FACE_OUTER_BOUND ( 'NONE', #3344, .T. ) ;
#1332 = CARTESIAN_POINT ( 'NONE',  ( -90.00000000000000000, 1280.000000000000000, -69.99999999999982947 ) ) ;
#1333 = EDGE_LOOP ( 'NONE', ( #3433, #84, #480, #527 ) ) ;
#1334 = VERTEX_POINT ( 'NONE', #1231 ) ;
#1335 = EDGE_LOOP ( 'NONE', ( #4188, #3775, #3085, #278 ) ) ;
#1336 = CARTESIAN_POINT ( 'NONE',  ( 78.00000000000000000, 1215.000000000000000, 45.00000000000000000 ) ) ;
#1337 = DIRECTION ( 'NONE',  ( -1.000000000000000000, 1.449650923982144865E-33, -1.232595164407830672E-32 ) ) ;
#1338 = DIRECTION ( 'NONE',  ( -0.0000000000000000000, 1.000000000000000000, -0.0000000000000000000 ) ) ;
#1339 = VECTOR ( 'NONE', #1485, 1000.000000000000000 ) ;
#1340 = VERTEX_POINT ( 'NONE', #2605 ) ;
#1341 = VECTOR ( 'NONE', #592, 1000.000000000000000 ) ;
#1342 = VERTEX_POINT ( 'NONE', #3716 ) ;
#1343 = ADVANCED_FACE ( 'NONE', ( #569 ), #3663, .F. ) ;
#1344 = VECTOR ( 'NONE', #3175, 1000.000000000000000 ) ;
#1345 = ORIENTED_EDGE ( 'NONE', *, *, #267, .F. ) ;
#1346 = VECTOR ( 'NONE', #2007, 1000.000000000000000 ) ;
#1347 = ORIENTED_EDGE ( 'NONE', *, *, #2776, .F. ) ;
#1348 = CARTESIAN_POINT ( 'NONE',  ( -70.00000000000000000, 1300.000000000000000, 95.00000000000000000 ) ) ;
#1349 = VERTEX_POINT ( 'NONE', #1649 ) ;
#1350 = PLANE ( 'NONE',  #3555 ) ;
#1351 = DIRECTION ( 'NONE',  ( 0.0000000000000000000, 1.000000000000000000, 0.0000000000000000000 ) ) ;
#1352 = AXIS2_PLACEMENT_3D ( 'NONE', #186, #1292, #1636 ) ;
#1353 = DIRECTION ( 'NONE',  ( -0.0000000000000000000, -0.0000000000000000000, 1.000000000000000000 ) ) ;
#1354 = MECHANICAL_DESIGN_GEOMETRIC_PRESENTATION_REPRESENTATION (  '', ( #1085 ), #1203 ) ;
#1355 = CARTESIAN_POINT ( 'NONE',  ( 30.00000000000000000, 20.00000000000000000, -125.0000000000000000 ) ) ;
#1356 = UNCERTAINTY_MEASURE_WITH_UNIT (LENGTH_MEASURE( 1.000000000000000082E-05 ), #2096, 'distance_accuracy_value', 'NONE');
#1357 = DIRECTION ( 'NONE',  ( -0.7071067811865510144, 0.0000000000000000000, 0.7071067811865441310 ) ) ;
#1358 = CARTESIAN_POINT ( 'NONE',  ( 124.9999999999999716, 20.00000000000000000, -30.00000000000000000 ) ) ;
#1359 = EDGE_LOOP ( 'NONE', ( #426, #2552, #1404, #2350 ) ) ;
#1360 = DIRECTION ( 'NONE',  ( 0.0000000000000000000, 0.0000000000000000000, 1.000000000000000000 ) ) ;
#1361 = FILL_AREA_STYLE_COLOUR ( '', #783 ) ;
#1362 = CARTESIAN_POINT ( 'NONE',  ( -124.9999999999999716, 0.0000000000000000000, -34.49999999999999289 ) ) ;
#1363 = LINE ( 'NONE', #2964, #387 ) ;
#1364 = ORIENTED_EDGE ( 'NONE', *, *, #4134, .F. ) ;
#1365 = ORIENTED_EDGE ( 'NONE', *, *, #3899, .F. ) ;
#1366 = DIRECTION ( 'NONE',  ( -0.0000000000000000000, 1.000000000000000000, -0.0000000000000000000 ) ) ;
#1367 = EDGE_CURVE ( 'NONE', #2535, #2636, #623, .T. ) ;
#1368 = EDGE_CURVE ( 'NONE', #4585, #4450, #3719, .T. ) ;
#1369 = SURFACE_STYLE_USAGE ( .BOTH. , #1738 ) ;
#1370 = ORIENTED_EDGE ( 'NONE', *, *, #1983, .T. ) ;
#1371 = VERTEX_POINT ( 'NONE', #172 ) ;
#1372 = VERTEX_POINT ( 'NONE', #215 ) ;
#1373 = CARTESIAN_POINT ( 'NONE',  ( 90.00000000000000000, 20.00000000000001776, 7.499999999999985789 ) ) ;
#1374 = CARTESIAN_POINT ( 'NONE',  ( 124.9999999999999716, 20.00000000000000000, 25.50000000000000711 ) ) ;
#1375 = AXIS2_PLACEMENT_3D ( 'NONE', #1746, #3576, #1443 ) ;
#1376 = COLOUR_RGB ( '',1.000000000000000000, 1.000000000000000000, 1.000000000000000000 ) ;
#1377 = EDGE_LOOP ( 'NONE', ( #3018, #110, #61, #1810 ) ) ;
#1378 = AXIS2_PLACEMENT_3D ( 'NONE', #2575, #50, #2229 ) ;
#1379 = DIRECTION ( 'NONE',  ( -7.401486830834376525E-17, -1.000000000000000000, -0.0000000000000000000 ) ) ;
#1381 = VERTEX_POINT ( 'NONE', #2002 ) ;
#1380 = CARTESIAN_POINT ( 'NONE',  ( 70.00000000000000000, 1300.000000000000000, -95.00000000000000000 ) ) ;
#1382 = CYLINDRICAL_SURFACE ( 'NONE', #2332, 4.499999999999990230 ) ;
#1383 = AXIS2_PLACEMENT_3D ( 'NONE', #1269, #1963, #3029 ) ;
#1384 = CARTESIAN_POINT ( 'NONE',  ( 30.00000000000001421, 20.00000000000000000, 125.0000000000000000 ) ) ;
#1385 = LINE ( 'NONE', #2980, #3609 ) ;
#1386 = EDGE_LOOP ( 'NONE', ( #1868, #3056, #4535, #114 ) ) ;
#1387 = LINE ( 'NONE', #370, #290 ) ;
#1388 = FACE_BOUND ( 'NONE', #3289, .T. ) ;
#1389 = VERTEX_POINT ( 'NONE', #4539 ) ;
#1390 = ORIENTED_EDGE ( 'NONE', *, *, #24, .F. ) ;
#1391 = DIRECTION ( 'NONE',  ( 0.0000000000000000000, 1.000000000000000000, 0.0000000000000000000 ) ) ;
#1392 = CARTESIAN_POINT ( 'NONE',  ( -7.500000000000000000, 19.99999999999998934, 89.99999999999998579 ) ) ;
#1393 = FILL_AREA_STYLE ('',( #3855 ) ) ;
#1394 = CYLINDRICAL_SURFACE ( 'NONE', #1609, 5.099999999999993427 ) ;
#1395 = FACE_BOUND ( 'NONE', #4434, .T. ) ;
#1396 = COLOUR_RGB ( '',1.000000000000000000, 1.000000000000000000, 1.000000000000000000 ) ;
#1397 = PLANE ( 'NONE',  #2113 ) ;
#1398 = LINE ( 'NONE', #2630, #4024 ) ;
#1399 = CARTESIAN_POINT ( 'NONE',  ( -124.9999999999999716, 20.00000000000000000, 132.5000000000000000 ) ) ;
#1400 = CARTESIAN_POINT ( 'NONE',  ( -124.9999999999999716, 0.0000000000000000000, -30.00000000000000000 ) ) ;
#1401 = EDGE_CURVE ( 'NONE', #3485, #1084, #1326, .T. ) ;
#1402 = EDGE_CURVE ( 'NONE', #810, #1371, #4407, .T. ) ;
#1403 = ORIENTED_EDGE ( 'NONE', *, *, #3644, .T. ) ;
#1404 = ORIENTED_EDGE ( 'NONE', *, *, #1246, .F. ) ;
#1405 = DIRECTION ( 'NONE',  ( 9.244463733058732095E-33, -1.000000000000000000, -1.679848709543503686E-33 ) ) ;
#1406 = PLANE ( 'NONE',  #165 ) ;
#1407 = LINE ( 'NONE', #2234, #1294 ) ;
#1408 = EDGE_CURVE ( 'NONE', #2127, #1088, #3447, .T. ) ;
#1409 = SHAPE_DEFINITION_REPRESENTATION ( #309, #431 ) ;
#1410 = DIRECTION ( 'NONE',  ( 0.0000000000000000000, 0.0000000000000000000, 1.000000000000000000 ) ) ;
#1411 = PLANE ( 'NONE',  #3040 ) ;
#1412 = VECTOR ( 'NONE', #2778, 1000.000000000000000 ) ;
#1413 = PLANE ( 'NONE',  #2594 ) ;
#1414 = DIRECTION ( 'NONE',  ( -0.0000000000000000000, 1.000000000000000000, -0.0000000000000000000 ) ) ;
#1415 = CARTESIAN_POINT ( 'NONE',  ( -142.5000000000000568, 0.0000000000000000000, -1.492729551078042505E-12 ) ) ;
#1416 = DIRECTION ( 'NONE',  ( 1.000000000000000000, 0.0000000000000000000, -6.033820786006285224E-17 ) ) ;
#1417 = DIRECTION ( 'NONE',  ( -7.401486830834376525E-17, -1.000000000000000000, -0.0000000000000000000 ) ) ;
#1418 = CARTESIAN_POINT ( 'NONE',  ( -140.0000000000000000, 20.00000000000000000, 150.0000000000000000 ) ) ;
#1419 = CARTESIAN_POINT ( 'NONE',  ( 78.00000000000000000, 1280.000000000000000, 67.99999999999990052 ) ) ;
#1420 = EDGE_CURVE ( 'NONE', #3532, #2663, #2417, .T. ) ;
#1421 = FACE_OUTER_BOUND ( 'NONE', #4305, .T. ) ;
#1422 = ORIENTED_EDGE ( 'NONE', *, *, #411, .T. ) ;
#1423 = ORIENTED_EDGE ( 'NONE', *, *, #155, .T. ) ;
#1424 = ORIENTED_EDGE ( 'NONE', *, *, #1059, .F. ) ;
#1425 = CARTESIAN_POINT ( 'NONE',  ( 125.0000000000000568, 1280.000000000000000, 115.0000000000000142 ) ) ;
#1426 = EDGE_LOOP ( 'NONE', ( #906, #2023 ) ) ;
#1427 = CARTESIAN_POINT ( 'NONE',  ( 2.775557561562891351E-14, -1.387778780781445676E-14, 7.500000000000013323 ) ) ;
#1428 = EDGE_CURVE ( 'NONE', #911, #3234, #2357, .T. ) ;
#1429 = DIRECTION ( 'NONE',  ( 0.0000000000000000000, 0.0000000000000000000, 1.000000000000000000 ) ) ;
#1430 = ORIENTED_EDGE ( 'NONE', *, *, #1059, .T. ) ;
#1431 = PLANE ( 'NONE',  #4162 ) ;
#1432 = COLOUR_RGB ( '',1.000000000000000000, 1.000000000000000000, 1.000000000000000000 ) ;
#1433 = VERTEX_POINT ( 'NONE', #2338 ) ;
#1434 = CARTESIAN_POINT ( 'NONE',  ( 70.00000000000000000, 1300.000000000000000, -98.50000000000000000 ) ) ;
#1435 = DIRECTION ( 'NONE',  ( 0.0000000000000000000, 1.000000000000000000, 0.0000000000000000000 ) ) ;
#1436 = EDGE_LOOP ( 'NONE', ( #1139, #451, #1149, #1931 ) ) ;
#1437 = CIRCLE ( 'NONE', #3770, 7.499999999999992895 ) ;
#1438 = EDGE_LOOP ( 'NONE', ( #1781, #799, #4476, #2199 ) ) ;
#1439 = UNCERTAINTY_MEASURE_WITH_UNIT (LENGTH_MEASURE( 1.000000000000000082E-05 ), #3854, 'distance_accuracy_value', 'NONE');
#1440 = LINE ( 'NONE', #1032, #4584 ) ;
#1441 = PRESENTATION_LAYER_ASSIGNMENT (  '', '', ( #2866 ) ) ;
#1442 = DIRECTION ( 'NONE',  ( 0.0000000000000000000, 0.0000000000000000000, 1.000000000000000000 ) ) ;
#1443 = DIRECTION ( 'NONE',  ( 0.1961161351381840168, 0.9805806756909201116, 0.0000000000000000000 ) ) ;
#1444 = LINE ( 'NONE', #1073, #3221 ) ;
#1445 = ORIENTED_EDGE ( 'NONE', *, *, #3787, .F. ) ;
#1446 = PRESENTATION_STYLE_ASSIGNMENT (( #823 ) ) ;
#1447 = VECTOR ( 'NONE', #3590, 1000.000000000000000 ) ;
#1448 = VECTOR ( 'NONE', #3473, 1000.000000000000000 ) ;
#1449 = CARTESIAN_POINT ( 'NONE',  ( -7.499999999999994671, 220.0000000000000284, 109.9999999999999858 ) ) ;
#1450 = ORIENTED_EDGE ( 'NONE', *, *, #2393, .F. ) ;
#1451 = VECTOR ( 'NONE', #4061, 1000.000000000000000 ) ;
#1452 = ORIENTED_EDGE ( 'NONE', *, *, #2308, .F. ) ;
#1453 = DIRECTION ( 'NONE',  ( 0.0000000000000000000, 1.000000000000000000, 0.0000000000000000000 ) ) ;
#1454 = SURFACE_STYLE_USAGE ( .BOTH. , #3527 ) ;
#1455 = DIRECTION ( 'NONE',  ( -1.000000000000000000, 0.0000000000000000000, 0.0000000000000000000 ) ) ;
#1456 = ADVANCED_FACE ( 'NONE', ( #3392 ), #281, .F. ) ;
#1457 = ORIENTED_EDGE ( 'NONE', *, *, #4551, .F. ) ;
#1458 = EDGE_CURVE ( 'NONE', #3569, #937, #964, .T. ) ;
#1459 = ORIENTED_EDGE ( 'NONE', *, *, #4101, .F. ) ;
#1460 = AXIS2_PLACEMENT_3D ( 'NONE', #674, #259, #1410 ) ;
#1461 = EDGE_CURVE ( 'NONE', #3522, #2072, #232, .T. ) ;
#1462 = DIRECTION ( 'NONE',  ( 0.0000000000000000000, 0.0000000000000000000, -1.000000000000000000 ) ) ;
#1463 = DIRECTION ( 'NONE',  ( 0.7071067811865465735, -5.233641528945909416E-17, -0.7071067811865484609 ) ) ;
#1464 = PLANE ( 'NONE',  #377 ) ;
#1465 = DIRECTION ( 'NONE',  ( 0.7071067811865474617, -0.0000000000000000000, -0.7071067811865474617 ) ) ;
#1466 = DIRECTION ( 'NONE',  ( 0.0000000000000000000, 0.0000000000000000000, 1.000000000000000000 ) ) ;
#1467 = STYLED_ITEM ( 'NONE', ( #1029 ), #4088 ) ;
#1468 = MECHANICAL_DESIGN_GEOMETRIC_PRESENTATION_REPRESENTATION (  '', ( #3799 ), #3476 ) ;
#1469 = CARTESIAN_POINT ( 'NONE',  ( 67.99999999999991473, 20.00000000000000355, 77.99999999999995737 ) ) ;
#1470 = DIRECTION ( 'NONE',  ( 0.0000000000000000000, 0.0000000000000000000, 1.000000000000000000 ) ) ;
#1471 = AXIS2_PLACEMENT_3D ( 'NONE', #2761, #1969, #2040 ) ;
#1472 = EDGE_LOOP ( 'NONE', ( #781, #2468 ) ) ;
#1473 = DIRECTION ( 'NONE',  ( -7.401486830834376525E-17, -1.000000000000000000, -0.0000000000000000000 ) ) ;
#1474 = CARTESIAN_POINT ( 'NONE',  ( 7.500000000000000000, 220.0000000000000284, 89.99999999999998579 ) ) ;
#1475 = CARTESIAN_POINT ( 'NONE',  ( 125.0000000000000568, 1280.000000000000000, 115.0000000000000142 ) ) ;
#1476 = VECTOR ( 'NONE', #1010, 1000.000000000000000 ) ;
#1477 = VERTEX_POINT ( 'NONE', #2328 ) ;
#1478 = VERTEX_POINT ( 'NONE', #1686 ) ;
#1479 = ADVANCED_FACE ( 'NONE', ( #4123 ), #1321, .F. ) ;
#1480 = SURFACE_SIDE_STYLE ('',( #2666 ) ) ;
#1481 = ORIENTED_EDGE ( 'NONE', *, *, #3276, .F. ) ;
#1482 = ORIENTED_EDGE ( 'NONE', *, *, #1257, .F. ) ;
#1483 = EDGE_CURVE ( 'NONE', #2840, #1043, #849, .T. ) ;
#1484 = AXIS2_PLACEMENT_3D ( 'NONE', #3926, #4279, #4672 ) ;
#1485 = DIRECTION ( 'NONE',  ( -0.0000000000000000000, 1.000000000000000000, 0.0000000000000000000 ) ) ;
#1486 = CARTESIAN_POINT ( 'NONE',  ( 7.500000000000005329, 220.0000000000000284, 109.9999999999999858 ) ) ;
#1487 = ORIENTED_EDGE ( 'NONE', *, *, #4465, .T. ) ;
#1488 = CARTESIAN_POINT ( 'NONE',  ( 90.00000000000000000, 220.0000000000000284, -7.500000000000013323 ) ) ;
#1489 = VECTOR ( 'NONE', #2497, 1000.000000000000000 ) ;
#1490 = EDGE_CURVE ( 'NONE', #2230, #2363, #4569, .T. ) ;
#1491 = COLOUR_RGB ( '',1.000000000000000000, 1.000000000000000000, 1.000000000000000000 ) ;
#1492 = DIRECTION ( 'NONE',  ( -0.0000000000000000000, -1.000000000000000000, -0.0000000000000000000 ) ) ;
#1493 = CARTESIAN_POINT ( 'NONE',  ( -90.00000000000000000, 220.0000000000000284, 7.500000000000013323 ) ) ;
#1494 = ORIENTED_EDGE ( 'NONE', *, *, #4340, .F. ) ;
#1495 = FILL_AREA_STYLE ('',( #1128 ) ) ;
#1496 = VECTOR ( 'NONE', #1142, 1000.000000000000000 ) ;
#1497 =( GEOMETRIC_REPRESENTATION_CONTEXT ( 3 ) GLOBAL_UNCERTAINTY_ASSIGNED_CONTEXT ( ( #3235 ) ) GLOBAL_UNIT_ASSIGNED_CONTEXT ( ( #3266, #1118, #1130 ) ) REPRESENTATION_CONTEXT ( 'NONE', 'WORKASPACE' ) );
#1498 = CYLINDRICAL_SURFACE ( 'NONE', #4655, 3.399999999999986144 ) ;
#1499 = VERTEX_POINT ( 'NONE', #3814 ) ;
#1500 = EDGE_LOOP ( 'NONE', ( #3551, #921, #3928, #2984 ) ) ;
#1501 = CARTESIAN_POINT ( 'NONE',  ( -124.9999999999999432, 1300.000000000000000, 115.0000000000000426 ) ) ;
#1502 = LINE ( 'NONE', #282, #1767 ) ;
#1503 = LINE ( 'NONE', #3117, #2042 ) ;
#1504 = AXIS2_PLACEMENT_3D ( 'NONE', #342, #3957, #2851 ) ;
#1505 = ORIENTED_EDGE ( 'NONE', *, *, #156, .F. ) ;
#1506 = ORIENTED_EDGE ( 'NONE', *, *, #3911, .T. ) ;
#1507 = PRESENTATION_LAYER_ASSIGNMENT (  '', '', ( #2131 ) ) ;
#1508 = LINE ( 'NONE', #151, #4092 ) ;
#1509 = CARTESIAN_POINT ( 'NONE',  ( -124.9999999999999716, 0.0000000000000000000, -125.0000000000000000 ) ) ;
#1510 = ORIENTED_EDGE ( 'NONE', *, *, #2099, .T. ) ;
#1511 = CYLINDRICAL_SURFACE ( 'NONE', #4104, 5.099999999999993427 ) ;
#1512 =( NAMED_UNIT ( * ) PLANE_ANGLE_UNIT ( ) SI_UNIT ( $, .RADIAN. ) );
#1513 =( NAMED_UNIT ( * ) SI_UNIT ( $, .STERADIAN. ) SOLID_ANGLE_UNIT ( ) );
#1514 = LINE ( 'NONE', #3051, #1561 ) ;
#1515 = VECTOR ( 'NONE', #4047, 1000.000000000000000 ) ;
#1516 = FILL_AREA_STYLE_COLOUR ( '', #1249 ) ;
#1517 =( GEOMETRIC_REPRESENTATION_CONTEXT ( 3 ) GLOBAL_UNCERTAINTY_ASSIGNED_CONTEXT ( ( #3927 ) ) GLOBAL_UNIT_ASSIGNED_CONTEXT ( ( #2114, #2456, #709 ) ) REPRESENTATION_CONTEXT ( 'NONE', 'WORKASPACE' ) );
#1518 = FILL_AREA_STYLE_COLOUR ( '', #3457 ) ;
#1519 =( GEOMETRIC_REPRESENTATION_CONTEXT ( 3 ) GLOBAL_UNCERTAINTY_ASSIGNED_CONTEXT ( ( #3386 ) ) GLOBAL_UNIT_ASSIGNED_CONTEXT ( ( #2767, #1709, #1730 ) ) REPRESENTATION_CONTEXT ( 'NONE', 'WORKASPACE' ) );
#1520 = DIRECTION ( 'NONE',  ( -0.0000000000000000000, 1.000000000000000000, -0.0000000000000000000 ) ) ;
#1521 = CARTESIAN_POINT ( 'NONE',  ( -62.50000000000002842, 1300.000000000000000, 7.654042494670957804E-15 ) ) ;
#1522 = DIRECTION ( 'NONE',  ( -0.0000000000000000000, 1.000000000000000000, -0.0000000000000000000 ) ) ;
#1523 =( NAMED_UNIT ( * ) PLANE_ANGLE_UNIT ( ) SI_UNIT ( $, .RADIAN. ) );
#1524 = AXIS2_PLACEMENT_3D ( 'NONE', #299, #1711, #2750 ) ;
#1525 =( NAMED_UNIT ( * ) SI_UNIT ( $, .STERADIAN. ) SOLID_ANGLE_UNIT ( ) );
#1526 = EDGE_CURVE ( 'NONE', #3818, #1908, #3880, .T. ) ;
#1527 = ADVANCED_FACE ( 'NONE', ( #2244, #182, #345, #2929, #1755 ), #4549, .T. ) ;
#1528 = ADVANCED_FACE ( 'NONE', ( #4514 ), #2588, .F. ) ;
#1529 = AXIS2_PLACEMENT_3D ( 'NONE', #2385, #2741, #3124 ) ;
#1530 = ORIENTED_EDGE ( 'NONE', *, *, #411, .F. ) ;
#1531 = PLANE ( 'NONE',  #3584 ) ;
#1532 = AXIS2_PLACEMENT_3D ( 'NONE', #1950, #3036, #1973 ) ;
#1533 = DIRECTION ( 'NONE',  ( -1.850371707708594316E-16, -0.0000000000000000000, -1.000000000000000000 ) ) ;
#1534 = ORIENTED_EDGE ( 'NONE', *, *, #2442, .T. ) ;
#1535 = ORIENTED_EDGE ( 'NONE', *, *, #3483, .T. ) ;
#1536 = DIRECTION ( 'NONE',  ( -0.0000000000000000000, -1.000000000000000000, -0.0000000000000000000 ) ) ;
#1537 = CARTESIAN_POINT ( 'NONE',  ( 150.0000000000000284, 20.00000000000000000, 139.9999999999999716 ) ) ;
#1538 = DIRECTION ( 'NONE',  ( 0.0000000000000000000, 0.0000000000000000000, 1.000000000000000000 ) ) ;
#1539 = FACE_OUTER_BOUND ( 'NONE', #3320, .T. ) ;
#1540 = STYLED_ITEM ( 'NONE', ( #4354 ), #2507 ) ;
#1541 = VERTEX_POINT ( 'NONE', #3474 ) ;
#1542 = ORIENTED_EDGE ( 'NONE', *, *, #1912, .F. ) ;
#1543 = CARTESIAN_POINT ( 'NONE',  ( 7.500000000000009770, 19.99999999999998934, 139.9999999999999716 ) ) ;
#1544 = ORIENTED_EDGE ( 'NONE', *, *, #3121, .F. ) ;
#1545 = EDGE_CURVE ( 'NONE', #2811, #1962, #1589, .T. ) ;
#1546 = DIRECTION ( 'NONE',  ( -0.7071067811865474617, -0.0000000000000000000, 0.7071067811865474617 ) ) ;
#1547 = ADVANCED_FACE ( 'NONE', ( #4458 ), #4209, .F. ) ;
#1548 = LINE ( 'NONE', #484, #970 ) ;
#1549 = ADVANCED_FACE ( 'NONE', ( #1862 ), #2744, .T. ) ;
#1550 = ORIENTED_EDGE ( 'NONE', *, *, #2828, .F. ) ;
#1551 = CIRCLE ( 'NONE', #2165, 3.500000000000003109 ) ;
#1552 = VECTOR ( 'NONE', #2255, 1000.000000000000000 ) ;
#1553 = CARTESIAN_POINT ( 'NONE',  ( 30.00000000000001421, 20.00000000000000000, 125.0000000000000000 ) ) ;
#1554 = CARTESIAN_POINT ( 'NONE',  ( -90.00000000000000000, 20.00000000000000355, -69.99999999999982947 ) ) ;
#1555 = ORIENTED_EDGE ( 'NONE', *, *, #3367, .F. ) ;
#1556 = CARTESIAN_POINT ( 'NONE',  ( -68.00000000000000000, 1280.000000000000000, 68.00000000000000000 ) ) ;
#1557 = DIRECTION ( 'NONE',  ( -0.0000000000000000000, 1.000000000000000000, -0.0000000000000000000 ) ) ;
#1559 = ORIENTED_EDGE ( 'NONE', *, *, #383, .F. ) ;
#1558 = CARTESIAN_POINT ( 'NONE',  ( 124.9999999999999716, 20.00000000000000000, 117.5000000000000000 ) ) ;
#1560 = PRESENTATION_LAYER_ASSIGNMENT (  '', '', ( #3703 ) ) ;
#1561 = VECTOR ( 'NONE', #1667, 1000.000000000000000 ) ;
#1562 = CARTESIAN_POINT ( 'NONE',  ( -90.00000000000000000, 19.99999999999998934, -7.499999999999985789 ) ) ;
#1563 = ORIENTED_EDGE ( 'NONE', *, *, #1051, .T. ) ;
#1564 = CARTESIAN_POINT ( 'NONE',  ( -7.500000000000007105, 20.00000000000001776, -139.9999999999999716 ) ) ;
#1565 = ORIENTED_EDGE ( 'NONE', *, *, #896, .T. ) ;
#1566 = CARTESIAN_POINT ( 'NONE',  ( 7.500000000000005329, 220.0000000000000284, 109.9999999999999858 ) ) ;
#1567 = DIRECTION ( 'NONE',  ( 0.0000000000000000000, 0.0000000000000000000, 1.000000000000000000 ) ) ;
#1568 = PLANE ( 'NONE',  #3103 ) ;
#1569 = DIRECTION ( 'NONE',  ( 0.0000000000000000000, 0.0000000000000000000, 1.000000000000000000 ) ) ;
#1570 = ORIENTED_EDGE ( 'NONE', *, *, #3087, .T. ) ;
#1571 = ADVANCED_FACE ( 'NONE', ( #277 ), #560, .F. ) ;
#1572 = DIRECTION ( 'NONE',  ( -0.0000000000000000000, -1.000000000000000000, -0.0000000000000000000 ) ) ;
#1573 = CARTESIAN_POINT ( 'NONE',  ( -29.99999999999998579, 0.0000000000000000000, 125.0000000000000284 ) ) ;
#1574 = APPLICATION_CONTEXT ( 'automotive_design' ) ;
#1575 = MANIFOLD_SOLID_BREP ( 'Gusset1', #1802 ) ;
#1576 = ORIENTED_EDGE ( 'NONE', *, *, #358, .T. ) ;
#1577 = LINE ( 'NONE', #3909, #2238 ) ;
#1578 = PRODUCT_DEFINITION_FORMATION_WITH_SPECIFIED_SOURCE ( 'ANY', '', #1190, .NOT_KNOWN. ) ;
#1579 = ORIENTED_EDGE ( 'NONE', *, *, #356, .F. ) ;
#1580 = VERTEX_POINT ( 'NONE', #2790 ) ;
#1581 = DIRECTION ( 'NONE',  ( -0.0000000000000000000, 1.000000000000000000, -0.0000000000000000000 ) ) ;
#1582 = ORIENTED_EDGE ( 'NONE', *, *, #957, .T. ) ;
#1583 =( GEOMETRIC_REPRESENTATION_CONTEXT ( 3 ) GLOBAL_UNCERTAINTY_ASSIGNED_CONTEXT ( ( #725 ) ) GLOBAL_UNIT_ASSIGNED_CONTEXT ( ( #531, #3043, #3413 ) ) REPRESENTATION_CONTEXT ( 'NONE', 'WORKASPACE' ) );
#1584 = DIRECTION ( 'NONE',  ( -0.0000000000000000000, 1.000000000000000000, -0.0000000000000000000 ) ) ;
#1585 = EDGE_LOOP ( 'NONE', ( #1199, #1028, #254, #2193 ) ) ;
#1586 = ADVANCED_FACE ( 'NONE', ( #1539 ), #3226, .F. ) ;
#1587 = CARTESIAN_POINT ( 'NONE',  ( 90.00000000000000000, 1300.000000000000000, 84.90000000000000568 ) ) ;
#1588 = EDGE_LOOP ( 'NONE', ( #1623, #3218, #1505, #3959 ) ) ;
#1589 = LINE ( 'NONE', #2028, #1642 ) ;
#1590 = EDGE_LOOP ( 'NONE', ( #727, #1708 ) ) ;
#1591 = DIRECTION ( 'NONE',  ( -0.0000000000000000000, 1.000000000000000000, -0.0000000000000000000 ) ) ;
#1592 = CARTESIAN_POINT ( 'NONE',  ( -7.500000000001158185, 0.0000000000000000000, 150.0000000000000284 ) ) ;
#1593 = CARTESIAN_POINT ( 'NONE',  ( 0.0000000000000000000, 1.387778780781445676E-14, -7.500000000000013323 ) ) ;
#1594 = FACE_OUTER_BOUND ( 'NONE', #1359, .T. ) ;
#1595 = PRESENTATION_LAYER_ASSIGNMENT (  '', '', ( #1540 ) ) ;
#1596 = VECTOR ( 'NONE', #3737, 1000.000000000000000 ) ;
#1597 = ORIENTED_EDGE ( 'NONE', *, *, #4066, .T. ) ;
#1598 = CARTESIAN_POINT ( 'NONE',  ( 90.00000000000000000, 1300.000000000000000, -90.00000000000000000 ) ) ;
#1599 = VECTOR ( 'NONE', #1557, 1000.000000000000000 ) ;
#1600 = LINE ( 'NONE', #3585, #3548 ) ;
#1601 = EDGE_CURVE ( 'NONE', #89, #1156, #1316, .T. ) ;
#1602 = ORIENTED_EDGE ( 'NONE', *, *, #3881, .F. ) ;
#1603 = EDGE_CURVE ( 'NONE', #3569, #4631, #3201, .T. ) ;
#1604 = CARTESIAN_POINT ( 'NONE',  ( 124.9999999999999716, 20.00000000000000000, 125.0000000000000000 ) ) ;
#1605 = VERTEX_POINT ( 'NONE', #338 ) ;
#1606 = VECTOR ( 'NONE', #3969, 1000.000000000000000 ) ;
#1607 = LINE ( 'NONE', #427, #634 ) ;
#1608 = VECTOR ( 'NONE', #2295, 1000.000000000000000 ) ;
#1609 = AXIS2_PLACEMENT_3D ( 'NONE', #3896, #962, #690 ) ;
#1610 = ORIENTED_EDGE ( 'NONE', *, *, #3666, .F. ) ;
#1611 = EDGE_LOOP ( 'NONE', ( #1542, #3972 ) ) ;
#1612 = VERTEX_POINT ( 'NONE', #4663 ) ;
#1613 = EDGE_CURVE ( 'NONE', #1838, #741, #1702, .T. ) ;
#1614 = CARTESIAN_POINT ( 'NONE',  ( 9.184850993605150311E-15, 0.0000000000000000000, -75.00000000000001421 ) ) ;
#1615 = SURFACE_SIDE_STYLE ('',( #457 ) ) ;
#1617 = FACE_OUTER_BOUND ( 'NONE', #54, .T. ) ;
#1616 = CARTESIAN_POINT ( 'NONE',  ( -124.9999999999999716, 20.00000000000000000, 30.00000000000000000 ) ) ;
#1618 = LINE ( 'NONE', #378, #4481 ) ;
#1619 = ORIENTED_EDGE ( 'NONE', *, *, #1102, .F. ) ;
#1620 = FILL_AREA_STYLE_COLOUR ( '', #3053 ) ;
#1621 = AXIS2_PLACEMENT_3D ( 'NONE', #2756, #229, #2398 ) ;
#1622 = ORIENTED_EDGE ( 'NONE', *, *, #1729, .T. ) ;
#1623 = ORIENTED_EDGE ( 'NONE', *, *, #3340, .T. ) ;
#1624 = ORIENTED_EDGE ( 'NONE', *, *, #4340, .T. ) ;
#1625 = DIRECTION ( 'NONE',  ( 1.000000000000000000, 0.0000000000000000000, 0.0000000000000000000 ) ) ;
#1626 = CARTESIAN_POINT ( 'NONE',  ( 125.0000000000000568, 1280.000000000000000, -114.9999999999999858 ) ) ;
#1627 = DIRECTION ( 'NONE',  ( 1.000000000000000000, -0.0000000000000000000, -0.0000000000000000000 ) ) ;
#1628 = DIRECTION ( 'NONE',  ( -1.850371707708594316E-16, -0.0000000000000000000, -1.000000000000000000 ) ) ;
#1629 = EDGE_CURVE ( 'NONE', #2858, #1728, #4620, .T. ) ;
#1630 = EDGE_CURVE ( 'NONE', #3890, #3936, #2531, .T. ) ;
#1631 = CARTESIAN_POINT ( 'NONE',  ( 30.00000000000000000, 20.00000000000000000, -120.5000000000000000 ) ) ;
#1632 = DIRECTION ( 'NONE',  ( 0.0000000000000000000, 0.0000000000000000000, 1.000000000000000000 ) ) ;
#1633 = PLANE ( 'NONE',  #4499 ) ;
#1634 = PLANE ( 'NONE',  #3383 ) ;
#1635 = CARTESIAN_POINT ( 'NONE',  ( -70.00000000000000000, 1300.000000000000000, 98.50000000000000000 ) ) ;
#1636 = DIRECTION ( 'NONE',  ( -0.7071067811865455743, 0.0000000000000000000, -0.7071067811865493491 ) ) ;
#1637 = SURFACE_STYLE_FILL_AREA ( #1851 ) ;
#1638 = ORIENTED_EDGE ( 'NONE', *, *, #765, .T. ) ;
#1639 = ORIENTED_EDGE ( 'NONE', *, *, #1181, .T. ) ;
#1640 = AXIS2_PLACEMENT_3D ( 'NONE', #4107, #2697, #553 ) ;
#1641 = DIRECTION ( 'NONE',  ( -0.0000000000000000000, -1.000000000000000000, -0.0000000000000000000 ) ) ;
#1642 = VECTOR ( 'NONE', #1379, 1000.000000000000000 ) ;
#1643 = ORIENTED_EDGE ( 'NONE', *, *, #1033, .T. ) ;
#1644 = CARTESIAN_POINT ( 'NONE',  ( 30.00000000000001421, 0.0000000000000000000, 121.5999999999999943 ) ) ;
#1645 = DIRECTION ( 'NONE',  ( 0.0000000000000000000, 1.000000000000000000, 0.0000000000000000000 ) ) ;
#1646 = EDGE_LOOP ( 'NONE', ( #2765, #4232 ) ) ;
#1647 = CIRCLE ( 'NONE', #248, 2.499999999999946709 ) ;
#1648 = CARTESIAN_POINT ( 'NONE',  ( -150.0000000000000284, 0.0000000000000000000, -150.0000000000000000 ) ) ;
#1649 = CARTESIAN_POINT ( 'NONE',  ( 149.9999999999999716, 0.0000000000000000000, -139.9999999999999716 ) ) ;
#1650 = EDGE_CURVE ( 'NONE', #1605, #3380, #2300, .T. ) ;
#1651 = ORIENTED_EDGE ( 'NONE', *, *, #743, .T. ) ;
#1652 = AXIS2_PLACEMENT_3D ( 'NONE', #2597, #1222, #455 ) ;
#1653 = VECTOR ( 'NONE', #2169, 999.9999999999998863 ) ;
#1654 = LINE ( 'NONE', #1566, #3552 ) ;
#1655 = AXIS2_PLACEMENT_3D ( 'NONE', #2078, #1776, #4271 ) ;
#1656 = AXIS2_PLACEMENT_3D ( 'NONE', #296, #1391, #2045 ) ;
#1657 = CIRCLE ( 'NONE', #1869, 2.499999999999946709 ) ;
#1658 = ADVANCED_FACE ( 'NONE', ( #340 ), #4346, .F. ) ;
#1659 = EDGE_LOOP ( 'NONE', ( #346, #1319, #3510, #460 ) ) ;
#1660 = PLANE ( 'NONE',  #1285 ) ;
#1661 = CARTESIAN_POINT ( 'NONE',  ( -78.00000000000000000, 20.00000000000000355, -67.99999999999991473 ) ) ;
#1662 = ORIENTED_EDGE ( 'NONE', *, *, #4272, .F. ) ;
#1663 = ORIENTED_EDGE ( 'NONE', *, *, #4187, .F. ) ;
#1664 = PLANE ( 'NONE',  #1240 ) ;
#1665 = VECTOR ( 'NONE', #3630, 1000.000000000000000 ) ;
#1666 = FACE_BOUND ( 'NONE', #4597, .T. ) ;
#1667 = DIRECTION ( 'NONE',  ( 1.000000000000000000, -0.0000000000000000000, -0.0000000000000000000 ) ) ;
#1668 = EDGE_LOOP ( 'NONE', ( #2600, #448 ) ) ;
#1669 = SURFACE_STYLE_FILL_AREA ( #4452 ) ;
#1670 = PRESENTATION_STYLE_ASSIGNMENT (( #3432 ) ) ;
#1671 = DIRECTION ( 'NONE',  ( 1.000000000000000000, 1.759078375084749961E-34, 0.0000000000000000000 ) ) ;
#1672 = VERTEX_POINT ( 'NONE', #307 ) ;
#1673 = ORIENTED_EDGE ( 'NONE', *, *, #2155, .F. ) ;
#1674 = CARTESIAN_POINT ( 'NONE',  ( 77.99999999999998579, 1280.000000000000000, -67.99999999999991473 ) ) ;
#1675 = DIRECTION ( 'NONE',  ( 1.000000000000000000, -9.244463733058732095E-33, -1.982541115402069054E-16 ) ) ;
#1676 =( LENGTH_UNIT ( ) NAMED_UNIT ( * ) SI_UNIT ( .MILLI., .METRE. ) );
#1677 = STYLED_ITEM ( 'NONE', ( #209 ), #2805 ) ;
#1678 = EDGE_LOOP ( 'NONE', ( #2819, #1807, #1624, #1390 ) ) ;
#1679 = CARTESIAN_POINT ( 'NONE',  ( -90.00000000000000000, 220.0000000000000284, 7.500000000000013323 ) ) ;
#1680 = CARTESIAN_POINT ( 'NONE',  ( 77.99999999999998579, 1255.000000000000227, -42.50000000000004974 ) ) ;
#1681 = DIRECTION ( 'NONE',  ( 0.0000000000000000000, 1.000000000000000000, 0.0000000000000000000 ) ) ;
#1682 = ADVANCED_FACE ( 'NONE', ( #3263, #4118, #3145, #2187, #4228, #3995, #2080, #1144, #2925, #1961, #3037, #2073, #3648, #330 ), #3534, .F. ) ;
#1683 = VECTOR ( 'NONE', #924, 1000.000000000000000 ) ;
#1684 = AXIS2_PLACEMENT_3D ( 'NONE', #4143, #4184, #3466 ) ;
#1685 = DIRECTION ( 'NONE',  ( -0.0000000000000000000, -1.000000000000000000, -0.0000000000000000000 ) ) ;
#1686 = CARTESIAN_POINT ( 'NONE',  ( -9.948639134726988686E-13, 0.0000000000000000000, 142.5000000000000568 ) ) ;
#1687 = CARTESIAN_POINT ( 'NONE',  ( 1.480297366166872495E-15, 1300.000000000000000, 0.0000000000000000000 ) ) ;
#1688 = MECHANICAL_DESIGN_GEOMETRIC_PRESENTATION_REPRESENTATION (  '', ( #4360 ), #1911 ) ;
#1689 = CARTESIAN_POINT ( 'NONE',  ( 150.0000000000000000, 20.00000000000000000, 7.500000000000524025 ) ) ;
#1690 = DIRECTION ( 'NONE',  ( -0.7071067811865474617, -0.0000000000000000000, 0.7071067811865474617 ) ) ;
#1691 = CYLINDRICAL_SURFACE ( 'NONE', #2661, 3.400000000000000355 ) ;
#1692 = EDGE_CURVE ( 'NONE', #3708, #1909, #942, .T. ) ;
#1693 = DIRECTION ( 'NONE',  ( 0.0000000000000000000, 0.0000000000000000000, 1.000000000000000000 ) ) ;
#1694 = EDGE_LOOP ( 'NONE', ( #3454, #3744, #3871, #3369, #1206 ) ) ;
#1695 = VECTOR ( 'NONE', #1473, 1000.000000000000000 ) ;
#1696 = DIRECTION ( 'NONE',  ( 0.0000000000000000000, 0.0000000000000000000, 1.000000000000000000 ) ) ;
#1697 = ORIENTED_EDGE ( 'NONE', *, *, #441, .F. ) ;
#1698 = AXIS2_PLACEMENT_3D ( 'NONE', #2695, #3417, #168 ) ;
#1699 = CARTESIAN_POINT ( 'NONE',  ( -67.99999999999991473, 1280.000000000000000, 78.00000000000000000 ) ) ;
#1700 = ORIENTED_EDGE ( 'NONE', *, *, #496, .F. ) ;
#1701 = FILL_AREA_STYLE ('',( #1361 ) ) ;
#1702 = LINE ( 'NONE', #1058, #1260 ) ;
#1703 = AXIS2_PLACEMENT_3D ( 'NONE', #1782, #4657, #2157 ) ;
#1704 = EDGE_LOOP ( 'NONE', ( #1982, #287, #868, #273 ) ) ;
#1705 = LINE ( 'NONE', #1867, #733 ) ;
#1706 = FACE_OUTER_BOUND ( 'NONE', #2879, .T. ) ;
#1707 = VERTEX_POINT ( 'NONE', #2509 ) ;
#1708 = ORIENTED_EDGE ( 'NONE', *, *, #1126, .F. ) ;
#1709 =( NAMED_UNIT ( * ) PLANE_ANGLE_UNIT ( ) SI_UNIT ( $, .RADIAN. ) );
#1710 = FACE_BOUND ( 'NONE', #4316, .T. ) ;
#1711 = DIRECTION ( 'NONE',  ( -0.0000000000000000000, 1.000000000000000000, -0.0000000000000000000 ) ) ;
#1712 = PLANE ( 'NONE',  #1235 ) ;
#1713 = LINE ( 'NONE', #3673, #740 ) ;
#1714 = ORIENTED_EDGE ( 'NONE', *, *, #846, .F. ) ;
#1715 = ORIENTED_EDGE ( 'NONE', *, *, #712, .F. ) ;
#1716 = FACE_BOUND ( 'NONE', #3994, .T. ) ;
#1717 = CIRCLE ( 'NONE', #3435, 19.99999999999998934 ) ;
#1718 = FACE_OUTER_BOUND ( 'NONE', #2293, .T. ) ;
#1719 = DIRECTION ( 'NONE',  ( 0.7071067811865455743, -0.0000000000000000000, 0.7071067811865493491 ) ) ;
#1720 = DIRECTION ( 'NONE',  ( -1.000000000000000000, 0.0000000000000000000, 1.850371707708594316E-16 ) ) ;
#1721 = DIRECTION ( 'NONE',  ( 0.0000000000000000000, 0.0000000000000000000, 1.000000000000000000 ) ) ;
#1722 = ORIENTED_EDGE ( 'NONE', *, *, #743, .F. ) ;
#1723 = EDGE_CURVE ( 'NONE', #252, #504, #2783, .T. ) ;
#1724 = ORIENTED_EDGE ( 'NONE', *, *, #558, .F. ) ;
#1725 = CARTESIAN_POINT ( 'NONE',  ( -90.00000000000000000, 1280.000000000000000, -90.00000000000000000 ) ) ;
#1726 = CYLINDRICAL_SURFACE ( 'NONE', #2035, 5.099999999999993427 ) ;
#1727 = LINE ( 'NONE', #1916, #695 ) ;
#1728 = VERTEX_POINT ( 'NONE', #4262 ) ;
#1729 = EDGE_CURVE ( 'NONE', #3736, #785, #1880, .T. ) ;
#1730 =( NAMED_UNIT ( * ) SI_UNIT ( $, .STERADIAN. ) SOLID_ANGLE_UNIT ( ) );
#1731 = CARTESIAN_POINT ( 'NONE',  ( 78.00000000000000000, 1215.000000000000000, 47.49999999999994316 ) ) ;
#1732 = VERTEX_POINT ( 'NONE', #3270 ) ;
#1733 = VERTEX_POINT ( 'NONE', #3662 ) ;
#1734 = ORIENTED_EDGE ( 'NONE', *, *, #3973, .T. ) ;
#1735 = SURFACE_STYLE_USAGE ( .BOTH. , #2443 ) ;
#1736 =( GEOMETRIC_REPRESENTATION_CONTEXT ( 3 ) GLOBAL_UNCERTAINTY_ASSIGNED_CONTEXT ( ( #1303 ) ) GLOBAL_UNIT_ASSIGNED_CONTEXT ( ( #3622, #1836, #3996 ) ) REPRESENTATION_CONTEXT ( 'NONE', 'WORKASPACE' ) );
#1737 = CARTESIAN_POINT ( 'NONE',  ( -114.9999999999999574, 1280.000000000000000, -124.9999999999999432 ) ) ;
#1738 = SURFACE_SIDE_STYLE ('',( #1227 ) ) ;
#1739 = FILL_AREA_STYLE ('',( #3480 ) ) ;
#1740 = CARTESIAN_POINT ( 'NONE',  ( -90.00000000000000000, 19.99999999999998934, 7.500000000000013323 ) ) ;
#1741 = ORIENTED_EDGE ( 'NONE', *, *, #2302, .F. ) ;
#1742 = DIRECTION ( 'NONE',  ( 0.0000000000000000000, -0.0000000000000000000, 1.000000000000000000 ) ) ;
#1743 = DIRECTION ( 'NONE',  ( 0.0000000000000000000, 1.000000000000000000, 0.0000000000000000000 ) ) ;
#1744 = FACE_OUTER_BOUND ( 'NONE', #3629, .T. ) ;
#1745 = DIRECTION ( 'NONE',  ( 1.000000000000000000, -0.0000000000000000000, -0.0000000000000000000 ) ) ;
#1746 = CARTESIAN_POINT ( 'NONE',  ( -110.0000000000000000, 220.0000000000000568, 7.500000000000013323 ) ) ;
#1747 = EDGE_CURVE ( 'NONE', #367, #953, #2262, .T. ) ;
#1748 = EDGE_CURVE ( 'NONE', #2896, #1541, #2770, .T. ) ;
#1749 = CARTESIAN_POINT ( 'NONE',  ( 124.9999999999999716, 20.00000000000000000, 125.0000000000000000 ) ) ;
#1750 = ORIENTED_EDGE ( 'NONE', *, *, #1458, .T. ) ;
#1751 = VERTEX_POINT ( 'NONE', #3594 ) ;
#1752 = ORIENTED_EDGE ( 'NONE', *, *, #2066, .T. ) ;
#1753 = CARTESIAN_POINT ( 'NONE',  ( -7.500000000000007105, 20.00000000000001776, -139.9999999999999716 ) ) ;
#1754 = EDGE_CURVE ( 'NONE', #3743, #2139, #1949, .T. ) ;
#1755 = FACE_OUTER_BOUND ( 'NONE', #394, .T. ) ;
#1756 = VERTEX_POINT ( 'NONE', #432 ) ;
#1757 = VERTEX_POINT ( 'NONE', #4374 ) ;
#1758 = FACE_OUTER_BOUND ( 'NONE', #53, .T. ) ;
#1759 = CARTESIAN_POINT ( 'NONE',  ( 124.9999999999999716, 20.00000000000000000, 117.5000000000000000 ) ) ;
#1760 = CARTESIAN_POINT ( 'NONE',  ( -114.9999999999999574, 1300.000000000000000, -124.9999999999999432 ) ) ;
#1761 = VERTEX_POINT ( 'NONE', #2532 ) ;
#1762 = LINE ( 'NONE', #3750, #3210 ) ;
#1763 = DIRECTION ( 'NONE',  ( -7.401486830834376525E-17, -1.000000000000000000, 0.0000000000000000000 ) ) ;
#1764 = CARTESIAN_POINT ( 'NONE',  ( -124.9999999999999716, 20.00000000000000000, -34.49999999999999289 ) ) ;
#1765 = CARTESIAN_POINT ( 'NONE',  ( -7.500000000000000000, 20.00000000000003197, -89.99999999999998579 ) ) ;
#1766 = EDGE_LOOP ( 'NONE', ( #3543, #1036, #1117, #631 ) ) ;
#1767 = VECTOR ( 'NONE', #658, 999.9999999999998863 ) ;
#1768 = VECTOR ( 'NONE', #4083, 1000.000000000000000 ) ;
#1769 = LINE ( 'NONE', #4214, #2095 ) ;
#1770 = ORIENTED_EDGE ( 'NONE', *, *, #2173, .T. ) ;
#1771 = ORIENTED_EDGE ( 'NONE', *, *, #2219, .T. ) ;
#1772 = VECTOR ( 'NONE', #3568, 1000.000000000000000 ) ;
#1773 = LINE ( 'NONE', #395, #2320 ) ;
#1774 = ORIENTED_EDGE ( 'NONE', *, *, #771, .T. ) ;
#1775 = CARTESIAN_POINT ( 'NONE',  ( 115.0000000000000711, 1280.000000000000000, -124.9999999999999432 ) ) ;
#1776 = DIRECTION ( 'NONE',  ( -0.0000000000000000000, 1.000000000000000000, -0.0000000000000000000 ) ) ;
#1777 = FACE_OUTER_BOUND ( 'NONE', #4135, .T. ) ;
#1778 = UNCERTAINTY_MEASURE_WITH_UNIT (LENGTH_MEASURE( 1.000000000000000082E-05 ), #2534, 'distance_accuracy_value', 'NONE');
#1779 = ORIENTED_EDGE ( 'NONE', *, *, #156, .T. ) ;
#1780 = CARTESIAN_POINT ( 'NONE',  ( -114.9999999999999574, 1300.000000000000000, -124.9999999999999432 ) ) ;
#1781 = ORIENTED_EDGE ( 'NONE', *, *, #4159, .T. ) ;
#1782 = CARTESIAN_POINT ( 'NONE',  ( -68.00000000000000000, 1280.000000000000000, 68.00000000000000000 ) ) ;
#1783 = CARTESIAN_POINT ( 'NONE',  ( -114.9999999999999574, 1280.000000000000000, -124.9999999999999432 ) ) ;
#1784 = DIRECTION ( 'NONE',  ( -0.0000000000000000000, 1.000000000000000000, -0.0000000000000000000 ) ) ;
#1785 = MECHANICAL_DESIGN_GEOMETRIC_PRESENTATION_REPRESENTATION (  '', ( #1467 ), #1 ) ;
#1786 = CARTESIAN_POINT ( 'NONE',  ( 62.49999999999997868, 1280.000000000000000, 0.0000000000000000000 ) ) ;
#1787 = AXIS2_PLACEMENT_3D ( 'NONE', #2115, #4638, #3883 ) ;
#1788 = AXIS2_PLACEMENT_3D ( 'NONE', #1318, #2051, #1360 ) ;
#1789 = DIRECTION ( 'NONE',  ( 0.0000000000000000000, 0.0000000000000000000, 1.000000000000000000 ) ) ;
#1790 = CARTESIAN_POINT ( 'NONE',  ( 7.500000000000000000, -0.001000000000001000089, -150.0000000000000284 ) ) ;
#1791 = DIRECTION ( 'NONE',  ( 0.0000000000000000000, 0.0000000000000000000, 1.000000000000000000 ) ) ;
#1792 = PLANE ( 'NONE',  #4089 ) ;
#1793 = DIRECTION ( 'NONE',  ( 1.982541115402069301E-16, -4.409720963005085396E-35, 1.000000000000000000 ) ) ;
#1794 = DIRECTION ( 'NONE',  ( 0.0000000000000000000, 0.0000000000000000000, 1.000000000000000000 ) ) ;
#1795 = CARTESIAN_POINT ( 'NONE',  ( -2.288491976566047810E-14, 1280.000000000000000, 0.0000000000000000000 ) ) ;
#1796 = DIRECTION ( 'NONE',  ( -0.0000000000000000000, 1.000000000000000000, -0.0000000000000000000 ) ) ;
#1797 = ORIENTED_EDGE ( 'NONE', *, *, #3866, .T. ) ;
#1798 = FACE_OUTER_BOUND ( 'NONE', #511, .T. ) ;
#1799 = CARTESIAN_POINT ( 'NONE',  ( -29.99999999999998579, 20.00000000000000000, 129.5000000000000284 ) ) ;
#1800 = ORIENTED_EDGE ( 'NONE', *, *, #620, .F. ) ;
#1801 = DIRECTION ( 'NONE',  ( -0.0000000000000000000, 1.000000000000000000, -0.0000000000000000000 ) ) ;
#1802 = CLOSED_SHELL ( 'NONE', ( #4557, #1193, #2178, #2690, #1547, #944, #4348 ) ) ;
#1803 = VERTEX_POINT ( 'NONE', #1175 ) ;
#1804 = SURFACE_SIDE_STYLE ('',( #526 ) ) ;
#1805 = ORIENTED_EDGE ( 'NONE', *, *, #3035, .F. ) ;
#1806 = CARTESIAN_POINT ( 'NONE',  ( 90.00000000000000000, 1300.000000000000000, -95.09999999999999432 ) ) ;
#1807 = ORIENTED_EDGE ( 'NONE', *, *, #1013, .T. ) ;
#1808 = CYLINDRICAL_SURFACE ( 'NONE', #3777, 2.499999999999946709 ) ;
#1809 = ORIENTED_EDGE ( 'NONE', *, *, #3570, .F. ) ;
#1810 = ORIENTED_EDGE ( 'NONE', *, *, #3598, .T. ) ;
#1811 = PRESENTATION_STYLE_ASSIGNMENT (( #4218 ) ) ;
#1812 = FACE_BOUND ( 'NONE', #36, .T. ) ;
#1813 = CARTESIAN_POINT ( 'NONE',  ( -114.9999999999999574, 1300.000000000000000, 125.0000000000000000 ) ) ;
#1814 = CARTESIAN_POINT ( 'NONE',  ( 0.0000000000000000000, 0.0000000000000000000, 0.0000000000000000000 ) ) ;
#1815 = ADVANCED_FACE ( 'NONE', ( #3567 ), #931, .F. ) ;
#1816 = EDGE_LOOP ( 'NONE', ( #1347, #4052 ) ) ;
#1817 = CIRCLE ( 'NONE', #2983, 3.400000000000000355 ) ;
#1818 = LINE ( 'NONE', #2171, #3954 ) ;
#1819 = CIRCLE ( 'NONE', #807, 20.00000000000000355 ) ;
#1820 = AXIS2_PLACEMENT_3D ( 'NONE', #4440, #477, #3356 ) ;
#1821 = ORIENTED_EDGE ( 'NONE', *, *, #3664, .F. ) ;
#1822 =( NAMED_UNIT ( * ) SI_UNIT ( $, .STERADIAN. ) SOLID_ANGLE_UNIT ( ) );
#1824 = EDGE_LOOP ( 'NONE', ( #128, #2249 ) ) ;
#1823 = CARTESIAN_POINT ( 'NONE',  ( 70.00000000000000000, 1299.500000000000000, -95.00000000000000000 ) ) ;
#1825 = VECTOR ( 'NONE', #3706, 1000.000000000000000 ) ;
#1826 = ORIENTED_EDGE ( 'NONE', *, *, #2462, .F. ) ;
#1827 = LINE ( 'NONE', #2368, #2678 ) ;
#1828 = AXIS2_PLACEMENT_3D ( 'NONE', #2053, #588, #3482 ) ;
#1829 = DIRECTION ( 'NONE',  ( 1.000000000000000000, -0.0000000000000000000, -0.0000000000000000000 ) ) ;
#1830 = FACE_OUTER_BOUND ( 'NONE', #3162, .T. ) ;
#1831 = VERTEX_POINT ( 'NONE', #2882 ) ;
#1832 = UNCERTAINTY_MEASURE_WITH_UNIT (LENGTH_MEASURE( 1.000000000000000082E-05 ), #3186, 'distance_accuracy_value', 'NONE');
#1833 = VECTOR ( 'NONE', #3702, 1000.000000000000000 ) ;
#1834 = DIRECTION ( 'NONE',  ( 0.0000000000000000000, 0.0000000000000000000, 1.000000000000000000 ) ) ;
#1835 = DIRECTION ( 'NONE',  ( -0.7071067811865475727, 0.0000000000000000000, -0.7071067811865475727 ) ) ;
#1836 =( NAMED_UNIT ( * ) PLANE_ANGLE_UNIT ( ) SI_UNIT ( $, .RADIAN. ) );
#1837 = DIRECTION ( 'NONE',  ( 0.0000000000000000000, 0.0000000000000000000, -1.000000000000000000 ) ) ;
#1838 = VERTEX_POINT ( 'NONE', #379 ) ;
#1839 = EDGE_CURVE ( 'NONE', #1381, #52, #3465, .T. ) ;
#1840 = DIRECTION ( 'NONE',  ( -0.0000000000000000000, 1.000000000000000000, -0.0000000000000000000 ) ) ;
#1841 = CARTESIAN_POINT ( 'NONE',  ( -90.00000000000000000, 1300.000000000000000, -84.90000000000000568 ) ) ;
#1842 =( LENGTH_UNIT ( ) NAMED_UNIT ( * ) SI_UNIT ( .MILLI., .METRE. ) );
#1843 = EDGE_CURVE ( 'NONE', #2024, #2869, #875, .T. ) ;
#1844 = ADVANCED_FACE ( 'NONE', ( #2324 ), #201, .F. ) ;
#1845 = SURFACE_STYLE_USAGE ( .BOTH. , #45 ) ;
#1846 =( GEOMETRIC_REPRESENTATION_CONTEXT ( 3 ) GLOBAL_UNCERTAINTY_ASSIGNED_CONTEXT ( ( #3502 ) ) GLOBAL_UNIT_ASSIGNED_CONTEXT ( ( #2069, #3152, #628 ) ) REPRESENTATION_CONTEXT ( 'NONE', 'WORKASPACE' ) );
#1847 = PLANE ( 'NONE',  #2899 ) ;
#1848 = CARTESIAN_POINT ( 'NONE',  ( 70.00000000000000000, 1299.500000000000000, -95.00000000000000000 ) ) ;
#1849 = DIRECTION ( 'NONE',  ( 1.000000000000000000, -0.0000000000000000000, -0.0000000000000000000 ) ) ;
#1850 = VERTEX_POINT ( 'NONE', #2974 ) ;
#1851 = FILL_AREA_STYLE ('',( #1516 ) ) ;
#1852 = CARTESIAN_POINT ( 'NONE',  ( -124.9999999999999716, 20.00000000000000000, 26.59999999999999787 ) ) ;
#1853 = DIRECTION ( 'NONE',  ( 0.0000000000000000000, 0.0000000000000000000, 1.000000000000000000 ) ) ;
#1854 = CIRCLE ( 'NONE', #2746, 5.099999999999993427 ) ;
#1855 = ORIENTED_EDGE ( 'NONE', *, *, #2914, .T. ) ;
#1856 = VERTEX_POINT ( 'NONE', #3358 ) ;
#1857 = EDGE_LOOP ( 'NONE', ( #2834, #3500, #676, #194 ) ) ;
#1858 = EDGE_LOOP ( 'NONE', ( #2985, #2381 ) ) ;
#1859 =( GEOMETRIC_REPRESENTATION_CONTEXT ( 3 ) GLOBAL_UNCERTAINTY_ASSIGNED_CONTEXT ( ( #382 ) ) GLOBAL_UNIT_ASSIGNED_CONTEXT ( ( #4463, #855, #3338 ) ) REPRESENTATION_CONTEXT ( 'NONE', 'WORKASPACE' ) );
#1860 = EDGE_CURVE ( 'NONE', #3470, #953, #1398, .T. ) ;
#1861 = AXIS2_PLACEMENT_3D ( 'NONE', #4138, #4121, #4487 ) ;
#1862 = FACE_OUTER_BOUND ( 'NONE', #4062, .T. ) ;
#1863 = ORIENTED_EDGE ( 'NONE', *, *, #286, .T. ) ;
#1864 = ADVANCED_FACE ( 'NONE', ( #418 ), #491, .T. ) ;
#1865 = FACE_OUTER_BOUND ( 'NONE', #1766, .T. ) ;
#1866 = EDGE_CURVE ( 'NONE', #2636, #2535, #3517, .T. ) ;
#1867 = CARTESIAN_POINT ( 'NONE',  ( 90.00000000000000000, 1300.000000000000000, -84.90000000000000568 ) ) ;
#1868 = ORIENTED_EDGE ( 'NONE', *, *, #846, .T. ) ;
#1869 = AXIS2_PLACEMENT_3D ( 'NONE', #4027, #446, #3282 ) ;
#1870 = CIRCLE ( 'NONE', #2313, 5.099999999999993427 ) ;
#1871 = ORIENTED_EDGE ( 'NONE', *, *, #1402, .T. ) ;
#1872 = VECTOR ( 'NONE', #4103, 1000.000000000000000 ) ;
#1873 = EDGE_LOOP ( 'NONE', ( #4010, #4542 ) ) ;
#1874 = LINE ( 'NONE', #2839, #3161 ) ;
#1875 = FACE_OUTER_BOUND ( 'NONE', #2273, .T. ) ;
#1876 = CIRCLE ( 'NONE', #2081, 2.499999999999946709 ) ;
#1877 = EDGE_LOOP ( 'NONE', ( #1805, #898 ) ) ;
#1878 = SURFACE_STYLE_USAGE ( .BOTH. , #816 ) ;
#1880 = CIRCLE ( 'NONE', #2453, 9.999999999999994671 ) ;
#1879 = DIRECTION ( 'NONE',  ( -0.0000000000000000000, 1.000000000000000000, -0.0000000000000000000 ) ) ;
#1881 = DIRECTION ( 'NONE',  ( 1.000000000000000000, -0.0000000000000000000, -0.0000000000000000000 ) ) ;
#1882 = ORIENTED_EDGE ( 'NONE', *, *, #4392, .T. ) ;
#1883 = ADVANCED_FACE ( 'NONE', ( #3902 ), #533, .F. ) ;
#1884 = ORIENTED_EDGE ( 'NONE', *, *, #1189, .T. ) ;
#1885 = EDGE_CURVE ( 'NONE', #1213, #3708, #1727, .T. ) ;
#1886 = CARTESIAN_POINT ( 'NONE',  ( -9.950721815702933470E-13, -0.001000000000001000089, 142.5000000000000568 ) ) ;
#1887 = FACE_OUTER_BOUND ( 'NONE', #2419, .T. ) ;
#1888 = DIRECTION ( 'NONE',  ( -0.0000000000000000000, 1.000000000000000000, -0.0000000000000000000 ) ) ;
#1889 = CARTESIAN_POINT ( 'NONE',  ( -140.0000000000000000, 19.99999999999998934, -7.499999999999985789 ) ) ;
#1890 =( LENGTH_UNIT ( ) NAMED_UNIT ( * ) SI_UNIT ( .MILLI., .METRE. ) );
#1891 = EDGE_CURVE ( 'NONE', #1966, #1995, #2441, .T. ) ;
#1892 = DIRECTION ( 'NONE',  ( -0.0000000000000000000, 1.000000000000000000, 0.0000000000000000000 ) ) ;
#1893 = PRODUCT_DEFINITION ( 'UNKNOWN', '', #1578, #3163 ) ;
#1894 = PRESENTATION_STYLE_ASSIGNMENT (( #2267 ) ) ;
#1895 = CARTESIAN_POINT ( 'NONE',  ( -124.9999999999999716, 0.0000000000000000000, 117.5000000000000142 ) ) ;
#1896 = STYLED_ITEM ( 'NONE', ( #736 ), #1343 ) ;
#1897 = ADVANCED_FACE ( 'NONE', ( #3169 ), #2376, .F. ) ;
#1898 = ADVANCED_FACE ( 'NONE', ( #1050 ), #3746, .F. ) ;
#1899 = FACE_BOUND ( 'NONE', #902, .T. ) ;
#1900 = ORIENTED_EDGE ( 'NONE', *, *, #1545, .F. ) ;
#1901 = ORIENTED_EDGE ( 'NONE', *, *, #3208, .T. ) ;
#1902 =( LENGTH_UNIT ( ) NAMED_UNIT ( * ) SI_UNIT ( .MILLI., .METRE. ) );
#1903 =( LENGTH_UNIT ( ) NAMED_UNIT ( * ) SI_UNIT ( .MILLI., .METRE. ) );
#1904 = DIRECTION ( 'NONE',  ( -0.0000000000000000000, 1.000000000000000000, -0.0000000000000000000 ) ) ;
#1905 = MANIFOLD_SOLID_BREP ( 'Ø6.0mm Dowel Hole1', #2092 ) ;
#1906 = ORIENTED_EDGE ( 'NONE', *, *, #2908, .F. ) ;
#1907 = AXIS2_PLACEMENT_3D ( 'NONE', #236, #3782, #177 ) ;
#1908 = VERTEX_POINT ( 'NONE', #4494 ) ;
#1909 = VERTEX_POINT ( 'NONE', #2009 ) ;
#1910 =( NAMED_UNIT ( * ) PLANE_ANGLE_UNIT ( ) SI_UNIT ( $, .RADIAN. ) );
#1911 =( GEOMETRIC_REPRESENTATION_CONTEXT ( 3 ) GLOBAL_UNCERTAINTY_ASSIGNED_CONTEXT ( ( #4571 ) ) GLOBAL_UNIT_ASSIGNED_CONTEXT ( ( #3692, #1910, #3722 ) ) REPRESENTATION_CONTEXT ( 'NONE', 'WORKASPACE' ) );
#1912 = EDGE_CURVE ( 'NONE', #225, #1580, #4141, .T. ) ;
#1913 = VECTOR ( 'NONE', #2760, 1000.000000000000000 ) ;
#1914 = EDGE_CURVE ( 'NONE', #2020, #673, #2106, .T. ) ;
#1915 = FACE_OUTER_BOUND ( 'NONE', #336, .T. ) ;
#1916 = CARTESIAN_POINT ( 'NONE',  ( -142.5000000000000568, -0.001000000000001000089, -1.492608272355440021E-12 ) ) ;
#1917 = ORIENTED_EDGE ( 'NONE', *, *, #4101, .T. ) ;
#1918 = EDGE_CURVE ( 'NONE', #2922, #677, #1941, .T. ) ;
#1919 = DIRECTION ( 'NONE',  ( -0.0000000000000000000, 1.000000000000000000, -0.0000000000000000000 ) ) ;
#1920 = SURFACE_SIDE_STYLE ('',( #1669 ) ) ;
#1921 = ORIENTED_EDGE ( 'NONE', *, *, #2121, .T. ) ;
#1922 = VECTOR ( 'NONE', #107, 1000.000000000000000 ) ;
#1923 = SURFACE_SIDE_STYLE ('',( #2598 ) ) ;
#1924 = DIRECTION ( 'NONE',  ( -1.000000000000000000, 1.449650923982144865E-33, -1.232595164407830672E-32 ) ) ;
#1925 = ORIENTED_EDGE ( 'NONE', *, *, #678, .F. ) ;
#1926 = LINE ( 'NONE', #4048, #19 ) ;
#1927 = PRESENTATION_STYLE_ASSIGNMENT (( #3657 ) ) ;
#1928 = AXIS2_PLACEMENT_3D ( 'NONE', #4510, #2668, #1263 ) ;
#1929 = FACE_BOUND ( 'NONE', #3010, .T. ) ;
#1930 = ADVANCED_FACE ( 'NONE', ( #3681 ), #1511, .F. ) ;
#1931 = ORIENTED_EDGE ( 'NONE', *, *, #358, .F. ) ;
#1932 = CIRCLE ( 'NONE', #256, 4.500000000000003553 ) ;
#1933 = SURFACE_STYLE_USAGE ( .BOTH. , #2969 ) ;
#1934 = EDGE_LOOP ( 'NONE', ( #3739, #857, #1826, #582 ) ) ;
#1935 = EDGE_LOOP ( 'NONE', ( #4124, #3086, #2618, #2070 ) ) ;
#1936 = LINE ( 'NONE', #3829, #4593 ) ;
#1937 = CIRCLE ( 'NONE', #4445, 20.00000000000000355 ) ;
#1938 = DIRECTION ( 'NONE',  ( 0.7071067811865470176, -5.233641528945913114E-17, 0.7071067811865480168 ) ) ;
#1939 = DIRECTION ( 'NONE',  ( 0.0000000000000000000, 0.0000000000000000000, 1.000000000000000000 ) ) ;
#1940 = DIRECTION ( 'NONE',  ( 3.888083013051982357E-17, -0.9805806756909201116, 0.1961161351381840168 ) ) ;
#1941 = LINE ( 'NONE', #1283, #86 ) ;
#1942 = ORIENTED_EDGE ( 'NONE', *, *, #538, .F. ) ;
#1943 = CARTESIAN_POINT ( 'NONE',  ( 30.00000000000001421, 20.00000000000000000, 121.5999999999999943 ) ) ;
#1944 = CARTESIAN_POINT ( 'NONE',  ( -69.99999999999998579, 1280.000000000000000, -69.99999999999997158 ) ) ;
#1945 = DIRECTION ( 'NONE',  ( -0.7071067811865434649, -0.0000000000000000000, -0.7071067811865516806 ) ) ;
#1946 = ORIENTED_EDGE ( 'NONE', *, *, #2687, .F. ) ;
#1947 = CARTESIAN_POINT ( 'NONE',  ( 90.00000000000000000, 1215.000000000000000, -47.49999999999994316 ) ) ;
#1948 = DIRECTION ( 'NONE',  ( 0.0000000000000000000, 1.000000000000000000, 0.0000000000000000000 ) ) ;
#1949 = LINE ( 'NONE', #49, #3565 ) ;
#1950 = CARTESIAN_POINT ( 'NONE',  ( 124.9999999999999716, 0.0000000000000000000, -125.0000000000000000 ) ) ;
#1951 = CARTESIAN_POINT ( 'NONE',  ( 70.00000000000000000, 1300.000000000000000, -95.00000000000000000 ) ) ;
#1952 = EDGE_CURVE ( 'NONE', #2663, #554, #4196, .T. ) ;
#1953 = CARTESIAN_POINT ( 'NONE',  ( 7.499999999999982236, -1.387778780781445676E-14, -1.387778780781445676E-14 ) ) ;
#1954 = STYLED_ITEM ( 'NONE', ( #1927 ), #2252 ) ;
#1955 = ORIENTED_EDGE ( 'NONE', *, *, #3006, .F. ) ;
#1956 = EDGE_CURVE ( 'NONE', #1340, #3267, #2553, .T. ) ;
#1957 = CARTESIAN_POINT ( 'NONE',  ( 7.500000000000000000, 220.0000000000000284, 89.99999999999998579 ) ) ;
#1958 = ORIENTED_EDGE ( 'NONE', *, *, #1461, .T. ) ;
#1959 = VERTEX_POINT ( 'NONE', #167 ) ;
#1960 = ORIENTED_EDGE ( 'NONE', *, *, #3209, .F. ) ;
#1961 = FACE_BOUND ( 'NONE', #3441, .T. ) ;
#1962 = VERTEX_POINT ( 'NONE', #1626 ) ;
#1963 = DIRECTION ( 'NONE',  ( 1.000000000000000000, -0.0000000000000000000, -0.0000000000000000000 ) ) ;
#1964 = AXIS2_PLACEMENT_3D ( 'NONE', #3556, #667, #1040 ) ;
#1965 = ADVANCED_FACE ( 'NONE', ( #2049 ), #255, .F. ) ;
#1966 = VERTEX_POINT ( 'NONE', #988 ) ;
#1967 = FILL_AREA_STYLE ('',( #556 ) ) ;
#1968 = SURFACE_STYLE_FILL_AREA ( #2285 ) ;
#1969 = DIRECTION ( 'NONE',  ( 7.401486830834376525E-17, 1.000000000000000000, 0.0000000000000000000 ) ) ;
#1970 = EDGE_CURVE ( 'NONE', #2098, #2504, #2675, .T. ) ;
#1971 = ORIENTED_EDGE ( 'NONE', *, *, #1613, .F. ) ;
#1972 = EDGE_CURVE ( 'NONE', #1334, #4289, #4019, .T. ) ;
#1973 = DIRECTION ( 'NONE',  ( 0.0000000000000000000, 0.0000000000000000000, 1.000000000000000000 ) ) ;
#1974 = ORIENTED_EDGE ( 'NONE', *, *, #4032, .T. ) ;
#1975 = LINE ( 'NONE', #1889, #3667 ) ;
#1976 = PRESENTATION_STYLE_ASSIGNMENT (( #3977 ) ) ;
#1977 = FILL_AREA_STYLE ('',( #550 ) ) ;
#1978 = CARTESIAN_POINT ( 'NONE',  ( -30.00000000000001421, 0.0000000000000000000, -128.3999999999999773 ) ) ;
#1979 = AXIS2_PLACEMENT_3D ( 'NONE', #2412, #1357, #268 ) ;
#1980 = EDGE_LOOP ( 'NONE', ( #316, #1329, #2718, #2766 ) ) ;
#1981 = ORIENTED_EDGE ( 'NONE', *, *, #3847, .F. ) ;
#1982 = ORIENTED_EDGE ( 'NONE', *, *, #2101, .T. ) ;
#1983 = EDGE_CURVE ( 'NONE', #699, #3136, #2152, .T. ) ;
#1984 = LINE ( 'NONE', #4612, #1107 ) ;
#1985 = DIRECTION ( 'NONE',  ( 0.0000000000000000000, 0.0000000000000000000, 1.000000000000000000 ) ) ;
#1986 = CARTESIAN_POINT ( 'NONE',  ( 90.00000000000000000, 1300.000000000000000, 95.09999999999999432 ) ) ;
#1987 = DIRECTION ( 'NONE',  ( -1.637040452729150133E-33, 1.000000000000000000, 7.213255872081108868E-35 ) ) ;
#1988 = DIRECTION ( 'NONE',  ( 1.000000000000000000, -0.0000000000000000000, -0.0000000000000000000 ) ) ;
#1989 = FACE_OUTER_BOUND ( 'NONE', #139, .T. ) ;
#1990 = CARTESIAN_POINT ( 'NONE',  ( 90.00000000000000000, 1280.000000000000000, -69.99999999999985789 ) ) ;
#1991 = DIRECTION ( 'NONE',  ( 1.982541115402068808E-16, 2.957536869751397316E-37, 1.000000000000000000 ) ) ;
#1992 = VECTOR ( 'NONE', #3157, 1000.000000000000114 ) ;
#1993 = CARTESIAN_POINT ( 'NONE',  ( -149.9999999999999716, 20.00000000000000000, 139.9999999999999716 ) ) ;
#1994 = AXIS2_PLACEMENT_3D ( 'NONE', #4165, #3763, #880 ) ;
#1995 = VERTEX_POINT ( 'NONE', #3513 ) ;
#1996 = CARTESIAN_POINT ( 'NONE',  ( 140.0000000000000000, 20.00000000000000000, -150.0000000000000000 ) ) ;
#1997 = AXIS2_PLACEMENT_3D ( 'NONE', #488, #162, #3693 ) ;
#1998 = DIRECTION ( 'NONE',  ( 0.7071067811865484609, -0.0000000000000000000, -0.7071067811865465735 ) ) ;
#1999 = ADVANCED_FACE ( 'NONE', ( #1875 ), #627, .F. ) ;
#2000 = VERTEX_POINT ( 'NONE', #2787 ) ;
#2001 = DIRECTION ( 'NONE',  ( -1.982541115402069054E-16, 0.0000000000000000000, -1.000000000000000000 ) ) ;
#2002 = CARTESIAN_POINT ( 'NONE',  ( -90.00000000000000000, 19.99999999999998934, 7.500000000000013323 ) ) ;
#2003 = CARTESIAN_POINT ( 'NONE',  ( 67.99999999999991473, 1280.000000000000000, -78.00000000000000000 ) ) ;
#2004 = LINE ( 'NONE', #3535, #2454 ) ;
#2005 = EDGE_CURVE ( 'NONE', #570, #1733, #3405, .T. ) ;
#2006 = EDGE_CURVE ( 'NONE', #2884, #1178, #142, .T. ) ;
#2007 = DIRECTION ( 'NONE',  ( -1.759078375084749961E-34, -1.000000000000000000, 0.0000000000000000000 ) ) ;
#2008 = DIRECTION ( 'NONE',  ( 0.0000000000000000000, 0.0000000000000000000, -1.000000000000000000 ) ) ;
#2009 = CARTESIAN_POINT ( 'NONE',  ( -149.9999999999999432, 20.00000000000000000, -7.500000000001570299 ) ) ;
#2010 = DIRECTION ( 'NONE',  ( 0.0000000000000000000, 0.0000000000000000000, 1.000000000000000000 ) ) ;
#2011 = AXIS2_PLACEMENT_3D ( 'NONE', #1166, #108, #3652 ) ;
#2012 = PRESENTATION_LAYER_ASSIGNMENT (  '', '', ( #1467 ) ) ;
#2013 = VERTEX_POINT ( 'NONE', #2814 ) ;
#2014 = DIRECTION ( 'NONE',  ( 1.850371707708594316E-16, 0.0000000000000000000, 1.000000000000000000 ) ) ;
#2015 = DIRECTION ( 'NONE',  ( -0.0000000000000000000, 1.000000000000000000, -0.0000000000000000000 ) ) ;
#2016 = CARTESIAN_POINT ( 'NONE',  ( -124.9999999999999716, 0.0000000000000000000, 132.5000000000000000 ) ) ;
#2017 =( NAMED_UNIT ( * ) SI_UNIT ( $, .STERADIAN. ) SOLID_ANGLE_UNIT ( ) );
#2018 = VECTOR ( 'NONE', #3669, 1000.000000000000000 ) ;
#2019 = ORIENTED_EDGE ( 'NONE', *, *, #1545, .T. ) ;
#2020 = VERTEX_POINT ( 'NONE', #664 ) ;
#2021 = SURFACE_SIDE_STYLE ('',( #4406 ) ) ;
#2022 = VERTEX_POINT ( 'NONE', #1731 ) ;
#2023 = ORIENTED_EDGE ( 'NONE', *, *, #539, .F. ) ;
#2024 = VERTEX_POINT ( 'NONE', #1374 ) ;
#2025 =( NAMED_UNIT ( * ) SI_UNIT ( $, .STERADIAN. ) SOLID_ANGLE_UNIT ( ) );
#2026 = ORIENTED_EDGE ( 'NONE', *, *, #1747, .T. ) ;
#2027 = DIRECTION ( 'NONE',  ( -1.000000000000000000, 0.0000000000000000000, 1.982541115402069054E-16 ) ) ;
#2028 = CARTESIAN_POINT ( 'NONE',  ( 125.0000000000000568, 1300.000000000000000, -114.9999999999999858 ) ) ;
#2029 = DIRECTION ( 'NONE',  ( -1.000000000000000000, 0.0000000000000000000, 1.020425574104005602E-16 ) ) ;
#2031 = ORIENTED_EDGE ( 'NONE', *, *, #1843, .F. ) ;
#2030 = PLANE ( 'NONE',  #1352 ) ;
#2032 = LINE ( 'NONE', #2864, #1094 ) ;
#2033 = COLOUR_RGB ( '',1.000000000000000000, 1.000000000000000000, 1.000000000000000000 ) ;
#2034 = EDGE_CURVE ( 'NONE', #4528, #2869, #1936, .T. ) ;
#2035 = AXIS2_PLACEMENT_3D ( 'NONE', #3862, #4233, #2831 ) ;
#2036 = FACE_OUTER_BOUND ( 'NONE', #4278, .T. ) ;
#2037 = ORIENTED_EDGE ( 'NONE', *, *, #3034, .F. ) ;
#2038 = CARTESIAN_POINT ( 'NONE',  ( -90.00000000000000000, 1300.000000000000000, 95.09999999999999432 ) ) ;
#2039 = ORIENTED_EDGE ( 'NONE', *, *, #1603, .F. ) ;
#2040 = DIRECTION ( 'NONE',  ( -1.000000000000000000, 0.0000000000000000000, 0.0000000000000000000 ) ) ;
#2041 = LINE ( 'NONE', #4039, #135 ) ;
#2042 = VECTOR ( 'NONE', #2777, 1000.000000000000000 ) ;
#2043 = EDGE_CURVE ( 'NONE', #2311, #3680, #1984, .T. ) ;
#2044 = ORIENTED_EDGE ( 'NONE', *, *, #1402, .F. ) ;
#2045 = DIRECTION ( 'NONE',  ( 0.0000000000000000000, 0.0000000000000000000, 1.000000000000000000 ) ) ;
#2046 = ORIENTED_EDGE ( 'NONE', *, *, #901, .T. ) ;
#2047 =( NAMED_UNIT ( * ) PLANE_ANGLE_UNIT ( ) SI_UNIT ( $, .RADIAN. ) );
#2048 = CARTESIAN_POINT ( 'NONE',  ( -69.99999999999998579, 20.00000000000000355, 69.99999999999998579 ) ) ;
#2049 = FACE_OUTER_BOUND ( 'NONE', #2449, .T. ) ;
#2050 = LINE ( 'NONE', #707, #584 ) ;
#2051 = DIRECTION ( 'NONE',  ( -0.0000000000000000000, 1.000000000000000000, -0.0000000000000000000 ) ) ;
#2052 = COLOUR_RGB ( '',1.000000000000000000, 1.000000000000000000, 1.000000000000000000 ) ;
#2053 = CARTESIAN_POINT ( 'NONE',  ( -7.500000000000000000, 20.00000000000003197, -89.99999999999998579 ) ) ;
#2054 = CARTESIAN_POINT ( 'NONE',  ( -7.500000000000000000, 20.00000000000003197, -89.99999999999998579 ) ) ;
#2055 = ORIENTED_EDGE ( 'NONE', *, *, #4610, .F. ) ;
#2056 = DIRECTION ( 'NONE',  ( 6.033820786006285224E-17, -4.465924508724024472E-33, 1.000000000000000000 ) ) ;
#2057 = ORIENTED_EDGE ( 'NONE', *, *, #4457, .F. ) ;
#2058 = CONTEXT_DEPENDENT_SHAPE_REPRESENTATION ( #118, #608 ) ;
#2059 = STYLED_ITEM ( 'NONE', ( #675 ), #1575 ) ;
#2060 = AXIS2_PLACEMENT_3D ( 'NONE', #4249, #663, #4266 ) ;
#2061 = DIRECTION ( 'NONE',  ( 0.0000000000000000000, 0.0000000000000000000, 1.000000000000000000 ) ) ;
#2062 = CARTESIAN_POINT ( 'NONE',  ( -67.99999999999991473, 20.00000000000000355, 78.00000000000000000 ) ) ;
#2063 = ADVANCED_FACE ( 'NONE', ( #2209 ), #1394, .F. ) ;
#2064 = DIRECTION ( 'NONE',  ( -0.0000000000000000000, 1.000000000000000000, -0.0000000000000000000 ) ) ;
#2065 = DIRECTION ( 'NONE',  ( -0.7071067811865460184, 0.0000000000000000000, -0.7071067811865490160 ) ) ;
#2066 = EDGE_CURVE ( 'NONE', #3212, #3713, #4479, .T. ) ;
#2067 = AXIS2_PLACEMENT_3D ( 'NONE', #300, #2146, #1466 ) ;
#2068 = DIRECTION ( 'NONE',  ( 1.759078375084749961E-34, 1.000000000000000000, 0.0000000000000000000 ) ) ;
#2069 =( LENGTH_UNIT ( ) NAMED_UNIT ( * ) SI_UNIT ( .MILLI., .METRE. ) );
#2070 = ORIENTED_EDGE ( 'NONE', *, *, #3006, .T. ) ;
#2071 = EDGE_CURVE ( 'NONE', #234, #1761, #3898, .T. ) ;
#2072 = VERTEX_POINT ( 'NONE', #3915 ) ;
#2073 = FACE_BOUND ( 'NONE', #761, .T. ) ;
#2074 = AXIS2_PLACEMENT_3D ( 'NONE', #1358, #596, #1696 ) ;
#2075 =( NAMED_UNIT ( * ) SI_UNIT ( $, .STERADIAN. ) SOLID_ANGLE_UNIT ( ) );
#2076 = ORIENTED_EDGE ( 'NONE', *, *, #3119, .F. ) ;
#2077 = VERTEX_POINT ( 'NONE', #318 ) ;
#2078 = CARTESIAN_POINT ( 'NONE',  ( 0.0000000000000000000, -0.001000000000001000089, 0.0000000000000000000 ) ) ;
#2079 = DIRECTION ( 'NONE',  ( 0.0000000000000000000, 0.0000000000000000000, 1.000000000000000000 ) ) ;
#2080 = FACE_BOUND ( 'NONE', #973, .T. ) ;
#2081 = AXIS2_PLACEMENT_3D ( 'NONE', #1299, #2708, #4172 ) ;
#2082 = ORIENTED_EDGE ( 'NONE', *, *, #2430, .T. ) ;
#2083 = DIRECTION ( 'NONE',  ( 0.0000000000000000000, 0.0000000000000000000, 1.000000000000000000 ) ) ;
#2084 = CARTESIAN_POINT ( 'NONE',  ( -30.00000000000001421, 20.00000000000000000, -128.3999999999999773 ) ) ;
#2085 = VECTOR ( 'NONE', #913, 1000.000000000000114 ) ;
#2086 = VECTOR ( 'NONE', #2141, 1000.000000000000000 ) ;
#2087 = ORIENTED_EDGE ( 'NONE', *, *, #2621, .F. ) ;
#2088 = LINE ( 'NONE', #317, #3886 ) ;
#2089 = SURFACE_SIDE_STYLE ('',( #417 ) ) ;
#2090 = DIRECTION ( 'NONE',  ( 3.888083013051982357E-17, -0.9805806756909201116, 0.1961161351381840168 ) ) ;
#2091 = ORIENTED_EDGE ( 'NONE', *, *, #3035, .T. ) ;
#2092 = CLOSED_SHELL ( 'NONE', ( #3942, #1844, #471, #3022, #2900, #2414, #1528, #2063, #996, #3581, #920, #67, #895, #2143, #192, #4421, #1898, #1177, #212, #708, #1930, #2918, #1965, #3350, #4093, #2873, #1883, #2161 ) ) ;
#2093 = LINE ( 'NONE', #1134, #1157 ) ;
#2094 = SURFACE_STYLE_FILL_AREA ( #495 ) ;
#2095 = VECTOR ( 'NONE', #3912, 1000.000000000000000 ) ;
#2096 =( LENGTH_UNIT ( ) NAMED_UNIT ( * ) SI_UNIT ( .MILLI., .METRE. ) );
#2097 = DIRECTION ( 'NONE',  ( 0.0000000000000000000, 0.0000000000000000000, -1.000000000000000000 ) ) ;
#2098 = VERTEX_POINT ( 'NONE', #1054 ) ;
#2099 = EDGE_CURVE ( 'NONE', #4609, #1342, #27, .T. ) ;
#2100 = EDGE_LOOP ( 'NONE', ( #2549, #3779, #2057, #4626 ) ) ;
#2101 = EDGE_CURVE ( 'NONE', #2151, #2674, #750, .T. ) ;
#2102 = DIRECTION ( 'NONE',  ( 1.000000000000000000, -9.244463733058732095E-33, -1.982541115402069054E-16 ) ) ;
#2103 = CARTESIAN_POINT ( 'NONE',  ( -7.500000000000000000, 220.0000000000000284, -90.00000000000000000 ) ) ;
#2104 = FACE_BOUND ( 'NONE', #1611, .T. ) ;
#2105 = SURFACE_STYLE_FILL_AREA ( #4611 ) ;
#2106 = CIRCLE ( 'NONE', #1027, 3.000000000000002665 ) ;
#2107 = FILL_AREA_STYLE ('',( #4207 ) ) ;
#2108 = CARTESIAN_POINT ( 'NONE',  ( -67.99999999999991473, 1280.000000000000000, -77.99999999999998579 ) ) ;
#2109 = ORIENTED_EDGE ( 'NONE', *, *, #3401, .F. ) ;
#2110 =( GEOMETRIC_REPRESENTATION_CONTEXT ( 3 ) GLOBAL_UNCERTAINTY_ASSIGNED_CONTEXT ( ( #4220 ) ) GLOBAL_UNIT_ASSIGNED_CONTEXT ( ( #4012, #4381, #734 ) ) REPRESENTATION_CONTEXT ( 'NONE', 'WORKASPACE' ) );
#2111 = VERTEX_POINT ( 'NONE', #2120 ) ;
#2112 = DIRECTION ( 'NONE',  ( -0.7071067811865455743, 0.0000000000000000000, -0.7071067811865493491 ) ) ;
#2113 = AXIS2_PLACEMENT_3D ( 'NONE', #4616, #3571, #305 ) ;
#2114 =( LENGTH_UNIT ( ) NAMED_UNIT ( * ) SI_UNIT ( .MILLI., .METRE. ) );
#2115 = CARTESIAN_POINT ( 'NONE',  ( -69.99999999999998579, 1280.000000000000000, 69.99999999999998579 ) ) ;
#2116 = UNCERTAINTY_MEASURE_WITH_UNIT (LENGTH_MEASURE( 1.000000000000000082E-05 ), #1842, 'distance_accuracy_value', 'NONE');
#2117 = PRODUCT_DEFINITION_SHAPE ( 'NONE', 'NONE',  #3981 ) ;
#2118 = DIRECTION ( 'NONE',  ( -1.850371707708594316E-16, -0.0000000000000000000, -1.000000000000000000 ) ) ;
#2119 = CARTESIAN_POINT ( 'NONE',  ( 110.0000000000000000, 220.0000000000000284, 7.499999999999985789 ) ) ;
#2120 = CARTESIAN_POINT ( 'NONE',  ( -7.499999999999989342, 19.99999999999998934, 139.9999999999999716 ) ) ;
#2121 = EDGE_CURVE ( 'NONE', #3524, #1478, #3109, .T. ) ;
#2122 = STYLED_ITEM ( 'NONE', ( #3343 ), #2918 ) ;
#2123 =( NAMED_UNIT ( * ) PLANE_ANGLE_UNIT ( ) SI_UNIT ( $, .RADIAN. ) );
#2124 = ORIENTED_EDGE ( 'NONE', *, *, #629, .F. ) ;
#2125 = CARTESIAN_POINT ( 'NONE',  ( 67.99999999999998579, 1280.000000000000000, -68.00000000000000000 ) ) ;
#2126 = LINE ( 'NONE', #1806, #3929 ) ;
#2127 = VERTEX_POINT ( 'NONE', #3219 ) ;
#2128 = DIRECTION ( 'NONE',  ( 1.000000000000000000, -9.244463733058732095E-33, -1.982541115402069054E-16 ) ) ;
#2129 = ORIENTED_EDGE ( 'NONE', *, *, #2519, .F. ) ;
#2130 = ORIENTED_EDGE ( 'NONE', *, *, #1308, .T. ) ;
#2131 = STYLED_ITEM ( 'NONE', ( #3796 ), #4489 ) ;
#2132 = DIRECTION ( 'NONE',  ( 0.7071067811865465735, 0.0000000000000000000, 0.7071067811865484609 ) ) ;
#2134 = ORIENTED_EDGE ( 'NONE', *, *, #3536, .F. ) ;
#2133 = CARTESIAN_POINT ( 'NONE',  ( 149.9999999999999716, 20.00000000000000000, -139.9999999999999716 ) ) ;
#2135 = LINE ( 'NONE', #3131, #4570 ) ;
#2136 = AXIS2_PLACEMENT_3D ( 'NONE', #4529, #2727, #2008 ) ;
#2137 = DIRECTION ( 'NONE',  ( 1.000000000000000000, 0.0000000000000000000, -1.850371707708594316E-16 ) ) ;
#2138 = ORIENTED_EDGE ( 'NONE', *, *, #4313, .F. ) ;
#2139 = VERTEX_POINT ( 'NONE', #4323 ) ;
#2140 = PLANE ( 'NONE',  #3826 ) ;
#2141 = DIRECTION ( 'NONE',  ( -1.232595164407830946E-32, 3.081487911019577365E-33, -1.000000000000000000 ) ) ;
#2142 = SURFACE_STYLE_FILL_AREA ( #3604 ) ;
#2143 = ADVANCED_FACE ( 'NONE', ( #365 ), #1431, .F. ) ;
#2144 = ORIENTED_EDGE ( 'NONE', *, *, #237, .T. ) ;
#2145 = PLANE ( 'NONE',  #1484 ) ;
#2146 = DIRECTION ( 'NONE',  ( -0.0000000000000000000, 1.000000000000000000, -0.0000000000000000000 ) ) ;
#2147 = VECTOR ( 'NONE', #1924, 1000.000000000000000 ) ;
#2148 = CIRCLE ( 'NONE', #1200, 7.500000000000007105 ) ;
#2149 = ORIENTED_EDGE ( 'NONE', *, *, #51, .F. ) ;
#2150 = LINE ( 'NONE', #1886, #2374 ) ;
#2151 = VERTEX_POINT ( 'NONE', #1449 ) ;
#2152 = LINE ( 'NONE', #1392, #4369 ) ;
#2153 = VECTOR ( 'NONE', #4384, 1000.000000000000000 ) ;
#2154 = AXIS2_PLACEMENT_3D ( 'NONE', #4210, #994, #2735 ) ;
#2155 = EDGE_CURVE ( 'NONE', #753, #1909, #1440, .T. ) ;
#2156 = VERTEX_POINT ( 'NONE', #2484 ) ;
#2157 = DIRECTION ( 'NONE',  ( 0.0000000000000000000, 0.0000000000000000000, -1.000000000000000000 ) ) ;
#2158 = DIRECTION ( 'NONE',  ( 0.0000000000000000000, 1.000000000000000000, 0.0000000000000000000 ) ) ;
#2159 = DIRECTION ( 'NONE',  ( 0.0000000000000000000, 1.000000000000000000, 0.0000000000000000000 ) ) ;
#2160 = SURFACE_STYLE_USAGE ( .BOTH. , #2479 ) ;
#2161 = ADVANCED_FACE ( 'NONE', ( #2724 ), #4473, .F. ) ;
#2162 = DIRECTION ( 'NONE',  ( 0.0000000000000000000, 0.0000000000000000000, 1.000000000000000000 ) ) ;
#2163 = ORIENTED_EDGE ( 'NONE', *, *, #4185, .F. ) ;
#2164 = VECTOR ( 'NONE', #226, 1000.000000000000000 ) ;
#2165 = AXIS2_PLACEMENT_3D ( 'NONE', #3684, #3314, #2993 ) ;
#2166 = UNCERTAINTY_MEASURE_WITH_UNIT (LENGTH_MEASURE( 1.000000000000000082E-05 ), #4624, 'distance_accuracy_value', 'NONE');
#2167 = AXIS2_PLACEMENT_3D ( 'NONE', #1953, #2326, #157 ) ;
#2168 = DIRECTION ( 'NONE',  ( 0.0000000000000000000, 0.0000000000000000000, 1.000000000000000000 ) ) ;
#2169 = DIRECTION ( 'NONE',  ( -0.1961161351381840445, -0.9805806756909202226, -1.540743955509788511E-33 ) ) ;
#2170 = CARTESIAN_POINT ( 'NONE',  ( 124.9999999999999716, 0.0000000000000000000, -33.39999999999999858 ) ) ;
#2171 = CARTESIAN_POINT ( 'NONE',  ( -90.00000000000000000, 1280.000000000000000, -69.99999999999982947 ) ) ;
#2172 = ORIENTED_EDGE ( 'NONE', *, *, #264, .F. ) ;
#2173 = EDGE_CURVE ( 'NONE', #25, #2511, #4362, .T. ) ;
#2174 = CIRCLE ( 'NONE', #2508, 20.00000000000000355 ) ;
#2175 = DIRECTION ( 'NONE',  ( -1.000000000000000000, 0.0000000000000000000, 1.020425574104005602E-16 ) ) ;
#2176 = EDGE_LOOP ( 'NONE', ( #749, #3047 ) ) ;
#2177 =( LENGTH_UNIT ( ) NAMED_UNIT ( * ) SI_UNIT ( .MILLI., .METRE. ) );
#2178 = ADVANCED_FACE ( 'NONE', ( #2494 ), #1411, .F. ) ;
#2179 = PLANE ( 'NONE',  #1317 ) ;
#2180 = MECHANICAL_DESIGN_GEOMETRIC_PRESENTATION_REPRESENTATION (  '', ( #4460 ), #2685 ) ;
#2181 = ORIENTED_EDGE ( 'NONE', *, *, #4106, .F. ) ;
#2182 = VERTEX_POINT ( 'NONE', #2465 ) ;
#2183 = ORIENTED_EDGE ( 'NONE', *, *, #1956, .F. ) ;
#2184 = PLANE ( 'NONE',  #2341 ) ;
#2185 = FILL_AREA_STYLE_COLOUR ( '', #4253 ) ;
#2186 = DIRECTION ( 'NONE',  ( 7.401486830834376525E-17, 1.000000000000000000, 0.0000000000000000000 ) ) ;
#2187 = FACE_BOUND ( 'NONE', #1472, .T. ) ;
#2188 = ORIENTED_EDGE ( 'NONE', *, *, #3525, .T. ) ;
#2189 = PRESENTATION_LAYER_ASSIGNMENT (  '', '', ( #1954 ) ) ;
#2190 = CIRCLE ( 'NONE', #610, 75.00000000000001421 ) ;
#2191 = VECTOR ( 'NONE', #3519, 1000.000000000000000 ) ;
#2192 = EDGE_CURVE ( 'NONE', #2511, #810, #1717, .T. ) ;
#2193 = ORIENTED_EDGE ( 'NONE', *, *, #3367, .T. ) ;
#2194 = ORIENTED_EDGE ( 'NONE', *, *, #565, .T. ) ;
#2195 = CIRCLE ( 'NONE', #3633, 5.099999999999993427 ) ;
#2196 = CARTESIAN_POINT ( 'NONE',  ( -140.0000000000000000, 70.00000000000001421, 7.500000000000013323 ) ) ;
#2197 = APPLICATION_PROTOCOL_DEFINITION ( 'draft international standard', 'automotive_design', 1998, #1574 ) ;
#2198 = VECTOR ( 'NONE', #2284, 1000.000000000000000 ) ;
#2199 = ORIENTED_EDGE ( 'NONE', *, *, #88, .T. ) ;
#2200 = LINE ( 'NONE', #739, #1606 ) ;
#2201 = FILL_AREA_STYLE_COLOUR ( '', #4503 ) ;
#2202 = DIRECTION ( 'NONE',  ( 0.0000000000000000000, 1.000000000000000000, 0.0000000000000000000 ) ) ;
#2203 = VERTEX_POINT ( 'NONE', #3187 ) ;
#2204 = FACE_OUTER_BOUND ( 'NONE', #2748, .T. ) ;
#2205 = CARTESIAN_POINT ( 'NONE',  ( -124.9999999999999716, 20.00000000000000000, 30.00000000000000000 ) ) ;
#2207 = ORIENTED_EDGE ( 'NONE', *, *, #2707, .F. ) ;
#2206 = CARTESIAN_POINT ( 'NONE',  ( 115.0000000000000711, 1300.000000000000000, 125.0000000000000000 ) ) ;
#2208 = VERTEX_POINT ( 'NONE', #1419 ) ;
#2209 = FACE_OUTER_BOUND ( 'NONE', #3876, .T. ) ;
#2210 = EDGE_CURVE ( 'NONE', #1204, #1962, #3336, .T. ) ;
#2211 = AXIS2_PLACEMENT_3D ( 'NONE', #4325, #2849, #2097 ) ;
#2212 = LINE ( 'NONE', #4113, #3679 ) ;
#2213 = DIRECTION ( 'NONE',  ( 0.0000000000000000000, 0.0000000000000000000, -1.000000000000000000 ) ) ;
#2214 = CIRCLE ( 'NONE', #2276, 4.500000000000003553 ) ;
#2215 = COLOUR_RGB ( '',1.000000000000000000, 1.000000000000000000, 1.000000000000000000 ) ;
#2216 = ORIENTED_EDGE ( 'NONE', *, *, #1914, .T. ) ;
#2217 = CARTESIAN_POINT ( 'NONE',  ( -124.9999999999999716, 20.00000000000000000, 125.0000000000000000 ) ) ;
#2218 = CARTESIAN_POINT ( 'NONE',  ( 125.0000000000000568, 1300.000000000000000, 115.0000000000000142 ) ) ;
#2219 = EDGE_CURVE ( 'NONE', #119, #3258, #3508, .T. ) ;
#2220 = VECTOR ( 'NONE', #2951, 1000.000000000000000 ) ;
#2221 = CARTESIAN_POINT ( 'NONE',  ( -30.00000000000001421, 0.0000000000000000000, -121.5999999999999943 ) ) ;
#2222 = CARTESIAN_POINT ( 'NONE',  ( 90.00000000000000000, 20.00000000000001776, -7.500000000000013323 ) ) ;
#2223 = DIRECTION ( 'NONE',  ( 1.000000000000000000, -0.0000000000000000000, -0.0000000000000000000 ) ) ;
#2224 = DIRECTION ( 'NONE',  ( -0.0000000000000000000, -1.000000000000000000, -0.0000000000000000000 ) ) ;
#2225 = PRESENTATION_LAYER_ASSIGNMENT (  '', '', ( #1677 ) ) ;
#2226 = MECHANICAL_DESIGN_GEOMETRIC_PRESENTATION_REPRESENTATION (  '', ( #2473 ), #1583 ) ;
#2227 = ADVANCED_FACE ( 'NONE', ( #3102 ), #1148, .F. ) ;
#2228 = ADVANCED_FACE ( 'NONE', ( #691 ), #2260, .F. ) ;
#2229 = DIRECTION ( 'NONE',  ( 0.0000000000000000000, 0.0000000000000000000, 1.000000000000000000 ) ) ;
#2230 = VERTEX_POINT ( 'NONE', #3642 ) ;
#2231 = CARTESIAN_POINT ( 'NONE',  ( 77.99999999999998579, 1215.000000000000000, -42.50000000000004974 ) ) ;
#2232 = CARTESIAN_POINT ( 'NONE',  ( 90.00000000000000000, 1255.000000000000227, -45.00000000000000000 ) ) ;
#2233 = DIRECTION ( 'NONE',  ( 1.759078375084749961E-34, 1.000000000000000000, -0.0000000000000000000 ) ) ;
#2234 = CARTESIAN_POINT ( 'NONE',  ( -90.00000000000000000, 19.99999999999998934, 7.500000000000013323 ) ) ;
#2235 = VECTOR ( 'NONE', #3778, 1000.000000000000000 ) ;
#2236 =( GEOMETRIC_REPRESENTATION_CONTEXT ( 3 ) GLOBAL_UNCERTAINTY_ASSIGNED_CONTEXT ( ( #4145 ) ) GLOBAL_UNIT_ASSIGNED_CONTEXT ( ( #548, #933, #196 ) ) REPRESENTATION_CONTEXT ( 'NONE', 'WORKASPACE' ) );
#2237 = SURFACE_SIDE_STYLE ('',( #2094 ) ) ;
#2238 = VECTOR ( 'NONE', #3166, 1000.000000000000000 ) ;
#2239 = DIRECTION ( 'NONE',  ( -0.0000000000000000000, 1.000000000000000000, -0.0000000000000000000 ) ) ;
#2240 = ORIENTED_EDGE ( 'NONE', *, *, #3832, .F. ) ;
#2241 = VERTEX_POINT ( 'NONE', #2907 ) ;
#2242 = EDGE_CURVE ( 'NONE', #937, #517, #1607, .T. ) ;
#2243 = EDGE_CURVE ( 'NONE', #3173, #1214, #2428, .T. ) ;
#2244 = FACE_BOUND ( 'NONE', #1323, .T. ) ;
#2245 = SURFACE_STYLE_USAGE ( .BOTH. , #4419 ) ;
#2246 = ORIENTED_EDGE ( 'NONE', *, *, #805, .F. ) ;
#2247 = CARTESIAN_POINT ( 'NONE',  ( -70.00000000000000000, 1300.000000000000000, 95.00000000000000000 ) ) ;
#2248 = DIRECTION ( 'NONE',  ( 0.0000000000000000000, 1.000000000000000000, 0.0000000000000000000 ) ) ;
#2249 = ORIENTED_EDGE ( 'NONE', *, *, #3695, .T. ) ;
#2250 = CARTESIAN_POINT ( 'NONE',  ( 70.00000000000000000, 1300.000000000000000, -91.50000000000000000 ) ) ;
#2251 = MANIFOLD_SOLID_BREP ( 'M6 Tapped Hole1', #332 ) ;
#2252 = ADVANCED_FACE ( 'NONE', ( #355 ), #982, .F. ) ;
#2253 = ORIENTED_EDGE ( 'NONE', *, *, #3326, .F. ) ;
#2254 = ORIENTED_EDGE ( 'NONE', *, *, #3429, .F. ) ;
#2255 = DIRECTION ( 'NONE',  ( -9.244463733058732095E-33, 1.000000000000000000, 1.679848709543503686E-33 ) ) ;
#2256 = FACE_OUTER_BOUND ( 'NONE', #3965, .T. ) ;
#2257 = ORIENTED_EDGE ( 'NONE', *, *, #505, .T. ) ;
#2258 = EDGE_LOOP ( 'NONE', ( #2354, #2542 ) ) ;
#2259 = VERTEX_POINT ( 'NONE', #3296 ) ;
#2260 = CYLINDRICAL_SURFACE ( 'NONE', #3247, 9.999999999999994671 ) ;
#2261 = PRODUCT_CONTEXT ( 'NONE', #2961, 'mechanical' ) ;
#2262 = LINE ( 'NONE', #65, #1339 ) ;
#2263 = VERTEX_POINT ( 'NONE', #1171 ) ;
#2264 = FACE_OUTER_BOUND ( 'NONE', #3277, .T. ) ;
#2265 = ORIENTED_EDGE ( 'NONE', *, *, #3973, .F. ) ;
#2266 = VECTOR ( 'NONE', #1031, 1000.000000000000000 ) ;
#2267 = SURFACE_STYLE_USAGE ( .BOTH. , #55 ) ;
#2268 =( NAMED_UNIT ( * ) PLANE_ANGLE_UNIT ( ) SI_UNIT ( $, .RADIAN. ) );
#2269 = DIRECTION ( 'NONE',  ( -0.0000000000000000000, 1.000000000000000000, -0.0000000000000000000 ) ) ;
#2270 = VECTOR ( 'NONE', #4285, 1000.000000000000000 ) ;
#2271 = ORIENTED_EDGE ( 'NONE', *, *, #2288, .T. ) ;
#2272 = VECTOR ( 'NONE', #1353, 1000.000000000000000 ) ;
#2273 = EDGE_LOOP ( 'NONE', ( #722, #1639, #3095, #3164 ) ) ;
#2274 = PLANE ( 'NONE',  #150 ) ;
#2275 = EDGE_CURVE ( 'NONE', #2663, #2812, #1818, .T. ) ;
#2276 = AXIS2_PLACEMENT_3D ( 'NONE', #3873, #2813, #4628 ) ;
#2277 = CARTESIAN_POINT ( 'NONE',  ( -70.00000000000000000, 1300.000000000000000, 95.00000000000000000 ) ) ;
#2278 = ORIENTED_EDGE ( 'NONE', *, *, #4581, .F. ) ;
#2279 = ORIENTED_EDGE ( 'NONE', *, *, #772, .T. ) ;
#2280 = CARTESIAN_POINT ( 'NONE',  ( 90.00000000000000000, 1280.000000000000000, -90.00000000000000000 ) ) ;
#2281 = ADVANCED_FACE ( 'NONE', ( #3002 ), #1100, .T. ) ;
#2282 = PRODUCT ( '4GAA0021201010013X', '4GAA0021201010013X', '', ( #2261 ) ) ;
#2283 = DIRECTION ( 'NONE',  ( 1.000000000000000000, 1.759078375084749961E-34, 0.0000000000000000000 ) ) ;
#2284 = DIRECTION ( 'NONE',  ( 1.850371707708594316E-16, 0.0000000000000000000, 1.000000000000000000 ) ) ;
#2285 = FILL_AREA_STYLE ('',( #4524 ) ) ;
#2286 = CARTESIAN_POINT ( 'NONE',  ( 90.00000000000000000, 220.0000000000000284, -7.500000000000013323 ) ) ;
#2287 = EDGE_CURVE ( 'NONE', #3495, #2000, #3560, .T. ) ;
#2288 = EDGE_CURVE ( 'NONE', #4368, #976, #2889, .T. ) ;
#2289 = ORIENTED_EDGE ( 'NONE', *, *, #1257, .T. ) ;
#2290 = DIRECTION ( 'NONE',  ( 0.0000000000000000000, 1.000000000000000000, 0.0000000000000000000 ) ) ;
#2291 = MECHANICAL_DESIGN_GEOMETRIC_PRESENTATION_REPRESENTATION (  '', ( #3419 ), #2570 ) ;
#2292 = FACE_OUTER_BOUND ( 'NONE', #2671, .T. ) ;
#2293 = EDGE_LOOP ( 'NONE', ( #3952, #655, #689, #3327 ) ) ;
#2294 = CARTESIAN_POINT ( 'NONE',  ( -149.9999999999999716, 20.00000000000000000, 150.0000000000000000 ) ) ;
#2295 = DIRECTION ( 'NONE',  ( 0.0000000000000000000, -1.000000000000000000, 0.0000000000000000000 ) ) ;
#2296 = AXIS2_PLACEMENT_3D ( 'NONE', #7, #3189, #680 ) ;
#2297 = ORIENTED_EDGE ( 'NONE', *, *, #778, .T. ) ;
#2298 = ORIENTED_EDGE ( 'NONE', *, *, #4008, .F. ) ;
#2299 = DIRECTION ( 'NONE',  ( 0.0000000000000000000, 0.0000000000000000000, 1.000000000000000000 ) ) ;
#2300 = LINE ( 'NONE', #3932, #3875 ) ;
#2301 = ORIENTED_EDGE ( 'NONE', *, *, #3694, .T. ) ;
#2302 = EDGE_CURVE ( 'NONE', #3470, #2098, #866, .T. ) ;
#2303 = FACE_OUTER_BOUND ( 'NONE', #3154, .T. ) ;
#2304 = EDGE_CURVE ( 'NONE', #2013, #3495, #2610, .T. ) ;
#2305 = CARTESIAN_POINT ( 'NONE',  ( -90.00000000000000000, 1300.000000000000000, 90.00000000000000000 ) ) ;
#2306 = ORIENTED_EDGE ( 'NONE', *, *, #4527, .T. ) ;
#2307 = CYLINDRICAL_SURFACE ( 'NONE', #2738, 7.500000000000007105 ) ;
#2308 = EDGE_CURVE ( 'NONE', #393, #3997, #136, .T. ) ;
#2309 = CARTESIAN_POINT ( 'NONE',  ( 78.00000000000000000, 1255.000000000000227, 45.00000000000000000 ) ) ;
#2310 = ORIENTED_EDGE ( 'NONE', *, *, #3999, .T. ) ;
#2311 = VERTEX_POINT ( 'NONE', #2592 ) ;
#2312 = LINE ( 'NONE', #2960, #4295 ) ;
#2313 = AXIS2_PLACEMENT_3D ( 'NONE', #3563, #2871, #1429 ) ;
#2314 = LINE ( 'NONE', #3044, #1608 ) ;
#2315 = VERTEX_POINT ( 'NONE', #1947 ) ;
#2316 = FACE_OUTER_BOUND ( 'NONE', #463, .T. ) ;
#2317 = ORIENTED_EDGE ( 'NONE', *, *, #3208, .F. ) ;
#2318 = CARTESIAN_POINT ( 'NONE',  ( 90.00000000000000000, 20.00000000000001776, -7.500000000000013323 ) ) ;
#2319 = AXIS2_PLACEMENT_3D ( 'NONE', #614, #1720, #3142 ) ;
#2320 = VECTOR ( 'NONE', #3645, 1000.000000000000000 ) ;
#2321 = CARTESIAN_POINT ( 'NONE',  ( -70.00000000000000000, 1280.000000000000000, 95.00000000000000000 ) ) ;
#2322 = PRESENTATION_STYLE_ASSIGNMENT (( #2786 ) ) ;
#2323 = SURFACE_SIDE_STYLE ('',( #306 ) ) ;
#2324 = FACE_OUTER_BOUND ( 'NONE', #1678, .T. ) ;
#2325 = ADVANCED_FACE ( 'NONE', ( #859 ), #2768, .F. ) ;
#2326 = DIRECTION ( 'NONE',  ( -1.000000000000000000, -2.888894916580854207E-34, 1.982541115402068808E-16 ) ) ;
#2327 = ORIENTED_EDGE ( 'NONE', *, *, #92, .T. ) ;
#2328 = CARTESIAN_POINT ( 'NONE',  ( 110.0000000000000000, 220.0000000000000284, -7.500000000000013323 ) ) ;
#2329 = CARTESIAN_POINT ( 'NONE',  ( -69.99999999999985789, 20.00000000000000355, 90.00000000000000000 ) ) ;
#2330 = CARTESIAN_POINT ( 'NONE',  ( 69.99999999999985789, 20.00000000000000355, 89.99999999999997158 ) ) ;
#2331 = EDGE_CURVE ( 'NONE', #4111, #844, #4635, .T. ) ;
#2332 = AXIS2_PLACEMENT_3D ( 'NONE', #1208, #1879, #4077 ) ;
#2333 = EDGE_CURVE ( 'NONE', #609, #1169, #3827, .T. ) ;
#2334 = DIRECTION ( 'NONE',  ( -0.0000000000000000000, -1.000000000000000000, -0.0000000000000000000 ) ) ;
#2335 = LINE ( 'NONE', #3143, #1412 ) ;
#2336 = CARTESIAN_POINT ( 'NONE',  ( 90.00000000000000000, 1280.000000000000000, -69.99999999999985789 ) ) ;
#2337 = DIRECTION ( 'NONE',  ( 0.0000000000000000000, -0.0000000000000000000, 1.000000000000000000 ) ) ;
#2338 = CARTESIAN_POINT ( 'NONE',  ( 90.00000000000000000, 1255.000000000000227, -47.49999999999994316 ) ) ;
#2339 = ORIENTED_EDGE ( 'NONE', *, *, #4377, .T. ) ;
#2340 = ADVANCED_FACE ( 'NONE', ( #3553 ), #2274, .F. ) ;
#2341 = AXIS2_PLACEMENT_3D ( 'NONE', #3242, #401, #3637 ) ;
#2342 = CARTESIAN_POINT ( 'NONE',  ( 90.00000000000000000, 1255.000000000000227, 45.00000000000000000 ) ) ;
#2343 = CARTESIAN_POINT ( 'NONE',  ( 77.99999999999998579, 1215.000000000000000, -45.00000000000000000 ) ) ;
#2344 = CARTESIAN_POINT ( 'NONE',  ( 7.499999999998951949, 0.0000000000000000000, 150.0000000000000853 ) ) ;
#2345 = CIRCLE ( 'NONE', #3498, 5.099999999999993427 ) ;
#2346 = CARTESIAN_POINT ( 'NONE',  ( -30.00000000000001421, 20.00000000000000000, -125.0000000000000000 ) ) ;
#2347 = ORIENTED_EDGE ( 'NONE', *, *, #4435, .T. ) ;
#2348 = ORIENTED_EDGE ( 'NONE', *, *, #1428, .F. ) ;
#2349 = PLANE ( 'NONE',  #1133 ) ;
#2350 = ORIENTED_EDGE ( 'NONE', *, *, #3832, .T. ) ;
#2351 = ORIENTED_EDGE ( 'NONE', *, *, #4400, .T. ) ;
#2352 = CARTESIAN_POINT ( 'NONE',  ( 90.00000000000000000, 1215.000000000000000, 45.00000000000000000 ) ) ;
#2353 = EDGE_CURVE ( 'NONE', #1756, #2263, #409, .T. ) ;
#2354 = ORIENTED_EDGE ( 'NONE', *, *, #3065, .F. ) ;
#2355 = DIRECTION ( 'NONE',  ( -0.0000000000000000000, 1.000000000000000000, -0.0000000000000000000 ) ) ;
#2356 = CIRCLE ( 'NONE', #1378, 7.499999999999992895 ) ;
#2357 = LINE ( 'NONE', #1986, #4351 ) ;
#2358 = EDGE_CURVE ( 'NONE', #3743, #4368, #3156, .T. ) ;
#2359 = VERTEX_POINT ( 'NONE', #512 ) ;
#2360 = FACE_BOUND ( 'NONE', #4466, .T. ) ;
#2361 = DIRECTION ( 'NONE',  ( 0.0000000000000000000, -0.0000000000000000000, 1.000000000000000000 ) ) ;
#2362 = PRESENTATION_LAYER_ASSIGNMENT (  '', '', ( #2623 ) ) ;
#2363 = VERTEX_POINT ( 'NONE', #4433 ) ;
#2364 = ORIENTED_EDGE ( 'NONE', *, *, #3429, .T. ) ;
#2365 = ORIENTED_EDGE ( 'NONE', *, *, #1754, .F. ) ;
#2366 = VECTOR ( 'NONE', #1829, 1000.000000000000000 ) ;
#2367 = VECTOR ( 'NONE', #2803, 1000.000000000000000 ) ;
#2368 = CARTESIAN_POINT ( 'NONE',  ( -142.5000000000000568, 20.00000000000000000, -1.492608272355440021E-12 ) ) ;
#2369 = DIRECTION ( 'NONE',  ( -1.000000000000000000, 0.0000000000000000000, 1.020425574104005602E-16 ) ) ;
#2370 = CARTESIAN_POINT ( 'NONE',  ( 78.00000000000000000, 1255.000000000000227, 45.00000000000000000 ) ) ;
#2371 = VECTOR ( 'NONE', #1262, 1000.000000000000000 ) ;
#2372 = ORIENTED_EDGE ( 'NONE', *, *, #2034, .T. ) ;
#2373 = AXIS2_PLACEMENT_3D ( 'NONE', #3587, #2223, #435 ) ;
#2374 = VECTOR ( 'NONE', #2239, 1000.000000000000000 ) ;
#2375 = EDGE_LOOP ( 'NONE', ( #3727, #4117, #3595, #791 ) ) ;
#2376 = CYLINDRICAL_SURFACE ( 'NONE', #2463, 2.499999999999946709 ) ;
#2377 = CARTESIAN_POINT ( 'NONE',  ( -70.00000000000000000, 1280.000000000000000, 97.99999999999998579 ) ) ;
#2378 = DIRECTION ( 'NONE',  ( -0.0000000000000000000, 1.000000000000000000, -0.0000000000000000000 ) ) ;
#2379 = LINE ( 'NONE', #3901, #4086 ) ;
#2380 = CARTESIAN_POINT ( 'NONE',  ( 7.500000000000000000, 19.99999999999998934, 89.99999999999998579 ) ) ;
#2381 = ORIENTED_EDGE ( 'NONE', *, *, #1866, .T. ) ;
#2382 = CIRCLE ( 'NONE', #4173, 4.499999999999990230 ) ;
#2383 = EDGE_LOOP ( 'NONE', ( #3141, #1017, #206, #2815, #3490 ) ) ;
#2384 = CARTESIAN_POINT ( 'NONE',  ( 7.500000000000000000, 0.0000000000000000000, -150.0000000000000284 ) ) ;
#2385 = CARTESIAN_POINT ( 'NONE',  ( 90.00000000000000000, 1215.000000000000000, 45.00000000000000000 ) ) ;
#2386 = ORIENTED_EDGE ( 'NONE', *, *, #24, .T. ) ;
#2387 = VECTOR ( 'NONE', #1685, 1000.000000000000000 ) ;
#2388 = AXIS2_PLACEMENT_3D ( 'NONE', #684, #2158, #745 ) ;
#2389 = FILL_AREA_STYLE_COLOUR ( '', #1376 ) ;
#2390 = DIRECTION ( 'NONE',  ( 0.0000000000000000000, -1.000000000000000000, -0.0000000000000000000 ) ) ;
#2391 = ADVANCED_FACE ( 'NONE', ( #3724 ), #4014, .F. ) ;
#2392 = FACE_OUTER_BOUND ( 'NONE', #747, .T. ) ;
#2393 = EDGE_CURVE ( 'NONE', #3129, #2259, #1158, .T. ) ;
#2394 = CARTESIAN_POINT ( 'NONE',  ( -110.0000000000000000, 220.0000000000000568, -7.499999999999985789 ) ) ;
#2395 = DIRECTION ( 'NONE',  ( -0.0000000000000000000, 1.000000000000000000, -0.0000000000000000000 ) ) ;
#2396 = AXIS2_PLACEMENT_3D ( 'NONE', #2346, #523, #3747 ) ;
#2397 = ORIENTED_EDGE ( 'NONE', *, *, #3783, .T. ) ;
#2398 = DIRECTION ( 'NONE',  ( 0.0000000000000000000, 0.0000000000000000000, 1.000000000000000000 ) ) ;
#2399 = CARTESIAN_POINT ( 'NONE',  ( 90.00000000000000000, 1255.000000000000227, 47.49999999999994316 ) ) ;
#2400 = CARTESIAN_POINT ( 'NONE',  ( -149.9999999999999716, 20.00000000000000000, 139.9999999999999716 ) ) ;
#2401 = FACE_OUTER_BOUND ( 'NONE', #3650, .T. ) ;
#2402 = ORIENTED_EDGE ( 'NONE', *, *, #3523, .T. ) ;
#2403 = AXIS2_PLACEMENT_3D ( 'NONE', #3580, #2175, #2579 ) ;
#2404 = DIRECTION ( 'NONE',  ( 1.232595164407830672E-32, 3.081487911019577365E-33, -1.000000000000000000 ) ) ;
#2405 = CARTESIAN_POINT ( 'NONE',  ( -29.99999999999998579, 0.0000000000000000000, 120.5000000000000284 ) ) ;
#2406 = PLANE ( 'NONE',  #4660 ) ;
#2407 = CARTESIAN_POINT ( 'NONE',  ( 0.0000000000000000000, 0.0000000000000000000, 0.0000000000000000000 ) ) ;
#2408 = AXIS2_PLACEMENT_3D ( 'NONE', #4393, #3980, #2213 ) ;
#2409 = ORIENTED_EDGE ( 'NONE', *, *, #4272, .T. ) ;
#2410 = EDGE_LOOP ( 'NONE', ( #3456, #1960, #4090, #2564 ) ) ;
#2411 = SURFACE_SIDE_STYLE ('',( #2105 ) ) ;
#2412 = CARTESIAN_POINT ( 'NONE',  ( 150.0000000000000000, -0.001000000000001000089, 7.500000000000524025 ) ) ;
#2413 = FILL_AREA_STYLE_COLOUR ( '', #2033 ) ;
#2414 = ADVANCED_FACE ( 'NONE', ( #4131 ), #914, .F. ) ;
#2415 = ORIENTED_EDGE ( 'NONE', *, *, #3181, .F. ) ;
#2416 = VECTOR ( 'NONE', #2587, 1000.000000000000000 ) ;
#2417 = CIRCLE ( 'NONE', #3193, 20.00000000000000355 ) ;
#2418 = VERTEX_POINT ( 'NONE', #487 ) ;
#2419 = EDGE_LOOP ( 'NONE', ( #1287, #4505, #2832, #1797 ) ) ;
#2420 = PRESENTATION_STYLE_ASSIGNMENT (( #947 ) ) ;
#2421 = FACE_OUTER_BOUND ( 'NONE', #4186, .T. ) ;
#2422 = DIRECTION ( 'NONE',  ( -0.0000000000000000000, -1.000000000000000000, -0.0000000000000000000 ) ) ;
#2423 = DIRECTION ( 'NONE',  ( -0.9805806756909202226, -0.1961161351381840445, 0.0000000000000000000 ) ) ;
#2424 = ORIENTED_EDGE ( 'NONE', *, *, #3483, .F. ) ;
#2425 = ORIENTED_EDGE ( 'NONE', *, *, #4142, .F. ) ;
#2426 = CARTESIAN_POINT ( 'NONE',  ( 110.0000000000000000, 220.0000000000000284, -7.500000000000013323 ) ) ;
#2427 = FACE_OUTER_BOUND ( 'NONE', #1079, .T. ) ;
#2428 = LINE ( 'NONE', #4031, #2366 ) ;
#2429 = FACE_BOUND ( 'NONE', #2670, .T. ) ;
#2430 = EDGE_CURVE ( 'NONE', #2474, #3137, #2596, .T. ) ;
#2431 = EDGE_LOOP ( 'NONE', ( #3603, #1056, #4425, #1597 ) ) ;
#2432 = ORIENTED_EDGE ( 'NONE', *, *, #205, .F. ) ;
#2433 = FILL_AREA_STYLE_COLOUR ( '', #2500 ) ;
#2434 = ORIENTED_EDGE ( 'NONE', *, *, #2923, .T. ) ;
#2435 = DIRECTION ( 'NONE',  ( -1.000000000000000000, 0.0000000000000000000, 6.033820786006285224E-17 ) ) ;
#2436 = DIRECTION ( 'NONE',  ( -0.0000000000000000000, -1.000000000000000000, -0.0000000000000000000 ) ) ;
#2437 = SURFACE_STYLE_FILL_AREA ( #1739 ) ;
#2438 = DIRECTION ( 'NONE',  ( 0.0000000000000000000, 1.000000000000000000, 0.0000000000000000000 ) ) ;
#2439 = FACE_OUTER_BOUND ( 'NONE', #2696, .T. ) ;
#2440 = CARTESIAN_POINT ( 'NONE',  ( 110.0000000000000000, 220.0000000000000284, -7.500000000000013323 ) ) ;
#2441 = LINE ( 'NONE', #811, #1515 ) ;
#2442 = EDGE_CURVE ( 'NONE', #4530, #2359, #4629, .T. ) ;
#2443 = SURFACE_SIDE_STYLE ('',( #904 ) ) ;
#2444 = AXIS2_PLACEMENT_3D ( 'NONE', #2905, #819, #3323 ) ;
#2445 = EDGE_LOOP ( 'NONE', ( #1535, #1226, #798, #2348 ) ) ;
#2446 = CARTESIAN_POINT ( 'NONE',  ( 0.0000000000000000000, 0.0000000000000000000, -142.5000000000000568 ) ) ;
#2447 = ORIENTED_EDGE ( 'NONE', *, *, #1970, .T. ) ;
#2448 = DIRECTION ( 'NONE',  ( -1.000000000000000000, 1.449650923982144865E-33, -1.232595164407830672E-32 ) ) ;
#2449 = EDGE_LOOP ( 'NONE', ( #991, #3908, #4046, #1510 ) ) ;
#2450 = CARTESIAN_POINT ( 'NONE',  ( -90.00000000000000000, 1300.000000000000000, -90.00000000000000000 ) ) ;
#2451 = DIRECTION ( 'NONE',  ( -0.0000000000000000000, 1.000000000000000000, -0.0000000000000000000 ) ) ;
#2452 = EDGE_CURVE ( 'NONE', #2609, #1733, #3606, .T. ) ;
#2453 = AXIS2_PLACEMENT_3D ( 'NONE', #3239, #4385, #3300 ) ;
#2454 = VECTOR ( 'NONE', #1007, 1000.000000000000000 ) ;
#2455 = SURFACE_SIDE_STYLE ('',( #1233 ) ) ;
#2456 =( NAMED_UNIT ( * ) PLANE_ANGLE_UNIT ( ) SI_UNIT ( $, .RADIAN. ) );
#2457 = CARTESIAN_POINT ( 'NONE',  ( 30.00000000000000000, 0.0000000000000000000, -129.5000000000000000 ) ) ;
#2458 = CARTESIAN_POINT ( 'NONE',  ( -7.500000000000000000, 220.0000000000000284, -90.00000000000000000 ) ) ;
#2459 = DIRECTION ( 'NONE',  ( -1.000000000000000000, 1.829633447167874060E-33, 1.982541115402069301E-16 ) ) ;
#2460 = CARTESIAN_POINT ( 'NONE',  ( -90.00000000000000000, 1300.000000000000000, -90.00000000000000000 ) ) ;
#2461 = CARTESIAN_POINT ( 'NONE',  ( -145.0000000000000284, 20.00000000000000000, -145.0000000000000568 ) ) ;
#2462 = EDGE_CURVE ( 'NONE', #1247, #13, #796, .T. ) ;
#2463 = AXIS2_PLACEMENT_3D ( 'NONE', #501, #3026, #3696 ) ;
#2464 = CYLINDRICAL_SURFACE ( 'NONE', #3312, 3.399999999999986144 ) ;
#2465 = CARTESIAN_POINT ( 'NONE',  ( 70.00000000000000000, 1299.500000000000000, -92.00000000000000000 ) ) ;
#2466 = LINE ( 'NONE', #2930, #272 ) ;
#2467 = PRODUCT_RELATED_PRODUCT_CATEGORY ( 'part', '', ( #1190 ) ) ;
#2468 = ORIENTED_EDGE ( 'NONE', *, *, #2764, .T. ) ;
#2469 = VERTEX_POINT ( 'NONE', #590 ) ;
#2470 = FILL_AREA_STYLE ('',( #2389 ) ) ;
#2471 = DIRECTION ( 'NONE',  ( -0.7071067811865390240, 0.0000000000000000000, -0.7071067811865561215 ) ) ;
#2472 = CARTESIAN_POINT ( 'NONE',  ( 30.00000000000000000, 20.00000000000000000, -125.0000000000000000 ) ) ;
#2473 = STYLED_ITEM ( 'NONE', ( #2487 ), #1456 ) ;
#2474 = VERTEX_POINT ( 'NONE', #216 ) ;
#2475 = CARTESIAN_POINT ( 'NONE',  ( 142.5000000000000568, -0.001000000000001000089, 4.975360907851466735E-13 ) ) ;
#2476 = ORIENTED_EDGE ( 'NONE', *, *, #1692, .F. ) ;
#2477 = CARTESIAN_POINT ( 'NONE',  ( 70.00000000000000000, 1300.000000000000000, -95.00000000000000000 ) ) ;
#2478 = DIRECTION ( 'NONE',  ( 0.0000000000000000000, 0.0000000000000000000, 1.000000000000000000 ) ) ;
#2479 = SURFACE_SIDE_STYLE ('',( #853 ) ) ;
#2480 = FACE_OUTER_BOUND ( 'NONE', #4075, .T. ) ;
#2481 = AXIS2_PLACEMENT_3D ( 'NONE', #2343, #4157, #4546 ) ;
#2482 = ORIENTED_EDGE ( 'NONE', *, *, #1866, .F. ) ;
#2483 =( NAMED_UNIT ( * ) PLANE_ANGLE_UNIT ( ) SI_UNIT ( $, .RADIAN. ) );
#2484 = CARTESIAN_POINT ( 'NONE',  ( -70.00000000000000000, 1280.000000000000000, 92.00000000000001421 ) ) ;
#2485 = LINE ( 'NONE', #770, #4572 ) ;
#2486 = STYLED_ITEM ( 'NONE', ( #4424 ), #2855 ) ;
#2487 = PRESENTATION_STYLE_ASSIGNMENT (( #2717 ) ) ;
#2488 = EDGE_LOOP ( 'NONE', ( #3511, #2365, #1700, #2082 ) ) ;
#2489 = CYLINDRICAL_SURFACE ( 'NONE', #718, 7.499999999999992895 ) ;
#2490 = DIRECTION ( 'NONE',  ( 0.0000000000000000000, 1.000000000000000000, 0.0000000000000000000 ) ) ;
#2491 = EDGE_LOOP ( 'NONE', ( #2339, #2257 ) ) ;
#2492 = VERTEX_POINT ( 'NONE', #4502 ) ;
#2493 = EDGE_CURVE ( 'NONE', #2686, #2779, #3545, .T. ) ;
#2494 = FACE_OUTER_BOUND ( 'NONE', #1377, .T. ) ;
#2495 = CIRCLE ( 'NONE', #4339, 7.500000000000007105 ) ;
#2496 = PLANE ( 'NONE',  #219 ) ;
#2497 = DIRECTION ( 'NONE',  ( 1.982541115402068808E-16, 2.957536869751397316E-37, 1.000000000000000000 ) ) ;
#2498 = CYLINDRICAL_SURFACE ( 'NONE', #3823, 62.50000000000000000 ) ;
#2499 = ORIENTED_EDGE ( 'NONE', *, *, #475, .F. ) ;
#2500 = COLOUR_RGB ( '',1.000000000000000000, 1.000000000000000000, 1.000000000000000000 ) ;
#2501 = ORIENTED_EDGE ( 'NONE', *, *, #1613, .T. ) ;
#2502 = COLOUR_RGB ( '',1.000000000000000000, 1.000000000000000000, 1.000000000000000000 ) ;
#2503 = AXIS2_PLACEMENT_3D ( 'NONE', #1486, #3697, #4036 ) ;
#2504 = VERTEX_POINT ( 'NONE', #1296 ) ;
#2505 = ORIENTED_EDGE ( 'NONE', *, *, #1972, .F. ) ;
#2506 = CARTESIAN_POINT ( 'NONE',  ( -124.9999999999999716, 20.00000000000000000, -132.5000000000000000 ) ) ;
#2507 = ADVANCED_FACE ( 'NONE', ( #2714 ), #1808, .F. ) ;
#2508 = AXIS2_PLACEMENT_3D ( 'NONE', #419, #773, #3686 ) ;
#2509 = CARTESIAN_POINT ( 'NONE',  ( -124.9999999999999432, 1280.000000000000000, -114.9999999999999574 ) ) ;
#2510 = DIRECTION ( 'NONE',  ( -0.0000000000000000000, 1.000000000000000000, -0.0000000000000000000 ) ) ;
#2511 = VERTEX_POINT ( 'NONE', #2330 ) ;
#2512 = DIRECTION ( 'NONE',  ( -1.000000000000000000, 7.401486830834376525E-17, 0.0000000000000000000 ) ) ;
#2513 = CARTESIAN_POINT ( 'NONE',  ( 90.00000000000000000, 1280.000000000000000, -84.90000000000000568 ) ) ;
#2514 =( NAMED_UNIT ( * ) SI_UNIT ( $, .STERADIAN. ) SOLID_ANGLE_UNIT ( ) );
#2515 = EDGE_CURVE ( 'NONE', #310, #2526, #2876, .T. ) ;
#2516 = CARTESIAN_POINT ( 'NONE',  ( 0.0000000000000000000, -0.001000000000001000089, 0.0000000000000000000 ) ) ;
#2517 = FILL_AREA_STYLE_COLOUR ( '', #4389 ) ;
#2518 = VERTEX_POINT ( 'NONE', #1661 ) ;
#2519 = EDGE_CURVE ( 'NONE', #3133, #577, #2817, .T. ) ;
#2520 = CARTESIAN_POINT ( 'NONE',  ( -7.499999999999989342, 70.00000000000001421, 139.9999999999999716 ) ) ;
#2521 = EDGE_CURVE ( 'NONE', #3844, #1433, #2536, .T. ) ;
#2522 = DIRECTION ( 'NONE',  ( 0.0000000000000000000, -0.0000000000000000000, 1.000000000000000000 ) ) ;
#2523 =( LENGTH_UNIT ( ) NAMED_UNIT ( * ) SI_UNIT ( .MILLI., .METRE. ) );
#2524 = ORIENTED_EDGE ( 'NONE', *, *, #328, .T. ) ;
#2525 = VECTOR ( 'NONE', #3800, 1000.000000000000000 ) ;
#2526 = VERTEX_POINT ( 'NONE', #207 ) ;
#2527 = ORIENTED_EDGE ( 'NONE', *, *, #2820, .T. ) ;
#2528 = EDGE_CURVE ( 'NONE', #2241, #3136, #1089, .T. ) ;
#2529 = AXIS2_PLACEMENT_3D ( 'NONE', #2206, #56, #4430 ) ;
#2530 = DIRECTION ( 'NONE',  ( 0.0000000000000000000, 0.0000000000000000000, 1.000000000000000000 ) ) ;
#2531 = LINE ( 'NONE', #3205, #617 ) ;
#2532 = CARTESIAN_POINT ( 'NONE',  ( 124.9999999999999716, 0.0000000000000000000, -26.59999999999999787 ) ) ;
#2533 = PLANE ( 'NONE',  #2503 ) ;
#2535 = VERTEX_POINT ( 'NONE', #4156 ) ;
#2534 =( LENGTH_UNIT ( ) NAMED_UNIT ( * ) SI_UNIT ( .MILLI., .METRE. ) );
#2536 = LINE ( 'NONE', #3063, #1261 ) ;
#2537 = DIRECTION ( 'NONE',  ( -0.7071067811865461294, 5.233641528945905718E-17, 0.7071067811865489050 ) ) ;
#2538 = ORIENTED_EDGE ( 'NONE', *, *, #2682, .F. ) ;
#2539 = VECTOR ( 'NONE', #2975, 1000.000000000000000 ) ;
#2540 = LINE ( 'NONE', #3322, #1599 ) ;
#2541 = ADVANCED_FACE ( 'NONE', ( #1758 ), #4461, .T. ) ;
#2542 = ORIENTED_EDGE ( 'NONE', *, *, #2515, .F. ) ;
#2543 = ORIENTED_EDGE ( 'NONE', *, *, #1629, .F. ) ;
#2544 = DIRECTION ( 'NONE',  ( 0.7071067811865484609, -0.0000000000000000000, 0.7071067811865465735 ) ) ;
#2545 = FACE_OUTER_BOUND ( 'NONE', #4342, .T. ) ;
#2546 = CYLINDRICAL_SURFACE ( 'NONE', #4437, 9.999999999999994671 ) ;
#2547 = ORIENTED_EDGE ( 'NONE', *, *, #2173, .F. ) ;
#2548 = FACE_OUTER_BOUND ( 'NONE', #1659, .T. ) ;
#2549 = ORIENTED_EDGE ( 'NONE', *, *, #4488, .T. ) ;
#2550 = FACE_OUTER_BOUND ( 'NONE', #1215, .T. ) ;
#2551 = DIRECTION ( 'NONE',  ( -1.000000000000000000, 1.829633447167874060E-33, 1.982541115402069301E-16 ) ) ;
#2552 = ORIENTED_EDGE ( 'NONE', *, *, #2155, .T. ) ;
#2553 = CIRCLE ( 'NONE', #385, 3.400000000000000355 ) ;
#2554 =( NAMED_UNIT ( * ) SI_UNIT ( $, .STERADIAN. ) SOLID_ANGLE_UNIT ( ) );
#2555 = DIRECTION ( 'NONE',  ( 0.0000000000000000000, 0.0000000000000000000, 1.000000000000000000 ) ) ;
#2556 = EDGE_CURVE ( 'NONE', #3136, #2151, #126, .T. ) ;
#2557 = EDGE_CURVE ( 'NONE', #1178, #2098, #4230, .T. ) ;
#2558 = CIRCLE ( 'NONE', #1212, 7.500000000000007105 ) ;
#2559 = COLOUR_RGB ( '',1.000000000000000000, 1.000000000000000000, 1.000000000000000000 ) ;
#2560 = EDGE_LOOP ( 'NONE', ( #3115, #2130, #3042, #3549, #2772, #1779, #4615, #2644 ) ) ;
#2561 = DIRECTION ( 'NONE',  ( 0.7071067811865474617, -0.0000000000000000000, -0.7071067811865474617 ) ) ;
#2562 =( LENGTH_UNIT ( ) NAMED_UNIT ( * ) SI_UNIT ( .MILLI., .METRE. ) );
#2563 = VECTOR ( 'NONE', #1945, 999.9999999999998863 ) ;
#2564 = ORIENTED_EDGE ( 'NONE', *, *, #301, .T. ) ;
#2565 = ORIENTED_EDGE ( 'NONE', *, *, #3783, .F. ) ;
#2566 = ORIENTED_EDGE ( 'NONE', *, *, #3656, .T. ) ;
#2567 = FILL_AREA_STYLE ('',( #376 ) ) ;
#2568 = PRESENTATION_LAYER_ASSIGNMENT (  '', '', ( #2898 ) ) ;
#2569 = LINE ( 'NONE', #795, #38 ) ;
#2570 =( GEOMETRIC_REPRESENTATION_CONTEXT ( 3 ) GLOBAL_UNCERTAINTY_ASSIGNED_CONTEXT ( ( #498 ) ) GLOBAL_UNIT_ASSIGNED_CONTEXT ( ( #2562, #4294, #1822 ) ) REPRESENTATION_CONTEXT ( 'NONE', 'WORKASPACE' ) );
#2571 = CARTESIAN_POINT ( 'NONE',  ( -114.9999999999999574, 1300.000000000000000, 125.0000000000000000 ) ) ;
#2572 = CIRCLE ( 'NONE', #4202, 7.500000000000007105 ) ;
#2573 = DIRECTION ( 'NONE',  ( 0.7071067811865490160, 0.0000000000000000000, -0.7071067811865460184 ) ) ;
#2574 = ADVANCED_FACE ( 'NONE', ( #2303 ), #3944, .F. ) ;
#2575 = CARTESIAN_POINT ( 'NONE',  ( -124.9999999999999716, 20.00000000000000000, -125.0000000000000000 ) ) ;
#2576 = LINE ( 'NONE', #4180, #3801 ) ;
#2577 = CARTESIAN_POINT ( 'NONE',  ( 0.0000000000000000000, -0.001000000000001000089, 75.00000000000001421 ) ) ;
#2578 = DIRECTION ( 'NONE',  ( 0.0000000000000000000, 0.0000000000000000000, -1.000000000000000000 ) ) ;
#2579 = DIRECTION ( 'NONE',  ( 0.0000000000000000000, 0.0000000000000000000, 1.000000000000000000 ) ) ;
#2580 = DIRECTION ( 'NONE',  ( 0.0000000000000000000, 0.0000000000000000000, 1.000000000000000000 ) ) ;
#2581 = VECTOR ( 'NONE', #1536, 1000.000000000000000 ) ;
#2582 = ORIENTED_EDGE ( 'NONE', *, *, #4125, .T. ) ;
#2583 = ORIENTED_EDGE ( 'NONE', *, *, #1483, .T. ) ;
#2584 =( NAMED_UNIT ( * ) PLANE_ANGLE_UNIT ( ) SI_UNIT ( $, .RADIAN. ) );
#2585 = AXIS2_PLACEMENT_3D ( 'NONE', #2894, #3244, #4344 ) ;
#2586 = CARTESIAN_POINT ( 'NONE',  ( 124.9999999999999716, 20.00000000000000000, -125.0000000000000000 ) ) ;
#2587 = DIRECTION ( 'NONE',  ( -0.0000000000000000000, 1.000000000000000000, -0.0000000000000000000 ) ) ;
#2588 = CYLINDRICAL_SURFACE ( 'NONE', #3921, 5.099999999999993427 ) ;
#2589 = ADVANCED_FACE ( 'NONE', ( #1865 ), #3118, .F. ) ;
#2590 = ADVANCED_FACE ( 'NONE', ( #3265 ), #4520, .T. ) ;
#2591 = VERTEX_POINT ( 'NONE', #2103 ) ;
#2592 = CARTESIAN_POINT ( 'NONE',  ( 115.0000000000000711, 1300.000000000000000, -124.9999999999999432 ) ) ;
#2593 = COLOUR_RGB ( '',1.000000000000000000, 1.000000000000000000, 1.000000000000000000 ) ;
#2594 = AXIS2_PLACEMENT_3D ( 'NONE', #4637, #351, #4603 ) ;
#2595 = VERTEX_POINT ( 'NONE', #1737 ) ;
#2596 = LINE ( 'NONE', #848, #3776 ) ;
#2597 = CARTESIAN_POINT ( 'NONE',  ( 124.9999999999999716, 20.00000000000000000, 30.00000000000000000 ) ) ;
#2598 = SURFACE_STYLE_FILL_AREA ( #4097 ) ;
#2599 = CARTESIAN_POINT ( 'NONE',  ( 124.9999999999999716, 0.0000000000000000000, -30.00000000000000000 ) ) ;
#2600 = ORIENTED_EDGE ( 'NONE', *, *, #3401, .T. ) ;
#2601 = LINE ( 'NONE', #2944, #1872 ) ;
#2602 = CARTESIAN_POINT ( 'NONE',  ( 69.99999999999985789, 1280.000000000000000, -90.00000000000000000 ) ) ;
#2603 = CARTESIAN_POINT ( 'NONE',  ( 0.0000000000000000000, 20.00000000000000000, 0.0000000000000000000 ) ) ;
#2604 = ORIENTED_EDGE ( 'NONE', *, *, #1162, .T. ) ;
#2605 = CARTESIAN_POINT ( 'NONE',  ( -124.9999999999999716, 0.0000000000000000000, 33.39999999999999858 ) ) ;
#2607 = ORIENTED_EDGE ( 'NONE', *, *, #995, .F. ) ;
#2606 = DIRECTION ( 'NONE',  ( -1.000000000000000000, -0.0000000000000000000, -0.0000000000000000000 ) ) ;
#2608 = UNCERTAINTY_MEASURE_WITH_UNIT (LENGTH_MEASURE( 1.000000000000000082E-05 ), #3108, 'distance_accuracy_value', 'NONE');
#2609 = VERTEX_POINT ( 'NONE', #4579 ) ;
#2610 = LINE ( 'NONE', #1501, #579 ) ;
#2611 = EDGE_CURVE ( 'NONE', #2418, #218, #2135, .T. ) ;
#2612 = FACE_BOUND ( 'NONE', #2755, .T. ) ;
#2613 = CARTESIAN_POINT ( 'NONE',  ( -30.00000000000001421, 0.0000000000000000000, -125.0000000000000000 ) ) ;
#2614 = ORIENTED_EDGE ( 'NONE', *, *, #3934, .T. ) ;
#2615 = LINE ( 'NONE', #1493, #930 ) ;
#2616 = CIRCLE ( 'NONE', #3709, 4.499999999999990230 ) ;
#2617 = CARTESIAN_POINT ( 'NONE',  ( -149.9999999999999716, 20.00000000000000000, 150.0000000000000000 ) ) ;
#2618 = ORIENTED_EDGE ( 'NONE', *, *, #2333, .F. ) ;
#2619 = DIRECTION ( 'NONE',  ( 0.0000000000000000000, 0.0000000000000000000, 1.000000000000000000 ) ) ;
#2620 = EDGE_LOOP ( 'NONE', ( #3960, #80, #3100, #91 ) ) ;
#2621 = EDGE_CURVE ( 'NONE', #953, #3000, #4349, .T. ) ;
#2622 = DIRECTION ( 'NONE',  ( -0.0000000000000000000, 1.000000000000000000, -0.0000000000000000000 ) ) ;
#2623 = STYLED_ITEM ( 'NONE', ( #2836 ), #1930 ) ;
#2624 = ORIENTED_EDGE ( 'NONE', *, *, #155, .F. ) ;
#2625 = DIRECTION ( 'NONE',  ( -0.0000000000000000000, 1.000000000000000000, -0.0000000000000000000 ) ) ;
#2626 = DIRECTION ( 'NONE',  ( -1.000000000000000000, 1.449650923982144865E-33, 1.232595164407830946E-32 ) ) ;
#2627 =( GEOMETRIC_REPRESENTATION_CONTEXT ( 3 ) GLOBAL_UNCERTAINTY_ASSIGNED_CONTEXT ( ( #3988 ) ) GLOBAL_UNIT_ASSIGNED_CONTEXT ( ( #1676, #2757, #2017 ) ) REPRESENTATION_CONTEXT ( 'NONE', 'WORKASPACE' ) );
#2628 = CARTESIAN_POINT ( 'NONE',  ( -67.99999999999991473, 1280.000000000000000, -77.99999999999998579 ) ) ;
#2629 = AXIS2_PLACEMENT_3D ( 'NONE', #2280, #1572, #133 ) ;
#2630 = CARTESIAN_POINT ( 'NONE',  ( -150.0000000000000284, 20.00000000000000000, -150.0000000000000000 ) ) ;
#2631 = CARTESIAN_POINT ( 'NONE',  ( 90.00000000000000000, 1255.000000000000227, 45.00000000000000000 ) ) ;
#2632 =( NAMED_UNIT ( * ) SI_UNIT ( $, .STERADIAN. ) SOLID_ANGLE_UNIT ( ) );
#2633 =( LENGTH_UNIT ( ) NAMED_UNIT ( * ) SI_UNIT ( .MILLI., .METRE. ) );
#2634 = STYLED_ITEM ( 'NONE', ( #32 ), #1897 ) ;
#2635 = AXIS2_PLACEMENT_3D ( 'NONE', #2852, #4329, #2903 ) ;
#2636 = VERTEX_POINT ( 'NONE', #2405 ) ;
#2637 = ADVANCED_FACE ( 'NONE', ( #4623 ), #2793, .F. ) ;
#2638 = AXIS2_PLACEMENT_3D ( 'NONE', #822, #3031, #4100 ) ;
#2639 = CYLINDRICAL_SURFACE ( 'NONE', #4592, 7.500000000000007105 ) ;
#2640 = ORIENTED_EDGE ( 'NONE', *, *, #4158, .T. ) ;
#2641 = EDGE_CURVE ( 'NONE', #119, #1499, #3496, .T. ) ;
#2642 = EDGE_CURVE ( 'NONE', #537, #3646, #3045, .T. ) ;
#2643 = EDGE_CURVE ( 'NONE', #3234, #1856, #1147, .T. ) ;
#2644 = ORIENTED_EDGE ( 'NONE', *, *, #544, .T. ) ;
#2645 = DIRECTION ( 'NONE',  ( 1.449650923982144865E-33, -1.000000000000000000, 3.081487911019576681E-33 ) ) ;
#2646 = ORIENTED_EDGE ( 'NONE', *, *, #769, .T. ) ;
#2647 = DIRECTION ( 'NONE',  ( -0.0000000000000000000, 1.000000000000000000, -0.0000000000000000000 ) ) ;
#2648 =( GEOMETRIC_REPRESENTATION_CONTEXT ( 3 ) GLOBAL_UNCERTAINTY_ASSIGNED_CONTEXT ( ( #3786 ) ) GLOBAL_UNIT_ASSIGNED_CONTEXT ( ( #3077, #3806, #946 ) ) REPRESENTATION_CONTEXT ( 'NONE', 'WORKASPACE' ) );
#2649 = ORIENTED_EDGE ( 'NONE', *, *, #2304, .T. ) ;
#2650 = DIRECTION ( 'NONE',  ( 0.0000000000000000000, 0.0000000000000000000, 1.000000000000000000 ) ) ;
#2651 =( LENGTH_UNIT ( ) NAMED_UNIT ( * ) SI_UNIT ( .MILLI., .METRE. ) );
#2652 = CARTESIAN_POINT ( 'NONE',  ( 90.00000000000000000, 1215.000000000000000, 42.50000000000004974 ) ) ;
#2653 = VECTOR ( 'NONE', #3975, 1000.000000000000000 ) ;
#2654 = VECTOR ( 'NONE', #3578, 1000.000000000000227 ) ;
#2655 = AXIS2_PLACEMENT_3D ( 'NONE', #1823, #4296, #2854 ) ;
#2656 = ORIENTED_EDGE ( 'NONE', *, *, #2528, .F. ) ;
#2657 = ORIENTED_EDGE ( 'NONE', *, *, #3934, .F. ) ;
#2658 = DIRECTION ( 'NONE',  ( 1.232595164407830946E-32, -3.081487911019577365E-33, 1.000000000000000000 ) ) ;
#2659 = FACE_BOUND ( 'NONE', #3628, .T. ) ;
#2660 = DIRECTION ( 'NONE',  ( -7.401486830834376525E-17, -1.000000000000000000, -0.0000000000000000000 ) ) ;
#2661 = AXIS2_PLACEMENT_3D ( 'NONE', #4041, #3651, #74 ) ;
#2662 = VECTOR ( 'NONE', #2573, 1000.000000000000114 ) ;
#2663 = VERTEX_POINT ( 'NONE', #325 ) ;
#2664 = DIRECTION ( 'NONE',  ( -1.000000000000000000, 0.0000000000000000000, -0.0000000000000000000 ) ) ;
#2665 = FACE_OUTER_BOUND ( 'NONE', #4288, .T. ) ;
#2666 = SURFACE_STYLE_FILL_AREA ( #3611 ) ;
#2667 = FACE_OUTER_BOUND ( 'NONE', #872, .T. ) ;
#2668 = DIRECTION ( 'NONE',  ( -0.0000000000000000000, 1.000000000000000000, -0.0000000000000000000 ) ) ;
#2669 = ADVANCED_FACE ( 'NONE', ( #966 ), #3243, .F. ) ;
#2670 = EDGE_LOOP ( 'NONE', ( #228, #503 ) ) ;
#2671 = EDGE_LOOP ( 'NONE', ( #2824, #2124, #388, #2019 ) ) ;
#2672 = UNCERTAINTY_MEASURE_WITH_UNIT (LENGTH_MEASURE( 1.000000000000000082E-05 ), #1890, 'distance_accuracy_value', 'NONE');
#2673 = VECTOR ( 'NONE', #2068, 1000.000000000000000 ) ;
#2674 = VERTEX_POINT ( 'NONE', #2520 ) ;
#2675 = LINE ( 'NONE', #541, #1044 ) ;
#2676 = CARTESIAN_POINT ( 'NONE',  ( -149.9999999999999716, 20.00000000000000000, 150.0000000000000000 ) ) ;
#2677 = DIRECTION ( 'NONE',  ( 0.0000000000000000000, 0.0000000000000000000, 1.000000000000000000 ) ) ;
#2678 = VECTOR ( 'NONE', #4222, 1000.000000000000000 ) ;
#2679 = LINE ( 'NONE', #1373, #2673 ) ;
#2680 = VECTOR ( 'NONE', #369, 1000.000000000000000 ) ;
#2681 = ORIENTED_EDGE ( 'NONE', *, *, #713, .F. ) ;
#2682 = EDGE_CURVE ( 'NONE', #3355, #1959, #180, .T. ) ;
#2683 = VECTOR ( 'NONE', #3816, 1000.000000000000000 ) ;
#2684 = EDGE_LOOP ( 'NONE', ( #1921, #224, #2301, #4312 ) ) ;
#2685 =( GEOMETRIC_REPRESENTATION_CONTEXT ( 3 ) GLOBAL_UNCERTAINTY_ASSIGNED_CONTEXT ( ( #1151 ) ) GLOBAL_UNIT_ASSIGNED_CONTEXT ( ( #98, #1194, #2986 ) ) REPRESENTATION_CONTEXT ( 'NONE', 'WORKASPACE' ) );
#2686 = VERTEX_POINT ( 'NONE', #3910 ) ;
#2687 = EDGE_CURVE ( 'NONE', #2241, #3379, #3717, .T. ) ;
#2688 = CARTESIAN_POINT ( 'NONE',  ( 67.99999999999991473, 1280.000000000000000, 77.99999999999995737 ) ) ;
#2689 = DIRECTION ( 'NONE',  ( 0.0000000000000000000, 0.0000000000000000000, 1.000000000000000000 ) ) ;
#2690 = ADVANCED_FACE ( 'NONE', ( #4063 ), #1092, .F. ) ;
#2691 = AXIS2_PLACEMENT_3D ( 'NONE', #2477, #265, #4608 ) ;
#2692 = CARTESIAN_POINT ( 'NONE',  ( -124.9999999999999716, 20.00000000000000000, -30.00000000000000000 ) ) ;
#2693 = CARTESIAN_POINT ( 'NONE',  ( 90.00000000000000000, 1215.000000000000000, -45.00000000000000000 ) ) ;
#2694 = CARTESIAN_POINT ( 'NONE',  ( -62.50000000000002842, 1280.000000000000000, 7.654042494670957804E-15 ) ) ;
#2695 = CARTESIAN_POINT ( 'NONE',  ( 70.00000000000000000, 1300.000000000000000, -95.00000000000000000 ) ) ;
#2696 = EDGE_LOOP ( 'NONE', ( #4651, #716, #3150, #354 ) ) ;
#2697 = DIRECTION ( 'NONE',  ( -0.0000000000000000000, 1.000000000000000000, -0.0000000000000000000 ) ) ;
#2698 = EDGE_CURVE ( 'NONE', #1372, #4018, #2990, .T. ) ;
#2699 = LINE ( 'NONE', #1324, #3488 ) ;
#2700 = EDGE_LOOP ( 'NONE', ( #3107, #35, #4617, #22 ) ) ;
#2701 = ORIENTED_EDGE ( 'NONE', *, *, #3065, .T. ) ;
#2702 = DIRECTION ( 'NONE',  ( 1.000000000000000000, -0.0000000000000000000, -0.0000000000000000000 ) ) ;
#2703 = CARTESIAN_POINT ( 'NONE',  ( 140.0000000000000000, 20.00000000000001776, -7.500000000000013323 ) ) ;
#2704 = ORIENTED_EDGE ( 'NONE', *, *, #794, .T. ) ;
#2705 = ORIENTED_EDGE ( 'NONE', *, *, #1125, .F. ) ;
#2706 = AXIS2_PLACEMENT_3D ( 'NONE', #1790, #2132, #2791 ) ;
#2707 = EDGE_CURVE ( 'NONE', #2674, #2111, #3877, .T. ) ;
#2708 = DIRECTION ( 'NONE',  ( 1.000000000000000000, -0.0000000000000000000, -0.0000000000000000000 ) ) ;
#2709 = VECTOR ( 'NONE', #1095, 1000.000000000000000 ) ;
#2710 = DIRECTION ( 'NONE',  ( 0.0000000000000000000, 0.0000000000000000000, 1.000000000000000000 ) ) ;
#2711 = ADVANCED_FACE ( 'NONE', ( #1594 ), #1464, .F. ) ;
#2712 = ORIENTED_EDGE ( 'NONE', *, *, #4647, .T. ) ;
#2713 = AXIS2_PLACEMENT_3D ( 'NONE', #838, #4116, #90 ) ;
#2714 = FACE_OUTER_BOUND ( 'NONE', #1436, .T. ) ;
#2715 = CIRCLE ( 'NONE', #884, 4.500000000000003553 ) ;
#2716 = CARTESIAN_POINT ( 'NONE',  ( 0.0000000000000000000, 1.387778780781445676E-14, 7.499999999999985789 ) ) ;
#2717 = SURFACE_STYLE_USAGE ( .BOTH. , #1615 ) ;
#2718 = ORIENTED_EDGE ( 'NONE', *, *, #2452, .T. ) ;
#2719 = FACE_OUTER_BOUND ( 'NONE', #536, .T. ) ;
#2720 = LINE ( 'NONE', #3183, #1039 ) ;
#2721 = CLOSED_SHELL ( 'NONE', ( #3246, #4058, #375, #2325, #4391, #1815, #4543, #4578, #121, #2945, #3418, #2574, #845, #1479, #2994, #424, #724, #2669, #169, #2711, #876, #3316, #1682, #399, #4443, #4512, #3794, #3699, #3861, #1658, #3293, #1146, #3749, #3440, #3961, #2391, #3514, #1224, #2855, #364, #1586, #3720, #3272, #3678, #4154, #2227, #2589, #1999 ) ) ;
#2722 = LINE ( 'NONE', #4656, #4367 ) ;
#2723 = CLOSED_SHELL ( 'NONE', ( #630, #147, #1245, #2968, #2340, #97, #1549 ) ) ;
#2724 = FACE_OUTER_BOUND ( 'NONE', #2982, .T. ) ;
#2725 = AXIS2_PLACEMENT_3D ( 'NONE', #2321, #3430, #3791 ) ;
#2726 = LINE ( 'NONE', #2571, #1047 ) ;
#2727 = DIRECTION ( 'NONE',  ( -0.0000000000000000000, 1.000000000000000000, 0.0000000000000000000 ) ) ;
#2728 = ORIENTED_EDGE ( 'NONE', *, *, #436, .T. ) ;
#2729 = AXIS2_PLACEMENT_3D ( 'NONE', #2277, #3742, #887 ) ;
#2730 = VECTOR ( 'NONE', #3479, 1000.000000000000000 ) ;
#2731 = LINE ( 'NONE', #3093, #1448 ) ;
#2732 = AXIS2_PLACEMENT_3D ( 'NONE', #1765, #3261, #3626 ) ;
#2733 = DIRECTION ( 'NONE',  ( -0.0000000000000000000, 1.000000000000000000, -0.0000000000000000000 ) ) ;
#2734 = ORIENTED_EDGE ( 'NONE', *, *, #1912, .T. ) ;
#2735 = DIRECTION ( 'NONE',  ( 0.0000000000000000000, 0.0000000000000000000, 1.000000000000000000 ) ) ;
#2736 = ORIENTED_EDGE ( 'NONE', *, *, #3149, .F. ) ;
#2737 = CARTESIAN_POINT ( 'NONE',  ( 4.999999999999227285, 20.00000000000000000, 295.0000000000000568 ) ) ;
#2738 = AXIS2_PLACEMENT_3D ( 'NONE', #2586, #79, #793 ) ;
#2739 = EDGE_CURVE ( 'NONE', #504, #252, #2190, .T. ) ;
#2740 = DIRECTION ( 'NONE',  ( -0.0000000000000000000, 1.000000000000000000, -0.0000000000000000000 ) ) ;
#2741 = DIRECTION ( 'NONE',  ( 1.000000000000000000, -0.0000000000000000000, -0.0000000000000000000 ) ) ;
#2742 =( GEOMETRIC_REPRESENTATION_CONTEXT ( 3 ) GLOBAL_UNCERTAINTY_ASSIGNED_CONTEXT ( ( #2608 ) ) GLOBAL_UNIT_ASSIGNED_CONTEXT ( ( #3108, #4548, #963 ) ) REPRESENTATION_CONTEXT ( 'NONE', 'WORKASPACE' ) );
#2743 = CARTESIAN_POINT ( 'NONE',  ( 30.00000000000001421, 0.0000000000000000000, 125.0000000000000000 ) ) ;
#2744 = PLANE ( 'NONE',  #1210 ) ;
#2745 = CARTESIAN_POINT ( 'NONE',  ( -90.00000000000000000, 19.99999999999998934, -7.499999999999985789 ) ) ;
#2746 = AXIS2_PLACEMENT_3D ( 'NONE', #2979, #1160, #829 ) ;
#2747 = CARTESIAN_POINT ( 'NONE',  ( 7.500000000000000000, 20.00000000000003197, -89.99999999999998579 ) ) ;
#2748 = EDGE_LOOP ( 'NONE', ( #3852, #1900, #1168, #3943 ) ) ;
#2749 = VECTOR ( 'NONE', #3974, 1000.000000000000000 ) ;
#2750 = DIRECTION ( 'NONE',  ( 0.0000000000000000000, 0.0000000000000000000, 1.000000000000000000 ) ) ;
#2751 = SURFACE_SIDE_STYLE ('',( #4353 ) ) ;
#2752 = ORIENTED_EDGE ( 'NONE', *, *, #1281, .T. ) ;
#2753 = ORIENTED_EDGE ( 'NONE', *, *, #1843, .T. ) ;
#2754 = VERTEX_POINT ( 'NONE', #774 ) ;
#2755 = EDGE_LOOP ( 'NONE', ( #3230, #1217 ) ) ;
#2756 = CARTESIAN_POINT ( 'NONE',  ( -90.00000000000000000, 1300.000000000000000, -90.00000000000000000 ) ) ;
#2757 =( NAMED_UNIT ( * ) PLANE_ANGLE_UNIT ( ) SI_UNIT ( $, .RADIAN. ) );
#2758 = EDGE_CURVE ( 'NONE', #225, #4609, #1705, .T. ) ;
#2759 = ORIENTED_EDGE ( 'NONE', *, *, #1248, .T. ) ;
#2760 = DIRECTION ( 'NONE',  ( -0.0000000000000000000, 1.000000000000000000, -0.0000000000000000000 ) ) ;
#2761 = CARTESIAN_POINT ( 'NONE',  ( -2.288491976566047810E-14, 1280.000000000000000, 0.0000000000000000000 ) ) ;
#2762 = VECTOR ( 'NONE', #14, 1000.000000000000000 ) ;
#2763 = VECTOR ( 'NONE', #3375, 1000.000000000000000 ) ;
#2764 = EDGE_CURVE ( 'NONE', #3267, #1340, #238, .T. ) ;
#2765 = ORIENTED_EDGE ( 'NONE', *, *, #4059, .F. ) ;
#2766 = ORIENTED_EDGE ( 'NONE', *, *, #2005, .F. ) ;
#2767 =( LENGTH_UNIT ( ) NAMED_UNIT ( * ) SI_UNIT ( .MILLI., .METRE. ) );
#2768 = CYLINDRICAL_SURFACE ( 'NONE', #2638, 3.400000000000000355 ) ;
#2769 =( NAMED_UNIT ( * ) SI_UNIT ( $, .STERADIAN. ) SOLID_ANGLE_UNIT ( ) );
#2770 = LINE ( 'NONE', #396, #2662 ) ;
#2771 = ORIENTED_EDGE ( 'NONE', *, *, #1279, .F. ) ;
#2772 = ORIENTED_EDGE ( 'NONE', *, *, #1526, .T. ) ;
#2773 = FACE_BOUND ( 'NONE', #1228, .T. ) ;
#2774 = VECTOR ( 'NONE', #1675, 1000.000000000000000 ) ;
#2775 = CARTESIAN_POINT ( 'NONE',  ( 69.99999999999985789, 1280.000000000000000, -90.00000000000000000 ) ) ;
#2776 = EDGE_CURVE ( 'NONE', #1264, #3831, #280, .T. ) ;
#2777 = DIRECTION ( 'NONE',  ( 0.0000000000000000000, 1.000000000000000000, 0.0000000000000000000 ) ) ;
#2778 = DIRECTION ( 'NONE',  ( 1.000000000000000000, 0.0000000000000000000, 0.0000000000000000000 ) ) ;
#2779 = VERTEX_POINT ( 'NONE', #1852 ) ;
#2780 = ORIENTED_EDGE ( 'NONE', *, *, #3467, .T. ) ;
#2781 = CIRCLE ( 'NONE', #2901, 2.499999999999946709 ) ;
#2782 = VECTOR ( 'NONE', #2090, 1000.000000000000114 ) ;
#2783 = CIRCLE ( 'NONE', #1116, 75.00000000000001421 ) ;
#2784 = DIRECTION ( 'NONE',  ( 1.000000000000000000, 0.0000000000000000000, 0.0000000000000000000 ) ) ;
#2785 = EDGE_LOOP ( 'NONE', ( #2482, #223, #2434, #3352 ) ) ;
#2786 = SURFACE_STYLE_USAGE ( .BOTH. , #2089 ) ;
#2787 = CARTESIAN_POINT ( 'NONE',  ( -114.9999999999999574, 1280.000000000000000, 125.0000000000000000 ) ) ;
#2788 = EDGE_LOOP ( 'NONE', ( #4105, #686 ) ) ;
#2789 = DIRECTION ( 'NONE',  ( -0.7071067811865489050, 0.0000000000000000000, -0.7071067811865461294 ) ) ;
#2790 = CARTESIAN_POINT ( 'NONE',  ( 90.00000000000000000, 1280.000000000000000, -95.09999999999999432 ) ) ;
#2791 = DIRECTION ( 'NONE',  ( 0.7071067811865484609, 0.0000000000000000000, -0.7071067811865465735 ) ) ;
#2792 = DIRECTION ( 'NONE',  ( 0.0000000000000000000, 0.0000000000000000000, -1.000000000000000000 ) ) ;
#2793 = PLANE ( 'NONE',  #4573 ) ;
#2794 = EDGE_CURVE ( 'NONE', #1751, #504, #1024, .T. ) ;
#2795 = EDGE_CURVE ( 'NONE', #562, #3532, #2928, .T. ) ;
#2796 = CARTESIAN_POINT ( 'NONE',  ( 90.00000000000000000, 1300.000000000000000, 95.09999999999999432 ) ) ;
#2797 = DIRECTION ( 'NONE',  ( 0.0000000000000000000, 0.0000000000000000000, 1.000000000000000000 ) ) ;
#2798 = CARTESIAN_POINT ( 'NONE',  ( 124.9999999999999716, 0.0000000000000000000, 125.0000000000000000 ) ) ;
#2799 = DIRECTION ( 'NONE',  ( 0.0000000000000000000, 0.0000000000000000000, -1.000000000000000000 ) ) ;
#2800 = EDGE_CURVE ( 'NONE', #1214, #1433, #4000, .T. ) ;
#2801 = MECHANICAL_DESIGN_GEOMETRIC_PRESENTATION_REPRESENTATION (  '', ( #2898 ), #3046 ) ;
#2802 = DIRECTION ( 'NONE',  ( -0.0000000000000000000, 1.000000000000000000, -0.0000000000000000000 ) ) ;
#2803 = DIRECTION ( 'NONE',  ( -0.7071067811865536790, -0.0000000000000000000, 0.7071067811865414665 ) ) ;
#2804 = DIRECTION ( 'NONE',  ( 1.982541115402069301E-16, -4.409720963005085396E-35, 1.000000000000000000 ) ) ;
#2805 = ADVANCED_BREP_SHAPE_REPRESENTATION ( '', ( #1905, #1575, #4088, #2953, #652, #4489, #2251, #3251 ), #2860 ) ;
#2806 = STYLED_ITEM ( 'NONE', ( #4281 ), #1528 ) ;
#2807 = DIRECTION ( 'NONE',  ( -0.0000000000000000000, 1.000000000000000000, -0.0000000000000000000 ) ) ;
#2808 = PLANE ( 'NONE',  #1375 ) ;
#2809 = DIRECTION ( 'NONE',  ( 0.0000000000000000000, 0.0000000000000000000, 1.000000000000000000 ) ) ;
#2810 = LINE ( 'NONE', #235, #780 ) ;
#2811 = VERTEX_POINT ( 'NONE', #3319 ) ;
#2812 = VERTEX_POINT ( 'NONE', #1554 ) ;
#2813 = DIRECTION ( 'NONE',  ( -0.0000000000000000000, 1.000000000000000000, -0.0000000000000000000 ) ) ;
#2814 = CARTESIAN_POINT ( 'NONE',  ( -124.9999999999999432, 1300.000000000000000, 115.0000000000000426 ) ) ;
#2815 = ORIENTED_EDGE ( 'NONE', *, *, #2698, .F. ) ;
#2816 = ORIENTED_EDGE ( 'NONE', *, *, #3723, .T. ) ;
#2817 = LINE ( 'NONE', #2737, #2085 ) ;
#2818 = ORIENTED_EDGE ( 'NONE', *, *, #1126, .T. ) ;
#2819 = ORIENTED_EDGE ( 'NONE', *, *, #2442, .F. ) ;
#2820 = EDGE_CURVE ( 'NONE', #3939, #4018, #1211, .T. ) ;
#2821 = LINE ( 'NONE', #1113, #2086 ) ;
#2822 = DIRECTION ( 'NONE',  ( -0.0000000000000000000, 1.000000000000000000, -0.0000000000000000000 ) ) ;
#2823 = DIRECTION ( 'NONE',  ( 0.0000000000000000000, -0.0000000000000000000, 1.000000000000000000 ) ) ;
#2824 = ORIENTED_EDGE ( 'NONE', *, *, #3149, .T. ) ;
#2825 = DIRECTION ( 'NONE',  ( -0.0000000000000000000, 1.000000000000000000, -0.0000000000000000000 ) ) ;
#2826 = CYLINDRICAL_SURFACE ( 'NONE', #3714, 4.500000000000003553 ) ;
#2827 = FACE_BOUND ( 'NONE', #402, .T. ) ;
#2828 = EDGE_CURVE ( 'NONE', #2591, #2259, #679, .T. ) ;
#2829 = ORIENTED_EDGE ( 'NONE', *, *, #1860, .F. ) ;
#2830 = ORIENTED_EDGE ( 'NONE', *, *, #1603, .T. ) ;
#2831 = DIRECTION ( 'NONE',  ( 0.0000000000000000000, 0.0000000000000000000, 1.000000000000000000 ) ) ;
#2832 = ORIENTED_EDGE ( 'NONE', *, *, #44, .F. ) ;
#2833 = FACE_OUTER_BOUND ( 'NONE', #148, .T. ) ;
#2834 = ORIENTED_EDGE ( 'NONE', *, *, #3899, .T. ) ;
#2835 = CARTESIAN_POINT ( 'NONE',  ( 142.5000000000000568, 20.00000000000000000, 4.975360907851466735E-13 ) ) ;
#2836 = PRESENTATION_STYLE_ASSIGNMENT (( #3088 ) ) ;
#2837 = AXIS2_PLACEMENT_3D ( 'NONE', #4072, #93, #1230 ) ;
#2838 = ORIENTED_EDGE ( 'NONE', *, *, #34, .T. ) ;
#2839 = CARTESIAN_POINT ( 'NONE',  ( 90.00000000000000000, 1215.000000000000000, 42.50000000000004974 ) ) ;
#2840 = VERTEX_POINT ( 'NONE', #1841 ) ;
#2841 = CARTESIAN_POINT ( 'NONE',  ( -30.00000000000001421, 20.00000000000000000, -125.0000000000000000 ) ) ;
#2842 = FILL_AREA_STYLE_COLOUR ( '', #2934 ) ;
#2843 = CARTESIAN_POINT ( 'NONE',  ( -124.9999999999999716, 20.00000000000000000, -30.00000000000000000 ) ) ;
#2844 =( NAMED_UNIT ( * ) SI_UNIT ( $, .STERADIAN. ) SOLID_ANGLE_UNIT ( ) );
#2845 = CARTESIAN_POINT ( 'NONE',  ( 69.99999999999998579, 20.00000000000000355, 69.99999999999998579 ) ) ;
#2846 = FACE_OUTER_BOUND ( 'NONE', #575, .T. ) ;
#2847 = EDGE_CURVE ( 'NONE', #52, #2474, #2615, .T. ) ;
#2848 = FILL_AREA_STYLE ('',( #334 ) ) ;
#2849 = DIRECTION ( 'NONE',  ( -0.0000000000000000000, -1.000000000000000000, -0.0000000000000000000 ) ) ;
#2850 = FILL_AREA_STYLE_COLOUR ( '', #77 ) ;
#2851 = DIRECTION ( 'NONE',  ( 1.000000000000000000, 0.0000000000000000000, -0.0000000000000000000 ) ) ;
#2852 = CARTESIAN_POINT ( 'NONE',  ( 149.9999999999999716, 20.00000000000000000, -150.0000000000000000 ) ) ;
#2853 = EDGE_CURVE ( 'NONE', #1959, #2812, #752, .T. ) ;
#2854 = DIRECTION ( 'NONE',  ( 0.0000000000000000000, 0.0000000000000000000, 1.000000000000000000 ) ) ;
#2855 = ADVANCED_FACE ( 'NONE', ( #85 ), #3464, .F. ) ;
#2856 = CARTESIAN_POINT ( 'NONE',  ( -90.00000000000000000, 19.99999999999998934, 7.500000000000013323 ) ) ;
#2857 = FACE_OUTER_BOUND ( 'NONE', #910, .T. ) ;
#2858 = VERTEX_POINT ( 'NONE', #4095 ) ;
#2859 = CIRCLE ( 'NONE', #4225, 5.099999999999993427 ) ;
#2860 =( GEOMETRIC_REPRESENTATION_CONTEXT ( 3 ) GLOBAL_UNCERTAINTY_ASSIGNED_CONTEXT ( ( #1778 ) ) GLOBAL_UNIT_ASSIGNED_CONTEXT ( ( #2534, #3582, #2554 ) ) REPRESENTATION_CONTEXT ( 'NONE', 'WORKASPACE' ) );
#2861 = ORIENTED_EDGE ( 'NONE', *, *, #4106, .T. ) ;
#2862 = EDGE_LOOP ( 'NONE', ( #166, #4219, #1115, #2046 ) ) ;
#2863 = DIRECTION ( 'NONE',  ( -0.7071067811865474617, 0.0000000000000000000, 0.7071067811865474617 ) ) ;
#2864 = CARTESIAN_POINT ( 'NONE',  ( -70.00000000000000000, 1300.000000000000000, 98.00000000000000000 ) ) ;
#2865 = ORIENTED_EDGE ( 'NONE', *, *, #4001, .F. ) ;
#2866 = STYLED_ITEM ( 'NONE', ( #4641 ), #1224 ) ;
#2867 = ORIENTED_EDGE ( 'NONE', *, *, #3080, .F. ) ;
#2868 = DIRECTION ( 'NONE',  ( -0.0000000000000000000, 1.000000000000000000, -0.0000000000000000000 ) ) ;
#2869 = VERTEX_POINT ( 'NONE', #3359 ) ;
#2870 = CARTESIAN_POINT ( 'NONE',  ( -150.0000000000001137, -0.001000000000001000089, 7.499999999998428812 ) ) ;
#2871 = DIRECTION ( 'NONE',  ( -0.0000000000000000000, 1.000000000000000000, -0.0000000000000000000 ) ) ;
#2872 = VERTEX_POINT ( 'NONE', #3701 ) ;
#2873 = ADVANCED_FACE ( 'NONE', ( #1830 ), #1049, .F. ) ;
#2874 = PRESENTATION_LAYER_ASSIGNMENT (  '', '', ( #2634 ) ) ;
#2875 = PLANE ( 'NONE',  #4508 ) ;
#2876 = CIRCLE ( 'NONE', #1907, 2.499999999999946709 ) ;
#2877 = VECTOR ( 'NONE', #1124, 1000.000000000000000 ) ;
#2878 = VECTOR ( 'NONE', #3019, 1000.000000000000000 ) ;
#2879 = EDGE_LOOP ( 'NONE', ( #2607, #1012, #4621, #4412 ) ) ;
#2880 = VECTOR ( 'NONE', #30, 1000.000000000000000 ) ;
#2881 = VECTOR ( 'NONE', #2299, 1000.000000000000000 ) ;
#2882 = CARTESIAN_POINT ( 'NONE',  ( 70.00000000000000000, 1300.000000000000000, -91.50000000000000000 ) ) ;
#2883 = EDGE_CURVE ( 'NONE', #3437, #911, #4649, .T. ) ;
#2884 = VERTEX_POINT ( 'NONE', #3825 ) ;
#2885 = EDGE_CURVE ( 'NONE', #3676, #1334, #2558, .T. ) ;
#2886 = ORIENTED_EDGE ( 'NONE', *, *, #1885, .T. ) ;
#2887 = EDGE_CURVE ( 'NONE', #2469, #1035, #4023, .T. ) ;
#2888 = CONICAL_SURFACE ( 'NONE', #1698, 3.500000000000003109, 0.7853981633975037902 ) ;
#2889 = LINE ( 'NONE', #751, #20 ) ;
#2890 = VECTOR ( 'NONE', #1987, 1000.000000000000000 ) ;
#2891 = PLANE ( 'NONE',  #1129 ) ;
#2892 =( GEOMETRIC_REPRESENTATION_CONTEXT ( 3 ) GLOBAL_UNCERTAINTY_ASSIGNED_CONTEXT ( ( #941 ) ) GLOBAL_UNIT_ASSIGNED_CONTEXT ( ( #4195, #3758, #2025 ) ) REPRESENTATION_CONTEXT ( 'NONE', 'WORKASPACE' ) );
#2893 = ORIENTED_EDGE ( 'NONE', *, *, #420, .F. ) ;
#2894 = CARTESIAN_POINT ( 'NONE',  ( -90.00000000000000000, 1300.000000000000000, -90.00000000000000000 ) ) ;
#2896 = VERTEX_POINT ( 'NONE', #4216 ) ;
#2895 = PLANE ( 'NONE',  #3472 ) ;
#2897 = CARTESIAN_POINT ( 'NONE',  ( -150.0000000000000284, 20.00000000000000000, -139.9999999999999716 ) ) ;
#2898 = STYLED_ITEM ( 'NONE', ( #563 ), #4390 ) ;
#2899 = AXIS2_PLACEMENT_3D ( 'NONE', #2942, #4372, #721 ) ;
#2900 = ADVANCED_FACE ( 'NONE', ( #2439 ), #4306, .F. ) ;
#2901 = AXIS2_PLACEMENT_3D ( 'NONE', #2693, #3330, #1197 ) ;
#2902 = CARTESIAN_POINT ( 'NONE',  ( 30.00000000000000000, 20.00000000000000000, -129.5000000000000000 ) ) ;
#2903 = DIRECTION ( 'NONE',  ( 1.850371707708594316E-16, 0.0000000000000000000, 1.000000000000000000 ) ) ;
#2904 = CARTESIAN_POINT ( 'NONE',  ( -90.00000000000000000, 1280.000000000000000, -95.09999999999999432 ) ) ;
#2905 = CARTESIAN_POINT ( 'NONE',  ( -150.0000000000000284, 20.00000000000000000, -139.9999999999999716 ) ) ;
#2906 = FACE_OUTER_BOUND ( 'NONE', #3992, .T. ) ;
#2907 = CARTESIAN_POINT ( 'NONE',  ( 7.500000000000000000, 220.0000000000000284, 89.99999999999998579 ) ) ;
#2908 = EDGE_CURVE ( 'NONE', #3039, #3258, #648, .T. ) ;
#2909 = CARTESIAN_POINT ( 'NONE',  ( 90.00000000000000000, 20.00000000000000355, 69.99999999999982947 ) ) ;
#2910 = DIRECTION ( 'NONE',  ( -0.0000000000000000000, 1.000000000000000000, -0.0000000000000000000 ) ) ;
#2911 = ORIENTED_EDGE ( 'NONE', *, *, #4496, .F. ) ;
#2912 = PLANE ( 'NONE',  #1504 ) ;
#2913 = DIRECTION ( 'NONE',  ( 7.401486830834376525E-17, 1.000000000000000000, 0.0000000000000000000 ) ) ;
#2914 = EDGE_CURVE ( 'NONE', #1966, #1605, #583, .T. ) ;
#2915 = DIRECTION ( 'NONE',  ( -0.0000000000000000000, 1.000000000000000000, -0.0000000000000000000 ) ) ;
#2916 = EDGE_LOOP ( 'NONE', ( #3373, #4485 ) ) ;
#2917 = ORIENTED_EDGE ( 'NONE', *, *, #4187, .T. ) ;
#2918 = ADVANCED_FACE ( 'NONE', ( #2948 ), #1726, .F. ) ;
#2919 = DIRECTION ( 'NONE',  ( -0.7071067811865414665, 0.0000000000000000000, -0.7071067811865536790 ) ) ;
#2920 = ORIENTED_EDGE ( 'NONE', *, *, #39, .F. ) ;
#2921 = ORIENTED_EDGE ( 'NONE', *, *, #2643, .F. ) ;
#2922 = VERTEX_POINT ( 'NONE', #276 ) ;
#2923 = EDGE_CURVE ( 'NONE', #3734, #804, #2214, .T. ) ;
#2924 = CARTESIAN_POINT ( 'NONE',  ( -90.00000000000000000, 1300.000000000000000, 95.09999999999999432 ) ) ;
#2925 = FACE_BOUND ( 'NONE', #3840, .T. ) ;
#2926 = DIRECTION ( 'NONE',  ( -1.232595164407830946E-32, 3.081487911019577365E-33, -1.000000000000000000 ) ) ;
#2927 = EDGE_LOOP ( 'NONE', ( #2524, #4194, #3655, #4511 ) ) ;
#2928 = LINE ( 'NONE', #830, #59 ) ;
#2929 = FACE_BOUND ( 'NONE', #2258, .T. ) ;
#2930 = CARTESIAN_POINT ( 'NONE',  ( 150.0000000000000000, 0.0000000000000000000, 7.500000000000524025 ) ) ;
#2931 = DIRECTION ( 'NONE',  ( 0.0000000000000000000, 1.000000000000000000, 0.0000000000000000000 ) ) ;
#2932 = COLOUR_RGB ( '',1.000000000000000000, 1.000000000000000000, 1.000000000000000000 ) ;
#2933 = SURFACE_SIDE_STYLE ('',( #4401 ) ) ;
#2934 = COLOUR_RGB ( '',1.000000000000000000, 1.000000000000000000, 1.000000000000000000 ) ;
#2935 = EDGE_CURVE ( 'NONE', #4079, #844, #2679, .T. ) ;
#2936 = ORIENTED_EDGE ( 'NONE', *, *, #3080, .T. ) ;
#2937 = ORIENTED_EDGE ( 'NONE', *, *, #44, .T. ) ;
#2938 = DIRECTION ( 'NONE',  ( -0.0000000000000000000, 1.000000000000000000, -0.0000000000000000000 ) ) ;
#2939 = CIRCLE ( 'NONE', #1293, 2.499999999999946709 ) ;
#2940 = CIRCLE ( 'NONE', #2011, 2.999999999999988898 ) ;
#2941 = ORIENTED_EDGE ( 'NONE', *, *, #4435, .F. ) ;
#2942 = CARTESIAN_POINT ( 'NONE',  ( -69.99999999999985789, 1280.000000000000000, -89.99999999999997158 ) ) ;
#2943 = CARTESIAN_POINT ( 'NONE',  ( -29.99999999999998579, 20.00000000000000000, 125.0000000000000284 ) ) ;
#2944 = CARTESIAN_POINT ( 'NONE',  ( 90.00000000000000000, 20.00000000000001776, -7.500000000000013323 ) ) ;
#2945 = ADVANCED_FACE ( 'NONE', ( #4193 ), #1236, .F. ) ;
#2946 = ADVANCED_FACE ( 'NONE', ( #4315 ), #2145, .T. ) ;
#2947 = LINE ( 'NONE', #3299, #3562 ) ;
#2948 = FACE_OUTER_BOUND ( 'NONE', #3207, .T. ) ;
#2949 =( LENGTH_UNIT ( ) NAMED_UNIT ( * ) SI_UNIT ( .MILLI., .METRE. ) );
#2950 = LINE ( 'NONE', #1434, #4429 ) ;
#2951 = DIRECTION ( 'NONE',  ( 9.244463733058732095E-33, -1.000000000000000000, -1.679848709543503686E-33 ) ) ;
#2952 = CYLINDRICAL_SURFACE ( 'NONE', #130, 4.499999999999997335 ) ;
#2953 = MANIFOLD_SOLID_BREP ( 'Gusset3', #748 ) ;
#2954 = ORIENTED_EDGE ( 'NONE', *, *, #2430, .F. ) ;
#2955 = EDGE_LOOP ( 'NONE', ( #2317, #2566, #2753, #3225 ) ) ;
#2956 = AXIS2_PLACEMENT_3D ( 'NONE', #397, #697, #1455 ) ;
#2957 = CARTESIAN_POINT ( 'NONE',  ( -124.9999999999999716, 20.00000000000000000, 26.59999999999999787 ) ) ;
#2958 = AXIS2_PLACEMENT_3D ( 'NONE', #3194, #1009, #4622 ) ;
#2959 = CARTESIAN_POINT ( 'NONE',  ( -7.500000000000016875, -1.387778780781445676E-14, -2.775557561562891351E-14 ) ) ;
#2960 = CARTESIAN_POINT ( 'NONE',  ( 149.9999999999999716, 0.0000000000000000000, -150.0000000000000000 ) ) ;
#2961 = APPLICATION_CONTEXT ( 'automotive_design' ) ;
#2962 = CARTESIAN_POINT ( 'NONE',  ( 90.00000000000000000, 1215.000000000000000, 45.00000000000000000 ) ) ;
#2963 = LINE ( 'NONE', #3884, #3550 ) ;
#2964 = CARTESIAN_POINT ( 'NONE',  ( -90.00000000000000000, 1280.000000000000000, 69.99999999999985789 ) ) ;
#2965 = DIRECTION ( 'NONE',  ( 1.000000000000000000, -1.449650923982144865E-33, -1.232595164407830946E-32 ) ) ;
#2966 = CARTESIAN_POINT ( 'NONE',  ( 68.00000000000000000, 1280.000000000000000, 67.99999999999995737 ) ) ;
#2967 = PRESENTATION_LAYER_ASSIGNMENT (  '', '', ( #2486 ) ) ;
#2968 = ADVANCED_FACE ( 'NONE', ( #2264 ), #2875, .F. ) ;
#2969 = SURFACE_SIDE_STYLE ('',( #801 ) ) ;
#2970 = PRESENTATION_LAYER_ASSIGNMENT (  '', '', ( #3366 ) ) ;
#2971 = EDGE_CURVE ( 'NONE', #1733, #2609, #3403, .T. ) ;
#2972 = DIRECTION ( 'NONE',  ( 0.0000000000000000000, 0.0000000000000000000, -1.000000000000000000 ) ) ;
#2973 = ORIENTED_EDGE ( 'NONE', *, *, #1218, .F. ) ;
#2974 = CARTESIAN_POINT ( 'NONE',  ( 78.00000000000000000, 1255.000000000000227, 47.49999999999994316 ) ) ;
#2975 = DIRECTION ( 'NONE',  ( -1.000000000000000000, -0.0000000000000000000, -0.0000000000000000000 ) ) ;
#2976 = VECTOR ( 'NONE', #3600, 1000.000000000000000 ) ;
#2977 = ORIENTED_EDGE ( 'NONE', *, *, #4371, .T. ) ;
#2978 = ORIENTED_EDGE ( 'NONE', *, *, #153, .T. ) ;
#2979 = CARTESIAN_POINT ( 'NONE',  ( -90.00000000000000000, 1300.000000000000000, 90.00000000000000000 ) ) ;
#2980 = CARTESIAN_POINT ( 'NONE',  ( 124.9999999999999716, 20.00000000000000000, -26.59999999999999787 ) ) ;
#2981 = CARTESIAN_POINT ( 'NONE',  ( 90.00000000000000000, 1280.000000000000000, 84.90000000000000568 ) ) ;
#2982 = EDGE_LOOP ( 'NONE', ( #2681, #499, #2759, #3202 ) ) ;
#2983 = AXIS2_PLACEMENT_3D ( 'NONE', #3774, #4133, #1312 ) ;
#2984 = ORIENTED_EDGE ( 'NONE', *, *, #3423, .F. ) ;
#2985 = ORIENTED_EDGE ( 'NONE', *, *, #1367, .T. ) ;
#2986 =( NAMED_UNIT ( * ) SI_UNIT ( $, .STERADIAN. ) SOLID_ANGLE_UNIT ( ) );
#2987 = CARTESIAN_POINT ( 'NONE',  ( 7.500000000000005329, 220.0000000000000284, 109.9999999999999858 ) ) ;
#2988 = AXIS2_PLACEMENT_3D ( 'NONE', #3420, #1919, #905 ) ;
#2989 = ORIENTED_EDGE ( 'NONE', *, *, #2288, .F. ) ;
#2990 = LINE ( 'NONE', #4318, #3597 ) ;
#2991 = PLANE ( 'NONE',  #337 ) ;
#2992 = LINE ( 'NONE', #1418, #4290 ) ;
#2993 = DIRECTION ( 'NONE',  ( 0.0000000000000000000, 0.0000000000000000000, 1.000000000000000000 ) ) ;
#2994 = ADVANCED_FACE ( 'NONE', ( #4589 ), #3962, .F. ) ;
#2995 = EDGE_LOOP ( 'NONE', ( #877, #1974, #3685, #115 ) ) ;
#2996 = DIRECTION ( 'NONE',  ( -0.7071067811865494601, 0.0000000000000000000, 0.7071067811865456854 ) ) ;
#2997 = DIRECTION ( 'NONE',  ( 0.0000000000000000000, 0.0000000000000000000, 1.000000000000000000 ) ) ;
#2998 = ORIENTED_EDGE ( 'NONE', *, *, #4313, .T. ) ;
#2999 = DIRECTION ( 'NONE',  ( 0.7071067811865434649, -0.0000000000000000000, 0.7071067811865516806 ) ) ;
#3000 = VERTEX_POINT ( 'NONE', #2897 ) ;
#3001 = ORIENTED_EDGE ( 'NONE', *, *, #1891, .T. ) ;
#3002 = FACE_OUTER_BOUND ( 'NONE', #2927, .T. ) ;
#3003 = CIRCLE ( 'NONE', #4526, 3.400000000000014122 ) ;
#3004 = LINE ( 'NONE', #1309, #532 ) ;
#3005 = FILL_AREA_STYLE_COLOUR ( '', #4416 ) ;
#3006 = EDGE_CURVE ( 'NONE', #609, #2111, #3013, .T. ) ;
#3007 = ORIENTED_EDGE ( 'NONE', *, *, #2519, .T. ) ;
#3008 = SURFACE_STYLE_FILL_AREA ( #1081 ) ;
#3009 = DIRECTION ( 'NONE',  ( 0.0000000000000000000, 0.0000000000000000000, 1.000000000000000000 ) ) ;
#3010 = EDGE_LOOP ( 'NONE', ( #2865, #1981 ) ) ;
#3011 = FILL_AREA_STYLE ('',( #3390 ) ) ;
#3012 = DIRECTION ( 'NONE',  ( -0.0000000000000000000, -1.000000000000000000, -0.0000000000000000000 ) ) ;
#3013 = LINE ( 'NONE', #1543, #26 ) ;
#3014 = ORIENTED_EDGE ( 'NONE', *, *, #3999, .F. ) ;
#3015 = EDGE_CURVE ( 'NONE', #1478, #821, #2150, .T. ) ;
#3016 = UNCERTAINTY_MEASURE_WITH_UNIT (LENGTH_MEASURE( 1.000000000000000082E-05 ), #4300, 'distance_accuracy_value', 'NONE');
#3017 = CARTESIAN_POINT ( 'NONE',  ( -78.00000000000000000, 1280.000000000000000, 67.99999999999991473 ) ) ;
#3018 = ORIENTED_EDGE ( 'NONE', *, *, #2611, .T. ) ;
#3019 = DIRECTION ( 'NONE',  ( -0.0000000000000000000, -0.0000000000000000000, -1.000000000000000000 ) ) ;
#3020 = DIRECTION ( 'NONE',  ( -0.0000000000000000000, 1.000000000000000000, -0.0000000000000000000 ) ) ;
#3021 = ORIENTED_EDGE ( 'NONE', *, *, #769, .F. ) ;
#3022 = ADVANCED_FACE ( 'NONE', ( #258 ), #871, .F. ) ;
#3023 = EDGE_CURVE ( 'NONE', #1612, #1707, #1508, .T. ) ;
#3024 = MECHANICAL_DESIGN_GEOMETRIC_PRESENTATION_REPRESENTATION (  '', ( #1677 ), #1736 ) ;
#3025 = PLANE ( 'NONE',  #574 ) ;
#3026 = DIRECTION ( 'NONE',  ( 1.000000000000000000, -0.0000000000000000000, -0.0000000000000000000 ) ) ;
#3027 = DIRECTION ( 'NONE',  ( 2.465190328815661345E-32, 7.213255872081108868E-35, 1.000000000000000000 ) ) ;
#3028 = VECTOR ( 'NONE', #3762, 1000.000000000000000 ) ;
#3029 = DIRECTION ( 'NONE',  ( 0.0000000000000000000, 0.0000000000000000000, -1.000000000000000000 ) ) ;
#3030 = EDGE_LOOP ( 'NONE', ( #3715, #1565 ) ) ;
#3031 = DIRECTION ( 'NONE',  ( -0.0000000000000000000, 1.000000000000000000, -0.0000000000000000000 ) ) ;
#3032 = LINE ( 'NONE', #1191, #2018 ) ;
#3033 = EDGE_LOOP ( 'NONE', ( #1638, #4500, #3766, #3868 ) ) ;
#3034 = EDGE_CURVE ( 'NONE', #3646, #119, #528, .T. ) ;
#3035 = EDGE_CURVE ( 'NONE', #3844, #3173, #3351, .T. ) ;
#3036 = DIRECTION ( 'NONE',  ( 0.0000000000000000000, 1.000000000000000000, 0.0000000000000000000 ) ) ;
#3037 = FACE_BOUND ( 'NONE', #972, .T. ) ;
#3038 = DIRECTION ( 'NONE',  ( -0.0000000000000000000, 1.000000000000000000, -0.0000000000000000000 ) ) ;
#3039 = VERTEX_POINT ( 'NONE', #535 ) ;
#3040 = AXIS2_PLACEMENT_3D ( 'NONE', #1753, #347, #2128 ) ;
#3041 = EDGE_CURVE ( 'NONE', #4450, #3485, #4478, .T. ) ;
#3042 = ORIENTED_EDGE ( 'NONE', *, *, #57, .T. ) ;
#3043 =( NAMED_UNIT ( * ) PLANE_ANGLE_UNIT ( ) SI_UNIT ( $, .RADIAN. ) );
#3044 = CARTESIAN_POINT ( 'NONE',  ( 150.0000000000000284, 20.00000000000000000, 139.9999999999999716 ) ) ;
#3045 = CIRCLE ( 'NONE', #3292, 9.999999999999994671 ) ;
#3046 =( GEOMETRIC_REPRESENTATION_CONTEXT ( 3 ) GLOBAL_UNCERTAINTY_ASSIGNED_CONTEXT ( ( #2116 ) ) GLOBAL_UNIT_ASSIGNED_CONTEXT ( ( #1842, #3640, #1525 ) ) REPRESENTATION_CONTEXT ( 'NONE', 'WORKASPACE' ) );
#3047 = ORIENTED_EDGE ( 'NONE', *, *, #3577, .F. ) ;
#3048 = DIRECTION ( 'NONE',  ( -1.000000000000000000, 1.829633447167874060E-33, 1.982541115402069301E-16 ) ) ;
#3049 = AXIS2_PLACEMENT_3D ( 'NONE', #1674, #2369, #3460 ) ;
#3050 = EDGE_LOOP ( 'NONE', ( #3808, #688, #719, #1752 ) ) ;
#3051 = CARTESIAN_POINT ( 'NONE',  ( 90.00000000000000000, 1215.000000000000000, -42.50000000000004974 ) ) ;
#3052 = CIRCLE ( 'NONE', #4595, 2.499999999999946709 ) ;
#3053 = COLOUR_RGB ( '',1.000000000000000000, 1.000000000000000000, 1.000000000000000000 ) ;
#3054 = VECTOR ( 'NONE', #1465, 1000.000000000000114 ) ;
#3055 = DIRECTION ( 'NONE',  ( 0.0000000000000000000, 0.0000000000000000000, 1.000000000000000000 ) ) ;
#3056 = ORIENTED_EDGE ( 'NONE', *, *, #264, .T. ) ;
#3057 = ORIENTED_EDGE ( 'NONE', *, *, #3731, .T. ) ;
#3058 = ORIENTED_EDGE ( 'NONE', *, *, #2302, .T. ) ;
#3059 = DIRECTION ( 'NONE',  ( -0.0000000000000000000, 1.000000000000000000, -0.0000000000000000000 ) ) ;
#3060 = CARTESIAN_POINT ( 'NONE',  ( -124.9999999999999716, 0.0000000000000000000, 125.0000000000000000 ) ) ;
#3061 = SURFACE_SIDE_STYLE ('',( #3521 ) ) ;
#3062 = CYLINDRICAL_SURFACE ( 'NONE', #3130, 75.00000000000001421 ) ;
#3063 = CARTESIAN_POINT ( 'NONE',  ( 90.00000000000000000, 1255.000000000000227, -47.49999999999994316 ) ) ;
#3064 = EDGE_CURVE ( 'NONE', #2315, #246, #2781, .T. ) ;
#3065 = EDGE_CURVE ( 'NONE', #2526, #310, #3223, .T. ) ;
#3066 = CARTESIAN_POINT ( 'NONE',  ( -69.99999999999985789, 1280.000000000000000, 90.00000000000000000 ) ) ;
#3067 = ORIENTED_EDGE ( 'NONE', *, *, #1748, .F. ) ;
#3068 = DIRECTION ( 'NONE',  ( -0.0000000000000000000, 1.000000000000000000, -0.0000000000000000000 ) ) ;
#3069 = DIRECTION ( 'NONE',  ( 0.0000000000000000000, 0.0000000000000000000, 1.000000000000000000 ) ) ;
#3070 = ORIENTED_EDGE ( 'NONE', *, *, #4378, .F. ) ;
#3071 = PLANE ( 'NONE',  #4599 ) ;
#3072 = DIRECTION ( 'NONE',  ( -0.0000000000000000000, 1.000000000000000000, -0.0000000000000000000 ) ) ;
#3073 = CIRCLE ( 'NONE', #1008, 3.500000000000003109 ) ;
#3074 = CARTESIAN_POINT ( 'NONE',  ( 70.00000000000000000, 1280.000000000000000, -95.00000000000000000 ) ) ;
#3075 = CARTESIAN_POINT ( 'NONE',  ( 124.9999999999999716, 0.0000000000000000000, 30.00000000000000000 ) ) ;
#3076 = CARTESIAN_POINT ( 'NONE',  ( 90.00000000000000000, 20.00000000000001776, -7.500000000000013323 ) ) ;
#3077 =( LENGTH_UNIT ( ) NAMED_UNIT ( * ) SI_UNIT ( .MILLI., .METRE. ) );
#3078 = CARTESIAN_POINT ( 'NONE',  ( 125.0000000000000568, 1300.000000000000000, -114.9999999999999858 ) ) ;
#3079 = DIRECTION ( 'NONE',  ( 0.0000000000000000000, 0.0000000000000000000, 1.000000000000000000 ) ) ;
#3080 = EDGE_CURVE ( 'NONE', #3939, #1098, #987, .T. ) ;
#3081 = LINE ( 'NONE', #3923, #672 ) ;
#3082 = ORIENTED_EDGE ( 'NONE', *, *, #2820, .F. ) ;
#3083 = DIRECTION ( 'NONE',  ( 0.0000000000000000000, 0.0000000000000000000, 1.000000000000000000 ) ) ;
#3084 = ORIENTED_EDGE ( 'NONE', *, *, #3787, .T. ) ;
#3085 = ORIENTED_EDGE ( 'NONE', *, *, #3803, .T. ) ;
#3086 = ORIENTED_EDGE ( 'NONE', *, *, #662, .F. ) ;
#3087 = EDGE_CURVE ( 'NONE', #753, #1213, #1109, .T. ) ;
#3088 = SURFACE_STYLE_USAGE ( .BOTH. , #2323 ) ;
#3089 = CARTESIAN_POINT ( 'NONE',  ( -78.00000000000000000, 1280.000000000000000, -67.99999999999991473 ) ) ;
#3090 = ORIENTED_EDGE ( 'NONE', *, *, #2521, .F. ) ;
#3091 = MECHANICAL_DESIGN_GEOMETRIC_PRESENTATION_REPRESENTATION (  '', ( #2623 ), #2892 ) ;
#3092 = VECTOR ( 'NONE', #4026, 1000.000000000000000 ) ;
#3093 = CARTESIAN_POINT ( 'NONE',  ( 115.0000000000000711, 1300.000000000000000, -124.9999999999999432 ) ) ;
#3094 = DIRECTION ( 'NONE',  ( 0.0000000000000000000, 0.0000000000000000000, 1.000000000000000000 ) ) ;
#3095 = ORIENTED_EDGE ( 'NONE', *, *, #3732, .T. ) ;
#3096 = CIRCLE ( 'NONE', #2956, 62.50000000000000000 ) ;
#3097 = MECHANICAL_DESIGN_GEOMETRIC_PRESENTATION_REPRESENTATION (  '', ( #2131 ), #2627 ) ;
#3098 = FACE_OUTER_BOUND ( 'NONE', #4229, .T. ) ;
#3099 = ORIENTED_EDGE ( 'NONE', *, *, #3966, .T. ) ;
#3100 = ORIENTED_EDGE ( 'NONE', *, *, #3911, .F. ) ;
#3101 = CARTESIAN_POINT ( 'NONE',  ( -7.500000000001047162, -0.001000000000001000089, 149.9999999999999716 ) ) ;
#3102 = FACE_OUTER_BOUND ( 'NONE', #2684, .T. ) ;
#3103 = AXIS2_PLACEMENT_3D ( 'NONE', #2222, #2233, #2650 ) ;
#3104 = VECTOR ( 'NONE', #164, 1000.000000000000000 ) ;
#3105 = ORIENTED_EDGE ( 'NONE', *, *, #3596, .T. ) ;
#3106 = CIRCLE ( 'NONE', #3925, 5.099999999999993427 ) ;
#3107 = ORIENTED_EDGE ( 'NONE', *, *, #2853, .T. ) ;
#3108 =( LENGTH_UNIT ( ) NAMED_UNIT ( * ) SI_UNIT ( .MILLI., .METRE. ) );
#3109 = LINE ( 'NONE', #3236, #1447 ) ;
#3110 = VECTOR ( 'NONE', #3252, 1000.000000000000000 ) ;
#3111 = AXIS2_PLACEMENT_3D ( 'NONE', #4102, #1888, #1939 ) ;
#3112 = CIRCLE ( 'NONE', #2403, 2.499999999999946709 ) ;
#3113 = AXIS2_PLACEMENT_3D ( 'NONE', #3687, #2913, #3670 ) ;
#3114 = CARTESIAN_POINT ( 'NONE',  ( 7.500000000000000000, 220.0000000000000284, 89.99999999999998579 ) ) ;
#3115 = ORIENTED_EDGE ( 'NONE', *, *, #2043, .T. ) ;
#3116 =( NAMED_UNIT ( * ) PLANE_ANGLE_UNIT ( ) SI_UNIT ( $, .RADIAN. ) );
#3117 = CARTESIAN_POINT ( 'NONE',  ( 140.0000000000000000, 20.00000000000000000, 150.0000000000000000 ) ) ;
#3118 = PLANE ( 'NONE',  #319 ) ;
#3119 = EDGE_CURVE ( 'NONE', #3379, #2151, #3851, .T. ) ;
#3120 = VERTEX_POINT ( 'NONE', #208 ) ;
#3121 = EDGE_CURVE ( 'NONE', #2020, #3583, #3735, .T. ) ;
#3122 = PRESENTATION_LAYER_ASSIGNMENT (  '', '', ( #4495 ) ) ;
#3123 = DIRECTION ( 'NONE',  ( -0.0000000000000000000, 1.000000000000000000, -0.0000000000000000000 ) ) ;
#3124 = DIRECTION ( 'NONE',  ( 0.0000000000000000000, 0.0000000000000000000, -1.000000000000000000 ) ) ;
#3125 = ADVANCED_FACE ( 'NONE', ( #2550 ), #1664, .F. ) ;
#3126 = AXIS2_PLACEMENT_3D ( 'NONE', #360, #344, #3605 ) ;
#3127 = DIRECTION ( 'NONE',  ( 1.000000000000000000, -0.0000000000000000000, -0.0000000000000000000 ) ) ;
#3128 = DIRECTION ( 'NONE',  ( 0.0000000000000000000, 1.000000000000000000, 0.0000000000000000000 ) ) ;
#3129 = VERTEX_POINT ( 'NONE', #2747 ) ;
#3130 = AXIS2_PLACEMENT_3D ( 'NONE', #2516, #3968, #3238 ) ;
#3131 = CARTESIAN_POINT ( 'NONE',  ( 7.499999999999992006, 20.00000000000001776, -139.9999999999999716 ) ) ;
#3132 = FILL_AREA_STYLE_COLOUR ( '', #2052 ) ;
#3133 = VERTEX_POINT ( 'NONE', #1993 ) ;
#3134 = DIRECTION ( 'NONE',  ( 0.0000000000000000000, 0.0000000000000000000, 1.000000000000000000 ) ) ;
#3135 = LINE ( 'NONE', #2602, #2581 ) ;
#3136 = VERTEX_POINT ( 'NONE', #217 ) ;
#3137 = VERTEX_POINT ( 'NONE', #2394 ) ;
#3138 = VECTOR ( 'NONE', #3442, 1000.000000000000000 ) ;
#3139 = DIRECTION ( 'NONE',  ( 0.0000000000000000000, 0.0000000000000000000, 1.000000000000000000 ) ) ;
#3140 = EDGE_LOOP ( 'NONE', ( #1494, #3797, #2327, #3834 ) ) ;
#3141 = ORIENTED_EDGE ( 'NONE', *, *, #4488, .F. ) ;
#3142 = DIRECTION ( 'NONE',  ( 1.850371707708594316E-16, 0.0000000000000000000, 1.000000000000000000 ) ) ;
#3143 = CARTESIAN_POINT ( 'NONE',  ( -149.9999999999999716, 0.0000000000000000000, 150.0000000000000000 ) ) ;
#3144 = EDGE_CURVE ( 'NONE', #3524, #474, #140, .T. ) ;
#3145 = FACE_BOUND ( 'NONE', #2491, .T. ) ;
#3146 = ORIENTED_EDGE ( 'NONE', *, *, #3656, .F. ) ;
#3147 = FILL_AREA_STYLE ('',( #2850 ) ) ;
#3148 = DIRECTION ( 'NONE',  ( 0.0000000000000000000, 0.0000000000000000000, 1.000000000000000000 ) ) ;
#3149 = EDGE_CURVE ( 'NONE', #1962, #134, #362, .T. ) ;
#3150 = ORIENTED_EDGE ( 'NONE', *, *, #122, .T. ) ;
#3151 = LINE ( 'NONE', #95, #1496 ) ;
#3152 =( NAMED_UNIT ( * ) PLANE_ANGLE_UNIT ( ) SI_UNIT ( $, .RADIAN. ) );
#3153 = MECHANICAL_DESIGN_GEOMETRIC_PRESENTATION_REPRESENTATION (  '', ( #1954 ), #2110 ) ;
#3154 = EDGE_LOOP ( 'NONE', ( #189, #2501, #2818, #3222 ) ) ;
#3155 = LINE ( 'NONE', #222, #1272 ) ;
#3156 = LINE ( 'NONE', #160, #291 ) ;
#3157 = DIRECTION ( 'NONE',  ( 0.7071067811865474617, -0.0000000000000000000, -0.7071067811865474617 ) ) ;
#3158 = EDGE_CURVE ( 'NONE', #999, #693, #3512, .T. ) ;
#3159 = DIRECTION ( 'NONE',  ( -0.0000000000000000000, 1.000000000000000000, -0.0000000000000000000 ) ) ;
#3160 = ORIENTED_EDGE ( 'NONE', *, *, #772, .F. ) ;
#3161 = VECTOR ( 'NONE', #1745, 1000.000000000000000 ) ;
#3162 = EDGE_LOOP ( 'NONE', ( #2425, #4129, #681, #3463 ) ) ;
#3163 = PRODUCT_DEFINITION_CONTEXT ( 'detailed design', #4420, 'design' ) ;
#3164 = ORIENTED_EDGE ( 'NONE', *, *, #1302, .F. ) ;
#3165 = CARTESIAN_POINT ( 'NONE',  ( -30.00000000000001421, 20.00000000000000000, -121.5999999999999943 ) ) ;
#3166 = DIRECTION ( 'NONE',  ( -7.401486830834376525E-17, -1.000000000000000000, -0.0000000000000000000 ) ) ;
#3167 = VECTOR ( 'NONE', #413, 1000.000000000000000 ) ;
#3168 =( NAMED_UNIT ( * ) PLANE_ANGLE_UNIT ( ) SI_UNIT ( $, .RADIAN. ) );
#3169 = FACE_OUTER_BOUND ( 'NONE', #2995, .T. ) ;
#3170 = SURFACE_STYLE_USAGE ( .BOTH. , #2411 ) ;
#3171 =( NAMED_UNIT ( * ) PLANE_ANGLE_UNIT ( ) SI_UNIT ( $, .RADIAN. ) );
#3172 = ORIENTED_EDGE ( 'NONE', *, *, #1152, .T. ) ;
#3173 = VERTEX_POINT ( 'NONE', #1680 ) ;
#3174 = AXIS2_PLACEMENT_3D ( 'NONE', #2943, #1520, #2580 ) ;
#3175 = DIRECTION ( 'NONE',  ( -0.0000000000000000000, -1.000000000000000000, -0.0000000000000000000 ) ) ;
#3176 = CARTESIAN_POINT ( 'NONE',  ( 70.00000000000000000, 1280.000000000000000, -95.00000000000000000 ) ) ;
#3177 = ORIENTED_EDGE ( 'NONE', *, *, #3249, .T. ) ;
#3178 = ITEM_DEFINED_TRANSFORMATION ( 'NONE', 'NONE', #3353,  #3251 ) ;
#3179 = DIRECTION ( 'NONE',  ( -0.0000000000000000000, 1.000000000000000000, -0.0000000000000000000 ) ) ;
#3180 = EDGE_CURVE ( 'NONE', #3335, #3619, #3106, .T. ) ;
#3181 = EDGE_CURVE ( 'NONE', #1389, #3939, #4085, .T. ) ;
#3182 = CYLINDRICAL_SURFACE ( 'NONE', #755, 4.499999999999990230 ) ;
#3183 = CARTESIAN_POINT ( 'NONE',  ( -78.00000000000000000, 1280.000000000000000, -67.99999999999991473 ) ) ;
#3184 = DIRECTION ( 'NONE',  ( -0.0000000000000000000, 1.000000000000000000, -0.0000000000000000000 ) ) ;
#3185 =( GEOMETRIC_REPRESENTATION_CONTEXT ( 3 ) GLOBAL_UNCERTAINTY_ASSIGNED_CONTEXT ( ( #1439 ) ) GLOBAL_UNIT_ASSIGNED_CONTEXT ( ( #3854, #2047, #2844 ) ) REPRESENTATION_CONTEXT ( 'NONE', 'WORKASPACE' ) );
#3186 =( LENGTH_UNIT ( ) NAMED_UNIT ( * ) SI_UNIT ( .MILLI., .METRE. ) );
#3187 = CARTESIAN_POINT ( 'NONE',  ( 90.00000000000000000, 1215.000000000000000, 47.49999999999994316 ) ) ;
#3188 = CARTESIAN_POINT ( 'NONE',  ( -70.00000000000000000, 1299.500000000000000, 92.00000000000000000 ) ) ;
#3189 = DIRECTION ( 'NONE',  ( -0.0000000000000000000, 1.000000000000000000, -0.0000000000000000000 ) ) ;
#3190 = CARTESIAN_POINT ( 'NONE',  ( 124.9999999999999716, 20.00000000000000000, -33.39999999999999858 ) ) ;
#3191 = PLANE ( 'NONE',  #943 ) ;
#3192 = SURFACE_STYLE_FILL_AREA ( #3318 ) ;
#3193 = AXIS2_PLACEMENT_3D ( 'NONE', #1944, #4469, #2677 ) ;
#3194 = CARTESIAN_POINT ( 'NONE',  ( -7.500000000000005329, 220.0000000000000284, -109.9999999999999858 ) ) ;
#3195 = PLANE ( 'NONE',  #3740 ) ;
#3196 = CARTESIAN_POINT ( 'NONE',  ( 69.99999999999985789, 20.00000000000000355, -90.00000000000000000 ) ) ;
#3197 = FILL_AREA_STYLE ('',( #2842 ) ) ;
#3198 =( GEOMETRIC_REPRESENTATION_CONTEXT ( 3 ) GLOBAL_UNCERTAINTY_ASSIGNED_CONTEXT ( ( #2166 ) ) GLOBAL_UNIT_ASSIGNED_CONTEXT ( ( #4624, #3168, #4252 ) ) REPRESENTATION_CONTEXT ( 'NONE', 'WORKASPACE' ) );
#3199 = EDGE_LOOP ( 'NONE', ( #2701, #806, #835, #2911 ) ) ;
#3200 = ORIENTED_EDGE ( 'NONE', *, *, #4164, .T. ) ;
#3201 = LINE ( 'NONE', #1399, #3593 ) ;
#3202 = ORIENTED_EDGE ( 'NONE', *, *, #4581, .T. ) ;
#3203 = ORIENTED_EDGE ( 'NONE', *, *, #765, .F. ) ;
#3204 = DIRECTION ( 'NONE',  ( 0.0000000000000000000, 0.0000000000000000000, 1.000000000000000000 ) ) ;
#3205 = CARTESIAN_POINT ( 'NONE',  ( -124.9999999999999716, 20.00000000000000000, -117.5000000000000142 ) ) ;
#3207 = EDGE_LOOP ( 'NONE', ( #2163, #3398, #3481, #4238 ) ) ;
#3206 = DIRECTION ( 'NONE',  ( 0.0000000000000000000, 0.0000000000000000000, 1.000000000000000000 ) ) ;
#3208 = EDGE_CURVE ( 'NONE', #4293, #4528, #2382, .T. ) ;
#3209 = EDGE_CURVE ( 'NONE', #4585, #25, #642, .T. ) ;
#3210 = VECTOR ( 'NONE', #2647, 1000.000000000000000 ) ;
#3211 = DIRECTION ( 'NONE',  ( -0.0000000000000000000, -1.000000000000000000, -0.0000000000000000000 ) ) ;
#3212 = VERTEX_POINT ( 'NONE', #3805 ) ;
#3213 = EDGE_LOOP ( 'NONE', ( #494, #4277, #1430, #3559 ) ) ;
#3214 = DIRECTION ( 'NONE',  ( 1.000000000000000000, -9.244463733058732095E-33, -1.982541115402069054E-16 ) ) ;
#3215 = CYLINDRICAL_SURFACE ( 'NONE', #400, 3.400000000000000355 ) ;
#3216 = VERTEX_POINT ( 'NONE', #4189 ) ;
#3217 = LINE ( 'NONE', #2250, #1922 ) ;
#3218 = ORIENTED_EDGE ( 'NONE', *, *, #3273, .F. ) ;
#3219 = CARTESIAN_POINT ( 'NONE',  ( 7.499999999998951949, 20.00000000000000000, 150.0000000000000853 ) ) ;
#3220 = FACE_OUTER_BOUND ( 'NONE', #2560, .T. ) ;
#3221 = VECTOR ( 'NONE', #4291, 1000.000000000000000 ) ;
#3222 = ORIENTED_EDGE ( 'NONE', *, *, #1630, .F. ) ;
#3223 = CIRCLE ( 'NONE', #2481, 2.499999999999946709 ) ;
#3224 = DIRECTION ( 'NONE',  ( 8.659560562355413570E-17, 0.7071067811865081598, -0.7071067811865867636 ) ) ;
#3225 = ORIENTED_EDGE ( 'NONE', *, *, #2034, .F. ) ;
#3226 = PLANE ( 'NONE',  #1964 ) ;
#3227 = ORIENTED_EDGE ( 'NONE', *, *, #1004, .F. ) ;
#3228 = CARTESIAN_POINT ( 'NONE',  ( 62.49999999999997868, 1300.000000000000000, 0.0000000000000000000 ) ) ;
#3229 = LINE ( 'NONE', #3469, #2272 ) ;
#3230 = ORIENTED_EDGE ( 'NONE', *, *, #3298, .T. ) ;
#3231 = PLANE ( 'NONE',  #1070 ) ;
#3232 = DIRECTION ( 'NONE',  ( 0.0000000000000000000, 1.000000000000000000, 0.0000000000000000000 ) ) ;
#3233 = DIRECTION ( 'NONE',  ( 0.0000000000000000000, 0.0000000000000000000, -1.000000000000000000 ) ) ;
#3234 = VERTEX_POINT ( 'NONE', #2796 ) ;
#3235 = UNCERTAINTY_MEASURE_WITH_UNIT (LENGTH_MEASURE( 1.000000000000000082E-05 ), #3266, 'distance_accuracy_value', 'NONE');
#3236 = CARTESIAN_POINT ( 'NONE',  ( -7.500000000001047162, 0.0000000000000000000, 149.9999999999999716 ) ) ;
#3237 = EDGE_CURVE ( 'NONE', #1707, #3495, #3229, .T. ) ;
#3238 = DIRECTION ( 'NONE',  ( 0.0000000000000000000, 0.0000000000000000000, 1.000000000000000000 ) ) ;
#3239 = CARTESIAN_POINT ( 'NONE',  ( 68.00000000000000000, 20.00000000000000355, 67.99999999999995737 ) ) ;
#3240 = DIRECTION ( 'NONE',  ( -0.0000000000000000000, 1.000000000000000000, -0.0000000000000000000 ) ) ;
#3241 = CARTESIAN_POINT ( 'NONE',  ( -124.9999999999999716, 0.0000000000000000000, -125.0000000000000000 ) ) ;
#3242 = CARTESIAN_POINT ( 'NONE',  ( 140.0000000000000000, 20.00000000000001776, -7.500000000000013323 ) ) ;
#3243 = PLANE ( 'NONE',  #2635 ) ;
#3244 = DIRECTION ( 'NONE',  ( -0.0000000000000000000, 1.000000000000000000, -0.0000000000000000000 ) ) ;
#3245 = CARTESIAN_POINT ( 'NONE',  ( 30.00000000000000000, 0.0000000000000000000, -125.0000000000000000 ) ) ;
#3246 = ADVANCED_FACE ( 'NONE', ( #479 ), #3215, .F. ) ;
#3247 = AXIS2_PLACEMENT_3D ( 'NONE', #18, #3286, #3991 ) ;
#3248 = EDGE_LOOP ( 'NONE', ( #17, #71 ) ) ;
#3249 = EDGE_CURVE ( 'NONE', #1477, #1672, #974, .T. ) ;
#3250 = FACE_OUTER_BOUND ( 'NONE', #3331, .T. ) ;
#3251 = AXIS2_PLACEMENT_3D ( 'NONE', #1814, #3206, #758 ) ;
#3252 = DIRECTION ( 'NONE',  ( -0.0000000000000000000, 1.000000000000000000, -0.0000000000000000000 ) ) ;
#3253 = VERTEX_POINT ( 'NONE', #4231 ) ;
#3254 = CARTESIAN_POINT ( 'NONE',  ( -90.00000000000000000, 19.99999999999998934, 7.500000000000013323 ) ) ;
#3255 = DIRECTION ( 'NONE',  ( 0.0000000000000000000, 0.0000000000000000000, 1.000000000000000000 ) ) ;
#3256 = CARTESIAN_POINT ( 'NONE',  ( 0.0000000000000000000, 0.0000000000000000000, 0.0000000000000000000 ) ) ;
#3257 = CARTESIAN_POINT ( 'NONE',  ( -70.00000000000000000, 1300.000000000000000, 91.50000000000000000 ) ) ;
#3258 = VERTEX_POINT ( 'NONE', #1026 ) ;
#3259 = ORIENTED_EDGE ( 'NONE', *, *, #2800, .F. ) ;
#3260 = ORIENTED_EDGE ( 'NONE', *, *, #897, .T. ) ;
#3261 = DIRECTION ( 'NONE',  ( -9.244463733058732095E-33, 1.000000000000000000, -1.679848709543502318E-33 ) ) ;
#3262 = CARTESIAN_POINT ( 'NONE',  ( 30.00000000000001421, 0.0000000000000000000, 125.0000000000000000 ) ) ;
#3263 = FACE_BOUND ( 'NONE', #131, .T. ) ;
#3264 = ORIENTED_EDGE ( 'NONE', *, *, #3087, .F. ) ;
#3265 = FACE_OUTER_BOUND ( 'NONE', #2700, .T. ) ;
#3266 =( LENGTH_UNIT ( ) NAMED_UNIT ( * ) SI_UNIT ( .MILLI., .METRE. ) );
#3267 = VERTEX_POINT ( 'NONE', #289 ) ;
#3268 = FACE_OUTER_BOUND ( 'NONE', #3771, .T. ) ;
#3269 = FACE_OUTER_BOUND ( 'NONE', #1333, .T. ) ;
#3270 = CARTESIAN_POINT ( 'NONE',  ( -7.500000000000009770, 70.00000000000001421, -139.9999999999999716 ) ) ;
#3271 = PLANE ( 'NONE',  #4108 ) ;
#3272 = ADVANCED_FACE ( 'NONE', ( #3668 ), #1406, .F. ) ;
#3273 = EDGE_CURVE ( 'NONE', #4167, #1204, #3329, .T. ) ;
#3274 = EDGE_LOOP ( 'NONE', ( #632, #3260, #4373, #2253 ) ) ;
#3275 = CIRCLE ( 'NONE', #513, 7.499999999999992895 ) ;
#3276 = EDGE_CURVE ( 'NONE', #1499, #518, #2720, .T. ) ;
#3277 = EDGE_LOOP ( 'NONE', ( #3310, #4492, #349, #2271 ) ) ;
#3278 = CIRCLE ( 'NONE', #4198, 3.500000000000003109 ) ;
#3279 = CARTESIAN_POINT ( 'NONE',  ( -114.9999999999999574, 1300.000000000000000, 125.0000000000000000 ) ) ;
#3280 = DIRECTION ( 'NONE',  ( 0.0000000000000000000, 0.0000000000000000000, -1.000000000000000000 ) ) ;
#3281 = ORIENTED_EDGE ( 'NONE', *, *, #1601, .T. ) ;
#3282 = DIRECTION ( 'NONE',  ( 0.0000000000000000000, 0.0000000000000000000, -1.000000000000000000 ) ) ;
#3283 = EDGE_LOOP ( 'NONE', ( #3812, #4451, #3001, #1403 ) ) ;
#3284 = EDGE_CURVE ( 'NONE', #2208, #785, #1769, .T. ) ;
#3285 = PRESENTATION_STYLE_ASSIGNMENT (( #4555 ) ) ;
#3286 = DIRECTION ( 'NONE',  ( -0.0000000000000000000, -1.000000000000000000, -0.0000000000000000000 ) ) ;
#3287 = DIRECTION ( 'NONE',  ( 0.0000000000000000000, 0.0000000000000000000, 1.000000000000000000 ) ) ;
#3288 = MECHANICAL_DESIGN_GEOMETRIC_PRESENTATION_REPRESENTATION (  '', ( #2806 ), #3529 ) ;
#3289 = EDGE_LOOP ( 'NONE', ( #607, #4057 ) ) ;
#3290 = VECTOR ( 'NONE', #2606, 1000.000000000000000 ) ;
#3291 = DIRECTION ( 'NONE',  ( -0.0000000000000000000, 1.000000000000000000, -0.0000000000000000000 ) ) ;
#3292 = AXIS2_PLACEMENT_3D ( 'NONE', #2125, #357, #1794 ) ;
#3293 = ADVANCED_FACE ( 'NONE', ( #2036 ), #4297, .F. ) ;
#3294 = ADVANCED_FACE ( 'NONE', ( #2256 ), #2406, .T. ) ;
#3295 = LINE ( 'NONE', #908, #547 ) ;
#3296 = CARTESIAN_POINT ( 'NONE',  ( 7.500000000000000000, 220.0000000000000284, -89.99999999999998579 ) ) ;
#3297 = EDGE_CURVE ( 'NONE', #570, #4576, #802, .T. ) ;
#3298 = EDGE_CURVE ( 'NONE', #693, #999, #1096, .T. ) ;
#3299 = CARTESIAN_POINT ( 'NONE',  ( 7.500000000000000000, 220.0000000000000284, -89.99999999999998579 ) ) ;
#3300 = DIRECTION ( 'NONE',  ( 0.0000000000000000000, 0.0000000000000000000, 1.000000000000000000 ) ) ;
#3301 = DIRECTION ( 'NONE',  ( -0.0000000000000000000, 1.000000000000000000, -0.0000000000000000000 ) ) ;
#3302 = SURFACE_SIDE_STYLE ('',( #1968 ) ) ;
#3303 = EDGE_LOOP ( 'NONE', ( #1663, #1724, #33, #2978 ) ) ;
#3304 = CARTESIAN_POINT ( 'NONE',  ( 90.00000000000000000, 1255.000000000000227, 42.50000000000004974 ) ) ;
#3305 = SURFACE_STYLE_USAGE ( .BOTH. , #1804 ) ;
#3306 = ORIENTED_EDGE ( 'NONE', *, *, #2304, .F. ) ;
#3307 = DIRECTION ( 'NONE',  ( -1.232595164407830946E-32, 3.081487911019577365E-33, -1.000000000000000000 ) ) ;
#3308 = CYLINDRICAL_SURFACE ( 'NONE', #1703, 9.999999999999994671 ) ;
#3309 = DIRECTION ( 'NONE',  ( 1.000000000000000000, 0.0000000000000000000, -1.850371707708594316E-16 ) ) ;
#3310 = ORIENTED_EDGE ( 'NONE', *, *, #3666, .T. ) ;
#3311 = ORIENTED_EDGE ( 'NONE', *, *, #2308, .T. ) ;
#3312 = AXIS2_PLACEMENT_3D ( 'NONE', #1553, #2622, #4002 ) ;
#3313 = CARTESIAN_POINT ( 'NONE',  ( -140.0000000000000000, 20.00000000000000000, -150.0000000000000000 ) ) ;
#3314 = DIRECTION ( 'NONE',  ( -0.0000000000000000000, 1.000000000000000000, -0.0000000000000000000 ) ) ;
#3315 = EDGE_LOOP ( 'NONE', ( #1423, #2973, #732, #883 ) ) ;
#3316 = ADVANCED_FACE ( 'NONE', ( #1331, #2827, #3607, #1812, #2659, #350, #4411, #2360, #3452, #1710, #3828, #3893, #3725, #4071 ), #2140, .T. ) ;
#3317 = ORIENTED_EDGE ( 'NONE', *, *, #955, .F. ) ;
#3318 = FILL_AREA_STYLE ('',( #2201 ) ) ;
#3319 = CARTESIAN_POINT ( 'NONE',  ( 125.0000000000000568, 1300.000000000000000, -114.9999999999999858 ) ) ;
#3320 = EDGE_LOOP ( 'NONE', ( #4432, #3781, #3058, #3863 ) ) ;
#3321 = PLANE ( 'NONE',  #1298 ) ;
#3322 = CARTESIAN_POINT ( 'NONE',  ( 30.00000000000000000, 20.00000000000000000, -120.5000000000000000 ) ) ;
#3323 = DIRECTION ( 'NONE',  ( 0.7071067811865474617, 0.0000000000000000000, -0.7071067811865474617 ) ) ;
#3324 = LINE ( 'NONE', #2119, #2654 ) ;
#3325 = VECTOR ( 'NONE', #4120, 1000.000000000000000 ) ;
#3326 = EDGE_CURVE ( 'NONE', #1340, #2686, #4577, .T. ) ;
#3327 = ORIENTED_EDGE ( 'NONE', *, *, #2739, .T. ) ;
#3328 = FACE_OUTER_BOUND ( 'NONE', #227, .T. ) ;
#3329 = LINE ( 'NONE', #1048, #4636 ) ;
#3330 = DIRECTION ( 'NONE',  ( 1.000000000000000000, -0.0000000000000000000, -0.0000000000000000000 ) ) ;
#3331 = EDGE_LOOP ( 'NONE', ( #2306, #1643, #2941, #76 ) ) ;
#3332 = VECTOR ( 'NONE', #4265, 1000.000000000000000 ) ;
#3333 = EDGE_LOOP ( 'NONE', ( #3592, #2989, #4004, #125 ) ) ;
#3334 = DIRECTION ( 'NONE',  ( 0.0000000000000000000, 0.0000000000000000000, -1.000000000000000000 ) ) ;
#3335 = VERTEX_POINT ( 'NONE', #2904 ) ;
#3336 = LINE ( 'NONE', #1068, #1772 ) ;
#3337 = VECTOR ( 'NONE', #4653, 1000.000000000000000 ) ;
#3338 =( NAMED_UNIT ( * ) SI_UNIT ( $, .STERADIAN. ) SOLID_ANGLE_UNIT ( ) );
#3339 = APPLICATION_PROTOCOL_DEFINITION ( 'draft international standard', 'automotive_design', 1998, #3698 ) ;
#3340 = EDGE_CURVE ( 'NONE', #591, #1204, #860, .T. ) ;
#3341 = LINE ( 'NONE', #3449, #3104 ) ;
#3342 = ORIENTED_EDGE ( 'NONE', *, *, #2528, .T. ) ;
#3343 = PRESENTATION_STYLE_ASSIGNMENT (( #3170 ) ) ;
#3344 = EDGE_LOOP ( 'NONE', ( #478, #2604, #1651, #2347, #960, #1741, #4177, #1093, #4259, #2476, #1800, #3649, #3007, #2728, #760, #3767, #423, #639, #154, #4358 ) ) ;
#3345 = COLOUR_RGB ( '',1.000000000000000000, 1.000000000000000000, 1.000000000000000000 ) ;
#3346 = DIRECTION ( 'NONE',  ( 0.7071067811865474617, -0.0000000000000000000, -0.7071067811865474617 ) ) ;
#3348 = LINE ( 'NONE', #1120, #3110 ) ;
#3347 = CARTESIAN_POINT ( 'NONE',  ( -30.00000000000001421, 20.00000000000000000, -128.3999999999999773 ) ) ;
#3349 = ORIENTED_EDGE ( 'NONE', *, *, #685, .T. ) ;
#3350 = ADVANCED_FACE ( 'NONE', ( #3098 ), #73, .F. ) ;
#3351 = CIRCLE ( 'NONE', #1997, 2.499999999999946709 ) ;
#3352 = ORIENTED_EDGE ( 'NONE', *, *, #3467, .F. ) ;
#3353 = AXIS2_PLACEMENT_3D ( 'NONE', #3256, #1135, #3635 ) ;
#3354 = ORIENTED_EDGE ( 'NONE', *, *, #4475, .F. ) ;
#3355 = VERTEX_POINT ( 'NONE', #3196 ) ;
#3356 = DIRECTION ( 'NONE',  ( 0.0000000000000000000, 0.0000000000000000000, -1.000000000000000000 ) ) ;
#3357 = MECHANICAL_DESIGN_GEOMETRIC_PRESENTATION_REPRESENTATION (  '', ( #1896 ), #602 ) ;
#3358 = CARTESIAN_POINT ( 'NONE',  ( 90.00000000000000000, 1300.000000000000000, 84.90000000000000568 ) ) ;
#3359 = CARTESIAN_POINT ( 'NONE',  ( 124.9999999999999716, 20.00000000000000000, 34.49999999999998579 ) ) ;
#3360 = VECTOR ( 'NONE', #1252, 999.9999999999998863 ) ;
#3361 = CARTESIAN_POINT ( 'NONE',  ( -124.9999999999999432, 1280.000000000000000, 115.0000000000000426 ) ) ;
#3362 = MECHANICAL_DESIGN_GEOMETRIC_PRESENTATION_REPRESENTATION (  '', ( #2634 ), #1859 ) ;
#3363 = CARTESIAN_POINT ( 'NONE',  ( 7.500000000000000000, 19.99999999999998934, 89.99999999999998579 ) ) ;
#3364 = ORIENTED_EDGE ( 'NONE', *, *, #3917, .T. ) ;
#3365 = EDGE_CURVE ( 'NONE', #3602, #1274, #1657, .T. ) ;
#3366 = STYLED_ITEM ( 'NONE', ( #470 ), #3514 ) ;
#3367 = EDGE_CURVE ( 'NONE', #1035, #2469, #3948, .T. ) ;
#3368 = PLANE ( 'NONE',  #4506 ) ;
#3369 = ORIENTED_EDGE ( 'NONE', *, *, #4439, .T. ) ;
#3370 = CARTESIAN_POINT ( 'NONE',  ( -124.9999999999999716, 20.00000000000000000, -125.0000000000000000 ) ) ;
#3371 = MECHANICAL_DESIGN_GEOMETRIC_PRESENTATION_REPRESENTATION (  '', ( #4495 ), #213 ) ;
#3372 = VECTOR ( 'NONE', #4364, 1000.000000000000000 ) ;
#3373 = ORIENTED_EDGE ( 'NONE', *, *, #1483, .F. ) ;
#3374 = EDGE_CURVE ( 'NONE', #1097, #2127, #573, .T. ) ;
#3375 = DIRECTION ( 'NONE',  ( -0.0000000000000000000, -0.0000000000000000000, -1.000000000000000000 ) ) ;
#3376 = CARTESIAN_POINT ( 'NONE',  ( -140.0000000000000000, 0.0000000000000000000, 150.0000000000000000 ) ) ;
#3377 = LINE ( 'NONE', #932, #959 ) ;
#3378 = MECHANICAL_DESIGN_GEOMETRIC_PRESENTATION_REPRESENTATION (  '', ( #3703 ), #2742 ) ;
#3379 = VERTEX_POINT ( 'NONE', #403 ) ;
#3380 = VERTEX_POINT ( 'NONE', #421 ) ;
#3381 = CARTESIAN_POINT ( 'NONE',  ( 7.500000000000000000, 20.00000000000003197, -89.99999999999998579 ) ) ;
#3382 = CARTESIAN_POINT ( 'NONE',  ( 69.99999999999998579, 1280.000000000000000, 69.99999999999998579 ) ) ;
#3383 = AXIS2_PLACEMENT_3D ( 'NONE', #2676, #530, #1267 ) ;
#3384 = ORIENTED_EDGE ( 'NONE', *, *, #1408, .F. ) ;
#3385 = VECTOR ( 'NONE', #3048, 1000.000000000000000 ) ;
#3386 = UNCERTAINTY_MEASURE_WITH_UNIT (LENGTH_MEASURE( 1.000000000000000082E-05 ), #2767, 'distance_accuracy_value', 'NONE');
#3387 = CARTESIAN_POINT ( 'NONE',  ( -78.00000000000000000, 20.00000000000000355, 67.99999999999991473 ) ) ;
#3388 = LINE ( 'NONE', #3653, #2416 ) ;
#3389 = AXIS2_PLACEMENT_3D ( 'NONE', #2613, #4477, #834 ) ;
#3390 = FILL_AREA_STYLE_COLOUR ( '', #3345 ) ;
#3391 = CARTESIAN_POINT ( 'NONE',  ( -68.00000000000000000, 20.00000000000000355, -67.99999999999998579 ) ) ;
#3392 = FACE_OUTER_BOUND ( 'NONE', #618, .T. ) ;
#3393 = ORIENTED_EDGE ( 'NONE', *, *, #3523, .F. ) ;
#3395 = ORIENTED_EDGE ( 'NONE', *, *, #3023, .F. ) ;
#3394 = CARTESIAN_POINT ( 'NONE',  ( -30.00000000000001421, 0.0000000000000000000, -125.0000000000000000 ) ) ;
#3396 = FACE_BOUND ( 'NONE', #643, .T. ) ;
#3397 = COLOUR_RGB ( '',1.000000000000000000, 1.000000000000000000, 1.000000000000000000 ) ;
#3398 = ORIENTED_EDGE ( 'NONE', *, *, #2883, .T. ) ;
#3399 = LINE ( 'NONE', #2475, #1042 ) ;
#3400 = DIRECTION ( 'NONE',  ( -7.401486830834376525E-17, -1.000000000000000000, -0.0000000000000000000 ) ) ;
#3401 = EDGE_CURVE ( 'NONE', #9, #2156, #2940, .T. ) ;
#3402 = ORIENTED_EDGE ( 'NONE', *, *, #2333, .T. ) ;
#3403 = CIRCLE ( 'NONE', #3773, 4.500000000000003553 ) ;
#3404 = CYLINDRICAL_SURFACE ( 'NONE', #1069, 3.000000000000002665 ) ;
#3405 = LINE ( 'NONE', #4602, #3789 ) ;
#3406 = LINE ( 'NONE', #3919, #1344 ) ;
#3407 = CARTESIAN_POINT ( 'NONE',  ( 149.9999999999999716, 0.0000000000000000000, -150.0000000000000000 ) ) ;
#3408 = CARTESIAN_POINT ( 'NONE',  ( -124.9999999999999716, 0.0000000000000000000, 30.00000000000000000 ) ) ;
#3409 = CARTESIAN_POINT ( 'NONE',  ( 140.0000000000000000, 20.00000000000001776, 7.499999999999985789 ) ) ;
#3410 = CARTESIAN_POINT ( 'NONE',  ( -150.0000000000000284, 0.0000000000000000000, -150.0000000000000000 ) ) ;
#3411 = ORIENTED_EDGE ( 'NONE', *, *, #685, .F. ) ;
#3412 = ORIENTED_EDGE ( 'NONE', *, *, #1218, .T. ) ;
#3413 =( NAMED_UNIT ( * ) SI_UNIT ( $, .STERADIAN. ) SOLID_ANGLE_UNIT ( ) );
#3414 = EDGE_CURVE ( 'NONE', #2779, #2686, #4355, .T. ) ;
#3415 = ORIENTED_EDGE ( 'NONE', *, *, #2556, .F. ) ;
#3416 = CARTESIAN_POINT ( 'NONE',  ( -7.500000000000000000, 220.0000000000000284, 89.99999999999997158 ) ) ;
#3417 = DIRECTION ( 'NONE',  ( -0.0000000000000000000, 1.000000000000000000, -0.0000000000000000000 ) ) ;
#3418 = ADVANCED_FACE ( 'NONE', ( #3269 ), #2307, .F. ) ;
#3419 = STYLED_ITEM ( 'NONE', ( #1976 ), #3350 ) ;
#3420 = CARTESIAN_POINT ( 'NONE',  ( 124.9999999999999716, 20.00000000000000000, 125.0000000000000000 ) ) ;
#3421 =( NAMED_UNIT ( * ) PLANE_ANGLE_UNIT ( ) SI_UNIT ( $, .RADIAN. ) );
#3422 = DIRECTION ( 'NONE',  ( 0.0000000000000000000, 1.000000000000000000, 0.0000000000000000000 ) ) ;
#3423 = EDGE_CURVE ( 'NONE', #4017, #1035, #2540, .T. ) ;
#3424 = AXIS2_PLACEMENT_3D ( 'NONE', #1355, #3123, #3492 ) ;
#3425 = CARTESIAN_POINT ( 'NONE',  ( -67.99999999999991473, 1280.000000000000000, 78.00000000000000000 ) ) ;
#3426 = LINE ( 'NONE', #2688, #2235 ) ;
#3427 = DIRECTION ( 'NONE',  ( -0.0000000000000000000, 1.000000000000000000, -0.0000000000000000000 ) ) ;
#3428 = EDGE_CURVE ( 'NONE', #1757, #841, #2195, .T. ) ;
#3429 = EDGE_CURVE ( 'NONE', #3997, #89, #4126, .T. ) ;
#3430 = DIRECTION ( 'NONE',  ( -0.0000000000000000000, 1.000000000000000000, -0.0000000000000000000 ) ) ;
#3431 = FACE_OUTER_BOUND ( 'NONE', #3033, .T. ) ;
#3432 = SURFACE_STYLE_USAGE ( .BOTH. , #564 ) ;
#3433 = ORIENTED_EDGE ( 'NONE', *, *, #1025, .F. ) ;
#3434 = ORIENTED_EDGE ( 'NONE', *, *, #1629, .T. ) ;
#3435 = AXIS2_PLACEMENT_3D ( 'NONE', #2845, #3546, #4661 ) ;
#3436 = ORIENTED_EDGE ( 'NONE', *, *, #328, .F. ) ;
#3437 = VERTEX_POINT ( 'NONE', #2981 ) ;
#3438 = CARTESIAN_POINT ( 'NONE',  ( 149.9999999999999716, 20.00000000000000000, -139.9999999999999716 ) ) ;
#3439 = VECTOR ( 'NONE', #1205, 1000.000000000000000 ) ;
#3440 = ADVANCED_FACE ( 'NONE', ( #4234 ), #1382, .F. ) ;
#3441 = EDGE_LOOP ( 'NONE', ( #4205, #3450 ) ) ;
#3442 = DIRECTION ( 'NONE',  ( 1.000000000000000000, 0.0000000000000000000, -3.061276722312015942E-16 ) ) ;
#3443 = DIRECTION ( 'NONE',  ( -0.0000000000000000000, -1.000000000000000000, -0.0000000000000000000 ) ) ;
#3444 = UNCERTAINTY_MEASURE_WITH_UNIT (LENGTH_MEASURE( 1.000000000000000082E-05 ), #1902, 'distance_accuracy_value', 'NONE');
#3445 = VECTOR ( 'NONE', #1849, 1000.000000000000000 ) ;
#3446 = AXIS2_PLACEMENT_3D ( 'NONE', #1005, #1351, #3094 ) ;
#3447 = LINE ( 'NONE', #4518, #1596 ) ;
#3448 = ORIENTED_EDGE ( 'NONE', *, *, #4008, .T. ) ;
#3449 = CARTESIAN_POINT ( 'NONE',  ( 7.500000000000000000, -0.001000000000001000089, -150.0000000000000284 ) ) ;
#3450 = ORIENTED_EDGE ( 'NONE', *, *, #2885, .T. ) ;
#3451 = FACE_OUTER_BOUND ( 'NONE', #62, .T. ) ;
#3452 = FACE_BOUND ( 'NONE', #3842, .T. ) ;
#3453 = CARTESIAN_POINT ( 'NONE',  ( -67.99999999999991473, 1280.000000000000000, 78.00000000000000000 ) ) ;
#3454 = ORIENTED_EDGE ( 'NONE', *, *, #2847, .T. ) ;
#3455 = ORIENTED_EDGE ( 'NONE', *, *, #2242, .T. ) ;
#3456 = ORIENTED_EDGE ( 'NONE', *, *, #3608, .T. ) ;
#3457 = COLOUR_RGB ( '',1.000000000000000000, 1.000000000000000000, 1.000000000000000000 ) ;
#3458 = LINE ( 'NONE', #3752, #2890 ) ;
#3459 = CARTESIAN_POINT ( 'NONE',  ( -69.99999999999985789, 1280.000000000000000, 90.00000000000000000 ) ) ;
#3460 = DIRECTION ( 'NONE',  ( 1.020425574104005602E-16, 0.0000000000000000000, 1.000000000000000000 ) ) ;
#3461 = CARTESIAN_POINT ( 'NONE',  ( 70.00000000000000000, 1280.000000000000000, -97.99999999999998579 ) ) ;
#3462 = CIRCLE ( 'NONE', #4565, 9.999999999999994671 ) ;
#3463 = ORIENTED_EDGE ( 'NONE', *, *, #4001, .T. ) ;
#3464 = CYLINDRICAL_SURFACE ( 'NONE', #705, 3.400000000000000355 ) ;
#3465 = LINE ( 'NONE', #3254, #2680 ) ;
#3466 = DIRECTION ( 'NONE',  ( 0.0000000000000000000, 0.0000000000000000000, 1.000000000000000000 ) ) ;
#3467 = EDGE_CURVE ( 'NONE', #2535, #804, #514, .T. ) ;
#3468 = EDGE_CURVE ( 'NONE', #2754, #3914, #3151, .T. ) ;
#3469 = CARTESIAN_POINT ( 'NONE',  ( -124.9999999999999432, 1280.000000000000000, 115.0000000000000426 ) ) ;
#3470 = VERTEX_POINT ( 'NONE', #764 ) ;
#3471 = EDGE_LOOP ( 'NONE', ( #361, #3434, #3857, #4171 ) ) ;
#3472 = AXIS2_PLACEMENT_3D ( 'NONE', #701, #3214, #1077 ) ;
#3473 = DIRECTION ( 'NONE',  ( -7.401486830834376525E-17, -1.000000000000000000, -0.0000000000000000000 ) ) ;
#3474 = CARTESIAN_POINT ( 'NONE',  ( 150.0000000000000568, 0.0000000000000000000, -7.499999999999475975 ) ) ;
#3475 = CARTESIAN_POINT ( 'NONE',  ( 124.9999999999999716, 20.00000000000000000, 25.50000000000000711 ) ) ;
#3476 =( GEOMETRIC_REPRESENTATION_CONTEXT ( 3 ) GLOBAL_UNCERTAINTY_ASSIGNED_CONTEXT ( ( #3444 ) ) GLOBAL_UNIT_ASSIGNED_CONTEXT ( ( #1902, #2584, #4427 ) ) REPRESENTATION_CONTEXT ( 'NONE', 'WORKASPACE' ) );
#3477 = CARTESIAN_POINT ( 'NONE',  ( -90.00000000000000000, 1280.000000000000000, -90.00000000000000000 ) ) ;
#3478 = AXIS2_PLACEMENT_3D ( 'NONE', #1749, #4274, #2478 ) ;
#3479 = DIRECTION ( 'NONE',  ( -1.000000000000000000, -0.0000000000000000000, 1.020425574104005355E-16 ) ) ;
#3480 = FILL_AREA_STYLE_COLOUR ( '', #3845 ) ;
#3481 = ORIENTED_EDGE ( 'NONE', *, *, #1428, .T. ) ;
#3482 = DIRECTION ( 'NONE',  ( -1.000000000000000000, 9.244463733058732095E-33, 1.982541115402069054E-16 ) ) ;
#3483 = EDGE_CURVE ( 'NONE', #911, #3437, #1266, .T. ) ;
#3484 = VECTOR ( 'NONE', #1840, 1000.000000000000000 ) ;
#3485 = VERTEX_POINT ( 'NONE', #4007 ) ;
#3486 = ADVANCED_FACE ( 'NONE', ( #2421 ), #2546, .F. ) ;
#3487 = DIRECTION ( 'NONE',  ( 0.1961161351381840168, -0.9805806756909201116, 1.540743955509788511E-33 ) ) ;
#3488 = VECTOR ( 'NONE', #4155, 1000.000000000000000 ) ;
#3489 = ORIENTED_EDGE ( 'NONE', *, *, #1368, .T. ) ;
#3490 = ORIENTED_EDGE ( 'NONE', *, *, #4303, .F. ) ;
#3491 = EDGE_CURVE ( 'NONE', #1247, #4633, #2314, .T. ) ;
#3492 = DIRECTION ( 'NONE',  ( 0.0000000000000000000, 0.0000000000000000000, 1.000000000000000000 ) ) ;
#3493 = DIRECTION ( 'NONE',  ( -1.637040452729150133E-33, 1.000000000000000000, 7.213255872081108868E-35 ) ) ;
#3494 = FILL_AREA_STYLE ('',( #2413 ) ) ;
#3495 = VERTEX_POINT ( 'NONE', #3361 ) ;
#3496 = CIRCLE ( 'NONE', #2388, 9.999999999999994671 ) ;
#3497 = CIRCLE ( 'NONE', #2655, 3.000000000000002665 ) ;
#3498 = AXIS2_PLACEMENT_3D ( 'NONE', #1725, #2422, #2792 ) ;
#3500 = ORIENTED_EDGE ( 'NONE', *, *, #3598, .F. ) ;
#3499 = DIRECTION ( 'NONE',  ( 0.0000000000000000000, -1.679848709543502318E-33, -1.000000000000000000 ) ) ;
#3501 = AXIS2_PLACEMENT_3D ( 'NONE', #3394, #3753, #4122 ) ;
#3502 = UNCERTAINTY_MEASURE_WITH_UNIT (LENGTH_MEASURE( 1.000000000000000082E-05 ), #2069, 'distance_accuracy_value', 'NONE');
#3503 = VECTOR ( 'NONE', #671, 1000.000000000000000 ) ;
#3504 = CARTESIAN_POINT ( 'NONE',  ( -124.9999999999999716, 20.00000000000000000, 125.0000000000000000 ) ) ;
#3505 = DIRECTION ( 'NONE',  ( 0.0000000000000000000, 0.0000000000000000000, 1.000000000000000000 ) ) ;
#3506 = ORIENTED_EDGE ( 'NONE', *, *, #1368, .F. ) ;
#3507 = CIRCLE ( 'NONE', #288, 2.999999999999988898 ) ;
#3508 = LINE ( 'NONE', #2108, #468 ) ;
#3509 = LINE ( 'NONE', #250, #2774 ) ;
#3510 = ORIENTED_EDGE ( 'NONE', *, *, #3468, .T. ) ;
#3511 = ORIENTED_EDGE ( 'NONE', *, *, #4645, .T. ) ;
#3512 = CIRCLE ( 'NONE', #1471, 62.50000000000000000 ) ;
#3513 = CARTESIAN_POINT ( 'NONE',  ( 124.9999999999999716, 20.00000000000000000, -117.5000000000000000 ) ) ;
#3514 = ADVANCED_FACE ( 'NONE', ( #2667 ), #692, .F. ) ;
#3515 = AXIS2_PLACEMENT_3D ( 'NONE', #670, #1046, #978 ) ;
#3516 = EDGE_LOOP ( 'NONE', ( #391, #48, #4522, #3402, #274 ) ) ;
#3517 = CIRCLE ( 'NONE', #948, 4.500000000000003553 ) ;
#3518 = EDGE_LOOP ( 'NONE', ( #850, #3455, #2397, #2039 ) ) ;
#3519 = DIRECTION ( 'NONE',  ( 1.000000000000000000, -9.244463733058732095E-33, -1.982541115402069054E-16 ) ) ;
#3520 = CARTESIAN_POINT ( 'NONE',  ( 78.00000000000000000, 1215.000000000000000, 42.50000000000004974 ) ) ;
#3521 = SURFACE_STYLE_FILL_AREA ( #3798 ) ;
#3522 = VERTEX_POINT ( 'NONE', #3376 ) ;
#3523 = EDGE_CURVE ( 'NONE', #2263, #3137, #4081, .T. ) ;
#3524 = VERTEX_POINT ( 'NONE', #1592 ) ;
#3525 = EDGE_CURVE ( 'NONE', #937, #3569, #4190, .T. ) ;
#3526 = CARTESIAN_POINT ( 'NONE',  ( 77.99999999999998579, 1255.000000000000227, -45.00000000000000000 ) ) ;
#3527 = SURFACE_SIDE_STYLE ('',( #3654 ) ) ;
#3528 = DIRECTION ( 'NONE',  ( -0.0000000000000000000, 1.000000000000000000, -0.0000000000000000000 ) ) ;
#3529 =( GEOMETRIC_REPRESENTATION_CONTEXT ( 3 ) GLOBAL_UNCERTAINTY_ASSIGNED_CONTEXT ( ( #1244 ) ) GLOBAL_UNIT_ASSIGNED_CONTEXT ( ( #4575, #3116, #271 ) ) REPRESENTATION_CONTEXT ( 'NONE', 'WORKASPACE' ) );
#3530 = FACE_OUTER_BOUND ( 'NONE', #459, .T. ) ;
#3531 = DIRECTION ( 'NONE',  ( 1.000000000000000000, 0.0000000000000000000, -1.982541115402069301E-16 ) ) ;
#3532 = VERTEX_POINT ( 'NONE', #893 ) ;
#3533 = EDGE_LOOP ( 'NONE', ( #1020, #2893 ) ) ;
#3534 = PLANE ( 'NONE',  #863 ) ;
#3535 = CARTESIAN_POINT ( 'NONE',  ( 69.99999999999985789, 1280.000000000000000, 89.99999999999997158 ) ) ;
#3536 = EDGE_CURVE ( 'NONE', #1169, #2241, #3458, .T. ) ;
#3537 = EDGE_CURVE ( 'NONE', #3914, #507, #3003, .T. ) ;
#3538 = ORIENTED_EDGE ( 'NONE', *, *, #746, .F. ) ;
#3539 = CARTESIAN_POINT ( 'NONE',  ( -124.9999999999999716, 20.00000000000000000, -125.0000000000000000 ) ) ;
#3540 = EDGE_LOOP ( 'NONE', ( #1424, #3067, #1579, #1602, #3856, #1482, #2771, #613, #1457, #1958, #1237, #1714, #3264, #4223, #3951, #2181, #2432, #1220, #3993, #4096 ) ) ;
#3541 = DIRECTION ( 'NONE',  ( 0.0000000000000000000, 0.0000000000000000000, 1.000000000000000000 ) ) ;
#3542 = DIRECTION ( 'NONE',  ( 0.0000000000000000000, 0.0000000000000000000, 1.000000000000000000 ) ) ;
#3543 = ORIENTED_EDGE ( 'NONE', *, *, #1748, .T. ) ;
#3544 = DIRECTION ( 'NONE',  ( 1.232595164407830946E-32, -3.081487911019577365E-33, 1.000000000000000000 ) ) ;
#3545 = CIRCLE ( 'NONE', #1684, 3.400000000000000355 ) ;
#3546 = DIRECTION ( 'NONE',  ( 0.0000000000000000000, 1.000000000000000000, 0.0000000000000000000 ) ) ;
#3547 = SHAPE_REPRESENTATION ( '4GAA0021201010013X', ( #1259, #3353 ), #3741 ) ;
#3548 = VECTOR ( 'NONE', #3956, 1000.000000000000000 ) ;
#3549 = ORIENTED_EDGE ( 'NONE', *, *, #839, .T. ) ;
#3550 = VECTOR ( 'NONE', #2804, 1000.000000000000000 ) ;
#3551 = ORIENTED_EDGE ( 'NONE', *, *, #896, .F. ) ;
#3552 = VECTOR ( 'NONE', #1940, 1000.000000000000114 ) ;
#3553 = FACE_OUTER_BOUND ( 'NONE', #2431, .T. ) ;
#3554 = DIRECTION ( 'NONE',  ( -0.0000000000000000000, 1.000000000000000000, -0.0000000000000000000 ) ) ;
#3555 = AXIS2_PLACEMENT_3D ( 'NONE', #3114, #214, #3859 ) ;
#3556 = CARTESIAN_POINT ( 'NONE',  ( 0.0000000000000000000, -0.001000000000001000089, -142.5000000000000568 ) ) ;
#3557 = PLANE ( 'NONE',  #2706 ) ;
#3558 = DIRECTION ( 'NONE',  ( 0.0000000000000000000, 0.0000000000000000000, 1.000000000000000000 ) ) ;
#3559 = ORIENTED_EDGE ( 'NONE', *, *, #3632, .T. ) ;
#3560 = LINE ( 'NONE', #1184, #3835 ) ;
#3561 = DIRECTION ( 'NONE',  ( -1.759078375084749961E-34, -1.000000000000000000, 0.0000000000000000000 ) ) ;
#3562 = VECTOR ( 'NONE', #826, 1000.000000000000000 ) ;
#3564 = ORIENTED_EDGE ( 'NONE', *, *, #1308, .F. ) ;
#3563 = CARTESIAN_POINT ( 'NONE',  ( 90.00000000000000000, 1300.000000000000000, 90.00000000000000000 ) ) ;
#3565 = VECTOR ( 'NONE', #2926, 1000.000000000000000 ) ;
#3566 = DIRECTION ( 'NONE',  ( -0.0000000000000000000, 1.000000000000000000, -0.0000000000000000000 ) ) ;
#3567 = FACE_OUTER_BOUND ( 'NONE', #2785, .T. ) ;
#3568 = DIRECTION ( 'NONE',  ( 0.0000000000000000000, 0.0000000000000000000, -1.000000000000000000 ) ) ;
#3569 = VERTEX_POINT ( 'NONE', #2016 ) ;
#3570 = EDGE_CURVE ( 'NONE', #1850, #4267, #4474, .T. ) ;
#3571 = DIRECTION ( 'NONE',  ( 0.0000000000000000000, 0.0000000000000000000, 1.000000000000000000 ) ) ;
#3572 = CARTESIAN_POINT ( 'NONE',  ( 124.9999999999999716, 20.00000000000000000, -125.0000000000000000 ) ) ;
#3573 = CARTESIAN_POINT ( 'NONE',  ( -7.500000000000000000, 20.00000000000003197, -89.99999999999998579 ) ) ;
#3574 =( NAMED_UNIT ( * ) SI_UNIT ( $, .STERADIAN. ) SOLID_ANGLE_UNIT ( ) );
#3575 = DIRECTION ( 'NONE',  ( -1.982541115402069301E-16, -2.957536869751307946E-37, -1.000000000000000000 ) ) ;
#3576 = DIRECTION ( 'NONE',  ( 0.9805806756909202226, -0.1961161351381840445, 2.465190328815661071E-32 ) ) ;
#3577 = EDGE_CURVE ( 'NONE', #3380, #1995, #983, .T. ) ;
#3578 = DIRECTION ( 'NONE',  ( 0.1961161351381840723, -0.9805806756909201116, 1.540743955509788682E-33 ) ) ;
#3579 = DIRECTION ( 'NONE',  ( 7.401486830834376525E-17, 1.000000000000000000, 0.0000000000000000000 ) ) ;
#3580 = CARTESIAN_POINT ( 'NONE',  ( 78.00000000000000000, 1215.000000000000000, 45.00000000000000000 ) ) ;
#3581 = ADVANCED_FACE ( 'NONE', ( #4417, #1929, #1221, #2429, #249, #1388, #3220, #3614 ), #1322, .F. ) ;
#3582 =( NAMED_UNIT ( * ) PLANE_ANGLE_UNIT ( ) SI_UNIT ( $, .RADIAN. ) );
#3583 = VERTEX_POINT ( 'NONE', #1635 ) ;
#3584 = AXIS2_PLACEMENT_3D ( 'NONE', #809, #3729, #3334 ) ;
#3585 = CARTESIAN_POINT ( 'NONE',  ( -114.9999999999999574, 1300.000000000000000, -124.9999999999999432 ) ) ;
#3586 = DIRECTION ( 'NONE',  ( -0.0000000000000000000, 1.000000000000000000, -0.0000000000000000000 ) ) ;
#3587 = CARTESIAN_POINT ( 'NONE',  ( 90.00000000000000000, 1255.000000000000227, 45.00000000000000000 ) ) ;
#3588 = LINE ( 'NONE', #2870, #1078 ) ;
#3589 = ORIENTED_EDGE ( 'NONE', *, *, #3237, .T. ) ;
#3590 = DIRECTION ( 'NONE',  ( 0.7071067811865536790, 0.0000000000000000000, -0.7071067811865414665 ) ) ;
#3591 = EDGE_LOOP ( 'NONE', ( #2278, #862 ) ) ;
#3592 = ORIENTED_EDGE ( 'NONE', *, *, #3872, .T. ) ;
#3593 = VECTOR ( 'NONE', #1801, 1000.000000000000000 ) ;
#3594 = CARTESIAN_POINT ( 'NONE',  ( 0.0000000000000000000, 0.0000000000000000000, 75.00000000000001421 ) ) ;
#3595 = ORIENTED_EDGE ( 'NONE', *, *, #1952, .F. ) ;
#3596 = EDGE_CURVE ( 'NONE', #1803, #1088, #1503, .T. ) ;
#3597 = VECTOR ( 'NONE', #3561, 1000.000000000000000 ) ;
#3598 = EDGE_CURVE ( 'NONE', #1732, #2418, #3509, .T. ) ;
#3599 = LINE ( 'NONE', #4269, #3887 ) ;
#3600 = DIRECTION ( 'NONE',  ( -1.982541115402069054E-16, -2.957536869751307946E-37, -1.000000000000000000 ) ) ;
#3601 = DIRECTION ( 'NONE',  ( -1.850371707708594316E-16, 0.0000000000000000000, -1.000000000000000000 ) ) ;
#3602 = VERTEX_POINT ( 'NONE', #2399 ) ;
#3603 = ORIENTED_EDGE ( 'NONE', *, *, #2353, .T. ) ;
#3604 = FILL_AREA_STYLE ('',( #1112 ) ) ;
#3605 = DIRECTION ( 'NONE',  ( 0.0000000000000000000, 0.0000000000000000000, -1.000000000000000000 ) ) ;
#3606 = CIRCLE ( 'NONE', #4255, 4.500000000000003553 ) ;
#3607 = FACE_BOUND ( 'NONE', #2788, .T. ) ;
#3608 = EDGE_CURVE ( 'NONE', #4566, #25, #1819, .T. ) ;
#3609 = VECTOR ( 'NONE', #78, 1000.000000000000000 ) ;
#3610 = ORIENTED_EDGE ( 'NONE', *, *, #120, .F. ) ;
#3611 = FILL_AREA_STYLE ('',( #1518 ) ) ;
#3612 = FACE_BOUND ( 'NONE', #4376, .T. ) ;
#3613 = AXIS2_PLACEMENT_3D ( 'NONE', #3391, #1301, #4175 ) ;
#3614 = FACE_BOUND ( 'NONE', #1816, .T. ) ;
#3615 = VERTEX_POINT ( 'NONE', #2054 ) ;
#3616 = LINE ( 'NONE', #4607, #1275 ) ;
#3617 = ORIENTED_EDGE ( 'NONE', *, *, #2885, .F. ) ;
#3618 = VECTOR ( 'NONE', #3769, 1000.000000000000000 ) ;
#3619 = VERTEX_POINT ( 'NONE', #925 ) ;
#3620 = MECHANICAL_DESIGN_GEOMETRIC_PRESENTATION_REPRESENTATION (  '', ( #824 ), #489 ) ;
#3621 = DIRECTION ( 'NONE',  ( 0.0000000000000000000, 0.0000000000000000000, 1.000000000000000000 ) ) ;
#3622 =( LENGTH_UNIT ( ) NAMED_UNIT ( * ) SI_UNIT ( .MILLI., .METRE. ) );
#3623 = VECTOR ( 'NONE', #2014, 1000.000000000000000 ) ;
#3624 = CLOSED_SHELL ( 'NONE', ( #4375, #2637, #233, #1295, #600, #4464, #440 ) ) ;
#3625 = DIRECTION ( 'NONE',  ( 0.0000000000000000000, 0.0000000000000000000, 1.000000000000000000 ) ) ;
#3626 = DIRECTION ( 'NONE',  ( 0.0000000000000000000, 1.679848709543502318E-33, 1.000000000000000000 ) ) ;
#3627 = SURFACE_SIDE_STYLE ('',( #2142 ) ) ;
#3628 = EDGE_LOOP ( 'NONE', ( #176, #183 ) ) ;
#3629 = EDGE_LOOP ( 'NONE', ( #3384, #1313, #2289, #3105 ) ) ;
#3630 = DIRECTION ( 'NONE',  ( 0.7071067811865484609, -0.0000000000000000000, 0.7071067811865465735 ) ) ;
#3631 = CYLINDRICAL_SURFACE ( 'NONE', #2373, 2.499999999999946709 ) ;
#3632 = EDGE_CURVE ( 'NONE', #1349, #4640, #1101, .T. ) ;
#3633 = AXIS2_PLACEMENT_3D ( 'NONE', #3674, #1904, #1538 ) ;
#3634 = CARTESIAN_POINT ( 'NONE',  ( -149.9999999999999432, 20.00000000000000000, -7.500000000001570299 ) ) ;
#3635 = DIRECTION ( 'NONE',  ( 1.000000000000000000, 8.326672684688671588E-17, 5.551115123125780853E-17 ) ) ;
#3636 = SURFACE_STYLE_USAGE ( .BOTH. , #3302 ) ;
#3637 = DIRECTION ( 'NONE',  ( 0.0000000000000000000, 0.0000000000000000000, 1.000000000000000000 ) ) ;
#3638 = CARTESIAN_POINT ( 'NONE',  ( -69.99999999999998579, 20.00000000000000355, -69.99999999999997158 ) ) ;
#3639 = EDGE_CURVE ( 'NONE', #1334, #3676, #2495, .T. ) ;
#3640 =( NAMED_UNIT ( * ) PLANE_ANGLE_UNIT ( ) SI_UNIT ( $, .RADIAN. ) );
#3641 = UNCERTAINTY_MEASURE_WITH_UNIT (LENGTH_MEASURE( 1.000000000000000082E-05 ), #211, 'distance_accuracy_value', 'NONE');
#3642 = CARTESIAN_POINT ( 'NONE',  ( -7.500000000000005329, 220.0000000000000284, -109.9999999999999858 ) ) ;
#3643 = ORIENTED_EDGE ( 'NONE', *, *, #4490, .T. ) ;
#3644 = EDGE_CURVE ( 'NONE', #1995, #3380, #4132, .T. ) ;
#3645 = DIRECTION ( 'NONE',  ( -0.0000000000000000000, -1.000000000000000000, -0.0000000000000000000 ) ) ;
#3646 = VERTEX_POINT ( 'NONE', #2003 ) ;
#3647 = DIRECTION ( 'NONE',  ( 1.000000000000000000, -0.0000000000000000000, -0.0000000000000000000 ) ) ;
#3648 = FACE_BOUND ( 'NONE', #1646, .T. ) ;
#3649 = ORIENTED_EDGE ( 'NONE', *, *, #4034, .T. ) ;
#3650 = EDGE_LOOP ( 'NONE', ( #1239, #3082, #2415, #2646 ) ) ;
#3651 = DIRECTION ( 'NONE',  ( -0.0000000000000000000, 1.000000000000000000, -0.0000000000000000000 ) ) ;
#3652 = DIRECTION ( 'NONE',  ( 0.0000000000000000000, 0.0000000000000000000, 1.000000000000000000 ) ) ;
#3653 = CARTESIAN_POINT ( 'NONE',  ( -7.500000000000000000, -0.001000000000001000089, -150.0000000000000284 ) ) ;
#3654 = SURFACE_STYLE_FILL_AREA ( #2470 ) ;
#3655 = ORIENTED_EDGE ( 'NONE', *, *, #324, .F. ) ;
#3656 = EDGE_CURVE ( 'NONE', #4293, #2024, #292, .T. ) ;
#3657 = SURFACE_STYLE_USAGE ( .BOTH. , #1480 ) ;
#3658 = AXIS2_PLACEMENT_3D ( 'NONE', #2205, #2625, #4388 ) ;
#3659 = STYLED_ITEM ( 'NONE', ( #2322 ), #2900 ) ;
#3660 = EDGE_LOOP ( 'NONE', ( #3354, #2364, #3281, #3160 ) ) ;
#3661 = DIRECTION ( 'NONE',  ( 1.000000000000000000, -9.244463733058732095E-33, -1.982541115402069054E-16 ) ) ;
#3662 = CARTESIAN_POINT ( 'NONE',  ( -124.9999999999999716, 20.00000000000000000, -25.49999999999999645 ) ) ;
#3663 = CYLINDRICAL_SURFACE ( 'NONE', #784, 2.499999999999946709 ) ;
#3664 = EDGE_CURVE ( 'NONE', #3615, #2591, #580, .T. ) ;
#3665 = ORIENTED_EDGE ( 'NONE', *, *, #1270, .F. ) ;
#3666 = EDGE_CURVE ( 'NONE', #976, #1756, #3955, .T. ) ;
#3667 = VECTOR ( 'NONE', #2645, 1000.000000000000000 ) ;
#3668 = FACE_OUTER_BOUND ( 'NONE', #1386, .T. ) ;
#3669 = DIRECTION ( 'NONE',  ( -1.000000000000000000, -1.759078375084749961E-34, 0.0000000000000000000 ) ) ;
#3670 = DIRECTION ( 'NONE',  ( -1.000000000000000000, 0.0000000000000000000, 0.0000000000000000000 ) ) ;
#3671 = ORIENTED_EDGE ( 'NONE', *, *, #3847, .T. ) ;
#3672 = LINE ( 'NONE', #1780, #3332 ) ;
#3673 = CARTESIAN_POINT ( 'NONE',  ( 150.0000000000000000, -0.001000000000001000089, 7.500000000000524025 ) ) ;
#3674 = CARTESIAN_POINT ( 'NONE',  ( -90.00000000000000000, 1300.000000000000000, 90.00000000000000000 ) ) ;
#3676 = VERTEX_POINT ( 'NONE', #668 ) ;
#3675 = CARTESIAN_POINT ( 'NONE',  ( 140.0000000000000000, 0.0000000000000000000, -150.0000000000000000 ) ) ;
#3677 = ORIENTED_EDGE ( 'NONE', *, *, #57, .F. ) ;
#3678 = ADVANCED_FACE ( 'NONE', ( #867 ), #4287, .F. ) ;
#3679 = VECTOR ( 'NONE', #540, 1000.000000000000000 ) ;
#3680 = VERTEX_POINT ( 'NONE', #1760 ) ;
#3681 = FACE_OUTER_BOUND ( 'NONE', #3471, .T. ) ;
#3682 = PRESENTATION_LAYER_ASSIGNMENT (  '', '', ( #1896 ) ) ;
#3683 = VERTEX_POINT ( 'NONE', #2457 ) ;
#3684 = CARTESIAN_POINT ( 'NONE',  ( -70.00000000000000000, 1300.000000000000000, 95.00000000000000000 ) ) ;
#3685 = ORIENTED_EDGE ( 'NONE', *, *, #2521, .T. ) ;
#3686 = DIRECTION ( 'NONE',  ( 0.0000000000000000000, 0.0000000000000000000, -1.000000000000000000 ) ) ;
#3687 = CARTESIAN_POINT ( 'NONE',  ( -2.140462239949360482E-14, 1300.000000000000000, 0.0000000000000000000 ) ) ;
#3688 = DIRECTION ( 'NONE',  ( -0.0000000000000000000, 1.000000000000000000, -0.0000000000000000000 ) ) ;
#3689 = DIRECTION ( 'NONE',  ( 0.0000000000000000000, 1.000000000000000000, 0.0000000000000000000 ) ) ;
#3690 = VECTOR ( 'NONE', #767, 1000.000000000000000 ) ;
#3691 = MECHANICAL_DESIGN_GEOMETRIC_PRESENTATION_REPRESENTATION (  '', ( #2486 ), #4178 ) ;
#3692 =( LENGTH_UNIT ( ) NAMED_UNIT ( * ) SI_UNIT ( .MILLI., .METRE. ) );
#3693 = DIRECTION ( 'NONE',  ( 0.0000000000000000000, 0.0000000000000000000, 1.000000000000000000 ) ) ;
#3694 = EDGE_CURVE ( 'NONE', #821, #474, #4016, .T. ) ;
#3695 = EDGE_CURVE ( 'NONE', #4576, #570, #1159, .T. ) ;
#3696 = DIRECTION ( 'NONE',  ( 0.0000000000000000000, 0.0000000000000000000, -1.000000000000000000 ) ) ;
#3697 = DIRECTION ( 'NONE',  ( -1.944041506525990932E-16, -0.1961161351381839890, -0.9805806756909202226 ) ) ;
#3698 = APPLICATION_CONTEXT ( 'automotive_design' ) ;
#3699 = ADVANCED_FACE ( 'NONE', ( #1718 ), #4634, .F. ) ;
#3700 = ADVANCED_FACE ( 'NONE', ( #918 ), #980, .T. ) ;
#3701 = CARTESIAN_POINT ( 'NONE',  ( -7.500000000000007105, 20.00000000000001776, -139.9999999999999716 ) ) ;
#3702 = DIRECTION ( 'NONE',  ( 1.000000000000000000, 1.759078375084749961E-34, 0.0000000000000000000 ) ) ;
#3703 = STYLED_ITEM ( 'NONE', ( #1811 ), #4058 ) ;
#3704 = DIRECTION ( 'NONE',  ( 0.0000000000000000000, 0.0000000000000000000, 1.000000000000000000 ) ) ;
#3705 = LINE ( 'NONE', #744, #1695 ) ;
#3706 = DIRECTION ( 'NONE',  ( -1.000000000000000000, -0.0000000000000000000, 1.020425574104005355E-16 ) ) ;
#3707 = EDGE_LOOP ( 'NONE', ( #578, #1450, #2624, #500, #1365 ) ) ;
#3708 = VERTEX_POINT ( 'NONE', #321 ) ;
#3709 = AXIS2_PLACEMENT_3D ( 'NONE', #4334, #756, #3287 ) ;
#3710 = ORIENTED_EDGE ( 'NONE', *, *, #2887, .F. ) ;
#3711 = DIRECTION ( 'NONE',  ( -1.000000000000000000, -2.888894916580854207E-34, 1.982541115402068808E-16 ) ) ;
#3713 = VERTEX_POINT ( 'NONE', #3190 ) ;
#3712 = APPLICATION_PROTOCOL_DEFINITION ( 'draft international standard', 'automotive_design', 1998, #4420 ) ;
#3714 = AXIS2_PLACEMENT_3D ( 'NONE', #768, #380, #3621 ) ;
#3715 = ORIENTED_EDGE ( 'NONE', *, *, #4257, .T. ) ;
#3716 = CARTESIAN_POINT ( 'NONE',  ( 90.00000000000000000, 1300.000000000000000, -95.09999999999999432 ) ) ;
#3717 = LINE ( 'NONE', #1474, #1489 ) ;
#3718 = LINE ( 'NONE', #3410, #3945 ) ;
#3719 = LINE ( 'NONE', #892, #3325 ) ;
#3720 = ADVANCED_FACE ( 'NONE', ( #2427 ), #3557, .F. ) ;
#3721 = EDGE_LOOP ( 'NONE', ( #243, #4399, #737, #3792 ) ) ;
#3722 =( NAMED_UNIT ( * ) SI_UNIT ( $, .STERADIAN. ) SOLID_ANGLE_UNIT ( ) );
#3723 = EDGE_CURVE ( 'NONE', #2359, #4530, #3507, .T. ) ;
#3724 = FACE_OUTER_BOUND ( 'NONE', #4006, .T. ) ;
#3725 = FACE_BOUND ( 'NONE', #1590, .T. ) ;
#3726 = VECTOR ( 'NONE', #2999, 999.9999999999998863 ) ;
#3727 = ORIENTED_EDGE ( 'NONE', *, *, #4665, .T. ) ;
#3728 = UNCERTAINTY_MEASURE_WITH_UNIT (LENGTH_MEASURE( 1.000000000000000082E-05 ), #1903, 'distance_accuracy_value', 'NONE');
#3729 = DIRECTION ( 'NONE',  ( 0.0000000000000000000, -1.000000000000000000, -0.0000000000000000000 ) ) ;
#3730 = LINE ( 'NONE', #138, #190 ) ;
#3731 = EDGE_CURVE ( 'NONE', #2182, #3216, #572, .T. ) ;
#3732 = EDGE_CURVE ( 'NONE', #677, #13, #1502, .T. ) ;
#3733 = ORIENTED_EDGE ( 'NONE', *, *, #2192, .T. ) ;
#3734 = VERTEX_POINT ( 'NONE', #1087 ) ;
#3735 = LINE ( 'NONE', #1278, #3618 ) ;
#3736 = VERTEX_POINT ( 'NONE', #1469 ) ;
#3737 = DIRECTION ( 'NONE',  ( 1.000000000000000000, 0.0000000000000000000, 0.0000000000000000000 ) ) ;
#3738 = FACE_OUTER_BOUND ( 'NONE', #3721, .T. ) ;
#3739 = ORIENTED_EDGE ( 'NONE', *, *, #3881, .T. ) ;
#3740 = AXIS2_PLACEMENT_3D ( 'NONE', #4248, #1062, #2823 ) ;
#3741 =( GEOMETRIC_REPRESENTATION_CONTEXT ( 3 ) GLOBAL_UNCERTAINTY_ASSIGNED_CONTEXT ( ( #297 ) ) GLOBAL_UNIT_ASSIGNED_CONTEXT ( ( #2177, #1512, #3574 ) ) REPRESENTATION_CONTEXT ( 'NONE', 'WORKASPACE' ) );
#3742 = DIRECTION ( 'NONE',  ( -0.0000000000000000000, 1.000000000000000000, -0.0000000000000000000 ) ) ;
#3743 = VERTEX_POINT ( 'NONE', #2196 ) ;
#3744 = ORIENTED_EDGE ( 'NONE', *, *, #496, .T. ) ;
#3745 = DIRECTION ( 'NONE',  ( -3.888083013051982973E-17, -0.9805806756909201116, -0.1961161351381839890 ) ) ;
#3746 = PLANE ( 'NONE',  #2713 ) ;
#3747 = DIRECTION ( 'NONE',  ( 0.0000000000000000000, 0.0000000000000000000, 1.000000000000000000 ) ) ;
#3748 = PRESENTATION_LAYER_ASSIGNMENT (  '', '', ( #1085 ) ) ;
#3749 = ADVANCED_FACE ( 'NONE', ( #3892 ), #2826, .F. ) ;
#3750 = CARTESIAN_POINT ( 'NONE',  ( -90.00000000000000000, 1300.000000000000000, -84.90000000000000568 ) ) ;
#3751 = PLANE ( 'NONE',  #2167 ) ;
#3752 = CARTESIAN_POINT ( 'NONE',  ( 7.500000000000000000, 19.99999999999998934, 89.99999999999998579 ) ) ;
#3753 = DIRECTION ( 'NONE',  ( 0.0000000000000000000, 1.000000000000000000, 0.0000000000000000000 ) ) ;
#3754 = EDGE_CURVE ( 'NONE', #1018, #507, #2200, .T. ) ;
#3755 = AXIS2_PLACEMENT_3D ( 'NONE', #1400, #1435, #1006 ) ;
#3756 = CARTESIAN_POINT ( 'NONE',  ( -90.00000000000000000, 1300.000000000000000, -95.09999999999999432 ) ) ;
#3757 = VERTEX_POINT ( 'NONE', #40 ) ;
#3758 =( NAMED_UNIT ( * ) PLANE_ANGLE_UNIT ( ) SI_UNIT ( $, .RADIAN. ) );
#3759 = DIRECTION ( 'NONE',  ( -0.0000000000000000000, 1.000000000000000000, -0.0000000000000000000 ) ) ;
#3760 = AXIS2_PLACEMENT_3D ( 'NONE', #181, #1311, #200 ) ;
#3761 = AXIS2_PLACEMENT_3D ( 'NONE', #4212, #2056, #1416 ) ;
#3762 = DIRECTION ( 'NONE',  ( 1.000000000000000000, 0.0000000000000000000, 0.0000000000000000000 ) ) ;
#3763 = DIRECTION ( 'NONE',  ( 0.0000000000000000000, 1.000000000000000000, 0.0000000000000000000 ) ) ;
#3764 = LINE ( 'NONE', #2038, #2525 ) ;
#3765 = STYLED_ITEM ( 'NONE', ( #797 ), #4309 ) ;
#3766 = ORIENTED_EDGE ( 'NONE', *, *, #2043, .F. ) ;
#3767 = ORIENTED_EDGE ( 'NONE', *, *, #4465, .F. ) ;
#3768 = SURFACE_STYLE_USAGE ( .BOTH. , #2021 ) ;
#3769 = DIRECTION ( 'NONE',  ( 0.0000000000000000000, 0.7071067811865081598, 0.7071067811865867636 ) ) ;
#3770 = AXIS2_PLACEMENT_3D ( 'NONE', #3539, #311, #1442 ) ;
#3771 = EDGE_LOOP ( 'NONE', ( #4413, #2640, #3099, #4254 ) ) ;
#3772 = DIRECTION ( 'NONE',  ( -7.401486830834376525E-17, -1.000000000000000000, -0.0000000000000000000 ) ) ;
#3773 = AXIS2_PLACEMENT_3D ( 'NONE', #2843, #3566, #2162 ) ;
#3774 = CARTESIAN_POINT ( 'NONE',  ( 124.9999999999999716, 20.00000000000000000, -30.00000000000000000 ) ) ;
#3775 = ORIENTED_EDGE ( 'NONE', *, *, #4630, .T. ) ;
#3776 = VECTOR ( 'NONE', #954, 1000.000000000000000 ) ;
#3777 = AXIS2_PLACEMENT_3D ( 'NONE', #2342, #2702, #4544 ) ;
#3778 = DIRECTION ( 'NONE',  ( -0.0000000000000000000, -1.000000000000000000, -0.0000000000000000000 ) ) ;
#3779 = ORIENTED_EDGE ( 'NONE', *, *, #3249, .F. ) ;
#3780 = FACE_OUTER_BOUND ( 'NONE', #3140, .T. ) ;
#3781 = ORIENTED_EDGE ( 'NONE', *, *, #4382, .T. ) ;
#3782 = DIRECTION ( 'NONE',  ( -1.000000000000000000, 0.0000000000000000000, 1.020425574104005602E-16 ) ) ;
#3783 = EDGE_CURVE ( 'NONE', #517, #4631, #633, .T. ) ;
#3784 = ORIENTED_EDGE ( 'NONE', *, *, #661, .T. ) ;
#3785 = MECHANICAL_DESIGN_GEOMETRIC_PRESENTATION_REPRESENTATION (  '', ( #3366 ), #4033 ) ;
#3786 = UNCERTAINTY_MEASURE_WITH_UNIT (LENGTH_MEASURE( 1.000000000000000082E-05 ), #3077, 'distance_accuracy_value', 'NONE');
#3787 = EDGE_CURVE ( 'NONE', #2518, #961, #2093, .T. ) ;
#3788 = VERTEX_POINT ( 'NONE', #29 ) ;
#3789 = VECTOR ( 'NONE', #2451, 1000.000000000000000 ) ;
#3790 = VECTOR ( 'NONE', #3661, 1000.000000000000000 ) ;
#3791 = DIRECTION ( 'NONE',  ( 0.0000000000000000000, 0.0000000000000000000, 1.000000000000000000 ) ) ;
#3792 = ORIENTED_EDGE ( 'NONE', *, *, #322, .T. ) ;
#3793 = FILL_AREA_STYLE ('',( #4509 ) ) ;
#3794 = ADVANCED_FACE ( 'NONE', ( #3451 ), #3271, .F. ) ;
#3795 = VECTOR ( 'NONE', #2551, 1000.000000000000000 ) ;
#3796 = PRESENTATION_STYLE_ASSIGNMENT (( #598 ) ) ;
#3797 = ORIENTED_EDGE ( 'NONE', *, *, #713, .T. ) ;
#3798 = FILL_AREA_STYLE ('',( #882 ) ) ;
#3799 = STYLED_ITEM ( 'NONE', ( #442 ), #364 ) ;
#3800 = DIRECTION ( 'NONE',  ( -0.0000000000000000000, 1.000000000000000000, -0.0000000000000000000 ) ) ;
#3801 = VECTOR ( 'NONE', #1988, 1000.000000000000000 ) ;
#3802 = CARTESIAN_POINT ( 'NONE',  ( 90.00000000000000000, 20.00000000000001776, -7.500000000000013323 ) ) ;
#3803 = EDGE_CURVE ( 'NONE', #1264, #693, #800, .T. ) ;
#3804 = CARTESIAN_POINT ( 'NONE',  ( 149.9999999999999716, 20.00000000000000000, -150.0000000000000000 ) ) ;
#3805 = CARTESIAN_POINT ( 'NONE',  ( 124.9999999999999716, 20.00000000000000000, -26.59999999999999787 ) ) ;
#3806 =( NAMED_UNIT ( * ) PLANE_ANGLE_UNIT ( ) SI_UNIT ( $, .RADIAN. ) );
#3807 = PLANE ( 'NONE',  #968 ) ;
#3808 = ORIENTED_EDGE ( 'NONE', *, *, #4158, .F. ) ;
#3809 = ORIENTED_EDGE ( 'NONE', *, *, #436, .F. ) ;
#3810 = PRESENTATION_LAYER_ASSIGNMENT (  '', '', ( #543 ) ) ;
#3811 = CARTESIAN_POINT ( 'NONE',  ( -140.0000000000000000, 20.00000000000000000, 150.0000000000000000 ) ) ;
#3812 = ORIENTED_EDGE ( 'NONE', *, *, #1650, .F. ) ;
#3813 = ORIENTED_EDGE ( 'NONE', *, *, #2452, .F. ) ;
#3814 = CARTESIAN_POINT ( 'NONE',  ( -78.00000000000000000, 1280.000000000000000, -67.99999999999991473 ) ) ;
#3815 = DIRECTION ( 'NONE',  ( 0.0000000000000000000, 0.0000000000000000000, 1.000000000000000000 ) ) ;
#3816 = DIRECTION ( 'NONE',  ( -0.0000000000000000000, -1.000000000000000000, -0.0000000000000000000 ) ) ;
#3817 = VECTOR ( 'NONE', #3860, 1000.000000000000114 ) ;
#3818 = VERTEX_POINT ( 'NONE', #1813 ) ;
#3819 = DIRECTION ( 'NONE',  ( 0.0000000000000000000, 0.0000000000000000000, 1.000000000000000000 ) ) ;
#3820 = DIRECTION ( 'NONE',  ( 0.0000000000000000000, 0.0000000000000000000, -1.000000000000000000 ) ) ;
#3821 = DIRECTION ( 'NONE',  ( -0.0000000000000000000, -1.000000000000000000, -0.0000000000000000000 ) ) ;
#3822 = LINE ( 'NONE', #1783, #2762 ) ;
#3823 = AXIS2_PLACEMENT_3D ( 'NONE', #889, #3772, #1625 ) ;
#3824 = EDGE_LOOP ( 'NONE', ( #4415, #3813 ) ) ;
#3825 = CARTESIAN_POINT ( 'NONE',  ( 7.499999999999978684, 0.0000000000000000000, -150.0000000000000000 ) ) ;
#3826 = AXIS2_PLACEMENT_3D ( 'NONE', #4668, #2159, #2522 ) ;
#3827 = LINE ( 'NONE', #3363, #15 ) ;
#3828 = FACE_BOUND ( 'NONE', #3533, .T. ) ;
#3829 = CARTESIAN_POINT ( 'NONE',  ( 124.9999999999999716, 20.00000000000000000, 34.49999999999998579 ) ) ;
#3830 = ADVANCED_FACE ( 'NONE', ( #4531 ), #2533, .F. ) ;
#3831 = VERTEX_POINT ( 'NONE', #1521 ) ;
#3832 = EDGE_CURVE ( 'NONE', #3000, #566, #1387, .T. ) ;
#3833 = EDGE_LOOP ( 'NONE', ( #4148, #3411, #2752, #3643 ) ) ;
#3834 = ORIENTED_EDGE ( 'NONE', *, *, #1248, .F. ) ;
#3835 = VECTOR ( 'NONE', #2544, 1000.000000000000114 ) ;
#3836 = AXIS2_PLACEMENT_3D ( 'NONE', #3638, #2202, #1567 ) ;
#3837 = SURFACE_STYLE_FILL_AREA ( #144 ) ;
#3838 = CARTESIAN_POINT ( 'NONE',  ( -90.00000000000000000, 1280.000000000000000, 69.99999999999985789 ) ) ;
#3839 = DIRECTION ( 'NONE',  ( 0.0000000000000000000, 0.0000000000000000000, -1.000000000000000000 ) ) ;
#3840 = EDGE_LOOP ( 'NONE', ( #1750, #2188 ) ) ;
#3841 = LINE ( 'NONE', #47, #3167 ) ;
#3842 = EDGE_LOOP ( 'NONE', ( #1555, #3710 ) ) ;
#3843 = VECTOR ( 'NONE', #4504, 1000.000000000000114 ) ;
#3844 = VERTEX_POINT ( 'NONE', #1241 ) ;
#3845 = COLOUR_RGB ( '',1.000000000000000000, 1.000000000000000000, 1.000000000000000000 ) ;
#3846 = PRESENTATION_STYLE_ASSIGNMENT (( #4241 ) ) ;
#3847 = EDGE_CURVE ( 'NONE', #2492, #3583, #1551, .T. ) ;
#3848 = EDGE_CURVE ( 'NONE', #3379, #4536, #1654, .T. ) ;
#3849 = CARTESIAN_POINT ( 'NONE',  ( -142.5000000000000568, -0.001000000000001000089, -1.492608272355440021E-12 ) ) ;
#3850 = CARTESIAN_POINT ( 'NONE',  ( 67.99999999999998579, 20.00000000000000355, -68.00000000000000000 ) ) ;
#3851 = LINE ( 'NONE', #2987, #1341 ) ;
#3852 = ORIENTED_EDGE ( 'NONE', *, *, #2210, .T. ) ;
#3853 = DIRECTION ( 'NONE',  ( 0.0000000000000000000, 1.000000000000000000, 0.0000000000000000000 ) ) ;
#3854 =( LENGTH_UNIT ( ) NAMED_UNIT ( * ) SI_UNIT ( .MILLI., .METRE. ) );
#3855 = FILL_AREA_STYLE_COLOUR ( '', #63 ) ;
#3856 = ORIENTED_EDGE ( 'NONE', *, *, #3935, .T. ) ;
#3857 = ORIENTED_EDGE ( 'NONE', *, *, #39, .T. ) ;
#3858 = AXIS2_PLACEMENT_3D ( 'NONE', #1276, #3443, #3505 ) ;
#3859 = DIRECTION ( 'NONE',  ( -2.465190328815661345E-32, -7.213255872081108868E-35, -1.000000000000000000 ) ) ;
#3860 = DIRECTION ( 'NONE',  ( -0.7071067811865455743, 0.0000000000000000000, -0.7071067811865493491 ) ) ;
#3861 = ADVANCED_FACE ( 'NONE', ( #2545 ), #2489, .F. ) ;
#3862 = CARTESIAN_POINT ( 'NONE',  ( 90.00000000000000000, 1300.000000000000000, 90.00000000000000000 ) ) ;
#3863 = ORIENTED_EDGE ( 'NONE', *, *, #2557, .F. ) ;
#3864 = CARTESIAN_POINT ( 'NONE',  ( -140.0000000000000000, 0.0000000000000000000, 150.0000000000000000 ) ) ;
#3865 = CARTESIAN_POINT ( 'NONE',  ( -7.500000000001047162, 20.00000000000000000, 149.9999999999999716 ) ) ;
#3866 = EDGE_CURVE ( 'NONE', #1098, #4079, #2601, .T. ) ;
#3867 = ORIENTED_EDGE ( 'NONE', *, *, #1747, .F. ) ;
#3868 = ORIENTED_EDGE ( 'NONE', *, *, #629, .T. ) ;
#3869 = VECTOR ( 'NONE', #4523, 1000.000000000000000 ) ;
#3870 = ORIENTED_EDGE ( 'NONE', *, *, #1401, .T. ) ;
#3871 = ORIENTED_EDGE ( 'NONE', *, *, #2358, .T. ) ;
#3872 = EDGE_CURVE ( 'NONE', #2139, #976, #1975, .T. ) ;
#3873 = CARTESIAN_POINT ( 'NONE',  ( -29.99999999999998579, 20.00000000000000000, 125.0000000000000284 ) ) ;
#3874 = CARTESIAN_POINT ( 'NONE',  ( 124.9999999999999716, 0.0000000000000000000, -30.00000000000000000 ) ) ;
#3875 = VECTOR ( 'NONE', #2802, 1000.000000000000000 ) ;
#3876 = EDGE_LOOP ( 'NONE', ( #1884, #4513, #1138, #2920 ) ) ;
#3877 = LINE ( 'NONE', #1075, #2653 ) ;
#3878 = LINE ( 'NONE', #3941, #2709 ) ;
#3879 = CARTESIAN_POINT ( 'NONE',  ( 7.500000000000000000, 19.99999999999998934, 89.99999999999998579 ) ) ;
#3880 = LINE ( 'NONE', #4201, #5 ) ;
#3881 = EDGE_CURVE ( 'NONE', #4633, #184, #2312, .T. ) ;
#3882 = DIRECTION ( 'NONE',  ( 0.0000000000000000000, 1.000000000000000000, 0.0000000000000000000 ) ) ;
#3883 = DIRECTION ( 'NONE',  ( 0.0000000000000000000, 0.0000000000000000000, -1.000000000000000000 ) ) ;
#3885 = EDGE_LOOP ( 'NONE', ( #372, #3021, #1925, #3177 ) ) ;
#3884 = CARTESIAN_POINT ( 'NONE',  ( -7.500000000000000000, 20.00000000000003197, -89.99999999999998579 ) ) ;
#3886 = VECTOR ( 'NONE', #4582, 1000.000000000000000 ) ;
#3887 = VECTOR ( 'NONE', #3184, 1000.000000000000000 ) ;
#3888 = PLANE ( 'NONE',  #2958 ) ;
#3889 = CARTESIAN_POINT ( 'NONE',  ( 90.00000000000000000, 1300.000000000000000, -90.00000000000000000 ) ) ;
#3890 = VERTEX_POINT ( 'NONE', #492 ) ;
#3891 = DIRECTION ( 'NONE',  ( 0.7071067811865409114, 0.0000000000000000000, 0.7071067811865541231 ) ) ;
#3892 = FACE_OUTER_BOUND ( 'NONE', #1585, .T. ) ;
#3893 = FACE_BOUND ( 'NONE', #2176, .T. ) ;
#3894 = ORIENTED_EDGE ( 'NONE', *, *, #808, .T. ) ;
#3895 = CARTESIAN_POINT ( 'NONE',  ( 90.00000000000000000, 1280.000000000000000, 90.00000000000000000 ) ) ;
#3896 = CARTESIAN_POINT ( 'NONE',  ( -90.00000000000000000, 1300.000000000000000, 90.00000000000000000 ) ) ;
#3897 = DIRECTION ( 'NONE',  ( 0.0000000000000000000, 1.000000000000000000, 0.0000000000000000000 ) ) ;
#3898 = CIRCLE ( 'NONE', #775, 3.400000000000000355 ) ;
#3899 = EDGE_CURVE ( 'NONE', #2363, #2418, #519, .T. ) ;
#3900 = AXIS2_PLACEMENT_3D ( 'NONE', #2450, #4588, #603 ) ;
#3901 = CARTESIAN_POINT ( 'NONE',  ( -90.00000000000000000, 1300.000000000000000, 84.90000000000000568 ) ) ;
#3902 = FACE_OUTER_BOUND ( 'NONE', #4224, .T. ) ;
#3903 = CARTESIAN_POINT ( 'NONE',  ( -149.9999999999999432, -0.001000000000001000089, -7.500000000001570299 ) ) ;
#3904 = CARTESIAN_POINT ( 'NONE',  ( -69.99999999999985789, 1280.000000000000000, 90.00000000000000000 ) ) ;
#3905 = PRESENTATION_LAYER_ASSIGNMENT (  '', '', ( #4460 ) ) ;
#3906 = LINE ( 'NONE', #1209, #1833 ) ;
#3907 = CARTESIAN_POINT ( 'NONE',  ( 90.00000000000000000, 1255.000000000000227, -42.50000000000004974 ) ) ;
#3908 = ORIENTED_EDGE ( 'NONE', *, *, #938, .T. ) ;
#3909 = CARTESIAN_POINT ( 'NONE',  ( -114.9999999999999574, 1300.000000000000000, 125.0000000000000000 ) ) ;
#3910 = CARTESIAN_POINT ( 'NONE',  ( -124.9999999999999716, 20.00000000000000000, 33.39999999999999858 ) ) ;
#3911 = EDGE_CURVE ( 'NONE', #2591, #2230, #4013, .T. ) ;
#3912 = DIRECTION ( 'NONE',  ( -0.0000000000000000000, -1.000000000000000000, -0.0000000000000000000 ) ) ;
#3913 = CARTESIAN_POINT ( 'NONE',  ( 124.9999999999999716, 20.00000000000000000, 132.5000000000000000 ) ) ;
#3914 = VERTEX_POINT ( 'NONE', #812 ) ;
#3915 = CARTESIAN_POINT ( 'NONE',  ( -149.9999999999999716, 0.0000000000000000000, 139.9999999999999716 ) ) ;
#3916 = LINE ( 'NONE', #1699, #2164 ) ;
#3917 = EDGE_CURVE ( 'NONE', #3485, #810, #1926, .T. ) ;
#3918 = FACE_OUTER_BOUND ( 'NONE', #1500, .T. ) ;
#3919 = CARTESIAN_POINT ( 'NONE',  ( -78.00000000000000000, 1280.000000000000000, 67.99999999999991473 ) ) ;
#3920 = DIRECTION ( 'NONE',  ( -0.0000000000000000000, 1.000000000000000000, -0.0000000000000000000 ) ) ;
#3921 = AXIS2_PLACEMENT_3D ( 'NONE', #971, #2015, #993 ) ;
#3922 = CARTESIAN_POINT ( 'NONE',  ( -90.00000000000000000, 1280.000000000000000, 90.00000000000000000 ) ) ;
#3923 = CARTESIAN_POINT ( 'NONE',  ( 125.0000000000000568, 1300.000000000000000, 115.0000000000000142 ) ) ;
#3924 = CARTESIAN_POINT ( 'NONE',  ( -150.0000000000001137, 0.0000000000000000000, 7.499999999998428812 ) ) ;
#3925 = AXIS2_PLACEMENT_3D ( 'NONE', #3477, #2334, #3820 ) ;
#3926 = CARTESIAN_POINT ( 'NONE',  ( -67.99999999999991473, 1280.000000000000000, -77.99999999999998579 ) ) ;
#3927 = UNCERTAINTY_MEASURE_WITH_UNIT (LENGTH_MEASURE( 1.000000000000000082E-05 ), #2114, 'distance_accuracy_value', 'NONE');
#3928 = ORIENTED_EDGE ( 'NONE', *, *, #2887, .T. ) ;
#3929 = VECTOR ( 'NONE', #4292, 1000.000000000000000 ) ;
#3930 = DIRECTION ( 'NONE',  ( -1.000000000000000000, 1.829633447167874060E-33, 1.982541115402069301E-16 ) ) ;
#3931 = ORIENTED_EDGE ( 'NONE', *, *, #1729, .F. ) ;
#3932 = CARTESIAN_POINT ( 'NONE',  ( 124.9999999999999716, 20.00000000000000000, -132.5000000000000000 ) ) ;
#3933 = CARTESIAN_POINT ( 'NONE',  ( 0.0000000000000000000, 0.0000000000000000000, 0.0000000000000000000 ) ) ;
#3934 = EDGE_CURVE ( 'NONE', #1274, #3602, #3052, .T. ) ;
#3935 = EDGE_CURVE ( 'NONE', #4633, #1803, #3730, .T. ) ;
#3936 = VERTEX_POINT ( 'NONE', #1201 ) ;
#3937 = ORIENTED_EDGE ( 'NONE', *, *, #678, .T. ) ;
#3938 = CARTESIAN_POINT ( 'NONE',  ( 7.500000000000000000, 19.99999999999998934, 89.99999999999998579 ) ) ;
#3939 = VERTEX_POINT ( 'NONE', #4065 ) ;
#3940 = CARTESIAN_POINT ( 'NONE',  ( 90.00000000000000000, 1215.000000000000000, -42.50000000000004974 ) ) ;
#3941 = CARTESIAN_POINT ( 'NONE',  ( 77.99999999999998579, 1280.000000000000000, -67.99999999999991473 ) ) ;
#3942 = ADVANCED_FACE ( 'NONE', ( #3780 ), #2888, .F. ) ;
#3943 = ORIENTED_EDGE ( 'NONE', *, *, #3273, .T. ) ;
#3944 = CYLINDRICAL_SURFACE ( 'NONE', #2060, 7.499999999999992895 ) ;
#3945 = VECTOR ( 'NONE', #981, 1000.000000000000000 ) ;
#3946 =( GEOMETRIC_REPRESENTATION_CONTEXT ( 3 ) GLOBAL_UNCERTAINTY_ASSIGNED_CONTEXT ( ( #161 ) ) GLOBAL_UNIT_ASSIGNED_CONTEXT ( ( #2523, #374, #4331 ) ) REPRESENTATION_CONTEXT ( 'NONE', 'WORKASPACE' ) );
#3947 = ORIENTED_EDGE ( 'NONE', *, *, #2005, .T. ) ;
#3948 = CIRCLE ( 'NONE', #4379, 4.500000000000003553 ) ;
#3949 = FILL_AREA_STYLE ('',( #2517 ) ) ;
#3950 = VERTEX_POINT ( 'NONE', #3453 ) ;
#3951 = ORIENTED_EDGE ( 'NONE', *, *, #383, .T. ) ;
#3952 = ORIENTED_EDGE ( 'NONE', *, *, #178, .F. ) ;
#3953 = STYLED_ITEM ( 'NONE', ( #253 ), #3246 ) ;
#3954 = VECTOR ( 'NONE', #83, 1000.000000000000000 ) ;
#3955 = LINE ( 'NONE', #2745, #521 ) ;
#3956 = DIRECTION ( 'NONE',  ( -0.7071067811865480168, 0.0000000000000000000, 0.7071067811865470176 ) ) ;
#3957 = DIRECTION ( 'NONE',  ( 0.0000000000000000000, 0.0000000000000000000, 1.000000000000000000 ) ) ;
#3958 = CIRCLE ( 'NONE', #854, 2.499999999999946709 ) ;
#3959 = ORIENTED_EDGE ( 'NONE', *, *, #1001, .T. ) ;
#3960 = ORIENTED_EDGE ( 'NONE', *, *, #903, .T. ) ;
#3961 = ADVANCED_FACE ( 'NONE', ( #3328 ), #4359, .F. ) ;
#3962 = PLANE ( 'NONE',  #788 ) ;
#3963 = DIRECTION ( 'NONE',  ( 1.000000000000000000, -7.401486830834376525E-17, 0.0000000000000000000 ) ) ;
#3964 = COLOUR_RGB ( '',1.000000000000000000, 1.000000000000000000, 1.000000000000000000 ) ;
#3965 = EDGE_LOOP ( 'NONE', ( #1445, #2298, #4627, #3349 ) ) ;
#3966 = EDGE_CURVE ( 'NONE', #3713, #3212, #1817, .T. ) ;
#3967 = CIRCLE ( 'NONE', #3501, 3.400000000000000355 ) ;
#3968 = DIRECTION ( 'NONE',  ( -0.0000000000000000000, 1.000000000000000000, -0.0000000000000000000 ) ) ;
#3969 = DIRECTION ( 'NONE',  ( -0.0000000000000000000, 1.000000000000000000, -0.0000000000000000000 ) ) ;
#3970 = ORIENTED_EDGE ( 'NONE', *, *, #1630, .T. ) ;
#3971 = AXIS2_PLACEMENT_3D ( 'NONE', #4456, #886, #4444 ) ;
#3972 = ORIENTED_EDGE ( 'NONE', *, *, #938, .F. ) ;
#3973 = EDGE_CURVE ( 'NONE', #2869, #2024, #4130, .T. ) ;
#3974 = DIRECTION ( 'NONE',  ( -0.0000000000000000000, 1.000000000000000000, -0.0000000000000000000 ) ) ;
#3975 = DIRECTION ( 'NONE',  ( 1.637040452729150133E-33, -1.000000000000000000, -7.213255872081108868E-35 ) ) ;
#3976 = EDGE_CURVE ( 'NONE', #3258, #2518, #408, .T. ) ;
#3977 = SURFACE_STYLE_USAGE ( .BOTH. , #3627 ) ;
#3978 = CARTESIAN_POINT ( 'NONE',  ( 90.00000000000000000, 220.0000000000000284, -7.500000000000013323 ) ) ;
#3979 = LINE ( 'NONE', #879, #1683 ) ;
#3980 = DIRECTION ( 'NONE',  ( 1.000000000000000000, -0.0000000000000000000, -0.0000000000000000000 ) ) ;
#3981 = PRODUCT_DEFINITION ( 'UNKNOWN', '', #1105, #534 ) ;
#3982 = DIRECTION ( 'NONE',  ( 0.0000000000000000000, 0.0000000000000000000, 1.000000000000000000 ) ) ;
#3983 = DIRECTION ( 'NONE',  ( 0.0000000000000000000, 1.000000000000000000, 0.0000000000000000000 ) ) ;
#3984 = DIRECTION ( 'NONE',  ( 0.0000000000000000000, 0.0000000000000000000, 1.000000000000000000 ) ) ;
#3985 = ADVANCED_FACE ( 'NONE', ( #1716, #2773, #3396, #2719, #3612 ), #1633, .F. ) ;
#3986 = EDGE_LOOP ( 'NONE', ( #1506, #1563, #1882, #1132, #407 ) ) ;
#3987 = FACE_OUTER_BOUND ( 'NONE', #3833, .T. ) ;
#3988 = UNCERTAINTY_MEASURE_WITH_UNIT (LENGTH_MEASURE( 1.000000000000000082E-05 ), #1676, 'distance_accuracy_value', 'NONE');
#3989 = ORIENTED_EDGE ( 'NONE', *, *, #4159, .F. ) ;
#3990 = AXIS2_PLACEMENT_3D ( 'NONE', #3572, #3159, #1789 ) ;
#3991 = DIRECTION ( 'NONE',  ( 0.0000000000000000000, 0.0000000000000000000, -1.000000000000000000 ) ) ;
#3992 = EDGE_LOOP ( 'NONE', ( #1697, #624, #3671, #1544 ) ) ;
#3993 = ORIENTED_EDGE ( 'NONE', *, *, #4527, .F. ) ;
#3994 = EDGE_LOOP ( 'NONE', ( #4486, #1364 ) ) ;
#3995 = FACE_BOUND ( 'NONE', #1858, .T. ) ;
#3997 = VERTEX_POINT ( 'NONE', #1978 ) ;
#3996 =( NAMED_UNIT ( * ) SI_UNIT ( $, .STERADIAN. ) SOLID_ANGLE_UNIT ( ) );
#3998 = DIRECTION ( 'NONE',  ( -1.020425574104005602E-16, -0.0000000000000000000, -1.000000000000000000 ) ) ;
#3999 = EDGE_CURVE ( 'NONE', #1156, #89, #865, .T. ) ;
#4000 = CIRCLE ( 'NONE', #145, 2.499999999999946709 ) ;
#4001 = EDGE_CURVE ( 'NONE', #3583, #2492, #3278, .T. ) ;
#4002 = DIRECTION ( 'NONE',  ( 0.0000000000000000000, 0.0000000000000000000, 1.000000000000000000 ) ) ;
#4003 = DIRECTION ( 'NONE',  ( -0.0000000000000000000, 1.000000000000000000, -0.0000000000000000000 ) ) ;
#4004 = ORIENTED_EDGE ( 'NONE', *, *, #2358, .F. ) ;
#4005 = STYLED_ITEM ( 'NONE', ( #3285 ), #2063 ) ;
#4006 = EDGE_LOOP ( 'NONE', ( #4558, #952, #3947, #4308 ) ) ;
#4007 = CARTESIAN_POINT ( 'NONE',  ( 90.00000000000000000, 1280.000000000000000, 69.99999999999982947 ) ) ;
#4008 = EDGE_CURVE ( 'NONE', #1499, #2518, #4583, .T. ) ;
#4009 = ADVANCED_FACE ( 'NONE', ( #4472 ), #1712, .F. ) ;
#4010 = ORIENTED_EDGE ( 'NONE', *, *, #557, .F. ) ;
#4011 = EDGE_LOOP ( 'NONE', ( #786, #1955, #3665, #3894 ) ) ;
#4012 =( LENGTH_UNIT ( ) NAMED_UNIT ( * ) SI_UNIT ( .MILLI., .METRE. ) );
#4013 = LINE ( 'NONE', #456, #687 ) ;
#4014 = CYLINDRICAL_SURFACE ( 'NONE', #3971, 4.499999999999997335 ) ;
#4015 = AXIS2_PLACEMENT_3D ( 'NONE', #2407, #3821, #1693 ) ;
#4016 = LINE ( 'NONE', #3865, #2367 ) ;
#4017 = VERTEX_POINT ( 'NONE', #4534 ) ;
#4018 = VERTEX_POINT ( 'NONE', #3409 ) ;
#4019 = LINE ( 'NONE', #4590, #4246 ) ;
#4020 = AXIS2_PLACEMENT_3D ( 'NONE', #1556, #1892, #1462 ) ;
#4021 = CARTESIAN_POINT ( 'NONE',  ( 150.0000000000000284, 20.00000000000000000, 139.9999999999999716 ) ) ;
#4022 = CIRCLE ( 'NONE', #2725, 2.999999999999988898 ) ;
#4023 = CIRCLE ( 'NONE', #3424, 4.500000000000003553 ) ;
#4024 = VECTOR ( 'NONE', #1187, 1000.000000000000000 ) ;
#4025 = DIRECTION ( 'NONE',  ( 1.000000000000000000, -0.0000000000000000000, -0.0000000000000000000 ) ) ;
#4026 = DIRECTION ( 'NONE',  ( 0.0000000000000000000, 0.0000000000000000000, 1.000000000000000000 ) ) ;
#4027 = CARTESIAN_POINT ( 'NONE',  ( 90.00000000000000000, 1255.000000000000227, 45.00000000000000000 ) ) ;
#4028 = LINE ( 'NONE', #4043, #3290 ) ;
#4029 = EDGE_LOOP ( 'NONE', ( #2921, #428 ) ) ;
#4030 = ORIENTED_EDGE ( 'NONE', *, *, #4645, .F. ) ;
#4031 = CARTESIAN_POINT ( 'NONE',  ( 90.00000000000000000, 1255.000000000000227, -42.50000000000004974 ) ) ;
#4032 = EDGE_CURVE ( 'NONE', #3173, #3844, #2939, .T. ) ;
#4033 =( GEOMETRIC_REPRESENTATION_CONTEXT ( 3 ) GLOBAL_UNCERTAINTY_ASSIGNED_CONTEXT ( ( #4345 ) ) GLOBAL_UNIT_ASSIGNED_CONTEXT ( ( #2651, #173, #1254 ) ) REPRESENTATION_CONTEXT ( 'NONE', 'WORKASPACE' ) );
#4034 = EDGE_CURVE ( 'NONE', #3757, #3133, #3155, .T. ) ;
#4035 = CARTESIAN_POINT ( 'NONE',  ( -7.499999999999982236, 4.163336342344337027E-14, -4.163336342344337027E-14 ) ) ;
#4036 = DIRECTION ( 'NONE',  ( -6.162975822039153361E-33, 0.9805806756909201116, -0.1961161351381839613 ) ) ;
#4037 = ADVANCED_FACE ( 'NONE', ( #404, #742 ), #3807, .F. ) ;
#4038 = ADVANCED_FACE ( 'NONE', ( #2665 ), #1330, .F. ) ;
#4039 = CARTESIAN_POINT ( 'NONE',  ( 77.99999999999998579, 20.00000000000000355, -67.99999999999991473 ) ) ;
#4040 = SURFACE_STYLE_FILL_AREA ( #3949 ) ;
#4041 = CARTESIAN_POINT ( 'NONE',  ( -30.00000000000001421, 20.00000000000000000, -125.0000000000000000 ) ) ;
#4042 = DIRECTION ( 'NONE',  ( -1.232595164407830946E-32, 3.081487911019577365E-33, -1.000000000000000000 ) ) ;
#4043 = CARTESIAN_POINT ( 'NONE',  ( -150.0000000000000284, 20.00000000000000000, -150.0000000000000000 ) ) ;
#4044 = DIRECTION ( 'NONE',  ( -1.000000000000000000, 1.829633447167874060E-33, 1.982541115402069301E-16 ) ) ;
#4045 =( GEOMETRIC_REPRESENTATION_CONTEXT ( 3 ) GLOBAL_UNCERTAINTY_ASSIGNED_CONTEXT ( ( #1356 ) ) GLOBAL_UNIT_ASSIGNED_CONTEXT ( ( #2096, #2123, #2075 ) ) REPRESENTATION_CONTEXT ( 'NONE', 'WORKASPACE' ) );
#4046 = ORIENTED_EDGE ( 'NONE', *, *, #2758, .T. ) ;
#4047 = DIRECTION ( 'NONE',  ( -0.0000000000000000000, 1.000000000000000000, -0.0000000000000000000 ) ) ;
#4048 = CARTESIAN_POINT ( 'NONE',  ( 90.00000000000000000, 1280.000000000000000, 69.99999999999982947 ) ) ;
#4049 = PRODUCT_CONTEXT ( 'NONE', #3698, 'mechanical' ) ;
#4050 = FACE_OUTER_BOUND ( 'NONE', #1694, .T. ) ;
#4051 = ORIENTED_EDGE ( 'NONE', *, *, #794, .F. ) ;
#4052 = ORIENTED_EDGE ( 'NONE', *, *, #4630, .F. ) ;
#4053 = DIRECTION ( 'NONE',  ( -0.7071067811865441310, 0.0000000000000000000, -0.7071067811865510144 ) ) ;
#4054 = CARTESIAN_POINT ( 'NONE',  ( -7.500000000000000000, 220.0000000000000284, -90.00000000000000000 ) ) ;
#4055 = CARTESIAN_POINT ( 'NONE',  ( -9.950721815702933470E-13, 0.0000000000000000000, 142.5000000000000568 ) ) ;
#4056 = PLANE ( 'NONE',  #2529 ) ;
#4057 = ORIENTED_EDGE ( 'NONE', *, *, #3428, .F. ) ;
#4058 = ADVANCED_FACE ( 'NONE', ( #3268 ), #185, .F. ) ;
#4059 = EDGE_CURVE ( 'NONE', #1751, #412, #242, .T. ) ;
#4060 = PRESENTATION_LAYER_ASSIGNMENT (  '', '', ( #3659 ) ) ;
#4061 = DIRECTION ( 'NONE',  ( -1.000000000000000000, -1.759078375084749961E-34, 0.0000000000000000000 ) ) ;
#4062 = EDGE_LOOP ( 'NONE', ( #3393, #656, #1610, #4366, #4030 ) ) ;
#4063 = FACE_OUTER_BOUND ( 'NONE', #3315, .T. ) ;
#4064 = FACE_OUTER_BOUND ( 'NONE', #2100, .T. ) ;
#4065 = CARTESIAN_POINT ( 'NONE',  ( 140.0000000000000000, 20.00000000000001776, -7.500000000000013323 ) ) ;
#4066 = EDGE_CURVE ( 'NONE', #1381, #1756, #1150, .T. ) ;
#4067 = DIRECTION ( 'NONE',  ( -1.637040452729150133E-33, 1.000000000000000000, -7.213255872081108868E-35 ) ) ;
#4068 = EDGE_CURVE ( 'NONE', #4167, #2811, #2088, .T. ) ;
#4069 = ORIENTED_EDGE ( 'NONE', *, *, #3917, .F. ) ;
#4070 = LINE ( 'NONE', #2400, #1328 ) ;
#4071 = FACE_BOUND ( 'NONE', #3248, .T. ) ;
#4072 = CARTESIAN_POINT ( 'NONE',  ( 69.99999999999998579, 1280.000000000000000, -69.99999999999998579 ) ) ;
#4073 = CARTESIAN_POINT ( 'NONE',  ( -70.00000000000000000, 1300.000000000000000, 95.00000000000000000 ) ) ;
#4074 = AXIS2_PLACEMENT_3D ( 'NONE', #60, #2919, #766 ) ;
#4075 = EDGE_LOOP ( 'NONE', ( #2246, #197, #1576, #2614 ) ) ;
#4076 = LINE ( 'NONE', #832, #1268 ) ;
#4077 = DIRECTION ( 'NONE',  ( 0.0000000000000000000, 0.0000000000000000000, 1.000000000000000000 ) ) ;
#4079 = VERTEX_POINT ( 'NONE', #99 ) ;
#4078 = CARTESIAN_POINT ( 'NONE',  ( -9.950721815702933470E-13, 20.00000000000000000, 142.5000000000000568 ) ) ;
#4080 = ORIENTED_EDGE ( 'NONE', *, *, #505, .F. ) ;
#4081 = LINE ( 'NONE', #1242, #2147 ) ;
#4082 = CIRCLE ( 'NONE', #1820, 2.499999999999946709 ) ;
#4083 = DIRECTION ( 'NONE',  ( -1.449650923982144865E-33, 1.000000000000000000, -3.081487911019576681E-33 ) ) ;
#4084 = ORIENTED_EDGE ( 'NONE', *, *, #3632, .F. ) ;
#4085 = LINE ( 'NONE', #2703, #1346 ) ;
#4086 = VECTOR ( 'NONE', #3554, 1000.000000000000000 ) ;
#4087 = CIRCLE ( 'NONE', #6, 7.499999999999992895 ) ;
#4088 = MANIFOLD_SOLID_BREP ( 'Gusset2', #2723 ) ;
#4089 = AXIS2_PLACEMENT_3D ( 'NONE', #285, #3575, #2459 ) ;
#4090 = ORIENTED_EDGE ( 'NONE', *, *, #661, .F. ) ;
#4091 = DIRECTION ( 'NONE',  ( 0.0000000000000000000, 0.0000000000000000000, -1.000000000000000000 ) ) ;
#4092 = VECTOR ( 'NONE', #2660, 1000.000000000000000 ) ;
#4093 = ADVANCED_FACE ( 'NONE', ( #858 ), #3404, .F. ) ;
#4094 = CARTESIAN_POINT ( 'NONE',  ( -110.0000000000000000, 220.0000000000000568, 7.500000000000013323 ) ) ;
#4095 = CARTESIAN_POINT ( 'NONE',  ( -90.00000000000000000, 1280.000000000000000, 84.90000000000000568 ) ) ;
#4096 = ORIENTED_EDGE ( 'NONE', *, *, #538, .T. ) ;
#4097 = FILL_AREA_STYLE ('',( #1207 ) ) ;
#4098 = ORIENTED_EDGE ( 'NONE', *, *, #546, .T. ) ;
#4099 = VECTOR ( 'NONE', #1719, 1000.000000000000114 ) ;
#4100 = DIRECTION ( 'NONE',  ( 0.0000000000000000000, 0.0000000000000000000, 1.000000000000000000 ) ) ;
#4101 = EDGE_CURVE ( 'NONE', #785, #2077, #2041, .T. ) ;
#4102 = CARTESIAN_POINT ( 'NONE',  ( 70.00000000000000000, 1300.000000000000000, -95.00000000000000000 ) ) ;
#4103 = DIRECTION ( 'NONE',  ( 0.0000000000000000000, 0.0000000000000000000, 1.000000000000000000 ) ) ;
#4104 = AXIS2_PLACEMENT_3D ( 'NONE', #2305, #3038, #1632 ) ;
#4105 = ORIENTED_EDGE ( 'NONE', *, *, #2066, .F. ) ;
#4106 = EDGE_CURVE ( 'NONE', #3120, #367, #72, .T. ) ;
#4107 = CARTESIAN_POINT ( 'NONE',  ( -70.00000000000000000, 1299.500000000000000, 95.00000000000000000 ) ) ;
#4108 = AXIS2_PLACEMENT_3D ( 'NONE', #4021, #1835, #2863 ) ;
#4109 = FILL_AREA_STYLE ('',( #3005 ) ) ;
#4110 = CIRCLE ( 'NONE', #2837, 20.00000000000000355 ) ;
#4111 = VERTEX_POINT ( 'NONE', #1488 ) ;
#4112 = ORIENTED_EDGE ( 'NONE', *, *, #4665, .F. ) ;
#4113 = CARTESIAN_POINT ( 'NONE',  ( 70.00000000000000000, 1300.000000000000000, -98.00000000000000000 ) ) ;
#4114 = MECHANICAL_DESIGN_GEOMETRIC_PRESENTATION_REPRESENTATION (  '', ( #3953 ), #3198 ) ;
#4115 = FACE_OUTER_BOUND ( 'NONE', #4580, .T. ) ;
#4116 = DIRECTION ( 'NONE',  ( -0.7071067811865475727, 5.233641528945915579E-17, -0.7071067811865475727 ) ) ;
#4117 = ORIENTED_EDGE ( 'NONE', *, *, #301, .F. ) ;
#4118 = FACE_BOUND ( 'NONE', #1198, .T. ) ;
#4119 = ORIENTED_EDGE ( 'NONE', *, *, #2192, .F. ) ;
#4120 = DIRECTION ( 'NONE',  ( 1.000000000000000000, 0.0000000000000000000, -1.982541115402069301E-16 ) ) ;
#4121 = DIRECTION ( 'NONE',  ( -0.0000000000000000000, -1.000000000000000000, -0.0000000000000000000 ) ) ;
#4122 = DIRECTION ( 'NONE',  ( 0.0000000000000000000, 0.0000000000000000000, 1.000000000000000000 ) ) ;
#4123 = FACE_OUTER_BOUND ( 'NONE', #3213, .T. ) ;
#4124 = ORIENTED_EDGE ( 'NONE', *, *, #267, .T. ) ;
#4125 = EDGE_CURVE ( 'NONE', #1761, #234, #622, .T. ) ;
#4126 = LINE ( 'NONE', #3347, #626 ) ;
#4127 = ORIENTED_EDGE ( 'NONE', *, *, #4457, .T. ) ;
#4128 = CARTESIAN_POINT ( 'NONE',  ( 140.0000000000000000, 20.00000000000000000, 150.0000000000000000 ) ) ;
#4129 = ORIENTED_EDGE ( 'NONE', *, *, #1914, .F. ) ;
#4130 = CIRCLE ( 'NONE', #304, 4.499999999999990230 ) ;
#4131 = FACE_OUTER_BOUND ( 'NONE', #571, .T. ) ;
#4132 = CIRCLE ( 'NONE', #2154, 7.500000000000007105 ) ;
#4133 = DIRECTION ( 'NONE',  ( -0.0000000000000000000, 1.000000000000000000, -0.0000000000000000000 ) ) ;
#4134 = EDGE_CURVE ( 'NONE', #2203, #4470, #1647, .T. ) ;
#4135 = EDGE_LOOP ( 'NONE', ( #2829, #1265, #2861, #2026 ) ) ;
#4136 = EDGE_LOOP ( 'NONE', ( #398, #1277, #198, #2649 ) ) ;
#4137 =( NAMED_UNIT ( * ) SI_UNIT ( $, .STERADIAN. ) SOLID_ANGLE_UNIT ( ) );
#4138 = CARTESIAN_POINT ( 'NONE',  ( 90.00000000000000000, 1280.000000000000000, 90.00000000000000000 ) ) ;
#4139 = DIRECTION ( 'NONE',  ( 0.0000000000000000000, -0.0000000000000000000, 1.000000000000000000 ) ) ;
#4140 = FACE_BOUND ( 'NONE', #443, .T. ) ;
#4141 = CIRCLE ( 'NONE', #3760, 5.099999999999993427 ) ;
#4142 = EDGE_CURVE ( 'NONE', #673, #2492, #683, .T. ) ;
#4143 = CARTESIAN_POINT ( 'NONE',  ( -124.9999999999999716, 20.00000000000000000, 30.00000000000000000 ) ) ;
#4144 = LINE ( 'NONE', #776, #2220 ) ;
#4145 = UNCERTAINTY_MEASURE_WITH_UNIT (LENGTH_MEASURE( 1.000000000000000082E-05 ), #548, 'distance_accuracy_value', 'NONE');
#4146 = DIRECTION ( 'NONE',  ( 0.7071067811865390240, -0.0000000000000000000, 0.7071067811865561215 ) ) ;
#4147 = EDGE_LOOP ( 'NONE', ( #1155, #341, #3809, #2409 ) ) ;
#4148 = ORIENTED_EDGE ( 'NONE', *, *, #1067, .F. ) ;
#4149 = ORIENTED_EDGE ( 'NONE', *, *, #2101, .F. ) ;
#4150 = CARTESIAN_POINT ( 'NONE',  ( 90.00000000000000000, 20.00000000000000355, -69.99999999999985789 ) ) ;
#4151 = EDGE_CURVE ( 'NONE', #3936, #741, #2356, .T. ) ;
#4152 = FACE_OUTER_BOUND ( 'NONE', #2955, .T. ) ;
#4153 = PRESENTATION_LAYER_ASSIGNMENT (  '', '', ( #2122 ) ) ;
#4154 = ADVANCED_FACE ( 'NONE', ( #1915 ), #2179, .F. ) ;
#4155 = DIRECTION ( 'NONE',  ( 1.759078375084749961E-34, 1.000000000000000000, 0.0000000000000000000 ) ) ;
#4156 = CARTESIAN_POINT ( 'NONE',  ( -29.99999999999998579, 0.0000000000000000000, 129.5000000000000284 ) ) ;
#4157 = DIRECTION ( 'NONE',  ( -1.000000000000000000, 0.0000000000000000000, 1.020425574104005602E-16 ) ) ;
#4158 = EDGE_CURVE ( 'NONE', #234, #3713, #2485, .T. ) ;
#4159 = EDGE_CURVE ( 'NONE', #2000, #591, #967, .T. ) ;
#4160 = DIRECTION ( 'NONE',  ( 0.0000000000000000000, 0.0000000000000000000, 1.000000000000000000 ) ) ;
#4161 = SURFACE_SIDE_STYLE ('',( #529 ) ) ;
#4162 = AXIS2_PLACEMENT_3D ( 'NONE', #4301, #3963, #3579 ) ;
#4163 = DIRECTION ( 'NONE',  ( -1.000000000000000000, 0.0000000000000000000, 1.020425574104005602E-16 ) ) ;
#4164 = EDGE_CURVE ( 'NONE', #3619, #2840, #1762, .T. ) ;
#4165 = CARTESIAN_POINT ( 'NONE',  ( -29.99999999999998579, 0.0000000000000000000, 125.0000000000000284 ) ) ;
#4166 = CARTESIAN_POINT ( 'NONE',  ( -69.99999999999998579, 20.00000000000000355, 69.99999999999998579 ) ) ;
#4167 = VERTEX_POINT ( 'NONE', #2218 ) ;
#4168 = DIRECTION ( 'NONE',  ( 1.000000000000000000, -0.0000000000000000000, -0.0000000000000000000 ) ) ;
#4169 = DIRECTION ( 'NONE',  ( 1.000000000000000000, -1.829633447167874060E-33, -1.982541115402069301E-16 ) ) ;
#4170 = AXIS2_PLACEMENT_3D ( 'NONE', #3922, #3211, #1045 ) ;
#4171 = ORIENTED_EDGE ( 'NONE', *, *, #381, .T. ) ;
#4172 = DIRECTION ( 'NONE',  ( 0.0000000000000000000, 0.0000000000000000000, -1.000000000000000000 ) ) ;
#4173 = AXIS2_PLACEMENT_3D ( 'NONE', #3075, #601, #4564 ) ;
#4174 = FILL_AREA_STYLE_COLOUR ( '', #2559 ) ;
#4175 = DIRECTION ( 'NONE',  ( 0.0000000000000000000, 0.0000000000000000000, 1.000000000000000000 ) ) ;
#4176 = ADVANCED_FACE ( 'NONE', ( #10 ), #828, .F. ) ;
#4177 = ORIENTED_EDGE ( 'NONE', *, *, #1860, .T. ) ;
#4178 =( GEOMETRIC_REPRESENTATION_CONTEXT ( 3 ) GLOBAL_UNCERTAINTY_ASSIGNED_CONTEXT ( ( #3728 ) ) GLOBAL_UNIT_ASSIGNED_CONTEXT ( ( #1903, #2268, #2632 ) ) REPRESENTATION_CONTEXT ( 'NONE', 'WORKASPACE' ) );
#4179 = DIRECTION ( 'NONE',  ( 0.0000000000000000000, 0.0000000000000000000, -1.000000000000000000 ) ) ;
#4181 = ORIENTED_EDGE ( 'NONE', *, *, #1060, .F. ) ;
#4180 = CARTESIAN_POINT ( 'NONE',  ( 90.00000000000000000, 1215.000000000000000, -47.49999999999994316 ) ) ;
#4182 = PRESENTATION_STYLE_ASSIGNMENT (( #1933 ) ) ;
#4183 = ORIENTED_EDGE ( 'NONE', *, *, #936, .F. ) ;
#4184 = DIRECTION ( 'NONE',  ( -0.0000000000000000000, 1.000000000000000000, -0.0000000000000000000 ) ) ;
#4185 = EDGE_CURVE ( 'NONE', #3437, #1856, #453, .T. ) ;
#4186 = EDGE_LOOP ( 'NONE', ( #3931, #1530, #170, #4341 ) ) ;
#4187 = EDGE_CURVE ( 'NONE', #2077, #3039, #1090, .T. ) ;
#4188 = ORIENTED_EDGE ( 'NONE', *, *, #286, .F. ) ;
#4189 = CARTESIAN_POINT ( 'NONE',  ( 70.00000000000000000, 1299.500000000000000, -98.00000000000000000 ) ) ;
#4190 = CIRCLE ( 'NONE', #4273, 7.500000000000007105 ) ;
#4191 = FACE_BOUND ( 'NONE', #1668, .T. ) ;
#4192 = EDGE_LOOP ( 'NONE', ( #4245, #1550, #1821, #3412 ) ) ;
#4193 = FACE_OUTER_BOUND ( 'NONE', #1163, .T. ) ;
#4194 = ORIENTED_EDGE ( 'NONE', *, *, #322, .F. ) ;
#4195 =( LENGTH_UNIT ( ) NAMED_UNIT ( * ) SI_UNIT ( .MILLI., .METRE. ) );
#4196 = LINE ( 'NONE', #522, #302 ) ;
#4197 = LINE ( 'NONE', #1759, #2270 ) ;
#4198 = AXIS2_PLACEMENT_3D ( 'NONE', #1348, #2395, #1003 ) ;
#4199 = CARTESIAN_POINT ( 'NONE',  ( -124.9999999999999716, 20.00000000000000000, 125.0000000000000000 ) ) ;
#4200 = VECTOR ( 'NONE', #559, 1000.000000000000000 ) ;
#4201 = CARTESIAN_POINT ( 'NONE',  ( 115.0000000000000711, 1300.000000000000000, 125.0000000000000000 ) ) ;
#4202 = AXIS2_PLACEMENT_3D ( 'NONE', #4199, #2733, #3139 ) ;
#4203 = ORIENTED_EDGE ( 'NONE', *, *, #2908, .T. ) ;
#4204 = PLANE ( 'NONE',  #3761 ) ;
#4205 = ORIENTED_EDGE ( 'NONE', *, *, #3639, .T. ) ;
#4206 = PRESENTATION_LAYER_ASSIGNMENT (  '', '', ( #3953 ) ) ;
#4207 = FILL_AREA_STYLE_COLOUR ( '', #1396 ) ;
#4208 = SURFACE_SIDE_STYLE ('',( #2437 ) ) ;
#4209 = PLANE ( 'NONE',  #1828 ) ;
#4210 = CARTESIAN_POINT ( 'NONE',  ( 124.9999999999999716, 20.00000000000000000, -125.0000000000000000 ) ) ;
#4211 = EDGE_CURVE ( 'NONE', #412, #1751, #567, .T. ) ;
#4212 = CARTESIAN_POINT ( 'NONE',  ( 115.0000000000000711, 1300.000000000000000, -124.9999999999999432 ) ) ;
#4213 = DIRECTION ( 'NONE',  ( -0.7071067811865490160, 0.0000000000000000000, 0.7071067811865460184 ) ) ;
#4214 = CARTESIAN_POINT ( 'NONE',  ( 78.00000000000000000, 1280.000000000000000, 67.99999999999990052 ) ) ;
#4215 = ORIENTED_EDGE ( 'NONE', *, *, #441, .T. ) ;
#4216 = CARTESIAN_POINT ( 'NONE',  ( 142.5000000000000568, 0.0000000000000000000, 4.969982758673552325E-13 ) ) ;
#4217 = LINE ( 'NONE', #1111, #2976 ) ;
#4218 = SURFACE_STYLE_USAGE ( .BOTH. , #2751 ) ;
#4219 = ORIENTED_EDGE ( 'NONE', *, *, #539, .T. ) ;
#4220 = UNCERTAINTY_MEASURE_WITH_UNIT (LENGTH_MEASURE( 1.000000000000000082E-05 ), #4012, 'distance_accuracy_value', 'NONE');
#4221 = ORIENTED_EDGE ( 'NONE', *, *, #1983, .F. ) ;
#4222 = DIRECTION ( 'NONE',  ( 0.7071067811865541231, -0.0000000000000000000, -0.7071067811865409114 ) ) ;
#4223 = ORIENTED_EDGE ( 'NONE', *, *, #595, .F. ) ;
#4224 = EDGE_LOOP ( 'NONE', ( #4299, #1083, #2386, #3057 ) ) ;
#4225 = AXIS2_PLACEMENT_3D ( 'NONE', #2460, #313, #3625 ) ;
#4226 = CARTESIAN_POINT ( 'NONE',  ( 2.775557561562891351E-14, -1.387778780781445676E-14, -7.499999999999985789 ) ) ;
#4227 = CARTESIAN_POINT ( 'NONE',  ( 124.9999999999999716, 20.00000000000000000, -125.0000000000000000 ) ) ;
#4228 = FACE_BOUND ( 'NONE', #1824, .T. ) ;
#4229 = EDGE_LOOP ( 'NONE', ( #4642, #410, #3200, #2583 ) ) ;
#4230 = LINE ( 'NONE', #1306, #1913 ) ;
#4231 = CARTESIAN_POINT ( 'NONE',  ( 70.00000000000000000, 1300.000000000000000, -98.50000000000000000 ) ) ;
#4232 = ORIENTED_EDGE ( 'NONE', *, *, #4211, .F. ) ;
#4233 = DIRECTION ( 'NONE',  ( -0.0000000000000000000, 1.000000000000000000, -0.0000000000000000000 ) ) ;
#4234 = FACE_OUTER_BOUND ( 'NONE', #997, .T. ) ;
#4235 = DIRECTION ( 'NONE',  ( -0.0000000000000000000, 1.000000000000000000, -0.0000000000000000000 ) ) ;
#4236 = DIRECTION ( 'NONE',  ( 1.850371707708594316E-16, 0.0000000000000000000, 1.000000000000000000 ) ) ;
#4237 = ORIENTED_EDGE ( 'NONE', *, *, #178, .T. ) ;
#4238 = ORIENTED_EDGE ( 'NONE', *, *, #2643, .T. ) ;
#4239 = VECTOR ( 'NONE', #2436, 1000.000000000000000 ) ;
#4240 = MECHANICAL_DESIGN_GEOMETRIC_PRESENTATION_REPRESENTATION (  '', ( #1540 ), #2236 ) ;
#4241 = SURFACE_STYLE_USAGE ( .BOTH. , #2455 ) ;
#4242 = DIRECTION ( 'NONE',  ( -0.0000000000000000000, -1.000000000000000000, -0.0000000000000000000 ) ) ;
#4243 = CARTESIAN_POINT ( 'NONE',  ( -110.0000000000000000, 220.0000000000000568, -7.499999999999985789 ) ) ;
#4244 = ORIENTED_EDGE ( 'NONE', *, *, #771, .F. ) ;
#4245 = ORIENTED_EDGE ( 'NONE', *, *, #2393, .T. ) ;
#4246 = VECTOR ( 'NONE', #4235, 1000.000000000000000 ) ;
#4247 = CARTESIAN_POINT ( 'NONE',  ( -124.9999999999999716, 20.00000000000000000, 125.0000000000000000 ) ) ;
#4248 = CARTESIAN_POINT ( 'NONE',  ( -69.99999999999998579, 1280.000000000000000, 69.99999999999998579 ) ) ;
#4249 = CARTESIAN_POINT ( 'NONE',  ( -124.9999999999999716, 20.00000000000000000, -125.0000000000000000 ) ) ;
#4250 = EDGE_CURVE ( 'NONE', #4258, #2072, #3718, .T. ) ;
#4251 = EDGE_CURVE ( 'NONE', #3335, #1043, #3599, .T. ) ;
#4252 =( NAMED_UNIT ( * ) SI_UNIT ( $, .STERADIAN. ) SOLID_ANGLE_UNIT ( ) );
#4253 = COLOUR_RGB ( '',1.000000000000000000, 1.000000000000000000, 1.000000000000000000 ) ;
#4254 = ORIENTED_EDGE ( 'NONE', *, *, #1288, .F. ) ;
#4255 = AXIS2_PLACEMENT_3D ( 'NONE', #2692, #2355, #3083 ) ;
#4256 = DIRECTION ( 'NONE',  ( -0.0000000000000000000, -1.000000000000000000, -0.0000000000000000000 ) ) ;
#4257 = EDGE_CURVE ( 'NONE', #4017, #3683, #2715, .T. ) ;
#4258 = VERTEX_POINT ( 'NONE', #3924 ) ;
#4259 = ORIENTED_EDGE ( 'NONE', *, *, #1246, .T. ) ;
#4260 = PRESENTATION_LAYER_ASSIGNMENT (  '', '', ( #3765 ) ) ;
#4261 = CARTESIAN_POINT ( 'NONE',  ( 145.0000000000000284, 20.00000000000000000, 145.0000000000000000 ) ) ;
#4262 = CARTESIAN_POINT ( 'NONE',  ( -90.00000000000000000, 1280.000000000000000, 95.09999999999999432 ) ) ;
#4263 = CARTESIAN_POINT ( 'NONE',  ( -124.9999999999999716, 20.00000000000000000, 132.5000000000000000 ) ) ;
#4264 = PRESENTATION_LAYER_ASSIGNMENT (  '', '', ( #2806 ) ) ;
#4265 = DIRECTION ( 'NONE',  ( -7.401486830834376525E-17, -1.000000000000000000, -0.0000000000000000000 ) ) ;
#4266 = DIRECTION ( 'NONE',  ( 0.0000000000000000000, 0.0000000000000000000, 1.000000000000000000 ) ) ;
#4267 = VERTEX_POINT ( 'NONE', #4625 ) ;
#4268 = FACE_OUTER_BOUND ( 'NONE', #298, .T. ) ;
#4269 = CARTESIAN_POINT ( 'NONE',  ( -90.00000000000000000, 1300.000000000000000, -95.09999999999999432 ) ) ;
#4270 = CARTESIAN_POINT ( 'NONE',  ( -69.99999999999998579, 1280.000000000000000, 69.99999999999998579 ) ) ;
#4271 = DIRECTION ( 'NONE',  ( 0.0000000000000000000, 0.0000000000000000000, 1.000000000000000000 ) ) ;
#4272 = EDGE_CURVE ( 'NONE', #577, #3522, #2992, .T. ) ;
#4273 = AXIS2_PLACEMENT_3D ( 'NONE', #3060, #3422, #1291 ) ;
#4274 = DIRECTION ( 'NONE',  ( -0.0000000000000000000, 1.000000000000000000, -0.0000000000000000000 ) ) ;
#4275 = CARTESIAN_POINT ( 'NONE',  ( 150.0000000000000568, -0.001000000000001000089, -7.499999999999475975 ) ) ;
#4276 = CIRCLE ( 'NONE', #754, 5.099999999999993427 ) ;
#4277 = ORIENTED_EDGE ( 'NONE', *, *, #4319, .F. ) ;
#4278 = EDGE_LOOP ( 'NONE', ( #3538, #907, #4547, #1582 ) ) ;
#4279 = DIRECTION ( 'NONE',  ( 1.020425574104005355E-16, -0.0000000000000000000, 1.000000000000000000 ) ) ;
#4280 = DIRECTION ( 'NONE',  ( -0.0000000000000000000, -1.000000000000000000, -0.0000000000000000000 ) ) ;
#4281 = PRESENTATION_STYLE_ASSIGNMENT (( #1735 ) ) ;
#4282 = EDGE_LOOP ( 'NONE', ( #4181, #1289, #4215, #294 ) ) ;
#4283 = PRESENTATION_LAYER_ASSIGNMENT (  '', '', ( #1253 ) ) ;
#4284 = ORIENTED_EDGE ( 'NONE', *, *, #153, .F. ) ;
#4285 = DIRECTION ( 'NONE',  ( -0.0000000000000000000, 1.000000000000000000, -0.0000000000000000000 ) ) ;
#4286 = AXIS2_PLACEMENT_3D ( 'NONE', #1016, #1057, #657 ) ;
#4287 = PLANE ( 'NONE',  #4491 ) ;
#4288 = EDGE_LOOP ( 'NONE', ( #2297, #2351, #444, #2705 ) ) ;
#4289 = VERTEX_POINT ( 'NONE', #3913 ) ;
#4290 = VECTOR ( 'NONE', #731, 1000.000000000000000 ) ;
#4291 = DIRECTION ( 'NONE',  ( 0.0000000000000000000, -1.000000000000000000, 0.0000000000000000000 ) ) ;
#4292 = DIRECTION ( 'NONE',  ( -0.0000000000000000000, 1.000000000000000000, -0.0000000000000000000 ) ) ;
#4293 = VERTEX_POINT ( 'NONE', #327 ) ;
#4294 =( NAMED_UNIT ( * ) PLANE_ANGLE_UNIT ( ) SI_UNIT ( $, .RADIAN. ) );
#4295 = VECTOR ( 'NONE', #1533, 1000.000000000000000 ) ;
#4296 = DIRECTION ( 'NONE',  ( -0.0000000000000000000, 1.000000000000000000, -0.0000000000000000000 ) ) ;
#4297 = CYLINDRICAL_SURFACE ( 'NONE', #3478, 7.500000000000007105 ) ;
#4298 = ORIENTED_EDGE ( 'NONE', *, *, #2287, .F. ) ;
#4299 = ORIENTED_EDGE ( 'NONE', *, *, #1013, .F. ) ;
#4300 =( LENGTH_UNIT ( ) NAMED_UNIT ( * ) SI_UNIT ( .MILLI., .METRE. ) );
#4301 = CARTESIAN_POINT ( 'NONE',  ( -124.9999999999999432, 1300.000000000000000, 115.0000000000000426 ) ) ;
#4302 = PRESENTATION_STYLE_ASSIGNMENT (( #1845 ) ) ;
#4303 = EDGE_CURVE ( 'NONE', #1672, #1372, #3324, .T. ) ;
#4304 = VECTOR ( 'NONE', #3745, 1000.000000000000114 ) ;
#4305 = EDGE_LOOP ( 'NONE', ( #2254, #1452, #2279, #2310 ) ) ;
#4306 = CYLINDRICAL_SURFACE ( 'NONE', #3900, 5.099999999999993427 ) ;
#4307 = CARTESIAN_POINT ( 'NONE',  ( -7.500000000000000000, 19.99999999999998934, 89.99999999999998579 ) ) ;
#4308 = ORIENTED_EDGE ( 'NONE', *, *, #2971, .T. ) ;
#4309 = ADVANCED_FACE ( 'NONE', ( #1706 ), #735, .F. ) ;
#4310 = DIRECTION ( 'NONE',  ( 1.000000000000000000, 0.0000000000000000000, 0.0000000000000000000 ) ) ;
#4311 = FACE_OUTER_BOUND ( 'NONE', #1335, .T. ) ;
#4312 = ORIENTED_EDGE ( 'NONE', *, *, #3144, .F. ) ;
#4313 = EDGE_CURVE ( 'NONE', #2595, #1707, #3822, .T. ) ;
#4314 = CARTESIAN_POINT ( 'NONE',  ( 125.0000000000000568, 1300.000000000000000, 115.0000000000000142 ) ) ;
#4315 = FACE_OUTER_BOUND ( 'NONE', #1202, .T. ) ;
#4316 = EDGE_LOOP ( 'NONE', ( #864, #2565 ) ) ;
#4317 = CARTESIAN_POINT ( 'NONE',  ( 125.0000000000000568, 1300.000000000000000, -114.9999999999999858 ) ) ;
#4318 = CARTESIAN_POINT ( 'NONE',  ( 140.0000000000000000, 20.00000000000001776, 7.499999999999985789 ) ) ;
#4319 = EDGE_CURVE ( 'NONE', #1541, #2922, #127, .T. ) ;
#4320 = DIRECTION ( 'NONE',  ( -1.000000000000000000, 0.0000000000000000000, 0.0000000000000000000 ) ) ;
#4321 = CARTESIAN_POINT ( 'NONE',  ( -140.0000000000000000, 19.99999999999998934, 7.500000000000013323 ) ) ;
#4322 = ORIENTED_EDGE ( 'NONE', *, *, #746, .T. ) ;
#4323 = CARTESIAN_POINT ( 'NONE',  ( -140.0000000000000000, 70.00000000000001421, -7.499999999999985789 ) ) ;
#4324 = DIRECTION ( 'NONE',  ( 1.000000000000000000, -0.0000000000000000000, -0.0000000000000000000 ) ) ;
#4325 = CARTESIAN_POINT ( 'NONE',  ( -90.00000000000000000, 1280.000000000000000, 90.00000000000000000 ) ) ;
#4326 = AXIS2_PLACEMENT_3D ( 'NONE', #4644, #1021, #669 ) ;
#4327 = CARTESIAN_POINT ( 'NONE',  ( -140.0000000000000000, 19.99999999999998934, 7.500000000000013323 ) ) ;
#4328 = DIRECTION ( 'NONE',  ( 0.7071067811865489050, 0.0000000000000000000, 0.7071067811865461294 ) ) ;
#4329 = DIRECTION ( 'NONE',  ( -1.000000000000000000, 0.0000000000000000000, 1.850371707708594316E-16 ) ) ;
#4330 = CARTESIAN_POINT ( 'NONE',  ( -124.9999999999999716, 0.0000000000000000000, -30.00000000000000000 ) ) ;
#4331 =( NAMED_UNIT ( * ) SI_UNIT ( $, .STERADIAN. ) SOLID_ANGLE_UNIT ( ) );
#4332 = ORIENTED_EDGE ( 'NONE', *, *, #3015, .F. ) ;
#4333 = FACE_OUTER_BOUND ( 'NONE', #4136, .T. ) ;
#4334 = CARTESIAN_POINT ( 'NONE',  ( 124.9999999999999716, 0.0000000000000000000, 30.00000000000000000 ) ) ;
#4335 = ORIENTED_EDGE ( 'NONE', *, *, #3181, .T. ) ;
#4336 = DIRECTION ( 'NONE',  ( 0.0000000000000000000, 0.0000000000000000000, 1.000000000000000000 ) ) ;
#4337 = SURFACE_STYLE_USAGE ( .BOTH. , #371 ) ;
#4338 = EDGE_CURVE ( 'NONE', #1856, #3234, #1870, .T. ) ;
#4339 = AXIS2_PLACEMENT_3D ( 'NONE', #589, #4550, #3079 ) ;
#4340 = EDGE_CURVE ( 'NONE', #3216, #2182, #3497, .T. ) ;
#4341 = ORIENTED_EDGE ( 'NONE', *, *, #3284, .T. ) ;
#4342 = EDGE_LOOP ( 'NONE', ( #1971, #4051, #3970, #295 ) ) ;
#4343 = CARTESIAN_POINT ( 'NONE',  ( 67.99999999999991473, 1280.000000000000000, -78.00000000000000000 ) ) ;
#4344 = DIRECTION ( 'NONE',  ( 0.0000000000000000000, 0.0000000000000000000, 1.000000000000000000 ) ) ;
#4345 = UNCERTAINTY_MEASURE_WITH_UNIT (LENGTH_MEASURE( 1.000000000000000082E-05 ), #2651, 'distance_accuracy_value', 'NONE');
#4346 = CYLINDRICAL_SURFACE ( 'NONE', #3990, 7.500000000000007105 ) ;
#4347 = ORIENTED_EDGE ( 'NONE', *, *, #662, .T. ) ;
#4348 = ADVANCED_FACE ( 'NONE', ( #915 ), #2895, .T. ) ;
#4349 = LINE ( 'NONE', #2461, #909 ) ;
#4350 = CARTESIAN_POINT ( 'NONE',  ( 69.99999999999998579, 1280.000000000000000, -69.99999999999998579 ) ) ;
#4351 = VECTOR ( 'NONE', #1591, 1000.000000000000000 ) ;
#4352 = ORIENTED_EDGE ( 'NONE', *, *, #3365, .F. ) ;
#4353 = SURFACE_STYLE_FILL_AREA ( #1393 ) ;
#4354 = PRESENTATION_STYLE_ASSIGNMENT (( #3768 ) ) ;
#4355 = CIRCLE ( 'NONE', #3658, 3.400000000000000355 ) ;
#4356 = CARTESIAN_POINT ( 'NONE',  ( 7.500000000000009770, 70.00000000000001421, 139.9999999999999716 ) ) ;
#4357 = AXIS2_PLACEMENT_3D ( 'NONE', #481, #2996, #171 ) ;
#4358 = ORIENTED_EDGE ( 'NONE', *, *, #3732, .F. ) ;
#4359 = CYLINDRICAL_SURFACE ( 'NONE', #1928, 4.500000000000003553 ) ;
#4360 = STYLED_ITEM ( 'NONE', ( #4182 ), #2325 ) ;
#4361 = AXIS2_PLACEMENT_3D ( 'NONE', #3382, #1948, #515 ) ;
#4362 = LINE ( 'NONE', #4613, #520 ) ;
#4363 = COLOUR_RGB ( '',1.000000000000000000, 1.000000000000000000, 1.000000000000000000 ) ;
#4364 = DIRECTION ( 'NONE',  ( -0.7071067811865484609, 0.0000000000000000000, -0.7071067811865465735 ) ) ;
#4365 = DIRECTION ( 'NONE',  ( -1.000000000000000000, -0.0000000000000000000, 1.982541115402069301E-16 ) ) ;
#4366 = ORIENTED_EDGE ( 'NONE', *, *, #3872, .F. ) ;
#4367 = VECTOR ( 'NONE', #2118, 1000.000000000000000 ) ;
#4368 = VERTEX_POINT ( 'NONE', #4321 ) ;
#4369 = VECTOR ( 'NONE', #3493, 1000.000000000000000 ) ;
#4370 = VECTOR ( 'NONE', #3930, 1000.000000000000000 ) ;
#4371 = EDGE_CURVE ( 'NONE', #52, #2263, #2821, .T. ) ;
#4372 = DIRECTION ( 'NONE',  ( 1.982541115402069054E-16, -0.0000000000000000000, 1.000000000000000000 ) ) ;
#4373 = ORIENTED_EDGE ( 'NONE', *, *, #3414, .T. ) ;
#4374 = CARTESIAN_POINT ( 'NONE',  ( -90.00000000000000000, 1300.000000000000000, 84.90000000000000568 ) ) ;
#4375 = ADVANCED_FACE ( 'NONE', ( #4064 ), #715, .F. ) ;
#4376 = EDGE_LOOP ( 'NONE', ( #2657, #4352 ) ) ;
#4377 = EDGE_CURVE ( 'NONE', #2754, #1018, #4521, .T. ) ;
#4378 = EDGE_CURVE ( 'NONE', #2208, #537, #3878, .T. ) ;
#4379 = AXIS2_PLACEMENT_3D ( 'NONE', #465, #3291, #1569 ) ;
#4380 = DIRECTION ( 'NONE',  ( -0.0000000000000000000, -1.000000000000000000, -0.0000000000000000000 ) ) ;
#4381 =( NAMED_UNIT ( * ) PLANE_ANGLE_UNIT ( ) SI_UNIT ( $, .RADIAN. ) );
#4382 = EDGE_CURVE ( 'NONE', #3120, #3470, #3388, .T. ) ;
#4383 = LINE ( 'NONE', #2294, #3028 ) ;
#4384 = DIRECTION ( 'NONE',  ( -1.000000000000000000, 0.0000000000000000000, 6.033820786006285224E-17 ) ) ;
#4385 = DIRECTION ( 'NONE',  ( 0.0000000000000000000, 1.000000000000000000, 0.0000000000000000000 ) ) ;
#4386 = CARTESIAN_POINT ( 'NONE',  ( -140.0000000000000000, 0.0000000000000000000, -150.0000000000000000 ) ) ;
#4387 = DIRECTION ( 'NONE',  ( 1.000000000000000000, -0.0000000000000000000, -0.0000000000000000000 ) ) ;
#4388 = DIRECTION ( 'NONE',  ( 0.0000000000000000000, 0.0000000000000000000, 1.000000000000000000 ) ) ;
#4389 = COLOUR_RGB ( '',1.000000000000000000, 1.000000000000000000, 1.000000000000000000 ) ;
#4390 = ADVANCED_FACE ( 'NONE', ( #2480 ), #3631, .F. ) ;
#4391 = ADVANCED_FACE ( 'NONE', ( #1000 ), #2952, .F. ) ;
#4392 = EDGE_CURVE ( 'NONE', #1732, #2872, #4144, .T. ) ;
#4393 = CARTESIAN_POINT ( 'NONE',  ( 90.00000000000000000, 1215.000000000000000, -45.00000000000000000 ) ) ;
#4394 = VECTOR ( 'NONE', #4025, 1000.000000000000000 ) ;
#4395 = ORIENTED_EDGE ( 'NONE', *, *, #1458, .F. ) ;
#4396 = ORIENTED_EDGE ( 'NONE', *, *, #4610, .T. ) ;
#4397 = DIRECTION ( 'NONE',  ( -3.888083013051982973E-17, -0.9805806756909201116, -0.1961161351381839890 ) ) ;
#4398 = ORIENTED_EDGE ( 'NONE', *, *, #2006, .T. ) ;
#4399 = ORIENTED_EDGE ( 'NONE', *, *, #874, .F. ) ;
#4400 = EDGE_CURVE ( 'NONE', #2022, #2203, #2569, .T. ) ;
#4401 = SURFACE_STYLE_FILL_AREA ( #1495 ) ;
#4402 = DIRECTION ( 'NONE',  ( 0.0000000000000000000, 0.0000000000000000000, 1.000000000000000000 ) ) ;
#4403 = VERTEX_POINT ( 'NONE', #1558 ) ;
#4404 = DIRECTION ( 'NONE',  ( 1.000000000000000000, 0.0000000000000000000, 0.0000000000000000000 ) ) ;
#4405 = CARTESIAN_POINT ( 'NONE',  ( -67.99999999999991473, 1280.000000000000000, 78.00000000000000000 ) ) ;
#4406 = SURFACE_STYLE_FILL_AREA ( #1967 ) ;
#4407 = LINE ( 'NONE', #4150, #2763 ) ;
#4408 = VERTEX_POINT ( 'NONE', #3675 ) ;
#4409 = DIRECTION ( 'NONE',  ( 1.449650923982144865E-33, -1.000000000000000000, 3.081487911019576681E-33 ) ) ;
#4410 = VECTOR ( 'NONE', #1121, 1000.000000000000000 ) ;
#4411 = FACE_BOUND ( 'NONE', #1873, .T. ) ;
#4412 = ORIENTED_EDGE ( 'NONE', *, *, #3064, .T. ) ;
#4413 = ORIENTED_EDGE ( 'NONE', *, *, #2071, .F. ) ;
#4414 = CARTESIAN_POINT ( 'NONE',  ( 30.00000000000000000, 0.0000000000000000000, -125.0000000000000000 ) ) ;
#4415 = ORIENTED_EDGE ( 'NONE', *, *, #2971, .F. ) ;
#4416 = COLOUR_RGB ( '',1.000000000000000000, 1.000000000000000000, 1.000000000000000000 ) ;
#4417 = FACE_BOUND ( 'NONE', #3591, .T. ) ;
#4418 =( GEOMETRIC_REPRESENTATION_CONTEXT ( 3 ) GLOBAL_UNCERTAINTY_ASSIGNED_CONTEXT ( ( #4438 ) ) GLOBAL_UNIT_ASSIGNED_CONTEXT ( ( #2633, #143, #1091 ) ) REPRESENTATION_CONTEXT ( 'NONE', 'WORKASPACE' ) );
#4419 = SURFACE_SIDE_STYLE ('',( #649 ) ) ;
#4420 = APPLICATION_CONTEXT ( 'automotive_design' ) ;
#4421 = ADVANCED_FACE ( 'NONE', ( #762 ), #4056, .F. ) ;
#4422 = ORIENTED_EDGE ( 'NONE', *, *, #1314, .F. ) ;
#4423 = AXIS2_PLACEMENT_3D ( 'NONE', #4330, #3232, #730 ) ;
#4424 = PRESENTATION_STYLE_ASSIGNMENT (( #124 ) ) ;
#4425 = ORIENTED_EDGE ( 'NONE', *, *, #1839, .F. ) ;
#4426 = SURFACE_STYLE_FILL_AREA ( #899 ) ;
#4427 =( NAMED_UNIT ( * ) SI_UNIT ( $, .STERADIAN. ) SOLID_ANGLE_UNIT ( ) );
#4428 = CARTESIAN_POINT ( 'NONE',  ( -150.0000000000000284, 20.00000000000000000, -150.0000000000000000 ) ) ;
#4429 = VECTOR ( 'NONE', #3224, 1000.000000000000000 ) ;
#4430 = DIRECTION ( 'NONE',  ( -1.000000000000000000, 0.0000000000000000000, -0.0000000000000000000 ) ) ;
#4431 = AXIS2_PLACEMENT_3D ( 'NONE', #790, #2248, #1161 ) ;
#4432 = ORIENTED_EDGE ( 'NONE', *, *, #205, .T. ) ;
#4433 = CARTESIAN_POINT ( 'NONE',  ( 7.499999999999994671, 220.0000000000000284, -109.9999999999999858 ) ) ;
#4434 = EDGE_LOOP ( 'NONE', ( #2816, #1534 ) ) ;
#4435 = EDGE_CURVE ( 'NONE', #1072, #2504, #4028, .T. ) ;
#4436 = ORIENTED_EDGE ( 'NONE', *, *, #2883, .F. ) ;
#4437 = AXIS2_PLACEMENT_3D ( 'NONE', #2966, #4380, #2578 ) ;
#4438 = UNCERTAINTY_MEASURE_WITH_UNIT (LENGTH_MEASURE( 1.000000000000000082E-05 ), #2633, 'distance_accuracy_value', 'NONE');
#4439 = EDGE_CURVE ( 'NONE', #4368, #1381, #1407, .T. ) ;
#4440 = CARTESIAN_POINT ( 'NONE',  ( 90.00000000000000000, 1215.000000000000000, -45.00000000000000000 ) ) ;
#4441 = DIRECTION ( 'NONE',  ( 0.0000000000000000000, 0.0000000000000000000, 1.000000000000000000 ) ) ;
#4442 = PRESENTATION_LAYER_ASSIGNMENT (  '', '', ( #159 ) ) ;
#4443 = ADVANCED_FACE ( 'NONE', ( #152 ), #447, .F. ) ;
#4444 = DIRECTION ( 'NONE',  ( 0.0000000000000000000, 0.0000000000000000000, 1.000000000000000000 ) ) ;
#4445 = AXIS2_PLACEMENT_3D ( 'NONE', #4270, #694, #3204 ) ;
#4446 = DIRECTION ( 'NONE',  ( -1.982541115402069054E-16, 4.409720963005064014E-35, -1.000000000000000000 ) ) ;
#4447 = ORIENTED_EDGE ( 'NONE', *, *, #2493, .T. ) ;
#4448 = CARTESIAN_POINT ( 'NONE',  ( 7.499999999999994671, 220.0000000000000284, -109.9999999999999858 ) ) ;
#4449 = VECTOR ( 'NONE', #1793, 1000.000000000000000 ) ;
#4450 = VERTEX_POINT ( 'NONE', #109 ) ;
#4451 = ORIENTED_EDGE ( 'NONE', *, *, #2914, .F. ) ;
#4452 = FILL_AREA_STYLE ('',( #2185 ) ) ;
#4453 = LINE ( 'NONE', #912, #3138 ) ;
#4454 = ORIENTED_EDGE ( 'NONE', *, *, #4554, .T. ) ;
#4455 = ORIENTED_EDGE ( 'NONE', *, *, #476, .F. ) ;
#4456 = CARTESIAN_POINT ( 'NONE',  ( -124.9999999999999716, 20.00000000000000000, -30.00000000000000000 ) ) ;
#4457 = EDGE_CURVE ( 'NONE', #4111, #1477, #702, .T. ) ;
#4458 = FACE_OUTER_BOUND ( 'NONE', #4192, .T. ) ;
#4459 = ORIENTED_EDGE ( 'NONE', *, *, #3041, .T. ) ;
#4460 = STYLED_ITEM ( 'NONE', ( #191 ), #2414 ) ;
#4461 = CYLINDRICAL_SURFACE ( 'NONE', #81, 19.99999999999999645 ) ;
#4462 = VECTOR ( 'NONE', #1066, 1000.000000000000000 ) ;
#4463 =( LENGTH_UNIT ( ) NAMED_UNIT ( * ) SI_UNIT ( .MILLI., .METRE. ) );
#4464 = ADVANCED_FACE ( 'NONE', ( #1238 ), #833, .F. ) ;
#4465 = EDGE_CURVE ( 'NONE', #2127, #821, #260, .T. ) ;
#4466 = EDGE_LOOP ( 'NONE', ( #2265, #2031 ) ) ;
#4467 = VECTOR ( 'NONE', #4556, 1000.000000000000000 ) ;
#4468 = LINE ( 'NONE', #792, #353 ) ;
#4469 = DIRECTION ( 'NONE',  ( 0.0000000000000000000, 1.000000000000000000, 0.0000000000000000000 ) ) ;
#4470 = VERTEX_POINT ( 'NONE', #2652 ) ;
#4471 = ORIENTED_EDGE ( 'NONE', *, *, #2219, .F. ) ;
#4472 = FACE_OUTER_BOUND ( 'NONE', #2375, .T. ) ;
#4473 = CONICAL_SURFACE ( 'NONE', #2067, 3.500000000000003109, 0.7853981633975037902 ) ;
#4474 = CIRCLE ( 'NONE', #323, 2.499999999999946709 ) ;
#4475 = EDGE_CURVE ( 'NONE', #3997, #393, #3967, .T. ) ;
#4476 = ORIENTED_EDGE ( 'NONE', *, *, #1526, .F. ) ;
#4477 = DIRECTION ( 'NONE',  ( 0.0000000000000000000, 1.000000000000000000, 0.0000000000000000000 ) ) ;
#4478 = CIRCLE ( 'NONE', #4361, 19.99999999999998934 ) ;
#4479 = CIRCLE ( 'NONE', #445, 3.400000000000000355 ) ;
#4480 = VECTOR ( 'NONE', #665, 1000.000000000000227 ) ;
#4481 = VECTOR ( 'NONE', #4324, 1000.000000000000000 ) ;
#4482 = DIRECTION ( 'NONE',  ( 1.982541115402068808E-16, 2.957536869751397734E-37, 1.000000000000000000 ) ) ;
#4483 = ORIENTED_EDGE ( 'NONE', *, *, #2800, .T. ) ;
#4484 = CARTESIAN_POINT ( 'NONE',  ( 0.0000000000000000000, 20.00000000000000000, 75.00000000000001421 ) ) ;
#4485 = ORIENTED_EDGE ( 'NONE', *, *, #122, .F. ) ;
#4486 = ORIENTED_EDGE ( 'NONE', *, *, #901, .F. ) ;
#4487 = DIRECTION ( 'NONE',  ( 0.0000000000000000000, 0.0000000000000000000, -1.000000000000000000 ) ) ;
#4488 = EDGE_CURVE ( 'NONE', #844, #1672, #3906, .T. ) ;
#4489 = MANIFOLD_SOLID_BREP ( 'Cut-Extrude2', #2721 ) ;
#4490 = EDGE_CURVE ( 'NONE', #3950, #4587, #935, .T. ) ;
#4491 = AXIS2_PLACEMENT_3D ( 'NONE', #3903, #696, #2471 ) ;
#4492 = ORIENTED_EDGE ( 'NONE', *, *, #4066, .F. ) ;
#4493 = SHAPE_REPRESENTATION_RELATIONSHIP ( 'NONE' , 'NONE' ,  #431, #2805 ) ;
#4494 = CARTESIAN_POINT ( 'NONE',  ( 115.0000000000000711, 1300.000000000000000, 125.0000000000000000 ) ) ;
#4495 = STYLED_ITEM ( 'NONE', ( #1229 ), #1965 ) ;
#4496 = EDGE_CURVE ( 'NONE', #2526, #2315, #2576, .T. ) ;
#4497 = AXIS2_PLACEMENT_3D ( 'NONE', #1848, #8, #415 ) ;
#4498 = FILL_AREA_STYLE ('',( #204 ) ) ;
#4499 = AXIS2_PLACEMENT_3D ( 'NONE', #2336, #502, #2010 ) ;
#4500 = ORIENTED_EDGE ( 'NONE', *, *, #1152, .F. ) ;
#4501 = DIRECTION ( 'NONE',  ( -0.0000000000000000000, 1.000000000000000000, -0.0000000000000000000 ) ) ;
#4502 = CARTESIAN_POINT ( 'NONE',  ( -70.00000000000000000, 1300.000000000000000, 91.50000000000000000 ) ) ;
#4503 = COLOUR_RGB ( '',1.000000000000000000, 1.000000000000000000, 1.000000000000000000 ) ;
#4504 = DIRECTION ( 'NONE',  ( -0.7071067811865489050, 0.0000000000000000000, -0.7071067811865461294 ) ) ;
#4505 = ORIENTED_EDGE ( 'NONE', *, *, #2331, .F. ) ;
#4506 = AXIS2_PLACEMENT_3D ( 'NONE', #4035, #490, #4446 ) ;
#4507 = CARTESIAN_POINT ( 'NONE',  ( -7.500000000000005329, 220.0000000000000284, -109.9999999999999858 ) ) ;
#4508 = AXIS2_PLACEMENT_3D ( 'NONE', #2856, #1052, #3544 ) ;
#4509 = FILL_AREA_STYLE_COLOUR ( '', #990 ) ;
#4510 = CARTESIAN_POINT ( 'NONE',  ( -29.99999999999998579, 20.00000000000000000, 125.0000000000000284 ) ) ;
#4511 = ORIENTED_EDGE ( 'NONE', *, *, #51, .T. ) ;
#4512 = ADVANCED_FACE ( 'NONE', ( #4268 ), #2030, .F. ) ;
#4513 = ORIENTED_EDGE ( 'NONE', *, *, #738, .T. ) ;
#4514 = FACE_OUTER_BOUND ( 'NONE', #2445, .T. ) ;
#4515 = CARTESIAN_POINT ( 'NONE',  ( -7.500000000001047162, 20.00000000000000000, 149.9999999999999716 ) ) ;
#4516 = ORIENTED_EDGE ( 'NONE', *, *, #1420, .T. ) ;
#4517 = ORIENTED_EDGE ( 'NONE', *, *, #2853, .F. ) ;
#4518 = CARTESIAN_POINT ( 'NONE',  ( -149.9999999999999716, 20.00000000000000000, 150.0000000000000000 ) ) ;
#4519 = DIRECTION ( 'NONE',  ( -1.000000000000000000, -0.0000000000000000000, -0.0000000000000000000 ) ) ;
#4520 = CYLINDRICAL_SURFACE ( 'NONE', #3515, 20.00000000000000355 ) ;
#4521 = CIRCLE ( 'NONE', #568, 3.399999999999986144 ) ;
#4522 = ORIENTED_EDGE ( 'NONE', *, *, #1270, .T. ) ;
#4523 = DIRECTION ( 'NONE',  ( -0.0000000000000000000, -1.000000000000000000, -0.0000000000000000000 ) ) ;
#4524 = FILL_AREA_STYLE_COLOUR ( '', #2932 ) ;
#4525 = VECTOR ( 'NONE', #1628, 1000.000000000000000 ) ;
#4526 = AXIS2_PLACEMENT_3D ( 'NONE', #1305, #3072, #3815 ) ;
#4527 = EDGE_CURVE ( 'NONE', #4408, #2884, #3295, .T. ) ;
#4528 = VERTEX_POINT ( 'NONE', #251 ) ;
#4529 = CARTESIAN_POINT ( 'NONE',  ( -68.00000000000000000, 20.00000000000000355, 68.00000000000000000 ) ) ;
#4530 = VERTEX_POINT ( 'NONE', #3461 ) ;
#4531 = FACE_OUTER_BOUND ( 'NONE', #1704, .T. ) ;
#4532 = VECTOR ( 'NONE', #1076, 1000.000000000000000 ) ;
#4533 = SURFACE_STYLE_USAGE ( .BOTH. , #4161 ) ;
#4534 = CARTESIAN_POINT ( 'NONE',  ( 30.00000000000000000, 0.0000000000000000000, -120.5000000000000000 ) ) ;
#4535 = ORIENTED_EDGE ( 'NONE', *, *, #620, .T. ) ;
#4536 = VERTEX_POINT ( 'NONE', #638 ) ;
#4537 = ORIENTED_EDGE ( 'NONE', *, *, #4490, .F. ) ;
#4538 = CARTESIAN_POINT ( 'NONE',  ( -150.0000000000000284, 0.0000000000000000000, -139.9999999999999716 ) ) ;
#4539 = CARTESIAN_POINT ( 'NONE',  ( 140.0000000000000000, 70.00000000000001421, -7.500000000000013323 ) ) ;
#4540 = DIRECTION ( 'NONE',  ( 0.0000000000000000000, 0.0000000000000000000, 1.000000000000000000 ) ) ;
#4541 = FACE_BOUND ( 'NONE', #726, .T. ) ;
#4542 = ORIENTED_EDGE ( 'NONE', *, *, #2923, .F. ) ;
#4543 = ADVANCED_FACE ( 'NONE', ( #4152 ), #3182, .F. ) ;
#4544 = DIRECTION ( 'NONE',  ( 0.0000000000000000000, 0.0000000000000000000, -1.000000000000000000 ) ) ;
#4545 = VECTOR ( 'NONE', #3982, 1000.000000000000000 ) ;
#4546 = DIRECTION ( 'NONE',  ( 0.0000000000000000000, 0.0000000000000000000, 1.000000000000000000 ) ) ;
#4547 = ORIENTED_EDGE ( 'NONE', *, *, #1972, .T. ) ;
#4548 =( NAMED_UNIT ( * ) PLANE_ANGLE_UNIT ( ) SI_UNIT ( $, .RADIAN. ) );
#4549 = PLANE ( 'NONE',  #3049 ) ;
#4550 = DIRECTION ( 'NONE',  ( 0.0000000000000000000, 1.000000000000000000, 0.0000000000000000000 ) ) ;
#4551 = EDGE_CURVE ( 'NONE', #3522, #3524, #2335, .T. ) ;
#4552 =( GEOMETRIC_REPRESENTATION_CONTEXT ( 3 ) GLOBAL_UNCERTAINTY_ASSIGNED_CONTEXT ( ( #1832 ) ) GLOBAL_UNIT_ASSIGNED_CONTEXT ( ( #3186, #4568, #1030 ) ) REPRESENTATION_CONTEXT ( 'NONE', 'WORKASPACE' ) );
#4553 = CARTESIAN_POINT ( 'NONE',  ( -149.9999999999999432, 0.0000000000000000000, -7.500000000001570299 ) ) ;
#4554 = EDGE_CURVE ( 'NONE', #4450, #2511, #2004, .T. ) ;
#4555 = SURFACE_STYLE_USAGE ( .BOTH. , #4208 ) ;
#4556 = DIRECTION ( 'NONE',  ( -1.232595164407830946E-32, 3.081487911019577365E-33, -1.000000000000000000 ) ) ;
#4557 = ADVANCED_FACE ( 'NONE', ( #1183 ), #3191, .F. ) ;
#4558 = ORIENTED_EDGE ( 'NONE', *, *, #87, .F. ) ;
#4559 = PLANE ( 'NONE',  #666 ) ;
#4560 = DIRECTION ( 'NONE',  ( 0.0000000000000000000, 0.0000000000000000000, -1.000000000000000000 ) ) ;
#4561 = DIRECTION ( 'NONE',  ( 0.0000000000000000000, 0.0000000000000000000, 1.000000000000000000 ) ) ;
#4562 = ORIENTED_EDGE ( 'NONE', *, *, #2556, .T. ) ;
#4563 = ORIENTED_EDGE ( 'NONE', *, *, #3976, .T. ) ;
#4564 = DIRECTION ( 'NONE',  ( 0.0000000000000000000, 0.0000000000000000000, 1.000000000000000000 ) ) ;
#4565 = AXIS2_PLACEMENT_3D ( 'NONE', #939, #2438, #1282 ) ;
#4566 = VERTEX_POINT ( 'NONE', #616 ) ;
#4567 = VERTEX_POINT ( 'NONE', #3520 ) ;
#4568 =( NAMED_UNIT ( * ) PLANE_ANGLE_UNIT ( ) SI_UNIT ( $, .RADIAN. ) );
#4569 = LINE ( 'NONE', #950, #2191 ) ;
#4570 = VECTOR ( 'NONE', #1405, 1000.000000000000000 ) ;
#4571 = UNCERTAINTY_MEASURE_WITH_UNIT (LENGTH_MEASURE( 1.000000000000000082E-05 ), #3692, 'distance_accuracy_value', 'NONE');
#4572 = VECTOR ( 'NONE', #1522, 1000.000000000000000 ) ;
#4573 = AXIS2_PLACEMENT_3D ( 'NONE', #1023, #2423, #3487 ) ;
#4574 = DIRECTION ( 'NONE',  ( 0.0000000000000000000, 1.000000000000000000, 0.0000000000000000000 ) ) ;
#4575 =( LENGTH_UNIT ( ) NAMED_UNIT ( * ) SI_UNIT ( .MILLI., .METRE. ) );
#4576 = VERTEX_POINT ( 'NONE', #1362 ) ;
#4577 = LINE ( 'NONE', #386, #4532 ) ;
#4578 = ADVANCED_FACE ( 'NONE', ( #3918 ), #1064, .F. ) ;
#4579 = CARTESIAN_POINT ( 'NONE',  ( -124.9999999999999716, 20.00000000000000000, -34.50000000000000000 ) ) ;
#4580 = EDGE_LOOP ( 'NONE', ( #466, #4537, #4098, #1422 ) ) ;
#4581 = EDGE_CURVE ( 'NONE', #1831, #3253, #3073, .T. ) ;
#4582 = DIRECTION ( 'NONE',  ( 0.0000000000000000000, 0.0000000000000000000, -1.000000000000000000 ) ) ;
#4583 = LINE ( 'NONE', #3089, #4239 ) ;
#4584 = VECTOR ( 'NONE', #1796, 1000.000000000000000 ) ;
#4585 = VERTEX_POINT ( 'NONE', #3904 ) ;
#4586 = FACE_OUTER_BOUND ( 'NONE', #4011, .T. ) ;
#4587 = VERTEX_POINT ( 'NONE', #2062 ) ;
#4588 = DIRECTION ( 'NONE',  ( -0.0000000000000000000, 1.000000000000000000, -0.0000000000000000000 ) ) ;
#4589 = FACE_OUTER_BOUND ( 'NONE', #4671, .T. ) ;
#4590 = CARTESIAN_POINT ( 'NONE',  ( 124.9999999999999716, 20.00000000000000000, 132.5000000000000000 ) ) ;
#4591 = DIRECTION ( 'NONE',  ( -1.000000000000000000, 0.0000000000000000000, 1.020425574104005602E-16 ) ) ;
#4592 = AXIS2_PLACEMENT_3D ( 'NONE', #3504, #1366, #3148 ) ;
#4593 = VECTOR ( 'NONE', #653, 1000.000000000000000 ) ;
#4594 = CYLINDRICAL_SURFACE ( 'NONE', #4286, 62.50000000000000000 ) ;
#4595 = AXIS2_PLACEMENT_3D ( 'NONE', #2631, #856, #4091 ) ;
#4596 = CARTESIAN_POINT ( 'NONE',  ( 77.99999999999998579, 1280.000000000000000, -67.99999999999991473 ) ) ;
#4597 = EDGE_LOOP ( 'NONE', ( #3610, #922 ) ) ;
#4598 = DIRECTION ( 'NONE',  ( 1.232595164407830672E-32, 3.081487911019577365E-33, -1.000000000000000000 ) ) ;
#4599 = AXIS2_PLACEMENT_3D ( 'NONE', #2716, #2337, #2283 ) ;
#4600 = PLANE ( 'NONE',  #270 ) ;
#4601 = ORIENTED_EDGE ( 'NONE', *, *, #3209, .T. ) ;
#4602 = CARTESIAN_POINT ( 'NONE',  ( -124.9999999999999716, 20.00000000000000000, -25.50000000000000355 ) ) ;
#4603 = DIRECTION ( 'NONE',  ( -1.232595164407830946E-32, 3.081487911019577365E-33, -1.000000000000000000 ) ) ;
#4604 = DIRECTION ( 'NONE',  ( -0.0000000000000000000, 1.000000000000000000, -0.0000000000000000000 ) ) ;
#4605 = FACE_OUTER_BOUND ( 'NONE', #2383, .T. ) ;
#4606 = EDGE_CURVE ( 'NONE', #2872, #3615, #2963, .T. ) ;
#4607 = CARTESIAN_POINT ( 'NONE',  ( -7.500000000000000000, 20.00000000000003197, -89.99999999999998579 ) ) ;
#4608 = DIRECTION ( 'NONE',  ( 0.0000000000000000000, 0.0000000000000000000, 1.000000000000000000 ) ) ;
#4609 = VERTEX_POINT ( 'NONE', #659 ) ;
#4610 = EDGE_CURVE ( 'NONE', #2072, #3133, #4070, .T. ) ;
#4611 = FILL_AREA_STYLE ('',( #2433 ) ) ;
#4612 = CARTESIAN_POINT ( 'NONE',  ( 115.0000000000000711, 1300.000000000000000, -124.9999999999999432 ) ) ;
#4613 = CARTESIAN_POINT ( 'NONE',  ( -69.99999999999985789, 20.00000000000000355, 90.00000000000000000 ) ) ;
#4614 = ORIENTED_EDGE ( 'NONE', *, *, #3468, .F. ) ;
#4615 = ORIENTED_EDGE ( 'NONE', *, *, #4068, .T. ) ;
#4616 = CARTESIAN_POINT ( 'NONE',  ( -150.0000000000000284, 20.00000000000000000, -150.0000000000000000 ) ) ;
#4617 = ORIENTED_EDGE ( 'NONE', *, *, #1420, .F. ) ;
#4618 = EDGE_LOOP ( 'NONE', ( #3415, #4221, #1345, #2207, #4149 ) ) ;
#4619 = AXIS2_PLACEMENT_3D ( 'NONE', #545, #3059, #1985 ) ;
#4620 = CIRCLE ( 'NONE', #2211, 5.099999999999993427 ) ;
#4621 = ORIENTED_EDGE ( 'NONE', *, *, #4496, .T. ) ;
#4622 = DIRECTION ( 'NONE',  ( 6.162975822039157467E-33, -0.9805806756909202226, -0.1961161351381840168 ) ) ;
#4623 = FACE_OUTER_BOUND ( 'NONE', #3885, .T. ) ;
#4624 =( LENGTH_UNIT ( ) NAMED_UNIT ( * ) SI_UNIT ( .MILLI., .METRE. ) );
#4625 = CARTESIAN_POINT ( 'NONE',  ( 78.00000000000000000, 1255.000000000000227, 42.50000000000004974 ) ) ;
#4626 = ORIENTED_EDGE ( 'NONE', *, *, #2331, .T. ) ;
#4627 = ORIENTED_EDGE ( 'NONE', *, *, #3276, .T. ) ;
#4628 = DIRECTION ( 'NONE',  ( 0.0000000000000000000, 0.0000000000000000000, 1.000000000000000000 ) ) ;
#4629 = CIRCLE ( 'NONE', #885, 2.999999999999988898 ) ;
#4630 = EDGE_CURVE ( 'NONE', #3831, #1264, #3096, .T. ) ;
#4631 = VERTEX_POINT ( 'NONE', #4263 ) ;
#4632 = MECHANICAL_DESIGN_GEOMETRIC_PRESENTATION_REPRESENTATION (  '', ( #2059 ), #1517 ) ;
#4633 = VERTEX_POINT ( 'NONE', #339 ) ;
#4634 = CYLINDRICAL_SURFACE ( 'NONE', #1655, 75.00000000000001421 ) ;
#4635 = LINE ( 'NONE', #450, #2881 ) ;
#4636 = VECTOR ( 'NONE', #1417, 1000.000000000000000 ) ;
#4637 = CARTESIAN_POINT ( 'NONE',  ( -90.00000000000000000, 220.0000000000000284, 7.500000000000013323 ) ) ;
#4638 = DIRECTION ( 'NONE',  ( -0.0000000000000000000, -1.000000000000000000, -0.0000000000000000000 ) ) ;
#4639 = DIRECTION ( 'NONE',  ( 9.244463733058732095E-33, -1.000000000000000000, 1.679848709543502318E-33 ) ) ;
#4640 = VERTEX_POINT ( 'NONE', #2133 ) ;
#4641 = PRESENTATION_STYLE_ASSIGNMENT (( #3305 ) ) ;
#4642 = ORIENTED_EDGE ( 'NONE', *, *, #4251, .F. ) ;
#4643 = EDGE_CURVE ( 'NONE', #1838, #3890, #3275, .T. ) ;
#4644 = CARTESIAN_POINT ( 'NONE',  ( 30.00000000000001421, 20.00000000000000000, 125.0000000000000000 ) ) ;
#4645 = EDGE_CURVE ( 'NONE', #3137, #2139, #188, .T. ) ;
#4646 = FACE_OUTER_BOUND ( 'NONE', #3986, .T. ) ;
#4647 = EDGE_CURVE ( 'NONE', #9, #2020, #2032, .T. ) ;
#4648 = ORIENTED_EDGE ( 'NONE', *, *, #3374, .T. ) ;
#4649 = CIRCLE ( 'NONE', #469, 5.099999999999993427 ) ;
#4650 = SURFACE_SIDE_STYLE ('',( #3008 ) ) ;
#4651 = ORIENTED_EDGE ( 'NONE', *, *, #120, .T. ) ;
#4652 = AXIS2_PLACEMENT_3D ( 'NONE', #41, #1470, #4310 ) ;
#4653 = DIRECTION ( 'NONE',  ( -9.244463733058732095E-33, 1.000000000000000000, 1.679848709543503686E-33 ) ) ;
#4654 = CIRCLE ( 'NONE', #1788, 4.500000000000003553 ) ;
#4655 = AXIS2_PLACEMENT_3D ( 'NONE', #1384, #2807, #817 ) ;
#4656 = CARTESIAN_POINT ( 'NONE',  ( 149.9999999999999716, 20.00000000000000000, -150.0000000000000000 ) ) ;
#4657 = DIRECTION ( 'NONE',  ( -0.0000000000000000000, -1.000000000000000000, -0.0000000000000000000 ) ) ;
#4658 = CARTESIAN_POINT ( 'NONE',  ( 90.00000000000000000, 1300.000000000000000, 90.00000000000000000 ) ) ;
#4659 = DIRECTION ( 'NONE',  ( 0.0000000000000000000, 1.000000000000000000, 0.0000000000000000000 ) ) ;
#4660 = AXIS2_PLACEMENT_3D ( 'NONE', #266, #2784, #621 ) ;
#4661 = DIRECTION ( 'NONE',  ( 0.0000000000000000000, 0.0000000000000000000, 1.000000000000000000 ) ) ;
#4662 = AXIS2_PLACEMENT_3D ( 'NONE', #4073, #482, #4441 ) ;
#4663 = CARTESIAN_POINT ( 'NONE',  ( -124.9999999999999432, 1300.000000000000000, -114.9999999999999574 ) ) ;
#4664 = DIRECTION ( 'NONE',  ( 1.000000000000000000, 0.0000000000000000000, 0.0000000000000000000 ) ) ;
#4665 = EDGE_CURVE ( 'NONE', #2812, #4566, #129, .T. ) ;
#4666 = AXIS2_PLACEMENT_3D ( 'NONE', #1687, #2390, #3839 ) ;
#4667 = CARTESIAN_POINT ( 'NONE',  ( 7.499999999999992006, 20.00000000000001776, -139.9999999999999716 ) ) ;
#4668 = CARTESIAN_POINT ( 'NONE',  ( 150.0000000000000284, 20.00000000000000000, 150.0000000000000000 ) ) ;
#4669 = DIRECTION ( 'NONE',  ( -1.759078375084749961E-34, -1.000000000000000000, -0.0000000000000000000 ) ) ;
#4670 = CIRCLE ( 'NONE', #2691, 3.500000000000003109 ) ;
#4671 = EDGE_LOOP ( 'NONE', ( #312, #2172, #1041, #4396 ) ) ;
#4672 = DIRECTION ( 'NONE',  ( 1.000000000000000000, 0.0000000000000000000, -1.020425574104005355E-16 ) ) ;
#4673 = NEXT_ASSEMBLY_USAGE_OCCURRENCE ( 'NAUO1', ' ', ' ', #3981, #1893, $ ) ;
ENDSEC;
END-ISO-10303-21;
