ISO-10303-21;
HEADER;
FILE_DESCRIPTION (( 'STEP AP214' ),
    '1' );
FILE_NAME ('4GAA0021201010015X.STEP',
    '2021-02-02T12:07:06',
    ( '' ),
    ( '' ),
    'SwSTEP 2.0',
    'SolidWorks 2018',
    '' );
FILE_SCHEMA (( 'AUTOMOTIVE_DESIGN' ));
ENDSEC;

DATA;
#1 =( LENGTH_UNIT ( ) NAMED_UNIT ( * ) SI_UNIT ( .MILLI., .METRE. ) );
#2 = ORIENTED_EDGE ( 'NONE', *, *, #1019, .T. ) ;
#3 = ORIENTED_EDGE ( 'NONE', *, *, #923, .T. ) ;
#4 = AXIS2_PLACEMENT_3D ( 'NONE', #3371, #2271, #3004 ) ;
#5 = CARTESIAN_POINT ( 'NONE',  ( -68.00000000000000000, 1480.000000000000000, 68.00000000000000000 ) ) ;
#6 = CIRCLE ( 'NONE', #4409, 3.400000000000000355 ) ;
#7 =( GEOMETRIC_REPRESENTATION_CONTEXT ( 3 ) GLOBAL_UNCERTAINTY_ASSIGNED_CONTEXT ( ( #4206 ) ) GLOBAL_UNIT_ASSIGNED_CONTEXT ( ( #4435, #2617, #130 ) ) REPRESENTATION_CONTEXT ( 'NONE', 'WORKASPACE' ) );
#9 = ORIENTED_EDGE ( 'NONE', *, *, #532, .T. ) ;
#8 = DIRECTION ( 'NONE',  ( -0.0000000000000000000, 1.000000000000000000, -0.0000000000000000000 ) ) ;
#10 = CARTESIAN_POINT ( 'NONE',  ( 30.00000000000000000, 0.0000000000000000000, -120.5000000000000000 ) ) ;
#11 = LINE ( 'NONE', #2631, #3655 ) ;
#12 = COLOUR_RGB ( '',1.000000000000000000, 1.000000000000000000, 1.000000000000000000 ) ;
#13 = CARTESIAN_POINT ( 'NONE',  ( 70.00000000000000000, 1480.000000000000000, -95.00000000000000000 ) ) ;
#14 = ORIENTED_EDGE ( 'NONE', *, *, #1856, .F. ) ;
#15 = VECTOR ( 'NONE', #982, 1000.000000000000000 ) ;
#16 = VECTOR ( 'NONE', #4557, 1000.000000000000000 ) ;
#17 = CIRCLE ( 'NONE', #4372, 2.999999999999988898 ) ;
#18 = DIRECTION ( 'NONE',  ( 0.0000000000000000000, 0.0000000000000000000, 1.000000000000000000 ) ) ;
#19 = ORIENTED_EDGE ( 'NONE', *, *, #3000, .T. ) ;
#20 =( NAMED_UNIT ( * ) SI_UNIT ( $, .STERADIAN. ) SOLID_ANGLE_UNIT ( ) );
#21 = ADVANCED_FACE ( 'NONE', ( #1207 ), #1974, .F. ) ;
#22 = CYLINDRICAL_SURFACE ( 'NONE', #3633, 7.499999999999992895 ) ;
#23 = VERTEX_POINT ( 'NONE', #3768 ) ;
#24 = FACE_OUTER_BOUND ( 'NONE', #3986, .T. ) ;
#25 = EDGE_CURVE ( 'NONE', #2885, #3616, #379, .T. ) ;
#26 = ORIENTED_EDGE ( 'NONE', *, *, #1354, .F. ) ;
#27 = CYLINDRICAL_SURFACE ( 'NONE', #2773, 2.499999999999946709 ) ;
#28 = PLANE ( 'NONE',  #3117 ) ;
#29 = CIRCLE ( 'NONE', #4481, 3.000000000000002665 ) ;
#30 = LINE ( 'NONE', #3439, #1952 ) ;
#31 = CARTESIAN_POINT ( 'NONE',  ( -124.9999999999999716, 20.00000000000000000, 117.5000000000000142 ) ) ;
#32 = CARTESIAN_POINT ( 'NONE',  ( 30.00000000000000000, 20.00000000000000000, -125.0000000000000000 ) ) ;
#33 = CARTESIAN_POINT ( 'NONE',  ( -70.00000000000000000, 1499.500000000000000, 95.00000000000000000 ) ) ;
#34 = ORIENTED_EDGE ( 'NONE', *, *, #2327, .T. ) ;
#35 = CARTESIAN_POINT ( 'NONE',  ( -110.0000000000000000, 220.0000000000000284, 7.500000000000013323 ) ) ;
#36 = FACE_BOUND ( 'NONE', #2809, .T. ) ;
#37 = AXIS2_PLACEMENT_3D ( 'NONE', #4023, #2193, #1177 ) ;
#38 = CARTESIAN_POINT ( 'NONE',  ( 124.9999999999999716, 20.00000000000000000, 34.49999999999998579 ) ) ;
#39 = SURFACE_SIDE_STYLE ('',( #563 ) ) ;
#40 =( GEOMETRIC_REPRESENTATION_CONTEXT ( 3 ) GLOBAL_UNCERTAINTY_ASSIGNED_CONTEXT ( ( #2781 ) ) GLOBAL_UNIT_ASSIGNED_CONTEXT ( ( #1329, #310, #1733 ) ) REPRESENTATION_CONTEXT ( 'NONE', 'WORKASPACE' ) );
#41 = ORIENTED_EDGE ( 'NONE', *, *, #3158, .F. ) ;
#42 = ADVANCED_FACE ( 'NONE', ( #2036 ), #1539, .F. ) ;
#43 = DIRECTION ( 'NONE',  ( 0.0000000000000000000, 0.0000000000000000000, 1.000000000000000000 ) ) ;
#44 = ORIENTED_EDGE ( 'NONE', *, *, #3632, .F. ) ;
#45 = LINE ( 'NONE', #2024, #1800 ) ;
#46 = EDGE_CURVE ( 'NONE', #4434, #2477, #211, .T. ) ;
#47 = DIRECTION ( 'NONE',  ( 0.0000000000000000000, 0.0000000000000000000, 1.000000000000000000 ) ) ;
#48 = ORIENTED_EDGE ( 'NONE', *, *, #4255, .F. ) ;
#49 = ORIENTED_EDGE ( 'NONE', *, *, #771, .T. ) ;
#50 = CARTESIAN_POINT ( 'NONE',  ( 150.0000000000000000, 20.00000000000000000, 7.500000000000524025 ) ) ;
#51 = EDGE_CURVE ( 'NONE', #1003, #3635, #4095, .T. ) ;
#52 = LINE ( 'NONE', #1649, #3368 ) ;
#53 = ORIENTED_EDGE ( 'NONE', *, *, #2275, .T. ) ;
#54 = DIRECTION ( 'NONE',  ( -1.000000000000000000, -3.851859888774471706E-34, 1.982541115402069301E-16 ) ) ;
#55 = DIRECTION ( 'NONE',  ( 0.0000000000000000000, 0.0000000000000000000, -1.000000000000000000 ) ) ;
#56 = CARTESIAN_POINT ( 'NONE',  ( 124.9999999999999716, 20.00000000000000000, 30.00000000000000000 ) ) ;
#57 = AXIS2_PLACEMENT_3D ( 'NONE', #2154, #3018, #1210 ) ;
#58 = ORIENTED_EDGE ( 'NONE', *, *, #4079, .T. ) ;
#59 = FACE_OUTER_BOUND ( 'NONE', #2931, .T. ) ;
#60 = ADVANCED_FACE ( 'NONE', ( #2898 ), #3071, .F. ) ;
#61 = ORIENTED_EDGE ( 'NONE', *, *, #2844, .F. ) ;
#62 = ORIENTED_EDGE ( 'NONE', *, *, #2502, .T. ) ;
#63 = AXIS2_PLACEMENT_3D ( 'NONE', #3744, #2238, #2292 ) ;
#64 = EDGE_CURVE ( 'NONE', #1588, #1937, #3872, .T. ) ;
#65 = DIRECTION ( 'NONE',  ( 0.0000000000000000000, 0.0000000000000000000, 1.000000000000000000 ) ) ;
#66 = PLANE ( 'NONE',  #4338 ) ;
#67 = VERTEX_POINT ( 'NONE', #1259 ) ;
#68 = VECTOR ( 'NONE', #2282, 1000.000000000000000 ) ;
#69 = DIRECTION ( 'NONE',  ( -0.0000000000000000000, 1.000000000000000000, -0.0000000000000000000 ) ) ;
#70 = VERTEX_POINT ( 'NONE', #1633 ) ;
#71 = CARTESIAN_POINT ( 'NONE',  ( 124.9999999999999716, 20.00000000000000000, -125.0000000000000000 ) ) ;
#72 = ORIENTED_EDGE ( 'NONE', *, *, #369, .F. ) ;
#73 = DIRECTION ( 'NONE',  ( 0.0000000000000000000, -1.000000000000000000, -1.644916297139074910E-33 ) ) ;
#74 = LINE ( 'NONE', #3516, #1176 ) ;
#75 = MECHANICAL_DESIGN_GEOMETRIC_PRESENTATION_REPRESENTATION (  '', ( #2259 ), #1547 ) ;
#76 = ORIENTED_EDGE ( 'NONE', *, *, #1466, .T. ) ;
#77 = EDGE_CURVE ( 'NONE', #4659, #1616, #1923, .T. ) ;
#78 = EDGE_CURVE ( 'NONE', #417, #3089, #874, .T. ) ;
#79 = ORIENTED_EDGE ( 'NONE', *, *, #1587, .T. ) ;
#80 = PLANE ( 'NONE',  #4242 ) ;
#81 =( GEOMETRIC_REPRESENTATION_CONTEXT ( 3 ) GLOBAL_UNCERTAINTY_ASSIGNED_CONTEXT ( ( #4123 ) ) GLOBAL_UNIT_ASSIGNED_CONTEXT ( ( #2811, #363, #647 ) ) REPRESENTATION_CONTEXT ( 'NONE', 'WORKASPACE' ) );
#82 = ORIENTED_EDGE ( 'NONE', *, *, #46, .F. ) ;
#83 = PLANE ( 'NONE',  #2681 ) ;
#84 = DIRECTION ( 'NONE',  ( 0.0000000000000000000, 1.000000000000000000, 1.644916297139074910E-33 ) ) ;
#85 = DIRECTION ( 'NONE',  ( 1.982541115402069301E-16, -1.749782757909710894E-35, 1.000000000000000000 ) ) ;
#86 = ORIENTED_EDGE ( 'NONE', *, *, #999, .F. ) ;
#87 = CARTESIAN_POINT ( 'NONE',  ( 0.0000000000000000000, 20.00000000000000000, 0.0000000000000000000 ) ) ;
#88 = FILL_AREA_STYLE_COLOUR ( '', #12 ) ;
#89 = AXIS2_PLACEMENT_3D ( 'NONE', #1989, #4181, #3450 ) ;
#90 = SURFACE_STYLE_FILL_AREA ( #2602 ) ;
#91 = UNCERTAINTY_MEASURE_WITH_UNIT (LENGTH_MEASURE( 1.000000000000000082E-05 ), #2419, 'distance_accuracy_value', 'NONE');
#92 = ORIENTED_EDGE ( 'NONE', *, *, #1242, .T. ) ;
#93 = DIRECTION ( 'NONE',  ( -1.000000000000000000, -3.851859888774471706E-34, 1.982541115402069301E-16 ) ) ;
#94 = DIRECTION ( 'NONE',  ( 1.850371707708594316E-16, 0.0000000000000000000, 1.000000000000000000 ) ) ;
#95 = ORIENTED_EDGE ( 'NONE', *, *, #2711, .T. ) ;
#96 = DIRECTION ( 'NONE',  ( -0.0000000000000000000, 1.000000000000000000, -0.0000000000000000000 ) ) ;
#97 = DIRECTION ( 'NONE',  ( 3.081487911019577365E-33, 1.540743955509788682E-33, 1.000000000000000000 ) ) ;
#98 = SURFACE_STYLE_USAGE ( .BOTH. , #1507 ) ;
#99 = ORIENTED_EDGE ( 'NONE', *, *, #269, .T. ) ;
#100 = EDGE_CURVE ( 'NONE', #979, #2564, #4604, .T. ) ;
#101 = DIRECTION ( 'NONE',  ( -1.000000000000000000, 0.0000000000000000000, 1.020425574104005848E-16 ) ) ;
#102 = CIRCLE ( 'NONE', #4268, 2.499999999999946709 ) ;
#103 = EDGE_LOOP ( 'NONE', ( #2526, #2666 ) ) ;
#104 = DIRECTION ( 'NONE',  ( -0.7071067811865494601, 0.0000000000000000000, 0.7071067811865456854 ) ) ;
#105 = VECTOR ( 'NONE', #1694, 1000.000000000000000 ) ;
#106 = STYLED_ITEM ( 'NONE', ( #3815 ), #217 ) ;
#107 =( NAMED_UNIT ( * ) PLANE_ANGLE_UNIT ( ) SI_UNIT ( $, .RADIAN. ) );
#108 = ORIENTED_EDGE ( 'NONE', *, *, #520, .F. ) ;
#109 = DIRECTION ( 'NONE',  ( -0.0000000000000000000, 1.000000000000000000, -0.0000000000000000000 ) ) ;
#110 = CARTESIAN_POINT ( 'NONE',  ( -90.00000000000000000, 1500.000000000000000, 90.00000000000000000 ) ) ;
#111 = CARTESIAN_POINT ( 'NONE',  ( 67.99999999999991473, 1480.000000000000000, 77.99999999999995737 ) ) ;
#112 = VECTOR ( 'NONE', #1790, 1000.000000000000000 ) ;
#113 = FACE_OUTER_BOUND ( 'NONE', #2708, .T. ) ;
#114 = ORIENTED_EDGE ( 'NONE', *, *, #3589, .T. ) ;
#115 = VECTOR ( 'NONE', #1021, 1000.000000000000114 ) ;
#116 = ORIENTED_EDGE ( 'NONE', *, *, #4233, .F. ) ;
#117 = SURFACE_SIDE_STYLE ('',( #2094 ) ) ;
#118 = VECTOR ( 'NONE', #1439, 1000.000000000000000 ) ;
#119 = ORIENTED_EDGE ( 'NONE', *, *, #2415, .T. ) ;
#120 = EDGE_LOOP ( 'NONE', ( #61, #2330, #1506, #4021 ) ) ;
#121 = CARTESIAN_POINT ( 'NONE',  ( 7.499999999999978684, 0.0000000000000000000, -150.0000000000000000 ) ) ;
#122 = ORIENTED_EDGE ( 'NONE', *, *, #2356, .F. ) ;
#123 = LINE ( 'NONE', #38, #2399 ) ;
#124 = EDGE_CURVE ( 'NONE', #1509, #4640, #1650, .T. ) ;
#125 = FILL_AREA_STYLE ('',( #4418 ) ) ;
#126 = ORIENTED_EDGE ( 'NONE', *, *, #1001, .T. ) ;
#127 = CIRCLE ( 'NONE', #3428, 5.099999999999993427 ) ;
#128 = ORIENTED_EDGE ( 'NONE', *, *, #1031, .T. ) ;
#129 = LINE ( 'NONE', #455, #3847 ) ;
#130 =( NAMED_UNIT ( * ) SI_UNIT ( $, .STERADIAN. ) SOLID_ANGLE_UNIT ( ) );
#131 = DIRECTION ( 'NONE',  ( 6.033820786006285224E-17, -4.465924508724024472E-33, 1.000000000000000000 ) ) ;
#132 = EDGE_CURVE ( 'NONE', #3512, #1626, #52, .T. ) ;
#133 = DIRECTION ( 'NONE',  ( 1.000000000000000000, 0.0000000000000000000, -1.982541115402068561E-16 ) ) ;
#134 = AXIS2_PLACEMENT_3D ( 'NONE', #4664, #1030, #1014 ) ;
#135 = ADVANCED_FACE ( 'NONE', ( #2953 ), #3092, .F. ) ;
#136 =( NAMED_UNIT ( * ) PLANE_ANGLE_UNIT ( ) SI_UNIT ( $, .RADIAN. ) );
#137 = CARTESIAN_POINT ( 'NONE',  ( 125.0000000000000568, 1500.000000000000000, 115.0000000000000142 ) ) ;
#138 = LINE ( 'NONE', #1256, #3103 ) ;
#139 = ORIENTED_EDGE ( 'NONE', *, *, #2356, .T. ) ;
#140 = EDGE_CURVE ( 'NONE', #415, #2068, #3757, .T. ) ;
#141 = EDGE_CURVE ( 'NONE', #1925, #313, #2670, .T. ) ;
#142 = CARTESIAN_POINT ( 'NONE',  ( 69.99999999999985789, 20.00000000000000355, -90.00000000000000000 ) ) ;
#143 = AXIS2_PLACEMENT_3D ( 'NONE', #1145, #3630, #2916 ) ;
#144 = CARTESIAN_POINT ( 'NONE',  ( -78.00000000000000000, 1480.000000000000000, -67.99999999999991473 ) ) ;
#145 = VERTEX_POINT ( 'NONE', #288 ) ;
#146 = CARTESIAN_POINT ( 'NONE',  ( 125.0000000000000568, 1500.000000000000000, -114.9999999999999858 ) ) ;
#147 = UNCERTAINTY_MEASURE_WITH_UNIT (LENGTH_MEASURE( 1.000000000000000082E-05 ), #3351, 'distance_accuracy_value', 'NONE');
#148 = ORIENTED_EDGE ( 'NONE', *, *, #1157, .F. ) ;
#149 = LINE ( 'NONE', #4421, #4427 ) ;
#150 = CARTESIAN_POINT ( 'NONE',  ( 68.00000000000000000, 1480.000000000000000, 67.99999999999995737 ) ) ;
#151 = MECHANICAL_DESIGN_GEOMETRIC_PRESENTATION_REPRESENTATION (  '', ( #797 ), #461 ) ;
#152 = AXIS2_PLACEMENT_3D ( 'NONE', #1526, #1560, #1200 ) ;
#153 = ORIENTED_EDGE ( 'NONE', *, *, #297, .F. ) ;
#154 = CARTESIAN_POINT ( 'NONE',  ( 124.9999999999999716, 20.00000000000000000, 125.0000000000000000 ) ) ;
#155 = ADVANCED_FACE ( 'NONE', ( #4549 ), #1709, .F. ) ;
#156 = DIRECTION ( 'NONE',  ( 1.000000000000000000, 0.0000000000000000000, -0.0000000000000000000 ) ) ;
#157 = PRESENTATION_STYLE_ASSIGNMENT (( #2620 ) ) ;
#158 = ORIENTED_EDGE ( 'NONE', *, *, #336, .T. ) ;
#159 = CARTESIAN_POINT ( 'NONE',  ( 69.99999999999998579, 1480.000000000000000, 69.99999999999998579 ) ) ;
#160 = DIRECTION ( 'NONE',  ( -1.850371707708594316E-16, -0.0000000000000000000, -1.000000000000000000 ) ) ;
#161 = DIRECTION ( 'NONE',  ( 0.0000000000000000000, 0.0000000000000000000, -1.000000000000000000 ) ) ;
#162 = LINE ( 'NONE', #1681, #3705 ) ;
#163 = VERTEX_POINT ( 'NONE', #4191 ) ;
#164 = CARTESIAN_POINT ( 'NONE',  ( -69.99999999999985789, 1480.000000000000000, 90.00000000000000000 ) ) ;
#165 = ORIENTED_EDGE ( 'NONE', *, *, #4018, .T. ) ;
#166 = LINE ( 'NONE', #2543, #3876 ) ;
#167 = FILL_AREA_STYLE ('',( #1921 ) ) ;
#168 = FACE_OUTER_BOUND ( 'NONE', #1243, .T. ) ;
#169 = ORIENTED_EDGE ( 'NONE', *, *, #4622, .T. ) ;
#170 = VERTEX_POINT ( 'NONE', #1005 ) ;
#171 = LINE ( 'NONE', #3963, #437 ) ;
#172 = FILL_AREA_STYLE_COLOUR ( '', #3386 ) ;
#173 = DIRECTION ( 'NONE',  ( -0.0000000000000000000, 1.000000000000000000, -0.0000000000000000000 ) ) ;
#174 = VERTEX_POINT ( 'NONE', #1311 ) ;
#175 = VECTOR ( 'NONE', #4200, 1000.000000000000114 ) ;
#176 = DIRECTION ( 'NONE',  ( 0.0000000000000000000, 0.0000000000000000000, 1.000000000000000000 ) ) ;
#177 = FACE_OUTER_BOUND ( 'NONE', #3882, .T. ) ;
#178 = PRESENTATION_STYLE_ASSIGNMENT (( #2426 ) ) ;
#179 = ADVANCED_FACE ( 'NONE', ( #2098 ), #254, .T. ) ;
#180 = ORIENTED_EDGE ( 'NONE', *, *, #3517, .T. ) ;
#181 = SURFACE_SIDE_STYLE ('',( #2701 ) ) ;
#182 = ORIENTED_EDGE ( 'NONE', *, *, #312, .F. ) ;
#183 = ORIENTED_EDGE ( 'NONE', *, *, #1236, .T. ) ;
#184 = LINE ( 'NONE', #1819, #1071 ) ;
#185 = PRODUCT_DEFINITION_CONTEXT ( 'detailed design', #1698, 'design' ) ;
#186 = LINE ( 'NONE', #3397, #3729 ) ;
#187 = DIRECTION ( 'NONE',  ( -0.0000000000000000000, 1.000000000000000000, -0.0000000000000000000 ) ) ;
#188 = CARTESIAN_POINT ( 'NONE',  ( -90.00000000000000000, 1500.000000000000000, 95.09999999999999432 ) ) ;
#189 = FACE_OUTER_BOUND ( 'NONE', #3123, .T. ) ;
#190 = EDGE_LOOP ( 'NONE', ( #1086, #2283, #943, #1294 ) ) ;
#191 = EDGE_CURVE ( 'NONE', #4205, #3143, #2788, .T. ) ;
#192 = PLANE ( 'NONE',  #2449 ) ;
#193 = ORIENTED_EDGE ( 'NONE', *, *, #2944, .T. ) ;
#194 = DIRECTION ( 'NONE',  ( -0.0000000000000000000, -1.000000000000000000, -0.0000000000000000000 ) ) ;
#195 = PLANE ( 'NONE',  #3859 ) ;
#197 = CARTESIAN_POINT ( 'NONE',  ( -90.00000000000000000, 20.00000000000001776, 7.500000000000013323 ) ) ;
#196 = VECTOR ( 'NONE', #2712, 1000.000000000000000 ) ;
#198 = MECHANICAL_DESIGN_GEOMETRIC_PRESENTATION_REPRESENTATION (  '', ( #2521 ), #851 ) ;
#199 = ORIENTED_EDGE ( 'NONE', *, *, #3982, .F. ) ;
#200 =( NAMED_UNIT ( * ) PLANE_ANGLE_UNIT ( ) SI_UNIT ( $, .RADIAN. ) );
#201 = PLANE ( 'NONE',  #517 ) ;
#202 = CARTESIAN_POINT ( 'NONE',  ( 0.0000000000000000000, 20.00000000000000000, 0.0000000000000000000 ) ) ;
#203 = EDGE_LOOP ( 'NONE', ( #235, #3234 ) ) ;
#204 = FILL_AREA_STYLE ('',( #4169 ) ) ;
#205 = AXIS2_PLACEMENT_3D ( 'NONE', #967, #3048, #3100 ) ;
#206 = DIRECTION ( 'NONE',  ( 0.0000000000000000000, 3.081487911019577365E-33, 1.000000000000000000 ) ) ;
#207 = ORIENTED_EDGE ( 'NONE', *, *, #4079, .F. ) ;
#208 = EDGE_CURVE ( 'NONE', #3383, #3205, #162, .T. ) ;
#209 = ORIENTED_EDGE ( 'NONE', *, *, #530, .F. ) ;
#210 = EDGE_CURVE ( 'NONE', #3758, #2570, #1760, .T. ) ;
#211 = LINE ( 'NONE', #3790, #4036 ) ;
#212 = ORIENTED_EDGE ( 'NONE', *, *, #2612, .F. ) ;
#213 = DIRECTION ( 'NONE',  ( -0.0000000000000000000, -1.000000000000000000, -0.0000000000000000000 ) ) ;
#214 = DIRECTION ( 'NONE',  ( -0.0000000000000000000, 1.000000000000000000, -0.0000000000000000000 ) ) ;
#215 = DIRECTION ( 'NONE',  ( 0.7071067811865475727, 0.0000000000000000000, 0.7071067811865475727 ) ) ;
#216 = AXIS2_PLACEMENT_3D ( 'NONE', #3289, #742, #1476 ) ;
#217 = ADVANCED_FACE ( 'NONE', ( #1809 ), #2268, .F. ) ;
#218 = LINE ( 'NONE', #4315, #3879 ) ;
#219 = ORIENTED_EDGE ( 'NONE', *, *, #1307, .T. ) ;
#220 = EDGE_CURVE ( 'NONE', #145, #3003, #480, .T. ) ;
#221 = CIRCLE ( 'NONE', #3945, 5.099999999999993427 ) ;
#222 = DIRECTION ( 'NONE',  ( -0.0000000000000000000, 1.000000000000000000, -0.0000000000000000000 ) ) ;
#223 = CARTESIAN_POINT ( 'NONE',  ( 69.99999999999998579, 1480.000000000000000, 69.99999999999998579 ) ) ;
#224 = EDGE_LOOP ( 'NONE', ( #2743, #2930, #2892, #3716 ) ) ;
#225 = PRESENTATION_STYLE_ASSIGNMENT (( #977 ) ) ;
#226 = LINE ( 'NONE', #3399, #3556 ) ;
#227 = ORIENTED_EDGE ( 'NONE', *, *, #2445, .T. ) ;
#228 = FACE_BOUND ( 'NONE', #1415, .T. ) ;
#229 = EDGE_LOOP ( 'NONE', ( #3503, #3017, #1836, #256, #44, #1993, #2302, #1850 ) ) ;
#230 = ORIENTED_EDGE ( 'NONE', *, *, #512, .T. ) ;
#231 = DIRECTION ( 'NONE',  ( -0.7071067811865484609, 0.0000000000000000000, 0.7071067811865465735 ) ) ;
#232 = FILL_AREA_STYLE_COLOUR ( '', #892 ) ;
#233 = ORIENTED_EDGE ( 'NONE', *, *, #4548, .T. ) ;
#234 = SURFACE_STYLE_FILL_AREA ( #3132 ) ;
#235 = ORIENTED_EDGE ( 'NONE', *, *, #2612, .T. ) ;
#236 = VECTOR ( 'NONE', #678, 1000.000000000000000 ) ;
#237 = PRESENTATION_LAYER_ASSIGNMENT (  '', '', ( #797 ) ) ;
#238 = FACE_BOUND ( 'NONE', #1079, .T. ) ;
#239 = SURFACE_SIDE_STYLE ('',( #1559 ) ) ;
#240 = CARTESIAN_POINT ( 'NONE',  ( 90.00000000000000000, 1455.000000000000000, 42.50000000000004974 ) ) ;
#241 = CYLINDRICAL_SURFACE ( 'NONE', #1087, 7.500000000000007105 ) ;
#242 = ADVANCED_FACE ( 'NONE', ( #1437 ), #3188, .F. ) ;
#243 = CYLINDRICAL_SURFACE ( 'NONE', #3290, 3.400000000000000355 ) ;
#244 = CARTESIAN_POINT ( 'NONE',  ( -7.500000000000000000, 0.0000000000000000000, -150.0000000000000284 ) ) ;
#245 = CARTESIAN_POINT ( 'NONE',  ( 150.0000000000000284, 0.0000000000000000000, 139.9999999999999716 ) ) ;
#246 = CARTESIAN_POINT ( 'NONE',  ( 90.00000000000000000, 1480.000000000000000, 69.99999999999982947 ) ) ;
#247 = EDGE_CURVE ( 'NONE', #4659, #3085, #1859, .T. ) ;
#248 = CARTESIAN_POINT ( 'NONE',  ( 142.5000000000000568, 20.00000000000000000, 4.975360907851466735E-13 ) ) ;
#249 = EDGE_LOOP ( 'NONE', ( #2730, #987, #966, #984, #2826 ) ) ;
#250 = CARTESIAN_POINT ( 'NONE',  ( -7.500000000001047162, -0.001000000000001000089, 149.9999999999999716 ) ) ;
#251 = CARTESIAN_POINT ( 'NONE',  ( -90.00000000000000000, 1480.000000000000000, 90.00000000000000000 ) ) ;
#252 =( GEOMETRIC_REPRESENTATION_CONTEXT ( 3 ) GLOBAL_UNCERTAINTY_ASSIGNED_CONTEXT ( ( #2569 ) ) GLOBAL_UNIT_ASSIGNED_CONTEXT ( ( #1787, #3595, #2447 ) ) REPRESENTATION_CONTEXT ( 'NONE', 'WORKASPACE' ) );
#253 = ORIENTED_EDGE ( 'NONE', *, *, #848, .T. ) ;
#254 = PLANE ( 'NONE',  #2485 ) ;
#255 = CIRCLE ( 'NONE', #2994, 3.400000000000000355 ) ;
#256 = ORIENTED_EDGE ( 'NONE', *, *, #2364, .F. ) ;
#257 = DIRECTION ( 'NONE',  ( -0.0000000000000000000, 1.000000000000000000, -0.0000000000000000000 ) ) ;
#258 = AXIS2_PLACEMENT_3D ( 'NONE', #472, #4468, #1907 ) ;
#259 = DIRECTION ( 'NONE',  ( 0.7071067811865470176, -5.233641528945913114E-17, 0.7071067811865480168 ) ) ;
#260 = VECTOR ( 'NONE', #2332, 1000.000000000000000 ) ;
#261 = ADVANCED_FACE ( 'NONE', ( #1980 ), #2837, .F. ) ;
#262 = ORIENTED_EDGE ( 'NONE', *, *, #3006, .T. ) ;
#263 = AXIS2_PLACEMENT_3D ( 'NONE', #2081, #4614, #644 ) ;
#264 = DIRECTION ( 'NONE',  ( 3.081487911019577365E-33, 1.540743955509788682E-33, 1.000000000000000000 ) ) ;
#265 = VECTOR ( 'NONE', #2049, 1000.000000000000000 ) ;
#266 = ORIENTED_EDGE ( 'NONE', *, *, #617, .T. ) ;
#267 = DIRECTION ( 'NONE',  ( 1.000000000000000000, 0.0000000000000000000, -1.850371707708594316E-16 ) ) ;
#268 = ORIENTED_EDGE ( 'NONE', *, *, #2481, .F. ) ;
#269 = EDGE_CURVE ( 'NONE', #1600, #3816, #704, .T. ) ;
#270 = CARTESIAN_POINT ( 'NONE',  ( 149.9999999999999716, 0.0000000000000000000, -150.0000000000000000 ) ) ;
#271 = VECTOR ( 'NONE', #2817, 1000.000000000000000 ) ;
#272 = FILL_AREA_STYLE ('',( #637 ) ) ;
#273 = ORIENTED_EDGE ( 'NONE', *, *, #1671, .F. ) ;
#274 = CARTESIAN_POINT ( 'NONE',  ( -90.00000000000000000, 1480.000000000000000, 69.99999999999985789 ) ) ;
#275 = DIRECTION ( 'NONE',  ( 0.0000000000000000000, 0.0000000000000000000, 1.000000000000000000 ) ) ;
#276 = DIRECTION ( 'NONE',  ( 0.0000000000000000000, 1.000000000000000000, 0.0000000000000000000 ) ) ;
#277 = EDGE_CURVE ( 'NONE', #3996, #4284, #3537, .T. ) ;
#278 = EDGE_LOOP ( 'NONE', ( #750, #207, #183, #165 ) ) ;
#279 = AXIS2_PLACEMENT_3D ( 'NONE', #3709, #1885, #3382 ) ;
#280 = PLANE ( 'NONE',  #490 ) ;
#281 = DIRECTION ( 'NONE',  ( -1.982541115402069054E-16, 1.749782757909690046E-35, -1.000000000000000000 ) ) ;
#282 = CARTESIAN_POINT ( 'NONE',  ( -124.9999999999999716, 0.0000000000000000000, 30.00000000000000000 ) ) ;
#283 = AXIS2_PLACEMENT_3D ( 'NONE', #3544, #3200, #1400 ) ;
#284 = EDGE_LOOP ( 'NONE', ( #180, #2692 ) ) ;
#285 = EDGE_LOOP ( 'NONE', ( #3207, #3303, #3189, #4129 ) ) ;
#286 = MANIFOLD_SOLID_BREP ( 'Gusset4', #4356 ) ;
#287 = ORIENTED_EDGE ( 'NONE', *, *, #4529, .F. ) ;
#288 = CARTESIAN_POINT ( 'NONE',  ( -70.00000000000000000, 1500.000000000000000, 91.50000000000000000 ) ) ;
#289 = ADVANCED_FACE ( 'NONE', ( #1534 ), #698, .F. ) ;
#290 = FACE_OUTER_BOUND ( 'NONE', #323, .T. ) ;
#291 = FACE_BOUND ( 'NONE', #3028, .T. ) ;
#292 = FACE_OUTER_BOUND ( 'NONE', #4075, .T. ) ;
#293 = DIRECTION ( 'NONE',  ( 0.0000000000000000000, 0.0000000000000000000, 1.000000000000000000 ) ) ;
#294 = CARTESIAN_POINT ( 'NONE',  ( 7.500000000000000000, 20.00000000000003197, -89.99999999999998579 ) ) ;
#295 = FILL_AREA_STYLE_COLOUR ( '', #4002 ) ;
#296 = AXIS2_PLACEMENT_3D ( 'NONE', #1699, #2372, #2384 ) ;
#297 = EDGE_CURVE ( 'NONE', #2339, #1015, #1596, .T. ) ;
#298 = VERTEX_POINT ( 'NONE', #1508 ) ;
#299 = SURFACE_STYLE_USAGE ( .BOTH. , #2424 ) ;
#300 = DIRECTION ( 'NONE',  ( 0.0000000000000000000, 0.0000000000000000000, 1.000000000000000000 ) ) ;
#301 = DIRECTION ( 'NONE',  ( -0.0000000000000000000, 1.000000000000000000, -0.0000000000000000000 ) ) ;
#302 =( LENGTH_UNIT ( ) NAMED_UNIT ( * ) SI_UNIT ( .MILLI., .METRE. ) );
#303 = DIRECTION ( 'NONE',  ( 0.0000000000000000000, 0.0000000000000000000, 1.000000000000000000 ) ) ;
#304 = ORIENTED_EDGE ( 'NONE', *, *, #530, .T. ) ;
#305 = FILL_AREA_STYLE ('',( #1727 ) ) ;
#306 = AXIS2_PLACEMENT_3D ( 'NONE', #202, #2285, #176 ) ;
#307 = ORIENTED_EDGE ( 'NONE', *, *, #3314, .F. ) ;
#308 = AXIS2_PLACEMENT_3D ( 'NONE', #728, #774, #1806 ) ;
#309 = DIRECTION ( 'NONE',  ( 0.0000000000000000000, 1.000000000000000000, 0.0000000000000000000 ) ) ;
#310 =( NAMED_UNIT ( * ) PLANE_ANGLE_UNIT ( ) SI_UNIT ( $, .RADIAN. ) );
#311 = CARTESIAN_POINT ( 'NONE',  ( -124.9999999999999716, 0.0000000000000000000, -30.00000000000000000 ) ) ;
#312 = EDGE_CURVE ( 'NONE', #2738, #2477, #3701, .T. ) ;
#313 = VERTEX_POINT ( 'NONE', #2143 ) ;
#314 = ADVANCED_FACE ( 'NONE', ( #1146 ), #2132, .F. ) ;
#315 = CARTESIAN_POINT ( 'NONE',  ( -7.500000000001047162, 20.00000000000000000, 149.9999999999999716 ) ) ;
#316 = DIRECTION ( 'NONE',  ( -7.401486830834376525E-17, -1.000000000000000000, -0.0000000000000000000 ) ) ;
#317 = CARTESIAN_POINT ( 'NONE',  ( 68.00000000000000000, 1480.000000000000000, 67.99999999999995737 ) ) ;
#318 = AXIS2_PLACEMENT_3D ( 'NONE', #4266, #4645, #664 ) ;
#319 = CARTESIAN_POINT ( 'NONE',  ( -140.0000000000000000, 20.00000000000000000, -150.0000000000000000 ) ) ;
#320 = CARTESIAN_POINT ( 'NONE',  ( 78.00000000000000000, 1415.000000000000000, 45.00000000000000000 ) ) ;
#321 = EDGE_LOOP ( 'NONE', ( #2076, #2913, #2479, #927 ) ) ;
#322 = DIRECTION ( 'NONE',  ( 1.000000000000000000, -0.0000000000000000000, -0.0000000000000000000 ) ) ;
#323 = EDGE_LOOP ( 'NONE', ( #1249, #3286, #1746, #2397 ) ) ;
#324 = AXIS2_PLACEMENT_3D ( 'NONE', #159, #1900, #2263 ) ;
#325 = DIRECTION ( 'NONE',  ( 0.0000000000000000000, 0.0000000000000000000, 1.000000000000000000 ) ) ;
#326 = ORIENTED_EDGE ( 'NONE', *, *, #3181, .F. ) ;
#327 = DIRECTION ( 'NONE',  ( 0.0000000000000000000, 0.0000000000000000000, 1.000000000000000000 ) ) ;
#328 = DIRECTION ( 'NONE',  ( 0.0000000000000000000, 0.0000000000000000000, 1.000000000000000000 ) ) ;
#329 = DIRECTION ( 'NONE',  ( -0.0000000000000000000, -1.000000000000000000, -0.0000000000000000000 ) ) ;
#330 = FACE_OUTER_BOUND ( 'NONE', #2855, .T. ) ;
#331 = DIRECTION ( 'NONE',  ( -1.000000000000000000, 0.0000000000000000000, 1.020425574104005848E-16 ) ) ;
#332 = ORIENTED_EDGE ( 'NONE', *, *, #3518, .F. ) ;
#333 = DIRECTION ( 'NONE',  ( 0.0000000000000000000, 0.0000000000000000000, 1.000000000000000000 ) ) ;
#334 = ADVANCED_FACE ( 'NONE', ( #4433 ), #4373, .F. ) ;
#335 = LINE ( 'NONE', #3219, #271 ) ;
#336 = EDGE_CURVE ( 'NONE', #1541, #3484, #4493, .T. ) ;
#337 = ORIENTED_EDGE ( 'NONE', *, *, #4140, .F. ) ;
#338 = LINE ( 'NONE', #2779, #2112 ) ;
#339 = CARTESIAN_POINT ( 'NONE',  ( 115.0000000000000711, 1480.000000000000000, 125.0000000000000000 ) ) ;
#340 = VERTEX_POINT ( 'NONE', #2573 ) ;
#341 = DIRECTION ( 'NONE',  ( 0.0000000000000000000, 0.0000000000000000000, 1.000000000000000000 ) ) ;
#342 = VERTEX_POINT ( 'NONE', #4328 ) ;
#343 = AXIS2_PLACEMENT_3D ( 'NONE', #2413, #4536, #2398 ) ;
#344 = CARTESIAN_POINT ( 'NONE',  ( -124.9999999999999716, 20.00000000000000000, 33.39999999999999858 ) ) ;
#345 = DIRECTION ( 'NONE',  ( 0.0000000000000000000, 1.000000000000000000, 0.0000000000000000000 ) ) ;
#347 = VERTEX_POINT ( 'NONE', #3255 ) ;
#346 = DIRECTION ( 'NONE',  ( -0.0000000000000000000, 1.000000000000000000, -0.0000000000000000000 ) ) ;
#348 = VECTOR ( 'NONE', #4050, 1000.000000000000000 ) ;
#349 = ORIENTED_EDGE ( 'NONE', *, *, #3458, .T. ) ;
#350 = CIRCLE ( 'NONE', #511, 4.499999999999990230 ) ;
#351 = LINE ( 'NONE', #4485, #3456 ) ;
#352 = EDGE_LOOP ( 'NONE', ( #3406, #3838, #4026, #1724 ) ) ;
#353 = CIRCLE ( 'NONE', #3520, 2.499999999999946709 ) ;
#354 = CARTESIAN_POINT ( 'NONE',  ( 90.00000000000000000, 1415.000000000000000, -42.50000000000004974 ) ) ;
#355 = CARTESIAN_POINT ( 'NONE',  ( 78.00000000000000000, 1415.000000000000000, 42.50000000000004974 ) ) ;
#356 = ORIENTED_EDGE ( 'NONE', *, *, #1135, .T. ) ;
#357 = AXIS2_PLACEMENT_3D ( 'NONE', #110, #4051, #1504 ) ;
#358 = EDGE_CURVE ( 'NONE', #463, #2698, #646, .T. ) ;
#359 = DIRECTION ( 'NONE',  ( -0.0000000000000000000, 1.000000000000000000, -0.0000000000000000000 ) ) ;
#360 = DIRECTION ( 'NONE',  ( 0.0000000000000000000, 0.0000000000000000000, 1.000000000000000000 ) ) ;
#361 = EDGE_CURVE ( 'NONE', #3693, #4103, #1488, .T. ) ;
#362 = ORIENTED_EDGE ( 'NONE', *, *, #3457, .T. ) ;
#363 =( NAMED_UNIT ( * ) PLANE_ANGLE_UNIT ( ) SI_UNIT ( $, .RADIAN. ) );
#364 = AXIS2_PLACEMENT_3D ( 'NONE', #3050, #2657, #2688 ) ;
#365 = ORIENTED_EDGE ( 'NONE', *, *, #4140, .T. ) ;
#366 = DIRECTION ( 'NONE',  ( -0.0000000000000000000, -1.000000000000000000, -0.0000000000000000000 ) ) ;
#367 = VECTOR ( 'NONE', #3078, 1000.000000000000000 ) ;
#368 = MANIFOLD_SOLID_BREP ( 'Gusset3', #2070 ) ;
#369 = EDGE_CURVE ( 'NONE', #912, #3383, #3592, .T. ) ;
#370 = ORIENTED_EDGE ( 'NONE', *, *, #1498, .F. ) ;
#371 = CARTESIAN_POINT ( 'NONE',  ( -78.00000000000000000, 1480.000000000000000, -67.99999999999991473 ) ) ;
#372 = DIRECTION ( 'NONE',  ( -0.0000000000000000000, 1.000000000000000000, -0.0000000000000000000 ) ) ;
#373 = FACE_OUTER_BOUND ( 'NONE', #4049, .T. ) ;
#374 = DIRECTION ( 'NONE',  ( -0.0000000000000000000, 1.000000000000000000, -0.0000000000000000000 ) ) ;
#375 = MECHANICAL_DESIGN_GEOMETRIC_PRESENTATION_REPRESENTATION (  '', ( #4084 ), #2279 ) ;
#376 = EDGE_LOOP ( 'NONE', ( #1742, #953 ) ) ;
#377 = CARTESIAN_POINT ( 'NONE',  ( -29.99999999999998579, 20.00000000000000000, 125.0000000000000284 ) ) ;
#378 = ADVANCED_FACE ( 'NONE', ( #3426 ), #2519, .F. ) ;
#379 = LINE ( 'NONE', #3044, #1150 ) ;
#380 = VERTEX_POINT ( 'NONE', #1851 ) ;
#381 = AXIS2_PLACEMENT_3D ( 'NONE', #3229, #2102, #1745 ) ;
#382 = DIRECTION ( 'NONE',  ( 0.0000000000000000000, 0.0000000000000000000, 1.000000000000000000 ) ) ;
#384 = ORIENTED_EDGE ( 'NONE', *, *, #2914, .T. ) ;
#383 = CARTESIAN_POINT ( 'NONE',  ( -142.5000000000000568, 20.00000000000000000, -1.492608272355440021E-12 ) ) ;
#385 = VECTOR ( 'NONE', #2100, 1000.000000000000000 ) ;
#386 = CARTESIAN_POINT ( 'NONE',  ( -67.99999999999991473, 1480.000000000000000, 78.00000000000000000 ) ) ;
#387 = EDGE_LOOP ( 'NONE', ( #253, #1403, #1193, #99 ) ) ;
#388 = FILL_AREA_STYLE_COLOUR ( '', #4245 ) ;
#389 = DIRECTION ( 'NONE',  ( 0.7071067811865489050, 0.0000000000000000000, 0.7071067811865461294 ) ) ;
#390 = ORIENTED_EDGE ( 'NONE', *, *, #1032, .T. ) ;
#391 = DIRECTION ( 'NONE',  ( -0.0000000000000000000, 1.000000000000000000, -0.0000000000000000000 ) ) ;
#392 = VECTOR ( 'NONE', #3250, 1000.000000000000000 ) ;
#393 = EDGE_LOOP ( 'NONE', ( #4280, #1623 ) ) ;
#394 = ORIENTED_EDGE ( 'NONE', *, *, #3262, .T. ) ;
#395 = CARTESIAN_POINT ( 'NONE',  ( 90.00000000000000000, 1500.000000000000000, -84.90000000000000568 ) ) ;
#396 = ORIENTED_EDGE ( 'NONE', *, *, #3689, .F. ) ;
#397 = PRESENTATION_STYLE_ASSIGNMENT (( #1861 ) ) ;
#398 = FACE_BOUND ( 'NONE', #3538, .T. ) ;
#399 = LINE ( 'NONE', #4088, #616 ) ;
#400 = CARTESIAN_POINT ( 'NONE',  ( -7.499999999999994671, 220.0000000000000284, 109.9999999999999858 ) ) ;
#401 = SURFACE_SIDE_STYLE ('',( #1196 ) ) ;
#402 = DIRECTION ( 'NONE',  ( -1.000000000000000000, -1.932701039895096239E-34, -3.081487911019576681E-33 ) ) ;
#403 = CARTESIAN_POINT ( 'NONE',  ( 90.00000000000000000, 19.99999999999998934, 7.499999999999985789 ) ) ;
#404 = ORIENTED_EDGE ( 'NONE', *, *, #4219, .F. ) ;
#405 = CARTESIAN_POINT ( 'NONE',  ( -124.9999999999999716, 20.00000000000000000, -30.00000000000000000 ) ) ;
#406 = VERTEX_POINT ( 'NONE', #808 ) ;
#407 = CARTESIAN_POINT ( 'NONE',  ( 124.9999999999999716, 20.00000000000000000, 30.00000000000000000 ) ) ;
#408 = CARTESIAN_POINT ( 'NONE',  ( 90.00000000000000000, 1500.000000000000000, -90.00000000000000000 ) ) ;
#409 = DIRECTION ( 'NONE',  ( 0.0000000000000000000, 1.000000000000000000, 0.0000000000000000000 ) ) ;
#410 = CARTESIAN_POINT ( 'NONE',  ( 77.99999999999998579, 1415.000000000000000, -47.49999999999994316 ) ) ;
#411 = ORIENTED_EDGE ( 'NONE', *, *, #2115, .T. ) ;
#412 = EDGE_CURVE ( 'NONE', #583, #1716, #4404, .T. ) ;
#413 = EDGE_CURVE ( 'NONE', #2834, #1797, #3567, .T. ) ;
#414 = DIRECTION ( 'NONE',  ( 0.0000000000000000000, -1.000000000000000000, 0.0000000000000000000 ) ) ;
#415 = VERTEX_POINT ( 'NONE', #2236 ) ;
#416 = CARTESIAN_POINT ( 'NONE',  ( -67.99999999999991473, 1480.000000000000000, 78.00000000000000000 ) ) ;
#417 = VERTEX_POINT ( 'NONE', #2270 ) ;
#418 = DIRECTION ( 'NONE',  ( -0.0000000000000000000, 1.000000000000000000, -0.0000000000000000000 ) ) ;
#419 = DIRECTION ( 'NONE',  ( -1.932701039895096239E-34, -1.000000000000000000, -1.540743955509788340E-33 ) ) ;
#420 = ORIENTED_EDGE ( 'NONE', *, *, #1586, .F. ) ;
#421 = PRESENTATION_LAYER_ASSIGNMENT (  '', '', ( #1561 ) ) ;
#422 = DIRECTION ( 'NONE',  ( -4.386237095914525535E-66, -3.081487911019577365E-33, -1.000000000000000000 ) ) ;
#423 = CARTESIAN_POINT ( 'NONE',  ( 110.0000000000000000, 220.0000000000000568, -7.500000000000013323 ) ) ;
#424 =( NAMED_UNIT ( * ) PLANE_ANGLE_UNIT ( ) SI_UNIT ( $, .RADIAN. ) );
#425 = ORIENTED_EDGE ( 'NONE', *, *, #2058, .F. ) ;
#426 = VERTEX_POINT ( 'NONE', #446 ) ;
#427 = DIRECTION ( 'NONE',  ( 0.0000000000000000000, 1.000000000000000000, 0.0000000000000000000 ) ) ;
#428 = ORIENTED_EDGE ( 'NONE', *, *, #506, .F. ) ;
#429 = PRODUCT_RELATED_PRODUCT_CATEGORY ( 'part', '', ( #2423 ) ) ;
#430 = PLANE ( 'NONE',  #4479 ) ;
#431 = CIRCLE ( 'NONE', #1718, 62.50000000000000000 ) ;
#432 = EDGE_CURVE ( 'NONE', #3029, #2568, #554, .T. ) ;
#433 = CARTESIAN_POINT ( 'NONE',  ( 77.99999999999998579, 1415.000000000000000, -45.00000000000000000 ) ) ;
#434 = PRESENTATION_STYLE_ASSIGNMENT (( #4632 ) ) ;
#435 = VERTEX_POINT ( 'NONE', #1891 ) ;
#436 = ORIENTED_EDGE ( 'NONE', *, *, #1377, .T. ) ;
#437 = VECTOR ( 'NONE', #8, 1000.000000000000000 ) ;
#438 = DIRECTION ( 'NONE',  ( -0.0000000000000000000, 1.000000000000000000, -0.0000000000000000000 ) ) ;
#439 = VERTEX_POINT ( 'NONE', #3407 ) ;
#440 = EDGE_CURVE ( 'NONE', #1659, #3671, #669, .T. ) ;
#441 = ORIENTED_EDGE ( 'NONE', *, *, #4379, .T. ) ;
#442 = ORIENTED_EDGE ( 'NONE', *, *, #1416, .T. ) ;
#443 = CIRCLE ( 'NONE', #2877, 2.499999999999946709 ) ;
#444 = AXIS2_PLACEMENT_3D ( 'NONE', #4132, #3404, #1206 ) ;
#445 = LINE ( 'NONE', #659, #1889 ) ;
#446 = CARTESIAN_POINT ( 'NONE',  ( -69.99999999999985789, 1480.000000000000000, -89.99999999999997158 ) ) ;
#447 = VERTEX_POINT ( 'NONE', #2991 ) ;
#448 = VECTOR ( 'NONE', #3906, 1000.000000000000000 ) ;
#449 = PRESENTATION_STYLE_ASSIGNMENT (( #3634 ) ) ;
#450 = EDGE_CURVE ( 'NONE', #1198, #3361, #1838, .T. ) ;
#451 = EDGE_CURVE ( 'NONE', #2967, #2660, #3455, .T. ) ;
#452 = EDGE_LOOP ( 'NONE', ( #4299, #384, #1946, #2724 ) ) ;
#453 = CARTESIAN_POINT ( 'NONE',  ( -140.0000000000000000, 20.00000000000001776, -7.499999999999985789 ) ) ;
#454 = DIRECTION ( 'NONE',  ( 0.0000000000000000000, 0.0000000000000000000, 1.000000000000000000 ) ) ;
#455 = CARTESIAN_POINT ( 'NONE',  ( 7.500000000000000000, 220.0000000000000284, 90.00000000000000000 ) ) ;
#456 = ORIENTED_EDGE ( 'NONE', *, *, #4234, .F. ) ;
#457 = DIRECTION ( 'NONE',  ( 0.0000000000000000000, 0.0000000000000000000, 1.000000000000000000 ) ) ;
#458 = CARTESIAN_POINT ( 'NONE',  ( -140.0000000000000000, 20.00000000000001776, 7.500000000000013323 ) ) ;
#459 = AXIS2_PLACEMENT_3D ( 'NONE', #1647, #222, #922 ) ;
#460 =( LENGTH_UNIT ( ) NAMED_UNIT ( * ) SI_UNIT ( .MILLI., .METRE. ) );
#461 =( GEOMETRIC_REPRESENTATION_CONTEXT ( 3 ) GLOBAL_UNCERTAINTY_ASSIGNED_CONTEXT ( ( #3717 ) ) GLOBAL_UNIT_ASSIGNED_CONTEXT ( ( #2383, #568, #914 ) ) REPRESENTATION_CONTEXT ( 'NONE', 'WORKASPACE' ) );
#462 = PRODUCT_DEFINITION_CONTEXT ( 'detailed design', #603, 'design' ) ;
#463 = VERTEX_POINT ( 'NONE', #3339 ) ;
#464 = DIRECTION ( 'NONE',  ( -0.0000000000000000000, 1.000000000000000000, -0.0000000000000000000 ) ) ;
#465 = DIRECTION ( 'NONE',  ( -0.0000000000000000000, 1.000000000000000000, 0.0000000000000000000 ) ) ;
#466 = ADVANCED_FACE ( 'NONE', ( #1625 ), #2606, .F. ) ;
#467 = CARTESIAN_POINT ( 'NONE',  ( 90.00000000000000000, 1480.000000000000000, -84.90000000000000568 ) ) ;
#468 = CONICAL_SURFACE ( 'NONE', #3499, 3.500000000000003109, 0.7853981633975037902 ) ;
#469 = CARTESIAN_POINT ( 'NONE',  ( 140.0000000000000000, 0.0000000000000000000, -150.0000000000000000 ) ) ;
#470 = CARTESIAN_POINT ( 'NONE',  ( 7.500000000000000000, 20.00000000000003197, -89.99999999999998579 ) ) ;
#471 = ORIENTED_EDGE ( 'NONE', *, *, #3359, .T. ) ;
#472 = CARTESIAN_POINT ( 'NONE',  ( -68.00000000000000000, 1480.000000000000000, -67.99999999999998579 ) ) ;
#473 = EDGE_CURVE ( 'NONE', #3112, #2738, #2065, .T. ) ;
#474 = CYLINDRICAL_SURFACE ( 'NONE', #3236, 19.99999999999999645 ) ;
#475 = UNCERTAINTY_MEASURE_WITH_UNIT (LENGTH_MEASURE( 1.000000000000000082E-05 ), #1083, 'distance_accuracy_value', 'NONE');
#476 = CARTESIAN_POINT ( 'NONE',  ( -7.500000000000000000, -0.001000000000001000089, -150.0000000000000284 ) ) ;
#477 = ORIENTED_EDGE ( 'NONE', *, *, #25, .F. ) ;
#478 = CIRCLE ( 'NONE', #3658, 7.499999999999992895 ) ;
#480 = CIRCLE ( 'NONE', #1818, 3.500000000000003109 ) ;
#479 = CARTESIAN_POINT ( 'NONE',  ( -140.0000000000000000, 20.00000000000000000, 150.0000000000000000 ) ) ;
#481 = DIRECTION ( 'NONE',  ( 1.000000000000000000, -0.0000000000000000000, -0.0000000000000000000 ) ) ;
#482 = ORIENTED_EDGE ( 'NONE', *, *, #3828, .T. ) ;
#483 = VERTEX_POINT ( 'NONE', #4077 ) ;
#484 = FACE_OUTER_BOUND ( 'NONE', #2042, .T. ) ;
#485 = SURFACE_SIDE_STYLE ('',( #753 ) ) ;
#486 =( GEOMETRIC_REPRESENTATION_CONTEXT ( 3 ) GLOBAL_UNCERTAINTY_ASSIGNED_CONTEXT ( ( #2134 ) ) GLOBAL_UNIT_ASSIGNED_CONTEXT ( ( #2303, #1999, #4522 ) ) REPRESENTATION_CONTEXT ( 'NONE', 'WORKASPACE' ) );
#487 = ORIENTED_EDGE ( 'NONE', *, *, #3414, .F. ) ;
#488 = VECTOR ( 'NONE', #1772, 1000.000000000000000 ) ;
#489 = ORIENTED_EDGE ( 'NONE', *, *, #2273, .F. ) ;
#490 = AXIS2_PLACEMENT_3D ( 'NONE', #2803, #2786, #3151 ) ;
#491 = DIRECTION ( 'NONE',  ( -0.0000000000000000000, 1.000000000000000000, -0.0000000000000000000 ) ) ;
#492 = VERTEX_POINT ( 'NONE', #2253 ) ;
#493 = DIRECTION ( 'NONE',  ( 1.982541115402069054E-16, 1.663451729555224426E-36, 1.000000000000000000 ) ) ;
#494 = DIRECTION ( 'NONE',  ( -0.0000000000000000000, 1.000000000000000000, -0.0000000000000000000 ) ) ;
#495 = ORIENTED_EDGE ( 'NONE', *, *, #1646, .T. ) ;
#496 = ORIENTED_EDGE ( 'NONE', *, *, #651, .F. ) ;
#497 = CIRCLE ( 'NONE', #37, 4.500000000000003553 ) ;
#498 = CARTESIAN_POINT ( 'NONE',  ( 125.0000000000000568, 1480.000000000000000, 115.0000000000000142 ) ) ;
#499 = DIRECTION ( 'NONE',  ( 1.000000000000000000, 0.0000000000000000000, -3.061276722312015942E-16 ) ) ;
#500 = CARTESIAN_POINT ( 'NONE',  ( 90.00000000000000000, 19.99999999999998934, -7.500000000000013323 ) ) ;
#501 = CYLINDRICAL_SURFACE ( 'NONE', #3110, 9.999999999999994671 ) ;
#502 = CARTESIAN_POINT ( 'NONE',  ( 150.0000000000000000, 0.0000000000000000000, 7.500000000000524025 ) ) ;
#503 = DIRECTION ( 'NONE',  ( 1.020425574104005848E-16, 0.0000000000000000000, 1.000000000000000000 ) ) ;
#504 = EDGE_LOOP ( 'NONE', ( #4097, #2881 ) ) ;
#505 = EDGE_CURVE ( 'NONE', #3391, #3861, #2646, .T. ) ;
#506 = EDGE_CURVE ( 'NONE', #380, #2540, #907, .T. ) ;
#507 = ADVANCED_FACE ( 'NONE', ( #189 ), #3277, .F. ) ;
#508 = FACE_BOUND ( 'NONE', #4287, .T. ) ;
#509 =( GEOMETRIC_REPRESENTATION_CONTEXT ( 3 ) GLOBAL_UNCERTAINTY_ASSIGNED_CONTEXT ( ( #3495 ) ) GLOBAL_UNIT_ASSIGNED_CONTEXT ( ( #2799, #3164, #1739 ) ) REPRESENTATION_CONTEXT ( 'NONE', 'WORKASPACE' ) );
#510 = ORIENTED_EDGE ( 'NONE', *, *, #691, .F. ) ;
#511 = AXIS2_PLACEMENT_3D ( 'NONE', #709, #2847, #740 ) ;
#512 = EDGE_CURVE ( 'NONE', #447, #1289, #3899, .T. ) ;
#513 = CARTESIAN_POINT ( 'NONE',  ( 124.9999999999999716, 0.0000000000000000000, 34.49999999999998579 ) ) ;
#514 = ORIENTED_EDGE ( 'NONE', *, *, #3683, .T. ) ;
#515 = FACE_OUTER_BOUND ( 'NONE', #3134, .T. ) ;
#516 = DIRECTION ( 'NONE',  ( 0.0000000000000000000, 0.0000000000000000000, 1.000000000000000000 ) ) ;
#517 = AXIS2_PLACEMENT_3D ( 'NONE', #559, #3806, #4163 ) ;
#518 = ORIENTED_EDGE ( 'NONE', *, *, #450, .T. ) ;
#519 = CARTESIAN_POINT ( 'NONE',  ( -69.99999999999998579, 1480.000000000000000, 69.99999999999998579 ) ) ;
#520 = EDGE_CURVE ( 'NONE', #4474, #417, #399, .T. ) ;
#521 = CARTESIAN_POINT ( 'NONE',  ( 77.99999999999998579, 1455.000000000000000, -45.00000000000000000 ) ) ;
#522 = ORIENTED_EDGE ( 'NONE', *, *, #100, .T. ) ;
#523 = VECTOR ( 'NONE', #73, 1000.000000000000000 ) ;
#524 = ORIENTED_EDGE ( 'NONE', *, *, #1864, .T. ) ;
#525 = CARTESIAN_POINT ( 'NONE',  ( 30.00000000000000000, 20.00000000000000000, -125.0000000000000000 ) ) ;
#526 = DIRECTION ( 'NONE',  ( -0.0000000000000000000, -1.000000000000000000, -0.0000000000000000000 ) ) ;
#527 = VECTOR ( 'NONE', #1871, 1000.000000000000227 ) ;
#528 = ADVANCED_FACE ( 'NONE', ( #1572 ), #1898, .F. ) ;
#529 = ORIENTED_EDGE ( 'NONE', *, *, #3654, .F. ) ;
#530 = EDGE_CURVE ( 'NONE', #3861, #3080, #2759, .T. ) ;
#531 = STYLED_ITEM ( 'NONE', ( #1827 ), #3301 ) ;
#532 = EDGE_CURVE ( 'NONE', #435, #3009, #4237, .T. ) ;
#533 = VERTEX_POINT ( 'NONE', #2289 ) ;
#534 = ORIENTED_EDGE ( 'NONE', *, *, #2180, .F. ) ;
#535 = PLANE ( 'NONE',  #2337 ) ;
#536 = LINE ( 'NONE', #319, #3308 ) ;
#537 = CARTESIAN_POINT ( 'NONE',  ( -149.9999999999999716, 0.0000000000000000000, 150.0000000000000000 ) ) ;
#538 = ORIENTED_EDGE ( 'NONE', *, *, #3933, .T. ) ;
#539 = VECTOR ( 'NONE', #1525, 1000.000000000000000 ) ;
#540 = DIRECTION ( 'NONE',  ( -0.0000000000000000000, 1.000000000000000000, -0.0000000000000000000 ) ) ;
#541 = ORIENTED_EDGE ( 'NONE', *, *, #432, .T. ) ;
#542 = DIRECTION ( 'NONE',  ( -0.0000000000000000000, 1.000000000000000000, -0.0000000000000000000 ) ) ;
#543 = ORIENTED_EDGE ( 'NONE', *, *, #3780, .F. ) ;
#544 = CIRCLE ( 'NONE', #1981, 7.500000000000007105 ) ;
#545 = LINE ( 'NONE', #4377, #2691 ) ;
#546 = AXIS2_PLACEMENT_3D ( 'NONE', #525, #2985, #3047 ) ;
#547 = VERTEX_POINT ( 'NONE', #4502 ) ;
#548 = CARTESIAN_POINT ( 'NONE',  ( 149.9999999999999716, 0.0000000000000000000, 7.500000000000436984 ) ) ;
#549 = ORIENTED_EDGE ( 'NONE', *, *, #505, .T. ) ;
#550 = EDGE_LOOP ( 'NONE', ( #3949, #1914, #524, #4228 ) ) ;
#551 = FACE_OUTER_BOUND ( 'NONE', #1869, .T. ) ;
#552 = ORIENTED_EDGE ( 'NONE', *, *, #2829, .F. ) ;
#553 = FACE_BOUND ( 'NONE', #203, .T. ) ;
#554 = LINE ( 'NONE', #2215, #1732 ) ;
#555 = VECTOR ( 'NONE', #2971, 1000.000000000000000 ) ;
#556 = CARTESIAN_POINT ( 'NONE',  ( -140.0000000000000000, 20.00000000000000000, 150.0000000000000000 ) ) ;
#557 = ORIENTED_EDGE ( 'NONE', *, *, #2251, .F. ) ;
#558 = CARTESIAN_POINT ( 'NONE',  ( 7.500000000000000000, 0.0000000000000000000, -150.0000000000000284 ) ) ;
#559 = CARTESIAN_POINT ( 'NONE',  ( 142.5000000000000568, -0.001000000000001000089, 4.975360907851466735E-13 ) ) ;
#560 = ORIENTED_EDGE ( 'NONE', *, *, #450, .F. ) ;
#561 = CARTESIAN_POINT ( 'NONE',  ( -29.99999999999998579, 20.00000000000000000, 125.0000000000000284 ) ) ;
#563 = SURFACE_STYLE_FILL_AREA ( #3296 ) ;
#562 = DIRECTION ( 'NONE',  ( 0.7071067811865455743, -0.0000000000000000000, 0.7071067811865493491 ) ) ;
#564 = DIRECTION ( 'NONE',  ( 0.7071067811865484609, -0.0000000000000000000, 0.7071067811865465735 ) ) ;
#565 = DIRECTION ( 'NONE',  ( 0.0000000000000000000, 0.0000000000000000000, 1.000000000000000000 ) ) ;
#566 = PRESENTATION_STYLE_ASSIGNMENT (( #98 ) ) ;
#567 = ORIENTED_EDGE ( 'NONE', *, *, #577, .F. ) ;
#568 =( NAMED_UNIT ( * ) PLANE_ANGLE_UNIT ( ) SI_UNIT ( $, .RADIAN. ) );
#569 = CARTESIAN_POINT ( 'NONE',  ( 70.00000000000000000, 1500.000000000000000, -98.50000000000000000 ) ) ;
#570 = CARTESIAN_POINT ( 'NONE',  ( -30.00000000000001421, 20.00000000000000000, -121.5999999999999943 ) ) ;
#571 = ADVANCED_FACE ( 'NONE', ( #2577 ), #1462, .F. ) ;
#572 = LINE ( 'NONE', #4358, #3694 ) ;
#573 = CARTESIAN_POINT ( 'NONE',  ( 30.00000000000000000, 20.00000000000000000, -120.5000000000000000 ) ) ;
#574 = AXIS2_PLACEMENT_3D ( 'NONE', #2281, #2987, #853 ) ;
#575 = CARTESIAN_POINT ( 'NONE',  ( 150.0000000000000284, 20.00000000000000000, 150.0000000000000000 ) ) ;
#576 = DIRECTION ( 'NONE',  ( -0.0000000000000000000, -1.000000000000000000, -0.0000000000000000000 ) ) ;
#577 = EDGE_CURVE ( 'NONE', #947, #961, #3332, .T. ) ;
#578 = CARTESIAN_POINT ( 'NONE',  ( -150.0000000000000284, 20.00000000000000000, -150.0000000000000000 ) ) ;
#579 = SURFACE_STYLE_FILL_AREA ( #3583 ) ;
#580 = ORIENTED_EDGE ( 'NONE', *, *, #1148, .T. ) ;
#581 = AXIS2_PLACEMENT_3D ( 'NONE', #4302, #1056, #3576 ) ;
#582 =( NAMED_UNIT ( * ) PLANE_ANGLE_UNIT ( ) SI_UNIT ( $, .RADIAN. ) );
#583 = VERTEX_POINT ( 'NONE', #548 ) ;
#584 = DIRECTION ( 'NONE',  ( 0.0000000000000000000, 0.0000000000000000000, -1.000000000000000000 ) ) ;
#585 = ORIENTED_EDGE ( 'NONE', *, *, #1314, .T. ) ;
#586 = DIRECTION ( 'NONE',  ( -0.7071067811865490160, -0.0000000000000000000, 0.7071067811865460184 ) ) ;
#587 = EDGE_CURVE ( 'NONE', #3220, #3022, #3398, .T. ) ;
#588 = CIRCLE ( 'NONE', #3558, 3.400000000000000355 ) ;
#589 = CARTESIAN_POINT ( 'NONE',  ( -7.500000000000005329, 220.0000000000000284, -109.9999999999999858 ) ) ;
#590 = LINE ( 'NONE', #2297, #2331 ) ;
#591 = ORIENTED_EDGE ( 'NONE', *, *, #3689, .T. ) ;
#592 = AXIS2_PLACEMENT_3D ( 'NONE', #3748, #1257, #4092 ) ;
#593 = FACE_OUTER_BOUND ( 'NONE', #3412, .T. ) ;
#594 = LINE ( 'NONE', #2757, #3449 ) ;
#595 = DIRECTION ( 'NONE',  ( -0.0000000000000000000, 1.000000000000000000, -0.0000000000000000000 ) ) ;
#596 = AXIS2_PLACEMENT_3D ( 'NONE', #4259, #1339, #656 ) ;
#597 = ADVANCED_FACE ( 'NONE', ( #4577 ), #501, .F. ) ;
#598 = ORIENTED_EDGE ( 'NONE', *, *, #3088, .T. ) ;
#599 = ORIENTED_EDGE ( 'NONE', *, *, #1023, .F. ) ;
#600 = LINE ( 'NONE', #1916, #1888 ) ;
#601 = FACE_OUTER_BOUND ( 'NONE', #3603, .T. ) ;
#602 = DIRECTION ( 'NONE',  ( 0.0000000000000000000, 0.0000000000000000000, -1.000000000000000000 ) ) ;
#603 = APPLICATION_CONTEXT ( 'automotive_design' ) ;
#604 = DIRECTION ( 'NONE',  ( 0.0000000000000000000, 0.0000000000000000000, 1.000000000000000000 ) ) ;
#605 = VERTEX_POINT ( 'NONE', #1272 ) ;
#606 = SURFACE_STYLE_USAGE ( .BOTH. , #640 ) ;
#607 = ORIENTED_EDGE ( 'NONE', *, *, #4406, .F. ) ;
#608 = AXIS2_PLACEMENT_3D ( 'NONE', #3867, #2420, #968 ) ;
#609 = CIRCLE ( 'NONE', #2032, 7.500000000000007105 ) ;
#610 = VERTEX_POINT ( 'NONE', #573 ) ;
#611 =( GEOMETRIC_REPRESENTATION_CONTEXT ( 3 ) GLOBAL_UNCERTAINTY_ASSIGNED_CONTEXT ( ( #1309 ) ) GLOBAL_UNIT_ASSIGNED_CONTEXT ( ( #2323, #200, #2705 ) ) REPRESENTATION_CONTEXT ( 'NONE', 'WORKASPACE' ) );
#612 = CARTESIAN_POINT ( 'NONE',  ( 124.9999999999999716, 0.0000000000000000000, 125.0000000000000000 ) ) ;
#613 = VECTOR ( 'NONE', #3756, 1000.000000000000000 ) ;
#614 = DIRECTION ( 'NONE',  ( -0.0000000000000000000, 1.000000000000000000, -0.0000000000000000000 ) ) ;
#615 = FACE_BOUND ( 'NONE', #103, .T. ) ;
#616 = VECTOR ( 'NONE', #1599, 1000.000000000000000 ) ;
#617 = EDGE_CURVE ( 'NONE', #4608, #3702, #3792, .T. ) ;
#618 = UNCERTAINTY_MEASURE_WITH_UNIT (LENGTH_MEASURE( 1.000000000000000082E-05 ), #1924, 'distance_accuracy_value', 'NONE');
#619 = FACE_BOUND ( 'NONE', #2958, .T. ) ;
#620 = ORIENTED_EDGE ( 'NONE', *, *, #4316, .F. ) ;
#621 = DIRECTION ( 'NONE',  ( -1.850371707708594316E-16, -0.0000000000000000000, -1.000000000000000000 ) ) ;
#622 = APPLICATION_CONTEXT ( 'automotive_design' ) ;
#623 = DIRECTION ( 'NONE',  ( -0.0000000000000000000, 1.000000000000000000, -0.0000000000000000000 ) ) ;
#624 = EDGE_CURVE ( 'NONE', #1523, #912, #4350, .T. ) ;
#625 = CARTESIAN_POINT ( 'NONE',  ( -90.00000000000000000, 20.00000000000001776, 7.500000000000013323 ) ) ;
#626 = ORIENTED_EDGE ( 'NONE', *, *, #4147, .F. ) ;
#627 = EDGE_CURVE ( 'NONE', #859, #1945, #3626, .T. ) ;
#628 = ADVANCED_FACE ( 'NONE', ( #2175 ), #3823, .T. ) ;
#629 = DIRECTION ( 'NONE',  ( 0.0000000000000000000, 0.0000000000000000000, -1.000000000000000000 ) ) ;
#630 = ORIENTED_EDGE ( 'NONE', *, *, #124, .F. ) ;
#631 = CARTESIAN_POINT ( 'NONE',  ( -114.9999999999999574, 1480.000000000000000, 125.0000000000000000 ) ) ;
#632 = CARTESIAN_POINT ( 'NONE',  ( 78.00000000000000000, 1455.000000000000000, 45.00000000000000000 ) ) ;
#633 = VERTEX_POINT ( 'NONE', #1617 ) ;
#634 = CARTESIAN_POINT ( 'NONE',  ( -67.99999999999991473, 1480.000000000000000, -77.99999999999998579 ) ) ;
#635 = CIRCLE ( 'NONE', #2661, 75.00000000000001421 ) ;
#636 = AXIS2_PLACEMENT_3D ( 'NONE', #2995, #2188, #1524 ) ;
#637 = FILL_AREA_STYLE_COLOUR ( '', #1373 ) ;
#638 = CARTESIAN_POINT ( 'NONE',  ( 30.00000000000001421, 20.00000000000000000, 125.0000000000000000 ) ) ;
#639 = SHAPE_REPRESENTATION_RELATIONSHIP ( 'NONE' , 'NONE' ,  #4061, #3783 ) ;
#640 = SURFACE_SIDE_STYLE ('',( #3144 ) ) ;
#641 = ORIENTED_EDGE ( 'NONE', *, *, #1995, .F. ) ;
#642 = DIRECTION ( 'NONE',  ( 0.0000000000000000000, 0.0000000000000000000, 1.000000000000000000 ) ) ;
#643 = PRODUCT_DEFINITION ( 'UNKNOWN', '', #673, #185 ) ;
#644 = DIRECTION ( 'NONE',  ( 0.0000000000000000000, -1.644916297139074910E-33, -1.000000000000000000 ) ) ;
#645 = CARTESIAN_POINT ( 'NONE',  ( 90.00000000000000000, 1480.000000000000000, 95.09999999999999432 ) ) ;
#646 = LINE ( 'NONE', #1450, #3124 ) ;
#647 =( NAMED_UNIT ( * ) SI_UNIT ( $, .STERADIAN. ) SOLID_ANGLE_UNIT ( ) );
#648 = ADVANCED_FACE ( 'NONE', ( #1350 ), #1688, .F. ) ;
#649 = EDGE_LOOP ( 'NONE', ( #1221, #1826 ) ) ;
#650 = EDGE_LOOP ( 'NONE', ( #700, #2313 ) ) ;
#651 = EDGE_CURVE ( 'NONE', #3389, #2540, #3155, .T. ) ;
#652 = VECTOR ( 'NONE', #3660, 1000.000000000000000 ) ;
#653 = ORIENTED_EDGE ( 'NONE', *, *, #2516, .F. ) ;
#654 = DIRECTION ( 'NONE',  ( 0.0000000000000000000, 1.000000000000000000, 0.0000000000000000000 ) ) ;
#655 = VECTOR ( 'NONE', #2534, 1000.000000000000000 ) ;
#656 = DIRECTION ( 'NONE',  ( 0.0000000000000000000, 0.0000000000000000000, 1.000000000000000000 ) ) ;
#657 = ORIENTED_EDGE ( 'NONE', *, *, #690, .F. ) ;
#658 = LINE ( 'NONE', #4117, #4388 ) ;
#659 = CARTESIAN_POINT ( 'NONE',  ( -90.00000000000000000, 1500.000000000000000, 84.90000000000000568 ) ) ;
#660 = PRESENTATION_STYLE_ASSIGNMENT (( #2359 ) ) ;
#661 = LINE ( 'NONE', #1877, #2216 ) ;
#662 = ORIENTED_EDGE ( 'NONE', *, *, #3763, .T. ) ;
#663 = ORIENTED_EDGE ( 'NONE', *, *, #3007, .T. ) ;
#664 = DIRECTION ( 'NONE',  ( 0.0000000000000000000, 0.0000000000000000000, -1.000000000000000000 ) ) ;
#665 = LINE ( 'NONE', #2311, #3615 ) ;
#666 = ORIENTED_EDGE ( 'NONE', *, *, #4406, .T. ) ;
#667 = VECTOR ( 'NONE', #464, 1000.000000000000000 ) ;
#668 = DIRECTION ( 'NONE',  ( -0.0000000000000000000, 1.000000000000000000, -0.0000000000000000000 ) ) ;
#669 = LINE ( 'NONE', #4410, #791 ) ;
#670 = DIRECTION ( 'NONE',  ( 8.326672684688671588E-17, -1.000000000000000000, 1.222278229712028964E-17 ) ) ;
#671 = DIRECTION ( 'NONE',  ( 1.982541115402069054E-16, 1.663451729555224426E-36, 1.000000000000000000 ) ) ;
#672 = CARTESIAN_POINT ( 'NONE',  ( 78.00000000000000000, 1455.000000000000000, 47.49999999999994316 ) ) ;
#673 = PRODUCT_DEFINITION_FORMATION_WITH_SPECIFIED_SOURCE ( 'ANY', '', #2459, .NOT_KNOWN. ) ;
#674 = ADVANCED_FACE ( 'NONE', ( #292 ), #2029, .F. ) ;
#675 = EDGE_CURVE ( 'NONE', #3427, #435, #1833, .T. ) ;
#676 = ORIENTED_EDGE ( 'NONE', *, *, #3983, .T. ) ;
#677 = DIRECTION ( 'NONE',  ( 0.0000000000000000000, 0.0000000000000000000, -1.000000000000000000 ) ) ;
#678 = DIRECTION ( 'NONE',  ( -0.0000000000000000000, -1.000000000000000000, -0.0000000000000000000 ) ) ;
#679 = DIRECTION ( 'NONE',  ( 0.0000000000000000000, 1.000000000000000000, 0.0000000000000000000 ) ) ;
#680 = DIRECTION ( 'NONE',  ( 0.0000000000000000000, 0.0000000000000000000, -1.000000000000000000 ) ) ;
#681 = LINE ( 'NONE', #3809, #1363 ) ;
#682 = ORIENTED_EDGE ( 'NONE', *, *, #208, .F. ) ;
#683 = CARTESIAN_POINT ( 'NONE',  ( 90.00000000000000000, 1415.000000000000000, -47.49999999999994316 ) ) ;
#684 = CARTESIAN_POINT ( 'NONE',  ( -69.99999999999998579, 20.00000000000000355, 69.99999999999998579 ) ) ;
#685 = AXIS2_PLACEMENT_3D ( 'NONE', #1584, #526, #2669 ) ;
#686 = AXIS2_PLACEMENT_3D ( 'NONE', #2554, #1078, #1088 ) ;
#687 = CARTESIAN_POINT ( 'NONE',  ( 125.0000000000000568, 1500.000000000000000, -114.9999999999999858 ) ) ;
#688 = DIRECTION ( 'NONE',  ( 0.0000000000000000000, -3.081487911019577365E-33, -1.000000000000000000 ) ) ;
#689 = CARTESIAN_POINT ( 'NONE',  ( -67.99999999999991473, 1480.000000000000000, -77.99999999999998579 ) ) ;
#690 = EDGE_CURVE ( 'NONE', #3197, #533, #1226, .T. ) ;
#691 = EDGE_CURVE ( 'NONE', #298, #3856, #1457, .T. ) ;
#692 = EDGE_LOOP ( 'NONE', ( #1977, #2630, #230, #4138 ) ) ;
#693 = DIRECTION ( 'NONE',  ( -0.0000000000000000000, 1.000000000000000000, -0.0000000000000000000 ) ) ;
#694 = CARTESIAN_POINT ( 'NONE',  ( 124.9999999999999716, 20.00000000000000000, -132.5000000000000000 ) ) ;
#695 = ORIENTED_EDGE ( 'NONE', *, *, #2975, .T. ) ;
#696 = FACE_OUTER_BOUND ( 'NONE', #4423, .T. ) ;
#697 = VECTOR ( 'NONE', #3609, 1000.000000000000114 ) ;
#698 = PLANE ( 'NONE',  #1233 ) ;
#699 = ADVANCED_FACE ( 'NONE', ( #4005 ), #2388, .F. ) ;
#700 = ORIENTED_EDGE ( 'NONE', *, *, #4343, .F. ) ;
#701 = CIRCLE ( 'NONE', #2069, 5.099999999999993427 ) ;
#702 = AXIS2_PLACEMENT_3D ( 'NONE', #3826, #4124, #206 ) ;
#703 = DIRECTION ( 'NONE',  ( -0.7071067811865390240, -0.0000000000000000000, -0.7071067811865561215 ) ) ;
#704 = LINE ( 'NONE', #1082, #815 ) ;
#705 = ORIENTED_EDGE ( 'NONE', *, *, #2601, .F. ) ;
#706 = MECHANICAL_DESIGN_GEOMETRIC_PRESENTATION_REPRESENTATION (  '', ( #4186 ), #1429 ) ;
#707 = UNCERTAINTY_MEASURE_WITH_UNIT (LENGTH_MEASURE( 1.000000000000000082E-05 ), #2746, 'distance_accuracy_value', 'NONE');
#708 = EDGE_LOOP ( 'NONE', ( #737, #1548, #4618, #1319, #1562, #119, #2623, #2187 ) ) ;
#709 = CARTESIAN_POINT ( 'NONE',  ( 124.9999999999999716, 0.0000000000000000000, 30.00000000000000000 ) ) ;
#710 = CARTESIAN_POINT ( 'NONE',  ( 69.99999999999985789, 1480.000000000000000, -90.00000000000000000 ) ) ;
#711 = VERTEX_POINT ( 'NONE', #2822 ) ;
#712 = VECTOR ( 'NONE', #2470, 1000.000000000000000 ) ;
#713 = CIRCLE ( 'NONE', #2932, 3.500000000000003109 ) ;
#714 = ORIENTED_EDGE ( 'NONE', *, *, #2203, .T. ) ;
#715 = LINE ( 'NONE', #2707, #3019 ) ;
#716 = CIRCLE ( 'NONE', #152, 7.500000000000007105 ) ;
#717 = CARTESIAN_POINT ( 'NONE',  ( 140.0000000000000000, 19.99999999999998934, -7.500000000000013323 ) ) ;
#718 = LINE ( 'NONE', #3176, #488 ) ;
#719 = CARTESIAN_POINT ( 'NONE',  ( -124.9999999999999432, 1480.000000000000000, 115.0000000000000426 ) ) ;
#720 = VERTEX_POINT ( 'NONE', #998 ) ;
#721 = LINE ( 'NONE', #4383, #3500 ) ;
#722 = COLOUR_RGB ( '',1.000000000000000000, 1.000000000000000000, 1.000000000000000000 ) ;
#723 = LINE ( 'NONE', #3547, #4450 ) ;
#724 = AXIS2_PLACEMENT_3D ( 'NONE', #4042, #104, #3305 ) ;
#725 = CARTESIAN_POINT ( 'NONE',  ( 124.9999999999999716, 0.0000000000000000000, 125.0000000000000000 ) ) ;
#726 = EDGE_LOOP ( 'NONE', ( #3971, #1215, #1225, #370 ) ) ;
#727 = ORIENTED_EDGE ( 'NONE', *, *, #1785, .T. ) ;
#728 = CARTESIAN_POINT ( 'NONE',  ( -90.00000000000000000, 1480.000000000000000, -69.99999999999982947 ) ) ;
#729 = ORIENTED_EDGE ( 'NONE', *, *, #4016, .T. ) ;
#730 = FACE_OUTER_BOUND ( 'NONE', #4444, .T. ) ;
#731 = ORIENTED_EDGE ( 'NONE', *, *, #2861, .F. ) ;
#732 = AXIS2_PLACEMENT_3D ( 'NONE', #2709, #1953, #919 ) ;
#733 = CARTESIAN_POINT ( 'NONE',  ( 62.49999999999997868, 1480.000000000000000, 0.0000000000000000000 ) ) ;
#734 = EDGE_LOOP ( 'NONE', ( #2239, #3642, #1802, #2954 ) ) ;
#735 = CARTESIAN_POINT ( 'NONE',  ( 90.00000000000000000, 19.99999999999998934, -7.500000000000013323 ) ) ;
#736 = DIRECTION ( 'NONE',  ( 0.0000000000000000000, 0.0000000000000000000, 1.000000000000000000 ) ) ;
#737 = ORIENTED_EDGE ( 'NONE', *, *, #822, .T. ) ;
#738 = AXIS2_PLACEMENT_3D ( 'NONE', #1840, #2552, #770 ) ;
#739 = FACE_BOUND ( 'NONE', #1456, .T. ) ;
#740 = DIRECTION ( 'NONE',  ( 0.0000000000000000000, 0.0000000000000000000, 1.000000000000000000 ) ) ;
#741 = FILL_AREA_STYLE_COLOUR ( '', #1975 ) ;
#742 = DIRECTION ( 'NONE',  ( -1.000000000000000000, 0.0000000000000000000, 1.020425574104005848E-16 ) ) ;
#743 = EDGE_CURVE ( 'NONE', #4605, #2964, #2123, .T. ) ;
#744 = ORIENTED_EDGE ( 'NONE', *, *, #3805, .F. ) ;
#745 = FILL_AREA_STYLE ('',( #2897 ) ) ;
#746 = ORIENTED_EDGE ( 'NONE', *, *, #587, .F. ) ;
#747 = DIRECTION ( 'NONE',  ( 1.982541115402069794E-16, -0.0000000000000000000, 1.000000000000000000 ) ) ;
#748 = CARTESIAN_POINT ( 'NONE',  ( -124.9999999999999716, 20.00000000000000000, 132.5000000000000000 ) ) ;
#749 = EDGE_CURVE ( 'NONE', #2885, #347, #1949, .T. ) ;
#750 = ORIENTED_EDGE ( 'NONE', *, *, #1117, .F. ) ;
#751 = DIRECTION ( 'NONE',  ( -0.0000000000000000000, -1.000000000000000000, -0.0000000000000000000 ) ) ;
#752 = AXIS2_PLACEMENT_3D ( 'NONE', #3885, #4667, #1178 ) ;
#753 = SURFACE_STYLE_FILL_AREA ( #4087 ) ;
#754 = DIRECTION ( 'NONE',  ( -0.0000000000000000000, 1.000000000000000000, -0.0000000000000000000 ) ) ;
#755 = AXIS2_PLACEMENT_3D ( 'NONE', #3921, #4296, #3223 ) ;
#756 = ORIENTED_EDGE ( 'NONE', *, *, #4624, .T. ) ;
#757 = SURFACE_SIDE_STYLE ('',( #3480 ) ) ;
#758 = LINE ( 'NONE', #1306, #260 ) ;
#759 = ORIENTED_EDGE ( 'NONE', *, *, #3509, .F. ) ;
#760 = UNCERTAINTY_MEASURE_WITH_UNIT (LENGTH_MEASURE( 1.000000000000000082E-05 ), #460, 'distance_accuracy_value', 'NONE');
#761 = AXIS2_PLACEMENT_3D ( 'NONE', #3491, #259, #3900 ) ;
#762 = EDGE_CURVE ( 'NONE', #426, #4090, #2171, .T. ) ;
#763 = ORIENTED_EDGE ( 'NONE', *, *, #3021, .F. ) ;
#764 = ORIENTED_EDGE ( 'NONE', *, *, #2761, .T. ) ;
#765 = VECTOR ( 'NONE', #621, 1000.000000000000000 ) ;
#766 = ADVANCED_FACE ( 'NONE', ( #2754 ), #4179, .F. ) ;
#767 =( GEOMETRIC_REPRESENTATION_CONTEXT ( 3 ) GLOBAL_UNCERTAINTY_ASSIGNED_CONTEXT ( ( #618 ) ) GLOBAL_UNIT_ASSIGNED_CONTEXT ( ( #1924, #3328, #2277 ) ) REPRESENTATION_CONTEXT ( 'NONE', 'WORKASPACE' ) );
#768 = VERTEX_POINT ( 'NONE', #2044 ) ;
#769 = DIRECTION ( 'NONE',  ( 0.0000000000000000000, 1.000000000000000000, 0.0000000000000000000 ) ) ;
#770 = DIRECTION ( 'NONE',  ( 0.0000000000000000000, 0.0000000000000000000, 1.000000000000000000 ) ) ;
#771 = EDGE_CURVE ( 'NONE', #4508, #3346, #74, .T. ) ;
#772 = SURFACE_STYLE_USAGE ( .BOTH. , #2183 ) ;
#773 = LINE ( 'NONE', #339, #2559 ) ;
#774 = DIRECTION ( 'NONE',  ( 1.000000000000000000, 0.0000000000000000000, 0.0000000000000000000 ) ) ;
#775 = VECTOR ( 'NONE', #2241, 1000.000000000000000 ) ;
#776 = ORIENTED_EDGE ( 'NONE', *, *, #4243, .T. ) ;
#777 = ORIENTED_EDGE ( 'NONE', *, *, #3907, .T. ) ;
#778 = FILL_AREA_STYLE_COLOUR ( '', #2434 ) ;
#779 = FACE_OUTER_BOUND ( 'NONE', #4187, .T. ) ;
#780 = VECTOR ( 'NONE', #3126, 1000.000000000000000 ) ;
#781 = CARTESIAN_POINT ( 'NONE',  ( -62.50000000000002842, 1500.000000000000000, 7.654042494670957804E-15 ) ) ;
#782 = VERTEX_POINT ( 'NONE', #2801 ) ;
#783 = EDGE_LOOP ( 'NONE', ( #4290, #1116, #4446, #2887 ) ) ;
#784 = MECHANICAL_DESIGN_GEOMETRIC_PRESENTATION_REPRESENTATION (  '', ( #531 ), #3747 ) ;
#785 = EDGE_CURVE ( 'NONE', #313, #3635, #3787, .T. ) ;
#786 = VERTEX_POINT ( 'NONE', #2461 ) ;
#787 = DIRECTION ( 'NONE',  ( 1.000000000000000000, -0.0000000000000000000, -0.0000000000000000000 ) ) ;
#788 = CARTESIAN_POINT ( 'NONE',  ( 0.0000000000000000000, 20.00000000000000000, 75.00000000000001421 ) ) ;
#789 = ORIENTED_EDGE ( 'NONE', *, *, #2732, .T. ) ;
#790 = FACE_OUTER_BOUND ( 'NONE', #2820, .T. ) ;
#791 = VECTOR ( 'NONE', #3732, 1000.000000000000000 ) ;
#792 = DIRECTION ( 'NONE',  ( 3.888083013051982357E-17, -0.9805806756909201116, 0.1961161351381840168 ) ) ;
#793 = LINE ( 'NONE', #2766, #3568 ) ;
#794 = PLANE ( 'NONE',  #3358 ) ;
#795 = CARTESIAN_POINT ( 'NONE',  ( 30.00000000000001421, 0.0000000000000000000, 125.0000000000000000 ) ) ;
#796 = ORIENTED_EDGE ( 'NONE', *, *, #785, .T. ) ;
#797 = STYLED_ITEM ( 'NONE', ( #225 ), #1096 ) ;
#798 = ORIENTED_EDGE ( 'NONE', *, *, #297, .T. ) ;
#799 = DIRECTION ( 'NONE',  ( -0.7071067811865474617, -0.0000000000000000000, 0.7071067811865474617 ) ) ;
#800 = DIRECTION ( 'NONE',  ( -0.0000000000000000000, 1.000000000000000000, -0.0000000000000000000 ) ) ;
#801 = ORIENTED_EDGE ( 'NONE', *, *, #627, .T. ) ;
#802 = FILL_AREA_STYLE_COLOUR ( '', #1673 ) ;
#803 = FACE_OUTER_BOUND ( 'NONE', #1008, .T. ) ;
#804 = DIRECTION ( 'NONE',  ( 0.7071067811865434649, -0.0000000000000000000, 0.7071067811865516806 ) ) ;
#805 = DIRECTION ( 'NONE',  ( 1.000000000000000000, -0.0000000000000000000, -0.0000000000000000000 ) ) ;
#806 = DIRECTION ( 'NONE',  ( 1.982541115402069054E-16, 1.663451729555224426E-36, 1.000000000000000000 ) ) ;
#807 = ORIENTED_EDGE ( 'NONE', *, *, #1236, .F. ) ;
#808 = CARTESIAN_POINT ( 'NONE',  ( 7.499999999998951949, 20.00000000000000000, 150.0000000000000853 ) ) ;
#809 = VERTEX_POINT ( 'NONE', #2499 ) ;
#810 = LINE ( 'NONE', #3740, #3235 ) ;
#811 = CARTESIAN_POINT ( 'NONE',  ( -7.500000000000000000, 20.00000000000000000, -150.0000000000000284 ) ) ;
#812 = VECTOR ( 'NONE', #806, 1000.000000000000000 ) ;
#813 = VERTEX_POINT ( 'NONE', #2127 ) ;
#814 = CARTESIAN_POINT ( 'NONE',  ( 124.9999999999999716, 20.00000000000000000, -26.59999999999999787 ) ) ;
#815 = VECTOR ( 'NONE', #1765, 1000.000000000000000 ) ;
#816 = ORIENTED_EDGE ( 'NONE', *, *, #3343, .T. ) ;
#817 = FILL_AREA_STYLE ('',( #802 ) ) ;
#818 = CARTESIAN_POINT ( 'NONE',  ( 124.9999999999999716, 20.00000000000000000, -30.00000000000000000 ) ) ;
#819 = SURFACE_SIDE_STYLE ('',( #1222 ) ) ;
#820 =( NAMED_UNIT ( * ) SI_UNIT ( $, .STERADIAN. ) SOLID_ANGLE_UNIT ( ) );
#821 = ADVANCED_FACE ( 'NONE', ( #3622 ), #4668, .F. ) ;
#822 = EDGE_CURVE ( 'NONE', #2177, #2834, #3031, .T. ) ;
#823 = ORIENTED_EDGE ( 'NONE', *, *, #1785, .F. ) ;
#824 = DIRECTION ( 'NONE',  ( 0.0000000000000000000, -3.081487911019577365E-33, -1.000000000000000000 ) ) ;
#825 = EDGE_LOOP ( 'NONE', ( #4600, #1618, #2674, #1265 ) ) ;
#826 = EDGE_CURVE ( 'NONE', #2489, #3029, #846, .T. ) ;
#827 = DIRECTION ( 'NONE',  ( 0.0000000000000000000, 1.000000000000000000, 0.0000000000000000000 ) ) ;
#828 = EDGE_LOOP ( 'NONE', ( #3300, #2658, #2214, #4625 ) ) ;
#829 = LINE ( 'NONE', #3345, #1164 ) ;
#830 = CARTESIAN_POINT ( 'NONE',  ( 7.500000000000000000, -0.001000000000001000089, -150.0000000000000284 ) ) ;
#831 = EDGE_CURVE ( 'NONE', #3220, #3306, #2641, .T. ) ;
#833 = ORIENTED_EDGE ( 'NONE', *, *, #1554, .T. ) ;
#832 = FILL_AREA_STYLE_COLOUR ( '', #2862 ) ;
#834 = EDGE_CURVE ( 'NONE', #4213, #4539, #29, .T. ) ;
#835 = DIRECTION ( 'NONE',  ( -0.7071067811865434649, -0.0000000000000000000, -0.7071067811865516806 ) ) ;
#836 = ORIENTED_EDGE ( 'NONE', *, *, #3982, .T. ) ;
#837 = CIRCLE ( 'NONE', #2520, 7.499999999999992895 ) ;
#838 = VECTOR ( 'NONE', #3381, 1000.000000000000000 ) ;
#839 = LINE ( 'NONE', #957, #4397 ) ;
#840 = EDGE_LOOP ( 'NONE', ( #4330, #2286, #3355, #4578 ) ) ;
#841 = ORIENTED_EDGE ( 'NONE', *, *, #3541, .T. ) ;
#842 = STYLED_ITEM ( 'NONE', ( #157 ), #2144 ) ;
#843 = LINE ( 'NONE', #2968, #2235 ) ;
#844 = ORIENTED_EDGE ( 'NONE', *, *, #1031, .F. ) ;
#845 = PLANE ( 'NONE',  #4 ) ;
#846 = LINE ( 'NONE', #1749, #3216 ) ;
#847 = FACE_OUTER_BOUND ( 'NONE', #452, .T. ) ;
#848 = EDGE_CURVE ( 'NONE', #3816, #1721, #3148, .T. ) ;
#849 = CARTESIAN_POINT ( 'NONE',  ( 124.9999999999999716, 20.00000000000000000, -30.00000000000000000 ) ) ;
#850 = VECTOR ( 'NONE', #4475, 1000.000000000000000 ) ;
#851 =( GEOMETRIC_REPRESENTATION_CONTEXT ( 3 ) GLOBAL_UNCERTAINTY_ASSIGNED_CONTEXT ( ( #1866 ) ) GLOBAL_UNIT_ASSIGNED_CONTEXT ( ( #2460, #2108, #1338 ) ) REPRESENTATION_CONTEXT ( 'NONE', 'WORKASPACE' ) );
#852 = SURFACE_SIDE_STYLE ('',( #1283 ) ) ;
#853 = DIRECTION ( 'NONE',  ( 0.0000000000000000000, 0.0000000000000000000, 1.000000000000000000 ) ) ;
#854 = CARTESIAN_POINT ( 'NONE',  ( 149.9999999999999716, 20.00000000000000000, -139.9999999999999716 ) ) ;
#855 = ORIENTED_EDGE ( 'NONE', *, *, #2414, .T. ) ;
#856 = AXIS2_PLACEMENT_3D ( 'NONE', #1372, #754, #2184 ) ;
#857 = DIRECTION ( 'NONE',  ( 1.000000000000000000, 0.0000000000000000000, -1.982541115402069301E-16 ) ) ;
#858 = AXIS2_PLACEMENT_3D ( 'NONE', #2071, #2433, #1379 ) ;
#859 = VERTEX_POINT ( 'NONE', #386 ) ;
#860 = DIRECTION ( 'NONE',  ( 0.7071067811865484609, 0.0000000000000000000, 0.7071067811865465735 ) ) ;
#861 = CARTESIAN_POINT ( 'NONE',  ( -149.9999999999999716, 20.00000000000000000, 150.0000000000000000 ) ) ;
#862 = VECTOR ( 'NONE', #2514, 1000.000000000000000 ) ;
#863 = EDGE_CURVE ( 'NONE', #3447, #3402, #350, .T. ) ;
#864 = ORIENTED_EDGE ( 'NONE', *, *, #2172, .T. ) ;
#865 = CARTESIAN_POINT ( 'NONE',  ( -67.99999999999991473, 1480.000000000000000, -77.99999999999998579 ) ) ;
#866 = ORIENTED_EDGE ( 'NONE', *, *, #1320, .F. ) ;
#867 = ADVANCED_FACE ( 'NONE', ( #3726 ), #3954, .T. ) ;
#868 = EDGE_CURVE ( 'NONE', #3774, #3080, #1291, .T. ) ;
#869 = EDGE_CURVE ( 'NONE', #4506, #2322, #4455, .T. ) ;
#870 = DIRECTION ( 'NONE',  ( 0.0000000000000000000, 1.000000000000000000, 0.0000000000000000000 ) ) ;
#871 = EDGE_LOOP ( 'NONE', ( #262, #2432 ) ) ;
#872 = DIRECTION ( 'NONE',  ( -1.000000000000000000, 0.0000000000000000000, 1.020425574104005848E-16 ) ) ;
#873 = DIRECTION ( 'NONE',  ( -1.000000000000000000, 5.777789833161707559E-34, 1.982541115402069054E-16 ) ) ;
#874 = LINE ( 'NONE', #3803, #105 ) ;
#875 = PRESENTATION_LAYER_ASSIGNMENT (  '', '', ( #1881 ) ) ;
#876 = ORIENTED_EDGE ( 'NONE', *, *, #2732, .F. ) ;
#877 = DIRECTION ( 'NONE',  ( -0.7071067811865480168, 0.0000000000000000000, 0.7071067811865470176 ) ) ;
#878 = ORIENTED_EDGE ( 'NONE', *, *, #935, .F. ) ;
#879 = ORIENTED_EDGE ( 'NONE', *, *, #937, .T. ) ;
#880 = DIRECTION ( 'NONE',  ( 0.0000000000000000000, 0.0000000000000000000, 1.000000000000000000 ) ) ;
#881 = DIRECTION ( 'NONE',  ( 1.000000000000000000, 0.0000000000000000000, 0.0000000000000000000 ) ) ;
#882 = LINE ( 'NONE', #3878, #712 ) ;
#883 = CARTESIAN_POINT ( 'NONE',  ( 7.500000000000005329, 220.0000000000000284, 109.9999999999999858 ) ) ;
#884 = ORIENTED_EDGE ( 'NONE', *, *, #1085, .T. ) ;
#885 = ORIENTED_EDGE ( 'NONE', *, *, #1970, .T. ) ;
#886 = CYLINDRICAL_SURFACE ( 'NONE', #1045, 7.500000000000007105 ) ;
#887 = VECTOR ( 'NONE', #4068, 1000.000000000000000 ) ;
#888 = DIRECTION ( 'NONE',  ( 1.850371707708594316E-16, 0.0000000000000000000, 1.000000000000000000 ) ) ;
#889 = ORIENTED_EDGE ( 'NONE', *, *, #2886, .T. ) ;
#890 = PRODUCT_DEFINITION_FORMATION_WITH_SPECIFIED_SOURCE ( 'ANY', '', #2423, .NOT_KNOWN. ) ;
#891 = CARTESIAN_POINT ( 'NONE',  ( -2.140462239949360482E-14, 1500.000000000000000, 0.0000000000000000000 ) ) ;
#892 = COLOUR_RGB ( '',1.000000000000000000, 1.000000000000000000, 1.000000000000000000 ) ;
#893 = LINE ( 'NONE', #1441, #4627 ) ;
#894 = DIRECTION ( 'NONE',  ( 0.0000000000000000000, 0.0000000000000000000, -1.000000000000000000 ) ) ;
#895 = ADVANCED_FACE ( 'NONE', ( #290 ), #4279, .F. ) ;
#896 = ORIENTED_EDGE ( 'NONE', *, *, #868, .F. ) ;
#897 = EDGE_LOOP ( 'NONE', ( #122, #3929, #3430, #2919 ) ) ;
#898 = ORIENTED_EDGE ( 'NONE', *, *, #2572, .F. ) ;
#899 = CIRCLE ( 'NONE', #4028, 3.400000000000000355 ) ;
#900 = FILL_AREA_STYLE ('',( #172 ) ) ;
#901 = EDGE_CURVE ( 'NONE', #4512, #3316, #497, .T. ) ;
#902 = DIRECTION ( 'NONE',  ( -2.888894916580853780E-33, 1.000000000000000000, 2.258249741334817486E-34 ) ) ;
#903 = EDGE_CURVE ( 'NONE', #3659, #2902, #184, .T. ) ;
#904 = CARTESIAN_POINT ( 'NONE',  ( -67.99999999999991473, 20.00000000000000355, -77.99999999999998579 ) ) ;
#905 = ORIENTED_EDGE ( 'NONE', *, *, #4105, .F. ) ;
#906 = CIRCLE ( 'NONE', #3171, 2.499999999999946709 ) ;
#907 = LINE ( 'NONE', #2648, #1125 ) ;
#908 = DIRECTION ( 'NONE',  ( 0.0000000000000000000, 0.0000000000000000000, 1.000000000000000000 ) ) ;
#909 = CIRCLE ( 'NONE', #1025, 62.50000000000000000 ) ;
#910 = AXIS2_PLACEMENT_3D ( 'NONE', #3073, #2321, #2308 ) ;
#911 = PLANE ( 'NONE',  #592 ) ;
#912 = VERTEX_POINT ( 'NONE', #1803 ) ;
#913 = UNCERTAINTY_MEASURE_WITH_UNIT (LENGTH_MEASURE( 1.000000000000000082E-05 ), #3711, 'distance_accuracy_value', 'NONE');
#914 =( NAMED_UNIT ( * ) SI_UNIT ( $, .STERADIAN. ) SOLID_ANGLE_UNIT ( ) );
#915 = DIRECTION ( 'NONE',  ( -7.401486830834376525E-17, -1.000000000000000000, -0.0000000000000000000 ) ) ;
#916 = DIRECTION ( 'NONE',  ( -0.0000000000000000000, 1.000000000000000000, -0.0000000000000000000 ) ) ;
#917 = ORIENTED_EDGE ( 'NONE', *, *, #1465, .F. ) ;
#918 = ADVANCED_FACE ( 'NONE', ( #964 ), #4573, .F. ) ;
#919 = DIRECTION ( 'NONE',  ( 0.0000000000000000000, 0.0000000000000000000, 1.000000000000000000 ) ) ;
#920 = PRODUCT_RELATED_PRODUCT_CATEGORY ( 'part', '', ( #2459 ) ) ;
#921 = ORIENTED_EDGE ( 'NONE', *, *, #2264, .F. ) ;
#922 = DIRECTION ( 'NONE',  ( 0.0000000000000000000, 0.0000000000000000000, 1.000000000000000000 ) ) ;
#923 = EDGE_CURVE ( 'NONE', #2640, #786, #129, .T. ) ;
#924 = CIRCLE ( 'NONE', #981, 9.999999999999994671 ) ;
#925 = EDGE_CURVE ( 'NONE', #1909, #720, #3508, .T. ) ;
#926 = EDGE_CURVE ( 'NONE', #3003, #145, #2512, .T. ) ;
#927 = ORIENTED_EDGE ( 'NONE', *, *, #3314, .T. ) ;
#928 = CARTESIAN_POINT ( 'NONE',  ( 124.9999999999999716, 20.00000000000000000, 132.5000000000000000 ) ) ;
#929 = DIRECTION ( 'NONE',  ( 1.000000000000000000, 1.932701039895096239E-34, 3.081487911019576681E-33 ) ) ;
#930 = DIRECTION ( 'NONE',  ( -0.7071067811865434649, 0.0000000000000000000, -0.7071067811865516806 ) ) ;
#931 = DIRECTION ( 'NONE',  ( -1.944041506525991425E-16, -0.1961161351381839890, -0.9805806756909202226 ) ) ;
#932 = CIRCLE ( 'NONE', #2153, 3.400000000000000355 ) ;
#933 = VERTEX_POINT ( 'NONE', #1501 ) ;
#934 = DIRECTION ( 'NONE',  ( -0.0000000000000000000, 1.000000000000000000, -0.0000000000000000000 ) ) ;
#935 = EDGE_CURVE ( 'NONE', #1597, #2899, #3394, .T. ) ;
#936 =( GEOMETRIC_REPRESENTATION_CONTEXT ( 3 ) GLOBAL_UNCERTAINTY_ASSIGNED_CONTEXT ( ( #3288 ) ) GLOBAL_UNIT_ASSIGNED_CONTEXT ( ( #4407, #424, #2567 ) ) REPRESENTATION_CONTEXT ( 'NONE', 'WORKASPACE' ) );
#937 = EDGE_CURVE ( 'NONE', #1925, #1003, #4346, .T. ) ;
#938 = DIRECTION ( 'NONE',  ( -1.423415318369119772E-33, 1.000000000000000000, -3.081487911019577365E-33 ) ) ;
#939 = VECTOR ( 'NONE', #1346, 1000.000000000000000 ) ;
#940 = ORIENTED_EDGE ( 'NONE', *, *, #988, .F. ) ;
#941 = ADVANCED_FACE ( 'NONE', ( #2011 ), #1347, .F. ) ;
#942 = CYLINDRICAL_SURFACE ( 'NONE', #581, 5.099999999999993427 ) ;
#943 = ORIENTED_EDGE ( 'NONE', *, *, #2180, .T. ) ;
#944 = CIRCLE ( 'NONE', #2409, 5.099999999999993427 ) ;
#945 = LINE ( 'NONE', #188, #1719 ) ;
#947 = VERTEX_POINT ( 'NONE', #1143 ) ;
#946 = DIRECTION ( 'NONE',  ( 0.7071067811865516806, 0.0000000000000000000, -0.7071067811865434649 ) ) ;
#948 = VECTOR ( 'NONE', #4260, 1000.000000000000000 ) ;
#949 = DIRECTION ( 'NONE',  ( -0.0000000000000000000, -1.000000000000000000, -0.0000000000000000000 ) ) ;
#950 = EDGE_LOOP ( 'NONE', ( #362, #2209, #940, #4558 ) ) ;
#951 = AXIS2_PLACEMENT_3D ( 'NONE', #154, #1538, #3769 ) ;
#952 = STYLED_ITEM ( 'NONE', ( #2745 ), #1042 ) ;
#953 = ORIENTED_EDGE ( 'NONE', *, *, #512, .F. ) ;
#954 = FACE_BOUND ( 'NONE', #1556, .T. ) ;
#955 = EDGE_LOOP ( 'NONE', ( #82, #3297, #2386, #2422 ) ) ;
#956 = FACE_OUTER_BOUND ( 'NONE', #190, .T. ) ;
#957 = CARTESIAN_POINT ( 'NONE',  ( -78.00000000000000000, 1480.000000000000000, -67.99999999999991473 ) ) ;
#958 = CYLINDRICAL_SURFACE ( 'NONE', #2072, 20.00000000000000355 ) ;
#959 = FACE_OUTER_BOUND ( 'NONE', #960, .T. ) ;
#960 = EDGE_LOOP ( 'NONE', ( #2810, #841, #482, #3810 ) ) ;
#961 = VERTEX_POINT ( 'NONE', #2907 ) ;
#962 = VECTOR ( 'NONE', #3149, 1000.000000000000000 ) ;
#963 = CARTESIAN_POINT ( 'NONE',  ( -29.99999999999998579, 20.00000000000000000, 125.0000000000000284 ) ) ;
#964 = FACE_OUTER_BOUND ( 'NONE', #726, .T. ) ;
#965 = SURFACE_STYLE_FILL_AREA ( #167 ) ;
#966 = ORIENTED_EDGE ( 'NONE', *, *, #848, .F. ) ;
#967 = CARTESIAN_POINT ( 'NONE',  ( -124.9999999999999716, 20.00000000000000000, -30.00000000000000000 ) ) ;
#968 = DIRECTION ( 'NONE',  ( -1.000000000000000000, 0.0000000000000000000, -0.0000000000000000000 ) ) ;
#969 = DIRECTION ( 'NONE',  ( 1.000000000000000000, -7.401486830834376525E-17, 0.0000000000000000000 ) ) ;
#970 = ADVANCED_FACE ( 'NONE', ( #2293 ), #958, .T. ) ;
#971 = EDGE_LOOP ( 'NONE', ( #1619, #3911, #1890, #1738 ) ) ;
#972 = CARTESIAN_POINT ( 'NONE',  ( -114.9999999999999574, 1500.000000000000000, 125.0000000000000000 ) ) ;
#973 = EDGE_LOOP ( 'NONE', ( #1664, #1831, #1026, #1998 ) ) ;
#974 =( LENGTH_UNIT ( ) NAMED_UNIT ( * ) SI_UNIT ( .MILLI., .METRE. ) );
#975 = FACE_BOUND ( 'NONE', #3554, .T. ) ;
#976 = ORIENTED_EDGE ( 'NONE', *, *, #834, .T. ) ;
#977 = SURFACE_STYLE_USAGE ( .BOTH. , #1316 ) ;
#978 = DIRECTION ( 'NONE',  ( 1.000000000000000000, -0.0000000000000000000, -0.0000000000000000000 ) ) ;
#979 = VERTEX_POINT ( 'NONE', #4047 ) ;
#980 = DIRECTION ( 'NONE',  ( 0.0000000000000000000, 0.0000000000000000000, -1.000000000000000000 ) ) ;
#981 = AXIS2_PLACEMENT_3D ( 'NONE', #3272, #1804, #55 ) ;
#982 = DIRECTION ( 'NONE',  ( -1.850371707708594316E-16, -0.0000000000000000000, -1.000000000000000000 ) ) ;
#983 = DIRECTION ( 'NONE',  ( 0.0000000000000000000, 0.0000000000000000000, 1.000000000000000000 ) ) ;
#984 = ORIENTED_EDGE ( 'NONE', *, *, #1080, .F. ) ;
#985 = DIRECTION ( 'NONE',  ( -0.0000000000000000000, 1.000000000000000000, -0.0000000000000000000 ) ) ;
#986 = ADVANCED_FACE ( 'NONE', ( #3275 ), #4223, .F. ) ;
#987 = ORIENTED_EDGE ( 'NONE', *, *, #3458, .F. ) ;
#988 = EDGE_CURVE ( 'NONE', #1797, #2489, #1066, .T. ) ;
#989 = EDGE_CURVE ( 'NONE', #3797, #3577, #899, .T. ) ;
#990 = AXIS2_PLACEMENT_3D ( 'NONE', #311, #654, #1414 ) ;
#991 = CARTESIAN_POINT ( 'NONE',  ( -70.00000000000000000, 1500.000000000000000, 98.00000000000000000 ) ) ;
#992 = VECTOR ( 'NONE', #3894, 1000.000000000000000 ) ;
#993 = EDGE_LOOP ( 'NONE', ( #2390, #4053 ) ) ;
#994 = APPLICATION_PROTOCOL_DEFINITION ( 'draft international standard', 'automotive_design', 1998, #603 ) ;
#995 = PLANE ( 'NONE',  #761 ) ;
#996 = CARTESIAN_POINT ( 'NONE',  ( -69.99999999999985789, 1480.000000000000000, -89.99999999999997158 ) ) ;
#997 = EDGE_LOOP ( 'NONE', ( #49, #3098, #2345, #1502, #3993 ) ) ;
#998 = CARTESIAN_POINT ( 'NONE',  ( -90.00000000000000000, 1500.000000000000000, 95.09999999999999432 ) ) ;
#999 = EDGE_CURVE ( 'NONE', #1716, #1542, #2222, .T. ) ;
#1000 = LINE ( 'NONE', #4004, #4612 ) ;
#1001 = EDGE_CURVE ( 'NONE', #3389, #2170, #4339, .T. ) ;
#1002 = CARTESIAN_POINT ( 'NONE',  ( 124.9999999999999716, 20.00000000000000000, 30.00000000000000000 ) ) ;
#1003 = VERTEX_POINT ( 'NONE', #144 ) ;
#1004 = VECTOR ( 'NONE', #3196, 1000.000000000000000 ) ;
#1005 = CARTESIAN_POINT ( 'NONE',  ( -90.00000000000000000, 1480.000000000000000, -84.90000000000000568 ) ) ;
#1006 =( GEOMETRIC_REPRESENTATION_CONTEXT ( 3 ) GLOBAL_UNCERTAINTY_ASSIGNED_CONTEXT ( ( #4469 ) ) GLOBAL_UNIT_ASSIGNED_CONTEXT ( ( #1, #2480, #20 ) ) REPRESENTATION_CONTEXT ( 'NONE', 'WORKASPACE' ) );
#1007 = ORIENTED_EDGE ( 'NONE', *, *, #1107, .T. ) ;
#1008 = EDGE_LOOP ( 'NONE', ( #1013, #139, #1275, #4055 ) ) ;
#1009 = FACE_OUTER_BOUND ( 'NONE', #3431, .T. ) ;
#1010 = CIRCLE ( 'NONE', #4093, 4.499999999999997335 ) ;
#1011 = DIRECTION ( 'NONE',  ( 0.0000000000000000000, 0.0000000000000000000, -1.000000000000000000 ) ) ;
#1012 = CARTESIAN_POINT ( 'NONE',  ( 124.9999999999999716, 20.00000000000000000, 125.0000000000000000 ) ) ;
#1013 = ORIENTED_EDGE ( 'NONE', *, *, #2784, .F. ) ;
#1014 = DIRECTION ( 'NONE',  ( 0.0000000000000000000, 0.0000000000000000000, -1.000000000000000000 ) ) ;
#1015 = VERTEX_POINT ( 'NONE', #2642 ) ;
#1016 = AXIS2_PLACEMENT_3D ( 'NONE', #4031, #2160, #94 ) ;
#1017 = ADVANCED_FACE ( 'NONE', ( #3448 ), #4056, .F. ) ;
#1018 = VECTOR ( 'NONE', #4199, 1000.000000000000114 ) ;
#1019 = EDGE_CURVE ( 'NONE', #1585, #809, #2506, .T. ) ;
#1020 = PLANE ( 'NONE',  #283 ) ;
#1021 = DIRECTION ( 'NONE',  ( -3.888083013051983590E-17, -0.9805806756909201116, -0.1961161351381839890 ) ) ;
#1022 = LINE ( 'NONE', #3423, #2063 ) ;
#1023 = EDGE_CURVE ( 'NONE', #3322, #463, #2973, .T. ) ;
#1024 = CARTESIAN_POINT ( 'NONE',  ( -2.288491976566047810E-14, 1480.000000000000000, 0.0000000000000000000 ) ) ;
#1025 = AXIS2_PLACEMENT_3D ( 'NONE', #2718, #4101, #1629 ) ;
#1026 = ORIENTED_EDGE ( 'NONE', *, *, #4255, .T. ) ;
#1027 = DIRECTION ( 'NONE',  ( 1.982541115402069054E-16, 1.663451729555224426E-36, 1.000000000000000000 ) ) ;
#1028 = APPLICATION_PROTOCOL_DEFINITION ( 'draft international standard', 'automotive_design', 1998, #622 ) ;
#1029 = DIRECTION ( 'NONE',  ( -0.0000000000000000000, 1.000000000000000000, -0.0000000000000000000 ) ) ;
#1030 = DIRECTION ( 'NONE',  ( -0.0000000000000000000, -1.000000000000000000, -0.0000000000000000000 ) ) ;
#1031 = EDGE_CURVE ( 'NONE', #4419, #633, #3325, .T. ) ;
#1032 = EDGE_CURVE ( 'NONE', #610, #1472, #1170, .T. ) ;
#1033 = CARTESIAN_POINT ( 'NONE',  ( 90.00000000000000000, 1415.000000000000000, 45.00000000000000000 ) ) ;
#1034 = CARTESIAN_POINT ( 'NONE',  ( -7.500000000001047162, -0.001000000000001000089, 149.9999999999999716 ) ) ;
#1035 = FACE_OUTER_BOUND ( 'NONE', #708, .T. ) ;
#1036 = DIRECTION ( 'NONE',  ( 0.0000000000000000000, 2.258249741334817486E-34, 1.000000000000000000 ) ) ;
#1037 = CARTESIAN_POINT ( 'NONE',  ( 124.9999999999999716, 20.00000000000000000, 30.00000000000000000 ) ) ;
#1038 = AXIS2_PLACEMENT_3D ( 'NONE', #2430, #1041, #2468 ) ;
#1039 = SURFACE_STYLE_USAGE ( .BOTH. , #2576 ) ;
#1040 = VERTEX_POINT ( 'NONE', #2667 ) ;
#1041 = DIRECTION ( 'NONE',  ( 1.000000000000000000, -0.0000000000000000000, -0.0000000000000000000 ) ) ;
#1042 = ADVANCED_FACE ( 'NONE', ( #601 ), #1775, .F. ) ;
#1043 = PRESENTATION_STYLE_ASSIGNMENT (( #1714 ) ) ;
#1044 = ORIENTED_EDGE ( 'NONE', *, *, #3095, .F. ) ;
#1045 = AXIS2_PLACEMENT_3D ( 'NONE', #3557, #2035, #4225 ) ;
#1046 = CARTESIAN_POINT ( 'NONE',  ( 77.99999999999998579, 1480.000000000000000, -67.99999999999991473 ) ) ;
#1047 = CARTESIAN_POINT ( 'NONE',  ( 90.00000000000000000, 20.00000000000000355, -69.99999999999985789 ) ) ;
#1048 = ORIENTED_EDGE ( 'NONE', *, *, #3007, .F. ) ;
#1049 = FILL_AREA_STYLE_COLOUR ( '', #1174 ) ;
#1050 = DIRECTION ( 'NONE',  ( -0.7071067811865475727, 0.0000000000000000000, -0.7071067811865475727 ) ) ;
#1051 = EDGE_LOOP ( 'NONE', ( #1281, #2988, #1093, #1188 ) ) ;
#1052 = VERTEX_POINT ( 'NONE', #4193 ) ;
#1053 = FILL_AREA_STYLE_COLOUR ( '', #1764 ) ;
#1055 = ORIENTED_EDGE ( 'NONE', *, *, #690, .T. ) ;
#1054 = CARTESIAN_POINT ( 'NONE',  ( -90.00000000000000000, 220.0000000000000284, -7.499999999999985789 ) ) ;
#1056 = DIRECTION ( 'NONE',  ( -0.0000000000000000000, 1.000000000000000000, -0.0000000000000000000 ) ) ;
#1057 = CARTESIAN_POINT ( 'NONE',  ( 115.0000000000000711, 1500.000000000000000, -124.9999999999999432 ) ) ;
#1058 = ORIENTED_EDGE ( 'NONE', *, *, #3262, .F. ) ;
#1059 = LINE ( 'NONE', #589, #115 ) ;
#1060 = DIRECTION ( 'NONE',  ( 0.0000000000000000000, 0.0000000000000000000, 1.000000000000000000 ) ) ;
#1061 = VECTOR ( 'NONE', #671, 1000.000000000000000 ) ;
#1062 = CARTESIAN_POINT ( 'NONE',  ( -7.500000000000000000, 220.0000000000000284, -90.00000000000000000 ) ) ;
#1063 = ORIENTED_EDGE ( 'NONE', *, *, #2425, .F. ) ;
#1064 = ORIENTED_EDGE ( 'NONE', *, *, #3108, .F. ) ;
#1065 = DIRECTION ( 'NONE',  ( -1.000000000000000000, 0.0000000000000000000, 0.0000000000000000000 ) ) ;
#1066 = CIRCLE ( 'NONE', #324, 19.99999999999998934 ) ;
#1067 = VECTOR ( 'NONE', #1421, 1000.000000000000000 ) ;
#1068 = EDGE_CURVE ( 'NONE', #4030, #3074, #443, .T. ) ;
#1069 = ORIENTED_EDGE ( 'NONE', *, *, #3000, .F. ) ;
#1070 = CARTESIAN_POINT ( 'NONE',  ( 90.00000000000000000, 1480.000000000000000, -69.99999999999985789 ) ) ;
#1071 = VECTOR ( 'NONE', #2923, 1000.000000000000000 ) ;
#1072 = CARTESIAN_POINT ( 'NONE',  ( -114.9999999999999574, 1480.000000000000000, -124.9999999999999432 ) ) ;
#1073 = STYLED_ITEM ( 'NONE', ( #4351 ), #4323 ) ;
#1074 = EDGE_CURVE ( 'NONE', #1860, #463, #4396, .T. ) ;
#1075 = CARTESIAN_POINT ( 'NONE',  ( -90.00000000000000000, 20.00000000000001776, -7.499999999999985789 ) ) ;
#1076 = VECTOR ( 'NONE', #2756, 1000.000000000000114 ) ;
#1077 = AXIS2_PLACEMENT_3D ( 'NONE', #1751, #2805, #2129 ) ;
#1078 = DIRECTION ( 'NONE',  ( 0.9805806756909202226, -0.1961161351381840445, 0.0000000000000000000 ) ) ;
#1079 = EDGE_LOOP ( 'NONE', ( #4236, #2492 ) ) ;
#1080 = EDGE_CURVE ( 'NONE', #3205, #3816, #665, .T. ) ;
#1081 = EDGE_CURVE ( 'NONE', #483, #1588, #3777, .T. ) ;
#1082 = CARTESIAN_POINT ( 'NONE',  ( -140.0000000000000000, 20.00000000000001776, 7.500000000000013323 ) ) ;
#1083 =( LENGTH_UNIT ( ) NAMED_UNIT ( * ) SI_UNIT ( .MILLI., .METRE. ) );
#1084 = DIRECTION ( 'NONE',  ( 0.0000000000000000000, 0.0000000000000000000, 1.000000000000000000 ) ) ;
#1085 = EDGE_CURVE ( 'NONE', #1448, #2698, #2806, .T. ) ;
#1086 = ORIENTED_EDGE ( 'NONE', *, *, #4472, .T. ) ;
#1087 = AXIS2_PLACEMENT_3D ( 'NONE', #3530, #1748, #275 ) ;
#1088 = DIRECTION ( 'NONE',  ( 0.1961161351381840168, 0.9805806756909201116, 0.0000000000000000000 ) ) ;
#1089 = VERTEX_POINT ( 'NONE', #928 ) ;
#1090 = AXIS2_PLACEMENT_3D ( 'NONE', #2722, #3467, #516 ) ;
#1091 = CYLINDRICAL_SURFACE ( 'NONE', #738, 75.00000000000001421 ) ;
#1092 = AXIS2_PLACEMENT_3D ( 'NONE', #3719, #1230, #3045 ) ;
#1093 = ORIENTED_EDGE ( 'NONE', *, *, #4172, .F. ) ;
#1094 =( GEOMETRIC_REPRESENTATION_CONTEXT ( 3 ) GLOBAL_UNCERTAINTY_ASSIGNED_CONTEXT ( ( #707 ) ) GLOBAL_UNIT_ASSIGNED_CONTEXT ( ( #2746, #582, #4576 ) ) REPRESENTATION_CONTEXT ( 'NONE', 'WORKASPACE' ) );
#1095 = CARTESIAN_POINT ( 'NONE',  ( -90.00000000000000000, 220.0000000000000284, 7.500000000000013323 ) ) ;
#1096 = ADVANCED_FACE ( 'NONE', ( #1941 ), #3139, .F. ) ;
#1097 = VECTOR ( 'NONE', #595, 1000.000000000000000 ) ;
#1098 = ORIENTED_EDGE ( 'NONE', *, *, #4304, .F. ) ;
#1099 = DIRECTION ( 'NONE',  ( -0.0000000000000000000, -1.000000000000000000, -0.0000000000000000000 ) ) ;
#1100 = DIRECTION ( 'NONE',  ( 1.932701039895096239E-34, 1.000000000000000000, 1.540743955509788340E-33 ) ) ;
#1101 = DIRECTION ( 'NONE',  ( 0.0000000000000000000, 1.000000000000000000, 0.0000000000000000000 ) ) ;
#1102 = ORIENTED_EDGE ( 'NONE', *, *, #2425, .T. ) ;
#1103 = LINE ( 'NONE', #3972, #2904 ) ;
#1104 = ORIENTED_EDGE ( 'NONE', *, *, #785, .F. ) ;
#1105 = CIRCLE ( 'NONE', #3677, 75.00000000000001421 ) ;
#1106 = UNCERTAINTY_MEASURE_WITH_UNIT (LENGTH_MEASURE( 1.000000000000000082E-05 ), #3795, 'distance_accuracy_value', 'NONE');
#1107 = EDGE_CURVE ( 'NONE', #298, #3238, #2690, .T. ) ;
#1108 = SURFACE_STYLE_USAGE ( .BOTH. , #2159 ) ;
#1109 = DIRECTION ( 'NONE',  ( 1.000000000000000000, 0.0000000000000000000, -1.982541115402069794E-16 ) ) ;
#1110 =( NAMED_UNIT ( * ) PLANE_ANGLE_UNIT ( ) SI_UNIT ( $, .RADIAN. ) );
#1111 = EDGE_LOOP ( 'NONE', ( #1763, #1711, #4650, #2791 ) ) ;
#1112 = ORIENTED_EDGE ( 'NONE', *, *, #1607, .T. ) ;
#1113 = CYLINDRICAL_SURFACE ( 'NONE', #1743, 62.50000000000000000 ) ;
#1114 = LINE ( 'NONE', #2342, #4331 ) ;
#1115 = VECTOR ( 'NONE', #3852, 1000.000000000000000 ) ;
#1116 = ORIENTED_EDGE ( 'NONE', *, *, #1610, .F. ) ;
#1117 = EDGE_CURVE ( 'NONE', #1860, #4312, #2164, .T. ) ;
#1118 = DIRECTION ( 'NONE',  ( 0.0000000000000000000, 0.0000000000000000000, -1.000000000000000000 ) ) ;
#1120 = ORIENTED_EDGE ( 'NONE', *, *, #1586, .T. ) ;
#1119 = CARTESIAN_POINT ( 'NONE',  ( -140.0000000000000000, 70.00000000000001421, -7.499999999999985789 ) ) ;
#1121 = DIRECTION ( 'NONE',  ( -0.0000000000000000000, -1.000000000000000000, -0.0000000000000000000 ) ) ;
#1122 = ORIENTED_EDGE ( 'NONE', *, *, #4243, .F. ) ;
#1123 =( NAMED_UNIT ( * ) PLANE_ANGLE_UNIT ( ) SI_UNIT ( $, .RADIAN. ) );
#1124 = ADVANCED_FACE ( 'NONE', ( #2918 ), #3890, .F. ) ;
#1125 = VECTOR ( 'NONE', #4438, 1000.000000000000000 ) ;
#1126 = PRESENTATION_LAYER_ASSIGNMENT (  '', '', ( #2404 ) ) ;
#1127 = CARTESIAN_POINT ( 'NONE',  ( -124.9999999999999716, 20.00000000000000000, 30.00000000000000000 ) ) ;
#1128 = VERTEX_POINT ( 'NONE', #1667 ) ;
#1129 = CARTESIAN_POINT ( 'NONE',  ( 90.00000000000000000, 1415.000000000000000, -45.00000000000000000 ) ) ;
#1130 = ORIENTED_EDGE ( 'NONE', *, *, #220, .F. ) ;
#1131 = ORIENTED_EDGE ( 'NONE', *, *, #2017, .F. ) ;
#1132 = CARTESIAN_POINT ( 'NONE',  ( 90.00000000000000000, 1455.000000000000000, 45.00000000000000000 ) ) ;
#1133 = AXIS2_PLACEMENT_3D ( 'NONE', #32, #3563, #360 ) ;
#1134 = CARTESIAN_POINT ( 'NONE',  ( 90.00000000000000000, 19.99999999999998934, 7.499999999999985789 ) ) ;
#1135 = EDGE_CURVE ( 'NONE', #70, #3671, #3025, .T. ) ;
#1136 = EDGE_CURVE ( 'NONE', #3758, #1926, #1114, .T. ) ;
#1137 = ORIENTED_EDGE ( 'NONE', *, *, #1465, .T. ) ;
#1138 = VECTOR ( 'NONE', #3799, 1000.000000000000000 ) ;
#1139 = ORIENTED_EDGE ( 'NONE', *, *, #3198, .F. ) ;
#1140 = CARTESIAN_POINT ( 'NONE',  ( 30.00000000000000000, 20.00000000000000000, -129.5000000000000000 ) ) ;
#1141 = ADVANCED_FACE ( 'NONE', ( #3772 ), #886, .F. ) ;
#1142 = ORIENTED_EDGE ( 'NONE', *, *, #2649, .T. ) ;
#1143 = CARTESIAN_POINT ( 'NONE',  ( -124.9999999999999716, 0.0000000000000000000, 132.5000000000000000 ) ) ;
#1144 = DIRECTION ( 'NONE',  ( 0.0000000000000000000, 0.0000000000000000000, 1.000000000000000000 ) ) ;
#1145 = CARTESIAN_POINT ( 'NONE',  ( -7.500000000000000000, 20.00000000000003197, -89.99999999999998579 ) ) ;
#1146 = FACE_OUTER_BOUND ( 'NONE', #4590, .T. ) ;
#1147 = ORIENTED_EDGE ( 'NONE', *, *, #1812, .F. ) ;
#1148 = EDGE_CURVE ( 'NONE', #4539, #4213, #2682, .T. ) ;
#1150 = VECTOR ( 'NONE', #3410, 1000.000000000000000 ) ;
#1149 = CARTESIAN_POINT ( 'NONE',  ( 124.9999999999999716, 0.0000000000000000000, -26.59999999999999787 ) ) ;
#1151 = AXIS2_PLACEMENT_3D ( 'NONE', #4408, #2212, #4385 ) ;
#1152 = CARTESIAN_POINT ( 'NONE',  ( 30.00000000000001421, 20.00000000000000000, 125.0000000000000000 ) ) ;
#1153 = VERTEX_POINT ( 'NONE', #2418 ) ;
#1154 = EDGE_LOOP ( 'NONE', ( #514, #3887, #2059, #3226 ) ) ;
#1155 = CARTESIAN_POINT ( 'NONE',  ( -124.9999999999999716, 20.00000000000000000, -25.50000000000000355 ) ) ;
#1156 = EDGE_CURVE ( 'NONE', #1585, #2770, #4503, .T. ) ;
#1157 = EDGE_CURVE ( 'NONE', #3856, #4419, #773, .T. ) ;
#1158 = SURFACE_STYLE_FILL_AREA ( #2888 ) ;
#1159 =( NAMED_UNIT ( * ) PLANE_ANGLE_UNIT ( ) SI_UNIT ( $, .RADIAN. ) );
#1160 = PRESENTATION_STYLE_ASSIGNMENT (( #3691 ) ) ;
#1161 = ORIENTED_EDGE ( 'NONE', *, *, #3784, .F. ) ;
#1162 = ORIENTED_EDGE ( 'NONE', *, *, #4310, .F. ) ;
#1163 = CYLINDRICAL_SURFACE ( 'NONE', #3178, 20.00000000000000355 ) ;
#1164 = VECTOR ( 'NONE', #1899, 1000.000000000000000 ) ;
#1165 = EDGE_LOOP ( 'NONE', ( #4480, #233 ) ) ;
#1166 = ORIENTED_EDGE ( 'NONE', *, *, #1705, .T. ) ;
#1167 = EDGE_CURVE ( 'NONE', #1541, #2687, #4619, .T. ) ;
#1168 = CARTESIAN_POINT ( 'NONE',  ( 124.9999999999999716, 20.00000000000000000, -117.5000000000000000 ) ) ;
#1169 = VERTEX_POINT ( 'NONE', #2402 ) ;
#1170 = CIRCLE ( 'NONE', #546, 4.500000000000003553 ) ;
#1171 = CARTESIAN_POINT ( 'NONE',  ( -150.0000000000000284, 0.0000000000000000000, -150.0000000000000000 ) ) ;
#1172 = CARTESIAN_POINT ( 'NONE',  ( -78.00000000000000000, 1480.000000000000000, 67.99999999999991473 ) ) ;
#1173 = ORIENTED_EDGE ( 'NONE', *, *, #4105, .T. ) ;
#1174 = COLOUR_RGB ( '',1.000000000000000000, 1.000000000000000000, 1.000000000000000000 ) ;
#1175 = ORIENTED_EDGE ( 'NONE', *, *, #1407, .T. ) ;
#1176 = VECTOR ( 'NONE', #3248, 1000.000000000000000 ) ;
#1177 = DIRECTION ( 'NONE',  ( 0.0000000000000000000, 0.0000000000000000000, 1.000000000000000000 ) ) ;
#1178 = DIRECTION ( 'NONE',  ( 0.0000000000000000000, 0.0000000000000000000, 1.000000000000000000 ) ) ;
#1180 = LINE ( 'NONE', #904, #1292 ) ;
#1179 = DIRECTION ( 'NONE',  ( -0.0000000000000000000, 1.000000000000000000, -0.0000000000000000000 ) ) ;
#1181 = CARTESIAN_POINT ( 'NONE',  ( 124.9999999999999716, 20.00000000000000000, -30.00000000000000000 ) ) ;
#1182 = CARTESIAN_POINT ( 'NONE',  ( 0.0000000000000000000, -0.001000000000001000089, 75.00000000000001421 ) ) ;
#1183 = AXIS2_PLACEMENT_3D ( 'NONE', #2816, #1029, #3513 ) ;
#1184 = MECHANICAL_DESIGN_GEOMETRIC_PRESENTATION_REPRESENTATION (  '', ( #952 ), #1094 ) ;
#1185 = ORIENTED_EDGE ( 'NONE', *, *, #3836, .T. ) ;
#1186 = DIRECTION ( 'NONE',  ( -0.7071067811865455743, 0.0000000000000000000, -0.7071067811865493491 ) ) ;
#1187 = CARTESIAN_POINT ( 'NONE',  ( 124.9999999999999716, 0.0000000000000000000, -30.00000000000000000 ) ) ;
#1188 = ORIENTED_EDGE ( 'NONE', *, *, #3094, .F. ) ;
#1189 = CARTESIAN_POINT ( 'NONE',  ( -7.500000000001047162, 20.00000000000000000, 149.9999999999999716 ) ) ;
#1190 = DIRECTION ( 'NONE',  ( 0.0000000000000000000, 0.0000000000000000000, 1.000000000000000000 ) ) ;
#1191 = UNCERTAINTY_MEASURE_WITH_UNIT (LENGTH_MEASURE( 1.000000000000000082E-05 ), #4020, 'distance_accuracy_value', 'NONE');
#1192 = DIRECTION ( 'NONE',  ( -0.0000000000000000000, 1.000000000000000000, -0.0000000000000000000 ) ) ;
#1193 = ORIENTED_EDGE ( 'NONE', *, *, #4006, .F. ) ;
#1194 = ADVANCED_FACE ( 'NONE', ( #1442 ), #3898, .T. ) ;
#1195 = EDGE_CURVE ( 'NONE', #3346, #4605, #1328, .T. ) ;
#1196 = SURFACE_STYLE_FILL_AREA ( #2210 ) ;
#1197 = CARTESIAN_POINT ( 'NONE',  ( -90.00000000000000000, 1500.000000000000000, 84.90000000000000568 ) ) ;
#1198 = VERTEX_POINT ( 'NONE', #687 ) ;
#1199 = CARTESIAN_POINT ( 'NONE',  ( -90.00000000000000000, 220.0000000000000284, 7.500000000000013323 ) ) ;
#1200 = DIRECTION ( 'NONE',  ( 0.0000000000000000000, 0.0000000000000000000, 1.000000000000000000 ) ) ;
#1201 = LINE ( 'NONE', #403, #4151 ) ;
#1202 = VERTEX_POINT ( 'NONE', #4591 ) ;
#1203 = CARTESIAN_POINT ( 'NONE',  ( -70.00000000000000000, 1480.000000000000000, 95.00000000000000000 ) ) ;
#1204 = AXIS2_PLACEMENT_3D ( 'NONE', #2993, #3395, #1551 ) ;
#1205 = CARTESIAN_POINT ( 'NONE',  ( 90.00000000000000000, 220.0000000000000284, -7.500000000000013323 ) ) ;
#1206 = DIRECTION ( 'NONE',  ( 0.0000000000000000000, 0.0000000000000000000, 1.000000000000000000 ) ) ;
#1207 = FACE_OUTER_BOUND ( 'NONE', #3999, .T. ) ;
#1208 = ORIENTED_EDGE ( 'NONE', *, *, #3509, .T. ) ;
#1209 = AXIS2_PLACEMENT_3D ( 'NONE', #3354, #101, #2588 ) ;
#1210 = DIRECTION ( 'NONE',  ( 0.0000000000000000000, 0.0000000000000000000, 1.000000000000000000 ) ) ;
#1211 = FACE_OUTER_BOUND ( 'NONE', #828, .T. ) ;
#1212 = AXIS2_PLACEMENT_3D ( 'NONE', #4579, #213, #584 ) ;
#1213 = CARTESIAN_POINT ( 'NONE',  ( 90.00000000000000000, 19.99999999999998934, 7.499999999999985789 ) ) ;
#1214 = PLANE ( 'NONE',  #1960 ) ;
#1215 = ORIENTED_EDGE ( 'NONE', *, *, #1136, .T. ) ;
#1216 = ORIENTED_EDGE ( 'NONE', *, *, #2668, .F. ) ;
#1217 = CIRCLE ( 'NONE', #2040, 7.500000000000007105 ) ;
#1218 = FACE_BOUND ( 'NONE', #3571, .T. ) ;
#1219 = EDGE_CURVE ( 'NONE', #4090, #4640, #3710, .T. ) ;
#1220 = CARTESIAN_POINT ( 'NONE',  ( -149.9999999999999716, 20.00000000000000000, 139.9999999999999716 ) ) ;
#1221 = ORIENTED_EDGE ( 'NONE', *, *, #2294, .F. ) ;
#1222 = SURFACE_STYLE_FILL_AREA ( #2301 ) ;
#1223 = FACE_OUTER_BOUND ( 'NONE', #2220, .T. ) ;
#1224 = VERTEX_POINT ( 'NONE', #1731 ) ;
#1225 = ORIENTED_EDGE ( 'NONE', *, *, #1671, .T. ) ;
#1226 = LINE ( 'NONE', #248, #1405 ) ;
#1227 = EDGE_CURVE ( 'NONE', #3373, #3295, #1713, .T. ) ;
#1228 = EDGE_CURVE ( 'NONE', #3484, #583, #3990, .T. ) ;
#1229 = FACE_OUTER_BOUND ( 'NONE', #897, .T. ) ;
#1230 = DIRECTION ( 'NONE',  ( -0.0000000000000000000, 1.000000000000000000, -0.0000000000000000000 ) ) ;
#1231 = COLOUR_RGB ( '',1.000000000000000000, 1.000000000000000000, 1.000000000000000000 ) ;
#1232 = VECTOR ( 'NONE', #3700, 1000.000000000000000 ) ;
#1233 = AXIS2_PLACEMENT_3D ( 'NONE', #3228, #3237, #3959 ) ;
#1234 = FILL_AREA_STYLE_COLOUR ( '', #722 ) ;
#1235 = VERTEX_POINT ( 'NONE', #1349 ) ;
#1236 = EDGE_CURVE ( 'NONE', #4617, #1920, #3076, .T. ) ;
#1237 = CARTESIAN_POINT ( 'NONE',  ( -29.99999999999998579, 0.0000000000000000000, 120.5000000000000284 ) ) ;
#1238 = PLANE ( 'NONE',  #2550 ) ;
#1239 = CARTESIAN_POINT ( 'NONE',  ( 90.00000000000000000, 1455.000000000000000, -45.00000000000000000 ) ) ;
#1240 = AXIS2_PLACEMENT_3D ( 'NONE', #4007, #787, #2581 ) ;
#1241 = DIRECTION ( 'NONE',  ( 0.0000000000000000000, 1.000000000000000000, 0.0000000000000000000 ) ) ;
#1242 = EDGE_CURVE ( 'NONE', #3046, #1810, #882, .T. ) ;
#1243 = EDGE_LOOP ( 'NONE', ( #1063, #896, #3844, #2858 ) ) ;
#1244 = DIRECTION ( 'NONE',  ( 1.850371707708594316E-16, 0.0000000000000000000, 1.000000000000000000 ) ) ;
#1245 = DIRECTION ( 'NONE',  ( 0.0000000000000000000, 0.0000000000000000000, 1.000000000000000000 ) ) ;
#1246 = CARTESIAN_POINT ( 'NONE',  ( -70.00000000000000000, 1500.000000000000000, 91.50000000000000000 ) ) ;
#1247 = EDGE_CURVE ( 'NONE', #2034, #3465, #2045, .T. ) ;
#1248 = UNCERTAINTY_MEASURE_WITH_UNIT (LENGTH_MEASURE( 1.000000000000000082E-05 ), #2073, 'distance_accuracy_value', 'NONE');
#1249 = ORIENTED_EDGE ( 'NONE', *, *, #2172, .F. ) ;
#1250 = CARTESIAN_POINT ( 'NONE',  ( -124.9999999999999716, 20.00000000000000000, 30.00000000000000000 ) ) ;
#1251 = DIRECTION ( 'NONE',  ( -0.0000000000000000000, 1.000000000000000000, -0.0000000000000000000 ) ) ;
#1252 = CARTESIAN_POINT ( 'NONE',  ( 124.9999999999999716, 20.00000000000000000, 125.0000000000000000 ) ) ;
#1253 = CARTESIAN_POINT ( 'NONE',  ( -70.00000000000000000, 1500.000000000000000, 95.00000000000000000 ) ) ;
#1254 = LINE ( 'NONE', #4447, #3063 ) ;
#1255 = EDGE_CURVE ( 'NONE', #3107, #3512, #2735, .T. ) ;
#1256 = CARTESIAN_POINT ( 'NONE',  ( -124.9999999999999432, 1480.000000000000000, 115.0000000000000426 ) ) ;
#1257 = DIRECTION ( 'NONE',  ( 0.0000000000000000000, 1.000000000000000000, 0.0000000000000000000 ) ) ;
#1258 = VECTOR ( 'NONE', #1708, 1000.000000000000000 ) ;
#1259 = CARTESIAN_POINT ( 'NONE',  ( 90.00000000000000000, 220.0000000000000284, 7.499999999999985789 ) ) ;
#1260 = COLOUR_RGB ( '',1.000000000000000000, 1.000000000000000000, 1.000000000000000000 ) ;
#1261 = AXIS2_PLACEMENT_3D ( 'NONE', #684, #2872, #333 ) ;
#1262 = ADVANCED_FACE ( 'NONE', ( #1211 ), #2619, .T. ) ;
#1263 = VERTEX_POINT ( 'NONE', #2135 ) ;
#1264 = FILL_AREA_STYLE ('',( #1638 ) ) ;
#1265 = ORIENTED_EDGE ( 'NONE', *, *, #2502, .F. ) ;
#1266 = EDGE_LOOP ( 'NONE', ( #2450, #3749, #1883, #3453, #776 ) ) ;
#1267 = CARTESIAN_POINT ( 'NONE',  ( 30.00000000000000000, 20.00000000000000000, -125.0000000000000000 ) ) ;
#1268 = DIRECTION ( 'NONE',  ( 0.0000000000000000000, 1.000000000000000000, 0.0000000000000000000 ) ) ;
#1269 = DIRECTION ( 'NONE',  ( 0.0000000000000000000, 0.0000000000000000000, 1.000000000000000000 ) ) ;
#1270 = AXIS2_PLACEMENT_3D ( 'NONE', #3536, #4661, #1027 ) ;
#1271 = ORIENTED_EDGE ( 'NONE', *, *, #412, .F. ) ;
#1272 = CARTESIAN_POINT ( 'NONE',  ( -90.00000000000000000, 1500.000000000000000, -84.90000000000000568 ) ) ;
#1273 = FACE_OUTER_BOUND ( 'NONE', #3800, .T. ) ;
#1274 = CIRCLE ( 'NONE', #134, 5.099999999999993427 ) ;
#1275 = ORIENTED_EDGE ( 'NONE', *, *, #4529, .T. ) ;
#1276 = FACE_OUTER_BOUND ( 'NONE', #1303, .T. ) ;
#1277 = EDGE_LOOP ( 'NONE', ( #3667, #2604 ) ) ;
#1278 = FACE_OUTER_BOUND ( 'NONE', #1782, .T. ) ;
#1279 = PLANE ( 'NONE',  #1204 ) ;
#1280 = EDGE_LOOP ( 'NONE', ( #3981, #1690 ) ) ;
#1281 = ORIENTED_EDGE ( 'NONE', *, *, #2517, .F. ) ;
#1282 = ORIENTED_EDGE ( 'NONE', *, *, #361, .T. ) ;
#1283 = SURFACE_STYLE_FILL_AREA ( #1529 ) ;
#1284 = CARTESIAN_POINT ( 'NONE',  ( -150.0000000000000284, 20.00000000000000000, -150.0000000000000000 ) ) ;
#1285 = CARTESIAN_POINT ( 'NONE',  ( 90.00000000000000000, 1480.000000000000000, -90.00000000000000000 ) ) ;
#1286 = CARTESIAN_POINT ( 'NONE',  ( 9.184850993605150311E-15, 20.00000000000000000, -75.00000000000001421 ) ) ;
#1287 = VERTEX_POINT ( 'NONE', #1469 ) ;
#1288 = FACE_OUTER_BOUND ( 'NONE', #2981, .T. ) ;
#1289 = VERTEX_POINT ( 'NONE', #395 ) ;
#1290 = ADVANCED_FACE ( 'NONE', ( #2105 ), #3939, .F. ) ;
#1291 = LINE ( 'NONE', #2893, #236 ) ;
#1292 = VECTOR ( 'NONE', #4196, 1000.000000000000000 ) ;
#1293 = PLANE ( 'NONE',  #1431 ) ;
#1294 = ORIENTED_EDGE ( 'NONE', *, *, #3041, .F. ) ;
#1295 = FACE_OUTER_BOUND ( 'NONE', #1266, .T. ) ;
#1296 = DIRECTION ( 'NONE',  ( 1.000000000000000000, -1.540743955509788682E-33, -1.982541115402069054E-16 ) ) ;
#1297 = DIRECTION ( 'NONE',  ( 1.000000000000000000, -0.0000000000000000000, -0.0000000000000000000 ) ) ;
#1298 = CARTESIAN_POINT ( 'NONE',  ( 90.00000000000000000, 19.99999999999998934, -7.500000000000013323 ) ) ;
#1299 = DIRECTION ( 'NONE',  ( 0.0000000000000000000, 0.0000000000000000000, 1.000000000000000000 ) ) ;
#1300 = DIRECTION ( 'NONE',  ( 1.932701039895096239E-34, 1.000000000000000000, -1.540743955509788682E-33 ) ) ;
#1301 = SURFACE_STYLE_USAGE ( .BOTH. , #181 ) ;
#1302 = AXIS2_PLACEMENT_3D ( 'NONE', #830, #3349, #4497 ) ;
#1303 = EDGE_LOOP ( 'NONE', ( #9, #626, #4098, #1870 ) ) ;
#1304 = DIRECTION ( 'NONE',  ( -0.7071067811865474617, 0.0000000000000000000, 0.7071067811865474617 ) ) ;
#1305 = CARTESIAN_POINT ( 'NONE',  ( 90.00000000000000000, 220.0000000000000284, -7.500000000000013323 ) ) ;
#1306 = CARTESIAN_POINT ( 'NONE',  ( 125.0000000000000568, 1500.000000000000000, 115.0000000000000142 ) ) ;
#1307 = EDGE_CURVE ( 'NONE', #3942, #347, #166, .T. ) ;
#1308 = AXIS2_PLACEMENT_3D ( 'NONE', #4422, #2267, #2233 ) ;
#1309 = UNCERTAINTY_MEASURE_WITH_UNIT (LENGTH_MEASURE( 1.000000000000000082E-05 ), #2323, 'distance_accuracy_value', 'NONE');
#1310 = ORIENTED_EDGE ( 'NONE', *, *, #4018, .F. ) ;
#1311 = CARTESIAN_POINT ( 'NONE',  ( 30.00000000000001421, 20.00000000000000000, 121.5999999999999943 ) ) ;
#1312 = ADVANCED_FACE ( 'NONE', ( #4041 ), #28, .F. ) ;
#1313 = LINE ( 'NONE', #3669, #1695 ) ;
#1314 = EDGE_CURVE ( 'NONE', #583, #2687, #1000, .T. ) ;
#1315 = ORIENTED_EDGE ( 'NONE', *, *, #1167, .F. ) ;
#1316 = SURFACE_SIDE_STYLE ('',( #2054 ) ) ;
#1317 = CARTESIAN_POINT ( 'NONE',  ( 125.0000000000000568, 1500.000000000000000, 115.0000000000000142 ) ) ;
#1318 = VECTOR ( 'NONE', #2064, 1000.000000000000000 ) ;
#1319 = ORIENTED_EDGE ( 'NONE', *, *, #3529, .T. ) ;
#1320 = EDGE_CURVE ( 'NONE', #1616, #1153, #221, .T. ) ;
#1321 = EDGE_CURVE ( 'NONE', #961, #4391, #1103, .T. ) ;
#1322 = CARTESIAN_POINT ( 'NONE',  ( -110.0000000000000000, 220.0000000000000284, 7.500000000000013323 ) ) ;
#1323 = CARTESIAN_POINT ( 'NONE',  ( -90.00000000000000000, 20.00000000000001776, 7.500000000000013323 ) ) ;
#1324 = SURFACE_STYLE_FILL_AREA ( #305 ) ;
#1325 = ORIENTED_EDGE ( 'NONE', *, *, #3352, .T. ) ;
#1326 = AXIS2_PLACEMENT_3D ( 'NONE', #87, #427, #47 ) ;
#1327 = ORIENTED_EDGE ( 'NONE', *, *, #2481, .T. ) ;
#1328 = LINE ( 'NONE', #3930, #2852 ) ;
#1329 =( LENGTH_UNIT ( ) NAMED_UNIT ( * ) SI_UNIT ( .MILLI., .METRE. ) );
#1331 = ORIENTED_EDGE ( 'NONE', *, *, #25, .T. ) ;
#1330 = CARTESIAN_POINT ( 'NONE',  ( 90.00000000000000000, 1415.000000000000000, -47.49999999999994316 ) ) ;
#1332 = CARTESIAN_POINT ( 'NONE',  ( 0.0000000000000000000, 1480.000000000000000, 0.0000000000000000000 ) ) ;
#1333 = LINE ( 'NONE', #3142, #2797 ) ;
#1334 = MECHANICAL_DESIGN_GEOMETRIC_PRESENTATION_REPRESENTATION (  '', ( #1483 ), #1955 ) ;
#1335 = FACE_OUTER_BOUND ( 'NONE', #387, .T. ) ;
#1336 = ADVANCED_FACE ( 'NONE', ( #1874 ), #3133, .F. ) ;
#1337 = EDGE_CURVE ( 'NONE', #813, #3074, #3765, .T. ) ;
#1338 =( NAMED_UNIT ( * ) SI_UNIT ( $, .STERADIAN. ) SOLID_ANGLE_UNIT ( ) );
#1339 = DIRECTION ( 'NONE',  ( -0.0000000000000000000, 1.000000000000000000, -0.0000000000000000000 ) ) ;
#1340 = ORIENTED_EDGE ( 'NONE', *, *, #2266, .T. ) ;
#1341 = VECTOR ( 'NONE', #1505, 1000.000000000000000 ) ;
#1342 = CARTESIAN_POINT ( 'NONE',  ( 70.00000000000000000, 1500.000000000000000, -98.50000000000000000 ) ) ;
#1343 = VECTOR ( 'NONE', #3184, 1000.000000000000000 ) ;
#1344 = EDGE_LOOP ( 'NONE', ( #3440, #2561 ) ) ;
#1345 = VERTEX_POINT ( 'NONE', #733 ) ;
#1346 = DIRECTION ( 'NONE',  ( -0.0000000000000000000, 1.000000000000000000, -0.0000000000000000000 ) ) ;
#1347 = CYLINDRICAL_SURFACE ( 'NONE', #2314, 7.500000000000007105 ) ;
#1348 = FACE_BOUND ( 'NONE', #4660, .T. ) ;
#1349 = CARTESIAN_POINT ( 'NONE',  ( 124.9999999999999716, 0.0000000000000000000, -117.5000000000000000 ) ) ;
#1350 = FACE_OUTER_BOUND ( 'NONE', #997, .T. ) ;
#1351 = CARTESIAN_POINT ( 'NONE',  ( 0.0000000000000000000, 0.0000000000000000000, 0.0000000000000000000 ) ) ;
#1352 = CARTESIAN_POINT ( 'NONE',  ( -78.00000000000000000, 20.00000000000000355, -67.99999999999991473 ) ) ;
#1353 = FACE_OUTER_BOUND ( 'NONE', #352, .T. ) ;
#1354 = EDGE_CURVE ( 'NONE', #3977, #2568, #3015, .T. ) ;
#1355 = ORIENTED_EDGE ( 'NONE', *, *, #4343, .T. ) ;
#1356 = SURFACE_STYLE_USAGE ( .BOTH. , #2662 ) ;
#1357 = CARTESIAN_POINT ( 'NONE',  ( -70.00000000000000000, 1499.500000000000000, 92.00000000000000000 ) ) ;
#1358 = DIRECTION ( 'NONE',  ( -0.0000000000000000000, -1.000000000000000000, -0.0000000000000000000 ) ) ;
#1359 = FACE_BOUND ( 'NONE', #1987, .T. ) ;
#1360 = ORIENTED_EDGE ( 'NONE', *, *, #4658, .T. ) ;
#1361 = ADVANCED_FACE ( 'NONE', ( #59 ), #3824, .F. ) ;
#1362 = ORIENTED_EDGE ( 'NONE', *, *, #3541, .F. ) ;
#1363 = VECTOR ( 'NONE', #3761, 1000.000000000000000 ) ;
#1364 = DIRECTION ( 'NONE',  ( 0.0000000000000000000, 0.0000000000000000000, 1.000000000000000000 ) ) ;
#1365 = MECHANICAL_DESIGN_GEOMETRIC_PRESENTATION_REPRESENTATION (  '', ( #2404 ), #1598 ) ;
#1366 = DIRECTION ( 'NONE',  ( 0.0000000000000000000, 0.0000000000000000000, 1.000000000000000000 ) ) ;
#1367 = EDGE_LOOP ( 'NONE', ( #746, #4366, #789, #53 ) ) ;
#1368 = CARTESIAN_POINT ( 'NONE',  ( 90.00000000000000000, 1415.000000000000000, -45.00000000000000000 ) ) ;
#1369 = DIRECTION ( 'NONE',  ( -0.7071067811865536790, 0.0000000000000000000, 0.7071067811865414665 ) ) ;
#1370 = CARTESIAN_POINT ( 'NONE',  ( 4.999999999999227285, 20.00000000000000000, 295.0000000000000568 ) ) ;
#1371 = CARTESIAN_POINT ( 'NONE',  ( 30.00000000000001421, 20.00000000000000000, 125.0000000000000000 ) ) ;
#1372 = CARTESIAN_POINT ( 'NONE',  ( -124.9999999999999716, 20.00000000000000000, -30.00000000000000000 ) ) ;
#1373 = COLOUR_RGB ( '',1.000000000000000000, 1.000000000000000000, 1.000000000000000000 ) ;
#1374 = DIRECTION ( 'NONE',  ( 1.000000000000000000, -1.423415318369119772E-33, 0.0000000000000000000 ) ) ;
#1375 = DIRECTION ( 'NONE',  ( 0.0000000000000000000, 0.0000000000000000000, 1.000000000000000000 ) ) ;
#1376 = ORIENTED_EDGE ( 'NONE', *, *, #1725, .T. ) ;
#1377 = EDGE_CURVE ( 'NONE', #4633, #298, #11, .T. ) ;
#1378 = LINE ( 'NONE', #4324, #523 ) ;
#1379 = DIRECTION ( 'NONE',  ( 0.0000000000000000000, 0.0000000000000000000, -1.000000000000000000 ) ) ;
#1380 = ORIENTED_EDGE ( 'NONE', *, *, #2189, .T. ) ;
#1381 = DIRECTION ( 'NONE',  ( -0.0000000000000000000, 1.000000000000000000, -0.0000000000000000000 ) ) ;
#1382 = ADVANCED_FACE ( 'NONE', ( #484 ), #3600, .F. ) ;
#1383 = VERTEX_POINT ( 'NONE', #2613 ) ;
#1384 = SURFACE_SIDE_STYLE ('',( #234 ) ) ;
#1385 = ORIENTED_EDGE ( 'NONE', *, *, #989, .F. ) ;
#1386 = CARTESIAN_POINT ( 'NONE',  ( 7.499999999999994671, 220.0000000000000284, -109.9999999999999858 ) ) ;
#1387 = DIRECTION ( 'NONE',  ( 0.0000000000000000000, 0.0000000000000000000, -1.000000000000000000 ) ) ;
#1388 = CARTESIAN_POINT ( 'NONE',  ( -7.500000000000000000, 220.0000000000000284, -90.00000000000000000 ) ) ;
#1389 = CIRCLE ( 'NONE', #990, 4.499999999999997335 ) ;
#1390 = ORIENTED_EDGE ( 'NONE', *, *, #651, .T. ) ;
#1391 = CIRCLE ( 'NONE', #3699, 3.400000000000014122 ) ;
#1392 = ORIENTED_EDGE ( 'NONE', *, *, #901, .F. ) ;
#1393 = CIRCLE ( 'NONE', #296, 3.400000000000000355 ) ;
#1394 =( NAMED_UNIT ( * ) PLANE_ANGLE_UNIT ( ) SI_UNIT ( $, .RADIAN. ) );
#1395 = ORIENTED_EDGE ( 'NONE', *, *, #1418, .F. ) ;
#1396 =( LENGTH_UNIT ( ) NAMED_UNIT ( * ) SI_UNIT ( .MILLI., .METRE. ) );
#1397 = VERTEX_POINT ( 'NONE', #4416 ) ;
#1398 = UNCERTAINTY_MEASURE_WITH_UNIT (LENGTH_MEASURE( 1.000000000000000082E-05 ), #2228, 'distance_accuracy_value', 'NONE');
#1399 = EDGE_CURVE ( 'NONE', #4514, #1626, #588, .T. ) ;
#1400 = DIRECTION ( 'NONE',  ( 0.0000000000000000000, -2.258249741334817486E-34, -1.000000000000000000 ) ) ;
#1401 = DIRECTION ( 'NONE',  ( 0.0000000000000000000, 0.0000000000000000000, 1.000000000000000000 ) ) ;
#1403 = ORIENTED_EDGE ( 'NONE', *, *, #2437, .F. ) ;
#1402 = CARTESIAN_POINT ( 'NONE',  ( -7.500000000000000000, 20.00000000000003197, -89.99999999999998579 ) ) ;
#1404 = CARTESIAN_POINT ( 'NONE',  ( -70.00000000000000000, 1480.000000000000000, 95.00000000000000000 ) ) ;
#1405 = VECTOR ( 'NONE', #586, 1000.000000000000114 ) ;
#1406 = FACE_OUTER_BOUND ( 'NONE', #4392, .T. ) ;
#1407 = EDGE_CURVE ( 'NONE', #859, #163, #4441, .T. ) ;
#1408 = EDGE_CURVE ( 'NONE', #1202, #933, #1545, .T. ) ;
#1409 = CARTESIAN_POINT ( 'NONE',  ( -70.00000000000000000, 1500.000000000000000, 92.00000000000000000 ) ) ;
#1410 = DIRECTION ( 'NONE',  ( -1.000000000000000000, 0.0000000000000000000, 1.020425574104005848E-16 ) ) ;
#1411 = ORIENTED_EDGE ( 'NONE', *, *, #2058, .T. ) ;
#1412 = LINE ( 'NONE', #2091, #3505 ) ;
#1413 = CARTESIAN_POINT ( 'NONE',  ( 67.99999999999998579, 1480.000000000000000, -68.00000000000000000 ) ) ;
#1414 = DIRECTION ( 'NONE',  ( 0.0000000000000000000, 0.0000000000000000000, 1.000000000000000000 ) ) ;
#1415 = EDGE_LOOP ( 'NONE', ( #3258, #3846 ) ) ;
#1416 = EDGE_CURVE ( 'NONE', #1973, #347, #1655, .T. ) ;
#1417 = AXIS2_PLACEMENT_3D ( 'NONE', #1801, #1816, #2546 ) ;
#1418 = EDGE_CURVE ( 'NONE', #1198, #2325, #2274, .T. ) ;
#1419 = DIRECTION ( 'NONE',  ( 1.000000000000000000, -1.423415318369119772E-33, 0.0000000000000000000 ) ) ;
#1420 = CARTESIAN_POINT ( 'NONE',  ( -90.00000000000000000, 1500.000000000000000, -90.00000000000000000 ) ) ;
#1421 = DIRECTION ( 'NONE',  ( -0.0000000000000000000, 1.000000000000000000, -0.0000000000000000000 ) ) ;
#1422 = PLANE ( 'NONE',  #2607 ) ;
#1423 = VERTEX_POINT ( 'NONE', #1484 ) ;
#1424 = DIRECTION ( 'NONE',  ( -0.0000000000000000000, 1.000000000000000000, -0.0000000000000000000 ) ) ;
#1425 = STYLED_ITEM ( 'NONE', ( #1160 ), #3874 ) ;
#1426 = EDGE_LOOP ( 'NONE', ( #3707, #884, #4115, #4464 ) ) ;
#1427 =( NAMED_UNIT ( * ) SI_UNIT ( $, .STERADIAN. ) SOLID_ANGLE_UNIT ( ) );
#1428 = LINE ( 'NONE', #4099, #4085 ) ;
#1429 =( GEOMETRIC_REPRESENTATION_CONTEXT ( 3 ) GLOBAL_UNCERTAINTY_ASSIGNED_CONTEXT ( ( #475 ) ) GLOBAL_UNIT_ASSIGNED_CONTEXT ( ( #1083, #3584, #1427 ) ) REPRESENTATION_CONTEXT ( 'NONE', 'WORKASPACE' ) );
#1430 = CARTESIAN_POINT ( 'NONE',  ( 0.0000000000000000000, 0.0000000000000000000, 0.0000000000000000000 ) ) ;
#1431 = AXIS2_PLACEMENT_3D ( 'NONE', #2410, #1692, #281 ) ;
#1432 = ORIENTED_EDGE ( 'NONE', *, *, #617, .F. ) ;
#1433 = DIRECTION ( 'NONE',  ( 0.0000000000000000000, 0.0000000000000000000, -1.000000000000000000 ) ) ;
#1434 = DIRECTION ( 'NONE',  ( -0.0000000000000000000, 1.000000000000000000, -0.0000000000000000000 ) ) ;
#1435 = ORIENTED_EDGE ( 'NONE', *, *, #140, .F. ) ;
#1436 = DIRECTION ( 'NONE',  ( 0.0000000000000000000, 0.0000000000000000000, 1.000000000000000000 ) ) ;
#1437 = FACE_OUTER_BOUND ( 'NONE', #2161, .T. ) ;
#1438 = ORIENTED_EDGE ( 'NONE', *, *, #3746, .F. ) ;
#1440 = EDGE_LOOP ( 'NONE', ( #3051, #567, #764, #3116 ) ) ;
#1439 = DIRECTION ( 'NONE',  ( 0.7071067811865541231, -0.0000000000000000000, -0.7071067811865409114 ) ) ;
#1441 = CARTESIAN_POINT ( 'NONE',  ( -114.9999999999999574, 1480.000000000000000, -124.9999999999999432 ) ) ;
#1442 = FACE_OUTER_BOUND ( 'NONE', #1577, .T. ) ;
#1443 = COLOUR_RGB ( '',1.000000000000000000, 1.000000000000000000, 1.000000000000000000 ) ;
#1444 = DIRECTION ( 'NONE',  ( 0.0000000000000000000, 0.0000000000000000000, 1.000000000000000000 ) ) ;
#1445 = ORIENTED_EDGE ( 'NONE', *, *, #2264, .T. ) ;
#1446 = AXIS2_PLACEMENT_3D ( 'NONE', #1404, #3923, #3187 ) ;
#1447 = VECTOR ( 'NONE', #949, 1000.000000000000000 ) ;
#1448 = VERTEX_POINT ( 'NONE', #121 ) ;
#1449 = EDGE_LOOP ( 'NONE', ( #1142, #2548, #3957, #1137 ) ) ;
#1450 = CARTESIAN_POINT ( 'NONE',  ( 7.500000000000000000, 20.00000000000000000, -150.0000000000000284 ) ) ;
#1451 = ADVANCED_FACE ( 'NONE', ( #2792 ), #2579, .F. ) ;
#1452 = AXIS2_PLACEMENT_3D ( 'NONE', #1253, #4544, #3039 ) ;
#1453 = CLOSED_SHELL ( 'NONE', ( #3156, #918, #528, #3874, #3551, #4032, #1932, #1473, #970, #3860, #1262, #1361, #4389, #507, #2605, #597, #4069, #3082, #3481, #2050, #4204, #2097, #1652, #2528, #3301, #242 ) ) ;
#1454 = ORIENTED_EDGE ( 'NONE', *, *, #3601, .T. ) ;
#1455 = LINE ( 'NONE', #2831, #2814 ) ;
#1456 = EDGE_LOOP ( 'NONE', ( #3064, #2006 ) ) ;
#1457 = LINE ( 'NONE', #972, #3958 ) ;
#1458 = CARTESIAN_POINT ( 'NONE',  ( -124.9999999999999716, 20.00000000000000000, -25.49999999999999645 ) ) ;
#1459 = DIRECTION ( 'NONE',  ( 0.0000000000000000000, 0.0000000000000000000, 1.000000000000000000 ) ) ;
#1460 = PRESENTATION_LAYER_ASSIGNMENT (  '', '', ( #3587 ) ) ;
#1461 = VECTOR ( 'NONE', #2653, 1000.000000000000000 ) ;
#1462 = CONICAL_SURFACE ( 'NONE', #1452, 3.500000000000003109, 0.7853981633975037902 ) ;
#1463 = DIRECTION ( 'NONE',  ( 0.0000000000000000000, 0.0000000000000000000, -1.000000000000000000 ) ) ;
#1464 = DIRECTION ( 'NONE',  ( 1.000000000000000000, 0.0000000000000000000, -1.982541115402068561E-16 ) ) ;
#1465 = EDGE_CURVE ( 'NONE', #4666, #2899, #4288, .T. ) ;
#1466 = EDGE_CURVE ( 'NONE', #1810, #1509, #2464, .T. ) ;
#1467 = DIRECTION ( 'NONE',  ( -0.0000000000000000000, 1.000000000000000000, -0.0000000000000000000 ) ) ;
#1468 = AXIS2_PLACEMENT_3D ( 'NONE', #689, #2455, #2878 ) ;
#1469 = CARTESIAN_POINT ( 'NONE',  ( 125.0000000000000568, 1500.000000000000000, 115.0000000000000142 ) ) ;
#1470 = DIRECTION ( 'NONE',  ( 0.0000000000000000000, 0.0000000000000000000, -1.000000000000000000 ) ) ;
#1471 = DIRECTION ( 'NONE',  ( -0.0000000000000000000, 1.000000000000000000, -0.0000000000000000000 ) ) ;
#1472 = VERTEX_POINT ( 'NONE', #1140 ) ;
#1473 = ADVANCED_FACE ( 'NONE', ( #1348, #1788, #3153, #2921, #4459 ), #430, .F. ) ;
#1474 = DIRECTION ( 'NONE',  ( 0.0000000000000000000, 0.0000000000000000000, -1.000000000000000000 ) ) ;
#1475 = DIRECTION ( 'NONE',  ( 0.0000000000000000000, 0.0000000000000000000, 1.000000000000000000 ) ) ;
#1476 = DIRECTION ( 'NONE',  ( 0.0000000000000000000, 0.0000000000000000000, 1.000000000000000000 ) ) ;
#1477 = ORIENTED_EDGE ( 'NONE', *, *, #2851, .T. ) ;
#1478 = AXIS2_PLACEMENT_3D ( 'NONE', #405, #1467, #1808 ) ;
#1479 = VECTOR ( 'NONE', #929, 1000.000000000000000 ) ;
#1480 =( NAMED_UNIT ( * ) SI_UNIT ( $, .STERADIAN. ) SOLID_ANGLE_UNIT ( ) );
#1481 = ORIENTED_EDGE ( 'NONE', *, *, #3989, .T. ) ;
#1482 = VECTOR ( 'NONE', #4054, 1000.000000000000000 ) ;
#1483 = STYLED_ITEM ( 'NONE', ( #2382 ), #4063 ) ;
#1484 = CARTESIAN_POINT ( 'NONE',  ( 140.0000000000000000, 20.00000000000000000, 150.0000000000000000 ) ) ;
#1485 = EDGE_LOOP ( 'NONE', ( #3180, #212, #4341, #1282 ) ) ;
#1486 = EDGE_CURVE ( 'NONE', #4312, #2885, #3674, .T. ) ;
#1487 =( LENGTH_UNIT ( ) NAMED_UNIT ( * ) SI_UNIT ( .MILLI., .METRE. ) );
#1488 = CIRCLE ( 'NONE', #1478, 4.500000000000003553 ) ;
#1489 = ORIENTED_EDGE ( 'NONE', *, *, #2445, .F. ) ;
#1490 = DIRECTION ( 'NONE',  ( -0.7071067811865541231, 0.0000000000000000000, 0.7071067811865409114 ) ) ;
#1491 = EDGE_CURVE ( 'NONE', #1235, #768, #3789, .T. ) ;
#1492 = CARTESIAN_POINT ( 'NONE',  ( 115.0000000000000711, 1500.000000000000000, 125.0000000000000000 ) ) ;
#1493 = CARTESIAN_POINT ( 'NONE',  ( -124.9999999999999716, 20.00000000000000000, -132.5000000000000000 ) ) ;
#1494 = AXIS2_PLACEMENT_3D ( 'NONE', #500, #1300, #4581 ) ;
#1495 = VERTEX_POINT ( 'NONE', #197 ) ;
#1496 = ORIENTED_EDGE ( 'NONE', *, *, #1632, .F. ) ;
#1497 = ORIENTED_EDGE ( 'NONE', *, *, #4624, .F. ) ;
#1498 = EDGE_CURVE ( 'NONE', #2570, #4293, #186, .T. ) ;
#1499 = PLANE ( 'NONE',  #1016 ) ;
#1500 = ORIENTED_EDGE ( 'NONE', *, *, #1970, .F. ) ;
#1501 = CARTESIAN_POINT ( 'NONE',  ( -90.00000000000000000, 1500.000000000000000, -95.09999999999999432 ) ) ;
#1502 = ORIENTED_EDGE ( 'NONE', *, *, #3190, .T. ) ;
#1503 = DIRECTION ( 'NONE',  ( 0.0000000000000000000, 0.0000000000000000000, 1.000000000000000000 ) ) ;
#1504 = DIRECTION ( 'NONE',  ( 0.0000000000000000000, 0.0000000000000000000, 1.000000000000000000 ) ) ;
#1506 = ORIENTED_EDGE ( 'NONE', *, *, #2020, .T. ) ;
#1505 = DIRECTION ( 'NONE',  ( -1.000000000000000000, -3.851859888774471706E-34, 1.982541115402069301E-16 ) ) ;
#1507 = SURFACE_SIDE_STYLE ('',( #90 ) ) ;
#1508 = CARTESIAN_POINT ( 'NONE',  ( -114.9999999999999574, 1500.000000000000000, 125.0000000000000000 ) ) ;
#1509 = VERTEX_POINT ( 'NONE', #3008 ) ;
#1510 = VECTOR ( 'NONE', #93, 1000.000000000000000 ) ;
#1511 = MECHANICAL_DESIGN_GEOMETRIC_PRESENTATION_REPRESENTATION (  '', ( #2557 ), #3796 ) ;
#1512 = FACE_OUTER_BOUND ( 'NONE', #4602, .T. ) ;
#1513 = DIRECTION ( 'NONE',  ( -0.0000000000000000000, -1.000000000000000000, -0.0000000000000000000 ) ) ;
#1514 = ORIENTED_EDGE ( 'NONE', *, *, #2944, .F. ) ;
#1515 = DIRECTION ( 'NONE',  ( 0.0000000000000000000, 0.0000000000000000000, -1.000000000000000000 ) ) ;
#1516 = DIRECTION ( 'NONE',  ( 0.0000000000000000000, 1.000000000000000000, 0.0000000000000000000 ) ) ;
#1517 = FILL_AREA_STYLE ('',( #4035 ) ) ;
#1518 = CARTESIAN_POINT ( 'NONE',  ( 69.99999999999985789, 1480.000000000000000, 89.99999999999997158 ) ) ;
#1519 = CARTESIAN_POINT ( 'NONE',  ( 30.00000000000001421, 0.0000000000000000000, 125.0000000000000000 ) ) ;
#1520 = CARTESIAN_POINT ( 'NONE',  ( -67.99999999999991473, 20.00000000000000355, 78.00000000000000000 ) ) ;
#1521 =( NAMED_UNIT ( * ) PLANE_ANGLE_UNIT ( ) SI_UNIT ( $, .RADIAN. ) );
#1522 = ADVANCED_FACE ( 'NONE', ( #790 ), #535, .F. ) ;
#1523 = VERTEX_POINT ( 'NONE', #1590 ) ;
#1524 = DIRECTION ( 'NONE',  ( 1.000000000000000000, 0.0000000000000000000, 0.0000000000000000000 ) ) ;
#1525 = DIRECTION ( 'NONE',  ( 1.423415318369119772E-33, -1.000000000000000000, -3.081487911019577365E-33 ) ) ;
#1526 = CARTESIAN_POINT ( 'NONE',  ( -124.9999999999999716, 20.00000000000000000, 125.0000000000000000 ) ) ;
#1527 = ORIENTED_EDGE ( 'NONE', *, *, #1219, .T. ) ;
#1528 = FACE_OUTER_BOUND ( 'NONE', #2777, .T. ) ;
#1529 = FILL_AREA_STYLE ('',( #1234 ) ) ;
#1530 = UNCERTAINTY_MEASURE_WITH_UNIT (LENGTH_MEASURE( 1.000000000000000082E-05 ), #2596, 'distance_accuracy_value', 'NONE');
#1531 = DIRECTION ( 'NONE',  ( 0.0000000000000000000, 0.0000000000000000000, 1.000000000000000000 ) ) ;
#1532 = ORIENTED_EDGE ( 'NONE', *, *, #1995, .T. ) ;
#1533 = PLANE ( 'NONE',  #4426 ) ;
#1534 = FACE_OUTER_BOUND ( 'NONE', #3662, .T. ) ;
#1535 = ORIENTED_EDGE ( 'NONE', *, *, #624, .F. ) ;
#1536 = PRODUCT_DEFINITION ( 'UNKNOWN', '', #890, #462 ) ;
#1537 = EDGE_CURVE ( 'NONE', #1843, #4171, #906, .T. ) ;
#1539 = CYLINDRICAL_SURFACE ( 'NONE', #4044, 4.499999999999997335 ) ;
#1538 = DIRECTION ( 'NONE',  ( -0.0000000000000000000, 1.000000000000000000, -0.0000000000000000000 ) ) ;
#1540 = CARTESIAN_POINT ( 'NONE',  ( -69.99999999999985789, 1480.000000000000000, 90.00000000000000000 ) ) ;
#1541 = VERTEX_POINT ( 'NONE', #4491 ) ;
#1542 = VERTEX_POINT ( 'NONE', #4526 ) ;
#1543 = EDGE_CURVE ( 'NONE', #3875, #4564, #4349, .T. ) ;
#1544 = DIRECTION ( 'NONE',  ( 0.7071067811865561215, 0.0000000000000000000, -0.7071067811865390240 ) ) ;
#1545 = LINE ( 'NONE', #3323, #4327 ) ;
#1546 = CIRCLE ( 'NONE', #4487, 9.999999999999994671 ) ;
#1547 =( GEOMETRIC_REPRESENTATION_CONTEXT ( 3 ) GLOBAL_UNCERTAINTY_ASSIGNED_CONTEXT ( ( #913 ) ) GLOBAL_UNIT_ASSIGNED_CONTEXT ( ( #3711, #1159, #820 ) ) REPRESENTATION_CONTEXT ( 'NONE', 'WORKASPACE' ) );
#1548 = ORIENTED_EDGE ( 'NONE', *, *, #413, .T. ) ;
#1549 = FACE_OUTER_BOUND ( 'NONE', #1367, .T. ) ;
#1550 = VECTOR ( 'NONE', #4235, 1000.000000000000000 ) ;
#1551 = DIRECTION ( 'NONE',  ( -1.000000000000000000, -3.851859888774471706E-34, 1.982541115402069301E-16 ) ) ;
#1552 = EDGE_CURVE ( 'NONE', #4564, #3875, #1570, .T. ) ;
#1553 = ORIENTED_EDGE ( 'NONE', *, *, #3294, .T. ) ;
#1554 = EDGE_CURVE ( 'NONE', #2084, #67, #2296, .T. ) ;
#1555 = DIRECTION ( 'NONE',  ( -0.0000000000000000000, 1.000000000000000000, -0.0000000000000000000 ) ) ;
#1556 = EDGE_LOOP ( 'NONE', ( #921, #866 ) ) ;
#1557 = LINE ( 'NONE', #2195, #392 ) ;
#1558 = VECTOR ( 'NONE', #3753, 1000.000000000000114 ) ;
#1559 = SURFACE_STYLE_FILL_AREA ( #2366 ) ;
#1560 = DIRECTION ( 'NONE',  ( -0.0000000000000000000, 1.000000000000000000, -0.0000000000000000000 ) ) ;
#1561 = STYLED_ITEM ( 'NONE', ( #2874 ), #1702 ) ;
#1562 = ORIENTED_EDGE ( 'NONE', *, *, #1632, .T. ) ;
#1563 = VERTEX_POINT ( 'NONE', #2307 ) ;
#1564 = VECTOR ( 'NONE', #2182, 1000.000000000000000 ) ;
#1565 = EDGE_LOOP ( 'NONE', ( #76, #653, #4495, #92 ) ) ;
#1566 = AXIS2_PLACEMENT_3D ( 'NONE', #377, #391, #2527 ) ;
#1567 = DIRECTION ( 'NONE',  ( 0.0000000000000000000, 0.0000000000000000000, 1.000000000000000000 ) ) ;
#1568 = DIRECTION ( 'NONE',  ( -0.0000000000000000000, 1.000000000000000000, -0.0000000000000000000 ) ) ;
#1569 = CARTESIAN_POINT ( 'NONE',  ( -150.0000000000000284, 0.0000000000000000000, -150.0000000000000000 ) ) ;
#1570 = CIRCLE ( 'NONE', #4238, 62.50000000000000000 ) ;
#1571 = ADVANCED_FACE ( 'NONE', ( #3330, #4641, #398, #615, #553, #291, #4403, #2700, #4520, #2401, #2174, #3565, #3454, #2518 ), #911, .F. ) ;
#1572 = FACE_OUTER_BOUND ( 'NONE', #2865, .T. ) ;
#1573 = DIRECTION ( 'NONE',  ( -0.0000000000000000000, -0.0000000000000000000, -1.000000000000000000 ) ) ;
#1574 = AXIS2_PLACEMENT_3D ( 'NONE', #479, #2996, #1186 ) ;
#1575 = FACE_BOUND ( 'NONE', #504, .T. ) ;
#1576 = EDGE_CURVE ( 'NONE', #3770, #174, #1022, .T. ) ;
#1577 = EDGE_LOOP ( 'NONE', ( #529, #487, #3281, #3604, #878 ) ) ;
#1578 = EDGE_LOOP ( 'NONE', ( #1392, #79, #266, #1712 ) ) ;
#1579 = DIRECTION ( 'NONE',  ( 1.000000000000000000, -0.0000000000000000000, -0.0000000000000000000 ) ) ;
#1580 = FACE_BOUND ( 'NONE', #1280, .T. ) ;
#1581 = DIRECTION ( 'NONE',  ( 0.0000000000000000000, 0.0000000000000000000, 1.000000000000000000 ) ) ;
#1582 = ORIENTED_EDGE ( 'NONE', *, *, #358, .F. ) ;
#1583 = CARTESIAN_POINT ( 'NONE',  ( -124.9999999999999432, 1500.000000000000000, 115.0000000000000426 ) ) ;
#1584 = CARTESIAN_POINT ( 'NONE',  ( -90.00000000000000000, 1480.000000000000000, -90.00000000000000000 ) ) ;
#1585 = VERTEX_POINT ( 'NONE', #1939 ) ;
#1586 = EDGE_CURVE ( 'NONE', #3137, #1169, #3897, .T. ) ;
#1587 = EDGE_CURVE ( 'NONE', #4512, #4608, #2873, .T. ) ;
#1588 = VERTEX_POINT ( 'NONE', #4108 ) ;
#1589 = FACE_OUTER_BOUND ( 'NONE', #2946, .T. ) ;
#1590 = CARTESIAN_POINT ( 'NONE',  ( -90.00000000000000000, 220.0000000000000284, 7.500000000000013323 ) ) ;
#1591 = CIRCLE ( 'NONE', #1996, 7.500000000000007105 ) ;
#1592 = ORIENTED_EDGE ( 'NONE', *, *, #2533, .F. ) ;
#1593 = DIRECTION ( 'NONE',  ( -0.0000000000000000000, 1.000000000000000000, -0.0000000000000000000 ) ) ;
#1594 = CARTESIAN_POINT ( 'NONE',  ( -114.9999999999999574, 1500.000000000000000, -124.9999999999999432 ) ) ;
#1595 = DIRECTION ( 'NONE',  ( 0.7071067811865474617, 0.0000000000000000000, -0.7071067811865474617 ) ) ;
#1596 = CIRCLE ( 'NONE', #3970, 2.499999999999946709 ) ;
#1597 = VERTEX_POINT ( 'NONE', #3802 ) ;
#1598 =( GEOMETRIC_REPRESENTATION_CONTEXT ( 3 ) GLOBAL_UNCERTAINTY_ASSIGNED_CONTEXT ( ( #1530 ) ) GLOBAL_UNIT_ASSIGNED_CONTEXT ( ( #2596, #2563, #3285 ) ) REPRESENTATION_CONTEXT ( 'NONE', 'WORKASPACE' ) );
#1599 = DIRECTION ( 'NONE',  ( -1.982541115402069301E-16, -1.663451729555196362E-36, -1.000000000000000000 ) ) ;
#1600 = VERTEX_POINT ( 'NONE', #4156 ) ;
#1601 = VECTOR ( 'NONE', #888, 1000.000000000000000 ) ;
#1602 = DIRECTION ( 'NONE',  ( -0.7071067811865465735, 0.0000000000000000000, 0.7071067811865484609 ) ) ;
#1603 = ORIENTED_EDGE ( 'NONE', *, *, #1001, .F. ) ;
#1604 = LINE ( 'NONE', #1095, #2683 ) ;
#1605 = DIRECTION ( 'NONE',  ( 0.0000000000000000000, -1.000000000000000000, 0.0000000000000000000 ) ) ;
#1606 = CARTESIAN_POINT ( 'NONE',  ( 124.9999999999999716, 20.00000000000000000, 25.50000000000000711 ) ) ;
#1607 = EDGE_CURVE ( 'NONE', #1052, #2698, #30, .T. ) ;
#1609 = EDGE_LOOP ( 'NONE', ( #1385, #287 ) ) ;
#1608 = CARTESIAN_POINT ( 'NONE',  ( 30.00000000000000000, 20.00000000000000000, -125.0000000000000000 ) ) ;
#1610 = EDGE_CURVE ( 'NONE', #3670, #782, #4119, .T. ) ;
#1611 = CIRCLE ( 'NONE', #3341, 7.500000000000007105 ) ;
#1612 = LINE ( 'NONE', #2523, #1341 ) ;
#1613 = AXIS2_PLACEMENT_3D ( 'NONE', #2936, #2948, #1459 ) ;
#1614 = VECTOR ( 'NONE', #4070, 1000.000000000000000 ) ;
#1615 = ADVANCED_FACE ( 'NONE', ( #1229 ), #3392, .F. ) ;
#1616 = VERTEX_POINT ( 'NONE', #3515 ) ;
#1617 = CARTESIAN_POINT ( 'NONE',  ( 125.0000000000000568, 1480.000000000000000, 115.0000000000000142 ) ) ;
#1618 = ORIENTED_EDGE ( 'NONE', *, *, #1408, .T. ) ;
#1619 = ORIENTED_EDGE ( 'NONE', *, *, #3106, .F. ) ;
#1620 = PLANE ( 'NONE',  #1893 ) ;
#1621 = CIRCLE ( 'NONE', #2260, 20.00000000000000355 ) ;
#1622 = CARTESIAN_POINT ( 'NONE',  ( -29.99999999999998579, 20.00000000000000000, 120.5000000000000284 ) ) ;
#1623 = ORIENTED_EDGE ( 'NONE', *, *, #2784, .T. ) ;
#1624 = VECTOR ( 'NONE', #799, 1000.000000000000114 ) ;
#1625 = FACE_OUTER_BOUND ( 'NONE', #2224, .T. ) ;
#1626 = VERTEX_POINT ( 'NONE', #344 ) ;
#1627 = DIRECTION ( 'NONE',  ( -0.0000000000000000000, 1.000000000000000000, -0.0000000000000000000 ) ) ;
#1628 = DIRECTION ( 'NONE',  ( 0.0000000000000000000, 0.0000000000000000000, 1.000000000000000000 ) ) ;
#1629 = DIRECTION ( 'NONE',  ( -1.000000000000000000, 0.0000000000000000000, 0.0000000000000000000 ) ) ;
#1630 = ORIENTED_EDGE ( 'NONE', *, *, #2533, .T. ) ;
#1631 = DIRECTION ( 'NONE',  ( -0.0000000000000000000, 1.000000000000000000, -0.0000000000000000000 ) ) ;
#1632 = EDGE_CURVE ( 'NONE', #3977, #3046, #1730, .T. ) ;
#1633 = CARTESIAN_POINT ( 'NONE',  ( -124.9999999999999716, 20.00000000000000000, -132.5000000000000000 ) ) ;
#1634 = ADVANCED_FACE ( 'NONE', ( #1837 ), #1020, .F. ) ;
#1635 = COLOUR_RGB ( '',1.000000000000000000, 1.000000000000000000, 1.000000000000000000 ) ;
#1636 = EDGE_LOOP ( 'NONE', ( #3385, #116, #1535, #662 ) ) ;
#1637 = AXIS2_PLACEMENT_3D ( 'NONE', #883, #931, #3452 ) ;
#1638 = FILL_AREA_STYLE_COLOUR ( '', #4167 ) ;
#1639 = SURFACE_SIDE_STYLE ('',( #4567 ) ) ;
#1640 =( NAMED_UNIT ( * ) PLANE_ANGLE_UNIT ( ) SI_UNIT ( $, .RADIAN. ) );
#1641 = ORIENTED_EDGE ( 'NONE', *, *, #1255, .F. ) ;
#1642 = LINE ( 'NONE', #1978, #367 ) ;
#1643 = DIRECTION ( 'NONE',  ( -4.386237095914525535E-66, -3.081487911019577365E-33, -1.000000000000000000 ) ) ;
#1644 = EDGE_CURVE ( 'NONE', #3869, #3797, #1412, .T. ) ;
#1645 = FACE_BOUND ( 'NONE', #4125, .T. ) ;
#1646 = EDGE_CURVE ( 'NONE', #3306, #3220, #2225, .T. ) ;
#1647 = CARTESIAN_POINT ( 'NONE',  ( -90.00000000000000000, 1500.000000000000000, -90.00000000000000000 ) ) ;
#1648 = EDGE_LOOP ( 'NONE', ( #4359, #917, #2647, #3444 ) ) ;
#1649 = CARTESIAN_POINT ( 'NONE',  ( -124.9999999999999716, 20.00000000000000000, 33.39999999999999858 ) ) ;
#1650 = CIRCLE ( 'NONE', #343, 20.00000000000000355 ) ;
#1651 = DIRECTION ( 'NONE',  ( -7.401486830834376525E-17, -1.000000000000000000, -0.0000000000000000000 ) ) ;
#1652 = ADVANCED_FACE ( 'NONE', ( #2007 ), #27, .F. ) ;
#1653 = AXIS2_PLACEMENT_3D ( 'NONE', #4363, #1757, #4313 ) ;
#1654 = VERTEX_POINT ( 'NONE', #2043 ) ;
#1655 = LINE ( 'NONE', #2945, #3254 ) ;
#1656 =( NAMED_UNIT ( * ) PLANE_ANGLE_UNIT ( ) SI_UNIT ( $, .RADIAN. ) );
#1657 = CIRCLE ( 'NONE', #951, 7.500000000000007105 ) ;
#1658 = ORIENTED_EDGE ( 'NONE', *, *, #4472, .F. ) ;
#1659 = VERTEX_POINT ( 'NONE', #4258 ) ;
#1660 = LINE ( 'NONE', #1857, #3608 ) ;
#1661 = DIRECTION ( 'NONE',  ( -1.982541115402069054E-16, 1.749782757909690046E-35, -1.000000000000000000 ) ) ;
#1662 = FACE_BOUND ( 'NONE', #993, .T. ) ;
#1663 = ORIENTED_EDGE ( 'NONE', *, *, #3828, .F. ) ;
#1664 = ORIENTED_EDGE ( 'NONE', *, *, #4552, .F. ) ;
#1665 = LINE ( 'NONE', #111, #4000 ) ;
#1666 = CIRCLE ( 'NONE', #4190, 4.500000000000003553 ) ;
#1667 = CARTESIAN_POINT ( 'NONE',  ( -7.499999999999989342, 20.00000000000001776, 139.9999999999999716 ) ) ;
#1668 = CARTESIAN_POINT ( 'NONE',  ( 90.00000000000000000, 1455.000000000000000, 47.49999999999994316 ) ) ;
#1669 = ORIENTED_EDGE ( 'NONE', *, *, #1930, .T. ) ;
#1670 = DIRECTION ( 'NONE',  ( -7.401486830834376525E-17, -1.000000000000000000, -0.0000000000000000000 ) ) ;
#1671 = EDGE_CURVE ( 'NONE', #1926, #4293, #353, .T. ) ;
#1672 = EDGE_LOOP ( 'NONE', ( #425, #3893, #3369, #3947 ) ) ;
#1673 = COLOUR_RGB ( '',1.000000000000000000, 1.000000000000000000, 1.000000000000000000 ) ;
#1674 = LINE ( 'NONE', #625, #2643 ) ;
#1675 = DIRECTION ( 'NONE',  ( 0.0000000000000000000, -3.081487911019577365E-33, -1.000000000000000000 ) ) ;
#1676 = DIRECTION ( 'NONE',  ( 0.0000000000000000000, 0.0000000000000000000, 1.000000000000000000 ) ) ;
#1677 = VECTOR ( 'NONE', #1244, 1000.000000000000000 ) ;
#1678 = PRESENTATION_STYLE_ASSIGNMENT (( #1301 ) ) ;
#1679 = EDGE_LOOP ( 'NONE', ( #456, #731 ) ) ;
#1680 = CIRCLE ( 'NONE', #2905, 3.000000000000002665 ) ;
#1681 = CARTESIAN_POINT ( 'NONE',  ( -140.0000000000000000, 70.00000000000001421, 7.500000000000013323 ) ) ;
#1682 = ADVANCED_FACE ( 'NONE', ( #3099 ), #241, .F. ) ;
#1683 = ORIENTED_EDGE ( 'NONE', *, *, #77, .F. ) ;
#1684 = EDGE_LOOP ( 'NONE', ( #3462, #3679, #219, #3935 ) ) ;
#1685 = AXIS2_PLACEMENT_3D ( 'NONE', #1034, #4232, #1369 ) ;
#1686 = PLANE ( 'NONE',  #2022 ) ;
#1687 = DIRECTION ( 'NONE',  ( 0.0000000000000000000, 1.000000000000000000, 0.0000000000000000000 ) ) ;
#1688 = PLANE ( 'NONE',  #3365 ) ;
#1689 = AXIS2_PLACEMENT_3D ( 'NONE', #2522, #693, #1750 ) ;
#1690 = ORIENTED_EDGE ( 'NONE', *, *, #3912, .F. ) ;
#1691 = DIRECTION ( 'NONE',  ( 0.0000000000000000000, 0.0000000000000000000, 1.000000000000000000 ) ) ;
#1692 = DIRECTION ( 'NONE',  ( 1.000000000000000000, -1.540743955509788682E-33, -1.982541115402069054E-16 ) ) ;
#1693 = ORIENTED_EDGE ( 'NONE', *, *, #2859, .F. ) ;
#1694 = DIRECTION ( 'NONE',  ( -1.000000000000000000, -3.851859888774471706E-34, 1.982541115402069301E-16 ) ) ;
#1695 = VECTOR ( 'NONE', #804, 999.9999999999998863 ) ;
#1696 = EDGE_CURVE ( 'NONE', #1563, #4535, #4177, .T. ) ;
#1697 = EDGE_LOOP ( 'NONE', ( #2, #885 ) ) ;
#1698 = APPLICATION_CONTEXT ( 'automotive_design' ) ;
#1699 = CARTESIAN_POINT ( 'NONE',  ( -30.00000000000001421, 0.0000000000000000000, -125.0000000000000000 ) ) ;
#1700 = CONTEXT_DEPENDENT_SHAPE_REPRESENTATION ( #3161, #4329 ) ;
#1701 = CIRCLE ( 'NONE', #216, 2.499999999999946709 ) ;
#1702 = ADVANCED_FACE ( 'NONE', ( #3213 ), #2639, .F. ) ;
#1703 = ORIENTED_EDGE ( 'NONE', *, *, #1242, .F. ) ;
#1704 = EDGE_CURVE ( 'NONE', #1797, #2940, #4182, .T. ) ;
#1705 = EDGE_CURVE ( 'NONE', #3484, #1654, #843, .T. ) ;
#1706 = CARTESIAN_POINT ( 'NONE',  ( 149.9999999999999716, 0.0000000000000000000, -150.0000000000000000 ) ) ;
#1707 =( NAMED_UNIT ( * ) SI_UNIT ( $, .STERADIAN. ) SOLID_ANGLE_UNIT ( ) );
#1708 = DIRECTION ( 'NONE',  ( -1.982541115402069054E-16, 1.749782757909690046E-35, -1.000000000000000000 ) ) ;
#1709 = CYLINDRICAL_SURFACE ( 'NONE', #4294, 4.500000000000003553 ) ;
#1710 = ORIENTED_EDGE ( 'NONE', *, *, #1704, .F. ) ;
#1711 = ORIENTED_EDGE ( 'NONE', *, *, #2934, .T. ) ;
#1712 = ORIENTED_EDGE ( 'NONE', *, *, #1928, .F. ) ;
#1713 = LINE ( 'NONE', #3140, #385 ) ;
#1714 = SURFACE_STYLE_USAGE ( .BOTH. , #4252 ) ;
#1716 = VERTEX_POINT ( 'NONE', #1862 ) ;
#1715 = DIRECTION ( 'NONE',  ( -1.000000000000000000, 0.0000000000000000000, 3.061276722312015942E-16 ) ) ;
#1717 = FILL_AREA_STYLE_COLOUR ( '', #1443 ) ;
#1718 = AXIS2_PLACEMENT_3D ( 'NONE', #1024, #4027, #1065 ) ;
#1719 = VECTOR ( 'NONE', #3027, 1000.000000000000000 ) ;
#1720 = CARTESIAN_POINT ( 'NONE',  ( -150.0000000000000284, 20.00000000000000000, -150.0000000000000000 ) ) ;
#1721 = VERTEX_POINT ( 'NONE', #4420 ) ;
#1722 = SURFACE_STYLE_FILL_AREA ( #4516 ) ;
#1723 = FACE_OUTER_BOUND ( 'NONE', #2838, .T. ) ;
#1724 = ORIENTED_EDGE ( 'NONE', *, *, #4398, .T. ) ;
#1725 = EDGE_CURVE ( 'NONE', #711, #3391, #3338, .T. ) ;
#1726 = ORIENTED_EDGE ( 'NONE', *, *, #1491, .F. ) ;
#1727 = FILL_AREA_STYLE_COLOUR ( '', #4208 ) ;
#1728 = ADVANCED_FACE ( 'NONE', ( #4453 ), #2977, .F. ) ;
#1729 = ORIENTED_EDGE ( 'NONE', *, *, #826, .T. ) ;
#1730 = CIRCLE ( 'NONE', #2864, 20.00000000000000355 ) ;
#1731 = CARTESIAN_POINT ( 'NONE',  ( -7.500000000000000000, 220.0000000000000284, -90.00000000000000000 ) ) ;
#1732 = VECTOR ( 'NONE', #1573, 1000.000000000000000 ) ;
#1733 =( NAMED_UNIT ( * ) SI_UNIT ( $, .STERADIAN. ) SOLID_ANGLE_UNIT ( ) );
#1734 = CARTESIAN_POINT ( 'NONE',  ( 124.9999999999999716, 20.00000000000000000, -33.39999999999999858 ) ) ;
#1735 = DIRECTION ( 'NONE',  ( -0.7071067811865484609, 0.0000000000000000000, -0.7071067811865465735 ) ) ;
#1736 = FACE_OUTER_BOUND ( 'NONE', #4216, .T. ) ;
#1737 = UNCERTAINTY_MEASURE_WITH_UNIT (LENGTH_MEASURE( 1.000000000000000082E-05 ), #3002, 'distance_accuracy_value', 'NONE');
#1738 = ORIENTED_EDGE ( 'NONE', *, *, #3542, .T. ) ;
#1739 =( NAMED_UNIT ( * ) SI_UNIT ( $, .STERADIAN. ) SOLID_ANGLE_UNIT ( ) );
#1740 = CARTESIAN_POINT ( 'NONE',  ( 70.00000000000000000, 1499.500000000000000, -95.00000000000000000 ) ) ;
#1741 = SURFACE_SIDE_STYLE ('',( #3934 ) ) ;
#1742 = ORIENTED_EDGE ( 'NONE', *, *, #1811, .F. ) ;
#1743 = AXIS2_PLACEMENT_3D ( 'NONE', #3477, #915, #881 ) ;
#1744 = PRESENTATION_LAYER_ASSIGNMENT (  '', '', ( #952 ) ) ;
#1745 = DIRECTION ( 'NONE',  ( 0.0000000000000000000, 0.0000000000000000000, 1.000000000000000000 ) ) ;
#1746 = ORIENTED_EDGE ( 'NONE', *, *, #1705, .F. ) ;
#1747 = ADVANCED_FACE ( 'NONE', ( #1288 ), #3348, .F. ) ;
#1748 = DIRECTION ( 'NONE',  ( -0.0000000000000000000, 1.000000000000000000, -0.0000000000000000000 ) ) ;
#1749 = CARTESIAN_POINT ( 'NONE',  ( 90.00000000000000000, 1480.000000000000000, 69.99999999999982947 ) ) ;
#1750 = DIRECTION ( 'NONE',  ( 0.0000000000000000000, 0.0000000000000000000, 1.000000000000000000 ) ) ;
#1751 = CARTESIAN_POINT ( 'NONE',  ( 70.00000000000000000, 1500.000000000000000, -95.00000000000000000 ) ) ;
#1752 = DIRECTION ( 'NONE',  ( -1.000000000000000000, 0.0000000000000000000, 1.850371707708594316E-16 ) ) ;
#1753 = EDGE_LOOP ( 'NONE', ( #3202, #3664 ) ) ;
#1754 = VECTOR ( 'NONE', #160, 1000.000000000000000 ) ;
#1755 = DIRECTION ( 'NONE',  ( 0.0000000000000000000, 0.0000000000000000000, 1.000000000000000000 ) ) ;
#1756 = VERTEX_POINT ( 'NONE', #3221 ) ;
#1757 = DIRECTION ( 'NONE',  ( -0.0000000000000000000, 1.000000000000000000, -0.0000000000000000000 ) ) ;
#1758 = ORIENTED_EDGE ( 'NONE', *, *, #2086, .F. ) ;
#1759 = VECTOR ( 'NONE', #4215, 1000.000000000000000 ) ;
#1760 = CIRCLE ( 'NONE', #4635, 2.499999999999946709 ) ;
#1761 = EDGE_LOOP ( 'NONE', ( #1641, #4159, #1982, #3743 ) ) ;
#1762 = DIRECTION ( 'NONE',  ( 0.0000000000000000000, 0.0000000000000000000, -1.000000000000000000 ) ) ;
#1763 = ORIENTED_EDGE ( 'NONE', *, *, #64, .T. ) ;
#1764 = COLOUR_RGB ( '',1.000000000000000000, 1.000000000000000000, 1.000000000000000000 ) ;
#1765 = DIRECTION ( 'NONE',  ( 0.0000000000000000000, -3.081487911019577365E-33, -1.000000000000000000 ) ) ;
#1766 = CIRCLE ( 'NONE', #1240, 2.499999999999946709 ) ;
#1767 = VERTEX_POINT ( 'NONE', #3590 ) ;
#1768 = ORIENTED_EDGE ( 'NONE', *, *, #1786, .F. ) ;
#1769 = LINE ( 'NONE', #4314, #1061 ) ;
#1770 = CARTESIAN_POINT ( 'NONE',  ( 90.00000000000000000, 1500.000000000000000, 90.00000000000000000 ) ) ;
#1771 = DIRECTION ( 'NONE',  ( 0.0000000000000000000, 1.000000000000000000, 0.0000000000000000000 ) ) ;
#1772 = DIRECTION ( 'NONE',  ( -0.0000000000000000000, 1.000000000000000000, -0.0000000000000000000 ) ) ;
#1773 = EDGE_LOOP ( 'NONE', ( #676, #2610, #4395, #2469 ) ) ;
#1774 = CIRCLE ( 'NONE', #279, 5.099999999999993427 ) ;
#1775 = CYLINDRICAL_SURFACE ( 'NONE', #89, 5.099999999999993427 ) ;
#1776 = VECTOR ( 'NONE', #264, 1000.000000000000000 ) ;
#1777 = EDGE_CURVE ( 'NONE', #3361, #3389, #4345, .T. ) ;
#1778 = DIRECTION ( 'NONE',  ( 1.000000000000000000, 0.0000000000000000000, -1.982541115402069301E-16 ) ) ;
#1779 = ORIENTED_EDGE ( 'NONE', *, *, #3280, .T. ) ;
#1780 = CARTESIAN_POINT ( 'NONE',  ( 0.0000000000000000000, 0.0000000000000000000, 0.0000000000000000000 ) ) ;
#1782 = EDGE_LOOP ( 'NONE', ( #2206, #2254, #801, #1325 ) ) ;
#1781 = PLANE ( 'NONE',  #4317 ) ;
#1783 = ORIENTED_EDGE ( 'NONE', *, *, #2173, .F. ) ;
#1784 = CIRCLE ( 'NONE', #685, 5.099999999999993427 ) ;
#1785 = EDGE_CURVE ( 'NONE', #961, #947, #609, .T. ) ;
#1786 = EDGE_CURVE ( 'NONE', #23, #2052, #2352, .T. ) ;
#1787 =( LENGTH_UNIT ( ) NAMED_UNIT ( * ) SI_UNIT ( .MILLI., .METRE. ) );
#1788 = FACE_BOUND ( 'NONE', #3252, .T. ) ;
#1789 = UNCERTAINTY_MEASURE_WITH_UNIT (LENGTH_MEASURE( 1.000000000000000082E-05 ), #974, 'distance_accuracy_value', 'NONE');
#1790 = DIRECTION ( 'NONE',  ( 1.000000000000000000, -0.0000000000000000000, -0.0000000000000000000 ) ) ;
#1791 = CARTESIAN_POINT ( 'NONE',  ( -149.9999999999999716, 0.0000000000000000000, 150.0000000000000000 ) ) ;
#1792 = ORIENTED_EDGE ( 'NONE', *, *, #1554, .F. ) ;
#1793 = EDGE_CURVE ( 'NONE', #4474, #1128, #2121, .T. ) ;
#1794 = ADVANCED_FACE ( 'NONE', ( #1295 ), #83, .F. ) ;
#1795 = CARTESIAN_POINT ( 'NONE',  ( 7.500000000000005329, 220.0000000000000284, 109.9999999999999858 ) ) ;
#1796 = PRESENTATION_LAYER_ASSIGNMENT (  '', '', ( #4121 ) ) ;
#1797 = VERTEX_POINT ( 'NONE', #1839 ) ;
#1798 = AXIS2_PLACEMENT_3D ( 'NONE', #1413, #1771, #325 ) ;
#1799 = DIRECTION ( 'NONE',  ( 0.0000000000000000000, 0.0000000000000000000, 1.000000000000000000 ) ) ;
#1800 = VECTOR ( 'NONE', #1651, 1000.000000000000000 ) ;
#1801 = CARTESIAN_POINT ( 'NONE',  ( -149.9999999999999716, 20.00000000000000000, 150.0000000000000000 ) ) ;
#1802 = ORIENTED_EDGE ( 'NONE', *, *, #3805, .T. ) ;
#1803 = CARTESIAN_POINT ( 'NONE',  ( -110.0000000000000000, 220.0000000000000284, 7.500000000000013323 ) ) ;
#1804 = DIRECTION ( 'NONE',  ( -0.0000000000000000000, 1.000000000000000000, 0.0000000000000000000 ) ) ;
#1805 = DIRECTION ( 'NONE',  ( -1.932701039895096239E-34, -1.000000000000000000, 1.540743955509788682E-33 ) ) ;
#1806 = DIRECTION ( 'NONE',  ( 0.0000000000000000000, 0.0000000000000000000, -1.000000000000000000 ) ) ;
#1807 = EDGE_LOOP ( 'NONE', ( #4257, #1792, #2544, #1216, #332 ) ) ;
#1808 = DIRECTION ( 'NONE',  ( 0.0000000000000000000, 0.0000000000000000000, 1.000000000000000000 ) ) ;
#1809 = FACE_OUTER_BOUND ( 'NONE', #2122, .T. ) ;
#1810 = VERTEX_POINT ( 'NONE', #142 ) ;
#1811 = EDGE_CURVE ( 'NONE', #1289, #447, #127, .T. ) ;
#1812 = EDGE_CURVE ( 'NONE', #4284, #2940, #3090, .T. ) ;
#1813 = AXIS2_PLACEMENT_3D ( 'NONE', #1132, #2883, #2939 ) ;
#1814 = DIRECTION ( 'NONE',  ( -0.0000000000000000000, 1.000000000000000000, -0.0000000000000000000 ) ) ;
#1815 = ORIENTED_EDGE ( 'NONE', *, *, #2273, .T. ) ;
#1816 = DIRECTION ( 'NONE',  ( 0.0000000000000000000, 0.0000000000000000000, -1.000000000000000000 ) ) ;
#1817 = ORIENTED_EDGE ( 'NONE', *, *, #1085, .F. ) ;
#1818 = AXIS2_PLACEMENT_3D ( 'NONE', #2067, #1424, #1755 ) ;
#1819 = CARTESIAN_POINT ( 'NONE',  ( -90.00000000000000000, 220.0000000000000284, -7.499999999999985789 ) ) ;
#1820 = ORIENTED_EDGE ( 'NONE', *, *, #64, .F. ) ;
#1821 = PRESENTATION_LAYER_ASSIGNMENT (  '', '', ( #3657 ) ) ;
#1822 = CARTESIAN_POINT ( 'NONE',  ( 115.0000000000000711, 1480.000000000000000, 125.0000000000000000 ) ) ;
#1823 = DIRECTION ( 'NONE',  ( -3.081487911019577365E-33, -1.540743955509788682E-33, -1.000000000000000000 ) ) ;
#1824 = CARTESIAN_POINT ( 'NONE',  ( 125.0000000000000568, 1480.000000000000000, -114.9999999999999858 ) ) ;
#1825 = LINE ( 'NONE', #3549, #3877 ) ;
#1826 = ORIENTED_EDGE ( 'NONE', *, *, #4370, .F. ) ;
#1827 = PRESENTATION_STYLE_ASSIGNMENT (( #3366 ) ) ;
#1828 = VECTOR ( 'NONE', #2763, 1000.000000000000000 ) ;
#1829 = LINE ( 'NONE', #1342, #1115 ) ;
#1830 = AXIS2_PLACEMENT_3D ( 'NONE', #1848, #4381, #2165 ) ;
#1831 = ORIENTED_EDGE ( 'NONE', *, *, #3166, .F. ) ;
#1832 = CARTESIAN_POINT ( 'NONE',  ( -69.99999999999985789, 20.00000000000000355, -89.99999999999997158 ) ) ;
#1833 = LINE ( 'NONE', #1386, #1018 ) ;
#1834 = CARTESIAN_POINT ( 'NONE',  ( 90.00000000000000000, 1415.000000000000000, -45.00000000000000000 ) ) ;
#1835 = CARTESIAN_POINT ( 'NONE',  ( 70.00000000000000000, 1500.000000000000000, -95.00000000000000000 ) ) ;
#1836 = ORIENTED_EDGE ( 'NONE', *, *, #937, .F. ) ;
#1837 = FACE_OUTER_BOUND ( 'NONE', #3030, .T. ) ;
#1838 = LINE ( 'NONE', #146, #3038 ) ;
#1839 = CARTESIAN_POINT ( 'NONE',  ( 69.99999999999985789, 1480.000000000000000, 89.99999999999997158 ) ) ;
#1841 = LINE ( 'NONE', #2025, #4574 ) ;
#1840 = CARTESIAN_POINT ( 'NONE',  ( 0.0000000000000000000, -0.001000000000001000089, 0.0000000000000000000 ) ) ;
#1842 = CARTESIAN_POINT ( 'NONE',  ( 62.49999999999997868, 1500.000000000000000, 0.0000000000000000000 ) ) ;
#1843 = VERTEX_POINT ( 'NONE', #4603 ) ;
#1844 = EDGE_CURVE ( 'NONE', #3107, #4514, #1455, .T. ) ;
#1845 = ORIENTED_EDGE ( 'NONE', *, *, #1321, .T. ) ;
#1846 = CARTESIAN_POINT ( 'NONE',  ( -124.9999999999999716, 20.00000000000000000, 30.00000000000000000 ) ) ;
#1847 = DIRECTION ( 'NONE',  ( -0.0000000000000000000, 1.000000000000000000, -0.0000000000000000000 ) ) ;
#1848 = CARTESIAN_POINT ( 'NONE',  ( -90.00000000000000000, 1500.000000000000000, 90.00000000000000000 ) ) ;
#1849 = CARTESIAN_POINT ( 'NONE',  ( 145.0000000000000284, 20.00000000000000000, 145.0000000000000000 ) ) ;
#1850 = ORIENTED_EDGE ( 'NONE', *, *, #627, .F. ) ;
#1851 = CARTESIAN_POINT ( 'NONE',  ( 115.0000000000000711, 1480.000000000000000, -124.9999999999999432 ) ) ;
#1852 = CYLINDRICAL_SURFACE ( 'NONE', #357, 5.099999999999993427 ) ;
#1853 = LINE ( 'NONE', #1849, #3177 ) ;
#1854 = DIRECTION ( 'NONE',  ( 0.0000000000000000000, 0.0000000000000000000, 1.000000000000000000 ) ) ;
#1855 = ORIENTED_EDGE ( 'NONE', *, *, #100, .F. ) ;
#1856 = EDGE_CURVE ( 'NONE', #417, #2640, #4568, .T. ) ;
#1857 = CARTESIAN_POINT ( 'NONE',  ( 90.00000000000000000, 1455.000000000000000, -47.49999999999994316 ) ) ;
#1858 = CYLINDRICAL_SURFACE ( 'NONE', #4048, 75.00000000000001421 ) ;
#1859 = CIRCLE ( 'NONE', #318, 5.099999999999993427 ) ;
#1860 = VERTEX_POINT ( 'NONE', #811 ) ;
#1861 = SURFACE_STYLE_USAGE ( .BOTH. , #2538 ) ;
#1862 = CARTESIAN_POINT ( 'NONE',  ( 142.5000000000000568, 0.0000000000000000000, 4.969982758673552325E-13 ) ) ;
#1863 =( NAMED_UNIT ( * ) PLANE_ANGLE_UNIT ( ) SI_UNIT ( $, .RADIAN. ) );
#1864 = EDGE_CURVE ( 'NONE', #1945, #1397, #3607, .T. ) ;
#1865 =( NAMED_UNIT ( * ) PLANE_ANGLE_UNIT ( ) SI_UNIT ( $, .RADIAN. ) );
#1866 = UNCERTAINTY_MEASURE_WITH_UNIT (LENGTH_MEASURE( 1.000000000000000082E-05 ), #2460, 'distance_accuracy_value', 'NONE');
#1867 = DIRECTION ( 'NONE',  ( 0.0000000000000000000, 0.0000000000000000000, 1.000000000000000000 ) ) ;
#1868 = AXIS2_PLACEMENT_3D ( 'NONE', #2039, #969, #3162 ) ;
#1869 = EDGE_LOOP ( 'NONE', ( #3837, #3804, #1435, #3157 ) ) ;
#1870 = ORIENTED_EDGE ( 'NONE', *, *, #1875, .T. ) ;
#1871 = DIRECTION ( 'NONE',  ( -0.1961161351381840723, -0.9805806756909201116, -3.081487911019577365E-33 ) ) ;
#1872 = AXIS2_PLACEMENT_3D ( 'NONE', #795, #4076, #1867 ) ;
#1873 = EDGE_CURVE ( 'NONE', #3616, #1973, #3432, .T. ) ;
#1874 = FACE_OUTER_BOUND ( 'NONE', #971, .T. ) ;
#1875 = EDGE_CURVE ( 'NONE', #4014, #435, #4060, .T. ) ;
#1876 = COLOUR_RGB ( '',1.000000000000000000, 1.000000000000000000, 1.000000000000000000 ) ;
#1877 = CARTESIAN_POINT ( 'NONE',  ( 125.0000000000000568, 1480.000000000000000, 115.0000000000000142 ) ) ;
#1878 = ORIENTED_EDGE ( 'NONE', *, *, #1156, .F. ) ;
#1879 = LINE ( 'NONE', #1706, #15 ) ;
#1880 = FACE_OUTER_BOUND ( 'NONE', #4486, .T. ) ;
#1881 = STYLED_ITEM ( 'NONE', ( #3246 ), #242 ) ;
#1882 = DIRECTION ( 'NONE',  ( 0.0000000000000000000, 0.0000000000000000000, 1.000000000000000000 ) ) ;
#1883 = ORIENTED_EDGE ( 'NONE', *, *, #3780, .T. ) ;
#1884 = DIRECTION ( 'NONE',  ( 0.0000000000000000000, 0.0000000000000000000, 1.000000000000000000 ) ) ;
#1886 = ORIENTED_EDGE ( 'NONE', *, *, #2829, .T. ) ;
#1885 = DIRECTION ( 'NONE',  ( -0.0000000000000000000, -1.000000000000000000, -0.0000000000000000000 ) ) ;
#1887 = CARTESIAN_POINT ( 'NONE',  ( -124.9999999999999716, 20.00000000000000000, 132.5000000000000000 ) ) ;
#1888 = VECTOR ( 'NONE', #1190, 1000.000000000000000 ) ;
#1889 = VECTOR ( 'NONE', #2835, 1000.000000000000000 ) ;
#1890 = ORIENTED_EDGE ( 'NONE', *, *, #3920, .T. ) ;
#1891 = CARTESIAN_POINT ( 'NONE',  ( 7.499999999999989342, 70.00000000000001421, -139.9999999999999716 ) ) ;
#1892 = ORIENTED_EDGE ( 'NONE', *, *, #2107, .T. ) ;
#1893 = AXIS2_PLACEMENT_3D ( 'NONE', #575, #870, #4546 ) ;
#1894 = ORIENTED_EDGE ( 'NONE', *, *, #3265, .F. ) ;
#1895 = PRESENTATION_STYLE_ASSIGNMENT (( #3681 ) ) ;
#1896 = FACE_BOUND ( 'NONE', #3969, .T. ) ;
#1897 = VECTOR ( 'NONE', #3376, 1000.000000000000000 ) ;
#1898 = CYLINDRICAL_SURFACE ( 'NONE', #4239, 2.499999999999946709 ) ;
#1899 = DIRECTION ( 'NONE',  ( -1.982541115402069301E-16, -1.663451729555196362E-36, -1.000000000000000000 ) ) ;
#1900 = DIRECTION ( 'NONE',  ( 0.0000000000000000000, 1.000000000000000000, 0.0000000000000000000 ) ) ;
#1901 = CARTESIAN_POINT ( 'NONE',  ( -124.9999999999999716, 20.00000000000000000, 26.59999999999999787 ) ) ;
#1902 = PLANE ( 'NONE',  #4665 ) ;
#1903 = ORIENTED_EDGE ( 'NONE', *, *, #77, .T. ) ;
#1904 = FILL_AREA_STYLE_COLOUR ( '', #2483 ) ;
#1905 = FACE_BOUND ( 'NONE', #3147, .T. ) ;
#1906 = ORIENTED_EDGE ( 'NONE', *, *, #78, .T. ) ;
#1907 = DIRECTION ( 'NONE',  ( 0.0000000000000000000, 0.0000000000000000000, -1.000000000000000000 ) ) ;
#1908 = LINE ( 'NONE', #2645, #3347 ) ;
#1909 = VERTEX_POINT ( 'NONE', #1197 ) ;
#1910 = CARTESIAN_POINT ( 'NONE',  ( -2.140462239949360482E-14, 1500.000000000000000, 0.0000000000000000000 ) ) ;
#1911 = PLANE ( 'NONE',  #2186 ) ;
#1912 = ADVANCED_FACE ( 'NONE', ( #4643 ), #1279, .F. ) ;
#1913 = DIRECTION ( 'NONE',  ( 0.0000000000000000000, 0.0000000000000000000, 1.000000000000000000 ) ) ;
#1914 = ORIENTED_EDGE ( 'NONE', *, *, #3352, .F. ) ;
#1915 = FACE_OUTER_BOUND ( 'NONE', #4496, .T. ) ;
#1916 = CARTESIAN_POINT ( 'NONE',  ( -90.00000000000000000, 1480.000000000000000, -69.99999999999982947 ) ) ;
#1917 = EDGE_LOOP ( 'NONE', ( #1758, #2000 ) ) ;
#1918 = AXIS2_PLACEMENT_3D ( 'NONE', #3602, #1050, #4305 ) ;
#1919 = DIRECTION ( 'NONE',  ( 1.000000000000000000, -1.423415318369119772E-33, 4.386237095914525535E-66 ) ) ;
#1920 = VERTEX_POINT ( 'NONE', #3058 ) ;
#1921 = FILL_AREA_STYLE_COLOUR ( '', #3036 ) ;
#1923 = LINE ( 'NONE', #2353, #992 ) ;
#1922 = DIRECTION ( 'NONE',  ( 1.423415318369119772E-33, -1.000000000000000000, 3.081487911019577365E-33 ) ) ;
#1924 =( LENGTH_UNIT ( ) NAMED_UNIT ( * ) SI_UNIT ( .MILLI., .METRE. ) );
#1925 = VERTEX_POINT ( 'NONE', #1985 ) ;
#1926 = VERTEX_POINT ( 'NONE', #4587 ) ;
#1927 = DIRECTION ( 'NONE',  ( -1.020425574104005602E-16, -0.0000000000000000000, -1.000000000000000000 ) ) ;
#1928 = EDGE_CURVE ( 'NONE', #3316, #3702, #4001, .T. ) ;
#1929 = CARTESIAN_POINT ( 'NONE',  ( -149.9999999999999432, -0.001000000000001000089, -7.500000000001570299 ) ) ;
#1930 = EDGE_CURVE ( 'NONE', #1287, #1198, #758, .T. ) ;
#1931 = CARTESIAN_POINT ( 'NONE',  ( 110.0000000000000000, 220.0000000000000568, 7.499999999999985789 ) ) ;
#1932 = ADVANCED_FACE ( 'NONE', ( #4371 ), #474, .T. ) ;
#1933 = ORIENTED_EDGE ( 'NONE', *, *, #3688, .T. ) ;
#1934 = DIRECTION ( 'NONE',  ( 0.0000000000000000000, 0.0000000000000000000, 1.000000000000000000 ) ) ;
#1935 = VECTOR ( 'NONE', #4354, 1000.000000000000000 ) ;
#1936 = EDGE_CURVE ( 'NONE', #2967, #2339, #4262, .T. ) ;
#1937 = VERTEX_POINT ( 'NONE', #2394 ) ;
#1938 = EDGE_CURVE ( 'NONE', #2047, #2739, #701, .T. ) ;
#1939 = CARTESIAN_POINT ( 'NONE',  ( -70.00000000000000000, 1480.000000000000000, 97.99999999999998579 ) ) ;
#1940 = EDGE_LOOP ( 'NONE', ( #4431, #2511, #2500, #4596 ) ) ;
#1941 = FACE_OUTER_BOUND ( 'NONE', #4655, .T. ) ;
#1942 = COLOUR_RGB ( '',1.000000000000000000, 1.000000000000000000, 1.000000000000000000 ) ;
#1943 = CARTESIAN_POINT ( 'NONE',  ( -78.00000000000000000, 1480.000000000000000, -67.99999999999991473 ) ) ;
#1944 =( GEOMETRIC_REPRESENTATION_CONTEXT ( 3 ) GLOBAL_UNCERTAINTY_ASSIGNED_CONTEXT ( ( #2077 ) ) GLOBAL_UNIT_ASSIGNED_CONTEXT ( ( #4598, #2408, #4231 ) ) REPRESENTATION_CONTEXT ( 'NONE', 'WORKASPACE' ) );
#1945 = VERTEX_POINT ( 'NONE', #3853 ) ;
#1946 = ORIENTED_EDGE ( 'NONE', *, *, #3066, .T. ) ;
#1947 = ORIENTED_EDGE ( 'NONE', *, *, #4595, .T. ) ;
#1948 = STYLED_ITEM ( 'NONE', ( #2949 ), #286 ) ;
#1949 = LINE ( 'NONE', #1720, #2979 ) ;
#1950 = DIRECTION ( 'NONE',  ( 0.0000000000000000000, 0.0000000000000000000, 1.000000000000000000 ) ) ;
#1951 = CARTESIAN_POINT ( 'NONE',  ( 149.9999999999999716, 20.00000000000000000, -150.0000000000000000 ) ) ;
#1952 = VECTOR ( 'NONE', #2295, 1000.000000000000000 ) ;
#1953 = DIRECTION ( 'NONE',  ( 0.0000000000000000000, 1.000000000000000000, 0.0000000000000000000 ) ) ;
#1954 = FACE_OUTER_BOUND ( 'NONE', #1648, .T. ) ;
#1955 =( GEOMETRIC_REPRESENTATION_CONTEXT ( 3 ) GLOBAL_UNCERTAINTY_ASSIGNED_CONTEXT ( ( #760 ) ) GLOBAL_UNIT_ASSIGNED_CONTEXT ( ( #460, #2589, #2956 ) ) REPRESENTATION_CONTEXT ( 'NONE', 'WORKASPACE' ) );
#1956 = PLANE ( 'NONE',  #702 ) ;
#1957 = DIRECTION ( 'NONE',  ( 0.0000000000000000000, 0.0000000000000000000, 1.000000000000000000 ) ) ;
#1958 = EDGE_CURVE ( 'NONE', #2660, #2967, #102, .T. ) ;
#1959 = CARTESIAN_POINT ( 'NONE',  ( 140.0000000000000000, 19.99999999999998934, -7.500000000000013323 ) ) ;
#1960 = AXIS2_PLACEMENT_3D ( 'NONE', #3750, #1913, #156 ) ;
#1961 = ADVANCED_FACE ( 'NONE', ( #2839 ), #1858, .F. ) ;
#1962 = ORIENTED_EDGE ( 'NONE', *, *, #413, .F. ) ;
#1963 = EDGE_CURVE ( 'NONE', #4610, #2084, #3240, .T. ) ;
#1964 = CARTESIAN_POINT ( 'NONE',  ( -124.9999999999999432, 1500.000000000000000, 115.0000000000000426 ) ) ;
#1965 = CARTESIAN_POINT ( 'NONE',  ( 78.00000000000000000, 20.00000000000000355, 67.99999999999990052 ) ) ;
#1966 = CARTESIAN_POINT ( 'NONE',  ( -9.948639134726988686E-13, 0.0000000000000000000, 142.5000000000000568 ) ) ;
#1967 = ORIENTED_EDGE ( 'NONE', *, *, #210, .F. ) ;
#1968 = FACE_OUTER_BOUND ( 'NONE', #3522, .T. ) ;
#1969 = CARTESIAN_POINT ( 'NONE',  ( 67.99999999999998579, 1480.000000000000000, -68.00000000000000000 ) ) ;
#1970 = EDGE_CURVE ( 'NONE', #809, #1585, #3068, .T. ) ;
#1971 = EDGE_LOOP ( 'NONE', ( #4362, #1497 ) ) ;
#1972 = CARTESIAN_POINT ( 'NONE',  ( 140.0000000000000000, 0.0000000000000000000, -150.0000000000000000 ) ) ;
#1973 = VERTEX_POINT ( 'NONE', #2114 ) ;
#1974 = PLANE ( 'NONE',  #3421 ) ;
#1975 = COLOUR_RGB ( '',1.000000000000000000, 1.000000000000000000, 1.000000000000000000 ) ;
#1976 = AXIS2_PLACEMENT_3D ( 'NONE', #1608, #214, #3415 ) ;
#1977 = ORIENTED_EDGE ( 'NONE', *, *, #4636, .T. ) ;
#1978 = CARTESIAN_POINT ( 'NONE',  ( 140.0000000000000000, 20.00000000000000000, 150.0000000000000000 ) ) ;
#1979 = SURFACE_STYLE_USAGE ( .BOTH. , #1639 ) ;
#1980 = FACE_OUTER_BOUND ( 'NONE', #783, .T. ) ;
#1981 = AXIS2_PLACEMENT_3D ( 'NONE', #2686, #1268, #1299 ) ;
#1982 = ORIENTED_EDGE ( 'NONE', *, *, #1399, .T. ) ;
#1983 = AXIS2_PLACEMENT_3D ( 'NONE', #3915, #3573, #3194 ) ;
#1984 = DIRECTION ( 'NONE',  ( 1.000000000000000000, 0.0000000000000000000, -3.061276722312015942E-16 ) ) ;
#1985 = CARTESIAN_POINT ( 'NONE',  ( -67.99999999999991473, 1480.000000000000000, -77.99999999999998579 ) ) ;
#1986 = ORIENTED_EDGE ( 'NONE', *, *, #587, .T. ) ;
#1987 = EDGE_LOOP ( 'NONE', ( #1139, #2976 ) ) ;
#1988 = LINE ( 'NONE', #1171, #655 ) ;
#1989 = CARTESIAN_POINT ( 'NONE',  ( 90.00000000000000000, 1500.000000000000000, -90.00000000000000000 ) ) ;
#1990 = PLANE ( 'NONE',  #3735 ) ;
#1991 = ORIENTED_EDGE ( 'NONE', *, *, #4318, .T. ) ;
#1992 = DIRECTION ( 'NONE',  ( 0.0000000000000000000, 0.0000000000000000000, 1.000000000000000000 ) ) ;
#1993 = ORIENTED_EDGE ( 'NONE', *, *, #4563, .F. ) ;
#1994 = VECTOR ( 'NONE', #3128, 1000.000000000000000 ) ;
#1995 = EDGE_CURVE ( 'NONE', #2170, #2456, #2261, .T. ) ;
#1996 = AXIS2_PLACEMENT_3D ( 'NONE', #4355, #2535, #2890 ) ;
#1997 = FACE_OUTER_BOUND ( 'NONE', #278, .T. ) ;
#1998 = ORIENTED_EDGE ( 'NONE', *, *, #1227, .T. ) ;
#1999 =( NAMED_UNIT ( * ) PLANE_ANGLE_UNIT ( ) SI_UNIT ( $, .RADIAN. ) );
#2000 = ORIENTED_EDGE ( 'NONE', *, *, #3850, .F. ) ;
#2001 = CARTESIAN_POINT ( 'NONE',  ( 125.0000000000000568, 1500.000000000000000, 115.0000000000000142 ) ) ;
#2002 = CIRCLE ( 'NONE', #381, 4.500000000000003553 ) ;
#2003 = DIRECTION ( 'NONE',  ( 0.7071067811865441310, -0.0000000000000000000, 0.7071067811865510144 ) ) ;
#2004 = LINE ( 'NONE', #2848, #1067 ) ;
#2005 = CARTESIAN_POINT ( 'NONE',  ( -29.99999999999998579, 20.00000000000000000, 129.5000000000000284 ) ) ;
#2006 = ORIENTED_EDGE ( 'NONE', *, *, #3357, .F. ) ;
#2007 = FACE_OUTER_BOUND ( 'NONE', #285, .T. ) ;
#2008 = VERTEX_POINT ( 'NONE', #3566 ) ;
#2009 = CARTESIAN_POINT ( 'NONE',  ( 124.9999999999999716, 20.00000000000000000, -132.5000000000000000 ) ) ;
#2010 = ADVANCED_FACE ( 'NONE', ( #3186 ), #3170, .F. ) ;
#2011 = FACE_OUTER_BOUND ( 'NONE', #4569, .T. ) ;
#2012 = VECTOR ( 'NONE', #2373, 1000.000000000000000 ) ;
#2013 =( NAMED_UNIT ( * ) SI_UNIT ( $, .STERADIAN. ) SOLID_ANGLE_UNIT ( ) );
#2014 = ORIENTED_EDGE ( 'NONE', *, *, #1167, .T. ) ;
#2015 = AXIS2_PLACEMENT_3D ( 'NONE', #2001, #4638, #1304 ) ;
#2016 = DIRECTION ( 'NONE',  ( 0.0000000000000000000, 0.0000000000000000000, 1.000000000000000000 ) ) ;
#2017 = EDGE_CURVE ( 'NONE', #3512, #3107, #932, .T. ) ;
#2018 = FILL_AREA_STYLE_COLOUR ( '', #3483 ) ;
#2019 = EDGE_CURVE ( 'NONE', #1224, #4145, #4671, .T. ) ;
#2020 = EDGE_CURVE ( 'NONE', #4103, #3693, #3424, .T. ) ;
#2021 = ORIENTED_EDGE ( 'NONE', *, *, #4415, .T. ) ;
#2022 = AXIS2_PLACEMENT_3D ( 'NONE', #1332, #3843, #4241 ) ;
#2023 = SURFACE_STYLE_USAGE ( .BOTH. , #3429 ) ;
#2024 = CARTESIAN_POINT ( 'NONE',  ( -124.9999999999999432, 1500.000000000000000, 115.0000000000000426 ) ) ;
#2025 = CARTESIAN_POINT ( 'NONE',  ( -90.00000000000000000, 20.00000000000000355, -69.99999999999982947 ) ) ;
#2026 = ORIENTED_EDGE ( 'NONE', *, *, #1247, .F. ) ;
#2027 = ADVANCED_FACE ( 'NONE', ( #3302 ), #4432, .F. ) ;
#2028 = CIRCLE ( 'NONE', #1212, 5.099999999999993427 ) ;
#2029 = PLANE ( 'NONE',  #3610 ) ;
#2030 = EDGE_CURVE ( 'NONE', #782, #2084, #1201, .T. ) ;
#2031 = EDGE_CURVE ( 'NONE', #1224, #2008, #2200, .T. ) ;
#2032 = AXIS2_PLACEMENT_3D ( 'NONE', #2551, #409, #2924 ) ;
#2033 = PRESENTATION_LAYER_ASSIGNMENT (  '', '', ( #1948 ) ) ;
#2034 = VERTEX_POINT ( 'NONE', #4368 ) ;
#2035 = DIRECTION ( 'NONE',  ( -0.0000000000000000000, 1.000000000000000000, -0.0000000000000000000 ) ) ;
#2036 = FACE_OUTER_BOUND ( 'NONE', #1485, .T. ) ;
#2037 = EDGE_LOOP ( 'NONE', ( #557, #763, #95, #1947 ) ) ;
#2038 = DIRECTION ( 'NONE',  ( 1.000000000000000000, 0.0000000000000000000, 0.0000000000000000000 ) ) ;
#2039 = CARTESIAN_POINT ( 'NONE',  ( -124.9999999999999432, 1500.000000000000000, 115.0000000000000426 ) ) ;
#2040 = AXIS2_PLACEMENT_3D ( 'NONE', #4580, #4592, #1366 ) ;
#2041 = EDGE_CURVE ( 'NONE', #2834, #4284, #2608, .T. ) ;
#2042 = EDGE_LOOP ( 'NONE', ( #3863, #729, #4494, #4040 ) ) ;
#2043 = CARTESIAN_POINT ( 'NONE',  ( 140.0000000000000000, 0.0000000000000000000, 150.0000000000000000 ) ) ;
#2044 = CARTESIAN_POINT ( 'NONE',  ( 124.9999999999999716, 20.00000000000000000, -117.5000000000000000 ) ) ;
#2045 = CIRCLE ( 'NONE', #3466, 2.499999999999946709 ) ;
#2046 = LINE ( 'NONE', #1409, #4500 ) ;
#2047 = VERTEX_POINT ( 'NONE', #4308 ) ;
#2048 = LINE ( 'NONE', #1668, #3494 ) ;
#2049 = DIRECTION ( 'NONE',  ( 1.982541115402069301E-16, -1.749782757909710894E-35, 1.000000000000000000 ) ) ;
#2050 = ADVANCED_FACE ( 'NONE', ( #2725 ), #2539, .F. ) ;
#2051 = EDGE_LOOP ( 'NONE', ( #3131, #2637, #2580, #1630 ) ) ;
#2052 = VERTEX_POINT ( 'NONE', #3628 ) ;
#2053 = CYLINDRICAL_SURFACE ( 'NONE', #2676, 2.499999999999946709 ) ;
#2054 = SURFACE_STYLE_FILL_AREA ( #1264 ) ;
#2055 = SURFACE_STYLE_FILL_AREA ( #3827 ) ;
#2056 = ORIENTED_EDGE ( 'NONE', *, *, #1408, .F. ) ;
#2057 = PLANE ( 'NONE',  #1868 ) ;
#2058 = EDGE_CURVE ( 'NONE', #3013, #2770, #2320, .T. ) ;
#2059 = ORIENTED_EDGE ( 'NONE', *, *, #2019, .F. ) ;
#2060 = EDGE_CURVE ( 'NONE', #4014, #415, #1378, .T. ) ;
#2061 = SURFACE_STYLE_FILL_AREA ( #817 ) ;
#2062 = DIRECTION ( 'NONE',  ( -3.081487911019576681E-33, 1.540743955509788682E-33, 1.000000000000000000 ) ) ;
#2063 = VECTOR ( 'NONE', #1555, 1000.000000000000000 ) ;
#2064 = DIRECTION ( 'NONE',  ( 3.081487911019577365E-33, 1.540743955509788682E-33, 1.000000000000000000 ) ) ;
#2065 = LINE ( 'NONE', #1182, #4461 ) ;
#2066 = LINE ( 'NONE', #476, #2819 ) ;
#2067 = CARTESIAN_POINT ( 'NONE',  ( -70.00000000000000000, 1500.000000000000000, 95.00000000000000000 ) ) ;
#2068 = VERTEX_POINT ( 'NONE', #2169 ) ;
#2069 = AXIS2_PLACEMENT_3D ( 'NONE', #251, #1358, #680 ) ;
#2070 = CLOSED_SHELL ( 'NONE', ( #1634, #2336, #1912, #3111, #1312, #21, #1194 ) ) ;
#2071 = CARTESIAN_POINT ( 'NONE',  ( -69.99999999999998579, 1480.000000000000000, -69.99999999999997158 ) ) ;
#2072 = AXIS2_PLACEMENT_3D ( 'NONE', #3309, #751, #1463 ) ;
#2073 =( LENGTH_UNIT ( ) NAMED_UNIT ( * ) SI_UNIT ( .MILLI., .METRE. ) );
#2074 = DIRECTION ( 'NONE',  ( 0.0000000000000000000, 0.0000000000000000000, 1.000000000000000000 ) ) ;
#2075 = FILL_AREA_STYLE ('',( #1717 ) ) ;
#2076 = ORIENTED_EDGE ( 'NONE', *, *, #1136, .F. ) ;
#2077 = UNCERTAINTY_MEASURE_WITH_UNIT (LENGTH_MEASURE( 1.000000000000000082E-05 ), #4598, 'distance_accuracy_value', 'NONE');
#2078 = ADVANCED_FACE ( 'NONE', ( #373 ), #3251, .F. ) ;
#2079 = CARTESIAN_POINT ( 'NONE',  ( 69.99999999999998579, 1480.000000000000000, -69.99999999999998579 ) ) ;
#2080 = ORIENTED_EDGE ( 'NONE', *, *, #2696, .T. ) ;
#2081 = CARTESIAN_POINT ( 'NONE',  ( -7.500000000000000000, 220.0000000000000284, -90.00000000000000000 ) ) ;
#2082 = PLANE ( 'NONE',  #3832 ) ;
#2083 = DIRECTION ( 'NONE',  ( 0.0000000000000000000, 0.0000000000000000000, 1.000000000000000000 ) ) ;
#2084 = VERTEX_POINT ( 'NONE', #1134 ) ;
#2085 = ORIENTED_EDGE ( 'NONE', *, *, #3414, .T. ) ;
#2086 = EDGE_CURVE ( 'NONE', #4448, #813, #1701, .T. ) ;
#2087 = AXIS2_PLACEMENT_3D ( 'NONE', #1187, #1516, #454 ) ;
#2088 = LINE ( 'NONE', #3114, #1479 ) ;
#2089 =( NAMED_UNIT ( * ) PLANE_ANGLE_UNIT ( ) SI_UNIT ( $, .RADIAN. ) );
#2090 = ORIENTED_EDGE ( 'NONE', *, *, #132, .T. ) ;
#2091 = CARTESIAN_POINT ( 'NONE',  ( 124.9999999999999716, 20.00000000000000000, -26.59999999999999787 ) ) ;
#2092 = DIRECTION ( 'NONE',  ( -0.0000000000000000000, 1.000000000000000000, -0.0000000000000000000 ) ) ;
#2093 = CARTESIAN_POINT ( 'NONE',  ( -70.00000000000000000, 1500.000000000000000, 95.00000000000000000 ) ) ;
#2094 = SURFACE_STYLE_FILL_AREA ( #3370 ) ;
#2095 = ORIENTED_EDGE ( 'NONE', *, *, #3542, .F. ) ;
#2096 = FILL_AREA_STYLE_COLOUR ( '', #3811 ) ;
#2097 = ADVANCED_FACE ( 'NONE', ( #1645, #2196 ), #1422, .F. ) ;
#2098 = FACE_OUTER_BOUND ( 'NONE', #2575, .T. ) ;
#2099 = ORIENTED_EDGE ( 'NONE', *, *, #277, .F. ) ;
#2100 = DIRECTION ( 'NONE',  ( 0.0000000000000000000, 1.000000000000000000, 0.0000000000000000000 ) ) ;
#2101 = DIRECTION ( 'NONE',  ( 0.0000000000000000000, 0.0000000000000000000, 1.000000000000000000 ) ) ;
#2103 = VERTEX_POINT ( 'NONE', #4013 ) ;
#2102 = DIRECTION ( 'NONE',  ( 0.0000000000000000000, 1.000000000000000000, 0.0000000000000000000 ) ) ;
#2104 =( NAMED_UNIT ( * ) SI_UNIT ( $, .STERADIAN. ) SOLID_ANGLE_UNIT ( ) );
#2105 = FACE_OUTER_BOUND ( 'NONE', #4264, .T. ) ;
#2106 = CIRCLE ( 'NONE', #3760, 2.499999999999946709 ) ;
#2107 = EDGE_CURVE ( 'NONE', #2325, #380, #2542, .T. ) ;
#2108 =( NAMED_UNIT ( * ) PLANE_ANGLE_UNIT ( ) SI_UNIT ( $, .RADIAN. ) );
#2109 = CARTESIAN_POINT ( 'NONE',  ( -150.0000000000000284, 20.00000000000000000, -150.0000000000000000 ) ) ;
#2110 = ORIENTED_EDGE ( 'NONE', *, *, #1958, .F. ) ;
#2111 = ORIENTED_EDGE ( 'NONE', *, *, #749, .F. ) ;
#2112 = VECTOR ( 'NONE', #4253, 1000.000000000000000 ) ;
#2113 = PRESENTATION_STYLE_ASSIGNMENT (( #2615 ) ) ;
#2114 = CARTESIAN_POINT ( 'NONE',  ( -150.0000000000000284, 0.0000000000000000000, -7.500000000001685763 ) ) ;
#2115 = EDGE_CURVE ( 'NONE', #342, #3770, #2316, .T. ) ;
#2116 = ORIENTED_EDGE ( 'NONE', *, *, #3907, .F. ) ;
#2117 = SURFACE_STYLE_USAGE ( .BOTH. , #4300 ) ;
#2118 = PRESENTATION_STYLE_ASSIGNMENT (( #4463 ) ) ;
#2119 = FACE_OUTER_BOUND ( 'NONE', #2586, .T. ) ;
#2120 = ORIENTED_EDGE ( 'NONE', *, *, #1812, .T. ) ;
#2121 = LINE ( 'NONE', #3299, #2868 ) ;
#2122 = EDGE_LOOP ( 'NONE', ( #1855, #1044, #3043, #3127 ) ) ;
#2123 = LINE ( 'NONE', #3182, #448 ) ;
#2124 = VECTOR ( 'NONE', #4150, 1000.000000000000000 ) ;
#2125 = PRESENTATION_LAYER_ASSIGNMENT (  '', '', ( #531 ) ) ;
#2126 = EDGE_CURVE ( 'NONE', #2640, #3167, #3474, .T. ) ;
#2127 = CARTESIAN_POINT ( 'NONE',  ( 77.99999999999998579, 1415.000000000000000, -42.50000000000004974 ) ) ;
#2128 = CARTESIAN_POINT ( 'NONE',  ( 90.00000000000000000, 1480.000000000000000, -95.09999999999999432 ) ) ;
#2129 = DIRECTION ( 'NONE',  ( 0.0000000000000000000, 0.0000000000000000000, 1.000000000000000000 ) ) ;
#2130 = ORIENTED_EDGE ( 'NONE', *, *, #3517, .F. ) ;
#2131 = DIRECTION ( 'NONE',  ( -7.401486830834376525E-17, -1.000000000000000000, -0.0000000000000000000 ) ) ;
#2132 = PLANE ( 'NONE',  #143 ) ;
#2133 = ORIENTED_EDGE ( 'NONE', *, *, #3632, .T. ) ;
#2134 = UNCERTAINTY_MEASURE_WITH_UNIT (LENGTH_MEASURE( 1.000000000000000082E-05 ), #2303, 'distance_accuracy_value', 'NONE');
#2135 = CARTESIAN_POINT ( 'NONE',  ( -124.9999999999999716, 0.0000000000000000000, -34.49999999999999289 ) ) ;
#2136 = AXIS2_PLACEMENT_3D ( 'NONE', #3298, #2966, #1474 ) ;
#2137 = CARTESIAN_POINT ( 'NONE',  ( 7.500000000000000000, 220.0000000000000284, 90.00000000000000000 ) ) ;
#2138 = ORIENTED_EDGE ( 'NONE', *, *, #1486, .T. ) ;
#2139 = DIRECTION ( 'NONE',  ( 0.0000000000000000000, 0.0000000000000000000, 1.000000000000000000 ) ) ;
#2140 = CARTESIAN_POINT ( 'NONE',  ( 0.0000000000000000000, 0.0000000000000000000, 75.00000000000001421 ) ) ;
#2141 = ORIENTED_EDGE ( 'NONE', *, *, #2030, .T. ) ;
#2142 = CIRCLE ( 'NONE', #3245, 7.500000000000007105 ) ;
#2143 = CARTESIAN_POINT ( 'NONE',  ( -67.99999999999991473, 20.00000000000000355, -77.99999999999998579 ) ) ;
#2144 = ADVANCED_FACE ( 'NONE', ( #4429 ), #3418, .F. ) ;
#2145 = ORIENTED_EDGE ( 'NONE', *, *, #4412, .F. ) ;
#2146 = EDGE_CURVE ( 'NONE', #3009, #3543, #3644, .T. ) ;
#2147 = CARTESIAN_POINT ( 'NONE',  ( 7.500000000000000000, 220.0000000000000284, -89.99999999999998579 ) ) ;
#2148 = FILL_AREA_STYLE_COLOUR ( '', #3686 ) ;
#2149 = MECHANICAL_DESIGN_GEOMETRIC_PRESENTATION_REPRESENTATION (  '', ( #3657 ), #2651 ) ;
#2150 = ORIENTED_EDGE ( 'NONE', *, *, #3166, .T. ) ;
#2151 = ORIENTED_EDGE ( 'NONE', *, *, #2126, .T. ) ;
#2152 = VERTEX_POINT ( 'NONE', #3384 ) ;
#2153 = AXIS2_PLACEMENT_3D ( 'NONE', #282, #2427, #3154 ) ;
#2154 = CARTESIAN_POINT ( 'NONE',  ( -90.00000000000000000, 1500.000000000000000, -90.00000000000000000 ) ) ;
#2155 = EDGE_LOOP ( 'NONE', ( #4489, #1048 ) ) ;
#2156 = EDGE_LOOP ( 'NONE', ( #495, #2272 ) ) ;
#2157 = CIRCLE ( 'NONE', #3526, 3.400000000000014122 ) ;
#2158 = VECTOR ( 'NONE', #564, 1000.000000000000114 ) ;
#2159 = SURFACE_SIDE_STYLE ('',( #1158 ) ) ;
#2160 = DIRECTION ( 'NONE',  ( -1.000000000000000000, 0.0000000000000000000, 1.850371707708594316E-16 ) ) ;
#2161 = EDGE_LOOP ( 'NONE', ( #1362, #4647, #2972, #798 ) ) ;
#2162 =( GEOMETRIC_REPRESENTATION_CONTEXT ( 3 ) GLOBAL_UNCERTAINTY_ASSIGNED_CONTEXT ( ( #2211 ) ) GLOBAL_UNIT_ASSIGNED_CONTEXT ( ( #4322, #2882, #3979 ) ) REPRESENTATION_CONTEXT ( 'NONE', 'WORKASPACE' ) );
#2163 = VECTOR ( 'NONE', #499, 1000.000000000000000 ) ;
#2164 = LINE ( 'NONE', #1284, #16 ) ;
#2165 = DIRECTION ( 'NONE',  ( 0.0000000000000000000, 0.0000000000000000000, 1.000000000000000000 ) ) ;
#2166 = ORIENTED_EDGE ( 'NONE', *, *, #51, .F. ) ;
#2167 = PRESENTATION_STYLE_ASSIGNMENT (( #606 ) ) ;
#2168 = ORIENTED_EDGE ( 'NONE', *, *, #1080, .T. ) ;
#2169 = CARTESIAN_POINT ( 'NONE',  ( -7.500000000000000000, 20.00000000000003197, -89.99999999999998579 ) ) ;
#2170 = VERTEX_POINT ( 'NONE', #2249 ) ;
#2171 = CIRCLE ( 'NONE', #2493, 20.00000000000000355 ) ;
#2172 = EDGE_CURVE ( 'NONE', #1423, #1541, #1853, .T. ) ;
#2173 = EDGE_CURVE ( 'NONE', #4080, #70, #2429, .T. ) ;
#2174 = FACE_BOUND ( 'NONE', #284, .T. ) ;
#2175 = FACE_OUTER_BOUND ( 'NONE', #249, .T. ) ;
#2176 = FACE_OUTER_BOUND ( 'NONE', #3913, .T. ) ;
#2177 = VERTEX_POINT ( 'NONE', #3313 ) ;
#2178 = FILL_AREA_STYLE_COLOUR ( '', #1876 ) ;
#2179 = DIRECTION ( 'NONE',  ( -0.0000000000000000000, 1.000000000000000000, -0.0000000000000000000 ) ) ;
#2180 = EDGE_CURVE ( 'NONE', #406, #1563, #1254, .T. ) ;
#2181 = SURFACE_SIDE_STYLE ('',( #2061 ) ) ;
#2182 = DIRECTION ( 'NONE',  ( -1.000000000000000000, 0.0000000000000000000, 6.033820786006285224E-17 ) ) ;
#2183 = SURFACE_SIDE_STYLE ('',( #2633 ) ) ;
#2184 = DIRECTION ( 'NONE',  ( 0.0000000000000000000, 0.0000000000000000000, 1.000000000000000000 ) ) ;
#2185 = ORIENTED_EDGE ( 'NONE', *, *, #2327, .F. ) ;
#2186 = AXIS2_PLACEMENT_3D ( 'NONE', #4460, #2679, #3425 ) ;
#2187 = ORIENTED_EDGE ( 'NONE', *, *, #3265, .T. ) ;
#2188 = DIRECTION ( 'NONE',  ( -7.401486830834376525E-17, -1.000000000000000000, -0.0000000000000000000 ) ) ;
#2189 = EDGE_CURVE ( 'NONE', #3875, #1345, #4593, .T. ) ;
#2190 = DIRECTION ( 'NONE',  ( 1.000000000000000000, -0.0000000000000000000, -0.0000000000000000000 ) ) ;
#2191 = STYLED_ITEM ( 'NONE', ( #2113 ), #2843 ) ;
#2192 = EDGE_LOOP ( 'NONE', ( #3329, #2150, #1055, #396 ) ) ;
#2193 = DIRECTION ( 'NONE',  ( 0.0000000000000000000, 1.000000000000000000, 0.0000000000000000000 ) ) ;
#2194 = EDGE_CURVE ( 'NONE', #4171, #1843, #2884, .T. ) ;
#2195 = CARTESIAN_POINT ( 'NONE',  ( 150.0000000000000568, -0.001000000000001000089, -7.499999999999475975 ) ) ;
#2196 = FACE_OUTER_BOUND ( 'NONE', #3582, .T. ) ;
#2197 = DIRECTION ( 'NONE',  ( 0.7071067811865474617, -0.0000000000000000000, -0.7071067811865474617 ) ) ;
#2198 = AXIS2_PLACEMENT_3D ( 'NONE', #4184, #3115, #4542 ) ;
#2199 = ORIENTED_EDGE ( 'NONE', *, *, #191, .T. ) ;
#2200 = LINE ( 'NONE', #1062, #4033 ) ;
#2201 = DIRECTION ( 'NONE',  ( -0.0000000000000000000, 1.000000000000000000, 0.0000000000000000000 ) ) ;
#2202 = ORIENTED_EDGE ( 'NONE', *, *, #577, .T. ) ;
#2203 = EDGE_CURVE ( 'NONE', #3635, #1767, #1908, .T. ) ;
#2204 = CARTESIAN_POINT ( 'NONE',  ( 7.500000000000009770, 70.00000000000001421, 139.9999999999999716 ) ) ;
#2206 = ORIENTED_EDGE ( 'NONE', *, *, #3294, .F. ) ;
#2205 = DIRECTION ( 'NONE',  ( -1.000000000000000000, 0.0000000000000000000, 1.020425574104005848E-16 ) ) ;
#2207 = DIRECTION ( 'NONE',  ( 0.0000000000000000000, 0.0000000000000000000, 1.000000000000000000 ) ) ;
#2208 = DIRECTION ( 'NONE',  ( 0.0000000000000000000, 0.0000000000000000000, 1.000000000000000000 ) ) ;
#2209 = ORIENTED_EDGE ( 'NONE', *, *, #826, .F. ) ;
#2210 = FILL_AREA_STYLE ('',( #741 ) ) ;
#2211 = UNCERTAINTY_MEASURE_WITH_UNIT (LENGTH_MEASURE( 1.000000000000000082E-05 ), #4322, 'distance_accuracy_value', 'NONE');
#2212 = DIRECTION ( 'NONE',  ( -1.000000000000000000, 0.0000000000000000000, 1.020425574104005848E-16 ) ) ;
#2213 = FACE_OUTER_BOUND ( 'NONE', #1565, .T. ) ;
#2214 = ORIENTED_EDGE ( 'NONE', *, *, #762, .F. ) ;
#2215 = CARTESIAN_POINT ( 'NONE',  ( 90.00000000000000000, 20.00000000000000355, -69.99999999999985789 ) ) ;
#2216 = VECTOR ( 'NONE', #3721, 1000.000000000000000 ) ;
#2217 = STYLED_ITEM ( 'NONE', ( #2118 ), #1017 ) ;
#2218 = EDGE_LOOP ( 'NONE', ( #4275, #510, #3593, #3172 ) ) ;
#2219 = ORIENTED_EDGE ( 'NONE', *, *, #868, .T. ) ;
#2220 = EDGE_LOOP ( 'NONE', ( #4437, #2300, #3646, #2591, #3822 ) ) ;
#2221 = LINE ( 'NONE', #3575, #3393 ) ;
#2222 = LINE ( 'NONE', #2999, #3672 ) ;
#2223 = CIRCLE ( 'NONE', #1077, 3.500000000000003109 ) ;
#2224 = EDGE_LOOP ( 'NONE', ( #2168, #2794, #543, #3125 ) ) ;
#2225 = CIRCLE ( 'NONE', #3364, 7.500000000000007105 ) ;
#2226 = ORIENTED_EDGE ( 'NONE', *, *, #4465, .T. ) ;
#2227 = VECTOR ( 'NONE', #1419, 1000.000000000000000 ) ;
#2228 =( LENGTH_UNIT ( ) NAMED_UNIT ( * ) SI_UNIT ( .MILLI., .METRE. ) );
#2229 = CARTESIAN_POINT ( 'NONE',  ( 70.00000000000000000, 1500.000000000000000, -95.00000000000000000 ) ) ;
#2231 = CIRCLE ( 'NONE', #444, 5.099999999999993427 ) ;
#2230 =( LENGTH_UNIT ( ) NAMED_UNIT ( * ) SI_UNIT ( .MILLI., .METRE. ) );
#2232 = DIRECTION ( 'NONE',  ( -0.0000000000000000000, -0.0000000000000000000, 1.000000000000000000 ) ) ;
#2233 = DIRECTION ( 'NONE',  ( 0.0000000000000000000, 0.0000000000000000000, 1.000000000000000000 ) ) ;
#2234 = ORIENTED_EDGE ( 'NONE', *, *, #4016, .F. ) ;
#2235 = VECTOR ( 'NONE', #4072, 1000.000000000000114 ) ;
#2236 = CARTESIAN_POINT ( 'NONE',  ( -7.500000000000007105, 20.00000000000001776, -139.9999999999999716 ) ) ;
#2237 = AXIS2_PLACEMENT_3D ( 'NONE', #1835, #1471, #1084 ) ;
#2238 = DIRECTION ( 'NONE',  ( -1.000000000000000000, 0.0000000000000000000, 1.020425574104005848E-16 ) ) ;
#2239 = ORIENTED_EDGE ( 'NONE', *, *, #2086, .T. ) ;
#2240 = CARTESIAN_POINT ( 'NONE',  ( 125.0000000000000568, 1500.000000000000000, -114.9999999999999858 ) ) ;
#2241 = DIRECTION ( 'NONE',  ( 8.659560562355413570E-17, 0.7071067811865081598, -0.7071067811865867636 ) ) ;
#2242 = ADVANCED_FACE ( 'NONE', ( #803 ), #243, .F. ) ;
#2243 = DIRECTION ( 'NONE',  ( -1.000000000000000000, 0.0000000000000000000, -0.0000000000000000000 ) ) ;
#2244 = VERTEX_POINT ( 'NONE', #1887 ) ;
#2245 = DIRECTION ( 'NONE',  ( 0.7071067811865490160, 0.0000000000000000000, -0.7071067811865460184 ) ) ;
#2246 = CARTESIAN_POINT ( 'NONE',  ( 115.0000000000000711, 1500.000000000000000, -124.9999999999999432 ) ) ;
#2247 = DIRECTION ( 'NONE',  ( -0.0000000000000000000, 1.000000000000000000, -0.0000000000000000000 ) ) ;
#2248 = CARTESIAN_POINT ( 'NONE',  ( 150.0000000000000000, -0.001000000000001000089, 7.500000000000524025 ) ) ;
#2249 = CARTESIAN_POINT ( 'NONE',  ( -124.9999999999999432, 1500.000000000000000, -114.9999999999999574 ) ) ;
#2250 = ORIENTED_EDGE ( 'NONE', *, *, #2194, .T. ) ;
#2251 = EDGE_CURVE ( 'NONE', #406, #1423, #2357, .T. ) ;
#2252 = AXIS2_PLACEMENT_3D ( 'NONE', #458, #1919, #824 ) ;
#2253 = CARTESIAN_POINT ( 'NONE',  ( 30.00000000000001421, 20.00000000000000000, 128.4000000000000057 ) ) ;
#2254 = ORIENTED_EDGE ( 'NONE', *, *, #1407, .F. ) ;
#2255 = LINE ( 'NONE', #1155, #2720 ) ;
#2256 = AXIS2_PLACEMENT_3D ( 'NONE', #3866, #2101, #2038 ) ;
#2257 = ORIENTED_EDGE ( 'NONE', *, *, #925, .T. ) ;
#2258 = DIRECTION ( 'NONE',  ( -0.0000000000000000000, 1.000000000000000000, -0.0000000000000000000 ) ) ;
#2259 = STYLED_ITEM ( 'NONE', ( #566 ), #2242 ) ;
#2260 = AXIS2_PLACEMENT_3D ( 'NONE', #2824, #4307, #1387 ) ;
#2261 = LINE ( 'NONE', #4298, #3698 ) ;
#2262 = ORIENTED_EDGE ( 'NONE', *, *, #4170, .F. ) ;
#2263 = DIRECTION ( 'NONE',  ( 0.0000000000000000000, 0.0000000000000000000, 1.000000000000000000 ) ) ;
#2264 = EDGE_CURVE ( 'NONE', #1153, #1616, #2231, .T. ) ;
#2265 = DIRECTION ( 'NONE',  ( 1.000000000000000000, -0.0000000000000000000, -0.0000000000000000000 ) ) ;
#2266 = EDGE_CURVE ( 'NONE', #2477, #2738, #2818, .T. ) ;
#2267 = DIRECTION ( 'NONE',  ( -0.0000000000000000000, 1.000000000000000000, -0.0000000000000000000 ) ) ;
#2268 = CYLINDRICAL_SURFACE ( 'NONE', #4357, 3.400000000000000355 ) ;
#2269 = ORIENTED_EDGE ( 'NONE', *, *, #3594, .F. ) ;
#2270 = CARTESIAN_POINT ( 'NONE',  ( 7.500000000000000000, 20.00000000000003197, 89.99999999999998579 ) ) ;
#2271 = DIRECTION ( 'NONE',  ( -0.9805806756909202226, -0.1961161351381840445, -3.081487911019576681E-33 ) ) ;
#2272 = ORIENTED_EDGE ( 'NONE', *, *, #831, .T. ) ;
#2273 = EDGE_CURVE ( 'NONE', #1383, #1169, #4405, .T. ) ;
#2274 = LINE ( 'NONE', #2240, #652 ) ;
#2275 = EDGE_CURVE ( 'NONE', #1089, #3022, #3849, .T. ) ;
#2276 = DIRECTION ( 'NONE',  ( 0.0000000000000000000, 0.0000000000000000000, 1.000000000000000000 ) ) ;
#2277 =( NAMED_UNIT ( * ) SI_UNIT ( $, .STERADIAN. ) SOLID_ANGLE_UNIT ( ) );
#2278 = ORIENTED_EDGE ( 'NONE', *, *, #1875, .F. ) ;
#2279 =( GEOMETRIC_REPRESENTATION_CONTEXT ( 3 ) GLOBAL_UNCERTAINTY_ASSIGNED_CONTEXT ( ( #3375 ) ) GLOBAL_UNIT_ASSIGNED_CONTEXT ( ( #3656, #1123, #1480 ) ) REPRESENTATION_CONTEXT ( 'NONE', 'WORKASPACE' ) );
#2280 = CARTESIAN_POINT ( 'NONE',  ( 90.00000000000000000, 1500.000000000000000, 90.00000000000000000 ) ) ;
#2281 = CARTESIAN_POINT ( 'NONE',  ( 124.9999999999999716, 0.0000000000000000000, 30.00000000000000000 ) ) ;
#2283 = ORIENTED_EDGE ( 'NONE', *, *, #3021, .T. ) ;
#2282 = DIRECTION ( 'NONE',  ( 1.850371707708594316E-16, 0.0000000000000000000, 1.000000000000000000 ) ) ;
#2284 = LINE ( 'NONE', #4214, #3264 ) ;
#2285 = DIRECTION ( 'NONE',  ( 0.0000000000000000000, 1.000000000000000000, 0.0000000000000000000 ) ) ;
#2286 = ORIENTED_EDGE ( 'NONE', *, *, #3991, .F. ) ;
#2287 = LINE ( 'NONE', #3519, #3210 ) ;
#2288 = EDGE_LOOP ( 'NONE', ( #4525, #1131, #2090, #1185 ) ) ;
#2289 = CARTESIAN_POINT ( 'NONE',  ( 142.5000000000000568, 20.00000000000000000, 4.975360907851466735E-13 ) ) ;
#2290 = VERTEX_POINT ( 'NONE', #1931 ) ;
#2291 = AXIS2_PLACEMENT_3D ( 'NONE', #1846, #418, #2947 ) ;
#2292 = DIRECTION ( 'NONE',  ( 0.0000000000000000000, 0.0000000000000000000, 1.000000000000000000 ) ) ;
#2293 = FACE_OUTER_BOUND ( 'NONE', #2318, .T. ) ;
#2294 = EDGE_CURVE ( 'NONE', #170, #1202, #1784, .T. ) ;
#2295 = DIRECTION ( 'NONE',  ( -1.000000000000000000, -0.0000000000000000000, -0.0000000000000000000 ) ) ;
#2296 = LINE ( 'NONE', #1213, #1897 ) ;
#2297 = CARTESIAN_POINT ( 'NONE',  ( -30.00000000000001421, 20.00000000000000000, -121.5999999999999943 ) ) ;
#2298 = CARTESIAN_POINT ( 'NONE',  ( 0.0000000000000000000, -0.001000000000001000089, -142.5000000000000568 ) ) ;
#2299 = ORIENTED_EDGE ( 'NONE', *, *, #3912, .T. ) ;
#2300 = ORIENTED_EDGE ( 'NONE', *, *, #4286, .T. ) ;
#2301 = FILL_AREA_STYLE ('',( #832 ) ) ;
#2302 = ORIENTED_EDGE ( 'NONE', *, *, #1864, .F. ) ;
#2303 =( LENGTH_UNIT ( ) NAMED_UNIT ( * ) SI_UNIT ( .MILLI., .METRE. ) );
#2304 = EDGE_CURVE ( 'NONE', #4344, #447, #351, .T. ) ;
#2305 = DIRECTION ( 'NONE',  ( 0.0000000000000000000, 1.000000000000000000, 0.0000000000000000000 ) ) ;
#2307 = CARTESIAN_POINT ( 'NONE',  ( -9.950721815702933470E-13, 20.00000000000000000, 142.5000000000000568 ) ) ;
#2306 = CIRCLE ( 'NONE', #4089, 4.500000000000003553 ) ;
#2308 = DIRECTION ( 'NONE',  ( 0.0000000000000000000, 0.0000000000000000000, 1.000000000000000000 ) ) ;
#2309 = CARTESIAN_POINT ( 'NONE',  ( 70.00000000000000000, 1500.000000000000000, -95.00000000000000000 ) ) ;
#2310 = EDGE_LOOP ( 'NONE', ( #4116, #2278, #3956, #2714 ) ) ;
#2311 = CARTESIAN_POINT ( 'NONE',  ( -140.0000000000000000, 20.00000000000001776, -7.499999999999985789 ) ) ;
#2312 = FILL_AREA_STYLE ('',( #232 ) ) ;
#2313 = ORIENTED_EDGE ( 'NONE', *, *, #4160, .F. ) ;
#2314 = AXIS2_PLACEMENT_3D ( 'NONE', #3333, #69, #3992 ) ;
#2315 = DIRECTION ( 'NONE',  ( 1.000000000000000000, -0.0000000000000000000, -0.0000000000000000000 ) ) ;
#2316 = CIRCLE ( 'NONE', #1872, 3.399999999999986144 ) ;
#2317 = PLANE ( 'NONE',  #4332 ) ;
#2318 = EDGE_LOOP ( 'NONE', ( #2790, #1703, #1496, #3950 ) ) ;
#2319 = DIRECTION ( 'NONE',  ( -1.000000000000000000, 0.0000000000000000000, 0.0000000000000000000 ) ) ;
#2320 = CIRCLE ( 'NONE', #2377, 3.000000000000002665 ) ;
#2321 = DIRECTION ( 'NONE',  ( -0.0000000000000000000, 1.000000000000000000, -0.0000000000000000000 ) ) ;
#2322 = VERTEX_POINT ( 'NONE', #4118 ) ;
#2323 =( LENGTH_UNIT ( ) NAMED_UNIT ( * ) SI_UNIT ( .MILLI., .METRE. ) );
#2324 = ORIENTED_EDGE ( 'NONE', *, *, #3763, .F. ) ;
#2325 = VERTEX_POINT ( 'NONE', #3035 ) ;
#2326 = DIRECTION ( 'NONE',  ( 1.000000000000000000, 0.0000000000000000000, 0.0000000000000000000 ) ) ;
#2327 = EDGE_CURVE ( 'NONE', #3438, #1345, #909, .T. ) ;
#2328 = CARTESIAN_POINT ( 'NONE',  ( -62.50000000000002842, 1480.000000000000000, 7.654042494670957804E-15 ) ) ;
#2329 = PLANE ( 'NONE',  #1494 ) ;
#2330 = ORIENTED_EDGE ( 'NONE', *, *, #3851, .T. ) ;
#2331 = VECTOR ( 'NONE', #3736, 1000.000000000000000 ) ;
#2332 = DIRECTION ( 'NONE',  ( 0.0000000000000000000, 0.0000000000000000000, -1.000000000000000000 ) ) ;
#2333 = ORIENTED_EDGE ( 'NONE', *, *, #3683, .F. ) ;
#2334 = FACE_OUTER_BOUND ( 'NONE', #2051, .T. ) ;
#2335 = LINE ( 'NONE', #748, #3081 ) ;
#2336 = ADVANCED_FACE ( 'NONE', ( #1954 ), #4518, .F. ) ;
#2337 = AXIS2_PLACEMENT_3D ( 'NONE', #4507, #1602, #860 ) ;
#2338 = EDGE_LOOP ( 'NONE', ( #2719, #2970, #2407, #836 ) ) ;
#2339 = VERTEX_POINT ( 'NONE', #4530 ) ;
#2340 = EDGE_LOOP ( 'NONE', ( #3193, #4452 ) ) ;
#2341 = CIRCLE ( 'NONE', #4430, 4.499999999999990230 ) ;
#2342 = CARTESIAN_POINT ( 'NONE',  ( 90.00000000000000000, 1415.000000000000000, 47.49999999999994316 ) ) ;
#2343 = EDGE_LOOP ( 'NONE', ( #4550, #442, #2111, #1331 ) ) ;
#2344 = COLOUR_RGB ( '',1.000000000000000000, 1.000000000000000000, 1.000000000000000000 ) ;
#2345 = ORIENTED_EDGE ( 'NONE', *, *, #4131, .T. ) ;
#2346 = VECTOR ( 'NONE', #2347, 1000.000000000000000 ) ;
#2347 = DIRECTION ( 'NONE',  ( 0.0000000000000000000, -1.000000000000000000, -1.644916297139074910E-33 ) ) ;
#2348 = LINE ( 'NONE', #1317, #2515 ) ;
#2349 = AXIS2_PLACEMENT_3D ( 'NONE', #2093, #4669, #3937 ) ;
#2350 = CARTESIAN_POINT ( 'NONE',  ( 77.99999999999998579, 1455.000000000000000, -47.49999999999994316 ) ) ;
#2351 = ORIENTED_EDGE ( 'NONE', *, *, #2850, .F. ) ;
#2352 = LINE ( 'NONE', #3953, #3724 ) ;
#2353 = CARTESIAN_POINT ( 'NONE',  ( 90.00000000000000000, 1500.000000000000000, 84.90000000000000568 ) ) ;
#2354 = EDGE_LOOP ( 'NONE', ( #4034, #620, #3379, #2675 ) ) ;
#2355 = EDGE_CURVE ( 'NONE', #3465, #2034, #2578, .T. ) ;
#2356 = EDGE_CURVE ( 'NONE', #3433, #3577, #2467, .T. ) ;
#2357 = LINE ( 'NONE', #4025, #555 ) ;
#2358 = PRESENTATION_LAYER_ASSIGNMENT (  '', '', ( #2704 ) ) ;
#2359 = SURFACE_STYLE_USAGE ( .BOTH. , #4540 ) ;
#2360 = CARTESIAN_POINT ( 'NONE',  ( -29.99999999999998579, 20.00000000000000000, 120.5000000000000284 ) ) ;
#2361 = DIRECTION ( 'NONE',  ( -1.423415318369119772E-33, 1.000000000000000000, 3.081487911019577365E-33 ) ) ;
#2362 =( NAMED_UNIT ( * ) SI_UNIT ( $, .STERADIAN. ) SOLID_ANGLE_UNIT ( ) );
#2363 = ADVANCED_FACE ( 'NONE', ( #1406 ), #192, .F. ) ;
#2364 = EDGE_CURVE ( 'NONE', #3774, #1925, #4347, .T. ) ;
#2365 = ORIENTED_EDGE ( 'NONE', *, *, #3601, .F. ) ;
#2366 = FILL_AREA_STYLE ('',( #4547 ) ) ;
#2367 = ORIENTED_EDGE ( 'NONE', *, *, #1081, .F. ) ;
#2368 = PRESENTATION_STYLE_ASSIGNMENT (( #2894 ) ) ;
#2369 = EDGE_LOOP ( 'NONE', ( #365, #3353, #3545, #1532 ) ) ;
#2370 = CARTESIAN_POINT ( 'NONE',  ( -124.9999999999999716, 20.00000000000000000, -125.0000000000000000 ) ) ;
#2371 = CARTESIAN_POINT ( 'NONE',  ( 7.500000000000009770, 70.00000000000001421, 139.9999999999999716 ) ) ;
#2372 = DIRECTION ( 'NONE',  ( 0.0000000000000000000, 1.000000000000000000, 0.0000000000000000000 ) ) ;
#2373 = DIRECTION ( 'NONE',  ( -7.401486830834376525E-17, -1.000000000000000000, -0.0000000000000000000 ) ) ;
#2374 = AXIS2_PLACEMENT_3D ( 'NONE', #1834, #3647, #1470 ) ;
#2375 = AXIS2_PLACEMENT_3D ( 'NONE', #3650, #3666, #2951 ) ;
#2376 = CARTESIAN_POINT ( 'NONE',  ( 90.00000000000000000, 1415.000000000000000, 42.50000000000004974 ) ) ;
#2377 = AXIS2_PLACEMENT_3D ( 'NONE', #33, #374, #18 ) ;
#2378 = CARTESIAN_POINT ( 'NONE',  ( 90.00000000000000000, 1480.000000000000000, -69.99999999999985789 ) ) ;
#2379 = EDGE_LOOP ( 'NONE', ( #4083, #3778, #4015, #538 ) ) ;
#2380 = ADVANCED_FACE ( 'NONE', ( #847 ), #3676, .F. ) ;
#2381 = EDGE_LOOP ( 'NONE', ( #2026, #2555 ) ) ;
#2382 = PRESENTATION_STYLE_ASSIGNMENT (( #1039 ) ) ;
#2383 =( LENGTH_UNIT ( ) NAMED_UNIT ( * ) SI_UNIT ( .MILLI., .METRE. ) );
#2385 = ORIENTED_EDGE ( 'NONE', *, *, #4415, .F. ) ;
#2384 = DIRECTION ( 'NONE',  ( 0.0000000000000000000, 0.0000000000000000000, 1.000000000000000000 ) ) ;
#2386 = ORIENTED_EDGE ( 'NONE', *, *, #473, .T. ) ;
#2387 = LINE ( 'NONE', #383, #118 ) ;
#2388 = PLANE ( 'NONE',  #1685 ) ;
#2389 = VERTEX_POINT ( 'NONE', #1966 ) ;
#2390 = ORIENTED_EDGE ( 'NONE', *, *, #3933, .F. ) ;
#2391 = DIRECTION ( 'NONE',  ( 0.0000000000000000000, 0.0000000000000000000, 1.000000000000000000 ) ) ;
#2392 = PRESENTATION_STYLE_ASSIGNMENT (( #1979 ) ) ;
#2393 = DIRECTION ( 'NONE',  ( 0.0000000000000000000, 1.000000000000000000, 0.0000000000000000000 ) ) ;
#2394 = CARTESIAN_POINT ( 'NONE',  ( -7.500000000001158185, 0.0000000000000000000, 150.0000000000000284 ) ) ;
#2395 = ORIENTED_EDGE ( 'NONE', *, *, #2769, .T. ) ;
#2396 = EDGE_LOOP ( 'NONE', ( #1477, #3485, #108, #3498 ) ) ;
#2397 = ORIENTED_EDGE ( 'NONE', *, *, #336, .F. ) ;
#2398 = DIRECTION ( 'NONE',  ( 0.0000000000000000000, 0.0000000000000000000, 1.000000000000000000 ) ) ;
#2399 = VECTOR ( 'NONE', #3586, 1000.000000000000000 ) ;
#2400 = VECTOR ( 'NONE', #792, 1000.000000000000114 ) ;
#2401 = FACE_BOUND ( 'NONE', #2156, .T. ) ;
#2402 = CARTESIAN_POINT ( 'NONE',  ( -149.9999999999999716, 20.00000000000000000, 139.9999999999999716 ) ) ;
#2403 = VECTOR ( 'NONE', #3434, 1000.000000000000000 ) ;
#2404 = STYLED_ITEM ( 'NONE', ( #1895 ), #918 ) ;
#2405 = DIRECTION ( 'NONE',  ( 0.0000000000000000000, 0.0000000000000000000, -1.000000000000000000 ) ) ;
#2406 = ADVANCED_FACE ( 'NONE', ( #1512 ), #2329, .F. ) ;
#2407 = ORIENTED_EDGE ( 'NONE', *, *, #2599, .T. ) ;
#2408 =( NAMED_UNIT ( * ) PLANE_ANGLE_UNIT ( ) SI_UNIT ( $, .RADIAN. ) );
#2409 = AXIS2_PLACEMENT_3D ( 'NONE', #1420, #4306, #43 ) ;
#2410 = CARTESIAN_POINT ( 'NONE',  ( -7.499999999999982236, 4.163336342344337027E-14, -4.163336342344337027E-14 ) ) ;
#2411 = DIRECTION ( 'NONE',  ( -0.0000000000000000000, 1.000000000000000000, -0.0000000000000000000 ) ) ;
#2412 = ORIENTED_EDGE ( 'NONE', *, *, #46, .T. ) ;
#2413 = CARTESIAN_POINT ( 'NONE',  ( -69.99999999999998579, 20.00000000000000355, -69.99999999999997158 ) ) ;
#2414 = EDGE_CURVE ( 'NONE', #4640, #3996, #1841, .T. ) ;
#2415 = EDGE_CURVE ( 'NONE', #3046, #426, #3335, .T. ) ;
#2416 = CLOSED_SHELL ( 'NONE', ( #4276, #4185, #4249, #3037, #314, #3010, #179 ) ) ;
#2417 = FACE_BOUND ( 'NONE', #229, .T. ) ;
#2418 = CARTESIAN_POINT ( 'NONE',  ( 90.00000000000000000, 1500.000000000000000, 95.09999999999999432 ) ) ;
#2419 =( LENGTH_UNIT ( ) NAMED_UNIT ( * ) SI_UNIT ( .MILLI., .METRE. ) );
#2420 = DIRECTION ( 'NONE',  ( 0.0000000000000000000, 0.0000000000000000000, -1.000000000000000000 ) ) ;
#2421 = CARTESIAN_POINT ( 'NONE',  ( 90.00000000000000000, 1455.000000000000000, -45.00000000000000000 ) ) ;
#2422 = ORIENTED_EDGE ( 'NONE', *, *, #312, .T. ) ;
#2423 = PRODUCT ( '4GAA0021201010015X', '4GAA0021201010015X', '', ( #3195 ) ) ;
#2424 = SURFACE_SIDE_STYLE ('',( #3845 ) ) ;
#2425 = EDGE_CURVE ( 'NONE', #3080, #313, #1180, .T. ) ;
#2426 = SURFACE_STYLE_USAGE ( .BOTH. , #4615 ) ;
#2427 = DIRECTION ( 'NONE',  ( 0.0000000000000000000, 1.000000000000000000, 0.0000000000000000000 ) ) ;
#2428 = AXIS2_PLACEMENT_3D ( 'NONE', #150, #2305, #1957 ) ;
#2429 = LINE ( 'NONE', #1493, #1482 ) ;
#2430 = CARTESIAN_POINT ( 'NONE',  ( 90.00000000000000000, 1455.000000000000000, 45.00000000000000000 ) ) ;
#2431 = ADVANCED_FACE ( 'NONE', ( #2870, #4292, #3093, #2702, #2925, #238, #1736, #1896 ), #1686, .T. ) ;
#2432 = ORIENTED_EDGE ( 'NONE', *, *, #2636, .T. ) ;
#2433 = DIRECTION ( 'NONE',  ( -0.0000000000000000000, -1.000000000000000000, -0.0000000000000000000 ) ) ;
#2434 = COLOUR_RGB ( '',1.000000000000000000, 1.000000000000000000, 1.000000000000000000 ) ;
#2435 = ORIENTED_EDGE ( 'NONE', *, *, #2711, .F. ) ;
#2436 = SURFACE_SIDE_STYLE ('',( #2621 ) ) ;
#2437 = EDGE_CURVE ( 'NONE', #1495, #1721, #1674, .T. ) ;
#2438 = EDGE_LOOP ( 'NONE', ( #199, #759 ) ) ;
#2439 = DIRECTION ( 'NONE',  ( 1.000000000000000000, -0.0000000000000000000, -0.0000000000000000000 ) ) ;
#2440 = ORIENTED_EDGE ( 'NONE', *, *, #1418, .T. ) ;
#2441 = DIRECTION ( 'NONE',  ( -0.0000000000000000000, 1.000000000000000000, -0.0000000000000000000 ) ) ;
#2442 = LINE ( 'NONE', #3926, #2678 ) ;
#2443 = STYLED_ITEM ( 'NONE', ( #178 ), #2928 ) ;
#2444 = ORIENTED_EDGE ( 'NONE', *, *, #358, .T. ) ;
#2445 = EDGE_CURVE ( 'NONE', #3361, #380, #4523, .T. ) ;
#2446 = DIRECTION ( 'NONE',  ( -0.0000000000000000000, -1.000000000000000000, -0.0000000000000000000 ) ) ;
#2447 =( NAMED_UNIT ( * ) SI_UNIT ( $, .STERADIAN. ) SOLID_ANGLE_UNIT ( ) );
#2448 = VECTOR ( 'NONE', #3122, 1000.000000000000000 ) ;
#2449 = AXIS2_PLACEMENT_3D ( 'NONE', #3016, #215, #1595 ) ;
#2450 = ORIENTED_EDGE ( 'NONE', *, *, #624, .T. ) ;
#2451 = VECTOR ( 'NONE', #902, 1000.000000000000000 ) ;
#2452 = CYLINDRICAL_SURFACE ( 'NONE', #1613, 3.400000000000000355 ) ;
#2453 = DIRECTION ( 'NONE',  ( 0.0000000000000000000, 0.0000000000000000000, 1.000000000000000000 ) ) ;
#2454 = ORIENTED_EDGE ( 'NONE', *, *, #869, .T. ) ;
#2455 = DIRECTION ( 'NONE',  ( 1.020425574104005478E-16, -0.0000000000000000000, 1.000000000000000000 ) ) ;
#2456 = VERTEX_POINT ( 'NONE', #3493 ) ;
#2457 = EDGE_CURVE ( 'NONE', #3869, #3433, #4456, .T. ) ;
#2458 = ADVANCED_FACE ( 'NONE', ( #3396 ), #2057, .F. ) ;
#2459 = PRODUCT ( '4GAA0021201010015X_Predeterminado<As Machined>', '4GAA0021201010015X_Predeterminado<As Machined>', '', ( #4648 ) ) ;
#2460 =( LENGTH_UNIT ( ) NAMED_UNIT ( * ) SI_UNIT ( .MILLI., .METRE. ) );
#2461 = CARTESIAN_POINT ( 'NONE',  ( -7.500000000000000000, 220.0000000000000284, 89.99999999999998579 ) ) ;
#2463 = ORIENTED_EDGE ( 'NONE', *, *, #3741, .T. ) ;
#2462 = FILL_AREA_STYLE ('',( #4282 ) ) ;
#2464 = LINE ( 'NONE', #1832, #2758 ) ;
#2465 = EDGE_LOOP ( 'NONE', ( #3612, #2808, #356, #4527 ) ) ;
#2466 = VECTOR ( 'NONE', #857, 1000.000000000000000 ) ;
#2467 = LINE ( 'NONE', #3807, #2980 ) ;
#2468 = DIRECTION ( 'NONE',  ( 0.0000000000000000000, 0.0000000000000000000, -1.000000000000000000 ) ) ;
#2469 = ORIENTED_EDGE ( 'NONE', *, *, #2934, .F. ) ;
#2470 = DIRECTION ( 'NONE',  ( -0.0000000000000000000, -1.000000000000000000, -0.0000000000000000000 ) ) ;
#2471 = PRESENTATION_LAYER_ASSIGNMENT (  '', '', ( #2217 ) ) ;
#2472 = DIRECTION ( 'NONE',  ( 1.000000000000000000, 0.0000000000000000000, -1.982541115402068561E-16 ) ) ;
#2473 = PLANE ( 'NONE',  #3928 ) ;
#2474 = VERTEX_POINT ( 'NONE', #570 ) ;
#2475 = DIRECTION ( 'NONE',  ( -0.0000000000000000000, 1.000000000000000000, -0.0000000000000000000 ) ) ;
#2476 = DIRECTION ( 'NONE',  ( 0.0000000000000000000, 0.0000000000000000000, 1.000000000000000000 ) ) ;
#2477 = VERTEX_POINT ( 'NONE', #1286 ) ;
#2478 = CARTESIAN_POINT ( 'NONE',  ( -69.99999999999985789, 1480.000000000000000, 90.00000000000000000 ) ) ;
#2479 = ORIENTED_EDGE ( 'NONE', *, *, #1498, .T. ) ;
#2480 =( NAMED_UNIT ( * ) PLANE_ANGLE_UNIT ( ) SI_UNIT ( $, .RADIAN. ) );
#2481 = EDGE_CURVE ( 'NONE', #1287, #633, #2348, .T. ) ;
#2482 = CARTESIAN_POINT ( 'NONE',  ( -150.0000000000000284, 0.0000000000000000000, -139.9999999999999716 ) ) ;
#2483 = COLOUR_RGB ( '',1.000000000000000000, 1.000000000000000000, 1.000000000000000000 ) ;
#2484 = ORIENTED_EDGE ( 'NONE', *, *, #4504, .T. ) ;
#2485 = AXIS2_PLACEMENT_3D ( 'NONE', #2760, #1296, #1661 ) ;
#2486 = DIRECTION ( 'NONE',  ( 0.0000000000000000000, 0.0000000000000000000, 1.000000000000000000 ) ) ;
#2487 = SURFACE_SIDE_STYLE ('',( #4134 ) ) ;
#2488 = DIRECTION ( 'NONE',  ( 0.0000000000000000000, 1.644916297139074910E-33, 1.000000000000000000 ) ) ;
#2489 = VERTEX_POINT ( 'NONE', #246 ) ;
#2490 = SURFACE_SIDE_STYLE ('',( #1324 ) ) ;
#2491 = ORIENTED_EDGE ( 'NONE', *, *, #3529, .F. ) ;
#2492 = ORIENTED_EDGE ( 'NONE', *, *, #1938, .F. ) ;
#2493 = AXIS2_PLACEMENT_3D ( 'NONE', #3886, #276, #300 ) ;
#2495 = ORIENTED_EDGE ( 'NONE', *, *, #2414, .F. ) ;
#2494 = DIRECTION ( 'NONE',  ( -3.081487911019577365E-33, -1.540743955509788682E-33, -1.000000000000000000 ) ) ;
#2496 = DIRECTION ( 'NONE',  ( 0.0000000000000000000, 1.000000000000000000, 0.0000000000000000000 ) ) ;
#2497 = MECHANICAL_DESIGN_GEOMETRIC_PRESENTATION_REPRESENTATION (  '', ( #1073 ), #2162 ) ;
#2498 = ADVANCED_FACE ( 'NONE', ( #730 ), #3624, .F. ) ;
#2499 = CARTESIAN_POINT ( 'NONE',  ( -70.00000000000000000, 1480.000000000000000, 92.00000000000001421 ) ) ;
#2500 = ORIENTED_EDGE ( 'NONE', *, *, #1107, .F. ) ;
#2501 = CIRCLE ( 'NONE', #1183, 5.099999999999993427 ) ;
#2502 = EDGE_CURVE ( 'NONE', #170, #605, #793, .T. ) ;
#2503 = ORIENTED_EDGE ( 'NONE', *, *, #2107, .F. ) ;
#2504 = ORIENTED_EDGE ( 'NONE', *, *, #2859, .T. ) ;
#2505 = LINE ( 'NONE', #3273, #3665 ) ;
#2506 = CIRCLE ( 'NONE', #4521, 2.999999999999988898 ) ;
#2507 = PRESENTATION_STYLE_ASSIGNMENT (( #772 ) ) ;
#2508 = ORIENTED_EDGE ( 'NONE', *, *, #1074, .T. ) ;
#2509 = ORIENTED_EDGE ( 'NONE', *, *, #520, .T. ) ;
#2510 = DIRECTION ( 'NONE',  ( 0.0000000000000000000, 0.0000000000000000000, 1.000000000000000000 ) ) ;
#2511 = ORIENTED_EDGE ( 'NONE', *, *, #3445, .F. ) ;
#2512 = CIRCLE ( 'NONE', #4428, 3.500000000000003109 ) ;
#2513 = DIRECTION ( 'NONE',  ( -1.982541115402069054E-16, 1.749782757909690046E-35, -1.000000000000000000 ) ) ;
#2514 = DIRECTION ( 'NONE',  ( 1.000000000000000000, 0.0000000000000000000, 0.0000000000000000000 ) ) ;
#2515 = VECTOR ( 'NONE', #1670, 1000.000000000000000 ) ;
#2516 = EDGE_CURVE ( 'NONE', #426, #1509, #4180, .T. ) ;
#2517 = EDGE_CURVE ( 'NONE', #3295, #1052, #2693, .T. ) ;
#2518 = FACE_OUTER_BOUND ( 'NONE', #3924, .T. ) ;
#2519 = CYLINDRICAL_SURFACE ( 'NONE', #57, 5.099999999999993427 ) ;
#2520 = AXIS2_PLACEMENT_3D ( 'NONE', #3067, #4517, #3451 ) ;
#2521 = STYLED_ITEM ( 'NONE', ( #3222 ), #1652 ) ;
#2522 = CARTESIAN_POINT ( 'NONE',  ( 70.00000000000000000, 1500.000000000000000, -95.00000000000000000 ) ) ;
#2523 = CARTESIAN_POINT ( 'NONE',  ( 7.500000000000005329, 220.0000000000000284, 109.9999999999999858 ) ) ;
#2524 = DIRECTION ( 'NONE',  ( 0.0000000000000000000, -0.0000000000000000000, 1.000000000000000000 ) ) ;
#2525 = ORIENTED_EDGE ( 'NONE', *, *, #4548, .F. ) ;
#2526 = ORIENTED_EDGE ( 'NONE', *, *, #2017, .T. ) ;
#2527 = DIRECTION ( 'NONE',  ( 0.0000000000000000000, 0.0000000000000000000, 1.000000000000000000 ) ) ;
#2528 = ADVANCED_FACE ( 'NONE', ( #24 ), #3715, .F. ) ;
#2529 = FACE_BOUND ( 'NONE', #1679, .T. ) ;
#2530 = AXIS2_PLACEMENT_3D ( 'NONE', #317, #329, #1762 ) ;
#2531 = ORIENTED_EDGE ( 'NONE', *, *, #2938, .F. ) ;
#2532 = AXIS2_PLACEMENT_3D ( 'NONE', #735, #3974, #2494 ) ;
#2533 = EDGE_CURVE ( 'NONE', #2177, #3996, #3206, .T. ) ;
#2534 = DIRECTION ( 'NONE',  ( -1.000000000000000000, -0.0000000000000000000, -0.0000000000000000000 ) ) ;
#2535 = DIRECTION ( 'NONE',  ( -0.0000000000000000000, 1.000000000000000000, -0.0000000000000000000 ) ) ;
#2536 = ORIENTED_EDGE ( 'NONE', *, *, #3678, .F. ) ;
#2537 = LINE ( 'NONE', #4524, #4022 ) ;
#2538 = SURFACE_SIDE_STYLE ('',( #4230 ) ) ;
#2539 = PLANE ( 'NONE',  #308 ) ;
#2540 = VERTEX_POINT ( 'NONE', #1072 ) ;
#2541 = CARTESIAN_POINT ( 'NONE',  ( 150.0000000000000284, 20.00000000000000000, 139.9999999999999716 ) ) ;
#2542 = LINE ( 'NONE', #1824, #697 ) ;
#2543 = CARTESIAN_POINT ( 'NONE',  ( -149.9999999999999432, 20.00000000000000000, -7.500000000001570299 ) ) ;
#2544 = ORIENTED_EDGE ( 'NONE', *, *, #2030, .F. ) ;
#2545 = CARTESIAN_POINT ( 'NONE',  ( 67.99999999999991473, 1480.000000000000000, -78.00000000000000000 ) ) ;
#2546 = DIRECTION ( 'NONE',  ( -1.000000000000000000, 0.0000000000000000000, -0.0000000000000000000 ) ) ;
#2547 = ADVANCED_FACE ( 'NONE', ( #1218, #2800, #954, #2741, #3611, #228, #2629, #1662 ), #2473, .F. ) ;
#2548 = ORIENTED_EDGE ( 'NONE', *, *, #1793, .F. ) ;
#2549 =( NAMED_UNIT ( * ) SI_UNIT ( $, .STERADIAN. ) SOLID_ANGLE_UNIT ( ) );
#2550 = AXIS2_PLACEMENT_3D ( 'NONE', #4195, #946, #930 ) ;
#2551 = CARTESIAN_POINT ( 'NONE',  ( -124.9999999999999716, 0.0000000000000000000, 125.0000000000000000 ) ) ;
#2552 = DIRECTION ( 'NONE',  ( -0.0000000000000000000, 1.000000000000000000, -0.0000000000000000000 ) ) ;
#2553 = DIRECTION ( 'NONE',  ( -0.0000000000000000000, 1.000000000000000000, -0.0000000000000000000 ) ) ;
#2554 = CARTESIAN_POINT ( 'NONE',  ( -110.0000000000000000, 220.0000000000000284, 7.500000000000013323 ) ) ;
#2555 = ORIENTED_EDGE ( 'NONE', *, *, #2355, .F. ) ;
#2556 = LINE ( 'NONE', #781, #4380 ) ;
#2557 = STYLED_ITEM ( 'NONE', ( #397 ), #986 ) ;
#2558 = VERTEX_POINT ( 'NONE', #719 ) ;
#2559 = VECTOR ( 'NONE', #322, 1000.000000000000000 ) ;
#2560 = DIRECTION ( 'NONE',  ( -0.0000000000000000000, 1.000000000000000000, -0.0000000000000000000 ) ) ;
#2561 = ORIENTED_EDGE ( 'NONE', *, *, #1399, .F. ) ;
#2562 = SURFACE_STYLE_FILL_AREA ( #125 ) ;
#2563 =( NAMED_UNIT ( * ) PLANE_ANGLE_UNIT ( ) SI_UNIT ( $, .RADIAN. ) );
#2564 = VERTEX_POINT ( 'NONE', #3917 ) ;
#2565 = CARTESIAN_POINT ( 'NONE',  ( 0.0000000000000000000, 1.387778780781445676E-14, 7.500000000000013323 ) ) ;
#2566 = DIRECTION ( 'NONE',  ( -0.0000000000000000000, 1.000000000000000000, -0.0000000000000000000 ) ) ;
#2568 = VERTEX_POINT ( 'NONE', #1047 ) ;
#2567 =( NAMED_UNIT ( * ) SI_UNIT ( $, .STERADIAN. ) SOLID_ANGLE_UNIT ( ) );
#2569 = UNCERTAINTY_MEASURE_WITH_UNIT (LENGTH_MEASURE( 1.000000000000000082E-05 ), #1787, 'distance_accuracy_value', 'NONE');
#2570 = VERTEX_POINT ( 'NONE', #355 ) ;
#2571 = CIRCLE ( 'NONE', #3411, 3.400000000000000355 ) ;
#2572 = EDGE_CURVE ( 'NONE', #4506, #4213, #718, .T. ) ;
#2573 = CARTESIAN_POINT ( 'NONE',  ( -78.00000000000000000, 1480.000000000000000, 67.99999999999991473 ) ) ;
#2574 = ADVANCED_FACE ( 'NONE', ( #2854 ), #942, .F. ) ;
#2575 = EDGE_LOOP ( 'NONE', ( #2333, #2145, #3315, #2915, #3842 ) ) ;
#2576 = SURFACE_SIDE_STYLE ('',( #3377 ) ) ;
#2577 = FACE_OUTER_BOUND ( 'NONE', #1672, .T. ) ;
#2578 = CIRCLE ( 'NONE', #2603, 2.499999999999946709 ) ;
#2579 = PLANE ( 'NONE',  #724 ) ;
#2580 = ORIENTED_EDGE ( 'NONE', *, *, #822, .F. ) ;
#2581 = DIRECTION ( 'NONE',  ( 0.0000000000000000000, 0.0000000000000000000, -1.000000000000000000 ) ) ;
#2582 =( NAMED_UNIT ( * ) SI_UNIT ( $, .STERADIAN. ) SOLID_ANGLE_UNIT ( ) );
#2583 = ORIENTED_EDGE ( 'NONE', *, *, #1307, .F. ) ;
#2584 = DIRECTION ( 'NONE',  ( 0.0000000000000000000, 0.0000000000000000000, 1.000000000000000000 ) ) ;
#2585 = AXIS2_PLACEMENT_3D ( 'NONE', #1910, #3023, #4458 ) ;
#2586 = EDGE_LOOP ( 'NONE', ( #1783, #3321, #4353, #3987 ) ) ;
#2587 =( NAMED_UNIT ( * ) SI_UNIT ( $, .STERADIAN. ) SOLID_ANGLE_UNIT ( ) );
#2588 = DIRECTION ( 'NONE',  ( 0.0000000000000000000, 0.0000000000000000000, 1.000000000000000000 ) ) ;
#2589 =( NAMED_UNIT ( * ) PLANE_ANGLE_UNIT ( ) SI_UNIT ( $, .RADIAN. ) );
#2590 =( GEOMETRIC_REPRESENTATION_CONTEXT ( 3 ) GLOBAL_UNCERTAINTY_ASSIGNED_CONTEXT ( ( #3639 ) ) GLOBAL_UNIT_ASSIGNED_CONTEXT ( ( #2230, #1863, #3311 ) ) REPRESENTATION_CONTEXT ( 'NONE', 'WORKASPACE' ) );
#2591 = ORIENTED_EDGE ( 'NONE', *, *, #140, .T. ) ;
#2592 = DIRECTION ( 'NONE',  ( -1.000000000000000000, -0.0000000000000000000, 1.982541115402069301E-16 ) ) ;
#2593 = EDGE_CURVE ( 'NONE', #3085, #4659, #1274, .T. ) ;
#2594 = PLANE ( 'NONE',  #1574 ) ;
#2595 = FACE_OUTER_BOUND ( 'NONE', #2218, .T. ) ;
#2596 =( LENGTH_UNIT ( ) NAMED_UNIT ( * ) SI_UNIT ( .MILLI., .METRE. ) );
#2597 = DIRECTION ( 'NONE',  ( 0.0000000000000000000, 0.0000000000000000000, 1.000000000000000000 ) ) ;
#2598 = DIRECTION ( 'NONE',  ( 0.0000000000000000000, 0.0000000000000000000, 1.000000000000000000 ) ) ;
#2599 = EDGE_CURVE ( 'NONE', #342, #492, #335, .T. ) ;
#2600 = DIRECTION ( 'NONE',  ( -0.1961161351381840723, -0.9805806756909201116, -3.081487911019577365E-33 ) ) ;
#2601 = EDGE_CURVE ( 'NONE', #2474, #2564, #6, .T. ) ;
#2602 = FILL_AREA_STYLE ('',( #3685 ) ) ;
#2603 = AXIS2_PLACEMENT_3D ( 'NONE', #1239, #4467, #3775 ) ;
#2604 = ORIENTED_EDGE ( 'NONE', *, *, #3478, .T. ) ;
#2605 = ADVANCED_FACE ( 'NONE', ( #168 ), #4274, .T. ) ;
#2606 = PLANE ( 'NONE',  #2252 ) ;
#2607 = AXIS2_PLACEMENT_3D ( 'NONE', #2929, #1101, #2524 ) ;
#2608 = LINE ( 'NONE', #2910, #3479 ) ;
#2609 = CARTESIAN_POINT ( 'NONE',  ( -150.0000000000000284, 0.0000000000000000000, -150.0000000000000000 ) ) ;
#2610 = ORIENTED_EDGE ( 'NONE', *, *, #3041, .T. ) ;
#2611 = AXIS2_PLACEMENT_3D ( 'NONE', #2248, #3696, #4052 ) ;
#2612 = EDGE_CURVE ( 'NONE', #2103, #1263, #1389, .T. ) ;
#2613 = CARTESIAN_POINT ( 'NONE',  ( -149.9999999999999716, 0.0000000000000000000, 139.9999999999999716 ) ) ;
#2614 = VECTOR ( 'NONE', #4143, 1000.000000000000000 ) ;
#2615 = SURFACE_STYLE_USAGE ( .BOTH. , #2654 ) ;
#2616 = AXIS2_PLACEMENT_3D ( 'NONE', #849, #491, #327 ) ;
#2617 =( NAMED_UNIT ( * ) PLANE_ANGLE_UNIT ( ) SI_UNIT ( $, .RADIAN. ) );
#2618 = ORIENTED_EDGE ( 'NONE', *, *, #432, .F. ) ;
#2619 = CYLINDRICAL_SURFACE ( 'NONE', #858, 20.00000000000000355 ) ;
#2620 = SURFACE_STYLE_USAGE ( .BOTH. , #485 ) ;
#2621 = SURFACE_STYLE_FILL_AREA ( #2075 ) ;
#2622 = VERTEX_POINT ( 'NONE', #10 ) ;
#2623 = ORIENTED_EDGE ( 'NONE', *, *, #762, .T. ) ;
#2624 = LINE ( 'NONE', #3079, #3259 ) ;
#2625 =( GEOMETRIC_REPRESENTATION_CONTEXT ( 3 ) GLOBAL_UNCERTAINTY_ASSIGNED_CONTEXT ( ( #3980 ) ) GLOBAL_UNIT_ASSIGNED_CONTEXT ( ( #1487, #4019, #4375 ) ) REPRESENTATION_CONTEXT ( 'NONE', 'WORKASPACE' ) );
#2626 = CARTESIAN_POINT ( 'NONE',  ( -90.00000000000000000, 1480.000000000000000, -69.99999999999982947 ) ) ;
#2627 = DIRECTION ( 'NONE',  ( 1.000000000000000000, 0.0000000000000000000, -1.982541115402068561E-16 ) ) ;
#2628 = AXIS2_PLACEMENT_3D ( 'NONE', #3214, #309, #2510 ) ;
#2629 = FACE_BOUND ( 'NONE', #376, .T. ) ;
#2630 = ORIENTED_EDGE ( 'NONE', *, *, #2304, .T. ) ;
#2631 = CARTESIAN_POINT ( 'NONE',  ( -114.9999999999999574, 1500.000000000000000, 125.0000000000000000 ) ) ;
#2632 = VECTOR ( 'NONE', #2232, 1000.000000000000000 ) ;
#2633 = SURFACE_STYLE_FILL_AREA ( #2462 ) ;
#2634 = CARTESIAN_POINT ( 'NONE',  ( -150.0000000000000284, 0.0000000000000000000, -139.9999999999999716 ) ) ;
#2635 = ORIENTED_EDGE ( 'NONE', *, *, #3280, .F. ) ;
#2636 = EDGE_CURVE ( 'NONE', #547, #2622, #4102, .T. ) ;
#2637 = ORIENTED_EDGE ( 'NONE', *, *, #2041, .F. ) ;
#2638 = UNCERTAINTY_MEASURE_WITH_UNIT (LENGTH_MEASURE( 1.000000000000000082E-05 ), #302, 'distance_accuracy_value', 'NONE');
#2639 = CYLINDRICAL_SURFACE ( 'NONE', #752, 3.400000000000000355 ) ;
#2640 = VERTEX_POINT ( 'NONE', #2137 ) ;
#2641 = CIRCLE ( 'NONE', #2747, 7.500000000000007105 ) ;
#2642 = CARTESIAN_POINT ( 'NONE',  ( 90.00000000000000000, 1455.000000000000000, 47.49999999999994316 ) ) ;
#2643 = VECTOR ( 'NONE', #3858, 1000.000000000000000 ) ;
#2644 = CARTESIAN_POINT ( 'NONE',  ( 0.0000000000000000000, 0.0000000000000000000, -142.5000000000000568 ) ) ;
#2645 = CARTESIAN_POINT ( 'NONE',  ( -78.00000000000000000, 20.00000000000000355, -67.99999999999991473 ) ) ;
#2646 = LINE ( 'NONE', #2659, #3730 ) ;
#2647 = ORIENTED_EDGE ( 'NONE', *, *, #4318, .F. ) ;
#2648 = CARTESIAN_POINT ( 'NONE',  ( 115.0000000000000711, 1480.000000000000000, -124.9999999999999432 ) ) ;
#2649 = EDGE_CURVE ( 'NONE', #2899, #1128, #218, .T. ) ;
#2650 = CARTESIAN_POINT ( 'NONE',  ( -70.00000000000000000, 1500.000000000000000, 98.50000000000000000 ) ) ;
#2651 =( GEOMETRIC_REPRESENTATION_CONTEXT ( 3 ) GLOBAL_UNCERTAINTY_ASSIGNED_CONTEXT ( ( #1106 ) ) GLOBAL_UNIT_ASSIGNED_CONTEXT ( ( #3795, #2717, #2013 ) ) REPRESENTATION_CONTEXT ( 'NONE', 'WORKASPACE' ) );
#2652 = ORIENTED_EDGE ( 'NONE', *, *, #3868, .T. ) ;
#2653 = DIRECTION ( 'NONE',  ( 3.081487911019577365E-33, 1.540743955509788682E-33, 1.000000000000000000 ) ) ;
#2654 = SURFACE_SIDE_STYLE ('',( #2562 ) ) ;
#2655 = ORIENTED_EDGE ( 'NONE', *, *, #925, .F. ) ;
#2656 = PLANE ( 'NONE',  #1302 ) ;
#2657 = DIRECTION ( 'NONE',  ( -0.0000000000000000000, 1.000000000000000000, -0.0000000000000000000 ) ) ;
#2658 = ORIENTED_EDGE ( 'NONE', *, *, #1219, .F. ) ;
#2659 = CARTESIAN_POINT ( 'NONE',  ( 77.99999999999998579, 20.00000000000000355, -67.99999999999991473 ) ) ;
#2660 = VERTEX_POINT ( 'NONE', #672 ) ;
#2661 = AXIS2_PLACEMENT_3D ( 'NONE', #1780, #3249, #3997 ) ;
#2662 = SURFACE_SIDE_STYLE ('',( #965 ) ) ;
#2663 = ORIENTED_EDGE ( 'NONE', *, *, #1228, .T. ) ;
#2664 = DIRECTION ( 'NONE',  ( 0.0000000000000000000, 0.0000000000000000000, 1.000000000000000000 ) ) ;
#2665 = SHAPE_DEFINITION_REPRESENTATION ( #3104, #4061 ) ;
#2666 = ORIENTED_EDGE ( 'NONE', *, *, #1255, .T. ) ;
#2667 = CARTESIAN_POINT ( 'NONE',  ( -30.00000000000001421, 0.0000000000000000000, -121.5999999999999943 ) ) ;
#2668 = EDGE_CURVE ( 'NONE', #2964, #782, #3821, .T. ) ;
#2669 = DIRECTION ( 'NONE',  ( 0.0000000000000000000, 0.0000000000000000000, -1.000000000000000000 ) ) ;
#2670 = LINE ( 'NONE', #634, #3985 ) ;
#2671 = ORIENTED_EDGE ( 'NONE', *, *, #1491, .T. ) ;
#2672 = CARTESIAN_POINT ( 'NONE',  ( 7.499999999999992006, 20.00000000000001776, -139.9999999999999716 ) ) ;
#2673 = DIRECTION ( 'NONE',  ( 0.0000000000000000000, -0.9805806756909202226, -0.1961161351381840168 ) ) ;
#2674 = ORIENTED_EDGE ( 'NONE', *, *, #4160, .T. ) ;
#2675 = ORIENTED_EDGE ( 'NONE', *, *, #926, .T. ) ;
#2676 = AXIS2_PLACEMENT_3D ( 'NONE', #4086, #805, #3336 ) ;
#2677 = EDGE_CURVE ( 'NONE', #3322, #4617, #4551, .T. ) ;
#2678 = VECTOR ( 'NONE', #2446, 1000.000000000000000 ) ;
#2679 = DIRECTION ( 'NONE',  ( -1.000000000000000000, 7.401486830834376525E-17, 0.0000000000000000000 ) ) ;
#2680 = EDGE_LOOP ( 'NONE', ( #2525, #169, #663, #1438 ) ) ;
#2681 = AXIS2_PLACEMENT_3D ( 'NONE', #2565, #422, #3817 ) ;
#2682 = CIRCLE ( 'NONE', #1983, 3.000000000000002665 ) ;
#2683 = VECTOR ( 'NONE', #688, 1000.000000000000000 ) ;
#2684 = DIRECTION ( 'NONE',  ( 1.423415318369119772E-33, -1.000000000000000000, -3.081487911019577365E-33 ) ) ;
#2685 = DIRECTION ( 'NONE',  ( 0.7071067811865465735, -5.233641528945909416E-17, -0.7071067811865484609 ) ) ;
#2687 = VERTEX_POINT ( 'NONE', #50 ) ;
#2686 = CARTESIAN_POINT ( 'NONE',  ( 124.9999999999999716, 0.0000000000000000000, -125.0000000000000000 ) ) ;
#2688 = DIRECTION ( 'NONE',  ( 0.0000000000000000000, 0.0000000000000000000, 1.000000000000000000 ) ) ;
#2689 = LINE ( 'NONE', #4484, #4110 ) ;
#2690 = LINE ( 'NONE', #3097, #780 ) ;
#2691 = VECTOR ( 'NONE', #3244, 1000.000000000000000 ) ;
#2692 = ORIENTED_EDGE ( 'NONE', *, *, #3422, .T. ) ;
#2693 = LINE ( 'NONE', #4594, #3617 ) ;
#2694 = DIRECTION ( 'NONE',  ( 0.0000000000000000000, 0.0000000000000000000, -1.000000000000000000 ) ) ;
#2695 = ORIENTED_EDGE ( 'NONE', *, *, #2020, .F. ) ;
#2696 = EDGE_CURVE ( 'NONE', #3143, #768, #1591, .T. ) ;
#2697 = DIRECTION ( 'NONE',  ( 7.401486830834376525E-17, 1.000000000000000000, 0.0000000000000000000 ) ) ;
#2698 = VERTEX_POINT ( 'NONE', #3261 ) ;
#2699 = PRESENTATION_LAYER_ASSIGNMENT (  '', '', ( #2443 ) ) ;
#2700 = FACE_BOUND ( 'NONE', #871, .T. ) ;
#2701 = SURFACE_STYLE_FILL_AREA ( #204 ) ;
#2702 = FACE_BOUND ( 'NONE', #1971, .T. ) ;
#2703 = EDGE_CURVE ( 'NONE', #1659, #4080, #478, .T. ) ;
#2704 = STYLED_ITEM ( 'NONE', ( #2167 ), #2528 ) ;
#2705 =( NAMED_UNIT ( * ) SI_UNIT ( $, .STERADIAN. ) SOLID_ANGLE_UNIT ( ) );
#2706 = CARTESIAN_POINT ( 'NONE',  ( 0.0000000000000000000, 0.0000000000000000000, 0.0000000000000000000 ) ) ;
#2707 = CARTESIAN_POINT ( 'NONE',  ( -90.00000000000000000, 20.00000000000001776, -7.499999999999985789 ) ) ;
#2708 = EDGE_LOOP ( 'NONE', ( #1162, #489, #2635, #2367 ) ) ;
#2709 = CARTESIAN_POINT ( 'NONE',  ( -124.9999999999999716, 0.0000000000000000000, 125.0000000000000000 ) ) ;
#2710 = PRESENTATION_LAYER_ASSIGNMENT (  '', '', ( #4017 ) ) ;
#2711 = EDGE_CURVE ( 'NONE', #439, #1654, #4082, .T. ) ;
#2712 = DIRECTION ( 'NONE',  ( -0.0000000000000000000, -1.000000000000000000, -0.0000000000000000000 ) ) ;
#2713 = CARTESIAN_POINT ( 'NONE',  ( 7.499999999999981348, 1.387778780781445676E-14, 1.387778780781445676E-14 ) ) ;
#2714 = ORIENTED_EDGE ( 'NONE', *, *, #3253, .T. ) ;
#2715 = DIRECTION ( 'NONE',  ( 0.0000000000000000000, 0.0000000000000000000, 1.000000000000000000 ) ) ;
#2716 = CARTESIAN_POINT ( 'NONE',  ( -114.9999999999999574, 1500.000000000000000, 125.0000000000000000 ) ) ;
#2717 =( NAMED_UNIT ( * ) PLANE_ANGLE_UNIT ( ) SI_UNIT ( $, .RADIAN. ) );
#2718 = CARTESIAN_POINT ( 'NONE',  ( -2.288491976566047810E-14, 1480.000000000000000, 0.0000000000000000000 ) ) ;
#2719 = ORIENTED_EDGE ( 'NONE', *, *, #1576, .F. ) ;
#2720 = VECTOR ( 'NONE', #1568, 1000.000000000000000 ) ;
#2721 = STYLED_ITEM ( 'NONE', ( #660 ), #1124 ) ;
#2722 = CARTESIAN_POINT ( 'NONE',  ( 67.99999999999998579, 20.00000000000000355, -68.00000000000000000 ) ) ;
#2723 = CARTESIAN_POINT ( 'NONE',  ( -7.500000000000007105, 20.00000000000001776, -139.9999999999999716 ) ) ;
#2724 = ORIENTED_EDGE ( 'NONE', *, *, #4141, .F. ) ;
#2725 = FACE_OUTER_BOUND ( 'NONE', #3337, .T. ) ;
#2726 = CARTESIAN_POINT ( 'NONE',  ( -7.500000000000000000, 20.00000000000003197, -89.99999999999998579 ) ) ;
#2727 = VECTOR ( 'NONE', #414, 1000.000000000000000 ) ;
#2728 = ADVANCED_FACE ( 'NONE', ( #4652 ), #2452, .F. ) ;
#2729 = ORIENTED_EDGE ( 'NONE', *, *, #4066, .F. ) ;
#2730 = ORIENTED_EDGE ( 'NONE', *, *, #903, .F. ) ;
#2731 = DIRECTION ( 'NONE',  ( 1.000000000000000000, -0.0000000000000000000, -0.0000000000000000000 ) ) ;
#2732 = EDGE_CURVE ( 'NONE', #3306, #1089, #545, .T. ) ;
#2733 = CLOSED_SHELL ( 'NONE', ( #3927, #2078, #466, #2962, #4158, #1794, #628 ) ) ;
#2734 = DIRECTION ( 'NONE',  ( -0.0000000000000000000, 1.000000000000000000, -0.0000000000000000000 ) ) ;
#2735 = CIRCLE ( 'NONE', #2628, 3.400000000000000355 ) ;
#2736 =( NAMED_UNIT ( * ) PLANE_ANGLE_UNIT ( ) SI_UNIT ( $, .RADIAN. ) );
#2737 = LINE ( 'NONE', #1246, #775 ) ;
#2738 = VERTEX_POINT ( 'NONE', #788 ) ;
#2739 = VERTEX_POINT ( 'NONE', #2903 ) ;
#2740 = FACE_OUTER_BOUND ( 'NONE', #2192, .T. ) ;
#2741 = FACE_BOUND ( 'NONE', #3673, .T. ) ;
#2742 = ORIENTED_EDGE ( 'NONE', *, *, #4316, .T. ) ;
#2743 = ORIENTED_EDGE ( 'NONE', *, *, #1587, .F. ) ;
#2744 = LINE ( 'NONE', #1583, #2632 ) ;
#2745 = PRESENTATION_STYLE_ASSIGNMENT (( #2023 ) ) ;
#2746 =( LENGTH_UNIT ( ) NAMED_UNIT ( * ) SI_UNIT ( .MILLI., .METRE. ) );
#2747 = AXIS2_PLACEMENT_3D ( 'NONE', #725, #4654, #2476 ) ;
#2748 = CARTESIAN_POINT ( 'NONE',  ( 140.0000000000000000, 70.00000000000001421, -7.500000000000013323 ) ) ;
#2749 = DIRECTION ( 'NONE',  ( 0.1961161351381840445, -0.9805806756909202226, -1.540743955509788511E-33 ) ) ;
#2750 = ORIENTED_EDGE ( 'NONE', *, *, #4565, .F. ) ;
#2751 = ORIENTED_EDGE ( 'NONE', *, *, #191, .F. ) ;
#2752 = VECTOR ( 'NONE', #1778, 1000.000000000000000 ) ;
#2753 = ADVANCED_FACE ( 'NONE', ( #1723 ), #3319, .F. ) ;
#2754 = FACE_OUTER_BOUND ( 'NONE', #3005, .T. ) ;
#2755 = AXIS2_PLACEMENT_3D ( 'NONE', #3233, #3605, #1433 ) ;
#2756 = DIRECTION ( 'NONE',  ( 3.888083013051982357E-17, -0.9805806756909201116, 0.1961161351381840168 ) ) ;
#2757 = CARTESIAN_POINT ( 'NONE',  ( 150.0000000000000000, 20.00000000000000000, 7.500000000000524025 ) ) ;
#2758 = VECTOR ( 'NONE', #2592, 1000.000000000000000 ) ;
#2759 = CIRCLE ( 'NONE', #1090, 9.999999999999994671 ) ;
#2760 = CARTESIAN_POINT ( 'NONE',  ( 7.500000000000016875, 4.163336342344337027E-14, 0.0000000000000000000 ) ) ;
#2761 = EDGE_CURVE ( 'NONE', #947, #2244, #2335, .T. ) ;
#2762 = AXIS2_PLACEMENT_3D ( 'NONE', #1252, #542, #1269 ) ;
#2763 = DIRECTION ( 'NONE',  ( -0.0000000000000000000, 1.000000000000000000, -0.0000000000000000000 ) ) ;
#2764 = APPLICATION_PROTOCOL_DEFINITION ( 'draft international standard', 'automotive_design', 1998, #3523 ) ;
#2765 = PLANE ( 'NONE',  #608 ) ;
#2766 = CARTESIAN_POINT ( 'NONE',  ( -90.00000000000000000, 1500.000000000000000, -84.90000000000000568 ) ) ;
#2767 = DIRECTION ( 'NONE',  ( 1.850371707708594316E-16, 0.0000000000000000000, 1.000000000000000000 ) ) ;
#2768 = EDGE_CURVE ( 'NONE', #2322, #4506, #17, .T. ) ;
#2769 = EDGE_CURVE ( 'NONE', #2540, #2456, #893, .T. ) ;
#2770 = VERTEX_POINT ( 'NONE', #4400 ) ;
#2771 = DIRECTION ( 'NONE',  ( -1.423415318369119772E-33, 1.000000000000000000, 3.081487911019577365E-33 ) ) ;
#2772 = CARTESIAN_POINT ( 'NONE',  ( 69.99999999999985789, 20.00000000000000355, 89.99999999999997158 ) ) ;
#2773 = AXIS2_PLACEMENT_3D ( 'NONE', #1368, #3905, #629 ) ;
#2774 = AXIS2_PLACEMENT_3D ( 'NONE', #3848, #4137, #1934 ) ;
#2775 = ADVANCED_FACE ( 'NONE', ( #3944 ), #3988, .F. ) ;
#2776 = CIRCLE ( 'NONE', #4651, 5.099999999999993427 ) ;
#2777 = EDGE_LOOP ( 'NONE', ( #441, #2412, #1340, #3324 ) ) ;
#2778 = DIRECTION ( 'NONE',  ( 1.000000000000000000, 0.0000000000000000000, 0.0000000000000000000 ) ) ;
#2779 = CARTESIAN_POINT ( 'NONE',  ( 90.00000000000000000, 1480.000000000000000, -69.99999999999985789 ) ) ;
#2780 = DIRECTION ( 'NONE',  ( -0.7071067811865455743, 0.0000000000000000000, -0.7071067811865493491 ) ) ;
#2781 = UNCERTAINTY_MEASURE_WITH_UNIT (LENGTH_MEASURE( 1.000000000000000082E-05 ), #1329, 'distance_accuracy_value', 'NONE');
#2782 = AXIS2_PLACEMENT_3D ( 'NONE', #2478, #4672, #2871 ) ;
#2783 = ORIENTED_EDGE ( 'NONE', *, *, #771, .F. ) ;
#2784 = EDGE_CURVE ( 'NONE', #3433, #3869, #4561, .T. ) ;
#2785 = CARTESIAN_POINT ( 'NONE',  ( -114.9999999999999574, 1500.000000000000000, -124.9999999999999432 ) ) ;
#2786 = DIRECTION ( 'NONE',  ( 1.982541115402068561E-16, -1.749782757909710894E-35, 1.000000000000000000 ) ) ;
#2787 = CARTESIAN_POINT ( 'NONE',  ( 78.00000000000000000, 1455.000000000000000, 42.50000000000004974 ) ) ;
#2788 = LINE ( 'NONE', #2009, #1097 ) ;
#2789 = EDGE_LOOP ( 'NONE', ( #3420, #2454 ) ) ;
#2790 = ORIENTED_EDGE ( 'NONE', *, *, #3108, .T. ) ;
#2791 = ORIENTED_EDGE ( 'NONE', *, *, #1081, .T. ) ;
#2792 = FACE_OUTER_BOUND ( 'NONE', #1051, .T. ) ;
#2793 = CARTESIAN_POINT ( 'NONE',  ( -150.0000000000000284, 0.0000000000000000000, -150.0000000000000000 ) ) ;
#2794 = ORIENTED_EDGE ( 'NONE', *, *, #269, .F. ) ;
#2795 = DIRECTION ( 'NONE',  ( -1.000000000000000000, -0.0000000000000000000, 1.982541115402069301E-16 ) ) ;
#2796 = EDGE_LOOP ( 'NONE', ( #4107, #2269 ) ) ;
#2797 = VECTOR ( 'NONE', #2749, 999.9999999999998863 ) ;
#2798 = ADVANCED_FACE ( 'NONE', ( #4283 ), #66, .F. ) ;
#2799 =( LENGTH_UNIT ( ) NAMED_UNIT ( * ) SI_UNIT ( .MILLI., .METRE. ) );
#2800 = FACE_BOUND ( 'NONE', #650, .T. ) ;
#2801 = CARTESIAN_POINT ( 'NONE',  ( 140.0000000000000000, 19.99999999999998934, 7.499999999999985789 ) ) ;
#2802 = ORIENTED_EDGE ( 'NONE', *, *, #2912, .F. ) ;
#2803 = CARTESIAN_POINT ( 'NONE',  ( -7.500000000000007105, 20.00000000000001776, -139.9999999999999716 ) ) ;
#2804 = FACE_OUTER_BOUND ( 'NONE', #1684, .T. ) ;
#2805 = DIRECTION ( 'NONE',  ( -0.0000000000000000000, 1.000000000000000000, -0.0000000000000000000 ) ) ;
#2806 = LINE ( 'NONE', #4207, #1828 ) ;
#2807 = MECHANICAL_DESIGN_GEOMETRIC_PRESENTATION_REPRESENTATION (  '', ( #1881 ), #81 ) ;
#2808 = ORIENTED_EDGE ( 'NONE', *, *, #2173, .T. ) ;
#2809 = EDGE_LOOP ( 'NONE', ( #404, #1432 ) ) ;
#2810 = ORIENTED_EDGE ( 'NONE', *, *, #451, .T. ) ;
#2811 =( LENGTH_UNIT ( ) NAMED_UNIT ( * ) SI_UNIT ( .MILLI., .METRE. ) );
#2812 = ORIENTED_EDGE ( 'NONE', *, *, #3190, .F. ) ;
#2813 = CARTESIAN_POINT ( 'NONE',  ( 149.9999999999999716, 20.00000000000000000, -150.0000000000000000 ) ) ;
#2814 = VECTOR ( 'NONE', #3839, 1000.000000000000000 ) ;
#2815 = AXIS2_PLACEMENT_3D ( 'NONE', #408, #96, #2584 ) ;
#2816 = CARTESIAN_POINT ( 'NONE',  ( -90.00000000000000000, 1500.000000000000000, 90.00000000000000000 ) ) ;
#2817 = DIRECTION ( 'NONE',  ( -0.0000000000000000000, 1.000000000000000000, -0.0000000000000000000 ) ) ;
#2818 = CIRCLE ( 'NONE', #306, 75.00000000000001421 ) ;
#2819 = VECTOR ( 'NONE', #2992, 1000.000000000000000 ) ;
#2820 = EDGE_LOOP ( 'NONE', ( #3829, #58, #2508, #599 ) ) ;
#2821 = VERTEX_POINT ( 'NONE', #467 ) ;
#2822 = CARTESIAN_POINT ( 'NONE',  ( 67.99999999999991473, 20.00000000000000355, 77.99999999999995737 ) ) ;
#2823 = PLANE ( 'NONE',  #263 ) ;
#2824 = CARTESIAN_POINT ( 'NONE',  ( 69.99999999999998579, 20.00000000000000355, -69.99999999999998579 ) ) ;
#2825 = DIRECTION ( 'NONE',  ( 1.850371707708594316E-16, 0.0000000000000000000, 1.000000000000000000 ) ) ;
#2826 = ORIENTED_EDGE ( 'NONE', *, *, #3359, .F. ) ;
#2827 = DIRECTION ( 'NONE',  ( -0.0000000000000000000, 1.000000000000000000, -0.0000000000000000000 ) ) ;
#2828 = ADVANCED_FACE ( 'NONE', ( #3496 ), #3204, .F. ) ;
#2829 = EDGE_CURVE ( 'NONE', #633, #2325, #661, .T. ) ;
#2830 = DIRECTION ( 'NONE',  ( -0.0000000000000000000, -1.000000000000000000, -0.0000000000000000000 ) ) ;
#2831 = CARTESIAN_POINT ( 'NONE',  ( -124.9999999999999716, 20.00000000000000000, 26.59999999999999787 ) ) ;
#2832 = CARTESIAN_POINT ( 'NONE',  ( -149.9999999999999716, 20.00000000000000000, 150.0000000000000000 ) ) ;
#2833 = CARTESIAN_POINT ( 'NONE',  ( 0.0000000000000000000, 0.0000000000000000000, -142.5000000000000568 ) ) ;
#2834 = VERTEX_POINT ( 'NONE', #1540 ) ;
#2835 = DIRECTION ( 'NONE',  ( -0.0000000000000000000, 1.000000000000000000, -0.0000000000000000000 ) ) ;
#2836 = PLANE ( 'NONE',  #2782 ) ;
#2837 = PLANE ( 'NONE',  #4325 ) ;
#2838 = EDGE_LOOP ( 'NONE', ( #2997, #4401, #976, #2365 ) ) ;
#2839 = FACE_OUTER_BOUND ( 'NONE', #955, .T. ) ;
#2840 = ORIENTED_EDGE ( 'NONE', *, *, #1610, .T. ) ;
#2841 = DIRECTION ( 'NONE',  ( -0.0000000000000000000, 1.000000000000000000, -0.0000000000000000000 ) ) ;
#2842 = PRESENTATION_LAYER_ASSIGNMENT (  '', '', ( #1073 ) ) ;
#2843 = ADVANCED_FACE ( 'NONE', ( #4510 ), #2965, .F. ) ;
#2844 = EDGE_CURVE ( 'NONE', #1263, #2103, #1010, .T. ) ;
#2845 = DIRECTION ( 'NONE',  ( 1.000000000000000000, 0.0000000000000000000, -6.033820786006285224E-17 ) ) ;
#2846 = ORIENTED_EDGE ( 'NONE', *, *, #749, .T. ) ;
#2847 = DIRECTION ( 'NONE',  ( 0.0000000000000000000, 1.000000000000000000, 0.0000000000000000000 ) ) ;
#2848 = CARTESIAN_POINT ( 'NONE',  ( 90.00000000000000000, 1500.000000000000000, -84.90000000000000568 ) ) ;
#2849 = ORIENTED_EDGE ( 'NONE', *, *, #451, .F. ) ;
#2850 = EDGE_CURVE ( 'NONE', #2068, #1224, #226, .T. ) ;
#2851 = EDGE_CURVE ( 'NONE', #1128, #3089, #829, .T. ) ;
#2852 = VECTOR ( 'NONE', #4270, 999.9999999999998863 ) ;
#2853 = VECTOR ( 'NONE', #1579, 1000.000000000000000 ) ;
#2854 = FACE_OUTER_BOUND ( 'NONE', #3446, .T. ) ;
#2855 = EDGE_LOOP ( 'NONE', ( #2120, #1710, #1962, #3723 ) ) ;
#2856 = LINE ( 'NONE', #1370, #175 ) ;
#2857 = COLOUR_RGB ( '',1.000000000000000000, 1.000000000000000000, 1.000000000000000000 ) ;
#2858 = ORIENTED_EDGE ( 'NONE', *, *, #141, .T. ) ;
#2859 = EDGE_CURVE ( 'NONE', #4171, #2034, #1660, .T. ) ;
#2860 = ORIENTED_EDGE ( 'NONE', *, *, #901, .T. ) ;
#2861 = EDGE_CURVE ( 'NONE', #4391, #2244, #716, .T. ) ;
#2862 = COLOUR_RGB ( '',1.000000000000000000, 1.000000000000000000, 1.000000000000000000 ) ;
#2863 = FACE_OUTER_BOUND ( 'NONE', #550, .T. ) ;
#2864 = AXIS2_PLACEMENT_3D ( 'NONE', #2079, #3562, #980 ) ;
#2865 = EDGE_LOOP ( 'NONE', ( #2250, #777, #4411, #1693 ) ) ;
#2867 = ORIENTED_EDGE ( 'NONE', *, *, #247, .T. ) ;
#2866 = DIRECTION ( 'NONE',  ( 0.0000000000000000000, 1.000000000000000000, -1.644916297139074910E-33 ) ) ;
#2868 = VECTOR ( 'NONE', #3668, 1000.000000000000000 ) ;
#2869 = COLOUR_RGB ( '',1.000000000000000000, 1.000000000000000000, 1.000000000000000000 ) ;
#2870 = FACE_BOUND ( 'NONE', #2789, .T. ) ;
#2871 = DIRECTION ( 'NONE',  ( -1.000000000000000000, 0.0000000000000000000, 1.982541115402069794E-16 ) ) ;
#2872 = DIRECTION ( 'NONE',  ( 0.0000000000000000000, 1.000000000000000000, 0.0000000000000000000 ) ) ;
#2873 = LINE ( 'NONE', #1622, #850 ) ;
#2874 = PRESENTATION_STYLE_ASSIGNMENT (( #299 ) ) ;
#2875 = AXIS2_PLACEMENT_3D ( 'NONE', #1199, #1922, #4127 ) ;
#2876 = CARTESIAN_POINT ( 'NONE',  ( 7.500000000000000000, 20.00000000000003197, 89.99999999999998579 ) ) ;
#2877 = AXIS2_PLACEMENT_3D ( 'NONE', #3077, #3857, #602 ) ;
#2878 = DIRECTION ( 'NONE',  ( 1.000000000000000000, 0.0000000000000000000, -1.020425574104005478E-16 ) ) ;
#2879 = AXIS2_PLACEMENT_3D ( 'NONE', #4478, #800, #1581 ) ;
#2880 = DIRECTION ( 'NONE',  ( 0.0000000000000000000, 1.000000000000000000, 0.0000000000000000000 ) ) ;
#2881 = ORIENTED_EDGE ( 'NONE', *, *, #1537, .F. ) ;
#2882 =( NAMED_UNIT ( * ) PLANE_ANGLE_UNIT ( ) SI_UNIT ( $, .RADIAN. ) );
#2883 = DIRECTION ( 'NONE',  ( 1.000000000000000000, -0.0000000000000000000, -0.0000000000000000000 ) ) ;
#2884 = CIRCLE ( 'NONE', #1151, 2.499999999999946709 ) ;
#2885 = VERTEX_POINT ( 'NONE', #4096 ) ;
#2886 = EDGE_CURVE ( 'NONE', #3616, #1920, #3026, .T. ) ;
#2887 = ORIENTED_EDGE ( 'NONE', *, *, #743, .T. ) ;
#2888 = FILL_AREA_STYLE ('',( #1053 ) ) ;
#2889 = CIRCLE ( 'NONE', #574, 4.499999999999990230 ) ;
#2890 = DIRECTION ( 'NONE',  ( 0.0000000000000000000, 0.0000000000000000000, 1.000000000000000000 ) ) ;
#2891 = ADVANCED_FACE ( 'NONE', ( #1997 ), #1214, .F. ) ;
#2892 = ORIENTED_EDGE ( 'NONE', *, *, #1928, .T. ) ;
#2893 = CARTESIAN_POINT ( 'NONE',  ( 67.99999999999991473, 1480.000000000000000, -78.00000000000000000 ) ) ;
#2894 = SURFACE_STYLE_USAGE ( .BOTH. , #401 ) ;
#2895 = PLANE ( 'NONE',  #4413 ) ;
#2896 = ORIENTED_EDGE ( 'NONE', *, *, #2266, .F. ) ;
#2897 = FILL_AREA_STYLE_COLOUR ( '', #1260 ) ;
#2898 = FACE_OUTER_BOUND ( 'NONE', #4386, .T. ) ;
#2899 = VERTEX_POINT ( 'NONE', #3738 ) ;
#2900 = MECHANICAL_DESIGN_GEOMETRIC_PRESENTATION_REPRESENTATION (  '', ( #3012 ), #486 ) ;
#2902 = VERTEX_POINT ( 'NONE', #4586 ) ;
#2901 = CARTESIAN_POINT ( 'NONE',  ( -114.9999999999999574, 1480.000000000000000, 125.0000000000000000 ) ) ;
#2903 = CARTESIAN_POINT ( 'NONE',  ( -90.00000000000000000, 1480.000000000000000, 95.09999999999999432 ) ) ;
#2904 = VECTOR ( 'NONE', #4352, 1000.000000000000000 ) ;
#2905 = AXIS2_PLACEMENT_3D ( 'NONE', #3627, #4342, #1060 ) ;
#2906 = VECTOR ( 'NONE', #419, 1000.000000000000000 ) ;
#2907 = CARTESIAN_POINT ( 'NONE',  ( -124.9999999999999716, 0.0000000000000000000, 117.5000000000000142 ) ) ;
#2908 = CYLINDRICAL_SURFACE ( 'NONE', #3278, 7.500000000000007105 ) ;
#2909 = DIRECTION ( 'NONE',  ( -0.0000000000000000000, 1.000000000000000000, -0.0000000000000000000 ) ) ;
#2910 = CARTESIAN_POINT ( 'NONE',  ( -69.99999999999985789, 1480.000000000000000, 90.00000000000000000 ) ) ;
#2911 = SURFACE_STYLE_FILL_AREA ( #3344 ) ;
#2912 = EDGE_CURVE ( 'NONE', #340, #1767, #3891, .T. ) ;
#2913 = ORIENTED_EDGE ( 'NONE', *, *, #210, .T. ) ;
#2914 = EDGE_CURVE ( 'NONE', #4213, #3475, #1829, .T. ) ;
#2915 = ORIENTED_EDGE ( 'NONE', *, *, #532, .F. ) ;
#2916 = DIRECTION ( 'NONE',  ( -1.000000000000000000, 0.0000000000000000000, 1.982541115402068561E-16 ) ) ;
#2917 = CIRCLE ( 'NONE', #4473, 2.499999999999946709 ) ;
#2918 = FACE_OUTER_BOUND ( 'NONE', #1761, .T. ) ;
#2919 = ORIENTED_EDGE ( 'NONE', *, *, #989, .T. ) ;
#2920 = DIRECTION ( 'NONE',  ( 1.000000000000000000, 3.851859888774471706E-34, -1.982541115402069301E-16 ) ) ;
#2921 = FACE_BOUND ( 'NONE', #4303, .T. ) ;
#2922 = VECTOR ( 'NONE', #2734, 1000.000000000000000 ) ;
#2923 = DIRECTION ( 'NONE',  ( -1.000000000000000000, 1.423415318369119772E-33, 0.0000000000000000000 ) ) ;
#2924 = DIRECTION ( 'NONE',  ( 0.0000000000000000000, 0.0000000000000000000, 1.000000000000000000 ) ) ;
#2925 = FACE_BOUND ( 'NONE', #2340, .T. ) ;
#2926 = CARTESIAN_POINT ( 'NONE',  ( -7.500000000000005329, 220.0000000000000284, -109.9999999999999858 ) ) ;
#2927 = FACE_BOUND ( 'NONE', #1344, .T. ) ;
#2928 = MANIFOLD_SOLID_BREP ( 'Cut-Extrude2', #3552 ) ;
#2929 = CARTESIAN_POINT ( 'NONE',  ( -69.99999999999998579, 20.00000000000000355, 69.99999999999998579 ) ) ;
#2930 = ORIENTED_EDGE ( 'NONE', *, *, #3688, .F. ) ;
#2931 = EDGE_LOOP ( 'NONE', ( #4247, #2802, #2226, #1175 ) ) ;
#2932 = AXIS2_PLACEMENT_3D ( 'NONE', #2309, #2258, #2664 ) ;
#2933 = DIRECTION ( 'NONE',  ( -0.0000000000000000000, 1.000000000000000000, -0.0000000000000000000 ) ) ;
#2934 = EDGE_CURVE ( 'NONE', #1937, #4535, #4106, .T. ) ;
#2935 = CARTESIAN_POINT ( 'NONE',  ( -69.99999999999985789, 1480.000000000000000, -89.99999999999997158 ) ) ;
#2936 = CARTESIAN_POINT ( 'NONE',  ( -30.00000000000001421, 20.00000000000000000, -125.0000000000000000 ) ) ;
#2937 = LINE ( 'NONE', #2723, #1138 ) ;
#2938 = EDGE_CURVE ( 'NONE', #2558, #3856, #3135, .T. ) ;
#2939 = DIRECTION ( 'NONE',  ( 0.0000000000000000000, 0.0000000000000000000, -1.000000000000000000 ) ) ;
#2940 = VERTEX_POINT ( 'NONE', #2772 ) ;
#2941 = AXIS2_PLACEMENT_3D ( 'NONE', #3129, #3464, #4226 ) ;
#2942 = ORIENTED_EDGE ( 'NONE', *, *, #1963, .F. ) ;
#2943 = MECHANICAL_DESIGN_GEOMETRIC_PRESENTATION_REPRESENTATION (  '', ( #4017 ), #936 ) ;
#2944 = EDGE_CURVE ( 'NONE', #533, #2687, #594, .T. ) ;
#2945 = CARTESIAN_POINT ( 'NONE',  ( -149.9999999999999432, -0.001000000000001000089, -7.500000000001570299 ) ) ;
#2946 = EDGE_LOOP ( 'NONE', ( #3722, #3492, #2257, #3215 ) ) ;
#2947 = DIRECTION ( 'NONE',  ( 0.0000000000000000000, 0.0000000000000000000, 1.000000000000000000 ) ) ;
#2948 = DIRECTION ( 'NONE',  ( -0.0000000000000000000, 1.000000000000000000, -0.0000000000000000000 ) ) ;
#2949 = PRESENTATION_STYLE_ASSIGNMENT (( #2117 ) ) ;
#2950 = ORIENTED_EDGE ( 'NONE', *, *, #4154, .F. ) ;
#2951 = DIRECTION ( 'NONE',  ( 0.0000000000000000000, 0.0000000000000000000, 1.000000000000000000 ) ) ;
#2952 = CARTESIAN_POINT ( 'NONE',  ( 7.500000000000009770, 20.00000000000001776, 139.9999999999999716 ) ) ;
#2953 = FACE_OUTER_BOUND ( 'NONE', #2343, .T. ) ;
#2954 = ORIENTED_EDGE ( 'NONE', *, *, #3572, .F. ) ;
#2955 = AXIS2_PLACEMENT_3D ( 'NONE', #1129, #2190, #1515 ) ;
#2956 =( NAMED_UNIT ( * ) SI_UNIT ( $, .STERADIAN. ) SOLID_ANGLE_UNIT ( ) );
#2957 = AXIS2_PLACEMENT_3D ( 'NONE', #3113, #257, #2715 ) ;
#2958 = EDGE_LOOP ( 'NONE', ( #2729, #1967 ) ) ;
#2959 = PRESENTATION_STYLE_ASSIGNMENT (( #1108 ) ) ;
#2960 = LINE ( 'NONE', #3791, #2853 ) ;
#2961 = DIRECTION ( 'NONE',  ( 2.888894916580853780E-33, -1.000000000000000000, -2.258249741334817486E-34 ) ) ;
#2962 = ADVANCED_FACE ( 'NONE', ( #1335 ), #3120, .F. ) ;
#2963 = CARTESIAN_POINT ( 'NONE',  ( -124.9999999999999716, 0.0000000000000000000, -30.00000000000000000 ) ) ;
#2964 = VERTEX_POINT ( 'NONE', #4246 ) ;
#2965 = CYLINDRICAL_SURFACE ( 'NONE', #3121, 3.399999999999986144 ) ;
#2966 = DIRECTION ( 'NONE',  ( 1.000000000000000000, -0.0000000000000000000, -0.0000000000000000000 ) ) ;
#2967 = VERTEX_POINT ( 'NONE', #2787 ) ;
#2968 = CARTESIAN_POINT ( 'NONE',  ( 150.0000000000000284, 0.0000000000000000000, 139.9999999999999716 ) ) ;
#2970 = ORIENTED_EDGE ( 'NONE', *, *, #2115, .F. ) ;
#2969 = CARTESIAN_POINT ( 'NONE',  ( 124.9999999999999716, 0.0000000000000000000, 117.5000000000000000 ) ) ;
#2971 = DIRECTION ( 'NONE',  ( 1.000000000000000000, 0.0000000000000000000, 0.0000000000000000000 ) ) ;
#2972 = ORIENTED_EDGE ( 'NONE', *, *, #1936, .T. ) ;
#2973 = LINE ( 'NONE', #2298, #838 ) ;
#2974 = DIRECTION ( 'NONE',  ( -0.7071067811865489050, 0.0000000000000000000, -0.7071067811865461294 ) ) ;
#2975 = EDGE_CURVE ( 'NONE', #1003, #340, #839, .T. ) ;
#2976 = ORIENTED_EDGE ( 'NONE', *, *, #1135, .F. ) ;
#2977 = CONICAL_SURFACE ( 'NONE', #4144, 3.500000000000003109, 0.7853981633975037902 ) ;
#2978 = CARTESIAN_POINT ( 'NONE',  ( -124.9999999999999716, 0.0000000000000000000, -132.5000000000000000 ) ) ;
#2979 = VECTOR ( 'NONE', #2767, 1000.000000000000000 ) ;
#2980 = VECTOR ( 'NONE', #4165, 1000.000000000000000 ) ;
#2981 = EDGE_LOOP ( 'NONE', ( #3734, #496, #3752, #227 ) ) ;
#2982 = CARTESIAN_POINT ( 'NONE',  ( -68.00000000000000000, 20.00000000000000355, 68.00000000000000000 ) ) ;
#2983 = DIRECTION ( 'NONE',  ( 0.0000000000000000000, 1.000000000000000000, 1.644916297139074910E-33 ) ) ;
#2984 = MANIFOLD_SOLID_BREP ( 'M6 Tapped Hole1', #1453 ) ;
#2985 = DIRECTION ( 'NONE',  ( -0.0000000000000000000, 1.000000000000000000, -0.0000000000000000000 ) ) ;
#2986 = EDGE_LOOP ( 'NONE', ( #4164, #1903, #4221, #3242 ) ) ;
#2987 = DIRECTION ( 'NONE',  ( 0.0000000000000000000, 1.000000000000000000, 0.0000000000000000000 ) ) ;
#2988 = ORIENTED_EDGE ( 'NONE', *, *, #1227, .F. ) ;
#2989 =( NAMED_UNIT ( * ) SI_UNIT ( $, .STERADIAN. ) SOLID_ANGLE_UNIT ( ) );
#2990 = AXIS2_PLACEMENT_3D ( 'NONE', #3978, #2880, #2139 ) ;
#2991 = CARTESIAN_POINT ( 'NONE',  ( 90.00000000000000000, 1500.000000000000000, -95.09999999999999432 ) ) ;
#2992 = DIRECTION ( 'NONE',  ( -0.0000000000000000000, 1.000000000000000000, -0.0000000000000000000 ) ) ;
#2993 = CARTESIAN_POINT ( 'NONE',  ( 7.500000000000009770, 20.00000000000001776, 139.9999999999999716 ) ) ;
#2994 = AXIS2_PLACEMENT_3D ( 'NONE', #818, #1179, #1884 ) ;
#2995 = CARTESIAN_POINT ( 'NONE',  ( -2.140462239949360482E-14, 1500.000000000000000, 0.0000000000000000000 ) ) ;
#2996 = DIRECTION ( 'NONE',  ( 0.7071067811865494601, 0.0000000000000000000, -0.7071067811865456854 ) ) ;
#2997 = ORIENTED_EDGE ( 'NONE', *, *, #869, .F. ) ;
#2998 = VECTOR ( 'NONE', #231, 1000.000000000000000 ) ;
#2999 = CARTESIAN_POINT ( 'NONE',  ( 142.5000000000000568, 0.0000000000000000000, 4.975360907851466735E-13 ) ) ;
#3000 = EDGE_CURVE ( 'NONE', #4508, #67, #3561, .T. ) ;
#3001 = DIRECTION ( 'NONE',  ( -0.7071067811865390240, 0.0000000000000000000, -0.7071067811865561215 ) ) ;
#3002 =( LENGTH_UNIT ( ) NAMED_UNIT ( * ) SI_UNIT ( .MILLI., .METRE. ) );
#3003 = VERTEX_POINT ( 'NONE', #4189 ) ;
#3004 = DIRECTION ( 'NONE',  ( 0.1961161351381840168, -0.9805806756909201116, -2.311115933264682339E-33 ) ) ;
#3005 = EDGE_LOOP ( 'NONE', ( #4220, #1986, #2299, #876 ) ) ;
#3006 = EDGE_CURVE ( 'NONE', #2622, #547, #1666, .T. ) ;
#3007 = EDGE_CURVE ( 'NONE', #1756, #2152, #2341, .T. ) ;
#3008 = CARTESIAN_POINT ( 'NONE',  ( -69.99999999999985789, 20.00000000000000355, -89.99999999999997158 ) ) ;
#3009 = VERTEX_POINT ( 'NONE', #3532 ) ;
#3010 = ADVANCED_FACE ( 'NONE', ( #1223 ), #1293, .F. ) ;
#3011 = AXIS2_PLACEMENT_3D ( 'NONE', #3708, #769, #1503 ) ;
#3012 = STYLED_ITEM ( 'NONE', ( #1678 ), #528 ) ;
#3013 = VERTEX_POINT ( 'NONE', #1357 ) ;
#3014 = CARTESIAN_POINT ( 'NONE',  ( 70.00000000000000000, 1499.500000000000000, -92.00000000000000000 ) ) ;
#3015 = LINE ( 'NONE', #1070, #4553 ) ;
#3016 = CARTESIAN_POINT ( 'NONE',  ( -150.0000000000000284, 20.00000000000000000, -139.9999999999999716 ) ) ;
#3017 = ORIENTED_EDGE ( 'NONE', *, *, #2975, .F. ) ;
#3018 = DIRECTION ( 'NONE',  ( -0.0000000000000000000, 1.000000000000000000, -0.0000000000000000000 ) ) ;
#3019 = VECTOR ( 'NONE', #2361, 1000.000000000000000 ) ;
#3020 = PRESENTATION_LAYER_ASSIGNMENT (  '', '', ( #1483 ) ) ;
#3021 = EDGE_CURVE ( 'NONE', #439, #406, #2287, .T. ) ;
#3022 = VERTEX_POINT ( 'NONE', #4201 ) ;
#3023 = DIRECTION ( 'NONE',  ( 7.401486830834376525E-17, 1.000000000000000000, 0.0000000000000000000 ) ) ;
#3024 = CYLINDRICAL_SURFACE ( 'NONE', #1813, 2.499999999999946709 ) ;
#3025 = CIRCLE ( 'NONE', #3304, 7.499999999999992895 ) ;
#3026 = LINE ( 'NONE', #2634, #4390 ) ;
#3027 = DIRECTION ( 'NONE',  ( -0.0000000000000000000, 1.000000000000000000, -0.0000000000000000000 ) ) ;
#3028 = EDGE_LOOP ( 'NONE', ( #1933, #2860 ) ) ;
#3029 = VERTEX_POINT ( 'NONE', #3909 ) ;
#3030 = EDGE_LOOP ( 'NONE', ( #4382, #326, #4378, #3 ) ) ;
#3031 = CIRCLE ( 'NONE', #2990, 20.00000000000000355 ) ;
#3032 = CARTESIAN_POINT ( 'NONE',  ( 124.9999999999999716, 20.00000000000000000, -30.00000000000000000 ) ) ;
#3033 = CARTESIAN_POINT ( 'NONE',  ( -62.50000000000002842, 1500.000000000000000, 7.654042494670957804E-15 ) ) ;
#3034 = CARTESIAN_POINT ( 'NONE',  ( 90.00000000000000000, 1455.000000000000000, -42.50000000000004974 ) ) ;
#3035 = CARTESIAN_POINT ( 'NONE',  ( 125.0000000000000568, 1480.000000000000000, -114.9999999999999858 ) ) ;
#3036 = COLOUR_RGB ( '',1.000000000000000000, 1.000000000000000000, 1.000000000000000000 ) ;
#3037 = ADVANCED_FACE ( 'NONE', ( #551 ), #2082, .F. ) ;
#3038 = VECTOR ( 'NONE', #2974, 1000.000000000000114 ) ;
#3039 = DIRECTION ( 'NONE',  ( 0.0000000000000000000, 0.0000000000000000000, 1.000000000000000000 ) ) ;
#3040 = FACE_OUTER_BOUND ( 'NONE', #840, .T. ) ;
#3041 = EDGE_CURVE ( 'NONE', #2389, #1563, #723, .T. ) ;
#3042 = DIRECTION ( 'NONE',  ( -0.0000000000000000000, -0.0000000000000000000, 1.000000000000000000 ) ) ;
#3043 = ORIENTED_EDGE ( 'NONE', *, *, #3932, .T. ) ;
#3044 = CARTESIAN_POINT ( 'NONE',  ( -150.0000000000000284, 20.00000000000000000, -139.9999999999999716 ) ) ;
#3045 = DIRECTION ( 'NONE',  ( 0.0000000000000000000, 0.0000000000000000000, 1.000000000000000000 ) ) ;
#3046 = VERTEX_POINT ( 'NONE', #710 ) ;
#3047 = DIRECTION ( 'NONE',  ( 0.0000000000000000000, 0.0000000000000000000, 1.000000000000000000 ) ) ;
#3048 = DIRECTION ( 'NONE',  ( -0.0000000000000000000, 1.000000000000000000, -0.0000000000000000000 ) ) ;
#3049 = CARTESIAN_POINT ( 'NONE',  ( -7.500000000000000000, 20.00000000000003197, 89.99999999999998579 ) ) ;
#3050 = CARTESIAN_POINT ( 'NONE',  ( 70.00000000000000000, 1500.000000000000000, -95.00000000000000000 ) ) ;
#3051 = ORIENTED_EDGE ( 'NONE', *, *, #1321, .F. ) ;
#3052 = LINE ( 'NONE', #4153, #196 ) ;
#3053 = AXIS2_PLACEMENT_3D ( 'NONE', #2280, #1593, #1567 ) ;
#3054 = CARTESIAN_POINT ( 'NONE',  ( -90.00000000000000000, 220.0000000000000284, 7.500000000000013323 ) ) ;
#3055 = EDGE_LOOP ( 'NONE', ( #2751, #2130, #2671, #2021 ) ) ;
#3056 = PLANE ( 'NONE',  #2015 ) ;
#3057 = SURFACE_STYLE_FILL_AREA ( #272 ) ;
#3058 = CARTESIAN_POINT ( 'NONE',  ( -140.0000000000000000, 0.0000000000000000000, -150.0000000000000000 ) ) ;
#3059 = CARTESIAN_POINT ( 'NONE',  ( -150.0000000000000284, 20.00000000000000000, -150.0000000000000000 ) ) ;
#3060 = ORIENTED_EDGE ( 'NONE', *, *, #3445, .T. ) ;
#3061 = DIRECTION ( 'NONE',  ( 1.000000000000000000, 0.0000000000000000000, 0.0000000000000000000 ) ) ;
#3062 = ADVANCED_FACE ( 'NONE', ( #3326 ), #3502, .F. ) ;
#3063 = VECTOR ( 'NONE', #835, 999.9999999999998863 ) ;
#3064 = ORIENTED_EDGE ( 'NONE', *, *, #1032, .F. ) ;
#3065 = DIRECTION ( 'NONE',  ( 0.0000000000000000000, 0.0000000000000000000, 1.000000000000000000 ) ) ;
#3066 = EDGE_CURVE ( 'NONE', #3475, #4197, #2223, .T. ) ;
#3067 = CARTESIAN_POINT ( 'NONE',  ( -124.9999999999999716, 0.0000000000000000000, -125.0000000000000000 ) ) ;
#3068 = CIRCLE ( 'NONE', #1446, 2.999999999999988898 ) ;
#3069 = PRESENTATION_STYLE_ASSIGNMENT (( #3293 ) ) ;
#3070 = DIRECTION ( 'NONE',  ( 1.944041506525991178E-16, -0.1961161351381840168, 0.9805806756909202226 ) ) ;
#3071 = CYLINDRICAL_SURFACE ( 'NONE', #910, 7.500000000000007105 ) ;
#3072 = ORIENTED_EDGE ( 'NONE', *, *, #1856, .T. ) ;
#3073 = CARTESIAN_POINT ( 'NONE',  ( 124.9999999999999716, 20.00000000000000000, -125.0000000000000000 ) ) ;
#3074 = VERTEX_POINT ( 'NONE', #3225 ) ;
#3075 = STYLED_ITEM ( 'NONE', ( #4575 ), #1615 ) ;
#3076 = LINE ( 'NONE', #2793, #3374 ) ;
#3077 = CARTESIAN_POINT ( 'NONE',  ( 90.00000000000000000, 1415.000000000000000, -45.00000000000000000 ) ) ;
#3078 = DIRECTION ( 'NONE',  ( 0.0000000000000000000, 1.000000000000000000, 0.0000000000000000000 ) ) ;
#3080 = VERTEX_POINT ( 'NONE', #4656 ) ;
#3079 = CARTESIAN_POINT ( 'NONE',  ( 115.0000000000000711, 1500.000000000000000, 125.0000000000000000 ) ) ;
#3081 = VECTOR ( 'NONE', #2179, 1000.000000000000000 ) ;
#3082 = ADVANCED_FACE ( 'NONE', ( #2863 ), #3387, .F. ) ;
#3083 = EDGE_LOOP ( 'NONE', ( #898, #4250, #1454, #580 ) ) ;
#3084 = CARTESIAN_POINT ( 'NONE',  ( 0.0000000000000000000, 1.387778780781445676E-14, -7.499999999999985789 ) ) ;
#3085 = VERTEX_POINT ( 'NONE', #645 ) ;
#3086 = AXIS2_PLACEMENT_3D ( 'NONE', #371, #3651, #1118 ) ;
#3087 = DIRECTION ( 'NONE',  ( 0.0000000000000000000, 0.0000000000000000000, -1.000000000000000000 ) ) ;
#3088 = EDGE_CURVE ( 'NONE', #2821, #1289, #2004, .T. ) ;
#3089 = VERTEX_POINT ( 'NONE', #3606 ) ;
#3090 = LINE ( 'NONE', #3864, #2752 ) ;
#3091 = ORIENTED_EDGE ( 'NONE', *, *, #3478, .F. ) ;
#3092 = PLANE ( 'NONE',  #4534 ) ;
#3093 = FACE_BOUND ( 'NONE', #649, .T. ) ;
#3094 = EDGE_CURVE ( 'NONE', #1052, #3266, #3268, .T. ) ;
#3095 = EDGE_CURVE ( 'NONE', #1040, #979, #2571, .T. ) ;
#3096 = MECHANICAL_DESIGN_GEOMETRIC_PRESENTATION_REPRESENTATION (  '', ( #2704 ), #4224 ) ;
#3097 = CARTESIAN_POINT ( 'NONE',  ( 115.0000000000000711, 1500.000000000000000, 125.0000000000000000 ) ) ;
#3098 = ORIENTED_EDGE ( 'NONE', *, *, #1195, .T. ) ;
#3099 = FACE_OUTER_BOUND ( 'NONE', #1440, .T. ) ;
#3100 = DIRECTION ( 'NONE',  ( 0.0000000000000000000, 0.0000000000000000000, 1.000000000000000000 ) ) ;
#3101 = CARTESIAN_POINT ( 'NONE',  ( 115.0000000000000711, 1500.000000000000000, -124.9999999999999432 ) ) ;
#3102 = DIRECTION ( 'NONE',  ( 0.0000000000000000000, 0.0000000000000000000, -1.000000000000000000 ) ) ;
#3103 = VECTOR ( 'NONE', #3042, 1000.000000000000000 ) ;
#3104 = PRODUCT_DEFINITION_SHAPE ( 'NONE', 'NONE',  #643 ) ;
#3105 = ORIENTED_EDGE ( 'NONE', *, *, #4370, .T. ) ;
#3106 = EDGE_CURVE ( 'NONE', #2047, #1909, #445, .T. ) ;
#3107 = VERTEX_POINT ( 'NONE', #3922 ) ;
#3108 = EDGE_CURVE ( 'NONE', #2568, #1810, #1621, .T. ) ;
#3109 = SURFACE_STYLE_USAGE ( .BOTH. , #239 ) ;
#3110 = AXIS2_PLACEMENT_3D ( 'NONE', #1969, #194, #2694 ) ;
#3111 = ADVANCED_FACE ( 'NONE', ( #4175 ), #1781, .F. ) ;
#3112 = VERTEX_POINT ( 'NONE', #2140 ) ;
#3113 = CARTESIAN_POINT ( 'NONE',  ( 30.00000000000001421, 20.00000000000000000, 125.0000000000000000 ) ) ;
#3114 = CARTESIAN_POINT ( 'NONE',  ( 90.00000000000000000, 220.0000000000000284, 7.499999999999985789 ) ) ;
#3115 = DIRECTION ( 'NONE',  ( 0.0000000000000000000, 1.000000000000000000, 0.0000000000000000000 ) ) ;
#3116 = ORIENTED_EDGE ( 'NONE', *, *, #4234, .T. ) ;
#3117 = AXIS2_PLACEMENT_3D ( 'NONE', #2876, #3645, #2920 ) ;
#3118 = CARTESIAN_POINT ( 'NONE',  ( -2.775557561562891351E-14, -1.387778780781445676E-14, -7.500000000000013323 ) ) ;
#3119 = CARTESIAN_POINT ( 'NONE',  ( -140.0000000000000000, 20.00000000000000000, -150.0000000000000000 ) ) ;
#3120 = PLANE ( 'NONE',  #4402 ) ;
#3121 = AXIS2_PLACEMENT_3D ( 'NONE', #1152, #494, #3378 ) ;
#3122 = DIRECTION ( 'NONE',  ( 0.7071067811865536790, 0.0000000000000000000, -0.7071067811865414665 ) ) ;
#3123 = EDGE_LOOP ( 'NONE', ( #1104, #4045, #879, #4273 ) ) ;
#3124 = VECTOR ( 'NONE', #3984, 1000.000000000000000 ) ;
#3125 = ORIENTED_EDGE ( 'NONE', *, *, #208, .T. ) ;
#3126 = DIRECTION ( 'NONE',  ( 1.000000000000000000, -0.0000000000000000000, -0.0000000000000000000 ) ) ;
#3127 = ORIENTED_EDGE ( 'NONE', *, *, #2601, .T. ) ;
#3128 = DIRECTION ( 'NONE',  ( 1.000000000000000000, -0.0000000000000000000, -0.0000000000000000000 ) ) ;
#3129 = CARTESIAN_POINT ( 'NONE',  ( -70.00000000000000000, 1500.000000000000000, 95.00000000000000000 ) ) ;
#3130 = ADVANCED_FACE ( 'NONE', ( #2119 ), #22, .F. ) ;
#3131 = ORIENTED_EDGE ( 'NONE', *, *, #277, .T. ) ;
#3132 = FILL_AREA_STYLE ('',( #1049 ) ) ;
#3133 = CYLINDRICAL_SURFACE ( 'NONE', #1653, 5.099999999999993427 ) ;
#3134 = EDGE_LOOP ( 'NONE', ( #349, #2324, #1122, #3640 ) ) ;
#3135 = LINE ( 'NONE', #631, #2158 ) ;
#3136 = AXIS2_PLACEMENT_3D ( 'NONE', #3892, #1752, #2825 ) ;
#3137 = VERTEX_POINT ( 'NONE', #3579 ) ;
#3138 = ORIENTED_EDGE ( 'NONE', *, *, #412, .T. ) ;
#3139 = CYLINDRICAL_SURFACE ( 'NONE', #2957, 3.399999999999986144 ) ;
#3140 = CARTESIAN_POINT ( 'NONE',  ( 149.9999999999999716, 20.00000000000000000, -139.9999999999999716 ) ) ;
#3141 = MECHANICAL_DESIGN_GEOMETRIC_PRESENTATION_REPRESENTATION (  '', ( #4121 ), #4360 ) ;
#3142 = CARTESIAN_POINT ( 'NONE',  ( 110.0000000000000000, 220.0000000000000568, 7.499999999999985789 ) ) ;
#3143 = VERTEX_POINT ( 'NONE', #694 ) ;
#3144 = SURFACE_STYLE_FILL_AREA ( #3145 ) ;
#3145 = FILL_AREA_STYLE ('',( #295 ) ) ;
#3146 = EDGE_LOOP ( 'NONE', ( #3091, #522, #3835, #4543 ) ) ;
#3147 = EDGE_LOOP ( 'NONE', ( #705, #3201 ) ) ;
#3148 = LINE ( 'NONE', #1075, #2227 ) ;
#3149 = DIRECTION ( 'NONE',  ( -0.7071067811865536790, -0.0000000000000000000, 0.7071067811865414665 ) ) ;
#3150 = DIRECTION ( 'NONE',  ( 1.000000000000000000, 0.0000000000000000000, -1.850371707708594316E-16 ) ) ;
#3151 = DIRECTION ( 'NONE',  ( 1.000000000000000000, 0.0000000000000000000, -1.982541115402068561E-16 ) ) ;
#3152 = DIRECTION ( 'NONE',  ( -0.0000000000000000000, 1.000000000000000000, -0.0000000000000000000 ) ) ;
#3153 = FACE_BOUND ( 'NONE', #2381, .T. ) ;
#3154 = DIRECTION ( 'NONE',  ( 0.0000000000000000000, 0.0000000000000000000, 1.000000000000000000 ) ) ;
#3155 = LINE ( 'NONE', #2785, #4009 ) ;
#3156 = ADVANCED_FACE ( 'NONE', ( #959 ), #3024, .F. ) ;
#3157 = ORIENTED_EDGE ( 'NONE', *, *, #4147, .T. ) ;
#3158 = EDGE_CURVE ( 'NONE', #2622, #610, #2505, .T. ) ;
#3159 = CARTESIAN_POINT ( 'NONE',  ( 90.00000000000000000, 1455.000000000000000, -45.00000000000000000 ) ) ;
#3160 = FACE_BOUND ( 'NONE', #4168, .T. ) ;
#3161 =( REPRESENTATION_RELATIONSHIP ('NONE','NONE', #3994, #4061 ) REPRESENTATION_RELATIONSHIP_WITH_TRANSFORMATION ( #3175 )SHAPE_REPRESENTATION_RELATIONSHIP( ) );
#3162 = DIRECTION ( 'NONE',  ( 7.401486830834376525E-17, 1.000000000000000000, 0.0000000000000000000 ) ) ;
#3163 = ORIENTED_EDGE ( 'NONE', *, *, #2861, .T. ) ;
#3164 =( NAMED_UNIT ( * ) PLANE_ANGLE_UNIT ( ) SI_UNIT ( $, .RADIAN. ) );
#3165 = CARTESIAN_POINT ( 'NONE',  ( -150.0000000000000284, 20.00000000000000000, -150.0000000000000000 ) ) ;
#3166 = EDGE_CURVE ( 'NONE', #1542, #3197, #1557, .T. ) ;
#3167 = VERTEX_POINT ( 'NONE', #1795 ) ;
#3168 = VECTOR ( 'NONE', #562, 1000.000000000000114 ) ;
#3169 = CARTESIAN_POINT ( 'NONE',  ( 140.0000000000000000, 20.00000000000000000, -150.0000000000000000 ) ) ;
#3170 = PLANE ( 'NONE',  #3136 ) ;
#3171 = AXIS2_PLACEMENT_3D ( 'NONE', #521, #872, #2276 ) ;
#3172 = ORIENTED_EDGE ( 'NONE', *, *, #4653, .T. ) ;
#3173 = DIRECTION ( 'NONE',  ( 1.000000000000000000, -0.0000000000000000000, -0.0000000000000000000 ) ) ;
#3174 =( NAMED_UNIT ( * ) SI_UNIT ( $, .STERADIAN. ) SOLID_ANGLE_UNIT ( ) );
#3175 = ITEM_DEFINED_TRANSFORMATION ( 'NONE', 'NONE', #4126,  #2256 ) ;
#3176 = CARTESIAN_POINT ( 'NONE',  ( 70.00000000000000000, 1500.000000000000000, -98.00000000000000000 ) ) ;
#3177 = VECTOR ( 'NONE', #2197, 1000.000000000000114 ) ;
#3178 = AXIS2_PLACEMENT_3D ( 'NONE', #4272, #4211, #2405 ) ;
#3179 = ADVANCED_FACE ( 'NONE', ( #779 ), #794, .F. ) ;
#3180 = ORIENTED_EDGE ( 'NONE', *, *, #3851, .F. ) ;
#3181 = EDGE_CURVE ( 'NONE', #3167, #1597, #1612, .T. ) ;
#3182 = CARTESIAN_POINT ( 'NONE',  ( 140.0000000000000000, 70.00000000000001421, -7.500000000000013323 ) ) ;
#3183 = FILL_AREA_STYLE ('',( #388 ) ) ;
#3184 = DIRECTION ( 'NONE',  ( 0.0000000000000000000, -1.000000000000000000, 0.0000000000000000000 ) ) ;
#3185 = MECHANICAL_DESIGN_GEOMETRIC_PRESENTATION_REPRESENTATION (  '', ( #2443 ), #3442 ) ;
#3186 = FACE_OUTER_BOUND ( 'NONE', #973, .T. ) ;
#3187 = DIRECTION ( 'NONE',  ( 0.0000000000000000000, 0.0000000000000000000, 1.000000000000000000 ) ) ;
#3188 = CYLINDRICAL_SURFACE ( 'NONE', #1038, 2.499999999999946709 ) ;
#3189 = ORIENTED_EDGE ( 'NONE', *, *, #3572, .T. ) ;
#3190 = EDGE_CURVE ( 'NONE', #3670, #4610, #721, .T. ) ;
#3191 = CARTESIAN_POINT ( 'NONE',  ( 140.0000000000000000, 19.99999999999998934, -7.500000000000013323 ) ) ;
#3192 = ORIENTED_EDGE ( 'NONE', *, *, #1019, .F. ) ;
#3193 = ORIENTED_EDGE ( 'NONE', *, *, #2593, .F. ) ;
#3194 = DIRECTION ( 'NONE',  ( 0.0000000000000000000, 0.0000000000000000000, 1.000000000000000000 ) ) ;
#3195 = PRODUCT_CONTEXT ( 'NONE', #3523, 'mechanical' ) ;
#3197 = VERTEX_POINT ( 'NONE', #3652 ) ;
#3196 = DIRECTION ( 'NONE',  ( 1.000000000000000000, 0.0000000000000000000, 0.0000000000000000000 ) ) ;
#3198 = EDGE_CURVE ( 'NONE', #3671, #70, #4509, .T. ) ;
#3199 = EDGE_CURVE ( 'NONE', #2152, #1756, #4281, .T. ) ;
#3200 = DIRECTION ( 'NONE',  ( 2.888894916580853780E-33, -1.000000000000000000, 2.258249741334817486E-34 ) ) ;
#3201 = ORIENTED_EDGE ( 'NONE', *, *, #3895, .F. ) ;
#3202 = ORIENTED_EDGE ( 'NONE', *, *, #2703, .T. ) ;
#3203 = LINE ( 'NONE', #2147, #4217 ) ;
#3204 = CYLINDRICAL_SURFACE ( 'NONE', #2879, 7.499999999999992895 ) ;
#3205 = VERTEX_POINT ( 'NONE', #1119 ) ;
#3206 = LINE ( 'NONE', #274, #1447 ) ;
#3207 = ORIENTED_EDGE ( 'NONE', *, *, #1337, .F. ) ;
#3208 = DIRECTION ( 'NONE',  ( -1.000000000000000000, -1.932701039895096239E-34, 3.081487911019577365E-33 ) ) ;
#3209 = ADVANCED_FACE ( 'NONE', ( #1009 ), #2895, .F. ) ;
#3210 = VECTOR ( 'NONE', #3152, 1000.000000000000000 ) ;
#3211 = ORIENTED_EDGE ( 'NONE', *, *, #1696, .F. ) ;
#3212 = MECHANICAL_DESIGN_GEOMETRIC_PRESENTATION_REPRESENTATION (  '', ( #1425 ), #2625 ) ;
#3213 = FACE_OUTER_BOUND ( 'NONE', #2288, .T. ) ;
#3214 = CARTESIAN_POINT ( 'NONE',  ( -124.9999999999999716, 0.0000000000000000000, 30.00000000000000000 ) ) ;
#3215 = ORIENTED_EDGE ( 'NONE', *, *, #3920, .F. ) ;
#3216 = VECTOR ( 'NONE', #1099, 1000.000000000000000 ) ;
#3217 = PRESENTATION_LAYER_ASSIGNMENT (  '', '', ( #2721 ) ) ;
#3218 = CARTESIAN_POINT ( 'NONE',  ( 78.00000000000000000, 1415.000000000000000, 47.49999999999994316 ) ) ;
#3219 = CARTESIAN_POINT ( 'NONE',  ( 30.00000000000001421, 20.00000000000000000, 128.3999999999999773 ) ) ;
#3220 = VERTEX_POINT ( 'NONE', #2969 ) ;
#3221 = CARTESIAN_POINT ( 'NONE',  ( 124.9999999999999716, 20.00000000000000000, 25.50000000000000711 ) ) ;
#3222 = PRESENTATION_STYLE_ASSIGNMENT (( #4278 ) ) ;
#3223 = DIRECTION ( 'NONE',  ( 1.000000000000000000, 1.932701039895096239E-34, 3.081487911019576681E-33 ) ) ;
#3224 = PLANE ( 'NONE',  #3086 ) ;
#3225 = CARTESIAN_POINT ( 'NONE',  ( 90.00000000000000000, 1415.000000000000000, -42.50000000000004974 ) ) ;
#3226 = ORIENTED_EDGE ( 'NONE', *, *, #2031, .T. ) ;
#3227 = UNCERTAINTY_MEASURE_WITH_UNIT (LENGTH_MEASURE( 1.000000000000000082E-05 ), #1396, 'distance_accuracy_value', 'NONE');
#3228 = CARTESIAN_POINT ( 'NONE',  ( -142.5000000000000568, -0.001000000000001000089, -1.492608272355440021E-12 ) ) ;
#3229 = CARTESIAN_POINT ( 'NONE',  ( -29.99999999999998579, 0.0000000000000000000, 125.0000000000000284 ) ) ;
#3230 = DIRECTION ( 'NONE',  ( 0.0000000000000000000, 0.0000000000000000000, -1.000000000000000000 ) ) ;
#3231 = ORIENTED_EDGE ( 'NONE', *, *, #4412, .T. ) ;
#3232 = DIRECTION ( 'NONE',  ( 0.0000000000000000000, 0.0000000000000000000, 1.000000000000000000 ) ) ;
#3233 = CARTESIAN_POINT ( 'NONE',  ( -90.00000000000000000, 1480.000000000000000, -90.00000000000000000 ) ) ;
#3234 = ORIENTED_EDGE ( 'NONE', *, *, #2844, .T. ) ;
#3235 = VECTOR ( 'NONE', #1251, 1000.000000000000000 ) ;
#3236 = AXIS2_PLACEMENT_3D ( 'NONE', #223, #576, #3087 ) ;
#3237 = DIRECTION ( 'NONE',  ( 0.7071067811865409114, 0.0000000000000000000, 0.7071067811865541231 ) ) ;
#3238 = VERTEX_POINT ( 'NONE', #1492 ) ;
#3239 = PRESENTATION_LAYER_ASSIGNMENT (  '', '', ( #4084 ) ) ;
#3240 = LINE ( 'NONE', #3871, #1318 ) ;
#3241 = DIRECTION ( 'NONE',  ( -0.0000000000000000000, -1.000000000000000000, -0.0000000000000000000 ) ) ;
#3242 = ORIENTED_EDGE ( 'NONE', *, *, #3589, .F. ) ;
#3243 = DIRECTION ( 'NONE',  ( -0.0000000000000000000, -1.000000000000000000, -0.0000000000000000000 ) ) ;
#3244 = DIRECTION ( 'NONE',  ( -0.0000000000000000000, 1.000000000000000000, -0.0000000000000000000 ) ) ;
#3245 = AXIS2_PLACEMENT_3D ( 'NONE', #71, #2566, #2598 ) ;
#3246 = PRESENTATION_STYLE_ASSIGNMENT (( #4620 ) ) ;
#3247 = EDGE_LOOP ( 'NONE', ( #1500, #4071, #1411, #1878 ) ) ;
#3248 = DIRECTION ( 'NONE',  ( 1.000000000000000000, 1.932701039895096239E-34, 3.081487911019576681E-33 ) ) ;
#3249 = DIRECTION ( 'NONE',  ( -0.0000000000000000000, -1.000000000000000000, -0.0000000000000000000 ) ) ;
#3250 = DIRECTION ( 'NONE',  ( -0.0000000000000000000, 1.000000000000000000, -0.0000000000000000000 ) ) ;
#3251 = PLANE ( 'NONE',  #686 ) ;
#3252 = EDGE_LOOP ( 'NONE', ( #307, #273 ) ) ;
#3253 = EDGE_CURVE ( 'NONE', #4145, #3427, #4626, .T. ) ;
#3254 = VECTOR ( 'NONE', #4029, 1000.000000000000000 ) ;
#3255 = CARTESIAN_POINT ( 'NONE',  ( -149.9999999999999432, 20.00000000000000000, -7.500000000001570299 ) ) ;
#3256 = ADVANCED_FACE ( 'NONE', ( #2804 ), #1902, .F. ) ;
#3257 = PRESENTATION_LAYER_ASSIGNMENT (  '', '', ( #3687 ) ) ;
#3258 = ORIENTED_EDGE ( 'NONE', *, *, #1543, .F. ) ;
#3259 = VECTOR ( 'NONE', #4149, 1000.000000000000000 ) ;
#3260 = CARTESIAN_POINT ( 'NONE',  ( -29.99999999999998579, 20.00000000000000000, 129.5000000000000284 ) ) ;
#3261 = CARTESIAN_POINT ( 'NONE',  ( 7.500000000000000000, 20.00000000000000000, -150.0000000000000284 ) ) ;
#3262 = EDGE_CURVE ( 'NONE', #2052, #1383, #4222, .T. ) ;
#3263 = ORIENTED_EDGE ( 'NONE', *, *, #3006, .F. ) ;
#3264 = VECTOR ( 'NONE', #2771, 1000.000000000000000 ) ;
#3265 = EDGE_CURVE ( 'NONE', #4090, #2177, #600, .T. ) ;
#3266 = VERTEX_POINT ( 'NONE', #469 ) ;
#3267 = VECTOR ( 'NONE', #877, 1000.000000000000000 ) ;
#3268 = LINE ( 'NONE', #3169, #1343 ) ;
#3269 = DIRECTION ( 'NONE',  ( 1.000000000000000000, 0.0000000000000000000, -0.0000000000000000000 ) ) ;
#3270 = AXIS2_PLACEMENT_3D ( 'NONE', #2246, #131, #2845 ) ;
#3271 = ORIENTED_EDGE ( 'NONE', *, *, #1786, .T. ) ;
#3272 = CARTESIAN_POINT ( 'NONE',  ( -68.00000000000000000, 1480.000000000000000, 68.00000000000000000 ) ) ;
#3274 = ORIENTED_EDGE ( 'NONE', *, *, #4565, .T. ) ;
#3273 = CARTESIAN_POINT ( 'NONE',  ( 30.00000000000000000, 20.00000000000000000, -120.5000000000000000 ) ) ;
#3275 = FACE_OUTER_BOUND ( 'NONE', #692, .T. ) ;
#3276 = DIRECTION ( 'NONE',  ( 1.000000000000000000, -0.0000000000000000000, -0.0000000000000000000 ) ) ;
#3277 = CYLINDRICAL_SURFACE ( 'NONE', #258, 9.999999999999994671 ) ;
#3278 = AXIS2_PLACEMENT_3D ( 'NONE', #1012, #3539, #2074 ) ;
#3279 = DIRECTION ( 'NONE',  ( -0.0000000000000000000, 1.000000000000000000, -0.0000000000000000000 ) ) ;
#3280 = EDGE_CURVE ( 'NONE', #1588, #1383, #2689, .T. ) ;
#3281 = ORIENTED_EDGE ( 'NONE', *, *, #2851, .F. ) ;
#3282 = CARTESIAN_POINT ( 'NONE',  ( 140.0000000000000000, 19.99999999999998934, 7.499999999999985789 ) ) ;
#3283 = ADVANCED_FACE ( 'NONE', ( #177 ), #3755, .F. ) ;
#3284 = LINE ( 'NONE', #4470, #1232 ) ;
#3285 =( NAMED_UNIT ( * ) SI_UNIT ( $, .STERADIAN. ) SOLID_ANGLE_UNIT ( ) );
#3286 = ORIENTED_EDGE ( 'NONE', *, *, #4595, .F. ) ;
#3287 = DIRECTION ( 'NONE',  ( 0.0000000000000000000, 1.000000000000000000, 0.0000000000000000000 ) ) ;
#3288 = UNCERTAINTY_MEASURE_WITH_UNIT (LENGTH_MEASURE( 1.000000000000000082E-05 ), #4407, 'distance_accuracy_value', 'NONE');
#3289 = CARTESIAN_POINT ( 'NONE',  ( 77.99999999999998579, 1415.000000000000000, -45.00000000000000000 ) ) ;
#3290 = AXIS2_PLACEMENT_3D ( 'NONE', #1181, #1192, #1531 ) ;
#3291 = ORIENTED_EDGE ( 'NONE', *, *, #3422, .F. ) ;
#3292 = LINE ( 'NONE', #1972, #3168 ) ;
#3293 = SURFACE_STYLE_USAGE ( .BOTH. , #757 ) ;
#3294 = EDGE_CURVE ( 'NONE', #163, #711, #3614, .T. ) ;
#3295 = VERTEX_POINT ( 'NONE', #854 ) ;
#3296 = FILL_AREA_STYLE ('',( #2148 ) ) ;
#3297 = ORIENTED_EDGE ( 'NONE', *, *, #3594, .T. ) ;
#3298 = CARTESIAN_POINT ( 'NONE',  ( 90.00000000000000000, 1415.000000000000000, 45.00000000000000000 ) ) ;
#3299 = CARTESIAN_POINT ( 'NONE',  ( 7.500000000000009770, 20.00000000000001776, 139.9999999999999716 ) ) ;
#3300 = ORIENTED_EDGE ( 'NONE', *, *, #124, .T. ) ;
#3301 = ADVANCED_FACE ( 'NONE', ( #3776 ), #2053, .F. ) ;
#3302 = FACE_OUTER_BOUND ( 'NONE', #2680, .T. ) ;
#3303 = ORIENTED_EDGE ( 'NONE', *, *, #3850, .T. ) ;
#3304 = AXIS2_PLACEMENT_3D ( 'NONE', #2370, #668, #1364 ) ;
#3305 = DIRECTION ( 'NONE',  ( 0.7071067811865455743, 0.0000000000000000000, 0.7071067811865493491 ) ) ;
#3306 = VERTEX_POINT ( 'NONE', #4466 ) ;
#3307 = ORIENTED_EDGE ( 'NONE', *, *, #3746, .T. ) ;
#3308 = VECTOR ( 'NONE', #2201, 1000.000000000000000 ) ;
#3309 = CARTESIAN_POINT ( 'NONE',  ( 69.99999999999998579, 1480.000000000000000, -69.99999999999998579 ) ) ;
#3310 = ORIENTED_EDGE ( 'NONE', *, *, #1811, .T. ) ;
#3311 =( NAMED_UNIT ( * ) SI_UNIT ( $, .STERADIAN. ) SOLID_ANGLE_UNIT ( ) );
#3312 = CARTESIAN_POINT ( 'NONE',  ( 125.0000000000000568, 1500.000000000000000, -114.9999999999999858 ) ) ;
#3313 = CARTESIAN_POINT ( 'NONE',  ( -90.00000000000000000, 1480.000000000000000, 69.99999999999985789 ) ) ;
#3314 = EDGE_CURVE ( 'NONE', #4293, #1926, #2917, .T. ) ;
#3315 = ORIENTED_EDGE ( 'NONE', *, *, #2146, .F. ) ;
#3316 = VERTEX_POINT ( 'NONE', #4100 ) ;
#3317 = DIRECTION ( 'NONE',  ( 0.0000000000000000000, 0.0000000000000000000, -1.000000000000000000 ) ) ;
#3318 = VECTOR ( 'NONE', #133, 1000.000000000000000 ) ;
#3319 = CYLINDRICAL_SURFACE ( 'NONE', #2237, 3.000000000000002665 ) ;
#3320 = DIRECTION ( 'NONE',  ( 0.0000000000000000000, 0.7071067811865081598, 0.7071067811865867636 ) ) ;
#3321 = ORIENTED_EDGE ( 'NONE', *, *, #2703, .F. ) ;
#3322 = VERTEX_POINT ( 'NONE', #2644 ) ;
#3323 = CARTESIAN_POINT ( 'NONE',  ( -90.00000000000000000, 1500.000000000000000, -95.09999999999999432 ) ) ;
#3324 = ORIENTED_EDGE ( 'NONE', *, *, #473, .F. ) ;
#3325 = LINE ( 'NONE', #498, #1558 ) ;
#3326 = FACE_OUTER_BOUND ( 'NONE', #4109, .T. ) ;
#3327 = CARTESIAN_POINT ( 'NONE',  ( 77.99999999999998579, 20.00000000000000355, -67.99999999999991473 ) ) ;
#3328 =( NAMED_UNIT ( * ) PLANE_ANGLE_UNIT ( ) SI_UNIT ( $, .RADIAN. ) );
#3329 = ORIENTED_EDGE ( 'NONE', *, *, #999, .T. ) ;
#3330 = FACE_BOUND ( 'NONE', #1277, .T. ) ;
#3331 = ORIENTED_EDGE ( 'NONE', *, *, #1486, .F. ) ;
#3332 = CIRCLE ( 'NONE', #732, 7.500000000000007105 ) ;
#3333 = CARTESIAN_POINT ( 'NONE',  ( -124.9999999999999716, 20.00000000000000000, 125.0000000000000000 ) ) ;
#3335 = LINE ( 'NONE', #3514, #4062 ) ;
#3334 = CARTESIAN_POINT ( 'NONE',  ( 30.00000000000000000, 20.00000000000000000, -129.5000000000000000 ) ) ;
#3336 = DIRECTION ( 'NONE',  ( 0.0000000000000000000, 0.0000000000000000000, -1.000000000000000000 ) ) ;
#3337 = EDGE_LOOP ( 'NONE', ( #855, #1592, #1894, #1527 ) ) ;
#3338 = CIRCLE ( 'NONE', #3011, 9.999999999999994671 ) ;
#3339 = CARTESIAN_POINT ( 'NONE',  ( 0.0000000000000000000, 20.00000000000000000, -142.5000000000000568 ) ) ;
#3340 = EDGE_LOOP ( 'NONE', ( #3873, #4003, #2444, #1817 ) ) ;
#3341 = AXIS2_PLACEMENT_3D ( 'NONE', #4585, #301, #2391 ) ;
#3342 = CARTESIAN_POINT ( 'NONE',  ( 90.00000000000000000, 1480.000000000000000, -69.99999999999985789 ) ) ;
#3343 = EDGE_CURVE ( 'NONE', #2170, #4633, #2744, .T. ) ;
#3344 = FILL_AREA_STYLE ('',( #2178 ) ) ;
#3345 = CARTESIAN_POINT ( 'NONE',  ( -7.500000000000000000, 20.00000000000003197, 89.99999999999998579 ) ) ;
#3346 = VERTEX_POINT ( 'NONE', #4445 ) ;
#3347 = VECTOR ( 'NONE', #1144, 1000.000000000000000 ) ;
#3348 = PLANE ( 'NONE',  #3270 ) ;
#3349 = DIRECTION ( 'NONE',  ( 0.7071067811865465735, 0.0000000000000000000, 0.7071067811865484609 ) ) ;
#3350 = EDGE_CURVE ( 'NONE', #2739, #2047, #1774, .T. ) ;
#3351 =( LENGTH_UNIT ( ) NAMED_UNIT ( * ) SI_UNIT ( .MILLI., .METRE. ) );
#3352 = EDGE_CURVE ( 'NONE', #1945, #711, #1665, .T. ) ;
#3353 = ORIENTED_EDGE ( 'NONE', *, *, #4653, .F. ) ;
#3354 = CARTESIAN_POINT ( 'NONE',  ( 78.00000000000000000, 1455.000000000000000, 45.00000000000000000 ) ) ;
#3355 = ORIENTED_EDGE ( 'NONE', *, *, #4563, .T. ) ;
#3356 = LINE ( 'NONE', #3334, #3865 ) ;
#3357 = EDGE_CURVE ( 'NONE', #1472, #610, #4336, .T. ) ;
#3358 = AXIS2_PLACEMENT_3D ( 'NONE', #3312, #4024, #389 ) ;
#3359 = EDGE_CURVE ( 'NONE', #2902, #3205, #658, .T. ) ;
#3360 = DIRECTION ( 'NONE',  ( 0.0000000000000000000, 0.0000000000000000000, 1.000000000000000000 ) ) ;
#3361 = VERTEX_POINT ( 'NONE', #3101 ) ;
#3362 = ADVANCED_FACE ( 'NONE', ( #956 ), #1238, .F. ) ;
#3363 = DIRECTION ( 'NONE',  ( 0.0000000000000000000, 0.0000000000000000000, 1.000000000000000000 ) ) ;
#3364 = AXIS2_PLACEMENT_3D ( 'NONE', #612, #1687, #642 ) ;
#3365 = AXIS2_PLACEMENT_3D ( 'NONE', #3118, #2062, #4599 ) ;
#3366 = SURFACE_STYLE_USAGE ( .BOTH. , #819 ) ;
#3367 = DIRECTION ( 'NONE',  ( -7.401486830834376525E-17, -1.000000000000000000, -0.0000000000000000000 ) ) ;
#3368 = VECTOR ( 'NONE', #3521, 1000.000000000000000 ) ;
#3369 = ORIENTED_EDGE ( 'NONE', *, *, #220, .T. ) ;
#3370 = FILL_AREA_STYLE ('',( #778 ) ) ;
#3371 = CARTESIAN_POINT ( 'NONE',  ( 110.0000000000000000, 220.0000000000000568, -7.500000000000013323 ) ) ;
#3372 = PRESENTATION_LAYER_ASSIGNMENT (  '', '', ( #4186 ) ) ;
#3373 = VERTEX_POINT ( 'NONE', #4436 ) ;
#3374 = VECTOR ( 'NONE', #4251, 1000.000000000000000 ) ;
#3375 = UNCERTAINTY_MEASURE_WITH_UNIT (LENGTH_MEASURE( 1.000000000000000082E-05 ), #3656, 'distance_accuracy_value', 'NONE');
#3376 = DIRECTION ( 'NONE',  ( 1.932701039895096239E-34, 1.000000000000000000, 1.540743955509788340E-33 ) ) ;
#3377 = SURFACE_STYLE_FILL_AREA ( #3581 ) ;
#3378 = DIRECTION ( 'NONE',  ( 0.0000000000000000000, 0.0000000000000000000, 1.000000000000000000 ) ) ;
#3379 = ORIENTED_EDGE ( 'NONE', *, *, #4073, .T. ) ;
#3380 = CIRCLE ( 'NONE', #1798, 9.999999999999994671 ) ;
#3381 = DIRECTION ( 'NONE',  ( -0.0000000000000000000, 1.000000000000000000, -0.0000000000000000000 ) ) ;
#3383 = VERTEX_POINT ( 'NONE', #4183 ) ;
#3382 = DIRECTION ( 'NONE',  ( 0.0000000000000000000, 0.0000000000000000000, -1.000000000000000000 ) ) ;
#3384 = CARTESIAN_POINT ( 'NONE',  ( 124.9999999999999716, 20.00000000000000000, 34.49999999999998579 ) ) ;
#3385 = ORIENTED_EDGE ( 'NONE', *, *, #903, .T. ) ;
#3386 = COLOUR_RGB ( '',1.000000000000000000, 1.000000000000000000, 1.000000000000000000 ) ;
#3387 = CYLINDRICAL_SURFACE ( 'NONE', #2530, 9.999999999999994671 ) ;
#3388 = ADVANCED_FACE ( 'NONE', ( #4449 ), #1113, .F. ) ;
#3389 = VERTEX_POINT ( 'NONE', #1594 ) ;
#3390 = DIRECTION ( 'NONE',  ( -1.020425574104005602E-16, -0.0000000000000000000, -1.000000000000000000 ) ) ;
#3391 = VERTEX_POINT ( 'NONE', #1965 ) ;
#3392 = CYLINDRICAL_SURFACE ( 'NONE', #2616, 3.400000000000000355 ) ;
#3393 = VECTOR ( 'NONE', #2841, 1000.000000000000000 ) ;
#3394 = LINE ( 'NONE', #400, #2400 ) ;
#3395 = DIRECTION ( 'NONE',  ( -1.982541115402069301E-16, -1.663451729555196362E-36, -1.000000000000000000 ) ) ;
#3396 = FACE_OUTER_BOUND ( 'NONE', #2369, .T. ) ;
#3397 = CARTESIAN_POINT ( 'NONE',  ( 90.00000000000000000, 1415.000000000000000, 42.50000000000004974 ) ) ;
#3398 = LINE ( 'NONE', #3779, #2922 ) ;
#3399 = CARTESIAN_POINT ( 'NONE',  ( -7.500000000000000000, 20.00000000000003197, -89.99999999999998579 ) ) ;
#3400 = FACE_BOUND ( 'NONE', #4240, .T. ) ;
#3401 = DIRECTION ( 'NONE',  ( -0.0000000000000000000, 1.000000000000000000, -0.0000000000000000000 ) ) ;
#3402 = VERTEX_POINT ( 'NONE', #3819 ) ;
#3403 = DIRECTION ( 'NONE',  ( -0.0000000000000000000, -1.000000000000000000, -0.0000000000000000000 ) ) ;
#3404 = DIRECTION ( 'NONE',  ( -0.0000000000000000000, 1.000000000000000000, -0.0000000000000000000 ) ) ;
#3405 = AXIS2_PLACEMENT_3D ( 'NONE', #561, #934, #908 ) ;
#3406 = ORIENTED_EDGE ( 'NONE', *, *, #3518, .T. ) ;
#3407 = CARTESIAN_POINT ( 'NONE',  ( 7.499999999998951949, 0.0000000000000000000, 150.0000000000000853 ) ) ;
#3408 =( GEOMETRIC_REPRESENTATION_CONTEXT ( 3 ) GLOBAL_UNCERTAINTY_ASSIGNED_CONTEXT ( ( #1248 ) ) GLOBAL_UNIT_ASSIGNED_CONTEXT ( ( #2073, #4629, #3174 ) ) REPRESENTATION_CONTEXT ( 'NONE', 'WORKASPACE' ) );
#3409 = ORIENTED_EDGE ( 'NONE', *, *, #926, .F. ) ;
#3410 = DIRECTION ( 'NONE',  ( 0.0000000000000000000, -1.000000000000000000, 0.0000000000000000000 ) ) ;
#3411 = AXIS2_PLACEMENT_3D ( 'NONE', #3967, #679, #3955 ) ;
#3412 = EDGE_LOOP ( 'NONE', ( #833, #1069, #3713, #3998 ) ) ;
#3413 = CYLINDRICAL_SURFACE ( 'NONE', #1689, 3.000000000000002665 ) ;
#3414 = EDGE_CURVE ( 'NONE', #3089, #786, #3441, .T. ) ;
#3415 = DIRECTION ( 'NONE',  ( 0.0000000000000000000, 0.0000000000000000000, 1.000000000000000000 ) ) ;
#3416 = AXIS2_PLACEMENT_3D ( 'NONE', #4254, #2496, #3599 ) ;
#3417 = ORIENTED_EDGE ( 'NONE', *, *, #923, .F. ) ;
#3418 = CYLINDRICAL_SURFACE ( 'NONE', #1308, 5.099999999999993427 ) ;
#3419 = CARTESIAN_POINT ( 'NONE',  ( 70.00000000000000000, 1499.500000000000000, -98.00000000000000000 ) ) ;
#3420 = ORIENTED_EDGE ( 'NONE', *, *, #2768, .T. ) ;
#3421 = AXIS2_PLACEMENT_3D ( 'NONE', #2713, #873, #493 ) ;
#3422 = EDGE_CURVE ( 'NONE', #4205, #1235, #544, .T. ) ;
#3423 = CARTESIAN_POINT ( 'NONE',  ( 30.00000000000001421, 20.00000000000000000, 121.5999999999999943 ) ) ;
#3424 = CIRCLE ( 'NONE', #856, 4.500000000000003553 ) ;
#3426 = FACE_OUTER_BOUND ( 'NONE', #4202, .T. ) ;
#3425 = DIRECTION ( 'NONE',  ( -7.401486830834376525E-17, -1.000000000000000000, 0.0000000000000000000 ) ) ;
#3427 = VERTEX_POINT ( 'NONE', #3773 ) ;
#3428 = AXIS2_PLACEMENT_3D ( 'NONE', #4311, #1631, #2486 ) ;
#3429 = SURFACE_SIDE_STYLE ('',( #4515 ) ) ;
#3430 = ORIENTED_EDGE ( 'NONE', *, *, #1644, .T. ) ;
#3431 = EDGE_LOOP ( 'NONE', ( #1360, #3468, #2783, #19 ) ) ;
#3432 = LINE ( 'NONE', #2609, #1601 ) ;
#3433 = VERTEX_POINT ( 'NONE', #3841 ) ;
#3434 = DIRECTION ( 'NONE',  ( -1.000000000000000000, 1.423415318369119772E-33, 0.0000000000000000000 ) ) ;
#3435 = MANIFOLD_SOLID_BREP ( 'Gusset1', #2416 ) ;
#3436 = FACE_OUTER_BOUND ( 'NONE', #3588, .T. ) ;
#3437 = EDGE_CURVE ( 'NONE', #4080, #1659, #837, .T. ) ;
#3438 = VERTEX_POINT ( 'NONE', #2328 ) ;
#3439 = CARTESIAN_POINT ( 'NONE',  ( -150.0000000000000284, 20.00000000000000000, -150.0000000000000000 ) ) ;
#3440 = ORIENTED_EDGE ( 'NONE', *, *, #3836, .F. ) ;
#3441 = LINE ( 'NONE', #3049, #2451 ) ;
#3442 =( GEOMETRIC_REPRESENTATION_CONTEXT ( 3 ) GLOBAL_UNCERTAINTY_ASSIGNED_CONTEXT ( ( #2638 ) ) GLOBAL_UNIT_ASSIGNED_CONTEXT ( ( #302, #2736, #1707 ) ) REPRESENTATION_CONTEXT ( 'NONE', 'WORKASPACE' ) );
#3443 = COLOUR_RGB ( '',1.000000000000000000, 1.000000000000000000, 1.000000000000000000 ) ;
#3444 = ORIENTED_EDGE ( 'NONE', *, *, #3181, .T. ) ;
#3445 = EDGE_CURVE ( 'NONE', #3238, #4419, #2624, .T. ) ;
#3446 = EDGE_LOOP ( 'NONE', ( #1683, #2867, #114, #1445 ) ) ;
#3447 = VERTEX_POINT ( 'NONE', #513 ) ;
#3448 = FACE_OUTER_BOUND ( 'NONE', #2986, .T. ) ;
#3449 = VECTOR ( 'NONE', #2003, 999.9999999999998863 ) ;
#3450 = DIRECTION ( 'NONE',  ( 0.0000000000000000000, 0.0000000000000000000, 1.000000000000000000 ) ) ;
#3451 = DIRECTION ( 'NONE',  ( 0.0000000000000000000, 0.0000000000000000000, 1.000000000000000000 ) ) ;
#3452 = DIRECTION ( 'NONE',  ( 0.0000000000000000000, 0.9805806756909202226, -0.1961161351381839890 ) ) ;
#3453 = ORIENTED_EDGE ( 'NONE', *, *, #4006, .T. ) ;
#3454 = FACE_BOUND ( 'NONE', #2796, .T. ) ;
#3455 = CIRCLE ( 'NONE', #1209, 2.499999999999946709 ) ;
#3456 = VECTOR ( 'NONE', #916, 1000.000000000000000 ) ;
#3457 = EDGE_CURVE ( 'NONE', #2940, #3029, #3771, .T. ) ;
#3458 = EDGE_CURVE ( 'NONE', #1721, #3659, #715, .T. ) ;
#3459 = CARTESIAN_POINT ( 'NONE',  ( 70.00000000000000000, 1500.000000000000000, -91.50000000000000000 ) ) ;
#3460 = DIRECTION ( 'NONE',  ( -2.888894916580853780E-33, 1.000000000000000000, 2.258249741334817486E-34 ) ) ;
#3461 = ADVANCED_FACE ( 'NONE', ( #2740 ), #201, .F. ) ;
#3462 = ORIENTED_EDGE ( 'NONE', *, *, #4154, .T. ) ;
#3463 = CARTESIAN_POINT ( 'NONE',  ( 69.99999999999998579, 20.00000000000000355, 69.99999999999998579 ) ) ;
#3464 = DIRECTION ( 'NONE',  ( -0.0000000000000000000, 1.000000000000000000, -0.0000000000000000000 ) ) ;
#3465 = VERTEX_POINT ( 'NONE', #3034 ) ;
#3466 = AXIS2_PLACEMENT_3D ( 'NONE', #3159, #3173, #1011 ) ;
#3467 = DIRECTION ( 'NONE',  ( 0.0000000000000000000, 1.000000000000000000, 0.0000000000000000000 ) ) ;
#3468 = ORIENTED_EDGE ( 'NONE', *, *, #4398, .F. ) ;
#3469 = CARTESIAN_POINT ( 'NONE',  ( 124.9999999999999716, 0.0000000000000000000, -132.5000000000000000 ) ) ;
#3470 = DIRECTION ( 'NONE',  ( 0.0000000000000000000, 3.081487911019577365E-33, 1.000000000000000000 ) ) ;
#3471 = MECHANICAL_DESIGN_GEOMETRIC_PRESENTATION_REPRESENTATION (  '', ( #4157 ), #3952 ) ;
#3472 = DIRECTION ( 'NONE',  ( -0.0000000000000000000, 1.000000000000000000, -0.0000000000000000000 ) ) ;
#3473 = FACE_OUTER_BOUND ( 'NONE', #2354, .T. ) ;
#3474 = LINE ( 'NONE', #3728, #812 ) ;
#3475 = VERTEX_POINT ( 'NONE', #569 ) ;
#3476 = DIRECTION ( 'NONE',  ( 0.0000000000000000000, 0.0000000000000000000, 1.000000000000000000 ) ) ;
#3477 = CARTESIAN_POINT ( 'NONE',  ( -2.140462239949360482E-14, 1500.000000000000000, 0.0000000000000000000 ) ) ;
#3478 = EDGE_CURVE ( 'NONE', #979, #1040, #1393, .T. ) ;
#3479 = VECTOR ( 'NONE', #1121, 1000.000000000000000 ) ;
#3480 = SURFACE_STYLE_FILL_AREA ( #745 ) ;
#3481 = ADVANCED_FACE ( 'NONE', ( #1278 ), #4541, .T. ) ;
#3482 = CARTESIAN_POINT ( 'NONE',  ( 90.00000000000000000, 1455.000000000000000, -45.00000000000000000 ) ) ;
#3483 = COLOUR_RGB ( '',1.000000000000000000, 1.000000000000000000, 1.000000000000000000 ) ;
#3484 = VERTEX_POINT ( 'NONE', #245 ) ;
#3485 = ORIENTED_EDGE ( 'NONE', *, *, #78, .F. ) ;
#3486 = VECTOR ( 'NONE', #1513, 1000.000000000000000 ) ;
#3487 = LINE ( 'NONE', #4301, #539 ) ;
#3488 = DIRECTION ( 'NONE',  ( 0.7071067811865484609, -0.0000000000000000000, 0.7071067811865465735 ) ) ;
#3489 = AXIS2_PLACEMENT_3D ( 'NONE', #3084, #1643, #4188 ) ;
#3490 = CARTESIAN_POINT ( 'NONE',  ( 0.0000000000000000000, 0.0000000000000000000, 0.0000000000000000000 ) ) ;
#3492 = ORIENTED_EDGE ( 'NONE', *, *, #3106, .T. ) ;
#3491 = CARTESIAN_POINT ( 'NONE',  ( -114.9999999999999574, 1500.000000000000000, -124.9999999999999432 ) ) ;
#3493 = CARTESIAN_POINT ( 'NONE',  ( -124.9999999999999432, 1480.000000000000000, -114.9999999999999574 ) ) ;
#3494 = VECTOR ( 'NONE', #978, 1000.000000000000000 ) ;
#3495 = UNCERTAINTY_MEASURE_WITH_UNIT (LENGTH_MEASURE( 1.000000000000000082E-05 ), #2799, 'distance_accuracy_value', 'NONE');
#3496 = FACE_OUTER_BOUND ( 'NONE', #2465, .T. ) ;
#3497 = DIRECTION ( 'NONE',  ( -7.401486830834376525E-17, -1.000000000000000000, -0.0000000000000000000 ) ) ;
#3498 = ORIENTED_EDGE ( 'NONE', *, *, #1793, .T. ) ;
#3499 = AXIS2_PLACEMENT_3D ( 'NONE', #3754, #2247, #880 ) ;
#3500 = VECTOR ( 'NONE', #402, 1000.000000000000000 ) ;
#3501 = CARTESIAN_POINT ( 'NONE',  ( 30.00000000000000000, 0.0000000000000000000, -125.0000000000000000 ) ) ;
#3502 = CYLINDRICAL_SURFACE ( 'NONE', #1133, 4.500000000000003553 ) ;
#3503 = ORIENTED_EDGE ( 'NONE', *, *, #4465, .F. ) ;
#3504 = ORIENTED_EDGE ( 'NONE', *, *, #2251, .T. ) ;
#3505 = VECTOR ( 'NONE', #2475, 1000.000000000000000 ) ;
#3506 = CARTESIAN_POINT ( 'NONE',  ( -7.500000000001047162, 0.0000000000000000000, 149.9999999999999716 ) ) ;
#3507 = ADVANCED_FACE ( 'NONE', ( #4560 ), #2765, .F. ) ;
#3508 = CIRCLE ( 'NONE', #1830, 5.099999999999993427 ) ;
#3509 = EDGE_CURVE ( 'NONE', #174, #492, #2157, .T. ) ;
#3510 = AXIS2_PLACEMENT_3D ( 'NONE', #2421, #2731, #3102 ) ;
#3511 = CARTESIAN_POINT ( 'NONE',  ( -90.00000000000000000, 1480.000000000000000, -69.99999999999982947 ) ) ;
#3512 = VERTEX_POINT ( 'NONE', #3916 ) ;
#3513 = DIRECTION ( 'NONE',  ( 0.0000000000000000000, 0.0000000000000000000, 1.000000000000000000 ) ) ;
#3514 = CARTESIAN_POINT ( 'NONE',  ( -69.99999999999985789, 1480.000000000000000, -89.99999999999997158 ) ) ;
#3515 = CARTESIAN_POINT ( 'NONE',  ( 90.00000000000000000, 1500.000000000000000, 84.90000000000000568 ) ) ;
#3516 = CARTESIAN_POINT ( 'NONE',  ( 90.00000000000000000, 220.0000000000000284, -7.500000000000013323 ) ) ;
#3517 = EDGE_CURVE ( 'NONE', #1235, #4205, #1217, .T. ) ;
#3518 = EDGE_CURVE ( 'NONE', #2290, #2964, #1333, .T. ) ;
#3519 = CARTESIAN_POINT ( 'NONE',  ( 7.499999999998951949, -0.001000000000001000089, 150.0000000000000853 ) ) ;
#3520 = AXIS2_PLACEMENT_3D ( 'NONE', #1033, #2439, #677 ) ;
#3521 = DIRECTION ( 'NONE',  ( -0.0000000000000000000, 1.000000000000000000, -0.0000000000000000000 ) ) ;
#3522 = EDGE_LOOP ( 'NONE', ( #128, #268, #905, #3060 ) ) ;
#3523 = APPLICATION_CONTEXT ( 'automotive_design' ) ;
#3524 = CARTESIAN_POINT ( 'NONE',  ( -67.99999999999991473, 1480.000000000000000, 78.00000000000000000 ) ) ;
#3525 = DIRECTION ( 'NONE',  ( -0.0000000000000000000, 1.000000000000000000, -0.0000000000000000000 ) ) ;
#3526 = AXIS2_PLACEMENT_3D ( 'NONE', #638, #623, #604 ) ;
#3527 = ADVANCED_FACE ( 'NONE', ( #1880 ), #995, .F. ) ;
#3528 = FACE_OUTER_BOUND ( 'NONE', #120, .T. ) ;
#3529 = EDGE_CURVE ( 'NONE', #2489, #3977, #338, .T. ) ;
#3530 = CARTESIAN_POINT ( 'NONE',  ( -124.9999999999999716, 20.00000000000000000, 125.0000000000000000 ) ) ;
#3531 = DIRECTION ( 'NONE',  ( -0.0000000000000000000, 1.000000000000000000, -0.0000000000000000000 ) ) ;
#3532 = CARTESIAN_POINT ( 'NONE',  ( 7.499999999999992006, 20.00000000000001776, -139.9999999999999716 ) ) ;
#3533 = CARTESIAN_POINT ( 'NONE',  ( 0.0000000000000000000, -0.001000000000001000089, 0.0000000000000000000 ) ) ;
#3534 = ORIENTED_EDGE ( 'NONE', *, *, #1537, .T. ) ;
#3535 = VECTOR ( 'NONE', #85, 1000.000000000000000 ) ;
#3536 = CARTESIAN_POINT ( 'NONE',  ( -7.500000000000017764, 1.387778780781445676E-14, 0.0000000000000000000 ) ) ;
#3537 = CIRCLE ( 'NONE', #1261, 20.00000000000000355 ) ;
#3538 = EDGE_LOOP ( 'NONE', ( #411, #666 ) ) ;
#3539 = DIRECTION ( 'NONE',  ( -0.0000000000000000000, 1.000000000000000000, -0.0000000000000000000 ) ) ;
#3540 = DIRECTION ( 'NONE',  ( 0.0000000000000000000, -1.000000000000000000, -0.0000000000000000000 ) ) ;
#3541 = EDGE_CURVE ( 'NONE', #2660, #1015, #2048, .T. ) ;
#3542 = EDGE_CURVE ( 'NONE', #720, #1909, #2501, .T. ) ;
#3543 = VERTEX_POINT ( 'NONE', #294 ) ;
#3544 = CARTESIAN_POINT ( 'NONE',  ( 7.500000000000000000, 220.0000000000000284, 90.00000000000000000 ) ) ;
#3545 = ORIENTED_EDGE ( 'NONE', *, *, #3343, .F. ) ;
#3546 = CARTESIAN_POINT ( 'NONE',  ( -142.5000000000000568, -0.001000000000001000089, -1.492608272355440021E-12 ) ) ;
#3547 = CARTESIAN_POINT ( 'NONE',  ( -9.950721815702933470E-13, -0.001000000000001000089, 142.5000000000000568 ) ) ;
#3548 = EDGE_LOOP ( 'NONE', ( #3781, #126, #816, #436, #1007, #1173, #1669, #518 ) ) ;
#3549 = CARTESIAN_POINT ( 'NONE',  ( -90.00000000000000000, 20.00000000000001776, 7.500000000000013323 ) ) ;
#3550 = VECTOR ( 'NONE', #4289, 1000.000000000000000 ) ;
#3551 = ADVANCED_FACE ( 'NONE', ( #2334 ), #1163, .T. ) ;
#3552 = CLOSED_SHELL ( 'NONE', ( #2728, #2242, #1096, #1124, #4646, #155, #2027, #3062, #941, #766, #60, #2828, #4424, #2010, #674, #2775, #2891, #3834, #821, #135, #2798, #4136, #1571, #1451, #2363, #3904, #895, #1961, #3130, #1141, #3578, #1682, #4607, #1290, #334, #42, #1702, #2843, #1615, #217, #1522, #4562, #289, #3256, #3362, #699, #3461, #3283 ) ) ;
#3553 = LINE ( 'NONE', #1322, #4046 ) ;
#3554 = EDGE_LOOP ( 'NONE', ( #3764, #2695 ) ) ;
#3555 = VECTOR ( 'NONE', #1605, 1000.000000000000000 ) ;
#3556 = VECTOR ( 'NONE', #2983, 1000.000000000000000 ) ;
#3557 = CARTESIAN_POINT ( 'NONE',  ( 124.9999999999999716, 20.00000000000000000, -125.0000000000000000 ) ) ;
#3558 = AXIS2_PLACEMENT_3D ( 'NONE', #1127, #2560, #1854 ) ;
#3559 = DIRECTION ( 'NONE',  ( -3.061276722312015942E-16, 0.0000000000000000000, -1.000000000000000000 ) ) ;
#3560 = ORIENTED_EDGE ( 'NONE', *, *, #1552, .T. ) ;
#3561 = LINE ( 'NONE', #1305, #1776 ) ;
#3562 = DIRECTION ( 'NONE',  ( -0.0000000000000000000, 1.000000000000000000, 0.0000000000000000000 ) ) ;
#3564 = ORIENTED_EDGE ( 'NONE', *, *, #3158, .T. ) ;
#3563 = DIRECTION ( 'NONE',  ( -0.0000000000000000000, 1.000000000000000000, -0.0000000000000000000 ) ) ;
#3565 = FACE_BOUND ( 'NONE', #1753, .T. ) ;
#3566 = CARTESIAN_POINT ( 'NONE',  ( 7.500000000000000000, 220.0000000000000284, -89.99999999999998579 ) ) ;
#3567 = LINE ( 'NONE', #164, #2466 ) ;
#3568 = VECTOR ( 'NONE', #3525, 1000.000000000000000 ) ;
#3569 = VECTOR ( 'NONE', #4212, 1000.000000000000000 ) ;
#3570 = DIRECTION ( 'NONE',  ( 3.081487911019577365E-33, 1.540743955509788682E-33, 1.000000000000000000 ) ) ;
#3571 = EDGE_LOOP ( 'NONE', ( #3409, #1130 ) ) ;
#3572 = EDGE_CURVE ( 'NONE', #4448, #4030, #3943, .T. ) ;
#3573 = DIRECTION ( 'NONE',  ( -0.0000000000000000000, 1.000000000000000000, -0.0000000000000000000 ) ) ;
#3574 = APPLICATION_PROTOCOL_DEFINITION ( 'draft international standard', 'automotive_design', 1998, #1698 ) ;
#3575 = CARTESIAN_POINT ( 'NONE',  ( 142.5000000000000568, -0.001000000000001000089, 4.975360907851466735E-13 ) ) ;
#3576 = DIRECTION ( 'NONE',  ( 0.0000000000000000000, 0.0000000000000000000, 1.000000000000000000 ) ) ;
#3577 = VERTEX_POINT ( 'NONE', #1734 ) ;
#3578 = ADVANCED_FACE ( 'NONE', ( #1549 ), #2908, .F. ) ;
#3579 = CARTESIAN_POINT ( 'NONE',  ( -150.0000000000001137, 20.00000000000000000, 7.499999999998428812 ) ) ;
#3580 = DIRECTION ( 'NONE',  ( -0.0000000000000000000, 1.000000000000000000, -0.0000000000000000000 ) ) ;
#3581 = FILL_AREA_STYLE ('',( #88 ) ) ;
#3582 = EDGE_LOOP ( 'NONE', ( #2099, #2495, #630, #4142, #1064, #2618, #4335, #1147 ) ) ;
#3583 = FILL_AREA_STYLE ('',( #2096 ) ) ;
#3584 =( NAMED_UNIT ( * ) PLANE_ANGLE_UNIT ( ) SI_UNIT ( $, .RADIAN. ) );
#3585 = LINE ( 'NONE', #558, #2998 ) ;
#3586 = DIRECTION ( 'NONE',  ( -0.0000000000000000000, 1.000000000000000000, -0.0000000000000000000 ) ) ;
#3587 = STYLED_ITEM ( 'NONE', ( #2368 ), #4443 ) ;
#3588 = EDGE_LOOP ( 'NONE', ( #1886, #1395, #3598, #1327 ) ) ;
#3589 = EDGE_CURVE ( 'NONE', #3085, #1153, #171, .T. ) ;
#3590 = CARTESIAN_POINT ( 'NONE',  ( -78.00000000000000000, 20.00000000000000355, 67.99999999999991473 ) ) ;
#3591 = CARTESIAN_POINT ( 'NONE',  ( -124.9999999999999716, 20.00000000000000000, -125.0000000000000000 ) ) ;
#3592 = LINE ( 'NONE', #35, #527 ) ;
#3593 = ORIENTED_EDGE ( 'NONE', *, *, #1377, .F. ) ;
#3594 = EDGE_CURVE ( 'NONE', #4434, #3112, #1105, .T. ) ;
#3595 =( NAMED_UNIT ( * ) PLANE_ANGLE_UNIT ( ) SI_UNIT ( $, .RADIAN. ) );
#3596 = ORIENTED_EDGE ( 'NONE', *, *, #2636, .F. ) ;
#3598 = ORIENTED_EDGE ( 'NONE', *, *, #1930, .F. ) ;
#3597 = CARTESIAN_POINT ( 'NONE',  ( 30.00000000000001421, 0.0000000000000000000, 121.5999999999999943 ) ) ;
#3599 = DIRECTION ( 'NONE',  ( 0.0000000000000000000, 0.0000000000000000000, 1.000000000000000000 ) ) ;
#3600 = CYLINDRICAL_SURFACE ( 'NONE', #636, 62.50000000000000000 ) ;
#3601 = EDGE_CURVE ( 'NONE', #2322, #4539, #3883, .T. ) ;
#3602 = CARTESIAN_POINT ( 'NONE',  ( 150.0000000000000284, 20.00000000000000000, 139.9999999999999716 ) ) ;
#3603 = EDGE_LOOP ( 'NONE', ( #4326, #756, #598, #3310 ) ) ;
#3604 = ORIENTED_EDGE ( 'NONE', *, *, #2649, .F. ) ;
#3605 = DIRECTION ( 'NONE',  ( -0.0000000000000000000, -1.000000000000000000, -0.0000000000000000000 ) ) ;
#3606 = CARTESIAN_POINT ( 'NONE',  ( -7.500000000000000000, 20.00000000000003197, 89.99999999999998579 ) ) ;
#3607 = CIRCLE ( 'NONE', #2428, 9.999999999999994671 ) ;
#3608 = VECTOR ( 'NONE', #481, 1000.000000000000000 ) ;
#3609 = DIRECTION ( 'NONE',  ( -0.7071067811865489050, 0.0000000000000000000, -0.7071067811865461294 ) ) ;
#3610 = AXIS2_PLACEMENT_3D ( 'NONE', #3165, #3150, #4611 ) ;
#3611 = FACE_OUTER_BOUND ( 'NONE', #3548, .T. ) ;
#3612 = ORIENTED_EDGE ( 'NONE', *, *, #3437, .F. ) ;
#3613 = SURFACE_STYLE_USAGE ( .BOTH. , #1741 ) ;
#3614 = LINE ( 'NONE', #1520, #2163 ) ;
#3615 = VECTOR ( 'NONE', #2684, 1000.000000000000000 ) ;
#3616 = VERTEX_POINT ( 'NONE', #2482 ) ;
#3617 = VECTOR ( 'NONE', #2780, 1000.000000000000114 ) ;
#3618 = ORIENTED_EDGE ( 'NONE', *, *, #2031, .F. ) ;
#3619 = FACE_OUTER_BOUND ( 'NONE', #3247, .T. ) ;
#3620 = DIRECTION ( 'NONE',  ( 0.0000000000000000000, 0.0000000000000000000, -1.000000000000000000 ) ) ;
#3621 = EDGE_LOOP ( 'NONE', ( #2202, #727 ) ) ;
#3622 = FACE_OUTER_BOUND ( 'NONE', #1426, .T. ) ;
#3623 = CARTESIAN_POINT ( 'NONE',  ( 70.00000000000000000, 1500.000000000000000, -92.00000000000000000 ) ) ;
#3624 = CYLINDRICAL_SURFACE ( 'NONE', #2941, 3.000000000000002665 ) ;
#3625 = ADVANCED_FACE ( 'NONE', ( #593 ), #4630, .F. ) ;
#3626 = LINE ( 'NONE', #3798, #4120 ) ;
#3627 = CARTESIAN_POINT ( 'NONE',  ( -70.00000000000000000, 1499.500000000000000, 95.00000000000000000 ) ) ;
#3628 = CARTESIAN_POINT ( 'NONE',  ( -150.0000000000001137, 0.0000000000000000000, 7.499999999998428812 ) ) ;
#3629 = ORIENTED_EDGE ( 'NONE', *, *, #3925, .T. ) ;
#3630 = DIRECTION ( 'NONE',  ( -1.982541115402068561E-16, 1.749782757909710894E-35, -1.000000000000000000 ) ) ;
#3631 = FACE_BOUND ( 'NONE', #2438, .T. ) ;
#3632 = EDGE_CURVE ( 'NONE', #3682, #3774, #3380, .T. ) ;
#3633 = AXIS2_PLACEMENT_3D ( 'NONE', #3591, #346, #4639 ) ;
#3634 = SURFACE_STYLE_USAGE ( .BOTH. , #39 ) ;
#3635 = VERTEX_POINT ( 'NONE', #1352 ) ;
#3636 = CYLINDRICAL_SURFACE ( 'NONE', #2349, 3.000000000000002665 ) ;
#3637 = CARTESIAN_POINT ( 'NONE',  ( 9.184850993605150311E-15, 0.0000000000000000000, -75.00000000000001421 ) ) ;
#3638 = DIRECTION ( 'NONE',  ( 0.0000000000000000000, 0.0000000000000000000, 1.000000000000000000 ) ) ;
#3639 = UNCERTAINTY_MEASURE_WITH_UNIT (LENGTH_MEASURE( 1.000000000000000082E-05 ), #2230, 'distance_accuracy_value', 'NONE');
#3640 = ORIENTED_EDGE ( 'NONE', *, *, #2437, .T. ) ;
#3641 = CIRCLE ( 'NONE', #4393, 3.399999999999986144 ) ;
#3642 = ORIENTED_EDGE ( 'NONE', *, *, #1337, .T. ) ;
#3643 = PRESENTATION_LAYER_ASSIGNMENT (  '', '', ( #3012 ) ) ;
#3644 = LINE ( 'NONE', #470, #3535 ) ;
#3645 = DIRECTION ( 'NONE',  ( 1.982541115402069301E-16, 1.663451729555196362E-36, 1.000000000000000000 ) ) ;
#3646 = ORIENTED_EDGE ( 'NONE', *, *, #2060, .T. ) ;
#3647 = DIRECTION ( 'NONE',  ( 1.000000000000000000, -0.0000000000000000000, -0.0000000000000000000 ) ) ;
#3648 = AXIS2_PLACEMENT_3D ( 'NONE', #1267, #1627, #3794 ) ;
#3649 = ORIENTED_EDGE ( 'NONE', *, *, #1156, .T. ) ;
#3650 = CARTESIAN_POINT ( 'NONE',  ( -68.00000000000000000, 1480.000000000000000, -67.99999999999998579 ) ) ;
#3651 = DIRECTION ( 'NONE',  ( 1.000000000000000000, 0.0000000000000000000, 0.0000000000000000000 ) ) ;
#3652 = CARTESIAN_POINT ( 'NONE',  ( 150.0000000000000568, 20.00000000000000000, -7.499999999999475975 ) ) ;
#3653 = ORIENTED_EDGE ( 'NONE', *, *, #3678, .T. ) ;
#3654 = EDGE_CURVE ( 'NONE', #786, #1597, #1769, .T. ) ;
#3655 = VECTOR ( 'NONE', #4065, 1000.000000000000114 ) ;
#3656 =( LENGTH_UNIT ( ) NAMED_UNIT ( * ) SI_UNIT ( .MILLI., .METRE. ) );
#3657 = STYLED_ITEM ( 'NONE', ( #2392 ), #3435 ) ;
#3658 = AXIS2_PLACEMENT_3D ( 'NONE', #4008, #3975, #736 ) ;
#3659 = VERTEX_POINT ( 'NONE', #1054 ) ;
#3660 = DIRECTION ( 'NONE',  ( -7.401486830834376525E-17, -1.000000000000000000, -0.0000000000000000000 ) ) ;
#3661 = SURFACE_SIDE_STYLE ('',( #2911 ) ) ;
#3662 = EDGE_LOOP ( 'NONE', ( #3271, #3274, #3653, #1098 ) ) ;
#3663 = EDGE_CURVE ( 'NONE', #483, #4535, #3831, .T. ) ;
#3664 = ORIENTED_EDGE ( 'NONE', *, *, #3437, .T. ) ;
#3665 = VECTOR ( 'NONE', #372, 1000.000000000000000 ) ;
#3666 = DIRECTION ( 'NONE',  ( 0.0000000000000000000, 1.000000000000000000, 0.0000000000000000000 ) ) ;
#3667 = ORIENTED_EDGE ( 'NONE', *, *, #3095, .T. ) ;
#3668 = DIRECTION ( 'NONE',  ( -1.000000000000000000, -3.851859888774471706E-34, 1.982541115402069301E-16 ) ) ;
#3669 = CARTESIAN_POINT ( 'NONE',  ( -9.950721815702933470E-13, 0.0000000000000000000, 142.5000000000000568 ) ) ;
#3670 = VERTEX_POINT ( 'NONE', #717 ) ;
#3671 = VERTEX_POINT ( 'NONE', #3946 ) ;
#3672 = VECTOR ( 'NONE', #2245, 1000.000000000000114 ) ;
#3673 = EDGE_LOOP ( 'NONE', ( #2095, #2655 ) ) ;
#3674 = LINE ( 'NONE', #4394, #1624 ) ;
#3675 = VECTOR ( 'NONE', #3714, 1000.000000000000000 ) ;
#3676 = CONICAL_SURFACE ( 'NONE', #364, 3.500000000000003109, 0.7853981633975037902 ) ;
#3677 = AXIS2_PLACEMENT_3D ( 'NONE', #1430, #3243, #2453 ) ;
#3678 = EDGE_CURVE ( 'NONE', #3137, #3942, #2387, .T. ) ;
#3679 = ORIENTED_EDGE ( 'NONE', *, *, #4304, .T. ) ;
#3680 = CARTESIAN_POINT ( 'NONE',  ( 70.00000000000000000, 1480.000000000000000, -95.00000000000000000 ) ) ;
#3681 = SURFACE_STYLE_USAGE ( .BOTH. , #2181 ) ;
#3682 = VERTEX_POINT ( 'NONE', #1046 ) ;
#3683 = EDGE_CURVE ( 'NONE', #2008, #3427, #3203, .T. ) ;
#3684 = CARTESIAN_POINT ( 'NONE',  ( -124.9999999999999716, 20.00000000000000000, -125.0000000000000000 ) ) ;
#3685 = FILL_AREA_STYLE_COLOUR ( '', #1635 ) ;
#3686 = COLOUR_RGB ( '',1.000000000000000000, 1.000000000000000000, 1.000000000000000000 ) ;
#3687 = STYLED_ITEM ( 'NONE', ( #434 ), #2574 ) ;
#3688 = EDGE_CURVE ( 'NONE', #3316, #4512, #2002, .T. ) ;
#3689 = EDGE_CURVE ( 'NONE', #1716, #533, #2221, .T. ) ;
#3690 = ORIENTED_EDGE ( 'NONE', *, *, #1074, .F. ) ;
#3691 = SURFACE_STYLE_USAGE ( .BOTH. , #3661 ) ;
#3692 = DIRECTION ( 'NONE',  ( 0.0000000000000000000, 0.0000000000000000000, -1.000000000000000000 ) ) ;
#3693 = VERTEX_POINT ( 'NONE', #1458 ) ;
#3694 = VECTOR ( 'NONE', #84, 1000.000000000000000 ) ;
#3695 = CARTESIAN_POINT ( 'NONE',  ( -70.00000000000000000, 1500.000000000000000, 95.00000000000000000 ) ) ;
#3696 = DIRECTION ( 'NONE',  ( -0.7071067811865510144, 0.0000000000000000000, 0.7071067811865441310 ) ) ;
#3697 = ORIENTED_EDGE ( 'NONE', *, *, #2517, .T. ) ;
#3698 = VECTOR ( 'NONE', #4616, 1000.000000000000000 ) ;
#3699 = AXIS2_PLACEMENT_3D ( 'NONE', #1371, #2441, #457 ) ;
#3700 = DIRECTION ( 'NONE',  ( -1.932701039895096239E-34, -1.000000000000000000, -1.540743955509788340E-33 ) ) ;
#3701 = CIRCLE ( 'NONE', #1326, 75.00000000000001421 ) ;
#3702 = VERTEX_POINT ( 'NONE', #3260 ) ;
#3703 = AXIS2_PLACEMENT_3D ( 'NONE', #407, #1814, #1799 ) ;
#3704 = DIRECTION ( 'NONE',  ( -1.000000000000000000, 0.0000000000000000000, 0.0000000000000000000 ) ) ;
#3705 = VECTOR ( 'NONE', #4218, 1000.000000000000000 ) ;
#3706 = AXIS2_PLACEMENT_3D ( 'NONE', #3463, #4498, #1628 ) ;
#3707 = ORIENTED_EDGE ( 'NONE', *, *, #3784, .T. ) ;
#3708 = CARTESIAN_POINT ( 'NONE',  ( 68.00000000000000000, 20.00000000000000355, 67.99999999999995737 ) ) ;
#3709 = CARTESIAN_POINT ( 'NONE',  ( -90.00000000000000000, 1480.000000000000000, 90.00000000000000000 ) ) ;
#3710 = LINE ( 'NONE', #3511, #4499 ) ;
#3711 =( LENGTH_UNIT ( ) NAMED_UNIT ( * ) SI_UNIT ( .MILLI., .METRE. ) );
#3712 = FACE_OUTER_BOUND ( 'NONE', #1636, .T. ) ;
#3713 = ORIENTED_EDGE ( 'NONE', *, *, #4451, .F. ) ;
#3714 = DIRECTION ( 'NONE',  ( -0.7071067811865441310, 0.0000000000000000000, -0.7071067811865510144 ) ) ;
#3715 = CYLINDRICAL_SURFACE ( 'NONE', #3510, 2.499999999999946709 ) ;
#3716 = ORIENTED_EDGE ( 'NONE', *, *, #4219, .T. ) ;
#3717 = UNCERTAINTY_MEASURE_WITH_UNIT (LENGTH_MEASURE( 1.000000000000000082E-05 ), #2383, 'distance_accuracy_value', 'NONE');
#3718 = LINE ( 'NONE', #4291, #4166 ) ;
#3719 = CARTESIAN_POINT ( 'NONE',  ( -30.00000000000001421, 20.00000000000000000, -125.0000000000000000 ) ) ;
#3720 = PRESENTATION_LAYER_ASSIGNMENT (  '', '', ( #106 ) ) ;
#3721 = DIRECTION ( 'NONE',  ( 0.0000000000000000000, 0.0000000000000000000, -1.000000000000000000 ) ) ;
#3722 = ORIENTED_EDGE ( 'NONE', *, *, #3350, .T. ) ;
#3723 = ORIENTED_EDGE ( 'NONE', *, *, #2041, .T. ) ;
#3724 = VECTOR ( 'NONE', #1490, 1000.000000000000000 ) ;
#3725 = ORIENTED_EDGE ( 'NONE', *, *, #1228, .F. ) ;
#3726 = FACE_OUTER_BOUND ( 'NONE', #1807, .T. ) ;
#3727 = DIRECTION ( 'NONE',  ( -0.7071067811865455743, 0.0000000000000000000, -0.7071067811865493491 ) ) ;
#3728 = CARTESIAN_POINT ( 'NONE',  ( 7.500000000000000000, 220.0000000000000284, 90.00000000000000000 ) ) ;
#3729 = VECTOR ( 'NONE', #3766, 1000.000000000000000 ) ;
#3730 = VECTOR ( 'NONE', #3390, 1000.000000000000000 ) ;
#3731 = AXIS2_PLACEMENT_3D ( 'NONE', #13, #359, #1401 ) ;
#3732 = DIRECTION ( 'NONE',  ( -0.0000000000000000000, 1.000000000000000000, -0.0000000000000000000 ) ) ;
#3733 = CARTESIAN_POINT ( 'NONE',  ( -124.9999999999999716, 20.00000000000000000, -34.50000000000000000 ) ) ;
#3734 = ORIENTED_EDGE ( 'NONE', *, *, #506, .T. ) ;
#3735 = AXIS2_PLACEMENT_3D ( 'NONE', #2716, #2685, #4194 ) ;
#3736 = DIRECTION ( 'NONE',  ( -0.0000000000000000000, 1.000000000000000000, -0.0000000000000000000 ) ) ;
#3737 = PRESENTATION_LAYER_ASSIGNMENT (  '', '', ( #2259 ) ) ;
#3738 = CARTESIAN_POINT ( 'NONE',  ( -7.499999999999989342, 70.00000000000001421, 139.9999999999999716 ) ) ;
#3739 = DIRECTION ( 'NONE',  ( -0.0000000000000000000, 1.000000000000000000, -0.0000000000000000000 ) ) ;
#3740 = CARTESIAN_POINT ( 'NONE',  ( -150.0000000000001137, -0.001000000000001000089, 7.499999999998428812 ) ) ;
#3741 = EDGE_CURVE ( 'NONE', #2068, #3543, #3718, .T. ) ;
#3742 = ORIENTED_EDGE ( 'NONE', *, *, #4504, .F. ) ;
#3743 = ORIENTED_EDGE ( 'NONE', *, *, #132, .F. ) ;
#3744 = CARTESIAN_POINT ( 'NONE',  ( 78.00000000000000000, 1415.000000000000000, 45.00000000000000000 ) ) ;
#3745 = LINE ( 'NONE', #1606, #3973 ) ;
#3746 = EDGE_CURVE ( 'NONE', #3447, #2152, #123, .T. ) ;
#3747 =( GEOMETRIC_REPRESENTATION_CONTEXT ( 3 ) GLOBAL_UNCERTAINTY_ASSIGNED_CONTEXT ( ( #147 ) ) GLOBAL_UNIT_ASSIGNED_CONTEXT ( ( #3351, #1865, #2587 ) ) REPRESENTATION_CONTEXT ( 'NONE', 'WORKASPACE' ) );
#3748 = CARTESIAN_POINT ( 'NONE',  ( 150.0000000000000284, 0.0000000000000000000, 150.0000000000000000 ) ) ;
#3749 = ORIENTED_EDGE ( 'NONE', *, *, #369, .T. ) ;
#3750 = CARTESIAN_POINT ( 'NONE',  ( -150.0000000000000284, 20.00000000000000000, -150.0000000000000000 ) ) ;
#3751 = AXIS2_PLACEMENT_3D ( 'NONE', #2109, #3232, #3269 ) ;
#3752 = ORIENTED_EDGE ( 'NONE', *, *, #1777, .F. ) ;
#3753 = DIRECTION ( 'NONE',  ( 0.7071067811865474617, -0.0000000000000000000, -0.7071067811865474617 ) ) ;
#3754 = CARTESIAN_POINT ( 'NONE',  ( -70.00000000000000000, 1500.000000000000000, 95.00000000000000000 ) ) ;
#3755 = PLANE ( 'NONE',  #2611 ) ;
#3756 = DIRECTION ( 'NONE',  ( 0.0000000000000000000, 1.000000000000000000, 0.0000000000000000000 ) ) ;
#3757 = LINE ( 'NONE', #2726, #265 ) ;
#3758 = VERTEX_POINT ( 'NONE', #3218 ) ;
#3759 =( NAMED_UNIT ( * ) SI_UNIT ( $, .STERADIAN. ) SOLID_ANGLE_UNIT ( ) );
#3760 = AXIS2_PLACEMENT_3D ( 'NONE', #433, #2205, #65 ) ;
#3761 = DIRECTION ( 'NONE',  ( 0.0000000000000000000, 0.7071067811865081598, 0.7071067811865867636 ) ) ;
#3762 = CARTESIAN_POINT ( 'NONE',  ( -7.500000000000009770, 70.00000000000001421, -139.9999999999999716 ) ) ;
#3763 = EDGE_CURVE ( 'NONE', #1523, #3659, #1604, .T. ) ;
#3764 = ORIENTED_EDGE ( 'NONE', *, *, #361, .F. ) ;
#3765 = LINE ( 'NONE', #354, #112 ) ;
#3766 = DIRECTION ( 'NONE',  ( 1.000000000000000000, -0.0000000000000000000, -0.0000000000000000000 ) ) ;
#3767 = PRESENTATION_LAYER_ASSIGNMENT (  '', '', ( #2191 ) ) ;
#3768 = CARTESIAN_POINT ( 'NONE',  ( -142.5000000000000568, 0.0000000000000000000, -1.492729551078042505E-12 ) ) ;
#3769 = DIRECTION ( 'NONE',  ( 0.0000000000000000000, 0.0000000000000000000, 1.000000000000000000 ) ) ;
#3770 = VERTEX_POINT ( 'NONE', #3597 ) ;
#3771 = CIRCLE ( 'NONE', #3706, 19.99999999999998934 ) ;
#3772 = FACE_OUTER_BOUND ( 'NONE', #3055, .T. ) ;
#3774 = VERTEX_POINT ( 'NONE', #2545 ) ;
#3773 = CARTESIAN_POINT ( 'NONE',  ( 7.499999999999994671, 220.0000000000000284, -109.9999999999999858 ) ) ;
#3775 = DIRECTION ( 'NONE',  ( 0.0000000000000000000, 0.0000000000000000000, -1.000000000000000000 ) ) ;
#3776 = FACE_OUTER_BOUND ( 'NONE', #321, .T. ) ;
#3777 = LINE ( 'NONE', #556, #3555 ) ;
#3778 = ORIENTED_EDGE ( 'NONE', *, *, #1148, .F. ) ;
#3779 = CARTESIAN_POINT ( 'NONE',  ( 124.9999999999999716, 20.00000000000000000, 117.5000000000000000 ) ) ;
#3780 = EDGE_CURVE ( 'NONE', #3383, #1600, #3487, .T. ) ;
#3781 = ORIENTED_EDGE ( 'NONE', *, *, #1777, .T. ) ;
#3782 = AXIS2_PLACEMENT_3D ( 'NONE', #3684, #2553, #3638 ) ;
#3783 = ADVANCED_BREP_SHAPE_REPRESENTATION ( '', ( #4323, #3435, #4063, #368, #286, #2928, #2984, #2256 ), #40 ) ;
#3784 = EDGE_CURVE ( 'NONE', #3266, #1448, #1988, .T. ) ;
#3785 = CLOSED_SHELL ( 'NONE', ( #2380, #2753, #571, #4319, #2144, #986, #1017, #4443, #1382, #2547, #2431, #1747, #3527, #2458, #4589, #3507, #4229, #3951, #3179, #3388, #1336, #2574, #1042, #378, #2498, #4537, #4348, #1728 ) ) ;
#3786 = DIRECTION ( 'NONE',  ( 0.0000000000000000000, -0.0000000000000000000, 1.000000000000000000 ) ) ;
#3787 = CIRCLE ( 'NONE', #3855, 9.999999999999994671 ) ;
#3788 = ORIENTED_EDGE ( 'NONE', *, *, #3983, .F. ) ;
#3789 = LINE ( 'NONE', #1168, #667 ) ;
#3790 = CARTESIAN_POINT ( 'NONE',  ( 9.184850993605150311E-15, -0.001000000000001000089, -75.00000000000001421 ) ) ;
#3791 = CARTESIAN_POINT ( 'NONE',  ( 90.00000000000000000, 1455.000000000000000, -42.50000000000004974 ) ) ;
#3792 = CIRCLE ( 'NONE', #3405, 4.500000000000003553 ) ;
#3793 = VECTOR ( 'NONE', #3320, 1000.000000000000000 ) ;
#3794 = DIRECTION ( 'NONE',  ( 0.0000000000000000000, 0.0000000000000000000, 1.000000000000000000 ) ) ;
#3795 =( LENGTH_UNIT ( ) NAMED_UNIT ( * ) SI_UNIT ( .MILLI., .METRE. ) );
#3796 =( GEOMETRIC_REPRESENTATION_CONTEXT ( 3 ) GLOBAL_UNCERTAINTY_ASSIGNED_CONTEXT ( ( #1398 ) ) GLOBAL_UNIT_ASSIGNED_CONTEXT ( ( #2228, #107, #2549 ) ) REPRESENTATION_CONTEXT ( 'NONE', 'WORKASPACE' ) );
#3797 = VERTEX_POINT ( 'NONE', #814 ) ;
#3798 = CARTESIAN_POINT ( 'NONE',  ( -67.99999999999991473, 1480.000000000000000, 78.00000000000000000 ) ) ;
#3799 = DIRECTION ( 'NONE',  ( 1.000000000000000000, 0.0000000000000000000, -1.982541115402068561E-16 ) ) ;
#3800 = EDGE_LOOP ( 'NONE', ( #2663, #585, #1315, #158 ) ) ;
#3802 = CARTESIAN_POINT ( 'NONE',  ( -7.499999999999994671, 220.0000000000000284, 109.9999999999999858 ) ) ;
#3801 = CIRCLE ( 'NONE', #459, 5.099999999999993427 ) ;
#3803 = CARTESIAN_POINT ( 'NONE',  ( 7.500000000000000000, 20.00000000000003197, 89.99999999999998579 ) ) ;
#3804 = ORIENTED_EDGE ( 'NONE', *, *, #3741, .F. ) ;
#3805 = EDGE_CURVE ( 'NONE', #3074, #4030, #3941, .T. ) ;
#3806 = DIRECTION ( 'NONE',  ( -0.7071067811865460184, 0.0000000000000000000, -0.7071067811865490160 ) ) ;
#3807 = CARTESIAN_POINT ( 'NONE',  ( 124.9999999999999716, 20.00000000000000000, -33.39999999999999858 ) ) ;
#3808 = CIRCLE ( 'NONE', #2755, 5.099999999999993427 ) ;
#3809 = CARTESIAN_POINT ( 'NONE',  ( 70.00000000000000000, 1500.000000000000000, -91.50000000000000000 ) ) ;
#3810 = ORIENTED_EDGE ( 'NONE', *, *, #1936, .F. ) ;
#3811 = COLOUR_RGB ( '',1.000000000000000000, 1.000000000000000000, 1.000000000000000000 ) ;
#3812 = ORIENTED_EDGE ( 'NONE', *, *, #2769, .F. ) ;
#3813 = PRESENTATION_LAYER_ASSIGNMENT (  '', '', ( #3075 ) ) ;
#3814 = CARTESIAN_POINT ( 'NONE',  ( 0.0000000000000000000, 20.00000000000000000, -142.5000000000000568 ) ) ;
#3815 = PRESENTATION_STYLE_ASSIGNMENT (( #3613 ) ) ;
#3816 = VERTEX_POINT ( 'NONE', #453 ) ;
#3817 = DIRECTION ( 'NONE',  ( -1.000000000000000000, 1.423415318369119772E-33, 0.0000000000000000000 ) ) ;
#3818 = CARTESIAN_POINT ( 'NONE',  ( 90.00000000000000000, 1480.000000000000000, 84.90000000000000568 ) ) ;
#3819 = CARTESIAN_POINT ( 'NONE',  ( 124.9999999999999716, 0.0000000000000000000, 25.50000000000000711 ) ) ;
#3820 =( LENGTH_UNIT ( ) NAMED_UNIT ( * ) SI_UNIT ( .MILLI., .METRE. ) );
#3821 = LINE ( 'NONE', #3282, #2906 ) ;
#3822 = ORIENTED_EDGE ( 'NONE', *, *, #2850, .T. ) ;
#3823 = PLANE ( 'NONE',  #3489 ) ;
#3824 = CYLINDRICAL_SURFACE ( 'NONE', #4583, 9.999999999999994671 ) ;
#3825 = MECHANICAL_DESIGN_GEOMETRIC_PRESENTATION_REPRESENTATION (  '', ( #3587 ), #2590 ) ;
#3826 = CARTESIAN_POINT ( 'NONE',  ( -90.00000000000000000, 20.00000000000001776, 7.500000000000013323 ) ) ;
#3827 = FILL_AREA_STYLE ('',( #3870 ) ) ;
#3828 = EDGE_CURVE ( 'NONE', #1015, #2339, #1766, .T. ) ;
#3829 = ORIENTED_EDGE ( 'NONE', *, *, #2677, .T. ) ;
#3830 = FACE_OUTER_BOUND ( 'NONE', #1154, .T. ) ;
#3831 = LINE ( 'NONE', #2832, #1004 ) ;
#3832 = AXIS2_PLACEMENT_3D ( 'NONE', #1402, #2866, #2488 ) ;
#3833 = CARTESIAN_POINT ( 'NONE',  ( 7.500000000000000000, 20.00000000000003197, 89.99999999999998579 ) ) ;
#3834 = ADVANCED_FACE ( 'NONE', ( #1273 ), #1499, .F. ) ;
#3835 = ORIENTED_EDGE ( 'NONE', *, *, #3895, .T. ) ;
#3836 = EDGE_CURVE ( 'NONE', #1626, #4514, #4505, .T. ) ;
#3837 = ORIENTED_EDGE ( 'NONE', *, *, #2146, .T. ) ;
#3838 = ORIENTED_EDGE ( 'NONE', *, *, #743, .F. ) ;
#3839 = DIRECTION ( 'NONE',  ( -0.0000000000000000000, 1.000000000000000000, -0.0000000000000000000 ) ) ;
#3840 = CARTESIAN_POINT ( 'NONE',  ( -90.00000000000000000, 20.00000000000000355, -69.99999999999982947 ) ) ;
#3841 = CARTESIAN_POINT ( 'NONE',  ( 124.9999999999999716, 0.0000000000000000000, -33.39999999999999858 ) ) ;
#3842 = ORIENTED_EDGE ( 'NONE', *, *, #675, .F. ) ;
#3843 = DIRECTION ( 'NONE',  ( 0.0000000000000000000, -1.000000000000000000, -0.0000000000000000000 ) ) ;
#3844 = ORIENTED_EDGE ( 'NONE', *, *, #2364, .T. ) ;
#3845 = SURFACE_STYLE_FILL_AREA ( #4609 ) ;
#3846 = ORIENTED_EDGE ( 'NONE', *, *, #1552, .F. ) ;
#3847 = VECTOR ( 'NONE', #54, 1000.000000000000000 ) ;
#3848 = CARTESIAN_POINT ( 'NONE',  ( 90.00000000000000000, 1500.000000000000000, -90.00000000000000000 ) ) ;
#3849 = CIRCLE ( 'NONE', #2762, 7.500000000000007105 ) ;
#3850 = EDGE_CURVE ( 'NONE', #813, #4448, #2106, .T. ) ;
#3851 = EDGE_CURVE ( 'NONE', #1263, #4103, #4277, .T. ) ;
#3852 = DIRECTION ( 'NONE',  ( 8.659560562355413570E-17, 0.7071067811865081598, -0.7071067811865867636 ) ) ;
#3853 = CARTESIAN_POINT ( 'NONE',  ( 67.99999999999991473, 1480.000000000000000, 77.99999999999995737 ) ) ;
#3854 = LINE ( 'NONE', #3908, #1076 ) ;
#3855 = AXIS2_PLACEMENT_3D ( 'NONE', #3936, #345, #1444 ) ;
#3856 = VERTEX_POINT ( 'NONE', #2901 ) ;
#3857 = DIRECTION ( 'NONE',  ( 1.000000000000000000, -0.0000000000000000000, -0.0000000000000000000 ) ) ;
#3858 = DIRECTION ( 'NONE',  ( 0.0000000000000000000, -3.081487911019577365E-33, -1.000000000000000000 ) ) ;
#3859 = AXIS2_PLACEMENT_3D ( 'NONE', #4488, #3070, #2673 ) ;
#3860 = ADVANCED_FACE ( 'NONE', ( #2213 ), #80, .F. ) ;
#3861 = VERTEX_POINT ( 'NONE', #3327 ) ;
#3862 =( NAMED_UNIT ( * ) SI_UNIT ( $, .STERADIAN. ) SOLID_ANGLE_UNIT ( ) );
#3863 = ORIENTED_EDGE ( 'NONE', *, *, #1543, .T. ) ;
#3864 = CARTESIAN_POINT ( 'NONE',  ( -69.99999999999985789, 20.00000000000000355, 90.00000000000000000 ) ) ;
#3865 = VECTOR ( 'NONE', #173, 1000.000000000000000 ) ;
#3866 = CARTESIAN_POINT ( 'NONE',  ( 0.0000000000000000000, 0.0000000000000000000, 0.0000000000000000000 ) ) ;
#3867 = CARTESIAN_POINT ( 'NONE',  ( 115.0000000000000711, 1500.000000000000000, 125.0000000000000000 ) ) ;
#3868 = EDGE_CURVE ( 'NONE', #4666, #4474, #4161, .T. ) ;
#3869 = VERTEX_POINT ( 'NONE', #1149 ) ;
#3870 = FILL_AREA_STYLE_COLOUR ( '', #3443 ) ;
#3871 = CARTESIAN_POINT ( 'NONE',  ( 90.00000000000000000, 19.99999999999998934, -7.500000000000013323 ) ) ;
#3872 = LINE ( 'NONE', #537, #4321 ) ;
#3873 = ORIENTED_EDGE ( 'NONE', *, *, #4637, .T. ) ;
#3874 = ADVANCED_FACE ( 'NONE', ( #4043 ), #4555, .F. ) ;
#3875 = VERTEX_POINT ( 'NONE', #4417 ) ;
#3876 = VECTOR ( 'NONE', #703, 1000.000000000000000 ) ;
#3877 = VECTOR ( 'NONE', #1374, 1000.000000000000000 ) ;
#3878 = CARTESIAN_POINT ( 'NONE',  ( 69.99999999999985789, 1480.000000000000000, -90.00000000000000000 ) ) ;
#3879 = VECTOR ( 'NONE', #4649, 1000.000000000000000 ) ;
#3880 = MECHANICAL_DESIGN_GEOMETRIC_PRESENTATION_REPRESENTATION (  '', ( #1948 ), #1006 ) ;
#3881 = DIRECTION ( 'NONE',  ( 1.000000000000000000, 8.326672684688671588E-17, 5.551115123125780853E-17 ) ) ;
#3882 = EDGE_LOOP ( 'NONE', ( #3138, #591, #193, #3918 ) ) ;
#3883 = LINE ( 'NONE', #3623, #1935 ) ;
#3884 = VECTOR ( 'NONE', #2961, 1000.000000000000000 ) ;
#3885 = CARTESIAN_POINT ( 'NONE',  ( -124.9999999999999716, 20.00000000000000000, 30.00000000000000000 ) ) ;
#3886 = CARTESIAN_POINT ( 'NONE',  ( -69.99999999999998579, 1480.000000000000000, -69.99999999999997158 ) ) ;
#3887 = ORIENTED_EDGE ( 'NONE', *, *, #3253, .F. ) ;
#3888 = LINE ( 'NONE', #3546, #948 ) ;
#3889 = CARTESIAN_POINT ( 'NONE',  ( -69.99999999999985789, 20.00000000000000355, 90.00000000000000000 ) ) ;
#3890 = CYLINDRICAL_SURFACE ( 'NONE', #4606, 3.400000000000000355 ) ;
#3891 = LINE ( 'NONE', #1172, #1614 ) ;
#3892 = CARTESIAN_POINT ( 'NONE',  ( 149.9999999999999716, 20.00000000000000000, -150.0000000000000000 ) ) ;
#3893 = ORIENTED_EDGE ( 'NONE', *, *, #3960, .T. ) ;
#3894 = DIRECTION ( 'NONE',  ( -0.0000000000000000000, 1.000000000000000000, -0.0000000000000000000 ) ) ;
#3895 = EDGE_CURVE ( 'NONE', #2564, #2474, #4621, .T. ) ;
#3896 = PRESENTATION_LAYER_ASSIGNMENT (  '', '', ( #4038 ) ) ;
#3897 = LINE ( 'NONE', #3059, #1677 ) ;
#3898 = PLANE ( 'NONE',  #1270 ) ;
#3899 = CIRCLE ( 'NONE', #2774, 5.099999999999993427 ) ;
#3900 = DIRECTION ( 'NONE',  ( 0.7071067811865480168, 0.0000000000000000000, -0.7071067811865470176 ) ) ;
#3901 = PRESENTATION_LAYER_ASSIGNMENT (  '', '', ( #842 ) ) ;
#3902 = FACE_BOUND ( 'NONE', #1609, .T. ) ;
#3903 = LINE ( 'NONE', #2650, #3793 ) ;
#3904 = ADVANCED_FACE ( 'NONE', ( #113 ), #2594, .F. ) ;
#3905 = DIRECTION ( 'NONE',  ( 1.000000000000000000, -0.0000000000000000000, -0.0000000000000000000 ) ) ;
#3906 = DIRECTION ( 'NONE',  ( 3.081487911019577365E-33, 1.540743955509788682E-33, 1.000000000000000000 ) ) ;
#3907 = EDGE_CURVE ( 'NONE', #1843, #3465, #2960, .T. ) ;
#3908 = CARTESIAN_POINT ( 'NONE',  ( 7.500000000000005329, 220.0000000000000284, 109.9999999999999858 ) ) ;
#3909 = CARTESIAN_POINT ( 'NONE',  ( 90.00000000000000000, 20.00000000000000355, 69.99999999999982947 ) ) ;
#3910 = MECHANICAL_DESIGN_GEOMETRIC_PRESENTATION_REPRESENTATION (  '', ( #3075 ), #1944 ) ;
#3911 = ORIENTED_EDGE ( 'NONE', *, *, #1938, .T. ) ;
#3912 = EDGE_CURVE ( 'NONE', #3022, #1089, #1657, .T. ) ;
#3913 = EDGE_LOOP ( 'NONE', ( #657, #4192, #3697, #1112, #1582, #3690, #4376, #2138, #2846, #2583, #2536, #1120, #4570, #4059, #3211, #534, #3504, #864, #2014, #1514 ) ) ;
#3914 = FACE_OUTER_BOUND ( 'NONE', #2310, .T. ) ;
#3915 = CARTESIAN_POINT ( 'NONE',  ( 70.00000000000000000, 1499.500000000000000, -95.00000000000000000 ) ) ;
#3916 = CARTESIAN_POINT ( 'NONE',  ( -124.9999999999999716, 0.0000000000000000000, 33.39999999999999858 ) ) ;
#3917 = CARTESIAN_POINT ( 'NONE',  ( -30.00000000000001421, 20.00000000000000000, -128.3999999999999773 ) ) ;
#3918 = ORIENTED_EDGE ( 'NONE', *, *, #1314, .F. ) ;
#3919 = CYLINDRICAL_SURFACE ( 'NONE', #205, 4.499999999999997335 ) ;
#3920 = EDGE_CURVE ( 'NONE', #2739, #720, #945, .T. ) ;
#3921 = CARTESIAN_POINT ( 'NONE',  ( -2.775557561562891351E-14, -1.387778780781445676E-14, 7.499999999999985789 ) ) ;
#3922 = CARTESIAN_POINT ( 'NONE',  ( -124.9999999999999716, 0.0000000000000000000, 26.59999999999999787 ) ) ;
#3923 = DIRECTION ( 'NONE',  ( -0.0000000000000000000, 1.000000000000000000, -0.0000000000000000000 ) ) ;
#3924 = EDGE_LOOP ( 'NONE', ( #48, #86, #1271, #3725, #1166, #2435, #1658, #3788, #1820, #1779, #1058, #1768, #2950, #4067, #889, #807, #3964, #4584, #1161, #4374 ) ) ;
#3925 = EDGE_CURVE ( 'NONE', #1767, #163, #1546, .T. ) ;
#3926 = CARTESIAN_POINT ( 'NONE',  ( 78.00000000000000000, 1480.000000000000000, 67.99999999999990052 ) ) ;
#3927 = ADVANCED_FACE ( 'NONE', ( #3712 ), #4113, .F. ) ;
#3928 = AXIS2_PLACEMENT_3D ( 'NONE', #3948, #3540, #3230 ) ;
#3929 = ORIENTED_EDGE ( 'NONE', *, *, #2457, .F. ) ;
#3930 = CARTESIAN_POINT ( 'NONE',  ( 110.0000000000000000, 220.0000000000000568, -7.500000000000013323 ) ) ;
#3931 = CARTESIAN_POINT ( 'NONE',  ( -30.00000000000001421, 20.00000000000000000, -125.0000000000000000 ) ) ;
#3932 = EDGE_CURVE ( 'NONE', #1040, #2474, #590, .T. ) ;
#3933 = EDGE_CURVE ( 'NONE', #4197, #3475, #713, .T. ) ;
#3934 = SURFACE_STYLE_FILL_AREA ( #3940 ) ;
#3935 = ORIENTED_EDGE ( 'NONE', *, *, #1416, .F. ) ;
#3936 = CARTESIAN_POINT ( 'NONE',  ( -68.00000000000000000, 20.00000000000000355, -67.99999999999998579 ) ) ;
#3937 = DIRECTION ( 'NONE',  ( 0.0000000000000000000, 0.0000000000000000000, 1.000000000000000000 ) ) ;
#3938 = ORIENTED_EDGE ( 'NONE', *, *, #2599, .F. ) ;
#3939 = CYLINDRICAL_SURFACE ( 'NONE', #3703, 4.499999999999990230 ) ;
#3940 = FILL_AREA_STYLE ('',( #2018 ) ) ;
#3941 = CIRCLE ( 'NONE', #2374, 2.499999999999946709 ) ;
#3942 = VERTEX_POINT ( 'NONE', #4094 ) ;
#3943 = LINE ( 'NONE', #1330, #1994 ) ;
#3944 = FACE_OUTER_BOUND ( 'NONE', #2037, .T. ) ;
#3945 = AXIS2_PLACEMENT_3D ( 'NONE', #1770, #3962, #382 ) ;
#3946 = CARTESIAN_POINT ( 'NONE',  ( -124.9999999999999716, 20.00000000000000000, -117.5000000000000142 ) ) ;
#3947 = ORIENTED_EDGE ( 'NONE', *, *, #4073, .F. ) ;
#3948 = CARTESIAN_POINT ( 'NONE',  ( 1.480297366166872495E-15, 1500.000000000000000, 0.0000000000000000000 ) ) ;
#3949 = ORIENTED_EDGE ( 'NONE', *, *, #1725, .F. ) ;
#3950 = ORIENTED_EDGE ( 'NONE', *, *, #1354, .T. ) ;
#3951 = ADVANCED_FACE ( 'NONE', ( #3436 ), #1911, .F. ) ;
#3952 =( GEOMETRIC_REPRESENTATION_CONTEXT ( 3 ) GLOBAL_UNCERTAINTY_ASSIGNED_CONTEXT ( ( #1789 ) ) GLOBAL_UNIT_ASSIGNED_CONTEXT ( ( #974, #1656, #3862 ) ) REPRESENTATION_CONTEXT ( 'NONE', 'WORKASPACE' ) );
#3953 = CARTESIAN_POINT ( 'NONE',  ( -142.5000000000000568, 0.0000000000000000000, -1.492608272355440021E-12 ) ) ;
#3954 = PLANE ( 'NONE',  #755 ) ;
#3956 = ORIENTED_EDGE ( 'NONE', *, *, #4286, .F. ) ;
#3955 = DIRECTION ( 'NONE',  ( 0.0000000000000000000, 0.0000000000000000000, 1.000000000000000000 ) ) ;
#3957 = ORIENTED_EDGE ( 'NONE', *, *, #3868, .F. ) ;
#3958 = VECTOR ( 'NONE', #3497, 1000.000000000000000 ) ;
#3959 = DIRECTION ( 'NONE',  ( 0.7071067811865541231, 0.0000000000000000000, -0.7071067811865409114 ) ) ;
#3960 = EDGE_CURVE ( 'NONE', #3013, #145, #2737, .T. ) ;
#3961 = CIRCLE ( 'NONE', #63, 2.499999999999946709 ) ;
#3962 = DIRECTION ( 'NONE',  ( -0.0000000000000000000, 1.000000000000000000, -0.0000000000000000000 ) ) ;
#3963 = CARTESIAN_POINT ( 'NONE',  ( 90.00000000000000000, 1500.000000000000000, 95.09999999999999432 ) ) ;
#3964 = ORIENTED_EDGE ( 'NONE', *, *, #2677, .F. ) ;
#3965 = MECHANICAL_DESIGN_GEOMETRIC_PRESENTATION_REPRESENTATION (  '', ( #842 ), #4440 ) ;
#3966 = MECHANICAL_DESIGN_GEOMETRIC_PRESENTATION_REPRESENTATION (  '', ( #106 ), #252 ) ;
#3967 = CARTESIAN_POINT ( 'NONE',  ( -30.00000000000001421, 0.0000000000000000000, -125.0000000000000000 ) ) ;
#3968 = DIRECTION ( 'NONE',  ( -1.000000000000000000, -1.932701039895096239E-34, -3.081487911019576681E-33 ) ) ;
#3969 = EDGE_LOOP ( 'NONE', ( #1481, #34 ) ) ;
#3970 = AXIS2_PLACEMENT_3D ( 'NONE', #4387, #3276, #3317 ) ;
#3971 = ORIENTED_EDGE ( 'NONE', *, *, #4066, .T. ) ;
#3972 = CARTESIAN_POINT ( 'NONE',  ( -124.9999999999999716, 20.00000000000000000, 117.5000000000000142 ) ) ;
#3973 = VECTOR ( 'NONE', #4148, 1000.000000000000000 ) ;
#3974 = DIRECTION ( 'NONE',  ( 1.000000000000000000, 1.932701039895096239E-34, -3.081487911019577365E-33 ) ) ;
#3975 = DIRECTION ( 'NONE',  ( 0.0000000000000000000, 1.000000000000000000, 0.0000000000000000000 ) ) ;
#3976 = STYLED_ITEM ( 'NONE', ( #1043 ), #3783 ) ;
#3977 = VERTEX_POINT ( 'NONE', #2378 ) ;
#3978 = CARTESIAN_POINT ( 'NONE',  ( -69.99999999999998579, 1480.000000000000000, 69.99999999999998579 ) ) ;
#3979 =( NAMED_UNIT ( * ) SI_UNIT ( $, .STERADIAN. ) SOLID_ANGLE_UNIT ( ) );
#3980 = UNCERTAINTY_MEASURE_WITH_UNIT (LENGTH_MEASURE( 1.000000000000000082E-05 ), #1487, 'distance_accuracy_value', 'NONE');
#3981 = ORIENTED_EDGE ( 'NONE', *, *, #2275, .F. ) ;
#3982 = EDGE_CURVE ( 'NONE', #492, #174, #1391, .T. ) ;
#3983 = EDGE_CURVE ( 'NONE', #1937, #2389, #4442, .T. ) ;
#3984 = DIRECTION ( 'NONE',  ( 0.7071067811865484609, -0.0000000000000000000, -0.7071067811865465735 ) ) ;
#3985 = VECTOR ( 'NONE', #4572, 1000.000000000000000 ) ;
#3986 = EDGE_LOOP ( 'NONE', ( #2116, #3534, #2504, #4285 ) ) ;
#3987 = ORIENTED_EDGE ( 'NONE', *, *, #3198, .T. ) ;
#3988 = PLANE ( 'NONE',  #1417 ) ;
#3989 = EDGE_CURVE ( 'NONE', #1345, #3438, #431, .T. ) ;
#3990 = LINE ( 'NONE', #270, #765 ) ;
#3991 = EDGE_CURVE ( 'NONE', #1397, #3391, #2442, .T. ) ;
#3992 = DIRECTION ( 'NONE',  ( 0.0000000000000000000, 0.0000000000000000000, 1.000000000000000000 ) ) ;
#3993 = ORIENTED_EDGE ( 'NONE', *, *, #4451, .T. ) ;
#3994 = SHAPE_REPRESENTATION ( '4GAA0021201010015X', ( #4613, #4126 ), #4365 ) ;
#3995 = MECHANICAL_DESIGN_GEOMETRIC_PRESENTATION_REPRESENTATION (  '', ( #1561 ), #509 ) ;
#3996 = VERTEX_POINT ( 'NONE', #4265 ) ;
#3997 = DIRECTION ( 'NONE',  ( 0.0000000000000000000, 0.0000000000000000000, 1.000000000000000000 ) ) ;
#3998 = ORIENTED_EDGE ( 'NONE', *, *, #1963, .T. ) ;
#3999 = EDGE_LOOP ( 'NONE', ( #2151, #1991, #2652, #2509, #3072 ) ) ;
#4000 = VECTOR ( 'NONE', #3403, 1000.000000000000000 ) ;
#4001 = LINE ( 'NONE', #2005, #1759 ) ;
#4002 = COLOUR_RGB ( '',1.000000000000000000, 1.000000000000000000, 1.000000000000000000 ) ;
#4003 = ORIENTED_EDGE ( 'NONE', *, *, #1023, .T. ) ;
#4004 = CARTESIAN_POINT ( 'NONE',  ( 150.0000000000000000, -0.001000000000001000089, 7.500000000000524025 ) ) ;
#4005 = FACE_OUTER_BOUND ( 'NONE', #1773, .T. ) ;
#4006 = EDGE_CURVE ( 'NONE', #1600, #1495, #1825, .T. ) ;
#4007 = CARTESIAN_POINT ( 'NONE',  ( 90.00000000000000000, 1455.000000000000000, 45.00000000000000000 ) ) ;
#4008 = CARTESIAN_POINT ( 'NONE',  ( -124.9999999999999716, 0.0000000000000000000, -125.0000000000000000 ) ) ;
#4009 = VECTOR ( 'NONE', #316, 1000.000000000000000 ) ;
#4010 = CARTESIAN_POINT ( 'NONE',  ( 90.00000000000000000, 220.0000000000000284, -7.500000000000013323 ) ) ;
#4011 = VECTOR ( 'NONE', #4454, 1000.000000000000114 ) ;
#4012 = FACE_BOUND ( 'NONE', #1917, .T. ) ;
#4013 = CARTESIAN_POINT ( 'NONE',  ( -124.9999999999999716, 0.0000000000000000000, -25.50000000000000355 ) ) ;
#4014 = VERTEX_POINT ( 'NONE', #4644 ) ;
#4015 = ORIENTED_EDGE ( 'NONE', *, *, #4141, .T. ) ;
#4016 = EDGE_CURVE ( 'NONE', #4564, #3438, #2556, .T. ) ;
#4017 = STYLED_ITEM ( 'NONE', ( #2507 ), #3156 ) ;
#4018 = EDGE_CURVE ( 'NONE', #1920, #4312, #536, .T. ) ;
#4019 =( NAMED_UNIT ( * ) PLANE_ANGLE_UNIT ( ) SI_UNIT ( $, .RADIAN. ) );
#4020 =( LENGTH_UNIT ( ) NAMED_UNIT ( * ) SI_UNIT ( .MILLI., .METRE. ) );
#4021 = ORIENTED_EDGE ( 'NONE', *, *, #4490, .F. ) ;
#4022 = VECTOR ( 'NONE', #4174, 1000.000000000000000 ) ;
#4023 = CARTESIAN_POINT ( 'NONE',  ( -29.99999999999998579, 0.0000000000000000000, 125.0000000000000284 ) ) ;
#4024 = DIRECTION ( 'NONE',  ( -0.7071067811865461294, 5.233641528945905718E-17, 0.7071067811865489050 ) ) ;
#4025 = CARTESIAN_POINT ( 'NONE',  ( -149.9999999999999716, 20.00000000000000000, 150.0000000000000000 ) ) ;
#4026 = ORIENTED_EDGE ( 'NONE', *, *, #1195, .F. ) ;
#4027 = DIRECTION ( 'NONE',  ( 7.401486830834376525E-17, 1.000000000000000000, 0.0000000000000000000 ) ) ;
#4028 = AXIS2_PLACEMENT_3D ( 'NONE', #3032, #3401, #1882 ) ;
#4029 = DIRECTION ( 'NONE',  ( -0.0000000000000000000, 1.000000000000000000, -0.0000000000000000000 ) ) ;
#4030 = VERTEX_POINT ( 'NONE', #683 ) ;
#4031 = CARTESIAN_POINT ( 'NONE',  ( 149.9999999999999716, 20.00000000000000000, -150.0000000000000000 ) ) ;
#4032 = ADVANCED_FACE ( 'NONE', ( #330 ), #2836, .F. ) ;
#4033 = VECTOR ( 'NONE', #1464, 1000.000000000000000 ) ;
#4034 = ORIENTED_EDGE ( 'NONE', *, *, #3960, .F. ) ;
#4035 = FILL_AREA_STYLE_COLOUR ( '', #2869 ) ;
#4036 = VECTOR ( 'NONE', #187, 1000.000000000000000 ) ;
#4037 = EDGE_CURVE ( 'NONE', #809, #3013, #2046, .T. ) ;
#4038 = STYLED_ITEM ( 'NONE', ( #449 ), #2728 ) ;
#4039 = CARTESIAN_POINT ( 'NONE',  ( 77.99999999999998579, 1480.000000000000000, -67.99999999999991473 ) ) ;
#4040 = ORIENTED_EDGE ( 'NONE', *, *, #2189, .F. ) ;
#4041 = FACE_OUTER_BOUND ( 'NONE', #4269, .T. ) ;
#4042 = CARTESIAN_POINT ( 'NONE',  ( 140.0000000000000000, 20.00000000000000000, -150.0000000000000000 ) ) ;
#4043 = FACE_OUTER_BOUND ( 'NONE', #734, .T. ) ;
#4044 = AXIS2_PLACEMENT_3D ( 'NONE', #4511, #4477, #1245 ) ;
#4045 = ORIENTED_EDGE ( 'NONE', *, *, #141, .F. ) ;
#4046 = VECTOR ( 'NONE', #1675, 1000.000000000000000 ) ;
#4047 = CARTESIAN_POINT ( 'NONE',  ( -30.00000000000001421, 0.0000000000000000000, -128.3999999999999773 ) ) ;
#4048 = AXIS2_PLACEMENT_3D ( 'NONE', #3533, #3580, #4642 ) ;
#4049 = EDGE_LOOP ( 'NONE', ( #471, #682, #72, #4173 ) ) ;
#4050 = DIRECTION ( 'NONE',  ( -0.0000000000000000000, -1.000000000000000000, -0.0000000000000000000 ) ) ;
#4051 = DIRECTION ( 'NONE',  ( -0.0000000000000000000, 1.000000000000000000, -0.0000000000000000000 ) ) ;
#4053 = ORIENTED_EDGE ( 'NONE', *, *, #3066, .F. ) ;
#4052 = DIRECTION ( 'NONE',  ( 0.7071067811865441310, 0.0000000000000000000, 0.7071067811865510144 ) ) ;
#4054 = DIRECTION ( 'NONE',  ( -0.0000000000000000000, 1.000000000000000000, -0.0000000000000000000 ) ) ;
#4055 = ORIENTED_EDGE ( 'NONE', *, *, #1644, .F. ) ;
#4056 = CYLINDRICAL_SURFACE ( 'NONE', #3053, 5.099999999999993427 ) ;
#4057 = PRESENTATION_STYLE_ASSIGNMENT (( #3109 ) ) ;
#4058 = SURFACE_STYLE_USAGE ( .BOTH. , #117 ) ;
#4059 = ORIENTED_EDGE ( 'NONE', *, *, #3663, .T. ) ;
#4060 = LINE ( 'NONE', #3762, #4571 ) ;
#4061 = SHAPE_REPRESENTATION ( '4GAA0021201010015X_Predeterminado<As Machined>', ( #2256 ), #40 ) ;
#4062 = VECTOR ( 'NONE', #2795, 1000.000000000000000 ) ;
#4063 = MANIFOLD_SOLID_BREP ( 'Gusset2', #2733 ) ;
#4064 = MECHANICAL_DESIGN_GEOMETRIC_PRESENTATION_REPRESENTATION (  '', ( #3976 ), #3408 ) ;
#4065 = DIRECTION ( 'NONE',  ( 0.7071067811865484609, -0.0000000000000000000, 0.7071067811865465735 ) ) ;
#4066 = EDGE_CURVE ( 'NONE', #2570, #3758, #3961, .T. ) ;
#4067 = ORIENTED_EDGE ( 'NONE', *, *, #1873, .F. ) ;
#4068 = DIRECTION ( 'NONE',  ( -0.0000000000000000000, 1.000000000000000000, -0.0000000000000000000 ) ) ;
#4069 = ADVANCED_FACE ( 'NONE', ( #3400, #619, #1575, #4012, #3040 ), #1533, .T. ) ;
#4070 = DIRECTION ( 'NONE',  ( -0.0000000000000000000, -1.000000000000000000, -0.0000000000000000000 ) ) ;
#4071 = ORIENTED_EDGE ( 'NONE', *, *, #4037, .T. ) ;
#4072 = DIRECTION ( 'NONE',  ( -0.7071067811865474617, -0.0000000000000000000, 0.7071067811865474617 ) ) ;
#4073 = EDGE_CURVE ( 'NONE', #2770, #3003, #3903, .T. ) ;
#4074 = CARTESIAN_POINT ( 'NONE',  ( 90.00000000000000000, 1415.000000000000000, 45.00000000000000000 ) ) ;
#4075 = EDGE_LOOP ( 'NONE', ( #420, #2750, #394, #1815 ) ) ;
#4076 = DIRECTION ( 'NONE',  ( 0.0000000000000000000, 1.000000000000000000, 0.0000000000000000000 ) ) ;
#4077 = CARTESIAN_POINT ( 'NONE',  ( -140.0000000000000000, 20.00000000000000000, 150.0000000000000000 ) ) ;
#4078 = DIRECTION ( 'NONE',  ( -1.000000000000000000, 0.0000000000000000000, 1.020425574104005848E-16 ) ) ;
#4079 = EDGE_CURVE ( 'NONE', #4617, #1860, #2066, .T. ) ;
#4080 = VERTEX_POINT ( 'NONE', #2978 ) ;
#4081 = PRESENTATION_LAYER_ASSIGNMENT (  '', '', ( #2521 ) ) ;
#4082 = LINE ( 'NONE', #1791, #862 ) ;
#4083 = ORIENTED_EDGE ( 'NONE', *, *, #2914, .F. ) ;
#4084 = STYLED_ITEM ( 'NONE', ( #3069 ), #368 ) ;
#4085 = VECTOR ( 'NONE', #1927, 1000.000000000000000 ) ;
#4086 = CARTESIAN_POINT ( 'NONE',  ( 90.00000000000000000, 1415.000000000000000, 45.00000000000000000 ) ) ;
#4087 = FILL_AREA_STYLE ('',( #1904 ) ) ;
#4088 = CARTESIAN_POINT ( 'NONE',  ( 7.500000000000000000, 20.00000000000003197, 89.99999999999998579 ) ) ;
#4089 = AXIS2_PLACEMENT_3D ( 'NONE', #4566, #3531, #1691 ) ;
#4090 = VERTEX_POINT ( 'NONE', #2626 ) ;
#4091 = MECHANICAL_DESIGN_GEOMETRIC_PRESENTATION_REPRESENTATION (  '', ( #2217 ), #7 ) ;
#4092 = DIRECTION ( 'NONE',  ( 0.0000000000000000000, -0.0000000000000000000, 1.000000000000000000 ) ) ;
#4093 = AXIS2_PLACEMENT_3D ( 'NONE', #2963, #827, #3363 ) ;
#4095 = LINE ( 'NONE', #1943, #2614 ) ;
#4094 = CARTESIAN_POINT ( 'NONE',  ( -142.5000000000000568, 20.00000000000000000, -1.492608272355440021E-12 ) ) ;
#4096 = CARTESIAN_POINT ( 'NONE',  ( -150.0000000000000284, 20.00000000000000000, -139.9999999999999716 ) ) ;
#4097 = ORIENTED_EDGE ( 'NONE', *, *, #2194, .F. ) ;
#4098 = ORIENTED_EDGE ( 'NONE', *, *, #2060, .F. ) ;
#4099 = CARTESIAN_POINT ( 'NONE',  ( 77.99999999999998579, 1480.000000000000000, -67.99999999999991473 ) ) ;
#4100 = CARTESIAN_POINT ( 'NONE',  ( -29.99999999999998579, 0.0000000000000000000, 129.5000000000000284 ) ) ;
#4101 = DIRECTION ( 'NONE',  ( 7.401486830834376525E-17, 1.000000000000000000, 0.0000000000000000000 ) ) ;
#4102 = CIRCLE ( 'NONE', #3416, 4.500000000000003553 ) ;
#4103 = VERTEX_POINT ( 'NONE', #3733 ) ;
#4104 = DIRECTION ( 'NONE',  ( -0.0000000000000000000, 1.000000000000000000, -0.0000000000000000000 ) ) ;
#4105 = EDGE_CURVE ( 'NONE', #3238, #1287, #4122, .T. ) ;
#4106 = LINE ( 'NONE', #250, #1550 ) ;
#4107 = ORIENTED_EDGE ( 'NONE', *, *, #4379, .F. ) ;
#4108 = CARTESIAN_POINT ( 'NONE',  ( -140.0000000000000000, 0.0000000000000000000, 150.0000000000000000 ) ) ;
#4109 = EDGE_LOOP ( 'NONE', ( #3596, #2484, #4244, #41 ) ) ;
#4110 = VECTOR ( 'NONE', #3727, 1000.000000000000114 ) ;
#4111 = VECTOR ( 'NONE', #3460, 1000.000000000000000 ) ;
#4112 = COLOUR_RGB ( '',1.000000000000000000, 1.000000000000000000, 1.000000000000000000 ) ;
#4113 = PLANE ( 'NONE',  #2875 ) ;
#4114 = ADVANCED_FACE ( 'NONE', ( #1353 ), #845, .F. ) ;
#4115 = ORIENTED_EDGE ( 'NONE', *, *, #1607, .F. ) ;
#4116 = ORIENTED_EDGE ( 'NONE', *, *, #675, .T. ) ;
#4117 = CARTESIAN_POINT ( 'NONE',  ( -110.0000000000000000, 220.0000000000000284, -7.499999999999985789 ) ) ;
#4118 = CARTESIAN_POINT ( 'NONE',  ( 70.00000000000000000, 1480.000000000000000, -92.00000000000001421 ) ) ;
#4119 = LINE ( 'NONE', #1959, #1461 ) ;
#4120 = VECTOR ( 'NONE', #1984, 1000.000000000000000 ) ;
#4121 = STYLED_ITEM ( 'NONE', ( #4263 ), #378 ) ;
#4122 = LINE ( 'NONE', #137, #4011 ) ;
#4123 = UNCERTAINTY_MEASURE_WITH_UNIT (LENGTH_MEASURE( 1.000000000000000082E-05 ), #2811, 'distance_accuracy_value', 'NONE');
#4124 = DIRECTION ( 'NONE',  ( -1.000000000000000000, 1.423415318369119772E-33, -4.386237095914525535E-66 ) ) ;
#4125 = EDGE_LOOP ( 'NONE', ( #3629, #1553, #1376, #549, #304, #1102, #796, #714 ) ) ;
#4126 = AXIS2_PLACEMENT_3D ( 'NONE', #2706, #670, #3881 ) ;
#4127 = DIRECTION ( 'NONE',  ( 0.0000000000000000000, -3.081487911019577365E-33, -1.000000000000000000 ) ) ;
#4128 = FACE_BOUND ( 'NONE', #2155, .T. ) ;
#4129 = ORIENTED_EDGE ( 'NONE', *, *, #1068, .T. ) ;
#4130 = CARTESIAN_POINT ( 'NONE',  ( -114.9999999999999574, 1500.000000000000000, -124.9999999999999432 ) ) ;
#4131 = EDGE_CURVE ( 'NONE', #4605, #3670, #3284, .T. ) ;
#4132 = CARTESIAN_POINT ( 'NONE',  ( 90.00000000000000000, 1500.000000000000000, 90.00000000000000000 ) ) ;
#4133 = ORIENTED_EDGE ( 'NONE', *, *, #4037, .F. ) ;
#4134 = SURFACE_STYLE_FILL_AREA ( #3183 ) ;
#4135 =( GEOMETRIC_REPRESENTATION_CONTEXT ( 3 ) GLOBAL_UNCERTAINTY_ASSIGNED_CONTEXT ( ( #1191 ) ) GLOBAL_UNIT_ASSIGNED_CONTEXT ( ( #4020, #1110, #2582 ) ) REPRESENTATION_CONTEXT ( 'NONE', 'WORKASPACE' ) );
#4136 = ADVANCED_FACE ( 'NONE', ( #2176, #1905, #3902, #3631, #2927, #975, #36, #4128, #739, #2529, #1580, #508, #1359, #3160 ), #1620, .T. ) ;
#4137 = DIRECTION ( 'NONE',  ( -0.0000000000000000000, 1.000000000000000000, -0.0000000000000000000 ) ) ;
#4138 = ORIENTED_EDGE ( 'NONE', *, *, #3088, .F. ) ;
#4139 = CARTESIAN_POINT ( 'NONE',  ( -7.500000000000005329, 220.0000000000000284, -109.9999999999999858 ) ) ;
#4140 = EDGE_CURVE ( 'NONE', #2456, #2558, #138, .T. ) ;
#4141 = EDGE_CURVE ( 'NONE', #4539, #4197, #681, .T. ) ;
#4142 = ORIENTED_EDGE ( 'NONE', *, *, #1466, .F. ) ;
#4143 = DIRECTION ( 'NONE',  ( -0.0000000000000000000, -1.000000000000000000, -0.0000000000000000000 ) ) ;
#4144 = AXIS2_PLACEMENT_3D ( 'NONE', #2229, #109, #2597 ) ;
#4145 = VERTEX_POINT ( 'NONE', #4139 ) ;
#4146 = FILL_AREA_STYLE_COLOUR ( '', #2857 ) ;
#4147 = EDGE_CURVE ( 'NONE', #415, #3009, #2937, .T. ) ;
#4148 = DIRECTION ( 'NONE',  ( -0.0000000000000000000, 1.000000000000000000, -0.0000000000000000000 ) ) ;
#4149 = DIRECTION ( 'NONE',  ( -7.401486830834376525E-17, -1.000000000000000000, -0.0000000000000000000 ) ) ;
#4150 = DIRECTION ( 'NONE',  ( -1.000000000000000000, -0.0000000000000000000, 1.020425574104005355E-16 ) ) ;
#4151 = VECTOR ( 'NONE', #3968, 1000.000000000000000 ) ;
#4152 = PRESENTATION_LAYER_ASSIGNMENT (  '', '', ( #1425 ) ) ;
#4153 = CARTESIAN_POINT ( 'NONE',  ( 77.99999999999998579, 1480.000000000000000, -67.99999999999991473 ) ) ;
#4154 = EDGE_CURVE ( 'NONE', #1973, #23, #2537, .T. ) ;
#4155 = ORIENTED_EDGE ( 'NONE', *, *, #2886, .F. ) ;
#4156 = CARTESIAN_POINT ( 'NONE',  ( -140.0000000000000000, 20.00000000000001776, 7.500000000000013323 ) ) ;
#4157 = STYLED_ITEM ( 'NONE', ( #4057 ), #2984 ) ;
#4158 = ADVANCED_FACE ( 'NONE', ( #515 ), #1956, .F. ) ;
#4159 = ORIENTED_EDGE ( 'NONE', *, *, #1844, .T. ) ;
#4160 = EDGE_CURVE ( 'NONE', #933, #605, #3801, .T. ) ;
#4161 = LINE ( 'NONE', #4364, #3884 ) ;
#4162 =( GEOMETRIC_REPRESENTATION_CONTEXT ( 3 ) GLOBAL_UNCERTAINTY_ASSIGNED_CONTEXT ( ( #3227 ) ) GLOBAL_UNIT_ASSIGNED_CONTEXT ( ( #1396, #2089, #2104 ) ) REPRESENTATION_CONTEXT ( 'NONE', 'WORKASPACE' ) );
#4164 = ORIENTED_EDGE ( 'NONE', *, *, #2593, .T. ) ;
#4163 = DIRECTION ( 'NONE',  ( -0.7071067811865490160, 0.0000000000000000000, 0.7071067811865460184 ) ) ;
#4165 = DIRECTION ( 'NONE',  ( -0.0000000000000000000, 1.000000000000000000, -0.0000000000000000000 ) ) ;
#4166 = VECTOR ( 'NONE', #2472, 1000.000000000000000 ) ;
#4167 = COLOUR_RGB ( '',1.000000000000000000, 1.000000000000000000, 1.000000000000000000 ) ;
#4168 = EDGE_LOOP ( 'NONE', ( #182, #2896 ) ) ;
#4169 = FILL_AREA_STYLE_COLOUR ( '', #1231 ) ;
#4170 = EDGE_CURVE ( 'NONE', #3682, #3861, #3052, .T. ) ;
#4171 = VERTEX_POINT ( 'NONE', #2350 ) ;
#4172 = EDGE_CURVE ( 'NONE', #3266, #3373, #3292, .T. ) ;
#4173 = ORIENTED_EDGE ( 'NONE', *, *, #4233, .T. ) ;
#4174 = DIRECTION ( 'NONE',  ( 0.7071067811865390240, -0.0000000000000000000, 0.7071067811865561215 ) ) ;
#4175 = FACE_OUTER_BOUND ( 'NONE', #2396, .T. ) ;
#4176 = ORIENTED_EDGE ( 'NONE', *, *, #2761, .F. ) ;
#4177 = LINE ( 'NONE', #315, #962 ) ;
#4178 = ORIENTED_EDGE ( 'NONE', *, *, #2203, .F. ) ;
#4179 = CYLINDRICAL_SURFACE ( 'NONE', #596, 7.500000000000007105 ) ;
#4180 = LINE ( 'NONE', #996, #3569 ) ;
#4181 = DIRECTION ( 'NONE',  ( -0.0000000000000000000, 1.000000000000000000, -0.0000000000000000000 ) ) ;
#4182 = LINE ( 'NONE', #1518, #348 ) ;
#4183 = CARTESIAN_POINT ( 'NONE',  ( -140.0000000000000000, 70.00000000000001421, 7.500000000000013323 ) ) ;
#4184 = CARTESIAN_POINT ( 'NONE',  ( 124.9999999999999716, 0.0000000000000000000, -30.00000000000000000 ) ) ;
#4185 = ADVANCED_FACE ( 'NONE', ( #3914 ), #195, .F. ) ;
#4186 = STYLED_ITEM ( 'NONE', ( #2959 ), #1336 ) ;
#4187 = EDGE_LOOP ( 'NONE', ( #1892, #1489, #560, #2440 ) ) ;
#4188 = DIRECTION ( 'NONE',  ( -1.000000000000000000, 1.423415318369119772E-33, 0.0000000000000000000 ) ) ;
#4189 = CARTESIAN_POINT ( 'NONE',  ( -70.00000000000000000, 1500.000000000000000, 98.50000000000000000 ) ) ;
#4190 = AXIS2_PLACEMENT_3D ( 'NONE', #3501, #2393, #983 ) ;
#4191 = CARTESIAN_POINT ( 'NONE',  ( -67.99999999999991473, 20.00000000000000355, 78.00000000000000000 ) ) ;
#4192 = ORIENTED_EDGE ( 'NONE', *, *, #4552, .T. ) ;
#4193 = CARTESIAN_POINT ( 'NONE',  ( 140.0000000000000000, 20.00000000000000000, -150.0000000000000000 ) ) ;
#4194 = DIRECTION ( 'NONE',  ( -0.7071067811865484609, 0.0000000000000000000, -0.7071067811865465735 ) ) ;
#4195 = CARTESIAN_POINT ( 'NONE',  ( -9.950721815702933470E-13, -0.001000000000001000089, 142.5000000000000568 ) ) ;
#4196 = DIRECTION ( 'NONE',  ( -1.000000000000000000, -0.0000000000000000000, 1.020425574104005355E-16 ) ) ;
#4197 = VERTEX_POINT ( 'NONE', #3459 ) ;
#4198 = CYLINDRICAL_SURFACE ( 'NONE', #3648, 4.500000000000003553 ) ;
#4199 = DIRECTION ( 'NONE',  ( -3.888083013051983590E-17, -0.9805806756909201116, -0.1961161351381839890 ) ) ;
#4200 = DIRECTION ( 'NONE',  ( 0.7071067811865455743, -0.0000000000000000000, 0.7071067811865493491 ) ) ;
#4201 = CARTESIAN_POINT ( 'NONE',  ( 124.9999999999999716, 20.00000000000000000, 117.5000000000000000 ) ) ;
#4202 = EDGE_LOOP ( 'NONE', ( #2056, #3105, #62, #1355 ) ) ;
#4203 = VECTOR ( 'NONE', #4533, 1000.000000000000000 ) ;
#4204 = ADVANCED_FACE ( 'NONE', ( #2417, #1035 ), #2317, .T. ) ;
#4205 = VERTEX_POINT ( 'NONE', #3469 ) ;
#4206 = UNCERTAINTY_MEASURE_WITH_UNIT (LENGTH_MEASURE( 1.000000000000000082E-05 ), #4435, 'distance_accuracy_value', 'NONE');
#4207 = CARTESIAN_POINT ( 'NONE',  ( 7.500000000000000000, -0.001000000000001000089, -150.0000000000000284 ) ) ;
#4208 = COLOUR_RGB ( '',1.000000000000000000, 1.000000000000000000, 1.000000000000000000 ) ;
#4209 = EDGE_LOOP ( 'NONE', ( #209, #2262, #2133, #2219 ) ) ;
#4210 = DIRECTION ( 'NONE',  ( -0.0000000000000000000, -1.000000000000000000, -0.0000000000000000000 ) ) ;
#4211 = DIRECTION ( 'NONE',  ( -0.0000000000000000000, -1.000000000000000000, -0.0000000000000000000 ) ) ;
#4212 = DIRECTION ( 'NONE',  ( -0.0000000000000000000, -1.000000000000000000, -0.0000000000000000000 ) ) ;
#4213 = VERTEX_POINT ( 'NONE', #3419 ) ;
#4214 = CARTESIAN_POINT ( 'NONE',  ( -90.00000000000000000, 20.00000000000001776, 7.500000000000013323 ) ) ;
#4215 = DIRECTION ( 'NONE',  ( -0.0000000000000000000, 1.000000000000000000, -0.0000000000000000000 ) ) ;
#4216 = EDGE_LOOP ( 'NONE', ( #428, #2503, #552, #844, #148, #2531, #337, #3812 ) ) ;
#4217 = VECTOR ( 'NONE', #2513, 1000.000000000000000 ) ;
#4218 = DIRECTION ( 'NONE',  ( 0.0000000000000000000, -3.081487911019577365E-33, -1.000000000000000000 ) ) ;
#4219 = EDGE_CURVE ( 'NONE', #3702, #4608, #2306, .T. ) ;
#4220 = ORIENTED_EDGE ( 'NONE', *, *, #831, .F. ) ;
#4221 = ORIENTED_EDGE ( 'NONE', *, *, #1320, .T. ) ;
#4222 = LINE ( 'NONE', #1569, #68 ) ;
#4223 = CYLINDRICAL_SURFACE ( 'NONE', #2815, 5.099999999999993427 ) ;
#4224 =( GEOMETRIC_REPRESENTATION_CONTEXT ( 3 ) GLOBAL_UNCERTAINTY_ASSIGNED_CONTEXT ( ( #4414 ) ) GLOBAL_UNIT_ASSIGNED_CONTEXT ( ( #3820, #1640, #2362 ) ) REPRESENTATION_CONTEXT ( 'NONE', 'WORKASPACE' ) );
#4225 = DIRECTION ( 'NONE',  ( 0.0000000000000000000, 0.0000000000000000000, 1.000000000000000000 ) ) ;
#4226 = DIRECTION ( 'NONE',  ( 0.0000000000000000000, 0.0000000000000000000, 1.000000000000000000 ) ) ;
#4227 = ORIENTED_EDGE ( 'NONE', *, *, #863, .F. ) ;
#4228 = ORIENTED_EDGE ( 'NONE', *, *, #3991, .T. ) ;
#4229 = ADVANCED_FACE ( 'NONE', ( #1968 ), #3056, .F. ) ;
#4230 = SURFACE_STYLE_FILL_AREA ( #1517 ) ;
#4231 =( NAMED_UNIT ( * ) SI_UNIT ( $, .STERADIAN. ) SOLID_ANGLE_UNIT ( ) );
#4232 = DIRECTION ( 'NONE',  ( -0.7071067811865414665, 0.0000000000000000000, -0.7071067811865536790 ) ) ;
#4233 = EDGE_CURVE ( 'NONE', #912, #2902, #3553, .T. ) ;
#4234 = EDGE_CURVE ( 'NONE', #2244, #4391, #1611, .T. ) ;
#4235 = DIRECTION ( 'NONE',  ( -0.0000000000000000000, 1.000000000000000000, -0.0000000000000000000 ) ) ;
#4236 = ORIENTED_EDGE ( 'NONE', *, *, #3350, .F. ) ;
#4237 = LINE ( 'NONE', #2672, #2346 ) ;
#4238 = AXIS2_PLACEMENT_3D ( 'NONE', #891, #2697, #2319 ) ;
#4239 = AXIS2_PLACEMENT_3D ( 'NONE', #3482, #2315, #4532 ) ;
#4240 = EDGE_LOOP ( 'NONE', ( #2849, #2110 ) ) ;
#4241 = DIRECTION ( 'NONE',  ( 0.0000000000000000000, 0.0000000000000000000, -1.000000000000000000 ) ) ;
#4242 = AXIS2_PLACEMENT_3D ( 'NONE', #2935, #747, #1109 ) ;
#4243 = EDGE_CURVE ( 'NONE', #1495, #1523, #2284, .T. ) ;
#4244 = ORIENTED_EDGE ( 'NONE', *, *, #3357, .T. ) ;
#4245 = COLOUR_RGB ( '',1.000000000000000000, 1.000000000000000000, 1.000000000000000000 ) ;
#4246 = CARTESIAN_POINT ( 'NONE',  ( 140.0000000000000000, 70.00000000000001421, 7.499999999999985789 ) ) ;
#4247 = ORIENTED_EDGE ( 'NONE', *, *, #3925, .F. ) ;
#4248 = CARTESIAN_POINT ( 'NONE',  ( -30.00000000000001421, 20.00000000000000000, -128.3999999999999773 ) ) ;
#4249 = ADVANCED_FACE ( 'NONE', ( #1276 ), #280, .F. ) ;
#4250 = ORIENTED_EDGE ( 'NONE', *, *, #2768, .F. ) ;
#4251 = DIRECTION ( 'NONE',  ( -1.000000000000000000, -0.0000000000000000000, -0.0000000000000000000 ) ) ;
#4252 = SURFACE_SIDE_STYLE ('',( #3057 ) ) ;
#4253 = DIRECTION ( 'NONE',  ( -0.0000000000000000000, -0.0000000000000000000, -1.000000000000000000 ) ) ;
#4254 = CARTESIAN_POINT ( 'NONE',  ( 30.00000000000000000, 0.0000000000000000000, -125.0000000000000000 ) ) ;
#4255 = EDGE_CURVE ( 'NONE', #1542, #3373, #1879, .T. ) ;
#4256 = AXIS2_PLACEMENT_3D ( 'NONE', #56, #2909, #1475 ) ;
#4257 = ORIENTED_EDGE ( 'NONE', *, *, #4658, .F. ) ;
#4258 = CARTESIAN_POINT ( 'NONE',  ( -124.9999999999999716, 0.0000000000000000000, -117.5000000000000142 ) ) ;
#4259 = CARTESIAN_POINT ( 'NONE',  ( 124.9999999999999716, 20.00000000000000000, 125.0000000000000000 ) ) ;
#4260 = DIRECTION ( 'NONE',  ( -0.0000000000000000000, 1.000000000000000000, -0.0000000000000000000 ) ) ;
#4261 = CARTESIAN_POINT ( 'NONE',  ( 7.500000000000000000, 20.00000000000003197, 89.99999999999998579 ) ) ;
#4262 = LINE ( 'NONE', #240, #4203 ) ;
#4263 = PRESENTATION_STYLE_ASSIGNMENT (( #4058 ) ) ;
#4264 = EDGE_LOOP ( 'NONE', ( #4439, #4227, #3307, #4623 ) ) ;
#4265 = CARTESIAN_POINT ( 'NONE',  ( -90.00000000000000000, 20.00000000000000355, 69.99999999999985789 ) ) ;
#4266 = CARTESIAN_POINT ( 'NONE',  ( 90.00000000000000000, 1480.000000000000000, 90.00000000000000000 ) ) ;
#4267 = ORIENTED_EDGE ( 'NONE', *, *, #1576, .T. ) ;
#4268 = AXIS2_PLACEMENT_3D ( 'NONE', #632, #331, #2083 ) ;
#4269 = EDGE_LOOP ( 'NONE', ( #2085, #3417, #14, #1906 ) ) ;
#4270 = DIRECTION ( 'NONE',  ( 0.1961161351381840445, -0.9805806756909202226, -1.540743955509788511E-33 ) ) ;
#4271 = PRESENTATION_LAYER_ASSIGNMENT (  '', '', ( #2557 ) ) ;
#4273 = ORIENTED_EDGE ( 'NONE', *, *, #51, .T. ) ;
#4272 = CARTESIAN_POINT ( 'NONE',  ( -69.99999999999998579, 1480.000000000000000, 69.99999999999998579 ) ) ;
#4274 = PLANE ( 'NONE',  #1468 ) ;
#4275 = ORIENTED_EDGE ( 'NONE', *, *, #2938, .T. ) ;
#4276 = ADVANCED_FACE ( 'NONE', ( #3830 ), #2823, .F. ) ;
#4277 = LINE ( 'NONE', #4399, #887 ) ;
#4278 = SURFACE_STYLE_USAGE ( .BOTH. , #1384 ) ;
#4279 = PLANE ( 'NONE',  #1918 ) ;
#4280 = ORIENTED_EDGE ( 'NONE', *, *, #2457, .T. ) ;
#4281 = CIRCLE ( 'NONE', #4256, 4.499999999999990230 ) ;
#4282 = FILL_AREA_STYLE_COLOUR ( '', #4340 ) ;
#4283 = FACE_OUTER_BOUND ( 'NONE', #1111, .T. ) ;
#4284 = VERTEX_POINT ( 'NONE', #3889 ) ;
#4285 = ORIENTED_EDGE ( 'NONE', *, *, #1247, .T. ) ;
#4286 = EDGE_CURVE ( 'NONE', #4145, #4014, #1059, .T. ) ;
#4287 = EDGE_LOOP ( 'NONE', ( #2385, #4501 ) ) ;
#4288 = LINE ( 'NONE', #2204, #1510 ) ;
#4289 = DIRECTION ( 'NONE',  ( -0.0000000000000000000, 1.000000000000000000, -0.0000000000000000000 ) ) ;
#4290 = ORIENTED_EDGE ( 'NONE', *, *, #2668, .T. ) ;
#4291 = CARTESIAN_POINT ( 'NONE',  ( -7.500000000000000000, 20.00000000000003197, -89.99999999999998579 ) ) ;
#4292 = FACE_BOUND ( 'NONE', #1697, .T. ) ;
#4293 = VERTEX_POINT ( 'NONE', #2376 ) ;
#4294 = AXIS2_PLACEMENT_3D ( 'NONE', #963, #3472, #565 ) ;
#4295 = FILL_AREA_STYLE_COLOUR ( '', #2344 ) ;
#4296 = DIRECTION ( 'NONE',  ( -3.081487911019576681E-33, 1.540743955509788682E-33, 1.000000000000000000 ) ) ;
#4297 = SURFACE_STYLE_USAGE ( .BOTH. , #2487 ) ;
#4298 = CARTESIAN_POINT ( 'NONE',  ( -124.9999999999999432, 1500.000000000000000, -114.9999999999999574 ) ) ;
#4299 = ORIENTED_EDGE ( 'NONE', *, *, #834, .F. ) ;
#4300 = SURFACE_SIDE_STYLE ('',( #579 ) ) ;
#4301 = CARTESIAN_POINT ( 'NONE',  ( -140.0000000000000000, 20.00000000000001776, 7.500000000000013323 ) ) ;
#4302 = CARTESIAN_POINT ( 'NONE',  ( 90.00000000000000000, 1500.000000000000000, 90.00000000000000000 ) ) ;
#4303 = EDGE_LOOP ( 'NONE', ( #4519, #744 ) ) ;
#4304 = EDGE_CURVE ( 'NONE', #23, #3942, #3888, .T. ) ;
#4305 = DIRECTION ( 'NONE',  ( -0.7071067811865474617, 0.0000000000000000000, 0.7071067811865474617 ) ) ;
#4306 = DIRECTION ( 'NONE',  ( -0.0000000000000000000, 1.000000000000000000, -0.0000000000000000000 ) ) ;
#4307 = DIRECTION ( 'NONE',  ( -0.0000000000000000000, 1.000000000000000000, 0.0000000000000000000 ) ) ;
#4308 = CARTESIAN_POINT ( 'NONE',  ( -90.00000000000000000, 1480.000000000000000, 84.90000000000000568 ) ) ;
#4309 = VECTOR ( 'NONE', #97, 1000.000000000000000 ) ;
#4310 = EDGE_CURVE ( 'NONE', #1169, #483, #2856, .T. ) ;
#4311 = CARTESIAN_POINT ( 'NONE',  ( 90.00000000000000000, 1500.000000000000000, -90.00000000000000000 ) ) ;
#4312 = VERTEX_POINT ( 'NONE', #3119 ) ;
#4313 = DIRECTION ( 'NONE',  ( 0.0000000000000000000, 0.0000000000000000000, 1.000000000000000000 ) ) ;
#4314 = CARTESIAN_POINT ( 'NONE',  ( -7.500000000000000000, 220.0000000000000284, 89.99999999999998579 ) ) ;
#4315 = CARTESIAN_POINT ( 'NONE',  ( -7.499999999999989342, 20.00000000000001776, 139.9999999999999716 ) ) ;
#4316 = EDGE_CURVE ( 'NONE', #2770, #3013, #1680, .T. ) ;
#4317 = AXIS2_PLACEMENT_3D ( 'NONE', #4261, #4670, #1036 ) ;
#4318 = EDGE_CURVE ( 'NONE', #3167, #4666, #3854, .T. ) ;
#4319 = ADVANCED_FACE ( 'NONE', ( #3619 ), #3636, .F. ) ;
#4320 = VECTOR ( 'NONE', #1735, 1000.000000000000000 ) ;
#4321 = VECTOR ( 'NONE', #3061, 1000.000000000000000 ) ;
#4322 =( LENGTH_UNIT ( ) NAMED_UNIT ( * ) SI_UNIT ( .MILLI., .METRE. ) );
#4323 = MANIFOLD_SOLID_BREP ( 'Ø6.0mm Dowel Hole1', #3785 ) ;
#4324 = CARTESIAN_POINT ( 'NONE',  ( -7.500000000000007105, 20.00000000000001776, -139.9999999999999716 ) ) ;
#4325 = AXIS2_PLACEMENT_3D ( 'NONE', #3191, #3208, #3570 ) ;
#4326 = ORIENTED_EDGE ( 'NONE', *, *, #2304, .F. ) ;
#4327 = VECTOR ( 'NONE', #2933, 1000.000000000000000 ) ;
#4328 = CARTESIAN_POINT ( 'NONE',  ( 30.00000000000001421, 0.0000000000000000000, 128.3999999999999773 ) ) ;
#4329 = PRODUCT_DEFINITION_SHAPE ( 'NONE', 'NONE',  #4673 ) ;
#4330 = ORIENTED_EDGE ( 'NONE', *, *, #505, .F. ) ;
#4331 = VECTOR ( 'NONE', #1297, 1000.000000000000000 ) ;
#4332 = AXIS2_PLACEMENT_3D ( 'NONE', #519, #1241, #3786 ) ;
#4333 = MECHANICAL_DESIGN_GEOMETRIC_PRESENTATION_REPRESENTATION (  '', ( #2721 ), #611 ) ;
#4334 = DIRECTION ( 'NONE',  ( -0.7071067811865480168, 0.0000000000000000000, 0.7071067811865470176 ) ) ;
#4335 = ORIENTED_EDGE ( 'NONE', *, *, #3457, .F. ) ;
#4336 = CIRCLE ( 'NONE', #1976, 4.500000000000003553 ) ;
#4337 = AXIS2_PLACEMENT_3D ( 'NONE', #1037, #2411, #303 ) ;
#4338 = AXIS2_PLACEMENT_3D ( 'NONE', #861, #3692, #2243 ) ;
#4339 = LINE ( 'NONE', #4130, #3267 ) ;
#4340 = COLOUR_RGB ( '',1.000000000000000000, 1.000000000000000000, 1.000000000000000000 ) ;
#4341 = ORIENTED_EDGE ( 'NONE', *, *, #4490, .T. ) ;
#4342 = DIRECTION ( 'NONE',  ( -0.0000000000000000000, 1.000000000000000000, -0.0000000000000000000 ) ) ;
#4343 = EDGE_CURVE ( 'NONE', #605, #933, #944, .T. ) ;
#4344 = VERTEX_POINT ( 'NONE', #2128 ) ;
#4345 = LINE ( 'NONE', #1057, #1564 ) ;
#4346 = CIRCLE ( 'NONE', #2375, 9.999999999999994671 ) ;
#4347 = LINE ( 'NONE', #865, #2124 ) ;
#4348 = ADVANCED_FACE ( 'NONE', ( #4476 ), #3413, .F. ) ;
#4349 = CIRCLE ( 'NONE', #2585, 62.50000000000000000 ) ;
#4350 = LINE ( 'NONE', #3054, #2403 ) ;
#4351 = PRESENTATION_STYLE_ASSIGNMENT (( #4297 ) ) ;
#4352 = DIRECTION ( 'NONE',  ( -0.0000000000000000000, 1.000000000000000000, -0.0000000000000000000 ) ) ;
#4353 = ORIENTED_EDGE ( 'NONE', *, *, #440, .T. ) ;
#4354 = DIRECTION ( 'NONE',  ( -0.0000000000000000000, 1.000000000000000000, -0.0000000000000000000 ) ) ;
#4355 = CARTESIAN_POINT ( 'NONE',  ( 124.9999999999999716, 20.00000000000000000, -125.0000000000000000 ) ) ;
#4356 = CLOSED_SHELL ( 'NONE', ( #3209, #4114, #261, #2406, #3625, #648, #867 ) ) ;
#4357 = AXIS2_PLACEMENT_3D ( 'NONE', #4588, #985, #1375 ) ;
#4358 = CARTESIAN_POINT ( 'NONE',  ( 7.500000000000000000, 20.00000000000003197, -89.99999999999998579 ) ) ;
#4359 = ORIENTED_EDGE ( 'NONE', *, *, #935, .T. ) ;
#4360 =( GEOMETRIC_REPRESENTATION_CONTEXT ( 3 ) GLOBAL_UNCERTAINTY_ASSIGNED_CONTEXT ( ( #4554 ) ) GLOBAL_UNIT_ASSIGNED_CONTEXT ( ( #4425, #136, #3759 ) ) REPRESENTATION_CONTEXT ( 'NONE', 'WORKASPACE' ) );
#4361 = VECTOR ( 'NONE', #3367, 1000.000000000000000 ) ;
#4362 = ORIENTED_EDGE ( 'NONE', *, *, #4636, .F. ) ;
#4363 = CARTESIAN_POINT ( 'NONE',  ( -90.00000000000000000, 1500.000000000000000, 90.00000000000000000 ) ) ;
#4364 = CARTESIAN_POINT ( 'NONE',  ( 7.500000000000009770, 20.00000000000001776, 139.9999999999999716 ) ) ;
#4365 =( GEOMETRIC_REPRESENTATION_CONTEXT ( 3 ) GLOBAL_UNCERTAINTY_ASSIGNED_CONTEXT ( ( #91 ) ) GLOBAL_UNIT_ASSIGNED_CONTEXT ( ( #2419, #1394, #4663 ) ) REPRESENTATION_CONTEXT ( 'NONE', 'WORKASPACE' ) );
#4366 = ORIENTED_EDGE ( 'NONE', *, *, #1646, .F. ) ;
#4367 = DIRECTION ( 'NONE',  ( 0.0000000000000000000, 0.0000000000000000000, 1.000000000000000000 ) ) ;
#4368 = CARTESIAN_POINT ( 'NONE',  ( 90.00000000000000000, 1455.000000000000000, -47.49999999999994316 ) ) ;
#4369 = EDGE_LOOP ( 'NONE', ( #2234, #3560, #1380, #2185 ) ) ;
#4370 = EDGE_CURVE ( 'NONE', #1202, #170, #3808, .T. ) ;
#4371 = FACE_OUTER_BOUND ( 'NONE', #950, .T. ) ;
#4372 = AXIS2_PLACEMENT_3D ( 'NONE', #3680, #1847, #2207 ) ;
#4373 = CYLINDRICAL_SURFACE ( 'NONE', #1566, 4.500000000000003553 ) ;
#4374 = ORIENTED_EDGE ( 'NONE', *, *, #4172, .T. ) ;
#4376 = ORIENTED_EDGE ( 'NONE', *, *, #1117, .T. ) ;
#4375 =( NAMED_UNIT ( * ) SI_UNIT ( $, .STERADIAN. ) SOLID_ANGLE_UNIT ( ) );
#4377 = CARTESIAN_POINT ( 'NONE',  ( 124.9999999999999716, 20.00000000000000000, 132.5000000000000000 ) ) ;
#4378 = ORIENTED_EDGE ( 'NONE', *, *, #2126, .F. ) ;
#4379 = EDGE_CURVE ( 'NONE', #3112, #4434, #635, .T. ) ;
#4380 = VECTOR ( 'NONE', #2131, 1000.000000000000000 ) ;
#4381 = DIRECTION ( 'NONE',  ( -0.0000000000000000000, 1.000000000000000000, -0.0000000000000000000 ) ) ;
#4382 = ORIENTED_EDGE ( 'NONE', *, *, #3654, .T. ) ;
#4383 = CARTESIAN_POINT ( 'NONE',  ( 90.00000000000000000, 19.99999999999998934, -7.500000000000013323 ) ) ;
#4384 = VECTOR ( 'NONE', #4628, 1000.000000000000000 ) ;
#4385 = DIRECTION ( 'NONE',  ( 0.0000000000000000000, 0.0000000000000000000, 1.000000000000000000 ) ) ;
#4386 = EDGE_LOOP ( 'NONE', ( #3291, #2199, #2080, #1726 ) ) ;
#4387 = CARTESIAN_POINT ( 'NONE',  ( 90.00000000000000000, 1455.000000000000000, 45.00000000000000000 ) ) ;
#4388 = VECTOR ( 'NONE', #2600, 1000.000000000000227 ) ;
#4389 = ADVANCED_FACE ( 'NONE', ( #696 ), #3224, .T. ) ;
#4390 = VECTOR ( 'NONE', #4462, 1000.000000000000114 ) ;
#4391 = VERTEX_POINT ( 'NONE', #31 ) ;
#4392 = EDGE_LOOP ( 'NONE', ( #3331, #1310, #4155, #477 ) ) ;
#4393 = AXIS2_PLACEMENT_3D ( 'NONE', #1519, #3287, #4367 ) ;
#4394 = CARTESIAN_POINT ( 'NONE',  ( -145.0000000000000284, 20.00000000000000000, -145.0000000000000568 ) ) ;
#4395 = ORIENTED_EDGE ( 'NONE', *, *, #1696, .T. ) ;
#4396 = LINE ( 'NONE', #3814, #4634 ) ;
#4397 = VECTOR ( 'NONE', #1676, 1000.000000000000000 ) ;
#4398 = EDGE_CURVE ( 'NONE', #3346, #2290, #4597, .T. ) ;
#4399 = CARTESIAN_POINT ( 'NONE',  ( -124.9999999999999716, 20.00000000000000000, -34.49999999999999289 ) ) ;
#4400 = CARTESIAN_POINT ( 'NONE',  ( -70.00000000000000000, 1499.500000000000000, 98.00000000000000000 ) ) ;
#4401 = ORIENTED_EDGE ( 'NONE', *, *, #2572, .T. ) ;
#4402 = AXIS2_PLACEMENT_3D ( 'NONE', #1323, #938, #3470 ) ;
#4403 = FACE_BOUND ( 'NONE', #1165, .T. ) ;
#4404 = LINE ( 'NONE', #502, #3675 ) ;
#4405 = LINE ( 'NONE', #1220, #613 ) ;
#4406 = EDGE_CURVE ( 'NONE', #3770, #342, #3641, .T. ) ;
#4407 =( LENGTH_UNIT ( ) NAMED_UNIT ( * ) SI_UNIT ( .MILLI., .METRE. ) );
#4408 = CARTESIAN_POINT ( 'NONE',  ( 77.99999999999998579, 1455.000000000000000, -45.00000000000000000 ) ) ;
#4409 = AXIS2_PLACEMENT_3D ( 'NONE', #3931, #1381, #341 ) ;
#4410 = CARTESIAN_POINT ( 'NONE',  ( -124.9999999999999716, 20.00000000000000000, -117.5000000000000142 ) ) ;
#4411 = ORIENTED_EDGE ( 'NONE', *, *, #2355, .T. ) ;
#4412 = EDGE_CURVE ( 'NONE', #3543, #2008, #572, .T. ) ;
#4413 = AXIS2_PLACEMENT_3D ( 'NONE', #4010, #1805, #1823 ) ;
#4414 = UNCERTAINTY_MEASURE_WITH_UNIT (LENGTH_MEASURE( 1.000000000000000082E-05 ), #3820, 'distance_accuracy_value', 'NONE');
#4415 = EDGE_CURVE ( 'NONE', #768, #3143, #2142, .T. ) ;
#4416 = CARTESIAN_POINT ( 'NONE',  ( 78.00000000000000000, 1480.000000000000000, 67.99999999999990052 ) ) ;
#4417 = CARTESIAN_POINT ( 'NONE',  ( 62.49999999999997868, 1500.000000000000000, 0.0000000000000000000 ) ) ;
#4418 = FILL_AREA_STYLE_COLOUR ( '', #1942 ) ;
#4419 = VERTEX_POINT ( 'NONE', #1822 ) ;
#4420 = CARTESIAN_POINT ( 'NONE',  ( -90.00000000000000000, 20.00000000000001776, -7.499999999999985789 ) ) ;
#4421 = CARTESIAN_POINT ( 'NONE',  ( 90.00000000000000000, 19.99999999999998934, -7.500000000000013323 ) ) ;
#4422 = CARTESIAN_POINT ( 'NONE',  ( -90.00000000000000000, 1500.000000000000000, -90.00000000000000000 ) ) ;
#4423 = EDGE_LOOP ( 'NONE', ( #4178, #2166, #695, #4631 ) ) ;
#4424 = ADVANCED_FACE ( 'NONE', ( #1528 ), #1091, .F. ) ;
#4425 =( LENGTH_UNIT ( ) NAMED_UNIT ( * ) SI_UNIT ( .MILLI., .METRE. ) );
#4426 = AXIS2_PLACEMENT_3D ( 'NONE', #4039, #4078, #503 ) ;
#4427 = VECTOR ( 'NONE', #1100, 1000.000000000000000 ) ;
#4428 = AXIS2_PLACEMENT_3D ( 'NONE', #3695, #438, #2208 ) ;
#4429 = FACE_OUTER_BOUND ( 'NONE', #825, .T. ) ;
#4430 = AXIS2_PLACEMENT_3D ( 'NONE', #1002, #614, #2016 ) ;
#4431 = ORIENTED_EDGE ( 'NONE', *, *, #1157, .T. ) ;
#4432 = CYLINDRICAL_SURFACE ( 'NONE', #4337, 4.499999999999990230 ) ;
#4433 = FACE_OUTER_BOUND ( 'NONE', #224, .T. ) ;
#4434 = VERTEX_POINT ( 'NONE', #3637 ) ;
#4435 =( LENGTH_UNIT ( ) NAMED_UNIT ( * ) SI_UNIT ( .MILLI., .METRE. ) );
#4436 = CARTESIAN_POINT ( 'NONE',  ( 149.9999999999999716, 0.0000000000000000000, -139.9999999999999716 ) ) ;
#4437 = ORIENTED_EDGE ( 'NONE', *, *, #2019, .T. ) ;
#4438 = DIRECTION ( 'NONE',  ( -1.000000000000000000, 0.0000000000000000000, 6.033820786006285224E-17 ) ) ;
#4439 = ORIENTED_EDGE ( 'NONE', *, *, #4622, .F. ) ;
#4440 =( GEOMETRIC_REPRESENTATION_CONTEXT ( 3 ) GLOBAL_UNCERTAINTY_ASSIGNED_CONTEXT ( ( #1737 ) ) GLOBAL_UNIT_ASSIGNED_CONTEXT ( ( #3002, #1521, #2989 ) ) REPRESENTATION_CONTEXT ( 'NONE', 'WORKASPACE' ) );
#4441 = LINE ( 'NONE', #416, #3486 ) ;
#4442 = LINE ( 'NONE', #3506, #2448 ) ;
#4443 = ADVANCED_FACE ( 'NONE', ( #1589 ), #1852, .F. ) ;
#4444 = EDGE_LOOP ( 'NONE', ( #4133, #3192, #3649, #2742 ) ) ;
#4446 = ORIENTED_EDGE ( 'NONE', *, *, #4131, .F. ) ;
#4445 = CARTESIAN_POINT ( 'NONE',  ( 110.0000000000000000, 220.0000000000000568, -7.500000000000013323 ) ) ;
#4447 = CARTESIAN_POINT ( 'NONE',  ( -9.950721815702933470E-13, 20.00000000000000000, 142.5000000000000568 ) ) ;
#4448 = VERTEX_POINT ( 'NONE', #410 ) ;
#4449 = FACE_OUTER_BOUND ( 'NONE', #4369, .T. ) ;
#4450 = VECTOR ( 'NONE', #1434, 1000.000000000000000 ) ;
#4451 = EDGE_CURVE ( 'NONE', #4610, #4508, #149, .T. ) ;
#4452 = ORIENTED_EDGE ( 'NONE', *, *, #247, .F. ) ;
#4453 = FACE_OUTER_BOUND ( 'NONE', #2379, .T. ) ;
#4454 = DIRECTION ( 'NONE',  ( 0.7071067811865474617, -0.0000000000000000000, -0.7071067811865474617 ) ) ;
#4455 = CIRCLE ( 'NONE', #3731, 2.999999999999988898 ) ;
#4456 = CIRCLE ( 'NONE', #2198, 3.400000000000000355 ) ;
#4457 = PRESENTATION_LAYER_ASSIGNMENT (  '', '', ( #3976 ) ) ;
#4458 = DIRECTION ( 'NONE',  ( -1.000000000000000000, 0.0000000000000000000, 0.0000000000000000000 ) ) ;
#4459 = FACE_OUTER_BOUND ( 'NONE', #4513, .T. ) ;
#4460 = CARTESIAN_POINT ( 'NONE',  ( 125.0000000000000568, 1500.000000000000000, 115.0000000000000142 ) ) ;
#4461 = VECTOR ( 'NONE', #4104, 1000.000000000000000 ) ;
#4462 = DIRECTION ( 'NONE',  ( 0.7071067811865474617, -0.0000000000000000000, -0.7071067811865474617 ) ) ;
#4463 = SURFACE_STYLE_USAGE ( .BOTH. , #852 ) ;
#4464 = ORIENTED_EDGE ( 'NONE', *, *, #3094, .T. ) ;
#4465 = EDGE_CURVE ( 'NONE', #340, #859, #924, .T. ) ;
#4466 = CARTESIAN_POINT ( 'NONE',  ( 124.9999999999999716, 0.0000000000000000000, 132.5000000000000000 ) ) ;
#4467 = DIRECTION ( 'NONE',  ( 1.000000000000000000, -0.0000000000000000000, -0.0000000000000000000 ) ) ;
#4468 = DIRECTION ( 'NONE',  ( -0.0000000000000000000, -1.000000000000000000, -0.0000000000000000000 ) ) ;
#4469 = UNCERTAINTY_MEASURE_WITH_UNIT (LENGTH_MEASURE( 1.000000000000000082E-05 ), #1, 'distance_accuracy_value', 'NONE');
#4470 = CARTESIAN_POINT ( 'NONE',  ( 140.0000000000000000, 19.99999999999998934, -7.500000000000013323 ) ) ;
#4471 = PRODUCT_DEFINITION_SHAPE ( 'NONE', 'NONE',  #1536 ) ;
#4472 = EDGE_CURVE ( 'NONE', #2389, #439, #1313, .T. ) ;
#4473 = AXIS2_PLACEMENT_3D ( 'NONE', #4074, #2265, #161 ) ;
#4474 = VERTEX_POINT ( 'NONE', #2952 ) ;
#4475 = DIRECTION ( 'NONE',  ( -0.0000000000000000000, 1.000000000000000000, -0.0000000000000000000 ) ) ;
#4476 = FACE_OUTER_BOUND ( 'NONE', #3083, .T. ) ;
#4477 = DIRECTION ( 'NONE',  ( -0.0000000000000000000, 1.000000000000000000, -0.0000000000000000000 ) ) ;
#4478 = CARTESIAN_POINT ( 'NONE',  ( -124.9999999999999716, 20.00000000000000000, -125.0000000000000000 ) ) ;
#4479 = AXIS2_PLACEMENT_3D ( 'NONE', #3342, #3704, #3360 ) ;
#4480 = ORIENTED_EDGE ( 'NONE', *, *, #863, .T. ) ;
#4481 = AXIS2_PLACEMENT_3D ( 'NONE', #1740, #2092, #328 ) ;
#4482 = FACE_OUTER_BOUND ( 'NONE', #3340, .T. ) ;
#4483 = CARTESIAN_POINT ( 'NONE',  ( 70.00000000000000000, 1480.000000000000000, -97.99999999999998579 ) ) ;
#4484 = CARTESIAN_POINT ( 'NONE',  ( -140.0000000000000000, 0.0000000000000000000, 150.0000000000000000 ) ) ;
#4485 = CARTESIAN_POINT ( 'NONE',  ( 90.00000000000000000, 1500.000000000000000, -95.09999999999999432 ) ) ;
#4486 = EDGE_LOOP ( 'NONE', ( #2395, #641, #1603, #1390 ) ) ;
#4487 = AXIS2_PLACEMENT_3D ( 'NONE', #2982, #465, #894 ) ;
#4488 = CARTESIAN_POINT ( 'NONE',  ( -7.500000000000005329, 220.0000000000000284, -109.9999999999999858 ) ) ;
#4489 = ORIENTED_EDGE ( 'NONE', *, *, #3199, .F. ) ;
#4490 = EDGE_CURVE ( 'NONE', #2103, #3693, #2255, .T. ) ;
#4491 = CARTESIAN_POINT ( 'NONE',  ( 150.0000000000000284, 20.00000000000000000, 139.9999999999999716 ) ) ;
#4492 = MECHANICAL_DESIGN_GEOMETRIC_PRESENTATION_REPRESENTATION (  '', ( #2191 ), #767 ) ;
#4493 = LINE ( 'NONE', #2541, #2727 ) ;
#4494 = ORIENTED_EDGE ( 'NONE', *, *, #3989, .F. ) ;
#4495 = ORIENTED_EDGE ( 'NONE', *, *, #2415, .F. ) ;
#4496 = EDGE_LOOP ( 'NONE', ( #3742, #3263, #3564, #390 ) ) ;
#4497 = DIRECTION ( 'NONE',  ( 0.7071067811865484609, 0.0000000000000000000, -0.7071067811865465735 ) ) ;
#4498 = DIRECTION ( 'NONE',  ( 0.0000000000000000000, 1.000000000000000000, 0.0000000000000000000 ) ) ;
#4499 = VECTOR ( 'NONE', #2830, 1000.000000000000000 ) ;
#4500 = VECTOR ( 'NONE', #2827, 1000.000000000000000 ) ;
#4501 = ORIENTED_EDGE ( 'NONE', *, *, #2696, .F. ) ;
#4502 = CARTESIAN_POINT ( 'NONE',  ( 30.00000000000000000, 0.0000000000000000000, -129.5000000000000000 ) ) ;
#4503 = LINE ( 'NONE', #991, #3550 ) ;
#4504 = EDGE_CURVE ( 'NONE', #547, #1472, #3356, .T. ) ;
#4505 = CIRCLE ( 'NONE', #2291, 3.400000000000000355 ) ;
#4506 = VERTEX_POINT ( 'NONE', #4483 ) ;
#4507 = CARTESIAN_POINT ( 'NONE',  ( 0.0000000000000000000, -0.001000000000001000089, -142.5000000000000568 ) ) ;
#4508 = VERTEX_POINT ( 'NONE', #1205 ) ;
#4509 = CIRCLE ( 'NONE', #3782, 7.499999999999992895 ) ;
#4510 = FACE_OUTER_BOUND ( 'NONE', #2338, .T. ) ;
#4511 = CARTESIAN_POINT ( 'NONE',  ( -124.9999999999999716, 20.00000000000000000, -30.00000000000000000 ) ) ;
#4512 = VERTEX_POINT ( 'NONE', #1237 ) ;
#4513 = EDGE_LOOP ( 'NONE', ( #541, #26, #2491, #1729 ) ) ;
#4514 = VERTEX_POINT ( 'NONE', #1901 ) ;
#4515 = SURFACE_STYLE_FILL_AREA ( #900 ) ;
#4516 = FILL_AREA_STYLE ('',( #4146 ) ) ;
#4517 = DIRECTION ( 'NONE',  ( 0.0000000000000000000, 1.000000000000000000, 0.0000000000000000000 ) ) ;
#4518 = PLANE ( 'NONE',  #1637 ) ;
#4519 = ORIENTED_EDGE ( 'NONE', *, *, #1068, .F. ) ;
#4520 = FACE_BOUND ( 'NONE', #3621, .T. ) ;
#4521 = AXIS2_PLACEMENT_3D ( 'NONE', #1203, #3739, #1950 ) ;
#4522 =( NAMED_UNIT ( * ) SI_UNIT ( $, .STERADIAN. ) SOLID_ANGLE_UNIT ( ) );
#4523 = LINE ( 'NONE', #4559, #2012 ) ;
#4524 = CARTESIAN_POINT ( 'NONE',  ( -149.9999999999999432, 0.0000000000000000000, -7.500000000001570299 ) ) ;
#4525 = ORIENTED_EDGE ( 'NONE', *, *, #1844, .F. ) ;
#4526 = CARTESIAN_POINT ( 'NONE',  ( 150.0000000000000568, 0.0000000000000000000, -7.499999999999475975 ) ) ;
#4527 = ORIENTED_EDGE ( 'NONE', *, *, #440, .F. ) ;
#4528 = DIRECTION ( 'NONE',  ( 0.0000000000000000000, 0.0000000000000000000, -1.000000000000000000 ) ) ;
#4529 = EDGE_CURVE ( 'NONE', #3577, #3797, #255, .T. ) ;
#4530 = CARTESIAN_POINT ( 'NONE',  ( 90.00000000000000000, 1455.000000000000000, 42.50000000000004974 ) ) ;
#4531 = MECHANICAL_DESIGN_GEOMETRIC_PRESENTATION_REPRESENTATION (  '', ( #4038 ), #4135 ) ;
#4532 = DIRECTION ( 'NONE',  ( 0.0000000000000000000, 0.0000000000000000000, -1.000000000000000000 ) ) ;
#4533 = DIRECTION ( 'NONE',  ( 1.000000000000000000, -0.0000000000000000000, -0.0000000000000000000 ) ) ;
#4534 = AXIS2_PLACEMENT_3D ( 'NONE', #578, #267, #4601 ) ;
#4535 = VERTEX_POINT ( 'NONE', #1189 ) ;
#4536 = DIRECTION ( 'NONE',  ( 0.0000000000000000000, 1.000000000000000000, 0.0000000000000000000 ) ) ;
#4537 = ADVANCED_FACE ( 'NONE', ( #3473 ), #468, .F. ) ;
#4538 = SHAPE_DEFINITION_REPRESENTATION ( #4471, #3994 ) ;
#4539 = VERTEX_POINT ( 'NONE', #3014 ) ;
#4540 = SURFACE_SIDE_STYLE ('',( #1722 ) ) ;
#4541 = PLANE ( 'NONE',  #4582 ) ;
#4542 = DIRECTION ( 'NONE',  ( 0.0000000000000000000, 0.0000000000000000000, 1.000000000000000000 ) ) ;
#4543 = ORIENTED_EDGE ( 'NONE', *, *, #3932, .F. ) ;
#4544 = DIRECTION ( 'NONE',  ( -0.0000000000000000000, 1.000000000000000000, -0.0000000000000000000 ) ) ;
#4545 = AXIS2_PLACEMENT_3D ( 'NONE', #3490, #3065, #2326 ) ;
#4546 = DIRECTION ( 'NONE',  ( 0.0000000000000000000, -0.0000000000000000000, 1.000000000000000000 ) ) ;
#4547 = FILL_AREA_STYLE_COLOUR ( '', #4112 ) ;
#4548 = EDGE_CURVE ( 'NONE', #3402, #3447, #2889, .T. ) ;
#4549 = FACE_OUTER_BOUND ( 'NONE', #1578, .T. ) ;
#4550 = ORIENTED_EDGE ( 'NONE', *, *, #1873, .T. ) ;
#4551 = LINE ( 'NONE', #2833, #4320 ) ;
#4552 = EDGE_CURVE ( 'NONE', #3197, #3295, #4662, .T. ) ;
#4553 = VECTOR ( 'NONE', #366, 1000.000000000000000 ) ;
#4554 = UNCERTAINTY_MEASURE_WITH_UNIT (LENGTH_MEASURE( 1.000000000000000082E-05 ), #4425, 'distance_accuracy_value', 'NONE');
#4555 = CYLINDRICAL_SURFACE ( 'NONE', #2955, 2.499999999999946709 ) ;
#4556 = MECHANICAL_DESIGN_GEOMETRIC_PRESENTATION_REPRESENTATION (  '', ( #3687 ), #4162 ) ;
#4557 = DIRECTION ( 'NONE',  ( -1.000000000000000000, -0.0000000000000000000, -0.0000000000000000000 ) ) ;
#4558 = ORIENTED_EDGE ( 'NONE', *, *, #1704, .T. ) ;
#4559 = CARTESIAN_POINT ( 'NONE',  ( 115.0000000000000711, 1500.000000000000000, -124.9999999999999432 ) ) ;
#4560 = FACE_OUTER_BOUND ( 'NONE', #1940, .T. ) ;
#4561 = CIRCLE ( 'NONE', #2087, 3.400000000000000355 ) ;
#4562 = ADVANCED_FACE ( 'NONE', ( #4482 ), #2656, .F. ) ;
#4563 = EDGE_CURVE ( 'NONE', #1397, #3682, #1428, .T. ) ;
#4564 = VERTEX_POINT ( 'NONE', #3033 ) ;
#4565 = EDGE_CURVE ( 'NONE', #2052, #3137, #810, .T. ) ;
#4566 = CARTESIAN_POINT ( 'NONE',  ( -29.99999999999998579, 20.00000000000000000, 125.0000000000000284 ) ) ;
#4567 = SURFACE_STYLE_FILL_AREA ( #2312 ) ;
#4568 = LINE ( 'NONE', #3833, #4111 ) ;
#4569 = EDGE_LOOP ( 'NONE', ( #823, #1845, #3163, #4176 ) ) ;
#4570 = ORIENTED_EDGE ( 'NONE', *, *, #4310, .T. ) ;
#4571 = VECTOR ( 'NONE', #2627, 1000.000000000000000 ) ;
#4572 = DIRECTION ( 'NONE',  ( -0.0000000000000000000, -1.000000000000000000, -0.0000000000000000000 ) ) ;
#4573 = CYLINDRICAL_SURFACE ( 'NONE', #2136, 2.499999999999946709 ) ;
#4574 = VECTOR ( 'NONE', #1992, 1000.000000000000000 ) ;
#4575 = PRESENTATION_STYLE_ASSIGNMENT (( #1356 ) ) ;
#4576 =( NAMED_UNIT ( * ) SI_UNIT ( $, .STERADIAN. ) SOLID_ANGLE_UNIT ( ) );
#4577 = FACE_OUTER_BOUND ( 'NONE', #4209, .T. ) ;
#4578 = ORIENTED_EDGE ( 'NONE', *, *, #4170, .T. ) ;
#4579 = CARTESIAN_POINT ( 'NONE',  ( 90.00000000000000000, 1480.000000000000000, -90.00000000000000000 ) ) ;
#4580 = CARTESIAN_POINT ( 'NONE',  ( 124.9999999999999716, 0.0000000000000000000, -125.0000000000000000 ) ) ;
#4581 = DIRECTION ( 'NONE',  ( 3.081487911019577365E-33, 1.540743955509788682E-33, 1.000000000000000000 ) ) ;
#4582 = AXIS2_PLACEMENT_3D ( 'NONE', #3524, #3559, #1715 ) ;
#4583 = AXIS2_PLACEMENT_3D ( 'NONE', #5, #3241, #3620 ) ;
#4584 = ORIENTED_EDGE ( 'NONE', *, *, #4637, .F. ) ;
#4585 = CARTESIAN_POINT ( 'NONE',  ( -124.9999999999999716, 20.00000000000000000, 125.0000000000000000 ) ) ;
#4586 = CARTESIAN_POINT ( 'NONE',  ( -110.0000000000000000, 220.0000000000000284, -7.499999999999985789 ) ) ;
#4587 = CARTESIAN_POINT ( 'NONE',  ( 90.00000000000000000, 1415.000000000000000, 47.49999999999994316 ) ) ;
#4588 = CARTESIAN_POINT ( 'NONE',  ( -30.00000000000001421, 20.00000000000000000, -125.0000000000000000 ) ) ;
#4589 = ADVANCED_FACE ( 'NONE', ( #2595 ), #1990, .F. ) ;
#4590 = EDGE_LOOP ( 'NONE', ( #3231, #3618, #2351, #2463 ) ) ;
#4591 = CARTESIAN_POINT ( 'NONE',  ( -90.00000000000000000, 1480.000000000000000, -95.09999999999999432 ) ) ;
#4592 = DIRECTION ( 'NONE',  ( 0.0000000000000000000, 1.000000000000000000, 0.0000000000000000000 ) ) ;
#4593 = LINE ( 'NONE', #1842, #4361 ) ;
#4594 = CARTESIAN_POINT ( 'NONE',  ( 295.0000000000000568, 20.00000000000000000, 5.000000000000836664 ) ) ;
#4595 = EDGE_CURVE ( 'NONE', #1654, #1423, #1642, .T. ) ;
#4596 = ORIENTED_EDGE ( 'NONE', *, *, #691, .T. ) ;
#4597 = LINE ( 'NONE', #423, #4309 ) ;
#4598 =( LENGTH_UNIT ( ) NAMED_UNIT ( * ) SI_UNIT ( .MILLI., .METRE. ) );
#4599 = DIRECTION ( 'NONE',  ( 1.000000000000000000, 1.932701039895096239E-34, 3.081487911019576681E-33 ) ) ;
#4600 = ORIENTED_EDGE ( 'NONE', *, *, #2294, .T. ) ;
#4601 = DIRECTION ( 'NONE',  ( -1.850371707708594316E-16, 0.0000000000000000000, -1.000000000000000000 ) ) ;
#4602 = EDGE_LOOP ( 'NONE', ( #2141, #2942, #2812, #2840 ) ) ;
#4603 = CARTESIAN_POINT ( 'NONE',  ( 77.99999999999998579, 1455.000000000000000, -42.50000000000004974 ) ) ;
#4604 = LINE ( 'NONE', #4248, #939 ) ;
#4605 = VERTEX_POINT ( 'NONE', #2748 ) ;
#4606 = AXIS2_PLACEMENT_3D ( 'NONE', #1250, #540, #3476 ) ;
#4607 = ADVANCED_FACE ( 'NONE', ( #1915 ), #4198, .F. ) ;
#4608 = VERTEX_POINT ( 'NONE', #2360 ) ;
#4609 = FILL_AREA_STYLE ('',( #4295 ) ) ;
#4610 = VERTEX_POINT ( 'NONE', #1298 ) ;
#4611 = DIRECTION ( 'NONE',  ( -1.850371707708594316E-16, 0.0000000000000000000, -1.000000000000000000 ) ) ;
#4612 = VECTOR ( 'NONE', #3279, 1000.000000000000000 ) ;
#4613 = AXIS2_PLACEMENT_3D ( 'NONE', #1351, #293, #2778 ) ;
#4614 = DIRECTION ( 'NONE',  ( 0.0000000000000000000, -1.000000000000000000, 1.644916297139074910E-33 ) ) ;
#4615 = SURFACE_SIDE_STYLE ('',( #2055 ) ) ;
#4616 = DIRECTION ( 'NONE',  ( -7.401486830834376525E-17, -1.000000000000000000, -0.0000000000000000000 ) ) ;
#4617 = VERTEX_POINT ( 'NONE', #244 ) ;
#4618 = ORIENTED_EDGE ( 'NONE', *, *, #988, .T. ) ;
#4619 = LINE ( 'NONE', #2813, #4384 ) ;
#4620 = SURFACE_STYLE_USAGE ( .BOTH. , #2490 ) ;
#4621 = CIRCLE ( 'NONE', #1092, 3.400000000000000355 ) ;
#4622 = EDGE_CURVE ( 'NONE', #3402, #1756, #3745, .T. ) ;
#4623 = ORIENTED_EDGE ( 'NONE', *, *, #3199, .T. ) ;
#4624 = EDGE_CURVE ( 'NONE', #4344, #2821, #2776, .T. ) ;
#4625 = ORIENTED_EDGE ( 'NONE', *, *, #2516, .T. ) ;
#4626 = LINE ( 'NONE', #2926, #3318 ) ;
#4627 = VECTOR ( 'NONE', #4334, 1000.000000000000000 ) ;
#4628 = DIRECTION ( 'NONE',  ( -1.850371707708594316E-16, -0.0000000000000000000, -1.000000000000000000 ) ) ;
#4629 =( NAMED_UNIT ( * ) PLANE_ANGLE_UNIT ( ) SI_UNIT ( $, .RADIAN. ) );
#4630 = PLANE ( 'NONE',  #2532 ) ;
#4631 = ORIENTED_EDGE ( 'NONE', *, *, #2912, .T. ) ;
#4632 = SURFACE_STYLE_USAGE ( .BOTH. , #2436 ) ;
#4633 = VERTEX_POINT ( 'NONE', #1964 ) ;
#4634 = VECTOR ( 'NONE', #3488, 1000.000000000000000 ) ;
#4635 = AXIS2_PLACEMENT_3D ( 'NONE', #320, #1410, #1436 ) ;
#4636 = EDGE_CURVE ( 'NONE', #2821, #4344, #2028, .T. ) ;
#4637 = EDGE_CURVE ( 'NONE', #1448, #3322, #3585, .T. ) ;
#4638 = DIRECTION ( 'NONE',  ( -0.7071067811865475727, 5.233641528945915579E-17, -0.7071067811865475727 ) ) ;
#4640 = VERTEX_POINT ( 'NONE', #3840 ) ;
#4639 = DIRECTION ( 'NONE',  ( 0.0000000000000000000, 0.0000000000000000000, 1.000000000000000000 ) ) ;
#4641 = FACE_BOUND ( 'NONE', #393, .T. ) ;
#4642 = DIRECTION ( 'NONE',  ( 0.0000000000000000000, 0.0000000000000000000, 1.000000000000000000 ) ) ;
#4643 = FACE_OUTER_BOUND ( 'NONE', #1449, .T. ) ;
#4644 = CARTESIAN_POINT ( 'NONE',  ( -7.500000000000009770, 70.00000000000001421, -139.9999999999999716 ) ) ;
#4645 = DIRECTION ( 'NONE',  ( -0.0000000000000000000, -1.000000000000000000, -0.0000000000000000000 ) ) ;
#4646 = ADVANCED_FACE ( 'NONE', ( #3528 ), #3919, .F. ) ;
#4647 = ORIENTED_EDGE ( 'NONE', *, *, #1958, .T. ) ;
#4648 = PRODUCT_CONTEXT ( 'NONE', #622, 'mechanical' ) ;
#4649 = DIRECTION ( 'NONE',  ( 2.888894916580853780E-33, -1.000000000000000000, -2.258249741334817486E-34 ) ) ;
#4650 = ORIENTED_EDGE ( 'NONE', *, *, #3663, .F. ) ;
#4651 = AXIS2_PLACEMENT_3D ( 'NONE', #1285, #4210, #4528 ) ;
#4652 = FACE_OUTER_BOUND ( 'NONE', #3146, .T. ) ;
#4653 = EDGE_CURVE ( 'NONE', #4633, #2558, #45, .T. ) ;
#4654 = DIRECTION ( 'NONE',  ( 0.0000000000000000000, 1.000000000000000000, 0.0000000000000000000 ) ) ;
#4655 = EDGE_LOOP ( 'NONE', ( #607, #4267, #1208, #3938 ) ) ;
#4656 = CARTESIAN_POINT ( 'NONE',  ( 67.99999999999991473, 20.00000000000000355, -78.00000000000000000 ) ) ;
#4657 = PRESENTATION_LAYER_ASSIGNMENT (  '', '', ( #4157 ) ) ;
#4658 = EDGE_CURVE ( 'NONE', #67, #2290, #2088, .T. ) ;
#4659 = VERTEX_POINT ( 'NONE', #3818 ) ;
#4660 = EDGE_LOOP ( 'NONE', ( #153, #1663 ) ) ;
#4661 = DIRECTION ( 'NONE',  ( -1.000000000000000000, 5.777789833161707559E-34, 1.982541115402069054E-16 ) ) ;
#4662 = LINE ( 'NONE', #1951, #1754 ) ;
#4663 =( NAMED_UNIT ( * ) SI_UNIT ( $, .STERADIAN. ) SOLID_ANGLE_UNIT ( ) );
#4664 = CARTESIAN_POINT ( 'NONE',  ( 90.00000000000000000, 1480.000000000000000, 90.00000000000000000 ) ) ;
#4665 = AXIS2_PLACEMENT_3D ( 'NONE', #1929, #1544, #3001 ) ;
#4666 = VERTEX_POINT ( 'NONE', #2371 ) ;
#4667 = DIRECTION ( 'NONE',  ( -0.0000000000000000000, 1.000000000000000000, -0.0000000000000000000 ) ) ;
#4668 = PLANE ( 'NONE',  #3751 ) ;
#4669 = DIRECTION ( 'NONE',  ( -0.0000000000000000000, 1.000000000000000000, -0.0000000000000000000 ) ) ;
#4670 = DIRECTION ( 'NONE',  ( -2.888894916580853780E-33, 1.000000000000000000, -2.258249741334817486E-34 ) ) ;
#4671 = LINE ( 'NONE', #1388, #1258 ) ;
#4672 = DIRECTION ( 'NONE',  ( -1.982541115402069794E-16, 0.0000000000000000000, -1.000000000000000000 ) ) ;
#4673 = NEXT_ASSEMBLY_USAGE_OCCURRENCE ( 'NAUO1', ' ', ' ', #1536, #643, $ ) ;
ENDSEC;
END-ISO-10303-21;
