ISO-10303-21;
HEADER;
FILE_DESCRIPTION (( 'STEP AP214' ),
    '1' );
FILE_NAME ('4GAA002120103004X.STEP',
    '2021-02-02T12:01:49',
    ( '' ),
    ( '' ),
    'SwSTEP 2.0',
    'SolidWorks 2018',
    '' );
FILE_SCHEMA (( 'AUTOMOTIVE_DESIGN' ));
ENDSEC;

DATA;
#1 =( LENGTH_UNIT ( ) NAMED_UNIT ( * ) SI_UNIT ( .MILLI., .METRE. ) );
#2 = ADVANCED_FACE ( 'NONE', ( #1132 ), #3789, .F. ) ;
#3 = DIRECTION ( 'NONE',  ( 0.0000000000000000000, 0.0000000000000000000, 1.000000000000000000 ) ) ;
#4 = FILL_AREA_STYLE ('',( #2720 ) ) ;
#5 = EDGE_CURVE ( 'NONE', #2585, #1913, #710, .T. ) ;
#6 = FILL_AREA_STYLE_COLOUR ( '', #1615 ) ;
#7 = CARTESIAN_POINT ( 'NONE',  ( -149.9999999999999716, 15.00000000000000000, 139.9999999999999716 ) ) ;
#8 = FACE_OUTER_BOUND ( 'NONE', #3104, .T. ) ;
#9 = CIRCLE ( 'NONE', #3839, 20.00000000000000355 ) ;
#10 = DIRECTION ( 'NONE',  ( 7.401486830834376525E-17, 1.000000000000000000, 0.0000000000000000000 ) ) ;
#11 = PRESENTATION_STYLE_ASSIGNMENT (( #1481 ) ) ;
#12 = ORIENTED_EDGE ( 'NONE', *, *, #3531, .T. ) ;
#13 = PLANE ( 'NONE',  #2751 ) ;
#14 = AXIS2_PLACEMENT_3D ( 'NONE', #3771, #1100, #1390 ) ;
#15 = ORIENTED_EDGE ( 'NONE', *, *, #3481, .F. ) ;
#16 = ORIENTED_EDGE ( 'NONE', *, *, #41, .F. ) ;
#17 = DIRECTION ( 'NONE',  ( -0.0000000000000000000, 1.000000000000000000, -0.0000000000000000000 ) ) ;
#18 = CIRCLE ( 'NONE', #3570, 10.00000000000002309 ) ;
#19 = LINE ( 'NONE', #3819, #3003 ) ;
#20 = ORIENTED_EDGE ( 'NONE', *, *, #2052, .F. ) ;
#21 = VERTEX_POINT ( 'NONE', #3217 ) ;
#22 = ORIENTED_EDGE ( 'NONE', *, *, #3090, .F. ) ;
#23 = AXIS2_PLACEMENT_3D ( 'NONE', #3587, #2371, #2985 ) ;
#24 = DIRECTION ( 'NONE',  ( 0.0000000000000000000, 0.0000000000000000000, 1.000000000000000000 ) ) ;
#25 = CIRCLE ( 'NONE', #2763, 2.500000000000002220 ) ;
#26 = CARTESIAN_POINT ( 'NONE',  ( -90.00000000000000000, 400.0000000000000000, -95.09999999999999432 ) ) ;
#27 = ORIENTED_EDGE ( 'NONE', *, *, #3067, .T. ) ;
#28 = ADVANCED_FACE ( 'NONE', ( #2894 ), #1405, .F. ) ;
#29 = FACE_OUTER_BOUND ( 'NONE', #2287, .T. ) ;
#30 = CARTESIAN_POINT ( 'NONE',  ( 142.5000000000000568, 15.00000000000000000, 4.975360907851466735E-13 ) ) ;
#31 = AXIS2_PLACEMENT_3D ( 'NONE', #682, #971, #3033 ) ;
#32 = ORIENTED_EDGE ( 'NONE', *, *, #1476, .F. ) ;
#33 = CARTESIAN_POINT ( 'NONE',  ( 149.9999999999999716, 15.00000000000000000, -139.9999999999999716 ) ) ;
#34 = SURFACE_STYLE_FILL_AREA ( #2622 ) ;
#35 = ADVANCED_FACE ( 'NONE', ( #609 ), #1674, .F. ) ;
#36 = EDGE_CURVE ( 'NONE', #435, #2005, #3602, .T. ) ;
#37 = CARTESIAN_POINT ( 'NONE',  ( 0.0000000000000000000, 0.0000000000000000000, -125.0000000000000000 ) ) ;
#38 = DIRECTION ( 'NONE',  ( 0.0000000000000000000, 0.0000000000000000000, 1.000000000000000000 ) ) ;
#39 = ORIENTED_EDGE ( 'NONE', *, *, #3531, .F. ) ;
#40 = DIRECTION ( 'NONE',  ( -0.7071067811865474617, 0.0000000000000000000, 0.7071067811865474617 ) ) ;
#41 = EDGE_CURVE ( 'NONE', #3848, #3465, #755, .T. ) ;
#42 = PRESENTATION_LAYER_ASSIGNMENT (  '', '', ( #3176 ) ) ;
#43 = DIRECTION ( 'NONE',  ( 0.0000000000000000000, 0.0000000000000000000, 1.000000000000000000 ) ) ;
#44 = EDGE_CURVE ( 'NONE', #3613, #1202, #3549, .T. ) ;
#45 = ORIENTED_EDGE ( 'NONE', *, *, #783, .T. ) ;
#46 = DIRECTION ( 'NONE',  ( -0.0000000000000000000, 1.000000000000000000, -0.0000000000000000000 ) ) ;
#47 = ADVANCED_FACE ( 'NONE', ( #1448 ), #2191, .F. ) ;
#48 = ORIENTED_EDGE ( 'NONE', *, *, #3712, .T. ) ;
#49 = DIRECTION ( 'NONE',  ( -0.7071067811865484609, 0.0000000000000000000, -0.7071067811865465735 ) ) ;
#50 = PRESENTATION_STYLE_ASSIGNMENT (( #1407 ) ) ;
#51 = PLANE ( 'NONE',  #3637 ) ;
#52 = PLANE ( 'NONE',  #2183 ) ;
#53 = AXIS2_PLACEMENT_3D ( 'NONE', #876, #1797, #1828 ) ;
#54 = FACE_OUTER_BOUND ( 'NONE', #1514, .T. ) ;
#55 = SURFACE_STYLE_FILL_AREA ( #1951 ) ;
#56 = CARTESIAN_POINT ( 'NONE',  ( 70.00000000000001421, 380.0000000000000000, -89.99999999999998579 ) ) ;
#57 = VECTOR ( 'NONE', #3856, 1000.000000000000000 ) ;
#58 = DIRECTION ( 'NONE',  ( -0.0000000000000000000, 1.000000000000000000, -0.0000000000000000000 ) ) ;
#59 = VECTOR ( 'NONE', #2541, 1000.000000000000114 ) ;
#60 = LINE ( 'NONE', #2903, #2324 ) ;
#61 = CARTESIAN_POINT ( 'NONE',  ( -80.00000000000000000, 355.0000000000000000, 47.50000000000000000 ) ) ;
#62 = EDGE_CURVE ( 'NONE', #2073, #2041, #3840, .T. ) ;
#63 = CARTESIAN_POINT ( 'NONE',  ( 70.00000000000000000, 400.0000000000000000, -95.00000000000000000 ) ) ;
#64 = CARTESIAN_POINT ( 'NONE',  ( -124.9999999999999432, 400.0000000000000000, 115.0000000000000426 ) ) ;
#65 = ORIENTED_EDGE ( 'NONE', *, *, #163, .F. ) ;
#66 = CARTESIAN_POINT ( 'NONE',  ( 5.510910596163086597E-16, 15.00000000000000000, -129.5000000000000000 ) ) ;
#67 = ORIENTED_EDGE ( 'NONE', *, *, #359, .F. ) ;
#68 = ADVANCED_FACE ( 'NONE', ( #1220 ), #13, .F. ) ;
#69 = PRODUCT_CONTEXT ( 'NONE', #673, 'mechanical' ) ;
#70 = ORIENTED_EDGE ( 'NONE', *, *, #1066, .T. ) ;
#71 = VERTEX_POINT ( 'NONE', #1241 ) ;
#72 = DIRECTION ( 'NONE',  ( -1.000000000000000000, 0.0000000000000000000, 0.0000000000000000000 ) ) ;
#73 = EDGE_LOOP ( 'NONE', ( #2509, #2900, #3065, #3621, #1744, #1370, #427, #1053 ) ) ;
#74 = CARTESIAN_POINT ( 'NONE',  ( -142.5000000000000568, -0.0009999999999992653654, -1.492608272355440021E-12 ) ) ;
#75 = LINE ( 'NONE', #2092, #389 ) ;
#76 = ORIENTED_EDGE ( 'NONE', *, *, #654, .F. ) ;
#77 = ORIENTED_EDGE ( 'NONE', *, *, #2558, .T. ) ;
#78 = CARTESIAN_POINT ( 'NONE',  ( -70.00000000000000000, 400.0000000000000000, 95.00000000000000000 ) ) ;
#79 = ORIENTED_EDGE ( 'NONE', *, *, #835, .T. ) ;
#80 = FACE_OUTER_BOUND ( 'NONE', #2602, .T. ) ;
#81 = ORIENTED_EDGE ( 'NONE', *, *, #1428, .T. ) ;
#82 = AXIS2_PLACEMENT_3D ( 'NONE', #3583, #3342, #967 ) ;
#83 = LINE ( 'NONE', #924, #2120 ) ;
#84 = DIRECTION ( 'NONE',  ( -7.401486830834376525E-17, -1.000000000000000000, -0.0000000000000000000 ) ) ;
#85 = DIRECTION ( 'NONE',  ( 0.7071067811865540120, 0.0000000000000000000, -0.7071067811865410224 ) ) ;
#86 = CARTESIAN_POINT ( 'NONE',  ( -1.419341474236166827E-16, 0.0000000000000000000, 125.0000000000000284 ) ) ;
#87 = CARTESIAN_POINT ( 'NONE',  ( -69.99999999999998579, 380.0000000000000000, 69.99999999999998579 ) ) ;
#88 = EDGE_LOOP ( 'NONE', ( #282, #3755, #3165, #806 ) ) ;
#89 = DIRECTION ( 'NONE',  ( -0.0000000000000000000, 1.000000000000000000, -0.0000000000000000000 ) ) ;
#90 = EDGE_CURVE ( 'NONE', #3465, #945, #2097, .T. ) ;
#91 = CARTESIAN_POINT ( 'NONE',  ( -90.00000000000000000, 380.0000000000000000, 84.90000000000000568 ) ) ;
#92 = CARTESIAN_POINT ( 'NONE',  ( -124.9999999999999716, 15.00000000000000000, 125.0000000000000000 ) ) ;
#93 = PLANE ( 'NONE',  #3448 ) ;
#94 = EDGE_CURVE ( 'NONE', #3613, #3693, #2891, .T. ) ;
#95 = CIRCLE ( 'NONE', #685, 4.499999999999990230 ) ;
#96 =( GEOMETRIC_REPRESENTATION_CONTEXT ( 3 ) GLOBAL_UNCERTAINTY_ASSIGNED_CONTEXT ( ( #2483 ) ) GLOBAL_UNIT_ASSIGNED_CONTEXT ( ( #3870, #2332, #306 ) ) REPRESENTATION_CONTEXT ( 'NONE', 'WORKASPACE' ) );
#97 = FILL_AREA_STYLE ('',( #3081 ) ) ;
#98 = CARTESIAN_POINT ( 'NONE',  ( 0.0000000000000000000, 0.0000000000000000000, 0.0000000000000000000 ) ) ;
#99 = EDGE_LOOP ( 'NONE', ( #2057, #693 ) ) ;
#100 = AXIS2_PLACEMENT_3D ( 'NONE', #2797, #2454, #3109 ) ;
#101 = ORIENTED_EDGE ( 'NONE', *, *, #783, .F. ) ;
#102 = CARTESIAN_POINT ( 'NONE',  ( 62.50000000000004263, 400.0000000000000000, 0.0000000000000000000 ) ) ;
#103 = DIRECTION ( 'NONE',  ( 0.0000000000000000000, 0.0000000000000000000, 1.000000000000000000 ) ) ;
#104 = LINE ( 'NONE', #3200, #982 ) ;
#105 = AXIS2_PLACEMENT_3D ( 'NONE', #3727, #2513, #2834 ) ;
#106 = STYLED_ITEM ( 'NONE', ( #3801 ), #1196 ) ;
#107 = DIRECTION ( 'NONE',  ( 0.0000000000000000000, 0.0000000000000000000, 1.000000000000000000 ) ) ;
#108 = ORIENTED_EDGE ( 'NONE', *, *, #1898, .F. ) ;
#109 = VERTEX_POINT ( 'NONE', #1314 ) ;
#110 = ORIENTED_EDGE ( 'NONE', *, *, #3254, .F. ) ;
#111 = CARTESIAN_POINT ( 'NONE',  ( -149.9999999999999716, 15.00000000000000000, 139.9999999999999716 ) ) ;
#112 = COLOUR_RGB ( '',1.000000000000000000, 1.000000000000000000, 1.000000000000000000 ) ;
#113 = EDGE_CURVE ( 'NONE', #905, #3642, #1399, .T. ) ;
#114 = LINE ( 'NONE', #1670, #2197 ) ;
#115 = CARTESIAN_POINT ( 'NONE',  ( -90.00000000000000000, 400.0000000000000000, -84.90000000000000568 ) ) ;
#116 = CARTESIAN_POINT ( 'NONE',  ( 125.0000000000000568, 400.0000000000000000, -114.9999999999999858 ) ) ;
#117 = ORIENTED_EDGE ( 'NONE', *, *, #1356, .T. ) ;
#118 = CIRCLE ( 'NONE', #3464, 19.99999999999998224 ) ;
#119 = VECTOR ( 'NONE', #403, 1000.000000000000000 ) ;
#120 = VECTOR ( 'NONE', #84, 1000.000000000000000 ) ;
#121 = ORIENTED_EDGE ( 'NONE', *, *, #3481, .T. ) ;
#122 = EDGE_CURVE ( 'NONE', #3083, #713, #659, .T. ) ;
#123 = CARTESIAN_POINT ( 'NONE',  ( 150.0000000000000000, 0.0000000000000000000, 7.500000000000524025 ) ) ;
#124 = ORIENTED_EDGE ( 'NONE', *, *, #634, .F. ) ;
#125 = CARTESIAN_POINT ( 'NONE',  ( 0.0000000000000000000, 0.0000000000000000000, -120.5000000000000000 ) ) ;
#126 = AXIS2_PLACEMENT_3D ( 'NONE', #1249, #655, #3340 ) ;
#127 = AXIS2_PLACEMENT_3D ( 'NONE', #1150, #3483, #226 ) ;
#128 = CARTESIAN_POINT ( 'NONE',  ( 90.00000000000000000, 400.0000000000000000, 90.00000000000000000 ) ) ;
#129 = DIRECTION ( 'NONE',  ( 0.0000000000000000000, 1.000000000000000000, 0.0000000000000000000 ) ) ;
#130 = CARTESIAN_POINT ( 'NONE',  ( -124.9999999999999716, 15.00000000000000000, -4.499999999999997335 ) ) ;
#131 = UNCERTAINTY_MEASURE_WITH_UNIT (LENGTH_MEASURE( 1.000000000000000082E-05 ), #3070, 'distance_accuracy_value', 'NONE');
#132 = EDGE_CURVE ( 'NONE', #2434, #2907, #603, .T. ) ;
#133 = ORIENTED_EDGE ( 'NONE', *, *, #1544, .T. ) ;
#134 = PLANE ( 'NONE',  #3446 ) ;
#135 = CARTESIAN_POINT ( 'NONE',  ( 89.99999999999994316, 380.0000000000000000, -70.00000000000000000 ) ) ;
#136 = DIRECTION ( 'NONE',  ( 0.0000000000000000000, 0.0000000000000000000, 1.000000000000000000 ) ) ;
#137 = DIRECTION ( 'NONE',  ( 1.520853458390625560E-16, 1.000000000000000000, 0.0000000000000000000 ) ) ;
#138 = ORIENTED_EDGE ( 'NONE', *, *, #3738, .T. ) ;
#139 = VECTOR ( 'NONE', #3783, 1000.000000000000000 ) ;
#140 = DIRECTION ( 'NONE',  ( 0.0000000000000000000, 0.0000000000000000000, 1.000000000000000000 ) ) ;
#141 = CARTESIAN_POINT ( 'NONE',  ( 115.0000000000000568, 400.0000000000000000, -124.9999999999999432 ) ) ;
#142 = DIRECTION ( 'NONE',  ( -1.000000000000000000, 0.0000000000000000000, 0.0000000000000000000 ) ) ;
#143 = VECTOR ( 'NONE', #1002, 1000.000000000000000 ) ;
#144 = AXIS2_PLACEMENT_3D ( 'NONE', #1654, #1606, #3428 ) ;
#145 = ORIENTED_EDGE ( 'NONE', *, *, #3745, .F. ) ;
#146 = FACE_BOUND ( 'NONE', #2466, .T. ) ;
#147 = FACE_BOUND ( 'NONE', #1336, .T. ) ;
#148 = DIRECTION ( 'NONE',  ( -1.000000000000000000, 0.0000000000000000000, 1.850371707708594563E-16 ) ) ;
#149 = DIRECTION ( 'NONE',  ( -0.0000000000000000000, 1.000000000000000000, -0.0000000000000000000 ) ) ;
#150 = VECTOR ( 'NONE', #2323, 1000.000000000000000 ) ;
#151 = FACE_BOUND ( 'NONE', #3103, .T. ) ;
#152 = ORIENTED_EDGE ( 'NONE', *, *, #2076, .T. ) ;
#153 = SURFACE_SIDE_STYLE ('',( #55 ) ) ;
#155 = ORIENTED_EDGE ( 'NONE', *, *, #1920, .F. ) ;
#154 = CARTESIAN_POINT ( 'NONE',  ( 145.0000000000000000, 15.00000000000000000, 144.9999999999999716 ) ) ;
#156 = CARTESIAN_POINT ( 'NONE',  ( -114.9999999999999432, 400.0000000000000000, -124.9999999999999432 ) ) ;
#157 = VECTOR ( 'NONE', #2740, 1000.000000000000000 ) ;
#158 = EDGE_CURVE ( 'NONE', #2005, #675, #558, .T. ) ;
#159 = ORIENTED_EDGE ( 'NONE', *, *, #2923, .T. ) ;
#160 = EDGE_LOOP ( 'NONE', ( #3252, #2619, #1616, #1962 ) ) ;
#161 = ORIENTED_EDGE ( 'NONE', *, *, #1669, .T. ) ;
#162 = EDGE_LOOP ( 'NONE', ( #1687, #737, #2385, #944 ) ) ;
#163 = EDGE_CURVE ( 'NONE', #3244, #3028, #2149, .T. ) ;
#164 = VECTOR ( 'NONE', #1184, 1000.000000000000000 ) ;
#165 = COLOUR_RGB ( '',1.000000000000000000, 1.000000000000000000, 1.000000000000000000 ) ;
#166 = AXIS2_PLACEMENT_3D ( 'NONE', #970, #1306, #362 ) ;
#167 = ORIENTED_EDGE ( 'NONE', *, *, #879, .F. ) ;
#168 = DIRECTION ( 'NONE',  ( 1.000000000000000000, -1.520853458390625560E-16, 0.0000000000000000000 ) ) ;
#169 = MECHANICAL_DESIGN_GEOMETRIC_PRESENTATION_REPRESENTATION (  '', ( #2028 ), #1560 ) ;
#170 = DIRECTION ( 'NONE',  ( -0.0000000000000000000, 1.000000000000000000, -0.0000000000000000000 ) ) ;
#171 = ORIENTED_EDGE ( 'NONE', *, *, #1188, .F. ) ;
#172 = CARTESIAN_POINT ( 'NONE',  ( 125.0000000000000000, 15.00000000000000000, -30.00000000000000000 ) ) ;
#173 = SURFACE_STYLE_USAGE ( .BOTH. , #153 ) ;
#174 =( LENGTH_UNIT ( ) NAMED_UNIT ( * ) SI_UNIT ( .MILLI., .METRE. ) );
#175 = ORIENTED_EDGE ( 'NONE', *, *, #2854, .F. ) ;
#176 = PLANE ( 'NONE',  #1821 ) ;
#177 = ORIENTED_EDGE ( 'NONE', *, *, #3223, .F. ) ;
#178 = EDGE_CURVE ( 'NONE', #2502, #450, #1173, .T. ) ;
#179 = ORIENTED_EDGE ( 'NONE', *, *, #1361, .T. ) ;
#180 = DIRECTION ( 'NONE',  ( -1.982541115402065849E-16, -0.0000000000000000000, -1.000000000000000000 ) ) ;
#182 = ORIENTED_EDGE ( 'NONE', *, *, #1207, .T. ) ;
#181 = CARTESIAN_POINT ( 'NONE',  ( -1.419341474236166827E-16, 15.00000000000000000, 125.0000000000000284 ) ) ;
#183 = ADVANCED_FACE ( 'NONE', ( #3785 ), #1020, .F. ) ;
#184 = EDGE_CURVE ( 'NONE', #2266, #391, #2943, .T. ) ;
#185 = FACE_OUTER_BOUND ( 'NONE', #620, .T. ) ;
#186 = FILL_AREA_STYLE ('',( #200 ) ) ;
#187 = DIRECTION ( 'NONE',  ( 1.000000000000000000, -1.520853458390625560E-16, 0.0000000000000000000 ) ) ;
#188 = AXIS2_PLACEMENT_3D ( 'NONE', #1460, #2032, #2912 ) ;
#189 = COLOUR_RGB ( '',1.000000000000000000, 1.000000000000000000, 1.000000000000000000 ) ;
#190 = PRESENTATION_LAYER_ASSIGNMENT (  '', '', ( #1214 ) ) ;
#191 = CARTESIAN_POINT ( 'NONE',  ( -70.00000000000000000, 400.0000000000000000, 91.50000000000000000 ) ) ;
#192 = VECTOR ( 'NONE', #482, 1000.000000000000000 ) ;
#193 = CYLINDRICAL_SURFACE ( 'NONE', #1955, 3.400000000000000355 ) ;
#194 = DIRECTION ( 'NONE',  ( 0.0000000000000000000, 1.000000000000000000, 0.0000000000000000000 ) ) ;
#195 = ORIENTED_EDGE ( 'NONE', *, *, #3436, .T. ) ;
#196 = VERTEX_POINT ( 'NONE', #1559 ) ;
#197 = ORIENTED_EDGE ( 'NONE', *, *, #3035, .T. ) ;
#198 = UNCERTAINTY_MEASURE_WITH_UNIT (LENGTH_MEASURE( 1.000000000000000082E-05 ), #1781, 'distance_accuracy_value', 'NONE');
#199 = CIRCLE ( 'NONE', #2273, 4.499999999999997335 ) ;
#200 = FILL_AREA_STYLE_COLOUR ( '', #2496 ) ;
#201 = CARTESIAN_POINT ( 'NONE',  ( 70.00000000000000000, 400.0000000000000000, -95.00000000000000000 ) ) ;
#202 = CARTESIAN_POINT ( 'NONE',  ( 90.00000000000000000, 400.0000000000000000, -90.00000000000000000 ) ) ;
#203 = ORIENTED_EDGE ( 'NONE', *, *, #400, .F. ) ;
#204 = VECTOR ( 'NONE', #1290, 1000.000000000000000 ) ;
#205 = EDGE_CURVE ( 'NONE', #262, #3707, #705, .T. ) ;
#206 = LINE ( 'NONE', #1248, #3332 ) ;
#207 = ORIENTED_EDGE ( 'NONE', *, *, #3810, .F. ) ;
#208 = VERTEX_POINT ( 'NONE', #368 ) ;
#209 = DIRECTION ( 'NONE',  ( -1.000000000000000000, -0.0000000000000000000, -0.0000000000000000000 ) ) ;
#210 = VECTOR ( 'NONE', #2209, 1000.000000000000000 ) ;
#211 = EDGE_CURVE ( 'NONE', #369, #1546, #3049, .T. ) ;
#212 = DIRECTION ( 'NONE',  ( -0.0000000000000000000, 1.000000000000000000, -0.0000000000000000000 ) ) ;
#213 = AXIS2_PLACEMENT_3D ( 'NONE', #3257, #563, #2959 ) ;
#214 = ORIENTED_EDGE ( 'NONE', *, *, #2203, .F. ) ;
#215 = DIRECTION ( 'NONE',  ( 0.0000000000000000000, 0.0000000000000000000, 1.000000000000000000 ) ) ;
#216 = CARTESIAN_POINT ( 'NONE',  ( -69.99999999999994316, 380.0000000000000000, -80.00000000000000000 ) ) ;
#217 = DIRECTION ( 'NONE',  ( -0.0000000000000000000, 1.000000000000000000, -0.0000000000000000000 ) ) ;
#218 = CARTESIAN_POINT ( 'NONE',  ( -124.9999999999999432, 380.0000000000000000, 115.0000000000000426 ) ) ;
#219 = DIRECTION ( 'NONE',  ( 0.7071067811865466846, 0.0000000000000000000, 0.7071067811865484609 ) ) ;
#220 = ORIENTED_EDGE ( 'NONE', *, *, #2220, .T. ) ;
#221 = EDGE_CURVE ( 'NONE', #1593, #1298, #3178, .T. ) ;
#222 = DIRECTION ( 'NONE',  ( 0.0000000000000000000, 0.0000000000000000000, 1.000000000000000000 ) ) ;
#223 = CARTESIAN_POINT ( 'NONE',  ( -70.00000000000004263, 15.00000000000001066, 90.00000000000000000 ) ) ;
#224 = ORIENTED_EDGE ( 'NONE', *, *, #1280, .T. ) ;
#225 = FACE_OUTER_BOUND ( 'NONE', #2658, .T. ) ;
#226 = DIRECTION ( 'NONE',  ( 1.000000000000000000, 0.0000000000000000000, -0.0000000000000000000 ) ) ;
#227 = COLOUR_RGB ( '',1.000000000000000000, 1.000000000000000000, 1.000000000000000000 ) ;
#228 = DIRECTION ( 'NONE',  ( -0.0000000000000000000, 1.000000000000000000, -0.0000000000000000000 ) ) ;
#229 = CARTESIAN_POINT ( 'NONE',  ( -30.00000000000000000, 0.0000000000000000000, -121.5999999999999943 ) ) ;
#230 = VECTOR ( 'NONE', #3299, 1000.000000000000000 ) ;
#231 = EDGE_CURVE ( 'NONE', #1331, #3731, #1911, .T. ) ;
#232 = FACE_BOUND ( 'NONE', #1146, .T. ) ;
#233 = PRESENTATION_LAYER_ASSIGNMENT (  '', '', ( #1163 ) ) ;
#234 = DIRECTION ( 'NONE',  ( 1.000000000000000000, 0.0000000000000000000, 0.0000000000000000000 ) ) ;
#235 =( LENGTH_UNIT ( ) NAMED_UNIT ( * ) SI_UNIT ( .MILLI., .METRE. ) );
#236 = LINE ( 'NONE', #519, #2646 ) ;
#237 =( NAMED_UNIT ( * ) SI_UNIT ( $, .STERADIAN. ) SOLID_ANGLE_UNIT ( ) );
#238 = ADVANCED_FACE ( 'NONE', ( #2276 ), #977, .T. ) ;
#239 = CARTESIAN_POINT ( 'NONE',  ( 70.00000000000000000, 400.0000000000000000, -91.50000000000000000 ) ) ;
#240 = ORIENTED_EDGE ( 'NONE', *, *, #3030, .F. ) ;
#241 = DIRECTION ( 'NONE',  ( -0.0000000000000000000, -1.000000000000000000, -0.0000000000000000000 ) ) ;
#242 = ORIENTED_EDGE ( 'NONE', *, *, #2568, .T. ) ;
#243 = DIRECTION ( 'NONE',  ( -1.850371707708594563E-16, 0.0000000000000000000, -1.000000000000000000 ) ) ;
#244 = CIRCLE ( 'NONE', #3843, 3.500000000000003109 ) ;
#245 = VERTEX_POINT ( 'NONE', #2467 ) ;
#246 = ORIENTED_EDGE ( 'NONE', *, *, #863, .F. ) ;
#247 = ORIENTED_EDGE ( 'NONE', *, *, #1629, .T. ) ;
#248 = VECTOR ( 'NONE', #1285, 1000.000000000000000 ) ;
#249 = CARTESIAN_POINT ( 'NONE',  ( 125.0000000000000000, 0.0000000000000000000, -26.60000000000001208 ) ) ;
#250 = ORIENTED_EDGE ( 'NONE', *, *, #211, .T. ) ;
#251 = EDGE_LOOP ( 'NONE', ( #2346, #3700 ) ) ;
#252 = FACE_BOUND ( 'NONE', #714, .T. ) ;
#253 = CARTESIAN_POINT ( 'NONE',  ( -90.00000000000002842, 15.00000000000001421, -69.99999999999998579 ) ) ;
#254 = ORIENTED_EDGE ( 'NONE', *, *, #590, .T. ) ;
#255 = EDGE_CURVE ( 'NONE', #3851, #1755, #9, .T. ) ;
#256 = CARTESIAN_POINT ( 'NONE',  ( -70.00000000000004263, 15.00000000000001066, -89.99999999999997158 ) ) ;
#257 = DIRECTION ( 'NONE',  ( 0.7071067811865389130, -0.0000000000000000000, 0.7071067811865561215 ) ) ;
#258 = EDGE_CURVE ( 'NONE', #1185, #566, #3650, .T. ) ;
#259 = ORIENTED_EDGE ( 'NONE', *, *, #2203, .T. ) ;
#260 = ADVANCED_FACE ( 'NONE', ( #3505 ), #2996, .T. ) ;
#261 = AXIS2_PLACEMENT_3D ( 'NONE', #1415, #3521, #1714 ) ;
#262 = VERTEX_POINT ( 'NONE', #1080 ) ;
#263 =( NAMED_UNIT ( * ) SI_UNIT ( $, .STERADIAN. ) SOLID_ANGLE_UNIT ( ) );
#264 = MECHANICAL_DESIGN_GEOMETRIC_PRESENTATION_REPRESENTATION (  '', ( #1931 ), #3674 ) ;
#265 = PRESENTATION_LAYER_ASSIGNMENT (  '', '', ( #2526 ) ) ;
#266 = ORIENTED_EDGE ( 'NONE', *, *, #3160, .T. ) ;
#267 = CARTESIAN_POINT ( 'NONE',  ( -90.00000000000000000, 400.0000000000000000, 95.09999999999999432 ) ) ;
#268 = FILL_AREA_STYLE ('',( #2277 ) ) ;
#269 = ORIENTED_EDGE ( 'NONE', *, *, #3271, .T. ) ;
#270 = EDGE_CURVE ( 'NONE', #475, #71, #3698, .T. ) ;
#271 = EDGE_LOOP ( 'NONE', ( #3283, #3182 ) ) ;
#272 = CYLINDRICAL_SURFACE ( 'NONE', #3620, 3.399999999999986144 ) ;
#273 = FACE_OUTER_BOUND ( 'NONE', #1754, .T. ) ;
#274 = DIRECTION ( 'NONE',  ( -1.000000000000000000, 0.0000000000000000000, 1.850371707708594563E-16 ) ) ;
#275 = DIRECTION ( 'NONE',  ( -0.0000000000000000000, 1.000000000000000000, -0.0000000000000000000 ) ) ;
#276 = EDGE_CURVE ( 'NONE', #1546, #369, #466, .T. ) ;
#277 = AXIS2_PLACEMENT_3D ( 'NONE', #644, #2727, #957 ) ;
#278 = FACE_OUTER_BOUND ( 'NONE', #974, .T. ) ;
#279 = AXIS2_PLACEMENT_3D ( 'NONE', #358, #909, #3615 ) ;
#280 = AXIS2_PLACEMENT_3D ( 'NONE', #3020, #1806, #2122 ) ;
#281 = CARTESIAN_POINT ( 'NONE',  ( -70.00000000000000000, 400.0000000000000000, 91.50000000000000000 ) ) ;
#282 = ORIENTED_EDGE ( 'NONE', *, *, #1111, .F. ) ;
#283 = VERTEX_POINT ( 'NONE', #3432 ) ;
#284 = DIRECTION ( 'NONE',  ( -0.0000000000000000000, 1.000000000000000000, -0.0000000000000000000 ) ) ;
#285 = ORIENTED_EDGE ( 'NONE', *, *, #1204, .T. ) ;
#286 = COLOUR_RGB ( '',1.000000000000000000, 1.000000000000000000, 1.000000000000000000 ) ;
#287 = LINE ( 'NONE', #2914, #472 ) ;
#288 =( NAMED_UNIT ( * ) SI_UNIT ( $, .STERADIAN. ) SOLID_ANGLE_UNIT ( ) );
#289 = FILL_AREA_STYLE_COLOUR ( '', #2198 ) ;
#290 = AXIS2_PLACEMENT_3D ( 'NONE', #2904, #3779, #194 ) ;
#291 = ORIENTED_EDGE ( 'NONE', *, *, #533, .F. ) ;
#292 = ORIENTED_EDGE ( 'NONE', *, *, #2176, .F. ) ;
#293 = LINE ( 'NONE', #3107, #300 ) ;
#294 = CIRCLE ( 'NONE', #1182, 10.00000000000002309 ) ;
#295 = CIRCLE ( 'NONE', #31, 7.500000000000007105 ) ;
#296 = ORIENTED_EDGE ( 'NONE', *, *, #2223, .T. ) ;
#297 = ORIENTED_EDGE ( 'NONE', *, *, #808, .F. ) ;
#298 = SURFACE_STYLE_USAGE ( .BOTH. , #3556 ) ;
#299 = FACE_BOUND ( 'NONE', #2567, .T. ) ;
#300 = VECTOR ( 'NONE', #422, 1000.000000000000114 ) ;
#301 = DIRECTION ( 'NONE',  ( -1.000000000000000000, -0.0000000000000000000, -0.0000000000000000000 ) ) ;
#302 = ORIENTED_EDGE ( 'NONE', *, *, #3301, .F. ) ;
#303 = CARTESIAN_POINT ( 'NONE',  ( 0.0000000000000000000, 0.0000000000000000000, 0.0000000000000000000 ) ) ;
#304 = SURFACE_STYLE_USAGE ( .BOTH. , #3626 ) ;
#305 = EDGE_CURVE ( 'NONE', #729, #905, #1959, .T. ) ;
#306 =( NAMED_UNIT ( * ) SI_UNIT ( $, .STERADIAN. ) SOLID_ANGLE_UNIT ( ) );
#307 = ADVANCED_FACE ( 'NONE', ( #2701 ), #2001, .F. ) ;
#308 = AXIS2_PLACEMENT_3D ( 'NONE', #1990, #830, #3831 ) ;
#309 = CARTESIAN_POINT ( 'NONE',  ( -30.00000000000000000, 15.00000000000000000, -121.5999999999999943 ) ) ;
#310 = CARTESIAN_POINT ( 'NONE',  ( -150.0000000000000284, 0.0000000000000000000, -150.0000000000000000 ) ) ;
#311 = DIRECTION ( 'NONE',  ( 0.0000000000000000000, 1.000000000000000000, 0.0000000000000000000 ) ) ;
#312 = EDGE_LOOP ( 'NONE', ( #155, #16 ) ) ;
#313 = AXIS2_PLACEMENT_3D ( 'NONE', #820, #1715, #243 ) ;
#314 = CARTESIAN_POINT ( 'NONE',  ( 70.00000000000000000, 399.5000000000000000, -95.00000000000000000 ) ) ;
#315 = CARTESIAN_POINT ( 'NONE',  ( 115.0000000000000568, 380.0000000000000000, 125.0000000000000000 ) ) ;
#316 = DIRECTION ( 'NONE',  ( -0.0000000000000000000, 1.000000000000000000, -0.0000000000000000000 ) ) ;
#317 = ORIENTED_EDGE ( 'NONE', *, *, #2721, .F. ) ;
#318 = CIRCLE ( 'NONE', #1564, 5.099999999999993427 ) ;
#319 = DIRECTION ( 'NONE',  ( 0.0000000000000000000, 0.0000000000000000000, 1.000000000000000000 ) ) ;
#320 = EDGE_CURVE ( 'NONE', #3643, #3559, #2808, .T. ) ;
#321 = CARTESIAN_POINT ( 'NONE',  ( 70.00000000000000000, 400.0000000000000000, -98.50000000000000000 ) ) ;
#322 = FACE_BOUND ( 'NONE', #2245, .T. ) ;
#323 = ADVANCED_FACE ( 'NONE', ( #1857 ), #3319, .F. ) ;
#324 = CARTESIAN_POINT ( 'NONE',  ( 150.0000000000000284, 15.00000000000000000, 139.9999999999999147 ) ) ;
#325 = VECTOR ( 'NONE', #2608, 1000.000000000000000 ) ;
#326 = EDGE_CURVE ( 'NONE', #3710, #2357, #1263, .T. ) ;
#327 = DIRECTION ( 'NONE',  ( -1.000000000000000000, 1.734723475976803150E-16, 0.0000000000000000000 ) ) ;
#328 = CIRCLE ( 'NONE', #3765, 5.099999999999993427 ) ;
#329 = AXIS2_PLACEMENT_3D ( 'NONE', #3295, #911, #1493 ) ;
#330 = ORIENTED_EDGE ( 'NONE', *, *, #276, .T. ) ;
#331 = ORIENTED_EDGE ( 'NONE', *, *, #3640, .F. ) ;
#332 = CIRCLE ( 'NONE', #1244, 3.000000000000002665 ) ;
#333 = CARTESIAN_POINT ( 'NONE',  ( -90.00000000000000000, 380.0000000000000000, -84.90000000000000568 ) ) ;
#334 = ORIENTED_EDGE ( 'NONE', *, *, #545, .T. ) ;
#335 = ORIENTED_EDGE ( 'NONE', *, *, #2100, .T. ) ;
#336 = EDGE_LOOP ( 'NONE', ( #3879, #1468 ) ) ;
#337 = AXIS2_PLACEMENT_3D ( 'NONE', #674, #1296, #1289 ) ;
#338 = DIRECTION ( 'NONE',  ( -1.520853458390625560E-16, -1.000000000000000000, -0.0000000000000000000 ) ) ;
#339 = LINE ( 'NONE', #135, #2758 ) ;
#340 = DIRECTION ( 'NONE',  ( 0.7071067811865410224, 0.0000000000000000000, 0.7071067811865540120 ) ) ;
#341 = ORIENTED_EDGE ( 'NONE', *, *, #929, .F. ) ;
#342 = VECTOR ( 'NONE', #559, 1000.000000000000000 ) ;
#343 = LINE ( 'NONE', #2283, #3760 ) ;
#344 = STYLED_ITEM ( 'NONE', ( #1006 ), #1785 ) ;
#345 = ORIENTED_EDGE ( 'NONE', *, *, #3686, .T. ) ;
#346 = CARTESIAN_POINT ( 'NONE',  ( 139.9999999999997726, 15.00000000000000000, -150.0000000000000284 ) ) ;
#347 = ADVANCED_FACE ( 'NONE', ( #3092 ), #176, .F. ) ;
#348 = EDGE_CURVE ( 'NONE', #2882, #1453, #2548, .T. ) ;
#349 = ORIENTED_EDGE ( 'NONE', *, *, #305, .F. ) ;
#350 = DIRECTION ( 'NONE',  ( 1.000000000000000000, 0.0000000000000000000, 0.0000000000000000000 ) ) ;
#351 = SURFACE_SIDE_STYLE ('',( #1686 ) ) ;
#352 = DIRECTION ( 'NONE',  ( -1.000000000000000000, -0.0000000000000000000, -0.0000000000000000000 ) ) ;
#353 = EDGE_CURVE ( 'NONE', #1101, #435, #2748, .T. ) ;
#354 = AXIS2_PLACEMENT_3D ( 'NONE', #415, #2761, #1850 ) ;
#355 = ORIENTED_EDGE ( 'NONE', *, *, #3640, .T. ) ;
#356 = CARTESIAN_POINT ( 'NONE',  ( -90.00000000000000000, 400.0000000000000000, -95.09999999999999432 ) ) ;
#357 = CARTESIAN_POINT ( 'NONE',  ( 90.00000000000000000, 400.0000000000000000, -90.00000000000000000 ) ) ;
#358 = CARTESIAN_POINT ( 'NONE',  ( 30.00000000000000000, 15.00000000000000000, 125.0000000000000568 ) ) ;
#359 = EDGE_CURVE ( 'NONE', #2160, #1389, #464, .T. ) ;
#360 = ORIENTED_EDGE ( 'NONE', *, *, #565, .T. ) ;
#361 = CARTESIAN_POINT ( 'NONE',  ( -139.9999999999999716, 0.0000000000000000000, -150.0000000000000000 ) ) ;
#362 = DIRECTION ( 'NONE',  ( -1.000000000000000000, 1.734723475976808574E-16, 0.0000000000000000000 ) ) ;
#363 =( NAMED_UNIT ( * ) PLANE_ANGLE_UNIT ( ) SI_UNIT ( $, .RADIAN. ) );
#364 = AXIS2_PLACEMENT_3D ( 'NONE', #2478, #704, #2846 ) ;
#365 = ADVANCED_FACE ( 'NONE', ( #3548 ), #2229, .T. ) ;
#366 = ORIENTED_EDGE ( 'NONE', *, *, #430, .F. ) ;
#367 = CARTESIAN_POINT ( 'NONE',  ( -124.9999999999999716, 0.0000000000000000000, 0.0000000000000000000 ) ) ;
#368 = CARTESIAN_POINT ( 'NONE',  ( -124.9999999999999716, 0.0000000000000000000, 26.59999999999999787 ) ) ;
#369 = VERTEX_POINT ( 'NONE', #1347 ) ;
#370 = FACE_BOUND ( 'NONE', #2477, .T. ) ;
#371 = CARTESIAN_POINT ( 'NONE',  ( 89.99999999999997158, 380.0000000000000000, 69.99999999999995737 ) ) ;
#372 = FILL_AREA_STYLE ('',( #3656 ) ) ;
#373 = DIRECTION ( 'NONE',  ( -1.850371707708594563E-16, 0.0000000000000000000, -1.000000000000000000 ) ) ;
#374 = CARTESIAN_POINT ( 'NONE',  ( 150.0000000000000284, 0.0000000000000000000, 150.0000000000000000 ) ) ;
#375 = PRESENTATION_STYLE_ASSIGNMENT (( #1339 ) ) ;
#376 = ORIENTED_EDGE ( 'NONE', *, *, #3775, .T. ) ;
#377 = ORIENTED_EDGE ( 'NONE', *, *, #1647, .F. ) ;
#378 = SURFACE_SIDE_STYLE ('',( #3737 ) ) ;
#379 = EDGE_CURVE ( 'NONE', #3361, #3590, #2853, .T. ) ;
#381 = ORIENTED_EDGE ( 'NONE', *, *, #1978, .T. ) ;
#380 = CARTESIAN_POINT ( 'NONE',  ( 124.9999999999999716, 15.00000000000000000, -125.0000000000000000 ) ) ;
#382 = FACE_OUTER_BOUND ( 'NONE', #2162, .T. ) ;
#383 = PRODUCT_DEFINITION ( 'UNKNOWN', '', #912, #2878 ) ;
#384 = SHAPE_DEFINITION_REPRESENTATION ( #3392, #3133 ) ;
#385 = ORIENTED_EDGE ( 'NONE', *, *, #3547, .T. ) ;
#386 = DIRECTION ( 'NONE',  ( 0.7071067811865441310, 0.0000000000000000000, 0.7071067811865510144 ) ) ;
#387 = ORIENTED_EDGE ( 'NONE', *, *, #3281, .T. ) ;
#388 = LINE ( 'NONE', #2228, #1005 ) ;
#389 = VECTOR ( 'NONE', #2147, 1000.000000000000000 ) ;
#390 = MECHANICAL_DESIGN_GEOMETRIC_PRESENTATION_REPRESENTATION (  '', ( #1214 ), #790 ) ;
#391 = VERTEX_POINT ( 'NONE', #3129 ) ;
#392 = AXIS2_PLACEMENT_3D ( 'NONE', #732, #3398, #691 ) ;
#393 = CARTESIAN_POINT ( 'NONE',  ( 90.00000000000000000, 400.0000000000000000, 95.09999999999999432 ) ) ;
#394 = CARTESIAN_POINT ( 'NONE',  ( -69.99999999999998579, 380.0000000000000000, 90.00000000000000000 ) ) ;
#395 = FACE_OUTER_BOUND ( 'NONE', #160, .T. ) ;
#396 = CARTESIAN_POINT ( 'NONE',  ( 69.99999999999998579, 380.0000000000000000, 69.99999999999997158 ) ) ;
#397 = APPLICATION_CONTEXT ( 'automotive_design' ) ;
#398 = DIRECTION ( 'NONE',  ( 0.0000000000000000000, 0.0000000000000000000, 1.000000000000000000 ) ) ;
#399 = ADVANCED_FACE ( 'NONE', ( #653 ), #2456, .F. ) ;
#400 = EDGE_CURVE ( 'NONE', #283, #1826, #3173, .T. ) ;
#401 = VERTEX_POINT ( 'NONE', #504 ) ;
#402 =( NAMED_UNIT ( * ) PLANE_ANGLE_UNIT ( ) SI_UNIT ( $, .RADIAN. ) );
#403 = DIRECTION ( 'NONE',  ( -0.0000000000000000000, 1.000000000000000000, -0.0000000000000000000 ) ) ;
#404 = DIRECTION ( 'NONE',  ( 0.0000000000000000000, 0.0000000000000000000, 1.000000000000000000 ) ) ;
#405 = EDGE_CURVE ( 'NONE', #410, #245, #2051, .T. ) ;
#406 = AXIS2_PLACEMENT_3D ( 'NONE', #78, #58, #3599 ) ;
#407 = DIRECTION ( 'NONE',  ( 0.0000000000000000000, 0.0000000000000000000, 1.000000000000000000 ) ) ;
#408 = DIRECTION ( 'NONE',  ( -0.0000000000000000000, 1.000000000000000000, -0.0000000000000000000 ) ) ;
#409 = CARTESIAN_POINT ( 'NONE',  ( 124.9999999999999716, 15.00000000000000000, -132.5000000000000000 ) ) ;
#410 = VERTEX_POINT ( 'NONE', #1724 ) ;
#411 = PRESENTATION_LAYER_ASSIGNMENT (  '', '', ( #1881 ) ) ;
#412 = UNCERTAINTY_MEASURE_WITH_UNIT (LENGTH_MEASURE( 1.000000000000000082E-05 ), #1444, 'distance_accuracy_value', 'NONE');
#413 = VERTEX_POINT ( 'NONE', #3828 ) ;
#414 = VECTOR ( 'NONE', #3460, 1000.000000000000000 ) ;
#415 = CARTESIAN_POINT ( 'NONE',  ( -7.500000000001047162, -0.0009999999999992653654, 149.9999999999999716 ) ) ;
#416 = CIRCLE ( 'NONE', #582, 2.500000000000002220 ) ;
#417 = DIRECTION ( 'NONE',  ( 0.0000000000000000000, 1.000000000000000000, 0.0000000000000000000 ) ) ;
#418 = COLOUR_RGB ( '',1.000000000000000000, 1.000000000000000000, 1.000000000000000000 ) ;
#419 = AXIS2_PLACEMENT_3D ( 'NONE', #92, #1547, #1835 ) ;
#420 = FACE_BOUND ( 'NONE', #1631, .T. ) ;
#421 =( NAMED_UNIT ( * ) SI_UNIT ( $, .STERADIAN. ) SOLID_ANGLE_UNIT ( ) );
#422 = DIRECTION ( 'NONE',  ( 0.7071067811865474617, -0.0000000000000000000, 0.7071067811865474617 ) ) ;
#423 = DIRECTION ( 'NONE',  ( -1.000000000000000000, -0.0000000000000000000, -0.0000000000000000000 ) ) ;
#424 = EDGE_CURVE ( 'NONE', #1116, #3063, #2237, .T. ) ;
#425 = VECTOR ( 'NONE', #316, 1000.000000000000000 ) ;
#426 = CIRCLE ( 'NONE', #1792, 10.00000000000000888 ) ;
#427 = ORIENTED_EDGE ( 'NONE', *, *, #113, .F. ) ;
#428 = EDGE_LOOP ( 'NONE', ( #330, #527, #2128, #2510 ) ) ;
#429 = DIRECTION ( 'NONE',  ( 0.0000000000000000000, 0.0000000000000000000, 1.000000000000000000 ) ) ;
#430 = EDGE_CURVE ( 'NONE', #3864, #626, #3265, .T. ) ;
#431 = SURFACE_STYLE_FILL_AREA ( #3871 ) ;
#432 =( NAMED_UNIT ( * ) SI_UNIT ( $, .STERADIAN. ) SOLID_ANGLE_UNIT ( ) );
#433 = EDGE_LOOP ( 'NONE', ( #1933, #3860, #376, #3346 ) ) ;
#434 = ORIENTED_EDGE ( 'NONE', *, *, #1337, .T. ) ;
#435 = VERTEX_POINT ( 'NONE', #2624 ) ;
#436 = CIRCLE ( 'NONE', #1056, 4.499999999999990230 ) ;
#437 = EDGE_LOOP ( 'NONE', ( #3005, #492, #48, #1711 ) ) ;
#438 = ORIENTED_EDGE ( 'NONE', *, *, #493, .F. ) ;
#439 = CARTESIAN_POINT ( 'NONE',  ( 79.99999999999991473, 14.99999999999998757, -69.99999999999998579 ) ) ;
#440 = AXIS2_PLACEMENT_3D ( 'NONE', #572, #1216, #1419 ) ;
#441 = FACE_BOUND ( 'NONE', #915, .T. ) ;
#442 = ORIENTED_EDGE ( 'NONE', *, *, #178, .T. ) ;
#443 = AXIS2_PLACEMENT_3D ( 'NONE', #3359, #2148, #2706 ) ;
#444 = ORIENTED_EDGE ( 'NONE', *, *, #1513, .F. ) ;
#445 = VERTEX_POINT ( 'NONE', #253 ) ;
#446 = CARTESIAN_POINT ( 'NONE',  ( -30.00000000000000000, 15.00000000000000000, -125.0000000000000000 ) ) ;
#447 = FILL_AREA_STYLE ('',( #777 ) ) ;
#448 = DIRECTION ( 'NONE',  ( 0.0000000000000000000, 1.000000000000000000, 0.0000000000000000000 ) ) ;
#449 = EDGE_CURVE ( 'NONE', #1814, #2429, #236, .T. ) ;
#450 = VERTEX_POINT ( 'NONE', #3786 ) ;
#451 = CARTESIAN_POINT ( 'NONE',  ( 125.0000000000000568, 400.0000000000000000, -114.9999999999999858 ) ) ;
#452 = SURFACE_SIDE_STYLE ('',( #1049 ) ) ;
#453 = EDGE_CURVE ( 'NONE', #3693, #3773, #1671, .T. ) ;
#454 = VERTEX_POINT ( 'NONE', #837 ) ;
#455 = CARTESIAN_POINT ( 'NONE',  ( 124.9999999999999716, 0.0000000000000000000, 4.938795603462354205E-17 ) ) ;
#456 =( NAMED_UNIT ( * ) SI_UNIT ( $, .STERADIAN. ) SOLID_ANGLE_UNIT ( ) );
#457 = EDGE_LOOP ( 'NONE', ( #2067, #2817, #3000, #266 ) ) ;
#458 = VERTEX_POINT ( 'NONE', #2892 ) ;
#459 = FACE_OUTER_BOUND ( 'NONE', #428, .T. ) ;
#460 = PRESENTATION_STYLE_ASSIGNMENT (( #3863 ) ) ;
#461 = VECTOR ( 'NONE', #3534, 1000.000000000000000 ) ;
#462 = DIRECTION ( 'NONE',  ( 0.0000000000000000000, 1.000000000000000000, 0.0000000000000000000 ) ) ;
#463 = CARTESIAN_POINT ( 'NONE',  ( 125.0000000000000000, 15.00000000000000000, -26.60000000000001208 ) ) ;
#464 = LINE ( 'NONE', #3122, #1540 ) ;
#465 = DIRECTION ( 'NONE',  ( -0.7071067811865489050, 0.0000000000000000000, -0.7071067811865461294 ) ) ;
#466 = CIRCLE ( 'NONE', #2936, 2.500000000000002220 ) ;
#467 = DIRECTION ( 'NONE',  ( 0.7071067811865470176, -5.233641528945913114E-17, 0.7071067811865480168 ) ) ;
#468 = EDGE_CURVE ( 'NONE', #1283, #3482, #1081, .T. ) ;
#469 = ORIENTED_EDGE ( 'NONE', *, *, #1650, .T. ) ;
#470 = ORIENTED_EDGE ( 'NONE', *, *, #779, .F. ) ;
#471 = FACE_OUTER_BOUND ( 'NONE', #844, .T. ) ;
#472 = VECTOR ( 'NONE', #2628, 1000.000000000000000 ) ;
#473 = ADVANCED_FACE ( 'NONE', ( #1043 ), #1115, .F. ) ;
#474 = ORIENTED_EDGE ( 'NONE', *, *, #1604, .T. ) ;
#475 = VERTEX_POINT ( 'NONE', #1410 ) ;
#476 = LINE ( 'NONE', #2380, #2164 ) ;
#477 = AXIS2_PLACEMENT_3D ( 'NONE', #3044, #621, #3309 ) ;
#478 = ORIENTED_EDGE ( 'NONE', *, *, #1868, .T. ) ;
#479 = ORIENTED_EDGE ( 'NONE', *, *, #3035, .F. ) ;
#480 = VECTOR ( 'NONE', #3632, 1000.000000000000114 ) ;
#481 = DIRECTION ( 'NONE',  ( 0.0000000000000000000, 0.0000000000000000000, 1.000000000000000000 ) ) ;
#482 = DIRECTION ( 'NONE',  ( -0.0000000000000000000, 1.000000000000000000, -0.0000000000000000000 ) ) ;
#483 = ORIENTED_EDGE ( 'NONE', *, *, #2366, .T. ) ;
#484 = AXIS2_PLACEMENT_3D ( 'NONE', #3329, #2679, #885 ) ;
#485 = EDGE_LOOP ( 'NONE', ( #2839, #1277, #2844, #2438 ) ) ;
#486 = DIRECTION ( 'NONE',  ( -1.520853458390625560E-16, -1.000000000000000000, -0.0000000000000000000 ) ) ;
#487 = PRESENTATION_LAYER_ASSIGNMENT (  '', '', ( #344 ) ) ;
#488 = DIRECTION ( 'NONE',  ( 1.000000000000000000, 0.0000000000000000000, 9.912705577010326782E-17 ) ) ;
#489 = EDGE_LOOP ( 'NONE', ( #2208, #1073, #862, #3373 ) ) ;
#490 = DIRECTION ( 'NONE',  ( -0.7071067811865475727, 5.233641528945915579E-17, -0.7071067811865475727 ) ) ;
#491 = SURFACE_SIDE_STYLE ('',( #985 ) ) ;
#492 = ORIENTED_EDGE ( 'NONE', *, *, #2263, .T. ) ;
#493 = EDGE_CURVE ( 'NONE', #2247, #1558, #3458, .T. ) ;
#494 = CARTESIAN_POINT ( 'NONE',  ( -69.99999999999998579, 380.0000000000000000, 90.00000000000000000 ) ) ;
#495 = AXIS2_PLACEMENT_3D ( 'NONE', #605, #3032, #2779 ) ;
#496 = ORIENTED_EDGE ( 'NONE', *, *, #1426, .T. ) ;
#497 = DIRECTION ( 'NONE',  ( -1.000000000000000000, 0.0000000000000000000, -0.0000000000000000000 ) ) ;
#499 = ORIENTED_EDGE ( 'NONE', *, *, #305, .T. ) ;
#498 = PLANE ( 'NONE',  #969 ) ;
#500 = VECTOR ( 'NONE', #1192, 1000.000000000000000 ) ;
#501 = AXIS2_PLACEMENT_3D ( 'NONE', #1466, #43, #3024 ) ;
#502 = VECTOR ( 'NONE', #209, 1000.000000000000000 ) ;
#503 = DIRECTION ( 'NONE',  ( -0.0000000000000000000, 1.000000000000000000, -0.0000000000000000000 ) ) ;
#504 = CARTESIAN_POINT ( 'NONE',  ( 90.00000000000000000, 400.0000000000000000, -95.09999999999999432 ) ) ;
#505 = VECTOR ( 'NONE', #972, 1000.000000000000114 ) ;
#506 = SHAPE_REPRESENTATION ( '4GAA002120103008X_Predeterminado<As Machined>', ( #3535 ), #1901 ) ;
#507 = AXIS2_PLACEMENT_3D ( 'NONE', #1888, #1346, #107 ) ;
#508 = VECTOR ( 'NONE', #1148, 1000.000000000000114 ) ;
#509 = CARTESIAN_POINT ( 'NONE',  ( -150.0000000000000284, 15.00000000000000000, -150.0000000000000000 ) ) ;
#510 = FACE_OUTER_BOUND ( 'NONE', #3766, .T. ) ;
#511 = ORIENTED_EDGE ( 'NONE', *, *, #3550, .T. ) ;
#512 = ORIENTED_EDGE ( 'NONE', *, *, #1812, .F. ) ;
#513 = CIRCLE ( 'NONE', #440, 7.499999999999992895 ) ;
#514 = VECTOR ( 'NONE', #1118, 1000.000000000000000 ) ;
#515 =( NAMED_UNIT ( * ) PLANE_ANGLE_UNIT ( ) SI_UNIT ( $, .RADIAN. ) );
#516 =( LENGTH_UNIT ( ) NAMED_UNIT ( * ) SI_UNIT ( .MILLI., .METRE. ) );
#517 = ORIENTED_EDGE ( 'NONE', *, *, #3456, .F. ) ;
#518 = ORIENTED_EDGE ( 'NONE', *, *, #1016, .F. ) ;
#519 = CARTESIAN_POINT ( 'NONE',  ( -7.500000000000000000, -0.0009999999999992653654, -150.0000000000000284 ) ) ;
#520 = EDGE_LOOP ( 'NONE', ( #1549, #79, #1271, #1247 ) ) ;
#521 = CYLINDRICAL_SURFACE ( 'NONE', #692, 3.000000000000002665 ) ;
#522 = DIRECTION ( 'NONE',  ( -0.0000000000000000000, -1.000000000000000000, -0.0000000000000000000 ) ) ;
#523 = VERTEX_POINT ( 'NONE', #3211 ) ;
#524 = ORIENTED_EDGE ( 'NONE', *, *, #2641, .F. ) ;
#525 = LINE ( 'NONE', #3292, #2825 ) ;
#526 = EDGE_CURVE ( 'NONE', #2090, #2899, #753, .T. ) ;
#527 = ORIENTED_EDGE ( 'NONE', *, *, #1768, .T. ) ;
#528 = UNCERTAINTY_MEASURE_WITH_UNIT (LENGTH_MEASURE( 1.000000000000000082E-05 ), #3347, 'distance_accuracy_value', 'NONE');
#529 = CIRCLE ( 'NONE', #166, 19.99999999999998224 ) ;
#530 = DIRECTION ( 'NONE',  ( 0.0000000000000000000, 1.000000000000000000, 0.0000000000000000000 ) ) ;
#531 = DIRECTION ( 'NONE',  ( 0.0000000000000000000, 0.0000000000000000000, 1.000000000000000000 ) ) ;
#532 = MECHANICAL_DESIGN_GEOMETRIC_PRESENTATION_REPRESENTATION (  '', ( #2871 ), #3344 ) ;
#533 = EDGE_CURVE ( 'NONE', #109, #3731, #2365, .T. ) ;
#534 = VERTEX_POINT ( 'NONE', #2072 ) ;
#535 = SURFACE_SIDE_STYLE ('',( #1396 ) ) ;
#536 = ORIENTED_EDGE ( 'NONE', *, *, #184, .T. ) ;
#537 = CARTESIAN_POINT ( 'NONE',  ( 69.99999999999998579, 380.0000000000000000, 69.99999999999997158 ) ) ;
#538 = EDGE_CURVE ( 'NONE', #2542, #1116, #2507, .T. ) ;
#539 = DIRECTION ( 'NONE',  ( -1.000000000000000000, 0.0000000000000000000, 0.0000000000000000000 ) ) ;
#540 = CARTESIAN_POINT ( 'NONE',  ( -80.00000000000000000, 355.0000000000000000, -42.49999999999999289 ) ) ;
#541 = CARTESIAN_POINT ( 'NONE',  ( -69.99999999999994316, 380.0000000000000000, 80.00000000000001421 ) ) ;
#542 = EDGE_LOOP ( 'NONE', ( #121, #1014, #2543, #2901, #2931, #775, #381, #1456 ) ) ;
#543 = ADVANCED_FACE ( 'NONE', ( #2274 ), #3835, .F. ) ;
#544 = SURFACE_STYLE_USAGE ( .BOTH. , #535 ) ;
#545 = EDGE_CURVE ( 'NONE', #788, #3153, #2322, .T. ) ;
#546 = CARTESIAN_POINT ( 'NONE',  ( 70.00000000000000000, 380.0000000000000000, -95.00000000000000000 ) ) ;
#547 = EDGE_LOOP ( 'NONE', ( #2705, #1636 ) ) ;
#548 = VERTEX_POINT ( 'NONE', #3566 ) ;
#549 = AXIS2_PLACEMENT_3D ( 'NONE', #2146, #1612, #373 ) ;
#550 = ADVANCED_FACE ( 'NONE', ( #278 ), #3260, .F. ) ;
#551 = CARTESIAN_POINT ( 'NONE',  ( -80.00000000000001421, 315.0000000000000000, -42.49999999999999289 ) ) ;
#552 = EDGE_CURVE ( 'NONE', #2134, #2105, #3502, .T. ) ;
#553 = CONICAL_SURFACE ( 'NONE', #2935, 3.500000000000003109, 0.7853981633974482790 ) ;
#554 = DIRECTION ( 'NONE',  ( -0.0000000000000000000, 1.000000000000000000, -0.0000000000000000000 ) ) ;
#555 = CARTESIAN_POINT ( 'NONE',  ( 30.00000000000000000, 15.00000000000000000, 125.0000000000000568 ) ) ;
#556 = CARTESIAN_POINT ( 'NONE',  ( -89.99999999999998579, 355.0000000000000000, 45.00000000000000000 ) ) ;
#557 = CARTESIAN_POINT ( 'NONE',  ( -62.49999999999996447, 400.0000000000000000, 7.654042494670957804E-15 ) ) ;
#558 = LINE ( 'NONE', #2211, #2054 ) ;
#559 = DIRECTION ( 'NONE',  ( -1.520853458390625560E-16, -1.000000000000000000, -0.0000000000000000000 ) ) ;
#560 = VERTEX_POINT ( 'NONE', #3579 ) ;
#561 = EDGE_LOOP ( 'NONE', ( #1251, #1832, #670, #2865 ) ) ;
#562 = EDGE_LOOP ( 'NONE', ( #2062, #1478, #3663, #2968 ) ) ;
#563 = DIRECTION ( 'NONE',  ( -0.0000000000000000000, -1.000000000000000000, -0.0000000000000000000 ) ) ;
#564 = VECTOR ( 'NONE', #1131, 1000.000000000000000 ) ;
#565 = EDGE_CURVE ( 'NONE', #1861, #2217, #2093, .T. ) ;
#566 = VERTEX_POINT ( 'NONE', #2393 ) ;
#567 = ORIENTED_EDGE ( 'NONE', *, *, #3071, .T. ) ;
#568 = LINE ( 'NONE', #1200, #342 ) ;
#569 = VECTOR ( 'NONE', #3500, 1000.000000000000000 ) ;
#570 = DIRECTION ( 'NONE',  ( -0.0000000000000000000, 1.000000000000000000, -0.0000000000000000000 ) ) ;
#571 = CARTESIAN_POINT ( 'NONE',  ( -114.9999999999999432, 400.0000000000000000, -124.9999999999999432 ) ) ;
#572 = CARTESIAN_POINT ( 'NONE',  ( -124.9999999999999716, 15.00000000000000000, -125.0000000000000000 ) ) ;
#573 = VERTEX_POINT ( 'NONE', #1776 ) ;
#574 = ORIENTED_EDGE ( 'NONE', *, *, #2415, .T. ) ;
#575 = EDGE_CURVE ( 'NONE', #245, #2289, #2696, .T. ) ;
#576 = LINE ( 'NONE', #321, #480 ) ;
#577 = DIRECTION ( 'NONE',  ( 0.0000000000000000000, 0.0000000000000000000, 1.000000000000000000 ) ) ;
#578 = DIRECTION ( 'NONE',  ( -0.0000000000000000000, 1.000000000000000000, -0.0000000000000000000 ) ) ;
#579 = ORIENTED_EDGE ( 'NONE', *, *, #3869, .T. ) ;
#580 = CARTESIAN_POINT ( 'NONE',  ( 70.00000000000000000, 400.0000000000000000, -95.00000000000000000 ) ) ;
#581 = AXIS2_PLACEMENT_3D ( 'NONE', #2271, #490, #2573 ) ;
#582 = AXIS2_PLACEMENT_3D ( 'NONE', #3791, #1438, #2316 ) ;
#583 =( NAMED_UNIT ( * ) PLANE_ANGLE_UNIT ( ) SI_UNIT ( $, .RADIAN. ) );
#584 =( NAMED_UNIT ( * ) SI_UNIT ( $, .STERADIAN. ) SOLID_ANGLE_UNIT ( ) );
#585 = DIRECTION ( 'NONE',  ( -0.0000000000000000000, 1.000000000000000000, -0.0000000000000000000 ) ) ;
#586 = DIRECTION ( 'NONE',  ( 1.520853458390625560E-16, 1.000000000000000000, 0.0000000000000000000 ) ) ;
#587 = CARTESIAN_POINT ( 'NONE',  ( 0.0000000000000000000, 15.00000000000000000, -142.5000000000000568 ) ) ;
#588 = ORIENTED_EDGE ( 'NONE', *, *, #1787, .T. ) ;
#589 = DIRECTION ( 'NONE',  ( 0.0000000000000000000, 0.0000000000000000000, 1.000000000000000000 ) ) ;
#590 = EDGE_CURVE ( 'NONE', #3683, #3057, #1998, .T. ) ;
#591 = VERTEX_POINT ( 'NONE', #1157 ) ;
#592 = LINE ( 'NONE', #2911, #1621 ) ;
#593 = CARTESIAN_POINT ( 'NONE',  ( -1.419341474236166827E-16, 15.00000000000000000, 129.5000000000000284 ) ) ;
#594 = DIRECTION ( 'NONE',  ( 0.0000000000000000000, 0.0000000000000000000, 1.000000000000000000 ) ) ;
#595 = UNCERTAINTY_MEASURE_WITH_UNIT (LENGTH_MEASURE( 1.000000000000000082E-05 ), #648, 'distance_accuracy_value', 'NONE');
#596 = ADVANCED_FACE ( 'NONE', ( #1358 ), #2594, .F. ) ;
#597 = VECTOR ( 'NONE', #1894, 1000.000000000000000 ) ;
#598 = CIRCLE ( 'NONE', #14, 7.500000000000007105 ) ;
#599 = DIRECTION ( 'NONE',  ( 1.942890293094023453E-16, -1.000000000000000000, 4.540506783096207695E-17 ) ) ;
#600 = EDGE_CURVE ( 'NONE', #401, #560, #2848, .T. ) ;
#601 = DIRECTION ( 'NONE',  ( -1.982541115402065849E-16, -0.0000000000000000000, -1.000000000000000000 ) ) ;
#602 = DIRECTION ( 'NONE',  ( 0.0000000000000000000, 0.0000000000000000000, 1.000000000000000000 ) ) ;
#603 = LINE ( 'NONE', #74, #2553 ) ;
#604 = AXIS2_PLACEMENT_3D ( 'NONE', #3312, #3297, #49 ) ;
#605 = CARTESIAN_POINT ( 'NONE',  ( 124.9999999999999716, 0.0000000000000000000, 125.0000000000000000 ) ) ;
#606 = DIRECTION ( 'NONE',  ( -0.0000000000000000000, 1.000000000000000000, -0.0000000000000000000 ) ) ;
#607 = EDGE_LOOP ( 'NONE', ( #3327, #996, #1085, #2106 ) ) ;
#608 = DIRECTION ( 'NONE',  ( 0.0000000000000000000, 0.0000000000000000000, 1.000000000000000000 ) ) ;
#609 = FACE_OUTER_BOUND ( 'NONE', #1784, .T. ) ;
#610 = VECTOR ( 'NONE', #3619, 1000.000000000000000 ) ;
#611 = CYLINDRICAL_SURFACE ( 'NONE', #1772, 19.99999999999997513 ) ;
#612 = AXIS2_PLACEMENT_3D ( 'NONE', #555, #3516, #2632 ) ;
#613 = ORIENTED_EDGE ( 'NONE', *, *, #1892, .F. ) ;
#614 = ORIENTED_EDGE ( 'NONE', *, *, #2809, .T. ) ;
#615 = ORIENTED_EDGE ( 'NONE', *, *, #2800, .F. ) ;
#616 = COLOUR_RGB ( '',1.000000000000000000, 1.000000000000000000, 1.000000000000000000 ) ;
#617 = DIRECTION ( 'NONE',  ( 1.000000000000000000, -1.520853458390625560E-16, 0.0000000000000000000 ) ) ;
#618 = CYLINDRICAL_SURFACE ( 'NONE', #2354, 5.099999999999993427 ) ;
#619 = ORIENTED_EDGE ( 'NONE', *, *, #1242, .T. ) ;
#620 = EDGE_LOOP ( 'NONE', ( #2739, #1659, #932, #662 ) ) ;
#621 = DIRECTION ( 'NONE',  ( -7.401486830834376525E-17, -1.000000000000000000, -0.0000000000000000000 ) ) ;
#622 = ADVANCED_FACE ( 'NONE', ( #2186 ), #2965, .F. ) ;
#623 = LINE ( 'NONE', #892, #3562 ) ;
#624 = EDGE_CURVE ( 'NONE', #1793, #873, #3414, .T. ) ;
#625 = CARTESIAN_POINT ( 'NONE',  ( 90.00000000000000000, 380.0000000000000000, -95.09999999999999432 ) ) ;
#626 = VERTEX_POINT ( 'NONE', #650 ) ;
#627 = ORIENTED_EDGE ( 'NONE', *, *, #752, .T. ) ;
#628 = CARTESIAN_POINT ( 'NONE',  ( 69.99999999999998579, 380.0000000000000000, 69.99999999999997158 ) ) ;
#629 = DIRECTION ( 'NONE',  ( -0.7071067811865461294, 5.233641528945905718E-17, 0.7071067811865489050 ) ) ;
#630 = DIRECTION ( 'NONE',  ( 1.000000000000000000, -1.520853458390625560E-16, 0.0000000000000000000 ) ) ;
#631 = ADVANCED_FACE ( 'NONE', ( #3545 ), #52, .F. ) ;
#632 = DIRECTION ( 'NONE',  ( -0.0000000000000000000, 1.000000000000000000, -0.0000000000000000000 ) ) ;
#633 = ORIENTED_EDGE ( 'NONE', *, *, #3254, .T. ) ;
#634 = EDGE_CURVE ( 'NONE', #548, #21, #1261, .T. ) ;
#635 = CARTESIAN_POINT ( 'NONE',  ( 70.00000000000000000, 399.5000000000000000, -98.00000000000000000 ) ) ;
#636 =( GEOMETRIC_REPRESENTATION_CONTEXT ( 3 ) GLOBAL_UNCERTAINTY_ASSIGNED_CONTEXT ( ( #1019 ) ) GLOBAL_UNIT_ASSIGNED_CONTEXT ( ( #1430, #2042, #1174 ) ) REPRESENTATION_CONTEXT ( 'NONE', 'WORKASPACE' ) );
#637 = CARTESIAN_POINT ( 'NONE',  ( -124.9999999999999716, 0.0000000000000000000, 4.499999999999997335 ) ) ;
#638 = AXIS2_PLACEMENT_3D ( 'NONE', #2180, #1899, #398 ) ;
#639 = ORIENTED_EDGE ( 'NONE', *, *, #1695, .F. ) ;
#640 = AXIS2_PLACEMENT_3D ( 'NONE', #3334, #3349, #3634 ) ;
#641 = DIRECTION ( 'NONE',  ( -0.0000000000000000000, -1.000000000000000000, -0.0000000000000000000 ) ) ;
#642 = ORIENTED_EDGE ( 'NONE', *, *, #359, .T. ) ;
#643 = DIRECTION ( 'NONE',  ( 0.0000000000000000000, 1.000000000000000000, 0.0000000000000000000 ) ) ;
#644 = CARTESIAN_POINT ( 'NONE',  ( -89.99999999999998579, 315.0000000000000000, 45.00000000000000000 ) ) ;
#645 = CONICAL_SURFACE ( 'NONE', #3262, 3.500000000000003109, 0.7853981633974482790 ) ;
#646 = UNCERTAINTY_MEASURE_WITH_UNIT (LENGTH_MEASURE( 1.000000000000000082E-05 ), #235, 'distance_accuracy_value', 'NONE');
#647 = EDGE_CURVE ( 'NONE', #1755, #729, #1167, .T. ) ;
#649 = VECTOR ( 'NONE', #964, 1000.000000000000000 ) ;
#648 =( LENGTH_UNIT ( ) NAMED_UNIT ( * ) SI_UNIT ( .MILLI., .METRE. ) );
#650 = CARTESIAN_POINT ( 'NONE',  ( 150.0000000000000000, 15.00000000000000000, 7.500000000000524025 ) ) ;
#651 = LINE ( 'NONE', #1747, #750 ) ;
#652 = LINE ( 'NONE', #2035, #2505 ) ;
#653 = FACE_OUTER_BOUND ( 'NONE', #3588, .T. ) ;
#654 = EDGE_CURVE ( 'NONE', #1918, #3823, #2889, .T. ) ;
#655 = DIRECTION ( 'NONE',  ( 0.0000000000000000000, -1.000000000000000000, -0.0000000000000000000 ) ) ;
#656 = LINE ( 'NONE', #701, #3744 ) ;
#657 = CARTESIAN_POINT ( 'NONE',  ( -89.99999999999998579, 315.0000000000000000, -42.49999999999999289 ) ) ;
#658 = MECHANICAL_DESIGN_GEOMETRIC_PRESENTATION_REPRESENTATION (  '', ( #2930 ), #3073 ) ;
#659 = LINE ( 'NONE', #990, #3746 ) ;
#660 = ADVANCED_FACE ( 'NONE', ( #1950 ), #2428, .F. ) ;
#661 = EDGE_LOOP ( 'NONE', ( #2243, #331 ) ) ;
#662 = ORIENTED_EDGE ( 'NONE', *, *, #3759, .F. ) ;
#663 = ORIENTED_EDGE ( 'NONE', *, *, #1569, .F. ) ;
#664 =( GEOMETRIC_REPRESENTATION_CONTEXT ( 3 ) GLOBAL_UNCERTAINTY_ASSIGNED_CONTEXT ( ( #131 ) ) GLOBAL_UNIT_ASSIGNED_CONTEXT ( ( #3070, #583, #2670 ) ) REPRESENTATION_CONTEXT ( 'NONE', 'WORKASPACE' ) );
#665 = AXIS2_PLACEMENT_3D ( 'NONE', #1966, #1664, #3756 ) ;
#666 =( LENGTH_UNIT ( ) NAMED_UNIT ( * ) SI_UNIT ( .MILLI., .METRE. ) );
#667 = FACE_OUTER_BOUND ( 'NONE', #3654, .T. ) ;
#668 = CARTESIAN_POINT ( 'NONE',  ( 139.9999999999998863, 15.00000000000000000, 150.0000000000000284 ) ) ;
#669 = ORIENTED_EDGE ( 'NONE', *, *, #1622, .T. ) ;
#670 = ORIENTED_EDGE ( 'NONE', *, *, #634, .T. ) ;
#671 = ORIENTED_EDGE ( 'NONE', *, *, #2533, .F. ) ;
#672 = FACE_BOUND ( 'NONE', #2525, .T. ) ;
#673 = APPLICATION_CONTEXT ( 'automotive_design' ) ;
#674 = CARTESIAN_POINT ( 'NONE',  ( 69.99999999999997158, 380.0000000000000000, -80.00000000000000000 ) ) ;
#675 = VERTEX_POINT ( 'NONE', #2112 ) ;
#676 = DIRECTION ( 'NONE',  ( 0.0000000000000000000, 0.0000000000000000000, 1.000000000000000000 ) ) ;
#677 = ORIENTED_EDGE ( 'NONE', *, *, #2263, .F. ) ;
#678 = CARTESIAN_POINT ( 'NONE',  ( -9.950721815702933470E-13, -0.0009999999999992653654, 142.5000000000000568 ) ) ;
#679 = CIRCLE ( 'NONE', #3235, 4.500000000000003553 ) ;
#680 = DIRECTION ( 'NONE',  ( -0.0000000000000000000, 1.000000000000000000, -0.0000000000000000000 ) ) ;
#681 = ORIENTED_EDGE ( 'NONE', *, *, #3629, .F. ) ;
#682 = CARTESIAN_POINT ( 'NONE',  ( 124.9999999999999716, 15.00000000000000000, -125.0000000000000000 ) ) ;
#683 = CARTESIAN_POINT ( 'NONE',  ( -124.9999999999999716, 15.00000000000000000, 30.00000000000000000 ) ) ;
#684 = EDGE_CURVE ( 'NONE', #3053, #560, #1310, .T. ) ;
#685 = AXIS2_PLACEMENT_3D ( 'NONE', #2133, #1794, #2699 ) ;
#686 =( NAMED_UNIT ( * ) SI_UNIT ( $, .STERADIAN. ) SOLID_ANGLE_UNIT ( ) );
#687 = CARTESIAN_POINT ( 'NONE',  ( -124.9999999999999716, 15.00000000000000000, 30.00000000000000000 ) ) ;
#688 = ORIENTED_EDGE ( 'NONE', *, *, #3156, .T. ) ;
#689 = CARTESIAN_POINT ( 'NONE',  ( -80.00000000000000000, 355.0000000000000000, 45.00000000000000000 ) ) ;
#690 =( NAMED_UNIT ( * ) SI_UNIT ( $, .STERADIAN. ) SOLID_ANGLE_UNIT ( ) );
#691 = DIRECTION ( 'NONE',  ( 0.0000000000000000000, 0.0000000000000000000, 1.000000000000000000 ) ) ;
#692 = AXIS2_PLACEMENT_3D ( 'NONE', #201, #798, #3191 ) ;
#693 = ORIENTED_EDGE ( 'NONE', *, *, #600, .F. ) ;
#694 = LINE ( 'NONE', #2254, #1532 ) ;
#695 = CARTESIAN_POINT ( 'NONE',  ( -149.9999999999999432, 15.00000000000000000, -7.500000000001570299 ) ) ;
#696 = LINE ( 'NONE', #3717, #143 ) ;
#697 = PRESENTATION_STYLE_ASSIGNMENT (( #2087 ) ) ;
#698 = CARTESIAN_POINT ( 'NONE',  ( 89.99999999999991473, 14.99999999999998579, 69.99999999999995737 ) ) ;
#699 = FACE_BOUND ( 'NONE', #1688, .T. ) ;
#700 = CYLINDRICAL_SURFACE ( 'NONE', #1726, 2.500000000000002220 ) ;
#701 = CARTESIAN_POINT ( 'NONE',  ( -90.00000000000002842, 15.00000000000001421, 69.99999999999998579 ) ) ;
#702 = EDGE_CURVE ( 'NONE', #2290, #2173, #1803, .T. ) ;
#703 = CARTESIAN_POINT ( 'NONE',  ( 124.9999999999999716, 15.00000000000000000, 132.5000000000000000 ) ) ;
#704 = DIRECTION ( 'NONE',  ( -0.0000000000000000000, 1.000000000000000000, -0.0000000000000000000 ) ) ;
#705 = CIRCLE ( 'NONE', #764, 4.499999999999990230 ) ;
#706 = ADVANCED_FACE ( 'NONE', ( #2742, #2503, #1122, #3644, #3597 ), #926, .F. ) ;
#707 = ORIENTED_EDGE ( 'NONE', *, *, #3604, .T. ) ;
#708 = FILL_AREA_STYLE ('',( #1047 ) ) ;
#709 = EDGE_CURVE ( 'NONE', #2256, #1236, #2801, .T. ) ;
#710 = CIRCLE ( 'NONE', #82, 5.099999999999993427 ) ;
#711 = LINE ( 'NONE', #2389, #1915 ) ;
#712 = ADVANCED_FACE ( 'NONE', ( #3314, #420, #370, #2643, #1712, #934, #146, #3221, #2412, #2320, #1852, #699, #2990, #1628 ), #93, .F. ) ;
#713 = VERTEX_POINT ( 'NONE', #1548 ) ;
#714 = EDGE_LOOP ( 'NONE', ( #302, #3429 ) ) ;
#715 = CARTESIAN_POINT ( 'NONE',  ( 69.99999999999997158, 380.0000000000000000, -69.99999999999998579 ) ) ;
#716 = ORIENTED_EDGE ( 'NONE', *, *, #1596, .F. ) ;
#717 = PRESENTATION_STYLE_ASSIGNMENT (( #3661 ) ) ;
#718 = ORIENTED_EDGE ( 'NONE', *, *, #2832, .F. ) ;
#719 = ORIENTED_EDGE ( 'NONE', *, *, #3404, .F. ) ;
#720 = AXIS2_PLACEMENT_3D ( 'NONE', #3410, #1308, #725 ) ;
#721 = SURFACE_STYLE_FILL_AREA ( #2940 ) ;
#722 = DIRECTION ( 'NONE',  ( -1.000000000000000000, -0.0000000000000000000, -0.0000000000000000000 ) ) ;
#723 = SURFACE_SIDE_STYLE ('',( #3011 ) ) ;
#724 = LINE ( 'NONE', #3528, #2337 ) ;
#725 = DIRECTION ( 'NONE',  ( 1.000000000000000000, 0.0000000000000000000, 0.0000000000000000000 ) ) ;
#726 = PRODUCT ( '4GAA002120103008X_Predeterminado<As Machined>', '4GAA002120103008X_Predeterminado<As Machined>', '', ( #1270 ) ) ;
#727 = CARTESIAN_POINT ( 'NONE',  ( -9.950721815702933470E-13, -0.0009999999999992653654, 142.5000000000000568 ) ) ;
#728 = EDGE_CURVE ( 'NONE', #1922, #2419, #3132, .T. ) ;
#729 = VERTEX_POINT ( 'NONE', #1538 ) ;
#730 = CARTESIAN_POINT ( 'NONE',  ( -70.00000000000000000, 400.0000000000000000, 95.00000000000000000 ) ) ;
#731 = DIRECTION ( 'NONE',  ( 1.000000000000000000, 0.0000000000000000000, 0.0000000000000000000 ) ) ;
#732 = CARTESIAN_POINT ( 'NONE',  ( 70.00000000000000000, 400.0000000000000000, -95.00000000000000000 ) ) ;
#733 = EDGE_CURVE ( 'NONE', #3590, #445, #2185, .T. ) ;
#734 = STYLED_ITEM ( 'NONE', ( #1309 ), #3438 ) ;
#735 =( NAMED_UNIT ( * ) PLANE_ANGLE_UNIT ( ) SI_UNIT ( $, .RADIAN. ) );
#736 = DIRECTION ( 'NONE',  ( -0.7071067811865441310, 0.0000000000000000000, -0.7071067811865510144 ) ) ;
#737 = ORIENTED_EDGE ( 'NONE', *, *, #1892, .T. ) ;
#738 = DIRECTION ( 'NONE',  ( 0.7071067811865480168, 0.0000000000000000000, -0.7071067811865470176 ) ) ;
#739 = CARTESIAN_POINT ( 'NONE',  ( -124.9999999999999716, 15.00000000000000000, 125.0000000000000000 ) ) ;
#740 = AXIS2_PLACEMENT_3D ( 'NONE', #1300, #1260, #3353 ) ;
#741 = FACE_OUTER_BOUND ( 'NONE', #1176, .T. ) ;
#742 = CARTESIAN_POINT ( 'NONE',  ( -89.99999999999998579, 355.0000000000000000, 45.00000000000000000 ) ) ;
#743 = FILL_AREA_STYLE ('',( #3735 ) ) ;
#744 = FACE_OUTER_BOUND ( 'NONE', #3762, .T. ) ;
#745 = CYLINDRICAL_SURFACE ( 'NONE', #1145, 5.099999999999993427 ) ;
#746 = MECHANICAL_DESIGN_GEOMETRIC_PRESENTATION_REPRESENTATION (  '', ( #1028 ), #2684 ) ;
#747 = AXIS2_PLACEMENT_3D ( 'NONE', #3868, #3571, #2077 ) ;
#748 = ORIENTED_EDGE ( 'NONE', *, *, #779, .T. ) ;
#749 = SURFACE_STYLE_FILL_AREA ( #3243 ) ;
#750 = VECTOR ( 'NONE', #1770, 1000.000000000000000 ) ;
#751 = DIRECTION ( 'NONE',  ( -0.7071067811865434649, 0.0000000000000000000, -0.7071067811865516806 ) ) ;
#752 = EDGE_CURVE ( 'NONE', #1004, #3608, #2268, .T. ) ;
#753 = CIRCLE ( 'NONE', #2708, 4.499999999999990230 ) ;
#754 = EDGE_LOOP ( 'NONE', ( #2860, #1775, #1815, #579 ) ) ;
#755 = CIRCLE ( 'NONE', #3558, 2.500000000000002220 ) ;
#756 = DIRECTION ( 'NONE',  ( 0.0000000000000000000, 0.0000000000000000000, -1.000000000000000000 ) ) ;
#757 = EDGE_CURVE ( 'NONE', #3361, #2556, #696, .T. ) ;
#758 = LINE ( 'NONE', #1231, #3051 ) ;
#759 = DIRECTION ( 'NONE',  ( -1.000000000000000000, -0.0000000000000000000, -0.0000000000000000000 ) ) ;
#760 = ORIENTED_EDGE ( 'NONE', *, *, #2462, .F. ) ;
#761 = ORIENTED_EDGE ( 'NONE', *, *, #1356, .F. ) ;
#762 = ORIENTED_EDGE ( 'NONE', *, *, #326, .T. ) ;
#763 = ORIENTED_EDGE ( 'NONE', *, *, #41, .T. ) ;
#764 = AXIS2_PLACEMENT_3D ( 'NONE', #3672, #3084, #1843 ) ;
#765 = SURFACE_SIDE_STYLE ('',( #2564 ) ) ;
#766 = ORIENTED_EDGE ( 'NONE', *, *, #3629, .T. ) ;
#767 = STYLED_ITEM ( 'NONE', ( #2423 ), #2311 ) ;
#768 = FACE_BOUND ( 'NONE', #1831, .T. ) ;
#769 = EDGE_LOOP ( 'NONE', ( #1919, #1086, #1875, #67 ) ) ;
#770 = VERTEX_POINT ( 'NONE', #2781 ) ;
#771 = MECHANICAL_DESIGN_GEOMETRIC_PRESENTATION_REPRESENTATION (  '', ( #1385 ), #2401 ) ;
#772 = CARTESIAN_POINT ( 'NONE',  ( -7.500000000000000000, 15.00000000000000000, -150.0000000000000284 ) ) ;
#773 = CARTESIAN_POINT ( 'NONE',  ( 124.9999999999999716, 15.00000000000000000, -117.5000000000000000 ) ) ;
#774 = UNCERTAINTY_MEASURE_WITH_UNIT (LENGTH_MEASURE( 1.000000000000000082E-05 ), #3596, 'distance_accuracy_value', 'NONE');
#775 = ORIENTED_EDGE ( 'NONE', *, *, #1805, .T. ) ;
#776 = ORIENTED_EDGE ( 'NONE', *, *, #1745, .T. ) ;
#777 = FILL_AREA_STYLE_COLOUR ( '', #3383 ) ;
#778 = CARTESIAN_POINT ( 'NONE',  ( 0.0000000000000000000, 15.00000000000000000, -125.0000000000000000 ) ) ;
#779 = EDGE_CURVE ( 'NONE', #3427, #1640, #1902, .T. ) ;
#780 = MECHANICAL_DESIGN_GEOMETRIC_PRESENTATION_REPRESENTATION (  '', ( #3581 ), #2835 ) ;
#781 = FILL_AREA_STYLE ('',( #3166 ) ) ;
#782 = CARTESIAN_POINT ( 'NONE',  ( 115.0000000000000568, 400.0000000000000000, 125.0000000000000000 ) ) ;
#783 = EDGE_CURVE ( 'NONE', #729, #3536, #2693, .T. ) ;
#784 = ORIENTED_EDGE ( 'NONE', *, *, #3734, .F. ) ;
#785 = CARTESIAN_POINT ( 'NONE',  ( -70.00000000000004263, 15.00000000000001066, 90.00000000000000000 ) ) ;
#786 = DIRECTION ( 'NONE',  ( -0.0000000000000000000, 1.000000000000000000, -0.0000000000000000000 ) ) ;
#787 = CARTESIAN_POINT ( 'NONE',  ( -80.00000000000000000, 355.0000000000000000, -45.00000000000000000 ) ) ;
#788 = VERTEX_POINT ( 'NONE', #1910 ) ;
#789 = ORIENTED_EDGE ( 'NONE', *, *, #3175, .F. ) ;
#790 =( GEOMETRIC_REPRESENTATION_CONTEXT ( 3 ) GLOBAL_UNCERTAINTY_ASSIGNED_CONTEXT ( ( #2544 ) ) GLOBAL_UNIT_ASSIGNED_CONTEXT ( ( #1328, #735, #421 ) ) REPRESENTATION_CONTEXT ( 'NONE', 'WORKASPACE' ) );
#791 = AXIS2_PLACEMENT_3D ( 'NONE', #1397, #3821, #2616 ) ;
#792 = LINE ( 'NONE', #1388, #3498 ) ;
#793 = VECTOR ( 'NONE', #3862, 1000.000000000000114 ) ;
#794 = CARTESIAN_POINT ( 'NONE',  ( 149.9999999999999716, 0.0000000000000000000, -139.9999999999999716 ) ) ;
#795 = PLANE ( 'NONE',  #1420 ) ;
#796 = CIRCLE ( 'NONE', #3096, 4.500000000000003553 ) ;
#797 = DIRECTION ( 'NONE',  ( -0.0000000000000000000, 1.000000000000000000, -0.0000000000000000000 ) ) ;
#799 = VECTOR ( 'NONE', #3402, 1000.000000000000000 ) ;
#798 = DIRECTION ( 'NONE',  ( -0.0000000000000000000, 1.000000000000000000, -0.0000000000000000000 ) ) ;
#800 = VECTOR ( 'NONE', #338, 1000.000000000000000 ) ;
#801 = EDGE_CURVE ( 'NONE', #2813, #208, #1757, .T. ) ;
#802 = ORIENTED_EDGE ( 'NONE', *, *, #2906, .F. ) ;
#803 = ORIENTED_EDGE ( 'NONE', *, *, #2583, .F. ) ;
#804 = ORIENTED_EDGE ( 'NONE', *, *, #3331, .F. ) ;
#805 = VECTOR ( 'NONE', #212, 1000.000000000000000 ) ;
#806 = ORIENTED_EDGE ( 'NONE', *, *, #1840, .T. ) ;
#807 = ORIENTED_EDGE ( 'NONE', *, *, #1944, .T. ) ;
#808 = EDGE_CURVE ( 'NONE', #3851, #2867, #1120, .T. ) ;
#809 = ORIENTED_EDGE ( 'NONE', *, *, #2017, .F. ) ;
#810 = CIRCLE ( 'NONE', #507, 2.999999999999988898 ) ;
#811 = PLANE ( 'NONE',  #933 ) ;
#812 = CARTESIAN_POINT ( 'NONE',  ( -7.500000000001047162, 15.00000000000000000, 149.9999999999999716 ) ) ;
#813 = VERTEX_POINT ( 'NONE', #3728 ) ;
#814 = FACE_BOUND ( 'NONE', #2957, .T. ) ;
#815 = PRESENTATION_STYLE_ASSIGNMENT (( #2296 ) ) ;
#816 = ADVANCED_FACE ( 'NONE', ( #185 ), #2589, .F. ) ;
#817 = DIRECTION ( 'NONE',  ( -7.401486830834376525E-17, -1.000000000000000000, -0.0000000000000000000 ) ) ;
#818 = CARTESIAN_POINT ( 'NONE',  ( -149.9999999999999716, 0.0000000000000000000, 150.0000000000000000 ) ) ;
#819 = AXIS2_PLACEMENT_3D ( 'NONE', #2532, #3114, #1360 ) ;
#820 = CARTESIAN_POINT ( 'NONE',  ( -150.0000000000000284, 15.00000000000000000, -150.0000000000000000 ) ) ;
#821 =( GEOMETRIC_REPRESENTATION_CONTEXT ( 3 ) GLOBAL_UNCERTAINTY_ASSIGNED_CONTEXT ( ( #595 ) ) GLOBAL_UNIT_ASSIGNED_CONTEXT ( ( #648, #363, #943 ) ) REPRESENTATION_CONTEXT ( 'NONE', 'WORKASPACE' ) );
#822 = DIRECTION ( 'NONE',  ( -0.7071067811865466846, 0.0000000000000000000, 0.7071067811865484609 ) ) ;
#823 = CARTESIAN_POINT ( 'NONE',  ( 7.499999999998951949, -0.0009999999999992653654, 150.0000000000000853 ) ) ;
#824 = EDGE_LOOP ( 'NONE', ( #3425, #2913, #1542, #1183 ) ) ;
#825 = EDGE_CURVE ( 'NONE', #788, #2242, #2886, .T. ) ;
#826 = CARTESIAN_POINT ( 'NONE',  ( -124.9999999999999716, 15.00000000000000000, 4.500000000000003553 ) ) ;
#827 =( NAMED_UNIT ( * ) SI_UNIT ( $, .STERADIAN. ) SOLID_ANGLE_UNIT ( ) );
#828 = DIRECTION ( 'NONE',  ( -1.000000000000000000, 1.520853458390625560E-16, 1.982541115402066096E-16 ) ) ;
#829 = DIRECTION ( 'NONE',  ( -0.0000000000000000000, 1.000000000000000000, -0.0000000000000000000 ) ) ;
#830 = DIRECTION ( 'NONE',  ( -0.0000000000000000000, 1.000000000000000000, -0.0000000000000000000 ) ) ;
#831 = VERTEX_POINT ( 'NONE', #2826 ) ;
#832 = EDGE_CURVE ( 'NONE', #1586, #196, #2984, .T. ) ;
#833 = ADVANCED_FACE ( 'NONE', ( #3218 ), #2088, .F. ) ;
#834 = DIRECTION ( 'NONE',  ( 1.520853458390625560E-16, 1.000000000000000000, 0.0000000000000000000 ) ) ;
#835 = EDGE_CURVE ( 'NONE', #2090, #262, #1036, .T. ) ;
#836 = AXIS2_PLACEMENT_3D ( 'NONE', #2909, #3513, #234 ) ;
#837 = CARTESIAN_POINT ( 'NONE',  ( -89.99999999999998579, 355.0000000000000000, 47.50000000000000000 ) ) ;
#838 = LINE ( 'NONE', #267, #57 ) ;
#839 = STYLED_ITEM ( 'NONE', ( #1968 ), #1446 ) ;
#840 = CIRCLE ( 'NONE', #819, 5.099999999999993427 ) ;
#841 = AXIS2_PLACEMENT_3D ( 'NONE', #683, #3080, #3679 ) ;
#842 = LINE ( 'NONE', #2405, #2702 ) ;
#843 = CARTESIAN_POINT ( 'NONE',  ( 139.9999999999999716, 15.00000000000000000, -150.0000000000000000 ) ) ;
#844 = EDGE_LOOP ( 'NONE', ( #246, #1326, #633, #3167 ) ) ;
#845 = ORIENTED_EDGE ( 'NONE', *, *, #2721, .T. ) ;
#846 = CYLINDRICAL_SURFACE ( 'NONE', #2319, 2.500000000000002220 ) ;
#847 = ADVANCED_FACE ( 'NONE', ( #1992 ), #1212, .F. ) ;
#848 = SURFACE_SIDE_STYLE ('',( #34 ) ) ;
#849 = CARTESIAN_POINT ( 'NONE',  ( -80.00000000000005684, 15.00000000000001243, -69.99999999999998579 ) ) ;
#850 = ORIENTED_EDGE ( 'NONE', *, *, #647, .T. ) ;
#851 = ORIENTED_EDGE ( 'NONE', *, *, #1401, .F. ) ;
#852 = FILL_AREA_STYLE_COLOUR ( '', #1077 ) ;
#853 = ORIENTED_EDGE ( 'NONE', *, *, #3120, .T. ) ;
#854 = EDGE_CURVE ( 'NONE', #1918, #2375, #927, .T. ) ;
#855 = LINE ( 'NONE', #2489, #1186 ) ;
#856 = CARTESIAN_POINT ( 'NONE',  ( 149.9999999999999716, 15.00000000000000000, -150.0000000000000000 ) ) ;
#857 = ORIENTED_EDGE ( 'NONE', *, *, #3240, .T. ) ;
#858 = VERTEX_POINT ( 'NONE', #2578 ) ;
#859 = CARTESIAN_POINT ( 'NONE',  ( -69.99999999999994316, 380.0000000000000000, 80.00000000000001421 ) ) ;
#860 = CIRCLE ( 'NONE', #1119, 2.999999999999988898 ) ;
#861 = LINE ( 'NONE', #1986, #2767 ) ;
#862 = ORIENTED_EDGE ( 'NONE', *, *, #600, .T. ) ;
#863 = EDGE_CURVE ( 'NONE', #109, #1826, #3130, .T. ) ;
#864 = ORIENTED_EDGE ( 'NONE', *, *, #1665, .F. ) ;
#865 = DIRECTION ( 'NONE',  ( -0.0000000000000000000, 1.000000000000000000, -0.0000000000000000000 ) ) ;
#866 = VECTOR ( 'NONE', #1321, 1000.000000000000000 ) ;
#867 = VERTEX_POINT ( 'NONE', #1106 ) ;
#868 = CARTESIAN_POINT ( 'NONE',  ( 89.99999999999997158, 380.0000000000000000, 69.99999999999995737 ) ) ;
#869 =( NAMED_UNIT ( * ) PLANE_ANGLE_UNIT ( ) SI_UNIT ( $, .RADIAN. ) );
#870 = AXIS2_PLACEMENT_3D ( 'NONE', #889, #3055, #975 ) ;
#871 = PRESENTATION_LAYER_ASSIGNMENT (  '', '', ( #2028 ) ) ;
#872 = ORIENTED_EDGE ( 'NONE', *, *, #1253, .F. ) ;
#873 = VERTEX_POINT ( 'NONE', #2025 ) ;
#874 = DIRECTION ( 'NONE',  ( -0.7071067811865474617, -0.0000000000000000000, 0.7071067811865474617 ) ) ;
#875 = FILL_AREA_STYLE_COLOUR ( '', #3807 ) ;
#876 = CARTESIAN_POINT ( 'NONE',  ( 115.0000000000000568, 400.0000000000000000, -124.9999999999999432 ) ) ;
#877 = DIRECTION ( 'NONE',  ( -7.401486830834376525E-17, -1.000000000000000000, -0.0000000000000000000 ) ) ;
#878 = DIRECTION ( 'NONE',  ( 0.0000000000000000000, 0.0000000000000000000, 1.000000000000000000 ) ) ;
#879 = EDGE_CURVE ( 'NONE', #3153, #454, #416, .T. ) ;
#880 = ORIENTED_EDGE ( 'NONE', *, *, #2876, .F. ) ;
#881 = AXIS2_PLACEMENT_3D ( 'NONE', #2818, #2775, #1619 ) ;
#882 = DIRECTION ( 'NONE',  ( -0.7071067811865389130, 0.0000000000000000000, -0.7071067811865561215 ) ) ;
#883 = VECTOR ( 'NONE', #2039, 1000.000000000000000 ) ;
#884 = MECHANICAL_DESIGN_GEOMETRIC_PRESENTATION_REPRESENTATION (  '', ( #1881 ), #3241 ) ;
#885 = DIRECTION ( 'NONE',  ( 0.0000000000000000000, 0.0000000000000000000, 1.000000000000000000 ) ) ;
#886 = DIRECTION ( 'NONE',  ( 0.0000000000000000000, 0.0000000000000000000, 1.000000000000000000 ) ) ;
#887 = CIRCLE ( 'NONE', #3817, 75.00000000000001421 ) ;
#888 = UNCERTAINTY_MEASURE_WITH_UNIT (LENGTH_MEASURE( 1.000000000000000082E-05 ), #1160, 'distance_accuracy_value', 'NONE');
#889 = CARTESIAN_POINT ( 'NONE',  ( -89.99999999999998579, 355.0000000000000000, -45.00000000000000000 ) ) ;
#890 = DIRECTION ( 'NONE',  ( -0.0000000000000000000, 1.000000000000000000, -0.0000000000000000000 ) ) ;
#891 = MECHANICAL_DESIGN_GEOMETRIC_PRESENTATION_REPRESENTATION (  '', ( #344 ), #821 ) ;
#892 = CARTESIAN_POINT ( 'NONE',  ( 70.00000000000001421, 380.0000000000000000, -89.99999999999998579 ) ) ;
#893 = DIRECTION ( 'NONE',  ( 0.0000000000000000000, 0.0000000000000000000, 1.000000000000000000 ) ) ;
#894 = ORIENTED_EDGE ( 'NONE', *, *, #3010, .F. ) ;
#895 = EDGE_LOOP ( 'NONE', ( #3585, #3699, #1325, #2210 ) ) ;
#896 = ORIENTED_EDGE ( 'NONE', *, *, #575, .T. ) ;
#897 = ADVANCED_FACE ( 'NONE', ( #54 ), #2885, .F. ) ;
#898 = CYLINDRICAL_SURFACE ( 'NONE', #1367, 4.500000000000003553 ) ;
#899 = ORIENTED_EDGE ( 'NONE', *, *, #3156, .F. ) ;
#900 = ORIENTED_EDGE ( 'NONE', *, *, #2318, .F. ) ;
#901 = FACE_OUTER_BOUND ( 'NONE', #1076, .T. ) ;
#902 = DIRECTION ( 'NONE',  ( 0.0000000000000000000, 0.0000000000000000000, 1.000000000000000000 ) ) ;
#903 = DIRECTION ( 'NONE',  ( -0.7071067811865434649, -0.0000000000000000000, -0.7071067811865516806 ) ) ;
#904 = ORIENTED_EDGE ( 'NONE', *, *, #1768, .F. ) ;
#905 = VERTEX_POINT ( 'NONE', #2559 ) ;
#906 = EDGE_CURVE ( 'NONE', #831, #283, #1533, .T. ) ;
#907 = LINE ( 'NONE', #154, #2475 ) ;
#908 = PLANE ( 'NONE',  #1351 ) ;
#909 = DIRECTION ( 'NONE',  ( -0.0000000000000000000, 1.000000000000000000, -0.0000000000000000000 ) ) ;
#910 = EDGE_CURVE ( 'NONE', #1355, #2419, #3310, .T. ) ;
#911 = DIRECTION ( 'NONE',  ( -7.401486830834376525E-17, -1.000000000000000000, -0.0000000000000000000 ) ) ;
#912 = PRODUCT_DEFINITION_FORMATION_WITH_SPECIFIED_SOURCE ( 'ANY', '', #1029, .NOT_KNOWN. ) ;
#913 = DIRECTION ( 'NONE',  ( -1.000000000000000000, 7.401486830834376525E-17, 0.0000000000000000000 ) ) ;
#914 = CARTESIAN_POINT ( 'NONE',  ( -89.99999999999998579, 355.0000000000000000, -45.00000000000000000 ) ) ;
#915 = EDGE_LOOP ( 'NONE', ( #2654, #3106 ) ) ;
#916 = DIRECTION ( 'NONE',  ( -1.520853458390625560E-16, -1.000000000000000000, -0.0000000000000000000 ) ) ;
#917 = ADVANCED_FACE ( 'NONE', ( #744 ), #645, .F. ) ;
#918 = CARTESIAN_POINT ( 'NONE',  ( -89.99999999999998579, 355.0000000000000000, 47.50000000000000000 ) ) ;
#919 = DIRECTION ( 'NONE',  ( 0.0000000000000000000, 1.000000000000000000, 0.0000000000000000000 ) ) ;
#920 = VERTEX_POINT ( 'NONE', #1097 ) ;
#921 = EDGE_LOOP ( 'NONE', ( #1141, #3054, #1142, #1722 ) ) ;
#922 = EDGE_CURVE ( 'NONE', #1796, #1591, #2317, .T. ) ;
#923 = ORIENTED_EDGE ( 'NONE', *, *, #2293, .F. ) ;
#924 = CARTESIAN_POINT ( 'NONE',  ( -149.9999999999999716, 15.00000000000000000, 150.0000000000000000 ) ) ;
#925 = DIRECTION ( 'NONE',  ( -1.000000000000000000, -0.0000000000000000000, -0.0000000000000000000 ) ) ;
#926 = PLANE ( 'NONE',  #2843 ) ;
#927 = LINE ( 'NONE', #3119, #3826 ) ;
#928 = CIRCLE ( 'NONE', #1194, 10.00000000000002309 ) ;
#929 = EDGE_CURVE ( 'NONE', #1558, #1331, #3036, .T. ) ;
#930 = PLANE ( 'NONE',  #126 ) ;
#931 = CARTESIAN_POINT ( 'NONE',  ( -30.00000000000000000, 0.0000000000000000000, -125.0000000000000000 ) ) ;
#932 = ORIENTED_EDGE ( 'NONE', *, *, #3510, .T. ) ;
#933 = AXIS2_PLACEMENT_3D ( 'NONE', #1139, #834, #3824 ) ;
#934 = FACE_BOUND ( 'NONE', #1731, .T. ) ;
#935 = FACE_BOUND ( 'NONE', #2609, .T. ) ;
#936 = CARTESIAN_POINT ( 'NONE',  ( -139.9999999999999716, 15.00000000000000000, 150.0000000000000000 ) ) ;
#937 = LINE ( 'NONE', #2685, #3226 ) ;
#938 = PRESENTATION_LAYER_ASSIGNMENT (  '', '', ( #2396 ) ) ;
#939 = UNCERTAINTY_MEASURE_WITH_UNIT (LENGTH_MEASURE( 1.000000000000000082E-05 ), #2932, 'distance_accuracy_value', 'NONE');
#940 = AXIS2_PLACEMENT_3D ( 'NONE', #1332, #2506, #1063 ) ;
#941 = SURFACE_SIDE_STYLE ('',( #1269 ) ) ;
#942 = CARTESIAN_POINT ( 'NONE',  ( 70.00000000000000000, 380.0000000000000000, -92.00000000000001421 ) ) ;
#943 =( NAMED_UNIT ( * ) SI_UNIT ( $, .STERADIAN. ) SOLID_ANGLE_UNIT ( ) );
#944 = ORIENTED_EDGE ( 'NONE', *, *, #1048, .F. ) ;
#945 = VERTEX_POINT ( 'NONE', #1133 ) ;
#946 = VECTOR ( 'NONE', #1059, 1000.000000000000000 ) ;
#947 = FACE_OUTER_BOUND ( 'NONE', #2873, .T. ) ;
#948 = PRESENTATION_LAYER_ASSIGNMENT (  '', '', ( #1099 ) ) ;
#949 = ORIENTED_EDGE ( 'NONE', *, *, #2895, .T. ) ;
#950 = ORIENTED_EDGE ( 'NONE', *, *, #2539, .F. ) ;
#951 = ORIENTED_EDGE ( 'NONE', *, *, #1378, .F. ) ;
#952 = DIRECTION ( 'NONE',  ( 0.7071067811865475727, 0.0000000000000000000, -0.7071067811865475727 ) ) ;
#953 = LINE ( 'NONE', #2753, #1213 ) ;
#954 = COLOUR_RGB ( '',0.6470588235294117974, 0.6196078431372549211, 0.5882352941176470784 ) ;
#955 = VERTEX_POINT ( 'NONE', #2586 ) ;
#956 = EDGE_LOOP ( 'NONE', ( #2769, #1404, #807, #1138 ) ) ;
#957 = DIRECTION ( 'NONE',  ( 0.0000000000000000000, 0.0000000000000000000, 1.000000000000000000 ) ) ;
#958 = FACE_BOUND ( 'NONE', #1012, .T. ) ;
#959 = ORIENTED_EDGE ( 'NONE', *, *, #2024, .T. ) ;
#960 = VERTEX_POINT ( 'NONE', #2275 ) ;
#961 = DIRECTION ( 'NONE',  ( -7.401486830834376525E-17, -1.000000000000000000, -0.0000000000000000000 ) ) ;
#962 = CARTESIAN_POINT ( 'NONE',  ( 142.5000000000000568, -0.0009999999999992653654, 4.975360907851466735E-13 ) ) ;
#963 = PLANE ( 'NONE',  #3625 ) ;
#964 = DIRECTION ( 'NONE',  ( -0.0000000000000000000, 1.000000000000000000, -0.0000000000000000000 ) ) ;
#965 = ADVANCED_FACE ( 'NONE', ( #273 ), #3216, .F. ) ;
#966 = EDGE_CURVE ( 'NONE', #2160, #2434, #104, .T. ) ;
#967 = DIRECTION ( 'NONE',  ( 0.0000000000000000000, 0.0000000000000000000, 1.000000000000000000 ) ) ;
#968 = AXIS2_PLACEMENT_3D ( 'NONE', #3094, #1856, #1588 ) ;
#969 = AXIS2_PLACEMENT_3D ( 'NONE', #1403, #219, #3475 ) ;
#970 = CARTESIAN_POINT ( 'NONE',  ( 69.99999999999991473, 14.99999999999998934, -69.99999999999998579 ) ) ;
#971 = DIRECTION ( 'NONE',  ( -0.0000000000000000000, 1.000000000000000000, -0.0000000000000000000 ) ) ;
#972 = DIRECTION ( 'NONE',  ( 0.7071067811865490160, 0.0000000000000000000, -0.7071067811865460184 ) ) ;
#973 = MECHANICAL_DESIGN_GEOMETRIC_PRESENTATION_REPRESENTATION (  '', ( #1099 ), #1151 ) ;
#974 = EDGE_LOOP ( 'NONE', ( #3144, #2736, #1092, #536 ) ) ;
#975 = DIRECTION ( 'NONE',  ( 0.0000000000000000000, 0.0000000000000000000, 1.000000000000000000 ) ) ;
#976 = ORIENTED_EDGE ( 'NONE', *, *, #2515, .T. ) ;
#977 = PLANE ( 'NONE',  #2729 ) ;
#978 = DIRECTION ( 'NONE',  ( -1.982541115402065849E-16, -0.0000000000000000000, -1.000000000000000000 ) ) ;
#979 = ORIENTED_EDGE ( 'NONE', *, *, #1942, .T. ) ;
#980 = ORIENTED_EDGE ( 'NONE', *, *, #3206, .T. ) ;
#982 = VECTOR ( 'NONE', #257, 1000.000000000000000 ) ;
#981 = DIRECTION ( 'NONE',  ( -0.0000000000000000000, 1.000000000000000000, -0.0000000000000000000 ) ) ;
#983 = AXIS2_PLACEMENT_3D ( 'NONE', #128, #2177, #3370 ) ;
#984 = APPLICATION_PROTOCOL_DEFINITION ( 'draft international standard', 'automotive_design', 1998, #3666 ) ;
#985 = SURFACE_STYLE_FILL_AREA ( #2033 ) ;
#986 = DIRECTION ( 'NONE',  ( 0.0000000000000000000, 0.0000000000000000000, -1.000000000000000000 ) ) ;
#987 = EDGE_CURVE ( 'NONE', #2556, #445, #1668, .T. ) ;
#988 = CARTESIAN_POINT ( 'NONE',  ( -150.0000000000000284, 0.0000000000000000000, -150.0000000000000000 ) ) ;
#989 = LINE ( 'NONE', #557, #1313 ) ;
#990 = CARTESIAN_POINT ( 'NONE',  ( 30.00000000000000000, 15.00000000000000000, 128.4000000000000341 ) ) ;
#991 = PRODUCT_DEFINITION_FORMATION_WITH_SPECIFIED_SOURCE ( 'ANY', '', #726, .NOT_KNOWN. ) ;
#992 = VECTOR ( 'NONE', #1656, 1000.000000000000000 ) ;
#993 = VECTOR ( 'NONE', #46, 1000.000000000000000 ) ;
#994 = ORIENTED_EDGE ( 'NONE', *, *, #3387, .T. ) ;
#995 = ORIENTED_EDGE ( 'NONE', *, *, #1301, .T. ) ;
#996 = ORIENTED_EDGE ( 'NONE', *, *, #2785, .F. ) ;
#997 = AXIS2_PLACEMENT_3D ( 'NONE', #856, #274, #2648 ) ;
#998 = DIRECTION ( 'NONE',  ( -0.0000000000000000000, -0.0000000000000000000, 1.000000000000000000 ) ) ;
#999 = LINE ( 'NONE', #2969, #3379 ) ;
#1000 = DIRECTION ( 'NONE',  ( -0.7071067811865460184, 0.0000000000000000000, -0.7071067811865490160 ) ) ;
#1001 = CARTESIAN_POINT ( 'NONE',  ( 125.0000000000000568, 380.0000000000000000, -114.9999999999999858 ) ) ;
#1002 = DIRECTION ( 'NONE',  ( -1.520853458390625560E-16, -1.000000000000000000, -0.0000000000000000000 ) ) ;
#1003 = EDGE_LOOP ( 'NONE', ( #2557, #3611 ) ) ;
#1004 = VERTEX_POINT ( 'NONE', #1991 ) ;
#1005 = VECTOR ( 'NONE', #3461, 1000.000000000000000 ) ;
#1006 = PRESENTATION_STYLE_ASSIGNMENT (( #2178 ) ) ;
#1007 = DIRECTION ( 'NONE',  ( 0.0000000000000000000, 0.0000000000000000000, 1.000000000000000000 ) ) ;
#1008 = ORIENTED_EDGE ( 'NONE', *, *, #2312, .T. ) ;
#1009 = ORIENTED_EDGE ( 'NONE', *, *, #221, .F. ) ;
#1010 = VECTOR ( 'NONE', #736, 999.9999999999998863 ) ;
#1011 = DIRECTION ( 'NONE',  ( -0.0000000000000000000, 1.000000000000000000, -0.0000000000000000000 ) ) ;
#1012 = EDGE_LOOP ( 'NONE', ( #434, #1235 ) ) ;
#1013 = EDGE_CURVE ( 'NONE', #2429, #391, #3168, .T. ) ;
#1014 = ORIENTED_EDGE ( 'NONE', *, *, #1710, .T. ) ;
#1015 = CARTESIAN_POINT ( 'NONE',  ( 0.0000000000000000000, 15.00000000000000000, -120.5000000000000000 ) ) ;
#1016 = EDGE_CURVE ( 'NONE', #1755, #2893, #2360, .T. ) ;
#1017 = EDGE_LOOP ( 'NONE', ( #760, #1876 ) ) ;
#1018 = DIRECTION ( 'NONE',  ( 0.7071067811865474617, -0.0000000000000000000, 0.7071067811865474617 ) ) ;
#1019 = UNCERTAINTY_MEASURE_WITH_UNIT (LENGTH_MEASURE( 1.000000000000000082E-05 ), #1430, 'distance_accuracy_value', 'NONE');
#1020 = PLANE ( 'NONE',  #740 ) ;
#1021 = AXIS2_PLACEMENT_3D ( 'NONE', #3740, #168, #2238 ) ;
#1022 = ORIENTED_EDGE ( 'NONE', *, *, #2952, .T. ) ;
#1023 = DIRECTION ( 'NONE',  ( 0.0000000000000000000, -1.000000000000000000, -0.0000000000000000000 ) ) ;
#1024 = CYLINDRICAL_SURFACE ( 'NONE', #1140, 2.500000000000002220 ) ;
#1025 = CARTESIAN_POINT ( 'NONE',  ( 125.0000000000000000, 15.00000000000000000, -33.39999999999998437 ) ) ;
#1026 = DIRECTION ( 'NONE',  ( -1.520853458390625560E-16, -1.000000000000000000, -0.0000000000000000000 ) ) ;
#1027 = FILL_AREA_STYLE_COLOUR ( '', #3366 ) ;
#1028 = STYLED_ITEM ( 'NONE', ( #717 ), #1798 ) ;
#1029 = PRODUCT ( '4GAA002120103004X', '4GAA002120103004X', '', ( #69 ) ) ;
#1030 = ORIENTED_EDGE ( 'NONE', *, *, #575, .F. ) ;
#1031 = LINE ( 'NONE', #2863, #3406 ) ;
#1032 = SURFACE_SIDE_STYLE ('',( #3311 ) ) ;
#1033 = DIRECTION ( 'NONE',  ( 0.7071067811865516806, 0.0000000000000000000, -0.7071067811865434649 ) ) ;
#1034 = FILL_AREA_STYLE_COLOUR ( '', #1543 ) ;
#1035 = EDGE_CURVE ( 'NONE', #3063, #3736, #792, .T. ) ;
#1036 = LINE ( 'NONE', #3696, #597 ) ;
#1037 = ADVANCED_FACE ( 'NONE', ( #1443, #2231 ), #3253, .T. ) ;
#1038 = FACE_OUTER_BOUND ( 'NONE', #1704, .T. ) ;
#1039 = DIRECTION ( 'NONE',  ( 0.0000000000000000000, 0.0000000000000000000, 1.000000000000000000 ) ) ;
#1040 = VERTEX_POINT ( 'NONE', #2896 ) ;
#1041 = VECTOR ( 'NONE', #2458, 1000.000000000000000 ) ;
#1042 = DIRECTION ( 'NONE',  ( -0.7071067811865489050, 0.0000000000000000000, -0.7071067811865461294 ) ) ;
#1043 = FACE_OUTER_BOUND ( 'NONE', #2221, .T. ) ;
#1044 = CIRCLE ( 'NONE', #2810, 4.500000000000003553 ) ;
#1045 = CIRCLE ( 'NONE', #277, 2.500000000000002220 ) ;
#1046 = ORIENTED_EDGE ( 'NONE', *, *, #2928, .T. ) ;
#1047 = FILL_AREA_STYLE_COLOUR ( '', #227 ) ;
#1048 = EDGE_CURVE ( 'NONE', #1429, #1913, #838, .T. ) ;
#1049 = SURFACE_STYLE_FILL_AREA ( #781 ) ;
#1050 = LINE ( 'NONE', #1568, #157 ) ;
#1051 = LINE ( 'NONE', #3850, #564 ) ;
#1052 = ORIENTED_EDGE ( 'NONE', *, *, #3584, .F. ) ;
#1053 = ORIENTED_EDGE ( 'NONE', *, *, #1618, .F. ) ;
#1054 = ORIENTED_EDGE ( 'NONE', *, *, #2342, .F. ) ;
#1055 = ORIENTED_EDGE ( 'NONE', *, *, #3042, .F. ) ;
#1056 = AXIS2_PLACEMENT_3D ( 'NONE', #455, #1953, #1655 ) ;
#1057 = DIRECTION ( 'NONE',  ( -1.000000000000000000, -0.0000000000000000000, -0.0000000000000000000 ) ) ;
#1058 = FACE_OUTER_BOUND ( 'NONE', #2124, .T. ) ;
#1059 = DIRECTION ( 'NONE',  ( -0.0000000000000000000, 1.000000000000000000, -0.0000000000000000000 ) ) ;
#1060 = EDGE_LOOP ( 'NONE', ( #2433, #2951, #179, #2691 ) ) ;
#1061 = DIRECTION ( 'NONE',  ( -0.0000000000000000000, 1.000000000000000000, -0.0000000000000000000 ) ) ;
#1062 = CARTESIAN_POINT ( 'NONE',  ( -90.00000000000000000, 400.0000000000000000, 90.00000000000000000 ) ) ;
#1063 = DIRECTION ( 'NONE',  ( 0.0000000000000000000, 0.0000000000000000000, 1.000000000000000000 ) ) ;
#1064 = ORIENTED_EDGE ( 'NONE', *, *, #825, .F. ) ;
#1065 = ORIENTED_EDGE ( 'NONE', *, *, #1401, .T. ) ;
#1066 = EDGE_CURVE ( 'NONE', #413, #3258, #937, .T. ) ;
#1067 = ORIENTED_EDGE ( 'NONE', *, *, #3682, .T. ) ;
#1068 = CARTESIAN_POINT ( 'NONE',  ( -149.9999999999999716, 0.0000000000000000000, 150.0000000000000000 ) ) ;
#1069 = EDGE_CURVE ( 'NONE', #3258, #566, #568, .T. ) ;
#1070 = EDGE_LOOP ( 'NONE', ( #3401, #716, #2069, #345 ) ) ;
#1071 = STYLED_ITEM ( 'NONE', ( #1760 ), #2473 ) ;
#1072 = MECHANICAL_DESIGN_GEOMETRIC_PRESENTATION_REPRESENTATION (  '', ( #2526 ), #2837 ) ;
#1073 = ORIENTED_EDGE ( 'NONE', *, *, #3331, .T. ) ;
#1074 = CARTESIAN_POINT ( 'NONE',  ( -124.9999999999999432, 400.0000000000000000, 115.0000000000000426 ) ) ;
#1076 = EDGE_LOOP ( 'NONE', ( #1153, #3280, #3635, #2716 ) ) ;
#1075 = CARTESIAN_POINT ( 'NONE',  ( -90.00000000000000000, 400.0000000000000000, 95.09999999999999432 ) ) ;
#1077 = COLOUR_RGB ( '',1.000000000000000000, 1.000000000000000000, 1.000000000000000000 ) ;
#1078 = CIRCLE ( 'NONE', #1949, 2.500000000000002220 ) ;
#1079 = DIRECTION ( 'NONE',  ( -1.000000000000000000, 1.486905836551548832E-16, -9.912705577010325549E-17 ) ) ;
#1080 = CARTESIAN_POINT ( 'NONE',  ( 124.9999999999999716, 15.00000000000000000, -4.499999999999990230 ) ) ;
#1081 = LINE ( 'NONE', #1987, #150 ) ;
#1082 = VECTOR ( 'NONE', #3135, 1000.000000000000000 ) ;
#1083 = EDGE_CURVE ( 'NONE', #3608, #675, #476, .T. ) ;
#1084 = DIRECTION ( 'NONE',  ( -0.0000000000000000000, 1.000000000000000000, -0.0000000000000000000 ) ) ;
#1085 = ORIENTED_EDGE ( 'NONE', *, *, #1898, .T. ) ;
#1086 = ORIENTED_EDGE ( 'NONE', *, *, #132, .T. ) ;
#1087 = ORIENTED_EDGE ( 'NONE', *, *, #1944, .F. ) ;
#1088 = LINE ( 'NONE', #2605, #3468 ) ;
#1089 =( NAMED_UNIT ( * ) SI_UNIT ( $, .STERADIAN. ) SOLID_ANGLE_UNIT ( ) );
#1090 = ORIENTED_EDGE ( 'NONE', *, *, #728, .T. ) ;
#1091 = DIRECTION ( 'NONE',  ( 1.520853458390625560E-16, 1.000000000000000000, 0.0000000000000000000 ) ) ;
#1092 = ORIENTED_EDGE ( 'NONE', *, *, #3780, .T. ) ;
#1093 = CIRCLE ( 'NONE', #638, 2.500000000000002220 ) ;
#1094 = VECTOR ( 'NONE', #3389, 999.9999999999998863 ) ;
#1095 = EDGE_LOOP ( 'NONE', ( #1524, #1620, #2121, #442 ) ) ;
#1096 = ORIENTED_EDGE ( 'NONE', *, *, #231, .F. ) ;
#1097 = CARTESIAN_POINT ( 'NONE',  ( -150.0000000000000284, 15.00000000000000000, -139.9999999999999432 ) ) ;
#1098 = CIRCLE ( 'NONE', #3447, 3.400000000000000355 ) ;
#1099 = STYLED_ITEM ( 'NONE', ( #2821 ), #1838 ) ;
#1100 = DIRECTION ( 'NONE',  ( -0.0000000000000000000, 1.000000000000000000, -0.0000000000000000000 ) ) ;
#1101 = VERTEX_POINT ( 'NONE', #3294 ) ;
#1102 = CARTESIAN_POINT ( 'NONE',  ( -124.9999999999999716, 0.0000000000000000000, 33.39999999999999858 ) ) ;
#1103 = CARTESIAN_POINT ( 'NONE',  ( -80.00000000000000000, 380.0000000000000000, -69.99999999999998579 ) ) ;
#1104 = CARTESIAN_POINT ( 'NONE',  ( 124.9999999999999716, 15.00000000000000000, -125.0000000000000000 ) ) ;
#1105 = EDGE_CURVE ( 'NONE', #3643, #3112, #860, .T. ) ;
#1106 = CARTESIAN_POINT ( 'NONE',  ( -150.0000000000000284, 0.0000000000000000000, -139.9999999999999432 ) ) ;
#1107 = AXIS2_PLACEMENT_3D ( 'NONE', #1602, #3714, #2741 ) ;
#1108 = ADVANCED_FACE ( 'NONE', ( #80 ), #908, .F. ) ;
#1109 = CARTESIAN_POINT ( 'NONE',  ( -69.99999999999998579, 380.0000000000000000, -89.99999999999997158 ) ) ;
#1110 = DIRECTION ( 'NONE',  ( 1.520853458390625560E-16, 1.000000000000000000, 0.0000000000000000000 ) ) ;
#1111 = EDGE_CURVE ( 'NONE', #1298, #1398, #2212, .T. ) ;
#1112 = ORIENTED_EDGE ( 'NONE', *, *, #348, .F. ) ;
#1113 = PRODUCT_RELATED_PRODUCT_CATEGORY ( 'part', '', ( #1029 ) ) ;
#1114 = CARTESIAN_POINT ( 'NONE',  ( 124.9999999999999716, 0.0000000000000000000, 4.499999999999990230 ) ) ;
#1115 = PLANE ( 'NONE',  #3318 ) ;
#1116 = VERTEX_POINT ( 'NONE', #859 ) ;
#1117 = CIRCLE ( 'NONE', #1412, 3.400000000000000355 ) ;
#1118 = DIRECTION ( 'NONE',  ( -0.0000000000000000000, 1.000000000000000000, -0.0000000000000000000 ) ) ;
#1119 = AXIS2_PLACEMENT_3D ( 'NONE', #546, #1491, #3551 ) ;
#1120 = LINE ( 'NONE', #3126, #1707 ) ;
#1121 = FACE_OUTER_BOUND ( 'NONE', #3376, .T. ) ;
#1122 = FACE_BOUND ( 'NONE', #1003, .T. ) ;
#1123 = CIRCLE ( 'NONE', #3291, 2.500000000000002220 ) ;
#1124 = ADVANCED_FACE ( 'NONE', ( #1058 ), #1279, .F. ) ;
#1126 = VECTOR ( 'NONE', #2574, 999.9999999999998863 ) ;
#1125 =( NAMED_UNIT ( * ) PLANE_ANGLE_UNIT ( ) SI_UNIT ( $, .RADIAN. ) );
#1127 = CARTESIAN_POINT ( 'NONE',  ( -69.99999999999998579, 380.0000000000000000, -69.99999999999998579 ) ) ;
#1128 = FACE_OUTER_BOUND ( 'NONE', #1742, .T. ) ;
#1129 = DIRECTION ( 'NONE',  ( -1.000000000000000000, -0.0000000000000000000, -0.0000000000000000000 ) ) ;
#1130 = EDGE_LOOP ( 'NONE', ( #718, #1506, #3183, #2058 ) ) ;
#1131 = DIRECTION ( 'NONE',  ( -0.7071067811865390240, -0.0000000000000000000, -0.7071067811865561215 ) ) ;
#1132 = FACE_OUTER_BOUND ( 'NONE', #2066, .T. ) ;
#1133 = CARTESIAN_POINT ( 'NONE',  ( -89.99999999999998579, 315.0000000000000000, -42.49999999999999289 ) ) ;
#1134 = CIRCLE ( 'NONE', #3512, 3.000000000000002665 ) ;
#1135 = VERTEX_POINT ( 'NONE', #2998 ) ;
#1136 = ORIENTED_EDGE ( 'NONE', *, *, #1575, .T. ) ;
#1137 = EDGE_CURVE ( 'NONE', #1283, #3361, #623, .T. ) ;
#1138 = ORIENTED_EDGE ( 'NONE', *, *, #1452, .F. ) ;
#1139 = CARTESIAN_POINT ( 'NONE',  ( -70.00000000000004263, 15.00000000000001066, 69.99999999999998579 ) ) ;
#1140 = AXIS2_PLACEMENT_3D ( 'NONE', #2053, #2972, #602 ) ;
#1141 = ORIENTED_EDGE ( 'NONE', *, *, #3071, .F. ) ;
#1142 = ORIENTED_EDGE ( 'NONE', *, *, #2539, .T. ) ;
#1143 = LINE ( 'NONE', #2714, #1642 ) ;
#1144 = CARTESIAN_POINT ( 'NONE',  ( -90.00000000000000000, 400.0000000000000000, 90.00000000000000000 ) ) ;
#1145 = AXIS2_PLACEMENT_3D ( 'NONE', #2154, #2170, #3667 ) ;
#1146 = EDGE_LOOP ( 'NONE', ( #1930, #3567 ) ) ;
#1147 = AXIS2_PLACEMENT_3D ( 'NONE', #3040, #632, #1250 ) ;
#1148 = DIRECTION ( 'NONE',  ( 0.0000000000000000000, 0.7071067811865474617, 0.7071067811865474617 ) ) ;
#1149 = DIRECTION ( 'NONE',  ( 0.0000000000000000000, 0.0000000000000000000, 1.000000000000000000 ) ) ;
#1150 = CARTESIAN_POINT ( 'NONE',  ( -150.0000000000000284, 15.00000000000000000, -150.0000000000000000 ) ) ;
#1151 =( GEOMETRIC_REPRESENTATION_CONTEXT ( 3 ) GLOBAL_UNCERTAINTY_ASSIGNED_CONTEXT ( ( #1983 ) ) GLOBAL_UNIT_ASSIGNED_CONTEXT ( ( #3437, #1623, #2200 ) ) REPRESENTATION_CONTEXT ( 'NONE', 'WORKASPACE' ) );
#1152 = VERTEX_POINT ( 'NONE', #3264 ) ;
#1153 = ORIENTED_EDGE ( 'NONE', *, *, #44, .F. ) ;
#1154 = EDGE_CURVE ( 'NONE', #3362, #1004, #3526, .T. ) ;
#1155 = FILL_AREA_STYLE ('',( #1751 ) ) ;
#1156 = ORIENTED_EDGE ( 'NONE', *, *, #270, .F. ) ;
#1157 = CARTESIAN_POINT ( 'NONE',  ( -80.00000000000001421, 315.0000000000000000, 47.50000000000000000 ) ) ;
#1158 = CARTESIAN_POINT ( 'NONE',  ( 90.00000000000000000, 380.0000000000000000, -90.00000000000000000 ) ) ;
#1159 = EDGE_LOOP ( 'NONE', ( #2470, #2607, #2659, #39 ) ) ;
#1160 =( LENGTH_UNIT ( ) NAMED_UNIT ( * ) SI_UNIT ( .MILLI., .METRE. ) );
#1161 = DIRECTION ( 'NONE',  ( 0.7071067811865561215, 0.0000000000000000000, -0.7071067811865389130 ) ) ;
#1162 = AXIS2_PLACEMENT_3D ( 'NONE', #87, #2787, #2750 ) ;
#1163 = STYLED_ITEM ( 'NONE', ( #3557 ), #2129 ) ;
#1164 = ORIENTED_EDGE ( 'NONE', *, *, #2017, .T. ) ;
#1165 = DIRECTION ( 'NONE',  ( 0.0000000000000000000, 1.000000000000000000, 0.0000000000000000000 ) ) ;
#1166 = DIRECTION ( 'NONE',  ( 0.0000000000000000000, 1.000000000000000000, 0.0000000000000000000 ) ) ;
#1167 = LINE ( 'NONE', #2723, #2048 ) ;
#1168 = CARTESIAN_POINT ( 'NONE',  ( -90.00000000000000000, 400.0000000000000000, 84.90000000000000568 ) ) ;
#1169 = CARTESIAN_POINT ( 'NONE',  ( -70.00000000000000000, 400.0000000000000000, 95.00000000000000000 ) ) ;
#1170 = AXIS2_PLACEMENT_3D ( 'NONE', #2081, #2704, #3565 ) ;
#1171 = COLOUR_RGB ( '',0.6470588235294117974, 0.6196078431372549211, 0.5882352941176470784 ) ;
#1172 = FILL_AREA_STYLE_COLOUR ( '', #418 ) ;
#1173 = CIRCLE ( 'NONE', #1932, 3.400000000000000355 ) ;
#1174 =( NAMED_UNIT ( * ) SI_UNIT ( $, .STERADIAN. ) SOLID_ANGLE_UNIT ( ) );
#1175 = VERTEX_POINT ( 'NONE', #2098 ) ;
#1176 = EDGE_LOOP ( 'NONE', ( #1324, #1350, #3440, #124 ) ) ;
#1177 = CARTESIAN_POINT ( 'NONE',  ( -69.99999999999998579, 380.0000000000000000, 69.99999999999998579 ) ) ;
#1178 = ORIENTED_EDGE ( 'NONE', *, *, #1669, .F. ) ;
#1179 = CIRCLE ( 'NONE', #280, 62.50000000000000000 ) ;
#1180 = LINE ( 'NONE', #2637, #2561 ) ;
#1181 =( LENGTH_UNIT ( ) NAMED_UNIT ( * ) SI_UNIT ( .MILLI., .METRE. ) );
#1182 = AXIS2_PLACEMENT_3D ( 'NONE', #1648, #1634, #2512 ) ;
#1183 = ORIENTED_EDGE ( 'NONE', *, *, #3436, .F. ) ;
#1185 = VERTEX_POINT ( 'NONE', #2050 ) ;
#1184 = DIRECTION ( 'NONE',  ( 0.0000000000000000000, 1.000000000000000000, 0.0000000000000000000 ) ) ;
#1186 = VECTOR ( 'NONE', #1026, 1000.000000000000000 ) ;
#1187 = ORIENTED_EDGE ( 'NONE', *, *, #533, .T. ) ;
#1188 = EDGE_CURVE ( 'NONE', #3618, #1719, #3713, .T. ) ;
#1189 = ORIENTED_EDGE ( 'NONE', *, *, #2391, .F. ) ;
#1190 = VECTOR ( 'NONE', #3730, 1000.000000000000000 ) ;
#1191 = DIRECTION ( 'NONE',  ( 0.0000000000000000000, 0.0000000000000000000, 1.000000000000000000 ) ) ;
#1192 = DIRECTION ( 'NONE',  ( -0.0000000000000000000, 1.000000000000000000, -0.0000000000000000000 ) ) ;
#1193 = CARTESIAN_POINT ( 'NONE',  ( 0.0000000000000000000, 0.0000000000000000000, -142.5000000000000568 ) ) ;
#1194 = AXIS2_PLACEMENT_3D ( 'NONE', #3351, #3375, #72 ) ;
#1195 = AXIS2_PLACEMENT_3D ( 'NONE', #1104, #2582, #3816 ) ;
#1196 = ADVANCED_FACE ( 'NONE', ( #1601 ), #3150, .F. ) ;
#1197 = VERTEX_POINT ( 'NONE', #315 ) ;
#1198 = DIRECTION ( 'NONE',  ( -0.0000000000000000000, 1.000000000000000000, -0.0000000000000000000 ) ) ;
#1199 = CARTESIAN_POINT ( 'NONE',  ( -90.00000000000000000, 400.0000000000000000, -90.00000000000000000 ) ) ;
#1200 = CARTESIAN_POINT ( 'NONE',  ( 79.99999999999997158, 380.0000000000000000, -69.99999999999998579 ) ) ;
#1201 = CARTESIAN_POINT ( 'NONE',  ( -139.9999999999999716, 15.00000000000000000, 150.0000000000000000 ) ) ;
#1202 = VERTEX_POINT ( 'NONE', #1829 ) ;
#1203 = CARTESIAN_POINT ( 'NONE',  ( -149.9999999999999432, -0.0009999999999992653654, -7.500000000001570299 ) ) ;
#1204 = EDGE_CURVE ( 'NONE', #3427, #3749, #2115, .T. ) ;
#1205 = EDGE_LOOP ( 'NONE', ( #133, #1223, #663, #3517 ) ) ;
#1206 = CARTESIAN_POINT ( 'NONE',  ( -150.0000000000000284, 0.0000000000000000000, -150.0000000000000000 ) ) ;
#1207 = EDGE_CURVE ( 'NONE', #2847, #1719, #1143, .T. ) ;
#1208 = ORIENTED_EDGE ( 'NONE', *, *, #2125, .F. ) ;
#1209 = FACE_OUTER_BOUND ( 'NONE', #561, .T. ) ;
#1210 =( NAMED_UNIT ( * ) PLANE_ANGLE_UNIT ( ) SI_UNIT ( $, .RADIAN. ) );
#1211 = ADVANCED_FACE ( 'NONE', ( #1924, #2617, #1825, #2387, #814, #252, #2016, #1237, #3337, #1516, #441, #672, #2335, #768 ), #3056, .T. ) ;
#1212 = CYLINDRICAL_SURFACE ( 'NONE', #720, 10.00000000000002309 ) ;
#1213 = VECTOR ( 'NONE', #978, 1000.000000000000000 ) ;
#1214 = STYLED_ITEM ( 'NONE', ( #3219 ), #2745 ) ;
#1215 = VECTOR ( 'NONE', #352, 1000.000000000000000 ) ;
#1216 = DIRECTION ( 'NONE',  ( -0.0000000000000000000, 1.000000000000000000, -0.0000000000000000000 ) ) ;
#1217 = FACE_OUTER_BOUND ( 'NONE', #3229, .T. ) ;
#1218 = ADVANCED_FACE ( 'NONE', ( #3758 ), #3858, .F. ) ;
#1219 =( NAMED_UNIT ( * ) PLANE_ANGLE_UNIT ( ) SI_UNIT ( $, .RADIAN. ) );
#1220 = FACE_OUTER_BOUND ( 'NONE', #2152, .T. ) ;
#1221 = DIRECTION ( 'NONE',  ( -0.0000000000000000000, 1.000000000000000000, -0.0000000000000000000 ) ) ;
#1222 = CIRCLE ( 'NONE', #881, 7.500000000000007105 ) ;
#1223 = ORIENTED_EDGE ( 'NONE', *, *, #1312, .F. ) ;
#1224 = SURFACE_STYLE_FILL_AREA ( #1510 ) ;
#1225 = LINE ( 'NONE', #3290, #3792 ) ;
#1226 = EDGE_CURVE ( 'NONE', #560, #401, #2522, .T. ) ;
#1227 = ORIENTED_EDGE ( 'NONE', *, *, #1551, .T. ) ;
#1228 = VERTEX_POINT ( 'NONE', #2749 ) ;
#1229 = ORIENTED_EDGE ( 'NONE', *, *, #1513, .T. ) ;
#1230 = LINE ( 'NONE', #2171, #3201 ) ;
#1231 = CARTESIAN_POINT ( 'NONE',  ( -139.9999999999999716, 0.0000000000000000000, 150.0000000000000000 ) ) ;
#1232 = FACE_OUTER_BOUND ( 'NONE', #3274, .T. ) ;
#1233 = CARTESIAN_POINT ( 'NONE',  ( 124.9999999999999716, 0.0000000000000000000, 132.5000000000000000 ) ) ;
#1234 = DIRECTION ( 'NONE',  ( 0.0000000000000000000, -0.0000000000000000000, 1.000000000000000000 ) ) ;
#1235 = ORIENTED_EDGE ( 'NONE', *, *, #654, .T. ) ;
#1236 = VERTEX_POINT ( 'NONE', #1816 ) ;
#1237 = FACE_BOUND ( 'NONE', #3421, .T. ) ;
#1238 = VECTOR ( 'NONE', #2975, 1000.000000000000000 ) ;
#1239 = MECHANICAL_DESIGN_GEOMETRIC_PRESENTATION_REPRESENTATION (  '', ( #3176 ), #3439 ) ;
#1240 = ORIENTED_EDGE ( 'NONE', *, *, #158, .F. ) ;
#1241 = CARTESIAN_POINT ( 'NONE',  ( -124.9999999999999716, 0.0000000000000000000, 117.5000000000000142 ) ) ;
#1242 = EDGE_CURVE ( 'NONE', #3736, #1185, #2868, .T. ) ;
#1243 = CARTESIAN_POINT ( 'NONE',  ( 124.9999999999999716, 0.0000000000000000000, -132.5000000000000000 ) ) ;
#1244 = AXIS2_PLACEMENT_3D ( 'NONE', #3631, #1246, #1191 ) ;
#1245 = PLANE ( 'NONE',  #1824 ) ;
#1246 = DIRECTION ( 'NONE',  ( -0.0000000000000000000, 1.000000000000000000, -0.0000000000000000000 ) ) ;
#1247 = ORIENTED_EDGE ( 'NONE', *, *, #3281, .F. ) ;
#1248 = CARTESIAN_POINT ( 'NONE',  ( 125.0000000000000568, 400.0000000000000000, 115.0000000000000142 ) ) ;
#1249 = CARTESIAN_POINT ( 'NONE',  ( 0.0000000000000000000, 380.0000000000000000, 0.0000000000000000000 ) ) ;
#1250 = DIRECTION ( 'NONE',  ( 0.0000000000000000000, 0.0000000000000000000, 1.000000000000000000 ) ) ;
#1251 = ORIENTED_EDGE ( 'NONE', *, *, #2096, .F. ) ;
#1252 = DIRECTION ( 'NONE',  ( 0.0000000000000000000, 0.0000000000000000000, -1.000000000000000000 ) ) ;
#1253 = EDGE_CURVE ( 'NONE', #2830, #548, #1733, .T. ) ;
#1254 = FILL_AREA_STYLE_COLOUR ( '', #954 ) ;
#1255 = ORIENTED_EDGE ( 'NONE', *, *, #2059, .T. ) ;
#1256 = ORIENTED_EDGE ( 'NONE', *, *, #3484, .T. ) ;
#1257 = DIRECTION ( 'NONE',  ( 0.0000000000000000000, 1.000000000000000000, 0.0000000000000000000 ) ) ;
#1258 = EDGE_CURVE ( 'NONE', #3066, #2012, #3064, .T. ) ;
#1259 = DIRECTION ( 'NONE',  ( -0.0000000000000000000, 1.000000000000000000, -0.0000000000000000000 ) ) ;
#1260 = DIRECTION ( 'NONE',  ( 0.7071067811865475727, 0.0000000000000000000, 0.7071067811865475727 ) ) ;
#1261 = LINE ( 'NONE', #1853, #230 ) ;
#1262 = FACE_OUTER_BOUND ( 'NONE', #3204, .T. ) ;
#1263 = CIRCLE ( 'NONE', #940, 7.499999999999992895 ) ;
#1264 = AXIS2_PLACEMENT_3D ( 'NONE', #2061, #1474, #1762 ) ;
#1265 = CARTESIAN_POINT ( 'NONE',  ( -150.0000000000000284, 15.00000000000000000, -139.9999999999999432 ) ) ;
#1266 = CARTESIAN_POINT ( 'NONE',  ( 150.0000000000000284, 15.00000000000000000, 139.9999999999999432 ) ) ;
#1267 = VECTOR ( 'NONE', #3445, 1000.000000000000000 ) ;
#1268 = ADVANCED_FACE ( 'NONE', ( #1553, #958, #2248, #2955, #1374, #3664, #29, #2065 ), #930, .T. ) ;
#1269 = SURFACE_STYLE_FILL_AREA ( #4 ) ;
#1270 = PRODUCT_CONTEXT ( 'NONE', #3338, 'mechanical' ) ;
#1271 = ORIENTED_EDGE ( 'NONE', *, *, #205, .T. ) ;
#1272 =( NAMED_UNIT ( * ) PLANE_ANGLE_UNIT ( ) SI_UNIT ( $, .RADIAN. ) );
#1273 = ORIENTED_EDGE ( 'NONE', *, *, #62, .T. ) ;
#1274 = CARTESIAN_POINT ( 'NONE',  ( -69.99999999999994316, 380.0000000000000000, 80.00000000000001421 ) ) ;
#1275 = VECTOR ( 'NONE', #2089, 1000.000000000000000 ) ;
#1276 = FACE_OUTER_BOUND ( 'NONE', #3820, .T. ) ;
#1277 = ORIENTED_EDGE ( 'NONE', *, *, #2877, .T. ) ;
#1278 = VERTEX_POINT ( 'NONE', #1801 ) ;
#1279 = CYLINDRICAL_SURFACE ( 'NONE', #3203, 3.000000000000002665 ) ;
#1280 = EDGE_CURVE ( 'NONE', #2041, #2073, #1098, .T. ) ;
#1281 = CIRCLE ( 'NONE', #1170, 62.50000000000000000 ) ;
#1282 = ORIENTED_EDGE ( 'NONE', *, *, #493, .T. ) ;
#1283 = VERTEX_POINT ( 'NONE', #56 ) ;
#1284 = CARTESIAN_POINT ( 'NONE',  ( -124.9999999999999432, 400.0000000000000000, -114.9999999999999574 ) ) ;
#1285 = DIRECTION ( 'NONE',  ( 0.0000000000000000000, -1.000000000000000000, 0.0000000000000000000 ) ) ;
#1286 = CARTESIAN_POINT ( 'NONE',  ( 139.9999999999999716, 15.00000000000000000, -150.0000000000000000 ) ) ;
#1287 = DIRECTION ( 'NONE',  ( 1.000000000000000000, -1.520853458390625560E-16, 0.0000000000000000000 ) ) ;
#1288 = EDGE_CURVE ( 'NONE', #196, #2882, #2388, .T. ) ;
#1289 = DIRECTION ( 'NONE',  ( 1.000000000000000000, 0.0000000000000000000, 9.912705577010335410E-17 ) ) ;
#1290 = DIRECTION ( 'NONE',  ( -7.401486830834376525E-17, -1.000000000000000000, -0.0000000000000000000 ) ) ;
#1291 = DIRECTION ( 'NONE',  ( -0.0000000000000000000, 1.000000000000000000, 0.0000000000000000000 ) ) ;
#1292 = ORIENTED_EDGE ( 'NONE', *, *, #1242, .F. ) ;
#1293 = EDGE_LOOP ( 'NONE', ( #1735, #567, #1357, #950 ) ) ;
#1294 =( NAMED_UNIT ( * ) PLANE_ANGLE_UNIT ( ) SI_UNIT ( $, .RADIAN. ) );
#1295 =( GEOMETRIC_REPRESENTATION_CONTEXT ( 3 ) GLOBAL_UNCERTAINTY_ASSIGNED_CONTEXT ( ( #1576 ) ) GLOBAL_UNIT_ASSIGNED_CONTEXT ( ( #516, #2592, #827 ) ) REPRESENTATION_CONTEXT ( 'NONE', 'WORKASPACE' ) );
#1296 = DIRECTION ( 'NONE',  ( -9.912705577010335410E-17, 1.507577255880420397E-32, 1.000000000000000000 ) ) ;
#1297 = CARTESIAN_POINT ( 'NONE',  ( -124.9999999999999716, 15.00000000000000000, 4.499999999999997335 ) ) ;
#1298 = VERTEX_POINT ( 'NONE', #3128 ) ;
#1299 = UNCERTAINTY_MEASURE_WITH_UNIT (LENGTH_MEASURE( 1.000000000000000082E-05 ), #2378, 'distance_accuracy_value', 'NONE');
#1300 = CARTESIAN_POINT ( 'NONE',  ( -150.0000000000000284, 15.00000000000000000, -139.9999999999999432 ) ) ;
#1301 = EDGE_CURVE ( 'NONE', #3066, #1278, #1684, .T. ) ;
#1302 = DIRECTION ( 'NONE',  ( -1.850371707708594316E-16, -0.0000000000000000000, -1.000000000000000000 ) ) ;
#1303 = ORIENTED_EDGE ( 'NONE', *, *, #1066, .F. ) ;
#1304 = CIRCLE ( 'NONE', #3390, 4.500000000000003553 ) ;
#1305 = EDGE_CURVE ( 'NONE', #1505, #2290, #2820, .T. ) ;
#1306 = DIRECTION ( 'NONE',  ( 1.520853458390625560E-16, 1.000000000000000000, 0.0000000000000000000 ) ) ;
#1307 = VECTOR ( 'NONE', #3525, 1000.000000000000000 ) ;
#1308 = DIRECTION ( 'NONE',  ( -1.520853458390625560E-16, -1.000000000000000000, -0.0000000000000000000 ) ) ;
#1309 = PRESENTATION_STYLE_ASSIGNMENT (( #298 ) ) ;
#1310 = LINE ( 'NONE', #2743, #649 ) ;
#1311 = DIRECTION ( 'NONE',  ( -1.000000000000000000, 0.0000000000000000000, 0.0000000000000000000 ) ) ;
#1312 = EDGE_CURVE ( 'NONE', #1927, #1197, #3105, .T. ) ;
#1313 = VECTOR ( 'NONE', #877, 1000.000000000000000 ) ;
#1314 = CARTESIAN_POINT ( 'NONE',  ( 7.499999999998951949, 15.00000000000000000, 150.0000000000000853 ) ) ;
#1315 = CYLINDRICAL_SURFACE ( 'NONE', #2879, 7.500000000000007105 ) ;
#1316 = VERTEX_POINT ( 'NONE', #2188 ) ;
#1317 = PRESENTATION_LAYER_ASSIGNMENT (  '', '', ( #839 ) ) ;
#1318 = ORIENTED_EDGE ( 'NONE', *, *, #221, .T. ) ;
#1319 = AXIS2_PLACEMENT_3D ( 'NONE', #1467, #2063, #2638 ) ;
#1320 = CIRCLE ( 'NONE', #23, 75.00000000000001421 ) ;
#1321 = DIRECTION ( 'NONE',  ( -0.0000000000000000000, 1.000000000000000000, -0.0000000000000000000 ) ) ;
#1322 = CARTESIAN_POINT ( 'NONE',  ( 139.9999999999998863, 0.0000000000000000000, -150.0000000000000284 ) ) ;
#1323 = SURFACE_SIDE_STYLE ('',( #1624 ) ) ;
#1324 = ORIENTED_EDGE ( 'NONE', *, *, #2583, .T. ) ;
#1325 = ORIENTED_EDGE ( 'NONE', *, *, #1421, .F. ) ;
#1326 = ORIENTED_EDGE ( 'NONE', *, *, #1942, .F. ) ;
#1327 = LINE ( 'NONE', #3754, #2671 ) ;
#1328 =( LENGTH_UNIT ( ) NAMED_UNIT ( * ) SI_UNIT ( .MILLI., .METRE. ) );
#1329 = ORIENTED_EDGE ( 'NONE', *, *, #3030, .T. ) ;
#1330 = CARTESIAN_POINT ( 'NONE',  ( -9.948639134726988686E-13, 0.0000000000000000000, 142.5000000000000568 ) ) ;
#1331 = VERTEX_POINT ( 'NONE', #1330 ) ;
#1332 = CARTESIAN_POINT ( 'NONE',  ( -124.9999999999999716, 15.00000000000000000, -125.0000000000000000 ) ) ;
#1333 = VECTOR ( 'NONE', #3364, 1000.000000000000000 ) ;
#1334 = VECTOR ( 'NONE', #2645, 1000.000000000000000 ) ;
#1335 = PLANE ( 'NONE',  #3486 ) ;
#1336 = EDGE_LOOP ( 'NONE', ( #2734, #3542 ) ) ;
#1337 = EDGE_CURVE ( 'NONE', #3823, #1918, #810, .T. ) ;
#1338 = DIRECTION ( 'NONE',  ( 0.0000000000000000000, 0.0000000000000000000, 1.000000000000000000 ) ) ;
#1339 = SURFACE_STYLE_USAGE ( .BOTH. , #3748 ) ;
#1340 = DIRECTION ( 'NONE',  ( 0.0000000000000000000, 0.0000000000000000000, 1.000000000000000000 ) ) ;
#1341 = SURFACE_STYLE_USAGE ( .BOTH. , #1323 ) ;
#1342 = ORIENTED_EDGE ( 'NONE', *, *, #1695, .T. ) ;
#1343 = AXIS2_PLACEMENT_3D ( 'NONE', #2257, #149, #2546 ) ;
#1344 = ORIENTED_EDGE ( 'NONE', *, *, #2876, .T. ) ;
#1345 =( NAMED_UNIT ( * ) PLANE_ANGLE_UNIT ( ) SI_UNIT ( $, .RADIAN. ) );
#1346 = DIRECTION ( 'NONE',  ( -0.0000000000000000000, 1.000000000000000000, -0.0000000000000000000 ) ) ;
#1347 = CARTESIAN_POINT ( 'NONE',  ( -80.00000000000000000, 355.0000000000000000, -47.50000000000000000 ) ) ;
#1348 = DIRECTION ( 'NONE',  ( -0.7071067811865510144, 0.0000000000000000000, 0.7071067811865441310 ) ) ;
#1349 = PRESENTATION_LAYER_ASSIGNMENT (  '', '', ( #2348 ) ) ;
#1350 = ORIENTED_EDGE ( 'NONE', *, *, #2096, .T. ) ;
#1351 = AXIS2_PLACEMENT_3D ( 'NONE', #3595, #2953, #10 ) ;
#1352 = CLOSED_SHELL ( 'NONE', ( #1643, #816, #3706, #1124, #1798, #1196, #323, #1446, #3476, #2406, #1268, #622, #347, #1108, #2260, #3417, #1530, #2083, #1682, #3600, #3019, #2668, #399, #2745, #3580, #917, #1539, #2590 ) ) ;
#1353 = UNCERTAINTY_MEASURE_WITH_UNIT (LENGTH_MEASURE( 1.000000000000000082E-05 ), #2270, 'distance_accuracy_value', 'NONE');
#1354 = SURFACE_SIDE_STYLE ('',( #2855 ) ) ;
#1355 = VERTEX_POINT ( 'NONE', #2485 ) ;
#1356 = EDGE_CURVE ( 'NONE', #413, #1185, #1879, .T. ) ;
#1357 = ORIENTED_EDGE ( 'NONE', *, *, #2259, .T. ) ;
#1358 = FACE_OUTER_BOUND ( 'NONE', #1777, .T. ) ;
#1359 = FACE_OUTER_BOUND ( 'NONE', #457, .T. ) ;
#1360 = DIRECTION ( 'NONE',  ( 0.0000000000000000000, 0.0000000000000000000, -1.000000000000000000 ) ) ;
#1361 = EDGE_CURVE ( 'NONE', #2012, #2918, #2480, .T. ) ;
#1362 = CARTESIAN_POINT ( 'NONE',  ( 125.0000000000000000, 15.00000000000000000, -30.00000000000000000 ) ) ;
#1363 = EDGE_CURVE ( 'NONE', #867, #2160, #2108, .T. ) ;
#1364 = VECTOR ( 'NONE', #423, 1000.000000000000000 ) ;
#1365 = DIRECTION ( 'NONE',  ( 0.0000000000000000000, 0.0000000000000000000, 1.000000000000000000 ) ) ;
#1366 = LINE ( 'NONE', #102, #1813 ) ;
#1367 = AXIS2_PLACEMENT_3D ( 'NONE', #181, #1084, #3 ) ;
#1368 = ORIENTED_EDGE ( 'NONE', *, *, #906, .T. ) ;
#1369 = ORIENTED_EDGE ( 'NONE', *, *, #526, .T. ) ;
#1370 = ORIENTED_EDGE ( 'NONE', *, *, #3547, .F. ) ;
#1371 = PRESENTATION_STYLE_ASSIGNMENT (( #3014 ) ) ;
#1372 = EDGE_LOOP ( 'NONE', ( #1645, #3236 ) ) ;
#1373 = ORIENTED_EDGE ( 'NONE', *, *, #3775, .F. ) ;
#1374 = FACE_BOUND ( 'NONE', #1017, .T. ) ;
#1375 = DIRECTION ( 'NONE',  ( -1.000000000000000000, 1.734723475976805615E-16, 0.0000000000000000000 ) ) ;
#1376 = FACE_OUTER_BOUND ( 'NONE', #3477, .T. ) ;
#1377 = VECTOR ( 'NONE', #2731, 1000.000000000000000 ) ;
#1378 = EDGE_CURVE ( 'NONE', #2789, #3864, #1230, .T. ) ;
#1379 = STYLED_ITEM ( 'NONE', ( #375 ), #3267 ) ;
#1380 =( NAMED_UNIT ( * ) PLANE_ANGLE_UNIT ( ) SI_UNIT ( $, .RADIAN. ) );
#1381 = DIRECTION ( 'NONE',  ( 0.0000000000000000000, 0.0000000000000000000, -1.000000000000000000 ) ) ;
#1382 = AXIS2_PLACEMENT_3D ( 'NONE', #1169, #217, #2584 ) ;
#1383 = CARTESIAN_POINT ( 'NONE',  ( -90.00000000000002842, 15.00000000000001421, 69.99999999999998579 ) ) ;
#1384 = CARTESIAN_POINT ( 'NONE',  ( 89.99999999999994316, 380.0000000000000000, -70.00000000000000000 ) ) ;
#1385 = STYLED_ITEM ( 'NONE', ( #1458 ), #1566 ) ;
#1386 = ORIENTED_EDGE ( 'NONE', *, *, #2488, .F. ) ;
#1387 = STYLED_ITEM ( 'NONE', ( #460 ), #596 ) ;
#1388 = CARTESIAN_POINT ( 'NONE',  ( 69.99999999999997158, 380.0000000000000000, 80.00000000000000000 ) ) ;
#1389 = VERTEX_POINT ( 'NONE', #695 ) ;
#1390 = DIRECTION ( 'NONE',  ( 0.0000000000000000000, 0.0000000000000000000, 1.000000000000000000 ) ) ;
#1392 = ORIENTED_EDGE ( 'NONE', *, *, #1544, .F. ) ;
#1391 = CARTESIAN_POINT ( 'NONE',  ( -149.9999999999999716, 15.00000000000000000, 150.0000000000000000 ) ) ;
#1393 = ADVANCED_FACE ( 'NONE', ( #901 ), #2660, .F. ) ;
#1394 = CARTESIAN_POINT ( 'NONE',  ( -7.500000000001088907, 0.0000000000000000000, 150.0000000000000000 ) ) ;
#1395 = EDGE_CURVE ( 'NONE', #523, #945, #1093, .T. ) ;
#1396 = SURFACE_STYLE_FILL_AREA ( #1752 ) ;
#1397 = CARTESIAN_POINT ( 'NONE',  ( 0.0000000000000000000, 15.00000000000000000, -125.0000000000000000 ) ) ;
#1398 = VERTEX_POINT ( 'NONE', #3395 ) ;
#1399 = CIRCLE ( 'NONE', #968, 19.99999999999999645 ) ;
#1400 = FACE_OUTER_BOUND ( 'NONE', #73, .T. ) ;
#1401 = EDGE_CURVE ( 'NONE', #1453, #534, #3479, .T. ) ;
#1402 = CARTESIAN_POINT ( 'NONE',  ( 115.0000000000000568, 400.0000000000000000, 125.0000000000000000 ) ) ;
#1403 = CARTESIAN_POINT ( 'NONE',  ( 7.500000000000000000, -0.0009999999999992653654, -150.0000000000000284 ) ) ;
#1404 = ORIENTED_EDGE ( 'NONE', *, *, #231, .T. ) ;
#1405 = CYLINDRICAL_SURFACE ( 'NONE', #2255, 10.00000000000002309 ) ;
#1406 = VECTOR ( 'NONE', #2395, 1000.000000000000000 ) ;
#1407 = SURFACE_STYLE_USAGE ( .BOTH. , #2258 ) ;
#1408 = ORIENTED_EDGE ( 'NONE', *, *, #1452, .T. ) ;
#1409 = ORIENTED_EDGE ( 'NONE', *, *, #2615, .F. ) ;
#1410 = CARTESIAN_POINT ( 'NONE',  ( -124.9999999999999716, 0.0000000000000000000, 132.5000000000000000 ) ) ;
#1411 = ORIENTED_EDGE ( 'NONE', *, *, #2407, .F. ) ;
#1412 = AXIS2_PLACEMENT_3D ( 'NONE', #446, #2518, #2484 ) ;
#1413 = CIRCLE ( 'NONE', #1436, 5.099999999999993427 ) ;
#1414 = VECTOR ( 'NONE', #2138, 1000.000000000000000 ) ;
#1415 = CARTESIAN_POINT ( 'NONE',  ( 0.0000000000000000000, 15.00000000000000000, 0.0000000000000000000 ) ) ;
#1416 = ORIENTED_EDGE ( 'NONE', *, *, #3010, .T. ) ;
#1417 = VERTEX_POINT ( 'NONE', #2453 ) ;
#1418 = UNCERTAINTY_MEASURE_WITH_UNIT (LENGTH_MEASURE( 1.000000000000000082E-05 ), #2218, 'distance_accuracy_value', 'NONE');
#1419 = DIRECTION ( 'NONE',  ( 0.0000000000000000000, 0.0000000000000000000, 1.000000000000000000 ) ) ;
#1420 = AXIS2_PLACEMENT_3D ( 'NONE', #1391, #1381, #3485 ) ;
#1421 = EDGE_CURVE ( 'NONE', #1867, #3362, #1594, .T. ) ;
#1422 = DIRECTION ( 'NONE',  ( -7.401486830834376525E-17, -1.000000000000000000, -0.0000000000000000000 ) ) ;
#1423 =( NAMED_UNIT ( * ) PLANE_ANGLE_UNIT ( ) SI_UNIT ( $, .RADIAN. ) );
#1424 = CARTESIAN_POINT ( 'NONE',  ( 125.0000000000000000, 0.0000000000000000000, -30.00000000000000000 ) ) ;
#1425 = ORIENTED_EDGE ( 'NONE', *, *, #922, .T. ) ;
#1426 = EDGE_CURVE ( 'NONE', #2289, #1152, #293, .T. ) ;
#1427 = DIRECTION ( 'NONE',  ( 0.0000000000000000000, 1.000000000000000000, 0.0000000000000000000 ) ) ;
#1428 = EDGE_CURVE ( 'NONE', #2899, #2090, #436, .T. ) ;
#1429 = VERTEX_POINT ( 'NONE', #3784 ) ;
#1430 =( LENGTH_UNIT ( ) NAMED_UNIT ( * ) SI_UNIT ( .MILLI., .METRE. ) );
#1431 = DIRECTION ( 'NONE',  ( 0.0000000000000000000, 0.0000000000000000000, 1.000000000000000000 ) ) ;
#1432 = DIRECTION ( 'NONE',  ( 1.000000000000000000, -0.0000000000000000000, -0.0000000000000000000 ) ) ;
#1433 = CARTESIAN_POINT ( 'NONE',  ( 139.9999999999999716, 15.00000000000000000, 150.0000000000000000 ) ) ;
#1434 = ORIENTED_EDGE ( 'NONE', *, *, #922, .F. ) ;
#1435 = CYLINDRICAL_SURFACE ( 'NONE', #2037, 75.00000000000001421 ) ;
#1436 = AXIS2_PLACEMENT_3D ( 'NONE', #1062, #786, #3489 ) ;
#1437 = AXIS2_PLACEMENT_3D ( 'NONE', #202, #2922, #3227 ) ;
#1438 = DIRECTION ( 'NONE',  ( -1.000000000000000000, -0.0000000000000000000, -0.0000000000000000000 ) ) ;
#1439 = CIRCLE ( 'NONE', #1657, 3.400000000000000355 ) ;
#1440 = VECTOR ( 'NONE', #2026, 1000.000000000000114 ) ;
#1441 = LINE ( 'NONE', #3520, #2596 ) ;
#1443 = FACE_BOUND ( 'NONE', #2555, .T. ) ;
#1442 = SURFACE_STYLE_USAGE ( .BOTH. , #3537 ) ;
#1444 =( LENGTH_UNIT ( ) NAMED_UNIT ( * ) SI_UNIT ( .MILLI., .METRE. ) );
#1445 = EDGE_CURVE ( 'NONE', #2333, #3244, #1327, .T. ) ;
#1446 = ADVANCED_FACE ( 'NONE', ( #3472 ), #1780, .F. ) ;
#1447 = DIRECTION ( 'NONE',  ( -0.0000000000000000000, 1.000000000000000000, -0.0000000000000000000 ) ) ;
#1448 = FACE_OUTER_BOUND ( 'NONE', #1914, .T. ) ;
#1449 = CIRCLE ( 'NONE', #484, 2.500000000000002220 ) ;
#1450 = VERTEX_POINT ( 'NONE', #1103 ) ;
#1451 = ORIENTED_EDGE ( 'NONE', *, *, #113, .T. ) ;
#1452 = EDGE_CURVE ( 'NONE', #1558, #3490, #388, .T. ) ;
#1453 = VERTEX_POINT ( 'NONE', #2239 ) ;
#1454 = LINE ( 'NONE', #823, #2656 ) ;
#1455 = ORIENTED_EDGE ( 'NONE', *, *, #255, .F. ) ;
#1456 = ORIENTED_EDGE ( 'NONE', *, *, #832, .T. ) ;
#1457 = CARTESIAN_POINT ( 'NONE',  ( -149.9999999999999716, 0.0000000000000000000, -7.500000000001602274 ) ) ;
#1458 = PRESENTATION_STYLE_ASSIGNMENT (( #1442 ) ) ;
#1459 = SURFACE_STYLE_USAGE ( .BOTH. , #848 ) ;
#1460 = CARTESIAN_POINT ( 'NONE',  ( -124.9999999999999716, 15.00000000000000000, 125.0000000000000000 ) ) ;
#1461 = CARTESIAN_POINT ( 'NONE',  ( 124.9999999999999716, 15.00000000000000000, 125.0000000000000000 ) ) ;
#1462 = ORIENTED_EDGE ( 'NONE', *, *, #2785, .T. ) ;
#1463 = MECHANICAL_DESIGN_GEOMETRIC_PRESENTATION_REPRESENTATION (  '', ( #2396 ), #664 ) ;
#1464 = ORIENTED_EDGE ( 'NONE', *, *, #3810, .T. ) ;
#1465 = UNCERTAINTY_MEASURE_WITH_UNIT (LENGTH_MEASURE( 1.000000000000000082E-05 ), #1, 'distance_accuracy_value', 'NONE');
#1466 = CARTESIAN_POINT ( 'NONE',  ( 0.0000000000000000000, 0.0000000000000000000, 0.0000000000000000000 ) ) ;
#1467 = CARTESIAN_POINT ( 'NONE',  ( -69.99999999999998579, 380.0000000000000000, 69.99999999999998579 ) ) ;
#1468 = ORIENTED_EDGE ( 'NONE', *, *, #1258, .T. ) ;
#1469 = ORIENTED_EDGE ( 'NONE', *, *, #2415, .F. ) ;
#1470 = EDGE_CURVE ( 'NONE', #1913, #2585, #1413, .T. ) ;
#1471 = FILL_AREA_STYLE ('',( #6 ) ) ;
#1472 = DIRECTION ( 'NONE',  ( 0.7071067811865489050, 0.0000000000000000000, 0.7071067811865461294 ) ) ;
#1473 = CARTESIAN_POINT ( 'NONE',  ( 90.00000000000000000, 400.0000000000000000, -90.00000000000000000 ) ) ;
#1474 = DIRECTION ( 'NONE',  ( -0.0000000000000000000, 1.000000000000000000, -0.0000000000000000000 ) ) ;
#1475 =( LENGTH_UNIT ( ) NAMED_UNIT ( * ) SI_UNIT ( .MILLI., .METRE. ) );
#1476 = EDGE_CURVE ( 'NONE', #1826, #3845, #907, .T. ) ;
#1477 =( GEOMETRIC_REPRESENTATION_CONTEXT ( 3 ) GLOBAL_UNCERTAINTY_ASSIGNED_CONTEXT ( ( #1465 ) ) GLOBAL_UNIT_ASSIGNED_CONTEXT ( ( #1, #1210, #2687 ) ) REPRESENTATION_CONTEXT ( 'NONE', 'WORKASPACE' ) );
#1478 = ORIENTED_EDGE ( 'NONE', *, *, #2977, .T. ) ;
#1479 = ADVANCED_FACE ( 'NONE', ( #3289 ), #3284, .F. ) ;
#1480 = CARTESIAN_POINT ( 'NONE',  ( 70.00000000000000000, 380.0000000000000000, -95.00000000000000000 ) ) ;
#1481 = SURFACE_STYLE_USAGE ( .BOTH. , #941 ) ;
#1482 = ORIENTED_EDGE ( 'NONE', *, *, #1868, .F. ) ;
#1483 = LINE ( 'NONE', #2295, #414 ) ;
#1484 = SURFACE_SIDE_STYLE ('',( #2730 ) ) ;
#1485 = DIRECTION ( 'NONE',  ( 0.0000000000000000000, 0.0000000000000000000, -1.000000000000000000 ) ) ;
#1486 = CARTESIAN_POINT ( 'NONE',  ( -89.99999999999998579, 355.0000000000000000, 42.49999999999999289 ) ) ;
#1487 = VECTOR ( 'NONE', #2304, 1000.000000000000114 ) ;
#1488 = DIRECTION ( 'NONE',  ( -0.0000000000000000000, 1.000000000000000000, -0.0000000000000000000 ) ) ;
#1489 = LINE ( 'NONE', #843, #461 ) ;
#1490 = CARTESIAN_POINT ( 'NONE',  ( 0.0000000000000000000, 0.0000000000000000000, 0.0000000000000000000 ) ) ;
#1491 = DIRECTION ( 'NONE',  ( -0.0000000000000000000, 1.000000000000000000, -0.0000000000000000000 ) ) ;
#1492 = VECTOR ( 'NONE', #3501, 1000.000000000000000 ) ;
#1493 = DIRECTION ( 'NONE',  ( 1.000000000000000000, 0.0000000000000000000, 0.0000000000000000000 ) ) ;
#1494 = VECTOR ( 'NONE', #3125, 1000.000000000000000 ) ;
#1495 = CYLINDRICAL_SURFACE ( 'NONE', #2474, 2.500000000000002220 ) ;
#1496 = CARTESIAN_POINT ( 'NONE',  ( 142.5000000000000568, 0.0000000000000000000, 4.969982758673552325E-13 ) ) ;
#1497 = DIRECTION ( 'NONE',  ( -1.520853458390625560E-16, -1.000000000000000000, -0.0000000000000000000 ) ) ;
#1498 = EDGE_LOOP ( 'NONE', ( #1008, #297, #789, #2715 ) ) ;
#1499 = CARTESIAN_POINT ( 'NONE',  ( -70.00000000000000000, 400.0000000000000000, 95.00000000000000000 ) ) ;
#1500 = ORIENTED_EDGE ( 'NONE', *, *, #2076, .F. ) ;
#1501 = EDGE_CURVE ( 'NONE', #3749, #3142, #3797, .T. ) ;
#1502 = VECTOR ( 'NONE', #3181, 1000.000000000000000 ) ;
#1503 = FACE_OUTER_BOUND ( 'NONE', #3522, .T. ) ;
#1504 = PRESENTATION_LAYER_ASSIGNMENT (  '', '', ( #1379 ) ) ;
#1505 = VERTEX_POINT ( 'NONE', #1965 ) ;
#1506 = ORIENTED_EDGE ( 'NONE', *, *, #3308, .T. ) ;
#1508 = ORIENTED_EDGE ( 'NONE', *, *, #1363, .F. ) ;
#1507 = FILL_AREA_STYLE_COLOUR ( '', #2291 ) ;
#1509 = VECTOR ( 'NONE', #2770, 1000.000000000000000 ) ;
#1510 = FILL_AREA_STYLE ('',( #3305 ) ) ;
#1511 = LINE ( 'NONE', #2199, #2517 ) ;
#1512 = ORIENTED_EDGE ( 'NONE', *, *, #757, .T. ) ;
#1513 = EDGE_CURVE ( 'NONE', #1637, #1283, #118, .T. ) ;
#1514 = EDGE_LOOP ( 'NONE', ( #27, #12, #3572, #2118 ) ) ;
#1515 = CARTESIAN_POINT ( 'NONE',  ( -89.99999999999998579, 315.0000000000000000, -45.00000000000000000 ) ) ;
#1516 = FACE_BOUND ( 'NONE', #3687, .T. ) ;
#1517 = CIRCLE ( 'NONE', #1563, 7.499999999999992895 ) ;
#1518 = CARTESIAN_POINT ( 'NONE',  ( -30.00000000000000000, 0.0000000000000000000, -128.3999999999999773 ) ) ;
#1519 = UNCERTAINTY_MEASURE_WITH_UNIT (LENGTH_MEASURE( 1.000000000000000082E-05 ), #1181, 'distance_accuracy_value', 'NONE');
#1520 = DIRECTION ( 'NONE',  ( 0.0000000000000000000, 0.0000000000000000000, 1.000000000000000000 ) ) ;
#1521 = DIRECTION ( 'NONE',  ( -1.850371707708594316E-16, -0.0000000000000000000, -1.000000000000000000 ) ) ;
#1522 = DIRECTION ( 'NONE',  ( 1.520853458390625560E-16, 1.000000000000000000, 0.0000000000000000000 ) ) ;
#1523 = STYLED_ITEM ( 'NONE', ( #2455 ), #833 ) ;
#1524 = ORIENTED_EDGE ( 'NONE', *, *, #3308, .F. ) ;
#1525 = CARTESIAN_POINT ( 'NONE',  ( -80.00000000000001421, 315.0000000000000000, -47.50000000000000000 ) ) ;
#1526 = DIRECTION ( 'NONE',  ( 0.0000000000000000000, 0.0000000000000000000, 1.000000000000000000 ) ) ;
#1527 = CARTESIAN_POINT ( 'NONE',  ( 70.00000000000000000, 400.0000000000000000, -95.00000000000000000 ) ) ;
#1528 = DIRECTION ( 'NONE',  ( 0.0000000000000000000, 0.0000000000000000000, 1.000000000000000000 ) ) ;
#1529 = DIRECTION ( 'NONE',  ( -0.7071067811865475727, 0.0000000000000000000, -0.7071067811865475727 ) ) ;
#1530 = ADVANCED_FACE ( 'NONE', ( #395 ), #1981, .F. ) ;
#1531 = STYLED_ITEM ( 'NONE', ( #697 ), #3492 ) ;
#1532 = VECTOR ( 'NONE', #2538, 1000.000000000000000 ) ;
#1533 = LINE ( 'NONE', #2926, #1487 ) ;
#1534 = AXIS2_PLACEMENT_3D ( 'NONE', #1424, #3818, #3865 ) ;
#1535 = ORIENTED_EDGE ( 'NONE', *, *, #184, .F. ) ;
#1537 = VECTOR ( 'NONE', #2733, 1000.000000000000000 ) ;
#1536 = DIRECTION ( 'NONE',  ( 0.7071067811865474617, -0.0000000000000000000, -0.7071067811865474617 ) ) ;
#1538 = CARTESIAN_POINT ( 'NONE',  ( 70.00000000000001421, 380.0000000000000000, 89.99999999999997158 ) ) ;
#1539 = ADVANCED_FACE ( 'NONE', ( #3196 ), #521, .F. ) ;
#1540 = VECTOR ( 'NONE', #1617, 1000.000000000000000 ) ;
#1541 = DIRECTION ( 'NONE',  ( 0.0000000000000000000, 0.0000000000000000000, 1.000000000000000000 ) ) ;
#1542 = ORIENTED_EDGE ( 'NONE', *, *, #2746, .T. ) ;
#1543 = COLOUR_RGB ( '',0.6470588235294117974, 0.6196078431372549211, 0.5882352941176470784 ) ;
#1544 = EDGE_CURVE ( 'NONE', #458, #1197, #3708, .T. ) ;
#1545 = ORIENTED_EDGE ( 'NONE', *, *, #2508, .F. ) ;
#1546 = VERTEX_POINT ( 'NONE', #540 ) ;
#1547 = DIRECTION ( 'NONE',  ( -0.0000000000000000000, 1.000000000000000000, -0.0000000000000000000 ) ) ;
#1548 = CARTESIAN_POINT ( 'NONE',  ( 30.00000000000000000, 15.00000000000000000, 128.4000000000000625 ) ) ;
#1549 = ORIENTED_EDGE ( 'NONE', *, *, #526, .F. ) ;
#1550 = ORIENTED_EDGE ( 'NONE', *, *, #3360, .F. ) ;
#1551 = EDGE_CURVE ( 'NONE', #770, #2981, #2774, .T. ) ;
#1552 = VERTEX_POINT ( 'NONE', #1740 ) ;
#1553 = FACE_BOUND ( 'NONE', #547, .T. ) ;
#1554 = CIRCLE ( 'NONE', #2887, 3.399999999999986144 ) ;
#1555 = AXIS2_PLACEMENT_3D ( 'NONE', #3651, #89, #319 ) ;
#1556 = ORIENTED_EDGE ( 'NONE', *, *, #2318, .T. ) ;
#1557 = DIRECTION ( 'NONE',  ( 0.0000000000000000000, 0.0000000000000000000, 1.000000000000000000 ) ) ;
#1558 = VERTEX_POINT ( 'NONE', #1394 ) ;
#1559 = CARTESIAN_POINT ( 'NONE',  ( 115.0000000000000568, 400.0000000000000000, -124.9999999999999432 ) ) ;
#1560 =( GEOMETRIC_REPRESENTATION_CONTEXT ( 3 ) GLOBAL_UNCERTAINTY_ASSIGNED_CONTEXT ( ( #2386 ) ) GLOBAL_UNIT_ASSIGNED_CONTEXT ( ( #2852, #1641, #456 ) ) REPRESENTATION_CONTEXT ( 'NONE', 'WORKASPACE' ) );
#1561 = CARTESIAN_POINT ( 'NONE',  ( 4.091569121926912375E-16, 0.0000000000000000000, 120.5000000000000284 ) ) ;
#1562 = DIRECTION ( 'NONE',  ( -0.7071067811865474617, 0.0000000000000000000, -0.7071067811865474617 ) ) ;
#1563 = AXIS2_PLACEMENT_3D ( 'NONE', #2665, #3622, #886 ) ;
#1564 = AXIS2_PLACEMENT_3D ( 'NONE', #3767, #3480, #2591 ) ;
#1565 = DIRECTION ( 'NONE',  ( -0.0000000000000000000, 1.000000000000000000, -0.0000000000000000000 ) ) ;
#1566 = ADVANCED_FACE ( 'NONE', ( #1974 ), #2910, .F. ) ;
#1567 = MECHANICAL_DESIGN_GEOMETRIC_PRESENTATION_REPRESENTATION (  '', ( #106 ), #1905 ) ;
#1568 = CARTESIAN_POINT ( 'NONE',  ( -124.9999999999999432, 380.0000000000000000, 115.0000000000000426 ) ) ;
#1569 = EDGE_CURVE ( 'NONE', #3028, #1927, #861, .T. ) ;
#1570 = CARTESIAN_POINT ( 'NONE',  ( -80.00000000000001421, 315.0000000000000000, 42.49999999999999289 ) ) ;
#1571 = ORIENTED_EDGE ( 'NONE', *, *, #2724, .F. ) ;
#1572 = ORIENTED_EDGE ( 'NONE', *, *, #987, .T. ) ;
#1573 = CIRCLE ( 'NONE', #2524, 62.50000000000000000 ) ;
#1574 = PLANE ( 'NONE',  #337 ) ;
#1575 = EDGE_CURVE ( 'NONE', #1135, #1809, #343, .T. ) ;
#1576 = UNCERTAINTY_MEASURE_WITH_UNIT (LENGTH_MEASURE( 1.000000000000000082E-05 ), #516, 'distance_accuracy_value', 'NONE');
#1577 = VECTOR ( 'NONE', #486, 1000.000000000000000 ) ;
#1578 = FACE_OUTER_BOUND ( 'NONE', #769, .T. ) ;
#1579 = DIRECTION ( 'NONE',  ( -1.000000000000000000, 0.0000000000000000000, 0.0000000000000000000 ) ) ;
#1580 = CIRCLE ( 'NONE', #3538, 4.500000000000003553 ) ;
#1581 = AXIS2_PLACEMENT_3D ( 'NONE', #556, #3592, #2633 ) ;
#1582 = PLANE ( 'NONE',  #354 ) ;
#1583 = CARTESIAN_POINT ( 'NONE',  ( -7.500000000000000000, 0.0000000000000000000, -150.0000000000000284 ) ) ;
#1584 = FILL_AREA_STYLE ('',( #1027 ) ) ;
#1585 = ORIENTED_EDGE ( 'NONE', *, *, #1337, .F. ) ;
#1586 = VERTEX_POINT ( 'NONE', #2921 ) ;
#1587 = ORIENTED_EDGE ( 'NONE', *, *, #3612, .F. ) ;
#1588 = DIRECTION ( 'NONE',  ( -1.000000000000000000, 1.734723475976807341E-16, 0.0000000000000000000 ) ) ;
#1589 = LINE ( 'NONE', #2409, #1275 ) ;
#1590 = VECTOR ( 'NONE', #1302, 1000.000000000000000 ) ;
#1591 = VERTEX_POINT ( 'NONE', #216 ) ;
#1592 = ORIENTED_EDGE ( 'NONE', *, *, #2070, .F. ) ;
#1593 = VERTEX_POINT ( 'NONE', #849 ) ;
#1594 = LINE ( 'NONE', #3400, #3614 ) ;
#1595 = LINE ( 'NONE', #3078, #1871 ) ;
#1596 = EDGE_CURVE ( 'NONE', #3083, #1861, #1554, .T. ) ;
#1597 = LINE ( 'NONE', #3677, #1638 ) ;
#1598 = EDGE_LOOP ( 'NONE', ( #2381, #349, #3471, #3273 ) ) ;
#1599 = VERTEX_POINT ( 'NONE', #2946 ) ;
#1600 = DIRECTION ( 'NONE',  ( -7.401486830834376525E-17, -1.000000000000000000, -0.0000000000000000000 ) ) ;
#1601 = FACE_OUTER_BOUND ( 'NONE', #489, .T. ) ;
#1602 = CARTESIAN_POINT ( 'NONE',  ( -80.00000000000000000, 380.0000000000000000, 69.99999999999998579 ) ) ;
#1603 = VECTOR ( 'NONE', #1521, 1000.000000000000000 ) ;
#1604 = EDGE_CURVE ( 'NONE', #1505, #626, #1644, .T. ) ;
#1605 = PRESENTATION_LAYER_ASSIGNMENT (  '', '', ( #3286 ) ) ;
#1606 = DIRECTION ( 'NONE',  ( -0.0000000000000000000, 1.000000000000000000, -0.0000000000000000000 ) ) ;
#1607 = DIRECTION ( 'NONE',  ( -0.7071067811865490160, -0.0000000000000000000, 0.7071067811865460184 ) ) ;
#1608 = FACE_OUTER_BOUND ( 'NONE', #1130, .T. ) ;
#1609 = ADVANCED_FACE ( 'NONE', ( #3715 ), #1926, .F. ) ;
#1610 = DIRECTION ( 'NONE',  ( 1.520853458390625560E-16, 1.000000000000000000, 0.0000000000000000000 ) ) ;
#1611 = CARTESIAN_POINT ( 'NONE',  ( 70.00000000000000000, 400.0000000000000000, -98.50000000000000000 ) ) ;
#1612 = DIRECTION ( 'NONE',  ( 1.000000000000000000, 0.0000000000000000000, -1.850371707708594563E-16 ) ) ;
#1613 =( NAMED_UNIT ( * ) SI_UNIT ( $, .STERADIAN. ) SOLID_ANGLE_UNIT ( ) );
#1614 = PRESENTATION_LAYER_ASSIGNMENT (  '', '', ( #2482 ) ) ;
#1615 = COLOUR_RGB ( '',0.6470588235294117974, 0.6196078431372549211, 0.5882352941176470784 ) ;
#1616 = ORIENTED_EDGE ( 'NONE', *, *, #1805, .F. ) ;
#1617 = DIRECTION ( 'NONE',  ( -0.0000000000000000000, 1.000000000000000000, -0.0000000000000000000 ) ) ;
#1618 = EDGE_CURVE ( 'NONE', #2893, #905, #3152, .T. ) ;
#1619 = DIRECTION ( 'NONE',  ( 0.0000000000000000000, 0.0000000000000000000, 1.000000000000000000 ) ) ;
#1620 = ORIENTED_EDGE ( 'NONE', *, *, #801, .F. ) ;
#1621 = VECTOR ( 'NONE', #797, 1000.000000000000000 ) ;
#1622 = EDGE_CURVE ( 'NONE', #1398, #3736, #724, .T. ) ;
#1624 = SURFACE_STYLE_FILL_AREA ( #1584 ) ;
#1623 =( NAMED_UNIT ( * ) PLANE_ANGLE_UNIT ( ) SI_UNIT ( $, .RADIAN. ) );
#1625 = AXIS2_PLACEMENT_3D ( 'NONE', #1144, #554, #1431 ) ;
#1626 = CARTESIAN_POINT ( 'NONE',  ( -124.9999999999999716, 0.0000000000000000000, 30.00000000000000000 ) ) ;
#1627 = CYLINDRICAL_SURFACE ( 'NONE', #870, 2.500000000000002220 ) ;
#1628 = FACE_OUTER_BOUND ( 'NONE', #1934, .T. ) ;
#1629 = EDGE_CURVE ( 'NONE', #1796, #858, #2250, .T. ) ;
#1630 = EDGE_LOOP ( 'NONE', ( #1545, #2966, #3060, #639 ) ) ;
#1631 = EDGE_LOOP ( 'NONE', ( #976, #3639 ) ) ;
#1632 =( GEOMETRIC_REPRESENTATION_CONTEXT ( 3 ) GLOBAL_UNCERTAINTY_ASSIGNED_CONTEXT ( ( #2803 ) ) GLOBAL_UNIT_ASSIGNED_CONTEXT ( ( #1866, #1294, #1613 ) ) REPRESENTATION_CONTEXT ( 'NONE', 'WORKASPACE' ) );
#1633 = DIRECTION ( 'NONE',  ( -0.0000000000000000000, 1.000000000000000000, -0.0000000000000000000 ) ) ;
#1634 = DIRECTION ( 'NONE',  ( 1.520853458390625560E-16, 1.000000000000000000, 0.0000000000000000000 ) ) ;
#1635 = EDGE_LOOP ( 'NONE', ( #2719, #145, #269, #3875 ) ) ;
#1636 = ORIENTED_EDGE ( 'NONE', *, *, #1105, .T. ) ;
#1637 = VERTEX_POINT ( 'NONE', #2392 ) ;
#1638 = VECTOR ( 'NONE', #3333, 1000.000000000000000 ) ;
#1639 = DIRECTION ( 'NONE',  ( 0.0000000000000000000, 0.0000000000000000000, 1.000000000000000000 ) ) ;
#1640 = VERTEX_POINT ( 'NONE', #1233 ) ;
#1641 =( NAMED_UNIT ( * ) PLANE_ANGLE_UNIT ( ) SI_UNIT ( $, .RADIAN. ) );
#1642 = VECTOR ( 'NONE', #1221, 1000.000000000000000 ) ;
#1643 = ADVANCED_FACE ( 'NONE', ( #2165 ), #3859, .F. ) ;
#1644 = LINE ( 'NONE', #3815, #569 ) ;
#1645 = ORIENTED_EDGE ( 'NONE', *, *, #1658, .F. ) ;
#1646 = ORIENTED_EDGE ( 'NONE', *, *, #3404, .T. ) ;
#1647 = EDGE_CURVE ( 'NONE', #573, #2476, #1517, .T. ) ;
#1648 = CARTESIAN_POINT ( 'NONE',  ( -70.00000000000004263, 15.00000000000001066, -69.99999999999998579 ) ) ;
#1649 = PLANE ( 'NONE',  #2841 ) ;
#1650 = EDGE_CURVE ( 'NONE', #435, #1814, #3665, .T. ) ;
#1651 = VERTEX_POINT ( 'NONE', #2398 ) ;
#1652 = AXIS2_PLACEMENT_3D ( 'NONE', #2299, #2612, #1149 ) ;
#1653 = EDGE_LOOP ( 'NONE', ( #1178, #2627 ) ) ;
#1654 = CARTESIAN_POINT ( 'NONE',  ( -90.00000000000000000, 400.0000000000000000, -90.00000000000000000 ) ) ;
#1655 = DIRECTION ( 'NONE',  ( 0.0000000000000000000, 0.0000000000000000000, 1.000000000000000000 ) ) ;
#1656 = DIRECTION ( 'NONE',  ( -1.520853458390625560E-16, -1.000000000000000000, -0.0000000000000000000 ) ) ;
#1657 = AXIS2_PLACEMENT_3D ( 'NONE', #3093, #1198, #2361 ) ;
#1658 = EDGE_CURVE ( 'NONE', #1429, #3199, #3802, .T. ) ;
#1659 = ORIENTED_EDGE ( 'NONE', *, *, #320, .T. ) ;
#1660 = DIRECTION ( 'NONE',  ( 0.0000000000000000000, 0.0000000000000000000, -1.000000000000000000 ) ) ;
#1661 = ORIENTED_EDGE ( 'NONE', *, *, #449, .T. ) ;
#1662 = CARTESIAN_POINT ( 'NONE',  ( 70.00000000000000000, 400.0000000000000000, -91.50000000000000000 ) ) ;
#1663 = DIRECTION ( 'NONE',  ( -0.0000000000000000000, 1.000000000000000000, -0.0000000000000000000 ) ) ;
#1664 = DIRECTION ( 'NONE',  ( 0.0000000000000000000, 1.000000000000000000, 0.0000000000000000000 ) ) ;
#1665 = EDGE_CURVE ( 'NONE', #3434, #1938, #2618, .T. ) ;
#1666 = ORIENTED_EDGE ( 'NONE', *, *, #1978, .F. ) ;
#1667 = PRESENTATION_STYLE_ASSIGNMENT (( #3393 ) ) ;
#1668 = CIRCLE ( 'NONE', #3675, 20.00000000000000355 ) ;
#1669 = EDGE_CURVE ( 'NONE', #945, #523, #2523, .T. ) ;
#1670 = CARTESIAN_POINT ( 'NONE',  ( 149.9999999999999716, 15.00000000000000000, -150.0000000000000000 ) ) ;
#1671 = CIRCLE ( 'NONE', #1195, 7.500000000000007105 ) ;
#1672 = VECTOR ( 'NONE', #2432, 1000.000000000000000 ) ;
#1674 = CYLINDRICAL_SURFACE ( 'NONE', #279, 3.399999999999986144 ) ;
#1673 = DIRECTION ( 'NONE',  ( 1.520853458390625560E-16, 1.000000000000000000, 0.0000000000000000000 ) ) ;
#1675 = DIRECTION ( 'NONE',  ( 1.982541115402066096E-16, 0.0000000000000000000, 1.000000000000000000 ) ) ;
#1676 = AXIS2_PLACEMENT_3D ( 'NONE', #3099, #1833, #2175 ) ;
#1677 = ORIENTED_EDGE ( 'NONE', *, *, #1361, .F. ) ;
#1678 = ORIENTED_EDGE ( 'NONE', *, *, #2558, .F. ) ;
#1679 = DIRECTION ( 'NONE',  ( 1.520853458390625560E-16, 1.000000000000000000, 0.0000000000000000000 ) ) ;
#1680 = LINE ( 'NONE', #2857, #805 ) ;
#1681 = VECTOR ( 'NONE', #3279, 1000.000000000000000 ) ;
#1682 = ADVANCED_FACE ( 'NONE', ( #1376 ), #3012, .F. ) ;
#1683 = ORIENTED_EDGE ( 'NONE', *, *, #2928, .F. ) ;
#1684 = LINE ( 'NONE', #130, #2382 ) ;
#1685 = DIRECTION ( 'NONE',  ( 1.520853458390625560E-16, 1.000000000000000000, 0.0000000000000000000 ) ) ;
#1686 = SURFACE_STYLE_FILL_AREA ( #2762 ) ;
#1687 = ORIENTED_EDGE ( 'NONE', *, *, #1658, .T. ) ;
#1688 = EDGE_LOOP ( 'NONE', ( #3197, #483 ) ) ;
#1689 = CARTESIAN_POINT ( 'NONE',  ( -80.00000000000000000, 380.0000000000000000, -69.99999999999998579 ) ) ;
#1690 = DIRECTION ( 'NONE',  ( 1.982541115402066096E-16, 0.0000000000000000000, 1.000000000000000000 ) ) ;
#1691 = CARTESIAN_POINT ( 'NONE',  ( -9.950721815702933470E-13, 15.00000000000000000, 142.5000000000000568 ) ) ;
#1692 = ORIENTED_EDGE ( 'NONE', *, *, #468, .T. ) ;
#1693 = DIRECTION ( 'NONE',  ( -1.000000000000000000, 0.0000000000000000000, 0.0000000000000000000 ) ) ;
#1694 = ORIENTED_EDGE ( 'NONE', *, *, #2508, .T. ) ;
#1695 = EDGE_CURVE ( 'NONE', #2822, #3149, #1281, .T. ) ;
#1696 = AXIS2_PLACEMENT_3D ( 'NONE', #2683, #275, #577 ) ;
#1697 = CARTESIAN_POINT ( 'NONE',  ( -114.9999999999999432, 400.0000000000000000, 125.0000000000000000 ) ) ;
#1698 = CARTESIAN_POINT ( 'NONE',  ( 125.0000000000000000, 15.00000000000000000, -30.00000000000000000 ) ) ;
#1699 = FILL_AREA_STYLE_COLOUR ( '', #1171 ) ;
#1700 = ORIENTED_EDGE ( 'NONE', *, *, #3090, .T. ) ;
#1701 = AXIS2_PLACEMENT_3D ( 'NONE', #2572, #3499, #1999 ) ;
#1702 = ORIENTED_EDGE ( 'NONE', *, *, #2047, .F. ) ;
#1704 = EDGE_LOOP ( 'NONE', ( #2156, #995, #3239, #1677 ) ) ;
#1703 = DIRECTION ( 'NONE',  ( 0.0000000000000000000, -1.000000000000000000, 0.0000000000000000000 ) ) ;
#1705 = LINE ( 'NONE', #2207, #1896 ) ;
#1706 = CARTESIAN_POINT ( 'NONE',  ( -124.9999999999999716, 0.0000000000000000000, 0.0000000000000000000 ) ) ;
#1707 = VECTOR ( 'NONE', #2481, 1000.000000000000000 ) ;
#1708 = FACE_OUTER_BOUND ( 'NONE', #2004, .T. ) ;
#1709 = DIRECTION ( 'NONE',  ( -0.0000000000000000000, 1.000000000000000000, -0.0000000000000000000 ) ) ;
#1710 = EDGE_CURVE ( 'NONE', #2823, #2333, #1970, .T. ) ;
#1711 = ORIENTED_EDGE ( 'NONE', *, *, #132, .F. ) ;
#1712 = FACE_BOUND ( 'NONE', #336, .T. ) ;
#1713 = DIRECTION ( 'NONE',  ( 0.0000000000000000000, 0.7071067811865474617, 0.7071067811865474617 ) ) ;
#1714 = DIRECTION ( 'NONE',  ( 0.0000000000000000000, 0.0000000000000000000, 1.000000000000000000 ) ) ;
#1715 = DIRECTION ( 'NONE',  ( 1.000000000000000000, 0.0000000000000000000, -1.850371707708594563E-16 ) ) ;
#1716 = EDGE_CURVE ( 'NONE', #831, #1505, #2869, .T. ) ;
#1717 = DIRECTION ( 'NONE',  ( 0.0000000000000000000, 0.0000000000000000000, 1.000000000000000000 ) ) ;
#1718 = ORIENTED_EDGE ( 'NONE', *, *, #1972, .F. ) ;
#1719 = VERTEX_POINT ( 'NONE', #593 ) ;
#1720 = LINE ( 'NONE', #3355, #3422 ) ;
#1721 = CARTESIAN_POINT ( 'NONE',  ( 3.490751165318329160E-14, 380.0000000000000000, 0.0000000000000000000 ) ) ;
#1722 = ORIENTED_EDGE ( 'NONE', *, *, #3086, .T. ) ;
#1723 = ORIENTED_EDGE ( 'NONE', *, *, #2059, .F. ) ;
#1724 = CARTESIAN_POINT ( 'NONE',  ( -150.0000000000001137, 0.0000000000000000000, 7.499999999998428812 ) ) ;
#1725 = ORIENTED_EDGE ( 'NONE', *, *, #2568, .F. ) ;
#1726 = AXIS2_PLACEMENT_3D ( 'NONE', #742, #1057, #1729 ) ;
#1727 = AXIS2_PLACEMENT_3D ( 'NONE', #2119, #1802, #2403 ) ;
#1728 = FACE_OUTER_BOUND ( 'NONE', #895, .T. ) ;
#1729 = DIRECTION ( 'NONE',  ( 0.0000000000000000000, 0.0000000000000000000, 1.000000000000000000 ) ) ;
#1730 = DIRECTION ( 'NONE',  ( 0.7071067811865541231, -0.0000000000000000000, -0.7071067811865409114 ) ) ;
#1731 = EDGE_LOOP ( 'NONE', ( #3431, #574 ) ) ;
#1732 = CARTESIAN_POINT ( 'NONE',  ( -7.500000000001047162, 0.0000000000000000000, 149.9999999999999716 ) ) ;
#1733 = CIRCLE ( 'NONE', #3523, 75.00000000000001421 ) ;
#1734 = LINE ( 'NONE', #2989, #2213 ) ;
#1735 = ORIENTED_EDGE ( 'NONE', *, *, #3510, .F. ) ;
#1736 = EDGE_LOOP ( 'NONE', ( #3396, #171 ) ) ;
#1737 = DIRECTION ( 'NONE',  ( -1.000000000000000000, 0.0000000000000000000, 6.033820786006285224E-17 ) ) ;
#1738 = SURFACE_STYLE_USAGE ( .BOTH. , #2962 ) ;
#1739 = EDGE_CURVE ( 'NONE', #2813, #2502, #1734, .T. ) ;
#1740 = CARTESIAN_POINT ( 'NONE',  ( 9.184850993605148733E-15, 15.00000000000000000, -75.00000000000001421 ) ) ;
#1741 = DIRECTION ( 'NONE',  ( -0.0000000000000000000, 1.000000000000000000, -0.0000000000000000000 ) ) ;
#1742 = EDGE_LOOP ( 'NONE', ( #2495, #1585, #588, #242 ) ) ;
#1743 = CARTESIAN_POINT ( 'NONE',  ( 89.99999999999988631, 14.99999999999998579, -69.99999999999998579 ) ) ;
#1744 = ORIENTED_EDGE ( 'NONE', *, *, #3120, .F. ) ;
#1745 = EDGE_CURVE ( 'NONE', #2542, #1298, #525, .T. ) ;
#1746 =( NAMED_UNIT ( * ) PLANE_ANGLE_UNIT ( ) SI_UNIT ( $, .RADIAN. ) );
#1747 = CARTESIAN_POINT ( 'NONE',  ( -124.9999999999999716, 15.00000000000000000, 117.5000000000000142 ) ) ;
#1748 = AXIS2_PLACEMENT_3D ( 'NONE', #2240, #2554, #1365 ) ;
#1749 = ORIENTED_EDGE ( 'NONE', *, *, #405, .T. ) ;
#1750 = PRESENTATION_LAYER_ASSIGNMENT (  '', '', ( #767 ) ) ;
#1751 = FILL_AREA_STYLE_COLOUR ( '', #616 ) ;
#1752 = FILL_AREA_STYLE ('',( #2831 ) ) ;
#1753 =( GEOMETRIC_REPRESENTATION_CONTEXT ( 3 ) GLOBAL_UNCERTAINTY_ASSIGNED_CONTEXT ( ( #1353 ) ) GLOBAL_UNIT_ASSIGNED_CONTEXT ( ( #2270, #515, #2880 ) ) REPRESENTATION_CONTEXT ( 'NONE', 'WORKASPACE' ) );
#1754 = EDGE_LOOP ( 'NONE', ( #2520, #642, #2690, #688 ) ) ;
#1755 = VERTEX_POINT ( 'NONE', #394 ) ;
#1756 = SURFACE_SIDE_STYLE ('',( #1994 ) ) ;
#1757 = CIRCLE ( 'NONE', #3790, 3.400000000000000355 ) ;
#1758 = CARTESIAN_POINT ( 'NONE',  ( 149.9999999999999716, 0.0000000000000000000, -150.0000000000000000 ) ) ;
#1759 = DIRECTION ( 'NONE',  ( -0.0000000000000000000, 1.000000000000000000, -0.0000000000000000000 ) ) ;
#1760 = PRESENTATION_STYLE_ASSIGNMENT (( #544 ) ) ;
#1761 = EDGE_CURVE ( 'NONE', #2290, #3864, #75, .T. ) ;
#1762 = DIRECTION ( 'NONE',  ( 0.0000000000000000000, 0.0000000000000000000, 1.000000000000000000 ) ) ;
#1763 = MECHANICAL_DESIGN_GEOMETRIC_PRESENTATION_REPRESENTATION (  '', ( #1379 ), #1893 ) ;
#1764 = VECTOR ( 'NONE', #2443, 1000.000000000000000 ) ;
#1765 = DIRECTION ( 'NONE',  ( 0.0000000000000000000, 0.0000000000000000000, 1.000000000000000000 ) ) ;
#1766 = CARTESIAN_POINT ( 'NONE',  ( -124.9999999999999716, 15.00000000000000000, -125.0000000000000000 ) ) ;
#1767 = ORIENTED_EDGE ( 'NONE', *, *, #2673, .F. ) ;
#1768 = EDGE_CURVE ( 'NONE', #369, #3185, #2611, .T. ) ;
#1769 = EDGE_LOOP ( 'NONE', ( #719, #167 ) ) ;
#1770 = DIRECTION ( 'NONE',  ( -0.0000000000000000000, 1.000000000000000000, -0.0000000000000000000 ) ) ;
#1771 = FACE_OUTER_BOUND ( 'NONE', #824, .T. ) ;
#1772 = AXIS2_PLACEMENT_3D ( 'NONE', #715, #2471, #3403 ) ;
#1773 = DIRECTION ( 'NONE',  ( 0.0000000000000000000, 1.000000000000000000, 0.0000000000000000000 ) ) ;
#1774 = ORIENTED_EDGE ( 'NONE', *, *, #801, .T. ) ;
#1775 = ORIENTED_EDGE ( 'NONE', *, *, #1988, .F. ) ;
#1776 = CARTESIAN_POINT ( 'NONE',  ( -124.9999999999999716, 0.0000000000000000000, -117.5000000000000142 ) ) ;
#1777 = EDGE_LOOP ( 'NONE', ( #3322, #1945, #1464, #1646 ) ) ;
#1778 = AXIS2_PLACEMENT_3D ( 'NONE', #1935, #2235, #756 ) ;
#1779 = ORIENTED_EDGE ( 'NONE', *, *, #3584, .T. ) ;
#1780 = CYLINDRICAL_SURFACE ( 'NONE', #3724, 5.099999999999993427 ) ;
#1781 =( LENGTH_UNIT ( ) NAMED_UNIT ( * ) SI_UNIT ( .MILLI., .METRE. ) );
#1782 = DIRECTION ( 'NONE',  ( -1.000000000000000000, -0.0000000000000000000, -0.0000000000000000000 ) ) ;
#1783 = ADVANCED_FACE ( 'NONE', ( #2663 ), #2460, .F. ) ;
#1784 = EDGE_LOOP ( 'NONE', ( #2202, #360, #845, #2307 ) ) ;
#1785 = MANIFOLD_SOLID_BREP ( 'M6 Tapped Hole1', #3328 ) ;
#1786 =( NAMED_UNIT ( * ) PLANE_ANGLE_UNIT ( ) SI_UNIT ( $, .RADIAN. ) );
#1787 = EDGE_CURVE ( 'NONE', #3823, #1417, #1597, .T. ) ;
#1788 = ORIENTED_EDGE ( 'NONE', *, *, #590, .F. ) ;
#1789 = CARTESIAN_POINT ( 'NONE',  ( 30.00000000000000000, 15.00000000000000000, 121.6000000000000512 ) ) ;
#1790 = ADVANCED_FACE ( 'NONE', ( #1728 ), #963, .F. ) ;
#1791 = EDGE_CURVE ( 'NONE', #3773, #3693, #295, .T. ) ;
#1792 = AXIS2_PLACEMENT_3D ( 'NONE', #3381, #1610, #1579 ) ;
#1793 = VERTEX_POINT ( 'NONE', #1570 ) ;
#1794 = DIRECTION ( 'NONE',  ( -0.0000000000000000000, 1.000000000000000000, -0.0000000000000000000 ) ) ;
#1795 = DIRECTION ( 'NONE',  ( -0.0000000000000000000, 1.000000000000000000, -0.0000000000000000000 ) ) ;
#1796 = VERTEX_POINT ( 'NONE', #1827 ) ;
#1797 = DIRECTION ( 'NONE',  ( 6.033820786006285224E-17, -4.465924508724024472E-33, 1.000000000000000000 ) ) ;
#1798 = ADVANCED_FACE ( 'NONE', ( #1872 ), #618, .F. ) ;
#1799 = DIRECTION ( 'NONE',  ( -1.000000000000000000, -0.0000000000000000000, -0.0000000000000000000 ) ) ;
#1800 = PRODUCT_DEFINITION_CONTEXT ( 'detailed design', #397, 'design' ) ;
#1801 = CARTESIAN_POINT ( 'NONE',  ( -124.9999999999999716, 15.00000000000000000, -4.500000000000003553 ) ) ;
#1802 = DIRECTION ( 'NONE',  ( 0.0000000000000000000, 1.000000000000000000, 0.0000000000000000000 ) ) ;
#1803 = LINE ( 'NONE', #2413, #505 ) ;
#1804 = FACE_OUTER_BOUND ( 'NONE', #921, .T. ) ;
#1805 = EDGE_CURVE ( 'NONE', #1927, #2587, #206, .T. ) ;
#1806 = DIRECTION ( 'NONE',  ( 7.401486830834376525E-17, 1.000000000000000000, 0.0000000000000000000 ) ) ;
#1807 = LINE ( 'NONE', #1909, #1494 ) ;
#1808 = FACE_OUTER_BOUND ( 'NONE', #1630, .T. ) ;
#1809 = VERTEX_POINT ( 'NONE', #1001 ) ;
#1810 = ORIENTED_EDGE ( 'NONE', *, *, #2150, .T. ) ;
#1811 = CIRCLE ( 'NONE', #1343, 4.500000000000003553 ) ;
#1812 = EDGE_CURVE ( 'NONE', #3244, #3385, #2013, .T. ) ;
#1813 = VECTOR ( 'NONE', #1600, 1000.000000000000000 ) ;
#1814 = VERTEX_POINT ( 'NONE', #1583 ) ;
#1815 = ORIENTED_EDGE ( 'NONE', *, *, #3759, .T. ) ;
#1817 = ORIENTED_EDGE ( 'NONE', *, *, #832, .F. ) ;
#1816 = CARTESIAN_POINT ( 'NONE',  ( -30.00000000000000000, 15.00000000000000000, -128.3999999999999773 ) ) ;
#1818 = DIRECTION ( 'NONE',  ( 0.0000000000000000000, 1.000000000000000000, 0.0000000000000000000 ) ) ;
#1819 = CYLINDRICAL_SURFACE ( 'NONE', #3716, 4.499999999999990230 ) ;
#1820 = ORIENTED_EDGE ( 'NONE', *, *, #1305, .T. ) ;
#1821 = AXIS2_PLACEMENT_3D ( 'NONE', #156, #467, #738 ) ;
#1822 = EDGE_LOOP ( 'NONE', ( #1054, #1064 ) ) ;
#1823 = ADVANCED_FACE ( 'NONE', ( #1921 ), #2383, .F. ) ;
#1824 = AXIS2_PLACEMENT_3D ( 'NONE', #3268, #913, #3296 ) ;
#1825 = FACE_BOUND ( 'NONE', #1982, .T. ) ;
#1826 = VERTEX_POINT ( 'NONE', #668 ) ;
#1827 = CARTESIAN_POINT ( 'NONE',  ( 69.99999999999997158, 380.0000000000000000, -80.00000000000000000 ) ) ;
#1828 = DIRECTION ( 'NONE',  ( 1.000000000000000000, 0.0000000000000000000, -6.033820786006285224E-17 ) ) ;
#1829 = CARTESIAN_POINT ( 'NONE',  ( 124.9999999999999716, 0.0000000000000000000, -117.5000000000000000 ) ) ;
#1830 = DIRECTION ( 'NONE',  ( -0.7071067811865474617, 0.0000000000000000000, -0.7071067811865474617 ) ) ;
#1831 = EDGE_LOOP ( 'NONE', ( #20, #2331 ) ) ;
#1832 = ORIENTED_EDGE ( 'NONE', *, *, #1253, .T. ) ;
#1833 = DIRECTION ( 'NONE',  ( -1.520853458390625560E-16, -1.000000000000000000, -0.0000000000000000000 ) ) ;
#1834 = EDGE_CURVE ( 'NONE', #2330, #873, #25, .T. ) ;
#1835 = DIRECTION ( 'NONE',  ( 0.0000000000000000000, 0.0000000000000000000, 1.000000000000000000 ) ) ;
#1836 = CARTESIAN_POINT ( 'NONE',  ( -89.99999999999997158, 380.0000000000000000, -69.99999999999998579 ) ) ;
#1837 = ORIENTED_EDGE ( 'NONE', *, *, #1111, .T. ) ;
#1838 = ADVANCED_FACE ( 'NONE', ( #2288 ), #3187, .F. ) ;
#1839 = DIRECTION ( 'NONE',  ( 0.0000000000000000000, 0.0000000000000000000, 1.000000000000000000 ) ) ;
#1840 = EDGE_CURVE ( 'NONE', #1116, #1398, #855, .T. ) ;
#1841 = DIRECTION ( 'NONE',  ( 0.0000000000000000000, 1.000000000000000000, 0.0000000000000000000 ) ) ;
#1842 = ORIENTED_EDGE ( 'NONE', *, *, #379, .F. ) ;
#1843 = DIRECTION ( 'NONE',  ( 0.0000000000000000000, 0.0000000000000000000, 1.000000000000000000 ) ) ;
#1844 =( GEOMETRIC_REPRESENTATION_CONTEXT ( 3 ) GLOBAL_UNCERTAINTY_ASSIGNED_CONTEXT ( ( #1299 ) ) GLOBAL_UNIT_ASSIGNED_CONTEXT ( ( #2378, #3594, #2711 ) ) REPRESENTATION_CONTEXT ( 'NONE', 'WORKASPACE' ) );
#1845 = DIRECTION ( 'NONE',  ( 0.0000000000000000000, 0.0000000000000000000, 1.000000000000000000 ) ) ;
#1846 = EDGE_LOOP ( 'NONE', ( #3813, #518, #1455, #2399 ) ) ;
#1847 = CYLINDRICAL_SURFACE ( 'NONE', #2325, 4.499999999999997335 ) ;
#1848 = EDGE_CURVE ( 'NONE', #3142, #3749, #3609, .T. ) ;
#1849 = CARTESIAN_POINT ( 'NONE',  ( -124.9999999999999716, 15.00000000000000000, -132.5000000000000000 ) ) ;
#1850 = DIRECTION ( 'NONE',  ( -0.7071067811865536790, 0.0000000000000000000, 0.7071067811865414665 ) ) ;
#1852 = FACE_BOUND ( 'NONE', #1891, .T. ) ;
#1851 = FILL_AREA_STYLE ('',( #2127 ) ) ;
#1853 = CARTESIAN_POINT ( 'NONE',  ( 0.0000000000000000000, -0.0009999999999992653654, 75.00000000000001421 ) ) ;
#1854 = VECTOR ( 'NONE', #903, 999.9999999999998863 ) ;
#1855 = ADVANCED_BREP_SHAPE_REPRESENTATION ( '', ( #2311, #3304, #1785, #3535 ), #1901 ) ;
#1856 = DIRECTION ( 'NONE',  ( 1.520853458390625560E-16, 1.000000000000000000, 0.0000000000000000000 ) ) ;
#1857 = FACE_OUTER_BOUND ( 'NONE', #485, .T. ) ;
#1858 = DIRECTION ( 'NONE',  ( 0.0000000000000000000, 0.0000000000000000000, 1.000000000000000000 ) ) ;
#1859 = EDGE_LOOP ( 'NONE', ( #3655, #1052 ) ) ;
#1860 = EDGE_LOOP ( 'NONE', ( #1329, #1342 ) ) ;
#1861 = VERTEX_POINT ( 'NONE', #2528 ) ;
#1862 = LINE ( 'NONE', #3494, #3059 ) ;
#1863 = LINE ( 'NONE', #1206, #3703 ) ;
#1864 = CARTESIAN_POINT ( 'NONE',  ( 124.9999999999999716, 15.00000000000000000, 4.938795603462354205E-17 ) ) ;
#1865 = DIRECTION ( 'NONE',  ( 0.7071067811865474617, 0.0000000000000000000, 0.7071067811865474617 ) ) ;
#1866 =( LENGTH_UNIT ( ) NAMED_UNIT ( * ) SI_UNIT ( .MILLI., .METRE. ) );
#1867 = VERTEX_POINT ( 'NONE', #1322 ) ;
#1868 = EDGE_CURVE ( 'NONE', #3676, #1355, #3702, .T. ) ;
#1869 = ORIENTED_EDGE ( 'NONE', *, *, #3745, .T. ) ;
#1870 = VECTOR ( 'NONE', #3121, 1000.000000000000000 ) ;
#1871 = VECTOR ( 'NONE', #1884, 1000.000000000000000 ) ;
#1872 = FACE_OUTER_BOUND ( 'NONE', #433, .T. ) ;
#1873 =( GEOMETRIC_REPRESENTATION_CONTEXT ( 3 ) GLOBAL_UNCERTAINTY_ASSIGNED_CONTEXT ( ( #3837 ) ) GLOBAL_UNIT_ASSIGNED_CONTEXT ( ( #2500, #1380, #2845 ) ) REPRESENTATION_CONTEXT ( 'NONE', 'WORKASPACE' ) );
#1874 = DIRECTION ( 'NONE',  ( 0.0000000000000000000, 0.0000000000000000000, 1.000000000000000000 ) ) ;
#1875 = ORIENTED_EDGE ( 'NONE', *, *, #3719, .T. ) ;
#1876 = ORIENTED_EDGE ( 'NONE', *, *, #2634, .F. ) ;
#1877 = CARTESIAN_POINT ( 'NONE',  ( -80.00000000000005684, 15.00000000000001243, 69.99999999999998579 ) ) ;
#1878 = ADVANCED_FACE ( 'NONE', ( #2377 ), #2007, .F. ) ;
#1879 = LINE ( 'NONE', #3430, #1509 ) ;
#1880 = DIRECTION ( 'NONE',  ( -0.0000000000000000000, 1.000000000000000000, -0.0000000000000000000 ) ) ;
#1881 = STYLED_ITEM ( 'NONE', ( #11 ), #2190 ) ;
#1882 = DIRECTION ( 'NONE',  ( -0.0000000000000000000, 1.000000000000000000, -0.0000000000000000000 ) ) ;
#1883 = ORIENTED_EDGE ( 'NONE', *, *, #1428, .F. ) ;
#1884 = DIRECTION ( 'NONE',  ( -0.0000000000000000000, -0.0000000000000000000, 1.000000000000000000 ) ) ;
#1885 = DIRECTION ( 'NONE',  ( 0.0000000000000000000, 1.000000000000000000, 0.0000000000000000000 ) ) ;
#1886 = ORIENTED_EDGE ( 'NONE', *, *, #1445, .F. ) ;
#1887 = CARTESIAN_POINT ( 'NONE',  ( 62.50000000000004263, 400.0000000000000000, 0.0000000000000000000 ) ) ;
#1888 = CARTESIAN_POINT ( 'NONE',  ( -70.00000000000000000, 380.0000000000000000, 95.00000000000000000 ) ) ;
#1889 = CARTESIAN_POINT ( 'NONE',  ( 149.9999999999999716, 0.0000000000000000000, -150.0000000000000000 ) ) ;
#1890 = LINE ( 'NONE', #2350, #3399 ) ;
#1891 = EDGE_LOOP ( 'NONE', ( #1869, #2919 ) ) ;
#1892 = EDGE_CURVE ( 'NONE', #3199, #2585, #1680, .T. ) ;
#1893 =( GEOMETRIC_REPRESENTATION_CONTEXT ( 3 ) GLOBAL_UNCERTAINTY_ASSIGNED_CONTEXT ( ( #3027 ) ) GLOBAL_UNIT_ASSIGNED_CONTEXT ( ( #3726, #2534, #432 ) ) REPRESENTATION_CONTEXT ( 'NONE', 'WORKASPACE' ) );
#1894 = DIRECTION ( 'NONE',  ( -0.0000000000000000000, 1.000000000000000000, -0.0000000000000000000 ) ) ;
#1895 = ORIENTED_EDGE ( 'NONE', *, *, #709, .F. ) ;
#1896 = VECTOR ( 'NONE', #2812, 1000.000000000000000 ) ;
#1897 = DIRECTION ( 'NONE',  ( -0.0000000000000000000, 1.000000000000000000, -0.0000000000000000000 ) ) ;
#1898 = EDGE_CURVE ( 'NONE', #1591, #1450, #18, .T. ) ;
#1899 = DIRECTION ( 'NONE',  ( -1.000000000000000000, -0.0000000000000000000, -0.0000000000000000000 ) ) ;
#1900 = CARTESIAN_POINT ( 'NONE',  ( -139.9999999999999716, 15.00000000000000000, -150.0000000000000000 ) ) ;
#1901 =( GEOMETRIC_REPRESENTATION_CONTEXT ( 3 ) GLOBAL_UNCERTAINTY_ASSIGNED_CONTEXT ( ( #2157 ) ) GLOBAL_UNIT_ASSIGNED_CONTEXT ( ( #1475, #2979, #584 ) ) REPRESENTATION_CONTEXT ( 'NONE', 'WORKASPACE' ) );
#1902 = CIRCLE ( 'NONE', #3647, 7.500000000000007105 ) ;
#1903 = PRESENTATION_STYLE_ASSIGNMENT (( #2836 ) ) ;
#1904 = CARTESIAN_POINT ( 'NONE',  ( -80.00000000000001421, 315.0000000000000000, 45.00000000000000000 ) ) ;
#1905 =( GEOMETRIC_REPRESENTATION_CONTEXT ( 3 ) GLOBAL_UNCERTAINTY_ASSIGNED_CONTEXT ( ( #888 ) ) GLOBAL_UNIT_ASSIGNED_CONTEXT ( ( #1160, #1746, #2343 ) ) REPRESENTATION_CONTEXT ( 'NONE', 'WORKASPACE' ) );
#1906 = FACE_OUTER_BOUND ( 'NONE', #542, .T. ) ;
#1907 = STYLED_ITEM ( 'NONE', ( #50 ), #2898 ) ;
#1908 = AXIS2_PLACEMENT_3D ( 'NONE', #1177, #2666, #2374 ) ;
#1909 = CARTESIAN_POINT ( 'NONE',  ( -124.9999999999999716, 15.00000000000000000, 26.59999999999999787 ) ) ;
#1910 = CARTESIAN_POINT ( 'NONE',  ( -80.00000000000000000, 355.0000000000000000, 42.49999999999999289 ) ) ;
#1911 = LINE ( 'NONE', #678, #2752 ) ;
#1912 = FACE_OUTER_BOUND ( 'NONE', #2464, .T. ) ;
#1913 = VERTEX_POINT ( 'NONE', #1075 ) ;
#1914 = EDGE_LOOP ( 'NONE', ( #3426, #1883, #387, #511 ) ) ;
#1915 = VECTOR ( 'NONE', #3004, 1000.000000000000114 ) ;
#1916 = LINE ( 'NONE', #918, #1681 ) ;
#1917 = ORIENTED_EDGE ( 'NONE', *, *, #3780, .F. ) ;
#1918 = VERTEX_POINT ( 'NONE', #2566 ) ;
#1919 = ORIENTED_EDGE ( 'NONE', *, *, #966, .T. ) ;
#1920 = EDGE_CURVE ( 'NONE', #3465, #3848, #2281, .T. ) ;
#1921 = FACE_OUTER_BOUND ( 'NONE', #3123, .T. ) ;
#1922 = VERTEX_POINT ( 'NONE', #2265 ) ;
#1923 = ORIENTED_EDGE ( 'NONE', *, *, #2923, .F. ) ;
#1924 = FACE_OUTER_BOUND ( 'NONE', #3723, .T. ) ;
#1925 = CARTESIAN_POINT ( 'NONE',  ( -124.9999999999999716, 15.00000000000000000, 0.0000000000000000000 ) ) ;
#1926 = CYLINDRICAL_SURFACE ( 'NONE', #2598, 3.399999999999986144 ) ;
#1927 = VERTEX_POINT ( 'NONE', #782 ) ;
#1928 = CARTESIAN_POINT ( 'NONE',  ( 0.0000000000000000000, -0.0009999999999992653654, 0.0000000000000000000 ) ) ;
#1929 = CARTESIAN_POINT ( 'NONE',  ( -114.9999999999999432, 380.0000000000000000, -124.9999999999999432 ) ) ;
#1930 = ORIENTED_EDGE ( 'NONE', *, *, #3086, .F. ) ;
#1931 = STYLED_ITEM ( 'NONE', ( #3008 ), #2668 ) ;
#1932 = AXIS2_PLACEMENT_3D ( 'NONE', #687, #1565, #3058 ) ;
#1933 = ORIENTED_EDGE ( 'NONE', *, *, #3443, .T. ) ;
#1934 = EDGE_LOOP ( 'NONE', ( #3653, #1948, #3688, #1941, #1368, #110, #177, #341, #438, #220, #3568, #2765, #3341, #1508, #994, #1917, #2577, #2947, #2384, #3287 ) ) ;
#1935 = CARTESIAN_POINT ( 'NONE',  ( 90.00000000000000000, 380.0000000000000000, 90.00000000000000000 ) ) ;
#1936 = DIRECTION ( 'NONE',  ( 0.0000000000000000000, 0.0000000000000000000, 1.000000000000000000 ) ) ;
#1937 = ADVANCED_FACE ( 'NONE', ( #471 ), #795, .F. ) ;
#1938 = VERTEX_POINT ( 'NONE', #463 ) ;
#1939 = DIRECTION ( 'NONE',  ( -0.0000000000000000000, 1.000000000000000000, -0.0000000000000000000 ) ) ;
#1940 = CARTESIAN_POINT ( 'NONE',  ( -90.00000000000000000, 400.0000000000000000, 90.00000000000000000 ) ) ;
#1941 = ORIENTED_EDGE ( 'NONE', *, *, #1716, .F. ) ;
#1942 = EDGE_CURVE ( 'NONE', #2530, #109, #1454, .T. ) ;
#1943 = CARTESIAN_POINT ( 'NONE',  ( -69.99999999999998579, 15.00000000000001066, -80.00000000000000000 ) ) ;
#1944 = EDGE_CURVE ( 'NONE', #3731, #3490, #2814, .T. ) ;
#1945 = ORIENTED_EDGE ( 'NONE', *, *, #825, .T. ) ;
#1946 = CARTESIAN_POINT ( 'NONE',  ( 124.9999999999999716, 15.00000000000000000, 4.499999999999990230 ) ) ;
#1948 = ORIENTED_EDGE ( 'NONE', *, *, #702, .F. ) ;
#1947 = CARTESIAN_POINT ( 'NONE',  ( 70.00000000000001421, 380.0000000000000000, -89.99999999999998579 ) ) ;
#1949 = AXIS2_PLACEMENT_3D ( 'NONE', #2620, #1977, #2565 ) ;
#1950 = FACE_OUTER_BOUND ( 'NONE', #2326, .T. ) ;
#1951 = FILL_AREA_STYLE ('',( #2504 ) ) ;
#1952 = EDGE_CURVE ( 'NONE', #566, #858, #1963, .T. ) ;
#1953 = DIRECTION ( 'NONE',  ( 0.0000000000000000000, 1.000000000000000000, 0.0000000000000000000 ) ) ;
#1954 = CARTESIAN_POINT ( 'NONE',  ( 70.00000000000000000, 400.0000000000000000, -98.00000000000000000 ) ) ;
#1955 = AXIS2_PLACEMENT_3D ( 'NONE', #3209, #3527, #2661 ) ;
#1956 = ADVANCED_FACE ( 'NONE', ( #2060 ), #498, .F. ) ;
#1957 = VECTOR ( 'NONE', #3805, 1000.000000000000000 ) ;
#1958 = AXIS2_PLACEMENT_3D ( 'NONE', #2681, #925, #2111 ) ;
#1959 = LINE ( 'NONE', #3732, #992 ) ;
#1960 = CONTEXT_DEPENDENT_SHAPE_REPRESENTATION ( #3638, #2306 ) ;
#1961 = EDGE_LOOP ( 'NONE', ( #3335, #377, #2036, #762 ) ) ;
#1962 = ORIENTED_EDGE ( 'NONE', *, *, #1312, .T. ) ;
#1963 = CIRCLE ( 'NONE', #3102, 10.00000000000000888 ) ;
#1964 = CIRCLE ( 'NONE', #261, 75.00000000000001421 ) ;
#1965 = CARTESIAN_POINT ( 'NONE',  ( 149.9999999999999716, 0.0000000000000000000, 7.500000000000485834 ) ) ;
#1966 = CARTESIAN_POINT ( 'NONE',  ( -124.9999999999999716, 0.0000000000000000000, 125.0000000000000000 ) ) ;
#1967 = ORIENTED_EDGE ( 'NONE', *, *, #1629, .F. ) ;
#1968 = PRESENTATION_STYLE_ASSIGNMENT (( #2552 ) ) ;
#1969 = LINE ( 'NONE', #2448, #1094 ) ;
#1970 = LINE ( 'NONE', #571, #1334 ) ;
#1971 = ORIENTED_EDGE ( 'NONE', *, *, #211, .F. ) ;
#1972 = EDGE_CURVE ( 'NONE', #2789, #1004, #114, .T. ) ;
#1973 = FACE_OUTER_BOUND ( 'NONE', #562, .T. ) ;
#1974 = FACE_OUTER_BOUND ( 'NONE', #1070, .T. ) ;
#1975 = AXIS2_PLACEMENT_3D ( 'NONE', #63, #3048, #2988 ) ;
#1976 = ORIENTED_EDGE ( 'NONE', *, *, #2515, .F. ) ;
#1977 = DIRECTION ( 'NONE',  ( -1.000000000000000000, -0.0000000000000000000, -0.0000000000000000000 ) ) ;
#1978 = EDGE_CURVE ( 'NONE', #2587, #1586, #1862, .T. ) ;
#1979 = ADVANCED_FACE ( 'NONE', ( #3378 ), #1649, .F. ) ;
#1980 = CARTESIAN_POINT ( 'NONE',  ( -30.00000000000000000, 15.00000000000000000, -125.0000000000000000 ) ) ;
#1981 = PLANE ( 'NONE',  #581 ) ;
#1982 = EDGE_LOOP ( 'NONE', ( #1411, #864 ) ) ;
#1983 = UNCERTAINTY_MEASURE_WITH_UNIT (LENGTH_MEASURE( 1.000000000000000082E-05 ), #3437, 'distance_accuracy_value', 'NONE');
#1984 = DIRECTION ( 'NONE',  ( 0.0000000000000000000, 0.0000000000000000000, 1.000000000000000000 ) ) ;
#1985 = DIRECTION ( 'NONE',  ( 0.0000000000000000000, 1.000000000000000000, 0.0000000000000000000 ) ) ;
#1986 = CARTESIAN_POINT ( 'NONE',  ( 115.0000000000000568, 400.0000000000000000, 125.0000000000000000 ) ) ;
#1987 = CARTESIAN_POINT ( 'NONE',  ( 70.00000000000001421, 380.0000000000000000, -89.99999999999998579 ) ) ;
#1988 = EDGE_CURVE ( 'NONE', #3112, #3643, #2861, .T. ) ;
#1989 = ORIENTED_EDGE ( 'NONE', *, *, #2977, .F. ) ;
#1990 = CARTESIAN_POINT ( 'NONE',  ( 30.00000000000000000, 15.00000000000000000, 125.0000000000000568 ) ) ;
#1991 = CARTESIAN_POINT ( 'NONE',  ( 149.9999999999999432, 15.00000000000000000, -139.9999999999999716 ) ) ;
#1992 = FACE_OUTER_BOUND ( 'NONE', #88, .T. ) ;
#1993 = ADVANCED_FACE ( 'NONE', ( #2469 ), #898, .F. ) ;
#1994 = SURFACE_STYLE_FILL_AREA ( #3544 ) ;
#1995 = EDGE_CURVE ( 'NONE', #2639, #1651, #1179, .T. ) ;
#1996 = CARTESIAN_POINT ( 'NONE',  ( 124.9999999999999716, 0.0000000000000000000, 117.5000000000000000 ) ) ;
#1997 = AXIS2_PLACEMENT_3D ( 'NONE', #1515, #2642, #2983 ) ;
#1998 = CIRCLE ( 'NONE', #3524, 5.099999999999993427 ) ;
#1999 = DIRECTION ( 'NONE',  ( 0.0000000000000000000, 0.0000000000000000000, -1.000000000000000000 ) ) ;
#2001 = CYLINDRICAL_SURFACE ( 'NONE', #3345, 4.500000000000003553 ) ;
#2000 = SURFACE_SIDE_STYLE ('',( #3563 ) ) ;
#2002 = VECTOR ( 'NONE', #2824, 1000.000000000000000 ) ;
#2003 =( GEOMETRIC_REPRESENTATION_CONTEXT ( 3 ) GLOBAL_UNCERTAINTY_ASSIGNED_CONTEXT ( ( #1519 ) ) GLOBAL_UNIT_ASSIGNED_CONTEXT ( ( #1181, #2949, #288 ) ) REPRESENTATION_CONTEXT ( 'NONE', 'WORKASPACE' ) );
#2004 = EDGE_LOOP ( 'NONE', ( #1409, #1779, #980, #254 ) ) ;
#2005 = VERTEX_POINT ( 'NONE', #3574 ) ;
#2006 = COLOUR_RGB ( '',1.000000000000000000, 1.000000000000000000, 1.000000000000000000 ) ;
#2007 = CYLINDRICAL_SURFACE ( 'NONE', #105, 10.00000000000000888 ) ;
#2008 = LINE ( 'NONE', #1889, #1590 ) ;
#2009 = MECHANICAL_DESIGN_GEOMETRIC_PRESENTATION_REPRESENTATION (  '', ( #2482 ), #1295 ) ;
#2010 = ORIENTED_EDGE ( 'NONE', *, *, #255, .T. ) ;
#2011 = ORIENTED_EDGE ( 'NONE', *, *, #1920, .T. ) ;
#2012 = VERTEX_POINT ( 'NONE', #637 ) ;
#2013 = LINE ( 'NONE', #64, #120 ) ;
#2014 = EDGE_LOOP ( 'NONE', ( #1451, #292, #101, #499 ) ) ;
#2015 = ORIENTED_EDGE ( 'NONE', *, *, #36, .F. ) ;
#2016 = FACE_BOUND ( 'NONE', #1736, .T. ) ;
#2017 = EDGE_CURVE ( 'NONE', #1152, #2247, #2897, .T. ) ;
#2018 = SURFACE_STYLE_FILL_AREA ( #1155 ) ;
#2019 = CARTESIAN_POINT ( 'NONE',  ( 125.0000000000000568, 380.0000000000000000, -114.9999999999999858 ) ) ;
#2020 = DIRECTION ( 'NONE',  ( 1.000000000000000000, -1.486905836551548832E-16, -9.912705577010325549E-17 ) ) ;
#2021 = EDGE_LOOP ( 'NONE', ( #1469, #2347, #3139, #3157 ) ) ;
#2022 = CARTESIAN_POINT ( 'NONE',  ( 7.499999999998951949, 0.0000000000000000000, 150.0000000000000853 ) ) ;
#2023 = CARTESIAN_POINT ( 'NONE',  ( -30.00000000000000000, 15.00000000000000000, -128.3999999999999773 ) ) ;
#2024 = EDGE_CURVE ( 'NONE', #2429, #2005, #3002, .T. ) ;
#2025 = CARTESIAN_POINT ( 'NONE',  ( -89.99999999999998579, 315.0000000000000000, 42.49999999999999289 ) ) ;
#2026 = DIRECTION ( 'NONE',  ( 0.7071067811865474617, -0.0000000000000000000, -0.7071067811865474617 ) ) ;
#2027 = VERTEX_POINT ( 'NONE', #333 ) ;
#2028 = STYLED_ITEM ( 'NONE', ( #3269 ), #323 ) ;
#2029 = AXIS2_PLACEMENT_3D ( 'NONE', #3009, #2080, #589 ) ;
#2030 = DIRECTION ( 'NONE',  ( -1.000000000000000000, 1.486905836551550065E-16, -9.912705577010332945E-17 ) ) ;
#2031 = CARTESIAN_POINT ( 'NONE',  ( -124.9999999999999716, 15.00000000000000000, 30.00000000000000000 ) ) ;
#2032 = DIRECTION ( 'NONE',  ( -0.0000000000000000000, 1.000000000000000000, -0.0000000000000000000 ) ) ;
#2033 = FILL_AREA_STYLE ('',( #1699 ) ) ;
#2034 = UNCERTAINTY_MEASURE_WITH_UNIT (LENGTH_MEASURE( 1.000000000000000082E-05 ), #3844, 'distance_accuracy_value', 'NONE');
#2035 = CARTESIAN_POINT ( 'NONE',  ( 89.99999999999994316, 380.0000000000000000, -69.99999999999998579 ) ) ;
#2036 = ORIENTED_EDGE ( 'NONE', *, *, #3669, .T. ) ;
#2037 = AXIS2_PLACEMENT_3D ( 'NONE', #1928, #1061, #3753 ) ;
#2038 = AXIS2_PLACEMENT_3D ( 'NONE', #1473, #284, #3315 ) ;
#2039 = DIRECTION ( 'NONE',  ( -1.000000000000000000, 1.486905836551550065E-16, -9.912705577010332945E-17 ) ) ;
#2040 = DIRECTION ( 'NONE',  ( -1.000000000000000000, 1.734723475976806848E-16, 0.0000000000000000000 ) ) ;
#2041 = VERTEX_POINT ( 'NONE', #1518 ) ;
#2042 =( NAMED_UNIT ( * ) PLANE_ANGLE_UNIT ( ) SI_UNIT ( $, .RADIAN. ) );
#2043 = ORIENTED_EDGE ( 'NONE', *, *, #3636, .T. ) ;
#2044 = DIRECTION ( 'NONE',  ( 8.659560562354932858E-17, 0.7071067811865474617, -0.7071067811865474617 ) ) ;
#2045 =( NAMED_UNIT ( * ) SI_UNIT ( $, .STERADIAN. ) SOLID_ANGLE_UNIT ( ) );
#2046 =( NAMED_UNIT ( * ) PLANE_ANGLE_UNIT ( ) SI_UNIT ( $, .RADIAN. ) );
#2047 = EDGE_CURVE ( 'NONE', #1040, #3391, #2560, .T. ) ;
#2048 = VECTOR ( 'NONE', #3662, 1000.000000000000000 ) ;
#2049 = LINE ( 'NONE', #3798, #2744 ) ;
#2050 = CARTESIAN_POINT ( 'NONE',  ( 79.99999999999994316, 14.99999999999998757, 69.99999999999997158 ) ) ;
#2051 = LINE ( 'NONE', #2286, #325 ) ;
#2052 = EDGE_CURVE ( 'NONE', #21, #1552, #1320, .T. ) ;
#2053 = CARTESIAN_POINT ( 'NONE',  ( -89.99999999999998579, 355.0000000000000000, -45.00000000000000000 ) ) ;
#2054 = VECTOR ( 'NONE', #3701, 1000.000000000000000 ) ;
#2055 = SHAPE_DEFINITION_REPRESENTATION ( #3321, #506 ) ;
#2056 = CARTESIAN_POINT ( 'NONE',  ( -124.9999999999999716, 15.00000000000000000, 132.5000000000000000 ) ) ;
#2057 = ORIENTED_EDGE ( 'NONE', *, *, #1226, .F. ) ;
#2058 = ORIENTED_EDGE ( 'NONE', *, *, #1739, .F. ) ;
#2059 = EDGE_CURVE ( 'NONE', #3848, #523, #1225, .T. ) ;
#2060 = FACE_OUTER_BOUND ( 'NONE', #1159, .T. ) ;
#2061 = CARTESIAN_POINT ( 'NONE',  ( -70.00000000000000000, 399.5000000000000000, 95.00000000000000000 ) ) ;
#2062 = ORIENTED_EDGE ( 'NONE', *, *, #702, .T. ) ;
#2064 = ORIENTED_EDGE ( 'NONE', *, *, #906, .F. ) ;
#2063 = DIRECTION ( 'NONE',  ( 1.520853458390625560E-16, 1.000000000000000000, 0.0000000000000000000 ) ) ;
#2065 = FACE_BOUND ( 'NONE', #1860, .T. ) ;
#2066 = EDGE_LOOP ( 'NONE', ( #2870, #1256, #335, #2771 ) ) ;
#2067 = ORIENTED_EDGE ( 'NONE', *, *, #2877, .F. ) ;
#2068 = CARTESIAN_POINT ( 'NONE',  ( 115.0000000000000568, 400.0000000000000000, -124.9999999999999432 ) ) ;
#2069 = ORIENTED_EDGE ( 'NONE', *, *, #122, .T. ) ;
#2070 = EDGE_CURVE ( 'NONE', #955, #2289, #1589, .T. ) ;
#2071 = CARTESIAN_POINT ( 'NONE',  ( 150.0000000000000568, -0.0009999999999992653654, -7.499999999999475975 ) ) ;
#2072 = CARTESIAN_POINT ( 'NONE',  ( -124.9999999999999432, 380.0000000000000000, -114.9999999999999574 ) ) ;
#2073 = VERTEX_POINT ( 'NONE', #229 ) ;
#2074 = CARTESIAN_POINT ( 'NONE',  ( 70.00000000000000000, 400.0000000000000000, -95.00000000000000000 ) ) ;
#2075 = CARTESIAN_POINT ( 'NONE',  ( 124.9999999999999716, 15.00000000000000000, -117.5000000000000000 ) ) ;
#2076 = EDGE_CURVE ( 'NONE', #3385, #458, #711, .T. ) ;
#2077 = DIRECTION ( 'NONE',  ( -1.000000000000000000, 1.734723475976803150E-16, 0.0000000000000000000 ) ) ;
#2078 = DIRECTION ( 'NONE',  ( 0.0000000000000000000, 0.0000000000000000000, 1.000000000000000000 ) ) ;
#2079 = AXIS2_PLACEMENT_3D ( 'NONE', #727, #1033, #751 ) ;
#2080 = DIRECTION ( 'NONE',  ( -0.0000000000000000000, 1.000000000000000000, -0.0000000000000000000 ) ) ;
#2081 = CARTESIAN_POINT ( 'NONE',  ( 3.490751165318329160E-14, 380.0000000000000000, 0.0000000000000000000 ) ) ;
#2082 = CARTESIAN_POINT ( 'NONE',  ( -150.0000000000000284, 15.00000000000000000, -150.0000000000000000 ) ) ;
#2083 = ADVANCED_FACE ( 'NONE', ( #667 ), #1245, .F. ) ;
#2084 = PRESENTATION_LAYER_ASSIGNMENT (  '', '', ( #1385 ) ) ;
#2085 = CARTESIAN_POINT ( 'NONE',  ( -70.00000000000000000, 400.0000000000000000, 95.00000000000000000 ) ) ;
#2086 = VERTEX_POINT ( 'NONE', #625 ) ;
#2087 = SURFACE_STYLE_USAGE ( .BOTH. , #1756 ) ;
#2088 = CYLINDRICAL_SURFACE ( 'NONE', #841, 3.400000000000000355 ) ;
#2089 = DIRECTION ( 'NONE',  ( 1.850371707708594316E-16, 0.0000000000000000000, 1.000000000000000000 ) ) ;
#2090 = VERTEX_POINT ( 'NONE', #2700 ) ;
#2091 = CARTESIAN_POINT ( 'NONE',  ( 69.99999999999997158, 380.0000000000000000, 80.00000000000000000 ) ) ;
#2093 = LINE ( 'NONE', #1789, #3041 ) ;
#2092 = CARTESIAN_POINT ( 'NONE',  ( 142.5000000000000568, -0.0009999999999992653654, 4.975360907851466735E-13 ) ) ;
#2094 = DIRECTION ( 'NONE',  ( 0.0000000000000000000, 0.0000000000000000000, 1.000000000000000000 ) ) ;
#2095 = LINE ( 'NONE', #239, #508 ) ;
#2096 = EDGE_CURVE ( 'NONE', #2830, #1552, #3752, .T. ) ;
#2097 = LINE ( 'NONE', #657, #1364 ) ;
#2098 = CARTESIAN_POINT ( 'NONE',  ( 90.00000000000000000, 400.0000000000000000, 84.90000000000000568 ) ) ;
#2099 = ORIENTED_EDGE ( 'NONE', *, *, #270, .T. ) ;
#2100 = EDGE_CURVE ( 'NONE', #2357, #3710, #513, .T. ) ;
#2101 = ORIENTED_EDGE ( 'NONE', *, *, #1995, .F. ) ;
#2102 = UNCERTAINTY_MEASURE_WITH_UNIT (LENGTH_MEASURE( 1.000000000000000082E-05 ), #2123, 'distance_accuracy_value', 'NONE');
#2103 = ADVANCED_FACE ( 'NONE', ( #382 ), #2629, .F. ) ;
#2104 = VECTOR ( 'NONE', #3408, 1000.000000000000000 ) ;
#2105 = VERTEX_POINT ( 'NONE', #191 ) ;
#2106 = ORIENTED_EDGE ( 'NONE', *, *, #2854, .T. ) ;
#2107 = ORIENTED_EDGE ( 'NONE', *, *, #910, .T. ) ;
#2108 = LINE ( 'NONE', #988, #210 ) ;
#2109 = CARTESIAN_POINT ( 'NONE',  ( 30.00000000000000000, 15.00000000000000000, 121.6000000000000512 ) ) ;
#2110 = FACE_BOUND ( 'NONE', #1822, .T. ) ;
#2111 = DIRECTION ( 'NONE',  ( 0.0000000000000000000, 0.0000000000000000000, 1.000000000000000000 ) ) ;
#2112 = CARTESIAN_POINT ( 'NONE',  ( 7.500000000000000000, 15.00000000000000000, -150.0000000000000284 ) ) ;
#2113 = ORIENTED_EDGE ( 'NONE', *, *, #1575, .F. ) ;
#2114 = AXIS2_PLACEMENT_3D ( 'NONE', #380, #3720, #407 ) ;
#2115 = LINE ( 'NONE', #3026, #1333 ) ;
#2116 = VECTOR ( 'NONE', #2020, 1000.000000000000000 ) ;
#2117 =( NAMED_UNIT ( * ) SI_UNIT ( $, .STERADIAN. ) SOLID_ANGLE_UNIT ( ) );
#2118 = ORIENTED_EDGE ( 'NONE', *, *, #3394, .T. ) ;
#2119 = CARTESIAN_POINT ( 'NONE',  ( 124.9999999999999716, 0.0000000000000000000, -125.0000000000000000 ) ) ;
#2120 = VECTOR ( 'NONE', #350, 1000.000000000000000 ) ;
#2121 = ORIENTED_EDGE ( 'NONE', *, *, #1739, .T. ) ;
#2122 = DIRECTION ( 'NONE',  ( -1.000000000000000000, 0.0000000000000000000, 0.0000000000000000000 ) ) ;
#2123 =( LENGTH_UNIT ( ) NAMED_UNIT ( * ) SI_UNIT ( .MILLI., .METRE. ) );
#2124 = EDGE_LOOP ( 'NONE', ( #76, #2858, #259, #3794 ) ) ;
#2125 = EDGE_CURVE ( 'NONE', #391, #920, #1088, .T. ) ;
#2126 = CARTESIAN_POINT ( 'NONE',  ( -69.99999999999998579, 380.0000000000000000, 90.00000000000000000 ) ) ;
#2127 = FILL_AREA_STYLE_COLOUR ( '', #3285 ) ;
#2128 = ORIENTED_EDGE ( 'NONE', *, *, #2179, .T. ) ;
#2129 = ADVANCED_FACE ( 'NONE', ( #1771 ), #193, .F. ) ;
#2130 = EDGE_CURVE ( 'NONE', #2012, #3066, #199, .T. ) ;
#2131 = DIRECTION ( 'NONE',  ( 1.000000000000000000, 0.0000000000000000000, 0.0000000000000000000 ) ) ;
#2132 = ORIENTED_EDGE ( 'NONE', *, *, #2746, .F. ) ;
#2133 = CARTESIAN_POINT ( 'NONE',  ( 124.9999999999999716, 15.00000000000000000, 4.938795603462354205E-17 ) ) ;
#2134 = VERTEX_POINT ( 'NONE', #2920 ) ;
#2135 = AXIS2_PLACEMENT_3D ( 'NONE', #2978, #3649, #986 ) ;
#2136 = DIRECTION ( 'NONE',  ( -1.000000000000000000, -0.0000000000000000000, -0.0000000000000000000 ) ) ;
#2137 = SURFACE_STYLE_FILL_AREA ( #186 ) ;
#2138 = DIRECTION ( 'NONE',  ( -1.000000000000000000, -0.0000000000000000000, -0.0000000000000000000 ) ) ;
#2139 = CARTESIAN_POINT ( 'NONE',  ( -89.99999999999997158, 380.0000000000000000, 69.99999999999998579 ) ) ;
#2140 = ORIENTED_EDGE ( 'NONE', *, *, #1476, .T. ) ;
#2141 = FILL_AREA_STYLE ('',( #2768 ) ) ;
#2142 = DIRECTION ( 'NONE',  ( 1.520853458390625560E-16, 1.000000000000000000, 0.0000000000000000000 ) ) ;
#2143 = ADVANCED_FACE ( 'NONE', ( #3658 ), #3179, .F. ) ;
#2144 = LINE ( 'NONE', #2791, #3222 ) ;
#2145 = SURFACE_SIDE_STYLE ('',( #2511 ) ) ;
#2146 = CARTESIAN_POINT ( 'NONE',  ( -150.0000000000000284, 15.00000000000000000, -150.0000000000000000 ) ) ;
#2147 = DIRECTION ( 'NONE',  ( -0.0000000000000000000, 1.000000000000000000, -0.0000000000000000000 ) ) ;
#2148 = DIRECTION ( 'NONE',  ( -0.0000000000000000000, 1.000000000000000000, -0.0000000000000000000 ) ) ;
#2149 = LINE ( 'NONE', #3690, #2650 ) ;
#2150 = EDGE_CURVE ( 'NONE', #858, #2430, #3277, .T. ) ;
#2151 = FACE_OUTER_BOUND ( 'NONE', #3668, .T. ) ;
#2152 = EDGE_LOOP ( 'NONE', ( #2686, #1030, #2937, #809 ) ) ;
#2153 = EDGE_LOOP ( 'NONE', ( #3796, #1976, #1344, #3509 ) ) ;
#2154 = CARTESIAN_POINT ( 'NONE',  ( 90.00000000000000000, 400.0000000000000000, 90.00000000000000000 ) ) ;
#2156 = ORIENTED_EDGE ( 'NONE', *, *, #1258, .F. ) ;
#2155 = DIRECTION ( 'NONE',  ( 0.0000000000000000000, -0.0000000000000000000, 1.000000000000000000 ) ) ;
#2157 = UNCERTAINTY_MEASURE_WITH_UNIT (LENGTH_MEASURE( 1.000000000000000082E-05 ), #1475, 'distance_accuracy_value', 'NONE');
#2158 = SURFACE_STYLE_FILL_AREA ( #2672 ) ;
#2159 = AXIS2_PLACEMENT_3D ( 'NONE', #1127, #1091, #2297 ) ;
#2160 = VERTEX_POINT ( 'NONE', #1457 ) ;
#2161 = CARTESIAN_POINT ( 'NONE',  ( 7.500000000000000000, -0.0009999999999992653654, -150.0000000000000284 ) ) ;
#2162 = EDGE_LOOP ( 'NONE', ( #2929, #979, #1187, #1096 ) ) ;
#2163 =( GEOMETRIC_REPRESENTATION_CONTEXT ( 3 ) GLOBAL_UNCERTAINTY_ASSIGNED_CONTEXT ( ( #3256 ) ) GLOBAL_UNIT_ASSIGNED_CONTEXT ( ( #666, #402, #2167 ) ) REPRESENTATION_CONTEXT ( 'NONE', 'WORKASPACE' ) );
#2164 = VECTOR ( 'NONE', #1782, 1000.000000000000000 ) ;
#2165 = FACE_OUTER_BOUND ( 'NONE', #1293, .T. ) ;
#2166 = ORIENTED_EDGE ( 'NONE', *, *, #178, .F. ) ;
#2167 =( NAMED_UNIT ( * ) SI_UNIT ( $, .STERADIAN. ) SOLID_ANGLE_UNIT ( ) );
#2168 = FILL_AREA_STYLE_COLOUR ( '', #3384 ) ;
#2169 = AXIS2_PLACEMENT_3D ( 'NONE', #2971, #585, #1765 ) ;
#2170 = DIRECTION ( 'NONE',  ( -0.0000000000000000000, 1.000000000000000000, -0.0000000000000000000 ) ) ;
#2171 = CARTESIAN_POINT ( 'NONE',  ( 142.5000000000000568, 15.00000000000000000, 4.975360907851466735E-13 ) ) ;
#2172 = EDGE_LOOP ( 'NONE', ( #2613, #355, #2737, #3607 ) ) ;
#2173 = VERTEX_POINT ( 'NONE', #2356 ) ;
#2174 = DIRECTION ( 'NONE',  ( 1.000000000000000000, -1.520853458390625560E-16, 0.0000000000000000000 ) ) ;
#2175 = DIRECTION ( 'NONE',  ( 1.000000000000000000, 0.0000000000000000000, 0.0000000000000000000 ) ) ;
#2176 = EDGE_CURVE ( 'NONE', #3536, #3642, #2759, .T. ) ;
#2177 = DIRECTION ( 'NONE',  ( -0.0000000000000000000, 1.000000000000000000, -0.0000000000000000000 ) ) ;
#2178 = SURFACE_STYLE_USAGE ( .BOTH. , #2732 ) ;
#2179 = EDGE_CURVE ( 'NONE', #3185, #1316, #1449, .T. ) ;
#2180 = CARTESIAN_POINT ( 'NONE',  ( -89.99999999999998579, 315.0000000000000000, -45.00000000000000000 ) ) ;
#2181 = DIRECTION ( 'NONE',  ( -9.912705577010335410E-17, 1.507577255880420397E-32, -1.000000000000000000 ) ) ;
#2182 = CIRCLE ( 'NONE', #1701, 5.099999999999993427 ) ;
#2183 = AXIS2_PLACEMENT_3D ( 'NONE', #3069, #340, #85 ) ;
#2184 = SURFACE_STYLE_USAGE ( .BOTH. , #2145 ) ;
#2185 = LINE ( 'NONE', #1836, #3089 ) ;
#2186 = FACE_OUTER_BOUND ( 'NONE', #2976, .T. ) ;
#2187 = SURFACE_STYLE_USAGE ( .BOTH. , #2784 ) ;
#2188 = CARTESIAN_POINT ( 'NONE',  ( -89.99999999999998579, 355.0000000000000000, -42.49999999999999289 ) ) ;
#2189 = FACE_BOUND ( 'NONE', #251, .T. ) ;
#2190 = ADVANCED_FACE ( 'NONE', ( #2328 ), #1495, .F. ) ;
#2191 = CYLINDRICAL_SURFACE ( 'NONE', #1147, 4.499999999999990230 ) ;
#2192 = CYLINDRICAL_SURFACE ( 'NONE', #3616, 4.499999999999997335 ) ;
#2193 = CARTESIAN_POINT ( 'NONE',  ( -124.9999999999999716, 15.00000000000000000, -117.5000000000000142 ) ) ;
#2194 = ORIENTED_EDGE ( 'NONE', *, *, #1840, .F. ) ;
#2195 = ORIENTED_EDGE ( 'NONE', *, *, #2359, .F. ) ;
#2196 = DIRECTION ( 'NONE',  ( -1.520853458390625560E-16, -1.000000000000000000, -0.0000000000000000000 ) ) ;
#2197 = VECTOR ( 'NONE', #2535, 1000.000000000000000 ) ;
#2198 = COLOUR_RGB ( '',1.000000000000000000, 1.000000000000000000, 1.000000000000000000 ) ;
#2199 = CARTESIAN_POINT ( 'NONE',  ( -89.99999999999998579, 355.0000000000000000, -42.49999999999999289 ) ) ;
#2200 =( NAMED_UNIT ( * ) SI_UNIT ( $, .STERADIAN. ) SOLID_ANGLE_UNIT ( ) );
#2201 = CARTESIAN_POINT ( 'NONE',  ( 124.9999999999999716, 0.0000000000000000000, 125.0000000000000000 ) ) ;
#2202 = ORIENTED_EDGE ( 'NONE', *, *, #2492, .F. ) ;
#2203 = EDGE_CURVE ( 'NONE', #2375, #1417, #332, .T. ) ;
#2204 = EDGE_LOOP ( 'NONE', ( #1718, #1989, #2514, #2653 ) ) ;
#2205 = VECTOR ( 'NONE', #2796, 1000.000000000000000 ) ;
#2206 = AXIS2_PLACEMENT_3D ( 'NONE', #1904, #2174, #3085 ) ;
#2207 = CARTESIAN_POINT ( 'NONE',  ( -69.99999999999994316, 380.0000000000000000, -80.00000000000000000 ) ) ;
#2208 = ORIENTED_EDGE ( 'NONE', *, *, #2394, .T. ) ;
#2209 = DIRECTION ( 'NONE',  ( 1.850371707708594316E-16, 0.0000000000000000000, 1.000000000000000000 ) ) ;
#2210 = ORIENTED_EDGE ( 'NONE', *, *, #3394, .F. ) ;
#2211 = CARTESIAN_POINT ( 'NONE',  ( 7.500000000000000000, 15.00000000000000000, -150.0000000000000284 ) ) ;
#2212 = CIRCLE ( 'NONE', #747, 10.00000000000002309 ) ;
#2213 = VECTOR ( 'NONE', #3872, 1000.000000000000000 ) ;
#2214 = CIRCLE ( 'NONE', #3037, 62.50000000000000000 ) ;
#2215 = DIRECTION ( 'NONE',  ( -0.0000000000000000000, 1.000000000000000000, -0.0000000000000000000 ) ) ;
#2216 = AXIS2_PLACEMENT_3D ( 'NONE', #3259, #3272, #1485 ) ;
#2217 = VERTEX_POINT ( 'NONE', #2109 ) ;
#2218 =( LENGTH_UNIT ( ) NAMED_UNIT ( * ) SI_UNIT ( .MILLI., .METRE. ) );
#2219 = CARTESIAN_POINT ( 'NONE',  ( -30.00000000000000000, 0.0000000000000000000, -125.0000000000000000 ) ) ;
#2220 = EDGE_CURVE ( 'NONE', #2247, #245, #758, .T. ) ;
#2221 = EDGE_LOOP ( 'NONE', ( #385, #1678, #2925, #2278 ) ) ;
#2222 = DIRECTION ( 'NONE',  ( 0.0000000000000000000, 0.0000000000000000000, 1.000000000000000000 ) ) ;
#2223 = EDGE_CURVE ( 'NONE', #1316, #3185, #3747, .T. ) ;
#2224 = CARTESIAN_POINT ( 'NONE',  ( -89.99999999999998579, 315.0000000000000000, 45.00000000000000000 ) ) ;
#2225 = AXIS2_PLACEMENT_3D ( 'NONE', #962, #1000, #3685 ) ;
#2226 = ORIENTED_EDGE ( 'NONE', *, *, #3339, .F. ) ;
#2227 = LINE ( 'NONE', #2056, #500 ) ;
#2228 = CARTESIAN_POINT ( 'NONE',  ( -7.500000000001047162, -0.0009999999999992653654, 149.9999999999999716 ) ) ;
#2229 = PLANE ( 'NONE',  #2420 ) ;
#2230 = AXIS2_PLACEMENT_3D ( 'NONE', #2973, #1773, #3811 ) ;
#2231 = FACE_OUTER_BOUND ( 'NONE', #2444, .T. ) ;
#2232 = VECTOR ( 'NONE', #311, 1000.000000000000000 ) ;
#2233 = LINE ( 'NONE', #2917, #1440 ) ;
#2234 = AXIS2_PLACEMENT_3D ( 'NONE', #1266, #1529, #40 ) ;
#2235 = DIRECTION ( 'NONE',  ( -0.0000000000000000000, -1.000000000000000000, -0.0000000000000000000 ) ) ;
#2236 = DIRECTION ( 'NONE',  ( -0.0000000000000000000, 1.000000000000000000, -0.0000000000000000000 ) ) ;
#2237 = LINE ( 'NONE', #541, #1957 ) ;
#2238 = DIRECTION ( 'NONE',  ( 0.0000000000000000000, 1.000000000000000000, 0.0000000000000000000 ) ) ;
#2239 = CARTESIAN_POINT ( 'NONE',  ( -114.9999999999999432, 380.0000000000000000, -124.9999999999999432 ) ) ;
#2240 = CARTESIAN_POINT ( 'NONE',  ( 90.00000000000000000, 400.0000000000000000, 90.00000000000000000 ) ) ;
#2241 = CLOSED_SHELL ( 'NONE', ( #2129, #1609, #35, #3034, #2688, #1993, #3177, #307, #1823, #1218, #1393, #2, #3514, #2550, #3202, #1937, #550, #2431, #897, #965, #1783, #1211, #712, #1790, #183, #68, #660, #2782, #2479, #1479, #543, #3624, #2369, #47, #3809, #3325, #833, #1566, #2728, #2898, #3350, #1956, #631, #3455, #2103, #3172, #3111, #3628 ) ) ;
#2242 = VERTEX_POINT ( 'NONE', #61 ) ;
#2243 = ORIENTED_EDGE ( 'NONE', *, *, #2738, .F. ) ;
#2244 = EDGE_LOOP ( 'NONE', ( #3543, #3857 ) ) ;
#2245 = EDGE_LOOP ( 'NONE', ( #1788, #1373 ) ) ;
#2246 = CARTESIAN_POINT ( 'NONE',  ( 5.510910596163080681E-16, 15.00000000000000000, -129.5000000000000000 ) ) ;
#2247 = VERTEX_POINT ( 'NONE', #2986 ) ;
#2248 = FACE_BOUND ( 'NONE', #1859, .T. ) ;
#2249 = DIRECTION ( 'NONE',  ( -9.912705577010326782E-17, 1.507577255880419302E-32, 1.000000000000000000 ) ) ;
#2250 = LINE ( 'NONE', #3022, #1238 ) ;
#2251 = ORIENTED_EDGE ( 'NONE', *, *, #3550, .F. ) ;
#2252 = EDGE_CURVE ( 'NONE', #1278, #2918, #3462, .T. ) ;
#2253 = ORIENTED_EDGE ( 'NONE', *, *, #3712, .F. ) ;
#2254 = CARTESIAN_POINT ( 'NONE',  ( 124.9999999999999716, 15.00000000000000000, 132.5000000000000000 ) ) ;
#2255 = AXIS2_PLACEMENT_3D ( 'NONE', #537, #2927, #2131 ) ;
#2256 = VERTEX_POINT ( 'NONE', #309 ) ;
#2257 = CARTESIAN_POINT ( 'NONE',  ( -124.9999999999999716, 15.00000000000000000, 0.0000000000000000000 ) ) ;
#2258 = SURFACE_SIDE_STYLE ('',( #2137 ) ) ;
#2259 = EDGE_CURVE ( 'NONE', #2379, #2816, #244, .T. ) ;
#2260 = ADVANCED_FACE ( 'NONE', ( #2151 ), #3589, .F. ) ;
#2261 = ORIENTED_EDGE ( 'NONE', *, *, #1952, .T. ) ;
#2262 = CIRCLE ( 'NONE', #2956, 20.00000000000000355 ) ;
#2263 = EDGE_CURVE ( 'NONE', #410, #955, #1720, .T. ) ;
#2264 = CARTESIAN_POINT ( 'NONE',  ( 0.0000000000000000000, -0.0009999999999992653654, -142.5000000000000568 ) ) ;
#2266 = VERTEX_POINT ( 'NONE', #361 ) ;
#2265 = CARTESIAN_POINT ( 'NONE',  ( 5.510910596163078709E-16, 0.0000000000000000000, -129.5000000000000000 ) ) ;
#2267 = AXIS2_PLACEMENT_3D ( 'NONE', #1203, #1161, #882 ) ;
#2268 = LINE ( 'NONE', #3645, #2408 ) ;
#2269 = FACE_OUTER_BOUND ( 'NONE', #3641, .T. ) ;
#2270 =( LENGTH_UNIT ( ) NAMED_UNIT ( * ) SI_UNIT ( .MILLI., .METRE. ) );
#2271 = CARTESIAN_POINT ( 'NONE',  ( 125.0000000000000568, 400.0000000000000000, 115.0000000000000142 ) ) ;
#2272 = SURFACE_STYLE_USAGE ( .BOTH. , #491 ) ;
#2273 = AXIS2_PLACEMENT_3D ( 'NONE', #1706, #530, #3814 ) ;
#2274 = FACE_OUTER_BOUND ( 'NONE', #2421, .T. ) ;
#2275 = CARTESIAN_POINT ( 'NONE',  ( 70.00000000000000000, 399.5000000000000000, -92.00000000000000000 ) ) ;
#2276 = FACE_OUTER_BOUND ( 'NONE', #2563, .T. ) ;
#2277 = FILL_AREA_STYLE_COLOUR ( '', #3830 ) ;
#2278 = ORIENTED_EDGE ( 'NONE', *, *, #2176, .T. ) ;
#2279 = PRESENTATION_STYLE_ASSIGNMENT (( #304 ) ) ;
#2280 = LINE ( 'NONE', #1068, #2468 ) ;
#2281 = CIRCLE ( 'NONE', #290, 2.500000000000002220 ) ;
#2282 = LINE ( 'NONE', #2023, #514 ) ;
#2283 = CARTESIAN_POINT ( 'NONE',  ( 125.0000000000000568, 380.0000000000000000, 115.0000000000000142 ) ) ;
#2284 = ORIENTED_EDGE ( 'NONE', *, *, #1137, .T. ) ;
#2285 = VERTEX_POINT ( 'NONE', #1561 ) ;
#2286 = CARTESIAN_POINT ( 'NONE',  ( -150.0000000000000284, 0.0000000000000000000, -150.0000000000000000 ) ) ;
#2287 = EDGE_LOOP ( 'NONE', ( #1112, #1923, #2113, #2677, #1392, #1500, #3454, #851 ) ) ;
#2288 = FACE_OUTER_BOUND ( 'NONE', #2172, .T. ) ;
#2289 = VERTEX_POINT ( 'NONE', #111 ) ;
#2290 = VERTEX_POINT ( 'NONE', #1496 ) ;
#2291 = COLOUR_RGB ( '',0.6470588235294117974, 0.6196078431372549211, 0.5882352941176470784 ) ;
#2292 = DIRECTION ( 'NONE',  ( -0.0000000000000000000, 1.000000000000000000, -0.0000000000000000000 ) ) ;
#2293 = EDGE_CURVE ( 'NONE', #2639, #3149, #1366, .T. ) ;
#2294 = PRODUCT_DEFINITION ( 'UNKNOWN', '', #991, #1800 ) ;
#2295 = CARTESIAN_POINT ( 'NONE',  ( 125.0000000000000000, 15.00000000000000000, -26.60000000000001208 ) ) ;
#2296 = SURFACE_STYLE_USAGE ( .BOTH. , #2000 ) ;
#2297 = DIRECTION ( 'NONE',  ( -1.000000000000000000, 0.0000000000000000000, 0.0000000000000000000 ) ) ;
#2298 = ADVANCED_FACE ( 'NONE', ( #3095 ), #2604, .T. ) ;
#2299 = CARTESIAN_POINT ( 'NONE',  ( 124.9999999999999716, 0.0000000000000000000, -125.0000000000000000 ) ) ;
#2300 = AXIS2_PLACEMENT_3D ( 'NONE', #2980, #3282, #676 ) ;
#2301 = AXIS2_PLACEMENT_3D ( 'NONE', #3488, #1985, #215 ) ;
#2302 = MECHANICAL_DESIGN_GEOMETRIC_PRESENTATION_REPRESENTATION (  '', ( #1387 ), #2576 ) ;
#2303 = CIRCLE ( 'NONE', #1555, 3.000000000000002665 ) ;
#2304 = DIRECTION ( 'NONE',  ( -0.7071067811865474617, -0.0000000000000000000, 0.7071067811865474617 ) ) ;
#2305 = ADVANCED_FACE ( 'NONE', ( #947 ), #3233, .T. ) ;
#2306 = PRODUCT_DEFINITION_SHAPE ( 'NONE', 'NONE',  #3881 ) ;
#2307 = ORIENTED_EDGE ( 'NONE', *, *, #122, .F. ) ;
#2308 =( NAMED_UNIT ( * ) SI_UNIT ( $, .STERADIAN. ) SOLID_ANGLE_UNIT ( ) );
#2309 = CARTESIAN_POINT ( 'NONE',  ( 30.00000000000000000, 0.0000000000000000000, 125.0000000000000568 ) ) ;
#2310 =( LENGTH_UNIT ( ) NAMED_UNIT ( * ) SI_UNIT ( .MILLI., .METRE. ) );
#2311 = MANIFOLD_SOLID_BREP ( 'Ø6.0mm Dowel Hole1', #1352 ) ;
#2312 = EDGE_CURVE ( 'NONE', #445, #2867, #656, .T. ) ;
#2313 = LINE ( 'NONE', #2019, #3774 ) ;
#2314 = DIRECTION ( 'NONE',  ( 0.0000000000000000000, 0.0000000000000000000, 1.000000000000000000 ) ) ;
#2315 = CARTESIAN_POINT ( 'NONE',  ( 124.9999999999999716, 15.00000000000000000, 4.499999999999990230 ) ) ;
#2316 = DIRECTION ( 'NONE',  ( 0.0000000000000000000, 0.0000000000000000000, 1.000000000000000000 ) ) ;
#2317 = LINE ( 'NONE', #2597, #883 ) ;
#2318 = EDGE_CURVE ( 'NONE', #2823, #1453, #2144, .T. ) ;
#2319 = AXIS2_PLACEMENT_3D ( 'NONE', #2833, #759, #1936 ) ;
#2320 = FACE_BOUND ( 'NONE', #2339, .T. ) ;
#2321 = FACE_BOUND ( 'NONE', #2601, .T. ) ;
#2322 = LINE ( 'NONE', #1486, #3046 ) ;
#2323 = DIRECTION ( 'NONE',  ( -1.520853458390625560E-16, -1.000000000000000000, -0.0000000000000000000 ) ) ;
#2324 = VECTOR ( 'NONE', #228, 1000.000000000000000 ) ;
#2325 = AXIS2_PLACEMENT_3D ( 'NONE', #3278, #1488, #1007 ) ;
#2326 = EDGE_LOOP ( 'NONE', ( #32, #203, #2064, #2195 ) ) ;
#2327 = ORIENTED_EDGE ( 'NONE', *, *, #2895, .F. ) ;
#2328 = FACE_OUTER_BOUND ( 'NONE', #3709, .T. ) ;
#2329 = EDGE_LOOP ( 'NONE', ( #1702, #3532, #2440, #880 ) ) ;
#2330 = VERTEX_POINT ( 'NONE', #3047 ) ;
#2331 = ORIENTED_EDGE ( 'NONE', *, *, #3704, .F. ) ;
#2332 =( NAMED_UNIT ( * ) PLANE_ANGLE_UNIT ( ) SI_UNIT ( $, .RADIAN. ) );
#2333 = VERTEX_POINT ( 'NONE', #1284 ) ;
#2334 = EDGE_LOOP ( 'NONE', ( #1055, #1090, #2043, #1482 ) ) ;
#2335 = FACE_BOUND ( 'NONE', #2793, .T. ) ;
#2336 = EDGE_CURVE ( 'NONE', #534, #3385, #1050, .T. ) ;
#2337 = VECTOR ( 'NONE', #3225, 1000.000000000000000 ) ;
#2338 = DIRECTION ( 'NONE',  ( -1.850371707708594316E-16, -0.0000000000000000000, -1.000000000000000000 ) ) ;
#2339 = EDGE_LOOP ( 'NONE', ( #1700, #748 ) ) ;
#2340 = ORIENTED_EDGE ( 'NONE', *, *, #2859, .T. ) ;
#2341 = CARTESIAN_POINT ( 'NONE',  ( 69.99999999999991473, 14.99999999999998934, 80.00000000000000000 ) ) ;
#2342 = EDGE_CURVE ( 'NONE', #2242, #788, #1123, .T. ) ;
#2343 =( NAMED_UNIT ( * ) SI_UNIT ( $, .STERADIAN. ) SOLID_ANGLE_UNIT ( ) );
#2344 = AXIS2_PLACEMENT_3D ( 'NONE', #1402, #3180, #497 ) ;
#2345 = CARTESIAN_POINT ( 'NONE',  ( -7.500000000001047162, 15.00000000000000000, 149.9999999999999716 ) ) ;
#2346 = ORIENTED_EDGE ( 'NONE', *, *, #1470, .F. ) ;
#2347 = ORIENTED_EDGE ( 'NONE', *, *, #3360, .T. ) ;
#2348 = STYLED_ITEM ( 'NONE', ( #3743 ), #399 ) ;
#2349 = AXIS2_PLACEMENT_3D ( 'NONE', #3684, #2804, #3435 ) ;
#2350 = CARTESIAN_POINT ( 'NONE',  ( -80.00000000000000000, 380.0000000000000000, 69.99999999999998579 ) ) ;
#2351 = CARTESIAN_POINT ( 'NONE',  ( 124.9999999999999716, 0.0000000000000000000, 4.938795603462354205E-17 ) ) ;
#2352 = DIRECTION ( 'NONE',  ( -0.0000000000000000000, 1.000000000000000000, -0.0000000000000000000 ) ) ;
#2353 = DIRECTION ( 'NONE',  ( 0.0000000000000000000, 0.0000000000000000000, 1.000000000000000000 ) ) ;
#2354 = AXIS2_PLACEMENT_3D ( 'NONE', #2722, #981, #2780 ) ;
#2355 = VECTOR ( 'NONE', #3224, 1000.000000000000000 ) ;
#2356 = CARTESIAN_POINT ( 'NONE',  ( 150.0000000000000568, 0.0000000000000000000, -7.499999999999475975 ) ) ;
#2357 = VERTEX_POINT ( 'NONE', #1849 ) ;
#2358 = DIRECTION ( 'NONE',  ( 0.0000000000000000000, 0.0000000000000000000, 1.000000000000000000 ) ) ;
#2359 = EDGE_CURVE ( 'NONE', #3845, #831, #2698, .T. ) ;
#2360 = LINE ( 'NONE', #494, #1577 ) ;
#2361 = DIRECTION ( 'NONE',  ( 0.0000000000000000000, 0.0000000000000000000, 1.000000000000000000 ) ) ;
#2362 = SURFACE_STYLE_FILL_AREA ( #268 ) ;
#2363 = CARTESIAN_POINT ( 'NONE',  ( -89.99999999999997158, 380.0000000000000000, 69.99999999999998579 ) ) ;
#2364 = SURFACE_STYLE_USAGE ( .BOTH. , #3878 ) ;
#2365 = LINE ( 'NONE', #2593, #1854 ) ;
#2366 = EDGE_CURVE ( 'NONE', #2476, #573, #3781, .T. ) ;
#2367 = CIRCLE ( 'NONE', #3213, 3.399999999999986144 ) ;
#2368 = PLANE ( 'NONE',  #2267 ) ;
#2369 = ADVANCED_FACE ( 'NONE', ( #8 ), #3134, .F. ) ;
#2370 = AXIS2_PLACEMENT_3D ( 'NONE', #1199, #890, #2353 ) ;
#2371 = DIRECTION ( 'NONE',  ( 0.0000000000000000000, 1.000000000000000000, 0.0000000000000000000 ) ) ;
#2372 = VECTOR ( 'NONE', #2030, 1000.000000000000000 ) ;
#2373 = ORIENTED_EDGE ( 'NONE', *, *, #1013, .T. ) ;
#2374 = DIRECTION ( 'NONE',  ( -1.000000000000000000, 0.0000000000000000000, 0.0000000000000000000 ) ) ;
#2375 = VERTEX_POINT ( 'NONE', #3148 ) ;
#2376 = AXIS2_PLACEMENT_3D ( 'NONE', #2792, #1287, #417 ) ;
#2377 = FACE_OUTER_BOUND ( 'NONE', #3560, .T. ) ;
#2378 =( LENGTH_UNIT ( ) NAMED_UNIT ( * ) SI_UNIT ( .MILLI., .METRE. ) );
#2379 = VERTEX_POINT ( 'NONE', #1611 ) ;
#2381 = ORIENTED_EDGE ( 'NONE', *, *, #1618, .T. ) ;
#2380 = CARTESIAN_POINT ( 'NONE',  ( -150.0000000000000284, 15.00000000000000000, -150.0000000000000000 ) ) ;
#2382 = VECTOR ( 'NONE', #3689, 1000.000000000000000 ) ;
#2383 = CYLINDRICAL_SURFACE ( 'NONE', #419, 7.500000000000007105 ) ;
#2384 = ORIENTED_EDGE ( 'NONE', *, *, #3067, .F. ) ;
#2385 = ORIENTED_EDGE ( 'NONE', *, *, #5, .T. ) ;
#2386 = UNCERTAINTY_MEASURE_WITH_UNIT (LENGTH_MEASURE( 1.000000000000000082E-05 ), #2852, 'distance_accuracy_value', 'NONE');
#2387 = FACE_BOUND ( 'NONE', #2493, .T. ) ;
#2388 = LINE ( 'NONE', #141, #204 ) ;
#2389 = CARTESIAN_POINT ( 'NONE',  ( -114.9999999999999432, 380.0000000000000000, 125.0000000000000000 ) ) ;
#2390 = DIRECTION ( 'NONE',  ( -0.7071067811865474617, 0.0000000000000000000, -0.7071067811865474617 ) ) ;
#2391 = EDGE_CURVE ( 'NONE', #1586, #1809, #3832, .T. ) ;
#2392 = CARTESIAN_POINT ( 'NONE',  ( 89.99999999999994316, 380.0000000000000000, -69.99999999999998579 ) ) ;
#2393 = CARTESIAN_POINT ( 'NONE',  ( 79.99999999999991473, 14.99999999999998757, -69.99999999999998579 ) ) ;
#2394 = EDGE_CURVE ( 'NONE', #3053, #2086, #840, .T. ) ;
#2395 = DIRECTION ( 'NONE',  ( -0.0000000000000000000, 1.000000000000000000, -0.0000000000000000000 ) ) ;
#2396 = STYLED_ITEM ( 'NONE', ( #1667 ), #2718 ) ;
#2397 = DIRECTION ( 'NONE',  ( 0.0000000000000000000, 0.0000000000000000000, 1.000000000000000000 ) ) ;
#2398 = CARTESIAN_POINT ( 'NONE',  ( -62.49999999999996447, 400.0000000000000000, 7.654042494670957804E-15 ) ) ;
#2399 = ORIENTED_EDGE ( 'NONE', *, *, #808, .T. ) ;
#2400 = LINE ( 'NONE', #281, #2537 ) ;
#2401 =( GEOMETRIC_REPRESENTATION_CONTEXT ( 3 ) GLOBAL_UNCERTAINTY_ASSIGNED_CONTEXT ( ( #2034 ) ) GLOBAL_UNIT_ASSIGNED_CONTEXT ( ( #3844, #1125, #2045 ) ) REPRESENTATION_CONTEXT ( 'NONE', 'WORKASPACE' ) );
#2402 = CARTESIAN_POINT ( 'NONE',  ( 69.99999999999994316, 14.99999999999998934, 69.99999999999997158 ) ) ;
#2403 = DIRECTION ( 'NONE',  ( 0.0000000000000000000, 0.0000000000000000000, 1.000000000000000000 ) ) ;
#2404 = ORIENTED_EDGE ( 'NONE', *, *, #1710, .F. ) ;
#2405 = CARTESIAN_POINT ( 'NONE',  ( -150.0000000000000284, 15.00000000000000000, -150.0000000000000000 ) ) ;
#2406 = ADVANCED_FACE ( 'NONE', ( #147, #3415, #2321, #2189, #1906, #935, #322, #232 ), #3711, .F. ) ;
#2407 = EDGE_CURVE ( 'NONE', #1938, #3434, #3043, .T. ) ;
#2408 = VECTOR ( 'NONE', #1562, 1000.000000000000114 ) ;
#2409 = CARTESIAN_POINT ( 'NONE',  ( -150.0000000000000284, 15.00000000000000000, -150.0000000000000000 ) ) ;
#2410 = DIRECTION ( 'NONE',  ( -1.000000000000000000, 0.0000000000000000000, 9.912705577010326782E-17 ) ) ;
#2412 = FACE_BOUND ( 'NONE', #2884, .T. ) ;
#2411 = CARTESIAN_POINT ( 'NONE',  ( -149.9999999999999716, 15.00000000000000000, 150.0000000000000000 ) ) ;
#2413 = CARTESIAN_POINT ( 'NONE',  ( 142.5000000000000568, 0.0000000000000000000, 4.975360907851466735E-13 ) ) ;
#2414 = FACE_OUTER_BOUND ( 'NONE', #3610, .T. ) ;
#2415 = EDGE_CURVE ( 'NONE', #2285, #2847, #796, .T. ) ;
#2416 = AXIS2_PLACEMENT_3D ( 'NONE', #1980, #503, #222 ) ;
#2417 = CARTESIAN_POINT ( 'NONE',  ( 124.9999999999999716, 15.00000000000000000, 125.0000000000000000 ) ) ;
#2418 = CARTESIAN_POINT ( 'NONE',  ( -80.00000000000001421, 315.0000000000000000, -45.00000000000000000 ) ) ;
#2419 = VERTEX_POINT ( 'NONE', #2246 ) ;
#2420 = AXIS2_PLACEMENT_3D ( 'NONE', #2840, #828, #1690 ) ;
#2421 = EDGE_LOOP ( 'NONE', ( #3627, #22, #1046, #2764 ) ) ;
#2422 = LINE ( 'NONE', #773, #1082 ) ;
#2423 = PRESENTATION_STYLE_ASSIGNMENT (( #2184 ) ) ;
#2424 = MECHANICAL_DESIGN_GEOMETRIC_PRESENTATION_REPRESENTATION (  '', ( #1163 ), #636 ) ;
#2425 = ORIENTED_EDGE ( 'NONE', *, *, #1288, .T. ) ;
#2426 =( NAMED_UNIT ( * ) SI_UNIT ( $, .STERADIAN. ) SOLID_ANGLE_UNIT ( ) );
#2427 = CARTESIAN_POINT ( 'NONE',  ( 30.00000000000000000, 0.0000000000000000000, 128.4000000000000341 ) ) ;
#2428 = PLANE ( 'NONE',  #2234 ) ;
#2429 = VERTEX_POINT ( 'NONE', #772 ) ;
#2430 = VERTEX_POINT ( 'NONE', #1943 ) ;
#2431 = ADVANCED_FACE ( 'NONE', ( #1217 ), #134, .F. ) ;
#2432 = DIRECTION ( 'NONE',  ( -0.0000000000000000000, 1.000000000000000000, -0.0000000000000000000 ) ) ;
#2433 = ORIENTED_EDGE ( 'NONE', *, *, #1301, .F. ) ;
#2434 = VERTEX_POINT ( 'NONE', #2499 ) ;
#2435 =( NAMED_UNIT ( * ) PLANE_ANGLE_UNIT ( ) SI_UNIT ( $, .RADIAN. ) );
#2436 = CARTESIAN_POINT ( 'NONE',  ( -89.99999999999997158, 380.0000000000000000, -69.99999999999998579 ) ) ;
#2437 = DIRECTION ( 'NONE',  ( 1.000000000000000000, 0.0000000000000000000, 0.0000000000000000000 ) ) ;
#2438 = ORIENTED_EDGE ( 'NONE', *, *, #3833, .F. ) ;
#2439 = DIRECTION ( 'NONE',  ( -1.000000000000000000, -0.0000000000000000000, -0.0000000000000000000 ) ) ;
#2440 = ORIENTED_EDGE ( 'NONE', *, *, #1665, .T. ) ;
#2441 = EDGE_CURVE ( 'NONE', #2105, #2134, #2993, .T. ) ;
#2442 = DIRECTION ( 'NONE',  ( -0.0000000000000000000, 1.000000000000000000, -0.0000000000000000000 ) ) ;
#2443 = DIRECTION ( 'NONE',  ( -0.0000000000000000000, -0.0000000000000000000, 1.000000000000000000 ) ) ;
#2444 = EDGE_LOOP ( 'NONE', ( #2010, #850, #45, #857, #1229, #2284, #2828, #2756 ) ) ;
#2445 = PRESENTATION_LAYER_ASSIGNMENT (  '', '', ( #1931 ) ) ;
#2446 = AXIS2_PLACEMENT_3D ( 'NONE', #1766, #2675, #893 ) ;
#2447 = CARTESIAN_POINT ( 'NONE',  ( 0.0000000000000000000, 15.00000000000000000, -125.0000000000000000 ) ) ;
#2448 = CARTESIAN_POINT ( 'NONE',  ( -9.950721815702933470E-13, 0.0000000000000000000, 142.5000000000000568 ) ) ;
#2449 = DIRECTION ( 'NONE',  ( -0.7071067811865475727, 0.0000000000000000000, 0.7071067811865475727 ) ) ;
#2450 = DIRECTION ( 'NONE',  ( 0.0000000000000000000, 1.000000000000000000, 0.0000000000000000000 ) ) ;
#2451 = EDGE_LOOP ( 'NONE', ( #469, #1661, #959, #2015 ) ) ;
#2452 = DIRECTION ( 'NONE',  ( 1.000000000000000000, 0.0000000000000000000, 0.0000000000000000000 ) ) ;
#2453 = CARTESIAN_POINT ( 'NONE',  ( -70.00000000000000000, 399.5000000000000000, 98.00000000000000000 ) ) ;
#2454 = DIRECTION ( 'NONE',  ( 1.000000000000000000, -1.520853458390625560E-16, 0.0000000000000000000 ) ) ;
#2455 = PRESENTATION_STYLE_ASSIGNMENT (( #1341 ) ) ;
#2456 = CYLINDRICAL_SURFACE ( 'NONE', #1437, 5.099999999999993427 ) ;
#2457 = CIRCLE ( 'NONE', #1264, 3.000000000000002665 ) ;
#2458 = DIRECTION ( 'NONE',  ( 0.0000000000000000000, -1.000000000000000000, 0.0000000000000000000 ) ) ;
#2459 = PLANE ( 'NONE',  #549 ) ;
#2460 = PLANE ( 'NONE',  #3424 ) ;
#2461 = VECTOR ( 'NONE', #1291, 1000.000000000000000 ) ;
#2462 = EDGE_CURVE ( 'NONE', #1599, #1228, #2890, .T. ) ;
#2463 = APPLICATION_PROTOCOL_DEFINITION ( 'draft international standard', 'automotive_design', 1998, #397 ) ;
#2464 = EDGE_LOOP ( 'NONE', ( #517, #1156, #2529, #3212 ) ) ;
#2465 =( LENGTH_UNIT ( ) NAMED_UNIT ( * ) SI_UNIT ( .MILLI., .METRE. ) );
#2466 = EDGE_LOOP ( 'NONE', ( #81, #1369 ) ) ;
#2467 = CARTESIAN_POINT ( 'NONE',  ( -149.9999999999999716, 0.0000000000000000000, 139.9999999999999716 ) ) ;
#2468 = VECTOR ( 'NONE', #731, 1000.000000000000000 ) ;
#2469 = FACE_OUTER_BOUND ( 'NONE', #2021, .T. ) ;
#2470 = ORIENTED_EDGE ( 'NONE', *, *, #353, .T. ) ;
#2471 = DIRECTION ( 'NONE',  ( -1.520853458390625560E-16, -1.000000000000000000, -0.0000000000000000000 ) ) ;
#2472 = EDGE_LOOP ( 'NONE', ( #613, #2340, #3380, #2819 ) ) ;
#2473 = ADVANCED_FACE ( 'NONE', ( #2414 ), #700, .F. ) ;
#2474 = AXIS2_PLACEMENT_3D ( 'NONE', #2974, #2136, #24 ) ;
#2475 = VECTOR ( 'NONE', #2850, 1000.000000000000114 ) ;
#2476 = VERTEX_POINT ( 'NONE', #2636 ) ;
#2477 = EDGE_LOOP ( 'NONE', ( #3115, #3061 ) ) ;
#2478 = CARTESIAN_POINT ( 'NONE',  ( 124.9999999999999716, 15.00000000000000000, 125.0000000000000000 ) ) ;
#2479 = ADVANCED_FACE ( 'NONE', ( #3694 ), #3174, .F. ) ;
#2480 = LINE ( 'NONE', #1297, #1190 ) ;
#2481 = DIRECTION ( 'NONE',  ( -1.520853458390625560E-16, -1.000000000000000000, -0.0000000000000000000 ) ) ;
#2482 = STYLED_ITEM ( 'NONE', ( #815 ), #1609 ) ;
#2483 = UNCERTAINTY_MEASURE_WITH_UNIT (LENGTH_MEASURE( 1.000000000000000082E-05 ), #3870, 'distance_accuracy_value', 'NONE');
#2484 = DIRECTION ( 'NONE',  ( 0.0000000000000000000, 0.0000000000000000000, 1.000000000000000000 ) ) ;
#2485 = CARTESIAN_POINT ( 'NONE',  ( 0.0000000000000000000, 15.00000000000000000, -120.5000000000000000 ) ) ;
#2486 = DIRECTION ( 'NONE',  ( 0.7071067811865484609, -0.0000000000000000000, 0.7071067811865465735 ) ) ;
#2487 = DIRECTION ( 'NONE',  ( -0.0000000000000000000, 1.000000000000000000, -0.0000000000000000000 ) ) ;
#2488 = EDGE_CURVE ( 'NONE', #1417, #2134, #1441, .T. ) ;
#2489 = CARTESIAN_POINT ( 'NONE',  ( -69.99999999999994316, 380.0000000000000000, 80.00000000000001421 ) ) ;
#2490 = DIRECTION ( 'NONE',  ( -1.000000000000000000, 0.0000000000000000000, 0.0000000000000000000 ) ) ;
#2491 = CARTESIAN_POINT ( 'NONE',  ( 3.638780901935016488E-14, 400.0000000000000000, 0.0000000000000000000 ) ) ;
#2492 = EDGE_CURVE ( 'NONE', #1861, #3083, #2367, .T. ) ;
#2493 = EDGE_LOOP ( 'NONE', ( #3751, #317 ) ) ;
#2494 = CARTESIAN_POINT ( 'NONE',  ( -90.00000000000000000, 400.0000000000000000, -84.90000000000000568 ) ) ;
#2495 = ORIENTED_EDGE ( 'NONE', *, *, #854, .F. ) ;
#2496 = COLOUR_RGB ( '',1.000000000000000000, 1.000000000000000000, 1.000000000000000000 ) ;
#2497 = MECHANICAL_DESIGN_GEOMETRIC_PRESENTATION_REPRESENTATION (  '', ( #839 ), #3261 ) ;
#2498 = AXIS2_PLACEMENT_3D ( 'NONE', #1461, #3275, #2094 ) ;
#2499 = CARTESIAN_POINT ( 'NONE',  ( -142.5000000000000568, 0.0000000000000000000, -1.492729551078042505E-12 ) ) ;
#2500 =( LENGTH_UNIT ( ) NAMED_UNIT ( * ) SI_UNIT ( .MILLI., .METRE. ) );
#2501 = DIRECTION ( 'NONE',  ( 0.0000000000000000000, 0.0000000000000000000, 1.000000000000000000 ) ) ;
#2502 = VERTEX_POINT ( 'NONE', #3829 ) ;
#2503 = FACE_BOUND ( 'NONE', #1653, .T. ) ;
#2504 = FILL_AREA_STYLE_COLOUR ( '', #3038 ) ;
#2505 = VECTOR ( 'NONE', #3263, 1000.000000000000000 ) ;
#2506 = DIRECTION ( 'NONE',  ( -0.0000000000000000000, 1.000000000000000000, -0.0000000000000000000 ) ) ;
#2507 = CIRCLE ( 'NONE', #1908, 10.00000000000002309 ) ;
#2508 = EDGE_CURVE ( 'NONE', #1651, #2822, #989, .T. ) ;
#2509 = ORIENTED_EDGE ( 'NONE', *, *, #3504, .F. ) ;
#2510 = ORIENTED_EDGE ( 'NONE', *, *, #3184, .F. ) ;
#2511 = SURFACE_STYLE_FILL_AREA ( #372 ) ;
#2512 = DIRECTION ( 'NONE',  ( -1.000000000000000000, 1.734723475976803150E-16, 0.0000000000000000000 ) ) ;
#2513 = DIRECTION ( 'NONE',  ( -1.520853458390625560E-16, -1.000000000000000000, -0.0000000000000000000 ) ) ;
#2514 = ORIENTED_EDGE ( 'NONE', *, *, #3657, .T. ) ;
#2515 = EDGE_CURVE ( 'NONE', #3391, #1040, #3316, .T. ) ;
#2516 = VERTEX_POINT ( 'NONE', #1743 ) ;
#2517 = VECTOR ( 'NONE', #722, 1000.000000000000000 ) ;
#2518 = DIRECTION ( 'NONE',  ( -0.0000000000000000000, 1.000000000000000000, -0.0000000000000000000 ) ) ;
#2519 = ORIENTED_EDGE ( 'NONE', *, *, #879, .T. ) ;
#2520 = ORIENTED_EDGE ( 'NONE', *, *, #1363, .T. ) ;
#2521 = SURFACE_STYLE_USAGE ( .BOTH. , #1354 ) ;
#2522 = CIRCLE ( 'NONE', #2992, 5.099999999999993427 ) ;
#2523 = CIRCLE ( 'NONE', #1958, 2.500000000000002220 ) ;
#2524 = AXIS2_PLACEMENT_3D ( 'NONE', #2491, #3729, #1311 ) ;
#2525 = EDGE_LOOP ( 'NONE', ( #2872, #3087 ) ) ;
#2526 = STYLED_ITEM ( 'NONE', ( #2279 ), #35 ) ;
#2527 = SURFACE_STYLE_USAGE ( .BOTH. , #452 ) ;
#2528 = CARTESIAN_POINT ( 'NONE',  ( 30.00000000000000000, 0.0000000000000000000, 121.6000000000000512 ) ) ;
#2529 = ORIENTED_EDGE ( 'NONE', *, *, #2961, .T. ) ;
#2530 = VERTEX_POINT ( 'NONE', #2022 ) ;
#2531 = ORIENTED_EDGE ( 'NONE', *, *, #728, .F. ) ;
#2532 = CARTESIAN_POINT ( 'NONE',  ( 90.00000000000000000, 380.0000000000000000, -90.00000000000000000 ) ) ;
#2533 = EDGE_CURVE ( 'NONE', #591, #2330, #3368, .T. ) ;
#2534 =( NAMED_UNIT ( * ) PLANE_ANGLE_UNIT ( ) SI_UNIT ( $, .RADIAN. ) );
#2535 = DIRECTION ( 'NONE',  ( -1.850371707708594316E-16, -0.0000000000000000000, -1.000000000000000000 ) ) ;
#2536 = PRESENTATION_LAYER_ASSIGNMENT (  '', '', ( #734 ) ) ;
#2537 = VECTOR ( 'NONE', #2044, 1000.000000000000114 ) ;
#2538 = DIRECTION ( 'NONE',  ( -0.0000000000000000000, 1.000000000000000000, -0.0000000000000000000 ) ) ;
#2539 = EDGE_CURVE ( 'NONE', #960, #2816, #2095, .T. ) ;
#2540 = CARTESIAN_POINT ( 'NONE',  ( 69.99999999999997158, 380.0000000000000000, -69.99999999999998579 ) ) ;
#2541 = DIRECTION ( 'NONE',  ( -0.7071067811865483499, 0.0000000000000000000, 0.7071067811865465735 ) ) ;
#2542 = VERTEX_POINT ( 'NONE', #3849 ) ;
#2543 = ORIENTED_EDGE ( 'NONE', *, *, #1445, .T. ) ;
#2544 = UNCERTAINTY_MEASURE_WITH_UNIT (LENGTH_MEASURE( 1.000000000000000082E-05 ), #1328, 'distance_accuracy_value', 'NONE');
#2545 = FACE_OUTER_BOUND ( 'NONE', #3405, .T. ) ;
#2546 = DIRECTION ( 'NONE',  ( 0.0000000000000000000, 0.0000000000000000000, 1.000000000000000000 ) ) ;
#2547 = CARTESIAN_POINT ( 'NONE',  ( -69.99999999999998579, 380.0000000000000000, -69.99999999999998579 ) ) ;
#2548 = LINE ( 'NONE', #2866, #2941 ) ;
#2549 = VECTOR ( 'NONE', #1129, 1000.000000000000000 ) ;
#2550 = ADVANCED_FACE ( 'NONE', ( #3503 ), #3228, .F. ) ;
#2551 = CARTESIAN_POINT ( 'NONE',  ( 9.184850993605148733E-15, 0.0000000000000000000, -75.00000000000001421 ) ) ;
#2553 = VECTOR ( 'NONE', #3365, 1000.000000000000000 ) ;
#2552 = SURFACE_STYLE_USAGE ( .BOTH. , #765 ) ;
#2554 = DIRECTION ( 'NONE',  ( -0.0000000000000000000, 1.000000000000000000, -0.0000000000000000000 ) ) ;
#2555 = EDGE_LOOP ( 'NONE', ( #3023, #3861, #3013, #2652, #108, #1434, #681, #1303 ) ) ;
#2556 = VERTEX_POINT ( 'NONE', #256 ) ;
#2557 = ORIENTED_EDGE ( 'NONE', *, *, #1834, .F. ) ;
#2558 = EDGE_CURVE ( 'NONE', #1637, #2516, #652, .T. ) ;
#2559 = CARTESIAN_POINT ( 'NONE',  ( 69.99999999999997158, 14.99999999999998934, 89.99999999999997158 ) ) ;
#2560 = CIRCLE ( 'NONE', #2230, 3.399999999999986144 ) ;
#2561 = VECTOR ( 'NONE', #1447, 1000.000000000000000 ) ;
#2562 = ORIENTED_EDGE ( 'NONE', *, *, #2150, .F. ) ;
#2563 = EDGE_LOOP ( 'NONE', ( #3555, #2194, #2987, #3382 ) ) ;
#2564 = SURFACE_STYLE_FILL_AREA ( #447 ) ;
#2565 = DIRECTION ( 'NONE',  ( 0.0000000000000000000, 0.0000000000000000000, 1.000000000000000000 ) ) ;
#2566 = CARTESIAN_POINT ( 'NONE',  ( -70.00000000000000000, 380.0000000000000000, 92.00000000000001421 ) ) ;
#2567 = EDGE_LOOP ( 'NONE', ( #3300, #1971 ) ) ;
#2568 = EDGE_CURVE ( 'NONE', #1417, #2375, #2457, .T. ) ;
#2569 = EDGE_LOOP ( 'NONE', ( #1895, #2132 ) ) ;
#2570 = PRESENTATION_LAYER_ASSIGNMENT (  '', '', ( #2930 ) ) ;
#2571 = LINE ( 'NONE', #1025, #866 ) ;
#2572 = CARTESIAN_POINT ( 'NONE',  ( -90.00000000000000000, 380.0000000000000000, 90.00000000000000000 ) ) ;
#2573 = DIRECTION ( 'NONE',  ( -0.7071067811865474617, 0.0000000000000000000, 0.7071067811865474617 ) ) ;
#2574 = DIRECTION ( 'NONE',  ( 0.7071067811865441310, -0.0000000000000000000, 0.7071067811865510144 ) ) ;
#2575 = ORIENTED_EDGE ( 'NONE', *, *, #3636, .F. ) ;
#2576 =( GEOMETRIC_REPRESENTATION_CONTEXT ( 3 ) GLOBAL_UNCERTAINTY_ASSIGNED_CONTEXT ( ( #412 ) ) GLOBAL_UNIT_ASSIGNED_CONTEXT ( ( #1444, #2046, #263 ) ) REPRESENTATION_CONTEXT ( 'NONE', 'WORKASPACE' ) );
#2577 = ORIENTED_EDGE ( 'NONE', *, *, #1650, .F. ) ;
#2578 = CARTESIAN_POINT ( 'NONE',  ( 69.99999999999991473, 14.99999999999998934, -80.00000000000000000 ) ) ;
#2579 = CARTESIAN_POINT ( 'NONE',  ( 125.0000000000000000, 15.00000000000000000, -33.39999999999998437 ) ) ;
#2580 = ORIENTED_EDGE ( 'NONE', *, *, #1972, .T. ) ;
#2581 = FILL_AREA_STYLE ('',( #2933 ) ) ;
#2582 = DIRECTION ( 'NONE',  ( -0.0000000000000000000, 1.000000000000000000, -0.0000000000000000000 ) ) ;
#2583 = EDGE_CURVE ( 'NONE', #548, #2830, #887, .T. ) ;
#2584 = DIRECTION ( 'NONE',  ( 0.0000000000000000000, 0.0000000000000000000, 1.000000000000000000 ) ) ;
#2585 = VERTEX_POINT ( 'NONE', #1168 ) ;
#2586 = CARTESIAN_POINT ( 'NONE',  ( -150.0000000000001137, 15.00000000000000000, 7.499999999998428812 ) ) ;
#2587 = VERTEX_POINT ( 'NONE', #2967 ) ;
#2588 = LINE ( 'NONE', #3205, #2692 ) ;
#2589 = CYLINDRICAL_SURFACE ( 'NONE', #392, 3.000000000000002665 ) ;
#2590 = ADVANCED_FACE ( 'NONE', ( #1804 ), #553, .F. ) ;
#2591 = DIRECTION ( 'NONE',  ( 0.0000000000000000000, 0.0000000000000000000, 1.000000000000000000 ) ) ;
#2592 =( NAMED_UNIT ( * ) PLANE_ANGLE_UNIT ( ) SI_UNIT ( $, .RADIAN. ) );
#2593 = CARTESIAN_POINT ( 'NONE',  ( -9.950721815702933470E-13, 15.00000000000000000, 142.5000000000000568 ) ) ;
#2594 = CYLINDRICAL_SURFACE ( 'NONE', #1581, 2.500000000000002220 ) ;
#2595 = DIRECTION ( 'NONE',  ( 0.0000000000000000000, 0.0000000000000000000, 1.000000000000000000 ) ) ;
#2596 = VECTOR ( 'NONE', #1713, 1000.000000000000114 ) ;
#2597 = CARTESIAN_POINT ( 'NONE',  ( 69.99999999999997158, 380.0000000000000000, -80.00000000000000000 ) ) ;
#2598 = AXIS2_PLACEMENT_3D ( 'NONE', #1698, #3804, #531 ) ;
#2599 = CIRCLE ( 'NONE', #2676, 4.500000000000003553 ) ;
#2600 = CARTESIAN_POINT ( 'NONE',  ( 0.0000000000000000000, 0.0000000000000000000, -125.0000000000000000 ) ) ;
#2601 = EDGE_LOOP ( 'NONE', ( #2842, #615 ) ) ;
#2602 = EDGE_LOOP ( 'NONE', ( #3074, #512, #1886, #949 ) ) ;
#2603 = LINE ( 'NONE', #1946, #946 ) ;
#2604 = CYLINDRICAL_SURFACE ( 'NONE', #2678, 20.00000000000000355 ) ;
#2605 = CARTESIAN_POINT ( 'NONE',  ( -144.9999999999999716, 15.00000000000000000, -145.0000000000000000 ) ) ;
#2606 = DIRECTION ( 'NONE',  ( 0.0000000000000000000, 0.0000000000000000000, 1.000000000000000000 ) ) ;
#2607 = ORIENTED_EDGE ( 'NONE', *, *, #36, .T. ) ;
#2608 = DIRECTION ( 'NONE',  ( 1.850371707708594316E-16, 0.0000000000000000000, 1.000000000000000000 ) ) ;
#2609 = EDGE_LOOP ( 'NONE', ( #2101, #1571 ) ) ;
#2610 = LINE ( 'NONE', #1265, #248 ) ;
#2611 = LINE ( 'NONE', #3371, #1414 ) ;
#2612 = DIRECTION ( 'NONE',  ( 0.0000000000000000000, 1.000000000000000000, 0.0000000000000000000 ) ) ;
#2613 = ORIENTED_EDGE ( 'NONE', *, *, #624, .F. ) ;
#2614 = ORIENTED_EDGE ( 'NONE', *, *, #709, .T. ) ;
#2615 = EDGE_CURVE ( 'NONE', #813, #3057, #2802, .T. ) ;
#2616 = DIRECTION ( 'NONE',  ( 0.0000000000000000000, 0.0000000000000000000, 1.000000000000000000 ) ) ;
#2617 = FACE_BOUND ( 'NONE', #2569, .T. ) ;
#2618 = CIRCLE ( 'NONE', #2827, 3.399999999999986144 ) ;
#2619 = ORIENTED_EDGE ( 'NONE', *, *, #3682, .F. ) ;
#2620 = CARTESIAN_POINT ( 'NONE',  ( -89.99999999999998579, 355.0000000000000000, 45.00000000000000000 ) ) ;
#2621 = MECHANICAL_DESIGN_GEOMETRIC_PRESENTATION_REPRESENTATION (  '', ( #767 ), #2163 ) ;
#2622 = FILL_AREA_STYLE ('',( #875 ) ) ;
#2623 = DIRECTION ( 'NONE',  ( 0.0000000000000000000, 0.0000000000000000000, -1.000000000000000000 ) ) ;
#2624 = CARTESIAN_POINT ( 'NONE',  ( 0.0000000000000000000, 0.0000000000000000000, -142.5000000000000568 ) ) ;
#2625 = ORIENTED_EDGE ( 'NONE', *, *, #348, .T. ) ;
#2626 = CARTESIAN_POINT ( 'NONE',  ( 30.00000000000000000, 0.0000000000000000000, 125.0000000000000568 ) ) ;
#2627 = ORIENTED_EDGE ( 'NONE', *, *, #1395, .F. ) ;
#2628 = DIRECTION ( 'NONE',  ( -7.401486830834376525E-17, -1.000000000000000000, -0.0000000000000000000 ) ) ;
#2629 = PLANE ( 'NONE',  #2079 ) ;
#2630 = FILL_AREA_STYLE_COLOUR ( '', #286 ) ;
#2631 = CARTESIAN_POINT ( 'NONE',  ( -1.419341474236166827E-16, 15.00000000000000000, 125.0000000000000284 ) ) ;
#2632 = DIRECTION ( 'NONE',  ( 0.0000000000000000000, 0.0000000000000000000, 1.000000000000000000 ) ) ;
#2633 = DIRECTION ( 'NONE',  ( 0.0000000000000000000, 0.0000000000000000000, 1.000000000000000000 ) ) ;
#2634 = EDGE_CURVE ( 'NONE', #1228, #1599, #3598, .T. ) ;
#2635 = CYLINDRICAL_SURFACE ( 'NONE', #2416, 3.400000000000000355 ) ;
#2636 = CARTESIAN_POINT ( 'NONE',  ( -124.9999999999999716, 0.0000000000000000000, -132.5000000000000000 ) ) ;
#2637 = CARTESIAN_POINT ( 'NONE',  ( 70.00000000000000000, 400.0000000000000000, -92.00000000000000000 ) ) ;
#2638 = DIRECTION ( 'NONE',  ( -1.000000000000000000, 1.520853458390625560E-16, 0.0000000000000000000 ) ) ;
#2639 = VERTEX_POINT ( 'NONE', #1887 ) ;
#2640 = COLOUR_RGB ( '',1.000000000000000000, 1.000000000000000000, 1.000000000000000000 ) ;
#2641 = EDGE_CURVE ( 'NONE', #2847, #2285, #1580, .T. ) ;
#2642 = DIRECTION ( 'NONE',  ( -1.000000000000000000, -0.0000000000000000000, -0.0000000000000000000 ) ) ;
#2643 = FACE_BOUND ( 'NONE', #2713, .T. ) ;
#2644 = DIRECTION ( 'NONE',  ( -0.0000000000000000000, -0.0000000000000000000, 1.000000000000000000 ) ) ;
#2646 = VECTOR ( 'NONE', #1709, 1000.000000000000000 ) ;
#2645 = DIRECTION ( 'NONE',  ( -0.7071067811865480168, 0.0000000000000000000, 0.7071067811865470176 ) ) ;
#2647 = AXIS2_PLACEMENT_3D ( 'NONE', #931, #1818, #1541 ) ;
#2648 = DIRECTION ( 'NONE',  ( 1.850371707708594563E-16, 0.0000000000000000000, 1.000000000000000000 ) ) ;
#2649 = DIRECTION ( 'NONE',  ( 0.0000000000000000000, 0.0000000000000000000, 1.000000000000000000 ) ) ;
#2650 = VECTOR ( 'NONE', #2486, 1000.000000000000114 ) ;
#2651 = DIRECTION ( 'NONE',  ( 0.0000000000000000000, 0.0000000000000000000, 1.000000000000000000 ) ) ;
#2652 = ORIENTED_EDGE ( 'NONE', *, *, #3015, .F. ) ;
#2653 = ORIENTED_EDGE ( 'NONE', *, *, #1154, .T. ) ;
#2654 = ORIENTED_EDGE ( 'NONE', *, *, #1848, .F. ) ;
#2655 = CARTESIAN_POINT ( 'NONE',  ( -124.9999999999999716, 15.00000000000000000, -132.5000000000000000 ) ) ;
#2656 = VECTOR ( 'NONE', #2888, 1000.000000000000000 ) ;
#2657 = CIRCLE ( 'NONE', #2370, 5.099999999999993427 ) ;
#2658 = EDGE_LOOP ( 'NONE', ( #784, #3288, #195, #2614 ) ) ;
#2659 = ORIENTED_EDGE ( 'NONE', *, *, #158, .T. ) ;
#2660 = CYLINDRICAL_SURFACE ( 'NONE', #2114, 7.500000000000007105 ) ;
#2661 = DIRECTION ( 'NONE',  ( 0.0000000000000000000, 0.0000000000000000000, 1.000000000000000000 ) ) ;
#2662 = FACE_OUTER_BOUND ( 'NONE', #3478, .T. ) ;
#2663 = FACE_OUTER_BOUND ( 'NONE', #3866, .T. ) ;
#2664 = CARTESIAN_POINT ( 'NONE',  ( 149.9999999999999716, 15.00000000000000000, -150.0000000000000000 ) ) ;
#2665 = CARTESIAN_POINT ( 'NONE',  ( -124.9999999999999716, 0.0000000000000000000, -125.0000000000000000 ) ) ;
#2666 = DIRECTION ( 'NONE',  ( 1.520853458390625560E-16, 1.000000000000000000, 0.0000000000000000000 ) ) ;
#2667 = ORIENTED_EDGE ( 'NONE', *, *, #1083, .T. ) ;
#2668 = ADVANCED_FACE ( 'NONE', ( #1359 ), #745, .F. ) ;
#2669 = CYLINDRICAL_SURFACE ( 'NONE', #3777, 3.400000000000000355 ) ;
#2670 =( NAMED_UNIT ( * ) SI_UNIT ( $, .STERADIAN. ) SOLID_ANGLE_UNIT ( ) );
#2671 = VECTOR ( 'NONE', #2838, 1000.000000000000000 ) ;
#2672 = FILL_AREA_STYLE ('',( #289 ) ) ;
#2673 = EDGE_CURVE ( 'NONE', #450, #2502, #1439, .T. ) ;
#2674 = DIRECTION ( 'NONE',  ( -1.000000000000000000, 1.486905836551548832E-16, -9.912705577010325549E-17 ) ) ;
#2675 = DIRECTION ( 'NONE',  ( -0.0000000000000000000, 1.000000000000000000, -0.0000000000000000000 ) ) ;
#2676 = AXIS2_PLACEMENT_3D ( 'NONE', #3131, #1880, #1039 ) ;
#2677 = ORIENTED_EDGE ( 'NONE', *, *, #3764, .F. ) ;
#2678 = AXIS2_PLACEMENT_3D ( 'NONE', #628, #2196, #2437 ) ;
#2679 = DIRECTION ( 'NONE',  ( -1.000000000000000000, -0.0000000000000000000, -0.0000000000000000000 ) ) ;
#2680 = PLANE ( 'NONE',  #2225 ) ;
#2681 = CARTESIAN_POINT ( 'NONE',  ( -89.99999999999998579, 315.0000000000000000, -45.00000000000000000 ) ) ;
#2682 = DIRECTION ( 'NONE',  ( 0.0000000000000000000, 0.0000000000000000000, 1.000000000000000000 ) ) ;
#2683 = CARTESIAN_POINT ( 'NONE',  ( -1.419341474236166827E-16, 15.00000000000000000, 125.0000000000000284 ) ) ;
#2684 =( GEOMETRIC_REPRESENTATION_CONTEXT ( 3 ) GLOBAL_UNCERTAINTY_ASSIGNED_CONTEXT ( ( #528 ) ) GLOBAL_UNIT_ASSIGNED_CONTEXT ( ( #3347, #3633, #690 ) ) REPRESENTATION_CONTEXT ( 'NONE', 'WORKASPACE' ) );
#2685 = CARTESIAN_POINT ( 'NONE',  ( 79.99999999999997158, 380.0000000000000000, -69.99999999999998579 ) ) ;
#2686 = ORIENTED_EDGE ( 'NONE', *, *, #1426, .F. ) ;
#2687 =( NAMED_UNIT ( * ) SI_UNIT ( $, .STERADIAN. ) SOLID_ANGLE_UNIT ( ) );
#2688 = ADVANCED_FACE ( 'NONE', ( #1038 ), #1847, .F. ) ;
#2689 = CARTESIAN_POINT ( 'NONE',  ( 9.184850993605148733E-15, -0.0009999999999992653654, -75.00000000000001421 ) ) ;
#2690 = ORIENTED_EDGE ( 'NONE', *, *, #3573, .F. ) ;
#2691 = ORIENTED_EDGE ( 'NONE', *, *, #3301, .T. ) ;
#2692 = VECTOR ( 'NONE', #817, 1000.000000000000000 ) ;
#2693 = CIRCLE ( 'NONE', #2790, 19.99999999999999645 ) ;
#2694 = DIRECTION ( 'NONE',  ( -0.0000000000000000000, 1.000000000000000000, -0.0000000000000000000 ) ) ;
#2695 =( NAMED_UNIT ( * ) SI_UNIT ( $, .STERADIAN. ) SOLID_ANGLE_UNIT ( ) );
#2696 = LINE ( 'NONE', #7, #2232 ) ;
#2697 = EDGE_CURVE ( 'NONE', #3063, #413, #928, .T. ) ;
#2698 = LINE ( 'NONE', #2757, #1041 ) ;
#2699 = DIRECTION ( 'NONE',  ( 0.0000000000000000000, 0.0000000000000000000, 1.000000000000000000 ) ) ;
#2700 = CARTESIAN_POINT ( 'NONE',  ( 124.9999999999999716, 0.0000000000000000000, -4.499999999999990230 ) ) ;
#2701 = FACE_OUTER_BOUND ( 'NONE', #2334, .T. ) ;
#2702 = VECTOR ( 'NONE', #3018, 1000.000000000000000 ) ;
#2703 = DIRECTION ( 'NONE',  ( -9.912705577010326782E-17, 1.507577255880419302E-32, -1.000000000000000000 ) ) ;
#2704 = DIRECTION ( 'NONE',  ( 7.401486830834376525E-17, 1.000000000000000000, 0.0000000000000000000 ) ) ;
#2705 = ORIENTED_EDGE ( 'NONE', *, *, #1988, .T. ) ;
#2706 = DIRECTION ( 'NONE',  ( 0.0000000000000000000, 0.0000000000000000000, 1.000000000000000000 ) ) ;
#2707 = AXIS2_PLACEMENT_3D ( 'NONE', #2875, #1663, #3444 ) ;
#2708 = AXIS2_PLACEMENT_3D ( 'NONE', #2351, #1166, #608 ) ;
#2709 = ADVANCED_FACE ( 'NONE', ( #1121 ), #1574, .T. ) ;
#2710 = LINE ( 'NONE', #2193, #2760 ) ;
#2711 =( NAMED_UNIT ( * ) SI_UNIT ( $, .STERADIAN. ) SOLID_ANGLE_UNIT ( ) );
#2712 = ORIENTED_EDGE ( 'NONE', *, *, #205, .F. ) ;
#2713 = EDGE_LOOP ( 'NONE', ( #1774, #2754 ) ) ;
#2715 = ORIENTED_EDGE ( 'NONE', *, *, #733, .T. ) ;
#2714 = CARTESIAN_POINT ( 'NONE',  ( -1.419341474236166827E-16, 15.00000000000000000, 129.5000000000000284 ) ) ;
#2716 = ORIENTED_EDGE ( 'NONE', *, *, #3271, .F. ) ;
#2717 = DIRECTION ( 'NONE',  ( -0.0000000000000000000, -1.000000000000000000, -0.0000000000000000000 ) ) ;
#2718 = ADVANCED_FACE ( 'NONE', ( #459 ), #1627, .F. ) ;
#2719 = ORIENTED_EDGE ( 'NONE', *, *, #94, .F. ) ;
#2720 = FILL_AREA_STYLE_COLOUR ( '', #3842 ) ;
#2721 = EDGE_CURVE ( 'NONE', #2217, #713, #3880, .T. ) ;
#2722 = CARTESIAN_POINT ( 'NONE',  ( -90.00000000000000000, 400.0000000000000000, -90.00000000000000000 ) ) ;
#2723 = CARTESIAN_POINT ( 'NONE',  ( -69.99999999999998579, 380.0000000000000000, 90.00000000000000000 ) ) ;
#2724 = EDGE_CURVE ( 'NONE', #1651, #2639, #1573, .T. ) ;
#2725 = UNCERTAINTY_MEASURE_WITH_UNIT (LENGTH_MEASURE( 1.000000000000000082E-05 ), #2310, 'distance_accuracy_value', 'NONE');
#2726 = ORIENTED_EDGE ( 'NONE', *, *, #624, .T. ) ;
#2727 = DIRECTION ( 'NONE',  ( -1.000000000000000000, -0.0000000000000000000, -0.0000000000000000000 ) ) ;
#2728 = ADVANCED_FACE ( 'NONE', ( #3411 ), #272, .F. ) ;
#2729 = AXIS2_PLACEMENT_3D ( 'NONE', #1274, #2181, #3377 ) ;
#2730 = SURFACE_STYLE_FILL_AREA ( #1471 ) ;
#2731 = DIRECTION ( 'NONE',  ( -1.000000000000000000, -0.0000000000000000000, -0.0000000000000000000 ) ) ;
#2732 = SURFACE_SIDE_STYLE ('',( #2905 ) ) ;
#2733 = DIRECTION ( 'NONE',  ( -0.0000000000000000000, 1.000000000000000000, -0.0000000000000000000 ) ) ;
#2734 = ORIENTED_EDGE ( 'NONE', *, *, #552, .F. ) ;
#2735 = VECTOR ( 'NONE', #2338, 1000.000000000000000 ) ;
#2736 = ORIENTED_EDGE ( 'NONE', *, *, #449, .F. ) ;
#2737 = ORIENTED_EDGE ( 'NONE', *, *, #2533, .T. ) ;
#2738 = EDGE_CURVE ( 'NONE', #591, #1793, #3363, .T. ) ;
#2739 = ORIENTED_EDGE ( 'NONE', *, *, #1105, .F. ) ;
#2740 = DIRECTION ( 'NONE',  ( -0.0000000000000000000, -0.0000000000000000000, 1.000000000000000000 ) ) ;
#2741 = DIRECTION ( 'NONE',  ( 1.520853458390625560E-16, 1.000000000000000000, 0.0000000000000000000 ) ) ;
#2742 = FACE_BOUND ( 'NONE', #2244, .T. ) ;
#2743 = CARTESIAN_POINT ( 'NONE',  ( 90.00000000000000000, 400.0000000000000000, -84.90000000000000568 ) ) ;
#2744 = VECTOR ( 'NONE', #2292, 1000.000000000000000 ) ;
#2745 = ADVANCED_FACE ( 'NONE', ( #1708 ), #3307, .F. ) ;
#2746 = EDGE_CURVE ( 'NONE', #1236, #2256, #1117, .T. ) ;
#2747 = MECHANICAL_DESIGN_GEOMETRIC_PRESENTATION_REPRESENTATION (  '', ( #1531 ), #96 ) ;
#2748 = LINE ( 'NONE', #3155, #59 ) ;
#2749 = CARTESIAN_POINT ( 'NONE',  ( 90.00000000000000000, 380.0000000000000000, 84.90000000000000568 ) ) ;
#2750 = DIRECTION ( 'NONE',  ( 1.000000000000000000, 0.0000000000000000000, 0.0000000000000000000 ) ) ;
#2751 = AXIS2_PLACEMENT_3D ( 'NONE', #1201, #952, #1830 ) ;
#2752 = VECTOR ( 'NONE', #2772, 1000.000000000000000 ) ;
#2753 = CARTESIAN_POINT ( 'NONE',  ( 89.99999999999988631, 14.99999999999998579, -70.00000000000000000 ) ) ;
#2754 = ORIENTED_EDGE ( 'NONE', *, *, #2832, .T. ) ;
#2755 = ORIENTED_EDGE ( 'NONE', *, *, #1761, .T. ) ;
#2756 = ORIENTED_EDGE ( 'NONE', *, *, #3175, .T. ) ;
#2757 = CARTESIAN_POINT ( 'NONE',  ( 150.0000000000000284, 15.00000000000000000, 139.9999999999999432 ) ) ;
#2758 = VECTOR ( 'NONE', #180, 1000.000000000000000 ) ;
#2759 = LINE ( 'NONE', #868, #800 ) ;
#2760 = VECTOR ( 'NONE', #2487, 1000.000000000000000 ) ;
#2761 = DIRECTION ( 'NONE',  ( -0.7071067811865414665, 0.0000000000000000000, -0.7071067811865536790 ) ) ;
#2762 = FILL_AREA_STYLE ('',( #1254 ) ) ;
#2763 = AXIS2_PLACEMENT_3D ( 'NONE', #2224, #3117, #1340 ) ;
#2764 = ORIENTED_EDGE ( 'NONE', *, *, #1848, .T. ) ;
#2765 = ORIENTED_EDGE ( 'NONE', *, *, #3459, .F. ) ;
#2766 = FACE_OUTER_BOUND ( 'NONE', #956, .T. ) ;
#2767 = VECTOR ( 'NONE', #1432, 1000.000000000000000 ) ;
#2768 = FILL_AREA_STYLE_COLOUR ( '', #2640 ) ;
#2769 = ORIENTED_EDGE ( 'NONE', *, *, #929, .T. ) ;
#2770 = DIRECTION ( 'NONE',  ( -1.520853458390625560E-16, -1.000000000000000000, -0.0000000000000000000 ) ) ;
#2771 = ORIENTED_EDGE ( 'NONE', *, *, #3669, .F. ) ;
#2772 = DIRECTION ( 'NONE',  ( -0.0000000000000000000, 1.000000000000000000, -0.0000000000000000000 ) ) ;
#2773 = CIRCLE ( 'NONE', #495, 7.500000000000007105 ) ;
#2774 = CIRCLE ( 'NONE', #188, 7.500000000000007105 ) ;
#2775 = DIRECTION ( 'NONE',  ( 0.0000000000000000000, 1.000000000000000000, 0.0000000000000000000 ) ) ;
#2776 = ORIENTED_EDGE ( 'NONE', *, *, #3339, .T. ) ;
#2777 = DIRECTION ( 'NONE',  ( 0.0000000000000000000, 0.0000000000000000000, 1.000000000000000000 ) ) ;
#2778 = ORIENTED_EDGE ( 'NONE', *, *, #430, .T. ) ;
#2779 = DIRECTION ( 'NONE',  ( 0.0000000000000000000, 0.0000000000000000000, 1.000000000000000000 ) ) ;
#2780 = DIRECTION ( 'NONE',  ( 0.0000000000000000000, 0.0000000000000000000, 1.000000000000000000 ) ) ;
#2781 = CARTESIAN_POINT ( 'NONE',  ( -124.9999999999999716, 15.00000000000000000, 117.5000000000000142 ) ) ;
#2782 = ADVANCED_FACE ( 'NONE', ( #1209 ), #1435, .F. ) ;
#2783 = ORIENTED_EDGE ( 'NONE', *, *, #3573, .T. ) ;
#2784 = SURFACE_SIDE_STYLE ('',( #3110 ) ) ;
#2785 = EDGE_CURVE ( 'NONE', #1591, #2430, #1705, .T. ) ;
#2786 = DIRECTION ( 'NONE',  ( 0.0000000000000000000, 0.0000000000000000000, 1.000000000000000000 ) ) ;
#2787 = DIRECTION ( 'NONE',  ( -1.520853458390625560E-16, -1.000000000000000000, -0.0000000000000000000 ) ) ;
#2788 = CARTESIAN_POINT ( 'NONE',  ( 70.00000000000000000, 380.0000000000000000, -97.99999999999998579 ) ) ;
#2789 = VERTEX_POINT ( 'NONE', #2795 ) ;
#2790 = AXIS2_PLACEMENT_3D ( 'NONE', #396, #137, #2490 ) ;
#2791 = CARTESIAN_POINT ( 'NONE',  ( -114.9999999999999432, 400.0000000000000000, -124.9999999999999432 ) ) ;
#2792 = CARTESIAN_POINT ( 'NONE',  ( -80.00000000000000000, 355.0000000000000000, 45.00000000000000000 ) ) ;
#2793 = EDGE_LOOP ( 'NONE', ( #3470, #3733 ) ) ;
#2794 = EDGE_LOOP ( 'NONE', ( #1723, #763, #3323, #161 ) ) ;
#2795 = CARTESIAN_POINT ( 'NONE',  ( 150.0000000000000568, 15.00000000000000000, -7.499999999999475975 ) ) ;
#2796 = DIRECTION ( 'NONE',  ( -0.7071067811865480168, 0.0000000000000000000, 0.7071067811865470176 ) ) ;
#2797 = CARTESIAN_POINT ( 'NONE',  ( -80.00000000000000000, 355.0000000000000000, -45.00000000000000000 ) ) ;
#2798 = VECTOR ( 'NONE', #3491, 1000.000000000000000 ) ;
#2799 = LINE ( 'NONE', #2068, #2939 ) ;
#2800 = EDGE_CURVE ( 'NONE', #1175, #3193, #318, .T. ) ;
#2801 = CIRCLE ( 'NONE', #640, 3.400000000000000355 ) ;
#2802 = LINE ( 'NONE', #356, #1672 ) ;
#2803 = UNCERTAINTY_MEASURE_WITH_UNIT (LENGTH_MEASURE( 1.000000000000000082E-05 ), #1866, 'distance_accuracy_value', 'NONE');
#2804 = DIRECTION ( 'NONE',  ( 0.0000000000000000000, 1.000000000000000000, 0.0000000000000000000 ) ) ;
#2805 = CARTESIAN_POINT ( 'NONE',  ( -89.99999999999998579, 355.0000000000000000, -47.50000000000000000 ) ) ;
#2806 = SURFACE_STYLE_USAGE ( .BOTH. , #723 ) ;
#2807 = CARTESIAN_POINT ( 'NONE',  ( -149.9999999999999716, 15.00000000000000000, 150.0000000000000000 ) ) ;
#2808 = LINE ( 'NONE', #1954, #192 ) ;
#2809 = EDGE_CURVE ( 'NONE', #3482, #2556, #1031, .T. ) ;
#2810 = AXIS2_PLACEMENT_3D ( 'NONE', #2600, #1427, #1717 ) ;
#2811 = ORIENTED_EDGE ( 'NONE', *, *, #1551, .F. ) ;
#2812 = DIRECTION ( 'NONE',  ( -1.520853458390625560E-16, -1.000000000000000000, -0.0000000000000000000 ) ) ;
#2813 = VERTEX_POINT ( 'NONE', #1102 ) ;
#2814 = LINE ( 'NONE', #812, #1502 ) ;
#2815 = CONICAL_SURFACE ( 'NONE', #1382, 3.500000000000003109, 0.7853981633974482790 ) ;
#2816 = VERTEX_POINT ( 'NONE', #1662 ) ;
#2817 = ORIENTED_EDGE ( 'NONE', *, *, #2634, .T. ) ;
#2818 = CARTESIAN_POINT ( 'NONE',  ( -124.9999999999999716, 0.0000000000000000000, 125.0000000000000000 ) ) ;
#2819 = ORIENTED_EDGE ( 'NONE', *, *, #1470, .T. ) ;
#2820 = LINE ( 'NONE', #123, #1010 ) ;
#2821 = PRESENTATION_STYLE_ASSIGNMENT (( #2806 ) ) ;
#2822 = VERTEX_POINT ( 'NONE', #2874 ) ;
#2823 = VERTEX_POINT ( 'NONE', #3190 ) ;
#2824 = DIRECTION ( 'NONE',  ( -0.0000000000000000000, 1.000000000000000000, -0.0000000000000000000 ) ) ;
#2825 = VECTOR ( 'NONE', #1497, 1000.000000000000000 ) ;
#2826 = CARTESIAN_POINT ( 'NONE',  ( 150.0000000000000284, 0.0000000000000000000, 139.9999999999999147 ) ) ;
#2827 = AXIS2_PLACEMENT_3D ( 'NONE', #3606, #2964, #38 ) ;
#2828 = ORIENTED_EDGE ( 'NONE', *, *, #379, .T. ) ;
#2829 = ORIENTED_EDGE ( 'NONE', *, *, #3232, .T. ) ;
#2830 = VERTEX_POINT ( 'NONE', #2551 ) ;
#2831 = FILL_AREA_STYLE_COLOUR ( '', #189 ) ;
#2832 = EDGE_CURVE ( 'NONE', #208, #2813, #3496, .T. ) ;
#2833 = CARTESIAN_POINT ( 'NONE',  ( -89.99999999999998579, 315.0000000000000000, -45.00000000000000000 ) ) ;
#2834 = DIRECTION ( 'NONE',  ( 1.000000000000000000, 0.0000000000000000000, 0.0000000000000000000 ) ) ;
#2835 =( GEOMETRIC_REPRESENTATION_CONTEXT ( 3 ) GLOBAL_UNCERTAINTY_ASSIGNED_CONTEXT ( ( #646 ) ) GLOBAL_UNIT_ASSIGNED_CONTEXT ( ( #235, #3242, #2308 ) ) REPRESENTATION_CONTEXT ( 'NONE', 'WORKASPACE' ) );
#2836 = SURFACE_STYLE_USAGE ( .BOTH. , #1032 ) ;
#2837 =( GEOMETRIC_REPRESENTATION_CONTEXT ( 3 ) GLOBAL_UNCERTAINTY_ASSIGNED_CONTEXT ( ( #774 ) ) GLOBAL_UNIT_ASSIGNED_CONTEXT ( ( #3596, #2435, #2695 ) ) REPRESENTATION_CONTEXT ( 'NONE', 'WORKASPACE' ) );
#2838 = DIRECTION ( 'NONE',  ( -0.0000000000000000000, -0.0000000000000000000, 1.000000000000000000 ) ) ;
#2839 = ORIENTED_EDGE ( 'NONE', *, *, #2462, .T. ) ;
#2840 = CARTESIAN_POINT ( 'NONE',  ( 79.99999999999997158, 380.0000000000000000, -69.99999999999998579 ) ) ;
#2841 = AXIS2_PLACEMENT_3D ( 'NONE', #1947, #2249, #488 ) ;
#2842 = ORIENTED_EDGE ( 'NONE', *, *, #3160, .F. ) ;
#2843 = AXIS2_PLACEMENT_3D ( 'NONE', #2139, #630, #1522 ) ;
#2844 = ORIENTED_EDGE ( 'NONE', *, *, #2800, .T. ) ;
#2845 =( NAMED_UNIT ( * ) SI_UNIT ( $, .STERADIAN. ) SOLID_ANGLE_UNIT ( ) );
#2847 = VERTEX_POINT ( 'NONE', #3803 ) ;
#2846 = DIRECTION ( 'NONE',  ( 0.0000000000000000000, 0.0000000000000000000, 1.000000000000000000 ) ) ;
#2848 = CIRCLE ( 'NONE', #2038, 5.099999999999993427 ) ;
#2849 = VECTOR ( 'NONE', #17, 1000.000000000000000 ) ;
#2850 = DIRECTION ( 'NONE',  ( 0.7071067811865474617, -0.0000000000000000000, -0.7071067811865474617 ) ) ;
#2851 = COLOUR_RGB ( '',0.6470588235294117974, 0.6196078431372549211, 0.5882352941176470784 ) ;
#2852 =( LENGTH_UNIT ( ) NAMED_UNIT ( * ) SI_UNIT ( .MILLI., .METRE. ) );
#2853 = CIRCLE ( 'NONE', #2159, 20.00000000000000355 ) ;
#2854 = EDGE_CURVE ( 'NONE', #1450, #1593, #3539, .T. ) ;
#2855 = SURFACE_STYLE_FILL_AREA ( #3721 ) ;
#2856 = DIRECTION ( 'NONE',  ( -7.401486830834376525E-17, -1.000000000000000000, -0.0000000000000000000 ) ) ;
#2857 = CARTESIAN_POINT ( 'NONE',  ( -90.00000000000000000, 400.0000000000000000, 84.90000000000000568 ) ) ;
#2858 = ORIENTED_EDGE ( 'NONE', *, *, #854, .T. ) ;
#2859 = EDGE_CURVE ( 'NONE', #3199, #1429, #2182, .T. ) ;
#2860 = ORIENTED_EDGE ( 'NONE', *, *, #320, .F. ) ;
#2861 = CIRCLE ( 'NONE', #3692, 2.999999999999988898 ) ;
#2862 = VECTOR ( 'NONE', #3246, 1000.000000000000114 ) ;
#2863 = CARTESIAN_POINT ( 'NONE',  ( 69.99999999999997158, 14.99999999999998934, -89.99999999999998579 ) ) ;
#2864 =( NAMED_UNIT ( * ) PLANE_ANGLE_UNIT ( ) SI_UNIT ( $, .RADIAN. ) );
#2865 = ORIENTED_EDGE ( 'NONE', *, *, #2052, .T. ) ;
#2866 = CARTESIAN_POINT ( 'NONE',  ( 115.0000000000000568, 380.0000000000000000, -124.9999999999999432 ) ) ;
#2867 = VERTEX_POINT ( 'NONE', #1383 ) ;
#2868 = CIRCLE ( 'NONE', #3198, 10.00000000000002309 ) ;
#2869 = LINE ( 'NONE', #1758, #1603 ) ;
#2870 = ORIENTED_EDGE ( 'NONE', *, *, #2366, .F. ) ;
#2871 = STYLED_ITEM ( 'NONE', ( #1903 ), #2728 ) ;
#2872 = ORIENTED_EDGE ( 'NONE', *, *, #1791, .F. ) ;
#2873 = EDGE_LOOP ( 'NONE', ( #1572, #3195, #1842, #1512 ) ) ;
#2874 = CARTESIAN_POINT ( 'NONE',  ( -62.49999999999996447, 380.0000000000000000, 7.654042494670957804E-15 ) ) ;
#2875 = CARTESIAN_POINT ( 'NONE',  ( 124.9999999999999716, 15.00000000000000000, -125.0000000000000000 ) ) ;
#2876 = EDGE_CURVE ( 'NONE', #3391, #1938, #1483, .T. ) ;
#2877 = EDGE_CURVE ( 'NONE', #1228, #1175, #592, .T. ) ;
#2878 = PRODUCT_DEFINITION_CONTEXT ( 'detailed design', #3666, 'design' ) ;
#2879 = AXIS2_PLACEMENT_3D ( 'NONE', #739, #1011, #1858 ) ;
#2880 =( NAMED_UNIT ( * ) SI_UNIT ( $, .STERADIAN. ) SOLID_ANGLE_UNIT ( ) );
#2881 = DIRECTION ( 'NONE',  ( -1.000000000000000000, 1.520853458390625560E-16, 1.982541115402066096E-16 ) ) ;
#2882 = VERTEX_POINT ( 'NONE', #3515 ) ;
#2883 = AXIS2_PLACEMENT_3D ( 'NONE', #172, #3159, #1338 ) ;
#2884 = EDGE_LOOP ( 'NONE', ( #2099, #3800 ) ) ;
#2885 = PLANE ( 'NONE',  #127 ) ;
#2886 = CIRCLE ( 'NONE', #2376, 2.500000000000002220 ) ;
#2887 = AXIS2_PLACEMENT_3D ( 'NONE', #2309, #1165, #3249 ) ;
#2888 = DIRECTION ( 'NONE',  ( -0.0000000000000000000, 1.000000000000000000, -0.0000000000000000000 ) ) ;
#2889 = CIRCLE ( 'NONE', #443, 2.999999999999988898 ) ;
#2890 = CIRCLE ( 'NONE', #1778, 5.099999999999993427 ) ;
#2891 = LINE ( 'NONE', #3681, #799 ) ;
#2892 = CARTESIAN_POINT ( 'NONE',  ( -114.9999999999999432, 380.0000000000000000, 125.0000000000000000 ) ) ;
#2893 = VERTEX_POINT ( 'NONE', #785 ) ;
#2894 = FACE_OUTER_BOUND ( 'NONE', #3495, .T. ) ;
#2895 = EDGE_CURVE ( 'NONE', #2333, #534, #2588, .T. ) ;
#2896 = CARTESIAN_POINT ( 'NONE',  ( 125.0000000000000000, 0.0000000000000000000, -33.39999999999998437 ) ) ;
#2897 = LINE ( 'NONE', #936, #3100 ) ;
#2898 = ADVANCED_FACE ( 'NONE', ( #225 ), #2635, .F. ) ;
#2899 = VERTEX_POINT ( 'NONE', #1114 ) ;
#2900 = ORIENTED_EDGE ( 'NONE', *, *, #2312, .F. ) ;
#2901 = ORIENTED_EDGE ( 'NONE', *, *, #163, .T. ) ;
#2902 = VECTOR ( 'NONE', #3453, 1000.000000000000000 ) ;
#2903 = CARTESIAN_POINT ( 'NONE',  ( 4.091569121926920263E-16, 15.00000000000000000, 120.5000000000000284 ) ) ;
#2904 = CARTESIAN_POINT ( 'NONE',  ( -80.00000000000001421, 315.0000000000000000, -45.00000000000000000 ) ) ;
#2905 = SURFACE_STYLE_FILL_AREA ( #1851 ) ;
#2906 = EDGE_CURVE ( 'NONE', #3028, #458, #3825, .T. ) ;
#2907 = VERTEX_POINT ( 'NONE', #3210 ) ;
#2908 = AXIS2_PLACEMENT_3D ( 'NONE', #303, #599, #3293 ) ;
#2909 = CARTESIAN_POINT ( 'NONE',  ( -69.99999999999998579, 380.0000000000000000, -69.99999999999998579 ) ) ;
#2910 = CYLINDRICAL_SURFACE ( 'NONE', #612, 3.399999999999986144 ) ;
#2911 = CARTESIAN_POINT ( 'NONE',  ( 90.00000000000000000, 400.0000000000000000, 84.90000000000000568 ) ) ;
#2912 = DIRECTION ( 'NONE',  ( 0.0000000000000000000, 0.0000000000000000000, 1.000000000000000000 ) ) ;
#2913 = ORIENTED_EDGE ( 'NONE', *, *, #3734, .T. ) ;
#2914 = CARTESIAN_POINT ( 'NONE',  ( 125.0000000000000568, 400.0000000000000000, 115.0000000000000142 ) ) ;
#2915 = AXIS2_PLACEMENT_3D ( 'NONE', #3154, #3768, #3171 ) ;
#2916 = CARTESIAN_POINT ( 'NONE',  ( -70.00000000000000000, 400.0000000000000000, 95.00000000000000000 ) ) ;
#2917 = CARTESIAN_POINT ( 'NONE',  ( -150.0000000000000284, 0.0000000000000000000, -139.9999999999999432 ) ) ;
#2918 = VERTEX_POINT ( 'NONE', #826 ) ;
#2919 = ORIENTED_EDGE ( 'NONE', *, *, #44, .T. ) ;
#2920 = CARTESIAN_POINT ( 'NONE',  ( -70.00000000000000000, 400.0000000000000000, 98.50000000000000000 ) ) ;
#2921 = CARTESIAN_POINT ( 'NONE',  ( 125.0000000000000568, 400.0000000000000000, -114.9999999999999858 ) ) ;
#2922 = DIRECTION ( 'NONE',  ( -0.0000000000000000000, 1.000000000000000000, -0.0000000000000000000 ) ) ;
#2923 = EDGE_CURVE ( 'NONE', #1809, #2882, #2313, .T. ) ;
#2924 = CARTESIAN_POINT ( 'NONE',  ( -89.99999999999998579, 315.0000000000000000, 47.50000000000000000 ) ) ;
#2925 = ORIENTED_EDGE ( 'NONE', *, *, #3240, .F. ) ;
#2926 = CARTESIAN_POINT ( 'NONE',  ( 150.0000000000000284, 0.0000000000000000000, 139.9999999999999432 ) ) ;
#2927 = DIRECTION ( 'NONE',  ( -1.520853458390625560E-16, -1.000000000000000000, -0.0000000000000000000 ) ) ;
#2928 = EDGE_CURVE ( 'NONE', #1640, #3142, #694, .T. ) ;
#2929 = ORIENTED_EDGE ( 'NONE', *, *, #3223, .T. ) ;
#2930 = STYLED_ITEM ( 'NONE', ( #1371 ), #1855 ) ;
#2931 = ORIENTED_EDGE ( 'NONE', *, *, #1569, .T. ) ;
#2932 =( LENGTH_UNIT ( ) NAMED_UNIT ( * ) SI_UNIT ( .MILLI., .METRE. ) );
#2933 = FILL_AREA_STYLE_COLOUR ( '', #165 ) ;
#2934 = CARTESIAN_POINT ( 'NONE',  ( -90.00000000000000000, 400.0000000000000000, -90.00000000000000000 ) ) ;
#2935 = AXIS2_PLACEMENT_3D ( 'NONE', #2074, #829, #1874 ) ;
#2936 = AXIS2_PLACEMENT_3D ( 'NONE', #787, #187, #448 ) ;
#2937 = ORIENTED_EDGE ( 'NONE', *, *, #2220, .F. ) ;
#2938 = DIRECTION ( 'NONE',  ( 0.0000000000000000000, 1.000000000000000000, 0.0000000000000000000 ) ) ;
#2939 = VECTOR ( 'NONE', #1737, 1000.000000000000000 ) ;
#2940 = FILL_AREA_STYLE ('',( #1507 ) ) ;
#2941 = VECTOR ( 'NONE', #3769, 1000.000000000000000 ) ;
#2942 = CARTESIAN_POINT ( 'NONE',  ( -142.5000000000000568, 0.0000000000000000000, -1.492608272355440021E-12 ) ) ;
#2943 = LINE ( 'NONE', #1900, #2461 ) ;
#2944 = COLOUR_RGB ( '',1.000000000000000000, 1.000000000000000000, 1.000000000000000000 ) ;
#2945 =( NAMED_UNIT ( * ) SI_UNIT ( $, .STERADIAN. ) SOLID_ANGLE_UNIT ( ) );
#2946 = CARTESIAN_POINT ( 'NONE',  ( 90.00000000000000000, 380.0000000000000000, 95.09999999999999432 ) ) ;
#2947 = ORIENTED_EDGE ( 'NONE', *, *, #353, .F. ) ;
#2948 = EDGE_LOOP ( 'NONE', ( #803, #872 ) ) ;
#2949 =( NAMED_UNIT ( * ) PLANE_ANGLE_UNIT ( ) SI_UNIT ( $, .RADIAN. ) );
#2950 = EDGE_LOOP ( 'NONE', ( #214, #3255, #3671, #1386 ) ) ;
#2951 = ORIENTED_EDGE ( 'NONE', *, *, #2130, .F. ) ;
#2952 = EDGE_CURVE ( 'NONE', #1719, #3618, #1304, .T. ) ;
#2954 = EDGE_LOOP ( 'NONE', ( #3146, #2575 ) ) ;
#2953 = DIRECTION ( 'NONE',  ( 1.000000000000000000, -7.401486830834376525E-17, 0.0000000000000000000 ) ) ;
#2955 = FACE_BOUND ( 'NONE', #271, .T. ) ;
#2956 = AXIS2_PLACEMENT_3D ( 'NONE', #3838, #586, #2040 ) ;
#2957 = EDGE_LOOP ( 'NONE', ( #2166, #1767 ) ) ;
#2958 = ORIENTED_EDGE ( 'NONE', *, *, #1395, .T. ) ;
#2959 = DIRECTION ( 'NONE',  ( 0.0000000000000000000, 0.0000000000000000000, -1.000000000000000000 ) ) ;
#2960 = LINE ( 'NONE', #310, #1377 ) ;
#2961 = EDGE_CURVE ( 'NONE', #475, #2981, #2227, .T. ) ;
#2962 = SURFACE_SIDE_STYLE ('',( #431 ) ) ;
#2963 = DIRECTION ( 'NONE',  ( 7.401486830834376525E-17, 1.000000000000000000, 0.0000000000000000000 ) ) ;
#2964 = DIRECTION ( 'NONE',  ( -0.0000000000000000000, 1.000000000000000000, -0.0000000000000000000 ) ) ;
#2965 = PLANE ( 'NONE',  #53 ) ;
#2966 = ORIENTED_EDGE ( 'NONE', *, *, #2724, .T. ) ;
#2967 = CARTESIAN_POINT ( 'NONE',  ( 125.0000000000000568, 400.0000000000000000, 115.0000000000000142 ) ) ;
#2968 = ORIENTED_EDGE ( 'NONE', *, *, #1761, .F. ) ;
#2969 = CARTESIAN_POINT ( 'NONE',  ( 90.00000000000000000, 400.0000000000000000, 95.09999999999999432 ) ) ;
#2970 = AXIS2_PLACEMENT_3D ( 'NONE', #3357, #2439, #136 ) ;
#2971 = CARTESIAN_POINT ( 'NONE',  ( -1.419341474236166827E-16, 15.00000000000000000, 125.0000000000000284 ) ) ;
#2972 = DIRECTION ( 'NONE',  ( -1.000000000000000000, -0.0000000000000000000, -0.0000000000000000000 ) ) ;
#2973 = CARTESIAN_POINT ( 'NONE',  ( 125.0000000000000000, 0.0000000000000000000, -30.00000000000000000 ) ) ;
#2974 = CARTESIAN_POINT ( 'NONE',  ( -89.99999999999998579, 315.0000000000000000, 45.00000000000000000 ) ) ;
#2975 = DIRECTION ( 'NONE',  ( -1.520853458390625560E-16, -1.000000000000000000, -0.0000000000000000000 ) ) ;
#2976 = EDGE_LOOP ( 'NONE', ( #2625, #900, #15, #2425 ) ) ;
#2977 = EDGE_CURVE ( 'NONE', #2173, #2789, #3127, .T. ) ;
#2978 = CARTESIAN_POINT ( 'NONE',  ( 90.00000000000000000, 380.0000000000000000, 90.00000000000000000 ) ) ;
#2979 =( NAMED_UNIT ( * ) PLANE_ANGLE_UNIT ( ) SI_UNIT ( $, .RADIAN. ) );
#2980 = CARTESIAN_POINT ( 'NONE',  ( 90.00000000000000000, 400.0000000000000000, -90.00000000000000000 ) ) ;
#2981 = VERTEX_POINT ( 'NONE', #3248 ) ;
#2982 = EDGE_CURVE ( 'NONE', #2375, #2105, #2400, .T. ) ;
#2983 = DIRECTION ( 'NONE',  ( 0.0000000000000000000, 0.0000000000000000000, 1.000000000000000000 ) ) ;
#2984 = LINE ( 'NONE', #116, #3409 ) ;
#2985 = DIRECTION ( 'NONE',  ( 0.0000000000000000000, 0.0000000000000000000, 1.000000000000000000 ) ) ;
#2986 = CARTESIAN_POINT ( 'NONE',  ( -139.9999999999999716, 0.0000000000000000000, 150.0000000000000000 ) ) ;
#2987 = ORIENTED_EDGE ( 'NONE', *, *, #424, .T. ) ;
#2988 = DIRECTION ( 'NONE',  ( 0.0000000000000000000, 0.0000000000000000000, 1.000000000000000000 ) ) ;
#2990 = FACE_BOUND ( 'NONE', #2948, .T. ) ;
#2989 = CARTESIAN_POINT ( 'NONE',  ( -124.9999999999999716, 15.00000000000000000, 33.39999999999999858 ) ) ;
#2991 = DIRECTION ( 'NONE',  ( 1.000000000000000000, 0.0000000000000000000, -0.0000000000000000000 ) ) ;
#2992 = AXIS2_PLACEMENT_3D ( 'NONE', #357, #1259, #3670 ) ;
#2993 = CIRCLE ( 'NONE', #3722, 3.500000000000003109 ) ;
#2994 = AXIS2_PLACEMENT_3D ( 'NONE', #1499, #3847, #2358 ) ;
#2995 = CARTESIAN_POINT ( 'NONE',  ( -70.00000000000000000, 380.0000000000000000, 97.99999999999998579 ) ) ;
#2996 = CYLINDRICAL_SURFACE ( 'NONE', #1162, 19.99999999999999645 ) ;
#2997 = FACE_OUTER_BOUND ( 'NONE', #2451, .T. ) ;
#2998 = CARTESIAN_POINT ( 'NONE',  ( 125.0000000000000568, 380.0000000000000000, 115.0000000000000142 ) ) ;
#2999 = CARTESIAN_POINT ( 'NONE',  ( 0.0000000000000000000, -0.0009999999999992653654, -142.5000000000000568 ) ) ;
#3000 = ORIENTED_EDGE ( 'NONE', *, *, #3833, .T. ) ;
#3001 = CARTESIAN_POINT ( 'NONE',  ( 0.0000000000000000000, -0.0009999999999992653654, 0.0000000000000000000 ) ) ;
#3002 = LINE ( 'NONE', #587, #610 ) ;
#3003 = VECTOR ( 'NONE', #1730, 1000.000000000000000 ) ;
#3004 = DIRECTION ( 'NONE',  ( 0.7071067811865484609, -0.0000000000000000000, 0.7071067811865465735 ) ) ;
#3005 = ORIENTED_EDGE ( 'NONE', *, *, #3459, .T. ) ;
#3006 = ORIENTED_EDGE ( 'NONE', *, *, #3456, .T. ) ;
#3007 = ORIENTED_EDGE ( 'NONE', *, *, #2359, .T. ) ;
#3008 = PRESENTATION_STYLE_ASSIGNMENT (( #2187 ) ) ;
#3009 = CARTESIAN_POINT ( 'NONE',  ( -124.9999999999999716, 15.00000000000000000, 0.0000000000000000000 ) ) ;
#3010 = EDGE_CURVE ( 'NONE', #3845, #626, #3356, .T. ) ;
#3011 = SURFACE_STYLE_FILL_AREA ( #3423 ) ;
#3012 = PLANE ( 'NONE',  #3025 ) ;
#3013 = ORIENTED_EDGE ( 'NONE', *, *, #538, .F. ) ;
#3014 = SURFACE_STYLE_USAGE ( .BOTH. , #3582 ) ;
#3015 = EDGE_CURVE ( 'NONE', #1450, #2542, #1890, .T. ) ;
#3016 = MECHANICAL_DESIGN_GEOMETRIC_PRESENTATION_REPRESENTATION (  '', ( #734 ), #1477 ) ;
#3017 = CYLINDRICAL_SURFACE ( 'NONE', #1625, 5.099999999999993427 ) ;
#3018 = DIRECTION ( 'NONE',  ( 1.850371707708594316E-16, 0.0000000000000000000, 1.000000000000000000 ) ) ;
#3019 = ADVANCED_FACE ( 'NONE', ( #3630 ), #3017, .F. ) ;
#3020 = CARTESIAN_POINT ( 'NONE',  ( 3.638780901935016488E-14, 400.0000000000000000, 0.0000000000000000000 ) ) ;
#3021 = DIRECTION ( 'NONE',  ( 0.0000000000000000000, 1.000000000000000000, 0.0000000000000000000 ) ) ;
#3022 = CARTESIAN_POINT ( 'NONE',  ( 69.99999999999997158, 380.0000000000000000, -80.00000000000000000 ) ) ;
#3023 = ORIENTED_EDGE ( 'NONE', *, *, #2697, .F. ) ;
#3024 = DIRECTION ( 'NONE',  ( 1.000000000000000000, 0.0000000000000000000, 0.0000000000000000000 ) ) ;
#3025 = AXIS2_PLACEMENT_3D ( 'NONE', #3577, #629, #1472 ) ;
#3026 = CARTESIAN_POINT ( 'NONE',  ( 124.9999999999999716, 15.00000000000000000, 117.5000000000000000 ) ) ;
#3027 = UNCERTAINTY_MEASURE_WITH_UNIT (LENGTH_MEASURE( 1.000000000000000082E-05 ), #3726, 'distance_accuracy_value', 'NONE');
#3028 = VERTEX_POINT ( 'NONE', #3827 ) ;
#3029 = CARTESIAN_POINT ( 'NONE',  ( -90.00000000000000000, 380.0000000000000000, -90.00000000000000000 ) ) ;
#3030 = EDGE_CURVE ( 'NONE', #3149, #2822, #2214, .T. ) ;
#3031 = ORIENTED_EDGE ( 'NONE', *, *, #1716, .T. ) ;
#3032 = DIRECTION ( 'NONE',  ( 0.0000000000000000000, 1.000000000000000000, 0.0000000000000000000 ) ) ;
#3033 = DIRECTION ( 'NONE',  ( 0.0000000000000000000, 0.0000000000000000000, 1.000000000000000000 ) ) ;
#3034 = ADVANCED_FACE ( 'NONE', ( #1608 ), #2669, .F. ) ;
#3035 = EDGE_CURVE ( 'NONE', #1152, #3490, #83, .T. ) ;
#3036 = LINE ( 'NONE', #1732, #2798 ) ;
#3037 = AXIS2_PLACEMENT_3D ( 'NONE', #1721, #2963, #539 ) ;
#3038 = COLOUR_RGB ( '',0.6470588235294117974, 0.6196078431372549211, 0.5882352941176470784 ) ;
#3039 = DIRECTION ( 'NONE',  ( 0.0000000000000000000, 0.0000000000000000000, 1.000000000000000000 ) ) ;
#3040 = CARTESIAN_POINT ( 'NONE',  ( 124.9999999999999716, 15.00000000000000000, 4.938795603462354205E-17 ) ) ;
#3041 = VECTOR ( 'NONE', #1741, 1000.000000000000000 ) ;
#3042 = EDGE_CURVE ( 'NONE', #1922, #3676, #679, .T. ) ;
#3043 = CIRCLE ( 'NONE', #2883, 3.399999999999986144 ) ;
#3044 = CARTESIAN_POINT ( 'NONE',  ( 3.638780901935016488E-14, 400.0000000000000000, 0.0000000000000000000 ) ) ;
#3045 = AXIS2_PLACEMENT_3D ( 'NONE', #2447, #680, #2777 ) ;
#3046 = VECTOR ( 'NONE', #301, 1000.000000000000000 ) ;
#3047 = CARTESIAN_POINT ( 'NONE',  ( -89.99999999999998579, 315.0000000000000000, 47.50000000000000000 ) ) ;
#3048 = DIRECTION ( 'NONE',  ( -0.0000000000000000000, 1.000000000000000000, -0.0000000000000000000 ) ) ;
#3049 = CIRCLE ( 'NONE', #100, 2.500000000000002220 ) ;
#3050 = PRESENTATION_LAYER_ASSIGNMENT (  '', '', ( #1387 ) ) ;
#3051 = VECTOR ( 'NONE', #2390, 1000.000000000000114 ) ;
#3052 = APPLICATION_PROTOCOL_DEFINITION ( 'draft international standard', 'automotive_design', 1998, #673 ) ;
#3053 = VERTEX_POINT ( 'NONE', #3605 ) ;
#3054 = ORIENTED_EDGE ( 'NONE', *, *, #3869, .F. ) ;
#3055 = DIRECTION ( 'NONE',  ( -1.000000000000000000, -0.0000000000000000000, -0.0000000000000000000 ) ) ;
#3057 = VERTEX_POINT ( 'NONE', #26 ) ;
#3056 = PLANE ( 'NONE',  #3852 ) ;
#3058 = DIRECTION ( 'NONE',  ( 0.0000000000000000000, 0.0000000000000000000, 1.000000000000000000 ) ) ;
#3059 = VECTOR ( 'NONE', #1660, 1000.000000000000000 ) ;
#3060 = ORIENTED_EDGE ( 'NONE', *, *, #2293, .T. ) ;
#3061 = ORIENTED_EDGE ( 'NONE', *, *, #2492, .T. ) ;
#3062 = ADVANCED_FACE ( 'NONE', ( #3068 ), #51, .F. ) ;
#3063 = VERTEX_POINT ( 'NONE', #2091 ) ;
#3064 = CIRCLE ( 'NONE', #3788, 4.499999999999997335 ) ;
#3065 = ORIENTED_EDGE ( 'NONE', *, *, #987, .F. ) ;
#3066 = VERTEX_POINT ( 'NONE', #3298 ) ;
#3067 = EDGE_CURVE ( 'NONE', #1867, #1101, #2960, .T. ) ;
#3068 = FACE_OUTER_BOUND ( 'NONE', #1598, .T. ) ;
#3069 = CARTESIAN_POINT ( 'NONE',  ( -142.5000000000000568, -0.0009999999999992653654, -1.492608272355440021E-12 ) ) ;
#3070 =( LENGTH_UNIT ( ) NAMED_UNIT ( * ) SI_UNIT ( .MILLI., .METRE. ) );
#3071 = EDGE_CURVE ( 'NONE', #3559, #2379, #576, .T. ) ;
#3072 = ORIENTED_EDGE ( 'NONE', *, *, #1501, .T. ) ;
#3073 =( GEOMETRIC_REPRESENTATION_CONTEXT ( 3 ) GLOBAL_UNCERTAINTY_ASSIGNED_CONTEXT ( ( #198 ) ) GLOBAL_UNIT_ASSIGNED_CONTEXT ( ( #1781, #1219, #2117 ) ) REPRESENTATION_CONTEXT ( 'NONE', 'WORKASPACE' ) );
#3074 = ORIENTED_EDGE ( 'NONE', *, *, #2336, .T. ) ;
#3075 = AXIS2_PLACEMENT_3D ( 'NONE', #3540, #2352, #2314 ) ;
#3076 = MECHANICAL_DESIGN_GEOMETRIC_PRESENTATION_REPRESENTATION (  '', ( #1523 ), #1632 ) ;
#3077 = DIRECTION ( 'NONE',  ( 1.000000000000000000, -1.520853458390625560E-16, 0.0000000000000000000 ) ) ;
#3078 = CARTESIAN_POINT ( 'NONE',  ( -89.99999999999997158, 380.0000000000000000, 69.99999999999998579 ) ) ;
#3079 = DIRECTION ( 'NONE',  ( -1.000000000000000000, 0.0000000000000000000, -0.0000000000000000000 ) ) ;
#3080 = DIRECTION ( 'NONE',  ( -0.0000000000000000000, 1.000000000000000000, -0.0000000000000000000 ) ) ;
#3081 = FILL_AREA_STYLE_COLOUR ( '', #2851 ) ;
#3082 = CARTESIAN_POINT ( 'NONE',  ( 115.0000000000000568, 400.0000000000000000, 125.0000000000000000 ) ) ;
#3083 = VERTEX_POINT ( 'NONE', #2427 ) ;
#3084 = DIRECTION ( 'NONE',  ( -0.0000000000000000000, 1.000000000000000000, -0.0000000000000000000 ) ) ;
#3085 = DIRECTION ( 'NONE',  ( 0.0000000000000000000, 1.000000000000000000, 0.0000000000000000000 ) ) ;
#3086 = EDGE_CURVE ( 'NONE', #2816, #2379, #3569, .T. ) ;
#3087 = ORIENTED_EDGE ( 'NONE', *, *, #453, .F. ) ;
#3089 = VECTOR ( 'NONE', #916, 1000.000000000000000 ) ;
#3088 = DIRECTION ( 'NONE',  ( 0.0000000000000000000, 0.0000000000000000000, -1.000000000000000000 ) ) ;
#3090 = EDGE_CURVE ( 'NONE', #1640, #3427, #2773, .T. ) ;
#3091 = AXIS2_PLACEMENT_3D ( 'NONE', #3001, #865, #1845 ) ;
#3092 = FACE_OUTER_BOUND ( 'NONE', #3303, .T. ) ;
#3093 = CARTESIAN_POINT ( 'NONE',  ( -124.9999999999999716, 15.00000000000000000, 30.00000000000000000 ) ) ;
#3094 = CARTESIAN_POINT ( 'NONE',  ( 69.99999999999994316, 14.99999999999998934, 69.99999999999997158 ) ) ;
#3095 = FACE_OUTER_BOUND ( 'NONE', #2014, .T. ) ;
#3096 = AXIS2_PLACEMENT_3D ( 'NONE', #3407, #462, #429 ) ;
#3097 = EDGE_LOOP ( 'NONE', ( #614, #3354, #3518, #1692 ) ) ;
#3098 = COLOUR_RGB ( '',1.000000000000000000, 1.000000000000000000, 1.000000000000000000 ) ;
#3099 = CARTESIAN_POINT ( 'NONE',  ( -69.99999999999998579, 380.0000000000000000, -69.99999999999998579 ) ) ;
#3100 = VECTOR ( 'NONE', #1703, 1000.000000000000000 ) ;
#3101 = LINE ( 'NONE', #3230, #2862 ) ;
#3102 = AXIS2_PLACEMENT_3D ( 'NONE', #3161, #1685, #1375 ) ;
#3103 = EDGE_LOOP ( 'NONE', ( #619, #3718, #2261, #1810, #2829, #1318, #1837, #669 ) ) ;
#3104 = EDGE_LOOP ( 'NONE', ( #2531, #2226, #478, #2107 ) ) ;
#3105 = LINE ( 'NONE', #3082, #1870 ) ;
#3106 = ORIENTED_EDGE ( 'NONE', *, *, #1501, .F. ) ;
#3107 = CARTESIAN_POINT ( 'NONE',  ( 5.000000000000031974, 15.00000000000000000, 294.9999999999999432 ) ) ;
#3108 = ORIENTED_EDGE ( 'NONE', *, *, #468, .F. ) ;
#3109 = DIRECTION ( 'NONE',  ( 0.0000000000000000000, 1.000000000000000000, 0.0000000000000000000 ) ) ;
#3110 = SURFACE_STYLE_FILL_AREA ( #97 ) ;
#3111 = ADVANCED_FACE ( 'NONE', ( #1973 ), #2680, .F. ) ;
#3112 = VERTEX_POINT ( 'NONE', #942 ) ;
#3113 = PRESENTATION_STYLE_ASSIGNMENT (( #1459 ) ) ;
#3114 = DIRECTION ( 'NONE',  ( -0.0000000000000000000, -1.000000000000000000, -0.0000000000000000000 ) ) ;
#3115 = ORIENTED_EDGE ( 'NONE', *, *, #1596, .T. ) ;
#3116 = CARTESIAN_POINT ( 'NONE',  ( 62.50000000000004263, 380.0000000000000000, 0.0000000000000000000 ) ) ;
#3117 = DIRECTION ( 'NONE',  ( -1.000000000000000000, -0.0000000000000000000, -0.0000000000000000000 ) ) ;
#3118 = PRESENTATION_LAYER_ASSIGNMENT (  '', '', ( #3581 ) ) ;
#3119 = CARTESIAN_POINT ( 'NONE',  ( -70.00000000000000000, 400.0000000000000000, 92.00000000000000000 ) ) ;
#3120 = EDGE_CURVE ( 'NONE', #2516, #3482, #529, .T. ) ;
#3121 = DIRECTION ( 'NONE',  ( -7.401486830834376525E-17, -1.000000000000000000, -0.0000000000000000000 ) ) ;
#3122 = CARTESIAN_POINT ( 'NONE',  ( -149.9999999999999432, -0.0009999999999992653654, -7.500000000001570299 ) ) ;
#3123 = EDGE_LOOP ( 'NONE', ( #1587, #3006, #1227, #3757 ) ) ;
#3124 = DIRECTION ( 'NONE',  ( 0.0000000000000000000, 0.0000000000000000000, -1.000000000000000000 ) ) ;
#3125 = DIRECTION ( 'NONE',  ( -0.0000000000000000000, 1.000000000000000000, -0.0000000000000000000 ) ) ;
#3126 = CARTESIAN_POINT ( 'NONE',  ( -89.99999999999997158, 380.0000000000000000, 69.99999999999998579 ) ) ;
#3127 = LINE ( 'NONE', #2071, #2355 ) ;
#3128 = CARTESIAN_POINT ( 'NONE',  ( -80.00000000000007105, 15.00000000000001243, 69.99999999999998579 ) ) ;
#3129 = CARTESIAN_POINT ( 'NONE',  ( -139.9999999999999716, 15.00000000000000000, -150.0000000000000000 ) ) ;
#3130 = LINE ( 'NONE', #2807, #1307 ) ;
#3131 = CARTESIAN_POINT ( 'NONE',  ( 0.0000000000000000000, 15.00000000000000000, -125.0000000000000000 ) ) ;
#3132 = LINE ( 'NONE', #66, #1537 ) ;
#3133 = SHAPE_REPRESENTATION ( '4GAA002120103004X', ( #3673, #2908 ), #1844 ) ;
#3134 = CYLINDRICAL_SURFACE ( 'NONE', #3045, 4.500000000000003553 ) ;
#3135 = DIRECTION ( 'NONE',  ( -0.0000000000000000000, 1.000000000000000000, -0.0000000000000000000 ) ) ;
#3136 = EDGE_CURVE ( 'NONE', #1040, #3434, #2571, .T. ) ;
#3137 = PRODUCT_RELATED_PRODUCT_CATEGORY ( 'part', '', ( #726 ) ) ;
#3138 = ORIENTED_EDGE ( 'NONE', *, *, #2982, .F. ) ;
#3139 = ORIENTED_EDGE ( 'NONE', *, *, #1188, .T. ) ;
#3140 = CARTESIAN_POINT ( 'NONE',  ( -69.99999999999998579, 380.0000000000000000, 69.99999999999998579 ) ) ;
#3141 = ADVANCED_FACE ( 'NONE', ( #299, #3763, #3388, #2110, #1232 ), #3695, .T. ) ;
#3142 = VERTEX_POINT ( 'NONE', #703 ) ;
#3143 = ORIENTED_EDGE ( 'NONE', *, *, #1035, .F. ) ;
#3144 = ORIENTED_EDGE ( 'NONE', *, *, #1013, .F. ) ;
#3145 = PRESENTATION_LAYER_ASSIGNMENT (  '', '', ( #2871 ) ) ;
#3146 = ORIENTED_EDGE ( 'NONE', *, *, #910, .F. ) ;
#3147 = ORIENTED_EDGE ( 'NONE', *, *, #2342, .T. ) ;
#3148 = CARTESIAN_POINT ( 'NONE',  ( -70.00000000000000000, 399.5000000000000000, 92.00000000000000000 ) ) ;
#3149 = VERTEX_POINT ( 'NONE', #3116 ) ;
#3150 = CYLINDRICAL_SURFACE ( 'NONE', #2300, 5.099999999999993427 ) ;
#3151 = CARTESIAN_POINT ( 'NONE',  ( 79.99999999999997158, 380.0000000000000000, -69.99999999999998579 ) ) ;
#3152 = LINE ( 'NONE', #223, #2116 ) ;
#3153 = VERTEX_POINT ( 'NONE', #3397 ) ;
#3154 = CARTESIAN_POINT ( 'NONE',  ( 124.9999999999999716, 15.00000000000000000, 125.0000000000000000 ) ) ;
#3155 = CARTESIAN_POINT ( 'NONE',  ( 7.500000000000000000, 0.0000000000000000000, -150.0000000000000284 ) ) ;
#3156 = EDGE_CURVE ( 'NONE', #920, #867, #2610, .T. ) ;
#3157 = ORIENTED_EDGE ( 'NONE', *, *, #1207, .F. ) ;
#3158 = EDGE_LOOP ( 'NONE', ( #2776, #3846 ) ) ;
#3159 = DIRECTION ( 'NONE',  ( -0.0000000000000000000, 1.000000000000000000, -0.0000000000000000000 ) ) ;
#3160 = EDGE_CURVE ( 'NONE', #3193, #1175, #3330, .T. ) ;
#3161 = CARTESIAN_POINT ( 'NONE',  ( 69.99999999999991473, 14.99999999999998934, -69.99999999999998579 ) ) ;
#3162 = PRESENTATION_STYLE_ASSIGNMENT (( #3564 ) ) ;
#3163 = MECHANICAL_DESIGN_GEOMETRIC_PRESENTATION_REPRESENTATION (  '', ( #2348 ), #3367 ) ;
#3164 = DIRECTION ( 'NONE',  ( 1.520853458390625560E-16, 1.000000000000000000, 0.0000000000000000000 ) ) ;
#3165 = ORIENTED_EDGE ( 'NONE', *, *, #538, .T. ) ;
#3166 = FILL_AREA_STYLE_COLOUR ( '', #2006 ) ;
#3167 = ORIENTED_EDGE ( 'NONE', *, *, #400, .T. ) ;
#3168 = LINE ( 'NONE', #509, #502 ) ;
#3169 = PRESENTATION_LAYER_ASSIGNMENT (  '', '', ( #106 ) ) ;
#3170 = FACE_OUTER_BOUND ( 'NONE', #1205, .T. ) ;
#3171 = DIRECTION ( 'NONE',  ( 0.0000000000000000000, 0.0000000000000000000, 1.000000000000000000 ) ) ;
#3172 = ADVANCED_FACE ( 'NONE', ( #2766 ), #1582, .F. ) ;
#3173 = LINE ( 'NONE', #1433, #3648 ) ;
#3174 = CYLINDRICAL_SURFACE ( 'NONE', #3075, 7.499999999999992895 ) ;
#3175 = EDGE_CURVE ( 'NONE', #3590, #3851, #1595, .T. ) ;
#3176 = STYLED_ITEM ( 'NONE', ( #3113 ), #3034 ) ;
#3177 = ADVANCED_FACE ( 'NONE', ( #3473 ), #1819, .F. ) ;
#3178 = LINE ( 'NONE', #1877, #1764 ) ;
#3179 = CYLINDRICAL_SURFACE ( 'NONE', #836, 10.00000000000002309 ) ;
#3180 = DIRECTION ( 'NONE',  ( 0.0000000000000000000, 0.0000000000000000000, -1.000000000000000000 ) ) ;
#3181 = DIRECTION ( 'NONE',  ( -0.7071067811865536790, -0.0000000000000000000, 0.7071067811865414665 ) ) ;
#3182 = ORIENTED_EDGE ( 'NONE', *, *, #3738, .F. ) ;
#3183 = ORIENTED_EDGE ( 'NONE', *, *, #2673, .T. ) ;
#3184 = EDGE_CURVE ( 'NONE', #1546, #1316, #1511, .T. ) ;
#3185 = VERTEX_POINT ( 'NONE', #2805 ) ;
#3186 = SURFACE_STYLE_FILL_AREA ( #743 ) ;
#3187 = CYLINDRICAL_SURFACE ( 'NONE', #2970, 2.500000000000002220 ) ;
#3188 = AXIS2_PLACEMENT_3D ( 'NONE', #1158, #241, #3787 ) ;
#3189 = CIRCLE ( 'NONE', #1652, 7.500000000000007105 ) ;
#3190 = CARTESIAN_POINT ( 'NONE',  ( -114.9999999999999432, 400.0000000000000000, -124.9999999999999432 ) ) ;
#3191 = DIRECTION ( 'NONE',  ( 0.0000000000000000000, 0.0000000000000000000, 1.000000000000000000 ) ) ;
#3192 = ORIENTED_EDGE ( 'NONE', *, *, #3412, .F. ) ;
#3193 = VERTEX_POINT ( 'NONE', #393 ) ;
#3194 = DIRECTION ( 'NONE',  ( 0.0000000000000000000, 1.000000000000000000, 0.0000000000000000000 ) ) ;
#3195 = ORIENTED_EDGE ( 'NONE', *, *, #733, .F. ) ;
#3196 = FACE_OUTER_BOUND ( 'NONE', #754, .T. ) ;
#3197 = ORIENTED_EDGE ( 'NONE', *, *, #1647, .T. ) ;
#3198 = AXIS2_PLACEMENT_3D ( 'NONE', #2402, #2142, #327 ) ;
#3199 = VERTEX_POINT ( 'NONE', #91 ) ;
#3200 = CARTESIAN_POINT ( 'NONE',  ( -149.9999999999999432, 0.0000000000000000000, -7.500000000001570299 ) ) ;
#3201 = VECTOR ( 'NONE', #1607, 1000.000000000000114 ) ;
#3202 = ADVANCED_FACE ( 'NONE', ( #2662 ), #2459, .F. ) ;
#3203 = AXIS2_PLACEMENT_3D ( 'NONE', #2085, #578, #2651 ) ;
#3204 = EDGE_LOOP ( 'NONE', ( #904, #250, #3463, #296 ) ) ;
#3205 = CARTESIAN_POINT ( 'NONE',  ( -124.9999999999999432, 400.0000000000000000, -114.9999999999999574 ) ) ;
#3206 = EDGE_CURVE ( 'NONE', #2027, #3683, #3519, .T. ) ;
#3207 = DIRECTION ( 'NONE',  ( -1.520853458390625560E-16, -1.000000000000000000, -0.0000000000000000000 ) ) ;
#3208 = ORIENTED_EDGE ( 'NONE', *, *, #1604, .F. ) ;
#3209 = CARTESIAN_POINT ( 'NONE',  ( -30.00000000000000000, 15.00000000000000000, -125.0000000000000000 ) ) ;
#3210 = CARTESIAN_POINT ( 'NONE',  ( -142.5000000000000568, 15.00000000000000000, -1.492608272355440021E-12 ) ) ;
#3211 = CARTESIAN_POINT ( 'NONE',  ( -89.99999999999998579, 315.0000000000000000, -47.50000000000000000 ) ) ;
#3212 = ORIENTED_EDGE ( 'NONE', *, *, #3412, .T. ) ;
#3213 = AXIS2_PLACEMENT_3D ( 'NONE', #2626, #2938, #3215 ) ;
#3214 = ORIENTED_EDGE ( 'NONE', *, *, #2738, .T. ) ;
#3215 = DIRECTION ( 'NONE',  ( 0.0000000000000000000, 0.0000000000000000000, 1.000000000000000000 ) ) ;
#3216 = PLANE ( 'NONE',  #313 ) ;
#3217 = CARTESIAN_POINT ( 'NONE',  ( 0.0000000000000000000, 15.00000000000000000, 75.00000000000001421 ) ) ;
#3218 = FACE_OUTER_BOUND ( 'NONE', #1095, .T. ) ;
#3219 = PRESENTATION_STYLE_ASSIGNMENT (( #173 ) ) ;
#3220 = PLANE ( 'NONE',  #2344 ) ;
#3221 = FACE_BOUND ( 'NONE', #3158, .T. ) ;
#3222 = VECTOR ( 'NONE', #961, 1000.000000000000000 ) ;
#3223 = EDGE_CURVE ( 'NONE', #1331, #2530, #1969, .T. ) ;
#3224 = DIRECTION ( 'NONE',  ( -0.0000000000000000000, 1.000000000000000000, -0.0000000000000000000 ) ) ;
#3226 = VECTOR ( 'NONE', #601, 1000.000000000000000 ) ;
#3225 = DIRECTION ( 'NONE',  ( 1.000000000000000000, -1.486905836551550065E-16, -9.912705577010332945E-17 ) ) ;
#3227 = DIRECTION ( 'NONE',  ( 0.0000000000000000000, 0.0000000000000000000, 1.000000000000000000 ) ) ;
#3228 = PLANE ( 'NONE',  #997 ) ;
#3229 = EDGE_LOOP ( 'NONE', ( #3031, #474, #894, #3007 ) ) ;
#3230 = CARTESIAN_POINT ( 'NONE',  ( 125.0000000000000568, 380.0000000000000000, 115.0000000000000142 ) ) ;
#3231 = ORIENTED_EDGE ( 'NONE', *, *, #1952, .F. ) ;
#3232 = EDGE_CURVE ( 'NONE', #2430, #1593, #294, .T. ) ;
#3233 = CYLINDRICAL_SURFACE ( 'NONE', #1676, 19.99999999999999645 ) ;
#3234 = ITEM_DEFINED_TRANSFORMATION ( 'NONE', 'NONE', #2908,  #3535 ) ;
#3235 = AXIS2_PLACEMENT_3D ( 'NONE', #37, #3021, #1520 ) ;
#3236 = ORIENTED_EDGE ( 'NONE', *, *, #2859, .F. ) ;
#3237 = ORIENTED_EDGE ( 'NONE', *, *, #1995, .T. ) ;
#3238 = PLANE ( 'NONE',  #3812 ) ;
#3239 = ORIENTED_EDGE ( 'NONE', *, *, #2252, .T. ) ;
#3240 = EDGE_CURVE ( 'NONE', #3536, #1637, #339, .T. ) ;
#3241 =( GEOMETRIC_REPRESENTATION_CONTEXT ( 3 ) GLOBAL_UNCERTAINTY_ASSIGNED_CONTEXT ( ( #2102 ) ) GLOBAL_UNIT_ASSIGNED_CONTEXT ( ( #2123, #1786, #2426 ) ) REPRESENTATION_CONTEXT ( 'NONE', 'WORKASPACE' ) );
#3242 =( NAMED_UNIT ( * ) PLANE_ANGLE_UNIT ( ) SI_UNIT ( $, .RADIAN. ) );
#3243 = FILL_AREA_STYLE ('',( #852 ) ) ;
#3244 = VERTEX_POINT ( 'NONE', #1074 ) ;
#3245 = ORIENTED_EDGE ( 'NONE', *, *, #684, .T. ) ;
#3246 = DIRECTION ( 'NONE',  ( 0.7071067811865474617, -0.0000000000000000000, -0.7071067811865474617 ) ) ;
#3247 = CARTESIAN_POINT ( 'NONE',  ( 69.99999999999991473, 14.99999999999998934, -80.00000000000000000 ) ) ;
#3248 = CARTESIAN_POINT ( 'NONE',  ( -124.9999999999999716, 15.00000000000000000, 132.5000000000000000 ) ) ;
#3249 = DIRECTION ( 'NONE',  ( 0.0000000000000000000, 0.0000000000000000000, 1.000000000000000000 ) ) ;
#3250 = CARTESIAN_POINT ( 'NONE',  ( 0.0000000000000000000, 0.0000000000000000000, 0.0000000000000000000 ) ) ;
#3251 = CARTESIAN_POINT ( 'NONE',  ( 0.0000000000000000000, 0.0000000000000000000, 0.0000000000000000000 ) ) ;
#3252 = ORIENTED_EDGE ( 'NONE', *, *, #3764, .T. ) ;
#3253 = PLANE ( 'NONE',  #1319 ) ;
#3254 = EDGE_CURVE ( 'NONE', #2530, #283, #2280, .T. ) ;
#3255 = ORIENTED_EDGE ( 'NONE', *, *, #2982, .T. ) ;
#3256 = UNCERTAINTY_MEASURE_WITH_UNIT (LENGTH_MEASURE( 1.000000000000000082E-05 ), #666, 'distance_accuracy_value', 'NONE');
#3257 = CARTESIAN_POINT ( 'NONE',  ( -90.00000000000000000, 380.0000000000000000, -90.00000000000000000 ) ) ;
#3258 = VERTEX_POINT ( 'NONE', #3151 ) ;
#3259 = CARTESIAN_POINT ( 'NONE',  ( -90.00000000000000000, 380.0000000000000000, 90.00000000000000000 ) ) ;
#3260 = PLANE ( 'NONE',  #3593 ) ;
#3261 =( GEOMETRIC_REPRESENTATION_CONTEXT ( 3 ) GLOBAL_UNCERTAINTY_ASSIGNED_CONTEXT ( ( #3497 ) ) GLOBAL_UNIT_ASSIGNED_CONTEXT ( ( #174, #2864, #1089 ) ) REPRESENTATION_CONTEXT ( 'NONE', 'WORKASPACE' ) );
#3262 = AXIS2_PLACEMENT_3D ( 'NONE', #2916, #3533, #1984 ) ;
#3263 = DIRECTION ( 'NONE',  ( -1.520853458390625560E-16, -1.000000000000000000, -0.0000000000000000000 ) ) ;
#3264 = CARTESIAN_POINT ( 'NONE',  ( -140.0000000000000000, 15.00000000000000000, 149.9999999999999716 ) ) ;
#3265 = LINE ( 'NONE', #3529, #1126 ) ;
#3266 = VECTOR ( 'NONE', #2856, 1000.000000000000000 ) ;
#3267 = ADVANCED_FACE ( 'NONE', ( #3270 ), #846, .F. ) ;
#3268 = CARTESIAN_POINT ( 'NONE',  ( 125.0000000000000568, 400.0000000000000000, 115.0000000000000142 ) ) ;
#3269 = PRESENTATION_STYLE_ASSIGNMENT (( #2521 ) ) ;
#3270 = FACE_OUTER_BOUND ( 'NONE', #2794, .T. ) ;
#3271 = EDGE_CURVE ( 'NONE', #1202, #3773, #2422, .T. ) ;
#3272 = DIRECTION ( 'NONE',  ( -0.0000000000000000000, -1.000000000000000000, -0.0000000000000000000 ) ) ;
#3273 = ORIENTED_EDGE ( 'NONE', *, *, #1016, .T. ) ;
#3274 = EDGE_LOOP ( 'NONE', ( #1009, #175, #3617, #776 ) ) ;
#3275 = DIRECTION ( 'NONE',  ( -0.0000000000000000000, 1.000000000000000000, -0.0000000000000000000 ) ) ;
#3276 = EDGE_LOOP ( 'NONE', ( #3854, #761, #70, #3441 ) ) ;
#3277 = LINE ( 'NONE', #3247, #2372 ) ;
#3278 = CARTESIAN_POINT ( 'NONE',  ( -124.9999999999999716, 15.00000000000000000, 0.0000000000000000000 ) ) ;
#3279 = DIRECTION ( 'NONE',  ( -1.000000000000000000, -0.0000000000000000000, -0.0000000000000000000 ) ) ;
#3280 = ORIENTED_EDGE ( 'NONE', *, *, #94, .T. ) ;
#3281 = EDGE_CURVE ( 'NONE', #2899, #3707, #2603, .T. ) ;
#3283 = ORIENTED_EDGE ( 'NONE', *, *, #2394, .F. ) ;
#3282 = DIRECTION ( 'NONE',  ( -0.0000000000000000000, 1.000000000000000000, -0.0000000000000000000 ) ) ;
#3284 = CYLINDRICAL_SURFACE ( 'NONE', #2707, 7.500000000000007105 ) ;
#3285 = COLOUR_RGB ( '',1.000000000000000000, 1.000000000000000000, 1.000000000000000000 ) ;
#3286 = STYLED_ITEM ( 'NONE', ( #3324 ), #3304 ) ;
#3287 = ORIENTED_EDGE ( 'NONE', *, *, #1421, .T. ) ;
#3288 = ORIENTED_EDGE ( 'NONE', *, *, #62, .F. ) ;
#3289 = FACE_OUTER_BOUND ( 'NONE', #1635, .T. ) ;
#3290 = CARTESIAN_POINT ( 'NONE',  ( -89.99999999999998579, 315.0000000000000000, -47.50000000000000000 ) ) ;
#3291 = AXIS2_PLACEMENT_3D ( 'NONE', #689, #3077, #3369 ) ;
#3292 = CARTESIAN_POINT ( 'NONE',  ( -80.00000000000001421, 380.0000000000000000, 69.99999999999998579 ) ) ;
#3293 = DIRECTION ( 'NONE',  ( 1.000000000000000000, 1.942890293094023453E-16, 2.775557561562889502E-17 ) ) ;
#3294 = CARTESIAN_POINT ( 'NONE',  ( 7.499999999999902300, 0.0000000000000000000, -149.9999999999999716 ) ) ;
#3295 = CARTESIAN_POINT ( 'NONE',  ( 3.638780901935016488E-14, 400.0000000000000000, 0.0000000000000000000 ) ) ;
#3296 = DIRECTION ( 'NONE',  ( -7.401486830834376525E-17, -1.000000000000000000, 0.0000000000000000000 ) ) ;
#3297 = DIRECTION ( 'NONE',  ( 0.7071067811865465735, -5.233641528945909416E-17, -0.7071067811865484609 ) ) ;
#3298 = CARTESIAN_POINT ( 'NONE',  ( -124.9999999999999716, 0.0000000000000000000, -4.499999999999997335 ) ) ;
#3299 = DIRECTION ( 'NONE',  ( -0.0000000000000000000, 1.000000000000000000, -0.0000000000000000000 ) ) ;
#3300 = ORIENTED_EDGE ( 'NONE', *, *, #276, .F. ) ;
#3301 = EDGE_CURVE ( 'NONE', #2918, #1278, #1811, .T. ) ;
#3302 = DIRECTION ( 'NONE',  ( -0.0000000000000000000, 1.000000000000000000, -0.0000000000000000000 ) ) ;
#3303 = EDGE_LOOP ( 'NONE', ( #1065, #2327, #2404, #1556 ) ) ;
#3304 = MANIFOLD_SOLID_BREP ( 'Cut-Extrude2', #2241 ) ;
#3305 = FILL_AREA_STYLE_COLOUR ( '', #3098 ) ;
#3306 = EDGE_LOOP ( 'NONE', ( #470, #285, #3072, #1683 ) ) ;
#3307 = CYLINDRICAL_SURFACE ( 'NONE', #144, 5.099999999999993427 ) ;
#3308 = EDGE_CURVE ( 'NONE', #208, #450, #1807, .T. ) ;
#3309 = DIRECTION ( 'NONE',  ( 1.000000000000000000, 0.0000000000000000000, 0.0000000000000000000 ) ) ;
#3310 = CIRCLE ( 'NONE', #791, 4.500000000000003553 ) ;
#3311 = SURFACE_STYLE_FILL_AREA ( #708 ) ;
#3312 = CARTESIAN_POINT ( 'NONE',  ( -114.9999999999999432, 400.0000000000000000, 125.0000000000000000 ) ) ;
#3314 = FACE_BOUND ( 'NONE', #3554, .T. ) ;
#3313 = DIRECTION ( 'NONE',  ( 0.0000000000000000000, 0.0000000000000000000, 1.000000000000000000 ) ) ;
#3315 = DIRECTION ( 'NONE',  ( 0.0000000000000000000, 0.0000000000000000000, 1.000000000000000000 ) ) ;
#3316 = CIRCLE ( 'NONE', #1534, 3.399999999999986144 ) ;
#3317 = PRESENTATION_LAYER_ASSIGNMENT (  '', '', ( #1907 ) ) ;
#3318 = AXIS2_PLACEMENT_3D ( 'NONE', #1384, #2881, #1675 ) ;
#3319 = CYLINDRICAL_SURFACE ( 'NONE', #1748, 5.099999999999993427 ) ;
#3320 = CYLINDRICAL_SURFACE ( 'NONE', #3091, 75.00000000000001421 ) ;
#3321 = PRODUCT_DEFINITION_SHAPE ( 'NONE', 'NONE',  #2294 ) ;
#3322 = ORIENTED_EDGE ( 'NONE', *, *, #545, .F. ) ;
#3323 = ORIENTED_EDGE ( 'NONE', *, *, #90, .T. ) ;
#3324 = PRESENTATION_STYLE_ASSIGNMENT (( #2527 ) ) ;
#3325 = ADVANCED_FACE ( 'NONE', ( #3841 ), #2192, .F. ) ;
#3326 = CIRCLE ( 'NONE', #3188, 5.099999999999993427 ) ;
#3327 = ORIENTED_EDGE ( 'NONE', *, *, #3232, .F. ) ;
#3328 = CLOSED_SHELL ( 'NONE', ( #2718, #3438, #2190, #2473, #260, #3062, #2298, #473, #3678, #1979, #2305, #28, #238, #847, #3141, #2143, #2709, #1878, #365, #706, #1037, #3358, #596, #1838, #3267, #3492 ) ) ;
#3329 = CARTESIAN_POINT ( 'NONE',  ( -89.99999999999998579, 355.0000000000000000, -45.00000000000000000 ) ) ;
#3330 = CIRCLE ( 'NONE', #983, 5.099999999999993427 ) ;
#3331 = EDGE_CURVE ( 'NONE', #2086, #401, #3836, .T. ) ;
#3332 = VECTOR ( 'NONE', #1536, 1000.000000000000114 ) ;
#3333 = DIRECTION ( 'NONE',  ( -0.0000000000000000000, 1.000000000000000000, -0.0000000000000000000 ) ) ;
#3334 = CARTESIAN_POINT ( 'NONE',  ( -30.00000000000000000, 15.00000000000000000, -125.0000000000000000 ) ) ;
#3335 = ORIENTED_EDGE ( 'NONE', *, *, #3484, .F. ) ;
#3336 = ORIENTED_EDGE ( 'NONE', *, *, #1288, .F. ) ;
#3337 = FACE_BOUND ( 'NONE', #2954, .T. ) ;
#3338 = APPLICATION_CONTEXT ( 'automotive_design' ) ;
#3339 = EDGE_CURVE ( 'NONE', #3676, #1922, #1044, .T. ) ;
#3340 = DIRECTION ( 'NONE',  ( 0.0000000000000000000, 0.0000000000000000000, -1.000000000000000000 ) ) ;
#3341 = ORIENTED_EDGE ( 'NONE', *, *, #966, .F. ) ;
#3342 = DIRECTION ( 'NONE',  ( -0.0000000000000000000, 1.000000000000000000, -0.0000000000000000000 ) ) ;
#3343 = CARTESIAN_POINT ( 'NONE',  ( 4.091569121926914347E-16, 15.00000000000000000, 120.5000000000000284 ) ) ;
#3344 =( GEOMETRIC_REPRESENTATION_CONTEXT ( 3 ) GLOBAL_UNCERTAINTY_ASSIGNED_CONTEXT ( ( #1418 ) ) GLOBAL_UNIT_ASSIGNED_CONTEXT ( ( #2218, #1345, #3442 ) ) REPRESENTATION_CONTEXT ( 'NONE', 'WORKASPACE' ) );
#3345 = AXIS2_PLACEMENT_3D ( 'NONE', #778, #3742, #3416 ) ;
#3346 = ORIENTED_EDGE ( 'NONE', *, *, #3206, .F. ) ;
#3347 =( LENGTH_UNIT ( ) NAMED_UNIT ( * ) SI_UNIT ( .MILLI., .METRE. ) );
#3348 = ORIENTED_EDGE ( 'NONE', *, *, #1069, .F. ) ;
#3349 = DIRECTION ( 'NONE',  ( -0.0000000000000000000, 1.000000000000000000, -0.0000000000000000000 ) ) ;
#3350 = ADVANCED_FACE ( 'NONE', ( #2997 ), #3238, .F. ) ;
#3351 = CARTESIAN_POINT ( 'NONE',  ( 69.99999999999998579, 380.0000000000000000, 69.99999999999997158 ) ) ;
#3352 = CARTESIAN_POINT ( 'NONE',  ( 150.0000000000000284, 15.00000000000000000, 150.0000000000000000 ) ) ;
#3353 = DIRECTION ( 'NONE',  ( 0.7071067811865474617, 0.0000000000000000000, -0.7071067811865474617 ) ) ;
#3354 = ORIENTED_EDGE ( 'NONE', *, *, #757, .F. ) ;
#3355 = CARTESIAN_POINT ( 'NONE',  ( -150.0000000000001137, -0.0009999999999992653654, 7.499999999998428812 ) ) ;
#3356 = LINE ( 'NONE', #2664, #2735 ) ;
#3357 = CARTESIAN_POINT ( 'NONE',  ( -89.99999999999998579, 315.0000000000000000, 45.00000000000000000 ) ) ;
#3358 = ADVANCED_FACE ( 'NONE', ( #151, #1400 ), #811, .F. ) ;
#3359 = CARTESIAN_POINT ( 'NONE',  ( -70.00000000000000000, 380.0000000000000000, 95.00000000000000000 ) ) ;
#3360 = EDGE_CURVE ( 'NONE', #2285, #3618, #60, .T. ) ;
#3361 = VERTEX_POINT ( 'NONE', #1109 ) ;
#3362 = VERTEX_POINT ( 'NONE', #794 ) ;
#3363 = CIRCLE ( 'NONE', #1021, 2.500000000000002220 ) ;
#3364 = DIRECTION ( 'NONE',  ( -0.0000000000000000000, 1.000000000000000000, -0.0000000000000000000 ) ) ;
#3365 = DIRECTION ( 'NONE',  ( -0.0000000000000000000, 1.000000000000000000, -0.0000000000000000000 ) ) ;
#3366 = COLOUR_RGB ( '',1.000000000000000000, 1.000000000000000000, 1.000000000000000000 ) ;
#3367 =( GEOMETRIC_REPRESENTATION_CONTEXT ( 3 ) GLOBAL_UNCERTAINTY_ASSIGNED_CONTEXT ( ( #2725 ) ) GLOBAL_UNIT_ASSIGNED_CONTEXT ( ( #2310, #1423, #237 ) ) REPRESENTATION_CONTEXT ( 'NONE', 'WORKASPACE' ) );
#3368 = LINE ( 'NONE', #2924, #2549 ) ;
#3369 = DIRECTION ( 'NONE',  ( 0.0000000000000000000, 1.000000000000000000, 0.0000000000000000000 ) ) ;
#3370 = DIRECTION ( 'NONE',  ( 0.0000000000000000000, 0.0000000000000000000, 1.000000000000000000 ) ) ;
#3371 = CARTESIAN_POINT ( 'NONE',  ( -89.99999999999998579, 355.0000000000000000, -47.50000000000000000 ) ) ;
#3372 = APPLICATION_PROTOCOL_DEFINITION ( 'draft international standard', 'automotive_design', 1998, #3338 ) ;
#3373 = ORIENTED_EDGE ( 'NONE', *, *, #684, .F. ) ;
#3374 = ORIENTED_EDGE ( 'NONE', *, *, #2125, .T. ) ;
#3375 = DIRECTION ( 'NONE',  ( 1.520853458390625560E-16, 1.000000000000000000, 0.0000000000000000000 ) ) ;
#3376 = EDGE_LOOP ( 'NONE', ( #2562, #1967, #1425, #1462 ) ) ;
#3377 = DIRECTION ( 'NONE',  ( -1.000000000000000000, 0.0000000000000000000, 9.912705577010335410E-17 ) ) ;
#3378 = FACE_OUTER_BOUND ( 'NONE', #3097, .T. ) ;
#3379 = VECTOR ( 'NONE', #3302, 1000.000000000000000 ) ;
#3380 = ORIENTED_EDGE ( 'NONE', *, *, #1048, .T. ) ;
#3381 = CARTESIAN_POINT ( 'NONE',  ( 69.99999999999997158, 380.0000000000000000, -69.99999999999998579 ) ) ;
#3382 = ORIENTED_EDGE ( 'NONE', *, *, #1035, .T. ) ;
#3383 = COLOUR_RGB ( '',0.6470588235294117974, 0.6196078431372549211, 0.5882352941176470784 ) ;
#3384 = COLOUR_RGB ( '',1.000000000000000000, 1.000000000000000000, 1.000000000000000000 ) ;
#3385 = VERTEX_POINT ( 'NONE', #218 ) ;
#3386 = ORIENTED_EDGE ( 'NONE', *, *, #1812, .T. ) ;
#3387 = EDGE_CURVE ( 'NONE', #867, #2266, #2233, .T. ) ;
#3388 = FACE_BOUND ( 'NONE', #661, .T. ) ;
#3389 = DIRECTION ( 'NONE',  ( 0.7071067811865434649, -0.0000000000000000000, 0.7071067811865516806 ) ) ;
#3390 = AXIS2_PLACEMENT_3D ( 'NONE', #2631, #3576, #2606 ) ;
#3391 = VERTEX_POINT ( 'NONE', #249 ) ;
#3392 = PRODUCT_DEFINITION_SHAPE ( 'NONE', 'NONE',  #383 ) ;
#3393 = SURFACE_STYLE_USAGE ( .BOTH. , #378 ) ;
#3394 = EDGE_CURVE ( 'NONE', #3608, #1867, #1489, .T. ) ;
#3395 = CARTESIAN_POINT ( 'NONE',  ( -69.99999999999998579, 15.00000000000001066, 80.00000000000001421 ) ) ;
#3396 = ORIENTED_EDGE ( 'NONE', *, *, #2952, .F. ) ;
#3397 = CARTESIAN_POINT ( 'NONE',  ( -89.99999999999998579, 355.0000000000000000, 42.49999999999999289 ) ) ;
#3398 = DIRECTION ( 'NONE',  ( -0.0000000000000000000, 1.000000000000000000, -0.0000000000000000000 ) ) ;
#3399 = VECTOR ( 'NONE', #2644, 1000.000000000000000 ) ;
#3400 = CARTESIAN_POINT ( 'NONE',  ( 139.9999999999999716, 0.0000000000000000000, -150.0000000000000000 ) ) ;
#3401 = ORIENTED_EDGE ( 'NONE', *, *, #565, .F. ) ;
#3402 = DIRECTION ( 'NONE',  ( -0.0000000000000000000, 1.000000000000000000, -0.0000000000000000000 ) ) ;
#3403 = DIRECTION ( 'NONE',  ( 1.000000000000000000, 0.0000000000000000000, 0.0000000000000000000 ) ) ;
#3404 = EDGE_CURVE ( 'NONE', #454, #3153, #1078, .T. ) ;
#3405 = EDGE_LOOP ( 'NONE', ( #2011, #1255, #2958, #3511 ) ) ;
#3406 = VECTOR ( 'NONE', #1079, 1000.000000000000000 ) ;
#3407 = CARTESIAN_POINT ( 'NONE',  ( -1.419341474236166827E-16, 0.0000000000000000000, 125.0000000000000284 ) ) ;
#3409 = VECTOR ( 'NONE', #1042, 1000.000000000000114 ) ;
#3408 = DIRECTION ( 'NONE',  ( -0.0000000000000000000, 1.000000000000000000, -0.0000000000000000000 ) ) ;
#3410 = CARTESIAN_POINT ( 'NONE',  ( -69.99999999999998579, 380.0000000000000000, 69.99999999999998579 ) ) ;
#3411 = FACE_OUTER_BOUND ( 'NONE', #2153, .T. ) ;
#3412 = EDGE_CURVE ( 'NONE', #2981, #770, #598, .T. ) ;
#3413 = MECHANICAL_DESIGN_GEOMETRIC_PRESENTATION_REPRESENTATION (  '', ( #3286 ), #1873 ) ;
#3414 = LINE ( 'NONE', #3623, #1215 ) ;
#3415 = FACE_BOUND ( 'NONE', #99, .T. ) ;
#3416 = DIRECTION ( 'NONE',  ( 0.0000000000000000000, 0.0000000000000000000, 1.000000000000000000 ) ) ;
#3417 = ADVANCED_FACE ( 'NONE', ( #3170 ), #3220, .F. ) ;
#3418 = CARTESIAN_POINT ( 'NONE',  ( 150.0000000000000000, -0.0009999999999992653654, 7.500000000000524025 ) ) ;
#3419 = MECHANICAL_DESIGN_GEOMETRIC_PRESENTATION_REPRESENTATION (  '', ( #1071 ), #2003 ) ;
#3420 = CYLINDRICAL_SURFACE ( 'NONE', #406, 3.000000000000002665 ) ;
#3421 = EDGE_LOOP ( 'NONE', ( #2251, #2712 ) ) ;
#3422 = VECTOR ( 'NONE', #1882, 1000.000000000000000 ) ;
#3423 = FILL_AREA_STYLE ('',( #2168 ) ) ;
#3424 = AXIS2_PLACEMENT_3D ( 'NONE', #2411, #3088, #3079 ) ;
#3425 = ORIENTED_EDGE ( 'NONE', *, *, #1280, .F. ) ;
#3426 = ORIENTED_EDGE ( 'NONE', *, *, #835, .F. ) ;
#3427 = VERTEX_POINT ( 'NONE', #1996 ) ;
#3428 = DIRECTION ( 'NONE',  ( 0.0000000000000000000, 0.0000000000000000000, 1.000000000000000000 ) ) ;
#3429 = ORIENTED_EDGE ( 'NONE', *, *, #2252, .F. ) ;
#3430 = CARTESIAN_POINT ( 'NONE',  ( 80.00000000000000000, 380.0000000000000000, 69.99999999999997158 ) ) ;
#3431 = ORIENTED_EDGE ( 'NONE', *, *, #2641, .T. ) ;
#3432 = CARTESIAN_POINT ( 'NONE',  ( 139.9999999999999716, 0.0000000000000000000, 150.0000000000000000 ) ) ;
#3433 = VECTOR ( 'NONE', #3591, 1000.000000000000114 ) ;
#3434 = VERTEX_POINT ( 'NONE', #2579 ) ;
#3435 = DIRECTION ( 'NONE',  ( 0.0000000000000000000, 0.0000000000000000000, 1.000000000000000000 ) ) ;
#3436 = EDGE_CURVE ( 'NONE', #2073, #2256, #2049, .T. ) ;
#3437 =( LENGTH_UNIT ( ) NAMED_UNIT ( * ) SI_UNIT ( .MILLI., .METRE. ) );
#3438 = ADVANCED_FACE ( 'NONE', ( #2545 ), #3546, .F. ) ;
#3439 =( GEOMETRIC_REPRESENTATION_CONTEXT ( 3 ) GLOBAL_UNCERTAINTY_ASSIGNED_CONTEXT ( ( #939 ) ) GLOBAL_UNIT_ASSIGNED_CONTEXT ( ( #2932, #869, #2945 ) ) REPRESENTATION_CONTEXT ( 'NONE', 'WORKASPACE' ) );
#3440 = ORIENTED_EDGE ( 'NONE', *, *, #3704, .T. ) ;
#3441 = ORIENTED_EDGE ( 'NONE', *, *, #1069, .T. ) ;
#3442 =( NAMED_UNIT ( * ) SI_UNIT ( $, .STERADIAN. ) SOLID_ANGLE_UNIT ( ) );
#3443 = EDGE_CURVE ( 'NONE', #2027, #813, #3691, .T. ) ;
#3444 = DIRECTION ( 'NONE',  ( 0.0000000000000000000, 0.0000000000000000000, 1.000000000000000000 ) ) ;
#3445 = DIRECTION ( 'NONE',  ( -1.982541115402065849E-16, -0.0000000000000000000, -1.000000000000000000 ) ) ;
#3446 = AXIS2_PLACEMENT_3D ( 'NONE', #3725, #148, #3457 ) ;
#3447 = AXIS2_PLACEMENT_3D ( 'NONE', #2219, #3680, #2786 ) ;
#3448 = AXIS2_PLACEMENT_3D ( 'NONE', #374, #2450, #1234 ) ;
#3449 = CARTESIAN_POINT ( 'NONE',  ( 1.480297366166872495E-15, 400.0000000000000000, 0.0000000000000000000 ) ) ;
#3450 = CARTESIAN_POINT ( 'NONE',  ( 90.00000000000000000, 400.0000000000000000, -95.09999999999999432 ) ) ;
#3451 = VECTOR ( 'NONE', #1422, 1000.000000000000000 ) ;
#3452 = CARTESIAN_POINT ( 'NONE',  ( 30.00000000000000000, 15.00000000000000000, 125.0000000000000568 ) ) ;
#3453 = DIRECTION ( 'NONE',  ( 1.000000000000000000, -0.0000000000000000000, -0.0000000000000000000 ) ) ;
#3454 = ORIENTED_EDGE ( 'NONE', *, *, #2336, .F. ) ;
#3455 = ADVANCED_FACE ( 'NONE', ( #1578 ), #2368, .F. ) ;
#3456 = EDGE_CURVE ( 'NONE', #71, #770, #651, .T. ) ;
#3457 = DIRECTION ( 'NONE',  ( 1.850371707708594563E-16, 0.0000000000000000000, 1.000000000000000000 ) ) ;
#3458 = LINE ( 'NONE', #818, #1492 ) ;
#3459 = EDGE_CURVE ( 'NONE', #2434, #410, #3646, .T. ) ;
#3460 = DIRECTION ( 'NONE',  ( -0.0000000000000000000, 1.000000000000000000, -0.0000000000000000000 ) ) ;
#3461 = DIRECTION ( 'NONE',  ( -0.0000000000000000000, 1.000000000000000000, -0.0000000000000000000 ) ) ;
#3462 = CIRCLE ( 'NONE', #2029, 4.500000000000003553 ) ;
#3463 = ORIENTED_EDGE ( 'NONE', *, *, #3184, .T. ) ;
#3464 = AXIS2_PLACEMENT_3D ( 'NONE', #2540, #1673, #3772 ) ;
#3465 = VERTEX_POINT ( 'NONE', #551 ) ;
#3466 = PRESENTATION_LAYER_ASSIGNMENT (  '', '', ( #1071 ) ) ;
#3467 = LINE ( 'NONE', #2161, #993 ) ;
#3468 = VECTOR ( 'NONE', #874, 1000.000000000000114 ) ;
#3469 = CYLINDRICAL_SURFACE ( 'NONE', #1696, 4.500000000000003553 ) ;
#3470 = ORIENTED_EDGE ( 'NONE', *, *, #326, .F. ) ;
#3471 = ORIENTED_EDGE ( 'NONE', *, *, #647, .F. ) ;
#3472 = FACE_OUTER_BOUND ( 'NONE', #162, .T. ) ;
#3473 = FACE_OUTER_BOUND ( 'NONE', #520, .T. ) ;
#3474 = DIRECTION ( 'NONE',  ( 0.0000000000000000000, 0.0000000000000000000, 1.000000000000000000 ) ) ;
#3475 = DIRECTION ( 'NONE',  ( 0.7071067811865483499, 0.0000000000000000000, -0.7071067811865465735 ) ) ;
#3476 = ADVANCED_FACE ( 'NONE', ( #2269 ), #3778, .F. ) ;
#3477 = EDGE_LOOP ( 'NONE', ( #159, #3336, #1817, #3750 ) ) ;
#3478 = EDGE_LOOP ( 'NONE', ( #1592, #677, #1749, #896 ) ) ;
#3479 = LINE ( 'NONE', #1929, #2205 ) ;
#3480 = DIRECTION ( 'NONE',  ( -0.0000000000000000000, 1.000000000000000000, -0.0000000000000000000 ) ) ;
#3481 = EDGE_CURVE ( 'NONE', #196, #2823, #2799, .T. ) ;
#3482 = VERTEX_POINT ( 'NONE', #3586 ) ;
#3483 = DIRECTION ( 'NONE',  ( 0.0000000000000000000, 0.0000000000000000000, 1.000000000000000000 ) ) ;
#3484 = EDGE_CURVE ( 'NONE', #2476, #2357, #3739, .T. ) ;
#3485 = DIRECTION ( 'NONE',  ( -1.000000000000000000, 0.0000000000000000000, -0.0000000000000000000 ) ) ;
#3486 = AXIS2_PLACEMENT_3D ( 'NONE', #3418, #1348, #386 ) ;
#3487 = ORIENTED_EDGE ( 'NONE', *, *, #3719, .F. ) ;
#3488 = CARTESIAN_POINT ( 'NONE',  ( -124.9999999999999716, 0.0000000000000000000, 30.00000000000000000 ) ) ;
#3489 = DIRECTION ( 'NONE',  ( 0.0000000000000000000, 0.0000000000000000000, 1.000000000000000000 ) ) ;
#3490 = VERTEX_POINT ( 'NONE', #2345 ) ;
#3491 = DIRECTION ( 'NONE',  ( 0.7071067811865536790, 0.0000000000000000000, -0.7071067811865414665 ) ) ;
#3492 = ADVANCED_FACE ( 'NONE', ( #1262 ), #1024, .F. ) ;
#3493 = ORIENTED_EDGE ( 'NONE', *, *, #2070, .T. ) ;
#3495 = EDGE_LOOP ( 'NONE', ( #1292, #3143, #3530, #117 ) ) ;
#3494 = CARTESIAN_POINT ( 'NONE',  ( 125.0000000000000568, 400.0000000000000000, 115.0000000000000142 ) ) ;
#3496 = CIRCLE ( 'NONE', #2301, 3.400000000000000355 ) ;
#3497 = UNCERTAINTY_MEASURE_WITH_UNIT (LENGTH_MEASURE( 1.000000000000000082E-05 ), #174, 'distance_accuracy_value', 'NONE');
#3498 = VECTOR ( 'NONE', #3207, 1000.000000000000000 ) ;
#3499 = DIRECTION ( 'NONE',  ( -0.0000000000000000000, -1.000000000000000000, -0.0000000000000000000 ) ) ;
#3500 = DIRECTION ( 'NONE',  ( -0.0000000000000000000, 1.000000000000000000, -0.0000000000000000000 ) ) ;
#3501 = DIRECTION ( 'NONE',  ( 1.000000000000000000, 0.0000000000000000000, 0.0000000000000000000 ) ) ;
#3502 = CIRCLE ( 'NONE', #2994, 3.500000000000003109 ) ;
#3503 = FACE_OUTER_BOUND ( 'NONE', #2204, .T. ) ;
#3504 = EDGE_CURVE ( 'NONE', #2867, #2893, #2262, .T. ) ;
#3505 = FACE_OUTER_BOUND ( 'NONE', #1846, .T. ) ;
#3506 = CIRCLE ( 'NONE', #2206, 2.500000000000002220 ) ;
#3507 = DIRECTION ( 'NONE',  ( 0.7071067811865483499, 0.0000000000000000000, 0.7071067811865465735 ) ) ;
#3508 = DIRECTION ( 'NONE',  ( -1.000000000000000000, -0.0000000000000000000, -0.0000000000000000000 ) ) ;
#3509 = ORIENTED_EDGE ( 'NONE', *, *, #2407, .T. ) ;
#3510 = EDGE_CURVE ( 'NONE', #3559, #960, #2303, .T. ) ;
#3511 = ORIENTED_EDGE ( 'NONE', *, *, #90, .F. ) ;
#3512 = AXIS2_PLACEMENT_3D ( 'NONE', #314, #2694, #2649 ) ;
#3513 = DIRECTION ( 'NONE',  ( -1.520853458390625560E-16, -1.000000000000000000, -0.0000000000000000000 ) ) ;
#3514 = ADVANCED_FACE ( 'NONE', ( #741 ), #3320, .F. ) ;
#3515 = CARTESIAN_POINT ( 'NONE',  ( 115.0000000000000568, 380.0000000000000000, -124.9999999999999432 ) ) ;
#3516 = DIRECTION ( 'NONE',  ( -0.0000000000000000000, 1.000000000000000000, -0.0000000000000000000 ) ) ;
#3517 = ORIENTED_EDGE ( 'NONE', *, *, #2906, .T. ) ;
#3518 = ORIENTED_EDGE ( 'NONE', *, *, #1137, .F. ) ;
#3519 = LINE ( 'NONE', #115, #119 ) ;
#3520 = CARTESIAN_POINT ( 'NONE',  ( -70.00000000000000000, 400.0000000000000000, 98.50000000000000000 ) ) ;
#3521 = DIRECTION ( 'NONE',  ( 0.0000000000000000000, 1.000000000000000000, 0.0000000000000000000 ) ) ;
#3522 = EDGE_LOOP ( 'NONE', ( #1550, #524, #182, #1022 ) ) ;
#3523 = AXIS2_PLACEMENT_3D ( 'NONE', #98, #641, #1557 ) ;
#3524 = AXIS2_PLACEMENT_3D ( 'NONE', #2934, #1759, #2682 ) ;
#3525 = DIRECTION ( 'NONE',  ( 1.000000000000000000, 0.0000000000000000000, 0.0000000000000000000 ) ) ;
#3526 = LINE ( 'NONE', #33, #164 ) ;
#3527 = DIRECTION ( 'NONE',  ( -0.0000000000000000000, 1.000000000000000000, -0.0000000000000000000 ) ) ;
#3528 = CARTESIAN_POINT ( 'NONE',  ( -69.99999999999998579, 15.00000000000001066, 80.00000000000001421 ) ) ;
#3529 = CARTESIAN_POINT ( 'NONE',  ( 150.0000000000000000, 15.00000000000000000, 7.500000000000524025 ) ) ;
#3530 = ORIENTED_EDGE ( 'NONE', *, *, #2697, .T. ) ;
#3531 = EDGE_CURVE ( 'NONE', #1101, #675, #3467, .T. ) ;
#3532 = ORIENTED_EDGE ( 'NONE', *, *, #3136, .T. ) ;
#3533 = DIRECTION ( 'NONE',  ( -0.0000000000000000000, 1.000000000000000000, -0.0000000000000000000 ) ) ;
#3534 = DIRECTION ( 'NONE',  ( 0.0000000000000000000, -1.000000000000000000, 0.0000000000000000000 ) ) ;
#3535 = AXIS2_PLACEMENT_3D ( 'NONE', #1490, #3867, #3877 ) ;
#3536 = VERTEX_POINT ( 'NONE', #371 ) ;
#3537 = SURFACE_SIDE_STYLE ('',( #2018 ) ) ;
#3538 = AXIS2_PLACEMENT_3D ( 'NONE', #86, #1257, #1839 ) ;
#3539 = LINE ( 'NONE', #1689, #139 ) ;
#3540 = CARTESIAN_POINT ( 'NONE',  ( -124.9999999999999716, 15.00000000000000000, -125.0000000000000000 ) ) ;
#3541 = CARTESIAN_POINT ( 'NONE',  ( -124.9999999999999716, 15.00000000000000000, -117.5000000000000142 ) ) ;
#3542 = ORIENTED_EDGE ( 'NONE', *, *, #2441, .F. ) ;
#3543 = ORIENTED_EDGE ( 'NONE', *, *, #2223, .F. ) ;
#3544 = FILL_AREA_STYLE ('',( #1172 ) ) ;
#3545 = FACE_OUTER_BOUND ( 'NONE', #437, .T. ) ;
#3546 = CYLINDRICAL_SURFACE ( 'NONE', #1997, 2.500000000000002220 ) ;
#3547 = EDGE_CURVE ( 'NONE', #3642, #2516, #953, .T. ) ;
#3548 = FACE_OUTER_BOUND ( 'NONE', #3276, .T. ) ;
#3549 = CIRCLE ( 'NONE', #1727, 7.500000000000007105 ) ;
#3550 = EDGE_CURVE ( 'NONE', #3707, #262, #95, .T. ) ;
#3551 = DIRECTION ( 'NONE',  ( 0.0000000000000000000, 0.0000000000000000000, 1.000000000000000000 ) ) ;
#3552 = PRESENTATION_LAYER_ASSIGNMENT (  '', '', ( #1531 ) ) ;
#3553 = ORIENTED_EDGE ( 'NONE', *, *, #863, .T. ) ;
#3554 = EDGE_LOOP ( 'NONE', ( #1273, #224 ) ) ;
#3555 = ORIENTED_EDGE ( 'NONE', *, *, #1622, .F. ) ;
#3556 = SURFACE_SIDE_STYLE ('',( #2362 ) ) ;
#3557 = PRESENTATION_STYLE_ASSIGNMENT (( #1738 ) ) ;
#3558 = AXIS2_PLACEMENT_3D ( 'NONE', #2418, #617, #643 ) ;
#3559 = VERTEX_POINT ( 'NONE', #635 ) ;
#3560 = EDGE_LOOP ( 'NONE', ( #3231, #3348, #766, #247 ) ) ;
#3561 = AXIS2_PLACEMENT_3D ( 'NONE', #914, #3575, #902 ) ;
#3562 = VECTOR ( 'NONE', #2674, 1000.000000000000000 ) ;
#3563 = SURFACE_STYLE_FILL_AREA ( #2581 ) ;
#3564 = SURFACE_STYLE_USAGE ( .BOTH. , #1484 ) ;
#3565 = DIRECTION ( 'NONE',  ( -1.000000000000000000, 0.0000000000000000000, 0.0000000000000000000 ) ) ;
#3566 = CARTESIAN_POINT ( 'NONE',  ( 0.0000000000000000000, 0.0000000000000000000, 75.00000000000001421 ) ) ;
#3567 = ORIENTED_EDGE ( 'NONE', *, *, #2259, .F. ) ;
#3568 = ORIENTED_EDGE ( 'NONE', *, *, #405, .F. ) ;
#3569 = CIRCLE ( 'NONE', #1975, 3.500000000000003109 ) ;
#3570 = AXIS2_PLACEMENT_3D ( 'NONE', #2547, #1110, #1693 ) ;
#3571 = DIRECTION ( 'NONE',  ( 1.520853458390625560E-16, 1.000000000000000000, 0.0000000000000000000 ) ) ;
#3572 = ORIENTED_EDGE ( 'NONE', *, *, #1083, .F. ) ;
#3573 = EDGE_CURVE ( 'NONE', #920, #1389, #842, .T. ) ;
#3574 = CARTESIAN_POINT ( 'NONE',  ( 0.0000000000000000000, 15.00000000000000000, -142.5000000000000568 ) ) ;
#3575 = DIRECTION ( 'NONE',  ( -1.000000000000000000, -0.0000000000000000000, -0.0000000000000000000 ) ) ;
#3576 = DIRECTION ( 'NONE',  ( -0.0000000000000000000, 1.000000000000000000, -0.0000000000000000000 ) ) ;
#3577 = CARTESIAN_POINT ( 'NONE',  ( 125.0000000000000568, 400.0000000000000000, -114.9999999999999858 ) ) ;
#3578 = ORIENTED_EDGE ( 'NONE', *, *, #552, .T. ) ;
#3579 = CARTESIAN_POINT ( 'NONE',  ( 90.00000000000000000, 400.0000000000000000, -84.90000000000000568 ) ) ;
#3580 = ADVANCED_FACE ( 'NONE', ( #1128 ), #3420, .F. ) ;
#3581 = STYLED_ITEM ( 'NONE', ( #3162 ), #3019 ) ;
#3582 = SURFACE_SIDE_STYLE ('',( #2158 ) ) ;
#3583 = CARTESIAN_POINT ( 'NONE',  ( -90.00000000000000000, 400.0000000000000000, 90.00000000000000000 ) ) ;
#3584 = EDGE_CURVE ( 'NONE', #813, #2027, #328, .T. ) ;
#3585 = ORIENTED_EDGE ( 'NONE', *, *, #752, .F. ) ;
#3586 = CARTESIAN_POINT ( 'NONE',  ( 69.99999999999997158, 14.99999999999998934, -89.99999999999998579 ) ) ;
#3587 = CARTESIAN_POINT ( 'NONE',  ( 0.0000000000000000000, 15.00000000000000000, 0.0000000000000000000 ) ) ;
#3588 = EDGE_LOOP ( 'NONE', ( #804, #138, #3245, #3761 ) ) ;
#3589 = PLANE ( 'NONE',  #604 ) ;
#3590 = VERTEX_POINT ( 'NONE', #2436 ) ;
#3591 = DIRECTION ( 'NONE',  ( -0.7071067811865483499, 0.0000000000000000000, -0.7071067811865465735 ) ) ;
#3592 = DIRECTION ( 'NONE',  ( -1.000000000000000000, -0.0000000000000000000, -0.0000000000000000000 ) ) ;
#3593 = AXIS2_PLACEMENT_3D ( 'NONE', #2082, #594, #2991 ) ;
#3594 =( NAMED_UNIT ( * ) PLANE_ANGLE_UNIT ( ) SI_UNIT ( $, .RADIAN. ) );
#3595 = CARTESIAN_POINT ( 'NONE',  ( -124.9999999999999432, 400.0000000000000000, 115.0000000000000426 ) ) ;
#3596 =( LENGTH_UNIT ( ) NAMED_UNIT ( * ) SI_UNIT ( .MILLI., .METRE. ) );
#3597 = FACE_OUTER_BOUND ( 'NONE', #1498, .T. ) ;
#3598 = CIRCLE ( 'NONE', #2135, 5.099999999999993427 ) ;
#3599 = DIRECTION ( 'NONE',  ( 0.0000000000000000000, 0.0000000000000000000, 1.000000000000000000 ) ) ;
#3600 = ADVANCED_FACE ( 'NONE', ( #1808 ), #3603, .F. ) ;
#3601 = DIRECTION ( 'NONE',  ( -0.0000000000000000000, 1.000000000000000000, -0.0000000000000000000 ) ) ;
#3602 = LINE ( 'NONE', #2999, #425 ) ;
#3603 = CYLINDRICAL_SURFACE ( 'NONE', #477, 62.50000000000000000 ) ;
#3604 = EDGE_CURVE ( 'NONE', #873, #2330, #1045, .T. ) ;
#3605 = CARTESIAN_POINT ( 'NONE',  ( 90.00000000000000000, 380.0000000000000000, -84.90000000000000568 ) ) ;
#3606 = CARTESIAN_POINT ( 'NONE',  ( 125.0000000000000000, 15.00000000000000000, -30.00000000000000000 ) ) ;
#3607 = ORIENTED_EDGE ( 'NONE', *, *, #1834, .T. ) ;
#3608 = VERTEX_POINT ( 'NONE', #346 ) ;
#3609 = CIRCLE ( 'NONE', #364, 7.500000000000007105 ) ;
#3610 = EDGE_LOOP ( 'NONE', ( #3147, #334, #2519, #207 ) ) ;
#3611 = ORIENTED_EDGE ( 'NONE', *, *, #3604, .F. ) ;
#3612 = EDGE_CURVE ( 'NONE', #71, #475, #1222, .T. ) ;
#3613 = VERTEX_POINT ( 'NONE', #1243 ) ;
#3614 = VECTOR ( 'NONE', #1018, 1000.000000000000114 ) ;
#3615 = DIRECTION ( 'NONE',  ( 0.0000000000000000000, 0.0000000000000000000, 1.000000000000000000 ) ) ;
#3616 = AXIS2_PLACEMENT_3D ( 'NONE', #1925, #2236, #3474 ) ;
#3617 = ORIENTED_EDGE ( 'NONE', *, *, #3015, .T. ) ;
#3618 = VERTEX_POINT ( 'NONE', #3343 ) ;
#3619 = DIRECTION ( 'NONE',  ( 0.7071067811865484609, -0.0000000000000000000, 0.7071067811865465735 ) ) ;
#3620 = AXIS2_PLACEMENT_3D ( 'NONE', #1362, #1897, #1639 ) ;
#3621 = ORIENTED_EDGE ( 'NONE', *, *, #2809, .F. ) ;
#3622 = DIRECTION ( 'NONE',  ( 0.0000000000000000000, 1.000000000000000000, 0.0000000000000000000 ) ) ;
#3623 = CARTESIAN_POINT ( 'NONE',  ( -89.99999999999998579, 315.0000000000000000, 42.49999999999999289 ) ) ;
#3624 = ADVANCED_FACE ( 'NONE', ( #1912 ), #1315, .F. ) ;
#3625 = AXIS2_PLACEMENT_3D ( 'NONE', #1286, #2449, #1865 ) ;
#3626 = SURFACE_SIDE_STYLE ('',( #1224 ) ) ;
#3627 = ORIENTED_EDGE ( 'NONE', *, *, #1204, .F. ) ;
#3628 = ADVANCED_FACE ( 'NONE', ( #510 ), #1335, .F. ) ;
#3629 = EDGE_CURVE ( 'NONE', #3258, #1796, #426, .T. ) ;
#3630 = FACE_OUTER_BOUND ( 'NONE', #2472, .T. ) ;
#3631 = CARTESIAN_POINT ( 'NONE',  ( -70.00000000000000000, 399.5000000000000000, 95.00000000000000000 ) ) ;
#3632 = DIRECTION ( 'NONE',  ( 8.659560562354932858E-17, 0.7071067811865474617, -0.7071067811865474617 ) ) ;
#3633 =( NAMED_UNIT ( * ) PLANE_ANGLE_UNIT ( ) SI_UNIT ( $, .RADIAN. ) );
#3634 = DIRECTION ( 'NONE',  ( 0.0000000000000000000, 0.0000000000000000000, 1.000000000000000000 ) ) ;
#3635 = ORIENTED_EDGE ( 'NONE', *, *, #453, .T. ) ;
#3636 = EDGE_CURVE ( 'NONE', #2419, #1355, #2599, .T. ) ;
#3637 = AXIS2_PLACEMENT_3D ( 'NONE', #2126, #2703, #2410 ) ;
#3638 =( REPRESENTATION_RELATIONSHIP ('NONE','NONE', #3133, #506 ) REPRESENTATION_RELATIONSHIP_WITH_TRANSFORMATION ( #3234 )SHAPE_REPRESENTATION_RELATIONSHIP( ) );
#3639 = ORIENTED_EDGE ( 'NONE', *, *, #2047, .T. ) ;
#3640 = EDGE_CURVE ( 'NONE', #1793, #591, #3506, .T. ) ;
#3641 = EDGE_LOOP ( 'NONE', ( #3237, #1694, #240, #923 ) ) ;
#3642 = VERTEX_POINT ( 'NONE', #698 ) ;
#3643 = VERTEX_POINT ( 'NONE', #2788 ) ;
#3644 = FACE_BOUND ( 'NONE', #1769, .T. ) ;
#3645 = CARTESIAN_POINT ( 'NONE',  ( 294.9999999999999432, 15.00000000000000000, 5.000000000000060396 ) ) ;
#3646 = LINE ( 'NONE', #2942, #793 ) ;
#3647 = AXIS2_PLACEMENT_3D ( 'NONE', #2201, #1885, #404 ) ;
#3648 = VECTOR ( 'NONE', #3194, 1000.000000000000000 ) ;
#3649 = DIRECTION ( 'NONE',  ( -0.0000000000000000000, -1.000000000000000000, -0.0000000000000000000 ) ) ;
#3650 = LINE ( 'NONE', #439, #1267 ) ;
#3651 = CARTESIAN_POINT ( 'NONE',  ( 70.00000000000000000, 399.5000000000000000, -95.00000000000000000 ) ) ;
#3652 = SHAPE_REPRESENTATION_RELATIONSHIP ( 'NONE' , 'NONE' ,  #506, #1855 ) ;
#3653 = ORIENTED_EDGE ( 'NONE', *, *, #3657, .F. ) ;
#3654 = EDGE_LOOP ( 'NONE', ( #1136, #1189, #1666, #1067 ) ) ;
#3655 = ORIENTED_EDGE ( 'NONE', *, *, #3443, .F. ) ;
#3656 = FILL_AREA_STYLE_COLOUR ( '', #2944 ) ;
#3657 = EDGE_CURVE ( 'NONE', #2173, #3362, #2008, .T. ) ;
#3658 = FACE_OUTER_BOUND ( 'NONE', #607, .T. ) ;
#3659 = CIRCLE ( 'NONE', #308, 3.400000000000014122 ) ;
#3660 = DIRECTION ( 'NONE',  ( -0.0000000000000000000, 1.000000000000000000, -0.0000000000000000000 ) ) ;
#3661 = SURFACE_STYLE_USAGE ( .BOTH. , #351 ) ;
#3662 = DIRECTION ( 'NONE',  ( 1.000000000000000000, -1.486905836551548832E-16, -9.912705577010325549E-17 ) ) ;
#3663 = ORIENTED_EDGE ( 'NONE', *, *, #1378, .T. ) ;
#3664 = FACE_BOUND ( 'NONE', #1372, .T. ) ;
#3665 = LINE ( 'NONE', #1193, #3433 ) ;
#3666 = APPLICATION_CONTEXT ( 'automotive_design' ) ;
#3667 = DIRECTION ( 'NONE',  ( 0.0000000000000000000, 0.0000000000000000000, 1.000000000000000000 ) ) ;
#3668 = EDGE_LOOP ( 'NONE', ( #152, #802, #65, #3386 ) ) ;
#3669 = EDGE_CURVE ( 'NONE', #573, #3710, #2710, .T. ) ;
#3670 = DIRECTION ( 'NONE',  ( 0.0000000000000000000, 0.0000000000000000000, 1.000000000000000000 ) ) ;
#3671 = ORIENTED_EDGE ( 'NONE', *, *, #2441, .T. ) ;
#3672 = CARTESIAN_POINT ( 'NONE',  ( 124.9999999999999716, 15.00000000000000000, 4.938795603462354205E-17 ) ) ;
#3673 = AXIS2_PLACEMENT_3D ( 'NONE', #3251, #878, #2452 ) ;
#3674 =( GEOMETRIC_REPRESENTATION_CONTEXT ( 3 ) GLOBAL_UNCERTAINTY_ASSIGNED_CONTEXT ( ( #3782 ) ) GLOBAL_UNIT_ASSIGNED_CONTEXT ( ( #2465, #1272, #686 ) ) REPRESENTATION_CONTEXT ( 'NONE', 'WORKASPACE' ) );
#3675 = AXIS2_PLACEMENT_3D ( 'NONE', #3834, #1679, #3776 ) ;
#3676 = VERTEX_POINT ( 'NONE', #125 ) ;
#3677 = CARTESIAN_POINT ( 'NONE',  ( -70.00000000000000000, 400.0000000000000000, 98.00000000000000000 ) ) ;
#3678 = ADVANCED_FACE ( 'NONE', ( #1276 ), #611, .T. ) ;
#3679 = DIRECTION ( 'NONE',  ( 0.0000000000000000000, 0.0000000000000000000, 1.000000000000000000 ) ) ;
#3680 = DIRECTION ( 'NONE',  ( 0.0000000000000000000, 1.000000000000000000, 0.0000000000000000000 ) ) ;
#3681 = CARTESIAN_POINT ( 'NONE',  ( 124.9999999999999716, 15.00000000000000000, -132.5000000000000000 ) ) ;
#3682 = EDGE_CURVE ( 'NONE', #2587, #1135, #287, .T. ) ;
#3683 = VERTEX_POINT ( 'NONE', #2494 ) ;
#3684 = CARTESIAN_POINT ( 'NONE',  ( -124.9999999999999716, 0.0000000000000000000, -125.0000000000000000 ) ) ;
#3685 = DIRECTION ( 'NONE',  ( -0.7071067811865490160, 0.0000000000000000000, 0.7071067811865460184 ) ) ;
#3686 = EDGE_CURVE ( 'NONE', #713, #2217, #3659, .T. ) ;
#3687 = EDGE_LOOP ( 'NONE', ( #3192, #2811 ) ) ;
#3688 = ORIENTED_EDGE ( 'NONE', *, *, #1305, .F. ) ;
#3689 = DIRECTION ( 'NONE',  ( -0.0000000000000000000, 1.000000000000000000, -0.0000000000000000000 ) ) ;
#3690 = CARTESIAN_POINT ( 'NONE',  ( -114.9999999999999432, 400.0000000000000000, 125.0000000000000000 ) ) ;
#3691 = CIRCLE ( 'NONE', #213, 5.099999999999993427 ) ;
#3692 = AXIS2_PLACEMENT_3D ( 'NONE', #1480, #3601, #2078 ) ;
#3693 = VERTEX_POINT ( 'NONE', #409 ) ;
#3694 = FACE_OUTER_BOUND ( 'NONE', #1961, .T. ) ;
#3695 = PLANE ( 'NONE',  #1107 ) ;
#3696 = CARTESIAN_POINT ( 'NONE',  ( 124.9999999999999716, 15.00000000000000000, -4.499999999999990230 ) ) ;
#3697 = AXIS2_PLACEMENT_3D ( 'NONE', #580, #606, #3313 ) ;
#3698 = CIRCLE ( 'NONE', #665, 7.500000000000007105 ) ;
#3699 = ORIENTED_EDGE ( 'NONE', *, *, #1154, .F. ) ;
#3700 = ORIENTED_EDGE ( 'NONE', *, *, #5, .F. ) ;
#3701 = DIRECTION ( 'NONE',  ( 0.7071067811865484609, -0.0000000000000000000, -0.7071067811865465735 ) ) ;
#3702 = LINE ( 'NONE', #1015, #2104 ) ;
#3703 = VECTOR ( 'NONE', #1799, 1000.000000000000000 ) ;
#3704 = EDGE_CURVE ( 'NONE', #1552, #21, #1964, .T. ) ;
#3705 = ORIENTED_EDGE ( 'NONE', *, *, #2024, .F. ) ;
#3706 = ADVANCED_FACE ( 'NONE', ( #3793 ), #2815, .F. ) ;
#3707 = VERTEX_POINT ( 'NONE', #2315 ) ;
#3708 = LINE ( 'NONE', #3741, #2902 ) ;
#3709 = EDGE_LOOP ( 'NONE', ( #3214, #2726, #707, #671 ) ) ;
#3710 = VERTEX_POINT ( 'NONE', #3541 ) ;
#3711 = PLANE ( 'NONE',  #3770 ) ;
#3712 = EDGE_CURVE ( 'NONE', #955, #2907, #19, .T. ) ;
#3713 = CIRCLE ( 'NONE', #2169, 4.500000000000003553 ) ;
#3714 = DIRECTION ( 'NONE',  ( 1.000000000000000000, -1.520853458390625560E-16, 0.0000000000000000000 ) ) ;
#3715 = FACE_OUTER_BOUND ( 'NONE', #2329, .T. ) ;
#3716 = AXIS2_PLACEMENT_3D ( 'NONE', #1864, #3660, #103 ) ;
#3717 = CARTESIAN_POINT ( 'NONE',  ( -69.99999999999998579, 380.0000000000000000, -89.99999999999997158 ) ) ;
#3718 = ORIENTED_EDGE ( 'NONE', *, *, #258, .T. ) ;
#3719 = EDGE_CURVE ( 'NONE', #2907, #1389, #1051, .T. ) ;
#3720 = DIRECTION ( 'NONE',  ( -0.0000000000000000000, 1.000000000000000000, -0.0000000000000000000 ) ) ;
#3721 = FILL_AREA_STYLE ('',( #1034 ) ) ;
#3722 = AXIS2_PLACEMENT_3D ( 'NONE', #730, #1633, #2222 ) ;
#3723 = EDGE_LOOP ( 'NONE', ( #951, #2580, #627, #2667, #1240, #3705, #2373, #3374, #2783, #3487, #2253, #3493, #496, #197, #1087, #291, #3553, #2140, #1416, #366 ) ) ;
#3724 = AXIS2_PLACEMENT_3D ( 'NONE', #1940, #170, #481 ) ;
#3725 = CARTESIAN_POINT ( 'NONE',  ( 149.9999999999999716, 15.00000000000000000, -150.0000000000000000 ) ) ;
#3726 =( LENGTH_UNIT ( ) NAMED_UNIT ( * ) SI_UNIT ( .MILLI., .METRE. ) );
#3727 = CARTESIAN_POINT ( 'NONE',  ( 69.99999999999997158, 380.0000000000000000, -69.99999999999998579 ) ) ;
#3728 = CARTESIAN_POINT ( 'NONE',  ( -90.00000000000000000, 380.0000000000000000, -95.09999999999999432 ) ) ;
#3729 = DIRECTION ( 'NONE',  ( 7.401486830834376525E-17, 1.000000000000000000, 0.0000000000000000000 ) ) ;
#3730 = DIRECTION ( 'NONE',  ( -0.0000000000000000000, 1.000000000000000000, -0.0000000000000000000 ) ) ;
#3731 = VERTEX_POINT ( 'NONE', #1691 ) ;
#3732 = CARTESIAN_POINT ( 'NONE',  ( 70.00000000000001421, 380.0000000000000000, 89.99999999999997158 ) ) ;
#3733 = ORIENTED_EDGE ( 'NONE', *, *, #2100, .F. ) ;
#3734 = EDGE_CURVE ( 'NONE', #2041, #1236, #2282, .T. ) ;
#3735 = FILL_AREA_STYLE_COLOUR ( '', #112 ) ;
#3736 = VERTEX_POINT ( 'NONE', #2341 ) ;
#3737 = SURFACE_STYLE_FILL_AREA ( #2141 ) ;
#3738 = EDGE_CURVE ( 'NONE', #2086, #3053, #3326, .T. ) ;
#3739 = LINE ( 'NONE', #2655, #2849 ) ;
#3740 = CARTESIAN_POINT ( 'NONE',  ( -80.00000000000001421, 315.0000000000000000, 45.00000000000000000 ) ) ;
#3741 = CARTESIAN_POINT ( 'NONE',  ( 115.0000000000000568, 380.0000000000000000, 125.0000000000000000 ) ) ;
#3742 = DIRECTION ( 'NONE',  ( -0.0000000000000000000, 1.000000000000000000, -0.0000000000000000000 ) ) ;
#3743 = PRESENTATION_STYLE_ASSIGNMENT (( #2272 ) ) ;
#3744 = VECTOR ( 'NONE', #998, 1000.000000000000000 ) ;
#3745 = EDGE_CURVE ( 'NONE', #1202, #3613, #3189, .T. ) ;
#3746 = VECTOR ( 'NONE', #408, 1000.000000000000000 ) ;
#3747 = CIRCLE ( 'NONE', #3561, 2.500000000000002220 ) ;
#3748 = SURFACE_SIDE_STYLE ('',( #3186 ) ) ;
#3749 = VERTEX_POINT ( 'NONE', #3806 ) ;
#3750 = ORIENTED_EDGE ( 'NONE', *, *, #2391, .T. ) ;
#3751 = ORIENTED_EDGE ( 'NONE', *, *, #3686, .F. ) ;
#3752 = LINE ( 'NONE', #2689, #1406 ) ;
#3753 = DIRECTION ( 'NONE',  ( 0.0000000000000000000, 0.0000000000000000000, 1.000000000000000000 ) ) ;
#3754 = CARTESIAN_POINT ( 'NONE',  ( -124.9999999999999432, 400.0000000000000000, 115.0000000000000426 ) ) ;
#3755 = ORIENTED_EDGE ( 'NONE', *, *, #1745, .F. ) ;
#3756 = DIRECTION ( 'NONE',  ( 0.0000000000000000000, 0.0000000000000000000, 1.000000000000000000 ) ) ;
#3757 = ORIENTED_EDGE ( 'NONE', *, *, #2961, .F. ) ;
#3758 = FACE_OUTER_BOUND ( 'NONE', #3306, .T. ) ;
#3759 = EDGE_CURVE ( 'NONE', #3112, #960, #1180, .T. ) ;
#3760 = VECTOR ( 'NONE', #2623, 1000.000000000000000 ) ;
#3761 = ORIENTED_EDGE ( 'NONE', *, *, #1226, .T. ) ;
#3762 = EDGE_LOOP ( 'NONE', ( #3138, #1725, #3795, #3578 ) ) ;
#3763 = FACE_BOUND ( 'NONE', #312, .T. ) ;
#3764 = EDGE_CURVE ( 'NONE', #1197, #1135, #3101, .T. ) ;
#3765 = AXIS2_PLACEMENT_3D ( 'NONE', #3029, #2717, #1252 ) ;
#3766 = EDGE_LOOP ( 'NONE', ( #1820, #2755, #2778, #3208 ) ) ;
#3767 = CARTESIAN_POINT ( 'NONE',  ( 90.00000000000000000, 400.0000000000000000, 90.00000000000000000 ) ) ;
#3768 = DIRECTION ( 'NONE',  ( -0.0000000000000000000, 1.000000000000000000, -0.0000000000000000000 ) ) ;
#3769 = DIRECTION ( 'NONE',  ( -1.000000000000000000, 0.0000000000000000000, 6.033820786006285224E-17 ) ) ;
#3770 = AXIS2_PLACEMENT_3D ( 'NONE', #3449, #1023, #3124 ) ;
#3771 = CARTESIAN_POINT ( 'NONE',  ( -124.9999999999999716, 15.00000000000000000, 125.0000000000000000 ) ) ;
#3772 = DIRECTION ( 'NONE',  ( -1.000000000000000000, 0.0000000000000000000, 0.0000000000000000000 ) ) ;
#3773 = VERTEX_POINT ( 'NONE', #2075 ) ;
#3774 = VECTOR ( 'NONE', #465, 1000.000000000000114 ) ;
#3775 = EDGE_CURVE ( 'NONE', #3057, #3683, #2657, .T. ) ;
#3776 = DIRECTION ( 'NONE',  ( -1.000000000000000000, 1.734723475976806848E-16, 0.0000000000000000000 ) ) ;
#3777 = AXIS2_PLACEMENT_3D ( 'NONE', #2031, #570, #1528 ) ;
#3778 = CYLINDRICAL_SURFACE ( 'NONE', #329, 62.50000000000000000 ) ;
#3779 = DIRECTION ( 'NONE',  ( 1.000000000000000000, -1.520853458390625560E-16, 0.0000000000000000000 ) ) ;
#3780 = EDGE_CURVE ( 'NONE', #1814, #2266, #1863, .T. ) ;
#3781 = CIRCLE ( 'NONE', #2349, 7.499999999999992895 ) ;
#3782 = UNCERTAINTY_MEASURE_WITH_UNIT (LENGTH_MEASURE( 1.000000000000000082E-05 ), #2465, 'distance_accuracy_value', 'NONE');
#3783 = DIRECTION ( 'NONE',  ( -1.520853458390625560E-16, -1.000000000000000000, -0.0000000000000000000 ) ) ;
#3785 = FACE_OUTER_BOUND ( 'NONE', #3799, .T. ) ;
#3784 = CARTESIAN_POINT ( 'NONE',  ( -90.00000000000000000, 380.0000000000000000, 95.09999999999999432 ) ) ;
#3786 = CARTESIAN_POINT ( 'NONE',  ( -124.9999999999999716, 15.00000000000000000, 26.59999999999999787 ) ) ;
#3787 = DIRECTION ( 'NONE',  ( 0.0000000000000000000, 0.0000000000000000000, -1.000000000000000000 ) ) ;
#3788 = AXIS2_PLACEMENT_3D ( 'NONE', #367, #919, #3039 ) ;
#3789 = CYLINDRICAL_SURFACE ( 'NONE', #2446, 7.499999999999992895 ) ;
#3790 = AXIS2_PLACEMENT_3D ( 'NONE', #1626, #129, #2501 ) ;
#3791 = CARTESIAN_POINT ( 'NONE',  ( -89.99999999999998579, 355.0000000000000000, 45.00000000000000000 ) ) ;
#3792 = VECTOR ( 'NONE', #3508, 1000.000000000000000 ) ;
#3793 = FACE_OUTER_BOUND ( 'NONE', #2950, .T. ) ;
#3794 = ORIENTED_EDGE ( 'NONE', *, *, #1787, .F. ) ;
#3795 = ORIENTED_EDGE ( 'NONE', *, *, #2488, .T. ) ;
#3796 = ORIENTED_EDGE ( 'NONE', *, *, #3136, .F. ) ;
#3797 = CIRCLE ( 'NONE', #2915, 7.500000000000007105 ) ;
#3798 = CARTESIAN_POINT ( 'NONE',  ( -30.00000000000000000, 15.00000000000000000, -121.5999999999999943 ) ) ;
#3799 = EDGE_LOOP ( 'NONE', ( #1208, #1535, #3808, #899 ) ) ;
#3800 = ORIENTED_EDGE ( 'NONE', *, *, #3612, .T. ) ;
#3801 = PRESENTATION_STYLE_ASSIGNMENT (( #2364 ) ) ;
#3802 = CIRCLE ( 'NONE', #2216, 5.099999999999993427 ) ;
#3803 = CARTESIAN_POINT ( 'NONE',  ( -1.419341474236166827E-16, 0.0000000000000000000, 129.5000000000000284 ) ) ;
#3804 = DIRECTION ( 'NONE',  ( -0.0000000000000000000, 1.000000000000000000, -0.0000000000000000000 ) ) ;
#3805 = DIRECTION ( 'NONE',  ( 1.000000000000000000, -1.486905836551550065E-16, -9.912705577010332945E-17 ) ) ;
#3806 = CARTESIAN_POINT ( 'NONE',  ( 124.9999999999999716, 15.00000000000000000, 117.5000000000000000 ) ) ;
#3807 = COLOUR_RGB ( '',1.000000000000000000, 1.000000000000000000, 1.000000000000000000 ) ;
#3808 = ORIENTED_EDGE ( 'NONE', *, *, #3387, .F. ) ;
#3809 = ADVANCED_FACE ( 'NONE', ( #1503 ), #3469, .F. ) ;
#3810 = EDGE_CURVE ( 'NONE', #2242, #454, #1916, .T. ) ;
#3811 = DIRECTION ( 'NONE',  ( 0.0000000000000000000, 0.0000000000000000000, 1.000000000000000000 ) ) ;
#3812 = AXIS2_PLACEMENT_3D ( 'NONE', #2264, #822, #3507 ) ;
#3813 = ORIENTED_EDGE ( 'NONE', *, *, #3504, .T. ) ;
#3814 = DIRECTION ( 'NONE',  ( 0.0000000000000000000, 0.0000000000000000000, 1.000000000000000000 ) ) ;
#3815 = CARTESIAN_POINT ( 'NONE',  ( 150.0000000000000000, -0.0009999999999992653654, 7.500000000000524025 ) ) ;
#3816 = DIRECTION ( 'NONE',  ( 0.0000000000000000000, 0.0000000000000000000, 1.000000000000000000 ) ) ;
#3817 = AXIS2_PLACEMENT_3D ( 'NONE', #3250, #522, #2595 ) ;
#3818 = DIRECTION ( 'NONE',  ( 0.0000000000000000000, 1.000000000000000000, 0.0000000000000000000 ) ) ;
#3819 = CARTESIAN_POINT ( 'NONE',  ( -142.5000000000000568, 15.00000000000000000, -1.492608272355440021E-12 ) ) ;
#3820 = EDGE_LOOP ( 'NONE', ( #853, #3108, #444, #77 ) ) ;
#3821 = DIRECTION ( 'NONE',  ( -0.0000000000000000000, 1.000000000000000000, -0.0000000000000000000 ) ) ;
#3822 = PRESENTATION_LAYER_ASSIGNMENT (  '', '', ( #1028 ) ) ;
#3823 = VERTEX_POINT ( 'NONE', #2995 ) ;
#3824 = DIRECTION ( 'NONE',  ( -1.000000000000000000, 1.520853458390625560E-16, 0.0000000000000000000 ) ) ;
#3825 = LINE ( 'NONE', #1697, #3451 ) ;
#3826 = VECTOR ( 'NONE', #2215, 1000.000000000000000 ) ;
#3827 = CARTESIAN_POINT ( 'NONE',  ( -114.9999999999999432, 400.0000000000000000, 125.0000000000000000 ) ) ;
#3828 = CARTESIAN_POINT ( 'NONE',  ( 80.00000000000000000, 380.0000000000000000, 69.99999999999997158 ) ) ;
#3829 = CARTESIAN_POINT ( 'NONE',  ( -124.9999999999999716, 15.00000000000000000, 33.39999999999999858 ) ) ;
#3830 = COLOUR_RGB ( '',1.000000000000000000, 1.000000000000000000, 1.000000000000000000 ) ;
#3831 = DIRECTION ( 'NONE',  ( 0.0000000000000000000, 0.0000000000000000000, 1.000000000000000000 ) ) ;
#3832 = LINE ( 'NONE', #451, #3266 ) ;
#3833 = EDGE_CURVE ( 'NONE', #1599, #3193, #999, .T. ) ;
#3834 = CARTESIAN_POINT ( 'NONE',  ( -70.00000000000004263, 15.00000000000001066, -69.99999999999998579 ) ) ;
#3835 = CYLINDRICAL_SURFACE ( 'NONE', #2498, 7.500000000000007105 ) ;
#3836 = LINE ( 'NONE', #3450, #2002 ) ;
#3837 = UNCERTAINTY_MEASURE_WITH_UNIT (LENGTH_MEASURE( 1.000000000000000082E-05 ), #2500, 'distance_accuracy_value', 'NONE');
#3838 = CARTESIAN_POINT ( 'NONE',  ( -70.00000000000004263, 15.00000000000001066, 69.99999999999998579 ) ) ;
#3839 = AXIS2_PLACEMENT_3D ( 'NONE', #3140, #3164, #142 ) ;
#3840 = CIRCLE ( 'NONE', #2647, 3.400000000000000355 ) ;
#3841 = FACE_OUTER_BOUND ( 'NONE', #1060, .T. ) ;
#3842 = COLOUR_RGB ( '',1.000000000000000000, 1.000000000000000000, 1.000000000000000000 ) ;
#3843 = AXIS2_PLACEMENT_3D ( 'NONE', #1527, #1795, #2397 ) ;
#3844 =( LENGTH_UNIT ( ) NAMED_UNIT ( * ) SI_UNIT ( .MILLI., .METRE. ) );
#3845 = VERTEX_POINT ( 'NONE', #324 ) ;
#3846 = ORIENTED_EDGE ( 'NONE', *, *, #3042, .T. ) ;
#3847 = DIRECTION ( 'NONE',  ( -0.0000000000000000000, 1.000000000000000000, -0.0000000000000000000 ) ) ;
#3848 = VERTEX_POINT ( 'NONE', #1525 ) ;
#3849 = CARTESIAN_POINT ( 'NONE',  ( -80.00000000000001421, 380.0000000000000000, 69.99999999999998579 ) ) ;
#3850 = CARTESIAN_POINT ( 'NONE',  ( -149.9999999999999432, 15.00000000000000000, -7.500000000001570299 ) ) ;
#3851 = VERTEX_POINT ( 'NONE', #2363 ) ;
#3852 = AXIS2_PLACEMENT_3D ( 'NONE', #3352, #1841, #2155 ) ;
#3853 = MECHANICAL_DESIGN_GEOMETRIC_PRESENTATION_REPRESENTATION (  '', ( #1907 ), #1753 ) ;
#3854 = ORIENTED_EDGE ( 'NONE', *, *, #258, .F. ) ;
#3855 = PRESENTATION_LAYER_ASSIGNMENT (  '', '', ( #1523 ) ) ;
#3857 = ORIENTED_EDGE ( 'NONE', *, *, #2179, .F. ) ;
#3856 = DIRECTION ( 'NONE',  ( -0.0000000000000000000, 1.000000000000000000, -0.0000000000000000000 ) ) ;
#3858 = CYLINDRICAL_SURFACE ( 'NONE', #3874, 7.500000000000007105 ) ;
#3859 = CONICAL_SURFACE ( 'NONE', #3697, 3.500000000000003109, 0.7853981633974482790 ) ;
#3860 = ORIENTED_EDGE ( 'NONE', *, *, #2615, .T. ) ;
#3861 = ORIENTED_EDGE ( 'NONE', *, *, #424, .F. ) ;
#3862 = DIRECTION ( 'NONE',  ( -0.7071067811865540120, 0.0000000000000000000, 0.7071067811865410224 ) ) ;
#3863 = SURFACE_STYLE_USAGE ( .BOTH. , #3873 ) ;
#3864 = VERTEX_POINT ( 'NONE', #30 ) ;
#3865 = DIRECTION ( 'NONE',  ( 0.0000000000000000000, 0.0000000000000000000, 1.000000000000000000 ) ) ;
#3866 = EDGE_LOOP ( 'NONE', ( #1282, #1408, #479, #1164 ) ) ;
#3867 = DIRECTION ( 'NONE',  ( 0.0000000000000000000, 0.0000000000000000000, 1.000000000000000000 ) ) ;
#3868 = CARTESIAN_POINT ( 'NONE',  ( -70.00000000000004263, 15.00000000000001066, 69.99999999999998579 ) ) ;
#3869 = EDGE_CURVE ( 'NONE', #960, #3559, #1134, .T. ) ;
#3870 =( LENGTH_UNIT ( ) NAMED_UNIT ( * ) SI_UNIT ( .MILLI., .METRE. ) );
#3871 = FILL_AREA_STYLE ('',( #2630 ) ) ;
#3872 = DIRECTION ( 'NONE',  ( -0.0000000000000000000, 1.000000000000000000, -0.0000000000000000000 ) ) ;
#3873 = SURFACE_SIDE_STYLE ('',( #749 ) ) ;
#3874 = AXIS2_PLACEMENT_3D ( 'NONE', #2417, #2442, #1526 ) ;
#3875 = ORIENTED_EDGE ( 'NONE', *, *, #1791, .T. ) ;
#3876 = AXIS2_PLACEMENT_3D ( 'NONE', #3452, #1939, #140 ) ;
#3877 = DIRECTION ( 'NONE',  ( 1.000000000000000000, 0.0000000000000000000, 0.0000000000000000000 ) ) ;
#3878 = SURFACE_SIDE_STYLE ('',( #721 ) ) ;
#3879 = ORIENTED_EDGE ( 'NONE', *, *, #2130, .T. ) ;
#3880 = CIRCLE ( 'NONE', #3876, 3.400000000000014122 ) ;
#3881 = NEXT_ASSEMBLY_USAGE_OCCURRENCE ( 'NAUO1', ' ', ' ', #383, #2294, $ ) ;
ENDSEC;
END-ISO-10303-21;
