ISO-10303-21;
HEADER;
FILE_DESCRIPTION (( 'STEP AP214' ),
    '1' );
FILE_NAME ('4GAA0021201010014X.STEP',
    '2021-02-02T12:07:45',
    ( '' ),
    ( '' ),
    'SwSTEP 2.0',
    'SolidWorks 2018',
    '' );
FILE_SCHEMA (( 'AUTOMOTIVE_DESIGN' ));
ENDSEC;

DATA;
#1 = DIRECTION ( 'NONE',  ( -1.000000000000000000, 0.0000000000000000000, 0.0000000000000000000 ) ) ;
#2 = CARTESIAN_POINT ( 'NONE',  ( 90.00000000000000000, 1355.000000000000227, -42.50000000000004974 ) ) ;
#3 = CARTESIAN_POINT ( 'NONE',  ( 124.9999999999999716, 20.00000000000000000, -125.0000000000000000 ) ) ;
#4 = ORIENTED_EDGE ( 'NONE', *, *, #390, .T. ) ;
#5 = AXIS2_PLACEMENT_3D ( 'NONE', #3469, #280, #4530 ) ;
#6 = EDGE_CURVE ( 'NONE', #2038, #3001, #2390, .T. ) ;
#7 = CARTESIAN_POINT ( 'NONE',  ( -90.00000000000000000, 1400.000000000000227, 95.09999999999999432 ) ) ;
#8 = ORIENTED_EDGE ( 'NONE', *, *, #3941, .T. ) ;
#9 = STYLED_ITEM ( 'NONE', ( #2135 ), #3283 ) ;
#10 = PRESENTATION_STYLE_ASSIGNMENT (( #719 ) ) ;
#11 = DIRECTION ( 'NONE',  ( 0.0000000000000000000, 0.0000000000000000000, -1.000000000000000000 ) ) ;
#12 = CARTESIAN_POINT ( 'NONE',  ( -90.00000000000000000, 20.00000000000000355, -69.99999999999982947 ) ) ;
#13 = ORIENTED_EDGE ( 'NONE', *, *, #983, .F. ) ;
#14 = DIRECTION ( 'NONE',  ( 0.0000000000000000000, 0.0000000000000000000, 1.000000000000000000 ) ) ;
#15 = EDGE_CURVE ( 'NONE', #4499, #1011, #1708, .T. ) ;
#16 = ORIENTED_EDGE ( 'NONE', *, *, #1399, .F. ) ;
#17 = DIRECTION ( 'NONE',  ( -0.0000000000000000000, 1.000000000000000000, -0.0000000000000000000 ) ) ;
#18 = VECTOR ( 'NONE', #222, 1000.000000000000000 ) ;
#19 = VERTEX_POINT ( 'NONE', #2803 ) ;
#20 = CARTESIAN_POINT ( 'NONE',  ( -90.00000000000000000, 1380.000000000000227, 90.00000000000000000 ) ) ;
#21 = AXIS2_PLACEMENT_3D ( 'NONE', #575, #948, #932 ) ;
#22 = LINE ( 'NONE', #3987, #655 ) ;
#23 = ORIENTED_EDGE ( 'NONE', *, *, #46, .F. ) ;
#24 = ADVANCED_FACE ( 'NONE', ( #4555 ), #1643, .F. ) ;
#25 = CARTESIAN_POINT ( 'NONE',  ( 140.0000000000000000, 20.00000000000000000, -150.0000000000000000 ) ) ;
#26 = DIRECTION ( 'NONE',  ( -0.0000000000000000000, 1.000000000000000000, -0.0000000000000000000 ) ) ;
#27 = CIRCLE ( 'NONE', #4578, 3.400000000000000355 ) ;
#28 = AXIS2_PLACEMENT_3D ( 'NONE', #1020, #1711, #262 ) ;
#29 = ORIENTED_EDGE ( 'NONE', *, *, #1715, .T. ) ;
#30 = ORIENTED_EDGE ( 'NONE', *, *, #1760, .T. ) ;
#31 = EDGE_CURVE ( 'NONE', #2122, #58, #1879, .T. ) ;
#32 = VECTOR ( 'NONE', #4497, 1000.000000000000000 ) ;
#33 = CARTESIAN_POINT ( 'NONE',  ( -7.500000000000007105, 20.00000000000001776, -139.9999999999999716 ) ) ;
#34 = CIRCLE ( 'NONE', #240, 7.500000000000007105 ) ;
#35 = EDGE_LOOP ( 'NONE', ( #662, #3920 ) ) ;
#36 = EDGE_LOOP ( 'NONE', ( #3772, #1930, #3520, #2524 ) ) ;
#37 =( LENGTH_UNIT ( ) NAMED_UNIT ( * ) SI_UNIT ( .MILLI., .METRE. ) );
#38 = LINE ( 'NONE', #2250, #3522 ) ;
#39 = CARTESIAN_POINT ( 'NONE',  ( 115.0000000000000711, 1400.000000000000227, 125.0000000000000000 ) ) ;
#40 = VECTOR ( 'NONE', #4628, 1000.000000000000000 ) ;
#41 = PRODUCT_RELATED_PRODUCT_CATEGORY ( 'part', '', ( #1817 ) ) ;
#42 = VERTEX_POINT ( 'NONE', #1359 ) ;
#43 = VECTOR ( 'NONE', #1927, 1000.000000000000000 ) ;
#44 =( REPRESENTATION_RELATIONSHIP ('NONE','NONE', #530, #1847 ) REPRESENTATION_RELATIONSHIP_WITH_TRANSFORMATION ( #865 )SHAPE_REPRESENTATION_RELATIONSHIP( ) );
#45 = CARTESIAN_POINT ( 'NONE',  ( 30.00000000000001421, 20.00000000000000000, 121.5999999999999943 ) ) ;
#46 = EDGE_CURVE ( 'NONE', #3449, #758, #511, .T. ) ;
#47 = EDGE_LOOP ( 'NONE', ( #4405, #3540 ) ) ;
#48 = VECTOR ( 'NONE', #1474, 1000.000000000000227 ) ;
#49 = DIRECTION ( 'NONE',  ( -0.0000000000000000000, -1.000000000000000000, -0.0000000000000000000 ) ) ;
#50 = ADVANCED_FACE ( 'NONE', ( #626 ), #4495, .F. ) ;
#51 = FILL_AREA_STYLE ('',( #4619 ) ) ;
#52 = UNCERTAINTY_MEASURE_WITH_UNIT (LENGTH_MEASURE( 1.000000000000000082E-05 ), #4018, 'distance_accuracy_value', 'NONE');
#53 = EDGE_CURVE ( 'NONE', #2060, #4092, #2445, .T. ) ;
#54 = DIRECTION ( 'NONE',  ( 0.0000000000000000000, 1.000000000000000000, 0.0000000000000000000 ) ) ;
#55 = ORIENTED_EDGE ( 'NONE', *, *, #3177, .T. ) ;
#56 = DIRECTION ( 'NONE',  ( 0.0000000000000000000, 1.000000000000000000, 0.0000000000000000000 ) ) ;
#57 = STYLED_ITEM ( 'NONE', ( #1920 ), #1878 ) ;
#58 = VERTEX_POINT ( 'NONE', #1370 ) ;
#59 = DIRECTION ( 'NONE',  ( 0.0000000000000000000, 0.0000000000000000000, 1.000000000000000000 ) ) ;
#60 = SURFACE_STYLE_USAGE ( .BOTH. , #2558 ) ;
#61 = FACE_OUTER_BOUND ( 'NONE', #2335, .T. ) ;
#62 = EDGE_LOOP ( 'NONE', ( #1305, #921 ) ) ;
#63 = AXIS2_PLACEMENT_3D ( 'NONE', #634, #2076, #3151 ) ;
#64 = EDGE_LOOP ( 'NONE', ( #784, #3831, #1571, #4074, #1917, #2460, #608, #4121, #3047, #4378, #887, #1252, #1663, #119, #2983, #370, #2323, #3514, #491, #2530 ) ) ;
#65 = CARTESIAN_POINT ( 'NONE',  ( -7.500000000000000000, 20.00000000000003197, -89.99999999999998579 ) ) ;
#66 = LINE ( 'NONE', #2692, #3668 ) ;
#67 = VERTEX_POINT ( 'NONE', #1316 ) ;
#68 = PRESENTATION_LAYER_ASSIGNMENT (  '', '', ( #4274 ) ) ;
#69 = VECTOR ( 'NONE', #2631, 1000.000000000000114 ) ;
#70 = LINE ( 'NONE', #950, #207 ) ;
#71 = ADVANCED_FACE ( 'NONE', ( #1424 ), #4615, .F. ) ;
#72 = EDGE_CURVE ( 'NONE', #2185, #4480, #2817, .T. ) ;
#73 = SURFACE_SIDE_STYLE ('',( #631 ) ) ;
#74 =( LENGTH_UNIT ( ) NAMED_UNIT ( * ) SI_UNIT ( .MILLI., .METRE. ) );
#75 = VERTEX_POINT ( 'NONE', #4650 ) ;
#76 = EDGE_CURVE ( 'NONE', #317, #2000, #681, .T. ) ;
#77 = DIRECTION ( 'NONE',  ( -0.0000000000000000000, 1.000000000000000000, -0.0000000000000000000 ) ) ;
#78 = CARTESIAN_POINT ( 'NONE',  ( 30.00000000000001421, 0.0000000000000000000, 125.0000000000000000 ) ) ;
#79 = EDGE_LOOP ( 'NONE', ( #241, #2785 ) ) ;
#80 = DIRECTION ( 'NONE',  ( -7.401486830834376525E-17, -1.000000000000000000, -0.0000000000000000000 ) ) ;
#81 = CYLINDRICAL_SURFACE ( 'NONE', #3422, 3.399999999999986144 ) ;
#82 = DIRECTION ( 'NONE',  ( 1.000000000000000000, 0.0000000000000000000, -1.850371707708594316E-16 ) ) ;
#83 = DIRECTION ( 'NONE',  ( 1.982541115402068561E-16, -2.643730416807479290E-35, 1.000000000000000000 ) ) ;
#84 = ORIENTED_EDGE ( 'NONE', *, *, #2443, .F. ) ;
#85 = AXIS2_PLACEMENT_3D ( 'NONE', #277, #3170, #1344 ) ;
#86 = CARTESIAN_POINT ( 'NONE',  ( 70.00000000000000000, 1400.000000000000227, -98.50000000000000000 ) ) ;
#87 = CYLINDRICAL_SURFACE ( 'NONE', #3672, 3.000000000000002665 ) ;
#88 = DIRECTION ( 'NONE',  ( 0.0000000000000000000, 0.0000000000000000000, 1.000000000000000000 ) ) ;
#89 = ORIENTED_EDGE ( 'NONE', *, *, #1730, .F. ) ;
#90 = PLANE ( 'NONE',  #2387 ) ;
#91 = ORIENTED_EDGE ( 'NONE', *, *, #2246, .T. ) ;
#92 = VECTOR ( 'NONE', #594, 1000.000000000000000 ) ;
#93 =( GEOMETRIC_REPRESENTATION_CONTEXT ( 3 ) GLOBAL_UNCERTAINTY_ASSIGNED_CONTEXT ( ( #964 ) ) GLOBAL_UNIT_ASSIGNED_CONTEXT ( ( #2408, #3455, #2052 ) ) REPRESENTATION_CONTEXT ( 'NONE', 'WORKASPACE' ) );
#94 = VECTOR ( 'NONE', #3731, 1000.000000000000000 ) ;
#95 = EDGE_CURVE ( 'NONE', #3499, #4533, #4383, .T. ) ;
#96 = VERTEX_POINT ( 'NONE', #4251 ) ;
#97 = CARTESIAN_POINT ( 'NONE',  ( 124.9999999999999716, 0.0000000000000000000, 34.49999999999998579 ) ) ;
#98 = ADVANCED_FACE ( 'NONE', ( #4278 ), #3553, .F. ) ;
#99 = ORIENTED_EDGE ( 'NONE', *, *, #3624, .T. ) ;
#100 = CARTESIAN_POINT ( 'NONE',  ( 140.0000000000000000, 20.00000000000001776, 7.499999999999985789 ) ) ;
#101 = CARTESIAN_POINT ( 'NONE',  ( -124.9999999999999432, 1400.000000000000227, 115.0000000000000426 ) ) ;
#102 = FACE_OUTER_BOUND ( 'NONE', #2128, .T. ) ;
#103 = CARTESIAN_POINT ( 'NONE',  ( 150.0000000000000284, 0.0000000000000000000, 139.9999999999999716 ) ) ;
#104 = ORIENTED_EDGE ( 'NONE', *, *, #2769, .T. ) ;
#105 = VECTOR ( 'NONE', #2303, 1000.000000000000000 ) ;
#106 = DIRECTION ( 'NONE',  ( -7.395570986446985676E-32, 1.653254120790692886E-33, 1.000000000000000000 ) ) ;
#107 = APPLICATION_PROTOCOL_DEFINITION ( 'draft international standard', 'automotive_design', 1998, #2619 ) ;
#108 = DIRECTION ( 'NONE',  ( 0.0000000000000000000, 0.0000000000000000000, 1.000000000000000000 ) ) ;
#109 = EDGE_CURVE ( 'NONE', #1013, #4645, #908, .T. ) ;
#110 = ORIENTED_EDGE ( 'NONE', *, *, #1745, .T. ) ;
#111 = UNCERTAINTY_MEASURE_WITH_UNIT (LENGTH_MEASURE( 1.000000000000000082E-05 ), #1509, 'distance_accuracy_value', 'NONE');
#112 = DIRECTION ( 'NONE',  ( -1.000000000000000000, -2.696301922142130194E-33, 1.982541115402069054E-16 ) ) ;
#113 = FILL_AREA_STYLE_COLOUR ( '', #2014 ) ;
#114 = VERTEX_POINT ( 'NONE', #3202 ) ;
#115 = AXIS2_PLACEMENT_3D ( 'NONE', #3523, #1096, #3536 ) ;
#116 = CARTESIAN_POINT ( 'NONE',  ( -90.00000000000000000, 220.0000000000000284, 7.500000000000013323 ) ) ;
#117 = LINE ( 'NONE', #25, #3054 ) ;
#118 = FILL_AREA_STYLE ('',( #3705 ) ) ;
#119 = ORIENTED_EDGE ( 'NONE', *, *, #595, .F. ) ;
#120 = DIRECTION ( 'NONE',  ( 1.020425574104005602E-16, 0.0000000000000000000, 1.000000000000000000 ) ) ;
#121 = ADVANCED_FACE ( 'NONE', ( #1479 ), #3214, .F. ) ;
#122 = VECTOR ( 'NONE', #2251, 1000.000000000000000 ) ;
#123 = AXIS2_PLACEMENT_3D ( 'NONE', #3516, #4258, #292 ) ;
#124 = FILL_AREA_STYLE ('',( #142 ) ) ;
#125 = VERTEX_POINT ( 'NONE', #3192 ) ;
#126 = CARTESIAN_POINT ( 'NONE',  ( -29.99999999999998579, 20.00000000000000000, 125.0000000000000284 ) ) ;
#127 = EDGE_CURVE ( 'NONE', #2912, #2944, #3766, .T. ) ;
#128 = ADVANCED_FACE ( 'NONE', ( #449 ), #1476, .F. ) ;
#129 = ORIENTED_EDGE ( 'NONE', *, *, #3070, .T. ) ;
#130 = DIRECTION ( 'NONE',  ( 0.0000000000000000000, 1.000000000000000000, 0.0000000000000000000 ) ) ;
#131 = VECTOR ( 'NONE', #1910, 1000.000000000000000 ) ;
#132 = VECTOR ( 'NONE', #287, 1000.000000000000000 ) ;
#133 = MECHANICAL_DESIGN_GEOMETRIC_PRESENTATION_REPRESENTATION (  '', ( #622 ), #1268 ) ;
#134 = ORIENTED_EDGE ( 'NONE', *, *, #595, .T. ) ;
#135 = DIRECTION ( 'NONE',  ( -0.7071067811865474617, 0.0000000000000000000, 0.7071067811865474617 ) ) ;
#136 = LINE ( 'NONE', #3558, #478 ) ;
#137 = DIRECTION ( 'NONE',  ( 0.0000000000000000000, 1.000000000000000000, 0.0000000000000000000 ) ) ;
#138 = VECTOR ( 'NONE', #2645, 1000.000000000000000 ) ;
#139 = EDGE_CURVE ( 'NONE', #620, #395, #2762, .T. ) ;
#140 = VERTEX_POINT ( 'NONE', #4289 ) ;
#141 = CARTESIAN_POINT ( 'NONE',  ( 124.9999999999999716, 20.00000000000000000, -125.0000000000000000 ) ) ;
#142 = FILL_AREA_STYLE_COLOUR ( '', #1279 ) ;
#143 = LINE ( 'NONE', #663, #1398 ) ;
#144 = ORIENTED_EDGE ( 'NONE', *, *, #3962, .T. ) ;
#145 = EDGE_CURVE ( 'NONE', #3655, #2393, #4447, .T. ) ;
#146 = DIRECTION ( 'NONE',  ( -4.237045877651918877E-33, -1.000000000000000000, -3.813226669351953088E-34 ) ) ;
#147 = CARTESIAN_POINT ( 'NONE',  ( 90.00000000000000000, 1380.000000000000227, 90.00000000000000000 ) ) ;
#148 = ORIENTED_EDGE ( 'NONE', *, *, #4222, .T. ) ;
#149 = EDGE_LOOP ( 'NONE', ( #4256, #4300, #2273, #2531 ) ) ;
#150 = VECTOR ( 'NONE', #2422, 1000.000000000000000 ) ;
#151 = CARTESIAN_POINT ( 'NONE',  ( 90.00000000000000000, 1355.000000000000227, -45.00000000000000000 ) ) ;
#152 = ADVANCED_FACE ( 'NONE', ( #1594, #508, #2875, #1815, #1941, #970, #1706, #1030 ), #3881, .T. ) ;
#153 = AXIS2_PLACEMENT_3D ( 'NONE', #1257, #929, #4135 ) ;
#154 = DIRECTION ( 'NONE',  ( 0.0000000000000000000, 1.000000000000000000, 0.0000000000000000000 ) ) ;
#155 = DIRECTION ( 'NONE',  ( 0.0000000000000000000, 0.0000000000000000000, 1.000000000000000000 ) ) ;
#156 = ORIENTED_EDGE ( 'NONE', *, *, #2653, .T. ) ;
#157 = ORIENTED_EDGE ( 'NONE', *, *, #1636, .T. ) ;
#158 = LINE ( 'NONE', #2269, #438 ) ;
#159 = CIRCLE ( 'NONE', #3794, 2.499999999999946709 ) ;
#160 = ORIENTED_EDGE ( 'NONE', *, *, #2760, .F. ) ;
#161 = DIRECTION ( 'NONE',  ( -0.0000000000000000000, 1.000000000000000000, -0.0000000000000000000 ) ) ;
#162 = CARTESIAN_POINT ( 'NONE',  ( 30.00000000000001421, 20.00000000000000000, 125.0000000000000000 ) ) ;
#163 = VERTEX_POINT ( 'NONE', #313 ) ;
#164 = CARTESIAN_POINT ( 'NONE',  ( 7.500000000000005329, 220.0000000000000284, 109.9999999999999858 ) ) ;
#165 = AXIS2_PLACEMENT_3D ( 'NONE', #3442, #3409, #3114 ) ;
#166 = PRESENTATION_STYLE_ASSIGNMENT (( #1790 ) ) ;
#167 = DIRECTION ( 'NONE',  ( 0.7071067811865434649, -0.0000000000000000000, 0.7071067811865516806 ) ) ;
#168 = EDGE_LOOP ( 'NONE', ( #3092, #2074, #616, #2407, #372 ) ) ;
#169 = CARTESIAN_POINT ( 'NONE',  ( -7.499999999999989342, 20.00000000000001776, 139.9999999999999716 ) ) ;
#170 = EDGE_CURVE ( 'NONE', #2829, #324, #855, .T. ) ;
#171 = LINE ( 'NONE', #3302, #3322 ) ;
#172 = VERTEX_POINT ( 'NONE', #2836 ) ;
#173 = CARTESIAN_POINT ( 'NONE',  ( -29.99999999999998579, 0.0000000000000000000, 129.5000000000000284 ) ) ;
#174 = PLANE ( 'NONE',  #2553 ) ;
#175 = CARTESIAN_POINT ( 'NONE',  ( -140.0000000000000000, 20.00000000000001776, 7.500000000000013323 ) ) ;
#176 = LINE ( 'NONE', #586, #2830 ) ;
#177 = AXIS2_PLACEMENT_3D ( 'NONE', #1169, #3695, #780 ) ;
#178 = EDGE_LOOP ( 'NONE', ( #4634, #1669, #4237, #1686, #2165, #1550, #1883, #400 ) ) ;
#179 = CARTESIAN_POINT ( 'NONE',  ( 110.0000000000000000, 220.0000000000000284, -7.500000000000013323 ) ) ;
#180 = FACE_BOUND ( 'NONE', #3943, .T. ) ;
#181 = ORIENTED_EDGE ( 'NONE', *, *, #2206, .F. ) ;
#182 = PRESENTATION_LAYER_ASSIGNMENT (  '', '', ( #521 ) ) ;
#183 = VECTOR ( 'NONE', #593, 1000.000000000000000 ) ;
#184 = CARTESIAN_POINT ( 'NONE',  ( -90.00000000000000000, 1400.000000000000227, 90.00000000000000000 ) ) ;
#185 = ORIENTED_EDGE ( 'NONE', *, *, #922, .T. ) ;
#186 = CIRCLE ( 'NONE', #3085, 20.00000000000000355 ) ;
#187 = VECTOR ( 'NONE', #1406, 1000.000000000000000 ) ;
#188 = LINE ( 'NONE', #1963, #417 ) ;
#189 = DIRECTION ( 'NONE',  ( -0.0000000000000000000, -1.000000000000000000, -0.0000000000000000000 ) ) ;
#190 = DIRECTION ( 'NONE',  ( -4.237045877651918877E-33, -1.000000000000000000, 3.813226669351953088E-34 ) ) ;
#191 = ORIENTED_EDGE ( 'NONE', *, *, #3740, .F. ) ;
#192 = CARTESIAN_POINT ( 'NONE',  ( -149.9999999999999432, 0.0000000000000000000, -7.500000000001570299 ) ) ;
#193 = LINE ( 'NONE', #1266, #1911 ) ;
#194 = DIRECTION ( 'NONE',  ( 0.0000000000000000000, 1.000000000000000000, 0.0000000000000000000 ) ) ;
#195 = ORIENTED_EDGE ( 'NONE', *, *, #1237, .F. ) ;
#196 = DIRECTION ( 'NONE',  ( 4.622231866529366047E-33, -1.000000000000000000, 1.653254120790692886E-33 ) ) ;
#197 = DIRECTION ( 'NONE',  ( -0.7071067811865390240, 0.0000000000000000000, -0.7071067811865561215 ) ) ;
#198 = EDGE_CURVE ( 'NONE', #351, #4223, #3764, .T. ) ;
#199 = CIRCLE ( 'NONE', #883, 7.500000000000007105 ) ;
#200 = EDGE_LOOP ( 'NONE', ( #1222, #3198, #1973, #2079 ) ) ;
#201 = AXIS2_PLACEMENT_3D ( 'NONE', #1569, #130, #2658 ) ;
#202 = ORIENTED_EDGE ( 'NONE', *, *, #4246, .F. ) ;
#203 = ORIENTED_EDGE ( 'NONE', *, *, #627, .T. ) ;
#204 = DIRECTION ( 'NONE',  ( 0.0000000000000000000, -0.0000000000000000000, 1.000000000000000000 ) ) ;
#205 = LINE ( 'NONE', #3107, #3923 ) ;
#206 = DIRECTION ( 'NONE',  ( -0.0000000000000000000, 1.000000000000000000, -0.0000000000000000000 ) ) ;
#207 = VECTOR ( 'NONE', #4534, 1000.000000000000000 ) ;
#208 = VECTOR ( 'NONE', #1090, 1000.000000000000000 ) ;
#209 = CIRCLE ( 'NONE', #676, 3.400000000000000355 ) ;
#210 = EDGE_LOOP ( 'NONE', ( #1897, #3747, #1065, #1794 ) ) ;
#211 = CARTESIAN_POINT ( 'NONE',  ( 110.0000000000000000, 220.0000000000000284, 7.499999999999985789 ) ) ;
#212 = DIRECTION ( 'NONE',  ( -2.049870396302940066E-34, -1.000000000000000000, 0.0000000000000000000 ) ) ;
#213 = PLANE ( 'NONE',  #3207 ) ;
#214 = EDGE_CURVE ( 'NONE', #1983, #3655, #734, .T. ) ;
#215 = VERTEX_POINT ( 'NONE', #4379 ) ;
#216 = VECTOR ( 'NONE', #1211, 1000.000000000000000 ) ;
#217 = DIRECTION ( 'NONE',  ( -1.000000000000000000, -0.0000000000000000000, 1.982541115402069301E-16 ) ) ;
#218 = VERTEX_POINT ( 'NONE', #1855 ) ;
#219 = VECTOR ( 'NONE', #4360, 1000.000000000000000 ) ;
#220 = PRODUCT_DEFINITION ( 'UNKNOWN', '', #468, #1152 ) ;
#221 = FACE_OUTER_BOUND ( 'NONE', #3753, .T. ) ;
#222 = DIRECTION ( 'NONE',  ( 0.0000000000000000000, 1.000000000000000000, 0.0000000000000000000 ) ) ;
#223 = ORIENTED_EDGE ( 'NONE', *, *, #2163, .F. ) ;
#224 = AXIS2_PLACEMENT_3D ( 'NONE', #2410, #2385, #3832 ) ;
#225 = CARTESIAN_POINT ( 'NONE',  ( -124.9999999999999716, 20.00000000000000000, -132.5000000000000000 ) ) ;
#226 = CARTESIAN_POINT ( 'NONE',  ( -124.9999999999999716, 0.0000000000000000000, -132.5000000000000000 ) ) ;
#227 = ORIENTED_EDGE ( 'NONE', *, *, #3381, .T. ) ;
#228 = VECTOR ( 'NONE', #712, 1000.000000000000000 ) ;
#229 = CARTESIAN_POINT ( 'NONE',  ( 0.0000000000000000000, -0.001000000000001000089, -142.5000000000000568 ) ) ;
#230 = ORIENTED_EDGE ( 'NONE', *, *, #2298, .F. ) ;
#231 =( GEOMETRIC_REPRESENTATION_CONTEXT ( 3 ) GLOBAL_UNCERTAINTY_ASSIGNED_CONTEXT ( ( #462 ) ) GLOBAL_UNIT_ASSIGNED_CONTEXT ( ( #1661, #3103, #3132 ) ) REPRESENTATION_CONTEXT ( 'NONE', 'WORKASPACE' ) );
#232 =( NAMED_UNIT ( * ) SI_UNIT ( $, .STERADIAN. ) SOLID_ANGLE_UNIT ( ) );
#233 = VECTOR ( 'NONE', #1175, 1000.000000000000000 ) ;
#234 = ORIENTED_EDGE ( 'NONE', *, *, #1832, .F. ) ;
#235 = PLANE ( 'NONE',  #2196 ) ;
#236 = EDGE_CURVE ( 'NONE', #1132, #443, #4110, .T. ) ;
#237 = DIRECTION ( 'NONE',  ( 2.049870396302940066E-34, 1.000000000000000000, 0.0000000000000000000 ) ) ;
#238 = DIRECTION ( 'NONE',  ( 0.0000000000000000000, 0.0000000000000000000, 1.000000000000000000 ) ) ;
#239 = CIRCLE ( 'NONE', #3002, 5.099999999999993427 ) ;
#240 = AXIS2_PLACEMENT_3D ( 'NONE', #522, #3026, #1262 ) ;
#241 = ORIENTED_EDGE ( 'NONE', *, *, #2835, .F. ) ;
#242 = DIRECTION ( 'NONE',  ( -1.000000000000000000, -0.0000000000000000000, 1.020425574104005355E-16 ) ) ;
#243 = FACE_OUTER_BOUND ( 'NONE', #1523, .T. ) ;
#244 = CARTESIAN_POINT ( 'NONE',  ( -9.950721815702933470E-13, 20.00000000000000000, 142.5000000000000568 ) ) ;
#245 = DIRECTION ( 'NONE',  ( 0.0000000000000000000, 0.0000000000000000000, 1.000000000000000000 ) ) ;
#246 = CIRCLE ( 'NONE', #1779, 3.400000000000000355 ) ;
#247 = ORIENTED_EDGE ( 'NONE', *, *, #1648, .F. ) ;
#248 = ADVANCED_FACE ( 'NONE', ( #3257 ), #285, .F. ) ;
#249 = PRESENTATION_STYLE_ASSIGNMENT (( #4179 ) ) ;
#250 = DIRECTION ( 'NONE',  ( 7.401486830834376525E-17, 1.000000000000000000, 0.0000000000000000000 ) ) ;
#251 = CARTESIAN_POINT ( 'NONE',  ( -7.500000000000000000, 220.0000000000000284, 89.99999999999998579 ) ) ;
#252 = FACE_OUTER_BOUND ( 'NONE', #4527, .T. ) ;
#253 = PRESENTATION_LAYER_ASSIGNMENT (  '', '', ( #3430 ) ) ;
#254 = EDGE_CURVE ( 'NONE', #4591, #1961, #1988, .T. ) ;
#255 = FILL_AREA_STYLE_COLOUR ( '', #3673 ) ;
#256 = EDGE_LOOP ( 'NONE', ( #3973, #2115, #2747, #3617 ) ) ;
#257 = CARTESIAN_POINT ( 'NONE',  ( 69.99999999999998579, 20.00000000000000355, -69.99999999999998579 ) ) ;
#258 = CARTESIAN_POINT ( 'NONE',  ( 0.0000000000000000000, 1.387778780781445676E-14, 7.500000000000013323 ) ) ;
#259 = ORIENTED_EDGE ( 'NONE', *, *, #2621, .F. ) ;
#260 = EDGE_CURVE ( 'NONE', #2000, #3503, #3991, .T. ) ;
#261 = UNCERTAINTY_MEASURE_WITH_UNIT (LENGTH_MEASURE( 1.000000000000000082E-05 ), #37, 'distance_accuracy_value', 'NONE');
#262 = DIRECTION ( 'NONE',  ( 0.0000000000000000000, 0.0000000000000000000, 1.000000000000000000 ) ) ;
#263 = DIRECTION ( 'NONE',  ( 0.7071067811865541231, -0.0000000000000000000, -0.7071067811865409114 ) ) ;
#264 = DIRECTION ( 'NONE',  ( -0.0000000000000000000, 1.000000000000000000, -0.0000000000000000000 ) ) ;
#265 = VERTEX_POINT ( 'NONE', #3612 ) ;
#266 = CARTESIAN_POINT ( 'NONE',  ( 124.9999999999999716, 20.00000000000000000, -117.5000000000000000 ) ) ;
#267 = VERTEX_POINT ( 'NONE', #418 ) ;
#268 = EDGE_CURVE ( 'NONE', #4223, #891, #2099, .T. ) ;
#269 = CIRCLE ( 'NONE', #2036, 4.499999999999990230 ) ;
#270 = PRESENTATION_STYLE_ASSIGNMENT (( #3013 ) ) ;
#271 = ORIENTED_EDGE ( 'NONE', *, *, #2287, .F. ) ;
#272 = DIRECTION ( 'NONE',  ( -1.850371707708594316E-16, 0.0000000000000000000, -1.000000000000000000 ) ) ;
#273 = ORIENTED_EDGE ( 'NONE', *, *, #268, .F. ) ;
#274 = VECTOR ( 'NONE', #3186, 1000.000000000000000 ) ;
#275 = CONICAL_SURFACE ( 'NONE', #1230, 3.500000000000003109, 0.7853981633975037902 ) ;
#276 = AXIS2_PLACEMENT_3D ( 'NONE', #2540, #2186, #2497 ) ;
#277 = CARTESIAN_POINT ( 'NONE',  ( 149.9999999999999716, 20.00000000000000000, -150.0000000000000000 ) ) ;
#278 = CARTESIAN_POINT ( 'NONE',  ( 90.00000000000000000, 20.00000000000000355, -69.99999999999985789 ) ) ;
#279 = ORIENTED_EDGE ( 'NONE', *, *, #4119, .T. ) ;
#280 = DIRECTION ( 'NONE',  ( -0.0000000000000000000, 1.000000000000000000, -0.0000000000000000000 ) ) ;
#281 = DIRECTION ( 'NONE',  ( 0.0000000000000000000, 0.0000000000000000000, -1.000000000000000000 ) ) ;
#282 = ORIENTED_EDGE ( 'NONE', *, *, #1603, .F. ) ;
#283 = AXIS2_PLACEMENT_3D ( 'NONE', #3841, #2442, #1348 ) ;
#284 = CARTESIAN_POINT ( 'NONE',  ( 90.00000000000000000, 1380.000000000000227, 90.00000000000000000 ) ) ;
#285 = CYLINDRICAL_SURFACE ( 'NONE', #3729, 3.400000000000000355 ) ;
#286 = DIRECTION ( 'NONE',  ( -1.000000000000000000, 0.0000000000000000000, 0.0000000000000000000 ) ) ;
#287 = DIRECTION ( 'NONE',  ( 1.850371707708594316E-16, 0.0000000000000000000, 1.000000000000000000 ) ) ;
#288 = ORIENTED_EDGE ( 'NONE', *, *, #460, .T. ) ;
#289 = AXIS2_PLACEMENT_3D ( 'NONE', #867, #1954, #513 ) ;
#290 = CARTESIAN_POINT ( 'NONE',  ( -149.9999999999999716, 20.00000000000000000, 150.0000000000000000 ) ) ;
#291 = DIRECTION ( 'NONE',  ( 0.0000000000000000000, 0.0000000000000000000, 1.000000000000000000 ) ) ;
#292 = DIRECTION ( 'NONE',  ( 1.000000000000000000, 0.0000000000000000000, -1.982541115402069301E-16 ) ) ;
#293 = ORIENTED_EDGE ( 'NONE', *, *, #4603, .T. ) ;
#294 = EDGE_CURVE ( 'NONE', #2648, #2937, #3044, .T. ) ;
#295 = LINE ( 'NONE', #4612, #4005 ) ;
#296 =( NAMED_UNIT ( * ) PLANE_ANGLE_UNIT ( ) SI_UNIT ( $, .RADIAN. ) );
#297 = SURFACE_SIDE_STYLE ('',( #1385 ) ) ;
#298 = DIRECTION ( 'NONE',  ( 0.0000000000000000000, 0.0000000000000000000, -1.000000000000000000 ) ) ;
#299 = EDGE_LOOP ( 'NONE', ( #3018, #668, #1869, #2673 ) ) ;
#300 =( NAMED_UNIT ( * ) SI_UNIT ( $, .STERADIAN. ) SOLID_ANGLE_UNIT ( ) );
#301 = EDGE_CURVE ( 'NONE', #1011, #4499, #2705, .T. ) ;
#302 = EDGE_LOOP ( 'NONE', ( #4035, #4391, #2520, #3321 ) ) ;
#303 = DIRECTION ( 'NONE',  ( 1.000000000000000000, 2.049870396302940066E-34, -3.081487911019577365E-33 ) ) ;
#304 = EDGE_CURVE ( 'NONE', #2539, #436, #3646, .T. ) ;
#305 = CIRCLE ( 'NONE', #1291, 9.999999999999994671 ) ;
#306 = ORIENTED_EDGE ( 'NONE', *, *, #145, .F. ) ;
#307 = PLANE ( 'NONE',  #123 ) ;
#308 = VECTOR ( 'NONE', #364, 1000.000000000000114 ) ;
#309 =( GEOMETRIC_REPRESENTATION_CONTEXT ( 3 ) GLOBAL_UNCERTAINTY_ASSIGNED_CONTEXT ( ( #1601 ) ) GLOBAL_UNIT_ASSIGNED_CONTEXT ( ( #3928, #2787, #1386 ) ) REPRESENTATION_CONTEXT ( 'NONE', 'WORKASPACE' ) );
#310 = VECTOR ( 'NONE', #975, 1000.000000000000000 ) ;
#311 = ORIENTED_EDGE ( 'NONE', *, *, #2397, .T. ) ;
#312 = PLANE ( 'NONE',  #3019 ) ;
#313 = CARTESIAN_POINT ( 'NONE',  ( 150.0000000000000568, 0.0000000000000000000, -7.499999999999475975 ) ) ;
#314 = ORIENTED_EDGE ( 'NONE', *, *, #3116, .T. ) ;
#315 = PLANE ( 'NONE',  #2351 ) ;
#316 = AXIS2_PLACEMENT_3D ( 'NONE', #4468, #879, #4145 ) ;
#317 = VERTEX_POINT ( 'NONE', #1491 ) ;
#318 = ORIENTED_EDGE ( 'NONE', *, *, #4288, .F. ) ;
#319 = UNCERTAINTY_MEASURE_WITH_UNIT (LENGTH_MEASURE( 1.000000000000000082E-05 ), #2992, 'distance_accuracy_value', 'NONE');
#320 = CARTESIAN_POINT ( 'NONE',  ( -90.00000000000000000, 1380.000000000000227, -95.09999999999999432 ) ) ;
#321 = DIRECTION ( 'NONE',  ( -0.0000000000000000000, 1.000000000000000000, -0.0000000000000000000 ) ) ;
#322 = EDGE_CURVE ( 'NONE', #1013, #343, #3580, .T. ) ;
#323 = ORIENTED_EDGE ( 'NONE', *, *, #3804, .F. ) ;
#324 = VERTEX_POINT ( 'NONE', #2596 ) ;
#325 = LINE ( 'NONE', #1786, #1248 ) ;
#326 = DIRECTION ( 'NONE',  ( -0.0000000000000000000, 1.000000000000000000, -0.0000000000000000000 ) ) ;
#327 = VECTOR ( 'NONE', #3557, 1000.000000000000000 ) ;
#328 = CIRCLE ( 'NONE', #3484, 2.499999999999946709 ) ;
#329 = EDGE_CURVE ( 'NONE', #446, #3031, #4552, .T. ) ;
#330 = ORIENTED_EDGE ( 'NONE', *, *, #3611, .T. ) ;
#331 = CARTESIAN_POINT ( 'NONE',  ( -150.0000000000000284, 20.00000000000000000, -150.0000000000000000 ) ) ;
#332 = CARTESIAN_POINT ( 'NONE',  ( -67.99999999999991473, 1380.000000000000227, -77.99999999999998579 ) ) ;
#333 = ORIENTED_EDGE ( 'NONE', *, *, #2339, .F. ) ;
#334 = CYLINDRICAL_SURFACE ( 'NONE', #856, 7.500000000000007105 ) ;
#335 = AXIS2_PLACEMENT_3D ( 'NONE', #3599, #1796, #698 ) ;
#336 =( NAMED_UNIT ( * ) SI_UNIT ( $, .STERADIAN. ) SOLID_ANGLE_UNIT ( ) );
#337 = CARTESIAN_POINT ( 'NONE',  ( 140.0000000000000000, 0.0000000000000000000, -150.0000000000000000 ) ) ;
#338 = ORIENTED_EDGE ( 'NONE', *, *, #1736, .T. ) ;
#339 = LINE ( 'NONE', #100, #4053 ) ;
#340 = CIRCLE ( 'NONE', #4500, 19.99999999999998934 ) ;
#341 = DIRECTION ( 'NONE',  ( 0.0000000000000000000, 0.0000000000000000000, 1.000000000000000000 ) ) ;
#342 = CARTESIAN_POINT ( 'NONE',  ( -70.00000000000000000, 1400.000000000000227, 91.50000000000000000 ) ) ;
#343 = VERTEX_POINT ( 'NONE', #2929 ) ;
#344 = EDGE_CURVE ( 'NONE', #58, #4668, #2216, .T. ) ;
#345 = CARTESIAN_POINT ( 'NONE',  ( 90.00000000000000000, 20.00000000000000355, -69.99999999999985789 ) ) ;
#346 = ORIENTED_EDGE ( 'NONE', *, *, #3014, .T. ) ;
#347 = FACE_BOUND ( 'NONE', #2686, .T. ) ;
#348 = ORIENTED_EDGE ( 'NONE', *, *, #2343, .T. ) ;
#349 = DIRECTION ( 'NONE',  ( 0.7071067811865474617, -0.0000000000000000000, -0.7071067811865474617 ) ) ;
#350 = DIRECTION ( 'NONE',  ( -1.850371707708594316E-16, -0.0000000000000000000, -1.000000000000000000 ) ) ;
#351 = VERTEX_POINT ( 'NONE', #740 ) ;
#352 = EDGE_CURVE ( 'NONE', #4591, #776, #905, .T. ) ;
#353 = PLANE ( 'NONE',  #2162 ) ;
#354 = SURFACE_SIDE_STYLE ('',( #2121 ) ) ;
#355 = DIRECTION ( 'NONE',  ( 7.401486830834376525E-17, 1.000000000000000000, 0.0000000000000000000 ) ) ;
#356 = ORIENTED_EDGE ( 'NONE', *, *, #1319, .F. ) ;
#357 = LINE ( 'NONE', #459, #1224 ) ;
#358 = DIRECTION ( 'NONE',  ( 1.000000000000000000, -0.0000000000000000000, -0.0000000000000000000 ) ) ;
#359 = CIRCLE ( 'NONE', #1714, 20.00000000000000355 ) ;
#360 = PRESENTATION_LAYER_ASSIGNMENT (  '', '', ( #791 ) ) ;
#361 = ORIENTED_EDGE ( 'NONE', *, *, #1084, .T. ) ;
#362 = VECTOR ( 'NONE', #1498, 1000.000000000000000 ) ;
#363 = CARTESIAN_POINT ( 'NONE',  ( 90.00000000000000000, 20.00000000000001776, -7.500000000000013323 ) ) ;
#364 = DIRECTION ( 'NONE',  ( 3.888083013051981741E-17, -0.9805806756909201116, 0.1961161351381840168 ) ) ;
#365 = ORIENTED_EDGE ( 'NONE', *, *, #1501, .T. ) ;
#366 = PRESENTATION_LAYER_ASSIGNMENT (  '', '', ( #3981 ) ) ;
#367 = VECTOR ( 'NONE', #298, 1000.000000000000000 ) ;
#368 = EDGE_CURVE ( 'NONE', #2794, #2941, #1308, .T. ) ;
#369 = DIRECTION ( 'NONE',  ( 0.0000000000000000000, 0.0000000000000000000, -1.000000000000000000 ) ) ;
#370 = ORIENTED_EDGE ( 'NONE', *, *, #260, .F. ) ;
#371 = CARTESIAN_POINT ( 'NONE',  ( -124.9999999999999716, 0.0000000000000000000, -117.5000000000000142 ) ) ;
#372 = ORIENTED_EDGE ( 'NONE', *, *, #1094, .F. ) ;
#373 = PRESENTATION_LAYER_ASSIGNMENT (  '', '', ( #1755 ) ) ;
#374 = ORIENTED_EDGE ( 'NONE', *, *, #1024, .F. ) ;
#375 = FACE_BOUND ( 'NONE', #3555, .T. ) ;
#376 = FACE_OUTER_BOUND ( 'NONE', #1646, .T. ) ;
#377 = LINE ( 'NONE', #1656, #94 ) ;
#378 = CARTESIAN_POINT ( 'NONE',  ( -9.950721815702933470E-13, -0.001000000000001000089, 142.5000000000000568 ) ) ;
#379 = ORIENTED_EDGE ( 'NONE', *, *, #3725, .T. ) ;
#380 = CARTESIAN_POINT ( 'NONE',  ( -90.00000000000000000, 1380.000000000000227, 95.09999999999999432 ) ) ;
#381 = EDGE_CURVE ( 'NONE', #3001, #265, #339, .T. ) ;
#382 = FACE_OUTER_BOUND ( 'NONE', #2349, .T. ) ;
#383 = VECTOR ( 'NONE', #4368, 1000.000000000000000 ) ;
#384 = ORIENTED_EDGE ( 'NONE', *, *, #3922, .F. ) ;
#385 = CARTESIAN_POINT ( 'NONE',  ( 140.0000000000000000, 20.00000000000000000, -150.0000000000000000 ) ) ;
#386 = ADVANCED_FACE ( 'NONE', ( #1088 ), #2629, .F. ) ;
#387 = LINE ( 'NONE', #2650, #43 ) ;
#388 = SURFACE_STYLE_USAGE ( .BOTH. , #2577 ) ;
#389 = MECHANICAL_DESIGN_GEOMETRIC_PRESENTATION_REPRESENTATION (  '', ( #3135 ), #231 ) ;
#390 = EDGE_CURVE ( 'NONE', #446, #507, #1202, .T. ) ;
#391 = ORIENTED_EDGE ( 'NONE', *, *, #4502, .F. ) ;
#392 = DIRECTION ( 'NONE',  ( -1.850371707708594316E-16, -0.0000000000000000000, -1.000000000000000000 ) ) ;
#393 = DIRECTION ( 'NONE',  ( -0.0000000000000000000, -1.000000000000000000, -0.0000000000000000000 ) ) ;
#394 = VECTOR ( 'NONE', #1178, 1000.000000000000000 ) ;
#395 = VERTEX_POINT ( 'NONE', #3689 ) ;
#396 =( GEOMETRIC_REPRESENTATION_CONTEXT ( 3 ) GLOBAL_UNCERTAINTY_ASSIGNED_CONTEXT ( ( #2241 ) ) GLOBAL_UNIT_ASSIGNED_CONTEXT ( ( #3711, #4437, #2312 ) ) REPRESENTATION_CONTEXT ( 'NONE', 'WORKASPACE' ) );
#397 = CARTESIAN_POINT ( 'NONE',  ( 0.0000000000000000000, 20.00000000000000000, -142.5000000000000568 ) ) ;
#398 = PRODUCT_CONTEXT ( 'NONE', #2619, 'mechanical' ) ;
#399 =( NAMED_UNIT ( * ) SI_UNIT ( $, .STERADIAN. ) SOLID_ANGLE_UNIT ( ) );
#400 = ORIENTED_EDGE ( 'NONE', *, *, #329, .T. ) ;
#401 =( LENGTH_UNIT ( ) NAMED_UNIT ( * ) SI_UNIT ( .MILLI., .METRE. ) );
#402 = CARTESIAN_POINT ( 'NONE',  ( 30.00000000000000000, 20.00000000000000000, -125.0000000000000000 ) ) ;
#403 = CARTESIAN_POINT ( 'NONE',  ( 7.500000000000000000, 20.00000000000003197, 89.99999999999998579 ) ) ;
#404 = ORIENTED_EDGE ( 'NONE', *, *, #1723, .F. ) ;
#405 = PRESENTATION_LAYER_ASSIGNMENT (  '', '', ( #3955 ) ) ;
#406 = FILL_AREA_STYLE ('',( #1143 ) ) ;
#407 = LINE ( 'NONE', #2048, #807 ) ;
#408 = ORIENTED_EDGE ( 'NONE', *, *, #127, .F. ) ;
#409 = AXIS2_PLACEMENT_3D ( 'NONE', #2833, #1397, #3892 ) ;
#410 = ADVANCED_FACE ( 'NONE', ( #2161 ), #4055, .F. ) ;
#411 = VERTEX_POINT ( 'NONE', #1555 ) ;
#412 = EDGE_CURVE ( 'NONE', #3142, #2107, #2816, .T. ) ;
#413 = ORIENTED_EDGE ( 'NONE', *, *, #983, .T. ) ;
#414 = DIRECTION ( 'NONE',  ( 0.0000000000000000000, 0.0000000000000000000, 1.000000000000000000 ) ) ;
#415 =( NAMED_UNIT ( * ) PLANE_ANGLE_UNIT ( ) SI_UNIT ( $, .RADIAN. ) );
#416 = DIRECTION ( 'NONE',  ( 0.0000000000000000000, 0.0000000000000000000, 1.000000000000000000 ) ) ;
#417 = VECTOR ( 'NONE', #2401, 1000.000000000000000 ) ;
#418 = CARTESIAN_POINT ( 'NONE',  ( 7.499999999998951949, 0.0000000000000000000, 150.0000000000000853 ) ) ;
#419 = ORIENTED_EDGE ( 'NONE', *, *, #1581, .F. ) ;
#420 =( NAMED_UNIT ( * ) PLANE_ANGLE_UNIT ( ) SI_UNIT ( $, .RADIAN. ) );
#421 = PRESENTATION_STYLE_ASSIGNMENT (( #574 ) ) ;
#422 = STYLED_ITEM ( 'NONE', ( #3195 ), #1453 ) ;
#423 = DIRECTION ( 'NONE',  ( -4.848279700830313513E-66, -3.081487911019577365E-33, -1.000000000000000000 ) ) ;
#424 = FACE_OUTER_BOUND ( 'NONE', #1615, .T. ) ;
#425 = ORIENTED_EDGE ( 'NONE', *, *, #3539, .T. ) ;
#426 = CARTESIAN_POINT ( 'NONE',  ( -142.5000000000000568, 0.0000000000000000000, -1.492729551078042505E-12 ) ) ;
#427 = DIRECTION ( 'NONE',  ( -2.049870396302940066E-34, -1.000000000000000000, -6.316650845364419967E-67 ) ) ;
#428 = AXIS2_PLACEMENT_3D ( 'NONE', #2999, #495, #2656 ) ;
#429 = ORIENTED_EDGE ( 'NONE', *, *, #3894, .F. ) ;
#430 = ORIENTED_EDGE ( 'NONE', *, *, #3694, .T. ) ;
#431 = EDGE_CURVE ( 'NONE', #3499, #2801, #4549, .T. ) ;
#432 = CARTESIAN_POINT ( 'NONE',  ( 90.00000000000000000, 1355.000000000000227, -47.49999999999994316 ) ) ;
#433 = CIRCLE ( 'NONE', #2571, 5.099999999999993427 ) ;
#434 = ADVANCED_FACE ( 'NONE', ( #4662 ), #4520, .F. ) ;
#435 = CARTESIAN_POINT ( 'NONE',  ( 70.00000000000000000, 1380.000000000000227, -97.99999999999998579 ) ) ;
#436 = VERTEX_POINT ( 'NONE', #2009 ) ;
#437 = ORIENTED_EDGE ( 'NONE', *, *, #2471, .F. ) ;
#438 = VECTOR ( 'NONE', #1139, 1000.000000000000000 ) ;
#439 = FILL_AREA_STYLE ('',( #1213 ) ) ;
#440 = ADVANCED_FACE ( 'NONE', ( #3470 ), #3666, .F. ) ;
#441 = AXIS2_PLACEMENT_3D ( 'NONE', #3532, #3871, #291 ) ;
#442 = DIRECTION ( 'NONE',  ( -1.000000000000000000, 0.0000000000000000000, -0.0000000000000000000 ) ) ;
#443 = VERTEX_POINT ( 'NONE', #4071 ) ;
#444 =( NAMED_UNIT ( * ) PLANE_ANGLE_UNIT ( ) SI_UNIT ( $, .RADIAN. ) );
#445 = EDGE_CURVE ( 'NONE', #2822, #1724, #852, .T. ) ;
#446 = VERTEX_POINT ( 'NONE', #3440 ) ;
#447 = CARTESIAN_POINT ( 'NONE',  ( 124.9999999999999716, 20.00000000000000000, 25.50000000000000711 ) ) ;
#448 = CARTESIAN_POINT ( 'NONE',  ( 70.00000000000000000, 1380.000000000000227, -95.00000000000000000 ) ) ;
#449 = FACE_OUTER_BOUND ( 'NONE', #2638, .T. ) ;
#450 =( LENGTH_UNIT ( ) NAMED_UNIT ( * ) SI_UNIT ( .MILLI., .METRE. ) );
#451 =( GEOMETRIC_REPRESENTATION_CONTEXT ( 3 ) GLOBAL_UNCERTAINTY_ASSIGNED_CONTEXT ( ( #261 ) ) GLOBAL_UNIT_ASSIGNED_CONTEXT ( ( #37, #3969, #2910 ) ) REPRESENTATION_CONTEXT ( 'NONE', 'WORKASPACE' ) );
#452 = DIRECTION ( 'NONE',  ( -1.850371707708594316E-16, 0.0000000000000000000, -1.000000000000000000 ) ) ;
#453 = ORIENTED_EDGE ( 'NONE', *, *, #3185, .F. ) ;
#454 = DIRECTION ( 'NONE',  ( 0.0000000000000000000, 1.000000000000000000, 0.0000000000000000000 ) ) ;
#455 = ADVANCED_FACE ( 'NONE', ( #102 ), #3423, .F. ) ;
#456 = AXIS2_PLACEMENT_3D ( 'NONE', #3614, #773, #3579 ) ;
#457 = DIRECTION ( 'NONE',  ( -1.982541115402069301E-16, 0.0000000000000000000, -1.000000000000000000 ) ) ;
#458 = CARTESIAN_POINT ( 'NONE',  ( 0.0000000000000000000, 0.0000000000000000000, 0.0000000000000000000 ) ) ;
#459 = CARTESIAN_POINT ( 'NONE',  ( -7.500000000001047162, 20.00000000000000000, 149.9999999999999716 ) ) ;
#460 = EDGE_CURVE ( 'NONE', #2311, #411, #678, .T. ) ;
#461 = FACE_BOUND ( 'NONE', #1826, .T. ) ;
#462 = UNCERTAINTY_MEASURE_WITH_UNIT (LENGTH_MEASURE( 1.000000000000000082E-05 ), #1661, 'distance_accuracy_value', 'NONE');
#463 = ORIENTED_EDGE ( 'NONE', *, *, #2725, .F. ) ;
#464 = CARTESIAN_POINT ( 'NONE',  ( 90.00000000000000000, 1315.000000000000227, 42.50000000000004974 ) ) ;
#465 = DIRECTION ( 'NONE',  ( -0.0000000000000000000, 1.000000000000000000, -0.0000000000000000000 ) ) ;
#466 = DIRECTION ( 'NONE',  ( -0.0000000000000000000, 1.000000000000000000, -0.0000000000000000000 ) ) ;
#467 = VECTOR ( 'NONE', #4083, 1000.000000000000000 ) ;
#468 = PRODUCT_DEFINITION_FORMATION_WITH_SPECIFIED_SOURCE ( 'ANY', '', #1817, .NOT_KNOWN. ) ;
#469 = ORIENTED_EDGE ( 'NONE', *, *, #139, .F. ) ;
#470 = CARTESIAN_POINT ( 'NONE',  ( -7.500000000000000000, 220.0000000000000284, -90.00000000000000000 ) ) ;
#471 = CARTESIAN_POINT ( 'NONE',  ( 115.0000000000000711, 1400.000000000000227, 125.0000000000000000 ) ) ;
#472 = ORIENTED_EDGE ( 'NONE', *, *, #679, .T. ) ;
#473 = AXIS2_PLACEMENT_3D ( 'NONE', #3354, #2595, #1177 ) ;
#474 = FILL_AREA_STYLE_COLOUR ( '', #3862 ) ;
#475 = DIRECTION ( 'NONE',  ( 2.049870396302940066E-34, 1.000000000000000000, 6.316650845364419967E-67 ) ) ;
#476 = EDGE_LOOP ( 'NONE', ( #1565, #1394, #1019, #3152 ) ) ;
#477 = VECTOR ( 'NONE', #3384, 1000.000000000000000 ) ;
#478 = VECTOR ( 'NONE', #2181, 1000.000000000000000 ) ;
#479 = CYLINDRICAL_SURFACE ( 'NONE', #4211, 2.499999999999946709 ) ;
#480 = AXIS2_PLACEMENT_3D ( 'NONE', #3942, #1418, #2879 ) ;
#481 = DIRECTION ( 'NONE',  ( 0.9805806756909202226, -0.1961161351381840445, 0.0000000000000000000 ) ) ;
#482 = DIRECTION ( 'NONE',  ( 0.0000000000000000000, 0.0000000000000000000, 1.000000000000000000 ) ) ;
#483 = ORIENTED_EDGE ( 'NONE', *, *, #2795, .F. ) ;
#484 = ADVANCED_FACE ( 'NONE', ( #3250 ), #1908, .F. ) ;
#485 = SURFACE_STYLE_USAGE ( .BOTH. , #1572 ) ;
#486 = CIRCLE ( 'NONE', #409, 7.500000000000007105 ) ;
#487 = DIRECTION ( 'NONE',  ( -0.0000000000000000000, 1.000000000000000000, -0.0000000000000000000 ) ) ;
#488 = EDGE_LOOP ( 'NONE', ( #1368, #4148 ) ) ;
#489 = AXIS2_PLACEMENT_3D ( 'NONE', #874, #538, #2667 ) ;
#490 = VECTOR ( 'NONE', #1662, 1000.000000000000000 ) ;
#491 = ORIENTED_EDGE ( 'NONE', *, *, #2344, .F. ) ;
#492 = CARTESIAN_POINT ( 'NONE',  ( -7.500000000000000000, -0.001000000000001000089, -150.0000000000000284 ) ) ;
#493 = CARTESIAN_POINT ( 'NONE',  ( 140.0000000000000000, 20.00000000000000000, 150.0000000000000000 ) ) ;
#494 = VERTEX_POINT ( 'NONE', #3798 ) ;
#495 = DIRECTION ( 'NONE',  ( 0.7071067811865516806, 0.0000000000000000000, -0.7071067811865434649 ) ) ;
#496 = VECTOR ( 'NONE', #1918, 1000.000000000000000 ) ;
#497 = FACE_OUTER_BOUND ( 'NONE', #2806, .T. ) ;
#498 =( GEOMETRIC_REPRESENTATION_CONTEXT ( 3 ) GLOBAL_UNCERTAINTY_ASSIGNED_CONTEXT ( ( #902 ) ) GLOBAL_UNIT_ASSIGNED_CONTEXT ( ( #661, #3174, #3441 ) ) REPRESENTATION_CONTEXT ( 'NONE', 'WORKASPACE' ) );
#499 = EDGE_CURVE ( 'NONE', #1674, #3231, #2388, .T. ) ;
#500 = VERTEX_POINT ( 'NONE', #1541 ) ;
#501 = FACE_OUTER_BOUND ( 'NONE', #2676, .T. ) ;
#502 =( NAMED_UNIT ( * ) SI_UNIT ( $, .STERADIAN. ) SOLID_ANGLE_UNIT ( ) );
#503 = VECTOR ( 'NONE', #711, 1000.000000000000000 ) ;
#504 = ORIENTED_EDGE ( 'NONE', *, *, #3300, .T. ) ;
#505 = AXIS2_PLACEMENT_3D ( 'NONE', #3398, #137, #1985 ) ;
#506 = FACE_OUTER_BOUND ( 'NONE', #1814, .T. ) ;
#507 = VERTEX_POINT ( 'NONE', #4532 ) ;
#508 = FACE_BOUND ( 'NONE', #3727, .T. ) ;
#509 = DIRECTION ( 'NONE',  ( 0.0000000000000000000, 1.000000000000000000, 0.0000000000000000000 ) ) ;
#510 = EDGE_CURVE ( 'NONE', #3385, #324, #2440, .T. ) ;
#511 = LINE ( 'NONE', #3833, #4232 ) ;
#512 = CARTESIAN_POINT ( 'NONE',  ( -142.5000000000000568, 20.00000000000000000, -1.492608272355440021E-12 ) ) ;
#513 = DIRECTION ( 'NONE',  ( 0.0000000000000000000, 0.0000000000000000000, 1.000000000000000000 ) ) ;
#514 = PLANE ( 'NONE',  #316 ) ;
#515 = ORIENTED_EDGE ( 'NONE', *, *, #1273, .F. ) ;
#516 = SHAPE_REPRESENTATION_RELATIONSHIP ( 'NONE' , 'NONE' ,  #1847, #4293 ) ;
#517 = DIRECTION ( 'NONE',  ( -0.7071067811865490160, -0.0000000000000000000, 0.7071067811865460184 ) ) ;
#518 = ORIENTED_EDGE ( 'NONE', *, *, #3149, .T. ) ;
#519 = CARTESIAN_POINT ( 'NONE',  ( -69.99999999999985789, 1380.000000000000227, 90.00000000000000000 ) ) ;
#520 = FACE_OUTER_BOUND ( 'NONE', #200, .T. ) ;
#521 = STYLED_ITEM ( 'NONE', ( #249 ), #2310 ) ;
#522 = CARTESIAN_POINT ( 'NONE',  ( 124.9999999999999716, 0.0000000000000000000, 125.0000000000000000 ) ) ;
#523 = ORIENTED_EDGE ( 'NONE', *, *, #1945, .F. ) ;
#524 = LINE ( 'NONE', #4219, #4342 ) ;
#525 = ORIENTED_EDGE ( 'NONE', *, *, #2182, .T. ) ;
#526 = CARTESIAN_POINT ( 'NONE',  ( -90.00000000000000000, 1380.000000000000227, 69.99999999999985789 ) ) ;
#527 = CARTESIAN_POINT ( 'NONE',  ( -150.0000000000000284, 20.00000000000000000, -150.0000000000000000 ) ) ;
#528 = DIRECTION ( 'NONE',  ( 1.000000000000000000, 0.0000000000000000000, 0.0000000000000000000 ) ) ;
#529 = CIRCLE ( 'NONE', #4343, 7.499999999999992895 ) ;
#530 = SHAPE_REPRESENTATION ( '4GAA0021201010014X', ( #4240, #4086 ), #927 ) ;
#531 = ORIENTED_EDGE ( 'NONE', *, *, #1945, .T. ) ;
#532 = VECTOR ( 'NONE', #1876, 1000.000000000000000 ) ;
#533 = COLOUR_RGB ( '',1.000000000000000000, 1.000000000000000000, 1.000000000000000000 ) ;
#534 = DIRECTION ( 'NONE',  ( 0.0000000000000000000, 0.0000000000000000000, 1.000000000000000000 ) ) ;
#535 = EDGE_CURVE ( 'NONE', #3979, #2088, #3931, .T. ) ;
#536 = ORIENTED_EDGE ( 'NONE', *, *, #1484, .T. ) ;
#537 = ADVANCED_FACE ( 'NONE', ( #1700 ), #334, .F. ) ;
#538 = DIRECTION ( 'NONE',  ( 1.000000000000000000, 2.049870396302940066E-34, 3.081487911019577365E-33 ) ) ;
#539 = EDGE_LOOP ( 'NONE', ( #3083, #306, #4042, #348 ) ) ;
#540 = AXIS2_PLACEMENT_3D ( 'NONE', #984, #1036, #4218 ) ;
#541 = DIRECTION ( 'NONE',  ( -1.000000000000000000, -3.851859888774471706E-33, 1.982541115402069301E-16 ) ) ;
#542 = FACE_OUTER_BOUND ( 'NONE', #4007, .T. ) ;
#543 = ORIENTED_EDGE ( 'NONE', *, *, #1648, .T. ) ;
#544 = ORIENTED_EDGE ( 'NONE', *, *, #4491, .T. ) ;
#545 = FACE_OUTER_BOUND ( 'NONE', #4249, .T. ) ;
#546 = CARTESIAN_POINT ( 'NONE',  ( 125.0000000000000568, 1400.000000000000227, -114.9999999999999858 ) ) ;
#547 =( NAMED_UNIT ( * ) SI_UNIT ( $, .STERADIAN. ) SOLID_ANGLE_UNIT ( ) );
#548 = UNCERTAINTY_MEASURE_WITH_UNIT (LENGTH_MEASURE( 1.000000000000000082E-05 ), #4010, 'distance_accuracy_value', 'NONE');
#549 = CARTESIAN_POINT ( 'NONE',  ( -124.9999999999999432, 1400.000000000000227, -114.9999999999999574 ) ) ;
#550 = EDGE_LOOP ( 'NONE', ( #1744, #89 ) ) ;
#551 = ORIENTED_EDGE ( 'NONE', *, *, #2641, .T. ) ;
#552 = FACE_OUTER_BOUND ( 'NONE', #4314, .T. ) ;
#553 = VECTOR ( 'NONE', #3932, 1000.000000000000000 ) ;
#554 = ORIENTED_EDGE ( 'NONE', *, *, #3647, .F. ) ;
#555 = CARTESIAN_POINT ( 'NONE',  ( 7.500000000000016875, 4.163336342344337027E-14, 0.0000000000000000000 ) ) ;
#556 = ORIENTED_EDGE ( 'NONE', *, *, #1119, .F. ) ;
#557 = ADVANCED_FACE ( 'NONE', ( #506 ), #558, .F. ) ;
#558 = CONICAL_SURFACE ( 'NONE', #1923, 3.500000000000003109, 0.7853981633975037902 ) ;
#559 = STYLED_ITEM ( 'NONE', ( #1235 ), #3150 ) ;
#560 = CARTESIAN_POINT ( 'NONE',  ( 124.9999999999999716, 0.0000000000000000000, -30.00000000000000000 ) ) ;
#561 = EDGE_CURVE ( 'NONE', #3565, #2906, #730, .T. ) ;
#562 = DIRECTION ( 'NONE',  ( -0.0000000000000000000, 1.000000000000000000, -0.0000000000000000000 ) ) ;
#563 = DIRECTION ( 'NONE',  ( -0.0000000000000000000, 1.000000000000000000, -0.0000000000000000000 ) ) ;
#564 = VERTEX_POINT ( 'NONE', #3857 ) ;
#565 = DIRECTION ( 'NONE',  ( 0.0000000000000000000, 0.0000000000000000000, 1.000000000000000000 ) ) ;
#566 = CARTESIAN_POINT ( 'NONE',  ( -69.99999999999985789, 20.00000000000000355, -89.99999999999997158 ) ) ;
#567 = ORIENTED_EDGE ( 'NONE', *, *, #2154, .F. ) ;
#568 = CARTESIAN_POINT ( 'NONE',  ( 7.500000000000000000, 20.00000000000003197, -89.99999999999998579 ) ) ;
#569 = DIRECTION ( 'NONE',  ( -1.982541115402069301E-16, -1.481508706589287040E-35, -1.000000000000000000 ) ) ;
#570 = PLANE ( 'NONE',  #1471 ) ;
#571 = VECTOR ( 'NONE', #1345, 1000.000000000000000 ) ;
#572 = PRESENTATION_LAYER_ASSIGNMENT (  '', '', ( #422 ) ) ;
#573 = ORIENTED_EDGE ( 'NONE', *, *, #1793, .T. ) ;
#574 = SURFACE_STYLE_USAGE ( .BOTH. , #1725 ) ;
#575 = CARTESIAN_POINT ( 'NONE',  ( 90.00000000000000000, 1400.000000000000227, 90.00000000000000000 ) ) ;
#576 = CARTESIAN_POINT ( 'NONE',  ( -90.00000000000000000, 220.0000000000000284, 7.500000000000013323 ) ) ;
#577 = CARTESIAN_POINT ( 'NONE',  ( 149.9999999999999716, 20.00000000000000000, -150.0000000000000000 ) ) ;
#578 = ORIENTED_EDGE ( 'NONE', *, *, #1372, .T. ) ;
#579 = AXIS2_PLACEMENT_3D ( 'NONE', #3978, #1534, #2229 ) ;
#580 = CARTESIAN_POINT ( 'NONE',  ( -2.140462239949360482E-14, 1400.000000000000227, 0.0000000000000000000 ) ) ;
#581 = DIRECTION ( 'NONE',  ( 0.0000000000000000000, 0.0000000000000000000, 1.000000000000000000 ) ) ;
#582 = EDGE_CURVE ( 'NONE', #3979, #3220, #3706, .T. ) ;
#583 = EDGE_LOOP ( 'NONE', ( #3574, #3344 ) ) ;
#584 = LINE ( 'NONE', #2061, #1168 ) ;
#585 = CARTESIAN_POINT ( 'NONE',  ( -69.99999999999998579, 1380.000000000000227, 69.99999999999998579 ) ) ;
#586 = CARTESIAN_POINT ( 'NONE',  ( -78.00000000000000000, 1380.000000000000227, -67.99999999999991473 ) ) ;
#587 = VERTEX_POINT ( 'NONE', #2814 ) ;
#588 = CARTESIAN_POINT ( 'NONE',  ( 30.00000000000000000, 20.00000000000000000, -129.5000000000000000 ) ) ;
#589 = CIRCLE ( 'NONE', #2469, 75.00000000000001421 ) ;
#590 = FACE_OUTER_BOUND ( 'NONE', #2757, .T. ) ;
#591 = FILL_AREA_STYLE ('',( #3438 ) ) ;
#592 = ORIENTED_EDGE ( 'NONE', *, *, #2538, .T. ) ;
#593 = DIRECTION ( 'NONE',  ( -0.0000000000000000000, -0.0000000000000000000, -1.000000000000000000 ) ) ;
#594 = DIRECTION ( 'NONE',  ( -1.850371707708594316E-16, -0.0000000000000000000, -1.000000000000000000 ) ) ;
#595 = EDGE_CURVE ( 'NONE', #500, #3127, #2651, .T. ) ;
#596 = EDGE_LOOP ( 'NONE', ( #429, #2860 ) ) ;
#597 = DIRECTION ( 'NONE',  ( -0.7071067811865541231, 0.0000000000000000000, 0.7071067811865409114 ) ) ;
#598 = LINE ( 'NONE', #2145, #4311 ) ;
#599 = ORIENTED_EDGE ( 'NONE', *, *, #2672, .T. ) ;
#600 = MECHANICAL_DESIGN_GEOMETRIC_PRESENTATION_REPRESENTATION (  '', ( #1767 ), #4455 ) ;
#601 = ORIENTED_EDGE ( 'NONE', *, *, #1694, .T. ) ;
#602 = DIRECTION ( 'NONE',  ( 1.000000000000000000, -9.244463733058732095E-33, -1.982541115402068315E-16 ) ) ;
#603 = DIRECTION ( 'NONE',  ( 0.0000000000000000000, 0.0000000000000000000, -1.000000000000000000 ) ) ;
#604 = CIRCLE ( 'NONE', #2441, 5.099999999999993427 ) ;
#605 = DIRECTION ( 'NONE',  ( 0.0000000000000000000, 1.000000000000000000, 0.0000000000000000000 ) ) ;
#606 = CIRCLE ( 'NONE', #177, 4.500000000000003553 ) ;
#607 = UNCERTAINTY_MEASURE_WITH_UNIT (LENGTH_MEASURE( 1.000000000000000082E-05 ), #3564, 'distance_accuracy_value', 'NONE');
#608 = ORIENTED_EDGE ( 'NONE', *, *, #3793, .F. ) ;
#609 = FILL_AREA_STYLE ('',( #2781 ) ) ;
#610 = LINE ( 'NONE', #3274, #2208 ) ;
#611 = AXIS2_PLACEMENT_3D ( 'NONE', #1813, #2825, #2479 ) ;
#612 = DIRECTION ( 'NONE',  ( 0.0000000000000000000, 0.0000000000000000000, 1.000000000000000000 ) ) ;
#613 = LINE ( 'NONE', #397, #3870 ) ;
#614 = CARTESIAN_POINT ( 'NONE',  ( 90.00000000000000000, 20.00000000000001776, 7.499999999999985789 ) ) ;
#615 = EDGE_CURVE ( 'NONE', #411, #218, #4048, .T. ) ;
#616 = ORIENTED_EDGE ( 'NONE', *, *, #1806, .F. ) ;
#617 = SURFACE_STYLE_USAGE ( .BOTH. , #649 ) ;
#618 = CARTESIAN_POINT ( 'NONE',  ( 90.00000000000000000, 1355.000000000000227, -47.49999999999994316 ) ) ;
#619 = CARTESIAN_POINT ( 'NONE',  ( 30.00000000000000000, 0.0000000000000000000, -129.5000000000000000 ) ) ;
#620 = VERTEX_POINT ( 'NONE', #642 ) ;
#621 = VECTOR ( 'NONE', #3633, 1000.000000000000114 ) ;
#622 = STYLED_ITEM ( 'NONE', ( #4068 ), #4157 ) ;
#623 = CARTESIAN_POINT ( 'NONE',  ( 77.99999999999998579, 1315.000000000000227, -42.50000000000004974 ) ) ;
#624 = CARTESIAN_POINT ( 'NONE',  ( 125.0000000000000568, 1400.000000000000227, 115.0000000000000142 ) ) ;
#625 = CARTESIAN_POINT ( 'NONE',  ( 115.0000000000000711, 1380.000000000000227, -124.9999999999999432 ) ) ;
#626 = FACE_OUTER_BOUND ( 'NONE', #1118, .T. ) ;
#627 = EDGE_CURVE ( 'NONE', #1205, #1824, #3412, .T. ) ;
#628 = SURFACE_SIDE_STYLE ('',( #1635 ) ) ;
#629 = ORIENTED_EDGE ( 'NONE', *, *, #1372, .F. ) ;
#630 = DIRECTION ( 'NONE',  ( 1.232595164407831493E-32, -0.9805806756909202226, -0.1961161351381840168 ) ) ;
#631 = SURFACE_STYLE_FILL_AREA ( #2264 ) ;
#632 = EDGE_LOOP ( 'NONE', ( #84, #531, #998, #1887 ) ) ;
#633 = EDGE_CURVE ( 'NONE', #1857, #2327, #3094, .T. ) ;
#634 = CARTESIAN_POINT ( 'NONE',  ( -29.99999999999998579, 20.00000000000000000, 125.0000000000000284 ) ) ;
#635 = ORIENTED_EDGE ( 'NONE', *, *, #3238, .T. ) ;
#636 = DIRECTION ( 'NONE',  ( 0.0000000000000000000, 0.0000000000000000000, -1.000000000000000000 ) ) ;
#637 = DIRECTION ( 'NONE',  ( 0.0000000000000000000, 0.0000000000000000000, 1.000000000000000000 ) ) ;
#638 = CARTESIAN_POINT ( 'NONE',  ( -140.0000000000000000, 0.0000000000000000000, -150.0000000000000000 ) ) ;
#639 = AXIS2_PLACEMENT_3D ( 'NONE', #1682, #2474, #1778 ) ;
#640 = ORIENTED_EDGE ( 'NONE', *, *, #344, .F. ) ;
#641 = CARTESIAN_POINT ( 'NONE',  ( -67.99999999999991473, 20.00000000000000355, -77.99999999999998579 ) ) ;
#642 = CARTESIAN_POINT ( 'NONE',  ( 77.99999999999998579, 1380.000000000000227, -67.99999999999991473 ) ) ;
#643 = CARTESIAN_POINT ( 'NONE',  ( -70.00000000000000000, 1400.000000000000227, 98.00000000000000000 ) ) ;
#644 = CARTESIAN_POINT ( 'NONE',  ( 90.00000000000000000, 1315.000000000000227, -45.00000000000000000 ) ) ;
#645 = CYLINDRICAL_SURFACE ( 'NONE', #1142, 5.099999999999993427 ) ;
#646 = ORIENTED_EDGE ( 'NONE', *, *, #3476, .F. ) ;
#647 = FACE_OUTER_BOUND ( 'NONE', #168, .T. ) ;
#648 = CYLINDRICAL_SURFACE ( 'NONE', #4371, 2.499999999999946709 ) ;
#649 = SURFACE_SIDE_STYLE ('',( #4329 ) ) ;
#650 = CARTESIAN_POINT ( 'NONE',  ( -150.0000000000000284, 20.00000000000000000, -139.9999999999999716 ) ) ;
#651 = VECTOR ( 'NONE', #1737, 1000.000000000000000 ) ;
#652 = AXIS2_PLACEMENT_3D ( 'NONE', #3486, #2815, #2040 ) ;
#653 = CARTESIAN_POINT ( 'NONE',  ( -124.9999999999999432, 1400.000000000000227, 115.0000000000000426 ) ) ;
#654 = ORIENTED_EDGE ( 'NONE', *, *, #4330, .T. ) ;
#655 = VECTOR ( 'NONE', #2205, 1000.000000000000114 ) ;
#656 = DIRECTION ( 'NONE',  ( -1.000000000000000000, 0.0000000000000000000, 1.020425574104005602E-16 ) ) ;
#657 = CARTESIAN_POINT ( 'NONE',  ( -62.50000000000002842, 1400.000000000000227, 7.654042494670957804E-15 ) ) ;
#658 = AXIS2_PLACEMENT_3D ( 'NONE', #692, #1428, #3175 ) ;
#659 = ORIENTED_EDGE ( 'NONE', *, *, #3042, .F. ) ;
#660 = DIRECTION ( 'NONE',  ( -0.0000000000000000000, 1.000000000000000000, -0.0000000000000000000 ) ) ;
#661 =( LENGTH_UNIT ( ) NAMED_UNIT ( * ) SI_UNIT ( .MILLI., .METRE. ) );
#662 = ORIENTED_EDGE ( 'NONE', *, *, #3790, .F. ) ;
#663 = CARTESIAN_POINT ( 'NONE',  ( -67.99999999999991473, 1380.000000000000227, -77.99999999999998579 ) ) ;
#664 = ORIENTED_EDGE ( 'NONE', *, *, #1884, .T. ) ;
#665 = EDGE_CURVE ( 'NONE', #2862, #2506, #1306, .T. ) ;
#666 = DIRECTION ( 'NONE',  ( -0.0000000000000000000, 1.000000000000000000, -0.0000000000000000000 ) ) ;
#667 = DIRECTION ( 'NONE',  ( 0.7071067811865475727, 0.0000000000000000000, 0.7071067811865475727 ) ) ;
#668 = ORIENTED_EDGE ( 'NONE', *, *, #2343, .F. ) ;
#669 = ORIENTED_EDGE ( 'NONE', *, *, #2104, .F. ) ;
#670 = AXIS2_PLACEMENT_3D ( 'NONE', #761, #457, #831 ) ;
#671 = MANIFOLD_SOLID_BREP ( 'Ø6.0mm Dowel Hole1', #4657 ) ;
#672 = PRESENTATION_STYLE_ASSIGNMENT (( #4197 ) ) ;
#673 = EDGE_CURVE ( 'NONE', #1417, #1045, #3821, .T. ) ;
#674 = EDGE_LOOP ( 'NONE', ( #4028, #361 ) ) ;
#675 = VERTEX_POINT ( 'NONE', #1741 ) ;
#676 = AXIS2_PLACEMENT_3D ( 'NONE', #560, #194, #2691 ) ;
#677 = CARTESIAN_POINT ( 'NONE',  ( -7.500000000001047162, -0.001000000000001000089, 149.9999999999999716 ) ) ;
#678 = LINE ( 'NONE', #4394, #1640 ) ;
#679 = EDGE_CURVE ( 'NONE', #1535, #1236, #963, .T. ) ;
#680 = ADVANCED_FACE ( 'NONE', ( #3577 ), #4581, .F. ) ;
#681 = LINE ( 'NONE', #2415, #2102 ) ;
#682 = CARTESIAN_POINT ( 'NONE',  ( -124.9999999999999716, 20.00000000000000000, -25.50000000000000355 ) ) ;
#683 = CLOSED_SHELL ( 'NONE', ( #386, #3011, #4123, #1488, #98, #4017, #1141 ) ) ;
#684 =( LENGTH_UNIT ( ) NAMED_UNIT ( * ) SI_UNIT ( .MILLI., .METRE. ) );
#685 = DIRECTION ( 'NONE',  ( -0.0000000000000000000, -1.000000000000000000, -0.0000000000000000000 ) ) ;
#686 = LINE ( 'NONE', #4310, #1771 ) ;
#687 = ORIENTED_EDGE ( 'NONE', *, *, #535, .T. ) ;
#688 = EDGE_CURVE ( 'NONE', #4161, #982, #4323, .T. ) ;
#689 = CIRCLE ( 'NONE', #959, 9.999999999999994671 ) ;
#690 = DIRECTION ( 'NONE',  ( 1.573356716244963174E-33, -1.000000000000000000, -3.081487911019577365E-33 ) ) ;
#691 = CARTESIAN_POINT ( 'NONE',  ( 70.00000000000000000, 1399.500000000000227, -92.00000000000000000 ) ) ;
#692 = CARTESIAN_POINT ( 'NONE',  ( -70.00000000000000000, 1380.000000000000227, 95.00000000000000000 ) ) ;
#693 = ORIENTED_EDGE ( 'NONE', *, *, #3410, .T. ) ;
#694 =( NAMED_UNIT ( * ) SI_UNIT ( $, .STERADIAN. ) SOLID_ANGLE_UNIT ( ) );
#695 = SURFACE_STYLE_USAGE ( .BOTH. , #1734 ) ;
#696 = AXIS2_PLACEMENT_3D ( 'NONE', #4430, #2722, #1303 ) ;
#697 = VERTEX_POINT ( 'NONE', #4182 ) ;
#698 = DIRECTION ( 'NONE',  ( 0.0000000000000000000, 0.0000000000000000000, 1.000000000000000000 ) ) ;
#699 = ORIENTED_EDGE ( 'NONE', *, *, #2458, .F. ) ;
#700 = CARTESIAN_POINT ( 'NONE',  ( 90.00000000000000000, 1380.000000000000227, -84.90000000000000568 ) ) ;
#701 = MECHANICAL_DESIGN_GEOMETRIC_PRESENTATION_REPRESENTATION (  '', ( #3572 ), #2409 ) ;
#702 = FACE_OUTER_BOUND ( 'NONE', #1633, .T. ) ;
#703 = EDGE_CURVE ( 'NONE', #3630, #2567, #4162, .T. ) ;
#704 = EDGE_LOOP ( 'NONE', ( #2221, #716 ) ) ;
#705 = CARTESIAN_POINT ( 'NONE',  ( 142.5000000000000568, 20.00000000000000000, 4.975360907851466735E-13 ) ) ;
#706 = SURFACE_SIDE_STYLE ('',( #3262 ) ) ;
#707 = ORIENTED_EDGE ( 'NONE', *, *, #2232, .T. ) ;
#708 = CARTESIAN_POINT ( 'NONE',  ( -7.500000000000000000, 20.00000000000003197, -89.99999999999998579 ) ) ;
#709 = VECTOR ( 'NONE', #2542, 1000.000000000000000 ) ;
#710 = ORIENTED_EDGE ( 'NONE', *, *, #2344, .T. ) ;
#711 = DIRECTION ( 'NONE',  ( -0.0000000000000000000, -1.000000000000000000, -0.0000000000000000000 ) ) ;
#712 = DIRECTION ( 'NONE',  ( 0.0000000000000000000, 0.0000000000000000000, 1.000000000000000000 ) ) ;
#713 = CARTESIAN_POINT ( 'NONE',  ( 150.0000000000000284, 20.00000000000000000, 139.9999999999999716 ) ) ;
#714 = AXIS2_PLACEMENT_3D ( 'NONE', #823, #1552, #4406 ) ;
#715 = LINE ( 'NONE', #618, #4265 ) ;
#716 = ORIENTED_EDGE ( 'NONE', *, *, #3847, .T. ) ;
#717 = EDGE_LOOP ( 'NONE', ( #356, #554, #4268, #2093 ) ) ;
#718 = FACE_OUTER_BOUND ( 'NONE', #539, .T. ) ;
#719 = SURFACE_STYLE_USAGE ( .BOTH. , #354 ) ;
#720 = COLOUR_RGB ( '',1.000000000000000000, 1.000000000000000000, 1.000000000000000000 ) ;
#721 = DIRECTION ( 'NONE',  ( 0.0000000000000000000, 0.0000000000000000000, 1.000000000000000000 ) ) ;
#722 = LINE ( 'NONE', #4487, #3361 ) ;
#723 = EDGE_CURVE ( 'NONE', #1405, #1111, #3756, .T. ) ;
#724 = ORIENTED_EDGE ( 'NONE', *, *, #1789, .F. ) ;
#725 = CARTESIAN_POINT ( 'NONE',  ( -90.00000000000000000, 1400.000000000000227, -90.00000000000000000 ) ) ;
#726 = CIRCLE ( 'NONE', #2627, 7.500000000000007105 ) ;
#727 = DIRECTION ( 'NONE',  ( -0.0000000000000000000, 1.000000000000000000, -0.0000000000000000000 ) ) ;
#728 = LINE ( 'NONE', #837, #3699 ) ;
#729 = VERTEX_POINT ( 'NONE', #4661 ) ;
#730 = LINE ( 'NONE', #244, #4493 ) ;
#731 = AXIS2_PLACEMENT_3D ( 'NONE', #1578, #509, #4125 ) ;
#732 = CARTESIAN_POINT ( 'NONE',  ( 30.00000000000000000, 20.00000000000000000, -129.5000000000000000 ) ) ;
#733 = VERTEX_POINT ( 'NONE', #1819 ) ;
#734 = LINE ( 'NONE', #1822, #48 ) ;
#735 = FACE_BOUND ( 'NONE', #583, .T. ) ;
#736 = CARTESIAN_POINT ( 'NONE',  ( 30.00000000000001421, 20.00000000000000000, 121.5999999999999943 ) ) ;
#737 = DIRECTION ( 'NONE',  ( 1.000000000000000000, -0.0000000000000000000, -0.0000000000000000000 ) ) ;
#738 = CARTESIAN_POINT ( 'NONE',  ( -124.9999999999999432, 1380.000000000000227, -114.9999999999999574 ) ) ;
#739 = EDGE_CURVE ( 'NONE', #2640, #1768, #1296, .T. ) ;
#740 = CARTESIAN_POINT ( 'NONE',  ( 149.9999999999999716, 20.00000000000000000, -139.9999999999999716 ) ) ;
#741 = PLANE ( 'NONE',  #4646 ) ;
#742 = ORIENTED_EDGE ( 'NONE', *, *, #3785, .T. ) ;
#743 = LINE ( 'NONE', #3948, #2601 ) ;
#744 = AXIS2_PLACEMENT_3D ( 'NONE', #1353, #1314, #2396 ) ;
#745 = ORIENTED_EDGE ( 'NONE', *, *, #665, .F. ) ;
#746 = CARTESIAN_POINT ( 'NONE',  ( -70.00000000000000000, 1380.000000000000227, 95.00000000000000000 ) ) ;
#747 = CARTESIAN_POINT ( 'NONE',  ( 90.00000000000000000, 220.0000000000000284, -7.500000000000013323 ) ) ;
#748 = ORIENTED_EDGE ( 'NONE', *, *, #1853, .F. ) ;
#749 = EDGE_CURVE ( 'NONE', #2393, #3837, #325, .T. ) ;
#750 = DIRECTION ( 'NONE',  ( 0.7071067811865455743, 0.0000000000000000000, 0.7071067811865493491 ) ) ;
#751 = DIRECTION ( 'NONE',  ( 0.0000000000000000000, -3.081487911019577365E-33, -1.000000000000000000 ) ) ;
#752 = ADVANCED_FACE ( 'NONE', ( #552 ), #353, .F. ) ;
#753 = FACE_BOUND ( 'NONE', #35, .T. ) ;
#754 = UNCERTAINTY_MEASURE_WITH_UNIT (LENGTH_MEASURE( 1.000000000000000082E-05 ), #2270, 'distance_accuracy_value', 'NONE');
#755 = VERTEX_POINT ( 'NONE', #4648 ) ;
#756 = DIRECTION ( 'NONE',  ( 0.0000000000000000000, 0.0000000000000000000, -1.000000000000000000 ) ) ;
#757 = AXIS2_PLACEMENT_3D ( 'NONE', #385, #2904, #750 ) ;
#758 = VERTEX_POINT ( 'NONE', #1774 ) ;
#759 = LINE ( 'NONE', #1047, #1336 ) ;
#760 = FACE_OUTER_BOUND ( 'NONE', #2160, .T. ) ;
#761 = CARTESIAN_POINT ( 'NONE',  ( -69.99999999999985789, 1380.000000000000227, 90.00000000000000000 ) ) ;
#762 = DIRECTION ( 'NONE',  ( 0.0000000000000000000, 0.0000000000000000000, 1.000000000000000000 ) ) ;
#763 = CARTESIAN_POINT ( 'NONE',  ( 90.00000000000000000, 1380.000000000000227, 69.99999999999982947 ) ) ;
#764 = VERTEX_POINT ( 'NONE', #3575 ) ;
#765 = AXIS2_PLACEMENT_3D ( 'NONE', #3471, #4563, #4233 ) ;
#766 = ADVANCED_FACE ( 'NONE', ( #896 ), #2512, .T. ) ;
#767 = LINE ( 'NONE', #3609, #709 ) ;
#768 = EDGE_CURVE ( 'NONE', #3266, #172, #1022, .T. ) ;
#769 = CARTESIAN_POINT ( 'NONE',  ( 69.99999999999985789, 1380.000000000000227, 89.99999999999997158 ) ) ;
#770 = VERTEX_POINT ( 'NONE', #2877 ) ;
#771 = ADVANCED_FACE ( 'NONE', ( #3084 ), #4483, .F. ) ;
#772 = CARTESIAN_POINT ( 'NONE',  ( 140.0000000000000000, 20.00000000000000000, 150.0000000000000000 ) ) ;
#773 = DIRECTION ( 'NONE',  ( 1.000000000000000000, -0.0000000000000000000, -0.0000000000000000000 ) ) ;
#774 = VERTEX_POINT ( 'NONE', #705 ) ;
#775 = AXIS2_PLACEMENT_3D ( 'NONE', #162, #3335, #2684 ) ;
#776 = VERTEX_POINT ( 'NONE', #1412 ) ;
#777 = PLANE ( 'NONE',  #2211 ) ;
#778 = FACE_OUTER_BOUND ( 'NONE', #3027, .T. ) ;
#779 = VECTOR ( 'NONE', #4111, 1000.000000000000000 ) ;
#780 = DIRECTION ( 'NONE',  ( 0.0000000000000000000, 0.0000000000000000000, 1.000000000000000000 ) ) ;
#781 = DIRECTION ( 'NONE',  ( -0.0000000000000000000, 1.000000000000000000, -0.0000000000000000000 ) ) ;
#782 = VERTEX_POINT ( 'NONE', #3907 ) ;
#783 = EDGE_CURVE ( 'NONE', #729, #2268, #726, .T. ) ;
#784 = ORIENTED_EDGE ( 'NONE', *, *, #3213, .F. ) ;
#785 = FACE_BOUND ( 'NONE', #951, .T. ) ;
#786 = FACE_OUTER_BOUND ( 'NONE', #2155, .T. ) ;
#787 = COLOUR_RGB ( '',1.000000000000000000, 1.000000000000000000, 1.000000000000000000 ) ;
#788 = VERTEX_POINT ( 'NONE', #2123 ) ;
#789 = CARTESIAN_POINT ( 'NONE',  ( -90.00000000000000000, 1380.000000000000227, -90.00000000000000000 ) ) ;
#790 = DIRECTION ( 'NONE',  ( -0.0000000000000000000, 1.000000000000000000, -0.0000000000000000000 ) ) ;
#791 = STYLED_ITEM ( 'NONE', ( #1138 ), #248 ) ;
#792 = ORIENTED_EDGE ( 'NONE', *, *, #2086, .T. ) ;
#793 = DIRECTION ( 'NONE',  ( 0.0000000000000000000, 0.0000000000000000000, 1.000000000000000000 ) ) ;
#794 = DIRECTION ( 'NONE',  ( -7.401486830834376525E-17, -1.000000000000000000, -0.0000000000000000000 ) ) ;
#795 = DIRECTION ( 'NONE',  ( -0.7071067811865490160, 0.0000000000000000000, 0.7071067811865460184 ) ) ;
#796 = COLOUR_RGB ( '',1.000000000000000000, 1.000000000000000000, 1.000000000000000000 ) ;
#797 = ADVANCED_FACE ( 'NONE', ( #4269, #4435, #3365, #785, #4321 ), #4317, .F. ) ;
#798 = MECHANICAL_DESIGN_GEOMETRIC_PRESENTATION_REPRESENTATION (  '', ( #4009 ), #3112 ) ;
#799 = PLANE ( 'NONE',  #670 ) ;
#800 =( NAMED_UNIT ( * ) PLANE_ANGLE_UNIT ( ) SI_UNIT ( $, .RADIAN. ) );
#801 = EDGE_CURVE ( 'NONE', #1961, #1625, #38, .T. ) ;
#802 = ORIENTED_EDGE ( 'NONE', *, *, #1125, .T. ) ;
#803 =( NAMED_UNIT ( * ) PLANE_ANGLE_UNIT ( ) SI_UNIT ( $, .RADIAN. ) );
#804 = ORIENTED_EDGE ( 'NONE', *, *, #4098, .T. ) ;
#805 = AXIS2_PLACEMENT_3D ( 'NONE', #1346, #2655, #1320 ) ;
#806 = CARTESIAN_POINT ( 'NONE',  ( 124.9999999999999716, 0.0000000000000000000, 30.00000000000000000 ) ) ;
#807 = VECTOR ( 'NONE', #237, 1000.000000000000000 ) ;
#808 = CARTESIAN_POINT ( 'NONE',  ( 124.9999999999999716, 20.00000000000000000, -132.5000000000000000 ) ) ;
#809 = ORIENTED_EDGE ( 'NONE', *, *, #2287, .T. ) ;
#810 = CARTESIAN_POINT ( 'NONE',  ( 90.00000000000000000, 1315.000000000000227, 47.49999999999994316 ) ) ;
#811 = EDGE_CURVE ( 'NONE', #3339, #2640, #610, .T. ) ;
#812 = VECTOR ( 'NONE', #1194, 1000.000000000000000 ) ;
#813 = EDGE_LOOP ( 'NONE', ( #4586, #4627, #29, #3494 ) ) ;
#814 = DIRECTION ( 'NONE',  ( -0.7071067811865536790, -0.0000000000000000000, 0.7071067811865414665 ) ) ;
#815 = FACE_OUTER_BOUND ( 'NONE', #1458, .T. ) ;
#816 = UNCERTAINTY_MEASURE_WITH_UNIT (LENGTH_MEASURE( 1.000000000000000082E-05 ), #2069, 'distance_accuracy_value', 'NONE');
#817 = AXIS2_PLACEMENT_3D ( 'NONE', #2741, #2446, #2073 ) ;
#818 = ORIENTED_EDGE ( 'NONE', *, *, #2425, .T. ) ;
#819 = CARTESIAN_POINT ( 'NONE',  ( 68.00000000000000000, 1380.000000000000227, 67.99999999999995737 ) ) ;
#820 = LINE ( 'NONE', #3342, #3552 ) ;
#821 = DIRECTION ( 'NONE',  ( 0.0000000000000000000, 1.000000000000000000, 0.0000000000000000000 ) ) ;
#822 = ADVANCED_FACE ( 'NONE', ( #4154 ), #312, .F. ) ;
#823 = CARTESIAN_POINT ( 'NONE',  ( 78.00000000000000000, 1315.000000000000227, 45.00000000000000000 ) ) ;
#824 = VECTOR ( 'NONE', #2982, 1000.000000000000000 ) ;
#825 = ORIENTED_EDGE ( 'NONE', *, *, #3439, .F. ) ;
#826 = CARTESIAN_POINT ( 'NONE',  ( -124.9999999999999432, 1400.000000000000227, -114.9999999999999574 ) ) ;
#827 = PRESENTATION_LAYER_ASSIGNMENT (  '', '', ( #1404 ) ) ;
#828 = DIRECTION ( 'NONE',  ( 0.0000000000000000000, -0.0000000000000000000, 1.000000000000000000 ) ) ;
#829 = SURFACE_STYLE_FILL_AREA ( #2660 ) ;
#830 = ORIENTED_EDGE ( 'NONE', *, *, #3014, .F. ) ;
#831 = DIRECTION ( 'NONE',  ( -1.000000000000000000, 0.0000000000000000000, 1.982541115402069301E-16 ) ) ;
#832 =( NAMED_UNIT ( * ) SI_UNIT ( $, .STERADIAN. ) SOLID_ANGLE_UNIT ( ) );
#833 = DIRECTION ( 'NONE',  ( 1.000000000000000000, -0.0000000000000000000, -0.0000000000000000000 ) ) ;
#834 = MECHANICAL_DESIGN_GEOMETRIC_PRESENTATION_REPRESENTATION (  '', ( #4522 ), #1499 ) ;
#835 = VERTEX_POINT ( 'NONE', #4355 ) ;
#836 = EDGE_CURVE ( 'NONE', #343, #1497, #3035, .T. ) ;
#837 = CARTESIAN_POINT ( 'NONE',  ( 142.5000000000000568, -0.001000000000001000089, 4.975360907851466735E-13 ) ) ;
#838 = DIRECTION ( 'NONE',  ( -0.0000000000000000000, -1.000000000000000000, -0.0000000000000000000 ) ) ;
#839 = VERTEX_POINT ( 'NONE', #432 ) ;
#840 = ORIENTED_EDGE ( 'NONE', *, *, #1307, .F. ) ;
#841 = ORIENTED_EDGE ( 'NONE', *, *, #322, .F. ) ;
#842 = DIRECTION ( 'NONE',  ( -0.7071067811865414665, 0.0000000000000000000, -0.7071067811865536790 ) ) ;
#843 = CARTESIAN_POINT ( 'NONE',  ( -9.948639134726988686E-13, 0.0000000000000000000, 142.5000000000000568 ) ) ;
#844 = CIRCLE ( 'NONE', #3636, 3.000000000000002665 ) ;
#845 = EDGE_LOOP ( 'NONE', ( #3313, #3178, #1029, #3906 ) ) ;
#846 = ADVANCED_FACE ( 'NONE', ( #3466 ), #1526, .F. ) ;
#847 = FILL_AREA_STYLE ('',( #1250 ) ) ;
#848 = DIRECTION ( 'NONE',  ( -3.081487911019577365E-33, 0.0000000000000000000, 1.000000000000000000 ) ) ;
#849 = PLANE ( 'NONE',  #4141 ) ;
#850 = EDGE_CURVE ( 'NONE', #3404, #3266, #2378, .T. ) ;
#851 = ORIENTED_EDGE ( 'NONE', *, *, #582, .F. ) ;
#852 = CIRCLE ( 'NONE', #21, 5.099999999999993427 ) ;
#853 = CARTESIAN_POINT ( 'NONE',  ( -124.9999999999999716, 20.00000000000000000, -117.5000000000000142 ) ) ;
#854 = ORIENTED_EDGE ( 'NONE', *, *, #3624, .F. ) ;
#855 = LINE ( 'NONE', #1100, #3099 ) ;
#856 = AXIS2_PLACEMENT_3D ( 'NONE', #3128, #660, #2798 ) ;
#857 = CARTESIAN_POINT ( 'NONE',  ( -7.499999999999994671, 220.0000000000000284, 109.9999999999999858 ) ) ;
#858 = DIRECTION ( 'NONE',  ( -1.000000000000000000, 0.0000000000000000000, 1.020425574104005602E-16 ) ) ;
#859 = AXIS2_PLACEMENT_3D ( 'NONE', #2811, #2153, #2168 ) ;
#860 = ORIENTED_EDGE ( 'NONE', *, *, #2206, .T. ) ;
#861 = CARTESIAN_POINT ( 'NONE',  ( 7.500000000000000000, 20.00000000000003197, -89.99999999999998579 ) ) ;
#862 = DIRECTION ( 'NONE',  ( -0.0000000000000000000, 1.000000000000000000, -0.0000000000000000000 ) ) ;
#863 = FACE_OUTER_BOUND ( 'NONE', #4117, .T. ) ;
#864 = EDGE_CURVE ( 'NONE', #1205, #215, #4600, .T. ) ;
#865 = ITEM_DEFINED_TRANSFORMATION ( 'NONE', 'NONE', #4086,  #4558 ) ;
#866 = VERTEX_POINT ( 'NONE', #1885 ) ;
#867 = CARTESIAN_POINT ( 'NONE',  ( -29.99999999999998579, 20.00000000000000000, 125.0000000000000284 ) ) ;
#868 = ADVANCED_FACE ( 'NONE', ( #2089 ), #1465, .F. ) ;
#869 = ORIENTED_EDGE ( 'NONE', *, *, #992, .T. ) ;
#870 = CIRCLE ( 'NONE', #890, 2.499999999999946709 ) ;
#871 = FILL_AREA_STYLE_COLOUR ( '', #1477 ) ;
#872 = EDGE_LOOP ( 'NONE', ( #223, #840 ) ) ;
#873 = EDGE_CURVE ( 'NONE', #267, #1127, #158, .T. ) ;
#874 = CARTESIAN_POINT ( 'NONE',  ( 90.00000000000000000, 20.00000000000001776, -7.500000000000013323 ) ) ;
#875 = ORIENTED_EDGE ( 'NONE', *, *, #1464, .F. ) ;
#876 = EDGE_CURVE ( 'NONE', #3691, #2291, #1129, .T. ) ;
#877 = CARTESIAN_POINT ( 'NONE',  ( -69.99999999999985789, 20.00000000000000355, 90.00000000000000000 ) ) ;
#878 = EDGE_LOOP ( 'NONE', ( #2375, #1483, #1968, #1384 ) ) ;
#879 = DIRECTION ( 'NONE',  ( -3.061276722312015942E-16, 0.0000000000000000000, -1.000000000000000000 ) ) ;
#880 = CIRCLE ( 'NONE', #2509, 9.999999999999994671 ) ;
#881 = CARTESIAN_POINT ( 'NONE',  ( -7.500000000001047162, 0.0000000000000000000, 149.9999999999999716 ) ) ;
#882 = ORIENTED_EDGE ( 'NONE', *, *, #4631, .F. ) ;
#883 = AXIS2_PLACEMENT_3D ( 'NONE', #2459, #727, #3990 ) ;
#884 = DIRECTION ( 'NONE',  ( -0.0000000000000000000, 1.000000000000000000, -0.0000000000000000000 ) ) ;
#885 = CARTESIAN_POINT ( 'NONE',  ( 90.00000000000000000, 1400.000000000000227, 84.90000000000000568 ) ) ;
#886 = ORIENTED_EDGE ( 'NONE', *, *, #2086, .F. ) ;
#887 = ORIENTED_EDGE ( 'NONE', *, *, #3716, .F. ) ;
#888 = FACE_BOUND ( 'NONE', #952, .T. ) ;
#889 = LINE ( 'NONE', #1184, #2027 ) ;
#890 = AXIS2_PLACEMENT_3D ( 'NONE', #4301, #737, #369 ) ;
#891 = VERTEX_POINT ( 'NONE', #4375 ) ;
#892 = CYLINDRICAL_SURFACE ( 'NONE', #1301, 5.099999999999993427 ) ;
#893 = EDGE_LOOP ( 'NONE', ( #227, #4126, #1403, #724 ) ) ;
#894 = DIRECTION ( 'NONE',  ( 0.0000000000000000000, 0.0000000000000000000, -1.000000000000000000 ) ) ;
#895 = DIRECTION ( 'NONE',  ( -0.0000000000000000000, -1.000000000000000000, -0.0000000000000000000 ) ) ;
#896 = FACE_OUTER_BOUND ( 'NONE', #3839, .T. ) ;
#897 = CIRCLE ( 'NONE', #1641, 20.00000000000000355 ) ;
#898 = ORIENTED_EDGE ( 'NONE', *, *, #2607, .T. ) ;
#899 = AXIS2_PLACEMENT_3D ( 'NONE', #1576, #4138, #155 ) ;
#900 = DIRECTION ( 'NONE',  ( -0.0000000000000000000, 1.000000000000000000, -0.0000000000000000000 ) ) ;
#901 = DIRECTION ( 'NONE',  ( -1.000000000000000000, -3.851859888774471706E-33, 1.982541115402069301E-16 ) ) ;
#902 = UNCERTAINTY_MEASURE_WITH_UNIT (LENGTH_MEASURE( 1.000000000000000082E-05 ), #661, 'distance_accuracy_value', 'NONE');
#903 = CARTESIAN_POINT ( 'NONE',  ( 77.99999999999998579, 1380.000000000000227, -67.99999999999991473 ) ) ;
#904 = ORIENTED_EDGE ( 'NONE', *, *, #801, .F. ) ;
#905 = LINE ( 'NONE', #2258, #2279 ) ;
#906 = CARTESIAN_POINT ( 'NONE',  ( -124.9999999999999716, 20.00000000000000000, 132.5000000000000000 ) ) ;
#907 = EDGE_CURVE ( 'NONE', #2286, #3297, #2328, .T. ) ;
#908 = LINE ( 'NONE', #4666, #3156 ) ;
#909 = CARTESIAN_POINT ( 'NONE',  ( 30.00000000000001421, 20.00000000000000000, 128.4000000000000057 ) ) ;
#910 = DIRECTION ( 'NONE',  ( 0.0000000000000000000, 1.000000000000000000, 0.0000000000000000000 ) ) ;
#911 = PLANE ( 'NONE',  #1134 ) ;
#912 = ORIENTED_EDGE ( 'NONE', *, *, #3234, .F. ) ;
#913 = AXIS2_PLACEMENT_3D ( 'NONE', #746, #2871, #4335 ) ;
#914 = ADVANCED_FACE ( 'NONE', ( #501 ), #3980, .F. ) ;
#915 = DIRECTION ( 'NONE',  ( 0.0000000000000000000, 0.0000000000000000000, 1.000000000000000000 ) ) ;
#916 = EDGE_LOOP ( 'NONE', ( #419, #2573, #2473, #1272 ) ) ;
#917 = CARTESIAN_POINT ( 'NONE',  ( 69.99999999999998579, 20.00000000000000355, 69.99999999999998579 ) ) ;
#918 = FACE_BOUND ( 'NONE', #3025, .T. ) ;
#919 = AXIS2_PLACEMENT_3D ( 'NONE', #1929, #56, #3639 ) ;
#920 = ADVANCED_FACE ( 'NONE', ( #382 ), #4328, .F. ) ;
#921 = ORIENTED_EDGE ( 'NONE', *, *, #864, .F. ) ;
#922 = EDGE_CURVE ( 'NONE', #1490, #3249, #3143, .T. ) ;
#923 = VECTOR ( 'NONE', #1850, 1000.000000000000000 ) ;
#924 = EDGE_LOOP ( 'NONE', ( #2598, #3420, #4194, #4207 ) ) ;
#925 = DIRECTION ( 'NONE',  ( 0.0000000000000000000, -3.081487911019577365E-33, -1.000000000000000000 ) ) ;
#926 = VECTOR ( 'NONE', #4489, 1000.000000000000000 ) ;
#927 =( GEOMETRIC_REPRESENTATION_CONTEXT ( 3 ) GLOBAL_UNCERTAINTY_ASSIGNED_CONTEXT ( ( #3446 ) ) GLOBAL_UNIT_ASSIGNED_CONTEXT ( ( #1136, #1496, #2245 ) ) REPRESENTATION_CONTEXT ( 'NONE', 'WORKASPACE' ) );
#928 = ORIENTED_EDGE ( 'NONE', *, *, #1596, .F. ) ;
#929 = DIRECTION ( 'NONE',  ( 7.401486830834376525E-17, 1.000000000000000000, 0.0000000000000000000 ) ) ;
#930 = LINE ( 'NONE', #103, #69 ) ;
#931 = CYLINDRICAL_SURFACE ( 'NONE', #2329, 19.99999999999999645 ) ;
#932 = DIRECTION ( 'NONE',  ( 0.0000000000000000000, 0.0000000000000000000, 1.000000000000000000 ) ) ;
#933 = CARTESIAN_POINT ( 'NONE',  ( -124.9999999999999716, 0.0000000000000000000, 30.00000000000000000 ) ) ;
#934 = DIRECTION ( 'NONE',  ( 0.7071067811865561215, 0.0000000000000000000, -0.7071067811865390240 ) ) ;
#935 = CYLINDRICAL_SURFACE ( 'NONE', #4496, 2.499999999999946709 ) ;
#936 = EDGE_CURVE ( 'NONE', #3697, #3118, #3359, .T. ) ;
#937 = ORIENTED_EDGE ( 'NONE', *, *, #801, .T. ) ;
#938 = FILL_AREA_STYLE_COLOUR ( '', #3352 ) ;
#939 = ORIENTED_EDGE ( 'NONE', *, *, #31, .F. ) ;
#940 = AXIS2_PLACEMENT_3D ( 'NONE', #1440, #1748, #2109 ) ;
#941 = EDGE_CURVE ( 'NONE', #3220, #564, #3811, .T. ) ;
#942 = DIRECTION ( 'NONE',  ( -1.982541115402068315E-16, 2.643730416807458443E-35, -1.000000000000000000 ) ) ;
#943 = DIRECTION ( 'NONE',  ( 0.0000000000000000000, 0.0000000000000000000, 1.000000000000000000 ) ) ;
#944 = ADVANCED_FACE ( 'NONE', ( #2432 ), #2345, .F. ) ;
#945 = EDGE_LOOP ( 'NONE', ( #3613, #160 ) ) ;
#946 = CIRCLE ( 'NONE', #639, 3.500000000000003109 ) ;
#947 = STYLED_ITEM ( 'NONE', ( #2685 ), #1977 ) ;
#948 = DIRECTION ( 'NONE',  ( -0.0000000000000000000, 1.000000000000000000, -0.0000000000000000000 ) ) ;
#949 = DIRECTION ( 'NONE',  ( -0.0000000000000000000, 1.000000000000000000, -0.0000000000000000000 ) ) ;
#950 = CARTESIAN_POINT ( 'NONE',  ( 150.0000000000000000, -0.001000000000001000089, 7.500000000000524025 ) ) ;
#951 = EDGE_LOOP ( 'NONE', ( #2774, #2199 ) ) ;
#952 = EDGE_LOOP ( 'NONE', ( #1681, #2661 ) ) ;
#953 = EDGE_CURVE ( 'NONE', #3503, #1111, #3461, .T. ) ;
#954 = LINE ( 'NONE', #3033, #2642 ) ;
#955 = CARTESIAN_POINT ( 'NONE',  ( -90.00000000000000000, 1400.000000000000227, -95.09999999999999432 ) ) ;
#956 = LINE ( 'NONE', #2365, #3462 ) ;
#957 = ORIENTED_EDGE ( 'NONE', *, *, #2339, .T. ) ;
#958 = CARTESIAN_POINT ( 'NONE',  ( 30.00000000000001421, 0.0000000000000000000, 121.5999999999999943 ) ) ;
#959 = AXIS2_PLACEMENT_3D ( 'NONE', #3417, #1295, #1324 ) ;
#960 = DIRECTION ( 'NONE',  ( 0.0000000000000000000, 1.000000000000000000, 0.0000000000000000000 ) ) ;
#961 = EDGE_LOOP ( 'NONE', ( #185, #2356, #2993, #2901 ) ) ;
#962 = CARTESIAN_POINT ( 'NONE',  ( -90.00000000000000000, 1400.000000000000227, 84.90000000000000568 ) ) ;
#963 = CIRCLE ( 'NONE', #3248, 20.00000000000000355 ) ;
#964 = UNCERTAINTY_MEASURE_WITH_UNIT (LENGTH_MEASURE( 1.000000000000000082E-05 ), #2408, 'distance_accuracy_value', 'NONE');
#965 = EDGE_CURVE ( 'NONE', #42, #1718, #3861, .T. ) ;
#966 = FILL_AREA_STYLE_COLOUR ( '', #787 ) ;
#967 = ORIENTED_EDGE ( 'NONE', *, *, #1173, .F. ) ;
#968 = CARTESIAN_POINT ( 'NONE',  ( -142.5000000000000568, 20.00000000000000000, -1.492608272355440021E-12 ) ) ;
#969 = CARTESIAN_POINT ( 'NONE',  ( -30.00000000000001421, 0.0000000000000000000, -125.0000000000000000 ) ) ;
#970 = FACE_BOUND ( 'NONE', #2925, .T. ) ;
#971 = CARTESIAN_POINT ( 'NONE',  ( 69.99999999999985789, 20.00000000000000355, -90.00000000000000000 ) ) ;
#972 = ORIENTED_EDGE ( 'NONE', *, *, #4288, .T. ) ;
#973 = CARTESIAN_POINT ( 'NONE',  ( 90.00000000000000000, 1400.000000000000227, 95.09999999999999432 ) ) ;
#974 = EDGE_CURVE ( 'NONE', #1313, #172, #4538, .T. ) ;
#975 = DIRECTION ( 'NONE',  ( -3.081487911019577365E-33, 0.0000000000000000000, 1.000000000000000000 ) ) ;
#976 = EDGE_LOOP ( 'NONE', ( #3161, #2495, #2376, #2664, #469, #1712, #640, #939 ) ) ;
#977 = PLANE ( 'NONE',  #2932 ) ;
#978 = EDGE_CURVE ( 'NONE', #1718, #1674, #2201, .T. ) ;
#979 = DIRECTION ( 'NONE',  ( -0.0000000000000000000, 1.000000000000000000, -0.0000000000000000000 ) ) ;
#980 = DIRECTION ( 'NONE',  ( -0.0000000000000000000, 1.000000000000000000, -0.0000000000000000000 ) ) ;
#981 = LINE ( 'NONE', #2346, #3775 ) ;
#982 = VERTEX_POINT ( 'NONE', #1206 ) ;
#983 = EDGE_CURVE ( 'NONE', #1449, #4080, #4431, .T. ) ;
#984 = CARTESIAN_POINT ( 'NONE',  ( -124.9999999999999716, 0.0000000000000000000, -125.0000000000000000 ) ) ;
#985 = DIRECTION ( 'NONE',  ( 0.0000000000000000000, 1.000000000000000000, 0.0000000000000000000 ) ) ;
#986 =( NAMED_UNIT ( * ) SI_UNIT ( $, .STERADIAN. ) SOLID_ANGLE_UNIT ( ) );
#987 = ORIENTED_EDGE ( 'NONE', *, *, #3439, .T. ) ;
#988 = DIRECTION ( 'NONE',  ( 0.0000000000000000000, 0.0000000000000000000, 1.000000000000000000 ) ) ;
#989 = CYLINDRICAL_SURFACE ( 'NONE', #4020, 3.399999999999986144 ) ;
#990 = CARTESIAN_POINT ( 'NONE',  ( -149.9999999999999432, -0.001000000000001000089, -7.500000000001570299 ) ) ;
#991 = AXIS2_PLACEMENT_3D ( 'NONE', #1309, #605, #1325 ) ;
#992 = EDGE_CURVE ( 'NONE', #4022, #1003, #2863, .T. ) ;
#993 = EDGE_LOOP ( 'NONE', ( #1598, #3824, #1120, #4296 ) ) ;
#994 = CONICAL_SURFACE ( 'NONE', #1645, 3.500000000000003109, 0.7853981633975037902 ) ;
#995 = LINE ( 'NONE', #2384, #2063 ) ;
#996 = CARTESIAN_POINT ( 'NONE',  ( -30.00000000000001421, 20.00000000000000000, -121.5999999999999943 ) ) ;
#997 = DIRECTION ( 'NONE',  ( -0.0000000000000000000, -1.000000000000000000, -0.0000000000000000000 ) ) ;
#998 = ORIENTED_EDGE ( 'NONE', *, *, #304, .T. ) ;
#999 = AXIS2_PLACEMENT_3D ( 'NONE', #1005, #3200, #1415 ) ;
#1000 = FACE_OUTER_BOUND ( 'NONE', #1839, .T. ) ;
#1001 = EDGE_CURVE ( 'NONE', #2431, #2060, #954, .T. ) ;
#1002 = LINE ( 'NONE', #3418, #18 ) ;
#1003 = VERTEX_POINT ( 'NONE', #2985 ) ;
#1004 = DIRECTION ( 'NONE',  ( -0.7071067811865434649, -0.0000000000000000000, -0.7071067811865516806 ) ) ;
#1005 = CARTESIAN_POINT ( 'NONE',  ( 90.00000000000000000, 1400.000000000000227, -90.00000000000000000 ) ) ;
#1006 = EDGE_CURVE ( 'NONE', #675, #2794, #1016, .T. ) ;
#1007 = CARTESIAN_POINT ( 'NONE',  ( 140.0000000000000000, 70.00000000000001421, -7.500000000000013323 ) ) ;
#1008 = ORIENTED_EDGE ( 'NONE', *, *, #4325, .F. ) ;
#1009 = FILL_AREA_STYLE ('',( #938 ) ) ;
#1010 = COLOUR_RGB ( '',1.000000000000000000, 1.000000000000000000, 1.000000000000000000 ) ;
#1011 = VERTEX_POINT ( 'NONE', #3351 ) ;
#1012 = AXIS2_PLACEMENT_3D ( 'NONE', #1351, #3504, #612 ) ;
#1013 = VERTEX_POINT ( 'NONE', #97 ) ;
#1014 = DIRECTION ( 'NONE',  ( -0.0000000000000000000, 1.000000000000000000, -0.0000000000000000000 ) ) ;
#1015 = PRODUCT_DEFINITION_SHAPE ( 'NONE', 'NONE',  #220 ) ;
#1016 = CIRCLE ( 'NONE', #201, 7.500000000000007105 ) ;
#1017 = CARTESIAN_POINT ( 'NONE',  ( 150.0000000000000284, 20.00000000000000000, 139.9999999999999716 ) ) ;
#1018 = VECTOR ( 'NONE', #3723, 1000.000000000000000 ) ;
#1019 = ORIENTED_EDGE ( 'NONE', *, *, #3521, .T. ) ;
#1020 = CARTESIAN_POINT ( 'NONE',  ( 70.00000000000000000, 1400.000000000000227, -95.00000000000000000 ) ) ;
#1021 = VERTEX_POINT ( 'NONE', #464 ) ;
#1022 = LINE ( 'NONE', #677, #274 ) ;
#1023 =( NAMED_UNIT ( * ) SI_UNIT ( $, .STERADIAN. ) SOLID_ANGLE_UNIT ( ) );
#1024 = EDGE_CURVE ( 'NONE', #4557, #774, #728, .T. ) ;
#1025 = ORIENTED_EDGE ( 'NONE', *, *, #4143, .F. ) ;
#1026 = ADVANCED_FACE ( 'NONE', ( #718 ), #1937, .F. ) ;
#1027 = DIRECTION ( 'NONE',  ( 0.7071067811865474617, 0.0000000000000000000, -0.7071067811865474617 ) ) ;
#1028 = CARTESIAN_POINT ( 'NONE',  ( -29.99999999999998579, 0.0000000000000000000, 125.0000000000000284 ) ) ;
#1029 = ORIENTED_EDGE ( 'NONE', *, *, #4562, .F. ) ;
#1030 = FACE_BOUND ( 'NONE', #2550, .T. ) ;
#1031 = AXIS2_PLACEMENT_3D ( 'NONE', #3091, #910, #943 ) ;
#1032 = DIRECTION ( 'NONE',  ( 1.000000000000000000, 2.049870396302940066E-34, -3.081487911019577365E-33 ) ) ;
#1033 = CARTESIAN_POINT ( 'NONE',  ( -29.99999999999998579, 0.0000000000000000000, 125.0000000000000284 ) ) ;
#1034 = COLOUR_RGB ( '',1.000000000000000000, 1.000000000000000000, 1.000000000000000000 ) ;
#1035 = EDGE_CURVE ( 'NONE', #3231, #1354, #2532, .T. ) ;
#1036 = DIRECTION ( 'NONE',  ( 0.0000000000000000000, 1.000000000000000000, 0.0000000000000000000 ) ) ;
#1037 =( NAMED_UNIT ( * ) PLANE_ANGLE_UNIT ( ) SI_UNIT ( $, .RADIAN. ) );
#1038 = VERTEX_POINT ( 'NONE', #1608 ) ;
#1039 = CARTESIAN_POINT ( 'NONE',  ( 90.00000000000000000, 1315.000000000000227, 45.00000000000000000 ) ) ;
#1040 = SHAPE_DEFINITION_REPRESENTATION ( #4155, #530 ) ;
#1041 = DIRECTION ( 'NONE',  ( 1.000000000000000000, -9.244463733058732095E-33, -1.982541115402069301E-16 ) ) ;
#1042 = PLANE ( 'NONE',  #1201 ) ;
#1043 = ORIENTED_EDGE ( 'NONE', *, *, #294, .T. ) ;
#1044 = FACE_BOUND ( 'NONE', #488, .T. ) ;
#1045 = VERTEX_POINT ( 'NONE', #512 ) ;
#1046 = DIRECTION ( 'NONE',  ( 1.850371707708594316E-16, 0.0000000000000000000, 1.000000000000000000 ) ) ;
#1047 = CARTESIAN_POINT ( 'NONE',  ( -90.00000000000000000, 1400.000000000000227, 84.90000000000000568 ) ) ;
#1048 = AXIS2_PLACEMENT_3D ( 'NONE', #1766, #3181, #4236 ) ;
#1049 = ORIENTED_EDGE ( 'NONE', *, *, #198, .T. ) ;
#1050 = CARTESIAN_POINT ( 'NONE',  ( 90.00000000000000000, 1380.000000000000227, -69.99999999999985789 ) ) ;
#1051 = CARTESIAN_POINT ( 'NONE',  ( -67.99999999999991473, 20.00000000000000355, 78.00000000000000000 ) ) ;
#1052 = DIRECTION ( 'NONE',  ( -0.0000000000000000000, 1.000000000000000000, -0.0000000000000000000 ) ) ;
#1053 = VECTOR ( 'NONE', #167, 999.9999999999998863 ) ;
#1054 = ORIENTED_EDGE ( 'NONE', *, *, #3370, .F. ) ;
#1055 = LINE ( 'NONE', #471, #131 ) ;
#1056 = DIRECTION ( 'NONE',  ( 0.0000000000000000000, 0.0000000000000000000, 1.000000000000000000 ) ) ;
#1057 = FILL_AREA_STYLE ('',( #3864 ) ) ;
#1058 = CIRCLE ( 'NONE', #991, 3.399999999999986144 ) ;
#1059 = AXIS2_PLACEMENT_3D ( 'NONE', #2332, #2045, #2437 ) ;
#1060 = ORIENTED_EDGE ( 'NONE', *, *, #3088, .T. ) ;
#1061 = VECTOR ( 'NONE', #4427, 1000.000000000000000 ) ;
#1062 = CARTESIAN_POINT ( 'NONE',  ( 70.00000000000000000, 1400.000000000000227, -95.00000000000000000 ) ) ;
#1063 = CARTESIAN_POINT ( 'NONE',  ( -150.0000000000000284, 0.0000000000000000000, -150.0000000000000000 ) ) ;
#1064 = AXIS2_PLACEMENT_3D ( 'NONE', #1259, #3733, #2665 ) ;
#1065 = ORIENTED_EDGE ( 'NONE', *, *, #3259, .T. ) ;
#1066 = COLOUR_RGB ( '',1.000000000000000000, 1.000000000000000000, 1.000000000000000000 ) ;
#1067 = CARTESIAN_POINT ( 'NONE',  ( 7.500000000000000000, 220.0000000000000284, 90.00000000000000000 ) ) ;
#1068 = FILL_AREA_STYLE ('',( #2124 ) ) ;
#1069 = ORIENTED_EDGE ( 'NONE', *, *, #4462, .F. ) ;
#1070 = STYLED_ITEM ( 'NONE', ( #166 ), #128 ) ;
#1071 =( NAMED_UNIT ( * ) PLANE_ANGLE_UNIT ( ) SI_UNIT ( $, .RADIAN. ) );
#1072 = CARTESIAN_POINT ( 'NONE',  ( 67.99999999999991473, 20.00000000000000355, 77.99999999999995737 ) ) ;
#1073 = EDGE_LOOP ( 'NONE', ( #912, #2152 ) ) ;
#1074 = ADVANCED_FACE ( 'NONE', ( #1242, #3569 ), #1966, .T. ) ;
#1075 = ORIENTED_EDGE ( 'NONE', *, *, #4373, .F. ) ;
#1076 = VECTOR ( 'NONE', #3966, 1000.000000000000000 ) ;
#1077 = COLOUR_RGB ( '',1.000000000000000000, 1.000000000000000000, 1.000000000000000000 ) ;
#1078 = ORIENTED_EDGE ( 'NONE', *, *, #3157, .F. ) ;
#1079 = DIRECTION ( 'NONE',  ( -7.401486830834376525E-17, -1.000000000000000000, -0.0000000000000000000 ) ) ;
#1080 = ORIENTED_EDGE ( 'NONE', *, *, #873, .T. ) ;
#1081 = CARTESIAN_POINT ( 'NONE',  ( 69.99999999999998579, 1380.000000000000227, 69.99999999999998579 ) ) ;
#1082 = PLANE ( 'NONE',  #1442 ) ;
#1083 = DIRECTION ( 'NONE',  ( 0.0000000000000000000, 0.0000000000000000000, 1.000000000000000000 ) ) ;
#1084 = EDGE_CURVE ( 'NONE', #343, #1013, #269, .T. ) ;
#1085 = ORIENTED_EDGE ( 'NONE', *, *, #236, .T. ) ;
#1086 = CARTESIAN_POINT ( 'NONE',  ( -140.0000000000000000, 70.00000000000001421, 7.500000000000013323 ) ) ;
#1087 = DIRECTION ( 'NONE',  ( -0.7071067811865461294, 5.233641528945905718E-17, 0.7071067811865489050 ) ) ;
#1088 = FACE_OUTER_BOUND ( 'NONE', #1093, .T. ) ;
#1089 = EDGE_LOOP ( 'NONE', ( #3562, #1975, #3330, #2146 ) ) ;
#1090 = DIRECTION ( 'NONE',  ( -0.7071067811865480168, 0.0000000000000000000, 0.7071067811865470176 ) ) ;
#1091 = DIRECTION ( 'NONE',  ( 1.020425574104005355E-16, -0.0000000000000000000, 1.000000000000000000 ) ) ;
#1092 = CARTESIAN_POINT ( 'NONE',  ( 78.00000000000000000, 1315.000000000000227, 47.49999999999994316 ) ) ;
#1093 = EDGE_LOOP ( 'NONE', ( #4322, #3389, #1432, #2688 ) ) ;
#1094 = EDGE_CURVE ( 'NONE', #2200, #2393, #1459, .T. ) ;
#1095 = CYLINDRICAL_SURFACE ( 'NONE', #2647, 4.499999999999997335 ) ;
#1096 = DIRECTION ( 'NONE',  ( 3.081487911019577365E-33, 1.263330169072883993E-66, 1.000000000000000000 ) ) ;
#1097 = DIRECTION ( 'NONE',  ( 0.0000000000000000000, 0.0000000000000000000, 1.000000000000000000 ) ) ;
#1098 = CARTESIAN_POINT ( 'NONE',  ( 140.0000000000000000, 0.0000000000000000000, -150.0000000000000000 ) ) ;
#1099 = VERTEX_POINT ( 'NONE', #909 ) ;
#1100 = CARTESIAN_POINT ( 'NONE',  ( -7.500000000000005329, 220.0000000000000284, -109.9999999999999858 ) ) ;
#1101 = LINE ( 'NONE', #3291, #4181 ) ;
#1102 = FILL_AREA_STYLE ('',( #4346 ) ) ;
#1103 = VERTEX_POINT ( 'NONE', #1281 ) ;
#1104 = VECTOR ( 'NONE', #3505, 1000.000000000000000 ) ;
#1105 = DIRECTION ( 'NONE',  ( 0.7071067811865484609, -0.0000000000000000000, 0.7071067811865465735 ) ) ;
#1106 = ORIENTED_EDGE ( 'NONE', *, *, #76, .T. ) ;
#1107 = PLANE ( 'NONE',  #428 ) ;
#1108 = CIRCLE ( 'NONE', #3889, 2.499999999999946709 ) ;
#1109 = AXIS2_PLACEMENT_3D ( 'NONE', #4012, #3304, #4324 ) ;
#1110 = EDGE_CURVE ( 'NONE', #1824, #2602, #604, .T. ) ;
#1111 = VERTEX_POINT ( 'NONE', #3451 ) ;
#1112 = CARTESIAN_POINT ( 'NONE',  ( -90.00000000000000000, 1400.000000000000227, -84.90000000000000568 ) ) ;
#1113 = LINE ( 'NONE', #2137, #2306 ) ;
#1114 =( NAMED_UNIT ( * ) SI_UNIT ( $, .STERADIAN. ) SOLID_ANGLE_UNIT ( ) );
#1115 = UNCERTAINTY_MEASURE_WITH_UNIT (LENGTH_MEASURE( 1.000000000000000082E-05 ), #1330, 'distance_accuracy_value', 'NONE');
#1116 = DIRECTION ( 'NONE',  ( 0.0000000000000000000, 1.000000000000000000, 0.0000000000000000000 ) ) ;
#1117 = ORIENTED_EDGE ( 'NONE', *, *, #1596, .T. ) ;
#1118 = EDGE_LOOP ( 'NONE', ( #3586, #3936, #3571, #408 ) ) ;
#1119 = EDGE_CURVE ( 'NONE', #1625, #3385, #1582, .T. ) ;
#1120 = ORIENTED_EDGE ( 'NONE', *, *, #4424, .T. ) ;
#1121 = ORIENTED_EDGE ( 'NONE', *, *, #673, .F. ) ;
#1122 = FACE_BOUND ( 'NONE', #2304, .T. ) ;
#1123 = CARTESIAN_POINT ( 'NONE',  ( -124.9999999999999432, 1400.000000000000227, 115.0000000000000426 ) ) ;
#1124 =( NAMED_UNIT ( * ) SI_UNIT ( $, .STERADIAN. ) SOLID_ANGLE_UNIT ( ) );
#1125 = EDGE_CURVE ( 'NONE', #2455, #1768, #2914, .T. ) ;
#1126 = ORIENTED_EDGE ( 'NONE', *, *, #1302, .T. ) ;
#1127 = VERTEX_POINT ( 'NONE', #3761 ) ;
#1128 = DIRECTION ( 'NONE',  ( -1.000000000000000000, -0.0000000000000000000, -0.0000000000000000000 ) ) ;
#1129 = LINE ( 'NONE', #4000, #3245 ) ;
#1130 = FILL_AREA_STYLE_COLOUR ( '', #1066 ) ;
#1131 = VECTOR ( 'NONE', #1014, 1000.000000000000000 ) ;
#1132 = VERTEX_POINT ( 'NONE', #3090 ) ;
#1133 = ADVANCED_FACE ( 'NONE', ( #888, #3239, #2324, #1356, #4210, #4316, #3748, #375, #4095, #3625, #3974, #3029, #1122, #2802 ), #2359, .F. ) ;
#1134 = AXIS2_PLACEMENT_3D ( 'NONE', #1992, #3763, #1254 ) ;
#1135 = SURFACE_SIDE_STYLE ('',( #3030 ) ) ;
#1136 =( LENGTH_UNIT ( ) NAMED_UNIT ( * ) SI_UNIT ( .MILLI., .METRE. ) );
#1137 = EDGE_LOOP ( 'NONE', ( #4423, #629 ) ) ;
#1138 = PRESENTATION_STYLE_ASSIGNMENT (( #1888 ) ) ;
#1139 = DIRECTION ( 'NONE',  ( 1.000000000000000000, 0.0000000000000000000, 0.0000000000000000000 ) ) ;
#1140 = FILL_AREA_STYLE ('',( #3661 ) ) ;
#1141 = ADVANCED_FACE ( 'NONE', ( #1860 ), #1651, .T. ) ;
#1142 = AXIS2_PLACEMENT_3D ( 'NONE', #4589, #2821, #1361 ) ;
#1143 = FILL_AREA_STYLE_COLOUR ( '', #4327 ) ;
#1144 = CARTESIAN_POINT ( 'NONE',  ( -69.99999999999985789, 1380.000000000000227, 90.00000000000000000 ) ) ;
#1145 = ORIENTED_EDGE ( 'NONE', *, *, #4443, .T. ) ;
#1146 = DIRECTION ( 'NONE',  ( -0.0000000000000000000, -1.000000000000000000, -0.0000000000000000000 ) ) ;
#1147 = VECTOR ( 'NONE', #3696, 1000.000000000000114 ) ;
#1148 = PRESENTATION_LAYER_ASSIGNMENT (  '', '', ( #559 ) ) ;
#1149 = EDGE_LOOP ( 'NONE', ( #3652, #1997, #3488, #3468 ) ) ;
#1150 = DIRECTION ( 'NONE',  ( 0.0000000000000000000, 0.0000000000000000000, 1.000000000000000000 ) ) ;
#1151 = CIRCLE ( 'NONE', #2791, 4.500000000000003553 ) ;
#1152 = PRODUCT_DEFINITION_CONTEXT ( 'detailed design', #4351, 'design' ) ;
#1153 = ORIENTED_EDGE ( 'NONE', *, *, #3866, .F. ) ;
#1154 = EDGE_CURVE ( 'NONE', #4533, #1310, #2690, .T. ) ;
#1155 = DIRECTION ( 'NONE',  ( -0.0000000000000000000, 1.000000000000000000, -0.0000000000000000000 ) ) ;
#1156 = DIRECTION ( 'NONE',  ( -7.401486830834376525E-17, -1.000000000000000000, -0.0000000000000000000 ) ) ;
#1157 = ADVANCED_FACE ( 'NONE', ( #3573 ), #4594, .F. ) ;
#1158 = CARTESIAN_POINT ( 'NONE',  ( 90.00000000000000000, 1400.000000000000227, 90.00000000000000000 ) ) ;
#1159 = LINE ( 'NONE', #4633, #4008 ) ;
#1160 = VERTEX_POINT ( 'NONE', #2391 ) ;
#1161 = CARTESIAN_POINT ( 'NONE',  ( 140.0000000000000000, 70.00000000000001421, -7.500000000000013323 ) ) ;
#1162 = CIRCLE ( 'NONE', #3687, 5.099999999999993427 ) ;
#1163 = ADVANCED_FACE ( 'NONE', ( #778 ), #2974, .F. ) ;
#1164 = MECHANICAL_DESIGN_GEOMETRIC_PRESENTATION_REPRESENTATION (  '', ( #422 ), #4516 ) ;
#1165 = EDGE_LOOP ( 'NONE', ( #1373, #3075, #3082, #4537 ) ) ;
#1166 = CIRCLE ( 'NONE', #2849, 7.500000000000007105 ) ;
#1167 = FACE_OUTER_BOUND ( 'NONE', #1821, .T. ) ;
#1168 = VECTOR ( 'NONE', #217, 1000.000000000000000 ) ;
#1169 = CARTESIAN_POINT ( 'NONE',  ( -29.99999999999998579, 20.00000000000000000, 125.0000000000000284 ) ) ;
#1170 = ORIENTED_EDGE ( 'NONE', *, *, #3875, .F. ) ;
#1171 = STYLED_ITEM ( 'NONE', ( #672 ), #2253 ) ;
#1172 = COLOUR_RGB ( '',1.000000000000000000, 1.000000000000000000, 1.000000000000000000 ) ;
#1173 = EDGE_CURVE ( 'NONE', #3339, #2455, #205, .T. ) ;
#1174 = DIRECTION ( 'NONE',  ( -0.0000000000000000000, -1.000000000000000000, -0.0000000000000000000 ) ) ;
#1175 = DIRECTION ( 'NONE',  ( -1.000000000000000000, 0.0000000000000000000, 6.033820786006285224E-17 ) ) ;
#1176 = EDGE_LOOP ( 'NONE', ( #3288, #1575, #1618, #4334 ) ) ;
#1177 = DIRECTION ( 'NONE',  ( 0.0000000000000000000, 0.0000000000000000000, -1.000000000000000000 ) ) ;
#1178 = DIRECTION ( 'NONE',  ( 1.982541115402068561E-16, -2.643730416807479290E-35, 1.000000000000000000 ) ) ;
#1179 = CARTESIAN_POINT ( 'NONE',  ( -7.500000000000009770, 70.00000000000001421, -139.9999999999999716 ) ) ;
#1180 = ORIENTED_EDGE ( 'NONE', *, *, #3885, .T. ) ;
#1181 = CARTESIAN_POINT ( 'NONE',  ( -29.99999999999998579, 0.0000000000000000000, 120.5000000000000284 ) ) ;
#1182 = LINE ( 'NONE', #4524, #4149 ) ;
#1183 = ADVANCED_FACE ( 'NONE', ( #2646 ), #1528, .T. ) ;
#1184 = CARTESIAN_POINT ( 'NONE',  ( 90.00000000000000000, 1355.000000000000227, -42.50000000000004974 ) ) ;
#1185 = CARTESIAN_POINT ( 'NONE',  ( 0.0000000000000000000, 0.0000000000000000000, 0.0000000000000000000 ) ) ;
#1186 = ORIENTED_EDGE ( 'NONE', *, *, #4473, .F. ) ;
#1187 = EDGE_CURVE ( 'NONE', #4134, #2700, #2749, .T. ) ;
#1188 = ORIENTED_EDGE ( 'NONE', *, *, #1501, .F. ) ;
#1189 = LINE ( 'NONE', #3122, #3145 ) ;
#1190 = ADVANCED_FACE ( 'NONE', ( #2026 ), #235, .F. ) ;
#1191 = VECTOR ( 'NONE', #83, 1000.000000000000000 ) ;
#1192 = EDGE_LOOP ( 'NONE', ( #425, #2746, #2733, #202 ) ) ;
#1193 = DIRECTION ( 'NONE',  ( 1.000000000000000000, 0.0000000000000000000, -1.982541115402069301E-16 ) ) ;
#1194 = DIRECTION ( 'NONE',  ( -0.0000000000000000000, 1.000000000000000000, -0.0000000000000000000 ) ) ;
#1195 = DIRECTION ( 'NONE',  ( 0.0000000000000000000, 0.0000000000000000000, -1.000000000000000000 ) ) ;
#1196 = AXIS2_PLACEMENT_3D ( 'NONE', #3244, #1116, #3593 ) ;
#1197 = VERTEX_POINT ( 'NONE', #173 ) ;
#1198 = CARTESIAN_POINT ( 'NONE',  ( -7.500000000001047162, -0.001000000000001000089, 149.9999999999999716 ) ) ;
#1199 = CARTESIAN_POINT ( 'NONE',  ( -124.9999999999999716, 20.00000000000000000, -132.5000000000000000 ) ) ;
#1200 = ORIENTED_EDGE ( 'NONE', *, *, #3875, .T. ) ;
#1201 = AXIS2_PLACEMENT_3D ( 'NONE', #650, #667, #1027 ) ;
#1202 = LINE ( 'NONE', #546, #105 ) ;
#1203 = APPLICATION_CONTEXT ( 'automotive_design' ) ;
#1204 = DIRECTION ( 'NONE',  ( 0.7071067811865465735, 0.0000000000000000000, 0.7071067811865484609 ) ) ;
#1205 = VERTEX_POINT ( 'NONE', #320 ) ;
#1206 = CARTESIAN_POINT ( 'NONE',  ( 90.00000000000000000, 1380.000000000000227, 69.99999999999982947 ) ) ;
#1207 = CARTESIAN_POINT ( 'NONE',  ( 149.9999999999999716, 0.0000000000000000000, -139.9999999999999716 ) ) ;
#1208 = ADVANCED_FACE ( 'NONE', ( #2091 ), #3060, .F. ) ;
#1209 = ORIENTED_EDGE ( 'NONE', *, *, #974, .F. ) ;
#1210 = AXIS2_PLACEMENT_3D ( 'NONE', #2523, #2947, #2981 ) ;
#1211 = DIRECTION ( 'NONE',  ( -0.0000000000000000000, 1.000000000000000000, -0.0000000000000000000 ) ) ;
#1212 = FACE_OUTER_BOUND ( 'NONE', #1947, .T. ) ;
#1213 = FILL_AREA_STYLE_COLOUR ( '', #2534 ) ;
#1214 = ADVANCED_FACE ( 'NONE', ( #4103 ), #275, .F. ) ;
#1215 = ORIENTED_EDGE ( 'NONE', *, *, #3983, .T. ) ;
#1216 = EDGE_CURVE ( 'NONE', #125, #3142, #1189, .T. ) ;
#1217 = CIRCLE ( 'NONE', #2337, 5.099999999999993427 ) ;
#1218 = SURFACE_STYLE_USAGE ( .BOTH. , #2997 ) ;
#1219 = DIRECTION ( 'NONE',  ( -1.000000000000000000, -0.0000000000000000000, 1.982541115402069301E-16 ) ) ;
#1220 = ORIENTED_EDGE ( 'NONE', *, *, #2096, .F. ) ;
#1221 = AXIS2_PLACEMENT_3D ( 'NONE', #580, #250, #286 ) ;
#1222 = ORIENTED_EDGE ( 'NONE', *, *, #1867, .F. ) ;
#1223 = CARTESIAN_POINT ( 'NONE',  ( -69.99999999999998579, 1380.000000000000227, 69.99999999999998579 ) ) ;
#1224 = VECTOR ( 'NONE', #814, 1000.000000000000000 ) ;
#1225 =( NAMED_UNIT ( * ) SI_UNIT ( $, .STERADIAN. ) SOLID_ANGLE_UNIT ( ) );
#1226 = VECTOR ( 'NONE', #597, 1000.000000000000000 ) ;
#1227 = ORIENTED_EDGE ( 'NONE', *, *, #2725, .T. ) ;
#1228 = LINE ( 'NONE', #3708, #2067 ) ;
#1229 = LINE ( 'NONE', #1063, #1392 ) ;
#1230 = AXIS2_PLACEMENT_3D ( 'NONE', #4231, #4257, #2842 ) ;
#1231 = CARTESIAN_POINT ( 'NONE',  ( 149.9999999999999716, 0.0000000000000000000, 7.500000000000436984 ) ) ;
#1232 = EDGE_CURVE ( 'NONE', #3797, #75, #159, .T. ) ;
#1233 = VERTEX_POINT ( 'NONE', #2136 ) ;
#1234 = ADVANCED_FACE ( 'NONE', ( #2808 ), #2080, .F. ) ;
#1235 = PRESENTATION_STYLE_ASSIGNMENT (( #388 ) ) ;
#1236 = VERTEX_POINT ( 'NONE', #1719 ) ;
#1237 = EDGE_CURVE ( 'NONE', #2640, #3363, #1868, .T. ) ;
#1238 = CARTESIAN_POINT ( 'NONE',  ( -149.9999999999999716, 20.00000000000000000, 150.0000000000000000 ) ) ;
#1239 = VECTOR ( 'NONE', #3413, 1000.000000000000000 ) ;
#1240 = VERTEX_POINT ( 'NONE', #2116 ) ;
#1241 = ORIENTED_EDGE ( 'NONE', *, *, #412, .T. ) ;
#1242 = FACE_BOUND ( 'NONE', #976, .T. ) ;
#1243 = DIRECTION ( 'NONE',  ( 0.0000000000000000000, 0.0000000000000000000, 1.000000000000000000 ) ) ;
#1244 = CIRCLE ( 'NONE', #731, 3.400000000000000355 ) ;
#1245 = FILL_AREA_STYLE ('',( #1600 ) ) ;
#1246 = ORIENTED_EDGE ( 'NONE', *, *, #3169, .T. ) ;
#1247 = ORIENTED_EDGE ( 'NONE', *, *, #1636, .F. ) ;
#1248 = VECTOR ( 'NONE', #690, 1000.000000000000000 ) ;
#1249 = LINE ( 'NONE', #2293, #383 ) ;
#1250 = FILL_AREA_STYLE_COLOUR ( '', #720 ) ;
#1251 = EDGE_CURVE ( 'NONE', #2737, #1597, #2537, .T. ) ;
#1252 = ORIENTED_EDGE ( 'NONE', *, *, #3539, .F. ) ;
#1253 = VERTEX_POINT ( 'NONE', #4559 ) ;
#1254 = DIRECTION ( 'NONE',  ( 1.982541115402069054E-16, 1.481508706589291851E-35, 1.000000000000000000 ) ) ;
#1255 = VECTOR ( 'NONE', #1128, 1000.000000000000000 ) ;
#1256 = AXIS2_PLACEMENT_3D ( 'NONE', #1198, #842, #3064 ) ;
#1257 = CARTESIAN_POINT ( 'NONE',  ( -2.288491976566047810E-14, 1380.000000000000227, 0.0000000000000000000 ) ) ;
#1258 = VECTOR ( 'NONE', #3895, 1000.000000000000000 ) ;
#1259 = CARTESIAN_POINT ( 'NONE',  ( 77.99999999999998579, 1355.000000000000227, -45.00000000000000000 ) ) ;
#1260 = AXIS2_PLACEMENT_3D ( 'NONE', #2662, #3421, #3765 ) ;
#1261 = VERTEX_POINT ( 'NONE', #1374 ) ;
#1262 = DIRECTION ( 'NONE',  ( 0.0000000000000000000, 0.0000000000000000000, 1.000000000000000000 ) ) ;
#1263 = ORIENTED_EDGE ( 'NONE', *, *, #3185, .T. ) ;
#1264 = DIRECTION ( 'NONE',  ( -1.000000000000000000, -2.049870396302940066E-34, -3.081487911019577365E-33 ) ) ;
#1265 = CARTESIAN_POINT ( 'NONE',  ( -7.500000000000000000, 20.00000000000003197, 89.99999999999998579 ) ) ;
#1266 = CARTESIAN_POINT ( 'NONE',  ( -150.0000000000000284, 20.00000000000000000, -139.9999999999999716 ) ) ;
#1267 = VECTOR ( 'NONE', #4514, 1000.000000000000000 ) ;
#1268 =( GEOMETRIC_REPRESENTATION_CONTEXT ( 3 ) GLOBAL_UNCERTAINTY_ASSIGNED_CONTEXT ( ( #754 ) ) GLOBAL_UNIT_ASSIGNED_CONTEXT ( ( #2270, #415, #1124 ) ) REPRESENTATION_CONTEXT ( 'NONE', 'WORKASPACE' ) );
#1269 = EDGE_LOOP ( 'NONE', ( #3379, #3184, #1282, #601 ) ) ;
#1270 = LINE ( 'NONE', #1413, #2779 ) ;
#1271 = DIRECTION ( 'NONE',  ( 0.0000000000000000000, 0.0000000000000000000, 1.000000000000000000 ) ) ;
#1272 = ORIENTED_EDGE ( 'NONE', *, *, #3956, .F. ) ;
#1273 = EDGE_CURVE ( 'NONE', #2457, #1233, #2696, .T. ) ;
#1274 = CIRCLE ( 'NONE', #4113, 3.400000000000000355 ) ;
#1275 = SURFACE_SIDE_STYLE ('',( #3517 ) ) ;
#1276 = ORIENTED_EDGE ( 'NONE', *, *, #4079, .F. ) ;
#1277 = ADVANCED_FACE ( 'NONE', ( #3757 ), #977, .F. ) ;
#1278 = LINE ( 'NONE', #3934, #3225 ) ;
#1279 = COLOUR_RGB ( '',1.000000000000000000, 1.000000000000000000, 1.000000000000000000 ) ;
#1280 = PRESENTATION_LAYER_ASSIGNMENT (  '', '', ( #1767 ) ) ;
#1281 = CARTESIAN_POINT ( 'NONE',  ( 90.00000000000000000, 20.00000000000001776, 7.499999999999985789 ) ) ;
#1282 = ORIENTED_EDGE ( 'NONE', *, *, #236, .F. ) ;
#1283 = SURFACE_STYLE_FILL_AREA ( #3686 ) ;
#1284 = ORIENTED_EDGE ( 'NONE', *, *, #3638, .T. ) ;
#1285 = AXIS2_PLACEMENT_3D ( 'NONE', #2355, #3367, #1974 ) ;
#1286 = DIRECTION ( 'NONE',  ( 6.033820786006285224E-17, -4.465924508724024472E-33, 1.000000000000000000 ) ) ;
#1287 = CIRCLE ( 'NONE', #1048, 5.099999999999993427 ) ;
#1288 = ORIENTED_EDGE ( 'NONE', *, *, #2689, .F. ) ;
#1289 = DIRECTION ( 'NONE',  ( -0.7071067811865465735, 0.0000000000000000000, 0.7071067811865484609 ) ) ;
#1290 = ORIENTED_EDGE ( 'NONE', *, *, #1480, .T. ) ;
#1291 = AXIS2_PLACEMENT_3D ( 'NONE', #2113, #4607, #3136 ) ;
#1292 = ORIENTED_EDGE ( 'NONE', *, *, #3042, .T. ) ;
#1293 = EDGE_LOOP ( 'NONE', ( #156, #463, #2554, #4201 ) ) ;
#1294 = DIRECTION ( 'NONE',  ( 0.0000000000000000000, -0.0000000000000000000, 1.000000000000000000 ) ) ;
#1295 = DIRECTION ( 'NONE',  ( -0.0000000000000000000, 1.000000000000000000, 0.0000000000000000000 ) ) ;
#1296 = LINE ( 'NONE', #1067, #2922 ) ;
#1297 = DIRECTION ( 'NONE',  ( 0.0000000000000000000, 3.081487911019577365E-33, 1.000000000000000000 ) ) ;
#1298 = CIRCLE ( 'NONE', #1709, 4.499999999999997335 ) ;
#1299 = CYLINDRICAL_SURFACE ( 'NONE', #4106, 2.499999999999946709 ) ;
#1300 = ORIENTED_EDGE ( 'NONE', *, *, #1545, .T. ) ;
#1301 = AXIS2_PLACEMENT_3D ( 'NONE', #3100, #3799, #3081 ) ;
#1302 = EDGE_CURVE ( 'NONE', #4480, #3009, #897, .T. ) ;
#1303 = DIRECTION ( 'NONE',  ( -7.401486830834376525E-17, -1.000000000000000000, 0.0000000000000000000 ) ) ;
#1304 = CARTESIAN_POINT ( 'NONE',  ( -90.00000000000000000, 220.0000000000000284, -7.499999999999985789 ) ) ;
#1305 = ORIENTED_EDGE ( 'NONE', *, *, #2908, .F. ) ;
#1306 = LINE ( 'NONE', #3830, #2592 ) ;
#1307 = EDGE_CURVE ( 'NONE', #1341, #2790, #1754, .T. ) ;
#1308 = LINE ( 'NONE', #1574, #1875 ) ;
#1309 = CARTESIAN_POINT ( 'NONE',  ( 30.00000000000001421, 0.0000000000000000000, 125.0000000000000000 ) ) ;
#1310 = VERTEX_POINT ( 'NONE', #996 ) ;
#1311 = UNCERTAINTY_MEASURE_WITH_UNIT (LENGTH_MEASURE( 1.000000000000000082E-05 ), #2818, 'distance_accuracy_value', 'NONE');
#1312 = CARTESIAN_POINT ( 'NONE',  ( -90.00000000000000000, 20.00000000000001776, 7.500000000000013323 ) ) ;
#1313 = VERTEX_POINT ( 'NONE', #3154 ) ;
#1314 = DIRECTION ( 'NONE',  ( -0.0000000000000000000, 1.000000000000000000, -0.0000000000000000000 ) ) ;
#1315 = FACE_BOUND ( 'NONE', #1137, .T. ) ;
#1316 = CARTESIAN_POINT ( 'NONE',  ( -124.9999999999999716, 20.00000000000000000, 33.39999999999999858 ) ) ;
#1317 = DIRECTION ( 'NONE',  ( 0.7071067811865484609, 0.0000000000000000000, 0.7071067811865465735 ) ) ;
#1318 = ORIENTED_EDGE ( 'NONE', *, *, #2283, .T. ) ;
#1319 = EDGE_CURVE ( 'NONE', #1417, #1639, #4436, .T. ) ;
#1320 = DIRECTION ( 'NONE',  ( 6.162975822039156098E-33, 0.9805806756909202226, -0.1961161351381839890 ) ) ;
#1321 = VECTOR ( 'NONE', #2986, 1000.000000000000000 ) ;
#1322 = ORIENTED_EDGE ( 'NONE', *, *, #1736, .F. ) ;
#1323 = DIRECTION ( 'NONE',  ( -0.0000000000000000000, -1.000000000000000000, -0.0000000000000000000 ) ) ;
#1324 = DIRECTION ( 'NONE',  ( 0.0000000000000000000, 0.0000000000000000000, -1.000000000000000000 ) ) ;
#1325 = DIRECTION ( 'NONE',  ( 0.0000000000000000000, 0.0000000000000000000, 1.000000000000000000 ) ) ;
#1326 = VECTOR ( 'NONE', #2485, 1000.000000000000000 ) ;
#1327 = EDGE_LOOP ( 'NONE', ( #3196, #3139, #1467, #1364, #3194, #4348, #3898, #3769 ) ) ;
#1328 = CARTESIAN_POINT ( 'NONE',  ( -124.9999999999999716, 0.0000000000000000000, 117.5000000000000142 ) ) ;
#1329 = CIRCLE ( 'NONE', #3173, 4.500000000000003553 ) ;
#1330 =( LENGTH_UNIT ( ) NAMED_UNIT ( * ) SI_UNIT ( .MILLI., .METRE. ) );
#1331 = SURFACE_STYLE_USAGE ( .BOTH. , #297 ) ;
#1332 =( LENGTH_UNIT ( ) NAMED_UNIT ( * ) SI_UNIT ( .MILLI., .METRE. ) );
#1333 = LINE ( 'NONE', #2049, #651 ) ;
#1334 = EDGE_CURVE ( 'NONE', #3921, #2912, #1298, .T. ) ;
#1335 = ORIENTED_EDGE ( 'NONE', *, *, #1494, .T. ) ;
#1336 = VECTOR ( 'NONE', #3533, 1000.000000000000000 ) ;
#1337 = CARTESIAN_POINT ( 'NONE',  ( -70.00000000000000000, 1400.000000000000227, 91.50000000000000000 ) ) ;
#1338 = DIRECTION ( 'NONE',  ( -0.0000000000000000000, 1.000000000000000000, -0.0000000000000000000 ) ) ;
#1339 = CYLINDRICAL_SURFACE ( 'NONE', #3534, 5.099999999999993427 ) ;
#1340 = DIRECTION ( 'NONE',  ( 0.0000000000000000000, 0.0000000000000000000, 1.000000000000000000 ) ) ;
#1341 = VERTEX_POINT ( 'NONE', #623 ) ;
#1342 = MECHANICAL_DESIGN_GEOMETRIC_PRESENTATION_REPRESENTATION (  '', ( #791 ), #451 ) ;
#1343 = LINE ( 'NONE', #772, #2072 ) ;
#1344 = DIRECTION ( 'NONE',  ( 1.850371707708594316E-16, 0.0000000000000000000, 1.000000000000000000 ) ) ;
#1345 = DIRECTION ( 'NONE',  ( 1.000000000000000000, -0.0000000000000000000, -0.0000000000000000000 ) ) ;
#1346 = CARTESIAN_POINT ( 'NONE',  ( 7.500000000000005329, 220.0000000000000284, 109.9999999999999858 ) ) ;
#1347 = ORIENTED_EDGE ( 'NONE', *, *, #2298, .T. ) ;
#1348 = DIRECTION ( 'NONE',  ( 0.0000000000000000000, 0.0000000000000000000, 1.000000000000000000 ) ) ;
#1349 = VECTOR ( 'NONE', #3882, 1000.000000000000000 ) ;
#1350 = MECHANICAL_DESIGN_GEOMETRIC_PRESENTATION_REPRESENTATION (  '', ( #3981 ), #1830 ) ;
#1351 = CARTESIAN_POINT ( 'NONE',  ( 68.00000000000000000, 20.00000000000000355, 67.99999999999995737 ) ) ;
#1352 = ORIENTED_EDGE ( 'NONE', *, *, #460, .F. ) ;
#1353 = CARTESIAN_POINT ( 'NONE',  ( 124.9999999999999716, 20.00000000000000000, 125.0000000000000000 ) ) ;
#1354 = VERTEX_POINT ( 'NONE', #2464 ) ;
#1355 = EDGE_CURVE ( 'NONE', #3424, #436, #3635, .T. ) ;
#1356 = FACE_BOUND ( 'NONE', #704, .T. ) ;
#1357 = ADVANCED_FACE ( 'NONE', ( #786 ), #3036, .F. ) ;
#1358 = CIRCLE ( 'NONE', #3542, 75.00000000000001421 ) ;
#1359 = CARTESIAN_POINT ( 'NONE',  ( -90.00000000000000000, 1380.000000000000227, -69.99999999999982947 ) ) ;
#1360 = ORIENTED_EDGE ( 'NONE', *, *, #768, .T. ) ;
#1361 = DIRECTION ( 'NONE',  ( 0.0000000000000000000, 0.0000000000000000000, 1.000000000000000000 ) ) ;
#1362 = VECTOR ( 'NONE', #2899, 1000.000000000000114 ) ;
#1363 = CARTESIAN_POINT ( 'NONE',  ( -124.9999999999999716, 0.0000000000000000000, -30.00000000000000000 ) ) ;
#1364 = ORIENTED_EDGE ( 'NONE', *, *, #3550, .F. ) ;
#1365 = VECTOR ( 'NONE', #1726, 1000.000000000000000 ) ;
#1366 = EDGE_CURVE ( 'NONE', #4051, #2431, #2486, .T. ) ;
#1367 = CARTESIAN_POINT ( 'NONE',  ( -67.99999999999991473, 1380.000000000000227, -77.99999999999998579 ) ) ;
#1368 = ORIENTED_EDGE ( 'NONE', *, *, #1965, .F. ) ;
#1369 = CARTESIAN_POINT ( 'NONE',  ( -67.99999999999991473, 20.00000000000000355, -77.99999999999998579 ) ) ;
#1370 = CARTESIAN_POINT ( 'NONE',  ( 67.99999999999991473, 1380.000000000000227, 77.99999999999995737 ) ) ;
#1371 = EDGE_CURVE ( 'NONE', #3249, #3118, #4484, .T. ) ;
#1372 = EDGE_CURVE ( 'NONE', #1497, #4645, #4372, .T. ) ;
#1373 = ORIENTED_EDGE ( 'NONE', *, *, #2876, .F. ) ;
#1374 = CARTESIAN_POINT ( 'NONE',  ( 90.00000000000000000, 20.00000000000001776, -7.500000000000013323 ) ) ;
#1375 = ADVANCED_FACE ( 'NONE', ( #3086 ), #1481, .F. ) ;
#1376 = CARTESIAN_POINT ( 'NONE',  ( 7.500000000000005329, 220.0000000000000284, 109.9999999999999858 ) ) ;
#1377 = MECHANICAL_DESIGN_GEOMETRIC_PRESENTATION_REPRESENTATION (  '', ( #57 ), #309 ) ;
#1378 = ORIENTED_EDGE ( 'NONE', *, *, #3125, .T. ) ;
#1379 = DIRECTION ( 'NONE',  ( -0.7071067811865489050, 0.0000000000000000000, -0.7071067811865461294 ) ) ;
#1380 = VECTOR ( 'NONE', #2748, 1000.000000000000114 ) ;
#1381 = DIRECTION ( 'NONE',  ( -7.401486830834376525E-17, -1.000000000000000000, -0.0000000000000000000 ) ) ;
#1382 = CARTESIAN_POINT ( 'NONE',  ( -124.9999999999999716, 20.00000000000000000, -125.0000000000000000 ) ) ;
#1383 = DIRECTION ( 'NONE',  ( 0.7071067811865484609, -0.0000000000000000000, -0.7071067811865465735 ) ) ;
#1384 = ORIENTED_EDGE ( 'NONE', *, *, #2795, .T. ) ;
#1385 = SURFACE_STYLE_FILL_AREA ( #4247 ) ;
#1386 =( NAMED_UNIT ( * ) SI_UNIT ( $, .STERADIAN. ) SOLID_ANGLE_UNIT ( ) );
#1387 = AXIS2_PLACEMENT_3D ( 'NONE', #2188, #4617, #1426 ) ;
#1388 = ORIENTED_EDGE ( 'NONE', *, *, #1568, .T. ) ;
#1389 = CIRCLE ( 'NONE', #3715, 5.099999999999993427 ) ;
#1390 = ORIENTED_EDGE ( 'NONE', *, *, #749, .T. ) ;
#1391 = AXIS2_PLACEMENT_3D ( 'NONE', #2157, #2487, #721 ) ;
#1392 = VECTOR ( 'NONE', #4281, 1000.000000000000000 ) ;
#1393 = LINE ( 'NONE', #3368, #310 ) ;
#1394 = ORIENTED_EDGE ( 'NONE', *, *, #1554, .F. ) ;
#1395 = DIRECTION ( 'NONE',  ( 0.0000000000000000000, 0.0000000000000000000, 1.000000000000000000 ) ) ;
#1396 = CARTESIAN_POINT ( 'NONE',  ( 1.480297366166872495E-15, 1400.000000000000227, 0.0000000000000000000 ) ) ;
#1397 = DIRECTION ( 'NONE',  ( 0.0000000000000000000, 1.000000000000000000, 0.0000000000000000000 ) ) ;
#1398 = VECTOR ( 'NONE', #3548, 1000.000000000000000 ) ;
#1399 = EDGE_CURVE ( 'NONE', #265, #1103, #2379, .T. ) ;
#1400 = ADVANCED_FACE ( 'NONE', ( #3524 ), #1588, .F. ) ;
#1401 = ORIENTED_EDGE ( 'NONE', *, *, #1832, .T. ) ;
#1402 = UNCERTAINTY_MEASURE_WITH_UNIT (LENGTH_MEASURE( 1.000000000000000082E-05 ), #4085, 'distance_accuracy_value', 'NONE');
#1403 = ORIENTED_EDGE ( 'NONE', *, *, #4479, .T. ) ;
#1404 = STYLED_ITEM ( 'NONE', ( #270 ), #1626 ) ;
#1405 = VERTEX_POINT ( 'NONE', #1445 ) ;
#1406 = DIRECTION ( 'NONE',  ( -1.982541115402068315E-16, 2.643730416807458443E-35, -1.000000000000000000 ) ) ;
#1407 = LINE ( 'NONE', #1419, #3191 ) ;
#1408 = ORIENTED_EDGE ( 'NONE', *, *, #2681, .F. ) ;
#1409 = VERTEX_POINT ( 'NONE', #3916 ) ;
#1410 = VECTOR ( 'NONE', #1849, 1000.000000000000000 ) ;
#1411 = AXIS2_PLACEMENT_3D ( 'NONE', #2707, #3796, #915 ) ;
#1412 = CARTESIAN_POINT ( 'NONE',  ( 7.499999999999992006, 20.00000000000001776, -139.9999999999999716 ) ) ;
#1413 = CARTESIAN_POINT ( 'NONE',  ( 7.499999999999994671, 220.0000000000000284, -109.9999999999999858 ) ) ;
#1414 = VECTOR ( 'NONE', #2179, 1000.000000000000000 ) ;
#1415 = DIRECTION ( 'NONE',  ( 0.0000000000000000000, 0.0000000000000000000, 1.000000000000000000 ) ) ;
#1416 = EDGE_CURVE ( 'NONE', #494, #3022, #2267, .T. ) ;
#1417 = VERTEX_POINT ( 'NONE', #2545 ) ;
#1418 = DIRECTION ( 'NONE',  ( 0.0000000000000000000, 1.000000000000000000, 0.0000000000000000000 ) ) ;
#1419 = CARTESIAN_POINT ( 'NONE',  ( 0.0000000000000000000, -0.001000000000001000089, -142.5000000000000568 ) ) ;
#1420 = ORIENTED_EDGE ( 'NONE', *, *, #4143, .T. ) ;
#1421 = SURFACE_STYLE_FILL_AREA ( #3877 ) ;
#1422 = DIRECTION ( 'NONE',  ( 0.0000000000000000000, 0.0000000000000000000, 1.000000000000000000 ) ) ;
#1423 = DIRECTION ( 'NONE',  ( 0.0000000000000000000, 0.0000000000000000000, -1.000000000000000000 ) ) ;
#1424 = FACE_OUTER_BOUND ( 'NONE', #1457, .T. ) ;
#1425 = EDGE_CURVE ( 'NONE', #3350, #2844, #2583, .T. ) ;
#1426 = DIRECTION ( 'NONE',  ( 0.0000000000000000000, 0.0000000000000000000, -1.000000000000000000 ) ) ;
#1427 = ORIENTED_EDGE ( 'NONE', *, *, #836, .F. ) ;
#1428 = DIRECTION ( 'NONE',  ( -0.0000000000000000000, 1.000000000000000000, -0.0000000000000000000 ) ) ;
#1429 = SHAPE_DEFINITION_REPRESENTATION ( #1015, #1847 ) ;
#1430 = DIRECTION ( 'NONE',  ( 0.0000000000000000000, 0.0000000000000000000, 1.000000000000000000 ) ) ;
#1431 = DIRECTION ( 'NONE',  ( 0.0000000000000000000, 0.0000000000000000000, 1.000000000000000000 ) ) ;
#1432 = ORIENTED_EDGE ( 'NONE', *, *, #2373, .F. ) ;
#1433 = LINE ( 'NONE', #1652, #1889 ) ;
#1434 = VERTEX_POINT ( 'NONE', #4670 ) ;
#1435 = CARTESIAN_POINT ( 'NONE',  ( 90.00000000000000000, 20.00000000000001776, 7.499999999999985789 ) ) ;
#1436 = PRESENTATION_LAYER_ASSIGNMENT (  '', '', ( #947 ) ) ;
#1437 = ORIENTED_EDGE ( 'NONE', *, *, #1884, .F. ) ;
#1438 = DIRECTION ( 'NONE',  ( 0.0000000000000000000, -1.000000000000000000, -0.0000000000000000000 ) ) ;
#1439 = VERTEX_POINT ( 'NONE', #1812 ) ;
#1440 = CARTESIAN_POINT ( 'NONE',  ( 0.0000000000000000000, 1380.000000000000227, 0.0000000000000000000 ) ) ;
#1441 = CARTESIAN_POINT ( 'NONE',  ( 90.00000000000000000, 1380.000000000000227, 84.90000000000000568 ) ) ;
#1442 = AXIS2_PLACEMENT_3D ( 'NONE', #1396, #1438, #3891 ) ;
#1443 = EDGE_LOOP ( 'NONE', ( #1611, #4198 ) ) ;
#1444 = VECTOR ( 'NONE', #4297, 1000.000000000000000 ) ;
#1445 = CARTESIAN_POINT ( 'NONE',  ( -7.500000000000000000, 20.00000000000000000, -150.0000000000000284 ) ) ;
#1446 = CARTESIAN_POINT ( 'NONE',  ( -124.9999999999999716, 20.00000000000000000, 132.5000000000000000 ) ) ;
#1447 = CARTESIAN_POINT ( 'NONE',  ( -114.9999999999999574, 1380.000000000000227, 125.0000000000000000 ) ) ;
#1448 = EDGE_CURVE ( 'NONE', #1405, #2483, #613, .T. ) ;
#1449 = VERTEX_POINT ( 'NONE', #2522 ) ;
#1450 = DIRECTION ( 'NONE',  ( 0.0000000000000000000, 1.000000000000000000, 0.0000000000000000000 ) ) ;
#1451 = DIRECTION ( 'NONE',  ( -1.982541115402068315E-16, 2.643730416807458443E-35, -1.000000000000000000 ) ) ;
#1452 = ORIENTED_EDGE ( 'NONE', *, *, #1173, .T. ) ;
#1453 = MANIFOLD_SOLID_BREP ( 'Gusset4', #1925 ) ;
#1454 = EDGE_CURVE ( 'NONE', #42, #4543, #1466, .T. ) ;
#1455 = LINE ( 'NONE', #4170, #490 ) ;
#1456 = SURFACE_SIDE_STYLE ('',( #4261 ) ) ;
#1457 = EDGE_LOOP ( 'NONE', ( #191, #1288, #2024, #2369 ) ) ;
#1458 = EDGE_LOOP ( 'NONE', ( #2419, #3277, #55, #898 ) ) ;
#1459 = LINE ( 'NONE', #4482, #4654 ) ;
#1460 = AXIS2_PLACEMENT_3D ( 'NONE', #4611, #2809, #3515 ) ;
#1461 = CIRCLE ( 'NONE', #153, 62.50000000000000000 ) ;
#1462 = FILL_AREA_STYLE ('',( #2214 ) ) ;
#1463 = EDGE_LOOP ( 'NONE', ( #4665, #3971, #4481, #2644 ) ) ;
#1464 = EDGE_CURVE ( 'NONE', #2141, #2906, #4220, .T. ) ;
#1465 = CYLINDRICAL_SURFACE ( 'NONE', #2773, 9.999999999999994671 ) ;
#1466 = LINE ( 'NONE', #4309, #503 ) ;
#1467 = ORIENTED_EDGE ( 'NONE', *, *, #2710, .F. ) ;
#1468 = DIRECTION ( 'NONE',  ( 0.0000000000000000000, 0.0000000000000000000, 1.000000000000000000 ) ) ;
#1469 = VECTOR ( 'NONE', #2428, 1000.000000000000000 ) ;
#1470 =( LENGTH_UNIT ( ) NAMED_UNIT ( * ) SI_UNIT ( .MILLI., .METRE. ) );
#1471 = AXIS2_PLACEMENT_3D ( 'NONE', #258, #3812, #3838 ) ;
#1472 = EDGE_CURVE ( 'NONE', #3697, #2862, #2330, .T. ) ;
#1473 = VERTEX_POINT ( 'NONE', #4420 ) ;
#1474 = DIRECTION ( 'NONE',  ( -0.1961161351381840723, -0.9805806756909201116, -1.540743955509788682E-33 ) ) ;
#1475 =( NAMED_UNIT ( * ) PLANE_ANGLE_UNIT ( ) SI_UNIT ( $, .RADIAN. ) );
#1476 = CYLINDRICAL_SURFACE ( 'NONE', #4544, 5.099999999999993427 ) ;
#1477 = COLOUR_RGB ( '',1.000000000000000000, 1.000000000000000000, 1.000000000000000000 ) ;
#1478 = AXIS2_PLACEMENT_3D ( 'NONE', #2174, #355, #3226 ) ;
#1479 = FACE_OUTER_BOUND ( 'NONE', #3704, .T. ) ;
#1480 = EDGE_CURVE ( 'NONE', #443, #2282, #1249, .T. ) ;
#1481 = PLANE ( 'NONE',  #3395 ) ;
#1482 = CARTESIAN_POINT ( 'NONE',  ( 70.00000000000000000, 1400.000000000000227, -95.00000000000000000 ) ) ;
#1483 = ORIENTED_EDGE ( 'NONE', *, *, #1416, .F. ) ;
#1484 = EDGE_CURVE ( 'NONE', #1637, #2060, #844, .T. ) ;
#1485 = FACE_OUTER_BOUND ( 'NONE', #1777, .T. ) ;
#1486 = CARTESIAN_POINT ( 'NONE',  ( -142.5000000000000568, -0.001000000000001000089, -1.492608272355440021E-12 ) ) ;
#1487 = CARTESIAN_POINT ( 'NONE',  ( -90.00000000000000000, 1400.000000000000227, -90.00000000000000000 ) ) ;
#1488 = ADVANCED_FACE ( 'NONE', ( #1629 ), #3270, .F. ) ;
#1489 = DIRECTION ( 'NONE',  ( -0.0000000000000000000, 1.000000000000000000, -0.0000000000000000000 ) ) ;
#1490 = VERTEX_POINT ( 'NONE', #3285 ) ;
#1491 = CARTESIAN_POINT ( 'NONE',  ( 0.0000000000000000000, 0.0000000000000000000, -142.5000000000000568 ) ) ;
#1492 =( NAMED_UNIT ( * ) SI_UNIT ( $, .STERADIAN. ) SOLID_ANGLE_UNIT ( ) );
#1493 = ORIENTED_EDGE ( 'NONE', *, *, #1237, .T. ) ;
#1494 = EDGE_CURVE ( 'NONE', #3797, #4002, #889, .T. ) ;
#1495 =( NAMED_UNIT ( * ) SI_UNIT ( $, .STERADIAN. ) SOLID_ANGLE_UNIT ( ) );
#1496 =( NAMED_UNIT ( * ) PLANE_ANGLE_UNIT ( ) SI_UNIT ( $, .RADIAN. ) );
#1497 = VERTEX_POINT ( 'NONE', #2280 ) ;
#1498 = DIRECTION ( 'NONE',  ( 0.0000000000000000000, -1.000000000000000000, 0.0000000000000000000 ) ) ;
#1499 =( GEOMETRIC_REPRESENTATION_CONTEXT ( 3 ) GLOBAL_UNCERTAINTY_ASSIGNED_CONTEXT ( ( #816 ) ) GLOBAL_UNIT_ASSIGNED_CONTEXT ( ( #2069, #3126, #2754 ) ) REPRESENTATION_CONTEXT ( 'NONE', 'WORKASPACE' ) );
#1500 = VECTOR ( 'NONE', #2394, 1000.000000000000000 ) ;
#1501 = EDGE_CURVE ( 'NONE', #1687, #2848, #4096, .T. ) ;
#1502 = ORIENTED_EDGE ( 'NONE', *, *, #2389, .T. ) ;
#1503 = DIRECTION ( 'NONE',  ( 0.7071067811865409114, 0.0000000000000000000, 0.7071067811865541231 ) ) ;
#1504 = CARTESIAN_POINT ( 'NONE',  ( 115.0000000000000711, 1380.000000000000227, -124.9999999999999432 ) ) ;
#1505 = CIRCLE ( 'NONE', #859, 7.500000000000007105 ) ;
#1506 = DIRECTION ( 'NONE',  ( -0.0000000000000000000, 1.000000000000000000, -0.0000000000000000000 ) ) ;
#1507 = CARTESIAN_POINT ( 'NONE',  ( 149.9999999999999716, 0.0000000000000000000, -150.0000000000000000 ) ) ;
#1508 = EDGE_LOOP ( 'NONE', ( #144, #2960, #2055, #3508 ) ) ;
#1509 =( LENGTH_UNIT ( ) NAMED_UNIT ( * ) SI_UNIT ( .MILLI., .METRE. ) );
#1510 = MECHANICAL_DESIGN_GEOMETRIC_PRESENTATION_REPRESENTATION (  '', ( #1685 ), #3900 ) ;
#1511 = DIRECTION ( 'NONE',  ( 1.000000000000000000, -0.0000000000000000000, -0.0000000000000000000 ) ) ;
#1512 = CIRCLE ( 'NONE', #3155, 2.499999999999946709 ) ;
#1513 = ORIENTED_EDGE ( 'NONE', *, *, #3847, .F. ) ;
#1514 = ADVANCED_FACE ( 'NONE', ( #4597 ), #3975, .F. ) ;
#1515 = DIRECTION ( 'NONE',  ( -0.0000000000000000000, 1.000000000000000000, -0.0000000000000000000 ) ) ;
#1516 = DIRECTION ( 'NONE',  ( 0.0000000000000000000, 0.0000000000000000000, 1.000000000000000000 ) ) ;
#1517 = EDGE_CURVE ( 'NONE', #1530, #3022, #2750, .T. ) ;
#1518 = ORIENTED_EDGE ( 'NONE', *, *, #4030, .F. ) ;
#1519 = VERTEX_POINT ( 'NONE', #426 ) ;
#1520 = CARTESIAN_POINT ( 'NONE',  ( 70.00000000000000000, 1400.000000000000227, -91.50000000000000000 ) ) ;
#1521 = CIRCLE ( 'NONE', #2812, 9.999999999999994671 ) ;
#1522 = AXIS2_PLACEMENT_3D ( 'NONE', #1081, #1802, #2484 ) ;
#1523 = EDGE_LOOP ( 'NONE', ( #4011, #4492, #1200, #374 ) ) ;
#1524 = ORIENTED_EDGE ( 'NONE', *, *, #941, .F. ) ;
#1525 = CARTESIAN_POINT ( 'NONE',  ( -124.9999999999999716, 20.00000000000000000, 30.00000000000000000 ) ) ;
#1526 = CYLINDRICAL_SURFACE ( 'NONE', #2956, 3.400000000000000355 ) ;
#1527 = CARTESIAN_POINT ( 'NONE',  ( 7.500000000000000000, 20.00000000000003197, -89.99999999999998579 ) ) ;
#1528 = CYLINDRICAL_SURFACE ( 'NONE', #2994, 20.00000000000000355 ) ;
#1529 = VECTOR ( 'NONE', #4118, 1000.000000000000000 ) ;
#1530 = VERTEX_POINT ( 'NONE', #4026 ) ;
#1531 = MECHANICAL_DESIGN_GEOMETRIC_PRESENTATION_REPRESENTATION (  '', ( #4488 ), #1772 ) ;
#1532 = CARTESIAN_POINT ( 'NONE',  ( -7.500000000000000000, 20.00000000000003197, -89.99999999999998579 ) ) ;
#1533 = DIRECTION ( 'NONE',  ( 1.000000000000000000, -9.244463733058732095E-33, -1.982541115402069301E-16 ) ) ;
#1534 = DIRECTION ( 'NONE',  ( 1.000000000000000000, -0.0000000000000000000, -0.0000000000000000000 ) ) ;
#1535 = VERTEX_POINT ( 'NONE', #2935 ) ;
#1536 = CARTESIAN_POINT ( 'NONE',  ( 124.9999999999999716, 20.00000000000000000, -125.0000000000000000 ) ) ;
#1537 = ADVANCED_FACE ( 'NONE', ( #2916 ), #799, .F. ) ;
#1538 = PLANE ( 'NONE',  #805 ) ;
#1539 = AXIS2_PLACEMENT_3D ( 'NONE', #3768, #949, #3050 ) ;
#1540 = ADVANCED_FACE ( 'NONE', ( #2433 ), #3141, .F. ) ;
#1541 = CARTESIAN_POINT ( 'NONE',  ( -150.0000000000000284, 0.0000000000000000000, -139.9999999999999716 ) ) ;
#1542 = DIRECTION ( 'NONE',  ( 1.000000000000000000, -0.0000000000000000000, -0.0000000000000000000 ) ) ;
#1543 = ORIENTED_EDGE ( 'NONE', *, *, #2828, .F. ) ;
#1544 = AXIS2_PLACEMENT_3D ( 'NONE', #903, #858, #120 ) ;
#1545 = EDGE_CURVE ( 'NONE', #1597, #1240, #606, .T. ) ;
#1546 = ORIENTED_EDGE ( 'NONE', *, *, #214, .T. ) ;
#1547 =( LENGTH_UNIT ( ) NAMED_UNIT ( * ) SI_UNIT ( .MILLI., .METRE. ) );
#1548 = CARTESIAN_POINT ( 'NONE',  ( -124.9999999999999716, 20.00000000000000000, -34.50000000000000000 ) ) ;
#1549 = CIRCLE ( 'NONE', #3037, 3.500000000000003109 ) ;
#1550 = ORIENTED_EDGE ( 'NONE', *, *, #1603, .T. ) ;
#1551 =( GEOMETRIC_REPRESENTATION_CONTEXT ( 3 ) GLOBAL_UNCERTAINTY_ASSIGNED_CONTEXT ( ( #1311 ) ) GLOBAL_UNIT_ASSIGNED_CONTEXT ( ( #2818, #1071, #694 ) ) REPRESENTATION_CONTEXT ( 'NONE', 'WORKASPACE' ) );
#1552 = DIRECTION ( 'NONE',  ( -1.000000000000000000, 0.0000000000000000000, 1.020425574104005602E-16 ) ) ;
#1553 = ORIENTED_EDGE ( 'NONE', *, *, #1024, .T. ) ;
#1554 = EDGE_CURVE ( 'NONE', #788, #697, #1244, .T. ) ;
#1555 = CARTESIAN_POINT ( 'NONE',  ( -90.00000000000000000, 20.00000000000001776, 7.500000000000013323 ) ) ;
#1556 = SURFACE_SIDE_STYLE ('',( #1854 ) ) ;
#1557 = STYLED_ITEM ( 'NONE', ( #2533 ), #1540 ) ;
#1558 = PLANE ( 'NONE',  #3874 ) ;
#1559 = EDGE_LOOP ( 'NONE', ( #592, #3702, #543, #404 ) ) ;
#1560 = COLOUR_RGB ( '',1.000000000000000000, 1.000000000000000000, 1.000000000000000000 ) ;
#1561 = ADVANCED_FACE ( 'NONE', ( #2084 ), #3301, .F. ) ;
#1562 = VECTOR ( 'NONE', #2405, 1000.000000000000000 ) ;
#1563 = DIRECTION ( 'NONE',  ( -7.401486830834376525E-17, -1.000000000000000000, -0.0000000000000000000 ) ) ;
#1564 = CARTESIAN_POINT ( 'NONE',  ( 78.00000000000000000, 1380.000000000000227, 67.99999999999990052 ) ) ;
#1565 = ORIENTED_EDGE ( 'NONE', *, *, #4098, .F. ) ;
#1566 = VECTOR ( 'NONE', #2338, 1000.000000000000000 ) ;
#1567 = SURFACE_STYLE_FILL_AREA ( #1587 ) ;
#1568 = EDGE_CURVE ( 'NONE', #1986, #2941, #2204, .T. ) ;
#1569 = CARTESIAN_POINT ( 'NONE',  ( 124.9999999999999716, 0.0000000000000000000, -125.0000000000000000 ) ) ;
#1570 = DIRECTION ( 'NONE',  ( 1.000000000000000000, 0.0000000000000000000, -0.0000000000000000000 ) ) ;
#1571 = ORIENTED_EDGE ( 'NONE', *, *, #2884, .F. ) ;
#1572 = SURFACE_SIDE_STYLE ('',( #829 ) ) ;
#1573 = CIRCLE ( 'NONE', #3616, 2.499999999999946709 ) ;
#1574 = CARTESIAN_POINT ( 'NONE',  ( 124.9999999999999716, 20.00000000000000000, -117.5000000000000000 ) ) ;
#1575 = ORIENTED_EDGE ( 'NONE', *, *, #2496, .F. ) ;
#1576 = CARTESIAN_POINT ( 'NONE',  ( -124.9999999999999716, 0.0000000000000000000, -30.00000000000000000 ) ) ;
#1577 = EDGE_LOOP ( 'NONE', ( #3960, #4572, #3255, #3868 ) ) ;
#1578 = CARTESIAN_POINT ( 'NONE',  ( -124.9999999999999716, 0.0000000000000000000, 30.00000000000000000 ) ) ;
#1579 = VERTEX_POINT ( 'NONE', #4350 ) ;
#1580 = CARTESIAN_POINT ( 'NONE',  ( 142.5000000000000568, -0.001000000000001000089, 4.975360907851466735E-13 ) ) ;
#1581 = EDGE_CURVE ( 'NONE', #4326, #3182, #34, .T. ) ;
#1582 = LINE ( 'NONE', #568, #150 ) ;
#1583 = SURFACE_STYLE_FILL_AREA ( #439 ) ;
#1584 = ORIENTED_EDGE ( 'NONE', *, *, #4462, .T. ) ;
#1585 = PLANE ( 'NONE',  #2420 ) ;
#1586 = ADVANCED_FACE ( 'NONE', ( #497 ), #1948, .F. ) ;
#1587 = FILL_AREA_STYLE ('',( #113 ) ) ;
#1588 = CYLINDRICAL_SURFACE ( 'NONE', #3707, 9.999999999999994671 ) ;
#1589 = ORIENTED_EDGE ( 'NONE', *, *, #1119, .T. ) ;
#1590 = DIRECTION ( 'NONE',  ( -0.0000000000000000000, 1.000000000000000000, -0.0000000000000000000 ) ) ;
#1591 = CARTESIAN_POINT ( 'NONE',  ( 9.184850993605150311E-15, 20.00000000000000000, -75.00000000000001421 ) ) ;
#1592 = ORIENTED_EDGE ( 'NONE', *, *, #2641, .F. ) ;
#1593 = AXIS2_PLACEMENT_3D ( 'NONE', #2087, #3855, #3158 ) ;
#1594 = FACE_BOUND ( 'NONE', #4059, .T. ) ;
#1595 = CARTESIAN_POINT ( 'NONE',  ( -150.0000000000000284, 20.00000000000000000, -150.0000000000000000 ) ) ;
#1596 = EDGE_CURVE ( 'NONE', #2000, #1405, #1691, .T. ) ;
#1597 = VERTEX_POINT ( 'NONE', #1962 ) ;
#1598 = ORIENTED_EDGE ( 'NONE', *, *, #4443, .F. ) ;
#1599 = AXIS2_PLACEMENT_3D ( 'NONE', #4546, #2423, #1621 ) ;
#1600 = FILL_AREA_STYLE_COLOUR ( '', #2514 ) ;
#1601 = UNCERTAINTY_MEASURE_WITH_UNIT (LENGTH_MEASURE( 1.000000000000000082E-05 ), #3928, 'distance_accuracy_value', 'NONE');
#1602 = ORIENTED_EDGE ( 'NONE', *, *, #1371, .F. ) ;
#1603 = EDGE_CURVE ( 'NONE', #1434, #3106, #3750, .T. ) ;
#1604 = LINE ( 'NONE', #4116, #2837 ) ;
#1605 = EDGE_LOOP ( 'NONE', ( #3649, #1360, #1209, #1632 ) ) ;
#1606 = AXIS2_PLACEMENT_3D ( 'NONE', #3492, #3863, #1680 ) ;
#1607 = ORIENTED_EDGE ( 'NONE', *, *, #2182, .F. ) ;
#1608 = CARTESIAN_POINT ( 'NONE',  ( 30.00000000000001421, 0.0000000000000000000, 128.3999999999999773 ) ) ;
#1609 = DIRECTION ( 'NONE',  ( 1.000000000000000000, -0.0000000000000000000, -0.0000000000000000000 ) ) ;
#1610 = VECTOR ( 'NONE', #303, 1000.000000000000000 ) ;
#1611 = ORIENTED_EDGE ( 'NONE', *, *, #2449, .F. ) ;
#1612 = VECTOR ( 'NONE', #3602, 1000.000000000000000 ) ;
#1613 = AXIS2_PLACEMENT_3D ( 'NONE', #229, #1289, #1317 ) ;
#1614 = CARTESIAN_POINT ( 'NONE',  ( -124.9999999999999716, 0.0000000000000000000, -25.50000000000000355 ) ) ;
#1615 = EDGE_LOOP ( 'NONE', ( #4241, #818, #2617, #4608 ) ) ;
#1616 = CARTESIAN_POINT ( 'NONE',  ( 70.00000000000000000, 1400.000000000000227, -98.50000000000000000 ) ) ;
#1617 = PRESENTATION_STYLE_ASSIGNMENT (( #2271 ) ) ;
#1618 = ORIENTED_EDGE ( 'NONE', *, *, #688, .F. ) ;
#1619 = MECHANICAL_DESIGN_GEOMETRIC_PRESENTATION_REPRESENTATION (  '', ( #2671 ), #2112 ) ;
#1620 = CARTESIAN_POINT ( 'NONE',  ( 70.00000000000000000, 1400.000000000000227, -95.00000000000000000 ) ) ;
#1621 = DIRECTION ( 'NONE',  ( 0.7071067811865480168, 0.0000000000000000000, -0.7071067811865470176 ) ) ;
#1622 = COLOUR_RGB ( '',1.000000000000000000, 1.000000000000000000, 1.000000000000000000 ) ;
#1623 = DIRECTION ( 'NONE',  ( 0.0000000000000000000, 0.0000000000000000000, -1.000000000000000000 ) ) ;
#1624 = ORIENTED_EDGE ( 'NONE', *, *, #1001, .T. ) ;
#1625 = VERTEX_POINT ( 'NONE', #861 ) ;
#1626 = ADVANCED_FACE ( 'NONE', ( #376 ), #1747, .F. ) ;
#1627 = AXIS2_PLACEMENT_3D ( 'NONE', #4319, #1506, #3629 ) ;
#1628 = CARTESIAN_POINT ( 'NONE',  ( 7.499999999999978684, 0.0000000000000000000, -150.0000000000000000 ) ) ;
#1629 = FACE_OUTER_BOUND ( 'NONE', #1759, .T. ) ;
#1630 = SURFACE_STYLE_USAGE ( .BOTH. , #1644 ) ;
#1631 = DIRECTION ( 'NONE',  ( -0.0000000000000000000, -1.000000000000000000, -0.0000000000000000000 ) ) ;
#1632 = ORIENTED_EDGE ( 'NONE', *, *, #2889, .T. ) ;
#1633 = EDGE_LOOP ( 'NONE', ( #1427, #841, #3782, #3478 ) ) ;
#1634 =( NAMED_UNIT ( * ) SI_UNIT ( $, .STERADIAN. ) SOLID_ANGLE_UNIT ( ) );
#1635 = SURFACE_STYLE_FILL_AREA ( #4216 ) ;
#1636 = EDGE_CURVE ( 'NONE', #1449, #2700, #1861, .T. ) ;
#1637 = VERTEX_POINT ( 'NONE', #4142 ) ;
#1638 = DIRECTION ( 'NONE',  ( 0.0000000000000000000, -3.813226669351953088E-34, -1.000000000000000000 ) ) ;
#1639 = VERTEX_POINT ( 'NONE', #4461 ) ;
#1640 = VECTOR ( 'NONE', #4037, 1000.000000000000000 ) ;
#1641 = AXIS2_PLACEMENT_3D ( 'NONE', #257, #2775, #4242 ) ;
#1642 = CARTESIAN_POINT ( 'NONE',  ( -150.0000000000000284, 20.00000000000000000, -150.0000000000000000 ) ) ;
#1643 = CYLINDRICAL_SURFACE ( 'NONE', #2435, 3.400000000000000355 ) ;
#1644 = SURFACE_SIDE_STYLE ('',( #2893 ) ) ;
#1645 = AXIS2_PLACEMENT_3D ( 'NONE', #1482, #2900, #1516 ) ;
#1646 = EDGE_LOOP ( 'NONE', ( #599, #4599, #4598, #2436 ) ) ;
#1647 = DIRECTION ( 'NONE',  ( -0.0000000000000000000, -1.000000000000000000, -0.0000000000000000000 ) ) ;
#1648 = EDGE_CURVE ( 'NONE', #2848, #1687, #1358, .T. ) ;
#1649 = LINE ( 'NONE', #3475, #4636 ) ;
#1650 = ORIENTED_EDGE ( 'NONE', *, *, #46, .T. ) ;
#1651 = PLANE ( 'NONE',  #2599 ) ;
#1652 = CARTESIAN_POINT ( 'NONE',  ( -69.99999999999985789, 1380.000000000000227, 90.00000000000000000 ) ) ;
#1653 = LINE ( 'NONE', #3852, #4395 ) ;
#1654 = UNCERTAINTY_MEASURE_WITH_UNIT (LENGTH_MEASURE( 1.000000000000000082E-05 ), #2918, 'distance_accuracy_value', 'NONE');
#1655 = ORIENTED_EDGE ( 'NONE', *, *, #3349, .F. ) ;
#1656 = CARTESIAN_POINT ( 'NONE',  ( 7.500000000000005329, 220.0000000000000284, 109.9999999999999858 ) ) ;
#1657 = VECTOR ( 'NONE', #2219, 1000.000000000000000 ) ;
#1658 = DIRECTION ( 'NONE',  ( 1.000000000000000000, 0.0000000000000000000, -6.033820786006285224E-17 ) ) ;
#1659 = EDGE_LOOP ( 'NONE', ( #3927, #1851, #1292, #830 ) ) ;
#1660 = EDGE_CURVE ( 'NONE', #4264, #140, #2576, .T. ) ;
#1661 =( LENGTH_UNIT ( ) NAMED_UNIT ( * ) SI_UNIT ( .MILLI., .METRE. ) );
#1662 = DIRECTION ( 'NONE',  ( 1.982541115402069054E-16, 1.481508706589291851E-35, 1.000000000000000000 ) ) ;
#1663 = ORIENTED_EDGE ( 'NONE', *, *, #3381, .F. ) ;
#1664 =( NAMED_UNIT ( * ) PLANE_ANGLE_UNIT ( ) SI_UNIT ( $, .RADIAN. ) );
#1665 = FACE_OUTER_BOUND ( 'NONE', #3876, .T. ) ;
#1666 = AXIS2_PLACEMENT_3D ( 'NONE', #3080, #1286, #1658 ) ;
#1667 = DIRECTION ( 'NONE',  ( -0.0000000000000000000, 1.000000000000000000, -0.0000000000000000000 ) ) ;
#1668 = CARTESIAN_POINT ( 'NONE',  ( -140.0000000000000000, 0.0000000000000000000, 150.0000000000000000 ) ) ;
#1669 = ORIENTED_EDGE ( 'NONE', *, *, #1425, .T. ) ;
#1670 = CARTESIAN_POINT ( 'NONE',  ( 90.00000000000000000, 1400.000000000000227, 84.90000000000000568 ) ) ;
#1671 = LINE ( 'NONE', #2301, #3681 ) ;
#1672 = ADVANCED_FACE ( 'NONE', ( #3925 ), #3079, .F. ) ;
#1673 = SURFACE_SIDE_STYLE ('',( #4250 ) ) ;
#1674 = VERTEX_POINT ( 'NONE', #4541 ) ;
#1675 = AXIS2_PLACEMENT_3D ( 'NONE', #2892, #358, #1809 ) ;
#1676 = DIRECTION ( 'NONE',  ( -0.0000000000000000000, 1.000000000000000000, -0.0000000000000000000 ) ) ;
#1677 = VECTOR ( 'NONE', #3953, 1000.000000000000000 ) ;
#1678 = EDGE_CURVE ( 'NONE', #729, #4535, #3563, .T. ) ;
#1679 = ADVANCED_FACE ( 'NONE', ( #2969 ), #2447, .F. ) ;
#1680 = DIRECTION ( 'NONE',  ( 0.0000000000000000000, 0.0000000000000000000, 1.000000000000000000 ) ) ;
#1681 = ORIENTED_EDGE ( 'NONE', *, *, #3937, .T. ) ;
#1682 = CARTESIAN_POINT ( 'NONE',  ( 70.00000000000000000, 1400.000000000000227, -95.00000000000000000 ) ) ;
#1683 = LINE ( 'NONE', #3912, #2480 ) ;
#1684 = VERTEX_POINT ( 'NONE', #4186 ) ;
#1685 = STYLED_ITEM ( 'NONE', ( #2176 ), #4168 ) ;
#1686 = ORIENTED_EDGE ( 'NONE', *, *, #1472, .T. ) ;
#1687 = VERTEX_POINT ( 'NONE', #2759 ) ;
#1688 = CARTESIAN_POINT ( 'NONE',  ( 124.9999999999999716, 0.0000000000000000000, 30.00000000000000000 ) ) ;
#1689 = VECTOR ( 'NONE', #161, 1000.000000000000000 ) ;
#1690 = DIRECTION ( 'NONE',  ( 3.888083013051981741E-17, -0.9805806756909201116, 0.1961161351381840168 ) ) ;
#1691 = LINE ( 'NONE', #492, #1018 ) ;
#1692 = VECTOR ( 'NONE', #3021, 1000.000000000000000 ) ;
#1693 = ORIENTED_EDGE ( 'NONE', *, *, #1517, .F. ) ;
#1694 = EDGE_CURVE ( 'NONE', #1132, #1473, #3024, .T. ) ;
#1695 = CARTESIAN_POINT ( 'NONE',  ( 70.00000000000000000, 1380.000000000000227, -92.00000000000001421 ) ) ;
#1696 = DIRECTION ( 'NONE',  ( 0.0000000000000000000, 0.0000000000000000000, 1.000000000000000000 ) ) ;
#1697 = VECTOR ( 'NONE', #4444, 1000.000000000000000 ) ;
#1698 = CARTESIAN_POINT ( 'NONE',  ( 150.0000000000000568, 20.00000000000000000, -7.499999999999475975 ) ) ;
#1699 = ORIENTED_EDGE ( 'NONE', *, *, #1472, .F. ) ;
#1700 = FACE_OUTER_BOUND ( 'NONE', #2950, .T. ) ;
#1701 = DIRECTION ( 'NONE',  ( 0.7071067811865494601, 0.0000000000000000000, -0.7071067811865456854 ) ) ;
#1702 = EDGE_CURVE ( 'NONE', #3691, #2457, #433, .T. ) ;
#1703 = ADVANCED_FACE ( 'NONE', ( #2021 ), #3784, .F. ) ;
#1704 = CARTESIAN_POINT ( 'NONE',  ( 140.0000000000000000, 20.00000000000001776, -7.500000000000013323 ) ) ;
#1705 = EDGE_LOOP ( 'NONE', ( #3472, #3999, #1971, #2002 ) ) ;
#1706 = FACE_OUTER_BOUND ( 'NONE', #2920, .T. ) ;
#1707 = DIRECTION ( 'NONE',  ( -0.7071067811865390240, -0.0000000000000000000, -0.7071067811865561215 ) ) ;
#1708 = CIRCLE ( 'NONE', #1221, 62.50000000000000000 ) ;
#1709 = AXIS2_PLACEMENT_3D ( 'NONE', #1363, #3976, #2535 ) ;
#1710 = ADVANCED_FACE ( 'NONE', ( #2632 ), #87, .F. ) ;
#1711 = DIRECTION ( 'NONE',  ( -0.0000000000000000000, 1.000000000000000000, -0.0000000000000000000 ) ) ;
#1712 = ORIENTED_EDGE ( 'NONE', *, *, #4554, .F. ) ;
#1713 = EDGE_LOOP ( 'NONE', ( #3067, #3399, #3665, #875 ) ) ;
#1714 = AXIS2_PLACEMENT_3D ( 'NONE', #4560, #2439, #3827 ) ;
#1715 = EDGE_CURVE ( 'NONE', #75, #839, #715, .T. ) ;
#1716 =( NAMED_UNIT ( * ) SI_UNIT ( $, .STERADIAN. ) SOLID_ANGLE_UNIT ( ) );
#1717 = COLOUR_RGB ( '',1.000000000000000000, 1.000000000000000000, 1.000000000000000000 ) ;
#1718 = VERTEX_POINT ( 'NONE', #2029 ) ;
#1719 = CARTESIAN_POINT ( 'NONE',  ( 69.99999999999985789, 1380.000000000000227, -90.00000000000000000 ) ) ;
#1720 = CARTESIAN_POINT ( 'NONE',  ( 62.49999999999997868, 1380.000000000000227, 0.0000000000000000000 ) ) ;
#1721 = PLANE ( 'NONE',  #2907 ) ;
#1722 = PRESENTATION_LAYER_ASSIGNMENT (  '', '', ( #4024 ) ) ;
#1723 = EDGE_CURVE ( 'NONE', #3835, #1687, #2427, .T. ) ;
#1724 = VERTEX_POINT ( 'NONE', #973 ) ;
#1725 = SURFACE_SIDE_STYLE ('',( #4528 ) ) ;
#1726 = DIRECTION ( 'NONE',  ( 1.850371707708594316E-16, 0.0000000000000000000, 1.000000000000000000 ) ) ;
#1727 = CARTESIAN_POINT ( 'NONE',  ( -124.9999999999999716, 20.00000000000000000, -125.0000000000000000 ) ) ;
#1728 = CARTESIAN_POINT ( 'NONE',  ( 125.0000000000000568, 1380.000000000000227, 115.0000000000000142 ) ) ;
#1729 = LINE ( 'NONE', #576, #926 ) ;
#1730 = EDGE_CURVE ( 'NONE', #4531, #1021, #3299, .T. ) ;
#1731 = ORIENTED_EDGE ( 'NONE', *, *, #1110, .T. ) ;
#1732 = CYLINDRICAL_SURFACE ( 'NONE', #2140, 3.400000000000000355 ) ;
#1733 = CARTESIAN_POINT ( 'NONE',  ( -30.00000000000001421, 20.00000000000000000, -125.0000000000000000 ) ) ;
#1734 = SURFACE_SIDE_STYLE ('',( #3918 ) ) ;
#1735 = ORIENTED_EDGE ( 'NONE', *, *, #2056, .F. ) ;
#1736 = EDGE_CURVE ( 'NONE', #1535, #4480, #3693, .T. ) ;
#1737 = DIRECTION ( 'NONE',  ( -0.0000000000000000000, 1.000000000000000000, -0.0000000000000000000 ) ) ;
#1738 = EDGE_LOOP ( 'NONE', ( #4440, #2622 ) ) ;
#1739 = FACE_OUTER_BOUND ( 'NONE', #2591, .T. ) ;
#1740 = MECHANICAL_DESIGN_GEOMETRIC_PRESENTATION_REPRESENTATION (  '', ( #521 ), #3800 ) ;
#1741 = CARTESIAN_POINT ( 'NONE',  ( 124.9999999999999716, 0.0000000000000000000, -132.5000000000000000 ) ) ;
#1742 = DIRECTION ( 'NONE',  ( -0.0000000000000000000, -1.000000000000000000, -0.0000000000000000000 ) ) ;
#1743 = ORIENTED_EDGE ( 'NONE', *, *, #3701, .F. ) ;
#1744 = ORIENTED_EDGE ( 'NONE', *, *, #3101, .F. ) ;
#1745 = EDGE_CURVE ( 'NONE', #1579, #125, #2859, .T. ) ;
#1746 = VECTOR ( 'NONE', #2017, 1000.000000000000000 ) ;
#1747 = CYLINDRICAL_SURFACE ( 'NONE', #1285, 2.499999999999946709 ) ;
#1748 = DIRECTION ( 'NONE',  ( 0.0000000000000000000, -1.000000000000000000, -0.0000000000000000000 ) ) ;
#1749 = DIRECTION ( 'NONE',  ( -4.622231866529366047E-33, 1.000000000000000000, 1.653254120790692886E-33 ) ) ;
#1750 = UNCERTAINTY_MEASURE_WITH_UNIT (LENGTH_MEASURE( 1.000000000000000082E-05 ), #4072, 'distance_accuracy_value', 'NONE');
#1751 = EDGE_LOOP ( 'NONE', ( #3326, #323, #1935, #1584 ) ) ;
#1752 = ORIENTED_EDGE ( 'NONE', *, *, #2948, .F. ) ;
#1753 = SURFACE_STYLE_FILL_AREA ( #2233 ) ;
#1754 = CIRCLE ( 'NONE', #1460, 2.499999999999946709 ) ;
#1755 = STYLED_ITEM ( 'NONE', ( #3378 ), #4293 ) ;
#1756 = LINE ( 'NONE', #3373, #4655 ) ;
#1757 = DIRECTION ( 'NONE',  ( -1.000000000000000000, 0.0000000000000000000, -0.0000000000000000000 ) ) ;
#1758 = DIRECTION ( 'NONE',  ( 0.0000000000000000000, 0.0000000000000000000, 1.000000000000000000 ) ) ;
#1759 = EDGE_LOOP ( 'NONE', ( #2511, #904, #2299, #3096 ) ) ;
#1760 = EDGE_CURVE ( 'NONE', #1768, #2018, #1455, .T. ) ;
#1761 = EDGE_LOOP ( 'NONE', ( #1437, #2192 ) ) ;
#1762 = CARTESIAN_POINT ( 'NONE',  ( 0.0000000000000000000, -0.001000000000001000089, 0.0000000000000000000 ) ) ;
#1763 = DIRECTION ( 'NONE',  ( 1.000000000000000000, -0.0000000000000000000, -0.0000000000000000000 ) ) ;
#1764 = CYLINDRICAL_SURFACE ( 'NONE', #2364, 7.499999999999992895 ) ;
#1765 = DIRECTION ( 'NONE',  ( 1.000000000000000000, 0.0000000000000000000, -0.0000000000000000000 ) ) ;
#1766 = CARTESIAN_POINT ( 'NONE',  ( 90.00000000000000000, 1380.000000000000227, -90.00000000000000000 ) ) ;
#1767 = STYLED_ITEM ( 'NONE', ( #2035 ), #671 ) ;
#1768 = VERTEX_POINT ( 'NONE', #251 ) ;
#1769 = DIRECTION ( 'NONE',  ( 0.0000000000000000000, 0.0000000000000000000, 1.000000000000000000 ) ) ;
#1770 = DIRECTION ( 'NONE',  ( -0.0000000000000000000, -1.000000000000000000, -0.0000000000000000000 ) ) ;
#1771 = VECTOR ( 'NONE', #4643, 1000.000000000000000 ) ;
#1772 =( GEOMETRIC_REPRESENTATION_CONTEXT ( 3 ) GLOBAL_UNCERTAINTY_ASSIGNED_CONTEXT ( ( #111 ) ) GLOBAL_UNIT_ASSIGNED_CONTEXT ( ( #1509, #4331, #1492 ) ) REPRESENTATION_CONTEXT ( 'NONE', 'WORKASPACE' ) );
#1773 = VECTOR ( 'NONE', #603, 1000.000000000000000 ) ;
#1774 = CARTESIAN_POINT ( 'NONE',  ( 125.0000000000000568, 1380.000000000000227, 115.0000000000000142 ) ) ;
#1775 = CARTESIAN_POINT ( 'NONE',  ( -149.9999999999999716, 20.00000000000000000, 150.0000000000000000 ) ) ;
#1776 = DIRECTION ( 'NONE',  ( 0.0000000000000000000, 0.0000000000000000000, -1.000000000000000000 ) ) ;
#1777 = EDGE_LOOP ( 'NONE', ( #2612, #2503, #4504, #2006 ) ) ;
#1778 = DIRECTION ( 'NONE',  ( 0.0000000000000000000, 0.0000000000000000000, 1.000000000000000000 ) ) ;
#1779 = AXIS2_PLACEMENT_3D ( 'NONE', #3119, #3428, #1340 ) ;
#1780 = ORIENTED_EDGE ( 'NONE', *, *, #1355, .T. ) ;
#1781 = LINE ( 'NONE', #2352, #1053 ) ;
#1782 = EDGE_LOOP ( 'NONE', ( #4287, #3977, #3268, #4630 ) ) ;
#1783 = DIRECTION ( 'NONE',  ( -0.0000000000000000000, 1.000000000000000000, -0.0000000000000000000 ) ) ;
#1784 = PRESENTATION_STYLE_ASSIGNMENT (( #4238 ) ) ;
#1785 = ORIENTED_EDGE ( 'NONE', *, *, #4510, .T. ) ;
#1786 = CARTESIAN_POINT ( 'NONE',  ( -140.0000000000000000, 20.00000000000001776, -7.499999999999985789 ) ) ;
#1787 = CARTESIAN_POINT ( 'NONE',  ( -124.9999999999999432, 1380.000000000000227, 115.0000000000000426 ) ) ;
#1788 = LINE ( 'NONE', #1940, #1061 ) ;
#1789 = EDGE_CURVE ( 'NONE', #3127, #3808, #3137, .T. ) ;
#1790 = SURFACE_STYLE_USAGE ( .BOTH. , #706 ) ;
#1791 = ORIENTED_EDGE ( 'NONE', *, *, #4344, .F. ) ;
#1792 =( NAMED_UNIT ( * ) PLANE_ANGLE_UNIT ( ) SI_UNIT ( $, .RADIAN. ) );
#1793 = EDGE_CURVE ( 'NONE', #2700, #4134, #946, .T. ) ;
#1794 = ORIENTED_EDGE ( 'NONE', *, *, #3998, .T. ) ;
#1795 = STYLED_ITEM ( 'NONE', ( #3813 ), #1672 ) ;
#1796 = DIRECTION ( 'NONE',  ( -0.0000000000000000000, 1.000000000000000000, -0.0000000000000000000 ) ) ;
#1797 = CARTESIAN_POINT ( 'NONE',  ( -90.00000000000000000, 20.00000000000000355, -69.99999999999982947 ) ) ;
#1798 = EDGE_LOOP ( 'NONE', ( #504, #1892, #1780, #4089 ) ) ;
#1799 = EDGE_LOOP ( 'NONE', ( #3038, #3883, #3755, #2654, #472, #3902, #2574, #1866 ) ) ;
#1800 = EDGE_LOOP ( 'NONE', ( #1106, #1117, #4304, #748 ) ) ;
#1801 = VECTOR ( 'NONE', #4049, 1000.000000000000000 ) ;
#1802 = DIRECTION ( 'NONE',  ( 0.0000000000000000000, 1.000000000000000000, 0.0000000000000000000 ) ) ;
#1803 = PLANE ( 'NONE',  #4173 ) ;
#1804 = CARTESIAN_POINT ( 'NONE',  ( -68.00000000000000000, 1380.000000000000227, -67.99999999999998579 ) ) ;
#1805 = MANIFOLD_SOLID_BREP ( 'Gusset2', #4169 ) ;
#1806 = EDGE_CURVE ( 'NONE', #3837, #2880, #1182, .T. ) ;
#1807 = ORIENTED_EDGE ( 'NONE', *, *, #941, .T. ) ;
#1808 = CARTESIAN_POINT ( 'NONE',  ( -7.500000000000000000, 20.00000000000003197, -89.99999999999998579 ) ) ;
#1809 = DIRECTION ( 'NONE',  ( 0.0000000000000000000, 0.0000000000000000000, -1.000000000000000000 ) ) ;
#1810 = ORIENTED_EDGE ( 'NONE', *, *, #4554, .T. ) ;
#1811 =( NAMED_UNIT ( * ) PLANE_ANGLE_UNIT ( ) SI_UNIT ( $, .RADIAN. ) );
#1812 = CARTESIAN_POINT ( 'NONE',  ( 90.00000000000000000, 1315.000000000000227, -47.49999999999994316 ) ) ;
#1813 = CARTESIAN_POINT ( 'NONE',  ( -70.00000000000000000, 1400.000000000000227, 95.00000000000000000 ) ) ;
#1814 = EDGE_LOOP ( 'NONE', ( #2180, #3644, #707, #957 ) ) ;
#1815 = FACE_BOUND ( 'NONE', #2478, .T. ) ;
#1816 = EDGE_CURVE ( 'NONE', #494, #2122, #1521, .T. ) ;
#1817 = PRODUCT ( '4GAA0021201010015X_Predeterminado<As Machined>', '4GAA0021201010015X_Predeterminado<As Machined>', '', ( #398 ) ) ;
#1818 = LINE ( 'NONE', #577, #92 ) ;
#1819 = CARTESIAN_POINT ( 'NONE',  ( 78.00000000000000000, 1315.000000000000227, 42.50000000000004974 ) ) ;
#1820 = CARTESIAN_POINT ( 'NONE',  ( -149.9999999999999716, 20.00000000000000000, 139.9999999999999716 ) ) ;
#1821 = EDGE_LOOP ( 'NONE', ( #4410, #1502, #3292, #365 ) ) ;
#1822 = CARTESIAN_POINT ( 'NONE',  ( -110.0000000000000000, 220.0000000000000284, 7.500000000000013323 ) ) ;
#1823 = DIRECTION ( 'NONE',  ( 0.7071067811865489050, 0.0000000000000000000, 0.7071067811865461294 ) ) ;
#1824 = VERTEX_POINT ( 'NONE', #955 ) ;
#1825 = AXIS2_PLACEMENT_3D ( 'NONE', #789, #1174, #2575 ) ;
#1826 = EDGE_LOOP ( 'NONE', ( #1078, #2516 ) ) ;
#1827 = CARTESIAN_POINT ( 'NONE',  ( -90.00000000000000000, 1400.000000000000227, 90.00000000000000000 ) ) ;
#1828 = CARTESIAN_POINT ( 'NONE',  ( -124.9999999999999716, 20.00000000000000000, -30.00000000000000000 ) ) ;
#1829 = CYLINDRICAL_SURFACE ( 'NONE', #3267, 5.099999999999993427 ) ;
#1830 =( GEOMETRIC_REPRESENTATION_CONTEXT ( 3 ) GLOBAL_UNCERTAINTY_ASSIGNED_CONTEXT ( ( #3945 ) ) GLOBAL_UNIT_ASSIGNED_CONTEXT ( ( #74, #2590, #399 ) ) REPRESENTATION_CONTEXT ( 'NONE', 'WORKASPACE' ) );
#1831 = ORIENTED_EDGE ( 'NONE', *, *, #499, .T. ) ;
#1832 = EDGE_CURVE ( 'NONE', #1961, #2679, #598, .T. ) ;
#1833 = CARTESIAN_POINT ( 'NONE',  ( -114.9999999999999574, 1380.000000000000227, -124.9999999999999432 ) ) ;
#1834 = DIRECTION ( 'NONE',  ( 0.0000000000000000000, 1.000000000000000000, 0.0000000000000000000 ) ) ;
#1835 = ORIENTED_EDGE ( 'NONE', *, *, #3804, .T. ) ;
#1836 =( NAMED_UNIT ( * ) SI_UNIT ( $, .STERADIAN. ) SOLID_ANGLE_UNIT ( ) );
#1837 = CYLINDRICAL_SURFACE ( 'NONE', #63, 4.500000000000003553 ) ;
#1838 = AXIS2_PLACEMENT_3D ( 'NONE', #2167, #685, #1423 ) ;
#1839 = EDGE_LOOP ( 'NONE', ( #1909, #4475, #882, #3216 ) ) ;
#1840 = VECTOR ( 'NONE', #4658, 1000.000000000000000 ) ;
#1841 = ADVANCED_FACE ( 'NONE', ( #2198 ), #1042, .F. ) ;
#1842 = FACE_OUTER_BOUND ( 'NONE', #1165, .T. ) ;
#1843 = CARTESIAN_POINT ( 'NONE',  ( -114.9999999999999574, 1400.000000000000227, -124.9999999999999432 ) ) ;
#1844 = CARTESIAN_POINT ( 'NONE',  ( -67.99999999999991473, 1380.000000000000227, -77.99999999999998579 ) ) ;
#1845 = EDGE_CURVE ( 'NONE', #3106, #758, #2319, .T. ) ;
#1846 = VERTEX_POINT ( 'NONE', #332 ) ;
#1847 = SHAPE_REPRESENTATION ( '4GAA0021201010015X_Predeterminado<As Machined>', ( #4558 ), #2706 ) ;
#1848 = CIRCLE ( 'NONE', #1478, 62.50000000000000000 ) ;
#1849 = DIRECTION ( 'NONE',  ( 1.000000000000000000, 0.0000000000000000000, 0.0000000000000000000 ) ) ;
#1850 = DIRECTION ( 'NONE',  ( -0.0000000000000000000, 1.000000000000000000, -0.0000000000000000000 ) ) ;
#1851 = ORIENTED_EDGE ( 'NONE', *, *, #1853, .T. ) ;
#1852 = DIRECTION ( 'NONE',  ( 0.7071067811865455743, -0.0000000000000000000, 0.7071067811865493491 ) ) ;
#1853 = EDGE_CURVE ( 'NONE', #317, #2483, #1407, .T. ) ;
#1854 = SURFACE_STYLE_FILL_AREA ( #118 ) ;
#1855 = CARTESIAN_POINT ( 'NONE',  ( -90.00000000000000000, 220.0000000000000284, 7.500000000000013323 ) ) ;
#1856 = SURFACE_SIDE_STYLE ('',( #2257 ) ) ;
#1857 = VERTEX_POINT ( 'NONE', #1072 ) ;
#1858 = ORIENTED_EDGE ( 'NONE', *, *, #3116, .F. ) ;
#1859 = PLANE ( 'NONE',  #4416 ) ;
#1860 = FACE_OUTER_BOUND ( 'NONE', #2465, .T. ) ;
#1861 = LINE ( 'NONE', #1616, #779 ) ;
#1862 = CARTESIAN_POINT ( 'NONE',  ( 90.00000000000000000, 1400.000000000000227, -90.00000000000000000 ) ) ;
#1863 = SURFACE_STYLE_USAGE ( .BOTH. , #73 ) ;
#1864 = ORIENTED_EDGE ( 'NONE', *, *, #15, .F. ) ;
#1865 = FACE_OUTER_BOUND ( 'NONE', #2077, .T. ) ;
#1866 = ORIENTED_EDGE ( 'NONE', *, *, #965, .T. ) ;
#1867 = EDGE_CURVE ( 'NONE', #3921, #2625, #1683, .T. ) ;
#1868 = LINE ( 'NONE', #2452, #40 ) ;
#1869 = ORIENTED_EDGE ( 'NONE', *, *, #3785, .F. ) ;
#1870 = ADVANCED_FACE ( 'NONE', ( #2374 ), #2502, .F. ) ;
#1871 = DIRECTION ( 'NONE',  ( -0.0000000000000000000, 1.000000000000000000, -0.0000000000000000000 ) ) ;
#1872 =( GEOMETRIC_REPRESENTATION_CONTEXT ( 3 ) GLOBAL_UNCERTAINTY_ASSIGNED_CONTEXT ( ( #3391 ) ) GLOBAL_UNIT_ASSIGNED_CONTEXT ( ( #4450, #1664, #232 ) ) REPRESENTATION_CONTEXT ( 'NONE', 'WORKASPACE' ) );
#1873 = ORIENTED_EDGE ( 'NONE', *, *, #2458, .T. ) ;
#1874 = DIRECTION ( 'NONE',  ( -1.000000000000000000, 0.0000000000000000000, 0.0000000000000000000 ) ) ;
#1875 = VECTOR ( 'NONE', #2990, 1000.000000000000000 ) ;
#1876 = DIRECTION ( 'NONE',  ( 0.0000000000000000000, 0.7071067811865081598, 0.7071067811865867636 ) ) ;
#1877 = STYLED_ITEM ( 'NONE', ( #1617 ), #3251 ) ;
#1878 = ADVANCED_FACE ( 'NONE', ( #545 ), #81, .F. ) ;
#1879 = LINE ( 'NONE', #2399, #3318 ) ;
#1880 = EDGE_CURVE ( 'NONE', #2457, #3691, #1287, .T. ) ;
#1881 = DIRECTION ( 'NONE',  ( 1.000000000000000000, 0.0000000000000000000, 0.0000000000000000000 ) ) ;
#1882 = DIRECTION ( 'NONE',  ( 0.0000000000000000000, 0.0000000000000000000, -1.000000000000000000 ) ) ;
#1883 = ORIENTED_EDGE ( 'NONE', *, *, #4451, .T. ) ;
#1884 = EDGE_CURVE ( 'NONE', #4535, #2714, #199, .T. ) ;
#1885 = CARTESIAN_POINT ( 'NONE',  ( 30.00000000000000000, 20.00000000000000000, -120.5000000000000000 ) ) ;
#1886 = CARTESIAN_POINT ( 'NONE',  ( 90.00000000000000000, 1315.000000000000227, -45.00000000000000000 ) ) ;
#1887 = ORIENTED_EDGE ( 'NONE', *, *, #3790, .T. ) ;
#1888 = SURFACE_STYLE_USAGE ( .BOTH. , #3651 ) ;
#1889 = VECTOR ( 'NONE', #895, 1000.000000000000000 ) ;
#1890 = CARTESIAN_POINT ( 'NONE',  ( -67.99999999999991473, 1380.000000000000227, 78.00000000000000000 ) ) ;
#1891 = AXIS2_PLACEMENT_3D ( 'NONE', #1062, #3947, #3235 ) ;
#1892 = ORIENTED_EDGE ( 'NONE', *, *, #2443, .T. ) ;
#1893 = DIRECTION ( 'NONE',  ( 0.0000000000000000000, 1.000000000000000000, 0.0000000000000000000 ) ) ;
#1894 = ADVANCED_FACE ( 'NONE', ( #1916 ), #315, .F. ) ;
#1895 = VECTOR ( 'NONE', #751, 1000.000000000000000 ) ;
#1896 = DIRECTION ( 'NONE',  ( 8.326672684688671588E-17, -1.000000000000000000, 1.222278229712028964E-17 ) ) ;
#1897 = ORIENTED_EDGE ( 'NONE', *, *, #1216, .F. ) ;
#1898 = PRESENTATION_LAYER_ASSIGNMENT (  '', '', ( #4522 ) ) ;
#1899 = CIRCLE ( 'NONE', #1539, 3.000000000000002665 ) ;
#1900 = ADVANCED_FACE ( 'NONE', ( #3512 ), #2368, .F. ) ;
#1901 = EDGE_CURVE ( 'NONE', #2801, #1310, #4307, .T. ) ;
#1902 = VERTEX_POINT ( 'NONE', #3278 ) ;
#1903 = FACE_OUTER_BOUND ( 'NONE', #1269, .T. ) ;
#1904 = DIRECTION ( 'NONE',  ( 0.0000000000000000000, 0.0000000000000000000, 1.000000000000000000 ) ) ;
#1905 = CIRCLE ( 'NONE', #1109, 75.00000000000001421 ) ;
#1906 =( NAMED_UNIT ( * ) PLANE_ANGLE_UNIT ( ) SI_UNIT ( $, .RADIAN. ) );
#1907 = FACE_OUTER_BOUND ( 'NONE', #1798, .T. ) ;
#1908 = PLANE ( 'NONE',  #4305 ) ;
#1909 = ORIENTED_EDGE ( 'NONE', *, *, #4079, .T. ) ;
#1910 = DIRECTION ( 'NONE',  ( -7.401486830834376525E-17, -1.000000000000000000, -0.0000000000000000000 ) ) ;
#1911 = VECTOR ( 'NONE', #2674, 1000.000000000000000 ) ;
#1912 = EDGE_LOOP ( 'NONE', ( #699, #2142, #311, #4456 ) ) ;
#1913 = DIRECTION ( 'NONE',  ( 1.000000000000000000, 8.326672684688671588E-17, 5.551115123125780853E-17 ) ) ;
#1914 = CARTESIAN_POINT ( 'NONE',  ( 90.00000000000000000, 20.00000000000001776, -7.500000000000013323 ) ) ;
#1915 = EDGE_CURVE ( 'NONE', #2873, #4161, #3914, .T. ) ;
#1916 = FACE_OUTER_BOUND ( 'NONE', #4550, .T. ) ;
#1917 = ORIENTED_EDGE ( 'NONE', *, *, #2744, .T. ) ;
#1918 = DIRECTION ( 'NONE',  ( 1.000000000000000000, 0.0000000000000000000, 0.0000000000000000000 ) ) ;
#1919 = CARTESIAN_POINT ( 'NONE',  ( 67.99999999999991473, 1380.000000000000227, 77.99999999999995737 ) ) ;
#1920 = PRESENTATION_STYLE_ASSIGNMENT (( #695 ) ) ;
#1921 = ADVANCED_FACE ( 'NONE', ( #3688 ), #3232, .F. ) ;
#1922 = DIRECTION ( 'NONE',  ( 0.0000000000000000000, 0.0000000000000000000, 1.000000000000000000 ) ) ;
#1923 = AXIS2_PLACEMENT_3D ( 'NONE', #4199, #2054, #2456 ) ;
#1924 = ORIENTED_EDGE ( 'NONE', *, *, #4114, .T. ) ;
#1925 = CLOSED_SHELL ( 'NONE', ( #2587, #1870, #1190, #2659, #1586, #1277, #766 ) ) ;
#1926 = VECTOR ( 'NONE', #146, 1000.000000000000000 ) ;
#1927 = DIRECTION ( 'NONE',  ( 0.0000000000000000000, -3.081487911019577365E-33, -1.000000000000000000 ) ) ;
#1928 = VECTOR ( 'NONE', #4105, 1000.000000000000227 ) ;
#1929 = CARTESIAN_POINT ( 'NONE',  ( -124.9999999999999716, 0.0000000000000000000, -125.0000000000000000 ) ) ;
#1930 = ORIENTED_EDGE ( 'NONE', *, *, #431, .T. ) ;
#1931 = MECHANICAL_DESIGN_GEOMETRIC_PRESENTATION_REPRESENTATION (  '', ( #947 ), #3829 ) ;
#1932 = DIRECTION ( 'NONE',  ( 1.000000000000000000, -0.0000000000000000000, -0.0000000000000000000 ) ) ;
#1933 = PRODUCT_CONTEXT ( 'NONE', #1203, 'mechanical' ) ;
#1934 = DIRECTION ( 'NONE',  ( 0.0000000000000000000, 1.000000000000000000, 0.0000000000000000000 ) ) ;
#1935 = ORIENTED_EDGE ( 'NONE', *, *, #3585, .F. ) ;
#1936 = ADVANCED_FACE ( 'NONE', ( #4647 ), #741, .F. ) ;
#1937 = PLANE ( 'NONE',  #2290 ) ;
#1938 = DIRECTION ( 'NONE',  ( -0.7071067811865484609, 0.0000000000000000000, 0.7071067811865465735 ) ) ;
#1939 = ORIENTED_EDGE ( 'NONE', *, *, #974, .T. ) ;
#1940 = CARTESIAN_POINT ( 'NONE',  ( 90.00000000000000000, 1355.000000000000227, 42.50000000000004974 ) ) ;
#1941 = FACE_BOUND ( 'NONE', #596, .T. ) ;
#1942 = AXIS2_PLACEMENT_3D ( 'NONE', #1844, #1091, #2843 ) ;
#1943 = DIRECTION ( 'NONE',  ( 0.0000000000000000000, 0.0000000000000000000, -1.000000000000000000 ) ) ;
#1944 = EDGE_LOOP ( 'NONE', ( #4580, #3718, #1352, #4369 ) ) ;
#1945 = EDGE_CURVE ( 'NONE', #782, #2539, #2139, .T. ) ;
#1946 = ADVANCED_FACE ( 'NONE', ( #542 ), #4359, .F. ) ;
#1947 = EDGE_LOOP ( 'NONE', ( #1858, #3376, #1318, #1378 ) ) ;
#1948 = PLANE ( 'NONE',  #489 ) ;
#1949 = DIRECTION ( 'NONE',  ( 1.000000000000000000, -0.0000000000000000000, -0.0000000000000000000 ) ) ;
#1950 = FACE_BOUND ( 'NONE', #4063, .T. ) ;
#1951 = ORIENTED_EDGE ( 'NONE', *, *, #4451, .F. ) ;
#1952 = EDGE_CURVE ( 'NONE', #774, #1253, #3744, .T. ) ;
#1953 = CARTESIAN_POINT ( 'NONE',  ( -140.0000000000000000, 20.00000000000000000, -150.0000000000000000 ) ) ;
#1954 = DIRECTION ( 'NONE',  ( -0.0000000000000000000, 1.000000000000000000, -0.0000000000000000000 ) ) ;
#1955 = CIRCLE ( 'NONE', #4651, 2.999999999999988898 ) ;
#1956 = ORIENTED_EDGE ( 'NONE', *, *, #2884, .T. ) ;
#1957 = SURFACE_STYLE_USAGE ( .BOTH. , #1556 ) ;
#1958 = AXIS2_PLACEMENT_3D ( 'NONE', #1827, #3206, #1422 ) ;
#1959 = UNCERTAINTY_MEASURE_WITH_UNIT (LENGTH_MEASURE( 1.000000000000000082E-05 ), #1470, 'distance_accuracy_value', 'NONE');
#1960 = FILL_AREA_STYLE ('',( #871 ) ) ;
#1961 = VERTEX_POINT ( 'NONE', #708 ) ;
#1962 = CARTESIAN_POINT ( 'NONE',  ( -29.99999999999998579, 20.00000000000000000, 120.5000000000000284 ) ) ;
#1963 = CARTESIAN_POINT ( 'NONE',  ( 77.99999999999998579, 20.00000000000000355, -67.99999999999991473 ) ) ;
#1964 = VERTEX_POINT ( 'NONE', #1441 ) ;
#1965 = EDGE_CURVE ( 'NONE', #1902, #19, #27, .T. ) ;
#1966 = PLANE ( 'NONE',  #2463 ) ;
#1967 = CARTESIAN_POINT ( 'NONE',  ( -142.5000000000000568, -0.001000000000001000089, -1.492608272355440021E-12 ) ) ;
#1968 = ORIENTED_EDGE ( 'NONE', *, *, #1816, .T. ) ;
#1969 = LINE ( 'NONE', #3189, #2249 ) ;
#1970 = DIRECTION ( 'NONE',  ( 1.000000000000000000, -0.0000000000000000000, -0.0000000000000000000 ) ) ;
#1971 = ORIENTED_EDGE ( 'NONE', *, *, #1273, .T. ) ;
#1972 = CARTESIAN_POINT ( 'NONE',  ( -149.9999999999999432, 20.00000000000000000, -7.500000000001570299 ) ) ;
#1973 = ORIENTED_EDGE ( 'NONE', *, *, #127, .T. ) ;
#1974 = DIRECTION ( 'NONE',  ( 0.0000000000000000000, 0.0000000000000000000, -1.000000000000000000 ) ) ;
#1975 = ORIENTED_EDGE ( 'NONE', *, *, #2861, .F. ) ;
#1976 = EDGE_CURVE ( 'NONE', #4512, #494, #4590, .T. ) ;
#1977 = ADVANCED_FACE ( 'NONE', ( #1739 ), #4477, .F. ) ;
#1978 = EDGE_LOOP ( 'NONE', ( #3724, #1008, #1080, #1246 ) ) ;
#1979 = EDGE_LOOP ( 'NONE', ( #710, #346, #273, #3334 ) ) ;
#1980 = CARTESIAN_POINT ( 'NONE',  ( 7.499999999999981348, 1.387778780781445676E-14, 1.387778780781445676E-14 ) ) ;
#1981 = PLANE ( 'NONE',  #3529 ) ;
#1982 = AXIS2_PLACEMENT_3D ( 'NONE', #2919, #1563, #1881 ) ;
#1983 = VERTEX_POINT ( 'NONE', #4380 ) ;
#1984 = CARTESIAN_POINT ( 'NONE',  ( 0.0000000000000000000, 0.0000000000000000000, 75.00000000000001421 ) ) ;
#1985 = DIRECTION ( 'NONE',  ( 0.0000000000000000000, 0.0000000000000000000, 1.000000000000000000 ) ) ;
#1986 = VERTEX_POINT ( 'NONE', #808 ) ;
#1987 = AXIS2_PLACEMENT_3D ( 'NONE', #3938, #4115, #4545 ) ;
#1988 = LINE ( 'NONE', #65, #394 ) ;
#1989 = EDGE_CURVE ( 'NONE', #4668, #2327, #4102, .T. ) ;
#1990 = DIRECTION ( 'NONE',  ( 0.0000000000000000000, 0.0000000000000000000, 1.000000000000000000 ) ) ;
#1991 = DIRECTION ( 'NONE',  ( -1.982541115402069301E-16, -1.481508706589287040E-35, -1.000000000000000000 ) ) ;
#1992 = CARTESIAN_POINT ( 'NONE',  ( -7.500000000000017764, 1.387778780781445676E-14, 0.0000000000000000000 ) ) ;
#1993 = ORIENTED_EDGE ( 'NONE', *, *, #3006, .T. ) ;
#1994 = PRODUCT_DEFINITION_CONTEXT ( 'detailed design', #4421, 'design' ) ;
#1995 = DIRECTION ( 'NONE',  ( -1.000000000000000000, -3.851859888774471706E-33, 1.982541115402069301E-16 ) ) ;
#1996 = DIRECTION ( 'NONE',  ( -0.0000000000000000000, 1.000000000000000000, -0.0000000000000000000 ) ) ;
#1997 = ORIENTED_EDGE ( 'NONE', *, *, #953, .F. ) ;
#1998 = EDGE_CURVE ( 'NONE', #218, #587, #387, .T. ) ;
#1999 = VECTOR ( 'NONE', #349, 1000.000000000000114 ) ;
#2000 = VERTEX_POINT ( 'NONE', #4039 ) ;
#2001 = PRESENTATION_STYLE_ASSIGNMENT (( #1331 ) ) ;
#2002 = ORIENTED_EDGE ( 'NONE', *, *, #2316, .T. ) ;
#2003 = DIRECTION ( 'NONE',  ( 0.0000000000000000000, 1.000000000000000000, 0.0000000000000000000 ) ) ;
#2004 = CARTESIAN_POINT ( 'NONE',  ( -90.00000000000000000, 20.00000000000001776, 7.500000000000013323 ) ) ;
#2005 = LINE ( 'NONE', #3878, #3007 ) ;
#2006 = ORIENTED_EDGE ( 'NONE', *, *, #4344, .T. ) ;
#2007 = CARTESIAN_POINT ( 'NONE',  ( 125.0000000000000568, 1400.000000000000227, 115.0000000000000142 ) ) ;
#2008 = AXIS2_PLACEMENT_3D ( 'NONE', #4006, #3959, #2544 ) ;
#2009 = CARTESIAN_POINT ( 'NONE',  ( -90.00000000000000000, 1400.000000000000227, 95.09999999999999432 ) ) ;
#2010 = CYLINDRICAL_SURFACE ( 'NONE', #2578, 3.000000000000002665 ) ;
#2011 = ORIENTED_EDGE ( 'NONE', *, *, #3937, .F. ) ;
#2012 = ADVANCED_FACE ( 'NONE', ( #4217 ), #3315, .F. ) ;
#2013 = CARTESIAN_POINT ( 'NONE',  ( 90.00000000000000000, 1315.000000000000227, 45.00000000000000000 ) ) ;
#2014 = COLOUR_RGB ( '',1.000000000000000000, 1.000000000000000000, 1.000000000000000000 ) ;
#2015 = VERTEX_POINT ( 'NONE', #1179 ) ;
#2016 = MECHANICAL_DESIGN_GEOMETRIC_PRESENTATION_REPRESENTATION (  '', ( #3430 ), #3463 ) ;
#2017 = DIRECTION ( 'NONE',  ( -0.0000000000000000000, 1.000000000000000000, -0.0000000000000000000 ) ) ;
#2018 = VERTEX_POINT ( 'NONE', #857 ) ;
#2019 = MECHANICAL_DESIGN_GEOMETRIC_PRESENTATION_REPRESENTATION (  '', ( #559 ), #2277 ) ;
#2020 = DIRECTION ( 'NONE',  ( 0.0000000000000000000, 0.0000000000000000000, 1.000000000000000000 ) ) ;
#2021 = FACE_OUTER_BOUND ( 'NONE', #1577, .T. ) ;
#2022 = DIRECTION ( 'NONE',  ( 1.000000000000000000, -0.0000000000000000000, -0.0000000000000000000 ) ) ;
#2023 =( NAMED_UNIT ( * ) PLANE_ANGLE_UNIT ( ) SI_UNIT ( $, .RADIAN. ) );
#2024 = ORIENTED_EDGE ( 'NONE', *, *, #368, .T. ) ;
#2025 = ORIENTED_EDGE ( 'NONE', *, *, #4479, .F. ) ;
#2026 = FACE_OUTER_BOUND ( 'NONE', #1782, .T. ) ;
#2027 = VECTOR ( 'NONE', #1932, 1000.000000000000000 ) ;
#2028 = DIRECTION ( 'NONE',  ( -3.081487911019577365E-33, 0.0000000000000000000, 1.000000000000000000 ) ) ;
#2029 = CARTESIAN_POINT ( 'NONE',  ( -90.00000000000000000, 1380.000000000000227, 69.99999999999985789 ) ) ;
#2030 = LINE ( 'NONE', #1642, #1529 ) ;
#2031 = EDGE_LOOP ( 'NONE', ( #3043, #2957, #3444, #2839 ) ) ;
#2032 = DIRECTION ( 'NONE',  ( -0.0000000000000000000, -1.000000000000000000, -0.0000000000000000000 ) ) ;
#2033 = ORIENTED_EDGE ( 'NONE', *, *, #3169, .F. ) ;
#2034 = DIRECTION ( 'NONE',  ( 0.0000000000000000000, 0.0000000000000000000, 1.000000000000000000 ) ) ;
#2035 = PRESENTATION_STYLE_ASSIGNMENT (( #2090 ) ) ;
#2036 = AXIS2_PLACEMENT_3D ( 'NONE', #1688, #2003, #4192 ) ;
#2037 = PLANE ( 'NONE',  #765 ) ;
#2038 = VERTEX_POINT ( 'NONE', #1161 ) ;
#2039 = CARTESIAN_POINT ( 'NONE',  ( -69.99999999999998579, 20.00000000000000355, 69.99999999999998579 ) ) ;
#2040 = DIRECTION ( 'NONE',  ( 0.0000000000000000000, 0.0000000000000000000, 1.000000000000000000 ) ) ;
#2041 = SURFACE_STYLE_USAGE ( .BOTH. , #4566 ) ;
#2042 = FACE_OUTER_BOUND ( 'NONE', #2085, .T. ) ;
#2043 = EDGE_LOOP ( 'NONE', ( #1247, #3745, #2570, #2771 ) ) ;
#2044 = DIRECTION ( 'NONE',  ( -0.0000000000000000000, 1.000000000000000000, -0.0000000000000000000 ) ) ;
#2045 = DIRECTION ( 'NONE',  ( -0.0000000000000000000, 1.000000000000000000, -0.0000000000000000000 ) ) ;
#2046 = ORIENTED_EDGE ( 'NONE', *, *, #2528, .T. ) ;
#2047 = CARTESIAN_POINT ( 'NONE',  ( 30.00000000000000000, 20.00000000000000000, -125.0000000000000000 ) ) ;
#2048 = CARTESIAN_POINT ( 'NONE',  ( 90.00000000000000000, 20.00000000000001776, -7.500000000000013323 ) ) ;
#2049 = CARTESIAN_POINT ( 'NONE',  ( 90.00000000000000000, 1400.000000000000227, 95.09999999999999432 ) ) ;
#2050 = LINE ( 'NONE', #2453, #571 ) ;
#2051 = ORIENTED_EDGE ( 'NONE', *, *, #2496, .T. ) ;
#2052 =( NAMED_UNIT ( * ) SI_UNIT ( $, .STERADIAN. ) SOLID_ANGLE_UNIT ( ) );
#2053 = LINE ( 'NONE', #1112, #923 ) ;
#2054 = DIRECTION ( 'NONE',  ( -0.0000000000000000000, 1.000000000000000000, -0.0000000000000000000 ) ) ;
#2055 = ORIENTED_EDGE ( 'NONE', *, *, #615, .F. ) ;
#2056 = EDGE_CURVE ( 'NONE', #1038, #1099, #3700, .T. ) ;
#2057 = DIRECTION ( 'NONE',  ( 8.659560562355413570E-17, 0.7071067811865081598, -0.7071067811865867636 ) ) ;
#2058 = VECTOR ( 'NONE', #3537, 1000.000000000000000 ) ;
#2059 = DIRECTION ( 'NONE',  ( -0.0000000000000000000, -1.000000000000000000, -0.0000000000000000000 ) ) ;
#2060 = VERTEX_POINT ( 'NONE', #2289 ) ;
#2061 = CARTESIAN_POINT ( 'NONE',  ( -69.99999999999985789, 1380.000000000000227, -89.99999999999997158 ) ) ;
#2062 = CIRCLE ( 'NONE', #919, 7.499999999999992895 ) ;
#2063 = VECTOR ( 'NONE', #517, 1000.000000000000114 ) ;
#2064 = DIRECTION ( 'NONE',  ( 1.000000000000000000, -0.0000000000000000000, -0.0000000000000000000 ) ) ;
#2065 = ORIENTED_EDGE ( 'NONE', *, *, #723, .F. ) ;
#2066 = CARTESIAN_POINT ( 'NONE',  ( -140.0000000000000000, 0.0000000000000000000, 150.0000000000000000 ) ) ;
#2067 = VECTOR ( 'NONE', #3752, 1000.000000000000000 ) ;
#2068 = FACE_OUTER_BOUND ( 'NONE', #3930, .T. ) ;
#2069 =( LENGTH_UNIT ( ) NAMED_UNIT ( * ) SI_UNIT ( .MILLI., .METRE. ) );
#2070 = ORIENTED_EDGE ( 'NONE', *, *, #4299, .F. ) ;
#2071 = AXIS2_PLACEMENT_3D ( 'NONE', #151, #1970, #3039 ) ;
#2072 = VECTOR ( 'NONE', #4341, 1000.000000000000000 ) ;
#2073 = DIRECTION ( 'NONE',  ( 0.0000000000000000000, 0.0000000000000000000, 1.000000000000000000 ) ) ;
#2074 = ORIENTED_EDGE ( 'NONE', *, *, #3962, .F. ) ;
#2075 = DIRECTION ( 'NONE',  ( 1.000000000000000000, -0.0000000000000000000, -0.0000000000000000000 ) ) ;
#2076 = DIRECTION ( 'NONE',  ( -0.0000000000000000000, 1.000000000000000000, -0.0000000000000000000 ) ) ;
#2077 = EDGE_LOOP ( 'NONE', ( #851, #687, #1215, #1524 ) ) ;
#2078 = AXIS2_PLACEMENT_3D ( 'NONE', #78, #2927, #3275 ) ;
#2079 = ORIENTED_EDGE ( 'NONE', *, *, #2593, .T. ) ;
#2080 = PLANE ( 'NONE',  #3454 ) ;
#2081 = CARTESIAN_POINT ( 'NONE',  ( 145.0000000000000284, 20.00000000000000000, 145.0000000000000000 ) ) ;
#2082 = ADVANCED_FACE ( 'NONE', ( #3926 ), #1299, .F. ) ;
#2083 = VECTOR ( 'NONE', #1193, 1000.000000000000000 ) ;
#2084 = FACE_OUTER_BOUND ( 'NONE', #3427, .T. ) ;
#2085 = EDGE_LOOP ( 'NONE', ( #3115, #2630, #1810, #4459 ) ) ;
#2086 = EDGE_CURVE ( 'NONE', #3031, #3393, #2865, .T. ) ;
#2087 = CARTESIAN_POINT ( 'NONE',  ( 0.0000000000000000000, -0.001000000000001000089, 0.0000000000000000000 ) ) ;
#2088 = VERTEX_POINT ( 'NONE', #1199 ) ;
#2089 = FACE_OUTER_BOUND ( 'NONE', #4338, .T. ) ;
#2090 = SURFACE_STYLE_USAGE ( .BOTH. , #4234 ) ;
#2091 = FACE_OUTER_BOUND ( 'NONE', #4429, .T. ) ;
#2092 = CARTESIAN_POINT ( 'NONE',  ( -124.9999999999999716, 20.00000000000000000, 26.59999999999999787 ) ) ;
#2093 = ORIENTED_EDGE ( 'NONE', *, *, #4003, .T. ) ;
#2094 = DIRECTION ( 'NONE',  ( 0.7071067811865474617, -0.0000000000000000000, -0.7071067811865474617 ) ) ;
#2095 = UNCERTAINTY_MEASURE_WITH_UNIT (LENGTH_MEASURE( 1.000000000000000082E-05 ), #684, 'distance_accuracy_value', 'NONE');
#2096 = EDGE_CURVE ( 'NONE', #776, #1625, #2149, .T. ) ;
#2097 = DIRECTION ( 'NONE',  ( 0.0000000000000000000, 0.0000000000000000000, 1.000000000000000000 ) ) ;
#2098 = ORIENTED_EDGE ( 'NONE', *, *, #4277, .T. ) ;
#2099 = LINE ( 'NONE', #2551, #3825 ) ;
#2100 = CARTESIAN_POINT ( 'NONE',  ( -70.00000000000000000, 1399.500000000000227, 95.00000000000000000 ) ) ;
#2101 = CARTESIAN_POINT ( 'NONE',  ( -70.00000000000000000, 1400.000000000000227, 98.50000000000000000 ) ) ;
#2102 = VECTOR ( 'NONE', #3910, 1000.000000000000000 ) ;
#2103 = MECHANICAL_DESIGN_GEOMETRIC_PRESENTATION_REPRESENTATION (  '', ( #1795 ), #396 ) ;
#2104 = EDGE_CURVE ( 'NONE', #2718, #776, #2977, .T. ) ;
#2105 = CARTESIAN_POINT ( 'NONE',  ( 7.500000000000000000, 220.0000000000000284, -89.99999999999998579 ) ) ;
#2106 = DIRECTION ( 'NONE',  ( 0.0000000000000000000, 0.0000000000000000000, 1.000000000000000000 ) ) ;
#2107 = VERTEX_POINT ( 'NONE', #2305 ) ;
#2108 = DIRECTION ( 'NONE',  ( 0.0000000000000000000, 0.0000000000000000000, 1.000000000000000000 ) ) ;
#2109 = DIRECTION ( 'NONE',  ( 0.0000000000000000000, 0.0000000000000000000, -1.000000000000000000 ) ) ;
#2110 = CARTESIAN_POINT ( 'NONE',  ( 125.0000000000000568, 1400.000000000000227, 115.0000000000000142 ) ) ;
#2111 = ORIENTED_EDGE ( 'NONE', *, *, #3740, .T. ) ;
#2112 =( GEOMETRIC_REPRESENTATION_CONTEXT ( 3 ) GLOBAL_UNCERTAINTY_ASSIGNED_CONTEXT ( ( #2448 ) ) GLOBAL_UNIT_ASSIGNED_CONTEXT ( ( #2851, #1037, #4276 ) ) REPRESENTATION_CONTEXT ( 'NONE', 'WORKASPACE' ) );
#2113 = CARTESIAN_POINT ( 'NONE',  ( 67.99999999999998579, 20.00000000000000355, -68.00000000000000000 ) ) ;
#2114 = FACE_BOUND ( 'NONE', #4267, .T. ) ;
#2115 = ORIENTED_EDGE ( 'NONE', *, *, #352, .F. ) ;
#2116 = CARTESIAN_POINT ( 'NONE',  ( -29.99999999999998579, 20.00000000000000000, 129.5000000000000284 ) ) ;
#2117 = DIRECTION ( 'NONE',  ( 0.0000000000000000000, 0.0000000000000000000, 1.000000000000000000 ) ) ;
#2118 = DIRECTION ( 'NONE',  ( 1.000000000000000000, -0.0000000000000000000, -0.0000000000000000000 ) ) ;
#2119 =( GEOMETRIC_REPRESENTATION_CONTEXT ( 3 ) GLOBAL_UNCERTAINTY_ASSIGNED_CONTEXT ( ( #52 ) ) GLOBAL_UNIT_ASSIGNED_CONTEXT ( ( #4018, #1906, #1225 ) ) REPRESENTATION_CONTEXT ( 'NONE', 'WORKASPACE' ) );
#2120 = EDGE_CURVE ( 'NONE', #2844, #3249, #2752, .T. ) ;
#2121 = SURFACE_STYLE_FILL_AREA ( #1068 ) ;
#2122 = VERTEX_POINT ( 'NONE', #1890 ) ;
#2123 = CARTESIAN_POINT ( 'NONE',  ( -124.9999999999999716, 0.0000000000000000000, 33.39999999999999858 ) ) ;
#2124 = FILL_AREA_STYLE_COLOUR ( '', #3726 ) ;
#2125 = CARTESIAN_POINT ( 'NONE',  ( -150.0000000000000284, 0.0000000000000000000, -7.500000000001685763 ) ) ;
#2126 = LINE ( 'NONE', #2756, #183 ) ;
#2127 = EDGE_CURVE ( 'NONE', #3513, #866, #2434, .T. ) ;
#2128 = EDGE_LOOP ( 'NONE', ( #4517, #4104, #1951, #2580 ) ) ;
#2129 = FACE_OUTER_BOUND ( 'NONE', #2430, .T. ) ;
#2130 = FACE_OUTER_BOUND ( 'NONE', #4561, .T. ) ;
#2131 = CARTESIAN_POINT ( 'NONE',  ( 67.99999999999998579, 1380.000000000000227, -68.00000000000000000 ) ) ;
#2132 = FACE_OUTER_BOUND ( 'NONE', #3059, .T. ) ;
#2133 = EDGE_LOOP ( 'NONE', ( #3123, #3465 ) ) ;
#2134 =( GEOMETRIC_REPRESENTATION_CONTEXT ( 3 ) GLOBAL_UNCERTAINTY_ASSIGNED_CONTEXT ( ( #3887 ) ) GLOBAL_UNIT_ASSIGNED_CONTEXT ( ( #3329, #2603, #1495 ) ) REPRESENTATION_CONTEXT ( 'NONE', 'WORKASPACE' ) );
#2135 = PRESENTATION_STYLE_ASSIGNMENT (( #485 ) ) ;
#2136 = CARTESIAN_POINT ( 'NONE',  ( 90.00000000000000000, 1400.000000000000227, -84.90000000000000568 ) ) ;
#2137 = CARTESIAN_POINT ( 'NONE',  ( 124.9999999999999716, 20.00000000000000000, -33.39999999999999858 ) ) ;
#2138 = ORIENTED_EDGE ( 'NONE', *, *, #72, .T. ) ;
#2139 = CIRCLE ( 'NONE', #2721, 5.099999999999993427 ) ;
#2140 = AXIS2_PLACEMENT_3D ( 'NONE', #4518, #3816, #2242 ) ;
#2141 = VERTEX_POINT ( 'NONE', #843 ) ;
#2142 = ORIENTED_EDGE ( 'NONE', *, *, #301, .T. ) ;
#2143 = EDGE_CURVE ( 'NONE', #1684, #4471, #1461, .T. ) ;
#2144 = PRESENTATION_STYLE_ASSIGNMENT (( #4252 ) ) ;
#2145 = CARTESIAN_POINT ( 'NONE',  ( -7.500000000000000000, 20.00000000000003197, -89.99999999999998579 ) ) ;
#2146 = ORIENTED_EDGE ( 'NONE', *, *, #4061, .T. ) ;
#2147 = ORIENTED_EDGE ( 'NONE', *, *, #2246, .F. ) ;
#2148 = FACE_OUTER_BOUND ( 'NONE', #916, .T. ) ;
#2149 = LINE ( 'NONE', #1527, #1191 ) ;
#2150 = SURFACE_SIDE_STYLE ('',( #2923 ) ) ;
#2151 = PLANE ( 'NONE',  #1942 ) ;
#2152 = ORIENTED_EDGE ( 'NONE', *, *, #4404, .F. ) ;
#2153 = DIRECTION ( 'NONE',  ( -0.0000000000000000000, 1.000000000000000000, -0.0000000000000000000 ) ) ;
#2154 = EDGE_CURVE ( 'NONE', #3759, #3808, #2030, .T. ) ;
#2155 = EDGE_LOOP ( 'NONE', ( #13, #157, #573, #3915 ) ) ;
#2156 = DIRECTION ( 'NONE',  ( 0.0000000000000000000, 0.0000000000000000000, 1.000000000000000000 ) ) ;
#2157 = CARTESIAN_POINT ( 'NONE',  ( 124.9999999999999716, 20.00000000000000000, -30.00000000000000000 ) ) ;
#2158 = UNCERTAINTY_MEASURE_WITH_UNIT (LENGTH_MEASURE( 1.000000000000000082E-05 ), #2367, 'distance_accuracy_value', 'NONE');
#2159 = ADVANCED_FACE ( 'NONE', ( #3637 ), #3087, .F. ) ;
#2160 = EDGE_LOOP ( 'NONE', ( #271, #483, #3543, #2585 ) ) ;
#2161 = FACE_OUTER_BOUND ( 'NONE', #2031, .T. ) ;
#2162 = AXIS2_PLACEMENT_3D ( 'NONE', #2831, #2850, #4285 ) ;
#2163 = EDGE_CURVE ( 'NONE', #2790, #1341, #328, .T. ) ;
#2164 = EDGE_CURVE ( 'NONE', #835, #96, #209, .T. ) ;
#2165 = ORIENTED_EDGE ( 'NONE', *, *, #3501, .T. ) ;
#2166 = DIRECTION ( 'NONE',  ( -0.7071067811865484609, 0.0000000000000000000, -0.7071067811865465735 ) ) ;
#2167 = CARTESIAN_POINT ( 'NONE',  ( -68.00000000000000000, 1380.000000000000227, -67.99999999999998579 ) ) ;
#2168 = DIRECTION ( 'NONE',  ( 0.0000000000000000000, 0.0000000000000000000, 1.000000000000000000 ) ) ;
#2169 = MECHANICAL_DESIGN_GEOMETRIC_PRESENTATION_REPRESENTATION (  '', ( #3375 ), #3598 ) ;
#2170 = EDGE_LOOP ( 'NONE', ( #333, #3801 ) ) ;
#2171 = EDGE_CURVE ( 'NONE', #2714, #4535, #2643, .T. ) ;
#2172 = FACE_OUTER_BOUND ( 'NONE', #149, .T. ) ;
#2173 = DIRECTION ( 'NONE',  ( -0.0000000000000000000, 1.000000000000000000, -0.0000000000000000000 ) ) ;
#2174 = CARTESIAN_POINT ( 'NONE',  ( -2.288491976566047810E-14, 1380.000000000000227, 0.0000000000000000000 ) ) ;
#2175 = ORIENTED_EDGE ( 'NONE', *, *, #739, .F. ) ;
#2176 = PRESENTATION_STYLE_ASSIGNMENT (( #2905 ) ) ;
#2177 =( GEOMETRIC_REPRESENTATION_CONTEXT ( 3 ) GLOBAL_UNCERTAINTY_ASSIGNED_CONTEXT ( ( #548 ) ) GLOBAL_UNIT_ASSIGNED_CONTEXT ( ( #4010, #800, #3675 ) ) REPRESENTATION_CONTEXT ( 'NONE', 'WORKASPACE' ) );
#2178 = CYLINDRICAL_SURFACE ( 'NONE', #652, 3.400000000000000355 ) ;
#2179 = DIRECTION ( 'NONE',  ( -0.0000000000000000000, -0.0000000000000000000, 1.000000000000000000 ) ) ;
#2180 = ORIENTED_EDGE ( 'NONE', *, *, #53, .F. ) ;
#2181 = DIRECTION ( 'NONE',  ( 0.0000000000000000000, -3.081487911019577365E-33, -1.000000000000000000 ) ) ;
#2182 = EDGE_CURVE ( 'NONE', #3363, #2018, #377, .T. ) ;
#2183 = LINE ( 'NONE', #2620, #3603 ) ;
#2184 = CYLINDRICAL_SURFACE ( 'NONE', #3148, 4.499999999999990230 ) ;
#2185 = VERTEX_POINT ( 'NONE', #3778 ) ;
#2186 = DIRECTION ( 'NONE',  ( -1.000000000000000000, 1.573356716244963174E-33, -4.848279700830313513E-66 ) ) ;
#2187 = LINE ( 'NONE', #2933, #532 ) ;
#2188 = CARTESIAN_POINT ( 'NONE',  ( -69.99999999999998579, 1380.000000000000227, -69.99999999999997158 ) ) ;
#2189 = VECTOR ( 'NONE', #4515, 1000.000000000000000 ) ;
#2190 = EDGE_CURVE ( 'NONE', #1003, #140, #1756, .T. ) ;
#2191 = DIRECTION ( 'NONE',  ( -1.000000000000000000, -0.0000000000000000000, -0.0000000000000000000 ) ) ;
#2192 = ORIENTED_EDGE ( 'NONE', *, *, #2171, .F. ) ;
#2193 = FILL_AREA_STYLE ('',( #1130 ) ) ;
#2194 = VECTOR ( 'NONE', #3859, 1000.000000000000000 ) ;
#2195 = ORIENTED_EDGE ( 'NONE', *, *, #1789, .T. ) ;
#2196 = AXIS2_PLACEMENT_3D ( 'NONE', #2763, #1264, #2701 ) ;
#2197 = DIRECTION ( 'NONE',  ( -0.0000000000000000000, 1.000000000000000000, -0.0000000000000000000 ) ) ;
#2198 = FACE_OUTER_BOUND ( 'NONE', #1149, .T. ) ;
#2199 = ORIENTED_EDGE ( 'NONE', *, *, #3149, .F. ) ;
#2200 = VERTEX_POINT ( 'NONE', #3048 ) ;
#2201 = LINE ( 'NONE', #526, #1697 ) ;
#2202 = CARTESIAN_POINT ( 'NONE',  ( -124.9999999999999716, 20.00000000000000000, 30.00000000000000000 ) ) ;
#2203 = CARTESIAN_POINT ( 'NONE',  ( -114.9999999999999574, 1400.000000000000227, -124.9999999999999432 ) ) ;
#2204 = CIRCLE ( 'NONE', #4669, 7.500000000000007105 ) ;
#2205 = DIRECTION ( 'NONE',  ( 0.7071067811865455743, -0.0000000000000000000, 0.7071067811865493491 ) ) ;
#2206 = EDGE_CURVE ( 'NONE', #443, #2038, #4271, .T. ) ;
#2207 = ORIENTED_EDGE ( 'NONE', *, *, #4030, .T. ) ;
#2208 = VECTOR ( 'NONE', #2608, 1000.000000000000000 ) ;
#2209 = DIRECTION ( 'NONE',  ( 1.000000000000000000, 0.0000000000000000000, -1.982541115402069301E-16 ) ) ;
#2210 = VERTEX_POINT ( 'NONE', #1628 ) ;
#2211 = AXIS2_PLACEMENT_3D ( 'NONE', #3281, #454, #828 ) ;
#2212 = EDGE_CURVE ( 'NONE', #4002, #839, #3814, .T. ) ;
#2213 = COLOUR_RGB ( '',1.000000000000000000, 1.000000000000000000, 1.000000000000000000 ) ;
#2214 = FILL_AREA_STYLE_COLOUR ( '', #3982 ) ;
#2215 = ORIENTED_EDGE ( 'NONE', *, *, #445, .T. ) ;
#2216 = CIRCLE ( 'NONE', #1196, 9.999999999999994671 ) ;
#2217 = EDGE_CURVE ( 'NONE', #3266, #2141, #4602, .T. ) ;
#2218 =( NAMED_UNIT ( * ) PLANE_ANGLE_UNIT ( ) SI_UNIT ( $, .RADIAN. ) );
#2219 = DIRECTION ( 'NONE',  ( -2.049870396302940066E-34, -1.000000000000000000, 0.0000000000000000000 ) ) ;
#2220 = DIRECTION ( 'NONE',  ( 1.000000000000000000, -0.0000000000000000000, -0.0000000000000000000 ) ) ;
#2221 = ORIENTED_EDGE ( 'NONE', *, *, #1554, .T. ) ;
#2222 = EDGE_CURVE ( 'NONE', #2239, #1530, #3525, .T. ) ;
#2223 = CARTESIAN_POINT ( 'NONE',  ( 124.9999999999999716, 0.0000000000000000000, -125.0000000000000000 ) ) ;
#2224 = CYLINDRICAL_SURFACE ( 'NONE', #1838, 9.999999999999994671 ) ;
#2225 = ADVANCED_FACE ( 'NONE', ( #3242 ), #4457, .F. ) ;
#2226 = ORIENTED_EDGE ( 'NONE', *, *, #3300, .F. ) ;
#2227 = DIRECTION ( 'NONE',  ( 0.0000000000000000000, 0.0000000000000000000, 1.000000000000000000 ) ) ;
#2228 = APPLICATION_PROTOCOL_DEFINITION ( 'draft international standard', 'automotive_design', 1998, #4351 ) ;
#2229 = DIRECTION ( 'NONE',  ( 0.0000000000000000000, 0.0000000000000000000, -1.000000000000000000 ) ) ;
#2230 = VECTOR ( 'NONE', #3570, 1000.000000000000000 ) ;
#2231 = EDGE_LOOP ( 'NONE', ( #1390, #3519, #2147, #2536 ) ) ;
#2232 = EDGE_CURVE ( 'NONE', #1637, #3431, #722, .T. ) ;
#2233 = FILL_AREA_STYLE ('',( #4387 ) ) ;
#2234 =( LENGTH_UNIT ( ) NAMED_UNIT ( * ) SI_UNIT ( .MILLI., .METRE. ) );
#2235 = CIRCLE ( 'NONE', #2820, 7.499999999999992895 ) ;
#2236 = VERTEX_POINT ( 'NONE', #4579 ) ;
#2237 = DIRECTION ( 'NONE',  ( 4.237045877651918877E-33, 1.000000000000000000, -3.813226669351953088E-34 ) ) ;
#2238 = CARTESIAN_POINT ( 'NONE',  ( -67.99999999999991473, 1380.000000000000227, 78.00000000000000000 ) ) ;
#2239 = VERTEX_POINT ( 'NONE', #641 ) ;
#2240 = LINE ( 'NONE', #4613, #1444 ) ;
#2241 = UNCERTAINTY_MEASURE_WITH_UNIT (LENGTH_MEASURE( 1.000000000000000082E-05 ), #3711, 'distance_accuracy_value', 'NONE');
#2242 = DIRECTION ( 'NONE',  ( 0.0000000000000000000, 0.0000000000000000000, 1.000000000000000000 ) ) ;
#2243 = FACE_OUTER_BOUND ( 'NONE', #4025, .T. ) ;
#2244 = DIRECTION ( 'NONE',  ( -0.0000000000000000000, 1.000000000000000000, -0.0000000000000000000 ) ) ;
#2245 =( NAMED_UNIT ( * ) SI_UNIT ( $, .STERADIAN. ) SOLID_ANGLE_UNIT ( ) );
#2246 = EDGE_CURVE ( 'NONE', #3655, #2311, #956, .T. ) ;
#2247 = ORIENTED_EDGE ( 'NONE', *, *, #633, .T. ) ;
#2248 = VECTOR ( 'NONE', #26, 1000.000000000000000 ) ;
#2249 = VECTOR ( 'NONE', #1052, 1000.000000000000000 ) ;
#2250 = CARTESIAN_POINT ( 'NONE',  ( -7.500000000000000000, 20.00000000000003197, -89.99999999999998579 ) ) ;
#2251 = DIRECTION ( 'NONE',  ( -0.0000000000000000000, 1.000000000000000000, -0.0000000000000000000 ) ) ;
#2252 = ORIENTED_EDGE ( 'NONE', *, *, #445, .F. ) ;
#2253 = ADVANCED_FACE ( 'NONE', ( #4433 ), #3737, .F. ) ;
#2254 = CARTESIAN_POINT ( 'NONE',  ( 90.00000000000000000, 1315.000000000000227, -42.50000000000004974 ) ) ;
#2255 = AXIS2_PLACEMENT_3D ( 'NONE', #1050, #1, #1395 ) ;
#2256 = ADVANCED_FACE ( 'NONE', ( #4419 ), #2623, .F. ) ;
#2257 = SURFACE_STYLE_FILL_AREA ( #2193 ) ;
#2258 = CARTESIAN_POINT ( 'NONE',  ( -7.500000000000007105, 20.00000000000001776, -139.9999999999999716 ) ) ;
#2259 = ORIENTED_EDGE ( 'NONE', *, *, #2744, .F. ) ;
#2260 = ORIENTED_EDGE ( 'NONE', *, *, #3217, .F. ) ;
#2261 = CARTESIAN_POINT ( 'NONE',  ( -124.9999999999999716, 20.00000000000000000, 117.5000000000000142 ) ) ;
#2262 = PRESENTATION_LAYER_ASSIGNMENT (  '', '', ( #4488 ) ) ;
#2263 = DIRECTION ( 'NONE',  ( 0.0000000000000000000, 0.0000000000000000000, 1.000000000000000000 ) ) ;
#2264 = FILL_AREA_STYLE ('',( #3642 ) ) ;
#2265 = ORIENTED_EDGE ( 'NONE', *, *, #4114, .F. ) ;
#2266 = EDGE_LOOP ( 'NONE', ( #1864, #4094 ) ) ;
#2267 = LINE ( 'NONE', #4294, #327 ) ;
#2268 = VERTEX_POINT ( 'NONE', #1328 ) ;
#2269 = CARTESIAN_POINT ( 'NONE',  ( -149.9999999999999716, 0.0000000000000000000, 150.0000000000000000 ) ) ;
#2270 =( LENGTH_UNIT ( ) NAMED_UNIT ( * ) SI_UNIT ( .MILLI., .METRE. ) );
#2271 = SURFACE_STYLE_USAGE ( .BOTH. , #2626 ) ;
#2272 = AXIS2_PLACEMENT_3D ( 'NONE', #3792, #206, #238 ) ;
#2273 = ORIENTED_EDGE ( 'NONE', *, *, #992, .F. ) ;
#2274 = CARTESIAN_POINT ( 'NONE',  ( -150.0000000000000284, 20.00000000000000000, -150.0000000000000000 ) ) ;
#2275 = SURFACE_STYLE_USAGE ( .BOTH. , #3340 ) ;
#2276 = DIRECTION ( 'NONE',  ( 0.0000000000000000000, 0.0000000000000000000, 1.000000000000000000 ) ) ;
#2277 =( GEOMETRIC_REPRESENTATION_CONTEXT ( 3 ) GLOBAL_UNCERTAINTY_ASSIGNED_CONTEXT ( ( #1959 ) ) GLOBAL_UNIT_ASSIGNED_CONTEXT ( ( #1470, #3241, #1114 ) ) REPRESENTATION_CONTEXT ( 'NONE', 'WORKASPACE' ) );
#2278 = ADVANCED_FACE ( 'NONE', ( #2525 ), #648, .F. ) ;
#2279 = VECTOR ( 'NONE', #2613, 1000.000000000000000 ) ;
#2280 = CARTESIAN_POINT ( 'NONE',  ( 124.9999999999999716, 20.00000000000000000, 25.50000000000000711 ) ) ;
#2281 = CARTESIAN_POINT ( 'NONE',  ( 124.9999999999999716, 20.00000000000000000, 30.00000000000000000 ) ) ;
#2282 = VERTEX_POINT ( 'NONE', #211 ) ;
#2283 = EDGE_CURVE ( 'NONE', #395, #1846, #4577, .T. ) ;
#2284 = DIRECTION ( 'NONE',  ( -0.0000000000000000000, 1.000000000000000000, -0.0000000000000000000 ) ) ;
#2285 = CARTESIAN_POINT ( 'NONE',  ( -7.500000000001158185, 0.0000000000000000000, 150.0000000000000284 ) ) ;
#2286 = VERTEX_POINT ( 'NONE', #1695 ) ;
#2287 = EDGE_CURVE ( 'NONE', #4057, #1857, #3961, .T. ) ;
#2288 = FACE_BOUND ( 'NONE', #4172, .T. ) ;
#2289 = CARTESIAN_POINT ( 'NONE',  ( -70.00000000000000000, 1399.500000000000227, 92.00000000000000000 ) ) ;
#2290 = AXIS2_PLACEMENT_3D ( 'NONE', #3017, #481, #3371 ) ;
#2291 = VERTEX_POINT ( 'NONE', #3095 ) ;
#2292 = LINE ( 'NONE', #1919, #1321 ) ;
#2293 = CARTESIAN_POINT ( 'NONE',  ( 110.0000000000000000, 220.0000000000000284, -7.500000000000013323 ) ) ;
#2294 = APPLICATION_PROTOCOL_DEFINITION ( 'draft international standard', 'automotive_design', 1998, #4421 ) ;
#2295 = ORIENTED_EDGE ( 'NONE', *, *, #4299, .T. ) ;
#2296 = PLANE ( 'NONE',  #4616 ) ;
#2297 = FACE_BOUND ( 'NONE', #2266, .T. ) ;
#2298 = EDGE_CURVE ( 'NONE', #507, #3393, #3063, .T. ) ;
#2299 = ORIENTED_EDGE ( 'NONE', *, *, #254, .F. ) ;
#2300 = ADVANCED_FACE ( 'NONE', ( #2130 ), #2037, .F. ) ;
#2301 = CARTESIAN_POINT ( 'NONE',  ( 124.9999999999999716, 20.00000000000000000, -26.59999999999999787 ) ) ;
#2302 = VECTOR ( 'NONE', #1690, 1000.000000000000114 ) ;
#2303 = DIRECTION ( 'NONE',  ( -7.401486830834376525E-17, -1.000000000000000000, -0.0000000000000000000 ) ) ;
#2304 = EDGE_LOOP ( 'NONE', ( #3984, #4128 ) ) ;
#2305 = CARTESIAN_POINT ( 'NONE',  ( 90.00000000000000000, 1355.000000000000227, 42.50000000000004974 ) ) ;
#2306 = VECTOR ( 'NONE', #1783, 1000.000000000000000 ) ;
#2307 = ADVANCED_FACE ( 'NONE', ( #1167 ), #2786, .F. ) ;
#2308 = DIRECTION ( 'NONE',  ( 0.0000000000000000000, 1.000000000000000000, 0.0000000000000000000 ) ) ;
#2309 = CIRCLE ( 'NONE', #2272, 4.500000000000003553 ) ;
#2310 = ADVANCED_FACE ( 'NONE', ( #3341 ), #1732, .F. ) ;
#2311 = VERTEX_POINT ( 'NONE', #4156 ) ;
#2312 =( NAMED_UNIT ( * ) SI_UNIT ( $, .STERADIAN. ) SOLID_ANGLE_UNIT ( ) );
#2313 = PLANE ( 'NONE',  #3380 ) ;
#2314 = DIRECTION ( 'NONE',  ( 0.7071067811865484609, 0.0000000000000000000, -0.7071067811865465735 ) ) ;
#2315 = CIRCLE ( 'NONE', #658, 2.999999999999988898 ) ;
#2316 = EDGE_CURVE ( 'NONE', #1233, #2291, #2357, .T. ) ;
#2317 = ORIENTED_EDGE ( 'NONE', *, *, #329, .F. ) ;
#2318 = DIRECTION ( 'NONE',  ( 0.0000000000000000000, 0.0000000000000000000, -1.000000000000000000 ) ) ;
#2319 = LINE ( 'NONE', #2110, #1349 ) ;
#2320 = FILL_AREA_STYLE_COLOUR ( '', #3396 ) ;
#2321 = ORIENTED_EDGE ( 'NONE', *, *, #2681, .T. ) ;
#2322 = AXIS2_PLACEMENT_3D ( 'NONE', #2383, #2022, #3338 ) ;
#2323 = ORIENTED_EDGE ( 'NONE', *, *, #76, .F. ) ;
#2324 = FACE_BOUND ( 'NONE', #2886, .T. ) ;
#2325 = DIRECTION ( 'NONE',  ( 0.0000000000000000000, 0.0000000000000000000, 1.000000000000000000 ) ) ;
#2326 = VECTOR ( 'NONE', #2263, 1000.000000000000000 ) ;
#2327 = VERTEX_POINT ( 'NONE', #4507 ) ;
#2328 = CIRCLE ( 'NONE', #3972, 2.999999999999988898 ) ;
#2329 = AXIS2_PLACEMENT_3D ( 'NONE', #3287, #3254, #1882 ) ;
#2330 = LINE ( 'NONE', #3582, #1362 ) ;
#2331 = DIRECTION ( 'NONE',  ( -0.0000000000000000000, 1.000000000000000000, -0.0000000000000000000 ) ) ;
#2332 = CARTESIAN_POINT ( 'NONE',  ( -124.9999999999999716, 20.00000000000000000, -125.0000000000000000 ) ) ;
#2333 = ORIENTED_EDGE ( 'NONE', *, *, #4536, .F. ) ;
#2334 = CARTESIAN_POINT ( 'NONE',  ( -124.9999999999999716, 20.00000000000000000, 117.5000000000000142 ) ) ;
#2335 = EDGE_LOOP ( 'NONE', ( #30, #1607, #195, #3032 ) ) ;
#2336 = DIRECTION ( 'NONE',  ( -1.573356716244963174E-33, 1.000000000000000000, -3.081487911019577365E-33 ) ) ;
#2337 = AXIS2_PLACEMENT_3D ( 'NONE', #147, #838, #2318 ) ;
#2338 = DIRECTION ( 'NONE',  ( -0.0000000000000000000, -1.000000000000000000, -0.0000000000000000000 ) ) ;
#2339 = EDGE_CURVE ( 'NONE', #3431, #4092, #3732, .T. ) ;
#2340 = ORIENTED_EDGE ( 'NONE', *, *, #3983, .F. ) ;
#2341 = DIRECTION ( 'NONE',  ( 1.000000000000000000, 3.851859888774471706E-33, -1.982541115402069301E-16 ) ) ;
#2342 = ORIENTED_EDGE ( 'NONE', *, *, #2222, .T. ) ;
#2343 = EDGE_CURVE ( 'NONE', #1983, #2200, #136, .T. ) ;
#2344 = EDGE_CURVE ( 'NONE', #2451, #2210, #1229, .T. ) ;
#2345 = PLANE ( 'NONE',  #2868 ) ;
#2346 = CARTESIAN_POINT ( 'NONE',  ( 7.499999999998951949, -0.001000000000001000089, 150.0000000000000853 ) ) ;
#2347 = CARTESIAN_POINT ( 'NONE',  ( 90.00000000000000000, 1315.000000000000227, 42.50000000000004974 ) ) ;
#2348 = LINE ( 'NONE', #3600, #2230 ) ;
#2349 = EDGE_LOOP ( 'NONE', ( #4604, #4397, #3102, #2333 ) ) ;
#2350 = CYLINDRICAL_SURFACE ( 'NONE', #1387, 20.00000000000000355 ) ;
#2351 = AXIS2_PLACEMENT_3D ( 'NONE', #4587, #1087, #1823 ) ;
#2352 = CARTESIAN_POINT ( 'NONE',  ( -9.950721815702933470E-13, 0.0000000000000000000, 142.5000000000000568 ) ) ;
#2353 = CARTESIAN_POINT ( 'NONE',  ( -30.00000000000001421, 20.00000000000000000, -128.3999999999999773 ) ) ;
#2354 = EDGE_LOOP ( 'NONE', ( #4245, #4109, #4345, #792 ) ) ;
#2355 = CARTESIAN_POINT ( 'NONE',  ( 90.00000000000000000, 1315.000000000000227, 45.00000000000000000 ) ) ;
#2356 = ORIENTED_EDGE ( 'NONE', *, *, #2120, .F. ) ;
#2357 = CIRCLE ( 'NONE', #1987, 5.099999999999993427 ) ;
#2358 = FACE_OUTER_BOUND ( 'NONE', #4029, .T. ) ;
#2359 = PLANE ( 'NONE',  #2751 ) ;
#2360 = CARTESIAN_POINT ( 'NONE',  ( -124.9999999999999716, 20.00000000000000000, 30.00000000000000000 ) ) ;
#2361 = EDGE_LOOP ( 'NONE', ( #3188, #967, #453, #3453 ) ) ;
#2362 = PLANE ( 'NONE',  #4203 ) ;
#2363 = CIRCLE ( 'NONE', #2980, 4.499999999999990230 ) ;
#2364 = AXIS2_PLACEMENT_3D ( 'NONE', #4553, #4221, #245 ) ;
#2365 = CARTESIAN_POINT ( 'NONE',  ( -140.0000000000000000, 20.00000000000001776, 7.500000000000013323 ) ) ;
#2366 = ORIENTED_EDGE ( 'NONE', *, *, #3447, .F. ) ;
#2367 =( LENGTH_UNIT ( ) NAMED_UNIT ( * ) SI_UNIT ( .MILLI., .METRE. ) );
#2368 = CYLINDRICAL_SURFACE ( 'NONE', #456, 2.499999999999946709 ) ;
#2369 = ORIENTED_EDGE ( 'NONE', *, *, #3157, .T. ) ;
#2370 =( NAMED_UNIT ( * ) PLANE_ANGLE_UNIT ( ) SI_UNIT ( $, .RADIAN. ) );
#2371 = EDGE_LOOP ( 'NONE', ( #1513, #804, #2913, #2668 ) ) ;
#2372 = ADVANCED_FACE ( 'NONE', ( #3390 ), #307, .F. ) ;
#2373 = EDGE_CURVE ( 'NONE', #2679, #2829, #3016, .T. ) ;
#2374 = FACE_OUTER_BOUND ( 'NONE', #2526, .T. ) ;
#2375 = ORIENTED_EDGE ( 'NONE', *, *, #4364, .F. ) ;
#2376 = ORIENTED_EDGE ( 'NONE', *, *, #3208, .F. ) ;
#2377 = CARTESIAN_POINT ( 'NONE',  ( -7.500000000000000000, 20.00000000000003197, 89.99999999999998579 ) ) ;
#2378 = LINE ( 'NONE', #3985, #1410 ) ;
#2379 = LINE ( 'NONE', #1435, #553 ) ;
#2380 = AXIS2_PLACEMENT_3D ( 'NONE', #3674, #3738, #2341 ) ;
#2381 = ORIENTED_EDGE ( 'NONE', *, *, #922, .F. ) ;
#2382 = DIRECTION ( 'NONE',  ( 0.0000000000000000000, 0.7071067811865081598, 0.7071067811865867636 ) ) ;
#2383 = CARTESIAN_POINT ( 'NONE',  ( 90.00000000000000000, 1355.000000000000227, 45.00000000000000000 ) ) ;
#2384 = CARTESIAN_POINT ( 'NONE',  ( 142.5000000000000568, 20.00000000000000000, 4.975360907851466735E-13 ) ) ;
#2385 = DIRECTION ( 'NONE',  ( -0.0000000000000000000, 1.000000000000000000, -0.0000000000000000000 ) ) ;
#2386 = ORIENTED_EDGE ( 'NONE', *, *, #431, .F. ) ;
#2387 = AXIS2_PLACEMENT_3D ( 'NONE', #3331, #1204, #2314 ) ;
#2388 = CIRCLE ( 'NONE', #4159, 20.00000000000000355 ) ;
#2389 = EDGE_CURVE ( 'NONE', #2236, #3835, #589, .T. ) ;
#2390 = LINE ( 'NONE', #1007, #3201 ) ;
#2391 = CARTESIAN_POINT ( 'NONE',  ( 140.0000000000000000, 20.00000000000001776, -7.500000000000013323 ) ) ;
#2392 = DIRECTION ( 'NONE',  ( 0.0000000000000000000, 1.000000000000000000, 0.0000000000000000000 ) ) ;
#2393 = VERTEX_POINT ( 'NONE', #3183 ) ;
#2394 = DIRECTION ( 'NONE',  ( -1.000000000000000000, 1.573356716244963174E-33, 0.0000000000000000000 ) ) ;
#2395 = ORIENTED_EDGE ( 'NONE', *, *, #4213, .F. ) ;
#2396 = DIRECTION ( 'NONE',  ( 0.0000000000000000000, 0.0000000000000000000, 1.000000000000000000 ) ) ;
#2397 = EDGE_CURVE ( 'NONE', #4499, #4471, #2240, .T. ) ;
#2398 = LINE ( 'NONE', #12, #228 ) ;
#2399 = CARTESIAN_POINT ( 'NONE',  ( -67.99999999999991473, 1380.000000000000227, 78.00000000000000000 ) ) ;
#2400 = VERTEX_POINT ( 'NONE', #1092 ) ;
#2401 = DIRECTION ( 'NONE',  ( -1.020425574104005602E-16, -0.0000000000000000000, -1.000000000000000000 ) ) ;
#2402 = CIRCLE ( 'NONE', #775, 3.400000000000014122 ) ;
#2403 = ORIENTED_EDGE ( 'NONE', *, *, #3677, .F. ) ;
#2404 = DIRECTION ( 'NONE',  ( 0.0000000000000000000, 0.0000000000000000000, 1.000000000000000000 ) ) ;
#2405 = DIRECTION ( 'NONE',  ( 1.000000000000000000, -0.0000000000000000000, -0.0000000000000000000 ) ) ;
#2406 = LINE ( 'NONE', #3160, #1104 ) ;
#2407 = ORIENTED_EDGE ( 'NONE', *, *, #749, .F. ) ;
#2408 =( LENGTH_UNIT ( ) NAMED_UNIT ( * ) SI_UNIT ( .MILLI., .METRE. ) );
#2409 =( GEOMETRIC_REPRESENTATION_CONTEXT ( 3 ) GLOBAL_UNCERTAINTY_ASSIGNED_CONTEXT ( ( #607 ) ) GLOBAL_UNIT_ASSIGNED_CONTEXT ( ( #3564, #1475, #1836 ) ) REPRESENTATION_CONTEXT ( 'NONE', 'WORKASPACE' ) );
#2410 = CARTESIAN_POINT ( 'NONE',  ( 124.9999999999999716, 20.00000000000000000, 125.0000000000000000 ) ) ;
#2411 = SURFACE_STYLE_FILL_AREA ( #124 ) ;
#2412 = EDGE_CURVE ( 'NONE', #839, #4002, #4196, .T. ) ;
#2413 = ORIENTED_EDGE ( 'NONE', *, *, #936, .T. ) ;
#2414 = CIRCLE ( 'NONE', #3935, 4.500000000000003553 ) ;
#2415 = CARTESIAN_POINT ( 'NONE',  ( 0.0000000000000000000, 0.0000000000000000000, -142.5000000000000568 ) ) ;
#2416 = DIRECTION ( 'NONE',  ( -0.0000000000000000000, 1.000000000000000000, -0.0000000000000000000 ) ) ;
#2417 = VECTOR ( 'NONE', #1609, 1000.000000000000000 ) ;
#2418 = CARTESIAN_POINT ( 'NONE',  ( 90.00000000000000000, 1355.000000000000227, -45.00000000000000000 ) ) ;
#2419 = ORIENTED_EDGE ( 'NONE', *, *, #1251, .F. ) ;
#2420 = AXIS2_PLACEMENT_3D ( 'NONE', #527, #482, #1570 ) ;
#2421 = VECTOR ( 'NONE', #4663, 1000.000000000000000 ) ;
#2422 = DIRECTION ( 'NONE',  ( -4.622231866529366047E-33, 1.000000000000000000, 1.653254120790692886E-33 ) ) ;
#2423 = DIRECTION ( 'NONE',  ( 0.7071067811865470176, -5.233641528945913114E-17, 0.7071067811865480168 ) ) ;
#2424 = EDGE_LOOP ( 'NONE', ( #1589, #3860, #234, #937 ) ) ;
#2425 = EDGE_CURVE ( 'NONE', #96, #19, #1113, .T. ) ;
#2426 = CARTESIAN_POINT ( 'NONE',  ( 90.00000000000000000, 1355.000000000000227, 45.00000000000000000 ) ) ;
#2427 = LINE ( 'NONE', #4226, #4426 ) ;
#2428 = DIRECTION ( 'NONE',  ( -1.982541115402068315E-16, 2.643730416807458443E-35, -1.000000000000000000 ) ) ;
#2429 = DIRECTION ( 'NONE',  ( 0.0000000000000000000, 0.0000000000000000000, -1.000000000000000000 ) ) ;
#2430 = EDGE_LOOP ( 'NONE', ( #4151, #4649, #578, #2869 ) ) ;
#2431 = VERTEX_POINT ( 'NONE', #2494 ) ;
#2432 = FACE_OUTER_BOUND ( 'NONE', #2883, .T. ) ;
#2433 = FACE_OUTER_BOUND ( 'NONE', #2742, .T. ) ;
#2434 = CIRCLE ( 'NONE', #3854, 4.500000000000003553 ) ;
#2435 = AXIS2_PLACEMENT_3D ( 'NONE', #1733, #4225, #988 ) ;
#2436 = ORIENTED_EDGE ( 'NONE', *, *, #3332, .F. ) ;
#2437 = DIRECTION ( 'NONE',  ( 0.0000000000000000000, 0.0000000000000000000, 1.000000000000000000 ) ) ;
#2438 = EDGE_LOOP ( 'NONE', ( #2890, #3236, #3205, #1735 ) ) ;
#2439 = DIRECTION ( 'NONE',  ( 0.0000000000000000000, 1.000000000000000000, 0.0000000000000000000 ) ) ;
#2440 = LINE ( 'NONE', #2105, #1469 ) ;
#2441 = AXIS2_PLACEMENT_3D ( 'NONE', #3789, #2732, #3432 ) ;
#2442 = DIRECTION ( 'NONE',  ( -0.0000000000000000000, 1.000000000000000000, -0.0000000000000000000 ) ) ;
#2443 = EDGE_CURVE ( 'NONE', #782, #3424, #759, .T. ) ;
#2444 = ORIENTED_EDGE ( 'NONE', *, *, #907, .T. ) ;
#2445 = LINE ( 'NONE', #1337, #3374 ) ;
#2446 = DIRECTION ( 'NONE',  ( -0.0000000000000000000, 1.000000000000000000, -0.0000000000000000000 ) ) ;
#2447 = PLANE ( 'NONE',  #1613 ) ;
#2448 = UNCERTAINTY_MEASURE_WITH_UNIT (LENGTH_MEASURE( 1.000000000000000082E-05 ), #2851, 'distance_accuracy_value', 'NONE');
#2449 = EDGE_CURVE ( 'NONE', #755, #770, #1505, .T. ) ;
#2450 = DIRECTION ( 'NONE',  ( 1.000000000000000000, 0.0000000000000000000, -1.850371707708594316E-16 ) ) ;
#2451 = VERTEX_POINT ( 'NONE', #337 ) ;
#2452 = CARTESIAN_POINT ( 'NONE',  ( 7.500000000000000000, 220.0000000000000284, 90.00000000000000000 ) ) ;
#2453 = CARTESIAN_POINT ( 'NONE',  ( 90.00000000000000000, 1315.000000000000227, -47.49999999999994316 ) ) ;
#2454 = AXIS2_PLACEMENT_3D ( 'NONE', #4034, #528, #1623 ) ;
#2455 = VERTEX_POINT ( 'NONE', #3197 ) ;
#2456 = DIRECTION ( 'NONE',  ( 0.0000000000000000000, 0.0000000000000000000, 1.000000000000000000 ) ) ;
#2457 = VERTEX_POINT ( 'NONE', #700 ) ;
#2458 = EDGE_CURVE ( 'NONE', #1011, #1684, #4464, .T. ) ;
#2459 = CARTESIAN_POINT ( 'NONE',  ( -124.9999999999999716, 20.00000000000000000, 125.0000000000000000 ) ) ;
#2460 = ORIENTED_EDGE ( 'NONE', *, *, #873, .F. ) ;
#2461 = CARTESIAN_POINT ( 'NONE',  ( -150.0000000000000284, 0.0000000000000000000, -150.0000000000000000 ) ) ;
#2462 = LINE ( 'NONE', #2738, #3435 ) ;
#2463 = AXIS2_PLACEMENT_3D ( 'NONE', #1223, #4100, #3742 ) ;
#2464 = CARTESIAN_POINT ( 'NONE',  ( 69.99999999999985789, 20.00000000000000355, 89.99999999999997158 ) ) ;
#2465 = EDGE_LOOP ( 'NONE', ( #3055, #556, #1220, #669, #1276 ) ) ;
#2466 = CARTESIAN_POINT ( 'NONE',  ( 124.9999999999999716, 20.00000000000000000, 30.00000000000000000 ) ) ;
#2467 = CIRCLE ( 'NONE', #224, 7.500000000000007105 ) ;
#2468 = ORIENTED_EDGE ( 'NONE', *, *, #344, .T. ) ;
#2469 = AXIS2_PLACEMENT_3D ( 'NONE', #3221, #1770, #3949 ) ;
#2470 = DIRECTION ( 'NONE',  ( -0.0000000000000000000, 1.000000000000000000, -0.0000000000000000000 ) ) ;
#2471 = EDGE_CURVE ( 'NONE', #2979, #351, #1278, .T. ) ;
#2472 = DIRECTION ( 'NONE',  ( -1.000000000000000000, 9.244463733058732095E-33, 1.982541115402069301E-16 ) ) ;
#2473 = ORIENTED_EDGE ( 'NONE', *, *, #2984, .T. ) ;
#2474 = DIRECTION ( 'NONE',  ( -0.0000000000000000000, 1.000000000000000000, -0.0000000000000000000 ) ) ;
#2475 =( NAMED_UNIT ( * ) PLANE_ANGLE_UNIT ( ) SI_UNIT ( $, .RADIAN. ) );
#2476 = ORIENTED_EDGE ( 'NONE', *, *, #368, .F. ) ;
#2477 = PRODUCT_RELATED_PRODUCT_CATEGORY ( 'part', '', ( #3502 ) ) ;
#2478 = EDGE_LOOP ( 'NONE', ( #4363, #4177 ) ) ;
#2479 = DIRECTION ( 'NONE',  ( 0.0000000000000000000, 0.0000000000000000000, 1.000000000000000000 ) ) ;
#2480 = VECTOR ( 'NONE', #2838, 1000.000000000000000 ) ;
#2481 = EDGE_LOOP ( 'NONE', ( #2386, #2011, #4567, #330 ) ) ;
#2482 = EDGE_CURVE ( 'NONE', #2844, #3697, #2896, .T. ) ;
#2483 = VERTEX_POINT ( 'NONE', #2872 ) ;
#2484 = DIRECTION ( 'NONE',  ( 0.0000000000000000000, 0.0000000000000000000, 1.000000000000000000 ) ) ;
#2485 = DIRECTION ( 'NONE',  ( -0.0000000000000000000, 1.000000000000000000, -0.0000000000000000000 ) ) ;
#2486 = CIRCLE ( 'NONE', #913, 2.999999999999988898 ) ;
#2487 = DIRECTION ( 'NONE',  ( -0.0000000000000000000, 1.000000000000000000, -0.0000000000000000000 ) ) ;
#2488 = ORIENTED_EDGE ( 'NONE', *, *, #2588, .F. ) ;
#2489 = CARTESIAN_POINT ( 'NONE',  ( 295.0000000000000568, 20.00000000000000000, 5.000000000000836664 ) ) ;
#2490 = STYLED_ITEM ( 'NONE', ( #3306 ), #846 ) ;
#2491 = EDGE_LOOP ( 'NONE', ( #3061, #4272, #3670, #664 ) ) ;
#2492 = VECTOR ( 'NONE', #3159, 1000.000000000000000 ) ;
#2493 = CARTESIAN_POINT ( 'NONE',  ( -70.00000000000000000, 1400.000000000000227, 95.00000000000000000 ) ) ;
#2494 = CARTESIAN_POINT ( 'NONE',  ( -70.00000000000000000, 1380.000000000000227, 92.00000000000001421 ) ) ;
#2495 = ORIENTED_EDGE ( 'NONE', *, *, #1976, .F. ) ;
#2496 = EDGE_CURVE ( 'NONE', #982, #2185, #3845, .T. ) ;
#2497 = DIRECTION ( 'NONE',  ( 0.0000000000000000000, 3.081487911019577365E-33, 1.000000000000000000 ) ) ;
#2498 = DIRECTION ( 'NONE',  ( -0.0000000000000000000, -1.000000000000000000, -0.0000000000000000000 ) ) ;
#2499 = EDGE_LOOP ( 'NONE', ( #4417, #1335, #4653, #3193 ) ) ;
#2500 = UNCERTAINTY_MEASURE_WITH_UNIT (LENGTH_MEASURE( 1.000000000000000082E-05 ), #3770, 'distance_accuracy_value', 'NONE');
#2501 = DIRECTION ( 'NONE',  ( -0.0000000000000000000, -0.0000000000000000000, -1.000000000000000000 ) ) ;
#2502 = PLANE ( 'NONE',  #3049 ) ;
#2503 = ORIENTED_EDGE ( 'NONE', *, *, #3125, .F. ) ;
#2504 = AXIS2_PLACEMENT_3D ( 'NONE', #4244, #4595, #4548 ) ;
#2505 = FACE_BOUND ( 'NONE', #1073, .T. ) ;
#2506 = VERTEX_POINT ( 'NONE', #1447 ) ;
#2507 =( NAMED_UNIT ( * ) PLANE_ANGLE_UNIT ( ) SI_UNIT ( $, .RADIAN. ) );
#2508 = CARTESIAN_POINT ( 'NONE',  ( 90.00000000000000000, 1355.000000000000227, -45.00000000000000000 ) ) ;
#2509 = AXIS2_PLACEMENT_3D ( 'NONE', #1804, #1834, #1083 ) ;
#2510 = SURFACE_STYLE_FILL_AREA ( #1140 ) ;
#2511 = ORIENTED_EDGE ( 'NONE', *, *, #2096, .T. ) ;
#2512 = PLANE ( 'NONE',  #115 ) ;
#2513 = ADVANCED_FACE ( 'NONE', ( #4137 ), #931, .T. ) ;
#2514 = COLOUR_RGB ( '',1.000000000000000000, 1.000000000000000000, 1.000000000000000000 ) ;
#2515 = EDGE_CURVE ( 'NONE', #2557, #2648, #3180, .T. ) ;
#2516 = ORIENTED_EDGE ( 'NONE', *, *, #1568, .F. ) ;
#2517 = DIRECTION ( 'NONE',  ( 0.0000000000000000000, 0.0000000000000000000, 1.000000000000000000 ) ) ;
#2518 = DIRECTION ( 'NONE',  ( 0.0000000000000000000, 3.813226669351953088E-34, 1.000000000000000000 ) ) ;
#2519 = LINE ( 'NONE', #1670, #3392 ) ;
#2520 = ORIENTED_EDGE ( 'NONE', *, *, #2482, .F. ) ;
#2521 = COLOUR_RGB ( '',1.000000000000000000, 1.000000000000000000, 1.000000000000000000 ) ;
#2522 = CARTESIAN_POINT ( 'NONE',  ( 70.00000000000000000, 1399.500000000000227, -98.00000000000000000 ) ) ;
#2523 = CARTESIAN_POINT ( 'NONE',  ( 69.99999999999998579, 1380.000000000000227, -69.99999999999998579 ) ) ;
#2524 = ORIENTED_EDGE ( 'NONE', *, *, #1154, .F. ) ;
#2525 = FACE_OUTER_BOUND ( 'NONE', #210, .T. ) ;
#2526 = EDGE_LOOP ( 'NONE', ( #3623, #2635, #181, #1290 ) ) ;
#2527 = CARTESIAN_POINT ( 'NONE',  ( 30.00000000000000000, 20.00000000000000000, -125.0000000000000000 ) ) ;
#2528 = EDGE_CURVE ( 'NONE', #1439, #3282, #3671, .T. ) ;
#2529 = DIRECTION ( 'NONE',  ( -0.0000000000000000000, 1.000000000000000000, -0.0000000000000000000 ) ) ;
#2530 = ORIENTED_EDGE ( 'NONE', *, *, #3229, .T. ) ;
#2531 = ORIENTED_EDGE ( 'NONE', *, *, #3866, .T. ) ;
#2532 = LINE ( 'NONE', #877, #2083 ) ;
#2533 = PRESENTATION_STYLE_ASSIGNMENT (( #3618 ) ) ;
#2534 = COLOUR_RGB ( '',1.000000000000000000, 1.000000000000000000, 1.000000000000000000 ) ;
#2535 = DIRECTION ( 'NONE',  ( 0.0000000000000000000, 0.0000000000000000000, 1.000000000000000000 ) ) ;
#2536 = ORIENTED_EDGE ( 'NONE', *, *, #145, .T. ) ;
#2537 = LINE ( 'NONE', #3851, #3366 ) ;
#2538 = EDGE_CURVE ( 'NONE', #3835, #2236, #1905, .T. ) ;
#2539 = VERTEX_POINT ( 'NONE', #380 ) ;
#2540 = CARTESIAN_POINT ( 'NONE',  ( -90.00000000000000000, 20.00000000000001776, 7.500000000000013323 ) ) ;
#2541 = CARTESIAN_POINT ( 'NONE',  ( 7.500000000000009770, 70.00000000000001421, 139.9999999999999716 ) ) ;
#2542 = DIRECTION ( 'NONE',  ( -1.850371707708594316E-16, -0.0000000000000000000, -1.000000000000000000 ) ) ;
#2543 = ORIENTED_EDGE ( 'NONE', *, *, #1678, .F. ) ;
#2544 = DIRECTION ( 'NONE',  ( 0.0000000000000000000, 0.0000000000000000000, 1.000000000000000000 ) ) ;
#2545 = CARTESIAN_POINT ( 'NONE',  ( -150.0000000000001137, 20.00000000000000000, 7.499999999998428812 ) ) ;
#2546 = DIRECTION ( 'NONE',  ( 0.0000000000000000000, -1.000000000000000000, 0.0000000000000000000 ) ) ;
#2547 = AXIS2_PLACEMENT_3D ( 'NONE', #126, #2965, #108 ) ;
#2548 = EDGE_LOOP ( 'NONE', ( #1693, #1791, #3212, #3815 ) ) ;
#2549 = CARTESIAN_POINT ( 'NONE',  ( -124.9999999999999716, 20.00000000000000000, 30.00000000000000000 ) ) ;
#2550 = EDGE_LOOP ( 'NONE', ( #2810, #2800 ) ) ;
#2551 = CARTESIAN_POINT ( 'NONE',  ( -150.0000000000000284, 20.00000000000000000, -150.0000000000000000 ) ) ;
#2552 = CARTESIAN_POINT ( 'NONE',  ( 7.500000000000000000, 20.00000000000003197, 89.99999999999998579 ) ) ;
#2553 = AXIS2_PLACEMENT_3D ( 'NONE', #4160, #2392, #204 ) ;
#2554 = ORIENTED_EDGE ( 'NONE', *, *, #3501, .F. ) ;
#2555 = FACE_BOUND ( 'NONE', #4624, .T. ) ;
#2556 = SURFACE_STYLE_USAGE ( .BOTH. , #2150 ) ;
#2557 = VERTEX_POINT ( 'NONE', #713 ) ;
#2558 = SURFACE_SIDE_STYLE ('',( #4190 ) ) ;
#2559 = EDGE_CURVE ( 'NONE', #3720, #3513, #2846, .T. ) ;
#2560 = ORIENTED_EDGE ( 'NONE', *, *, #1366, .T. ) ;
#2561 = VECTOR ( 'NONE', #1379, 1000.000000000000114 ) ;
#2562 = ADVANCED_FACE ( 'NONE', ( #3787 ), #994, .F. ) ;
#2563 = CARTESIAN_POINT ( 'NONE',  ( -29.99999999999998579, 20.00000000000000000, 129.5000000000000284 ) ) ;
#2564 = FACE_OUTER_BOUND ( 'NONE', #813, .T. ) ;
#2565 = AXIS2_PLACEMENT_3D ( 'NONE', #1808, #4605, #2472 ) ;
#2566 = DIRECTION ( 'NONE',  ( 0.0000000000000000000, 0.0000000000000000000, 1.000000000000000000 ) ) ;
#2567 = VERTEX_POINT ( 'NONE', #45 ) ;
#2568 = DIRECTION ( 'NONE',  ( 0.7071067811865441310, -0.0000000000000000000, 0.7071067811865510144 ) ) ;
#2569 = VECTOR ( 'NONE', #1852, 1000.000000000000114 ) ;
#2570 = ORIENTED_EDGE ( 'NONE', *, *, #2784, .T. ) ;
#2571 = AXIS2_PLACEMENT_3D ( 'NONE', #3834, #1647, #3802 ) ;
#2572 = MANIFOLD_SOLID_BREP ( 'M6 Tapped Hole1', #2987 ) ;
#2573 = ORIENTED_EDGE ( 'NONE', *, *, #3840, .T. ) ;
#2574 = ORIENTED_EDGE ( 'NONE', *, *, #3447, .T. ) ;
#2575 = DIRECTION ( 'NONE',  ( 0.0000000000000000000, 0.0000000000000000000, -1.000000000000000000 ) ) ;
#2576 = LINE ( 'NONE', #169, #4366 ) ;
#2577 = SURFACE_SIDE_STYLE ('',( #2903 ) ) ;
#2578 = AXIS2_PLACEMENT_3D ( 'NONE', #3448, #862, #4438 ) ;
#2579 = ORIENTED_EDGE ( 'NONE', *, *, #268, .T. ) ;
#2580 = ORIENTED_EDGE ( 'NONE', *, *, #1845, .T. ) ;
#2581 = CARTESIAN_POINT ( 'NONE',  ( 90.00000000000000000, 220.0000000000000284, -7.500000000000013323 ) ) ;
#2582 = DIRECTION ( 'NONE',  ( 1.000000000000000000, -7.401486830834376525E-17, 0.0000000000000000000 ) ) ;
#2583 = LINE ( 'NONE', #1843, #208 ) ;
#2584 = CARTESIAN_POINT ( 'NONE',  ( 78.00000000000000000, 1315.000000000000227, 45.00000000000000000 ) ) ;
#2585 = ORIENTED_EDGE ( 'NONE', *, *, #4315, .T. ) ;
#2586 = MECHANICAL_DESIGN_GEOMETRIC_PRESENTATION_REPRESENTATION (  '', ( #1877 ), #2119 ) ;
#2587 = ADVANCED_FACE ( 'NONE', ( #1903 ), #3643, .F. ) ;
#2588 = EDGE_CURVE ( 'NONE', #2018, #4264, #3222, .T. ) ;
#2589 = DIRECTION ( 'NONE',  ( 1.000000000000000000, -9.244463733058732095E-33, -1.982541115402069301E-16 ) ) ;
#2590 =( NAMED_UNIT ( * ) PLANE_ANGLE_UNIT ( ) SI_UNIT ( $, .RADIAN. ) );
#2591 = EDGE_LOOP ( 'NONE', ( #3807, #551, #518, #391 ) ) ;
#2592 = VECTOR ( 'NONE', #1381, 1000.000000000000000 ) ;
#2593 = EDGE_CURVE ( 'NONE', #2944, #2625, #1329, .T. ) ;
#2594 = CARTESIAN_POINT ( 'NONE',  ( -90.00000000000000000, 20.00000000000001776, 7.500000000000013323 ) ) ;
#2595 = DIRECTION ( 'NONE',  ( -0.0000000000000000000, -1.000000000000000000, -0.0000000000000000000 ) ) ;
#2596 = CARTESIAN_POINT ( 'NONE',  ( 7.499999999999994671, 220.0000000000000284, -109.9999999999999858 ) ) ;
#2597 = DIRECTION ( 'NONE',  ( -0.0000000000000000000, -1.000000000000000000, -0.0000000000000000000 ) ) ;
#2598 = ORIENTED_EDGE ( 'NONE', *, *, #1035, .T. ) ;
#2599 = AXIS2_PLACEMENT_3D ( 'NONE', #555, #602, #942 ) ;
#2600 = DIRECTION ( 'NONE',  ( 0.0000000000000000000, 0.0000000000000000000, -1.000000000000000000 ) ) ;
#2601 = VECTOR ( 'NONE', #781, 1000.000000000000000 ) ;
#2602 = VERTEX_POINT ( 'NONE', #4352 ) ;
#2603 =( NAMED_UNIT ( * ) PLANE_ANGLE_UNIT ( ) SI_UNIT ( $, .RADIAN. ) );
#2604 = CARTESIAN_POINT ( 'NONE',  ( 0.0000000000000000000, 0.0000000000000000000, 0.0000000000000000000 ) ) ;
#2605 = LINE ( 'NONE', #2081, #3166 ) ;
#2606 = ORIENTED_EDGE ( 'NONE', *, *, #811, .F. ) ;
#2607 = EDGE_CURVE ( 'NONE', #1240, #1597, #4075, .T. ) ;
#2608 = DIRECTION ( 'NONE',  ( 4.237045877651918877E-33, 1.000000000000000000, 3.813226669351953088E-34 ) ) ;
#2609 = ADVANCED_FACE ( 'NONE', ( #3120 ), #1107, .F. ) ;
#2610 =( NAMED_UNIT ( * ) SI_UNIT ( $, .STERADIAN. ) SOLID_ANGLE_UNIT ( ) );
#2611 = SURFACE_STYLE_FILL_AREA ( #3967 ) ;
#2612 = ORIENTED_EDGE ( 'NONE', *, *, #2222, .F. ) ;
#2613 = DIRECTION ( 'NONE',  ( 1.000000000000000000, -9.244463733058732095E-33, -1.982541115402069301E-16 ) ) ;
#2614 = CARTESIAN_POINT ( 'NONE',  ( 7.499999999999992006, 20.00000000000001776, -139.9999999999999716 ) ) ;
#2615 = PRESENTATION_STYLE_ASSIGNMENT (( #1630 ) ) ;
#2616 = ADVANCED_FACE ( 'NONE', ( #2129 ), #4015, .F. ) ;
#2617 = ORIENTED_EDGE ( 'NONE', *, *, #3162, .T. ) ;
#2618 = CIRCLE ( 'NONE', #2504, 3.400000000000014122 ) ;
#2619 = APPLICATION_CONTEXT ( 'automotive_design' ) ;
#2620 = CARTESIAN_POINT ( 'NONE',  ( 90.00000000000000000, 1315.000000000000227, -42.50000000000004974 ) ) ;
#2621 = EDGE_CURVE ( 'NONE', #2906, #172, #357, .T. ) ;
#2622 = ORIENTED_EDGE ( 'NONE', *, *, #1110, .F. ) ;
#2623 = CYLINDRICAL_SURFACE ( 'NONE', #28, 3.000000000000002665 ) ;
#2624 = CARTESIAN_POINT ( 'NONE',  ( 7.500000000000009770, 20.00000000000001776, 139.9999999999999716 ) ) ;
#2625 = VERTEX_POINT ( 'NONE', #1548 ) ;
#2626 = SURFACE_SIDE_STYLE ('',( #1283 ) ) ;
#2627 = AXIS2_PLACEMENT_3D ( 'NONE', #3224, #1450, #3952 ) ;
#2628 = VECTOR ( 'NONE', #1383, 1000.000000000000000 ) ;
#2629 = PLANE ( 'NONE',  #4230 ) ;
#2630 = ORIENTED_EDGE ( 'NONE', *, *, #1989, .F. ) ;
#2631 = DIRECTION ( 'NONE',  ( -0.7071067811865474617, -0.0000000000000000000, 0.7071067811865474617 ) ) ;
#2632 = FACE_OUTER_BOUND ( 'NONE', #4158, .T. ) ;
#2633 = ADVANCED_FACE ( 'NONE', ( #3728 ), #90, .F. ) ;
#2634 = PRESENTATION_LAYER_ASSIGNMENT (  '', '', ( #3375 ) ) ;
#2635 = ORIENTED_EDGE ( 'NONE', *, *, #6, .F. ) ;
#2636 = CARTESIAN_POINT ( 'NONE',  ( 0.0000000000000000000, 20.00000000000000000, 0.0000000000000000000 ) ) ;
#2637 = SURFACE_STYLE_USAGE ( .BOTH. , #2728 ) ;
#2638 = EDGE_LOOP ( 'NONE', ( #3436, #203, #1731, #2395 ) ) ;
#2639 = DIRECTION ( 'NONE',  ( 0.0000000000000000000, 0.0000000000000000000, 1.000000000000000000 ) ) ;
#2640 = VERTEX_POINT ( 'NONE', #4078 ) ;
#2641 = EDGE_CURVE ( 'NONE', #1341, #3282, #2183, .T. ) ;
#2642 = VECTOR ( 'NONE', #3717, 1000.000000000000000 ) ;
#2643 = CIRCLE ( 'NONE', #1260, 7.500000000000007105 ) ;
#2644 = ORIENTED_EDGE ( 'NONE', *, *, #3101, .T. ) ;
#2645 = DIRECTION ( 'NONE',  ( -1.000000000000000000, 0.0000000000000000000, 6.033820786006285224E-17 ) ) ;
#2646 = FACE_OUTER_BOUND ( 'NONE', #3776, .T. ) ;
#2647 = AXIS2_PLACEMENT_3D ( 'NONE', #2716, #4175, #2404 ) ;
#2648 = VERTEX_POINT ( 'NONE', #3347 ) ;
#2649 = DIRECTION ( 'NONE',  ( 1.573356716244963174E-33, -1.000000000000000000, 3.081487911019577365E-33 ) ) ;
#2650 = CARTESIAN_POINT ( 'NONE',  ( -90.00000000000000000, 220.0000000000000284, 7.500000000000013323 ) ) ;
#2651 = LINE ( 'NONE', #3817, #1365 ) ;
#2652 = CARTESIAN_POINT ( 'NONE',  ( -114.9999999999999574, 1400.000000000000227, 125.0000000000000000 ) ) ;
#2653 = EDGE_CURVE ( 'NONE', #2506, #3449, #2729, .T. ) ;
#2654 = ORIENTED_EDGE ( 'NONE', *, *, #3922, .T. ) ;
#2655 = DIRECTION ( 'NONE',  ( -1.944041506525991425E-16, -0.1961161351381839890, -0.9805806756909202226 ) ) ;
#2656 = DIRECTION ( 'NONE',  ( -0.7071067811865434649, 0.0000000000000000000, -0.7071067811865516806 ) ) ;
#2657 = EDGE_CURVE ( 'NONE', #3182, #4326, #3958, .T. ) ;
#2658 = DIRECTION ( 'NONE',  ( 0.0000000000000000000, 0.0000000000000000000, 1.000000000000000000 ) ) ;
#2659 = ADVANCED_FACE ( 'NONE', ( #3010 ), #849, .F. ) ;
#2660 = FILL_AREA_STYLE ('',( #3703 ) ) ;
#2661 = ORIENTED_EDGE ( 'NONE', *, *, #95, .T. ) ;
#2662 = CARTESIAN_POINT ( 'NONE',  ( -124.9999999999999716, 20.00000000000000000, 125.0000000000000000 ) ) ;
#2663 = AXIS2_PLACEMENT_3D ( 'NONE', #1532, #3319, #106 ) ;
#2664 = ORIENTED_EDGE ( 'NONE', *, *, #2283, .F. ) ;
#2665 = DIRECTION ( 'NONE',  ( 0.0000000000000000000, 0.0000000000000000000, 1.000000000000000000 ) ) ;
#2666 = LINE ( 'NONE', #1967, #467 ) ;
#2667 = DIRECTION ( 'NONE',  ( 3.081487911019577365E-33, 0.0000000000000000000, -1.000000000000000000 ) ) ;
#2668 = ORIENTED_EDGE ( 'NONE', *, *, #3521, .F. ) ;
#2669 = ADVANCED_FACE ( 'NONE', ( #243 ), #2296, .F. ) ;
#2670 = LINE ( 'NONE', #1820, #2058 ) ;
#2671 = STYLED_ITEM ( 'NONE', ( #10 ), #4066 ) ;
#2672 = EDGE_CURVE ( 'NONE', #733, #2400, #1108, .T. ) ;
#2673 = ORIENTED_EDGE ( 'NONE', *, *, #1998, .T. ) ;
#2674 = DIRECTION ( 'NONE',  ( 0.0000000000000000000, -1.000000000000000000, 0.0000000000000000000 ) ) ;
#2675 = LINE ( 'NONE', #2461, #132 ) ;
#2676 = EDGE_LOOP ( 'NONE', ( #4332, #2111, #1388, #2476 ) ) ;
#2677 = PRESENTATION_LAYER_ASSIGNMENT (  '', '', ( #1877 ) ) ;
#2678 = DIRECTION ( 'NONE',  ( 0.0000000000000000000, 1.000000000000000000, 0.0000000000000000000 ) ) ;
#2679 = VERTEX_POINT ( 'NONE', #4347 ) ;
#2680 = FILL_AREA_STYLE ('',( #474 ) ) ;
#2681 = EDGE_CURVE ( 'NONE', #3220, #3979, #2062, .T. ) ;
#2682 = ORIENTED_EDGE ( 'NONE', *, *, #1880, .T. ) ;
#2683 = DIRECTION ( 'NONE',  ( -0.0000000000000000000, 1.000000000000000000, 0.0000000000000000000 ) ) ;
#2684 = DIRECTION ( 'NONE',  ( 0.0000000000000000000, 0.0000000000000000000, 1.000000000000000000 ) ) ;
#2685 = PRESENTATION_STYLE_ASSIGNMENT (( #1957 ) ) ;
#2686 = EDGE_LOOP ( 'NONE', ( #1188, #247 ) ) ;
#2687 = AXIS2_PLACEMENT_3D ( 'NONE', #2047, #1667, #4174 ) ;
#2688 = ORIENTED_EDGE ( 'NONE', *, *, #4664, .T. ) ;
#2689 = EDGE_CURVE ( 'NONE', #2794, #675, #1166, .T. ) ;
#2690 = LINE ( 'NONE', #3809, #1746 ) ;
#2691 = DIRECTION ( 'NONE',  ( 0.0000000000000000000, 0.0000000000000000000, 1.000000000000000000 ) ) ;
#2692 = CARTESIAN_POINT ( 'NONE',  ( 7.500000000000009770, 70.00000000000001421, 139.9999999999999716 ) ) ;
#2693 = ORIENTED_EDGE ( 'NONE', *, *, #4167, .F. ) ;
#2694 = ORIENTED_EDGE ( 'NONE', *, *, #3489, .F. ) ;
#2695 = VECTOR ( 'NONE', #17, 1000.000000000000000 ) ;
#2696 = LINE ( 'NONE', #4209, #1131 ) ;
#2697 = DIRECTION ( 'NONE',  ( -4.237045877651918877E-33, -1.000000000000000000, -3.813226669351953088E-34 ) ) ;
#2698 = PRESENTATION_STYLE_ASSIGNMENT (( #2275 ) ) ;
#2699 = EDGE_CURVE ( 'NONE', #2400, #4531, #2845, .T. ) ;
#2700 = VERTEX_POINT ( 'NONE', #86 ) ;
#2701 = DIRECTION ( 'NONE',  ( -3.081487911019577365E-33, 0.0000000000000000000, 1.000000000000000000 ) ) ;
#2702 = PLANE ( 'NONE',  #4147 ) ;
#2703 = CLOSED_SHELL ( 'NONE', ( #4367, #3535, #4418, #1936, #1561, #944, #3312 ) ) ;
#2704 = DIRECTION ( 'NONE',  ( 1.000000000000000000, -1.573356716244963174E-33, 4.848279700830313513E-66 ) ) ;
#2705 = CIRCLE ( 'NONE', #3337, 62.50000000000000000 ) ;
#2706 =( GEOMETRIC_REPRESENTATION_CONTEXT ( 3 ) GLOBAL_UNCERTAINTY_ASSIGNED_CONTEXT ( ( #2976 ) ) GLOBAL_UNIT_ASSIGNED_CONTEXT ( ( #1547, #444, #832 ) ) REPRESENTATION_CONTEXT ( 'NONE', 'WORKASPACE' ) );
#2707 = CARTESIAN_POINT ( 'NONE',  ( -68.00000000000000000, 20.00000000000000355, -67.99999999999998579 ) ) ;
#2708 = CARTESIAN_POINT ( 'NONE',  ( -90.00000000000000000, 1400.000000000000227, 90.00000000000000000 ) ) ;
#2709 = CARTESIAN_POINT ( 'NONE',  ( -90.00000000000000000, 20.00000000000001776, -7.499999999999985789 ) ) ;
#2710 = EDGE_CURVE ( 'NONE', #4361, #4543, #186, .T. ) ;
#2711 = SURFACE_STYLE_FILL_AREA ( #1960 ) ;
#2712 = ORIENTED_EDGE ( 'NONE', *, *, #3271, .T. ) ;
#2713 = DIRECTION ( 'NONE',  ( 0.0000000000000000000, 0.0000000000000000000, 1.000000000000000000 ) ) ;
#2714 = VERTEX_POINT ( 'NONE', #2261 ) ;
#2715 = DIRECTION ( 'NONE',  ( 0.0000000000000000000, 0.0000000000000000000, -1.000000000000000000 ) ) ;
#2716 = CARTESIAN_POINT ( 'NONE',  ( -124.9999999999999716, 20.00000000000000000, -30.00000000000000000 ) ) ;
#2717 = LINE ( 'NONE', #1265, #4062 ) ;
#2718 = VERTEX_POINT ( 'NONE', #3317 ) ;
#2719 = DIRECTION ( 'NONE',  ( 1.573356716244963174E-33, -1.000000000000000000, -3.081487911019577365E-33 ) ) ;
#2720 = LINE ( 'NONE', #3986, #122 ) ;
#2721 = AXIS2_PLACEMENT_3D ( 'NONE', #20, #393, #756 ) ;
#2722 = DIRECTION ( 'NONE',  ( -1.000000000000000000, 7.401486830834376525E-17, 0.0000000000000000000 ) ) ;
#2723 = CARTESIAN_POINT ( 'NONE',  ( -78.00000000000000000, 20.00000000000000355, 67.99999999999991473 ) ) ;
#2724 = ORIENTED_EDGE ( 'NONE', *, *, #3611, .F. ) ;
#2725 = EDGE_CURVE ( 'NONE', #1434, #3449, #1055, .T. ) ;
#2726 = DIRECTION ( 'NONE',  ( -1.000000000000000000, 0.0000000000000000000, 1.020425574104005602E-16 ) ) ;
#2727 = ORIENTED_EDGE ( 'NONE', *, *, #3006, .F. ) ;
#2728 = SURFACE_SIDE_STYLE ('',( #2411 ) ) ;
#2729 = LINE ( 'NONE', #3676, #3179 ) ;
#2730 = SURFACE_STYLE_FILL_AREA ( #4227 ) ;
#2731 = MECHANICAL_DESIGN_GEOMETRIC_PRESENTATION_REPRESENTATION (  '', ( #3773 ), #1872 ) ;
#2732 = DIRECTION ( 'NONE',  ( -0.0000000000000000000, 1.000000000000000000, -0.0000000000000000000 ) ) ;
#2733 = ORIENTED_EDGE ( 'NONE', *, *, #673, .T. ) ;
#2734 = CIRCLE ( 'NONE', #899, 4.499999999999997335 ) ;
#2735 = ADVANCED_FACE ( 'NONE', ( #4573 ), #1859, .F. ) ;
#2736 = DIRECTION ( 'NONE',  ( 1.000000000000000000, 0.0000000000000000000, -3.061276722312015942E-16 ) ) ;
#2737 = VERTEX_POINT ( 'NONE', #1181 ) ;
#2738 = CARTESIAN_POINT ( 'NONE',  ( 124.9999999999999716, 20.00000000000000000, 117.5000000000000000 ) ) ;
#2739 = CARTESIAN_POINT ( 'NONE',  ( -7.500000000000005329, 220.0000000000000284, -109.9999999999999858 ) ) ;
#2740 = PRESENTATION_STYLE_ASSIGNMENT (( #3246 ) ) ;
#2741 = CARTESIAN_POINT ( 'NONE',  ( -124.9999999999999716, 20.00000000000000000, -30.00000000000000000 ) ) ;
#2742 = EDGE_LOOP ( 'NONE', ( #2682, #3951, #129, #515 ) ) ;
#2743 = CARTESIAN_POINT ( 'NONE',  ( -140.0000000000000000, 20.00000000000000000, 150.0000000000000000 ) ) ;
#2744 = EDGE_CURVE ( 'NONE', #2648, #1127, #930, .T. ) ;
#2745 = DIRECTION ( 'NONE',  ( -0.0000000000000000000, 1.000000000000000000, -0.0000000000000000000 ) ) ;
#2746 = ORIENTED_EDGE ( 'NONE', *, *, #3647, .T. ) ;
#2747 = ORIENTED_EDGE ( 'NONE', *, *, #4330, .F. ) ;
#2748 = DIRECTION ( 'NONE',  ( -0.7071067811865455743, 0.0000000000000000000, -0.7071067811865493491 ) ) ;
#2749 = CIRCLE ( 'NONE', #3167, 3.500000000000003109 ) ;
#2750 = LINE ( 'NONE', #4060, #2326 ) ;
#2751 = AXIS2_PLACEMENT_3D ( 'NONE', #3416, #960, #1294 ) ;
#2752 = LINE ( 'NONE', #826, #4214 ) ;
#2753 = ORIENTED_EDGE ( 'NONE', *, *, #3259, .F. ) ;
#2754 =( NAMED_UNIT ( * ) SI_UNIT ( $, .STERADIAN. ) SOLID_ANGLE_UNIT ( ) );
#2755 = DIRECTION ( 'NONE',  ( -1.573356716244963174E-33, 1.000000000000000000, 3.081487911019577365E-33 ) ) ;
#2756 = CARTESIAN_POINT ( 'NONE',  ( 90.00000000000000000, 1380.000000000000227, -69.99999999999985789 ) ) ;
#2757 = EDGE_LOOP ( 'NONE', ( #3355, #3369, #3545, #4140, #2488 ) ) ;
#2758 = VECTOR ( 'NONE', #2755, 1000.000000000000000 ) ;
#2759 = CARTESIAN_POINT ( 'NONE',  ( 0.0000000000000000000, 20.00000000000000000, 75.00000000000001421 ) ) ;
#2760 = EDGE_CURVE ( 'NONE', #125, #1579, #4635, .T. ) ;
#2761 = ORIENTED_EDGE ( 'NONE', *, *, #3956, .T. ) ;
#2762 = CIRCLE ( 'NONE', #3913, 9.999999999999994671 ) ;
#2763 = CARTESIAN_POINT ( 'NONE',  ( 140.0000000000000000, 20.00000000000001776, -7.500000000000013323 ) ) ;
#2764 = CARTESIAN_POINT ( 'NONE',  ( 7.500000000000000000, 220.0000000000000284, 90.00000000000000000 ) ) ;
#2765 = ORIENTED_EDGE ( 'NONE', *, *, #978, .F. ) ;
#2766 = DIRECTION ( 'NONE',  ( -0.0000000000000000000, 1.000000000000000000, -0.0000000000000000000 ) ) ;
#2767 = ORIENTED_EDGE ( 'NONE', *, *, #1989, .T. ) ;
#2768 = DIRECTION ( 'NONE',  ( 1.944041506525991178E-16, -0.1961161351381840168, 0.9805806756909202226 ) ) ;
#2769 = EDGE_CURVE ( 'NONE', #1111, #3759, #820, .T. ) ;
#2770 = COLOUR_RGB ( '',1.000000000000000000, 1.000000000000000000, 1.000000000000000000 ) ;
#2771 = ORIENTED_EDGE ( 'NONE', *, *, #1187, .T. ) ;
#2772 = SURFACE_SIDE_STYLE ('',( #2730 ) ) ;
#2773 = AXIS2_PLACEMENT_3D ( 'NONE', #819, #49, #3309 ) ;
#2774 = ORIENTED_EDGE ( 'NONE', *, *, #2528, .F. ) ;
#2775 = DIRECTION ( 'NONE',  ( -0.0000000000000000000, 1.000000000000000000, 0.0000000000000000000 ) ) ;
#2776 = ADVANCED_FACE ( 'NONE', ( #2952, #4576 ), #777, .F. ) ;
#2777 = CARTESIAN_POINT ( 'NONE',  ( -124.9999999999999716, 20.00000000000000000, 33.39999999999999858 ) ) ;
#2778 = ADVANCED_FACE ( 'NONE', ( #647 ), #1558, .T. ) ;
#2779 = VECTOR ( 'NONE', #3187, 1000.000000000000114 ) ;
#2780 = ORIENTED_EDGE ( 'NONE', *, *, #953, .T. ) ;
#2781 = FILL_AREA_STYLE_COLOUR ( '', #2521 ) ;
#2782 = AXIS2_PLACEMENT_3D ( 'NONE', #747, #427, #3584 ) ;
#2783 = PLANE ( 'NONE',  #3437 ) ;
#2784 = EDGE_CURVE ( 'NONE', #4080, #4134, #2187, .T. ) ;
#2785 = ORIENTED_EDGE ( 'NONE', *, *, #1232, .F. ) ;
#2786 = CYLINDRICAL_SURFACE ( 'NONE', #1593, 75.00000000000001421 ) ;
#2787 =( NAMED_UNIT ( * ) PLANE_ANGLE_UNIT ( ) SI_UNIT ( $, .RADIAN. ) );
#2788 = CIRCLE ( 'NONE', #473, 5.099999999999993427 ) ;
#2789 = CARTESIAN_POINT ( 'NONE',  ( 90.00000000000000000, 220.0000000000000284, 7.499999999999985789 ) ) ;
#2790 = VERTEX_POINT ( 'NONE', #4458 ) ;
#2791 = AXIS2_PLACEMENT_3D ( 'NONE', #1033, #2824, #637 ) ;
#2792 = CIRCLE ( 'NONE', #1627, 3.400000000000000355 ) ;
#2793 = CARTESIAN_POINT ( 'NONE',  ( -30.00000000000001421, 0.0000000000000000000, -128.3999999999999773 ) ) ;
#2794 = VERTEX_POINT ( 'NONE', #4073 ) ;
#2795 = EDGE_CURVE ( 'NONE', #2122, #4057, #4136, .T. ) ;
#2796 = CARTESIAN_POINT ( 'NONE',  ( 125.0000000000000568, 1380.000000000000227, -114.9999999999999858 ) ) ;
#2797 = VECTOR ( 'NONE', #2568, 999.9999999999998863 ) ;
#2798 = DIRECTION ( 'NONE',  ( 0.0000000000000000000, 0.0000000000000000000, 1.000000000000000000 ) ) ;
#2799 = CARTESIAN_POINT ( 'NONE',  ( -124.9999999999999716, 0.0000000000000000000, -34.49999999999999289 ) ) ;
#2800 = ORIENTED_EDGE ( 'NONE', *, *, #2143, .T. ) ;
#2801 = VERTEX_POINT ( 'NONE', #2353 ) ;
#2802 = FACE_OUTER_BOUND ( 'NONE', #64, .T. ) ;
#2803 = CARTESIAN_POINT ( 'NONE',  ( 124.9999999999999716, 20.00000000000000000, -33.39999999999999858 ) ) ;
#2804 = DIRECTION ( 'NONE',  ( 1.000000000000000000, -1.573356716244963174E-33, 0.0000000000000000000 ) ) ;
#2805 = PRESENTATION_LAYER_ASSIGNMENT (  '', '', ( #1070 ) ) ;
#2806 = EDGE_LOOP ( 'NONE', ( #1993, #4353, #1186, #1284 ) ) ;
#2807 = ORIENTED_EDGE ( 'NONE', *, *, #15, .T. ) ;
#2808 = FACE_OUTER_BOUND ( 'NONE', #1605, .T. ) ;
#2809 = DIRECTION ( 'NONE',  ( -1.000000000000000000, 0.0000000000000000000, 1.020425574104005602E-16 ) ) ;
#2810 = ORIENTED_EDGE ( 'NONE', *, *, #3217, .T. ) ;
#2811 = CARTESIAN_POINT ( 'NONE',  ( 124.9999999999999716, 20.00000000000000000, 125.0000000000000000 ) ) ;
#2812 = AXIS2_PLACEMENT_3D ( 'NONE', #3203, #4637, #3163 ) ;
#2813 = EDGE_LOOP ( 'NONE', ( #1085, #860, #279, #3138, #4046 ) ) ;
#2814 = CARTESIAN_POINT ( 'NONE',  ( -90.00000000000000000, 220.0000000000000284, -7.499999999999985789 ) ) ;
#2815 = DIRECTION ( 'NONE',  ( -0.0000000000000000000, 1.000000000000000000, -0.0000000000000000000 ) ) ;
#2816 = CIRCLE ( 'NONE', #2322, 2.499999999999946709 ) ;
#2817 = LINE ( 'NONE', #345, #3994 ) ;
#2818 =( LENGTH_UNIT ( ) NAMED_UNIT ( * ) SI_UNIT ( .MILLI., .METRE. ) );
#2819 = DIRECTION ( 'NONE',  ( -0.9805806756909202226, -0.1961161351381840445, 0.0000000000000000000 ) ) ;
#2820 = AXIS2_PLACEMENT_3D ( 'NONE', #1382, #2470, #2106 ) ;
#2821 = DIRECTION ( 'NONE',  ( -0.0000000000000000000, 1.000000000000000000, -0.0000000000000000000 ) ) ;
#2822 = VERTEX_POINT ( 'NONE', #885 ) ;
#2823 = DIRECTION ( 'NONE',  ( -0.0000000000000000000, 1.000000000000000000, -0.0000000000000000000 ) ) ;
#2824 = DIRECTION ( 'NONE',  ( 0.0000000000000000000, 1.000000000000000000, 0.0000000000000000000 ) ) ;
#2825 = DIRECTION ( 'NONE',  ( -0.0000000000000000000, 1.000000000000000000, -0.0000000000000000000 ) ) ;
#2826 = FACE_OUTER_BOUND ( 'NONE', #4014, .T. ) ;
#2827 = PRESENTATION_LAYER_ASSIGNMENT (  '', '', ( #9 ) ) ;
#2828 = EDGE_CURVE ( 'NONE', #1718, #2873, #3679, .T. ) ;
#2829 = VERTEX_POINT ( 'NONE', #4108 ) ;
#2830 = VECTOR ( 'NONE', #2032, 1000.000000000000000 ) ;
#2831 = CARTESIAN_POINT ( 'NONE',  ( 150.0000000000000000, -0.001000000000001000089, 7.500000000000524025 ) ) ;
#2832 = CARTESIAN_POINT ( 'NONE',  ( -70.00000000000000000, 1380.000000000000227, 97.99999999999998579 ) ) ;
#2833 = CARTESIAN_POINT ( 'NONE',  ( -124.9999999999999716, 0.0000000000000000000, 125.0000000000000000 ) ) ;
#2834 = VERTEX_POINT ( 'NONE', #3362 ) ;
#2835 = EDGE_CURVE ( 'NONE', #75, #3797, #3607, .T. ) ;
#2836 = CARTESIAN_POINT ( 'NONE',  ( -7.500000000001047162, 20.00000000000000000, 149.9999999999999716 ) ) ;
#2837 = VECTOR ( 'NONE', #1938, 1000.000000000000000 ) ;
#2838 = DIRECTION ( 'NONE',  ( -0.0000000000000000000, 1.000000000000000000, -0.0000000000000000000 ) ) ;
#2839 = ORIENTED_EDGE ( 'NONE', *, *, #768, .F. ) ;
#2840 = VECTOR ( 'NONE', #4255, 1000.000000000000000 ) ;
#2841 = MECHANICAL_DESIGN_GEOMETRIC_PRESENTATION_REPRESENTATION (  '', ( #1404 ), #3076 ) ;
#2842 = DIRECTION ( 'NONE',  ( 0.0000000000000000000, 0.0000000000000000000, 1.000000000000000000 ) ) ;
#2843 = DIRECTION ( 'NONE',  ( 1.000000000000000000, 0.0000000000000000000, -1.020425574104005355E-16 ) ) ;
#2844 = VERTEX_POINT ( 'NONE', #549 ) ;
#2845 = LINE ( 'NONE', #810, #3903 ) ;
#2846 = LINE ( 'NONE', #732, #2248 ) ;
#2847 = VECTOR ( 'NONE', #848, 1000.000000000000000 ) ;
#2848 = VERTEX_POINT ( 'NONE', #1591 ) ;
#2849 = AXIS2_PLACEMENT_3D ( 'NONE', #2223, #1893, #3669 ) ;
#2850 = DIRECTION ( 'NONE',  ( -0.7071067811865510144, 0.0000000000000000000, 0.7071067811865441310 ) ) ;
#2851 =( LENGTH_UNIT ( ) NAMED_UNIT ( * ) SI_UNIT ( .MILLI., .METRE. ) );
#2852 = FACE_OUTER_BOUND ( 'NONE', #2548, .T. ) ;
#2853 = EDGE_CURVE ( 'NONE', #2912, #3921, #2734, .T. ) ;
#2854 = FILL_AREA_STYLE_COLOUR ( '', #1034 ) ;
#2855 = ORIENTED_EDGE ( 'NONE', *, *, #2588, .T. ) ;
#2856 = DIRECTION ( 'NONE',  ( -0.0000000000000000000, 1.000000000000000000, -0.0000000000000000000 ) ) ;
#2857 = ORIENTED_EDGE ( 'NONE', *, *, #4525, .T. ) ;
#2858 = DIRECTION ( 'NONE',  ( -0.0000000000000000000, 1.000000000000000000, -0.0000000000000000000 ) ) ;
#2859 = CIRCLE ( 'NONE', #2962, 2.499999999999946709 ) ;
#2860 = ORIENTED_EDGE ( 'NONE', *, *, #4222, .F. ) ;
#2861 = EDGE_CURVE ( 'NONE', #620, #3786, #4412, .T. ) ;
#2862 = VERTEX_POINT ( 'NONE', #2652 ) ;
#2863 = LINE ( 'NONE', #2624, #1926 ) ;
#2864 = CARTESIAN_POINT ( 'NONE',  ( -150.0000000000000284, 20.00000000000000000, -150.0000000000000000 ) ) ;
#2865 = LINE ( 'NONE', #2943, #4041 ) ;
#2866 = ORIENTED_EDGE ( 'NONE', *, *, #4127, .F. ) ;
#2867 = DIRECTION ( 'NONE',  ( 0.0000000000000000000, 0.0000000000000000000, -1.000000000000000000 ) ) ;
#2868 = AXIS2_PLACEMENT_3D ( 'NONE', #1980, #112, #4466 ) ;
#2869 = ORIENTED_EDGE ( 'NONE', *, *, #109, .F. ) ;
#2870 = VECTOR ( 'NONE', #263, 1000.000000000000000 ) ;
#2871 = DIRECTION ( 'NONE',  ( -0.0000000000000000000, 1.000000000000000000, -0.0000000000000000000 ) ) ;
#2872 = CARTESIAN_POINT ( 'NONE',  ( 0.0000000000000000000, 20.00000000000000000, -142.5000000000000568 ) ) ;
#2873 = VERTEX_POINT ( 'NONE', #519 ) ;
#2874 = PRESENTATION_LAYER_ASSIGNMENT (  '', '', ( #1795 ) ) ;
#2875 = FACE_BOUND ( 'NONE', #62, .T. ) ;
#2876 = EDGE_CURVE ( 'NONE', #3720, #114, #2414, .T. ) ;
#2877 = CARTESIAN_POINT ( 'NONE',  ( 124.9999999999999716, 20.00000000000000000, 117.5000000000000000 ) ) ;
#2878 = ORIENTED_EDGE ( 'NONE', *, *, #1366, .F. ) ;
#2879 = DIRECTION ( 'NONE',  ( 0.0000000000000000000, 0.0000000000000000000, 1.000000000000000000 ) ) ;
#2880 = VERTEX_POINT ( 'NONE', #2709 ) ;
#2881 = AXIS2_PLACEMENT_3D ( 'NONE', #2764, #190, #1638 ) ;
#2882 = LINE ( 'NONE', #4295, #1999 ) ;
#2883 = EDGE_LOOP ( 'NONE', ( #1493, #693, #869, #1263, #3237 ) ) ;
#2884 = EDGE_CURVE ( 'NONE', #2937, #4557, #1228, .T. ) ;
#2885 = COLOUR_RGB ( '',1.000000000000000000, 1.000000000000000000, 1.000000000000000000 ) ;
#2886 = EDGE_LOOP ( 'NONE', ( #3296, #3888 ) ) ;
#2887 = CARTESIAN_POINT ( 'NONE',  ( 30.00000000000001421, 20.00000000000000000, 125.0000000000000000 ) ) ;
#2888 = FACE_OUTER_BOUND ( 'NONE', #3147, .T. ) ;
#2889 = EDGE_CURVE ( 'NONE', #1313, #3404, #3124, .T. ) ;
#2890 = ORIENTED_EDGE ( 'NONE', *, *, #4152, .F. ) ;
#2891 = DIRECTION ( 'NONE',  ( -0.7071067811865489050, 0.0000000000000000000, -0.7071067811865461294 ) ) ;
#2892 = CARTESIAN_POINT ( 'NONE',  ( 90.00000000000000000, 1355.000000000000227, 45.00000000000000000 ) ) ;
#2893 = SURFACE_STYLE_FILL_AREA ( #1245 ) ;
#2894 = EDGE_LOOP ( 'NONE', ( #3678, #4672, #1300, #3828 ) ) ;
#2895 = VECTOR ( 'NONE', #1146, 1000.000000000000000 ) ;
#2896 = LINE ( 'NONE', #4644, #1840 ) ;
#2897 = AXIS2_PLACEMENT_3D ( 'NONE', #2636, #3641, #88 ) ;
#2898 = LINE ( 'NONE', #1376, #2302 ) ;
#2899 = DIRECTION ( 'NONE',  ( 0.7071067811865484609, -0.0000000000000000000, 0.7071067811865465735 ) ) ;
#2900 = DIRECTION ( 'NONE',  ( -0.0000000000000000000, 1.000000000000000000, -0.0000000000000000000 ) ) ;
#2901 = ORIENTED_EDGE ( 'NONE', *, *, #4187, .T. ) ;
#2902 = CYLINDRICAL_SURFACE ( 'NONE', #744, 7.500000000000007105 ) ;
#2903 = SURFACE_STYLE_FILL_AREA ( #51 ) ;
#2904 = DIRECTION ( 'NONE',  ( -0.7071067811865494601, 0.0000000000000000000, 0.7071067811865456854 ) ) ;
#2905 = SURFACE_STYLE_USAGE ( .BOTH. , #4356 ) ;
#2906 = VERTEX_POINT ( 'NONE', #4122 ) ;
#2907 = AXIS2_PLACEMENT_3D ( 'NONE', #1017, #3873, #4195 ) ;
#2908 = EDGE_CURVE ( 'NONE', #215, #1205, #4523, .T. ) ;
#2909 = VECTOR ( 'NONE', #2209, 1000.000000000000000 ) ;
#2910 =( NAMED_UNIT ( * ) SI_UNIT ( $, .STERADIAN. ) SOLID_ANGLE_UNIT ( ) );
#2911 = CARTESIAN_POINT ( 'NONE',  ( 124.9999999999999716, 20.00000000000000000, -30.00000000000000000 ) ) ;
#2912 = VERTEX_POINT ( 'NONE', #1614 ) ;
#2913 = ORIENTED_EDGE ( 'NONE', *, *, #4404, .T. ) ;
#2914 = LINE ( 'NONE', #2377, #32 ) ;
#2915 = AXIS2_PLACEMENT_3D ( 'NONE', #4390, #80, #3003 ) ;
#2916 = FACE_OUTER_BOUND ( 'NONE', #924, .T. ) ;
#2917 = ADVANCED_FACE ( 'NONE', ( #3258, #735, #3713, #4166, #2042 ), #3065, .T. ) ;
#2918 =( LENGTH_UNIT ( ) NAMED_UNIT ( * ) SI_UNIT ( .MILLI., .METRE. ) );
#2919 = CARTESIAN_POINT ( 'NONE',  ( -2.140462239949360482E-14, 1400.000000000000227, 0.0000000000000000000 ) ) ;
#2920 = EDGE_LOOP ( 'NONE', ( #4402, #230, #3077, #23, #4259, #2265, #1602, #2381 ) ) ;
#2921 = ORIENTED_EDGE ( 'NONE', *, *, #3388, .T. ) ;
#2922 = VECTOR ( 'NONE', #3547, 1000.000000000000000 ) ;
#2923 = SURFACE_STYLE_FILL_AREA ( #1462 ) ;
#2924 = EDGE_CURVE ( 'NONE', #1354, #2185, #340, .T. ) ;
#2925 = EDGE_LOOP ( 'NONE', ( #2226, #523 ) ) ;
#2926 = SURFACE_STYLE_USAGE ( .BOTH. , #2968 ) ;
#2927 = DIRECTION ( 'NONE',  ( 0.0000000000000000000, 1.000000000000000000, 0.0000000000000000000 ) ) ;
#2928 = DIRECTION ( 'NONE',  ( 0.0000000000000000000, 0.0000000000000000000, 1.000000000000000000 ) ) ;
#2929 = CARTESIAN_POINT ( 'NONE',  ( 124.9999999999999716, 0.0000000000000000000, 25.50000000000000711 ) ) ;
#2930 = CARTESIAN_POINT ( 'NONE',  ( 150.0000000000000000, 20.00000000000000000, 7.500000000000524025 ) ) ;
#2931 = VECTOR ( 'NONE', #2891, 1000.000000000000114 ) ;
#2932 = AXIS2_PLACEMENT_3D ( 'NONE', #3498, #4574, #1032 ) ;
#2933 = CARTESIAN_POINT ( 'NONE',  ( 70.00000000000000000, 1400.000000000000227, -91.50000000000000000 ) ) ;
#2934 = PRESENTATION_STYLE_ASSIGNMENT (( #617 ) ) ;
#2935 = CARTESIAN_POINT ( 'NONE',  ( 90.00000000000000000, 1380.000000000000227, -69.99999999999985789 ) ) ;
#2936 = PRESENTATION_LAYER_ASSIGNMENT (  '', '', ( #1171 ) ) ;
#2937 = VERTEX_POINT ( 'NONE', #1231 ) ;
#2938 =( NAMED_UNIT ( * ) SI_UNIT ( $, .STERADIAN. ) SOLID_ANGLE_UNIT ( ) );
#2939 = DIRECTION ( 'NONE',  ( -0.0000000000000000000, 1.000000000000000000, -0.0000000000000000000 ) ) ;
#2940 = ADVANCED_FACE ( 'NONE', ( #221 ), #892, .F. ) ;
#2941 = VERTEX_POINT ( 'NONE', #266 ) ;
#2942 = LINE ( 'NONE', #363, #3426 ) ;
#2943 = CARTESIAN_POINT ( 'NONE',  ( 115.0000000000000711, 1400.000000000000227, -124.9999999999999432 ) ) ;
#2944 = VERTEX_POINT ( 'NONE', #3146 ) ;
#2945 = FACE_OUTER_BOUND ( 'NONE', #3401, .T. ) ;
#2946 = FILL_AREA_STYLE_COLOUR ( '', #1077 ) ;
#2947 = DIRECTION ( 'NONE',  ( -0.0000000000000000000, -1.000000000000000000, -0.0000000000000000000 ) ) ;
#2948 = EDGE_CURVE ( 'NONE', #2937, #1253, #70, .T. ) ;
#2949 = VECTOR ( 'NONE', #264, 1000.000000000000000 ) ;
#2950 = EDGE_LOOP ( 'NONE', ( #3714, #2098, #4357, #2543 ) ) ;
#2951 = DIRECTION ( 'NONE',  ( 0.0000000000000000000, 0.0000000000000000000, 1.000000000000000000 ) ) ;
#2952 = FACE_BOUND ( 'NONE', #4640, .T. ) ;
#2953 = PLANE ( 'NONE',  #3653 ) ;
#2954 = SURFACE_SIDE_STYLE ('',( #1567 ) ) ;
#2955 = LINE ( 'NONE', #3805, #4298 ) ;
#2956 = AXIS2_PLACEMENT_3D ( 'NONE', #2202, #1155, #2951 ) ;
#2957 = ORIENTED_EDGE ( 'NONE', *, *, #1464, .T. ) ;
#2958 = DIRECTION ( 'NONE',  ( -0.7071067811865474617, -0.0000000000000000000, 0.7071067811865474617 ) ) ;
#2959 = LINE ( 'NONE', #2970, #138 ) ;
#2960 = ORIENTED_EDGE ( 'NONE', *, *, #1998, .F. ) ;
#2961 = ADVANCED_FACE ( 'NONE', ( #2148 ), #2902, .F. ) ;
#2962 = AXIS2_PLACEMENT_3D ( 'NONE', #4508, #2726, #565 ) ;
#2963 = FILL_AREA_STYLE ('',( #2946 ) ) ;
#2964 = DIRECTION ( 'NONE',  ( 0.0000000000000000000, 0.0000000000000000000, 1.000000000000000000 ) ) ;
#2965 = DIRECTION ( 'NONE',  ( -0.0000000000000000000, 1.000000000000000000, -0.0000000000000000000 ) ) ;
#2966 = ORIENTED_EDGE ( 'NONE', *, *, #1793, .F. ) ;
#2967 = ADVANCED_FACE ( 'NONE', ( #3739 ), #2783, .F. ) ;
#2968 = SURFACE_SIDE_STYLE ('',( #1753 ) ) ;
#2969 = FACE_OUTER_BOUND ( 'NONE', #1800, .T. ) ;
#2970 = CARTESIAN_POINT ( 'NONE',  ( 115.0000000000000711, 1400.000000000000227, -124.9999999999999432 ) ) ;
#2971 = MECHANICAL_DESIGN_GEOMETRIC_PRESENTATION_REPRESENTATION (  '', ( #3228 ), #3610 ) ;
#2972 = ORIENTED_EDGE ( 'NONE', *, *, #907, .F. ) ;
#2973 = ORIENTED_EDGE ( 'NONE', *, *, #1307, .T. ) ;
#2974 = CYLINDRICAL_SURFACE ( 'NONE', #2687, 4.500000000000003553 ) ;
#2975 = DIRECTION ( 'NONE',  ( 1.000000000000000000, -0.0000000000000000000, -0.0000000000000000000 ) ) ;
#2976 = UNCERTAINTY_MEASURE_WITH_UNIT (LENGTH_MEASURE( 1.000000000000000082E-05 ), #1547, 'distance_accuracy_value', 'NONE');
#2977 = LINE ( 'NONE', #2614, #4542 ) ;
#2978 = DIRECTION ( 'NONE',  ( 0.0000000000000000000, 0.0000000000000000000, 1.000000000000000000 ) ) ;
#2979 = VERTEX_POINT ( 'NONE', #1698 ) ;
#2980 = AXIS2_PLACEMENT_3D ( 'NONE', #4505, #563, #2108 ) ;
#2981 = DIRECTION ( 'NONE',  ( 0.0000000000000000000, 0.0000000000000000000, -1.000000000000000000 ) ) ;
#2982 = DIRECTION ( 'NONE',  ( -0.0000000000000000000, 1.000000000000000000, -0.0000000000000000000 ) ) ;
#2983 = ORIENTED_EDGE ( 'NONE', *, *, #4571, .T. ) ;
#2984 = EDGE_CURVE ( 'NONE', #770, #755, #2467, .T. ) ;
#2985 = CARTESIAN_POINT ( 'NONE',  ( 7.500000000000009770, 20.00000000000001776, 139.9999999999999716 ) ) ;
#2986 = DIRECTION ( 'NONE',  ( -0.0000000000000000000, -1.000000000000000000, -0.0000000000000000000 ) ) ;
#2987 = CLOSED_SHELL ( 'NONE', ( #1946, #1626, #2082, #1977, #1183, #1537, #2513, #797, #4614, #2372, #4043, #1157, #3310, #4585, #4539, #1400, #2917, #868, #3327, #2991, #1074, #2776, #3289, #3628, #1900, #2278 ) ) ;
#2988 = ADVANCED_FACE ( 'NONE', ( #1865 ), #1764, .F. ) ;
#2989 = EDGE_CURVE ( 'NONE', #2557, #1253, #1818, .T. ) ;
#2990 = DIRECTION ( 'NONE',  ( -0.0000000000000000000, 1.000000000000000000, -0.0000000000000000000 ) ) ;
#2991 = ADVANCED_FACE ( 'NONE', ( #863 ), #4183, .F. ) ;
#2992 =( LENGTH_UNIT ( ) NAMED_UNIT ( * ) SI_UNIT ( .MILLI., .METRE. ) );
#2993 = ORIENTED_EDGE ( 'NONE', *, *, #1425, .F. ) ;
#2994 = AXIS2_PLACEMENT_3D ( 'NONE', #585, #1323, #894 ) ;
#2995 = DIRECTION ( 'NONE',  ( -1.000000000000000000, 0.0000000000000000000, 1.020425574104005602E-16 ) ) ;
#2996 = ORIENTED_EDGE ( 'NONE', *, *, #561, .F. ) ;
#2997 = SURFACE_SIDE_STYLE ('',( #4478 ) ) ;
#2998 = DIRECTION ( 'NONE',  ( 0.1961161351381840723, -0.9805806756909201116, 7.703719777548943412E-34 ) ) ;
#2999 = CARTESIAN_POINT ( 'NONE',  ( -9.950721815702933470E-13, -0.001000000000001000089, 142.5000000000000568 ) ) ;
#3000 = FACE_BOUND ( 'NONE', #1761, .T. ) ;
#3001 = VERTEX_POINT ( 'NONE', #4165 ) ;
#3002 = AXIS2_PLACEMENT_3D ( 'NONE', #3908, #2173, #1097 ) ;
#3003 = DIRECTION ( 'NONE',  ( 1.000000000000000000, 0.0000000000000000000, 0.0000000000000000000 ) ) ;
#3004 = EDGE_LOOP ( 'NONE', ( #3911, #3357, #2712, #4509 ) ) ;
#3005 = CARTESIAN_POINT ( 'NONE',  ( 78.00000000000000000, 1380.000000000000227, 67.99999999999990052 ) ) ;
#3006 = EDGE_CURVE ( 'NONE', #1103, #1473, #3631, .T. ) ;
#3007 = VECTOR ( 'NONE', #1676, 1000.000000000000000 ) ;
#3008 = CARTESIAN_POINT ( 'NONE',  ( 67.99999999999991473, 20.00000000000000355, -78.00000000000000000 ) ) ;
#3009 = VERTEX_POINT ( 'NONE', #971 ) ;
#3010 = FACE_OUTER_BOUND ( 'NONE', #845, .T. ) ;
#3011 = ADVANCED_FACE ( 'NONE', ( #1000 ), #213, .F. ) ;
#3012 = LINE ( 'NONE', #3108, #1562 ) ;
#3013 = SURFACE_STYLE_USAGE ( .BOTH. , #1275 ) ;
#3014 = EDGE_CURVE ( 'NONE', #2210, #891, #1649, .T. ) ;
#3015 = EDGE_LOOP ( 'NONE', ( #2693, #99, #413, #1025 ) ) ;
#3016 = LINE ( 'NONE', #4273, #187 ) ;
#3017 = CARTESIAN_POINT ( 'NONE',  ( -110.0000000000000000, 220.0000000000000284, 7.500000000000013323 ) ) ;
#3018 = ORIENTED_EDGE ( 'NONE', *, *, #3819, .T. ) ;
#3019 = AXIS2_PLACEMENT_3D ( 'NONE', #1486, #1503, #3606 ) ;
#3020 = CIRCLE ( 'NONE', #3383, 7.500000000000007105 ) ;
#3021 = DIRECTION ( 'NONE',  ( 0.7071067811865536790, 0.0000000000000000000, -0.7071067811865414665 ) ) ;
#3022 = VERTEX_POINT ( 'NONE', #2723 ) ;
#3023 = DIRECTION ( 'NONE',  ( 0.0000000000000000000, 0.0000000000000000000, 1.000000000000000000 ) ) ;
#3024 = LINE ( 'NONE', #3822, #3456 ) ;
#3025 = EDGE_LOOP ( 'NONE', ( #318, #646 ) ) ;
#3026 = DIRECTION ( 'NONE',  ( 0.0000000000000000000, 1.000000000000000000, 0.0000000000000000000 ) ) ;
#3027 = EDGE_LOOP ( 'NONE', ( #3698, #2070, #293, #3988 ) ) ;
#3028 = EDGE_CURVE ( 'NONE', #4645, #1497, #2363, .T. ) ;
#3029 = FACE_BOUND ( 'NONE', #4313, .T. ) ;
#3030 = SURFACE_STYLE_FILL_AREA ( #2963 ) ;
#3031 = VERTEX_POINT ( 'NONE', #3781 ) ;
#3032 = ORIENTED_EDGE ( 'NONE', *, *, #739, .T. ) ;
#3033 = CARTESIAN_POINT ( 'NONE',  ( -70.00000000000000000, 1400.000000000000227, 92.00000000000000000 ) ) ;
#3034 = CARTESIAN_POINT ( 'NONE',  ( 140.0000000000000000, 20.00000000000000000, -150.0000000000000000 ) ) ;
#3035 = LINE ( 'NONE', #447, #2695 ) ;
#3036 = CONICAL_SURFACE ( 'NONE', #1891, 3.500000000000003109, 0.7853981633975037902 ) ;
#3037 = AXIS2_PLACEMENT_3D ( 'NONE', #2493, #321, #1758 ) ;
#3038 = ORIENTED_EDGE ( 'NONE', *, *, #2828, .T. ) ;
#3039 = DIRECTION ( 'NONE',  ( 0.0000000000000000000, 0.0000000000000000000, -1.000000000000000000 ) ) ;
#3040 = CARTESIAN_POINT ( 'NONE',  ( -90.00000000000000000, 1400.000000000000227, -90.00000000000000000 ) ) ;
#3041 = CARTESIAN_POINT ( 'NONE',  ( -140.0000000000000000, 20.00000000000000000, 150.0000000000000000 ) ) ;
#3042 = EDGE_CURVE ( 'NONE', #2483, #891, #3131, .T. ) ;
#3043 = ORIENTED_EDGE ( 'NONE', *, *, #2217, .T. ) ;
#3044 = LINE ( 'NONE', #1507, #3879 ) ;
#3045 = CARTESIAN_POINT ( 'NONE',  ( 125.0000000000000568, 1400.000000000000227, 115.0000000000000142 ) ) ;
#3046 = EDGE_CURVE ( 'NONE', #2268, #729, #486, .T. ) ;
#3047 = ORIENTED_EDGE ( 'NONE', *, *, #850, .F. ) ;
#3048 = CARTESIAN_POINT ( 'NONE',  ( -110.0000000000000000, 220.0000000000000284, -7.499999999999985789 ) ) ;
#3049 = AXIS2_PLACEMENT_3D ( 'NONE', #4606, #2819, #3554 ) ;
#3050 = DIRECTION ( 'NONE',  ( 0.0000000000000000000, 0.0000000000000000000, 1.000000000000000000 ) ) ;
#3051 = ORIENTED_EDGE ( 'NONE', *, *, #615, .T. ) ;
#3052 = DIRECTION ( 'NONE',  ( 0.0000000000000000000, 0.0000000000000000000, -1.000000000000000000 ) ) ;
#3053 = EDGE_CURVE ( 'NONE', #2236, #2848, #1969, .T. ) ;
#3054 = VECTOR ( 'NONE', #2546, 1000.000000000000000 ) ;
#3055 = ORIENTED_EDGE ( 'NONE', *, *, #510, .F. ) ;
#3056 = FACE_OUTER_BOUND ( 'NONE', #2481, .T. ) ;
#3057 = UNCERTAINTY_MEASURE_WITH_UNIT (LENGTH_MEASURE( 1.000000000000000082E-05 ), #401, 'distance_accuracy_value', 'NONE');
#3058 = MECHANICAL_DESIGN_GEOMETRIC_PRESENTATION_REPRESENTATION (  '', ( #3955 ), #498 ) ;
#3059 = EDGE_LOOP ( 'NONE', ( #742, #1546, #91, #288, #3051 ) ) ;
#3060 = PLANE ( 'NONE',  #85 ) ;
#3061 = ORIENTED_EDGE ( 'NONE', *, *, #4277, .F. ) ;
#3062 = MECHANICAL_DESIGN_GEOMETRIC_PRESENTATION_REPRESENTATION (  '', ( #9 ), #3298 ) ;
#3063 = LINE ( 'NONE', #2796, #2561 ) ;
#3064 = DIRECTION ( 'NONE',  ( -0.7071067811865536790, 0.0000000000000000000, 0.7071067811865414665 ) ) ;
#3065 = PLANE ( 'NONE',  #1544 ) ;
#3066 = LINE ( 'NONE', #1704, #2847 ) ;
#3067 = ORIENTED_EDGE ( 'NONE', *, *, #3793, .T. ) ;
#3068 = FACE_OUTER_BOUND ( 'NONE', #2231, .T. ) ;
#3069 = EDGE_CURVE ( 'NONE', #758, #507, #4200, .T. ) ;
#3070 = EDGE_CURVE ( 'NONE', #2291, #1233, #3850, .T. ) ;
#3071 = ORIENTED_EDGE ( 'NONE', *, *, #3885, .F. ) ;
#3072 = DIRECTION ( 'NONE',  ( -0.1961161351381840723, -0.9805806756909201116, -1.540743955509788682E-33 ) ) ;
#3073 = PLANE ( 'NONE',  #2881 ) ;
#3074 = DIRECTION ( 'NONE',  ( 0.7071067811865390240, -0.0000000000000000000, 0.7071067811865561215 ) ) ;
#3075 = ORIENTED_EDGE ( 'NONE', *, *, #2559, .T. ) ;
#3076 =( GEOMETRIC_REPRESENTATION_CONTEXT ( 3 ) GLOBAL_UNCERTAINTY_ASSIGNED_CONTEXT ( ( #2500 ) ) GLOBAL_UNIT_ASSIGNED_CONTEXT ( ( #3770, #2370, #1634 ) ) REPRESENTATION_CONTEXT ( 'NONE', 'WORKASPACE' ) );
#3077 = ORIENTED_EDGE ( 'NONE', *, *, #3069, .F. ) ;
#3078 = DIRECTION ( 'NONE',  ( -1.000000000000000000, 0.0000000000000000000, 1.020425574104005602E-16 ) ) ;
#3079 = CYLINDRICAL_SURFACE ( 'NONE', #3767, 5.099999999999993427 ) ;
#3080 = CARTESIAN_POINT ( 'NONE',  ( 115.0000000000000711, 1400.000000000000227, -124.9999999999999432 ) ) ;
#3081 = DIRECTION ( 'NONE',  ( 0.0000000000000000000, 0.0000000000000000000, 1.000000000000000000 ) ) ;
#3082 = ORIENTED_EDGE ( 'NONE', *, *, #2127, .T. ) ;
#3083 = ORIENTED_EDGE ( 'NONE', *, *, #1094, .T. ) ;
#3084 = FACE_OUTER_BOUND ( 'NONE', #1559, .T. ) ;
#3085 = AXIS2_PLACEMENT_3D ( 'NONE', #4398, #3993, #4365 ) ;
#3086 = FACE_OUTER_BOUND ( 'NONE', #4099, .T. ) ;
#3087 = CYLINDRICAL_SURFACE ( 'NONE', #4284, 7.500000000000007105 ) ;
#3088 = EDGE_CURVE ( 'NONE', #2431, #4051, #2315, .T. ) ;
#3089 = ORIENTED_EDGE ( 'NONE', *, *, #3754, .T. ) ;
#3090 = CARTESIAN_POINT ( 'NONE',  ( 90.00000000000000000, 220.0000000000000284, -7.500000000000013323 ) ) ;
#3091 = CARTESIAN_POINT ( 'NONE',  ( 124.9999999999999716, 0.0000000000000000000, -30.00000000000000000 ) ) ;
#3092 = ORIENTED_EDGE ( 'NONE', *, *, #3819, .F. ) ;
#3093 = CARTESIAN_POINT ( 'NONE',  ( 7.500000000000000000, 220.0000000000000284, -89.99999999999998579 ) ) ;
#3094 = CIRCLE ( 'NONE', #1012, 9.999999999999994671 ) ;
#3095 = CARTESIAN_POINT ( 'NONE',  ( 90.00000000000000000, 1400.000000000000227, -95.09999999999999432 ) ) ;
#3096 = ORIENTED_EDGE ( 'NONE', *, *, #352, .T. ) ;
#3097 = DIRECTION ( 'NONE',  ( 7.395570986446985676E-32, -1.653254120790692886E-33, -1.000000000000000000 ) ) ;
#3098 = CARTESIAN_POINT ( 'NONE',  ( -150.0000000000000284, 20.00000000000000000, -139.9999999999999716 ) ) ;
#3099 = VECTOR ( 'NONE', #1041, 1000.000000000000000 ) ;
#3100 = CARTESIAN_POINT ( 'NONE',  ( 90.00000000000000000, 1400.000000000000227, 90.00000000000000000 ) ) ;
#3101 = EDGE_CURVE ( 'NONE', #1021, #4531, #1512, .T. ) ;
#3102 = ORIENTED_EDGE ( 'NONE', *, *, #3229, .F. ) ;
#3103 =( NAMED_UNIT ( * ) PLANE_ANGLE_UNIT ( ) SI_UNIT ( $, .RADIAN. ) );
#3104 = DIRECTION ( 'NONE',  ( 1.000000000000000000, -0.0000000000000000000, -0.0000000000000000000 ) ) ;
#3105 = DIRECTION ( 'NONE',  ( 1.000000000000000000, -0.0000000000000000000, -0.0000000000000000000 ) ) ;
#3106 = VERTEX_POINT ( 'NONE', #3487 ) ;
#3107 = CARTESIAN_POINT ( 'NONE',  ( 7.500000000000000000, 20.00000000000003197, 89.99999999999998579 ) ) ;
#3108 = CARTESIAN_POINT ( 'NONE',  ( 115.0000000000000711, 1400.000000000000227, 125.0000000000000000 ) ) ;
#3109 = FACE_OUTER_BOUND ( 'NONE', #961, .T. ) ;
#3110 = EDGE_LOOP ( 'NONE', ( #1170, #3308, #1049, #2579, #659, #3853, #4188, #104, #3568, #2025, #1121, #4144, #635, #1939, #259, #2996, #3684, #1785, #3168, #4434 ) ) ;
#3111 = DIRECTION ( 'NONE',  ( 1.000000000000000000, -0.0000000000000000000, -0.0000000000000000000 ) ) ;
#3112 =( GEOMETRIC_REPRESENTATION_CONTEXT ( 3 ) GLOBAL_UNCERTAINTY_ASSIGNED_CONTEXT ( ( #3316 ) ) GLOBAL_UNIT_ASSIGNED_CONTEXT ( ( #4623, #1792, #300 ) ) REPRESENTATION_CONTEXT ( 'NONE', 'WORKASPACE' ) );
#3113 = CARTESIAN_POINT ( 'NONE',  ( -90.00000000000000000, 1400.000000000000227, -95.09999999999999432 ) ) ;
#3114 = DIRECTION ( 'NONE',  ( 0.0000000000000000000, 0.0000000000000000000, -1.000000000000000000 ) ) ;
#3115 = ORIENTED_EDGE ( 'NONE', *, *, #3560, .F. ) ;
#3116 = EDGE_CURVE ( 'NONE', #3526, #2239, #4470, .T. ) ;
#3117 = DIRECTION ( 'NONE',  ( -3.081487911019577365E-33, 0.0000000000000000000, 1.000000000000000000 ) ) ;
#3118 = VERTEX_POINT ( 'NONE', #1787 ) ;
#3119 = CARTESIAN_POINT ( 'NONE',  ( -30.00000000000001421, 20.00000000000000000, -125.0000000000000000 ) ) ;
#3120 = FACE_OUTER_BOUND ( 'NONE', #1713, .T. ) ;
#3121 = FACE_OUTER_BOUND ( 'NONE', #3190, .T. ) ;
#3122 = CARTESIAN_POINT ( 'NONE',  ( 90.00000000000000000, 1355.000000000000227, 47.49999999999994316 ) ) ;
#3123 = ORIENTED_EDGE ( 'NONE', *, *, #2657, .T. ) ;
#3124 = LINE ( 'NONE', #3041, #477 ) ;
#3125 = EDGE_CURVE ( 'NONE', #1846, #2239, #143, .T. ) ;
#3126 =( NAMED_UNIT ( * ) PLANE_ANGLE_UNIT ( ) SI_UNIT ( $, .RADIAN. ) );
#3127 = VERTEX_POINT ( 'NONE', #2125 ) ;
#3128 = CARTESIAN_POINT ( 'NONE',  ( -124.9999999999999716, 20.00000000000000000, 125.0000000000000000 ) ) ;
#3129 = DIRECTION ( 'NONE',  ( 0.0000000000000000000, 0.0000000000000000000, 1.000000000000000000 ) ) ;
#3130 = CARTESIAN_POINT ( 'NONE',  ( 7.500000000000000000, 20.00000000000000000, -150.0000000000000284 ) ) ;
#3131 = LINE ( 'NONE', #3130, #2628 ) ;
#3132 =( NAMED_UNIT ( * ) SI_UNIT ( $, .STERADIAN. ) SOLID_ANGLE_UNIT ( ) );
#3133 = VERTEX_POINT ( 'NONE', #2092 ) ;
#3134 = DIRECTION ( 'NONE',  ( -0.7071067811865455743, 0.0000000000000000000, -0.7071067811865493491 ) ) ;
#3135 = STYLED_ITEM ( 'NONE', ( #2934 ), #24 ) ;
#3136 = DIRECTION ( 'NONE',  ( 0.0000000000000000000, 0.0000000000000000000, 1.000000000000000000 ) ) ;
#3137 = LINE ( 'NONE', #990, #1239 ) ;
#3138 = ORIENTED_EDGE ( 'NONE', *, *, #4562, .T. ) ;
#3139 = ORIENTED_EDGE ( 'NONE', *, *, #4525, .F. ) ;
#3140 = VECTOR ( 'NONE', #2683, 1000.000000000000000 ) ;
#3141 = CYLINDRICAL_SURFACE ( 'NONE', #4362, 5.099999999999993427 ) ;
#3142 = VERTEX_POINT ( 'NONE', #4583 ) ;
#3143 = LINE ( 'NONE', #1833, #3869 ) ;
#3144 = DIRECTION ( 'NONE',  ( -1.573356716244963174E-33, 1.000000000000000000, 3.081487911019577365E-33 ) ) ;
#3145 = VECTOR ( 'NONE', #2064, 1000.000000000000000 ) ;
#3146 = CARTESIAN_POINT ( 'NONE',  ( -124.9999999999999716, 20.00000000000000000, -25.49999999999999645 ) ) ;
#3147 = EDGE_LOOP ( 'NONE', ( #3730, #4279, #654, #3481, #1401 ) ) ;
#3148 = AXIS2_PLACEMENT_3D ( 'NONE', #2466, #980, #2034 ) ;
#3149 = EDGE_CURVE ( 'NONE', #3282, #1439, #1573, .T. ) ;
#3150 = ADVANCED_FACE ( 'NONE', ( #424 ), #3348, .F. ) ;
#3151 = DIRECTION ( 'NONE',  ( 0.0000000000000000000, 0.0000000000000000000, 1.000000000000000000 ) ) ;
#3152 = ORIENTED_EDGE ( 'NONE', *, *, #3234, .T. ) ;
#3153 = VECTOR ( 'NONE', #3578, 1000.000000000000000 ) ;
#3154 = CARTESIAN_POINT ( 'NONE',  ( -140.0000000000000000, 20.00000000000000000, 150.0000000000000000 ) ) ;
#3155 = AXIS2_PLACEMENT_3D ( 'NONE', #1039, #1763, #1776 ) ;
#3156 = VECTOR ( 'NONE', #2529, 1000.000000000000000 ) ;
#3157 = EDGE_CURVE ( 'NONE', #2941, #1986, #3020, .T. ) ;
#3158 = DIRECTION ( 'NONE',  ( 0.0000000000000000000, 0.0000000000000000000, 1.000000000000000000 ) ) ;
#3159 = DIRECTION ( 'NONE',  ( -0.0000000000000000000, 1.000000000000000000, -0.0000000000000000000 ) ) ;
#3160 = CARTESIAN_POINT ( 'NONE',  ( 69.99999999999985789, 1380.000000000000227, 89.99999999999997158 ) ) ;
#3161 = ORIENTED_EDGE ( 'NONE', *, *, #1816, .F. ) ;
#3162 = EDGE_CURVE ( 'NONE', #19, #1902, #2792, .T. ) ;
#3163 = DIRECTION ( 'NONE',  ( 0.0000000000000000000, 0.0000000000000000000, -1.000000000000000000 ) ) ;
#3164 = ORIENTED_EDGE ( 'NONE', *, *, #535, .F. ) ;
#3165 = CARTESIAN_POINT ( 'NONE',  ( 77.99999999999998579, 20.00000000000000355, -67.99999999999991473 ) ) ;
#3166 = VECTOR ( 'NONE', #3963, 1000.000000000000114 ) ;
#3167 = AXIS2_PLACEMENT_3D ( 'NONE', #1620, #4129, #1990 ) ;
#3168 = ORIENTED_EDGE ( 'NONE', *, *, #2989, .T. ) ;
#3169 = EDGE_CURVE ( 'NONE', #1127, #3551, #1343, .T. ) ;
#3170 = DIRECTION ( 'NONE',  ( -1.000000000000000000, 0.0000000000000000000, 1.850371707708594316E-16 ) ) ;
#3171 = COLOUR_RGB ( '',1.000000000000000000, 1.000000000000000000, 1.000000000000000000 ) ;
#3172 = EDGE_LOOP ( 'NONE', ( #3632, #2966 ) ) ;
#3173 = AXIS2_PLACEMENT_3D ( 'NONE', #1828, #2197, #14 ) ;
#3174 =( NAMED_UNIT ( * ) PLANE_ANGLE_UNIT ( ) SI_UNIT ( $, .RADIAN. ) );
#3175 = DIRECTION ( 'NONE',  ( 0.0000000000000000000, 0.0000000000000000000, 1.000000000000000000 ) ) ;
#3176 = UNCERTAINTY_MEASURE_WITH_UNIT (LENGTH_MEASURE( 1.000000000000000082E-05 ), #2234, 'distance_accuracy_value', 'NONE');
#3177 = EDGE_CURVE ( 'NONE', #1197, #1240, #3506, .T. ) ;
#3178 = ORIENTED_EDGE ( 'NONE', *, *, #3638, .F. ) ;
#3179 = VECTOR ( 'NONE', #1949, 1000.000000000000000 ) ;
#3180 = LINE ( 'NONE', #3620, #362 ) ;
#3181 = DIRECTION ( 'NONE',  ( -0.0000000000000000000, -1.000000000000000000, -0.0000000000000000000 ) ) ;
#3182 = VERTEX_POINT ( 'NONE', #4358 ) ;
#3183 = CARTESIAN_POINT ( 'NONE',  ( -140.0000000000000000, 70.00000000000001421, -7.499999999999985789 ) ) ;
#3184 = ORIENTED_EDGE ( 'NONE', *, *, #1480, .F. ) ;
#3185 = EDGE_CURVE ( 'NONE', #1003, #3339, #4306, .T. ) ;
#3186 = DIRECTION ( 'NONE',  ( -0.0000000000000000000, 1.000000000000000000, -0.0000000000000000000 ) ) ;
#3187 = DIRECTION ( 'NONE',  ( -3.888083013051982357E-17, -0.9805806756909201116, -0.1961161351381839890 ) ) ;
#3188 = ORIENTED_EDGE ( 'NONE', *, *, #4393, .T. ) ;
#3189 = CARTESIAN_POINT ( 'NONE',  ( 9.184850993605150311E-15, -0.001000000000001000089, -75.00000000000001421 ) ) ;
#3190 = EDGE_LOOP ( 'NONE', ( #2855, #1153, #4320, #525 ) ) ;
#3191 = VECTOR ( 'NONE', #2856, 1000.000000000000000 ) ;
#3192 = CARTESIAN_POINT ( 'NONE',  ( 78.00000000000000000, 1355.000000000000227, 47.49999999999994316 ) ) ;
#3193 = ORIENTED_EDGE ( 'NONE', *, *, #1715, .F. ) ;
#3194 = ORIENTED_EDGE ( 'NONE', *, *, #1302, .F. ) ;
#3195 = PRESENTATION_STYLE_ASSIGNMENT (( #2556 ) ) ;
#3196 = ORIENTED_EDGE ( 'NONE', *, *, #499, .F. ) ;
#3197 = CARTESIAN_POINT ( 'NONE',  ( -7.500000000000000000, 20.00000000000003197, 89.99999999999998579 ) ) ;
#3198 = ORIENTED_EDGE ( 'NONE', *, *, #2853, .F. ) ;
#3199 = DIRECTION ( 'NONE',  ( 1.000000000000000000, 0.0000000000000000000, 0.0000000000000000000 ) ) ;
#3200 = DIRECTION ( 'NONE',  ( -0.0000000000000000000, 1.000000000000000000, -0.0000000000000000000 ) ) ;
#3201 = VECTOR ( 'NONE', #2028, 1000.000000000000000 ) ;
#3202 = CARTESIAN_POINT ( 'NONE',  ( 30.00000000000000000, 0.0000000000000000000, -120.5000000000000000 ) ) ;
#3203 = CARTESIAN_POINT ( 'NONE',  ( -68.00000000000000000, 1380.000000000000227, 68.00000000000000000 ) ) ;
#3204 = AXIS2_PLACEMENT_3D ( 'NONE', #284, #1742, #2429 ) ;
#3205 = ORIENTED_EDGE ( 'NONE', *, *, #3476, .T. ) ;
#3206 = DIRECTION ( 'NONE',  ( -0.0000000000000000000, 1.000000000000000000, -0.0000000000000000000 ) ) ;
#3207 = AXIS2_PLACEMENT_3D ( 'NONE', #2739, #2768, #630 ) ;
#3208 = EDGE_CURVE ( 'NONE', #1846, #4512, #880, .T. ) ;
#3209 = CLOSED_SHELL ( 'NONE', ( #24, #3150, #4066, #248, #50, #4286, #2616, #3263, #537, #2961, #914, #2988, #771, #2300, #484, #2735, #121, #1208, #4224, #3680, #1234, #4389, #1133, #920, #1841, #1703, #3419, #2307, #3597, #71, #3491, #2159, #1163, #3490, #3710, #4340, #846, #1878, #2310, #3995, #1679, #2633, #822, #2967, #2609, #410, #2669, #752 ) ) ;
#3210 = FACE_BOUND ( 'NONE', #4592, .T. ) ;
#3211 = DIRECTION ( 'NONE',  ( 0.0000000000000000000, 0.0000000000000000000, -1.000000000000000000 ) ) ;
#3212 = ORIENTED_EDGE ( 'NONE', *, *, #1976, .T. ) ;
#3213 = EDGE_CURVE ( 'NONE', #163, #4263, #767, .T. ) ;
#3214 = PLANE ( 'NONE',  #3510 ) ;
#3215 = CIRCLE ( 'NONE', #3836, 4.500000000000003553 ) ;
#3216 = ORIENTED_EDGE ( 'NONE', *, *, #170, .T. ) ;
#3217 = EDGE_CURVE ( 'NONE', #4471, #1684, #1848, .T. ) ;
#3218 = FACE_OUTER_BOUND ( 'NONE', #178, .T. ) ;
#3219 = DIRECTION ( 'NONE',  ( 0.7071067811865465735, -5.233641528945909416E-17, -0.7071067811865484609 ) ) ;
#3220 = VERTEX_POINT ( 'NONE', #371 ) ;
#3221 = CARTESIAN_POINT ( 'NONE',  ( 0.0000000000000000000, 0.0000000000000000000, 0.0000000000000000000 ) ) ;
#3222 = LINE ( 'NONE', #3657, #308 ) ;
#3223 = ORIENTED_EDGE ( 'NONE', *, *, #3046, .T. ) ;
#3224 = CARTESIAN_POINT ( 'NONE',  ( -124.9999999999999716, 0.0000000000000000000, 125.0000000000000000 ) ) ;
#3225 = VECTOR ( 'NONE', #350, 1000.000000000000000 ) ;
#3226 = DIRECTION ( 'NONE',  ( -1.000000000000000000, 0.0000000000000000000, 0.0000000000000000000 ) ) ;
#3227 = FACE_OUTER_BOUND ( 'NONE', #1944, .T. ) ;
#3228 = STYLED_ITEM ( 'NONE', ( #1784 ), #3685 ) ;
#3229 = EDGE_CURVE ( 'NONE', #2451, #4263, #4087, .T. ) ;
#3230 = DIRECTION ( 'NONE',  ( 0.0000000000000000000, 1.000000000000000000, 0.0000000000000000000 ) ) ;
#3231 = VERTEX_POINT ( 'NONE', #3590 ) ;
#3232 = PLANE ( 'NONE',  #4399 ) ;
#3233 = ORIENTED_EDGE ( 'NONE', *, *, #2710, .T. ) ;
#3234 = EDGE_CURVE ( 'NONE', #67, #3133, #4584, .T. ) ;
#3235 = DIRECTION ( 'NONE',  ( 0.0000000000000000000, 0.0000000000000000000, 1.000000000000000000 ) ) ;
#3236 = ORIENTED_EDGE ( 'NONE', *, *, #703, .T. ) ;
#3237 = ORIENTED_EDGE ( 'NONE', *, *, #811, .T. ) ;
#3238 = EDGE_CURVE ( 'NONE', #1639, #1313, #22, .T. ) ;
#3239 = FACE_BOUND ( 'NONE', #47, .T. ) ;
#3240 = FILL_AREA_STYLE_COLOUR ( '', #2885 ) ;
#3241 =( NAMED_UNIT ( * ) PLANE_ANGLE_UNIT ( ) SI_UNIT ( $, .RADIAN. ) );
#3242 = FACE_OUTER_BOUND ( 'NONE', #4112, .T. ) ;
#3243 = ORIENTED_EDGE ( 'NONE', *, *, #2607, .F. ) ;
#3244 = CARTESIAN_POINT ( 'NONE',  ( 68.00000000000000000, 1380.000000000000227, 67.99999999999995737 ) ) ;
#3245 = VECTOR ( 'NONE', #3290, 1000.000000000000000 ) ;
#3246 = SURFACE_STYLE_USAGE ( .BOTH. , #1456 ) ;
#3247 = VECTOR ( 'NONE', #2858, 1000.000000000000000 ) ;
#3248 = AXIS2_PLACEMENT_3D ( 'NONE', #4632, #3924, #3211 ) ;
#3249 = VERTEX_POINT ( 'NONE', #738 ) ;
#3250 = FACE_OUTER_BOUND ( 'NONE', #717, .T. ) ;
#3251 = MANIFOLD_SOLID_BREP ( 'Gusset3', #2703 ) ;
#3252 = CARTESIAN_POINT ( 'NONE',  ( -114.9999999999999574, 1400.000000000000227, 125.0000000000000000 ) ) ;
#3253 = CARTESIAN_POINT ( 'NONE',  ( 142.5000000000000568, 0.0000000000000000000, 4.969982758673552325E-13 ) ) ;
#3254 = DIRECTION ( 'NONE',  ( -0.0000000000000000000, -1.000000000000000000, -0.0000000000000000000 ) ) ;
#3255 = ORIENTED_EDGE ( 'NONE', *, *, #4354, .F. ) ;
#3256 = AXIS2_PLACEMENT_3D ( 'NONE', #2508, #2118, #3917 ) ;
#3257 = FACE_OUTER_BOUND ( 'NONE', #2371, .T. ) ;
#3258 = FACE_BOUND ( 'NONE', #945, .T. ) ;
#3259 = EDGE_CURVE ( 'NONE', #1579, #2107, #1788, .T. ) ;
#3260 = DIRECTION ( 'NONE',  ( -0.7071067811865480168, 0.0000000000000000000, 0.7071067811865470176 ) ) ;
#3261 = DIRECTION ( 'NONE',  ( 1.000000000000000000, -9.244463733058732095E-33, -1.982541115402069301E-16 ) ) ;
#3262 = SURFACE_STYLE_FILL_AREA ( #4622 ) ;
#3263 = ADVANCED_FACE ( 'NONE', ( #1842 ), #3556, .F. ) ;
#3264 = CARTESIAN_POINT ( 'NONE',  ( -150.0000000000000284, 0.0000000000000000000, -150.0000000000000000 ) ) ;
#3265 = CARTESIAN_POINT ( 'NONE',  ( 90.00000000000000000, 1315.000000000000227, -45.00000000000000000 ) ) ;
#3266 = VERTEX_POINT ( 'NONE', #2285 ) ;
#3267 = AXIS2_PLACEMENT_3D ( 'NONE', #1487, #2939, #4001 ) ;
#3268 = ORIENTED_EDGE ( 'NONE', *, *, #4119, .F. ) ;
#3269 =( NAMED_UNIT ( * ) SI_UNIT ( $, .STERADIAN. ) SOLID_ANGLE_UNIT ( ) );
#3270 = PLANE ( 'NONE',  #2663 ) ;
#3271 = EDGE_CURVE ( 'NONE', #835, #1902, #1671, .T. ) ;
#3272 = CYLINDRICAL_SURFACE ( 'NONE', #441, 3.000000000000002665 ) ;
#3273 = ORIENTED_EDGE ( 'NONE', *, *, #679, .F. ) ;
#3274 = CARTESIAN_POINT ( 'NONE',  ( 7.500000000000000000, 20.00000000000003197, 89.99999999999998579 ) ) ;
#3275 = DIRECTION ( 'NONE',  ( 0.0000000000000000000, 0.0000000000000000000, 1.000000000000000000 ) ) ;
#3276 = EDGE_CURVE ( 'NONE', #3031, #3350, #2959, .T. ) ;
#3277 = ORIENTED_EDGE ( 'NONE', *, *, #3694, .F. ) ;
#3278 = CARTESIAN_POINT ( 'NONE',  ( 124.9999999999999716, 20.00000000000000000, -26.59999999999999787 ) ) ;
#3279 = VECTOR ( 'NONE', #4582, 1000.000000000000114 ) ;
#3280 = ADVANCED_FACE ( 'NONE', ( #3734 ), #3795, .F. ) ;
#3281 = CARTESIAN_POINT ( 'NONE',  ( -69.99999999999998579, 20.00000000000000355, 69.99999999999998579 ) ) ;
#3282 = VERTEX_POINT ( 'NONE', #2254 ) ;
#3283 = ADVANCED_FACE ( 'NONE', ( #2068 ), #1339, .F. ) ;
#3284 = FACE_OUTER_BOUND ( 'NONE', #3458, .T. ) ;
#3285 = CARTESIAN_POINT ( 'NONE',  ( -114.9999999999999574, 1380.000000000000227, -124.9999999999999432 ) ) ;
#3286 = CARTESIAN_POINT ( 'NONE',  ( 0.0000000000000000000, 0.0000000000000000000, 0.0000000000000000000 ) ) ;
#3287 = CARTESIAN_POINT ( 'NONE',  ( 69.99999999999998579, 1380.000000000000227, 69.99999999999998579 ) ) ;
#3288 = ORIENTED_EDGE ( 'NONE', *, *, #2924, .T. ) ;
#3289 = ADVANCED_FACE ( 'NONE', ( #4415 ), #479, .F. ) ;
#3290 = DIRECTION ( 'NONE',  ( -0.0000000000000000000, 1.000000000000000000, -0.0000000000000000000 ) ) ;
#3291 = CARTESIAN_POINT ( 'NONE',  ( -114.9999999999999574, 1380.000000000000227, 125.0000000000000000 ) ) ;
#3292 = ORIENTED_EDGE ( 'NONE', *, *, #1723, .T. ) ;
#3293 = DIRECTION ( 'NONE',  ( 0.0000000000000000000, 0.0000000000000000000, 1.000000000000000000 ) ) ;
#3294 = DIRECTION ( 'NONE',  ( 7.401486830834376525E-17, 1.000000000000000000, 0.0000000000000000000 ) ) ;
#3295 =( NAMED_UNIT ( * ) PLANE_ANGLE_UNIT ( ) SI_UNIT ( $, .RADIAN. ) );
#3296 = ORIENTED_EDGE ( 'NONE', *, *, #3489, .T. ) ;
#3297 = VERTEX_POINT ( 'NONE', #435 ) ;
#3298 =( GEOMETRIC_REPRESENTATION_CONTEXT ( 3 ) GLOBAL_UNCERTAINTY_ASSIGNED_CONTEXT ( ( #4097 ) ) GLOBAL_UNIT_ASSIGNED_CONTEXT ( ( #450, #4067, #502 ) ) REPRESENTATION_CONTEXT ( 'NONE', 'WORKASPACE' ) );
#3299 = CIRCLE ( 'NONE', #4260, 2.499999999999946709 ) ;
#3300 = EDGE_CURVE ( 'NONE', #2539, #782, #2788, .T. ) ;
#3301 = PLANE ( 'NONE',  #2380 ) ;
#3302 = CARTESIAN_POINT ( 'NONE',  ( -7.500000000000000000, 220.0000000000000284, -90.00000000000000000 ) ) ;
#3303 = ORIENTED_EDGE ( 'NONE', *, *, #783, .T. ) ;
#3304 = DIRECTION ( 'NONE',  ( -0.0000000000000000000, -1.000000000000000000, -0.0000000000000000000 ) ) ;
#3305 = ORIENTED_EDGE ( 'NONE', *, *, #2449, .T. ) ;
#3306 = PRESENTATION_STYLE_ASSIGNMENT (( #2926 ) ) ;
#3307 = EDGE_CURVE ( 'NONE', #2400, #733, #3343, .T. ) ;
#3308 = ORIENTED_EDGE ( 'NONE', *, *, #2471, .T. ) ;
#3309 = DIRECTION ( 'NONE',  ( 0.0000000000000000000, 0.0000000000000000000, -1.000000000000000000 ) ) ;
#3310 = ADVANCED_FACE ( 'NONE', ( #2852 ), #3662, .T. ) ;
#3311 =( NAMED_UNIT ( * ) PLANE_ANGLE_UNIT ( ) SI_UNIT ( $, .RADIAN. ) );
#3312 = ADVANCED_FACE ( 'NONE', ( #590 ), #911, .T. ) ;
#3313 = ORIENTED_EDGE ( 'NONE', *, *, #1399, .T. ) ;
#3314 = DIRECTION ( 'NONE',  ( -0.0000000000000000000, 1.000000000000000000, -0.0000000000000000000 ) ) ;
#3315 = PLANE ( 'NONE',  #4312 ) ;
#3316 = UNCERTAINTY_MEASURE_WITH_UNIT (LENGTH_MEASURE( 1.000000000000000082E-05 ), #4623, 'distance_accuracy_value', 'NONE');
#3317 = CARTESIAN_POINT ( 'NONE',  ( 7.499999999999989342, 70.00000000000001421, -139.9999999999999716 ) ) ;
#3318 = VECTOR ( 'NONE', #4568, 1000.000000000000000 ) ;
#3319 = DIRECTION ( 'NONE',  ( -4.622231866529366047E-33, 1.000000000000000000, -1.653254120790692886E-33 ) ) ;
#3320 = DIRECTION ( 'NONE',  ( 1.000000000000000000, 0.0000000000000000000, 0.0000000000000000000 ) ) ;
#3321 = ORIENTED_EDGE ( 'NONE', *, *, #2120, .T. ) ;
#3322 = VECTOR ( 'NONE', #1533, 1000.000000000000000 ) ;
#3323 = DIRECTION ( 'NONE',  ( 0.0000000000000000000, 0.0000000000000000000, 1.000000000000000000 ) ) ;
#3324 = LINE ( 'NONE', #1668, #1380 ) ;
#3325 = DIRECTION ( 'NONE',  ( 0.0000000000000000000, 0.0000000000000000000, 1.000000000000000000 ) ) ;
#3326 = ORIENTED_EDGE ( 'NONE', *, *, #3550, .T. ) ;
#3327 = ADVANCED_FACE ( 'NONE', ( #760 ), #514, .T. ) ;
#3328 = FACE_OUTER_BOUND ( 'NONE', #1979, .T. ) ;
#3329 =( LENGTH_UNIT ( ) NAMED_UNIT ( * ) SI_UNIT ( .MILLI., .METRE. ) );
#3330 = ORIENTED_EDGE ( 'NONE', *, *, #139, .T. ) ;
#3331 = CARTESIAN_POINT ( 'NONE',  ( 7.500000000000000000, -0.001000000000001000089, -150.0000000000000284 ) ) ;
#3332 = EDGE_CURVE ( 'NONE', #733, #1021, #4082, .T. ) ;
#3333 = VECTOR ( 'NONE', #3199, 1000.000000000000000 ) ;
#3334 = ORIENTED_EDGE ( 'NONE', *, *, #4536, .T. ) ;
#3335 = DIRECTION ( 'NONE',  ( -0.0000000000000000000, 1.000000000000000000, -0.0000000000000000000 ) ) ;
#3336 = CYLINDRICAL_SURFACE ( 'NONE', #1059, 7.499999999999992895 ) ;
#3337 = AXIS2_PLACEMENT_3D ( 'NONE', #3989, #3294, #1874 ) ;
#3338 = DIRECTION ( 'NONE',  ( 0.0000000000000000000, 0.0000000000000000000, -1.000000000000000000 ) ) ;
#3339 = VERTEX_POINT ( 'NONE', #3394 ) ;
#3340 = SURFACE_SIDE_STYLE ('',( #1583 ) ) ;
#3341 = FACE_OUTER_BOUND ( 'NONE', #3004, .T. ) ;
#3342 = CARTESIAN_POINT ( 'NONE',  ( -145.0000000000000284, 20.00000000000000000, -145.0000000000000568 ) ) ;
#3343 = CIRCLE ( 'NONE', #714, 2.499999999999946709 ) ;
#3344 = ORIENTED_EDGE ( 'NONE', *, *, #3307, .F. ) ;
#3345 = PRESENTATION_LAYER_ASSIGNMENT (  '', '', ( #57 ) ) ;
#3346 = DIRECTION ( 'NONE',  ( 0.0000000000000000000, 1.000000000000000000, 0.0000000000000000000 ) ) ;
#3347 = CARTESIAN_POINT ( 'NONE',  ( 150.0000000000000284, 0.0000000000000000000, 139.9999999999999716 ) ) ;
#3348 = CYLINDRICAL_SURFACE ( 'NONE', #1391, 3.400000000000000355 ) ;
#3349 = EDGE_CURVE ( 'NONE', #163, #2979, #4465, .T. ) ;
#3350 = VERTEX_POINT ( 'NONE', #4131 ) ;
#3351 = CARTESIAN_POINT ( 'NONE',  ( -62.50000000000002842, 1400.000000000000227, 7.654042494670957804E-15 ) ) ;
#3352 = COLOUR_RGB ( '',1.000000000000000000, 1.000000000000000000, 1.000000000000000000 ) ;
#3353 = ADVANCED_FACE ( 'NONE', ( #3227 ), #1981, .F. ) ;
#3354 = CARTESIAN_POINT ( 'NONE',  ( -90.00000000000000000, 1380.000000000000227, 90.00000000000000000 ) ) ;
#3355 = ORIENTED_EDGE ( 'NONE', *, *, #1760, .F. ) ;
#3356 = PRODUCT_DEFINITION_FORMATION_WITH_SPECIFIED_SOURCE ( 'ANY', '', #3502, .NOT_KNOWN. ) ;
#3357 = ORIENTED_EDGE ( 'NONE', *, *, #2164, .F. ) ;
#3358 = ADVANCED_FACE ( 'NONE', ( #3068 ), #2362, .F. ) ;
#3359 = LINE ( 'NONE', #1123, #1076 ) ;
#3360 = DIRECTION ( 'NONE',  ( 4.622231866529366047E-33, -1.000000000000000000, -1.653254120790692886E-33 ) ) ;
#3361 = VECTOR ( 'NONE', #2382, 1000.000000000000000 ) ;
#3362 = CARTESIAN_POINT ( 'NONE',  ( -150.0000000000001137, 0.0000000000000000000, 7.499999999998428812 ) ) ;
#3363 = VERTEX_POINT ( 'NONE', #164 ) ;
#3364 = EDGE_CURVE ( 'NONE', #3759, #500, #193, .T. ) ;
#3365 = FACE_BOUND ( 'NONE', #4070, .T. ) ;
#3366 = VECTOR ( 'NONE', #2823, 1000.000000000000000 ) ;
#3367 = DIRECTION ( 'NONE',  ( 1.000000000000000000, -0.0000000000000000000, -0.0000000000000000000 ) ) ;
#3368 = CARTESIAN_POINT ( 'NONE',  ( 90.00000000000000000, 20.00000000000001776, -7.500000000000013323 ) ) ;
#3369 = ORIENTED_EDGE ( 'NONE', *, *, #1125, .F. ) ;
#3370 = EDGE_CURVE ( 'NONE', #2625, #2944, #2309, .T. ) ;
#3371 = DIRECTION ( 'NONE',  ( 0.1961161351381840168, 0.9805806756909201116, 0.0000000000000000000 ) ) ;
#3372 = ORIENTED_EDGE ( 'NONE', *, *, #4213, .T. ) ;
#3373 = CARTESIAN_POINT ( 'NONE',  ( 7.500000000000009770, 20.00000000000001776, 139.9999999999999716 ) ) ;
#3374 = VECTOR ( 'NONE', #2057, 1000.000000000000000 ) ;
#3375 = STYLED_ITEM ( 'NONE', ( #2698 ), #2082 ) ;
#3376 = ORIENTED_EDGE ( 'NONE', *, *, #4061, .F. ) ;
#3377 = DIRECTION ( 'NONE',  ( 0.7071067811865474617, -0.0000000000000000000, -0.7071067811865474617 ) ) ;
#3378 = PRESENTATION_STYLE_ASSIGNMENT (( #1863 ) ) ;
#3379 = ORIENTED_EDGE ( 'NONE', *, *, #3701, .T. ) ;
#3380 = AXIS2_PLACEMENT_3D ( 'NONE', #1595, #2450, #272 ) ;
#3381 = EDGE_CURVE ( 'NONE', #3127, #1519, #4642, .T. ) ;
#3382 = ORIENTED_EDGE ( 'NONE', *, *, #3880, .T. ) ;
#3383 = AXIS2_PLACEMENT_3D ( 'NONE', #3, #1871, #416 ) ;
#3384 = DIRECTION ( 'NONE',  ( 0.0000000000000000000, -1.000000000000000000, 0.0000000000000000000 ) ) ;
#3385 = VERTEX_POINT ( 'NONE', #3093 ) ;
#3386 = LINE ( 'NONE', #3780, #3549 ) ;
#3387 = CARTESIAN_POINT ( 'NONE',  ( 0.0000000000000000000, 20.00000000000000000, 0.0000000000000000000 ) ) ;
#3388 = EDGE_CURVE ( 'NONE', #4263, #351, #1002, .T. ) ;
#3389 = ORIENTED_EDGE ( 'NONE', *, *, #170, .F. ) ;
#3390 = FACE_OUTER_BOUND ( 'NONE', #1751, .T. ) ;
#3391 = UNCERTAINTY_MEASURE_WITH_UNIT (LENGTH_MEASURE( 1.000000000000000082E-05 ), #4450, 'distance_accuracy_value', 'NONE');
#3392 = VECTOR ( 'NONE', #3480, 1000.000000000000000 ) ;
#3393 = VERTEX_POINT ( 'NONE', #625 ) ;
#3394 = CARTESIAN_POINT ( 'NONE',  ( 7.500000000000000000, 20.00000000000003197, 89.99999999999998579 ) ) ;
#3395 = AXIS2_PLACEMENT_3D ( 'NONE', #3252, #3219, #2166 ) ;
#3396 = COLOUR_RGB ( '',1.000000000000000000, 1.000000000000000000, 1.000000000000000000 ) ;
#3397 = EDGE_LOOP ( 'NONE', ( #2807, #1873, #2260, #3858 ) ) ;
#3398 = CARTESIAN_POINT ( 'NONE',  ( -69.99999999999998579, 1380.000000000000227, 69.99999999999998579 ) ) ;
#3399 = ORIENTED_EDGE ( 'NONE', *, *, #4325, .T. ) ;
#3400 = DIRECTION ( 'NONE',  ( 0.0000000000000000000, 0.0000000000000000000, 1.000000000000000000 ) ) ;
#3401 = EDGE_LOOP ( 'NONE', ( #3233, #3820, #2366, #1835 ) ) ;
#3402 = ADVANCED_FACE ( 'NONE', ( #2132 ), #570, .F. ) ;
#3403 = ORIENTED_EDGE ( 'NONE', *, *, #978, .T. ) ;
#3404 = VERTEX_POINT ( 'NONE', #2066 ) ;
#3405 = COLOUR_RGB ( '',1.000000000000000000, 1.000000000000000000, 1.000000000000000000 ) ;
#3406 = VECTOR ( 'NONE', #1046, 1000.000000000000000 ) ;
#3407 = MECHANICAL_DESIGN_GEOMETRIC_PRESENTATION_REPRESENTATION (  '', ( #1755 ), #2177 ) ;
#3408 = ORIENTED_EDGE ( 'NONE', *, *, #2948, .T. ) ;
#3409 = DIRECTION ( 'NONE',  ( 1.000000000000000000, 0.0000000000000000000, 0.0000000000000000000 ) ) ;
#3410 = EDGE_CURVE ( 'NONE', #3363, #4022, #2898, .T. ) ;
#3411 = ORIENTED_EDGE ( 'NONE', *, *, #1517, .T. ) ;
#3412 = LINE ( 'NONE', #3113, #2492 ) ;
#3413 = DIRECTION ( 'NONE',  ( -0.0000000000000000000, 1.000000000000000000, -0.0000000000000000000 ) ) ;
#3414 = ORIENTED_EDGE ( 'NONE', *, *, #2853, .T. ) ;
#3415 = AXIS2_PLACEMENT_3D ( 'NONE', #1536, #4031, #414 ) ;
#3416 = CARTESIAN_POINT ( 'NONE',  ( 150.0000000000000284, 0.0000000000000000000, 150.0000000000000000 ) ) ;
#3417 = CARTESIAN_POINT ( 'NONE',  ( -68.00000000000000000, 20.00000000000000355, 68.00000000000000000 ) ) ;
#3418 = CARTESIAN_POINT ( 'NONE',  ( 149.9999999999999716, 20.00000000000000000, -139.9999999999999716 ) ) ;
#3419 = ADVANCED_FACE ( 'NONE', ( #252 ), #1721, .F. ) ;
#3420 = ORIENTED_EDGE ( 'NONE', *, *, #3965, .F. ) ;
#3421 = DIRECTION ( 'NONE',  ( -0.0000000000000000000, 1.000000000000000000, -0.0000000000000000000 ) ) ;
#3422 = AXIS2_PLACEMENT_3D ( 'NONE', #3528, #3897, #1431 ) ;
#3423 = PLANE ( 'NONE',  #696 ) ;
#3424 = VERTEX_POINT ( 'NONE', #962 ) ;
#3425 = CARTESIAN_POINT ( 'NONE',  ( -149.9999999999999432, -0.001000000000001000089, -7.500000000001570299 ) ) ;
#3426 = VECTOR ( 'NONE', #3583, 1000.000000000000000 ) ;
#3427 = EDGE_LOOP ( 'NONE', ( #802, #2175, #2606, #1452 ) ) ;
#3428 = DIRECTION ( 'NONE',  ( -0.0000000000000000000, 1.000000000000000000, -0.0000000000000000000 ) ) ;
#3429 = FACE_OUTER_BOUND ( 'NONE', #2894, .T. ) ;
#3430 = STYLED_ITEM ( 'NONE', ( #2615 ), #3803 ) ;
#3431 = VERTEX_POINT ( 'NONE', #2101 ) ;
#3432 = DIRECTION ( 'NONE',  ( 0.0000000000000000000, 0.0000000000000000000, 1.000000000000000000 ) ) ;
#3433 = PLANE ( 'NONE',  #1599 ) ;
#3434 = CARTESIAN_POINT ( 'NONE',  ( 115.0000000000000711, 1380.000000000000227, 125.0000000000000000 ) ) ;
#3435 = VECTOR ( 'NONE', #562, 1000.000000000000000 ) ;
#3436 = ORIENTED_EDGE ( 'NONE', *, *, #2908, .T. ) ;
#3437 = AXIS2_PLACEMENT_3D ( 'NONE', #3425, #934, #197 ) ;
#3438 = FILL_AREA_STYLE_COLOUR ( '', #533 ) ;
#3439 = EDGE_CURVE ( 'NONE', #1409, #1724, #1333, .T. ) ;
#3440 = CARTESIAN_POINT ( 'NONE',  ( 125.0000000000000568, 1400.000000000000227, -114.9999999999999858 ) ) ;
#3441 =( NAMED_UNIT ( * ) SI_UNIT ( $, .STERADIAN. ) SOLID_ANGLE_UNIT ( ) );
#3442 = CARTESIAN_POINT ( 'NONE',  ( -90.00000000000000000, 1380.000000000000227, -69.99999999999982947 ) ) ;
#3443 = LINE ( 'NONE', #566, #4191 ) ;
#3444 = ORIENTED_EDGE ( 'NONE', *, *, #2621, .T. ) ;
#3445 = CARTESIAN_POINT ( 'NONE',  ( 70.00000000000000000, 1400.000000000000227, -95.00000000000000000 ) ) ;
#3446 = UNCERTAINTY_MEASURE_WITH_UNIT (LENGTH_MEASURE( 1.000000000000000082E-05 ), #1136, 'distance_accuracy_value', 'NONE');
#3447 = EDGE_CURVE ( 'NONE', #4370, #42, #359, .T. ) ;
#3448 = CARTESIAN_POINT ( 'NONE',  ( -70.00000000000000000, 1400.000000000000227, 95.00000000000000000 ) ) ;
#3449 = VERTEX_POINT ( 'NONE', #3434 ) ;
#3450 = COLOUR_RGB ( '',1.000000000000000000, 1.000000000000000000, 1.000000000000000000 ) ;
#3451 = CARTESIAN_POINT ( 'NONE',  ( -140.0000000000000000, 20.00000000000000000, -150.0000000000000000 ) ) ;
#3452 = CARTESIAN_POINT ( 'NONE',  ( -69.99999999999985789, 20.00000000000000355, -89.99999999999997158 ) ) ;
#3453 = ORIENTED_EDGE ( 'NONE', *, *, #2190, .T. ) ;
#3454 = AXIS2_PLACEMENT_3D ( 'NONE', #290, #636, #1757 ) ;
#3455 =( NAMED_UNIT ( * ) PLANE_ANGLE_UNIT ( ) SI_UNIT ( $, .RADIAN. ) );
#3456 = VECTOR ( 'NONE', #3117, 1000.000000000000000 ) ;
#3457 = DIRECTION ( 'NONE',  ( 0.0000000000000000000, 0.0000000000000000000, 1.000000000000000000 ) ) ;
#3458 = EDGE_LOOP ( 'NONE', ( #4547, #2878, #8, #536 ) ) ;
#3459 = DIRECTION ( 'NONE',  ( -0.0000000000000000000, 1.000000000000000000, -0.0000000000000000000 ) ) ;
#3460 = ORIENTED_EDGE ( 'NONE', *, *, #3464, .F. ) ;
#3461 = LINE ( 'NONE', #1953, #3140 ) ;
#3462 = VECTOR ( 'NONE', #2719, 1000.000000000000000 ) ;
#3463 =( GEOMETRIC_REPRESENTATION_CONTEXT ( 3 ) GLOBAL_UNCERTAINTY_ASSIGNED_CONTEXT ( ( #2158 ) ) GLOBAL_UNIT_ASSIGNED_CONTEXT ( ( #2367, #2023, #547 ) ) REPRESENTATION_CONTEXT ( 'NONE', 'WORKASPACE' ) );
#3464 = EDGE_CURVE ( 'NONE', #1964, #2822, #2519, .T. ) ;
#3465 = ORIENTED_EDGE ( 'NONE', *, *, #1581, .T. ) ;
#3466 = FACE_OUTER_BOUND ( 'NONE', #476, .T. ) ;
#3467 = CARTESIAN_POINT ( 'NONE',  ( 62.49999999999997868, 1400.000000000000227, 0.0000000000000000000 ) ) ;
#3468 = ORIENTED_EDGE ( 'NONE', *, *, #3364, .F. ) ;
#3469 = CARTESIAN_POINT ( 'NONE',  ( 124.9999999999999716, 20.00000000000000000, 125.0000000000000000 ) ) ;
#3470 = FACE_OUTER_BOUND ( 'NONE', #2354, .T. ) ;
#3471 = CARTESIAN_POINT ( 'NONE',  ( 149.9999999999999716, 20.00000000000000000, -150.0000000000000000 ) ) ;
#3472 = ORIENTED_EDGE ( 'NONE', *, *, #876, .F. ) ;
#3473 = DIRECTION ( 'NONE',  ( -0.0000000000000000000, 1.000000000000000000, -0.0000000000000000000 ) ) ;
#3474 = SURFACE_STYLE_FILL_AREA ( #406 ) ;
#3475 = CARTESIAN_POINT ( 'NONE',  ( 7.500000000000000000, -0.001000000000001000089, -150.0000000000000284 ) ) ;
#3476 = EDGE_CURVE ( 'NONE', #2567, #1099, #2618, .T. ) ;
#3477 = DIRECTION ( 'NONE',  ( 0.0000000000000000000, 1.000000000000000000, 0.0000000000000000000 ) ) ;
#3478 = ORIENTED_EDGE ( 'NONE', *, *, #3028, .T. ) ;
#3479 = AXIS2_PLACEMENT_3D ( 'NONE', #806, #54, #793 ) ;
#3480 = DIRECTION ( 'NONE',  ( -0.0000000000000000000, 1.000000000000000000, -0.0000000000000000000 ) ) ;
#3481 = ORIENTED_EDGE ( 'NONE', *, *, #254, .T. ) ;
#3482 = CARTESIAN_POINT ( 'NONE',  ( -67.99999999999991473, 20.00000000000000355, 78.00000000000000000 ) ) ;
#3483 = CIRCLE ( 'NONE', #4626, 4.500000000000003553 ) ;
#3484 = AXIS2_PLACEMENT_3D ( 'NONE', #3749, #3078, #2325 ) ;
#3485 = FILL_AREA_STYLE_COLOUR ( '', #2213 ) ;
#3486 = CARTESIAN_POINT ( 'NONE',  ( -30.00000000000001421, 20.00000000000000000, -125.0000000000000000 ) ) ;
#3487 = CARTESIAN_POINT ( 'NONE',  ( 125.0000000000000568, 1400.000000000000227, 115.0000000000000142 ) ) ;
#3488 = ORIENTED_EDGE ( 'NONE', *, *, #4571, .F. ) ;
#3489 = EDGE_CURVE ( 'NONE', #1038, #3630, #1058, .T. ) ;
#3490 = ADVANCED_FACE ( 'NONE', ( #702 ), #2184, .F. ) ;
#3491 = ADVANCED_FACE ( 'NONE', ( #1665 ), #3904, .F. ) ;
#3492 = CARTESIAN_POINT ( 'NONE',  ( 124.9999999999999716, 20.00000000000000000, -125.0000000000000000 ) ) ;
#3493 = LINE ( 'NONE', #3939, #1326 ) ;
#3494 = ORIENTED_EDGE ( 'NONE', *, *, #2412, .T. ) ;
#3495 = CARTESIAN_POINT ( 'NONE',  ( 124.9999999999999716, 20.00000000000000000, -132.5000000000000000 ) ) ;
#3496 = LINE ( 'NONE', #1304, #1500 ) ;
#3497 = AXIS2_PLACEMENT_3D ( 'NONE', #2100, #979, #2117 ) ;
#3498 = CARTESIAN_POINT ( 'NONE',  ( 0.0000000000000000000, 1.387778780781445676E-14, -7.500000000000013323 ) ) ;
#3499 = VERTEX_POINT ( 'NONE', #2793 ) ;
#3500 = VECTOR ( 'NONE', #242, 1000.000000000000000 ) ;
#3501 = EDGE_CURVE ( 'NONE', #2862, #1434, #3012, .T. ) ;
#3502 = PRODUCT ( '4GAA0021201010014X', '4GAA0021201010014X', '', ( #1933 ) ) ;
#3503 = VERTEX_POINT ( 'NONE', #638 ) ;
#3504 = DIRECTION ( 'NONE',  ( 0.0000000000000000000, 1.000000000000000000, 0.0000000000000000000 ) ) ;
#3505 = DIRECTION ( 'NONE',  ( -0.0000000000000000000, -1.000000000000000000, -0.0000000000000000000 ) ) ;
#3506 = LINE ( 'NONE', #2563, #1677 ) ;
#3507 = FILL_AREA_STYLE ('',( #4540 ) ) ;
#3508 = ORIENTED_EDGE ( 'NONE', *, *, #4204, .T. ) ;
#3509 = SURFACE_SIDE_STYLE ('',( #4206 ) ) ;
#3510 = AXIS2_PLACEMENT_3D ( 'NONE', #331, #2517, #1765 ) ;
#3511 =( LENGTH_UNIT ( ) NAMED_UNIT ( * ) SI_UNIT ( .MILLI., .METRE. ) );
#3512 = FACE_OUTER_BOUND ( 'NONE', #1463, .T. ) ;
#3513 = VERTEX_POINT ( 'NONE', #588 ) ;
#3514 = ORIENTED_EDGE ( 'NONE', *, *, #4254, .F. ) ;
#3515 = DIRECTION ( 'NONE',  ( 0.0000000000000000000, 0.0000000000000000000, 1.000000000000000000 ) ) ;
#3516 = CARTESIAN_POINT ( 'NONE',  ( -69.99999999999985789, 1380.000000000000227, -89.99999999999997158 ) ) ;
#3517 = SURFACE_STYLE_FILL_AREA ( #847 ) ;
#3518 = PRESENTATION_LAYER_ASSIGNMENT (  '', '', ( #3572 ) ) ;
#3519 = ORIENTED_EDGE ( 'NONE', *, *, #4610, .F. ) ;
#3520 = ORIENTED_EDGE ( 'NONE', *, *, #1901, .T. ) ;
#3521 = EDGE_CURVE ( 'NONE', #788, #67, #4077, .T. ) ;
#3522 = VECTOR ( 'NONE', #3626, 1000.000000000000000 ) ;
#3523 = CARTESIAN_POINT ( 'NONE',  ( 0.0000000000000000000, 1.387778780781445676E-14, 7.499999999999985789 ) ) ;
#3524 = FACE_OUTER_BOUND ( 'NONE', #1089, .T. ) ;
#3525 = CIRCLE ( 'NONE', #1411, 9.999999999999994671 ) ;
#3526 = VERTEX_POINT ( 'NONE', #3008 ) ;
#3527 = VECTOR ( 'NONE', #326, 1000.000000000000000 ) ;
#3528 = CARTESIAN_POINT ( 'NONE',  ( 30.00000000000001421, 20.00000000000000000, 125.0000000000000000 ) ) ;
#3529 = AXIS2_PLACEMENT_3D ( 'NONE', #2004, #2336, #1297 ) ;
#3530 = ORIENTED_EDGE ( 'NONE', *, *, #2316, .F. ) ;
#3531 = CARTESIAN_POINT ( 'NONE',  ( -124.9999999999999432, 1380.000000000000227, 115.0000000000000426 ) ) ;
#3532 = CARTESIAN_POINT ( 'NONE',  ( -70.00000000000000000, 1400.000000000000227, 95.00000000000000000 ) ) ;
#3533 = DIRECTION ( 'NONE',  ( -0.0000000000000000000, 1.000000000000000000, -0.0000000000000000000 ) ) ;
#3534 = AXIS2_PLACEMENT_3D ( 'NONE', #1158, #790, #1922 ) ;
#3535 = ADVANCED_FACE ( 'NONE', ( #3121 ), #1538, .F. ) ;
#3536 = DIRECTION ( 'NONE',  ( 1.000000000000000000, 2.049870396302940066E-34, -3.081487911019577365E-33 ) ) ;
#3537 = DIRECTION ( 'NONE',  ( 0.0000000000000000000, 1.000000000000000000, 0.0000000000000000000 ) ) ;
#3538 = ORIENTED_EDGE ( 'NONE', *, *, #2515, .F. ) ;
#3539 = EDGE_CURVE ( 'NONE', #1519, #2834, #4407, .T. ) ;
#3540 = ORIENTED_EDGE ( 'NONE', *, *, #4385, .T. ) ;
#3541 = CIRCLE ( 'NONE', #1031, 3.400000000000000355 ) ;
#3542 = AXIS2_PLACEMENT_3D ( 'NONE', #3387, #3346, #4494 ) ;
#3543 = ORIENTED_EDGE ( 'NONE', *, *, #31, .T. ) ;
#3544 = CARTESIAN_POINT ( 'NONE',  ( 67.99999999999998579, 1380.000000000000227, -68.00000000000000000 ) ) ;
#3545 = ORIENTED_EDGE ( 'NONE', *, *, #4393, .F. ) ;
#3546 = AXIS2_PLACEMENT_3D ( 'NONE', #4023, #2995, #2978 ) ;
#3547 = DIRECTION ( 'NONE',  ( -1.000000000000000000, -3.851859888774471706E-33, 1.982541115402069301E-16 ) ) ;
#3548 = DIRECTION ( 'NONE',  ( -0.0000000000000000000, -1.000000000000000000, -0.0000000000000000000 ) ) ;
#3549 = VECTOR ( 'NONE', #4150, 1000.000000000000000 ) ;
#3550 = EDGE_CURVE ( 'NONE', #3009, #4361, #3443, .T. ) ;
#3551 = VERTEX_POINT ( 'NONE', #493 ) ;
#3552 = VECTOR ( 'NONE', #2958, 1000.000000000000114 ) ;
#3553 = PLANE ( 'NONE',  #2565 ) ;
#3554 = DIRECTION ( 'NONE',  ( 0.1961161351381840168, -0.9805806756909201116, -1.540743955509788511E-33 ) ) ;
#3555 = EDGE_LOOP ( 'NONE', ( #2295, #4291 ) ) ;
#3556 = CYLINDRICAL_SURFACE ( 'NONE', #3692, 4.500000000000003553 ) ;
#3557 = DIRECTION ( 'NONE',  ( -0.0000000000000000000, -1.000000000000000000, -0.0000000000000000000 ) ) ;
#3558 = CARTESIAN_POINT ( 'NONE',  ( -110.0000000000000000, 220.0000000000000284, 7.500000000000013323 ) ) ;
#3559 = ORIENTED_EDGE ( 'NONE', *, *, #1006, .T. ) ;
#3560 = EDGE_CURVE ( 'NONE', #2327, #3786, #188, .T. ) ;
#3561 = DIRECTION ( 'NONE',  ( -1.000000000000000000, -0.0000000000000000000, -0.0000000000000000000 ) ) ;
#3562 = ORIENTED_EDGE ( 'NONE', *, *, #3725, .F. ) ;
#3563 = LINE ( 'NONE', #906, #3856 ) ;
#3564 =( LENGTH_UNIT ( ) NAMED_UNIT ( * ) SI_UNIT ( .MILLI., .METRE. ) );
#3565 = VERTEX_POINT ( 'NONE', #4189 ) ;
#3566 = AXIS2_PLACEMENT_3D ( 'NONE', #1762, #3890, #341 ) ;
#3567 = ORIENTED_EDGE ( 'NONE', *, *, #627, .F. ) ;
#3568 = ORIENTED_EDGE ( 'NONE', *, *, #2154, .T. ) ;
#3569 = FACE_OUTER_BOUND ( 'NONE', #1799, .T. ) ;
#3570 = DIRECTION ( 'NONE',  ( -1.020425574104005602E-16, -0.0000000000000000000, -1.000000000000000000 ) ) ;
#3571 = ORIENTED_EDGE ( 'NONE', *, *, #3370, .T. ) ;
#3572 = STYLED_ITEM ( 'NONE', ( #2740 ), #1946 ) ;
#3573 = FACE_OUTER_BOUND ( 'NONE', #878, .T. ) ;
#3574 = ORIENTED_EDGE ( 'NONE', *, *, #2672, .F. ) ;
#3575 = CARTESIAN_POINT ( 'NONE',  ( -149.9999999999999716, 0.0000000000000000000, 139.9999999999999716 ) ) ;
#3576 = DIRECTION ( 'NONE',  ( -0.0000000000000000000, 1.000000000000000000, -0.0000000000000000000 ) ) ;
#3577 = FACE_OUTER_BOUND ( 'NONE', #1508, .T. ) ;
#3578 = DIRECTION ( 'NONE',  ( 0.0000000000000000000, -3.081487911019577365E-33, -1.000000000000000000 ) ) ;
#3579 = DIRECTION ( 'NONE',  ( 0.0000000000000000000, 0.0000000000000000000, -1.000000000000000000 ) ) ;
#3580 = CIRCLE ( 'NONE', #3479, 4.499999999999990230 ) ;
#3581 = PRESENTATION_LAYER_ASSIGNMENT (  '', '', ( #1685 ) ) ;
#3582 = CARTESIAN_POINT ( 'NONE',  ( -114.9999999999999574, 1400.000000000000227, 125.0000000000000000 ) ) ;
#3583 = DIRECTION ( 'NONE',  ( -1.000000000000000000, -2.049870396302940066E-34, 3.081487911019577365E-33 ) ) ;
#3584 = DIRECTION ( 'NONE',  ( 3.081487911019577365E-33, 0.0000000000000000000, -1.000000000000000000 ) ) ;
#3585 = EDGE_CURVE ( 'NONE', #1236, #4370, #584, .T. ) ;
#3586 = ORIENTED_EDGE ( 'NONE', *, *, #1334, .F. ) ;
#3587 = CONTEXT_DEPENDENT_SHAPE_REPRESENTATION ( #44, #4243 ) ;
#3588 = CARTESIAN_POINT ( 'NONE',  ( 70.00000000000000000, 1380.000000000000227, -95.00000000000000000 ) ) ;
#3589 = SURFACE_SIDE_STYLE ('',( #2510 ) ) ;
#3590 = CARTESIAN_POINT ( 'NONE',  ( -69.99999999999985789, 20.00000000000000355, 90.00000000000000000 ) ) ;
#3591 = ORIENTED_EDGE ( 'NONE', *, *, #2056, .T. ) ;
#3592 = PRESENTATION_LAYER_ASSIGNMENT (  '', '', ( #3135 ) ) ;
#3593 = DIRECTION ( 'NONE',  ( 0.0000000000000000000, 0.0000000000000000000, 1.000000000000000000 ) ) ;
#3594 = LINE ( 'NONE', #2594, #1895 ) ;
#3595 = DIRECTION ( 'NONE',  ( 0.0000000000000000000, 0.0000000000000000000, 1.000000000000000000 ) ) ;
#3596 = EDGE_LOOP ( 'NONE', ( #430, #544 ) ) ;
#3597 = ADVANCED_FACE ( 'NONE', ( #2243 ), #3336, .F. ) ;
#3598 =( GEOMETRIC_REPRESENTATION_CONTEXT ( 3 ) GLOBAL_UNCERTAINTY_ASSIGNED_CONTEXT ( ( #1750 ) ) GLOBAL_UNIT_ASSIGNED_CONTEXT ( ( #4072, #420, #4432 ) ) REPRESENTATION_CONTEXT ( 'NONE', 'WORKASPACE' ) );
#3599 = CARTESIAN_POINT ( 'NONE',  ( 124.9999999999999716, 20.00000000000000000, 30.00000000000000000 ) ) ;
#3600 = CARTESIAN_POINT ( 'NONE',  ( 77.99999999999998579, 1380.000000000000227, -67.99999999999991473 ) ) ;
#3601 = ORIENTED_EDGE ( 'NONE', *, *, #4502, .T. ) ;
#3602 = DIRECTION ( 'NONE',  ( -0.0000000000000000000, -1.000000000000000000, -0.0000000000000000000 ) ) ;
#3603 = VECTOR ( 'NONE', #833, 1000.000000000000000 ) ;
#3604 = LINE ( 'NONE', #3495, #2840 ) ;
#3605 = ORIENTED_EDGE ( 'NONE', *, *, #3464, .T. ) ;
#3606 = DIRECTION ( 'NONE',  ( 0.7071067811865541231, 0.0000000000000000000, -0.7071067811865409114 ) ) ;
#3607 = CIRCLE ( 'NONE', #1064, 2.499999999999946709 ) ;
#3608 =( NAMED_UNIT ( * ) SI_UNIT ( $, .STERADIAN. ) SOLID_ANGLE_UNIT ( ) );
#3609 = CARTESIAN_POINT ( 'NONE',  ( 149.9999999999999716, 0.0000000000000000000, -150.0000000000000000 ) ) ;
#3610 =( GEOMETRIC_REPRESENTATION_CONTEXT ( 3 ) GLOBAL_UNCERTAINTY_ASSIGNED_CONTEXT ( ( #4441 ) ) GLOBAL_UNIT_ASSIGNED_CONTEXT ( ( #3511, #2475, #1716 ) ) REPRESENTATION_CONTEXT ( 'NONE', 'WORKASPACE' ) );
#3611 = EDGE_CURVE ( 'NONE', #1310, #2801, #246, .T. ) ;
#3612 = CARTESIAN_POINT ( 'NONE',  ( 140.0000000000000000, 20.00000000000001776, 7.499999999999985789 ) ) ;
#3613 = ORIENTED_EDGE ( 'NONE', *, *, #1745, .F. ) ;
#3614 = CARTESIAN_POINT ( 'NONE',  ( 90.00000000000000000, 1315.000000000000227, 45.00000000000000000 ) ) ;
#3615 = DIRECTION ( 'NONE',  ( -1.000000000000000000, 1.573356716244963174E-33, 0.0000000000000000000 ) ) ;
#3616 = AXIS2_PLACEMENT_3D ( 'NONE', #644, #2220, #4303 ) ;
#3617 = ORIENTED_EDGE ( 'NONE', *, *, #4620, .T. ) ;
#3618 = SURFACE_STYLE_USAGE ( .BOTH. , #1135 ) ;
#3619 = CARTESIAN_POINT ( 'NONE',  ( 124.9999999999999716, 20.00000000000000000, 34.49999999999998579 ) ) ;
#3620 = CARTESIAN_POINT ( 'NONE',  ( 150.0000000000000284, 20.00000000000000000, 139.9999999999999716 ) ) ;
#3621 = VECTOR ( 'NONE', #3595, 1000.000000000000000 ) ;
#3622 = EDGE_LOOP ( 'NONE', ( #3071, #2340 ) ) ;
#3623 = ORIENTED_EDGE ( 'NONE', *, *, #3677, .T. ) ;
#3624 = EDGE_CURVE ( 'NONE', #3297, #1449, #2955, .T. ) ;
#3625 = FACE_BOUND ( 'NONE', #2133, .T. ) ;
#3626 = DIRECTION ( 'NONE',  ( 1.000000000000000000, -9.244463733058732095E-33, -1.982541115402069301E-16 ) ) ;
#3627 = CARTESIAN_POINT ( 'NONE',  ( 140.0000000000000000, 20.00000000000001776, -7.500000000000013323 ) ) ;
#3628 = ADVANCED_FACE ( 'NONE', ( #2564 ), #935, .F. ) ;
#3629 = DIRECTION ( 'NONE',  ( 0.0000000000000000000, 0.0000000000000000000, 1.000000000000000000 ) ) ;
#3630 = VERTEX_POINT ( 'NONE', #958 ) ;
#3631 = LINE ( 'NONE', #614, #4270 ) ;
#3632 = ORIENTED_EDGE ( 'NONE', *, *, #1187, .F. ) ;
#3633 = DIRECTION ( 'NONE',  ( -0.7071067811865455743, 0.0000000000000000000, -0.7071067811865493491 ) ) ;
#3634 = DIRECTION ( 'NONE',  ( -1.000000000000000000, 0.0000000000000000000, -0.0000000000000000000 ) ) ;
#3635 = CIRCLE ( 'NONE', #1958, 5.099999999999993427 ) ;
#3636 = AXIS2_PLACEMENT_3D ( 'NONE', #4400, #2244, #59 ) ;
#3637 = FACE_OUTER_BOUND ( 'NONE', #2491, .T. ) ;
#3638 = EDGE_CURVE ( 'NONE', #1261, #1103, #1393, .T. ) ;
#3639 = DIRECTION ( 'NONE',  ( 0.0000000000000000000, 0.0000000000000000000, 1.000000000000000000 ) ) ;
#3640 = ORIENTED_EDGE ( 'NONE', *, *, #2689, .T. ) ;
#3641 = DIRECTION ( 'NONE',  ( 0.0000000000000000000, 1.000000000000000000, 0.0000000000000000000 ) ) ;
#3642 = FILL_AREA_STYLE_COLOUR ( '', #2770 ) ;
#3643 = PLANE ( 'NONE',  #2782 ) ;
#3644 = ORIENTED_EDGE ( 'NONE', *, *, #1484, .F. ) ;
#3645 = AXIS2_PLACEMENT_3D ( 'NONE', #4439, #1934, #4422 ) ;
#3646 = LINE ( 'NONE', #7, #219 ) ;
#3647 = EDGE_CURVE ( 'NONE', #2834, #1417, #3788, .T. ) ;
#3648 = DIRECTION ( 'NONE',  ( -0.0000000000000000000, 1.000000000000000000, -0.0000000000000000000 ) ) ;
#3649 = ORIENTED_EDGE ( 'NONE', *, *, #850, .T. ) ;
#3650 = SURFACE_STYLE_USAGE ( .BOTH. , #2954 ) ;
#3651 = SURFACE_SIDE_STYLE ('',( #3474 ) ) ;
#3652 = ORIENTED_EDGE ( 'NONE', *, *, #2769, .F. ) ;
#3653 = AXIS2_PLACEMENT_3D ( 'NONE', #33, #4016, #3261 ) ;
#3654 = ADVANCED_FACE ( 'NONE', ( #3284 ), #2010, .F. ) ;
#3655 = VERTEX_POINT ( 'NONE', #4205 ) ;
#3656 = CARTESIAN_POINT ( 'NONE',  ( -7.500000000000009770, 70.00000000000001421, -139.9999999999999716 ) ) ;
#3657 = CARTESIAN_POINT ( 'NONE',  ( -7.499999999999994671, 220.0000000000000284, 109.9999999999999858 ) ) ;
#3658 = EDGE_CURVE ( 'NONE', #1160, #265, #3066, .T. ) ;
#3659 = LINE ( 'NONE', #624, #1773 ) ;
#3660 = ORIENTED_EDGE ( 'NONE', *, *, #3894, .T. ) ;
#3661 = FILL_AREA_STYLE_COLOUR ( '', #1717 ) ;
#3662 = PLANE ( 'NONE',  #2454 ) ;
#3663 = FACE_OUTER_BOUND ( 'NONE', #256, .T. ) ;
#3664 = AXIS2_PLACEMENT_3D ( 'NONE', #116, #2649, #4409 ) ;
#3665 = ORIENTED_EDGE ( 'NONE', *, *, #561, .T. ) ;
#3666 = PLANE ( 'NONE',  #1666 ) ;
#3667 = DIRECTION ( 'NONE',  ( 7.401486830834376525E-17, 1.000000000000000000, 0.0000000000000000000 ) ) ;
#3668 = VECTOR ( 'NONE', #901, 1000.000000000000000 ) ;
#3669 = DIRECTION ( 'NONE',  ( 0.0000000000000000000, 0.0000000000000000000, 1.000000000000000000 ) ) ;
#3670 = ORIENTED_EDGE ( 'NONE', *, *, #1678, .T. ) ;
#3671 = CIRCLE ( 'NONE', #579, 2.499999999999946709 ) ;
#3672 = AXIS2_PLACEMENT_3D ( 'NONE', #3445, #1338, #2713 ) ;
#3673 = COLOUR_RGB ( '',1.000000000000000000, 1.000000000000000000, 1.000000000000000000 ) ;
#3674 = CARTESIAN_POINT ( 'NONE',  ( 7.500000000000000000, 20.00000000000003197, 89.99999999999998579 ) ) ;
#3675 =( NAMED_UNIT ( * ) SI_UNIT ( $, .STERADIAN. ) SOLID_ANGLE_UNIT ( ) );
#3676 = CARTESIAN_POINT ( 'NONE',  ( 115.0000000000000711, 1380.000000000000227, 125.0000000000000000 ) ) ;
#3677 = EDGE_CURVE ( 'NONE', #2282, #3001, #4019, .T. ) ;
#3678 = ORIENTED_EDGE ( 'NONE', *, *, #4491, .F. ) ;
#3679 = CIRCLE ( 'NONE', #505, 20.00000000000000355 ) ;
#3680 = ADVANCED_FACE ( 'NONE', ( #2358 ), #2313, .F. ) ;
#3681 = VECTOR ( 'NONE', #466, 1000.000000000000000 ) ;
#3682 = CARTESIAN_POINT ( 'NONE',  ( 70.00000000000000000, 1399.500000000000227, -95.00000000000000000 ) ) ;
#3683 = DIRECTION ( 'NONE',  ( 0.0000000000000000000, 0.0000000000000000000, 1.000000000000000000 ) ) ;
#3684 = ORIENTED_EDGE ( 'NONE', *, *, #4090, .T. ) ;
#3685 = ADVANCED_FACE ( 'NONE', ( #1907 ), #645, .F. ) ;
#3686 = FILL_AREA_STYLE ('',( #2320 ) ) ;
#3687 = AXIS2_PLACEMENT_3D ( 'NONE', #2708, #1996, #4120 ) ;
#3688 = FACE_OUTER_BOUND ( 'NONE', #1293, .T. ) ;
#3689 = CARTESIAN_POINT ( 'NONE',  ( 67.99999999999991473, 1380.000000000000227, -78.00000000000000000 ) ) ;
#3690 = DIRECTION ( 'NONE',  ( -0.0000000000000000000, 1.000000000000000000, -0.0000000000000000000 ) ) ;
#3691 = VERTEX_POINT ( 'NONE', #3848 ) ;
#3692 = AXIS2_PLACEMENT_3D ( 'NONE', #2527, #4052, #3293 ) ;
#3693 = LINE ( 'NONE', #4570, #3806 ) ;
#3694 = EDGE_CURVE ( 'NONE', #1197, #2737, #4132, .T. ) ;
#3695 = DIRECTION ( 'NONE',  ( -0.0000000000000000000, 1.000000000000000000, -0.0000000000000000000 ) ) ;
#3696 = DIRECTION ( 'NONE',  ( -3.888083013051982357E-17, -0.9805806756909201116, -0.1961161351381839890 ) ) ;
#3697 = VERTEX_POINT ( 'NONE', #653 ) ;
#3698 = ORIENTED_EDGE ( 'NONE', *, *, #2559, .F. ) ;
#3699 = VECTOR ( 'NONE', #4064, 1000.000000000000000 ) ;
#3700 = LINE ( 'NONE', #4411, #4485 ) ;
#3701 = EDGE_CURVE ( 'NONE', #1473, #2282, #3783, .T. ) ;
#3702 = ORIENTED_EDGE ( 'NONE', *, *, #3053, .T. ) ;
#3703 = FILL_AREA_STYLE_COLOUR ( '', #1172 ) ;
#3704 = EDGE_LOOP ( 'NONE', ( #2065, #928, #4463, #2780 ) ) ;
#3705 = FILL_AREA_STYLE_COLOUR ( '', #1010 ) ;
#3706 = CIRCLE ( 'NONE', #540, 7.499999999999992895 ) ;
#3707 = AXIS2_PLACEMENT_3D ( 'NONE', #3544, #4656, #11 ) ;
#3708 = CARTESIAN_POINT ( 'NONE',  ( 150.0000000000000000, 0.0000000000000000000, 7.500000000000524025 ) ) ;
#3709 = EDGE_LOOP ( 'NONE', ( #3414, #3872 ) ) ;
#3710 = ADVANCED_FACE ( 'NONE', ( #815 ), #1837, .F. ) ;
#3711 =( LENGTH_UNIT ( ) NAMED_UNIT ( * ) SI_UNIT ( .MILLI., .METRE. ) );
#3712 = DIRECTION ( 'NONE',  ( -3.081487911019577365E-33, 0.0000000000000000000, 1.000000000000000000 ) ) ;
#3713 = FACE_BOUND ( 'NONE', #79, .T. ) ;
#3714 = ORIENTED_EDGE ( 'NONE', *, *, #3046, .F. ) ;
#3715 = AXIS2_PLACEMENT_3D ( 'NONE', #3040, #884, #3751 ) ;
#3716 = EDGE_CURVE ( 'NONE', #2834, #764, #2675, .T. ) ;
#3717 = DIRECTION ( 'NONE',  ( -0.0000000000000000000, 1.000000000000000000, -0.0000000000000000000 ) ) ;
#3718 = ORIENTED_EDGE ( 'NONE', *, *, #4204, .F. ) ;
#3719 = DIRECTION ( 'NONE',  ( -7.401486830834376525E-17, -1.000000000000000000, -0.0000000000000000000 ) ) ;
#3720 = VERTEX_POINT ( 'NONE', #619 ) ;
#3721 = CARTESIAN_POINT ( 'NONE',  ( 30.00000000000000000, 0.0000000000000000000, -125.0000000000000000 ) ) ;
#3722 = LINE ( 'NONE', #2203, #4290 ) ;
#3723 = DIRECTION ( 'NONE',  ( -0.0000000000000000000, 1.000000000000000000, -0.0000000000000000000 ) ) ;
#3724 = ORIENTED_EDGE ( 'NONE', *, *, #4090, .F. ) ;
#3725 = EDGE_CURVE ( 'NONE', #3786, #3526, #305, .T. ) ;
#3726 = COLOUR_RGB ( '',1.000000000000000000, 1.000000000000000000, 1.000000000000000000 ) ;
#3727 = EDGE_LOOP ( 'NONE', ( #2560, #1060 ) ) ;
#3728 = FACE_OUTER_BOUND ( 'NONE', #1659, .T. ) ;
#3729 = AXIS2_PLACEMENT_3D ( 'NONE', #1525, #3314, #2566 ) ;
#3730 = ORIENTED_EDGE ( 'NONE', *, *, #2373, .T. ) ;
#3731 = DIRECTION ( 'NONE',  ( -1.000000000000000000, -3.851859888774471706E-33, 1.982541115402069301E-16 ) ) ;
#3732 = CIRCLE ( 'NONE', #611, 3.500000000000003109 ) ;
#3733 = DIRECTION ( 'NONE',  ( -1.000000000000000000, 0.0000000000000000000, 1.020425574104005602E-16 ) ) ;
#3734 = FACE_OUTER_BOUND ( 'NONE', #3397, .T. ) ;
#3735 = EDGE_LOOP ( 'NONE', ( #4275, #4521 ) ) ;
#3736 = MECHANICAL_DESIGN_GEOMETRIC_PRESENTATION_REPRESENTATION (  '', ( #1171 ), #93 ) ;
#3737 = CYLINDRICAL_SURFACE ( 'NONE', #283, 5.099999999999993427 ) ;
#3738 = DIRECTION ( 'NONE',  ( 1.982541115402069301E-16, 1.481508706589287040E-35, 1.000000000000000000 ) ) ;
#3739 = FACE_OUTER_BOUND ( 'NONE', #893, .T. ) ;
#3740 = EDGE_CURVE ( 'NONE', #675, #1986, #3604, .T. ) ;
#3741 = ORIENTED_EDGE ( 'NONE', *, *, #1901, .F. ) ;
#3742 = DIRECTION ( 'NONE',  ( 0.0000000000000000000, -0.0000000000000000000, 1.000000000000000000 ) ) ;
#3743 = CARTESIAN_POINT ( 'NONE',  ( 30.00000000000000000, 0.0000000000000000000, -125.0000000000000000 ) ) ;
#3744 = LINE ( 'NONE', #2930, #2797 ) ;
#3745 = ORIENTED_EDGE ( 'NONE', *, *, #3754, .F. ) ;
#3746 = AXIS2_PLACEMENT_3D ( 'NONE', #2604, #2964, #3320 ) ;
#3747 = ORIENTED_EDGE ( 'NONE', *, *, #2760, .T. ) ;
#3748 = FACE_BOUND ( 'NONE', #674, .T. ) ;
#3749 = CARTESIAN_POINT ( 'NONE',  ( 77.99999999999998579, 1315.000000000000227, -45.00000000000000000 ) ) ;
#3750 = LINE ( 'NONE', #3045, #4212 ) ;
#3751 = DIRECTION ( 'NONE',  ( 0.0000000000000000000, 0.0000000000000000000, 1.000000000000000000 ) ) ;
#3752 = DIRECTION ( 'NONE',  ( -0.7071067811865441310, 0.0000000000000000000, -0.7071067811865510144 ) ) ;
#3753 = EDGE_LOOP ( 'NONE', ( #3660, #3605, #2215, #825 ) ) ;
#3754 = EDGE_CURVE ( 'NONE', #4080, #1449, #1899, .T. ) ;
#3755 = ORIENTED_EDGE ( 'NONE', *, *, #688, .T. ) ;
#3756 = LINE ( 'NONE', #2864, #4038 ) ;
#3757 = FACE_OUTER_BOUND ( 'NONE', #2813, .T. ) ;
#3758 = DIRECTION ( 'NONE',  ( -0.0000000000000000000, 1.000000000000000000, -0.0000000000000000000 ) ) ;
#3759 = VERTEX_POINT ( 'NONE', #3098 ) ;
#3760 = MECHANICAL_DESIGN_GEOMETRIC_PRESENTATION_REPRESENTATION (  '', ( #1070 ), #1551 ) ;
#3761 = CARTESIAN_POINT ( 'NONE',  ( 140.0000000000000000, 0.0000000000000000000, 150.0000000000000000 ) ) ;
#3762 = ORIENTED_EDGE ( 'NONE', *, *, #1216, .T. ) ;
#3763 = DIRECTION ( 'NONE',  ( -1.000000000000000000, -2.696301922142130194E-33, 1.982541115402069054E-16 ) ) ;
#3764 = LINE ( 'NONE', #2489, #621 ) ;
#3765 = DIRECTION ( 'NONE',  ( 0.0000000000000000000, 0.0000000000000000000, 1.000000000000000000 ) ) ;
#3766 = LINE ( 'NONE', #682, #1258 ) ;
#3767 = AXIS2_PLACEMENT_3D ( 'NONE', #184, #2331, #581 ) ;
#3768 = CARTESIAN_POINT ( 'NONE',  ( 70.00000000000000000, 1399.500000000000227, -95.00000000000000000 ) ) ;
#3769 = ORIENTED_EDGE ( 'NONE', *, *, #1035, .F. ) ;
#3770 =( LENGTH_UNIT ( ) NAMED_UNIT ( * ) SI_UNIT ( .MILLI., .METRE. ) );
#3771 = LINE ( 'NONE', #3656, #4621 ) ;
#3772 = ORIENTED_EDGE ( 'NONE', *, *, #95, .F. ) ;
#3773 = STYLED_ITEM ( 'NONE', ( #4139 ), #3628 ) ;
#3774 = CARTESIAN_POINT ( 'NONE',  ( 150.0000000000000568, -0.001000000000001000089, -7.499999999999475975 ) ) ;
#3775 = VECTOR ( 'NONE', #465, 1000.000000000000000 ) ;
#3776 = EDGE_LOOP ( 'NONE', ( #1831, #1075, #1543, #3403 ) ) ;
#3777 = MECHANICAL_DESIGN_GEOMETRIC_PRESENTATION_REPRESENTATION (  '', ( #4274 ), #4596 ) ;
#3778 = CARTESIAN_POINT ( 'NONE',  ( 90.00000000000000000, 20.00000000000000355, 69.99999999999982947 ) ) ;
#3779 = CARTESIAN_POINT ( 'NONE',  ( -30.00000000000001421, 20.00000000000000000, -128.3999999999999773 ) ) ;
#3780 = CARTESIAN_POINT ( 'NONE',  ( -69.99999999999985789, 1380.000000000000227, -89.99999999999997158 ) ) ;
#3781 = CARTESIAN_POINT ( 'NONE',  ( 115.0000000000000711, 1400.000000000000227, -124.9999999999999432 ) ) ;
#3782 = ORIENTED_EDGE ( 'NONE', *, *, #109, .T. ) ;
#3783 = LINE ( 'NONE', #2789, #1610 ) ;
#3784 = PLANE ( 'NONE',  #4333 ) ;
#3785 = EDGE_CURVE ( 'NONE', #218, #1983, #1729, .T. ) ;
#3786 = VERTEX_POINT ( 'NONE', #3165 ) ;
#3787 = FACE_OUTER_BOUND ( 'NONE', #2043, .T. ) ;
#3788 = LINE ( 'NONE', #4526, #4253 ) ;
#3789 = CARTESIAN_POINT ( 'NONE',  ( -90.00000000000000000, 1400.000000000000227, -90.00000000000000000 ) ) ;
#3790 = EDGE_CURVE ( 'NONE', #436, #3424, #1162, .T. ) ;
#3791 = EDGE_LOOP ( 'NONE', ( #3640, #3559 ) ) ;
#3792 = CARTESIAN_POINT ( 'NONE',  ( -124.9999999999999716, 20.00000000000000000, -30.00000000000000000 ) ) ;
#3793 = EDGE_CURVE ( 'NONE', #2141, #267, #1781, .T. ) ;
#3794 = AXIS2_PLACEMENT_3D ( 'NONE', #3901, #656, #1769 ) ;
#3795 = CYLINDRICAL_SURFACE ( 'NONE', #2915, 62.50000000000000000 ) ;
#3796 = DIRECTION ( 'NONE',  ( 0.0000000000000000000, 1.000000000000000000, 0.0000000000000000000 ) ) ;
#3797 = VERTEX_POINT ( 'NONE', #4503 ) ;
#3798 = CARTESIAN_POINT ( 'NONE',  ( -78.00000000000000000, 1380.000000000000227, 67.99999999999991473 ) ) ;
#3799 = DIRECTION ( 'NONE',  ( -0.0000000000000000000, 1.000000000000000000, -0.0000000000000000000 ) ) ;
#3800 =( GEOMETRIC_REPRESENTATION_CONTEXT ( 3 ) GLOBAL_UNCERTAINTY_ASSIGNED_CONTEXT ( ( #1654 ) ) GLOBAL_UNIT_ASSIGNED_CONTEXT ( ( #2918, #1811, #3269 ) ) REPRESENTATION_CONTEXT ( 'NONE', 'WORKASPACE' ) );
#3801 = ORIENTED_EDGE ( 'NONE', *, *, #4424, .F. ) ;
#3802 = DIRECTION ( 'NONE',  ( 0.0000000000000000000, 0.0000000000000000000, -1.000000000000000000 ) ) ;
#3803 = MANIFOLD_SOLID_BREP ( 'Cut-Extrude2', #3209 ) ;
#3804 = EDGE_CURVE ( 'NONE', #4370, #4361, #3386, .T. ) ;
#3805 = CARTESIAN_POINT ( 'NONE',  ( 70.00000000000000000, 1400.000000000000227, -98.00000000000000000 ) ) ;
#3806 = VECTOR ( 'NONE', #2059, 1000.000000000000000 ) ;
#3807 = ORIENTED_EDGE ( 'NONE', *, *, #2163, .T. ) ;
#3808 = VERTEX_POINT ( 'NONE', #1972 ) ;
#3809 = CARTESIAN_POINT ( 'NONE',  ( -30.00000000000001421, 20.00000000000000000, -121.5999999999999943 ) ) ;
#3810 = DIRECTION ( 'NONE',  ( -0.0000000000000000000, 1.000000000000000000, -0.0000000000000000000 ) ) ;
#3811 = LINE ( 'NONE', #853, #1689 ) ;
#3812 = DIRECTION ( 'NONE',  ( -4.848279700830313513E-66, -3.081487911019577365E-33, -1.000000000000000000 ) ) ;
#3813 = PRESENTATION_STYLE_ASSIGNMENT (( #1218 ) ) ;
#3814 = CIRCLE ( 'NONE', #2071, 2.499999999999946709 ) ;
#3815 = ORIENTED_EDGE ( 'NONE', *, *, #1416, .T. ) ;
#3816 = DIRECTION ( 'NONE',  ( -0.0000000000000000000, 1.000000000000000000, -0.0000000000000000000 ) ) ;
#3817 = CARTESIAN_POINT ( 'NONE',  ( -150.0000000000000284, 0.0000000000000000000, -150.0000000000000000 ) ) ;
#3818 =( NAMED_UNIT ( * ) PLANE_ANGLE_UNIT ( ) SI_UNIT ( $, .RADIAN. ) );
#3819 = EDGE_CURVE ( 'NONE', #587, #2200, #3496, .T. ) ;
#3820 = ORIENTED_EDGE ( 'NONE', *, *, #1454, .F. ) ;
#3821 = LINE ( 'NONE', #968, #2870 ) ;
#3822 = CARTESIAN_POINT ( 'NONE',  ( 90.00000000000000000, 220.0000000000000284, -7.500000000000013323 ) ) ;
#3823 = CARTESIAN_POINT ( 'NONE',  ( -142.5000000000000568, 0.0000000000000000000, -1.492608272355440021E-12 ) ) ;
#3824 = ORIENTED_EDGE ( 'NONE', *, *, #53, .T. ) ;
#3825 = VECTOR ( 'NONE', #2191, 1000.000000000000000 ) ;
#3826 =( GEOMETRIC_REPRESENTATION_CONTEXT ( 3 ) GLOBAL_UNCERTAINTY_ASSIGNED_CONTEXT ( ( #3057 ) ) GLOBAL_UNIT_ASSIGNED_CONTEXT ( ( #401, #2218, #2938 ) ) REPRESENTATION_CONTEXT ( 'NONE', 'WORKASPACE' ) );
#3827 = DIRECTION ( 'NONE',  ( 0.0000000000000000000, 0.0000000000000000000, 1.000000000000000000 ) ) ;
#3828 = ORIENTED_EDGE ( 'NONE', *, *, #3177, .F. ) ;
#3829 =( GEOMETRIC_REPRESENTATION_CONTEXT ( 3 ) GLOBAL_UNCERTAINTY_ASSIGNED_CONTEXT ( ( #319 ) ) GLOBAL_UNIT_ASSIGNED_CONTEXT ( ( #2992, #3295, #4449 ) ) REPRESENTATION_CONTEXT ( 'NONE', 'WORKASPACE' ) );
#3830 = CARTESIAN_POINT ( 'NONE',  ( -114.9999999999999574, 1400.000000000000227, 125.0000000000000000 ) ) ;
#3831 = ORIENTED_EDGE ( 'NONE', *, *, #3905, .F. ) ;
#3832 = DIRECTION ( 'NONE',  ( 0.0000000000000000000, 0.0000000000000000000, 1.000000000000000000 ) ) ;
#3833 = CARTESIAN_POINT ( 'NONE',  ( 125.0000000000000568, 1380.000000000000227, 115.0000000000000142 ) ) ;
#3834 = CARTESIAN_POINT ( 'NONE',  ( 90.00000000000000000, 1380.000000000000227, -90.00000000000000000 ) ) ;
#3835 = VERTEX_POINT ( 'NONE', #1984 ) ;
#3836 = AXIS2_PLACEMENT_3D ( 'NONE', #3743, #821, #3683 ) ;
#3837 = VERTEX_POINT ( 'NONE', #4107 ) ;
#3838 = DIRECTION ( 'NONE',  ( -1.000000000000000000, 1.573356716244963174E-33, 0.0000000000000000000 ) ) ;
#3839 = EDGE_LOOP ( 'NONE', ( #1743, #2727, #16, #4386, #2403 ) ) ;
#3840 = EDGE_CURVE ( 'NONE', #4326, #770, #2462, .T. ) ;
#3841 = CARTESIAN_POINT ( 'NONE',  ( 90.00000000000000000, 1400.000000000000227, -90.00000000000000000 ) ) ;
#3842 = DIRECTION ( 'NONE',  ( 2.049870396302940066E-34, 1.000000000000000000, 0.0000000000000000000 ) ) ;
#3843 = LINE ( 'NONE', #4565, #3279 ) ;
#3844 = ORIENTED_EDGE ( 'NONE', *, *, #4364, .T. ) ;
#3845 = LINE ( 'NONE', #763, #1612 ) ;
#3846 = VECTOR ( 'NONE', #3074, 1000.000000000000000 ) ;
#3847 = EDGE_CURVE ( 'NONE', #697, #788, #1274, .T. ) ;
#3848 = CARTESIAN_POINT ( 'NONE',  ( 90.00000000000000000, 1380.000000000000227, -95.09999999999999432 ) ) ;
#3849 = ORIENTED_EDGE ( 'NONE', *, *, #3560, .T. ) ;
#3850 = CIRCLE ( 'NONE', #999, 5.099999999999993427 ) ;
#3851 = CARTESIAN_POINT ( 'NONE',  ( -29.99999999999998579, 20.00000000000000000, 120.5000000000000284 ) ) ;
#3852 = CARTESIAN_POINT ( 'NONE',  ( -149.9999999999999432, 20.00000000000000000, -7.500000000001570299 ) ) ;
#3853 = ORIENTED_EDGE ( 'NONE', *, *, #1448, .F. ) ;
#3854 = AXIS2_PLACEMENT_3D ( 'NONE', #4163, #900, #1243 ) ;
#3855 = DIRECTION ( 'NONE',  ( -0.0000000000000000000, 1.000000000000000000, -0.0000000000000000000 ) ) ;
#3856 = VECTOR ( 'NONE', #2416, 1000.000000000000000 ) ;
#3857 = CARTESIAN_POINT ( 'NONE',  ( -124.9999999999999716, 20.00000000000000000, -117.5000000000000142 ) ) ;
#3858 = ORIENTED_EDGE ( 'NONE', *, *, #2397, .F. ) ;
#3859 = DIRECTION ( 'NONE',  ( -1.000000000000000000, -0.0000000000000000000, 1.020425574104005355E-16 ) ) ;
#3860 = ORIENTED_EDGE ( 'NONE', *, *, #4664, .F. ) ;
#3861 = LINE ( 'NONE', #4425, #1801 ) ;
#3862 = COLOUR_RGB ( '',1.000000000000000000, 1.000000000000000000, 1.000000000000000000 ) ;
#3863 = DIRECTION ( 'NONE',  ( -0.0000000000000000000, 1.000000000000000000, -0.0000000000000000000 ) ) ;
#3864 = FILL_AREA_STYLE_COLOUR ( '', #4033 ) ;
#3865 = AXIS2_PLACEMENT_3D ( 'NONE', #1028, #3477, #2097 ) ;
#3866 = EDGE_CURVE ( 'NONE', #4022, #4264, #66, .T. ) ;
#3867 = ORIENTED_EDGE ( 'NONE', *, *, #3364, .T. ) ;
#3868 = ORIENTED_EDGE ( 'NONE', *, *, #2889, .F. ) ;
#3869 = VECTOR ( 'NONE', #3260, 1000.000000000000000 ) ;
#3870 = VECTOR ( 'NONE', #1105, 1000.000000000000000 ) ;
#3871 = DIRECTION ( 'NONE',  ( -0.0000000000000000000, 1.000000000000000000, -0.0000000000000000000 ) ) ;
#3872 = ORIENTED_EDGE ( 'NONE', *, *, #1334, .T. ) ;
#3873 = DIRECTION ( 'NONE',  ( -0.7071067811865475727, 0.0000000000000000000, -0.7071067811865475727 ) ) ;
#3874 = AXIS2_PLACEMENT_3D ( 'NONE', #4058, #423, #3615 ) ;
#3875 = EDGE_CURVE ( 'NONE', #2979, #774, #995, .T. ) ;
#3876 = EDGE_LOOP ( 'NONE', ( #4453, #3893, #2761, #3305 ) ) ;
#3877 = FILL_AREA_STYLE ('',( #3485 ) ) ;
#3878 = CARTESIAN_POINT ( 'NONE',  ( 124.9999999999999716, 20.00000000000000000, 132.5000000000000000 ) ) ;
#3879 = VECTOR ( 'NONE', #392, 1000.000000000000000 ) ;
#3880 = EDGE_CURVE ( 'NONE', #2602, #1824, #1389, .T. ) ;
#3881 = PLANE ( 'NONE',  #940 ) ;
#3882 = DIRECTION ( 'NONE',  ( -7.401486830834376525E-17, -1.000000000000000000, -0.0000000000000000000 ) ) ;
#3883 = ORIENTED_EDGE ( 'NONE', *, *, #1915, .T. ) ;
#3884 = PRESENTATION_LAYER_ASSIGNMENT (  '', '', ( #1557 ) ) ;
#3885 = EDGE_CURVE ( 'NONE', #564, #2088, #529, .T. ) ;
#3886 = CYLINDRICAL_SURFACE ( 'NONE', #1210, 20.00000000000000355 ) ;
#3887 = UNCERTAINTY_MEASURE_WITH_UNIT (LENGTH_MEASURE( 1.000000000000000082E-05 ), #3329, 'distance_accuracy_value', 'NONE');
#3888 = ORIENTED_EDGE ( 'NONE', *, *, #4152, .T. ) ;
#3889 = AXIS2_PLACEMENT_3D ( 'NONE', #2584, #4382, #2276 ) ;
#3890 = DIRECTION ( 'NONE',  ( -0.0000000000000000000, 1.000000000000000000, -0.0000000000000000000 ) ) ;
#3891 = DIRECTION ( 'NONE',  ( 0.0000000000000000000, 0.0000000000000000000, -1.000000000000000000 ) ) ;
#3892 = DIRECTION ( 'NONE',  ( 0.0000000000000000000, 0.0000000000000000000, 1.000000000000000000 ) ) ;
#3893 = ORIENTED_EDGE ( 'NONE', *, *, #2657, .F. ) ;
#3894 = EDGE_CURVE ( 'NONE', #1409, #1964, #4013, .T. ) ;
#3895 = DIRECTION ( 'NONE',  ( -0.0000000000000000000, 1.000000000000000000, -0.0000000000000000000 ) ) ;
#3896 = FACE_OUTER_BOUND ( 'NONE', #2438, .T. ) ;
#3897 = DIRECTION ( 'NONE',  ( -0.0000000000000000000, 1.000000000000000000, -0.0000000000000000000 ) ) ;
#3898 = ORIENTED_EDGE ( 'NONE', *, *, #2924, .F. ) ;
#3899 = LINE ( 'NONE', #643, #2949 ) ;
#3900 =( GEOMETRIC_REPRESENTATION_CONTEXT ( 3 ) GLOBAL_UNCERTAINTY_ASSIGNED_CONTEXT ( ( #3176 ) ) GLOBAL_UNIT_ASSIGNED_CONTEXT ( ( #2234, #803, #3608 ) ) REPRESENTATION_CONTEXT ( 'NONE', 'WORKASPACE' ) );
#3901 = CARTESIAN_POINT ( 'NONE',  ( 77.99999999999998579, 1355.000000000000227, -45.00000000000000000 ) ) ;
#3902 = ORIENTED_EDGE ( 'NONE', *, *, #3585, .T. ) ;
#3903 = VECTOR ( 'NONE', #1511, 1000.000000000000000 ) ;
#3904 = CYLINDRICAL_SURFACE ( 'NONE', #5, 7.500000000000007105 ) ;
#3905 = EDGE_CURVE ( 'NONE', #4557, #163, #3843, .T. ) ;
#3906 = ORIENTED_EDGE ( 'NONE', *, *, #3658, .T. ) ;
#3907 = CARTESIAN_POINT ( 'NONE',  ( -90.00000000000000000, 1380.000000000000227, 84.90000000000000568 ) ) ;
#3908 = CARTESIAN_POINT ( 'NONE',  ( 90.00000000000000000, 1400.000000000000227, 90.00000000000000000 ) ) ;
#3909 = PRESENTATION_STYLE_ASSIGNMENT (( #3650 ) ) ;
#3910 = DIRECTION ( 'NONE',  ( -0.7071067811865484609, 0.0000000000000000000, -0.7071067811865465735 ) ) ;
#3911 = ORIENTED_EDGE ( 'NONE', *, *, #2425, .F. ) ;
#3912 = CARTESIAN_POINT ( 'NONE',  ( -124.9999999999999716, 20.00000000000000000, -34.49999999999999289 ) ) ;
#3913 = AXIS2_PLACEMENT_3D ( 'NONE', #2131, #3230, #1056 ) ;
#3914 = LINE ( 'NONE', #1144, #2909 ) ;
#3915 = ORIENTED_EDGE ( 'NONE', *, *, #2784, .F. ) ;
#3916 = CARTESIAN_POINT ( 'NONE',  ( 90.00000000000000000, 1380.000000000000227, 95.09999999999999432 ) ) ;
#3917 = DIRECTION ( 'NONE',  ( 0.0000000000000000000, 0.0000000000000000000, -1.000000000000000000 ) ) ;
#3918 = SURFACE_STYLE_FILL_AREA ( #1057 ) ;
#3919 = PRESENTATION_LAYER_ASSIGNMENT (  '', '', ( #4009 ) ) ;
#3920 = ORIENTED_EDGE ( 'NONE', *, *, #1355, .F. ) ;
#3921 = VERTEX_POINT ( 'NONE', #2799 ) ;
#3922 = EDGE_CURVE ( 'NONE', #982, #1535, #2126, .T. ) ;
#3923 = VECTOR ( 'NONE', #4529, 1000.000000000000000 ) ;
#3924 = DIRECTION ( 'NONE',  ( -0.0000000000000000000, 1.000000000000000000, 0.0000000000000000000 ) ) ;
#3925 = FACE_OUTER_BOUND ( 'NONE', #632, .T. ) ;
#3926 = FACE_OUTER_BOUND ( 'NONE', #2499, .T. ) ;
#3927 = ORIENTED_EDGE ( 'NONE', *, *, #4254, .T. ) ;
#3928 =( LENGTH_UNIT ( ) NAMED_UNIT ( * ) SI_UNIT ( .MILLI., .METRE. ) );
#3929 = PRESENTATION_LAYER_ASSIGNMENT (  '', '', ( #3228 ) ) ;
#3930 = EDGE_LOOP ( 'NONE', ( #3460, #148, #987, #2207 ) ) ;
#3931 = LINE ( 'NONE', #225, #4381 ) ;
#3932 = DIRECTION ( 'NONE',  ( -1.000000000000000000, -2.049870396302940066E-34, 3.081487911019577365E-33 ) ) ;
#3933 = CARTESIAN_POINT ( 'NONE',  ( 90.00000000000000000, 1315.000000000000227, 47.49999999999994316 ) ) ;
#3934 = CARTESIAN_POINT ( 'NONE',  ( 149.9999999999999716, 20.00000000000000000, -150.0000000000000000 ) ) ;
#3935 = AXIS2_PLACEMENT_3D ( 'NONE', #3721, #2678, #3023 ) ;
#3936 = ORIENTED_EDGE ( 'NONE', *, *, #1867, .T. ) ;
#3937 = EDGE_CURVE ( 'NONE', #4533, #3499, #4248, .T. ) ;
#3938 = CARTESIAN_POINT ( 'NONE',  ( 90.00000000000000000, 1400.000000000000227, -90.00000000000000000 ) ) ;
#3939 = CARTESIAN_POINT ( 'NONE',  ( -124.9999999999999716, 20.00000000000000000, 26.59999999999999787 ) ) ;
#3940 = ORIENTED_EDGE ( 'NONE', *, *, #4315, .F. ) ;
#3941 = EDGE_CURVE ( 'NONE', #4051, #1637, #3899, .T. ) ;
#3942 = CARTESIAN_POINT ( 'NONE',  ( -30.00000000000001421, 0.0000000000000000000, -125.0000000000000000 ) ) ;
#3943 = EDGE_LOOP ( 'NONE', ( #1518, #2252 ) ) ;
#3944 = FACE_BOUND ( 'NONE', #1443, .T. ) ;
#3945 = UNCERTAINTY_MEASURE_WITH_UNIT (LENGTH_MEASURE( 1.000000000000000082E-05 ), #74, 'distance_accuracy_value', 'NONE');
#3946 = ORIENTED_EDGE ( 'NONE', *, *, #582, .T. ) ;
#3947 = DIRECTION ( 'NONE',  ( -0.0000000000000000000, 1.000000000000000000, -0.0000000000000000000 ) ) ;
#3948 = CARTESIAN_POINT ( 'NONE',  ( 30.00000000000000000, 20.00000000000000000, -120.5000000000000000 ) ) ;
#3949 = DIRECTION ( 'NONE',  ( 0.0000000000000000000, 0.0000000000000000000, 1.000000000000000000 ) ) ;
#3950 = LINE ( 'NONE', #3627, #1657 ) ;
#3951 = ORIENTED_EDGE ( 'NONE', *, *, #876, .T. ) ;
#3952 = DIRECTION ( 'NONE',  ( 0.0000000000000000000, 0.0000000000000000000, 1.000000000000000000 ) ) ;
#3953 = DIRECTION ( 'NONE',  ( -0.0000000000000000000, 1.000000000000000000, -0.0000000000000000000 ) ) ;
#3954 = FACE_BOUND ( 'NONE', #3172, .T. ) ;
#3955 = STYLED_ITEM ( 'NONE', ( #2001 ), #3995 ) ;
#3956 = EDGE_CURVE ( 'NONE', #3182, #755, #2005, .T. ) ;
#3957 = ORIENTED_EDGE ( 'NONE', *, *, #2515, .T. ) ;
#3958 = CIRCLE ( 'NONE', #3645, 7.500000000000007105 ) ;
#3959 = DIRECTION ( 'NONE',  ( -0.0000000000000000000, 1.000000000000000000, -0.0000000000000000000 ) ) ;
#3960 = ORIENTED_EDGE ( 'NONE', *, *, #3238, .F. ) ;
#3961 = LINE ( 'NONE', #3482, #4302 ) ;
#3962 = EDGE_CURVE ( 'NONE', #2880, #587, #524, .T. ) ;
#3963 = DIRECTION ( 'NONE',  ( 0.7071067811865474617, -0.0000000000000000000, -0.7071067811865474617 ) ) ;
#3964 = ORIENTED_EDGE ( 'NONE', *, *, #703, .F. ) ;
#3965 = EDGE_CURVE ( 'NONE', #4161, #1354, #2406, .T. ) ;
#3966 = DIRECTION ( 'NONE',  ( -7.401486830834376525E-17, -1.000000000000000000, -0.0000000000000000000 ) ) ;
#3967 = FILL_AREA_STYLE ('',( #3240 ) ) ;
#3968 = ORIENTED_EDGE ( 'NONE', *, *, #1454, .T. ) ;
#3969 =( NAMED_UNIT ( * ) PLANE_ANGLE_UNIT ( ) SI_UNIT ( $, .RADIAN. ) );
#3970 = SURFACE_STYLE_USAGE ( .BOTH. , #1856 ) ;
#3971 = ORIENTED_EDGE ( 'NONE', *, *, #3307, .T. ) ;
#3972 = AXIS2_PLACEMENT_3D ( 'NONE', #3588, #77, #1468 ) ;
#3973 = ORIENTED_EDGE ( 'NONE', *, *, #2104, .T. ) ;
#3974 = FACE_BOUND ( 'NONE', #3791, .T. ) ;
#3975 = CYLINDRICAL_SURFACE ( 'NONE', #1982, 62.50000000000000000 ) ;
#3976 = DIRECTION ( 'NONE',  ( 0.0000000000000000000, 1.000000000000000000, 0.0000000000000000000 ) ) ;
#3977 = ORIENTED_EDGE ( 'NONE', *, *, #3658, .F. ) ;
#3978 = CARTESIAN_POINT ( 'NONE',  ( 90.00000000000000000, 1315.000000000000227, -45.00000000000000000 ) ) ;
#3979 = VERTEX_POINT ( 'NONE', #226 ) ;
#3980 = CYLINDRICAL_SURFACE ( 'NONE', #3415, 7.500000000000007105 ) ;
#3981 = STYLED_ITEM ( 'NONE', ( #4519 ), #2572 ) ;
#3982 = COLOUR_RGB ( '',1.000000000000000000, 1.000000000000000000, 1.000000000000000000 ) ;
#3983 = EDGE_CURVE ( 'NONE', #2088, #564, #2235, .T. ) ;
#3984 = ORIENTED_EDGE ( 'NONE', *, *, #2538, .F. ) ;
#3985 = CARTESIAN_POINT ( 'NONE',  ( -149.9999999999999716, 0.0000000000000000000, 150.0000000000000000 ) ) ;
#3986 = CARTESIAN_POINT ( 'NONE',  ( 70.00000000000000000, 1400.000000000000227, -92.00000000000000000 ) ) ;
#3987 = CARTESIAN_POINT ( 'NONE',  ( 4.999999999999227285, 20.00000000000000000, 295.0000000000000568 ) ) ;
#3988 = ORIENTED_EDGE ( 'NONE', *, *, #4127, .T. ) ;
#3989 = CARTESIAN_POINT ( 'NONE',  ( -2.140462239949360482E-14, 1400.000000000000227, 0.0000000000000000000 ) ) ;
#3990 = DIRECTION ( 'NONE',  ( 0.0000000000000000000, 0.0000000000000000000, 1.000000000000000000 ) ) ;
#3991 = LINE ( 'NONE', #3264, #1255 ) ;
#3992 = AXIS2_PLACEMENT_3D ( 'NONE', #2360, #3810, #4193 ) ;
#3993 = DIRECTION ( 'NONE',  ( 0.0000000000000000000, 1.000000000000000000, 0.0000000000000000000 ) ) ;
#3994 = VECTOR ( 'NONE', #2501, 1000.000000000000000 ) ;
#3995 = ADVANCED_FACE ( 'NONE', ( #3056 ), #2178, .F. ) ;
#3996 = APPLICATION_PROTOCOL_DEFINITION ( 'draft international standard', 'automotive_design', 1998, #1203 ) ;
#3997 = FILL_AREA_STYLE_COLOUR ( '', #1560 ) ;
#3998 = EDGE_CURVE ( 'NONE', #2107, #3142, #870, .T. ) ;
#3999 = ORIENTED_EDGE ( 'NONE', *, *, #1702, .T. ) ;
#4000 = CARTESIAN_POINT ( 'NONE',  ( 90.00000000000000000, 1400.000000000000227, -95.09999999999999432 ) ) ;
#4001 = DIRECTION ( 'NONE',  ( 0.0000000000000000000, 0.0000000000000000000, 1.000000000000000000 ) ) ;
#4002 = VERTEX_POINT ( 'NONE', #2 ) ;
#4003 = EDGE_CURVE ( 'NONE', #764, #1639, #2670, .T. ) ;
#4004 = CARTESIAN_POINT ( 'NONE',  ( 125.0000000000000568, 1400.000000000000227, -114.9999999999999858 ) ) ;
#4005 = VECTOR ( 'NONE', #997, 1000.000000000000000 ) ;
#4006 = CARTESIAN_POINT ( 'NONE',  ( -30.00000000000001421, 20.00000000000000000, -125.0000000000000000 ) ) ;
#4007 = EDGE_LOOP ( 'NONE', ( #110, #3762, #1241, #2753 ) ) ;
#4008 = VECTOR ( 'NONE', #2498, 1000.000000000000000 ) ;
#4009 = STYLED_ITEM ( 'NONE', ( #2144 ), #1805 ) ;
#4010 =( LENGTH_UNIT ( ) NAMED_UNIT ( * ) SI_UNIT ( .MILLI., .METRE. ) );
#4011 = ORIENTED_EDGE ( 'NONE', *, *, #3905, .T. ) ;
#4012 = CARTESIAN_POINT ( 'NONE',  ( 0.0000000000000000000, 0.0000000000000000000, 0.0000000000000000000 ) ) ;
#4013 = CIRCLE ( 'NONE', #3204, 5.099999999999993427 ) ;
#4014 = EDGE_LOOP ( 'NONE', ( #1126, #1069, #3273, #338 ) ) ;
#4015 = CYLINDRICAL_SURFACE ( 'NONE', #4460, 4.499999999999990230 ) ;
#4016 = DIRECTION ( 'NONE',  ( 1.982541115402069301E-16, -2.643730416807479290E-35, 1.000000000000000000 ) ) ;
#4017 = ADVANCED_FACE ( 'NONE', ( #2888 ), #1803, .F. ) ;
#4018 =( LENGTH_UNIT ( ) NAMED_UNIT ( * ) SI_UNIT ( .MILLI., .METRE. ) );
#4019 = LINE ( 'NONE', #4556, #4638 ) ;
#4020 = AXIS2_PLACEMENT_3D ( 'NONE', #2887, #3576, #2156 ) ;
#4021 = DIRECTION ( 'NONE',  ( 1.000000000000000000, 2.049870396302940066E-34, -3.081487911019577365E-33 ) ) ;
#4022 = VERTEX_POINT ( 'NONE', #2541 ) ;
#4023 = CARTESIAN_POINT ( 'NONE',  ( 78.00000000000000000, 1355.000000000000227, 45.00000000000000000 ) ) ;
#4024 = STYLED_ITEM ( 'NONE', ( #3909 ), #3289 ) ;
#4025 = EDGE_LOOP ( 'NONE', ( #3164, #1408, #1807, #1180 ) ) ;
#4026 = CARTESIAN_POINT ( 'NONE',  ( -78.00000000000000000, 20.00000000000000355, -67.99999999999991473 ) ) ;
#4027 = CARTESIAN_POINT ( 'NONE',  ( -7.500000000000005329, 220.0000000000000284, -109.9999999999999858 ) ) ;
#4028 = ORIENTED_EDGE ( 'NONE', *, *, #322, .T. ) ;
#4029 = EDGE_LOOP ( 'NONE', ( #134, #2195, #567, #3867 ) ) ;
#4030 = EDGE_CURVE ( 'NONE', #1724, #2822, #239, .T. ) ;
#4031 = DIRECTION ( 'NONE',  ( -0.0000000000000000000, 1.000000000000000000, -0.0000000000000000000 ) ) ;
#4032 = DIRECTION ( 'NONE',  ( -0.0000000000000000000, 1.000000000000000000, -0.0000000000000000000 ) ) ;
#4033 = COLOUR_RGB ( '',1.000000000000000000, 1.000000000000000000, 1.000000000000000000 ) ;
#4034 = CARTESIAN_POINT ( 'NONE',  ( -78.00000000000000000, 1380.000000000000227, -67.99999999999991473 ) ) ;
#4035 = ORIENTED_EDGE ( 'NONE', *, *, #1371, .T. ) ;
#4036 = ORIENTED_EDGE ( 'NONE', *, *, #864, .T. ) ;
#4037 = DIRECTION ( 'NONE',  ( 1.000000000000000000, -1.573356716244963174E-33, 0.0000000000000000000 ) ) ;
#4038 = VECTOR ( 'NONE', #3561, 1000.000000000000000 ) ;
#4039 = CARTESIAN_POINT ( 'NONE',  ( -7.500000000000000000, 0.0000000000000000000, -150.0000000000000284 ) ) ;
#4040 = VECTOR ( 'NONE', #2597, 1000.000000000000000 ) ;
#4041 = VECTOR ( 'NONE', #794, 1000.000000000000000 ) ;
#4042 = ORIENTED_EDGE ( 'NONE', *, *, #214, .F. ) ;
#4043 = ADVANCED_FACE ( 'NONE', ( #2945 ), #2350, .T. ) ;
#4044 = DIRECTION ( 'NONE',  ( 1.000000000000000000, 0.0000000000000000000, 0.0000000000000000000 ) ) ;
#4045 = DIRECTION ( 'NONE',  ( -0.7071067811865460184, 0.0000000000000000000, -0.7071067811865490160 ) ) ;
#4046 = ORIENTED_EDGE ( 'NONE', *, *, #4473, .T. ) ;
#4047 = AXIS2_PLACEMENT_3D ( 'NONE', #2007, #4501, #135 ) ;
#4048 = LINE ( 'NONE', #1312, #2758 ) ;
#4049 = DIRECTION ( 'NONE',  ( 0.0000000000000000000, 0.0000000000000000000, 1.000000000000000000 ) ) ;
#4050 = CARTESIAN_POINT ( 'NONE',  ( 124.9999999999999716, 0.0000000000000000000, 117.5000000000000000 ) ) ;
#4051 = VERTEX_POINT ( 'NONE', #2832 ) ;
#4052 = DIRECTION ( 'NONE',  ( -0.0000000000000000000, 1.000000000000000000, -0.0000000000000000000 ) ) ;
#4053 = VECTOR ( 'NONE', #212, 1000.000000000000000 ) ;
#4054 = PRESENTATION_STYLE_ASSIGNMENT (( #2041 ) ) ;
#4055 = PLANE ( 'NONE',  #1256 ) ;
#4056 = DIRECTION ( 'NONE',  ( 0.0000000000000000000, 0.0000000000000000000, -1.000000000000000000 ) ) ;
#4057 = VERTEX_POINT ( 'NONE', #1051 ) ;
#4058 = CARTESIAN_POINT ( 'NONE',  ( 0.0000000000000000000, 1.387778780781445676E-14, -7.499999999999985789 ) ) ;
#4059 = EDGE_LOOP ( 'NONE', ( #2444, #4153 ) ) ;
#4060 = CARTESIAN_POINT ( 'NONE',  ( -78.00000000000000000, 20.00000000000000355, -67.99999999999991473 ) ) ;
#4061 = EDGE_CURVE ( 'NONE', #395, #3526, #1159, .T. ) ;
#4062 = VECTOR ( 'NONE', #569, 1000.000000000000000 ) ;
#4063 = EDGE_LOOP ( 'NONE', ( #4308, #1054 ) ) ;
#4064 = DIRECTION ( 'NONE',  ( -0.0000000000000000000, 1.000000000000000000, -0.0000000000000000000 ) ) ;
#4065 = CARTESIAN_POINT ( 'NONE',  ( -7.500000000000007105, 20.00000000000001776, -139.9999999999999716 ) ) ;
#4066 = ADVANCED_FACE ( 'NONE', ( #3896 ), #989, .F. ) ;
#4067 =( NAMED_UNIT ( * ) PLANE_ANGLE_UNIT ( ) SI_UNIT ( $, .RADIAN. ) );
#4068 = PRESENTATION_STYLE_ASSIGNMENT (( #4388 ) ) ;
#4069 = MECHANICAL_DESIGN_GEOMETRIC_PRESENTATION_REPRESENTATION (  '', ( #2490 ), #3826 ) ;
#4070 = EDGE_LOOP ( 'NONE', ( #4467, #4235 ) ) ;
#4071 = CARTESIAN_POINT ( 'NONE',  ( 110.0000000000000000, 220.0000000000000284, -7.500000000000013323 ) ) ;
#4072 =( LENGTH_UNIT ( ) NAMED_UNIT ( * ) SI_UNIT ( .MILLI., .METRE. ) );
#4073 = CARTESIAN_POINT ( 'NONE',  ( 124.9999999999999716, 0.0000000000000000000, -117.5000000000000000 ) ) ;
#4074 = ORIENTED_EDGE ( 'NONE', *, *, #294, .F. ) ;
#4075 = CIRCLE ( 'NONE', #2547, 4.500000000000003553 ) ;
#4076 = AXIS2_PLACEMENT_3D ( 'NONE', #3265, #1542, #4056 ) ;
#4077 = LINE ( 'NONE', #2777, #824 ) ;
#4078 = CARTESIAN_POINT ( 'NONE',  ( 7.500000000000000000, 220.0000000000000284, 90.00000000000000000 ) ) ;
#4079 = EDGE_CURVE ( 'NONE', #324, #2718, #1270, .T. ) ;
#4080 = VERTEX_POINT ( 'NONE', #691 ) ;
#4081 = VECTOR ( 'NONE', #1079, 1000.000000000000000 ) ;
#4082 = LINE ( 'NONE', #2347, #2417 ) ;
#4083 = DIRECTION ( 'NONE',  ( -0.0000000000000000000, 1.000000000000000000, -0.0000000000000000000 ) ) ;
#4084 = EDGE_LOOP ( 'NONE', ( #2138, #1322, #384, #2051 ) ) ;
#4085 =( LENGTH_UNIT ( ) NAMED_UNIT ( * ) SI_UNIT ( .MILLI., .METRE. ) );
#4086 = AXIS2_PLACEMENT_3D ( 'NONE', #458, #1896, #1913 ) ;
#4087 = LINE ( 'NONE', #1098, #2569 ) ;
#4088 = CARTESIAN_POINT ( 'NONE',  ( 90.00000000000000000, 1355.000000000000227, -45.00000000000000000 ) ) ;
#4089 = ORIENTED_EDGE ( 'NONE', *, *, #304, .F. ) ;
#4090 = EDGE_CURVE ( 'NONE', #3565, #3551, #4292, .T. ) ;
#4091 = ADVANCED_FACE ( 'NONE', ( #3954, #4185, #4569, #2555, #180, #3218, #2297, #753 ), #1082, .F. ) ;
#4092 = VERTEX_POINT ( 'NONE', #342 ) ;
#4093 = DIRECTION ( 'NONE',  ( -0.0000000000000000000, 1.000000000000000000, -0.0000000000000000000 ) ) ;
#4094 = ORIENTED_EDGE ( 'NONE', *, *, #301, .F. ) ;
#4095 = FACE_BOUND ( 'NONE', #4618, .T. ) ;
#4096 = CIRCLE ( 'NONE', #2897, 75.00000000000001421 ) ;
#4097 = UNCERTAINTY_MEASURE_WITH_UNIT (LENGTH_MEASURE( 1.000000000000000082E-05 ), #450, 'distance_accuracy_value', 'NONE');
#4098 = EDGE_CURVE ( 'NONE', #697, #3133, #3493, .T. ) ;
#4099 = EDGE_LOOP ( 'NONE', ( #1924, #745, #1699, #2413 ) ) ;
#4100 = DIRECTION ( 'NONE',  ( 0.0000000000000000000, 1.000000000000000000, 0.0000000000000000000 ) ) ;
#4101 = CARTESIAN_POINT ( 'NONE',  ( -7.499999999999989342, 70.00000000000001421, 139.9999999999999716 ) ) ;
#4102 = LINE ( 'NONE', #3005, #4040 ) ;
#4103 = FACE_OUTER_BOUND ( 'NONE', #993, .T. ) ;
#4104 = ORIENTED_EDGE ( 'NONE', *, *, #390, .F. ) ;
#4105 = DIRECTION ( 'NONE',  ( 0.1961161351381840723, -0.9805806756909201116, 7.703719777548943412E-34 ) ) ;
#4106 = AXIS2_PLACEMENT_3D ( 'NONE', #4088, #2975, #1943 ) ;
#4107 = CARTESIAN_POINT ( 'NONE',  ( -140.0000000000000000, 20.00000000000001776, -7.499999999999985789 ) ) ;
#4108 = CARTESIAN_POINT ( 'NONE',  ( -7.500000000000005329, 220.0000000000000284, -109.9999999999999858 ) ) ;
#4109 = ORIENTED_EDGE ( 'NONE', *, *, #4187, .F. ) ;
#4110 = LINE ( 'NONE', #2581, #4229 ) ;
#4111 = DIRECTION ( 'NONE',  ( 8.659560562355413570E-17, 0.7071067811865081598, -0.7071067811865867636 ) ) ;
#4112 = EDGE_LOOP ( 'NONE', ( #1650, #4486, #282, #1227 ) ) ;
#4113 = AXIS2_PLACEMENT_3D ( 'NONE', #933, #154, #534 ) ;
#4114 = EDGE_CURVE ( 'NONE', #3118, #2506, #1101, .T. ) ;
#4115 = DIRECTION ( 'NONE',  ( -0.0000000000000000000, 1.000000000000000000, -0.0000000000000000000 ) ) ;
#4116 = CARTESIAN_POINT ( 'NONE',  ( 7.500000000000000000, 0.0000000000000000000, -150.0000000000000284 ) ) ;
#4117 = EDGE_LOOP ( 'NONE', ( #2857, #2765, #4652, #3968 ) ) ;
#4118 = DIRECTION ( 'NONE',  ( 1.850371707708594316E-16, 0.0000000000000000000, 1.000000000000000000 ) ) ;
#4119 = EDGE_CURVE ( 'NONE', #2038, #1160, #3950, .T. ) ;
#4120 = DIRECTION ( 'NONE',  ( 0.0000000000000000000, 0.0000000000000000000, 1.000000000000000000 ) ) ;
#4121 = ORIENTED_EDGE ( 'NONE', *, *, #2217, .F. ) ;
#4122 = CARTESIAN_POINT ( 'NONE',  ( -9.950721815702933470E-13, 20.00000000000000000, 142.5000000000000568 ) ) ;
#4123 = ADVANCED_FACE ( 'NONE', ( #3663 ), #2953, .F. ) ;
#4124 = CIRCLE ( 'NONE', #3992, 3.400000000000000355 ) ;
#4125 = DIRECTION ( 'NONE',  ( 0.0000000000000000000, 0.0000000000000000000, 1.000000000000000000 ) ) ;
#4126 = ORIENTED_EDGE ( 'NONE', *, *, #4246, .T. ) ;
#4127 = EDGE_CURVE ( 'NONE', #866, #3513, #3483, .T. ) ;
#4128 = ORIENTED_EDGE ( 'NONE', *, *, #2389, .F. ) ;
#4129 = DIRECTION ( 'NONE',  ( -0.0000000000000000000, 1.000000000000000000, -0.0000000000000000000 ) ) ;
#4130 = CARTESIAN_POINT ( 'NONE',  ( 7.500000000000009770, 20.00000000000001776, 139.9999999999999716 ) ) ;
#4131 = CARTESIAN_POINT ( 'NONE',  ( -114.9999999999999574, 1400.000000000000227, -124.9999999999999432 ) ) ;
#4132 = CIRCLE ( 'NONE', #3865, 4.500000000000003553 ) ;
#4133 = MECHANICAL_DESIGN_GEOMETRIC_PRESENTATION_REPRESENTATION (  '', ( #1557 ), #2134 ) ;
#4134 = VERTEX_POINT ( 'NONE', #1520 ) ;
#4135 = DIRECTION ( 'NONE',  ( -1.000000000000000000, 0.0000000000000000000, 0.0000000000000000000 ) ) ;
#4136 = LINE ( 'NONE', #2238, #2895 ) ;
#4137 = FACE_OUTER_BOUND ( 'NONE', #1176, .T. ) ;
#4138 = DIRECTION ( 'NONE',  ( 0.0000000000000000000, 1.000000000000000000, 0.0000000000000000000 ) ) ;
#4139 = PRESENTATION_STYLE_ASSIGNMENT (( #2637 ) ) ;
#4140 = ORIENTED_EDGE ( 'NONE', *, *, #1660, .F. ) ;
#4141 = AXIS2_PLACEMENT_3D ( 'NONE', #1914, #475, #3712 ) ;
#4142 = CARTESIAN_POINT ( 'NONE',  ( -70.00000000000000000, 1399.500000000000227, 98.00000000000000000 ) ) ;
#4143 = EDGE_CURVE ( 'NONE', #2286, #4080, #2720, .T. ) ;
#4144 = ORIENTED_EDGE ( 'NONE', *, *, #1319, .T. ) ;
#4145 = DIRECTION ( 'NONE',  ( -1.000000000000000000, 0.0000000000000000000, 3.061276722312015942E-16 ) ) ;
#4146 = EDGE_LOOP ( 'NONE', ( #3567, #4036, #3372, #3382 ) ) ;
#4147 = AXIS2_PLACEMENT_3D ( 'NONE', #4130, #1991, #541 ) ;
#4148 = ORIENTED_EDGE ( 'NONE', *, *, #3162, .F. ) ;
#4149 = VECTOR ( 'NONE', #2804, 1000.000000000000000 ) ;
#4150 = DIRECTION ( 'NONE',  ( -0.0000000000000000000, -1.000000000000000000, -0.0000000000000000000 ) ) ;
#4151 = ORIENTED_EDGE ( 'NONE', *, *, #1084, .F. ) ;
#4152 = EDGE_CURVE ( 'NONE', #3630, #1038, #4337, .T. ) ;
#4153 = ORIENTED_EDGE ( 'NONE', *, *, #4167, .T. ) ;
#4154 = FACE_OUTER_BOUND ( 'NONE', #1192, .T. ) ;
#4155 = PRODUCT_DEFINITION_SHAPE ( 'NONE', 'NONE',  #4408 ) ;
#4156 = CARTESIAN_POINT ( 'NONE',  ( -140.0000000000000000, 20.00000000000001776, 7.500000000000013323 ) ) ;
#4157 = MANIFOLD_SOLID_BREP ( 'Gusset1', #683 ) ;
#4158 = EDGE_LOOP ( 'NONE', ( #854, #2972, #1420, #3089 ) ) ;
#4159 = AXIS2_PLACEMENT_3D ( 'NONE', #2039, #4551, #1696 ) ;
#4160 = CARTESIAN_POINT ( 'NONE',  ( 150.0000000000000284, 20.00000000000000000, 150.0000000000000000 ) ) ;
#4161 = VERTEX_POINT ( 'NONE', #769 ) ;
#4162 = LINE ( 'NONE', #736, #3527 ) ;
#4163 = CARTESIAN_POINT ( 'NONE',  ( 30.00000000000000000, 20.00000000000000000, -125.0000000000000000 ) ) ;
#4164 = ORIENTED_EDGE ( 'NONE', *, *, #1545, .F. ) ;
#4165 = CARTESIAN_POINT ( 'NONE',  ( 140.0000000000000000, 70.00000000000001421, 7.499999999999985789 ) ) ;
#4166 = FACE_BOUND ( 'NONE', #872, .T. ) ;
#4167 = EDGE_CURVE ( 'NONE', #3297, #2286, #1955, .T. ) ;
#4168 = ADVANCED_FACE ( 'NONE', ( #4511 ), #1829, .F. ) ;
#4169 = CLOSED_SHELL ( 'NONE', ( #434, #1026, #3358, #3353, #680, #3402, #2778 ) ) ;
#4170 = CARTESIAN_POINT ( 'NONE',  ( -7.500000000000000000, 220.0000000000000284, 89.99999999999998579 ) ) ;
#4171 = DIRECTION ( 'NONE',  ( 0.0000000000000000000, 0.0000000000000000000, -1.000000000000000000 ) ) ;
#4172 = EDGE_LOOP ( 'NONE', ( #3243, #4164 ) ) ;
#4173 = AXIS2_PLACEMENT_3D ( 'NONE', #4262, #4318, #1451 ) ;
#4174 = DIRECTION ( 'NONE',  ( 0.0000000000000000000, 0.0000000000000000000, 1.000000000000000000 ) ) ;
#4175 = DIRECTION ( 'NONE',  ( -0.0000000000000000000, 1.000000000000000000, -0.0000000000000000000 ) ) ;
#4176 = FACE_OUTER_BOUND ( 'NONE', #3110, .T. ) ;
#4177 = ORIENTED_EDGE ( 'NONE', *, *, #1702, .F. ) ;
#4178 = MECHANICAL_DESIGN_GEOMETRIC_PRESENTATION_REPRESENTATION (  '', ( #4024 ), #4659 ) ;
#4179 = SURFACE_STYLE_USAGE ( .BOTH. , #1673 ) ;
#4180 = EDGE_CURVE ( 'NONE', #3393, #1490, #4564, .T. ) ;
#4181 = VECTOR ( 'NONE', #4339, 1000.000000000000114 ) ;
#4182 = CARTESIAN_POINT ( 'NONE',  ( -124.9999999999999716, 0.0000000000000000000, 26.59999999999999787 ) ) ;
#4183 = PLANE ( 'NONE',  #165 ) ;
#4184 = ORIENTED_EDGE ( 'NONE', *, *, #3088, .F. ) ;
#4185 = FACE_BOUND ( 'NONE', #2170, .T. ) ;
#4186 = CARTESIAN_POINT ( 'NONE',  ( -62.50000000000002842, 1380.000000000000227, 7.654042494670957804E-15 ) ) ;
#4187 = EDGE_CURVE ( 'NONE', #3350, #1490, #3722, .T. ) ;
#4188 = ORIENTED_EDGE ( 'NONE', *, *, #723, .T. ) ;
#4189 = CARTESIAN_POINT ( 'NONE',  ( 7.499999999998951949, 20.00000000000000000, 150.0000000000000853 ) ) ;
#4190 = SURFACE_STYLE_FILL_AREA ( #4384 ) ;
#4191 = VECTOR ( 'NONE', #1219, 1000.000000000000000 ) ;
#4192 = DIRECTION ( 'NONE',  ( 0.0000000000000000000, 0.0000000000000000000, 1.000000000000000000 ) ) ;
#4193 = DIRECTION ( 'NONE',  ( 0.0000000000000000000, 0.0000000000000000000, 1.000000000000000000 ) ) ;
#4194 = ORIENTED_EDGE ( 'NONE', *, *, #1915, .F. ) ;
#4195 = DIRECTION ( 'NONE',  ( -0.7071067811865474617, 0.0000000000000000000, 0.7071067811865474617 ) ) ;
#4196 = CIRCLE ( 'NONE', #3256, 2.499999999999946709 ) ;
#4197 = SURFACE_STYLE_USAGE ( .BOTH. , #628 ) ;
#4198 = ORIENTED_EDGE ( 'NONE', *, *, #2984, .F. ) ;
#4199 = CARTESIAN_POINT ( 'NONE',  ( -70.00000000000000000, 1400.000000000000227, 95.00000000000000000 ) ) ;
#4200 = LINE ( 'NONE', #1728, #367 ) ;
#4201 = ORIENTED_EDGE ( 'NONE', *, *, #665, .T. ) ;
#4202 = DIRECTION ( 'NONE',  ( 0.0000000000000000000, 0.0000000000000000000, -1.000000000000000000 ) ) ;
#4203 = AXIS2_PLACEMENT_3D ( 'NONE', #175, #2704, #925 ) ;
#4204 = EDGE_CURVE ( 'NONE', #411, #2880, #3594, .T. ) ;
#4205 = CARTESIAN_POINT ( 'NONE',  ( -140.0000000000000000, 70.00000000000001421, 7.500000000000013323 ) ) ;
#4206 = SURFACE_STYLE_FILL_AREA ( #1009 ) ;
#4207 = ORIENTED_EDGE ( 'NONE', *, *, #4373, .T. ) ;
#4208 = ORIENTED_EDGE ( 'NONE', *, *, #3070, .F. ) ;
#4209 = CARTESIAN_POINT ( 'NONE',  ( 90.00000000000000000, 1400.000000000000227, -84.90000000000000568 ) ) ;
#4210 = FACE_BOUND ( 'NONE', #3709, .T. ) ;
#4211 = AXIS2_PLACEMENT_3D ( 'NONE', #1886, #4377, #1195 ) ;
#4212 = VECTOR ( 'NONE', #3377, 1000.000000000000114 ) ;
#4213 = EDGE_CURVE ( 'NONE', #215, #2602, #2053, .T. ) ;
#4214 = VECTOR ( 'NONE', #3719, 1000.000000000000000 ) ;
#4215 = ORIENTED_EDGE ( 'NONE', *, *, #3941, .F. ) ;
#4216 = FILL_AREA_STYLE ('',( #966 ) ) ;
#4217 = FACE_OUTER_BOUND ( 'NONE', #302, .T. ) ;
#4218 = DIRECTION ( 'NONE',  ( 0.0000000000000000000, 0.0000000000000000000, 1.000000000000000000 ) ) ;
#4219 = CARTESIAN_POINT ( 'NONE',  ( -90.00000000000000000, 20.00000000000001776, -7.499999999999985789 ) ) ;
#4220 = LINE ( 'NONE', #378, #3247 ) ;
#4221 = DIRECTION ( 'NONE',  ( -0.0000000000000000000, 1.000000000000000000, -0.0000000000000000000 ) ) ;
#4222 = EDGE_CURVE ( 'NONE', #1964, #1409, #1217, .T. ) ;
#4223 = VERTEX_POINT ( 'NONE', #3034 ) ;
#4224 = ADVANCED_FACE ( 'NONE', ( #3328 ), #1585, .F. ) ;
#4225 = DIRECTION ( 'NONE',  ( -0.0000000000000000000, 1.000000000000000000, -0.0000000000000000000 ) ) ;
#4226 = CARTESIAN_POINT ( 'NONE',  ( 0.0000000000000000000, -0.001000000000001000089, 75.00000000000001421 ) ) ;
#4227 = FILL_AREA_STYLE ('',( #255 ) ) ;
#4228 = ORIENTED_EDGE ( 'NONE', *, *, #2127, .F. ) ;
#4229 = VECTOR ( 'NONE', #4021, 1000.000000000000000 ) ;
#4230 = AXIS2_PLACEMENT_3D ( 'NONE', #470, #196, #3097 ) ;
#4231 = CARTESIAN_POINT ( 'NONE',  ( -70.00000000000000000, 1400.000000000000227, 95.00000000000000000 ) ) ;
#4232 = VECTOR ( 'NONE', #2094, 1000.000000000000114 ) ;
#4233 = DIRECTION ( 'NONE',  ( 1.850371707708594316E-16, 0.0000000000000000000, 1.000000000000000000 ) ) ;
#4234 = SURFACE_SIDE_STYLE ('',( #1421 ) ) ;
#4235 = ORIENTED_EDGE ( 'NONE', *, *, #2212, .F. ) ;
#4236 = DIRECTION ( 'NONE',  ( 0.0000000000000000000, 0.0000000000000000000, -1.000000000000000000 ) ) ;
#4237 = ORIENTED_EDGE ( 'NONE', *, *, #2482, .T. ) ;
#4238 = SURFACE_STYLE_USAGE ( .BOTH. , #2772 ) ;
#4239 = LINE ( 'NONE', #4065, #1267 ) ;
#4240 = AXIS2_PLACEMENT_3D ( 'NONE', #1185, #762, #4401 ) ;
#4241 = ORIENTED_EDGE ( 'NONE', *, *, #4385, .F. ) ;
#4242 = DIRECTION ( 'NONE',  ( 0.0000000000000000000, 0.0000000000000000000, -1.000000000000000000 ) ) ;
#4243 = PRODUCT_DEFINITION_SHAPE ( 'NONE', 'NONE',  #4673 ) ;
#4244 = CARTESIAN_POINT ( 'NONE',  ( 30.00000000000001421, 20.00000000000000000, 125.0000000000000000 ) ) ;
#4245 = ORIENTED_EDGE ( 'NONE', *, *, #4180, .T. ) ;
#4246 = EDGE_CURVE ( 'NONE', #1519, #1045, #2666, .T. ) ;
#4247 = FILL_AREA_STYLE ('',( #4601 ) ) ;
#4248 = CIRCLE ( 'NONE', #4588, 3.400000000000000355 ) ;
#4249 = EDGE_LOOP ( 'NONE', ( #3964, #2694, #3591, #972 ) ) ;
#4250 = SURFACE_STYLE_FILL_AREA ( #591 ) ;
#4251 = CARTESIAN_POINT ( 'NONE',  ( 124.9999999999999716, 0.0000000000000000000, -33.39999999999999858 ) ) ;
#4252 = SURFACE_STYLE_USAGE ( .BOTH. , #3509 ) ;
#4253 = VECTOR ( 'NONE', #2745, 1000.000000000000000 ) ;
#4254 = EDGE_CURVE ( 'NONE', #2210, #317, #1604, .T. ) ;
#4255 = DIRECTION ( 'NONE',  ( -0.0000000000000000000, 1.000000000000000000, -0.0000000000000000000 ) ) ;
#4256 = ORIENTED_EDGE ( 'NONE', *, *, #1660, .T. ) ;
#4257 = DIRECTION ( 'NONE',  ( -0.0000000000000000000, 1.000000000000000000, -0.0000000000000000000 ) ) ;
#4258 = DIRECTION ( 'NONE',  ( 1.982541115402069301E-16, -0.0000000000000000000, 1.000000000000000000 ) ) ;
#4259 = ORIENTED_EDGE ( 'NONE', *, *, #2653, .F. ) ;
#4260 = AXIS2_PLACEMENT_3D ( 'NONE', #2013, #2075, #4202 ) ;
#4261 = SURFACE_STYLE_FILL_AREA ( #1102 ) ;
#4262 = CARTESIAN_POINT ( 'NONE',  ( -7.499999999999982236, 4.163336342344337027E-14, -4.163336342344337027E-14 ) ) ;
#4263 = VERTEX_POINT ( 'NONE', #1207 ) ;
#4264 = VERTEX_POINT ( 'NONE', #4101 ) ;
#4265 = VECTOR ( 'NONE', #3104, 1000.000000000000000 ) ;
#4266 = PRESENTATION_LAYER_ASSIGNMENT (  '', '', ( #3773 ) ) ;
#4267 = EDGE_LOOP ( 'NONE', ( #2866, #4228 ) ) ;
#4268 = ORIENTED_EDGE ( 'NONE', *, *, #3716, .T. ) ;
#4269 = FACE_BOUND ( 'NONE', #3735, .T. ) ;
#4270 = VECTOR ( 'NONE', #3842, 1000.000000000000000 ) ;
#4271 = LINE ( 'NONE', #179, #1928 ) ;
#4272 = ORIENTED_EDGE ( 'NONE', *, *, #783, .F. ) ;
#4273 = CARTESIAN_POINT ( 'NONE',  ( -7.500000000000000000, 220.0000000000000284, -90.00000000000000000 ) ) ;
#4274 = STYLED_ITEM ( 'NONE', ( #4054 ), #2940 ) ;
#4275 = ORIENTED_EDGE ( 'NONE', *, *, #3998, .F. ) ;
#4276 =( NAMED_UNIT ( * ) SI_UNIT ( $, .STERADIAN. ) SOLID_ANGLE_UNIT ( ) );
#4277 = EDGE_CURVE ( 'NONE', #2268, #2714, #4629, .T. ) ;
#4278 = FACE_OUTER_BOUND ( 'NONE', #2424, .T. ) ;
#4279 = ORIENTED_EDGE ( 'NONE', *, *, #4631, .T. ) ;
#4280 = CARTESIAN_POINT ( 'NONE',  ( -7.500000000000007105, 20.00000000000001776, -139.9999999999999716 ) ) ;
#4281 = DIRECTION ( 'NONE',  ( -1.000000000000000000, -0.0000000000000000000, -0.0000000000000000000 ) ) ;
#4282 = ORIENTED_EDGE ( 'NONE', *, *, #4510, .F. ) ;
#4283 = CIRCLE ( 'NONE', #3497, 3.000000000000002665 ) ;
#4284 = AXIS2_PLACEMENT_3D ( 'NONE', #4396, #3690, #2020 ) ;
#4285 = DIRECTION ( 'NONE',  ( 0.7071067811865441310, 0.0000000000000000000, 0.7071067811865510144 ) ) ;
#4286 = ADVANCED_FACE ( 'NONE', ( #3429 ), #4454, .F. ) ;
#4287 = ORIENTED_EDGE ( 'NONE', *, *, #381, .T. ) ;
#4288 = EDGE_CURVE ( 'NONE', #1099, #2567, #2402, .T. ) ;
#4289 = CARTESIAN_POINT ( 'NONE',  ( -7.499999999999989342, 20.00000000000001776, 139.9999999999999716 ) ) ;
#4290 = VECTOR ( 'NONE', #1156, 1000.000000000000000 ) ;
#4291 = ORIENTED_EDGE ( 'NONE', *, *, #2876, .T. ) ;
#4292 = LINE ( 'NONE', #1775, #3333 ) ;
#4293 = ADVANCED_BREP_SHAPE_REPRESENTATION ( '', ( #671, #4157, #1805, #3251, #1453, #3803, #2572, #4558 ), #2706 ) ;
#4294 = CARTESIAN_POINT ( 'NONE',  ( -78.00000000000000000, 1380.000000000000227, 67.99999999999991473 ) ) ;
#4295 = CARTESIAN_POINT ( 'NONE',  ( -150.0000000000000284, 0.0000000000000000000, -139.9999999999999716 ) ) ;
#4296 = ORIENTED_EDGE ( 'NONE', *, *, #2232, .F. ) ;
#4297 = DIRECTION ( 'NONE',  ( -7.401486830834376525E-17, -1.000000000000000000, -0.0000000000000000000 ) ) ;
#4298 = VECTOR ( 'NONE', #4093, 1000.000000000000000 ) ;
#4299 = EDGE_CURVE ( 'NONE', #114, #3720, #3215, .T. ) ;
#4300 = ORIENTED_EDGE ( 'NONE', *, *, #2190, .F. ) ;
#4301 = CARTESIAN_POINT ( 'NONE',  ( 90.00000000000000000, 1355.000000000000227, 45.00000000000000000 ) ) ;
#4302 = VECTOR ( 'NONE', #2736, 1000.000000000000000 ) ;
#4303 = DIRECTION ( 'NONE',  ( 0.0000000000000000000, 0.0000000000000000000, -1.000000000000000000 ) ) ;
#4304 = ORIENTED_EDGE ( 'NONE', *, *, #1448, .T. ) ;
#4305 = AXIS2_PLACEMENT_3D ( 'NONE', #2274, #82, #452 ) ;
#4306 = LINE ( 'NONE', #403, #2421 ) ;
#4307 = CIRCLE ( 'NONE', #2008, 3.400000000000000355 ) ;
#4308 = ORIENTED_EDGE ( 'NONE', *, *, #2593, .F. ) ;
#4309 = CARTESIAN_POINT ( 'NONE',  ( -90.00000000000000000, 1380.000000000000227, -69.99999999999982947 ) ) ;
#4310 = CARTESIAN_POINT ( 'NONE',  ( -140.0000000000000000, 20.00000000000001776, 7.500000000000013323 ) ) ;
#4311 = VECTOR ( 'NONE', #1749, 1000.000000000000000 ) ;
#4312 = AXIS2_PLACEMENT_3D ( 'NONE', #101, #2582, #3667 ) ;
#4313 = EDGE_LOOP ( 'NONE', ( #2321, #3946 ) ) ;
#4314 = EDGE_LOOP ( 'NONE', ( #1956, #1553, #4575, #1752 ) ) ;
#4315 = EDGE_CURVE ( 'NONE', #58, #1857, #2292, .T. ) ;
#4316 = FACE_BOUND ( 'NONE', #3596, .T. ) ;
#4317 = PLANE ( 'NONE',  #2255 ) ;
#4318 = DIRECTION ( 'NONE',  ( 1.000000000000000000, -9.244463733058732095E-33, -1.982541115402068315E-16 ) ) ;
#4319 = CARTESIAN_POINT ( 'NONE',  ( 124.9999999999999716, 20.00000000000000000, -30.00000000000000000 ) ) ;
#4320 = ORIENTED_EDGE ( 'NONE', *, *, #3410, .F. ) ;
#4321 = FACE_OUTER_BOUND ( 'NONE', #4084, .T. ) ;
#4322 = ORIENTED_EDGE ( 'NONE', *, *, #510, .T. ) ;
#4323 = CIRCLE ( 'NONE', #1522, 19.99999999999998934 ) ;
#4324 = DIRECTION ( 'NONE',  ( 0.0000000000000000000, 0.0000000000000000000, 1.000000000000000000 ) ) ;
#4325 = EDGE_CURVE ( 'NONE', #267, #3565, #981, .T. ) ;
#4326 = VERTEX_POINT ( 'NONE', #4050 ) ;
#4327 = COLOUR_RGB ( '',1.000000000000000000, 1.000000000000000000, 1.000000000000000000 ) ;
#4328 = PLANE ( 'NONE',  #757 ) ;
#4329 = SURFACE_STYLE_FILL_AREA ( #3507 ) ;
#4330 = EDGE_CURVE ( 'NONE', #2015, #4591, #4239, .T. ) ;
#4331 =( NAMED_UNIT ( * ) PLANE_ANGLE_UNIT ( ) SI_UNIT ( $, .RADIAN. ) );
#4332 = ORIENTED_EDGE ( 'NONE', *, *, #1006, .F. ) ;
#4333 = AXIS2_PLACEMENT_3D ( 'NONE', #2743, #1701, #3134 ) ;
#4334 = ORIENTED_EDGE ( 'NONE', *, *, #3965, .T. ) ;
#4335 = DIRECTION ( 'NONE',  ( 0.0000000000000000000, 0.0000000000000000000, 1.000000000000000000 ) ) ;
#4336 = CARTESIAN_POINT ( 'NONE',  ( -30.00000000000001421, 0.0000000000000000000, -121.5999999999999943 ) ) ;
#4337 = CIRCLE ( 'NONE', #2078, 3.399999999999986144 ) ;
#4338 = EDGE_LOOP ( 'NONE', ( #4428, #3940, #2468, #2767 ) ) ;
#4339 = DIRECTION ( 'NONE',  ( 0.7071067811865484609, -0.0000000000000000000, 0.7071067811865465735 ) ) ;
#4340 = ADVANCED_FACE ( 'NONE', ( #520 ), #1095, .F. ) ;
#4341 = DIRECTION ( 'NONE',  ( 0.0000000000000000000, 1.000000000000000000, 0.0000000000000000000 ) ) ;
#4342 = VECTOR ( 'NONE', #3144, 1000.000000000000000 ) ;
#4343 = AXIS2_PLACEMENT_3D ( 'NONE', #1727, #2766, #3129 ) ;
#4344 = EDGE_CURVE ( 'NONE', #4512, #1530, #176, .T. ) ;
#4345 = ORIENTED_EDGE ( 'NONE', *, *, #3276, .F. ) ;
#4346 = FILL_AREA_STYLE_COLOUR ( '', #1622 ) ;
#4347 = CARTESIAN_POINT ( 'NONE',  ( -7.500000000000000000, 220.0000000000000284, -90.00000000000000000 ) ) ;
#4348 = ORIENTED_EDGE ( 'NONE', *, *, #72, .F. ) ;
#4349 = AXIS2_PLACEMENT_3D ( 'NONE', #4490, #1631, #3052 ) ;
#4350 = CARTESIAN_POINT ( 'NONE',  ( 78.00000000000000000, 1355.000000000000227, 42.50000000000004974 ) ) ;
#4351 = APPLICATION_CONTEXT ( 'automotive_design' ) ;
#4352 = CARTESIAN_POINT ( 'NONE',  ( -90.00000000000000000, 1400.000000000000227, -84.90000000000000568 ) ) ;
#4353 = ORIENTED_EDGE ( 'NONE', *, *, #1694, .F. ) ;
#4354 = EDGE_CURVE ( 'NONE', #3404, #764, #3324, .T. ) ;
#4355 = CARTESIAN_POINT ( 'NONE',  ( 124.9999999999999716, 0.0000000000000000000, -26.59999999999999787 ) ) ;
#4356 = SURFACE_SIDE_STYLE ('',( #2611 ) ) ;
#4357 = ORIENTED_EDGE ( 'NONE', *, *, #2171, .T. ) ;
#4358 = CARTESIAN_POINT ( 'NONE',  ( 124.9999999999999716, 0.0000000000000000000, 132.5000000000000000 ) ) ;
#4359 = CYLINDRICAL_SURFACE ( 'NONE', #1675, 2.499999999999946709 ) ;
#4360 = DIRECTION ( 'NONE',  ( -0.0000000000000000000, 1.000000000000000000, -0.0000000000000000000 ) ) ;
#4361 = VERTEX_POINT ( 'NONE', #3452 ) ;
#4362 = AXIS2_PLACEMENT_3D ( 'NONE', #1862, #1515, #2227 ) ;
#4363 = ORIENTED_EDGE ( 'NONE', *, *, #1880, .F. ) ;
#4364 = EDGE_CURVE ( 'NONE', #3022, #4057, #689, .T. ) ;
#4365 = DIRECTION ( 'NONE',  ( 0.0000000000000000000, 0.0000000000000000000, 1.000000000000000000 ) ) ;
#4366 = VECTOR ( 'NONE', #2697, 1000.000000000000000 ) ;
#4367 = ADVANCED_FACE ( 'NONE', ( #61 ), #3073, .F. ) ;
#4368 = DIRECTION ( 'NONE',  ( -3.081487911019577365E-33, 0.0000000000000000000, 1.000000000000000000 ) ) ;
#4369 = ORIENTED_EDGE ( 'NONE', *, *, #4610, .T. ) ;
#4370 = VERTEX_POINT ( 'NONE', #4498 ) ;
#4371 = AXIS2_PLACEMENT_3D ( 'NONE', #2426, #3111, #281 ) ;
#4372 = CIRCLE ( 'NONE', #335, 4.499999999999990230 ) ;
#4373 = EDGE_CURVE ( 'NONE', #2873, #3231, #1433, .T. ) ;
#4374 = EDGE_LOOP ( 'NONE', ( #1592, #2973, #3601, #2046 ) ) ;
#4375 = CARTESIAN_POINT ( 'NONE',  ( 7.500000000000000000, 20.00000000000000000, -150.0000000000000284 ) ) ;
#4376 = DIRECTION ( 'NONE',  ( 0.0000000000000000000, 0.0000000000000000000, 1.000000000000000000 ) ) ;
#4377 = DIRECTION ( 'NONE',  ( 1.000000000000000000, -0.0000000000000000000, -0.0000000000000000000 ) ) ;
#4378 = ORIENTED_EDGE ( 'NONE', *, *, #4354, .T. ) ;
#4379 = CARTESIAN_POINT ( 'NONE',  ( -90.00000000000000000, 1380.000000000000227, -84.90000000000000568 ) ) ;
#4380 = CARTESIAN_POINT ( 'NONE',  ( -110.0000000000000000, 220.0000000000000284, 7.500000000000013323 ) ) ;
#4381 = VECTOR ( 'NONE', #3473, 1000.000000000000000 ) ;
#4382 = DIRECTION ( 'NONE',  ( -1.000000000000000000, 0.0000000000000000000, 1.020425574104005602E-16 ) ) ;
#4383 = CIRCLE ( 'NONE', #480, 3.400000000000000355 ) ;
#4384 = FILL_AREA_STYLE ('',( #3997 ) ) ;
#4385 = EDGE_CURVE ( 'NONE', #96, #835, #3541, .T. ) ;
#4386 = ORIENTED_EDGE ( 'NONE', *, *, #381, .F. ) ;
#4387 = FILL_AREA_STYLE_COLOUR ( '', #3405 ) ;
#4388 = SURFACE_STYLE_USAGE ( .BOTH. , #3589 ) ;
#4389 = ADVANCED_FACE ( 'NONE', ( #4176, #3210, #1044, #918, #2505, #1950, #2288, #1315, #2114, #3000, #3944, #461, #4625, #347 ), #174, .T. ) ;
#4390 = CARTESIAN_POINT ( 'NONE',  ( -2.140462239949360482E-14, 1400.000000000000227, 0.0000000000000000000 ) ) ;
#4391 = ORIENTED_EDGE ( 'NONE', *, *, #936, .F. ) ;
#4392 = PRESENTATION_LAYER_ASSIGNMENT (  '', '', ( #2490 ) ) ;
#4393 = EDGE_CURVE ( 'NONE', #140, #2455, #2717, .T. ) ;
#4394 = CARTESIAN_POINT ( 'NONE',  ( -90.00000000000000000, 20.00000000000001776, 7.500000000000013323 ) ) ;
#4395 = VECTOR ( 'NONE', #1707, 1000.000000000000000 ) ;
#4396 = CARTESIAN_POINT ( 'NONE',  ( -124.9999999999999716, 20.00000000000000000, 125.0000000000000000 ) ) ;
#4397 = ORIENTED_EDGE ( 'NONE', *, *, #3388, .F. ) ;
#4398 = CARTESIAN_POINT ( 'NONE',  ( -69.99999999999998579, 20.00000000000000355, -69.99999999999997158 ) ) ;
#4399 = AXIS2_PLACEMENT_3D ( 'NONE', #39, #2867, #3634 ) ;
#4400 = CARTESIAN_POINT ( 'NONE',  ( -70.00000000000000000, 1399.500000000000227, 95.00000000000000000 ) ) ;
#4401 = DIRECTION ( 'NONE',  ( 1.000000000000000000, 0.0000000000000000000, 0.0000000000000000000 ) ) ;
#4402 = ORIENTED_EDGE ( 'NONE', *, *, #4180, .F. ) ;
#4403 = DIRECTION ( 'NONE',  ( -0.0000000000000000000, 1.000000000000000000, -0.0000000000000000000 ) ) ;
#4404 = EDGE_CURVE ( 'NONE', #3133, #67, #4124, .T. ) ;
#4405 = ORIENTED_EDGE ( 'NONE', *, *, #2164, .T. ) ;
#4406 = DIRECTION ( 'NONE',  ( 0.0000000000000000000, 0.0000000000000000000, 1.000000000000000000 ) ) ;
#4407 = LINE ( 'NONE', #3823, #1226 ) ;
#4408 = PRODUCT_DEFINITION ( 'UNKNOWN', '', #3356, #1994 ) ;
#4409 = DIRECTION ( 'NONE',  ( 0.0000000000000000000, -3.081487911019577365E-33, -1.000000000000000000 ) ) ;
#4410 = ORIENTED_EDGE ( 'NONE', *, *, #3053, .F. ) ;
#4411 = CARTESIAN_POINT ( 'NONE',  ( 30.00000000000001421, 20.00000000000000000, 128.3999999999999773 ) ) ;
#4412 = LINE ( 'NONE', #4472, #1566 ) ;
#4413 = ADVANCED_FACE ( 'NONE', ( #3109 ), #3433, .F. ) ;
#4414 = CARTESIAN_POINT ( 'NONE',  ( -149.9999999999999716, 20.00000000000000000, 150.0000000000000000 ) ) ;
#4415 = FACE_OUTER_BOUND ( 'NONE', #4374, .T. ) ;
#4416 = AXIS2_PLACEMENT_3D ( 'NONE', #4414, #2600, #442 ) ;
#4417 = ORIENTED_EDGE ( 'NONE', *, *, #2835, .T. ) ;
#4418 = ADVANCED_FACE ( 'NONE', ( #2172 ), #2702, .F. ) ;
#4419 = FACE_OUTER_BOUND ( 'NONE', #3015, .T. ) ;
#4420 = CARTESIAN_POINT ( 'NONE',  ( 90.00000000000000000, 220.0000000000000284, 7.499999999999985789 ) ) ;
#4421 = APPLICATION_CONTEXT ( 'automotive_design' ) ;
#4422 = DIRECTION ( 'NONE',  ( 0.0000000000000000000, 0.0000000000000000000, 1.000000000000000000 ) ) ;
#4423 = ORIENTED_EDGE ( 'NONE', *, *, #3028, .F. ) ;
#4424 = EDGE_CURVE ( 'NONE', #4092, #3431, #1549, .T. ) ;
#4425 = CARTESIAN_POINT ( 'NONE',  ( -90.00000000000000000, 1380.000000000000227, -69.99999999999982947 ) ) ;
#4426 = VECTOR ( 'NONE', #2044, 1000.000000000000000 ) ;
#4427 = DIRECTION ( 'NONE',  ( 1.000000000000000000, -0.0000000000000000000, -0.0000000000000000000 ) ) ;
#4428 = ORIENTED_EDGE ( 'NONE', *, *, #633, .F. ) ;
#4429 = EDGE_LOOP ( 'NONE', ( #1043, #3408, #4445, #3957 ) ) ;
#4430 = CARTESIAN_POINT ( 'NONE',  ( 125.0000000000000568, 1400.000000000000227, 115.0000000000000142 ) ) ;
#4431 = CIRCLE ( 'NONE', #4639, 3.000000000000002665 ) ;
#4432 =( NAMED_UNIT ( * ) SI_UNIT ( $, .STERADIAN. ) SOLID_ANGLE_UNIT ( ) );
#4433 = FACE_OUTER_BOUND ( 'NONE', #1705, .T. ) ;
#4434 = ORIENTED_EDGE ( 'NONE', *, *, #1952, .F. ) ;
#4435 = FACE_BOUND ( 'NONE', #550, .T. ) ;
#4436 = LINE ( 'NONE', #4593, #3406 ) ;
#4437 =( NAMED_UNIT ( * ) PLANE_ANGLE_UNIT ( ) SI_UNIT ( $, .RADIAN. ) );
#4438 = DIRECTION ( 'NONE',  ( 0.0000000000000000000, 0.0000000000000000000, 1.000000000000000000 ) ) ;
#4439 = CARTESIAN_POINT ( 'NONE',  ( 124.9999999999999716, 0.0000000000000000000, 125.0000000000000000 ) ) ;
#4440 = ORIENTED_EDGE ( 'NONE', *, *, #3880, .F. ) ;
#4441 = UNCERTAINTY_MEASURE_WITH_UNIT (LENGTH_MEASURE( 1.000000000000000082E-05 ), #3511, 'distance_accuracy_value', 'NONE');
#4442 = PRESENTATION_LAYER_ASSIGNMENT (  '', '', ( #2671 ) ) ;
#4443 = EDGE_CURVE ( 'NONE', #2060, #1637, #4283, .T. ) ;
#4444 = DIRECTION ( 'NONE',  ( -0.0000000000000000000, -1.000000000000000000, -0.0000000000000000000 ) ) ;
#4445 = ORIENTED_EDGE ( 'NONE', *, *, #2989, .F. ) ;
#4446 = ADVANCED_FACE ( 'NONE', ( #4506 ), #3272, .F. ) ;
#4447 = LINE ( 'NONE', #1086, #3153 ) ;
#4448 = AXIS2_PLACEMENT_3D ( 'NONE', #2549, #1489, #2928 ) ;
#4449 =( NAMED_UNIT ( * ) SI_UNIT ( $, .STERADIAN. ) SOLID_ANGLE_UNIT ( ) );
#4450 =( LENGTH_UNIT ( ) NAMED_UNIT ( * ) SI_UNIT ( .MILLI., .METRE. ) );
#4451 = EDGE_CURVE ( 'NONE', #3106, #446, #3659, .T. ) ;
#4452 = LINE ( 'NONE', #4027, #1147 ) ;
#4453 = ORIENTED_EDGE ( 'NONE', *, *, #3840, .F. ) ;
#4454 = CYLINDRICAL_SURFACE ( 'NONE', #289, 4.500000000000003553 ) ;
#4455 =( GEOMETRIC_REPRESENTATION_CONTEXT ( 3 ) GLOBAL_UNCERTAINTY_ASSIGNED_CONTEXT ( ( #1115 ) ) GLOBAL_UNIT_ASSIGNED_CONTEXT ( ( #1330, #296, #1023 ) ) REPRESENTATION_CONTEXT ( 'NONE', 'WORKASPACE' ) );
#4456 = ORIENTED_EDGE ( 'NONE', *, *, #2143, .F. ) ;
#4457 = PLANE ( 'NONE',  #4047 ) ;
#4458 = CARTESIAN_POINT ( 'NONE',  ( 77.99999999999998579, 1315.000000000000227, -47.49999999999994316 ) ) ;
#4459 = ORIENTED_EDGE ( 'NONE', *, *, #2861, .T. ) ;
#4460 = AXIS2_PLACEMENT_3D ( 'NONE', #2281, #4403, #2639 ) ;
#4461 = CARTESIAN_POINT ( 'NONE',  ( -149.9999999999999716, 20.00000000000000000, 139.9999999999999716 ) ) ;
#4462 = EDGE_CURVE ( 'NONE', #1236, #3009, #295, .T. ) ;
#4463 = ORIENTED_EDGE ( 'NONE', *, *, #260, .T. ) ;
#4464 = LINE ( 'NONE', #657, #4081 ) ;
#4465 = LINE ( 'NONE', #3774, #2189 ) ;
#4466 = DIRECTION ( 'NONE',  ( 1.982541115402069054E-16, 1.481508706589291851E-35, 1.000000000000000000 ) ) ;
#4467 = ORIENTED_EDGE ( 'NONE', *, *, #2412, .F. ) ;
#4468 = CARTESIAN_POINT ( 'NONE',  ( -67.99999999999991473, 1380.000000000000227, 78.00000000000000000 ) ) ;
#4469 = PRESENTATION_LAYER_ASSIGNMENT (  '', '', ( #622 ) ) ;
#4470 = LINE ( 'NONE', #1369, #2194 ) ;
#4471 = VERTEX_POINT ( 'NONE', #1720 ) ;
#4472 = CARTESIAN_POINT ( 'NONE',  ( 77.99999999999998579, 1380.000000000000227, -67.99999999999991473 ) ) ;
#4473 = EDGE_CURVE ( 'NONE', #1261, #1132, #407, .T. ) ;
#4474 = PRESENTATION_STYLE_ASSIGNMENT (( #3970 ) ) ;
#4475 = ORIENTED_EDGE ( 'NONE', *, *, #4620, .F. ) ;
#4476 = ORIENTED_EDGE ( 'NONE', *, *, #3213, .T. ) ;
#4477 = CYLINDRICAL_SURFACE ( 'NONE', #4076, 2.499999999999946709 ) ;
#4478 = SURFACE_STYLE_FILL_AREA ( #2680 ) ;
#4479 = EDGE_CURVE ( 'NONE', #1045, #3808, #1653, .T. ) ;
#4480 = VERTEX_POINT ( 'NONE', #278 ) ;
#4481 = ORIENTED_EDGE ( 'NONE', *, *, #3332, .T. ) ;
#4482 = CARTESIAN_POINT ( 'NONE',  ( -110.0000000000000000, 220.0000000000000284, -7.499999999999985789 ) ) ;
#4483 = CYLINDRICAL_SURFACE ( 'NONE', #3566, 75.00000000000001421 ) ;
#4484 = LINE ( 'NONE', #3531, #1414 ) ;
#4485 = VECTOR ( 'NONE', #1590, 1000.000000000000000 ) ;
#4486 = ORIENTED_EDGE ( 'NONE', *, *, #1845, .F. ) ;
#4487 = CARTESIAN_POINT ( 'NONE',  ( -70.00000000000000000, 1400.000000000000227, 98.50000000000000000 ) ) ;
#4488 = STYLED_ITEM ( 'NONE', ( #4474 ), #1900 ) ;
#4489 = DIRECTION ( 'NONE',  ( -1.000000000000000000, 1.573356716244963174E-33, 0.0000000000000000000 ) ) ;
#4490 = CARTESIAN_POINT ( 'NONE',  ( -90.00000000000000000, 1380.000000000000227, -90.00000000000000000 ) ) ;
#4491 = EDGE_CURVE ( 'NONE', #2737, #1197, #1151, .T. ) ;
#4492 = ORIENTED_EDGE ( 'NONE', *, *, #3349, .T. ) ;
#4493 = VECTOR ( 'NONE', #1004, 999.9999999999998863 ) ;
#4494 = DIRECTION ( 'NONE',  ( 0.0000000000000000000, 0.0000000000000000000, 1.000000000000000000 ) ) ;
#4495 = CYLINDRICAL_SURFACE ( 'NONE', #817, 4.499999999999997335 ) ;
#4496 = AXIS2_PLACEMENT_3D ( 'NONE', #2418, #3105, #4171 ) ;
#4497 = DIRECTION ( 'NONE',  ( 4.237045877651918877E-33, 1.000000000000000000, 3.813226669351953088E-34 ) ) ;
#4498 = CARTESIAN_POINT ( 'NONE',  ( -69.99999999999985789, 1380.000000000000227, -89.99999999999997158 ) ) ;
#4499 = VERTEX_POINT ( 'NONE', #3467 ) ;
#4500 = AXIS2_PLACEMENT_3D ( 'NONE', #917, #2308, #1271 ) ;
#4501 = DIRECTION ( 'NONE',  ( -0.7071067811865475727, 5.233641528945915579E-17, -0.7071067811865475727 ) ) ;
#4502 = EDGE_CURVE ( 'NONE', #2790, #1439, #2050, .T. ) ;
#4503 = CARTESIAN_POINT ( 'NONE',  ( 77.99999999999998579, 1355.000000000000227, -42.50000000000004974 ) ) ;
#4504 = ORIENTED_EDGE ( 'NONE', *, *, #3208, .T. ) ;
#4505 = CARTESIAN_POINT ( 'NONE',  ( 124.9999999999999716, 20.00000000000000000, 30.00000000000000000 ) ) ;
#4506 = FACE_OUTER_BOUND ( 'NONE', #4660, .T. ) ;
#4507 = CARTESIAN_POINT ( 'NONE',  ( 78.00000000000000000, 20.00000000000000355, 67.99999999999990052 ) ) ;
#4508 = CARTESIAN_POINT ( 'NONE',  ( 78.00000000000000000, 1355.000000000000227, 45.00000000000000000 ) ) ;
#4509 = ORIENTED_EDGE ( 'NONE', *, *, #1965, .T. ) ;
#4510 = EDGE_CURVE ( 'NONE', #3551, #2557, #2605, .T. ) ;
#4511 = FACE_OUTER_BOUND ( 'NONE', #4146, .T. ) ;
#4512 = VERTEX_POINT ( 'NONE', #4671 ) ;
#4513 = CARTESIAN_POINT ( 'NONE',  ( -68.00000000000000000, 1380.000000000000227, 68.00000000000000000 ) ) ;
#4514 = DIRECTION ( 'NONE',  ( 4.622231866529366047E-33, -1.000000000000000000, -1.653254120790692886E-33 ) ) ;
#4515 = DIRECTION ( 'NONE',  ( -0.0000000000000000000, 1.000000000000000000, -0.0000000000000000000 ) ) ;
#4516 =( GEOMETRIC_REPRESENTATION_CONTEXT ( 3 ) GLOBAL_UNCERTAINTY_ASSIGNED_CONTEXT ( ( #2095 ) ) GLOBAL_UNIT_ASSIGNED_CONTEXT ( ( #684, #2507, #336 ) ) REPRESENTATION_CONTEXT ( 'NONE', 'WORKASPACE' ) );
#4517 = ORIENTED_EDGE ( 'NONE', *, *, #3069, .T. ) ;
#4518 = CARTESIAN_POINT ( 'NONE',  ( 124.9999999999999716, 20.00000000000000000, -30.00000000000000000 ) ) ;
#4519 = PRESENTATION_STYLE_ASSIGNMENT (( #60 ) ) ;
#4520 = PLANE ( 'NONE',  #3664 ) ;
#4521 = ORIENTED_EDGE ( 'NONE', *, *, #412, .F. ) ;
#4522 = STYLED_ITEM ( 'NONE', ( #421 ), #2278 ) ;
#4523 = CIRCLE ( 'NONE', #4349, 5.099999999999993427 ) ;
#4524 = CARTESIAN_POINT ( 'NONE',  ( -90.00000000000000000, 20.00000000000001776, -7.499999999999985789 ) ) ;
#4525 = EDGE_CURVE ( 'NONE', #4543, #1674, #2398, .T. ) ;
#4526 = CARTESIAN_POINT ( 'NONE',  ( -150.0000000000001137, -0.001000000000001000089, 7.499999999998428812 ) ) ;
#4527 = EDGE_LOOP ( 'NONE', ( #4282, #2033, #2259, #3538 ) ) ;
#4528 = SURFACE_STYLE_FILL_AREA ( #609 ) ;
#4529 = DIRECTION ( 'NONE',  ( -1.000000000000000000, -3.851859888774471706E-33, 1.982541115402069301E-16 ) ) ;
#4530 = DIRECTION ( 'NONE',  ( 0.0000000000000000000, 0.0000000000000000000, 1.000000000000000000 ) ) ;
#4531 = VERTEX_POINT ( 'NONE', #3933 ) ;
#4532 = CARTESIAN_POINT ( 'NONE',  ( 125.0000000000000568, 1380.000000000000227, -114.9999999999999858 ) ) ;
#4533 = VERTEX_POINT ( 'NONE', #4336 ) ;
#4534 = DIRECTION ( 'NONE',  ( -0.0000000000000000000, 1.000000000000000000, -0.0000000000000000000 ) ) ;
#4535 = VERTEX_POINT ( 'NONE', #1446 ) ;
#4536 = EDGE_CURVE ( 'NONE', #4223, #2451, #117, .T. ) ;
#4537 = ORIENTED_EDGE ( 'NONE', *, *, #4603, .F. ) ;
#4538 = LINE ( 'NONE', #1238, #496 ) ;
#4539 = ADVANCED_FACE ( 'NONE', ( #1212 ), #2151, .T. ) ;
#4540 = FILL_AREA_STYLE_COLOUR ( '', #796 ) ;
#4541 = CARTESIAN_POINT ( 'NONE',  ( -90.00000000000000000, 20.00000000000000355, 69.99999999999985789 ) ) ;
#4542 = VECTOR ( 'NONE', #3360, 1000.000000000000000 ) ;
#4543 = VERTEX_POINT ( 'NONE', #1797 ) ;
#4544 = AXIS2_PLACEMENT_3D ( 'NONE', #725, #666, #1430 ) ;
#4545 = DIRECTION ( 'NONE',  ( 0.0000000000000000000, 0.0000000000000000000, 1.000000000000000000 ) ) ;
#4546 = CARTESIAN_POINT ( 'NONE',  ( -114.9999999999999574, 1400.000000000000227, -124.9999999999999432 ) ) ;
#4547 = ORIENTED_EDGE ( 'NONE', *, *, #1001, .F. ) ;
#4548 = DIRECTION ( 'NONE',  ( 0.0000000000000000000, 0.0000000000000000000, 1.000000000000000000 ) ) ;
#4549 = LINE ( 'NONE', #3779, #216 ) ;
#4550 = EDGE_LOOP ( 'NONE', ( #1347, #886, #2317, #4 ) ) ;
#4551 = DIRECTION ( 'NONE',  ( 0.0000000000000000000, 1.000000000000000000, 0.0000000000000000000 ) ) ;
#4552 = LINE ( 'NONE', #4004, #2931 ) ;
#4553 = CARTESIAN_POINT ( 'NONE',  ( -124.9999999999999716, 20.00000000000000000, -125.0000000000000000 ) ) ;
#4554 = EDGE_CURVE ( 'NONE', #4668, #620, #2348, .T. ) ;
#4555 = FACE_OUTER_BOUND ( 'NONE', #36, .T. ) ;
#4556 = CARTESIAN_POINT ( 'NONE',  ( 110.0000000000000000, 220.0000000000000284, 7.499999999999985789 ) ) ;
#4557 = VERTEX_POINT ( 'NONE', #3253 ) ;
#4558 = AXIS2_PLACEMENT_3D ( 'NONE', #3286, #1150, #4044 ) ;
#4559 = CARTESIAN_POINT ( 'NONE',  ( 150.0000000000000000, 20.00000000000000000, 7.500000000000524025 ) ) ;
#4560 = CARTESIAN_POINT ( 'NONE',  ( -69.99999999999998579, 1380.000000000000227, -69.99999999999997158 ) ) ;
#4561 = EDGE_LOOP ( 'NONE', ( #437, #1655, #4476, #2921 ) ) ;
#4562 = EDGE_CURVE ( 'NONE', #1160, #1261, #2942, .T. ) ;
#4563 = DIRECTION ( 'NONE',  ( -1.000000000000000000, 0.0000000000000000000, 1.850371707708594316E-16 ) ) ;
#4564 = LINE ( 'NONE', #1504, #233 ) ;
#4565 = CARTESIAN_POINT ( 'NONE',  ( 142.5000000000000568, 0.0000000000000000000, 4.975360907851466735E-13 ) ) ;
#4566 = SURFACE_SIDE_STYLE ('',( #2711 ) ) ;
#4567 = ORIENTED_EDGE ( 'NONE', *, *, #1154, .T. ) ;
#4568 = DIRECTION ( 'NONE',  ( 1.000000000000000000, 0.0000000000000000000, -3.061276722312015942E-16 ) ) ;
#4569 = FACE_BOUND ( 'NONE', #1738, .T. ) ;
#4570 = CARTESIAN_POINT ( 'NONE',  ( 90.00000000000000000, 1380.000000000000227, -69.99999999999985789 ) ) ;
#4571 = EDGE_CURVE ( 'NONE', #500, #3503, #2882, .T. ) ;
#4572 = ORIENTED_EDGE ( 'NONE', *, *, #4003, .F. ) ;
#4573 = FACE_OUTER_BOUND ( 'NONE', #1978, .T. ) ;
#4574 = DIRECTION ( 'NONE',  ( 3.081487911019577365E-33, 1.263330169072883993E-66, 1.000000000000000000 ) ) ;
#4575 = ORIENTED_EDGE ( 'NONE', *, *, #1952, .T. ) ;
#4576 = FACE_OUTER_BOUND ( 'NONE', #1327, .T. ) ;
#4577 = LINE ( 'NONE', #1367, #3500 ) ;
#4578 = AXIS2_PLACEMENT_3D ( 'NONE', #2911, #487, #3325 ) ;
#4579 = CARTESIAN_POINT ( 'NONE',  ( 9.184850993605150311E-15, 0.0000000000000000000, -75.00000000000001421 ) ) ;
#4580 = ORIENTED_EDGE ( 'NONE', *, *, #1806, .T. ) ;
#4581 = PLANE ( 'NONE',  #276 ) ;
#4582 = DIRECTION ( 'NONE',  ( 0.7071067811865490160, 0.0000000000000000000, -0.7071067811865460184 ) ) ;
#4583 = CARTESIAN_POINT ( 'NONE',  ( 90.00000000000000000, 1355.000000000000227, 47.49999999999994316 ) ) ;
#4584 = CIRCLE ( 'NONE', #4448, 3.400000000000000355 ) ;
#4585 = ADVANCED_FACE ( 'NONE', ( #1485 ), #2224, .F. ) ;
#4586 = ORIENTED_EDGE ( 'NONE', *, *, #1494, .F. ) ;
#4587 = CARTESIAN_POINT ( 'NONE',  ( 125.0000000000000568, 1400.000000000000227, -114.9999999999999858 ) ) ;
#4588 = AXIS2_PLACEMENT_3D ( 'NONE', #969, #985, #3457 ) ;
#4589 = CARTESIAN_POINT ( 'NONE',  ( -90.00000000000000000, 1400.000000000000227, 90.00000000000000000 ) ) ;
#4590 = LINE ( 'NONE', #4667, #3621 ) ;
#4591 = VERTEX_POINT ( 'NONE', #4280 ) ;
#4592 = EDGE_LOOP ( 'NONE', ( #2724, #3741 ) ) ;
#4593 = CARTESIAN_POINT ( 'NONE',  ( -150.0000000000000284, 20.00000000000000000, -150.0000000000000000 ) ) ;
#4594 = CYLINDRICAL_SURFACE ( 'NONE', #4609, 9.999999999999994671 ) ;
#4595 = DIRECTION ( 'NONE',  ( -0.0000000000000000000, 1.000000000000000000, -0.0000000000000000000 ) ) ;
#4596 =( GEOMETRIC_REPRESENTATION_CONTEXT ( 3 ) GLOBAL_UNCERTAINTY_ASSIGNED_CONTEXT ( ( #4641 ) ) GLOBAL_UNIT_ASSIGNED_CONTEXT ( ( #1332, #3818, #986 ) ) REPRESENTATION_CONTEXT ( 'NONE', 'WORKASPACE' ) );
#4597 = FACE_OUTER_BOUND ( 'NONE', #1912, .T. ) ;
#4598 = ORIENTED_EDGE ( 'NONE', *, *, #1730, .T. ) ;
#4599 = ORIENTED_EDGE ( 'NONE', *, *, #2699, .T. ) ;
#4600 = CIRCLE ( 'NONE', #1825, 5.099999999999993427 ) ;
#4601 = FILL_AREA_STYLE_COLOUR ( '', #3171 ) ;
#4602 = LINE ( 'NONE', #881, #1692 ) ;
#4603 = EDGE_CURVE ( 'NONE', #114, #866, #743, .T. ) ;
#4604 = ORIENTED_EDGE ( 'NONE', *, *, #198, .F. ) ;
#4605 = DIRECTION ( 'NONE',  ( -1.982541115402069301E-16, 2.643730416807479290E-35, -1.000000000000000000 ) ) ;
#4606 = CARTESIAN_POINT ( 'NONE',  ( 110.0000000000000000, 220.0000000000000284, -7.500000000000013323 ) ) ;
#4607 = DIRECTION ( 'NONE',  ( 0.0000000000000000000, 1.000000000000000000, 0.0000000000000000000 ) ) ;
#4608 = ORIENTED_EDGE ( 'NONE', *, *, #3271, .F. ) ;
#4609 = AXIS2_PLACEMENT_3D ( 'NONE', #4513, #189, #2715 ) ;
#4610 = EDGE_CURVE ( 'NONE', #2311, #3837, #686, .T. ) ;
#4611 = CARTESIAN_POINT ( 'NONE',  ( 77.99999999999998579, 1315.000000000000227, -45.00000000000000000 ) ) ;
#4612 = CARTESIAN_POINT ( 'NONE',  ( 69.99999999999985789, 1380.000000000000227, -90.00000000000000000 ) ) ;
#4613 = CARTESIAN_POINT ( 'NONE',  ( 62.49999999999997868, 1400.000000000000227, 0.0000000000000000000 ) ) ;
#4614 = ADVANCED_FACE ( 'NONE', ( #2826 ), #3886, .T. ) ;
#4615 = CYLINDRICAL_SURFACE ( 'NONE', #1606, 7.500000000000007105 ) ;
#4616 = AXIS2_PLACEMENT_3D ( 'NONE', #1580, #4045, #795 ) ;
#4617 = DIRECTION ( 'NONE',  ( -0.0000000000000000000, -1.000000000000000000, -0.0000000000000000000 ) ) ;
#4618 = EDGE_LOOP ( 'NONE', ( #3303, #3223 ) ) ;
#4619 = FILL_AREA_STYLE_COLOUR ( '', #3450 ) ;
#4620 = EDGE_CURVE ( 'NONE', #2015, #2718, #3771, .T. ) ;
#4621 = VECTOR ( 'NONE', #2589, 1000.000000000000000 ) ;
#4622 = FILL_AREA_STYLE ('',( #2854 ) ) ;
#4623 =( LENGTH_UNIT ( ) NAMED_UNIT ( * ) SI_UNIT ( .MILLI., .METRE. ) );
#4624 = EDGE_LOOP ( 'NONE', ( #3530, #4208 ) ) ;
#4625 = FACE_BOUND ( 'NONE', #3622, .T. ) ;
#4626 = AXIS2_PLACEMENT_3D ( 'NONE', #402, #4032, #4376 ) ;
#4627 = ORIENTED_EDGE ( 'NONE', *, *, #1232, .T. ) ;
#4628 = DIRECTION ( 'NONE',  ( 1.982541115402069054E-16, 1.481508706589291851E-35, 1.000000000000000000 ) ) ;
#4629 = LINE ( 'NONE', #2334, #812 ) ;
#4630 = ORIENTED_EDGE ( 'NONE', *, *, #6, .T. ) ;
#4631 = EDGE_CURVE ( 'NONE', #2829, #2015, #4452, .T. ) ;
#4632 = CARTESIAN_POINT ( 'NONE',  ( 69.99999999999998579, 1380.000000000000227, -69.99999999999998579 ) ) ;
#4633 = CARTESIAN_POINT ( 'NONE',  ( 67.99999999999991473, 1380.000000000000227, -78.00000000000000000 ) ) ;
#4634 = ORIENTED_EDGE ( 'NONE', *, *, #3276, .T. ) ;
#4635 = CIRCLE ( 'NONE', #3546, 2.499999999999946709 ) ;
#4636 = VECTOR ( 'NONE', #3459, 1000.000000000000000 ) ;
#4637 = DIRECTION ( 'NONE',  ( -0.0000000000000000000, 1.000000000000000000, 0.0000000000000000000 ) ) ;
#4638 = VECTOR ( 'NONE', #2998, 1000.000000000000227 ) ;
#4639 = AXIS2_PLACEMENT_3D ( 'NONE', #3682, #2284, #3323 ) ;
#4640 = EDGE_LOOP ( 'NONE', ( #3844, #809, #2247, #3849, #379, #314, #2342, #3411 ) ) ;
#4641 = UNCERTAINTY_MEASURE_WITH_UNIT (LENGTH_MEASURE( 1.000000000000000082E-05 ), #1332, 'distance_accuracy_value', 'NONE');
#4642 = LINE ( 'NONE', #192, #3846 ) ;
#4643 = DIRECTION ( 'NONE',  ( 0.0000000000000000000, -3.081487911019577365E-33, -1.000000000000000000 ) ) ;
#4644 = CARTESIAN_POINT ( 'NONE',  ( -124.9999999999999432, 1400.000000000000227, 115.0000000000000426 ) ) ;
#4645 = VERTEX_POINT ( 'NONE', #3619 ) ;
#4646 = AXIS2_PLACEMENT_3D ( 'NONE', #2552, #2237, #2518 ) ;
#4647 = FACE_OUTER_BOUND ( 'NONE', #2361, .T. ) ;
#4648 = CARTESIAN_POINT ( 'NONE',  ( 124.9999999999999716, 20.00000000000000000, 132.5000000000000000 ) ) ;
#4649 = ORIENTED_EDGE ( 'NONE', *, *, #836, .T. ) ;
#4650 = CARTESIAN_POINT ( 'NONE',  ( 77.99999999999998579, 1355.000000000000227, -47.49999999999994316 ) ) ;
#4651 = AXIS2_PLACEMENT_3D ( 'NONE', #448, #3648, #1904 ) ;
#4652 = ORIENTED_EDGE ( 'NONE', *, *, #965, .F. ) ;
#4653 = ORIENTED_EDGE ( 'NONE', *, *, #2212, .T. ) ;
#4654 = VECTOR ( 'NONE', #3072, 1000.000000000000227 ) ;
#4655 = VECTOR ( 'NONE', #1995, 1000.000000000000000 ) ;
#4656 = DIRECTION ( 'NONE',  ( -0.0000000000000000000, -1.000000000000000000, -0.0000000000000000000 ) ) ;
#4657 = CLOSED_SHELL ( 'NONE', ( #1357, #2256, #1214, #4446, #128, #1540, #2940, #3685, #3280, #4091, #152, #440, #4413, #2012, #1375, #1921, #2225, #455, #1894, #1514, #1672, #3283, #2253, #4168, #3654, #557, #1710, #2562 ) ) ;
#4658 = DIRECTION ( 'NONE',  ( -0.0000000000000000000, -0.0000000000000000000, 1.000000000000000000 ) ) ;
#4659 =( GEOMETRIC_REPRESENTATION_CONTEXT ( 3 ) GLOBAL_UNCERTAINTY_ASSIGNED_CONTEXT ( ( #1402 ) ) GLOBAL_UNIT_ASSIGNED_CONTEXT ( ( #4085, #3311, #2610 ) ) REPRESENTATION_CONTEXT ( 'NONE', 'WORKASPACE' ) );
#4660 = EDGE_LOOP ( 'NONE', ( #4184, #1624, #1145, #4215 ) ) ;
#4661 = CARTESIAN_POINT ( 'NONE',  ( -124.9999999999999716, 0.0000000000000000000, 132.5000000000000000 ) ) ;
#4662 = FACE_OUTER_BOUND ( 'NONE', #299, .T. ) ;
#4663 = DIRECTION ( 'NONE',  ( -1.982541115402069301E-16, -1.481508706589287040E-35, -1.000000000000000000 ) ) ;
#4664 = EDGE_CURVE ( 'NONE', #2679, #3385, #171, .T. ) ;
#4665 = ORIENTED_EDGE ( 'NONE', *, *, #2699, .F. ) ;
#4666 = CARTESIAN_POINT ( 'NONE',  ( 124.9999999999999716, 20.00000000000000000, 34.49999999999998579 ) ) ;
#4667 = CARTESIAN_POINT ( 'NONE',  ( -78.00000000000000000, 1380.000000000000227, -67.99999999999991473 ) ) ;
#4668 = VERTEX_POINT ( 'NONE', #1564 ) ;
#4669 = AXIS2_PLACEMENT_3D ( 'NONE', #141, #3758, #3400 ) ;
#4670 = CARTESIAN_POINT ( 'NONE',  ( 115.0000000000000711, 1400.000000000000227, 125.0000000000000000 ) ) ;
#4671 = CARTESIAN_POINT ( 'NONE',  ( -78.00000000000000000, 1380.000000000000227, -67.99999999999991473 ) ) ;
#4672 = ORIENTED_EDGE ( 'NONE', *, *, #1251, .T. ) ;
#4673 = NEXT_ASSEMBLY_USAGE_OCCURRENCE ( 'NAUO1', ' ', ' ', #4408, #220, $ ) ;
ENDSEC;
END-ISO-10303-21;
