ISO-10303-21;
HEADER;
FILE_DESCRIPTION (( 'STEP AP214' ),
    '1' );
FILE_NAME ('4GAA0021201010011X.STEP',
    '2021-02-02T12:09:12',
    ( '' ),
    ( '' ),
    'SwSTEP 2.0',
    'SolidWorks 2018',
    '' );
FILE_SCHEMA (( 'AUTOMOTIVE_DESIGN' ));
ENDSEC;

DATA;
#1 = VERTEX_POINT ( 'NONE', #475 ) ;
#2 = ORIENTED_EDGE ( 'NONE', *, *, #943, .F. ) ;
#3 =( LENGTH_UNIT ( ) NAMED_UNIT ( * ) SI_UNIT ( .MILLI., .METRE. ) );
#4 = EDGE_CURVE ( 'NONE', #1950, #280, #2746, .T. ) ;
#5 = ORIENTED_EDGE ( 'NONE', *, *, #327, .T. ) ;
#6 = CARTESIAN_POINT ( 'NONE',  ( -124.9999999999999716, 0.0000000000000000000, 132.5000000000000000 ) ) ;
#7 = FACE_OUTER_BOUND ( 'NONE', #3331, .T. ) ;
#8 = VECTOR ( 'NONE', #708, 1000.000000000000000 ) ;
#9 = PRESENTATION_LAYER_ASSIGNMENT (  '', '', ( #4438 ) ) ;
#10 = DIRECTION ( 'NONE',  ( -0.0000000000000000000, -1.000000000000000000, -0.0000000000000000000 ) ) ;
#11 = ORIENTED_EDGE ( 'NONE', *, *, #4429, .T. ) ;
#12 = COLOUR_RGB ( '',1.000000000000000000, 1.000000000000000000, 1.000000000000000000 ) ;
#13 =( NAMED_UNIT ( * ) SI_UNIT ( $, .STERADIAN. ) SOLID_ANGLE_UNIT ( ) );
#14 = COLOUR_RGB ( '',1.000000000000000000, 1.000000000000000000, 1.000000000000000000 ) ;
#15 = PRESENTATION_STYLE_ASSIGNMENT (( #3734 ) ) ;
#16 = DIRECTION ( 'NONE',  ( 1.982541115402069301E-16, -5.830650755791957522E-35, 1.000000000000000000 ) ) ;
#17 = ORIENTED_EDGE ( 'NONE', *, *, #1967, .F. ) ;
#18 = SURFACE_STYLE_USAGE ( .BOTH. , #1416 ) ;
#19 = LINE ( 'NONE', #1678, #1971 ) ;
#20 = FACE_BOUND ( 'NONE', #621, .T. ) ;
#21 = CONTEXT_DEPENDENT_SHAPE_REPRESENTATION ( #91, #2912 ) ;
#22 = UNCERTAINTY_MEASURE_WITH_UNIT (LENGTH_MEASURE( 1.000000000000000082E-05 ), #2049, 'distance_accuracy_value', 'NONE');
#23 = ORIENTED_EDGE ( 'NONE', *, *, #4067, .F. ) ;
#24 = LINE ( 'NONE', #851, #3611 ) ;
#25 = EDGE_CURVE ( 'NONE', #3024, #2455, #2579, .T. ) ;
#26 = ORIENTED_EDGE ( 'NONE', *, *, #2856, .T. ) ;
#27 = SURFACE_SIDE_STYLE ('',( #3565 ) ) ;
#28 = FACE_OUTER_BOUND ( 'NONE', #1860, .T. ) ;
#29 = DIRECTION ( 'NONE',  ( -0.0000000000000000000, 1.000000000000000000, -0.0000000000000000000 ) ) ;
#30 = CARTESIAN_POINT ( 'NONE',  ( 90.00000000000000000, 1055.000000000000227, -42.50000000000004974 ) ) ;
#31 = VECTOR ( 'NONE', #3810, 1000.000000000000114 ) ;
#32 = CIRCLE ( 'NONE', #3276, 2.499999999999946709 ) ;
#33 = EDGE_LOOP ( 'NONE', ( #752, #1077, #2265, #3590, #1835, #639, #444, #1935 ) ) ;
#34 = DIRECTION ( 'NONE',  ( -0.0000000000000000000, 1.000000000000000000, -0.0000000000000000000 ) ) ;
#35 = EDGE_CURVE ( 'NONE', #410, #1592, #3080, .T. ) ;
#36 = CARTESIAN_POINT ( 'NONE',  ( 69.99999999999998579, 1080.000000000000000, 69.99999999999998579 ) ) ;
#37 = SURFACE_SIDE_STYLE ('',( #3263 ) ) ;
#38 = VECTOR ( 'NONE', #1990, 1000.000000000000000 ) ;
#39 = DIRECTION ( 'NONE',  ( 1.000000000000000000, -0.0000000000000000000, -0.0000000000000000000 ) ) ;
#40 = VERTEX_POINT ( 'NONE', #1261 ) ;
#41 = VERTEX_POINT ( 'NONE', #2610 ) ;
#42 = CARTESIAN_POINT ( 'NONE',  ( 30.00000000000000000, 20.00000000000000000, -125.0000000000000000 ) ) ;
#43 = AXIS2_PLACEMENT_3D ( 'NONE', #333, #1815, #4333 ) ;
#44 = DIRECTION ( 'NONE',  ( -0.0000000000000000000, -1.000000000000000000, -0.0000000000000000000 ) ) ;
#45 = PRODUCT_DEFINITION ( 'UNKNOWN', '', #3906, #4200 ) ;
#46 = CARTESIAN_POINT ( 'NONE',  ( 69.99999999999998579, 20.00000000000000355, -69.99999999999998579 ) ) ;
#47 = FILL_AREA_STYLE_COLOUR ( '', #1390 ) ;
#48 = LINE ( 'NONE', #3168, #2476 ) ;
#49 = CARTESIAN_POINT ( 'NONE',  ( 90.00000000000000000, 1015.000000000000114, 47.49999999999994316 ) ) ;
#50 = VERTEX_POINT ( 'NONE', #3072 ) ;
#51 = VECTOR ( 'NONE', #2399, 1000.000000000000114 ) ;
#52 = ORIENTED_EDGE ( 'NONE', *, *, #3853, .F. ) ;
#53 = ORIENTED_EDGE ( 'NONE', *, *, #2776, .F. ) ;
#54 = CARTESIAN_POINT ( 'NONE',  ( -29.99999999999998579, 0.0000000000000000000, 120.5000000000000284 ) ) ;
#55 = DIRECTION ( 'NONE',  ( -1.850371707708594316E-16, -0.0000000000000000000, -1.000000000000000000 ) ) ;
#56 = AXIS2_PLACEMENT_3D ( 'NONE', #4066, #1205, #134 ) ;
#57 = EDGE_CURVE ( 'NONE', #4277, #1487, #670, .T. ) ;
#58 = VERTEX_POINT ( 'NONE', #1991 ) ;
#59 = LINE ( 'NONE', #2006, #511 ) ;
#60 = EDGE_LOOP ( 'NONE', ( #4282, #426, #1768, #2144, #1716, #105, #23, #4095, #4339, #1571, #3723, #4652, #780, #483, #2815, #1568, #2091, #2772, #454, #1757 ) ) ;
#61 = ORIENTED_EDGE ( 'NONE', *, *, #4280, .F. ) ;
#62 = LINE ( 'NONE', #4639, #1194 ) ;
#63 = SURFACE_SIDE_STYLE ('',( #2650 ) ) ;
#64 = EDGE_CURVE ( 'NONE', #1725, #2291, #3939, .T. ) ;
#65 = DIRECTION ( 'NONE',  ( 6.162975822039154730E-33, 1.540743955509788682E-33, 1.000000000000000000 ) ) ;
#66 = AXIS2_PLACEMENT_3D ( 'NONE', #3908, #269, #2407 ) ;
#67 = PRESENTATION_STYLE_ASSIGNMENT (( #1570 ) ) ;
#68 = ADVANCED_FACE ( 'NONE', ( #218 ), #166, .F. ) ;
#69 = DIRECTION ( 'NONE',  ( 0.0000000000000000000, 0.0000000000000000000, 1.000000000000000000 ) ) ;
#70 = EDGE_LOOP ( 'NONE', ( #1713, #2360 ) ) ;
#71 = VECTOR ( 'NONE', #4418, 1000.000000000000000 ) ;
#72 = VERTEX_POINT ( 'NONE', #257 ) ;
#73 = CARTESIAN_POINT ( 'NONE',  ( -30.00000000000001421, 20.00000000000000000, -121.5999999999999943 ) ) ;
#74 =( NAMED_UNIT ( * ) SI_UNIT ( $, .STERADIAN. ) SOLID_ANGLE_UNIT ( ) );
#75 = ORIENTED_EDGE ( 'NONE', *, *, #1943, .F. ) ;
#76 = CARTESIAN_POINT ( 'NONE',  ( -7.499999999999989342, 19.99999999999998934, 139.9999999999999716 ) ) ;
#77 = FACE_OUTER_BOUND ( 'NONE', #2420, .T. ) ;
#78 = AXIS2_PLACEMENT_3D ( 'NONE', #1944, #2282, #1268 ) ;
#79 = VECTOR ( 'NONE', #533, 1000.000000000000000 ) ;
#80 = CARTESIAN_POINT ( 'NONE',  ( 140.0000000000000000, 0.0000000000000000000, -150.0000000000000000 ) ) ;
#81 = EDGE_LOOP ( 'NONE', ( #4133, #3397, #4609, #1841 ) ) ;
#82 = LINE ( 'NONE', #1460, #3342 ) ;
#83 = EDGE_CURVE ( 'NONE', #1, #2205, #556, .T. ) ;
#84 = ORIENTED_EDGE ( 'NONE', *, *, #4107, .T. ) ;
#85 = DIRECTION ( 'NONE',  ( -0.0000000000000000000, 1.000000000000000000, -0.0000000000000000000 ) ) ;
#86 = ORIENTED_EDGE ( 'NONE', *, *, #1715, .T. ) ;
#87 = AXIS2_PLACEMENT_3D ( 'NONE', #1806, #2135, #4663 ) ;
#88 = CARTESIAN_POINT ( 'NONE',  ( 140.0000000000000000, 20.00000000000000000, -150.0000000000000000 ) ) ;
#89 = EDGE_CURVE ( 'NONE', #2510, #4081, #4163, .T. ) ;
#90 = CARTESIAN_POINT ( 'NONE',  ( -90.00000000000000000, 20.00000000000000355, -69.99999999999982947 ) ) ;
#91 =( REPRESENTATION_RELATIONSHIP ('NONE','NONE', #4037, #876 ) REPRESENTATION_RELATIONSHIP_WITH_TRANSFORMATION ( #412 )SHAPE_REPRESENTATION_RELATIONSHIP( ) );
#92 = DIRECTION ( 'NONE',  ( 1.000000000000000000, -0.0000000000000000000, -0.0000000000000000000 ) ) ;
#93 = COLOUR_RGB ( '',1.000000000000000000, 1.000000000000000000, 1.000000000000000000 ) ;
#94 = CARTESIAN_POINT ( 'NONE',  ( -78.00000000000000000, 20.00000000000000355, -67.99999999999991473 ) ) ;
#95 = EDGE_CURVE ( 'NONE', #1151, #3029, #1685, .T. ) ;
#96 = AXIS2_PLACEMENT_3D ( 'NONE', #2165, #10, #2526 ) ;
#97 = FACE_BOUND ( 'NONE', #1360, .T. ) ;
#98 = CARTESIAN_POINT ( 'NONE',  ( 90.00000000000000000, 1055.000000000000227, 45.00000000000000000 ) ) ;
#99 = CARTESIAN_POINT ( 'NONE',  ( -69.99999999999985789, 1080.000000000000000, 90.00000000000000000 ) ) ;
#100 = CARTESIAN_POINT ( 'NONE',  ( 124.9999999999999716, 0.0000000000000000000, 117.5000000000000000 ) ) ;
#101 = CARTESIAN_POINT ( 'NONE',  ( -2.140462239949360482E-14, 1100.000000000000000, 0.0000000000000000000 ) ) ;
#102 =( NAMED_UNIT ( * ) PLANE_ANGLE_UNIT ( ) SI_UNIT ( $, .RADIAN. ) );
#103 = CARTESIAN_POINT ( 'NONE',  ( 7.500000000000000000, -0.001000000000001000089, -150.0000000000000284 ) ) ;
#104 = ORIENTED_EDGE ( 'NONE', *, *, #25, .F. ) ;
#105 = ORIENTED_EDGE ( 'NONE', *, *, #4603, .F. ) ;
#106 = ORIENTED_EDGE ( 'NONE', *, *, #1748, .F. ) ;
#107 = CARTESIAN_POINT ( 'NONE',  ( 30.00000000000000000, 0.0000000000000000000, -120.5000000000000000 ) ) ;
#108 = CIRCLE ( 'NONE', #1005, 4.500000000000003553 ) ;
#109 = DIRECTION ( 'NONE',  ( 0.0000000000000000000, 0.0000000000000000000, -1.000000000000000000 ) ) ;
#110 = VERTEX_POINT ( 'NONE', #3215 ) ;
#111 = AXIS2_PLACEMENT_3D ( 'NONE', #2076, #2818, #1728 ) ;
#112 = ADVANCED_FACE ( 'NONE', ( #4380 ), #1892, .F. ) ;
#113 = FILL_AREA_STYLE_COLOUR ( '', #359 ) ;
#114 = EDGE_CURVE ( 'NONE', #3324, #509, #829, .T. ) ;
#115 = DIRECTION ( 'NONE',  ( -0.0000000000000000000, 1.000000000000000000, 0.0000000000000000000 ) ) ;
#116 = ORIENTED_EDGE ( 'NONE', *, *, #4113, .F. ) ;
#117 =( NAMED_UNIT ( * ) PLANE_ANGLE_UNIT ( ) SI_UNIT ( $, .RADIAN. ) );
#118 = CARTESIAN_POINT ( 'NONE',  ( -124.9999999999999716, 20.00000000000000000, -132.5000000000000000 ) ) ;
#119 = CIRCLE ( 'NONE', #1428, 2.999999999999988898 ) ;
#120 = EDGE_CURVE ( 'NONE', #2333, #3210, #2919, .T. ) ;
#121 = EDGE_LOOP ( 'NONE', ( #1976, #1848 ) ) ;
#122 = EDGE_LOOP ( 'NONE', ( #1970, #2996, #2180, #1091 ) ) ;
#123 = DIRECTION ( 'NONE',  ( 0.0000000000000000000, 0.0000000000000000000, 1.000000000000000000 ) ) ;
#124 = LINE ( 'NONE', #4666, #4457 ) ;
#125 = DIRECTION ( 'NONE',  ( 7.401486830834376525E-17, 1.000000000000000000, 0.0000000000000000000 ) ) ;
#126 = ORIENTED_EDGE ( 'NONE', *, *, #601, .F. ) ;
#127 = ORIENTED_EDGE ( 'NONE', *, *, #4425, .T. ) ;
#128 = DIRECTION ( 'NONE',  ( 1.000000000000000000, -0.0000000000000000000, -0.0000000000000000000 ) ) ;
#129 = ORIENTED_EDGE ( 'NONE', *, *, #1379, .T. ) ;
#130 = CIRCLE ( 'NONE', #3807, 20.00000000000000355 ) ;
#131 = LINE ( 'NONE', #2164, #745 ) ;
#132 = EDGE_CURVE ( 'NONE', #4432, #3253, #1012, .T. ) ;
#133 = SURFACE_SIDE_STYLE ('',( #746 ) ) ;
#134 = DIRECTION ( 'NONE',  ( 0.0000000000000000000, 0.0000000000000000000, 1.000000000000000000 ) ) ;
#135 = COLOUR_RGB ( '',1.000000000000000000, 1.000000000000000000, 1.000000000000000000 ) ;
#136 = VERTEX_POINT ( 'NONE', #2119 ) ;
#137 = LINE ( 'NONE', #1674, #3851 ) ;
#138 = DIRECTION ( 'NONE',  ( 0.0000000000000000000, 0.0000000000000000000, -1.000000000000000000 ) ) ;
#139 = DIRECTION ( 'NONE',  ( -0.0000000000000000000, -1.000000000000000000, -0.0000000000000000000 ) ) ;
#140 = DIRECTION ( 'NONE',  ( 1.000000000000000000, 0.0000000000000000000, 0.0000000000000000000 ) ) ;
#141 = CARTESIAN_POINT ( 'NONE',  ( 0.0000000000000000000, 20.00000000000000000, -142.5000000000000568 ) ) ;
#142 = AXIS2_PLACEMENT_3D ( 'NONE', #2072, #3226, #1752 ) ;
#143 = VECTOR ( 'NONE', #1045, 1000.000000000000000 ) ;
#144 = ADVANCED_FACE ( 'NONE', ( #1839 ), #3535, .F. ) ;
#145 = ORIENTED_EDGE ( 'NONE', *, *, #3068, .T. ) ;
#146 = AXIS2_PLACEMENT_3D ( 'NONE', #3481, #1330, #4534 ) ;
#147 = CARTESIAN_POINT ( 'NONE',  ( -90.00000000000000000, 1080.000000000000000, -95.09999999999999432 ) ) ;
#148 = VERTEX_POINT ( 'NONE', #1399 ) ;
#149 = EDGE_CURVE ( 'NONE', #4297, #1592, #48, .T. ) ;
#150 = VERTEX_POINT ( 'NONE', #1413 ) ;
#151 = CARTESIAN_POINT ( 'NONE',  ( 110.0000000000000000, 220.0000000000000568, -7.500000000000013323 ) ) ;
#152 = AXIS2_PLACEMENT_3D ( 'NONE', #2309, #165, #526 ) ;
#153 = FILL_AREA_STYLE_COLOUR ( '', #14 ) ;
#154 = EDGE_CURVE ( 'NONE', #4382, #2019, #2524, .T. ) ;
#155 =( LENGTH_UNIT ( ) NAMED_UNIT ( * ) SI_UNIT ( .MILLI., .METRE. ) );
#156 = CARTESIAN_POINT ( 'NONE',  ( -29.99999999999998579, 20.00000000000000000, 125.0000000000000284 ) ) ;
#157 = EDGE_CURVE ( 'NONE', #3253, #2862, #889, .T. ) ;
#158 = AXIS2_PLACEMENT_3D ( 'NONE', #3180, #1345, #2488 ) ;
#159 = CARTESIAN_POINT ( 'NONE',  ( -70.00000000000000000, 1100.000000000000000, 95.00000000000000000 ) ) ;
#160 =( GEOMETRIC_REPRESENTATION_CONTEXT ( 3 ) GLOBAL_UNCERTAINTY_ASSIGNED_CONTEXT ( ( #569 ) ) GLOBAL_UNIT_ASSIGNED_CONTEXT ( ( #4132, #1585, #3424 ) ) REPRESENTATION_CONTEXT ( 'NONE', 'WORKASPACE' ) );
#161 = PLANE ( 'NONE',  #1779 ) ;
#162 = ADVANCED_FACE ( 'NONE', ( #4495 ), #4355, .F. ) ;
#163 = ADVANCED_FACE ( 'NONE', ( #4104 ), #1166, .F. ) ;
#164 = UNCERTAINTY_MEASURE_WITH_UNIT (LENGTH_MEASURE( 1.000000000000000082E-05 ), #1601, 'distance_accuracy_value', 'NONE');
#165 = DIRECTION ( 'NONE',  ( -4.386237095914525535E-66, -3.081487911019577365E-33, -1.000000000000000000 ) ) ;
#166 = CYLINDRICAL_SURFACE ( 'NONE', #4653, 5.099999999999993427 ) ;
#167 = VERTEX_POINT ( 'NONE', #3602 ) ;
#168 = CLOSED_SHELL ( 'NONE', ( #1203, #982, #3691, #995, #4213, #2963, #3581, #3716, #4383, #2025, #1922, #163, #4628, #2517, #841, #587, #1569, #4482, #3059, #1056, #4434, #208, #2690, #2440, #287, #144 ) ) ;
#169 = DIRECTION ( 'NONE',  ( -0.0000000000000000000, 1.000000000000000000, -0.0000000000000000000 ) ) ;
#170 = CARTESIAN_POINT ( 'NONE',  ( 140.0000000000000000, 20.00000000000000000, -150.0000000000000000 ) ) ;
#171 = DIRECTION ( 'NONE',  ( 0.7071067811865475727, 0.0000000000000000000, 0.7071067811865475727 ) ) ;
#172 = VERTEX_POINT ( 'NONE', #1150 ) ;
#173 = VERTEX_POINT ( 'NONE', #1122 ) ;
#174 = DIRECTION ( 'NONE',  ( 1.000000000000000000, -1.078520768856852078E-32, -1.982541115402069301E-16 ) ) ;
#175 = EDGE_CURVE ( 'NONE', #167, #1149, #4375, .T. ) ;
#176 = VERTEX_POINT ( 'NONE', #76 ) ;
#177 = CYLINDRICAL_SURFACE ( 'NONE', #3419, 3.399999999999986144 ) ;
#178 = DIRECTION ( 'NONE',  ( 0.7071067811865484609, 0.0000000000000000000, 0.7071067811865465735 ) ) ;
#179 = DIRECTION ( 'NONE',  ( -0.9805806756909202226, -0.1961161351381840445, -3.081487911019576339E-33 ) ) ;
#180 = VECTOR ( 'NONE', #733, 1000.000000000000000 ) ;
#181 = ORIENTED_EDGE ( 'NONE', *, *, #387, .F. ) ;
#182 = ORIENTED_EDGE ( 'NONE', *, *, #4, .F. ) ;
#183 = VECTOR ( 'NONE', #1410, 1000.000000000000000 ) ;
#184 = DIRECTION ( 'NONE',  ( -1.000000000000000000, 3.466673899897024536E-33, 1.982541115402069301E-16 ) ) ;
#185 = CARTESIAN_POINT ( 'NONE',  ( -78.00000000000000000, 1080.000000000000000, -67.99999999999991473 ) ) ;
#186 = ORIENTED_EDGE ( 'NONE', *, *, #191, .T. ) ;
#187 = CARTESIAN_POINT ( 'NONE',  ( 90.00000000000000000, 1100.000000000000000, -95.09999999999999432 ) ) ;
#188 = EDGE_LOOP ( 'NONE', ( #2565, #2653 ) ) ;
#189 = VECTOR ( 'NONE', #1681, 1000.000000000000000 ) ;
#190 = LINE ( 'NONE', #2000, #4519 ) ;
#191 = EDGE_CURVE ( 'NONE', #4004, #2079, #825, .T. ) ;
#192 = ORIENTED_EDGE ( 'NONE', *, *, #2070, .T. ) ;
#193 = AXIS2_PLACEMENT_3D ( 'NONE', #1736, #2519, #4611 ) ;
#194 =( NAMED_UNIT ( * ) PLANE_ANGLE_UNIT ( ) SI_UNIT ( $, .RADIAN. ) );
#195 = ORIENTED_EDGE ( 'NONE', *, *, #114, .F. ) ;
#196 = ORIENTED_EDGE ( 'NONE', *, *, #4447, .T. ) ;
#197 = VECTOR ( 'NONE', #1301, 1000.000000000000000 ) ;
#198 = FACE_OUTER_BOUND ( 'NONE', #4449, .T. ) ;
#199 = DIRECTION ( 'NONE',  ( -0.0000000000000000000, 1.000000000000000000, -0.0000000000000000000 ) ) ;
#200 = CARTESIAN_POINT ( 'NONE',  ( -90.00000000000000000, 20.00000000000001776, 7.500000000000013323 ) ) ;
#201 = ORIENTED_EDGE ( 'NONE', *, *, #2756, .F. ) ;
#202 = ORIENTED_EDGE ( 'NONE', *, *, #4583, .T. ) ;
#203 = DIRECTION ( 'NONE',  ( -0.0000000000000000000, 1.000000000000000000, -0.0000000000000000000 ) ) ;
#204 = CARTESIAN_POINT ( 'NONE',  ( -70.00000000000000000, 1100.000000000000000, 98.50000000000000000 ) ) ;
#205 = DIRECTION ( 'NONE',  ( 0.0000000000000000000, 0.0000000000000000000, -1.000000000000000000 ) ) ;
#206 = VECTOR ( 'NONE', #3261, 1000.000000000000000 ) ;
#207 = PLANE ( 'NONE',  #3158 ) ;
#208 = ADVANCED_FACE ( 'NONE', ( #97, #1679 ), #2222, .F. ) ;
#209 = AXIS2_PLACEMENT_3D ( 'NONE', #3156, #1766, #4281 ) ;
#210 = EDGE_LOOP ( 'NONE', ( #238, #3135, #3105, #1562 ) ) ;
#211 = DIRECTION ( 'NONE',  ( -3.466673899897023851E-33, 1.000000000000000000, -3.942568710255460192E-34 ) ) ;
#212 = EDGE_CURVE ( 'NONE', #2428, #1196, #3354, .T. ) ;
#213 = DIRECTION ( 'NONE',  ( 1.000000000000000000, 0.0000000000000000000, 0.0000000000000000000 ) ) ;
#214 = DIRECTION ( 'NONE',  ( 0.7071067811865489050, 0.0000000000000000000, 0.7071067811865461294 ) ) ;
#215 = STYLED_ITEM ( 'NONE', ( #722 ), #144 ) ;
#216 = AXIS2_PLACEMENT_3D ( 'NONE', #1161, #3684, #1185 ) ;
#217 = UNCERTAINTY_MEASURE_WITH_UNIT (LENGTH_MEASURE( 1.000000000000000082E-05 ), #1790, 'distance_accuracy_value', 'NONE');
#218 = FACE_OUTER_BOUND ( 'NONE', #81, .T. ) ;
#219 = DIRECTION ( 'NONE',  ( 0.0000000000000000000, 0.0000000000000000000, -1.000000000000000000 ) ) ;
#220 = ORIENTED_EDGE ( 'NONE', *, *, #450, .T. ) ;
#221 = VERTEX_POINT ( 'NONE', #2576 ) ;
#222 = DIRECTION ( 'NONE',  ( 6.162975822039154730E-33, 1.540743955509788682E-33, 1.000000000000000000 ) ) ;
#223 = ORIENTED_EDGE ( 'NONE', *, *, #2677, .T. ) ;
#224 = ORIENTED_EDGE ( 'NONE', *, *, #1565, .T. ) ;
#225 = DIRECTION ( 'NONE',  ( 1.000000000000000000, -0.0000000000000000000, -0.0000000000000000000 ) ) ;
#226 = CARTESIAN_POINT ( 'NONE',  ( 90.00000000000000000, 1015.000000000000114, 42.50000000000004974 ) ) ;
#227 = DIRECTION ( 'NONE',  ( 0.7071067811865474617, 0.0000000000000000000, -0.7071067811865474617 ) ) ;
#228 = STYLED_ITEM ( 'NONE', ( #1596 ), #2010 ) ;
#229 = SURFACE_STYLE_FILL_AREA ( #3949 ) ;
#230 = ADVANCED_FACE ( 'NONE', ( #2401 ), #383, .F. ) ;
#231 = ORIENTED_EDGE ( 'NONE', *, *, #2765, .F. ) ;
#232 = FILL_AREA_STYLE ('',( #3061 ) ) ;
#233 = EDGE_CURVE ( 'NONE', #4288, #509, #4097, .T. ) ;
#234 = LINE ( 'NONE', #4241, #1469 ) ;
#235 = AXIS2_PLACEMENT_3D ( 'NONE', #3017, #4123, #4108 ) ;
#236 = CARTESIAN_POINT ( 'NONE',  ( 90.00000000000000000, 220.0000000000000284, -7.500000000000013323 ) ) ;
#237 = SURFACE_STYLE_USAGE ( .BOTH. , #2439 ) ;
#238 = ORIENTED_EDGE ( 'NONE', *, *, #2173, .F. ) ;
#239 = FACE_OUTER_BOUND ( 'NONE', #2734, .T. ) ;
#240 = PRESENTATION_STYLE_ASSIGNMENT (( #3404 ) ) ;
#241 = VECTOR ( 'NONE', #2735, 1000.000000000000000 ) ;
#242 = EDGE_CURVE ( 'NONE', #2205, #2201, #1277, .T. ) ;
#243 = EDGE_LOOP ( 'NONE', ( #4529, #1442, #220, #2528 ) ) ;
#244 = ORIENTED_EDGE ( 'NONE', *, *, #1144, .T. ) ;
#245 = VERTEX_POINT ( 'NONE', #1549 ) ;
#246 = VECTOR ( 'NONE', #2846, 1000.000000000000000 ) ;
#247 = LINE ( 'NONE', #385, #2775 ) ;
#248 = SURFACE_SIDE_STYLE ('',( #1862 ) ) ;
#249 = DIRECTION ( 'NONE',  ( -1.932701039895095811E-34, -1.000000000000000000, 1.540743955509788682E-33 ) ) ;
#250 = VERTEX_POINT ( 'NONE', #3367 ) ;
#251 = ORIENTED_EDGE ( 'NONE', *, *, #3952, .F. ) ;
#252 = CIRCLE ( 'NONE', #2109, 4.499999999999990230 ) ;
#253 = EDGE_CURVE ( 'NONE', #3998, #4363, #2570, .T. ) ;
#254 =( GEOMETRIC_REPRESENTATION_CONTEXT ( 3 ) GLOBAL_UNCERTAINTY_ASSIGNED_CONTEXT ( ( #4209 ) ) GLOBAL_UNIT_ASSIGNED_CONTEXT ( ( #1545, #836, #3353 ) ) REPRESENTATION_CONTEXT ( 'NONE', 'WORKASPACE' ) );
#255 = CIRCLE ( 'NONE', #2474, 3.400000000000000355 ) ;
#256 = CARTESIAN_POINT ( 'NONE',  ( -69.99999999999998579, 1080.000000000000000, -69.99999999999997158 ) ) ;
#257 = CARTESIAN_POINT ( 'NONE',  ( 30.00000000000001421, 0.0000000000000000000, 121.5999999999999943 ) ) ;
#258 = CIRCLE ( 'NONE', #3835, 5.099999999999993427 ) ;
#259 = CARTESIAN_POINT ( 'NONE',  ( -69.99999999999998579, 1080.000000000000000, 69.99999999999998579 ) ) ;
#260 = FACE_OUTER_BOUND ( 'NONE', #3141, .T. ) ;
#261 = ORIENTED_EDGE ( 'NONE', *, *, #1044, .T. ) ;
#262 = SURFACE_STYLE_FILL_AREA ( #814 ) ;
#263 = EDGE_CURVE ( 'NONE', #3227, #1305, #599, .T. ) ;
#264 = DIRECTION ( 'NONE',  ( 1.932701039895095811E-34, 1.000000000000000000, -1.540743955509788682E-33 ) ) ;
#265 = SURFACE_SIDE_STYLE ('',( #541 ) ) ;
#266 = FILL_AREA_STYLE ('',( #3502 ) ) ;
#267 = ADVANCED_FACE ( 'NONE', ( #3926 ), #1216, .F. ) ;
#268 = AXIS2_PLACEMENT_3D ( 'NONE', #2097, #249, #3848 ) ;
#269 = DIRECTION ( 'NONE',  ( 0.7071067811865470176, -5.233641528945913114E-17, 0.7071067811865480168 ) ) ;
#270 = FILL_AREA_STYLE ('',( #3812 ) ) ;
#271 = CARTESIAN_POINT ( 'NONE',  ( -124.9999999999999716, 20.00000000000000000, -132.5000000000000000 ) ) ;
#272 =( GEOMETRIC_REPRESENTATION_CONTEXT ( 3 ) GLOBAL_UNCERTAINTY_ASSIGNED_CONTEXT ( ( #2473 ) ) GLOBAL_UNIT_ASSIGNED_CONTEXT ( ( #3855, #1732, #3128 ) ) REPRESENTATION_CONTEXT ( 'NONE', 'WORKASPACE' ) );
#273 = CARTESIAN_POINT ( 'NONE',  ( 7.500000000000000000, 220.0000000000000284, 89.99999999999998579 ) ) ;
#274 = DIRECTION ( 'NONE',  ( 0.7071067811865390240, -0.0000000000000000000, 0.7071067811865561215 ) ) ;
#275 = VERTEX_POINT ( 'NONE', #1938 ) ;
#276 = ORIENTED_EDGE ( 'NONE', *, *, #696, .T. ) ;
#277 = ORIENTED_EDGE ( 'NONE', *, *, #2724, .T. ) ;
#278 = FILL_AREA_STYLE ('',( #4262 ) ) ;
#279 =( LENGTH_UNIT ( ) NAMED_UNIT ( * ) SI_UNIT ( .MILLI., .METRE. ) );
#280 = VERTEX_POINT ( 'NONE', #2622 ) ;
#281 = ORIENTED_EDGE ( 'NONE', *, *, #2338, .T. ) ;
#282 = DIRECTION ( 'NONE',  ( -1.850371707708594316E-16, -0.0000000000000000000, -1.000000000000000000 ) ) ;
#283 = DIRECTION ( 'NONE',  ( 7.401486830834376525E-17, 1.000000000000000000, 0.0000000000000000000 ) ) ;
#284 = SURFACE_STYLE_FILL_AREA ( #2126 ) ;
#285 = ORIENTED_EDGE ( 'NONE', *, *, #450, .F. ) ;
#286 = PRESENTATION_STYLE_ASSIGNMENT (( #655 ) ) ;
#287 = ADVANCED_FACE ( 'NONE', ( #2852 ), #3567, .F. ) ;
#288 = PLANE ( 'NONE',  #2692 ) ;
#289 = ORIENTED_EDGE ( 'NONE', *, *, #3760, .F. ) ;
#290 = LINE ( 'NONE', #3561, #739 ) ;
#291 = SURFACE_STYLE_USAGE ( .BOTH. , #3560 ) ;
#292 = EDGE_CURVE ( 'NONE', #3572, #4288, #2672, .T. ) ;
#293 = ORIENTED_EDGE ( 'NONE', *, *, #2896, .F. ) ;
#294 = AXIS2_PLACEMENT_3D ( 'NONE', #1670, #3876, #2753 ) ;
#295 = LINE ( 'NONE', #1202, #4625 ) ;
#296 = DIRECTION ( 'NONE',  ( 1.000000000000000000, 1.932701039895095811E-34, 6.162975822039153361E-33 ) ) ;
#297 = LINE ( 'NONE', #1870, #3504 ) ;
#298 = DIRECTION ( 'NONE',  ( -1.000000000000000000, -0.0000000000000000000, 1.982541115402069301E-16 ) ) ;
#299 = MECHANICAL_DESIGN_GEOMETRIC_PRESENTATION_REPRESENTATION (  '', ( #2712 ), #3363 ) ;
#300 = ORIENTED_EDGE ( 'NONE', *, *, #4264, .F. ) ;
#301 = LINE ( 'NONE', #3256, #4352 ) ;
#302 = VERTEX_POINT ( 'NONE', #4075 ) ;
#303 = CARTESIAN_POINT ( 'NONE',  ( 78.00000000000000000, 1015.000000000000114, 45.00000000000000000 ) ) ;
#304 = VERTEX_POINT ( 'NONE', #3696 ) ;
#305 = DIRECTION ( 'NONE',  ( 1.850371707708594316E-16, 0.0000000000000000000, 1.000000000000000000 ) ) ;
#306 = MECHANICAL_DESIGN_GEOMETRIC_PRESENTATION_REPRESENTATION (  '', ( #1352 ), #774 ) ;
#307 = LINE ( 'NONE', #3325, #3053 ) ;
#308 = EDGE_CURVE ( 'NONE', #626, #4175, #2611, .T. ) ;
#309 = LINE ( 'NONE', #3160, #1872 ) ;
#310 = CIRCLE ( 'NONE', #3775, 5.099999999999993427 ) ;
#311 = COLOUR_RGB ( '',1.000000000000000000, 1.000000000000000000, 1.000000000000000000 ) ;
#312 = MANIFOLD_SOLID_BREP ( 'Gusset2', #767 ) ;
#313 = DIRECTION ( 'NONE',  ( -0.0000000000000000000, 1.000000000000000000, -0.0000000000000000000 ) ) ;
#314 = DIRECTION ( 'NONE',  ( 1.000000000000000000, -0.0000000000000000000, -0.0000000000000000000 ) ) ;
#315 = CARTESIAN_POINT ( 'NONE',  ( -124.9999999999999716, 0.0000000000000000000, -125.0000000000000000 ) ) ;
#316 = EDGE_CURVE ( 'NONE', #2423, #2482, #754, .T. ) ;
#317 = VERTEX_POINT ( 'NONE', #4396 ) ;
#318 = PRESENTATION_LAYER_ASSIGNMENT (  '', '', ( #4026 ) ) ;
#319 = ORIENTED_EDGE ( 'NONE', *, *, #642, .F. ) ;
#320 = DIRECTION ( 'NONE',  ( 0.0000000000000000000, 0.0000000000000000000, 1.000000000000000000 ) ) ;
#321 = DIRECTION ( 'NONE',  ( -6.162975822039153361E-33, 1.540743955509788682E-33, 1.000000000000000000 ) ) ;
#322 = DIRECTION ( 'NONE',  ( 0.0000000000000000000, 1.000000000000000000, 0.0000000000000000000 ) ) ;
#323 =( NAMED_UNIT ( * ) PLANE_ANGLE_UNIT ( ) SI_UNIT ( $, .RADIAN. ) );
#324 = CARTESIAN_POINT ( 'NONE',  ( 78.00000000000000000, 1055.000000000000227, 47.49999999999994316 ) ) ;
#325 = AXIS2_PLACEMENT_3D ( 'NONE', #3782, #2331, #558 ) ;
#326 =( NAMED_UNIT ( * ) SI_UNIT ( $, .STERADIAN. ) SOLID_ANGLE_UNIT ( ) );
#327 = EDGE_CURVE ( 'NONE', #843, #863, #4357, .T. ) ;
#328 = STYLED_ITEM ( 'NONE', ( #15 ), #3294 ) ;
#329 = DIRECTION ( 'NONE',  ( 0.0000000000000000000, 0.0000000000000000000, 1.000000000000000000 ) ) ;
#330 = CARTESIAN_POINT ( 'NONE',  ( 7.500000000000000000, 19.99999999999998934, 89.99999999999998579 ) ) ;
#331 = DIRECTION ( 'NONE',  ( 1.982541115402068808E-16, 1.181499347331012926E-35, 1.000000000000000000 ) ) ;
#332 = CARTESIAN_POINT ( 'NONE',  ( -90.00000000000000000, 1100.000000000000000, -90.00000000000000000 ) ) ;
#333 = CARTESIAN_POINT ( 'NONE',  ( 90.00000000000000000, 1015.000000000000114, 45.00000000000000000 ) ) ;
#334 = PRESENTATION_LAYER_ASSIGNMENT (  '', '', ( #899 ) ) ;
#335 = CARTESIAN_POINT ( 'NONE',  ( 7.500000000000009770, 70.00000000000001421, 139.9999999999999716 ) ) ;
#336 = CARTESIAN_POINT ( 'NONE',  ( -70.00000000000000000, 1100.000000000000000, 95.00000000000000000 ) ) ;
#337 = ORIENTED_EDGE ( 'NONE', *, *, #2484, .F. ) ;
#338 = DIRECTION ( 'NONE',  ( -0.0000000000000000000, -1.000000000000000000, -0.0000000000000000000 ) ) ;
#339 = EDGE_LOOP ( 'NONE', ( #3239, #4119, #1633, #3021 ) ) ;
#340 = ORIENTED_EDGE ( 'NONE', *, *, #2167, .F. ) ;
#341 = EDGE_CURVE ( 'NONE', #3977, #1725, #2897, .T. ) ;
#342 = CARTESIAN_POINT ( 'NONE',  ( 124.9999999999999716, 0.0000000000000000000, 30.00000000000000000 ) ) ;
#343 = AXIS2_PLACEMENT_3D ( 'NONE', #421, #770, #2582 ) ;
#344 = LINE ( 'NONE', #2187, #3430 ) ;
#345 = ORIENTED_EDGE ( 'NONE', *, *, #2225, .T. ) ;
#346 = CARTESIAN_POINT ( 'NONE',  ( 110.0000000000000000, 220.0000000000000568, 7.499999999999985789 ) ) ;
#347 = DIRECTION ( 'NONE',  ( 0.0000000000000000000, 0.0000000000000000000, -1.000000000000000000 ) ) ;
#348 = CIRCLE ( 'NONE', #3679, 62.50000000000000000 ) ;
#349 = DIRECTION ( 'NONE',  ( 1.000000000000000000, -1.078520768856852078E-32, -1.982541115402069301E-16 ) ) ;
#350 = LINE ( 'NONE', #3098, #4126 ) ;
#351 = ORIENTED_EDGE ( 'NONE', *, *, #1583, .F. ) ;
#352 = CARTESIAN_POINT ( 'NONE',  ( 7.500000000000000000, 220.0000000000000284, -89.99999999999998579 ) ) ;
#353 = ORIENTED_EDGE ( 'NONE', *, *, #365, .T. ) ;
#354 = CIRCLE ( 'NONE', #1637, 62.50000000000000000 ) ;
#355 = SURFACE_STYLE_FILL_AREA ( #4507 ) ;
#356 = DIRECTION ( 'NONE',  ( -0.0000000000000000000, -1.000000000000000000, -0.0000000000000000000 ) ) ;
#357 = DIRECTION ( 'NONE',  ( -0.0000000000000000000, 1.000000000000000000, -0.0000000000000000000 ) ) ;
#358 = ORIENTED_EDGE ( 'NONE', *, *, #564, .F. ) ;
#359 = COLOUR_RGB ( '',1.000000000000000000, 1.000000000000000000, 1.000000000000000000 ) ;
#360 = VERTEX_POINT ( 'NONE', #2989 ) ;
#361 = LINE ( 'NONE', #380, #1588 ) ;
#362 = VECTOR ( 'NONE', #3185, 1000.000000000000000 ) ;
#363 = CARTESIAN_POINT ( 'NONE',  ( -90.00000000000000000, 1100.000000000000000, -84.90000000000000568 ) ) ;
#364 = CARTESIAN_POINT ( 'NONE',  ( 77.99999999999998579, 1015.000000000000114, -47.49999999999994316 ) ) ;
#365 = EDGE_CURVE ( 'NONE', #3920, #1256, #2161, .T. ) ;
#366 = CIRCLE ( 'NONE', #932, 20.00000000000000355 ) ;
#368 = EDGE_LOOP ( 'NONE', ( #2442, #86, #2234, #443 ) ) ;
#367 = SURFACE_STYLE_USAGE ( .BOTH. , #4270 ) ;
#369 = VERTEX_POINT ( 'NONE', #141 ) ;
#370 = ADVANCED_FACE ( 'NONE', ( #930 ), #589, .F. ) ;
#371 = VECTOR ( 'NONE', #3011, 1000.000000000000000 ) ;
#372 = SURFACE_STYLE_FILL_AREA ( #1890 ) ;
#373 = EDGE_CURVE ( 'NONE', #3466, #394, #1878, .T. ) ;
#374 = UNCERTAINTY_MEASURE_WITH_UNIT (LENGTH_MEASURE( 1.000000000000000082E-05 ), #2312, 'distance_accuracy_value', 'NONE');
#375 = ORIENTED_EDGE ( 'NONE', *, *, #3298, .T. ) ;
#376 = DIRECTION ( 'NONE',  ( 0.0000000000000000000, 1.000000000000000000, 0.0000000000000000000 ) ) ;
#377 = PLANE ( 'NONE',  #1470 ) ;
#378 = ORIENTED_EDGE ( 'NONE', *, *, #498, .F. ) ;
#379 = EDGE_CURVE ( 'NONE', #1371, #1584, #4304, .T. ) ;
#380 = CARTESIAN_POINT ( 'NONE',  ( -150.0000000000000284, 0.0000000000000000000, -150.0000000000000000 ) ) ;
#381 = DIRECTION ( 'NONE',  ( 0.0000000000000000000, 1.000000000000000000, 0.0000000000000000000 ) ) ;
#382 = FILL_AREA_STYLE ('',( #2166 ) ) ;
#383 = PLANE ( 'NONE',  #2935 ) ;
#384 = CARTESIAN_POINT ( 'NONE',  ( -7.499999999999994671, 220.0000000000000284, 109.9999999999999858 ) ) ;
#385 = CARTESIAN_POINT ( 'NONE',  ( 90.00000000000000000, 19.99999999999998934, -7.500000000000013323 ) ) ;
#386 = CARTESIAN_POINT ( 'NONE',  ( -124.9999999999999716, 20.00000000000000000, 125.0000000000000000 ) ) ;
#387 = EDGE_CURVE ( 'NONE', #2194, #1955, #1320, .T. ) ;
#388 = DIRECTION ( 'NONE',  ( 0.0000000000000000000, 0.0000000000000000000, 1.000000000000000000 ) ) ;
#389 = AXIS2_PLACEMENT_3D ( 'NONE', #2536, #3336, #936 ) ;
#390 = DIRECTION ( 'NONE',  ( 0.0000000000000000000, 0.0000000000000000000, -1.000000000000000000 ) ) ;
#391 = DIRECTION ( 'NONE',  ( -0.7071067811865441310, 0.0000000000000000000, -0.7071067811865510144 ) ) ;
#392 = ORIENTED_EDGE ( 'NONE', *, *, #2740, .F. ) ;
#393 = DIRECTION ( 'NONE',  ( 1.000000000000000000, -1.078520768856852078E-32, -1.982541115402069301E-16 ) ) ;
#394 = VERTEX_POINT ( 'NONE', #1984 ) ;
#395 = AXIS2_PLACEMENT_3D ( 'NONE', #2114, #3206, #1071 ) ;
#396 = VERTEX_POINT ( 'NONE', #204 ) ;
#397 = EDGE_CURVE ( 'NONE', #3784, #2600, #2554, .T. ) ;
#398 = SURFACE_STYLE_FILL_AREA ( #2649 ) ;
#399 = EDGE_LOOP ( 'NONE', ( #479, #3610, #289, #3496 ) ) ;
#400 = ORIENTED_EDGE ( 'NONE', *, *, #1363, .F. ) ;
#401 = DIRECTION ( 'NONE',  ( 0.0000000000000000000, 0.0000000000000000000, 1.000000000000000000 ) ) ;
#402 = ORIENTED_EDGE ( 'NONE', *, *, #379, .T. ) ;
#403 =( GEOMETRIC_REPRESENTATION_CONTEXT ( 3 ) GLOBAL_UNCERTAINTY_ASSIGNED_CONTEXT ( ( #2228 ) ) GLOBAL_UNIT_ASSIGNED_CONTEXT ( ( #3192, #732, #1062 ) ) REPRESENTATION_CONTEXT ( 'NONE', 'WORKASPACE' ) );
#404 = COLOUR_RGB ( '',1.000000000000000000, 1.000000000000000000, 1.000000000000000000 ) ;
#405 = CARTESIAN_POINT ( 'NONE',  ( 70.00000000000000000, 1100.000000000000000, -95.00000000000000000 ) ) ;
#406 = VERTEX_POINT ( 'NONE', #2717 ) ;
#407 = FILL_AREA_STYLE ('',( #47 ) ) ;
#408 = LINE ( 'NONE', #2221, #1249 ) ;
#409 = FACE_OUTER_BOUND ( 'NONE', #4314, .T. ) ;
#410 = VERTEX_POINT ( 'NONE', #187 ) ;
#411 = VECTOR ( 'NONE', #2004, 1000.000000000000000 ) ;
#412 = ITEM_DEFINED_TRANSFORMATION ( 'NONE', 'NONE', #2725,  #3043 ) ;
#413 = EDGE_LOOP ( 'NONE', ( #2310, #750 ) ) ;
#414 = EDGE_CURVE ( 'NONE', #250, #2737, #2949, .T. ) ;
#415 = ORIENTED_EDGE ( 'NONE', *, *, #3927, .T. ) ;
#416 = CARTESIAN_POINT ( 'NONE',  ( -124.9999999999999716, 0.0000000000000000000, -34.49999999999999289 ) ) ;
#417 = ORIENTED_EDGE ( 'NONE', *, *, #642, .T. ) ;
#418 = CARTESIAN_POINT ( 'NONE',  ( 124.9999999999999716, 20.00000000000000000, 125.0000000000000000 ) ) ;
#419 = CIRCLE ( 'NONE', #1453, 3.400000000000000355 ) ;
#420 = FACE_OUTER_BOUND ( 'NONE', #3505, .T. ) ;
#421 = CARTESIAN_POINT ( 'NONE',  ( -7.500000000001047162, -0.001000000000001000089, 149.9999999999999716 ) ) ;
#422 = EDGE_CURVE ( 'NONE', #1256, #922, #3801, .T. ) ;
#423 = SURFACE_STYLE_USAGE ( .BOTH. , #813 ) ;
#424 = LINE ( 'NONE', #1965, #3979 ) ;
#425 = CARTESIAN_POINT ( 'NONE',  ( 90.00000000000000000, 1055.000000000000227, 47.49999999999994316 ) ) ;
#426 = ORIENTED_EDGE ( 'NONE', *, *, #4166, .F. ) ;
#427 = AXIS2_PLACEMENT_3D ( 'NONE', #3040, #2676, #3358 ) ;
#428 = PRODUCT_DEFINITION_SHAPE ( 'NONE', 'NONE',  #45 ) ;
#429 = VERTEX_POINT ( 'NONE', #940 ) ;
#430 = DIRECTION ( 'NONE',  ( 0.0000000000000000000, 1.000000000000000000, 0.0000000000000000000 ) ) ;
#431 =( NAMED_UNIT ( * ) SI_UNIT ( $, .STERADIAN. ) SOLID_ANGLE_UNIT ( ) );
#432 = VECTOR ( 'NONE', #39, 1000.000000000000000 ) ;
#433 = DIRECTION ( 'NONE',  ( 9.244463733058732095E-33, -1.000000000000000000, 1.729880772769294137E-33 ) ) ;
#434 = DIRECTION ( 'NONE',  ( -0.7071067811865474617, 0.0000000000000000000, 0.7071067811865474617 ) ) ;
#435 = CARTESIAN_POINT ( 'NONE',  ( 90.00000000000000000, 1100.000000000000000, 90.00000000000000000 ) ) ;
#436 = DIRECTION ( 'NONE',  ( 1.000000000000000000, 0.0000000000000000000, 0.0000000000000000000 ) ) ;
#437 = DIRECTION ( 'NONE',  ( 0.0000000000000000000, -3.081487911019577365E-33, -1.000000000000000000 ) ) ;
#438 = VERTEX_POINT ( 'NONE', #2700 ) ;
#439 = AXIS2_PLACEMENT_3D ( 'NONE', #828, #2604, #3346 ) ;
#440 = ORIENTED_EDGE ( 'NONE', *, *, #2013, .F. ) ;
#441 = ADVANCED_FACE ( 'NONE', ( #4084 ), #548, .F. ) ;
#442 = EDGE_CURVE ( 'NONE', #2219, #459, #646, .T. ) ;
#443 = ORIENTED_EDGE ( 'NONE', *, *, #341, .F. ) ;
#444 = ORIENTED_EDGE ( 'NONE', *, *, #1845, .T. ) ;
#445 = UNCERTAINTY_MEASURE_WITH_UNIT (LENGTH_MEASURE( 1.000000000000000082E-05 ), #4299, 'distance_accuracy_value', 'NONE');
#446 = ORIENTED_EDGE ( 'NONE', *, *, #3470, .F. ) ;
#447 = AXIS2_PLACEMENT_3D ( 'NONE', #4036, #3626, #453 ) ;
#448 = DIRECTION ( 'NONE',  ( 1.000000000000000000, 0.0000000000000000000, 0.0000000000000000000 ) ) ;
#449 = SURFACE_STYLE_USAGE ( .BOTH. , #1902 ) ;
#450 = EDGE_CURVE ( 'NONE', #2580, #3029, #3735, .T. ) ;
#451 = ORIENTED_EDGE ( 'NONE', *, *, #2204, .F. ) ;
#452 = ORIENTED_EDGE ( 'NONE', *, *, #1845, .F. ) ;
#453 = DIRECTION ( 'NONE',  ( 0.0000000000000000000, 0.0000000000000000000, 1.000000000000000000 ) ) ;
#454 = ORIENTED_EDGE ( 'NONE', *, *, #4429, .F. ) ;
#455 = PLANE ( 'NONE',  #3194 ) ;
#456 = LINE ( 'NONE', #2796, #4063 ) ;
#457 = EDGE_CURVE ( 'NONE', #4382, #2952, #1602, .T. ) ;
#458 = DIRECTION ( 'NONE',  ( 0.0000000000000000000, 0.0000000000000000000, 1.000000000000000000 ) ) ;
#459 = VERTEX_POINT ( 'NONE', #950 ) ;
#460 = EDGE_LOOP ( 'NONE', ( #3187, #3437, #3541, #3479 ) ) ;
#461 = VECTOR ( 'NONE', #2909, 1000.000000000000000 ) ;
#462 = VERTEX_POINT ( 'NONE', #1631 ) ;
#463 = APPLICATION_PROTOCOL_DEFINITION ( 'draft international standard', 'automotive_design', 1998, #2207 ) ;
#465 = VERTEX_POINT ( 'NONE', #4493 ) ;
#464 = CARTESIAN_POINT ( 'NONE',  ( -140.0000000000000000, 20.00000000000000000, -150.0000000000000000 ) ) ;
#466 =( NAMED_UNIT ( * ) PLANE_ANGLE_UNIT ( ) SI_UNIT ( $, .RADIAN. ) );
#467 = VERTEX_POINT ( 'NONE', #1252 ) ;
#468 = AXIS2_PLACEMENT_3D ( 'NONE', #2132, #338, #4660 ) ;
#469 = FACE_OUTER_BOUND ( 'NONE', #4393, .T. ) ;
#470 = ADVANCED_FACE ( 'NONE', ( #4142 ), #2336, .F. ) ;
#471 = CIRCLE ( 'NONE', #3984, 3.399999999999986144 ) ;
#472 = DIRECTION ( 'NONE',  ( 6.033820786006285224E-17, -4.465924508724024472E-33, 1.000000000000000000 ) ) ;
#473 = EDGE_LOOP ( 'NONE', ( #358, #417, #3983, #4191 ) ) ;
#474 = LINE ( 'NONE', #892, #2447 ) ;
#475 = CARTESIAN_POINT ( 'NONE',  ( -7.500000000000009770, 20.00000000000001776, -139.9999999999999716 ) ) ;
#476 = PRESENTATION_STYLE_ASSIGNMENT (( #449 ) ) ;
#477 = EDGE_CURVE ( 'NONE', #697, #4643, #1763, .T. ) ;
#478 = PLANE ( 'NONE',  #1996 ) ;
#479 = ORIENTED_EDGE ( 'NONE', *, *, #2555, .T. ) ;
#480 = ORIENTED_EDGE ( 'NONE', *, *, #4217, .T. ) ;
#481 = SURFACE_STYLE_USAGE ( .BOTH. , #1899 ) ;
#482 = EDGE_CURVE ( 'NONE', #2969, #1341, #3102, .T. ) ;
#483 = ORIENTED_EDGE ( 'NONE', *, *, #700, .F. ) ;
#484 = CARTESIAN_POINT ( 'NONE',  ( 67.99999999999991473, 20.00000000000000355, 77.99999999999995737 ) ) ;
#485 = CARTESIAN_POINT ( 'NONE',  ( 7.500000000000000000, -0.001000000000001000089, -150.0000000000000284 ) ) ;
#486 = VERTEX_POINT ( 'NONE', #3079 ) ;
#487 = FILL_AREA_STYLE_COLOUR ( '', #93 ) ;
#488 = DIRECTION ( 'NONE',  ( 1.000000000000000000, 0.0000000000000000000, -6.033820786006285224E-17 ) ) ;
#489 = DIRECTION ( 'NONE',  ( 1.000000000000000000, 1.932701039895095811E-34, -6.162975822039154730E-33 ) ) ;
#490 = EDGE_CURVE ( 'NONE', #2423, #4552, #2382, .T. ) ;
#491 = AXIS2_PLACEMENT_3D ( 'NONE', #303, #3534, #1704 ) ;
#492 = DIRECTION ( 'NONE',  ( 1.000000000000000000, -0.0000000000000000000, -0.0000000000000000000 ) ) ;
#493 = CARTESIAN_POINT ( 'NONE',  ( 0.0000000000000000000, -0.001000000000001000089, -142.5000000000000568 ) ) ;
#494 = PLANE ( 'NONE',  #4014 ) ;
#495 = DIRECTION ( 'NONE',  ( -0.7071067811865474617, 0.0000000000000000000, 0.7071067811865474617 ) ) ;
#496 = DIRECTION ( 'NONE',  ( 0.0000000000000000000, 0.0000000000000000000, 1.000000000000000000 ) ) ;
#497 = CARTESIAN_POINT ( 'NONE',  ( 7.500000000000009770, 70.00000000000001421, 139.9999999999999716 ) ) ;
#498 = EDGE_CURVE ( 'NONE', #1175, #3051, #1429, .T. ) ;
#499 = ORIENTED_EDGE ( 'NONE', *, *, #3719, .T. ) ;
#500 = DIRECTION ( 'NONE',  ( -0.0000000000000000000, 1.000000000000000000, -0.0000000000000000000 ) ) ;
#501 = VERTEX_POINT ( 'NONE', #2427 ) ;
#502 = EDGE_LOOP ( 'NONE', ( #4139, #1394 ) ) ;
#503 = DIRECTION ( 'NONE',  ( 9.244463733058732095E-33, -1.000000000000000000, -1.729880772769295163E-33 ) ) ;
#504 = EDGE_LOOP ( 'NONE', ( #351, #2868, #3789, #3131 ) ) ;
#505 = UNCERTAINTY_MEASURE_WITH_UNIT (LENGTH_MEASURE( 1.000000000000000082E-05 ), #2948, 'distance_accuracy_value', 'NONE');
#506 = ORIENTED_EDGE ( 'NONE', *, *, #2913, .F. ) ;
#507 = EDGE_CURVE ( 'NONE', #2361, #2780, #3673, .T. ) ;
#508 = DIRECTION ( 'NONE',  ( 1.000000000000000000, -0.0000000000000000000, -0.0000000000000000000 ) ) ;
#509 = VERTEX_POINT ( 'NONE', #3762 ) ;
#510 = SURFACE_SIDE_STYLE ('',( #355 ) ) ;
#511 = VECTOR ( 'NONE', #4256, 1000.000000000000000 ) ;
#512 = CARTESIAN_POINT ( 'NONE',  ( -150.0000000000000284, 20.00000000000000000, -150.0000000000000000 ) ) ;
#513 = ADVANCED_FACE ( 'NONE', ( #4027 ), #1924, .F. ) ;
#514 = AXIS2_PLACEMENT_3D ( 'NONE', #823, #3381, #1590 ) ;
#515 = ORIENTED_EDGE ( 'NONE', *, *, #2756, .T. ) ;
#516 = AXIS2_PLACEMENT_3D ( 'NONE', #4093, #1915, #1211 ) ;
#517 = FACE_BOUND ( 'NONE', #3766, .T. ) ;
#518 = DIRECTION ( 'NONE',  ( -1.000000000000000000, 1.423415318369119772E-33, 0.0000000000000000000 ) ) ;
#519 = CYLINDRICAL_SURFACE ( 'NONE', #514, 3.400000000000000355 ) ;
#520 = ORIENTED_EDGE ( 'NONE', *, *, #2369, .T. ) ;
#521 = CARTESIAN_POINT ( 'NONE',  ( -68.00000000000000000, 1080.000000000000000, 68.00000000000000000 ) ) ;
#522 = VERTEX_POINT ( 'NONE', #1378 ) ;
#523 = VECTOR ( 'NONE', #919, 1000.000000000000114 ) ;
#524 = VECTOR ( 'NONE', #954, 1000.000000000000000 ) ;
#525 = CIRCLE ( 'NONE', #1156, 5.099999999999993427 ) ;
#526 = DIRECTION ( 'NONE',  ( -1.000000000000000000, 1.423415318369119772E-33, 0.0000000000000000000 ) ) ;
#527 = ORIENTED_EDGE ( 'NONE', *, *, #4315, .T. ) ;
#528 = FACE_OUTER_BOUND ( 'NONE', #4171, .T. ) ;
#529 = ORIENTED_EDGE ( 'NONE', *, *, #3736, .F. ) ;
#530 = LINE ( 'NONE', #3296, #3107 ) ;
#531 =( NAMED_UNIT ( * ) PLANE_ANGLE_UNIT ( ) SI_UNIT ( $, .RADIAN. ) );
#532 = VECTOR ( 'NONE', #4568, 1000.000000000000000 ) ;
#533 = DIRECTION ( 'NONE',  ( -1.000000000000000000, 3.466673899897024536E-33, 1.982541115402069301E-16 ) ) ;
#534 = CARTESIAN_POINT ( 'NONE',  ( 30.00000000000001421, 20.00000000000000000, 121.5999999999999943 ) ) ;
#535 = ORIENTED_EDGE ( 'NONE', *, *, #2794, .T. ) ;
#536 = EDGE_LOOP ( 'NONE', ( #4000, #840, #2411, #2419 ) ) ;
#537 = EDGE_CURVE ( 'NONE', #1196, #1419, #1263, .T. ) ;
#538 = CARTESIAN_POINT ( 'NONE',  ( -90.00000000000000000, 1100.000000000000000, -90.00000000000000000 ) ) ;
#539 = DIRECTION ( 'NONE',  ( 1.000000000000000000, -1.078520768856852078E-32, -1.982541115402069301E-16 ) ) ;
#540 = ADVANCED_FACE ( 'NONE', ( #3969 ), #4258, .F. ) ;
#541 = SURFACE_STYLE_FILL_AREA ( #1331 ) ;
#542 = AXIS2_PLACEMENT_3D ( 'NONE', #4400, #2954, #1533 ) ;
#543 = ORIENTED_EDGE ( 'NONE', *, *, #3959, .T. ) ;
#544 = AXIS2_PLACEMENT_3D ( 'NONE', #4091, #1910, #4428 ) ;
#545 = EDGE_CURVE ( 'NONE', #2428, #4127, #366, .T. ) ;
#546 = DIRECTION ( 'NONE',  ( 0.0000000000000000000, 0.0000000000000000000, 1.000000000000000000 ) ) ;
#547 = CARTESIAN_POINT ( 'NONE',  ( -124.9999999999999716, 20.00000000000000000, 132.5000000000000000 ) ) ;
#548 = PLANE ( 'NONE',  #946 ) ;
#549 = LINE ( 'NONE', #4322, #4261 ) ;
#550 = CARTESIAN_POINT ( 'NONE',  ( 124.9999999999999716, 20.00000000000000000, -132.5000000000000000 ) ) ;
#551 = CLOSED_SHELL ( 'NONE', ( #3392, #1655, #1550, #2944, #4586, #941, #714, #4657, #1245, #1624, #4040, #1849, #4196, #3112, #4454, #920, #2328, #2280, #4503, #3474, #2983, #3294, #2663, #68, #2057, #2279, #1289, #4057 ) ) ;
#552 = DIRECTION ( 'NONE',  ( 0.0000000000000000000, -0.0000000000000000000, 1.000000000000000000 ) ) ;
#553 = EDGE_CURVE ( 'NONE', #868, #2258, #1099, .T. ) ;
#554 = CARTESIAN_POINT ( 'NONE',  ( -90.00000000000000000, 20.00000000000000355, -69.99999999999982947 ) ) ;
#555 = DIRECTION ( 'NONE',  ( 1.982541115402068808E-16, 1.181499347331012926E-35, 1.000000000000000000 ) ) ;
#556 = LINE ( 'NONE', #2406, #3878 ) ;
#557 = EDGE_LOOP ( 'NONE', ( #1744, #1158, #3308, #2211 ) ) ;
#558 = DIRECTION ( 'NONE',  ( -1.000000000000000000, 1.078520768856852078E-32, 1.982541115402069301E-16 ) ) ;
#559 = CARTESIAN_POINT ( 'NONE',  ( 124.9999999999999716, 0.0000000000000000000, -132.5000000000000000 ) ) ;
#560 = CARTESIAN_POINT ( 'NONE',  ( 140.0000000000000000, 19.99999999999998934, 7.499999999999985789 ) ) ;
#561 = VERTEX_POINT ( 'NONE', #3137 ) ;
#562 = ADVANCED_FACE ( 'NONE', ( #2726 ), #2400, .F. ) ;
#563 = EDGE_LOOP ( 'NONE', ( #2926, #3643, #3134, #2836 ) ) ;
#564 = EDGE_CURVE ( 'NONE', #1998, #707, #584, .T. ) ;
#565 = AXIS2_PLACEMENT_3D ( 'NONE', #1793, #785, #1876 ) ;
#566 = CARTESIAN_POINT ( 'NONE',  ( 90.00000000000000000, 1080.000000000000000, -69.99999999999985789 ) ) ;
#567 = FACE_OUTER_BOUND ( 'NONE', #368, .T. ) ;
#568 = ORIENTED_EDGE ( 'NONE', *, *, #1891, .T. ) ;
#569 = UNCERTAINTY_MEASURE_WITH_UNIT (LENGTH_MEASURE( 1.000000000000000082E-05 ), #4132, 'distance_accuracy_value', 'NONE');
#570 = ORIENTED_EDGE ( 'NONE', *, *, #886, .F. ) ;
#571 = LINE ( 'NONE', #534, #3377 ) ;
#572 = DIRECTION ( 'NONE',  ( 0.0000000000000000000, 1.000000000000000000, 0.0000000000000000000 ) ) ;
#573 = AXIS2_PLACEMENT_3D ( 'NONE', #1523, #4050, #4365 ) ;
#574 = VERTEX_POINT ( 'NONE', #1737 ) ;
#576 = ORIENTED_EDGE ( 'NONE', *, *, #2031, .T. ) ;
#575 = DIRECTION ( 'NONE',  ( 0.7071067811865441310, -0.0000000000000000000, 0.7071067811865510144 ) ) ;
#577 = ORIENTED_EDGE ( 'NONE', *, *, #1537, .T. ) ;
#578 = FACE_OUTER_BOUND ( 'NONE', #4422, .T. ) ;
#579 = VECTOR ( 'NONE', #3495, 1000.000000000000000 ) ;
#580 = EDGE_CURVE ( 'NONE', #2201, #2079, #1489, .T. ) ;
#581 = ORIENTED_EDGE ( 'NONE', *, *, #1885, .F. ) ;
#582 = ORIENTED_EDGE ( 'NONE', *, *, #4113, .T. ) ;
#583 = ORIENTED_EDGE ( 'NONE', *, *, #963, .F. ) ;
#584 = CIRCLE ( 'NONE', #4544, 7.500000000000007105 ) ;
#585 = ORIENTED_EDGE ( 'NONE', *, *, #1231, .T. ) ;
#586 = CARTESIAN_POINT ( 'NONE',  ( -124.9999999999999716, 0.0000000000000000000, -125.0000000000000000 ) ) ;
#587 = ADVANCED_FACE ( 'NONE', ( #2214 ), #3794, .F. ) ;
#588 = FACE_OUTER_BOUND ( 'NONE', #4516, .T. ) ;
#589 = CYLINDRICAL_SURFACE ( 'NONE', #2466, 7.499999999999992895 ) ;
#590 = CARTESIAN_POINT ( 'NONE',  ( -7.500000000000000000, 0.0000000000000000000, -150.0000000000000284 ) ) ;
#591 = ORIENTED_EDGE ( 'NONE', *, *, #1068, .F. ) ;
#592 = ORIENTED_EDGE ( 'NONE', *, *, #4498, .F. ) ;
#593 = DIRECTION ( 'NONE',  ( 0.0000000000000000000, 0.0000000000000000000, 1.000000000000000000 ) ) ;
#594 = DIRECTION ( 'NONE',  ( 0.0000000000000000000, 1.000000000000000000, 0.0000000000000000000 ) ) ;
#595 = ORIENTED_EDGE ( 'NONE', *, *, #955, .F. ) ;
#596 =( NAMED_UNIT ( * ) SI_UNIT ( $, .STERADIAN. ) SOLID_ANGLE_UNIT ( ) );
#597 = EDGE_LOOP ( 'NONE', ( #2921, #3463, #568, #4366 ) ) ;
#599 = LINE ( 'NONE', #4096, #2396 ) ;
#598 = CARTESIAN_POINT ( 'NONE',  ( 78.00000000000000000, 1080.000000000000000, 67.99999999999990052 ) ) ;
#600 = DIRECTION ( 'NONE',  ( -0.0000000000000000000, 1.000000000000000000, -0.0000000000000000000 ) ) ;
#601 = EDGE_CURVE ( 'NONE', #3350, #486, #2835, .T. ) ;
#602 = CIRCLE ( 'NONE', #2644, 7.500000000000007105 ) ;
#603 = ORIENTED_EDGE ( 'NONE', *, *, #4025, .T. ) ;
#604 =( NAMED_UNIT ( * ) SI_UNIT ( $, .STERADIAN. ) SOLID_ANGLE_UNIT ( ) );
#605 = EDGE_CURVE ( 'NONE', #4122, #3884, #309, .T. ) ;
#606 = CARTESIAN_POINT ( 'NONE',  ( 124.9999999999999716, 20.00000000000000000, -125.0000000000000000 ) ) ;
#607 = ADVANCED_FACE ( 'NONE', ( #3165 ), #4079, .F. ) ;
#608 = DIRECTION ( 'NONE',  ( -0.0000000000000000000, 1.000000000000000000, -0.0000000000000000000 ) ) ;
#609 = DIRECTION ( 'NONE',  ( 0.0000000000000000000, 1.000000000000000000, 0.0000000000000000000 ) ) ;
#610 = EDGE_CURVE ( 'NONE', #1994, #4007, #1206, .T. ) ;
#611 = ORIENTED_EDGE ( 'NONE', *, *, #1418, .T. ) ;
#612 = ORIENTED_EDGE ( 'NONE', *, *, #2913, .T. ) ;
#613 = FACE_OUTER_BOUND ( 'NONE', #2817, .T. ) ;
#614 = PRESENTATION_LAYER_ASSIGNMENT (  '', '', ( #2632 ) ) ;
#615 = CARTESIAN_POINT ( 'NONE',  ( 124.9999999999999716, 20.00000000000000000, -30.00000000000000000 ) ) ;
#616 = VERTEX_POINT ( 'NONE', #1423 ) ;
#617 = ORIENTED_EDGE ( 'NONE', *, *, #3146, .F. ) ;
#618 = DIRECTION ( 'NONE',  ( 0.0000000000000000000, 0.0000000000000000000, 1.000000000000000000 ) ) ;
#619 = CARTESIAN_POINT ( 'NONE',  ( -149.9999999999999432, 0.0000000000000000000, -7.500000000001570299 ) ) ;
#620 = VECTOR ( 'NONE', #2509, 1000.000000000000114 ) ;
#621 = EDGE_LOOP ( 'NONE', ( #3161, #1458 ) ) ;
#622 = EDGE_CURVE ( 'NONE', #3741, #2863, #1532, .T. ) ;
#623 = VECTOR ( 'NONE', #1999, 1000.000000000000000 ) ;
#624 =( LENGTH_UNIT ( ) NAMED_UNIT ( * ) SI_UNIT ( .MILLI., .METRE. ) );
#625 = CYLINDRICAL_SURFACE ( 'NONE', #516, 4.500000000000003553 ) ;
#626 = VERTEX_POINT ( 'NONE', #666 ) ;
#627 = AXIS2_PLACEMENT_3D ( 'NONE', #3356, #4492, #4480 ) ;
#628 = VECTOR ( 'NONE', #1512, 999.9999999999998863 ) ;
#629 = VECTOR ( 'NONE', #1712, 1000.000000000000000 ) ;
#630 = CARTESIAN_POINT ( 'NONE',  ( 7.500000000000000000, 19.99999999999998934, 89.99999999999998579 ) ) ;
#631 = MECHANICAL_DESIGN_GEOMETRIC_PRESENTATION_REPRESENTATION (  '', ( #3863 ), #1502 ) ;
#632 = EDGE_CURVE ( 'NONE', #1285, #462, #3456, .T. ) ;
#633 = ORIENTED_EDGE ( 'NONE', *, *, #3689, .T. ) ;
#634 = EDGE_LOOP ( 'NONE', ( #106, #2545, #2358, #1519 ) ) ;
#635 = CYLINDRICAL_SURFACE ( 'NONE', #4205, 4.500000000000003553 ) ;
#636 = CIRCLE ( 'NONE', #1464, 3.400000000000000355 ) ;
#637 = CARTESIAN_POINT ( 'NONE',  ( -124.9999999999999716, 0.0000000000000000000, -132.5000000000000000 ) ) ;
#638 = CARTESIAN_POINT ( 'NONE',  ( -149.9999999999999716, 0.0000000000000000000, 139.9999999999999716 ) ) ;
#639 = ORIENTED_EDGE ( 'NONE', *, *, #1327, .T. ) ;
#640 = VERTEX_POINT ( 'NONE', #2538 ) ;
#641 = ORIENTED_EDGE ( 'NONE', *, *, #4190, .F. ) ;
#642 = EDGE_CURVE ( 'NONE', #1998, #4131, #2264, .T. ) ;
#643 = DIRECTION ( 'NONE',  ( -0.0000000000000000000, -1.000000000000000000, -0.0000000000000000000 ) ) ;
#644 = PRESENTATION_LAYER_ASSIGNMENT (  '', '', ( #3773 ) ) ;
#645 = VECTOR ( 'NONE', #92, 1000.000000000000000 ) ;
#646 = LINE ( 'NONE', #560, #3109 ) ;
#647 = VECTOR ( 'NONE', #3376, 1000.000000000000000 ) ;
#648 = ADVANCED_FACE ( 'NONE', ( #2324 ), #377, .F. ) ;
#649 = ORIENTED_EDGE ( 'NONE', *, *, #749, .T. ) ;
#650 = DIRECTION ( 'NONE',  ( -0.0000000000000000000, 1.000000000000000000, -0.0000000000000000000 ) ) ;
#651 = FACE_OUTER_BOUND ( 'NONE', #2315, .T. ) ;
#652 = CARTESIAN_POINT ( 'NONE',  ( 149.9999999999999716, 20.00000000000000000, -150.0000000000000000 ) ) ;
#653 = ORIENTED_EDGE ( 'NONE', *, *, #1916, .T. ) ;
#654 = ORIENTED_EDGE ( 'NONE', *, *, #1916, .F. ) ;
#655 = SURFACE_STYLE_USAGE ( .BOTH. , #2516 ) ;
#656 = AXIS2_PLACEMENT_3D ( 'NONE', #1650, #4169, #2364 ) ;
#657 = CARTESIAN_POINT ( 'NONE',  ( -69.99999999999998579, 20.00000000000000355, 69.99999999999998579 ) ) ;
#658 = EDGE_CURVE ( 'NONE', #1371, #72, #471, .T. ) ;
#659 = CARTESIAN_POINT ( 'NONE',  ( 9.184850993605150311E-15, -0.001000000000001000089, -75.00000000000001421 ) ) ;
#660 = CARTESIAN_POINT ( 'NONE',  ( 115.0000000000000711, 1100.000000000000000, 125.0000000000000000 ) ) ;
#661 = CARTESIAN_POINT ( 'NONE',  ( 124.9999999999999716, 0.0000000000000000000, -30.00000000000000000 ) ) ;
#662 = PLANE ( 'NONE',  #4374 ) ;
#663 = ADVANCED_FACE ( 'NONE', ( #3057 ), #3910, .F. ) ;
#664 = EDGE_CURVE ( 'NONE', #1293, #1285, #1153, .T. ) ;
#665 = CARTESIAN_POINT ( 'NONE',  ( -9.950721815702933470E-13, 20.00000000000000000, 142.5000000000000568 ) ) ;
#666 = CARTESIAN_POINT ( 'NONE',  ( 150.0000000000000284, 0.0000000000000000000, 139.9999999999999716 ) ) ;
#667 = VERTEX_POINT ( 'NONE', #2483 ) ;
#668 = CARTESIAN_POINT ( 'NONE',  ( -90.00000000000000000, 1100.000000000000000, 90.00000000000000000 ) ) ;
#669 =( NAMED_UNIT ( * ) SI_UNIT ( $, .STERADIAN. ) SOLID_ANGLE_UNIT ( ) );
#670 = LINE ( 'NONE', #2340, #4384 ) ;
#671 = DIRECTION ( 'NONE',  ( -0.0000000000000000000, 1.000000000000000000, -0.0000000000000000000 ) ) ;
#672 = ORIENTED_EDGE ( 'NONE', *, *, #2838, .F. ) ;
#673 = DIRECTION ( 'NONE',  ( -0.0000000000000000000, 1.000000000000000000, -0.0000000000000000000 ) ) ;
#674 = VECTOR ( 'NONE', #1838, 1000.000000000000000 ) ;
#675 = EDGE_LOOP ( 'NONE', ( #672, #1141, #340, #3786, #3670 ) ) ;
#676 = VERTEX_POINT ( 'NONE', #30 ) ;
#677 = CYLINDRICAL_SURFACE ( 'NONE', #928, 5.099999999999993427 ) ;
#678 = DIRECTION ( 'NONE',  ( 0.0000000000000000000, 0.0000000000000000000, 1.000000000000000000 ) ) ;
#679 = CYLINDRICAL_SURFACE ( 'NONE', #1727, 3.400000000000000355 ) ;
#680 = DIRECTION ( 'NONE',  ( 0.0000000000000000000, 1.000000000000000000, 0.0000000000000000000 ) ) ;
#681 = ORIENTED_EDGE ( 'NONE', *, *, #4107, .F. ) ;
#682 = DIRECTION ( 'NONE',  ( -1.000000000000000000, -0.0000000000000000000, -0.0000000000000000000 ) ) ;
#683 = CIRCLE ( 'NONE', #4260, 2.499999999999946709 ) ;
#684 = CARTESIAN_POINT ( 'NONE',  ( -124.9999999999999716, 20.00000000000000000, -125.0000000000000000 ) ) ;
#685 = DIRECTION ( 'NONE',  ( -7.401486830834376525E-17, -1.000000000000000000, -0.0000000000000000000 ) ) ;
#686 = EDGE_CURVE ( 'NONE', #2432, #1472, #2946, .T. ) ;
#687 = VERTEX_POINT ( 'NONE', #3981 ) ;
#688 = FACE_BOUND ( 'NONE', #2716, .T. ) ;
#689 = COLOUR_RGB ( '',1.000000000000000000, 1.000000000000000000, 1.000000000000000000 ) ;
#690 = VECTOR ( 'NONE', #1088, 1000.000000000000000 ) ;
#691 = ADVANCED_FACE ( 'NONE', ( #198 ), #2607, .F. ) ;
#692 = ORIENTED_EDGE ( 'NONE', *, *, #4556, .F. ) ;
#693 = VECTOR ( 'NONE', #3312, 1000.000000000000000 ) ;
#694 = ORIENTED_EDGE ( 'NONE', *, *, #3373, .T. ) ;
#695 = COLOUR_RGB ( '',1.000000000000000000, 1.000000000000000000, 1.000000000000000000 ) ;
#696 = EDGE_CURVE ( 'NONE', #4476, #2566, #808, .T. ) ;
#697 = VERTEX_POINT ( 'NONE', #4651 ) ;
#698 = FACE_OUTER_BOUND ( 'NONE', #3287, .T. ) ;
#699 = VECTOR ( 'NONE', #3248, 1000.000000000000000 ) ;
#700 = EDGE_CURVE ( 'NONE', #2680, #2361, #1663, .T. ) ;
#701 = ORIENTED_EDGE ( 'NONE', *, *, #4548, .F. ) ;
#702 = DIRECTION ( 'NONE',  ( 0.0000000000000000000, 0.0000000000000000000, 1.000000000000000000 ) ) ;
#703 = AXIS2_PLACEMENT_3D ( 'NONE', #3768, #1621, #552 ) ;
#704 = ORIENTED_EDGE ( 'NONE', *, *, #1278, .T. ) ;
#705 = DIRECTION ( 'NONE',  ( -0.0000000000000000000, -0.0000000000000000000, 1.000000000000000000 ) ) ;
#706 = CARTESIAN_POINT ( 'NONE',  ( 124.9999999999999716, 20.00000000000000000, 132.5000000000000000 ) ) ;
#707 = VERTEX_POINT ( 'NONE', #6 ) ;
#708 = DIRECTION ( 'NONE',  ( 3.466673899897023851E-33, -1.000000000000000000, -3.942568710255460192E-34 ) ) ;
#709 = CARTESIAN_POINT ( 'NONE',  ( -30.00000000000001421, 20.00000000000000000, -125.0000000000000000 ) ) ;
#710 = PRESENTATION_LAYER_ASSIGNMENT (  '', '', ( #3293 ) ) ;
#711 = UNCERTAINTY_MEASURE_WITH_UNIT (LENGTH_MEASURE( 1.000000000000000082E-05 ), #3852, 'distance_accuracy_value', 'NONE');
#712 = AXIS2_PLACEMENT_3D ( 'NONE', #2693, #1607, #205 ) ;
#713 = FILL_AREA_STYLE_COLOUR ( '', #404 ) ;
#714 = ADVANCED_FACE ( 'NONE', ( #4527 ), #1146, .F. ) ;
#715 = CARTESIAN_POINT ( 'NONE',  ( -140.0000000000000000, 20.00000000000000000, 150.0000000000000000 ) ) ;
#716 = DIRECTION ( 'NONE',  ( -0.7071067811865390240, -0.0000000000000000000, -0.7071067811865561215 ) ) ;
#717 = EDGE_CURVE ( 'NONE', #360, #3977, #2206, .T. ) ;
#718 = DIRECTION ( 'NONE',  ( 0.0000000000000000000, 0.0000000000000000000, 1.000000000000000000 ) ) ;
#719 = CARTESIAN_POINT ( 'NONE',  ( -90.00000000000000000, 1100.000000000000000, 90.00000000000000000 ) ) ;
#720 = FILL_AREA_STYLE_COLOUR ( '', #3087 ) ;
#721 = EDGE_CURVE ( 'NONE', #2636, #1534, #3159, .T. ) ;
#722 = PRESENTATION_STYLE_ASSIGNMENT (( #1785 ) ) ;
#723 = PLANE ( 'NONE',  #771 ) ;
#724 = ORIENTED_EDGE ( 'NONE', *, *, #3921, .F. ) ;
#725 = ORIENTED_EDGE ( 'NONE', *, *, #818, .T. ) ;
#726 = EDGE_CURVE ( 'NONE', #4669, #3024, #1657, .T. ) ;
#727 = STYLED_ITEM ( 'NONE', ( #4019 ), #3691 ) ;
#728 = DIRECTION ( 'NONE',  ( 1.982541115402068808E-16, 1.181499347331012926E-35, 1.000000000000000000 ) ) ;
#729 = ORIENTED_EDGE ( 'NONE', *, *, #4583, .F. ) ;
#730 = VERTEX_POINT ( 'NONE', #1850 ) ;
#731 = SURFACE_SIDE_STYLE ('',( #1709 ) ) ;
#732 =( NAMED_UNIT ( * ) PLANE_ANGLE_UNIT ( ) SI_UNIT ( $, .RADIAN. ) );
#733 = DIRECTION ( 'NONE',  ( 1.000000000000000000, 0.0000000000000000000, -3.061276722312015942E-16 ) ) ;
#734 = ORIENTED_EDGE ( 'NONE', *, *, #4425, .F. ) ;
#735 = FACE_OUTER_BOUND ( 'NONE', #399, .T. ) ;
#736 = CARTESIAN_POINT ( 'NONE',  ( 90.00000000000000000, 1080.000000000000000, -95.09999999999999432 ) ) ;
#737 = SURFACE_STYLE_FILL_AREA ( #2627 ) ;
#738 = ORIENTED_EDGE ( 'NONE', *, *, #3927, .F. ) ;
#739 = VECTOR ( 'NONE', #1119, 1000.000000000000000 ) ;
#740 = EDGE_CURVE ( 'NONE', #882, #2771, #4467, .T. ) ;
#741 = VECTOR ( 'NONE', #3407, 1000.000000000000000 ) ;
#742 = DIRECTION ( 'NONE',  ( 0.0000000000000000000, -3.081487911019577365E-33, -1.000000000000000000 ) ) ;
#743 = ORIENTED_EDGE ( 'NONE', *, *, #1800, .T. ) ;
#744 = VECTOR ( 'NONE', #850, 1000.000000000000000 ) ;
#745 = VECTOR ( 'NONE', #1105, 1000.000000000000000 ) ;
#746 = SURFACE_STYLE_FILL_AREA ( #4049 ) ;
#747 = AXIS2_PLACEMENT_3D ( 'NONE', #3176, #3124, #993 ) ;
#748 = CARTESIAN_POINT ( 'NONE',  ( -114.9999999999999574, 1100.000000000000000, -124.9999999999999432 ) ) ;
#749 = EDGE_CURVE ( 'NONE', #2432, #843, #2830, .T. ) ;
#750 = ORIENTED_EDGE ( 'NONE', *, *, #4315, .F. ) ;
#751 = ORIENTED_EDGE ( 'NONE', *, *, #1298, .T. ) ;
#752 = ORIENTED_EDGE ( 'NONE', *, *, #2478, .T. ) ;
#753 = CYLINDRICAL_SURFACE ( 'NONE', #712, 20.00000000000000355 ) ;
#754 = LINE ( 'NONE', #118, #4471 ) ;
#755 = CARTESIAN_POINT ( 'NONE',  ( 4.999999999999227285, 20.00000000000000000, 295.0000000000000568 ) ) ;
#756 = LINE ( 'NONE', #4022, #2511 ) ;
#757 = ORIENTED_EDGE ( 'NONE', *, *, #3138, .T. ) ;
#758 = PRESENTATION_LAYER_ASSIGNMENT (  '', '', ( #4489 ) ) ;
#759 = EDGE_LOOP ( 'NONE', ( #3742, #2552, #440, #186 ) ) ;
#760 = CARTESIAN_POINT ( 'NONE',  ( -124.9999999999999716, 20.00000000000000000, -117.5000000000000142 ) ) ;
#761 = DIRECTION ( 'NONE',  ( 0.0000000000000000000, 0.0000000000000000000, 1.000000000000000000 ) ) ;
#762 = ORIENTED_EDGE ( 'NONE', *, *, #3719, .F. ) ;
#763 = ORIENTED_EDGE ( 'NONE', *, *, #4548, .T. ) ;
#764 = LINE ( 'NONE', #598, #1380 ) ;
#765 = PRODUCT_CONTEXT ( 'NONE', #2207, 'mechanical' ) ;
#766 = DIRECTION ( 'NONE',  ( 1.000000000000000000, 0.0000000000000000000, -0.0000000000000000000 ) ) ;
#767 = CLOSED_SHELL ( 'NONE', ( #230, #2586, #2330, #842, #2982, #2763, #874 ) ) ;
#768 = CARTESIAN_POINT ( 'NONE',  ( -114.9999999999999574, 1100.000000000000000, 125.0000000000000000 ) ) ;
#769 = EDGE_CURVE ( 'NONE', #1310, #968, #1257, .T. ) ;
#770 = DIRECTION ( 'NONE',  ( -0.7071067811865414665, 0.0000000000000000000, -0.7071067811865536790 ) ) ;
#771 = AXIS2_PLACEMENT_3D ( 'NONE', #3925, #1820, #2107 ) ;
#772 = DIRECTION ( 'NONE',  ( -0.0000000000000000000, 1.000000000000000000, -0.0000000000000000000 ) ) ;
#773 = DIRECTION ( 'NONE',  ( 0.0000000000000000000, 0.0000000000000000000, -1.000000000000000000 ) ) ;
#774 =( GEOMETRIC_REPRESENTATION_CONTEXT ( 3 ) GLOBAL_UNCERTAINTY_ASSIGNED_CONTEXT ( ( #1634 ) ) GLOBAL_UNIT_ASSIGNED_CONTEXT ( ( #2643, #4102, #4475 ) ) REPRESENTATION_CONTEXT ( 'NONE', 'WORKASPACE' ) );
#775 = EDGE_LOOP ( 'NONE', ( #2647, #276 ) ) ;
#776 = ORIENTED_EDGE ( 'NONE', *, *, #2129, .T. ) ;
#777 = EDGE_CURVE ( 'NONE', #865, #406, #3394, .T. ) ;
#778 = EDGE_LOOP ( 'NONE', ( #1667, #2, #2108, #2075 ) ) ;
#779 = MECHANICAL_DESIGN_GEOMETRIC_PRESENTATION_REPRESENTATION (  '', ( #4026 ), #1046 ) ;
#780 = ORIENTED_EDGE ( 'NONE', *, *, #507, .F. ) ;
#781 = VECTOR ( 'NONE', #1775, 1000.000000000000000 ) ;
#782 = UNCERTAINTY_MEASURE_WITH_UNIT (LENGTH_MEASURE( 1.000000000000000082E-05 ), #4167, 'distance_accuracy_value', 'NONE');
#783 = CARTESIAN_POINT ( 'NONE',  ( 90.00000000000000000, 1100.000000000000000, 95.09999999999999432 ) ) ;
#784 = ORIENTED_EDGE ( 'NONE', *, *, #1379, .F. ) ;
#785 = DIRECTION ( 'NONE',  ( 1.000000000000000000, -7.401486830834376525E-17, 0.0000000000000000000 ) ) ;
#786 = DIRECTION ( 'NONE',  ( 1.000000000000000000, 8.326672684688671588E-17, 5.551115123125780853E-17 ) ) ;
#787 = CARTESIAN_POINT ( 'NONE',  ( 124.9999999999999716, 0.0000000000000000000, -117.5000000000000000 ) ) ;
#788 = FACE_OUTER_BOUND ( 'NONE', #3147, .T. ) ;
#789 = CYLINDRICAL_SURFACE ( 'NONE', #4345, 20.00000000000000355 ) ;
#790 = LINE ( 'NONE', #1346, #1089 ) ;
#791 = EDGE_LOOP ( 'NONE', ( #451, #2548, #2581, #3710 ) ) ;
#792 = ORIENTED_EDGE ( 'NONE', *, *, #2995, .T. ) ;
#793 = CARTESIAN_POINT ( 'NONE',  ( 140.0000000000000000, 19.99999999999998934, -7.500000000000013323 ) ) ;
#794 = PRESENTATION_STYLE_ASSIGNMENT (( #1002 ) ) ;
#795 = LINE ( 'NONE', #1325, #2597 ) ;
#796 = LINE ( 'NONE', #1629, #3328 ) ;
#797 = CARTESIAN_POINT ( 'NONE',  ( -67.99999999999991473, 1080.000000000000000, 78.00000000000000000 ) ) ;
#798 = VERTEX_POINT ( 'NONE', #2594 ) ;
#799 = CIRCLE ( 'NONE', #3031, 3.500000000000003109 ) ;
#800 = EDGE_CURVE ( 'NONE', #1100, #1405, #4633, .T. ) ;
#801 = ORIENTED_EDGE ( 'NONE', *, *, #3604, .F. ) ;
#802 = AXIS2_PLACEMENT_3D ( 'NONE', #435, #1546, #1917 ) ;
#803 = CARTESIAN_POINT ( 'NONE',  ( -62.50000000000002842, 1100.000000000000000, 7.654042494670957804E-15 ) ) ;
#804 = ORIENTED_EDGE ( 'NONE', *, *, #3821, .T. ) ;
#805 = LINE ( 'NONE', #4570, #2547 ) ;
#806 = SURFACE_STYLE_USAGE ( .BOTH. , #133 ) ;
#807 = CARTESIAN_POINT ( 'NONE',  ( -29.99999999999998579, 20.00000000000000000, 120.5000000000000284 ) ) ;
#808 = CIRCLE ( 'NONE', #1288, 3.400000000000000355 ) ;
#809 = ORIENTED_EDGE ( 'NONE', *, *, #1967, .T. ) ;
#810 = CIRCLE ( 'NONE', #2907, 7.499999999999992895 ) ;
#811 = FACE_OUTER_BOUND ( 'NONE', #1111, .T. ) ;
#812 = DIRECTION ( 'NONE',  ( -0.0000000000000000000, 1.000000000000000000, -0.0000000000000000000 ) ) ;
#813 = SURFACE_SIDE_STYLE ('',( #2678 ) ) ;
#814 = FILL_AREA_STYLE ('',( #487 ) ) ;
#815 = ORIENTED_EDGE ( 'NONE', *, *, #2065, .F. ) ;
#816 = ORIENTED_EDGE ( 'NONE', *, *, #2179, .T. ) ;
#817 = CARTESIAN_POINT ( 'NONE',  ( 115.0000000000000711, 1100.000000000000000, -124.9999999999999432 ) ) ;
#818 = EDGE_CURVE ( 'NONE', #843, #369, #301, .T. ) ;
#819 = AXIS2_PLACEMENT_3D ( 'NONE', #1183, #1471, #3997 ) ;
#820 = CARTESIAN_POINT ( 'NONE',  ( 115.0000000000000711, 1080.000000000000000, 125.0000000000000000 ) ) ;
#821 = PLANE ( 'NONE',  #910 ) ;
#822 = ADVANCED_FACE ( 'NONE', ( #4020 ), #3665, .F. ) ;
#823 = CARTESIAN_POINT ( 'NONE',  ( 124.9999999999999716, 20.00000000000000000, -30.00000000000000000 ) ) ;
#824 = CARTESIAN_POINT ( 'NONE',  ( 124.9999999999999716, 0.0000000000000000000, -33.39999999999999858 ) ) ;
#825 = LINE ( 'NONE', #4381, #2911 ) ;
#826 = DIRECTION ( 'NONE',  ( 1.000000000000000000, 0.0000000000000000000, 0.0000000000000000000 ) ) ;
#827 = SURFACE_STYLE_USAGE ( .BOTH. , #3386 ) ;
#828 = CARTESIAN_POINT ( 'NONE',  ( 90.00000000000000000, 1015.000000000000114, 45.00000000000000000 ) ) ;
#829 = CIRCLE ( 'NONE', #2865, 2.499999999999946709 ) ;
#830 = DIRECTION ( 'NONE',  ( -0.7071067811865460184, 0.0000000000000000000, -0.7071067811865490160 ) ) ;
#831 =( NAMED_UNIT ( * ) SI_UNIT ( $, .STERADIAN. ) SOLID_ANGLE_UNIT ( ) );
#832 = DIRECTION ( 'NONE',  ( 0.0000000000000000000, 0.0000000000000000000, 1.000000000000000000 ) ) ;
#833 = EDGE_CURVE ( 'NONE', #2659, #1321, #24, .T. ) ;
#834 = ORIENTED_EDGE ( 'NONE', *, *, #1171, .T. ) ;
#835 = EDGE_LOOP ( 'NONE', ( #2130, #591 ) ) ;
#836 =( NAMED_UNIT ( * ) PLANE_ANGLE_UNIT ( ) SI_UNIT ( $, .RADIAN. ) );
#837 = DIRECTION ( 'NONE',  ( 0.0000000000000000000, 0.0000000000000000000, 1.000000000000000000 ) ) ;
#838 = VECTOR ( 'NONE', #1226, 1000.000000000000000 ) ;
#839 = EDGE_CURVE ( 'NONE', #41, #798, #3506, .T. ) ;
#840 = ORIENTED_EDGE ( 'NONE', *, *, #83, .F. ) ;
#841 = ADVANCED_FACE ( 'NONE', ( #528 ), #1553, .T. ) ;
#842 = ADVANCED_FACE ( 'NONE', ( #2720 ), #494, .F. ) ;
#843 = VERTEX_POINT ( 'NONE', #1543 ) ;
#844 = PLANE ( 'NONE',  #3378 ) ;
#845 = ORIENTED_EDGE ( 'NONE', *, *, #3944, .T. ) ;
#846 = VECTOR ( 'NONE', #3912, 1000.000000000000227 ) ;
#847 = CARTESIAN_POINT ( 'NONE',  ( -149.9999999999999432, 20.00000000000000000, -7.500000000001570299 ) ) ;
#848 = CYLINDRICAL_SURFACE ( 'NONE', #1179, 20.00000000000000355 ) ;
#849 = EDGE_CURVE ( 'NONE', #467, #3998, #3218, .T. ) ;
#850 = DIRECTION ( 'NONE',  ( -0.0000000000000000000, 1.000000000000000000, -0.0000000000000000000 ) ) ;
#851 = CARTESIAN_POINT ( 'NONE',  ( 115.0000000000000711, 1080.000000000000000, -124.9999999999999432 ) ) ;
#852 = ORIENTED_EDGE ( 'NONE', *, *, #4571, .T. ) ;
#853 = FACE_OUTER_BOUND ( 'NONE', #3458, .T. ) ;
#854 = LINE ( 'NONE', #4320, #3095 ) ;
#855 = DIRECTION ( 'NONE',  ( 6.162975822039154730E-33, 1.540743955509788682E-33, 1.000000000000000000 ) ) ;
#857 = ORIENTED_EDGE ( 'NONE', *, *, #974, .T. ) ;
#856 = DIRECTION ( 'NONE',  ( -1.000000000000000000, 0.0000000000000000000, 1.850371707708594316E-16 ) ) ;
#858 = AXIS2_PLACEMENT_3D ( 'NONE', #4324, #2894, #773 ) ;
#859 = EDGE_LOOP ( 'NONE', ( #4538, #1594, #2186, #905 ) ) ;
#860 = FACE_OUTER_BOUND ( 'NONE', #2273, .T. ) ;
#861 = LINE ( 'NONE', #783, #4574 ) ;
#862 = FACE_BOUND ( 'NONE', #4206, .T. ) ;
#863 = VERTEX_POINT ( 'NONE', #888 ) ;
#864 = DIRECTION ( 'NONE',  ( 0.7071067811865484609, -0.0000000000000000000, 0.7071067811865465735 ) ) ;
#865 = VERTEX_POINT ( 'NONE', #4488 ) ;
#866 = MECHANICAL_DESIGN_GEOMETRIC_PRESENTATION_REPRESENTATION (  '', ( #228 ), #3982 ) ;
#867 = PRESENTATION_STYLE_ASSIGNMENT (( #2628 ) ) ;
#868 = VERTEX_POINT ( 'NONE', #1615 ) ;
#869 = DIRECTION ( 'NONE',  ( -6.162975822039154730E-33, -1.540743955509788682E-33, -1.000000000000000000 ) ) ;
#870 = CIRCLE ( 'NONE', #447, 5.099999999999993427 ) ;
#871 = PRESENTATION_STYLE_ASSIGNMENT (( #3285 ) ) ;
#872 = ADVANCED_FACE ( 'NONE', ( #3722 ), #519, .F. ) ;
#873 = FACE_BOUND ( 'NONE', #70, .T. ) ;
#874 = ADVANCED_FACE ( 'NONE', ( #1365 ), #4120, .T. ) ;
#875 = ORIENTED_EDGE ( 'NONE', *, *, #1169, .F. ) ;
#876 = SHAPE_REPRESENTATION ( '4GAA0021201010015X_Predeterminado<As Machined>', ( #3043 ), #1364 ) ;
#877 = AXIS2_PLACEMENT_3D ( 'NONE', #4094, #856, #2673 ) ;
#878 = AXIS2_PLACEMENT_3D ( 'NONE', #2615, #2967, #3632 ) ;
#879 = CARTESIAN_POINT ( 'NONE',  ( 90.00000000000000000, 20.00000000000000355, -69.99999999999985789 ) ) ;
#880 = EDGE_CURVE ( 'NONE', #4514, #167, #977, .T. ) ;
#881 = CARTESIAN_POINT ( 'NONE',  ( -2.140462239949360482E-14, 1100.000000000000000, 0.0000000000000000000 ) ) ;
#882 = VERTEX_POINT ( 'NONE', #1895 ) ;
#883 = AXIS2_PLACEMENT_3D ( 'NONE', #4098, #1579, #2976 ) ;
#884 = DIRECTION ( 'NONE',  ( -1.850371707708594316E-16, 0.0000000000000000000, -1.000000000000000000 ) ) ;
#885 = CARTESIAN_POINT ( 'NONE',  ( 69.99999999999998579, 1080.000000000000000, -69.99999999999998579 ) ) ;
#886 = EDGE_CURVE ( 'NONE', #1151, #3152, #1303, .T. ) ;
#887 = DIRECTION ( 'NONE',  ( 0.1961161351381840168, -0.9805806756909201116, -7.703719777548940846E-34 ) ) ;
#888 = CARTESIAN_POINT ( 'NONE',  ( -140.0000000000000000, 20.00000000000000000, -150.0000000000000000 ) ) ;
#889 = CIRCLE ( 'NONE', #2630, 20.00000000000000355 ) ;
#890 = CARTESIAN_POINT ( 'NONE',  ( 90.00000000000000000, 1055.000000000000227, 42.50000000000004974 ) ) ;
#891 = PLANE ( 'NONE',  #3089 ) ;
#892 = CARTESIAN_POINT ( 'NONE',  ( 125.0000000000000568, 1100.000000000000000, 115.0000000000000142 ) ) ;
#893 = EDGE_CURVE ( 'NONE', #1, #4220, #790, .T. ) ;
#894 = DIRECTION ( 'NONE',  ( 0.0000000000000000000, 0.0000000000000000000, 1.000000000000000000 ) ) ;
#895 = ORIENTED_EDGE ( 'NONE', *, *, #2322, .T. ) ;
#896 = LINE ( 'NONE', #2008, #51 ) ;
#897 = CARTESIAN_POINT ( 'NONE',  ( 110.0000000000000000, 220.0000000000000568, -7.500000000000013323 ) ) ;
#898 = ORIENTED_EDGE ( 'NONE', *, *, #2484, .T. ) ;
#899 = STYLED_ITEM ( 'NONE', ( #3338 ), #714 ) ;
#900 = ORIENTED_EDGE ( 'NONE', *, *, #1748, .T. ) ;
#901 = EDGE_CURVE ( 'NONE', #3965, #1321, #3266, .T. ) ;
#902 = CIRCLE ( 'NONE', #3738, 3.000000000000002665 ) ;
#903 =( NAMED_UNIT ( * ) SI_UNIT ( $, .STERADIAN. ) SOLID_ANGLE_UNIT ( ) );
#904 = ORIENTED_EDGE ( 'NONE', *, *, #3806, .T. ) ;
#905 = ORIENTED_EDGE ( 'NONE', *, *, #3301, .T. ) ;
#906 = DIRECTION ( 'NONE',  ( 0.0000000000000000000, 0.0000000000000000000, 1.000000000000000000 ) ) ;
#907 = CYLINDRICAL_SURFACE ( 'NONE', #4563, 9.999999999999994671 ) ;
#908 = DIRECTION ( 'NONE',  ( 1.000000000000000000, 1.932701039895095811E-34, 6.162975822039153361E-33 ) ) ;
#909 = EDGE_LOOP ( 'NONE', ( #3941, #2168, #4614, #4577 ) ) ;
#910 = AXIS2_PLACEMENT_3D ( 'NONE', #4439, #3014, #458 ) ;
#911 = ORIENTED_EDGE ( 'NONE', *, *, #632, .T. ) ;
#912 = DIRECTION ( 'NONE',  ( 0.0000000000000000000, 0.0000000000000000000, 1.000000000000000000 ) ) ;
#913 = CIRCLE ( 'NONE', #491, 2.499999999999946709 ) ;
#914 = DIRECTION ( 'NONE',  ( -0.0000000000000000000, 1.000000000000000000, -0.0000000000000000000 ) ) ;
#915 = ORIENTED_EDGE ( 'NONE', *, *, #1598, .T. ) ;
#916 = FILL_AREA_STYLE_COLOUR ( '', #3002 ) ;
#917 = LINE ( 'NONE', #3122, #3660 ) ;
#918 = LINE ( 'NONE', #90, #3435 ) ;
#919 = DIRECTION ( 'NONE',  ( -0.7071067811865455743, 0.0000000000000000000, -0.7071067811865493491 ) ) ;
#920 = ADVANCED_FACE ( 'NONE', ( #4065 ), #4593, .F. ) ;
#921 = ORIENTED_EDGE ( 'NONE', *, *, #4310, .F. ) ;
#922 = VERTEX_POINT ( 'NONE', #2405 ) ;
#923 = ORIENTED_EDGE ( 'NONE', *, *, #4368, .T. ) ;
#924 = PLANE ( 'NONE',  #78 ) ;
#925 = AXIS2_PLACEMENT_3D ( 'NONE', #1515, #1879, #4054 ) ;
#926 = DIRECTION ( 'NONE',  ( 0.0000000000000000000, 0.0000000000000000000, 1.000000000000000000 ) ) ;
#927 = EDGE_LOOP ( 'NONE', ( #3339, #1561 ) ) ;
#928 = AXIS2_PLACEMENT_3D ( 'NONE', #2942, #4342, #1787 ) ;
#929 = FACE_OUTER_BOUND ( 'NONE', #1191, .T. ) ;
#930 = FACE_OUTER_BOUND ( 'NONE', #557, .T. ) ;
#931 = CYLINDRICAL_SURFACE ( 'NONE', #4655, 9.999999999999994671 ) ;
#932 = AXIS2_PLACEMENT_3D ( 'NONE', #3825, #4551, #3114 ) ;
#933 = EDGE_CURVE ( 'NONE', #1534, #3349, #3443, .T. ) ;
#934 = DIRECTION ( 'NONE',  ( 0.0000000000000000000, 0.0000000000000000000, 1.000000000000000000 ) ) ;
#935 = PLANE ( 'NONE',  #4146 ) ;
#936 = DIRECTION ( 'NONE',  ( 0.0000000000000000000, 0.0000000000000000000, 1.000000000000000000 ) ) ;
#937 = ORIENTED_EDGE ( 'NONE', *, *, #4343, .T. ) ;
#938 = DIRECTION ( 'NONE',  ( -1.020425574104005602E-16, -0.0000000000000000000, -1.000000000000000000 ) ) ;
#939 = DIRECTION ( 'NONE',  ( -0.0000000000000000000, 1.000000000000000000, -0.0000000000000000000 ) ) ;
#940 = CARTESIAN_POINT ( 'NONE',  ( 62.49999999999997868, 1080.000000000000000, 0.0000000000000000000 ) ) ;
#941 = ADVANCED_FACE ( 'NONE', ( #4398 ), #1646, .F. ) ;
#942 = DIRECTION ( 'NONE',  ( -1.982541115402069301E-16, -1.181499347331008115E-35, -1.000000000000000000 ) ) ;
#943 = EDGE_CURVE ( 'NONE', #1308, #4669, #2764, .T. ) ;
#944 = AXIS2_PLACEMENT_3D ( 'NONE', #3439, #4173, #2002 ) ;
#945 =( NAMED_UNIT ( * ) SI_UNIT ( $, .STERADIAN. ) SOLID_ANGLE_UNIT ( ) );
#946 = AXIS2_PLACEMENT_3D ( 'NONE', #4481, #171, #227 ) ;
#947 = CARTESIAN_POINT ( 'NONE',  ( 90.00000000000000000, 1080.000000000000000, 95.09999999999999432 ) ) ;
#948 = ADVANCED_FACE ( 'NONE', ( #2593 ), #679, .F. ) ;
#949 = CARTESIAN_POINT ( 'NONE',  ( -90.00000000000000000, 1100.000000000000000, -95.09999999999999432 ) ) ;
#950 = CARTESIAN_POINT ( 'NONE',  ( 140.0000000000000000, 19.99999999999998934, 7.499999999999985789 ) ) ;
#951 = ORIENTED_EDGE ( 'NONE', *, *, #664, .T. ) ;
#952 = ORIENTED_EDGE ( 'NONE', *, *, #3068, .F. ) ;
#953 = VERTEX_POINT ( 'NONE', #4601 ) ;
#954 = DIRECTION ( 'NONE',  ( -1.982541115402069054E-16, 5.830650755791935071E-35, -1.000000000000000000 ) ) ;
#955 = EDGE_CURVE ( 'NONE', #2510, #1382, #1414, .T. ) ;
#956 = STYLED_ITEM ( 'NONE', ( #867 ), #3075 ) ;
#957 = PLANE ( 'NONE',  #703 ) ;
#958 = CARTESIAN_POINT ( 'NONE',  ( -114.9999999999999574, 1100.000000000000000, -124.9999999999999432 ) ) ;
#959 = LINE ( 'NONE', #4371, #3763 ) ;
#960 = ORIENTED_EDGE ( 'NONE', *, *, #1598, .F. ) ;
#961 = ORIENTED_EDGE ( 'NONE', *, *, #3831, .F. ) ;
#962 = LINE ( 'NONE', #2869, #180 ) ;
#963 = EDGE_CURVE ( 'NONE', #3884, #1724, #350, .T. ) ;
#964 = ORIENTED_EDGE ( 'NONE', *, *, #580, .T. ) ;
#965 = VECTOR ( 'NONE', #3681, 1000.000000000000000 ) ;
#966 = DIRECTION ( 'NONE',  ( 3.466673899897023851E-33, -1.000000000000000000, -3.942568710255460192E-34 ) ) ;
#968 = VERTEX_POINT ( 'NONE', #3545 ) ;
#967 = DIRECTION ( 'NONE',  ( -0.0000000000000000000, 1.000000000000000000, -0.0000000000000000000 ) ) ;
#969 = CYLINDRICAL_SURFACE ( 'NONE', #2323, 5.099999999999993427 ) ;
#970 = DIRECTION ( 'NONE',  ( -0.0000000000000000000, 1.000000000000000000, -0.0000000000000000000 ) ) ;
#971 = ORIENTED_EDGE ( 'NONE', *, *, #2881, .F. ) ;
#972 = VECTOR ( 'NONE', #1934, 1000.000000000000000 ) ;
#973 = CIRCLE ( 'NONE', #3630, 9.999999999999994671 ) ;
#974 = EDGE_CURVE ( 'NONE', #302, #3103, #962, .T. ) ;
#975 = ORIENTED_EDGE ( 'NONE', *, *, #1463, .T. ) ;
#976 = AXIS2_PLACEMENT_3D ( 'NONE', #1372, #2043, #4621 ) ;
#977 = LINE ( 'NONE', #3030, #2200 ) ;
#978 = PLANE ( 'NONE',  #1683 ) ;
#979 = EDGE_LOOP ( 'NONE', ( #281, #1610, #1873, #127 ) ) ;
#980 = VECTOR ( 'NONE', #4268, 1000.000000000000000 ) ;
#981 = FACE_BOUND ( 'NONE', #3907, .T. ) ;
#982 = ADVANCED_FACE ( 'NONE', ( #3891 ), #2422, .F. ) ;
#983 = EDGE_LOOP ( 'NONE', ( #4445, #1656 ) ) ;
#984 = ORIENTED_EDGE ( 'NONE', *, *, #4361, .T. ) ;
#985 = DIRECTION ( 'NONE',  ( -1.000000000000000000, 0.0000000000000000000, 0.0000000000000000000 ) ) ;
#986 = LINE ( 'NONE', #4128, #2100 ) ;
#987 = FACE_OUTER_BOUND ( 'NONE', #3850, .T. ) ;
#988 = DIRECTION ( 'NONE',  ( 0.0000000000000000000, 0.0000000000000000000, 1.000000000000000000 ) ) ;
#989 = ORIENTED_EDGE ( 'NONE', *, *, #2041, .T. ) ;
#990 = ORIENTED_EDGE ( 'NONE', *, *, #3752, .T. ) ;
#991 = PLANE ( 'NONE',  #2557 ) ;
#992 = CARTESIAN_POINT ( 'NONE',  ( -30.00000000000001421, 0.0000000000000000000, -125.0000000000000000 ) ) ;
#993 = DIRECTION ( 'NONE',  ( 0.0000000000000000000, 0.0000000000000000000, 1.000000000000000000 ) ) ;
#994 = EDGE_CURVE ( 'NONE', #4272, #2680, #1516, .T. ) ;
#995 = ADVANCED_FACE ( 'NONE', ( #567 ), #3199, .F. ) ;
#996 = EDGE_LOOP ( 'NONE', ( #2702, #3425, #2531, #4351, #1844 ) ) ;
#997 = ORIENTED_EDGE ( 'NONE', *, *, #777, .F. ) ;
#998 =( NAMED_UNIT ( * ) PLANE_ANGLE_UNIT ( ) SI_UNIT ( $, .RADIAN. ) );
#999 = COLOUR_RGB ( '',1.000000000000000000, 1.000000000000000000, 1.000000000000000000 ) ;
#1000 = EDGE_CURVE ( 'NONE', #3115, #280, #3888, .T. ) ;
#1001 = CARTESIAN_POINT ( 'NONE',  ( -7.500000000000000000, 20.00000000000003197, -89.99999999999998579 ) ) ;
#1002 = SURFACE_STYLE_USAGE ( .BOTH. , #3887 ) ;
#1003 = CARTESIAN_POINT ( 'NONE',  ( 77.99999999999998579, 1080.000000000000000, -67.99999999999991473 ) ) ;
#1004 = MANIFOLD_SOLID_BREP ( 'Gusset3', #3202 ) ;
#1005 = AXIS2_PLACEMENT_3D ( 'NONE', #1186, #2687, #4431 ) ;
#1006 = PRESENTATION_LAYER_ASSIGNMENT (  '', '', ( #3703 ) ) ;
#1007 = CARTESIAN_POINT ( 'NONE',  ( 7.500000000000000000, 20.00000000000003197, -89.99999999999998579 ) ) ;
#1008 = CARTESIAN_POINT ( 'NONE',  ( 124.9999999999999716, 20.00000000000000000, 132.5000000000000000 ) ) ;
#1009 = CARTESIAN_POINT ( 'NONE',  ( 125.0000000000000568, 1100.000000000000000, 115.0000000000000142 ) ) ;
#1010 = DIRECTION ( 'NONE',  ( 1.000000000000000000, 1.932701039895095811E-34, 6.162975822039153361E-33 ) ) ;
#1011 = PRODUCT_DEFINITION ( 'UNKNOWN', '', #2599, #2465 ) ;
#1012 = LINE ( 'NONE', #2105, #2233 ) ;
#1013 = ORIENTED_EDGE ( 'NONE', *, *, #1722, .F. ) ;
#1014 = AXIS2_PLACEMENT_3D ( 'NONE', #4602, #2461, #2827 ) ;
#1015 =( GEOMETRIC_REPRESENTATION_CONTEXT ( 3 ) GLOBAL_UNCERTAINTY_ASSIGNED_CONTEXT ( ( #445 ) ) GLOBAL_UNIT_ASSIGNED_CONTEXT ( ( #4299, #2111, #326 ) ) REPRESENTATION_CONTEXT ( 'NONE', 'WORKASPACE' ) );
#1016 = CARTESIAN_POINT ( 'NONE',  ( -110.0000000000000000, 220.0000000000000284, -7.499999999999985789 ) ) ;
#1017 = EDGE_LOOP ( 'NONE', ( #4504, #1349, #2642, #1054, #4068, #3585, #3433, #3964 ) ) ;
#1018 = ORIENTED_EDGE ( 'NONE', *, *, #2958, .F. ) ;
#1019 = CARTESIAN_POINT ( 'NONE',  ( 90.00000000000000000, 1080.000000000000000, 84.90000000000000568 ) ) ;
#1020 = CARTESIAN_POINT ( 'NONE',  ( 124.9999999999999716, 20.00000000000000000, -125.0000000000000000 ) ) ;
#1021 = ORIENTED_EDGE ( 'NONE', *, *, #2646, .T. ) ;
#1022 = DIRECTION ( 'NONE',  ( 6.162975822039154730E-33, 1.540743955509788682E-33, 1.000000000000000000 ) ) ;
#1023 = EDGE_CURVE ( 'NONE', #3369, #1305, #1747, .T. ) ;
#1024 = CIRCLE ( 'NONE', #468, 5.099999999999993427 ) ;
#1025 = CARTESIAN_POINT ( 'NONE',  ( 149.9999999999999716, 20.00000000000000000, -139.9999999999999716 ) ) ;
#1026 = AXIS2_PLACEMENT_3D ( 'NONE', #2715, #2381, #3056 ) ;
#1027 = ORIENTED_EDGE ( 'NONE', *, *, #3042, .T. ) ;
#1028 = LINE ( 'NONE', #1072, #2820 ) ;
#1029 = DIRECTION ( 'NONE',  ( -0.0000000000000000000, -1.000000000000000000, -0.0000000000000000000 ) ) ;
#1030 = CARTESIAN_POINT ( 'NONE',  ( -7.500000000000005329, 220.0000000000000284, -109.9999999999999858 ) ) ;
#1031 = STYLED_ITEM ( 'NONE', ( #3549 ), #941 ) ;
#1032 = EDGE_CURVE ( 'NONE', #707, #1998, #2303, .T. ) ;
#1033 = EDGE_LOOP ( 'NONE', ( #3664, #3550 ) ) ;
#1034 = VERTEX_POINT ( 'NONE', #4668 ) ;
#1035 = CYLINDRICAL_SURFACE ( 'NONE', #1866, 4.500000000000003553 ) ;
#1036 = VECTOR ( 'NONE', #2713, 1000.000000000000000 ) ;
#1037 = LINE ( 'NONE', #3385, #1705 ) ;
#1038 = CARTESIAN_POINT ( 'NONE',  ( 149.9999999999999716, 20.00000000000000000, -150.0000000000000000 ) ) ;
#1039 = CARTESIAN_POINT ( 'NONE',  ( -140.0000000000000000, 0.0000000000000000000, -150.0000000000000000 ) ) ;
#1040 = VERTEX_POINT ( 'NONE', #1398 ) ;
#1041 = CARTESIAN_POINT ( 'NONE',  ( -30.00000000000001421, 0.0000000000000000000, -125.0000000000000000 ) ) ;
#1042 = ORIENTED_EDGE ( 'NONE', *, *, #4190, .T. ) ;
#1043 = LINE ( 'NONE', #497, #371 ) ;
#1044 = EDGE_CURVE ( 'NONE', #2771, #3393, #1638, .T. ) ;
#1045 = DIRECTION ( 'NONE',  ( -0.0000000000000000000, 1.000000000000000000, -0.0000000000000000000 ) ) ;
#1046 =( GEOMETRIC_REPRESENTATION_CONTEXT ( 3 ) GLOBAL_UNCERTAINTY_ASSIGNED_CONTEXT ( ( #505 ) ) GLOBAL_UNIT_ASSIGNED_CONTEXT ( ( #2948, #1837, #2629 ) ) REPRESENTATION_CONTEXT ( 'NONE', 'WORKASPACE' ) );
#1047 = DIRECTION ( 'NONE',  ( 1.000000000000000000, -9.244463733058732095E-33, -1.982541115402069054E-16 ) ) ;
#1048 = DIRECTION ( 'NONE',  ( 0.0000000000000000000, 1.000000000000000000, 0.0000000000000000000 ) ) ;
#1049 = CYLINDRICAL_SURFACE ( 'NONE', #389, 3.399999999999986144 ) ;
#1050 = DIRECTION ( 'NONE',  ( 0.0000000000000000000, 0.0000000000000000000, 1.000000000000000000 ) ) ;
#1051 = FACE_BOUND ( 'NONE', #2785, .T. ) ;
#1052 = PLANE ( 'NONE',  #3756 ) ;
#1053 = STYLED_ITEM ( 'NONE', ( #3779 ), #2440 ) ;
#1054 = ORIENTED_EDGE ( 'NONE', *, *, #3635, .F. ) ;
#1055 = PLANE ( 'NONE',  #142 ) ;
#1056 = ADVANCED_FACE ( 'NONE', ( #1243 ), #3970, .F. ) ;
#1057 = CARTESIAN_POINT ( 'NONE',  ( 7.499999999999982236, -1.387778780781445676E-14, -1.387778780781445676E-14 ) ) ;
#1058 = EDGE_CURVE ( 'NONE', #2979, #697, #2242, .T. ) ;
#1059 = VECTOR ( 'NONE', #3320, 1000.000000000000000 ) ;
#1060 = CARTESIAN_POINT ( 'NONE',  ( 7.500000000000016875, 4.163336342344337027E-14, 0.0000000000000000000 ) ) ;
#1061 = CIRCLE ( 'NONE', #1834, 4.499999999999997335 ) ;
#1062 =( NAMED_UNIT ( * ) SI_UNIT ( $, .STERADIAN. ) SOLID_ANGLE_UNIT ( ) );
#1063 = AXIS2_PLACEMENT_3D ( 'NONE', #4041, #2182, #1871 ) ;
#1064 = EDGE_CURVE ( 'NONE', #4476, #1034, #2534, .T. ) ;
#1065 = EDGE_LOOP ( 'NONE', ( #585, #3382, #2880, #1076 ) ) ;
#1066 =( LENGTH_UNIT ( ) NAMED_UNIT ( * ) SI_UNIT ( .MILLI., .METRE. ) );
#1067 = DIRECTION ( 'NONE',  ( 0.0000000000000000000, 0.0000000000000000000, 1.000000000000000000 ) ) ;
#1068 = EDGE_CURVE ( 'NONE', #2771, #882, #3033, .T. ) ;
#1069 = DIRECTION ( 'NONE',  ( 0.0000000000000000000, 0.0000000000000000000, 1.000000000000000000 ) ) ;
#1070 = AXIS2_PLACEMENT_3D ( 'NONE', #2268, #115, #1555 ) ;
#1071 = DIRECTION ( 'NONE',  ( 0.0000000000000000000, 0.0000000000000000000, 1.000000000000000000 ) ) ;
#1072 = CARTESIAN_POINT ( 'NONE',  ( 150.0000000000000284, 20.00000000000000000, 139.9999999999999716 ) ) ;
#1073 = DIRECTION ( 'NONE',  ( 1.000000000000000000, 0.0000000000000000000, 0.0000000000000000000 ) ) ;
#1074 = DIRECTION ( 'NONE',  ( 0.0000000000000000000, 1.000000000000000000, 0.0000000000000000000 ) ) ;
#1075 = DIRECTION ( 'NONE',  ( 0.0000000000000000000, 0.0000000000000000000, 1.000000000000000000 ) ) ;
#1076 = ORIENTED_EDGE ( 'NONE', *, *, #3366, .T. ) ;
#1077 = ORIENTED_EDGE ( 'NONE', *, *, #3978, .T. ) ;
#1078 = DIRECTION ( 'NONE',  ( 0.0000000000000000000, 0.0000000000000000000, 1.000000000000000000 ) ) ;
#1079 = CARTESIAN_POINT ( 'NONE',  ( 90.00000000000000000, 1100.000000000000000, -84.90000000000000568 ) ) ;
#1080 = CYLINDRICAL_SURFACE ( 'NONE', #1500, 2.499999999999946709 ) ;
#1081 = ORIENTED_EDGE ( 'NONE', *, *, #2978, .T. ) ;
#1082 = ORIENTED_EDGE ( 'NONE', *, *, #749, .F. ) ;
#1083 = AXIS2_PLACEMENT_3D ( 'NONE', #2362, #2334, #546 ) ;
#1085 = ORIENTED_EDGE ( 'NONE', *, *, #1426, .F. ) ;
#1084 = DIRECTION ( 'NONE',  ( 0.0000000000000000000, 1.000000000000000000, 0.0000000000000000000 ) ) ;
#1086 = DIRECTION ( 'NONE',  ( 0.0000000000000000000, 1.000000000000000000, 0.0000000000000000000 ) ) ;
#1087 = VECTOR ( 'NONE', #2421, 1000.000000000000000 ) ;
#1088 = DIRECTION ( 'NONE',  ( 0.7071067811865536790, 0.0000000000000000000, -0.7071067811865414665 ) ) ;
#1089 = VECTOR ( 'NONE', #2795, 1000.000000000000000 ) ;
#1090 = PLANE ( 'NONE',  #4047 ) ;
#1091 = ORIENTED_EDGE ( 'NONE', *, *, #2220, .F. ) ;
#1092 = CIRCLE ( 'NONE', #1128, 4.500000000000003553 ) ;
#1093 = CARTESIAN_POINT ( 'NONE',  ( -78.00000000000000000, 1080.000000000000000, -67.99999999999991473 ) ) ;
#1094 = LINE ( 'NONE', #3621, #183 ) ;
#1095 = ORIENTED_EDGE ( 'NONE', *, *, #2413, .F. ) ;
#1096 = VERTEX_POINT ( 'NONE', #2918 ) ;
#1097 = DIRECTION ( 'NONE',  ( -0.0000000000000000000, 1.000000000000000000, -0.0000000000000000000 ) ) ;
#1098 = LINE ( 'NONE', #3288, #1531 ) ;
#1099 = LINE ( 'NONE', #3895, #3847 ) ;
#1100 = VERTEX_POINT ( 'NONE', #787 ) ;
#1101 = FACE_OUTER_BOUND ( 'NONE', #3971, .T. ) ;
#1102 = EDGE_CURVE ( 'NONE', #3485, #4087, #344, .T. ) ;
#1103 = FACE_OUTER_BOUND ( 'NONE', #791, .T. ) ;
#1104 = EDGE_LOOP ( 'NONE', ( #195, #1789 ) ) ;
#1105 = DIRECTION ( 'NONE',  ( -1.423415318369119772E-33, 1.000000000000000000, 3.081487911019577365E-33 ) ) ;
#1106 = DIRECTION ( 'NONE',  ( 0.0000000000000000000, 0.0000000000000000000, 1.000000000000000000 ) ) ;
#1107 = SURFACE_STYLE_USAGE ( .BOTH. , #4656 ) ;
#1108 = AXIS2_PLACEMENT_3D ( 'NONE', #4183, #4549, #618 ) ;
#1109 = DIRECTION ( 'NONE',  ( 1.000000000000000000, -0.0000000000000000000, -0.0000000000000000000 ) ) ;
#1110 = ORIENTED_EDGE ( 'NONE', *, *, #1354, .F. ) ;
#1111 = EDGE_LOOP ( 'NONE', ( #3651, #2445, #527, #1573 ) ) ;
#1112 = MECHANICAL_DESIGN_GEOMETRIC_PRESENTATION_REPRESENTATION (  '', ( #2632 ), #1015 ) ;
#1113 = CARTESIAN_POINT ( 'NONE',  ( 90.00000000000000000, 1015.000000000000114, -45.00000000000000000 ) ) ;
#1114 = DIRECTION ( 'NONE',  ( -1.000000000000000000, 0.0000000000000000000, 1.020425574104005602E-16 ) ) ;
#1115 = VECTOR ( 'NONE', #1840, 1000.000000000000000 ) ;
#1116 = DIRECTION ( 'NONE',  ( -1.000000000000000000, -0.0000000000000000000, 1.982541115402069301E-16 ) ) ;
#1117 = EDGE_CURVE ( 'NONE', #1703, #3364, #4388, .T. ) ;
#1118 = CARTESIAN_POINT ( 'NONE',  ( -90.00000000000000000, 1100.000000000000000, -95.09999999999999432 ) ) ;
#1119 = DIRECTION ( 'NONE',  ( -0.0000000000000000000, 1.000000000000000000, -0.0000000000000000000 ) ) ;
#1120 = AXIS2_PLACEMENT_3D ( 'NONE', #881, #1214, #140 ) ;
#1121 = DIRECTION ( 'NONE',  ( -1.000000000000000000, 0.0000000000000000000, 0.0000000000000000000 ) ) ;
#1122 = CARTESIAN_POINT ( 'NONE',  ( 78.00000000000000000, 1015.000000000000114, 42.50000000000004974 ) ) ;
#1123 = AXIS2_PLACEMENT_3D ( 'NONE', #3692, #1942, #832 ) ;
#1124 = EDGE_CURVE ( 'NONE', #250, #4363, #902, .T. ) ;
#1125 = CARTESIAN_POINT ( 'NONE',  ( 150.0000000000000000, -0.001000000000001000089, 7.500000000000524025 ) ) ;
#1126 = EDGE_LOOP ( 'NONE', ( #4389, #3707, #1827, #202 ) ) ;
#1127 = EDGE_CURVE ( 'NONE', #1700, #3678, #4055, .T. ) ;
#1128 = AXIS2_PLACEMENT_3D ( 'NONE', #1877, #2575, #3303 ) ;
#1129 = VECTOR ( 'NONE', #1982, 1000.000000000000000 ) ;
#1130 = ORIENTED_EDGE ( 'NONE', *, *, #2403, .T. ) ;
#1131 = EDGE_LOOP ( 'NONE', ( #2675, #570, #4112, #3817 ) ) ;
#1132 = DIRECTION ( 'NONE',  ( -0.0000000000000000000, 1.000000000000000000, 0.0000000000000000000 ) ) ;
#1133 = FILL_AREA_STYLE_COLOUR ( '', #12 ) ;
#1134 = CARTESIAN_POINT ( 'NONE',  ( -70.00000000000000000, 1099.500000000000227, 95.00000000000000000 ) ) ;
#1135 = DIRECTION ( 'NONE',  ( 0.0000000000000000000, 1.000000000000000000, 0.0000000000000000000 ) ) ;
#1136 = ORIENTED_EDGE ( 'NONE', *, *, #442, .T. ) ;
#1137 = ORIENTED_EDGE ( 'NONE', *, *, #3396, .F. ) ;
#1138 = FACE_BOUND ( 'NONE', #1749, .T. ) ;
#1139 = DIRECTION ( 'NONE',  ( 0.0000000000000000000, 0.0000000000000000000, -1.000000000000000000 ) ) ;
#1140 = CARTESIAN_POINT ( 'NONE',  ( -78.00000000000000000, 20.00000000000000355, -67.99999999999991473 ) ) ;
#1141 = ORIENTED_EDGE ( 'NONE', *, *, #2138, .F. ) ;
#1142 = ORIENTED_EDGE ( 'NONE', *, *, #3877, .T. ) ;
#1143 = VECTOR ( 'NONE', #966, 1000.000000000000000 ) ;
#1144 = EDGE_CURVE ( 'NONE', #3998, #467, #3592, .T. ) ;
#1145 = ORIENTED_EDGE ( 'NONE', *, *, #1117, .F. ) ;
#1146 = CYLINDRICAL_SURFACE ( 'NONE', #395, 5.099999999999993427 ) ;
#1147 = APPLICATION_PROTOCOL_DEFINITION ( 'draft international standard', 'automotive_design', 1998, #3318 ) ;
#1149 = VERTEX_POINT ( 'NONE', #2562 ) ;
#1148 = DIRECTION ( 'NONE',  ( -0.0000000000000000000, -1.000000000000000000, -0.0000000000000000000 ) ) ;
#1150 = CARTESIAN_POINT ( 'NONE',  ( -114.9999999999999574, 1080.000000000000000, 125.0000000000000000 ) ) ;
#1151 = VERTEX_POINT ( 'NONE', #1162 ) ;
#1152 = LINE ( 'NONE', #4423, #2834 ) ;
#1153 = CIRCLE ( 'NONE', #87, 3.000000000000002665 ) ;
#1154 = FACE_BOUND ( 'NONE', #1033, .T. ) ;
#1155 = EDGE_CURVE ( 'NONE', #1218, #3880, #3083, .T. ) ;
#1156 = AXIS2_PLACEMENT_3D ( 'NONE', #1377, #3539, #3914 ) ;
#1157 = DIRECTION ( 'NONE',  ( -1.000000000000000000, 1.423415318369119772E-33, 0.0000000000000000000 ) ) ;
#1158 = ORIENTED_EDGE ( 'NONE', *, *, #316, .T. ) ;
#1159 = ORIENTED_EDGE ( 'NONE', *, *, #1102, .T. ) ;
#1160 = CARTESIAN_POINT ( 'NONE',  ( -149.9999999999999716, 20.00000000000000000, 150.0000000000000000 ) ) ;
#1161 = CARTESIAN_POINT ( 'NONE',  ( 0.0000000000000000000, 0.0000000000000000000, 0.0000000000000000000 ) ) ;
#1162 = CARTESIAN_POINT ( 'NONE',  ( 124.9999999999999716, 0.0000000000000000000, 132.5000000000000000 ) ) ;
#1163 =( GEOMETRIC_REPRESENTATION_CONTEXT ( 3 ) GLOBAL_UNCERTAINTY_ASSIGNED_CONTEXT ( ( #4058 ) ) GLOBAL_UNIT_ASSIGNED_CONTEXT ( ( #2139, #3946, #4665 ) ) REPRESENTATION_CONTEXT ( 'NONE', 'WORKASPACE' ) );
#1164 = DIRECTION ( 'NONE',  ( 0.0000000000000000000, -0.0000000000000000000, 1.000000000000000000 ) ) ;
#1165 = SURFACE_STYLE_FILL_AREA ( #407 ) ;
#1166 = CYLINDRICAL_SURFACE ( 'NONE', #858, 9.999999999999994671 ) ;
#1167 =( NAMED_UNIT ( * ) PLANE_ANGLE_UNIT ( ) SI_UNIT ( $, .RADIAN. ) );
#1168 = FILL_AREA_STYLE_COLOUR ( '', #311 ) ;
#1169 = EDGE_CURVE ( 'NONE', #3953, #2979, #959, .T. ) ;
#1170 =( NAMED_UNIT ( * ) SI_UNIT ( $, .STERADIAN. ) SOLID_ANGLE_UNIT ( ) );
#1171 = EDGE_CURVE ( 'NONE', #4175, #3227, #2530, .T. ) ;
#1172 = ADVANCED_FACE ( 'NONE', ( #1564 ), #2335, .F. ) ;
#1173 = DIRECTION ( 'NONE',  ( -7.401486830834376525E-17, -1.000000000000000000, -0.0000000000000000000 ) ) ;
#1174 = VECTOR ( 'NONE', #2238, 1000.000000000000000 ) ;
#1175 = VERTEX_POINT ( 'NONE', #1473 ) ;
#1176 = ORIENTED_EDGE ( 'NONE', *, *, #4319, .F. ) ;
#1177 = EDGE_CURVE ( 'NONE', #4669, #1308, #108, .T. ) ;
#1178 = ORIENTED_EDGE ( 'NONE', *, *, #4397, .F. ) ;
#1179 = AXIS2_PLACEMENT_3D ( 'NONE', #885, #4483, #2679 ) ;
#1180 = AXIS2_PLACEMENT_3D ( 'NONE', #330, #3191, #2806 ) ;
#1181 = CARTESIAN_POINT ( 'NONE',  ( -70.00000000000000000, 1080.000000000000000, 95.00000000000000000 ) ) ;
#1182 = ORIENTED_EDGE ( 'NONE', *, *, #1221, .T. ) ;
#1183 = CARTESIAN_POINT ( 'NONE',  ( 67.99999999999998579, 1080.000000000000000, -68.00000000000000000 ) ) ;
#1184 = ORIENTED_EDGE ( 'NONE', *, *, #2223, .T. ) ;
#1185 = DIRECTION ( 'NONE',  ( 1.000000000000000000, 0.0000000000000000000, 0.0000000000000000000 ) ) ;
#1186 = CARTESIAN_POINT ( 'NONE',  ( -29.99999999999998579, 0.0000000000000000000, 125.0000000000000284 ) ) ;
#1187 =( GEOMETRIC_REPRESENTATION_CONTEXT ( 3 ) GLOBAL_UNCERTAINTY_ASSIGNED_CONTEXT ( ( #3800 ) ) GLOBAL_UNIT_ASSIGNED_CONTEXT ( ( #3019, #102, #2297 ) ) REPRESENTATION_CONTEXT ( 'NONE', 'WORKASPACE' ) );
#1188 = CARTESIAN_POINT ( 'NONE',  ( 149.9999999999999716, 0.0000000000000000000, -150.0000000000000000 ) ) ;
#1189 = LINE ( 'NONE', #2463, #1087 ) ;
#1190 = MECHANICAL_DESIGN_GEOMETRIC_PRESENTATION_REPRESENTATION (  '', ( #3293 ), #3687 ) ;
#1191 = EDGE_LOOP ( 'NONE', ( #1199, #2595, #1796, #2812, #1184 ) ) ;
#1192 = ORIENTED_EDGE ( 'NONE', *, *, #2441, .T. ) ;
#1193 = CARTESIAN_POINT ( 'NONE',  ( -30.00000000000001421, 20.00000000000000000, -125.0000000000000000 ) ) ;
#1194 = VECTOR ( 'NONE', #331, 1000.000000000000000 ) ;
#1195 = LINE ( 'NONE', #1160, #3601 ) ;
#1196 = VERTEX_POINT ( 'NONE', #1918 ) ;
#1197 = CIRCLE ( 'NONE', #209, 5.099999999999993427 ) ;
#1198 = EDGE_LOOP ( 'NONE', ( #2374, #4227, #3556, #3004 ) ) ;
#1199 = ORIENTED_EDGE ( 'NONE', *, *, #57, .T. ) ;
#1200 = VECTOR ( 'NONE', #1409, 1000.000000000000000 ) ;
#1201 = FACE_OUTER_BOUND ( 'NONE', #3044, .T. ) ;
#1202 = CARTESIAN_POINT ( 'NONE',  ( -142.5000000000000568, -0.001000000000001000089, -1.492608272355440021E-12 ) ) ;
#1203 = ADVANCED_FACE ( 'NONE', ( #2641 ), #1080, .F. ) ;
#1204 = UNCERTAINTY_MEASURE_WITH_UNIT (LENGTH_MEASURE( 1.000000000000000082E-05 ), #1456, 'distance_accuracy_value', 'NONE');
#1205 = DIRECTION ( 'NONE',  ( 0.0000000000000000000, 1.000000000000000000, 0.0000000000000000000 ) ) ;
#1206 = LINE ( 'NONE', #2176, #3223 ) ;
#1207 = ORIENTED_EDGE ( 'NONE', *, *, #191, .F. ) ;
#1208 = CYLINDRICAL_SURFACE ( 'NONE', #2290, 5.099999999999993427 ) ;
#1209 = ORIENTED_EDGE ( 'NONE', *, *, #4086, .T. ) ;
#1210 = CIRCLE ( 'NONE', #1945, 3.400000000000000355 ) ;
#1211 = DIRECTION ( 'NONE',  ( 0.0000000000000000000, 0.0000000000000000000, 1.000000000000000000 ) ) ;
#1212 = CARTESIAN_POINT ( 'NONE',  ( -124.9999999999999716, 20.00000000000000000, 30.00000000000000000 ) ) ;
#1213 = VECTOR ( 'NONE', #2316, 1000.000000000000000 ) ;
#1214 = DIRECTION ( 'NONE',  ( -7.401486830834376525E-17, -1.000000000000000000, -0.0000000000000000000 ) ) ;
#1215 = LINE ( 'NONE', #2754, #2782 ) ;
#1216 = PLANE ( 'NONE',  #1434 ) ;
#1217 = VECTOR ( 'NONE', #3208, 999.9999999999998863 ) ;
#1218 = VERTEX_POINT ( 'NONE', #3749 ) ;
#1219 = CARTESIAN_POINT ( 'NONE',  ( 90.00000000000000000, 1055.000000000000227, -42.50000000000004974 ) ) ;
#1220 = LINE ( 'NONE', #3372, #4033 ) ;
#1221 = EDGE_CURVE ( 'NONE', #275, #1415, #2973, .T. ) ;
#1222 = AXIS2_PLACEMENT_3D ( 'NONE', #4148, #4513, #2760 ) ;
#1223 = ORIENTED_EDGE ( 'NONE', *, *, #2223, .F. ) ;
#1224 = VERTEX_POINT ( 'NONE', #4109 ) ;
#1225 = AXIS2_PLACEMENT_3D ( 'NONE', #1113, #2199, #1139 ) ;
#1226 = DIRECTION ( 'NONE',  ( 1.000000000000000000, 0.0000000000000000000, -1.982541115402069301E-16 ) ) ;
#1227 = ADVANCED_FACE ( 'NONE', ( #3705 ), #1946, .F. ) ;
#1228 = DIRECTION ( 'NONE',  ( 1.000000000000000000, -1.078520768856852078E-32, -1.982541115402069301E-16 ) ) ;
#1229 = FILL_AREA_STYLE_COLOUR ( '', #2127 ) ;
#1230 = CARTESIAN_POINT ( 'NONE',  ( -7.500000000000000000, 19.99999999999998934, 89.99999999999998579 ) ) ;
#1231 = EDGE_CURVE ( 'NONE', #1419, #4087, #1791, .T. ) ;
#1232 = EDGE_LOOP ( 'NONE', ( #1968, #4346, #653, #129 ) ) ;
#1233 = EDGE_LOOP ( 'NONE', ( #1130, #3500, #1145, #1081 ) ) ;
#1234 = ORIENTED_EDGE ( 'NONE', *, *, #114, .T. ) ;
#1235 = CARTESIAN_POINT ( 'NONE',  ( -7.499999999999994671, 220.0000000000000284, 109.9999999999999858 ) ) ;
#1236 = AXIS2_PLACEMENT_3D ( 'NONE', #1125, #3637, #1479 ) ;
#1237 = DIRECTION ( 'NONE',  ( -0.0000000000000000000, -0.0000000000000000000, 1.000000000000000000 ) ) ;
#1238 = ORIENTED_EDGE ( 'NONE', *, *, #3576, .T. ) ;
#1239 = ORIENTED_EDGE ( 'NONE', *, *, #2901, .F. ) ;
#1240 = AXIS2_PLACEMENT_3D ( 'NONE', #3008, #3345, #2314 ) ;
#1241 = AXIS2_PLACEMENT_3D ( 'NONE', #4409, #1566, #109 ) ;
#1242 = DIRECTION ( 'NONE',  ( 0.0000000000000000000, 0.0000000000000000000, 1.000000000000000000 ) ) ;
#1243 = FACE_OUTER_BOUND ( 'NONE', #3132, .T. ) ;
#1244 = DIRECTION ( 'NONE',  ( 0.0000000000000000000, 0.0000000000000000000, -1.000000000000000000 ) ) ;
#1245 = ADVANCED_FACE ( 'NONE', ( #4444 ), #3644, .F. ) ;
#1246 = DIRECTION ( 'NONE',  ( -1.000000000000000000, 0.0000000000000000000, 6.033820786006285224E-17 ) ) ;
#1247 = ORIENTED_EDGE ( 'NONE', *, *, #1557, .T. ) ;
#1248 = ORIENTED_EDGE ( 'NONE', *, *, #610, .T. ) ;
#1249 = VECTOR ( 'NONE', #3647, 1000.000000000000000 ) ;
#1250 = LINE ( 'NONE', #1696, #3269 ) ;
#1251 = SURFACE_STYLE_FILL_AREA ( #2664 ) ;
#1252 = CARTESIAN_POINT ( 'NONE',  ( -70.00000000000000000, 1080.000000000000000, 92.00000000000001421 ) ) ;
#1253 = LINE ( 'NONE', #897, #411 ) ;
#1254 = FACE_OUTER_BOUND ( 'NONE', #2485, .T. ) ;
#1255 = FACE_BOUND ( 'NONE', #1438, .T. ) ;
#1256 = VERTEX_POINT ( 'NONE', #3408 ) ;
#1257 = CIRCLE ( 'NONE', #878, 75.00000000000001421 ) ;
#1258 = ORIENTED_EDGE ( 'NONE', *, *, #1044, .F. ) ;
#1259 = DIRECTION ( 'NONE',  ( -1.232595164407830672E-32, 0.9805806756909201116, -0.1961161351381839613 ) ) ;
#1260 = VECTOR ( 'NONE', #3718, 1000.000000000000000 ) ;
#1261 = CARTESIAN_POINT ( 'NONE',  ( -140.0000000000000000, 70.00000000000001421, -7.499999999999985789 ) ) ;
#1262 = EDGE_CURVE ( 'NONE', #1472, #863, #3368, .T. ) ;
#1263 = CIRCLE ( 'NONE', #3423, 20.00000000000000355 ) ;
#1264 = CARTESIAN_POINT ( 'NONE',  ( 140.0000000000000000, 19.99999999999998934, -7.500000000000013323 ) ) ;
#1265 = CYLINDRICAL_SURFACE ( 'NONE', #4413, 3.000000000000002665 ) ;
#1266 = LINE ( 'NONE', #1025, #3627 ) ;
#1267 = AXIS2_PLACEMENT_3D ( 'NONE', #2417, #600, #3532 ) ;
#1268 = DIRECTION ( 'NONE',  ( -7.401486830834376525E-17, -1.000000000000000000, 0.0000000000000000000 ) ) ;
#1269 = ORIENTED_EDGE ( 'NONE', *, *, #3309, .F. ) ;
#1270 = ORIENTED_EDGE ( 'NONE', *, *, #1418, .F. ) ;
#1271 = DIRECTION ( 'NONE',  ( -0.7071067811865434649, -0.0000000000000000000, -0.7071067811865516806 ) ) ;
#1272 = DIRECTION ( 'NONE',  ( -0.0000000000000000000, 1.000000000000000000, -0.0000000000000000000 ) ) ;
#1273 = CARTESIAN_POINT ( 'NONE',  ( 30.00000000000001421, 20.00000000000000000, 128.3999999999999773 ) ) ;
#1274 = ADVANCED_FACE ( 'NONE', ( #613 ), #891, .F. ) ;
#1275 = CARTESIAN_POINT ( 'NONE',  ( -149.9999999999999432, -0.001000000000001000089, -7.500000000001570299 ) ) ;
#1277 = LINE ( 'NONE', #2951, #2171 ) ;
#1276 = CARTESIAN_POINT ( 'NONE',  ( -30.00000000000001421, 0.0000000000000000000, -128.3999999999999773 ) ) ;
#1278 = EDGE_CURVE ( 'NONE', #1305, #3730, #2924, .T. ) ;
#1279 = AXIS2_PLACEMENT_3D ( 'NONE', #2656, #489, #869 ) ;
#1280 = DIRECTION ( 'NONE',  ( 6.162975822039154730E-33, 1.540743955509788682E-33, 1.000000000000000000 ) ) ;
#1281 = CARTESIAN_POINT ( 'NONE',  ( -7.500000000000009770, 20.00000000000001776, -139.9999999999999716 ) ) ;
#1282 = DIRECTION ( 'NONE',  ( -0.0000000000000000000, 1.000000000000000000, -0.0000000000000000000 ) ) ;
#1283 = UNCERTAINTY_MEASURE_WITH_UNIT (LENGTH_MEASURE( 1.000000000000000082E-05 ), #4118, 'distance_accuracy_value', 'NONE');
#1284 = CARTESIAN_POINT ( 'NONE',  ( 124.9999999999999716, 20.00000000000000000, -30.00000000000000000 ) ) ;
#1285 = VERTEX_POINT ( 'NONE', #4184 ) ;
#1286 = CARTESIAN_POINT ( 'NONE',  ( -140.0000000000000000, 20.00000000000000000, 150.0000000000000000 ) ) ;
#1287 = ORIENTED_EDGE ( 'NONE', *, *, #3555, .F. ) ;
#1288 = AXIS2_PLACEMENT_3D ( 'NONE', #1041, #1086, #4284 ) ;
#1289 = ADVANCED_FACE ( 'NONE', ( #4606 ), #3027, .F. ) ;
#1290 = ORIENTED_EDGE ( 'NONE', *, *, #605, .T. ) ;
#1291 = EDGE_CURVE ( 'NONE', #173, #245, #3257, .T. ) ;
#1292 = PRESENTATION_STYLE_ASSIGNMENT (( #3238 ) ) ;
#1293 = VERTEX_POINT ( 'NONE', #1314 ) ;
#1294 = EDGE_LOOP ( 'NONE', ( #2320, #2766, #1807, #1348, #2218, #1978, #1510, #3866 ) ) ;
#1295 = DIRECTION ( 'NONE',  ( -0.0000000000000000000, -1.000000000000000000, -0.0000000000000000000 ) ) ;
#1296 = CARTESIAN_POINT ( 'NONE',  ( -70.00000000000000000, 1100.000000000000000, 95.00000000000000000 ) ) ;
#1297 = DIRECTION ( 'NONE',  ( -6.162975822039153361E-33, 1.540743955509788682E-33, 1.000000000000000000 ) ) ;
#1298 = EDGE_CURVE ( 'NONE', #2780, #136, #2808, .T. ) ;
#1299 = ORIENTED_EDGE ( 'NONE', *, *, #1291, .T. ) ;
#1300 = STYLED_ITEM ( 'NONE', ( #4286 ), #4152 ) ;
#1301 = DIRECTION ( 'NONE',  ( -0.7071067811865536790, -0.0000000000000000000, 0.7071067811865414665 ) ) ;
#1302 = CIRCLE ( 'NONE', #2226, 4.500000000000003553 ) ;
#1303 = CIRCLE ( 'NONE', #2068, 7.500000000000007105 ) ;
#1304 = ORIENTED_EDGE ( 'NONE', *, *, #2798, .F. ) ;
#1305 = VERTEX_POINT ( 'NONE', #4215 ) ;
#1306 = FACE_BOUND ( 'NONE', #4613, .T. ) ;
#1307 = CIRCLE ( 'NONE', #802, 5.099999999999993427 ) ;
#1308 = VERTEX_POINT ( 'NONE', #2051 ) ;
#1309 = EDGE_LOOP ( 'NONE', ( #1770, #543, #898, #595 ) ) ;
#1310 = VERTEX_POINT ( 'NONE', #4566 ) ;
#1311 = LINE ( 'NONE', #1118, #2884 ) ;
#1312 = CARTESIAN_POINT ( 'NONE',  ( 90.00000000000000000, 1055.000000000000227, -45.00000000000000000 ) ) ;
#1313 = CARTESIAN_POINT ( 'NONE',  ( -124.9999999999999716, 0.0000000000000000000, 30.00000000000000000 ) ) ;
#1314 = CARTESIAN_POINT ( 'NONE',  ( 70.00000000000000000, 1099.500000000000227, -98.00000000000000000 ) ) ;
#1315 = DIRECTION ( 'NONE',  ( -1.000000000000000000, 3.466673899897024536E-33, 1.982541115402069301E-16 ) ) ;
#1316 = ORIENTED_EDGE ( 'NONE', *, *, #3125, .T. ) ;
#1317 = ORIENTED_EDGE ( 'NONE', *, *, #1893, .F. ) ;
#1318 = VECTOR ( 'NONE', #3697, 1000.000000000000000 ) ;
#1319 = CARTESIAN_POINT ( 'NONE',  ( -69.99999999999985789, 1080.000000000000000, -89.99999999999997158 ) ) ;
#1320 = LINE ( 'NONE', #4528, #3344 ) ;
#1321 = VERTEX_POINT ( 'NONE', #4550 ) ;
#1322 = ORIENTED_EDGE ( 'NONE', *, *, #3373, .F. ) ;
#1323 = DIRECTION ( 'NONE',  ( -0.0000000000000000000, 1.000000000000000000, -0.0000000000000000000 ) ) ;
#1324 = ORIENTED_EDGE ( 'NONE', *, *, #2408, .F. ) ;
#1325 = CARTESIAN_POINT ( 'NONE',  ( -9.950721815702933470E-13, -0.001000000000001000089, 142.5000000000000568 ) ) ;
#1326 = ADVANCED_FACE ( 'NONE', ( #4331 ), #4224, .F. ) ;
#1327 = EDGE_CURVE ( 'NONE', #2822, #2092, #896, .T. ) ;
#1328 = CARTESIAN_POINT ( 'NONE',  ( 69.99999999999985789, 1080.000000000000000, 89.99999999999997158 ) ) ;
#1329 = DIRECTION ( 'NONE',  ( -0.0000000000000000000, 1.000000000000000000, -0.0000000000000000000 ) ) ;
#1330 = DIRECTION ( 'NONE',  ( 1.000000000000000000, -0.0000000000000000000, -0.0000000000000000000 ) ) ;
#1331 = FILL_AREA_STYLE ('',( #2847 ) ) ;
#1332 = SURFACE_SIDE_STYLE ('',( #4565 ) ) ;
#1333 = EDGE_CURVE ( 'NONE', #2833, #2767, #1506, .T. ) ;
#1334 = PRESENTATION_LAYER_ASSIGNMENT (  '', '', ( #1620 ) ) ;
#1335 = CARTESIAN_POINT ( 'NONE',  ( 150.0000000000000568, -0.001000000000001000089, -7.499999999999475975 ) ) ;
#1336 = CARTESIAN_POINT ( 'NONE',  ( 124.9999999999999716, 0.0000000000000000000, -125.0000000000000000 ) ) ;
#1337 = UNCERTAINTY_MEASURE_WITH_UNIT (LENGTH_MEASURE( 1.000000000000000082E-05 ), #2522, 'distance_accuracy_value', 'NONE');
#1338 = DIRECTION ( 'NONE',  ( 1.000000000000000000, 0.0000000000000000000, 0.0000000000000000000 ) ) ;
#1339 = DIRECTION ( 'NONE',  ( 0.0000000000000000000, 1.000000000000000000, 0.0000000000000000000 ) ) ;
#1340 = DIRECTION ( 'NONE',  ( 0.7071067811865561215, 0.0000000000000000000, -0.7071067811865390240 ) ) ;
#1341 = VERTEX_POINT ( 'NONE', #4154 ) ;
#1342 = EDGE_LOOP ( 'NONE', ( #3883, #3009, #3587, #2922 ) ) ;
#1343 = ORIENTED_EDGE ( 'NONE', *, *, #4329, .F. ) ;
#1344 = EDGE_CURVE ( 'NONE', #4131, #574, #1952, .T. ) ;
#1345 = DIRECTION ( 'NONE',  ( 0.0000000000000000000, 1.000000000000000000, 0.0000000000000000000 ) ) ;
#1346 = CARTESIAN_POINT ( 'NONE',  ( -7.500000000000000000, 20.00000000000003197, -89.99999999999998579 ) ) ;
#1347 = VECTOR ( 'NONE', #4168, 1000.000000000000000 ) ;
#1348 = ORIENTED_EDGE ( 'NONE', *, *, #4490, .T. ) ;
#1349 = ORIENTED_EDGE ( 'NONE', *, *, #3689, .F. ) ;
#1350 = DIRECTION ( 'NONE',  ( -9.244463733058732095E-33, 1.000000000000000000, -1.729880772769294137E-33 ) ) ;
#1351 = DIRECTION ( 'NONE',  ( 1.000000000000000000, -1.078520768856852078E-32, -1.982541115402069301E-16 ) ) ;
#1352 = STYLED_ITEM ( 'NONE', ( #67 ), #872 ) ;
#1353 = VECTOR ( 'NONE', #2584, 1000.000000000000000 ) ;
#1354 = EDGE_CURVE ( 'NONE', #1606, #4297, #4598, .T. ) ;
#1355 = ORIENTED_EDGE ( 'NONE', *, *, #3229, .T. ) ;
#1356 = FACE_OUTER_BOUND ( 'NONE', #2099, .T. ) ;
#1357 = FILL_AREA_STYLE ('',( #713 ) ) ;
#1358 = DIRECTION ( 'NONE',  ( 3.466673899897023851E-33, -1.000000000000000000, 3.942568710255460192E-34 ) ) ;
#1360 = EDGE_LOOP ( 'NONE', ( #990, #857, #900, #2462, #4441, #2257, #4605, #937 ) ) ;
#1359 = CARTESIAN_POINT ( 'NONE',  ( -69.99999999999985789, 20.00000000000000355, 90.00000000000000000 ) ) ;
#1361 = LINE ( 'NONE', #2230, #628 ) ;
#1362 = VECTOR ( 'NONE', #2007, 1000.000000000000000 ) ;
#1363 = EDGE_CURVE ( 'NONE', #465, #3741, #1940, .T. ) ;
#1364 =( GEOMETRIC_REPRESENTATION_CONTEXT ( 3 ) GLOBAL_UNCERTAINTY_ASSIGNED_CONTEXT ( ( #1402 ) ) GLOBAL_UNIT_ASSIGNED_CONTEXT ( ( #2247, #1901, #74 ) ) REPRESENTATION_CONTEXT ( 'NONE', 'WORKASPACE' ) );
#1365 = FACE_OUTER_BOUND ( 'NONE', #675, .T. ) ;
#1366 = DIRECTION ( 'NONE',  ( -0.7071067811865489050, 0.0000000000000000000, -0.7071067811865461294 ) ) ;
#1367 = ORIENTED_EDGE ( 'NONE', *, *, #1262, .T. ) ;
#1368 = LINE ( 'NONE', #3064, #523 ) ;
#1369 = VECTOR ( 'NONE', #2262, 1000.000000000000000 ) ;
#1370 = ORIENTED_EDGE ( 'NONE', *, *, #2677, .F. ) ;
#1371 = VERTEX_POINT ( 'NONE', #3434 ) ;
#1372 = CARTESIAN_POINT ( 'NONE',  ( 90.00000000000000000, 1100.000000000000000, -90.00000000000000000 ) ) ;
#1373 = DIRECTION ( 'NONE',  ( -0.0000000000000000000, 1.000000000000000000, -0.0000000000000000000 ) ) ;
#1374 = VECTOR ( 'NONE', #3558, 1000.000000000000000 ) ;
#1375 = VECTOR ( 'NONE', #2640, 1000.000000000000000 ) ;
#1376 = DIRECTION ( 'NONE',  ( -7.401486830834376525E-17, -1.000000000000000000, -0.0000000000000000000 ) ) ;
#1377 = CARTESIAN_POINT ( 'NONE',  ( 90.00000000000000000, 1080.000000000000000, 90.00000000000000000 ) ) ;
#1378 = CARTESIAN_POINT ( 'NONE',  ( 124.9999999999999716, 0.0000000000000000000, 34.49999999999998579 ) ) ;
#1379 = EDGE_CURVE ( 'NONE', #3224, #2021, #602, .T. ) ;
#1380 = VECTOR ( 'NONE', #4542, 1000.000000000000000 ) ;
#1381 = PRODUCT ( '4GAA0021201010015X_Predeterminado<As Machined>', '4GAA0021201010015X_Predeterminado<As Machined>', '', ( #765 ) ) ;
#1382 = VERTEX_POINT ( 'NONE', #3783 ) ;
#1383 = ORIENTED_EDGE ( 'NONE', *, *, #1032, .T. ) ;
#1384 = PLANE ( 'NONE',  #3139 ) ;
#1385 = CARTESIAN_POINT ( 'NONE',  ( 30.00000000000000000, 20.00000000000000000, -125.0000000000000000 ) ) ;
#1386 = PRESENTATION_STYLE_ASSIGNMENT (( #2416 ) ) ;
#1387 = EDGE_CURVE ( 'NONE', #3350, #1285, #1215, .T. ) ;
#1388 = EDGE_LOOP ( 'NONE', ( #53, #3659 ) ) ;
#1389 = DIRECTION ( 'NONE',  ( 0.0000000000000000000, 0.0000000000000000000, -1.000000000000000000 ) ) ;
#1390 = COLOUR_RGB ( '',1.000000000000000000, 1.000000000000000000, 1.000000000000000000 ) ;
#1391 = FILL_AREA_STYLE ('',( #1421 ) ) ;
#1392 = EDGE_CURVE ( 'NONE', #396, #2737, #799, .T. ) ;
#1393 = AXIS2_PLACEMENT_3D ( 'NONE', #3254, #1114, #1465 ) ;
#1394 = ORIENTED_EDGE ( 'NONE', *, *, #3309, .T. ) ;
#1395 = DIRECTION ( 'NONE',  ( 0.0000000000000000000, 3.081487911019577365E-33, 1.000000000000000000 ) ) ;
#1396 = CARTESIAN_POINT ( 'NONE',  ( -67.99999999999991473, 20.00000000000000355, -77.99999999999998579 ) ) ;
#1397 = DIRECTION ( 'NONE',  ( -0.0000000000000000000, 1.000000000000000000, -0.0000000000000000000 ) ) ;
#1398 = CARTESIAN_POINT ( 'NONE',  ( 7.499999999999994671, 220.0000000000000284, -109.9999999999999858 ) ) ;
#1399 = CARTESIAN_POINT ( 'NONE',  ( 90.00000000000000000, 20.00000000000000355, -69.99999999999985789 ) ) ;
#1400 = DIRECTION ( 'NONE',  ( 0.0000000000000000000, 0.0000000000000000000, 1.000000000000000000 ) ) ;
#1401 = ORIENTED_EDGE ( 'NONE', *, *, #1392, .T. ) ;
#1402 = UNCERTAINTY_MEASURE_WITH_UNIT (LENGTH_MEASURE( 1.000000000000000082E-05 ), #2247, 'distance_accuracy_value', 'NONE');
#1403 = EDGE_LOOP ( 'NONE', ( #2537, #1082, #3488, #1367 ) ) ;
#1404 = ORIENTED_EDGE ( 'NONE', *, *, #2657, .T. ) ;
#1405 = VERTEX_POINT ( 'NONE', #559 ) ;
#1406 = CARTESIAN_POINT ( 'NONE',  ( 78.00000000000000000, 1055.000000000000227, 42.50000000000004974 ) ) ;
#1407 = ORIENTED_EDGE ( 'NONE', *, *, #1740, .T. ) ;
#1408 = EDGE_LOOP ( 'NONE', ( #231, #3171 ) ) ;
#1409 = DIRECTION ( 'NONE',  ( -0.0000000000000000000, 1.000000000000000000, -0.0000000000000000000 ) ) ;
#1410 = DIRECTION ( 'NONE',  ( 0.0000000000000000000, 0.0000000000000000000, 1.000000000000000000 ) ) ;
#1411 = EDGE_CURVE ( 'NONE', #707, #574, #3322, .T. ) ;
#1412 = FILL_AREA_STYLE_COLOUR ( '', #1572 ) ;
#1413 = CARTESIAN_POINT ( 'NONE',  ( 30.00000000000000000, 20.00000000000000000, -120.5000000000000000 ) ) ;
#1414 = LINE ( 'NONE', #2084, #3654 ) ;
#1415 = VERTEX_POINT ( 'NONE', #3805 ) ;
#1416 = SURFACE_SIDE_STYLE ('',( #2216 ) ) ;
#1417 = VECTOR ( 'NONE', #282, 1000.000000000000000 ) ;
#1418 = EDGE_CURVE ( 'NONE', #1149, #1703, #2189, .T. ) ;
#1419 = VERTEX_POINT ( 'NONE', #1359 ) ;
#1420 = FACE_BOUND ( 'NONE', #927, .T. ) ;
#1421 = FILL_AREA_STYLE_COLOUR ( '', #1907 ) ;
#1422 = ORIENTED_EDGE ( 'NONE', *, *, #1127, .T. ) ;
#1423 = CARTESIAN_POINT ( 'NONE',  ( 140.0000000000000000, 0.0000000000000000000, 150.0000000000000000 ) ) ;
#1424 = EDGE_LOOP ( 'NONE', ( #4275, #4244, #2357, #3306 ) ) ;
#1425 = FACE_BOUND ( 'NONE', #3879, .T. ) ;
#1426 = EDGE_CURVE ( 'NONE', #1520, #221, #1197, .T. ) ;
#1427 = SURFACE_SIDE_STYLE ('',( #2667 ) ) ;
#1428 = AXIS2_PLACEMENT_3D ( 'NONE', #1746, #3525, #4594 ) ;
#1429 = LINE ( 'NONE', #1682, #3562 ) ;
#1431 = ORIENTED_EDGE ( 'NONE', *, *, #2714, .T. ) ;
#1430 = DIRECTION ( 'NONE',  ( -0.0000000000000000000, 1.000000000000000000, -0.0000000000000000000 ) ) ;
#1432 = FACE_OUTER_BOUND ( 'NONE', #2009, .T. ) ;
#1433 = VECTOR ( 'NONE', #3038, 1000.000000000000000 ) ;
#1434 = AXIS2_PLACEMENT_3D ( 'NONE', #3686, #2972, #2961 ) ;
#1435 = CARTESIAN_POINT ( 'NONE',  ( -70.00000000000000000, 1100.000000000000000, 95.00000000000000000 ) ) ;
#1436 = DIRECTION ( 'NONE',  ( 0.0000000000000000000, 0.0000000000000000000, 1.000000000000000000 ) ) ;
#1437 = EDGE_LOOP ( 'NONE', ( #751, #26, #2251, #1639 ) ) ;
#1438 = EDGE_LOOP ( 'NONE', ( #2514, #2668 ) ) ;
#1439 = DIRECTION ( 'NONE',  ( 0.0000000000000000000, 0.0000000000000000000, 1.000000000000000000 ) ) ;
#1440 = FILL_AREA_STYLE ('',( #3582 ) ) ;
#1441 = EDGE_CURVE ( 'NONE', #4111, #2701, #4116, .T. ) ;
#1442 = ORIENTED_EDGE ( 'NONE', *, *, #3671, .T. ) ;
#1443 = DIRECTION ( 'NONE',  ( 0.0000000000000000000, 1.000000000000000000, 0.0000000000000000000 ) ) ;
#1444 = CARTESIAN_POINT ( 'NONE',  ( -149.9999999999999716, 0.0000000000000000000, 150.0000000000000000 ) ) ;
#1445 = CARTESIAN_POINT ( 'NONE',  ( 90.00000000000000000, 20.00000000000000355, 69.99999999999982947 ) ) ;
#1446 = EDGE_CURVE ( 'NONE', #2566, #4476, #2048, .T. ) ;
#1447 = DIRECTION ( 'NONE',  ( 1.000000000000000000, 0.0000000000000000000, -0.0000000000000000000 ) ) ;
#1448 =( NAMED_UNIT ( * ) SI_UNIT ( $, .STERADIAN. ) SOLID_ANGLE_UNIT ( ) );
#1449 = CARTESIAN_POINT ( 'NONE',  ( 69.99999999999985789, 1080.000000000000000, -90.00000000000000000 ) ) ;
#1450 = EDGE_CURVE ( 'NONE', #4081, #2510, #255, .T. ) ;
#1451 = AXIS2_PLACEMENT_3D ( 'NONE', #1385, #3901, #2823 ) ;
#1452 = CARTESIAN_POINT ( 'NONE',  ( 124.9999999999999716, 20.00000000000000000, 30.00000000000000000 ) ) ;
#1453 = AXIS2_PLACEMENT_3D ( 'NONE', #4376, #3980, #1439 ) ;
#1454 = CARTESIAN_POINT ( 'NONE',  ( 90.00000000000000000, 1080.000000000000000, -90.00000000000000000 ) ) ;
#1455 = CARTESIAN_POINT ( 'NONE',  ( 7.500000000000009770, 19.99999999999998934, 139.9999999999999716 ) ) ;
#1456 =( LENGTH_UNIT ( ) NAMED_UNIT ( * ) SI_UNIT ( .MILLI., .METRE. ) );
#1457 = ORIENTED_EDGE ( 'NONE', *, *, #2856, .F. ) ;
#1458 = ORIENTED_EDGE ( 'NONE', *, *, #769, .F. ) ;
#1459 = ORIENTED_EDGE ( 'NONE', *, *, #4259, .F. ) ;
#1460 = CARTESIAN_POINT ( 'NONE',  ( -70.00000000000000000, 1100.000000000000000, 98.50000000000000000 ) ) ;
#1461 = ORIENTED_EDGE ( 'NONE', *, *, #154, .T. ) ;
#1462 = ORIENTED_EDGE ( 'NONE', *, *, #1668, .T. ) ;
#1463 = EDGE_CURVE ( 'NONE', #72, #1371, #1476, .T. ) ;
#1464 = AXIS2_PLACEMENT_3D ( 'NONE', #3520, #3499, #320 ) ;
#1465 = DIRECTION ( 'NONE',  ( 0.0000000000000000000, 0.0000000000000000000, 1.000000000000000000 ) ) ;
#1467 = EDGE_LOOP ( 'NONE', ( #1764, #3428 ) ) ;
#1466 = DIRECTION ( 'NONE',  ( 0.0000000000000000000, 1.000000000000000000, 0.0000000000000000000 ) ) ;
#1468 = CARTESIAN_POINT ( 'NONE',  ( -69.99999999999985789, 1080.000000000000000, -89.99999999999997158 ) ) ;
#1469 = VECTOR ( 'NONE', #1376, 1000.000000000000000 ) ;
#1470 = AXIS2_PLACEMENT_3D ( 'NONE', #1057, #2841, #728 ) ;
#1471 = DIRECTION ( 'NONE',  ( 0.0000000000000000000, 1.000000000000000000, 0.0000000000000000000 ) ) ;
#1472 = VERTEX_POINT ( 'NONE', #1039 ) ;
#1473 = CARTESIAN_POINT ( 'NONE',  ( -90.00000000000000000, 1080.000000000000000, -84.90000000000000568 ) ) ;
#1474 = LINE ( 'NONE', #4589, #1362 ) ;
#1475 = AXIS2_PLACEMENT_3D ( 'NONE', #4373, #430, #2937 ) ;
#1476 = CIRCLE ( 'NONE', #3121, 3.399999999999986144 ) ;
#1477 = ORIENTED_EDGE ( 'NONE', *, *, #1521, .F. ) ;
#1478 = EDGE_LOOP ( 'NONE', ( #11, #4291, #1324, #582 ) ) ;
#1479 = DIRECTION ( 'NONE',  ( 0.7071067811865441310, 0.0000000000000000000, 0.7071067811865510144 ) ) ;
#1480 = LINE ( 'NONE', #1030, #1861 ) ;
#1481 = VECTOR ( 'NONE', #4364, 1000.000000000000000 ) ;
#1482 = STYLED_ITEM ( 'NONE', ( #2184 ), #1203 ) ;
#1483 = ORIENTED_EDGE ( 'NONE', *, *, #3286, .T. ) ;
#1484 = MECHANICAL_DESIGN_GEOMETRIC_PRESENTATION_REPRESENTATION (  '', ( #3703 ), #4533 ) ;
#1485 = ORIENTED_EDGE ( 'NONE', *, *, #2901, .T. ) ;
#1486 = DIRECTION ( 'NONE',  ( -0.0000000000000000000, 1.000000000000000000, -0.0000000000000000000 ) ) ;
#1487 = VERTEX_POINT ( 'NONE', #3960 ) ;
#1488 = LINE ( 'NONE', #1963, #2669 ) ;
#1489 = LINE ( 'NONE', #1007, #532 ) ;
#1490 = LINE ( 'NONE', #4085, #2899 ) ;
#1491 = FACE_OUTER_BOUND ( 'NONE', #33, .T. ) ;
#1492 = UNCERTAINTY_MEASURE_WITH_UNIT (LENGTH_MEASURE( 1.000000000000000082E-05 ), #2178, 'distance_accuracy_value', 'NONE');
#1493 = VERTEX_POINT ( 'NONE', #4328 ) ;
#1494 = PRESENTATION_LAYER_ASSIGNMENT (  '', '', ( #1819 ) ) ;
#1495 = DIRECTION ( 'NONE',  ( -0.0000000000000000000, 1.000000000000000000, -0.0000000000000000000 ) ) ;
#1496 = MECHANICAL_DESIGN_GEOMETRIC_PRESENTATION_REPRESENTATION (  '', ( #4541 ), #3653 ) ;
#1497 = CARTESIAN_POINT ( 'NONE',  ( 0.0000000000000000000, -0.001000000000001000089, 0.0000000000000000000 ) ) ;
#1498 = PLANE ( 'NONE',  #2195 ) ;
#1499 = DIRECTION ( 'NONE',  ( 0.0000000000000000000, 0.0000000000000000000, -1.000000000000000000 ) ) ;
#1500 = AXIS2_PLACEMENT_3D ( 'NONE', #2271, #4442, #2284 ) ;
#1501 = DIRECTION ( 'NONE',  ( 0.0000000000000000000, 0.0000000000000000000, -1.000000000000000000 ) ) ;
#1502 =( GEOMETRIC_REPRESENTATION_CONTEXT ( 3 ) GLOBAL_UNCERTAINTY_ASSIGNED_CONTEXT ( ( #1492 ) ) GLOBAL_UNIT_ASSIGNED_CONTEXT ( ( #2178, #3577, #669 ) ) REPRESENTATION_CONTEXT ( 'NONE', 'WORKASPACE' ) );
#1503 = EDGE_CURVE ( 'NONE', #3920, #3427, #3015, .T. ) ;
#1504 = ADVANCED_FACE ( 'NONE', ( #3913 ), #1049, .F. ) ;
#1505 = CARTESIAN_POINT ( 'NONE',  ( 7.499999999999978684, 0.0000000000000000000, -150.0000000000000000 ) ) ;
#1506 = CIRCLE ( 'NONE', #2888, 4.500000000000003553 ) ;
#1507 = CARTESIAN_POINT ( 'NONE',  ( 115.0000000000000711, 1100.000000000000000, 125.0000000000000000 ) ) ;
#1508 = EDGE_LOOP ( 'NONE', ( #4253, #3062, #3737, #2163 ) ) ;
#1509 = AXIS2_PLACEMENT_3D ( 'NONE', #156, #4448, #3793 ) ;
#1510 = ORIENTED_EDGE ( 'NONE', *, *, #933, .T. ) ;
#1511 = ORIENTED_EDGE ( 'NONE', *, *, #3728, .T. ) ;
#1512 = DIRECTION ( 'NONE',  ( 0.7071067811865434649, -0.0000000000000000000, 0.7071067811865516806 ) ) ;
#1513 = CARTESIAN_POINT ( 'NONE',  ( 0.0000000000000000000, 0.0000000000000000000, 0.0000000000000000000 ) ) ;
#1514 = CARTESIAN_POINT ( 'NONE',  ( 90.00000000000000000, 19.99999999999998934, -7.500000000000013323 ) ) ;
#1515 = CARTESIAN_POINT ( 'NONE',  ( 78.00000000000000000, 1055.000000000000227, 45.00000000000000000 ) ) ;
#1516 = LINE ( 'NONE', #2848, #1954 ) ;
#1517 = AXIS2_PLACEMENT_3D ( 'NONE', #2618, #169, #3415 ) ;
#1518 = VERTEX_POINT ( 'NONE', #1445 ) ;
#1519 = ORIENTED_EDGE ( 'NONE', *, *, #4520, .T. ) ;
#1520 = VERTEX_POINT ( 'NONE', #3628 ) ;
#1521 = EDGE_CURVE ( 'NONE', #176, #3305, #3060, .T. ) ;
#1522 = ADVANCED_FACE ( 'NONE', ( #588 ), #3514, .F. ) ;
#1523 = CARTESIAN_POINT ( 'NONE',  ( 77.99999999999998579, 1015.000000000000114, -45.00000000000000000 ) ) ;
#1524 = VERTEX_POINT ( 'NONE', #2493 ) ;
#1525 = COLOUR_RGB ( '',1.000000000000000000, 1.000000000000000000, 1.000000000000000000 ) ;
#1526 = LINE ( 'NONE', #2741, #241 ) ;
#1527 = ORIENTED_EDGE ( 'NONE', *, *, #2623, .T. ) ;
#1528 =( NAMED_UNIT ( * ) PLANE_ANGLE_UNIT ( ) SI_UNIT ( $, .RADIAN. ) );
#1529 = ORIENTED_EDGE ( 'NONE', *, *, #2379, .T. ) ;
#1530 = LINE ( 'NONE', #3899, #4077 ) ;
#1531 = VECTOR ( 'NONE', #2578, 1000.000000000000114 ) ;
#1532 = LINE ( 'NONE', #3574, #2156 ) ;
#1533 = DIRECTION ( 'NONE',  ( 0.0000000000000000000, 0.0000000000000000000, 1.000000000000000000 ) ) ;
#1534 = VERTEX_POINT ( 'NONE', #2529 ) ;
#1535 = LINE ( 'NONE', #2999, #3340 ) ;
#1536 = FACE_BOUND ( 'NONE', #4623, .T. ) ;
#1537 = EDGE_CURVE ( 'NONE', #4363, #396, #82, .T. ) ;
#1538 = AXIS2_PLACEMENT_3D ( 'NONE', #342, #3204, #3573 ) ;
#1539 = CARTESIAN_POINT ( 'NONE',  ( 77.99999999999998579, 1080.000000000000000, -67.99999999999991473 ) ) ;
#1540 = ORIENTED_EDGE ( 'NONE', *, *, #4248, .T. ) ;
#1541 = CARTESIAN_POINT ( 'NONE',  ( 150.0000000000000000, 20.00000000000000000, 7.500000000000524025 ) ) ;
#1542 = UNCERTAINTY_MEASURE_WITH_UNIT (LENGTH_MEASURE( 1.000000000000000082E-05 ), #2987, 'distance_accuracy_value', 'NONE');
#1543 = CARTESIAN_POINT ( 'NONE',  ( -7.500000000000000000, 20.00000000000000000, -150.0000000000000284 ) ) ;
#1544 = ORIENTED_EDGE ( 'NONE', *, *, #1773, .F. ) ;
#1545 =( LENGTH_UNIT ( ) NAMED_UNIT ( * ) SI_UNIT ( .MILLI., .METRE. ) );
#1546 = DIRECTION ( 'NONE',  ( -0.0000000000000000000, 1.000000000000000000, -0.0000000000000000000 ) ) ;
#1547 = DIRECTION ( 'NONE',  ( 0.0000000000000000000, 0.0000000000000000000, 1.000000000000000000 ) ) ;
#1548 = VERTEX_POINT ( 'NONE', #3976 ) ;
#1549 = CARTESIAN_POINT ( 'NONE',  ( 90.00000000000000000, 1015.000000000000114, 42.50000000000004974 ) ) ;
#1550 = ADVANCED_FACE ( 'NONE', ( #811 ), #4645, .F. ) ;
#1551 = DIRECTION ( 'NONE',  ( 0.0000000000000000000, 0.0000000000000000000, -1.000000000000000000 ) ) ;
#1552 = CARTESIAN_POINT ( 'NONE',  ( 30.00000000000000000, 20.00000000000000000, -125.0000000000000000 ) ) ;
#1553 = PLANE ( 'NONE',  #544 ) ;
#1554 = CARTESIAN_POINT ( 'NONE',  ( -124.9999999999999716, 20.00000000000000000, 30.00000000000000000 ) ) ;
#1555 = DIRECTION ( 'NONE',  ( 0.0000000000000000000, 0.0000000000000000000, -1.000000000000000000 ) ) ;
#1556 = PLANE ( 'NONE',  #4512 ) ;
#1557 = EDGE_CURVE ( 'NONE', #2258, #110, #3799, .T. ) ;
#1558 = CARTESIAN_POINT ( 'NONE',  ( 90.00000000000000000, 1080.000000000000000, -69.99999999999985789 ) ) ;
#1559 = ORIENTED_EDGE ( 'NONE', *, *, #292, .T. ) ;
#1560 = CARTESIAN_POINT ( 'NONE',  ( -140.0000000000000000, 20.00000000000001776, 7.500000000000013323 ) ) ;
#1561 = ORIENTED_EDGE ( 'NONE', *, *, #1864, .F. ) ;
#1562 = ORIENTED_EDGE ( 'NONE', *, *, #777, .T. ) ;
#1563 = DIRECTION ( 'NONE',  ( -0.0000000000000000000, 1.000000000000000000, -0.0000000000000000000 ) ) ;
#1564 = FACE_OUTER_BOUND ( 'NONE', #1437, .T. ) ;
#1565 = EDGE_CURVE ( 'NONE', #2952, #4382, #32, .T. ) ;
#1566 = DIRECTION ( 'NONE',  ( 1.000000000000000000, -0.0000000000000000000, -0.0000000000000000000 ) ) ;
#1568 = ORIENTED_EDGE ( 'NONE', *, *, #686, .F. ) ;
#1567 = SURFACE_SIDE_STYLE ('',( #1986 ) ) ;
#1569 = ADVANCED_FACE ( 'NONE', ( #1154, #4587, #4302, #1605, #420 ), #1052, .T. ) ;
#1570 = SURFACE_STYLE_USAGE ( .BOTH. , #4137 ) ;
#1571 = ORIENTED_EDGE ( 'NONE', *, *, #1503, .T. ) ;
#1572 = COLOUR_RGB ( '',1.000000000000000000, 1.000000000000000000, 1.000000000000000000 ) ;
#1573 = ORIENTED_EDGE ( 'NONE', *, *, #1537, .F. ) ;
#1574 = CARTESIAN_POINT ( 'NONE',  ( 90.00000000000000000, 1100.000000000000000, 90.00000000000000000 ) ) ;
#1575 = DIRECTION ( 'NONE',  ( -0.0000000000000000000, 1.000000000000000000, 0.0000000000000000000 ) ) ;
#1576 = VECTOR ( 'NONE', #2851, 1000.000000000000000 ) ;
#1577 = SURFACE_STYLE_FILL_AREA ( #266 ) ;
#1578 = EDGE_LOOP ( 'NONE', ( #1431, #1317, #1643, #1898 ) ) ;
#1579 = DIRECTION ( 'NONE',  ( -0.0000000000000000000, 1.000000000000000000, -0.0000000000000000000 ) ) ;
#1580 = VECTOR ( 'NONE', #705, 1000.000000000000000 ) ;
#1581 = LINE ( 'NONE', #3868, #629 ) ;
#1582 = DIRECTION ( 'NONE',  ( -0.0000000000000000000, 1.000000000000000000, -0.0000000000000000000 ) ) ;
#1583 = EDGE_CURVE ( 'NONE', #863, #4272, #4360, .T. ) ;
#1584 = VERTEX_POINT ( 'NONE', #2153 ) ;
#1585 =( NAMED_UNIT ( * ) PLANE_ANGLE_UNIT ( ) SI_UNIT ( $, .RADIAN. ) );
#1586 = EDGE_LOOP ( 'NONE', ( #4619, #1085 ) ) ;
#1587 = LINE ( 'NONE', #200, #2718 ) ;
#1588 = VECTOR ( 'NONE', #3985, 1000.000000000000000 ) ;
#1589 = FACE_OUTER_BOUND ( 'NONE', #3201, .T. ) ;
#1590 = DIRECTION ( 'NONE',  ( 0.0000000000000000000, 0.0000000000000000000, 1.000000000000000000 ) ) ;
#1591 = MECHANICAL_DESIGN_GEOMETRIC_PRESENTATION_REPRESENTATION (  '', ( #4103 ), #2560 ) ;
#1592 = VERTEX_POINT ( 'NONE', #1079 ) ;
#1593 = ORIENTED_EDGE ( 'NONE', *, *, #4329, .T. ) ;
#1594 = ORIENTED_EDGE ( 'NONE', *, *, #3657, .F. ) ;
#1595 = PRESENTATION_LAYER_ASSIGNMENT (  '', '', ( #1352 ) ) ;
#1596 = PRESENTATION_STYLE_ASSIGNMENT (( #3438 ) ) ;
#1597 = PLANE ( 'NONE',  #325 ) ;
#1598 = EDGE_CURVE ( 'NONE', #2819, #2970, #1720, .T. ) ;
#1599 = CARTESIAN_POINT ( 'NONE',  ( 115.0000000000000711, 1100.000000000000000, 125.0000000000000000 ) ) ;
#1600 = COLOUR_RGB ( '',1.000000000000000000, 1.000000000000000000, 1.000000000000000000 ) ;
#1601 =( LENGTH_UNIT ( ) NAMED_UNIT ( * ) SI_UNIT ( .MILLI., .METRE. ) );
#1602 = CIRCLE ( 'NONE', #2394, 2.499999999999946709 ) ;
#1603 = CARTESIAN_POINT ( 'NONE',  ( 77.99999999999998579, 1055.000000000000227, -45.00000000000000000 ) ) ;
#1604 = FACE_OUTER_BOUND ( 'NONE', #4056, .T. ) ;
#1605 = FACE_BOUND ( 'NONE', #3197, .T. ) ;
#1606 = VERTEX_POINT ( 'NONE', #736 ) ;
#1607 = DIRECTION ( 'NONE',  ( -0.0000000000000000000, -1.000000000000000000, -0.0000000000000000000 ) ) ;
#1608 = LINE ( 'NONE', #566, #4362 ) ;
#1609 = EDGE_CURVE ( 'NONE', #2079, #1040, #1765, .T. ) ;
#1610 = ORIENTED_EDGE ( 'NONE', *, *, #3788, .F. ) ;
#1611 = ORIENTED_EDGE ( 'NONE', *, *, #4603, .T. ) ;
#1612 = DIRECTION ( 'NONE',  ( -0.0000000000000000000, 1.000000000000000000, 0.0000000000000000000 ) ) ;
#1613 = CARTESIAN_POINT ( 'NONE',  ( 30.00000000000001421, 20.00000000000000000, 121.5999999999999943 ) ) ;
#1614 = VECTOR ( 'NONE', #1397, 1000.000000000000000 ) ;
#1615 = CARTESIAN_POINT ( 'NONE',  ( 7.500000000000005329, 220.0000000000000284, 109.9999999999999858 ) ) ;
#1616 = CARTESIAN_POINT ( 'NONE',  ( -69.99999999999985789, 20.00000000000000355, -89.99999999999997158 ) ) ;
#1617 = CARTESIAN_POINT ( 'NONE',  ( -2.775557561562891351E-14, -1.387778780781445676E-14, -7.500000000000013323 ) ) ;
#1618 = CARTESIAN_POINT ( 'NONE',  ( 68.00000000000000000, 20.00000000000000355, 67.99999999999995737 ) ) ;
#1619 = EDGE_CURVE ( 'NONE', #1175, #4426, #1822, .T. ) ;
#1620 = STYLED_ITEM ( 'NONE', ( #4524 ), #2177 ) ;
#1621 = DIRECTION ( 'NONE',  ( 0.0000000000000000000, 1.000000000000000000, 0.0000000000000000000 ) ) ;
#1622 = DIRECTION ( 'NONE',  ( -0.0000000000000000000, -1.000000000000000000, -0.0000000000000000000 ) ) ;
#1623 = DIRECTION ( 'NONE',  ( 0.0000000000000000000, 0.0000000000000000000, 1.000000000000000000 ) ) ;
#1624 = ADVANCED_FACE ( 'NONE', ( #873, #3402, #1536, #2386, #2450, #2731, #1491, #4416 ), #723, .F. ) ;
#1625 = EDGE_CURVE ( 'NONE', #501, #2110, #307, .T. ) ;
#1626 = VECTOR ( 'NONE', #314, 1000.000000000000000 ) ;
#1627 = ORIENTED_EDGE ( 'NONE', *, *, #4254, .T. ) ;
#1628 = PLANE ( 'NONE',  #2962 ) ;
#1629 = CARTESIAN_POINT ( 'NONE',  ( -124.9999999999999432, 1080.000000000000000, 115.0000000000000426 ) ) ;
#1630 = CARTESIAN_POINT ( 'NONE',  ( 150.0000000000000000, 20.00000000000000000, 7.500000000000524025 ) ) ;
#1631 = CARTESIAN_POINT ( 'NONE',  ( 70.00000000000000000, 1100.000000000000000, -91.50000000000000000 ) ) ;
#1632 = ORIENTED_EDGE ( 'NONE', *, *, #1000, .T. ) ;
#1633 = ORIENTED_EDGE ( 'NONE', *, *, #253, .T. ) ;
#1634 = UNCERTAINTY_MEASURE_WITH_UNIT (LENGTH_MEASURE( 1.000000000000000082E-05 ), #2643, 'distance_accuracy_value', 'NONE');
#1635 = ORIENTED_EDGE ( 'NONE', *, *, #933, .F. ) ;
#1636 = EDGE_CURVE ( 'NONE', #3152, #1151, #3616, .T. ) ;
#1637 = AXIS2_PLACEMENT_3D ( 'NONE', #2046, #283, #985 ) ;
#1638 = LINE ( 'NONE', #1795, #4006 ) ;
#1639 = ORIENTED_EDGE ( 'NONE', *, *, #3702, .F. ) ;
#1640 = VECTOR ( 'NONE', #376, 1000.000000000000000 ) ;
#1641 = CARTESIAN_POINT ( 'NONE',  ( -149.9999999999999716, 20.00000000000000000, 150.0000000000000000 ) ) ;
#1642 = CARTESIAN_POINT ( 'NONE',  ( -149.9999999999999716, 20.00000000000000000, 150.0000000000000000 ) ) ;
#1643 = ORIENTED_EDGE ( 'NONE', *, *, #120, .F. ) ;
#1644 = CIRCLE ( 'NONE', #1070, 20.00000000000000355 ) ;
#1645 = CARTESIAN_POINT ( 'NONE',  ( -149.9999999999999716, 20.00000000000000000, 139.9999999999999716 ) ) ;
#1646 = CYLINDRICAL_SURFACE ( 'NONE', #1267, 5.099999999999993427 ) ;
#1647 = DIRECTION ( 'NONE',  ( 0.0000000000000000000, 0.0000000000000000000, 1.000000000000000000 ) ) ;
#1648 = ORIENTED_EDGE ( 'NONE', *, *, #1411, .T. ) ;
#1649 =( GEOMETRIC_REPRESENTATION_CONTEXT ( 3 ) GLOBAL_UNCERTAINTY_ASSIGNED_CONTEXT ( ( #1884 ) ) GLOBAL_UNIT_ASSIGNED_CONTEXT ( ( #155, #466, #1170 ) ) REPRESENTATION_CONTEXT ( 'NONE', 'WORKASPACE' ) );
#1650 = CARTESIAN_POINT ( 'NONE',  ( -124.9999999999999716, 20.00000000000000000, -30.00000000000000000 ) ) ;
#1651 = LINE ( 'NONE', #3379, #744 ) ;
#1652 = STYLED_ITEM ( 'NONE', ( #2900 ), #3067 ) ;
#1653 = PRESENTATION_LAYER_ASSIGNMENT (  '', '', ( #4156 ) ) ;
#1654 = LINE ( 'NONE', #1599, #4402 ) ;
#1655 = ADVANCED_FACE ( 'NONE', ( #77 ), #3399, .F. ) ;
#1656 = ORIENTED_EDGE ( 'NONE', *, *, #4259, .T. ) ;
#1657 = LINE ( 'NONE', #807, #693 ) ;
#1658 = DIRECTION ( 'NONE',  ( -0.0000000000000000000, 1.000000000000000000, -0.0000000000000000000 ) ) ;
#1659 = EDGE_LOOP ( 'NONE', ( #3111, #4510, #611, #1707, #4399 ) ) ;
#1660 = ORIENTED_EDGE ( 'NONE', *, *, #1503, .F. ) ;
#1661 = DIRECTION ( 'NONE',  ( -0.7071067811865461294, 5.233641528945905718E-17, 0.7071067811865489050 ) ) ;
#1662 = COLOUR_RGB ( '',1.000000000000000000, 1.000000000000000000, 1.000000000000000000 ) ;
#1663 = LINE ( 'NONE', #2501, #2508 ) ;
#1664 = EDGE_LOOP ( 'NONE', ( #2564, #104 ) ) ;
#1665 = LINE ( 'NONE', #820, #4584 ) ;
#1666 = DIRECTION ( 'NONE',  ( -0.0000000000000000000, 1.000000000000000000, -0.0000000000000000000 ) ) ;
#1667 = ORIENTED_EDGE ( 'NONE', *, *, #726, .F. ) ;
#1668 = EDGE_CURVE ( 'NONE', #3564, #150, #1980, .T. ) ;
#1669 = ORIENTED_EDGE ( 'NONE', *, *, #1387, .T. ) ;
#1670 = CARTESIAN_POINT ( 'NONE',  ( 68.00000000000000000, 1080.000000000000000, 67.99999999999995737 ) ) ;
#1671 = DIRECTION ( 'NONE',  ( -0.0000000000000000000, 1.000000000000000000, -0.0000000000000000000 ) ) ;
#1672 = DIRECTION ( 'NONE',  ( 0.0000000000000000000, 0.0000000000000000000, 1.000000000000000000 ) ) ;
#1673 = ORIENTED_EDGE ( 'NONE', *, *, #1565, .F. ) ;
#1674 = CARTESIAN_POINT ( 'NONE',  ( 140.0000000000000000, 70.00000000000001421, -7.500000000000013323 ) ) ;
#1675 = PLANE ( 'NONE',  #1677 ) ;
#1676 = MECHANICAL_DESIGN_GEOMETRIC_PRESENTATION_REPRESENTATION (  '', ( #4408 ), #3441 ) ;
#1677 = AXIS2_PLACEMENT_3D ( 'NONE', #3071, #1661, #214 ) ;
#1678 = CARTESIAN_POINT ( 'NONE',  ( -110.0000000000000000, 220.0000000000000284, 7.500000000000013323 ) ) ;
#1679 = FACE_OUTER_BOUND ( 'NONE', #3612, .T. ) ;
#1680 = AXIS2_PLACEMENT_3D ( 'NONE', #3315, #1886, #434 ) ;
#1681 = DIRECTION ( 'NONE',  ( -1.000000000000000000, -1.932701039895095811E-34, -6.162975822039153361E-33 ) ) ;
#1682 = CARTESIAN_POINT ( 'NONE',  ( -90.00000000000000000, 1100.000000000000000, -84.90000000000000568 ) ) ;
#1683 = AXIS2_PLACEMENT_3D ( 'NONE', #2738, #942, #4494 ) ;
#1684 = EDGE_CURVE ( 'NONE', #3444, #3051, #870, .T. ) ;
#1685 = LINE ( 'NONE', #706, #2351 ) ;
#1686 = CARTESIAN_POINT ( 'NONE',  ( -90.00000000000000000, 20.00000000000001776, -7.499999999999985789 ) ) ;
#1687 = DIRECTION ( 'NONE',  ( 0.0000000000000000000, 0.0000000000000000000, 1.000000000000000000 ) ) ;
#1688 = CARTESIAN_POINT ( 'NONE',  ( 90.00000000000000000, 1015.000000000000114, -45.00000000000000000 ) ) ;
#1689 = ADVANCED_FACE ( 'NONE', ( #2212 ), #3283, .F. ) ;
#1690 = DIRECTION ( 'NONE',  ( 0.0000000000000000000, 1.000000000000000000, 0.0000000000000000000 ) ) ;
#1691 = ORIENTED_EDGE ( 'NONE', *, *, #1777, .F. ) ;
#1692 = EDGE_CURVE ( 'NONE', #2974, #3484, #3792, .T. ) ;
#1693 = CARTESIAN_POINT ( 'NONE',  ( -68.00000000000000000, 1080.000000000000000, -67.99999999999998579 ) ) ;
#1694 = EDGE_LOOP ( 'NONE', ( #2549, #2385, #1483, #1485 ) ) ;
#1695 = UNCERTAINTY_MEASURE_WITH_UNIT (LENGTH_MEASURE( 1.000000000000000082E-05 ), #4644, 'distance_accuracy_value', 'NONE');
#1696 = CARTESIAN_POINT ( 'NONE',  ( 150.0000000000000284, 0.0000000000000000000, 139.9999999999999716 ) ) ;
#1697 = CARTESIAN_POINT ( 'NONE',  ( 30.00000000000000000, 0.0000000000000000000, -125.0000000000000000 ) ) ;
#1698 = DIRECTION ( 'NONE',  ( 0.0000000000000000000, 0.0000000000000000000, -1.000000000000000000 ) ) ;
#1699 = EDGE_CURVE ( 'NONE', #58, #3880, #4245, .T. ) ;
#1700 = VERTEX_POINT ( 'NONE', #1842 ) ;
#1701 = LINE ( 'NONE', #1645, #623 ) ;
#1702 = ORIENTED_EDGE ( 'NONE', *, *, #4520, .F. ) ;
#1703 = VERTEX_POINT ( 'NONE', #793 ) ;
#1704 = DIRECTION ( 'NONE',  ( 0.0000000000000000000, 0.0000000000000000000, 1.000000000000000000 ) ) ;
#1705 = VECTOR ( 'NONE', #855, 1000.000000000000000 ) ;
#1706 = CLOSED_SHELL ( 'NONE', ( #3672, #3203, #3765, #4222, #2299, #4557, #3074 ) ) ;
#1707 = ORIENTED_EDGE ( 'NONE', *, *, #1117, .T. ) ;
#1708 = LINE ( 'NONE', #3001, #3607 ) ;
#1709 = SURFACE_STYLE_FILL_AREA ( #1771 ) ;
#1710 = VECTOR ( 'NONE', #742, 1000.000000000000000 ) ;
#1711 = DIRECTION ( 'NONE',  ( 0.0000000000000000000, 0.0000000000000000000, -1.000000000000000000 ) ) ;
#1712 = DIRECTION ( 'NONE',  ( 1.000000000000000000, -1.423415318369119772E-33, 0.0000000000000000000 ) ) ;
#1713 = ORIENTED_EDGE ( 'NONE', *, *, #2646, .F. ) ;
#1714 = DIRECTION ( 'NONE',  ( 0.0000000000000000000, 1.000000000000000000, 0.0000000000000000000 ) ) ;
#1715 = EDGE_CURVE ( 'NONE', #360, #2291, #530, .T. ) ;
#1716 = ORIENTED_EDGE ( 'NONE', *, *, #3470, .T. ) ;
#1717 = VECTOR ( 'NONE', #1280, 1000.000000000000000 ) ;
#1718 = CIRCLE ( 'NONE', #883, 3.500000000000003109 ) ;
#1719 = CARTESIAN_POINT ( 'NONE',  ( -124.9999999999999716, 0.0000000000000000000, -117.5000000000000142 ) ) ;
#1720 = LINE ( 'NONE', #3578, #2674 ) ;
#1721 = ORIENTED_EDGE ( 'NONE', *, *, #64, .T. ) ;
#1722 = EDGE_CURVE ( 'NONE', #1548, #522, #2159, .T. ) ;
#1723 = PLANE ( 'NONE',  #3933 ) ;
#1724 = VERTEX_POINT ( 'NONE', #1832 ) ;
#1725 = VERTEX_POINT ( 'NONE', #2923 ) ;
#1726 = ORIENTED_EDGE ( 'NONE', *, *, #2916, .F. ) ;
#1727 = AXIS2_PLACEMENT_3D ( 'NONE', #4218, #3881, #4249 ) ;
#1728 = DIRECTION ( 'NONE',  ( 0.0000000000000000000, 0.0000000000000000000, 1.000000000000000000 ) ) ;
#1729 = DIRECTION ( 'NONE',  ( -0.0000000000000000000, 1.000000000000000000, -0.0000000000000000000 ) ) ;
#1730 = CARTESIAN_POINT ( 'NONE',  ( 67.99999999999991473, 1080.000000000000000, -78.00000000000000000 ) ) ;
#1731 = CARTESIAN_POINT ( 'NONE',  ( 70.00000000000000000, 1100.000000000000000, -98.00000000000000000 ) ) ;
#1732 =( NAMED_UNIT ( * ) PLANE_ANGLE_UNIT ( ) SI_UNIT ( $, .RADIAN. ) );
#1733 = CARTESIAN_POINT ( 'NONE',  ( -7.500000000000005329, 220.0000000000000284, -109.9999999999999858 ) ) ;
#1734 = DIRECTION ( 'NONE',  ( -1.000000000000000000, 0.0000000000000000000, 1.850371707708594316E-16 ) ) ;
#1735 = DIRECTION ( 'NONE',  ( 0.0000000000000000000, 0.0000000000000000000, -1.000000000000000000 ) ) ;
#1736 = CARTESIAN_POINT ( 'NONE',  ( 124.9999999999999716, 20.00000000000000000, 125.0000000000000000 ) ) ;
#1737 = CARTESIAN_POINT ( 'NONE',  ( -124.9999999999999716, 20.00000000000000000, 132.5000000000000000 ) ) ;
#1738 = ORIENTED_EDGE ( 'NONE', *, *, #1668, .F. ) ;
#1739 = CARTESIAN_POINT ( 'NONE',  ( 7.500000000000000000, 220.0000000000000284, -89.99999999999998579 ) ) ;
#1740 = EDGE_CURVE ( 'NONE', #1415, #275, #252, .T. ) ;
#1741 = CARTESIAN_POINT ( 'NONE',  ( -124.9999999999999716, 0.0000000000000000000, 33.39999999999999858 ) ) ;
#1742 = DIRECTION ( 'NONE',  ( -7.401486830834376525E-17, -1.000000000000000000, -0.0000000000000000000 ) ) ;
#1743 = DIRECTION ( 'NONE',  ( -0.0000000000000000000, 1.000000000000000000, -0.0000000000000000000 ) ) ;
#1744 = ORIENTED_EDGE ( 'NONE', *, *, #490, .F. ) ;
#1745 = ORIENTED_EDGE ( 'NONE', *, *, #800, .T. ) ;
#1746 = CARTESIAN_POINT ( 'NONE',  ( 70.00000000000000000, 1080.000000000000000, -95.00000000000000000 ) ) ;
#1747 = LINE ( 'NONE', #1772, #620 ) ;
#1748 = EDGE_CURVE ( 'NONE', #3103, #304, #3733, .T. ) ;
#1749 = EDGE_LOOP ( 'NONE', ( #784, #61 ) ) ;
#1750 = ORIENTED_EDGE ( 'NONE', *, *, #457, .F. ) ;
#1751 = VECTOR ( 'NONE', #3940, 1000.000000000000000 ) ;
#1752 = DIRECTION ( 'NONE',  ( 0.1961161351381840168, 0.9805806756909201116, 0.0000000000000000000 ) ) ;
#1753 = EDGE_LOOP ( 'NONE', ( #776, #3680, #452, #192 ) ) ;
#1754 = DIRECTION ( 'NONE',  ( 0.0000000000000000000, 0.0000000000000000000, 1.000000000000000000 ) ) ;
#1755 = DIRECTION ( 'NONE',  ( -0.0000000000000000000, 1.000000000000000000, -0.0000000000000000000 ) ) ;
#1756 = DIRECTION ( 'NONE',  ( 0.0000000000000000000, 0.0000000000000000000, 1.000000000000000000 ) ) ;
#1757 = ORIENTED_EDGE ( 'NONE', *, *, #1699, .T. ) ;
#1758 = CARTESIAN_POINT ( 'NONE',  ( -90.00000000000000000, 1080.000000000000000, -69.99999999999982947 ) ) ;
#1759 = LINE ( 'NONE', #3091, #3661 ) ;
#1760 = ORIENTED_EDGE ( 'NONE', *, *, #1441, .T. ) ;
#1761 = VERTEX_POINT ( 'NONE', #1505 ) ;
#1762 = VECTOR ( 'NONE', #3164, 1000.000000000000000 ) ;
#1763 = LINE ( 'NONE', #3418, #79 ) ;
#1764 = ORIENTED_EDGE ( 'NONE', *, *, #3065, .F. ) ;
#1765 = LINE ( 'NONE', #352, #699 ) ;
#1766 = DIRECTION ( 'NONE',  ( -0.0000000000000000000, 1.000000000000000000, -0.0000000000000000000 ) ) ;
#1767 = VECTOR ( 'NONE', #2383, 1000.000000000000000 ) ;
#1768 = ORIENTED_EDGE ( 'NONE', *, *, #1171, .F. ) ;
#1769 = DIRECTION ( 'NONE',  ( 1.000000000000000000, -9.244463733058732095E-33, -1.982541115402069054E-16 ) ) ;
#1770 = ORIENTED_EDGE ( 'NONE', *, *, #1450, .F. ) ;
#1771 = FILL_AREA_STYLE ('',( #2793 ) ) ;
#1772 = CARTESIAN_POINT ( 'NONE',  ( 142.5000000000000568, 20.00000000000000000, 4.975360907851466735E-13 ) ) ;
#1773 = EDGE_CURVE ( 'NONE', #1293, #1788, #2267, .T. ) ;
#1774 = DIRECTION ( 'NONE',  ( -0.7071067811865474617, -0.0000000000000000000, 0.7071067811865474617 ) ) ;
#1775 = DIRECTION ( 'NONE',  ( -0.0000000000000000000, -1.000000000000000000, -0.0000000000000000000 ) ) ;
#1776 = AXIS2_PLACEMENT_3D ( 'NONE', #4242, #3136, #593 ) ;
#1777 = EDGE_CURVE ( 'NONE', #2952, #676, #2781, .T. ) ;
#1778 = DIRECTION ( 'NONE',  ( 0.0000000000000000000, -0.0000000000000000000, 1.000000000000000000 ) ) ;
#1779 = AXIS2_PLACEMENT_3D ( 'NONE', #3776, #3028, #555 ) ;
#1780 = CARTESIAN_POINT ( 'NONE',  ( 30.00000000000001421, 0.0000000000000000000, 125.0000000000000000 ) ) ;
#1781 = CARTESIAN_POINT ( 'NONE',  ( 90.00000000000000000, 1055.000000000000227, -45.00000000000000000 ) ) ;
#1782 = DIRECTION ( 'NONE',  ( -0.7071067811865480168, 0.0000000000000000000, 0.7071067811865470176 ) ) ;
#1783 = CARTESIAN_POINT ( 'NONE',  ( -7.500000000000000000, 220.0000000000000284, 89.99999999999997158 ) ) ;
#1784 = DIRECTION ( 'NONE',  ( 0.0000000000000000000, 0.0000000000000000000, 1.000000000000000000 ) ) ;
#1785 = SURFACE_STYLE_USAGE ( .BOTH. , #2472 ) ;
#1786 = CARTESIAN_POINT ( 'NONE',  ( 77.99999999999998579, 1080.000000000000000, -67.99999999999991473 ) ) ;
#1787 = DIRECTION ( 'NONE',  ( 0.0000000000000000000, 0.0000000000000000000, 1.000000000000000000 ) ) ;
#1788 = VERTEX_POINT ( 'NONE', #1939 ) ;
#1789 = ORIENTED_EDGE ( 'NONE', *, *, #2794, .F. ) ;
#1790 =( LENGTH_UNIT ( ) NAMED_UNIT ( * ) SI_UNIT ( .MILLI., .METRE. ) );
#1791 = LINE ( 'NONE', #3018, #838 ) ;
#1792 = ORIENTED_EDGE ( 'NONE', *, *, #4556, .T. ) ;
#1793 = CARTESIAN_POINT ( 'NONE',  ( -124.9999999999999432, 1100.000000000000000, 115.0000000000000426 ) ) ;
#1794 = ORIENTED_EDGE ( 'NONE', *, *, #2638, .F. ) ;
#1795 = CARTESIAN_POINT ( 'NONE',  ( -62.50000000000002842, 1100.000000000000000, 7.654042494670957804E-15 ) ) ;
#1796 = ORIENTED_EDGE ( 'NONE', *, *, #2617, .T. ) ;
#1797 = LINE ( 'NONE', #4278, #4561 ) ;
#1798 = DIRECTION ( 'NONE',  ( 0.0000000000000000000, 0.0000000000000000000, 1.000000000000000000 ) ) ;
#1799 = LINE ( 'NONE', #2858, #8 ) ;
#1800 = EDGE_CURVE ( 'NONE', #4307, #110, #1043, .T. ) ;
#1801 = PRESENTATION_STYLE_ASSIGNMENT (( #4207 ) ) ;
#1802 = ORIENTED_EDGE ( 'NONE', *, *, #3005, .F. ) ;
#1803 = ORIENTED_EDGE ( 'NONE', *, *, #553, .F. ) ;
#1804 = FACE_BOUND ( 'NONE', #3846, .T. ) ;
#1805 = DIRECTION ( 'NONE',  ( -0.0000000000000000000, 1.000000000000000000, -0.0000000000000000000 ) ) ;
#1806 = CARTESIAN_POINT ( 'NONE',  ( 70.00000000000000000, 1099.500000000000227, -95.00000000000000000 ) ) ;
#1807 = ORIENTED_EDGE ( 'NONE', *, *, #4590, .T. ) ;
#1808 = LINE ( 'NONE', #1887, #3955 ) ;
#1809 = FACE_OUTER_BOUND ( 'NONE', #4198, .T. ) ;
#1810 = LINE ( 'NONE', #2959, #1369 ) ;
#1811 = EDGE_CURVE ( 'NONE', #968, #1310, #4582, .T. ) ;
#1812 = DIRECTION ( 'NONE',  ( -0.0000000000000000000, 1.000000000000000000, -0.0000000000000000000 ) ) ;
#1813 = EDGE_LOOP ( 'NONE', ( #4110, #2196 ) ) ;
#1814 = CARTESIAN_POINT ( 'NONE',  ( 90.00000000000000000, 19.99999999999998934, -7.500000000000013323 ) ) ;
#1816 = ORIENTED_EDGE ( 'NONE', *, *, #893, .F. ) ;
#1815 = DIRECTION ( 'NONE',  ( 1.000000000000000000, -0.0000000000000000000, -0.0000000000000000000 ) ) ;
#1817 = ORIENTED_EDGE ( 'NONE', *, *, #4368, .F. ) ;
#1818 = LINE ( 'NONE', #103, #1260 ) ;
#1819 = STYLED_ITEM ( 'NONE', ( #1883 ), #287 ) ;
#1820 = DIRECTION ( 'NONE',  ( 0.0000000000000000000, -1.000000000000000000, -0.0000000000000000000 ) ) ;
#1821 = LINE ( 'NONE', #3445, #647 ) ;
#1822 = CIRCLE ( 'NONE', #4251, 5.099999999999993427 ) ;
#1823 = EDGE_LOOP ( 'NONE', ( #4390, #2018, #520, #4071, #3480 ) ) ;
#1824 = FACE_OUTER_BOUND ( 'NONE', #1294, .T. ) ;
#1825 =( NAMED_UNIT ( * ) SI_UNIT ( $, .STERADIAN. ) SOLID_ANGLE_UNIT ( ) );
#1826 = CARTESIAN_POINT ( 'NONE',  ( 124.9999999999999716, 20.00000000000000000, 117.5000000000000000 ) ) ;
#1827 = ORIENTED_EDGE ( 'NONE', *, *, #1155, .T. ) ;
#1828 = EDGE_LOOP ( 'NONE', ( #3551, #975 ) ) ;
#1829 = PLANE ( 'NONE',  #1680 ) ;
#1830 = CARTESIAN_POINT ( 'NONE',  ( 7.500000000000000000, 19.99999999999998934, 89.99999999999998579 ) ) ;
#1831 = EDGE_CURVE ( 'NONE', #1761, #50, #1818, .T. ) ;
#1832 = CARTESIAN_POINT ( 'NONE',  ( 110.0000000000000000, 220.0000000000000568, 7.499999999999985789 ) ) ;
#1833 = DIRECTION ( 'NONE',  ( -0.0000000000000000000, -1.000000000000000000, -0.0000000000000000000 ) ) ;
#1834 = AXIS2_PLACEMENT_3D ( 'NONE', #3237, #381, #2910 ) ;
#1835 = ORIENTED_EDGE ( 'NONE', *, *, #3348, .T. ) ;
#1836 = DIRECTION ( 'NONE',  ( 0.0000000000000000000, 0.0000000000000000000, 1.000000000000000000 ) ) ;
#1837 =( NAMED_UNIT ( * ) PLANE_ANGLE_UNIT ( ) SI_UNIT ( $, .RADIAN. ) );
#1838 = DIRECTION ( 'NONE',  ( -0.0000000000000000000, -1.000000000000000000, -0.0000000000000000000 ) ) ;
#1839 = FACE_OUTER_BOUND ( 'NONE', #2209, .T. ) ;
#1840 = DIRECTION ( 'NONE',  ( -0.0000000000000000000, -1.000000000000000000, -0.0000000000000000000 ) ) ;
#1841 = ORIENTED_EDGE ( 'NONE', *, *, #2881, .T. ) ;
#1842 = CARTESIAN_POINT ( 'NONE',  ( -78.00000000000000000, 1080.000000000000000, -67.99999999999991473 ) ) ;
#1843 = ORIENTED_EDGE ( 'NONE', *, *, #4649, .F. ) ;
#1844 = ORIENTED_EDGE ( 'NONE', *, *, #3359, .T. ) ;
#1845 = EDGE_CURVE ( 'NONE', #2092, #501, #474, .T. ) ;
#1846 = AXIS2_PLACEMENT_3D ( 'NONE', #2971, #1443, #718 ) ;
#1847 = CARTESIAN_POINT ( 'NONE',  ( -70.00000000000000000, 1100.000000000000000, 91.50000000000000000 ) ) ;
#1848 = ORIENTED_EDGE ( 'NONE', *, *, #1740, .F. ) ;
#1849 = ADVANCED_FACE ( 'NONE', ( #28 ), #3767, .F. ) ;
#1850 = CARTESIAN_POINT ( 'NONE',  ( -140.0000000000000000, 20.00000000000001776, -7.499999999999985789 ) ) ;
#1851 = LINE ( 'NONE', #2359, #4124 ) ;
#1852 = MECHANICAL_DESIGN_GEOMETRIC_PRESENTATION_REPRESENTATION (  '', ( #899 ), #2828 ) ;
#1853 = CARTESIAN_POINT ( 'NONE',  ( 140.0000000000000000, 20.00000000000000000, -150.0000000000000000 ) ) ;
#1854 = EDGE_CURVE ( 'NONE', #4220, #2201, #3974, .T. ) ;
#1855 = ORIENTED_EDGE ( 'NONE', *, *, #2478, .F. ) ;
#1856 = APPLICATION_PROTOCOL_DEFINITION ( 'draft international standard', 'automotive_design', 1998, #3636 ) ;
#1857 = DIRECTION ( 'NONE',  ( 7.401486830834376525E-17, 1.000000000000000000, 0.0000000000000000000 ) ) ;
#1858 = CARTESIAN_POINT ( 'NONE',  ( -90.00000000000000000, 1080.000000000000000, 69.99999999999985789 ) ) ;
#1859 = FACE_OUTER_BOUND ( 'NONE', #1131, .T. ) ;
#1860 = EDGE_LOOP ( 'NONE', ( #4150, #2239, #1855, #4140 ) ) ;
#1861 = VECTOR ( 'NONE', #1351, 1000.000000000000000 ) ;
#1862 = SURFACE_STYLE_FILL_AREA ( #3454 ) ;
#1863 = LINE ( 'NONE', #185, #741 ) ;
#1864 = EDGE_CURVE ( 'NONE', #1034, #3084, #1210, .T. ) ;
#1865 = VERTEX_POINT ( 'NONE', #1558 ) ;
#1866 = AXIS2_PLACEMENT_3D ( 'NONE', #2327, #2355, #3049 ) ;
#1867 = VECTOR ( 'NONE', #4378, 1000.000000000000000 ) ;
#1868 = DIRECTION ( 'NONE',  ( 0.0000000000000000000, 0.0000000000000000000, -1.000000000000000000 ) ) ;
#1869 = CIRCLE ( 'NONE', #146, 2.499999999999946709 ) ;
#1870 = CARTESIAN_POINT ( 'NONE',  ( 125.0000000000000568, 1080.000000000000000, -114.9999999999999858 ) ) ;
#1871 = DIRECTION ( 'NONE',  ( -1.000000000000000000, 0.0000000000000000000, 0.0000000000000000000 ) ) ;
#1872 = VECTOR ( 'NONE', #2470, 1000.000000000000000 ) ;
#1873 = ORIENTED_EDGE ( 'NONE', *, *, #4490, .F. ) ;
#1874 = VECTOR ( 'NONE', #1833, 1000.000000000000000 ) ;
#1875 = VECTOR ( 'NONE', #4274, 1000.000000000000000 ) ;
#1876 = DIRECTION ( 'NONE',  ( 7.401486830834376525E-17, 1.000000000000000000, 0.0000000000000000000 ) ) ;
#1878 = LINE ( 'NONE', #3750, #1767 ) ;
#1877 = CARTESIAN_POINT ( 'NONE',  ( -124.9999999999999716, 20.00000000000000000, -30.00000000000000000 ) ) ;
#1879 = DIRECTION ( 'NONE',  ( -1.000000000000000000, 0.0000000000000000000, 1.020425574104005602E-16 ) ) ;
#1880 = EDGE_LOOP ( 'NONE', ( #792, #3097, #4497, #3449 ) ) ;
#1881 = EDGE_LOOP ( 'NONE', ( #2365, #960, #1611, #223 ) ) ;
#1882 = DIRECTION ( 'NONE',  ( -4.386237095914525535E-66, -3.081487911019577365E-33, -1.000000000000000000 ) ) ;
#1883 = PRESENTATION_STYLE_ASSIGNMENT (( #3388 ) ) ;
#1884 = UNCERTAINTY_MEASURE_WITH_UNIT (LENGTH_MEASURE( 1.000000000000000082E-05 ), #155, 'distance_accuracy_value', 'NONE');
#1885 = EDGE_CURVE ( 'NONE', #561, #1925, #986, .T. ) ;
#1886 = DIRECTION ( 'NONE',  ( -0.7071067811865475727, 0.0000000000000000000, -0.7071067811865475727 ) ) ;
#1887 = CARTESIAN_POINT ( 'NONE',  ( 90.00000000000000000, 1055.000000000000227, 42.50000000000004974 ) ) ;
#1888 = DIRECTION ( 'NONE',  ( 0.0000000000000000000, 0.0000000000000000000, 1.000000000000000000 ) ) ;
#1889 = DIRECTION ( 'NONE',  ( -3.466673899897023851E-33, 1.000000000000000000, 3.942568710255460192E-34 ) ) ;
#1890 = FILL_AREA_STYLE ('',( #3712 ) ) ;
#1891 = EDGE_CURVE ( 'NONE', #1788, #462, #1718, .T. ) ;
#1892 = CYLINDRICAL_SURFACE ( 'NONE', #3101, 4.500000000000003553 ) ;
#1893 = EDGE_CURVE ( 'NONE', #3210, #3589, #4083, .T. ) ;
#1894 = ADVANCED_FACE ( 'NONE', ( #2047 ), #844, .F. ) ;
#1895 = CARTESIAN_POINT ( 'NONE',  ( 62.49999999999997868, 1100.000000000000000, 0.0000000000000000000 ) ) ;
#1896 = ORIENTED_EDGE ( 'NONE', *, *, #3493, .F. ) ;
#1897 = EDGE_LOOP ( 'NONE', ( #4273, #2181, #3252, #2621 ) ) ;
#1898 = ORIENTED_EDGE ( 'NONE', *, *, #3870, .T. ) ;
#1899 = SURFACE_SIDE_STYLE ('',( #737 ) ) ;
#1900 = CARTESIAN_POINT ( 'NONE',  ( 124.9999999999999716, 20.00000000000000000, -117.5000000000000000 ) ) ;
#1901 =( NAMED_UNIT ( * ) PLANE_ANGLE_UNIT ( ) SI_UNIT ( $, .RADIAN. ) );
#1902 = SURFACE_SIDE_STYLE ('',( #372 ) ) ;
#1903 = ORIENTED_EDGE ( 'NONE', *, *, #2743, .T. ) ;
#1904 = ORIENTED_EDGE ( 'NONE', *, *, #1441, .F. ) ;
#1905 = PRESENTATION_LAYER_ASSIGNMENT (  '', '', ( #228 ) ) ;
#1906 = EDGE_CURVE ( 'NONE', #1321, #317, #1152, .T. ) ;
#1907 = COLOUR_RGB ( '',1.000000000000000000, 1.000000000000000000, 1.000000000000000000 ) ;
#1908 = FACE_OUTER_BOUND ( 'NONE', #1403, .T. ) ;
#1909 =( LENGTH_UNIT ( ) NAMED_UNIT ( * ) SI_UNIT ( .MILLI., .METRE. ) );
#1910 = DIRECTION ( 'NONE',  ( 1.020425574104005355E-16, -0.0000000000000000000, 1.000000000000000000 ) ) ;
#1911 = ORIENTED_EDGE ( 'NONE', *, *, #622, .T. ) ;
#1912 = FACE_BOUND ( 'NONE', #3277, .T. ) ;
#1913 = AXIS2_PLACEMENT_3D ( 'NONE', #386, #2864, #3186 ) ;
#1914 = CARTESIAN_POINT ( 'NONE',  ( 90.00000000000000000, 1015.000000000000114, -42.50000000000004974 ) ) ;
#1915 = DIRECTION ( 'NONE',  ( -0.0000000000000000000, 1.000000000000000000, -0.0000000000000000000 ) ) ;
#1916 = EDGE_CURVE ( 'NONE', #1100, #3224, #1488, .T. ) ;
#1917 = DIRECTION ( 'NONE',  ( 0.0000000000000000000, 0.0000000000000000000, 1.000000000000000000 ) ) ;
#1919 = ORIENTED_EDGE ( 'NONE', *, *, #3478, .F. ) ;
#1918 = CARTESIAN_POINT ( 'NONE',  ( -90.00000000000000000, 20.00000000000000355, 69.99999999999985789 ) ) ;
#1920 = CARTESIAN_POINT ( 'NONE',  ( -124.9999999999999716, 20.00000000000000000, -125.0000000000000000 ) ) ;
#1921 = VECTOR ( 'NONE', #2902, 1000.000000000000000 ) ;
#1922 = ADVANCED_FACE ( 'NONE', ( #1101 ), #753, .T. ) ;
#1923 = ORIENTED_EDGE ( 'NONE', *, *, #457, .T. ) ;
#1924 = CYLINDRICAL_SURFACE ( 'NONE', #4064, 7.500000000000007105 ) ;
#1925 = VERTEX_POINT ( 'NONE', #4172 ) ;
#1926 = ORIENTED_EDGE ( 'NONE', *, *, #3788, .T. ) ;
#1927 = VECTOR ( 'NONE', #2634, 1000.000000000000000 ) ;
#1928 = VECTOR ( 'NONE', #3255, 1000.000000000000114 ) ;
#1929 = DIRECTION ( 'NONE',  ( 0.0000000000000000000, 0.0000000000000000000, -1.000000000000000000 ) ) ;
#1930 = CIRCLE ( 'NONE', #2229, 5.099999999999993427 ) ;
#1931 = COLOUR_RGB ( '',1.000000000000000000, 1.000000000000000000, 1.000000000000000000 ) ;
#1932 = DIRECTION ( 'NONE',  ( 0.0000000000000000000, 0.0000000000000000000, 1.000000000000000000 ) ) ;
#1933 = ORIENTED_EDGE ( 'NONE', *, *, #580, .F. ) ;
#1934 = DIRECTION ( 'NONE',  ( -0.0000000000000000000, 1.000000000000000000, -0.0000000000000000000 ) ) ;
#1935 = ORIENTED_EDGE ( 'NONE', *, *, #2112, .T. ) ;
#1936 = DIRECTION ( 'NONE',  ( 0.7071067811865465735, 0.0000000000000000000, 0.7071067811865484609 ) ) ;
#1937 = ORIENTED_EDGE ( 'NONE', *, *, #3359, .F. ) ;
#1938 = CARTESIAN_POINT ( 'NONE',  ( 124.9999999999999716, 20.00000000000000000, 34.49999999999998579 ) ) ;
#1939 = CARTESIAN_POINT ( 'NONE',  ( 70.00000000000000000, 1100.000000000000000, -98.50000000000000000 ) ) ;
#1940 = LINE ( 'NONE', #2736, #2388 ) ;
#1941 = PLANE ( 'NONE',  #2489 ) ;
#1942 = DIRECTION ( 'NONE',  ( 0.0000000000000000000, 1.000000000000000000, 0.0000000000000000000 ) ) ;
#1943 = EDGE_CURVE ( 'NONE', #2291, #1725, #1869, .T. ) ;
#1944 = CARTESIAN_POINT ( 'NONE',  ( 125.0000000000000568, 1100.000000000000000, 115.0000000000000142 ) ) ;
#1945 = AXIS2_PLACEMENT_3D ( 'NONE', #1193, #4080, #1242 ) ;
#1946 = PLANE ( 'NONE',  #877 ) ;
#1947 = AXIS2_PLACEMENT_3D ( 'NONE', #3989, #2891, #2542 ) ;
#1948 = AXIS2_PLACEMENT_3D ( 'NONE', #3631, #29, #4344 ) ;
#1949 = DIRECTION ( 'NONE',  ( -0.0000000000000000000, 1.000000000000000000, -0.0000000000000000000 ) ) ;
#1950 = VERTEX_POINT ( 'NONE', #3460 ) ;
#1951 = CARTESIAN_POINT ( 'NONE',  ( -124.9999999999999716, 20.00000000000000000, -25.49999999999999645 ) ) ;
#1952 = CIRCLE ( 'NONE', #1975, 7.500000000000007105 ) ;
#1953 = ORIENTED_EDGE ( 'NONE', *, *, #212, .F. ) ;
#1954 = VECTOR ( 'NONE', #2824, 1000.000000000000000 ) ;
#1955 = VERTEX_POINT ( 'NONE', #2366 ) ;
#1956 =( NAMED_UNIT ( * ) SI_UNIT ( $, .STERADIAN. ) SOLID_ANGLE_UNIT ( ) );
#1957 = MECHANICAL_DESIGN_GEOMETRIC_PRESENTATION_REPRESENTATION (  '', ( #2296 ), #1187 ) ;
#1958 = FACE_OUTER_BOUND ( 'NONE', #4061, .T. ) ;
#1959 = DIRECTION ( 'NONE',  ( -0.0000000000000000000, 1.000000000000000000, -0.0000000000000000000 ) ) ;
#1960 = ADVANCED_FACE ( 'NONE', ( #4470 ), #978, .F. ) ;
#1961 = UNCERTAINTY_MEASURE_WITH_UNIT (LENGTH_MEASURE( 1.000000000000000082E-05 ), #3106, 'distance_accuracy_value', 'NONE');
#1962 = EDGE_LOOP ( 'NONE', ( #1178, #4591, #402, #3023 ) ) ;
#1963 = CARTESIAN_POINT ( 'NONE',  ( 124.9999999999999716, 20.00000000000000000, -117.5000000000000000 ) ) ;
#1964 = LINE ( 'NONE', #630, #3212 ) ;
#1965 = CARTESIAN_POINT ( 'NONE',  ( -114.9999999999999574, 1080.000000000000000, 125.0000000000000000 ) ) ;
#1966 = DIRECTION ( 'NONE',  ( 0.0000000000000000000, 0.0000000000000000000, 1.000000000000000000 ) ) ;
#1967 = EDGE_CURVE ( 'NONE', #3513, #922, #3510, .T. ) ;
#1968 = ORIENTED_EDGE ( 'NONE', *, *, #3987, .F. ) ;
#1969 = PLANE ( 'NONE',  #4208 ) ;
#1970 = ORIENTED_EDGE ( 'NONE', *, *, #1177, .F. ) ;
#1971 = VECTOR ( 'NONE', #4487, 1000.000000000000227 ) ;
#1972 = CIRCLE ( 'NONE', #2397, 2.499999999999946709 ) ;
#1973 = CIRCLE ( 'NONE', #235, 9.999999999999994671 ) ;
#1974 = DIRECTION ( 'NONE',  ( 1.982541115402069301E-16, -5.830650755791958591E-35, 1.000000000000000000 ) ) ;
#1975 = AXIS2_PLACEMENT_3D ( 'NONE', #2699, #939, #906 ) ;
#1976 = ORIENTED_EDGE ( 'NONE', *, *, #1221, .F. ) ;
#1977 = ORIENTED_EDGE ( 'NONE', *, *, #2765, .T. ) ;
#1978 = ORIENTED_EDGE ( 'NONE', *, *, #721, .T. ) ;
#1979 = MECHANICAL_DESIGN_GEOMETRIC_PRESENTATION_REPRESENTATION (  '', ( #4489 ), #2533 ) ;
#1980 = CIRCLE ( 'NONE', #3429, 4.500000000000003553 ) ;
#1981 = DIRECTION ( 'NONE',  ( -1.000000000000000000, 0.0000000000000000000, -0.0000000000000000000 ) ) ;
#1982 = DIRECTION ( 'NONE',  ( -0.7071067811865541231, 0.0000000000000000000, 0.7071067811865409114 ) ) ;
#1983 = VECTOR ( 'NONE', #682, 1000.000000000000000 ) ;
#1984 = CARTESIAN_POINT ( 'NONE',  ( -67.99999999999991473, 20.00000000000000355, -77.99999999999998579 ) ) ;
#1985 = VECTOR ( 'NONE', #3642, 1000.000000000000114 ) ;
#1986 = SURFACE_STYLE_FILL_AREA ( #3726 ) ;
#1987 = CARTESIAN_POINT ( 'NONE',  ( 124.9999999999999716, 20.00000000000000000, -30.00000000000000000 ) ) ;
#1988 = VECTOR ( 'NONE', #4443, 1000.000000000000000 ) ;
#1989 = FACE_OUTER_BOUND ( 'NONE', #634, .T. ) ;
#1990 = DIRECTION ( 'NONE',  ( -1.020425574104005602E-16, -0.0000000000000000000, -1.000000000000000000 ) ) ;
#1991 = CARTESIAN_POINT ( 'NONE',  ( 140.0000000000000000, 0.0000000000000000000, -150.0000000000000000 ) ) ;
#1992 = EDGE_CURVE ( 'NONE', #1149, #2219, #137, .T. ) ;
#1993 = AXIS2_PLACEMENT_3D ( 'NONE', #3278, #2932, #448 ) ;
#1994 = VERTEX_POINT ( 'NONE', #2337 ) ;
#1995 = PLANE ( 'NONE',  #3473 ) ;
#1996 = AXIS2_PLACEMENT_3D ( 'NONE', #2981, #830, #3704 ) ;
#1997 = ADVANCED_FACE ( 'NONE', ( #2553 ), #4356, .F. ) ;
#1998 = VERTEX_POINT ( 'NONE', #4189 ) ;
#1999 = DIRECTION ( 'NONE',  ( 0.0000000000000000000, 1.000000000000000000, 0.0000000000000000000 ) ) ;
#2000 = CARTESIAN_POINT ( 'NONE',  ( -90.00000000000000000, 220.0000000000000284, 7.500000000000013323 ) ) ;
#2001 = LINE ( 'NONE', #1814, #2341 ) ;
#2002 = DIRECTION ( 'NONE',  ( 0.0000000000000000000, 0.0000000000000000000, 1.000000000000000000 ) ) ;
#2003 = DIRECTION ( 'NONE',  ( 0.0000000000000000000, 0.0000000000000000000, 1.000000000000000000 ) ) ;
#2004 = DIRECTION ( 'NONE',  ( 6.162975822039154730E-33, 1.540743955509788682E-33, 1.000000000000000000 ) ) ;
#2005 = AXIS2_PLACEMENT_3D ( 'NONE', #684, #1729, #329 ) ;
#2006 = CARTESIAN_POINT ( 'NONE',  ( -90.00000000000000000, 1080.000000000000000, -69.99999999999982947 ) ) ;
#2007 = DIRECTION ( 'NONE',  ( -0.7071067811865484609, 0.0000000000000000000, -0.7071067811865465735 ) ) ;
#2008 = CARTESIAN_POINT ( 'NONE',  ( 125.0000000000000568, 1100.000000000000000, 115.0000000000000142 ) ) ;
#2009 = EDGE_LOOP ( 'NONE', ( #3945, #3764, #2292, #576 ) ) ;
#2010 = ADVANCED_FACE ( 'NONE', ( #1432 ), #3503, .F. ) ;
#2011 = AXIS2_PLACEMENT_3D ( 'NONE', #1313, #3824, #2790 ) ;
#2012 = ORIENTED_EDGE ( 'NONE', *, *, #3864, .T. ) ;
#2013 = EDGE_CURVE ( 'NONE', #4004, #2333, #4194, .T. ) ;
#2014 = PRESENTATION_LAYER_ASSIGNMENT (  '', '', ( #1300 ) ) ;
#2015 = DIRECTION ( 'NONE',  ( 6.162975822039154730E-33, 1.540743955509788682E-33, 1.000000000000000000 ) ) ;
#2016 = VECTOR ( 'NONE', #575, 999.9999999999998863 ) ;
#2017 = DIRECTION ( 'NONE',  ( 0.0000000000000000000, 0.0000000000000000000, -1.000000000000000000 ) ) ;
#2018 = ORIENTED_EDGE ( 'NONE', *, *, #2798, .T. ) ;
#2019 = VERTEX_POINT ( 'NONE', #2387 ) ;
#2020 = DIRECTION ( 'NONE',  ( 0.0000000000000000000, -3.081487911019577365E-33, -1.000000000000000000 ) ) ;
#2021 = VERTEX_POINT ( 'NONE', #550 ) ;
#2022 = CIRCLE ( 'NONE', #4421, 3.400000000000000355 ) ;
#2023 = VECTOR ( 'NONE', #4560, 1000.000000000000114 ) ;
#2024 = DIRECTION ( 'NONE',  ( -0.0000000000000000000, 1.000000000000000000, -0.0000000000000000000 ) ) ;
#2025 = ADVANCED_FACE ( 'NONE', ( #3099 ), #3471, .F. ) ;
#2026 = CARTESIAN_POINT ( 'NONE',  ( -2.140462239949360482E-14, 1100.000000000000000, 0.0000000000000000000 ) ) ;
#2027 = EDGE_LOOP ( 'NONE', ( #2984, #1018, #1477, #921, #3063 ) ) ;
#2028 = VECTOR ( 'NONE', #4370, 1000.000000000000000 ) ;
#2029 = DIRECTION ( 'NONE',  ( 0.0000000000000000000, 0.0000000000000000000, 1.000000000000000000 ) ) ;
#2030 = FACE_BOUND ( 'NONE', #1467, .T. ) ;
#2031 = EDGE_CURVE ( 'NONE', #1382, #953, #3334, .T. ) ;
#2032 = FACE_OUTER_BOUND ( 'NONE', #3668, .T. ) ;
#2033 = AXIS2_PLACEMENT_3D ( 'NONE', #1574, #203, #1647 ) ;
#2034 = FACE_OUTER_BOUND ( 'NONE', #3000, .T. ) ;
#2035 = ORIENTED_EDGE ( 'NONE', *, *, #1333, .F. ) ;
#2036 = ORIENTED_EDGE ( 'NONE', *, *, #1636, .T. ) ;
#2037 = CARTESIAN_POINT ( 'NONE',  ( 68.00000000000000000, 1080.000000000000000, 67.99999999999995737 ) ) ;
#2038 = FACE_OUTER_BOUND ( 'NONE', #2151, .T. ) ;
#2039 = FACE_OUTER_BOUND ( 'NONE', #4170, .T. ) ;
#2040 = CIRCLE ( 'NONE', #3708, 3.000000000000002665 ) ;
#2041 = EDGE_CURVE ( 'NONE', #2361, #2863, #3221, .T. ) ;
#2042 = ORIENTED_EDGE ( 'NONE', *, *, #1619, .T. ) ;
#2043 = DIRECTION ( 'NONE',  ( -0.0000000000000000000, 1.000000000000000000, -0.0000000000000000000 ) ) ;
#2044 = LINE ( 'NONE', #1264, #1717 ) ;
#2045 = EDGE_LOOP ( 'NONE', ( #2479, #2941, #4238, #2892 ) ) ;
#2046 = CARTESIAN_POINT ( 'NONE',  ( -2.288491976566047810E-14, 1080.000000000000000, 0.0000000000000000000 ) ) ;
#2047 = FACE_OUTER_BOUND ( 'NONE', #4592, .T. ) ;
#2048 = CIRCLE ( 'NONE', #2620, 3.400000000000000355 ) ;
#2049 =( LENGTH_UNIT ( ) NAMED_UNIT ( * ) SI_UNIT ( .MILLI., .METRE. ) );
#2050 = DIRECTION ( 'NONE',  ( -7.401486830834376525E-17, -1.000000000000000000, -0.0000000000000000000 ) ) ;
#2051 = CARTESIAN_POINT ( 'NONE',  ( -29.99999999999998579, 0.0000000000000000000, 129.5000000000000284 ) ) ;
#2052 = DIRECTION ( 'NONE',  ( 0.0000000000000000000, 0.0000000000000000000, 1.000000000000000000 ) ) ;
#2053 = CARTESIAN_POINT ( 'NONE',  ( -90.00000000000000000, 20.00000000000001776, -7.499999999999985789 ) ) ;
#2054 = ORIENTED_EDGE ( 'NONE', *, *, #2413, .T. ) ;
#2055 = SURFACE_SIDE_STYLE ('',( #1577 ) ) ;
#2056 = AXIS2_PLACEMENT_3D ( 'NONE', #3770, #914, #1966 ) ;
#2057 = ADVANCED_FACE ( 'NONE', ( #2503 ), #2723, .F. ) ;
#2058 = DIRECTION ( 'NONE',  ( 0.0000000000000000000, 0.0000000000000000000, 1.000000000000000000 ) ) ;
#2059 =( NAMED_UNIT ( * ) PLANE_ANGLE_UNIT ( ) SI_UNIT ( $, .RADIAN. ) );
#2060 = MECHANICAL_DESIGN_GEOMETRIC_PRESENTATION_REPRESENTATION (  '', ( #1819 ), #1649 ) ;
#2061 = AXIS2_PLACEMENT_3D ( 'NONE', #2559, #1812, #388 ) ;
#2062 = SURFACE_STYLE_USAGE ( .BOTH. , #248 ) ;
#2063 = DIRECTION ( 'NONE',  ( -2.465190328815661345E-32, -3.942568710255460192E-34, -1.000000000000000000 ) ) ;
#2064 = CARTESIAN_POINT ( 'NONE',  ( 90.00000000000000000, 19.99999999999998934, -7.500000000000013323 ) ) ;
#2065 = EDGE_CURVE ( 'NONE', #1955, #394, #2260, .T. ) ;
#2066 = AXIS2_PLACEMENT_3D ( 'NONE', #3468, #3417, #2346 ) ;
#2067 = ORIENTED_EDGE ( 'NONE', *, *, #3987, .T. ) ;
#2068 = AXIS2_PLACEMENT_3D ( 'NONE', #3903, #2807, #3120 ) ;
#2069 = ORIENTED_EDGE ( 'NONE', *, *, #3270, .T. ) ;
#2070 = EDGE_CURVE ( 'NONE', #2092, #2131, #2437, .T. ) ;
#2071 = VECTOR ( 'NONE', #55, 1000.000000000000000 ) ;
#2072 = CARTESIAN_POINT ( 'NONE',  ( -110.0000000000000000, 220.0000000000000284, 7.500000000000013323 ) ) ;
#2073 = ADVANCED_FACE ( 'NONE', ( #2376 ), #1384, .F. ) ;
#2074 = ORIENTED_EDGE ( 'NONE', *, *, #3806, .F. ) ;
#2075 = ORIENTED_EDGE ( 'NONE', *, *, #4455, .T. ) ;
#2076 = CARTESIAN_POINT ( 'NONE',  ( 70.00000000000000000, 1080.000000000000000, -95.00000000000000000 ) ) ;
#2077 = VECTOR ( 'NONE', #4631, 1000.000000000000000 ) ;
#2078 = EDGE_CURVE ( 'NONE', #4127, #3485, #1530, .T. ) ;
#2079 = VERTEX_POINT ( 'NONE', #1739 ) ;
#2080 = PLANE ( 'NONE',  #2639 ) ;
#2081 = AXIS2_PLACEMENT_3D ( 'NONE', #3144, #3482, #2118 ) ;
#2082 = DIRECTION ( 'NONE',  ( -1.423415318369119772E-33, 1.000000000000000000, 3.081487911019577365E-33 ) ) ;
#2083 = LINE ( 'NONE', #3614, #1640 ) ;
#2084 = CARTESIAN_POINT ( 'NONE',  ( 124.9999999999999716, 20.00000000000000000, -26.59999999999999787 ) ) ;
#2085 = VECTOR ( 'NONE', #4045, 1000.000000000000000 ) ;
#2086 = FILL_AREA_STYLE ('',( #4618 ) ) ;
#2087 = ORIENTED_EDGE ( 'NONE', *, *, #3993, .F. ) ;
#2088 = FACE_BOUND ( 'NONE', #3406, .T. ) ;
#2089 = DIRECTION ( 'NONE',  ( 0.0000000000000000000, 1.729880772769294137E-33, 1.000000000000000000 ) ) ;
#2090 = DIRECTION ( 'NONE',  ( 0.7071067811865494601, 0.0000000000000000000, -0.7071067811865456854 ) ) ;
#2091 = ORIENTED_EDGE ( 'NONE', *, *, #3464, .F. ) ;
#2092 = VERTEX_POINT ( 'NONE', #1009 ) ;
#2093 = SURFACE_STYLE_FILL_AREA ( #270 ) ;
#2094 = LINE ( 'NONE', #2789, #1143 ) ;
#2095 = DIRECTION ( 'NONE',  ( 1.423415318369119772E-33, -1.000000000000000000, -3.081487911019577365E-33 ) ) ;
#2096 = ORIENTED_EDGE ( 'NONE', *, *, #2313, .T. ) ;
#2097 = CARTESIAN_POINT ( 'NONE',  ( 90.00000000000000000, 220.0000000000000284, -7.500000000000013323 ) ) ;
#2098 = EDGE_CURVE ( 'NONE', #3084, #1034, #636, .T. ) ;
#2099 = EDGE_LOOP ( 'NONE', ( #2491, #2373, #763, #1422 ) ) ;
#2100 = VECTOR ( 'NONE', #864, 1000.000000000000114 ) ;
#2101 = CARTESIAN_POINT ( 'NONE',  ( -140.0000000000000000, 20.00000000000001776, 7.500000000000013323 ) ) ;
#2102 = CARTESIAN_POINT ( 'NONE',  ( 125.0000000000000568, 1080.000000000000000, -114.9999999999999858 ) ) ;
#2103 = VECTOR ( 'NONE', #3943, 1000.000000000000000 ) ;
#2104 = PRESENTATION_STYLE_ASSIGNMENT (( #2727 ) ) ;
#2105 = CARTESIAN_POINT ( 'NONE',  ( -69.99999999999985789, 20.00000000000000355, -89.99999999999997158 ) ) ;
#2106 = FACE_OUTER_BOUND ( 'NONE', #4506, .T. ) ;
#2107 = DIRECTION ( 'NONE',  ( 0.0000000000000000000, 0.0000000000000000000, -1.000000000000000000 ) ) ;
#2108 = ORIENTED_EDGE ( 'NONE', *, *, #2220, .T. ) ;
#2109 = AXIS2_PLACEMENT_3D ( 'NONE', #3395, #1949, #123 ) ;
#2110 = VERTEX_POINT ( 'NONE', #2102 ) ;
#2111 =( NAMED_UNIT ( * ) PLANE_ANGLE_UNIT ( ) SI_UNIT ( $, .RADIAN. ) );
#2112 = EDGE_CURVE ( 'NONE', #501, #2752, #2991, .T. ) ;
#2113 = CARTESIAN_POINT ( 'NONE',  ( -67.99999999999991473, 1080.000000000000000, -77.99999999999998579 ) ) ;
#2114 = CARTESIAN_POINT ( 'NONE',  ( 90.00000000000000000, 1100.000000000000000, 90.00000000000000000 ) ) ;
#2115 = ORIENTED_EDGE ( 'NONE', *, *, #316, .F. ) ;
#2116 = SURFACE_STYLE_USAGE ( .BOTH. , #1427 ) ;
#2117 = DIRECTION ( 'NONE',  ( 0.0000000000000000000, -1.000000000000000000, -0.0000000000000000000 ) ) ;
#2118 = DIRECTION ( 'NONE',  ( 0.0000000000000000000, 0.0000000000000000000, 1.000000000000000000 ) ) ;
#2119 = CARTESIAN_POINT ( 'NONE',  ( -150.0000000000001137, 0.0000000000000000000, 7.499999999998428812 ) ) ;
#2120 = DIRECTION ( 'NONE',  ( 3.888083013051982973E-17, -0.9805806756909201116, 0.1961161351381840168 ) ) ;
#2121 = AXIS2_PLACEMENT_3D ( 'NONE', #2122, #3512, #2499 ) ;
#2122 = CARTESIAN_POINT ( 'NONE',  ( 70.00000000000000000, 1100.000000000000000, -95.00000000000000000 ) ) ;
#2123 = CARTESIAN_POINT ( 'NONE',  ( -150.0000000000000284, 0.0000000000000000000, -150.0000000000000000 ) ) ;
#2124 = FILL_AREA_STYLE_COLOUR ( '', #3225 ) ;
#2125 =( NAMED_UNIT ( * ) SI_UNIT ( $, .STERADIAN. ) SOLID_ANGLE_UNIT ( ) );
#2126 = FILL_AREA_STYLE ('',( #1412 ) ) ;
#2127 = COLOUR_RGB ( '',1.000000000000000000, 1.000000000000000000, 1.000000000000000000 ) ;
#2128 = ORIENTED_EDGE ( 'NONE', *, *, #3629, .F. ) ;
#2129 = EDGE_CURVE ( 'NONE', #2131, #2110, #3273, .T. ) ;
#2130 = ORIENTED_EDGE ( 'NONE', *, *, #740, .F. ) ;
#2131 = VERTEX_POINT ( 'NONE', #4638 ) ;
#2132 = CARTESIAN_POINT ( 'NONE',  ( -90.00000000000000000, 1080.000000000000000, -90.00000000000000000 ) ) ;
#2134 = ORIENTED_EDGE ( 'NONE', *, *, #3546, .T. ) ;
#2133 = DIRECTION ( 'NONE',  ( 0.0000000000000000000, 0.0000000000000000000, 1.000000000000000000 ) ) ;
#2135 = DIRECTION ( 'NONE',  ( -0.0000000000000000000, 1.000000000000000000, -0.0000000000000000000 ) ) ;
#2136 = VECTOR ( 'NONE', #2095, 1000.000000000000000 ) ;
#2137 = CIRCLE ( 'NONE', #3531, 7.500000000000007105 ) ;
#2138 = EDGE_CURVE ( 'NONE', #4505, #1096, #805, .T. ) ;
#2139 =( LENGTH_UNIT ( ) NAMED_UNIT ( * ) SI_UNIT ( .MILLI., .METRE. ) );
#2140 = AXIS2_PLACEMENT_3D ( 'NONE', #3854, #1047, #3544 ) ;
#2141 = COLOUR_RGB ( '',1.000000000000000000, 1.000000000000000000, 1.000000000000000000 ) ;
#2142 = DIRECTION ( 'NONE',  ( 0.0000000000000000000, 0.0000000000000000000, -1.000000000000000000 ) ) ;
#2143 = CARTESIAN_POINT ( 'NONE',  ( 124.9999999999999716, 20.00000000000000000, -33.39999999999999858 ) ) ;
#2144 = ORIENTED_EDGE ( 'NONE', *, *, #308, .F. ) ;
#2145 = EDGE_LOOP ( 'NONE', ( #692, #126, #1669, #2235 ) ) ;
#2146 = LINE ( 'NONE', #2143, #461 ) ;
#2147 = LINE ( 'NONE', #3055, #3958 ) ;
#2148 = DIRECTION ( 'NONE',  ( 0.0000000000000000000, 0.0000000000000000000, -1.000000000000000000 ) ) ;
#2149 = ADVANCED_FACE ( 'NONE', ( #2318 ), #3177, .F. ) ;
#2150 = PRODUCT_DEFINITION_SHAPE ( 'NONE', 'NONE',  #1011 ) ;
#2151 = EDGE_LOOP ( 'NONE', ( #757, #2054, #809, #2277 ) ) ;
#2152 = DIRECTION ( 'NONE',  ( -0.0000000000000000000, 1.000000000000000000, -0.0000000000000000000 ) ) ;
#2153 = CARTESIAN_POINT ( 'NONE',  ( 30.00000000000001421, 20.00000000000000000, 128.4000000000000057 ) ) ;
#2154 = VECTOR ( 'NONE', #1366, 1000.000000000000114 ) ;
#2155 = LINE ( 'NONE', #2113, #4575 ) ;
#2156 = VECTOR ( 'NONE', #716, 1000.000000000000000 ) ;
#2157 = ORIENTED_EDGE ( 'NONE', *, *, #4204, .T. ) ;
#2158 = ORIENTED_EDGE ( 'NONE', *, *, #233, .T. ) ;
#2159 = CIRCLE ( 'NONE', #1475, 4.499999999999990230 ) ;
#2160 = CARTESIAN_POINT ( 'NONE',  ( 150.0000000000000284, 0.0000000000000000000, 150.0000000000000000 ) ) ;
#2161 = LINE ( 'NONE', #2248, #1988 ) ;
#2162 = LINE ( 'NONE', #346, #1217 ) ;
#2163 = ORIENTED_EDGE ( 'NONE', *, *, #3065, .T. ) ;
#2164 = CARTESIAN_POINT ( 'NONE',  ( -90.00000000000000000, 20.00000000000001776, 7.500000000000013323 ) ) ;
#2165 = CARTESIAN_POINT ( 'NONE',  ( -90.00000000000000000, 1080.000000000000000, 90.00000000000000000 ) ) ;
#2166 = FILL_AREA_STYLE_COLOUR ( '', #3769 ) ;
#2167 = EDGE_CURVE ( 'NONE', #730, #4505, #4294, .T. ) ;
#2168 = ORIENTED_EDGE ( 'NONE', *, *, #4447, .F. ) ;
#2169 = ORIENTED_EDGE ( 'NONE', *, *, #3348, .F. ) ;
#2170 = FILL_AREA_STYLE_COLOUR ( '', #1931 ) ;
#2171 = VECTOR ( 'NONE', #16, 1000.000000000000000 ) ;
#2172 = CARTESIAN_POINT ( 'NONE',  ( 77.99999999999998579, 20.00000000000000355, -67.99999999999991473 ) ) ;
#2173 = EDGE_CURVE ( 'NONE', #438, #406, #3966, .T. ) ;
#2174 = CARTESIAN_POINT ( 'NONE',  ( 124.9999999999999716, 0.0000000000000000000, -30.00000000000000000 ) ) ;
#2175 = AXIS2_PLACEMENT_3D ( 'NONE', #332, #3119, #2434 ) ;
#2176 = CARTESIAN_POINT ( 'NONE',  ( 145.0000000000000284, 20.00000000000000000, 145.0000000000000000 ) ) ;
#2177 = MANIFOLD_SOLID_BREP ( 'Gusset1', #1706 ) ;
#2178 =( LENGTH_UNIT ( ) NAMED_UNIT ( * ) SI_UNIT ( .MILLI., .METRE. ) );
#2179 = EDGE_CURVE ( 'NONE', #4297, #1606, #3559, .T. ) ;
#2180 = ORIENTED_EDGE ( 'NONE', *, *, #25, .T. ) ;
#2181 = ORIENTED_EDGE ( 'NONE', *, *, #477, .F. ) ;
#2182 = DIRECTION ( 'NONE',  ( 7.401486830834376525E-17, 1.000000000000000000, 0.0000000000000000000 ) ) ;
#2183 = AXIS2_PLACEMENT_3D ( 'NONE', #1987, #608, #912 ) ;
#2184 = PRESENTATION_STYLE_ASSIGNMENT (( #827 ) ) ;
#2185 = ORIENTED_EDGE ( 'NONE', *, *, #3629, .T. ) ;
#2186 = ORIENTED_EDGE ( 'NONE', *, *, #57, .F. ) ;
#2187 = CARTESIAN_POINT ( 'NONE',  ( 69.99999999999985789, 1080.000000000000000, 89.99999999999997158 ) ) ;
#2188 = CARTESIAN_POINT ( 'NONE',  ( -150.0000000000000284, 20.00000000000000000, -150.0000000000000000 ) ) ;
#2189 = LINE ( 'NONE', #2778, #2077 ) ;
#2190 = ORIENTED_EDGE ( 'NONE', *, *, #4335, .T. ) ;
#2191 = AXIS2_PLACEMENT_3D ( 'NONE', #2654, #472, #488 ) ;
#2192 = DIRECTION ( 'NONE',  ( 0.7071067811865455743, -0.0000000000000000000, 0.7071067811865493491 ) ) ;
#2193 = AXIS2_PLACEMENT_3D ( 'NONE', #3923, #1430, #1784 ) ;
#2194 = VERTEX_POINT ( 'NONE', #1730 ) ;
#2195 = AXIS2_PLACEMENT_3D ( 'NONE', #4377, #433, #4117 ) ;
#2196 = ORIENTED_EDGE ( 'NONE', *, *, #3042, .F. ) ;
#2197 = FACE_BOUND ( 'NONE', #4053, .T. ) ;
#2198 = CIRCLE ( 'NONE', #2011, 3.400000000000000355 ) ;
#2199 = DIRECTION ( 'NONE',  ( 1.000000000000000000, -0.0000000000000000000, -0.0000000000000000000 ) ) ;
#2200 = VECTOR ( 'NONE', #2263, 1000.000000000000000 ) ;
#2201 = VERTEX_POINT ( 'NONE', #4308 ) ;
#2202 = ORIENTED_EDGE ( 'NONE', *, *, #3025, .T. ) ;
#2203 = VECTOR ( 'NONE', #938, 1000.000000000000000 ) ;
#2204 = EDGE_CURVE ( 'NONE', #4011, #3115, #3833, .T. ) ;
#2205 = VERTEX_POINT ( 'NONE', #3209 ) ;
#2206 = CIRCLE ( 'NONE', #573, 2.499999999999946709 ) ;
#2207 = APPLICATION_CONTEXT ( 'automotive_design' ) ;
#2209 = EDGE_LOOP ( 'NONE', ( #3211, #845, #84, #1234 ) ) ;
#2208 = DIRECTION ( 'NONE',  ( -0.0000000000000000000, 1.000000000000000000, -0.0000000000000000000 ) ) ;
#2210 = DIRECTION ( 'NONE',  ( 1.423415318369119772E-33, -1.000000000000000000, 3.081487911019577365E-33 ) ) ;
#2211 = ORIENTED_EDGE ( 'NONE', *, *, #3677, .F. ) ;
#2212 = FACE_OUTER_BOUND ( 'NONE', #4462, .T. ) ;
#2213 = AXIS2_PLACEMENT_3D ( 'NONE', #4143, #3058, #1672 ) ;
#2214 = FACE_OUTER_BOUND ( 'NONE', #3370, .T. ) ;
#2215 = LINE ( 'NONE', #1230, #3613 ) ;
#2216 = SURFACE_STYLE_FILL_AREA ( #3588 ) ;
#2217 = CIRCLE ( 'NONE', #158, 9.999999999999994671 ) ;
#2218 = ORIENTED_EDGE ( 'NONE', *, *, #4138, .T. ) ;
#2219 = VERTEX_POINT ( 'NONE', #3235 ) ;
#2220 = EDGE_CURVE ( 'NONE', #1308, #2455, #3842, .T. ) ;
#2221 = CARTESIAN_POINT ( 'NONE',  ( -140.0000000000000000, 70.00000000000001421, 7.500000000000013323 ) ) ;
#2222 = PLANE ( 'NONE',  #3173 ) ;
#2223 = EDGE_CURVE ( 'NONE', #4567, #4277, #131, .T. ) ;
#2224 = DIRECTION ( 'NONE',  ( 0.0000000000000000000, 0.0000000000000000000, -1.000000000000000000 ) ) ;
#2225 = EDGE_CURVE ( 'NONE', #136, #3427, #361, .T. ) ;
#2226 = AXIS2_PLACEMENT_3D ( 'NONE', #3475, #1690, #2058 ) ;
#2227 = ADVANCED_FACE ( 'NONE', ( #2039 ), #2774, .F. ) ;
#2228 = UNCERTAINTY_MEASURE_WITH_UNIT (LENGTH_MEASURE( 1.000000000000000082E-05 ), #3192, 'distance_accuracy_value', 'NONE');
#2229 = AXIS2_PLACEMENT_3D ( 'NONE', #538, #3026, #4473 ) ;
#2230 = CARTESIAN_POINT ( 'NONE',  ( -9.950721815702933470E-13, 0.0000000000000000000, 142.5000000000000568 ) ) ;
#2231 = DIRECTION ( 'NONE',  ( -1.982541115402069054E-16, 5.830650755791935071E-35, -1.000000000000000000 ) ) ;
#2232 = CARTESIAN_POINT ( 'NONE',  ( -70.00000000000000000, 1080.000000000000000, 95.00000000000000000 ) ) ;
#2233 = VECTOR ( 'NONE', #298, 1000.000000000000000 ) ;
#2234 = ORIENTED_EDGE ( 'NONE', *, *, #1943, .T. ) ;
#2235 = ORIENTED_EDGE ( 'NONE', *, *, #3493, .T. ) ;
#2236 = DIRECTION ( 'NONE',  ( -7.401486830834376525E-17, -1.000000000000000000, -0.0000000000000000000 ) ) ;
#2237 = ORIENTED_EDGE ( 'NONE', *, *, #2978, .F. ) ;
#2238 = DIRECTION ( 'NONE',  ( -0.0000000000000000000, 1.000000000000000000, -0.0000000000000000000 ) ) ;
#2239 = ORIENTED_EDGE ( 'NONE', *, *, #901, .F. ) ;
#2240 = EDGE_CURVE ( 'NONE', #4426, #3444, #1311, .T. ) ;
#2241 = DIRECTION ( 'NONE',  ( 1.000000000000000000, -0.0000000000000000000, -0.0000000000000000000 ) ) ;
#2242 = LINE ( 'NONE', #1830, #2585 ) ;
#2243 = ORIENTED_EDGE ( 'NONE', *, *, #89, .T. ) ;
#2244 = CARTESIAN_POINT ( 'NONE',  ( 90.00000000000000000, 19.99999999999998934, 7.499999999999985789 ) ) ;
#2245 = ORIENTED_EDGE ( 'NONE', *, *, #1327, .F. ) ;
#2246 = FILL_AREA_STYLE ('',( #4267 ) ) ;
#2247 =( LENGTH_UNIT ( ) NAMED_UNIT ( * ) SI_UNIT ( .MILLI., .METRE. ) );
#2248 = CARTESIAN_POINT ( 'NONE',  ( -149.9999999999999716, 0.0000000000000000000, 150.0000000000000000 ) ) ;
#2249 = ADVANCED_FACE ( 'NONE', ( #1809 ), #1829, .F. ) ;
#2250 = EDGE_LOOP ( 'NONE', ( #1559, #2158, #535, #681 ) ) ;
#2251 = ORIENTED_EDGE ( 'NONE', *, *, #1363, .T. ) ;
#2252 = FACE_OUTER_BOUND ( 'NONE', #1126, .T. ) ;
#2253 = VECTOR ( 'NONE', #139, 1000.000000000000000 ) ;
#2254 = EDGE_CURVE ( 'NONE', #2433, #221, #861, .T. ) ;
#2255 = ORIENTED_EDGE ( 'NONE', *, *, #3337, .T. ) ;
#2256 = MECHANICAL_DESIGN_GEOMETRIC_PRESENTATION_REPRESENTATION (  '', ( #1300 ), #254 ) ;
#2257 = ORIENTED_EDGE ( 'NONE', *, *, #2065, .T. ) ;
#2258 = VERTEX_POINT ( 'NONE', #1235 ) ;
#2259 = CONICAL_SURFACE ( 'NONE', #3557, 3.500000000000003109, 0.7853981633975037902 ) ;
#2260 = LINE ( 'NONE', #1396, #1762 ) ;
#2261 = FACE_BOUND ( 'NONE', #502, .T. ) ;
#2262 = DIRECTION ( 'NONE',  ( -0.0000000000000000000, 1.000000000000000000, -0.0000000000000000000 ) ) ;
#2263 = DIRECTION ( 'NONE',  ( 1.000000000000000000, 1.932701039895095811E-34, 6.162975822039153361E-33 ) ) ;
#2264 = LINE ( 'NONE', #3930, #1374 ) ;
#2265 = ORIENTED_EDGE ( 'NONE', *, *, #4046, .T. ) ;
#2266 = ORIENTED_EDGE ( 'NONE', *, *, #4043, .T. ) ;
#2267 = LINE ( 'NONE', #2287, #1318 ) ;
#2268 = CARTESIAN_POINT ( 'NONE',  ( 69.99999999999998579, 1080.000000000000000, -69.99999999999998579 ) ) ;
#2269 = DIRECTION ( 'NONE',  ( 0.0000000000000000000, 1.000000000000000000, 0.0000000000000000000 ) ) ;
#2270 = DIRECTION ( 'NONE',  ( 8.326672684688671588E-17, -1.000000000000000000, 1.222278229712028964E-17 ) ) ;
#2271 = CARTESIAN_POINT ( 'NONE',  ( 90.00000000000000000, 1055.000000000000227, 45.00000000000000000 ) ) ;
#2272 = CARTESIAN_POINT ( 'NONE',  ( 90.00000000000000000, 1015.000000000000114, -47.49999999999994316 ) ) ;
#2273 = EDGE_LOOP ( 'NONE', ( #3432, #1843, #694, #3272 ) ) ;
#2274 = FACE_OUTER_BOUND ( 'NONE', #2925, .T. ) ;
#2275 = ORIENTED_EDGE ( 'NONE', *, *, #963, .T. ) ;
#2276 = PRESENTATION_LAYER_ASSIGNMENT (  '', '', ( #4541 ) ) ;
#2277 = ORIENTED_EDGE ( 'NONE', *, *, #422, .F. ) ;
#2278 = CARTESIAN_POINT ( 'NONE',  ( -90.00000000000000000, 220.0000000000000284, -7.499999999999985789 ) ) ;
#2279 = ADVANCED_FACE ( 'NONE', ( #3725 ), #2939, .F. ) ;
#2280 = ADVANCED_FACE ( 'NONE', ( #3608 ), #924, .F. ) ;
#2281 = DIRECTION ( 'NONE',  ( -0.0000000000000000000, 1.000000000000000000, -0.0000000000000000000 ) ) ;
#2282 = DIRECTION ( 'NONE',  ( -1.000000000000000000, 7.401486830834376525E-17, 0.0000000000000000000 ) ) ;
#2283 = CARTESIAN_POINT ( 'NONE',  ( 67.99999999999998579, 20.00000000000000355, -68.00000000000000000 ) ) ;
#2284 = DIRECTION ( 'NONE',  ( 0.0000000000000000000, 0.0000000000000000000, -1.000000000000000000 ) ) ;
#2285 = DIRECTION ( 'NONE',  ( -0.0000000000000000000, 1.000000000000000000, -0.0000000000000000000 ) ) ;
#2286 = PRESENTATION_LAYER_ASSIGNMENT (  '', '', ( #1031 ) ) ;
#2287 = CARTESIAN_POINT ( 'NONE',  ( 70.00000000000000000, 1100.000000000000000, -98.50000000000000000 ) ) ;
#2288 = MECHANICAL_DESIGN_GEOMETRIC_PRESENTATION_REPRESENTATION (  '', ( #1620 ), #3745 ) ;
#2289 = DIRECTION ( 'NONE',  ( -0.0000000000000000000, 1.000000000000000000, -0.0000000000000000000 ) ) ;
#2290 = AXIS2_PLACEMENT_3D ( 'NONE', #668, #1755, #702 ) ;
#2291 = VERTEX_POINT ( 'NONE', #1914 ) ;
#2292 = ORIENTED_EDGE ( 'NONE', *, *, #955, .T. ) ;
#2293 = ORIENTED_EDGE ( 'NONE', *, *, #4571, .F. ) ;
#2294 = DIRECTION ( 'NONE',  ( 1.000000000000000000, -1.423415318369119772E-33, 4.386237095914525535E-66 ) ) ;
#2295 =( NAMED_UNIT ( * ) PLANE_ANGLE_UNIT ( ) SI_UNIT ( $, .RADIAN. ) );
#2296 = STYLED_ITEM ( 'NONE', ( #476 ), #312 ) ;
#2297 =( NAMED_UNIT ( * ) SI_UNIT ( $, .STERADIAN. ) SOLID_ANGLE_UNIT ( ) );
#2298 = ORIENTED_EDGE ( 'NONE', *, *, #2254, .F. ) ;
#2299 = ADVANCED_FACE ( 'NONE', ( #2032 ), #1597, .F. ) ;
#2300 = ORIENTED_EDGE ( 'NONE', *, *, #564, .T. ) ;
#2301 = CARTESIAN_POINT ( 'NONE',  ( -150.0000000000000284, 20.00000000000000000, -150.0000000000000000 ) ) ;
#2302 = DIRECTION ( 'NONE',  ( -1.000000000000000000, -0.0000000000000000000, -0.0000000000000000000 ) ) ;
#2303 = CIRCLE ( 'NONE', #2777, 7.500000000000007105 ) ;
#2304 = ORIENTED_EDGE ( 'NONE', *, *, #1064, .F. ) ;
#2305 = EDGE_CURVE ( 'NONE', #2701, #245, #1972, .T. ) ;
#2306 = CIRCLE ( 'NONE', #2121, 3.500000000000003109 ) ;
#2307 = CARTESIAN_POINT ( 'NONE',  ( -78.00000000000000000, 1080.000000000000000, 67.99999999999991473 ) ) ;
#2308 = CARTESIAN_POINT ( 'NONE',  ( 90.00000000000000000, 1080.000000000000000, -69.99999999999985789 ) ) ;
#2309 = CARTESIAN_POINT ( 'NONE',  ( 0.0000000000000000000, 1.387778780781445676E-14, -7.499999999999985789 ) ) ;
#2310 = ORIENTED_EDGE ( 'NONE', *, *, #1392, .F. ) ;
#2311 = CYLINDRICAL_SURFACE ( 'NONE', #3811, 62.50000000000000000 ) ;
#2312 =( LENGTH_UNIT ( ) NAMED_UNIT ( * ) SI_UNIT ( .MILLI., .METRE. ) );
#2313 = EDGE_CURVE ( 'NONE', #3953, #176, #4135, .T. ) ;
#2315 = EDGE_LOOP ( 'NONE', ( #633, #1176, #2728, #2665 ) ) ;
#2314 = DIRECTION ( 'NONE',  ( 0.7071067811865541231, 0.0000000000000000000, -0.7071067811865409114 ) ) ;
#2316 = DIRECTION ( 'NONE',  ( -0.0000000000000000000, 1.000000000000000000, -0.0000000000000000000 ) ) ;
#2317 = ORIENTED_EDGE ( 'NONE', *, *, #3877, .F. ) ;
#2318 = FACE_OUTER_BOUND ( 'NONE', #1897, .T. ) ;
#2319 = CIRCLE ( 'NONE', #1393, 2.499999999999946709 ) ;
#2320 = ORIENTED_EDGE ( 'NONE', *, *, #545, .T. ) ;
#2321 = ORIENTED_EDGE ( 'NONE', *, *, #740, .T. ) ;
#2322 = EDGE_CURVE ( 'NONE', #522, #275, #3836, .T. ) ;
#2323 = AXIS2_PLACEMENT_3D ( 'NONE', #719, #4311, #4667 ) ;
#2324 = FACE_OUTER_BOUND ( 'NONE', #1823, .T. ) ;
#2325 = DIRECTION ( 'NONE',  ( -0.7071067811865465735, 0.0000000000000000000, 0.7071067811865484609 ) ) ;
#2326 = FACE_OUTER_BOUND ( 'NONE', #1065, .T. ) ;
#2327 = CARTESIAN_POINT ( 'NONE',  ( -29.99999999999998579, 20.00000000000000000, 125.0000000000000284 ) ) ;
#2328 = ADVANCED_FACE ( 'NONE', ( #2878 ), #1628, .F. ) ;
#2329 = PRESENTATION_STYLE_ASSIGNMENT (( #18 ) ) ;
#2330 = ADVANCED_FACE ( 'NONE', ( #1254 ), #4477, .F. ) ;
#2331 = DIRECTION ( 'NONE',  ( -1.982541115402069301E-16, 5.830650755791958591E-35, -1.000000000000000000 ) ) ;
#2332 = ORIENTED_EDGE ( 'NONE', *, *, #3461, .F. ) ;
#2333 = VERTEX_POINT ( 'NONE', #2344 ) ;
#2334 = DIRECTION ( 'NONE',  ( 0.0000000000000000000, 1.000000000000000000, 0.0000000000000000000 ) ) ;
#2335 = PLANE ( 'NONE',  #1240 ) ;
#2336 = PLANE ( 'NONE',  #2637 ) ;
#2337 = CARTESIAN_POINT ( 'NONE',  ( 140.0000000000000000, 20.00000000000000000, 150.0000000000000000 ) ) ;
#2338 = EDGE_CURVE ( 'NONE', #1518, #148, #4069, .T. ) ;
#2339 = DIRECTION ( 'NONE',  ( 0.0000000000000000000, 0.0000000000000000000, -1.000000000000000000 ) ) ;
#2340 = CARTESIAN_POINT ( 'NONE',  ( -90.00000000000000000, 220.0000000000000284, 7.500000000000013323 ) ) ;
#2342 = CARTESIAN_POINT ( 'NONE',  ( 7.500000000000000000, 19.99999999999998934, 89.99999999999998579 ) ) ;
#2341 = VECTOR ( 'NONE', #3246, 1000.000000000000000 ) ;
#2343 = CARTESIAN_POINT ( 'NONE',  ( -68.00000000000000000, 20.00000000000000355, 68.00000000000000000 ) ) ;
#2344 = CARTESIAN_POINT ( 'NONE',  ( -7.500000000000005329, 220.0000000000000284, -109.9999999999999858 ) ) ;
#2345 = CARTESIAN_POINT ( 'NONE',  ( -90.00000000000000000, 1080.000000000000000, -69.99999999999982947 ) ) ;
#2346 = DIRECTION ( 'NONE',  ( 0.0000000000000000000, 0.0000000000000000000, -1.000000000000000000 ) ) ;
#2347 = ADVANCED_FACE ( 'NONE', ( #3720 ), #4018, .F. ) ;
#2348 = EDGE_CURVE ( 'NONE', #2833, #150, #4187, .T. ) ;
#2349 = AXIS2_PLACEMENT_3D ( 'NONE', #4604, #1323, #4595 ) ;
#2350 = SURFACE_SIDE_STYLE ('',( #2895 ) ) ;
#2351 = VECTOR ( 'NONE', #3533, 1000.000000000000000 ) ;
#2352 = ORIENTED_EDGE ( 'NONE', *, *, #2518, .T. ) ;
#2353 = FILL_AREA_STYLE_COLOUR ( '', #3167 ) ;
#2354 = ORIENTED_EDGE ( 'NONE', *, *, #2041, .F. ) ;
#2355 = DIRECTION ( 'NONE',  ( -0.0000000000000000000, 1.000000000000000000, -0.0000000000000000000 ) ) ;
#2357 = ORIENTED_EDGE ( 'NONE', *, *, #721, .F. ) ;
#2356 =( NAMED_UNIT ( * ) PLANE_ANGLE_UNIT ( ) SI_UNIT ( $, .RADIAN. ) );
#2358 = ORIENTED_EDGE ( 'NONE', *, *, #3461, .T. ) ;
#2359 = CARTESIAN_POINT ( 'NONE',  ( 115.0000000000000711, 1100.000000000000000, -124.9999999999999432 ) ) ;
#2360 = ORIENTED_EDGE ( 'NONE', *, *, #1891, .F. ) ;
#2361 = VERTEX_POINT ( 'NONE', #4585 ) ;
#2362 = CARTESIAN_POINT ( 'NONE',  ( -124.9999999999999716, 0.0000000000000000000, 30.00000000000000000 ) ) ;
#2363 = CARTESIAN_POINT ( 'NONE',  ( -142.5000000000000568, 0.0000000000000000000, -1.492608272355440021E-12 ) ) ;
#2364 = DIRECTION ( 'NONE',  ( 0.0000000000000000000, 0.0000000000000000000, 1.000000000000000000 ) ) ;
#2365 = ORIENTED_EDGE ( 'NONE', *, *, #3229, .F. ) ;
#2366 = CARTESIAN_POINT ( 'NONE',  ( 67.99999999999991473, 20.00000000000000355, -78.00000000000000000 ) ) ;
#2367 = LINE ( 'NONE', #4219, #1417 ) ;
#2368 = VECTOR ( 'NONE', #2801, 1000.000000000000000 ) ;
#2369 = EDGE_CURVE ( 'NONE', #4307, #3953, #2094, .T. ) ;
#2370 = ORIENTED_EDGE ( 'NONE', *, *, #1609, .F. ) ;
#2371 = FACE_BOUND ( 'NONE', #3412, .T. ) ;
#2372 = CIRCLE ( 'NONE', #1776, 3.000000000000002665 ) ;
#2373 = ORIENTED_EDGE ( 'NONE', *, *, #373, .F. ) ;
#2374 = ORIENTED_EDGE ( 'NONE', *, *, #974, .F. ) ;
#2375 = EDGE_LOOP ( 'NONE', ( #3931, #2587 ) ) ;
#2376 = FACE_OUTER_BOUND ( 'NONE', #1233, .T. ) ;
#2377 = FACE_OUTER_BOUND ( 'NONE', #60, .T. ) ;
#2378 = DIRECTION ( 'NONE',  ( -1.000000000000000000, -0.0000000000000000000, -0.0000000000000000000 ) ) ;
#2379 = EDGE_CURVE ( 'NONE', #3258, #2814, #3327, .T. ) ;
#2380 = CARTESIAN_POINT ( 'NONE',  ( 150.0000000000000568, 20.00000000000000000, -7.499999999999475975 ) ) ;
#2381 = DIRECTION ( 'NONE',  ( -0.0000000000000000000, 1.000000000000000000, -0.0000000000000000000 ) ) ;
#2382 = CIRCLE ( 'NONE', #2879, 7.499999999999992895 ) ;
#2383 = DIRECTION ( 'NONE',  ( -0.0000000000000000000, -1.000000000000000000, -0.0000000000000000000 ) ) ;
#2384 = ORIENTED_EDGE ( 'NONE', *, *, #1699, .F. ) ;
#2385 = ORIENTED_EDGE ( 'NONE', *, *, #1127, .F. ) ;
#2386 = FACE_BOUND ( 'NONE', #3465, .T. ) ;
#2387 = CARTESIAN_POINT ( 'NONE',  ( 90.00000000000000000, 1055.000000000000227, -47.49999999999994316 ) ) ;
#2388 = VECTOR ( 'NONE', #3078, 1000.000000000000000 ) ;
#2389 = DIRECTION ( 'NONE',  ( -7.401486830834376525E-17, -1.000000000000000000, -0.0000000000000000000 ) ) ;
#2390 = VERTEX_POINT ( 'NONE', #3867 ) ;
#2391 = CIRCLE ( 'NONE', #4369, 2.499999999999946709 ) ;
#2392 = EDGE_LOOP ( 'NONE', ( #997, #3250 ) ) ;
#2393 = DIRECTION ( 'NONE',  ( -7.401486830834376525E-17, -1.000000000000000000, -0.0000000000000000000 ) ) ;
#2394 = AXIS2_PLACEMENT_3D ( 'NONE', #1603, #4125, #926 ) ;
#2395 = ORIENTED_EDGE ( 'NONE', *, *, #4280, .T. ) ;
#2396 = VECTOR ( 'NONE', #4461, 1000.000000000000000 ) ;
#2397 = AXIS2_PLACEMENT_3D ( 'NONE', #4153, #508, #138 ) ;
#2398 = CARTESIAN_POINT ( 'NONE',  ( -67.99999999999991473, 1080.000000000000000, -77.99999999999998579 ) ) ;
#2399 = DIRECTION ( 'NONE',  ( 0.7071067811865474617, -0.0000000000000000000, -0.7071067811865474617 ) ) ;
#2400 = PLANE ( 'NONE',  #268 ) ;
#2401 = FACE_OUTER_BOUND ( 'NONE', #859, .T. ) ;
#2402 = DIRECTION ( 'NONE',  ( -0.0000000000000000000, 1.000000000000000000, -0.0000000000000000000 ) ) ;
#2403 = EDGE_CURVE ( 'NONE', #459, #4122, #3047, .T. ) ;
#2404 = DIRECTION ( 'NONE',  ( 0.7071067811865484609, -0.0000000000000000000, 0.7071067811865465735 ) ) ;
#2405 = CARTESIAN_POINT ( 'NONE',  ( -7.500000000001047162, 20.00000000000000000, 149.9999999999999716 ) ) ;
#2406 = CARTESIAN_POINT ( 'NONE',  ( -7.500000000000009770, 20.00000000000001776, -139.9999999999999716 ) ) ;
#2407 = DIRECTION ( 'NONE',  ( 0.7071067811865480168, 0.0000000000000000000, -0.7071067811865470176 ) ) ;
#2408 = EDGE_CURVE ( 'NONE', #3347, #50, #1759, .T. ) ;
#2409 = ADVANCED_FACE ( 'NONE', ( #3553 ), #4539, .F. ) ;
#2410 = CARTESIAN_POINT ( 'NONE',  ( -62.50000000000002842, 1080.000000000000000, 7.654042494670957804E-15 ) ) ;
#2411 = ORIENTED_EDGE ( 'NONE', *, *, #3693, .F. ) ;
#2412 = ORIENTED_EDGE ( 'NONE', *, *, #2527, .T. ) ;
#2413 = EDGE_CURVE ( 'NONE', #640, #3513, #795, .T. ) ;
#2414 = AXIS2_PLACEMENT_3D ( 'NONE', #3872, #4210, #3170 ) ;
#2415 = CARTESIAN_POINT ( 'NONE',  ( 125.0000000000000568, 1100.000000000000000, 115.0000000000000142 ) ) ;
#2416 = SURFACE_STYLE_USAGE ( .BOTH. , #265 ) ;
#2417 = CARTESIAN_POINT ( 'NONE',  ( 90.00000000000000000, 1100.000000000000000, -90.00000000000000000 ) ) ;
#2418 = AXIS2_PLACEMENT_3D ( 'NONE', #4630, #313, #3893 ) ;
#2419 = ORIENTED_EDGE ( 'NONE', *, *, #1893, .T. ) ;
#2420 = EDGE_LOOP ( 'NONE', ( #4243, #1792, #951, #2936 ) ) ;
#2421 = DIRECTION ( 'NONE',  ( 1.982541115402068808E-16, 1.181499347331012926E-35, 1.000000000000000000 ) ) ;
#2422 = CYLINDRICAL_SURFACE ( 'NONE', #43, 2.499999999999946709 ) ;
#2423 = VERTEX_POINT ( 'NONE', #637 ) ;
#2424 = VECTOR ( 'NONE', #2694, 1000.000000000000000 ) ;
#2425 = PLANE ( 'NONE',  #2569 ) ;
#2426 = ORIENTED_EDGE ( 'NONE', *, *, #1692, .F. ) ;
#2427 = CARTESIAN_POINT ( 'NONE',  ( 125.0000000000000568, 1100.000000000000000, -114.9999999999999858 ) ) ;
#2428 = VERTEX_POINT ( 'NONE', #3133 ) ;
#2429 = FACE_BOUND ( 'NONE', #2540, .T. ) ;
#2430 = CIRCLE ( 'NONE', #2418, 5.099999999999993427 ) ;
#2431 = CARTESIAN_POINT ( 'NONE',  ( -124.9999999999999716, 20.00000000000000000, 26.59999999999999787 ) ) ;
#2432 = VERTEX_POINT ( 'NONE', #590 ) ;
#2433 = VERTEX_POINT ( 'NONE', #947 ) ;
#2434 = DIRECTION ( 'NONE',  ( 0.0000000000000000000, 0.0000000000000000000, 1.000000000000000000 ) ) ;
#2435 = FACE_OUTER_BOUND ( 'NONE', #2027, .T. ) ;
#2436 =( NAMED_UNIT ( * ) SI_UNIT ( $, .STERADIAN. ) SOLID_ANGLE_UNIT ( ) );
#2437 = LINE ( 'NONE', #2415, #4464 ) ;
#2438 = FACE_BOUND ( 'NONE', #2500, .T. ) ;
#2439 = SURFACE_SIDE_STYLE ('',( #4325 ) ) ;
#2440 = ADVANCED_FACE ( 'NONE', ( #788 ), #2873, .F. ) ;
#2441 = EDGE_CURVE ( 'NONE', #3427, #2974, #1701, .T. ) ;
#2442 = ORIENTED_EDGE ( 'NONE', *, *, #4532, .T. ) ;
#2443 = ORIENTED_EDGE ( 'NONE', *, *, #553, .T. ) ;
#2444 = CARTESIAN_POINT ( 'NONE',  ( 149.9999999999999716, 0.0000000000000000000, 7.500000000000436984 ) ) ;
#2445 = ORIENTED_EDGE ( 'NONE', *, *, #414, .T. ) ;
#2446 = CARTESIAN_POINT ( 'NONE',  ( 149.9999999999999716, 0.0000000000000000000, -139.9999999999999716 ) ) ;
#2447 = VECTOR ( 'NONE', #1551, 1000.000000000000000 ) ;
#2448 = FACE_OUTER_BOUND ( 'NONE', #1342, .T. ) ;
#2449 = CARTESIAN_POINT ( 'NONE',  ( 124.9999999999999716, 20.00000000000000000, 117.5000000000000000 ) ) ;
#2450 = FACE_BOUND ( 'NONE', #1586, .T. ) ;
#2451 = PRESENTATION_LAYER_ASSIGNMENT (  '', '', ( #1482 ) ) ;
#2452 = DIRECTION ( 'NONE',  ( -0.0000000000000000000, 1.000000000000000000, -0.0000000000000000000 ) ) ;
#2453 =( GEOMETRIC_REPRESENTATION_CONTEXT ( 3 ) GLOBAL_UNCERTAINTY_ASSIGNED_CONTEXT ( ( #4629 ) ) GLOBAL_UNIT_ASSIGNED_CONTEXT ( ( #1909, #1167, #831 ) ) REPRESENTATION_CONTEXT ( 'NONE', 'WORKASPACE' ) );
#2454 = PRESENTATION_STYLE_ASSIGNMENT (( #423 ) ) ;
#2455 = VERTEX_POINT ( 'NONE', #4547 ) ;
#2456 = DIRECTION ( 'NONE',  ( -3.061276722312015942E-16, 0.0000000000000000000, -1.000000000000000000 ) ) ;
#2457 = ORIENTED_EDGE ( 'NONE', *, *, #149, .T. ) ;
#2458 = CARTESIAN_POINT ( 'NONE',  ( 125.0000000000000568, 1080.000000000000000, 115.0000000000000142 ) ) ;
#2459 = PLANE ( 'NONE',  #2140 ) ;
#2460 = DIRECTION ( 'NONE',  ( -1.000000000000000000, 0.0000000000000000000, -0.0000000000000000000 ) ) ;
#2461 = DIRECTION ( 'NONE',  ( 1.000000000000000000, -0.0000000000000000000, -0.0000000000000000000 ) ) ;
#2462 = ORIENTED_EDGE ( 'NONE', *, *, #4484, .T. ) ;
#2463 = CARTESIAN_POINT ( 'NONE',  ( 7.500000000000000000, 220.0000000000000284, 89.99999999999998579 ) ) ;
#2464 = CARTESIAN_POINT ( 'NONE',  ( 124.9999999999999716, 20.00000000000000000, 25.50000000000000711 ) ) ;
#2465 = PRODUCT_DEFINITION_CONTEXT ( 'detailed design', #3667, 'design' ) ;
#2466 = AXIS2_PLACEMENT_3D ( 'NONE', #1920, #2285, #496 ) ;
#2467 = CIRCLE ( 'NONE', #2658, 19.99999999999998934 ) ;
#2468 = CARTESIAN_POINT ( 'NONE',  ( 7.500000000000000000, 0.0000000000000000000, -150.0000000000000284 ) ) ;
#2469 = DIRECTION ( 'NONE',  ( 0.7071067811865484609, -0.0000000000000000000, -0.7071067811865465735 ) ) ;
#2470 = DIRECTION ( 'NONE',  ( 1.932701039895095811E-34, 1.000000000000000000, 1.540743955509788340E-33 ) ) ;
#2471 = CARTESIAN_POINT ( 'NONE',  ( -29.99999999999998579, 20.00000000000000000, 120.5000000000000284 ) ) ;
#2472 = SURFACE_SIDE_STYLE ('',( #3420 ) ) ;
#2473 = UNCERTAINTY_MEASURE_WITH_UNIT (LENGTH_MEASURE( 1.000000000000000082E-05 ), #3855, 'distance_accuracy_value', 'NONE');
#2474 = AXIS2_PLACEMENT_3D ( 'NONE', #2174, #1084, #761 ) ;
#2475 = DIRECTION ( 'NONE',  ( -0.0000000000000000000, 1.000000000000000000, -0.0000000000000000000 ) ) ;
#2476 = VECTOR ( 'NONE', #671, 1000.000000000000000 ) ;
#2477 = ORIENTED_EDGE ( 'NONE', *, *, #263, .T. ) ;
#2478 = EDGE_CURVE ( 'NONE', #2752, #3965, #1851, .T. ) ;
#2479 = ORIENTED_EDGE ( 'NONE', *, *, #308, .T. ) ;
#2480 = CARTESIAN_POINT ( 'NONE',  ( 30.00000000000001421, 20.00000000000000000, 125.0000000000000000 ) ) ;
#2481 = EDGE_LOOP ( 'NONE', ( #375, #3840, #4405, #196 ) ) ;
#2482 = VERTEX_POINT ( 'NONE', #271 ) ;
#2483 = CARTESIAN_POINT ( 'NONE',  ( -110.0000000000000000, 220.0000000000000284, -7.499999999999985789 ) ) ;
#2484 = EDGE_CURVE ( 'NONE', #953, #1382, #2022, .T. ) ;
#2485 = EDGE_LOOP ( 'NONE', ( #1316, #952, #2502, #2532 ) ) ;
#2486 = DIRECTION ( 'NONE',  ( 0.0000000000000000000, 0.0000000000000000000, 1.000000000000000000 ) ) ;
#2487 = EDGE_LOOP ( 'NONE', ( #4558, #1239, #612, #2190 ) ) ;
#2488 = DIRECTION ( 'NONE',  ( 0.0000000000000000000, 0.0000000000000000000, 1.000000000000000000 ) ) ;
#2489 = AXIS2_PLACEMENT_3D ( 'NONE', #2683, #2325, #178 ) ;
#2490 = ADVANCED_FACE ( 'NONE', ( #1958 ), #4212, .F. ) ;
#2491 = ORIENTED_EDGE ( 'NONE', *, *, #3207, .F. ) ;
#2492 = CARTESIAN_POINT ( 'NONE',  ( -150.0000000000000284, 20.00000000000000000, -139.9999999999999716 ) ) ;
#2493 = CARTESIAN_POINT ( 'NONE',  ( 115.0000000000000711, 1080.000000000000000, 125.0000000000000000 ) ) ;
#2494 = FACE_OUTER_BOUND ( 'NONE', #563, .T. ) ;
#2495 = PRESENTATION_LAYER_ASSIGNMENT (  '', '', ( #1053 ) ) ;
#2496 = VECTOR ( 'NONE', #1742, 1000.000000000000000 ) ;
#2497 = EDGE_LOOP ( 'NONE', ( #3196, #2990, #2245, #515 ) ) ;
#2498 = LINE ( 'NONE', #2308, #4134 ) ;
#2499 = DIRECTION ( 'NONE',  ( 0.0000000000000000000, 0.0000000000000000000, 1.000000000000000000 ) ) ;
#2500 = EDGE_LOOP ( 'NONE', ( #804, #3646 ) ) ;
#2501 = CARTESIAN_POINT ( 'NONE',  ( -150.0000000000000284, 0.0000000000000000000, -150.0000000000000000 ) ) ;
#2502 = ORIENTED_EDGE ( 'NONE', *, *, #2617, .F. ) ;
#2503 = FACE_OUTER_BOUND ( 'NONE', #339, .T. ) ;
#2504 = VECTOR ( 'NONE', #2469, 1000.000000000000000 ) ;
#2505 = CARTESIAN_POINT ( 'NONE',  ( 0.0000000000000000000, 20.00000000000000000, 0.0000000000000000000 ) ) ;
#2506 =( LENGTH_UNIT ( ) NAMED_UNIT ( * ) SI_UNIT ( .MILLI., .METRE. ) );
#2507 = CARTESIAN_POINT ( 'NONE',  ( 0.0000000000000000000, 1080.000000000000000, 0.0000000000000000000 ) ) ;
#2508 = VECTOR ( 'NONE', #4263, 1000.000000000000000 ) ;
#2510 = VERTEX_POINT ( 'NONE', #3153 ) ;
#2509 = DIRECTION ( 'NONE',  ( -0.7071067811865490160, -0.0000000000000000000, 0.7071067811865460184 ) ) ;
#2511 = VECTOR ( 'NONE', #1805, 1000.000000000000000 ) ;
#2512 = ORIENTED_EDGE ( 'NONE', *, *, #3736, .T. ) ;
#2513 = EDGE_CURVE ( 'NONE', #4426, #1175, #1024, .T. ) ;
#2514 = ORIENTED_EDGE ( 'NONE', *, *, #943, .T. ) ;
#2515 = ORIENTED_EDGE ( 'NONE', *, *, #1354, .T. ) ;
#2516 = SURFACE_SIDE_STYLE ('',( #4232 ) ) ;
#2517 = ADVANCED_FACE ( 'NONE', ( #1356 ), #907, .F. ) ;
#2518 = EDGE_CURVE ( 'NONE', #882, #429, #234, .T. ) ;
#2519 = DIRECTION ( 'NONE',  ( -0.0000000000000000000, 1.000000000000000000, -0.0000000000000000000 ) ) ;
#2520 = EDGE_LOOP ( 'NONE', ( #4221, #201, #2169, #3422 ) ) ;
#2521 = CARTESIAN_POINT ( 'NONE',  ( -90.00000000000000000, 1080.000000000000000, 90.00000000000000000 ) ) ;
#2522 =( LENGTH_UNIT ( ) NAMED_UNIT ( * ) SI_UNIT ( .MILLI., .METRE. ) );
#2523 = DIRECTION ( 'NONE',  ( 0.0000000000000000000, 0.0000000000000000000, 1.000000000000000000 ) ) ;
#2524 = LINE ( 'NONE', #3623, #4048 ) ;
#2525 = UNCERTAINTY_MEASURE_WITH_UNIT (LENGTH_MEASURE( 1.000000000000000082E-05 ), #624, 'distance_accuracy_value', 'NONE');
#2526 = DIRECTION ( 'NONE',  ( 0.0000000000000000000, 0.0000000000000000000, -1.000000000000000000 ) ) ;
#2527 = EDGE_CURVE ( 'NONE', #3349, #2862, #59, .T. ) ;
#2528 = ORIENTED_EDGE ( 'NONE', *, *, #95, .F. ) ;
#2529 = CARTESIAN_POINT ( 'NONE',  ( -69.99999999999985789, 1080.000000000000000, -89.99999999999997158 ) ) ;
#2530 = LINE ( 'NONE', #3649, #3882 ) ;
#2531 = ORIENTED_EDGE ( 'NONE', *, *, #3693, .T. ) ;
#2532 = ORIENTED_EDGE ( 'NONE', *, *, #4078, .T. ) ;
#2533 =( GEOMETRIC_REPRESENTATION_CONTEXT ( 3 ) GLOBAL_UNCERTAINTY_ASSIGNED_CONTEXT ( ( #3638 ) ) GLOBAL_UNIT_ASSIGNED_CONTEXT ( ( #3181, #4312, #3193 ) ) REPRESENTATION_CONTEXT ( 'NONE', 'WORKASPACE' ) );
#2534 = LINE ( 'NONE', #4419, #1353 ) ;
#2535 = CARTESIAN_POINT ( 'NONE',  ( 7.499999999999986677, 70.00000000000001421, -139.9999999999999716 ) ) ;
#2537 = ORIENTED_EDGE ( 'NONE', *, *, #327, .F. ) ;
#2536 = CARTESIAN_POINT ( 'NONE',  ( 30.00000000000001421, 20.00000000000000000, 125.0000000000000000 ) ) ;
#2538 = CARTESIAN_POINT ( 'NONE',  ( -9.948639134726988686E-13, 0.0000000000000000000, 142.5000000000000568 ) ) ;
#2539 = VECTOR ( 'NONE', #2475, 1000.000000000000000 ) ;
#2540 = EDGE_LOOP ( 'NONE', ( #244, #2603 ) ) ;
#2541 = LINE ( 'NONE', #2855, #1580 ) ;
#2542 = DIRECTION ( 'NONE',  ( 0.0000000000000000000, 0.0000000000000000000, -1.000000000000000000 ) ) ;
#2543 = FACE_BOUND ( 'NONE', #775, .T. ) ;
#2544 = ORIENTED_EDGE ( 'NONE', *, *, #2173, .T. ) ;
#2545 = ORIENTED_EDGE ( 'NONE', *, *, #3123, .F. ) ;
#2546 = FACE_OUTER_BOUND ( 'NONE', #536, .T. ) ;
#2547 = VECTOR ( 'NONE', #2082, 1000.000000000000000 ) ;
#2548 = ORIENTED_EDGE ( 'NONE', *, *, #3005, .T. ) ;
#2549 = ORIENTED_EDGE ( 'NONE', *, *, #4343, .F. ) ;
#2550 = FACE_OUTER_BOUND ( 'NONE', #1198, .T. ) ;
#2551 = CARTESIAN_POINT ( 'NONE',  ( -150.0000000000000284, 0.0000000000000000000, -139.9999999999999716 ) ) ;
#2552 = ORIENTED_EDGE ( 'NONE', *, *, #3870, .F. ) ;
#2553 = FACE_OUTER_BOUND ( 'NONE', #473, .T. ) ;
#2554 = LINE ( 'NONE', #2688, #1433 ) ;
#2555 = EDGE_CURVE ( 'NONE', #667, #40, #2816, .T. ) ;
#2556 = CIRCLE ( 'NONE', #3935, 3.400000000000014122 ) ;
#2557 = AXIS2_PLACEMENT_3D ( 'NONE', #2160, #680, #1778 ) ;
#2558 = ORIENTED_EDGE ( 'NONE', *, *, #2098, .T. ) ;
#2559 = CARTESIAN_POINT ( 'NONE',  ( 0.0000000000000000000, -0.001000000000001000089, 0.0000000000000000000 ) ) ;
#2560 =( GEOMETRIC_REPRESENTATION_CONTEXT ( 3 ) GLOBAL_UNCERTAINTY_ASSIGNED_CONTEXT ( ( #3145 ) ) GLOBAL_UNIT_ASSIGNED_CONTEXT ( ( #1066, #3937, #1448 ) ) REPRESENTATION_CONTEXT ( 'NONE', 'WORKASPACE' ) );
#2561 = PLANE ( 'NONE',  #3618 ) ;
#2562 = CARTESIAN_POINT ( 'NONE',  ( 140.0000000000000000, 70.00000000000001421, -7.500000000000013323 ) ) ;
#2563 = VECTOR ( 'NONE', #2389, 1000.000000000000000 ) ;
#2564 = ORIENTED_EDGE ( 'NONE', *, *, #4455, .F. ) ;
#2565 = ORIENTED_EDGE ( 'NONE', *, *, #4649, .T. ) ;
#2566 = VERTEX_POINT ( 'NONE', #3890 ) ;
#2567 = DIRECTION ( 'NONE',  ( 0.7071067811865455743, -0.0000000000000000000, 0.7071067811865493491 ) ) ;
#2568 = CIRCLE ( 'NONE', #2081, 2.499999999999946709 ) ;
#2569 = AXIS2_PLACEMENT_3D ( 'NONE', #273, #1358, #2063 ) ;
#2570 = LINE ( 'NONE', #3304, #1059 ) ;
#2571 = AXIS2_PLACEMENT_3D ( 'NONE', #1688, #3856, #2017 ) ;
#2572 = DIRECTION ( 'NONE',  ( 0.0000000000000000000, 0.0000000000000000000, -1.000000000000000000 ) ) ;
#2573 = CARTESIAN_POINT ( 'NONE',  ( -124.9999999999999716, 20.00000000000000000, 30.00000000000000000 ) ) ;
#2574 = PLANE ( 'NONE',  #4283 ) ;
#2575 = DIRECTION ( 'NONE',  ( -0.0000000000000000000, 1.000000000000000000, -0.0000000000000000000 ) ) ;
#2576 = CARTESIAN_POINT ( 'NONE',  ( 90.00000000000000000, 1100.000000000000000, 95.09999999999999432 ) ) ;
#2577 = EDGE_LOOP ( 'NONE', ( #3889, #1137, #577, #1401 ) ) ;
#2578 = DIRECTION ( 'NONE',  ( 0.7071067811865474617, -0.0000000000000000000, -0.7071067811865474617 ) ) ;
#2579 = CIRCLE ( 'NONE', #1509, 4.500000000000003553 ) ;
#2580 = VERTEX_POINT ( 'NONE', #2449 ) ;
#2581 = ORIENTED_EDGE ( 'NONE', *, *, #4, .T. ) ;
#2582 = DIRECTION ( 'NONE',  ( -0.7071067811865536790, 0.0000000000000000000, 0.7071067811865414665 ) ) ;
#2583 = AXIS2_PLACEMENT_3D ( 'NONE', #2505, #3542, #2486 ) ;
#2584 = DIRECTION ( 'NONE',  ( -0.0000000000000000000, 1.000000000000000000, -0.0000000000000000000 ) ) ;
#2585 = VECTOR ( 'NONE', #1889, 1000.000000000000000 ) ;
#2586 = ADVANCED_FACE ( 'NONE', ( #735 ), #1055, .F. ) ;
#2587 = ORIENTED_EDGE ( 'NONE', *, *, #2513, .F. ) ;
#2588 = VECTOR ( 'NONE', #1050, 1000.000000000000000 ) ;
#2589 = EDGE_CURVE ( 'NONE', #1761, #4521, #4451, .T. ) ;
#2590 = ORIENTED_EDGE ( 'NONE', *, *, #2743, .F. ) ;
#2591 = AXIS2_PLACEMENT_3D ( 'NONE', #1336, #3526, #2786 ) ;
#2592 = DIRECTION ( 'NONE',  ( -0.7071067811865489050, 0.0000000000000000000, -0.7071067811865461294 ) ) ;
#2593 = FACE_OUTER_BOUND ( 'NONE', #4648, .T. ) ;
#2594 = CARTESIAN_POINT ( 'NONE',  ( 0.0000000000000000000, 20.00000000000000000, 75.00000000000001421 ) ) ;
#2595 = ORIENTED_EDGE ( 'NONE', *, *, #3760, .T. ) ;
#2596 = CYLINDRICAL_SURFACE ( 'NONE', #1241, 2.499999999999946709 ) ;
#2597 = VECTOR ( 'NONE', #2024, 1000.000000000000000 ) ;
#2598 = VECTOR ( 'NONE', #1295, 1000.000000000000000 ) ;
#2599 = PRODUCT_DEFINITION_FORMATION_WITH_SPECIFIED_SOURCE ( 'ANY', '', #2792, .NOT_KNOWN. ) ;
#2600 = VERTEX_POINT ( 'NONE', #4607 ) ;
#2601 =( LENGTH_UNIT ( ) NAMED_UNIT ( * ) SI_UNIT ( .MILLI., .METRE. ) );
#2603 = ORIENTED_EDGE ( 'NONE', *, *, #849, .T. ) ;
#2602 = CARTESIAN_POINT ( 'NONE',  ( 149.9999999999999716, 0.0000000000000000000, -150.0000000000000000 ) ) ;
#2604 = DIRECTION ( 'NONE',  ( 1.000000000000000000, -0.0000000000000000000, -0.0000000000000000000 ) ) ;
#2605 = ORIENTED_EDGE ( 'NONE', *, *, #537, .F. ) ;
#2606 = CIRCLE ( 'NONE', #1538, 4.499999999999990230 ) ;
#2607 = CYLINDRICAL_SURFACE ( 'NONE', #1913, 7.500000000000007105 ) ;
#2608 = DIRECTION ( 'NONE',  ( 0.0000000000000000000, 0.0000000000000000000, 1.000000000000000000 ) ) ;
#2609 = ORIENTED_EDGE ( 'NONE', *, *, #717, .T. ) ;
#2610 = CARTESIAN_POINT ( 'NONE',  ( 9.184850993605150311E-15, 20.00000000000000000, -75.00000000000001421 ) ) ;
#2611 = LINE ( 'NONE', #1188, #3676 ) ;
#2612 = DIRECTION ( 'NONE',  ( 3.888083013051982973E-17, -0.9805806756909201116, 0.1961161351381840168 ) ) ;
#2613 = EDGE_LOOP ( 'NONE', ( #816, #3822, #3088, #4271 ) ) ;
#2614 = FILL_AREA_STYLE_COLOUR ( '', #695 ) ;
#2615 = CARTESIAN_POINT ( 'NONE',  ( 0.0000000000000000000, 0.0000000000000000000, 0.0000000000000000000 ) ) ;
#2616 = ORIENTED_EDGE ( 'NONE', *, *, #2322, .F. ) ;
#2617 = EDGE_CURVE ( 'NONE', #2390, #4354, #4615, .T. ) ;
#2618 = CARTESIAN_POINT ( 'NONE',  ( -70.00000000000000000, 1100.000000000000000, 95.00000000000000000 ) ) ;
#2619 = FILL_AREA_STYLE_COLOUR ( '', #4452 ) ;
#2620 = AXIS2_PLACEMENT_3D ( 'NONE', #992, #1339, #2133 ) ;
#2621 = ORIENTED_EDGE ( 'NONE', *, *, #3885, .T. ) ;
#2622 = CARTESIAN_POINT ( 'NONE',  ( -90.00000000000000000, 1100.000000000000000, 95.09999999999999432 ) ) ;
#2623 = EDGE_CURVE ( 'NONE', #1534, #3253, #3090, .T. ) ;
#2624 = DIRECTION ( 'NONE',  ( 0.0000000000000000000, 0.0000000000000000000, 1.000000000000000000 ) ) ;
#2625 = CARTESIAN_POINT ( 'NONE',  ( 77.99999999999998579, 1055.000000000000227, -47.49999999999994316 ) ) ;
#2626 = AXIS2_PLACEMENT_3D ( 'NONE', #661, #1048, #3586 ) ;
#2627 = FILL_AREA_STYLE ('',( #2619 ) ) ;
#2628 = SURFACE_STYLE_USAGE ( .BOTH. , #2648 ) ;
#2629 =( NAMED_UNIT ( * ) SI_UNIT ( $, .STERADIAN. ) SOLID_ANGLE_UNIT ( ) );
#2630 = AXIS2_PLACEMENT_3D ( 'NONE', #3262, #3292, #3999 ) ;
#2631 = DIRECTION ( 'NONE',  ( -0.0000000000000000000, 1.000000000000000000, -0.0000000000000000000 ) ) ;
#2632 = STYLED_ITEM ( 'NONE', ( #286 ), #2633 ) ;
#2633 = ADVANCED_FACE ( 'NONE', ( #4508 ), #177, .F. ) ;
#2634 = DIRECTION ( 'NONE',  ( 1.000000000000000000, -0.0000000000000000000, -0.0000000000000000000 ) ) ;
#2635 = AXIS2_PLACEMENT_3D ( 'NONE', #2703, #1658, #3816 ) ;
#2636 = VERTEX_POINT ( 'NONE', #2861 ) ;
#2637 = AXIS2_PLACEMENT_3D ( 'NONE', #1617, #1297, #908 ) ;
#2638 = EDGE_CURVE ( 'NONE', #968, #798, #3265, .T. ) ;
#2639 = AXIS2_PLACEMENT_3D ( 'NONE', #1060, #1769, #2231 ) ;
#2640 = DIRECTION ( 'NONE',  ( -1.000000000000000000, 1.423415318369119772E-33, 0.0000000000000000000 ) ) ;
#2641 = FACE_OUTER_BOUND ( 'NONE', #2250, .T. ) ;
#2642 = ORIENTED_EDGE ( 'NONE', *, *, #2129, .F. ) ;
#2643 =( LENGTH_UNIT ( ) NAMED_UNIT ( * ) SI_UNIT ( .MILLI., .METRE. ) );
#2644 = AXIS2_PLACEMENT_3D ( 'NONE', #606, #1282, #3113 ) ;
#2645 = CARTESIAN_POINT ( 'NONE',  ( -140.0000000000000000, 20.00000000000001776, 7.500000000000013323 ) ) ;
#2646 = EDGE_CURVE ( 'NONE', #462, #1788, #2306, .T. ) ;
#2647 = ORIENTED_EDGE ( 'NONE', *, *, #1446, .T. ) ;
#2648 = SURFACE_SIDE_STYLE ('',( #4202 ) ) ;
#2649 = FILL_AREA_STYLE ('',( #3036 ) ) ;
#2650 = SURFACE_STYLE_FILL_AREA ( #1357 ) ;
#2651 = DIRECTION ( 'NONE',  ( -1.850371707708594316E-16, -0.0000000000000000000, -1.000000000000000000 ) ) ;
#2652 = ORIENTED_EDGE ( 'NONE', *, *, #253, .F. ) ;
#2653 = ORIENTED_EDGE ( 'NONE', *, *, #3216, .T. ) ;
#2654 = CARTESIAN_POINT ( 'NONE',  ( 115.0000000000000711, 1100.000000000000000, -124.9999999999999432 ) ) ;
#2655 = FACE_OUTER_BOUND ( 'NONE', #1881, .T. ) ;
#2656 = CARTESIAN_POINT ( 'NONE',  ( 90.00000000000000000, 19.99999999999998934, -7.500000000000013323 ) ) ;
#2657 = EDGE_CURVE ( 'NONE', #2814, #2751, #1797, .T. ) ;
#2658 = AXIS2_PLACEMENT_3D ( 'NONE', #36, #3948, #1106 ) ;
#2659 = VERTEX_POINT ( 'NONE', #3874 ) ;
#2660 = CARTESIAN_POINT ( 'NONE',  ( -124.9999999999999716, 20.00000000000000000, -125.0000000000000000 ) ) ;
#2661 = FACE_OUTER_BOUND ( 'NONE', #759, .T. ) ;
#2662 = DIRECTION ( 'NONE',  ( -0.0000000000000000000, 1.000000000000000000, -0.0000000000000000000 ) ) ;
#2663 = ADVANCED_FACE ( 'NONE', ( #7 ), #677, .F. ) ;
#2664 = FILL_AREA_STYLE ('',( #113 ) ) ;
#2665 = ORIENTED_EDGE ( 'NONE', *, *, #1625, .T. ) ;
#2666 = ORIENTED_EDGE ( 'NONE', *, *, #2348, .F. ) ;
#2667 = SURFACE_STYLE_FILL_AREA ( #3163 ) ;
#2668 = ORIENTED_EDGE ( 'NONE', *, *, #1177, .T. ) ;
#2669 = VECTOR ( 'NONE', #3070, 1000.000000000000000 ) ;
#2670 = DIRECTION ( 'NONE',  ( -0.0000000000000000000, 1.000000000000000000, -0.0000000000000000000 ) ) ;
#2671 = CARTESIAN_POINT ( 'NONE',  ( 78.00000000000000000, 1080.000000000000000, 67.99999999999990052 ) ) ;
#2672 = CIRCLE ( 'NONE', #925, 2.499999999999946709 ) ;
#2673 = DIRECTION ( 'NONE',  ( 1.850371707708594316E-16, 0.0000000000000000000, 1.000000000000000000 ) ) ;
#2674 = VECTOR ( 'NONE', #4658, 1000.000000000000000 ) ;
#2675 = ORIENTED_EDGE ( 'NONE', *, *, #3671, .F. ) ;
#2676 = DIRECTION ( 'NONE',  ( -0.0000000000000000000, -1.000000000000000000, -0.0000000000000000000 ) ) ;
#2677 = EDGE_CURVE ( 'NONE', #616, #1994, #2083, .T. ) ;
#2678 = SURFACE_STYLE_FILL_AREA ( #4073 ) ;
#2679 = DIRECTION ( 'NONE',  ( 0.0000000000000000000, 0.0000000000000000000, -1.000000000000000000 ) ) ;
#2680 = VERTEX_POINT ( 'NONE', #2551 ) ;
#2681 = AXIS2_PLACEMENT_3D ( 'NONE', #1319, #3787, #3828 ) ;
#2682 = ORIENTED_EDGE ( 'NONE', *, *, #2204, .T. ) ;
#2683 = CARTESIAN_POINT ( 'NONE',  ( 0.0000000000000000000, -0.001000000000001000089, -142.5000000000000568 ) ) ;
#2684 = CARTESIAN_POINT ( 'NONE',  ( -90.00000000000000000, 20.00000000000001776, 7.500000000000013323 ) ) ;
#2685 = EDGE_CURVE ( 'NONE', #2636, #4432, #3401, .T. ) ;
#2686 = DIRECTION ( 'NONE',  ( -0.0000000000000000000, 1.000000000000000000, -0.0000000000000000000 ) ) ;
#2687 = DIRECTION ( 'NONE',  ( 0.0000000000000000000, 1.000000000000000000, 0.0000000000000000000 ) ) ;
#2688 = CARTESIAN_POINT ( 'NONE',  ( -67.99999999999991473, 1080.000000000000000, 78.00000000000000000 ) ) ;
#2689 = ADVANCED_FACE ( 'NONE', ( #3489 ), #3797, .F. ) ;
#2690 = ADVANCED_FACE ( 'NONE', ( #698 ), #4414, .F. ) ;
#2691 = MECHANICAL_DESIGN_GEOMETRIC_PRESENTATION_REPRESENTATION (  '', ( #1482 ), #3410 ) ;
#2692 = AXIS2_PLACEMENT_3D ( 'NONE', #3230, #3175, #2800 ) ;
#2693 = CARTESIAN_POINT ( 'NONE',  ( -69.99999999999998579, 1080.000000000000000, -69.99999999999997158 ) ) ;
#2694 = DIRECTION ( 'NONE',  ( -0.0000000000000000000, 1.000000000000000000, -0.0000000000000000000 ) ) ;
#2695 = CARTESIAN_POINT ( 'NONE',  ( 30.00000000000001421, 20.00000000000000000, 125.0000000000000000 ) ) ;
#2696 = PRODUCT_RELATED_PRODUCT_CATEGORY ( 'part', '', ( #2792 ) ) ;
#2697 = EDGE_LOOP ( 'NONE', ( #2719, #4327 ) ) ;
#2698 =( NAMED_UNIT ( * ) PLANE_ANGLE_UNIT ( ) SI_UNIT ( $, .RADIAN. ) );
#2699 = CARTESIAN_POINT ( 'NONE',  ( -124.9999999999999716, 20.00000000000000000, 125.0000000000000000 ) ) ;
#2700 = CARTESIAN_POINT ( 'NONE',  ( -124.9999999999999716, 0.0000000000000000000, 26.59999999999999787 ) ) ;
#2701 = VERTEX_POINT ( 'NONE', #49 ) ;
#2702 = ORIENTED_EDGE ( 'NONE', *, *, #2013, .T. ) ;
#2703 = CARTESIAN_POINT ( 'NONE',  ( -124.9999999999999716, 20.00000000000000000, 125.0000000000000000 ) ) ;
#2704 = DIRECTION ( 'NONE',  ( -0.0000000000000000000, -0.0000000000000000000, -1.000000000000000000 ) ) ;
#2705 = ORIENTED_EDGE ( 'NONE', *, *, #886, .T. ) ;
#2706 = VERTEX_POINT ( 'NONE', #416 ) ;
#2707 = MECHANICAL_DESIGN_GEOMETRIC_PRESENTATION_REPRESENTATION (  '', ( #328 ), #3753 ) ;
#2708 = CARTESIAN_POINT ( 'NONE',  ( -150.0000000000000284, 0.0000000000000000000, -139.9999999999999716 ) ) ;
#2709 = LINE ( 'NONE', #797, #2085 ) ;
#2710 = DIRECTION ( 'NONE',  ( -1.000000000000000000, 0.0000000000000000000, -0.0000000000000000000 ) ) ;
#2711 = ORIENTED_EDGE ( 'NONE', *, *, #4436, .T. ) ;
#2712 = STYLED_ITEM ( 'NONE', ( #3566 ), #1504 ) ;
#2713 = DIRECTION ( 'NONE',  ( -0.0000000000000000000, -0.0000000000000000000, -1.000000000000000000 ) ) ;
#2714 = EDGE_CURVE ( 'NONE', #1040, #3589, #4298, .T. ) ;
#2716 = EDGE_LOOP ( 'NONE', ( #4051, #75 ) ) ;
#2715 = CARTESIAN_POINT ( 'NONE',  ( 70.00000000000000000, 1100.000000000000000, -95.00000000000000000 ) ) ;
#2717 = CARTESIAN_POINT ( 'NONE',  ( -124.9999999999999716, 20.00000000000000000, 26.59999999999999787 ) ) ;
#2718 = VECTOR ( 'NONE', #2020, 1000.000000000000000 ) ;
#2719 = ORIENTED_EDGE ( 'NONE', *, *, #3617, .F. ) ;
#2720 = FACE_OUTER_BOUND ( 'NONE', #4608, .T. ) ;
#2721 = DIRECTION ( 'NONE',  ( -0.0000000000000000000, 1.000000000000000000, -0.0000000000000000000 ) ) ;
#2722 = ORIENTED_EDGE ( 'NONE', *, *, #4086, .F. ) ;
#2723 = CYLINDRICAL_SURFACE ( 'NONE', #3299, 3.000000000000002665 ) ;
#2724 = EDGE_CURVE ( 'NONE', #406, #865, #419, .T. ) ;
#2725 = AXIS2_PLACEMENT_3D ( 'NONE', #1513, #2270, #786 ) ;
#2726 = FACE_OUTER_BOUND ( 'NONE', #2802, .T. ) ;
#2727 = SURFACE_STYLE_USAGE ( .BOTH. , #3754 ) ;
#2728 = ORIENTED_EDGE ( 'NONE', *, *, #2112, .F. ) ;
#2729 = AXIS2_PLACEMENT_3D ( 'NONE', #521, #1612, #1244 ) ;
#2730 = CIRCLE ( 'NONE', #4500, 2.499999999999946709 ) ;
#2731 = FACE_BOUND ( 'NONE', #4149, .T. ) ;
#2732 =( GEOMETRIC_REPRESENTATION_CONTEXT ( 3 ) GLOBAL_UNCERTAINTY_ASSIGNED_CONTEXT ( ( #22 ) ) GLOBAL_UNIT_ASSIGNED_CONTEXT ( ( #2049, #2750, #604 ) ) REPRESENTATION_CONTEXT ( 'NONE', 'WORKASPACE' ) );
#2733 = CARTESIAN_POINT ( 'NONE',  ( 90.00000000000000000, 19.99999999999998934, 7.499999999999985789 ) ) ;
#2734 = EDGE_LOOP ( 'NONE', ( #4285, #1540, #2953, #3701, #1287, #4023, #5, #4164, #2185, #3130, #400, #1511, #2906, #1593, #17, #3598, #1355, #1248, #4300, #3605 ) ) ;
#2735 = DIRECTION ( 'NONE',  ( -9.244463733058732095E-33, 1.000000000000000000, 1.729880772769295163E-33 ) ) ;
#2736 = CARTESIAN_POINT ( 'NONE',  ( -142.5000000000000568, 20.00000000000000000, -1.492608272355440021E-12 ) ) ;
#2737 = VERTEX_POINT ( 'NONE', #1847 ) ;
#2738 = CARTESIAN_POINT ( 'NONE',  ( 7.500000000000009770, 19.99999999999998934, 139.9999999999999716 ) ) ;
#2739 = MECHANICAL_DESIGN_GEOMETRIC_PRESENTATION_REPRESENTATION (  '', ( #1652 ), #4330 ) ;
#2740 = EDGE_CURVE ( 'NONE', #4175, #3730, #756, .T. ) ;
#2741 = CARTESIAN_POINT ( 'NONE',  ( -7.500000000000000000, 20.00000000000003197, -89.99999999999998579 ) ) ;
#2742 = CARTESIAN_POINT ( 'NONE',  ( -7.500000000001047162, -0.001000000000001000089, 149.9999999999999716 ) ) ;
#2743 = EDGE_CURVE ( 'NONE', #3619, #2482, #810, .T. ) ;
#2744 = AXIS2_PLACEMENT_3D ( 'NONE', #3593, #44, #2572 ) ;
#2745 = CARTESIAN_POINT ( 'NONE',  ( 0.0000000000000000000, 0.0000000000000000000, -142.5000000000000568 ) ) ;
#2746 = LINE ( 'NONE', #2956, #1174 ) ;
#2747 = CARTESIAN_POINT ( 'NONE',  ( 150.0000000000000284, 20.00000000000000000, 150.0000000000000000 ) ) ;
#2748 = ORIENTED_EDGE ( 'NONE', *, *, #4100, .T. ) ;
#2749 = VERTEX_POINT ( 'NONE', #4326 ) ;
#2750 =( NAMED_UNIT ( * ) PLANE_ANGLE_UNIT ( ) SI_UNIT ( $, .RADIAN. ) );
#2751 = VERTEX_POINT ( 'NONE', #2172 ) ;
#2752 = VERTEX_POINT ( 'NONE', #4039 ) ;
#2753 = DIRECTION ( 'NONE',  ( 0.0000000000000000000, 0.0000000000000000000, 1.000000000000000000 ) ) ;
#2754 = CARTESIAN_POINT ( 'NONE',  ( 70.00000000000000000, 1100.000000000000000, -92.00000000000000000 ) ) ;
#2755 = CARTESIAN_POINT ( 'NONE',  ( 67.99999999999998579, 1080.000000000000000, -68.00000000000000000 ) ) ;
#2756 = EDGE_CURVE ( 'NONE', #2822, #1524, #3459, .T. ) ;
#2757 = ORIENTED_EDGE ( 'NONE', *, *, #1291, .F. ) ;
#2758 = DIRECTION ( 'NONE',  ( -0.0000000000000000000, 1.000000000000000000, -0.0000000000000000000 ) ) ;
#2759 = VECTOR ( 'NONE', #3536, 1000.000000000000000 ) ;
#2760 = DIRECTION ( 'NONE',  ( -0.7071067811865484609, 0.0000000000000000000, -0.7071067811865465735 ) ) ;
#2761 = CARTESIAN_POINT ( 'NONE',  ( -29.99999999999998579, 0.0000000000000000000, 125.0000000000000284 ) ) ;
#2762 = VECTOR ( 'NONE', #2236, 1000.000000000000000 ) ;
#2763 = ADVANCED_FACE ( 'NONE', ( #929 ), #455, .F. ) ;
#2764 = CIRCLE ( 'NONE', #3154, 4.500000000000003553 ) ;
#2765 = EDGE_CURVE ( 'NONE', #2433, #3538, #310, .T. ) ;
#2766 = ORIENTED_EDGE ( 'NONE', *, *, #2078, .T. ) ;
#2767 = VERTEX_POINT ( 'NONE', #3332 ) ;
#2768 = FACE_BOUND ( 'NONE', #4440, .T. ) ;
#2769 = CARTESIAN_POINT ( 'NONE',  ( 90.00000000000000000, 1055.000000000000227, -45.00000000000000000 ) ) ;
#2770 = COLOUR_RGB ( '',1.000000000000000000, 1.000000000000000000, 1.000000000000000000 ) ;
#2771 = VERTEX_POINT ( 'NONE', #803 ) ;
#2772 = ORIENTED_EDGE ( 'NONE', *, *, #2589, .F. ) ;
#2773 = FACE_BOUND ( 'NONE', #1388, .T. ) ;
#2774 = CYLINDRICAL_SURFACE ( 'NONE', #2061, 75.00000000000001421 ) ;
#2775 = VECTOR ( 'NONE', #65, 1000.000000000000000 ) ;
#2776 = EDGE_CURVE ( 'NONE', #245, #2701, #3675, .T. ) ;
#2777 = AXIS2_PLACEMENT_3D ( 'NONE', #3600, #1074, #3213 ) ;
#2778 = CARTESIAN_POINT ( 'NONE',  ( 140.0000000000000000, 19.99999999999998934, -7.500000000000013323 ) ) ;
#2779 = ORIENTED_EDGE ( 'NONE', *, *, #2441, .F. ) ;
#2780 = VERTEX_POINT ( 'NONE', #3724 ) ;
#2781 = LINE ( 'NONE', #1219, #1927 ) ;
#2782 = VECTOR ( 'NONE', #967, 1000.000000000000000 ) ;
#2783 =( LENGTH_UNIT ( ) NAMED_UNIT ( * ) SI_UNIT ( .MILLI., .METRE. ) );
#2784 = CIRCLE ( 'NONE', #2729, 9.999999999999994671 ) ;
#2785 = EDGE_LOOP ( 'NONE', ( #506, #4010, #701, #3547, #2829, #4074, #2332, #3234 ) ) ;
#2786 = DIRECTION ( 'NONE',  ( 0.0000000000000000000, 0.0000000000000000000, 1.000000000000000000 ) ) ;
#2787 = ORIENTED_EDGE ( 'NONE', *, *, #154, .F. ) ;
#2788 = AXIS2_PLACEMENT_3D ( 'NONE', #1454, #2887, #2142 ) ;
#2789 = CARTESIAN_POINT ( 'NONE',  ( 7.500000000000009770, 19.99999999999998934, 139.9999999999999716 ) ) ;
#2790 = DIRECTION ( 'NONE',  ( 0.0000000000000000000, 0.0000000000000000000, 1.000000000000000000 ) ) ;
#2791 = DIRECTION ( 'NONE',  ( -0.0000000000000000000, -1.000000000000000000, -0.0000000000000000000 ) ) ;
#2792 = PRODUCT ( '4GAA0021201010011X', '4GAA0021201010011X', '', ( #4030 ) ) ;
#2793 = FILL_AREA_STYLE_COLOUR ( '', #1662 ) ;
#2794 = EDGE_CURVE ( 'NONE', #509, #3324, #2730, .T. ) ;
#2795 = DIRECTION ( 'NONE',  ( 1.982541115402069301E-16, -5.830650755791957522E-35, 1.000000000000000000 ) ) ;
#2796 = CARTESIAN_POINT ( 'NONE',  ( 90.00000000000000000, 1100.000000000000000, 84.90000000000000568 ) ) ;
#2797 = AXIS2_PLACEMENT_3D ( 'NONE', #660, #3166, #2460 ) ;
#2798 = EDGE_CURVE ( 'NONE', #868, #4307, #1535, .T. ) ;
#2799 = CARTESIAN_POINT ( 'NONE',  ( -140.0000000000000000, 20.00000000000001776, 7.500000000000013323 ) ) ;
#2800 = DIRECTION ( 'NONE',  ( -0.7071067811865434649, 0.0000000000000000000, -0.7071067811865516806 ) ) ;
#2801 = DIRECTION ( 'NONE',  ( -0.0000000000000000000, 1.000000000000000000, -0.0000000000000000000 ) ) ;
#2802 = EDGE_LOOP ( 'NONE', ( #2275, #961, #3594, #2069 ) ) ;
#2803 = EDGE_CURVE ( 'NONE', #172, #1524, #1665, .T. ) ;
#2804 =( NAMED_UNIT ( * ) PLANE_ANGLE_UNIT ( ) SI_UNIT ( $, .RADIAN. ) );
#2805 = PRESENTATION_LAYER_ASSIGNMENT (  '', '', ( #3126 ) ) ;
#2806 = DIRECTION ( 'NONE',  ( 1.000000000000000000, -3.466673899897024536E-33, -1.982541115402069301E-16 ) ) ;
#2807 = DIRECTION ( 'NONE',  ( 0.0000000000000000000, 1.000000000000000000, 0.0000000000000000000 ) ) ;
#2808 = LINE ( 'NONE', #2363, #1129 ) ;
#2809 = DIRECTION ( 'NONE',  ( -3.888083013051982973E-17, -0.9805806756909201116, -0.1961161351381839890 ) ) ;
#2810 = ORIENTED_EDGE ( 'NONE', *, *, #4043, .F. ) ;
#2811 = UNCERTAINTY_MEASURE_WITH_UNIT (LENGTH_MEASURE( 1.000000000000000082E-05 ), #279, 'distance_accuracy_value', 'NONE');
#2812 = ORIENTED_EDGE ( 'NONE', *, *, #3478, .T. ) ;
#2813 = PLANE ( 'NONE',  #4612 ) ;
#2814 = VERTEX_POINT ( 'NONE', #1539 ) ;
#2815 = ORIENTED_EDGE ( 'NONE', *, *, #2859, .T. ) ;
#2816 = LINE ( 'NONE', #1016, #846 ) ;
#2817 = EDGE_LOOP ( 'NONE', ( #3947, #499, #3389, #4237 ) ) ;
#2818 = DIRECTION ( 'NONE',  ( -0.0000000000000000000, 1.000000000000000000, -0.0000000000000000000 ) ) ;
#2819 = VERTEX_POINT ( 'NONE', #4062 ) ;
#2820 = VECTOR ( 'NONE', #3245, 1000.000000000000000 ) ;
#2821 = CYLINDRICAL_SURFACE ( 'NONE', #2414, 7.500000000000007105 ) ;
#2822 = VERTEX_POINT ( 'NONE', #1507 ) ;
#2823 = DIRECTION ( 'NONE',  ( 0.0000000000000000000, 0.0000000000000000000, 1.000000000000000000 ) ) ;
#2824 = DIRECTION ( 'NONE',  ( 0.0000000000000000000, -1.000000000000000000, 0.0000000000000000000 ) ) ;
#2825 = VECTOR ( 'NONE', #4201, 1000.000000000000000 ) ;
#2826 = LINE ( 'NONE', #3666, #690 ) ;
#2827 = DIRECTION ( 'NONE',  ( 0.0000000000000000000, 0.0000000000000000000, -1.000000000000000000 ) ) ;
#2828 =( GEOMETRIC_REPRESENTATION_CONTEXT ( 3 ) GLOBAL_UNCERTAINTY_ASSIGNED_CONTEXT ( ( #217 ) ) GLOBAL_UNIT_ASSIGNED_CONTEXT ( ( #1790, #4634, #2854 ) ) REPRESENTATION_CONTEXT ( 'NONE', 'WORKASPACE' ) );
#2829 = ORIENTED_EDGE ( 'NONE', *, *, #4129, .F. ) ;
#2830 = LINE ( 'NONE', #4411, #1867 ) ;
#2831 = EDGE_LOOP ( 'NONE', ( #1459, #2512, #1462, #2666 ) ) ;
#2832 = CARTESIAN_POINT ( 'NONE',  ( -90.00000000000000000, 220.0000000000000284, 7.500000000000013323 ) ) ;
#2833 = VERTEX_POINT ( 'NONE', #107 ) ;
#2834 = VECTOR ( 'NONE', #2994, 1000.000000000000000 ) ;
#2835 = CIRCLE ( 'NONE', #111, 2.999999999999988898 ) ;
#2836 = ORIENTED_EDGE ( 'NONE', *, *, #212, .T. ) ;
#2837 = ADVANCED_FACE ( 'NONE', ( #2448 ), #478, .F. ) ;
#2838 = EDGE_CURVE ( 'NONE', #1096, #667, #4474, .T. ) ;
#2839 = CARTESIAN_POINT ( 'NONE',  ( 70.00000000000000000, 1099.500000000000227, -95.00000000000000000 ) ) ;
#2840 = AXIS2_PLACEMENT_3D ( 'NONE', #1281, #1974, #539 ) ;
#2841 = DIRECTION ( 'NONE',  ( -1.000000000000000000, 1.540743955509788682E-33, 1.982541115402068808E-16 ) ) ;
#2842 = CIRCLE ( 'NONE', #4114, 4.500000000000003553 ) ;
#2843 = ORIENTED_EDGE ( 'NONE', *, *, #3521, .F. ) ;
#2844 = FILL_AREA_STYLE ('',( #2124 ) ) ;
#2845 = ORIENTED_EDGE ( 'NONE', *, *, #4590, .F. ) ;
#2846 = DIRECTION ( 'NONE',  ( 1.000000000000000000, -1.423415318369119772E-33, 0.0000000000000000000 ) ) ;
#2847 = FILL_AREA_STYLE_COLOUR ( '', #999 ) ;
#2848 = CARTESIAN_POINT ( 'NONE',  ( -150.0000000000000284, 20.00000000000000000, -139.9999999999999716 ) ) ;
#2849 =( NAMED_UNIT ( * ) SI_UNIT ( $, .STERADIAN. ) SOLID_ANGLE_UNIT ( ) );
#2850 = PRODUCT_RELATED_PRODUCT_CATEGORY ( 'part', '', ( #1381 ) ) ;
#2851 = DIRECTION ( 'NONE',  ( 1.000000000000000000, 0.0000000000000000000, 0.0000000000000000000 ) ) ;
#2852 = FACE_OUTER_BOUND ( 'NONE', #3172, .T. ) ;
#2853 = CARTESIAN_POINT ( 'NONE',  ( 0.0000000000000000000, -0.001000000000001000089, 75.00000000000001421 ) ) ;
#2854 =( NAMED_UNIT ( * ) SI_UNIT ( $, .STERADIAN. ) SOLID_ANGLE_UNIT ( ) );
#2855 = CARTESIAN_POINT ( 'NONE',  ( -124.9999999999999432, 1100.000000000000000, 115.0000000000000426 ) ) ;
#2856 = EDGE_CURVE ( 'NONE', #136, #465, #1490, .T. ) ;
#2857 = ADVANCED_FACE ( 'NONE', ( #987 ), #1941, .F. ) ;
#2858 = CARTESIAN_POINT ( 'NONE',  ( -7.499999999999989342, 19.99999999999998934, 139.9999999999999716 ) ) ;
#2859 = EDGE_CURVE ( 'NONE', #2680, #1472, #3511, .T. ) ;
#2860 = EDGE_LOOP ( 'NONE', ( #3096, #989, #2128, #3519 ) ) ;
#2861 = CARTESIAN_POINT ( 'NONE',  ( 69.99999999999985789, 1080.000000000000000, -90.00000000000000000 ) ) ;
#2862 = VERTEX_POINT ( 'NONE', #554 ) ;
#2863 = VERTEX_POINT ( 'NONE', #847 ) ;
#2864 = DIRECTION ( 'NONE',  ( -0.0000000000000000000, 1.000000000000000000, -0.0000000000000000000 ) ) ;
#2865 = AXIS2_PLACEMENT_3D ( 'NONE', #3950, #4313, #2148 ) ;
#2866 = EDGE_LOOP ( 'NONE', ( #1290, #4179, #3900, #4076 ) ) ;
#2867 = DIRECTION ( 'NONE',  ( 0.0000000000000000000, 0.0000000000000000000, 1.000000000000000000 ) ) ;
#2868 = ORIENTED_EDGE ( 'NONE', *, *, #1262, .F. ) ;
#2869 = CARTESIAN_POINT ( 'NONE',  ( -67.99999999999991473, 20.00000000000000355, 78.00000000000000000 ) ) ;
#2870 = ORIENTED_EDGE ( 'NONE', *, *, #3086, .F. ) ;
#2871 = AXIS2_PLACEMENT_3D ( 'NONE', #2188, #3990, #766 ) ;
#2872 = CARTESIAN_POINT ( 'NONE',  ( -30.00000000000001421, 20.00000000000000000, -121.5999999999999943 ) ) ;
#2873 = CYLINDRICAL_SURFACE ( 'NONE', #3200, 2.499999999999946709 ) ;
#2874 = CARTESIAN_POINT ( 'NONE',  ( 70.00000000000000000, 1100.000000000000000, -95.00000000000000000 ) ) ;
#2875 = LINE ( 'NONE', #817, #2762 ) ;
#2876 = ORIENTED_EDGE ( 'NONE', *, *, #3921, .T. ) ;
#2877 = FACE_OUTER_BOUND ( 'NONE', #1017, .T. ) ;
#2878 = FACE_OUTER_BOUND ( 'NONE', #2497, .T. ) ;
#2879 = AXIS2_PLACEMENT_3D ( 'NONE', #315, #1714, #3869 ) ;
#2880 = ORIENTED_EDGE ( 'NONE', *, *, #2078, .F. ) ;
#2881 = EDGE_CURVE ( 'NONE', #3051, #3444, #1930, .T. ) ;
#2882 = EDGE_LOOP ( 'NONE', ( #1977, #1627, #3157, #2298 ) ) ;
#2883 = FACE_BOUND ( 'NONE', #1104, .T. ) ;
#2884 = VECTOR ( 'NONE', #3620, 1000.000000000000000 ) ;
#2885 = LINE ( 'NONE', #3942, #2504 ) ;
#2886 = SHAPE_REPRESENTATION_RELATIONSHIP ( 'NONE' , 'NONE' ,  #876, #4545 ) ;
#2887 = DIRECTION ( 'NONE',  ( -0.0000000000000000000, -1.000000000000000000, -0.0000000000000000000 ) ) ;
#2888 = AXIS2_PLACEMENT_3D ( 'NONE', #1697, #594, #3814 ) ;
#2889 = ORIENTED_EDGE ( 'NONE', *, *, #1854, .T. ) ;
#2890 = SURFACE_SIDE_STYLE ('',( #1165 ) ) ;
#2892 = ORIENTED_EDGE ( 'NONE', *, *, #4008, .T. ) ;
#2891 = DIRECTION ( 'NONE',  ( 1.000000000000000000, -0.0000000000000000000, -0.0000000000000000000 ) ) ;
#2893 = VECTOR ( 'NONE', #3918, 1000.000000000000000 ) ;
#2894 = DIRECTION ( 'NONE',  ( -0.0000000000000000000, -1.000000000000000000, -0.0000000000000000000 ) ) ;
#2895 = SURFACE_STYLE_FILL_AREA ( #232 ) ;
#2896 = EDGE_CURVE ( 'NONE', #1584, #3758, #2556, .T. ) ;
#2897 = LINE ( 'NONE', #2272, #645 ) ;
#2898 = DIRECTION ( 'NONE',  ( 0.0000000000000000000, 0.0000000000000000000, 1.000000000000000000 ) ) ;
#2899 = VECTOR ( 'NONE', #1563, 1000.000000000000000 ) ;
#2900 = PRESENTATION_STYLE_ASSIGNMENT (( #291 ) ) ;
#2901 = EDGE_CURVE ( 'NONE', #2749, #3219, #4359, .T. ) ;
#2902 = DIRECTION ( 'NONE',  ( 1.850371707708594316E-16, 0.0000000000000000000, 1.000000000000000000 ) ) ;
#2903 = CARTESIAN_POINT ( 'NONE',  ( 30.00000000000001421, 0.0000000000000000000, 125.0000000000000000 ) ) ;
#2904 = AXIS2_PLACEMENT_3D ( 'NONE', #3462, #321, #1010 ) ;
#2905 = SURFACE_STYLE_USAGE ( .BOTH. , #3963 ) ;
#2906 = ORIENTED_EDGE ( 'NONE', *, *, #1692, .T. ) ;
#2907 = AXIS2_PLACEMENT_3D ( 'NONE', #2660, #3013, #3300 ) ;
#2908 = PLANE ( 'NONE',  #3069 ) ;
#2909 = DIRECTION ( 'NONE',  ( -0.0000000000000000000, 1.000000000000000000, -0.0000000000000000000 ) ) ;
#2910 = DIRECTION ( 'NONE',  ( 0.0000000000000000000, 0.0000000000000000000, 1.000000000000000000 ) ) ;
#2911 = VECTOR ( 'NONE', #393, 1000.000000000000000 ) ;
#2912 = PRODUCT_DEFINITION_SHAPE ( 'NONE', 'NONE',  #4673 ) ;
#2913 = EDGE_CURVE ( 'NONE', #2749, #3784, #2784, .T. ) ;
#2914 = DIRECTION ( 'NONE',  ( 0.0000000000000000000, 0.0000000000000000000, 1.000000000000000000 ) ) ;
#2915 = ORIENTED_EDGE ( 'NONE', *, *, #482, .F. ) ;
#2916 = EDGE_CURVE ( 'NONE', #1606, #410, #1821, .T. ) ;
#2917 = APPLICATION_PROTOCOL_DEFINITION ( 'draft international standard', 'automotive_design', 1998, #3667 ) ;
#2918 = CARTESIAN_POINT ( 'NONE',  ( -90.00000000000000000, 220.0000000000000284, -7.499999999999985789 ) ) ;
#2919 = LINE ( 'NONE', #1733, #3076 ) ;
#2920 = CARTESIAN_POINT ( 'NONE',  ( -69.99999999999998579, 20.00000000000000355, 69.99999999999998579 ) ) ;
#2921 = ORIENTED_EDGE ( 'NONE', *, *, #664, .F. ) ;
#2922 = ORIENTED_EDGE ( 'NONE', *, *, #263, .F. ) ;
#2923 = CARTESIAN_POINT ( 'NONE',  ( 90.00000000000000000, 1015.000000000000114, -47.49999999999994316 ) ) ;
#2924 = LINE ( 'NONE', #1630, #2016 ) ;
#2925 = EDGE_LOOP ( 'NONE', ( #2115, #3081, #4424, #1903 ) ) ;
#2926 = ORIENTED_EDGE ( 'NONE', *, *, #537, .T. ) ;
#2927 = MECHANICAL_DESIGN_GEOMETRIC_PRESENTATION_REPRESENTATION (  '', ( #1031 ), #272 ) ;
#2928 = MECHANICAL_DESIGN_GEOMETRIC_PRESENTATION_REPRESENTATION (  '', ( #727 ), #2453 ) ;
#2929 = ORIENTED_EDGE ( 'NONE', *, *, #132, .F. ) ;
#2930 = DIRECTION ( 'NONE',  ( -0.0000000000000000000, 1.000000000000000000, -0.0000000000000000000 ) ) ;
#2931 = DIRECTION ( 'NONE',  ( -0.7071067811865494601, 0.0000000000000000000, 0.7071067811865456854 ) ) ;
#2932 = DIRECTION ( 'NONE',  ( 0.0000000000000000000, 0.0000000000000000000, 1.000000000000000000 ) ) ;
#2933 = CIRCLE ( 'NONE', #4437, 2.499999999999946709 ) ;
#2934 = ORIENTED_EDGE ( 'NONE', *, *, #4397, .T. ) ;
#2935 = AXIS2_PLACEMENT_3D ( 'NONE', #4372, #2210, #437 ) ;
#2936 = ORIENTED_EDGE ( 'NONE', *, *, #1387, .F. ) ;
#2937 = DIRECTION ( 'NONE',  ( 0.0000000000000000000, 0.0000000000000000000, 1.000000000000000000 ) ) ;
#2938 = LINE ( 'NONE', #493, #3447 ) ;
#2939 = CONICAL_SURFACE ( 'NONE', #1517, 3.500000000000003109, 0.7853981633975037902 ) ;
#2940 = FACE_OUTER_BOUND ( 'NONE', #3085, .T. ) ;
#2941 = ORIENTED_EDGE ( 'NONE', *, *, #2740, .T. ) ;
#2942 = CARTESIAN_POINT ( 'NONE',  ( 90.00000000000000000, 1100.000000000000000, -90.00000000000000000 ) ) ;
#2943 = COLOUR_RGB ( '',1.000000000000000000, 1.000000000000000000, 1.000000000000000000 ) ;
#2944 = ADVANCED_FACE ( 'NONE', ( #1604 ), #1265, .F. ) ;
#2945 = DIRECTION ( 'NONE',  ( 0.7071067811865484609, -0.0000000000000000000, 0.7071067811865465735 ) ) ;
#2946 = LINE ( 'NONE', #2123, #1983 ) ;
#2947 = VECTOR ( 'NONE', #3690, 1000.000000000000000 ) ;
#2949 = LINE ( 'NONE', #4540, #4472 ) ;
#2948 =( LENGTH_UNIT ( ) NAMED_UNIT ( * ) SI_UNIT ( .MILLI., .METRE. ) );
#2950 = LINE ( 'NONE', #1731, #1614 ) ;
#2951 = CARTESIAN_POINT ( 'NONE',  ( 7.500000000000000000, 20.00000000000003197, -89.99999999999998579 ) ) ;
#2952 = VERTEX_POINT ( 'NONE', #3045 ) ;
#2953 = ORIENTED_EDGE ( 'NONE', *, *, #3853, .T. ) ;
#2954 = DIRECTION ( 'NONE',  ( 0.0000000000000000000, 1.000000000000000000, 0.0000000000000000000 ) ) ;
#2955 = MANIFOLD_SOLID_BREP ( 'Cut-Extrude2', #4620 ) ;
#2956 = CARTESIAN_POINT ( 'NONE',  ( -90.00000000000000000, 1100.000000000000000, 95.09999999999999432 ) ) ;
#2957 = CARTESIAN_POINT ( 'NONE',  ( 90.00000000000000000, 1080.000000000000000, 90.00000000000000000 ) ) ;
#2958 = EDGE_CURVE ( 'NONE', #3305, #4643, #2215, .T. ) ;
#2959 = CARTESIAN_POINT ( 'NONE',  ( -124.9999999999999716, 20.00000000000000000, -117.5000000000000142 ) ) ;
#2960 = FACE_OUTER_BOUND ( 'NONE', #1694, .T. ) ;
#2961 = DIRECTION ( 'NONE',  ( -1.850371707708594316E-16, 0.0000000000000000000, -1.000000000000000000 ) ) ;
#2962 = AXIS2_PLACEMENT_3D ( 'NONE', #4106, #3054, #495 ) ;
#2963 = ADVANCED_FACE ( 'NONE', ( #2326 ), #1969, .F. ) ;
#2964 = AXIS2_PLACEMENT_3D ( 'NONE', #1212, #3683, #1888 ) ;
#2965 = DIRECTION ( 'NONE',  ( -0.0000000000000000000, -1.000000000000000000, -0.0000000000000000000 ) ) ;
#2966 = CARTESIAN_POINT ( 'NONE',  ( -142.5000000000000568, 20.00000000000000000, -1.492608272355440021E-12 ) ) ;
#2967 = DIRECTION ( 'NONE',  ( -0.0000000000000000000, -1.000000000000000000, -0.0000000000000000000 ) ) ;
#2968 = PRESENTATION_STYLE_ASSIGNMENT (( #237 ) ) ;
#2969 = VERTEX_POINT ( 'NONE', #1951 ) ;
#2970 = VERTEX_POINT ( 'NONE', #3795 ) ;
#2971 = CARTESIAN_POINT ( 'NONE',  ( 69.99999999999998579, 20.00000000000000355, 69.99999999999998579 ) ) ;
#2972 = DIRECTION ( 'NONE',  ( 1.000000000000000000, 0.0000000000000000000, -1.850371707708594316E-16 ) ) ;
#2973 = CIRCLE ( 'NONE', #627, 4.499999999999990230 ) ;
#2974 = VERTEX_POINT ( 'NONE', #4151 ) ;
#2975 = EDGE_LOOP ( 'NONE', ( #4624, #4336, #1816, #3973 ) ) ;
#2976 = DIRECTION ( 'NONE',  ( 0.0000000000000000000, 0.0000000000000000000, 1.000000000000000000 ) ) ;
#2977 = CARTESIAN_POINT ( 'NONE',  ( -70.00000000000000000, 1099.500000000000227, 98.00000000000000000 ) ) ;
#2978 = EDGE_CURVE ( 'NONE', #1703, #459, #2044, .T. ) ;
#2979 = VERTEX_POINT ( 'NONE', #2342 ) ;
#2980 = AXIS2_PLACEMENT_3D ( 'NONE', #2343, #3426, #219 ) ;
#2981 = CARTESIAN_POINT ( 'NONE',  ( 142.5000000000000568, -0.001000000000001000089, 4.975360907851466735E-13 ) ) ;
#2982 = ADVANCED_FACE ( 'NONE', ( #3972 ), #1995, .F. ) ;
#2983 = ADVANCED_FACE ( 'NONE', ( #1103 ), #1208, .F. ) ;
#2984 = ORIENTED_EDGE ( 'NONE', *, *, #4025, .F. ) ;
#2985 = LINE ( 'NONE', #3455, #2598 ) ;
#2986 = EDGE_LOOP ( 'NONE', ( #2370, #1933, #3803, #2843, #3823 ) ) ;
#2987 =( LENGTH_UNIT ( ) NAMED_UNIT ( * ) SI_UNIT ( .MILLI., .METRE. ) );
#2988 = ORIENTED_EDGE ( 'NONE', *, *, #601, .T. ) ;
#2989 = CARTESIAN_POINT ( 'NONE',  ( 77.99999999999998579, 1015.000000000000114, -42.50000000000004974 ) ) ;
#2990 = ORIENTED_EDGE ( 'NONE', *, *, #2070, .F. ) ;
#2991 = LINE ( 'NONE', #4247, #2154 ) ;
#2992 = LINE ( 'NONE', #768, #3274 ) ;
#2993 = VECTOR ( 'NONE', #274, 1000.000000000000000 ) ;
#2994 = DIRECTION ( 'NONE',  ( -0.7071067811865480168, 0.0000000000000000000, 0.7071067811865470176 ) ) ;
#2995 = EDGE_CURVE ( 'NONE', #1724, #2219, #2162, .T. ) ;
#2996 = ORIENTED_EDGE ( 'NONE', *, *, #726, .T. ) ;
#2997 = FACE_OUTER_BOUND ( 'NONE', #3571, .T. ) ;
#2998 = VECTOR ( 'NONE', #174, 1000.000000000000000 ) ;
#2999 = CARTESIAN_POINT ( 'NONE',  ( 7.500000000000005329, 220.0000000000000284, 109.9999999999999858 ) ) ;
#3000 = EDGE_LOOP ( 'NONE', ( #3271, #3267, #3674, #1322 ) ) ;
#3001 = CARTESIAN_POINT ( 'NONE',  ( -150.0000000000000284, 20.00000000000000000, -150.0000000000000000 ) ) ;
#3002 = COLOUR_RGB ( '',1.000000000000000000, 1.000000000000000000, 1.000000000000000000 ) ;
#3003 = DIRECTION ( 'NONE',  ( -1.423415318369119772E-33, 1.000000000000000000, -3.081487911019577365E-33 ) ) ;
#3004 = ORIENTED_EDGE ( 'NONE', *, *, #3123, .T. ) ;
#3005 = EDGE_CURVE ( 'NONE', #4011, #1950, #258, .T. ) ;
#3006 = DIRECTION ( 'NONE',  ( -1.000000000000000000, 0.0000000000000000000, 1.020425574104005602E-16 ) ) ;
#3007 = FILL_AREA_STYLE_COLOUR ( '', #2770 ) ;
#3008 = CARTESIAN_POINT ( 'NONE',  ( -142.5000000000000568, -0.001000000000001000089, -1.492608272355440021E-12 ) ) ;
#3009 = ORIENTED_EDGE ( 'NONE', *, *, #4160, .T. ) ;
#3010 = ADVANCED_FACE ( 'NONE', ( #2274 ), #3104, .F. ) ;
#3011 = DIRECTION ( 'NONE',  ( -1.000000000000000000, 3.466673899897024536E-33, 1.982541115402069301E-16 ) ) ;
#3012 = CARTESIAN_POINT ( 'NONE',  ( -90.00000000000000000, 1100.000000000000000, -90.00000000000000000 ) ) ;
#3013 = DIRECTION ( 'NONE',  ( -0.0000000000000000000, 1.000000000000000000, -0.0000000000000000000 ) ) ;
#3014 = DIRECTION ( 'NONE',  ( -1.000000000000000000, 0.0000000000000000000, 0.0000000000000000000 ) ) ;
#3015 = LINE ( 'NONE', #4662, #1928 ) ;
#3016 = FILL_AREA_STYLE ('',( #153 ) ) ;
#3017 = CARTESIAN_POINT ( 'NONE',  ( -68.00000000000000000, 20.00000000000000355, -67.99999999999998579 ) ) ;
#3018 = CARTESIAN_POINT ( 'NONE',  ( -69.99999999999985789, 20.00000000000000355, 90.00000000000000000 ) ) ;
#3019 =( LENGTH_UNIT ( ) NAMED_UNIT ( * ) SI_UNIT ( .MILLI., .METRE. ) );
#3020 = DIRECTION ( 'NONE',  ( 1.000000000000000000, 0.0000000000000000000, -1.850371707708594316E-16 ) ) ;
#3021 = ORIENTED_EDGE ( 'NONE', *, *, #3396, .T. ) ;
#3022 = PLANE ( 'NONE',  #3190 ) ;
#3023 = ORIENTED_EDGE ( 'NONE', *, *, #2896, .T. ) ;
#3024 = VERTEX_POINT ( 'NONE', #2471 ) ;
#3025 = EDGE_CURVE ( 'NONE', #1310, #41, #4468, .T. ) ;
#3026 = DIRECTION ( 'NONE',  ( -0.0000000000000000000, 1.000000000000000000, -0.0000000000000000000 ) ) ;
#3027 = CYLINDRICAL_SURFACE ( 'NONE', #1026, 3.000000000000002665 ) ;
#3028 = DIRECTION ( 'NONE',  ( -1.000000000000000000, 1.540743955509788682E-33, 1.982541115402068808E-16 ) ) ;
#3029 = VERTEX_POINT ( 'NONE', #1008 ) ;
#3030 = CARTESIAN_POINT ( 'NONE',  ( 90.00000000000000000, 220.0000000000000284, -7.500000000000013323 ) ) ;
#3031 = AXIS2_PLACEMENT_3D ( 'NONE', #1296, #1671, #4203 ) ;
#3032 =( GEOMETRIC_REPRESENTATION_CONTEXT ( 3 ) GLOBAL_UNCERTAINTY_ASSIGNED_CONTEXT ( ( #4279 ) ) GLOBAL_UNIT_ASSIGNED_CONTEXT ( ( #2783, #998, #2436 ) ) REPRESENTATION_CONTEXT ( 'NONE', 'WORKASPACE' ) );
#3033 = CIRCLE ( 'NONE', #3249, 62.50000000000000000 ) ;
#3034 = ORIENTED_EDGE ( 'NONE', *, *, #839, .T. ) ;
#3035 = CARTESIAN_POINT ( 'NONE',  ( 142.5000000000000568, 0.0000000000000000000, 4.969982758673552325E-13 ) ) ;
#3036 = FILL_AREA_STYLE_COLOUR ( '', #4002 ) ;
#3037 = CYLINDRICAL_SURFACE ( 'NONE', #2964, 3.400000000000000355 ) ;
#3038 = DIRECTION ( 'NONE',  ( 1.000000000000000000, 0.0000000000000000000, -3.061276722312015942E-16 ) ) ;
#3039 = ORIENTED_EDGE ( 'NONE', *, *, #2305, .T. ) ;
#3040 = CARTESIAN_POINT ( 'NONE',  ( 0.0000000000000000000, 0.0000000000000000000, 0.0000000000000000000 ) ) ;
#3041 = FACE_BOUND ( 'NONE', #1664, .T. ) ;
#3042 = EDGE_CURVE ( 'NONE', #676, #2019, #2391, .T. ) ;
#3043 = AXIS2_PLACEMENT_3D ( 'NONE', #4012, #1547, #826 ) ;
#3044 = EDGE_LOOP ( 'NONE', ( #4016, #915, #2255, #1095 ) ) ;
#3045 = CARTESIAN_POINT ( 'NONE',  ( 77.99999999999998579, 1055.000000000000227, -42.50000000000004974 ) ) ;
#3046 = FACE_OUTER_BOUND ( 'NONE', #979, .T. ) ;
#3047 = LINE ( 'NONE', #2733, #189 ) ;
#3048 = CIRCLE ( 'NONE', #1083, 3.400000000000000355 ) ;
#3049 = DIRECTION ( 'NONE',  ( 0.0000000000000000000, 0.0000000000000000000, 1.000000000000000000 ) ) ;
#3050 = ORIENTED_EDGE ( 'NONE', *, *, #3540, .F. ) ;
#3051 = VERTEX_POINT ( 'NONE', #363 ) ;
#3052 = VERTEX_POINT ( 'NONE', #3518 ) ;
#3053 = VECTOR ( 'NONE', #1173, 1000.000000000000000 ) ;
#3054 = DIRECTION ( 'NONE',  ( -0.7071067811865475727, 5.233641528945915579E-17, -0.7071067811865475727 ) ) ;
#3055 = CARTESIAN_POINT ( 'NONE',  ( -9.950721815702933470E-13, 20.00000000000000000, 142.5000000000000568 ) ) ;
#3056 = DIRECTION ( 'NONE',  ( 0.0000000000000000000, 0.0000000000000000000, 1.000000000000000000 ) ) ;
#3057 = FACE_OUTER_BOUND ( 'NONE', #4185, .T. ) ;
#3058 = DIRECTION ( 'NONE',  ( -0.0000000000000000000, 1.000000000000000000, -0.0000000000000000000 ) ) ;
#3059 = ADVANCED_FACE ( 'NONE', ( #2550 ), #4246, .T. ) ;
#3060 = LINE ( 'NONE', #4318, #1875 ) ;
#3061 = FILL_AREA_STYLE_COLOUR ( '', #2943 ) ;
#3062 = ORIENTED_EDGE ( 'NONE', *, *, #769, .T. ) ;
#3063 = ORIENTED_EDGE ( 'NONE', *, *, #1557, .F. ) ;
#3064 = CARTESIAN_POINT ( 'NONE',  ( 295.0000000000000568, 20.00000000000000000, 5.000000000000836664 ) ) ;
#3065 = EDGE_CURVE ( 'NONE', #798, #41, #3731, .T. ) ;
#3066 = ORIENTED_EDGE ( 'NONE', *, *, #4484, .F. ) ;
#3067 = MANIFOLD_SOLID_BREP ( 'Gusset4', #3956 ) ;
#3068 = EDGE_CURVE ( 'NONE', #4354, #730, #3849, .T. ) ;
#3069 = AXIS2_PLACEMENT_3D ( 'NONE', #1641, #3898, #1981 ) ;
#3070 = DIRECTION ( 'NONE',  ( -0.0000000000000000000, 1.000000000000000000, -0.0000000000000000000 ) ) ;
#3071 = CARTESIAN_POINT ( 'NONE',  ( 125.0000000000000568, 1100.000000000000000, -114.9999999999999858 ) ) ;
#3072 = CARTESIAN_POINT ( 'NONE',  ( 7.500000000000000000, 20.00000000000000000, -150.0000000000000284 ) ) ;
#3073 = DIRECTION ( 'NONE',  ( -3.466673899897023851E-33, 1.000000000000000000, 3.942568710255460192E-34 ) ) ;
#3074 = ADVANCED_FACE ( 'NONE', ( #3398 ), #2080, .T. ) ;
#3075 = ADVANCED_FACE ( 'NONE', ( #2997 ), #3037, .F. ) ;
#3076 = VECTOR ( 'NONE', #2809, 1000.000000000000114 ) ;
#3077 = DIRECTION ( 'NONE',  ( 0.0000000000000000000, 0.0000000000000000000, 1.000000000000000000 ) ) ;
#3078 = DIRECTION ( 'NONE',  ( 0.7071067811865541231, -0.0000000000000000000, -0.7071067811865409114 ) ) ;
#3079 = CARTESIAN_POINT ( 'NONE',  ( 70.00000000000000000, 1080.000000000000000, -97.99999999999998579 ) ) ;
#3080 = CIRCLE ( 'NONE', #2056, 5.099999999999993427 ) ;
#3081 = ORIENTED_EDGE ( 'NONE', *, *, #3821, .F. ) ;
#3082 = PLANE ( 'NONE',  #1222 ) ;
#3083 = LINE ( 'NONE', #2602, #2071 ) ;
#3084 = VERTEX_POINT ( 'NONE', #73 ) ;
#3085 = EDGE_LOOP ( 'NONE', ( #603, #1803, #300, #4231 ) ) ;
#3086 = EDGE_CURVE ( 'NONE', #2862, #1196, #918, .T. ) ;
#3087 = COLOUR_RGB ( '',1.000000000000000000, 1.000000000000000000, 1.000000000000000000 ) ;
#3088 = ORIENTED_EDGE ( 'NONE', *, *, #35, .T. ) ;
#3089 = AXIS2_PLACEMENT_3D ( 'NONE', #485, #1936, #4459 ) ;
#3090 = LINE ( 'NONE', #3174, #781 ) ;
#3091 = CARTESIAN_POINT ( 'NONE',  ( -150.0000000000000284, 20.00000000000000000, -150.0000000000000000 ) ) ;
#3092 = CARTESIAN_POINT ( 'NONE',  ( -124.9999999999999716, 20.00000000000000000, -25.50000000000000355 ) ) ;
#3093 = ORIENTED_EDGE ( 'NONE', *, *, #717, .F. ) ;
#3094 = FACE_BOUND ( 'NONE', #3717, .T. ) ;
#3095 = VECTOR ( 'NONE', #812, 1000.000000000000000 ) ;
#3096 = ORIENTED_EDGE ( 'NONE', *, *, #700, .T. ) ;
#3097 = ORIENTED_EDGE ( 'NONE', *, *, #1992, .F. ) ;
#3098 = CARTESIAN_POINT ( 'NONE',  ( 90.00000000000000000, 220.0000000000000284, 7.499999999999985789 ) ) ;
#3099 = FACE_OUTER_BOUND ( 'NONE', #1424, .T. ) ;
#3100 =( NAMED_UNIT ( * ) SI_UNIT ( $, .STERADIAN. ) SOLID_ANGLE_UNIT ( ) );
#3101 = AXIS2_PLACEMENT_3D ( 'NONE', #3904, #1743, #1075 ) ;
#3102 = CIRCLE ( 'NONE', #656, 4.500000000000003553 ) ;
#3103 = VERTEX_POINT ( 'NONE', #484 ) ;
#3104 = CYLINDRICAL_SURFACE ( 'NONE', #2005, 7.499999999999992895 ) ;
#3105 = ORIENTED_EDGE ( 'NONE', *, *, #3146, .T. ) ;
#3106 =( LENGTH_UNIT ( ) NAMED_UNIT ( * ) SI_UNIT ( .MILLI., .METRE. ) );
#3107 = VECTOR ( 'NONE', #4001, 1000.000000000000000 ) ;
#3108 = PRESENTATION_LAYER_ASSIGNMENT (  '', '', ( #2296 ) ) ;
#3109 = VECTOR ( 'NONE', #3457, 1000.000000000000000 ) ;
#3110 = AXIS2_PLACEMENT_3D ( 'NONE', #3476, #4165, #222 ) ;
#3111 = ORIENTED_EDGE ( 'NONE', *, *, #880, .T. ) ;
#3112 = ADVANCED_FACE ( 'NONE', ( #4406 ), #3355, .F. ) ;
#3113 = DIRECTION ( 'NONE',  ( 0.0000000000000000000, 0.0000000000000000000, 1.000000000000000000 ) ) ;
#3114 = DIRECTION ( 'NONE',  ( 0.0000000000000000000, 0.0000000000000000000, 1.000000000000000000 ) ) ;
#3115 = VERTEX_POINT ( 'NONE', #4430 ) ;
#3116 = CARTESIAN_POINT ( 'NONE',  ( -7.500000000000000000, 220.0000000000000284, -90.00000000000000000 ) ) ;
#3117 = EDGE_CURVE ( 'NONE', #2751, #1955, #973, .T. ) ;
#3118 = ORIENTED_EDGE ( 'NONE', *, *, #610, .F. ) ;
#3119 = DIRECTION ( 'NONE',  ( -0.0000000000000000000, 1.000000000000000000, -0.0000000000000000000 ) ) ;
#3120 = DIRECTION ( 'NONE',  ( 0.0000000000000000000, 0.0000000000000000000, 1.000000000000000000 ) ) ;
#3121 = AXIS2_PLACEMENT_3D ( 'NONE', #2903, #1466, #2914 ) ;
#3122 = CARTESIAN_POINT ( 'NONE',  ( -124.9999999999999432, 1100.000000000000000, 115.0000000000000426 ) ) ;
#3123 = EDGE_CURVE ( 'NONE', #2600, #3103, #3214, .T. ) ;
#3124 = DIRECTION ( 'NONE',  ( -0.0000000000000000000, 1.000000000000000000, -0.0000000000000000000 ) ) ;
#3125 = EDGE_CURVE ( 'NONE', #40, #730, #3837, .T. ) ;
#3126 = STYLED_ITEM ( 'NONE', ( #1386 ), #4586 ) ;
#3127 =( NAMED_UNIT ( * ) PLANE_ANGLE_UNIT ( ) SI_UNIT ( $, .RADIAN. ) );
#3128 =( NAMED_UNIT ( * ) SI_UNIT ( $, .STERADIAN. ) SOLID_ANGLE_UNIT ( ) );
#3129 = AXIS2_PLACEMENT_3D ( 'NONE', #3361, #2241, #1868 ) ;
#3130 = ORIENTED_EDGE ( 'NONE', *, *, #622, .F. ) ;
#3131 = ORIENTED_EDGE ( 'NONE', *, *, #994, .F. ) ;
#3132 = EDGE_LOOP ( 'NONE', ( #3772, #1953, #2087, #2412 ) ) ;
#3133 = CARTESIAN_POINT ( 'NONE',  ( -90.00000000000000000, 1080.000000000000000, 69.99999999999985789 ) ) ;
#3134 = ORIENTED_EDGE ( 'NONE', *, *, #545, .F. ) ;
#3135 = ORIENTED_EDGE ( 'NONE', *, *, #3431, .F. ) ;
#3136 = DIRECTION ( 'NONE',  ( -0.0000000000000000000, 1.000000000000000000, -0.0000000000000000000 ) ) ;
#3137 = CARTESIAN_POINT ( 'NONE',  ( -124.9999999999999432, 1100.000000000000000, 115.0000000000000426 ) ) ;
#3138 = EDGE_CURVE ( 'NONE', #1256, #640, #2826, .T. ) ;
#3139 = AXIS2_PLACEMENT_3D ( 'NONE', #2064, #264, #1022 ) ;
#3140 = VECTOR ( 'NONE', #3279, 1000.000000000000000 ) ;
#3141 = EDGE_LOOP ( 'NONE', ( #1247, #4456, #1304, #2443 ) ) ;
#3142 = DIRECTION ( 'NONE',  ( 0.0000000000000000000, 0.0000000000000000000, -1.000000000000000000 ) ) ;
#3143 = DIRECTION ( 'NONE',  ( 1.000000000000000000, 0.0000000000000000000, -1.982541115402069301E-16 ) ) ;
#3144 = CARTESIAN_POINT ( 'NONE',  ( 77.99999999999998579, 1015.000000000000114, -45.00000000000000000 ) ) ;
#3145 = UNCERTAINTY_MEASURE_WITH_UNIT (LENGTH_MEASURE( 1.000000000000000082E-05 ), #1066, 'distance_accuracy_value', 'NONE');
#3146 = EDGE_CURVE ( 'NONE', #4572, #865, #854, .T. ) ;
#3147 = EDGE_LOOP ( 'NONE', ( #1691, #224, #1461, #480 ) ) ;
#3148 = CYLINDRICAL_SURFACE ( 'NONE', #2349, 4.499999999999997335 ) ;
#3149 = FACE_BOUND ( 'NONE', #1828, .T. ) ;
#3150 = AXIS2_PLACEMENT_3D ( 'NONE', #1618, #3371, #2624 ) ;
#3151 = EDGE_LOOP ( 'NONE', ( #4386, #4523, #3451, #743 ) ) ;
#3152 = VERTEX_POINT ( 'NONE', #100 ) ;
#3153 = CARTESIAN_POINT ( 'NONE',  ( 124.9999999999999716, 0.0000000000000000000, -26.59999999999999787 ) ) ;
#3154 = AXIS2_PLACEMENT_3D ( 'NONE', #2761, #609, #4554 ) ;
#3155 = DIRECTION ( 'NONE',  ( -1.000000000000000000, -0.0000000000000000000, 1.020425574104005355E-16 ) ) ;
#3156 = CARTESIAN_POINT ( 'NONE',  ( 90.00000000000000000, 1100.000000000000000, 90.00000000000000000 ) ) ;
#3157 = ORIENTED_EDGE ( 'NONE', *, *, #1426, .T. ) ;
#3158 = AXIS2_PLACEMENT_3D ( 'NONE', #1642, #3755, #2710 ) ;
#3159 = LINE ( 'NONE', #1468, #4578 ) ;
#3160 = CARTESIAN_POINT ( 'NONE',  ( 90.00000000000000000, 19.99999999999998934, 7.499999999999985789 ) ) ;
#3161 = ORIENTED_EDGE ( 'NONE', *, *, #1811, .F. ) ;
#3162 = ORIENTED_EDGE ( 'NONE', *, *, #341, .T. ) ;
#3163 = FILL_AREA_STYLE ('',( #916 ) ) ;
#3164 = DIRECTION ( 'NONE',  ( -1.000000000000000000, -0.0000000000000000000, 1.020425574104005355E-16 ) ) ;
#3165 = FACE_OUTER_BOUND ( 'NONE', #4255, .T. ) ;
#3166 = DIRECTION ( 'NONE',  ( 0.0000000000000000000, 0.0000000000000000000, -1.000000000000000000 ) ) ;
#3167 = COLOUR_RGB ( '',1.000000000000000000, 1.000000000000000000, 1.000000000000000000 ) ;
#3168 = CARTESIAN_POINT ( 'NONE',  ( 90.00000000000000000, 1100.000000000000000, -84.90000000000000568 ) ) ;
#3169 = VECTOR ( 'NONE', #1774, 1000.000000000000114 ) ;
#3170 = DIRECTION ( 'NONE',  ( 0.0000000000000000000, 0.0000000000000000000, 1.000000000000000000 ) ) ;
#3171 = ORIENTED_EDGE ( 'NONE', *, *, #3529, .F. ) ;
#3172 = EDGE_LOOP ( 'NONE', ( #1904, #3330, #1299, #3832 ) ) ;
#3173 = AXIS2_PLACEMENT_3D ( 'NONE', #2920, #1135, #1164 ) ;
#3174 = CARTESIAN_POINT ( 'NONE',  ( -69.99999999999985789, 1080.000000000000000, -89.99999999999997158 ) ) ;
#3175 = DIRECTION ( 'NONE',  ( 0.7071067811865516806, 0.0000000000000000000, -0.7071067811865434649 ) ) ;
#3176 = CARTESIAN_POINT ( 'NONE',  ( 124.9999999999999716, 20.00000000000000000, 30.00000000000000000 ) ) ;
#3177 = PLANE ( 'NONE',  #1180 ) ;
#3178 = EDGE_CURVE ( 'NONE', #4087, #1518, #3662, .T. ) ;
#3179 = FACE_OUTER_BOUND ( 'NONE', #3313, .T. ) ;
#3180 = CARTESIAN_POINT ( 'NONE',  ( -68.00000000000000000, 1080.000000000000000, -67.99999999999998579 ) ) ;
#3181 =( LENGTH_UNIT ( ) NAMED_UNIT ( * ) SI_UNIT ( .MILLI., .METRE. ) );
#3182 = PRESENTATION_LAYER_ASSIGNMENT (  '', '', ( #4103 ) ) ;
#3183 = DIRECTION ( 'NONE',  ( 0.0000000000000000000, 0.7071067811865081598, 0.7071067811865867636 ) ) ;
#3184 = EDGE_CURVE ( 'NONE', #221, #1520, #1307, .T. ) ;
#3185 = DIRECTION ( 'NONE',  ( 9.244463733058732095E-33, -1.000000000000000000, -1.729880772769295163E-33 ) ) ;
#3186 = DIRECTION ( 'NONE',  ( 0.0000000000000000000, 0.0000000000000000000, 1.000000000000000000 ) ) ;
#3187 = ORIENTED_EDGE ( 'NONE', *, *, #4254, .F. ) ;
#3188 = PRESENTATION_LAYER_ASSIGNMENT (  '', '', ( #4408 ) ) ;
#3189 = DIRECTION ( 'NONE',  ( 1.000000000000000000, -0.0000000000000000000, -0.0000000000000000000 ) ) ;
#3190 = AXIS2_PLACEMENT_3D ( 'NONE', #3751, #3688, #1259 ) ;
#3191 = DIRECTION ( 'NONE',  ( 1.982541115402069301E-16, 1.181499347331008115E-35, 1.000000000000000000 ) ) ;
#3192 =( LENGTH_UNIT ( ) NAMED_UNIT ( * ) SI_UNIT ( .MILLI., .METRE. ) );
#3193 =( NAMED_UNIT ( * ) SI_UNIT ( $, .STERADIAN. ) SOLID_ANGLE_UNIT ( ) );
#3194 = AXIS2_PLACEMENT_3D ( 'NONE', #3310, #1882, #1157 ) ;
#3195 = EDGE_LOOP ( 'NONE', ( #293, #3280 ) ) ;
#3196 = ORIENTED_EDGE ( 'NONE', *, *, #3635, .T. ) ;
#3197 = EDGE_LOOP ( 'NONE', ( #4522, #3093 ) ) ;
#3198 = DIRECTION ( 'NONE',  ( -1.000000000000000000, 0.0000000000000000000, 1.020425574104005602E-16 ) ) ;
#3199 = CYLINDRICAL_SURFACE ( 'NONE', #1947, 2.499999999999946709 ) ;
#3200 = AXIS2_PLACEMENT_3D ( 'NONE', #1312, #3844, #1711 ) ;
#3201 = EDGE_LOOP ( 'NONE', ( #1923, #3374, #1027, #2787 ) ) ;
#3202 = CLOSED_SHELL ( 'NONE', ( #3362, #4433, #1960, #2490, #2149, #648, #3839 ) ) ;
#3203 = ADVANCED_FACE ( 'NONE', ( #3721 ), #1556, .F. ) ;
#3204 = DIRECTION ( 'NONE',  ( 0.0000000000000000000, 1.000000000000000000, 0.0000000000000000000 ) ) ;
#3205 = EDGE_LOOP ( 'NONE', ( #1750, #1673 ) ) ;
#3206 = DIRECTION ( 'NONE',  ( -0.0000000000000000000, 1.000000000000000000, -0.0000000000000000000 ) ) ;
#3207 = EDGE_CURVE ( 'NONE', #394, #3678, #1973, .T. ) ;
#3208 = DIRECTION ( 'NONE',  ( 0.1961161351381840445, -0.9805806756909202226, -7.703719777548942557E-34 ) ) ;
#3209 = CARTESIAN_POINT ( 'NONE',  ( 7.499999999999989342, 20.00000000000001776, -139.9999999999999716 ) ) ;
#3210 = VERTEX_POINT ( 'NONE', #3694 ) ;
#3211 = ORIENTED_EDGE ( 'NONE', *, *, #233, .F. ) ;
#3212 = VECTOR ( 'NONE', #3873, 1000.000000000000000 ) ;
#3213 = DIRECTION ( 'NONE',  ( 0.0000000000000000000, 0.0000000000000000000, 1.000000000000000000 ) ) ;
#3214 = LINE ( 'NONE', #3343, #2253 ) ;
#3215 = CARTESIAN_POINT ( 'NONE',  ( -7.499999999999989342, 70.00000000000001421, 139.9999999999999716 ) ) ;
#3216 = EDGE_CURVE ( 'NONE', #2706, #4553, #4070, .T. ) ;
#3217 = EDGE_LOOP ( 'NONE', ( #2042, #3961, #4003, #378 ) ) ;
#3218 = CIRCLE ( 'NONE', #3892, 2.999999999999988898 ) ;
#3219 = VERTEX_POINT ( 'NONE', #4394 ) ;
#3220 = DIRECTION ( 'NONE',  ( -0.0000000000000000000, 1.000000000000000000, -0.0000000000000000000 ) ) ;
#3221 = LINE ( 'NONE', #1275, #4240 ) ;
#3222 = VECTOR ( 'NONE', #4257, 1000.000000000000000 ) ;
#3223 = VECTOR ( 'NONE', #3915, 1000.000000000000114 ) ;
#3224 = VERTEX_POINT ( 'NONE', #1900 ) ;
#3225 = COLOUR_RGB ( '',1.000000000000000000, 1.000000000000000000, 1.000000000000000000 ) ;
#3226 = DIRECTION ( 'NONE',  ( 0.9805806756909202226, -0.1961161351381840445, 0.0000000000000000000 ) ) ;
#3227 = VERTEX_POINT ( 'NONE', #3035 ) ;
#3228 = VECTOR ( 'NONE', #2192, 1000.000000000000114 ) ;
#3229 = EDGE_CURVE ( 'NONE', #2970, #1994, #1195, .T. ) ;
#3230 = CARTESIAN_POINT ( 'NONE',  ( -9.950721815702933470E-13, -0.001000000000001000089, 142.5000000000000568 ) ) ;
#3231 = AXIS2_PLACEMENT_3D ( 'NONE', #3597, #34, #4309 ) ;
#3232 = DIRECTION ( 'NONE',  ( -0.0000000000000000000, 1.000000000000000000, -0.0000000000000000000 ) ) ;
#3233 = ORIENTED_EDGE ( 'NONE', *, *, #3885, .F. ) ;
#3234 = ORIENTED_EDGE ( 'NONE', *, *, #397, .F. ) ;
#3235 = CARTESIAN_POINT ( 'NONE',  ( 140.0000000000000000, 70.00000000000001421, 7.499999999999985789 ) ) ;
#3236 = CARTESIAN_POINT ( 'NONE',  ( -70.00000000000000000, 1080.000000000000000, 97.99999999999998579 ) ) ;
#3237 = CARTESIAN_POINT ( 'NONE',  ( -124.9999999999999716, 0.0000000000000000000, -30.00000000000000000 ) ) ;
#3238 = SURFACE_STYLE_USAGE ( .BOTH. , #37 ) ;
#3239 = ORIENTED_EDGE ( 'NONE', *, *, #4599, .F. ) ;
#3240 = DIRECTION ( 'NONE',  ( 0.0000000000000000000, 0.0000000000000000000, -1.000000000000000000 ) ) ;
#3241 = CARTESIAN_POINT ( 'NONE',  ( 7.499999999999994671, 220.0000000000000284, -109.9999999999999858 ) ) ;
#3242 = CARTESIAN_POINT ( 'NONE',  ( -110.0000000000000000, 220.0000000000000284, 7.500000000000013323 ) ) ;
#3243 = CARTESIAN_POINT ( 'NONE',  ( 70.00000000000000000, 1100.000000000000000, -91.50000000000000000 ) ) ;
#3244 = DIRECTION ( 'NONE',  ( -0.0000000000000000000, 1.000000000000000000, -0.0000000000000000000 ) ) ;
#3245 = DIRECTION ( 'NONE',  ( 0.0000000000000000000, -1.000000000000000000, 0.0000000000000000000 ) ) ;
#3246 = DIRECTION ( 'NONE',  ( 1.932701039895095811E-34, 1.000000000000000000, 1.540743955509788340E-33 ) ) ;
#3247 = DIRECTION ( 'NONE',  ( -7.401486830834376525E-17, -1.000000000000000000, -0.0000000000000000000 ) ) ;
#3248 = DIRECTION ( 'NONE',  ( -1.982541115402069054E-16, 5.830650755791935071E-35, -1.000000000000000000 ) ) ;
#3249 = AXIS2_PLACEMENT_3D ( 'NONE', #101, #1857, #1121 ) ;
#3250 = ORIENTED_EDGE ( 'NONE', *, *, #2724, .F. ) ;
#3251 = CARTESIAN_POINT ( 'NONE',  ( 115.0000000000000711, 1100.000000000000000, 125.0000000000000000 ) ) ;
#3252 = ORIENTED_EDGE ( 'NONE', *, *, #1058, .F. ) ;
#3253 = VERTEX_POINT ( 'NONE', #1616 ) ;
#3254 = CARTESIAN_POINT ( 'NONE',  ( 78.00000000000000000, 1015.000000000000114, 45.00000000000000000 ) ) ;
#3255 = DIRECTION ( 'NONE',  ( -0.7071067811865455743, 0.0000000000000000000, -0.7071067811865493491 ) ) ;
#3256 = CARTESIAN_POINT ( 'NONE',  ( 0.0000000000000000000, 20.00000000000000000, -142.5000000000000568 ) ) ;
#3257 = LINE ( 'NONE', #226, #1347 ) ;
#3258 = VERTEX_POINT ( 'NONE', #2671 ) ;
#3259 = ORIENTED_EDGE ( 'NONE', *, *, #1064, .T. ) ;
#3260 =( NAMED_UNIT ( * ) PLANE_ANGLE_UNIT ( ) SI_UNIT ( $, .RADIAN. ) );
#3261 = DIRECTION ( 'NONE',  ( -0.0000000000000000000, 1.000000000000000000, -0.0000000000000000000 ) ) ;
#3262 = CARTESIAN_POINT ( 'NONE',  ( -69.99999999999998579, 20.00000000000000355, -69.99999999999997158 ) ) ;
#3263 = SURFACE_STYLE_FILL_AREA ( #382 ) ;
#3264 = ORIENTED_EDGE ( 'NONE', *, *, #2179, .F. ) ;
#3265 = LINE ( 'NONE', #2853, #2759 ) ;
#3266 = LINE ( 'NONE', #958, #2496 ) ;
#3267 = ORIENTED_EDGE ( 'NONE', *, *, #4610, .T. ) ;
#3268 = FACE_BOUND ( 'NONE', #2392, .T. ) ;
#3269 = VECTOR ( 'NONE', #4214, 1000.000000000000114 ) ;
#3270 = EDGE_CURVE ( 'NONE', #4514, #3884, #1037, .T. ) ;
#3271 = ORIENTED_EDGE ( 'NONE', *, *, #3216, .F. ) ;
#3272 = ORIENTED_EDGE ( 'NONE', *, *, #482, .T. ) ;
#3273 = LINE ( 'NONE', #2458, #980 ) ;
#3274 = VECTOR ( 'NONE', #3656, 1000.000000000000000 ) ;
#3275 = CARTESIAN_POINT ( 'NONE',  ( -140.0000000000000000, 20.00000000000000000, 150.0000000000000000 ) ) ;
#3276 = AXIS2_PLACEMENT_3D ( 'NONE', #3570, #3606, #2898 ) ;
#3277 = EDGE_LOOP ( 'NONE', ( #2876, #923 ) ) ;
#3278 = CARTESIAN_POINT ( 'NONE',  ( 0.0000000000000000000, 0.0000000000000000000, 0.0000000000000000000 ) ) ;
#3280 = ORIENTED_EDGE ( 'NONE', *, *, #3579, .F. ) ;
#3279 = DIRECTION ( 'NONE',  ( -1.000000000000000000, -1.932701039895095811E-34, -6.162975822039153361E-33 ) ) ;
#3281 = DIRECTION ( 'NONE',  ( 0.1961161351381840445, -0.9805806756909202226, -7.703719777548942557E-34 ) ) ;
#3282 = PRESENTATION_LAYER_ASSIGNMENT (  '', '', ( #3863 ) ) ;
#3283 = PLANE ( 'NONE',  #1236 ) ;
#3284 = VECTOR ( 'NONE', #1622, 1000.000000000000000 ) ;
#3285 = SURFACE_STYLE_USAGE ( .BOTH. , #27 ) ;
#3286 = EDGE_CURVE ( 'NONE', #1700, #2749, #1863, .T. ) ;
#3287 = EDGE_LOOP ( 'NONE', ( #4635, #2609, #3162, #1721 ) ) ;
#3288 = CARTESIAN_POINT ( 'NONE',  ( 125.0000000000000568, 1080.000000000000000, 115.0000000000000142 ) ) ;
#3289 = AXIS2_PLACEMENT_3D ( 'NONE', #1435, #2152, #4672 ) ;
#3290 = FACE_OUTER_BOUND ( 'NONE', #996, .T. ) ;
#3291 =( NAMED_UNIT ( * ) SI_UNIT ( $, .STERADIAN. ) SOLID_ANGLE_UNIT ( ) );
#3292 = DIRECTION ( 'NONE',  ( 0.0000000000000000000, 1.000000000000000000, 0.0000000000000000000 ) ) ;
#3293 = STYLED_ITEM ( 'NONE', ( #240 ), #2347 ) ;
#3294 = ADVANCED_FACE ( 'NONE', ( #4627 ), #4289, .F. ) ;
#3295 = LINE ( 'NONE', #1444, #3633 ) ;
#3296 = CARTESIAN_POINT ( 'NONE',  ( 90.00000000000000000, 1015.000000000000114, -42.50000000000004974 ) ) ;
#3297 = UNCERTAINTY_MEASURE_WITH_UNIT (LENGTH_MEASURE( 1.000000000000000082E-05 ), #2506, 'distance_accuracy_value', 'NONE');
#3298 = EDGE_CURVE ( 'NONE', #317, #1493, #796, .T. ) ;
#3299 = AXIS2_PLACEMENT_3D ( 'NONE', #4511, #2758, #1756 ) ;
#3300 = DIRECTION ( 'NONE',  ( 0.0000000000000000000, 0.0000000000000000000, 1.000000000000000000 ) ) ;
#3301 = EDGE_CURVE ( 'NONE', #4277, #1096, #190, .T. ) ;
#3302 = DIRECTION ( 'NONE',  ( 1.944041506525991425E-16, -0.1961161351381840168, 0.9805806756909202226 ) ) ;
#3303 = DIRECTION ( 'NONE',  ( 0.0000000000000000000, 0.0000000000000000000, 1.000000000000000000 ) ) ;
#3304 = CARTESIAN_POINT ( 'NONE',  ( -70.00000000000000000, 1100.000000000000000, 98.00000000000000000 ) ) ;
#3305 = VERTEX_POINT ( 'NONE', #4458 ) ;
#3306 = ORIENTED_EDGE ( 'NONE', *, *, #2685, .T. ) ;
#3307 = ORIENTED_EDGE ( 'NONE', *, *, #2685, .F. ) ;
#3308 = ORIENTED_EDGE ( 'NONE', *, *, #4498, .T. ) ;
#3309 = EDGE_CURVE ( 'NONE', #438, #4572, #3048, .T. ) ;
#3310 = CARTESIAN_POINT ( 'NONE',  ( 0.0000000000000000000, 1.387778780781445676E-14, 7.500000000000013323 ) ) ;
#3311 = ORIENTED_EDGE ( 'NONE', *, *, #157, .T. ) ;
#3312 = DIRECTION ( 'NONE',  ( -0.0000000000000000000, 1.000000000000000000, -0.0000000000000000000 ) ) ;
#3313 = EDGE_LOOP ( 'NONE', ( #2266, #2682, #1632, #182 ) ) ;
#3314 = FACE_OUTER_BOUND ( 'NONE', #3645, .T. ) ;
#3315 = CARTESIAN_POINT ( 'NONE',  ( 150.0000000000000284, 20.00000000000000000, 139.9999999999999716 ) ) ;
#3316 = CARTESIAN_POINT ( 'NONE',  ( -124.9999999999999716, 20.00000000000000000, 117.5000000000000142 ) ) ;
#3317 = ORIENTED_EDGE ( 'NONE', *, *, #1992, .T. ) ;
#3318 = APPLICATION_CONTEXT ( 'automotive_design' ) ;
#3319 = DIRECTION ( 'NONE',  ( 0.0000000000000000000, 0.0000000000000000000, 1.000000000000000000 ) ) ;
#3320 = DIRECTION ( 'NONE',  ( -0.0000000000000000000, 1.000000000000000000, -0.0000000000000000000 ) ) ;
#3321 = FACE_OUTER_BOUND ( 'NONE', #2975, .T. ) ;
#3322 = LINE ( 'NONE', #547, #2368 ) ;
#3323 = ORIENTED_EDGE ( 'NONE', *, *, #379, .F. ) ;
#3324 = VERTEX_POINT ( 'NONE', #890 ) ;
#3325 = CARTESIAN_POINT ( 'NONE',  ( 125.0000000000000568, 1100.000000000000000, -114.9999999999999858 ) ) ;
#3326 = FACE_OUTER_BOUND ( 'NONE', #2831, .T. ) ;
#3327 = LINE ( 'NONE', #1003, #2203 ) ;
#3328 = VECTOR ( 'NONE', #1237, 1000.000000000000000 ) ;
#3329 = DIRECTION ( 'NONE',  ( -0.0000000000000000000, -1.000000000000000000, -0.0000000000000000000 ) ) ;
#3330 = ORIENTED_EDGE ( 'NONE', *, *, #4174, .T. ) ;
#3331 = EDGE_LOOP ( 'NONE', ( #1726, #2515, #2457, #1042 ) ) ;
#3332 = CARTESIAN_POINT ( 'NONE',  ( 30.00000000000000000, 0.0000000000000000000, -129.5000000000000000 ) ) ;
#3333 = ORIENTED_EDGE ( 'NONE', *, *, #387, .T. ) ;
#3334 = CIRCLE ( 'NONE', #4450, 3.400000000000000355 ) ;
#3335 = LINE ( 'NONE', #3996, #1921 ) ;
#3336 = DIRECTION ( 'NONE',  ( -0.0000000000000000000, 1.000000000000000000, -0.0000000000000000000 ) ) ;
#3337 = EDGE_CURVE ( 'NONE', #2970, #3513, #2147, .T. ) ;
#3338 = PRESENTATION_STYLE_ASSIGNMENT (( #2905 ) ) ;
#3339 = ORIENTED_EDGE ( 'NONE', *, *, #2098, .F. ) ;
#3340 = VECTOR ( 'NONE', #2612, 1000.000000000000114 ) ;
#3341 = ORIENTED_EDGE ( 'NONE', *, *, #1124, .T. ) ;
#3342 = VECTOR ( 'NONE', #3183, 1000.000000000000000 ) ;
#3343 = CARTESIAN_POINT ( 'NONE',  ( 67.99999999999991473, 1080.000000000000000, 77.99999999999995737 ) ) ;
#3344 = VECTOR ( 'NONE', #3815, 1000.000000000000000 ) ;
#3345 = DIRECTION ( 'NONE',  ( 0.7071067811865409114, 0.0000000000000000000, 0.7071067811865541231 ) ) ;
#3346 = DIRECTION ( 'NONE',  ( 0.0000000000000000000, 0.0000000000000000000, -1.000000000000000000 ) ) ;
#3347 = VERTEX_POINT ( 'NONE', #170 ) ;
#3348 = EDGE_CURVE ( 'NONE', #1925, #2822, #1654, .T. ) ;
#3349 = VERTEX_POINT ( 'NONE', #2345 ) ;
#3350 = VERTEX_POINT ( 'NONE', #4141 ) ;
#3351 =( GEOMETRIC_REPRESENTATION_CONTEXT ( 3 ) GLOBAL_UNCERTAINTY_ASSIGNED_CONTEXT ( ( #1695 ) ) GLOBAL_UNIT_ASSIGNED_CONTEXT ( ( #4644, #323, #2849 ) ) REPRESENTATION_CONTEXT ( 'NONE', 'WORKASPACE' ) );
#3352 = DIRECTION ( 'NONE',  ( 0.0000000000000000000, 0.0000000000000000000, 1.000000000000000000 ) ) ;
#3353 =( NAMED_UNIT ( * ) SI_UNIT ( $, .STERADIAN. ) SOLID_ANGLE_UNIT ( ) );
#3354 = LINE ( 'NONE', #1858, #1115 ) ;
#3355 = PLANE ( 'NONE',  #565 ) ;
#3356 = CARTESIAN_POINT ( 'NONE',  ( 124.9999999999999716, 20.00000000000000000, 30.00000000000000000 ) ) ;
#3357 = UNCERTAINTY_MEASURE_WITH_UNIT (LENGTH_MEASURE( 1.000000000000000082E-05 ), #2601, 'distance_accuracy_value', 'NONE');
#3358 = DIRECTION ( 'NONE',  ( 0.0000000000000000000, 0.0000000000000000000, 1.000000000000000000 ) ) ;
#3359 = EDGE_CURVE ( 'NONE', #4220, #4004, #1526, .T. ) ;
#3360 = PRESENTATION_LAYER_ASSIGNMENT (  '', '', ( #1652 ) ) ;
#3361 = CARTESIAN_POINT ( 'NONE',  ( 90.00000000000000000, 1015.000000000000114, 45.00000000000000000 ) ) ;
#3362 = ADVANCED_FACE ( 'NONE', ( #2940 ), #2425, .F. ) ;
#3363 =( GEOMETRIC_REPRESENTATION_CONTEXT ( 3 ) GLOBAL_UNCERTAINTY_ASSIGNED_CONTEXT ( ( #1283 ) ) GLOBAL_UNIT_ASSIGNED_CONTEXT ( ( #4118, #2356, #945 ) ) REPRESENTATION_CONTEXT ( 'NONE', 'WORKASPACE' ) );
#3364 = VERTEX_POINT ( 'NONE', #4229 ) ;
#3365 = PRESENTATION_LAYER_ASSIGNMENT (  '', '', ( #4334 ) ) ;
#3366 = EDGE_CURVE ( 'NONE', #4127, #1419, #2985, .T. ) ;
#3367 = CARTESIAN_POINT ( 'NONE',  ( -70.00000000000000000, 1099.500000000000227, 92.00000000000000000 ) ) ;
#3368 = LINE ( 'NONE', #464, #3483 ) ;
#3369 = VERTEX_POINT ( 'NONE', #2380 ) ;
#3370 = EDGE_LOOP ( 'NONE', ( #4588, #3507, #3615, #3333 ) ) ;
#3371 = DIRECTION ( 'NONE',  ( 0.0000000000000000000, 1.000000000000000000, 0.0000000000000000000 ) ) ;
#3372 = CARTESIAN_POINT ( 'NONE',  ( 90.00000000000000000, 1080.000000000000000, 69.99999999999982947 ) ) ;
#3373 = EDGE_CURVE ( 'NONE', #4553, #2969, #3554, .T. ) ;
#3374 = ORIENTED_EDGE ( 'NONE', *, *, #1777, .T. ) ;
#3375 =( GEOMETRIC_REPRESENTATION_CONTEXT ( 3 ) GLOBAL_UNCERTAINTY_ASSIGNED_CONTEXT ( ( #2525 ) ) GLOBAL_UNIT_ASSIGNED_CONTEXT ( ( #624, #3127, #4233 ) ) REPRESENTATION_CONTEXT ( 'NONE', 'WORKASPACE' ) );
#3376 = DIRECTION ( 'NONE',  ( -0.0000000000000000000, 1.000000000000000000, -0.0000000000000000000 ) ) ;
#3377 = VECTOR ( 'NONE', #500, 1000.000000000000000 ) ;
#3378 = AXIS2_PLACEMENT_3D ( 'NONE', #2301, #3020, #884 ) ;
#3379 = CARTESIAN_POINT ( 'NONE',  ( 30.00000000000000000, 20.00000000000000000, -129.5000000000000000 ) ) ;
#3380 = SURFACE_STYLE_USAGE ( .BOTH. , #1567 ) ;
#3381 = DIRECTION ( 'NONE',  ( -0.0000000000000000000, 1.000000000000000000, -0.0000000000000000000 ) ) ;
#3382 = ORIENTED_EDGE ( 'NONE', *, *, #1102, .F. ) ;
#3383 = FACE_OUTER_BOUND ( 'NONE', #4226, .T. ) ;
#3384 = SURFACE_SIDE_STYLE ('',( #4518 ) ) ;
#3385 = CARTESIAN_POINT ( 'NONE',  ( 90.00000000000000000, 220.0000000000000284, -7.500000000000013323 ) ) ;
#3387 = ORIENTED_EDGE ( 'NONE', *, *, #2348, .T. ) ;
#3386 = SURFACE_SIDE_STYLE ('',( #398 ) ) ;
#3388 = SURFACE_STYLE_USAGE ( .BOTH. , #4420 ) ;
#3389 = ORIENTED_EDGE ( 'NONE', *, *, #3555, .T. ) ;
#3390 = FACE_OUTER_BOUND ( 'NONE', #4579, .T. ) ;
#3391 = LINE ( 'NONE', #1826, #1481 ) ;
#3392 = ADVANCED_FACE ( 'NONE', ( #3448 ), #4236, .F. ) ;
#3393 = VERTEX_POINT ( 'NONE', #2410 ) ;
#3394 = CIRCLE ( 'NONE', #3603, 3.400000000000000355 ) ;
#3395 = CARTESIAN_POINT ( 'NONE',  ( 124.9999999999999716, 20.00000000000000000, 30.00000000000000000 ) ) ;
#3396 = EDGE_CURVE ( 'NONE', #4363, #250, #2372, .T. ) ;
#3397 = ORIENTED_EDGE ( 'NONE', *, *, #2513, .T. ) ;
#3398 = FACE_OUTER_BOUND ( 'NONE', #2986, .T. ) ;
#3399 = CYLINDRICAL_SURFACE ( 'NONE', #4276, 3.000000000000002665 ) ;
#3400 = VECTOR ( 'NONE', #3669, 1000.000000000000000 ) ;
#3401 = LINE ( 'NONE', #1449, #1874 ) ;
#3402 = FACE_BOUND ( 'NONE', #413, .T. ) ;
#3403 = CIRCLE ( 'NONE', #944, 7.499999999999992895 ) ;
#3404 = SURFACE_STYLE_USAGE ( .BOTH. , #3384 ) ;
#3405 = ORIENTED_EDGE ( 'NONE', *, *, #2518, .F. ) ;
#3406 = EDGE_LOOP ( 'NONE', ( #2293, #1738 ) ) ;
#3407 = DIRECTION ( 'NONE',  ( 0.0000000000000000000, 0.0000000000000000000, 1.000000000000000000 ) ) ;
#3408 = CARTESIAN_POINT ( 'NONE',  ( -7.500000000001158185, 0.0000000000000000000, 150.0000000000000284 ) ) ;
#3409 = DIRECTION ( 'NONE',  ( 8.659560562355413570E-17, 0.7071067811865081598, -0.7071067811865867636 ) ) ;
#3410 =( GEOMETRIC_REPRESENTATION_CONTEXT ( 3 ) GLOBAL_UNCERTAINTY_ASSIGNED_CONTEXT ( ( #164 ) ) GLOBAL_UNIT_ASSIGNED_CONTEXT ( ( #1601, #2295, #3695 ) ) REPRESENTATION_CONTEXT ( 'NONE', 'WORKASPACE' ) );
#3411 = PRESENTATION_LAYER_ASSIGNMENT (  '', '', ( #727 ) ) ;
#3412 = EDGE_LOOP ( 'NONE', ( #2988, #2157 ) ) ;
#3413 = CARTESIAN_POINT ( 'NONE',  ( -69.99999999999985789, 1080.000000000000000, 90.00000000000000000 ) ) ;
#3414 = MECHANICAL_DESIGN_GEOMETRIC_PRESENTATION_REPRESENTATION (  '', ( #4438 ), #1163 ) ;
#3415 = DIRECTION ( 'NONE',  ( 0.0000000000000000000, 0.0000000000000000000, 1.000000000000000000 ) ) ;
#3416 = CARTESIAN_POINT ( 'NONE',  ( -124.9999999999999716, 0.0000000000000000000, -30.00000000000000000 ) ) ;
#3417 = DIRECTION ( 'NONE',  ( -0.0000000000000000000, -1.000000000000000000, -0.0000000000000000000 ) ) ;
#3418 = CARTESIAN_POINT ( 'NONE',  ( 7.500000000000000000, 220.0000000000000284, 89.99999999999998579 ) ) ;
#3419 = AXIS2_PLACEMENT_3D ( 'NONE', #2480, #3928, #678 ) ;
#3420 = SURFACE_STYLE_FILL_AREA ( #2086 ) ;
#3421 = CARTESIAN_POINT ( 'NONE',  ( 77.99999999999998579, 20.00000000000000355, -67.99999999999991473 ) ) ;
#3422 = ORIENTED_EDGE ( 'NONE', *, *, #3604, .T. ) ;
#3423 = AXIS2_PLACEMENT_3D ( 'NONE', #657, #4230, #2029 ) ;
#3424 =( NAMED_UNIT ( * ) SI_UNIT ( $, .STERADIAN. ) SOLID_ANGLE_UNIT ( ) );
#3425 = ORIENTED_EDGE ( 'NONE', *, *, #120, .T. ) ;
#3426 = DIRECTION ( 'NONE',  ( -0.0000000000000000000, 1.000000000000000000, 0.0000000000000000000 ) ) ;
#3427 = VERTEX_POINT ( 'NONE', #638 ) ;
#3428 = ORIENTED_EDGE ( 'NONE', *, *, #839, .F. ) ;
#3429 = AXIS2_PLACEMENT_3D ( 'NONE', #42, #1495, #4358 ) ;
#3430 = VECTOR ( 'NONE', #1148, 1000.000000000000000 ) ;
#3431 = EDGE_CURVE ( 'NONE', #4572, #438, #2198, .T. ) ;
#3432 = ORIENTED_EDGE ( 'NONE', *, *, #4610, .F. ) ;
#3433 = ORIENTED_EDGE ( 'NONE', *, *, #3298, .F. ) ;
#3434 = CARTESIAN_POINT ( 'NONE',  ( 30.00000000000001421, 0.0000000000000000000, 128.3999999999999773 ) ) ;
#3435 = VECTOR ( 'NONE', #837, 1000.000000000000000 ) ;
#3436 = ADVANCED_FACE ( 'NONE', ( #2034 ), #4130, .F. ) ;
#3437 = ORIENTED_EDGE ( 'NONE', *, *, #3529, .T. ) ;
#3438 = SURFACE_STYLE_USAGE ( .BOTH. , #2350 ) ;
#3439 = CARTESIAN_POINT ( 'NONE',  ( -124.9999999999999716, 20.00000000000000000, -125.0000000000000000 ) ) ;
#3440 = CIRCLE ( 'NONE', #819, 9.999999999999994671 ) ;
#3441 =( GEOMETRIC_REPRESENTATION_CONTEXT ( 3 ) GLOBAL_UNCERTAINTY_ASSIGNED_CONTEXT ( ( #2811 ) ) GLOBAL_UNIT_ASSIGNED_CONTEXT ( ( #279, #4576, #3100 ) ) REPRESENTATION_CONTEXT ( 'NONE', 'WORKASPACE' ) );
#3442 =( GEOMETRIC_REPRESENTATION_CONTEXT ( 3 ) GLOBAL_UNCERTAINTY_ASSIGNED_CONTEXT ( ( #3357 ) ) GLOBAL_UNIT_ASSIGNED_CONTEXT ( ( #2601, #117, #3291 ) ) REPRESENTATION_CONTEXT ( 'NONE', 'WORKASPACE' ) );
#3443 = CIRCLE ( 'NONE', #3494, 20.00000000000000355 ) ;
#3444 = VERTEX_POINT ( 'NONE', #949 ) ;
#3445 = CARTESIAN_POINT ( 'NONE',  ( 90.00000000000000000, 1100.000000000000000, -95.09999999999999432 ) ) ;
#3446 = EDGE_LOOP ( 'NONE', ( #1745, #415 ) ) ;
#3447 = VECTOR ( 'NONE', #85, 1000.000000000000000 ) ;
#3448 = FACE_OUTER_BOUND ( 'NONE', #597, .T. ) ;
#3449 = ORIENTED_EDGE ( 'NONE', *, *, #3831, .T. ) ;
#3450 = ORIENTED_EDGE ( 'NONE', *, *, #1521, .T. ) ;
#3451 = ORIENTED_EDGE ( 'NONE', *, *, #2369, .F. ) ;
#3452 = VECTOR ( 'NONE', #3244, 1000.000000000000000 ) ;
#3453 = LINE ( 'NONE', #3242, #1710 ) ;
#3454 = FILL_AREA_STYLE ('',( #4225 ) ) ;
#3455 = CARTESIAN_POINT ( 'NONE',  ( -69.99999999999985789, 1080.000000000000000, 90.00000000000000000 ) ) ;
#3456 = LINE ( 'NONE', #3243, #2103 ) ;
#3457 = DIRECTION ( 'NONE',  ( -1.932701039895095811E-34, -1.000000000000000000, -1.540743955509788340E-33 ) ) ;
#3458 = EDGE_LOOP ( 'NONE', ( #1544, #1896, #911, #1021 ) ) ;
#3459 = LINE ( 'NONE', #3251, #2947 ) ;
#3460 = CARTESIAN_POINT ( 'NONE',  ( -90.00000000000000000, 1080.000000000000000, 95.09999999999999432 ) ) ;
#3461 = EDGE_CURVE ( 'NONE', #2600, #3258, #4341, .T. ) ;
#3462 = CARTESIAN_POINT ( 'NONE',  ( -2.775557561562891351E-14, -1.387778780781445676E-14, 7.499999999999985789 ) ) ;
#3463 = ORIENTED_EDGE ( 'NONE', *, *, #1773, .T. ) ;
#3464 = EDGE_CURVE ( 'NONE', #4521, #2432, #1474, .T. ) ;
#3465 = EDGE_LOOP ( 'NONE', ( #641, #4015 ) ) ;
#3466 = VERTEX_POINT ( 'NONE', #2398 ) ;
#3467 = DIRECTION ( 'NONE',  ( -0.0000000000000000000, -1.000000000000000000, -0.0000000000000000000 ) ) ;
#3468 = CARTESIAN_POINT ( 'NONE',  ( 90.00000000000000000, 1080.000000000000000, -90.00000000000000000 ) ) ;
#3469 = DIRECTION ( 'NONE',  ( 0.0000000000000000000, 0.0000000000000000000, 1.000000000000000000 ) ) ;
#3470 = EDGE_CURVE ( 'NONE', #626, #616, #1250, .T. ) ;
#3471 = PLANE ( 'NONE',  #2681 ) ;
#3472 = CARTESIAN_POINT ( 'NONE',  ( -124.9999999999999432, 1100.000000000000000, -114.9999999999999574 ) ) ;
#3473 = AXIS2_PLACEMENT_3D ( 'NONE', #4515, #4306, #1395 ) ;
#3474 = ADVANCED_FACE ( 'NONE', ( #409 ), #2311, .F. ) ;
#3475 = CARTESIAN_POINT ( 'NONE',  ( 30.00000000000000000, 0.0000000000000000000, -125.0000000000000000 ) ) ;
#3476 = CARTESIAN_POINT ( 'NONE',  ( 140.0000000000000000, 19.99999999999998934, -7.500000000000013323 ) ) ;
#3477 = DIRECTION ( 'NONE',  ( 0.0000000000000000000, 0.0000000000000000000, 1.000000000000000000 ) ) ;
#3478 = EDGE_CURVE ( 'NONE', #4354, #4567, #1581, .T. ) ;
#3479 = ORIENTED_EDGE ( 'NONE', *, *, #3184, .T. ) ;
#3480 = ORIENTED_EDGE ( 'NONE', *, *, #1058, .T. ) ;
#3481 = CARTESIAN_POINT ( 'NONE',  ( 90.00000000000000000, 1015.000000000000114, -45.00000000000000000 ) ) ;
#3482 = DIRECTION ( 'NONE',  ( -1.000000000000000000, 0.0000000000000000000, 1.020425574104005602E-16 ) ) ;
#3483 = VECTOR ( 'NONE', #1575, 1000.000000000000000 ) ;
#3484 = VERTEX_POINT ( 'NONE', #715 ) ;
#3485 = VERTEX_POINT ( 'NONE', #1328 ) ;
#3486 = EDGE_CURVE ( 'NONE', #280, #3115, #2430, .T. ) ;
#3487 = PLANE ( 'NONE',  #66 ) ;
#3488 = ORIENTED_EDGE ( 'NONE', *, *, #686, .T. ) ;
#3489 = FACE_OUTER_BOUND ( 'NONE', #1508, .T. ) ;
#3490 = FACE_OUTER_BOUND ( 'NONE', #4670, .T. ) ;
#3491 = CARTESIAN_POINT ( 'NONE',  ( 30.00000000000000000, 20.00000000000000000, -120.5000000000000000 ) ) ;
#3492 = ADVANCED_FACE ( 'NONE', ( #2543, #517, #3149, #2261, #4195, #1255, #862, #3843, #1425, #981, #4349, #2438, #20, #2377 ), #991, .F. ) ;
#3493 = EDGE_CURVE ( 'NONE', #1285, #1293, #2040, .T. ) ;
#3494 = AXIS2_PLACEMENT_3D ( 'NONE', #256, #322, #1687 ) ;
#3495 = DIRECTION ( 'NONE',  ( -0.0000000000000000000, 1.000000000000000000, -0.0000000000000000000 ) ) ;
#3496 = ORIENTED_EDGE ( 'NONE', *, *, #3657, .T. ) ;
#3497 = CARTESIAN_POINT ( 'NONE',  ( -149.9999999999999432, -0.001000000000001000089, -7.500000000001570299 ) ) ;
#3498 = FACE_BOUND ( 'NONE', #1408, .T. ) ;
#3499 = DIRECTION ( 'NONE',  ( -0.0000000000000000000, 1.000000000000000000, -0.0000000000000000000 ) ) ;
#3500 = ORIENTED_EDGE ( 'NONE', *, *, #3595, .F. ) ;
#3501 = CIRCLE ( 'NONE', #2980, 9.999999999999994671 ) ;
#3502 = FILL_AREA_STYLE_COLOUR ( '', #2141 ) ;
#3503 = CYLINDRICAL_SURFACE ( 'NONE', #2183, 3.400000000000000355 ) ;
#3504 = VECTOR ( 'NONE', #2592, 1000.000000000000114 ) ;
#3505 = EDGE_LOOP ( 'NONE', ( #3066, #1702, #1529, #1404 ) ) ;
#3506 = CIRCLE ( 'NONE', #56, 75.00000000000001421 ) ;
#3507 = ORIENTED_EDGE ( 'NONE', *, *, #2657, .F. ) ;
#3508 = DIRECTION ( 'NONE',  ( 0.0000000000000000000, 0.0000000000000000000, -1.000000000000000000 ) ) ;
#3509 = DIRECTION ( 'NONE',  ( -0.7071067811865455743, 0.0000000000000000000, -0.7071067811865493491 ) ) ;
#3510 = LINE ( 'NONE', #4158, #197 ) ;
#3511 = LINE ( 'NONE', #2708, #31 ) ;
#3512 = DIRECTION ( 'NONE',  ( -0.0000000000000000000, 1.000000000000000000, -0.0000000000000000000 ) ) ;
#3513 = VERTEX_POINT ( 'NONE', #665 ) ;
#3514 = CYLINDRICAL_SURFACE ( 'NONE', #3524, 3.400000000000000355 ) ;
#3515 = EDGE_LOOP ( 'NONE', ( #583, #3658, #4632, #3700, #3791 ) ) ;
#3516 = DIRECTION ( 'NONE',  ( 0.0000000000000000000, 1.000000000000000000, 0.0000000000000000000 ) ) ;
#3517 = LINE ( 'NONE', #3472, #2563 ) ;
#3518 = CARTESIAN_POINT ( 'NONE',  ( -124.9999999999999432, 1100.000000000000000, -114.9999999999999574 ) ) ;
#3519 = ORIENTED_EDGE ( 'NONE', *, *, #994, .T. ) ;
#3520 = CARTESIAN_POINT ( 'NONE',  ( -30.00000000000001421, 20.00000000000000000, -125.0000000000000000 ) ) ;
#3521 = EDGE_CURVE ( 'NONE', #3589, #2205, #4407, .T. ) ;
#3522 = ORIENTED_EDGE ( 'NONE', *, *, #3178, .T. ) ;
#3523 = ADVANCED_FACE ( 'NONE', ( #1201 ), #288, .F. ) ;
#3524 = AXIS2_PLACEMENT_3D ( 'NONE', #709, #3220, #1798 ) ;
#3525 = DIRECTION ( 'NONE',  ( -0.0000000000000000000, 1.000000000000000000, -0.0000000000000000000 ) ) ;
#3526 = DIRECTION ( 'NONE',  ( 0.0000000000000000000, 1.000000000000000000, 0.0000000000000000000 ) ) ;
#3527 = EDGE_CURVE ( 'NONE', #4007, #3730, #4295, .T. ) ;
#3528 = DIRECTION ( 'NONE',  ( -0.7071067811865390240, 0.0000000000000000000, -0.7071067811865561215 ) ) ;
#3529 = EDGE_CURVE ( 'NONE', #3538, #2433, #525, .T. ) ;
#3530 =( NAMED_UNIT ( * ) SI_UNIT ( $, .STERADIAN. ) SOLID_ANGLE_UNIT ( ) );
#3531 = AXIS2_PLACEMENT_3D ( 'NONE', #4292, #1097, #1400 ) ;
#3532 = DIRECTION ( 'NONE',  ( 0.0000000000000000000, 0.0000000000000000000, 1.000000000000000000 ) ) ;
#3533 = DIRECTION ( 'NONE',  ( -0.0000000000000000000, 1.000000000000000000, -0.0000000000000000000 ) ) ;
#3534 = DIRECTION ( 'NONE',  ( -1.000000000000000000, 0.0000000000000000000, 1.020425574104005602E-16 ) ) ;
#3535 = CYLINDRICAL_SURFACE ( 'NONE', #1014, 2.499999999999946709 ) ;
#3536 = DIRECTION ( 'NONE',  ( -0.0000000000000000000, 1.000000000000000000, -0.0000000000000000000 ) ) ;
#3537 = ORIENTED_EDGE ( 'NONE', *, *, #1684, .F. ) ;
#3538 = VERTEX_POINT ( 'NONE', #1019 ) ;
#3539 = DIRECTION ( 'NONE',  ( -0.0000000000000000000, -1.000000000000000000, -0.0000000000000000000 ) ) ;
#3540 = EDGE_CURVE ( 'NONE', #3029, #2580, #4136, .T. ) ;
#3541 = ORIENTED_EDGE ( 'NONE', *, *, #2254, .T. ) ;
#3542 = DIRECTION ( 'NONE',  ( 0.0000000000000000000, 1.000000000000000000, 0.0000000000000000000 ) ) ;
#3543 = ORIENTED_EDGE ( 'NONE', *, *, #1231, .F. ) ;
#3544 = DIRECTION ( 'NONE',  ( -1.982541115402069054E-16, 5.830650755791935071E-35, -1.000000000000000000 ) ) ;
#3545 = CARTESIAN_POINT ( 'NONE',  ( 0.0000000000000000000, 0.0000000000000000000, 75.00000000000001421 ) ) ;
#3546 = EDGE_CURVE ( 'NONE', #522, #1548, #2606, .T. ) ;
#3547 = ORIENTED_EDGE ( 'NONE', *, *, #3576, .F. ) ;
#3548 = DIRECTION ( 'NONE',  ( 1.020425574104005602E-16, 0.0000000000000000000, 1.000000000000000000 ) ) ;
#3549 = PRESENTATION_STYLE_ASSIGNMENT (( #4617 ) ) ;
#3550 = ORIENTED_EDGE ( 'NONE', *, *, #3944, .F. ) ;
#3551 = ORIENTED_EDGE ( 'NONE', *, *, #658, .T. ) ;
#3552 = VECTOR ( 'NONE', #1373, 1000.000000000000000 ) ;
#3553 = FACE_OUTER_BOUND ( 'NONE', #3624, .T. ) ;
#3554 = LINE ( 'NONE', #3092, #579 ) ;
#3555 = EDGE_CURVE ( 'NONE', #369, #50, #2885, .T. ) ;
#3556 = ORIENTED_EDGE ( 'NONE', *, *, #397, .T. ) ;
#3557 = AXIS2_PLACEMENT_3D ( 'NONE', #405, #3663, #1836 ) ;
#3558 = DIRECTION ( 'NONE',  ( -0.0000000000000000000, 1.000000000000000000, -0.0000000000000000000 ) ) ;
#3559 = CIRCLE ( 'NONE', #2788, 5.099999999999993427 ) ;
#3560 = SURFACE_SIDE_STYLE ('',( #3858 ) ) ;
#3561 = CARTESIAN_POINT ( 'NONE',  ( 124.9999999999999716, 20.00000000000000000, -132.5000000000000000 ) ) ;
#3562 = VECTOR ( 'NONE', #1329, 1000.000000000000000 ) ;
#3564 = VERTEX_POINT ( 'NONE', #4661 ) ;
#3563 =( NAMED_UNIT ( * ) PLANE_ANGLE_UNIT ( ) SI_UNIT ( $, .RADIAN. ) );
#3565 = SURFACE_STYLE_FILL_AREA ( #3591 ) ;
#3566 = PRESENTATION_STYLE_ASSIGNMENT (( #3380 ) ) ;
#3567 = CYLINDRICAL_SURFACE ( 'NONE', #439, 2.499999999999946709 ) ;
#3568 = PLANE ( 'NONE',  #4176 ) ;
#3569 = VECTOR ( 'NONE', #1959, 1000.000000000000000 ) ;
#3570 = CARTESIAN_POINT ( 'NONE',  ( 77.99999999999998579, 1055.000000000000227, -45.00000000000000000 ) ) ;
#3571 = EDGE_LOOP ( 'NONE', ( #1269, #2544, #277, #617 ) ) ;
#3572 = VERTEX_POINT ( 'NONE', #1406 ) ;
#3573 = DIRECTION ( 'NONE',  ( 0.0000000000000000000, 0.0000000000000000000, 1.000000000000000000 ) ) ;
#3574 = CARTESIAN_POINT ( 'NONE',  ( -149.9999999999999432, 20.00000000000000000, -7.500000000001570299 ) ) ;
#3575 = SURFACE_STYLE_USAGE ( .BOTH. , #731 ) ;
#3576 = EDGE_CURVE ( 'NONE', #2194, #3466, #2155, .T. ) ;
#3577 =( NAMED_UNIT ( * ) PLANE_ANGLE_UNIT ( ) SI_UNIT ( $, .RADIAN. ) );
#3578 = CARTESIAN_POINT ( 'NONE',  ( 7.499999999998951949, -0.001000000000001000089, 150.0000000000000853 ) ) ;
#3579 = EDGE_CURVE ( 'NONE', #3758, #1584, #3609, .T. ) ;
#3580 =( NAMED_UNIT ( * ) PLANE_ANGLE_UNIT ( ) SI_UNIT ( $, .RADIAN. ) );
#3581 = ADVANCED_FACE ( 'NONE', ( #469 ), #3967, .T. ) ;
#3582 = FILL_AREA_STYLE_COLOUR ( '', #4641 ) ;
#3583 = AXIS2_PLACEMENT_3D ( 'NONE', #4596, #2452, #3077 ) ;
#3584 = CARTESIAN_POINT ( 'NONE',  ( -7.500000000000005329, 220.0000000000000284, -109.9999999999999858 ) ) ;
#3585 = ORIENTED_EDGE ( 'NONE', *, *, #4436, .F. ) ;
#3586 = DIRECTION ( 'NONE',  ( 0.0000000000000000000, 0.0000000000000000000, 1.000000000000000000 ) ) ;
#3587 = ORIENTED_EDGE ( 'NONE', *, *, #1023, .T. ) ;
#3588 = FILL_AREA_STYLE ('',( #2170 ) ) ;
#3589 = VERTEX_POINT ( 'NONE', #2535 ) ;
#3590 = ORIENTED_EDGE ( 'NONE', *, *, #1885, .T. ) ;
#3591 = FILL_AREA_STYLE ('',( #4005 ) ) ;
#3592 = CIRCLE ( 'NONE', #3994, 2.999999999999988898 ) ;
#3593 = CARTESIAN_POINT ( 'NONE',  ( 69.99999999999998579, 1080.000000000000000, 69.99999999999998579 ) ) ;
#3594 = ORIENTED_EDGE ( 'NONE', *, *, #880, .F. ) ;
#3595 = EDGE_CURVE ( 'NONE', #3364, #4122, #247, .T. ) ;
#3596 = LINE ( 'NONE', #88, #965 ) ;
#3597 = CARTESIAN_POINT ( 'NONE',  ( -124.9999999999999716, 20.00000000000000000, 125.0000000000000000 ) ) ;
#3598 = ORIENTED_EDGE ( 'NONE', *, *, #3337, .F. ) ;
#3599 = ORIENTED_EDGE ( 'NONE', *, *, #157, .F. ) ;
#3600 = CARTESIAN_POINT ( 'NONE',  ( -124.9999999999999716, 0.0000000000000000000, 125.0000000000000000 ) ) ;
#3601 = VECTOR ( 'NONE', #213, 1000.000000000000000 ) ;
#3602 = CARTESIAN_POINT ( 'NONE',  ( 110.0000000000000000, 220.0000000000000568, -7.500000000000013323 ) ) ;
#3603 = AXIS2_PLACEMENT_3D ( 'NONE', #2573, #2930, #69 ) ;
#3604 = EDGE_CURVE ( 'NONE', #1925, #172, #2992, .T. ) ;
#3605 = ORIENTED_EDGE ( 'NONE', *, *, #1278, .F. ) ;
#3606 = DIRECTION ( 'NONE',  ( -1.000000000000000000, 0.0000000000000000000, 1.020425574104005602E-16 ) ) ;
#3607 = VECTOR ( 'NONE', #4101, 1000.000000000000000 ) ;
#3608 = FACE_OUTER_BOUND ( 'NONE', #1753, .T. ) ;
#3609 = CIRCLE ( 'NONE', #1948, 3.400000000000014122 ) ;
#3610 = ORIENTED_EDGE ( 'NONE', *, *, #4078, .F. ) ;
#3611 = VECTOR ( 'NONE', #1246, 1000.000000000000000 ) ;
#3612 = EDGE_LOOP ( 'NONE', ( #2605, #2870, #3599, #2929, #2722, #4234, #4052, #3543 ) ) ;
#3613 = VECTOR ( 'NONE', #3073, 1000.000000000000000 ) ;
#3614 = CARTESIAN_POINT ( 'NONE',  ( 140.0000000000000000, 20.00000000000000000, 150.0000000000000000 ) ) ;
#3615 = ORIENTED_EDGE ( 'NONE', *, *, #4129, .T. ) ;
#3616 = CIRCLE ( 'NONE', #542, 7.500000000000007105 ) ;
#3617 = EDGE_CURVE ( 'NONE', #173, #4111, #2319, .T. ) ;
#3618 = AXIS2_PLACEMENT_3D ( 'NONE', #1093, #1073, #390 ) ;
#3619 = VERTEX_POINT ( 'NONE', #760 ) ;
#3620 = DIRECTION ( 'NONE',  ( -0.0000000000000000000, 1.000000000000000000, -0.0000000000000000000 ) ) ;
#3621 = CARTESIAN_POINT ( 'NONE',  ( -90.00000000000000000, 1080.000000000000000, -69.99999999999982947 ) ) ;
#3622 = SURFACE_STYLE_USAGE ( .BOTH. , #2890 ) ;
#3623 = CARTESIAN_POINT ( 'NONE',  ( 90.00000000000000000, 1055.000000000000227, -47.49999999999994316 ) ) ;
#3624 = EDGE_LOOP ( 'NONE', ( #1136, #2237, #1270, #3317 ) ) ;
#3625 = ORIENTED_EDGE ( 'NONE', *, *, #3617, .T. ) ;
#3626 = DIRECTION ( 'NONE',  ( -0.0000000000000000000, 1.000000000000000000, -0.0000000000000000000 ) ) ;
#3627 = VECTOR ( 'NONE', #4573, 1000.000000000000000 ) ;
#3628 = CARTESIAN_POINT ( 'NONE',  ( 90.00000000000000000, 1100.000000000000000, 84.90000000000000568 ) ) ;
#3629 = EDGE_CURVE ( 'NONE', #4272, #2863, #3335, .T. ) ;
#3630 = AXIS2_PLACEMENT_3D ( 'NONE', #2283, #2269, #2867 ) ;
#3631 = CARTESIAN_POINT ( 'NONE',  ( 30.00000000000001421, 20.00000000000000000, 125.0000000000000000 ) ) ;
#3632 = DIRECTION ( 'NONE',  ( 0.0000000000000000000, 0.0000000000000000000, 1.000000000000000000 ) ) ;
#3633 = VECTOR ( 'NONE', #4353, 1000.000000000000000 ) ;
#3634 = DIRECTION ( 'NONE',  ( 1.000000000000000000, -0.0000000000000000000, -0.0000000000000000000 ) ) ;
#3635 = EDGE_CURVE ( 'NONE', #1524, #2131, #1098, .T. ) ;
#3636 = APPLICATION_CONTEXT ( 'automotive_design' ) ;
#3637 = DIRECTION ( 'NONE',  ( -0.7071067811865510144, 0.0000000000000000000, 0.7071067811865441310 ) ) ;
#3638 = UNCERTAINTY_MEASURE_WITH_UNIT (LENGTH_MEASURE( 1.000000000000000082E-05 ), #3181, 'distance_accuracy_value', 'NONE');
#3639 = AXIS2_PLACEMENT_3D ( 'NONE', #1758, #436, #1501 ) ;
#3640 = AXIS2_PLACEMENT_3D ( 'NONE', #151, #179, #887 ) ;
#3641 = COLOUR_RGB ( '',1.000000000000000000, 1.000000000000000000, 1.000000000000000000 ) ;
#3642 = DIRECTION ( 'NONE',  ( -3.888083013051982973E-17, -0.9805806756909201116, -0.1961161351381839890 ) ) ;
#3643 = ORIENTED_EDGE ( 'NONE', *, *, #3366, .F. ) ;
#3644 = CYLINDRICAL_SURFACE ( 'NONE', #1120, 62.50000000000000000 ) ;
#3645 = EDGE_LOOP ( 'NONE', ( #1209, #3307, #3894, #1926 ) ) ;
#3646 = ORIENTED_EDGE ( 'NONE', *, *, #490, .T. ) ;
#3647 = DIRECTION ( 'NONE',  ( 0.0000000000000000000, -3.081487911019577365E-33, -1.000000000000000000 ) ) ;
#3648 = CARTESIAN_POINT ( 'NONE',  ( -90.00000000000000000, 1100.000000000000000, 84.90000000000000568 ) ) ;
#3649 = CARTESIAN_POINT ( 'NONE',  ( 150.0000000000000000, 0.0000000000000000000, 7.500000000000524025 ) ) ;
#3650 = CARTESIAN_POINT ( 'NONE',  ( 110.0000000000000000, 220.0000000000000568, -7.500000000000013323 ) ) ;
#3651 = ORIENTED_EDGE ( 'NONE', *, *, #1124, .F. ) ;
#3652 = AXIS2_PLACEMENT_3D ( 'NONE', #4600, #2456, #4654 ) ;
#3653 =( GEOMETRIC_REPRESENTATION_CONTEXT ( 3 ) GLOBAL_UNCERTAINTY_ASSIGNED_CONTEXT ( ( #1337 ) ) GLOBAL_UNIT_ASSIGNED_CONTEXT ( ( #2522, #4316, #1825 ) ) REPRESENTATION_CONTEXT ( 'NONE', 'WORKASPACE' ) );
#3654 = VECTOR ( 'NONE', #4323, 1000.000000000000000 ) ;
#3655 = ORIENTED_EDGE ( 'NONE', *, *, #4008, .F. ) ;
#3656 = DIRECTION ( 'NONE',  ( -7.401486830834376525E-17, -1.000000000000000000, -0.0000000000000000000 ) ) ;
#3657 = EDGE_CURVE ( 'NONE', #1487, #667, #3453, .T. ) ;
#3658 = ORIENTED_EDGE ( 'NONE', *, *, #605, .F. ) ;
#3659 = ORIENTED_EDGE ( 'NONE', *, *, #2305, .F. ) ;
#3660 = VECTOR ( 'NONE', #2393, 1000.000000000000000 ) ;
#3661 = VECTOR ( 'NONE', #2378, 1000.000000000000000 ) ;
#3662 = CIRCLE ( 'NONE', #1846, 19.99999999999998934 ) ;
#3663 = DIRECTION ( 'NONE',  ( -0.0000000000000000000, 1.000000000000000000, -0.0000000000000000000 ) ) ;
#3664 = ORIENTED_EDGE ( 'NONE', *, *, #292, .F. ) ;
#3665 = CYLINDRICAL_SURFACE ( 'NONE', #4228, 7.500000000000007105 ) ;
#3666 = CARTESIAN_POINT ( 'NONE',  ( -7.500000000001047162, 0.0000000000000000000, 149.9999999999999716 ) ) ;
#3667 = APPLICATION_CONTEXT ( 'automotive_design' ) ;
#3668 = EDGE_LOOP ( 'NONE', ( #964, #1207, #1937, #2889 ) ) ;
#3669 = DIRECTION ( 'NONE',  ( -1.000000000000000000, -0.0000000000000000000, -0.0000000000000000000 ) ) ;
#3670 = ORIENTED_EDGE ( 'NONE', *, *, #2555, .F. ) ;
#3671 = EDGE_CURVE ( 'NONE', #3152, #2580, #3391, .T. ) ;
#3672 = ADVANCED_FACE ( 'NONE', ( #2661 ), #1498, .F. ) ;
#3673 = LINE ( 'NONE', #619, #2993 ) ;
#3674 = ORIENTED_EDGE ( 'NONE', *, *, #4664, .T. ) ;
#3675 = CIRCLE ( 'NONE', #3129, 2.499999999999946709 ) ;
#3676 = VECTOR ( 'NONE', #2651, 1000.000000000000000 ) ;
#3677 = EDGE_CURVE ( 'NONE', #4552, #3619, #1810, .T. ) ;
#3678 = VERTEX_POINT ( 'NONE', #1140 ) ;
#3679 = AXIS2_PLACEMENT_3D ( 'NONE', #3699, #125, #4099 ) ;
#3680 = ORIENTED_EDGE ( 'NONE', *, *, #1625, .F. ) ;
#3681 = DIRECTION ( 'NONE',  ( 0.0000000000000000000, -1.000000000000000000, 0.0000000000000000000 ) ) ;
#3682 = ORIENTED_EDGE ( 'NONE', *, *, #3486, .F. ) ;
#3683 = DIRECTION ( 'NONE',  ( -0.0000000000000000000, 1.000000000000000000, -0.0000000000000000000 ) ) ;
#3684 = DIRECTION ( 'NONE',  ( 0.0000000000000000000, 0.0000000000000000000, 1.000000000000000000 ) ) ;
#3685 = DIRECTION ( 'NONE',  ( 0.0000000000000000000, 0.0000000000000000000, 1.000000000000000000 ) ) ;
#3686 = CARTESIAN_POINT ( 'NONE',  ( -150.0000000000000284, 20.00000000000000000, -150.0000000000000000 ) ) ;
#3687 =( GEOMETRIC_REPRESENTATION_CONTEXT ( 3 ) GLOBAL_UNCERTAINTY_ASSIGNED_CONTEXT ( ( #374 ) ) GLOBAL_UNIT_ASSIGNED_CONTEXT ( ( #2312, #531, #903 ) ) REPRESENTATION_CONTEXT ( 'NONE', 'WORKASPACE' ) );
#3688 = DIRECTION ( 'NONE',  ( -1.944041506525991178E-16, -0.1961161351381839890, -0.9805806756909202226 ) ) ;
#3689 = EDGE_CURVE ( 'NONE', #2110, #2659, #297, .T. ) ;
#3690 = DIRECTION ( 'NONE',  ( -7.401486830834376525E-17, -1.000000000000000000, -0.0000000000000000000 ) ) ;
#3691 = ADVANCED_FACE ( 'NONE', ( #1589 ), #2596, .F. ) ;
#3692 = CARTESIAN_POINT ( 'NONE',  ( 124.9999999999999716, 0.0000000000000000000, -125.0000000000000000 ) ) ;
#3693 = EDGE_CURVE ( 'NONE', #3210, #1, #4017, .T. ) ;
#3694 = CARTESIAN_POINT ( 'NONE',  ( -7.500000000000012434, 70.00000000000001421, -139.9999999999999716 ) ) ;
#3695 =( NAMED_UNIT ( * ) SI_UNIT ( $, .STERADIAN. ) SOLID_ANGLE_UNIT ( ) );
#3696 = CARTESIAN_POINT ( 'NONE',  ( 78.00000000000000000, 20.00000000000000355, 67.99999999999990052 ) ) ;
#3697 = DIRECTION ( 'NONE',  ( 8.659560562355413570E-17, 0.7071067811865081598, -0.7071067811865867636 ) ) ;
#3698 = ORIENTED_EDGE ( 'NONE', *, *, #2167, .T. ) ;
#3699 = CARTESIAN_POINT ( 'NONE',  ( -2.288491976566047810E-14, 1080.000000000000000, 0.0000000000000000000 ) ) ;
#3700 = ORIENTED_EDGE ( 'NONE', *, *, #442, .F. ) ;
#3701 = ORIENTED_EDGE ( 'NONE', *, *, #2408, .T. ) ;
#3702 = EDGE_CURVE ( 'NONE', #2780, #3741, #295, .T. ) ;
#3703 = STYLED_ITEM ( 'NONE', ( #794 ), #3859 ) ;
#3704 = DIRECTION ( 'NONE',  ( -0.7071067811865490160, 0.0000000000000000000, 0.7071067811865460184 ) ) ;
#3705 = FACE_OUTER_BOUND ( 'NONE', #2045, .T. ) ;
#3706 = DIRECTION ( 'NONE',  ( -0.0000000000000000000, 1.000000000000000000, -0.0000000000000000000 ) ) ;
#3707 = ORIENTED_EDGE ( 'NONE', *, *, #4160, .F. ) ;
#3708 = AXIS2_PLACEMENT_3D ( 'NONE', #2839, #357, #1069 ) ;
#3709 = CARTESIAN_POINT ( 'NONE',  ( 142.5000000000000568, 0.0000000000000000000, 4.975360907851466735E-13 ) ) ;
#3710 = ORIENTED_EDGE ( 'NONE', *, *, #3486, .T. ) ;
#3711 = PRESENTATION_STYLE_ASSIGNMENT (( #3995 ) ) ;
#3712 = FILL_AREA_STYLE_COLOUR ( '', #1600 ) ;
#3713 = CIRCLE ( 'NONE', #3289, 3.500000000000003109 ) ;
#3714 = ADVANCED_FACE ( 'NONE', ( #3326 ), #635, .F. ) ;
#3715 = COLOUR_RGB ( '',1.000000000000000000, 1.000000000000000000, 1.000000000000000000 ) ;
#3716 = ADVANCED_FACE ( 'NONE', ( #2883, #2773, #3902, #688, #3046 ), #821, .F. ) ;
#3717 = EDGE_LOOP ( 'NONE', ( #2590, #592 ) ) ;
#3718 = DIRECTION ( 'NONE',  ( -0.0000000000000000000, 1.000000000000000000, -0.0000000000000000000 ) ) ;
#3719 = EDGE_CURVE ( 'NONE', #4521, #369, #2938, .T. ) ;
#3720 = FACE_OUTER_BOUND ( 'NONE', #210, .T. ) ;
#3721 = FACE_OUTER_BOUND ( 'NONE', #1578, .T. ) ;
#3722 = FACE_OUTER_BOUND ( 'NONE', #1309, .T. ) ;
#3723 = ORIENTED_EDGE ( 'NONE', *, *, #2225, .F. ) ;
#3724 = CARTESIAN_POINT ( 'NONE',  ( -142.5000000000000568, 0.0000000000000000000, -1.492729551078042505E-12 ) ) ;
#3725 = FACE_OUTER_BOUND ( 'NONE', #2577, .T. ) ;
#3726 = FILL_AREA_STYLE ('',( #1168 ) ) ;
#3727 = AXIS2_PLACEMENT_3D ( 'NONE', #2755, #2791, #1698 ) ;
#3728 = EDGE_CURVE ( 'NONE', #465, #2974, #1708, .T. ) ;
#3729 = ORIENTED_EDGE ( 'NONE', *, *, #696, .F. ) ;
#3730 = VERTEX_POINT ( 'NONE', #1541 ) ;
#3731 = CIRCLE ( 'NONE', #2583, 75.00000000000001421 ) ;
#3732 = ORIENTED_EDGE ( 'NONE', *, *, #849, .F. ) ;
#3733 = CIRCLE ( 'NONE', #3150, 9.999999999999994671 ) ;
#3734 = SURFACE_STYLE_USAGE ( .BOTH. , #510 ) ;
#3735 = CIRCLE ( 'NONE', #2213, 7.500000000000007105 ) ;
#3736 = EDGE_CURVE ( 'NONE', #2767, #3564, #1651, .T. ) ;
#3737 = ORIENTED_EDGE ( 'NONE', *, *, #2638, .T. ) ;
#3738 = AXIS2_PLACEMENT_3D ( 'NONE', #1134, #2208, #3685 ) ;
#3739 = CARTESIAN_POINT ( 'NONE',  ( -7.500000000000012434, 70.00000000000001421, -139.9999999999999716 ) ) ;
#3740 = CARTESIAN_POINT ( 'NONE',  ( -150.0000000000000284, 0.0000000000000000000, -150.0000000000000000 ) ) ;
#3741 = VERTEX_POINT ( 'NONE', #2966 ) ;
#3742 = ORIENTED_EDGE ( 'NONE', *, *, #1609, .T. ) ;
#3743 = FILL_AREA_STYLE ('',( #2353 ) ) ;
#3744 = CARTESIAN_POINT ( 'NONE',  ( -7.500000000000009770, 20.00000000000001776, -139.9999999999999716 ) ) ;
#3745 =( GEOMETRIC_REPRESENTATION_CONTEXT ( 3 ) GLOBAL_UNCERTAINTY_ASSIGNED_CONTEXT ( ( #3297 ) ) GLOBAL_UNIT_ASSIGNED_CONTEXT ( ( #2506, #3260, #2125 ) ) REPRESENTATION_CONTEXT ( 'NONE', 'WORKASPACE' ) );
#3746 = ADVANCED_FACE ( 'NONE', ( #4463 ), #4453, .F. ) ;
#3747 = DIRECTION ( 'NONE',  ( 0.0000000000000000000, 3.081487911019577365E-33, 1.000000000000000000 ) ) ;
#3748 = CARTESIAN_POINT ( 'NONE',  ( 124.9999999999999716, 20.00000000000000000, 34.49999999999998579 ) ) ;
#3749 = CARTESIAN_POINT ( 'NONE',  ( 150.0000000000000568, 0.0000000000000000000, -7.499999999999475975 ) ) ;
#3750 = CARTESIAN_POINT ( 'NONE',  ( -67.99999999999991473, 1080.000000000000000, -77.99999999999998579 ) ) ;
#3751 = CARTESIAN_POINT ( 'NONE',  ( 7.500000000000005329, 220.0000000000000284, 109.9999999999999858 ) ) ;
#3752 = EDGE_CURVE ( 'NONE', #3219, #302, #3501, .T. ) ;
#3753 =( GEOMETRIC_REPRESENTATION_CONTEXT ( 3 ) GLOBAL_UNCERTAINTY_ASSIGNED_CONTEXT ( ( #782 ) ) GLOBAL_UNIT_ASSIGNED_CONTEXT ( ( #4167, #2698, #1956 ) ) REPRESENTATION_CONTEXT ( 'NONE', 'WORKASPACE' ) );
#3754 = SURFACE_SIDE_STYLE ('',( #4028 ) ) ;
#3755 = DIRECTION ( 'NONE',  ( 0.0000000000000000000, 0.0000000000000000000, -1.000000000000000000 ) ) ;
#3756 = AXIS2_PLACEMENT_3D ( 'NONE', #1786, #3198, #3548 ) ;
#3757 = STYLED_ITEM ( 'NONE', ( #1292 ), #995 ) ;
#3758 = VERTEX_POINT ( 'NONE', #1613 ) ;
#3759 = DIRECTION ( 'NONE',  ( 0.0000000000000000000, -3.081487911019577365E-33, -1.000000000000000000 ) ) ;
#3760 = EDGE_CURVE ( 'NONE', #1487, #2390, #19, .T. ) ;
#3761 = DIRECTION ( 'NONE',  ( 0.0000000000000000000, 1.000000000000000000, 0.0000000000000000000 ) ) ;
#3762 = CARTESIAN_POINT ( 'NONE',  ( 90.00000000000000000, 1055.000000000000227, 47.49999999999994316 ) ) ;
#3763 = VECTOR ( 'NONE', #4031, 1000.000000000000000 ) ;
#3764 = ORIENTED_EDGE ( 'NONE', *, *, #89, .F. ) ;
#3765 = ADVANCED_FACE ( 'NONE', ( #2546 ), #4199, .F. ) ;
#3766 = EDGE_LOOP ( 'NONE', ( #2243, #4197 ) ) ;
#3767 = PLANE ( 'NONE',  #2191 ) ;
#3768 = CARTESIAN_POINT ( 'NONE',  ( -69.99999999999998579, 1080.000000000000000, 69.99999999999998579 ) ) ;
#3769 = COLOUR_RGB ( '',1.000000000000000000, 1.000000000000000000, 1.000000000000000000 ) ;
#3770 = CARTESIAN_POINT ( 'NONE',  ( 90.00000000000000000, 1100.000000000000000, -90.00000000000000000 ) ) ;
#3771 = PRESENTATION_LAYER_ASSIGNMENT (  '', '', ( #215 ) ) ;
#3772 = ORIENTED_EDGE ( 'NONE', *, *, #3086, .T. ) ;
#3773 = STYLED_ITEM ( 'NONE', ( #3809 ), #4657 ) ;
#3774 = DIRECTION ( 'NONE',  ( -1.000000000000000000, 0.0000000000000000000, 1.982541115402069054E-16 ) ) ;
#3775 = AXIS2_PLACEMENT_3D ( 'NONE', #2957, #2965, #1929 ) ;
#3776 = CARTESIAN_POINT ( 'NONE',  ( -7.500000000000016875, -1.387778780781445676E-14, -2.775557561562891351E-14 ) ) ;
#3777 = ORIENTED_EDGE ( 'NONE', *, *, #4599, .T. ) ;
#3778 = CIRCLE ( 'NONE', #96, 5.099999999999993427 ) ;
#3779 = PRESENTATION_STYLE_ASSIGNMENT (( #2062 ) ) ;
#3780 = LINE ( 'NONE', #1335, #2539 ) ;
#3781 = AXIS2_PLACEMENT_3D ( 'NONE', #2645, #2294, #3759 ) ;
#3782 = CARTESIAN_POINT ( 'NONE',  ( -7.500000000000000000, 20.00000000000003197, -89.99999999999998579 ) ) ;
#3784 = VERTEX_POINT ( 'NONE', #4161 ) ;
#3783 = CARTESIAN_POINT ( 'NONE',  ( 124.9999999999999716, 20.00000000000000000, -26.59999999999999787 ) ) ;
#3785 = VECTOR ( 'NONE', #503, 1000.000000000000000 ) ;
#3786 = ORIENTED_EDGE ( 'NONE', *, *, #3125, .F. ) ;
#3787 = DIRECTION ( 'NONE',  ( 1.982541115402069054E-16, -0.0000000000000000000, 1.000000000000000000 ) ) ;
#3788 = EDGE_CURVE ( 'NONE', #1865, #148, #2498, .T. ) ;
#3789 = ORIENTED_EDGE ( 'NONE', *, *, #2859, .F. ) ;
#3790 = PRESENTATION_LAYER_ASSIGNMENT (  '', '', ( #956 ) ) ;
#3791 = ORIENTED_EDGE ( 'NONE', *, *, #2995, .F. ) ;
#3792 = LINE ( 'NONE', #755, #3228 ) ;
#3793 = DIRECTION ( 'NONE',  ( 0.0000000000000000000, 0.0000000000000000000, 1.000000000000000000 ) ) ;
#3794 = CYLINDRICAL_SURFACE ( 'NONE', #3727, 9.999999999999994671 ) ;
#3795 = CARTESIAN_POINT ( 'NONE',  ( 7.499999999998951949, 20.00000000000000000, 150.0000000000000853 ) ) ;
#3796 = ORIENTED_EDGE ( 'NONE', *, *, #422, .T. ) ;
#3797 = CYLINDRICAL_SURFACE ( 'NONE', #3911, 75.00000000000001421 ) ;
#3798 = ADVANCED_FACE ( 'NONE', ( #4401 ), #1035, .F. ) ;
#3799 = LINE ( 'NONE', #384, #4144 ) ;
#3800 = UNCERTAINTY_MEASURE_WITH_UNIT (LENGTH_MEASURE( 1.000000000000000082E-05 ), #3019, 'distance_accuracy_value', 'NONE');
#3801 = LINE ( 'NONE', #2742, #3569 ) ;
#3802 = VECTOR ( 'NONE', #2302, 1000.000000000000000 ) ;
#3803 = ORIENTED_EDGE ( 'NONE', *, *, #242, .F. ) ;
#3804 = DIRECTION ( 'NONE',  ( 0.0000000000000000000, 0.0000000000000000000, 1.000000000000000000 ) ) ;
#3805 = CARTESIAN_POINT ( 'NONE',  ( 124.9999999999999716, 20.00000000000000000, 25.50000000000000711 ) ) ;
#3806 = EDGE_CURVE ( 'NONE', #4567, #4505, #1587, .T. ) ;
#3807 = AXIS2_PLACEMENT_3D ( 'NONE', #46, #1132, #1499 ) ;
#3808 = DIRECTION ( 'NONE',  ( 0.0000000000000000000, 0.0000000000000000000, 1.000000000000000000 ) ) ;
#3810 = DIRECTION ( 'NONE',  ( 0.7071067811865474617, -0.0000000000000000000, -0.7071067811865474617 ) ) ;
#3809 = PRESENTATION_STYLE_ASSIGNMENT (( #3622 ) ) ;
#3811 = AXIS2_PLACEMENT_3D ( 'NONE', #2026, #2050, #1338 ) ;
#3812 = FILL_AREA_STYLE_COLOUR ( '', #1525 ) ;
#3813 = DIRECTION ( 'NONE',  ( 2.465190328815661345E-32, 3.942568710255460192E-34, 1.000000000000000000 ) ) ;
#3814 = DIRECTION ( 'NONE',  ( 0.0000000000000000000, 0.0000000000000000000, 1.000000000000000000 ) ) ;
#3815 = DIRECTION ( 'NONE',  ( -0.0000000000000000000, -1.000000000000000000, -0.0000000000000000000 ) ) ;
#3816 = DIRECTION ( 'NONE',  ( 0.0000000000000000000, 0.0000000000000000000, 1.000000000000000000 ) ) ;
#3817 = ORIENTED_EDGE ( 'NONE', *, *, #3540, .T. ) ;
#3818 = EDGE_LOOP ( 'NONE', ( #2915, #4403 ) ) ;
#3819 = AXIS2_PLACEMENT_3D ( 'NONE', #4526, #1272, #3477 ) ;
#3820 = ADVANCED_FACE ( 'NONE', ( #3390 ), #207, .F. ) ;
#3821 = EDGE_CURVE ( 'NONE', #4552, #2423, #4347, .T. ) ;
#3822 = ORIENTED_EDGE ( 'NONE', *, *, #2916, .T. ) ;
#3823 = ORIENTED_EDGE ( 'NONE', *, *, #2714, .F. ) ;
#3824 = DIRECTION ( 'NONE',  ( 0.0000000000000000000, 1.000000000000000000, 0.0000000000000000000 ) ) ;
#3825 = CARTESIAN_POINT ( 'NONE',  ( -69.99999999999998579, 1080.000000000000000, 69.99999999999998579 ) ) ;
#3826 = PRESENTATION_STYLE_ASSIGNMENT (( #367 ) ) ;
#3827 = ORIENTED_EDGE ( 'NONE', *, *, #1344, .F. ) ;
#3828 = DIRECTION ( 'NONE',  ( 1.000000000000000000, 0.0000000000000000000, -1.982541115402069054E-16 ) ) ;
#3829 = CARTESIAN_POINT ( 'NONE',  ( -29.99999999999998579, 20.00000000000000000, 125.0000000000000284 ) ) ;
#3830 = FACE_OUTER_BOUND ( 'NONE', #2866, .T. ) ;
#3831 = EDGE_CURVE ( 'NONE', #167, #1724, #1253, .T. ) ;
#3832 = ORIENTED_EDGE ( 'NONE', *, *, #2776, .T. ) ;
#3833 = LINE ( 'NONE', #3648, #2028 ) ;
#3834 = FACE_BOUND ( 'NONE', #4460, .T. ) ;
#3835 = AXIS2_PLACEMENT_3D ( 'NONE', #2521, #643, #3142 ) ;
#3836 = LINE ( 'NONE', #3748, #972 ) ;
#3837 = LINE ( 'NONE', #4072, #71 ) ;
#3838 = DIRECTION ( 'NONE',  ( 0.0000000000000000000, 1.000000000000000000, 0.0000000000000000000 ) ) ;
#3839 = ADVANCED_FACE ( 'NONE', ( #2435 ), #161, .T. ) ;
#3840 = ORIENTED_EDGE ( 'NONE', *, *, #3864, .F. ) ;
#3841 = ORIENTED_EDGE ( 'NONE', *, *, #1032, .F. ) ;
#3842 = LINE ( 'NONE', #4321, #3452 ) ;
#3843 = FACE_BOUND ( 'NONE', #983, .T. ) ;
#3844 = DIRECTION ( 'NONE',  ( 1.000000000000000000, -0.0000000000000000000, -0.0000000000000000000 ) ) ;
#3845 = SHAPE_DEFINITION_REPRESENTATION ( #428, #876 ) ;
#3846 = EDGE_LOOP ( 'NONE', ( #3264, #1110 ) ) ;
#3847 = VECTOR ( 'NONE', #1315, 1000.000000000000000 ) ;
#3848 = DIRECTION ( 'NONE',  ( -6.162975822039154730E-33, -1.540743955509788682E-33, -1.000000000000000000 ) ) ;
#3849 = LINE ( 'NONE', #2101, #2893 ) ;
#3850 = EDGE_LOOP ( 'NONE', ( #4502, #649, #725, #762 ) ) ;
#3851 = VECTOR ( 'NONE', #2015, 1000.000000000000000 ) ;
#3852 =( LENGTH_UNIT ( ) NAMED_UNIT ( * ) SI_UNIT ( .MILLI., .METRE. ) );
#3853 = EDGE_CURVE ( 'NONE', #1224, #3347, #1368, .T. ) ;
#3854 = CARTESIAN_POINT ( 'NONE',  ( -7.499999999999982236, 4.163336342344337027E-14, -4.163336342344337027E-14 ) ) ;
#3855 =( LENGTH_UNIT ( ) NAMED_UNIT ( * ) SI_UNIT ( .MILLI., .METRE. ) );
#3856 = DIRECTION ( 'NONE',  ( 1.000000000000000000, -0.0000000000000000000, -0.0000000000000000000 ) ) ;
#3857 = ADVANCED_FACE ( 'NONE', ( #578 ), #935, .F. ) ;
#3858 = SURFACE_STYLE_FILL_AREA ( #2844 ) ;
#3859 = MANIFOLD_SOLID_BREP ( 'M6 Tapped Hole1', #168 ) ;
#3860 = ORIENTED_EDGE ( 'NONE', *, *, #1000, .F. ) ;
#3861 = DIRECTION ( 'NONE',  ( 1.000000000000000000, -0.0000000000000000000, -0.0000000000000000000 ) ) ;
#3862 =( NAMED_UNIT ( * ) SI_UNIT ( $, .STERADIAN. ) SOLID_ANGLE_UNIT ( ) );
#3863 = STYLED_ITEM ( 'NONE', ( #3826 ), #982 ) ;
#3864 = EDGE_CURVE ( 'NONE', #561, #1493, #917, .T. ) ;
#3865 = ORIENTED_EDGE ( 'NONE', *, *, #1864, .T. ) ;
#3866 = ORIENTED_EDGE ( 'NONE', *, *, #3993, .T. ) ;
#3867 = CARTESIAN_POINT ( 'NONE',  ( -140.0000000000000000, 70.00000000000001421, 7.500000000000013323 ) ) ;
#3868 = CARTESIAN_POINT ( 'NONE',  ( -90.00000000000000000, 20.00000000000001776, 7.500000000000013323 ) ) ;
#3869 = DIRECTION ( 'NONE',  ( 0.0000000000000000000, 0.0000000000000000000, 1.000000000000000000 ) ) ;
#3870 = EDGE_CURVE ( 'NONE', #2333, #1040, #1480, .T. ) ;
#3871 = MECHANICAL_DESIGN_GEOMETRIC_PRESENTATION_REPRESENTATION (  '', ( #3773 ), #403 ) ;
#3872 = CARTESIAN_POINT ( 'NONE',  ( 124.9999999999999716, 20.00000000000000000, 125.0000000000000000 ) ) ;
#3873 = DIRECTION ( 'NONE',  ( -1.000000000000000000, 3.466673899897024536E-33, 1.982541115402069301E-16 ) ) ;
#3874 = CARTESIAN_POINT ( 'NONE',  ( 115.0000000000000711, 1080.000000000000000, -124.9999999999999432 ) ) ;
#3875 = ADVANCED_FACE ( 'NONE', ( #860 ), #3148, .F. ) ;
#3876 = DIRECTION ( 'NONE',  ( 0.0000000000000000000, 1.000000000000000000, 0.0000000000000000000 ) ) ;
#3877 = EDGE_CURVE ( 'NONE', #1548, #1415, #4239, .T. ) ;
#3878 = VECTOR ( 'NONE', #349, 1000.000000000000000 ) ;
#3879 = EDGE_LOOP ( 'NONE', ( #1383, #2300 ) ) ;
#3880 = VERTEX_POINT ( 'NONE', #2446 ) ;
#3881 = DIRECTION ( 'NONE',  ( -0.0000000000000000000, 1.000000000000000000, -0.0000000000000000000 ) ) ;
#3882 = VECTOR ( 'NONE', #391, 1000.000000000000000 ) ;
#3883 = ORIENTED_EDGE ( 'NONE', *, *, #4166, .T. ) ;
#3884 = VERTEX_POINT ( 'NONE', #4546 ) ;
#3885 = EDGE_CURVE ( 'NONE', #2979, #3305, #1964, .T. ) ;
#3886 = CARTESIAN_POINT ( 'NONE',  ( -7.500000000000000000, 20.00000000000003197, -89.99999999999998579 ) ) ;
#3887 = SURFACE_SIDE_STYLE ('',( #2093 ) ) ;
#3888 = CIRCLE ( 'NONE', #2193, 5.099999999999993427 ) ;
#3889 = ORIENTED_EDGE ( 'NONE', *, *, #414, .F. ) ;
#3890 = CARTESIAN_POINT ( 'NONE',  ( -30.00000000000001421, 0.0000000000000000000, -121.5999999999999943 ) ) ;
#3891 = FACE_OUTER_BOUND ( 'NONE', #4559, .T. ) ;
#3892 = AXIS2_PLACEMENT_3D ( 'NONE', #1181, #2289, #1932 ) ;
#3893 = DIRECTION ( 'NONE',  ( 0.0000000000000000000, 0.0000000000000000000, 1.000000000000000000 ) ) ;
#3894 = ORIENTED_EDGE ( 'NONE', *, *, #4138, .F. ) ;
#3895 = CARTESIAN_POINT ( 'NONE',  ( 7.500000000000005329, 220.0000000000000284, 109.9999999999999858 ) ) ;
#3896 = FACE_BOUND ( 'NONE', #121, .T. ) ;
#3897 = LINE ( 'NONE', #3709, #2023 ) ;
#3898 = DIRECTION ( 'NONE',  ( 0.0000000000000000000, 0.0000000000000000000, -1.000000000000000000 ) ) ;
#3899 = CARTESIAN_POINT ( 'NONE',  ( -69.99999999999985789, 1080.000000000000000, 90.00000000000000000 ) ) ;
#3900 = ORIENTED_EDGE ( 'NONE', *, *, #4640, .F. ) ;
#3901 = DIRECTION ( 'NONE',  ( -0.0000000000000000000, 1.000000000000000000, -0.0000000000000000000 ) ) ;
#3902 = FACE_BOUND ( 'NONE', #1813, .T. ) ;
#3903 = CARTESIAN_POINT ( 'NONE',  ( 124.9999999999999716, 0.0000000000000000000, 125.0000000000000000 ) ) ;
#3904 = CARTESIAN_POINT ( 'NONE',  ( -29.99999999999998579, 20.00000000000000000, 125.0000000000000284 ) ) ;
#3905 = ADVANCED_FACE ( 'NONE', ( #239, #1420, #1306, #4013, #3268, #3957, #3041, #3896, #2088, #2197, #2768, #1138, #3094, #2030 ), #2813, .T. ) ;
#3906 = PRODUCT_DEFINITION_FORMATION_WITH_SPECIFIED_SOURCE ( 'ANY', '', #1381, .NOT_KNOWN. ) ;
#3907 = EDGE_LOOP ( 'NONE', ( #2705, #2036 ) ) ;
#3908 = CARTESIAN_POINT ( 'NONE',  ( -114.9999999999999574, 1100.000000000000000, -124.9999999999999432 ) ) ;
#3909 = VECTOR ( 'NONE', #1228, 1000.000000000000000 ) ;
#3910 = CYLINDRICAL_SURFACE ( 'NONE', #4367, 4.499999999999990230 ) ;
#3911 = AXIS2_PLACEMENT_3D ( 'NONE', #1497, #1486, #401 ) ;
#3912 = DIRECTION ( 'NONE',  ( -0.1961161351381840723, -0.9805806756909201116, -3.081487911019577365E-33 ) ) ;
#3913 = FACE_OUTER_BOUND ( 'NONE', #4250, .T. ) ;
#3914 = DIRECTION ( 'NONE',  ( 0.0000000000000000000, 0.0000000000000000000, -1.000000000000000000 ) ) ;
#3915 = DIRECTION ( 'NONE',  ( 0.7071067811865474617, -0.0000000000000000000, -0.7071067811865474617 ) ) ;
#3916 = CIRCLE ( 'NONE', #1451, 4.500000000000003553 ) ;
#3917 = LINE ( 'NONE', #3740, #3802 ) ;
#3918 = DIRECTION ( 'NONE',  ( 0.0000000000000000000, -3.081487911019577365E-33, -1.000000000000000000 ) ) ;
#3919 = UNCERTAINTY_MEASURE_WITH_UNIT (LENGTH_MEASURE( 1.000000000000000082E-05 ), #3, 'distance_accuracy_value', 'NONE');
#3920 = VERTEX_POINT ( 'NONE', #4580 ) ;
#3921 = EDGE_CURVE ( 'NONE', #429, #3393, #354, .T. ) ;
#3922 = CARTESIAN_POINT ( 'NONE',  ( -124.9999999999999716, 20.00000000000000000, -34.49999999999999289 ) ) ;
#3923 = CARTESIAN_POINT ( 'NONE',  ( -90.00000000000000000, 1100.000000000000000, 90.00000000000000000 ) ) ;
#3924 = PRESENTATION_LAYER_ASSIGNMENT (  '', '', ( #2712 ) ) ;
#3925 = CARTESIAN_POINT ( 'NONE',  ( 1.480297366166872495E-15, 1100.000000000000000, 0.0000000000000000000 ) ) ;
#3926 = FACE_OUTER_BOUND ( 'NONE', #2860, .T. ) ;
#3927 = EDGE_CURVE ( 'NONE', #1405, #1100, #4235, .T. ) ;
#3928 = DIRECTION ( 'NONE',  ( -0.0000000000000000000, 1.000000000000000000, -0.0000000000000000000 ) ) ;
#3929 = ADVANCED_FACE ( 'NONE', ( #2252 ), #662, .F. ) ;
#3930 = CARTESIAN_POINT ( 'NONE',  ( -124.9999999999999716, 20.00000000000000000, 117.5000000000000142 ) ) ;
#3931 = ORIENTED_EDGE ( 'NONE', *, *, #1619, .F. ) ;
#3932 = MECHANICAL_DESIGN_GEOMETRIC_PRESENTATION_REPRESENTATION (  '', ( #215 ), #3351 ) ;
#3933 = AXIS2_PLACEMENT_3D ( 'NONE', #1001, #1350, #2089 ) ;
#3934 = CARTESIAN_POINT ( 'NONE',  ( -90.00000000000000000, 1080.000000000000000, 84.90000000000000568 ) ) ;
#3935 = AXIS2_PLACEMENT_3D ( 'NONE', #2695, #199, #2003 ) ;
#3936 = CARTESIAN_POINT ( 'NONE',  ( 90.00000000000000000, 1080.000000000000000, -84.90000000000000568 ) ) ;
#3937 =( NAMED_UNIT ( * ) PLANE_ANGLE_UNIT ( ) SI_UNIT ( $, .RADIAN. ) );
#3938 = AXIS2_PLACEMENT_3D ( 'NONE', #1554, #2670, #988 ) ;
#3939 = CIRCLE ( 'NONE', #2571, 2.499999999999946709 ) ;
#3940 = DIRECTION ( 'NONE',  ( -0.7071067811865484609, 0.0000000000000000000, 0.7071067811865465735 ) ) ;
#3941 = ORIENTED_EDGE ( 'NONE', *, *, #1906, .T. ) ;
#3942 = CARTESIAN_POINT ( 'NONE',  ( 7.500000000000000000, 20.00000000000000000, -150.0000000000000284 ) ) ;
#3943 = DIRECTION ( 'NONE',  ( 0.0000000000000000000, 0.7071067811865081598, 0.7071067811865867636 ) ) ;
#3944 = EDGE_CURVE ( 'NONE', #4288, #3572, #2933, .T. ) ;
#3945 = ORIENTED_EDGE ( 'NONE', *, *, #3959, .F. ) ;
#3946 =( NAMED_UNIT ( * ) PLANE_ANGLE_UNIT ( ) SI_UNIT ( $, .RADIAN. ) );
#3947 = ORIENTED_EDGE ( 'NONE', *, *, #2589, .T. ) ;
#3948 = DIRECTION ( 'NONE',  ( 0.0000000000000000000, 1.000000000000000000, 0.0000000000000000000 ) ) ;
#3949 = FILL_AREA_STYLE ('',( #720 ) ) ;
#3950 = CARTESIAN_POINT ( 'NONE',  ( 90.00000000000000000, 1055.000000000000227, 45.00000000000000000 ) ) ;
#3951 = ADVANCED_FACE ( 'NONE', ( #2655 ), #2908, .F. ) ;
#3952 = EDGE_CURVE ( 'NONE', #574, #4131, #4186, .T. ) ;
#3953 = VERTEX_POINT ( 'NONE', #1455 ) ;
#3954 = CARTESIAN_POINT ( 'NONE',  ( -145.0000000000000284, 20.00000000000000000, -145.0000000000000568 ) ) ;
#3955 = VECTOR ( 'NONE', #3634, 1000.000000000000000 ) ;
#3956 = CLOSED_SHELL ( 'NONE', ( #562, #3746, #2409, #2073, #4410, #470, #4531 ) ) ;
#3957 = FACE_BOUND ( 'NONE', #3818, .T. ) ;
#3958 = VECTOR ( 'NONE', #1271, 999.9999999999998863 ) ;
#3959 = EDGE_CURVE ( 'NONE', #4081, #953, #2146, .T. ) ;
#3960 = CARTESIAN_POINT ( 'NONE',  ( -110.0000000000000000, 220.0000000000000284, 7.500000000000013323 ) ) ;
#3961 = ORIENTED_EDGE ( 'NONE', *, *, #2240, .T. ) ;
#3962 = AXIS2_PLACEMENT_3D ( 'NONE', #586, #572, #1623 ) ;
#3963 = SURFACE_SIDE_STYLE ('',( #4296 ) ) ;
#3964 = ORIENTED_EDGE ( 'NONE', *, *, #1906, .F. ) ;
#3965 = VERTEX_POINT ( 'NONE', #748 ) ;
#3966 = LINE ( 'NONE', #2431, #1200 ) ;
#3967 = CYLINDRICAL_SURFACE ( 'NONE', #2744, 19.99999999999999645 ) ;
#3968 =( NAMED_UNIT ( * ) SI_UNIT ( $, .STERADIAN. ) SOLID_ANGLE_UNIT ( ) );
#3969 = FACE_OUTER_BOUND ( 'NONE', #4466, .T. ) ;
#3971 = EDGE_LOOP ( 'NONE', ( #3311, #4536, #1635, #1527 ) ) ;
#3970 = PLANE ( 'NONE',  #3639 ) ;
#3972 = FACE_OUTER_BOUND ( 'NONE', #4332, .T. ) ;
#3973 = ORIENTED_EDGE ( 'NONE', *, *, #83, .T. ) ;
#3974 = LINE ( 'NONE', #4435, #3909 ) ;
#3975 = CARTESIAN_POINT ( 'NONE',  ( -149.9999999999999716, 20.00000000000000000, 150.0000000000000000 ) ) ;
#3976 = CARTESIAN_POINT ( 'NONE',  ( 124.9999999999999716, 0.0000000000000000000, 25.50000000000000711 ) ) ;
#3977 = VERTEX_POINT ( 'NONE', #364 ) ;
#3978 = EDGE_CURVE ( 'NONE', #3965, #3052, #124, .T. ) ;
#3979 = VECTOR ( 'NONE', #2404, 1000.000000000000114 ) ;
#3980 = DIRECTION ( 'NONE',  ( -0.0000000000000000000, 1.000000000000000000, -0.0000000000000000000 ) ) ;
#3981 = CARTESIAN_POINT ( 'NONE',  ( 90.00000000000000000, 1080.000000000000000, 69.99999999999982947 ) ) ;
#3982 =( GEOMETRIC_REPRESENTATION_CONTEXT ( 3 ) GLOBAL_UNCERTAINTY_ASSIGNED_CONTEXT ( ( #711 ) ) GLOBAL_UNIT_ASSIGNED_CONTEXT ( ( #3852, #194, #596 ) ) REPRESENTATION_CONTEXT ( 'NONE', 'WORKASPACE' ) );
#3983 = ORIENTED_EDGE ( 'NONE', *, *, #1344, .T. ) ;
#3984 = AXIS2_PLACEMENT_3D ( 'NONE', #1780, #4303, #2523 ) ;
#3985 = DIRECTION ( 'NONE',  ( 1.850371707708594316E-16, 0.0000000000000000000, 1.000000000000000000 ) ) ;
#3986 = CARTESIAN_POINT ( 'NONE',  ( 150.0000000000000284, 20.00000000000000000, 139.9999999999999716 ) ) ;
#3987 = EDGE_CURVE ( 'NONE', #1405, #2021, #290, .T. ) ;
#3988 = DIRECTION ( 'NONE',  ( -0.0000000000000000000, 1.000000000000000000, -0.0000000000000000000 ) ) ;
#3989 = CARTESIAN_POINT ( 'NONE',  ( 90.00000000000000000, 1015.000000000000114, -45.00000000000000000 ) ) ;
#3990 = DIRECTION ( 'NONE',  ( 0.0000000000000000000, 0.0000000000000000000, 1.000000000000000000 ) ) ;
#3991 = VECTOR ( 'NONE', #3281, 999.9999999999998863 ) ;
#3992 = CARTESIAN_POINT ( 'NONE',  ( -90.00000000000000000, 1080.000000000000000, -90.00000000000000000 ) ) ;
#3993 = EDGE_CURVE ( 'NONE', #3349, #2428, #1094, .T. ) ;
#3994 = AXIS2_PLACEMENT_3D ( 'NONE', #2232, #772, #3319 ) ;
#3995 = SURFACE_STYLE_USAGE ( .BOTH. , #63 ) ;
#3996 = CARTESIAN_POINT ( 'NONE',  ( -150.0000000000000284, 20.00000000000000000, -150.0000000000000000 ) ) ;
#3997 = DIRECTION ( 'NONE',  ( 0.0000000000000000000, 0.0000000000000000000, 1.000000000000000000 ) ) ;
#3998 = VERTEX_POINT ( 'NONE', #3236 ) ;
#3999 = DIRECTION ( 'NONE',  ( 0.0000000000000000000, 0.0000000000000000000, 1.000000000000000000 ) ) ;
#4000 = ORIENTED_EDGE ( 'NONE', *, *, #3521, .T. ) ;
#4001 = DIRECTION ( 'NONE',  ( 1.000000000000000000, -0.0000000000000000000, -0.0000000000000000000 ) ) ;
#4002 = COLOUR_RGB ( '',1.000000000000000000, 1.000000000000000000, 1.000000000000000000 ) ;
#4003 = ORIENTED_EDGE ( 'NONE', *, *, #1684, .T. ) ;
#4004 = VERTEX_POINT ( 'NONE', #4269 ) ;
#4005 = FILL_AREA_STYLE_COLOUR ( '', #4530 ) ;
#4006 = VECTOR ( 'NONE', #3247, 1000.000000000000000 ) ;
#4007 = VERTEX_POINT ( 'NONE', #3986 ) ;
#4008 = EDGE_CURVE ( 'NONE', #4007, #626, #1028, .T. ) ;
#4009 = CARTESIAN_POINT ( 'NONE',  ( 78.00000000000000000, 1015.000000000000114, 47.49999999999994316 ) ) ;
#4010 = ORIENTED_EDGE ( 'NONE', *, *, #3286, .F. ) ;
#4011 = VERTEX_POINT ( 'NONE', #3934 ) ;
#4012 = CARTESIAN_POINT ( 'NONE',  ( 0.0000000000000000000, 0.0000000000000000000, 0.0000000000000000000 ) ) ;
#4013 = FACE_BOUND ( 'NONE', #3195, .T. ) ;
#4014 = AXIS2_PLACEMENT_3D ( 'NONE', #2684, #3003, #3747 ) ;
#4015 = ORIENTED_EDGE ( 'NONE', *, *, #35, .F. ) ;
#4016 = ORIENTED_EDGE ( 'NONE', *, *, #4067, .T. ) ;
#4017 = LINE ( 'NONE', #3744, #3785 ) ;
#4018 = CYLINDRICAL_SURFACE ( 'NONE', #3938, 3.400000000000000355 ) ;
#4019 = PRESENTATION_STYLE_ASSIGNMENT (( #806 ) ) ;
#4020 = FACE_OUTER_BOUND ( 'NONE', #243, .T. ) ;
#4021 = ORIENTED_EDGE ( 'NONE', *, *, #4361, .F. ) ;
#4022 = CARTESIAN_POINT ( 'NONE',  ( 150.0000000000000000, -0.001000000000001000089, 7.500000000000524025 ) ) ;
#4023 = ORIENTED_EDGE ( 'NONE', *, *, #818, .F. ) ;
#4024 = VECTOR ( 'NONE', #2567, 1000.000000000000114 ) ;
#4025 = EDGE_CURVE ( 'NONE', #4643, #2258, #62, .T. ) ;
#4026 = STYLED_ITEM ( 'NONE', ( #2454 ), #4545 ) ;
#4027 = FACE_OUTER_BOUND ( 'NONE', #1232, .T. ) ;
#4028 = SURFACE_STYLE_FILL_AREA ( #3743 ) ;
#4029 = DIRECTION ( 'NONE',  ( 0.7071067811865455743, 0.0000000000000000000, 0.7071067811865493491 ) ) ;
#4030 = PRODUCT_CONTEXT ( 'NONE', #3318, 'mechanical' ) ;
#4031 = DIRECTION ( 'NONE',  ( -1.982541115402069054E-16, -1.181499347331008115E-35, -1.000000000000000000 ) ) ;
#4032 = FACE_OUTER_BOUND ( 'NONE', #3515, .T. ) ;
#4033 = VECTOR ( 'NONE', #3329, 1000.000000000000000 ) ;
#4034 = ORIENTED_EDGE ( 'NONE', *, *, #1068, .T. ) ;
#4035 = ORIENTED_EDGE ( 'NONE', *, *, #3702, .T. ) ;
#4036 = CARTESIAN_POINT ( 'NONE',  ( -90.00000000000000000, 1100.000000000000000, -90.00000000000000000 ) ) ;
#4037 = SHAPE_REPRESENTATION ( '4GAA0021201010011X', ( #216, #2725 ), #3442 ) ;
#4038 = MECHANICAL_DESIGN_GEOMETRIC_PRESENTATION_REPRESENTATION (  '', ( #956 ), #4427 ) ;
#4039 = CARTESIAN_POINT ( 'NONE',  ( 115.0000000000000711, 1100.000000000000000, -124.9999999999999432 ) ) ;
#4040 = ADVANCED_FACE ( 'NONE', ( #2371, #2429, #4569, #1804, #3498, #3834, #2877, #1912 ), #1090, .T. ) ;
#4041 = CARTESIAN_POINT ( 'NONE',  ( -2.140462239949360482E-14, 1100.000000000000000, 0.0000000000000000000 ) ) ;
#4042 = LINE ( 'NONE', #3922, #206 ) ;
#4043 = EDGE_CURVE ( 'NONE', #1950, #4011, #3778, .T. ) ;
#4044 = DIRECTION ( 'NONE',  ( 1.232595164407831493E-32, -0.9805806756909202226, -0.1961161351381840168 ) ) ;
#4045 = DIRECTION ( 'NONE',  ( -0.0000000000000000000, -1.000000000000000000, -0.0000000000000000000 ) ) ;
#4046 = EDGE_CURVE ( 'NONE', #3052, #561, #2541, .T. ) ;
#4047 = AXIS2_PLACEMENT_3D ( 'NONE', #2507, #2117, #347 ) ;
#4048 = VECTOR ( 'NONE', #1109, 1000.000000000000000 ) ;
#4049 = FILL_AREA_STYLE ('',( #2614 ) ) ;
#4050 = DIRECTION ( 'NONE',  ( -1.000000000000000000, 0.0000000000000000000, 1.020425574104005602E-16 ) ) ;
#4051 = ORIENTED_EDGE ( 'NONE', *, *, #64, .F. ) ;
#4052 = ORIENTED_EDGE ( 'NONE', *, *, #3178, .F. ) ;
#4053 = EDGE_LOOP ( 'NONE', ( #251, #3827 ) ) ;
#4054 = DIRECTION ( 'NONE',  ( 0.0000000000000000000, 0.0000000000000000000, 1.000000000000000000 ) ) ;
#4055 = LINE ( 'NONE', #4395, #674 ) ;
#4056 = EDGE_LOOP ( 'NONE', ( #3732, #3777, #3341, #2652 ) ) ;
#4057 = ADVANCED_FACE ( 'NONE', ( #853 ), #2259, .F. ) ;
#4058 = UNCERTAINTY_MEASURE_WITH_UNIT (LENGTH_MEASURE( 1.000000000000000082E-05 ), #2139, 'distance_accuracy_value', 'NONE');
#4059 = MECHANICAL_DESIGN_GEOMETRIC_PRESENTATION_REPRESENTATION (  '', ( #4156 ), #4385 ) ;
#4060 = PLANE ( 'NONE',  #1279 ) ;
#4061 = EDGE_LOOP ( 'NONE', ( #3450, #3233, #875, #2096 ) ) ;
#4062 = CARTESIAN_POINT ( 'NONE',  ( 7.499999999998951949, 0.0000000000000000000, 150.0000000000000853 ) ) ;
#4063 = VECTOR ( 'NONE', #650, 1000.000000000000000 ) ;
#4064 = AXIS2_PLACEMENT_3D ( 'NONE', #1020, #970, #3469 ) ;
#4065 = FACE_OUTER_BOUND ( 'NONE', #2520, .T. ) ;
#4066 = CARTESIAN_POINT ( 'NONE',  ( 0.0000000000000000000, 20.00000000000000000, 0.0000000000000000000 ) ) ;
#4067 = EDGE_CURVE ( 'NONE', #640, #2819, #1361, .T. ) ;
#4068 = ORIENTED_EDGE ( 'NONE', *, *, #2803, .F. ) ;
#4069 = LINE ( 'NONE', #879, #1036 ) ;
#4070 = CIRCLE ( 'NONE', #4265, 4.499999999999997335 ) ;
#4071 = ORIENTED_EDGE ( 'NONE', *, *, #1169, .T. ) ;
#4072 = CARTESIAN_POINT ( 'NONE',  ( -140.0000000000000000, 20.00000000000001776, -7.499999999999985789 ) ) ;
#4073 = FILL_AREA_STYLE ('',( #1133 ) ) ;
#4074 = ORIENTED_EDGE ( 'NONE', *, *, #2379, .F. ) ;
#4075 = CARTESIAN_POINT ( 'NONE',  ( -67.99999999999991473, 20.00000000000000355, 78.00000000000000000 ) ) ;
#4076 = ORIENTED_EDGE ( 'NONE', *, *, #3595, .T. ) ;
#4077 = VECTOR ( 'NONE', #3143, 1000.000000000000000 ) ;
#4078 = EDGE_CURVE ( 'NONE', #2390, #40, #408, .T. ) ;
#4079 = CYLINDRICAL_SURFACE ( 'NONE', #747, 4.499999999999990230 ) ;
#4080 = DIRECTION ( 'NONE',  ( -0.0000000000000000000, 1.000000000000000000, -0.0000000000000000000 ) ) ;
#4081 = VERTEX_POINT ( 'NONE', #824 ) ;
#4082 = PRESENTATION_STYLE_ASSIGNMENT (( #2116 ) ) ;
#4083 = LINE ( 'NONE', #3739, #2998 ) ;
#4084 = FACE_OUTER_BOUND ( 'NONE', #504, .T. ) ;
#4085 = CARTESIAN_POINT ( 'NONE',  ( -150.0000000000001137, -0.001000000000001000089, 7.499999999998428812 ) ) ;
#4086 = EDGE_CURVE ( 'NONE', #148, #4432, #130, .T. ) ;
#4087 = VERTEX_POINT ( 'NONE', #4392 ) ;
#4088 = DIRECTION ( 'NONE',  ( 0.0000000000000000000, 0.0000000000000000000, 1.000000000000000000 ) ) ;
#4089 = ADVANCED_FACE ( 'NONE', ( #3383 ), #2574, .F. ) ;
#4090 = ADVANCED_FACE ( 'NONE', ( #2038 ), #4379, .F. ) ;
#4091 = CARTESIAN_POINT ( 'NONE',  ( -67.99999999999991473, 1080.000000000000000, -77.99999999999998579 ) ) ;
#4092 = CARTESIAN_POINT ( 'NONE',  ( 7.500000000000009770, 19.99999999999998934, 139.9999999999999716 ) ) ;
#4093 = CARTESIAN_POINT ( 'NONE',  ( 30.00000000000000000, 20.00000000000000000, -125.0000000000000000 ) ) ;
#4094 = CARTESIAN_POINT ( 'NONE',  ( 149.9999999999999716, 20.00000000000000000, -150.0000000000000000 ) ) ;
#4095 = ORIENTED_EDGE ( 'NONE', *, *, #3138, .F. ) ;
#4096 = CARTESIAN_POINT ( 'NONE',  ( 142.5000000000000568, -0.001000000000001000089, 4.975360907851466735E-13 ) ) ;
#4097 = LINE ( 'NONE', #425, #432 ) ;
#4098 = CARTESIAN_POINT ( 'NONE',  ( 70.00000000000000000, 1100.000000000000000, -95.00000000000000000 ) ) ;
#4099 = DIRECTION ( 'NONE',  ( -1.000000000000000000, 0.0000000000000000000, 0.0000000000000000000 ) ) ;
#4100 = EDGE_CURVE ( 'NONE', #3484, #3920, #4517, .T. ) ;
#4101 = DIRECTION ( 'NONE',  ( 1.850371707708594316E-16, 0.0000000000000000000, 1.000000000000000000 ) ) ;
#4102 =( NAMED_UNIT ( * ) PLANE_ANGLE_UNIT ( ) SI_UNIT ( $, .RADIAN. ) );
#4103 = STYLED_ITEM ( 'NONE', ( #2329 ), #1522 ) ;
#4104 = FACE_OUTER_BOUND ( 'NONE', #2487, .T. ) ;
#4105 = MECHANICAL_DESIGN_GEOMETRIC_PRESENTATION_REPRESENTATION (  '', ( #3757 ), #4252 ) ;
#4106 = CARTESIAN_POINT ( 'NONE',  ( 125.0000000000000568, 1100.000000000000000, 115.0000000000000142 ) ) ;
#4107 = EDGE_CURVE ( 'NONE', #3572, #3324, #1808, .T. ) ;
#4108 = DIRECTION ( 'NONE',  ( 0.0000000000000000000, 0.0000000000000000000, 1.000000000000000000 ) ) ;
#4109 = CARTESIAN_POINT ( 'NONE',  ( 149.9999999999999716, 20.00000000000000000, -139.9999999999999716 ) ) ;
#4110 = ORIENTED_EDGE ( 'NONE', *, *, #4217, .F. ) ;
#4111 = VERTEX_POINT ( 'NONE', #4009 ) ;
#4112 = ORIENTED_EDGE ( 'NONE', *, *, #95, .T. ) ;
#4113 = EDGE_CURVE ( 'NONE', #3347, #58, #3596, .T. ) ;
#4114 = AXIS2_PLACEMENT_3D ( 'NONE', #3829, #4159, #894 ) ;
#4115 = PRESENTATION_LAYER_ASSIGNMENT (  '', '', ( #4177 ) ) ;
#4116 = LINE ( 'NONE', #4597, #1626 ) ;
#4117 = DIRECTION ( 'NONE',  ( 0.0000000000000000000, -1.729880772769294137E-33, -1.000000000000000000 ) ) ;
#4119 = ORIENTED_EDGE ( 'NONE', *, *, #1144, .F. ) ;
#4118 =( LENGTH_UNIT ( ) NAMED_UNIT ( * ) SI_UNIT ( .MILLI., .METRE. ) );
#4120 = PLANE ( 'NONE',  #152 ) ;
#4121 = PRESENTATION_STYLE_ASSIGNMENT (( #1107 ) ) ;
#4122 = VERTEX_POINT ( 'NONE', #2244 ) ;
#4123 = DIRECTION ( 'NONE',  ( 0.0000000000000000000, 1.000000000000000000, 0.0000000000000000000 ) ) ;
#4124 = VECTOR ( 'NONE', #4564, 1000.000000000000000 ) ;
#4125 = DIRECTION ( 'NONE',  ( -1.000000000000000000, 0.0000000000000000000, 1.020425574104005602E-16 ) ) ;
#4126 = VECTOR ( 'NONE', #296, 1000.000000000000000 ) ;
#4127 = VERTEX_POINT ( 'NONE', #99 ) ;
#4128 = CARTESIAN_POINT ( 'NONE',  ( -114.9999999999999574, 1100.000000000000000, 125.0000000000000000 ) ) ;
#4129 = EDGE_CURVE ( 'NONE', #2814, #2194, #3440, .T. ) ;
#4130 = CYLINDRICAL_SURFACE ( 'NONE', #3583, 4.499999999999997335 ) ;
#4131 = VERTEX_POINT ( 'NONE', #3316 ) ;
#4132 =( LENGTH_UNIT ( ) NAMED_UNIT ( * ) SI_UNIT ( .MILLI., .METRE. ) );
#4133 = ORIENTED_EDGE ( 'NONE', *, *, #2240, .F. ) ;
#4134 = VECTOR ( 'NONE', #4501, 1000.000000000000000 ) ;
#4135 = LINE ( 'NONE', #4092, #4626 ) ;
#4136 = CIRCLE ( 'NONE', #193, 7.500000000000007105 ) ;
#4137 = SURFACE_SIDE_STYLE ('',( #1251 ) ) ;
#4138 = EDGE_CURVE ( 'NONE', #1865, #2636, #1644, .T. ) ;
#4139 = ORIENTED_EDGE ( 'NONE', *, *, #3431, .T. ) ;
#4140 = ORIENTED_EDGE ( 'NONE', *, *, #4319, .T. ) ;
#4141 = CARTESIAN_POINT ( 'NONE',  ( 70.00000000000000000, 1080.000000000000000, -92.00000000000001421 ) ) ;
#4142 = FACE_OUTER_BOUND ( 'NONE', #1659, .T. ) ;
#4143 = CARTESIAN_POINT ( 'NONE',  ( 124.9999999999999716, 20.00000000000000000, 125.0000000000000000 ) ) ;
#4144 = VECTOR ( 'NONE', #2120, 1000.000000000000114 ) ;
#4145 = PRESENTATION_LAYER_ASSIGNMENT (  '', '', ( #3757 ) ) ;
#4146 = AXIS2_PLACEMENT_3D ( 'NONE', #1286, #2090, #3509 ) ;
#4147 = FACE_OUTER_BOUND ( 'NONE', #3217, .T. ) ;
#4148 = CARTESIAN_POINT ( 'NONE',  ( -114.9999999999999574, 1100.000000000000000, 125.0000000000000000 ) ) ;
#4149 = EDGE_LOOP ( 'NONE', ( #3682, #3860 ) ) ;
#4150 = ORIENTED_EDGE ( 'NONE', *, *, #833, .T. ) ;
#4151 = CARTESIAN_POINT ( 'NONE',  ( -149.9999999999999716, 20.00000000000000000, 139.9999999999999716 ) ) ;
#4152 = MANIFOLD_SOLID_BREP ( 'Ø6.0mm Dowel Hole1', #551 ) ;
#4153 = CARTESIAN_POINT ( 'NONE',  ( 90.00000000000000000, 1015.000000000000114, 45.00000000000000000 ) ) ;
#4154 = CARTESIAN_POINT ( 'NONE',  ( -124.9999999999999716, 20.00000000000000000, -34.50000000000000000 ) ) ;
#4155 = CYLINDRICAL_SURFACE ( 'NONE', #2175, 5.099999999999993427 ) ;
#4156 = STYLED_ITEM ( 'NONE', ( #871 ), #2690 ) ;
#4157 = ADVANCED_FACE ( 'NONE', ( #3490 ), #625, .F. ) ;
#4158 = CARTESIAN_POINT ( 'NONE',  ( -7.500000000001047162, 20.00000000000000000, 149.9999999999999716 ) ) ;
#4159 = DIRECTION ( 'NONE',  ( -0.0000000000000000000, 1.000000000000000000, -0.0000000000000000000 ) ) ;
#4160 = EDGE_CURVE ( 'NONE', #1218, #3369, #3780, .T. ) ;
#4161 = CARTESIAN_POINT ( 'NONE',  ( -67.99999999999991473, 1080.000000000000000, 78.00000000000000000 ) ) ;
#4162 = AXIS2_PLACEMENT_3D ( 'NONE', #336, #673, #1436 ) ;
#4163 = CIRCLE ( 'NONE', #2626, 3.400000000000000355 ) ;
#4164 = ORIENTED_EDGE ( 'NONE', *, *, #1583, .T. ) ;
#4165 = DIRECTION ( 'NONE',  ( -1.000000000000000000, -1.932701039895095811E-34, 6.162975822039154730E-33 ) ) ;
#4166 = EDGE_CURVE ( 'NONE', #3227, #1218, #3897, .T. ) ;
#4167 =( LENGTH_UNIT ( ) NAMED_UNIT ( * ) SI_UNIT ( .MILLI., .METRE. ) );
#4168 = DIRECTION ( 'NONE',  ( 1.000000000000000000, -0.0000000000000000000, -0.0000000000000000000 ) ) ;
#4169 = DIRECTION ( 'NONE',  ( -0.0000000000000000000, 1.000000000000000000, -0.0000000000000000000 ) ) ;
#4170 = EDGE_LOOP ( 'NONE', ( #4223, #2202, #3034, #1794 ) ) ;
#4171 = EDGE_LOOP ( 'NONE', ( #815, #181, #1238, #4535 ) ) ;
#4172 = CARTESIAN_POINT ( 'NONE',  ( -114.9999999999999574, 1100.000000000000000, 125.0000000000000000 ) ) ;
#4173 = DIRECTION ( 'NONE',  ( -0.0000000000000000000, 1.000000000000000000, -0.0000000000000000000 ) ) ;
#4174 = EDGE_CURVE ( 'NONE', #4111, #173, #913, .T. ) ;
#4175 = VERTEX_POINT ( 'NONE', #2444 ) ;
#4176 = AXIS2_PLACEMENT_3D ( 'NONE', #4646, #1078, #1447 ) ;
#4177 = STYLED_ITEM ( 'NONE', ( #2104 ), #2955 ) ;
#4178 = ADVANCED_FACE ( 'NONE', ( #1859 ), #2821, .F. ) ;
#4179 = ORIENTED_EDGE ( 'NONE', *, *, #3270, .F. ) ;
#4180 = FACE_OUTER_BOUND ( 'NONE', #909, .T. ) ;
#4181 = MECHANICAL_DESIGN_GEOMETRIC_PRESENTATION_REPRESENTATION (  '', ( #1053 ), #2732 ) ;
#4182 = DIRECTION ( 'NONE',  ( 0.0000000000000000000, 0.0000000000000000000, 1.000000000000000000 ) ) ;
#4183 = CARTESIAN_POINT ( 'NONE',  ( 70.00000000000000000, 1100.000000000000000, -95.00000000000000000 ) ) ;
#4185 = EDGE_LOOP ( 'NONE', ( #2317, #4479, #895, #1182 ) ) ;
#4184 = CARTESIAN_POINT ( 'NONE',  ( 70.00000000000000000, 1099.500000000000227, -92.00000000000000000 ) ) ;
#4186 = CIRCLE ( 'NONE', #3231, 7.500000000000007105 ) ;
#4187 = LINE ( 'NONE', #3491, #2825 ) ;
#4188 = ORIENTED_EDGE ( 'NONE', *, *, #1722, .T. ) ;
#4189 = CARTESIAN_POINT ( 'NONE',  ( -124.9999999999999716, 0.0000000000000000000, 117.5000000000000142 ) ) ;
#4190 = EDGE_CURVE ( 'NONE', #1592, #410, #4622, .T. ) ;
#4191 = ORIENTED_EDGE ( 'NONE', *, *, #1411, .F. ) ;
#4192 = EDGE_LOOP ( 'NONE', ( #2321, #261, #724, #3405 ) ) ;
#4193 = PLANE ( 'NONE',  #2904 ) ;
#4194 = LINE ( 'NONE', #3116, #524 ) ;
#4195 = FACE_BOUND ( 'NONE', #188, .T. ) ;
#4196 = ADVANCED_FACE ( 'NONE', ( #4180 ), #3487, .F. ) ;
#4197 = ORIENTED_EDGE ( 'NONE', *, *, #1450, .T. ) ;
#4198 = EDGE_LOOP ( 'NONE', ( #3118, #1370, #446, #3655 ) ) ;
#4199 = PLANE ( 'NONE',  #2840 ) ;
#4200 = PRODUCT_DEFINITION_CONTEXT ( 'detailed design', #3636, 'design' ) ;
#4201 = DIRECTION ( 'NONE',  ( -0.0000000000000000000, 1.000000000000000000, -0.0000000000000000000 ) ) ;
#4202 = SURFACE_STYLE_FILL_AREA ( #2246 ) ;
#4203 = DIRECTION ( 'NONE',  ( 0.0000000000000000000, 0.0000000000000000000, 1.000000000000000000 ) ) ;
#4204 = EDGE_CURVE ( 'NONE', #486, #3350, #119, .T. ) ;
#4205 = AXIS2_PLACEMENT_3D ( 'NONE', #1552, #2662, #4088 ) ;
#4206 = EDGE_LOOP ( 'NONE', ( #2134, #4188 ) ) ;
#4207 = SURFACE_STYLE_USAGE ( .BOTH. , #2055 ) ;
#4208 = AXIS2_PLACEMENT_3D ( 'NONE', #3413, #4486, #3774 ) ;
#4209 = UNCERTAINTY_MEASURE_WITH_UNIT (LENGTH_MEASURE( 1.000000000000000082E-05 ), #1545, 'distance_accuracy_value', 'NONE');
#4210 = DIRECTION ( 'NONE',  ( -0.0000000000000000000, 1.000000000000000000, -0.0000000000000000000 ) ) ;
#4211 = DIRECTION ( 'NONE',  ( 0.0000000000000000000, -0.0000000000000000000, 1.000000000000000000 ) ) ;
#4212 = PLANE ( 'NONE',  #4659 ) ;
#4213 = ADVANCED_FACE ( 'NONE', ( #2494 ), #789, .T. ) ;
#4214 = DIRECTION ( 'NONE',  ( -0.7071067811865474617, -0.0000000000000000000, 0.7071067811865474617 ) ) ;
#4215 = CARTESIAN_POINT ( 'NONE',  ( 142.5000000000000568, 20.00000000000000000, 4.975360907851466735E-13 ) ) ;
#4216 = CARTESIAN_POINT ( 'NONE',  ( -124.9999999999999716, 0.0000000000000000000, 125.0000000000000000 ) ) ;
#4217 = EDGE_CURVE ( 'NONE', #2019, #676, #683, .T. ) ;
#4218 = CARTESIAN_POINT ( 'NONE',  ( -30.00000000000001421, 20.00000000000000000, -125.0000000000000000 ) ) ;
#4219 = CARTESIAN_POINT ( 'NONE',  ( 149.9999999999999716, 20.00000000000000000, -150.0000000000000000 ) ) ;
#4220 = VERTEX_POINT ( 'NONE', #3886 ) ;
#4221 = ORIENTED_EDGE ( 'NONE', *, *, #2803, .T. ) ;
#4222 = ADVANCED_FACE ( 'NONE', ( #3321 ), #1723, .F. ) ;
#4223 = ORIENTED_EDGE ( 'NONE', *, *, #1811, .T. ) ;
#4224 = CYLINDRICAL_SURFACE ( 'NONE', #3819, 7.500000000000007105 ) ;
#4225 = FILL_AREA_STYLE_COLOUR ( '', #689 ) ;
#4226 = EDGE_LOOP ( 'NONE', ( #52, #729, #2384, #116 ) ) ;
#4227 = ORIENTED_EDGE ( 'NONE', *, *, #4335, .F. ) ;
#4228 = AXIS2_PLACEMENT_3D ( 'NONE', #418, #2281, #3352 ) ;
#4229 = CARTESIAN_POINT ( 'NONE',  ( 90.00000000000000000, 19.99999999999998934, -7.500000000000013323 ) ) ;
#4230 = DIRECTION ( 'NONE',  ( 0.0000000000000000000, 1.000000000000000000, 0.0000000000000000000 ) ) ;
#4231 = ORIENTED_EDGE ( 'NONE', *, *, #477, .T. ) ;
#4232 = SURFACE_STYLE_FILL_AREA ( #1391 ) ;
#4233 =( NAMED_UNIT ( * ) SI_UNIT ( $, .STERADIAN. ) SOLID_ANGLE_UNIT ( ) );
#4234 = ORIENTED_EDGE ( 'NONE', *, *, #2338, .F. ) ;
#4235 = CIRCLE ( 'NONE', #2591, 7.500000000000007105 ) ;
#4236 = CONICAL_SURFACE ( 'NONE', #1108, 3.500000000000003109, 0.7853981633975037902 ) ;
#4237 = ORIENTED_EDGE ( 'NONE', *, *, #1831, .F. ) ;
#4238 = ORIENTED_EDGE ( 'NONE', *, *, #3527, .F. ) ;
#4239 = LINE ( 'NONE', #2464, #3552 ) ;
#4240 = VECTOR ( 'NONE', #2721, 1000.000000000000000 ) ;
#4241 = CARTESIAN_POINT ( 'NONE',  ( 62.49999999999997868, 1100.000000000000000, 0.0000000000000000000 ) ) ;
#4242 = CARTESIAN_POINT ( 'NONE',  ( -70.00000000000000000, 1099.500000000000227, 95.00000000000000000 ) ) ;
#4243 = ORIENTED_EDGE ( 'NONE', *, *, #4204, .F. ) ;
#4244 = ORIENTED_EDGE ( 'NONE', *, *, #2623, .F. ) ;
#4245 = LINE ( 'NONE', #80, #4024 ) ;
#4246 = PLANE ( 'NONE',  #3652 ) ;
#4247 = CARTESIAN_POINT ( 'NONE',  ( 125.0000000000000568, 1100.000000000000000, -114.9999999999999858 ) ) ;
#4248 = EDGE_CURVE ( 'NONE', #3369, #1224, #2367, .T. ) ;
#4249 = DIRECTION ( 'NONE',  ( 0.0000000000000000000, 0.0000000000000000000, 1.000000000000000000 ) ) ;
#4250 = EDGE_LOOP ( 'NONE', ( #4446, #2934, #4404, #3323 ) ) ;
#4251 = AXIS2_PLACEMENT_3D ( 'NONE', #3992, #4293, #3240 ) ;
#4252 =( GEOMETRIC_REPRESENTATION_CONTEXT ( 3 ) GLOBAL_UNCERTAINTY_ASSIGNED_CONTEXT ( ( #1204 ) ) GLOBAL_UNIT_ASSIGNED_CONTEXT ( ( #1456, #3563, #13 ) ) REPRESENTATION_CONTEXT ( 'NONE', 'WORKASPACE' ) );
#4253 = ORIENTED_EDGE ( 'NONE', *, *, #3025, .F. ) ;
#4254 = EDGE_CURVE ( 'NONE', #3538, #1520, #456, .T. ) ;
#4255 = EDGE_LOOP ( 'NONE', ( #1013, #1142, #1407, #2616 ) ) ;
#4256 = DIRECTION ( 'NONE',  ( -0.0000000000000000000, -1.000000000000000000, -0.0000000000000000000 ) ) ;
#4257 = DIRECTION ( 'NONE',  ( -1.850371707708594316E-16, -0.0000000000000000000, -1.000000000000000000 ) ) ;
#4258 = PLANE ( 'NONE',  #4636 ) ;
#4259 = EDGE_CURVE ( 'NONE', #2767, #2833, #1302, .T. ) ;
#4260 = AXIS2_PLACEMENT_3D ( 'NONE', #2769, #3861, #3508 ) ;
#4261 = VECTOR ( 'NONE', #3988, 1000.000000000000000 ) ;
#4262 = FILL_AREA_STYLE_COLOUR ( '', #3715 ) ;
#4263 = DIRECTION ( 'NONE',  ( 1.850371707708594316E-16, 0.0000000000000000000, 1.000000000000000000 ) ) ;
#4264 = EDGE_CURVE ( 'NONE', #697, #868, #1189, .T. ) ;
#4265 = AXIS2_PLACEMENT_3D ( 'NONE', #3416, #3761, #3804 ) ;
#4266 = ORIENTED_EDGE ( 'NONE', *, *, #4100, .F. ) ;
#4267 = FILL_AREA_STYLE_COLOUR ( '', #135 ) ;
#4268 = DIRECTION ( 'NONE',  ( 0.0000000000000000000, 0.0000000000000000000, -1.000000000000000000 ) ) ;
#4269 = CARTESIAN_POINT ( 'NONE',  ( -7.500000000000000000, 220.0000000000000284, -90.00000000000000000 ) ) ;
#4270 = SURFACE_SIDE_STYLE ('',( #229 ) ) ;
#4271 = ORIENTED_EDGE ( 'NONE', *, *, #149, .F. ) ;
#4272 = VERTEX_POINT ( 'NONE', #2492 ) ;
#4273 = ORIENTED_EDGE ( 'NONE', *, *, #2958, .T. ) ;
#4274 = DIRECTION ( 'NONE',  ( -1.982541115402069054E-16, -1.181499347331008115E-35, -1.000000000000000000 ) ) ;
#4275 = ORIENTED_EDGE ( 'NONE', *, *, #132, .T. ) ;
#4276 = AXIS2_PLACEMENT_3D ( 'NONE', #2874, #4337, #2608 ) ;
#4277 = VERTEX_POINT ( 'NONE', #2832 ) ;
#4278 = CARTESIAN_POINT ( 'NONE',  ( 77.99999999999998579, 1080.000000000000000, -67.99999999999991473 ) ) ;
#4279 = UNCERTAINTY_MEASURE_WITH_UNIT (LENGTH_MEASURE( 1.000000000000000082E-05 ), #2783, 'distance_accuracy_value', 'NONE');
#4280 = EDGE_CURVE ( 'NONE', #2021, #3224, #2137, .T. ) ;
#4282 = ORIENTED_EDGE ( 'NONE', *, *, #1155, .F. ) ;
#4281 = DIRECTION ( 'NONE',  ( 0.0000000000000000000, 0.0000000000000000000, 1.000000000000000000 ) ) ;
#4283 = AXIS2_PLACEMENT_3D ( 'NONE', #1853, #2931, #4029 ) ;
#4284 = DIRECTION ( 'NONE',  ( 0.0000000000000000000, 0.0000000000000000000, 1.000000000000000000 ) ) ;
#4285 = ORIENTED_EDGE ( 'NONE', *, *, #1023, .F. ) ;
#4286 = PRESENTATION_STYLE_ASSIGNMENT (( #481 ) ) ;
#4287 =( LENGTH_UNIT ( ) NAMED_UNIT ( * ) SI_UNIT ( .MILLI., .METRE. ) );
#4288 = VERTEX_POINT ( 'NONE', #324 ) ;
#4289 = CYLINDRICAL_SURFACE ( 'NONE', #2033, 5.099999999999993427 ) ;
#4290 = ORIENTED_EDGE ( 'NONE', *, *, #3952, .T. ) ;
#4291 = ORIENTED_EDGE ( 'NONE', *, *, #1831, .T. ) ;
#4292 = CARTESIAN_POINT ( 'NONE',  ( 124.9999999999999716, 20.00000000000000000, -125.0000000000000000 ) ) ;
#4293 = DIRECTION ( 'NONE',  ( -0.0000000000000000000, -1.000000000000000000, -0.0000000000000000000 ) ) ;
#4294 = LINE ( 'NONE', #2053, #246 ) ;
#4295 = LINE ( 'NONE', #1038, #3222 ) ;
#4296 = SURFACE_STYLE_FILL_AREA ( #1440 ) ;
#4297 = VERTEX_POINT ( 'NONE', #3936 ) ;
#4298 = LINE ( 'NONE', #3241, #1985 ) ;
#4299 =( LENGTH_UNIT ( ) NAMED_UNIT ( * ) SI_UNIT ( .MILLI., .METRE. ) );
#4300 = ORIENTED_EDGE ( 'NONE', *, *, #3527, .T. ) ;
#4301 = ADVANCED_FACE ( 'NONE', ( #1908 ), #3568, .F. ) ;
#4302 = FACE_BOUND ( 'NONE', #3205, .T. ) ;
#4303 = DIRECTION ( 'NONE',  ( 0.0000000000000000000, 1.000000000000000000, 0.0000000000000000000 ) ) ;
#4304 = LINE ( 'NONE', #1273, #1213 ) ;
#4305 = ORIENTED_EDGE ( 'NONE', *, *, #3301, .F. ) ;
#4306 = DIRECTION ( 'NONE',  ( -1.000000000000000000, 1.423415318369119772E-33, -4.386237095914525535E-66 ) ) ;
#4307 = VERTEX_POINT ( 'NONE', #335 ) ;
#4308 = CARTESIAN_POINT ( 'NONE',  ( 7.500000000000000000, 20.00000000000003197, -89.99999999999998579 ) ) ;
#4309 = DIRECTION ( 'NONE',  ( 0.0000000000000000000, 0.0000000000000000000, 1.000000000000000000 ) ) ;
#4310 = EDGE_CURVE ( 'NONE', #110, #176, #1799, .T. ) ;
#4311 = DIRECTION ( 'NONE',  ( -0.0000000000000000000, 1.000000000000000000, -0.0000000000000000000 ) ) ;
#4312 =( NAMED_UNIT ( * ) PLANE_ANGLE_UNIT ( ) SI_UNIT ( $, .RADIAN. ) );
#4313 = DIRECTION ( 'NONE',  ( 1.000000000000000000, -0.0000000000000000000, -0.0000000000000000000 ) ) ;
#4314 = EDGE_LOOP ( 'NONE', ( #1258, #4034, #2352, #1817 ) ) ;
#4315 = EDGE_CURVE ( 'NONE', #2737, #396, #3713, .T. ) ;
#4316 =( NAMED_UNIT ( * ) PLANE_ANGLE_UNIT ( ) SI_UNIT ( $, .RADIAN. ) );
#4317 = CARTESIAN_POINT ( 'NONE',  ( 7.499999999999989342, 20.00000000000001776, -139.9999999999999716 ) ) ;
#4318 = CARTESIAN_POINT ( 'NONE',  ( -7.500000000000000000, 19.99999999999998934, 89.99999999999998579 ) ) ;
#4319 = EDGE_CURVE ( 'NONE', #2752, #2659, #2875, .T. ) ;
#4320 = CARTESIAN_POINT ( 'NONE',  ( -124.9999999999999716, 20.00000000000000000, 33.39999999999999858 ) ) ;
#4321 = CARTESIAN_POINT ( 'NONE',  ( -29.99999999999998579, 20.00000000000000000, 129.5000000000000284 ) ) ;
#4322 = CARTESIAN_POINT ( 'NONE',  ( -70.00000000000000000, 1100.000000000000000, 92.00000000000000000 ) ) ;
#4323 = DIRECTION ( 'NONE',  ( -0.0000000000000000000, 1.000000000000000000, -0.0000000000000000000 ) ) ;
#4324 = CARTESIAN_POINT ( 'NONE',  ( -68.00000000000000000, 1080.000000000000000, 68.00000000000000000 ) ) ;
#4325 = SURFACE_STYLE_FILL_AREA ( #4543 ) ;
#4326 = CARTESIAN_POINT ( 'NONE',  ( -78.00000000000000000, 1080.000000000000000, 67.99999999999991473 ) ) ;
#4327 = ORIENTED_EDGE ( 'NONE', *, *, #4174, .F. ) ;
#4328 = CARTESIAN_POINT ( 'NONE',  ( -124.9999999999999432, 1080.000000000000000, 115.0000000000000426 ) ) ;
#4329 = EDGE_CURVE ( 'NONE', #3484, #922, #4562, .T. ) ;
#4330 =( GEOMETRIC_REPRESENTATION_CONTEXT ( 3 ) GLOBAL_UNCERTAINTY_ASSIGNED_CONTEXT ( ( #4338 ) ) GLOBAL_UNIT_ASSIGNED_CONTEXT ( ( #4287, #2804, #3530 ) ) REPRESENTATION_CONTEXT ( 'NONE', 'WORKASPACE' ) );
#4331 = FACE_OUTER_BOUND ( 'NONE', #4387, .T. ) ;
#4332 = EDGE_LOOP ( 'NONE', ( #4650, #4305, #1223, #904 ) ) ;
#4333 = DIRECTION ( 'NONE',  ( 0.0000000000000000000, 0.0000000000000000000, -1.000000000000000000 ) ) ;
#4334 = STYLED_ITEM ( 'NONE', ( #1801 ), #948 ) ;
#4335 = EDGE_CURVE ( 'NONE', #3784, #302, #2709, .T. ) ;
#4336 = ORIENTED_EDGE ( 'NONE', *, *, #1854, .F. ) ;
#4337 = DIRECTION ( 'NONE',  ( -0.0000000000000000000, 1.000000000000000000, -0.0000000000000000000 ) ) ;
#4338 = UNCERTAINTY_MEASURE_WITH_UNIT (LENGTH_MEASURE( 1.000000000000000082E-05 ), #4287, 'distance_accuracy_value', 'NONE');
#4339 = ORIENTED_EDGE ( 'NONE', *, *, #365, .F. ) ;
#4340 = VECTOR ( 'NONE', #4350, 1000.000000000000000 ) ;
#4341 = CIRCLE ( 'NONE', #294, 9.999999999999994671 ) ;
#4342 = DIRECTION ( 'NONE',  ( -0.0000000000000000000, 1.000000000000000000, -0.0000000000000000000 ) ) ;
#4343 = EDGE_CURVE ( 'NONE', #3678, #3219, #4509, .T. ) ;
#4344 = DIRECTION ( 'NONE',  ( 0.0000000000000000000, 0.0000000000000000000, 1.000000000000000000 ) ) ;
#4345 = AXIS2_PLACEMENT_3D ( 'NONE', #259, #1029, #1389 ) ;
#4346 = ORIENTED_EDGE ( 'NONE', *, *, #800, .F. ) ;
#4347 = CIRCLE ( 'NONE', #3962, 7.499999999999992895 ) ;
#4348 = MECHANICAL_DESIGN_GEOMETRIC_PRESENTATION_REPRESENTATION (  '', ( #4177 ), #160 ) ;
#4349 = FACE_BOUND ( 'NONE', #3446, .T. ) ;
#4350 = DIRECTION ( 'NONE',  ( 0.0000000000000000000, -1.000000000000000000, 0.0000000000000000000 ) ) ;
#4351 = ORIENTED_EDGE ( 'NONE', *, *, #893, .T. ) ;
#4352 = VECTOR ( 'NONE', #2945, 1000.000000000000000 ) ;
#4353 = DIRECTION ( 'NONE',  ( 1.000000000000000000, 0.0000000000000000000, 0.0000000000000000000 ) ) ;
#4354 = VERTEX_POINT ( 'NONE', #1560 ) ;
#4355 = PLANE ( 'NONE',  #2871 ) ;
#4356 = CYLINDRICAL_SURFACE ( 'NONE', #2635, 7.500000000000007105 ) ;
#4357 = LINE ( 'NONE', #512, #3400 ) ;
#4358 = DIRECTION ( 'NONE',  ( 0.0000000000000000000, 0.0000000000000000000, 1.000000000000000000 ) ) ;
#4359 = LINE ( 'NONE', #2307, #3284 ) ;
#4360 = LINE ( 'NONE', #3954, #3169 ) ;
#4361 = EDGE_CURVE ( 'NONE', #2566, #3084, #4391, .T. ) ;
#4362 = VECTOR ( 'NONE', #2704, 1000.000000000000000 ) ;
#4363 = VERTEX_POINT ( 'NONE', #2977 ) ;
#4364 = DIRECTION ( 'NONE',  ( -0.0000000000000000000, 1.000000000000000000, -0.0000000000000000000 ) ) ;
#4365 = DIRECTION ( 'NONE',  ( 0.0000000000000000000, 0.0000000000000000000, 1.000000000000000000 ) ) ;
#4366 = ORIENTED_EDGE ( 'NONE', *, *, #632, .F. ) ;
#4367 = AXIS2_PLACEMENT_3D ( 'NONE', #1452, #3232, #1754 ) ;
#4368 = EDGE_CURVE ( 'NONE', #3393, #429, #348, .T. ) ;
#4369 = AXIS2_PLACEMENT_3D ( 'NONE', #1781, #3189, #4637 ) ;
#4370 = DIRECTION ( 'NONE',  ( -0.0000000000000000000, 1.000000000000000000, -0.0000000000000000000 ) ) ;
#4371 = CARTESIAN_POINT ( 'NONE',  ( 7.500000000000000000, 19.99999999999998934, 89.99999999999998579 ) ) ;
#4372 = CARTESIAN_POINT ( 'NONE',  ( -90.00000000000000000, 220.0000000000000284, 7.500000000000013323 ) ) ;
#4373 = CARTESIAN_POINT ( 'NONE',  ( 124.9999999999999716, 0.0000000000000000000, 30.00000000000000000 ) ) ;
#4374 = AXIS2_PLACEMENT_3D ( 'NONE', #652, #1734, #305 ) ;
#4375 = LINE ( 'NONE', #3650, #3991 ) ;
#4376 = CARTESIAN_POINT ( 'NONE',  ( -124.9999999999999716, 20.00000000000000000, 30.00000000000000000 ) ) ;
#4377 = CARTESIAN_POINT ( 'NONE',  ( -7.500000000000000000, 220.0000000000000284, -90.00000000000000000 ) ) ;
#4378 = DIRECTION ( 'NONE',  ( -0.0000000000000000000, 1.000000000000000000, -0.0000000000000000000 ) ) ;
#4379 = PLANE ( 'NONE',  #343 ) ;
#4380 = FACE_OUTER_BOUND ( 'NONE', #778, .T. ) ;
#4381 = CARTESIAN_POINT ( 'NONE',  ( -7.500000000000000000, 220.0000000000000284, -90.00000000000000000 ) ) ;
#4382 = VERTEX_POINT ( 'NONE', #2625 ) ;
#4383 = ADVANCED_FACE ( 'NONE', ( #3314 ), #848, .T. ) ;
#4384 = VECTOR ( 'NONE', #518, 1000.000000000000000 ) ;
#4385 =( GEOMETRIC_REPRESENTATION_CONTEXT ( 3 ) GLOBAL_UNCERTAINTY_ASSIGNED_CONTEXT ( ( #3919 ) ) GLOBAL_UNIT_ASSIGNED_CONTEXT ( ( #3, #3580, #431 ) ) REPRESENTATION_CONTEXT ( 'NONE', 'WORKASPACE' ) );
#4386 = ORIENTED_EDGE ( 'NONE', *, *, #4310, .T. ) ;
#4387 = EDGE_LOOP ( 'NONE', ( #738, #2067, #2395, #654 ) ) ;
#4388 = LINE ( 'NONE', #1514, #3140 ) ;
#4389 = ORIENTED_EDGE ( 'NONE', *, *, #4248, .F. ) ;
#4390 = ORIENTED_EDGE ( 'NONE', *, *, #4264, .T. ) ;
#4391 = LINE ( 'NONE', #2872, #2424 ) ;
#4392 = CARTESIAN_POINT ( 'NONE',  ( 69.99999999999985789, 20.00000000000000355, 89.99999999999997158 ) ) ;
#4393 = EDGE_LOOP ( 'NONE', ( #3522, #734, #2845, #1159 ) ) ;
#4394 = CARTESIAN_POINT ( 'NONE',  ( -78.00000000000000000, 20.00000000000000355, 67.99999999999991473 ) ) ;
#4395 = CARTESIAN_POINT ( 'NONE',  ( -78.00000000000000000, 1080.000000000000000, -67.99999999999991473 ) ) ;
#4396 = CARTESIAN_POINT ( 'NONE',  ( -124.9999999999999432, 1080.000000000000000, -114.9999999999999574 ) ) ;
#4397 = EDGE_CURVE ( 'NONE', #72, #3758, #571, .T. ) ;
#4398 = FACE_OUTER_BOUND ( 'NONE', #2613, .T. ) ;
#4399 = ORIENTED_EDGE ( 'NONE', *, *, #4640, .T. ) ;
#4400 = CARTESIAN_POINT ( 'NONE',  ( 124.9999999999999716, 0.0000000000000000000, 125.0000000000000000 ) ) ;
#4401 = FACE_OUTER_BOUND ( 'NONE', #122, .T. ) ;
#4402 = VECTOR ( 'NONE', #225, 1000.000000000000000 ) ;
#4403 = ORIENTED_EDGE ( 'NONE', *, *, #4664, .F. ) ;
#4404 = ORIENTED_EDGE ( 'NONE', *, *, #3579, .T. ) ;
#4405 = ORIENTED_EDGE ( 'NONE', *, *, #4046, .F. ) ;
#4406 = FACE_OUTER_BOUND ( 'NONE', #2481, .T. ) ;
#4407 = LINE ( 'NONE', #4317, #362 ) ;
#4408 = STYLED_ITEM ( 'NONE', ( #2968 ), #68 ) ;
#4409 = CARTESIAN_POINT ( 'NONE',  ( 90.00000000000000000, 1055.000000000000227, -45.00000000000000000 ) ) ;
#4410 = ADVANCED_FACE ( 'NONE', ( #3830 ), #4060, .F. ) ;
#4411 = CARTESIAN_POINT ( 'NONE',  ( -7.500000000000000000, -0.001000000000001000089, -150.0000000000000284 ) ) ;
#4412 = ORIENTED_EDGE ( 'NONE', *, *, #1446, .F. ) ;
#4413 = AXIS2_PLACEMENT_3D ( 'NONE', #159, #4537, #934 ) ;
#4414 = CYLINDRICAL_SURFACE ( 'NONE', #1225, 2.499999999999946709 ) ;
#4415 = ORIENTED_EDGE ( 'NONE', *, *, #2031, .F. ) ;
#4416 = FACE_BOUND ( 'NONE', #835, .T. ) ;
#4417 = CARTESIAN_POINT ( 'NONE',  ( 78.00000000000000000, 1055.000000000000227, 45.00000000000000000 ) ) ;
#4418 = DIRECTION ( 'NONE',  ( 1.423415318369119772E-33, -1.000000000000000000, -3.081487911019577365E-33 ) ) ;
#4419 = CARTESIAN_POINT ( 'NONE',  ( -30.00000000000001421, 20.00000000000000000, -128.3999999999999773 ) ) ;
#4420 = SURFACE_SIDE_STYLE ('',( #262 ) ) ;
#4421 = AXIS2_PLACEMENT_3D ( 'NONE', #615, #1666, #4182 ) ;
#4422 = EDGE_LOOP ( 'NONE', ( #2426, #2779, #1660, #4266 ) ) ;
#4423 = CARTESIAN_POINT ( 'NONE',  ( -114.9999999999999574, 1080.000000000000000, -124.9999999999999432 ) ) ;
#4424 = ORIENTED_EDGE ( 'NONE', *, *, #3677, .T. ) ;
#4425 = EDGE_CURVE ( 'NONE', #687, #1518, #1220, .T. ) ;
#4426 = VERTEX_POINT ( 'NONE', #147 ) ;
#4427 =( GEOMETRIC_REPRESENTATION_CONTEXT ( 3 ) GLOBAL_UNCERTAINTY_ASSIGNED_CONTEXT ( ( #1542 ) ) GLOBAL_UNIT_ASSIGNED_CONTEXT ( ( #2987, #1528, #3968 ) ) REPRESENTATION_CONTEXT ( 'NONE', 'WORKASPACE' ) );
#4428 = DIRECTION ( 'NONE',  ( 1.000000000000000000, 0.0000000000000000000, -1.020425574104005355E-16 ) ) ;
#4429 = EDGE_CURVE ( 'NONE', #58, #1761, #3917, .T. ) ;
#4430 = CARTESIAN_POINT ( 'NONE',  ( -90.00000000000000000, 1100.000000000000000, 84.90000000000000568 ) ) ;
#4431 = DIRECTION ( 'NONE',  ( 0.0000000000000000000, 0.0000000000000000000, 1.000000000000000000 ) ) ;
#4432 = VERTEX_POINT ( 'NONE', #4469 ) ;
#4433 = ADVANCED_FACE ( 'NONE', ( #260 ), #3022, .F. ) ;
#4434 = ADVANCED_FACE ( 'NONE', ( #1051, #1824 ), #957, .T. ) ;
#4435 = CARTESIAN_POINT ( 'NONE',  ( -7.500000000000000000, 20.00000000000003197, -89.99999999999998579 ) ) ;
#4436 = EDGE_CURVE ( 'NONE', #1493, #172, #424, .T. ) ;
#4437 = AXIS2_PLACEMENT_3D ( 'NONE', #4417, #3006, #1067 ) ;
#4438 = STYLED_ITEM ( 'NONE', ( #4082 ), #2983 ) ;
#4439 = CARTESIAN_POINT ( 'NONE',  ( 90.00000000000000000, 1080.000000000000000, -69.99999999999985789 ) ) ;
#4440 = EDGE_LOOP ( 'NONE', ( #3050, #285 ) ) ;
#4441 = ORIENTED_EDGE ( 'NONE', *, *, #3117, .T. ) ;
#4442 = DIRECTION ( 'NONE',  ( 1.000000000000000000, -0.0000000000000000000, -0.0000000000000000000 ) ) ;
#4443 = DIRECTION ( 'NONE',  ( 1.000000000000000000, 0.0000000000000000000, 0.0000000000000000000 ) ) ;
#4444 = FACE_OUTER_BOUND ( 'NONE', #4192, .T. ) ;
#4445 = ORIENTED_EDGE ( 'NONE', *, *, #1333, .T. ) ;
#4446 = ORIENTED_EDGE ( 'NONE', *, *, #1463, .F. ) ;
#4447 = EDGE_CURVE ( 'NONE', #3052, #317, #3517, .T. ) ;
#4448 = DIRECTION ( 'NONE',  ( -0.0000000000000000000, 1.000000000000000000, -0.0000000000000000000 ) ) ;
#4449 = EDGE_LOOP ( 'NONE', ( #319, #3841, #1648, #4290 ) ) ;
#4450 = AXIS2_PLACEMENT_3D ( 'NONE', #1284, #2402, #3808 ) ;
#4451 = LINE ( 'NONE', #2468, #1751 ) ;
#4452 = COLOUR_RGB ( '',1.000000000000000000, 1.000000000000000000, 1.000000000000000000 ) ;
#4453 = PLANE ( 'NONE',  #3640 ) ;
#4454 = ADVANCED_FACE ( 'NONE', ( #2106 ), #3082, .F. ) ;
#4455 = EDGE_CURVE ( 'NONE', #2455, #3024, #2842, .T. ) ;
#4456 = ORIENTED_EDGE ( 'NONE', *, *, #1800, .F. ) ;
#4457 = VECTOR ( 'NONE', #1782, 1000.000000000000000 ) ;
#4458 = CARTESIAN_POINT ( 'NONE',  ( -7.500000000000000000, 19.99999999999998934, 89.99999999999998579 ) ) ;
#4460 = EDGE_LOOP ( 'NONE', ( #2810, #1802 ) ) ;
#4459 = DIRECTION ( 'NONE',  ( 0.7071067811865484609, 0.0000000000000000000, -0.7071067811865465735 ) ) ;
#4461 = DIRECTION ( 'NONE',  ( -0.0000000000000000000, 1.000000000000000000, -0.0000000000000000000 ) ) ;
#4462 = EDGE_LOOP ( 'NONE', ( #834, #2477, #704, #392 ) ) ;
#4463 = FACE_OUTER_BOUND ( 'NONE', #1880, .T. ) ;
#4464 = VECTOR ( 'NONE', #685, 1000.000000000000000 ) ;
#4465 = SHAPE_DEFINITION_REPRESENTATION ( #2150, #4037 ) ;
#4466 = EDGE_LOOP ( 'NONE', ( #4478, #4035, #1911, #2354 ) ) ;
#4467 = CIRCLE ( 'NONE', #1063, 62.50000000000000000 ) ;
#4468 = LINE ( 'NONE', #659, #143 ) ;
#4469 = CARTESIAN_POINT ( 'NONE',  ( 69.99999999999985789, 20.00000000000000355, -90.00000000000000000 ) ) ;
#4470 = FACE_OUTER_BOUND ( 'NONE', #3151, .T. ) ;
#4471 = VECTOR ( 'NONE', #2631, 1000.000000000000000 ) ;
#4472 = VECTOR ( 'NONE', #3409, 1000.000000000000000 ) ;
#4473 = DIRECTION ( 'NONE',  ( 0.0000000000000000000, 0.0000000000000000000, 1.000000000000000000 ) ) ;
#4474 = LINE ( 'NONE', #2278, #1375 ) ;
#4475 =( NAMED_UNIT ( * ) SI_UNIT ( $, .STERADIAN. ) SOLID_ANGLE_UNIT ( ) );
#4476 = VERTEX_POINT ( 'NONE', #1276 ) ;
#4477 = PLANE ( 'NONE',  #3781 ) ;
#4478 = ORIENTED_EDGE ( 'NONE', *, *, #507, .T. ) ;
#4479 = ORIENTED_EDGE ( 'NONE', *, *, #3546, .F. ) ;
#4480 = DIRECTION ( 'NONE',  ( 0.0000000000000000000, 0.0000000000000000000, 1.000000000000000000 ) ) ;
#4481 = CARTESIAN_POINT ( 'NONE',  ( -150.0000000000000284, 20.00000000000000000, -139.9999999999999716 ) ) ;
#4482 = ADVANCED_FACE ( 'NONE', ( #1989 ), #931, .F. ) ;
#4483 = DIRECTION ( 'NONE',  ( -0.0000000000000000000, -1.000000000000000000, -0.0000000000000000000 ) ) ;
#4484 = EDGE_CURVE ( 'NONE', #304, #2751, #4647, .T. ) ;
#4485 = PRESENTATION_LAYER_ASSIGNMENT (  '', '', ( #328 ) ) ;
#4486 = DIRECTION ( 'NONE',  ( -1.982541115402069054E-16, 0.0000000000000000000, -1.000000000000000000 ) ) ;
#4487 = DIRECTION ( 'NONE',  ( -0.1961161351381840723, -0.9805806756909201116, -3.081487911019577365E-33 ) ) ;
#4488 = CARTESIAN_POINT ( 'NONE',  ( -124.9999999999999716, 20.00000000000000000, 33.39999999999999858 ) ) ;
#4489 = STYLED_ITEM ( 'NONE', ( #4121 ), #1004 ) ;
#4490 = EDGE_CURVE ( 'NONE', #687, #1865, #1608, .T. ) ;
#4491 = DIRECTION ( 'NONE',  ( 0.0000000000000000000, -3.081487911019577365E-33, -1.000000000000000000 ) ) ;
#4492 = DIRECTION ( 'NONE',  ( -0.0000000000000000000, 1.000000000000000000, -0.0000000000000000000 ) ) ;
#4493 = CARTESIAN_POINT ( 'NONE',  ( -150.0000000000001137, 20.00000000000000000, 7.499999999998428812 ) ) ;
#4494 = DIRECTION ( 'NONE',  ( -1.000000000000000000, 3.466673899897024536E-33, 1.982541115402069301E-16 ) ) ;
#4495 = FACE_OUTER_BOUND ( 'NONE', #1478, .T. ) ;
#4496 = DIRECTION ( 'NONE',  ( -0.0000000000000000000, -1.000000000000000000, -0.0000000000000000000 ) ) ;
#4497 = ORIENTED_EDGE ( 'NONE', *, *, #175, .F. ) ;
#4498 = EDGE_CURVE ( 'NONE', #2482, #3619, #3403, .T. ) ;
#4499 = MECHANICAL_DESIGN_GEOMETRIC_PRESENTATION_REPRESENTATION (  '', ( #3126 ), #3375 ) ;
#4500 = AXIS2_PLACEMENT_3D ( 'NONE', #98, #128, #2224 ) ;
#4501 = DIRECTION ( 'NONE',  ( -0.0000000000000000000, -1.000000000000000000, -0.0000000000000000000 ) ) ;
#4502 = ORIENTED_EDGE ( 'NONE', *, *, #3464, .T. ) ;
#4503 = ADVANCED_FACE ( 'NONE', ( #651 ), #1675, .F. ) ;
#4504 = ORIENTED_EDGE ( 'NONE', *, *, #833, .F. ) ;
#4505 = VERTEX_POINT ( 'NONE', #1686 ) ;
#4506 = EDGE_LOOP ( 'NONE', ( #2711, #801, #581, #2012 ) ) ;
#4507 = FILL_AREA_STYLE ('',( #3007 ) ) ;
#4508 = FACE_OUTER_BOUND ( 'NONE', #1962, .T. ) ;
#4509 = LINE ( 'NONE', #94, #2588 ) ;
#4510 = ORIENTED_EDGE ( 'NONE', *, *, #175, .T. ) ;
#4511 = CARTESIAN_POINT ( 'NONE',  ( -70.00000000000000000, 1100.000000000000000, 95.00000000000000000 ) ) ;
#4512 = AXIS2_PLACEMENT_3D ( 'NONE', #3584, #3302, #4044 ) ;
#4513 = DIRECTION ( 'NONE',  ( 0.7071067811865465735, -5.233641528945909416E-17, -0.7071067811865484609 ) ) ;
#4514 = VERTEX_POINT ( 'NONE', #236 ) ;
#4515 = CARTESIAN_POINT ( 'NONE',  ( -90.00000000000000000, 20.00000000000001776, 7.500000000000013323 ) ) ;
#4516 = EDGE_LOOP ( 'NONE', ( #3729, #3259, #3865, #4021 ) ) ;
#4517 = LINE ( 'NONE', #3275, #4340 ) ;
#4518 = SURFACE_STYLE_FILL_AREA ( #3016 ) ;
#4519 = VECTOR ( 'NONE', #4491, 1000.000000000000000 ) ;
#4520 = EDGE_CURVE ( 'NONE', #3258, #304, #764, .T. ) ;
#4521 = VERTEX_POINT ( 'NONE', #2745 ) ;
#4522 = ORIENTED_EDGE ( 'NONE', *, *, #4532, .F. ) ;
#4523 = ORIENTED_EDGE ( 'NONE', *, *, #2313, .F. ) ;
#4524 = PRESENTATION_STYLE_ASSIGNMENT (( #3575 ) ) ;
#4525 = CARTESIAN_POINT ( 'NONE',  ( 7.500000000000000000, 19.99999999999998934, 89.99999999999998579 ) ) ;
#4526 = CARTESIAN_POINT ( 'NONE',  ( 124.9999999999999716, 20.00000000000000000, -125.0000000000000000 ) ) ;
#4527 = FACE_OUTER_BOUND ( 'NONE', #2882, .T. ) ;
#4528 = CARTESIAN_POINT ( 'NONE',  ( 67.99999999999991473, 1080.000000000000000, -78.00000000000000000 ) ) ;
#4529 = ORIENTED_EDGE ( 'NONE', *, *, #1636, .F. ) ;
#4530 = COLOUR_RGB ( '',1.000000000000000000, 1.000000000000000000, 1.000000000000000000 ) ;
#4531 = ADVANCED_FACE ( 'NONE', ( #4032 ), #4193, .T. ) ;
#4532 = EDGE_CURVE ( 'NONE', #3977, #360, #2568, .T. ) ;
#4533 =( GEOMETRIC_REPRESENTATION_CONTEXT ( 3 ) GLOBAL_UNCERTAINTY_ASSIGNED_CONTEXT ( ( #1961 ) ) GLOBAL_UNIT_ASSIGNED_CONTEXT ( ( #3106, #2059, #3862 ) ) REPRESENTATION_CONTEXT ( 'NONE', 'WORKASPACE' ) );
#4534 = DIRECTION ( 'NONE',  ( 0.0000000000000000000, 0.0000000000000000000, -1.000000000000000000 ) ) ;
#4535 = ORIENTED_EDGE ( 'NONE', *, *, #373, .T. ) ;
#4536 = ORIENTED_EDGE ( 'NONE', *, *, #2527, .F. ) ;
#4537 = DIRECTION ( 'NONE',  ( -0.0000000000000000000, 1.000000000000000000, -0.0000000000000000000 ) ) ;
#4538 = ORIENTED_EDGE ( 'NONE', *, *, #2838, .T. ) ;
#4539 = PLANE ( 'NONE',  #3110 ) ;
#4540 = CARTESIAN_POINT ( 'NONE',  ( -70.00000000000000000, 1100.000000000000000, 91.50000000000000000 ) ) ;
#4541 = STYLED_ITEM ( 'NONE', ( #3711 ), #2663 ) ;
#4542 = DIRECTION ( 'NONE',  ( -0.0000000000000000000, -1.000000000000000000, -0.0000000000000000000 ) ) ;
#4543 = FILL_AREA_STYLE ('',( #1229 ) ) ;
#4544 = AXIS2_PLACEMENT_3D ( 'NONE', #4216, #3516, #2052 ) ;
#4545 = ADVANCED_BREP_SHAPE_REPRESENTATION ( '', ( #4152, #2177, #312, #1004, #3067, #2955, #3859, #3043 ), #1364 ) ;
#4546 = CARTESIAN_POINT ( 'NONE',  ( 90.00000000000000000, 220.0000000000000284, 7.499999999999985789 ) ) ;
#4547 = CARTESIAN_POINT ( 'NONE',  ( -29.99999999999998579, 20.00000000000000000, 129.5000000000000284 ) ) ;
#4548 = EDGE_CURVE ( 'NONE', #3466, #1700, #2217, .T. ) ;
#4549 = DIRECTION ( 'NONE',  ( -0.0000000000000000000, 1.000000000000000000, -0.0000000000000000000 ) ) ;
#4550 = CARTESIAN_POINT ( 'NONE',  ( -114.9999999999999574, 1080.000000000000000, -124.9999999999999432 ) ) ;
#4551 = DIRECTION ( 'NONE',  ( 0.0000000000000000000, 1.000000000000000000, 0.0000000000000000000 ) ) ;
#4552 = VERTEX_POINT ( 'NONE', #1719 ) ;
#4553 = VERTEX_POINT ( 'NONE', #4616 ) ;
#4554 = DIRECTION ( 'NONE',  ( 0.0000000000000000000, 0.0000000000000000000, 1.000000000000000000 ) ) ;
#4555 = DIRECTION ( 'NONE',  ( 0.0000000000000000000, 0.0000000000000000000, 1.000000000000000000 ) ) ;
#4556 = EDGE_CURVE ( 'NONE', #486, #1293, #2950, .T. ) ;
#4557 = ADVANCED_FACE ( 'NONE', ( #3290 ), #2459, .F. ) ;
#4558 = ORIENTED_EDGE ( 'NONE', *, *, #3752, .F. ) ;
#4559 = EDGE_LOOP ( 'NONE', ( #3625, #1760, #3039, #2757 ) ) ;
#4560 = DIRECTION ( 'NONE',  ( 0.7071067811865490160, 0.0000000000000000000, -0.7071067811865460184 ) ) ;
#4561 = VECTOR ( 'NONE', #356, 1000.000000000000000 ) ;
#4562 = LINE ( 'NONE', #3975, #1576 ) ;
#4563 = AXIS2_PLACEMENT_3D ( 'NONE', #1693, #3467, #1735 ) ;
#4564 = DIRECTION ( 'NONE',  ( -1.000000000000000000, 0.0000000000000000000, 6.033820786006285224E-17 ) ) ;
#4565 = SURFACE_STYLE_FILL_AREA ( #278 ) ;
#4567 = VERTEX_POINT ( 'NONE', #4642 ) ;
#4566 = CARTESIAN_POINT ( 'NONE',  ( 9.184850993605150311E-15, 0.0000000000000000000, -75.00000000000001421 ) ) ;
#4568 = DIRECTION ( 'NONE',  ( -9.244463733058732095E-33, 1.000000000000000000, 1.729880772769295163E-33 ) ) ;
#4569 = FACE_BOUND ( 'NONE', #2375, .T. ) ;
#4570 = CARTESIAN_POINT ( 'NONE',  ( -90.00000000000000000, 20.00000000000001776, -7.499999999999985789 ) ) ;
#4571 = EDGE_CURVE ( 'NONE', #150, #3564, #3916, .T. ) ;
#4572 = VERTEX_POINT ( 'NONE', #1741 ) ;
#4573 = DIRECTION ( 'NONE',  ( 0.0000000000000000000, 1.000000000000000000, 0.0000000000000000000 ) ) ;
#4574 = VECTOR ( 'NONE', #2686, 1000.000000000000000 ) ;
#4575 = VECTOR ( 'NONE', #3155, 1000.000000000000000 ) ;
#4576 =( NAMED_UNIT ( * ) PLANE_ANGLE_UNIT ( ) SI_UNIT ( $, .RADIAN. ) );
#4577 = ORIENTED_EDGE ( 'NONE', *, *, #901, .T. ) ;
#4578 = VECTOR ( 'NONE', #1116, 1000.000000000000000 ) ;
#4579 = EDGE_LOOP ( 'NONE', ( #353, #3796, #1343, #2748 ) ) ;
#4580 = CARTESIAN_POINT ( 'NONE',  ( -140.0000000000000000, 0.0000000000000000000, 150.0000000000000000 ) ) ;
#4581 = MECHANICAL_DESIGN_GEOMETRIC_PRESENTATION_REPRESENTATION (  '', ( #4334 ), #3032 ) ;
#4582 = CIRCLE ( 'NONE', #427, 75.00000000000001421 ) ;
#4583 = EDGE_CURVE ( 'NONE', #3880, #1224, #1266, .T. ) ;
#4584 = VECTOR ( 'NONE', #492, 1000.000000000000000 ) ;
#4585 = CARTESIAN_POINT ( 'NONE',  ( -150.0000000000000284, 0.0000000000000000000, -7.500000000001685763 ) ) ;
#4586 = ADVANCED_FACE ( 'NONE', ( #4147 ), #4155, .F. ) ;
#4587 = FACE_BOUND ( 'NONE', #2697, .T. ) ;
#4588 = ORIENTED_EDGE ( 'NONE', *, *, #3117, .F. ) ;
#4589 = CARTESIAN_POINT ( 'NONE',  ( 0.0000000000000000000, 0.0000000000000000000, -142.5000000000000568 ) ) ;
#4590 = EDGE_CURVE ( 'NONE', #3485, #687, #2467, .T. ) ;
#4591 = ORIENTED_EDGE ( 'NONE', *, *, #658, .F. ) ;
#4592 = EDGE_LOOP ( 'NONE', ( #4671, #1457, #345, #1192 ) ) ;
#4593 = PLANE ( 'NONE',  #2797 ) ;
#4594 = DIRECTION ( 'NONE',  ( 0.0000000000000000000, 0.0000000000000000000, 1.000000000000000000 ) ) ;
#4595 = DIRECTION ( 'NONE',  ( 0.0000000000000000000, 0.0000000000000000000, 1.000000000000000000 ) ) ;
#4596 = CARTESIAN_POINT ( 'NONE',  ( -124.9999999999999716, 20.00000000000000000, -30.00000000000000000 ) ) ;
#4597 = CARTESIAN_POINT ( 'NONE',  ( 90.00000000000000000, 1015.000000000000114, 47.49999999999994316 ) ) ;
#4598 = CIRCLE ( 'NONE', #2066, 5.099999999999993427 ) ;
#4599 = EDGE_CURVE ( 'NONE', #467, #250, #549, .T. ) ;
#4600 = CARTESIAN_POINT ( 'NONE',  ( -67.99999999999991473, 1080.000000000000000, 78.00000000000000000 ) ) ;
#4601 = CARTESIAN_POINT ( 'NONE',  ( 124.9999999999999716, 20.00000000000000000, -33.39999999999999858 ) ) ;
#4602 = CARTESIAN_POINT ( 'NONE',  ( 90.00000000000000000, 1055.000000000000227, 45.00000000000000000 ) ) ;
#4603 = EDGE_CURVE ( 'NONE', #2819, #616, #3295, .T. ) ;
#4604 = CARTESIAN_POINT ( 'NONE',  ( -124.9999999999999716, 20.00000000000000000, -30.00000000000000000 ) ) ;
#4605 = ORIENTED_EDGE ( 'NONE', *, *, #3207, .T. ) ;
#4606 = FACE_OUTER_BOUND ( 'NONE', #2145, .T. ) ;
#4607 = CARTESIAN_POINT ( 'NONE',  ( 67.99999999999991473, 1080.000000000000000, 77.99999999999995737 ) ) ;
#4608 = EDGE_LOOP ( 'NONE', ( #3698, #2074, #1919, #145 ) ) ;
#4609 = ORIENTED_EDGE ( 'NONE', *, *, #498, .T. ) ;
#4610 = EDGE_CURVE ( 'NONE', #2706, #1341, #4042, .T. ) ;
#4611 = DIRECTION ( 'NONE',  ( 0.0000000000000000000, 0.0000000000000000000, 1.000000000000000000 ) ) ;
#4612 = AXIS2_PLACEMENT_3D ( 'NONE', #2747, #3838, #4211 ) ;
#4613 = EDGE_LOOP ( 'NONE', ( #4415, #337 ) ) ;
#4614 = ORIENTED_EDGE ( 'NONE', *, *, #3978, .F. ) ;
#4615 = LINE ( 'NONE', #2799, #2136 ) ;
#4616 = CARTESIAN_POINT ( 'NONE',  ( -124.9999999999999716, 0.0000000000000000000, -25.50000000000000355 ) ) ;
#4617 = SURFACE_STYLE_USAGE ( .BOTH. , #1332 ) ;
#4618 = FILL_AREA_STYLE_COLOUR ( '', #3641 ) ;
#4619 = ORIENTED_EDGE ( 'NONE', *, *, #3184, .F. ) ;
#4620 = CLOSED_SHELL ( 'NONE', ( #1522, #872, #1504, #3075, #3436, #3798, #607, #3714, #1997, #822, #1326, #370, #2227, #3929, #1894, #3951, #4301, #1227, #162, #267, #3820, #3905, #3492, #4089, #441, #3857, #2249, #2689, #3010, #513, #4178, #691, #4157, #663, #112, #3875, #2347, #2633, #2010, #948, #2857, #1274, #1172, #540, #3523, #4090, #2837, #1689 ) ) ;
#4621 = DIRECTION ( 'NONE',  ( 0.0000000000000000000, 0.0000000000000000000, 1.000000000000000000 ) ) ;
#4622 = CIRCLE ( 'NONE', #976, 5.099999999999993427 ) ;
#4623 = EDGE_LOOP ( 'NONE', ( #971, #3537 ) ) ;
#4624 = ORIENTED_EDGE ( 'NONE', *, *, #242, .T. ) ;
#4625 = VECTOR ( 'NONE', #3706, 1000.000000000000000 ) ;
#4626 = VECTOR ( 'NONE', #184, 1000.000000000000000 ) ;
#4627 = FACE_OUTER_BOUND ( 'NONE', #460, .T. ) ;
#4628 = ADVANCED_FACE ( 'NONE', ( #2960 ), #2561, .T. ) ;
#4629 = UNCERTAINTY_MEASURE_WITH_UNIT (LENGTH_MEASURE( 1.000000000000000082E-05 ), #1909, 'distance_accuracy_value', 'NONE');
#4630 = CARTESIAN_POINT ( 'NONE',  ( -90.00000000000000000, 1100.000000000000000, 90.00000000000000000 ) ) ;
#4631 = DIRECTION ( 'NONE',  ( -1.932701039895095811E-34, -1.000000000000000000, -1.540743955509788340E-33 ) ) ;
#4632 = ORIENTED_EDGE ( 'NONE', *, *, #2403, .F. ) ;
#4633 = CIRCLE ( 'NONE', #1123, 7.500000000000007105 ) ;
#4634 =( NAMED_UNIT ( * ) PLANE_ANGLE_UNIT ( ) SI_UNIT ( $, .RADIAN. ) );
#4635 = ORIENTED_EDGE ( 'NONE', *, *, #1715, .F. ) ;
#4636 = AXIS2_PLACEMENT_3D ( 'NONE', #3497, #1340, #3528 ) ;
#4637 = DIRECTION ( 'NONE',  ( 0.0000000000000000000, 0.0000000000000000000, -1.000000000000000000 ) ) ;
#4638 = CARTESIAN_POINT ( 'NONE',  ( 125.0000000000000568, 1080.000000000000000, 115.0000000000000142 ) ) ;
#4639 = CARTESIAN_POINT ( 'NONE',  ( -7.500000000000000000, 220.0000000000000284, 89.99999999999997158 ) ) ;
#4640 = EDGE_CURVE ( 'NONE', #3364, #4514, #2001, .T. ) ;
#4641 = COLOUR_RGB ( '',1.000000000000000000, 1.000000000000000000, 1.000000000000000000 ) ;
#4642 = CARTESIAN_POINT ( 'NONE',  ( -90.00000000000000000, 20.00000000000001776, 7.500000000000013323 ) ) ;
#4643 = VERTEX_POINT ( 'NONE', #1783 ) ;
#4644 =( LENGTH_UNIT ( ) NAMED_UNIT ( * ) SI_UNIT ( .MILLI., .METRE. ) );
#4645 = CONICAL_SURFACE ( 'NONE', #4162, 3.500000000000003109, 0.7853981633975037902 ) ;
#4646 = CARTESIAN_POINT ( 'NONE',  ( -150.0000000000000284, 20.00000000000000000, -150.0000000000000000 ) ) ;
#4647 = LINE ( 'NONE', #3421, #38 ) ;
#4648 = EDGE_LOOP ( 'NONE', ( #2304, #4412, #984, #2558 ) ) ;
#4649 = EDGE_CURVE ( 'NONE', #4553, #2706, #1061, .T. ) ;
#4650 = ORIENTED_EDGE ( 'NONE', *, *, #2138, .T. ) ;
#4651 = CARTESIAN_POINT ( 'NONE',  ( 7.500000000000000000, 220.0000000000000284, 89.99999999999998579 ) ) ;
#4652 = ORIENTED_EDGE ( 'NONE', *, *, #1298, .F. ) ;
#4653 = AXIS2_PLACEMENT_3D ( 'NONE', #3012, #1582, #4555 ) ;
#4654 = DIRECTION ( 'NONE',  ( -1.000000000000000000, 0.0000000000000000000, 3.061276722312015942E-16 ) ) ;
#4655 = AXIS2_PLACEMENT_3D ( 'NONE', #2037, #4496, #2339 ) ;
#4656 = SURFACE_SIDE_STYLE ('',( #284 ) ) ;
#4657 = ADVANCED_FACE ( 'NONE', ( #3179 ), #969, .F. ) ;
#4658 = DIRECTION ( 'NONE',  ( -0.0000000000000000000, 1.000000000000000000, -0.0000000000000000000 ) ) ;
#4659 = AXIS2_PLACEMENT_3D ( 'NONE', #4525, #211, #3813 ) ;
#4660 = DIRECTION ( 'NONE',  ( 0.0000000000000000000, 0.0000000000000000000, -1.000000000000000000 ) ) ;
#4661 = CARTESIAN_POINT ( 'NONE',  ( 30.00000000000000000, 20.00000000000000000, -129.5000000000000000 ) ) ;
#4662 = CARTESIAN_POINT ( 'NONE',  ( -140.0000000000000000, 0.0000000000000000000, 150.0000000000000000 ) ) ;
#4663 = DIRECTION ( 'NONE',  ( 0.0000000000000000000, 0.0000000000000000000, 1.000000000000000000 ) ) ;
#4664 = EDGE_CURVE ( 'NONE', #1341, #2969, #1092, .T. ) ;
#4665 =( NAMED_UNIT ( * ) SI_UNIT ( $, .STERADIAN. ) SOLID_ANGLE_UNIT ( ) );
#4666 = CARTESIAN_POINT ( 'NONE',  ( -114.9999999999999574, 1100.000000000000000, -124.9999999999999432 ) ) ;
#4667 = DIRECTION ( 'NONE',  ( 0.0000000000000000000, 0.0000000000000000000, 1.000000000000000000 ) ) ;
#4668 = CARTESIAN_POINT ( 'NONE',  ( -30.00000000000001421, 20.00000000000000000, -128.3999999999999773 ) ) ;
#4669 = VERTEX_POINT ( 'NONE', #54 ) ;
#4670 = EDGE_LOOP ( 'NONE', ( #529, #2035, #3387, #852 ) ) ;
#4671 = ORIENTED_EDGE ( 'NONE', *, *, #3728, .F. ) ;
#4672 = DIRECTION ( 'NONE',  ( 0.0000000000000000000, 0.0000000000000000000, 1.000000000000000000 ) ) ;
#4673 = NEXT_ASSEMBLY_USAGE_OCCURRENCE ( 'NAUO1', ' ', ' ', #1011, #45, $ ) ;
ENDSEC;
END-ISO-10303-21;
