ISO-10303-21;
HEADER;
FILE_DESCRIPTION (( 'STEP AP214' ),
    '1' );
FILE_NAME ('4GAA0021201010012X.STEP',
    '2021-02-02T12:08:45',
    ( '' ),
    ( '' ),
    'SwSTEP 2.0',
    'SolidWorks 2018',
    '' );
FILE_SCHEMA (( 'AUTOMOTIVE_DESIGN' ));
ENDSEC;

DATA;
#1 = DIRECTION ( 'NONE',  ( 1.000000000000000000, -0.0000000000000000000, -0.0000000000000000000 ) ) ;
#2 = ORIENTED_EDGE ( 'NONE', *, *, #2816, .F. ) ;
#3 = ORIENTED_EDGE ( 'NONE', *, *, #2428, .T. ) ;
#4 = AXIS2_PLACEMENT_3D ( 'NONE', #4482, #2278, #176 ) ;
#5 = CARTESIAN_POINT ( 'NONE',  ( -140.0000000000000000, 0.0000000000000000000, -150.0000000000000000 ) ) ;
#6 = CARTESIAN_POINT ( 'NONE',  ( -7.500000000000007105, 19.99999999999994671, -139.9999999999999716 ) ) ;
#7 =( NAMED_UNIT ( * ) PLANE_ANGLE_UNIT ( ) SI_UNIT ( $, .RADIAN. ) );
#8 = AXIS2_PLACEMENT_3D ( 'NONE', #4184, #1960, #2004 ) ;
#9 = UNCERTAINTY_MEASURE_WITH_UNIT (LENGTH_MEASURE( 1.000000000000000082E-05 ), #2819, 'distance_accuracy_value', 'NONE');
#10 = PRESENTATION_STYLE_ASSIGNMENT (( #2056 ) ) ;
#11 = AXIS2_PLACEMENT_3D ( 'NONE', #4251, #4607, #699 ) ;
#12 = DIRECTION ( 'NONE',  ( 0.0000000000000000000, 0.0000000000000000000, 1.000000000000000000 ) ) ;
#13 = CYLINDRICAL_SURFACE ( 'NONE', #1152, 20.00000000000000355 ) ;
#14 = CIRCLE ( 'NONE', #3166, 5.099999999999993427 ) ;
#15 = CARTESIAN_POINT ( 'NONE',  ( -7.500000000000009770, 70.00000000000001421, -139.9999999999999716 ) ) ;
#16 = DIRECTION ( 'NONE',  ( -7.401486830834376525E-17, -1.000000000000000000, 0.0000000000000000000 ) ) ;
#17 = VECTOR ( 'NONE', #3082, 1000.000000000000000 ) ;
#18 = VECTOR ( 'NONE', #2584, 1000.000000000000000 ) ;
#19 = VECTOR ( 'NONE', #3998, 1000.000000000000000 ) ;
#20 = VERTEX_POINT ( 'NONE', #326 ) ;
#21 = EDGE_CURVE ( 'NONE', #4204, #4505, #1293, .T. ) ;
#22 = VECTOR ( 'NONE', #2049, 1000.000000000000000 ) ;
#23 = DIRECTION ( 'NONE',  ( -0.7071067811865455743, 0.0000000000000000000, -0.7071067811865493491 ) ) ;
#24 = VECTOR ( 'NONE', #1108, 1000.000000000000000 ) ;
#25 = FILL_AREA_STYLE_COLOUR ( '', #1145 ) ;
#26 = CIRCLE ( 'NONE', #3854, 3.500000000000003109 ) ;
#27 = ORIENTED_EDGE ( 'NONE', *, *, #2782, .F. ) ;
#28 = EDGE_CURVE ( 'NONE', #3655, #1647, #3480, .T. ) ;
#29 = LINE ( 'NONE', #3533, #4483 ) ;
#30 =( NAMED_UNIT ( * ) PLANE_ANGLE_UNIT ( ) SI_UNIT ( $, .RADIAN. ) );
#31 = CARTESIAN_POINT ( 'NONE',  ( -7.500000000001047162, 0.0000000000000000000, 149.9999999999999716 ) ) ;
#32 = LINE ( 'NONE', #4554, #417 ) ;
#33 = ORIENTED_EDGE ( 'NONE', *, *, #3721, .F. ) ;
#34 = ORIENTED_EDGE ( 'NONE', *, *, #2661, .T. ) ;
#35 = CARTESIAN_POINT ( 'NONE',  ( -90.00000000000000000, 1200.000000000000000, -84.90000000000000568 ) ) ;
#36 = EDGE_CURVE ( 'NONE', #1518, #1473, #3588, .T. ) ;
#37 = FILL_AREA_STYLE_COLOUR ( '', #2052 ) ;
#38 = CLOSED_SHELL ( 'NONE', ( #4619, #1541, #1175, #229, #1772, #4210, #4254, #4372, #1704, #89, #4039, #1658, #2512, #3856, #4596, #43, #3084, #1097, #2542, #344, #2929, #3615, #3996, #3545, #1193, #1365 ) ) ;
#39 = PRODUCT_DEFINITION_FORMATION_WITH_SPECIFIED_SOURCE ( 'ANY', '', #527, .NOT_KNOWN. ) ;
#40 = CARTESIAN_POINT ( 'NONE',  ( 150.0000000000000000, 20.00000000000000000, 7.500000000000524025 ) ) ;
#41 = DIRECTION ( 'NONE',  ( -0.0000000000000000000, 1.000000000000000000, -0.0000000000000000000 ) ) ;
#42 = VERTEX_POINT ( 'NONE', #1759 ) ;
#43 = ADVANCED_FACE ( 'NONE', ( #2391 ), #4503, .F. ) ;
#44 = CARTESIAN_POINT ( 'NONE',  ( 7.500000000000005329, 220.0000000000000284, 109.9999999999999858 ) ) ;
#45 = CARTESIAN_POINT ( 'NONE',  ( -78.00000000000000000, 20.00000000000000355, -67.99999999999991473 ) ) ;
#46 = VERTEX_POINT ( 'NONE', #1373 ) ;
#47 = ORIENTED_EDGE ( 'NONE', *, *, #745, .T. ) ;
#48 = ORIENTED_EDGE ( 'NONE', *, *, #1197, .F. ) ;
#49 =( LENGTH_UNIT ( ) NAMED_UNIT ( * ) SI_UNIT ( .MILLI., .METRE. ) );
#50 = APPLICATION_CONTEXT ( 'automotive_design' ) ;
#51 = CIRCLE ( 'NONE', #94, 20.00000000000000355 ) ;
#52 = VERTEX_POINT ( 'NONE', #1732 ) ;
#53 = EDGE_CURVE ( 'NONE', #911, #864, #3303, .T. ) ;
#54 = CIRCLE ( 'NONE', #1267, 4.499999999999990230 ) ;
#55 = CARTESIAN_POINT ( 'NONE',  ( 30.00000000000000000, 20.00000000000000000, -129.5000000000000000 ) ) ;
#56 = PLANE ( 'NONE',  #4664 ) ;
#57 = ORIENTED_EDGE ( 'NONE', *, *, #856, .T. ) ;
#58 = CYLINDRICAL_SURFACE ( 'NONE', #1413, 7.500000000000007105 ) ;
#59 = CARTESIAN_POINT ( 'NONE',  ( 115.0000000000000711, 1200.000000000000000, 125.0000000000000000 ) ) ;
#60 = ADVANCED_FACE ( 'NONE', ( #2163 ), #668, .F. ) ;
#61 = AXIS2_PLACEMENT_3D ( 'NONE', #287, #585, #1330 ) ;
#62 =( NAMED_UNIT ( * ) SI_UNIT ( $, .STERADIAN. ) SOLID_ANGLE_UNIT ( ) );
#63 = DIRECTION ( 'NONE',  ( -1.982541115402068808E-16, -1.387778780781444751E-17, -1.000000000000000000 ) ) ;
#64 = ORIENTED_EDGE ( 'NONE', *, *, #3529, .T. ) ;
#65 = CARTESIAN_POINT ( 'NONE',  ( 90.00000000000000000, 220.0000000000000284, 7.499999999999985789 ) ) ;
#66 = CIRCLE ( 'NONE', #227, 7.499999999999992895 ) ;
#67 = CIRCLE ( 'NONE', #1451, 5.099999999999993427 ) ;
#68 = LINE ( 'NONE', #1733, #2521 ) ;
#69 = ORIENTED_EDGE ( 'NONE', *, *, #1260, .F. ) ;
#70 = CARTESIAN_POINT ( 'NONE',  ( 67.99999999999991473, 20.00000000000000355, -78.00000000000000000 ) ) ;
#71 = CARTESIAN_POINT ( 'NONE',  ( 1.480297366166872495E-15, 1200.000000000000000, 0.0000000000000000000 ) ) ;
#72 = LINE ( 'NONE', #693, #192 ) ;
#73 = FACE_OUTER_BOUND ( 'NONE', #3656, .T. ) ;
#74 = CLOSED_SHELL ( 'NONE', ( #2129, #3498, #3974, #2181, #632, #3877, #3475 ) ) ;
#75 = DIRECTION ( 'NONE',  ( -1.000000000000000000, -0.0000000000000000000, 1.982541115402069301E-16 ) ) ;
#76 = LINE ( 'NONE', #488, #1859 ) ;
#77 = SURFACE_STYLE_FILL_AREA ( #3810 ) ;
#78 = EDGE_CURVE ( 'NONE', #166, #611, #1841, .T. ) ;
#79 = ORIENTED_EDGE ( 'NONE', *, *, #2491, .F. ) ;
#80 = DIRECTION ( 'NONE',  ( 0.0000000000000000000, 0.0000000000000000000, 1.000000000000000000 ) ) ;
#81 = EDGE_LOOP ( 'NONE', ( #1863, #1146, #697, #211, #2870, #818, #1977, #4083, #3005, #3074, #2351, #142, #1758, #3396, #2551, #3738, #772, #2476, #1937, #4671 ) ) ;
#82 = EDGE_CURVE ( 'NONE', #3163, #1712, #886, .T. ) ;
#83 = PLANE ( 'NONE',  #4271 ) ;
#84 = EDGE_CURVE ( 'NONE', #4089, #4441, #54, .T. ) ;
#85 = VERTEX_POINT ( 'NONE', #1389 ) ;
#86 = CARTESIAN_POINT ( 'NONE',  ( -150.0000000000000284, 20.00000000000000000, -150.0000000000000000 ) ) ;
#87 = DIRECTION ( 'NONE',  ( 0.0000000000000000000, 3.081487911019577365E-33, -1.000000000000000000 ) ) ;
#88 = VERTEX_POINT ( 'NONE', #2825 ) ;
#89 = ADVANCED_FACE ( 'NONE', ( #1564 ), #3564, .F. ) ;
#90 = ORIENTED_EDGE ( 'NONE', *, *, #3196, .F. ) ;
#91 = DIRECTION ( 'NONE',  ( 1.000000000000000000, -0.0000000000000000000, -0.0000000000000000000 ) ) ;
#92 = CARTESIAN_POINT ( 'NONE',  ( 7.500000000000000000, 20.00000000000003197, 89.99999999999998579 ) ) ;
#93 = CARTESIAN_POINT ( 'NONE',  ( -78.00000000000000000, 1180.000000000000000, -67.99999999999991473 ) ) ;
#94 = AXIS2_PLACEMENT_3D ( 'NONE', #4514, #913, #3434 ) ;
#95 =( GEOMETRIC_REPRESENTATION_CONTEXT ( 3 ) GLOBAL_UNCERTAINTY_ASSIGNED_CONTEXT ( ( #9 ) ) GLOBAL_UNIT_ASSIGNED_CONTEXT ( ( #2819, #1347, #285 ) ) REPRESENTATION_CONTEXT ( 'NONE', 'WORKASPACE' ) );
#96 = ORIENTED_EDGE ( 'NONE', *, *, #696, .F. ) ;
#97 = ORIENTED_EDGE ( 'NONE', *, *, #2814, .F. ) ;
#98 = CARTESIAN_POINT ( 'NONE',  ( 124.9999999999999716, 20.00000000000000000, 125.0000000000000000 ) ) ;
#99 =( LENGTH_UNIT ( ) NAMED_UNIT ( * ) SI_UNIT ( .MILLI., .METRE. ) );
#100 = CARTESIAN_POINT ( 'NONE',  ( 140.0000000000000000, 19.99999999999998934, -7.500000000000013323 ) ) ;
#101 = VERTEX_POINT ( 'NONE', #1415 ) ;
#102 = SURFACE_STYLE_USAGE ( .BOTH. , #3243 ) ;
#103 = CARTESIAN_POINT ( 'NONE',  ( -29.99999999999998579, 20.00000000000000000, 120.5000000000000284 ) ) ;
#104 = CARTESIAN_POINT ( 'NONE',  ( -149.9999999999999716, 20.00000000000000000, 139.9999999999999716 ) ) ;
#105 = FILL_AREA_STYLE ('',( #2950 ) ) ;
#106 = CARTESIAN_POINT ( 'NONE',  ( -30.00000000000001421, 0.0000000000000000000, -121.5999999999999943 ) ) ;
#107 = EDGE_LOOP ( 'NONE', ( #4301, #4395, #4293, #4602 ) ) ;
#108 = ADVANCED_FACE ( 'NONE', ( #4613 ), #647, .F. ) ;
#109 = ORIENTED_EDGE ( 'NONE', *, *, #2046, .T. ) ;
#110 = FACE_OUTER_BOUND ( 'NONE', #2564, .T. ) ;
#111 = ORIENTED_EDGE ( 'NONE', *, *, #174, .F. ) ;
#112 = CARTESIAN_POINT ( 'NONE',  ( -140.0000000000000000, 19.99999999999998934, 7.500000000000013323 ) ) ;
#113 = LINE ( 'NONE', #2053, #1195 ) ;
#114 = FACE_OUTER_BOUND ( 'NONE', #262, .T. ) ;
#115 = EDGE_CURVE ( 'NONE', #42, #2322, #175, .T. ) ;
#116 = DIRECTION ( 'NONE',  ( 0.0000000000000000000, 0.7071067811865081598, 0.7071067811865867636 ) ) ;
#117 = EDGE_CURVE ( 'NONE', #4274, #1981, #3021, .T. ) ;
#118 = DIRECTION ( 'NONE',  ( -0.0000000000000000000, 1.000000000000000000, -0.0000000000000000000 ) ) ;
#119 = FACE_OUTER_BOUND ( 'NONE', #3811, .T. ) ;
#120 = FILL_AREA_STYLE_COLOUR ( '', #2528 ) ;
#121 = CARTESIAN_POINT ( 'NONE',  ( -124.9999999999999716, 20.00000000000000000, -125.0000000000000000 ) ) ;
#122 = VECTOR ( 'NONE', #3104, 1000.000000000000000 ) ;
#123 = FACE_OUTER_BOUND ( 'NONE', #4151, .T. ) ;
#124 = VECTOR ( 'NONE', #3018, 1000.000000000000000 ) ;
#125 = EDGE_LOOP ( 'NONE', ( #1140, #2998 ) ) ;
#126 = CARTESIAN_POINT ( 'NONE',  ( 7.500000000000009770, 20.00000000000001776, 139.9999999999999716 ) ) ;
#127 = DIRECTION ( 'NONE',  ( -0.0000000000000000000, 1.000000000000000000, -0.0000000000000000000 ) ) ;
#128 = PRESENTATION_STYLE_ASSIGNMENT (( #3492 ) ) ;
#129 = CARTESIAN_POINT ( 'NONE',  ( 9.184850993605150311E-15, -0.001000000000001000089, -75.00000000000001421 ) ) ;
#130 = DIRECTION ( 'NONE',  ( 0.0000000000000000000, 0.0000000000000000000, -1.000000000000000000 ) ) ;
#131 = VERTEX_POINT ( 'NONE', #4369 ) ;
#132 = AXIS2_PLACEMENT_3D ( 'NONE', #3743, #3003, #2214 ) ;
#133 = CARTESIAN_POINT ( 'NONE',  ( -9.950721815702933470E-13, -0.001000000000001000089, 142.5000000000000568 ) ) ;
#134 = VECTOR ( 'NONE', #3096, 1000.000000000000000 ) ;
#135 = ORIENTED_EDGE ( 'NONE', *, *, #884, .F. ) ;
#136 = PRESENTATION_STYLE_ASSIGNMENT (( #3872 ) ) ;
#137 = CONICAL_SURFACE ( 'NONE', #3519, 3.500000000000003109, 0.7853981633975037902 ) ;
#138 = DIRECTION ( 'NONE',  ( 8.659560562355413570E-17, 0.7071067811865081598, -0.7071067811865867636 ) ) ;
#139 = CARTESIAN_POINT ( 'NONE',  ( -140.0000000000000000, 70.00000000000001421, -7.499999999999985789 ) ) ;
#140 = AXIS2_PLACEMENT_3D ( 'NONE', #1959, #871, #1272 ) ;
#141 = CIRCLE ( 'NONE', #240, 3.400000000000000355 ) ;
#142 = ORIENTED_EDGE ( 'NONE', *, *, #3109, .T. ) ;
#143 = CARTESIAN_POINT ( 'NONE',  ( -62.50000000000002842, 1200.000000000000000, 7.654042494670957804E-15 ) ) ;
#144 = CARTESIAN_POINT ( 'NONE',  ( -70.00000000000000000, 1199.500000000000000, 95.00000000000000000 ) ) ;
#145 = PRESENTATION_LAYER_ASSIGNMENT (  '', '', ( #224 ) ) ;
#146 = FILL_AREA_STYLE ('',( #2985 ) ) ;
#147 = CIRCLE ( 'NONE', #1116, 7.500000000000007105 ) ;
#148 = EDGE_LOOP ( 'NONE', ( #3293, #2395, #2485, #2155 ) ) ;
#149 = EDGE_CURVE ( 'NONE', #1696, #1550, #3246, .T. ) ;
#150 = VERTEX_POINT ( 'NONE', #3221 ) ;
#151 = CARTESIAN_POINT ( 'NONE',  ( -78.00000000000000000, 1180.000000000000000, -67.99999999999991473 ) ) ;
#152 = EDGE_CURVE ( 'NONE', #2690, #3647, #2916, .T. ) ;
#153 = EDGE_CURVE ( 'NONE', #1456, #42, #332, .T. ) ;
#154 = UNCERTAINTY_MEASURE_WITH_UNIT (LENGTH_MEASURE( 1.000000000000000082E-05 ), #3512, 'distance_accuracy_value', 'NONE');
#155 = SURFACE_STYLE_USAGE ( .BOTH. , #4507 ) ;
#156 = ORIENTED_EDGE ( 'NONE', *, *, #1340, .T. ) ;
#157 = CARTESIAN_POINT ( 'NONE',  ( 90.00000000000000000, 1200.000000000000000, 90.00000000000000000 ) ) ;
#158 = VERTEX_POINT ( 'NONE', #3986 ) ;
#159 = CARTESIAN_POINT ( 'NONE',  ( -114.9999999999999574, 1180.000000000000000, 125.0000000000000000 ) ) ;
#160 =( GEOMETRIC_REPRESENTATION_CONTEXT ( 3 ) GLOBAL_UNCERTAINTY_ASSIGNED_CONTEXT ( ( #2847 ) ) GLOBAL_UNIT_ASSIGNED_CONTEXT ( ( #1504, #2232, #2545 ) ) REPRESENTATION_CONTEXT ( 'NONE', 'WORKASPACE' ) );
#161 = AXIS2_PLACEMENT_3D ( 'NONE', #663, #288, #4643 ) ;
#162 = VERTEX_POINT ( 'NONE', #1839 ) ;
#163 = CARTESIAN_POINT ( 'NONE',  ( -70.00000000000000000, 1199.500000000000000, 95.00000000000000000 ) ) ;
#164 = CARTESIAN_POINT ( 'NONE',  ( -67.99999999999991473, 1180.000000000000000, 78.00000000000000000 ) ) ;
#165 =( NAMED_UNIT ( * ) PLANE_ANGLE_UNIT ( ) SI_UNIT ( $, .RADIAN. ) );
#166 = VERTEX_POINT ( 'NONE', #406 ) ;
#167 = ORIENTED_EDGE ( 'NONE', *, *, #252, .T. ) ;
#168 = CARTESIAN_POINT ( 'NONE',  ( -9.948639134726988686E-13, 0.0000000000000000000, 142.5000000000000568 ) ) ;
#169 = DIRECTION ( 'NONE',  ( -0.0000000000000000000, -1.000000000000000000, -0.0000000000000000000 ) ) ;
#170 = COLOUR_RGB ( '',1.000000000000000000, 1.000000000000000000, 1.000000000000000000 ) ;
#171 = LINE ( 'NONE', #440, #4209 ) ;
#172 = ORIENTED_EDGE ( 'NONE', *, *, #4637, .F. ) ;
#173 = DIRECTION ( 'NONE',  ( 0.0000000000000000000, 0.0000000000000000000, 1.000000000000000000 ) ) ;
#174 = EDGE_CURVE ( 'NONE', #85, #178, #593, .T. ) ;
#175 = LINE ( 'NONE', #3544, #3650 ) ;
#176 = DIRECTION ( 'NONE',  ( 0.0000000000000000000, 0.0000000000000000000, 1.000000000000000000 ) ) ;
#177 = CARTESIAN_POINT ( 'NONE',  ( -150.0000000000000284, 0.0000000000000000000, -150.0000000000000000 ) ) ;
#178 = VERTEX_POINT ( 'NONE', #4316 ) ;
#179 = ORIENTED_EDGE ( 'NONE', *, *, #3701, .T. ) ;
#180 = FACE_OUTER_BOUND ( 'NONE', #2112, .T. ) ;
#181 = DIRECTION ( 'NONE',  ( 0.0000000000000000000, 0.0000000000000000000, 1.000000000000000000 ) ) ;
#182 = CARTESIAN_POINT ( 'NONE',  ( -7.500000000000000000, 20.00000000000003197, 89.99999999999998579 ) ) ;
#183 = VECTOR ( 'NONE', #116, 1000.000000000000000 ) ;
#184 = ORIENTED_EDGE ( 'NONE', *, *, #3534, .F. ) ;
#185 = FACE_OUTER_BOUND ( 'NONE', #3337, .T. ) ;
#186 = LINE ( 'NONE', #126, #3825 ) ;
#187 = CYLINDRICAL_SURFACE ( 'NONE', #1163, 3.400000000000000355 ) ;
#188 = AXIS2_PLACEMENT_3D ( 'NONE', #3457, #3064, #2732 ) ;
#189 = MECHANICAL_DESIGN_GEOMETRIC_PRESENTATION_REPRESENTATION (  '', ( #4366 ), #422 ) ;
#190 = CARTESIAN_POINT ( 'NONE',  ( 124.9999999999999716, 20.00000000000000000, -30.00000000000000000 ) ) ;
#191 = VERTEX_POINT ( 'NONE', #4304 ) ;
#192 = VECTOR ( 'NONE', #3618, 1000.000000000000000 ) ;
#193 = PRESENTATION_STYLE_ASSIGNMENT (( #1066 ) ) ;
#194 = ORIENTED_EDGE ( 'NONE', *, *, #4479, .T. ) ;
#195 = CARTESIAN_POINT ( 'NONE',  ( 7.500000000000000000, 20.00000000000003197, 89.99999999999998579 ) ) ;
#196 = LINE ( 'NONE', #4410, #1589 ) ;
#197 = CARTESIAN_POINT ( 'NONE',  ( -7.500000000000000000, 220.0000000000000284, -89.99999999999998579 ) ) ;
#198 = PRODUCT_RELATED_PRODUCT_CATEGORY ( 'part', '', ( #527 ) ) ;
#199 = VECTOR ( 'NONE', #4323, 1000.000000000000000 ) ;
#200 = ORIENTED_EDGE ( 'NONE', *, *, #2154, .F. ) ;
#201 = ORIENTED_EDGE ( 'NONE', *, *, #3387, .F. ) ;
#202 = ORIENTED_EDGE ( 'NONE', *, *, #3070, .F. ) ;
#203 = DIRECTION ( 'NONE',  ( 0.0000000000000000000, 0.0000000000000000000, 1.000000000000000000 ) ) ;
#205 =( NAMED_UNIT ( * ) SI_UNIT ( $, .STERADIAN. ) SOLID_ANGLE_UNIT ( ) );
#204 = CIRCLE ( 'NONE', #4129, 5.099999999999993427 ) ;
#206 = DIRECTION ( 'NONE',  ( -0.0000000000000000000, 1.000000000000000000, -0.0000000000000000000 ) ) ;
#207 = ORIENTED_EDGE ( 'NONE', *, *, #3020, .F. ) ;
#208 =( GEOMETRIC_REPRESENTATION_CONTEXT ( 3 ) GLOBAL_UNCERTAINTY_ASSIGNED_CONTEXT ( ( #1124 ) ) GLOBAL_UNIT_ASSIGNED_CONTEXT ( ( #3857, #3891, #2389 ) ) REPRESENTATION_CONTEXT ( 'NONE', 'WORKASPACE' ) );
#209 = CARTESIAN_POINT ( 'NONE',  ( 90.00000000000000000, 1200.000000000000000, 95.09999999999999432 ) ) ;
#210 = CARTESIAN_POINT ( 'NONE',  ( -90.00000000000000000, 1180.000000000000000, -95.09999999999999432 ) ) ;
#211 = ORIENTED_EDGE ( 'NONE', *, *, #1930, .T. ) ;
#212 = DIRECTION ( 'NONE',  ( 0.7071067811865561215, 0.0000000000000000000, -0.7071067811865390240 ) ) ;
#213 = CARTESIAN_POINT ( 'NONE',  ( -68.00000000000000000, 1180.000000000000000, -67.99999999999998579 ) ) ;
#214 = VERTEX_POINT ( 'NONE', #2492 ) ;
#215 =( GEOMETRIC_REPRESENTATION_CONTEXT ( 3 ) GLOBAL_UNCERTAINTY_ASSIGNED_CONTEXT ( ( #1803 ) ) GLOBAL_UNIT_ASSIGNED_CONTEXT ( ( #3943, #4621, #4302 ) ) REPRESENTATION_CONTEXT ( 'NONE', 'WORKASPACE' ) );
#216 = ORIENTED_EDGE ( 'NONE', *, *, #1846, .F. ) ;
#217 = CARTESIAN_POINT ( 'NONE',  ( 90.00000000000000000, 1200.000000000000000, -84.90000000000000568 ) ) ;
#218 =( NAMED_UNIT ( * ) PLANE_ANGLE_UNIT ( ) SI_UNIT ( $, .RADIAN. ) );
#219 = EDGE_LOOP ( 'NONE', ( #1402, #674, #3513, #1885 ) ) ;
#220 = FACE_OUTER_BOUND ( 'NONE', #3228, .T. ) ;
#221 = EDGE_LOOP ( 'NONE', ( #1922, #1009 ) ) ;
#222 = DIRECTION ( 'NONE',  ( -1.982541115402068808E-16, -1.387778780781444751E-17, -1.000000000000000000 ) ) ;
#223 = CARTESIAN_POINT ( 'NONE',  ( 115.0000000000000711, 1200.000000000000000, -124.9999999999999432 ) ) ;
#224 = STYLED_ITEM ( 'NONE', ( #955 ), #1457 ) ;
#225 = ORIENTED_EDGE ( 'NONE', *, *, #2883, .T. ) ;
#226 = EDGE_CURVE ( 'NONE', #2471, #4068, #1350, .T. ) ;
#227 = AXIS2_PLACEMENT_3D ( 'NONE', #1867, #4462, #2223 ) ;
#228 = DIRECTION ( 'NONE',  ( 1.000000000000000000, 1.850582702439379757E-34, 3.081487911019576681E-33 ) ) ;
#229 = ADVANCED_FACE ( 'NONE', ( #1464 ), #4446, .F. ) ;
#230 = CIRCLE ( 'NONE', #1534, 3.400000000000000355 ) ;
#231 = VECTOR ( 'NONE', #1246, 1000.000000000000000 ) ;
#232 = DIRECTION ( 'NONE',  ( -1.850582702439379757E-34, -1.000000000000000000, -1.540743955509788340E-33 ) ) ;
#233 = ORIENTED_EDGE ( 'NONE', *, *, #2874, .T. ) ;
#234 = ORIENTED_EDGE ( 'NONE', *, *, #1522, .F. ) ;
#235 = LINE ( 'NONE', #373, #19 ) ;
#236 = DIRECTION ( 'NONE',  ( 0.0000000000000000000, 0.0000000000000000000, -1.000000000000000000 ) ) ;
#237 = CIRCLE ( 'NONE', #3945, 3.400000000000000355 ) ;
#238 = ORIENTED_EDGE ( 'NONE', *, *, #3721, .T. ) ;
#239 = VECTOR ( 'NONE', #1951, 1000.000000000000000 ) ;
#240 = AXIS2_PLACEMENT_3D ( 'NONE', #2036, #1648, #4213 ) ;
#241 = VECTOR ( 'NONE', #1921, 1000.000000000000000 ) ;
#242 = CARTESIAN_POINT ( 'NONE',  ( -29.99999999999998579, 20.00000000000000000, 120.5000000000000284 ) ) ;
#243 = ORIENTED_EDGE ( 'NONE', *, *, #1141, .F. ) ;
#244 = DIRECTION ( 'NONE',  ( -0.0000000000000000000, 1.000000000000000000, -0.0000000000000000000 ) ) ;
#245 = LINE ( 'NONE', #4242, #3493 ) ;
#246 = CARTESIAN_POINT ( 'NONE',  ( -29.99999999999998579, 20.00000000000000000, 129.5000000000000284 ) ) ;
#247 = VECTOR ( 'NONE', #573, 1000.000000000000114 ) ;
#248 = EDGE_LOOP ( 'NONE', ( #3342, #2048, #4435, #2823 ) ) ;
#249 = ORIENTED_EDGE ( 'NONE', *, *, #3453, .T. ) ;
#250 = ADVANCED_FACE ( 'NONE', ( #3873 ), #4331, .F. ) ;
#251 = CARTESIAN_POINT ( 'NONE',  ( 30.00000000000001421, 0.0000000000000000000, 125.0000000000000000 ) ) ;
#252 = EDGE_CURVE ( 'NONE', #3031, #1471, #2507, .T. ) ;
#253 = ORIENTED_EDGE ( 'NONE', *, *, #3233, .F. ) ;
#254 = FILL_AREA_STYLE ('',( #4568 ) ) ;
#255 = CARTESIAN_POINT ( 'NONE',  ( 124.9999999999999716, 0.0000000000000000000, 125.0000000000000000 ) ) ;
#256 = EDGE_CURVE ( 'NONE', #2002, #382, #1123, .T. ) ;
#257 = DIRECTION ( 'NONE',  ( -0.0000000000000000000, 1.000000000000000000, -0.0000000000000000000 ) ) ;
#258 = ORIENTED_EDGE ( 'NONE', *, *, #602, .F. ) ;
#259 = ORIENTED_EDGE ( 'NONE', *, *, #2873, .F. ) ;
#260 = EDGE_CURVE ( 'NONE', #3155, #1471, #2683, .T. ) ;
#261 = DIRECTION ( 'NONE',  ( -0.0000000000000000000, -1.000000000000000000, -0.0000000000000000000 ) ) ;
#262 = EDGE_LOOP ( 'NONE', ( #1183, #2254, #809, #3, #707, #2776, #985, #451 ) ) ;
#263 = ORIENTED_EDGE ( 'NONE', *, *, #4128, .T. ) ;
#264 = CARTESIAN_POINT ( 'NONE',  ( 90.00000000000000000, 1115.000000000000000, -47.49999999999994316 ) ) ;
#265 = CARTESIAN_POINT ( 'NONE',  ( -150.0000000000000284, 20.00000000000000000, -139.9999999999999716 ) ) ;
#266 = VERTEX_POINT ( 'NONE', #3320 ) ;
#267 = DIRECTION ( 'NONE',  ( 0.0000000000000000000, 0.0000000000000000000, 1.000000000000000000 ) ) ;
#268 = PLANE ( 'NONE',  #1016 ) ;
#269 = VECTOR ( 'NONE', #686, 1000.000000000000000 ) ;
#270 = LINE ( 'NONE', #300, #3186 ) ;
#271 = PLANE ( 'NONE',  #1594 ) ;
#272 = CARTESIAN_POINT ( 'NONE',  ( 150.0000000000000568, 0.0000000000000000000, -7.499999999999475975 ) ) ;
#273 = VECTOR ( 'NONE', #766, 1000.000000000000000 ) ;
#274 = DIRECTION ( 'NONE',  ( -0.0000000000000000000, 1.000000000000000000, -0.0000000000000000000 ) ) ;
#275 = UNCERTAINTY_MEASURE_WITH_UNIT (LENGTH_MEASURE( 1.000000000000000082E-05 ), #487, 'distance_accuracy_value', 'NONE');
#276 = DIRECTION ( 'NONE',  ( 0.0000000000000000000, 0.0000000000000000000, 1.000000000000000000 ) ) ;
#277 = EDGE_CURVE ( 'NONE', #2326, #3958, #997, .T. ) ;
#278 = AXIS2_PLACEMENT_3D ( 'NONE', #3079, #3041, #1945 ) ;
#279 = CARTESIAN_POINT ( 'NONE',  ( 124.9999999999999716, 20.00000000000000000, 34.49999999999998579 ) ) ;
#280 = LINE ( 'NONE', #1569, #507 ) ;
#281 = VECTOR ( 'NONE', #4157, 1000.000000000000000 ) ;
#282 = LINE ( 'NONE', #2426, #4001 ) ;
#283 = AXIS2_PLACEMENT_3D ( 'NONE', #4139, #4509, #3056 ) ;
#284 = ORIENTED_EDGE ( 'NONE', *, *, #3594, .T. ) ;
#285 =( NAMED_UNIT ( * ) SI_UNIT ( $, .STERADIAN. ) SOLID_ANGLE_UNIT ( ) );
#286 = ORIENTED_EDGE ( 'NONE', *, *, #21, .T. ) ;
#287 = CARTESIAN_POINT ( 'NONE',  ( 30.00000000000001421, 20.00000000000000000, 125.0000000000000000 ) ) ;
#288 = DIRECTION ( 'NONE',  ( 0.0000000000000000000, 1.000000000000000000, 0.0000000000000000000 ) ) ;
#289 = EDGE_CURVE ( 'NONE', #3288, #2630, #2799, .T. ) ;
#290 = VECTOR ( 'NONE', #1050, 1000.000000000000000 ) ;
#291 = PRODUCT_DEFINITION_SHAPE ( 'NONE', 'NONE',  #4673 ) ;
#292 = EDGE_LOOP ( 'NONE', ( #3671, #172 ) ) ;
#293 = ADVANCED_FACE ( 'NONE', ( #759 ), #3530, .F. ) ;
#294 = LINE ( 'NONE', #4469, #2766 ) ;
#295 = DIRECTION ( 'NONE',  ( -0.0000000000000000000, -1.000000000000000000, -0.0000000000000000000 ) ) ;
#296 = LINE ( 'NONE', #752, #24 ) ;
#297 = CARTESIAN_POINT ( 'NONE',  ( 295.0000000000000568, 20.00000000000000000, 5.000000000000836664 ) ) ;
#298 = AXIS2_PLACEMENT_3D ( 'NONE', #4519, #548, #3061 ) ;
#299 = VERTEX_POINT ( 'NONE', #2250 ) ;
#300 = CARTESIAN_POINT ( 'NONE',  ( -114.9999999999999574, 1180.000000000000000, 125.0000000000000000 ) ) ;
#301 = AXIS2_PLACEMENT_3D ( 'NONE', #2481, #3987, #4291 ) ;
#302 = EDGE_LOOP ( 'NONE', ( #1926, #201, #630, #2227, #2796, #3419, #3384, #2547 ) ) ;
#303 = CARTESIAN_POINT ( 'NONE',  ( -90.00000000000000000, 1200.000000000000000, 90.00000000000000000 ) ) ;
#304 = CARTESIAN_POINT ( 'NONE',  ( 68.00000000000000000, 20.00000000000000355, 67.99999999999995737 ) ) ;
#305 = PLANE ( 'NONE',  #4486 ) ;
#306 = ORIENTED_EDGE ( 'NONE', *, *, #405, .T. ) ;
#307 = DIRECTION ( 'NONE',  ( 0.0000000000000000000, 0.0000000000000000000, 1.000000000000000000 ) ) ;
#308 = CARTESIAN_POINT ( 'NONE',  ( 30.00000000000001421, 20.00000000000000000, 125.0000000000000000 ) ) ;
#309 = PRESENTATION_LAYER_ASSIGNMENT (  '', '', ( #3829 ) ) ;
#310 = ORIENTED_EDGE ( 'NONE', *, *, #3959, .F. ) ;
#311 = AXIS2_PLACEMENT_3D ( 'NONE', #1095, #2821, #3602 ) ;
#312 = DIRECTION ( 'NONE',  ( 0.0000000000000000000, 1.000000000000000000, 0.0000000000000000000 ) ) ;
#313 = CARTESIAN_POINT ( 'NONE',  ( -2.140462239949360482E-14, 1200.000000000000000, 0.0000000000000000000 ) ) ;
#314 = EDGE_CURVE ( 'NONE', #3225, #158, #4383, .T. ) ;
#315 = CLOSED_SHELL ( 'NONE', ( #2041, #2422, #4305, #3571, #454, #4573, #2218, #3112, #1047, #293, #4352, #2608, #3205, #1316, #3668, #2393, #1025, #2194, #679, #2953, #4235, #798, #2839, #60, #4193, #1100, #3302, #583, #2022, #3329, #3641, #3198, #568, #3281, #108, #1724, #2493, #1390, #1840, #4647, #606, #2815, #3933, #1766, #2472, #1516, #742, #3587 ) ) ;
#316 = DIRECTION ( 'NONE',  ( 0.0000000000000000000, 0.0000000000000000000, 1.000000000000000000 ) ) ;
#317 = CARTESIAN_POINT ( 'NONE',  ( -124.9999999999999716, 20.00000000000000000, -30.00000000000000000 ) ) ;
#318 = DIRECTION ( 'NONE',  ( -0.0000000000000000000, 1.000000000000000000, -0.0000000000000000000 ) ) ;
#319 = PLANE ( 'NONE',  #2948 ) ;
#320 = EDGE_CURVE ( 'NONE', #3703, #452, #4265, .T. ) ;
#321 = ADVANCED_FACE ( 'NONE', ( #1621 ), #1501, .F. ) ;
#322 = EDGE_LOOP ( 'NONE', ( #2264, #384 ) ) ;
#323 = DIRECTION ( 'NONE',  ( 0.7071067811865484609, 0.0000000000000000000, -0.7071067811865465735 ) ) ;
#324 = ORIENTED_EDGE ( 'NONE', *, *, #3864, .F. ) ;
#325 = EDGE_LOOP ( 'NONE', ( #179, #1239, #2742, #2644, #2832 ) ) ;
#326 = CARTESIAN_POINT ( 'NONE',  ( 69.99999999999985789, 20.00000000000000355, -90.00000000000000000 ) ) ;
#327 = PRESENTATION_STYLE_ASSIGNMENT (( #155 ) ) ;
#328 = EDGE_LOOP ( 'NONE', ( #622, #2497, #3213, #4552 ) ) ;
#329 = AXIS2_PLACEMENT_3D ( 'NONE', #2915, #1791, #1128 ) ;
#330 = DIRECTION ( 'NONE',  ( -0.0000000000000000000, 1.000000000000000000, -0.0000000000000000000 ) ) ;
#331 = CARTESIAN_POINT ( 'NONE',  ( 30.00000000000001421, 20.00000000000000000, 125.0000000000000000 ) ) ;
#332 = LINE ( 'NONE', #1099, #500 ) ;
#333 = CYLINDRICAL_SURFACE ( 'NONE', #4336, 7.499999999999992895 ) ;
#334 = CARTESIAN_POINT ( 'NONE',  ( -90.00000000000000000, 19.99999999999998934, 7.500000000000013323 ) ) ;
#335 = DIRECTION ( 'NONE',  ( -0.0000000000000000000, 1.000000000000000000, -0.0000000000000000000 ) ) ;
#336 = DIRECTION ( 'NONE',  ( 0.0000000000000000000, 0.0000000000000000000, -1.000000000000000000 ) ) ;
#337 = VECTOR ( 'NONE', #2655, 1000.000000000000000 ) ;
#338 = EDGE_LOOP ( 'NONE', ( #1656, #574, #1710, #3803 ) ) ;
#339 = PLANE ( 'NONE',  #3950 ) ;
#340 = ORIENTED_EDGE ( 'NONE', *, *, #3091, .T. ) ;
#341 = VECTOR ( 'NONE', #2737, 1000.000000000000114 ) ;
#342 = CIRCLE ( 'NONE', #1632, 5.099999999999993427 ) ;
#343 = DIRECTION ( 'NONE',  ( -0.0000000000000000000, -1.000000000000000000, -0.0000000000000000000 ) ) ;
#344 = ADVANCED_FACE ( 'NONE', ( #1510 ), #469, .F. ) ;
#345 = ORIENTED_EDGE ( 'NONE', *, *, #1664, .T. ) ;
#346 = COLOUR_RGB ( '',1.000000000000000000, 1.000000000000000000, 1.000000000000000000 ) ;
#347 = VECTOR ( 'NONE', #1397, 1000.000000000000000 ) ;
#348 = FACE_OUTER_BOUND ( 'NONE', #3865, .T. ) ;
#349 = EDGE_CURVE ( 'NONE', #2002, #1743, #822, .T. ) ;
#350 = EDGE_CURVE ( 'NONE', #611, #166, #3713, .T. ) ;
#351 = EDGE_LOOP ( 'NONE', ( #2038, #3563, #1056, #1557 ) ) ;
#352 = DIRECTION ( 'NONE',  ( -1.000000000000000000, -0.0000000000000000000, -0.0000000000000000000 ) ) ;
#353 = CARTESIAN_POINT ( 'NONE',  ( -68.00000000000000000, 1180.000000000000000, 68.00000000000000000 ) ) ;
#354 = VECTOR ( 'NONE', #3408, 1000.000000000000000 ) ;
#355 = EDGE_LOOP ( 'NONE', ( #1718, #1030, #1268, #563 ) ) ;
#356 = PRESENTATION_STYLE_ASSIGNMENT (( #1756 ) ) ;
#357 = FACE_OUTER_BOUND ( 'NONE', #458, .T. ) ;
#358 = EDGE_LOOP ( 'NONE', ( #524, #4559, #4648, #1685 ) ) ;
#359 = SURFACE_STYLE_USAGE ( .BOTH. , #3231 ) ;
#360 = CARTESIAN_POINT ( 'NONE',  ( 149.9999999999999716, 20.00000000000000000, -150.0000000000000000 ) ) ;
#361 = FACE_BOUND ( 'NONE', #853, .T. ) ;
#362 = VERTEX_POINT ( 'NONE', #1219 ) ;
#363 = FILL_AREA_STYLE ('',( #1822 ) ) ;
#364 = SURFACE_SIDE_STYLE ('',( #887 ) ) ;
#365 = PLANE ( 'NONE',  #2700 ) ;
#366 = EDGE_LOOP ( 'NONE', ( #96, #1496, #2429, #3321 ) ) ;
#367 = EDGE_LOOP ( 'NONE', ( #420, #2173 ) ) ;
#368 = STYLED_ITEM ( 'NONE', ( #789 ), #1193 ) ;
#369 = DIRECTION ( 'NONE',  ( -1.000000000000000000, 0.0000000000000000000, 6.033820786006285224E-17 ) ) ;
#370 = ADVANCED_FACE ( 'NONE', ( #220 ), #2912, .F. ) ;
#371 = EDGE_LOOP ( 'NONE', ( #3963, #3620, #1771, #827 ) ) ;
#372 =( NAMED_UNIT ( * ) PLANE_ANGLE_UNIT ( ) SI_UNIT ( $, .RADIAN. ) );
#373 = CARTESIAN_POINT ( 'NONE',  ( -90.00000000000000000, 220.0000000000000284, -7.499999999999985789 ) ) ;
#374 = VERTEX_POINT ( 'NONE', #2411 ) ;
#375 = DIRECTION ( 'NONE',  ( 0.0000000000000000000, 1.000000000000000000, 0.0000000000000000000 ) ) ;
#376 = SURFACE_STYLE_USAGE ( .BOTH. , #3589 ) ;
#377 = DIRECTION ( 'NONE',  ( 0.0000000000000000000, 0.0000000000000000000, 1.000000000000000000 ) ) ;
#378 = EDGE_CURVE ( 'NONE', #4190, #2126, #388, .T. ) ;
#379 = ORIENTED_EDGE ( 'NONE', *, *, #2505, .F. ) ;
#380 =( GEOMETRIC_REPRESENTATION_CONTEXT ( 3 ) GLOBAL_UNCERTAINTY_ASSIGNED_CONTEXT ( ( #1662 ) ) GLOBAL_UNIT_ASSIGNED_CONTEXT ( ( #4345, #739, #2536 ) ) REPRESENTATION_CONTEXT ( 'NONE', 'WORKASPACE' ) );
#381 = DIRECTION ( 'NONE',  ( 0.0000000000000000000, 0.0000000000000000000, 1.000000000000000000 ) ) ;
#382 = VERTEX_POINT ( 'NONE', #4145 ) ;
#383 = AXIS2_PLACEMENT_3D ( 'NONE', #2047, #3897, #3876 ) ;
#384 = ORIENTED_EDGE ( 'NONE', *, *, #1584, .F. ) ;
#385 = EDGE_CURVE ( 'NONE', #131, #1168, #51, .T. ) ;
#386 = FILL_AREA_STYLE_COLOUR ( '', #3489 ) ;
#387 = DIRECTION ( 'NONE',  ( -1.000000000000000000, 7.401486830834376525E-17, 0.0000000000000000000 ) ) ;
#388 = CIRCLE ( 'NONE', #4332, 7.500000000000007105 ) ;
#389 = LINE ( 'NONE', #4374, #992 ) ;
#390 = VERTEX_POINT ( 'NONE', #3742 ) ;
#391 = ADVANCED_FACE ( 'NONE', ( #4102 ), #1286, .F. ) ;
#392 = COLOUR_RGB ( '',1.000000000000000000, 1.000000000000000000, 1.000000000000000000 ) ;
#393 = DIRECTION ( 'NONE',  ( 0.0000000000000000000, 0.0000000000000000000, 1.000000000000000000 ) ) ;
#394 =( LENGTH_UNIT ( ) NAMED_UNIT ( * ) SI_UNIT ( .MILLI., .METRE. ) );
#395 = DIRECTION ( 'NONE',  ( -0.0000000000000000000, 1.000000000000000000, -0.0000000000000000000 ) ) ;
#396 = AXIS2_PLACEMENT_3D ( 'NONE', #3976, #3567, #1466 ) ;
#397 = LINE ( 'NONE', #2793, #4049 ) ;
#398 = CARTESIAN_POINT ( 'NONE',  ( -124.9999999999999716, 0.0000000000000000000, 26.59999999999999787 ) ) ;
#399 = CYLINDRICAL_SURFACE ( 'NONE', #3715, 4.499999999999990230 ) ;
#400 = PLANE ( 'NONE',  #2635 ) ;
#401 = DIRECTION ( 'NONE',  ( 0.0000000000000000000, 1.000000000000000000, 0.0000000000000000000 ) ) ;
#402 = VECTOR ( 'NONE', #446, 1000.000000000000000 ) ;
#403 = VECTOR ( 'NONE', #3472, 999.9999999999998863 ) ;
#404 = LINE ( 'NONE', #2733, #2576 ) ;
#405 = EDGE_CURVE ( 'NONE', #382, #2002, #3868, .T. ) ;
#406 = CARTESIAN_POINT ( 'NONE',  ( -124.9999999999999716, 20.00000000000000000, -132.5000000000000000 ) ) ;
#407 = ORIENTED_EDGE ( 'NONE', *, *, #152, .T. ) ;
#408 = VECTOR ( 'NONE', #1263, 1000.000000000000000 ) ;
#409 = DIRECTION ( 'NONE',  ( 1.000000000000000000, 1.540743955509788682E-33, -1.982541115402069547E-16 ) ) ;
#410 = CIRCLE ( 'NONE', #8, 4.500000000000003553 ) ;
#411 = DIRECTION ( 'NONE',  ( 1.000000000000000000, 0.0000000000000000000, 0.0000000000000000000 ) ) ;
#412 = DIRECTION ( 'NONE',  ( 3.081487911019577365E-33, 1.540743955509788682E-33, 1.000000000000000000 ) ) ;
#413 = LINE ( 'NONE', #3568, #667 ) ;
#414 = FACE_OUTER_BOUND ( 'NONE', #3328, .T. ) ;
#415 = DIRECTION ( 'NONE',  ( 0.0000000000000000000, 1.000000000000000000, 0.0000000000000000000 ) ) ;
#416 = EDGE_CURVE ( 'NONE', #467, #437, #3068, .T. ) ;
#417 = VECTOR ( 'NONE', #2682, 1000.000000000000000 ) ;
#418 = VERTEX_POINT ( 'NONE', #3768 ) ;
#419 =( GEOMETRIC_REPRESENTATION_CONTEXT ( 3 ) GLOBAL_UNCERTAINTY_ASSIGNED_CONTEXT ( ( #4615 ) ) GLOBAL_UNIT_ASSIGNED_CONTEXT ( ( #4276, #30, #1454 ) ) REPRESENTATION_CONTEXT ( 'NONE', 'WORKASPACE' ) );
#420 = ORIENTED_EDGE ( 'NONE', *, *, #1439, .F. ) ;
#421 = DIRECTION ( 'NONE',  ( -0.7071067811865414665, 0.0000000000000000000, -0.7071067811865536790 ) ) ;
#422 =( GEOMETRIC_REPRESENTATION_CONTEXT ( 3 ) GLOBAL_UNCERTAINTY_ASSIGNED_CONTEXT ( ( #275 ) ) GLOBAL_UNIT_ASSIGNED_CONTEXT ( ( #487, #165, #2992 ) ) REPRESENTATION_CONTEXT ( 'NONE', 'WORKASPACE' ) );
#423 = ORIENTED_EDGE ( 'NONE', *, *, #314, .F. ) ;
#424 = DIRECTION ( 'NONE',  ( 1.000000000000000000, -0.0000000000000000000, -0.0000000000000000000 ) ) ;
#425 = ORIENTED_EDGE ( 'NONE', *, *, #912, .T. ) ;
#426 =( NAMED_UNIT ( * ) PLANE_ANGLE_UNIT ( ) SI_UNIT ( $, .RADIAN. ) );
#427 = CARTESIAN_POINT ( 'NONE',  ( -124.9999999999999716, 0.0000000000000000000, 132.5000000000000000 ) ) ;
#428 = SURFACE_STYLE_USAGE ( .BOTH. , #1883 ) ;
#429 = CARTESIAN_POINT ( 'NONE',  ( 7.499999999998951949, 0.0000000000000000000, 150.0000000000000853 ) ) ;
#430 =( NAMED_UNIT ( * ) SI_UNIT ( $, .STERADIAN. ) SOLID_ANGLE_UNIT ( ) );
#431 = EDGE_CURVE ( 'NONE', #2058, #3291, #3368, .T. ) ;
#432 = CARTESIAN_POINT ( 'NONE',  ( -90.00000000000000000, 220.0000000000000284, 7.500000000000013323 ) ) ;
#433 = ORIENTED_EDGE ( 'NONE', *, *, #3327, .T. ) ;
#434 = DIRECTION ( 'NONE',  ( 1.423415318369273723E-33, -1.000000000000000000, 3.081487911019576681E-33 ) ) ;
#435 = ORIENTED_EDGE ( 'NONE', *, *, #4663, .T. ) ;
#436 = EDGE_CURVE ( 'NONE', #2725, #2533, #1559, .T. ) ;
#437 = VERTEX_POINT ( 'NONE', #4467 ) ;
#438 = LINE ( 'NONE', #768, #4041 ) ;
#439 = ORIENTED_EDGE ( 'NONE', *, *, #4143, .F. ) ;
#440 = CARTESIAN_POINT ( 'NONE',  ( 90.00000000000000000, 1155.000000000000000, 47.49999999999994316 ) ) ;
#441 = CARTESIAN_POINT ( 'NONE',  ( 90.00000000000000000, 1180.000000000000000, -69.99999999999985789 ) ) ;
#442 = SURFACE_STYLE_FILL_AREA ( #363 ) ;
#443 = AXIS2_PLACEMENT_3D ( 'NONE', #1605, #4159, #3808 ) ;
#444 = PRESENTATION_STYLE_ASSIGNMENT (( #4317 ) ) ;
#445 = ORIENTED_EDGE ( 'NONE', *, *, #2653, .F. ) ;
#446 = DIRECTION ( 'NONE',  ( -1.000000000000000000, -2.696301922142130194E-33, 1.982541115402069547E-16 ) ) ;
#447 = FACE_BOUND ( 'NONE', #4132, .T. ) ;
#448 = AXIS2_PLACEMENT_3D ( 'NONE', #3185, #3928, #1396 ) ;
#449 =( LENGTH_UNIT ( ) NAMED_UNIT ( * ) SI_UNIT ( .MILLI., .METRE. ) );
#450 = AXIS2_PLACEMENT_3D ( 'NONE', #3684, #2563, #2923 ) ;
#451 = ORIENTED_EDGE ( 'NONE', *, *, #1697, .T. ) ;
#452 = VERTEX_POINT ( 'NONE', #865 ) ;
#453 = FACE_OUTER_BOUND ( 'NONE', #2671, .T. ) ;
#454 = ADVANCED_FACE ( 'NONE', ( #2503 ), #1343, .F. ) ;
#455 = CARTESIAN_POINT ( 'NONE',  ( -70.00000000000000000, 1200.000000000000000, 92.00000000000000000 ) ) ;
#456 = CARTESIAN_POINT ( 'NONE',  ( 78.00000000000000000, 1115.000000000000000, 45.00000000000000000 ) ) ;
#457 = CARTESIAN_POINT ( 'NONE',  ( -30.00000000000001421, 20.00000000000000000, -125.0000000000000000 ) ) ;
#458 = EDGE_LOOP ( 'NONE', ( #1230, #1901, #3066, #1386 ) ) ;
#459 = FACE_OUTER_BOUND ( 'NONE', #1614, .T. ) ;
#460 = PRESENTATION_LAYER_ASSIGNMENT (  '', '', ( #4561 ) ) ;
#461 = LINE ( 'NONE', #3294, #4066 ) ;
#462 = VERTEX_POINT ( 'NONE', #3047 ) ;
#463 = CARTESIAN_POINT ( 'NONE',  ( -124.9999999999999716, 0.0000000000000000000, -117.5000000000000142 ) ) ;
#464 = CIRCLE ( 'NONE', #482, 3.399999999999986144 ) ;
#465 = VECTOR ( 'NONE', #959, 1000.000000000000000 ) ;
#466 = FACE_OUTER_BOUND ( 'NONE', #1701, .T. ) ;
#467 = VERTEX_POINT ( 'NONE', #1948 ) ;
#468 = EDGE_CURVE ( 'NONE', #4296, #1304, #3983, .T. ) ;
#469 = PLANE ( 'NONE',  #862 ) ;
#470 = ORIENTED_EDGE ( 'NONE', *, *, #3840, .F. ) ;
#471 = CARTESIAN_POINT ( 'NONE',  ( -30.00000000000001421, 20.00000000000000000, -128.3999999999999773 ) ) ;
#472 = CARTESIAN_POINT ( 'NONE',  ( 0.0000000000000000000, 0.0000000000000000000, 0.0000000000000000000 ) ) ;
#473 = VECTOR ( 'NONE', #1013, 1000.000000000000000 ) ;
#474 = DIRECTION ( 'NONE',  ( 0.0000000000000000000, 0.0000000000000000000, -1.000000000000000000 ) ) ;
#475 = VERTEX_POINT ( 'NONE', #1261 ) ;
#476 = EDGE_CURVE ( 'NONE', #3916, #1320, #1888, .T. ) ;
#477 = ORIENTED_EDGE ( 'NONE', *, *, #1603, .F. ) ;
#478 = SURFACE_SIDE_STYLE ('',( #4286 ) ) ;
#479 = ORIENTED_EDGE ( 'NONE', *, *, #4632, .F. ) ;
#480 = CARTESIAN_POINT ( 'NONE',  ( -67.99999999999991473, 20.00000000000000355, -77.99999999999998579 ) ) ;
#481 = CARTESIAN_POINT ( 'NONE',  ( 90.00000000000000000, 1115.000000000000000, -47.49999999999994316 ) ) ;
#482 = AXIS2_PLACEMENT_3D ( 'NONE', #251, #929, #3832 ) ;
#483 = AXIS2_PLACEMENT_3D ( 'NONE', #3612, #1115, #2890 ) ;
#484 = ORIENTED_EDGE ( 'NONE', *, *, #468, .T. ) ;
#485 = DIRECTION ( 'NONE',  ( 0.0000000000000000000, 1.000000000000000000, 0.0000000000000000000 ) ) ;
#486 = DIRECTION ( 'NONE',  ( -0.0000000000000000000, -1.000000000000000000, -0.0000000000000000000 ) ) ;
#487 =( LENGTH_UNIT ( ) NAMED_UNIT ( * ) SI_UNIT ( .MILLI., .METRE. ) );
#488 = CARTESIAN_POINT ( 'NONE',  ( 90.00000000000000000, 19.99999999999998934, 7.499999999999985789 ) ) ;
#489 = VERTEX_POINT ( 'NONE', #3923 ) ;
#490 = DIRECTION ( 'NONE',  ( -1.000000000000000000, -2.696301922142130194E-33, 1.982541115402069547E-16 ) ) ;
#491 = DIRECTION ( 'NONE',  ( -0.0000000000000000000, 1.000000000000000000, -0.0000000000000000000 ) ) ;
#492 = EDGE_CURVE ( 'NONE', #971, #3735, #588, .T. ) ;
#493 = ORIENTED_EDGE ( 'NONE', *, *, #2040, .F. ) ;
#494 = DIRECTION ( 'NONE',  ( -0.0000000000000000000, 1.000000000000000000, -0.0000000000000000000 ) ) ;
#495 = ORIENTED_EDGE ( 'NONE', *, *, #2415, .F. ) ;
#496 = DIRECTION ( 'NONE',  ( 0.0000000000000000000, 0.0000000000000000000, -1.000000000000000000 ) ) ;
#497 = VECTOR ( 'NONE', #3310, 1000.000000000000000 ) ;
#498 = EDGE_LOOP ( 'NONE', ( #3753, #48, #3217, #194 ) ) ;
#499 = EDGE_CURVE ( 'NONE', #1804, #3526, #2794, .T. ) ;
#500 = VECTOR ( 'NONE', #3973, 1000.000000000000000 ) ;
#501 = CARTESIAN_POINT ( 'NONE',  ( 7.500000000000000000, 220.0000000000000284, 90.00000000000000000 ) ) ;
#502 = EDGE_LOOP ( 'NONE', ( #2193, #1247, #3172, #2239 ) ) ;
#503 = EDGE_CURVE ( 'NONE', #3155, #4098, #1994, .T. ) ;
#504 = ORIENTED_EDGE ( 'NONE', *, *, #823, .F. ) ;
#505 = DIRECTION ( 'NONE',  ( 0.0000000000000000000, 1.000000000000000000, 0.0000000000000000000 ) ) ;
#506 = VERTEX_POINT ( 'NONE', #1767 ) ;
#507 = VECTOR ( 'NONE', #3340, 1000.000000000000000 ) ;
#508 = CIRCLE ( 'NONE', #4074, 2.499999999999946709 ) ;
#509 = FACE_OUTER_BOUND ( 'NONE', #4385, .T. ) ;
#510 = DIRECTION ( 'NONE',  ( 0.0000000000000000000, 1.000000000000000000, 0.0000000000000000000 ) ) ;
#511 = DIRECTION ( 'NONE',  ( -1.000000000000000000, 0.0000000000000000000, 3.061276722312015942E-16 ) ) ;
#512 = SURFACE_STYLE_FILL_AREA ( #2080 ) ;
#513 = VERTEX_POINT ( 'NONE', #2084 ) ;
#514 = LINE ( 'NONE', #3514, #1317 ) ;
#515 = VECTOR ( 'NONE', #1700, 1000.000000000000000 ) ;
#516 = CYLINDRICAL_SURFACE ( 'NONE', #301, 3.400000000000000355 ) ;
#517 = CARTESIAN_POINT ( 'NONE',  ( 70.00000000000000000, 1199.500000000000000, -98.00000000000000000 ) ) ;
#518 = CARTESIAN_POINT ( 'NONE',  ( -140.0000000000000000, 20.00000000000000000, -150.0000000000000000 ) ) ;
#519 = ORIENTED_EDGE ( 'NONE', *, *, #3959, .T. ) ;
#520 = CIRCLE ( 'NONE', #2634, 2.499999999999946709 ) ;
#521 =( LENGTH_UNIT ( ) NAMED_UNIT ( * ) SI_UNIT ( .MILLI., .METRE. ) );
#522 = DIRECTION ( 'NONE',  ( 0.0000000000000000000, 0.0000000000000000000, 1.000000000000000000 ) ) ;
#523 = CARTESIAN_POINT ( 'NONE',  ( -114.9999999999999574, 1180.000000000000000, -124.9999999999999432 ) ) ;
#524 = ORIENTED_EDGE ( 'NONE', *, *, #1817, .T. ) ;
#525 = EDGE_LOOP ( 'NONE', ( #1014, #4149, #3298, #1555 ) ) ;
#526 = CARTESIAN_POINT ( 'NONE',  ( -7.500000000000000000, 19.99999999999993605, -89.99999999999998579 ) ) ;
#527 = PRODUCT ( '4GAA0021201010015X_Predeterminado<As Machined>', '4GAA0021201010015X_Predeterminado<As Machined>', '', ( #1171 ) ) ;
#528 = MECHANICAL_DESIGN_GEOMETRIC_PRESENTATION_REPRESENTATION (  '', ( #2159 ), #380 ) ;
#529 = ORIENTED_EDGE ( 'NONE', *, *, #226, .F. ) ;
#530 = EDGE_CURVE ( 'NONE', #3295, #4296, #4609, .T. ) ;
#531 = EDGE_CURVE ( 'NONE', #1571, #804, #3645, .T. ) ;
#532 = ORIENTED_EDGE ( 'NONE', *, *, #3965, .F. ) ;
#533 = LINE ( 'NONE', #2233, #4247 ) ;
#534 = DIRECTION ( 'NONE',  ( -0.0000000000000000000, 1.000000000000000000, -0.0000000000000000000 ) ) ;
#535 = VERTEX_POINT ( 'NONE', #3938 ) ;
#536 = AXIS2_PLACEMENT_3D ( 'NONE', #4577, #975, #1006 ) ;
#537 = AXIS2_PLACEMENT_3D ( 'NONE', #1539, #1130, #3698 ) ;
#538 = VERTEX_POINT ( 'NONE', #334 ) ;
#539 = PLANE ( 'NONE',  #4405 ) ;
#540 = UNCERTAINTY_MEASURE_WITH_UNIT (LENGTH_MEASURE( 1.000000000000000082E-05 ), #717, 'distance_accuracy_value', 'NONE');
#541 = ORIENTED_EDGE ( 'NONE', *, *, #713, .T. ) ;
#542 = EDGE_LOOP ( 'NONE', ( #310, #4373 ) ) ;
#543 = ORIENTED_EDGE ( 'NONE', *, *, #3042, .F. ) ;
#544 = CARTESIAN_POINT ( 'NONE',  ( -150.0000000000001137, 0.0000000000000000000, 7.499999999998428812 ) ) ;
#545 = EDGE_CURVE ( 'NONE', #1984, #1392, #939, .T. ) ;
#546 = VERTEX_POINT ( 'NONE', #3518 ) ;
#547 = VECTOR ( 'NONE', #494, 1000.000000000000000 ) ;
#548 = DIRECTION ( 'NONE',  ( 1.000000000000000000, -0.0000000000000000000, -0.0000000000000000000 ) ) ;
#549 = EDGE_CURVE ( 'NONE', #158, #3746, #270, .T. ) ;
#550 = FACE_OUTER_BOUND ( 'NONE', #366, .T. ) ;
#551 = EDGE_LOOP ( 'NONE', ( #2552, #225 ) ) ;
#552 = VERTEX_POINT ( 'NONE', #2109 ) ;
#553 = LINE ( 'NONE', #481, #1850 ) ;
#554 = CIRCLE ( 'NONE', #3407, 3.399999999999986144 ) ;
#555 = PRESENTATION_LAYER_ASSIGNMENT (  '', '', ( #1617 ) ) ;
#556 = LINE ( 'NONE', #3484, #4280 ) ;
#557 = AXIS2_PLACEMENT_3D ( 'NONE', #3629, #1137, #3648 ) ;
#558 = CARTESIAN_POINT ( 'NONE',  ( -110.0000000000000000, 220.0000000000000568, -7.499999999999985789 ) ) ;
#559 = ORIENTED_EDGE ( 'NONE', *, *, #2626, .T. ) ;
#560 = LINE ( 'NONE', #55, #18 ) ;
#561 = VECTOR ( 'NONE', #1727, 1000.000000000000000 ) ;
#562 = CYLINDRICAL_SURFACE ( 'NONE', #1674, 4.500000000000003553 ) ;
#563 = ORIENTED_EDGE ( 'NONE', *, *, #2774, .F. ) ;
#564 = LINE ( 'NONE', #2610, #4406 ) ;
#565 = DIRECTION ( 'NONE',  ( 0.0000000000000000000, 0.0000000000000000000, 1.000000000000000000 ) ) ;
#566 = ORIENTED_EDGE ( 'NONE', *, *, #2364, .T. ) ;
#567 = ORIENTED_EDGE ( 'NONE', *, *, #4428, .F. ) ;
#568 = ADVANCED_FACE ( 'NONE', ( #2213 ), #2704, .F. ) ;
#569 = ORIENTED_EDGE ( 'NONE', *, *, #1427, .F. ) ;
#570 = CARTESIAN_POINT ( 'NONE',  ( 69.99999999999998579, 1180.000000000000000, 69.99999999999998579 ) ) ;
#571 = CARTESIAN_POINT ( 'NONE',  ( 62.49999999999997868, 1200.000000000000000, 0.0000000000000000000 ) ) ;
#572 = ORIENTED_EDGE ( 'NONE', *, *, #1172, .T. ) ;
#573 = DIRECTION ( 'NONE',  ( 0.7071067811865474617, -0.0000000000000000000, -0.7071067811865474617 ) ) ;
#574 = ORIENTED_EDGE ( 'NONE', *, *, #256, .T. ) ;
#576 = VERTEX_POINT ( 'NONE', #1053 ) ;
#575 = CARTESIAN_POINT ( 'NONE',  ( 0.0000000000000000000, 20.00000000000000000, -142.5000000000000568 ) ) ;
#577 = EDGE_CURVE ( 'NONE', #4505, #3210, #1640, .T. ) ;
#578 = DIRECTION ( 'NONE',  ( -0.0000000000000000000, -1.000000000000000000, -0.0000000000000000000 ) ) ;
#579 = CARTESIAN_POINT ( 'NONE',  ( 30.00000000000000000, 0.0000000000000000000, -120.5000000000000000 ) ) ;
#580 = EDGE_LOOP ( 'NONE', ( #4646, #234, #1234, #3972 ) ) ;
#581 = EDGE_LOOP ( 'NONE', ( #2371, #3283, #3914, #3168 ) ) ;
#582 = CARTESIAN_POINT ( 'NONE',  ( 69.99999999999998579, 20.00000000000000355, -69.99999999999998579 ) ) ;
#583 = ADVANCED_FACE ( 'NONE', ( #963 ), #3496, .F. ) ;
#584 = ORIENTED_EDGE ( 'NONE', *, *, #3162, .T. ) ;
#585 = DIRECTION ( 'NONE',  ( -0.0000000000000000000, 1.000000000000000000, -0.0000000000000000000 ) ) ;
#586 = CARTESIAN_POINT ( 'NONE',  ( 90.00000000000000000, 1115.000000000000000, -42.50000000000004974 ) ) ;
#587 = VERTEX_POINT ( 'NONE', #1719 ) ;
#588 = LINE ( 'NONE', #894, #879 ) ;
#589 = FACE_BOUND ( 'NONE', #1332, .T. ) ;
#590 = ORIENTED_EDGE ( 'NONE', *, *, #1486, .F. ) ;
#591 = CARTESIAN_POINT ( 'NONE',  ( -124.9999999999999432, 1200.000000000000000, -114.9999999999999574 ) ) ;
#592 = DIRECTION ( 'NONE',  ( -0.0000000000000000000, 1.000000000000000000, 0.0000000000000000000 ) ) ;
#593 = CIRCLE ( 'NONE', #3739, 4.500000000000003553 ) ;
#594 = EDGE_CURVE ( 'NONE', #2696, #846, #2299, .T. ) ;
#595 = COLOUR_RGB ( '',1.000000000000000000, 1.000000000000000000, 1.000000000000000000 ) ;
#596 = DIRECTION ( 'NONE',  ( 0.0000000000000000000, 0.0000000000000000000, 1.000000000000000000 ) ) ;
#597 = VECTOR ( 'NONE', #4237, 1000.000000000000000 ) ;
#598 = ORIENTED_EDGE ( 'NONE', *, *, #4198, .F. ) ;
#599 = FACE_OUTER_BOUND ( 'NONE', #3980, .T. ) ;
#600 = DIRECTION ( 'NONE',  ( -0.7071067811865461294, 5.233641528945905718E-17, 0.7071067811865489050 ) ) ;
#601 = EDGE_CURVE ( 'NONE', #965, #4146, #413, .T. ) ;
#602 = EDGE_CURVE ( 'NONE', #2725, #1898, #1695, .T. ) ;
#603 = LINE ( 'NONE', #1033, #2970 ) ;
#604 = VERTEX_POINT ( 'NONE', #2484 ) ;
#605 = CIRCLE ( 'NONE', #3356, 3.000000000000002665 ) ;
#606 = ADVANCED_FACE ( 'NONE', ( #2824 ), #614, .F. ) ;
#607 = DIRECTION ( 'NONE',  ( 1.000000000000000000, -0.0000000000000000000, -0.0000000000000000000 ) ) ;
#608 = COLOUR_RGB ( '',1.000000000000000000, 1.000000000000000000, 1.000000000000000000 ) ;
#609 = ORIENTED_EDGE ( 'NONE', *, *, #2873, .T. ) ;
#610 = FACE_BOUND ( 'NONE', #691, .T. ) ;
#611 = VERTEX_POINT ( 'NONE', #628 ) ;
#612 = CIRCLE ( 'NONE', #536, 3.400000000000000355 ) ;
#613 = MECHANICAL_DESIGN_GEOMETRIC_PRESENTATION_REPRESENTATION (  '', ( #4588 ), #3460 ) ;
#614 = PLANE ( 'NONE',  #1990 ) ;
#615 = AXIS2_PLACEMENT_3D ( 'NONE', #1626, #3804, #4154 ) ;
#616 = UNCERTAINTY_MEASURE_WITH_UNIT (LENGTH_MEASURE( 1.000000000000000082E-05 ), #49, 'distance_accuracy_value', 'NONE');
#617 = ORIENTED_EDGE ( 'NONE', *, *, #3936, .T. ) ;
#618 = ORIENTED_EDGE ( 'NONE', *, *, #4298, .T. ) ;
#619 = VECTOR ( 'NONE', #138, 1000.000000000000000 ) ;
#620 = VERTEX_POINT ( 'NONE', #4667 ) ;
#621 = PLANE ( 'NONE',  #1420 ) ;
#622 = ORIENTED_EDGE ( 'NONE', *, *, #3091, .F. ) ;
#623 = VERTEX_POINT ( 'NONE', #2791 ) ;
#624 = DIRECTION ( 'NONE',  ( 1.020425574104005232E-16, -0.0000000000000000000, 1.000000000000000000 ) ) ;
#625 = EDGE_CURVE ( 'NONE', #452, #623, #564, .T. ) ;
#626 = ORIENTED_EDGE ( 'NONE', *, *, #912, .F. ) ;
#627 = EDGE_CURVE ( 'NONE', #390, #4098, #2763, .T. ) ;
#628 = CARTESIAN_POINT ( 'NONE',  ( -124.9999999999999716, 20.00000000000000000, -117.5000000000000142 ) ) ;
#629 = DIRECTION ( 'NONE',  ( -0.0000000000000000000, 1.000000000000000000, -0.0000000000000000000 ) ) ;
#630 = ORIENTED_EDGE ( 'NONE', *, *, #2128, .F. ) ;
#631 = PLANE ( 'NONE',  #1216 ) ;
#632 = ADVANCED_FACE ( 'NONE', ( #3736 ), #4309, .F. ) ;
#633 = CARTESIAN_POINT ( 'NONE',  ( -70.00000000000000000, 1180.000000000000000, 95.00000000000000000 ) ) ;
#634 = EDGE_LOOP ( 'NONE', ( #922, #2558, #4141, #1800 ) ) ;
#635 =( GEOMETRIC_REPRESENTATION_CONTEXT ( 3 ) GLOBAL_UNCERTAINTY_ASSIGNED_CONTEXT ( ( #3399 ) ) GLOBAL_UNIT_ASSIGNED_CONTEXT ( ( #2298, #3391, #205 ) ) REPRESENTATION_CONTEXT ( 'NONE', 'WORKASPACE' ) );
#636 = DIRECTION ( 'NONE',  ( 1.982541115402069054E-16, 1.387778780781444751E-17, 1.000000000000000000 ) ) ;
#637 = AXIS2_PLACEMENT_3D ( 'NONE', #1549, #4079, #4439 ) ;
#638 = ORIENTED_EDGE ( 'NONE', *, *, #1515, .T. ) ;
#639 = DIRECTION ( 'NONE',  ( 0.7071067811865484609, -0.0000000000000000000, 0.7071067811865465735 ) ) ;
#640 = DIRECTION ( 'NONE',  ( 0.0000000000000000000, 0.0000000000000000000, 1.000000000000000000 ) ) ;
#641 = DIRECTION ( 'NONE',  ( -1.000000000000000000, 1.423415318369273723E-33, 0.0000000000000000000 ) ) ;
#642 = CARTESIAN_POINT ( 'NONE',  ( -2.140462239949360482E-14, 1200.000000000000000, 0.0000000000000000000 ) ) ;
#643 = ORIENTED_EDGE ( 'NONE', *, *, #2619, .F. ) ;
#644 = VECTOR ( 'NONE', #1660, 1000.000000000000000 ) ;
#645 = CARTESIAN_POINT ( 'NONE',  ( 30.00000000000001421, 20.00000000000000000, 128.4000000000000057 ) ) ;
#646 = DIRECTION ( 'NONE',  ( -0.0000000000000000000, 1.000000000000000000, -0.0000000000000000000 ) ) ;
#647 = CYLINDRICAL_SURFACE ( 'NONE', #3483, 4.500000000000003553 ) ;
#648 = ORIENTED_EDGE ( 'NONE', *, *, #1813, .F. ) ;
#649 = LINE ( 'NONE', #1442, #1144 ) ;
#650 = ADVANCED_FACE ( 'NONE', ( #3271 ), #2936, .F. ) ;
#651 = ORIENTED_EDGE ( 'NONE', *, *, #4420, .F. ) ;
#652 = DIRECTION ( 'NONE',  ( 1.000000000000000000, 0.0000000000000000000, -1.982541115402069301E-16 ) ) ;
#653 = CYLINDRICAL_SURFACE ( 'NONE', #3361, 5.099999999999993427 ) ;
#654 = FACE_OUTER_BOUND ( 'NONE', #2529, .T. ) ;
#655 = DIRECTION ( 'NONE',  ( 0.0000000000000000000, 3.081487911019577365E-33, -1.000000000000000000 ) ) ;
#656 = DIRECTION ( 'NONE',  ( 3.081487911019577365E-33, 1.540743955509788682E-33, 1.000000000000000000 ) ) ;
#657 = EDGE_CURVE ( 'NONE', #1633, #620, #4468, .T. ) ;
#658 = VECTOR ( 'NONE', #491, 1000.000000000000000 ) ;
#659 = CARTESIAN_POINT ( 'NONE',  ( 70.00000000000000000, 1199.500000000000000, -95.00000000000000000 ) ) ;
#660 = VECTOR ( 'NONE', #2974, 1000.000000000000000 ) ;
#661 = ORIENTED_EDGE ( 'NONE', *, *, #2805, .T. ) ;
#662 = FILL_AREA_STYLE ('',( #2490 ) ) ;
#663 = CARTESIAN_POINT ( 'NONE',  ( -30.00000000000001421, 0.0000000000000000000, -125.0000000000000000 ) ) ;
#664 = CIRCLE ( 'NONE', #2616, 2.499999999999946709 ) ;
#665 = AXIS2_PLACEMENT_3D ( 'NONE', #1699, #1726, #4221 ) ;
#666 = FACE_BOUND ( 'NONE', #3524, .T. ) ;
#667 = VECTOR ( 'NONE', #3553, 1000.000000000000000 ) ;
#668 = PLANE ( 'NONE',  #1955 ) ;
#669 = CYLINDRICAL_SURFACE ( 'NONE', #4556, 3.000000000000002665 ) ;
#670 = DIRECTION ( 'NONE',  ( 3.888083013051982357E-17, -0.9805806756909201116, 0.1961161351381840168 ) ) ;
#671 = DIRECTION ( 'NONE',  ( 1.000000000000000000, -0.0000000000000000000, -0.0000000000000000000 ) ) ;
#672 = FACE_OUTER_BOUND ( 'NONE', #1222, .T. ) ;
#673 = AXIS2_PLACEMENT_3D ( 'NONE', #308, #2139, #2454 ) ;
#674 = ORIENTED_EDGE ( 'NONE', *, *, #3727, .F. ) ;
#675 = AXIS2_PLACEMENT_3D ( 'NONE', #4387, #4361, #2179 ) ;
#676 = VERTEX_POINT ( 'NONE', #429 ) ;
#677 = DIRECTION ( 'NONE',  ( -0.0000000000000000000, 1.000000000000000000, -0.0000000000000000000 ) ) ;
#678 = CIRCLE ( 'NONE', #4403, 5.099999999999993427 ) ;
#679 = ADVANCED_FACE ( 'NONE', ( #2470 ), #2253, .F. ) ;
#680 = ORIENTED_EDGE ( 'NONE', *, *, #2183, .F. ) ;
#681 = CARTESIAN_POINT ( 'NONE',  ( 7.500000000000000000, 20.00000000000003197, 89.99999999999998579 ) ) ;
#682 = DIRECTION ( 'NONE',  ( 0.0000000000000000000, 0.0000000000000000000, 1.000000000000000000 ) ) ;
#683 = CARTESIAN_POINT ( 'NONE',  ( -124.9999999999999432, 1200.000000000000000, -114.9999999999999574 ) ) ;
#684 =( GEOMETRIC_REPRESENTATION_CONTEXT ( 3 ) GLOBAL_UNCERTAINTY_ASSIGNED_CONTEXT ( ( #4474 ) ) GLOBAL_UNIT_ASSIGNED_CONTEXT ( ( #394, #1490, #4006 ) ) REPRESENTATION_CONTEXT ( 'NONE', 'WORKASPACE' ) );
#685 =( GEOMETRIC_REPRESENTATION_CONTEXT ( 3 ) GLOBAL_UNCERTAINTY_ASSIGNED_CONTEXT ( ( #2988 ) ) GLOBAL_UNIT_ASSIGNED_CONTEXT ( ( #3218, #372, #2886 ) ) REPRESENTATION_CONTEXT ( 'NONE', 'WORKASPACE' ) );
#686 = DIRECTION ( 'NONE',  ( 0.0000000000000000000, -1.000000000000000000, 0.0000000000000000000 ) ) ;
#687 = CARTESIAN_POINT ( 'NONE',  ( -150.0000000000000284, 0.0000000000000000000, -150.0000000000000000 ) ) ;
#688 = SURFACE_SIDE_STYLE ('',( #3766 ) ) ;
#689 = EDGE_CURVE ( 'NONE', #2591, #2593, #520, .T. ) ;
#690 = EDGE_CURVE ( 'NONE', #4202, #489, #1485, .T. ) ;
#691 = EDGE_LOOP ( 'NONE', ( #1045, #648 ) ) ;
#692 = CARTESIAN_POINT ( 'NONE',  ( -7.500000000000000000, 220.0000000000000284, -89.99999999999998579 ) ) ;
#693 = CARTESIAN_POINT ( 'NONE',  ( 90.00000000000000000, 19.99999999999998934, 7.499999999999985789 ) ) ;
#694 = CARTESIAN_POINT ( 'NONE',  ( 0.0000000000000000000, 0.0000000000000000000, -142.5000000000000568 ) ) ;
#695 = ORIENTED_EDGE ( 'NONE', *, *, #1260, .T. ) ;
#696 = EDGE_CURVE ( 'NONE', #546, #2800, #1531, .T. ) ;
#697 = ORIENTED_EDGE ( 'NONE', *, *, #4579, .T. ) ;
#698 = DIRECTION ( 'NONE',  ( 1.000000000000000000, -0.0000000000000000000, -0.0000000000000000000 ) ) ;
#699 = DIRECTION ( 'NONE',  ( 0.1961161351381840168, 0.9805806756909201116, 0.0000000000000000000 ) ) ;
#700 = ORIENTED_EDGE ( 'NONE', *, *, #1582, .F. ) ;
#701 = VERTEX_POINT ( 'NONE', #1543 ) ;
#702 =( LENGTH_UNIT ( ) NAMED_UNIT ( * ) SI_UNIT ( .MILLI., .METRE. ) );
#703 = CYLINDRICAL_SURFACE ( 'NONE', #1327, 3.400000000000000355 ) ;
#704 = ADVANCED_FACE ( 'NONE', ( #2412 ), #767, .F. ) ;
#705 = ORIENTED_EDGE ( 'NONE', *, *, #1942, .T. ) ;
#706 =( GEOMETRIC_REPRESENTATION_CONTEXT ( 3 ) GLOBAL_UNCERTAINTY_ASSIGNED_CONTEXT ( ( #540 ) ) GLOBAL_UNIT_ASSIGNED_CONTEXT ( ( #717, #3239, #3256 ) ) REPRESENTATION_CONTEXT ( 'NONE', 'WORKASPACE' ) );
#707 = ORIENTED_EDGE ( 'NONE', *, *, #149, .T. ) ;
#708 = DIRECTION ( 'NONE',  ( -1.000000000000000000, 0.0000000000000000000, 1.020425574104005478E-16 ) ) ;
#709 = CIRCLE ( 'NONE', #1107, 7.500000000000007105 ) ;
#710 = LINE ( 'NONE', #3560, #1734 ) ;
#711 = VERTEX_POINT ( 'NONE', #819 ) ;
#712 = VECTOR ( 'NONE', #656, 1000.000000000000000 ) ;
#713 = EDGE_CURVE ( 'NONE', #2690, #1588, #196, .T. ) ;
#714 = CIRCLE ( 'NONE', #1091, 3.000000000000002665 ) ;
#715 = DIRECTION ( 'NONE',  ( -0.0000000000000000000, 1.000000000000000000, -0.0000000000000000000 ) ) ;
#716 =( NAMED_UNIT ( * ) SI_UNIT ( $, .STERADIAN. ) SOLID_ANGLE_UNIT ( ) );
#717 =( LENGTH_UNIT ( ) NAMED_UNIT ( * ) SI_UNIT ( .MILLI., .METRE. ) );
#718 = ORIENTED_EDGE ( 'NONE', *, *, #3013, .F. ) ;
#719 = FACE_OUTER_BOUND ( 'NONE', #2784, .T. ) ;
#720 = VECTOR ( 'NONE', #1770, 1000.000000000000000 ) ;
#721 = EDGE_CURVE ( 'NONE', #3639, #2083, #1915, .T. ) ;
#722 = CARTESIAN_POINT ( 'NONE',  ( 78.00000000000000000, 20.00000000000000355, 67.99999999999990052 ) ) ;
#723 = EDGE_CURVE ( 'NONE', #1320, #2423, #4233, .T. ) ;
#724 = FACE_OUTER_BOUND ( 'NONE', #3412, .T. ) ;
#725 = EDGE_LOOP ( 'NONE', ( #1291, #868, #2960, #2676, #1597, #2749, #2374, #4645, #3007, #3809, #3312, #3452, #3869, #794, #2580, #1417, #2803, #2851, #3414, #3762 ) ) ;
#726 = ORIENTED_EDGE ( 'NONE', *, *, #4028, .T. ) ;
#727 = FILL_AREA_STYLE ('',( #386 ) ) ;
#728 = LINE ( 'NONE', #209, #2070 ) ;
#729 = EDGE_LOOP ( 'NONE', ( #1783, #2807, #2993, #4625 ) ) ;
#730 = EDGE_CURVE ( 'NONE', #1392, #1984, #26, .T. ) ;
#731 = DIRECTION ( 'NONE',  ( 0.0000000000000000000, 0.0000000000000000000, 1.000000000000000000 ) ) ;
#732 = VERTEX_POINT ( 'NONE', #70 ) ;
#733 = DIRECTION ( 'NONE',  ( 1.000000000000000000, 1.540743955509788682E-33, -1.982541115402069547E-16 ) ) ;
#734 = DIRECTION ( 'NONE',  ( -0.0000000000000000000, 1.000000000000000000, -0.0000000000000000000 ) ) ;
#735 = ORIENTED_EDGE ( 'NONE', *, *, #4171, .T. ) ;
#736 = VERTEX_POINT ( 'NONE', #3734 ) ;
#737 = DIRECTION ( 'NONE',  ( -1.000000000000000000, -0.0000000000000000000, 1.982541115402069301E-16 ) ) ;
#738 = VERTEX_POINT ( 'NONE', #4093 ) ;
#739 =( NAMED_UNIT ( * ) PLANE_ANGLE_UNIT ( ) SI_UNIT ( $, .RADIAN. ) );
#740 = DIRECTION ( 'NONE',  ( 0.0000000000000000000, 1.000000000000000000, 0.0000000000000000000 ) ) ;
#741 = ORIENTED_EDGE ( 'NONE', *, *, #2475, .T. ) ;
#742 = ADVANCED_FACE ( 'NONE', ( #4126 ), #1612, .F. ) ;
#743 = CARTESIAN_POINT ( 'NONE',  ( 90.00000000000000000, 1115.000000000000000, -42.50000000000004974 ) ) ;
#744 = APPLICATION_PROTOCOL_DEFINITION ( 'draft international standard', 'automotive_design', 1998, #50 ) ;
#745 = EDGE_CURVE ( 'NONE', #1398, #1881, #4584, .T. ) ;
#746 = CARTESIAN_POINT ( 'NONE',  ( -124.9999999999999716, 20.00000000000000000, 132.5000000000000000 ) ) ;
#747 = EDGE_CURVE ( 'NONE', #2437, #475, #728, .T. ) ;
#748 = EDGE_CURVE ( 'NONE', #2589, #3295, #1962, .T. ) ;
#749 = EDGE_LOOP ( 'NONE', ( #3531, #2353 ) ) ;
#750 = CARTESIAN_POINT ( 'NONE',  ( 124.9999999999999716, 20.00000000000000000, 34.49999999999998579 ) ) ;
#751 = AXIS2_PLACEMENT_3D ( 'NONE', #4617, #1341, #2777 ) ;
#752 = CARTESIAN_POINT ( 'NONE',  ( 125.0000000000000568, 1200.000000000000000, 115.0000000000000142 ) ) ;
#753 = ORIENTED_EDGE ( 'NONE', *, *, #2310, .F. ) ;
#754 = EDGE_CURVE ( 'NONE', #804, #604, #76, .T. ) ;
#755 = VERTEX_POINT ( 'NONE', #168 ) ;
#756 = DIRECTION ( 'NONE',  ( 1.000000000000000000, -0.0000000000000000000, -0.0000000000000000000 ) ) ;
#757 = DIRECTION ( 'NONE',  ( 0.0000000000000000000, -0.0000000000000000000, 1.000000000000000000 ) ) ;
#758 = FACE_BOUND ( 'NONE', #1725, .T. ) ;
#759 = FACE_OUTER_BOUND ( 'NONE', #908, .T. ) ;
#760 = AXIS2_PLACEMENT_3D ( 'NONE', #3158, #4306, #4612 ) ;
#761 = APPLICATION_CONTEXT ( 'automotive_design' ) ;
#762 = DIRECTION ( 'NONE',  ( -0.0000000000000000000, -1.000000000000000000, -0.0000000000000000000 ) ) ;
#763 = ORIENTED_EDGE ( 'NONE', *, *, #2865, .T. ) ;
#764 = PRESENTATION_STYLE_ASSIGNMENT (( #102 ) ) ;
#765 =( GEOMETRIC_REPRESENTATION_CONTEXT ( 3 ) GLOBAL_UNCERTAINTY_ASSIGNED_CONTEXT ( ( #154 ) ) GLOBAL_UNIT_ASSIGNED_CONTEXT ( ( #3512, #218, #1784 ) ) REPRESENTATION_CONTEXT ( 'NONE', 'WORKASPACE' ) );
#766 = DIRECTION ( 'NONE',  ( -0.0000000000000000000, 1.000000000000000000, -0.0000000000000000000 ) ) ;
#767 = PLANE ( 'NONE',  #1114 ) ;
#768 = CARTESIAN_POINT ( 'NONE',  ( -69.99999999999985789, 1180.000000000000000, -89.99999999999997158 ) ) ;
#769 = DIRECTION ( 'NONE',  ( 0.7071067811865455743, -0.0000000000000000000, 0.7071067811865493491 ) ) ;
#770 = CYLINDRICAL_SURFACE ( 'NONE', #1618, 7.500000000000007105 ) ;
#771 = ORIENTED_EDGE ( 'NONE', *, *, #2686, .F. ) ;
#772 = ORIENTED_EDGE ( 'NONE', *, *, #3130, .T. ) ;
#773 = CARTESIAN_POINT ( 'NONE',  ( 90.00000000000000000, 1115.000000000000000, 47.49999999999994316 ) ) ;
#774 = CARTESIAN_POINT ( 'NONE',  ( 90.00000000000000000, 220.0000000000000284, -7.500000000000013323 ) ) ;
#775 = VECTOR ( 'NONE', #934, 1000.000000000000000 ) ;
#776 = FACE_OUTER_BOUND ( 'NONE', #2720, .T. ) ;
#777 = DIRECTION ( 'NONE',  ( 1.155557966632341512E-33, 1.000000000000000000, 4.901829378616506198E-34 ) ) ;
#778 = ORIENTED_EDGE ( 'NONE', *, *, #1468, .T. ) ;
#779 = EDGE_CURVE ( 'NONE', #3306, #1304, #3672, .T. ) ;
#780 = DIRECTION ( 'NONE',  ( 1.000000000000000000, -1.423415318369273723E-33, -4.386237095914999934E-66 ) ) ;
#781 = EDGE_LOOP ( 'NONE', ( #919, #2707, #3335, #4407 ) ) ;
#782 = SURFACE_STYLE_FILL_AREA ( #662 ) ;
#783 = DIRECTION ( 'NONE',  ( 0.0000000000000000000, 0.0000000000000000000, 1.000000000000000000 ) ) ;
#784 = PLANE ( 'NONE',  #3896 ) ;
#785 = LINE ( 'NONE', #4355, #290 ) ;
#786 = CARTESIAN_POINT ( 'NONE',  ( -29.99999999999998579, 20.00000000000000000, 125.0000000000000284 ) ) ;
#787 = VERTEX_POINT ( 'NONE', #517 ) ;
#788 = VECTOR ( 'NONE', #655, 1000.000000000000000 ) ;
#789 = PRESENTATION_STYLE_ASSIGNMENT (( #4484 ) ) ;
#790 = CARTESIAN_POINT ( 'NONE',  ( 124.9999999999999716, 20.00000000000000000, 25.50000000000000711 ) ) ;
#791 = CYLINDRICAL_SURFACE ( 'NONE', #1279, 19.99999999999999645 ) ;
#792 = DIRECTION ( 'NONE',  ( 0.0000000000000000000, 0.0000000000000000000, 1.000000000000000000 ) ) ;
#794 = ORIENTED_EDGE ( 'NONE', *, *, #2283, .F. ) ;
#793 = CARTESIAN_POINT ( 'NONE',  ( 78.00000000000000000, 1180.000000000000000, 67.99999999999990052 ) ) ;
#795 = CARTESIAN_POINT ( 'NONE',  ( 4.999999999999227285, 20.00000000000000000, 295.0000000000000568 ) ) ;
#796 = ORIENTED_EDGE ( 'NONE', *, *, #3879, .T. ) ;
#797 = EDGE_LOOP ( 'NONE', ( #4054, #1591 ) ) ;
#798 = ADVANCED_FACE ( 'NONE', ( #3036, #1024, #1744, #2585, #3338, #3388, #1204, #2405, #2991, #3607, #610, #4177, #361, #3843 ), #4506, .T. ) ;
#799 = DIRECTION ( 'NONE',  ( -0.0000000000000000000, 1.000000000000000000, -0.0000000000000000000 ) ) ;
#800 = AXIS2_PLACEMENT_3D ( 'NONE', #878, #3404, #4163 ) ;
#801 = EDGE_LOOP ( 'NONE', ( #2556, #1371 ) ) ;
#802 = DIRECTION ( 'NONE',  ( 1.000000000000000000, -0.0000000000000000000, -0.0000000000000000000 ) ) ;
#803 = DIRECTION ( 'NONE',  ( 7.401486830834376525E-17, 1.000000000000000000, 0.0000000000000000000 ) ) ;
#804 = VERTEX_POINT ( 'NONE', #3381 ) ;
#805 = ORIENTED_EDGE ( 'NONE', *, *, #1873, .F. ) ;
#806 = CARTESIAN_POINT ( 'NONE',  ( 90.00000000000000000, 1200.000000000000000, 90.00000000000000000 ) ) ;
#807 = VERTEX_POINT ( 'NONE', #1565 ) ;
#808 = DIRECTION ( 'NONE',  ( -0.0000000000000000000, -1.000000000000000000, -0.0000000000000000000 ) ) ;
#809 = ORIENTED_EDGE ( 'NONE', *, *, #1479, .T. ) ;
#810 = ORIENTED_EDGE ( 'NONE', *, *, #3693, .T. ) ;
#811 = VERTEX_POINT ( 'NONE', #2996 ) ;
#812 = FILL_AREA_STYLE ('',( #1871 ) ) ;
#813 = FILL_AREA_STYLE ('',( #1562 ) ) ;
#814 = DIRECTION ( 'NONE',  ( 8.326672684688671588E-17, -1.000000000000000000, 1.222278229712028964E-17 ) ) ;
#815 = DIRECTION ( 'NONE',  ( 1.000000000000000000, -0.0000000000000000000, -0.0000000000000000000 ) ) ;
#816 = EDGE_CURVE ( 'NONE', #1280, #418, #1080, .T. ) ;
#817 = VERTEX_POINT ( 'NONE', #3397 ) ;
#818 = ORIENTED_EDGE ( 'NONE', *, *, #4239, .F. ) ;
#819 = CARTESIAN_POINT ( 'NONE',  ( 115.0000000000000711, 1180.000000000000000, -124.9999999999999432 ) ) ;
#820 =( NAMED_UNIT ( * ) PLANE_ANGLE_UNIT ( ) SI_UNIT ( $, .RADIAN. ) );
#821 = DIRECTION ( 'NONE',  ( -0.0000000000000000000, 1.000000000000000000, -0.0000000000000000000 ) ) ;
#822 = LINE ( 'NONE', #1169, #2964 ) ;
#823 = EDGE_CURVE ( 'NONE', #2517, #1058, #237, .T. ) ;
#824 = VERTEX_POINT ( 'NONE', #3759 ) ;
#825 = CARTESIAN_POINT ( 'NONE',  ( 70.00000000000000000, 1199.500000000000000, -92.00000000000000000 ) ) ;
#826 = CARTESIAN_POINT ( 'NONE',  ( 149.9999999999999716, 0.0000000000000000000, -139.9999999999999716 ) ) ;
#827 = ORIENTED_EDGE ( 'NONE', *, *, #1582, .T. ) ;
#828 = PRESENTATION_STYLE_ASSIGNMENT (( #1022 ) ) ;
#829 = DIRECTION ( 'NONE',  ( 0.0000000000000000000, 0.0000000000000000000, -1.000000000000000000 ) ) ;
#830 = VECTOR ( 'NONE', #777, 1000.000000000000000 ) ;
#831 = PRESENTATION_LAYER_ASSIGNMENT (  '', '', ( #1326 ) ) ;
#832 = CARTESIAN_POINT ( 'NONE',  ( 90.00000000000000000, 1155.000000000000000, -45.00000000000000000 ) ) ;
#833 = DIRECTION ( 'NONE',  ( 0.0000000000000000000, 0.0000000000000000000, 1.000000000000000000 ) ) ;
#834 = CARTESIAN_POINT ( 'NONE',  ( 7.500000000000000000, 220.0000000000000284, -89.99999999999997158 ) ) ;
#835 = LINE ( 'NONE', #790, #273 ) ;
#836 = VECTOR ( 'NONE', #3371, 1000.000000000000000 ) ;
#837 = DIRECTION ( 'NONE',  ( -0.0000000000000000000, 1.000000000000000000, -0.0000000000000000000 ) ) ;
#838 = EDGE_CURVE ( 'NONE', #2172, #3053, #2015, .T. ) ;
#839 = ORIENTED_EDGE ( 'NONE', *, *, #2814, .T. ) ;
#840 = VECTOR ( 'NONE', #2670, 1000.000000000000000 ) ;
#841 = FACE_OUTER_BOUND ( 'NONE', #3597, .T. ) ;
#842 = CARTESIAN_POINT ( 'NONE',  ( -67.99999999999991473, 1180.000000000000000, 78.00000000000000000 ) ) ;
#843 = DIRECTION ( 'NONE',  ( -0.0000000000000000000, 1.000000000000000000, -0.0000000000000000000 ) ) ;
#844 = MECHANICAL_DESIGN_GEOMETRIC_PRESENTATION_REPRESENTATION (  '', ( #224 ), #685 ) ;
#845 = LINE ( 'NONE', #1762, #4295 ) ;
#846 = VERTEX_POINT ( 'NONE', #4563 ) ;
#847 =( NAMED_UNIT ( * ) PLANE_ANGLE_UNIT ( ) SI_UNIT ( $, .RADIAN. ) );
#848 = VECTOR ( 'NONE', #769, 1000.000000000000114 ) ;
#849 = VERTEX_POINT ( 'NONE', #1271 ) ;
#850 = EDGE_CURVE ( 'NONE', #3435, #2534, #141, .T. ) ;
#851 = PLANE ( 'NONE',  #3179 ) ;
#852 = CARTESIAN_POINT ( 'NONE',  ( 0.0000000000000000000, 0.0000000000000000000, 0.0000000000000000000 ) ) ;
#853 = EDGE_LOOP ( 'NONE', ( #4669, #3522 ) ) ;
#854 = AXIS2_PLACEMENT_3D ( 'NONE', #4085, #4069, #1568 ) ;
#855 = EDGE_CURVE ( 'NONE', #3491, #1601, #4071, .T. ) ;
#856 = EDGE_CURVE ( 'NONE', #4155, #506, #464, .T. ) ;
#857 = CARTESIAN_POINT ( 'NONE',  ( 125.0000000000000568, 1180.000000000000000, 115.0000000000000142 ) ) ;
#858 = VERTEX_POINT ( 'NONE', #4123 ) ;
#859 = AXIS2_PLACEMENT_3D ( 'NONE', #71, #1525, #4360 ) ;
#860 = DIRECTION ( 'NONE',  ( -0.0000000000000000000, 1.000000000000000000, -0.0000000000000000000 ) ) ;
#861 = DIRECTION ( 'NONE',  ( -1.000000000000000000, 0.0000000000000000000, 1.020425574104005478E-16 ) ) ;
#862 = AXIS2_PLACEMENT_3D ( 'NONE', #4023, #1198, #130 ) ;
#863 = AXIS2_PLACEMENT_3D ( 'NONE', #331, #2146, #2857 ) ;
#864 = VERTEX_POINT ( 'NONE', #3443 ) ;
#865 = CARTESIAN_POINT ( 'NONE',  ( -140.0000000000000000, 19.99999999999998934, 7.500000000000013323 ) ) ;
#866 =( LENGTH_UNIT ( ) NAMED_UNIT ( * ) SI_UNIT ( .MILLI., .METRE. ) );
#867 = CARTESIAN_POINT ( 'NONE',  ( 78.00000000000000000, 1115.000000000000000, 47.49999999999994316 ) ) ;
#868 = ORIENTED_EDGE ( 'NONE', *, *, #1103, .F. ) ;
#869 = ORIENTED_EDGE ( 'NONE', *, *, #4606, .T. ) ;
#870 = DIRECTION ( 'NONE',  ( 1.850582702439379757E-34, 1.000000000000000000, 1.540743955509788340E-33 ) ) ;
#871 = DIRECTION ( 'NONE',  ( -1.850582702439379757E-34, -1.000000000000000000, 1.540743955509788682E-33 ) ) ;
#872 = ORIENTED_EDGE ( 'NONE', *, *, #1111, .F. ) ;
#873 = DIRECTION ( 'NONE',  ( 1.850371707708594316E-16, 0.0000000000000000000, 1.000000000000000000 ) ) ;
#874 = DIRECTION ( 'NONE',  ( 0.1961161351381840445, -0.9805806756909202226, -2.311115933264682682E-33 ) ) ;
#875 = EDGE_CURVE ( 'NONE', #2908, #1776, #1481, .T. ) ;
#876 = DIRECTION ( 'NONE',  ( 0.0000000000000000000, 0.0000000000000000000, 1.000000000000000000 ) ) ;
#877 = VERTEX_POINT ( 'NONE', #1659 ) ;
#878 = CARTESIAN_POINT ( 'NONE',  ( 77.99999999999998579, 1155.000000000000000, -45.00000000000000000 ) ) ;
#879 = VECTOR ( 'NONE', #3148, 1000.000000000000000 ) ;
#880 = CARTESIAN_POINT ( 'NONE',  ( -150.0000000000000284, 0.0000000000000000000, -139.9999999999999716 ) ) ;
#881 = SURFACE_STYLE_FILL_AREA ( #105 ) ;
#882 = EDGE_CURVE ( 'NONE', #3647, #1880, #3212, .T. ) ;
#883 = ORIENTED_EDGE ( 'NONE', *, *, #3879, .F. ) ;
#884 = EDGE_CURVE ( 'NONE', #755, #1949, #2643, .T. ) ;
#885 = UNCERTAINTY_MEASURE_WITH_UNIT (LENGTH_MEASURE( 1.000000000000000082E-05 ), #2672, 'distance_accuracy_value', 'NONE');
#886 = LINE ( 'NONE', #4253, #4215 ) ;
#887 = SURFACE_STYLE_FILL_AREA ( #2856 ) ;
#888 = ORIENTED_EDGE ( 'NONE', *, *, #3451, .T. ) ;
#889 = CARTESIAN_POINT ( 'NONE',  ( -114.9999999999999574, 1200.000000000000000, -124.9999999999999432 ) ) ;
#890 = CARTESIAN_POINT ( 'NONE',  ( 150.0000000000000568, -0.001000000000001000089, -7.499999999999475975 ) ) ;
#891 = COLOUR_RGB ( '',1.000000000000000000, 1.000000000000000000, 1.000000000000000000 ) ;
#892 = AXIS2_PLACEMENT_3D ( 'NONE', #3226, #2096, #4297 ) ;
#893 = ORIENTED_EDGE ( 'NONE', *, *, #3259, .F. ) ;
#894 = CARTESIAN_POINT ( 'NONE',  ( -70.00000000000000000, 1200.000000000000000, 98.50000000000000000 ) ) ;
#895 = VECTOR ( 'NONE', #2244, 1000.000000000000000 ) ;
#896 = VECTOR ( 'NONE', #3719, 1000.000000000000000 ) ;
#897 = VECTOR ( 'NONE', #2018, 1000.000000000000114 ) ;
#898 = DIRECTION ( 'NONE',  ( 0.0000000000000000000, 1.000000000000000000, 0.0000000000000000000 ) ) ;
#899 = ORIENTED_EDGE ( 'NONE', *, *, #2402, .T. ) ;
#900 = DIRECTION ( 'NONE',  ( 1.000000000000000000, 0.0000000000000000000, -6.033820786006285224E-17 ) ) ;
#901 = EDGE_CURVE ( 'NONE', #88, #162, #958, .T. ) ;
#902 = AXIS2_PLACEMENT_3D ( 'NONE', #3277, #1792, #377 ) ;
#903 = VECTOR ( 'NONE', #1223, 1000.000000000000000 ) ;
#904 = CYLINDRICAL_SURFACE ( 'NONE', #2448, 9.999999999999994671 ) ;
#905 = CYLINDRICAL_SURFACE ( 'NONE', #4652, 62.50000000000000000 ) ;
#906 = CARTESIAN_POINT ( 'NONE',  ( -124.9999999999999716, 20.00000000000000000, -30.00000000000000000 ) ) ;
#907 = DIRECTION ( 'NONE',  ( 0.0000000000000000000, 0.0000000000000000000, 1.000000000000000000 ) ) ;
#908 = EDGE_LOOP ( 'NONE', ( #479, #1961, #1109, #2302 ) ) ;
#909 = VECTOR ( 'NONE', #3240, 1000.000000000000000 ) ;
#910 = EDGE_CURVE ( 'NONE', #1550, #4240, #3836, .T. ) ;
#911 = VERTEX_POINT ( 'NONE', #4597 ) ;
#912 = EDGE_CURVE ( 'NONE', #374, #736, #3730, .T. ) ;
#913 = DIRECTION ( 'NONE',  ( 0.0000000000000000000, 1.000000000000000000, 0.0000000000000000000 ) ) ;
#914 = DIRECTION ( 'NONE',  ( 0.0000000000000000000, 0.0000000000000000000, 1.000000000000000000 ) ) ;
#915 = VERTEX_POINT ( 'NONE', #2003 ) ;
#916 = ORIENTED_EDGE ( 'NONE', *, *, #277, .T. ) ;
#917 = AXIS2_PLACEMENT_3D ( 'NONE', #3521, #244, #1383 ) ;
#918 = DIRECTION ( 'NONE',  ( 1.000000000000000000, 3.421138828918010427E-49, -1.982541115402068808E-16 ) ) ;
#919 = ORIENTED_EDGE ( 'NONE', *, *, #2905, .T. ) ;
#920 = CARTESIAN_POINT ( 'NONE',  ( -124.9999999999999716, 20.00000000000000000, 30.00000000000000000 ) ) ;
#921 = CARTESIAN_POINT ( 'NONE',  ( 150.0000000000000284, 0.0000000000000000000, 139.9999999999999716 ) ) ;
#922 = ORIENTED_EDGE ( 'NONE', *, *, #1705, .T. ) ;
#923 = CARTESIAN_POINT ( 'NONE',  ( 124.9999999999999716, 20.00000000000000000, 25.50000000000000711 ) ) ;
#924 = AXIS2_PLACEMENT_3D ( 'NONE', #938, #3888, #4191 ) ;
#925 = CARTESIAN_POINT ( 'NONE',  ( 90.00000000000000000, 19.99999999999998934, -7.500000000000013323 ) ) ;
#926 = CARTESIAN_POINT ( 'NONE',  ( -67.99999999999991473, 1180.000000000000000, 78.00000000000000000 ) ) ;
#927 = EDGE_CURVE ( 'NONE', #1304, #1650, #2235, .T. ) ;
#928 = ORIENTED_EDGE ( 'NONE', *, *, #2845, .F. ) ;
#929 = DIRECTION ( 'NONE',  ( 0.0000000000000000000, 1.000000000000000000, 0.0000000000000000000 ) ) ;
#930 = CARTESIAN_POINT ( 'NONE',  ( -150.0000000000000284, 0.0000000000000000000, -7.500000000001685763 ) ) ;
#931 = ORIENTED_EDGE ( 'NONE', *, *, #601, .F. ) ;
#932 = COLOUR_RGB ( '',1.000000000000000000, 1.000000000000000000, 1.000000000000000000 ) ;
#933 = ORIENTED_EDGE ( 'NONE', *, *, #1462, .F. ) ;
#934 = DIRECTION ( 'NONE',  ( -0.0000000000000000000, 1.000000000000000000, -0.0000000000000000000 ) ) ;
#935 = EDGE_CURVE ( 'NONE', #3291, #4548, #2984, .T. ) ;
#936 = AXIS2_PLACEMENT_3D ( 'NONE', #1935, #2291, #4170 ) ;
#937 = EDGE_CURVE ( 'NONE', #2126, #1819, #3086, .T. ) ;
#938 = CARTESIAN_POINT ( 'NONE',  ( -30.00000000000001421, 0.0000000000000000000, -125.0000000000000000 ) ) ;
#939 = CIRCLE ( 'NONE', #1048, 3.500000000000003109 ) ;
#940 = ORIENTED_EDGE ( 'NONE', *, *, #3701, .F. ) ;
#941 =( LENGTH_UNIT ( ) NAMED_UNIT ( * ) SI_UNIT ( .MILLI., .METRE. ) );
#942 = EDGE_LOOP ( 'NONE', ( #2186, #3619, #2333, #4419 ) ) ;
#943 = EDGE_CURVE ( 'NONE', #2630, #3288, #1909, .T. ) ;
#944 = ADVANCED_FACE ( 'NONE', ( #3202 ), #2416, .F. ) ;
#945 = ORIENTED_EDGE ( 'NONE', *, *, #3592, .F. ) ;
#946 = DIRECTION ( 'NONE',  ( 0.0000000000000000000, 0.0000000000000000000, 1.000000000000000000 ) ) ;
#947 = EDGE_LOOP ( 'NONE', ( #4196, #1176, #3094, #2667 ) ) ;
#948 = VECTOR ( 'NONE', #873, 1000.000000000000000 ) ;
#949 = AXIS2_PLACEMENT_3D ( 'NONE', #2156, #2553, #3575 ) ;
#950 = ORIENTED_EDGE ( 'NONE', *, *, #1197, .T. ) ;
#951 = CARTESIAN_POINT ( 'NONE',  ( -90.00000000000000000, 19.99999999999998934, -7.499999999999985789 ) ) ;
#952 = CARTESIAN_POINT ( 'NONE',  ( 140.0000000000000000, 0.0000000000000000000, -150.0000000000000000 ) ) ;
#953 = LINE ( 'NONE', #3413, #1793 ) ;
#954 = DIRECTION ( 'NONE',  ( -1.000000000000000000, 0.0000000000000000000, 1.020425574104005478E-16 ) ) ;
#955 = PRESENTATION_STYLE_ASSIGNMENT (( #359 ) ) ;
#956 = LINE ( 'NONE', #2140, #1687 ) ;
#957 = ORIENTED_EDGE ( 'NONE', *, *, #2594, .T. ) ;
#958 = CIRCLE ( 'NONE', #1391, 2.499999999999946709 ) ;
#959 = DIRECTION ( 'NONE',  ( -0.0000000000000000000, 1.000000000000000000, -0.0000000000000000000 ) ) ;
#960 = DIRECTION ( 'NONE',  ( 1.000000000000000000, 1.540743955509788682E-33, -1.982541115402069547E-16 ) ) ;
#961 = VECTOR ( 'NONE', #4501, 1000.000000000000000 ) ;
#962 = CYLINDRICAL_SURFACE ( 'NONE', #1824, 3.399999999999986144 ) ;
#963 = FACE_OUTER_BOUND ( 'NONE', #3390, .T. ) ;
#964 = ORIENTED_EDGE ( 'NONE', *, *, #1930, .F. ) ;
#965 = VERTEX_POINT ( 'NONE', #2079 ) ;
#966 = DIRECTION ( 'NONE',  ( 0.0000000000000000000, 0.0000000000000000000, 1.000000000000000000 ) ) ;
#967 = DIRECTION ( 'NONE',  ( -7.401486830834376525E-17, -1.000000000000000000, -0.0000000000000000000 ) ) ;
#968 = EDGE_CURVE ( 'NONE', #1596, #1730, #514, .T. ) ;
#969 = UNCERTAINTY_MEASURE_WITH_UNIT (LENGTH_MEASURE( 1.000000000000000082E-05 ), #3805, 'distance_accuracy_value', 'NONE');
#970 = ORIENTED_EDGE ( 'NONE', *, *, #748, .T. ) ;
#971 = VERTEX_POINT ( 'NONE', #994 ) ;
#972 = ADVANCED_FACE ( 'NONE', ( #4342 ), #2462, .F. ) ;
#973 = EDGE_CURVE ( 'NONE', #587, #1178, #2757, .T. ) ;
#974 = SURFACE_SIDE_STYLE ('',( #1849 ) ) ;
#975 = DIRECTION ( 'NONE',  ( -0.0000000000000000000, 1.000000000000000000, -0.0000000000000000000 ) ) ;
#976 = DIRECTION ( 'NONE',  ( 0.0000000000000000000, 0.0000000000000000000, 1.000000000000000000 ) ) ;
#977 = ORIENTED_EDGE ( 'NONE', *, *, #2925, .F. ) ;
#978 = EDGE_CURVE ( 'NONE', #3463, #1595, #1690, .T. ) ;
#979 = SURFACE_SIDE_STYLE ('',( #512 ) ) ;
#980 = DIRECTION ( 'NONE',  ( 0.0000000000000000000, -3.081487911019577365E-33, 1.000000000000000000 ) ) ;
#981 = ORIENTED_EDGE ( 'NONE', *, *, #2310, .T. ) ;
#982 = DIRECTION ( 'NONE',  ( -0.0000000000000000000, 1.000000000000000000, -0.0000000000000000000 ) ) ;
#983 = CARTESIAN_POINT ( 'NONE',  ( -140.0000000000000000, 0.0000000000000000000, 150.0000000000000000 ) ) ;
#984 = CARTESIAN_POINT ( 'NONE',  ( -7.500000000000007105, 19.99999999999994671, -139.9999999999999716 ) ) ;
#985 = ORIENTED_EDGE ( 'NONE', *, *, #4365, .T. ) ;
#986 = DIRECTION ( 'NONE',  ( 1.000000000000000000, -0.0000000000000000000, -0.0000000000000000000 ) ) ;
#987 = VERTEX_POINT ( 'NONE', #5 ) ;
#988 = CARTESIAN_POINT ( 'NONE',  ( 69.99999999999985789, 1180.000000000000000, 89.99999999999997158 ) ) ;
#989 = ORIENTED_EDGE ( 'NONE', *, *, #3630, .T. ) ;
#990 = EDGE_CURVE ( 'NONE', #3426, #3306, #845, .T. ) ;
#991 = PRESENTATION_LAYER_ASSIGNMENT (  '', '', ( #1188 ) ) ;
#992 = VECTOR ( 'NONE', #87, 1000.000000000000000 ) ;
#993 = EDGE_LOOP ( 'NONE', ( #3835, #4087, #1287, #1092 ) ) ;
#994 = CARTESIAN_POINT ( 'NONE',  ( -70.00000000000000000, 1199.500000000000000, 98.00000000000000000 ) ) ;
#995 = DIRECTION ( 'NONE',  ( 0.0000000000000000000, 0.0000000000000000000, 1.000000000000000000 ) ) ;
#996 = PLANE ( 'NONE',  #1912 ) ;
#997 = CIRCLE ( 'NONE', #2225, 7.500000000000007105 ) ;
#998 = CARTESIAN_POINT ( 'NONE',  ( 7.500000000000000000, 220.0000000000000284, 90.00000000000000000 ) ) ;
#999 = EDGE_CURVE ( 'NONE', #1712, #4202, #2359, .T. ) ;
#1000 = FACE_OUTER_BOUND ( 'NONE', #993, .T. ) ;
#1001 = EDGE_CURVE ( 'NONE', #2820, #158, #1799, .T. ) ;
#1002 = MECHANICAL_DESIGN_GEOMETRIC_PRESENTATION_REPRESENTATION (  '', ( #3756 ), #3910 ) ;
#1003 = ORIENTED_EDGE ( 'NONE', *, *, #1172, .F. ) ;
#1004 = LINE ( 'NONE', #3347, #2804 ) ;
#1005 = FILL_AREA_STYLE_COLOUR ( '', #4565 ) ;
#1006 = DIRECTION ( 'NONE',  ( 0.0000000000000000000, 0.0000000000000000000, 1.000000000000000000 ) ) ;
#1007 = CARTESIAN_POINT ( 'NONE',  ( 124.9999999999999716, 20.00000000000000000, 117.5000000000000000 ) ) ;
#1008 = EDGE_CURVE ( 'NONE', #1712, #1456, #4463, .T. ) ;
#1009 = ORIENTED_EDGE ( 'NONE', *, *, #4053, .F. ) ;
#1010 = FACE_OUTER_BOUND ( 'NONE', #1639, .T. ) ;
#1011 = CYLINDRICAL_SURFACE ( 'NONE', #2624, 9.999999999999994671 ) ;
#1012 = DIRECTION ( 'NONE',  ( 0.0000000000000000000, 0.0000000000000000000, 1.000000000000000000 ) ) ;
#1013 = DIRECTION ( 'NONE',  ( -0.0000000000000000000, -0.0000000000000000000, 1.000000000000000000 ) ) ;
#1014 = ORIENTED_EDGE ( 'NONE', *, *, #2154, .T. ) ;
#1015 = COLOUR_RGB ( '',1.000000000000000000, 1.000000000000000000, 1.000000000000000000 ) ;
#1016 = AXIS2_PLACEMENT_3D ( 'NONE', #4546, #2425, #2747 ) ;
#1017 = VECTOR ( 'NONE', #4540, 1000.000000000000000 ) ;
#1018 = CARTESIAN_POINT ( 'NONE',  ( -7.500000000000000000, 220.0000000000000284, 89.99999999999998579 ) ) ;
#1019 = STYLED_ITEM ( 'NONE', ( #3611 ), #4305 ) ;
#1020 = DIRECTION ( 'NONE',  ( 2.465190328815661892E-32, -4.901829378616506198E-34, -1.000000000000000000 ) ) ;
#1021 = ORIENTED_EDGE ( 'NONE', *, *, #2006, .T. ) ;
#1022 = SURFACE_STYLE_USAGE ( .BOTH. , #1708 ) ;
#1023 = DIRECTION ( 'NONE',  ( -1.000000000000000000, 0.0000000000000000000, -0.0000000000000000000 ) ) ;
#1024 = FACE_BOUND ( 'NONE', #2316, .T. ) ;
#1025 = ADVANCED_FACE ( 'NONE', ( #2130 ), #271, .F. ) ;
#1026 = LINE ( 'NONE', #65, #909 ) ;
#1027 = CARTESIAN_POINT ( 'NONE',  ( 115.0000000000000711, 1180.000000000000000, 125.0000000000000000 ) ) ;
#1028 = DIRECTION ( 'NONE',  ( -1.000000000000000000, 1.423415318369273723E-33, 0.0000000000000000000 ) ) ;
#1029 = AXIS2_PLACEMENT_3D ( 'NONE', #2369, #4539, #2350 ) ;
#1030 = ORIENTED_EDGE ( 'NONE', *, *, #1721, .T. ) ;
#1031 = DIRECTION ( 'NONE',  ( -0.0000000000000000000, 1.000000000000000000, -0.0000000000000000000 ) ) ;
#1032 = DIRECTION ( 'NONE',  ( 0.0000000000000000000, 0.0000000000000000000, 1.000000000000000000 ) ) ;
#1033 = CARTESIAN_POINT ( 'NONE',  ( 7.500000000000000000, 20.00000000000003197, 89.99999999999998579 ) ) ;
#1034 = DIRECTION ( 'NONE',  ( -7.401486830834376525E-17, -1.000000000000000000, -0.0000000000000000000 ) ) ;
#1035 = UNCERTAINTY_MEASURE_WITH_UNIT (LENGTH_MEASURE( 1.000000000000000082E-05 ), #866, 'distance_accuracy_value', 'NONE');
#1036 = EDGE_CURVE ( 'NONE', #1881, #462, #1085, .T. ) ;
#1037 = ORIENTED_EDGE ( 'NONE', *, *, #3594, .F. ) ;
#1038 = DIRECTION ( 'NONE',  ( -0.0000000000000000000, 1.000000000000000000, -0.0000000000000000000 ) ) ;
#1039 = CARTESIAN_POINT ( 'NONE',  ( -114.9999999999999574, 1200.000000000000000, -124.9999999999999432 ) ) ;
#1040 =( NAMED_UNIT ( * ) PLANE_ANGLE_UNIT ( ) SI_UNIT ( $, .RADIAN. ) );
#1041 = EDGE_CURVE ( 'NONE', #3866, #3559, #4576, .T. ) ;
#1042 = EDGE_CURVE ( 'NONE', #1168, #467, #245, .T. ) ;
#1043 = ORIENTED_EDGE ( 'NONE', *, *, #657, .F. ) ;
#1044 = CARTESIAN_POINT ( 'NONE',  ( -124.9999999999999432, 1180.000000000000000, -114.9999999999999574 ) ) ;
#1045 = ORIENTED_EDGE ( 'NONE', *, *, #4349, .F. ) ;
#1046 = DIRECTION ( 'NONE',  ( -0.0000000000000000000, 1.000000000000000000, -0.0000000000000000000 ) ) ;
#1047 = ADVANCED_FACE ( 'NONE', ( #724 ), #2352, .F. ) ;
#1048 = AXIS2_PLACEMENT_3D ( 'NONE', #4243, #982, #2432 ) ;
#1049 = CARTESIAN_POINT ( 'NONE',  ( 7.500000000000000000, 20.00000000000000000, -150.0000000000000284 ) ) ;
#1050 = DIRECTION ( 'NONE',  ( -0.0000000000000000000, 1.000000000000000000, -0.0000000000000000000 ) ) ;
#1051 = MECHANICAL_DESIGN_GEOMETRIC_PRESENTATION_REPRESENTATION (  '', ( #2601 ), #208 ) ;
#1052 = ORIENTED_EDGE ( 'NONE', *, *, #4521, .T. ) ;
#1053 = CARTESIAN_POINT ( 'NONE',  ( 7.499999999999994671, 220.0000000000000284, -109.9999999999999858 ) ) ;
#1054 = DIRECTION ( 'NONE',  ( 0.0000000000000000000, 1.000000000000000000, 0.0000000000000000000 ) ) ;
#1055 = DIRECTION ( 'NONE',  ( -0.0000000000000000000, 1.000000000000000000, -0.0000000000000000000 ) ) ;
#1056 = ORIENTED_EDGE ( 'NONE', *, *, #3966, .T. ) ;
#1057 = LINE ( 'NONE', #4197, #644 ) ;
#1058 = VERTEX_POINT ( 'NONE', #1823 ) ;
#1059 = CARTESIAN_POINT ( 'NONE',  ( 124.9999999999999716, 0.0000000000000000000, -30.00000000000000000 ) ) ;
#1060 = CARTESIAN_POINT ( 'NONE',  ( -124.9999999999999716, 20.00000000000000000, 117.5000000000000142 ) ) ;
#1061 = DIRECTION ( 'NONE',  ( 0.0000000000000000000, 0.0000000000000000000, 1.000000000000000000 ) ) ;
#1062 = VECTOR ( 'NONE', #3175, 1000.000000000000000 ) ;
#1063 = ORIENTED_EDGE ( 'NONE', *, *, #349, .T. ) ;
#1064 = PRESENTATION_LAYER_ASSIGNMENT (  '', '', ( #4138 ) ) ;
#1065 = PLANE ( 'NONE',  #3686 ) ;
#1066 = SURFACE_STYLE_USAGE ( .BOTH. , #4333 ) ;
#1067 = SURFACE_STYLE_FILL_AREA ( #2513 ) ;
#1068 = ADVANCED_FACE ( 'NONE', ( #2523 ), #4586, .F. ) ;
#1069 = VECTOR ( 'NONE', #2969, 1000.000000000000114 ) ;
#1070 = ORIENTED_EDGE ( 'NONE', *, *, #1093, .F. ) ;
#1071 = FACE_OUTER_BOUND ( 'NONE', #2345, .T. ) ;
#1072 = CIRCLE ( 'NONE', #4164, 7.500000000000007105 ) ;
#1073 = DIRECTION ( 'NONE',  ( -1.850371707708594316E-16, 0.0000000000000000000, -1.000000000000000000 ) ) ;
#1074 = DIRECTION ( 'NONE',  ( 4.386237095914999934E-66, 3.081487911019577365E-33, -1.000000000000000000 ) ) ;
#1075 = FACE_OUTER_BOUND ( 'NONE', #4631, .T. ) ;
#1076 = LINE ( 'NONE', #4282, #3323 ) ;
#1077 = EDGE_CURVE ( 'NONE', #2696, #2908, #3326, .T. ) ;
#1078 = EDGE_CURVE ( 'NONE', #3958, #2326, #1532, .T. ) ;
#1079 = EDGE_LOOP ( 'NONE', ( #2848, #1513, #2913, #2074 ) ) ;
#1080 = LINE ( 'NONE', #2267, #2123 ) ;
#1081 = CARTESIAN_POINT ( 'NONE',  ( -68.00000000000000000, 1180.000000000000000, -67.99999999999998579 ) ) ;
#1082 = LINE ( 'NONE', #177, #961 ) ;
#1083 = CIRCLE ( 'NONE', #3924, 7.500000000000007105 ) ;
#1084 =( GEOMETRIC_REPRESENTATION_CONTEXT ( 3 ) GLOBAL_UNCERTAINTY_ASSIGNED_CONTEXT ( ( #3127 ) ) GLOBAL_UNIT_ASSIGNED_CONTEXT ( ( #941, #1348, #3511 ) ) REPRESENTATION_CONTEXT ( 'NONE', 'WORKASPACE' ) );
#1085 = LINE ( 'NONE', #3919, #3957 ) ;
#1086 = VERTEX_POINT ( 'NONE', #1857 ) ;
#1087 = DIRECTION ( 'NONE',  ( -0.0000000000000000000, 1.000000000000000000, -0.0000000000000000000 ) ) ;
#1088 = VECTOR ( 'NONE', #2251, 1000.000000000000000 ) ;
#1089 = CARTESIAN_POINT ( 'NONE',  ( -124.9999999999999716, 20.00000000000000000, 33.39999999999999858 ) ) ;
#1090 = FILL_AREA_STYLE_COLOUR ( '', #3900 ) ;
#1091 = AXIS2_PLACEMENT_3D ( 'NONE', #2300, #1289, #1952 ) ;
#1092 = ORIENTED_EDGE ( 'NONE', *, *, #1292, .T. ) ;
#1093 = EDGE_CURVE ( 'NONE', #2086, #623, #4348, .T. ) ;
#1094 = ORIENTED_EDGE ( 'NONE', *, *, #1407, .T. ) ;
#1095 = CARTESIAN_POINT ( 'NONE',  ( 90.00000000000000000, 1200.000000000000000, -90.00000000000000000 ) ) ;
#1096 = CARTESIAN_POINT ( 'NONE',  ( 145.0000000000000284, 20.00000000000000000, 145.0000000000000000 ) ) ;
#1097 = ADVANCED_FACE ( 'NONE', ( #2587 ), #904, .F. ) ;
#1098 = AXIS2_PLACEMENT_3D ( 'NONE', #3427, #1282, #3792 ) ;
#1099 = CARTESIAN_POINT ( 'NONE',  ( -142.5000000000000568, 20.00000000000000000, -1.492608272355440021E-12 ) ) ;
#1100 = ADVANCED_FACE ( 'NONE', ( #3393 ), #2544, .F. ) ;
#1101 = CARTESIAN_POINT ( 'NONE',  ( 142.5000000000000568, 0.0000000000000000000, 4.975360907851466735E-13 ) ) ;
#1102 = VERTEX_POINT ( 'NONE', #1155 ) ;
#1103 = EDGE_CURVE ( 'NONE', #390, #2366, #3737, .T. ) ;
#1104 = EDGE_CURVE ( 'NONE', #2941, #475, #2414, .T. ) ;
#1105 = VERTEX_POINT ( 'NONE', #3276 ) ;
#1106 = DIRECTION ( 'NONE',  ( -0.0000000000000000000, 1.000000000000000000, -0.0000000000000000000 ) ) ;
#1107 = AXIS2_PLACEMENT_3D ( 'NONE', #2808, #1087, #4321 ) ;
#1108 = DIRECTION ( 'NONE',  ( 0.0000000000000000000, 0.0000000000000000000, -1.000000000000000000 ) ) ;
#1109 = ORIENTED_EDGE ( 'NONE', *, *, #1813, .T. ) ;
#1110 = EDGE_CURVE ( 'NONE', #1595, #2630, #3446, .T. ) ;
#1111 = EDGE_CURVE ( 'NONE', #4441, #4089, #1643, .T. ) ;
#1112 = CARTESIAN_POINT ( 'NONE',  ( 90.00000000000000000, 1115.000000000000000, 45.00000000000000000 ) ) ;
#1113 = DIRECTION ( 'NONE',  ( 0.0000000000000000000, 3.081487911019577365E-33, -1.000000000000000000 ) ) ;
#1114 = AXIS2_PLACEMENT_3D ( 'NONE', #692, #2861, #3579 ) ;
#1115 = DIRECTION ( 'NONE',  ( -0.0000000000000000000, 1.000000000000000000, -0.0000000000000000000 ) ) ;
#1116 = AXIS2_PLACEMENT_3D ( 'NONE', #255, #2762, #596 ) ;
#1117 = ADVANCED_FACE ( 'NONE', ( #3272 ), #669, .F. ) ;
#1118 = VECTOR ( 'NONE', #1574, 1000.000000000000000 ) ;
#1119 = LINE ( 'NONE', #4044, #1834 ) ;
#1120 = CLOSED_SHELL ( 'NONE', ( #704, #3831, #4670, #972, #3456, #944, #2443 ) ) ;
#1121 = DIRECTION ( 'NONE',  ( -0.0000000000000000000, 1.000000000000000000, -0.0000000000000000000 ) ) ;
#1122 = DIRECTION ( 'NONE',  ( -0.0000000000000000000, 1.000000000000000000, -0.0000000000000000000 ) ) ;
#1123 = CIRCLE ( 'NONE', #4527, 2.499999999999946709 ) ;
#1124 = UNCERTAINTY_MEASURE_WITH_UNIT (LENGTH_MEASURE( 1.000000000000000082E-05 ), #3857, 'distance_accuracy_value', 'NONE');
#1125 = VECTOR ( 'NONE', #1283, 1000.000000000000000 ) ;
#1126 = DIRECTION ( 'NONE',  ( 0.0000000000000000000, 1.000000000000000000, 0.0000000000000000000 ) ) ;
#1127 = FACE_OUTER_BOUND ( 'NONE', #3139, .T. ) ;
#1128 = DIRECTION ( 'NONE',  ( 0.0000000000000000000, 0.0000000000000000000, -1.000000000000000000 ) ) ;
#1129 = CARTESIAN_POINT ( 'NONE',  ( 90.00000000000000000, 1200.000000000000000, 90.00000000000000000 ) ) ;
#1130 = DIRECTION ( 'NONE',  ( 0.0000000000000000000, 0.0000000000000000000, 1.000000000000000000 ) ) ;
#1131 = CARTESIAN_POINT ( 'NONE',  ( 69.99999999999985789, 1180.000000000000000, -90.00000000000000000 ) ) ;
#1132 = CIRCLE ( 'NONE', #2954, 5.099999999999993427 ) ;
#1133 = ORIENTED_EDGE ( 'NONE', *, *, #4294, .F. ) ;
#1134 = LINE ( 'NONE', #3705, #3776 ) ;
#1135 = PRESENTATION_STYLE_ASSIGNMENT (( #2337 ) ) ;
#1136 = CYLINDRICAL_SURFACE ( 'NONE', #3769, 7.499999999999992895 ) ;
#1137 = DIRECTION ( 'NONE',  ( -3.081487911019576681E-33, 1.540743955509788682E-33, 1.000000000000000000 ) ) ;
#1138 = EDGE_CURVE ( 'NONE', #1102, #214, #2301, .T. ) ;
#1139 = VECTOR ( 'NONE', #636, 1000.000000000000000 ) ;
#1140 = ORIENTED_EDGE ( 'NONE', *, *, #1111, .T. ) ;
#1141 = EDGE_CURVE ( 'NONE', #4075, #811, #2473, .T. ) ;
#1142 = PLANE ( 'NONE',  #859 ) ;
#1143 = ORIENTED_EDGE ( 'NONE', *, *, #2999, .F. ) ;
#1144 = VECTOR ( 'NONE', #352, 1000.000000000000000 ) ;
#1145 = COLOUR_RGB ( '',1.000000000000000000, 1.000000000000000000, 1.000000000000000000 ) ;
#1146 = ORIENTED_EDGE ( 'NONE', *, *, #260, .T. ) ;
#1147 = DIRECTION ( 'NONE',  ( -0.0000000000000000000, 1.000000000000000000, -0.0000000000000000000 ) ) ;
#1148 = PLANE ( 'NONE',  #4511 ) ;
#1149 = FACE_OUTER_BOUND ( 'NONE', #580, .T. ) ;
#1150 = AXIS2_PLACEMENT_3D ( 'NONE', #2949, #2561, #3211 ) ;
#1151 = LINE ( 'NONE', #795, #848 ) ;
#1152 = AXIS2_PLACEMENT_3D ( 'NONE', #1182, #2262, #474 ) ;
#1153 = CARTESIAN_POINT ( 'NONE',  ( 149.9999999999999716, 20.00000000000000000, -139.9999999999999716 ) ) ;
#1154 = ORIENTED_EDGE ( 'NONE', *, *, #378, .F. ) ;
#1155 = CARTESIAN_POINT ( 'NONE',  ( -62.50000000000002842, 1200.000000000000000, 7.654042494670957804E-15 ) ) ;
#1156 = CARTESIAN_POINT ( 'NONE',  ( 7.500000000000016875, -4.163336342344337027E-14, 8.326672684688674053E-14 ) ) ;
#1157 = ORIENTED_EDGE ( 'NONE', *, *, #779, .F. ) ;
#1158 = CARTESIAN_POINT ( 'NONE',  ( 7.500000000000005329, 220.0000000000000284, 109.9999999999999858 ) ) ;
#1159 = ORIENTED_EDGE ( 'NONE', *, *, #4451, .T. ) ;
#1160 = DIRECTION ( 'NONE',  ( -0.0000000000000000000, 1.000000000000000000, -0.0000000000000000000 ) ) ;
#1161 = CARTESIAN_POINT ( 'NONE',  ( -124.9999999999999432, 1200.000000000000000, 115.0000000000000426 ) ) ;
#1162 = DIRECTION ( 'NONE',  ( 0.0000000000000000000, 0.0000000000000000000, 1.000000000000000000 ) ) ;
#1163 = AXIS2_PLACEMENT_3D ( 'NONE', #3345, #1548, #833 ) ;
#1164 = EDGE_CURVE ( 'NONE', #4068, #4096, #294, .T. ) ;
#1165 = ORIENTED_EDGE ( 'NONE', *, *, #816, .F. ) ;
#1166 = FACE_OUTER_BOUND ( 'NONE', #3633, .T. ) ;
#1167 = CARTESIAN_POINT ( 'NONE',  ( -29.99999999999998579, 0.0000000000000000000, 125.0000000000000284 ) ) ;
#1168 = VERTEX_POINT ( 'NONE', #4103 ) ;
#1169 = CARTESIAN_POINT ( 'NONE',  ( 90.00000000000000000, 1155.000000000000000, -42.50000000000004974 ) ) ;
#1170 = DIRECTION ( 'NONE',  ( 0.0000000000000000000, 1.000000000000000000, 0.0000000000000000000 ) ) ;
#1171 = PRODUCT_CONTEXT ( 'NONE', #50, 'mechanical' ) ;
#1172 = EDGE_CURVE ( 'NONE', #1588, #1880, #4640, .T. ) ;
#1173 = ADVANCED_FACE ( 'NONE', ( #1149 ), #4408, .F. ) ;
#1174 = EDGE_LOOP ( 'NONE', ( #2324, #2204, #2249, #1336 ) ) ;
#1175 = ADVANCED_FACE ( 'NONE', ( #414 ), #3037, .F. ) ;
#1176 = ORIENTED_EDGE ( 'NONE', *, *, #4358, .T. ) ;
#1177 = FACE_OUTER_BOUND ( 'NONE', #2138, .T. ) ;
#1178 = VERTEX_POINT ( 'NONE', #217 ) ;
#1179 = DIRECTION ( 'NONE',  ( 0.0000000000000000000, 0.0000000000000000000, -1.000000000000000000 ) ) ;
#1180 = AXIS2_PLACEMENT_3D ( 'NONE', #2773, #607, #3500 ) ;
#1181 = MECHANICAL_DESIGN_GEOMETRIC_PRESENTATION_REPRESENTATION (  '', ( #3287 ), #2367 ) ;
#1182 = CARTESIAN_POINT ( 'NONE',  ( -69.99999999999998579, 1180.000000000000000, -69.99999999999997158 ) ) ;
#1183 = ORIENTED_EDGE ( 'NONE', *, *, #1947, .T. ) ;
#1184 = DIRECTION ( 'NONE',  ( -0.0000000000000000000, 1.000000000000000000, -0.0000000000000000000 ) ) ;
#1185 = EDGE_CURVE ( 'NONE', #2534, #3435, #4011, .T. ) ;
#1186 = LINE ( 'NONE', #279, #2277 ) ;
#1187 = VECTOR ( 'NONE', #3120, 1000.000000000000000 ) ;
#1188 = STYLED_ITEM ( 'NONE', ( #444 ), #2427 ) ;
#1189 = ORIENTED_EDGE ( 'NONE', *, *, #3101, .F. ) ;
#1190 = PLANE ( 'NONE',  #854 ) ;
#1191 = CARTESIAN_POINT ( 'NONE',  ( 7.500000000000000000, 20.00000000000003197, 89.99999999999998579 ) ) ;
#1192 = VECTOR ( 'NONE', #4275, 1000.000000000000114 ) ;
#1193 = ADVANCED_FACE ( 'NONE', ( #1590 ), #2293, .F. ) ;
#1194 = FACE_OUTER_BOUND ( 'NONE', #2479, .T. ) ;
#1195 = VECTOR ( 'NONE', #4555, 1000.000000000000000 ) ;
#1196 = ORIENTED_EDGE ( 'NONE', *, *, #1479, .F. ) ;
#1197 = EDGE_CURVE ( 'NONE', #971, #3639, #3955, .T. ) ;
#1198 = DIRECTION ( 'NONE',  ( 1.000000000000000000, 0.0000000000000000000, 0.0000000000000000000 ) ) ;
#1199 = ORIENTED_EDGE ( 'NONE', *, *, #3130, .F. ) ;
#1200 = LINE ( 'NONE', #683, #561 ) ;
#1201 = DIRECTION ( 'NONE',  ( 1.000000000000000000, -0.0000000000000000000, -0.0000000000000000000 ) ) ;
#1202 = LINE ( 'NONE', #3528, #3670 ) ;
#1203 = ORIENTED_EDGE ( 'NONE', *, *, #3103, .T. ) ;
#1204 = FACE_BOUND ( 'NONE', #542, .T. ) ;
#1205 = ORIENTED_EDGE ( 'NONE', *, *, #1349, .F. ) ;
#1206 = LINE ( 'NONE', #2306, #241 ) ;
#1207 = EDGE_CURVE ( 'NONE', #1571, #4204, #2410, .T. ) ;
#1209 = EDGE_LOOP ( 'NONE', ( #2025, #1811, #3009, #541 ) ) ;
#1208 = DIRECTION ( 'NONE',  ( 1.982541115402068808E-16, 2.280433893654434516E-35, 1.000000000000000000 ) ) ;
#1210 = CLOSED_SHELL ( 'NONE', ( #2858, #2765, #321, #4549, #1879, #2786, #1832 ) ) ;
#1211 = SURFACE_STYLE_FILL_AREA ( #3222 ) ;
#1212 = VERTEX_POINT ( 'NONE', #880 ) ;
#1213 = CARTESIAN_POINT ( 'NONE',  ( -68.00000000000000000, 1180.000000000000000, 68.00000000000000000 ) ) ;
#1214 = DIRECTION ( 'NONE',  ( 1.000000000000000000, -0.0000000000000000000, -0.0000000000000000000 ) ) ;
#1215 = CIRCLE ( 'NONE', #443, 75.00000000000001421 ) ;
#1216 = AXIS2_PLACEMENT_3D ( 'NONE', #265, #2778, #4248 ) ;
#1217 = ORIENTED_EDGE ( 'NONE', *, *, #2905, .F. ) ;
#1218 = ORIENTED_EDGE ( 'NONE', *, *, #2734, .F. ) ;
#1219 = CARTESIAN_POINT ( 'NONE',  ( 125.0000000000000568, 1200.000000000000000, -114.9999999999999858 ) ) ;
#1220 = AXIS2_PLACEMENT_3D ( 'NONE', #1655, #2716, #976 ) ;
#1221 = DIRECTION ( 'NONE',  ( 0.7071067811865541231, 0.0000000000000000000, -0.7071067811865409114 ) ) ;
#1222 = EDGE_LOOP ( 'NONE', ( #1277, #4605, #1461, #1458 ) ) ;
#1223 = DIRECTION ( 'NONE',  ( -1.000000000000000000, -2.696301922142130194E-33, 1.982541115402069547E-16 ) ) ;
#1224 =( NAMED_UNIT ( * ) PLANE_ANGLE_UNIT ( ) SI_UNIT ( $, .RADIAN. ) );
#1225 = ORIENTED_EDGE ( 'NONE', *, *, #416, .F. ) ;
#1226 = DIRECTION ( 'NONE',  ( 0.0000000000000000000, 0.0000000000000000000, -1.000000000000000000 ) ) ;
#1227 = CARTESIAN_POINT ( 'NONE',  ( 77.99999999999998579, 1180.000000000000000, -67.99999999999991473 ) ) ;
#1228 = EDGE_CURVE ( 'NONE', #538, #2696, #3784, .T. ) ;
#1229 = DIRECTION ( 'NONE',  ( -2.465190328815661892E-32, 4.901829378616506198E-34, 1.000000000000000000 ) ) ;
#1230 = ORIENTED_EDGE ( 'NONE', *, *, #2619, .T. ) ;
#1231 = CARTESIAN_POINT ( 'NONE',  ( 70.00000000000000000, 1200.000000000000000, -95.00000000000000000 ) ) ;
#1232 = CARTESIAN_POINT ( 'NONE',  ( -7.500000000001047162, 20.00000000000000000, 149.9999999999999716 ) ) ;
#1233 = EDGE_CURVE ( 'NONE', #3459, #3555, #2019, .T. ) ;
#1234 = ORIENTED_EDGE ( 'NONE', *, *, #28, .T. ) ;
#1235 = VECTOR ( 'NONE', #2611, 1000.000000000000000 ) ;
#1236 = ORIENTED_EDGE ( 'NONE', *, *, #602, .T. ) ;
#1237 = AXIS2_PLACEMENT_3D ( 'NONE', #3967, #41, #381 ) ;
#1238 = FILL_AREA_STYLE ('',( #4107 ) ) ;
#1239 = ORIENTED_EDGE ( 'NONE', *, *, #990, .T. ) ;
#1240 = EDGE_CURVE ( 'NONE', #2180, #2322, #4004, .T. ) ;
#1241 = CARTESIAN_POINT ( 'NONE',  ( 115.0000000000000711, 1200.000000000000000, 125.0000000000000000 ) ) ;
#1242 = CARTESIAN_POINT ( 'NONE',  ( -124.9999999999999716, 20.00000000000000000, 33.39999999999999858 ) ) ;
#1243 = PRESENTATION_STYLE_ASSIGNMENT (( #2143 ) ) ;
#1244 = CIRCLE ( 'NONE', #2546, 2.499999999999946709 ) ;
#1245 = SURFACE_STYLE_USAGE ( .BOTH. , #1971 ) ;
#1246 = DIRECTION ( 'NONE',  ( 0.0000000000000000000, 0.0000000000000000000, 1.000000000000000000 ) ) ;
#1247 = ORIENTED_EDGE ( 'NONE', *, *, #3990, .F. ) ;
#1248 = LINE ( 'NONE', #2111, #1192 ) ;
#1249 = ORIENTED_EDGE ( 'NONE', *, *, #1468, .F. ) ;
#1250 = CARTESIAN_POINT ( 'NONE',  ( 140.0000000000000000, 70.00000000000001421, -7.500000000000013323 ) ) ;
#1251 = CYLINDRICAL_SURFACE ( 'NONE', #2560, 7.500000000000007105 ) ;
#1252 = LINE ( 'NONE', #3023, #4057 ) ;
#1253 = VECTOR ( 'NONE', #2092, 1000.000000000000000 ) ;
#1254 = LINE ( 'NONE', #1375, #1480 ) ;
#1255 = ORIENTED_EDGE ( 'NONE', *, *, #779, .T. ) ;
#1256 = DIRECTION ( 'NONE',  ( -7.401486830834376525E-17, -1.000000000000000000, -0.0000000000000000000 ) ) ;
#1257 = VECTOR ( 'NONE', #2407, 1000.000000000000000 ) ;
#1258 = EDGE_CURVE ( 'NONE', #864, #3319, #1082, .T. ) ;
#1259 = VERTEX_POINT ( 'NONE', #3770 ) ;
#1260 = EDGE_CURVE ( 'NONE', #3816, #3916, #1311, .T. ) ;
#1261 = CARTESIAN_POINT ( 'NONE',  ( 90.00000000000000000, 1200.000000000000000, 95.09999999999999432 ) ) ;
#1262 = VECTOR ( 'NONE', #3885, 1000.000000000000000 ) ;
#1263 = DIRECTION ( 'NONE',  ( -0.0000000000000000000, 1.000000000000000000, -0.0000000000000000000 ) ) ;
#1264 = DIRECTION ( 'NONE',  ( 1.000000000000000000, 0.0000000000000000000, 0.0000000000000000000 ) ) ;
#1265 = VECTOR ( 'NONE', #3254, 1000.000000000000114 ) ;
#1266 = VECTOR ( 'NONE', #3430, 999.9999999999998863 ) ;
#1267 = AXIS2_PLACEMENT_3D ( 'NONE', #2442, #312, #3203 ) ;
#1268 = ORIENTED_EDGE ( 'NONE', *, *, #1486, .T. ) ;
#1269 = EDGE_CURVE ( 'NONE', #52, #1469, #4580, .T. ) ;
#1270 = ORIENTED_EDGE ( 'NONE', *, *, #3990, .T. ) ;
#1271 = CARTESIAN_POINT ( 'NONE',  ( 67.99999999999991473, 1180.000000000000000, 77.99999999999995737 ) ) ;
#1272 = DIRECTION ( 'NONE',  ( -3.081487911019577365E-33, -1.540743955509788682E-33, -1.000000000000000000 ) ) ;
#1273 = VECTOR ( 'NONE', #4131, 1000.000000000000000 ) ;
#1274 = CARTESIAN_POINT ( 'NONE',  ( 90.00000000000000000, 1115.000000000000000, 47.49999999999994316 ) ) ;
#1275 = CARTESIAN_POINT ( 'NONE',  ( 69.99999999999998579, 20.00000000000000355, 69.99999999999998579 ) ) ;
#1277 = ORIENTED_EDGE ( 'NONE', *, *, #3327, .F. ) ;
#1276 = CARTESIAN_POINT ( 'NONE',  ( 150.0000000000000284, 20.00000000000000000, 139.9999999999999716 ) ) ;
#1278 = AXIS2_PLACEMENT_3D ( 'NONE', #4400, #1170, #2641 ) ;
#1279 = AXIS2_PLACEMENT_3D ( 'NONE', #3195, #2452, #2811 ) ;
#1280 = VERTEX_POINT ( 'NONE', #197 ) ;
#1281 = VERTEX_POINT ( 'NONE', #1288 ) ;
#1282 = DIRECTION ( 'NONE',  ( -1.000000000000000000, 0.0000000000000000000, 1.850371707708594316E-16 ) ) ;
#1283 = DIRECTION ( 'NONE',  ( -0.0000000000000000000, 1.000000000000000000, -0.0000000000000000000 ) ) ;
#1284 = ORIENTED_EDGE ( 'NONE', *, *, #531, .T. ) ;
#1285 = DIRECTION ( 'NONE',  ( 0.0000000000000000000, 0.0000000000000000000, 1.000000000000000000 ) ) ;
#1286 = PLANE ( 'NONE',  #2887 ) ;
#1287 = ORIENTED_EDGE ( 'NONE', *, *, #1934, .T. ) ;
#1288 = CARTESIAN_POINT ( 'NONE',  ( -78.00000000000000000, 1180.000000000000000, 67.99999999999991473 ) ) ;
#1289 = DIRECTION ( 'NONE',  ( -0.0000000000000000000, 1.000000000000000000, -0.0000000000000000000 ) ) ;
#1290 = EDGE_CURVE ( 'NONE', #3573, #3694, #2986, .T. ) ;
#1291 = ORIENTED_EDGE ( 'NONE', *, *, #1979, .F. ) ;
#1292 = EDGE_CURVE ( 'NONE', #3341, #1587, #612, .T. ) ;
#1293 = LINE ( 'NONE', #2461, #2274 ) ;
#1294 = CIRCLE ( 'NONE', #3187, 5.099999999999993427 ) ;
#1295 = ORIENTED_EDGE ( 'NONE', *, *, #3692, .F. ) ;
#1296 = CARTESIAN_POINT ( 'NONE',  ( -110.0000000000000000, 220.0000000000000568, 7.500000000000013323 ) ) ;
#1297 = PLANE ( 'NONE',  #1098 ) ;
#1298 = STYLED_ITEM ( 'NONE', ( #1377 ), #3775 ) ;
#1299 = DIRECTION ( 'NONE',  ( 0.0000000000000000000, 0.0000000000000000000, 1.000000000000000000 ) ) ;
#1300 = ORIENTED_EDGE ( 'NONE', *, *, #4459, .T. ) ;
#1301 = LINE ( 'NONE', #1232, #124 ) ;
#1302 = ORIENTED_EDGE ( 'NONE', *, *, #1240, .F. ) ;
#1303 = FACE_OUTER_BOUND ( 'NONE', #338, .T. ) ;
#1304 = VERTEX_POINT ( 'NONE', #3802 ) ;
#1305 = FACE_OUTER_BOUND ( 'NONE', #4292, .T. ) ;
#1306 = SURFACE_STYLE_FILL_AREA ( #3191 ) ;
#1307 = DIRECTION ( 'NONE',  ( 0.0000000000000000000, 3.081487911019577365E-33, -1.000000000000000000 ) ) ;
#1308 = DIRECTION ( 'NONE',  ( -0.0000000000000000000, -1.000000000000000000, -0.0000000000000000000 ) ) ;
#1309 = ORIENTED_EDGE ( 'NONE', *, *, #3049, .T. ) ;
#1310 = ORIENTED_EDGE ( 'NONE', *, *, #3592, .T. ) ;
#1311 = LINE ( 'NONE', #2314, #1801 ) ;
#1312 = LINE ( 'NONE', #2579, #3956 ) ;
#1313 = CARTESIAN_POINT ( 'NONE',  ( 124.9999999999999716, 20.00000000000000000, 132.5000000000000000 ) ) ;
#1314 = ORIENTED_EDGE ( 'NONE', *, *, #436, .T. ) ;
#1315 = ORIENTED_EDGE ( 'NONE', *, *, #1721, .F. ) ;
#1316 = ADVANCED_FACE ( 'NONE', ( #1956 ), #268, .F. ) ;
#1317 = VECTOR ( 'NONE', #3527, 1000.000000000000000 ) ;
#1318 = ORIENTED_EDGE ( 'NONE', *, *, #754, .F. ) ;
#1319 = CARTESIAN_POINT ( 'NONE',  ( -7.500000000000005329, 220.0000000000000284, -109.9999999999999858 ) ) ;
#1320 = VERTEX_POINT ( 'NONE', #2057 ) ;
#1321 = DIRECTION ( 'NONE',  ( -0.0000000000000000000, 1.000000000000000000, -0.0000000000000000000 ) ) ;
#1322 = DIRECTION ( 'NONE',  ( -0.0000000000000000000, -1.000000000000000000, -0.0000000000000000000 ) ) ;
#1323 = ORIENTED_EDGE ( 'NONE', *, *, #4359, .F. ) ;
#1324 = DIRECTION ( 'NONE',  ( -0.0000000000000000000, 1.000000000000000000, -0.0000000000000000000 ) ) ;
#1325 = CARTESIAN_POINT ( 'NONE',  ( 142.5000000000000568, 20.00000000000000000, 4.975360907851466735E-13 ) ) ;
#1326 = STYLED_ITEM ( 'NONE', ( #136 ), #1365 ) ;
#1327 = AXIS2_PLACEMENT_3D ( 'NONE', #457, #1184, #2921 ) ;
#1328 = DIRECTION ( 'NONE',  ( 0.0000000000000000000, 0.0000000000000000000, -1.000000000000000000 ) ) ;
#1329 = ORIENTED_EDGE ( 'NONE', *, *, #657, .T. ) ;
#1330 = DIRECTION ( 'NONE',  ( 0.0000000000000000000, 0.0000000000000000000, 1.000000000000000000 ) ) ;
#1331 = CARTESIAN_POINT ( 'NONE',  ( -67.99999999999991473, 1180.000000000000000, -77.99999999999998579 ) ) ;
#1332 = EDGE_LOOP ( 'NONE', ( #2760, #3339 ) ) ;
#1333 = ADVANCED_FACE ( 'NONE', ( #3732 ), #621, .F. ) ;
#1334 = CARTESIAN_POINT ( 'NONE',  ( 125.0000000000000568, 1200.000000000000000, 115.0000000000000142 ) ) ;
#1335 = CARTESIAN_POINT ( 'NONE',  ( -69.99999999999985789, 1180.000000000000000, 90.00000000000000000 ) ) ;
#1336 = ORIENTED_EDGE ( 'NONE', *, *, #627, .F. ) ;
#1337 = VERTEX_POINT ( 'NONE', #2798 ) ;
#1338 = DIRECTION ( 'NONE',  ( -1.020425574104005602E-16, -0.0000000000000000000, -1.000000000000000000 ) ) ;
#1339 = EDGE_CURVE ( 'NONE', #3674, #3454, #2822, .T. ) ;
#1340 = EDGE_CURVE ( 'NONE', #2236, #1473, #3838, .T. ) ;
#1341 = DIRECTION ( 'NONE',  ( 1.000000000000000000, -0.0000000000000000000, -0.0000000000000000000 ) ) ;
#1342 = CARTESIAN_POINT ( 'NONE',  ( -149.9999999999999716, 0.0000000000000000000, 139.9999999999999716 ) ) ;
#1343 = CYLINDRICAL_SURFACE ( 'NONE', #4, 4.499999999999997335 ) ;
#1344 = LINE ( 'NONE', #3649, #497 ) ;
#1345 = ORIENTED_EDGE ( 'NONE', *, *, #2245, .F. ) ;
#1346 = SHAPE_REPRESENTATION ( '4GAA0021201010012X', ( #3406, #4589 ), #160 ) ;
#1347 =( NAMED_UNIT ( * ) PLANE_ANGLE_UNIT ( ) SI_UNIT ( $, .RADIAN. ) );
#1348 =( NAMED_UNIT ( * ) PLANE_ANGLE_UNIT ( ) SI_UNIT ( $, .RADIAN. ) );
#1349 = EDGE_CURVE ( 'NONE', #374, #437, #1856, .T. ) ;
#1350 = CIRCLE ( 'NONE', #3971, 4.499999999999997335 ) ;
#1351 = EDGE_CURVE ( 'NONE', #623, #513, #2930, .T. ) ;
#1352 = VECTOR ( 'NONE', #4200, 1000.000000000000000 ) ;
#1353 = CARTESIAN_POINT ( 'NONE',  ( -90.00000000000000000, 1180.000000000000000, -90.00000000000000000 ) ) ;
#1354 = CARTESIAN_POINT ( 'NONE',  ( 140.0000000000000000, 19.99999999999998934, -7.500000000000013323 ) ) ;
#1355 = LINE ( 'NONE', #2067, #2922 ) ;
#1356 = AXIS2_PLACEMENT_3D ( 'NONE', #1537, #1916, #1561 ) ;
#1357 = DIRECTION ( 'NONE',  ( -0.7071067811865465735, 0.0000000000000000000, 0.7071067811865484609 ) ) ;
#1358 = PRESENTATION_LAYER_ASSIGNMENT (  '', '', ( #2891 ) ) ;
#1359 = ORIENTED_EDGE ( 'NONE', *, *, #855, .T. ) ;
#1360 = LINE ( 'NONE', #3372, #2174 ) ;
#1361 = CARTESIAN_POINT ( 'NONE',  ( -124.9999999999999716, 20.00000000000000000, -34.50000000000000000 ) ) ;
#1362 = PRESENTATION_STYLE_ASSIGNMENT (( #1820 ) ) ;
#1363 = CIRCLE ( 'NONE', #3464, 4.500000000000003553 ) ;
#1364 = PRESENTATION_STYLE_ASSIGNMENT (( #428 ) ) ;
#1365 = ADVANCED_FACE ( 'NONE', ( #4180 ), #2237, .F. ) ;
#1366 = EDGE_LOOP ( 'NONE', ( #3050, #2377, #3380, #1295, #945 ) ) ;
#1367 = CARTESIAN_POINT ( 'NONE',  ( 7.500000000000000000, 0.0000000000000000000, -150.0000000000000284 ) ) ;
#1368 = FILL_AREA_STYLE_COLOUR ( '', #3147 ) ;
#1369 = CARTESIAN_POINT ( 'NONE',  ( 90.00000000000000000, 1180.000000000000000, 90.00000000000000000 ) ) ;
#1370 = FACE_OUTER_BOUND ( 'NONE', #1209, .T. ) ;
#1371 = ORIENTED_EDGE ( 'NONE', *, *, #1385, .F. ) ;
#1372 = VECTOR ( 'NONE', #3702, 1000.000000000000000 ) ;
#1373 = CARTESIAN_POINT ( 'NONE',  ( -90.00000000000000000, 1200.000000000000000, 95.09999999999999432 ) ) ;
#1374 = VECTOR ( 'NONE', #485, 1000.000000000000000 ) ;
#1375 = CARTESIAN_POINT ( 'NONE',  ( -7.500000000000000000, 220.0000000000000284, -89.99999999999998579 ) ) ;
#1376 = EDGE_CURVE ( 'NONE', #362, #3993, #1424, .T. ) ;
#1377 = PRESENTATION_STYLE_ASSIGNMENT (( #3001 ) ) ;
#1378 = ORIENTED_EDGE ( 'NONE', *, *, #1805, .F. ) ;
#1379 = DIRECTION ( 'NONE',  ( -0.0000000000000000000, 1.000000000000000000, -0.0000000000000000000 ) ) ;
#1380 = ORIENTED_EDGE ( 'NONE', *, *, #2914, .F. ) ;
#1381 = CARTESIAN_POINT ( 'NONE',  ( 7.499999999999992006, 19.99999999999994671, -139.9999999999999716 ) ) ;
#1382 =( NAMED_UNIT ( * ) PLANE_ANGLE_UNIT ( ) SI_UNIT ( $, .RADIAN. ) );
#1383 = DIRECTION ( 'NONE',  ( 0.0000000000000000000, 0.0000000000000000000, 1.000000000000000000 ) ) ;
#1384 = FACE_OUTER_BOUND ( 'NONE', #3370, .T. ) ;
#1385 = EDGE_CURVE ( 'NONE', #2083, #3735, #2645, .T. ) ;
#1386 = ORIENTED_EDGE ( 'NONE', *, *, #4544, .F. ) ;
#1387 = CARTESIAN_POINT ( 'NONE',  ( 7.500000000000000000, -0.001000000000001000089, -150.0000000000000284 ) ) ;
#1388 = EDGE_LOOP ( 'NONE', ( #2388, #2731 ) ) ;
#1389 = CARTESIAN_POINT ( 'NONE',  ( -29.99999999999998579, 0.0000000000000000000, 129.5000000000000284 ) ) ;
#1390 = ADVANCED_FACE ( 'NONE', ( #4120 ), #2289, .F. ) ;
#1391 = AXIS2_PLACEMENT_3D ( 'NONE', #2368, #2024, #946 ) ;
#1392 = VERTEX_POINT ( 'NONE', #2477 ) ;
#1393 = CARTESIAN_POINT ( 'NONE',  ( 149.9999999999999716, 0.0000000000000000000, -150.0000000000000000 ) ) ;
#1394 = DIRECTION ( 'NONE',  ( 1.000000000000000000, 0.0000000000000000000, 0.0000000000000000000 ) ) ;
#1395 = DIRECTION ( 'NONE',  ( 0.0000000000000000000, -1.000000000000000000, -0.0000000000000000000 ) ) ;
#1396 = DIRECTION ( 'NONE',  ( -1.000000000000000000, 0.0000000000000000000, 0.0000000000000000000 ) ) ;
#1397 = DIRECTION ( 'NONE',  ( -0.0000000000000000000, 1.000000000000000000, -0.0000000000000000000 ) ) ;
#1398 = VERTEX_POINT ( 'NONE', #3912 ) ;
#1399 = ORIENTED_EDGE ( 'NONE', *, *, #4637, .T. ) ;
#1400 = CARTESIAN_POINT ( 'NONE',  ( -69.99999999999985789, 1180.000000000000000, -89.99999999999997158 ) ) ;
#1401 = VECTOR ( 'NONE', #2665, 1000.000000000000000 ) ;
#1402 = ORIENTED_EDGE ( 'NONE', *, *, #2135, .T. ) ;
#1403 = DIRECTION ( 'NONE',  ( 1.000000000000000000, 0.0000000000000000000, -0.0000000000000000000 ) ) ;
#1404 = CARTESIAN_POINT ( 'NONE',  ( 69.99999999999998579, 1180.000000000000000, -69.99999999999998579 ) ) ;
#1405 = COLOUR_RGB ( '',1.000000000000000000, 1.000000000000000000, 1.000000000000000000 ) ;
#1406 = ORIENTED_EDGE ( 'NONE', *, *, #530, .F. ) ;
#1407 = EDGE_CURVE ( 'NONE', #3454, #3674, #4571, .T. ) ;
#1408 = ADVANCED_FACE ( 'NONE', ( #2065 ), #2639, .F. ) ;
#1409 = ORIENTED_EDGE ( 'NONE', *, *, #1664, .F. ) ;
#1410 = CARTESIAN_POINT ( 'NONE',  ( 115.0000000000000711, 1200.000000000000000, 125.0000000000000000 ) ) ;
#1411 = CARTESIAN_POINT ( 'NONE',  ( -150.0000000000000284, 20.00000000000000000, -139.9999999999999716 ) ) ;
#1412 = FACE_OUTER_BOUND ( 'NONE', #302, .T. ) ;
#1413 = AXIS2_PLACEMENT_3D ( 'NONE', #1453, #3617, #4310 ) ;
#1414 = ORIENTED_EDGE ( 'NONE', *, *, #3965, .T. ) ;
#1415 = CARTESIAN_POINT ( 'NONE',  ( -30.00000000000001421, 0.0000000000000000000, -128.3999999999999773 ) ) ;
#1416 = CARTESIAN_POINT ( 'NONE',  ( -149.9999999999999432, 20.00000000000000000, -7.500000000001570299 ) ) ;
#1417 = ORIENTED_EDGE ( 'NONE', *, *, #2341, .F. ) ;
#1418 = SURFACE_STYLE_FILL_AREA ( #727 ) ;
#1419 = CIRCLE ( 'NONE', #4256, 75.00000000000001421 ) ;
#1420 = AXIS2_PLACEMENT_3D ( 'NONE', #3859, #600, #3107 ) ;
#1421 = VECTOR ( 'NONE', #4551, 1000.000000000000000 ) ;
#1422 = EDGE_LOOP ( 'NONE', ( #3807, #2830, #2356, #2398 ) ) ;
#1423 = COLOUR_RGB ( '',1.000000000000000000, 1.000000000000000000, 1.000000000000000000 ) ;
#1424 = LINE ( 'NONE', #3826, #1257 ) ;
#1425 = VECTOR ( 'NONE', #1553, 1000.000000000000000 ) ;
#1426 = ORIENTED_EDGE ( 'NONE', *, *, #1844, .T. ) ;
#1427 = EDGE_CURVE ( 'NONE', #4636, #1571, #1741, .T. ) ;
#1428 = CARTESIAN_POINT ( 'NONE',  ( -150.0000000000000284, 20.00000000000000000, -150.0000000000000000 ) ) ;
#1429 = CARTESIAN_POINT ( 'NONE',  ( -70.00000000000000000, 1200.000000000000000, 95.00000000000000000 ) ) ;
#1430 = DIRECTION ( 'NONE',  ( -1.850371707708594316E-16, -0.0000000000000000000, -1.000000000000000000 ) ) ;
#1431 = ORIENTED_EDGE ( 'NONE', *, *, #4152, .T. ) ;
#1432 = VECTOR ( 'NONE', #2445, 1000.000000000000000 ) ;
#1433 = ORIENTED_EDGE ( 'NONE', *, *, #4635, .T. ) ;
#1434 = CARTESIAN_POINT ( 'NONE',  ( 149.9999999999999716, 20.00000000000000000, -150.0000000000000000 ) ) ;
#1435 = ADVANCED_FACE ( 'NONE', ( #459 ), #2117, .F. ) ;
#1436 = CARTESIAN_POINT ( 'NONE',  ( 90.00000000000000000, 1200.000000000000000, -90.00000000000000000 ) ) ;
#1437 = DIRECTION ( 'NONE',  ( 0.0000000000000000000, 0.0000000000000000000, 1.000000000000000000 ) ) ;
#1438 = ORIENTED_EDGE ( 'NONE', *, *, #910, .F. ) ;
#1439 = EDGE_CURVE ( 'NONE', #2990, #1743, #508, .T. ) ;
#1440 = ORIENTED_EDGE ( 'NONE', *, *, #2475, .F. ) ;
#1441 = CARTESIAN_POINT ( 'NONE',  ( 124.9999999999999716, 0.0000000000000000000, -125.0000000000000000 ) ) ;
#1442 = CARTESIAN_POINT ( 'NONE',  ( -150.0000000000000284, 20.00000000000000000, -150.0000000000000000 ) ) ;
#1443 = DIRECTION ( 'NONE',  ( -1.982541115402069301E-16, 0.0000000000000000000, -1.000000000000000000 ) ) ;
#1444 = EDGE_CURVE ( 'NONE', #3746, #2468, #4397, .T. ) ;
#1445 = CARTESIAN_POINT ( 'NONE',  ( 7.500000000000000000, 19.99999999999993605, -89.99999999999998579 ) ) ;
#1446 = ORIENTED_EDGE ( 'NONE', *, *, #289, .F. ) ;
#1447 = DIRECTION ( 'NONE',  ( 0.0000000000000000000, 0.0000000000000000000, 1.000000000000000000 ) ) ;
#1448 = ORIENTED_EDGE ( 'NONE', *, *, #2626, .F. ) ;
#1449 =( NAMED_UNIT ( * ) SI_UNIT ( $, .STERADIAN. ) SOLID_ANGLE_UNIT ( ) );
#1450 =( NAMED_UNIT ( * ) SI_UNIT ( $, .STERADIAN. ) SOLID_ANGLE_UNIT ( ) );
#1451 = AXIS2_PLACEMENT_3D ( 'NONE', #1369, #3138, #2362 ) ;
#1452 = VERTEX_POINT ( 'NONE', #15 ) ;
#1453 = CARTESIAN_POINT ( 'NONE',  ( 124.9999999999999716, 20.00000000000000000, -125.0000000000000000 ) ) ;
#1454 =( NAMED_UNIT ( * ) SI_UNIT ( $, .STERADIAN. ) SOLID_ANGLE_UNIT ( ) );
#1455 = CARTESIAN_POINT ( 'NONE',  ( 90.00000000000000000, 220.0000000000000284, -7.500000000000013323 ) ) ;
#1456 = VERTEX_POINT ( 'NONE', #3574 ) ;
#1457 = ADVANCED_FACE ( 'NONE', ( #1075 ), #4283, .F. ) ;
#1458 = ORIENTED_EDGE ( 'NONE', *, *, #4212, .F. ) ;
#1459 = PLANE ( 'NONE',  #3782 ) ;
#1460 = VECTOR ( 'NONE', #2500, 1000.000000000000000 ) ;
#1461 = ORIENTED_EDGE ( 'NONE', *, *, #1584, .T. ) ;
#1462 = EDGE_CURVE ( 'NONE', #2767, #2326, #2118, .T. ) ;
#1463 =( GEOMETRIC_REPRESENTATION_CONTEXT ( 3 ) GLOBAL_UNCERTAINTY_ASSIGNED_CONTEXT ( ( #1472 ) ) GLOBAL_UNIT_ASSIGNED_CONTEXT ( ( #1848, #1827, #430 ) ) REPRESENTATION_CONTEXT ( 'NONE', 'WORKASPACE' ) );
#1464 = FACE_OUTER_BOUND ( 'NONE', #2897, .T. ) ;
#1465 = CARTESIAN_POINT ( 'NONE',  ( -149.9999999999999716, 20.00000000000000000, 150.0000000000000000 ) ) ;
#1466 = DIRECTION ( 'NONE',  ( 0.0000000000000000000, 0.0000000000000000000, 1.000000000000000000 ) ) ;
#1467 = PRESENTATION_STYLE_ASSIGNMENT (( #3119 ) ) ;
#1468 = EDGE_CURVE ( 'NONE', #20, #3916, #3322, .T. ) ;
#1469 = VERTEX_POINT ( 'NONE', #773 ) ;
#1470 = CARTESIAN_POINT ( 'NONE',  ( -7.500000000000000000, 19.99999999999993605, -89.99999999999998579 ) ) ;
#1471 = VERTEX_POINT ( 'NONE', #3634 ) ;
#1472 = UNCERTAINTY_MEASURE_WITH_UNIT (LENGTH_MEASURE( 1.000000000000000082E-05 ), #1848, 'distance_accuracy_value', 'NONE');
#1473 = VERTEX_POINT ( 'NONE', #4391 ) ;
#1474 = DIRECTION ( 'NONE',  ( 0.0000000000000000000, 0.9805806756909202226, -0.1961161351381839890 ) ) ;
#1475 = LINE ( 'NONE', #3449, #840 ) ;
#1476 = ADVANCED_FACE ( 'NONE', ( #3262 ), #1497, .F. ) ;
#1477 = FACE_BOUND ( 'NONE', #4465, .T. ) ;
#1478 = SHAPE_REPRESENTATION_RELATIONSHIP ( 'NONE' , 'NONE' ,  #4357, #3184 ) ;
#1479 = EDGE_CURVE ( 'NONE', #2258, #3225, #3199, .T. ) ;
#1480 = VECTOR ( 'NONE', #3881, 1000.000000000000000 ) ;
#1481 = LINE ( 'NONE', #1296, #4182 ) ;
#1482 = ORIENTED_EDGE ( 'NONE', *, *, #1609, .F. ) ;
#1483 = VECTOR ( 'NONE', #3030, 1000.000000000000000 ) ;
#1484 = ORIENTED_EDGE ( 'NONE', *, *, #1141, .T. ) ;
#1485 = LINE ( 'NONE', #104, #3152 ) ;
#1486 = EDGE_CURVE ( 'NONE', #1469, #52, #664, .T. ) ;
#1487 = DIRECTION ( 'NONE',  ( 0.0000000000000000000, 0.0000000000000000000, 1.000000000000000000 ) ) ;
#1488 = DIRECTION ( 'NONE',  ( 0.0000000000000000000, 1.000000000000000000, 0.0000000000000000000 ) ) ;
#1489 = CARTESIAN_POINT ( 'NONE',  ( -124.9999999999999716, 20.00000000000000000, 125.0000000000000000 ) ) ;
#1490 =( NAMED_UNIT ( * ) PLANE_ANGLE_UNIT ( ) SI_UNIT ( $, .RADIAN. ) );
#1491 =( REPRESENTATION_RELATIONSHIP ('NONE','NONE', #1346, #4357 ) REPRESENTATION_RELATIONSHIP_WITH_TRANSFORMATION ( #1852 )SHAPE_REPRESENTATION_RELATIONSHIP( ) );
#1492 = DIRECTION ( 'NONE',  ( 0.0000000000000000000, 0.0000000000000000000, -1.000000000000000000 ) ) ;
#1493 = ORIENTED_EDGE ( 'NONE', *, *, #3658, .T. ) ;
#1494 = DIRECTION ( 'NONE',  ( 0.7071067811865441310, -0.0000000000000000000, 0.7071067811865510144 ) ) ;
#1495 = AXIS2_PLACEMENT_3D ( 'NONE', #4443, #1907, #1226 ) ;
#1496 = ORIENTED_EDGE ( 'NONE', *, *, #4171, .F. ) ;
#1497 = PLANE ( 'NONE',  #1894 ) ;
#1498 = CARTESIAN_POINT ( 'NONE',  ( 90.00000000000000000, 1200.000000000000000, 84.90000000000000568 ) ) ;
#1499 = EDGE_LOOP ( 'NONE', ( #4526, #590 ) ) ;
#1500 = EDGE_LOOP ( 'NONE', ( #2935, #2188, #2153, #1359 ) ) ;
#1501 = PLANE ( 'NONE',  #1673 ) ;
#1502 = ORIENTED_EDGE ( 'NONE', *, *, #2284, .F. ) ;
#1503 = MECHANICAL_DESIGN_GEOMETRIC_PRESENTATION_REPRESENTATION (  '', ( #368 ), #3274 ) ;
#1504 =( LENGTH_UNIT ( ) NAMED_UNIT ( * ) SI_UNIT ( .MILLI., .METRE. ) );
#1505 = AXIS2_PLACEMENT_3D ( 'NONE', #3947, #2510, #1437 ) ;
#1506 = ORIENTED_EDGE ( 'NONE', *, *, #978, .T. ) ;
#1507 = DIRECTION ( 'NONE',  ( 1.000000000000000000, 0.0000000000000000000, 0.0000000000000000000 ) ) ;
#1508 = FILL_AREA_STYLE_COLOUR ( '', #3708 ) ;
#1509 = CARTESIAN_POINT ( 'NONE',  ( 124.9999999999999716, 20.00000000000000000, 125.0000000000000000 ) ) ;
#1510 = FACE_OUTER_BOUND ( 'NONE', #2728, .T. ) ;
#1511 = AXIS2_PLACEMENT_3D ( 'NONE', #2754, #2334, #3051 ) ;
#1512 = VECTOR ( 'NONE', #4438, 1000.000000000000114 ) ;
#1513 = ORIENTED_EDGE ( 'NONE', *, *, #431, .F. ) ;
#1514 = DIRECTION ( 'NONE',  ( 0.0000000000000000000, 0.0000000000000000000, 1.000000000000000000 ) ) ;
#1515 = EDGE_CURVE ( 'NONE', #2533, #807, #560, .T. ) ;
#1516 = ADVANCED_FACE ( 'NONE', ( #1305 ), #1831, .F. ) ;
#1517 = PRODUCT ( '4GAA0021201010012X', '4GAA0021201010012X', '', ( #3305 ) ) ;
#1518 = VERTEX_POINT ( 'NONE', #35 ) ;
#1519 = CYLINDRICAL_SURFACE ( 'NONE', #1983, 75.00000000000001421 ) ;
#1520 = CYLINDRICAL_SURFACE ( 'NONE', #3105, 4.499999999999997335 ) ;
#1521 = CARTESIAN_POINT ( 'NONE',  ( 30.00000000000000000, 0.0000000000000000000, -125.0000000000000000 ) ) ;
#1522 = EDGE_CURVE ( 'NONE', #3655, #299, #2228, .T. ) ;
#1523 = MANIFOLD_SOLID_BREP ( 'Gusset4', #74 ) ;
#1524 =( NAMED_UNIT ( * ) SI_UNIT ( $, .STERADIAN. ) SOLID_ANGLE_UNIT ( ) );
#1525 = DIRECTION ( 'NONE',  ( 0.0000000000000000000, -1.000000000000000000, -0.0000000000000000000 ) ) ;
#1526 = VECTOR ( 'NONE', #2091, 1000.000000000000000 ) ;
#1527 = FACE_OUTER_BOUND ( 'NONE', #1546, .T. ) ;
#1528 = ORIENTED_EDGE ( 'NONE', *, *, #1001, .T. ) ;
#1529 = DIRECTION ( 'NONE',  ( -1.944041506525991425E-16, -0.1961161351381839890, -0.9805806756909202226 ) ) ;
#1530 = DIRECTION ( 'NONE',  ( -0.0000000000000000000, -1.000000000000000000, -0.0000000000000000000 ) ) ;
#1531 = LINE ( 'NONE', #1875, #4010 ) ;
#1532 = CIRCLE ( 'NONE', #3083, 7.500000000000007105 ) ;
#1533 = FACE_BOUND ( 'NONE', #797, .T. ) ;
#1534 = AXIS2_PLACEMENT_3D ( 'NONE', #4427, #118, #1668 ) ;
#1535 = ORIENTED_EDGE ( 'NONE', *, *, #754, .T. ) ;
#1536 = ORIENTED_EDGE ( 'NONE', *, *, #2189, .F. ) ;
#1537 = CARTESIAN_POINT ( 'NONE',  ( 90.00000000000000000, 1200.000000000000000, 90.00000000000000000 ) ) ;
#1538 =( LENGTH_UNIT ( ) NAMED_UNIT ( * ) SI_UNIT ( .MILLI., .METRE. ) );
#1539 = CARTESIAN_POINT ( 'NONE',  ( 0.0000000000000000000, 0.0000000000000000000, 0.0000000000000000000 ) ) ;
#1540 = CARTESIAN_POINT ( 'NONE',  ( 140.0000000000000000, 0.0000000000000000000, 150.0000000000000000 ) ) ;
#1541 = ADVANCED_FACE ( 'NONE', ( #4338 ), #4115, .F. ) ;
#1542 = CARTESIAN_POINT ( 'NONE',  ( -7.500000000000000000, 20.00000000000003197, 89.99999999999998579 ) ) ;
#1543 = CARTESIAN_POINT ( 'NONE',  ( 7.500000000000000000, 19.99999999999993605, -89.99999999999998579 ) ) ;
#1544 = ORIENTED_EDGE ( 'NONE', *, *, #973, .T. ) ;
#1545 = DIRECTION ( 'NONE',  ( 1.000000000000000000, 0.0000000000000000000, 0.0000000000000000000 ) ) ;
#1546 = EDGE_LOOP ( 'NONE', ( #3895, #1669, #1380, #4042 ) ) ;
#1547 = DIRECTION ( 'NONE',  ( -0.0000000000000000000, 1.000000000000000000, -0.0000000000000000000 ) ) ;
#1548 = DIRECTION ( 'NONE',  ( -0.0000000000000000000, 1.000000000000000000, -0.0000000000000000000 ) ) ;
#1549 = CARTESIAN_POINT ( 'NONE',  ( 30.00000000000000000, 20.00000000000000000, -125.0000000000000000 ) ) ;
#1550 = VERTEX_POINT ( 'NONE', #1241 ) ;
#1551 = CARTESIAN_POINT ( 'NONE',  ( -70.00000000000000000, 1200.000000000000000, 95.00000000000000000 ) ) ;
#1552 = DIRECTION ( 'NONE',  ( 0.0000000000000000000, 3.081487911019577365E-33, -1.000000000000000000 ) ) ;
#1553 = DIRECTION ( 'NONE',  ( -0.0000000000000000000, 1.000000000000000000, 0.0000000000000000000 ) ) ;
#1554 = ORIENTED_EDGE ( 'NONE', *, *, #627, .T. ) ;
#1555 = ORIENTED_EDGE ( 'NONE', *, *, #2994, .T. ) ;
#1556 = DIRECTION ( 'NONE',  ( -6.162975822039150624E-33, -1.000000000000000000, 1.387778780781444597E-17 ) ) ;
#1557 = ORIENTED_EDGE ( 'NONE', *, *, #1290, .T. ) ;
#1558 = CARTESIAN_POINT ( 'NONE',  ( -124.9999999999999716, 20.00000000000000000, -125.0000000000000000 ) ) ;
#1559 = CIRCLE ( 'NONE', #2383, 4.500000000000003553 ) ;
#1560 = AXIS2_PLACEMENT_3D ( 'NONE', #2710, #918, #222 ) ;
#1561 = DIRECTION ( 'NONE',  ( 0.0000000000000000000, 0.0000000000000000000, 1.000000000000000000 ) ) ;
#1562 = FILL_AREA_STYLE_COLOUR ( '', #2813 ) ;
#1563 = ORIENTED_EDGE ( 'NONE', *, *, #4324, .T. ) ;
#1564 = FACE_OUTER_BOUND ( 'NONE', #2771, .T. ) ;
#1565 = CARTESIAN_POINT ( 'NONE',  ( 30.00000000000000000, 20.00000000000000000, -129.5000000000000000 ) ) ;
#1566 = CYLINDRICAL_SURFACE ( 'NONE', #665, 3.400000000000000355 ) ;
#1567 = VERTEX_POINT ( 'NONE', #2631 ) ;
#1568 = DIRECTION ( 'NONE',  ( 0.7071067811865480168, 0.0000000000000000000, -0.7071067811865470176 ) ) ;
#1569 = CARTESIAN_POINT ( 'NONE',  ( -7.500000000001047162, -0.001000000000001000089, 149.9999999999999716 ) ) ;
#1570 = SURFACE_STYLE_FILL_AREA ( #1680 ) ;
#1571 = VERTEX_POINT ( 'NONE', #1878 ) ;
#1572 = EDGE_CURVE ( 'NONE', #2651, #849, #2175, .T. ) ;
#1573 = EDGE_CURVE ( 'NONE', #676, #4075, #1252, .T. ) ;
#1574 = DIRECTION ( 'NONE',  ( 1.000000000000000000, 0.0000000000000000000, -1.982541115402069301E-16 ) ) ;
#1575 = ORIENTED_EDGE ( 'NONE', *, *, #2255, .F. ) ;
#1576 = FACE_BOUND ( 'NONE', #4666, .T. ) ;
#1577 = FACE_BOUND ( 'NONE', #2909, .T. ) ;
#1578 = STYLED_ITEM ( 'NONE', ( #764 ), #1814 ) ;
#1579 = LINE ( 'NONE', #3190, #2403 ) ;
#1580 = PRESENTATION_STYLE_ASSIGNMENT (( #376 ) ) ;
#1581 = ORIENTED_EDGE ( 'NONE', *, *, #4152, .F. ) ;
#1582 = EDGE_CURVE ( 'NONE', #4466, #1650, #186, .T. ) ;
#1583 = CYLINDRICAL_SURFACE ( 'NONE', #1505, 3.000000000000002665 ) ;
#1584 = EDGE_CURVE ( 'NONE', #1819, #1105, #2871, .T. ) ;
#1585 = DIRECTION ( 'NONE',  ( -1.982541115402068808E-16, -1.387778780781444751E-17, -1.000000000000000000 ) ) ;
#1587 = VERTEX_POINT ( 'NONE', #2243 ) ;
#1586 = FILL_AREA_STYLE ('',( #1508 ) ) ;
#1588 = VERTEX_POINT ( 'NONE', #480 ) ;
#1589 = VECTOR ( 'NONE', #2191, 1000.000000000000000 ) ;
#1590 = FACE_OUTER_BOUND ( 'NONE', #3242, .T. ) ;
#1591 = ORIENTED_EDGE ( 'NONE', *, *, #2269, .F. ) ;
#1592 = CARTESIAN_POINT ( 'NONE',  ( -150.0000000000000284, 20.00000000000000000, -150.0000000000000000 ) ) ;
#1593 = FACE_OUTER_BOUND ( 'NONE', #3471, .T. ) ;
#1594 = AXIS2_PLACEMENT_3D ( 'NONE', #2787, #1032, #1403 ) ;
#1595 = VERTEX_POINT ( 'NONE', #1892 ) ;
#1596 = VERTEX_POINT ( 'NONE', #4415 ) ;
#1597 = ORIENTED_EDGE ( 'NONE', *, *, #3110, .T. ) ;
#1598 = CARTESIAN_POINT ( 'NONE',  ( -69.99999999999985789, 20.00000000000000355, 90.00000000000000000 ) ) ;
#1599 = DIRECTION ( 'NONE',  ( 0.0000000000000000000, 0.0000000000000000000, -1.000000000000000000 ) ) ;
#1600 = CIRCLE ( 'NONE', #924, 3.400000000000000355 ) ;
#1601 = VERTEX_POINT ( 'NONE', #1924 ) ;
#1602 = ORIENTED_EDGE ( 'NONE', *, *, #4239, .T. ) ;
#1603 = EDGE_CURVE ( 'NONE', #4557, #2322, #2745, .T. ) ;
#1604 = MECHANICAL_DESIGN_GEOMETRIC_PRESENTATION_REPRESENTATION (  '', ( #3378 ), #1463 ) ;
#1605 = CARTESIAN_POINT ( 'NONE',  ( 0.0000000000000000000, 0.0000000000000000000, 0.0000000000000000000 ) ) ;
#1606 = UNCERTAINTY_MEASURE_WITH_UNIT (LENGTH_MEASURE( 1.000000000000000082E-05 ), #3115, 'distance_accuracy_value', 'NONE');
#1607 = CARTESIAN_POINT ( 'NONE',  ( 30.00000000000000000, 0.0000000000000000000, -125.0000000000000000 ) ) ;
#1608 = DIRECTION ( 'NONE',  ( 0.0000000000000000000, 0.0000000000000000000, -1.000000000000000000 ) ) ;
#1609 = EDGE_CURVE ( 'NONE', #475, #2941, #14, .T. ) ;
#1610 = ORIENTED_EDGE ( 'NONE', *, *, #3507, .F. ) ;
#1611 = VERTEX_POINT ( 'NONE', #3000 ) ;
#1612 = PLANE ( 'NONE',  #4099 ) ;
#1613 = CARTESIAN_POINT ( 'NONE',  ( -7.500000000000016875, 1.387778780781445676E-14, 0.0000000000000000000 ) ) ;
#1614 = EDGE_LOOP ( 'NONE', ( #3188, #4583, #1707, #2142 ) ) ;
#1615 = VECTOR ( 'NONE', #4490, 1000.000000000000000 ) ;
#1616 = EDGE_LOOP ( 'NONE', ( #584, #2406, #626, #2304 ) ) ;
#1617 = STYLED_ITEM ( 'NONE', ( #1243 ), #229 ) ;
#1618 = AXIS2_PLACEMENT_3D ( 'NONE', #4641, #799, #3572 ) ;
#1619 = DIRECTION ( 'NONE',  ( -0.0000000000000000000, 1.000000000000000000, -0.0000000000000000000 ) ) ;
#1620 = DIRECTION ( 'NONE',  ( 0.0000000000000000000, 0.0000000000000000000, 1.000000000000000000 ) ) ;
#1621 = FACE_OUTER_BOUND ( 'NONE', #148, .T. ) ;
#1622 = FACE_OUTER_BOUND ( 'NONE', #634, .T. ) ;
#1623 =( NAMED_UNIT ( * ) SI_UNIT ( $, .STERADIAN. ) SOLID_ANGLE_UNIT ( ) );
#1624 = CYLINDRICAL_SURFACE ( 'NONE', #1645, 2.499999999999946709 ) ;
#1625 = ORIENTED_EDGE ( 'NONE', *, *, #723, .T. ) ;
#1626 = CARTESIAN_POINT ( 'NONE',  ( -70.00000000000000000, 1200.000000000000000, 95.00000000000000000 ) ) ;
#1627 = EDGE_CURVE ( 'NONE', #824, #587, #1789, .T. ) ;
#1628 = VECTOR ( 'NONE', #4219, 1000.000000000000000 ) ;
#1629 = FACE_OUTER_BOUND ( 'NONE', #4199, .T. ) ;
#1630 = LINE ( 'NONE', #143, #2928 ) ;
#1631 = AXIS2_PLACEMENT_3D ( 'NONE', #582, #4245, #3100 ) ;
#1632 = AXIS2_PLACEMENT_3D ( 'NONE', #3325, #486, #1179 ) ;
#1633 = VERTEX_POINT ( 'NONE', #463 ) ;
#1634 = DIRECTION ( 'NONE',  ( -0.0000000000000000000, -1.000000000000000000, -0.0000000000000000000 ) ) ;
#1635 = DIRECTION ( 'NONE',  ( 0.0000000000000000000, 0.0000000000000000000, 1.000000000000000000 ) ) ;
#1636 = ORIENTED_EDGE ( 'NONE', *, *, #1836, .F. ) ;
#1637 = DIRECTION ( 'NONE',  ( 0.0000000000000000000, -1.000000000000000000, 0.0000000000000000000 ) ) ;
#1638 = LINE ( 'NONE', #45, #4398 ) ;
#1639 = EDGE_LOOP ( 'NONE', ( #3354, #3503, #477, #1665 ) ) ;
#1640 = LINE ( 'NONE', #3904, #1262 ) ;
#1641 = DIRECTION ( 'NONE',  ( 1.000000000000000000, -0.0000000000000000000, -0.0000000000000000000 ) ) ;
#1642 = CARTESIAN_POINT ( 'NONE',  ( 124.9999999999999716, 0.0000000000000000000, -33.39999999999999858 ) ) ;
#1643 = CIRCLE ( 'NONE', #1278, 4.499999999999990230 ) ;
#1644 = LINE ( 'NONE', #1864, #2882 ) ;
#1645 = AXIS2_PLACEMENT_3D ( 'NONE', #3123, #986, #1328 ) ;
#1646 = ORIENTED_EDGE ( 'NONE', *, *, #999, .T. ) ;
#1647 = VERTEX_POINT ( 'NONE', #825 ) ;
#1648 = DIRECTION ( 'NONE',  ( 0.0000000000000000000, 1.000000000000000000, 0.0000000000000000000 ) ) ;
#1649 = PLANE ( 'NONE',  #3774 ) ;
#1650 = VERTEX_POINT ( 'NONE', #2602 ) ;
#1651 = DIRECTION ( 'NONE',  ( 0.0000000000000000000, 0.0000000000000000000, -1.000000000000000000 ) ) ;
#1652 = CARTESIAN_POINT ( 'NONE',  ( 124.9999999999999716, 0.0000000000000000000, 132.5000000000000000 ) ) ;
#1653 = PLANE ( 'NONE',  #3711 ) ;
#1654 = AXIS2_PLACEMENT_3D ( 'NONE', #3892, #2361, #1670 ) ;
#1655 = CARTESIAN_POINT ( 'NONE',  ( 124.9999999999999716, 20.00000000000000000, 30.00000000000000000 ) ) ;
#1656 = ORIENTED_EDGE ( 'NONE', *, *, #349, .F. ) ;
#1657 = VERTEX_POINT ( 'NONE', #2652 ) ;
#1658 = ADVANCED_FACE ( 'NONE', ( #3777 ), #1011, .F. ) ;
#1659 = CARTESIAN_POINT ( 'NONE',  ( 7.499999999999989342, 70.00000000000001421, -139.9999999999999716 ) ) ;
#1660 = DIRECTION ( 'NONE',  ( -0.0000000000000000000, 1.000000000000000000, -0.0000000000000000000 ) ) ;
#1661 = ORIENTED_EDGE ( 'NONE', *, *, #882, .T. ) ;
#1662 = UNCERTAINTY_MEASURE_WITH_UNIT (LENGTH_MEASURE( 1.000000000000000082E-05 ), #4345, 'distance_accuracy_value', 'NONE');
#1663 = CARTESIAN_POINT ( 'NONE',  ( 124.9999999999999716, 20.00000000000000000, 30.00000000000000000 ) ) ;
#1664 = EDGE_CURVE ( 'NONE', #2242, #4135, #2812, .T. ) ;
#1665 = ORIENTED_EDGE ( 'NONE', *, *, #2741, .T. ) ;
#1666 = CARTESIAN_POINT ( 'NONE',  ( -7.500000000000000000, 19.99999999999993605, -89.99999999999998579 ) ) ;
#1667 = ORIENTED_EDGE ( 'NONE', *, *, #973, .F. ) ;
#1668 = DIRECTION ( 'NONE',  ( 0.0000000000000000000, 0.0000000000000000000, 1.000000000000000000 ) ) ;
#1669 = ORIENTED_EDGE ( 'NONE', *, *, #2033, .F. ) ;
#1670 = DIRECTION ( 'NONE',  ( -1.000000000000000000, 0.0000000000000000000, 0.0000000000000000000 ) ) ;
#1671 = FACE_OUTER_BOUND ( 'NONE', #219, .T. ) ;
#1672 = EDGE_CURVE ( 'NONE', #3306, #4466, #1851, .T. ) ;
#1673 = AXIS2_PLACEMENT_3D ( 'NONE', #112, #780, #4035 ) ;
#1674 = AXIS2_PLACEMENT_3D ( 'NONE', #3410, #2081, #2417 ) ;
#1675 = PLANE ( 'NONE',  #3461 ) ;
#1676 = DIRECTION ( 'NONE',  ( 0.0000000000000000000, 0.0000000000000000000, 1.000000000000000000 ) ) ;
#1677 = CIRCLE ( 'NONE', #3209, 2.999999999999988898 ) ;
#1678 = ADVANCED_FACE ( 'NONE', ( #3317 ), #1190, .F. ) ;
#1679 = ORIENTED_EDGE ( 'NONE', *, *, #1873, .T. ) ;
#1680 = FILL_AREA_STYLE ('',( #1005 ) ) ;
#1681 = COLOUR_RGB ( '',1.000000000000000000, 1.000000000000000000, 1.000000000000000000 ) ;
#1682 = FILL_AREA_STYLE_COLOUR ( '', #1015 ) ;
#1683 = CARTESIAN_POINT ( 'NONE',  ( 90.00000000000000000, 1180.000000000000000, -69.99999999999985789 ) ) ;
#1684 = ORIENTED_EDGE ( 'NONE', *, *, #4418, .F. ) ;
#1685 = ORIENTED_EDGE ( 'NONE', *, *, #747, .F. ) ;
#1686 = LINE ( 'NONE', #3817, #1904 ) ;
#1687 = VECTOR ( 'NONE', #4377, 1000.000000000000000 ) ;
#1688 = PLANE ( 'NONE',  #1029 ) ;
#1689 = EDGE_CURVE ( 'NONE', #1102, #3454, #1630, .T. ) ;
#1690 = CIRCLE ( 'NONE', #760, 2.499999999999946709 ) ;
#1691 = SURFACE_STYLE_FILL_AREA ( #2502 ) ;
#1692 = LINE ( 'NONE', #3968, #2759 ) ;
#1693 = VERTEX_POINT ( 'NONE', #1313 ) ;
#1694 = FILL_AREA_STYLE ('',( #3165 ) ) ;
#1695 = LINE ( 'NONE', #4633, #3786 ) ;
#1696 = VERTEX_POINT ( 'NONE', #3796 ) ;
#1697 = EDGE_CURVE ( 'NONE', #362, #4061, #2007, .T. ) ;
#1698 = LINE ( 'NONE', #2385, #2160 ) ;
#1699 = CARTESIAN_POINT ( 'NONE',  ( -124.9999999999999716, 20.00000000000000000, 30.00000000000000000 ) ) ;
#1700 = DIRECTION ( 'NONE',  ( 1.000000000000000000, -1.423415318369273723E-33, 0.0000000000000000000 ) ) ;
#1701 = EDGE_LOOP ( 'NONE', ( #3931, #3173, #1913, #2656 ) ) ;
#1702 = VERTEX_POINT ( 'NONE', #3078 ) ;
#1703 = ORIENTED_EDGE ( 'NONE', *, *, #256, .F. ) ;
#1704 = ADVANCED_FACE ( 'NONE', ( #4627 ), #3141, .T. ) ;
#1705 = EDGE_CURVE ( 'NONE', #513, #846, #4517, .T. ) ;
#1706 = DIRECTION ( 'NONE',  ( 1.000000000000000000, -0.0000000000000000000, -0.0000000000000000000 ) ) ;
#1707 = ORIENTED_EDGE ( 'NONE', *, *, #149, .F. ) ;
#1708 = SURFACE_SIDE_STYLE ('',( #4217 ) ) ;
#1709 = CARTESIAN_POINT ( 'NONE',  ( 124.9999999999999716, 0.0000000000000000000, -117.5000000000000000 ) ) ;
#1710 = ORIENTED_EDGE ( 'NONE', *, *, #4294, .T. ) ;
#1711 = PRODUCT_DEFINITION_CONTEXT ( 'detailed design', #3643, 'design' ) ;
#1712 = VERTEX_POINT ( 'NONE', #544 ) ;
#1713 = CARTESIAN_POINT ( 'NONE',  ( 140.0000000000000000, 20.00000000000000000, -150.0000000000000000 ) ) ;
#1714 = CARTESIAN_POINT ( 'NONE',  ( 90.00000000000000000, 1155.000000000000000, 45.00000000000000000 ) ) ;
#1715 = CARTESIAN_POINT ( 'NONE',  ( -67.99999999999991473, 1180.000000000000000, -77.99999999999998579 ) ) ;
#1716 = UNCERTAINTY_MEASURE_WITH_UNIT (LENGTH_MEASURE( 1.000000000000000082E-05 ), #2050, 'distance_accuracy_value', 'NONE');
#1717 = EDGE_LOOP ( 'NONE', ( #379, #3676, #3232, #1249, #2995, #3004, #2210, #1225 ) ) ;
#1718 = ORIENTED_EDGE ( 'NONE', *, *, #3364, .T. ) ;
#1719 = CARTESIAN_POINT ( 'NONE',  ( 90.00000000000000000, 1200.000000000000000, -95.09999999999999432 ) ) ;
#1720 = EDGE_CURVE ( 'NONE', #1259, #1949, #1738, .T. ) ;
#1721 = EDGE_CURVE ( 'NONE', #2591, #1469, #3028, .T. ) ;
#1722 = CARTESIAN_POINT ( 'NONE',  ( 30.00000000000001421, 0.0000000000000000000, 128.3999999999999773 ) ) ;
#1723 = LINE ( 'NONE', #4668, #3128 ) ;
#1724 = ADVANCED_FACE ( 'NONE', ( #776 ), #1520, .F. ) ;
#1725 = EDGE_LOOP ( 'NONE', ( #3090, #805 ) ) ;
#1726 = DIRECTION ( 'NONE',  ( -0.0000000000000000000, 1.000000000000000000, -0.0000000000000000000 ) ) ;
#1727 = DIRECTION ( 'NONE',  ( -7.401486830834376525E-17, -1.000000000000000000, -0.0000000000000000000 ) ) ;
#1728 = AXIS2_PLACEMENT_3D ( 'NONE', #4595, #343, #2061 ) ;
#1729 = VECTOR ( 'NONE', #1778, 1000.000000000000000 ) ;
#1730 = VERTEX_POINT ( 'NONE', #4529 ) ;
#1731 = LINE ( 'NONE', #242, #1125 ) ;
#1732 = CARTESIAN_POINT ( 'NONE',  ( 90.00000000000000000, 1115.000000000000000, 42.50000000000004974 ) ) ;
#1733 = CARTESIAN_POINT ( 'NONE',  ( -150.0000000000000284, 0.0000000000000000000, -150.0000000000000000 ) ) ;
#1734 = VECTOR ( 'NONE', #2885, 999.9999999999998863 ) ;
#1735 = PRESENTATION_LAYER_ASSIGNMENT (  '', '', ( #3117 ) ) ;
#1736 = CARTESIAN_POINT ( 'NONE',  ( 150.0000000000000284, 20.00000000000000000, 139.9999999999999716 ) ) ;
#1737 = LINE ( 'NONE', #1242, #2399 ) ;
#1738 = LINE ( 'NONE', #3099, #403 ) ;
#1739 = PRESENTATION_STYLE_ASSIGNMENT (( #4037 ) ) ;
#1740 = SURFACE_SIDE_STYLE ('',( #1691 ) ) ;
#1741 = LINE ( 'NONE', #1774, #1526 ) ;
#1742 = VECTOR ( 'NONE', #967, 1000.000000000000000 ) ;
#1743 = VERTEX_POINT ( 'NONE', #2320 ) ;
#1744 = FACE_BOUND ( 'NONE', #4653, .T. ) ;
#1745 = ADVANCED_FACE ( 'NONE', ( #3889 ), #653, .F. ) ;
#1746 = CARTESIAN_POINT ( 'NONE',  ( -124.9999999999999716, 20.00000000000000000, 125.0000000000000000 ) ) ;
#1747 = FILL_AREA_STYLE_COLOUR ( '', #608 ) ;
#1748 = VECTOR ( 'NONE', #2162, 1000.000000000000000 ) ;
#1749 = PLANE ( 'NONE',  #2384 ) ;
#1750 = ORIENTED_EDGE ( 'NONE', *, *, #2245, .T. ) ;
#1751 = ORIENTED_EDGE ( 'NONE', *, *, #350, .T. ) ;
#1752 = CARTESIAN_POINT ( 'NONE',  ( 30.00000000000000000, 20.00000000000000000, -125.0000000000000000 ) ) ;
#1753 = ORIENTED_EDGE ( 'NONE', *, *, #3915, .F. ) ;
#1754 = CARTESIAN_POINT ( 'NONE',  ( -69.99999999999985789, 1180.000000000000000, 90.00000000000000000 ) ) ;
#1755 = EDGE_CURVE ( 'NONE', #1981, #4274, #4388, .T. ) ;
#1756 = SURFACE_STYLE_USAGE ( .BOTH. , #1740 ) ;
#1757 = CARTESIAN_POINT ( 'NONE',  ( -69.99999999999998579, 1180.000000000000000, -69.99999999999997158 ) ) ;
#1758 = ORIENTED_EDGE ( 'NONE', *, *, #4420, .T. ) ;
#1759 = CARTESIAN_POINT ( 'NONE',  ( -142.5000000000000568, 20.00000000000000000, -1.492608272355440021E-12 ) ) ;
#1760 = AXIS2_PLACEMENT_3D ( 'NONE', #317, #1106, #3244 ) ;
#1761 = STYLED_ITEM ( 'NONE', ( #4208 ), #370 ) ;
#1762 = CARTESIAN_POINT ( 'NONE',  ( 7.500000000000005329, 220.0000000000000284, 109.9999999999999858 ) ) ;
#1763 = DIRECTION ( 'NONE',  ( 1.850371707708594316E-16, 0.0000000000000000000, 1.000000000000000000 ) ) ;
#1764 = CARTESIAN_POINT ( 'NONE',  ( 30.00000000000001421, 20.00000000000000000, 121.5999999999999943 ) ) ;
#1765 = PRESENTATION_LAYER_ASSIGNMENT (  '', '', ( #1298 ) ) ;
#1766 = ADVANCED_FACE ( 'NONE', ( #3536 ), #4493, .F. ) ;
#1767 = CARTESIAN_POINT ( 'NONE',  ( 30.00000000000001421, 0.0000000000000000000, 121.5999999999999943 ) ) ;
#1768 = CARTESIAN_POINT ( 'NONE',  ( 124.9999999999999716, 20.00000000000000000, -26.59999999999999787 ) ) ;
#1769 = CARTESIAN_POINT ( 'NONE',  ( 30.00000000000000000, 20.00000000000000000, -120.5000000000000000 ) ) ;
#1770 = DIRECTION ( 'NONE',  ( 0.7071067811865536790, 0.0000000000000000000, -0.7071067811865414665 ) ) ;
#1771 = ORIENTED_EDGE ( 'NONE', *, *, #2373, .F. ) ;
#1772 = ADVANCED_FACE ( 'NONE', ( #1843 ), #3989, .T. ) ;
#1773 = DIRECTION ( 'NONE',  ( 0.0000000000000000000, 1.000000000000000000, 0.0000000000000000000 ) ) ;
#1774 = CARTESIAN_POINT ( 'NONE',  ( 90.00000000000000000, 19.99999999999998934, -7.500000000000013323 ) ) ;
#1775 = CARTESIAN_POINT ( 'NONE',  ( 2.775557561562891351E-14, -1.387778780781445676E-14, 7.500000000000013323 ) ) ;
#1776 = VERTEX_POINT ( 'NONE', #558 ) ;
#1777 = ORIENTED_EDGE ( 'NONE', *, *, #1008, .F. ) ;
#1778 = DIRECTION ( 'NONE',  ( -1.850371707708594316E-16, -0.0000000000000000000, -1.000000000000000000 ) ) ;
#1779 = EDGE_LOOP ( 'NONE', ( #3562, #4300, #1236, #1052 ) ) ;
#1780 = CARTESIAN_POINT ( 'NONE',  ( -7.500000000000000000, 19.99999999999993605, -89.99999999999998579 ) ) ;
#1781 = VECTOR ( 'NONE', #1928, 1000.000000000000000 ) ;
#1782 = FACE_BOUND ( 'NONE', #4545, .T. ) ;
#1783 = ORIENTED_EDGE ( 'NONE', *, *, #3870, .T. ) ;
#1784 =( NAMED_UNIT ( * ) SI_UNIT ( $, .STERADIAN. ) SOLID_ANGLE_UNIT ( ) );
#1785 = LINE ( 'NONE', #681, #830 ) ;
#1786 = ORIENTED_EDGE ( 'NONE', *, *, #2255, .T. ) ;
#1787 = ORIENTED_EDGE ( 'NONE', *, *, #2046, .F. ) ;
#1788 = LINE ( 'NONE', #2132, #2396 ) ;
#1789 = LINE ( 'NONE', #3008, #836 ) ;
#1790 = SURFACE_STYLE_FILL_AREA ( #813 ) ;
#1791 = DIRECTION ( 'NONE',  ( 1.000000000000000000, -0.0000000000000000000, -0.0000000000000000000 ) ) ;
#1792 = DIRECTION ( 'NONE',  ( -0.0000000000000000000, 1.000000000000000000, -0.0000000000000000000 ) ) ;
#1793 = VECTOR ( 'NONE', #874, 999.9999999999998863 ) ;
#1794 = PRESENTATION_STYLE_ASSIGNMENT (( #3704 ) ) ;
#1795 = FACE_BOUND ( 'NONE', #4329, .T. ) ;
#1796 = MECHANICAL_DESIGN_GEOMETRIC_PRESENTATION_REPRESENTATION (  '', ( #3820 ), #3025 ) ;
#1797 = CARTESIAN_POINT ( 'NONE',  ( 140.0000000000000000, 70.00000000000001421, 7.499999999999985789 ) ) ;
#1798 = DIRECTION ( 'NONE',  ( 1.000000000000000000, -0.0000000000000000000, -0.0000000000000000000 ) ) ;
#1799 = LINE ( 'NONE', #3170, #473 ) ;
#1800 = ORIENTED_EDGE ( 'NONE', *, *, #2033, .T. ) ;
#1801 = VECTOR ( 'NONE', #4147, 1000.000000000000000 ) ;
#1802 = LINE ( 'NONE', #3215, #199 ) ;
#1803 = UNCERTAINTY_MEASURE_WITH_UNIT (LENGTH_MEASURE( 1.000000000000000082E-05 ), #3943, 'distance_accuracy_value', 'NONE');
#1804 = VERTEX_POINT ( 'NONE', #3448 ) ;
#1805 = EDGE_CURVE ( 'NONE', #178, #3439, #1731, .T. ) ;
#1806 = ORIENTED_EDGE ( 'NONE', *, *, #2816, .T. ) ;
#1807 = LINE ( 'NONE', #1666, #2532 ) ;
#1808 =( NAMED_UNIT ( * ) PLANE_ANGLE_UNIT ( ) SI_UNIT ( $, .RADIAN. ) );
#1809 = CARTESIAN_POINT ( 'NONE',  ( -114.9999999999999574, 1200.000000000000000, 125.0000000000000000 ) ) ;
#1810 = CARTESIAN_POINT ( 'NONE',  ( 30.00000000000001421, 20.00000000000000000, 128.3999999999999773 ) ) ;
#1811 = ORIENTED_EDGE ( 'NONE', *, *, #4451, .F. ) ;
#1812 = ORIENTED_EDGE ( 'NONE', *, *, #1572, .T. ) ;
#1813 = EDGE_CURVE ( 'NONE', #2800, #1693, #709, .T. ) ;
#1814 = ADVANCED_FACE ( 'NONE', ( #3942 ), #3593, .F. ) ;
#1815 = DIRECTION ( 'NONE',  ( 0.0000000000000000000, 0.0000000000000000000, 1.000000000000000000 ) ) ;
#1816 = DIRECTION ( 'NONE',  ( 0.0000000000000000000, 0.0000000000000000000, 1.000000000000000000 ) ) ;
#1817 = EDGE_CURVE ( 'NONE', #2437, #1974, #2918, .T. ) ;
#1818 = EDGE_CURVE ( 'NONE', #1743, #2990, #1943, .T. ) ;
#1819 = VERTEX_POINT ( 'NONE', #4260 ) ;
#1820 = SURFACE_STYLE_USAGE ( .BOTH. , #3248 ) ;
#1821 = DIRECTION ( 'NONE',  ( 0.0000000000000000000, 1.000000000000000000, 0.0000000000000000000 ) ) ;
#1822 = FILL_AREA_STYLE_COLOUR ( '', #392 ) ;
#1823 = CARTESIAN_POINT ( 'NONE',  ( 124.9999999999999716, 0.0000000000000000000, -26.59999999999999787 ) ) ;
#1824 = AXIS2_PLACEMENT_3D ( 'NONE', #2486, #677, #2863 ) ;
#1825 = ORIENTED_EDGE ( 'NONE', *, *, #2865, .F. ) ;
#1826 = DIRECTION ( 'NONE',  ( -1.000000000000000000, -1.540743955509788682E-33, 1.982541115402069547E-16 ) ) ;
#1827 =( NAMED_UNIT ( * ) PLANE_ANGLE_UNIT ( ) SI_UNIT ( $, .RADIAN. ) );
#1828 = DIRECTION ( 'NONE',  ( -1.000000000000000000, 0.0000000000000000000, 0.0000000000000000000 ) ) ;
#1829 = ORIENTED_EDGE ( 'NONE', *, *, #1522, .T. ) ;
#1830 = ORIENTED_EDGE ( 'NONE', *, *, #1376, .F. ) ;
#1831 = PLANE ( 'NONE',  #3901 ) ;
#1832 = ADVANCED_FACE ( 'NONE', ( #3247 ), #305, .T. ) ;
#1833 = LINE ( 'NONE', #31, #720 ) ;
#1834 = VECTOR ( 'NONE', #2578, 1000.000000000000000 ) ;
#1835 = EDGE_LOOP ( 'NONE', ( #286, #4378, #559, #1865, #3911 ) ) ;
#1836 = EDGE_CURVE ( 'NONE', #4441, #3470, #1186, .T. ) ;
#1837 = EDGE_CURVE ( 'NONE', #131, #2423, #397, .T. ) ;
#1838 = AXIS2_PLACEMENT_3D ( 'NONE', #92, #1925, #2603 ) ;
#1839 = CARTESIAN_POINT ( 'NONE',  ( 78.00000000000000000, 1155.000000000000000, 47.49999999999994316 ) ) ;
#1840 = ADVANCED_FACE ( 'NONE', ( #1000 ), #4109, .F. ) ;
#1841 = CIRCLE ( 'NONE', #3848, 7.499999999999992895 ) ;
#1842 = APPLICATION_PROTOCOL_DEFINITION ( 'draft international standard', 'automotive_design', 1998, #3643 ) ;
#1843 = FACE_OUTER_BOUND ( 'NONE', #1422, .T. ) ;
#1844 = EDGE_CURVE ( 'NONE', #2307, #965, #2106, .T. ) ;
#1845 = DIRECTION ( 'NONE',  ( -0.0000000000000000000, -0.0000000000000000000, -1.000000000000000000 ) ) ;
#1846 = EDGE_CURVE ( 'NONE', #676, #1259, #2867, .T. ) ;
#1847 = AXIS2_PLACEMENT_3D ( 'NONE', #304, #4229, #640 ) ;
#1848 =( LENGTH_UNIT ( ) NAMED_UNIT ( * ) SI_UNIT ( .MILLI., .METRE. ) );
#1849 = SURFACE_STYLE_FILL_AREA ( #2768 ) ;
#1850 = VECTOR ( 'NONE', #1214, 1000.000000000000000 ) ;
#1851 = LINE ( 'NONE', #2669, #896 ) ;
#1852 = ITEM_DEFINED_TRANSFORMATION ( 'NONE', 'NONE', #4589,  #537 ) ;
#1853 = AXIS2_PLACEMENT_3D ( 'NONE', #570, #3075, #4183 ) ;
#1854 = AXIS2_PLACEMENT_3D ( 'NONE', #1521, #415, #3308 ) ;
#1855 = ORIENTED_EDGE ( 'NONE', *, *, #1164, .F. ) ;
#1856 = LINE ( 'NONE', #988, #2881 ) ;
#1857 = CARTESIAN_POINT ( 'NONE',  ( 9.184850993605150311E-15, 20.00000000000000000, -75.00000000000001421 ) ) ;
#1858 = ORIENTED_EDGE ( 'NONE', *, *, #2183, .T. ) ;
#1859 = VECTOR ( 'NONE', #870, 1000.000000000000000 ) ;
#1860 = VECTOR ( 'NONE', #2888, 1000.000000000000000 ) ;
#1861 = MANIFOLD_SOLID_BREP ( 'Cut-Extrude2', #315 ) ;
#1862 = FILL_AREA_STYLE ('',( #120 ) ) ;
#1863 = ORIENTED_EDGE ( 'NONE', *, *, #503, .F. ) ;
#1864 = CARTESIAN_POINT ( 'NONE',  ( -70.00000000000000000, 1200.000000000000000, 98.00000000000000000 ) ) ;
#1865 = ORIENTED_EDGE ( 'NONE', *, *, #1427, .T. ) ;
#1866 = ORIENTED_EDGE ( 'NONE', *, *, #2269, .T. ) ;
#1867 = CARTESIAN_POINT ( 'NONE',  ( -124.9999999999999716, 0.0000000000000000000, -125.0000000000000000 ) ) ;
#1868 = ORIENTED_EDGE ( 'NONE', *, *, #927, .T. ) ;
#1869 = DIRECTION ( 'NONE',  ( 0.0000000000000000000, 1.000000000000000000, 0.0000000000000000000 ) ) ;
#1870 = ORIENTED_EDGE ( 'NONE', *, *, #1008, .T. ) ;
#1871 = FILL_AREA_STYLE_COLOUR ( '', #2937 ) ;
#1872 = FILL_AREA_STYLE ('',( #3726 ) ) ;
#1873 = EDGE_CURVE ( 'NONE', #4227, #46, #3429, .T. ) ;
#1874 = CARTESIAN_POINT ( 'NONE',  ( 110.0000000000000000, 220.0000000000000568, -7.500000000000013323 ) ) ;
#1875 = CARTESIAN_POINT ( 'NONE',  ( 124.9999999999999716, 20.00000000000000000, 117.5000000000000000 ) ) ;
#1876 = CARTESIAN_POINT ( 'NONE',  ( -124.9999999999999716, 0.0000000000000000000, 125.0000000000000000 ) ) ;
#1877 = ORIENTED_EDGE ( 'NONE', *, *, #3941, .T. ) ;
#1878 = CARTESIAN_POINT ( 'NONE',  ( 90.00000000000000000, 19.99999999999998934, -7.500000000000013323 ) ) ;
#1879 = ADVANCED_FACE ( 'NONE', ( #1622 ), #2027, .F. ) ;
#1880 = VERTEX_POINT ( 'NONE', #4638 ) ;
#1881 = VERTEX_POINT ( 'NONE', #1797 ) ;
#1882 = AXIS2_PLACEMENT_3D ( 'NONE', #3583, #2837, #1447 ) ;
#1883 = SURFACE_SIDE_STYLE ('',( #2695 ) ) ;
#1884 = FILL_AREA_STYLE_COLOUR ( '', #3284 ) ;
#1885 = ORIENTED_EDGE ( 'NONE', *, *, #4567, .T. ) ;
#1886 = ORIENTED_EDGE ( 'NONE', *, *, #1138, .F. ) ;
#1887 = DIRECTION ( 'NONE',  ( 0.0000000000000000000, 0.0000000000000000000, 1.000000000000000000 ) ) ;
#1888 = CIRCLE ( 'NONE', #4185, 20.00000000000000355 ) ;
#1889 = AXIS2_PLACEMENT_3D ( 'NONE', #4384, #3290, #4076 ) ;
#1890 = VECTOR ( 'NONE', #4430, 1000.000000000000000 ) ;
#1891 = ORIENTED_EDGE ( 'NONE', *, *, #2983, .T. ) ;
#1892 = CARTESIAN_POINT ( 'NONE',  ( 77.99999999999998579, 1115.000000000000000, -42.50000000000004974 ) ) ;
#1893 = DIRECTION ( 'NONE',  ( -0.0000000000000000000, 1.000000000000000000, -0.0000000000000000000 ) ) ;
#1894 = AXIS2_PLACEMENT_3D ( 'NONE', #44, #1529, #1474 ) ;
#1895 = EDGE_CURVE ( 'NONE', #817, #1320, #4000, .T. ) ;
#1896 = VECTOR ( 'NONE', #3167, 1000.000000000000114 ) ;
#1897 = CARTESIAN_POINT ( 'NONE',  ( 70.00000000000000000, 1200.000000000000000, -95.00000000000000000 ) ) ;
#1898 = VERTEX_POINT ( 'NONE', #1769 ) ;
#1899 = VECTOR ( 'NONE', #3331, 1000.000000000000000 ) ;
#1900 = EDGE_CURVE ( 'NONE', #462, #804, #72, .T. ) ;
#1901 = ORIENTED_EDGE ( 'NONE', *, *, #1689, .T. ) ;
#1902 = DIRECTION ( 'NONE',  ( -0.0000000000000000000, 1.000000000000000000, -0.0000000000000000000 ) ) ;
#1903 = CARTESIAN_POINT ( 'NONE',  ( 124.9999999999999716, 0.0000000000000000000, -132.5000000000000000 ) ) ;
#1904 = VECTOR ( 'NONE', #2723, 1000.000000000000000 ) ;
#1905 = FACE_BOUND ( 'NONE', #3606, .T. ) ;
#1906 = EDGE_LOOP ( 'NONE', ( #2956, #989, #3952, #4534, #2789 ) ) ;
#1907 = DIRECTION ( 'NONE',  ( -0.0000000000000000000, 1.000000000000000000, 0.0000000000000000000 ) ) ;
#1908 = DIRECTION ( 'NONE',  ( 1.020425574104005478E-16, 0.0000000000000000000, 1.000000000000000000 ) ) ;
#1909 = CIRCLE ( 'NONE', #2078, 2.499999999999946709 ) ;
#1910 = ORIENTED_EDGE ( 'NONE', *, *, #2661, .F. ) ;
#1911 = CIRCLE ( 'NONE', #615, 3.500000000000003109 ) ;
#1912 = AXIS2_PLACEMENT_3D ( 'NONE', #1715, #624, #3159 ) ;
#1913 = ORIENTED_EDGE ( 'NONE', *, *, #730, .T. ) ;
#1914 = DIRECTION ( 'NONE',  ( 0.0000000000000000000, 0.0000000000000000000, 1.000000000000000000 ) ) ;
#1915 = LINE ( 'NONE', #2219, #619 ) ;
#1916 = DIRECTION ( 'NONE',  ( -0.0000000000000000000, 1.000000000000000000, -0.0000000000000000000 ) ) ;
#1917 = DIRECTION ( 'NONE',  ( 1.000000000000000000, 3.421138828918010427E-49, -1.982541115402068808E-16 ) ) ;
#1918 = DIRECTION ( 'NONE',  ( 0.0000000000000000000, 0.0000000000000000000, -1.000000000000000000 ) ) ;
#1919 = EDGE_LOOP ( 'NONE', ( #3949, #4368, #2942, #3578 ) ) ;
#1920 = ORIENTED_EDGE ( 'NONE', *, *, #3416, .T. ) ;
#1921 = DIRECTION ( 'NONE',  ( -0.0000000000000000000, -1.000000000000000000, -0.0000000000000000000 ) ) ;
#1922 = ORIENTED_EDGE ( 'NONE', *, *, #4521, .F. ) ;
#1923 = ORIENTED_EDGE ( 'NONE', *, *, #943, .T. ) ;
#1924 = CARTESIAN_POINT ( 'NONE',  ( 90.00000000000000000, 1155.000000000000000, 47.49999999999994316 ) ) ;
#1925 = DIRECTION ( 'NONE',  ( 1.982541115402069547E-16, 2.280433893654428636E-35, 1.000000000000000000 ) ) ;
#1926 = ORIENTED_EDGE ( 'NONE', *, *, #2135, .F. ) ;
#1927 = ORIENTED_EDGE ( 'NONE', *, *, #78, .T. ) ;
#1928 = DIRECTION ( 'NONE',  ( -0.0000000000000000000, -1.000000000000000000, -0.0000000000000000000 ) ) ;
#1929 = DIRECTION ( 'NONE',  ( -0.0000000000000000000, 1.000000000000000000, -0.0000000000000000000 ) ) ;
#1930 = EDGE_CURVE ( 'NONE', #911, #3559, #649, .T. ) ;
#1931 = ORIENTED_EDGE ( 'NONE', *, *, #4567, .F. ) ;
#1932 = AXIS2_PLACEMENT_3D ( 'NONE', #2895, #3940, #3245 ) ;
#1933 = ORIENTED_EDGE ( 'NONE', *, *, #3453, .F. ) ;
#1934 = EDGE_CURVE ( 'NONE', #1058, #3341, #1995, .T. ) ;
#1935 = CARTESIAN_POINT ( 'NONE',  ( -114.9999999999999574, 1200.000000000000000, 125.0000000000000000 ) ) ;
#1936 = ORIENTED_EDGE ( 'NONE', *, *, #53, .F. ) ;
#1937 = ORIENTED_EDGE ( 'NONE', *, *, #2782, .T. ) ;
#1938 = UNCERTAINTY_MEASURE_WITH_UNIT (LENGTH_MEASURE( 1.000000000000000082E-05 ), #1538, 'distance_accuracy_value', 'NONE');
#1939 = CARTESIAN_POINT ( 'NONE',  ( -90.00000000000000000, 1200.000000000000000, -90.00000000000000000 ) ) ;
#1940 = CARTESIAN_POINT ( 'NONE',  ( 124.9999999999999716, 0.0000000000000000000, 25.50000000000000711 ) ) ;
#1941 = CARTESIAN_POINT ( 'NONE',  ( -70.00000000000000000, 1200.000000000000000, 91.50000000000000000 ) ) ;
#1942 = EDGE_CURVE ( 'NONE', #4240, #3685, #1723, .T. ) ;
#1943 = CIRCLE ( 'NONE', #751, 2.499999999999946709 ) ;
#1944 =( NAMED_UNIT ( * ) PLANE_ANGLE_UNIT ( ) SI_UNIT ( $, .RADIAN. ) );
#1945 = DIRECTION ( 'NONE',  ( 0.0000000000000000000, 0.0000000000000000000, 1.000000000000000000 ) ) ;
#1946 = FACE_OUTER_BOUND ( 'NONE', #3234, .T. ) ;
#1947 = EDGE_CURVE ( 'NONE', #4061, #3346, #4320, .T. ) ;
#1948 = CARTESIAN_POINT ( 'NONE',  ( -69.99999999999985789, 20.00000000000000355, 90.00000000000000000 ) ) ;
#1949 = VERTEX_POINT ( 'NONE', #2531 ) ;
#1950 = LINE ( 'NONE', #1964, #775 ) ;
#1951 = DIRECTION ( 'NONE',  ( 1.850582702439379757E-34, 1.000000000000000000, 1.540743955509788340E-33 ) ) ;
#1952 = DIRECTION ( 'NONE',  ( 0.0000000000000000000, 0.0000000000000000000, 1.000000000000000000 ) ) ;
#1953 = MECHANICAL_DESIGN_GEOMETRIC_PRESENTATION_REPRESENTATION (  '', ( #4088 ), #2344 ) ;
#1954 = ORIENTED_EDGE ( 'NONE', *, *, #2805, .F. ) ;
#1955 = AXIS2_PLACEMENT_3D ( 'NONE', #1713, #3189, #4661 ) ;
#1956 = FACE_OUTER_BOUND ( 'NONE', #3740, .T. ) ;
#1957 = CIRCLE ( 'NONE', #863, 3.400000000000014122 ) ;
#1958 = CARTESIAN_POINT ( 'NONE',  ( 70.00000000000000000, 1200.000000000000000, -95.00000000000000000 ) ) ;
#1959 = CARTESIAN_POINT ( 'NONE',  ( 90.00000000000000000, 220.0000000000000284, -7.500000000000013323 ) ) ;
#1960 = DIRECTION ( 'NONE',  ( -0.0000000000000000000, 1.000000000000000000, -0.0000000000000000000 ) ) ;
#1961 = ORIENTED_EDGE ( 'NONE', *, *, #696, .T. ) ;
#1962 = LINE ( 'NONE', #501, #2650 ) ;
#1963 = SURFACE_STYLE_FILL_AREA ( #812 ) ;
#1964 = CARTESIAN_POINT ( 'NONE',  ( -90.00000000000000000, 1200.000000000000000, -84.90000000000000568 ) ) ;
#1965 = ORIENTED_EDGE ( 'NONE', *, *, #4632, .T. ) ;
#1966 = CONICAL_SURFACE ( 'NONE', #2568, 3.500000000000003109, 0.7853981633975037902 ) ;
#1967 = DIRECTION ( 'NONE',  ( 0.0000000000000000000, 1.000000000000000000, 0.0000000000000000000 ) ) ;
#1968 = AXIS2_PLACEMENT_3D ( 'NONE', #1129, #715, #393 ) ;
#1969 =( GEOMETRIC_REPRESENTATION_CONTEXT ( 3 ) GLOBAL_UNCERTAINTY_ASSIGNED_CONTEXT ( ( #1606 ) ) GLOBAL_UNIT_ASSIGNED_CONTEXT ( ( #3115, #3853, #4214 ) ) REPRESENTATION_CONTEXT ( 'NONE', 'WORKASPACE' ) );
#1970 = ORIENTED_EDGE ( 'NONE', *, *, #1078, .F. ) ;
#1971 = SURFACE_SIDE_STYLE ('',( #3015 ) ) ;
#1972 = MECHANICAL_DESIGN_GEOMETRIC_PRESENTATION_REPRESENTATION (  '', ( #3121 ), #765 ) ;
#1973 = CARTESIAN_POINT ( 'NONE',  ( -78.00000000000000000, 1180.000000000000000, -67.99999999999991473 ) ) ;
#1974 = VERTEX_POINT ( 'NONE', #3598 ) ;
#1975 = CARTESIAN_POINT ( 'NONE',  ( 142.5000000000000568, -0.001000000000001000089, 4.975360907851466735E-13 ) ) ;
#1976 = DIRECTION ( 'NONE',  ( -0.0000000000000000000, -1.000000000000000000, -0.0000000000000000000 ) ) ;
#1977 = ORIENTED_EDGE ( 'NONE', *, *, #2653, .T. ) ;
#1978 = PRESENTATION_STYLE_ASSIGNMENT (( #4485 ) ) ;
#1979 = EDGE_CURVE ( 'NONE', #2366, #3031, #3984, .T. ) ;
#1980 = ORIENTED_EDGE ( 'NONE', *, *, #4111, .F. ) ;
#1981 = VERTEX_POINT ( 'NONE', #1089 ) ;
#1982 = CARTESIAN_POINT ( 'NONE',  ( -90.00000000000000000, 19.99999999999998934, 7.500000000000013323 ) ) ;
#1983 = AXIS2_PLACEMENT_3D ( 'NONE', #4510, #4158, #1299 ) ;
#1984 = VERTEX_POINT ( 'NONE', #2178 ) ;
#1985 = CARTESIAN_POINT ( 'NONE',  ( 124.9999999999999716, 20.00000000000000000, -132.5000000000000000 ) ) ;
#1986 = CARTESIAN_POINT ( 'NONE',  ( -124.9999999999999716, 20.00000000000000000, -25.49999999999999645 ) ) ;
#1987 = CLOSED_SHELL ( 'NONE', ( #3229, #1476, #250, #391, #2968, #4396, #2089 ) ) ;
#1988 = CYLINDRICAL_SURFACE ( 'NONE', #2035, 5.099999999999993427 ) ;
#1989 = ORIENTED_EDGE ( 'NONE', *, *, #2594, .F. ) ;
#1990 = AXIS2_PLACEMENT_3D ( 'NONE', #3502, #1357, #4603 ) ;
#1991 = AXIS2_PLACEMENT_3D ( 'NONE', #1428, #3535, #1073 ) ;
#1992 = UNCERTAINTY_MEASURE_WITH_UNIT (LENGTH_MEASURE( 1.000000000000000082E-05 ), #2595, 'distance_accuracy_value', 'NONE');
#1993 =( NAMED_UNIT ( * ) SI_UNIT ( $, .STERADIAN. ) SOLID_ANGLE_UNIT ( ) );
#1994 = LINE ( 'NONE', #4614, #4319 ) ;
#1995 = LINE ( 'NONE', #2133, #1460 ) ;
#1996 = ADVANCED_FACE ( 'NONE', ( #589, #3369, #2387, #1782, #758, #114, #2795, #2729 ), #1142, .F. ) ;
#1997 = ORIENTED_EDGE ( 'NONE', *, *, #1207, .F. ) ;
#1998 = CARTESIAN_POINT ( 'NONE',  ( -124.9999999999999716, 0.0000000000000000000, 30.00000000000000000 ) ) ;
#1999 = CARTESIAN_POINT ( 'NONE',  ( -150.0000000000000284, 0.0000000000000000000, -139.9999999999999716 ) ) ;
#2000 = COLOUR_RGB ( '',1.000000000000000000, 1.000000000000000000, 1.000000000000000000 ) ;
#2001 = VECTOR ( 'NONE', #2208, 1000.000000000000000 ) ;
#2002 = VERTEX_POINT ( 'NONE', #4322 ) ;
#2003 = CARTESIAN_POINT ( 'NONE',  ( 77.99999999999998579, 1180.000000000000000, -67.99999999999991473 ) ) ;
#2004 = DIRECTION ( 'NONE',  ( 0.0000000000000000000, 0.0000000000000000000, 1.000000000000000000 ) ) ;
#2005 = LINE ( 'NONE', #3991, #1899 ) ;
#2006 = EDGE_CURVE ( 'NONE', #162, #1601, #171, .T. ) ;
#2007 = LINE ( 'NONE', #2308, #3661 ) ;
#2008 =( GEOMETRIC_REPRESENTATION_CONTEXT ( 3 ) GLOBAL_UNCERTAINTY_ASSIGNED_CONTEXT ( ( #3626 ) ) GLOBAL_UNIT_ASSIGNED_CONTEXT ( ( #2145, #2889, #716 ) ) REPRESENTATION_CONTEXT ( 'NONE', 'WORKASPACE' ) );
#2009 = LINE ( 'NONE', #2727, #3543 ) ;
#2010 = DIRECTION ( 'NONE',  ( -1.423415318369273723E-33, 1.000000000000000000, -3.081487911019576681E-33 ) ) ;
#2011 = CARTESIAN_POINT ( 'NONE',  ( 7.500000000000000000, -0.001000000000001000089, -150.0000000000000284 ) ) ;
#2012 = CARTESIAN_POINT ( 'NONE',  ( -140.0000000000000000, 70.00000000000001421, 7.500000000000013323 ) ) ;
#2013 = CIRCLE ( 'NONE', #161, 3.400000000000000355 ) ;
#2014 = EDGE_CURVE ( 'NONE', #3183, #1693, #1344, .T. ) ;
#2015 = LINE ( 'NONE', #4106, #354 ) ;
#2016 = EDGE_LOOP ( 'NONE', ( #2136, #4073 ) ) ;
#2017 = CARTESIAN_POINT ( 'NONE',  ( -90.00000000000000000, 1200.000000000000000, -95.09999999999999432 ) ) ;
#2018 = DIRECTION ( 'NONE',  ( 0.7071067811865474617, -0.0000000000000000000, -0.7071067811865474617 ) ) ;
#2019 = LINE ( 'NONE', #526, #1483 ) ;
#2020 = CYLINDRICAL_SURFACE ( 'NONE', #450, 7.500000000000007105 ) ;
#2021 = ORIENTED_EDGE ( 'NONE', *, *, #3849, .T. ) ;
#2022 = ADVANCED_FACE ( 'NONE', ( #3241 ), #333, .F. ) ;
#2023 = VECTOR ( 'NONE', #4289, 1000.000000000000000 ) ;
#2024 = DIRECTION ( 'NONE',  ( -1.000000000000000000, 0.0000000000000000000, 1.020425574104005478E-16 ) ) ;
#2025 = ORIENTED_EDGE ( 'NONE', *, *, #4128, .F. ) ;
#2026 = ORIENTED_EDGE ( 'NONE', *, *, #3630, .F. ) ;
#2027 = PLANE ( 'NONE',  #1932 ) ;
#2028 = CARTESIAN_POINT ( 'NONE',  ( -90.00000000000000000, 1180.000000000000000, -69.99999999999982947 ) ) ;
#2029 = AXIS2_PLACEMENT_3D ( 'NONE', #1746, #2840, #4662 ) ;
#2030 = PRODUCT_DEFINITION ( 'UNKNOWN', '', #39, #4362 ) ;
#2031 = CARTESIAN_POINT ( 'NONE',  ( 7.500000000000000000, 20.00000000000000000, -150.0000000000000284 ) ) ;
#2032 = DIRECTION ( 'NONE',  ( -0.0000000000000000000, 1.000000000000000000, -0.0000000000000000000 ) ) ;
#2033 = EDGE_CURVE ( 'NONE', #538, #513, #389, .T. ) ;
#2034 = EDGE_LOOP ( 'NONE', ( #2148, #567, #3180, #3146 ) ) ;
#2035 = AXIS2_PLACEMENT_3D ( 'NONE', #806, #837, #2268 ) ;
#2036 = CARTESIAN_POINT ( 'NONE',  ( -124.9999999999999716, 0.0000000000000000000, 30.00000000000000000 ) ) ;
#2037 = CARTESIAN_POINT ( 'NONE',  ( -90.00000000000000000, 19.99999999999998934, 7.500000000000013323 ) ) ;
#2038 = ORIENTED_EDGE ( 'NONE', *, *, #4663, .F. ) ;
#2039 = EDGE_CURVE ( 'NONE', #1650, #3506, #1119, .T. ) ;
#2040 = EDGE_CURVE ( 'NONE', #2168, #4096, #4610, .T. ) ;
#2041 = ADVANCED_FACE ( 'NONE', ( #4104 ), #703, .F. ) ;
#2042 = PRESENTATION_LAYER_ASSIGNMENT (  '', '', ( #1578 ) ) ;
#2043 = DIRECTION ( 'NONE',  ( -1.000000000000000000, -0.0000000000000000000, -0.0000000000000000000 ) ) ;
#2044 = EDGE_CURVE ( 'NONE', #1974, #2941, #4206, .T. ) ;
#2045 = ORIENTED_EDGE ( 'NONE', *, *, #1573, .T. ) ;
#2046 = EDGE_CURVE ( 'NONE', #266, #3816, #438, .T. ) ;
#2047 = CARTESIAN_POINT ( 'NONE',  ( -90.00000000000000000, 1200.000000000000000, -90.00000000000000000 ) ) ;
#2048 = ORIENTED_EDGE ( 'NONE', *, *, #3907, .F. ) ;
#2049 = DIRECTION ( 'NONE',  ( -0.0000000000000000000, 1.000000000000000000, -0.0000000000000000000 ) ) ;
#2050 =( LENGTH_UNIT ( ) NAMED_UNIT ( * ) SI_UNIT ( .MILLI., .METRE. ) );
#2051 = PRESENTATION_LAYER_ASSIGNMENT (  '', '', ( #368 ) ) ;
#2052 = COLOUR_RGB ( '',1.000000000000000000, 1.000000000000000000, 1.000000000000000000 ) ;
#2053 = CARTESIAN_POINT ( 'NONE',  ( -67.99999999999991473, 20.00000000000000355, -77.99999999999998579 ) ) ;
#2054 = VECTOR ( 'NONE', #4464, 1000.000000000000000 ) ;
#2055 = LINE ( 'NONE', #4012, #3772 ) ;
#2056 = SURFACE_STYLE_USAGE ( .BOTH. , #974 ) ;
#2057 = CARTESIAN_POINT ( 'NONE',  ( -90.00000000000000000, 20.00000000000000355, -69.99999999999982947 ) ) ;
#2058 = VERTEX_POINT ( 'NONE', #793 ) ;
#2059 = VECTOR ( 'NONE', #3806, 1000.000000000000000 ) ;
#2060 = COLOUR_RGB ( '',1.000000000000000000, 1.000000000000000000, 1.000000000000000000 ) ;
#2061 = DIRECTION ( 'NONE',  ( 0.0000000000000000000, 0.0000000000000000000, -1.000000000000000000 ) ) ;
#2062 = ADVANCED_FACE ( 'NONE', ( #1177 ), #3265, .F. ) ;
#2063 = DIRECTION ( 'NONE',  ( -0.0000000000000000000, -1.000000000000000000, -0.0000000000000000000 ) ) ;
#2064 = EDGE_CURVE ( 'NONE', #3346, #2258, #2329, .T. ) ;
#2065 = FACE_OUTER_BOUND ( 'NONE', #498, .T. ) ;
#2066 = DIRECTION ( 'NONE',  ( -0.0000000000000000000, 1.000000000000000000, -0.0000000000000000000 ) ) ;
#2067 = CARTESIAN_POINT ( 'NONE',  ( 77.99999999999998579, 1180.000000000000000, -67.99999999999991473 ) ) ;
#2068 = ORIENTED_EDGE ( 'NONE', *, *, #2753, .T. ) ;
#2069 = DIRECTION ( 'NONE',  ( 0.0000000000000000000, 0.0000000000000000000, -1.000000000000000000 ) ) ;
#2070 = VECTOR ( 'NONE', #4524, 1000.000000000000000 ) ;
#2071 = FACE_BOUND ( 'NONE', #367, .T. ) ;
#2072 = CIRCLE ( 'NONE', #2319, 9.999999999999994671 ) ;
#2073 = DIRECTION ( 'NONE',  ( -1.000000000000000000, -2.696301922142130194E-33, 1.982541115402069547E-16 ) ) ;
#2074 = ORIENTED_EDGE ( 'NONE', *, *, #3507, .T. ) ;
#2075 = STYLED_ITEM ( 'NONE', ( #1467 ), #1861 ) ;
#2076 = MANIFOLD_SOLID_BREP ( 'M6 Tapped Hole1', #38 ) ;
#2077 = ORIENTED_EDGE ( 'NONE', *, *, #3351, .T. ) ;
#2078 = AXIS2_PLACEMENT_3D ( 'NONE', #2349, #1706, #4226 ) ;
#2079 = CARTESIAN_POINT ( 'NONE',  ( 149.9999999999999716, 0.0000000000000000000, 7.500000000000436984 ) ) ;
#2080 = FILL_AREA_STYLE ('',( #1747 ) ) ;
#2081 = DIRECTION ( 'NONE',  ( -0.0000000000000000000, 1.000000000000000000, -0.0000000000000000000 ) ) ;
#2082 = PRESENTATION_LAYER_ASSIGNMENT (  '', '', ( #2601 ) ) ;
#2083 = VERTEX_POINT ( 'NONE', #1941 ) ;
#2084 = CARTESIAN_POINT ( 'NONE',  ( -90.00000000000000000, 19.99999999999998934, -7.499999999999985789 ) ) ;
#2085 = CARTESIAN_POINT ( 'NONE',  ( 78.00000000000000000, 1115.000000000000000, 45.00000000000000000 ) ) ;
#2086 = VERTEX_POINT ( 'NONE', #139 ) ;
#2087 = CARTESIAN_POINT ( 'NONE',  ( 2.775557561562891351E-14, -1.387778780781445676E-14, -7.499999999999985789 ) ) ;
#2088 = SURFACE_STYLE_USAGE ( .BOTH. , #4261 ) ;
#2089 = ADVANCED_FACE ( 'NONE', ( #2209 ), #3409, .T. ) ;
#2090 = ORIENTED_EDGE ( 'NONE', *, *, #3070, .T. ) ;
#2091 = DIRECTION ( 'NONE',  ( -1.000000000000000000, -1.850582702439379757E-34, -3.081487911019576681E-33 ) ) ;
#2092 = DIRECTION ( 'NONE',  ( 0.0000000000000000000, -1.000000000000000000, 0.0000000000000000000 ) ) ;
#2093 = STYLED_ITEM ( 'NONE', ( #3662 ), #2493 ) ;
#2094 = ORIENTED_EDGE ( 'NONE', *, *, #4445, .T. ) ;
#2095 = DIRECTION ( 'NONE',  ( 0.0000000000000000000, 1.000000000000000000, 0.0000000000000000000 ) ) ;
#2096 = DIRECTION ( 'NONE',  ( 0.0000000000000000000, 1.000000000000000000, 0.0000000000000000000 ) ) ;
#2097 = CARTESIAN_POINT ( 'NONE',  ( 115.0000000000000711, 1200.000000000000000, -124.9999999999999432 ) ) ;
#2098 = DIRECTION ( 'NONE',  ( -0.0000000000000000000, 1.000000000000000000, 0.0000000000000000000 ) ) ;
#2099 = ORIENTED_EDGE ( 'NONE', *, *, #4544, .T. ) ;
#2100 = PRESENTATION_STYLE_ASSIGNMENT (( #2997 ) ) ;
#2101 = DIRECTION ( 'NONE',  ( 0.0000000000000000000, 0.0000000000000000000, -1.000000000000000000 ) ) ;
#2102 = DIRECTION ( 'NONE',  ( 0.0000000000000000000, 1.000000000000000000, 0.0000000000000000000 ) ) ;
#2103 = EDGE_LOOP ( 'NONE', ( #928, #4026, #4036, #3201 ) ) ;
#2104 = DIRECTION ( 'NONE',  ( -0.7071067811865390240, -0.0000000000000000000, -0.7071067811865561215 ) ) ;
#2105 = ADVANCED_FACE ( 'NONE', ( #2265 ), #1988, .F. ) ;
#2106 = LINE ( 'NONE', #1393, #122 ) ;
#2107 = FACE_OUTER_BOUND ( 'NONE', #3116, .T. ) ;
#2108 = AXIS2_PLACEMENT_3D ( 'NONE', #3379, #1641, #1599 ) ;
#2109 = CARTESIAN_POINT ( 'NONE',  ( -70.00000000000000000, 1180.000000000000000, 92.00000000000001421 ) ) ;
#2110 = ORIENTED_EDGE ( 'NONE', *, *, #2620, .F. ) ;
#2111 = CARTESIAN_POINT ( 'NONE',  ( -145.0000000000000284, 20.00000000000000000, -145.0000000000000568 ) ) ;
#2112 = EDGE_LOOP ( 'NONE', ( #2919, #4072, #1323, #3681 ) ) ;
#2113 = DIRECTION ( 'NONE',  ( -0.0000000000000000000, -1.000000000000000000, -0.0000000000000000000 ) ) ;
#2114 = LINE ( 'NONE', #40, #3024 ) ;
#2115 = CARTESIAN_POINT ( 'NONE',  ( -7.499999999999994671, 220.0000000000000284, 109.9999999999999858 ) ) ;
#2116 = PLANE ( 'NONE',  #3948 ) ;
#2117 = PLANE ( 'NONE',  #4308 ) ;
#2118 = LINE ( 'NONE', #1060, #3440 ) ;
#2119 = VECTOR ( 'NONE', #1, 1000.000000000000000 ) ;
#2120 = CIRCLE ( 'NONE', #396, 7.500000000000007105 ) ;
#2121 = ORIENTED_EDGE ( 'NONE', *, *, #2734, .T. ) ;
#2122 = CIRCLE ( 'NONE', #1889, 9.999999999999994671 ) ;
#2123 = VECTOR ( 'NONE', #1585, 1000.000000000000000 ) ;
#2124 = ORIENTED_EDGE ( 'NONE', *, *, #4298, .F. ) ;
#2125 = LINE ( 'NONE', #2649, #4581 ) ;
#2126 = VERTEX_POINT ( 'NONE', #1903 ) ;
#2127 = AXIS2_PLACEMENT_3D ( 'NONE', #4313, #2565, #2518 ) ;
#2128 = EDGE_CURVE ( 'NONE', #3685, #3993, #2557, .T. ) ;
#2129 = ADVANCED_FACE ( 'NONE', ( #3297 ), #3033, .F. ) ;
#2130 = FACE_OUTER_BOUND ( 'NONE', #3450, .T. ) ;
#2131 = ORIENTED_EDGE ( 'NONE', *, *, #84, .F. ) ;
#2132 = CARTESIAN_POINT ( 'NONE',  ( 125.0000000000000568, 1180.000000000000000, -114.9999999999999858 ) ) ;
#2133 = CARTESIAN_POINT ( 'NONE',  ( 124.9999999999999716, 20.00000000000000000, -26.59999999999999787 ) ) ;
#2134 = CARTESIAN_POINT ( 'NONE',  ( -149.9999999999999716, 20.00000000000000000, 150.0000000000000000 ) ) ;
#2135 = EDGE_CURVE ( 'NONE', #711, #1611, #3582, .T. ) ;
#2136 = ORIENTED_EDGE ( 'NONE', *, *, #3569, .T. ) ;
#2137 = CARTESIAN_POINT ( 'NONE',  ( 125.0000000000000568, 1180.000000000000000, 115.0000000000000142 ) ) ;
#2138 = EDGE_LOOP ( 'NONE', ( #1528, #423, #1196, #2068 ) ) ;
#2139 = DIRECTION ( 'NONE',  ( -0.0000000000000000000, 1.000000000000000000, -0.0000000000000000000 ) ) ;
#2140 = CARTESIAN_POINT ( 'NONE',  ( -149.9999999999999432, 0.0000000000000000000, -7.500000000001570299 ) ) ;
#2141 = ORIENTED_EDGE ( 'NONE', *, *, #3988, .T. ) ;
#2142 = ORIENTED_EDGE ( 'NONE', *, *, #4582, .T. ) ;
#2143 = SURFACE_STYLE_USAGE ( .BOTH. , #2540 ) ;
#2144 = PRESENTATION_LAYER_ASSIGNMENT (  '', '', ( #4588 ) ) ;
#2145 =( LENGTH_UNIT ( ) NAMED_UNIT ( * ) SI_UNIT ( .MILLI., .METRE. ) );
#2146 = DIRECTION ( 'NONE',  ( -0.0000000000000000000, 1.000000000000000000, -0.0000000000000000000 ) ) ;
#2147 = AXIS2_PLACEMENT_3D ( 'NONE', #3052, #1322, #3428 ) ;
#2148 = ORIENTED_EDGE ( 'NONE', *, *, #3355, .F. ) ;
#2149 = FILL_AREA_STYLE ('',( #1090 ) ) ;
#2150 = ORIENTED_EDGE ( 'NONE', *, *, #1351, .F. ) ;
#2151 = CARTESIAN_POINT ( 'NONE',  ( 70.00000000000000000, 1180.000000000000000, -95.00000000000000000 ) ) ;
#2152 = DIRECTION ( 'NONE',  ( 0.0000000000000000000, -0.0000000000000000000, 1.000000000000000000 ) ) ;
#2153 = ORIENTED_EDGE ( 'NONE', *, *, #3134, .T. ) ;
#2154 = EDGE_CURVE ( 'NONE', #3506, #3295, #3421, .T. ) ;
#2155 = ORIENTED_EDGE ( 'NONE', *, *, #4092, .T. ) ;
#2156 = CARTESIAN_POINT ( 'NONE',  ( 7.500000000000009770, 20.00000000000001776, 139.9999999999999716 ) ) ;
#2157 = SURFACE_STYLE_FILL_AREA ( #1238 ) ;
#2158 = DIRECTION ( 'NONE',  ( 0.0000000000000000000, 0.0000000000000000000, 1.000000000000000000 ) ) ;
#2159 = STYLED_ITEM ( 'NONE', ( #1362 ), #1523 ) ;
#2160 = VECTOR ( 'NONE', #3508, 1000.000000000000000 ) ;
#2161 = EDGE_LOOP ( 'NONE', ( #1829, #284 ) ) ;
#2162 = DIRECTION ( 'NONE',  ( -0.0000000000000000000, 1.000000000000000000, -0.0000000000000000000 ) ) ;
#2163 = FACE_OUTER_BOUND ( 'NONE', #4288, .T. ) ;
#2164 = PRESENTATION_LAYER_ASSIGNMENT (  '', '', ( #3378 ) ) ;
#2165 = DIRECTION ( 'NONE',  ( -0.7071067811865536790, 0.0000000000000000000, 0.7071067811865414665 ) ) ;
#2166 = CARTESIAN_POINT ( 'NONE',  ( -90.00000000000000000, 19.99999999999998934, 7.500000000000013323 ) ) ;
#2167 = ORIENTED_EDGE ( 'NONE', *, *, #3110, .F. ) ;
#2168 = VERTEX_POINT ( 'NONE', #1986 ) ;
#2169 = CIRCLE ( 'NONE', #892, 7.500000000000007105 ) ;
#2170 = VECTOR ( 'NONE', #960, 1000.000000000000000 ) ;
#2171 = DIRECTION ( 'NONE',  ( -0.0000000000000000000, 1.000000000000000000, -0.0000000000000000000 ) ) ;
#2172 = VERTEX_POINT ( 'NONE', #3114 ) ;
#2173 = ORIENTED_EDGE ( 'NONE', *, *, #1818, .F. ) ;
#2174 = VECTOR ( 'NONE', #2257, 1000.000000000000000 ) ;
#2175 = LINE ( 'NONE', #842, #4168 ) ;
#2176 = DIRECTION ( 'NONE',  ( -0.0000000000000000000, 1.000000000000000000, -0.0000000000000000000 ) ) ;
#2177 = EDGE_LOOP ( 'NONE', ( #643, #1886 ) ) ;
#2178 = CARTESIAN_POINT ( 'NONE',  ( 70.00000000000000000, 1200.000000000000000, -91.50000000000000000 ) ) ;
#2179 = DIRECTION ( 'NONE',  ( 0.0000000000000000000, 0.0000000000000000000, 1.000000000000000000 ) ) ;
#2180 = VERTEX_POINT ( 'NONE', #930 ) ;
#2181 = ADVANCED_FACE ( 'NONE', ( #4380 ), #1688, .F. ) ;
#2182 = CIRCLE ( 'NONE', #3767, 20.00000000000000355 ) ;
#2183 = EDGE_CURVE ( 'NONE', #2440, #3958, #1057, .T. ) ;
#2184 = EDGE_LOOP ( 'NONE', ( #3124, #638, #3723, #258 ) ) ;
#2185 = VECTOR ( 'NONE', #2664, 1000.000000000000000 ) ;
#2186 = ORIENTED_EDGE ( 'NONE', *, *, #549, .T. ) ;
#2187 = DIRECTION ( 'NONE',  ( 0.0000000000000000000, 0.0000000000000000000, 1.000000000000000000 ) ) ;
#2188 = ORIENTED_EDGE ( 'NONE', *, *, #4143, .T. ) ;
#2189 = EDGE_CURVE ( 'NONE', #1730, #1086, #3067, .T. ) ;
#2190 = LINE ( 'NONE', #3690, #1266 ) ;
#2191 = DIRECTION ( 'NONE',  ( -0.0000000000000000000, -1.000000000000000000, -0.0000000000000000000 ) ) ;
#2192 = DIRECTION ( 'NONE',  ( 1.982541115402068808E-16, 2.280433893654434516E-35, 1.000000000000000000 ) ) ;
#2193 = ORIENTED_EDGE ( 'NONE', *, *, #3257, .T. ) ;
#2194 = ADVANCED_FACE ( 'NONE', ( #4156 ), #1297, .F. ) ;
#2195 = EDGE_LOOP ( 'NONE', ( #4515, #4411, #964, #2234 ) ) ;
#2196 = DIRECTION ( 'NONE',  ( -7.401486830834376525E-17, -1.000000000000000000, -0.0000000000000000000 ) ) ;
#2197 = ADVANCED_FACE ( 'NONE', ( #1671 ), #1649, .F. ) ;
#2198 = MECHANICAL_DESIGN_GEOMETRIC_PRESENTATION_REPRESENTATION (  '', ( #4005 ), #3344 ) ;
#2199 = MECHANICAL_DESIGN_GEOMETRIC_PRESENTATION_REPRESENTATION (  '', ( #3117 ), #3613 ) ;
#2200 = ORIENTED_EDGE ( 'NONE', *, *, #4021, .T. ) ;
#2201 = DIRECTION ( 'NONE',  ( -0.0000000000000000000, 1.000000000000000000, -0.0000000000000000000 ) ) ;
#2202 = ORIENTED_EDGE ( 'NONE', *, *, #3870, .F. ) ;
#2203 = AXIS2_PLACEMENT_3D ( 'NONE', #1613, #3350, #1208 ) ;
#2204 = ORIENTED_EDGE ( 'NONE', *, *, #4487, .T. ) ;
#2205 = DIRECTION ( 'NONE',  ( -0.0000000000000000000, -0.0000000000000000000, 1.000000000000000000 ) ) ;
#2206 = DIRECTION ( 'NONE',  ( -1.850371707708594316E-16, 0.0000000000000000000, -1.000000000000000000 ) ) ;
#2207 = ORIENTED_EDGE ( 'NONE', *, *, #260, .F. ) ;
#2208 = DIRECTION ( 'NONE',  ( 6.162975822039150624E-33, 1.000000000000000000, -1.387778780781444597E-17 ) ) ;
#2209 = FACE_OUTER_BOUND ( 'NONE', #3362, .T. ) ;
#2210 = ORIENTED_EDGE ( 'NONE', *, *, #3162, .F. ) ;
#2211 = EDGE_CURVE ( 'NONE', #4502, #2842, #2854, .T. ) ;
#2212 = CARTESIAN_POINT ( 'NONE',  ( -124.9999999999999716, 20.00000000000000000, 125.0000000000000000 ) ) ;
#2213 = FACE_OUTER_BOUND ( 'NONE', #1779, .T. ) ;
#2214 = DIRECTION ( 'NONE',  ( 0.0000000000000000000, 0.0000000000000000000, 1.000000000000000000 ) ) ;
#2215 =( NAMED_UNIT ( * ) SI_UNIT ( $, .STERADIAN. ) SOLID_ANGLE_UNIT ( ) );
#2216 = CARTESIAN_POINT ( 'NONE',  ( 0.0000000000000000000, 0.0000000000000000000, 0.0000000000000000000 ) ) ;
#2217 = DIRECTION ( 'NONE',  ( -0.0000000000000000000, 1.000000000000000000, -0.0000000000000000000 ) ) ;
#2218 = ADVANCED_FACE ( 'NONE', ( #110 ), #4460, .F. ) ;
#2219 = CARTESIAN_POINT ( 'NONE',  ( -70.00000000000000000, 1200.000000000000000, 91.50000000000000000 ) ) ;
#2220 = VECTOR ( 'NONE', #1556, 1000.000000000000000 ) ;
#2221 = ORIENTED_EDGE ( 'NONE', *, *, #4487, .F. ) ;
#2222 = EDGE_LOOP ( 'NONE', ( #1426, #3731, #27, #3129 ) ) ;
#2223 = DIRECTION ( 'NONE',  ( 0.0000000000000000000, 0.0000000000000000000, 1.000000000000000000 ) ) ;
#2224 = LINE ( 'NONE', #2467, #4220 ) ;
#2225 = AXIS2_PLACEMENT_3D ( 'NONE', #2212, #2590, #2570 ) ;
#2226 =( GEOMETRIC_REPRESENTATION_CONTEXT ( 3 ) GLOBAL_UNCERTAINTY_ASSIGNED_CONTEXT ( ( #885 ) ) GLOBAL_UNIT_ASSIGNED_CONTEXT ( ( #2672, #847, #3373 ) ) REPRESENTATION_CONTEXT ( 'NONE', 'WORKASPACE' ) );
#2227 = ORIENTED_EDGE ( 'NONE', *, *, #4144, .F. ) ;
#2228 = CIRCLE ( 'NONE', #4447, 2.999999999999988898 ) ;
#2229 = CIRCLE ( 'NONE', #4192, 20.00000000000000355 ) ;
#2230 = CARTESIAN_POINT ( 'NONE',  ( -2.140462239949360482E-14, 1200.000000000000000, 0.0000000000000000000 ) ) ;
#2231 = VECTOR ( 'NONE', #2841, 1000.000000000000000 ) ;
#2232 =( NAMED_UNIT ( * ) PLANE_ANGLE_UNIT ( ) SI_UNIT ( $, .RADIAN. ) );
#2233 = CARTESIAN_POINT ( 'NONE',  ( 115.0000000000000711, 1200.000000000000000, 125.0000000000000000 ) ) ;
#2234 = ORIENTED_EDGE ( 'NONE', *, *, #53, .T. ) ;
#2235 = LINE ( 'NONE', #3862, #2880 ) ;
#2236 = VERTEX_POINT ( 'NONE', #210 ) ;
#2237 = CYLINDRICAL_SURFACE ( 'NONE', #2859, 2.499999999999946709 ) ;
#2238 = DIRECTION ( 'NONE',  ( 0.0000000000000000000, 1.000000000000000000, 0.0000000000000000000 ) ) ;
#2239 = ORIENTED_EDGE ( 'NONE', *, *, #2717, .T. ) ;
#2240 = ORIENTED_EDGE ( 'NONE', *, *, #2999, .T. ) ;
#2241 = VECTOR ( 'NONE', #3113, 1000.000000000000114 ) ;
#2242 = VERTEX_POINT ( 'NONE', #2719 ) ;
#2243 = CARTESIAN_POINT ( 'NONE',  ( 124.9999999999999716, 20.00000000000000000, -33.39999999999999858 ) ) ;
#2244 = DIRECTION ( 'NONE',  ( 6.162975822039150624E-33, 1.000000000000000000, -1.387778780781444597E-17 ) ) ;
#2245 = EDGE_CURVE ( 'NONE', #1281, #2242, #404, .T. ) ;
#2246 = MECHANICAL_DESIGN_GEOMETRIC_PRESENTATION_REPRESENTATION (  '', ( #4138 ), #4379 ) ;
#2247 = DIRECTION ( 'NONE',  ( -0.7071067811865480168, 0.0000000000000000000, 0.7071067811865470176 ) ) ;
#2248 = ORIENTED_EDGE ( 'NONE', *, *, #823, .T. ) ;
#2249 = ORIENTED_EDGE ( 'NONE', *, *, #503, .T. ) ;
#2250 = CARTESIAN_POINT ( 'NONE',  ( 70.00000000000000000, 1180.000000000000000, -97.99999999999998579 ) ) ;
#2251 = DIRECTION ( 'NONE',  ( -0.0000000000000000000, 1.000000000000000000, -0.0000000000000000000 ) ) ;
#2252 = ORIENTED_EDGE ( 'NONE', *, *, #4055, .T. ) ;
#2253 = PLANE ( 'NONE',  #3710 ) ;
#2254 = ORIENTED_EDGE ( 'NONE', *, *, #2064, .T. ) ;
#2255 = EDGE_CURVE ( 'NONE', #849, #2058, #3549, .T. ) ;
#2256 = AXIS2_PLACEMENT_3D ( 'NONE', #1081, #1488, #731 ) ;
#2257 = DIRECTION ( 'NONE',  ( -0.0000000000000000000, 1.000000000000000000, -0.0000000000000000000 ) ) ;
#2258 = VERTEX_POINT ( 'NONE', #591 ) ;
#2259 = ORIENTED_EDGE ( 'NONE', *, *, #2039, .F. ) ;
#2260 = DIRECTION ( 'NONE',  ( 0.0000000000000000000, 0.0000000000000000000, 1.000000000000000000 ) ) ;
#2261 = PRESENTATION_LAYER_ASSIGNMENT (  '', '', ( #3287 ) ) ;
#2262 = DIRECTION ( 'NONE',  ( -0.0000000000000000000, -1.000000000000000000, -0.0000000000000000000 ) ) ;
#2263 =( GEOMETRIC_REPRESENTATION_CONTEXT ( 3 ) GLOBAL_UNCERTAINTY_ASSIGNED_CONTEXT ( ( #1938 ) ) GLOBAL_UNIT_ASSIGNED_CONTEXT ( ( #1538, #4051, #4422 ) ) REPRESENTATION_CONTEXT ( 'NONE', 'WORKASPACE' ) );
#2264 = ORIENTED_EDGE ( 'NONE', *, *, #2527, .F. ) ;
#2265 = FACE_OUTER_BOUND ( 'NONE', #581, .T. ) ;
#2266 = ORIENTED_EDGE ( 'NONE', *, *, #2341, .T. ) ;
#2267 = CARTESIAN_POINT ( 'NONE',  ( -7.500000000000000000, 220.0000000000000284, -89.99999999999998579 ) ) ;
#2268 = DIRECTION ( 'NONE',  ( 0.0000000000000000000, 0.0000000000000000000, 1.000000000000000000 ) ) ;
#2269 = EDGE_CURVE ( 'NONE', #1601, #3491, #2464, .T. ) ;
#2270 = COLOUR_RGB ( '',1.000000000000000000, 1.000000000000000000, 1.000000000000000000 ) ;
#2271 = ORIENTED_EDGE ( 'NONE', *, *, #28, .F. ) ;
#2272 = CARTESIAN_POINT ( 'NONE',  ( -7.500000000001158185, 0.0000000000000000000, 150.0000000000000284 ) ) ;
#2273 = DIRECTION ( 'NONE',  ( -7.401486830834376525E-17, -1.000000000000000000, -0.0000000000000000000 ) ) ;
#2274 = VECTOR ( 'NONE', #2785, 1000.000000000000000 ) ;
#2275 = UNCERTAINTY_MEASURE_WITH_UNIT (LENGTH_MEASURE( 1.000000000000000082E-05 ), #3841, 'distance_accuracy_value', 'NONE');
#2276 = EDGE_CURVE ( 'NONE', #3939, #701, #2817, .T. ) ;
#2277 = VECTOR ( 'NONE', #1324, 1000.000000000000000 ) ;
#2278 = DIRECTION ( 'NONE',  ( -0.0000000000000000000, 1.000000000000000000, -0.0000000000000000000 ) ) ;
#2279 = CARTESIAN_POINT ( 'NONE',  ( -149.9999999999999432, -0.001000000000001000089, -7.500000000001570299 ) ) ;
#2280 = CARTESIAN_POINT ( 'NONE',  ( 124.9999999999999716, 20.00000000000000000, -125.0000000000000000 ) ) ;
#2281 = CARTESIAN_POINT ( 'NONE',  ( 70.00000000000000000, 1200.000000000000000, -91.50000000000000000 ) ) ;
#2282 = PRESENTATION_STYLE_ASSIGNMENT (( #2343 ) ) ;
#2283 = EDGE_CURVE ( 'NONE', #1212, #2180, #68, .T. ) ;
#2284 = EDGE_CURVE ( 'NONE', #150, #2690, #1579, .T. ) ;
#2285 = SURFACE_SIDE_STYLE ('',( #2157 ) ) ;
#2286 = LINE ( 'NONE', #984, #1628 ) ;
#2287 = ORIENTED_EDGE ( 'NONE', *, *, #1233, .T. ) ;
#2288 = LINE ( 'NONE', #921, #4626 ) ;
#2289 = CYLINDRICAL_SURFACE ( 'NONE', #673, 3.399999999999986144 ) ;
#2290 = ORIENTED_EDGE ( 'NONE', *, *, #3981, .F. ) ;
#2291 = DIRECTION ( 'NONE',  ( 0.7071067811865465735, -5.233641528945909416E-17, -0.7071067811865484609 ) ) ;
#2292 = CARTESIAN_POINT ( 'NONE',  ( -70.00000000000000000, 1200.000000000000000, 98.50000000000000000 ) ) ;
#2293 = CYLINDRICAL_SURFACE ( 'NONE', #2108, 2.499999999999946709 ) ;
#2294 = AXIS2_PLACEMENT_3D ( 'NONE', #1436, #330, #3934 ) ;
#2295 = FACE_OUTER_BOUND ( 'NONE', #2103, .T. ) ;
#2296 = AXIS2_PLACEMENT_3D ( 'NONE', #2907, #4015, #2192 ) ;
#2297 = ORIENTED_EDGE ( 'NONE', *, *, #3398, .F. ) ;
#2298 =( LENGTH_UNIT ( ) NAMED_UNIT ( * ) SI_UNIT ( .MILLI., .METRE. ) );
#2299 = LINE ( 'NONE', #4258, #788 ) ;
#2300 = CARTESIAN_POINT ( 'NONE',  ( 70.00000000000000000, 1199.500000000000000, -95.00000000000000000 ) ) ;
#2301 = CIRCLE ( 'NONE', #3765, 62.50000000000000000 ) ;
#2302 = ORIENTED_EDGE ( 'NONE', *, *, #2014, .F. ) ;
#2303 = PRODUCT_DEFINITION_SHAPE ( 'NONE', 'NONE',  #2030 ) ;
#2304 = ORIENTED_EDGE ( 'NONE', *, *, #1349, .T. ) ;
#2305 = CARTESIAN_POINT ( 'NONE',  ( 124.9999999999999716, 0.0000000000000000000, -30.00000000000000000 ) ) ;
#2306 = CARTESIAN_POINT ( 'NONE',  ( 67.99999999999991473, 1180.000000000000000, -78.00000000000000000 ) ) ;
#2307 = VERTEX_POINT ( 'NONE', #3566 ) ;
#2308 = CARTESIAN_POINT ( 'NONE',  ( 125.0000000000000568, 1200.000000000000000, -114.9999999999999858 ) ) ;
#2309 = CARTESIAN_POINT ( 'NONE',  ( 90.00000000000000000, 1155.000000000000000, 42.50000000000004974 ) ) ;
#2310 = EDGE_CURVE ( 'NONE', #1280, #535, #1254, .T. ) ;
#2311 = DIRECTION ( 'NONE',  ( -3.081487911019576681E-33, 1.540743955509788682E-33, 1.000000000000000000 ) ) ;
#2313 = DIRECTION ( 'NONE',  ( 0.0000000000000000000, 0.0000000000000000000, 1.000000000000000000 ) ) ;
#2312 = FACE_OUTER_BOUND ( 'NONE', #947, .T. ) ;
#2314 = CARTESIAN_POINT ( 'NONE',  ( -69.99999999999985789, 1180.000000000000000, -89.99999999999997158 ) ) ;
#2315 = CARTESIAN_POINT ( 'NONE',  ( 30.00000000000000000, 0.0000000000000000000, -129.5000000000000000 ) ) ;
#2316 = EDGE_LOOP ( 'NONE', ( #3795, #184 ) ) ;
#2317 = EDGE_LOOP ( 'NONE', ( #3444, #3102, #3060, #1302 ) ) ;
#2318 = AXIS2_PLACEMENT_3D ( 'NONE', #98, #4421, #2637 ) ;
#2319 = AXIS2_PLACEMENT_3D ( 'NONE', #2724, #1967, #876 ) ;
#2320 = CARTESIAN_POINT ( 'NONE',  ( 90.00000000000000000, 1155.000000000000000, -42.50000000000004974 ) ) ;
#2321 = CARTESIAN_POINT ( 'NONE',  ( -30.00000000000001421, 20.00000000000000000, -128.3999999999999773 ) ) ;
#2322 = VERTEX_POINT ( 'NONE', #1416 ) ;
#2323 = DIRECTION ( 'NONE',  ( 0.0000000000000000000, 0.0000000000000000000, -1.000000000000000000 ) ) ;
#2324 = ORIENTED_EDGE ( 'NONE', *, *, #1103, .T. ) ;
#2325 = DIRECTION ( 'NONE',  ( 0.0000000000000000000, 0.0000000000000000000, 1.000000000000000000 ) ) ;
#2326 = VERTEX_POINT ( 'NONE', #3833 ) ;
#2327 = SURFACE_SIDE_STYLE ('',( #77 ) ) ;
#2328 = DIRECTION ( 'NONE',  ( 0.0000000000000000000, 1.000000000000000000, 0.0000000000000000000 ) ) ;
#2329 = LINE ( 'NONE', #889, #3125 ) ;
#2330 = PRODUCT_DEFINITION ( 'UNKNOWN', '', #4618, #1711 ) ;
#2331 = ORIENTED_EDGE ( 'NONE', *, *, #2491, .T. ) ;
#2332 = FACE_OUTER_BOUND ( 'NONE', #4257, .T. ) ;
#2333 = ORIENTED_EDGE ( 'NONE', *, *, #2428, .F. ) ;
#2334 = DIRECTION ( 'NONE',  ( 0.0000000000000000000, 1.000000000000000000, 0.0000000000000000000 ) ) ;
#2335 = CARTESIAN_POINT ( 'NONE',  ( -90.00000000000000000, 1180.000000000000000, 84.90000000000000568 ) ) ;
#2336 = MANIFOLD_SOLID_BREP ( 'Gusset1', #1120 ) ;
#2337 = SURFACE_STYLE_USAGE ( .BOTH. , #3779 ) ;
#2338 = DIRECTION ( 'NONE',  ( -0.0000000000000000000, 1.000000000000000000, -0.0000000000000000000 ) ) ;
#2339 = FACE_BOUND ( 'NONE', #1388, .T. ) ;
#2340 = EDGE_LOOP ( 'NONE', ( #4002, #2290 ) ) ;
#2341 = EDGE_CURVE ( 'NONE', #1804, #987, #556, .T. ) ;
#2342 = LINE ( 'NONE', #471, #660 ) ;
#2343 = SURFACE_STYLE_USAGE ( .BOTH. , #2408 ) ;
#2344 =( GEOMETRIC_REPRESENTATION_CONTEXT ( 3 ) GLOBAL_UNCERTAINTY_ASSIGNED_CONTEXT ( ( #4033 ) ) GLOBAL_UNIT_ASSIGNED_CONTEXT ( ( #521, #3763, #3385 ) ) REPRESENTATION_CONTEXT ( 'NONE', 'WORKASPACE' ) );
#2345 = EDGE_LOOP ( 'NONE', ( #2379, #3063, #2748, #950 ) ) ;
#2346 = AXIS2_PLACEMENT_3D ( 'NONE', #3263, #2176, #1815 ) ;
#2347 = FACE_BOUND ( 'NONE', #551, .T. ) ;
#2348 = LINE ( 'NONE', #1764, #4343 ) ;
#2349 = CARTESIAN_POINT ( 'NONE',  ( 90.00000000000000000, 1115.000000000000000, -45.00000000000000000 ) ) ;
#2350 = DIRECTION ( 'NONE',  ( 3.081487911019577365E-33, 1.540743955509788682E-33, 1.000000000000000000 ) ) ;
#2351 = ORIENTED_EDGE ( 'NONE', *, *, #153, .F. ) ;
#2352 = CYLINDRICAL_SURFACE ( 'NONE', #2029, 7.500000000000007105 ) ;
#2353 = ORIENTED_EDGE ( 'NONE', *, *, #2845, .T. ) ;
#2354 = CIRCLE ( 'NONE', #4499, 7.500000000000007105 ) ;
#2355 = CARTESIAN_POINT ( 'NONE',  ( -149.9999999999999432, -0.001000000000001000089, -7.500000000001570299 ) ) ;
#2356 = ORIENTED_EDGE ( 'NONE', *, *, #385, .F. ) ;
#2357 = DIRECTION ( 'NONE',  ( 0.0000000000000000000, 0.0000000000000000000, 1.000000000000000000 ) ) ;
#2358 = ORIENTED_EDGE ( 'NONE', *, *, #2983, .F. ) ;
#2359 = LINE ( 'NONE', #687, #1432 ) ;
#2360 = ORIENTED_EDGE ( 'NONE', *, *, #3727, .T. ) ;
#2361 = DIRECTION ( 'NONE',  ( 7.401486830834376525E-17, 1.000000000000000000, 0.0000000000000000000 ) ) ;
#2362 = DIRECTION ( 'NONE',  ( 0.0000000000000000000, 0.0000000000000000000, -1.000000000000000000 ) ) ;
#2363 = ORIENTED_EDGE ( 'NONE', *, *, #3966, .F. ) ;
#2364 = EDGE_CURVE ( 'NONE', #1567, #2236, #1132, .T. ) ;
#2365 = ORIENTED_EDGE ( 'NONE', *, *, #1755, .T. ) ;
#2366 = VERTEX_POINT ( 'NONE', #272 ) ;
#2367 =( GEOMETRIC_REPRESENTATION_CONTEXT ( 3 ) GLOBAL_UNCERTAINTY_ASSIGNED_CONTEXT ( ( #2549 ) ) GLOBAL_UNIT_ASSIGNED_CONTEXT ( ( #3745, #820, #3366 ) ) REPRESENTATION_CONTEXT ( 'NONE', 'WORKASPACE' ) );
#2368 = CARTESIAN_POINT ( 'NONE',  ( 78.00000000000000000, 1155.000000000000000, 45.00000000000000000 ) ) ;
#2369 = CARTESIAN_POINT ( 'NONE',  ( 90.00000000000000000, 19.99999999999998934, -7.500000000000013323 ) ) ;
#2370 = CARTESIAN_POINT ( 'NONE',  ( 115.0000000000000711, 1200.000000000000000, -124.9999999999999432 ) ) ;
#2371 = ORIENTED_EDGE ( 'NONE', *, *, #2044, .F. ) ;
#2372 = DIRECTION ( 'NONE',  ( -0.7071067811865390240, 0.0000000000000000000, -0.7071067811865561215 ) ) ;
#2373 = EDGE_CURVE ( 'NONE', #4466, #2989, #603, .T. ) ;
#2374 = ORIENTED_EDGE ( 'NONE', *, *, #3849, .F. ) ;
#2375 = DIRECTION ( 'NONE',  ( -0.0000000000000000000, -1.000000000000000000, -0.0000000000000000000 ) ) ;
#2376 = ADVANCED_FACE ( 'NONE', ( #3080 ), #3651, .F. ) ;
#2377 = ORIENTED_EDGE ( 'NONE', *, *, #3693, .F. ) ;
#2378 = CARTESIAN_POINT ( 'NONE',  ( -90.00000000000000000, 1200.000000000000000, 90.00000000000000000 ) ) ;
#2379 = ORIENTED_EDGE ( 'NONE', *, *, #3505, .F. ) ;
#2380 = CARTESIAN_POINT ( 'NONE',  ( 150.0000000000000284, 20.00000000000000000, 139.9999999999999716 ) ) ;
#2381 = ORIENTED_EDGE ( 'NONE', *, *, #3935, .F. ) ;
#2382 = VECTOR ( 'NONE', #3065, 1000.000000000000000 ) ;
#2383 = AXIS2_PLACEMENT_3D ( 'NONE', #1607, #505, #3014 ) ;
#2384 = AXIS2_PLACEMENT_3D ( 'NONE', #2037, #2828, #980 ) ;
#2385 = CARTESIAN_POINT ( 'NONE',  ( 67.99999999999991473, 1180.000000000000000, 77.99999999999995737 ) ) ;
#2386 = AXIS2_PLACEMENT_3D ( 'NONE', #3683, #1121, #2906 ) ;
#2387 = FACE_BOUND ( 'NONE', #4620, .T. ) ;
#2388 = ORIENTED_EDGE ( 'NONE', *, *, #1817, .F. ) ;
#2389 =( NAMED_UNIT ( * ) SI_UNIT ( $, .STERADIAN. ) SOLID_ANGLE_UNIT ( ) );
#2390 = FILL_AREA_STYLE_COLOUR ( '', #4330 ) ;
#2391 = FACE_OUTER_BOUND ( 'NONE', #2658, .T. ) ;
#2392 = VECTOR ( 'NONE', #2247, 1000.000000000000000 ) ;
#2393 = ADVANCED_FACE ( 'NONE', ( #119 ), #1065, .F. ) ;
#2394 = EDGE_LOOP ( 'NONE', ( #2504, #4649, #2099, #3275 ) ) ;
#2395 = ORIENTED_EDGE ( 'NONE', *, *, #625, .F. ) ;
#2396 = VECTOR ( 'NONE', #3906, 1000.000000000000114 ) ;
#2397 = LINE ( 'NONE', #1683, #2516 ) ;
#2398 = ORIENTED_EDGE ( 'NONE', *, *, #1837, .T. ) ;
#2399 = VECTOR ( 'NONE', #1893, 1000.000000000000000 ) ;
#2400 = CARTESIAN_POINT ( 'NONE',  ( -67.99999999999991473, 20.00000000000000355, 78.00000000000000000 ) ) ;
#2401 = FACE_BOUND ( 'NONE', #3837, .T. ) ;
#2402 = EDGE_CURVE ( 'NONE', #1473, #1518, #1294, .T. ) ;
#2403 = VECTOR ( 'NONE', #3515, 1000.000000000000000 ) ;
#2404 = CARTESIAN_POINT ( 'NONE',  ( 70.00000000000000000, 1180.000000000000000, -95.00000000000000000 ) ) ;
#2405 = FACE_BOUND ( 'NONE', #4234, .T. ) ;
#2406 = ORIENTED_EDGE ( 'NONE', *, *, #4445, .F. ) ;
#2407 = DIRECTION ( 'NONE',  ( -7.401486830834376525E-17, -1.000000000000000000, -0.0000000000000000000 ) ) ;
#2408 = SURFACE_SIDE_STYLE ('',( #3253 ) ) ;
#2409 = FACE_OUTER_BOUND ( 'NONE', #2034, .T. ) ;
#2410 = LINE ( 'NONE', #925, #239 ) ;
#2411 = CARTESIAN_POINT ( 'NONE',  ( 69.99999999999985789, 1180.000000000000000, 89.99999999999997158 ) ) ;
#2412 = FACE_OUTER_BOUND ( 'NONE', #2554, .T. ) ;
#2413 = DIRECTION ( 'NONE',  ( 1.982541115402069301E-16, -0.0000000000000000000, 1.000000000000000000 ) ) ;
#2414 = CIRCLE ( 'NONE', #1356, 5.099999999999993427 ) ;
#2415 = EDGE_CURVE ( 'NONE', #3459, #3939, #3591, .T. ) ;
#2416 = PLANE ( 'NONE',  #1560 ) ;
#2417 = DIRECTION ( 'NONE',  ( 0.0000000000000000000, 0.0000000000000000000, 1.000000000000000000 ) ) ;
#2418 = FACE_OUTER_BOUND ( 'NONE', #4178, .T. ) ;
#2419 = ORIENTED_EDGE ( 'NONE', *, *, #577, .F. ) ;
#2420 = EDGE_LOOP ( 'NONE', ( #1329, #2740 ) ) ;
#2421 = DIRECTION ( 'NONE',  ( -0.0000000000000000000, -1.000000000000000000, -0.0000000000000000000 ) ) ;
#2422 = ADVANCED_FACE ( 'NONE', ( #2332 ), #2511, .F. ) ;
#2423 = VERTEX_POINT ( 'NONE', #2509 ) ;
#2424 = DIRECTION ( 'NONE',  ( -0.7071067811865510144, 0.0000000000000000000, 0.7071067811865441310 ) ) ;
#2425 = DIRECTION ( 'NONE',  ( -1.000000000000000000, 0.0000000000000000000, 1.850371707708594316E-16 ) ) ;
#2426 = CARTESIAN_POINT ( 'NONE',  ( 7.500000000000005329, 220.0000000000000284, 109.9999999999999858 ) ) ;
#2427 = MANIFOLD_SOLID_BREP ( 'Gusset2', #1210 ) ;
#2428 = EDGE_CURVE ( 'NONE', #3225, #1696, #3874, .T. ) ;
#2429 = ORIENTED_EDGE ( 'NONE', *, *, #2014, .T. ) ;
#2430 = CIRCLE ( 'NONE', #3425, 75.00000000000001421 ) ;
#2431 = CARTESIAN_POINT ( 'NONE',  ( 140.0000000000000000, 20.00000000000000000, -150.0000000000000000 ) ) ;
#2432 = DIRECTION ( 'NONE',  ( 0.0000000000000000000, 0.0000000000000000000, 1.000000000000000000 ) ) ;
#2433 = PLANE ( 'NONE',  #3654 ) ;
#2434 = EDGE_CURVE ( 'NONE', #915, #150, #2122, .T. ) ;
#2435 = STYLED_ITEM ( 'NONE', ( #1135 ), #1745 ) ;
#2436 = CARTESIAN_POINT ( 'NONE',  ( 150.0000000000000000, -0.001000000000001000089, 7.500000000000524025 ) ) ;
#2437 = VERTEX_POINT ( 'NONE', #2947 ) ;
#2438 = DIRECTION ( 'NONE',  ( -1.000000000000000000, 0.0000000000000000000, -0.0000000000000000000 ) ) ;
#2439 = CARTESIAN_POINT ( 'NONE',  ( -124.9999999999999716, 0.0000000000000000000, 117.5000000000000142 ) ) ;
#2440 = VERTEX_POINT ( 'NONE', #427 ) ;
#2441 = ORIENTED_EDGE ( 'NONE', *, *, #3233, .T. ) ;
#2442 = CARTESIAN_POINT ( 'NONE',  ( 124.9999999999999716, 0.0000000000000000000, 30.00000000000000000 ) ) ;
#2443 = ADVANCED_FACE ( 'NONE', ( #2875 ), #784, .T. ) ;
#2444 = EDGE_LOOP ( 'NONE', ( #2, #3964, #1891, #2365 ) ) ;
#2445 = DIRECTION ( 'NONE',  ( 1.850371707708594316E-16, 0.0000000000000000000, 1.000000000000000000 ) ) ;
#2446 = DIRECTION ( 'NONE',  ( -1.982541115402069054E-16, -2.280433893654428636E-35, -1.000000000000000000 ) ) ;
#2447 = VECTOR ( 'NONE', #424, 1000.000000000000000 ) ;
#2448 = AXIS2_PLACEMENT_3D ( 'NONE', #2931, #3289, #3237 ) ;
#2449 = VECTOR ( 'NONE', #409, 1000.000000000000000 ) ;
#2450 = AXIS2_PLACEMENT_3D ( 'NONE', #353, #2098, #336 ) ;
#2451 = ORIENTED_EDGE ( 'NONE', *, *, #3417, .T. ) ;
#2452 = DIRECTION ( 'NONE',  ( -0.0000000000000000000, -1.000000000000000000, -0.0000000000000000000 ) ) ;
#2453 = COLOUR_RGB ( '',1.000000000000000000, 1.000000000000000000, 1.000000000000000000 ) ;
#2454 = DIRECTION ( 'NONE',  ( 0.0000000000000000000, 0.0000000000000000000, 1.000000000000000000 ) ) ;
#2455 = DIRECTION ( 'NONE',  ( 0.7071067811865465735, 0.0000000000000000000, 0.7071067811865484609 ) ) ;
#2456 = CIRCLE ( 'NONE', #4644, 3.400000000000000355 ) ;
#2457 = AXIS2_PLACEMENT_3D ( 'NONE', #4564, #3920, #995 ) ;
#2458 = ORIENTED_EDGE ( 'NONE', *, *, #1036, .F. ) ;
#2459 = FACE_OUTER_BOUND ( 'NONE', #729, .T. ) ;
#2460 = LINE ( 'NONE', #4238, #3318 ) ;
#2461 = CARTESIAN_POINT ( 'NONE',  ( 90.00000000000000000, 220.0000000000000284, -7.500000000000013323 ) ) ;
#2462 = PLANE ( 'NONE',  #2543 ) ;
#2463 = CARTESIAN_POINT ( 'NONE',  ( -90.00000000000000000, 220.0000000000000284, 7.500000000000013323 ) ) ;
#2464 = CIRCLE ( 'NONE', #4413, 2.499999999999946709 ) ;
#2465 = VECTOR ( 'NONE', #2205, 1000.000000000000000 ) ;
#2466 = LINE ( 'NONE', #774, #4284 ) ;
#2467 = CARTESIAN_POINT ( 'NONE',  ( -30.00000000000001421, 20.00000000000000000, -121.5999999999999943 ) ) ;
#2468 = VERTEX_POINT ( 'NONE', #3677 ) ;
#2469 = DIRECTION ( 'NONE',  ( 0.0000000000000000000, 0.0000000000000000000, 1.000000000000000000 ) ) ;
#2470 = FACE_OUTER_BOUND ( 'NONE', #2195, .T. ) ;
#2471 = VERTEX_POINT ( 'NONE', #3359 ) ;
#2472 = ADVANCED_FACE ( 'NONE', ( #4504 ), #4024, .F. ) ;
#2473 = LINE ( 'NONE', #3324, #1374 ) ;
#2474 = FACE_OUTER_BOUND ( 'NONE', #2535, .T. ) ;
#2475 = EDGE_CURVE ( 'NONE', #101, #3149, #2342, .T. ) ;
#2476 = ORIENTED_EDGE ( 'NONE', *, *, #3935, .T. ) ;
#2477 = CARTESIAN_POINT ( 'NONE',  ( 70.00000000000000000, 1200.000000000000000, -98.50000000000000000 ) ) ;
#2478 = ORIENTED_EDGE ( 'NONE', *, *, #1895, .F. ) ;
#2479 = EDGE_LOOP ( 'NONE', ( #1825, #4538, #957, #1750 ) ) ;
#2480 = AXIS2_PLACEMENT_3D ( 'NONE', #1752, #1379, #3161 ) ;
#2481 = CARTESIAN_POINT ( 'NONE',  ( -30.00000000000001421, 20.00000000000000000, -125.0000000000000000 ) ) ;
#2482 = AXIS2_PLACEMENT_3D ( 'NONE', #4543, #3044, #2357 ) ;
#2483 = ORIENTED_EDGE ( 'NONE', *, *, #935, .T. ) ;
#2484 = CARTESIAN_POINT ( 'NONE',  ( 90.00000000000000000, 220.0000000000000284, 7.499999999999985789 ) ) ;
#2485 = ORIENTED_EDGE ( 'NONE', *, *, #320, .F. ) ;
#2486 = CARTESIAN_POINT ( 'NONE',  ( 30.00000000000001421, 20.00000000000000000, 125.0000000000000000 ) ) ;
#2487 = MANIFOLD_SOLID_BREP ( 'Ø6.0mm Dowel Hole1', #4376 ) ;
#2488 = CARTESIAN_POINT ( 'NONE',  ( 0.0000000000000000000, 1180.000000000000000, 0.0000000000000000000 ) ) ;
#2489 = ORIENTED_EDGE ( 'NONE', *, *, #468, .F. ) ;
#2490 = FILL_AREA_STYLE_COLOUR ( '', #346 ) ;
#2491 = EDGE_CURVE ( 'NONE', #1702, #824, #342, .T. ) ;
#2492 = CARTESIAN_POINT ( 'NONE',  ( 62.49999999999997868, 1200.000000000000000, 0.0000000000000000000 ) ) ;
#2493 = ADVANCED_FACE ( 'NONE', ( #2746 ), #187, .F. ) ;
#2494 = FILL_AREA_STYLE_COLOUR ( '', #1405 ) ;
#2495 = FILL_AREA_STYLE_COLOUR ( '', #3494 ) ;
#2496 = ORIENTED_EDGE ( 'NONE', *, *, #36, .F. ) ;
#2497 = ORIENTED_EDGE ( 'NONE', *, *, #721, .T. ) ;
#2498 = EDGE_CURVE ( 'NONE', #787, #1647, #714, .T. ) ;
#2499 = EDGE_CURVE ( 'NONE', #506, #4155, #554, .T. ) ;
#2500 = DIRECTION ( 'NONE',  ( -0.0000000000000000000, 1.000000000000000000, -0.0000000000000000000 ) ) ;
#2501 = DIRECTION ( 'NONE',  ( 0.0000000000000000000, 0.0000000000000000000, -1.000000000000000000 ) ) ;
#2502 = FILL_AREA_STYLE ('',( #1368 ) ) ;
#2503 = FACE_OUTER_BOUND ( 'NONE', #1919, .T. ) ;
#2504 = ORIENTED_EDGE ( 'NONE', *, *, #1689, .F. ) ;
#2505 = EDGE_CURVE ( 'NONE', #2423, #467, #4518, .T. ) ;
#2506 = DIRECTION ( 'NONE',  ( 0.0000000000000000000, 1.000000000000000000, 0.0000000000000000000 ) ) ;
#2507 = LINE ( 'NONE', #1153, #4160 ) ;
#2508 = DIRECTION ( 'NONE',  ( -0.0000000000000000000, 1.000000000000000000, -0.0000000000000000000 ) ) ;
#2509 = CARTESIAN_POINT ( 'NONE',  ( -90.00000000000000000, 20.00000000000000355, 69.99999999999985789 ) ) ;
#2511 = CYLINDRICAL_SURFACE ( 'NONE', #902, 3.400000000000000355 ) ;
#2510 = DIRECTION ( 'NONE',  ( -0.0000000000000000000, 1.000000000000000000, -0.0000000000000000000 ) ) ;
#2512 = ADVANCED_FACE ( 'NONE', ( #1194 ), #851, .T. ) ;
#2513 = FILL_AREA_STYLE ('',( #2736 ) ) ;
#2514 = CIRCLE ( 'NONE', #2346, 5.099999999999993427 ) ;
#2515 = CARTESIAN_POINT ( 'NONE',  ( 0.0000000000000000000, 20.00000000000000000, -142.5000000000000568 ) ) ;
#2516 = VECTOR ( 'NONE', #4205, 1000.000000000000000 ) ;
#2517 = VERTEX_POINT ( 'NONE', #1642 ) ;
#2518 = DIRECTION ( 'NONE',  ( 0.0000000000000000000, 0.0000000000000000000, 1.000000000000000000 ) ) ;
#2519 = FACE_OUTER_BOUND ( 'NONE', #1079, .T. ) ;
#2520 = LINE ( 'NONE', #360, #3383 ) ;
#2521 = VECTOR ( 'NONE', #1763, 1000.000000000000000 ) ;
#2522 = EDGE_LOOP ( 'NONE', ( #3046, #4034 ) ) ;
#2523 = FACE_OUTER_BOUND ( 'NONE', #358, .T. ) ;
#2524 = ORIENTED_EDGE ( 'NONE', *, *, #3477, .F. ) ;
#2525 = LINE ( 'NONE', #571, #1421 ) ;
#2526 = ORIENTED_EDGE ( 'NONE', *, *, #4198, .T. ) ;
#2527 = EDGE_CURVE ( 'NONE', #1105, #1819, #1072, .T. ) ;
#2528 = COLOUR_RGB ( '',1.000000000000000000, 1.000000000000000000, 1.000000000000000000 ) ;
#2529 = EDGE_LOOP ( 'NONE', ( #1563, #1554, #1920, #931 ) ) ;
#2530 =( GEOMETRIC_REPRESENTATION_CONTEXT ( 3 ) GLOBAL_UNCERTAINTY_ASSIGNED_CONTEXT ( ( #1992 ) ) GLOBAL_UNIT_ASSIGNED_CONTEXT ( ( #2595, #2663, #4585 ) ) REPRESENTATION_CONTEXT ( 'NONE', 'WORKASPACE' ) );
#2531 = CARTESIAN_POINT ( 'NONE',  ( -9.950721815702933470E-13, 20.00000000000000000, 142.5000000000000568 ) ) ;
#2532 = VECTOR ( 'NONE', #4512, 1000.000000000000000 ) ;
#2533 = VERTEX_POINT ( 'NONE', #2315 ) ;
#2534 = VERTEX_POINT ( 'NONE', #2675 ) ;
#2535 = EDGE_LOOP ( 'NONE', ( #617, #3954, #3062, #2094 ) ) ;
#2536 =( NAMED_UNIT ( * ) SI_UNIT ( $, .STERADIAN. ) SOLID_ANGLE_UNIT ( ) );
#2537 = CARTESIAN_POINT ( 'NONE',  ( -69.99999999999998579, 1180.000000000000000, 69.99999999999998579 ) ) ;
#2538 = AXIS2_PLACEMENT_3D ( 'NONE', #3405, #898, #4117 ) ;
#2539 = ORIENTED_EDGE ( 'NONE', *, *, #3781, .F. ) ;
#2540 = SURFACE_SIDE_STYLE ('',( #442 ) ) ;
#2541 = ORIENTED_EDGE ( 'NONE', *, *, #3729, .T. ) ;
#2542 = ADVANCED_FACE ( 'NONE', ( #2575 ), #539, .T. ) ;
#2543 = AXIS2_PLACEMENT_3D ( 'NONE', #1780, #4629, #3880 ) ;
#2544 = PLANE ( 'NONE',  #3517 ) ;
#2545 =( NAMED_UNIT ( * ) SI_UNIT ( $, .STERADIAN. ) SOLID_ANGLE_UNIT ( ) );
#2546 = AXIS2_PLACEMENT_3D ( 'NONE', #3842, #954, #1676 ) ;
#2547 = ORIENTED_EDGE ( 'NONE', *, *, #3729, .F. ) ;
#2548 = PLANE ( 'NONE',  #557 ) ;
#2549 = UNCERTAINTY_MEASURE_WITH_UNIT (LENGTH_MEASURE( 1.000000000000000082E-05 ), #3745, 'distance_accuracy_value', 'NONE');
#2550 = DIRECTION ( 'NONE',  ( 1.000000000000000000, -0.0000000000000000000, -0.0000000000000000000 ) ) ;
#2551 = ORIENTED_EDGE ( 'NONE', *, *, #4055, .F. ) ;
#2552 = ORIENTED_EDGE ( 'NONE', *, *, #226, .T. ) ;
#2553 = DIRECTION ( 'NONE',  ( -1.982541115402069547E-16, -2.280433893654428636E-35, -1.000000000000000000 ) ) ;
#2554 = EDGE_LOOP ( 'NONE', ( #726, #771, #1165, #981 ) ) ;
#2555 = DIRECTION ( 'NONE',  ( 1.423415318369273723E-33, -1.000000000000000000, 3.081487911019576681E-33 ) ) ;
#2556 = ORIENTED_EDGE ( 'NONE', *, *, #4479, .F. ) ;
#2557 = LINE ( 'NONE', #857, #1615 ) ;
#2558 = ORIENTED_EDGE ( 'NONE', *, *, #594, .F. ) ;
#2559 = PLANE ( 'NONE',  #3550 ) ;
#2560 = AXIS2_PLACEMENT_3D ( 'NONE', #4530, #2338, #522 ) ;
#2561 = DIRECTION ( 'NONE',  ( 1.000000000000000000, 1.850582702439379757E-34, -3.081487911019577365E-33 ) ) ;
#2562 = DIRECTION ( 'NONE',  ( 0.0000000000000000000, 0.0000000000000000000, 1.000000000000000000 ) ) ;
#2563 = DIRECTION ( 'NONE',  ( -0.0000000000000000000, 1.000000000000000000, -0.0000000000000000000 ) ) ;
#2564 = EDGE_LOOP ( 'NONE', ( #2131, #249, #3154, #1636 ) ) ;
#2565 = DIRECTION ( 'NONE',  ( 0.0000000000000000000, 1.000000000000000000, 0.0000000000000000000 ) ) ;
#2566 = VECTOR ( 'NONE', #2273, 1000.000000000000000 ) ;
#2567 = MECHANICAL_DESIGN_GEOMETRIC_PRESENTATION_REPRESENTATION (  '', ( #1761 ), #635 ) ;
#2568 = AXIS2_PLACEMENT_3D ( 'NONE', #4174, #3059, #1285 ) ;
#2569 = VECTOR ( 'NONE', #2113, 1000.000000000000000 ) ;
#2570 = DIRECTION ( 'NONE',  ( 0.0000000000000000000, 0.0000000000000000000, 1.000000000000000000 ) ) ;
#2571 = DIRECTION ( 'NONE',  ( -0.0000000000000000000, 1.000000000000000000, -0.0000000000000000000 ) ) ;
#2572 = EDGE_LOOP ( 'NONE', ( #3204, #3860 ) ) ;
#2573 = DIRECTION ( 'NONE',  ( -1.000000000000000000, -1.850582702439379757E-34, 3.081487911019577365E-33 ) ) ;
#2574 = CIRCLE ( 'NONE', #1847, 9.999999999999994671 ) ;
#2575 = FACE_OUTER_BOUND ( 'NONE', #3216, .T. ) ;
#2576 = VECTOR ( 'NONE', #1308, 1000.000000000000000 ) ;
#2577 = DIRECTION ( 'NONE',  ( 0.0000000000000000000, 0.0000000000000000000, 1.000000000000000000 ) ) ;
#2578 = DIRECTION ( 'NONE',  ( -1.982541115402069054E-16, -2.280433893654428636E-35, -1.000000000000000000 ) ) ;
#2579 = CARTESIAN_POINT ( 'NONE',  ( 150.0000000000000000, 0.0000000000000000000, 7.500000000000524025 ) ) ;
#2580 = ORIENTED_EDGE ( 'NONE', *, *, #2612, .T. ) ;
#2581 = FACE_BOUND ( 'NONE', #4375, .T. ) ;
#2582 = COLOUR_RGB ( '',1.000000000000000000, 1.000000000000000000, 1.000000000000000000 ) ;
#2583 = ORIENTED_EDGE ( 'NONE', *, *, #2064, .F. ) ;
#2584 = DIRECTION ( 'NONE',  ( -0.0000000000000000000, 1.000000000000000000, -0.0000000000000000000 ) ) ;
#2585 = FACE_BOUND ( 'NONE', #292, .T. ) ;
#2586 = PLANE ( 'NONE',  #1991 ) ;
#2587 = FACE_OUTER_BOUND ( 'NONE', #3433, .T. ) ;
#2588 = CIRCLE ( 'NONE', #2450, 9.999999999999994671 ) ;
#2589 = VERTEX_POINT ( 'NONE', #3017 ) ;
#2590 = DIRECTION ( 'NONE',  ( -0.0000000000000000000, 1.000000000000000000, -0.0000000000000000000 ) ) ;
#2591 = VERTEX_POINT ( 'NONE', #867 ) ;
#2592 = SURFACE_STYLE_USAGE ( .BOTH. , #4437 ) ;
#2593 = VERTEX_POINT ( 'NONE', #4520 ) ;
#2594 = EDGE_CURVE ( 'NONE', #3647, #1281, #3890, .T. ) ;
#2595 =( LENGTH_UNIT ( ) NAMED_UNIT ( * ) SI_UNIT ( .MILLI., .METRE. ) );
#2596 = DIRECTION ( 'NONE',  ( -0.9805806756909202226, -0.1961161351381840445, -3.081487911019576339E-33 ) ) ;
#2597 = AXIS2_PLACEMENT_3D ( 'NONE', #2697, #1634, #1651 ) ;
#2598 = ORIENTED_EDGE ( 'NONE', *, *, #431, .T. ) ;
#2599 = DIRECTION ( 'NONE',  ( 0.0000000000000000000, 1.000000000000000000, 0.0000000000000000000 ) ) ;
#2600 = SURFACE_SIDE_STYLE ('',( #881 ) ) ;
#2601 = STYLED_ITEM ( 'NONE', ( #10 ), #3571 ) ;
#2602 = CARTESIAN_POINT ( 'NONE',  ( -7.499999999999989342, 20.00000000000001776, 139.9999999999999716 ) ) ;
#2603 = DIRECTION ( 'NONE',  ( 1.000000000000000000, 2.696301922142130194E-33, -1.982541115402069547E-16 ) ) ;
#2604 = CARTESIAN_POINT ( 'NONE',  ( 7.499999999999992006, 19.99999999999994671, -139.9999999999999716 ) ) ;
#2605 = ORIENTED_EDGE ( 'NONE', *, *, #3864, .T. ) ;
#2606 = AXIS2_PLACEMENT_3D ( 'NONE', #832, #1201, #496 ) ;
#2607 = DIRECTION ( 'NONE',  ( -0.7071067811865434649, 0.0000000000000000000, -0.7071067811865516806 ) ) ;
#2608 = ADVANCED_FACE ( 'NONE', ( #4278 ), #1136, .F. ) ;
#2609 = CARTESIAN_POINT ( 'NONE',  ( -7.500000000000000000, 20.00000000000000000, -150.0000000000000284 ) ) ;
#2610 = CARTESIAN_POINT ( 'NONE',  ( -140.0000000000000000, 19.99999999999998934, 7.500000000000013323 ) ) ;
#2611 = DIRECTION ( 'NONE',  ( -0.0000000000000000000, 1.000000000000000000, -0.0000000000000000000 ) ) ;
#2612 = EDGE_CURVE ( 'NONE', #1212, #987, #3486, .T. ) ;
#2613 = ORIENTED_EDGE ( 'NONE', *, *, #1627, .F. ) ;
#2614 = DIRECTION ( 'NONE',  ( 0.0000000000000000000, 0.0000000000000000000, 1.000000000000000000 ) ) ;
#2615 = CARTESIAN_POINT ( 'NONE',  ( 90.00000000000000000, 1155.000000000000000, -47.49999999999994316 ) ) ;
#2616 = AXIS2_PLACEMENT_3D ( 'NONE', #1112, #91, #2943 ) ;
#2617 = ORIENTED_EDGE ( 'NONE', *, *, #3351, .F. ) ;
#2618 = ORIENTED_EDGE ( 'NONE', *, *, #4172, .F. ) ;
#2619 = EDGE_CURVE ( 'NONE', #214, #1102, #3029, .T. ) ;
#2620 = EDGE_CURVE ( 'NONE', #3850, #3470, #3437, .T. ) ;
#2621 = AXIS2_PLACEMENT_3D ( 'NONE', #1227, #861, #1908 ) ;
#2622 = EDGE_CURVE ( 'NONE', #1974, #2437, #67, .T. ) ;
#2623 = CARTESIAN_POINT ( 'NONE',  ( -124.9999999999999432, 1200.000000000000000, 115.0000000000000426 ) ) ;
#2624 = AXIS2_PLACEMENT_3D ( 'NONE', #1213, #808, #2966 ) ;
#2625 = VECTOR ( 'NONE', #2853, 1000.000000000000000 ) ;
#2626 = EDGE_CURVE ( 'NONE', #1398, #4636, #2977, .T. ) ;
#2627 = DIRECTION ( 'NONE',  ( 0.0000000000000000000, 0.0000000000000000000, 1.000000000000000000 ) ) ;
#2628 = CIRCLE ( 'NONE', #3169, 2.999999999999988898 ) ;
#2629 = ORIENTED_EDGE ( 'NONE', *, *, #4428, .T. ) ;
#2630 = VERTEX_POINT ( 'NONE', #586 ) ;
#2631 = CARTESIAN_POINT ( 'NONE',  ( -90.00000000000000000, 1180.000000000000000, -84.90000000000000568 ) ) ;
#2632 = CARTESIAN_POINT ( 'NONE',  ( 7.500000000000000000, 20.00000000000003197, 89.99999999999998579 ) ) ;
#2633 = VECTOR ( 'NONE', #3970, 1000.000000000000000 ) ;
#2634 = AXIS2_PLACEMENT_3D ( 'NONE', #456, #3665, #792 ) ;
#2635 = AXIS2_PLACEMENT_3D ( 'NONE', #441, #1828, #1816 ) ;
#2636 = EDGE_LOOP ( 'NONE', ( #1414, #2419, #3664, #609 ) ) ;
#2637 = DIRECTION ( 'NONE',  ( 0.0000000000000000000, 0.0000000000000000000, 1.000000000000000000 ) ) ;
#2638 = LINE ( 'NONE', #2309, #2059 ) ;
#2639 = CONICAL_SURFACE ( 'NONE', #1882, 3.500000000000003109, 0.7853981633975037902 ) ;
#2640 = FACE_BOUND ( 'NONE', #749, .T. ) ;
#2641 = DIRECTION ( 'NONE',  ( 0.0000000000000000000, 0.0000000000000000000, 1.000000000000000000 ) ) ;
#2642 = CARTESIAN_POINT ( 'NONE',  ( 70.00000000000000000, 1200.000000000000000, -98.00000000000000000 ) ) ;
#2643 = LINE ( 'NONE', #3814, #22 ) ;
#2644 = ORIENTED_EDGE ( 'NONE', *, *, #2373, .T. ) ;
#2645 = CIRCLE ( 'NONE', #3431, 3.500000000000003109 ) ;
#2646 = FACE_OUTER_BOUND ( 'NONE', #3035, .T. ) ;
#2647 = DIRECTION ( 'NONE',  ( -0.7071067811865490160, 0.0000000000000000000, 0.7071067811865460184 ) ) ;
#2648 = EDGE_LOOP ( 'NONE', ( #324, #1043, #3997, #1751 ) ) ;
#2649 = CARTESIAN_POINT ( 'NONE',  ( 90.00000000000000000, 1180.000000000000000, 69.99999999999982947 ) ) ;
#2650 = VECTOR ( 'NONE', #3006, 1000.000000000000000 ) ;
#2651 = VERTEX_POINT ( 'NONE', #926 ) ;
#2652 = CARTESIAN_POINT ( 'NONE',  ( 9.184850993605150311E-15, 0.0000000000000000000, -75.00000000000001421 ) ) ;
#2653 = EDGE_CURVE ( 'NONE', #3526, #4449, #2009, .T. ) ;
#2654 = FACE_OUTER_BOUND ( 'NONE', #1835, .T. ) ;
#2655 = DIRECTION ( 'NONE',  ( 1.000000000000000000, 1.540743955509788682E-33, -1.982541115402069547E-16 ) ) ;
#2656 = ORIENTED_EDGE ( 'NONE', *, *, #4021, .F. ) ;
#2657 = PRESENTATION_LAYER_ASSIGNMENT (  '', '', ( #2159 ) ) ;
#2658 = EDGE_LOOP ( 'NONE', ( #883, #1610, #3667, #1159 ) ) ;
#2659 = CARTESIAN_POINT ( 'NONE',  ( 124.9999999999999716, 0.0000000000000000000, -125.0000000000000000 ) ) ;
#2660 = CARTESIAN_POINT ( 'NONE',  ( 90.00000000000000000, 1115.000000000000000, -45.00000000000000000 ) ) ;
#2661 = EDGE_CURVE ( 'NONE', #1776, #2086, #2460, .T. ) ;
#2662 = VERTEX_POINT ( 'NONE', #4578 ) ;
#2663 =( NAMED_UNIT ( * ) PLANE_ANGLE_UNIT ( ) SI_UNIT ( $, .RADIAN. ) );
#2664 = DIRECTION ( 'NONE',  ( 3.081487911019577365E-33, 1.540743955509788682E-33, 1.000000000000000000 ) ) ;
#2665 = DIRECTION ( 'NONE',  ( 1.155557966632341512E-33, 1.000000000000000000, 4.901829378616506198E-34 ) ) ;
#2666 = CARTESIAN_POINT ( 'NONE',  ( -140.0000000000000000, 20.00000000000000000, 150.0000000000000000 ) ) ;
#2667 = ORIENTED_EDGE ( 'NONE', *, *, #289, .T. ) ;
#2668 = AXIS2_PLACEMENT_3D ( 'NONE', #1400, #2413, #3918 ) ;
#2669 = CARTESIAN_POINT ( 'NONE',  ( 7.500000000000009770, 20.00000000000001776, 139.9999999999999716 ) ) ;
#2670 = DIRECTION ( 'NONE',  ( 1.850371707708594316E-16, 0.0000000000000000000, 1.000000000000000000 ) ) ;
#2671 = EDGE_LOOP ( 'NONE', ( #532, #1318, #2855, #2458, #4574 ) ) ;
#2672 =( LENGTH_UNIT ( ) NAMED_UNIT ( * ) SI_UNIT ( .MILLI., .METRE. ) );
#2673 = CARTESIAN_POINT ( 'NONE',  ( -7.500000000000000000, -0.001000000000001000089, -150.0000000000000284 ) ) ;
#2674 = EDGE_LOOP ( 'NONE', ( #3260, #495, #598, #4587 ) ) ;
#2675 = CARTESIAN_POINT ( 'NONE',  ( -124.9999999999999716, 0.0000000000000000000, 33.39999999999999858 ) ) ;
#2676 = ORIENTED_EDGE ( 'NONE', *, *, #1844, .F. ) ;
#2677 = DIRECTION ( 'NONE',  ( 0.0000000000000000000, 0.0000000000000000000, 1.000000000000000000 ) ) ;
#2678 = VECTOR ( 'NONE', #2806, 1000.000000000000000 ) ;
#2679 = ORIENTED_EDGE ( 'NONE', *, *, #927, .F. ) ;
#2680 = DIRECTION ( 'NONE',  ( 0.0000000000000000000, 0.0000000000000000000, 1.000000000000000000 ) ) ;
#2681 = CARTESIAN_POINT ( 'NONE',  ( 125.0000000000000568, 1200.000000000000000, 115.0000000000000142 ) ) ;
#2682 = DIRECTION ( 'NONE',  ( -0.0000000000000000000, 1.000000000000000000, -0.0000000000000000000 ) ) ;
#2683 = LINE ( 'NONE', #1434, #1729 ) ;
#2684 = ORIENTED_EDGE ( 'NONE', *, *, #3757, .F. ) ;
#2685 = AXIS2_PLACEMENT_3D ( 'NONE', #2713, #3797, #1635 ) ;
#2686 = EDGE_CURVE ( 'NONE', #418, #576, #4222, .T. ) ;
#2687 = LINE ( 'NONE', #3927, #2054 ) ;
#2688 =( GEOMETRIC_REPRESENTATION_CONTEXT ( 3 ) GLOBAL_UNCERTAINTY_ASSIGNED_CONTEXT ( ( #969 ) ) GLOBAL_UNIT_ASSIGNED_CONTEXT ( ( #3805, #1944, #1993 ) ) REPRESENTATION_CONTEXT ( 'NONE', 'WORKASPACE' ) );
#2689 = LINE ( 'NONE', #4593, #2924 ) ;
#2690 = VERTEX_POINT ( 'NONE', #1331 ) ;
#2691 = DIRECTION ( 'NONE',  ( 0.0000000000000000000, 1.000000000000000000, 0.0000000000000000000 ) ) ;
#2692 = CIRCLE ( 'NONE', #2714, 3.400000000000000355 ) ;
#2693 = VECTOR ( 'NONE', #2010, 1000.000000000000000 ) ;
#2694 = FACE_BOUND ( 'NONE', #3709, .T. ) ;
#2695 = SURFACE_STYLE_FILL_AREA ( #4052 ) ;
#2696 = VERTEX_POINT ( 'NONE', #3108 ) ;
#2697 = CARTESIAN_POINT ( 'NONE',  ( 69.99999999999998579, 1180.000000000000000, -69.99999999999998579 ) ) ;
#2698 = AXIS2_PLACEMENT_3D ( 'NONE', #1231, #2571, #783 ) ;
#2699 = LINE ( 'NONE', #2370, #1742 ) ;
#2700 = AXIS2_PLACEMENT_3D ( 'NONE', #3590, #2901, #733 ) ;
#2701 = ORIENTED_EDGE ( 'NONE', *, *, #3623, .T. ) ;
#2702 = CARTESIAN_POINT ( 'NONE',  ( 78.00000000000000000, 1180.000000000000000, 67.99999999999990052 ) ) ;
#2703 = AXIS2_PLACEMENT_3D ( 'NONE', #1775, #1074, #1028 ) ;
#2704 = CYLINDRICAL_SURFACE ( 'NONE', #2480, 4.500000000000003553 ) ;
#2705 = CARTESIAN_POINT ( 'NONE',  ( -124.9999999999999716, 20.00000000000000000, -125.0000000000000000 ) ) ;
#2706 = LINE ( 'NONE', #3266, #1748 ) ;
#2707 = ORIENTED_EDGE ( 'NONE', *, *, #875, .F. ) ;
#2708 = MECHANICAL_DESIGN_GEOMETRIC_PRESENTATION_REPRESENTATION (  '', ( #3829 ), #2772 ) ;
#2709 = EDGE_LOOP ( 'NONE', ( #1933, #872, #4363, #3601 ) ) ;
#2710 = CARTESIAN_POINT ( 'NONE',  ( -7.499999999999982236, -4.163336342344337027E-14, 6.938893903907228378E-14 ) ) ;
#2711 = DIRECTION ( 'NONE',  ( -0.0000000000000000000, 1.000000000000000000, -0.0000000000000000000 ) ) ;
#2712 = ORIENTED_EDGE ( 'NONE', *, *, #3192, .F. ) ;
#2713 = CARTESIAN_POINT ( 'NONE',  ( -70.00000000000000000, 1180.000000000000000, 95.00000000000000000 ) ) ;
#2714 = AXIS2_PLACEMENT_3D ( 'NONE', #190, #3764, #173 ) ;
#2715 = CARTESIAN_POINT ( 'NONE',  ( -7.500000000000005329, 220.0000000000000284, -109.9999999999999858 ) ) ;
#2716 = DIRECTION ( 'NONE',  ( -0.0000000000000000000, 1.000000000000000000, -0.0000000000000000000 ) ) ;
#2717 = EDGE_CURVE ( 'NONE', #1337, #191, #2397, .T. ) ;
#2718 = EDGE_LOOP ( 'NONE', ( #651, #3085, #3279, #4381 ) ) ;
#2719 = CARTESIAN_POINT ( 'NONE',  ( -78.00000000000000000, 20.00000000000000355, 67.99999999999991473 ) ) ;
#2720 = EDGE_LOOP ( 'NONE', ( #1855, #529, #233, #3197 ) ) ;
#2721 = AXIS2_PLACEMENT_3D ( 'NONE', #3349, #2599, #2577 ) ;
#2722 = DIRECTION ( 'NONE',  ( -0.7071067811865489050, 0.0000000000000000000, -0.7071067811865461294 ) ) ;
#2723 = DIRECTION ( 'NONE',  ( 1.000000000000000000, 0.0000000000000000000, 0.0000000000000000000 ) ) ;
#2724 = CARTESIAN_POINT ( 'NONE',  ( 67.99999999999998579, 20.00000000000000355, -68.00000000000000000 ) ) ;
#2725 = VERTEX_POINT ( 'NONE', #579 ) ;
#2726 = ORIENTED_EDGE ( 'NONE', *, *, #4624, .F. ) ;
#2727 = CARTESIAN_POINT ( 'NONE',  ( -150.0000000000000284, 20.00000000000000000, -150.0000000000000000 ) ) ;
#2728 = EDGE_LOOP ( 'NONE', ( #1625, #4497, #2618, #4176 ) ) ;
#2729 = FACE_BOUND ( 'NONE', #4341, .T. ) ;
#2730 = ADVANCED_FACE ( 'NONE', ( #599 ), #4339, .F. ) ;
#2731 = ORIENTED_EDGE ( 'NONE', *, *, #2622, .F. ) ;
#2732 = DIRECTION ( 'NONE',  ( 0.0000000000000000000, 0.0000000000000000000, -1.000000000000000000 ) ) ;
#2733 = CARTESIAN_POINT ( 'NONE',  ( -78.00000000000000000, 1180.000000000000000, 67.99999999999991473 ) ) ;
#2734 = EDGE_CURVE ( 'NONE', #3816, #817, #2229, .T. ) ;
#2735 = VECTOR ( 'NONE', #3488, 1000.000000000000114 ) ;
#2736 = FILL_AREA_STYLE_COLOUR ( '', #891 ) ;
#2737 = DIRECTION ( 'NONE',  ( 0.7071067811865455743, -0.0000000000000000000, 0.7071067811865493491 ) ) ;
#2738 = PLANE ( 'NONE',  #3638 ) ;
#2739 = LINE ( 'NONE', #4249, #1896 ) ;
#2740 = ORIENTED_EDGE ( 'NONE', *, *, #3012, .T. ) ;
#2741 = EDGE_CURVE ( 'NONE', #4557, #1212, #4572, .T. ) ;
#2742 = ORIENTED_EDGE ( 'NONE', *, *, #1672, .T. ) ;
#2743 = CYLINDRICAL_SURFACE ( 'NONE', #4528, 3.000000000000002665 ) ;
#2744 = PLANE ( 'NONE',  #4150 ) ;
#2745 = LINE ( 'NONE', #1592, #948 ) ;
#2746 = FACE_OUTER_BOUND ( 'NONE', #2444, .T. ) ;
#2747 = DIRECTION ( 'NONE',  ( 1.850371707708594316E-16, 0.0000000000000000000, 1.000000000000000000 ) ) ;
#2748 = ORIENTED_EDGE ( 'NONE', *, *, #4326, .T. ) ;
#2749 = ORIENTED_EDGE ( 'NONE', *, *, #1573, .F. ) ;
#2750 = VECTOR ( 'NONE', #1530, 1000.000000000000000 ) ;
#2751 = SURFACE_STYLE_FILL_AREA ( #3285 ) ;
#2752 = LINE ( 'NONE', #2166, #2633 ) ;
#2753 = EDGE_CURVE ( 'NONE', #2258, #2820, #1200, .T. ) ;
#2754 = CARTESIAN_POINT ( 'NONE',  ( 0.0000000000000000000, 20.00000000000000000, 0.0000000000000000000 ) ) ;
#2755 = SURFACE_SIDE_STYLE ('',( #3894 ) ) ;
#2756 = PRESENTATION_STYLE_ASSIGNMENT (( #4630 ) ) ;
#2757 = CIRCLE ( 'NONE', #2294, 5.099999999999993427 ) ;
#2758 = SURFACE_STYLE_FILL_AREA ( #4195 ) ;
#2759 = VECTOR ( 'NONE', #1798, 1000.000000000000000 ) ;
#2760 = ORIENTED_EDGE ( 'NONE', *, *, #545, .F. ) ;
#2761 = SURFACE_SIDE_STYLE ('',( #3818 ) ) ;
#2762 = DIRECTION ( 'NONE',  ( 0.0000000000000000000, 1.000000000000000000, 0.0000000000000000000 ) ) ;
#2763 = LINE ( 'NONE', #4082, #4347 ) ;
#2764 = PRODUCT_RELATED_PRODUCT_CATEGORY ( 'part', '', ( #1517 ) ) ;
#2765 = ADVANCED_FACE ( 'NONE', ( #3490 ), #4303, .F. ) ;
#2766 = VECTOR ( 'NONE', #3714, 1000.000000000000000 ) ;
#2767 = VERTEX_POINT ( 'NONE', #2439 ) ;
#2768 = FILL_AREA_STYLE ('',( #4575 ) ) ;
#2769 = DIRECTION ( 'NONE',  ( 0.0000000000000000000, 0.0000000000000000000, -1.000000000000000000 ) ) ;
#2770 = FILL_AREA_STYLE ('',( #2390 ) ) ;
#2771 = EDGE_LOOP ( 'NONE', ( #778, #69, #1787, #1270 ) ) ;
#2772 =( GEOMETRIC_REPRESENTATION_CONTEXT ( 3 ) GLOBAL_UNCERTAINTY_ASSIGNED_CONTEXT ( ( #1716 ) ) GLOBAL_UNIT_ASSIGNED_CONTEXT ( ( #2050, #3548, #4598 ) ) REPRESENTATION_CONTEXT ( 'NONE', 'WORKASPACE' ) );
#2773 = CARTESIAN_POINT ( 'NONE',  ( 90.00000000000000000, 1155.000000000000000, 45.00000000000000000 ) ) ;
#2774 = EDGE_CURVE ( 'NONE', #2593, #52, #2980, .T. ) ;
#2775 = EDGE_CURVE ( 'NONE', #4502, #4227, #3441, .T. ) ;
#2776 = ORIENTED_EDGE ( 'NONE', *, *, #910, .T. ) ;
#2777 = DIRECTION ( 'NONE',  ( 0.0000000000000000000, 0.0000000000000000000, -1.000000000000000000 ) ) ;
#2778 = DIRECTION ( 'NONE',  ( 0.7071067811865475727, 0.0000000000000000000, 0.7071067811865475727 ) ) ;
#2779 = AXIS2_PLACEMENT_3D ( 'NONE', #303, #2972, #3333 ) ;
#2780 = DIRECTION ( 'NONE',  ( -0.0000000000000000000, 1.000000000000000000, -0.0000000000000000000 ) ) ;
#2781 = CARTESIAN_POINT ( 'NONE',  ( -2.140462239949360482E-14, 1200.000000000000000, 0.0000000000000000000 ) ) ;
#2782 = EDGE_CURVE ( 'NONE', #4611, #4146, #2520, .T. ) ;
#2783 = UNCERTAINTY_MEASURE_WITH_UNIT (LENGTH_MEASURE( 1.000000000000000082E-05 ), #99, 'distance_accuracy_value', 'NONE');
#2784 = EDGE_LOOP ( 'NONE', ( #3561, #97, #940, #970 ) ) ;
#2785 = DIRECTION ( 'NONE',  ( 1.000000000000000000, 1.850582702439379757E-34, 3.081487911019576681E-33 ) ) ;
#2786 = ADVANCED_FACE ( 'NONE', ( #4458 ), #3537, .F. ) ;
#2787 = CARTESIAN_POINT ( 'NONE',  ( -150.0000000000000284, 20.00000000000000000, -150.0000000000000000 ) ) ;
#2788 = CARTESIAN_POINT ( 'NONE',  ( -142.5000000000000568, -0.001000000000001000089, -1.492608272355440021E-12 ) ) ;
#2789 = ORIENTED_EDGE ( 'NONE', *, *, #1228, .T. ) ;
#2790 = PRESENTATION_LAYER_ASSIGNMENT (  '', '', ( #3820 ) ) ;
#2791 = CARTESIAN_POINT ( 'NONE',  ( -140.0000000000000000, 19.99999999999998934, -7.499999999999985789 ) ) ;
#2792 = AXIS2_PLACEMENT_3D ( 'NONE', #1754, #1443, #4311 ) ;
#2793 = CARTESIAN_POINT ( 'NONE',  ( -90.00000000000000000, 1180.000000000000000, 69.99999999999985789 ) ) ;
#2794 = LINE ( 'NONE', #2673, #3937 ) ;
#2795 = FACE_BOUND ( 'NONE', #2177, .T. ) ;
#2796 = ORIENTED_EDGE ( 'NONE', *, *, #1444, .F. ) ;
#2797 = DIRECTION ( 'NONE',  ( 0.0000000000000000000, -0.0000000000000000000, 1.000000000000000000 ) ) ;
#2798 = CARTESIAN_POINT ( 'NONE',  ( 90.00000000000000000, 1180.000000000000000, -69.99999999999985789 ) ) ;
#2799 = CIRCLE ( 'NONE', #3299, 2.499999999999946709 ) ;
#2800 = VERTEX_POINT ( 'NONE', #1007 ) ;
#2801 = CARTESIAN_POINT ( 'NONE',  ( -124.9999999999999716, 20.00000000000000000, -125.0000000000000000 ) ) ;
#2802 = FILL_AREA_STYLE_COLOUR ( '', #2582 ) ;
#2803 = ORIENTED_EDGE ( 'NONE', *, *, #3103, .F. ) ;
#2804 = VECTOR ( 'NONE', #4059, 1000.000000000000000 ) ;
#2805 = EDGE_CURVE ( 'NONE', #4353, #101, #2013, .T. ) ;
#2806 = DIRECTION ( 'NONE',  ( 3.081487911019577365E-33, 1.540743955509788682E-33, 1.000000000000000000 ) ) ;
#2807 = ORIENTED_EDGE ( 'NONE', *, *, #3757, .T. ) ;
#2808 = CARTESIAN_POINT ( 'NONE',  ( 124.9999999999999716, 20.00000000000000000, 125.0000000000000000 ) ) ;
#2809 = DIRECTION ( 'NONE',  ( 4.386237095914999934E-66, 3.081487911019577365E-33, -1.000000000000000000 ) ) ;
#2810 = LINE ( 'NONE', #983, #4516 ) ;
#2811 = DIRECTION ( 'NONE',  ( 0.0000000000000000000, 0.0000000000000000000, -1.000000000000000000 ) ) ;
#2812 = CIRCLE ( 'NONE', #1495, 9.999999999999994671 ) ;
#2813 = COLOUR_RGB ( '',1.000000000000000000, 1.000000000000000000, 1.000000000000000000 ) ;
#2814 = EDGE_CURVE ( 'NONE', #3426, #4296, #282, .T. ) ;
#2815 = ADVANCED_FACE ( 'NONE', ( #2877 ), #3525, .F. ) ;
#2816 = EDGE_CURVE ( 'NONE', #3435, #4274, #1076, .T. ) ;
#2817 = LINE ( 'NONE', #4269, #1139 ) ;
#2818 = ORIENTED_EDGE ( 'NONE', *, *, #1572, .F. ) ;
#2819 =( LENGTH_UNIT ( ) NAMED_UNIT ( * ) SI_UNIT ( .MILLI., .METRE. ) );
#2820 = VERTEX_POINT ( 'NONE', #1044 ) ;
#2821 = DIRECTION ( 'NONE',  ( -0.0000000000000000000, 1.000000000000000000, -0.0000000000000000000 ) ) ;
#2822 = CIRCLE ( 'NONE', #1654, 62.50000000000000000 ) ;
#2823 = ORIENTED_EDGE ( 'NONE', *, *, #2415, .T. ) ;
#2824 = FACE_OUTER_BOUND ( 'NONE', #4187, .T. ) ;
#2825 = CARTESIAN_POINT ( 'NONE',  ( 78.00000000000000000, 1155.000000000000000, 42.50000000000004974 ) ) ;
#2826 = DIRECTION ( 'NONE',  ( -7.401486830834376525E-17, -1.000000000000000000, -0.0000000000000000000 ) ) ;
#2827 = SURFACE_STYLE_FILL_AREA ( #2149 ) ;
#2828 = DIRECTION ( 'NONE',  ( -1.423415318369273723E-33, 1.000000000000000000, 3.081487911019577365E-33 ) ) ;
#2829 = AXIS2_PLACEMENT_3D ( 'NONE', #2660, #815, #1918 ) ;
#2830 = ORIENTED_EDGE ( 'NONE', *, *, #1042, .F. ) ;
#2831 = LINE ( 'NONE', #3081, #3960 ) ;
#2832 = ORIENTED_EDGE ( 'NONE', *, *, #3637, .T. ) ;
#2833 = DIRECTION ( 'NONE',  ( -0.7071067811865490160, -0.0000000000000000000, 0.7071067811865460184 ) ) ;
#2834 = ORIENTED_EDGE ( 'NONE', *, *, #3012, .F. ) ;
#2835 = DIRECTION ( 'NONE',  ( -0.0000000000000000000, 1.000000000000000000, -0.0000000000000000000 ) ) ;
#2836 = ORIENTED_EDGE ( 'NONE', *, *, #4111, .T. ) ;
#2837 = DIRECTION ( 'NONE',  ( -0.0000000000000000000, 1.000000000000000000, -0.0000000000000000000 ) ) ;
#2838 = ORIENTED_EDGE ( 'NONE', *, *, #1078, .T. ) ;
#2839 = ADVANCED_FACE ( 'NONE', ( #3830, #1577, #2401, #3605, #2347, #2640, #4116, #1905, #1795, #666, #1477, #3551, #2581, #3951 ), #339, .F. ) ;
#2840 = DIRECTION ( 'NONE',  ( -0.0000000000000000000, 1.000000000000000000, -0.0000000000000000000 ) ) ;
#2841 = DIRECTION ( 'NONE',  ( -1.000000000000000000, 1.423415318369273723E-33, 0.0000000000000000000 ) ) ;
#2842 = VERTEX_POINT ( 'NONE', #3913 ) ;
#2843 = CARTESIAN_POINT ( 'NONE',  ( 0.0000000000000000000, -0.001000000000001000089, 0.0000000000000000000 ) ) ;
#2844 = DIRECTION ( 'NONE',  ( 0.0000000000000000000, 0.0000000000000000000, 1.000000000000000000 ) ) ;
#2845 = EDGE_CURVE ( 'NONE', #178, #85, #1363, .T. ) ;
#2846 = CARTESIAN_POINT ( 'NONE',  ( -124.9999999999999716, 20.00000000000000000, 26.59999999999999787 ) ) ;
#2847 = UNCERTAINTY_MEASURE_WITH_UNIT (LENGTH_MEASURE( 1.000000000000000082E-05 ), #1504, 'distance_accuracy_value', 'NONE');
#2848 = ORIENTED_EDGE ( 'NONE', *, *, #935, .F. ) ;
#2849 = CARTESIAN_POINT ( 'NONE',  ( 150.0000000000000284, 0.0000000000000000000, 150.0000000000000000 ) ) ;
#2850 = AXIS2_PLACEMENT_3D ( 'NONE', #786, #734, #2158 ) ;
#2851 = ORIENTED_EDGE ( 'NONE', *, *, #3623, .F. ) ;
#2852 = ORIENTED_EDGE ( 'NONE', *, *, #968, .T. ) ;
#2853 = DIRECTION ( 'NONE',  ( -0.0000000000000000000, 1.000000000000000000, -0.0000000000000000000 ) ) ;
#2854 = CIRCLE ( 'NONE', #3250, 5.099999999999993427 ) ;
#2855 = ORIENTED_EDGE ( 'NONE', *, *, #1900, .F. ) ;
#2856 = FILL_AREA_STYLE ('',( #2494 ) ) ;
#2857 = DIRECTION ( 'NONE',  ( 0.0000000000000000000, 0.0000000000000000000, 1.000000000000000000 ) ) ;
#2858 = ADVANCED_FACE ( 'NONE', ( #4175 ), #1459, .F. ) ;
#2859 = AXIS2_PLACEMENT_3D ( 'NONE', #3465, #3847, #2769 ) ;
#2860 = VECTOR ( 'NONE', #369, 1000.000000000000000 ) ;
#2861 = DIRECTION ( 'NONE',  ( -6.162975822039150624E-33, -1.000000000000000000, 1.387778780781445059E-17 ) ) ;
#2862 = ORIENTED_EDGE ( 'NONE', *, *, #850, .F. ) ;
#2863 = DIRECTION ( 'NONE',  ( 0.0000000000000000000, 0.0000000000000000000, 1.000000000000000000 ) ) ;
#2864 = ADVANCED_FACE ( 'NONE', ( #509 ), #3270, .F. ) ;
#2865 = EDGE_CURVE ( 'NONE', #1880, #2242, #1638, .T. ) ;
#2866 = CARTESIAN_POINT ( 'NONE',  ( -70.00000000000000000, 1199.500000000000000, 92.00000000000000000 ) ) ;
#2867 = LINE ( 'NONE', #4232, #1352 ) ;
#2868 = DIRECTION ( 'NONE',  ( 0.0000000000000000000, 0.0000000000000000000, -1.000000000000000000 ) ) ;
#2869 = FACE_BOUND ( 'NONE', #4461, .T. ) ;
#2870 = ORIENTED_EDGE ( 'NONE', *, *, #1041, .F. ) ;
#2871 = CIRCLE ( 'NONE', #3992, 7.500000000000007105 ) ;
#2872 = CARTESIAN_POINT ( 'NONE',  ( -140.0000000000000000, 19.99999999999998934, -7.499999999999985789 ) ) ;
#2873 = EDGE_CURVE ( 'NONE', #4204, #604, #2466, .T. ) ;
#2874 = EDGE_CURVE ( 'NONE', #2471, #2168, #461, .T. ) ;
#2875 = FACE_OUTER_BOUND ( 'NONE', #1366, .T. ) ;
#2876 = LINE ( 'NONE', #3720, #4224 ) ;
#2877 = FACE_OUTER_BOUND ( 'NONE', #3330, .T. ) ;
#2878 = AXIS2_PLACEMENT_3D ( 'NONE', #920, #1619, #4542 ) ;
#2879 = PLANE ( 'NONE',  #2792 ) ;
#2880 = VECTOR ( 'NONE', #4550, 1000.000000000000000 ) ;
#2881 = VECTOR ( 'NONE', #578, 1000.000000000000000 ) ;
#2882 = VECTOR ( 'NONE', #3632, 1000.000000000000000 ) ;
#2883 = EDGE_CURVE ( 'NONE', #4068, #2471, #3200, .T. ) ;
#2884 = ORIENTED_EDGE ( 'NONE', *, *, #4606, .F. ) ;
#2885 = DIRECTION ( 'NONE',  ( -0.1961161351381840445, -0.9805806756909202226, 1.540743955509788511E-33 ) ) ;
#2886 =( NAMED_UNIT ( * ) SI_UNIT ( $, .STERADIAN. ) SOLID_ANGLE_UNIT ( ) );
#2887 = AXIS2_PLACEMENT_3D ( 'NONE', #195, #3376, #1229 ) ;
#2888 = DIRECTION ( 'NONE',  ( 1.000000000000000000, -0.0000000000000000000, -0.0000000000000000000 ) ) ;
#2889 =( NAMED_UNIT ( * ) PLANE_ANGLE_UNIT ( ) SI_UNIT ( $, .RADIAN. ) );
#2890 = DIRECTION ( 'NONE',  ( 0.0000000000000000000, 0.0000000000000000000, 1.000000000000000000 ) ) ;
#2891 = STYLED_ITEM ( 'NONE', ( #193 ), #4647 ) ;
#2892 = ORIENTED_EDGE ( 'NONE', *, *, #2963, .T. ) ;
#2893 = DIRECTION ( 'NONE',  ( -0.7071067811865475727, 0.0000000000000000000, -0.7071067811865475727 ) ) ;
#2894 = EDGE_LOOP ( 'NONE', ( #661, #2836 ) ) ;
#2895 = CARTESIAN_POINT ( 'NONE',  ( -90.00000000000000000, 19.99999999999998934, 7.500000000000013323 ) ) ;
#2896 = ORIENTED_EDGE ( 'NONE', *, *, #1934, .F. ) ;
#2897 = EDGE_LOOP ( 'NONE', ( #1506, #4453, #1923, #1189 ) ) ;
#2898 = EDGE_CURVE ( 'NONE', #2180, #3163, #956, .T. ) ;
#2899 = ORIENTED_EDGE ( 'NONE', *, *, #4601, .T. ) ;
#2900 = DIRECTION ( 'NONE',  ( 0.0000000000000000000, 0.0000000000000000000, 1.000000000000000000 ) ) ;
#2901 = DIRECTION ( 'NONE',  ( 1.982541115402069547E-16, 1.387778780781444751E-17, 1.000000000000000000 ) ) ;
#2902 = CARTESIAN_POINT ( 'NONE',  ( -140.0000000000000000, 20.00000000000000000, 150.0000000000000000 ) ) ;
#2903 = ORIENTED_EDGE ( 'NONE', *, *, #1900, .T. ) ;
#2904 = CARTESIAN_POINT ( 'NONE',  ( -62.50000000000002842, 1180.000000000000000, 7.654042494670957804E-15 ) ) ;
#2905 = EDGE_CURVE ( 'NONE', #846, #1776, #235, .T. ) ;
#2906 = DIRECTION ( 'NONE',  ( 0.0000000000000000000, 0.0000000000000000000, 1.000000000000000000 ) ) ;
#2907 = CARTESIAN_POINT ( 'NONE',  ( 7.499999999999982236, 1.387778780781445676E-14, 1.387778780781445676E-14 ) ) ;
#2908 = VERTEX_POINT ( 'NONE', #3249 ) ;
#2909 = EDGE_LOOP ( 'NONE', ( #1493, #2248 ) ) ;
#2910 = FILL_AREA_STYLE_COLOUR ( '', #3725 ) ;
#2911 = DIRECTION ( 'NONE',  ( 1.423415318369273723E-33, -1.000000000000000000, -3.081487911019577365E-33 ) ) ;
#2912 = CYLINDRICAL_SURFACE ( 'NONE', #3609, 5.099999999999993427 ) ;
#2913 = ORIENTED_EDGE ( 'NONE', *, *, #3267, .T. ) ;
#2914 = EDGE_CURVE ( 'NONE', #452, #538, #2752, .T. ) ;
#2915 = CARTESIAN_POINT ( 'NONE',  ( 90.00000000000000000, 1115.000000000000000, -45.00000000000000000 ) ) ;
#2916 = CIRCLE ( 'NONE', #2256, 9.999999999999994671 ) ;
#2917 =( NAMED_UNIT ( * ) SI_UNIT ( $, .STERADIAN. ) SOLID_ANGLE_UNIT ( ) );
#2918 = CIRCLE ( 'NONE', #3509, 5.099999999999993427 ) ;
#2919 = ORIENTED_EDGE ( 'NONE', *, *, #3156, .T. ) ;
#2920 = CARTESIAN_POINT ( 'NONE',  ( -7.500000000000007105, 19.99999999999994671, -139.9999999999999716 ) ) ;
#2921 = DIRECTION ( 'NONE',  ( 0.0000000000000000000, 0.0000000000000000000, 1.000000000000000000 ) ) ;
#2922 = VECTOR ( 'NONE', #1338, 1000.000000000000000 ) ;
#2923 = DIRECTION ( 'NONE',  ( 0.0000000000000000000, 0.0000000000000000000, 1.000000000000000000 ) ) ;
#2924 = VECTOR ( 'NONE', #3871, 1000.000000000000000 ) ;
#2925 = EDGE_CURVE ( 'NONE', #1086, #1730, #1419, .T. ) ;
#2926 = ORIENTED_EDGE ( 'NONE', *, *, #3995, .T. ) ;
#2927 = CONICAL_SURFACE ( 'NONE', #278, 3.500000000000003109, 0.7853981633975037902 ) ;
#2928 = VECTOR ( 'NONE', #1256, 1000.000000000000000 ) ;
#2929 = ADVANCED_FACE ( 'NONE', ( #2694, #841 ), #56, .T. ) ;
#2930 = LINE ( 'NONE', #3088, #515 ) ;
#2931 = CARTESIAN_POINT ( 'NONE',  ( 68.00000000000000000, 1180.000000000000000, 67.99999999999995737 ) ) ;
#2932 = SURFACE_SIDE_STYLE ('',( #1790 ) ) ;
#2933 = VECTOR ( 'NONE', #652, 1000.000000000000000 ) ;
#2934 = APPLICATION_PROTOCOL_DEFINITION ( 'draft international standard', 'automotive_design', 1998, #2975 ) ;
#2935 = ORIENTED_EDGE ( 'NONE', *, *, #2006, .F. ) ;
#2936 = CYLINDRICAL_SURFACE ( 'NONE', #3793, 5.099999999999993427 ) ;
#2937 = COLOUR_RGB ( '',1.000000000000000000, 1.000000000000000000, 1.000000000000000000 ) ;
#2938 = DIRECTION ( 'NONE',  ( 1.000000000000000000, 0.0000000000000000000, -0.0000000000000000000 ) ) ;
#2939 = ORIENTED_EDGE ( 'NONE', *, *, #117, .F. ) ;
#2940 = SURFACE_STYLE_FILL_AREA ( #146 ) ;
#2941 = VERTEX_POINT ( 'NONE', #1498 ) ;
#2942 = ORIENTED_EDGE ( 'NONE', *, *, #3286, .T. ) ;
#2943 = DIRECTION ( 'NONE',  ( 0.0000000000000000000, 0.0000000000000000000, -1.000000000000000000 ) ) ;
#2944 = ORIENTED_EDGE ( 'NONE', *, *, #978, .F. ) ;
#2945 = DIRECTION ( 'NONE',  ( -1.000000000000000000, 0.0000000000000000000, 1.020425574104005478E-16 ) ) ;
#2946 = DIRECTION ( 'NONE',  ( -1.000000000000000000, 0.0000000000000000000, 0.0000000000000000000 ) ) ;
#2947 = CARTESIAN_POINT ( 'NONE',  ( 90.00000000000000000, 1180.000000000000000, 95.09999999999999432 ) ) ;
#2948 = AXIS2_PLACEMENT_3D ( 'NONE', #2134, #2501, #1023 ) ;
#2949 = CARTESIAN_POINT ( 'NONE',  ( 90.00000000000000000, 19.99999999999998934, -7.500000000000013323 ) ) ;
#2950 = FILL_AREA_STYLE_COLOUR ( '', #2270 ) ;
#2951 = CARTESIAN_POINT ( 'NONE',  ( 70.00000000000000000, 1200.000000000000000, -95.00000000000000000 ) ) ;
#2952 = EDGE_LOOP ( 'NONE', ( #4090, #3839 ) ) ;
#2953 = ADVANCED_FACE ( 'NONE', ( #1010 ), #1148, .F. ) ;
#2954 = AXIS2_PLACEMENT_3D ( 'NONE', #1353, #295, #3863 ) ;
#2955 = DIRECTION ( 'NONE',  ( -0.0000000000000000000, -0.0000000000000000000, -1.000000000000000000 ) ) ;
#2956 = ORIENTED_EDGE ( 'NONE', *, *, #1077, .T. ) ;
#2957 = ORIENTED_EDGE ( 'NONE', *, *, #713, .F. ) ;
#2958 =( NAMED_UNIT ( * ) PLANE_ANGLE_UNIT ( ) SI_UNIT ( $, .RADIAN. ) );
#2959 = SURFACE_STYLE_USAGE ( .BOTH. , #3697 ) ;
#2960 = ORIENTED_EDGE ( 'NONE', *, *, #4324, .F. ) ;
#2961 = ORIENTED_EDGE ( 'NONE', *, *, #990, .F. ) ;
#2962 = DIRECTION ( 'NONE',  ( -0.0000000000000000000, 1.000000000000000000, -0.0000000000000000000 ) ) ;
#2963 = EDGE_CURVE ( 'NONE', #2651, #4135, #3487, .T. ) ;
#2964 = VECTOR ( 'NONE', #3343, 1000.000000000000000 ) ;
#2965 = ORIENTED_EDGE ( 'NONE', *, *, #3988, .F. ) ;
#2966 = DIRECTION ( 'NONE',  ( 0.0000000000000000000, 0.0000000000000000000, -1.000000000000000000 ) ) ;
#2967 = CARTESIAN_POINT ( 'NONE',  ( -7.500000000000000000, 19.99999999999993605, -89.99999999999998579 ) ) ;
#2968 = ADVANCED_FACE ( 'NONE', ( #4393 ), #3748, .F. ) ;
#2969 = DIRECTION ( 'NONE',  ( -3.888083013051982973E-17, -0.9805806756909201116, -0.1961161351381840445 ) ) ;
#2970 = VECTOR ( 'NONE', #2446, 1000.000000000000000 ) ;
#2971 = PRESENTATION_LAYER_ASSIGNMENT (  '', '', ( #4032 ) ) ;
#2972 = DIRECTION ( 'NONE',  ( -0.0000000000000000000, 1.000000000000000000, -0.0000000000000000000 ) ) ;
#2973 = LINE ( 'NONE', #1445, #2001 ) ;
#2974 = DIRECTION ( 'NONE',  ( -0.0000000000000000000, 1.000000000000000000, -0.0000000000000000000 ) ) ;
#2975 = APPLICATION_CONTEXT ( 'automotive_design' ) ;
#2976 = FILL_AREA_STYLE ('',( #1884 ) ) ;
#2977 = LINE ( 'NONE', #3479, #4628 ) ;
#2978 = DIRECTION ( 'NONE',  ( -0.0000000000000000000, 1.000000000000000000, -0.0000000000000000000 ) ) ;
#2979 = EDGE_LOOP ( 'NONE', ( #1868, #700, #3930, #1255 ) ) ;
#2980 = LINE ( 'NONE', #3584, #2119 ) ;
#2981 = ORIENTED_EDGE ( 'NONE', *, *, #816, .T. ) ;
#2982 = CARTESIAN_POINT ( 'NONE',  ( 30.00000000000000000, 20.00000000000000000, -125.0000000000000000 ) ) ;
#2983 = EDGE_CURVE ( 'NONE', #2534, #1981, #1737, .T. ) ;
#2984 = LINE ( 'NONE', #3468, #134 ) ;
#2985 = FILL_AREA_STYLE_COLOUR ( '', #2453 ) ;
#2986 = CIRCLE ( 'NONE', #61, 3.400000000000014122 ) ;
#2987 = VECTOR ( 'NONE', #4412, 999.9999999999998863 ) ;
#2988 = UNCERTAINTY_MEASURE_WITH_UNIT (LENGTH_MEASURE( 1.000000000000000082E-05 ), #3218, 'distance_accuracy_value', 'NONE');
#2989 = VERTEX_POINT ( 'NONE', #2632 ) ;
#2990 = VERTEX_POINT ( 'NONE', #2615 ) ;
#2991 = FACE_BOUND ( 'NONE', #221, .T. ) ;
#2992 =( NAMED_UNIT ( * ) SI_UNIT ( $, .STERADIAN. ) SOLID_ANGLE_UNIT ( ) );
#2993 = ORIENTED_EDGE ( 'NONE', *, *, #2925, .T. ) ;
#2994 = EDGE_CURVE ( 'NONE', #2989, #3506, #3999, .T. ) ;
#2995 = ORIENTED_EDGE ( 'NONE', *, *, #3257, .F. ) ;
#2996 = CARTESIAN_POINT ( 'NONE',  ( 140.0000000000000000, 20.00000000000000000, 150.0000000000000000 ) ) ;
#2997 = SURFACE_STYLE_USAGE ( .BOTH. , #2285 ) ;
#2998 = ORIENTED_EDGE ( 'NONE', *, *, #84, .T. ) ;
#2999 = EDGE_CURVE ( 'NONE', #1702, #1178, #3316, .T. ) ;
#3000 = CARTESIAN_POINT ( 'NONE',  ( -114.9999999999999574, 1180.000000000000000, -124.9999999999999432 ) ) ;
#3001 = SURFACE_STYLE_USAGE ( .BOTH. , #3010 ) ;
#3002 = CARTESIAN_POINT ( 'NONE',  ( -140.0000000000000000, 19.99999999999998934, 7.500000000000013323 ) ) ;
#3003 = DIRECTION ( 'NONE',  ( 0.0000000000000000000, 1.000000000000000000, 0.0000000000000000000 ) ) ;
#3004 = ORIENTED_EDGE ( 'NONE', *, *, #3936, .F. ) ;
#3005 = ORIENTED_EDGE ( 'NONE', *, *, #1603, .T. ) ;
#3006 = DIRECTION ( 'NONE',  ( -1.000000000000000000, -2.696301922142130194E-33, 1.982541115402069547E-16 ) ) ;
#3007 = ORIENTED_EDGE ( 'NONE', *, *, #838, .F. ) ;
#3008 = CARTESIAN_POINT ( 'NONE',  ( 90.00000000000000000, 1200.000000000000000, -95.09999999999999432 ) ) ;
#3009 = ORIENTED_EDGE ( 'NONE', *, *, #2284, .T. ) ;
#3010 = SURFACE_SIDE_STYLE ('',( #2940 ) ) ;
#3011 = VERTEX_POINT ( 'NONE', #4095 ) ;
#3012 = EDGE_CURVE ( 'NONE', #620, #1633, #66, .T. ) ;
#3013 = EDGE_CURVE ( 'NONE', #787, #1392, #1134, .T. ) ;
#3014 = DIRECTION ( 'NONE',  ( 0.0000000000000000000, 0.0000000000000000000, 1.000000000000000000 ) ) ;
#3015 = SURFACE_STYLE_FILL_AREA ( #3357 ) ;
#3016 = FILL_AREA_STYLE_COLOUR ( '', #3557 ) ;
#3017 = CARTESIAN_POINT ( 'NONE',  ( 7.500000000000000000, 220.0000000000000284, 90.00000000000000000 ) ) ;
#3018 = DIRECTION ( 'NONE',  ( -0.7071067811865536790, -0.0000000000000000000, 0.7071067811865414665 ) ) ;
#3019 = PRESENTATION_LAYER_ASSIGNMENT (  '', '', ( #4088 ) ) ;
#3020 = EDGE_CURVE ( 'NONE', #3053, #3069, #280, .T. ) ;
#3021 = CIRCLE ( 'NONE', #3363, 3.400000000000000355 ) ;
#3022 = DIRECTION ( 'NONE',  ( 0.0000000000000000000, -0.0000000000000000000, 1.000000000000000000 ) ) ;
#3023 = CARTESIAN_POINT ( 'NONE',  ( -149.9999999999999716, 0.0000000000000000000, 150.0000000000000000 ) ) ;
#3024 = VECTOR ( 'NONE', #1494, 999.9999999999998863 ) ;
#3025 =( GEOMETRIC_REPRESENTATION_CONTEXT ( 3 ) GLOBAL_UNCERTAINTY_ASSIGNED_CONTEXT ( ( #616 ) ) GLOBAL_UNIT_ASSIGNED_CONTEXT ( ( #49, #426, #62 ) ) REPRESENTATION_CONTEXT ( 'NONE', 'WORKASPACE' ) );
#3026 = MECHANICAL_DESIGN_GEOMETRIC_PRESENTATION_REPRESENTATION (  '', ( #1019 ), #3678 ) ;
#3027 = LINE ( 'NONE', #2967, #895 ) ;
#3028 = LINE ( 'NONE', #1274, #281 ) ;
#3029 = CIRCLE ( 'NONE', #4500, 62.50000000000000000 ) ;
#3030 = DIRECTION ( 'NONE',  ( 1.982541115402069054E-16, 1.387778780781444751E-17, 1.000000000000000000 ) ) ;
#3031 = VERTEX_POINT ( 'NONE', #826 ) ;
#3032 = PRESENTATION_STYLE_ASSIGNMENT (( #3882 ) ) ;
#3033 = PLANE ( 'NONE',  #140 ) ;
#3034 = CARTESIAN_POINT ( 'NONE',  ( 110.0000000000000000, 220.0000000000000568, -7.500000000000013323 ) ) ;
#3035 = EDGE_LOOP ( 'NONE', ( #4562, #3785, #2524, #1877 ) ) ;
#3036 = FACE_OUTER_BOUND ( 'NONE', #81, .T. ) ;
#3037 = CYLINDRICAL_SURFACE ( 'NONE', #2606, 2.499999999999946709 ) ;
#3038 = FACE_OUTER_BOUND ( 'NONE', #325, .T. ) ;
#3039 = UNCERTAINTY_MEASURE_WITH_UNIT (LENGTH_MEASURE( 1.000000000000000082E-05 ), #3178, 'distance_accuracy_value', 'NONE');
#3040 = CARTESIAN_POINT ( 'NONE',  ( 90.00000000000000000, 1200.000000000000000, -90.00000000000000000 ) ) ;
#3041 = DIRECTION ( 'NONE',  ( -0.0000000000000000000, 1.000000000000000000, -0.0000000000000000000 ) ) ;
#3042 = EDGE_CURVE ( 'NONE', #2842, #46, #1360, .T. ) ;
#3043 = LINE ( 'NONE', #2902, #3903 ) ;
#3044 = DIRECTION ( 'NONE',  ( -0.0000000000000000000, 1.000000000000000000, -0.0000000000000000000 ) ) ;
#3045 = EDGE_LOOP ( 'NONE', ( #493, #4250 ) ) ;
#3046 = ORIENTED_EDGE ( 'NONE', *, *, #4119, .F. ) ;
#3047 = CARTESIAN_POINT ( 'NONE',  ( 140.0000000000000000, 19.99999999999998934, 7.499999999999985789 ) ) ;
#3048 = DIRECTION ( 'NONE',  ( 0.0000000000000000000, 0.0000000000000000000, 1.000000000000000000 ) ) ;
#3049 = EDGE_CURVE ( 'NONE', #736, #1337, #3436, .T. ) ;
#3050 = ORIENTED_EDGE ( 'NONE', *, *, #4028, .F. ) ;
#3051 = DIRECTION ( 'NONE',  ( 0.0000000000000000000, 0.0000000000000000000, 1.000000000000000000 ) ) ;
#3052 = CARTESIAN_POINT ( 'NONE',  ( 90.00000000000000000, 1180.000000000000000, -90.00000000000000000 ) ) ;
#3053 = VERTEX_POINT ( 'NONE', #2272 ) ;
#3054 = VECTOR ( 'NONE', #2217, 1000.000000000000000 ) ;
#3055 = AXIS2_PLACEMENT_3D ( 'NONE', #1558, #1547, #1914 ) ;
#3056 = DIRECTION ( 'NONE',  ( 0.0000000000000000000, 0.0000000000000000000, -1.000000000000000000 ) ) ;
#3057 = DIRECTION ( 'NONE',  ( -0.7071067811865474617, -0.0000000000000000000, 0.7071067811865474617 ) ) ;
#3058 = ORIENTED_EDGE ( 'NONE', *, *, #1720, .T. ) ;
#3059 = DIRECTION ( 'NONE',  ( -0.0000000000000000000, 1.000000000000000000, -0.0000000000000000000 ) ) ;
#3060 = ORIENTED_EDGE ( 'NONE', *, *, #115, .T. ) ;
#3061 = DIRECTION ( 'NONE',  ( 0.0000000000000000000, 0.0000000000000000000, -1.000000000000000000 ) ) ;
#3062 = ORIENTED_EDGE ( 'NONE', *, *, #3049, .F. ) ;
#3063 = ORIENTED_EDGE ( 'NONE', *, *, #3569, .F. ) ;
#3064 = DIRECTION ( 'NONE',  ( 1.000000000000000000, -0.0000000000000000000, -0.0000000000000000000 ) ) ;
#3065 = DIRECTION ( 'NONE',  ( -1.000000000000000000, 0.0000000000000000000, 6.033820786006285224E-17 ) ) ;
#3066 = ORIENTED_EDGE ( 'NONE', *, *, #1339, .F. ) ;
#3067 = CIRCLE ( 'NONE', #1511, 75.00000000000001421 ) ;
#3068 = LINE ( 'NONE', #1598, #1118 ) ;
#3069 = VERTEX_POINT ( 'NONE', #4046 ) ;
#3070 = EDGE_CURVE ( 'NONE', #3555, #1280, #3027, .T. ) ;
#3071 = DIRECTION ( 'NONE',  ( -1.000000000000000000, 0.0000000000000000000, 0.0000000000000000000 ) ) ;
#3072 = ORIENTED_EDGE ( 'NONE', *, *, #405, .F. ) ;
#3073 = PRESENTATION_LAYER_ASSIGNMENT (  '', '', ( #2435 ) ) ;
#3074 = ORIENTED_EDGE ( 'NONE', *, *, #115, .F. ) ;
#3075 = DIRECTION ( 'NONE',  ( 0.0000000000000000000, 1.000000000000000000, 0.0000000000000000000 ) ) ;
#3076 = VECTOR ( 'NONE', #4450, 1000.000000000000000 ) ;
#3077 = LINE ( 'NONE', #4634, #712 ) ;
#3078 = CARTESIAN_POINT ( 'NONE',  ( 90.00000000000000000, 1180.000000000000000, -84.90000000000000568 ) ) ;
#3079 = CARTESIAN_POINT ( 'NONE',  ( 70.00000000000000000, 1200.000000000000000, -95.00000000000000000 ) ) ;
#3080 = FACE_OUTER_BOUND ( 'NONE', #2394, .T. ) ;
#3081 = CARTESIAN_POINT ( 'NONE',  ( 90.00000000000000000, 20.00000000000000355, -69.99999999999985789 ) ) ;
#3082 = DIRECTION ( 'NONE',  ( 0.0000000000000000000, 3.081487911019577365E-33, -1.000000000000000000 ) ) ;
#3083 = AXIS2_PLACEMENT_3D ( 'NONE', #1489, #2508, #4370 ) ;
#3084 = ADVANCED_FACE ( 'NONE', ( #3541, #4277, #1576, #3724, #2519 ), #3315, .T. ) ;
#3085 = ORIENTED_EDGE ( 'NONE', *, *, #690, .F. ) ;
#3086 = LINE ( 'NONE', #1985, #3095 ) ;
#3087 = ORIENTED_EDGE ( 'NONE', *, *, #499, .F. ) ;
#3088 = CARTESIAN_POINT ( 'NONE',  ( -90.00000000000000000, 19.99999999999998934, -7.499999999999985789 ) ) ;
#3089 = CIRCLE ( 'NONE', #2147, 5.099999999999993427 ) ;
#3090 = ORIENTED_EDGE ( 'NONE', *, *, #4635, .F. ) ;
#3091 = EDGE_CURVE ( 'NONE', #3639, #971, #605, .T. ) ;
#3092 = ORIENTED_EDGE ( 'NONE', *, *, #4255, .T. ) ;
#3093 =( GEOMETRIC_REPRESENTATION_CONTEXT ( 3 ) GLOBAL_UNCERTAINTY_ASSIGNED_CONTEXT ( ( #3691 ) ) GLOBAL_UNIT_ASSIGNED_CONTEXT ( ( #4476, #1224, #4124 ) ) REPRESENTATION_CONTEXT ( 'NONE', 'WORKASPACE' ) );
#3094 = ORIENTED_EDGE ( 'NONE', *, *, #3101, .T. ) ;
#3095 = VECTOR ( 'NONE', #1321, 1000.000000000000000 ) ;
#3096 = DIRECTION ( 'NONE',  ( -1.020425574104005602E-16, -0.0000000000000000000, -1.000000000000000000 ) ) ;
#3097 = FACE_OUTER_BOUND ( 'NONE', #3758, .T. ) ;
#3098 = EDGE_LOOP ( 'NONE', ( #2021, #4471, #3058, #135 ) ) ;
#3099 = CARTESIAN_POINT ( 'NONE',  ( -9.950721815702933470E-13, 20.00000000000000000, 142.5000000000000568 ) ) ;
#3100 = DIRECTION ( 'NONE',  ( 0.0000000000000000000, 0.0000000000000000000, -1.000000000000000000 ) ) ;
#3101 = EDGE_CURVE ( 'NONE', #3463, #3288, #553, .T. ) ;
#3102 = ORIENTED_EDGE ( 'NONE', *, *, #4624, .T. ) ;
#3103 = EDGE_CURVE ( 'NONE', #4285, #1804, #2876, .T. ) ;
#3104 = DIRECTION ( 'NONE',  ( -1.850371707708594316E-16, -0.0000000000000000000, -1.000000000000000000 ) ) ;
#3105 = AXIS2_PLACEMENT_3D ( 'NONE', #906, #534, #2680 ) ;
#3106 = CARTESIAN_POINT ( 'NONE',  ( -7.500000000000000000, 19.99999999999993605, -89.99999999999998579 ) ) ;
#3107 = DIRECTION ( 'NONE',  ( 0.7071067811865489050, 0.0000000000000000000, 0.7071067811865461294 ) ) ;
#3108 = CARTESIAN_POINT ( 'NONE',  ( -90.00000000000000000, 220.0000000000000284, 7.500000000000013323 ) ) ;
#3109 = EDGE_CURVE ( 'NONE', #1456, #489, #1475, .T. ) ;
#3110 = EDGE_CURVE ( 'NONE', #2307, #4075, #2288, .T. ) ;
#3111 = ORIENTED_EDGE ( 'NONE', *, *, #378, .T. ) ;
#3112 = ADVANCED_FACE ( 'NONE', ( #3261 ), #3382, .F. ) ;
#3113 = DIRECTION ( 'NONE',  ( 0.7071067811865474617, -0.0000000000000000000, -0.7071067811865474617 ) ) ;
#3114 = CARTESIAN_POINT ( 'NONE',  ( -140.0000000000000000, 0.0000000000000000000, 150.0000000000000000 ) ) ;
#3115 =( LENGTH_UNIT ( ) NAMED_UNIT ( * ) SI_UNIT ( .MILLI., .METRE. ) );
#3116 = EDGE_LOOP ( 'NONE', ( #4481, #1777, #1646, #3844 ) ) ;
#3117 = STYLED_ITEM ( 'NONE', ( #1364 ), #3184 ) ;
#3118 = DIRECTION ( 'NONE',  ( -0.7071067811865455743, 0.0000000000000000000, -0.7071067811865493491 ) ) ;
#3119 = SURFACE_STYLE_USAGE ( .BOTH. , #2761 ) ;
#3120 = DIRECTION ( 'NONE',  ( 0.0000000000000000000, 0.0000000000000000000, 1.000000000000000000 ) ) ;
#3121 = STYLED_ITEM ( 'NONE', ( #2282 ), #2730 ) ;
#3122 = ORIENTED_EDGE ( 'NONE', *, *, #1339, .T. ) ;
#3123 = CARTESIAN_POINT ( 'NONE',  ( 90.00000000000000000, 1155.000000000000000, -45.00000000000000000 ) ) ;
#3124 = ORIENTED_EDGE ( 'NONE', *, *, #3469, .F. ) ;
#3125 = VECTOR ( 'NONE', #3760, 1000.000000000000000 ) ;
#3126 = ORIENTED_EDGE ( 'NONE', *, *, #3042, .T. ) ;
#3127 = UNCERTAINTY_MEASURE_WITH_UNIT (LENGTH_MEASURE( 1.000000000000000082E-05 ), #941, 'distance_accuracy_value', 'NONE');
#3128 = VECTOR ( 'NONE', #3177, 1000.000000000000000 ) ;
#3129 = ORIENTED_EDGE ( 'NONE', *, *, #3915, .T. ) ;
#3130 = EDGE_CURVE ( 'NONE', #1259, #811, #1686, .T. ) ;
#3131 = DIRECTION ( 'NONE',  ( 0.0000000000000000000, 0.0000000000000000000, 1.000000000000000000 ) ) ;
#3132 = DIRECTION ( 'NONE',  ( -0.0000000000000000000, -1.000000000000000000, -0.0000000000000000000 ) ) ;
#3133 = ADVANCED_FACE ( 'NONE', ( #3660 ), #4494, .F. ) ;
#3134 = EDGE_CURVE ( 'NONE', #88, #3491, #2638, .T. ) ;
#3135 = FACE_OUTER_BOUND ( 'NONE', #2709, .T. ) ;
#3136 = PLANE ( 'NONE',  #4389 ) ;
#3137 = SURFACE_SIDE_STYLE ('',( #2758 ) ) ;
#3138 = DIRECTION ( 'NONE',  ( -0.0000000000000000000, -1.000000000000000000, -0.0000000000000000000 ) ) ;
#3139 = EDGE_LOOP ( 'NONE', ( #2381, #243, #2167, #1753 ) ) ;
#3140 = LINE ( 'NONE', #2012, #17 ) ;
#3141 = CYLINDRICAL_SURFACE ( 'NONE', #2597, 20.00000000000000355 ) ;
#3142 = CARTESIAN_POINT ( 'NONE',  ( 70.00000000000000000, 1200.000000000000000, -92.00000000000000000 ) ) ;
#3143 = CONTEXT_DEPENDENT_SHAPE_REPRESENTATION ( #1491, #291 ) ;
#3144 = EDGE_CURVE ( 'NONE', #1587, #3341, #2692, .T. ) ;
#3145 = ORIENTED_EDGE ( 'NONE', *, *, #2499, .T. ) ;
#3146 = ORIENTED_EDGE ( 'NONE', *, *, #2741, .F. ) ;
#3147 = COLOUR_RGB ( '',1.000000000000000000, 1.000000000000000000, 1.000000000000000000 ) ;
#3148 = DIRECTION ( 'NONE',  ( 0.0000000000000000000, 0.7071067811865081598, 0.7071067811865867636 ) ) ;
#3149 = VERTEX_POINT ( 'NONE', #2321 ) ;
#3150 = DIRECTION ( 'NONE',  ( 0.0000000000000000000, 0.0000000000000000000, -1.000000000000000000 ) ) ;
#3151 = CARTESIAN_POINT ( 'NONE',  ( -29.99999999999998579, 20.00000000000000000, 129.5000000000000284 ) ) ;
#3152 = VECTOR ( 'NONE', #2238, 1000.000000000000000 ) ;
#3153 = DIRECTION ( 'NONE',  ( 0.0000000000000000000, 0.0000000000000000000, 1.000000000000000000 ) ) ;
#3154 = ORIENTED_EDGE ( 'NONE', *, *, #2620, .T. ) ;
#3155 = VERTEX_POINT ( 'NONE', #3402 ) ;
#3156 = EDGE_CURVE ( 'NONE', #3210, #1881, #953, .T. ) ;
#3157 = ADVANCED_FACE ( 'NONE', ( #185 ), #4130, .F. ) ;
#3158 = CARTESIAN_POINT ( 'NONE',  ( 77.99999999999998579, 1115.000000000000000, -45.00000000000000000 ) ) ;
#3159 = DIRECTION ( 'NONE',  ( 1.000000000000000000, 0.0000000000000000000, -1.020425574104005232E-16 ) ) ;
#3160 = EDGE_LOOP ( 'NONE', ( #1446, #3778 ) ) ;
#3161 = DIRECTION ( 'NONE',  ( 0.0000000000000000000, 0.0000000000000000000, 1.000000000000000000 ) ) ;
#3162 = EDGE_CURVE ( 'NONE', #437, #3011, #4569, .T. ) ;
#3163 = VERTEX_POINT ( 'NONE', #3462 ) ;
#3164 = LINE ( 'NONE', #1810, #3054 ) ;
#3165 = FILL_AREA_STYLE_COLOUR ( '', #2000 ) ;
#3166 = AXIS2_PLACEMENT_3D ( 'NONE', #157, #3401, #3353 ) ;
#3167 = DIRECTION ( 'NONE',  ( -3.888083013051982973E-17, -0.9805806756909201116, -0.1961161351381840445 ) ) ;
#3168 = ORIENTED_EDGE ( 'NONE', *, *, #1609, .T. ) ;
#3169 = AXIS2_PLACEMENT_3D ( 'NONE', #2404, #4194, #267 ) ;
#3170 = CARTESIAN_POINT ( 'NONE',  ( -124.9999999999999432, 1180.000000000000000, 115.0000000000000426 ) ) ;
#3171 = DIRECTION ( 'NONE',  ( -1.000000000000000000, -0.0000000000000000000, -0.0000000000000000000 ) ) ;
#3172 = ORIENTED_EDGE ( 'NONE', *, *, #4601, .F. ) ;
#3173 = ORIENTED_EDGE ( 'NONE', *, *, #3013, .T. ) ;
#3174 = MECHANICAL_DESIGN_GEOMETRIC_PRESENTATION_REPRESENTATION (  '', ( #1326 ), #1084 ) ;
#3175 = DIRECTION ( 'NONE',  ( 1.982541115402068808E-16, 2.280433893654434516E-35, 1.000000000000000000 ) ) ;
#3176 = PRESENTATION_LAYER_ASSIGNMENT (  '', '', ( #4162 ) ) ;
#3177 = DIRECTION ( 'NONE',  ( -7.401486830834376525E-17, -1.000000000000000000, -0.0000000000000000000 ) ) ;
#3178 =( LENGTH_UNIT ( ) NAMED_UNIT ( * ) SI_UNIT ( .MILLI., .METRE. ) );
#3179 = AXIS2_PLACEMENT_3D ( 'NONE', #1973, #1264, #1608 ) ;
#3180 = ORIENTED_EDGE ( 'NONE', *, *, #2612, .F. ) ;
#3181 = SURFACE_STYLE_FILL_AREA ( #1586 ) ;
#3182 = ADVANCED_FACE ( 'NONE', ( #4114 ), #2927, .F. ) ;
#3183 = VERTEX_POINT ( 'NONE', #1652 ) ;
#3184 = ADVANCED_BREP_SHAPE_REPRESENTATION ( '', ( #2487, #2336, #2427, #3775, #1523, #1861, #2076, #537 ), #706 ) ;
#3185 = CARTESIAN_POINT ( 'NONE',  ( -2.288491976566047810E-14, 1180.000000000000000, 0.0000000000000000000 ) ) ;
#3186 = VECTOR ( 'NONE', #639, 1000.000000000000114 ) ;
#3187 = AXIS2_PLACEMENT_3D ( 'NONE', #3223, #2171, #2187 ) ;
#3188 = ORIENTED_EDGE ( 'NONE', *, *, #1444, .T. ) ;
#3189 = DIRECTION ( 'NONE',  ( -0.7071067811865494601, 0.0000000000000000000, 0.7071067811865456854 ) ) ;
#3190 = CARTESIAN_POINT ( 'NONE',  ( -67.99999999999991473, 1180.000000000000000, -77.99999999999998579 ) ) ;
#3191 = FILL_AREA_STYLE ('',( #25 ) ) ;
#3192 = EDGE_CURVE ( 'NONE', #1567, #1518, #1950, .T. ) ;
#3193 = LINE ( 'NONE', #2604, #2220 ) ;
#3194 = EDGE_LOOP ( 'NONE', ( #4241, #2939 ) ) ;
#3195 = CARTESIAN_POINT ( 'NONE',  ( 69.99999999999998579, 1180.000000000000000, 69.99999999999998579 ) ) ;
#3196 = EDGE_CURVE ( 'NONE', #552, #858, #3887, .T. ) ;
#3197 = ORIENTED_EDGE ( 'NONE', *, *, #2040, .T. ) ;
#3198 = ADVANCED_FACE ( 'NONE', ( #1629 ), #1251, .F. ) ;
#3199 = LINE ( 'NONE', #4327, #2465 ) ;
#3200 = CIRCLE ( 'NONE', #2127, 4.499999999999997335 ) ;
#3201 = ORIENTED_EDGE ( 'NONE', *, *, #3600, .F. ) ;
#3202 = FACE_OUTER_BOUND ( 'NONE', #4267, .T. ) ;
#3203 = DIRECTION ( 'NONE',  ( 0.0000000000000000000, 0.0000000000000000000, 1.000000000000000000 ) ) ;
#3204 = ORIENTED_EDGE ( 'NONE', *, *, #1185, .T. ) ;
#3205 = ADVANCED_FACE ( 'NONE', ( #2459 ), #1519, .F. ) ;
#3206 = MECHANICAL_DESIGN_GEOMETRIC_PRESENTATION_REPRESENTATION (  '', ( #1617 ), #4268 ) ;
#3207 = DIRECTION ( 'NONE',  ( -1.850582702439379757E-34, -1.000000000000000000, -1.540743955509788340E-33 ) ) ;
#3208 = LINE ( 'NONE', #2515, #3787 ) ;
#3209 = AXIS2_PLACEMENT_3D ( 'NONE', #633, #2780, #307 ) ;
#3210 = VERTEX_POINT ( 'NONE', #4189 ) ;
#3211 = DIRECTION ( 'NONE',  ( -3.081487911019577365E-33, -1.540743955509788682E-33, -1.000000000000000000 ) ) ;
#3212 = LINE ( 'NONE', #3852, #3953 ) ;
#3213 = ORIENTED_EDGE ( 'NONE', *, *, #1385, .T. ) ;
#3214 = CARTESIAN_POINT ( 'NONE',  ( -7.500000000000000000, 220.0000000000000284, 89.99999999999998579 ) ) ;
#3215 = CARTESIAN_POINT ( 'NONE',  ( -67.99999999999991473, 20.00000000000000355, 78.00000000000000000 ) ) ;
#3216 = EDGE_LOOP ( 'NONE', ( #2124, #4137, #1812, #1431 ) ) ;
#3217 = ORIENTED_EDGE ( 'NONE', *, *, #492, .T. ) ;
#3218 =( LENGTH_UNIT ( ) NAMED_UNIT ( * ) SI_UNIT ( .MILLI., .METRE. ) );
#3219 = CARTESIAN_POINT ( 'NONE',  ( -90.00000000000000000, 1200.000000000000000, 84.90000000000000568 ) ) ;
#3220 = EDGE_CURVE ( 'NONE', #2172, #4202, #2810, .T. ) ;
#3221 = CARTESIAN_POINT ( 'NONE',  ( 67.99999999999991473, 1180.000000000000000, -78.00000000000000000 ) ) ;
#3222 = FILL_AREA_STYLE ('',( #4354 ) ) ;
#3223 = CARTESIAN_POINT ( 'NONE',  ( -90.00000000000000000, 1200.000000000000000, -90.00000000000000000 ) ) ;
#3224 = CARTESIAN_POINT ( 'NONE',  ( 0.0000000000000000000, 0.0000000000000000000, 0.0000000000000000000 ) ) ;
#3225 = VERTEX_POINT ( 'NONE', #4566 ) ;
#3226 = CARTESIAN_POINT ( 'NONE',  ( -124.9999999999999716, 0.0000000000000000000, 125.0000000000000000 ) ) ;
#3227 = CARTESIAN_POINT ( 'NONE',  ( 149.9999999999999716, 0.0000000000000000000, -150.0000000000000000 ) ) ;
#3228 = EDGE_LOOP ( 'NONE', ( #566, #156, #899, #2712 ) ) ;
#3229 = ADVANCED_FACE ( 'NONE', ( #719 ), #2433, .F. ) ;
#3230 = MECHANICAL_DESIGN_GEOMETRIC_PRESENTATION_REPRESENTATION (  '', ( #2075 ), #419 ) ;
#3231 = SURFACE_SIDE_STYLE ('',( #782 ) ) ;
#3232 = ORIENTED_EDGE ( 'NONE', *, *, #476, .F. ) ;
#3233 = EDGE_CURVE ( 'NONE', #738, #3291, #2574, .T. ) ;
#3234 = EDGE_LOOP ( 'NONE', ( #810, #753, #202, #3905 ) ) ;
#3235 = CARTESIAN_POINT ( 'NONE',  ( -124.9999999999999716, 20.00000000000000000, 30.00000000000000000 ) ) ;
#3236 = ORIENTED_EDGE ( 'NONE', *, *, #4144, .T. ) ;
#3237 = DIRECTION ( 'NONE',  ( 0.0000000000000000000, 0.0000000000000000000, -1.000000000000000000 ) ) ;
#3238 = DIRECTION ( 'NONE',  ( -1.000000000000000000, 0.0000000000000000000, -0.0000000000000000000 ) ) ;
#3239 =( NAMED_UNIT ( * ) PLANE_ANGLE_UNIT ( ) SI_UNIT ( $, .RADIAN. ) );
#3240 = DIRECTION ( 'NONE',  ( 1.000000000000000000, 1.850582702439379757E-34, 3.081487911019576681E-33 ) ) ;
#3241 = FACE_OUTER_BOUND ( 'NONE', #2648, .T. ) ;
#3242 = EDGE_LOOP ( 'NONE', ( #1315, #3585, #4084, #3352 ) ) ;
#3243 = SURFACE_SIDE_STYLE ('',( #1067 ) ) ;
#3244 = DIRECTION ( 'NONE',  ( 0.0000000000000000000, 0.0000000000000000000, 1.000000000000000000 ) ) ;
#3245 = DIRECTION ( 'NONE',  ( 0.0000000000000000000, -3.081487911019577365E-33, 1.000000000000000000 ) ) ;
#3246 = LINE ( 'NONE', #59, #2447 ) ;
#3247 = FACE_OUTER_BOUND ( 'NONE', #4262, .T. ) ;
#3248 = SURFACE_SIDE_STYLE ('',( #1418 ) ) ;
#3249 = CARTESIAN_POINT ( 'NONE',  ( -110.0000000000000000, 220.0000000000000568, 7.500000000000013323 ) ) ;
#3250 = AXIS2_PLACEMENT_3D ( 'NONE', #3815, #1976, #236 ) ;
#3251 = ORIENTED_EDGE ( 'NONE', *, *, #1042, .T. ) ;
#3252 = CIRCLE ( 'NONE', #4186, 2.499999999999946709 ) ;
#3253 = SURFACE_STYLE_FILL_AREA ( #2770 ) ;
#3254 = DIRECTION ( 'NONE',  ( 0.7071067811865490160, 0.0000000000000000000, -0.7071067811865460184 ) ) ;
#3255 = DIRECTION ( 'NONE',  ( 1.000000000000000000, 0.0000000000000000000, 0.0000000000000000000 ) ) ;
#3256 =( NAMED_UNIT ( * ) SI_UNIT ( $, .STERADIAN. ) SOLID_ANGLE_UNIT ( ) );
#3257 = EDGE_CURVE ( 'NONE', #191, #20, #4335, .T. ) ;
#3258 = LINE ( 'NONE', #834, #3076 ) ;
#3259 = EDGE_CURVE ( 'NONE', #864, #3031, #4457, .T. ) ;
#3260 = ORIENTED_EDGE ( 'NONE', *, *, #3692, .T. ) ;
#3261 = FACE_OUTER_BOUND ( 'NONE', #2184, .T. ) ;
#3262 = FACE_OUTER_BOUND ( 'NONE', #3467, .T. ) ;
#3263 = CARTESIAN_POINT ( 'NONE',  ( 90.00000000000000000, 1200.000000000000000, -90.00000000000000000 ) ) ;
#3264 = AXIS2_PLACEMENT_3D ( 'NONE', #2355, #212, #2372 ) ;
#3265 = PLANE ( 'NONE',  #3744 ) ;
#3266 = CARTESIAN_POINT ( 'NONE',  ( 0.0000000000000000000, -0.001000000000001000089, -142.5000000000000568 ) ) ;
#3267 = EDGE_CURVE ( 'NONE', #2058, #915, #1355, .T. ) ;
#3268 = LINE ( 'NONE', #1335, #2933 ) ;
#3269 = CARTESIAN_POINT ( 'NONE',  ( 90.00000000000000000, 1115.000000000000000, 45.00000000000000000 ) ) ;
#3270 = PLANE ( 'NONE',  #4022 ) ;
#3271 = FACE_OUTER_BOUND ( 'NONE', #107, .T. ) ;
#3272 = FACE_OUTER_BOUND ( 'NONE', #3878, .T. ) ;
#3273 = DIRECTION ( 'NONE',  ( 0.0000000000000000000, 0.0000000000000000000, 1.000000000000000000 ) ) ;
#3274 =( GEOMETRIC_REPRESENTATION_CONTEXT ( 3 ) GLOBAL_UNCERTAINTY_ASSIGNED_CONTEXT ( ( #1035 ) ) GLOBAL_UNIT_ASSIGNED_CONTEXT ( ( #866, #3754, #1623 ) ) REPRESENTATION_CONTEXT ( 'NONE', 'WORKASPACE' ) );
#3275 = ORIENTED_EDGE ( 'NONE', *, *, #1407, .F. ) ;
#3276 = CARTESIAN_POINT ( 'NONE',  ( 124.9999999999999716, 20.00000000000000000, -117.5000000000000000 ) ) ;
#3277 = CARTESIAN_POINT ( 'NONE',  ( 124.9999999999999716, 20.00000000000000000, -30.00000000000000000 ) ) ;
#3278 = PRESENTATION_LAYER_ASSIGNMENT (  '', '', ( #1019 ) ) ;
#3279 = ORIENTED_EDGE ( 'NONE', *, *, #3220, .F. ) ;
#3280 = CARTESIAN_POINT ( 'NONE',  ( 90.00000000000000000, 1200.000000000000000, 84.90000000000000568 ) ) ;
#3281 = ADVANCED_FACE ( 'NONE', ( #3135 ), #399, .F. ) ;
#3282 = STYLED_ITEM ( 'NONE', ( #4216 ), #2422 ) ;
#3283 = ORIENTED_EDGE ( 'NONE', *, *, #2622, .T. ) ;
#3284 = COLOUR_RGB ( '',1.000000000000000000, 1.000000000000000000, 1.000000000000000000 ) ;
#3285 = FILL_AREA_STYLE ('',( #2910 ) ) ;
#3286 = EDGE_CURVE ( 'NONE', #4096, #2168, #3944, .T. ) ;
#3287 = STYLED_ITEM ( 'NONE', ( #2100 ), #2076 ) ;
#3288 = VERTEX_POINT ( 'NONE', #264 ) ;
#3289 = DIRECTION ( 'NONE',  ( -0.0000000000000000000, -1.000000000000000000, -0.0000000000000000000 ) ) ;
#3290 = DIRECTION ( 'NONE',  ( 0.0000000000000000000, 1.000000000000000000, 0.0000000000000000000 ) ) ;
#3291 = VERTEX_POINT ( 'NONE', #722 ) ;
#3292 = EDGE_CURVE ( 'NONE', #4636, #462, #3077, .T. ) ;
#3293 = ORIENTED_EDGE ( 'NONE', *, *, #1093, .T. ) ;
#3294 = CARTESIAN_POINT ( 'NONE',  ( -124.9999999999999716, 20.00000000000000000, -25.50000000000000355 ) ) ;
#3295 = VERTEX_POINT ( 'NONE', #3214 ) ;
#3296 = CARTESIAN_POINT ( 'NONE',  ( 70.00000000000000000, 1180.000000000000000, -92.00000000000001421 ) ) ;
#3297 = FACE_OUTER_BOUND ( 'NONE', #2636, .T. ) ;
#3298 = ORIENTED_EDGE ( 'NONE', *, *, #3637, .F. ) ;
#3299 = AXIS2_PLACEMENT_3D ( 'NONE', #3301, #802, #829 ) ;
#3300 = MECHANICAL_DESIGN_GEOMETRIC_PRESENTATION_REPRESENTATION (  '', ( #1298 ), #2226 ) ;
#3301 = CARTESIAN_POINT ( 'NONE',  ( 90.00000000000000000, 1115.000000000000000, -45.00000000000000000 ) ) ;
#3302 = ADVANCED_FACE ( 'NONE', ( #1127 ), #3554, .F. ) ;
#3303 = LINE ( 'NONE', #2431, #269 ) ;
#3304 = DIRECTION ( 'NONE',  ( 0.7071067811865516806, 0.0000000000000000000, -0.7071067811865434649 ) ) ;
#3305 = PRODUCT_CONTEXT ( 'NONE', #2975, 'mechanical' ) ;
#3306 = VERTEX_POINT ( 'NONE', #3596 ) ;
#3307 = LINE ( 'NONE', #4478, #337 ) ;
#3308 = DIRECTION ( 'NONE',  ( 0.0000000000000000000, 0.0000000000000000000, 1.000000000000000000 ) ) ;
#3309 = DIRECTION ( 'NONE',  ( 0.0000000000000000000, 0.0000000000000000000, 1.000000000000000000 ) ) ;
#3310 = DIRECTION ( 'NONE',  ( -0.0000000000000000000, 1.000000000000000000, -0.0000000000000000000 ) ) ;
#3311 = DIRECTION ( 'NONE',  ( -0.7071067811865441310, 0.0000000000000000000, -0.7071067811865510144 ) ) ;
#3312 = ORIENTED_EDGE ( 'NONE', *, *, #999, .F. ) ;
#3313 = ORIENTED_EDGE ( 'NONE', *, *, #3144, .F. ) ;
#3314 = CARTESIAN_POINT ( 'NONE',  ( -7.500000000001047162, -0.001000000000001000089, 149.9999999999999716 ) ) ;
#3315 = PLANE ( 'NONE',  #2621 ) ;
#3316 = LINE ( 'NONE', #3688, #658 ) ;
#3317 = FACE_OUTER_BOUND ( 'NONE', #4414, .T. ) ;
#3318 = VECTOR ( 'NONE', #4536, 999.9999999999998863 ) ;
#3319 = VERTEX_POINT ( 'NONE', #3580 ) ;
#3320 = CARTESIAN_POINT ( 'NONE',  ( 69.99999999999985789, 1180.000000000000000, -90.00000000000000000 ) ) ;
#3321 = ORIENTED_EDGE ( 'NONE', *, *, #4349, .T. ) ;
#3322 = LINE ( 'NONE', #3982, #4523 ) ;
#3323 = VECTOR ( 'NONE', #4658, 1000.000000000000000 ) ;
#3324 = CARTESIAN_POINT ( 'NONE',  ( 140.0000000000000000, 20.00000000000000000, 150.0000000000000000 ) ) ;
#3325 = CARTESIAN_POINT ( 'NONE',  ( 90.00000000000000000, 1180.000000000000000, -90.00000000000000000 ) ) ;
#3326 = LINE ( 'NONE', #2463, #2231 ) ;
#3327 = EDGE_CURVE ( 'NONE', #2126, #4190, #4452, .T. ) ;
#3328 = EDGE_LOOP ( 'NONE', ( #306, #1063, #4492, #1133 ) ) ;
#3329 = ADVANCED_FACE ( 'NONE', ( #3485 ), #58, .F. ) ;
#3330 = EDGE_LOOP ( 'NONE', ( #2701, #3969, #4590, #470 ) ) ;
#3331 = DIRECTION ( 'NONE',  ( -0.0000000000000000000, 1.000000000000000000, -0.0000000000000000000 ) ) ;
#3332 = LINE ( 'NONE', #518, #1425 ) ;
#3333 = DIRECTION ( 'NONE',  ( 0.0000000000000000000, 0.0000000000000000000, 1.000000000000000000 ) ) ;
#3335 = ORIENTED_EDGE ( 'NONE', *, *, #1077, .F. ) ;
#3334 = SURFACE_STYLE_USAGE ( .BOTH. , #2600 ) ;
#3336 = AXIS2_PLACEMENT_3D ( 'NONE', #4203, #257, #3153 ) ;
#3337 = EDGE_LOOP ( 'NONE', ( #3236, #4223, #1438, #2926 ) ) ;
#3338 = FACE_BOUND ( 'NONE', #3194, .T. ) ;
#3339 = ORIENTED_EDGE ( 'NONE', *, *, #730, .F. ) ;
#3340 = DIRECTION ( 'NONE',  ( -0.0000000000000000000, 1.000000000000000000, -0.0000000000000000000 ) ) ;
#3341 = VERTEX_POINT ( 'NONE', #1768 ) ;
#3342 = ORIENTED_EDGE ( 'NONE', *, *, #2276, .T. ) ;
#3343 = DIRECTION ( 'NONE',  ( 1.000000000000000000, -0.0000000000000000000, -0.0000000000000000000 ) ) ;
#3344 =( GEOMETRIC_REPRESENTATION_CONTEXT ( 3 ) GLOBAL_UNCERTAINTY_ASSIGNED_CONTEXT ( ( #3977 ) ) GLOBAL_UNIT_ASSIGNED_CONTEXT ( ( #449, #2958, #3696 ) ) REPRESENTATION_CONTEXT ( 'NONE', 'WORKASPACE' ) );
#3345 = CARTESIAN_POINT ( 'NONE',  ( -124.9999999999999716, 20.00000000000000000, 30.00000000000000000 ) ) ;
#3346 = VERTEX_POINT ( 'NONE', #1039 ) ;
#3347 = CARTESIAN_POINT ( 'NONE',  ( 77.99999999999998579, 1180.000000000000000, -67.99999999999991473 ) ) ;
#3348 = ORIENTED_EDGE ( 'NONE', *, *, #3144, .T. ) ;
#3349 = CARTESIAN_POINT ( 'NONE',  ( -124.9999999999999716, 0.0000000000000000000, -125.0000000000000000 ) ) ;
#3350 = DIRECTION ( 'NONE',  ( -1.000000000000000000, -1.540743955509788682E-33, 1.982541115402068808E-16 ) ) ;
#3351 = EDGE_CURVE ( 'NONE', #2440, #2767, #2169, .T. ) ;
#3352 = ORIENTED_EDGE ( 'NONE', *, *, #1269, .T. ) ;
#3353 = DIRECTION ( 'NONE',  ( 0.0000000000000000000, 0.0000000000000000000, 1.000000000000000000 ) ) ;
#3354 = ORIENTED_EDGE ( 'NONE', *, *, #2283, .T. ) ;
#3355 = EDGE_CURVE ( 'NONE', #4449, #4557, #1248, .T. ) ;
#3356 = AXIS2_PLACEMENT_3D ( 'NONE', #144, #127, #3386 ) ;
#3357 = FILL_AREA_STYLE ('',( #3712 ) ) ;
#3358 = ORIENTED_EDGE ( 'NONE', *, *, #2775, .F. ) ;
#3359 = CARTESIAN_POINT ( 'NONE',  ( -124.9999999999999716, 0.0000000000000000000, -25.50000000000000355 ) ) ;
#3360 = CARTESIAN_POINT ( 'NONE',  ( 115.0000000000000711, 1200.000000000000000, -124.9999999999999432 ) ) ;
#3361 = AXIS2_PLACEMENT_3D ( 'NONE', #3040, #4188, #203 ) ;
#3362 = EDGE_LOOP ( 'NONE', ( #1406, #200, #2259, #2679, #2489 ) ) ;
#3363 = AXIS2_PLACEMENT_3D ( 'NONE', #3235, #3640, #2900 ) ;
#3364 = EDGE_CURVE ( 'NONE', #2593, #2591, #3252, .T. ) ;
#3365 = CARTESIAN_POINT ( 'NONE',  ( 7.500000000000009770, 70.00000000000001421, 139.9999999999999716 ) ) ;
#3366 =( NAMED_UNIT ( * ) SI_UNIT ( $, .STERADIAN. ) SOLID_ANGLE_UNIT ( ) );
#3367 = CARTESIAN_POINT ( 'NONE',  ( -140.0000000000000000, 20.00000000000000000, -150.0000000000000000 ) ) ;
#3368 = LINE ( 'NONE', #2702, #1781 ) ;
#3369 = FACE_BOUND ( 'NONE', #801, .T. ) ;
#3370 = EDGE_LOOP ( 'NONE', ( #1310, #4018, #33, #4531 ) ) ;
#3371 = DIRECTION ( 'NONE',  ( -0.0000000000000000000, 1.000000000000000000, -0.0000000000000000000 ) ) ;
#3372 = CARTESIAN_POINT ( 'NONE',  ( -90.00000000000000000, 1200.000000000000000, 95.09999999999999432 ) ) ;
#3373 =( NAMED_UNIT ( * ) SI_UNIT ( $, .STERADIAN. ) SOLID_ANGLE_UNIT ( ) );
#3374 = PRESENTATION_LAYER_ASSIGNMENT (  '', '', ( #1761 ) ) ;
#3375 = MECHANICAL_DESIGN_GEOMETRIC_PRESENTATION_REPRESENTATION (  '', ( #4162 ), #1969 ) ;
#3376 = DIRECTION ( 'NONE',  ( 1.155557966632341512E-33, 1.000000000000000000, -4.901829378616506198E-34 ) ) ;
#3377 = LINE ( 'NONE', #2028, #1187 ) ;
#3378 = STYLED_ITEM ( 'NONE', ( #3646 ), #2041 ) ;
#3379 = CARTESIAN_POINT ( 'NONE',  ( 90.00000000000000000, 1115.000000000000000, 45.00000000000000000 ) ) ;
#3380 = ORIENTED_EDGE ( 'NONE', *, *, #2276, .F. ) ;
#3381 = CARTESIAN_POINT ( 'NONE',  ( 90.00000000000000000, 19.99999999999998934, 7.499999999999985789 ) ) ;
#3382 = CYLINDRICAL_SURFACE ( 'NONE', #3624, 4.500000000000003553 ) ;
#3383 = VECTOR ( 'NONE', #1430, 1000.000000000000000 ) ;
#3384 = ORIENTED_EDGE ( 'NONE', *, *, #1001, .F. ) ;
#3385 =( NAMED_UNIT ( * ) SI_UNIT ( $, .STERADIAN. ) SOLID_ANGLE_UNIT ( ) );
#3386 = DIRECTION ( 'NONE',  ( 0.0000000000000000000, 0.0000000000000000000, 1.000000000000000000 ) ) ;
#3387 = EDGE_CURVE ( 'NONE', #3993, #711, #1788, .T. ) ;
#3388 = FACE_BOUND ( 'NONE', #3045, .T. ) ;
#3389 = CIRCLE ( 'NONE', #483, 5.099999999999993427 ) ;
#3390 = EDGE_LOOP ( 'NONE', ( #2684, #2141, #2852, #3616 ) ) ;
#3391 =( NAMED_UNIT ( * ) PLANE_ANGLE_UNIT ( ) SI_UNIT ( $, .RADIAN. ) );
#3392 = DIRECTION ( 'NONE',  ( -0.0000000000000000000, 1.000000000000000000, -0.0000000000000000000 ) ) ;
#3393 = FACE_OUTER_BOUND ( 'NONE', #2718, .T. ) ;
#3394 = CIRCLE ( 'NONE', #2850, 4.500000000000003553 ) ;
#3395 = ORIENTED_EDGE ( 'NONE', *, *, #1627, .T. ) ;
#3396 = ORIENTED_EDGE ( 'NONE', *, *, #3477, .T. ) ;
#3397 = CARTESIAN_POINT ( 'NONE',  ( -90.00000000000000000, 1180.000000000000000, -69.99999999999982947 ) ) ;
#3398 = EDGE_CURVE ( 'NONE', #4353, #2662, #2224, .T. ) ;
#3399 = UNCERTAINTY_MEASURE_WITH_UNIT (LENGTH_MEASURE( 1.000000000000000082E-05 ), #2298, 'distance_accuracy_value', 'NONE');
#3400 = ORIENTED_EDGE ( 'NONE', *, *, #4418, .T. ) ;
#3401 = DIRECTION ( 'NONE',  ( -0.0000000000000000000, 1.000000000000000000, -0.0000000000000000000 ) ) ;
#3402 = CARTESIAN_POINT ( 'NONE',  ( 150.0000000000000568, 20.00000000000000000, -7.499999999999475975 ) ) ;
#3403 = ORIENTED_EDGE ( 'NONE', *, *, #476, .T. ) ;
#3404 = DIRECTION ( 'NONE',  ( -1.000000000000000000, 0.0000000000000000000, 1.020425574104005478E-16 ) ) ;
#3405 = CARTESIAN_POINT ( 'NONE',  ( -69.99999999999998579, 20.00000000000000355, 69.99999999999998579 ) ) ;
#3406 = AXIS2_PLACEMENT_3D ( 'NONE', #472, #4038, #4008 ) ;
#3407 = AXIS2_PLACEMENT_3D ( 'NONE', #3771, #2328, #3048 ) ;
#3408 = DIRECTION ( 'NONE',  ( 1.000000000000000000, 0.0000000000000000000, 0.0000000000000000000 ) ) ;
#3409 = PLANE ( 'NONE',  #2203 ) ;
#3410 = CARTESIAN_POINT ( 'NONE',  ( -29.99999999999998579, 20.00000000000000000, 125.0000000000000284 ) ) ;
#3411 = MECHANICAL_DESIGN_GEOMETRIC_PRESENTATION_REPRESENTATION (  '', ( #1188 ), #2008 ) ;
#3412 = EDGE_LOOP ( 'NONE', ( #1684, #3476, #916, #680 ) ) ;
#3413 = CARTESIAN_POINT ( 'NONE',  ( 110.0000000000000000, 220.0000000000000568, 7.499999999999985789 ) ) ;
#3414 = ORIENTED_EDGE ( 'NONE', *, *, #1258, .F. ) ;
#3415 = ORIENTED_EDGE ( 'NONE', *, *, #152, .F. ) ;
#3416 = EDGE_CURVE ( 'NONE', #4098, #4146, #2114, .T. ) ;
#3417 = EDGE_CURVE ( 'NONE', #1178, #587, #2514, .T. ) ;
#3418 = DIRECTION ( 'NONE',  ( 3.888083013051982357E-17, -0.9805806756909201116, 0.1961161351381840168 ) ) ;
#3419 = ORIENTED_EDGE ( 'NONE', *, *, #549, .F. ) ;
#3420 = DIRECTION ( 'NONE',  ( -0.0000000000000000000, 1.000000000000000000, -0.0000000000000000000 ) ) ;
#3421 = LINE ( 'NONE', #182, #1401 ) ;
#3422 = ORIENTED_EDGE ( 'NONE', *, *, #901, .T. ) ;
#3423 = PRESENTATION_LAYER_ASSIGNMENT (  '', '', ( #3756 ) ) ;
#3424 = VECTOR ( 'NONE', #2196, 1000.000000000000000 ) ;
#3425 = AXIS2_PLACEMENT_3D ( 'NONE', #852, #4424, #4470 ) ;
#3426 = VERTEX_POINT ( 'NONE', #1158 ) ;
#3427 = CARTESIAN_POINT ( 'NONE',  ( 149.9999999999999716, 20.00000000000000000, -150.0000000000000000 ) ) ;
#3428 = DIRECTION ( 'NONE',  ( 0.0000000000000000000, 0.0000000000000000000, -1.000000000000000000 ) ) ;
#3429 = CIRCLE ( 'NONE', #1237, 5.099999999999993427 ) ;
#3430 = DIRECTION ( 'NONE',  ( 0.7071067811865434649, -0.0000000000000000000, 0.7071067811865516806 ) ) ;
#3431 = AXIS2_PLACEMENT_3D ( 'NONE', #1429, #4657, #682 ) ;
#3432 = AXIS2_PLACEMENT_3D ( 'NONE', #659, #2835, #2469 ) ;
#3433 = EDGE_LOOP ( 'NONE', ( #253, #1581, #1786, #2598 ) ) ;
#3434 = DIRECTION ( 'NONE',  ( 0.0000000000000000000, 0.0000000000000000000, 1.000000000000000000 ) ) ;
#3435 = VERTEX_POINT ( 'NONE', #398 ) ;
#3436 = LINE ( 'NONE', #4070, #3604 ) ;
#3437 = CIRCLE ( 'NONE', #1220, 4.499999999999990230 ) ;
#3438 = DIRECTION ( 'NONE',  ( -3.061276722312015942E-16, 0.0000000000000000000, -1.000000000000000000 ) ) ;
#3439 = VERTEX_POINT ( 'NONE', #103 ) ;
#3440 = VECTOR ( 'NONE', #646, 1000.000000000000000 ) ;
#3441 = LINE ( 'NONE', #3219, #347 ) ;
#3442 = VECTOR ( 'NONE', #4599, 1000.000000000000114 ) ;
#3443 = CARTESIAN_POINT ( 'NONE',  ( 140.0000000000000000, 0.0000000000000000000, -150.0000000000000000 ) ) ;
#3444 = ORIENTED_EDGE ( 'NONE', *, *, #2898, .T. ) ;
#3445 = PRESENTATION_STYLE_ASSIGNMENT (( #4429 ) ) ;
#3446 = LINE ( 'NONE', #743, #1860 ) ;
#3447 = CIRCLE ( 'NONE', #675, 2.499999999999946709 ) ;
#3448 = CARTESIAN_POINT ( 'NONE',  ( -7.500000000000000000, 0.0000000000000000000, -150.0000000000000284 ) ) ;
#3449 = CARTESIAN_POINT ( 'NONE',  ( -150.0000000000000284, 20.00000000000000000, -150.0000000000000000 ) ) ;
#3450 = EDGE_LOOP ( 'NONE', ( #445, #3087, #2266, #2629 ) ) ;
#3451 = EDGE_CURVE ( 'NONE', #2517, #1587, #2005, .T. ) ;
#3452 = ORIENTED_EDGE ( 'NONE', *, *, #82, .F. ) ;
#3453 = EDGE_CURVE ( 'NONE', #4089, #3850, #835, .T. ) ;
#3454 = VERTEX_POINT ( 'NONE', #2904 ) ;
#3455 = ORIENTED_EDGE ( 'NONE', *, *, #3398, .T. ) ;
#3456 = ADVANCED_FACE ( 'NONE', ( #1946 ), #83, .F. ) ;
#3457 = CARTESIAN_POINT ( 'NONE',  ( 90.00000000000000000, 1155.000000000000000, 45.00000000000000000 ) ) ;
#3458 = CARTESIAN_POINT ( 'NONE',  ( 115.0000000000000711, 1180.000000000000000, -124.9999999999999432 ) ) ;
#3459 = VERTEX_POINT ( 'NONE', #2920 ) ;
#3460 =( GEOMETRIC_REPRESENTATION_CONTEXT ( 3 ) GLOBAL_UNCERTAINTY_ASSIGNED_CONTEXT ( ( #3827 ) ) GLOBAL_UNIT_ASSIGNED_CONTEXT ( ( #3682, #4029, #1524 ) ) REPRESENTATION_CONTEXT ( 'NONE', 'WORKASPACE' ) );
#3461 = AXIS2_PLACEMENT_3D ( 'NONE', #2788, #3610, #1221 ) ;
#3462 = CARTESIAN_POINT ( 'NONE',  ( -142.5000000000000568, 0.0000000000000000000, -1.492729551078042505E-12 ) ) ;
#3463 = VERTEX_POINT ( 'NONE', #4340 ) ;
#3464 = AXIS2_PLACEMENT_3D ( 'NONE', #1167, #1126, #4328 ) ;
#3465 = CARTESIAN_POINT ( 'NONE',  ( 90.00000000000000000, 1155.000000000000000, 45.00000000000000000 ) ) ;
#3466 = ORIENTED_EDGE ( 'NONE', *, *, #1036, .T. ) ;
#3467 = EDGE_LOOP ( 'NONE', ( #484, #1157, #2961, #839 ) ) ;
#3468 = CARTESIAN_POINT ( 'NONE',  ( 77.99999999999998579, 20.00000000000000355, -67.99999999999991473 ) ) ;
#3469 = EDGE_CURVE ( 'NONE', #2533, #2725, #4167, .T. ) ;
#3470 = VERTEX_POINT ( 'NONE', #750 ) ;
#3471 = EDGE_LOOP ( 'NONE', ( #4442, #1870, #3855, #2726 ) ) ;
#3472 = DIRECTION ( 'NONE',  ( -0.7071067811865434649, -0.0000000000000000000, -0.7071067811865516806 ) ) ;
#3473 = CARTESIAN_POINT ( 'NONE',  ( 90.00000000000000000, 1180.000000000000000, 90.00000000000000000 ) ) ;
#3474 = VECTOR ( 'NONE', #3418, 1000.000000000000114 ) ;
#3475 = ADVANCED_FACE ( 'NONE', ( #453 ), #2548, .T. ) ;
#3476 = ORIENTED_EDGE ( 'NONE', *, *, #1462, .T. ) ;
#3477 = EDGE_CURVE ( 'NONE', #4475, #3069, #2055, .T. ) ;
#3478 = SURFACE_SIDE_STYLE ('',( #1570 ) ) ;
#3479 = CARTESIAN_POINT ( 'NONE',  ( 140.0000000000000000, 19.99999999999998934, -7.500000000000013323 ) ) ;
#3480 = LINE ( 'NONE', #3142, #2625 ) ;
#3481 = LINE ( 'NONE', #4570, #2735 ) ;
#3482 = FACE_BOUND ( 'NONE', #2161, .T. ) ;
#3483 = AXIS2_PLACEMENT_3D ( 'NONE', #3932, #1031, #4287 ) ;
#3484 = CARTESIAN_POINT ( 'NONE',  ( -150.0000000000000284, 0.0000000000000000000, -150.0000000000000000 ) ) ;
#3485 = FACE_OUTER_BOUND ( 'NONE', #3642, .T. ) ;
#3486 = LINE ( 'NONE', #1999, #897 ) ;
#3487 = LINE ( 'NONE', #4416, #2750 ) ;
#3488 = DIRECTION ( 'NONE',  ( 0.7071067811865474617, -0.0000000000000000000, -0.7071067811865474617 ) ) ;
#3489 = COLOUR_RGB ( '',1.000000000000000000, 1.000000000000000000, 1.000000000000000000 ) ;
#3490 = FACE_OUTER_BOUND ( 'NONE', #3749, .T. ) ;
#3491 = VERTEX_POINT ( 'NONE', #3680 ) ;
#3492 = SURFACE_STYLE_USAGE ( .BOTH. , #3478 ) ;
#3493 = VECTOR ( 'NONE', #2063, 1000.000000000000000 ) ;
#3494 = COLOUR_RGB ( '',1.000000000000000000, 1.000000000000000000, 1.000000000000000000 ) ;
#3495 = AXIS2_PLACEMENT_3D ( 'NONE', #313, #2826, #3255 ) ;
#3496 = CYLINDRICAL_SURFACE ( 'NONE', #3546, 75.00000000000001421 ) ;
#3497 = ORIENTED_EDGE ( 'NONE', *, *, #1705, .F. ) ;
#3498 = ADVANCED_FACE ( 'NONE', ( #180 ), #2559, .F. ) ;
#3499 = ORIENTED_EDGE ( 'NONE', *, *, #4230, .F. ) ;
#3500 = DIRECTION ( 'NONE',  ( 0.0000000000000000000, 0.0000000000000000000, -1.000000000000000000 ) ) ;
#3501 = FACE_OUTER_BOUND ( 'NONE', #328, .T. ) ;
#3502 = CARTESIAN_POINT ( 'NONE',  ( 0.0000000000000000000, -0.001000000000001000089, -142.5000000000000568 ) ) ;
#3503 = ORIENTED_EDGE ( 'NONE', *, *, #1240, .T. ) ;
#3504 = DIRECTION ( 'NONE',  ( -1.155557966632341512E-33, -1.000000000000000000, 4.901829378616506198E-34 ) ) ;
#3505 = EDGE_CURVE ( 'NONE', #552, #3639, #3822, .T. ) ;
#3506 = VERTEX_POINT ( 'NONE', #1542 ) ;
#3507 = EDGE_CURVE ( 'NONE', #915, #4548, #1004, .T. ) ;
#3508 = DIRECTION ( 'NONE',  ( -0.0000000000000000000, -1.000000000000000000, -0.0000000000000000000 ) ) ;
#3509 = AXIS2_PLACEMENT_3D ( 'NONE', #3473, #2421, #3150 ) ;
#3510 = DIRECTION ( 'NONE',  ( -0.0000000000000000000, 1.000000000000000000, -0.0000000000000000000 ) ) ;
#3511 =( NAMED_UNIT ( * ) SI_UNIT ( $, .STERADIAN. ) SOLID_ANGLE_UNIT ( ) );
#3512 =( LENGTH_UNIT ( ) NAMED_UNIT ( * ) SI_UNIT ( .MILLI., .METRE. ) );
#3513 = ORIENTED_EDGE ( 'NONE', *, *, #1947, .F. ) ;
#3514 = CARTESIAN_POINT ( 'NONE',  ( 0.0000000000000000000, -0.001000000000001000089, 75.00000000000001421 ) ) ;
#3515 = DIRECTION ( 'NONE',  ( -1.000000000000000000, -0.0000000000000000000, 1.020425574104005355E-16 ) ) ;
#3516 = DIRECTION ( 'NONE',  ( 0.0000000000000000000, 0.0000000000000000000, -1.000000000000000000 ) ) ;
#3517 = AXIS2_PLACEMENT_3D ( 'NONE', #3975, #3625, #23 ) ;
#3518 = CARTESIAN_POINT ( 'NONE',  ( 124.9999999999999716, 0.0000000000000000000, 117.5000000000000000 ) ) ;
#3519 = AXIS2_PLACEMENT_3D ( 'NONE', #2951, #821, #2627 ) ;
#3520 = DIRECTION ( 'NONE',  ( 0.0000000000000000000, 0.0000000000000000000, 1.000000000000000000 ) ) ;
#3521 = CARTESIAN_POINT ( 'NONE',  ( -29.99999999999998579, 20.00000000000000000, 125.0000000000000284 ) ) ;
#3522 = ORIENTED_EDGE ( 'NONE', *, *, #78, .F. ) ;
#3523 = ADVANCED_FACE ( 'NONE', ( #1071 ), #2743, .F. ) ;
#3524 = EDGE_LOOP ( 'NONE', ( #735, #1965 ) ) ;
#3525 = PLANE ( 'NONE',  #3925 ) ;
#3526 = VERTEX_POINT ( 'NONE', #2609 ) ;
#3527 = DIRECTION ( 'NONE',  ( -0.0000000000000000000, 1.000000000000000000, -0.0000000000000000000 ) ) ;
#3528 = CARTESIAN_POINT ( 'NONE',  ( -114.9999999999999574, 1200.000000000000000, 125.0000000000000000 ) ) ;
#3529 = EDGE_CURVE ( 'NONE', #2662, #3149, #230, .T. ) ;
#3530 = CYLINDRICAL_SURFACE ( 'NONE', #2318, 7.500000000000007105 ) ;
#3531 = ORIENTED_EDGE ( 'NONE', *, *, #174, .T. ) ;
#3532 =( NAMED_UNIT ( * ) SI_UNIT ( $, .STERADIAN. ) SOLID_ANGLE_UNIT ( ) );
#3533 = CARTESIAN_POINT ( 'NONE',  ( 124.9999999999999716, 20.00000000000000000, -117.5000000000000000 ) ) ;
#3534 = EDGE_CURVE ( 'NONE', #3149, #2662, #3884, .T. ) ;
#3535 = DIRECTION ( 'NONE',  ( 1.000000000000000000, 0.0000000000000000000, -1.850371707708594316E-16 ) ) ;
#3536 = FACE_OUTER_BOUND ( 'NONE', #2317, .T. ) ;
#3537 = PLANE ( 'NONE',  #2703 ) ;
#3538 = EDGE_LOOP ( 'NONE', ( #1409, #1345, #3092, #2892 ) ) ;
#3539 = FACE_OUTER_BOUND ( 'NONE', #4495, .T. ) ;
#3540 = ORIENTED_EDGE ( 'NONE', *, *, #3505, .T. ) ;
#3541 = FACE_BOUND ( 'NONE', #4272, .T. ) ;
#3542 = SURFACE_STYLE_FILL_AREA ( #4553 ) ;
#3543 = VECTOR ( 'NONE', #2043, 1000.000000000000000 ) ;
#3544 = CARTESIAN_POINT ( 'NONE',  ( -149.9999999999999432, 20.00000000000000000, -7.500000000001570299 ) ) ;
#3545 = ADVANCED_FACE ( 'NONE', ( #1303 ), #1624, .F. ) ;
#3546 = AXIS2_PLACEMENT_3D ( 'NONE', #2843, #274, #3131 ) ;
#3547 = DIRECTION ( 'NONE',  ( -0.0000000000000000000, 1.000000000000000000, -0.0000000000000000000 ) ) ;
#3548 =( NAMED_UNIT ( * ) PLANE_ANGLE_UNIT ( ) SI_UNIT ( $, .RADIAN. ) );
#3549 = CIRCLE ( 'NONE', #2457, 9.999999999999994671 ) ;
#3550 = AXIS2_PLACEMENT_3D ( 'NONE', #1874, #2596, #3663 ) ;
#3551 = FACE_BOUND ( 'NONE', #2420, .T. ) ;
#3552 = FACE_OUTER_BOUND ( 'NONE', #4431, .T. ) ;
#3553 = DIRECTION ( 'NONE',  ( -0.0000000000000000000, 1.000000000000000000, -0.0000000000000000000 ) ) ;
#3554 = PLANE ( 'NONE',  #3801 ) ;
#3555 = VERTEX_POINT ( 'NONE', #3106 ) ;
#3556 = CARTESIAN_POINT ( 'NONE',  ( -90.00000000000000000, 1200.000000000000000, 84.90000000000000568 ) ) ;
#3557 = COLOUR_RGB ( '',1.000000000000000000, 1.000000000000000000, 1.000000000000000000 ) ;
#3558 = LINE ( 'NONE', #4045, #2987 ) ;
#3559 = VERTEX_POINT ( 'NONE', #2031 ) ;
#3560 = CARTESIAN_POINT ( 'NONE',  ( -110.0000000000000000, 220.0000000000000568, 7.500000000000013323 ) ) ;
#3561 = ORIENTED_EDGE ( 'NONE', *, *, #530, .T. ) ;
#3562 = ORIENTED_EDGE ( 'NONE', *, *, #1515, .F. ) ;
#3563 = ORIENTED_EDGE ( 'NONE', *, *, #856, .F. ) ;
#3564 = PLANE ( 'NONE',  #2668 ) ;
#3565 = CARTESIAN_POINT ( 'NONE',  ( -150.0000000000001137, -0.001000000000001000089, 7.499999999998428812 ) ) ;
#3566 = CARTESIAN_POINT ( 'NONE',  ( 150.0000000000000284, 0.0000000000000000000, 139.9999999999999716 ) ) ;
#3567 = DIRECTION ( 'NONE',  ( 0.0000000000000000000, 1.000000000000000000, 0.0000000000000000000 ) ) ;
#3568 = CARTESIAN_POINT ( 'NONE',  ( 150.0000000000000000, -0.001000000000001000089, 7.500000000000524025 ) ) ;
#3569 = EDGE_CURVE ( 'NONE', #858, #552, #1677, .T. ) ;
#3570 = DIRECTION ( 'NONE',  ( -7.401486830834376525E-17, -1.000000000000000000, -0.0000000000000000000 ) ) ;
#3571 = ADVANCED_FACE ( 'NONE', ( #123 ), #1566, .F. ) ;
#3572 = DIRECTION ( 'NONE',  ( 0.0000000000000000000, 0.0000000000000000000, 1.000000000000000000 ) ) ;
#3573 = VERTEX_POINT ( 'NONE', #645 ) ;
#3574 = CARTESIAN_POINT ( 'NONE',  ( -150.0000000000001137, 20.00000000000000000, 7.499999999998428812 ) ) ;
#3575 = DIRECTION ( 'NONE',  ( -1.000000000000000000, -2.696301922142130194E-33, 1.982541115402069547E-16 ) ) ;
#3576 = DIRECTION ( 'NONE',  ( 0.0000000000000000000, 0.0000000000000000000, -1.000000000000000000 ) ) ;
#3577 =( LENGTH_UNIT ( ) NAMED_UNIT ( * ) SI_UNIT ( .MILLI., .METRE. ) );
#3578 = ORIENTED_EDGE ( 'NONE', *, *, #2874, .F. ) ;
#3579 = DIRECTION ( 'NONE',  ( -9.860761315262640999E-32, -1.387778780781445059E-17, -1.000000000000000000 ) ) ;
#3580 = CARTESIAN_POINT ( 'NONE',  ( 7.499999999999978684, 0.0000000000000000000, -150.0000000000000000 ) ) ;
#3581 = ORIENTED_EDGE ( 'NONE', *, *, #4086, .T. ) ;
#3582 = LINE ( 'NONE', #3458, #2382 ) ;
#3583 = CARTESIAN_POINT ( 'NONE',  ( -70.00000000000000000, 1200.000000000000000, 95.00000000000000000 ) ) ;
#3584 = CARTESIAN_POINT ( 'NONE',  ( 90.00000000000000000, 1115.000000000000000, 42.50000000000004974 ) ) ;
#3585 = ORIENTED_EDGE ( 'NONE', *, *, #689, .T. ) ;
#3586 = CARTESIAN_POINT ( 'NONE',  ( -124.9999999999999716, 0.0000000000000000000, -30.00000000000000000 ) ) ;
#3587 = ADVANCED_FACE ( 'NONE', ( #654 ), #3136, .F. ) ;
#3588 = CIRCLE ( 'NONE', #383, 5.099999999999993427 ) ;
#3589 = SURFACE_SIDE_STYLE ('',( #1211 ) ) ;
#3591 = LINE ( 'NONE', #6, #2449 ) ;
#3590 = CARTESIAN_POINT ( 'NONE',  ( -7.500000000000007105, 19.99999999999994671, -139.9999999999999716 ) ) ;
#3592 = EDGE_CURVE ( 'NONE', #576, #877, #2739, .T. ) ;
#3593 = CYLINDRICAL_SURFACE ( 'NONE', #2779, 5.099999999999993427 ) ;
#3594 = EDGE_CURVE ( 'NONE', #299, #3655, #2628, .T. ) ;
#3595 = FACE_OUTER_BOUND ( 'NONE', #1717, .T. ) ;
#3596 = CARTESIAN_POINT ( 'NONE',  ( 7.500000000000009770, 70.00000000000001421, 139.9999999999999716 ) ) ;
#3597 = EDGE_LOOP ( 'NONE', ( #3636, #869, #425, #1309, #2899, #109, #2121, #4064 ) ) ;
#3598 = CARTESIAN_POINT ( 'NONE',  ( 90.00000000000000000, 1180.000000000000000, 84.90000000000000568 ) ) ;
#3599 = EDGE_CURVE ( 'NONE', #1633, #611, #2689, .T. ) ;
#3600 = EDGE_CURVE ( 'NONE', #85, #4110, #4273, .T. ) ;
#3601 = ORIENTED_EDGE ( 'NONE', *, *, #3781, .T. ) ;
#3602 = DIRECTION ( 'NONE',  ( 0.0000000000000000000, 0.0000000000000000000, 1.000000000000000000 ) ) ;
#3603 = CARTESIAN_POINT ( 'NONE',  ( 125.0000000000000568, 1200.000000000000000, 115.0000000000000142 ) ) ;
#3604 = VECTOR ( 'NONE', #2955, 1000.000000000000000 ) ;
#3605 = FACE_BOUND ( 'NONE', #2572, .T. ) ;
#3606 = EDGE_LOOP ( 'NONE', ( #1314, #4263 ) ) ;
#3607 = FACE_BOUND ( 'NONE', #4440, .T. ) ;
#3608 = ORIENTED_EDGE ( 'NONE', *, *, #277, .F. ) ;
#3609 = AXIS2_PLACEMENT_3D ( 'NONE', #1939, #4535, #2313 ) ;
#3610 = DIRECTION ( 'NONE',  ( 0.7071067811865409114, 0.0000000000000000000, 0.7071067811865541231 ) ) ;
#3611 = PRESENTATION_STYLE_ASSIGNMENT (( #2088 ) ) ;
#3612 = CARTESIAN_POINT ( 'NONE',  ( -90.00000000000000000, 1200.000000000000000, 90.00000000000000000 ) ) ;
#3613 =( GEOMETRIC_REPRESENTATION_CONTEXT ( 3 ) GLOBAL_UNCERTAINTY_ASSIGNED_CONTEXT ( ( #4122 ) ) GLOBAL_UNIT_ASSIGNED_CONTEXT ( ( #4371, #4423, #2917 ) ) REPRESENTATION_CONTEXT ( 'NONE', 'WORKASPACE' ) );
#3614 = ORIENTED_EDGE ( 'NONE', *, *, #3134, .F. ) ;
#3615 = ADVANCED_FACE ( 'NONE', ( #2869, #3595 ), #2744, .F. ) ;
#3616 = ORIENTED_EDGE ( 'NONE', *, *, #2189, .T. ) ;
#3617 = DIRECTION ( 'NONE',  ( -0.0000000000000000000, 1.000000000000000000, -0.0000000000000000000 ) ) ;
#3618 = DIRECTION ( 'NONE',  ( -1.000000000000000000, -1.850582702439379757E-34, -3.081487911019576681E-33 ) ) ;
#3619 = ORIENTED_EDGE ( 'NONE', *, *, #4582, .F. ) ;
#3620 = ORIENTED_EDGE ( 'NONE', *, *, #2994, .F. ) ;
#3621 = DIRECTION ( 'NONE',  ( 0.0000000000000000000, 0.0000000000000000000, 1.000000000000000000 ) ) ;
#3622 = DIRECTION ( 'NONE',  ( -0.0000000000000000000, 1.000000000000000000, -0.0000000000000000000 ) ) ;
#3623 = EDGE_CURVE ( 'NONE', #3319, #4285, #4623, .T. ) ;
#3624 = AXIS2_PLACEMENT_3D ( 'NONE', #2982, #843, #907 ) ;
#3625 = DIRECTION ( 'NONE',  ( 0.7071067811865494601, 0.0000000000000000000, -0.7071067811865456854 ) ) ;
#3626 = UNCERTAINTY_MEASURE_WITH_UNIT (LENGTH_MEASURE( 1.000000000000000082E-05 ), #2145, 'distance_accuracy_value', 'NONE');
#3627 = CARTESIAN_POINT ( 'NONE',  ( -90.00000000000000000, 1180.000000000000000, -90.00000000000000000 ) ) ;
#3628 = ORIENTED_EDGE ( 'NONE', *, *, #1979, .T. ) ;
#3629 = CARTESIAN_POINT ( 'NONE',  ( -2.775557561562891351E-14, -1.387778780781445676E-14, 7.499999999999985789 ) ) ;
#3630 = EDGE_CURVE ( 'NONE', #2908, #3703, #710, .T. ) ;
#3631 = DIRECTION ( 'NONE',  ( 1.000000000000000000, -7.401486830834376525E-17, 0.0000000000000000000 ) ) ;
#3632 = DIRECTION ( 'NONE',  ( -0.0000000000000000000, 1.000000000000000000, -0.0000000000000000000 ) ) ;
#3633 = EDGE_LOOP ( 'NONE', ( #3466, #4600, #1448, #47 ) ) ;
#3634 = CARTESIAN_POINT ( 'NONE',  ( 149.9999999999999716, 20.00000000000000000, -139.9999999999999716 ) ) ;
#3635 = CARTESIAN_POINT ( 'NONE',  ( 0.0000000000000000000, 20.00000000000000000, 0.0000000000000000000 ) ) ;
#3636 = ORIENTED_EDGE ( 'NONE', *, *, #385, .T. ) ;
#3637 = EDGE_CURVE ( 'NONE', #2989, #2589, #1785, .T. ) ;
#3638 = AXIS2_PLACEMENT_3D ( 'NONE', #2715, #3798, #3819 ) ;
#3639 = VERTEX_POINT ( 'NONE', #2866 ) ;
#3640 = DIRECTION ( 'NONE',  ( -0.0000000000000000000, 1.000000000000000000, -0.0000000000000000000 ) ) ;
#3641 = ADVANCED_FACE ( 'NONE', ( #550 ), #770, .F. ) ;
#3642 = EDGE_LOOP ( 'NONE', ( #3921, #1154, #3813, #4436 ) ) ;
#3643 = APPLICATION_CONTEXT ( 'automotive_design' ) ;
#3644 = DIRECTION ( 'NONE',  ( -0.0000000000000000000, -1.000000000000000000, -0.0000000000000000000 ) ) ;
#3645 = LINE ( 'NONE', #4651, #2678 ) ;
#3646 = PRESENTATION_STYLE_ASSIGNMENT (( #3334 ) ) ;
#3647 = VERTEX_POINT ( 'NONE', #93 ) ;
#3648 = DIRECTION ( 'NONE',  ( 1.000000000000000000, 1.850582702439379757E-34, 3.081487911019576681E-33 ) ) ;
#3649 = CARTESIAN_POINT ( 'NONE',  ( 124.9999999999999716, 20.00000000000000000, 132.5000000000000000 ) ) ;
#3650 = VECTOR ( 'NONE', #2104, 1000.000000000000000 ) ;
#3651 = CYLINDRICAL_SURFACE ( 'NONE', #3495, 62.50000000000000000 ) ;
#3652 = SURFACE_SIDE_STYLE ('',( #2751 ) ) ;
#3653 = CARTESIAN_POINT ( 'NONE',  ( -150.0000000000000284, 20.00000000000000000, -150.0000000000000000 ) ) ;
#3654 = AXIS2_PLACEMENT_3D ( 'NONE', #998, #3504, #1020 ) ;
#3655 = VERTEX_POINT ( 'NONE', #3296 ) ;
#3656 = EDGE_LOOP ( 'NONE', ( #3422, #1021, #1866, #3614 ) ) ;
#3657 = CARTESIAN_POINT ( 'NONE',  ( 125.0000000000000568, 1180.000000000000000, -114.9999999999999858 ) ) ;
#3658 = EDGE_CURVE ( 'NONE', #1058, #2517, #2456, .T. ) ;
#3659 = EDGE_LOOP ( 'NONE', ( #2944, #3718 ) ) ;
#3660 = FACE_OUTER_BOUND ( 'NONE', #942, .T. ) ;
#3661 = VECTOR ( 'NONE', #2722, 1000.000000000000114 ) ;
#3662 = PRESENTATION_STYLE_ASSIGNMENT (( #2959 ) ) ;
#3663 = DIRECTION ( 'NONE',  ( 0.1961161351381840168, -0.9805806756909201116, -1.540743955509788169E-33 ) ) ;
#3664 = ORIENTED_EDGE ( 'NONE', *, *, #21, .F. ) ;
#3665 = DIRECTION ( 'NONE',  ( -1.000000000000000000, 0.0000000000000000000, 1.020425574104005478E-16 ) ) ;
#3666 = DIRECTION ( 'NONE',  ( 7.401486830834376525E-17, 1.000000000000000000, 0.0000000000000000000 ) ) ;
#3667 = ORIENTED_EDGE ( 'NONE', *, *, #2434, .T. ) ;
#3668 = ADVANCED_FACE ( 'NONE', ( #2107 ), #2586, .F. ) ;
#3669 = PRESENTATION_LAYER_ASSIGNMENT (  '', '', ( #4366 ) ) ;
#3670 = VECTOR ( 'NONE', #1034, 1000.000000000000000 ) ;
#3671 = ORIENTED_EDGE ( 'NONE', *, *, #1290, .F. ) ;
#3672 = LINE ( 'NONE', #3365, #903 ) ;
#3673 = FACE_OUTER_BOUND ( 'NONE', #1616, .T. ) ;
#3674 = VERTEX_POINT ( 'NONE', #4672 ) ;
#3675 = STYLED_ITEM ( 'NONE', ( #356 ), #1390 ) ;
#3676 = ORIENTED_EDGE ( 'NONE', *, *, #723, .F. ) ;
#3677 = CARTESIAN_POINT ( 'NONE',  ( 115.0000000000000711, 1180.000000000000000, 125.0000000000000000 ) ) ;
#3678 =( GEOMETRIC_REPRESENTATION_CONTEXT ( 3 ) GLOBAL_UNCERTAINTY_ASSIGNED_CONTEXT ( ( #3039 ) ) GLOBAL_UNIT_ASSIGNED_CONTEXT ( ( #3178, #1040, #4654 ) ) REPRESENTATION_CONTEXT ( 'NONE', 'WORKASPACE' ) );
#3679 = EDGE_LOOP ( 'NONE', ( #1536, #977 ) ) ;
#3680 = CARTESIAN_POINT ( 'NONE',  ( 90.00000000000000000, 1155.000000000000000, 42.50000000000004974 ) ) ;
#3681 = ORIENTED_EDGE ( 'NONE', *, *, #577, .T. ) ;
#3682 =( LENGTH_UNIT ( ) NAMED_UNIT ( * ) SI_UNIT ( .MILLI., .METRE. ) );
#3683 = CARTESIAN_POINT ( 'NONE',  ( -124.9999999999999716, 20.00000000000000000, -30.00000000000000000 ) ) ;
#3684 = CARTESIAN_POINT ( 'NONE',  ( 124.9999999999999716, 20.00000000000000000, -125.0000000000000000 ) ) ;
#3685 = VERTEX_POINT ( 'NONE', #2137 ) ;
#3686 = AXIS2_PLACEMENT_3D ( 'NONE', #1465, #3576, #3238 ) ;
#3687 = PRODUCT_DEFINITION_SHAPE ( 'NONE', 'NONE',  #2330 ) ;
#3688 = CARTESIAN_POINT ( 'NONE',  ( 90.00000000000000000, 1200.000000000000000, -84.90000000000000568 ) ) ;
#3689 = ADVANCED_FACE ( 'NONE', ( #3482, #4513, #3717, #4050, #2339, #4448, #1412, #447 ), #2116, .T. ) ;
#3690 = CARTESIAN_POINT ( 'NONE',  ( -9.950721815702933470E-13, 0.0000000000000000000, 142.5000000000000568 ) ) ;
#3691 = UNCERTAINTY_MEASURE_WITH_UNIT (LENGTH_MEASURE( 1.000000000000000082E-05 ), #4476, 'distance_accuracy_value', 'NONE');
#3692 = EDGE_CURVE ( 'NONE', #877, #3939, #3193, .T. ) ;
#3693 = EDGE_CURVE ( 'NONE', #701, #535, #2973, .T. ) ;
#3694 = VERTEX_POINT ( 'NONE', #4048 ) ;
#3695 = CARTESIAN_POINT ( 'NONE',  ( 77.99999999999998579, 1155.000000000000000, -45.00000000000000000 ) ) ;
#3696 =( NAMED_UNIT ( * ) SI_UNIT ( $, .STERADIAN. ) SOLID_ANGLE_UNIT ( ) );
#3697 = SURFACE_SIDE_STYLE ('',( #4058 ) ) ;
#3698 = DIRECTION ( 'NONE',  ( 1.000000000000000000, 0.0000000000000000000, 0.0000000000000000000 ) ) ;
#3699 = SURFACE_SIDE_STYLE ('',( #3800 ) ) ;
#3700 = ORIENTED_EDGE ( 'NONE', *, *, #875, .T. ) ;
#3701 = EDGE_CURVE ( 'NONE', #2589, #3426, #2687, .T. ) ;
#3702 = DIRECTION ( 'NONE',  ( 0.0000000000000000000, 0.0000000000000000000, 1.000000000000000000 ) ) ;
#3703 = VERTEX_POINT ( 'NONE', #3750 ) ;
#3704 = SURFACE_STYLE_USAGE ( .BOTH. , #3652 ) ;
#3705 = CARTESIAN_POINT ( 'NONE',  ( 70.00000000000000000, 1200.000000000000000, -98.50000000000000000 ) ) ;
#3706 = ORIENTED_EDGE ( 'NONE', *, *, #2434, .F. ) ;
#3707 = CARTESIAN_POINT ( 'NONE',  ( -114.9999999999999574, 1200.000000000000000, -124.9999999999999432 ) ) ;
#3708 = COLOUR_RGB ( '',1.000000000000000000, 1.000000000000000000, 1.000000000000000000 ) ;
#3709 = EDGE_LOOP ( 'NONE', ( #4356, #1989, #3415, #1502, #3706, #4616, #1575, #2818 ) ) ;
#3710 = AXIS2_PLACEMENT_3D ( 'NONE', #86, #3309, #2938 ) ;
#3711 = AXIS2_PLACEMENT_3D ( 'NONE', #4142, #2311, #228 ) ;
#3712 = FILL_AREA_STYLE_COLOUR ( '', #170 ) ;
#3713 = CIRCLE ( 'NONE', #3055, 7.499999999999992895 ) ;
#3714 = DIRECTION ( 'NONE',  ( -0.0000000000000000000, 1.000000000000000000, -0.0000000000000000000 ) ) ;
#3715 = AXIS2_PLACEMENT_3D ( 'NONE', #1663, #629, #276 ) ;
#3716 = CARTESIAN_POINT ( 'NONE',  ( -90.00000000000000000, 20.00000000000000355, -69.99999999999982947 ) ) ;
#3717 = FACE_BOUND ( 'NONE', #2340, .T. ) ;
#3718 = ORIENTED_EDGE ( 'NONE', *, *, #4358, .F. ) ;
#3719 = DIRECTION ( 'NONE',  ( -1.155557966632341512E-33, -1.000000000000000000, -4.901829378616506198E-34 ) ) ;
#3720 = CARTESIAN_POINT ( 'NONE',  ( 0.0000000000000000000, 0.0000000000000000000, -142.5000000000000568 ) ) ;
#3721 = EDGE_CURVE ( 'NONE', #418, #1452, #4165, .T. ) ;
#3722 = CIRCLE ( 'NONE', #3432, 3.000000000000002665 ) ;
#3723 = ORIENTED_EDGE ( 'NONE', *, *, #4053, .T. ) ;
#3724 = FACE_BOUND ( 'NONE', #3659, .T. ) ;
#3725 = COLOUR_RGB ( '',1.000000000000000000, 1.000000000000000000, 1.000000000000000000 ) ;
#3726 = FILL_AREA_STYLE_COLOUR ( '', #1681 ) ;
#3727 = EDGE_CURVE ( 'NONE', #3346, #1611, #4508, .T. ) ;
#3728 = DIRECTION ( 'NONE',  ( -7.401486830834376525E-17, -1.000000000000000000, -0.0000000000000000000 ) ) ;
#3729 = EDGE_CURVE ( 'NONE', #1611, #2820, #4386, .T. ) ;
#3730 = CIRCLE ( 'NONE', #1853, 19.99999999999998934 ) ;
#3731 = ORIENTED_EDGE ( 'NONE', *, *, #601, .T. ) ;
#3732 = FACE_OUTER_BOUND ( 'NONE', #4367, .T. ) ;
#3733 = LINE ( 'NONE', #890, #1017 ) ;
#3734 = CARTESIAN_POINT ( 'NONE',  ( 90.00000000000000000, 1180.000000000000000, 69.99999999999982947 ) ) ;
#3735 = VERTEX_POINT ( 'NONE', #2292 ) ;
#3736 = FACE_OUTER_BOUND ( 'NONE', #4315, .T. ) ;
#3737 = LINE ( 'NONE', #1101, #1265 ) ;
#3738 = ORIENTED_EDGE ( 'NONE', *, *, #1720, .F. ) ;
#3739 = AXIS2_PLACEMENT_3D ( 'NONE', #3961, #375, #4351 ) ;
#3740 = EDGE_LOOP ( 'NONE', ( #2207, #2221, #3628, #167 ) ) ;
#3741 = EDGE_LOOP ( 'NONE', ( #79, #4656 ) ) ;
#3742 = CARTESIAN_POINT ( 'NONE',  ( 142.5000000000000568, 0.0000000000000000000, 4.969982758673552325E-13 ) ) ;
#3743 = CARTESIAN_POINT ( 'NONE',  ( -68.00000000000000000, 20.00000000000000355, -67.99999999999998579 ) ) ;
#3744 = AXIS2_PLACEMENT_3D ( 'NONE', #1161, #3631, #3666 ) ;
#3745 =( LENGTH_UNIT ( ) NAMED_UNIT ( * ) SI_UNIT ( .MILLI., .METRE. ) );
#3746 = VERTEX_POINT ( 'NONE', #159 ) ;
#3747 = CARTESIAN_POINT ( 'NONE',  ( 124.9999999999999716, 20.00000000000000000, -125.0000000000000000 ) ) ;
#3748 = PLANE ( 'NONE',  #1838 ) ;
#3749 = EDGE_LOOP ( 'NONE', ( #34, #4113, #2026, #3700 ) ) ;
#3750 = CARTESIAN_POINT ( 'NONE',  ( -140.0000000000000000, 70.00000000000001421, 7.500000000000013323 ) ) ;
#3751 = EDGE_CURVE ( 'NONE', #1452, #877, #3307, .T. ) ;
#3752 = AXIS2_PLACEMENT_3D ( 'NONE', #2681, #4477, #4140 ) ;
#3753 = ORIENTED_EDGE ( 'NONE', *, *, #721, .F. ) ;
#3754 =( NAMED_UNIT ( * ) PLANE_ANGLE_UNIT ( ) SI_UNIT ( $, .RADIAN. ) );
#3755 = DIRECTION ( 'NONE',  ( 0.0000000000000000000, 0.0000000000000000000, 1.000000000000000000 ) ) ;
#3756 = STYLED_ITEM ( 'NONE', ( #828 ), #1840 ) ;
#3757 = EDGE_CURVE ( 'NONE', #1657, #1086, #3875, .T. ) ;
#3758 = EDGE_LOOP ( 'NONE', ( #1003, #2957, #407, #1661 ) ) ;
#3759 = CARTESIAN_POINT ( 'NONE',  ( 90.00000000000000000, 1180.000000000000000, -95.09999999999999432 ) ) ;
#3760 = DIRECTION ( 'NONE',  ( -0.7071067811865480168, 0.0000000000000000000, 0.7071067811865470176 ) ) ;
#3761 = DIRECTION ( 'NONE',  ( 0.0000000000000000000, 1.000000000000000000, 0.0000000000000000000 ) ) ;
#3762 = ORIENTED_EDGE ( 'NONE', *, *, #3259, .T. ) ;
#3763 =( NAMED_UNIT ( * ) PLANE_ANGLE_UNIT ( ) SI_UNIT ( $, .RADIAN. ) );
#3764 = DIRECTION ( 'NONE',  ( -0.0000000000000000000, 1.000000000000000000, -0.0000000000000000000 ) ) ;
#3765 = AXIS2_PLACEMENT_3D ( 'NONE', #2230, #803, #2946 ) ;
#3766 = SURFACE_STYLE_FILL_AREA ( #3946 ) ;
#3767 = AXIS2_PLACEMENT_3D ( 'NONE', #1404, #592, #3516 ) ;
#3768 = CARTESIAN_POINT ( 'NONE',  ( -7.500000000000005329, 220.0000000000000284, -109.9999999999999858 ) ) ;
#3769 = AXIS2_PLACEMENT_3D ( 'NONE', #2705, #3392, #3755 ) ;
#3770 = CARTESIAN_POINT ( 'NONE',  ( 7.499999999998951949, 20.00000000000000000, 150.0000000000000853 ) ) ;
#3771 = CARTESIAN_POINT ( 'NONE',  ( 30.00000000000001421, 0.0000000000000000000, 125.0000000000000000 ) ) ;
#3772 = VECTOR ( 'NONE', #1507, 1000.000000000000000 ) ;
#3773 = COLOUR_RGB ( '',1.000000000000000000, 1.000000000000000000, 1.000000000000000000 ) ;
#3774 = AXIS2_PLACEMENT_3D ( 'NONE', #223, #4153, #900 ) ;
#3775 = MANIFOLD_SOLID_BREP ( 'Gusset3', #1987 ) ;
#3776 = VECTOR ( 'NONE', #4392, 1000.000000000000000 ) ;
#3777 = FACE_OUTER_BOUND ( 'NONE', #3538, .T. ) ;
#3778 = ORIENTED_EDGE ( 'NONE', *, *, #943, .F. ) ;
#3779 = SURFACE_SIDE_STYLE ('',( #3542 ) ) ;
#3780 = DIRECTION ( 'NONE',  ( 0.0000000000000000000, 1.000000000000000000, 0.0000000000000000000 ) ) ;
#3781 = EDGE_CURVE ( 'NONE', #3470, #3850, #3902, .T. ) ;
#3782 = AXIS2_PLACEMENT_3D ( 'NONE', #432, #2911, #1113 ) ;
#3783 = ORIENTED_EDGE ( 'NONE', *, *, #4318, .F. ) ;
#3784 = LINE ( 'NONE', #1982, #3893 ) ;
#3785 = ORIENTED_EDGE ( 'NONE', *, *, #3020, .T. ) ;
#3786 = VECTOR ( 'NONE', #1038, 1000.000000000000000 ) ;
#3787 = VECTOR ( 'NONE', #3908, 1000.000000000000000 ) ;
#3788 = ORIENTED_EDGE ( 'NONE', *, *, #252, .F. ) ;
#3789 = VECTOR ( 'NONE', #1637, 1000.000000000000000 ) ;
#3790 = ORIENTED_EDGE ( 'NONE', *, *, #1292, .F. ) ;
#3791 = DIRECTION ( 'NONE',  ( -0.0000000000000000000, 1.000000000000000000, -0.0000000000000000000 ) ) ;
#3792 = DIRECTION ( 'NONE',  ( 1.850371707708594316E-16, 0.0000000000000000000, 1.000000000000000000 ) ) ;
#3793 = AXIS2_PLACEMENT_3D ( 'NONE', #4062, #1902, #1887 ) ;
#3794 = AXIS2_PLACEMENT_3D ( 'NONE', #213, #2375, #2323 ) ;
#3795 = ORIENTED_EDGE ( 'NONE', *, *, #3529, .F. ) ;
#3796 = CARTESIAN_POINT ( 'NONE',  ( -114.9999999999999574, 1200.000000000000000, 125.0000000000000000 ) ) ;
#3797 = DIRECTION ( 'NONE',  ( -0.0000000000000000000, 1.000000000000000000, -0.0000000000000000000 ) ) ;
#3798 = DIRECTION ( 'NONE',  ( 1.944041506525990685E-16, -0.1961161351381839890, 0.9805806756909202226 ) ) ;
#3799 = EDGE_LOOP ( 'NONE', ( #4246, #435, #1399, #2363 ) ) ;
#3800 = SURFACE_STYLE_FILL_AREA ( #2976 ) ;
#3801 = AXIS2_PLACEMENT_3D ( 'NONE', #1736, #2893, #4259 ) ;
#3802 = CARTESIAN_POINT ( 'NONE',  ( -7.499999999999989342, 70.00000000000001421, 139.9999999999999716 ) ) ;
#3803 = ORIENTED_EDGE ( 'NONE', *, *, #1439, .T. ) ;
#3804 = DIRECTION ( 'NONE',  ( -0.0000000000000000000, 1.000000000000000000, -0.0000000000000000000 ) ) ;
#3805 =( LENGTH_UNIT ( ) NAMED_UNIT ( * ) SI_UNIT ( .MILLI., .METRE. ) );
#3806 = DIRECTION ( 'NONE',  ( 1.000000000000000000, -0.0000000000000000000, -0.0000000000000000000 ) ) ;
#3807 = ORIENTED_EDGE ( 'NONE', *, *, #2505, .T. ) ;
#3808 = DIRECTION ( 'NONE',  ( 0.0000000000000000000, 0.0000000000000000000, 1.000000000000000000 ) ) ;
#3809 = ORIENTED_EDGE ( 'NONE', *, *, #3220, .T. ) ;
#3810 = FILL_AREA_STYLE ('',( #3016 ) ) ;
#3811 = EDGE_LOOP ( 'NONE', ( #1199, #216, #2045, #1484 ) ) ;
#3812 = AXIS2_PLACEMENT_3D ( 'NONE', #3269, #756, #4094 ) ;
#3813 = ORIENTED_EDGE ( 'NONE', *, *, #4212, .T. ) ;
#3814 = CARTESIAN_POINT ( 'NONE',  ( -9.950721815702933470E-13, -0.001000000000001000089, 142.5000000000000568 ) ) ;
#3815 = CARTESIAN_POINT ( 'NONE',  ( -90.00000000000000000, 1180.000000000000000, 90.00000000000000000 ) ) ;
#3816 = VERTEX_POINT ( 'NONE', #4496 ) ;
#3817 = CARTESIAN_POINT ( 'NONE',  ( -149.9999999999999716, 20.00000000000000000, 150.0000000000000000 ) ) ;
#3818 = SURFACE_STYLE_FILL_AREA ( #254 ) ;
#3819 = DIRECTION ( 'NONE',  ( -2.465190328815660250E-32, -0.9805806756909201116, -0.1961161351381839613 ) ) ;
#3820 = STYLED_ITEM ( 'NONE', ( #1580 ), #1068 ) ;
#3821 = LINE ( 'NONE', #2281, #183 ) ;
#3822 = LINE ( 'NONE', #455, #3994 ) ;
#3823 = CARTESIAN_POINT ( 'NONE',  ( -69.99999999999998579, 20.00000000000000355, 69.99999999999998579 ) ) ;
#3824 = MECHANICAL_DESIGN_GEOMETRIC_PRESENTATION_REPRESENTATION (  '', ( #2093 ), #2263 ) ;
#3825 = VECTOR ( 'NONE', #490, 1000.000000000000000 ) ;
#3826 = CARTESIAN_POINT ( 'NONE',  ( 125.0000000000000568, 1200.000000000000000, -114.9999999999999858 ) ) ;
#3827 = UNCERTAINTY_MEASURE_WITH_UNIT (LENGTH_MEASURE( 1.000000000000000082E-05 ), #3682, 'distance_accuracy_value', 'NONE');
#3828 = EDGE_LOOP ( 'NONE', ( #3358, #4133, #3126, #1433 ) ) ;
#3829 = STYLED_ITEM ( 'NONE', ( #2756 ), #2336 ) ;
#3830 = FACE_BOUND ( 'NONE', #2894, .T. ) ;
#3831 = ADVANCED_FACE ( 'NONE', ( #1384 ), #2738, .F. ) ;
#3832 = DIRECTION ( 'NONE',  ( 0.0000000000000000000, 0.0000000000000000000, 1.000000000000000000 ) ) ;
#3833 = CARTESIAN_POINT ( 'NONE',  ( -124.9999999999999716, 20.00000000000000000, 117.5000000000000142 ) ) ;
#3834 = CARTESIAN_POINT ( 'NONE',  ( 77.99999999999998579, 20.00000000000000355, -67.99999999999991473 ) ) ;
#3835 = ORIENTED_EDGE ( 'NONE', *, *, #3451, .F. ) ;
#3836 = LINE ( 'NONE', #1334, #2241 ) ;
#3837 = EDGE_LOOP ( 'NONE', ( #57, #3145 ) ) ;
#3838 = LINE ( 'NONE', #2017, #465 ) ;
#3839 = ORIENTED_EDGE ( 'NONE', *, *, #689, .F. ) ;
#3840 = EDGE_CURVE ( 'NONE', #3319, #3559, #4134, .T. ) ;
#3841 =( LENGTH_UNIT ( ) NAMED_UNIT ( * ) SI_UNIT ( .MILLI., .METRE. ) );
#3842 = CARTESIAN_POINT ( 'NONE',  ( 78.00000000000000000, 1155.000000000000000, 45.00000000000000000 ) ) ;
#3843 = FACE_BOUND ( 'NONE', #3679, .T. ) ;
#3844 = ORIENTED_EDGE ( 'NONE', *, *, #690, .T. ) ;
#3845 = LINE ( 'NONE', #2642, #1088 ) ;
#3846 = DIRECTION ( 'NONE',  ( 0.7071067811865441310, 0.0000000000000000000, 0.7071067811865510144 ) ) ;
#3847 = DIRECTION ( 'NONE',  ( 1.000000000000000000, -0.0000000000000000000, -0.0000000000000000000 ) ) ;
#3848 = AXIS2_PLACEMENT_3D ( 'NONE', #2801, #1046, #1012 ) ;
#3849 = EDGE_CURVE ( 'NONE', #755, #676, #2190, .T. ) ;
#3850 = VERTEX_POINT ( 'NONE', #923 ) ;
#3851 = ORIENTED_EDGE ( 'NONE', *, *, #531, .F. ) ;
#3852 = CARTESIAN_POINT ( 'NONE',  ( -78.00000000000000000, 1180.000000000000000, -67.99999999999991473 ) ) ;
#3853 =( NAMED_UNIT ( * ) PLANE_ANGLE_UNIT ( ) SI_UNIT ( $, .RADIAN. ) );
#3854 = AXIS2_PLACEMENT_3D ( 'NONE', #1958, #3791, #2677 ) ;
#3855 = ORIENTED_EDGE ( 'NONE', *, *, #153, .T. ) ;
#3856 = ADVANCED_FACE ( 'NONE', ( #3097 ), #4016, .F. ) ;
#3857 =( LENGTH_UNIT ( ) NAMED_UNIT ( * ) SI_UNIT ( .MILLI., .METRE. ) );
#3858 = ORIENTED_EDGE ( 'NONE', *, *, #1376, .T. ) ;
#3859 = CARTESIAN_POINT ( 'NONE',  ( 125.0000000000000568, 1200.000000000000000, -114.9999999999999858 ) ) ;
#3860 = ORIENTED_EDGE ( 'NONE', *, *, #850, .T. ) ;
#3861 = DIRECTION ( 'NONE',  ( -0.7071067811865541231, 0.0000000000000000000, 0.7071067811865409114 ) ) ;
#3862 = CARTESIAN_POINT ( 'NONE',  ( -7.499999999999989342, 20.00000000000001776, 139.9999999999999716 ) ) ;
#3863 = DIRECTION ( 'NONE',  ( 0.0000000000000000000, 0.0000000000000000000, -1.000000000000000000 ) ) ;
#3864 = EDGE_CURVE ( 'NONE', #620, #166, #32, .T. ) ;
#3865 = EDGE_LOOP ( 'NONE', ( #90, #3540, #340, #4207 ) ) ;
#3866 = VERTEX_POINT ( 'NONE', #575 ) ;
#3867 = CARTESIAN_POINT ( 'NONE',  ( -69.99999999999998579, 20.00000000000000355, -69.99999999999997158 ) ) ;
#3868 = CIRCLE ( 'NONE', #800, 2.499999999999946709 ) ;
#3869 = ORIENTED_EDGE ( 'NONE', *, *, #2898, .F. ) ;
#3870 = EDGE_CURVE ( 'NONE', #1596, #1657, #1215, .T. ) ;
#3871 = DIRECTION ( 'NONE',  ( -0.0000000000000000000, 1.000000000000000000, -0.0000000000000000000 ) ) ;
#3872 = SURFACE_STYLE_USAGE ( .BOTH. , #3137 ) ;
#3873 = FACE_OUTER_BOUND ( 'NONE', #2979, .T. ) ;
#3874 = LINE ( 'NONE', #1809, #1512 ) ;
#3875 = LINE ( 'NONE', #129, #547 ) ;
#3876 = DIRECTION ( 'NONE',  ( 0.0000000000000000000, 0.0000000000000000000, 1.000000000000000000 ) ) ;
#3877 = ADVANCED_FACE ( 'NONE', ( #2654 ), #1653, .F. ) ;
#3878 = EDGE_LOOP ( 'NONE', ( #1037, #3581, #4031, #2271 ) ) ;
#3879 = EDGE_CURVE ( 'NONE', #4548, #732, #2072, .T. ) ;
#3880 = DIRECTION ( 'NONE',  ( 9.860761315262640999E-32, 1.387778780781445059E-17, 1.000000000000000000 ) ) ;
#3881 = DIRECTION ( 'NONE',  ( 1.000000000000000000, 1.540743955509788682E-33, -1.982541115402069547E-16 ) ) ;
#3882 = SURFACE_STYLE_USAGE ( .BOTH. , #2755 ) ;
#3883 = AXIS2_PLACEMENT_3D ( 'NONE', #100, #2573, #412 ) ;
#3884 = CIRCLE ( 'NONE', #3336, 3.400000000000000355 ) ;
#3885 = DIRECTION ( 'NONE',  ( 3.081487911019577365E-33, 1.540743955509788682E-33, 1.000000000000000000 ) ) ;
#3886 = CIRCLE ( 'NONE', #637, 4.500000000000003553 ) ;
#3887 = CIRCLE ( 'NONE', #2685, 2.999999999999988898 ) ;
#3888 = DIRECTION ( 'NONE',  ( 0.0000000000000000000, 1.000000000000000000, 0.0000000000000000000 ) ) ;
#3889 = FACE_OUTER_BOUND ( 'NONE', #4003, .T. ) ;
#3890 = LINE ( 'NONE', #151, #231 ) ;
#3891 =( NAMED_UNIT ( * ) PLANE_ANGLE_UNIT ( ) SI_UNIT ( $, .RADIAN. ) );
#3892 = CARTESIAN_POINT ( 'NONE',  ( -2.288491976566047810E-14, 1180.000000000000000, 0.0000000000000000000 ) ) ;
#3893 = VECTOR ( 'NONE', #4179, 1000.000000000000000 ) ;
#3894 = SURFACE_STYLE_FILL_AREA ( #4270 ) ;
#3895 = ORIENTED_EDGE ( 'NONE', *, *, #1351, .T. ) ;
#3896 = AXIS2_PLACEMENT_3D ( 'NONE', #1156, #1917, #63 ) ;
#3897 = DIRECTION ( 'NONE',  ( -0.0000000000000000000, 1.000000000000000000, -0.0000000000000000000 ) ) ;
#3898 = VECTOR ( 'NONE', #2555, 1000.000000000000000 ) ;
#3899 = DIRECTION ( 'NONE',  ( 0.0000000000000000000, 0.0000000000000000000, -1.000000000000000000 ) ) ;
#3900 = COLOUR_RGB ( '',1.000000000000000000, 1.000000000000000000, 1.000000000000000000 ) ;
#3901 = AXIS2_PLACEMENT_3D ( 'NONE', #3314, #421, #2165 ) ;
#3902 = CIRCLE ( 'NONE', #2482, 4.499999999999990230 ) ;
#3903 = VECTOR ( 'NONE', #3978, 1000.000000000000000 ) ;
#3904 = CARTESIAN_POINT ( 'NONE',  ( 110.0000000000000000, 220.0000000000000568, -7.500000000000013323 ) ) ;
#3905 = ORIENTED_EDGE ( 'NONE', *, *, #3907, .T. ) ;
#3906 = DIRECTION ( 'NONE',  ( -0.7071067811865489050, 0.0000000000000000000, -0.7071067811865461294 ) ) ;
#3907 = EDGE_CURVE ( 'NONE', #3555, #701, #1807, .T. ) ;
#3908 = DIRECTION ( 'NONE',  ( 0.7071067811865484609, -0.0000000000000000000, 0.7071067811865465735 ) ) ;
#3909 = ADVANCED_FACE ( 'NONE', ( #3501 ), #1966, .F. ) ;
#3910 =( GEOMETRIC_REPRESENTATION_CONTEXT ( 3 ) GLOBAL_UNCERTAINTY_ASSIGNED_CONTEXT ( ( #2275 ) ) GLOBAL_UNIT_ASSIGNED_CONTEXT ( ( #3841, #1382, #3532 ) ) REPRESENTATION_CONTEXT ( 'NONE', 'WORKASPACE' ) );
#3911 = ORIENTED_EDGE ( 'NONE', *, *, #1207, .T. ) ;
#3912 = CARTESIAN_POINT ( 'NONE',  ( 140.0000000000000000, 70.00000000000001421, -7.500000000000013323 ) ) ;
#3913 = CARTESIAN_POINT ( 'NONE',  ( -90.00000000000000000, 1180.000000000000000, 95.09999999999999432 ) ) ;
#3914 = ORIENTED_EDGE ( 'NONE', *, *, #747, .T. ) ;
#3915 = EDGE_CURVE ( 'NONE', #4611, #2307, #4642, .T. ) ;
#3916 = VERTEX_POINT ( 'NONE', #4532 ) ;
#3917 = VECTOR ( 'NONE', #762, 1000.000000000000000 ) ;
#3918 = DIRECTION ( 'NONE',  ( 1.000000000000000000, 0.0000000000000000000, -1.982541115402069301E-16 ) ) ;
#3919 = CARTESIAN_POINT ( 'NONE',  ( 140.0000000000000000, 19.99999999999998934, 7.499999999999985789 ) ) ;
#3920 = DIRECTION ( 'NONE',  ( 0.0000000000000000000, 1.000000000000000000, 0.0000000000000000000 ) ) ;
#3921 = ORIENTED_EDGE ( 'NONE', *, *, #937, .F. ) ;
#3922 = PRESENTATION_LAYER_ASSIGNMENT (  '', '', ( #3675 ) ) ;
#3923 = CARTESIAN_POINT ( 'NONE',  ( -149.9999999999999716, 20.00000000000000000, 139.9999999999999716 ) ) ;
#3924 = AXIS2_PLACEMENT_3D ( 'NONE', #1509, #1122, #1162 ) ;
#3925 = AXIS2_PLACEMENT_3D ( 'NONE', #1387, #2455, #323 ) ;
#3926 = ORIENTED_EDGE ( 'NONE', *, *, #4231, .T. ) ;
#3927 = CARTESIAN_POINT ( 'NONE',  ( 7.500000000000000000, 220.0000000000000284, 90.00000000000000000 ) ) ;
#3928 = DIRECTION ( 'NONE',  ( 7.401486830834376525E-17, 1.000000000000000000, 0.0000000000000000000 ) ) ;
#3929 = AXIS2_PLACEMENT_3D ( 'NONE', #4525, #2711, #966 ) ;
#3930 = ORIENTED_EDGE ( 'NONE', *, *, #1672, .F. ) ;
#3931 = ORIENTED_EDGE ( 'NONE', *, *, #2498, .F. ) ;
#3932 = CARTESIAN_POINT ( 'NONE',  ( -29.99999999999998579, 20.00000000000000000, 125.0000000000000284 ) ) ;
#3933 = ADVANCED_FACE ( 'NONE', ( #1593 ), #1675, .F. ) ;
#3934 = DIRECTION ( 'NONE',  ( 0.0000000000000000000, 0.0000000000000000000, 1.000000000000000000 ) ) ;
#3935 = EDGE_CURVE ( 'NONE', #811, #4611, #4350, .T. ) ;
#3936 = EDGE_CURVE ( 'NONE', #3011, #191, #2831, .T. ) ;
#3937 = VECTOR ( 'NONE', #2066, 1000.000000000000000 ) ;
#3938 = CARTESIAN_POINT ( 'NONE',  ( 7.500000000000000000, 220.0000000000000284, -89.99999999999997158 ) ) ;
#3939 = VERTEX_POINT ( 'NONE', #1381 ) ;
#3940 = DIRECTION ( 'NONE',  ( -1.000000000000000000, 1.423415318369273723E-33, 4.386237095914999934E-66 ) ) ;
#3941 = EDGE_CURVE ( 'NONE', #4475, #2172, #3043, .T. ) ;
#3942 = FACE_OUTER_BOUND ( 'NONE', #3828, .T. ) ;
#3943 =( LENGTH_UNIT ( ) NAMED_UNIT ( * ) SI_UNIT ( .MILLI., .METRE. ) );
#3944 = CIRCLE ( 'NONE', #1760, 4.500000000000003553 ) ;
#3945 = AXIS2_PLACEMENT_3D ( 'NONE', #2305, #2691, #181 ) ;
#3946 = FILL_AREA_STYLE ('',( #37 ) ) ;
#3947 = CARTESIAN_POINT ( 'NONE',  ( -70.00000000000000000, 1200.000000000000000, 95.00000000000000000 ) ) ;
#3948 = AXIS2_PLACEMENT_3D ( 'NONE', #2488, #1395, #4264 ) ;
#3949 = ORIENTED_EDGE ( 'NONE', *, *, #2883, .F. ) ;
#3950 = AXIS2_PLACEMENT_3D ( 'NONE', #2849, #401, #2152 ) ;
#3951 = FACE_OUTER_BOUND ( 'NONE', #725, .T. ) ;
#3952 = ORIENTED_EDGE ( 'NONE', *, *, #320, .T. ) ;
#3953 = VECTOR ( 'NONE', #261, 1000.000000000000000 ) ;
#3954 = ORIENTED_EDGE ( 'NONE', *, *, #2717, .F. ) ;
#3955 = CIRCLE ( 'NONE', #4498, 3.000000000000002665 ) ;
#3956 = VECTOR ( 'NONE', #3311, 1000.000000000000000 ) ;
#3957 = VECTOR ( 'NONE', #3207, 1000.000000000000000 ) ;
#3958 = VERTEX_POINT ( 'NONE', #746 ) ;
#3959 = EDGE_CURVE ( 'NONE', #4110, #3439, #3394, .T. ) ;
#3960 = VECTOR ( 'NONE', #1845, 1000.000000000000000 ) ;
#3961 = CARTESIAN_POINT ( 'NONE',  ( -29.99999999999998579, 0.0000000000000000000, 125.0000000000000284 ) ) ;
#3962 = SURFACE_STYLE_USAGE ( .BOTH. , #688 ) ;
#3963 = ORIENTED_EDGE ( 'NONE', *, *, #2039, .T. ) ;
#3964 = ORIENTED_EDGE ( 'NONE', *, *, #1185, .F. ) ;
#3965 = EDGE_CURVE ( 'NONE', #604, #3210, #1026, .T. ) ;
#3966 = EDGE_CURVE ( 'NONE', #4155, #3573, #3164, .T. ) ;
#3967 = CARTESIAN_POINT ( 'NONE',  ( -90.00000000000000000, 1200.000000000000000, 90.00000000000000000 ) ) ;
#3968 = CARTESIAN_POINT ( 'NONE',  ( 90.00000000000000000, 1155.000000000000000, -47.49999999999994316 ) ) ;
#3969 = ORIENTED_EDGE ( 'NONE', *, *, #4318, .T. ) ;
#3970 = DIRECTION ( 'NONE',  ( 1.000000000000000000, -1.423415318369273723E-33, 0.0000000000000000000 ) ) ;
#3971 = AXIS2_PLACEMENT_3D ( 'NONE', #3586, #2506, #3273 ) ;
#3972 = ORIENTED_EDGE ( 'NONE', *, *, #4230, .T. ) ;
#3973 = DIRECTION ( 'NONE',  ( 0.7071067811865541231, -0.0000000000000000000, -0.7071067811865409114 ) ) ;
#3974 = ADVANCED_FACE ( 'NONE', ( #1166 ), #4404, .F. ) ;
#3975 = CARTESIAN_POINT ( 'NONE',  ( -140.0000000000000000, 20.00000000000000000, 150.0000000000000000 ) ) ;
#3976 = CARTESIAN_POINT ( 'NONE',  ( 124.9999999999999716, 0.0000000000000000000, 125.0000000000000000 ) ) ;
#3977 = UNCERTAINTY_MEASURE_WITH_UNIT (LENGTH_MEASURE( 1.000000000000000082E-05 ), #449, 'distance_accuracy_value', 'NONE');
#3978 = DIRECTION ( 'NONE',  ( 0.0000000000000000000, -1.000000000000000000, 0.0000000000000000000 ) ) ;
#3979 = ORIENTED_EDGE ( 'NONE', *, *, #4119, .T. ) ;
#3980 = EDGE_LOOP ( 'NONE', ( #3979, #4017, #1679, #543 ) ) ;
#3981 = EDGE_CURVE ( 'NONE', #2236, #1567, #204, .T. ) ;
#3982 = CARTESIAN_POINT ( 'NONE',  ( -69.99999999999985789, 20.00000000000000355, -89.99999999999997158 ) ) ;
#3983 = LINE ( 'NONE', #4112, #3474 ) ;
#3984 = LINE ( 'NONE', #3227, #1890 ) ;
#3985 = EDGE_LOOP ( 'NONE', ( #718, #3499, #2200, #4009 ) ) ;
#3986 = CARTESIAN_POINT ( 'NONE',  ( -124.9999999999999432, 1180.000000000000000, 115.0000000000000426 ) ) ;
#3987 = DIRECTION ( 'NONE',  ( -0.0000000000000000000, 1.000000000000000000, -0.0000000000000000000 ) ) ;
#3988 = EDGE_CURVE ( 'NONE', #1657, #1596, #2430, .T. ) ;
#3989 = CYLINDRICAL_SURFACE ( 'NONE', #283, 20.00000000000000355 ) ;
#3990 = EDGE_CURVE ( 'NONE', #266, #20, #4027, .T. ) ;
#3991 = CARTESIAN_POINT ( 'NONE',  ( 124.9999999999999716, 20.00000000000000000, -33.39999999999999858 ) ) ;
#3992 = AXIS2_PLACEMENT_3D ( 'NONE', #3747, #860, #2614 ) ;
#3993 = VERTEX_POINT ( 'NONE', #3657 ) ;
#3994 = VECTOR ( 'NONE', #2962, 1000.000000000000000 ) ;
#3995 = EDGE_CURVE ( 'NONE', #1550, #2468, #533, .T. ) ;
#3996 = ADVANCED_FACE ( 'NONE', ( #2312 ), #4056, .F. ) ;
#3997 = ORIENTED_EDGE ( 'NONE', *, *, #3599, .T. ) ;
#3998 = DIRECTION ( 'NONE',  ( -1.000000000000000000, 1.423415318369273723E-33, 0.0000000000000000000 ) ) ;
#3999 = LINE ( 'NONE', #1191, #402 ) ;
#4000 = LINE ( 'NONE', #4299, #2569 ) ;
#4001 = VECTOR ( 'NONE', #2073, 1000.000000000000000 ) ;
#4002 = ORIENTED_EDGE ( 'NONE', *, *, #2364, .F. ) ;
#4003 = EDGE_LOOP ( 'NONE', ( #2331, #3395, #1544, #1143 ) ) ;
#4004 = LINE ( 'NONE', #2279, #408 ) ;
#4005 = STYLED_ITEM ( 'NONE', ( #4127 ), #1175 ) ;
#4006 =( NAMED_UNIT ( * ) SI_UNIT ( $, .STERADIAN. ) SOLID_ANGLE_UNIT ( ) );
#4007 = CYLINDRICAL_SURFACE ( 'NONE', #1180, 2.499999999999946709 ) ;
#4008 = DIRECTION ( 'NONE',  ( 1.000000000000000000, 0.0000000000000000000, 0.0000000000000000000 ) ) ;
#4009 = ORIENTED_EDGE ( 'NONE', *, *, #545, .T. ) ;
#4010 = VECTOR ( 'NONE', #1160, 1000.000000000000000 ) ;
#4011 = CIRCLE ( 'NONE', #4399, 3.400000000000000355 ) ;
#4012 = CARTESIAN_POINT ( 'NONE',  ( -149.9999999999999716, 20.00000000000000000, 150.0000000000000000 ) ) ;
#4013 = FACE_BOUND ( 'NONE', #1499, .T. ) ;
#4014 = DIRECTION ( 'NONE',  ( -0.0000000000000000000, 1.000000000000000000, -0.0000000000000000000 ) ) ;
#4015 = DIRECTION ( 'NONE',  ( -1.000000000000000000, -1.540743955509788682E-33, 1.982541115402068808E-16 ) ) ;
#4016 = CYLINDRICAL_SURFACE ( 'NONE', #3794, 9.999999999999994671 ) ;
#4017 = ORIENTED_EDGE ( 'NONE', *, *, #2775, .T. ) ;
#4018 = ORIENTED_EDGE ( 'NONE', *, *, #3751, .F. ) ;
#4019 = DIRECTION ( 'NONE',  ( 1.000000000000000000, 0.0000000000000000000, -1.850371707708594316E-16 ) ) ;
#4020 = ORIENTED_EDGE ( 'NONE', *, *, #416, .T. ) ;
#4021 = EDGE_CURVE ( 'NONE', #1647, #1984, #3821, .T. ) ;
#4022 = AXIS2_PLACEMENT_3D ( 'NONE', #3603, #387, #16 ) ;
#4023 = CARTESIAN_POINT ( 'NONE',  ( -90.00000000000000000, 1180.000000000000000, -69.99999999999982947 ) ) ;
#4024 = PLANE ( 'NONE',  #4047 ) ;
#4025 = APPLICATION_PROTOCOL_DEFINITION ( 'draft international standard', 'automotive_design', 1998, #761 ) ;
#4026 = ORIENTED_EDGE ( 'NONE', *, *, #1805, .T. ) ;
#4027 = LINE ( 'NONE', #1131, #3917 ) ;
#4028 = EDGE_CURVE ( 'NONE', #535, #576, #3258, .T. ) ;
#4029 =( NAMED_UNIT ( * ) PLANE_ANGLE_UNIT ( ) SI_UNIT ( $, .RADIAN. ) );
#4030 = PLANE ( 'NONE',  #2296 ) ;
#4031 = ORIENTED_EDGE ( 'NONE', *, *, #2498, .T. ) ;
#4032 = STYLED_ITEM ( 'NONE', ( #128 ), #3545 ) ;
#4033 = UNCERTAINTY_MEASURE_WITH_UNIT (LENGTH_MEASURE( 1.000000000000000082E-05 ), #521, 'distance_accuracy_value', 'NONE');
#4034 = ORIENTED_EDGE ( 'NONE', *, *, #2211, .F. ) ;
#4035 = DIRECTION ( 'NONE',  ( 0.0000000000000000000, 3.081487911019577365E-33, -1.000000000000000000 ) ) ;
#4036 = ORIENTED_EDGE ( 'NONE', *, *, #4091, .T. ) ;
#4037 = SURFACE_STYLE_USAGE ( .BOTH. , #2932 ) ;
#4038 = DIRECTION ( 'NONE',  ( 0.0000000000000000000, 0.0000000000000000000, 1.000000000000000000 ) ) ;
#4039 = ADVANCED_FACE ( 'NONE', ( #3539 ), #13, .T. ) ;
#4040 = ORIENTED_EDGE ( 'NONE', *, *, #4365, .F. ) ;
#4041 = VECTOR ( 'NONE', #737, 1000.000000000000000 ) ;
#4042 = ORIENTED_EDGE ( 'NONE', *, *, #625, .T. ) ;
#4043 = DIRECTION ( 'NONE',  ( -1.982541115402069547E-16, -1.387778780781444751E-17, -1.000000000000000000 ) ) ;
#4044 = CARTESIAN_POINT ( 'NONE',  ( -7.500000000000000000, 20.00000000000003197, 89.99999999999998579 ) ) ;
#4045 = CARTESIAN_POINT ( 'NONE',  ( 110.0000000000000000, 220.0000000000000568, -7.500000000000013323 ) ) ;
#4046 = CARTESIAN_POINT ( 'NONE',  ( -7.500000000001047162, 20.00000000000000000, 149.9999999999999716 ) ) ;
#4047 = AXIS2_PLACEMENT_3D ( 'NONE', #133, #3304, #2607 ) ;
#4048 = CARTESIAN_POINT ( 'NONE',  ( 30.00000000000001421, 20.00000000000000000, 121.5999999999999943 ) ) ;
#4049 = VECTOR ( 'NONE', #3132, 1000.000000000000000 ) ;
#4050 = FACE_BOUND ( 'NONE', #3741, .T. ) ;
#4051 =( NAMED_UNIT ( * ) PLANE_ANGLE_UNIT ( ) SI_UNIT ( $, .RADIAN. ) );
#4052 = FILL_AREA_STYLE ('',( #2495 ) ) ;
#4053 = EDGE_CURVE ( 'NONE', #807, #1898, #3886, .T. ) ;
#4054 = ORIENTED_EDGE ( 'NONE', *, *, #855, .F. ) ;
#4055 = EDGE_CURVE ( 'NONE', #1949, #3069, #1301, .T. ) ;
#4056 = CYLINDRICAL_SURFACE ( 'NONE', #2829, 2.499999999999946709 ) ;
#4057 = VECTOR ( 'NONE', #1545, 1000.000000000000000 ) ;
#4058 = SURFACE_STYLE_FILL_AREA ( #1872 ) ;
#4059 = DIRECTION ( 'NONE',  ( -0.0000000000000000000, -1.000000000000000000, -0.0000000000000000000 ) ) ;
#4060 = PRESENTATION_LAYER_ASSIGNMENT (  '', '', ( #2075 ) ) ;
#4061 = VERTEX_POINT ( 'NONE', #3360 ) ;
#4062 = CARTESIAN_POINT ( 'NONE',  ( -90.00000000000000000, 1200.000000000000000, -90.00000000000000000 ) ) ;
#4063 = CARTESIAN_POINT ( 'NONE',  ( 124.9999999999999716, 0.0000000000000000000, 34.49999999999998579 ) ) ;
#4064 = ORIENTED_EDGE ( 'NONE', *, *, #4172, .T. ) ;
#4065 = VECTOR ( 'NONE', #698, 1000.000000000000000 ) ;
#4066 = VECTOR ( 'NONE', #3622, 1000.000000000000000 ) ;
#4067 = FACE_OUTER_BOUND ( 'NONE', #2674, .T. ) ;
#4068 = VERTEX_POINT ( 'NONE', #4105 ) ;
#4069 = DIRECTION ( 'NONE',  ( 0.7071067811865470176, -5.233641528945913114E-17, 0.7071067811865480168 ) ) ;
#4070 = CARTESIAN_POINT ( 'NONE',  ( 90.00000000000000000, 1180.000000000000000, -69.99999999999985789 ) ) ;
#4071 = CIRCLE ( 'NONE', #188, 2.499999999999946709 ) ;
#4072 = ORIENTED_EDGE ( 'NONE', *, *, #745, .F. ) ;
#4073 = ORIENTED_EDGE ( 'NONE', *, *, #3196, .T. ) ;
#4074 = AXIS2_PLACEMENT_3D ( 'NONE', #4312, #4281, #2101 ) ;
#4075 = VERTEX_POINT ( 'NONE', #1540 ) ;
#4076 = DIRECTION ( 'NONE',  ( 0.0000000000000000000, 0.0000000000000000000, 1.000000000000000000 ) ) ;
#4077 = DIRECTION ( 'NONE',  ( 0.0000000000000000000, 0.0000000000000000000, 1.000000000000000000 ) ) ;
#4078 = VECTOR ( 'NONE', #3547, 1000.000000000000000 ) ;
#4079 = DIRECTION ( 'NONE',  ( -0.0000000000000000000, 1.000000000000000000, -0.0000000000000000000 ) ) ;
#4080 = DIRECTION ( 'NONE',  ( 0.0000000000000000000, 0.0000000000000000000, 1.000000000000000000 ) ) ;
#4081 = ORIENTED_EDGE ( 'NONE', *, *, #1104, .F. ) ;
#4082 = CARTESIAN_POINT ( 'NONE',  ( 142.5000000000000568, -0.001000000000001000089, 4.975360907851466735E-13 ) ) ;
#4083 = ORIENTED_EDGE ( 'NONE', *, *, #3355, .T. ) ;
#4084 = ORIENTED_EDGE ( 'NONE', *, *, #2774, .T. ) ;
#4085 = CARTESIAN_POINT ( 'NONE',  ( -114.9999999999999574, 1200.000000000000000, -124.9999999999999432 ) ) ;
#4086 = EDGE_CURVE ( 'NONE', #299, #787, #3845, .T. ) ;
#4087 = ORIENTED_EDGE ( 'NONE', *, *, #3658, .F. ) ;
#4088 = STYLED_ITEM ( 'NONE', ( #1794 ), #1541 ) ;
#4089 = VERTEX_POINT ( 'NONE', #1940 ) ;
#4090 = ORIENTED_EDGE ( 'NONE', *, *, #3364, .F. ) ;
#4091 = EDGE_CURVE ( 'NONE', #3439, #4110, #4472, .T. ) ;
#4092 = EDGE_CURVE ( 'NONE', #3703, #2086, #3140, .T. ) ;
#4093 = CARTESIAN_POINT ( 'NONE',  ( 67.99999999999991473, 20.00000000000000355, 77.99999999999995737 ) ) ;
#4094 = DIRECTION ( 'NONE',  ( 0.0000000000000000000, 0.0000000000000000000, -1.000000000000000000 ) ) ;
#4095 = CARTESIAN_POINT ( 'NONE',  ( 90.00000000000000000, 20.00000000000000355, 69.99999999999982947 ) ) ;
#4096 = VERTEX_POINT ( 'NONE', #1361 ) ;
#4097 = CARTESIAN_POINT ( 'NONE',  ( -7.500000000000005329, 220.0000000000000284, -109.9999999999999858 ) ) ;
#4098 = VERTEX_POINT ( 'NONE', #1325 ) ;
#4099 = AXIS2_PLACEMENT_3D ( 'NONE', #1975, #4136, #2647 ) ;
#4100 = AXIS2_PLACEMENT_3D ( 'NONE', #3224, #4077, #411 ) ;
#4101 = DIRECTION ( 'NONE',  ( 0.0000000000000000000, 1.000000000000000000, 0.0000000000000000000 ) ) ;
#4102 = FACE_OUTER_BOUND ( 'NONE', #371, .T. ) ;
#4103 = CARTESIAN_POINT ( 'NONE',  ( -69.99999999999985789, 1180.000000000000000, 90.00000000000000000 ) ) ;
#4104 = FACE_OUTER_BOUND ( 'NONE', #4425, .T. ) ;
#4105 = CARTESIAN_POINT ( 'NONE',  ( -124.9999999999999716, 0.0000000000000000000, -34.49999999999999289 ) ) ;
#4106 = CARTESIAN_POINT ( 'NONE',  ( -149.9999999999999716, 0.0000000000000000000, 150.0000000000000000 ) ) ;
#4107 = FILL_AREA_STYLE_COLOUR ( '', #932 ) ;
#4108 = DIRECTION ( 'NONE',  ( 0.0000000000000000000, 0.0000000000000000000, 1.000000000000000000 ) ) ;
#4109 = CYLINDRICAL_SURFACE ( 'NONE', #4266, 3.400000000000000355 ) ;
#4110 = VERTEX_POINT ( 'NONE', #3151 ) ;
#4111 = EDGE_CURVE ( 'NONE', #101, #4353, #1600, .T. ) ;
#4112 = CARTESIAN_POINT ( 'NONE',  ( -7.499999999999994671, 220.0000000000000284, 109.9999999999999858 ) ) ;
#4113 = ORIENTED_EDGE ( 'NONE', *, *, #4092, .F. ) ;
#4114 = FACE_OUTER_BOUND ( 'NONE', #3985, .T. ) ;
#4115 = CYLINDRICAL_SURFACE ( 'NONE', #3812, 2.499999999999946709 ) ;
#4116 = FACE_BOUND ( 'NONE', #125, .T. ) ;
#4117 = DIRECTION ( 'NONE',  ( 0.0000000000000000000, 0.0000000000000000000, 1.000000000000000000 ) ) ;
#4118 = SHAPE_DEFINITION_REPRESENTATION ( #2303, #4357 ) ;
#4119 = EDGE_CURVE ( 'NONE', #2842, #4502, #678, .T. ) ;
#4120 = FACE_OUTER_BOUND ( 'NONE', #351, .T. ) ;
#4121 = LINE ( 'NONE', #297, #3442 ) ;
#4122 = UNCERTAINTY_MEASURE_WITH_UNIT (LENGTH_MEASURE( 1.000000000000000082E-05 ), #4371, 'distance_accuracy_value', 'NONE');
#4123 = CARTESIAN_POINT ( 'NONE',  ( -70.00000000000000000, 1180.000000000000000, 97.99999999999998579 ) ) ;
#4124 =( NAMED_UNIT ( * ) SI_UNIT ( $, .STERADIAN. ) SOLID_ANGLE_UNIT ( ) );
#4125 = ORIENTED_EDGE ( 'NONE', *, *, #2128, .T. ) ;
#4126 = FACE_OUTER_BOUND ( 'NONE', #1174, .T. ) ;
#4127 = PRESENTATION_STYLE_ASSIGNMENT (( #2592 ) ) ;
#4128 = EDGE_CURVE ( 'NONE', #732, #1588, #113, .T. ) ;
#4129 = AXIS2_PLACEMENT_3D ( 'NONE', #3627, #3644, #1492 ) ;
#4130 = PLANE ( 'NONE',  #3752 ) ;
#4131 = DIRECTION ( 'NONE',  ( -0.0000000000000000000, 1.000000000000000000, -0.0000000000000000000 ) ) ;
#4132 = EDGE_LOOP ( 'NONE', ( #3122, #1094 ) ) ;
#4133 = ORIENTED_EDGE ( 'NONE', *, *, #2211, .T. ) ;
#4134 = LINE ( 'NONE', #2011, #1273 ) ;
#4135 = VERTEX_POINT ( 'NONE', #2400 ) ;
#4136 = DIRECTION ( 'NONE',  ( -0.7071067811865460184, 0.0000000000000000000, -0.7071067811865490160 ) ) ;
#4137 = ORIENTED_EDGE ( 'NONE', *, *, #2963, .F. ) ;
#4138 = STYLED_ITEM ( 'NONE', ( #1739 ), #2487 ) ;
#4139 = CARTESIAN_POINT ( 'NONE',  ( -69.99999999999998579, 1180.000000000000000, 69.99999999999998579 ) ) ;
#4140 = DIRECTION ( 'NONE',  ( -0.7071067811865474617, 0.0000000000000000000, 0.7071067811865474617 ) ) ;
#4141 = ORIENTED_EDGE ( 'NONE', *, *, #1228, .F. ) ;
#4142 = CARTESIAN_POINT ( 'NONE',  ( -2.775557561562891351E-14, -1.387778780781445676E-14, -7.500000000000013323 ) ) ;
#4143 = EDGE_CURVE ( 'NONE', #162, #88, #1244, .T. ) ;
#4144 = EDGE_CURVE ( 'NONE', #2468, #3685, #3481, .T. ) ;
#4145 = CARTESIAN_POINT ( 'NONE',  ( 77.99999999999998579, 1155.000000000000000, -47.49999999999994316 ) ) ;
#4146 = VERTEX_POINT ( 'NONE', #4201 ) ;
#4147 = DIRECTION ( 'NONE',  ( -0.0000000000000000000, -1.000000000000000000, -0.0000000000000000000 ) ) ;
#4148 = MECHANICAL_DESIGN_GEOMETRIC_PRESENTATION_REPRESENTATION (  '', ( #2435 ), #2688 ) ;
#4149 = ORIENTED_EDGE ( 'NONE', *, *, #748, .F. ) ;
#4150 = AXIS2_PLACEMENT_3D ( 'NONE', #3823, #4558, #2797 ) ;
#4151 = EDGE_LOOP ( 'NONE', ( #2862, #1806, #4473, #2358 ) ) ;
#4152 = EDGE_CURVE ( 'NONE', #849, #738, #1698, .T. ) ;
#4153 = DIRECTION ( 'NONE',  ( 6.033820786006285224E-17, -4.465924508724024472E-33, 1.000000000000000000 ) ) ;
#4154 = DIRECTION ( 'NONE',  ( 0.0000000000000000000, 0.0000000000000000000, 1.000000000000000000 ) ) ;
#4155 = VERTEX_POINT ( 'NONE', #1722 ) ;
#4156 = FACE_OUTER_BOUND ( 'NONE', #2222, .T. ) ;
#4157 = DIRECTION ( 'NONE',  ( 1.000000000000000000, -0.0000000000000000000, -0.0000000000000000000 ) ) ;
#4158 = DIRECTION ( 'NONE',  ( -0.0000000000000000000, 1.000000000000000000, -0.0000000000000000000 ) ) ;
#4159 = DIRECTION ( 'NONE',  ( -0.0000000000000000000, -1.000000000000000000, -0.0000000000000000000 ) ) ;
#4160 = VECTOR ( 'NONE', #1869, 1000.000000000000000 ) ;
#4161 = MECHANICAL_DESIGN_GEOMETRIC_PRESENTATION_REPRESENTATION (  '', ( #3675 ), #215 ) ;
#4162 = STYLED_ITEM ( 'NONE', ( #3032 ), #4619 ) ;
#4163 = DIRECTION ( 'NONE',  ( 0.0000000000000000000, 0.0000000000000000000, 1.000000000000000000 ) ) ;
#4164 = AXIS2_PLACEMENT_3D ( 'NONE', #2280, #3420, #2260 ) ;
#4165 = LINE ( 'NONE', #4097, #1069 ) ;
#4166 = PRESENTATION_LAYER_ASSIGNMENT (  '', '', ( #3282 ) ) ;
#4167 = CIRCLE ( 'NONE', #1854, 4.500000000000003553 ) ;
#4168 = VECTOR ( 'NONE', #4432, 1000.000000000000000 ) ;
#4169 = FILL_AREA_STYLE_COLOUR ( '', #2060 ) ;
#4170 = DIRECTION ( 'NONE',  ( -0.7071067811865484609, 0.0000000000000000000, -0.7071067811865465735 ) ) ;
#4171 = EDGE_CURVE ( 'NONE', #3183, #546, #147, .T. ) ;
#4172 = EDGE_CURVE ( 'NONE', #817, #131, #3377, .T. ) ;
#4173 = ORIENTED_EDGE ( 'NONE', *, *, #3534, .T. ) ;
#4174 = CARTESIAN_POINT ( 'NONE',  ( -70.00000000000000000, 1200.000000000000000, 95.00000000000000000 ) ) ;
#4175 = FACE_OUTER_BOUND ( 'NONE', #781, .T. ) ;
#4176 = ORIENTED_EDGE ( 'NONE', *, *, #1895, .T. ) ;
#4177 = FACE_BOUND ( 'NONE', #322, .T. ) ;
#4178 = EDGE_LOOP ( 'NONE', ( #4020, #1205, #2884, #3251 ) ) ;
#4179 = DIRECTION ( 'NONE',  ( -1.423415318369273723E-33, 1.000000000000000000, -3.081487911019576681E-33 ) ) ;
#4180 = FACE_OUTER_BOUND ( 'NONE', #1500, .T. ) ;
#4181 = ORIENTED_EDGE ( 'NONE', *, *, #2402, .F. ) ;
#4182 = VECTOR ( 'NONE', #1307, 1000.000000000000000 ) ;
#4183 = DIRECTION ( 'NONE',  ( 0.0000000000000000000, 0.0000000000000000000, 1.000000000000000000 ) ) ;
#4184 = CARTESIAN_POINT ( 'NONE',  ( 30.00000000000000000, 20.00000000000000000, -125.0000000000000000 ) ) ;
#4185 = AXIS2_PLACEMENT_3D ( 'NONE', #3867, #2095, #316 ) ;
#4186 = AXIS2_PLACEMENT_3D ( 'NONE', #2085, #708, #2844 ) ;
#4187 = EDGE_LOOP ( 'NONE', ( #1203, #4608, #1602, #3783 ) ) ;
#4188 = DIRECTION ( 'NONE',  ( -0.0000000000000000000, 1.000000000000000000, -0.0000000000000000000 ) ) ;
#4189 = CARTESIAN_POINT ( 'NONE',  ( 110.0000000000000000, 220.0000000000000568, 7.499999999999985789 ) ) ;
#4190 = VERTEX_POINT ( 'NONE', #1709 ) ;
#4191 = DIRECTION ( 'NONE',  ( 0.0000000000000000000, 0.0000000000000000000, 1.000000000000000000 ) ) ;
#4192 = AXIS2_PLACEMENT_3D ( 'NONE', #1757, #2102, #4622 ) ;
#4193 = ADVANCED_FACE ( 'NONE', ( #2409 ), #631, .F. ) ;
#4194 = DIRECTION ( 'NONE',  ( -0.0000000000000000000, 1.000000000000000000, -0.0000000000000000000 ) ) ;
#4195 = FILL_AREA_STYLE ('',( #1682 ) ) ;
#4196 = ORIENTED_EDGE ( 'NONE', *, *, #1110, .F. ) ;
#4197 = CARTESIAN_POINT ( 'NONE',  ( -124.9999999999999716, 20.00000000000000000, 132.5000000000000000 ) ) ;
#4198 = EDGE_CURVE ( 'NONE', #1452, #3459, #2286, .T. ) ;
#4199 = EDGE_LOOP ( 'NONE', ( #933, #2617, #1858, #2838 ) ) ;
#4200 = DIRECTION ( 'NONE',  ( -0.0000000000000000000, 1.000000000000000000, -0.0000000000000000000 ) ) ;
#4201 = CARTESIAN_POINT ( 'NONE',  ( 150.0000000000000000, 20.00000000000000000, 7.500000000000524025 ) ) ;
#4202 = VERTEX_POINT ( 'NONE', #1342 ) ;
#4203 = CARTESIAN_POINT ( 'NONE',  ( -30.00000000000001421, 20.00000000000000000, -125.0000000000000000 ) ) ;
#4204 = VERTEX_POINT ( 'NONE', #1455 ) ;
#4205 = DIRECTION ( 'NONE',  ( -0.0000000000000000000, -1.000000000000000000, -0.0000000000000000000 ) ) ;
#4206 = LINE ( 'NONE', #3280, #1235 ) ;
#4207 = ORIENTED_EDGE ( 'NONE', *, *, #4326, .F. ) ;
#4208 = PRESENTATION_STYLE_ASSIGNMENT (( #1245 ) ) ;
#4209 = VECTOR ( 'NONE', #2550, 1000.000000000000000 ) ;
#4210 = ADVANCED_FACE ( 'NONE', ( #2418 ), #2879, .F. ) ;
#4211 = ORIENTED_EDGE ( 'NONE', *, *, #1697, .F. ) ;
#4212 = EDGE_CURVE ( 'NONE', #4190, #1105, #29, .T. ) ;
#4213 = DIRECTION ( 'NONE',  ( 0.0000000000000000000, 0.0000000000000000000, 1.000000000000000000 ) ) ;
#4214 =( NAMED_UNIT ( * ) SI_UNIT ( $, .STERADIAN. ) SOLID_ANGLE_UNIT ( ) );
#4215 = VECTOR ( 'NONE', #3861, 1000.000000000000000 ) ;
#4216 = PRESENTATION_STYLE_ASSIGNMENT (( #3962 ) ) ;
#4217 = SURFACE_STYLE_FILL_AREA ( #1694 ) ;
#4218 = CARTESIAN_POINT ( 'NONE',  ( 124.9999999999999716, 20.00000000000000000, -30.00000000000000000 ) ) ;
#4219 = DIRECTION ( 'NONE',  ( -6.162975822039150624E-33, -1.000000000000000000, 1.387778780781444597E-17 ) ) ;
#4220 = VECTOR ( 'NONE', #335, 1000.000000000000000 ) ;
#4221 = DIRECTION ( 'NONE',  ( 0.0000000000000000000, 0.0000000000000000000, 1.000000000000000000 ) ) ;
#4222 = LINE ( 'NONE', #1319, #2170 ) ;
#4223 = ORIENTED_EDGE ( 'NONE', *, *, #1942, .F. ) ;
#4224 = VECTOR ( 'NONE', #4444, 1000.000000000000000 ) ;
#4225 = MECHANICAL_DESIGN_GEOMETRIC_PRESENTATION_REPRESENTATION (  '', ( #4561 ), #3093 ) ;
#4226 = DIRECTION ( 'NONE',  ( 0.0000000000000000000, 0.0000000000000000000, -1.000000000000000000 ) ) ;
#4227 = VERTEX_POINT ( 'NONE', #3556 ) ;
#4228 = SHAPE_DEFINITION_REPRESENTATION ( #3687, #1346 ) ;
#4229 = DIRECTION ( 'NONE',  ( 0.0000000000000000000, 1.000000000000000000, 0.0000000000000000000 ) ) ;
#4230 = EDGE_CURVE ( 'NONE', #1647, #787, #3722, .T. ) ;
#4231 = EDGE_CURVE ( 'NONE', #3053, #755, #1833, .T. ) ;
#4232 = CARTESIAN_POINT ( 'NONE',  ( 7.499999999998951949, -0.001000000000001000089, 150.0000000000000853 ) ) ;
#4233 = LINE ( 'NONE', #3716, #1372 ) ;
#4234 = EDGE_LOOP ( 'NONE', ( #2539, #2110 ) ) ;
#4235 = ADVANCED_FACE ( 'NONE', ( #2646 ), #319, .F. ) ;
#4236 = MECHANICAL_DESIGN_GEOMETRIC_PRESENTATION_REPRESENTATION (  '', ( #1578 ), #2530 ) ;
#4237 = DIRECTION ( 'NONE',  ( -0.7071067811865484609, 0.0000000000000000000, 0.7071067811865465735 ) ) ;
#4238 = CARTESIAN_POINT ( 'NONE',  ( -110.0000000000000000, 220.0000000000000568, -7.499999999999985789 ) ) ;
#4239 = EDGE_CURVE ( 'NONE', #3526, #3866, #3208, .T. ) ;
#4240 = VERTEX_POINT ( 'NONE', #4639 ) ;
#4241 = ORIENTED_EDGE ( 'NONE', *, *, #1755, .F. ) ;
#4242 = CARTESIAN_POINT ( 'NONE',  ( -69.99999999999985789, 1180.000000000000000, 90.00000000000000000 ) ) ;
#4243 = CARTESIAN_POINT ( 'NONE',  ( 70.00000000000000000, 1200.000000000000000, -95.00000000000000000 ) ) ;
#4244 = MECHANICAL_DESIGN_GEOMETRIC_PRESENTATION_REPRESENTATION (  '', ( #2891 ), #4334 ) ;
#4245 = DIRECTION ( 'NONE',  ( -0.0000000000000000000, 1.000000000000000000, 0.0000000000000000000 ) ) ;
#4246 = ORIENTED_EDGE ( 'NONE', *, *, #2499, .F. ) ;
#4247 = VECTOR ( 'NONE', #3728, 1000.000000000000000 ) ;
#4248 = DIRECTION ( 'NONE',  ( 0.7071067811865474617, 0.0000000000000000000, -0.7071067811865474617 ) ) ;
#4249 = CARTESIAN_POINT ( 'NONE',  ( 7.499999999999994671, 220.0000000000000284, -109.9999999999999858 ) ) ;
#4250 = ORIENTED_EDGE ( 'NONE', *, *, #3286, .F. ) ;
#4251 = CARTESIAN_POINT ( 'NONE',  ( -110.0000000000000000, 220.0000000000000568, 7.500000000000013323 ) ) ;
#4252 = EDGE_LOOP ( 'NONE', ( #2834, #2605, #1927, #4314 ) ) ;
#4253 = CARTESIAN_POINT ( 'NONE',  ( -142.5000000000000568, 0.0000000000000000000, -1.492608272355440021E-12 ) ) ;
#4254 = ADVANCED_FACE ( 'NONE', ( #3673 ), #791, .T. ) ;
#4255 = EDGE_CURVE ( 'NONE', #1281, #2651, #2588, .T. ) ;
#4256 = AXIS2_PLACEMENT_3D ( 'NONE', #3635, #1821, #4346 ) ;
#4257 = EDGE_LOOP ( 'NONE', ( #504, #888, #3348, #2896 ) ) ;
#4258 = CARTESIAN_POINT ( 'NONE',  ( -90.00000000000000000, 220.0000000000000284, 7.500000000000013323 ) ) ;
#4259 = DIRECTION ( 'NONE',  ( -0.7071067811865474617, 0.0000000000000000000, 0.7071067811865474617 ) ) ;
#4260 = CARTESIAN_POINT ( 'NONE',  ( 124.9999999999999716, 20.00000000000000000, -132.5000000000000000 ) ) ;
#4261 = SURFACE_SIDE_STYLE ('',( #2827 ) ) ;
#4262 = EDGE_LOOP ( 'NONE', ( #1217, #3497, #2150, #1070, #1910 ) ) ;
#4263 = ORIENTED_EDGE ( 'NONE', *, *, #3469, .T. ) ;
#4264 = DIRECTION ( 'NONE',  ( 0.0000000000000000000, 0.0000000000000000000, -1.000000000000000000 ) ) ;
#4265 = LINE ( 'NONE', #3002, #4325 ) ;
#4266 = AXIS2_PLACEMENT_3D ( 'NONE', #4218, #318, #3520 ) ;
#4267 = EDGE_LOOP ( 'NONE', ( #2981, #238, #2526, #2287, #2090 ) ) ;
#4268 =( GEOMETRIC_REPRESENTATION_CONTEXT ( 3 ) GLOBAL_UNCERTAINTY_ASSIGNED_CONTEXT ( ( #4382 ) ) GLOBAL_UNIT_ASSIGNED_CONTEXT ( ( #702, #1808, #1449 ) ) REPRESENTATION_CONTEXT ( 'NONE', 'WORKASPACE' ) );
#4269 = CARTESIAN_POINT ( 'NONE',  ( 7.500000000000000000, 19.99999999999993605, -89.99999999999998579 ) ) ;
#4270 = FILL_AREA_STYLE ('',( #2802 ) ) ;
#4271 = AXIS2_PLACEMENT_3D ( 'NONE', #1470, #4043, #1826 ) ;
#4272 = EDGE_LOOP ( 'NONE', ( #4660, #439 ) ) ;
#4273 = LINE ( 'NONE', #246, #4560 ) ;
#4274 = VERTEX_POINT ( 'NONE', #2846 ) ;
#4275 = DIRECTION ( 'NONE',  ( -0.7071067811865474617, -0.0000000000000000000, 0.7071067811865474617 ) ) ;
#4276 =( LENGTH_UNIT ( ) NAMED_UNIT ( * ) SI_UNIT ( .MILLI., .METRE. ) );
#4277 = FACE_BOUND ( 'NONE', #2952, .T. ) ;
#4278 = FACE_OUTER_BOUND ( 'NONE', #4252, .T. ) ;
#4279 = ADVANCED_FACE ( 'NONE', ( #357 ), #905, .F. ) ;
#4280 = VECTOR ( 'NONE', #3171, 1000.000000000000000 ) ;
#4281 = DIRECTION ( 'NONE',  ( 1.000000000000000000, -0.0000000000000000000, -0.0000000000000000000 ) ) ;
#4282 = CARTESIAN_POINT ( 'NONE',  ( -124.9999999999999716, 20.00000000000000000, 26.59999999999999787 ) ) ;
#4283 = CYLINDRICAL_SURFACE ( 'NONE', #311, 5.099999999999993427 ) ;
#4284 = VECTOR ( 'NONE', #4364, 1000.000000000000000 ) ;
#4285 = VERTEX_POINT ( 'NONE', #694 ) ;
#4286 = SURFACE_STYLE_FILL_AREA ( #1862 ) ;
#4287 = DIRECTION ( 'NONE',  ( 0.0000000000000000000, 0.0000000000000000000, 1.000000000000000000 ) ) ;
#4288 = EDGE_LOOP ( 'NONE', ( #4417, #3788, #893, #1936 ) ) ;
#4289 = DIRECTION ( 'NONE',  ( 0.7071067811865484609, -0.0000000000000000000, -0.7071067811865465735 ) ) ;
#4290 = FACE_BOUND ( 'NONE', #3160, .T. ) ;
#4291 = DIRECTION ( 'NONE',  ( 0.0000000000000000000, 0.0000000000000000000, 1.000000000000000000 ) ) ;
#4292 = EDGE_LOOP ( 'NONE', ( #3926, #4390, #2252, #207 ) ) ;
#4293 = ORIENTED_EDGE ( 'NONE', *, *, #3192, .T. ) ;
#4294 = EDGE_CURVE ( 'NONE', #382, #2990, #1692, .T. ) ;
#4295 = VECTOR ( 'NONE', #670, 1000.000000000000114 ) ;
#4296 = VERTEX_POINT ( 'NONE', #2115 ) ;
#4297 = DIRECTION ( 'NONE',  ( 0.0000000000000000000, 0.0000000000000000000, 1.000000000000000000 ) ) ;
#4298 = EDGE_CURVE ( 'NONE', #4135, #738, #1802, .T. ) ;
#4299 = CARTESIAN_POINT ( 'NONE',  ( -90.00000000000000000, 1180.000000000000000, -69.99999999999982947 ) ) ;
#4300 = ORIENTED_EDGE ( 'NONE', *, *, #436, .F. ) ;
#4301 = ORIENTED_EDGE ( 'NONE', *, *, #1340, .F. ) ;
#4302 =( NAMED_UNIT ( * ) SI_UNIT ( $, .STERADIAN. ) SOLID_ANGLE_UNIT ( ) );
#4303 = PLANE ( 'NONE',  #11 ) ;
#4304 = CARTESIAN_POINT ( 'NONE',  ( 90.00000000000000000, 20.00000000000000355, -69.99999999999985789 ) ) ;
#4305 = ADVANCED_FACE ( 'NONE', ( #4409 ), #962, .F. ) ;
#4306 = DIRECTION ( 'NONE',  ( -1.000000000000000000, 0.0000000000000000000, 1.020425574104005478E-16 ) ) ;
#4307 = ORIENTED_EDGE ( 'NONE', *, *, #2753, .F. ) ;
#4308 = AXIS2_PLACEMENT_3D ( 'NONE', #1410, #2868, #2438 ) ;
#4309 = PLANE ( 'NONE',  #1150 ) ;
#4310 = DIRECTION ( 'NONE',  ( 0.0000000000000000000, 0.0000000000000000000, 1.000000000000000000 ) ) ;
#4311 = DIRECTION ( 'NONE',  ( -1.000000000000000000, 0.0000000000000000000, 1.982541115402069301E-16 ) ) ;
#4312 = CARTESIAN_POINT ( 'NONE',  ( 90.00000000000000000, 1155.000000000000000, -45.00000000000000000 ) ) ;
#4313 = CARTESIAN_POINT ( 'NONE',  ( -124.9999999999999716, 0.0000000000000000000, -30.00000000000000000 ) ) ;
#4314 = ORIENTED_EDGE ( 'NONE', *, *, #3599, .F. ) ;
#4315 = EDGE_LOOP ( 'NONE', ( #1535, #259, #1997, #1284 ) ) ;
#4316 = CARTESIAN_POINT ( 'NONE',  ( -29.99999999999998579, 0.0000000000000000000, 120.5000000000000284 ) ) ;
#4317 = SURFACE_STYLE_USAGE ( .BOTH. , #364 ) ;
#4318 = EDGE_CURVE ( 'NONE', #4285, #3866, #2706, .T. ) ;
#4319 = VECTOR ( 'NONE', #2833, 1000.000000000000114 ) ;
#4320 = LINE ( 'NONE', #2097, #2860 ) ;
#4321 = DIRECTION ( 'NONE',  ( 0.0000000000000000000, 0.0000000000000000000, 1.000000000000000000 ) ) ;
#4322 = CARTESIAN_POINT ( 'NONE',  ( 77.99999999999998579, 1155.000000000000000, -42.50000000000004974 ) ) ;
#4323 = DIRECTION ( 'NONE',  ( 1.000000000000000000, 0.0000000000000000000, -3.061276722312015942E-16 ) ) ;
#4324 = EDGE_CURVE ( 'NONE', #965, #390, #1312, .T. ) ;
#4325 = VECTOR ( 'NONE', #434, 1000.000000000000000 ) ;
#4326 = EDGE_CURVE ( 'NONE', #858, #971, #1644, .T. ) ;
#4327 = CARTESIAN_POINT ( 'NONE',  ( -124.9999999999999432, 1200.000000000000000, 115.0000000000000426 ) ) ;
#4328 = DIRECTION ( 'NONE',  ( 0.0000000000000000000, 0.0000000000000000000, 1.000000000000000000 ) ) ;
#4329 = EDGE_LOOP ( 'NONE', ( #2077, #3400 ) ) ;
#4330 = COLOUR_RGB ( '',1.000000000000000000, 1.000000000000000000, 1.000000000000000000 ) ;
#4331 = PLANE ( 'NONE',  #949 ) ;
#4332 = AXIS2_PLACEMENT_3D ( 'NONE', #2659, #4101, #2325 ) ;
#4333 = SURFACE_SIDE_STYLE ('',( #1306 ) ) ;
#4334 =( GEOMETRIC_REPRESENTATION_CONTEXT ( 3 ) GLOBAL_UNCERTAINTY_ASSIGNED_CONTEXT ( ( #4537 ) ) GLOBAL_UNIT_ASSIGNED_CONTEXT ( ( #3577, #7, #1450 ) ) REPRESENTATION_CONTEXT ( 'NONE', 'WORKASPACE' ) );
#4335 = CIRCLE ( 'NONE', #1631, 20.00000000000000355 ) ;
#4336 = AXIS2_PLACEMENT_3D ( 'NONE', #121, #4014, #2562 ) ;
#4337 = PRESENTATION_LAYER_ASSIGNMENT (  '', '', ( #3121 ) ) ;
#4338 = FACE_OUTER_BOUND ( 'NONE', #355, .T. ) ;
#4339 = CYLINDRICAL_SURFACE ( 'NONE', #4655, 5.099999999999993427 ) ;
#4340 = CARTESIAN_POINT ( 'NONE',  ( 77.99999999999998579, 1115.000000000000000, -47.49999999999994316 ) ) ;
#4341 = EDGE_LOOP ( 'NONE', ( #4533, #1667 ) ) ;
#4342 = FACE_OUTER_BOUND ( 'NONE', #248, .T. ) ;
#4343 = VECTOR ( 'NONE', #395, 1000.000000000000000 ) ;
#4344 = EDGE_LOOP ( 'NONE', ( #2903, #3851, #569, #4594 ) ) ;
#4345 =( LENGTH_UNIT ( ) NAMED_UNIT ( * ) SI_UNIT ( .MILLI., .METRE. ) );
#4346 = DIRECTION ( 'NONE',  ( 0.0000000000000000000, 0.0000000000000000000, 1.000000000000000000 ) ) ;
#4347 = VECTOR ( 'NONE', #2201, 1000.000000000000000 ) ;
#4348 = LINE ( 'NONE', #2872, #3898 ) ;
#4349 = EDGE_CURVE ( 'NONE', #1693, #2800, #1083, .T. ) ;
#4350 = LINE ( 'NONE', #1096, #247 ) ;
#4351 = DIRECTION ( 'NONE',  ( 0.0000000000000000000, 0.0000000000000000000, 1.000000000000000000 ) ) ;
#4352 = ADVANCED_FACE ( 'NONE', ( #672 ), #2020, .F. ) ;
#4353 = VERTEX_POINT ( 'NONE', #106 ) ;
#4354 = FILL_AREA_STYLE_COLOUR ( '', #1423 ) ;
#4355 = CARTESIAN_POINT ( 'NONE',  ( -142.5000000000000568, -0.001000000000001000089, -1.492608272355440021E-12 ) ) ;
#4356 = ORIENTED_EDGE ( 'NONE', *, *, #4255, .F. ) ;
#4357 = SHAPE_REPRESENTATION ( '4GAA0021201010015X_Predeterminado<As Machined>', ( #537 ), #706 ) ;
#4358 = EDGE_CURVE ( 'NONE', #1595, #3463, #3447, .T. ) ;
#4359 = EDGE_CURVE ( 'NONE', #4505, #1398, #3558, .T. ) ;
#4360 = DIRECTION ( 'NONE',  ( 0.0000000000000000000, 0.0000000000000000000, -1.000000000000000000 ) ) ;
#4361 = DIRECTION ( 'NONE',  ( -1.000000000000000000, 0.0000000000000000000, 1.020425574104005478E-16 ) ) ;
#4362 = PRODUCT_DEFINITION_CONTEXT ( 'detailed design', #761, 'design' ) ;
#4363 = ORIENTED_EDGE ( 'NONE', *, *, #1836, .T. ) ;
#4364 = DIRECTION ( 'NONE',  ( 3.081487911019577365E-33, 1.540743955509788682E-33, 1.000000000000000000 ) ) ;
#4365 = EDGE_CURVE ( 'NONE', #4240, #362, #296, .T. ) ;
#4366 = STYLED_ITEM ( 'NONE', ( #1978 ), #3996 ) ;
#4367 = EDGE_LOOP ( 'NONE', ( #4456, #1931, #4211, #3858 ) ) ;
#4368 = ORIENTED_EDGE ( 'NONE', *, *, #1164, .T. ) ;
#4369 = CARTESIAN_POINT ( 'NONE',  ( -90.00000000000000000, 1180.000000000000000, 69.99999999999985789 ) ) ;
#4370 = DIRECTION ( 'NONE',  ( 0.0000000000000000000, 0.0000000000000000000, 1.000000000000000000 ) ) ;
#4371 =( LENGTH_UNIT ( ) NAMED_UNIT ( * ) SI_UNIT ( .MILLI., .METRE. ) );
#4372 = ADVANCED_FACE ( 'NONE', ( #1533, #4013, #2071, #4290, #2474 ), #400, .F. ) ;
#4373 = ORIENTED_EDGE ( 'NONE', *, *, #4091, .F. ) ;
#4374 = CARTESIAN_POINT ( 'NONE',  ( -90.00000000000000000, 19.99999999999998934, 7.500000000000013323 ) ) ;
#4375 = EDGE_LOOP ( 'NONE', ( #2202, #2965 ) ) ;
#4376 = CLOSED_SHELL ( 'NONE', ( #4426, #1117, #3909, #4665, #370, #1745, #1068, #2730, #4279, #1996, #3689, #2197, #1678, #2062, #3133, #1435, #3157, #2864, #1333, #2376, #1814, #2105, #1457, #650, #3523, #1408, #1173, #3182 ) ) ;
#4377 = DIRECTION ( 'NONE',  ( 0.7071067811865390240, -0.0000000000000000000, 0.7071067811865561215 ) ) ;
#4378 = ORIENTED_EDGE ( 'NONE', *, *, #4359, .T. ) ;
#4379 =( GEOMETRIC_REPRESENTATION_CONTEXT ( 3 ) GLOBAL_UNCERTAINTY_ASSIGNED_CONTEXT ( ( #2783 ) ) GLOBAL_UNIT_ASSIGNED_CONTEXT ( ( #99, #4401, #2215 ) ) REPRESENTATION_CONTEXT ( 'NONE', 'WORKASPACE' ) );
#4380 = FACE_OUTER_BOUND ( 'NONE', #4344, .T. ) ;
#4381 = ORIENTED_EDGE ( 'NONE', *, *, #3941, .F. ) ;
#4382 = UNCERTAINTY_MEASURE_WITH_UNIT (LENGTH_MEASURE( 1.000000000000000082E-05 ), #702, 'distance_accuracy_value', 'NONE');
#4383 = LINE ( 'NONE', #2623, #3424 ) ;
#4384 = CARTESIAN_POINT ( 'NONE',  ( 67.99999999999998579, 1180.000000000000000, -68.00000000000000000 ) ) ;
#4385 = EDGE_LOOP ( 'NONE', ( #4125, #1830, #4040, #705 ) ) ;
#4386 = LINE ( 'NONE', #523, #2392 ) ;
#4387 = CARTESIAN_POINT ( 'NONE',  ( 77.99999999999998579, 1115.000000000000000, -45.00000000000000000 ) ) ;
#4388 = CIRCLE ( 'NONE', #2878, 3.400000000000000355 ) ;
#4389 = AXIS2_PLACEMENT_3D ( 'NONE', #2436, #2424, #3846 ) ;
#4390 = ORIENTED_EDGE ( 'NONE', *, *, #884, .T. ) ;
#4391 = CARTESIAN_POINT ( 'NONE',  ( -90.00000000000000000, 1200.000000000000000, -95.09999999999999432 ) ) ;
#4392 = DIRECTION ( 'NONE',  ( 8.659560562355413570E-17, 0.7071067811865081598, -0.7071067811865867636 ) ) ;
#4393 = FACE_OUTER_BOUND ( 'NONE', #525, .T. ) ;
#4394 = DIRECTION ( 'NONE',  ( 0.0000000000000000000, 0.0000000000000000000, 1.000000000000000000 ) ) ;
#4395 = ORIENTED_EDGE ( 'NONE', *, *, #3981, .T. ) ;
#4396 = ADVANCED_FACE ( 'NONE', ( #3038 ), #4030, .F. ) ;
#4397 = LINE ( 'NONE', #1027, #4065 ) ;
#4398 = VECTOR ( 'NONE', #1487, 1000.000000000000000 ) ;
#4399 = AXIS2_PLACEMENT_3D ( 'NONE', #1998, #510, #565 ) ;
#4400 = CARTESIAN_POINT ( 'NONE',  ( 124.9999999999999716, 0.0000000000000000000, 30.00000000000000000 ) ) ;
#4401 =( NAMED_UNIT ( * ) PLANE_ANGLE_UNIT ( ) SI_UNIT ( $, .RADIAN. ) );
#4402 = DIRECTION ( 'NONE',  ( 1.000000000000000000, 8.326672684688671588E-17, 5.551115123125780853E-17 ) ) ;
#4403 = AXIS2_PLACEMENT_3D ( 'NONE', #4604, #4592, #2069 ) ;
#4404 = PLANE ( 'NONE',  #3883 ) ;
#4405 = AXIS2_PLACEMENT_3D ( 'NONE', #164, #3438, #511 ) ;
#4406 = VECTOR ( 'NONE', #1552, 1000.000000000000000 ) ;
#4407 = ORIENTED_EDGE ( 'NONE', *, *, #594, .T. ) ;
#4408 = CYLINDRICAL_SURFACE ( 'NONE', #2698, 3.000000000000002665 ) ;
#4409 = FACE_OUTER_BOUND ( 'NONE', #3799, .T. ) ;
#4410 = CARTESIAN_POINT ( 'NONE',  ( -67.99999999999991473, 1180.000000000000000, -77.99999999999998579 ) ) ;
#4411 = ORIENTED_EDGE ( 'NONE', *, *, #3840, .T. ) ;
#4412 = DIRECTION ( 'NONE',  ( 0.1961161351381840445, -0.9805806756909202226, -2.311115933264682682E-33 ) ) ;
#4413 = AXIS2_PLACEMENT_3D ( 'NONE', #1714, #671, #3899 ) ;
#4414 = EDGE_LOOP ( 'NONE', ( #2541, #4307, #2583, #2360 ) ) ;
#4415 = CARTESIAN_POINT ( 'NONE',  ( 0.0000000000000000000, 0.0000000000000000000, 75.00000000000001421 ) ) ;
#4416 = CARTESIAN_POINT ( 'NONE',  ( -67.99999999999991473, 1180.000000000000000, 78.00000000000000000 ) ) ;
#4417 = ORIENTED_EDGE ( 'NONE', *, *, #4579, .F. ) ;
#4418 = EDGE_CURVE ( 'NONE', #2767, #2440, #2354, .T. ) ;
#4419 = ORIENTED_EDGE ( 'NONE', *, *, #314, .T. ) ;
#4420 = EDGE_CURVE ( 'NONE', #489, #4475, #1151, .T. ) ;
#4421 = DIRECTION ( 'NONE',  ( -0.0000000000000000000, 1.000000000000000000, -0.0000000000000000000 ) ) ;
#4422 =( NAMED_UNIT ( * ) SI_UNIT ( $, .STERADIAN. ) SOLID_ANGLE_UNIT ( ) );
#4423 =( NAMED_UNIT ( * ) PLANE_ANGLE_UNIT ( ) SI_UNIT ( $, .RADIAN. ) );
#4424 = DIRECTION ( 'NONE',  ( -0.0000000000000000000, -1.000000000000000000, -0.0000000000000000000 ) ) ;
#4425 = EDGE_LOOP ( 'NONE', ( #1980, #741, #4173, #2297 ) ) ;
#4426 = ADVANCED_FACE ( 'NONE', ( #466 ), #137, .F. ) ;
#4427 = CARTESIAN_POINT ( 'NONE',  ( -30.00000000000001421, 20.00000000000000000, -125.0000000000000000 ) ) ;
#4428 = EDGE_CURVE ( 'NONE', #987, #4449, #3332, .T. ) ;
#4429 = SURFACE_STYLE_USAGE ( .BOTH. , #478 ) ;
#4430 = DIRECTION ( 'NONE',  ( -1.850371707708594316E-16, -0.0000000000000000000, -1.000000000000000000 ) ) ;
#4431 = EDGE_LOOP ( 'NONE', ( #1440, #1954, #3455, #64 ) ) ;
#4432 = DIRECTION ( 'NONE',  ( 1.000000000000000000, 0.0000000000000000000, -3.061276722312015942E-16 ) ) ;
#4433 = AXIS2_PLACEMENT_3D ( 'NONE', #4489, #4454, #3022 ) ;
#4434 = MECHANICAL_DESIGN_GEOMETRIC_PRESENTATION_REPRESENTATION (  '', ( #4032 ), #95 ) ;
#4435 = ORIENTED_EDGE ( 'NONE', *, *, #1233, .F. ) ;
#4436 = ORIENTED_EDGE ( 'NONE', *, *, #2527, .T. ) ;
#4437 = SURFACE_SIDE_STYLE ('',( #1963 ) ) ;
#4438 = DIRECTION ( 'NONE',  ( 0.7071067811865484609, -0.0000000000000000000, 0.7071067811865465735 ) ) ;
#4439 = DIRECTION ( 'NONE',  ( 0.0000000000000000000, 0.0000000000000000000, 1.000000000000000000 ) ) ;
#4440 = EDGE_LOOP ( 'NONE', ( #1970, #3608 ) ) ;
#4441 = VERTEX_POINT ( 'NONE', #4063 ) ;
#4442 = ORIENTED_EDGE ( 'NONE', *, *, #82, .T. ) ;
#4443 = CARTESIAN_POINT ( 'NONE',  ( -68.00000000000000000, 20.00000000000000355, 68.00000000000000000 ) ) ;
#4444 = DIRECTION ( 'NONE',  ( -0.7071067811865484609, 0.0000000000000000000, -0.7071067811865465735 ) ) ;
#4445 = EDGE_CURVE ( 'NONE', #736, #3011, #2125, .T. ) ;
#4446 = CYLINDRICAL_SURFACE ( 'NONE', #329, 2.499999999999946709 ) ;
#4447 = AXIS2_PLACEMENT_3D ( 'NONE', #2151, #1147, #3621 ) ;
#4448 = FACE_BOUND ( 'NONE', #2522, .T. ) ;
#4449 = VERTEX_POINT ( 'NONE', #3367 ) ;
#4450 = DIRECTION ( 'NONE',  ( -1.982541115402068808E-16, -1.387778780781444751E-17, -1.000000000000000000 ) ) ;
#4451 = EDGE_CURVE ( 'NONE', #150, #732, #1206, .T. ) ;
#4452 = CIRCLE ( 'NONE', #4488, 7.500000000000007105 ) ;
#4453 = ORIENTED_EDGE ( 'NONE', *, *, #1110, .T. ) ;
#4454 = DIRECTION ( 'NONE',  ( 0.0000000000000000000, 1.000000000000000000, 0.0000000000000000000 ) ) ;
#4455 = CARTESIAN_POINT ( 'NONE',  ( 7.500000000000009770, 20.00000000000001776, 139.9999999999999716 ) ) ;
#4456 = ORIENTED_EDGE ( 'NONE', *, *, #3387, .T. ) ;
#4457 = LINE ( 'NONE', #952, #341 ) ;
#4458 = FACE_OUTER_BOUND ( 'NONE', #1906, .T. ) ;
#4459 = EDGE_CURVE ( 'NONE', #824, #1702, #3089, .T. ) ;
#4460 = CYLINDRICAL_SURFACE ( 'NONE', #3929, 4.499999999999990230 ) ;
#4461 = EDGE_LOOP ( 'NONE', ( #345, #618, #2441, #2483, #796, #263, #572, #763 ) ) ;
#4462 = DIRECTION ( 'NONE',  ( 0.0000000000000000000, 1.000000000000000000, 0.0000000000000000000 ) ) ;
#4463 = LINE ( 'NONE', #3565, #4078 ) ;
#4464 = DIRECTION ( 'NONE',  ( 1.982541115402068808E-16, 2.280433893654434516E-35, 1.000000000000000000 ) ) ;
#4465 = EDGE_LOOP ( 'NONE', ( #3111, #433 ) ) ;
#4466 = VERTEX_POINT ( 'NONE', #4455 ) ;
#4467 = CARTESIAN_POINT ( 'NONE',  ( 69.99999999999985789, 20.00000000000000355, 89.99999999999997158 ) ) ;
#4468 = CIRCLE ( 'NONE', #2721, 7.499999999999992895 ) ;
#4469 = CARTESIAN_POINT ( 'NONE',  ( -124.9999999999999716, 20.00000000000000000, -34.49999999999999289 ) ) ;
#4470 = DIRECTION ( 'NONE',  ( 0.0000000000000000000, 0.0000000000000000000, 1.000000000000000000 ) ) ;
#4471 = ORIENTED_EDGE ( 'NONE', *, *, #1846, .T. ) ;
#4472 = CIRCLE ( 'NONE', #917, 4.500000000000003553 ) ;
#4473 = ORIENTED_EDGE ( 'NONE', *, *, #117, .T. ) ;
#4474 = UNCERTAINTY_MEASURE_WITH_UNIT (LENGTH_MEASURE( 1.000000000000000082E-05 ), #394, 'distance_accuracy_value', 'NONE');
#4475 = VERTEX_POINT ( 'NONE', #2666 ) ;
#4476 =( LENGTH_UNIT ( ) NAMED_UNIT ( * ) SI_UNIT ( .MILLI., .METRE. ) );
#4477 = DIRECTION ( 'NONE',  ( -0.7071067811865475727, 5.233641528945915579E-17, -0.7071067811865475727 ) ) ;
#4478 = CARTESIAN_POINT ( 'NONE',  ( -7.500000000000009770, 70.00000000000001421, -139.9999999999999716 ) ) ;
#4479 = EDGE_CURVE ( 'NONE', #3735, #2083, #1911, .T. ) ;
#4480 = AXIS2_PLACEMENT_3D ( 'NONE', #1275, #3780, #1620 ) ;
#4481 = ORIENTED_EDGE ( 'NONE', *, *, #3109, .F. ) ;
#4482 = CARTESIAN_POINT ( 'NONE',  ( -124.9999999999999716, 20.00000000000000000, -30.00000000000000000 ) ) ;
#4483 = VECTOR ( 'NONE', #1055, 1000.000000000000000 ) ;
#4484 = SURFACE_STYLE_USAGE ( .BOTH. , #2327 ) ;
#4485 = SURFACE_STYLE_USAGE ( .BOTH. , #3699 ) ;
#4486 = AXIS2_PLACEMENT_3D ( 'NONE', #2087, #2809, #641 ) ;
#4487 = EDGE_CURVE ( 'NONE', #2366, #3155, #3733, .T. ) ;
#4488 = AXIS2_PLACEMENT_3D ( 'NONE', #1441, #1054, #12 ) ;
#4489 = CARTESIAN_POINT ( 'NONE',  ( 150.0000000000000284, 20.00000000000000000, 150.0000000000000000 ) ) ;
#4490 = DIRECTION ( 'NONE',  ( 0.0000000000000000000, 0.0000000000000000000, -1.000000000000000000 ) ) ;
#4491 = CARTESIAN_POINT ( 'NONE',  ( -150.0000000000000284, 20.00000000000000000, -139.9999999999999716 ) ) ;
#4492 = ORIENTED_EDGE ( 'NONE', *, *, #1818, .T. ) ;
#4493 = PLANE ( 'NONE',  #3264 ) ;
#4494 = PLANE ( 'NONE',  #936 ) ;
#4495 = EDGE_LOOP ( 'NONE', ( #3403, #2478, #1218, #695 ) ) ;
#4496 = CARTESIAN_POINT ( 'NONE',  ( -69.99999999999985789, 1180.000000000000000, -89.99999999999997158 ) ) ;
#4497 = ORIENTED_EDGE ( 'NONE', *, *, #1837, .F. ) ;
#4498 = AXIS2_PLACEMENT_3D ( 'NONE', #163, #206, #914 ) ;
#4499 = AXIS2_PLACEMENT_3D ( 'NONE', #1876, #3761, #4108 ) ;
#4500 = AXIS2_PLACEMENT_3D ( 'NONE', #2781, #4547, #3071 ) ;
#4501 = DIRECTION ( 'NONE',  ( -1.000000000000000000, -0.0000000000000000000, -0.0000000000000000000 ) ) ;
#4502 = VERTEX_POINT ( 'NONE', #2335 ) ;
#4503 = CYLINDRICAL_SURFACE ( 'NONE', #1728, 9.999999999999994671 ) ;
#4504 = FACE_OUTER_BOUND ( 'NONE', #3098, .T. ) ;
#4505 = VERTEX_POINT ( 'NONE', #3034 ) ;
#4506 = PLANE ( 'NONE',  #4433 ) ;
#4507 = SURFACE_SIDE_STYLE ('',( #3181 ) ) ;
#4508 = LINE ( 'NONE', #3707, #2566 ) ;
#4509 = DIRECTION ( 'NONE',  ( -0.0000000000000000000, -1.000000000000000000, -0.0000000000000000000 ) ) ;
#4510 = CARTESIAN_POINT ( 'NONE',  ( 0.0000000000000000000, -0.001000000000001000089, 0.0000000000000000000 ) ) ;
#4511 = AXIS2_PLACEMENT_3D ( 'NONE', #3653, #4019, #2206 ) ;
#4512 = DIRECTION ( 'NONE',  ( 1.000000000000000000, 1.540743955509788682E-33, -1.982541115402069547E-16 ) ) ;
#4513 = FACE_BOUND ( 'NONE', #2016, .T. ) ;
#4514 = CARTESIAN_POINT ( 'NONE',  ( -69.99999999999998579, 1180.000000000000000, 69.99999999999998579 ) ) ;
#4515 = ORIENTED_EDGE ( 'NONE', *, *, #1258, .T. ) ;
#4516 = VECTOR ( 'NONE', #3118, 1000.000000000000114 ) ;
#4517 = LINE ( 'NONE', #951, #2693 ) ;
#4518 = CIRCLE ( 'NONE', #2538, 20.00000000000000355 ) ;
#4519 = CARTESIAN_POINT ( 'NONE',  ( 90.00000000000000000, 1115.000000000000000, 45.00000000000000000 ) ) ;
#4520 = CARTESIAN_POINT ( 'NONE',  ( 78.00000000000000000, 1115.000000000000000, 42.50000000000004974 ) ) ;
#4521 = EDGE_CURVE ( 'NONE', #1898, #807, #410, .T. ) ;
#4522 = ORIENTED_EDGE ( 'NONE', *, *, #3600, .T. ) ;
#4523 = VECTOR ( 'NONE', #75, 1000.000000000000000 ) ;
#4524 = DIRECTION ( 'NONE',  ( -0.0000000000000000000, 1.000000000000000000, -0.0000000000000000000 ) ) ;
#4525 = CARTESIAN_POINT ( 'NONE',  ( 124.9999999999999716, 20.00000000000000000, 30.00000000000000000 ) ) ;
#4526 = ORIENTED_EDGE ( 'NONE', *, *, #1269, .F. ) ;
#4527 = AXIS2_PLACEMENT_3D ( 'NONE', #3695, #2945, #4394 ) ;
#4528 = AXIS2_PLACEMENT_3D ( 'NONE', #1551, #2978, #4080 ) ;
#4529 = CARTESIAN_POINT ( 'NONE',  ( 0.0000000000000000000, 20.00000000000000000, 75.00000000000001421 ) ) ;
#4530 = CARTESIAN_POINT ( 'NONE',  ( -124.9999999999999716, 20.00000000000000000, 125.0000000000000000 ) ) ;
#4531 = ORIENTED_EDGE ( 'NONE', *, *, #2686, .T. ) ;
#4532 = CARTESIAN_POINT ( 'NONE',  ( -69.99999999999985789, 20.00000000000000355, -89.99999999999997158 ) ) ;
#4533 = ORIENTED_EDGE ( 'NONE', *, *, #3417, .F. ) ;
#4534 = ORIENTED_EDGE ( 'NONE', *, *, #2914, .T. ) ;
#4535 = DIRECTION ( 'NONE',  ( -0.0000000000000000000, 1.000000000000000000, -0.0000000000000000000 ) ) ;
#4536 = DIRECTION ( 'NONE',  ( -0.1961161351381840445, -0.9805806756909202226, 1.540743955509788511E-33 ) ) ;
#4537 = UNCERTAINTY_MEASURE_WITH_UNIT (LENGTH_MEASURE( 1.000000000000000082E-05 ), #3577, 'distance_accuracy_value', 'NONE');
#4538 = ORIENTED_EDGE ( 'NONE', *, *, #882, .F. ) ;
#4539 = DIRECTION ( 'NONE',  ( 1.850582702439379757E-34, 1.000000000000000000, -1.540743955509788682E-33 ) ) ;
#4540 = DIRECTION ( 'NONE',  ( -0.0000000000000000000, 1.000000000000000000, -0.0000000000000000000 ) ) ;
#4541 = PRESENTATION_LAYER_ASSIGNMENT (  '', '', ( #2093 ) ) ;
#4542 = DIRECTION ( 'NONE',  ( 0.0000000000000000000, 0.0000000000000000000, 1.000000000000000000 ) ) ;
#4543 = CARTESIAN_POINT ( 'NONE',  ( 124.9999999999999716, 20.00000000000000000, 30.00000000000000000 ) ) ;
#4544 = EDGE_CURVE ( 'NONE', #214, #3674, #2525, .T. ) ;
#4545 = EDGE_LOOP ( 'NONE', ( #1482, #4081 ) ) ;
#4546 = CARTESIAN_POINT ( 'NONE',  ( 149.9999999999999716, 20.00000000000000000, -150.0000000000000000 ) ) ;
#4547 = DIRECTION ( 'NONE',  ( 7.401486830834376525E-17, 1.000000000000000000, 0.0000000000000000000 ) ) ;
#4548 = VERTEX_POINT ( 'NONE', #3834 ) ;
#4549 = ADVANCED_FACE ( 'NONE', ( #1527 ), #1749, .F. ) ;
#4550 = DIRECTION ( 'NONE',  ( -1.155557966632341512E-33, -1.000000000000000000, -4.901829378616506198E-34 ) ) ;
#4551 = DIRECTION ( 'NONE',  ( -7.401486830834376525E-17, -1.000000000000000000, -0.0000000000000000000 ) ) ;
#4552 = ORIENTED_EDGE ( 'NONE', *, *, #492, .F. ) ;
#4553 = FILL_AREA_STYLE ('',( #4169 ) ) ;
#4554 = CARTESIAN_POINT ( 'NONE',  ( -124.9999999999999716, 20.00000000000000000, -132.5000000000000000 ) ) ;
#4555 = DIRECTION ( 'NONE',  ( -1.000000000000000000, -0.0000000000000000000, 1.020425574104005355E-16 ) ) ;
#4556 = AXIS2_PLACEMENT_3D ( 'NONE', #1897, #1929, #80 ) ;
#4557 = VERTEX_POINT ( 'NONE', #4491 ) ;
#4558 = DIRECTION ( 'NONE',  ( 0.0000000000000000000, 1.000000000000000000, 0.0000000000000000000 ) ) ;
#4559 = ORIENTED_EDGE ( 'NONE', *, *, #2044, .T. ) ;
#4560 = VECTOR ( 'NONE', #3510, 1000.000000000000000 ) ;
#4561 = STYLED_ITEM ( 'NONE', ( #327 ), #2105 ) ;
#4562 = ORIENTED_EDGE ( 'NONE', *, *, #838, .T. ) ;
#4563 = CARTESIAN_POINT ( 'NONE',  ( -90.00000000000000000, 220.0000000000000284, -7.499999999999985789 ) ) ;
#4564 = CARTESIAN_POINT ( 'NONE',  ( 68.00000000000000000, 1180.000000000000000, 67.99999999999995737 ) ) ;
#4565 = COLOUR_RGB ( '',1.000000000000000000, 1.000000000000000000, 1.000000000000000000 ) ;
#4566 = CARTESIAN_POINT ( 'NONE',  ( -124.9999999999999432, 1200.000000000000000, 115.0000000000000426 ) ) ;
#4567 = EDGE_CURVE ( 'NONE', #4061, #711, #2699, .T. ) ;
#4568 = FILL_AREA_STYLE_COLOUR ( '', #595 ) ;
#4569 = CIRCLE ( 'NONE', #4480, 19.99999999999998934 ) ;
#4570 = CARTESIAN_POINT ( 'NONE',  ( 125.0000000000000568, 1180.000000000000000, 115.0000000000000142 ) ) ;
#4571 = CIRCLE ( 'NONE', #448, 62.50000000000000000 ) ;
#4572 = LINE ( 'NONE', #1411, #1253 ) ;
#4573 = ADVANCED_FACE ( 'NONE', ( #2295 ), #562, .F. ) ;
#4574 = ORIENTED_EDGE ( 'NONE', *, *, #3156, .F. ) ;
#4575 = FILL_AREA_STYLE_COLOUR ( '', #3773 ) ;
#4576 = LINE ( 'NONE', #1049, #2023 ) ;
#4577 = CARTESIAN_POINT ( 'NONE',  ( 124.9999999999999716, 20.00000000000000000, -30.00000000000000000 ) ) ;
#4578 = CARTESIAN_POINT ( 'NONE',  ( -30.00000000000001421, 20.00000000000000000, -121.5999999999999943 ) ) ;
#4579 = EDGE_CURVE ( 'NONE', #1471, #911, #4121, .T. ) ;
#4580 = CIRCLE ( 'NONE', #298, 2.499999999999946709 ) ;
#4581 = VECTOR ( 'NONE', #169, 1000.000000000000000 ) ;
#4582 = EDGE_CURVE ( 'NONE', #1696, #3746, #1202, .T. ) ;
#4583 = ORIENTED_EDGE ( 'NONE', *, *, #3995, .F. ) ;
#4584 = LINE ( 'NONE', #1250, #2185 ) ;
#4585 =( NAMED_UNIT ( * ) SI_UNIT ( $, .STERADIAN. ) SOLID_ANGLE_UNIT ( ) );
#4586 = CYLINDRICAL_SURFACE ( 'NONE', #1968, 5.099999999999993427 ) ;
#4587 = ORIENTED_EDGE ( 'NONE', *, *, #3751, .T. ) ;
#4588 = STYLED_ITEM ( 'NONE', ( #3445 ), #650 ) ;
#4589 = AXIS2_PLACEMENT_3D ( 'NONE', #2216, #814, #4402 ) ;
#4590 = ORIENTED_EDGE ( 'NONE', *, *, #1041, .T. ) ;
#4591 = EDGE_LOOP ( 'NONE', ( #1378, #111, #4522, #519 ) ) ;
#4592 = DIRECTION ( 'NONE',  ( -0.0000000000000000000, -1.000000000000000000, -0.0000000000000000000 ) ) ;
#4593 = CARTESIAN_POINT ( 'NONE',  ( -124.9999999999999716, 20.00000000000000000, -117.5000000000000142 ) ) ;
#4594 = ORIENTED_EDGE ( 'NONE', *, *, #3292, .T. ) ;
#4595 = CARTESIAN_POINT ( 'NONE',  ( 67.99999999999998579, 1180.000000000000000, -68.00000000000000000 ) ) ;
#4596 = ADVANCED_FACE ( 'NONE', ( #1370 ), #996, .T. ) ;
#4597 = CARTESIAN_POINT ( 'NONE',  ( 140.0000000000000000, 20.00000000000000000, -150.0000000000000000 ) ) ;
#4598 =( NAMED_UNIT ( * ) SI_UNIT ( $, .STERADIAN. ) SOLID_ANGLE_UNIT ( ) );
#4599 = DIRECTION ( 'NONE',  ( -0.7071067811865455743, 0.0000000000000000000, -0.7071067811865493491 ) ) ;
#4600 = ORIENTED_EDGE ( 'NONE', *, *, #3292, .F. ) ;
#4601 = EDGE_CURVE ( 'NONE', #1337, #266, #2182, .T. ) ;
#4602 = ORIENTED_EDGE ( 'NONE', *, *, #36, .T. ) ;
#4603 = DIRECTION ( 'NONE',  ( 0.7071067811865484609, 0.0000000000000000000, 0.7071067811865465735 ) ) ;
#4604 = CARTESIAN_POINT ( 'NONE',  ( -90.00000000000000000, 1180.000000000000000, 90.00000000000000000 ) ) ;
#4605 = ORIENTED_EDGE ( 'NONE', *, *, #937, .T. ) ;
#4606 = EDGE_CURVE ( 'NONE', #1168, #374, #3268, .T. ) ;
#4607 = DIRECTION ( 'NONE',  ( 0.9805806756909202226, -0.1961161351381840445, 1.232595164407830535E-32 ) ) ;
#4608 = ORIENTED_EDGE ( 'NONE', *, *, #499, .T. ) ;
#4609 = LINE ( 'NONE', #1018, #1062 ) ;
#4610 = CIRCLE ( 'NONE', #2386, 4.500000000000003553 ) ;
#4611 = VERTEX_POINT ( 'NONE', #2380 ) ;
#4612 = DIRECTION ( 'NONE',  ( 0.0000000000000000000, 0.0000000000000000000, 1.000000000000000000 ) ) ;
#4613 = FACE_OUTER_BOUND ( 'NONE', #4591, .T. ) ;
#4614 = CARTESIAN_POINT ( 'NONE',  ( 142.5000000000000568, 20.00000000000000000, 4.975360907851466735E-13 ) ) ;
#4615 = UNCERTAINTY_MEASURE_WITH_UNIT (LENGTH_MEASURE( 1.000000000000000082E-05 ), #4276, 'distance_accuracy_value', 'NONE');
#4616 = ORIENTED_EDGE ( 'NONE', *, *, #3267, .F. ) ;
#4617 = CARTESIAN_POINT ( 'NONE',  ( 90.00000000000000000, 1155.000000000000000, -45.00000000000000000 ) ) ;
#4618 = PRODUCT_DEFINITION_FORMATION_WITH_SPECIFIED_SOURCE ( 'ANY', '', #1517, .NOT_KNOWN. ) ;
#4619 = ADVANCED_FACE ( 'NONE', ( #73 ), #4007, .F. ) ;
#4620 = EDGE_LOOP ( 'NONE', ( #2496, #4181 ) ) ;
#4621 =( NAMED_UNIT ( * ) PLANE_ANGLE_UNIT ( ) SI_UNIT ( $, .RADIAN. ) );
#4622 = DIRECTION ( 'NONE',  ( 0.0000000000000000000, 0.0000000000000000000, 1.000000000000000000 ) ) ;
#4623 = LINE ( 'NONE', #1367, #597 ) ;
#4624 = EDGE_CURVE ( 'NONE', #3163, #42, #785, .T. ) ;
#4625 = ORIENTED_EDGE ( 'NONE', *, *, #968, .F. ) ;
#4626 = VECTOR ( 'NONE', #3057, 1000.000000000000114 ) ;
#4627 = FACE_OUTER_BOUND ( 'NONE', #502, .T. ) ;
#4628 = VECTOR ( 'NONE', #232, 1000.000000000000000 ) ;
#4629 = DIRECTION ( 'NONE',  ( 6.162975822039150624E-33, 1.000000000000000000, -1.387778780781445059E-17 ) ) ;
#4630 = SURFACE_STYLE_USAGE ( .BOTH. , #979 ) ;
#4631 = EDGE_LOOP ( 'NONE', ( #2613, #1300, #2240, #2451 ) ) ;
#4632 = EDGE_CURVE ( 'NONE', #546, #3183, #2120, .T. ) ;
#4633 = CARTESIAN_POINT ( 'NONE',  ( 30.00000000000000000, 20.00000000000000000, -120.5000000000000000 ) ) ;
#4634 = CARTESIAN_POINT ( 'NONE',  ( 140.0000000000000000, 19.99999999999998934, -7.500000000000013323 ) ) ;
#4635 = EDGE_CURVE ( 'NONE', #46, #4227, #3389, .T. ) ;
#4636 = VERTEX_POINT ( 'NONE', #1354 ) ;
#4637 = EDGE_CURVE ( 'NONE', #3694, #3573, #1957, .T. ) ;
#4638 = CARTESIAN_POINT ( 'NONE',  ( -78.00000000000000000, 20.00000000000000355, -67.99999999999991473 ) ) ;
#4639 = CARTESIAN_POINT ( 'NONE',  ( 125.0000000000000568, 1200.000000000000000, 115.0000000000000142 ) ) ;
#4640 = CIRCLE ( 'NONE', #132, 9.999999999999994671 ) ;
#4641 = CARTESIAN_POINT ( 'NONE',  ( 124.9999999999999716, 20.00000000000000000, 125.0000000000000000 ) ) ;
#4642 = LINE ( 'NONE', #1276, #3789 ) ;
#4643 = DIRECTION ( 'NONE',  ( 0.0000000000000000000, 0.0000000000000000000, 1.000000000000000000 ) ) ;
#4644 = AXIS2_PLACEMENT_3D ( 'NONE', #1059, #1773, #1514 ) ;
#4645 = ORIENTED_EDGE ( 'NONE', *, *, #4231, .F. ) ;
#4646 = ORIENTED_EDGE ( 'NONE', *, *, #4086, .F. ) ;
#4647 = ADVANCED_FACE ( 'NONE', ( #3552 ), #516, .F. ) ;
#4648 = ORIENTED_EDGE ( 'NONE', *, *, #1104, .T. ) ;
#4649 = ORIENTED_EDGE ( 'NONE', *, *, #1138, .T. ) ;
#4650 = PRESENTATION_LAYER_ASSIGNMENT (  '', '', ( #4005 ) ) ;
#4651 = CARTESIAN_POINT ( 'NONE',  ( 90.00000000000000000, 19.99999999999998934, -7.500000000000013323 ) ) ;
#4652 = AXIS2_PLACEMENT_3D ( 'NONE', #642, #3570, #1394 ) ;
#4653 = EDGE_LOOP ( 'NONE', ( #3790, #3313 ) ) ;
#4654 =( NAMED_UNIT ( * ) SI_UNIT ( $, .STERADIAN. ) SOLID_ANGLE_UNIT ( ) );
#4655 = AXIS2_PLACEMENT_3D ( 'NONE', #2378, #2032, #1061 ) ;
#4656 = ORIENTED_EDGE ( 'NONE', *, *, #4459, .F. ) ;
#4657 = DIRECTION ( 'NONE',  ( -0.0000000000000000000, 1.000000000000000000, -0.0000000000000000000 ) ) ;
#4658 = DIRECTION ( 'NONE',  ( -0.0000000000000000000, 1.000000000000000000, -0.0000000000000000000 ) ) ;
#4659 = MECHANICAL_DESIGN_GEOMETRIC_PRESENTATION_REPRESENTATION (  '', ( #3282 ), #684 ) ;
#4660 = ORIENTED_EDGE ( 'NONE', *, *, #901, .F. ) ;
#4661 = DIRECTION ( 'NONE',  ( 0.7071067811865455743, 0.0000000000000000000, 0.7071067811865493491 ) ) ;
#4662 = DIRECTION ( 'NONE',  ( 0.0000000000000000000, 0.0000000000000000000, 1.000000000000000000 ) ) ;
#4663 = EDGE_CURVE ( 'NONE', #506, #3694, #2348, .T. ) ;
#4664 = AXIS2_PLACEMENT_3D ( 'NONE', #2537, #740, #757 ) ;
#4665 = ADVANCED_FACE ( 'NONE', ( #348 ), #1583, .F. ) ;
#4666 = EDGE_LOOP ( 'NONE', ( #3072, #1703 ) ) ;
#4667 = CARTESIAN_POINT ( 'NONE',  ( -124.9999999999999716, 0.0000000000000000000, -132.5000000000000000 ) ) ;
#4668 = CARTESIAN_POINT ( 'NONE',  ( 125.0000000000000568, 1200.000000000000000, 115.0000000000000142 ) ) ;
#4669 = ORIENTED_EDGE ( 'NONE', *, *, #350, .F. ) ;
#4670 = ADVANCED_FACE ( 'NONE', ( #4067 ), #365, .F. ) ;
#4671 = ORIENTED_EDGE ( 'NONE', *, *, #3416, .F. ) ;
#4672 = CARTESIAN_POINT ( 'NONE',  ( 62.49999999999997868, 1180.000000000000000, 0.0000000000000000000 ) ) ;
#4673 = NEXT_ASSEMBLY_USAGE_OCCURRENCE ( 'NAUO1', ' ', ' ', #2330, #2030, $ ) ;
ENDSEC;
END-ISO-10303-21;
