ISO-10303-21;
HEADER;
FILE_DESCRIPTION (( 'STEP AP214' ),
    '1' );
FILE_NAME ('4GAA002120103003X.STEP',
    '2021-02-02T12:02:18',
    ( '' ),
    ( '' ),
    'SwSTEP 2.0',
    'SolidWorks 2018',
    '' );
FILE_SCHEMA (( 'AUTOMOTIVE_DESIGN' ));
ENDSEC;

DATA;
#1 = ADVANCED_FACE ( 'NONE', ( #1185 ), #3428, .F. ) ;
#2 = CYLINDRICAL_SURFACE ( 'NONE', #1448, 3.000000000000002665 ) ;
#3 = CIRCLE ( 'NONE', #1945, 7.499999999999992895 ) ;
#4 =( LENGTH_UNIT ( ) NAMED_UNIT ( * ) SI_UNIT ( .MILLI., .METRE. ) );
#5 = EDGE_CURVE ( 'NONE', #20, #1899, #2715, .T. ) ;
#6 = PRESENTATION_LAYER_ASSIGNMENT (  '', '', ( #895 ) ) ;
#7 = CYLINDRICAL_SURFACE ( 'NONE', #3797, 4.500000000000003553 ) ;
#8 = CARTESIAN_POINT ( 'NONE',  ( 124.9999999999999716, 15.00000000000000000, 132.5000000000000000 ) ) ;
#9 = LINE ( 'NONE', #610, #1735 ) ;
#10 = SURFACE_SIDE_STYLE ('',( #537 ) ) ;
#11 = FACE_OUTER_BOUND ( 'NONE', #2306, .T. ) ;
#12 = DIRECTION ( 'NONE',  ( 1.000000000000000000, 0.0000000000000000000, 0.0000000000000000000 ) ) ;
#13 = CYLINDRICAL_SURFACE ( 'NONE', #3854, 7.500000000000007105 ) ;
#14 = ORIENTED_EDGE ( 'NONE', *, *, #2013, .F. ) ;
#15 = ORIENTED_EDGE ( 'NONE', *, *, #3159, .T. ) ;
#16 = DIRECTION ( 'NONE',  ( 0.0000000000000000000, 0.0000000000000000000, 1.000000000000000000 ) ) ;
#17 = FACE_OUTER_BOUND ( 'NONE', #81, .T. ) ;
#18 = CARTESIAN_POINT ( 'NONE',  ( -62.49999999999996447, 300.0000000000000568, 7.654042494670957804E-15 ) ) ;
#19 = ORIENTED_EDGE ( 'NONE', *, *, #882, .T. ) ;
#20 = VERTEX_POINT ( 'NONE', #2584 ) ;
#21 = ORIENTED_EDGE ( 'NONE', *, *, #2333, .F. ) ;
#22 = VECTOR ( 'NONE', #1313, 1000.000000000000000 ) ;
#23 = VECTOR ( 'NONE', #2736, 1000.000000000000000 ) ;
#24 = CARTESIAN_POINT ( 'NONE',  ( 90.00000000000000000, 300.0000000000000568, -90.00000000000000000 ) ) ;
#25 = DIRECTION ( 'NONE',  ( -0.7071067811865441310, 0.0000000000000000000, -0.7071067811865510144 ) ) ;
#26 = CARTESIAN_POINT ( 'NONE',  ( 149.9999999999999716, 0.0000000000000000000, -139.9999999999999716 ) ) ;
#27 = ORIENTED_EDGE ( 'NONE', *, *, #2074, .F. ) ;
#28 = ADVANCED_FACE ( 'NONE', ( #349 ), #295, .F. ) ;
#29 = FACE_BOUND ( 'NONE', #3026, .T. ) ;
#30 = ADVANCED_FACE ( 'NONE', ( #2480 ), #3216, .F. ) ;
#31 = FACE_OUTER_BOUND ( 'NONE', #3195, .T. ) ;
#32 = CARTESIAN_POINT ( 'NONE',  ( 124.9999999999999716, 15.00000000000000000, 132.5000000000000000 ) ) ;
#33 =( GEOMETRIC_REPRESENTATION_CONTEXT ( 3 ) GLOBAL_UNCERTAINTY_ASSIGNED_CONTEXT ( ( #3258 ) ) GLOBAL_UNIT_ASSIGNED_CONTEXT ( ( #475, #774, #2850 ) ) REPRESENTATION_CONTEXT ( 'NONE', 'WORKASPACE' ) );
#34 = EDGE_LOOP ( 'NONE', ( #878, #1532 ) ) ;
#35 = DIRECTION ( 'NONE',  ( -0.0000000000000000000, 1.000000000000000000, -0.0000000000000000000 ) ) ;
#36 = CIRCLE ( 'NONE', #2358, 5.099999999999993427 ) ;
#37 = CARTESIAN_POINT ( 'NONE',  ( -124.9999999999999716, 15.00000000000000000, 4.499999999999997335 ) ) ;
#38 = AXIS2_PLACEMENT_3D ( 'NONE', #1166, #622, #898 ) ;
#39 = CARTESIAN_POINT ( 'NONE',  ( 70.00000000000000000, 300.0000000000000568, -95.00000000000000000 ) ) ;
#40 = CARTESIAN_POINT ( 'NONE',  ( 124.9999999999999716, 15.00000000000000000, 4.938795603462354205E-17 ) ) ;
#41 = ORIENTED_EDGE ( 'NONE', *, *, #128, .T. ) ;
#42 = ADVANCED_FACE ( 'NONE', ( #767 ), #3702, .F. ) ;
#43 = EDGE_CURVE ( 'NONE', #2600, #1369, #2389, .T. ) ;
#44 = CARTESIAN_POINT ( 'NONE',  ( -89.99999999999997158, 280.0000000000000000, 69.99999999999998579 ) ) ;
#45 = EDGE_CURVE ( 'NONE', #1476, #551, #3845, .T. ) ;
#46 = ORIENTED_EDGE ( 'NONE', *, *, #1566, .T. ) ;
#47 = ADVANCED_FACE ( 'NONE', ( #400 ), #1089, .F. ) ;
#48 = ORIENTED_EDGE ( 'NONE', *, *, #322, .F. ) ;
#49 = VECTOR ( 'NONE', #1954, 1000.000000000000000 ) ;
#50 = DIRECTION ( 'NONE',  ( -0.0000000000000000000, 1.000000000000000000, -0.0000000000000000000 ) ) ;
#51 = CIRCLE ( 'NONE', #2844, 4.500000000000003553 ) ;
#52 = COLOUR_RGB ( '',0.6470588235294117974, 0.6196078431372549211, 0.5882352941176470784 ) ;
#53 =( LENGTH_UNIT ( ) NAMED_UNIT ( * ) SI_UNIT ( .MILLI., .METRE. ) );
#54 = AXIS2_PLACEMENT_3D ( 'NONE', #934, #2166, #2186 ) ;
#55 = ORIENTED_EDGE ( 'NONE', *, *, #1809, .T. ) ;
#56 = PRESENTATION_STYLE_ASSIGNMENT (( #3254 ) ) ;
#57 = CARTESIAN_POINT ( 'NONE',  ( 125.0000000000000000, 15.00000000000000000, -26.60000000000001208 ) ) ;
#58 = CARTESIAN_POINT ( 'NONE',  ( -90.00000000000000000, 300.0000000000000568, 90.00000000000000000 ) ) ;
#59 = LINE ( 'NONE', #3125, #764 ) ;
#60 = SURFACE_STYLE_FILL_AREA ( #3496 ) ;
#61 = DIRECTION ( 'NONE',  ( -0.0000000000000000000, 1.000000000000000000, -0.0000000000000000000 ) ) ;
#62 = EDGE_CURVE ( 'NONE', #2118, #116, #3749, .T. ) ;
#63 = PRESENTATION_LAYER_ASSIGNMENT (  '', '', ( #2783 ) ) ;
#64 = CARTESIAN_POINT ( 'NONE',  ( -114.9999999999999432, 280.0000000000000000, -124.9999999999999432 ) ) ;
#65 = ORIENTED_EDGE ( 'NONE', *, *, #2799, .T. ) ;
#66 = DIRECTION ( 'NONE',  ( -0.0000000000000000000, 1.000000000000000000, -0.0000000000000000000 ) ) ;
#67 = ORIENTED_EDGE ( 'NONE', *, *, #2987, .F. ) ;
#68 = ADVANCED_FACE ( 'NONE', ( #11 ), #2116, .F. ) ;
#69 = PRESENTATION_STYLE_ASSIGNMENT (( #2951 ) ) ;
#70 = CARTESIAN_POINT ( 'NONE',  ( 9.184850993605148733E-15, -0.0009999999999992653654, -75.00000000000001421 ) ) ;
#71 = ORIENTED_EDGE ( 'NONE', *, *, #242, .T. ) ;
#72 = EDGE_LOOP ( 'NONE', ( #607, #1470, #574, #3062 ) ) ;
#73 = ORIENTED_EDGE ( 'NONE', *, *, #2066, .F. ) ;
#74 = PRODUCT_CONTEXT ( 'NONE', #1259, 'mechanical' ) ;
#75 = LINE ( 'NONE', #1250, #2129 ) ;
#76 = EDGE_LOOP ( 'NONE', ( #967, #2266, #55, #2466 ) ) ;
#77 = ORIENTED_EDGE ( 'NONE', *, *, #3672, .F. ) ;
#78 = ORIENTED_EDGE ( 'NONE', *, *, #2994, .T. ) ;
#79 = FACE_BOUND ( 'NONE', #3534, .T. ) ;
#80 = EDGE_LOOP ( 'NONE', ( #2748, #463 ) ) ;
#81 = EDGE_LOOP ( 'NONE', ( #730, #2945, #2528, #2300 ) ) ;
#82 = AXIS2_PLACEMENT_3D ( 'NONE', #2883, #2040, #3500 ) ;
#83 = CARTESIAN_POINT ( 'NONE',  ( -80.00000000000000000, 280.0000000000000000, 69.99999999999998579 ) ) ;
#84 = CARTESIAN_POINT ( 'NONE',  ( -124.9999999999999716, 0.0000000000000000000, -125.0000000000000000 ) ) ;
#85 = AXIS2_PLACEMENT_3D ( 'NONE', #1962, #2406, #2257 ) ;
#86 = CARTESIAN_POINT ( 'NONE',  ( -142.5000000000000568, 0.0000000000000000000, -1.492729551078042505E-12 ) ) ;
#87 = ORIENTED_EDGE ( 'NONE', *, *, #3768, .F. ) ;
#88 = DIRECTION ( 'NONE',  ( 6.033820786006285224E-17, -4.465924508724024472E-33, 1.000000000000000000 ) ) ;
#89 = CARTESIAN_POINT ( 'NONE',  ( -150.0000000000000284, 15.00000000000000000, -139.9999999999999432 ) ) ;
#90 = AXIS2_PLACEMENT_3D ( 'NONE', #906, #981, #1577 ) ;
#91 = DIRECTION ( 'NONE',  ( -0.0000000000000000000, 1.000000000000000000, -0.0000000000000000000 ) ) ;
#92 = CARTESIAN_POINT ( 'NONE',  ( 149.9999999999999716, 0.0000000000000000000, 7.500000000000485834 ) ) ;
#93 = PLANE ( 'NONE',  #3160 ) ;
#94 = EDGE_CURVE ( 'NONE', #3242, #2845, #3048, .T. ) ;
#95 = CYLINDRICAL_SURFACE ( 'NONE', #1354, 3.399999999999986144 ) ;
#96 = DIRECTION ( 'NONE',  ( 1.000000000000000000, 0.0000000000000000000, 0.0000000000000000000 ) ) ;
#97 = ORIENTED_EDGE ( 'NONE', *, *, #45, .T. ) ;
#98 = AXIS2_PLACEMENT_3D ( 'NONE', #39, #50, #3045 ) ;
#99 = DIRECTION ( 'NONE',  ( -0.0000000000000000000, 1.000000000000000000, -0.0000000000000000000 ) ) ;
#100 = VERTEX_POINT ( 'NONE', #1445 ) ;
#101 = DIRECTION ( 'NONE',  ( 1.000000000000000000, -0.0000000000000000000, -0.0000000000000000000 ) ) ;
#102 = VECTOR ( 'NONE', #2345, 1000.000000000000000 ) ;
#103 = DIRECTION ( 'NONE',  ( 0.7071067811865483499, 0.0000000000000000000, 0.7071067811865465735 ) ) ;
#105 = FACE_OUTER_BOUND ( 'NONE', #407, .T. ) ;
#104 = CARTESIAN_POINT ( 'NONE',  ( -90.00000000000000000, 300.0000000000000568, 84.90000000000000568 ) ) ;
#106 = STYLED_ITEM ( 'NONE', ( #2519 ), #1843 ) ;
#107 = AXIS2_PLACEMENT_3D ( 'NONE', #1362, #1400, #530 ) ;
#108 = AXIS2_PLACEMENT_3D ( 'NONE', #2094, #313, #1469 ) ;
#109 = CARTESIAN_POINT ( 'NONE',  ( -7.500000000000000000, 0.0000000000000000000, -150.0000000000000284 ) ) ;
#110 = FACE_OUTER_BOUND ( 'NONE', #434, .T. ) ;
#111 = LINE ( 'NONE', #3852, #1594 ) ;
#112 = CIRCLE ( 'NONE', #1733, 3.399999999999986144 ) ;
#113 = CARTESIAN_POINT ( 'NONE',  ( -124.9999999999999716, 0.0000000000000000000, -117.5000000000000142 ) ) ;
#114 = VERTEX_POINT ( 'NONE', #854 ) ;
#115 = ORIENTED_EDGE ( 'NONE', *, *, #3782, .F. ) ;
#116 = VERTEX_POINT ( 'NONE', #3575 ) ;
#117 = DIRECTION ( 'NONE',  ( -1.000000000000000000, 0.0000000000000000000, 0.0000000000000000000 ) ) ;
#118 = FACE_OUTER_BOUND ( 'NONE', #2367, .T. ) ;
#119 = EDGE_CURVE ( 'NONE', #2848, #1476, #3092, .T. ) ;
#120 = CYLINDRICAL_SURFACE ( 'NONE', #504, 2.499999999999988454 ) ;
#121 = AXIS2_PLACEMENT_3D ( 'NONE', #3359, #3074, #2458 ) ;
#122 = DIRECTION ( 'NONE',  ( -0.0000000000000000000, 1.000000000000000000, -0.0000000000000000000 ) ) ;
#123 =( LENGTH_UNIT ( ) NAMED_UNIT ( * ) SI_UNIT ( .MILLI., .METRE. ) );
#124 = ORIENTED_EDGE ( 'NONE', *, *, #2758, .T. ) ;
#125 = VECTOR ( 'NONE', #845, 1000.000000000000000 ) ;
#126 = DIRECTION ( 'NONE',  ( -1.000000000000000000, 0.0000000000000000000, 0.0000000000000000000 ) ) ;
#127 = ORIENTED_EDGE ( 'NONE', *, *, #1755, .F. ) ;
#128 = EDGE_CURVE ( 'NONE', #1247, #2841, #1929, .T. ) ;
#129 = DIRECTION ( 'NONE',  ( -0.0000000000000000000, 1.000000000000000000, -0.0000000000000000000 ) ) ;
#130 = EDGE_LOOP ( 'NONE', ( #1068, #2455, #19, #3161 ) ) ;
#131 = CYLINDRICAL_SURFACE ( 'NONE', #1131, 10.00000000000002309 ) ;
#132 = CARTESIAN_POINT ( 'NONE',  ( -114.9999999999999432, 280.0000000000000000, 125.0000000000000000 ) ) ;
#133 = AXIS2_PLACEMENT_3D ( 'NONE', #3347, #646, #2439 ) ;
#134 = AXIS2_PLACEMENT_3D ( 'NONE', #1069, #3457, #3752 ) ;
#135 = CARTESIAN_POINT ( 'NONE',  ( -1.419341474236166827E-16, 15.00000000000000000, 125.0000000000000284 ) ) ;
#136 = MECHANICAL_DESIGN_GEOMETRIC_PRESENTATION_REPRESENTATION (  '', ( #1534 ), #3640 ) ;
#137 = ORIENTED_EDGE ( 'NONE', *, *, #875, .T. ) ;
#138 = FILL_AREA_STYLE ('',( #1318 ) ) ;
#139 = CARTESIAN_POINT ( 'NONE',  ( 124.9999999999999716, 0.0000000000000000000, 4.938795603462354205E-17 ) ) ;
#140 = UNCERTAINTY_MEASURE_WITH_UNIT (LENGTH_MEASURE( 1.000000000000000082E-05 ), #2019, 'distance_accuracy_value', 'NONE');
#141 = VECTOR ( 'NONE', #792, 1000.000000000000114 ) ;
#142 = EDGE_CURVE ( 'NONE', #1015, #3279, #1462, .T. ) ;
#143 = SURFACE_STYLE_USAGE ( .BOTH. , #1923 ) ;
#144 = AXIS2_PLACEMENT_3D ( 'NONE', #1858, #3667, #2445 ) ;
#145 = VERTEX_POINT ( 'NONE', #2655 ) ;
#146 = DIRECTION ( 'NONE',  ( -0.0000000000000000000, 1.000000000000000000, -0.0000000000000000000 ) ) ;
#147 = EDGE_LOOP ( 'NONE', ( #3393, #516 ) ) ;
#148 = EDGE_LOOP ( 'NONE', ( #593, #2634, #87, #2992 ) ) ;
#149 = CYLINDRICAL_SURFACE ( 'NONE', #2086, 2.499999999999988454 ) ;
#150 = DIRECTION ( 'NONE',  ( 0.0000000000000000000, 0.0000000000000000000, 1.000000000000000000 ) ) ;
#151 = FACE_OUTER_BOUND ( 'NONE', #1215, .T. ) ;
#152 = VECTOR ( 'NONE', #1488, 1000.000000000000000 ) ;
#153 = DIRECTION ( 'NONE',  ( -0.0000000000000000000, 1.000000000000000000, -0.0000000000000000000 ) ) ;
#154 = DIRECTION ( 'NONE',  ( 0.0000000000000000000, -1.000000000000000000, 0.0000000000000000000 ) ) ;
#155 = FACE_BOUND ( 'NONE', #995, .T. ) ;
#156 = VECTOR ( 'NONE', #2745, 1000.000000000000000 ) ;
#157 = VECTOR ( 'NONE', #740, 1000.000000000000000 ) ;
#158 = FACE_OUTER_BOUND ( 'NONE', #1933, .T. ) ;
#159 = CARTESIAN_POINT ( 'NONE',  ( 90.00000000000000000, 300.0000000000000568, 90.00000000000000000 ) ) ;
#160 = VERTEX_POINT ( 'NONE', #2060 ) ;
#161 = VERTEX_POINT ( 'NONE', #2975 ) ;
#162 = LINE ( 'NONE', #703, #960 ) ;
#163 = LINE ( 'NONE', #3168, #2956 ) ;
#164 = EDGE_CURVE ( 'NONE', #2532, #2089, #2020, .T. ) ;
#165 = ORIENTED_EDGE ( 'NONE', *, *, #1732, .T. ) ;
#166 = CARTESIAN_POINT ( 'NONE',  ( -70.00000000000004263, 15.00000000000001421, -69.99999999999998579 ) ) ;
#167 = VERTEX_POINT ( 'NONE', #1484 ) ;
#168 = LINE ( 'NONE', #2464, #1655 ) ;
#169 = DIRECTION ( 'NONE',  ( -2.094760423821049858E-16, -1.000000000000000000, -0.0000000000000000000 ) ) ;
#170 = ADVANCED_FACE ( 'NONE', ( #1781 ), #1365, .F. ) ;
#171 = ORIENTED_EDGE ( 'NONE', *, *, #3672, .T. ) ;
#172 = EDGE_LOOP ( 'NONE', ( #404, #73 ) ) ;
#173 = EDGE_CURVE ( 'NONE', #161, #3309, #1003, .T. ) ;
#174 = LINE ( 'NONE', #8, #1844 ) ;
#175 = DIRECTION ( 'NONE',  ( -0.0000000000000000000, 1.000000000000000000, -0.0000000000000000000 ) ) ;
#176 = DIRECTION ( 'NONE',  ( 0.0000000000000000000, 1.000000000000000000, 0.0000000000000000000 ) ) ;
#177 = VECTOR ( 'NONE', #899, 1000.000000000000000 ) ;
#178 = ADVANCED_FACE ( 'NONE', ( #811 ), #582, .F. ) ;
#179 = VERTEX_POINT ( 'NONE', #1473 ) ;
#180 = CARTESIAN_POINT ( 'NONE',  ( 124.9999999999999716, 15.00000000000000000, 117.5000000000000000 ) ) ;
#181 = CYLINDRICAL_SURFACE ( 'NONE', #3689, 19.99999999999999645 ) ;
#182 = EDGE_CURVE ( 'NONE', #2794, #2964, #2999, .T. ) ;
#183 = DIRECTION ( 'NONE',  ( 0.0000000000000000000, 0.0000000000000000000, 1.000000000000000000 ) ) ;
#184 = DIRECTION ( 'NONE',  ( -9.912705577010331712E-17, 2.076474333571145075E-32, -1.000000000000000000 ) ) ;
#185 = ORIENTED_EDGE ( 'NONE', *, *, #62, .F. ) ;
#186 = CARTESIAN_POINT ( 'NONE',  ( 125.0000000000000568, 300.0000000000000568, -114.9999999999999858 ) ) ;
#187 = DIRECTION ( 'NONE',  ( 0.0000000000000000000, 0.0000000000000000000, 1.000000000000000000 ) ) ;
#188 = CARTESIAN_POINT ( 'NONE',  ( 69.99999999999997158, 280.0000000000000000, -69.99999999999998579 ) ) ;
#189 = CARTESIAN_POINT ( 'NONE',  ( -114.9999999999999432, 300.0000000000000568, -124.9999999999999432 ) ) ;
#190 = ORIENTED_EDGE ( 'NONE', *, *, #346, .T. ) ;
#191 = DIRECTION ( 'NONE',  ( -0.0000000000000000000, 1.000000000000000000, -0.0000000000000000000 ) ) ;
#192 = EDGE_CURVE ( 'NONE', #2526, #3218, #2908, .T. ) ;
#193 = AXIS2_PLACEMENT_3D ( 'NONE', #395, #369, #2202 ) ;
#194 = DIRECTION ( 'NONE',  ( -1.000000000000000000, -0.0000000000000000000, -0.0000000000000000000 ) ) ;
#196 = EDGE_LOOP ( 'NONE', ( #470, #1141, #1106, #920 ) ) ;
#195 =( NAMED_UNIT ( * ) PLANE_ANGLE_UNIT ( ) SI_UNIT ( $, .RADIAN. ) );
#197 = EDGE_CURVE ( 'NONE', #3416, #1961, #619, .T. ) ;
#198 = FILL_AREA_STYLE_COLOUR ( '', #1882 ) ;
#199 = LINE ( 'NONE', #2740, #287 ) ;
#200 = CIRCLE ( 'NONE', #588, 7.500000000000007105 ) ;
#201 = CARTESIAN_POINT ( 'NONE',  ( -1.419341474236166827E-16, 15.00000000000000000, 125.0000000000000284 ) ) ;
#202 = LINE ( 'NONE', #1347, #2760 ) ;
#203 = CARTESIAN_POINT ( 'NONE',  ( -124.9999999999999716, 0.0000000000000000000, 125.0000000000000000 ) ) ;
#204 = AXIS2_PLACEMENT_3D ( 'NONE', #2567, #479, #1113 ) ;
#205 = VECTOR ( 'NONE', #2603, 1000.000000000000000 ) ;
#206 = CARTESIAN_POINT ( 'NONE',  ( 0.0000000000000000000, 15.00000000000000000, -125.0000000000000000 ) ) ;
#207 = ORIENTED_EDGE ( 'NONE', *, *, #3463, .F. ) ;
#208 = ORIENTED_EDGE ( 'NONE', *, *, #62, .T. ) ;
#209 = ORIENTED_EDGE ( 'NONE', *, *, #3343, .F. ) ;
#210 = CIRCLE ( 'NONE', #387, 5.099999999999993427 ) ;
#211 = EDGE_LOOP ( 'NONE', ( #2262, #3725, #657, #455 ) ) ;
#212 = LINE ( 'NONE', #2516, #3710 ) ;
#213 = EDGE_CURVE ( 'NONE', #2124, #2008, #2954, .T. ) ;
#214 = FACE_OUTER_BOUND ( 'NONE', #2034, .T. ) ;
#215 = AXIS2_PLACEMENT_3D ( 'NONE', #3317, #341, #596 ) ;
#216 = CARTESIAN_POINT ( 'NONE',  ( -139.9999999999999716, 15.00000000000000000, -150.0000000000000000 ) ) ;
#217 = VERTEX_POINT ( 'NONE', #1561 ) ;
#218 = CARTESIAN_POINT ( 'NONE',  ( 70.00000000000001421, 280.0000000000000000, -89.99999999999998579 ) ) ;
#219 = LINE ( 'NONE', #540, #3292 ) ;
#220 = EDGE_CURVE ( 'NONE', #2078, #3345, #3379, .T. ) ;
#221 = DIRECTION ( 'NONE',  ( -0.0000000000000000000, 1.000000000000000000, -0.0000000000000000000 ) ) ;
#222 = ORIENTED_EDGE ( 'NONE', *, *, #405, .F. ) ;
#223 = DIRECTION ( 'NONE',  ( -0.7071067811865474617, 0.0000000000000000000, -0.7071067811865474617 ) ) ;
#224 = DIRECTION ( 'NONE',  ( 0.0000000000000000000, 1.000000000000000000, 0.0000000000000000000 ) ) ;
#225 = DIRECTION ( 'NONE',  ( -0.0000000000000000000, 1.000000000000000000, -0.0000000000000000000 ) ) ;
#226 =( GEOMETRIC_REPRESENTATION_CONTEXT ( 3 ) GLOBAL_UNCERTAINTY_ASSIGNED_CONTEXT ( ( #3552 ) ) GLOBAL_UNIT_ASSIGNED_CONTEXT ( ( #4, #1546, #325 ) ) REPRESENTATION_CONTEXT ( 'NONE', 'WORKASPACE' ) );
#227 = DIRECTION ( 'NONE',  ( 7.401486830834376525E-17, 1.000000000000000000, 0.0000000000000000000 ) ) ;
#228 = ORIENTED_EDGE ( 'NONE', *, *, #3395, .F. ) ;
#229 = DIRECTION ( 'NONE',  ( -1.000000000000000000, 2.094760423821049858E-16, 0.0000000000000000000 ) ) ;
#230 = EDGE_CURVE ( 'NONE', #2600, #2495, #2859, .T. ) ;
#231 = AXIS2_PLACEMENT_3D ( 'NONE', #3602, #1214, #1202 ) ;
#232 = FILL_AREA_STYLE ('',( #3528 ) ) ;
#233 =( NAMED_UNIT ( * ) PLANE_ANGLE_UNIT ( ) SI_UNIT ( $, .RADIAN. ) );
#234 = VERTEX_POINT ( 'NONE', #1529 ) ;
#235 = ORIENTED_EDGE ( 'NONE', *, *, #43, .T. ) ;
#236 = SURFACE_STYLE_FILL_AREA ( #3425 ) ;
#237 =( NAMED_UNIT ( * ) SI_UNIT ( $, .STERADIAN. ) SOLID_ANGLE_UNIT ( ) );
#238 = CARTESIAN_POINT ( 'NONE',  ( -124.9999999999999716, 15.00000000000000000, 0.0000000000000000000 ) ) ;
#239 = LINE ( 'NONE', #1305, #2247 ) ;
#240 = CIRCLE ( 'NONE', #2329, 4.499999999999997335 ) ;
#241 = DIRECTION ( 'NONE',  ( -1.000000000000000000, -0.0000000000000000000, -0.0000000000000000000 ) ) ;
#242 = EDGE_CURVE ( 'NONE', #1453, #604, #3608, .T. ) ;
#243 = LINE ( 'NONE', #2624, #1549 ) ;
#244 = CARTESIAN_POINT ( 'NONE',  ( 149.9999999999999716, 15.00000000000000000, -150.0000000000000000 ) ) ;
#245 = FACE_OUTER_BOUND ( 'NONE', #148, .T. ) ;
#246 = EDGE_LOOP ( 'NONE', ( #1506, #1836, #1952, #2494 ) ) ;
#247 = SURFACE_STYLE_USAGE ( .BOTH. , #3825 ) ;
#248 = COLOUR_RGB ( '',1.000000000000000000, 1.000000000000000000, 1.000000000000000000 ) ;
#249 = VECTOR ( 'NONE', #3193, 1000.000000000000000 ) ;
#250 = ORIENTED_EDGE ( 'NONE', *, *, #1762, .T. ) ;
#251 = ORIENTED_EDGE ( 'NONE', *, *, #1163, .F. ) ;
#252 = ORIENTED_EDGE ( 'NONE', *, *, #745, .T. ) ;
#253 = LINE ( 'NONE', #1213, #356 ) ;
#254 = DIRECTION ( 'NONE',  ( 0.0000000000000000000, -0.0000000000000000000, 1.000000000000000000 ) ) ;
#255 = AXIS2_PLACEMENT_3D ( 'NONE', #84, #1563, #3653 ) ;
#256 = CYLINDRICAL_SURFACE ( 'NONE', #305, 4.500000000000003553 ) ;
#257 = ORIENTED_EDGE ( 'NONE', *, *, #2965, .T. ) ;
#258 = ORIENTED_EDGE ( 'NONE', *, *, #468, .T. ) ;
#259 = FACE_OUTER_BOUND ( 'NONE', #2453, .T. ) ;
#260 = FACE_OUTER_BOUND ( 'NONE', #2601, .T. ) ;
#261 = CARTESIAN_POINT ( 'NONE',  ( -1.419341474236166827E-16, 0.0000000000000000000, 125.0000000000000284 ) ) ;
#262 = ORIENTED_EDGE ( 'NONE', *, *, #1020, .T. ) ;
#263 = EDGE_CURVE ( 'NONE', #965, #1575, #1979, .T. ) ;
#264 = AXIS2_PLACEMENT_3D ( 'NONE', #2914, #2313, #849 ) ;
#265 = ADVANCED_FACE ( 'NONE', ( #2661 ), #2154, .F. ) ;
#266 = DIRECTION ( 'NONE',  ( -0.7071067811865510144, 0.0000000000000000000, 0.7071067811865441310 ) ) ;
#267 =( NAMED_UNIT ( * ) SI_UNIT ( $, .STERADIAN. ) SOLID_ANGLE_UNIT ( ) );
#268 = EDGE_CURVE ( 'NONE', #2042, #1613, #1361, .T. ) ;
#269 = ORIENTED_EDGE ( 'NONE', *, *, #1680, .F. ) ;
#270 = EDGE_LOOP ( 'NONE', ( #3878, #3361, #798, #2575 ) ) ;
#271 = DIRECTION ( 'NONE',  ( 0.0000000000000000000, 0.0000000000000000000, 1.000000000000000000 ) ) ;
#272 = ORIENTED_EDGE ( 'NONE', *, *, #816, .T. ) ;
#273 = DIRECTION ( 'NONE',  ( 0.0000000000000000000, 0.0000000000000000000, 1.000000000000000000 ) ) ;
#274 = STYLED_ITEM ( 'NONE', ( #571 ), #42 ) ;
#275 = DIRECTION ( 'NONE',  ( -1.000000000000000000, 0.0000000000000000000, 0.0000000000000000000 ) ) ;
#276 = ORIENTED_EDGE ( 'NONE', *, *, #2856, .F. ) ;
#277 = CARTESIAN_POINT ( 'NONE',  ( -70.00000000000000000, 299.5000000000000568, 95.00000000000000000 ) ) ;
#278 = SURFACE_SIDE_STYLE ('',( #815 ) ) ;
#279 = AXIS2_PLACEMENT_3D ( 'NONE', #640, #3165, #2338 ) ;
#280 = CLOSED_SHELL ( 'NONE', ( #677, #3420, #28, #668, #1231, #710, #679, #3377, #3607, #2121, #1645, #47, #2146, #3173, #2540, #1550, #30, #2735, #2741, #317, #704, #2113, #644, #265, #3158, #2863, #3355, #3353, #3035, #1627, #170, #68, #1374, #1024, #388, #3843, #2901, #2679, #2717, #654, #324, #3025, #743, #178, #1817, #775, #1393, #1070 ) ) ;
#281 = EDGE_CURVE ( 'NONE', #1721, #3679, #2657, .T. ) ;
#282 = EDGE_LOOP ( 'NONE', ( #2562, #3821, #1881, #2829 ) ) ;
#283 = STYLED_ITEM ( 'NONE', ( #2057 ), #2695 ) ;
#284 = DIRECTION ( 'NONE',  ( -0.0000000000000000000, 1.000000000000000000, -0.0000000000000000000 ) ) ;
#285 = DIRECTION ( 'NONE',  ( -0.7071067811865484609, 0.0000000000000000000, -0.7071067811865465735 ) ) ;
#286 = DIRECTION ( 'NONE',  ( 1.000000000000000000, 0.0000000000000000000, 0.0000000000000000000 ) ) ;
#287 = VECTOR ( 'NONE', #941, 1000.000000000000114 ) ;
#288 = CARTESIAN_POINT ( 'NONE',  ( -69.99999999999998579, 280.0000000000000000, 69.99999999999998579 ) ) ;
#289 = EDGE_CURVE ( 'NONE', #116, #2118, #2520, .T. ) ;
#290 = FILL_AREA_STYLE ('',( #1772 ) ) ;
#291 = FILL_AREA_STYLE_COLOUR ( '', #3799 ) ;
#292 = LINE ( 'NONE', #2479, #157 ) ;
#293 = SURFACE_STYLE_USAGE ( .BOTH. , #2694 ) ;
#294 = AXIS2_PLACEMENT_3D ( 'NONE', #956, #3611, #3032 ) ;
#295 = CYLINDRICAL_SURFACE ( 'NONE', #3348, 3.399999999999986144 ) ;
#296 = SHAPE_DEFINITION_REPRESENTATION ( #3402, #606 ) ;
#297 = CARTESIAN_POINT ( 'NONE',  ( 125.0000000000000000, 15.00000000000000000, -26.60000000000001208 ) ) ;
#298 = DIRECTION ( 'NONE',  ( 0.7071067811865561215, 0.0000000000000000000, -0.7071067811865389130 ) ) ;
#299 = EDGE_LOOP ( 'NONE', ( #3104, #2877, #1614, #409 ) ) ;
#300 = ORIENTED_EDGE ( 'NONE', *, *, #751, .F. ) ;
#301 = DIRECTION ( 'NONE',  ( -0.7071067811865474617, 0.0000000000000000000, -0.7071067811865474617 ) ) ;
#302 = ORIENTED_EDGE ( 'NONE', *, *, #2569, .T. ) ;
#303 = CIRCLE ( 'NONE', #3784, 62.50000000000000000 ) ;
#304 = AXIS2_PLACEMENT_3D ( 'NONE', #2934, #868, #3527 ) ;
#305 = AXIS2_PLACEMENT_3D ( 'NONE', #2452, #2482, #2759 ) ;
#306 = ORIENTED_EDGE ( 'NONE', *, *, #1869, .T. ) ;
#307 = ORIENTED_EDGE ( 'NONE', *, *, #3275, .T. ) ;
#308 = VECTOR ( 'NONE', #3783, 1000.000000000000000 ) ;
#309 = LINE ( 'NONE', #3014, #2128 ) ;
#310 = VECTOR ( 'NONE', #3583, 1000.000000000000000 ) ;
#311 = ORIENTED_EDGE ( 'NONE', *, *, #763, .T. ) ;
#312 = ORIENTED_EDGE ( 'NONE', *, *, #119, .F. ) ;
#313 = DIRECTION ( 'NONE',  ( 0.0000000000000000000, 0.0000000000000000000, -1.000000000000000000 ) ) ;
#314 = LINE ( 'NONE', #870, #3580 ) ;
#315 = DIRECTION ( 'NONE',  ( -7.401486830834376525E-17, -1.000000000000000000, -0.0000000000000000000 ) ) ;
#316 = CARTESIAN_POINT ( 'NONE',  ( -90.00000000000000000, 300.0000000000000568, 95.09999999999999432 ) ) ;
#317 = ADVANCED_FACE ( 'NONE', ( #1134 ), #1900, .F. ) ;
#318 = VERTEX_POINT ( 'NONE', #2746 ) ;
#319 = AXIS2_PLACEMENT_3D ( 'NONE', #2611, #1108, #3800 ) ;
#320 = CARTESIAN_POINT ( 'NONE',  ( 139.9999999999999716, 15.00000000000000000, -150.0000000000000000 ) ) ;
#321 = DIRECTION ( 'NONE',  ( 0.0000000000000000000, 0.0000000000000000000, 1.000000000000000000 ) ) ;
#322 = EDGE_CURVE ( 'NONE', #1341, #318, #1874, .T. ) ;
#323 = SURFACE_STYLE_USAGE ( .BOTH. , #2643 ) ;
#324 = ADVANCED_FACE ( 'NONE', ( #2854 ), #383, .F. ) ;
#325 =( NAMED_UNIT ( * ) SI_UNIT ( $, .STERADIAN. ) SOLID_ANGLE_UNIT ( ) );
#326 = ORIENTED_EDGE ( 'NONE', *, *, #2659, .T. ) ;
#327 = UNCERTAINTY_MEASURE_WITH_UNIT (LENGTH_MEASURE( 1.000000000000000082E-05 ), #1384, 'distance_accuracy_value', 'NONE');
#328 = AXIS2_PLACEMENT_3D ( 'NONE', #1883, #122, #2468 ) ;
#329 = CARTESIAN_POINT ( 'NONE',  ( 115.0000000000000568, 300.0000000000000568, 125.0000000000000000 ) ) ;
#330 = PRODUCT_DEFINITION_SHAPE ( 'NONE', 'NONE',  #1841 ) ;
#331 = DIRECTION ( 'NONE',  ( 0.0000000000000000000, 0.0000000000000000000, 1.000000000000000000 ) ) ;
#332 = ORIENTED_EDGE ( 'NONE', *, *, #663, .F. ) ;
#333 = APPLICATION_PROTOCOL_DEFINITION ( 'draft international standard', 'automotive_design', 1998, #2738 ) ;
#334 = ORIENTED_EDGE ( 'NONE', *, *, #3404, .F. ) ;
#335 = AXIS2_PLACEMENT_3D ( 'NONE', #1139, #1711, #3817 ) ;
#336 = CYLINDRICAL_SURFACE ( 'NONE', #1965, 3.399999999999986144 ) ;
#337 = PLANE ( 'NONE',  #2187 ) ;
#338 = VECTOR ( 'NONE', #2972, 1000.000000000000000 ) ;
#339 = DIRECTION ( 'NONE',  ( 0.0000000000000000000, 0.0000000000000000000, 1.000000000000000000 ) ) ;
#340 = EDGE_CURVE ( 'NONE', #3236, #1959, #292, .T. ) ;
#342 = FACE_BOUND ( 'NONE', #1515, .T. ) ;
#341 = DIRECTION ( 'NONE',  ( -0.0000000000000000000, 1.000000000000000000, -0.0000000000000000000 ) ) ;
#343 = ADVANCED_FACE ( 'NONE', ( #345 ), #483, .F. ) ;
#344 = FILL_AREA_STYLE_COLOUR ( '', #1423 ) ;
#345 = FACE_OUTER_BOUND ( 'NONE', #2397, .T. ) ;
#346 = EDGE_CURVE ( 'NONE', #2667, #3861, #3271, .T. ) ;
#347 = CARTESIAN_POINT ( 'NONE',  ( 115.0000000000000568, 280.0000000000000000, 125.0000000000000000 ) ) ;
#348 = VERTEX_POINT ( 'NONE', #1621 ) ;
#349 = FACE_OUTER_BOUND ( 'NONE', #3157, .T. ) ;
#350 = LINE ( 'NONE', #1707, #2346 ) ;
#351 = DIRECTION ( 'NONE',  ( 1.000000000000000000, -1.982541115402065110E-16, -9.912705577010325549E-17 ) ) ;
#352 = ORIENTED_EDGE ( 'NONE', *, *, #1630, .T. ) ;
#353 = VERTEX_POINT ( 'NONE', #3398 ) ;
#354 = ORIENTED_EDGE ( 'NONE', *, *, #984, .F. ) ;
#355 = PLANE ( 'NONE',  #1375 ) ;
#356 = VECTOR ( 'NONE', #583, 1000.000000000000000 ) ;
#357 = FACE_BOUND ( 'NONE', #3525, .T. ) ;
#358 = CARTESIAN_POINT ( 'NONE',  ( -90.00000000000002842, 15.00000000000001776, -69.99999999999998579 ) ) ;
#359 = DIRECTION ( 'NONE',  ( 0.0000000000000000000, -0.0000000000000000000, 1.000000000000000000 ) ) ;
#360 = ORIENTED_EDGE ( 'NONE', *, *, #1467, .F. ) ;
#361 = LINE ( 'NONE', #1758, #3340 ) ;
#362 = LINE ( 'NONE', #2690, #1658 ) ;
#363 = DIRECTION ( 'NONE',  ( -0.7071067811865474617, -0.0000000000000000000, 0.7071067811865474617 ) ) ;
#364 = AXIS2_PLACEMENT_3D ( 'NONE', #709, #1014, #1849 ) ;
#365 = VERTEX_POINT ( 'NONE', #92 ) ;
#366 = PLANE ( 'NONE',  #133 ) ;
#367 = ADVANCED_FACE ( 'NONE', ( #3427, #3745, #1087, #954, #1276 ), #3374, .T. ) ;
#368 = EDGE_CURVE ( 'NONE', #3345, #1955, #567, .T. ) ;
#369 = DIRECTION ( 'NONE',  ( -0.0000000000000000000, 1.000000000000000000, -0.0000000000000000000 ) ) ;
#370 = CARTESIAN_POINT ( 'NONE',  ( 125.0000000000000568, 300.0000000000000568, 115.0000000000000142 ) ) ;
#371 = ORIENTED_EDGE ( 'NONE', *, *, #2987, .T. ) ;
#372 = DIRECTION ( 'NONE',  ( -0.0000000000000000000, 1.000000000000000000, -0.0000000000000000000 ) ) ;
#373 = DIRECTION ( 'NONE',  ( -1.850371707708594316E-16, -0.0000000000000000000, -1.000000000000000000 ) ) ;
#374 = CARTESIAN_POINT ( 'NONE',  ( 115.0000000000000568, 280.0000000000000000, 125.0000000000000000 ) ) ;
#375 = EDGE_CURVE ( 'NONE', #2145, #924, #3138, .T. ) ;
#376 = VERTEX_POINT ( 'NONE', #3099 ) ;
#377 = CARTESIAN_POINT ( 'NONE',  ( -90.00000000000000000, 215.0000000000000284, -45.00000000000000000 ) ) ;
#378 = APPLICATION_CONTEXT ( 'automotive_design' ) ;
#379 = ORIENTED_EDGE ( 'NONE', *, *, #1071, .F. ) ;
#380 = DIRECTION ( 'NONE',  ( -0.0000000000000000000, 1.000000000000000000, -0.0000000000000000000 ) ) ;
#381 = UNCERTAINTY_MEASURE_WITH_UNIT (LENGTH_MEASURE( 1.000000000000000082E-05 ), #1764, 'distance_accuracy_value', 'NONE');
#382 = DIRECTION ( 'NONE',  ( -0.0000000000000000000, 1.000000000000000000, -0.0000000000000000000 ) ) ;
#383 = PLANE ( 'NONE',  #738 ) ;
#384 = CARTESIAN_POINT ( 'NONE',  ( -90.00000000000000000, 280.0000000000000000, -90.00000000000000000 ) ) ;
#385 = AXIS2_PLACEMENT_3D ( 'NONE', #2685, #1210, #339 ) ;
#386 = DIRECTION ( 'NONE',  ( 1.000000000000000000, 0.0000000000000000000, 0.0000000000000000000 ) ) ;
#387 = AXIS2_PLACEMENT_3D ( 'NONE', #159, #3742, #1034 ) ;
#388 = ADVANCED_FACE ( 'NONE', ( #2254 ), #7, .F. ) ;
#389 = ORIENTED_EDGE ( 'NONE', *, *, #1666, .T. ) ;
#390 = CIRCLE ( 'NONE', #2620, 7.500000000000007105 ) ;
#391 = DIRECTION ( 'NONE',  ( -2.094760423821049858E-16, -1.000000000000000000, -0.0000000000000000000 ) ) ;
#392 = CARTESIAN_POINT ( 'NONE',  ( -80.00000000000001421, 215.0000000000000284, 45.00000000000000000 ) ) ;
#393 = LINE ( 'NONE', #2684, #2851 ) ;
#394 = VECTOR ( 'NONE', #2752, 1000.000000000000114 ) ;
#395 = CARTESIAN_POINT ( 'NONE',  ( -124.9999999999999716, 15.00000000000000000, 125.0000000000000000 ) ) ;
#396 = AXIS2_PLACEMENT_3D ( 'NONE', #1289, #3651, #975 ) ;
#397 = DIRECTION ( 'NONE',  ( -0.0000000000000000000, 1.000000000000000000, -0.0000000000000000000 ) ) ;
#398 = CARTESIAN_POINT ( 'NONE',  ( 7.499999999998951949, 0.0000000000000000000, 150.0000000000000853 ) ) ;
#399 = CARTESIAN_POINT ( 'NONE',  ( -124.9999999999999716, 15.00000000000000000, -132.5000000000000000 ) ) ;
#400 = FACE_OUTER_BOUND ( 'NONE', #2058, .T. ) ;
#401 = VECTOR ( 'NONE', #373, 1000.000000000000000 ) ;
#402 = DIRECTION ( 'NONE',  ( 2.094760423821049858E-16, 1.000000000000000000, 0.0000000000000000000 ) ) ;
#403 = VERTEX_POINT ( 'NONE', #2804 ) ;
#404 = ORIENTED_EDGE ( 'NONE', *, *, #2865, .F. ) ;
#405 = EDGE_CURVE ( 'NONE', #1160, #116, #907, .T. ) ;
#407 = EDGE_LOOP ( 'NONE', ( #633, #2368, #208, #222 ) ) ;
#406 = DIRECTION ( 'NONE',  ( 0.0000000000000000000, 0.0000000000000000000, 1.000000000000000000 ) ) ;
#408 = FACE_OUTER_BOUND ( 'NONE', #246, .T. ) ;
#409 = ORIENTED_EDGE ( 'NONE', *, *, #1919, .T. ) ;
#410 = CARTESIAN_POINT ( 'NONE',  ( -149.9999999999999716, 15.00000000000000000, 139.9999999999999716 ) ) ;
#411 = ORIENTED_EDGE ( 'NONE', *, *, #3189, .T. ) ;
#412 = VECTOR ( 'NONE', #601, 999.9999999999998863 ) ;
#413 = DIRECTION ( 'NONE',  ( 0.0000000000000000000, -1.000000000000000000, -0.0000000000000000000 ) ) ;
#414 = ORIENTED_EDGE ( 'NONE', *, *, #230, .F. ) ;
#415 = ORIENTED_EDGE ( 'NONE', *, *, #1025, .F. ) ;
#416 = AXIS2_PLACEMENT_3D ( 'NONE', #1130, #1738, #552 ) ;
#417 = CARTESIAN_POINT ( 'NONE',  ( -69.99999999999998579, 280.0000000000000000, 69.99999999999998579 ) ) ;
#418 = DIRECTION ( 'NONE',  ( 0.0000000000000000000, 0.0000000000000000000, 1.000000000000000000 ) ) ;
#419 = COLOUR_RGB ( '',1.000000000000000000, 1.000000000000000000, 1.000000000000000000 ) ;
#420 = DIRECTION ( 'NONE',  ( 0.0000000000000000000, 0.0000000000000000000, 1.000000000000000000 ) ) ;
#421 = FILL_AREA_STYLE_COLOUR ( '', #2819 ) ;
#422 = ADVANCED_FACE ( 'NONE', ( #245 ), #3077, .F. ) ;
#423 = DIRECTION ( 'NONE',  ( 0.0000000000000000000, 1.000000000000000000, 0.0000000000000000000 ) ) ;
#424 = EDGE_CURVE ( 'NONE', #167, #2671, #3322, .T. ) ;
#425 = AXIS2_PLACEMENT_3D ( 'NONE', #1403, #2553, #3791 ) ;
#426 = EDGE_LOOP ( 'NONE', ( #1784, #1985, #1803, #3151 ) ) ;
#427 = CARTESIAN_POINT ( 'NONE',  ( -80.00000000000000000, 280.0000000000000000, -69.99999999999998579 ) ) ;
#428 = CARTESIAN_POINT ( 'NONE',  ( 79.99999999999991473, 14.99999999999998224, -69.99999999999998579 ) ) ;
#429 = DIRECTION ( 'NONE',  ( -0.0000000000000000000, 1.000000000000000000, -0.0000000000000000000 ) ) ;
#430 = EDGE_CURVE ( 'NONE', #788, #3442, #1643, .T. ) ;
#431 = FILL_AREA_STYLE_COLOUR ( '', #1937 ) ;
#432 = DIRECTION ( 'NONE',  ( -1.000000000000000000, -0.0000000000000000000, -0.0000000000000000000 ) ) ;
#433 = DIRECTION ( 'NONE',  ( -0.0000000000000000000, 1.000000000000000000, -0.0000000000000000000 ) ) ;
#434 = EDGE_LOOP ( 'NONE', ( #1946, #3865, #2775, #3803 ) ) ;
#435 = ORIENTED_EDGE ( 'NONE', *, *, #2481, .T. ) ;
#436 = DIRECTION ( 'NONE',  ( 0.0000000000000000000, 0.0000000000000000000, 1.000000000000000000 ) ) ;
#437 = CARTESIAN_POINT ( 'NONE',  ( 69.99999999999997158, 280.0000000000000000, -69.99999999999998579 ) ) ;
#438 = SURFACE_STYLE_USAGE ( .BOTH. , #3088 ) ;
#439 = CYLINDRICAL_SURFACE ( 'NONE', #2858, 3.399999999999986144 ) ;
#440 = AXIS2_PLACEMENT_3D ( 'NONE', #1156, #1447, #3814 ) ;
#441 = DIRECTION ( 'NONE',  ( -1.000000000000000000, -0.0000000000000000000, -0.0000000000000000000 ) ) ;
#442 = PRESENTATION_STYLE_ASSIGNMENT (( #293 ) ) ;
#443 = CARTESIAN_POINT ( 'NONE',  ( 149.9999999999999716, 15.00000000000000000, -150.0000000000000000 ) ) ;
#444 = EDGE_CURVE ( 'NONE', #3289, #3624, #3557, .T. ) ;
#445 = AXIS2_PLACEMENT_3D ( 'NONE', #2827, #3690, #2785 ) ;
#446 = CARTESIAN_POINT ( 'NONE',  ( 115.0000000000000568, 300.0000000000000568, -124.9999999999999432 ) ) ;
#447 = ORIENTED_EDGE ( 'NONE', *, *, #1555, .T. ) ;
#448 = ORIENTED_EDGE ( 'NONE', *, *, #1439, .T. ) ;
#449 = CIRCLE ( 'NONE', #1135, 3.400000000000000355 ) ;
#450 = EDGE_CURVE ( 'NONE', #217, #3679, #3372, .T. ) ;
#451 = LINE ( 'NONE', #3213, #918 ) ;
#452 = CARTESIAN_POINT ( 'NONE',  ( 69.99999999999997158, 280.0000000000000000, 80.00000000000000000 ) ) ;
#453 = DIRECTION ( 'NONE',  ( -0.0000000000000000000, 1.000000000000000000, -0.0000000000000000000 ) ) ;
#454 = ORIENTED_EDGE ( 'NONE', *, *, #3786, .F. ) ;
#455 = ORIENTED_EDGE ( 'NONE', *, *, #1195, .F. ) ;
#456 = ORIENTED_EDGE ( 'NONE', *, *, #542, .T. ) ;
#457 = LINE ( 'NONE', #3731, #3010 ) ;
#458 = CARTESIAN_POINT ( 'NONE',  ( 0.0000000000000000000, 15.00000000000000000, -120.5000000000000000 ) ) ;
#459 = ORIENTED_EDGE ( 'NONE', *, *, #2386, .F. ) ;
#460 =( NAMED_UNIT ( * ) PLANE_ANGLE_UNIT ( ) SI_UNIT ( $, .RADIAN. ) );
#461 = EDGE_LOOP ( 'NONE', ( #535, #2831, #959, #269 ) ) ;
#462 = SURFACE_STYLE_FILL_AREA ( #2470 ) ;
#463 = ORIENTED_EDGE ( 'NONE', *, *, #1610, .F. ) ;
#464 = FACE_OUTER_BOUND ( 'NONE', #2125, .T. ) ;
#465 = MECHANICAL_DESIGN_GEOMETRIC_PRESENTATION_REPRESENTATION (  '', ( #1009 ), #2513 ) ;
#466 = ORIENTED_EDGE ( 'NONE', *, *, #3084, .T. ) ;
#467 = ORIENTED_EDGE ( 'NONE', *, *, #3308, .F. ) ;
#468 = EDGE_CURVE ( 'NONE', #1866, #2814, #1458, .T. ) ;
#469 = DIRECTION ( 'NONE',  ( -0.0000000000000000000, 1.000000000000000000, -0.0000000000000000000 ) ) ;
#470 = ORIENTED_EDGE ( 'NONE', *, *, #3334, .F. ) ;
#471 = DIRECTION ( 'NONE',  ( 0.0000000000000000000, 0.0000000000000000000, 1.000000000000000000 ) ) ;
#472 = EDGE_CURVE ( 'NONE', #2399, #3286, #59, .T. ) ;
#473 = ORIENTED_EDGE ( 'NONE', *, *, #142, .F. ) ;
#474 = PRESENTATION_STYLE_ASSIGNMENT (( #1035 ) ) ;
#475 =( LENGTH_UNIT ( ) NAMED_UNIT ( * ) SI_UNIT ( .MILLI., .METRE. ) );
#476 = ORIENTED_EDGE ( 'NONE', *, *, #2548, .T. ) ;
#477 = VERTEX_POINT ( 'NONE', #786 ) ;
#478 = LINE ( 'NONE', #2989, #1868 ) ;
#479 = DIRECTION ( 'NONE',  ( -0.0000000000000000000, 1.000000000000000000, -0.0000000000000000000 ) ) ;
#480 = MECHANICAL_DESIGN_GEOMETRIC_PRESENTATION_REPRESENTATION (  '', ( #274 ), #2838 ) ;
#481 = LINE ( 'NONE', #2414, #2108 ) ;
#482 = AXIS2_PLACEMENT_3D ( 'NONE', #3530, #1099, #1731 ) ;
#483 = CYLINDRICAL_SURFACE ( 'NONE', #3049, 10.00000000000002309 ) ;
#484 = CARTESIAN_POINT ( 'NONE',  ( -70.00000000000000000, 300.0000000000000568, 95.00000000000000000 ) ) ;
#485 = CIRCLE ( 'NONE', #650, 5.099999999999993427 ) ;
#486 = EDGE_CURVE ( 'NONE', #1326, #585, #202, .T. ) ;
#487 = MECHANICAL_DESIGN_GEOMETRIC_PRESENTATION_REPRESENTATION (  '', ( #1405 ), #2675 ) ;
#488 = VERTEX_POINT ( 'NONE', #3484 ) ;
#489 = CARTESIAN_POINT ( 'NONE',  ( -62.49999999999996447, 300.0000000000000568, 7.654042494670957804E-15 ) ) ;
#490 = ORIENTED_EDGE ( 'NONE', *, *, #2143, .F. ) ;
#491 = CIRCLE ( 'NONE', #1452, 2.999999999999988898 ) ;
#492 = VERTEX_POINT ( 'NONE', #1686 ) ;
#493 = EDGE_LOOP ( 'NONE', ( #877, #752, #2729, #3477 ) ) ;
#494 = CARTESIAN_POINT ( 'NONE',  ( 125.0000000000000568, 300.0000000000000568, 115.0000000000000142 ) ) ;
#495 = LINE ( 'NONE', #320, #2357 ) ;
#496 = EDGE_LOOP ( 'NONE', ( #3124, #251, #3571, #2678 ) ) ;
#497 = VERTEX_POINT ( 'NONE', #1928 ) ;
#498 = UNCERTAINTY_MEASURE_WITH_UNIT (LENGTH_MEASURE( 1.000000000000000082E-05 ), #724, 'distance_accuracy_value', 'NONE');
#499 = ADVANCED_FACE ( 'NONE', ( #110 ), #2514, .F. ) ;
#500 = DIRECTION ( 'NONE',  ( -0.0000000000000000000, 1.000000000000000000, -0.0000000000000000000 ) ) ;
#501 = VERTEX_POINT ( 'NONE', #3729 ) ;
#502 = CARTESIAN_POINT ( 'NONE',  ( 0.0000000000000000000, 0.0000000000000000000, 75.00000000000001421 ) ) ;
#503 = EDGE_LOOP ( 'NONE', ( #1572, #1744 ) ) ;
#504 = AXIS2_PLACEMENT_3D ( 'NONE', #1626, #441, #1303 ) ;
#505 = DIRECTION ( 'NONE',  ( 0.0000000000000000000, 0.0000000000000000000, -1.000000000000000000 ) ) ;
#506 =( NAMED_UNIT ( * ) SI_UNIT ( $, .STERADIAN. ) SOLID_ANGLE_UNIT ( ) );
#507 = CARTESIAN_POINT ( 'NONE',  ( 90.00000000000000000, 280.0000000000000000, -84.90000000000000568 ) ) ;
#508 = DIRECTION ( 'NONE',  ( -0.0000000000000000000, 1.000000000000000000, -0.0000000000000000000 ) ) ;
#509 = ORIENTED_EDGE ( 'NONE', *, *, #1716, .T. ) ;
#510 = EDGE_CURVE ( 'NONE', #3052, #2667, #3656, .T. ) ;
#511 = CARTESIAN_POINT ( 'NONE',  ( 89.99999999999988631, 14.99999999999998224, -69.99999999999998579 ) ) ;
#512 =( GEOMETRIC_REPRESENTATION_CONTEXT ( 3 ) GLOBAL_UNCERTAINTY_ASSIGNED_CONTEXT ( ( #3724 ) ) GLOBAL_UNIT_ASSIGNED_CONTEXT ( ( #2968, #2641, #267 ) ) REPRESENTATION_CONTEXT ( 'NONE', 'WORKASPACE' ) );
#513 = ORIENTED_EDGE ( 'NONE', *, *, #1662, .T. ) ;
#514 = CARTESIAN_POINT ( 'NONE',  ( 62.50000000000004263, 280.0000000000000000, 0.0000000000000000000 ) ) ;
#516 = ORIENTED_EDGE ( 'NONE', *, *, #1045, .T. ) ;
#515 =( LENGTH_UNIT ( ) NAMED_UNIT ( * ) SI_UNIT ( .MILLI., .METRE. ) );
#517 = SURFACE_STYLE_FILL_AREA ( #138 ) ;
#518 = LINE ( 'NONE', #2476, #3511 ) ;
#519 = SURFACE_STYLE_FILL_AREA ( #2141 ) ;
#520 = DIRECTION ( 'NONE',  ( 1.000000000000000000, -2.094760423821049858E-16, 0.0000000000000000000 ) ) ;
#521 = DIRECTION ( 'NONE',  ( 0.7071067811865441310, 0.0000000000000000000, 0.7071067811865510144 ) ) ;
#522 = AXIS2_PLACEMENT_3D ( 'NONE', #1064, #2275, #3462 ) ;
#523 = VECTOR ( 'NONE', #3304, 1000.000000000000114 ) ;
#524 = PLANE ( 'NONE',  #3677 ) ;
#525 = DIRECTION ( 'NONE',  ( 0.0000000000000000000, 0.0000000000000000000, 1.000000000000000000 ) ) ;
#526 = AXIS2_PLACEMENT_3D ( 'NONE', #2061, #2072, #2430 ) ;
#527 = ORIENTED_EDGE ( 'NONE', *, *, #3819, .F. ) ;
#528 = ORIENTED_EDGE ( 'NONE', *, *, #1217, .T. ) ;
#529 = LINE ( 'NONE', #2303, #3568 ) ;
#530 = DIRECTION ( 'NONE',  ( -1.000000000000000000, 0.0000000000000000000, -0.0000000000000000000 ) ) ;
#531 = DIRECTION ( 'NONE',  ( 0.0000000000000000000, 0.0000000000000000000, 1.000000000000000000 ) ) ;
#532 = VERTEX_POINT ( 'NONE', #795 ) ;
#533 = EDGE_LOOP ( 'NONE', ( #3144, #623 ) ) ;
#534 = DIRECTION ( 'NONE',  ( -0.0000000000000000000, -0.0000000000000000000, 1.000000000000000000 ) ) ;
#535 = ORIENTED_EDGE ( 'NONE', *, *, #673, .F. ) ;
#536 = FACE_OUTER_BOUND ( 'NONE', #1051, .T. ) ;
#537 = SURFACE_STYLE_FILL_AREA ( #2396 ) ;
#538 = ORIENTED_EDGE ( 'NONE', *, *, #2652, .F. ) ;
#539 = ORIENTED_EDGE ( 'NONE', *, *, #173, .F. ) ;
#540 = CARTESIAN_POINT ( 'NONE',  ( 70.00000000000000000, 300.0000000000000568, -91.50000000000000000 ) ) ;
#541 = FACE_OUTER_BOUND ( 'NONE', #270, .T. ) ;
#542 = EDGE_CURVE ( 'NONE', #2688, #825, #1977, .T. ) ;
#543 = ORIENTED_EDGE ( 'NONE', *, *, #3182, .F. ) ;
#544 = UNCERTAINTY_MEASURE_WITH_UNIT (LENGTH_MEASURE( 1.000000000000000082E-05 ), #684, 'distance_accuracy_value', 'NONE');
#545 = PRESENTATION_STYLE_ASSIGNMENT (( #2050 ) ) ;
#546 = DIRECTION ( 'NONE',  ( 0.0000000000000000000, 0.0000000000000000000, -1.000000000000000000 ) ) ;
#547 = DIRECTION ( 'NONE',  ( 0.0000000000000000000, 1.000000000000000000, 0.0000000000000000000 ) ) ;
#548 = CARTESIAN_POINT ( 'NONE',  ( -7.500000000001047162, 15.00000000000000000, 149.9999999999999716 ) ) ;
#549 = EDGE_CURVE ( 'NONE', #497, #1638, #2478, .T. ) ;
#550 = ORIENTED_EDGE ( 'NONE', *, *, #2948, .T. ) ;
#551 = VERTEX_POINT ( 'NONE', #1972 ) ;
#552 = DIRECTION ( 'NONE',  ( 0.0000000000000000000, 0.0000000000000000000, 1.000000000000000000 ) ) ;
#553 = DIRECTION ( 'NONE',  ( -0.0000000000000000000, 1.000000000000000000, -0.0000000000000000000 ) ) ;
#554 = EDGE_CURVE ( 'NONE', #2089, #2667, #3043, .T. ) ;
#555 = AXIS2_PLACEMENT_3D ( 'NONE', #2622, #520, #224 ) ;
#556 = CARTESIAN_POINT ( 'NONE',  ( 149.9999999999999716, 0.0000000000000000000, -150.0000000000000000 ) ) ;
#557 = EDGE_CURVE ( 'NONE', #781, #977, #1041, .T. ) ;
#558 = ORIENTED_EDGE ( 'NONE', *, *, #1266, .F. ) ;
#559 = DIRECTION ( 'NONE',  ( 0.0000000000000000000, 0.0000000000000000000, 1.000000000000000000 ) ) ;
#560 = EDGE_LOOP ( 'NONE', ( #1971, #3257, #1695, #2177 ) ) ;
#561 =( NAMED_UNIT ( * ) PLANE_ANGLE_UNIT ( ) SI_UNIT ( $, .RADIAN. ) );
#562 = VECTOR ( 'NONE', #3753, 1000.000000000000000 ) ;
#563 = AXIS2_PLACEMENT_3D ( 'NONE', #1111, #3489, #1085 ) ;
#564 = DIRECTION ( 'NONE',  ( -0.0000000000000000000, 1.000000000000000000, -0.0000000000000000000 ) ) ;
#565 = DIRECTION ( 'NONE',  ( -1.000000000000000000, 1.734723475976803150E-16, 0.0000000000000000000 ) ) ;
#567 = CIRCLE ( 'NONE', #328, 5.099999999999993427 ) ;
#566 = FILL_AREA_STYLE ('',( #1719 ) ) ;
#568 = DIRECTION ( 'NONE',  ( -0.0000000000000000000, 1.000000000000000000, -0.0000000000000000000 ) ) ;
#569 = COLOUR_RGB ( '',0.6470588235294117974, 0.6196078431372549211, 0.5882352941176470784 ) ;
#570 = DIRECTION ( 'NONE',  ( 0.0000000000000000000, 0.0000000000000000000, 1.000000000000000000 ) ) ;
#571 = PRESENTATION_STYLE_ASSIGNMENT (( #2593 ) ) ;
#572 = VECTOR ( 'NONE', #605, 1000.000000000000000 ) ;
#573 = ORIENTED_EDGE ( 'NONE', *, *, #683, .F. ) ;
#574 = ORIENTED_EDGE ( 'NONE', *, *, #2509, .T. ) ;
#575 = ORIENTED_EDGE ( 'NONE', *, *, #717, .F. ) ;
#576 = DIRECTION ( 'NONE',  ( -1.000000000000000000, -0.0000000000000000000, -0.0000000000000000000 ) ) ;
#577 = LINE ( 'NONE', #1932, #3387 ) ;
#578 = COLOUR_RGB ( '',0.6470588235294117974, 0.6196078431372549211, 0.5882352941176470784 ) ;
#579 = ORIENTED_EDGE ( 'NONE', *, *, #2737, .F. ) ;
#580 = ORIENTED_EDGE ( 'NONE', *, *, #2271, .T. ) ;
#581 = FACE_BOUND ( 'NONE', #1935, .T. ) ;
#582 = PLANE ( 'NONE',  #3169 ) ;
#583 = DIRECTION ( 'NONE',  ( -1.000000000000000000, 0.0000000000000000000, 6.033820786006285224E-17 ) ) ;
#584 = DIRECTION ( 'NONE',  ( 0.0000000000000000000, 0.0000000000000000000, 1.000000000000000000 ) ) ;
#585 = VERTEX_POINT ( 'NONE', #2253 ) ;
#586 = EDGE_LOOP ( 'NONE', ( #190, #629, #3284, #2140, #2030, #1981, #1437, #1668 ) ) ;
#587 = EDGE_CURVE ( 'NONE', #3309, #3152, #2065, .T. ) ;
#588 = AXIS2_PLACEMENT_3D ( 'NONE', #603, #3006, #3627 ) ;
#589 = LINE ( 'NONE', #714, #2780 ) ;
#590 = DIRECTION ( 'NONE',  ( -0.0000000000000000000, 1.000000000000000000, -0.0000000000000000000 ) ) ;
#591 = DIRECTION ( 'NONE',  ( 0.0000000000000000000, 0.0000000000000000000, 1.000000000000000000 ) ) ;
#592 = DIRECTION ( 'NONE',  ( 0.0000000000000000000, 0.0000000000000000000, 1.000000000000000000 ) ) ;
#593 = ORIENTED_EDGE ( 'NONE', *, *, #1272, .T. ) ;
#594 = CARTESIAN_POINT ( 'NONE',  ( -90.00000000000000000, 255.0000000000000000, 45.00000000000000000 ) ) ;
#595 = CARTESIAN_POINT ( 'NONE',  ( 0.0000000000000000000, 15.00000000000000000, -120.5000000000000000 ) ) ;
#596 = DIRECTION ( 'NONE',  ( 0.0000000000000000000, 0.0000000000000000000, 1.000000000000000000 ) ) ;
#597 = ORIENTED_EDGE ( 'NONE', *, *, #2799, .F. ) ;
#598 = CARTESIAN_POINT ( 'NONE',  ( -70.00000000000000000, 300.0000000000000568, 98.50000000000000000 ) ) ;
#599 = MECHANICAL_DESIGN_GEOMETRIC_PRESENTATION_REPRESENTATION (  '', ( #2714 ), #3728 ) ;
#600 = PRESENTATION_LAYER_ASSIGNMENT (  '', '', ( #1009 ) ) ;
#601 = DIRECTION ( 'NONE',  ( 0.7071067811865441310, -0.0000000000000000000, 0.7071067811865510144 ) ) ;
#602 =( LENGTH_UNIT ( ) NAMED_UNIT ( * ) SI_UNIT ( .MILLI., .METRE. ) );
#603 = CARTESIAN_POINT ( 'NONE',  ( -124.9999999999999716, 0.0000000000000000000, 125.0000000000000000 ) ) ;
#604 = VERTEX_POINT ( 'NONE', #1379 ) ;
#605 = DIRECTION ( 'NONE',  ( -0.0000000000000000000, 1.000000000000000000, -0.0000000000000000000 ) ) ;
#606 = SHAPE_REPRESENTATION ( '4GAA002120103008X_Predeterminado<As Machined>', ( #2381 ), #512 ) ;
#607 = ORIENTED_EDGE ( 'NONE', *, *, #926, .F. ) ;
#608 = AXIS2_PLACEMENT_3D ( 'NONE', #3824, #2320, #531 ) ;
#609 = CARTESIAN_POINT ( 'NONE',  ( -90.00000000000000000, 255.0000000000000000, 45.00000000000000000 ) ) ;
#610 = CARTESIAN_POINT ( 'NONE',  ( 294.9999999999999432, 15.00000000000000000, 5.000000000000060396 ) ) ;
#611 = MANIFOLD_SOLID_BREP ( 'M6 Tapped Hole1', #993 ) ;
#612 = ADVANCED_FACE ( 'NONE', ( #1821 ), #524, .F. ) ;
#613 = VECTOR ( 'NONE', #2798, 1000.000000000000000 ) ;
#614 = CARTESIAN_POINT ( 'NONE',  ( -149.9999999999999716, 0.0000000000000000000, 150.0000000000000000 ) ) ;
#615 = EDGE_CURVE ( 'NONE', #1334, #1675, #1084, .T. ) ;
#616 =( NAMED_UNIT ( * ) PLANE_ANGLE_UNIT ( ) SI_UNIT ( $, .RADIAN. ) );
#617 = VECTOR ( 'NONE', #2689, 1000.000000000000000 ) ;
#618 = DIRECTION ( 'NONE',  ( -1.000000000000000000, 0.0000000000000000000, 6.033820786006285224E-17 ) ) ;
#619 = CIRCLE ( 'NONE', #1573, 3.500000000000003109 ) ;
#620 = CARTESIAN_POINT ( 'NONE',  ( -90.00000000000000000, 255.0000000000000000, 42.49999999999999289 ) ) ;
#621 = ORIENTED_EDGE ( 'NONE', *, *, #797, .F. ) ;
#622 = DIRECTION ( 'NONE',  ( 0.0000000000000000000, 1.000000000000000000, 0.0000000000000000000 ) ) ;
#623 = ORIENTED_EDGE ( 'NONE', *, *, #268, .F. ) ;
#624 = CIRCLE ( 'NONE', #1309, 3.399999999999986144 ) ;
#625 = STYLED_ITEM ( 'NONE', ( #2255 ), #1802 ) ;
#626 = DIRECTION ( 'NONE',  ( 0.0000000000000000000, -1.000000000000000000, 0.0000000000000000000 ) ) ;
#627 = AXIS2_PLACEMENT_3D ( 'NONE', #1892, #402, #3655 ) ;
#628 = EDGE_LOOP ( 'NONE', ( #3435, #2977, #872, #448 ) ) ;
#629 = ORIENTED_EDGE ( 'NONE', *, *, #3334, .T. ) ;
#630 = ORIENTED_EDGE ( 'NONE', *, *, #5, .F. ) ;
#631 = LINE ( 'NONE', #2498, #3203 ) ;
#632 = ORIENTED_EDGE ( 'NONE', *, *, #3494, .F. ) ;
#633 = ORIENTED_EDGE ( 'NONE', *, *, #2594, .F. ) ;
#634 = ADVANCED_FACE ( 'NONE', ( #2111 ), #2046, .F. ) ;
#635 = FACE_OUTER_BOUND ( 'NONE', #3801, .T. ) ;
#636 = CARTESIAN_POINT ( 'NONE',  ( 115.0000000000000568, 280.0000000000000000, -124.9999999999999432 ) ) ;
#637 = AXIS2_PLACEMENT_3D ( 'NONE', #3119, #429, #1623 ) ;
#638 = VERTEX_POINT ( 'NONE', #3204 ) ;
#639 = ORIENTED_EDGE ( 'NONE', *, *, #882, .F. ) ;
#640 = CARTESIAN_POINT ( 'NONE',  ( 79.99999999999997158, 279.9999999999999432, -69.99999999999998579 ) ) ;
#641 = CARTESIAN_POINT ( 'NONE',  ( 69.99999999999997158, 280.0000000000000000, 80.00000000000000000 ) ) ;
#642 = SURFACE_STYLE_USAGE ( .BOTH. , #10 ) ;
#643 = EDGE_LOOP ( 'NONE', ( #1332, #3053, #2510, #2031 ) ) ;
#644 = ADVANCED_FACE ( 'NONE', ( #3699, #342, #2802, #760, #1358, #2707, #2208, #1406, #3553, #2608, #155, #3221, #2902, #1924 ), #1442, .F. ) ;
#645 = EDGE_CURVE ( 'NONE', #3660, #1559, #1316, .T. ) ;
#646 = DIRECTION ( 'NONE',  ( -0.7071067811865414665, 0.0000000000000000000, -0.7071067811865536790 ) ) ;
#647 =( LENGTH_UNIT ( ) NAMED_UNIT ( * ) SI_UNIT ( .MILLI., .METRE. ) );
#648 = SHAPE_REPRESENTATION ( '4GAA002120103003X', ( #1366, #1998 ), #1253 ) ;
#649 = CARTESIAN_POINT ( 'NONE',  ( 125.0000000000000568, 300.0000000000000568, -114.9999999999999858 ) ) ;
#650 = AXIS2_PLACEMENT_3D ( 'NONE', #3589, #3031, #1814 ) ;
#651 = CARTESIAN_POINT ( 'NONE',  ( 0.0000000000000000000, 15.00000000000000000, 0.0000000000000000000 ) ) ;
#652 = VERTEX_POINT ( 'NONE', #514 ) ;
#653 =( GEOMETRIC_REPRESENTATION_CONTEXT ( 3 ) GLOBAL_UNCERTAINTY_ASSIGNED_CONTEXT ( ( #3310 ) ) GLOBAL_UNIT_ASSIGNED_CONTEXT ( ( #2033, #2635, #2315 ) ) REPRESENTATION_CONTEXT ( 'NONE', 'WORKASPACE' ) );
#654 = ADVANCED_FACE ( 'NONE', ( #1274 ), #3465, .F. ) ;
#655 = PLANE ( 'NONE',  #963 ) ;
#656 = CARTESIAN_POINT ( 'NONE',  ( -80.00000000000001421, 215.0000000000000284, -45.00000000000000000 ) ) ;
#657 = ORIENTED_EDGE ( 'NONE', *, *, #950, .F. ) ;
#658 = PRODUCT_CONTEXT ( 'NONE', #3039, 'mechanical' ) ;
#659 = STYLED_ITEM ( 'NONE', ( #3538 ), #2173 ) ;
#660 = CARTESIAN_POINT ( 'NONE',  ( -124.9999999999999716, 0.0000000000000000000, 26.59999999999999787 ) ) ;
#661 = VECTOR ( 'NONE', #2239, 1000.000000000000000 ) ;
#662 = DIRECTION ( 'NONE',  ( 0.0000000000000000000, 0.0000000000000000000, 1.000000000000000000 ) ) ;
#663 = EDGE_CURVE ( 'NONE', #1109, #706, #393, .T. ) ;
#664 = AXIS2_PLACEMENT_3D ( 'NONE', #860, #1170, #3232 ) ;
#666 = PRESENTATION_STYLE_ASSIGNMENT (( #323 ) ) ;
#665 = DIRECTION ( 'NONE',  ( 0.7071067811865475727, 0.0000000000000000000, 0.7071067811865475727 ) ) ;
#667 = FILL_AREA_STYLE_COLOUR ( '', #3862 ) ;
#668 = ADVANCED_FACE ( 'NONE', ( #1225 ), #3743, .F. ) ;
#669 = LINE ( 'NONE', #2728, #2339 ) ;
#670 = CIRCLE ( 'NONE', #3297, 5.099999999999993427 ) ;
#671 = CARTESIAN_POINT ( 'NONE',  ( -124.9999999999999716, 0.0000000000000000000, 4.499999999999997335 ) ) ;
#672 = SURFACE_STYLE_FILL_AREA ( #1398 ) ;
#673 = EDGE_CURVE ( 'NONE', #1748, #821, #2251, .T. ) ;
#674 = SURFACE_SIDE_STYLE ('',( #2428 ) ) ;
#675 = SURFACE_STYLE_FILL_AREA ( #1536 ) ;
#676 = CARTESIAN_POINT ( 'NONE',  ( -149.9999999999999432, 15.00000000000000000, -7.500000000001570299 ) ) ;
#677 = ADVANCED_FACE ( 'NONE', ( #1455 ), #711, .F. ) ;
#678 = CIRCLE ( 'NONE', #304, 2.999999999999988898 ) ;
#679 = ADVANCED_FACE ( 'NONE', ( #1683 ), #2897, .F. ) ;
#680 = ORIENTED_EDGE ( 'NONE', *, *, #826, .F. ) ;
#681 = ORIENTED_EDGE ( 'NONE', *, *, #2238, .F. ) ;
#682 = ORIENTED_EDGE ( 'NONE', *, *, #173, .T. ) ;
#683 = EDGE_CURVE ( 'NONE', #3880, #2848, #51, .T. ) ;
#684 =( LENGTH_UNIT ( ) NAMED_UNIT ( * ) SI_UNIT ( .MILLI., .METRE. ) );
#685 = PRESENTATION_STYLE_ASSIGNMENT (( #2500 ) ) ;
#686 = DIRECTION ( 'NONE',  ( -2.094760423821049858E-16, -1.000000000000000000, -0.0000000000000000000 ) ) ;
#687 = CARTESIAN_POINT ( 'NONE',  ( 150.0000000000000284, 15.00000000000000000, 150.0000000000000000 ) ) ;
#688 = ORIENTED_EDGE ( 'NONE', *, *, #2647, .F. ) ;
#689 = ORIENTED_EDGE ( 'NONE', *, *, #2238, .T. ) ;
#690 = ORIENTED_EDGE ( 'NONE', *, *, #268, .T. ) ;
#691 = CARTESIAN_POINT ( 'NONE',  ( 0.0000000000000000000, 15.00000000000000000, 75.00000000000001421 ) ) ;
#692 = EDGE_LOOP ( 'NONE', ( #830, #3661, #1184, #958 ) ) ;
#693 = VERTEX_POINT ( 'NONE', #1753 ) ;
#694 = AXIS2_PLACEMENT_3D ( 'NONE', #189, #3774, #777 ) ;
#695 = ORIENTED_EDGE ( 'NONE', *, *, #1639, .F. ) ;
#696 = DIRECTION ( 'NONE',  ( 0.0000000000000000000, 0.0000000000000000000, 1.000000000000000000 ) ) ;
#697 = EDGE_CURVE ( 'NONE', #1304, #1667, #3785, .T. ) ;
#698 = SURFACE_SIDE_STYLE ('',( #3108 ) ) ;
#699 = VERTEX_POINT ( 'NONE', #2352 ) ;
#700 = CARTESIAN_POINT ( 'NONE',  ( -90.00000000000000000, 215.0000000000000284, 45.00000000000000000 ) ) ;
#701 = CARTESIAN_POINT ( 'NONE',  ( -150.0000000000000284, 15.00000000000000000, -139.9999999999999432 ) ) ;
#702 = DIRECTION ( 'NONE',  ( 0.0000000000000000000, 0.0000000000000000000, 1.000000000000000000 ) ) ;
#703 = CARTESIAN_POINT ( 'NONE',  ( -124.9999999999999716, 15.00000000000000000, -4.499999999999997335 ) ) ;
#704 = ADVANCED_FACE ( 'NONE', ( #1591 ), #2404, .F. ) ;
#705 = MECHANICAL_DESIGN_GEOMETRIC_PRESENTATION_REPRESENTATION (  '', ( #758 ), #2612 ) ;
#706 = VERTEX_POINT ( 'NONE', #1500 ) ;
#707 = ORIENTED_EDGE ( 'NONE', *, *, #3595, .F. ) ;
#708 = PRESENTATION_STYLE_ASSIGNMENT (( #3413 ) ) ;
#709 = CARTESIAN_POINT ( 'NONE',  ( -90.00000000000000000, 300.0000000000000568, -90.00000000000000000 ) ) ;
#710 = ADVANCED_FACE ( 'NONE', ( #105 ), #2702, .F. ) ;
#711 = CYLINDRICAL_SURFACE ( 'NONE', #1797, 3.400000000000000355 ) ;
#712 = FACE_OUTER_BOUND ( 'NONE', #3587, .T. ) ;
#713 = CARTESIAN_POINT ( 'NONE',  ( -150.0000000000000284, 15.00000000000000000, -150.0000000000000000 ) ) ;
#714 = CARTESIAN_POINT ( 'NONE',  ( 124.9999999999999716, 15.00000000000000000, -4.499999999999990230 ) ) ;
#715 = VECTOR ( 'NONE', #2614, 999.9999999999998863 ) ;
#716 = CIRCLE ( 'NONE', #892, 7.500000000000007105 ) ;
#717 = EDGE_CURVE ( 'NONE', #2579, #2894, #2557, .T. ) ;
#718 = STYLED_ITEM ( 'NONE', ( #2341 ), #3420 ) ;
#719 = CARTESIAN_POINT ( 'NONE',  ( -69.99999999999994316, 280.0000000000000000, 80.00000000000001421 ) ) ;
#720 = CYLINDRICAL_SURFACE ( 'NONE', #2100, 7.500000000000007105 ) ;
#721 = SHAPE_REPRESENTATION_RELATIONSHIP ( 'NONE' , 'NONE' ,  #606, #2285 ) ;
#722 = ORIENTED_EDGE ( 'NONE', *, *, #2062, .T. ) ;
#723 = EDGE_CURVE ( 'NONE', #2817, #991, #2426, .T. ) ;
#725 = ORIENTED_EDGE ( 'NONE', *, *, #3447, .F. ) ;
#724 =( LENGTH_UNIT ( ) NAMED_UNIT ( * ) SI_UNIT ( .MILLI., .METRE. ) );
#726 = PRODUCT_DEFINITION_FORMATION_WITH_SPECIFIED_SOURCE ( 'ANY', '', #3107, .NOT_KNOWN. ) ;
#727 = LINE ( 'NONE', #1598, #1140 ) ;
#728 = CYLINDRICAL_SURFACE ( 'NONE', #319, 10.00000000000002309 ) ;
#729 = ORIENTED_EDGE ( 'NONE', *, *, #289, .F. ) ;
#730 = ORIENTED_EDGE ( 'NONE', *, *, #843, .F. ) ;
#731 = DIRECTION ( 'NONE',  ( 0.0000000000000000000, 0.0000000000000000000, -1.000000000000000000 ) ) ;
#732 = EDGE_LOOP ( 'NONE', ( #3647, #3440 ) ) ;
#733 = CIRCLE ( 'NONE', #445, 7.500000000000007105 ) ;
#734 = VECTOR ( 'NONE', #2188, 1000.000000000000000 ) ;
#735 = DIRECTION ( 'NONE',  ( 1.850371707708594316E-16, 0.0000000000000000000, 1.000000000000000000 ) ) ;
#736 = VERTEX_POINT ( 'NONE', #676 ) ;
#737 = EDGE_LOOP ( 'NONE', ( #1681, #27, #827, #15 ) ) ;
#738 = AXIS2_PLACEMENT_3D ( 'NONE', #3067, #2784, #103 ) ;
#739 = CYLINDRICAL_SURFACE ( 'NONE', #526, 5.099999999999993427 ) ;
#740 = DIRECTION ( 'NONE',  ( -0.0000000000000000000, 1.000000000000000000, -0.0000000000000000000 ) ) ;
#741 = FACE_OUTER_BOUND ( 'NONE', #2422, .T. ) ;
#742 = MECHANICAL_DESIGN_GEOMETRIC_PRESENTATION_REPRESENTATION (  '', ( #2109 ), #1329 ) ;
#743 = ADVANCED_FACE ( 'NONE', ( #151 ), #337, .F. ) ;
#744 = ADVANCED_FACE ( 'NONE', ( #2604 ), #1865, .F. ) ;
#745 = EDGE_CURVE ( 'NONE', #3060, #161, #1776, .T. ) ;
#746 = CARTESIAN_POINT ( 'NONE',  ( -90.00000000000000000, 280.0000000000000000, -95.09999999999999432 ) ) ;
#747 = VERTEX_POINT ( 'NONE', #1812 ) ;
#748 = CARTESIAN_POINT ( 'NONE',  ( -69.99999999999998579, 15.00000000000001421, 80.00000000000001421 ) ) ;
#749 = DIRECTION ( 'NONE',  ( -2.094760423821049858E-16, -1.000000000000000000, -0.0000000000000000000 ) ) ;
#750 = DIRECTION ( 'NONE',  ( 0.0000000000000000000, 0.0000000000000000000, 1.000000000000000000 ) ) ;
#751 = EDGE_CURVE ( 'NONE', #773, #492, #806, .T. ) ;
#752 = ORIENTED_EDGE ( 'NONE', *, *, #3819, .T. ) ;
#753 = AXIS2_PLACEMENT_3D ( 'NONE', #135, #1871, #2506 ) ;
#754 = CARTESIAN_POINT ( 'NONE',  ( -70.00000000000000000, 300.0000000000000568, 95.00000000000000000 ) ) ;
#755 = CARTESIAN_POINT ( 'NONE',  ( -124.9999999999999432, 300.0000000000000568, 115.0000000000000426 ) ) ;
#756 =( GEOMETRIC_REPRESENTATION_CONTEXT ( 3 ) GLOBAL_UNCERTAINTY_ASSIGNED_CONTEXT ( ( #544 ) ) GLOBAL_UNIT_ASSIGNED_CONTEXT ( ( #684, #3251, #2939 ) ) REPRESENTATION_CONTEXT ( 'NONE', 'WORKASPACE' ) );
#757 = PRESENTATION_STYLE_ASSIGNMENT (( #2454 ) ) ;
#758 = STYLED_ITEM ( 'NONE', ( #3622 ), #1279 ) ;
#759 = SURFACE_SIDE_STYLE ('',( #2122 ) ) ;
#760 = FACE_BOUND ( 'NONE', #1264, .T. ) ;
#761 = PLANE ( 'NONE',  #2009 ) ;
#762 = VECTOR ( 'NONE', #1436, 1000.000000000000000 ) ;
#763 = EDGE_CURVE ( 'NONE', #1414, #2671, #2797, .T. ) ;
#764 = VECTOR ( 'NONE', #1650, 1000.000000000000000 ) ;
#765 = CARTESIAN_POINT ( 'NONE',  ( 139.9999999999998863, 0.0000000000000000000, -150.0000000000000284 ) ) ;
#766 = ORIENTED_EDGE ( 'NONE', *, *, #955, .T. ) ;
#767 = FACE_OUTER_BOUND ( 'NONE', #426, .T. ) ;
#768 = EDGE_CURVE ( 'NONE', #3766, #2881, #1636, .T. ) ;
#769 = FACE_OUTER_BOUND ( 'NONE', #3072, .T. ) ;
#770 = DIRECTION ( 'NONE',  ( -0.0000000000000000000, 1.000000000000000000, -0.0000000000000000000 ) ) ;
#771 = ORIENTED_EDGE ( 'NONE', *, *, #1433, .T. ) ;
#772 = ORIENTED_EDGE ( 'NONE', *, *, #1235, .F. ) ;
#773 = VERTEX_POINT ( 'NONE', #57 ) ;
#774 =( NAMED_UNIT ( * ) PLANE_ANGLE_UNIT ( ) SI_UNIT ( $, .RADIAN. ) );
#775 = ADVANCED_FACE ( 'NONE', ( #3267 ), #366, .F. ) ;
#776 = VERTEX_POINT ( 'NONE', #660 ) ;
#777 = DIRECTION ( 'NONE',  ( 0.7071067811865480168, 0.0000000000000000000, -0.7071067811865470176 ) ) ;
#778 = ORIENTED_EDGE ( 'NONE', *, *, #1351, .F. ) ;
#779 = VECTOR ( 'NONE', #1540, 1000.000000000000000 ) ;
#780 = FACE_BOUND ( 'NONE', #1982, .T. ) ;
#781 = VERTEX_POINT ( 'NONE', #2139 ) ;
#782 = ORIENTED_EDGE ( 'NONE', *, *, #2317, .F. ) ;
#783 = CARTESIAN_POINT ( 'NONE',  ( 150.0000000000000284, 15.00000000000000000, 139.9999999999999432 ) ) ;
#784 = AXIS2_PLACEMENT_3D ( 'NONE', #417, #3044, #117 ) ;
#785 = MECHANICAL_DESIGN_GEOMETRIC_PRESENTATION_REPRESENTATION (  '', ( #2028 ), #33 ) ;
#786 = CARTESIAN_POINT ( 'NONE',  ( 89.99999999999997158, 279.9999999999999432, 69.99999999999995737 ) ) ;
#787 = DIRECTION ( 'NONE',  ( 0.0000000000000000000, 0.0000000000000000000, 1.000000000000000000 ) ) ;
#788 = VERTEX_POINT ( 'NONE', #3658 ) ;
#789 = DIRECTION ( 'NONE',  ( 8.659560562354932858E-17, 0.7071067811865474617, -0.7071067811865474617 ) ) ;
#790 = ORIENTED_EDGE ( 'NONE', *, *, #2922, .T. ) ;
#791 =( NAMED_UNIT ( * ) PLANE_ANGLE_UNIT ( ) SI_UNIT ( $, .RADIAN. ) );
#792 = DIRECTION ( 'NONE',  ( -0.7071067811865540120, 0.0000000000000000000, 0.7071067811865410224 ) ) ;
#793 = EDGE_CURVE ( 'NONE', #3442, #3194, #997, .T. ) ;
#794 = AXIS2_PLACEMENT_3D ( 'NONE', #754, #1067, #436 ) ;
#795 = CARTESIAN_POINT ( 'NONE',  ( -30.00000000000000000, 15.00000000000000000, -121.5999999999999943 ) ) ;
#796 = DIRECTION ( 'NONE',  ( -0.7071067811865475727, 0.0000000000000000000, -0.7071067811865475727 ) ) ;
#797 = EDGE_CURVE ( 'NONE', #1369, #403, #1401, .T. ) ;
#798 = ORIENTED_EDGE ( 'NONE', *, *, #2119, .T. ) ;
#799 = PLANE ( 'NONE',  #107 ) ;
#800 = CARTESIAN_POINT ( 'NONE',  ( -124.9999999999999716, 15.00000000000000000, 125.0000000000000000 ) ) ;
#801 = DIRECTION ( 'NONE',  ( 1.000000000000000000, 0.0000000000000000000, -0.0000000000000000000 ) ) ;
#802 = ORIENTED_EDGE ( 'NONE', *, *, #2631, .F. ) ;
#803 = CIRCLE ( 'NONE', #1631, 10.00000000000002309 ) ;
#804 = CARTESIAN_POINT ( 'NONE',  ( 124.9999999999999716, 15.00000000000000000, -132.5000000000000000 ) ) ;
#805 = MECHANICAL_DESIGN_GEOMETRIC_PRESENTATION_REPRESENTATION (  '', ( #3201 ), #1203 ) ;
#806 = CIRCLE ( 'NONE', #3177, 3.399999999999986144 ) ;
#807 = DIRECTION ( 'NONE',  ( 0.0000000000000000000, 1.000000000000000000, 0.0000000000000000000 ) ) ;
#808 = LINE ( 'NONE', #856, #2016 ) ;
#809 = DIRECTION ( 'NONE',  ( 0.0000000000000000000, 0.0000000000000000000, 1.000000000000000000 ) ) ;
#811 = FACE_OUTER_BOUND ( 'NONE', #818, .T. ) ;
#810 = DIRECTION ( 'NONE',  ( 0.7071067811865474617, -0.0000000000000000000, -0.7071067811865474617 ) ) ;
#812 = CARTESIAN_POINT ( 'NONE',  ( 90.00000000000000000, 300.0000000000000568, 84.90000000000000568 ) ) ;
#813 = FACE_OUTER_BOUND ( 'NONE', #2215, .T. ) ;
#814 = CIRCLE ( 'NONE', #3378, 7.500000000000007105 ) ;
#815 = SURFACE_STYLE_FILL_AREA ( #880 ) ;
#816 = EDGE_CURVE ( 'NONE', #2894, #3714, #199, .T. ) ;
#817 = AXIS2_PLACEMENT_3D ( 'NONE', #2687, #2976, #946 ) ;
#818 = EDGE_LOOP ( 'NONE', ( #3503, #1490, #3142, #527 ) ) ;
#819 = EDGE_LOOP ( 'NONE', ( #389, #3290, #2183, #1958 ) ) ;
#820 = DIRECTION ( 'NONE',  ( -1.000000000000000000, 0.0000000000000000000, 9.912705577010331712E-17 ) ) ;
#821 = VERTEX_POINT ( 'NONE', #2201 ) ;
#822 = SURFACE_STYLE_FILL_AREA ( #2280 ) ;
#823 = FACE_OUTER_BOUND ( 'NONE', #2443, .T. ) ;
#824 = ORIENTED_EDGE ( 'NONE', *, *, #1360, .F. ) ;
#825 = VERTEX_POINT ( 'NONE', #1592 ) ;
#826 = EDGE_CURVE ( 'NONE', #1743, #2933, #2996, .T. ) ;
#827 = ORIENTED_EDGE ( 'NONE', *, *, #2911, .T. ) ;
#828 = SURFACE_STYLE_USAGE ( .BOTH. , #2590 ) ;
#829 = CARTESIAN_POINT ( 'NONE',  ( 142.5000000000000568, 0.0000000000000000000, 4.969982758673552325E-13 ) ) ;
#830 = ORIENTED_EDGE ( 'NONE', *, *, #3070, .T. ) ;
#831 = CARTESIAN_POINT ( 'NONE',  ( 125.0000000000000568, 300.0000000000000568, -114.9999999999999858 ) ) ;
#832 =( NAMED_UNIT ( * ) PLANE_ANGLE_UNIT ( ) SI_UNIT ( $, .RADIAN. ) );
#833 = DIRECTION ( 'NONE',  ( 0.0000000000000000000, 0.0000000000000000000, 1.000000000000000000 ) ) ;
#834 = CARTESIAN_POINT ( 'NONE',  ( -69.99999999999994316, 280.0000000000000000, 80.00000000000001421 ) ) ;
#835 = CARTESIAN_POINT ( 'NONE',  ( -30.00000000000000000, 0.0000000000000000000, -128.3999999999999773 ) ) ;
#836 = CARTESIAN_POINT ( 'NONE',  ( 125.0000000000000568, 280.0000000000000000, -114.9999999999999858 ) ) ;
#837 = ADVANCED_FACE ( 'NONE', ( #1221 ), #1027, .F. ) ;
#838 =( GEOMETRIC_REPRESENTATION_CONTEXT ( 3 ) GLOBAL_UNCERTAINTY_ASSIGNED_CONTEXT ( ( #1240 ) ) GLOBAL_UNIT_ASSIGNED_CONTEXT ( ( #3439, #2544, #3412 ) ) REPRESENTATION_CONTEXT ( 'NONE', 'WORKASPACE' ) );
#839 = UNCERTAINTY_MEASURE_WITH_UNIT (LENGTH_MEASURE( 1.000000000000000082E-05 ), #3772, 'distance_accuracy_value', 'NONE');
#840 = DIRECTION ( 'NONE',  ( 1.000000000000000000, -7.401486830834376525E-17, 0.0000000000000000000 ) ) ;
#841 = DIRECTION ( 'NONE',  ( 1.000000000000000000, -2.094760423821049858E-16, 0.0000000000000000000 ) ) ;
#842 = CARTESIAN_POINT ( 'NONE',  ( -9.950721815702933470E-13, 15.00000000000000000, 142.5000000000000568 ) ) ;
#843 = EDGE_CURVE ( 'NONE', #1974, #1955, #1312, .T. ) ;
#844 = AXIS2_PLACEMENT_3D ( 'NONE', #2321, #2893, #1745 ) ;
#845 = DIRECTION ( 'NONE',  ( -2.094760423821049858E-16, -1.000000000000000000, -0.0000000000000000000 ) ) ;
#846 = CARTESIAN_POINT ( 'NONE',  ( -80.00000000000001421, 215.0000000000000284, 42.50000000000000711 ) ) ;
#847 = ORIENTED_EDGE ( 'NONE', *, *, #2708, .T. ) ;
#848 = EDGE_CURVE ( 'NONE', #2311, #3289, #1037, .T. ) ;
#849 = DIRECTION ( 'NONE',  ( 0.0000000000000000000, 0.0000000000000000000, 1.000000000000000000 ) ) ;
#850 = CARTESIAN_POINT ( 'NONE',  ( 150.0000000000000284, 0.0000000000000000000, 150.0000000000000000 ) ) ;
#851 = EDGE_CURVE ( 'NONE', #1269, #2688, #518, .T. ) ;
#852 = CARTESIAN_POINT ( 'NONE',  ( -150.0000000000000284, 15.00000000000000000, -150.0000000000000000 ) ) ;
#853 = LINE ( 'NONE', #2213, #3422 ) ;
#854 = CARTESIAN_POINT ( 'NONE',  ( 4.091569121926912375E-16, 0.0000000000000000000, 120.5000000000000284 ) ) ;
#855 = DIRECTION ( 'NONE',  ( -0.0000000000000000000, 1.000000000000000000, -0.0000000000000000000 ) ) ;
#856 = CARTESIAN_POINT ( 'NONE',  ( -80.00000000000005684, 15.00000000000001599, 69.99999999999998579 ) ) ;
#857 = AXIS2_PLACEMENT_3D ( 'NONE', #1535, #1823, #1262 ) ;
#858 = FACE_OUTER_BOUND ( 'NONE', #196, .T. ) ;
#859 = CARTESIAN_POINT ( 'NONE',  ( -69.99999999999998579, 280.0000000000000000, 69.99999999999998579 ) ) ;
#860 = CARTESIAN_POINT ( 'NONE',  ( 90.00000000000000000, 280.0000000000000000, 90.00000000000000000 ) ) ;
#861 = COLOUR_RGB ( '',1.000000000000000000, 1.000000000000000000, 1.000000000000000000 ) ;
#862 = FILL_AREA_STYLE_COLOUR ( '', #1132 ) ;
#863 = AXIS2_PLACEMENT_3D ( 'NONE', #3126, #453, #1617 ) ;
#864 = ORIENTED_EDGE ( 'NONE', *, *, #2948, .F. ) ;
#865 = VERTEX_POINT ( 'NONE', #3083 ) ;
#866 = CIRCLE ( 'NONE', #3593, 3.400000000000000355 ) ;
#867 = VECTOR ( 'NONE', #3011, 1000.000000000000000 ) ;
#868 = DIRECTION ( 'NONE',  ( -0.0000000000000000000, 1.000000000000000000, -0.0000000000000000000 ) ) ;
#869 = DIRECTION ( 'NONE',  ( -0.7071067811865389130, 0.0000000000000000000, -0.7071067811865561215 ) ) ;
#870 = CARTESIAN_POINT ( 'NONE',  ( -124.9999999999999716, 15.00000000000000000, 33.39999999999999858 ) ) ;
#871 = ORIENTED_EDGE ( 'NONE', *, *, #2364, .F. ) ;
#872 = ORIENTED_EDGE ( 'NONE', *, *, #3688, .F. ) ;
#873 = DIRECTION ( 'NONE',  ( -7.401486830834376525E-17, -1.000000000000000000, -0.0000000000000000000 ) ) ;
#874 = ORIENTED_EDGE ( 'NONE', *, *, #1785, .F. ) ;
#875 = EDGE_CURVE ( 'NONE', #3279, #160, #239, .T. ) ;
#876 = AXIS2_PLACEMENT_3D ( 'NONE', #1585, #2805, #3432 ) ;
#877 = ORIENTED_EDGE ( 'NONE', *, *, #663, .T. ) ;
#878 = ORIENTED_EDGE ( 'NONE', *, *, #450, .F. ) ;
#879 = CARTESIAN_POINT ( 'NONE',  ( 70.00000000000000000, 280.0000000000000000, -95.00000000000000000 ) ) ;
#880 = FILL_AREA_STYLE ('',( #291 ) ) ;
#881 = ORIENTED_EDGE ( 'NONE', *, *, #3721, .T. ) ;
#882 = EDGE_CURVE ( 'NONE', #3759, #2029, #853, .T. ) ;
#883 = ORIENTED_EDGE ( 'NONE', *, *, #2594, .T. ) ;
#884 = DIRECTION ( 'NONE',  ( -0.0000000000000000000, 1.000000000000000000, -0.0000000000000000000 ) ) ;
#885 = ORIENTED_EDGE ( 'NONE', *, *, #375, .T. ) ;
#886 = CARTESIAN_POINT ( 'NONE',  ( -90.00000000000000000, 280.0000000000000000, 84.90000000000000568 ) ) ;
#887 = CARTESIAN_POINT ( 'NONE',  ( -90.00000000000000000, 215.0000000000000284, -45.00000000000000000 ) ) ;
#888 = EDGE_CURVE ( 'NONE', #2008, #3450, #3132, .T. ) ;
#889 = EDGE_LOOP ( 'NONE', ( #272, #1661, #360, #1083 ) ) ;
#890 = DIRECTION ( 'NONE',  ( 0.0000000000000000000, 0.0000000000000000000, 1.000000000000000000 ) ) ;
#891 = DIRECTION ( 'NONE',  ( 0.0000000000000000000, 0.0000000000000000000, 1.000000000000000000 ) ) ;
#892 = AXIS2_PLACEMENT_3D ( 'NONE', #1392, #3516, #3793 ) ;
#893 = CARTESIAN_POINT ( 'NONE',  ( -124.9999999999999432, 300.0000000000000568, 115.0000000000000426 ) ) ;
#894 = CARTESIAN_POINT ( 'NONE',  ( 124.9999999999999716, 15.00000000000000000, -125.0000000000000000 ) ) ;
#895 = STYLED_ITEM ( 'NONE', ( #474 ), #2679 ) ;
#896 = DIRECTION ( 'NONE',  ( -0.7071067811865483499, 0.0000000000000000000, 0.7071067811865465735 ) ) ;
#897 = DIRECTION ( 'NONE',  ( -1.000000000000000000, -0.0000000000000000000, -0.0000000000000000000 ) ) ;
#898 = DIRECTION ( 'NONE',  ( 0.0000000000000000000, 0.0000000000000000000, 1.000000000000000000 ) ) ;
#899 = DIRECTION ( 'NONE',  ( -0.0000000000000000000, 1.000000000000000000, -0.0000000000000000000 ) ) ;
#900 = EDGE_CURVE ( 'NONE', #1613, #2042, #2473, .T. ) ;
#901 = CARTESIAN_POINT ( 'NONE',  ( 124.9999999999999716, 15.00000000000000000, 125.0000000000000000 ) ) ;
#902 = ORIENTED_EDGE ( 'NONE', *, *, #3308, .T. ) ;
#903 = LINE ( 'NONE', #1499, #102 ) ;
#904 =( NAMED_UNIT ( * ) SI_UNIT ( $, .STERADIAN. ) SOLID_ANGLE_UNIT ( ) );
#905 = FACE_OUTER_BOUND ( 'NONE', #2923, .T. ) ;
#907 = LINE ( 'NONE', #2497, #3090 ) ;
#906 = CARTESIAN_POINT ( 'NONE',  ( -69.99999999999998579, 280.0000000000000000, 90.00000000000000000 ) ) ;
#908 = LINE ( 'NONE', #1855, #1926 ) ;
#909 = CARTESIAN_POINT ( 'NONE',  ( 125.0000000000000000, 15.00000000000000000, -33.39999999999998437 ) ) ;
#910 = AXIS2_PLACEMENT_3D ( 'NONE', #1382, #3469, #2882 ) ;
#911 = CARTESIAN_POINT ( 'NONE',  ( -70.00000000000000000, 280.0000000000000000, 92.00000000000001421 ) ) ;
#912 = DIRECTION ( 'NONE',  ( 1.000000000000000000, 0.0000000000000000000, 0.0000000000000000000 ) ) ;
#913 = ORIENTED_EDGE ( 'NONE', *, *, #2037, .F. ) ;
#914 = ORIENTED_EDGE ( 'NONE', *, *, #1997, .T. ) ;
#915 = ORIENTED_EDGE ( 'NONE', *, *, #2407, .F. ) ;
#916 = ADVANCED_FACE ( 'NONE', ( #905 ), #1920, .F. ) ;
#917 = PRESENTATION_STYLE_ASSIGNMENT (( #3510 ) ) ;
#918 = VECTOR ( 'NONE', #3519, 1000.000000000000114 ) ;
#919 = ORIENTED_EDGE ( 'NONE', *, *, #1582, .T. ) ;
#920 = ORIENTED_EDGE ( 'NONE', *, *, #3256, .T. ) ;
#921 = LINE ( 'NONE', #2026, #1897 ) ;
#922 = DIRECTION ( 'NONE',  ( 0.0000000000000000000, 1.000000000000000000, 0.0000000000000000000 ) ) ;
#923 = FILL_AREA_STYLE_COLOUR ( '', #1948 ) ;
#924 = VERTEX_POINT ( 'NONE', #1922 ) ;
#925 = EDGE_LOOP ( 'NONE', ( #3449, #538 ) ) ;
#926 = EDGE_CURVE ( 'NONE', #977, #781, #948, .T. ) ;
#927 = DIRECTION ( 'NONE',  ( 0.0000000000000000000, -1.000000000000000000, -0.0000000000000000000 ) ) ;
#928 = ADVANCED_FACE ( 'NONE', ( #3604 ), #2, .F. ) ;
#929 = EDGE_CURVE ( 'NONE', #3547, #145, #3087, .T. ) ;
#930 = CARTESIAN_POINT ( 'NONE',  ( -124.9999999999999716, 15.00000000000000000, 30.00000000000000000 ) ) ;
#931 = DIRECTION ( 'NONE',  ( -0.0000000000000000000, 1.000000000000000000, -0.0000000000000000000 ) ) ;
#932 = DIRECTION ( 'NONE',  ( -0.0000000000000000000, -0.0000000000000000000, 1.000000000000000000 ) ) ;
#933 = EDGE_LOOP ( 'NONE', ( #2047, #3614 ) ) ;
#934 = CARTESIAN_POINT ( 'NONE',  ( 70.00000000000000000, 300.0000000000000568, -95.00000000000000000 ) ) ;
#935 = ADVANCED_FACE ( 'NONE', ( #2336 ), #1670, .T. ) ;
#936 = DIRECTION ( 'NONE',  ( -0.0000000000000000000, 1.000000000000000000, -0.0000000000000000000 ) ) ;
#937 = FILL_AREA_STYLE ('',( #1273 ) ) ;
#938 = APPLICATION_PROTOCOL_DEFINITION ( 'draft international standard', 'automotive_design', 1998, #378 ) ;
#939 = PRESENTATION_LAYER_ASSIGNMENT (  '', '', ( #659 ) ) ;
#940 = VERTEX_POINT ( 'NONE', #3492 ) ;
#941 = DIRECTION ( 'NONE',  ( 0.7071067811865484609, -0.0000000000000000000, 0.7071067811865465735 ) ) ;
#942 = ORIENTED_EDGE ( 'NONE', *, *, #1335, .F. ) ;
#943 = EDGE_CURVE ( 'NONE', #1667, #3289, #3176, .T. ) ;
#944 = ORIENTED_EDGE ( 'NONE', *, *, #3735, .F. ) ;
#945 = AXIS2_PLACEMENT_3D ( 'NONE', #384, #1547, #1278 ) ;
#946 = DIRECTION ( 'NONE',  ( 0.7071067811865483499, 0.0000000000000000000, -0.7071067811865465735 ) ) ;
#947 = DIRECTION ( 'NONE',  ( 0.0000000000000000000, 0.0000000000000000000, 1.000000000000000000 ) ) ;
#948 = CIRCLE ( 'NONE', #3535, 7.500000000000007105 ) ;
#949 = CYLINDRICAL_SURFACE ( 'NONE', #1726, 5.099999999999993427 ) ;
#950 = EDGE_CURVE ( 'NONE', #970, #2073, #2068, .T. ) ;
#951 = DIRECTION ( 'NONE',  ( 1.000000000000000000, -2.094760423821049858E-16, 0.0000000000000000000 ) ) ;
#952 = VECTOR ( 'NONE', #932, 1000.000000000000000 ) ;
#953 = DIRECTION ( 'NONE',  ( 0.0000000000000000000, 0.0000000000000000000, 1.000000000000000000 ) ) ;
#954 = FACE_BOUND ( 'NONE', #2081, .T. ) ;
#955 = EDGE_CURVE ( 'NONE', #2970, #3228, #1544, .T. ) ;
#956 = CARTESIAN_POINT ( 'NONE',  ( 139.9999999999999716, 15.00000000000000000, -150.0000000000000000 ) ) ;
#957 = CARTESIAN_POINT ( 'NONE',  ( -69.99999999999998579, 280.0000000000000000, 90.00000000000000000 ) ) ;
#958 = ORIENTED_EDGE ( 'NONE', *, *, #1386, .T. ) ;
#959 = ORIENTED_EDGE ( 'NONE', *, *, #3595, .T. ) ;
#960 = VECTOR ( 'NONE', #2733, 1000.000000000000000 ) ;
#961 = LINE ( 'NONE', #297, #1649 ) ;
#962 = DIRECTION ( 'NONE',  ( -7.401486830834376525E-17, -1.000000000000000000, -0.0000000000000000000 ) ) ;
#963 = AXIS2_PLACEMENT_3D ( 'NONE', #2750, #3342, #1551 ) ;
#964 = ORIENTED_EDGE ( 'NONE', *, *, #615, .F. ) ;
#965 = VERTEX_POINT ( 'NONE', #2003 ) ;
#967 = ORIENTED_EDGE ( 'NONE', *, *, #1943, .F. ) ;
#966 =( NAMED_UNIT ( * ) SI_UNIT ( $, .STERADIAN. ) SOLID_ANGLE_UNIT ( ) );
#968 = FACE_OUTER_BOUND ( 'NONE', #1389, .T. ) ;
#969 = CYLINDRICAL_SURFACE ( 'NONE', #2102, 4.499999999999997335 ) ;
#970 = VERTEX_POINT ( 'NONE', #765 ) ;
#971 = ORIENTED_EDGE ( 'NONE', *, *, #2242, .T. ) ;
#972 = DIRECTION ( 'NONE',  ( -0.7071067811865490160, -0.0000000000000000000, 0.7071067811865460184 ) ) ;
#973 = FACE_BOUND ( 'NONE', #3003, .T. ) ;
#974 = VECTOR ( 'NONE', #2928, 1000.000000000000000 ) ;
#975 = DIRECTION ( 'NONE',  ( 0.0000000000000000000, 0.0000000000000000000, 1.000000000000000000 ) ) ;
#976 = PRESENTATION_LAYER_ASSIGNMENT (  '', '', ( #1405 ) ) ;
#977 = VERTEX_POINT ( 'NONE', #2249 ) ;
#978 = VERTEX_POINT ( 'NONE', #2896 ) ;
#979 = DIRECTION ( 'NONE',  ( -0.0000000000000000000, -1.000000000000000000, -0.0000000000000000000 ) ) ;
#980 = CARTESIAN_POINT ( 'NONE',  ( 30.00000000000000000, 15.00000000000000000, 121.6000000000000512 ) ) ;
#981 = DIRECTION ( 'NONE',  ( -9.912705577010324317E-17, 2.076474333571143433E-32, -1.000000000000000000 ) ) ;
#982 = CARTESIAN_POINT ( 'NONE',  ( 124.9999999999999716, 15.00000000000000000, 125.0000000000000000 ) ) ;
#983 = ADVANCED_FACE ( 'NONE', ( #2826, #3539, #581, #3443, #3341 ), #2537, .F. ) ;
#984 = EDGE_CURVE ( 'NONE', #20, #2042, #3240, .T. ) ;
#985 = CARTESIAN_POINT ( 'NONE',  ( 139.9999999999999716, 15.00000000000000000, 150.0000000000000000 ) ) ;
#986 = ORIENTED_EDGE ( 'NONE', *, *, #1869, .F. ) ;
#987 = AXIS2_PLACEMENT_3D ( 'NONE', #3249, #284, #2958 ) ;
#988 = ORIENTED_EDGE ( 'NONE', *, *, #1856, .T. ) ;
#989 = CARTESIAN_POINT ( 'NONE',  ( 70.00000000000000000, 280.0000000000000000, -97.99999999999998579 ) ) ;
#990 = AXIS2_PLACEMENT_3D ( 'NONE', #3684, #1000, #1271 ) ;
#991 = VERTEX_POINT ( 'NONE', #3146 ) ;
#992 = CARTESIAN_POINT ( 'NONE',  ( -89.99999999999997158, 280.0000000000000000, 69.99999999999998579 ) ) ;
#993 = CLOSED_SHELL ( 'NONE', ( #1120, #1454, #1279, #42, #3683, #3059, #1297, #3592, #2161, #422, #2885, #343, #935, #2417, #367, #3777, #2425, #1574, #1861, #983, #1295, #1530, #3497, #2695, #2666, #2449 ) ) ;
#994 = DIRECTION ( 'NONE',  ( -0.0000000000000000000, 1.000000000000000000, -0.0000000000000000000 ) ) ;
#995 = EDGE_LOOP ( 'NONE', ( #1815, #46 ) ) ;
#997 = LINE ( 'NONE', #2726, #2106 ) ;
#996 = CARTESIAN_POINT ( 'NONE',  ( -90.00000000000000000, 255.0000000000000000, -42.49999999999999289 ) ) ;
#998 = CARTESIAN_POINT ( 'NONE',  ( -90.00000000000000000, 215.0000000000000284, 45.00000000000000000 ) ) ;
#999 = CYLINDRICAL_SURFACE ( 'NONE', #1537, 2.500000000000002220 ) ;
#1000 = DIRECTION ( 'NONE',  ( 2.094760423821049858E-16, 1.000000000000000000, 0.0000000000000000000 ) ) ;
#1001 = EDGE_CURVE ( 'NONE', #977, #1466, #2229, .T. ) ;
#1002 = CARTESIAN_POINT ( 'NONE',  ( 125.0000000000000000, 15.00000000000000000, -30.00000000000000000 ) ) ;
#1003 = LINE ( 'NONE', #3832, #1596 ) ;
#1004 = LINE ( 'NONE', #3375, #1692 ) ;
#1005 = CARTESIAN_POINT ( 'NONE',  ( 115.0000000000000568, 300.0000000000000568, 125.0000000000000000 ) ) ;
#1006 = EDGE_LOOP ( 'NONE', ( #3780, #3807 ) ) ;
#1007 = EDGE_LOOP ( 'NONE', ( #300, #707 ) ) ;
#1008 = ORIENTED_EDGE ( 'NONE', *, *, #281, .T. ) ;
#1009 = STYLED_ITEM ( 'NONE', ( #442 ), #668 ) ;
#1010 = CIRCLE ( 'NONE', #2144, 19.99999999999999645 ) ;
#1011 = ORIENTED_EDGE ( 'NONE', *, *, #1118, .F. ) ;
#1012 = ORIENTED_EDGE ( 'NONE', *, *, #1685, .F. ) ;
#1013 = LINE ( 'NONE', #614, #1330 ) ;
#1014 = DIRECTION ( 'NONE',  ( -0.0000000000000000000, 1.000000000000000000, -0.0000000000000000000 ) ) ;
#1015 = VERTEX_POINT ( 'NONE', #1659 ) ;
#1016 = CARTESIAN_POINT ( 'NONE',  ( 69.99999999999991473, 14.99999999999998579, 80.00000000000000000 ) ) ;
#1017 = ORIENTED_EDGE ( 'NONE', *, *, #424, .F. ) ;
#1018 = LINE ( 'NONE', #2570, #2126 ) ;
#1019 = ORIENTED_EDGE ( 'NONE', *, *, #888, .F. ) ;
#1020 = EDGE_CURVE ( 'NONE', #318, #1341, #1429, .T. ) ;
#1021 = AXIS2_PLACEMENT_3D ( 'NONE', #2907, #1768, #2041 ) ;
#1022 = ORIENTED_EDGE ( 'NONE', *, *, #1001, .F. ) ;
#1023 = DIRECTION ( 'NONE',  ( 1.000000000000000000, 0.0000000000000000000, 9.912705577010324317E-17 ) ) ;
#1024 = ADVANCED_FACE ( 'NONE', ( #635 ), #2874, .F. ) ;
#1025 = EDGE_CURVE ( 'NONE', #940, #3358, #3717, .T. ) ;
#1026 =( LENGTH_UNIT ( ) NAMED_UNIT ( * ) SI_UNIT ( .MILLI., .METRE. ) );
#1027 = PLANE ( 'NONE',  #2512 ) ;
#1028 = DIRECTION ( 'NONE',  ( 0.0000000000000000000, -1.000000000000000000, 0.0000000000000000000 ) ) ;
#1029 = ORIENTED_EDGE ( 'NONE', *, *, #3610, .F. ) ;
#1030 = CARTESIAN_POINT ( 'NONE',  ( 115.0000000000000568, 280.0000000000000000, -124.9999999999999432 ) ) ;
#1031 = AXIS2_PLACEMENT_3D ( 'NONE', #1717, #3789, #1689 ) ;
#1032 = VERTEX_POINT ( 'NONE', #2547 ) ;
#1033 = ORIENTED_EDGE ( 'NONE', *, *, #1832, .T. ) ;
#1034 = DIRECTION ( 'NONE',  ( 0.0000000000000000000, 0.0000000000000000000, 1.000000000000000000 ) ) ;
#1035 = SURFACE_STYLE_USAGE ( .BOTH. , #1906 ) ;
#1036 = EDGE_CURVE ( 'NONE', #365, #2964, #1569, .T. ) ;
#1037 = LINE ( 'NONE', #713, #1128 ) ;
#1038 = LINE ( 'NONE', #1463, #1175 ) ;
#1039 = AXIS2_PLACEMENT_3D ( 'NONE', #2205, #3102, #750 ) ;
#1040 = VECTOR ( 'NONE', #3490, 1000.000000000000000 ) ;
#1041 = CIRCLE ( 'NONE', #3859, 7.500000000000007105 ) ;
#1042 = LINE ( 'NONE', #1980, #3323 ) ;
#1043 = CARTESIAN_POINT ( 'NONE',  ( -124.9999999999999716, 15.00000000000000000, 26.59999999999999787 ) ) ;
#1044 = ORIENTED_EDGE ( 'NONE', *, *, #816, .F. ) ;
#1045 = EDGE_CURVE ( 'NONE', #1399, #348, #2536, .T. ) ;
#1046 = DIRECTION ( 'NONE',  ( 1.000000000000000000, -2.094760423821049858E-16, 0.0000000000000000000 ) ) ;
#1047 = FACE_OUTER_BOUND ( 'NONE', #3674, .T. ) ;
#1048 = COLOUR_RGB ( '',0.6470588235294117974, 0.6196078431372549211, 0.5882352941176470784 ) ;
#1049 = VECTOR ( 'NONE', #1028, 1000.000000000000000 ) ;
#1050 = ORIENTED_EDGE ( 'NONE', *, *, #1919, .F. ) ;
#1051 = EDGE_LOOP ( 'NONE', ( #3566, #681, #2916, #456 ) ) ;
#1052 = VERTEX_POINT ( 'NONE', #502 ) ;
#1053 = EDGE_LOOP ( 'NONE', ( #3755, #411, #1219, #1599 ) ) ;
#1054 = AXIS2_PLACEMENT_3D ( 'NONE', #2090, #3605, #1228 ) ;
#1055 = AXIS2_PLACEMENT_3D ( 'NONE', #3118, #1913, #1595 ) ;
#1056 = FACE_OUTER_BOUND ( 'NONE', #560, .T. ) ;
#1057 = CARTESIAN_POINT ( 'NONE',  ( -90.00000000000000000, 215.0000000000000284, 47.49999999999998579 ) ) ;
#1058 = LINE ( 'NONE', #3245, #177 ) ;
#1059 = ORIENTED_EDGE ( 'NONE', *, *, #950, .T. ) ;
#1060 = AXIS2_PLACEMENT_3D ( 'NONE', #998, #1324, #696 ) ;
#1061 = SURFACE_STYLE_USAGE ( .BOTH. , #759 ) ;
#1062 = CARTESIAN_POINT ( 'NONE',  ( -30.00000000000000000, 15.00000000000000000, -128.3999999999999773 ) ) ;
#1063 = ORIENTED_EDGE ( 'NONE', *, *, #751, .T. ) ;
#1064 = CARTESIAN_POINT ( 'NONE',  ( -89.99999999999997158, 280.0000000000000000, 69.99999999999998579 ) ) ;
#1065 = EDGE_LOOP ( 'NONE', ( #3638, #2960, #2876, #3869 ) ) ;
#1066 = EDGE_CURVE ( 'NONE', #376, #3208, #2180, .T. ) ;
#1067 = DIRECTION ( 'NONE',  ( -0.0000000000000000000, 1.000000000000000000, -0.0000000000000000000 ) ) ;
#1068 = ORIENTED_EDGE ( 'NONE', *, *, #1114, .F. ) ;
#1069 = CARTESIAN_POINT ( 'NONE',  ( 69.99999999999994316, 14.99999999999998579, 69.99999999999997158 ) ) ;
#1070 = ADVANCED_FACE ( 'NONE', ( #2925 ), #1177, .F. ) ;
#1071 = EDGE_CURVE ( 'NONE', #3052, #638, #3864, .T. ) ;
#1072 = UNCERTAINTY_MEASURE_WITH_UNIT (LENGTH_MEASURE( 1.000000000000000082E-05 ), #602, 'distance_accuracy_value', 'NONE');
#1073 = FACE_OUTER_BOUND ( 'NONE', #2739, .T. ) ;
#1074 = DIRECTION ( 'NONE',  ( -2.094760423821049858E-16, -1.000000000000000000, -0.0000000000000000000 ) ) ;
#1075 = PLANE ( 'NONE',  #1807 ) ;
#1076 = VERTEX_POINT ( 'NONE', #835 ) ;
#1077 = DIRECTION ( 'NONE',  ( 2.094760423821049858E-16, 1.000000000000000000, 0.0000000000000000000 ) ) ;
#1078 = VERTEX_POINT ( 'NONE', #846 ) ;
#1079 = AXIS2_PLACEMENT_3D ( 'NONE', #484, #1402, #1121 ) ;
#1080 = CARTESIAN_POINT ( 'NONE',  ( 7.499999999998951949, 15.00000000000000000, 150.0000000000000853 ) ) ;
#1081 = ORIENTED_EDGE ( 'NONE', *, *, #3028, .T. ) ;
#1083 = ORIENTED_EDGE ( 'NONE', *, *, #717, .T. ) ;
#1082 = FILL_AREA_STYLE_COLOUR ( '', #861 ) ;
#1084 = CIRCLE ( 'NONE', #416, 75.00000000000001421 ) ;
#1085 = DIRECTION ( 'NONE',  ( 0.0000000000000000000, 0.0000000000000000000, 1.000000000000000000 ) ) ;
#1086 = AXIS2_PLACEMENT_3D ( 'NONE', #3612, #897, #3263 ) ;
#1087 = FACE_BOUND ( 'NONE', #925, .T. ) ;
#1088 = CARTESIAN_POINT ( 'NONE',  ( -142.5000000000000568, 15.00000000000000000, -1.492608272355440021E-12 ) ) ;
#1089 = CYLINDRICAL_SURFACE ( 'NONE', #563, 7.499999999999992895 ) ;
#1090 = LINE ( 'NONE', #755, #1936 ) ;
#1091 = EDGE_CURVE ( 'NONE', #1052, #2719, #2727, .T. ) ;
#1092 = ORIENTED_EDGE ( 'NONE', *, *, #2356, .F. ) ;
#1093 = ORIENTED_EDGE ( 'NONE', *, *, #3715, .T. ) ;
#1094 = ORIENTED_EDGE ( 'NONE', *, *, #1386, .F. ) ;
#1095 = CARTESIAN_POINT ( 'NONE',  ( 145.0000000000000000, 15.00000000000000000, 144.9999999999999716 ) ) ;
#1096 =( NAMED_UNIT ( * ) SI_UNIT ( $, .STERADIAN. ) SOLID_ANGLE_UNIT ( ) );
#1097 = CARTESIAN_POINT ( 'NONE',  ( -90.00000000000002842, 15.00000000000001776, 69.99999999999998579 ) ) ;
#1098 = EDGE_LOOP ( 'NONE', ( #3253, #2781 ) ) ;
#1099 = DIRECTION ( 'NONE',  ( -1.000000000000000000, -0.0000000000000000000, -0.0000000000000000000 ) ) ;
#1100 = ORIENTED_EDGE ( 'NONE', *, *, #1487, .T. ) ;
#1101 = FACE_OUTER_BOUND ( 'NONE', #819, .T. ) ;
#1102 = LINE ( 'NONE', #1853, #2486 ) ;
#1103 = FACE_OUTER_BOUND ( 'NONE', #3331, .T. ) ;
#1104 = DIRECTION ( 'NONE',  ( 8.659560562354932858E-17, 0.7071067811865474617, -0.7071067811865474617 ) ) ;
#1105 = ORIENTED_EDGE ( 'NONE', *, *, #2548, .F. ) ;
#1106 = ORIENTED_EDGE ( 'NONE', *, *, #2407, .T. ) ;
#1107 = DIRECTION ( 'NONE',  ( 1.000000000000000000, 0.0000000000000000000, 0.0000000000000000000 ) ) ;
#1108 = DIRECTION ( 'NONE',  ( -2.094760423821049858E-16, -1.000000000000000000, -0.0000000000000000000 ) ) ;
#1109 = VERTEX_POINT ( 'NONE', #1734 ) ;
#1110 = CARTESIAN_POINT ( 'NONE',  ( 115.0000000000000568, 300.0000000000000568, -124.9999999999999432 ) ) ;
#1111 = CARTESIAN_POINT ( 'NONE',  ( -124.9999999999999716, 15.00000000000000000, -125.0000000000000000 ) ) ;
#1112 = CARTESIAN_POINT ( 'NONE',  ( 90.00000000000000000, 280.0000000000000000, 84.90000000000000568 ) ) ;
#1113 = DIRECTION ( 'NONE',  ( 0.0000000000000000000, 0.0000000000000000000, 1.000000000000000000 ) ) ;
#1114 = EDGE_CURVE ( 'NONE', #1700, #3141, #3016, .T. ) ;
#1115 = DIRECTION ( 'NONE',  ( -2.094760423821049858E-16, -1.000000000000000000, -0.0000000000000000000 ) ) ;
#1116 = CARTESIAN_POINT ( 'NONE',  ( -124.9999999999999716, 15.00000000000000000, 0.0000000000000000000 ) ) ;
#1117 = AXIS2_PLACEMENT_3D ( 'NONE', #3123, #2800, #1336 ) ;
#1118 = EDGE_CURVE ( 'NONE', #1911, #1989, #3810, .T. ) ;
#1119 = EDGE_LOOP ( 'NONE', ( #579, #3215, #1796, #2650 ) ) ;
#1120 = ADVANCED_FACE ( 'NONE', ( #260 ), #2451, .F. ) ;
#1121 = DIRECTION ( 'NONE',  ( 0.0000000000000000000, 0.0000000000000000000, 1.000000000000000000 ) ) ;
#1122 = DIRECTION ( 'NONE',  ( -2.094760423821049858E-16, -1.000000000000000000, -0.0000000000000000000 ) ) ;
#1123 = ORIENTED_EDGE ( 'NONE', *, *, #182, .T. ) ;
#1124 = EDGE_LOOP ( 'NONE', ( #3645, #2391, #1480, #1261 ) ) ;
#1125 =( LENGTH_UNIT ( ) NAMED_UNIT ( * ) SI_UNIT ( .MILLI., .METRE. ) );
#1126 = AXIS2_PLACEMENT_3D ( 'NONE', #2919, #3214, #2900 ) ;
#1127 = DIRECTION ( 'NONE',  ( -2.094760423821049858E-16, -1.000000000000000000, -0.0000000000000000000 ) ) ;
#1128 = VECTOR ( 'NONE', #2230, 1000.000000000000000 ) ;
#1129 = CIRCLE ( 'NONE', #3029, 3.000000000000002665 ) ;
#1130 = CARTESIAN_POINT ( 'NONE',  ( 0.0000000000000000000, 15.00000000000000000, 0.0000000000000000000 ) ) ;
#1131 = AXIS2_PLACEMENT_3D ( 'NONE', #859, #1115, #1107 ) ;
#1132 = COLOUR_RGB ( '',1.000000000000000000, 1.000000000000000000, 1.000000000000000000 ) ;
#1133 = CARTESIAN_POINT ( 'NONE',  ( 69.99999999999997158, 14.99999999999998579, -89.99999999999998579 ) ) ;
#1134 = FACE_OUTER_BOUND ( 'NONE', #493, .T. ) ;
#1135 = AXIS2_PLACEMENT_3D ( 'NONE', #3730, #1635, #1950 ) ;
#1136 = ORIENTED_EDGE ( 'NONE', *, *, #468, .F. ) ;
#1137 = CARTESIAN_POINT ( 'NONE',  ( 7.499999999998951949, -0.0009999999999992653654, 150.0000000000000853 ) ) ;
#1138 = ORIENTED_EDGE ( 'NONE', *, *, #2994, .F. ) ;
#1139 = CARTESIAN_POINT ( 'NONE',  ( 125.0000000000000568, 300.0000000000000568, 115.0000000000000142 ) ) ;
#1140 = VECTOR ( 'NONE', #3695, 1000.000000000000000 ) ;
#1141 = ORIENTED_EDGE ( 'NONE', *, *, #2937, .F. ) ;
#1142 = ORIENTED_EDGE ( 'NONE', *, *, #3570, .T. ) ;
#1143 = EDGE_CURVE ( 'NONE', #3190, #3660, #2314, .T. ) ;
#1144 = ORIENTED_EDGE ( 'NONE', *, *, #1582, .F. ) ;
#1145 =( NAMED_UNIT ( * ) SI_UNIT ( $, .STERADIAN. ) SOLID_ANGLE_UNIT ( ) );
#1146 = CONICAL_SURFACE ( 'NONE', #3024, 3.500000000000003109, 0.7853981633974482790 ) ;
#1147 = ORIENTED_EDGE ( 'NONE', *, *, #1666, .F. ) ;
#1148 = EDGE_LOOP ( 'NONE', ( #3105, #1105, #311, #1446 ) ) ;
#1149 = FACE_BOUND ( 'NONE', #3382, .T. ) ;
#1150 = CARTESIAN_POINT ( 'NONE',  ( -124.9999999999999716, 15.00000000000000000, 125.0000000000000000 ) ) ;
#1151 = PRESENTATION_STYLE_ASSIGNMENT (( #247 ) ) ;
#1152 = CARTESIAN_POINT ( 'NONE',  ( -70.00000000000000000, 300.0000000000000568, 92.00000000000000000 ) ) ;
#1153 = VERTEX_POINT ( 'NONE', #2639 ) ;
#1154 = EDGE_CURVE ( 'NONE', #3242, #604, #1058, .T. ) ;
#1155 = DIRECTION ( 'NONE',  ( 0.0000000000000000000, 0.0000000000000000000, 1.000000000000000000 ) ) ;
#1156 = CARTESIAN_POINT ( 'NONE',  ( -90.00000000000000000, 255.0000000000000000, -45.00000000000000000 ) ) ;
#1157 =( NAMED_UNIT ( * ) PLANE_ANGLE_UNIT ( ) SI_UNIT ( $, .RADIAN. ) );
#1158 = CARTESIAN_POINT ( 'NONE',  ( 0.0000000000000000000, 0.0000000000000000000, 0.0000000000000000000 ) ) ;
#1159 = PRESENTATION_LAYER_ASSIGNMENT (  '', '', ( #2028 ) ) ;
#1160 = VERTEX_POINT ( 'NONE', #2343 ) ;
#1161 = VERTEX_POINT ( 'NONE', #1799 ) ;
#1162 = DIRECTION ( 'NONE',  ( -1.000000000000000000, 0.0000000000000000000, 0.0000000000000000000 ) ) ;
#1163 = EDGE_CURVE ( 'NONE', #3766, #3802, #362, .T. ) ;
#1164 = AXIS2_PLACEMENT_3D ( 'NONE', #2305, #855, #833 ) ;
#1165 = CARTESIAN_POINT ( 'NONE',  ( 70.00000000000000000, 300.0000000000000568, -92.00000000000000000 ) ) ;
#1166 = CARTESIAN_POINT ( 'NONE',  ( -124.9999999999999716, 0.0000000000000000000, 30.00000000000000000 ) ) ;
#1167 = DIRECTION ( 'NONE',  ( 2.094760423821049858E-16, 1.000000000000000000, 0.0000000000000000000 ) ) ;
#1168 = ORIENTED_EDGE ( 'NONE', *, *, #197, .F. ) ;
#1169 = CARTESIAN_POINT ( 'NONE',  ( 139.9999999999999716, 0.0000000000000000000, 150.0000000000000000 ) ) ;
#1170 = DIRECTION ( 'NONE',  ( -0.0000000000000000000, -1.000000000000000000, -0.0000000000000000000 ) ) ;
#1171 = CARTESIAN_POINT ( 'NONE',  ( -150.0000000000000284, 15.00000000000000000, -150.0000000000000000 ) ) ;
#1172 = AXIS2_PLACEMENT_3D ( 'NONE', #2906, #1718, #1391 ) ;
#1173 = EDGE_LOOP ( 'NONE', ( #1867, #2392, #1739, #1651 ) ) ;
#1174 = ORIENTED_EDGE ( 'NONE', *, *, #2276, .F. ) ;
#1175 = VECTOR ( 'NONE', #3563, 1000.000000000000000 ) ;
#1176 = LINE ( 'NONE', #636, #2898 ) ;
#1177 = PLANE ( 'NONE',  #1925 ) ;
#1178 = MECHANICAL_DESIGN_GEOMETRIC_PRESENTATION_REPRESENTATION (  '', ( #2372 ), #2899 ) ;
#1179 = CARTESIAN_POINT ( 'NONE',  ( -124.9999999999999432, 300.0000000000000568, 115.0000000000000426 ) ) ;
#1180 = PRESENTATION_STYLE_ASSIGNMENT (( #3546 ) ) ;
#1181 = FILL_AREA_STYLE ('',( #2984 ) ) ;
#1182 = VECTOR ( 'NONE', #2732, 1000.000000000000114 ) ;
#1183 = ORIENTED_EDGE ( 'NONE', *, *, #3782, .T. ) ;
#1184 = ORIENTED_EDGE ( 'NONE', *, *, #128, .F. ) ;
#1185 = FACE_OUTER_BOUND ( 'NONE', #1852, .T. ) ;
#1186 = UNCERTAINTY_MEASURE_WITH_UNIT (LENGTH_MEASURE( 1.000000000000000082E-05 ), #2312, 'distance_accuracy_value', 'NONE');
#1187 = CIRCLE ( 'NONE', #3103, 7.499999999999992895 ) ;
#1188 = VECTOR ( 'NONE', #735, 1000.000000000000000 ) ;
#1189 = PRESENTATION_LAYER_ASSIGNMENT (  '', '', ( #3133 ) ) ;
#1190 = PLANE ( 'NONE',  #2691 ) ;
#1191 = VERTEX_POINT ( 'NONE', #329 ) ;
#1192 = ORIENTED_EDGE ( 'NONE', *, *, #1685, .T. ) ;
#1193 =( NAMED_UNIT ( * ) SI_UNIT ( $, .STERADIAN. ) SOLID_ANGLE_UNIT ( ) );
#1194 = VERTEX_POINT ( 'NONE', #1819 ) ;
#1195 = EDGE_CURVE ( 'NONE', #2817, #970, #495, .T. ) ;
#1196 = ORIENTED_EDGE ( 'NONE', *, *, #3120, .F. ) ;
#1197 =( NAMED_UNIT ( * ) SI_UNIT ( $, .STERADIAN. ) SOLID_ANGLE_UNIT ( ) );
#1198 = LINE ( 'NONE', #1165, #3397 ) ;
#1199 = CARTESIAN_POINT ( 'NONE',  ( -124.9999999999999716, 15.00000000000000000, -125.0000000000000000 ) ) ;
#1200 = DIRECTION ( 'NONE',  ( -0.0000000000000000000, 1.000000000000000000, -0.0000000000000000000 ) ) ;
#1201 = DIRECTION ( 'NONE',  ( -1.000000000000000000, -0.0000000000000000000, -0.0000000000000000000 ) ) ;
#1202 = DIRECTION ( 'NONE',  ( 0.0000000000000000000, 0.0000000000000000000, 1.000000000000000000 ) ) ;
#1203 =( GEOMETRIC_REPRESENTATION_CONTEXT ( 3 ) GLOBAL_UNCERTAINTY_ASSIGNED_CONTEXT ( ( #1072 ) ) GLOBAL_UNIT_ASSIGNED_CONTEXT ( ( #602, #2995, #1197 ) ) REPRESENTATION_CONTEXT ( 'NONE', 'WORKASPACE' ) );
#1204 = ADVANCED_FACE ( 'NONE', ( #79, #2269, #3762, #3156, #780, #3061, #1472, #1616 ), #1190, .T. ) ;
#1205 = EDGE_LOOP ( 'NONE', ( #415, #3368, #3115, #3866 ) ) ;
#1206 = PRODUCT_DEFINITION_CONTEXT ( 'detailed design', #378, 'design' ) ;
#1207 = DIRECTION ( 'NONE',  ( 0.0000000000000000000, 0.0000000000000000000, 1.000000000000000000 ) ) ;
#1208 =( REPRESENTATION_RELATIONSHIP ('NONE','NONE', #648, #606 ) REPRESENTATION_RELATIONSHIP_WITH_TRANSFORMATION ( #2861 )SHAPE_REPRESENTATION_RELATIONSHIP( ) );
#1209 = CARTESIAN_POINT ( 'NONE',  ( -30.00000000000000000, 15.00000000000000000, -125.0000000000000000 ) ) ;
#1210 = DIRECTION ( 'NONE',  ( -0.0000000000000000000, 1.000000000000000000, -0.0000000000000000000 ) ) ;
#1211 = EDGE_CURVE ( 'NONE', #2120, #3796, #3670, .T. ) ;
#1212 = PRESENTATION_LAYER_ASSIGNMENT (  '', '', ( #283 ) ) ;
#1213 = CARTESIAN_POINT ( 'NONE',  ( 115.0000000000000568, 300.0000000000000568, -124.9999999999999432 ) ) ;
#1214 = DIRECTION ( 'NONE',  ( 0.0000000000000000000, 1.000000000000000000, 0.0000000000000000000 ) ) ;
#1215 = EDGE_LOOP ( 'NONE', ( #65, #1835, #1183, #2142 ) ) ;
#1216 = DIRECTION ( 'NONE',  ( -1.000000000000000000, -0.0000000000000000000, -0.0000000000000000000 ) ) ;
#1217 = EDGE_CURVE ( 'NONE', #3796, #1346, #2969, .T. ) ;
#1218 = ORIENTED_EDGE ( 'NONE', *, *, #1824, .F. ) ;
#1219 = ORIENTED_EDGE ( 'NONE', *, *, #1266, .T. ) ;
#1220 = ADVANCED_FACE ( 'NONE', ( #31 ), #1146, .F. ) ;
#1221 = FACE_OUTER_BOUND ( 'NONE', #1767, .T. ) ;
#1222 = FACE_BOUND ( 'NONE', #80, .T. ) ;
#1223 = EDGE_LOOP ( 'NONE', ( #3096, #2225, #1471, #2401 ) ) ;
#1224 = DIRECTION ( 'NONE',  ( -0.0000000000000000000, 1.000000000000000000, -0.0000000000000000000 ) ) ;
#1225 = FACE_OUTER_BOUND ( 'NONE', #1967, .T. ) ;
#1226 = CARTESIAN_POINT ( 'NONE',  ( 4.091569121926914347E-16, 15.00000000000000000, 120.5000000000000284 ) ) ;
#1227 = CYLINDRICAL_SURFACE ( 'NONE', #385, 5.099999999999993427 ) ;
#1228 = DIRECTION ( 'NONE',  ( -1.000000000000000000, 0.0000000000000000000, 0.0000000000000000000 ) ) ;
#1229 = FILL_AREA_STYLE ('',( #1571 ) ) ;
#1230 = ORIENTED_EDGE ( 'NONE', *, *, #2761, .T. ) ;
#1231 = ADVANCED_FACE ( 'NONE', ( #741 ), #969, .F. ) ;
#1232 = SURFACE_STYLE_FILL_AREA ( #232 ) ;
#1233 = LINE ( 'NONE', #3033, #2716 ) ;
#1234 = VECTOR ( 'NONE', #1663, 1000.000000000000000 ) ;
#1235 = EDGE_CURVE ( 'NONE', #1748, #492, #1525, .T. ) ;
#1236 = MECHANICAL_DESIGN_GEOMETRIC_PRESENTATION_REPRESENTATION (  '', ( #2502 ), #1434 ) ;
#1237 = EDGE_LOOP ( 'NONE', ( #1851, #2651 ) ) ;
#1238 = ORIENTED_EDGE ( 'NONE', *, *, #3417, .T. ) ;
#1239 = EDGE_LOOP ( 'NONE', ( #1192, #3406, #2351, #2490 ) ) ;
#1240 = UNCERTAINTY_MEASURE_WITH_UNIT (LENGTH_MEASURE( 1.000000000000000082E-05 ), #3439, 'distance_accuracy_value', 'NONE');
#1241 = FACE_OUTER_BOUND ( 'NONE', #299, .T. ) ;
#1242 = DIRECTION ( 'NONE',  ( -1.850371707708594316E-16, -0.0000000000000000000, -1.000000000000000000 ) ) ;
#1243 = CIRCLE ( 'NONE', #215, 3.400000000000000355 ) ;
#1244 = VECTOR ( 'NONE', #363, 1000.000000000000114 ) ;
#1245 = DIRECTION ( 'NONE',  ( -0.0000000000000000000, 1.000000000000000000, -0.0000000000000000000 ) ) ;
#1246 = ORIENTED_EDGE ( 'NONE', *, *, #1411, .T. ) ;
#1247 = VERTEX_POINT ( 'NONE', #2371 ) ;
#1248 = FACE_BOUND ( 'NONE', #34, .T. ) ;
#1249 = VECTOR ( 'NONE', #1438, 1000.000000000000000 ) ;
#1250 = CARTESIAN_POINT ( 'NONE',  ( -114.9999999999999432, 300.0000000000000568, -124.9999999999999432 ) ) ;
#1251 = VERTEX_POINT ( 'NONE', #32 ) ;
#1252 = EDGE_CURVE ( 'NONE', #3190, #2568, #1013, .T. ) ;
#1253 =( GEOMETRIC_REPRESENTATION_CONTEXT ( 3 ) GLOBAL_UNCERTAINTY_ASSIGNED_CONTEXT ( ( #2403 ) ) GLOBAL_UNIT_ASSIGNED_CONTEXT ( ( #2663, #3270, #1489 ) ) REPRESENTATION_CONTEXT ( 'NONE', 'WORKASPACE' ) );
#1254 = DIRECTION ( 'NONE',  ( 0.0000000000000000000, 0.0000000000000000000, 1.000000000000000000 ) ) ;
#1255 = ORIENTED_EDGE ( 'NONE', *, *, #3447, .T. ) ;
#1256 = DIRECTION ( 'NONE',  ( 0.0000000000000000000, 0.0000000000000000000, 1.000000000000000000 ) ) ;
#1257 = DIRECTION ( 'NONE',  ( -0.0000000000000000000, 1.000000000000000000, -0.0000000000000000000 ) ) ;
#1258 = CARTESIAN_POINT ( 'NONE',  ( -124.9999999999999716, 0.0000000000000000000, 117.5000000000000142 ) ) ;
#1259 = APPLICATION_CONTEXT ( 'automotive_design' ) ;
#1260 = AXIS2_PLACEMENT_3D ( 'NONE', #2410, #3558, #584 ) ;
#1261 = ORIENTED_EDGE ( 'NONE', *, *, #2380, .T. ) ;
#1262 = DIRECTION ( 'NONE',  ( -1.000000000000000000, 0.0000000000000000000, 0.0000000000000000000 ) ) ;
#1263 = PLANE ( 'NONE',  #1991 ) ;
#1264 = EDGE_LOOP ( 'NONE', ( #2565, #2534 ) ) ;
#1265 = CARTESIAN_POINT ( 'NONE',  ( 7.500000000000000000, -0.0009999999999992653654, -150.0000000000000284 ) ) ;
#1266 = EDGE_CURVE ( 'NONE', #3194, #2964, #1611, .T. ) ;
#1267 = STYLED_ITEM ( 'NONE', ( #3554 ), #3497 ) ;
#1268 = DIRECTION ( 'NONE',  ( -0.7071067811865480168, 0.0000000000000000000, 0.7071067811865470176 ) ) ;
#1269 = VERTEX_POINT ( 'NONE', #1533 ) ;
#1270 = CYLINDRICAL_SURFACE ( 'NONE', #3128, 5.099999999999993427 ) ;
#1271 = DIRECTION ( 'NONE',  ( -1.000000000000000000, 1.734723475976805615E-16, 0.0000000000000000000 ) ) ;
#1272 = EDGE_CURVE ( 'NONE', #1652, #2970, #1944, .T. ) ;
#1273 = FILL_AREA_STYLE_COLOUR ( '', #3652 ) ;
#1274 = FACE_OUTER_BOUND ( 'NONE', #2617, .T. ) ;
#1275 = CIRCLE ( 'NONE', #2938, 3.399999999999986144 ) ;
#1276 = FACE_OUTER_BOUND ( 'NONE', #76, .T. ) ;
#1277 = CARTESIAN_POINT ( 'NONE',  ( -90.00000000000000000, 300.0000000000000568, -90.00000000000000000 ) ) ;
#1278 = DIRECTION ( 'NONE',  ( 0.0000000000000000000, 0.0000000000000000000, -1.000000000000000000 ) ) ;
#1279 = ADVANCED_FACE ( 'NONE', ( #1518 ), #1891, .F. ) ;
#1280 = VECTOR ( 'NONE', #3316, 1000.000000000000000 ) ;
#1281 = SURFACE_STYLE_USAGE ( .BOTH. , #698 ) ;
#1282 = ORIENTED_EDGE ( 'NONE', *, *, #955, .F. ) ;
#1284 = ORIENTED_EDGE ( 'NONE', *, *, #2631, .T. ) ;
#1283 = DIRECTION ( 'NONE',  ( -1.000000000000000000, -0.0000000000000000000, -0.0000000000000000000 ) ) ;
#1285 = VECTOR ( 'NONE', #169, 1000.000000000000000 ) ;
#1286 = EDGE_LOOP ( 'NONE', ( #1029, #1168 ) ) ;
#1287 = CARTESIAN_POINT ( 'NONE',  ( 115.0000000000000568, 300.0000000000000568, -124.9999999999999432 ) ) ;
#1288 = ORIENTED_EDGE ( 'NONE', *, *, #745, .F. ) ;
#1289 = CARTESIAN_POINT ( 'NONE',  ( -70.00000000000000000, 300.0000000000000568, 95.00000000000000000 ) ) ;
#1290 = PRESENTATION_LAYER_ASSIGNMENT (  '', '', ( #3540 ) ) ;
#1291 = ORIENTED_EDGE ( 'NONE', *, *, #1755, .T. ) ;
#1292 = FILL_AREA_STYLE_COLOUR ( '', #3744 ) ;
#1293 = DIRECTION ( 'NONE',  ( -2.094760423821049858E-16, -1.000000000000000000, -0.0000000000000000000 ) ) ;
#1294 = DIRECTION ( 'NONE',  ( 1.000000000000000000, 0.0000000000000000000, 0.0000000000000000000 ) ) ;
#1295 = ADVANCED_FACE ( 'NONE', ( #357, #214 ), #3283, .T. ) ;
#1296 = EDGE_CURVE ( 'NONE', #970, #1015, #168, .T. ) ;
#1297 = ADVANCED_FACE ( 'NONE', ( #3486 ), #2627, .T. ) ;
#1298 = CARTESIAN_POINT ( 'NONE',  ( -69.99999999999994316, 280.0000000000000000, -80.00000000000000000 ) ) ;
#1299 = ORIENTED_EDGE ( 'NONE', *, *, #3120, .T. ) ;
#1300 = CARTESIAN_POINT ( 'NONE',  ( 3.724866946749578982E-14, 300.0000000000000568, 0.0000000000000000000 ) ) ;
#1301 = CARTESIAN_POINT ( 'NONE',  ( 69.99999999999998579, 280.0000000000000000, 69.99999999999997158 ) ) ;
#1302 = AXIS2_PLACEMENT_3D ( 'NONE', #3830, #3548, #1162 ) ;
#1303 = DIRECTION ( 'NONE',  ( 0.0000000000000000000, 0.0000000000000000000, 1.000000000000000000 ) ) ;
#1304 = VERTEX_POINT ( 'NONE', #109 ) ;
#1305 = CARTESIAN_POINT ( 'NONE',  ( 0.0000000000000000000, -0.0009999999999992653654, -142.5000000000000568 ) ) ;
#1306 = EDGE_LOOP ( 'NONE', ( #964, #2788 ) ) ;
#1307 = DIRECTION ( 'NONE',  ( 0.0000000000000000000, 0.0000000000000000000, 1.000000000000000000 ) ) ;
#1308 = EDGE_CURVE ( 'NONE', #353, #3208, #1793, .T. ) ;
#1309 = AXIS2_PLACEMENT_3D ( 'NONE', #2054, #2374, #2683 ) ;
#1310 = CARTESIAN_POINT ( 'NONE',  ( -144.9999999999999716, 15.00000000000000000, -145.0000000000000000 ) ) ;
#1312 = LINE ( 'NONE', #3122, #661 ) ;
#1311 = DIRECTION ( 'NONE',  ( 2.094760423821049858E-16, 1.000000000000000000, 0.0000000000000000000 ) ) ;
#1313 = DIRECTION ( 'NONE',  ( -0.7071067811865536790, -0.0000000000000000000, 0.7071067811865414665 ) ) ;
#1314 = CONICAL_SURFACE ( 'NONE', #3543, 3.500000000000003109, 0.7853981633974482790 ) ;
#1315 = ORIENTED_EDGE ( 'NONE', *, *, #1508, .F. ) ;
#1316 = LINE ( 'NONE', #3495, #715 ) ;
#1317 = EDGE_CURVE ( 'NONE', #2688, #2145, #3288, .T. ) ;
#1318 = FILL_AREA_STYLE_COLOUR ( '', #3459 ) ;
#1319 = FACE_OUTER_BOUND ( 'NONE', #3015, .T. ) ;
#1320 = ORIENTED_EDGE ( 'NONE', *, *, #2043, .T. ) ;
#1321 = AXIS2_PLACEMENT_3D ( 'NONE', #2023, #1167, #275 ) ;
#1322 = ORIENTED_EDGE ( 'NONE', *, *, #1272, .F. ) ;
#1323 = FACE_OUTER_BOUND ( 'NONE', #1124, .T. ) ;
#1324 = DIRECTION ( 'NONE',  ( -1.000000000000000000, -0.0000000000000000000, -0.0000000000000000000 ) ) ;
#1325 = ORIENTED_EDGE ( 'NONE', *, *, #192, .F. ) ;
#1326 = VERTEX_POINT ( 'NONE', #86 ) ;
#1327 = ORIENTED_EDGE ( 'NONE', *, *, #763, .F. ) ;
#1328 = FACE_OUTER_BOUND ( 'NONE', #1760, .T. ) ;
#1329 =( GEOMETRIC_REPRESENTATION_CONTEXT ( 3 ) GLOBAL_UNCERTAINTY_ASSIGNED_CONTEXT ( ( #1186 ) ) GLOBAL_UNIT_ASSIGNED_CONTEXT ( ( #2312, #1157, #237 ) ) REPRESENTATION_CONTEXT ( 'NONE', 'WORKASPACE' ) );
#1330 = VECTOR ( 'NONE', #2660, 1000.000000000000000 ) ;
#1331 = ORIENTED_EDGE ( 'NONE', *, *, #1154, .F. ) ;
#1332 = ORIENTED_EDGE ( 'NONE', *, *, #3229, .F. ) ;
#1333 = FACE_BOUND ( 'NONE', #172, .T. ) ;
#1334 = VERTEX_POINT ( 'NONE', #691 ) ;
#1335 = EDGE_CURVE ( 'NONE', #2719, #1675, #2310, .T. ) ;
#1336 = DIRECTION ( 'NONE',  ( 1.000000000000000000, 0.0000000000000000000, 0.0000000000000000000 ) ) ;
#1337 =( GEOMETRIC_REPRESENTATION_CONTEXT ( 3 ) GLOBAL_UNCERTAINTY_ASSIGNED_CONTEXT ( ( #2607 ) ) GLOBAL_UNIT_ASSIGNED_CONTEXT ( ( #515, #195, #2591 ) ) REPRESENTATION_CONTEXT ( 'NONE', 'WORKASPACE' ) );
#1338 = CARTESIAN_POINT ( 'NONE',  ( 150.0000000000000568, -0.0009999999999992653654, -7.499999999999475975 ) ) ;
#1339 = CARTESIAN_POINT ( 'NONE',  ( 125.0000000000000000, 0.0000000000000000000, -30.00000000000000000 ) ) ;
#1340 = CARTESIAN_POINT ( 'NONE',  ( 69.99999999999991473, 14.99999999999998579, -69.99999999999998579 ) ) ;
#1341 = VERTEX_POINT ( 'NONE', #2158 ) ;
#1342 = ORIENTED_EDGE ( 'NONE', *, *, #1443, .T. ) ;
#1343 = DIRECTION ( 'NONE',  ( 0.0000000000000000000, 1.000000000000000000, 0.0000000000000000000 ) ) ;
#1344 = EDGE_CURVE ( 'NONE', #3713, #217, #1704, .T. ) ;
#1345 = CARTESIAN_POINT ( 'NONE',  ( -80.00000000000001421, 215.0000000000000284, -42.50000000000000711 ) ) ;
#1346 = VERTEX_POINT ( 'NONE', #992 ) ;
#1347 = CARTESIAN_POINT ( 'NONE',  ( -142.5000000000000568, -0.0009999999999992653654, -1.492608272355440021E-12 ) ) ;
#1348 = UNCERTAINTY_MEASURE_WITH_UNIT (LENGTH_MEASURE( 1.000000000000000082E-05 ), #647, 'distance_accuracy_value', 'NONE');
#1349 = CARTESIAN_POINT ( 'NONE',  ( 3.576837210132891653E-14, 280.0000000000000000, 0.0000000000000000000 ) ) ;
#1350 = CARTESIAN_POINT ( 'NONE',  ( -90.00000000000000000, 215.0000000000000284, 47.50000000000000000 ) ) ;
#1351 = EDGE_CURVE ( 'NONE', #3541, #747, #3438, .T. ) ;
#1352 = ORIENTED_EDGE ( 'NONE', *, *, #3562, .F. ) ;
#1353 = CIRCLE ( 'NONE', #3324, 3.400000000000000355 ) ;
#1354 = AXIS2_PLACEMENT_3D ( 'NONE', #1002, #3385, #1895 ) ;
#1355 = ADVANCED_FACE ( 'NONE', ( #2492 ), #2530, .F. ) ;
#1356 = CARTESIAN_POINT ( 'NONE',  ( 70.00000000000000000, 300.0000000000000568, -98.50000000000000000 ) ) ;
#1357 = CARTESIAN_POINT ( 'NONE',  ( 3.576837210132891653E-14, 280.0000000000000000, 0.0000000000000000000 ) ) ;
#1358 = FACE_BOUND ( 'NONE', #2460, .T. ) ;
#1359 = VECTOR ( 'NONE', #286, 1000.000000000000000 ) ;
#1360 = EDGE_CURVE ( 'NONE', #1032, #2568, #3711, .T. ) ;
#1361 = CIRCLE ( 'NONE', #98, 3.500000000000003109 ) ;
#1362 = CARTESIAN_POINT ( 'NONE',  ( -149.9999999999999716, 15.00000000000000000, 150.0000000000000000 ) ) ;
#1363 = AXIS2_PLACEMENT_3D ( 'NONE', #201, #2001, #2645 ) ;
#1365 = CYLINDRICAL_SURFACE ( 'NONE', #987, 7.500000000000007105 ) ;
#1364 = DIRECTION ( 'NONE',  ( 0.0000000000000000000, 0.0000000000000000000, 1.000000000000000000 ) ) ;
#1366 = AXIS2_PLACEMENT_3D ( 'NONE', #1158, #1450, #3841 ) ;
#1367 = LINE ( 'NONE', #3303, #1280 ) ;
#1368 = ORIENTED_EDGE ( 'NONE', *, *, #2043, .F. ) ;
#1369 = VERTEX_POINT ( 'NONE', #2433 ) ;
#1370 = CARTESIAN_POINT ( 'NONE',  ( -80.00000000000001421, 215.0000000000000284, 47.49999999999998579 ) ) ;
#1371 = EDGE_LOOP ( 'NONE', ( #2289, #2307 ) ) ;
#1372 = LINE ( 'NONE', #985, #3281 ) ;
#1373 = CYLINDRICAL_SURFACE ( 'NONE', #794, 3.000000000000002665 ) ;
#1374 = ADVANCED_FACE ( 'NONE', ( #1103 ), #256, .F. ) ;
#1375 = AXIS2_PLACEMENT_3D ( 'NONE', #2790, #3076, #2496 ) ;
#1376 = ORIENTED_EDGE ( 'NONE', *, *, #3524, .F. ) ;
#1377 = ORIENTED_EDGE ( 'NONE', *, *, #3747, .T. ) ;
#1378 = CYLINDRICAL_SURFACE ( 'NONE', #1907, 75.00000000000001421 ) ;
#1379 = CARTESIAN_POINT ( 'NONE',  ( 90.00000000000000000, 300.0000000000000568, -95.09999999999999432 ) ) ;
#1380 = SURFACE_STYLE_USAGE ( .BOTH. , #2298 ) ;
#1381 = COLOUR_RGB ( '',1.000000000000000000, 1.000000000000000000, 1.000000000000000000 ) ;
#1382 = CARTESIAN_POINT ( 'NONE',  ( -70.00000000000000000, 299.5000000000000568, 95.00000000000000000 ) ) ;
#1383 = CIRCLE ( 'NONE', #555, 2.500000000000002220 ) ;
#1384 =( LENGTH_UNIT ( ) NAMED_UNIT ( * ) SI_UNIT ( .MILLI., .METRE. ) );
#1385 = DIRECTION ( 'NONE',  ( -1.000000000000000000, 1.734723475976806848E-16, 0.0000000000000000000 ) ) ;
#1386 = EDGE_CURVE ( 'NONE', #1247, #3007, #75, .T. ) ;
#1387 = DIRECTION ( 'NONE',  ( -0.0000000000000000000, 1.000000000000000000, -0.0000000000000000000 ) ) ;
#1388 =( GEOMETRIC_REPRESENTATION_CONTEXT ( 3 ) GLOBAL_UNCERTAINTY_ASSIGNED_CONTEXT ( ( #3676 ) ) GLOBAL_UNIT_ASSIGNED_CONTEXT ( ( #2005, #2879, #3172 ) ) REPRESENTATION_CONTEXT ( 'NONE', 'WORKASPACE' ) );
#1389 = EDGE_LOOP ( 'NONE', ( #1864, #490, #2774, #2447 ) ) ;
#1390 =( LENGTH_UNIT ( ) NAMED_UNIT ( * ) SI_UNIT ( .MILLI., .METRE. ) );
#1391 = DIRECTION ( 'NONE',  ( 0.0000000000000000000, 0.0000000000000000000, 1.000000000000000000 ) ) ;
#1392 = CARTESIAN_POINT ( 'NONE',  ( 124.9999999999999716, 0.0000000000000000000, -125.0000000000000000 ) ) ;
#1393 = ADVANCED_FACE ( 'NONE', ( #3335 ), #655, .F. ) ;
#1394 = AXIS2_PLACEMENT_3D ( 'NONE', #3687, #153, #1898 ) ;
#1395 = STYLED_ITEM ( 'NONE', ( #3134 ), #654 ) ;
#1396 = PLANE ( 'NONE',  #335 ) ;
#1397 = CARTESIAN_POINT ( 'NONE',  ( -89.99999999999997158, 280.0000000000000000, -69.99999999999998579 ) ) ;
#1398 = FILL_AREA_STYLE ('',( #2297 ) ) ;
#1399 = VERTEX_POINT ( 'NONE', #1258 ) ;
#1400 = DIRECTION ( 'NONE',  ( 0.0000000000000000000, 0.0000000000000000000, -1.000000000000000000 ) ) ;
#1401 = LINE ( 'NONE', #410, #613 ) ;
#1402 = DIRECTION ( 'NONE',  ( -0.0000000000000000000, 1.000000000000000000, -0.0000000000000000000 ) ) ;
#1403 = CARTESIAN_POINT ( 'NONE',  ( 0.0000000000000000000, 0.0000000000000000000, -125.0000000000000000 ) ) ;
#1404 = EDGE_CURVE ( 'NONE', #2073, #488, #3098, .T. ) ;
#1405 = STYLED_ITEM ( 'NONE', ( #708 ), #2717 ) ;
#1406 = FACE_BOUND ( 'NONE', #2104, .T. ) ;
#1407 = CYLINDRICAL_SURFACE ( 'NONE', #844, 62.50000000000000000 ) ;
#1408 = CARTESIAN_POINT ( 'NONE',  ( -149.9999999999999432, 0.0000000000000000000, -7.500000000001570299 ) ) ;
#1409 = VECTOR ( 'NONE', #2700, 1000.000000000000000 ) ;
#1410 = CONICAL_SURFACE ( 'NONE', #2573, 3.500000000000003109, 0.7853981633974482790 ) ;
#1411 = EDGE_CURVE ( 'NONE', #145, #652, #3615, .T. ) ;
#1412 = CARTESIAN_POINT ( 'NONE',  ( -30.00000000000000000, 15.00000000000000000, -125.0000000000000000 ) ) ;
#1413 = DIRECTION ( 'NONE',  ( -0.0000000000000000000, 1.000000000000000000, -0.0000000000000000000 ) ) ;
#1414 = VERTEX_POINT ( 'NONE', #671 ) ;
#1415 = VERTEX_POINT ( 'NONE', #3354 ) ;
#1416 = VECTOR ( 'NONE', #2012, 1000.000000000000000 ) ;
#1417 = DIRECTION ( 'NONE',  ( 0.0000000000000000000, 0.0000000000000000000, 1.000000000000000000 ) ) ;
#1418 = ORIENTED_EDGE ( 'NONE', *, *, #1840, .T. ) ;
#1419 = ORIENTED_EDGE ( 'NONE', *, *, #1618, .F. ) ;
#1420 = DIRECTION ( 'NONE',  ( -0.0000000000000000000, 1.000000000000000000, -0.0000000000000000000 ) ) ;
#1421 = VERTEX_POINT ( 'NONE', #1043 ) ;
#1422 = CIRCLE ( 'NONE', #1039, 3.400000000000000355 ) ;
#1423 = COLOUR_RGB ( '',1.000000000000000000, 1.000000000000000000, 1.000000000000000000 ) ;
#1424 =( NAMED_UNIT ( * ) SI_UNIT ( $, .STERADIAN. ) SOLID_ANGLE_UNIT ( ) );
#1425 = EDGE_LOOP ( 'NONE', ( #2625, #2083 ) ) ;
#1426 = VERTEX_POINT ( 'NONE', #3130 ) ;
#1427 = DIRECTION ( 'NONE',  ( -9.912705577010331712E-17, 2.076474333571145075E-32, 1.000000000000000000 ) ) ;
#1428 = SURFACE_STYLE_FILL_AREA ( #3868 ) ;
#1429 = CIRCLE ( 'NONE', #3857, 5.099999999999993427 ) ;
#1430 = AXIS2_PLACEMENT_3D ( 'NONE', #1349, #1953, #126 ) ;
#1431 = SURFACE_SIDE_STYLE ('',( #672 ) ) ;
#1432 = CARTESIAN_POINT ( 'NONE',  ( 0.0000000000000000000, -0.0009999999999992653654, 0.0000000000000000000 ) ) ;
#1433 = EDGE_CURVE ( 'NONE', #2568, #3153, #1372, .T. ) ;
#1434 =( GEOMETRIC_REPRESENTATION_CONTEXT ( 3 ) GLOBAL_UNCERTAINTY_ASSIGNED_CONTEXT ( ( #1527 ) ) GLOBAL_UNIT_ASSIGNED_CONTEXT ( ( #2365, #616, #3873 ) ) REPRESENTATION_CONTEXT ( 'NONE', 'WORKASPACE' ) );
#1435 = DIRECTION ( 'NONE',  ( -0.0000000000000000000, 1.000000000000000000, -0.0000000000000000000 ) ) ;
#1436 = DIRECTION ( 'NONE',  ( -1.850371707708594316E-16, -0.0000000000000000000, -1.000000000000000000 ) ) ;
#1437 = ORIENTED_EDGE ( 'NONE', *, *, #164, .T. ) ;
#1438 = DIRECTION ( 'NONE',  ( 1.000000000000000000, -1.982541115402065110E-16, -9.912705577010325549E-17 ) ) ;
#1439 = EDGE_CURVE ( 'NONE', #1989, #497, #727, .T. ) ;
#1440 = SURFACE_SIDE_STYLE ('',( #2032 ) ) ;
#1441 = DIRECTION ( 'NONE',  ( 0.0000000000000000000, 0.0000000000000000000, 1.000000000000000000 ) ) ;
#1442 = PLANE ( 'NONE',  #2133 ) ;
#1443 = EDGE_CURVE ( 'NONE', #2917, #3599, #1187, .T. ) ;
#1444 = ORIENTED_EDGE ( 'NONE', *, *, #1143, .T. ) ;
#1445 = CARTESIAN_POINT ( 'NONE',  ( -124.9999999999999716, 15.00000000000000000, -117.5000000000000142 ) ) ;
#1446 = ORIENTED_EDGE ( 'NONE', *, *, #3839, .T. ) ;
#1447 = DIRECTION ( 'NONE',  ( -1.000000000000000000, -0.0000000000000000000, -0.0000000000000000000 ) ) ;
#1448 = AXIS2_PLACEMENT_3D ( 'NONE', #1877, #99, #2489 ) ;
#1449 = AXIS2_PLACEMENT_3D ( 'NONE', #2278, #175, #2559 ) ;
#1450 = DIRECTION ( 'NONE',  ( 0.0000000000000000000, 0.0000000000000000000, 1.000000000000000000 ) ) ;
#1451 = LINE ( 'NONE', #2398, #3369 ) ;
#1452 = AXIS2_PLACEMENT_3D ( 'NONE', #879, #35, #3269 ) ;
#1453 = VERTEX_POINT ( 'NONE', #2830 ) ;
#1454 = ADVANCED_FACE ( 'NONE', ( #408 ), #120, .F. ) ;
#1455 = FACE_OUTER_BOUND ( 'NONE', #3853, .T. ) ;
#1456 = FACE_OUTER_BOUND ( 'NONE', #3095, .T. ) ;
#1458 = LINE ( 'NONE', #1057, #2613 ) ;
#1457 = DIRECTION ( 'NONE',  ( -0.0000000000000000000, 1.000000000000000000, -0.0000000000000000000 ) ) ;
#1459 = CARTESIAN_POINT ( 'NONE',  ( -69.99999999999998579, 15.00000000000001421, 80.00000000000001421 ) ) ;
#1460 = EDGE_CURVE ( 'NONE', #1955, #3345, #210, .T. ) ;
#1461 =( GEOMETRIC_REPRESENTATION_CONTEXT ( 3 ) GLOBAL_UNCERTAINTY_ASSIGNED_CONTEXT ( ( #1348 ) ) GLOBAL_UNIT_ASSIGNED_CONTEXT ( ( #647, #3301, #3598 ) ) REPRESENTATION_CONTEXT ( 'NONE', 'WORKASPACE' ) );
#1462 = LINE ( 'NONE', #3262, #3561 ) ;
#1463 = CARTESIAN_POINT ( 'NONE',  ( -90.00000000000000000, 300.0000000000000568, -95.09999999999999432 ) ) ;
#1464 = SURFACE_STYLE_FILL_AREA ( #290 ) ;
#1465 = ORIENTED_EDGE ( 'NONE', *, *, #851, .F. ) ;
#1466 = VERTEX_POINT ( 'NONE', #180 ) ;
#1467 = EDGE_CURVE ( 'NONE', #2579, #3620, #577, .T. ) ;
#1468 = VERTEX_POINT ( 'NONE', #2508 ) ;
#1469 = DIRECTION ( 'NONE',  ( -1.000000000000000000, 0.0000000000000000000, -0.0000000000000000000 ) ) ;
#1470 = ORIENTED_EDGE ( 'NONE', *, *, #1001, .T. ) ;
#1471 = ORIENTED_EDGE ( 'NONE', *, *, #1555, .F. ) ;
#1472 = FACE_OUTER_BOUND ( 'NONE', #3708, .T. ) ;
#1473 = CARTESIAN_POINT ( 'NONE',  ( 124.9999999999999716, 15.00000000000000000, -117.5000000000000000 ) ) ;
#1474 = DIRECTION ( 'NONE',  ( -0.0000000000000000000, 1.000000000000000000, -0.0000000000000000000 ) ) ;
#1475 = ORIENTED_EDGE ( 'NONE', *, *, #1970, .T. ) ;
#1476 = VERTEX_POINT ( 'NONE', #458 ) ;
#1477 = MANIFOLD_SOLID_BREP ( 'Ø6.0mm Dowel Hole1', #3458 ) ;
#1478 = CARTESIAN_POINT ( 'NONE',  ( 150.0000000000000000, 15.00000000000000000, 7.500000000000524025 ) ) ;
#1479 = DIRECTION ( 'NONE',  ( -0.0000000000000000000, 1.000000000000000000, -0.0000000000000000000 ) ) ;
#1480 = ORIENTED_EDGE ( 'NONE', *, *, #1862, .F. ) ;
#1481 = CARTESIAN_POINT ( 'NONE',  ( 124.9999999999999716, 15.00000000000000000, -4.499999999999990230 ) ) ;
#1482 = EDGE_CURVE ( 'NONE', #3152, #3309, #2867, .T. ) ;
#1483 = AXIS2_PLACEMENT_3D ( 'NONE', #377, #1283, #2237 ) ;
#1484 = CARTESIAN_POINT ( 'NONE',  ( -124.9999999999999716, 15.00000000000000000, -4.500000000000003553 ) ) ;
#1485 = CARTESIAN_POINT ( 'NONE',  ( 150.0000000000000000, 15.00000000000000000, 7.500000000000524025 ) ) ;
#1486 =( LENGTH_UNIT ( ) NAMED_UNIT ( * ) SI_UNIT ( .MILLI., .METRE. ) );
#1487 = EDGE_CURVE ( 'NONE', #3153, #2794, #2394, .T. ) ;
#1488 = DIRECTION ( 'NONE',  ( -1.000000000000000000, 1.982541115402066589E-16, -9.912705577010332945E-17 ) ) ;
#1489 =( NAMED_UNIT ( * ) SI_UNIT ( $, .STERADIAN. ) SOLID_ANGLE_UNIT ( ) );
#1490 = ORIENTED_EDGE ( 'NONE', *, *, #486, .T. ) ;
#1491 = CARTESIAN_POINT ( 'NONE',  ( -150.0000000000000284, 0.0000000000000000000, -150.0000000000000000 ) ) ;
#1492 = ADVANCED_FACE ( 'NONE', ( #3056 ), #3706, .F. ) ;
#1493 = DIRECTION ( 'NONE',  ( 0.0000000000000000000, 1.000000000000000000, 0.0000000000000000000 ) ) ;
#1494 = DIRECTION ( 'NONE',  ( 0.0000000000000000000, 0.0000000000000000000, 1.000000000000000000 ) ) ;
#1495 = ORIENTED_EDGE ( 'NONE', *, *, #2911, .F. ) ;
#1496 = PLANE ( 'NONE',  #817 ) ;
#1497 = CARTESIAN_POINT ( 'NONE',  ( 89.99999999999997158, 279.9999999999999432, 69.99999999999995737 ) ) ;
#1498 = CYLINDRICAL_SURFACE ( 'NONE', #193, 7.500000000000007105 ) ;
#1499 = CARTESIAN_POINT ( 'NONE',  ( -7.500000000001047162, 0.0000000000000000000, 149.9999999999999716 ) ) ;
#1500 = CARTESIAN_POINT ( 'NONE',  ( -149.9999999999999716, 0.0000000000000000000, -7.500000000001602274 ) ) ;
#1501 = VECTOR ( 'NONE', #3590, 1000.000000000000000 ) ;
#1502 = CIRCLE ( 'NONE', #2063, 5.099999999999993427 ) ;
#1503 = FACE_OUTER_BOUND ( 'NONE', #1205, .T. ) ;
#1504 = CARTESIAN_POINT ( 'NONE',  ( -30.00000000000000000, 15.00000000000000000, -121.5999999999999943 ) ) ;
#1505 = DIRECTION ( 'NONE',  ( -2.094760423821049858E-16, -1.000000000000000000, -0.0000000000000000000 ) ) ;
#1506 = ORIENTED_EDGE ( 'NONE', *, *, #3366, .T. ) ;
#1507 = ORIENTED_EDGE ( 'NONE', *, *, #2481, .F. ) ;
#1508 = EDGE_CURVE ( 'NONE', #3218, #3416, #529, .T. ) ;
#1509 = CYLINDRICAL_SURFACE ( 'NONE', #2988, 4.499999999999997335 ) ;
#1510 =( GEOMETRIC_REPRESENTATION_CONTEXT ( 3 ) GLOBAL_UNCERTAINTY_ASSIGNED_CONTEXT ( ( #381 ) ) GLOBAL_UNIT_ASSIGNED_CONTEXT ( ( #1764, #3220, #1193 ) ) REPRESENTATION_CONTEXT ( 'NONE', 'WORKASPACE' ) );
#1511 = DIRECTION ( 'NONE',  ( -1.000000000000000000, 2.094760423821049858E-16, 0.0000000000000000000 ) ) ;
#1512 = ORIENTED_EDGE ( 'NONE', *, *, #2282, .F. ) ;
#1513 = ORIENTED_EDGE ( 'NONE', *, *, #142, .T. ) ;
#1515 = EDGE_LOOP ( 'NONE', ( #307, #2963 ) ) ;
#1514 = CARTESIAN_POINT ( 'NONE',  ( 69.99999999999991473, 14.99999999999998579, -80.00000000000000000 ) ) ;
#1516 = CIRCLE ( 'NONE', #1060, 2.500000000000002220 ) ;
#1517 = VECTOR ( 'NONE', #1505, 1000.000000000000000 ) ;
#1518 = FACE_OUTER_BOUND ( 'NONE', #3578, .T. ) ;
#1519 = ORIENTED_EDGE ( 'NONE', *, *, #2198, .T. ) ;
#1520 = EDGE_CURVE ( 'NONE', #965, #3450, #3051, .T. ) ;
#1521 = PRODUCT_RELATED_PRODUCT_CATEGORY ( 'part', '', ( #1903 ) ) ;
#1522 = ORIENTED_EDGE ( 'NONE', *, *, #3648, .T. ) ;
#1523 = DIRECTION ( 'NONE',  ( 0.0000000000000000000, 1.000000000000000000, 0.0000000000000000000 ) ) ;
#1524 = FACE_BOUND ( 'NONE', #2265, .T. ) ;
#1525 = LINE ( 'NONE', #909, #310 ) ;
#1526 = CARTESIAN_POINT ( 'NONE',  ( -124.9999999999999716, 15.00000000000000000, 132.5000000000000000 ) ) ;
#1527 = UNCERTAINTY_MEASURE_WITH_UNIT (LENGTH_MEASURE( 1.000000000000000082E-05 ), #2365, 'distance_accuracy_value', 'NONE');
#1528 = DIRECTION ( 'NONE',  ( -0.0000000000000000000, 1.000000000000000000, -0.0000000000000000000 ) ) ;
#1529 = CARTESIAN_POINT ( 'NONE',  ( -139.9999999999999716, 0.0000000000000000000, 150.0000000000000000 ) ) ;
#1530 = ADVANCED_FACE ( 'NONE', ( #3185, #3473 ), #2273, .F. ) ;
#1531 = AXIS2_PLACEMENT_3D ( 'NONE', #83, #2184, #3666 ) ;
#1532 = ORIENTED_EDGE ( 'NONE', *, *, #3064, .F. ) ;
#1533 = CARTESIAN_POINT ( 'NONE',  ( 69.99999999999997158, 280.0000000000000000, -80.00000000000000000 ) ) ;
#1534 = STYLED_ITEM ( 'NONE', ( #3573 ), #2092 ) ;
#1535 = CARTESIAN_POINT ( 'NONE',  ( 69.99999999999997158, 280.0000000000000000, -69.99999999999998579 ) ) ;
#1536 = FILL_AREA_STYLE ('',( #2110 ) ) ;
#1537 = AXIS2_PLACEMENT_3D ( 'NONE', #594, #1724, #953 ) ;
#1538 = DIRECTION ( 'NONE',  ( -0.0000000000000000000, 1.000000000000000000, -0.0000000000000000000 ) ) ;
#1539 = DIRECTION ( 'NONE',  ( 0.0000000000000000000, 0.0000000000000000000, 1.000000000000000000 ) ) ;
#1540 = DIRECTION ( 'NONE',  ( 0.0000000000000000000, -1.000000000000000000, 0.0000000000000000000 ) ) ;
#1541 =( NAMED_UNIT ( * ) SI_UNIT ( $, .STERADIAN. ) SOLID_ANGLE_UNIT ( ) );
#1542 =( NAMED_UNIT ( * ) PLANE_ANGLE_UNIT ( ) SI_UNIT ( $, .RADIAN. ) );
#1543 = FACE_OUTER_BOUND ( 'NONE', #2839, .T. ) ;
#1544 = CIRCLE ( 'NONE', #3455, 20.00000000000000355 ) ;
#1545 = FACE_OUTER_BOUND ( 'NONE', #1813, .T. ) ;
#1546 =( NAMED_UNIT ( * ) PLANE_ANGLE_UNIT ( ) SI_UNIT ( $, .RADIAN. ) );
#1547 = DIRECTION ( 'NONE',  ( -0.0000000000000000000, -1.000000000000000000, -0.0000000000000000000 ) ) ;
#1548 = CIRCLE ( 'NONE', #396, 3.500000000000003109 ) ;
#1549 = VECTOR ( 'NONE', #1420, 1000.000000000000000 ) ;
#1550 = ADVANCED_FACE ( 'NONE', ( #1693 ), #799, .F. ) ;
#1551 = DIRECTION ( 'NONE',  ( -0.7071067811865490160, 0.0000000000000000000, 0.7071067811865460184 ) ) ;
#1552 = COLOUR_RGB ( '',1.000000000000000000, 1.000000000000000000, 1.000000000000000000 ) ;
#1553 = ORIENTED_EDGE ( 'NONE', *, *, #793, .T. ) ;
#1554 = LINE ( 'NONE', #3876, #572 ) ;
#1555 = EDGE_CURVE ( 'NONE', #3437, #965, #2390, .T. ) ;
#1556 = PLANE ( 'NONE',  #121 ) ;
#1557 = AXIS2_PLACEMENT_3D ( 'NONE', #609, #1201, #1539 ) ;
#1558 = ORIENTED_EDGE ( 'NONE', *, *, #444, .T. ) ;
#1559 = VERTEX_POINT ( 'NONE', #842 ) ;
#1560 = FILL_AREA_STYLE ('',( #1292 ) ) ;
#1561 = CARTESIAN_POINT ( 'NONE',  ( 30.00000000000000000, 15.00000000000000000, 128.4000000000000625 ) ) ;
#1562 = CARTESIAN_POINT ( 'NONE',  ( 142.5000000000000568, 15.00000000000000000, 4.975360907851466735E-13 ) ) ;
#1563 = DIRECTION ( 'NONE',  ( 0.0000000000000000000, 1.000000000000000000, 0.0000000000000000000 ) ) ;
#1564 = ORIENTED_EDGE ( 'NONE', *, *, #1887, .T. ) ;
#1565 = ORIENTED_EDGE ( 'NONE', *, *, #3844, .F. ) ;
#1566 = EDGE_CURVE ( 'NONE', #940, #2349, #814, .T. ) ;
#1567 = ORIENTED_EDGE ( 'NONE', *, *, #3028, .F. ) ;
#1568 = FACE_OUTER_BOUND ( 'NONE', #2554, .T. ) ;
#1569 = LINE ( 'NONE', #3746, #1988 ) ;
#1570 = EDGE_LOOP ( 'NONE', ( #1512, #3386, #1916, #771 ) ) ;
#1571 = FILL_AREA_STYLE_COLOUR ( '', #52 ) ;
#1572 = ORIENTED_EDGE ( 'NONE', *, *, #2834, .F. ) ;
#1573 = AXIS2_PLACEMENT_3D ( 'NONE', #2686, #1538, #1256 ) ;
#1574 = ADVANCED_FACE ( 'NONE', ( #769 ), #2765, .F. ) ;
#1575 = VERTEX_POINT ( 'NONE', #1110 ) ;
#1576 = DIRECTION ( 'NONE',  ( -0.0000000000000000000, 1.000000000000000000, -0.0000000000000000000 ) ) ;
#1577 = DIRECTION ( 'NONE',  ( -1.000000000000000000, 0.0000000000000000000, 9.912705577010324317E-17 ) ) ;
#1578 = AXIS2_PLACEMENT_3D ( 'NONE', #288, #3298, #1511 ) ;
#1579 =( NAMED_UNIT ( * ) SI_UNIT ( $, .STERADIAN. ) SOLID_ANGLE_UNIT ( ) );
#1580 = AXIS2_PLACEMENT_3D ( 'NONE', #1287, #88, #2424 ) ;
#1581 = DIRECTION ( 'NONE',  ( -1.000000000000000000, 1.982541115402066589E-16, -9.912705577010332945E-17 ) ) ;
#1582 = EDGE_CURVE ( 'NONE', #234, #1369, #350, .T. ) ;
#1583 = AXIS2_PLACEMENT_3D ( 'NONE', #238, #2328, #2347 ) ;
#1584 = DIRECTION ( 'NONE',  ( -0.0000000000000000000, 1.000000000000000000, -0.0000000000000000000 ) ) ;
#1585 = CARTESIAN_POINT ( 'NONE',  ( 0.0000000000000000000, 0.0000000000000000000, 0.0000000000000000000 ) ) ;
#1586 = DIRECTION ( 'NONE',  ( -2.094760423821049858E-16, -1.000000000000000000, -0.0000000000000000000 ) ) ;
#1587 = ORIENTED_EDGE ( 'NONE', *, *, #1779, .T. ) ;
#1588 = VECTOR ( 'NONE', #2721, 1000.000000000000000 ) ;
#1589 = EDGE_CURVE ( 'NONE', #3218, #1605, #1740, .T. ) ;
#1590 = FILL_AREA_STYLE_COLOUR ( '', #3694 ) ;
#1591 = FACE_OUTER_BOUND ( 'NONE', #2471, .T. ) ;
#1592 = CARTESIAN_POINT ( 'NONE',  ( -69.99999999999998579, 15.00000000000001421, -80.00000000000000000 ) ) ;
#1593 = CARTESIAN_POINT ( 'NONE',  ( 0.0000000000000000000, 0.0000000000000000000, -142.5000000000000568 ) ) ;
#1594 = VECTOR ( 'NONE', #873, 1000.000000000000000 ) ;
#1595 = DIRECTION ( 'NONE',  ( -1.000000000000000000, 1.734723475976803150E-16, 0.0000000000000000000 ) ) ;
#1596 = VECTOR ( 'NONE', #2946, 1000.000000000000000 ) ;
#1597 = PRESENTATION_LAYER_ASSIGNMENT (  '', '', ( #106 ) ) ;
#1598 = CARTESIAN_POINT ( 'NONE',  ( 70.00000000000001421, 280.0000000000000000, 89.99999999999997158 ) ) ;
#1599 = ORIENTED_EDGE ( 'NONE', *, *, #1036, .F. ) ;
#1600 = ORIENTED_EDGE ( 'NONE', *, *, #1957, .F. ) ;
#1602 = EDGE_LOOP ( 'NONE', ( #3187, #3550 ) ) ;
#1601 = DIRECTION ( 'NONE',  ( 0.0000000000000000000, 0.0000000000000000000, 1.000000000000000000 ) ) ;
#1603 = VECTOR ( 'NONE', #2318, 1000.000000000000114 ) ;
#1604 = VECTOR ( 'NONE', #1612, 1000.000000000000000 ) ;
#1605 = VERTEX_POINT ( 'NONE', #2904 ) ;
#1606 = EDGE_LOOP ( 'NONE', ( #3055, #1284, #2779, #3163 ) ) ;
#1607 = ORIENTED_EDGE ( 'NONE', *, *, #723, .T. ) ;
#1608 = LINE ( 'NONE', #1902, #22 ) ;
#1609 = LINE ( 'NONE', #2096, #1517 ) ;
#1610 = EDGE_CURVE ( 'NONE', #3547, #699, #3380, .T. ) ;
#1611 = LINE ( 'NONE', #1478, #412 ) ;
#1612 = DIRECTION ( 'NONE',  ( -7.401486830834376525E-17, -1.000000000000000000, -0.0000000000000000000 ) ) ;
#1613 = VERTEX_POINT ( 'NONE', #1983 ) ;
#1614 = ORIENTED_EDGE ( 'NONE', *, *, #1824, .T. ) ;
#1615 = LINE ( 'NONE', #2658, #2405 ) ;
#1616 = FACE_BOUND ( 'NONE', #3418, .T. ) ;
#1617 = DIRECTION ( 'NONE',  ( 0.0000000000000000000, 0.0000000000000000000, 1.000000000000000000 ) ) ;
#1618 = EDGE_CURVE ( 'NONE', #1638, #3802, #163, .T. ) ;
#1619 = VECTOR ( 'NONE', #154, 1000.000000000000000 ) ;
#1620 = CARTESIAN_POINT ( 'NONE',  ( 89.99999999999994316, 279.9999999999999432, -69.99999999999998579 ) ) ;
#1621 = CARTESIAN_POINT ( 'NONE',  ( -124.9999999999999716, 0.0000000000000000000, 132.5000000000000000 ) ) ;
#1622 = CARTESIAN_POINT ( 'NONE',  ( -70.00000000000000000, 280.0000000000000000, 95.00000000000000000 ) ) ;
#1623 = DIRECTION ( 'NONE',  ( 0.0000000000000000000, 0.0000000000000000000, 1.000000000000000000 ) ) ;
#1624 = STYLED_ITEM ( 'NONE', ( #917 ), #1492 ) ;
#1625 = CIRCLE ( 'NONE', #3211, 5.099999999999993427 ) ;
#1626 = CARTESIAN_POINT ( 'NONE',  ( -90.00000000000000000, 215.0000000000000284, -45.00000000000000000 ) ) ;
#1627 = ADVANCED_FACE ( 'NONE', ( #1503 ), #720, .F. ) ;
#1628 = CARTESIAN_POINT ( 'NONE',  ( -80.00000000000000000, 255.0000000000000000, -45.00000000000000000 ) ) ;
#1629 = ORIENTED_EDGE ( 'NONE', *, *, #45, .F. ) ;
#1630 = EDGE_CURVE ( 'NONE', #2767, #2170, #678, .T. ) ;
#1631 = AXIS2_PLACEMENT_3D ( 'NONE', #2441, #1800, #2682 ) ;
#1632 = CARTESIAN_POINT ( 'NONE',  ( 70.00000000000000000, 300.0000000000000568, -95.00000000000000000 ) ) ;
#1633 = LINE ( 'NONE', #2811, #49 ) ;
#1634 = EDGE_CURVE ( 'NONE', #501, #2894, #2619, .T. ) ;
#1636 = CIRCLE ( 'NONE', #857, 19.99999999999998224 ) ;
#1635 = DIRECTION ( 'NONE',  ( 0.0000000000000000000, 1.000000000000000000, 0.0000000000000000000 ) ) ;
#1637 = DIRECTION ( 'NONE',  ( -0.0000000000000000000, 1.000000000000000000, -0.0000000000000000000 ) ) ;
#1638 = VERTEX_POINT ( 'NONE', #2084 ) ;
#1639 = EDGE_CURVE ( 'NONE', #2311, #160, #3093, .T. ) ;
#1640 =( NAMED_UNIT ( * ) SI_UNIT ( $, .STERADIAN. ) SOLID_ANGLE_UNIT ( ) );
#1641 = PRODUCT_DEFINITION ( 'UNKNOWN', '', #726, #1206 ) ;
#1642 = CIRCLE ( 'NONE', #3732, 2.500000000000002220 ) ;
#1643 = LINE ( 'NONE', #1338, #2952 ) ;
#1644 = CARTESIAN_POINT ( 'NONE',  ( -90.00000000000000000, 280.0000000000000000, 95.09999999999999432 ) ) ;
#1645 = ADVANCED_FACE ( 'NONE', ( #2296 ), #13, .F. ) ;
#1646 = ORIENTED_EDGE ( 'NONE', *, *, #2411, .F. ) ;
#1647 = ORIENTED_EDGE ( 'NONE', *, *, #2580, .T. ) ;
#1648 = VECTOR ( 'NONE', #3100, 1000.000000000000000 ) ;
#1649 = VECTOR ( 'NONE', #564, 1000.000000000000000 ) ;
#1650 = DIRECTION ( 'NONE',  ( -1.000000000000000000, -0.0000000000000000000, -0.0000000000000000000 ) ) ;
#1651 = ORIENTED_EDGE ( 'NONE', *, *, #3691, .T. ) ;
#1652 = VERTEX_POINT ( 'NONE', #1133 ) ;
#1653 = EDGE_LOOP ( 'NONE', ( #729, #185 ) ) ;
#1654 = AXIS2_PLACEMENT_3D ( 'NONE', #651, #2734, #947 ) ;
#1655 = VECTOR ( 'NONE', #1834, 1000.000000000000000 ) ;
#1656 = DIRECTION ( 'NONE',  ( -0.0000000000000000000, -0.0000000000000000000, 1.000000000000000000 ) ) ;
#1657 = ORIENTED_EDGE ( 'NONE', *, *, #1404, .T. ) ;
#1658 = VECTOR ( 'NONE', #2384, 1000.000000000000000 ) ;
#1659 = CARTESIAN_POINT ( 'NONE',  ( 7.499999999999902300, 0.0000000000000000000, -149.9999999999999716 ) ) ;
#1660 = ORIENTED_EDGE ( 'NONE', *, *, #2884, .T. ) ;
#1661 = ORIENTED_EDGE ( 'NONE', *, *, #2167, .F. ) ;
#1662 = EDGE_CURVE ( 'NONE', #2653, #865, #3430, .T. ) ;
#1663 = DIRECTION ( 'NONE',  ( -0.0000000000000000000, 1.000000000000000000, -0.0000000000000000000 ) ) ;
#1664 = AXIS2_PLACEMENT_3D ( 'NONE', #58, #2151, #662 ) ;
#1665 = CARTESIAN_POINT ( 'NONE',  ( 0.0000000000000000000, 15.00000000000000000, -125.0000000000000000 ) ) ;
#1666 = EDGE_CURVE ( 'NONE', #2845, #3242, #3231, .T. ) ;
#1667 = VERTEX_POINT ( 'NONE', #2644 ) ;
#1668 = ORIENTED_EDGE ( 'NONE', *, *, #554, .T. ) ;
#1669 = DIRECTION ( 'NONE',  ( -0.0000000000000000000, -1.000000000000000000, -0.0000000000000000000 ) ) ;
#1670 = PLANE ( 'NONE',  #2997 ) ;
#1671 = MECHANICAL_DESIGN_GEOMETRIC_PRESENTATION_REPRESENTATION (  '', ( #3149 ), #3773 ) ;
#1672 = FACE_BOUND ( 'NONE', #533, .T. ) ;
#1673 = EDGE_LOOP ( 'NONE', ( #1012, #1196 ) ) ;
#1674 = CARTESIAN_POINT ( 'NONE',  ( 124.9999999999999716, 15.00000000000000000, -132.5000000000000000 ) ) ;
#1675 = VERTEX_POINT ( 'NONE', #3260 ) ;
#1676 = DIRECTION ( 'NONE',  ( -1.982541115402065849E-16, -0.0000000000000000000, -1.000000000000000000 ) ) ;
#1677 = CARTESIAN_POINT ( 'NONE',  ( 70.00000000000000000, 299.5000000000000568, -95.00000000000000000 ) ) ;
#1678 = CARTESIAN_POINT ( 'NONE',  ( 150.0000000000000284, 15.00000000000000000, 139.9999999999999147 ) ) ;
#1679 = VERTEX_POINT ( 'NONE', #1481 ) ;
#1680 = EDGE_CURVE ( 'NONE', #821, #773, #961, .T. ) ;
#1681 = ORIENTED_EDGE ( 'NONE', *, *, #2085, .F. ) ;
#1682 =( GEOMETRIC_REPRESENTATION_CONTEXT ( 3 ) GLOBAL_UNCERTAINTY_ASSIGNED_CONTEXT ( ( #1759 ) ) GLOBAL_UNIT_ASSIGNED_CONTEXT ( ( #53, #3673, #1579 ) ) REPRESENTATION_CONTEXT ( 'NONE', 'WORKASPACE' ) );
#1683 = FACE_OUTER_BOUND ( 'NONE', #2944, .T. ) ;
#1684 = VECTOR ( 'NONE', #2162, 1000.000000000000000 ) ;
#1685 = EDGE_CURVE ( 'NONE', #2581, #3765, #485, .T. ) ;
#1686 = CARTESIAN_POINT ( 'NONE',  ( 125.0000000000000000, 15.00000000000000000, -33.39999999999998437 ) ) ;
#1687 = DIRECTION ( 'NONE',  ( -0.0000000000000000000, 1.000000000000000000, -0.0000000000000000000 ) ) ;
#1688 = VECTOR ( 'NONE', #2846, 1000.000000000000000 ) ;
#1689 = DIRECTION ( 'NONE',  ( 0.0000000000000000000, 0.0000000000000000000, 1.000000000000000000 ) ) ;
#1690 = CARTESIAN_POINT ( 'NONE',  ( -70.00000000000004263, 15.00000000000001421, 69.99999999999998579 ) ) ;
#1691 = CARTESIAN_POINT ( 'NONE',  ( 70.00000000000001421, 280.0000000000000000, 89.99999999999997158 ) ) ;
#1692 = VECTOR ( 'NONE', #749, 1000.000000000000000 ) ;
#1693 = FACE_OUTER_BOUND ( 'NONE', #1570, .T. ) ;
#1694 = ORIENTED_EDGE ( 'NONE', *, *, #2708, .F. ) ;
#1695 = ORIENTED_EDGE ( 'NONE', *, *, #1460, .T. ) ;
#1696 = CARTESIAN_POINT ( 'NONE',  ( -80.00000000000000000, 255.0000000000000000, 47.50000000000000000 ) ) ;
#1697 = LINE ( 'NONE', #218, #3192 ) ;
#1698 = AXIS2_PLACEMENT_3D ( 'NONE', #3872, #1216, #2075 ) ;
#1699 = PRODUCT_DEFINITION_CONTEXT ( 'detailed design', #2738, 'design' ) ;
#1700 = VERTEX_POINT ( 'NONE', #886 ) ;
#1701 = LINE ( 'NONE', #3219, #2576 ) ;
#1702 = FILL_AREA_STYLE ('',( #862 ) ) ;
#1703 = CARTESIAN_POINT ( 'NONE',  ( 90.00000000000000000, 280.0000000000000000, 90.00000000000000000 ) ) ;
#1704 = LINE ( 'NONE', #2169, #23 ) ;
#1705 = ORIENTED_EDGE ( 'NONE', *, *, #2527, .T. ) ;
#1706 = ORIENTED_EDGE ( 'NONE', *, *, #2148, .T. ) ;
#1707 = CARTESIAN_POINT ( 'NONE',  ( -139.9999999999999716, 0.0000000000000000000, 150.0000000000000000 ) ) ;
#1708 = CIRCLE ( 'NONE', #863, 7.499999999999992895 ) ;
#1709 = CARTESIAN_POINT ( 'NONE',  ( 70.00000000000000000, 299.5000000000000568, -92.00000000000000000 ) ) ;
#1710 = EDGE_LOOP ( 'NONE', ( #3650, #1646 ) ) ;
#1711 = DIRECTION ( 'NONE',  ( -0.7071067811865475727, 5.233641528945915579E-17, -0.7071067811865475727 ) ) ;
#1712 = AXIS2_PLACEMENT_3D ( 'NONE', #3448, #3155, #2233 ) ;
#1713 = CARTESIAN_POINT ( 'NONE',  ( 124.9999999999999716, 0.0000000000000000000, 125.0000000000000000 ) ) ;
#1714 = CARTESIAN_POINT ( 'NONE',  ( -70.00000000000000000, 300.0000000000000568, 95.00000000000000000 ) ) ;
#1715 = ORIENTED_EDGE ( 'NONE', *, *, #2115, .T. ) ;
#1716 = EDGE_CURVE ( 'NONE', #2581, #318, #1554, .T. ) ;
#1717 = CARTESIAN_POINT ( 'NONE',  ( -90.00000000000000000, 255.0000000000000000, -45.00000000000000000 ) ) ;
#1718 = DIRECTION ( 'NONE',  ( -1.000000000000000000, -0.0000000000000000000, -0.0000000000000000000 ) ) ;
#1719 = FILL_AREA_STYLE_COLOUR ( '', #3867 ) ;
#1720 = DIRECTION ( 'NONE',  ( -2.094760423821049858E-16, -1.000000000000000000, -0.0000000000000000000 ) ) ;
#1721 = VERTEX_POINT ( 'NONE', #2370 ) ;
#1722 = AXIS2_PLACEMENT_3D ( 'NONE', #2755, #3680, #1023 ) ;
#1723 = CARTESIAN_POINT ( 'NONE',  ( 124.9999999999999716, 15.00000000000000000, -117.5000000000000000 ) ) ;
#1725 = ORIENTED_EDGE ( 'NONE', *, *, #3648, .F. ) ;
#1724 = DIRECTION ( 'NONE',  ( -1.000000000000000000, -0.0000000000000000000, -0.0000000000000000000 ) ) ;
#1726 = AXIS2_PLACEMENT_3D ( 'NONE', #2117, #1479, #1207 ) ;
#1727 = CARTESIAN_POINT ( 'NONE',  ( 0.0000000000000000000, 15.00000000000000000, -142.5000000000000568 ) ) ;
#1728 = VECTOR ( 'NONE', #2840, 1000.000000000000000 ) ;
#1729 = DIRECTION ( 'NONE',  ( 0.0000000000000000000, 0.0000000000000000000, 1.000000000000000000 ) ) ;
#1730 =( NAMED_UNIT ( * ) SI_UNIT ( $, .STERADIAN. ) SOLID_ANGLE_UNIT ( ) );
#1731 = DIRECTION ( 'NONE',  ( 0.0000000000000000000, 0.0000000000000000000, 1.000000000000000000 ) ) ;
#1732 = EDGE_CURVE ( 'NONE', #3624, #736, #2440, .T. ) ;
#1733 = AXIS2_PLACEMENT_3D ( 'NONE', #1339, #176, #2542 ) ;
#1734 = CARTESIAN_POINT ( 'NONE',  ( -150.0000000000000284, 0.0000000000000000000, -139.9999999999999432 ) ) ;
#1735 = VECTOR ( 'NONE', #301, 1000.000000000000114 ) ;
#1736 = DIRECTION ( 'NONE',  ( 1.000000000000000000, 0.0000000000000000000, 0.0000000000000000000 ) ) ;
#1737 = EDGE_CURVE ( 'NONE', #978, #532, #3328, .T. ) ;
#1738 = DIRECTION ( 'NONE',  ( 0.0000000000000000000, 1.000000000000000000, 0.0000000000000000000 ) ) ;
#1739 = ORIENTED_EDGE ( 'NONE', *, *, #182, .F. ) ;
#1740 = CIRCLE ( 'NONE', #910, 3.000000000000002665 ) ;
#1741 = CARTESIAN_POINT ( 'NONE',  ( 90.00000000000000000, 280.0000000000000000, -90.00000000000000000 ) ) ;
#1742 = CARTESIAN_POINT ( 'NONE',  ( 90.00000000000000000, 280.0000000000000000, -90.00000000000000000 ) ) ;
#1743 = VERTEX_POINT ( 'NONE', #3642 ) ;
#1744 = ORIENTED_EDGE ( 'NONE', *, *, #1806, .F. ) ;
#1745 = DIRECTION ( 'NONE',  ( 1.000000000000000000, 0.0000000000000000000, 0.0000000000000000000 ) ) ;
#1746 = EDGE_LOOP ( 'NONE', ( #2638, #2966, #1282, #1322, #3482, #1419, #2377, #725 ) ) ;
#1747 = EDGE_CURVE ( 'NONE', #1032, #365, #3143, .T. ) ;
#1748 = VERTEX_POINT ( 'NONE', #2152 ) ;
#1749 = DIRECTION ( 'NONE',  ( -1.000000000000000000, -0.0000000000000000000, -0.0000000000000000000 ) ) ;
#1750 = FACE_BOUND ( 'NONE', #1839, .T. ) ;
#1751 = ORIENTED_EDGE ( 'NONE', *, *, #2143, .T. ) ;
#1752 = ORIENTED_EDGE ( 'NONE', *, *, #242, .F. ) ;
#1753 = CARTESIAN_POINT ( 'NONE',  ( -90.00000000000000000, 255.0000000000000000, 42.49999999999999289 ) ) ;
#1754 = CARTESIAN_POINT ( 'NONE',  ( -124.9999999999999432, 280.0000000000000000, 115.0000000000000426 ) ) ;
#1755 = EDGE_CURVE ( 'NONE', #865, #2653, #3751, .T. ) ;
#1756 = CARTESIAN_POINT ( 'NONE',  ( -114.9999999999999432, 300.0000000000000568, -124.9999999999999432 ) ) ;
#1757 = CARTESIAN_POINT ( 'NONE',  ( -124.9999999999999716, 0.0000000000000000000, -132.5000000000000000 ) ) ;
#1758 = CARTESIAN_POINT ( 'NONE',  ( -124.9999999999999716, 15.00000000000000000, 26.59999999999999787 ) ) ;
#1759 = UNCERTAINTY_MEASURE_WITH_UNIT (LENGTH_MEASURE( 1.000000000000000082E-05 ), #53, 'distance_accuracy_value', 'NONE');
#1760 = EDGE_LOOP ( 'NONE', ( #2978, #874, #334, #3247 ) ) ;
#1761 = ORIENTED_EDGE ( 'NONE', *, *, #1211, .F. ) ;
#1762 = EDGE_CURVE ( 'NONE', #1866, #1078, #2168, .T. ) ;
#1763 = DIRECTION ( 'NONE',  ( -0.0000000000000000000, 1.000000000000000000, -0.0000000000000000000 ) ) ;
#1764 =( LENGTH_UNIT ( ) NAMED_UNIT ( * ) SI_UNIT ( .MILLI., .METRE. ) );
#1765 = FACE_BOUND ( 'NONE', #1006, .T. ) ;
#1766 = AXIS2_PLACEMENT_3D ( 'NONE', #24, #372, #3630 ) ;
#1767 = EDGE_LOOP ( 'NONE', ( #3063, #14, #1725, #1940 ) ) ;
#1768 = DIRECTION ( 'NONE',  ( 7.401486830834376525E-17, 1.000000000000000000, 0.0000000000000000000 ) ) ;
#1769 = DIRECTION ( 'NONE',  ( -1.000000000000000000, -0.0000000000000000000, -0.0000000000000000000 ) ) ;
#1770 = ORIENTED_EDGE ( 'NONE', *, *, #3070, .F. ) ;
#1771 =( LENGTH_UNIT ( ) NAMED_UNIT ( * ) SI_UNIT ( .MILLI., .METRE. ) );
#1772 = FILL_AREA_STYLE_COLOUR ( '', #1048 ) ;
#1773 = ORIENTED_EDGE ( 'NONE', *, *, #2730, .T. ) ;
#1774 = CIRCLE ( 'NONE', #3224, 4.500000000000003553 ) ;
#1775 =( LENGTH_UNIT ( ) NAMED_UNIT ( * ) SI_UNIT ( .MILLI., .METRE. ) );
#1776 = CIRCLE ( 'NONE', #3207, 2.500000000000002220 ) ;
#1777 = CARTESIAN_POINT ( 'NONE',  ( 0.0000000000000000000, -0.0009999999999992653654, 75.00000000000001421 ) ) ;
#1778 = VECTOR ( 'NONE', #1720, 1000.000000000000000 ) ;
#1779 = EDGE_CURVE ( 'NONE', #2841, #501, #1367, .T. ) ;
#1780 = AXIS2_PLACEMENT_3D ( 'NONE', #437, #1311, #2847 ) ;
#1781 = FACE_OUTER_BOUND ( 'NONE', #2361, .T. ) ;
#1782 = CIRCLE ( 'NONE', #1780, 10.00000000000000888 ) ;
#1783 = CARTESIAN_POINT ( 'NONE',  ( 5.510910596163078709E-16, 0.0000000000000000000, -129.5000000000000000 ) ) ;
#1784 = ORIENTED_EDGE ( 'NONE', *, *, #2856, .T. ) ;
#1785 = EDGE_CURVE ( 'NONE', #3437, #2008, #3140, .T. ) ;
#1786 = ORIENTED_EDGE ( 'NONE', *, *, #1118, .T. ) ;
#1787 = DIRECTION ( 'NONE',  ( 0.0000000000000000000, 0.0000000000000000000, 1.000000000000000000 ) ) ;
#1788 = VECTOR ( 'NONE', #2207, 1000.000000000000000 ) ;
#1789 = LINE ( 'NONE', #3162, #1188 ) ;
#1790 = CARTESIAN_POINT ( 'NONE',  ( -7.500000000000000000, -0.0009999999999992653654, -150.0000000000000284 ) ) ;
#1791 = ORIENTED_EDGE ( 'NONE', *, *, #1610, .T. ) ;
#1792 = ORIENTED_EDGE ( 'NONE', *, *, #3570, .F. ) ;
#1793 = LINE ( 'NONE', #2472, #734 ) ;
#1794 = CARTESIAN_POINT ( 'NONE',  ( -70.00000000000004263, 15.00000000000001421, 69.99999999999998579 ) ) ;
#1795 = EDGE_LOOP ( 'NONE', ( #3871, #1050, #2024, #1860 ) ) ;
#1796 = ORIENTED_EDGE ( 'NONE', *, *, #405, .T. ) ;
#1797 = AXIS2_PLACEMENT_3D ( 'NONE', #1209, #884, #2375 ) ;
#1798 = VECTOR ( 'NONE', #2912, 1000.000000000000114 ) ;
#1799 = CARTESIAN_POINT ( 'NONE',  ( -90.00000000000002842, 15.00000000000001776, 69.99999999999998579 ) ) ;
#1800 = DIRECTION ( 'NONE',  ( 2.094760423821049858E-16, 1.000000000000000000, 0.0000000000000000000 ) ) ;
#1801 = DIRECTION ( 'NONE',  ( 0.0000000000000000000, 0.0000000000000000000, 1.000000000000000000 ) ) ;
#1802 = ADVANCED_FACE ( 'NONE', ( #3609 ), #1227, .F. ) ;
#1803 = ORIENTED_EDGE ( 'NONE', *, *, #2943, .T. ) ;
#1804 = DIRECTION ( 'NONE',  ( 0.0000000000000000000, 0.0000000000000000000, 1.000000000000000000 ) ) ;
#1805 = UNCERTAINTY_MEASURE_WITH_UNIT (LENGTH_MEASURE( 1.000000000000000082E-05 ), #2159, 'distance_accuracy_value', 'NONE');
#1806 = EDGE_CURVE ( 'NONE', #1700, #3759, #670, .T. ) ;
#1807 = AXIS2_PLACEMENT_3D ( 'NONE', #2564, #1364, #801 ) ;
#1808 = CARTESIAN_POINT ( 'NONE',  ( -124.9999999999999716, 15.00000000000000000, 0.0000000000000000000 ) ) ;
#1809 = EDGE_CURVE ( 'NONE', #2145, #2722, #2903, .T. ) ;
#1810 = CARTESIAN_POINT ( 'NONE',  ( -80.00000000000007105, 15.00000000000001421, 69.99999999999998579 ) ) ;
#1811 = ORIENTED_EDGE ( 'NONE', *, *, #557, .F. ) ;
#1812 = CARTESIAN_POINT ( 'NONE',  ( 69.99999999999991473, 14.99999999999998579, -80.00000000000000000 ) ) ;
#1813 = EDGE_LOOP ( 'NONE', ( #3200, #414, #235, #3628 ) ) ;
#1814 = DIRECTION ( 'NONE',  ( 0.0000000000000000000, 0.0000000000000000000, -1.000000000000000000 ) ) ;
#1815 = ORIENTED_EDGE ( 'NONE', *, *, #1912, .T. ) ;
#1816 = CARTESIAN_POINT ( 'NONE',  ( -124.9999999999999716, 15.00000000000000000, -125.0000000000000000 ) ) ;
#1817 = ADVANCED_FACE ( 'NONE', ( #1456 ), #355, .F. ) ;
#1818 = VECTOR ( 'NONE', #380, 1000.000000000000000 ) ;
#1819 = CARTESIAN_POINT ( 'NONE',  ( -124.9999999999999716, 0.0000000000000000000, 33.39999999999999858 ) ) ;
#1820 = DIRECTION ( 'NONE',  ( 0.0000000000000000000, 1.000000000000000000, 0.0000000000000000000 ) ) ;
#1821 = FACE_OUTER_BOUND ( 'NONE', #3668, .T. ) ;
#1822 = LINE ( 'NONE', #3384, #2610 ) ;
#1823 = DIRECTION ( 'NONE',  ( 2.094760423821049858E-16, 1.000000000000000000, 0.0000000000000000000 ) ) ;
#1824 = EDGE_CURVE ( 'NONE', #2722, #1153, #3181, .T. ) ;
#1825 = AXIS2_PLACEMENT_3D ( 'NONE', #3632, #3352, #386 ) ;
#1826 = FACE_OUTER_BOUND ( 'NONE', #461, .T. ) ;
#1827 = SURFACE_STYLE_USAGE ( .BOTH. , #3332 ) ;
#1828 = CARTESIAN_POINT ( 'NONE',  ( 30.00000000000000000, 15.00000000000000000, 125.0000000000000568 ) ) ;
#1829 = ORIENTED_EDGE ( 'NONE', *, *, #213, .F. ) ;
#1830 = PRESENTATION_STYLE_ASSIGNMENT (( #3178 ) ) ;
#1831 = CIRCLE ( 'NONE', #1712, 4.499999999999990230 ) ;
#1832 = EDGE_CURVE ( 'NONE', #1015, #991, #2114, .T. ) ;
#1833 = VECTOR ( 'NONE', #3239, 1000.000000000000000 ) ;
#1834 = DIRECTION ( 'NONE',  ( -1.000000000000000000, -0.0000000000000000000, -0.0000000000000000000 ) ) ;
#1835 = ORIENTED_EDGE ( 'NONE', *, *, #230, .T. ) ;
#1836 = ORIENTED_EDGE ( 'NONE', *, *, #1308, .T. ) ;
#1837 = ORIENTED_EDGE ( 'NONE', *, *, #1344, .F. ) ;
#1838 = VECTOR ( 'NONE', #315, 1000.000000000000000 ) ;
#1839 = EDGE_LOOP ( 'NONE', ( #3808, #3127 ) ) ;
#1840 = EDGE_CURVE ( 'NONE', #3880, #551, #908, .T. ) ;
#1841 = PRODUCT_DEFINITION ( 'UNKNOWN', '', #2200, #1699 ) ;
#1842 = ORIENTED_EDGE ( 'NONE', *, *, #1317, .F. ) ;
#1843 = ADVANCED_FACE ( 'NONE', ( #1319 ), #2431, .F. ) ;
#1844 = VECTOR ( 'NONE', #568, 1000.000000000000000 ) ;
#1845 = DIRECTION ( 'NONE',  ( -0.0000000000000000000, 1.000000000000000000, -0.0000000000000000000 ) ) ;
#1846 = ORIENTED_EDGE ( 'NONE', *, *, #2730, .F. ) ;
#1847 = CIRCLE ( 'NONE', #1164, 7.500000000000007105 ) ;
#1848 = CARTESIAN_POINT ( 'NONE',  ( 149.9999999999999716, 15.00000000000000000, -150.0000000000000000 ) ) ;
#1849 = DIRECTION ( 'NONE',  ( 0.0000000000000000000, 0.0000000000000000000, 1.000000000000000000 ) ) ;
#1850 = CARTESIAN_POINT ( 'NONE',  ( -124.9999999999999716, 15.00000000000000000, 132.5000000000000000 ) ) ;
#1851 = ORIENTED_EDGE ( 'NONE', *, *, #3343, .T. ) ;
#1852 = EDGE_LOOP ( 'NONE', ( #1325, #3280, #1564, #302 ) ) ;
#1853 = CARTESIAN_POINT ( 'NONE',  ( 115.0000000000000568, 300.0000000000000568, 125.0000000000000000 ) ) ;
#1854 = CIRCLE ( 'NONE', #425, 4.500000000000003553 ) ;
#1855 = CARTESIAN_POINT ( 'NONE',  ( 5.510910596163086597E-16, 15.00000000000000000, -129.5000000000000000 ) ) ;
#1856 = EDGE_CURVE ( 'NONE', #1078, #1468, #1822, .T. ) ;
#1857 = AXIS2_PLACEMENT_3D ( 'NONE', #3748, #2820, #2214 ) ;
#1858 = CARTESIAN_POINT ( 'NONE',  ( -70.00000000000000000, 280.0000000000000000, 95.00000000000000000 ) ) ;
#1859 = CARTESIAN_POINT ( 'NONE',  ( -139.9999999999999716, 15.00000000000000000, 150.0000000000000000 ) ) ;
#1860 = ORIENTED_EDGE ( 'NONE', *, *, #510, .T. ) ;
#1861 = ADVANCED_FACE ( 'NONE', ( #858 ), #2563, .T. ) ;
#1862 = EDGE_CURVE ( 'NONE', #1346, #1911, #3373, .T. ) ;
#1863 = DIRECTION ( 'NONE',  ( 0.0000000000000000000, 0.0000000000000000000, 1.000000000000000000 ) ) ;
#1864 = ORIENTED_EDGE ( 'NONE', *, *, #2115, .F. ) ;
#1865 = PLANE ( 'NONE',  #1580 ) ;
#1866 = VERTEX_POINT ( 'NONE', #1370 ) ;
#1867 = ORIENTED_EDGE ( 'NONE', *, *, #1747, .T. ) ;
#1868 = VECTOR ( 'NONE', #12, 1000.000000000000000 ) ;
#1869 = EDGE_CURVE ( 'NONE', #3286, #693, #3135, .T. ) ;
#1870 = ORIENTED_EDGE ( 'NONE', *, *, #94, .T. ) ;
#1871 = DIRECTION ( 'NONE',  ( -0.0000000000000000000, 1.000000000000000000, -0.0000000000000000000 ) ) ;
#1872 = CARTESIAN_POINT ( 'NONE',  ( 139.9999999999998863, 15.00000000000000000, 150.0000000000000284 ) ) ;
#1873 =( LENGTH_UNIT ( ) NAMED_UNIT ( * ) SI_UNIT ( .MILLI., .METRE. ) );
#1874 = CIRCLE ( 'NONE', #3456, 5.099999999999993427 ) ;
#1875 = UNCERTAINTY_MEASURE_WITH_UNIT (LENGTH_MEASURE( 1.000000000000000082E-05 ), #1873, 'distance_accuracy_value', 'NONE');
#1876 = VECTOR ( 'NONE', #2463, 1000.000000000000000 ) ;
#1877 = CARTESIAN_POINT ( 'NONE',  ( 70.00000000000000000, 300.0000000000000568, -95.00000000000000000 ) ) ;
#1878 = DIRECTION ( 'NONE',  ( 0.0000000000000000000, 0.0000000000000000000, -1.000000000000000000 ) ) ;
#1879 = AXIS2_PLACEMENT_3D ( 'NONE', #3686, #1343, #406 ) ;
#1880 = ORIENTED_EDGE ( 'NONE', *, *, #2276, .T. ) ;
#1881 = ORIENTED_EDGE ( 'NONE', *, *, #5, .T. ) ;
#1882 = COLOUR_RGB ( '',0.6470588235294117974, 0.6196078431372549211, 0.5882352941176470784 ) ;
#1883 = CARTESIAN_POINT ( 'NONE',  ( 90.00000000000000000, 300.0000000000000568, 90.00000000000000000 ) ) ;
#1884 = DIRECTION ( 'NONE',  ( -0.0000000000000000000, 1.000000000000000000, -0.0000000000000000000 ) ) ;
#1885 = CARTESIAN_POINT ( 'NONE',  ( -124.9999999999999716, 0.0000000000000000000, 0.0000000000000000000 ) ) ;
#1886 = ORIENTED_EDGE ( 'NONE', *, *, #1433, .F. ) ;
#1887 = EDGE_CURVE ( 'NONE', #1415, #1605, #243, .T. ) ;
#1888 = ORIENTED_EDGE ( 'NONE', *, *, #3768, .T. ) ;
#1889 = CIRCLE ( 'NONE', #2905, 4.499999999999997335 ) ;
#1890 = LINE ( 'NONE', #2416, #1838 ) ;
#1891 = CYLINDRICAL_SURFACE ( 'NONE', #1698, 2.499999999999988454 ) ;
#1892 = CARTESIAN_POINT ( 'NONE',  ( -69.99999999999998579, 280.0000000000000000, -69.99999999999998579 ) ) ;
#1893 = DIRECTION ( 'NONE',  ( -1.000000000000000000, -0.0000000000000000000, -0.0000000000000000000 ) ) ;
#1894 = ORIENTED_EDGE ( 'NONE', *, *, #1443, .F. ) ;
#1895 = DIRECTION ( 'NONE',  ( 0.0000000000000000000, 0.0000000000000000000, 1.000000000000000000 ) ) ;
#1896 = ORIENTED_EDGE ( 'NONE', *, *, #1195, .T. ) ;
#1897 = VECTOR ( 'NONE', #3827, 1000.000000000000000 ) ;
#1898 = DIRECTION ( 'NONE',  ( 0.0000000000000000000, 0.0000000000000000000, 1.000000000000000000 ) ) ;
#1899 = VERTEX_POINT ( 'NONE', #1709 ) ;
#1900 = PLANE ( 'NONE',  #3603 ) ;
#1901 = CARTESIAN_POINT ( 'NONE',  ( -139.9999999999999716, 15.00000000000000000, -150.0000000000000000 ) ) ;
#1902 = CARTESIAN_POINT ( 'NONE',  ( -7.500000000001047162, 15.00000000000000000, 149.9999999999999716 ) ) ;
#1903 = PRODUCT ( '4GAA002120103003X', '4GAA002120103003X', '', ( #658 ) ) ;
#1904 = FILL_AREA_STYLE ('',( #431 ) ) ;
#1905 = ORIENTED_EDGE ( 'NONE', *, *, #943, .T. ) ;
#1906 = SURFACE_SIDE_STYLE ('',( #236 ) ) ;
#1907 = AXIS2_PLACEMENT_3D ( 'NONE', #3318, #3023, #2446 ) ;
#1908 = DIRECTION ( 'NONE',  ( -0.0000000000000000000, 1.000000000000000000, -0.0000000000000000000 ) ) ;
#1909 = FACE_BOUND ( 'NONE', #1710, .T. ) ;
#1910 = DIRECTION ( 'NONE',  ( -1.000000000000000000, 0.0000000000000000000, 0.0000000000000000000 ) ) ;
#1911 = VERTEX_POINT ( 'NONE', #3227 ) ;
#1912 = EDGE_CURVE ( 'NONE', #2349, #940, #716, .T. ) ;
#1913 = DIRECTION ( 'NONE',  ( 2.094760423821049858E-16, 1.000000000000000000, 0.0000000000000000000 ) ) ;
#1914 = CARTESIAN_POINT ( 'NONE',  ( 90.00000000000000000, 300.0000000000000568, 95.09999999999999432 ) ) ;
#1915 = ORIENTED_EDGE ( 'NONE', *, *, #645, .F. ) ;
#1916 = ORIENTED_EDGE ( 'NONE', *, *, #1252, .T. ) ;
#1917 = CIRCLE ( 'NONE', #1879, 3.400000000000000355 ) ;
#1918 = DIRECTION ( 'NONE',  ( 0.0000000000000000000, 1.000000000000000000, 0.0000000000000000000 ) ) ;
#1919 = EDGE_CURVE ( 'NONE', #1153, #2089, #2210, .T. ) ;
#1920 = CYLINDRICAL_SURFACE ( 'NONE', #3476, 62.50000000000000000 ) ;
#1921 = FACE_OUTER_BOUND ( 'NONE', #1606, .T. ) ;
#1922 = CARTESIAN_POINT ( 'NONE',  ( -80.00000000000005684, 15.00000000000001599, -69.99999999999998579 ) ) ;
#1923 = SURFACE_SIDE_STYLE ('',( #2302 ) ) ;
#1924 = FACE_OUTER_BOUND ( 'NONE', #3338, .T. ) ;
#1925 = AXIS2_PLACEMENT_3D ( 'NONE', #2323, #266, #521 ) ;
#1926 = VECTOR ( 'NONE', #91, 1000.000000000000000 ) ;
#1927 = AXIS2_PLACEMENT_3D ( 'NONE', #2288, #241, #3776 ) ;
#1928 = CARTESIAN_POINT ( 'NONE',  ( 69.99999999999997158, 14.99999999999998579, 89.99999999999997158 ) ) ;
#1929 = LINE ( 'NONE', #1756, #3792 ) ;
#1930 = UNCERTAINTY_MEASURE_WITH_UNIT (LENGTH_MEASURE( 1.000000000000000082E-05 ), #1390, 'distance_accuracy_value', 'NONE');
#1931 = AXIS2_PLACEMENT_3D ( 'NONE', #392, #951, #3071 ) ;
#1932 = CARTESIAN_POINT ( 'NONE',  ( -114.9999999999999432, 300.0000000000000568, 125.0000000000000000 ) ) ;
#1933 = EDGE_LOOP ( 'NONE', ( #1994, #1886, #824, #2055 ) ) ;
#1935 = EDGE_LOOP ( 'NONE', ( #2190, #3196 ) ) ;
#1934 = DIRECTION ( 'NONE',  ( 1.850371707708594563E-16, 0.0000000000000000000, 1.000000000000000000 ) ) ;
#1936 = VECTOR ( 'NONE', #2507, 1000.000000000000000 ) ;
#1937 = COLOUR_RGB ( '',1.000000000000000000, 1.000000000000000000, 1.000000000000000000 ) ;
#1938 = FACE_OUTER_BOUND ( 'NONE', #2418, .T. ) ;
#1939 = ORIENTED_EDGE ( 'NONE', *, *, #587, .T. ) ;
#1940 = ORIENTED_EDGE ( 'NONE', *, *, #2167, .T. ) ;
#1941 = DIRECTION ( 'NONE',  ( 0.0000000000000000000, 0.0000000000000000000, -1.000000000000000000 ) ) ;
#1942 = ORIENTED_EDGE ( 'NONE', *, *, #2758, .F. ) ;
#1943 = EDGE_CURVE ( 'NONE', #924, #2532, #808, .T. ) ;
#1944 = LINE ( 'NONE', #2420, #3235 ) ;
#1945 = AXIS2_PLACEMENT_3D ( 'NONE', #1199, #2669, #1804 ) ;
#1946 = ORIENTED_EDGE ( 'NONE', *, *, #2364, .T. ) ;
#1947 = EDGE_LOOP ( 'NONE', ( #2725, #1299, #509, #262 ) ) ;
#1948 = COLOUR_RGB ( '',0.6470588235294117974, 0.6196078431372549211, 0.5882352941176470784 ) ;
#1949 = DIRECTION ( 'NONE',  ( 0.7071067811865489050, 0.0000000000000000000, 0.7071067811865461294 ) ) ;
#1950 = DIRECTION ( 'NONE',  ( 0.0000000000000000000, 0.0000000000000000000, 1.000000000000000000 ) ) ;
#1951 = VECTOR ( 'NONE', #2886, 1000.000000000000000 ) ;
#1952 = ORIENTED_EDGE ( 'NONE', *, *, #1990, .T. ) ;
#1953 = DIRECTION ( 'NONE',  ( 7.401486830834376525E-17, 1.000000000000000000, 0.0000000000000000000 ) ) ;
#1954 = DIRECTION ( 'NONE',  ( 0.7071067811865484609, -0.0000000000000000000, -0.7071067811865465735 ) ) ;
#1955 = VERTEX_POINT ( 'NONE', #812 ) ;
#1956 = CARTESIAN_POINT ( 'NONE',  ( 139.9999999999999716, 0.0000000000000000000, -150.0000000000000000 ) ) ;
#1957 = EDGE_CURVE ( 'NONE', #788, #2073, #3319, .T. ) ;
#1958 = ORIENTED_EDGE ( 'NONE', *, *, #3747, .F. ) ;
#1959 = VERTEX_POINT ( 'NONE', #548 ) ;
#1960 = CARTESIAN_POINT ( 'NONE',  ( -69.99999999999994316, 280.0000000000000000, -80.00000000000000000 ) ) ;
#1961 = VERTEX_POINT ( 'NONE', #3179 ) ;
#1962 = CARTESIAN_POINT ( 'NONE',  ( -69.99999999999998579, 280.0000000000000000, 69.99999999999998579 ) ) ;
#1963 = ORIENTED_EDGE ( 'NONE', *, *, #1747, .F. ) ;
#1964 = EDGE_CURVE ( 'NONE', #2722, #2532, #3426, .T. ) ;
#1965 = AXIS2_PLACEMENT_3D ( 'NONE', #3733, #129, #1601 ) ;
#1966 = CARTESIAN_POINT ( 'NONE',  ( -90.00000000000000000, 300.0000000000000568, -90.00000000000000000 ) ) ;
#1967 = EDGE_LOOP ( 'NONE', ( #2488, #3523, #326, #1495 ) ) ;
#1968 = CARTESIAN_POINT ( 'NONE',  ( 30.00000000000000000, 15.00000000000000000, 121.6000000000000512 ) ) ;
#1969 = ADVANCED_FACE ( 'NONE', ( #2293 ), #1407, .F. ) ;
#1970 = EDGE_CURVE ( 'NONE', #488, #2817, #9, .T. ) ;
#1971 = ORIENTED_EDGE ( 'NONE', *, *, #3844, .T. ) ;
#1972 = CARTESIAN_POINT ( 'NONE',  ( 5.510910596163080681E-16, 15.00000000000000000, -129.5000000000000000 ) ) ;
#1974 = VERTEX_POINT ( 'NONE', #1112 ) ;
#1973 = DIRECTION ( 'NONE',  ( 0.0000000000000000000, 1.000000000000000000, 0.0000000000000000000 ) ) ;
#1975 = DIRECTION ( 'NONE',  ( 0.0000000000000000000, 1.000000000000000000, 0.0000000000000000000 ) ) ;
#1976 = PRESENTATION_LAYER_ASSIGNMENT (  '', '', ( #3149 ) ) ;
#1977 = LINE ( 'NONE', #1960, #2340 ) ;
#1978 = PRESENTATION_LAYER_ASSIGNMENT (  '', '', ( #1624 ) ) ;
#1979 = LINE ( 'NONE', #649, #1182 ) ;
#1980 = CARTESIAN_POINT ( 'NONE',  ( 125.0000000000000568, 300.0000000000000568, 115.0000000000000142 ) ) ;
#1981 = ORIENTED_EDGE ( 'NONE', *, *, #1943, .T. ) ;
#1982 = EDGE_LOOP ( 'NONE', ( #1565, #228 ) ) ;
#1983 = CARTESIAN_POINT ( 'NONE',  ( 70.00000000000000000, 300.0000000000000568, -91.50000000000000000 ) ) ;
#1984 = DIRECTION ( 'NONE',  ( -1.000000000000000000, 1.734723475976806848E-16, 0.0000000000000000000 ) ) ;
#1985 = ORIENTED_EDGE ( 'NONE', *, *, #3012, .T. ) ;
#1986 = CIRCLE ( 'NONE', #2697, 5.099999999999993427 ) ;
#1987 = VECTOR ( 'NONE', #25, 999.9999999999998863 ) ;
#1988 = VECTOR ( 'NONE', #191, 1000.000000000000000 ) ;
#1989 = VERTEX_POINT ( 'NONE', #1691 ) ;
#1990 = EDGE_CURVE ( 'NONE', #3208, #376, #1642, .T. ) ;
#1991 = AXIS2_PLACEMENT_3D ( 'NONE', #3094, #413, #1878 ) ;
#1992 = CYLINDRICAL_SURFACE ( 'NONE', #608, 3.400000000000000355 ) ;
#1993 = VECTOR ( 'NONE', #3504, 1000.000000000000000 ) ;
#1994 = ORIENTED_EDGE ( 'NONE', *, *, #1487, .F. ) ;
#1995 = CARTESIAN_POINT ( 'NONE',  ( -124.9999999999999432, 300.0000000000000568, 115.0000000000000426 ) ) ;
#1996 = CARTESIAN_POINT ( 'NONE',  ( 125.0000000000000000, 15.00000000000000000, -30.00000000000000000 ) ) ;
#1997 = EDGE_CURVE ( 'NONE', #1052, #1334, #3838, .T. ) ;
#1998 = AXIS2_PLACEMENT_3D ( 'NONE', #2045, #2982, #3255 ) ;
#1999 = ORIENTED_EDGE ( 'NONE', *, *, #1071, .T. ) ;
#2000 = DIRECTION ( 'NONE',  ( 0.0000000000000000000, 0.0000000000000000000, 1.000000000000000000 ) ) ;
#2001 = DIRECTION ( 'NONE',  ( -0.0000000000000000000, 1.000000000000000000, -0.0000000000000000000 ) ) ;
#2002 = DIRECTION ( 'NONE',  ( 0.0000000000000000000, 0.0000000000000000000, -1.000000000000000000 ) ) ;
#2003 = CARTESIAN_POINT ( 'NONE',  ( 125.0000000000000568, 300.0000000000000568, -114.9999999999999858 ) ) ;
#2004 = DIRECTION ( 'NONE',  ( 0.0000000000000000000, 0.7071067811865474617, 0.7071067811865474617 ) ) ;
#2005 =( LENGTH_UNIT ( ) NAMED_UNIT ( * ) SI_UNIT ( .MILLI., .METRE. ) );
#2006 = SURFACE_SIDE_STYLE ('',( #1232 ) ) ;
#2007 = EDGE_CURVE ( 'NONE', #1605, #1961, #3700, .T. ) ;
#2008 = VERTEX_POINT ( 'NONE', #2962 ) ;
#2009 = AXIS2_PLACEMENT_3D ( 'NONE', #3833, #2606, #3515 ) ;
#2010 = FILL_AREA_STYLE ('',( #3502 ) ) ;
#2011 = FILL_AREA_STYLE ('',( #2632 ) ) ;
#2012 = DIRECTION ( 'NONE',  ( 0.7071067811865541231, -0.0000000000000000000, -0.7071067811865409114 ) ) ;
#2013 = EDGE_CURVE ( 'NONE', #1191, #2124, #111, .T. ) ;
#2014 = DIRECTION ( 'NONE',  ( 0.0000000000000000000, 0.0000000000000000000, 1.000000000000000000 ) ) ;
#2015 = ORIENTED_EDGE ( 'NONE', *, *, #2527, .F. ) ;
#2016 = VECTOR ( 'NONE', #534, 1000.000000000000000 ) ;
#2017 = CARTESIAN_POINT ( 'NONE',  ( -70.00000000000004263, 15.00000000000001421, 69.99999999999998579 ) ) ;
#2018 = SURFACE_SIDE_STYLE ('',( #3520 ) ) ;
#2020 = CIRCLE ( 'NONE', #2369, 10.00000000000002309 ) ;
#2019 =( LENGTH_UNIT ( ) NAMED_UNIT ( * ) SI_UNIT ( .MILLI., .METRE. ) );
#2021 = FACE_OUTER_BOUND ( 'NONE', #2322, .T. ) ;
#2022 = ORIENTED_EDGE ( 'NONE', *, *, #1344, .T. ) ;
#2023 = CARTESIAN_POINT ( 'NONE',  ( 69.99999999999998579, 280.0000000000000000, 69.99999999999997158 ) ) ;
#2024 = ORIENTED_EDGE ( 'NONE', *, *, #2317, .T. ) ;
#2025 = VECTOR ( 'NONE', #1268, 1000.000000000000000 ) ;
#2026 = CARTESIAN_POINT ( 'NONE',  ( 79.99999999999997158, 279.9999999999999432, -69.99999999999998579 ) ) ;
#2027 = FACE_OUTER_BOUND ( 'NONE', #1148, .T. ) ;
#2028 = STYLED_ITEM ( 'NONE', ( #2174 ), #1477 ) ;
#2029 = VERTEX_POINT ( 'NONE', #316 ) ;
#2030 = ORIENTED_EDGE ( 'NONE', *, *, #2522, .T. ) ;
#2031 = ORIENTED_EDGE ( 'NONE', *, *, #1887, .F. ) ;
#2032 = SURFACE_STYLE_FILL_AREA ( #2011 ) ;
#2033 =( LENGTH_UNIT ( ) NAMED_UNIT ( * ) SI_UNIT ( .MILLI., .METRE. ) );
#2034 = EDGE_LOOP ( 'NONE', ( #2866, #1786, #2172, #1519, #2277, #1888, #2227, #528 ) ) ;
#2035 = ORIENTED_EDGE ( 'NONE', *, *, #2066, .T. ) ;
#2036 = LINE ( 'NONE', #1859, #779 ) ;
#2037 = EDGE_CURVE ( 'NONE', #2933, #1743, #2387, .T. ) ;
#2038 = VECTOR ( 'NONE', #508, 1000.000000000000000 ) ;
#2039 = AXIS2_PLACEMENT_3D ( 'NONE', #3230, #1749, #3840 ) ;
#2040 = DIRECTION ( 'NONE',  ( 0.0000000000000000000, 0.0000000000000000000, 1.000000000000000000 ) ) ;
#2041 = DIRECTION ( 'NONE',  ( -1.000000000000000000, 0.0000000000000000000, 0.0000000000000000000 ) ) ;
#2042 = VERTEX_POINT ( 'NONE', #2986 ) ;
#2043 = EDGE_CURVE ( 'NONE', #1426, #1959, #3091, .T. ) ;
#2044 = DIRECTION ( 'NONE',  ( -0.0000000000000000000, 1.000000000000000000, -0.0000000000000000000 ) ) ;
#2045 = CARTESIAN_POINT ( 'NONE',  ( 0.0000000000000000000, 0.0000000000000000000, 0.0000000000000000000 ) ) ;
#2046 = PLANE ( 'NONE',  #1126 ) ;
#2047 = ORIENTED_EDGE ( 'NONE', *, *, #3517, .T. ) ;
#2048 = EDGE_CURVE ( 'NONE', #477, #1638, #2853, .T. ) ;
#2049 = PRODUCT_RELATED_PRODUCT_CATEGORY ( 'part', '', ( #3107 ) ) ;
#2050 = SURFACE_STYLE_USAGE ( .BOTH. , #3217 ) ;
#2051 = ORIENTED_EDGE ( 'NONE', *, *, #1508, .T. ) ;
#2052 = PRESENTATION_LAYER_ASSIGNMENT (  '', '', ( #1395 ) ) ;
#2053 = CARTESIAN_POINT ( 'NONE',  ( -90.00000000000000000, 215.0000000000000284, -42.50000000000000711 ) ) ;
#2054 = CARTESIAN_POINT ( 'NONE',  ( 30.00000000000000000, 0.0000000000000000000, 125.0000000000000568 ) ) ;
#2055 = ORIENTED_EDGE ( 'NONE', *, *, #3691, .F. ) ;
#2056 = CARTESIAN_POINT ( 'NONE',  ( 125.0000000000000000, 0.0000000000000000000, -30.00000000000000000 ) ) ;
#2057 = PRESENTATION_STYLE_ASSIGNMENT (( #3131 ) ) ;
#2058 = EDGE_LOOP ( 'NONE', ( #1894, #1715, #3601, #2123 ) ) ;
#2059 = ORIENTED_EDGE ( 'NONE', *, *, #3721, .F. ) ;
#2060 = CARTESIAN_POINT ( 'NONE',  ( 0.0000000000000000000, 15.00000000000000000, -142.5000000000000568 ) ) ;
#2061 = CARTESIAN_POINT ( 'NONE',  ( 90.00000000000000000, 300.0000000000000568, 90.00000000000000000 ) ) ;
#2062 = EDGE_CURVE ( 'NONE', #781, #1251, #174, .T. ) ;
#2063 = AXIS2_PLACEMENT_3D ( 'NONE', #1703, #3769, #505 ) ;
#2064 = DIRECTION ( 'NONE',  ( -1.850371707708594563E-16, 0.0000000000000000000, -1.000000000000000000 ) ) ;
#2065 = CIRCLE ( 'NONE', #1927, 2.500000000000002220 ) ;
#2066 = EDGE_CURVE ( 'NONE', #3358, #179, #2228, .T. ) ;
#2067 = DIRECTION ( 'NONE',  ( -1.000000000000000000, -0.0000000000000000000, -0.0000000000000000000 ) ) ;
#2068 = LINE ( 'NONE', #1956, #3472 ) ;
#2069 = CONTEXT_DEPENDENT_SHAPE_REPRESENTATION ( #1208, #2206 ) ;
#2070 = DIRECTION ( 'NONE',  ( 0.7071067811865465735, -5.233641528945909416E-17, -0.7071067811865484609 ) ) ;
#2071 = ORIENTED_EDGE ( 'NONE', *, *, #2194, .T. ) ;
#2072 = DIRECTION ( 'NONE',  ( -0.0000000000000000000, 1.000000000000000000, -0.0000000000000000000 ) ) ;
#2073 = VERTEX_POINT ( 'NONE', #26 ) ;
#2074 = EDGE_CURVE ( 'NONE', #1194, #776, #2134, .T. ) ;
#2075 = DIRECTION ( 'NONE',  ( 0.0000000000000000000, 0.0000000000000000000, 1.000000000000000000 ) ) ;
#2076 = ORIENTED_EDGE ( 'NONE', *, *, #1639, .T. ) ;
#2078 = VERTEX_POINT ( 'NONE', #3241 ) ;
#2077 = CARTESIAN_POINT ( 'NONE',  ( -150.0000000000000284, 15.00000000000000000, -150.0000000000000000 ) ) ;
#2079 = FACE_BOUND ( 'NONE', #1653, .T. ) ;
#2080 = VECTOR ( 'NONE', #1104, 1000.000000000000114 ) ;
#2081 = EDGE_LOOP ( 'NONE', ( #276, #2059 ) ) ;
#2082 = ORIENTED_EDGE ( 'NONE', *, *, #1296, .T. ) ;
#2083 = ORIENTED_EDGE ( 'NONE', *, *, #3210, .F. ) ;
#2084 = CARTESIAN_POINT ( 'NONE',  ( 89.99999999999991473, 14.99999999999998046, 69.99999999999995737 ) ) ;
#2085 = EDGE_CURVE ( 'NONE', #776, #1421, #361, .T. ) ;
#2086 = AXIS2_PLACEMENT_3D ( 'NONE', #700, #432, #3405 ) ;
#2087 = CARTESIAN_POINT ( 'NONE',  ( -149.9999999999999432, -0.0009999999999992653654, -7.500000000001570299 ) ) ;
#2088 =( NAMED_UNIT ( * ) SI_UNIT ( $, .STERADIAN. ) SOLID_ANGLE_UNIT ( ) );
#2089 = VERTEX_POINT ( 'NONE', #1459 ) ;
#2090 = CARTESIAN_POINT ( 'NONE',  ( -69.99999999999998579, 280.0000000000000000, -69.99999999999998579 ) ) ;
#2091 = EDGE_CURVE ( 'NONE', #3060, #3152, #1615, .T. ) ;
#2092 = ADVANCED_FACE ( 'NONE', ( #1056 ), #739, .F. ) ;
#2093 = VECTOR ( 'NONE', #2857, 1000.000000000000000 ) ;
#2094 = CARTESIAN_POINT ( 'NONE',  ( -149.9999999999999716, 15.00000000000000000, 150.0000000000000000 ) ) ;
#2095 = CARTESIAN_POINT ( 'NONE',  ( -70.00000000000004263, 15.00000000000001421, 90.00000000000000000 ) ) ;
#2096 = CARTESIAN_POINT ( 'NONE',  ( -89.99999999999997158, 280.0000000000000000, -69.99999999999998579 ) ) ;
#2097 = DIRECTION ( 'NONE',  ( -1.000000000000000000, -0.0000000000000000000, -0.0000000000000000000 ) ) ;
#2098 = ORIENTED_EDGE ( 'NONE', *, *, #557, .T. ) ;
#2099 = ADVANCED_FACE ( 'NONE', ( #259 ), #3112, .F. ) ;
#2100 = AXIS2_PLACEMENT_3D ( 'NONE', #3460, #3555, #2974 ) ;
#2101 = DIRECTION ( 'NONE',  ( -0.0000000000000000000, -0.0000000000000000000, 1.000000000000000000 ) ) ;
#2102 = AXIS2_PLACEMENT_3D ( 'NONE', #1808, #590, #2979 ) ;
#2103 = DIRECTION ( 'NONE',  ( 0.0000000000000000000, 1.000000000000000000, 0.0000000000000000000 ) ) ;
#2104 = EDGE_LOOP ( 'NONE', ( #124, #2597 ) ) ;
#2105 = DIRECTION ( 'NONE',  ( 0.0000000000000000000, 0.0000000000000000000, 1.000000000000000000 ) ) ;
#2106 = VECTOR ( 'NONE', #972, 1000.000000000000114 ) ;
#2107 = DIRECTION ( 'NONE',  ( -0.0000000000000000000, 1.000000000000000000, -0.0000000000000000000 ) ) ;
#2108 = VECTOR ( 'NONE', #351, 1000.000000000000000 ) ;
#2109 = STYLED_ITEM ( 'NONE', ( #3582 ), #2449 ) ;
#2110 = FILL_AREA_STYLE_COLOUR ( '', #569 ) ;
#2111 = FACE_OUTER_BOUND ( 'NONE', #1223, .T. ) ;
#2112 = SURFACE_STYLE_USAGE ( .BOTH. , #3264 ) ;
#2113 = ADVANCED_FACE ( 'NONE', ( #2535, #3809, #3716, #1248, #1750, #29, #2079, #2268, #2924, #973, #1524, #1333, #1149, #2355 ), #3046, .T. ) ;
#2114 = LINE ( 'NONE', #1265, #156 ) ;
#2115 = EDGE_CURVE ( 'NONE', #2917, #2630, #3238, .T. ) ;
#2116 = CYLINDRICAL_SURFACE ( 'NONE', #3451, 7.500000000000007105 ) ;
#2117 = CARTESIAN_POINT ( 'NONE',  ( 90.00000000000000000, 300.0000000000000568, -90.00000000000000000 ) ) ;
#2118 = VERTEX_POINT ( 'NONE', #1226 ) ;
#2119 = EDGE_CURVE ( 'NONE', #1675, #1334, #2450, .T. ) ;
#2120 = VERTEX_POINT ( 'NONE', #3034 ) ;
#2121 = ADVANCED_FACE ( 'NONE', ( #2967 ), #3626, .F. ) ;
#2122 = SURFACE_STYLE_FILL_AREA ( #2837 ) ;
#2123 = ORIENTED_EDGE ( 'NONE', *, *, #2337, .F. ) ;
#2124 = VERTEX_POINT ( 'NONE', #374 ) ;
#2125 = EDGE_LOOP ( 'NONE', ( #766, #1138, #1761, #2423 ) ) ;
#2126 = VECTOR ( 'NONE', #2941, 999.9999999999998863 ) ;
#2127 = DIRECTION ( 'NONE',  ( -7.401486830834376525E-17, -1.000000000000000000, -0.0000000000000000000 ) ) ;
#2128 = VECTOR ( 'NONE', #1245, 1000.000000000000000 ) ;
#2129 = VECTOR ( 'NONE', #962, 1000.000000000000000 ) ;
#2130 = DIRECTION ( 'NONE',  ( -0.0000000000000000000, 1.000000000000000000, -0.0000000000000000000 ) ) ;
#2131 = DIRECTION ( 'NONE',  ( 0.0000000000000000000, 1.000000000000000000, 0.0000000000000000000 ) ) ;
#2132 = ORIENTED_EDGE ( 'NONE', *, *, #900, .T. ) ;
#2133 = AXIS2_PLACEMENT_3D ( 'NONE', #850, #807, #254 ) ;
#2134 = CIRCLE ( 'NONE', #38, 3.400000000000000355 ) ;
#2135 = SURFACE_STYLE_FILL_AREA ( #2010 ) ;
#2136 = CARTESIAN_POINT ( 'NONE',  ( 70.00000000000000000, 300.0000000000000568, -95.00000000000000000 ) ) ;
#2137 = DIRECTION ( 'NONE',  ( -0.0000000000000000000, 1.000000000000000000, -0.0000000000000000000 ) ) ;
#2138 = ORIENTED_EDGE ( 'NONE', *, *, #3735, .T. ) ;
#2139 = CARTESIAN_POINT ( 'NONE',  ( 124.9999999999999716, 0.0000000000000000000, 132.5000000000000000 ) ) ;
#2140 = ORIENTED_EDGE ( 'NONE', *, *, #2539, .T. ) ;
#2141 = FILL_AREA_STYLE ('',( #3020 ) ) ;
#2142 = ORIENTED_EDGE ( 'NONE', *, *, #486, .F. ) ;
#2143 = EDGE_CURVE ( 'NONE', #3599, #2917, #3154, .T. ) ;
#2144 = AXIS2_PLACEMENT_3D ( 'NONE', #3736, #2231, #1910 ) ;
#2145 = VERTEX_POINT ( 'NONE', #3644 ) ;
#2146 = ADVANCED_FACE ( 'NONE', ( #541 ), #1378, .F. ) ;
#2147 = CARTESIAN_POINT ( 'NONE',  ( 150.0000000000000284, 0.0000000000000000000, 139.9999999999999432 ) ) ;
#2148 = EDGE_CURVE ( 'NONE', #1426, #234, #2036, .T. ) ;
#2149 = ORIENTED_EDGE ( 'NONE', *, *, #2432, .T. ) ;
#2150 = DIRECTION ( 'NONE',  ( 1.000000000000000000, -2.094760423821049858E-16, 0.0000000000000000000 ) ) ;
#2151 = DIRECTION ( 'NONE',  ( -0.0000000000000000000, 1.000000000000000000, -0.0000000000000000000 ) ) ;
#2152 = CARTESIAN_POINT ( 'NONE',  ( 125.0000000000000000, 0.0000000000000000000, -33.39999999999998437 ) ) ;
#2153 = FACE_OUTER_BOUND ( 'NONE', #3498, .T. ) ;
#2154 = PLANE ( 'NONE',  #294 ) ;
#2155 = CARTESIAN_POINT ( 'NONE',  ( -90.00000000000000000, 215.0000000000000284, -47.50000000000000000 ) ) ;
#2156 = ORIENTED_EDGE ( 'NONE', *, *, #2436, .F. ) ;
#2157 = ORIENTED_EDGE ( 'NONE', *, *, #2287, .T. ) ;
#2158 = CARTESIAN_POINT ( 'NONE',  ( -90.00000000000000000, 300.0000000000000568, -95.09999999999999432 ) ) ;
#2159 =( LENGTH_UNIT ( ) NAMED_UNIT ( * ) SI_UNIT ( .MILLI., .METRE. ) );
#2160 = CIRCLE ( 'NONE', #3737, 3.399999999999986144 ) ;
#2161 = ADVANCED_FACE ( 'NONE', ( #1568 ), #2823, .T. ) ;
#2162 = DIRECTION ( 'NONE',  ( -0.0000000000000000000, 1.000000000000000000, -0.0000000000000000000 ) ) ;
#2163 =( GEOMETRIC_REPRESENTATION_CONTEXT ( 3 ) GLOBAL_UNCERTAINTY_ASSIGNED_CONTEXT ( ( #140 ) ) GLOBAL_UNIT_ASSIGNED_CONTEXT ( ( #2019, #233, #1730 ) ) REPRESENTATION_CONTEXT ( 'NONE', 'WORKASPACE' ) );
#2164 = VECTOR ( 'NONE', #2549, 1000.000000000000000 ) ;
#2165 = CARTESIAN_POINT ( 'NONE',  ( -70.00000000000000000, 299.5000000000000568, 92.00000000000000000 ) ) ;
#2166 = DIRECTION ( 'NONE',  ( -0.0000000000000000000, 1.000000000000000000, -0.0000000000000000000 ) ) ;
#2167 = EDGE_CURVE ( 'NONE', #3620, #3714, #3669, .T. ) ;
#2168 = CIRCLE ( 'NONE', #2843, 2.500000000000002220 ) ;
#2169 = CARTESIAN_POINT ( 'NONE',  ( 30.00000000000000000, 15.00000000000000000, 128.4000000000000341 ) ) ;
#2170 = VERTEX_POINT ( 'NONE', #989 ) ;
#2171 = ORIENTED_EDGE ( 'NONE', *, *, #3517, .F. ) ;
#2172 = ORIENTED_EDGE ( 'NONE', *, *, #3688, .T. ) ;
#2173 = MANIFOLD_SOLID_BREP ( 'Cut-Extrude2', #280 ) ;
#2174 = PRESENTATION_STYLE_ASSIGNMENT (( #1061 ) ) ;
#2175 = FACE_OUTER_BOUND ( 'NONE', #643, .T. ) ;
#2176 = EDGE_CURVE ( 'NONE', #2630, #100, #1708, .T. ) ;
#2177 = ORIENTED_EDGE ( 'NONE', *, *, #220, .F. ) ;
#2178 = ORIENTED_EDGE ( 'NONE', *, *, #346, .F. ) ;
#2179 = VECTOR ( 'NONE', #66, 1000.000000000000000 ) ;
#2180 = CIRCLE ( 'NONE', #3199, 2.500000000000002220 ) ;
#2181 = CARTESIAN_POINT ( 'NONE',  ( 125.0000000000000000, 15.00000000000000000, -30.00000000000000000 ) ) ;
#2182 = ORIENTED_EDGE ( 'NONE', *, *, #3839, .F. ) ;
#2183 = ORIENTED_EDGE ( 'NONE', *, *, #2743, .T. ) ;
#2184 = DIRECTION ( 'NONE',  ( 1.000000000000000000, -2.094760423821049858E-16, 0.0000000000000000000 ) ) ;
#2185 = DIRECTION ( 'NONE',  ( 0.7071067811865474617, 0.0000000000000000000, -0.7071067811865474617 ) ) ;
#2186 = DIRECTION ( 'NONE',  ( 0.0000000000000000000, 0.0000000000000000000, 1.000000000000000000 ) ) ;
#2187 = AXIS2_PLACEMENT_3D ( 'NONE', #3625, #3027, #3042 ) ;
#2188 = DIRECTION ( 'NONE',  ( -1.000000000000000000, -0.0000000000000000000, -0.0000000000000000000 ) ) ;
#2189 = SURFACE_SIDE_STYLE ('',( #2993 ) ) ;
#2190 = ORIENTED_EDGE ( 'NONE', *, *, #2973, .F. ) ;
#2191 = ORIENTED_EDGE ( 'NONE', *, *, #1856, .F. ) ;
#2192 = CARTESIAN_POINT ( 'NONE',  ( 124.9999999999999716, 0.0000000000000000000, 125.0000000000000000 ) ) ;
#2193 = VECTOR ( 'NONE', #810, 1000.000000000000114 ) ;
#2194 = EDGE_CURVE ( 'NONE', #3802, #1652, #2224, .T. ) ;
#2195 = PRESENTATION_LAYER_ASSIGNMENT (  '', '', ( #1267 ) ) ;
#2196 = DIRECTION ( 'NONE',  ( -1.850371707708594563E-16, 0.0000000000000000000, -1.000000000000000000 ) ) ;
#2197 = CARTESIAN_POINT ( 'NONE',  ( 149.9999999999999716, 15.00000000000000000, -150.0000000000000000 ) ) ;
#2198 = EDGE_CURVE ( 'NONE', #477, #3766, #2680, .T. ) ;
#2199 = FILL_AREA_STYLE ('',( #2796 ) ) ;
#2200 = PRODUCT_DEFINITION_FORMATION_WITH_SPECIFIED_SOURCE ( 'ANY', '', #1903, .NOT_KNOWN. ) ;
#2201 = CARTESIAN_POINT ( 'NONE',  ( 125.0000000000000000, 0.0000000000000000000, -26.60000000000001208 ) ) ;
#2202 = DIRECTION ( 'NONE',  ( 0.0000000000000000000, 0.0000000000000000000, 1.000000000000000000 ) ) ;
#2203 = AXIS2_PLACEMENT_3D ( 'NONE', #3586, #2953, #2105 ) ;
#2204 = DIRECTION ( 'NONE',  ( 0.0000000000000000000, 0.0000000000000000000, 1.000000000000000000 ) ) ;
#2205 = CARTESIAN_POINT ( 'NONE',  ( -30.00000000000000000, 15.00000000000000000, -125.0000000000000000 ) ) ;
#2206 = PRODUCT_DEFINITION_SHAPE ( 'NONE', 'NONE',  #3881 ) ;
#2207 = DIRECTION ( 'NONE',  ( 0.0000000000000000000, 1.000000000000000000, 0.0000000000000000000 ) ) ;
#2208 = FACE_BOUND ( 'NONE', #2241, .T. ) ;
#2209 = CARTESIAN_POINT ( 'NONE',  ( 9.184850993605148733E-15, 0.0000000000000000000, -75.00000000000001421 ) ) ;
#2210 = LINE ( 'NONE', #834, #1778 ) ;
#2211 = VECTOR ( 'NONE', #2621, 1000.000000000000000 ) ;
#2212 = CIRCLE ( 'NONE', #2731, 4.500000000000003553 ) ;
#2213 = CARTESIAN_POINT ( 'NONE',  ( -90.00000000000000000, 300.0000000000000568, 95.09999999999999432 ) ) ;
#2214 = DIRECTION ( 'NONE',  ( 0.0000000000000000000, 1.000000000000000000, 0.0000000000000000000 ) ) ;
#2215 = EDGE_LOOP ( 'NONE', ( #573, #1418, #1238, #312 ) ) ;
#2216 = ORIENTED_EDGE ( 'NONE', *, *, #3468, .T. ) ;
#2217 = CIRCLE ( 'NONE', #664, 5.099999999999993427 ) ;
#2218 = DIRECTION ( 'NONE',  ( -0.7071067811865474617, -0.0000000000000000000, 0.7071067811865474617 ) ) ;
#2219 = CARTESIAN_POINT ( 'NONE',  ( -30.00000000000000000, 0.0000000000000000000, -125.0000000000000000 ) ) ;
#2220 = CARTESIAN_POINT ( 'NONE',  ( 89.99999999999994316, 279.9999999999999432, -70.00000000000000000 ) ) ;
#2221 = ORIENTED_EDGE ( 'NONE', *, *, #2509, .F. ) ;
#2222 = EDGE_CURVE ( 'NONE', #2170, #20, #212, .T. ) ;
#2223 = EDGE_LOOP ( 'NONE', ( #454, #621, #1144, #2961 ) ) ;
#2224 = CIRCLE ( 'NONE', #3513, 19.99999999999998224 ) ;
#2225 = ORIENTED_EDGE ( 'NONE', *, *, #1520, .F. ) ;
#2226 =( NAMED_UNIT ( * ) PLANE_ANGLE_UNIT ( ) SI_UNIT ( $, .RADIAN. ) );
#2227 = ORIENTED_EDGE ( 'NONE', *, *, #1211, .T. ) ;
#2228 = CIRCLE ( 'NONE', #1260, 7.500000000000007105 ) ;
#2229 = LINE ( 'NONE', #3453, #2038 ) ;
#2230 = DIRECTION ( 'NONE',  ( -1.000000000000000000, -0.0000000000000000000, -0.0000000000000000000 ) ) ;
#2231 = DIRECTION ( 'NONE',  ( 2.094760423821049858E-16, 1.000000000000000000, 0.0000000000000000000 ) ) ;
#2232 = FACE_OUTER_BOUND ( 'NONE', #2223, .T. ) ;
#2233 = DIRECTION ( 'NONE',  ( 0.0000000000000000000, 0.0000000000000000000, 1.000000000000000000 ) ) ;
#2234 = DIRECTION ( 'NONE',  ( 0.0000000000000000000, 1.000000000000000000, 0.0000000000000000000 ) ) ;
#2235 = SURFACE_SIDE_STYLE ('',( #2668 ) ) ;
#2236 = ORIENTED_EDGE ( 'NONE', *, *, #3542, .T. ) ;
#2237 = DIRECTION ( 'NONE',  ( 0.0000000000000000000, 0.0000000000000000000, 1.000000000000000000 ) ) ;
#2238 = EDGE_CURVE ( 'NONE', #1269, #747, #457, .T. ) ;
#2239 = DIRECTION ( 'NONE',  ( -0.0000000000000000000, 1.000000000000000000, -0.0000000000000000000 ) ) ;
#2240 = VECTOR ( 'NONE', #500, 1000.000000000000000 ) ;
#2241 = EDGE_LOOP ( 'NONE', ( #3754, #3856 ) ) ;
#2242 = EDGE_CURVE ( 'NONE', #2821, #1414, #1889, .T. ) ;
#2243 = CARTESIAN_POINT ( 'NONE',  ( 90.00000000000000000, 280.0000000000000000, -95.09999999999999432 ) ) ;
#2244 = VERTEX_POINT ( 'NONE', #2806 ) ;
#2245 = EDGE_CURVE ( 'NONE', #1468, #2814, #1516, .T. ) ;
#2246 = CARTESIAN_POINT ( 'NONE',  ( -142.5000000000000568, 0.0000000000000000000, -1.492608272355440021E-12 ) ) ;
#2247 = VECTOR ( 'NONE', #1908, 1000.000000000000000 ) ;
#2248 = CIRCLE ( 'NONE', #3606, 2.500000000000002220 ) ;
#2249 = CARTESIAN_POINT ( 'NONE',  ( 124.9999999999999716, 0.0000000000000000000, 117.5000000000000000 ) ) ;
#2250 = CARTESIAN_POINT ( 'NONE',  ( 124.9999999999999716, 15.00000000000000000, 4.499999999999990230 ) ) ;
#2251 = CIRCLE ( 'NONE', #2640, 3.399999999999986144 ) ;
#2252 = AXIS2_PLACEMENT_3D ( 'NONE', #1412, #3820, #2889 ) ;
#2253 = CARTESIAN_POINT ( 'NONE',  ( -142.5000000000000568, 15.00000000000000000, -1.492608272355440021E-12 ) ) ;
#2254 = FACE_OUTER_BOUND ( 'NONE', #1119, .T. ) ;
#2255 = PRESENTATION_STYLE_ASSIGNMENT (( #1827 ) ) ;
#2256 = CARTESIAN_POINT ( 'NONE',  ( -124.9999999999999716, 0.0000000000000000000, -125.0000000000000000 ) ) ;
#2257 = DIRECTION ( 'NONE',  ( -1.000000000000000000, 0.0000000000000000000, 0.0000000000000000000 ) ) ;
#2258 = CARTESIAN_POINT ( 'NONE',  ( 139.9999999999997726, 15.00000000000000000, -150.0000000000000284 ) ) ;
#2259 = VECTOR ( 'NONE', #2673, 1000.000000000000000 ) ;
#2260 = EDGE_LOOP ( 'NONE', ( #2485, #466, #1291, #1352 ) ) ;
#2261 = ORIENTED_EDGE ( 'NONE', *, *, #3404, .T. ) ;
#2262 = ORIENTED_EDGE ( 'NONE', *, *, #1970, .F. ) ;
#2263 = DIRECTION ( 'NONE',  ( 7.401486830834376525E-17, 1.000000000000000000, 0.0000000000000000000 ) ) ;
#2264 = PRESENTATION_LAYER_ASSIGNMENT (  '', '', ( #718 ) ) ;
#2265 = EDGE_LOOP ( 'NONE', ( #1174, #2221 ) ) ;
#2266 = ORIENTED_EDGE ( 'NONE', *, *, #375, .F. ) ;
#2267 = ORIENTED_EDGE ( 'NONE', *, *, #3017, .F. ) ;
#2268 = FACE_BOUND ( 'NONE', #3671, .T. ) ;
#2269 = FACE_BOUND ( 'NONE', #1371, .T. ) ;
#2270 = ORIENTED_EDGE ( 'NONE', *, *, #1832, .F. ) ;
#2271 = EDGE_CURVE ( 'NONE', #1899, #20, #2400, .T. ) ;
#2272 = EDGE_LOOP ( 'NONE', ( #2782, #3009, #2035, #1092 ) ) ;
#2273 = PLANE ( 'NONE',  #2421 ) ;
#2274 = DIRECTION ( 'NONE',  ( -0.0000000000000000000, 1.000000000000000000, -0.0000000000000000000 ) ) ;
#2275 = DIRECTION ( 'NONE',  ( 1.000000000000000000, -2.094760423821049858E-16, 0.0000000000000000000 ) ) ;
#2276 = EDGE_CURVE ( 'NONE', #1251, #1466, #733, .T. ) ;
#2277 = ORIENTED_EDGE ( 'NONE', *, *, #768, .T. ) ;
#2278 = CARTESIAN_POINT ( 'NONE',  ( 30.00000000000000000, 15.00000000000000000, 125.0000000000000568 ) ) ;
#2279 = DIRECTION ( 'NONE',  ( 0.0000000000000000000, 0.0000000000000000000, 1.000000000000000000 ) ) ;
#2280 = FILL_AREA_STYLE ('',( #198 ) ) ;
#2281 = DIRECTION ( 'NONE',  ( -0.0000000000000000000, 1.000000000000000000, -0.0000000000000000000 ) ) ;
#2282 = EDGE_CURVE ( 'NONE', #3660, #3153, #2491, .T. ) ;
#2283 = MECHANICAL_DESIGN_GEOMETRIC_PRESENTATION_REPRESENTATION (  '', ( #895 ), #2408 ) ;
#2284 = DIRECTION ( 'NONE',  ( 0.0000000000000000000, 0.0000000000000000000, 1.000000000000000000 ) ) ;
#2285 = ADVANCED_BREP_SHAPE_REPRESENTATION ( '', ( #1477, #2173, #611, #2381 ), #512 ) ;
#2286 = FACE_BOUND ( 'NONE', #2545, .T. ) ;
#2287 = EDGE_CURVE ( 'NONE', #532, #2810, #1422, .T. ) ;
#2288 = CARTESIAN_POINT ( 'NONE',  ( -90.00000000000000000, 255.0000000000000000, -45.00000000000000000 ) ) ;
#2289 = ORIENTED_EDGE ( 'NONE', *, *, #3089, .T. ) ;
#2290 = LINE ( 'NONE', #1526, #1684 ) ;
#2291 = CARTESIAN_POINT ( 'NONE',  ( -124.9999999999999432, 300.0000000000000568, -114.9999999999999574 ) ) ;
#2292 = CARTESIAN_POINT ( 'NONE',  ( -69.99999999999994316, 280.0000000000000000, 80.00000000000001421 ) ) ;
#2293 = FACE_OUTER_BOUND ( 'NONE', #2812, .T. ) ;
#2294 = COLOUR_RGB ( '',1.000000000000000000, 1.000000000000000000, 1.000000000000000000 ) ;
#2295 = CYLINDRICAL_SURFACE ( 'NONE', #3250, 75.00000000000001421 ) ;
#2296 = FACE_OUTER_BOUND ( 'NONE', #2272, .T. ) ;
#2297 = FILL_AREA_STYLE_COLOUR ( '', #1552 ) ;
#2298 = SURFACE_SIDE_STYLE ('',( #60 ) ) ;
#2299 = EDGE_LOOP ( 'NONE', ( #1513, #137, #847, #2270 ) ) ;
#2300 = ORIENTED_EDGE ( 'NONE', *, *, #368, .T. ) ;
#2301 = LINE ( 'NONE', #64, #2025 ) ;
#2302 = SURFACE_STYLE_FILL_AREA ( #3712 ) ;
#2303 = CARTESIAN_POINT ( 'NONE',  ( -70.00000000000000000, 300.0000000000000568, 91.50000000000000000 ) ) ;
#2304 = PRESENTATION_LAYER_ASSIGNMENT (  '', '', ( #2109 ) ) ;
#2305 = CARTESIAN_POINT ( 'NONE',  ( 124.9999999999999716, 15.00000000000000000, -125.0000000000000000 ) ) ;
#2306 = EDGE_LOOP ( 'NONE', ( #3739, #207, #3351, #513 ) ) ;
#2307 = ORIENTED_EDGE ( 'NONE', *, *, #3229, .T. ) ;
#2308 = ORIENTED_EDGE ( 'NONE', *, *, #1737, .T. ) ;
#2309 = FACE_OUTER_BOUND ( 'NONE', #3383, .T. ) ;
#2310 = LINE ( 'NONE', #70, #3391 ) ;
#2311 = VERTEX_POINT ( 'NONE', #3400 ) ;
#2312 =( LENGTH_UNIT ( ) NAMED_UNIT ( * ) SI_UNIT ( .MILLI., .METRE. ) );
#2313 = DIRECTION ( 'NONE',  ( -0.0000000000000000000, 1.000000000000000000, -0.0000000000000000000 ) ) ;
#2314 = LINE ( 'NONE', #1137, #3574 ) ;
#2315 =( NAMED_UNIT ( * ) SI_UNIT ( $, .STERADIAN. ) SOLID_ANGLE_UNIT ( ) );
#2316 = CARTESIAN_POINT ( 'NONE',  ( 150.0000000000000284, 15.00000000000000000, 139.9999999999999432 ) ) ;
#2317 = EDGE_CURVE ( 'NONE', #1153, #3052, #3287, .T. ) ;
#2318 = DIRECTION ( 'NONE',  ( 0.7071067811865474617, -0.0000000000000000000, -0.7071067811865474617 ) ) ;
#2319 = DIRECTION ( 'NONE',  ( 0.0000000000000000000, 0.0000000000000000000, 1.000000000000000000 ) ) ;
#2320 = DIRECTION ( 'NONE',  ( -0.0000000000000000000, 1.000000000000000000, -0.0000000000000000000 ) ) ;
#2321 = CARTESIAN_POINT ( 'NONE',  ( 3.724866946749578982E-14, 300.0000000000000568, 0.0000000000000000000 ) ) ;
#2322 = EDGE_LOOP ( 'NONE', ( #2768, #2051, #3475, #3596 ) ) ;
#2323 = CARTESIAN_POINT ( 'NONE',  ( 150.0000000000000000, -0.0009999999999992653654, 7.500000000000524025 ) ) ;
#2324 = AXIS2_PLACEMENT_3D ( 'NONE', #3533, #3549, #570 ) ;
#2325 = MECHANICAL_DESIGN_GEOMETRIC_PRESENTATION_REPRESENTATION (  '', ( #1395 ), #3478 ) ;
#2326 = LINE ( 'NONE', #1097, #3815 ) ;
#2327 = CARTESIAN_POINT ( 'NONE',  ( -90.00000000000000000, 300.0000000000000568, 90.00000000000000000 ) ) ;
#2328 = DIRECTION ( 'NONE',  ( -0.0000000000000000000, 1.000000000000000000, -0.0000000000000000000 ) ) ;
#2329 = AXIS2_PLACEMENT_3D ( 'NONE', #3299, #2103, #321 ) ;
#2330 = ORIENTED_EDGE ( 'NONE', *, *, #615, .T. ) ;
#2331 = DIRECTION ( 'NONE',  ( -0.7071067811865480168, 0.0000000000000000000, 0.7071067811865470176 ) ) ;
#2332 = ORIENTED_EDGE ( 'NONE', *, *, #3139, .T. ) ;
#2333 = EDGE_CURVE ( 'NONE', #1559, #1959, #1608, .T. ) ;
#2334 = CARTESIAN_POINT ( 'NONE',  ( -90.00000000000000000, 215.0000000000000284, -45.00000000000000000 ) ) ;
#2335 = DIRECTION ( 'NONE',  ( 0.0000000000000000000, 0.0000000000000000000, 1.000000000000000000 ) ) ;
#2336 = FACE_OUTER_BOUND ( 'NONE', #1795, .T. ) ;
#2337 = EDGE_CURVE ( 'NONE', #3599, #100, #631, .T. ) ;
#2338 = DIRECTION ( 'NONE',  ( -2.094760423821049858E-16, -1.000000000000000000, 0.0000000000000000000 ) ) ;
#2339 = VECTOR ( 'NONE', #2710, 1000.000000000000000 ) ;
#2340 = VECTOR ( 'NONE', #2824, 1000.000000000000000 ) ;
#2341 = PRESENTATION_STYLE_ASSIGNMENT (( #1380 ) ) ;
#2342 = ORIENTED_EDGE ( 'NONE', *, *, #1217, .F. ) ;
#2343 = CARTESIAN_POINT ( 'NONE',  ( -1.419341474236166827E-16, 0.0000000000000000000, 129.5000000000000284 ) ) ;
#2344 = ORIENTED_EDGE ( 'NONE', *, *, #3164, .T. ) ;
#2345 = DIRECTION ( 'NONE',  ( 0.7071067811865536790, 0.0000000000000000000, -0.7071067811865414665 ) ) ;
#2346 = VECTOR ( 'NONE', #223, 1000.000000000000114 ) ;
#2347 = DIRECTION ( 'NONE',  ( 0.0000000000000000000, 0.0000000000000000000, 1.000000000000000000 ) ) ;
#2348 = AXIS2_PLACEMENT_3D ( 'NONE', #3349, #382, #1155 ) ;
#2349 = VERTEX_POINT ( 'NONE', #3537 ) ;
#2350 = ORIENTED_EDGE ( 'NONE', *, *, #2652, .T. ) ;
#2351 = ORIENTED_EDGE ( 'NONE', *, *, #322, .T. ) ;
#2352 = CARTESIAN_POINT ( 'NONE',  ( 62.50000000000004263, 300.0000000000000568, 0.0000000000000000000 ) ) ;
#2353 = ORIENTED_EDGE ( 'NONE', *, *, #3012, .F. ) ;
#2354 = ORIENTED_EDGE ( 'NONE', *, *, #3874, .F. ) ;
#2355 = FACE_BOUND ( 'NONE', #1306, .T. ) ;
#2356 = EDGE_CURVE ( 'NONE', #2349, #179, #2818, .T. ) ;
#2357 = VECTOR ( 'NONE', #626, 1000.000000000000000 ) ;
#2358 = AXIS2_PLACEMENT_3D ( 'NONE', #2852, #1669, #2002 ) ;
#2359 = DIRECTION ( 'NONE',  ( 2.094760423821049858E-16, 1.000000000000000000, 0.0000000000000000000 ) ) ;
#2360 = DIRECTION ( 'NONE',  ( 1.000000000000000000, 0.0000000000000000000, 0.0000000000000000000 ) ) ;
#2361 = EDGE_LOOP ( 'NONE', ( #1022, #1811, #722, #1880 ) ) ;
#2362 = ORIENTED_EDGE ( 'NONE', *, *, #2176, .F. ) ;
#2363 = CARTESIAN_POINT ( 'NONE',  ( -69.99999999999998579, 280.0000000000000000, 90.00000000000000000 ) ) ;
#2364 = EDGE_CURVE ( 'NONE', #3450, #3350, #3106, .T. ) ;
#2365 =( LENGTH_UNIT ( ) NAMED_UNIT ( * ) SI_UNIT ( .MILLI., .METRE. ) );
#2366 = FILL_AREA_STYLE ('',( #3842 ) ) ;
#2367 = EDGE_LOOP ( 'NONE', ( #1255, #3085, #1011, #2344 ) ) ;
#2368 = ORIENTED_EDGE ( 'NONE', *, *, #2737, .T. ) ;
#2369 = AXIS2_PLACEMENT_3D ( 'NONE', #1794, #2359, #565 ) ;
#2370 = CARTESIAN_POINT ( 'NONE',  ( 30.00000000000000000, 0.0000000000000000000, 121.6000000000000512 ) ) ;
#2371 = CARTESIAN_POINT ( 'NONE',  ( -114.9999999999999432, 300.0000000000000568, -124.9999999999999432 ) ) ;
#2372 = STYLED_ITEM ( 'NONE', ( #3150 ), #1355 ) ;
#2373 = CARTESIAN_POINT ( 'NONE',  ( -90.00000000000000000, 280.0000000000000000, -84.90000000000000568 ) ) ;
#2374 = DIRECTION ( 'NONE',  ( 0.0000000000000000000, 1.000000000000000000, 0.0000000000000000000 ) ) ;
#2375 = DIRECTION ( 'NONE',  ( 0.0000000000000000000, 0.0000000000000000000, 1.000000000000000000 ) ) ;
#2376 = FACE_BOUND ( 'NONE', #1286, .T. ) ;
#2377 = ORIENTED_EDGE ( 'NONE', *, *, #549, .F. ) ;
#2378 = CIRCLE ( 'NONE', #1931, 2.500000000000002220 ) ;
#2379 = DIRECTION ( 'NONE',  ( -0.0000000000000000000, 1.000000000000000000, -0.0000000000000000000 ) ) ;
#2380 = EDGE_CURVE ( 'NONE', #1346, #1161, #1701, .T. ) ;
#2381 = AXIS2_PLACEMENT_3D ( 'NONE', #3863, #559, #912 ) ;
#2382 = VECTOR ( 'NONE', #3180, 1000.000000000000000 ) ;
#2383 = FACE_OUTER_BOUND ( 'NONE', #2693, .T. ) ;
#2384 = DIRECTION ( 'NONE',  ( -2.094760423821049858E-16, -1.000000000000000000, -0.0000000000000000000 ) ) ;
#2385 = VECTOR ( 'NONE', #2218, 1000.000000000000114 ) ;
#2386 = EDGE_CURVE ( 'NONE', #3705, #3190, #1018, .T. ) ;
#2387 = CIRCLE ( 'NONE', #231, 4.499999999999990230 ) ;
#2388 = ADVANCED_FACE ( 'NONE', ( #1328 ), #1396, .F. ) ;
#2389 = LINE ( 'NONE', #2869, #2762 ) ;
#2390 = LINE ( 'NONE', #2561, #205 ) ;
#2391 = ORIENTED_EDGE ( 'NONE', *, *, #3164, .F. ) ;
#2392 = ORIENTED_EDGE ( 'NONE', *, *, #1036, .T. ) ;
#2393 = AXIS2_PLACEMENT_3D ( 'NONE', #188, #1074, #2891 ) ;
#2394 = LINE ( 'NONE', #1095, #1603 ) ;
#2395 = LINE ( 'NONE', #446, #1604 ) ;
#2396 = FILL_AREA_STYLE ('',( #344 ) ) ;
#2397 = EDGE_LOOP ( 'NONE', ( #2178, #3145, #1999, #3243 ) ) ;
#2399 = VERTEX_POINT ( 'NONE', #1696 ) ;
#2398 = CARTESIAN_POINT ( 'NONE',  ( 142.5000000000000568, 0.0000000000000000000, 4.975360907851466735E-13 ) ) ;
#2400 = CIRCLE ( 'NONE', #637, 3.000000000000002665 ) ;
#2401 = ORIENTED_EDGE ( 'NONE', *, *, #1785, .T. ) ;
#2402 = ORIENTED_EDGE ( 'NONE', *, *, #2432, .F. ) ;
#2403 = UNCERTAINTY_MEASURE_WITH_UNIT (LENGTH_MEASURE( 1.000000000000000082E-05 ), #2663, 'distance_accuracy_value', 'NONE');
#2404 = PLANE ( 'NONE',  #108 ) ;
#2405 = VECTOR ( 'NONE', #1769, 1000.000000000000000 ) ;
#2406 = DIRECTION ( 'NONE',  ( 2.094760423821049858E-16, 1.000000000000000000, 0.0000000000000000000 ) ) ;
#2407 = EDGE_CURVE ( 'NONE', #638, #3356, #921, .T. ) ;
#2408 =( GEOMETRIC_REPRESENTATION_CONTEXT ( 3 ) GLOBAL_UNCERTAINTY_ASSIGNED_CONTEXT ( ( #3148 ) ) GLOBAL_UNIT_ASSIGNED_CONTEXT ( ( #3081, #2226, #1640 ) ) REPRESENTATION_CONTEXT ( 'NONE', 'WORKASPACE' ) );
#2409 = DIRECTION ( 'NONE',  ( -0.0000000000000000000, 1.000000000000000000, -0.0000000000000000000 ) ) ;
#2410 = CARTESIAN_POINT ( 'NONE',  ( 124.9999999999999716, 15.00000000000000000, -125.0000000000000000 ) ) ;
#2411 = EDGE_CURVE ( 'NONE', #3141, #2029, #1986, .T. ) ;
#2412 = CARTESIAN_POINT ( 'NONE',  ( -1.419341474236166827E-16, 0.0000000000000000000, 125.0000000000000284 ) ) ;
#2413 = VERTEX_POINT ( 'NONE', #3212 ) ;
#2414 = CARTESIAN_POINT ( 'NONE',  ( -70.00000000000004263, 15.00000000000001421, 90.00000000000000000 ) ) ;
#2415 = CARTESIAN_POINT ( 'NONE',  ( 149.9999999999999716, 0.0000000000000000000, -150.0000000000000000 ) ) ;
#2416 = CARTESIAN_POINT ( 'NONE',  ( 62.50000000000004263, 300.0000000000000568, 0.0000000000000000000 ) ) ;
#2417 = ADVANCED_FACE ( 'NONE', ( #1241 ), #131, .F. ) ;
#2418 = EDGE_LOOP ( 'NONE', ( #2778, #2751, #790, #580 ) ) ;
#2419 = FACE_OUTER_BOUND ( 'NONE', #1173, .T. ) ;
#2420 = CARTESIAN_POINT ( 'NONE',  ( 69.99999999999997158, 14.99999999999998579, -89.99999999999998579 ) ) ;
#2421 = AXIS2_PLACEMENT_3D ( 'NONE', #2017, #2868, #229 ) ;
#2422 = EDGE_LOOP ( 'NONE', ( #3414, #2332, #2435, #1327 ) ) ;
#2423 = ORIENTED_EDGE ( 'NONE', *, *, #3741, .T. ) ;
#2424 = DIRECTION ( 'NONE',  ( 1.000000000000000000, 0.0000000000000000000, -6.033820786006285224E-17 ) ) ;
#2425 = ADVANCED_FACE ( 'NONE', ( #536 ), #2589, .T. ) ;
#2426 = LINE ( 'NONE', #1171, #3037 ) ;
#2427 = SURFACE_STYLE_USAGE ( .BOTH. , #3522 ) ;
#2428 = SURFACE_STYLE_FILL_AREA ( #1229 ) ;
#2429 =( GEOMETRIC_REPRESENTATION_CONTEXT ( 3 ) GLOBAL_UNCERTAINTY_ASSIGNED_CONTEXT ( ( #2983 ) ) GLOBAL_UNIT_ASSIGNED_CONTEXT ( ( #123, #3718, #2772 ) ) REPRESENTATION_CONTEXT ( 'NONE', 'WORKASPACE' ) );
#2430 = DIRECTION ( 'NONE',  ( 0.0000000000000000000, 0.0000000000000000000, 1.000000000000000000 ) ) ;
#2431 = CYLINDRICAL_SURFACE ( 'NONE', #2348, 5.099999999999993427 ) ;
#2432 = EDGE_CURVE ( 'NONE', #1899, #1613, #219, .T. ) ;
#2433 = CARTESIAN_POINT ( 'NONE',  ( -149.9999999999999716, 0.0000000000000000000, 139.9999999999999716 ) ) ;
#2434 = CARTESIAN_POINT ( 'NONE',  ( -90.00000000000000000, 300.0000000000000568, 90.00000000000000000 ) ) ;
#2435 = ORIENTED_EDGE ( 'NONE', *, *, #424, .T. ) ;
#2436 = EDGE_CURVE ( 'NONE', #706, #1326, #3621, .T. ) ;
#2437 = ORIENTED_EDGE ( 'NONE', *, *, #3366, .F. ) ;
#2438 = CIRCLE ( 'NONE', #945, 5.099999999999993427 ) ;
#2439 = DIRECTION ( 'NONE',  ( -0.7071067811865536790, 0.0000000000000000000, 0.7071067811865414665 ) ) ;
#2440 = LINE ( 'NONE', #852, #867 ) ;
#2441 = CARTESIAN_POINT ( 'NONE',  ( -70.00000000000004263, 15.00000000000001421, -69.99999999999998579 ) ) ;
#2442 = DIRECTION ( 'NONE',  ( -0.0000000000000000000, 1.000000000000000000, -0.0000000000000000000 ) ) ;
#2443 = EDGE_LOOP ( 'NONE', ( #2815, #2990, #2543, #885 ) ) ;
#2444 = DIRECTION ( 'NONE',  ( 1.000000000000000000, -2.094760423821049858E-16, 0.0000000000000000000 ) ) ;
#2445 = DIRECTION ( 'NONE',  ( 0.0000000000000000000, 0.0000000000000000000, 1.000000000000000000 ) ) ;
#2446 = DIRECTION ( 'NONE',  ( 0.0000000000000000000, 0.0000000000000000000, 1.000000000000000000 ) ) ;
#2447 = ORIENTED_EDGE ( 'NONE', *, *, #3524, .T. ) ;
#2448 = ORIENTED_EDGE ( 'NONE', *, *, #43, .F. ) ;
#2449 = ADVANCED_FACE ( 'NONE', ( #2309 ), #2724, .F. ) ;
#2450 = CIRCLE ( 'NONE', #1654, 75.00000000000001421 ) ;
#2451 = CYLINDRICAL_SURFACE ( 'NONE', #440, 2.500000000000002220 ) ;
#2452 = CARTESIAN_POINT ( 'NONE',  ( 0.0000000000000000000, 15.00000000000000000, -125.0000000000000000 ) ) ;
#2453 = EDGE_LOOP ( 'NONE', ( #630, #3851, #690, #2402 ) ) ;
#2454 = SURFACE_STYLE_USAGE ( .BOTH. , #674 ) ;
#2455 = ORIENTED_EDGE ( 'NONE', *, *, #1806, .T. ) ;
#2456 = CIRCLE ( 'NONE', #1021, 62.50000000000000000 ) ;
#2457 = CARTESIAN_POINT ( 'NONE',  ( -80.00000000000000000, 255.0000000000000000, -45.00000000000000000 ) ) ;
#2458 = DIRECTION ( 'NONE',  ( -2.094760423821049858E-16, -1.000000000000000000, 0.0000000000000000000 ) ) ;
#2459 = SURFACE_STYLE_USAGE ( .BOTH. , #3394 ) ;
#2460 = EDGE_LOOP ( 'NONE', ( #476, #971 ) ) ;
#2461 = MECHANICAL_DESIGN_GEOMETRIC_PRESENTATION_REPRESENTATION (  '', ( #718 ), #1337 ) ;
#2462 = DIRECTION ( 'NONE',  ( 1.000000000000000000, 0.0000000000000000000, -1.850371707708594563E-16 ) ) ;
#2463 = DIRECTION ( 'NONE',  ( -0.0000000000000000000, 1.000000000000000000, -0.0000000000000000000 ) ) ;
#2464 = CARTESIAN_POINT ( 'NONE',  ( -150.0000000000000284, 0.0000000000000000000, -150.0000000000000000 ) ) ;
#2465 = EDGE_CURVE ( 'NONE', #3662, #376, #2672, .T. ) ;
#2466 = ORIENTED_EDGE ( 'NONE', *, *, #1964, .T. ) ;
#2467 = EDGE_CURVE ( 'NONE', #2170, #2767, #491, .T. ) ;
#2468 = DIRECTION ( 'NONE',  ( 0.0000000000000000000, 0.0000000000000000000, 1.000000000000000000 ) ) ;
#2469 = DIRECTION ( 'NONE',  ( 1.850371707708594563E-16, 0.0000000000000000000, 1.000000000000000000 ) ) ;
#2470 = FILL_AREA_STYLE ('',( #667 ) ) ;
#2471 = EDGE_LOOP ( 'NONE', ( #1705, #2588, #1368, #1706 ) ) ;
#2472 = CARTESIAN_POINT ( 'NONE',  ( -90.00000000000000000, 215.0000000000000284, -47.49999999999998579 ) ) ;
#2473 = CIRCLE ( 'NONE', #1394, 3.500000000000003109 ) ;
#2474 = ADVANCED_FACE ( 'NONE', ( #1101 ), #949, .F. ) ;
#2475 = FACE_OUTER_BOUND ( 'NONE', #2260, .T. ) ;
#2476 = CARTESIAN_POINT ( 'NONE',  ( 69.99999999999997158, 280.0000000000000000, -80.00000000000000000 ) ) ;
#2477 =( GEOMETRIC_REPRESENTATION_CONTEXT ( 3 ) GLOBAL_UNCERTAINTY_ASSIGNED_CONTEXT ( ( #498 ) ) GLOBAL_UNIT_ASSIGNED_CONTEXT ( ( #724, #460, #3696 ) ) REPRESENTATION_CONTEXT ( 'NONE', 'WORKASPACE' ) );
#2478 = CIRCLE ( 'NONE', #134, 19.99999999999999645 ) ;
#2479 = CARTESIAN_POINT ( 'NONE',  ( -7.500000000001047162, -0.0009999999999992653654, 149.9999999999999716 ) ) ;
#2480 = FACE_OUTER_BOUND ( 'NONE', #3649, .T. ) ;
#2481 = EDGE_CURVE ( 'NONE', #3236, #3705, #903, .T. ) ;
#2482 = DIRECTION ( 'NONE',  ( -0.0000000000000000000, 1.000000000000000000, -0.0000000000000000000 ) ) ;
#2483 = EDGE_LOOP ( 'NONE', ( #1629, #3756 ) ) ;
#2485 = ORIENTED_EDGE ( 'NONE', *, *, #1045, .F. ) ;
#2484 = PLANE ( 'NONE',  #2595 ) ;
#2486 = VECTOR ( 'NONE', #101, 1000.000000000000000 ) ;
#2487 = VECTOR ( 'NONE', #1387, 1000.000000000000000 ) ;
#2488 = ORIENTED_EDGE ( 'NONE', *, *, #2681, .F. ) ;
#2489 = DIRECTION ( 'NONE',  ( 0.0000000000000000000, 0.0000000000000000000, 1.000000000000000000 ) ) ;
#2490 = ORIENTED_EDGE ( 'NONE', *, *, #1716, .F. ) ;
#2491 = LINE ( 'NONE', #3079, #2918 ) ;
#2492 = FACE_OUTER_BOUND ( 'NONE', #1239, .T. ) ;
#2493 = CARTESIAN_POINT ( 'NONE',  ( -114.9999999999999432, 300.0000000000000568, 125.0000000000000000 ) ) ;
#2494 = ORIENTED_EDGE ( 'NONE', *, *, #2465, .F. ) ;
#2495 = VERTEX_POINT ( 'NONE', #2692 ) ;
#2496 = DIRECTION ( 'NONE',  ( -0.7071067811865434649, 0.0000000000000000000, -0.7071067811865516806 ) ) ;
#2497 = CARTESIAN_POINT ( 'NONE',  ( -1.419341474236166827E-16, 15.00000000000000000, 129.5000000000000284 ) ) ;
#2498 = CARTESIAN_POINT ( 'NONE',  ( -124.9999999999999716, 15.00000000000000000, -117.5000000000000142 ) ) ;
#2499 = AXIS2_PLACEMENT_3D ( 'NONE', #3291, #3597, #1801 ) ;
#2500 = SURFACE_STYLE_USAGE ( .BOTH. , #2235 ) ;
#2501 = DIRECTION ( 'NONE',  ( 0.0000000000000000000, 1.000000000000000000, 0.0000000000000000000 ) ) ;
#2502 = STYLED_ITEM ( 'NONE', ( #56 ), #2474 ) ;
#2503 = CARTESIAN_POINT ( 'NONE',  ( 125.0000000000000568, 280.0000000000000000, 115.0000000000000142 ) ) ;
#2504 = FILL_AREA_STYLE_COLOUR ( '', #578 ) ;
#2505 = EDGE_CURVE ( 'NONE', #3765, #1341, #1038, .T. ) ;
#2506 = DIRECTION ( 'NONE',  ( 0.0000000000000000000, 0.0000000000000000000, 1.000000000000000000 ) ) ;
#2507 = DIRECTION ( 'NONE',  ( -0.0000000000000000000, -0.0000000000000000000, 1.000000000000000000 ) ) ;
#2508 = CARTESIAN_POINT ( 'NONE',  ( -90.00000000000000000, 215.0000000000000284, 42.49999999999999289 ) ) ;
#2509 = EDGE_CURVE ( 'NONE', #1466, #1251, #390, .T. ) ;
#2510 = ORIENTED_EDGE ( 'NONE', *, *, #1589, .T. ) ;
#2511 = ORIENTED_EDGE ( 'NONE', *, *, #875, .F. ) ;
#2512 = AXIS2_PLACEMENT_3D ( 'NONE', #1005, #1941, #2816 ) ;
#2513 =( GEOMETRIC_REPRESENTATION_CONTEXT ( 3 ) GLOBAL_UNCERTAINTY_ASSIGNED_CONTEXT ( ( #3097 ) ) GLOBAL_UNIT_ASSIGNED_CONTEXT ( ( #1775, #561, #904 ) ) REPRESENTATION_CONTEXT ( 'NONE', 'WORKASPACE' ) );
#2514 = PLANE ( 'NONE',  #2789 ) ;
#2515 = VECTOR ( 'NONE', #731, 1000.000000000000000 ) ;
#2516 = CARTESIAN_POINT ( 'NONE',  ( 70.00000000000000000, 300.0000000000000568, -98.00000000000000000 ) ) ;
#2517 = MECHANICAL_DESIGN_GEOMETRIC_PRESENTATION_REPRESENTATION (  '', ( #659 ), #2429 ) ;
#2518 = SURFACE_STYLE_FILL_AREA ( #1702 ) ;
#2519 = PRESENTATION_STYLE_ASSIGNMENT (( #2459 ) ) ;
#2520 = CIRCLE ( 'NONE', #753, 4.500000000000003553 ) ;
#2521 = DIRECTION ( 'NONE',  ( 0.0000000000000000000, 0.0000000000000000000, 1.000000000000000000 ) ) ;
#2522 = EDGE_CURVE ( 'NONE', #825, #924, #803, .T. ) ;
#2523 = AXIS2_PLACEMENT_3D ( 'NONE', #2316, #796, #2550 ) ;
#2524 = ORIENTED_EDGE ( 'NONE', *, *, #3036, .T. ) ;
#2525 = VECTOR ( 'NONE', #61, 1000.000000000000000 ) ;
#2526 = VERTEX_POINT ( 'NONE', #911 ) ;
#2527 = EDGE_CURVE ( 'NONE', #234, #3236, #478, .T. ) ;
#2528 = ORIENTED_EDGE ( 'NONE', *, *, #220, .T. ) ;
#2529 = FACE_OUTER_BOUND ( 'NONE', #2299, .T. ) ;
#2530 = CYLINDRICAL_SURFACE ( 'NONE', #364, 5.099999999999993427 ) ;
#2531 = FILL_AREA_STYLE_COLOUR ( '', #2571 ) ;
#2532 = VERTEX_POINT ( 'NONE', #1810 ) ;
#2533 = CARTESIAN_POINT ( 'NONE',  ( 0.0000000000000000000, 0.0000000000000000000, -120.5000000000000000 ) ) ;
#2534 = ORIENTED_EDGE ( 'NONE', *, *, #2681, .T. ) ;
#2535 = FACE_OUTER_BOUND ( 'NONE', #2971, .T. ) ;
#2536 = CIRCLE ( 'NONE', #3795, 7.500000000000007105 ) ;
#2537 = PLANE ( 'NONE',  #522 ) ;
#2538 = EDGE_LOOP ( 'NONE', ( #1288, #1846 ) ) ;
#2539 = EDGE_CURVE ( 'NONE', #747, #825, #3315, .T. ) ;
#2540 = ADVANCED_FACE ( 'NONE', ( #1545 ), #3585, .F. ) ;
#2541 = DIRECTION ( 'NONE',  ( -0.7071067811865461294, 5.233641528945905718E-17, 0.7071067811865489050 ) ) ;
#2542 = DIRECTION ( 'NONE',  ( 0.0000000000000000000, 0.0000000000000000000, 1.000000000000000000 ) ) ;
#2543 = ORIENTED_EDGE ( 'NONE', *, *, #1317, .T. ) ;
#2544 =( NAMED_UNIT ( * ) PLANE_ANGLE_UNIT ( ) SI_UNIT ( $, .RADIAN. ) );
#2545 = EDGE_LOOP ( 'NONE', ( #1752, #2664 ) ) ;
#2546 = MECHANICAL_DESIGN_GEOMETRIC_PRESENTATION_REPRESENTATION (  '', ( #3540 ), #1682 ) ;
#2547 = CARTESIAN_POINT ( 'NONE',  ( 150.0000000000000284, 0.0000000000000000000, 139.9999999999999147 ) ) ;
#2548 = EDGE_CURVE ( 'NONE', #1414, #2821, #240, .T. ) ;
#2549 = DIRECTION ( 'NONE',  ( 1.000000000000000000, -1.982541115402066589E-16, -9.912705577010332945E-17 ) ) ;
#2550 = DIRECTION ( 'NONE',  ( -0.7071067811865474617, 0.0000000000000000000, 0.7071067811865474617 ) ) ;
#2551 = VECTOR ( 'NONE', #2442, 1000.000000000000000 ) ;
#2552 =( NAMED_UNIT ( * ) SI_UNIT ( $, .STERADIAN. ) SOLID_ANGLE_UNIT ( ) );
#2553 = DIRECTION ( 'NONE',  ( 0.0000000000000000000, 1.000000000000000000, 0.0000000000000000000 ) ) ;
#2554 = EDGE_LOOP ( 'NONE', ( #2071, #632, #3147, #3004 ) ) ;
#2555 = EDGE_LOOP ( 'NONE', ( #986, #3325 ) ) ;
#2556 = UNCERTAINTY_MEASURE_WITH_UNIT (LENGTH_MEASURE( 1.000000000000000082E-05 ), #3521, 'distance_accuracy_value', 'NONE');
#2557 = LINE ( 'NONE', #893, #338 ) ;
#2558 = STYLED_ITEM ( 'NONE', ( #685 ), #1454 ) ;
#2559 = DIRECTION ( 'NONE',  ( 0.0000000000000000000, 0.0000000000000000000, 1.000000000000000000 ) ) ;
#2560 = CARTESIAN_POINT ( 'NONE',  ( -149.9999999999999432, 15.00000000000000000, -7.500000000001570299 ) ) ;
#2561 = CARTESIAN_POINT ( 'NONE',  ( 125.0000000000000568, 300.0000000000000568, 115.0000000000000142 ) ) ;
#2562 = ORIENTED_EDGE ( 'NONE', *, *, #2467, .F. ) ;
#2563 = PLANE ( 'NONE',  #279 ) ;
#2564 = CARTESIAN_POINT ( 'NONE',  ( -150.0000000000000284, 15.00000000000000000, -150.0000000000000000 ) ) ;
#2565 = ORIENTED_EDGE ( 'NONE', *, *, #2074, .T. ) ;
#2566 = ORIENTED_EDGE ( 'NONE', *, *, #3064, .T. ) ;
#2567 = CARTESIAN_POINT ( 'NONE',  ( 124.9999999999999716, 15.00000000000000000, 4.938795603462354205E-17 ) ) ;
#2568 = VERTEX_POINT ( 'NONE', #1169 ) ;
#2569 = EDGE_CURVE ( 'NONE', #1605, #3218, #1129, .T. ) ;
#2570 = CARTESIAN_POINT ( 'NONE',  ( -9.950721815702933470E-13, 0.0000000000000000000, 142.5000000000000568 ) ) ;
#2571 = COLOUR_RGB ( '',1.000000000000000000, 1.000000000000000000, 1.000000000000000000 ) ;
#2572 = DIRECTION ( 'NONE',  ( -1.000000000000000000, 1.982541115402065110E-16, -9.912705577010325549E-17 ) ) ;
#2573 = AXIS2_PLACEMENT_3D ( 'NONE', #1714, #3466, #525 ) ;
#2574 = ORIENTED_EDGE ( 'NONE', *, *, #1737, .F. ) ;
#2575 = ORIENTED_EDGE ( 'NONE', *, *, #1997, .F. ) ;
#2576 = VECTOR ( 'NONE', #1127, 1000.000000000000000 ) ;
#2577 = FACE_OUTER_BOUND ( 'NONE', #889, .T. ) ;
#2578 = DIRECTION ( 'NONE',  ( 0.7071067811865474617, -0.0000000000000000000, -0.7071067811865474617 ) ) ;
#2579 = VERTEX_POINT ( 'NONE', #1179 ) ;
#2580 = EDGE_CURVE ( 'NONE', #3390, #788, #1451, .T. ) ;
#2581 = VERTEX_POINT ( 'NONE', #2373 ) ;
#2582 = CARTESIAN_POINT ( 'NONE',  ( 124.9999999999999716, 0.0000000000000000000, -125.0000000000000000 ) ) ;
#2583 = FACE_OUTER_BOUND ( 'NONE', #737, .T. ) ;
#2584 = CARTESIAN_POINT ( 'NONE',  ( 70.00000000000000000, 299.5000000000000568, -98.00000000000000000 ) ) ;
#2585 = CARTESIAN_POINT ( 'NONE',  ( -150.0000000000000284, 0.0000000000000000000, -139.9999999999999432 ) ) ;
#2586 = ORIENTED_EDGE ( 'NONE', *, *, #2888, .T. ) ;
#2587 = AXIS2_PLACEMENT_3D ( 'NONE', #3174, #3136, #471 ) ;
#2588 = ORIENTED_EDGE ( 'NONE', *, *, #340, .T. ) ;
#2589 = PLANE ( 'NONE',  #3806 ) ;
#2590 = SURFACE_SIDE_STYLE ('',( #2518 ) ) ;
#2591 =( NAMED_UNIT ( * ) SI_UNIT ( $, .STERADIAN. ) SOLID_ANGLE_UNIT ( ) );
#2592 = STYLED_ITEM ( 'NONE', ( #757 ), #2615 ) ;
#2593 = SURFACE_STYLE_USAGE ( .BOTH. , #2018 ) ;
#2594 = EDGE_CURVE ( 'NONE', #114, #1160, #1774, .T. ) ;
#2595 = AXIS2_PLACEMENT_3D ( 'NONE', #443, #3722, #1934 ) ;
#2596 = CARTESIAN_POINT ( 'NONE',  ( -90.00000000000000000, 300.0000000000000568, 84.90000000000000568 ) ) ;
#2597 = ORIENTED_EDGE ( 'NONE', *, *, #683, .T. ) ;
#2598 = DIRECTION ( 'NONE',  ( -0.0000000000000000000, 1.000000000000000000, -0.0000000000000000000 ) ) ;
#2599 = CARTESIAN_POINT ( 'NONE',  ( -80.00000000000000000, 255.0000000000000000, 42.49999999999999289 ) ) ;
#2600 = VERTEX_POINT ( 'NONE', #3246 ) ;
#2601 = EDGE_LOOP ( 'NONE', ( #252, #682, #1939, #2909 ) ) ;
#2602 = FACE_OUTER_BOUND ( 'NONE', #3529, .T. ) ;
#2603 = DIRECTION ( 'NONE',  ( 0.0000000000000000000, 0.0000000000000000000, -1.000000000000000000 ) ) ;
#2604 = FACE_OUTER_BOUND ( 'NONE', #3617, .T. ) ;
#2605 = DIRECTION ( 'NONE',  ( 0.0000000000000000000, 0.0000000000000000000, 1.000000000000000000 ) ) ;
#2606 = DIRECTION ( 'NONE',  ( 0.7071067811865475727, 0.0000000000000000000, -0.7071067811865475727 ) ) ;
#2607 = UNCERTAINTY_MEASURE_WITH_UNIT (LENGTH_MEASURE( 1.000000000000000082E-05 ), #515, 'distance_accuracy_value', 'NONE');
#2608 = FACE_BOUND ( 'NONE', #2915, .T. ) ;
#2609 = DIRECTION ( 'NONE',  ( 0.0000000000000000000, 0.0000000000000000000, 1.000000000000000000 ) ) ;
#2610 = VECTOR ( 'NONE', #1893, 1000.000000000000000 ) ;
#2611 = CARTESIAN_POINT ( 'NONE',  ( -69.99999999999998579, 280.0000000000000000, -69.99999999999998579 ) ) ;
#2612 =( GEOMETRIC_REPRESENTATION_CONTEXT ( 3 ) GLOBAL_UNCERTAINTY_ASSIGNED_CONTEXT ( ( #2803 ) ) GLOBAL_UNIT_ASSIGNED_CONTEXT ( ( #1771, #2998, #3560 ) ) REPRESENTATION_CONTEXT ( 'NONE', 'WORKASPACE' ) );
#2613 = VECTOR ( 'NONE', #194, 1000.000000000000000 ) ;
#2614 = DIRECTION ( 'NONE',  ( -0.7071067811865434649, -0.0000000000000000000, -0.7071067811865516806 ) ) ;
#2615 = ADVANCED_FACE ( 'NONE', ( #3740 ), #1270, .F. ) ;
#2616 = ORIENTED_EDGE ( 'NONE', *, *, #94, .F. ) ;
#2617 = EDGE_LOOP ( 'NONE', ( #2637, #209, #2308, #2157 ) ) ;
#2618 = LINE ( 'NONE', #3399, #1876 ) ;
#2619 = LINE ( 'NONE', #1754, #1833 ) ;
#2620 = AXIS2_PLACEMENT_3D ( 'NONE', #901, #1763, #591 ) ;
#2621 = DIRECTION ( 'NONE',  ( -1.850371707708594316E-16, -0.0000000000000000000, -1.000000000000000000 ) ) ;
#2622 = CARTESIAN_POINT ( 'NONE',  ( -80.00000000000000000, 255.0000000000000000, 45.00000000000000000 ) ) ;
#2623 = ORIENTED_EDGE ( 'NONE', *, *, #1634, .T. ) ;
#2624 = CARTESIAN_POINT ( 'NONE',  ( -70.00000000000000000, 300.0000000000000568, 98.00000000000000000 ) ) ;
#2625 = ORIENTED_EDGE ( 'NONE', *, *, #1091, .F. ) ;
#2626 = LINE ( 'NONE', #620, #3333 ) ;
#2627 = CYLINDRICAL_SURFACE ( 'NONE', #2828, 20.00000000000000355 ) ;
#2628 = DIRECTION ( 'NONE',  ( -1.000000000000000000, -0.0000000000000000000, -0.0000000000000000000 ) ) ;
#2629 = ORIENTED_EDGE ( 'NONE', *, *, #1840, .F. ) ;
#2630 = VERTEX_POINT ( 'NONE', #2705 ) ;
#2631 = EDGE_CURVE ( 'NONE', #353, #3662, #2248, .T. ) ;
#2632 = FILL_AREA_STYLE_COLOUR ( '', #419 ) ;
#2633 = VECTOR ( 'NONE', #3591, 1000.000000000000000 ) ;
#2634 = ORIENTED_EDGE ( 'NONE', *, *, #3741, .F. ) ;
#2635 =( NAMED_UNIT ( * ) PLANE_ANGLE_UNIT ( ) SI_UNIT ( $, .RADIAN. ) );
#2636 = DIRECTION ( 'NONE',  ( 0.0000000000000000000, 0.0000000000000000000, -1.000000000000000000 ) ) ;
#2637 = ORIENTED_EDGE ( 'NONE', *, *, #3619, .F. ) ;
#2638 = ORIENTED_EDGE ( 'NONE', *, *, #2786, .F. ) ;
#2639 = CARTESIAN_POINT ( 'NONE',  ( -69.99999999999994316, 280.0000000000000000, 80.00000000000001421 ) ) ;
#2640 = AXIS2_PLACEMENT_3D ( 'NONE', #2056, #1523, #592 ) ;
#2641 =( NAMED_UNIT ( * ) PLANE_ANGLE_UNIT ( ) SI_UNIT ( $, .RADIAN. ) );
#2642 = EDGE_LOOP ( 'NONE', ( #1142, #2236, #2076, #2511 ) ) ;
#2643 = SURFACE_SIDE_STYLE ('',( #3040 ) ) ;
#2644 = CARTESIAN_POINT ( 'NONE',  ( -139.9999999999999716, 0.0000000000000000000, -150.0000000000000000 ) ) ;
#2645 = DIRECTION ( 'NONE',  ( 0.0000000000000000000, 0.0000000000000000000, 1.000000000000000000 ) ) ;
#2646 = ORIENTED_EDGE ( 'NONE', *, *, #2580, .F. ) ;
#2647 = EDGE_CURVE ( 'NONE', #3714, #2124, #3551, .T. ) ;
#2648 = AXIS2_PLACEMENT_3D ( 'NONE', #1848, #2747, #2469 ) ;
#2649 = DIRECTION ( 'NONE',  ( -0.0000000000000000000, 1.000000000000000000, -0.0000000000000000000 ) ) ;
#2650 = ORIENTED_EDGE ( 'NONE', *, *, #289, .T. ) ;
#2651 = ORIENTED_EDGE ( 'NONE', *, *, #3285, .T. ) ;
#2652 = EDGE_CURVE ( 'NONE', #1078, #1866, #2378, .T. ) ;
#2653 = VERTEX_POINT ( 'NONE', #1850 ) ;
#2654 = FACE_OUTER_BOUND ( 'NONE', #496, .T. ) ;
#2655 = CARTESIAN_POINT ( 'NONE',  ( -62.49999999999996447, 280.0000000000000000, 7.654042494670957804E-15 ) ) ;
#2657 = LINE ( 'NONE', #980, #3467 ) ;
#2656 = PLANE ( 'NONE',  #90 ) ;
#2658 = CARTESIAN_POINT ( 'NONE',  ( -90.00000000000000000, 255.0000000000000000, -42.49999999999999289 ) ) ;
#2659 = EDGE_CURVE ( 'NONE', #1421, #2413, #1353, .T. ) ;
#2660 = DIRECTION ( 'NONE',  ( 1.000000000000000000, 0.0000000000000000000, 0.0000000000000000000 ) ) ;
#2661 = FACE_OUTER_BOUND ( 'NONE', #211, .T. ) ;
#2662 = LINE ( 'NONE', #2197, #401 ) ;
#2663 =( LENGTH_UNIT ( ) NAMED_UNIT ( * ) SI_UNIT ( .MILLI., .METRE. ) );
#2664 = ORIENTED_EDGE ( 'NONE', *, *, #2743, .F. ) ;
#2665 = EDGE_LOOP ( 'NONE', ( #543, #3367, #3481, #1657 ) ) ;
#2666 = ADVANCED_FACE ( 'NONE', ( #1921 ), #3508, .F. ) ;
#2667 = VERTEX_POINT ( 'NONE', #1016 ) ;
#2668 = SURFACE_STYLE_FILL_AREA ( #1904 ) ;
#2669 = DIRECTION ( 'NONE',  ( -0.0000000000000000000, 1.000000000000000000, -0.0000000000000000000 ) ) ;
#2670 = ORIENTED_EDGE ( 'NONE', *, *, #697, .T. ) ;
#2671 = VERTEX_POINT ( 'NONE', #3441 ) ;
#2672 = LINE ( 'NONE', #2053, #2921 ) ;
#2673 = DIRECTION ( 'NONE',  ( 0.7071067811865484609, -0.0000000000000000000, 0.7071067811865465735 ) ) ;
#2674 = CIRCLE ( 'NONE', #1086, 2.500000000000002220 ) ;
#2675 =( GEOMETRIC_REPRESENTATION_CONTEXT ( 3 ) GLOBAL_UNCERTAINTY_ASSIGNED_CONTEXT ( ( #3788 ) ) GLOBAL_UNIT_ASSIGNED_CONTEXT ( ( #1026, #3121, #3110 ) ) REPRESENTATION_CONTEXT ( 'NONE', 'WORKASPACE' ) );
#2676 = CARTESIAN_POINT ( 'NONE',  ( 125.0000000000000568, 280.0000000000000000, 115.0000000000000142 ) ) ;
#2677 = DIRECTION ( 'NONE',  ( 0.0000000000000000000, 0.7071067811865474617, 0.7071067811865474617 ) ) ;
#2678 = ORIENTED_EDGE ( 'NONE', *, *, #2048, .T. ) ;
#2679 = ADVANCED_FACE ( 'NONE', ( #2153 ), #336, .F. ) ;
#2680 = LINE ( 'NONE', #2220, #3197 ) ;
#2681 = EDGE_CURVE ( 'NONE', #776, #1194, #1917, .T. ) ;
#2682 = DIRECTION ( 'NONE',  ( -1.000000000000000000, 1.734723475976803150E-16, 0.0000000000000000000 ) ) ;
#2683 = DIRECTION ( 'NONE',  ( 0.0000000000000000000, 0.0000000000000000000, 1.000000000000000000 ) ) ;
#2684 = CARTESIAN_POINT ( 'NONE',  ( -150.0000000000000284, 0.0000000000000000000, -150.0000000000000000 ) ) ;
#2685 = CARTESIAN_POINT ( 'NONE',  ( -90.00000000000000000, 300.0000000000000568, -90.00000000000000000 ) ) ;
#2686 = CARTESIAN_POINT ( 'NONE',  ( -70.00000000000000000, 300.0000000000000568, 95.00000000000000000 ) ) ;
#2687 = CARTESIAN_POINT ( 'NONE',  ( 7.500000000000000000, -0.0009999999999992653654, -150.0000000000000284 ) ) ;
#2688 = VERTEX_POINT ( 'NONE', #1298 ) ;
#2689 = DIRECTION ( 'NONE',  ( -0.0000000000000000000, 1.000000000000000000, -0.0000000000000000000 ) ) ;
#2690 = CARTESIAN_POINT ( 'NONE',  ( 89.99999999999994316, 279.9999999999999432, -69.99999999999998579 ) ) ;
#2691 = AXIS2_PLACEMENT_3D ( 'NONE', #3252, #927, #2704 ) ;
#2692 = CARTESIAN_POINT ( 'NONE',  ( -150.0000000000001137, 15.00000000000000000, 7.499999999998428812 ) ) ;
#2693 = EDGE_LOOP ( 'NONE', ( #550, #41, #902, #3488, #1522, #2261, #447, #3339 ) ) ;
#2694 = SURFACE_SIDE_STYLE ('',( #3835 ) ) ;
#2695 = ADVANCED_FACE ( 'NONE', ( #2602 ), #149, .F. ) ;
#2696 = CARTESIAN_POINT ( 'NONE',  ( -70.00000000000000000, 300.0000000000000568, 95.00000000000000000 ) ) ;
#2697 = AXIS2_PLACEMENT_3D ( 'NONE', #2327, #2044, #2335 ) ;
#2698 = ORIENTED_EDGE ( 'NONE', *, *, #2380, .F. ) ;
#2699 = ORIENTED_EDGE ( 'NONE', *, *, #723, .F. ) ;
#2700 = DIRECTION ( 'NONE',  ( -0.0000000000000000000, 1.000000000000000000, -0.0000000000000000000 ) ) ;
#2701 = DIRECTION ( 'NONE',  ( -1.000000000000000000, -0.0000000000000000000, -0.0000000000000000000 ) ) ;
#2702 = CYLINDRICAL_SURFACE ( 'NONE', #2499, 4.500000000000003553 ) ;
#2703 = VECTOR ( 'NONE', #2107, 1000.000000000000000 ) ;
#2704 = DIRECTION ( 'NONE',  ( 0.0000000000000000000, 0.0000000000000000000, -1.000000000000000000 ) ) ;
#2705 = CARTESIAN_POINT ( 'NONE',  ( -124.9999999999999716, 15.00000000000000000, -132.5000000000000000 ) ) ;
#2706 = APPLICATION_PROTOCOL_DEFINITION ( 'draft international standard', 'automotive_design', 1998, #3039 ) ;
#2707 = FACE_BOUND ( 'NONE', #2822, .T. ) ;
#2708 = EDGE_CURVE ( 'NONE', #160, #991, #1633, .T. ) ;
#2709 = DIRECTION ( 'NONE',  ( 0.0000000000000000000, 0.0000000000000000000, 1.000000000000000000 ) ) ;
#2710 = DIRECTION ( 'NONE',  ( -2.094760423821049858E-16, -1.000000000000000000, -0.0000000000000000000 ) ) ;
#2711 = VECTOR ( 'NONE', #1200, 1000.000000000000000 ) ;
#2712 = DIRECTION ( 'NONE',  ( 0.0000000000000000000, 0.0000000000000000000, 1.000000000000000000 ) ) ;
#2713 = ORIENTED_EDGE ( 'NONE', *, *, #3312, .F. ) ;
#2714 = STYLED_ITEM ( 'NONE', ( #1151 ), #1120 ) ;
#2715 = CIRCLE ( 'NONE', #3237, 3.000000000000002665 ) ;
#2716 = VECTOR ( 'NONE', #1884, 1000.000000000000000 ) ;
#2717 = ADVANCED_FACE ( 'NONE', ( #1543 ), #95, .F. ) ;
#2718 = SHAPE_DEFINITION_REPRESENTATION ( #330, #648 ) ;
#2719 = VERTEX_POINT ( 'NONE', #2209 ) ;
#2720 = EDGE_LOOP ( 'NONE', ( #2353, #881, #2910, #306 ) ) ;
#2722 = VERTEX_POINT ( 'NONE', #3704 ) ;
#2721 = DIRECTION ( 'NONE',  ( 1.000000000000000000, -0.0000000000000000000, -0.0000000000000000000 ) ) ;
#2723 = AXIS2_PLACEMENT_3D ( 'NONE', #2077, #2950, #2064 ) ;
#2724 = CYLINDRICAL_SURFACE ( 'NONE', #2039, 2.500000000000002220 ) ;
#2725 = ORIENTED_EDGE ( 'NONE', *, *, #2505, .F. ) ;
#2726 = CARTESIAN_POINT ( 'NONE',  ( 142.5000000000000568, 15.00000000000000000, 4.975360907851466735E-13 ) ) ;
#2727 = CIRCLE ( 'NONE', #2324, 75.00000000000001421 ) ;
#2728 = CARTESIAN_POINT ( 'NONE',  ( 70.00000000000001421, 280.0000000000000000, -89.99999999999998579 ) ) ;
#2729 = ORIENTED_EDGE ( 'NONE', *, *, #1732, .F. ) ;
#2730 = EDGE_CURVE ( 'NONE', #161, #3060, #3410, .T. ) ;
#2731 = AXIS2_PLACEMENT_3D ( 'NONE', #1665, #221, #787 ) ;
#2732 = DIRECTION ( 'NONE',  ( -0.7071067811865489050, 0.0000000000000000000, -0.7071067811865461294 ) ) ;
#2733 = DIRECTION ( 'NONE',  ( -0.0000000000000000000, 1.000000000000000000, -0.0000000000000000000 ) ) ;
#2734 = DIRECTION ( 'NONE',  ( 0.0000000000000000000, 1.000000000000000000, 0.0000000000000000000 ) ) ;
#2735 = ADVANCED_FACE ( 'NONE', ( #2419 ), #2484, .F. ) ;
#2736 = DIRECTION ( 'NONE',  ( -0.0000000000000000000, 1.000000000000000000, -0.0000000000000000000 ) ) ;
#2737 = EDGE_CURVE ( 'NONE', #114, #2118, #3641, .T. ) ;
#2738 = APPLICATION_CONTEXT ( 'automotive_design' ) ;
#2739 = EDGE_LOOP ( 'NONE', ( #2082, #1033, #2699, #1896 ) ) ;
#2740 = CARTESIAN_POINT ( 'NONE',  ( -114.9999999999999432, 280.0000000000000000, 125.0000000000000000 ) ) ;
#2741 = ADVANCED_FACE ( 'NONE', ( #1073 ), #1075, .F. ) ;
#2742 = ORIENTED_EDGE ( 'NONE', *, *, #3542, .F. ) ;
#2743 = EDGE_CURVE ( 'NONE', #604, #1453, #1625, .T. ) ;
#2744 = FACE_OUTER_BOUND ( 'NONE', #692, .T. ) ;
#2745 = DIRECTION ( 'NONE',  ( -0.0000000000000000000, 1.000000000000000000, -0.0000000000000000000 ) ) ;
#2746 = CARTESIAN_POINT ( 'NONE',  ( -90.00000000000000000, 300.0000000000000568, -84.90000000000000568 ) ) ;
#2747 = DIRECTION ( 'NONE',  ( -1.000000000000000000, 0.0000000000000000000, 1.850371707708594563E-16 ) ) ;
#2748 = ORIENTED_EDGE ( 'NONE', *, *, #2888, .F. ) ;
#2749 = FACE_BOUND ( 'NONE', #2793, .T. ) ;
#2750 = CARTESIAN_POINT ( 'NONE',  ( 142.5000000000000568, -0.0009999999999992653654, 4.975360907851466735E-13 ) ) ;
#2751 = ORIENTED_EDGE ( 'NONE', *, *, #1630, .F. ) ;
#2752 = DIRECTION ( 'NONE',  ( -0.7071067811865483499, 0.0000000000000000000, -0.7071067811865465735 ) ) ;
#2753 = PRESENTATION_STYLE_ASSIGNMENT (( #3370 ) ) ;
#2754 = STYLED_ITEM ( 'NONE', ( #545 ), #2901 ) ;
#2755 = CARTESIAN_POINT ( 'NONE',  ( 70.00000000000001421, 280.0000000000000000, -89.99999999999998579 ) ) ;
#2756 = LINE ( 'NONE', #1593, #394 ) ;
#2757 = ADVANCED_FACE ( 'NONE', ( #2744 ), #3501, .F. ) ;
#2758 = EDGE_CURVE ( 'NONE', #2848, #3880, #1854, .T. ) ;
#2759 = DIRECTION ( 'NONE',  ( 0.0000000000000000000, 0.0000000000000000000, 1.000000000000000000 ) ) ;
#2760 = VECTOR ( 'NONE', #770, 1000.000000000000000 ) ;
#2761 = EDGE_CURVE ( 'NONE', #1109, #1667, #3454, .T. ) ;
#2762 = VECTOR ( 'NONE', #3811, 1000.000000000000000 ) ;
#2763 = CIRCLE ( 'NONE', #876, 75.00000000000001421 ) ;
#2764 = CARTESIAN_POINT ( 'NONE',  ( 125.0000000000000000, 15.00000000000000000, -30.00000000000000000 ) ) ;
#2765 = CYLINDRICAL_SURFACE ( 'NONE', #2393, 10.00000000000000888 ) ;
#2766 = ORIENTED_EDGE ( 'NONE', *, *, #3036, .F. ) ;
#2767 = VERTEX_POINT ( 'NONE', #3452 ) ;
#2768 = ORIENTED_EDGE ( 'NONE', *, *, #1589, .F. ) ;
#2769 = CIRCLE ( 'NONE', #3763, 4.499999999999990230 ) ;
#2770 = PRESENTATION_STYLE_ASSIGNMENT (( #143 ) ) ;
#2771 = CARTESIAN_POINT ( 'NONE',  ( -150.0000000000000284, 15.00000000000000000, -150.0000000000000000 ) ) ;
#2772 =( NAMED_UNIT ( * ) SI_UNIT ( $, .STERADIAN. ) SOLID_ANGLE_UNIT ( ) );
#2773 = MECHANICAL_DESIGN_GEOMETRIC_PRESENTATION_REPRESENTATION (  '', ( #1624 ), #2980 ) ;
#2774 = ORIENTED_EDGE ( 'NONE', *, *, #2337, .T. ) ;
#2775 = ORIENTED_EDGE ( 'NONE', *, *, #263, .F. ) ;
#2776 = LINE ( 'NONE', #3877, #1987 ) ;
#2777 = FILL_AREA_STYLE ('',( #421 ) ) ;
#2778 = ORIENTED_EDGE ( 'NONE', *, *, #2222, .F. ) ;
#2779 = ORIENTED_EDGE ( 'NONE', *, *, #2465, .T. ) ;
#2780 = VECTOR ( 'NONE', #1845, 1000.000000000000000 ) ;
#2781 = ORIENTED_EDGE ( 'NONE', *, *, #2965, .F. ) ;
#2782 = ORIENTED_EDGE ( 'NONE', *, *, #1566, .F. ) ;
#2783 = STYLED_ITEM ( 'NONE', ( #69 ), #2285 ) ;
#2784 = DIRECTION ( 'NONE',  ( -0.7071067811865466846, 0.0000000000000000000, 0.7071067811865484609 ) ) ;
#2785 = DIRECTION ( 'NONE',  ( 0.0000000000000000000, 0.0000000000000000000, 1.000000000000000000 ) ) ;
#2786 = EDGE_CURVE ( 'NONE', #1161, #3544, #3167, .T. ) ;
#2787 = SURFACE_SIDE_STYLE ('',( #517 ) ) ;
#2788 = ORIENTED_EDGE ( 'NONE', *, *, #2119, .F. ) ;
#2789 = AXIS2_PLACEMENT_3D ( 'NONE', #186, #2541, #1949 ) ;
#2790 = CARTESIAN_POINT ( 'NONE',  ( -9.950721815702933470E-13, -0.0009999999999992653654, 142.5000000000000568 ) ) ;
#2791 = DIRECTION ( 'NONE',  ( -2.094760423821049858E-16, -1.000000000000000000, -0.0000000000000000000 ) ) ;
#2792 = DIRECTION ( 'NONE',  ( -1.982541115402065849E-16, -0.0000000000000000000, -1.000000000000000000 ) ) ;
#2793 = EDGE_LOOP ( 'NONE', ( #3111, #48 ) ) ;
#2794 = VERTEX_POINT ( 'NONE', #1678 ) ;
#2795 = PRESENTATION_LAYER_ASSIGNMENT (  '', '', ( #2502 ) ) ;
#2796 = FILL_AREA_STYLE_COLOUR ( '', #3129 ) ;
#2797 = LINE ( 'NONE', #37, #1818 ) ;
#2798 = DIRECTION ( 'NONE',  ( 0.0000000000000000000, 1.000000000000000000, 0.0000000000000000000 ) ) ;
#2799 = EDGE_CURVE ( 'NONE', #1326, #2600, #3875, .T. ) ;
#2800 = DIRECTION ( 'NONE',  ( -2.094760423821049858E-16, -1.000000000000000000, -0.0000000000000000000 ) ) ;
#2801 = AXIS2_PLACEMENT_3D ( 'NONE', #1690, #3758, #1984 ) ;
#2802 = FACE_BOUND ( 'NONE', #933, .T. ) ;
#2803 = UNCERTAINTY_MEASURE_WITH_UNIT (LENGTH_MEASURE( 1.000000000000000082E-05 ), #1771, 'distance_accuracy_value', 'NONE');
#2804 = CARTESIAN_POINT ( 'NONE',  ( -149.9999999999999716, 15.00000000000000000, 139.9999999999999716 ) ) ;
#2805 = DIRECTION ( 'NONE',  ( -0.0000000000000000000, -1.000000000000000000, -0.0000000000000000000 ) ) ;
#2806 = CARTESIAN_POINT ( 'NONE',  ( 124.9999999999999716, 15.00000000000000000, 4.499999999999990230 ) ) ;
#2807 = VECTOR ( 'NONE', #1224, 1000.000000000000000 ) ;
#2808 = EDGE_CURVE ( 'NONE', #3228, #1161, #2326, .T. ) ;
#2809 = DIRECTION ( 'NONE',  ( 0.7071067811865484609, -0.0000000000000000000, 0.7071067811865465735 ) ) ;
#2810 = VERTEX_POINT ( 'NONE', #1062 ) ;
#2812 = EDGE_LOOP ( 'NONE', ( #2586, #3829, #944, #67 ) ) ;
#2811 = CARTESIAN_POINT ( 'NONE',  ( 7.500000000000000000, 15.00000000000000000, -150.0000000000000284 ) ) ;
#2813 = LINE ( 'NONE', #3202, #2487 ) ;
#2814 = VERTEX_POINT ( 'NONE', #1350 ) ;
#2815 = ORIENTED_EDGE ( 'NONE', *, *, #2522, .F. ) ;
#2816 = DIRECTION ( 'NONE',  ( -1.000000000000000000, 0.0000000000000000000, -0.0000000000000000000 ) ) ;
#2817 = VERTEX_POINT ( 'NONE', #2258 ) ;
#2818 = LINE ( 'NONE', #1723, #308 ) ;
#2819 = COLOUR_RGB ( '',0.6470588235294117974, 0.6196078431372549211, 0.5882352941176470784 ) ;
#2820 = DIRECTION ( 'NONE',  ( 1.000000000000000000, -2.094760423821049858E-16, 0.0000000000000000000 ) ) ;
#2821 = VERTEX_POINT ( 'NONE', #3779 ) ;
#2822 = EDGE_LOOP ( 'NONE', ( #1660, #883 ) ) ;
#2823 = CYLINDRICAL_SURFACE ( 'NONE', #1825, 19.99999999999997513 ) ;
#2824 = DIRECTION ( 'NONE',  ( -2.094760423821049858E-16, -1.000000000000000000, -0.0000000000000000000 ) ) ;
#2825 = CARTESIAN_POINT ( 'NONE',  ( 0.0000000000000000000, 0.0000000000000000000, -142.5000000000000568 ) ) ;
#2826 = FACE_BOUND ( 'NONE', #1602, .T. ) ;
#2827 = CARTESIAN_POINT ( 'NONE',  ( 124.9999999999999716, 15.00000000000000000, 125.0000000000000000 ) ) ;
#2828 = AXIS2_PLACEMENT_3D ( 'NONE', #3321, #391, #96 ) ;
#2829 = ORIENTED_EDGE ( 'NONE', *, *, #2922, .F. ) ;
#2830 = CARTESIAN_POINT ( 'NONE',  ( 90.00000000000000000, 300.0000000000000568, -84.90000000000000568 ) ) ;
#2831 = ORIENTED_EDGE ( 'NONE', *, *, #1235, .T. ) ;
#2832 = CARTESIAN_POINT ( 'NONE',  ( 90.00000000000000000, 300.0000000000000568, -84.90000000000000568 ) ) ;
#2833 = ORIENTED_EDGE ( 'NONE', *, *, #1252, .F. ) ;
#2834 = EDGE_CURVE ( 'NONE', #3759, #1700, #36, .T. ) ;
#2835 = DIRECTION ( 'NONE',  ( -0.0000000000000000000, 1.000000000000000000, -0.0000000000000000000 ) ) ;
#2836 = CARTESIAN_POINT ( 'NONE',  ( -90.00000000000000000, 255.0000000000000000, 47.50000000000000000 ) ) ;
#2837 = FILL_AREA_STYLE ('',( #2531 ) ) ;
#2838 =( GEOMETRIC_REPRESENTATION_CONTEXT ( 3 ) GLOBAL_UNCERTAINTY_ASSIGNED_CONTEXT ( ( #327 ) ) GLOBAL_UNIT_ASSIGNED_CONTEXT ( ( #1384, #832, #2552 ) ) REPRESENTATION_CONTEXT ( 'NONE', 'WORKASPACE' ) );
#2839 = EDGE_LOOP ( 'NONE', ( #772, #3858, #3564, #1063 ) ) ;
#2840 = DIRECTION ( 'NONE',  ( -7.401486830834376525E-17, -1.000000000000000000, -0.0000000000000000000 ) ) ;
#2841 = VERTEX_POINT ( 'NONE', #2291 ) ;
#2842 = CARTESIAN_POINT ( 'NONE',  ( -69.99999999999998579, 280.0000000000000000, -89.99999999999997158 ) ) ;
#2843 = AXIS2_PLACEMENT_3D ( 'NONE', #3600, #2444, #922 ) ;
#2844 = AXIS2_PLACEMENT_3D ( 'NONE', #3300, #3259, #1787 ) ;
#2845 = VERTEX_POINT ( 'NONE', #507 ) ;
#2846 = DIRECTION ( 'NONE',  ( -2.094760423821049858E-16, -1.000000000000000000, -0.0000000000000000000 ) ) ;
#2848 = VERTEX_POINT ( 'NONE', #2533 ) ;
#2847 = DIRECTION ( 'NONE',  ( -1.000000000000000000, 0.0000000000000000000, 0.0000000000000000000 ) ) ;
#2849 = SURFACE_STYLE_FILL_AREA ( #937 ) ;
#2850 =( NAMED_UNIT ( * ) SI_UNIT ( $, .STERADIAN. ) SOLID_ANGLE_UNIT ( ) );
#2851 = VECTOR ( 'NONE', #3567, 1000.000000000000000 ) ;
#2852 = CARTESIAN_POINT ( 'NONE',  ( -90.00000000000000000, 280.0000000000000000, 90.00000000000000000 ) ) ;
#2853 = LINE ( 'NONE', #1497, #2633 ) ;
#2854 = FACE_OUTER_BOUND ( 'NONE', #2642, .T. ) ;
#2855 = UNCERTAINTY_MEASURE_WITH_UNIT (LENGTH_MEASURE( 1.000000000000000082E-05 ), #1486, 'distance_accuracy_value', 'NONE');
#2856 = EDGE_CURVE ( 'NONE', #2399, #3826, #1383, .T. ) ;
#2857 = DIRECTION ( 'NONE',  ( -0.0000000000000000000, 1.000000000000000000, -0.0000000000000000000 ) ) ;
#2858 = AXIS2_PLACEMENT_3D ( 'NONE', #1996, #1413, #2279 ) ;
#2859 = LINE ( 'NONE', #3643, #2807 ) ;
#2860 = CIRCLE ( 'NONE', #144, 2.999999999999988898 ) ;
#2861 = ITEM_DEFINED_TRANSFORMATION ( 'NONE', 'NONE', #1998,  #2381 ) ;
#2862 = PLANE ( 'NONE',  #2523 ) ;
#2863 = ADVANCED_FACE ( 'NONE', ( #2232 ), #761, .F. ) ;
#2864 = ORIENTED_EDGE ( 'NONE', *, *, #2834, .T. ) ;
#2865 = EDGE_CURVE ( 'NONE', #179, #3358, #1847, .T. ) ;
#2866 = ORIENTED_EDGE ( 'NONE', *, *, #1862, .T. ) ;
#2867 = CIRCLE ( 'NONE', #1031, 2.500000000000002220 ) ;
#2868 = DIRECTION ( 'NONE',  ( 2.094760423821049858E-16, 1.000000000000000000, 0.0000000000000000000 ) ) ;
#2869 = CARTESIAN_POINT ( 'NONE',  ( -150.0000000000000284, 0.0000000000000000000, -150.0000000000000000 ) ) ;
#2870 = CARTESIAN_POINT ( 'NONE',  ( 4.091569121926920263E-16, 15.00000000000000000, 120.5000000000000284 ) ) ;
#2871 = ORIENTED_EDGE ( 'NONE', *, *, #1662, .F. ) ;
#2872 = ORIENTED_EDGE ( 'NONE', *, *, #3256, .F. ) ;
#2873 = VECTOR ( 'NONE', #3365, 1000.000000000000000 ) ;
#2874 = CYLINDRICAL_SURFACE ( 'NONE', #204, 4.499999999999990230 ) ;
#2875 = DIRECTION ( 'NONE',  ( 0.7071067811865474617, -0.0000000000000000000, 0.7071067811865474617 ) ) ;
#2876 = ORIENTED_EDGE ( 'NONE', *, *, #2761, .F. ) ;
#2877 = ORIENTED_EDGE ( 'NONE', *, *, #1964, .F. ) ;
#2878 = PRESENTATION_LAYER_ASSIGNMENT (  '', '', ( #274 ) ) ;
#2879 =( NAMED_UNIT ( * ) PLANE_ANGLE_UNIT ( ) SI_UNIT ( $, .RADIAN. ) );
#2880 = CARTESIAN_POINT ( 'NONE',  ( -70.00000000000000000, 300.0000000000000568, 91.50000000000000000 ) ) ;
#2881 = VERTEX_POINT ( 'NONE', #3812 ) ;
#2882 = DIRECTION ( 'NONE',  ( 0.0000000000000000000, 0.0000000000000000000, 1.000000000000000000 ) ) ;
#2883 = CARTESIAN_POINT ( 'NONE',  ( -150.0000000000000284, 15.00000000000000000, -150.0000000000000000 ) ) ;
#2884 = EDGE_CURVE ( 'NONE', #1160, #114, #3720, .T. ) ;
#2885 = ADVANCED_FACE ( 'NONE', ( #464 ), #181, .T. ) ;
#2886 = DIRECTION ( 'NONE',  ( -0.0000000000000000000, 1.000000000000000000, -0.0000000000000000000 ) ) ;
#2887 = CARTESIAN_POINT ( 'NONE',  ( 69.99999999999997158, 280.0000000000000000, -80.00000000000000000 ) ) ;
#2888 = EDGE_CURVE ( 'NONE', #699, #3547, #2456, .T. ) ;
#2889 = DIRECTION ( 'NONE',  ( 0.0000000000000000000, 0.0000000000000000000, 1.000000000000000000 ) ) ;
#2890 = CARTESIAN_POINT ( 'NONE',  ( 79.99999999999997158, 279.9999999999999432, -69.99999999999998579 ) ) ;
#2891 = DIRECTION ( 'NONE',  ( 1.000000000000000000, 0.0000000000000000000, 0.0000000000000000000 ) ) ;
#2892 = FILL_AREA_STYLE ('',( #2926 ) ) ;
#2893 = DIRECTION ( 'NONE',  ( -7.401486830834376525E-17, -1.000000000000000000, -0.0000000000000000000 ) ) ;
#2894 = VERTEX_POINT ( 'NONE', #2936 ) ;
#2895 = ORIENTED_EDGE ( 'NONE', *, *, #3312, .T. ) ;
#2896 = CARTESIAN_POINT ( 'NONE',  ( -30.00000000000000000, 0.0000000000000000000, -121.5999999999999943 ) ) ;
#2897 = CYLINDRICAL_SURFACE ( 'NONE', #2203, 4.499999999999990230 ) ;
#2898 = VECTOR ( 'NONE', #618, 1000.000000000000000 ) ;
#2899 =( GEOMETRIC_REPRESENTATION_CONTEXT ( 3 ) GLOBAL_UNCERTAINTY_ASSIGNED_CONTEXT ( ( #1875 ) ) GLOBAL_UNIT_ASSIGNED_CONTEXT ( ( #1873, #3080, #1541 ) ) REPRESENTATION_CONTEXT ( 'NONE', 'WORKASPACE' ) );
#2900 = DIRECTION ( 'NONE',  ( -7.401486830834376525E-17, -1.000000000000000000, 0.0000000000000000000 ) ) ;
#2901 = ADVANCED_FACE ( 'NONE', ( #2583 ), #1992, .F. ) ;
#2902 = FACE_BOUND ( 'NONE', #1425, .T. ) ;
#2903 = LINE ( 'NONE', #3294, #952 ) ;
#2904 = CARTESIAN_POINT ( 'NONE',  ( -70.00000000000000000, 299.5000000000000568, 98.00000000000000000 ) ) ;
#2905 = AXIS2_PLACEMENT_3D ( 'NONE', #1885, #2234, #420 ) ;
#2906 = CARTESIAN_POINT ( 'NONE',  ( -90.00000000000000000, 255.0000000000000000, 45.00000000000000000 ) ) ;
#2908 = LINE ( 'NONE', #1152, #2711 ) ;
#2907 = CARTESIAN_POINT ( 'NONE',  ( 3.724866946749578982E-14, 300.0000000000000568, 0.0000000000000000000 ) ) ;
#2909 = ORIENTED_EDGE ( 'NONE', *, *, #2091, .F. ) ;
#2910 = ORIENTED_EDGE ( 'NONE', *, *, #472, .T. ) ;
#2911 = EDGE_CURVE ( 'NONE', #1194, #2413, #314, .T. ) ;
#2912 = DIRECTION ( 'NONE',  ( -0.7071067811865489050, 0.0000000000000000000, -0.7071067811865461294 ) ) ;
#2913 = CYLINDRICAL_SURFACE ( 'NONE', #1117, 19.99999999999999645 ) ;
#2914 = CARTESIAN_POINT ( 'NONE',  ( 90.00000000000000000, 300.0000000000000568, 90.00000000000000000 ) ) ;
#2915 = EDGE_LOOP ( 'NONE', ( #2098, #3692 ) ) ;
#2916 = ORIENTED_EDGE ( 'NONE', *, *, #851, .T. ) ;
#2917 = VERTEX_POINT ( 'NONE', #1757 ) ;
#2918 = VECTOR ( 'NONE', #1294, 1000.000000000000000 ) ;
#2919 = CARTESIAN_POINT ( 'NONE',  ( 125.0000000000000568, 300.0000000000000568, 115.0000000000000142 ) ) ;
#2920 = DIRECTION ( 'NONE',  ( 0.0000000000000000000, 1.000000000000000000, 0.0000000000000000000 ) ) ;
#2921 = VECTOR ( 'NONE', #3798, 1000.000000000000000 ) ;
#2922 = EDGE_CURVE ( 'NONE', #2767, #1899, #1198, .T. ) ;
#2923 = EDGE_LOOP ( 'NONE', ( #3330, #1791, #371, #3445 ) ) ;
#2924 = FACE_BOUND ( 'NONE', #2483, .T. ) ;
#2925 = FACE_OUTER_BOUND ( 'NONE', #1053, .T. ) ;
#2926 = FILL_AREA_STYLE_COLOUR ( '', #2294 ) ;
#2927 = EDGE_LOOP ( 'NONE', ( #2437, #802 ) ) ;
#2928 = DIRECTION ( 'NONE',  ( -0.0000000000000000000, 1.000000000000000000, -0.0000000000000000000 ) ) ;
#2929 = PRESENTATION_LAYER_ASSIGNMENT (  '', '', ( #2714 ) ) ;
#2930 = PRESENTATION_LAYER_ASSIGNMENT (  '', '', ( #3201 ) ) ;
#2931 =( NAMED_UNIT ( * ) PLANE_ANGLE_UNIT ( ) SI_UNIT ( $, .RADIAN. ) );
#2932 = EDGE_LOOP ( 'NONE', ( #3234, #2698, #2342, #78 ) ) ;
#2933 = VERTEX_POINT ( 'NONE', #2959 ) ;
#2934 = CARTESIAN_POINT ( 'NONE',  ( 70.00000000000000000, 280.0000000000000000, -95.00000000000000000 ) ) ;
#2935 = CARTESIAN_POINT ( 'NONE',  ( 90.00000000000000000, 300.0000000000000568, 95.09999999999999432 ) ) ;
#2936 = CARTESIAN_POINT ( 'NONE',  ( -124.9999999999999432, 280.0000000000000000, 115.0000000000000426 ) ) ;
#2937 = EDGE_CURVE ( 'NONE', #638, #3861, #3532, .T. ) ;
#2938 = AXIS2_PLACEMENT_3D ( 'NONE', #3273, #1493, #3588 ) ;
#2939 =( NAMED_UNIT ( * ) SI_UNIT ( $, .STERADIAN. ) SOLID_ANGLE_UNIT ( ) );
#2940 = ORIENTED_EDGE ( 'NONE', *, *, #1360, .T. ) ;
#2941 = DIRECTION ( 'NONE',  ( 0.7071067811865434649, -0.0000000000000000000, 0.7071067811865516806 ) ) ;
#2942 = CARTESIAN_POINT ( 'NONE',  ( 0.0000000000000000000, 0.0000000000000000000, 0.0000000000000000000 ) ) ;
#2943 = EDGE_CURVE ( 'NONE', #693, #3286, #3483, .T. ) ;
#2944 = EDGE_LOOP ( 'NONE', ( #913, #3531, #2895, #77 ) ) ;
#2945 = ORIENTED_EDGE ( 'NONE', *, *, #3395, .T. ) ;
#2946 = DIRECTION ( 'NONE',  ( -1.000000000000000000, -0.0000000000000000000, -0.0000000000000000000 ) ) ;
#2947 = DIRECTION ( 'NONE',  ( -0.0000000000000000000, 1.000000000000000000, -0.0000000000000000000 ) ) ;
#2948 = EDGE_CURVE ( 'NONE', #1575, #1247, #253, .T. ) ;
#2949 = COLOUR_RGB ( '',1.000000000000000000, 1.000000000000000000, 1.000000000000000000 ) ;
#2950 = DIRECTION ( 'NONE',  ( 1.000000000000000000, 0.0000000000000000000, -1.850371707708594563E-16 ) ) ;
#2951 = SURFACE_STYLE_USAGE ( .BOTH. , #278 ) ;
#2952 = VECTOR ( 'NONE', #2835, 1000.000000000000000 ) ;
#2953 = DIRECTION ( 'NONE',  ( -0.0000000000000000000, 1.000000000000000000, -0.0000000000000000000 ) ) ;
#2954 = LINE ( 'NONE', #2676, #523 ) ;
#2955 = VECTOR ( 'NONE', #686, 1000.000000000000000 ) ;
#2956 = VECTOR ( 'NONE', #1676, 1000.000000000000000 ) ;
#2957 = AXIS2_PLACEMENT_3D ( 'NONE', #3681, #3086, #418 ) ;
#2958 = DIRECTION ( 'NONE',  ( 0.0000000000000000000, 0.0000000000000000000, 1.000000000000000000 ) ) ;
#2959 = CARTESIAN_POINT ( 'NONE',  ( 124.9999999999999716, 0.0000000000000000000, -4.499999999999990230 ) ) ;
#2960 = ORIENTED_EDGE ( 'NONE', *, *, #943, .F. ) ;
#2961 = ORIENTED_EDGE ( 'NONE', *, *, #2148, .F. ) ;
#2962 = CARTESIAN_POINT ( 'NONE',  ( 125.0000000000000568, 280.0000000000000000, 115.0000000000000142 ) ) ;
#2963 = ORIENTED_EDGE ( 'NONE', *, *, #673, .T. ) ;
#2964 = VERTEX_POINT ( 'NONE', #1485 ) ;
#2965 = EDGE_CURVE ( 'NONE', #2810, #532, #1243, .T. ) ;
#2966 = ORIENTED_EDGE ( 'NONE', *, *, #2808, .F. ) ;
#2967 = FACE_OUTER_BOUND ( 'NONE', #72, .T. ) ;
#2968 =( LENGTH_UNIT ( ) NAMED_UNIT ( * ) SI_UNIT ( .MILLI., .METRE. ) );
#2969 = LINE ( 'NONE', #44, #3113 ) ;
#2970 = VERTEX_POINT ( 'NONE', #3576 ) ;
#2971 = EDGE_LOOP ( 'NONE', ( #3311, #3171, #1475, #1607, #1694, #695, #3613, #1558, #165, #3198, #115, #3493, #3565, #1320, #21, #1915, #3719, #1100, #1123, #558 ) ) ;
#2972 = DIRECTION ( 'NONE',  ( -7.401486830834376525E-17, -1.000000000000000000, -0.0000000000000000000 ) ) ;
#2973 = EDGE_CURVE ( 'NONE', #2814, #1468, #2674, .T. ) ;
#2974 = DIRECTION ( 'NONE',  ( 0.0000000000000000000, 0.0000000000000000000, 1.000000000000000000 ) ) ;
#2975 = CARTESIAN_POINT ( 'NONE',  ( -80.00000000000000000, 255.0000000000000000, -47.50000000000000000 ) ) ;
#2976 = DIRECTION ( 'NONE',  ( 0.7071067811865466846, 0.0000000000000000000, 0.7071067811865484609 ) ) ;
#2977 = ORIENTED_EDGE ( 'NONE', *, *, #2048, .F. ) ;
#2978 = ORIENTED_EDGE ( 'NONE', *, *, #213, .T. ) ;
#2979 = DIRECTION ( 'NONE',  ( 0.0000000000000000000, 0.0000000000000000000, 1.000000000000000000 ) ) ;
#2980 =( GEOMETRIC_REPRESENTATION_CONTEXT ( 3 ) GLOBAL_UNCERTAINTY_ASSIGNED_CONTEXT ( ( #1930 ) ) GLOBAL_UNIT_ASSIGNED_CONTEXT ( ( #1390, #3771, #506 ) ) REPRESENTATION_CONTEXT ( 'NONE', 'WORKASPACE' ) );
#2981 = SURFACE_SIDE_STYLE ('',( #1464 ) ) ;
#2982 = DIRECTION ( 'NONE',  ( 1.942890293094023453E-16, -1.000000000000000000, 4.540506783096207695E-17 ) ) ;
#2983 = UNCERTAINTY_MEASURE_WITH_UNIT (LENGTH_MEASURE( 1.000000000000000082E-05 ), #123, 'distance_accuracy_value', 'NONE');
#2984 = FILL_AREA_STYLE_COLOUR ( '', #2949 ) ;
#2985 = CARTESIAN_POINT ( 'NONE',  ( 79.99999999999991473, 14.99999999999998401, -69.99999999999998579 ) ) ;
#2986 = CARTESIAN_POINT ( 'NONE',  ( 70.00000000000000000, 300.0000000000000568, -98.50000000000000000 ) ) ;
#2987 = EDGE_CURVE ( 'NONE', #699, #652, #1890, .T. ) ;
#2988 = AXIS2_PLACEMENT_3D ( 'NONE', #1116, #225, #3818 ) ;
#2989 = CARTESIAN_POINT ( 'NONE',  ( -149.9999999999999716, 0.0000000000000000000, 150.0000000000000000 ) ) ;
#2990 = ORIENTED_EDGE ( 'NONE', *, *, #542, .F. ) ;
#2991 = CARTESIAN_POINT ( 'NONE',  ( 79.99999999999994316, 14.99999999999998224, 69.99999999999997158 ) ) ;
#2992 = ORIENTED_EDGE ( 'NONE', *, *, #3494, .T. ) ;
#2993 = SURFACE_STYLE_FILL_AREA ( #2199 ) ;
#2994 = EDGE_CURVE ( 'NONE', #3796, #3228, #1609, .T. ) ;
#2995 =( NAMED_UNIT ( * ) PLANE_ANGLE_UNIT ( ) SI_UNIT ( $, .RADIAN. ) );
#2996 = CIRCLE ( 'NONE', #3265, 4.499999999999990230 ) ;
#2997 = AXIS2_PLACEMENT_3D ( 'NONE', #2292, #184, #820 ) ;
#2998 =( NAMED_UNIT ( * ) PLANE_ANGLE_UNIT ( ) SI_UNIT ( $, .RADIAN. ) );
#2999 = LINE ( 'NONE', #244, #2211 ) ;
#3000 = CYLINDRICAL_SURFACE ( 'NONE', #3336, 4.500000000000003553 ) ;
#3001 = VECTOR ( 'NONE', #2127, 1000.000000000000000 ) ;
#3002 = PRESENTATION_LAYER_ASSIGNMENT (  '', '', ( #2592 ) ) ;
#3003 = EDGE_LOOP ( 'NONE', ( #2871, #127 ) ) ;
#3004 = ORIENTED_EDGE ( 'NONE', *, *, #1163, .T. ) ;
#3005 = DIRECTION ( 'NONE',  ( -0.0000000000000000000, 1.000000000000000000, -0.0000000000000000000 ) ) ;
#3006 = DIRECTION ( 'NONE',  ( 0.0000000000000000000, 1.000000000000000000, 0.0000000000000000000 ) ) ;
#3007 = VERTEX_POINT ( 'NONE', #3631 ) ;
#3008 = ORIENTED_EDGE ( 'NONE', *, *, #2271, .F. ) ;
#3009 = ORIENTED_EDGE ( 'NONE', *, *, #1025, .T. ) ;
#3010 = VECTOR ( 'NONE', #1586, 1000.000000000000000 ) ;
#3011 = DIRECTION ( 'NONE',  ( 1.850371707708594316E-16, 0.0000000000000000000, 1.000000000000000000 ) ) ;
#3012 = EDGE_CURVE ( 'NONE', #3826, #693, #2626, .T. ) ;
#3013 = MECHANICAL_DESIGN_GEOMETRIC_PRESENTATION_REPRESENTATION (  '', ( #283 ), #2477 ) ;
#3014 = CARTESIAN_POINT ( 'NONE',  ( -9.950721815702933470E-13, -0.0009999999999992653654, 142.5000000000000568 ) ) ;
#3015 = EDGE_LOOP ( 'NONE', ( #1331, #1870, #1377, #71 ) ) ;
#3016 = LINE ( 'NONE', #2596, #974 ) ;
#3017 = EDGE_CURVE ( 'NONE', #365, #3390, #2776, .T. ) ;
#3018 = LINE ( 'NONE', #701, #1619 ) ;
#3019 = DIRECTION ( 'NONE',  ( 0.0000000000000000000, 1.000000000000000000, 0.0000000000000000000 ) ) ;
#3020 = FILL_AREA_STYLE_COLOUR ( '', #3654 ) ;
#3021 = CARTESIAN_POINT ( 'NONE',  ( -80.00000000000000000, 255.0000000000000000, -42.49999999999999289 ) ) ;
#3022 = ORIENTED_EDGE ( 'NONE', *, *, #3223, .T. ) ;
#3023 = DIRECTION ( 'NONE',  ( -0.0000000000000000000, 1.000000000000000000, -0.0000000000000000000 ) ) ;
#3024 = AXIS2_PLACEMENT_3D ( 'NONE', #2136, #936, #3879 ) ;
#3025 = ADVANCED_FACE ( 'NONE', ( #2529 ), #1496, .F. ) ;
#3026 = EDGE_LOOP ( 'NONE', ( #2182, #1017 ) ) ;
#3027 = DIRECTION ( 'NONE',  ( 0.7071067811865410224, 0.0000000000000000000, 0.7071067811865540120 ) ) ;
#3028 = EDGE_CURVE ( 'NONE', #3705, #1559, #309, .T. ) ;
#3029 = AXIS2_PLACEMENT_3D ( 'NONE', #277, #2649, #891 ) ;
#3030 = ORIENTED_EDGE ( 'NONE', *, *, #697, .F. ) ;
#3031 = DIRECTION ( 'NONE',  ( -0.0000000000000000000, -1.000000000000000000, -0.0000000000000000000 ) ) ;
#3032 = DIRECTION ( 'NONE',  ( 0.7071067811865474617, 0.0000000000000000000, 0.7071067811865474617 ) ) ;
#3033 = CARTESIAN_POINT ( 'NONE',  ( -124.9999999999999716, 15.00000000000000000, 117.5000000000000142 ) ) ;
#3034 = CARTESIAN_POINT ( 'NONE',  ( -69.99999999999998579, 280.0000000000000000, -89.99999999999997158 ) ) ;
#3035 = ADVANCED_FACE ( 'NONE', ( #968 ), #3479, .F. ) ;
#3036 = EDGE_CURVE ( 'NONE', #2244, #1679, #2769, .T. ) ;
#3037 = VECTOR ( 'NONE', #2067, 1000.000000000000000 ) ;
#3038 = DIRECTION ( 'NONE',  ( 1.000000000000000000, -2.094760423821049858E-16, 0.0000000000000000000 ) ) ;
#3039 = APPLICATION_CONTEXT ( 'automotive_design' ) ;
#3040 = SURFACE_STYLE_FILL_AREA ( #1181 ) ;
#3041 = AXIS2_PLACEMENT_3D ( 'NONE', #1742, #3848, #546 ) ;
#3042 = DIRECTION ( 'NONE',  ( 0.7071067811865540120, 0.0000000000000000000, -0.7071067811865410224 ) ) ;
#3043 = LINE ( 'NONE', #748, #2164 ) ;
#3044 = DIRECTION ( 'NONE',  ( 2.094760423821049858E-16, 1.000000000000000000, 0.0000000000000000000 ) ) ;
#3045 = DIRECTION ( 'NONE',  ( 0.0000000000000000000, 0.0000000000000000000, 1.000000000000000000 ) ) ;
#3046 = PLANE ( 'NONE',  #3444 ) ;
#3047 = ADVANCED_FACE ( 'NONE', ( #2577 ), #3305, .F. ) ;
#3048 = CIRCLE ( 'NONE', #3041, 5.099999999999993427 ) ;
#3049 = AXIS2_PLACEMENT_3D ( 'NONE', #1301, #2791, #3363 ) ;
#3050 = CIRCLE ( 'NONE', #2957, 3.400000000000000355 ) ;
#3051 = LINE ( 'NONE', #831, #249 ) ;
#3052 = VERTEX_POINT ( 'NONE', #641 ) ;
#3053 = ORIENTED_EDGE ( 'NONE', *, *, #192, .T. ) ;
#3055 = ORIENTED_EDGE ( 'NONE', *, *, #1308, .F. ) ;
#3054 = DIRECTION ( 'NONE',  ( 0.0000000000000000000, 0.0000000000000000000, 1.000000000000000000 ) ) ;
#3056 = FACE_OUTER_BOUND ( 'NONE', #3709, .T. ) ;
#3057 = ORIENTED_EDGE ( 'NONE', *, *, #2091, .T. ) ;
#3058 = ORIENTED_EDGE ( 'NONE', *, *, #2386, .T. ) ;
#3059 = ADVANCED_FACE ( 'NONE', ( #118 ), #2656, .F. ) ;
#3060 = VERTEX_POINT ( 'NONE', #3021 ) ;
#3061 = FACE_BOUND ( 'NONE', #503, .T. ) ;
#3062 = ORIENTED_EDGE ( 'NONE', *, *, #2062, .F. ) ;
#3063 = ORIENTED_EDGE ( 'NONE', *, *, #2647, .T. ) ;
#3064 = EDGE_CURVE ( 'NONE', #3679, #217, #3191, .T. ) ;
#3065 = AXIS2_PLACEMENT_3D ( 'NONE', #3166, #841, #1973 ) ;
#3066 = SURFACE_STYLE_FILL_AREA ( #566 ) ;
#3067 = CARTESIAN_POINT ( 'NONE',  ( 0.0000000000000000000, -0.0009999999999992653654, -142.5000000000000568 ) ) ;
#3068 = CARTESIAN_POINT ( 'NONE',  ( -150.0000000000000284, 15.00000000000000000, -139.9999999999999432 ) ) ;
#3069 = CARTESIAN_POINT ( 'NONE',  ( -114.9999999999999432, 300.0000000000000568, 125.0000000000000000 ) ) ;
#3070 = EDGE_CURVE ( 'NONE', #3007, #501, #2301, .T. ) ;
#3071 = DIRECTION ( 'NONE',  ( 0.0000000000000000000, 1.000000000000000000, 0.0000000000000000000 ) ) ;
#3072 = EDGE_LOOP ( 'NONE', ( #778, #2872, #3022, #689 ) ) ;
#3073 = ORIENTED_EDGE ( 'NONE', *, *, #3285, .F. ) ;
#3074 = DIRECTION ( 'NONE',  ( -1.000000000000000000, 2.094760423821049858E-16, 1.982541115402065603E-16 ) ) ;
#3075 = PRESENTATION_LAYER_ASSIGNMENT (  '', '', ( #3536 ) ) ;
#3076 = DIRECTION ( 'NONE',  ( 0.7071067811865516806, 0.0000000000000000000, -0.7071067811865434649 ) ) ;
#3077 = PLANE ( 'NONE',  #1722 ) ;
#3078 = DIRECTION ( 'NONE',  ( 0.0000000000000000000, 0.0000000000000000000, 1.000000000000000000 ) ) ;
#3079 = CARTESIAN_POINT ( 'NONE',  ( -149.9999999999999716, 15.00000000000000000, 150.0000000000000000 ) ) ;
#3080 =( NAMED_UNIT ( * ) PLANE_ANGLE_UNIT ( ) SI_UNIT ( $, .RADIAN. ) );
#3081 =( LENGTH_UNIT ( ) NAMED_UNIT ( * ) SI_UNIT ( .MILLI., .METRE. ) );
#3082 = ORIENTED_EDGE ( 'NONE', *, *, #281, .F. ) ;
#3083 = CARTESIAN_POINT ( 'NONE',  ( -124.9999999999999716, 15.00000000000000000, 117.5000000000000142 ) ) ;
#3084 = EDGE_CURVE ( 'NONE', #1399, #865, #1233, .T. ) ;
#3085 = ORIENTED_EDGE ( 'NONE', *, *, #1439, .F. ) ;
#3087 = LINE ( 'NONE', #489, #1728 ) ;
#3086 = DIRECTION ( 'NONE',  ( -0.0000000000000000000, 1.000000000000000000, -0.0000000000000000000 ) ) ;
#3088 = SURFACE_SIDE_STYLE ('',( #462 ) ) ;
#3089 = EDGE_CURVE ( 'NONE', #1415, #2526, #2860, .T. ) ;
#3090 = VECTOR ( 'NONE', #397, 1000.000000000000000 ) ;
#3091 = LINE ( 'NONE', #3296, #1359 ) ;
#3092 = LINE ( 'NONE', #595, #1501 ) ;
#3093 = LINE ( 'NONE', #1727, #2259 ) ;
#3094 = CARTESIAN_POINT ( 'NONE',  ( 1.480297366166872495E-15, 300.0000000000000568, 0.0000000000000000000 ) ) ;
#3095 = EDGE_LOOP ( 'NONE', ( #3058, #1444, #3770, #1567 ) ) ;
#3096 = ORIENTED_EDGE ( 'NONE', *, *, #888, .T. ) ;
#3097 = UNCERTAINTY_MEASURE_WITH_UNIT (LENGTH_MEASURE( 1.000000000000000082E-05 ), #1775, 'distance_accuracy_value', 'NONE');
#3098 = LINE ( 'NONE', #3635, #1788 ) ;
#3099 = CARTESIAN_POINT ( 'NONE',  ( -90.00000000000000000, 215.0000000000000284, -42.49999999999999289 ) ) ;
#3100 = DIRECTION ( 'NONE',  ( -1.982541115402065849E-16, -0.0000000000000000000, -1.000000000000000000 ) ) ;
#3101 = AXIS2_PLACEMENT_3D ( 'NONE', #1150, #3222, #271 ) ;
#3102 = DIRECTION ( 'NONE',  ( -0.0000000000000000000, 1.000000000000000000, -0.0000000000000000000 ) ) ;
#3103 = AXIS2_PLACEMENT_3D ( 'NONE', #2256, #1918, #150 ) ;
#3104 = ORIENTED_EDGE ( 'NONE', *, *, #164, .F. ) ;
#3105 = ORIENTED_EDGE ( 'NONE', *, *, #3139, .F. ) ;
#3106 = LINE ( 'NONE', #836, #1798 ) ;
#3107 = PRODUCT ( '4GAA002120103008X_Predeterminado<As Machined>', '4GAA002120103008X_Predeterminado<As Machined>', '', ( #74 ) ) ;
#3108 = SURFACE_STYLE_FILL_AREA ( #2777 ) ;
#3109 = ORIENTED_EDGE ( 'NONE', *, *, #2973, .T. ) ;
#3110 =( NAMED_UNIT ( * ) SI_UNIT ( $, .STERADIAN. ) SOLID_ANGLE_UNIT ( ) );
#3111 = ORIENTED_EDGE ( 'NONE', *, *, #1020, .F. ) ;
#3112 = CONICAL_SURFACE ( 'NONE', #54, 3.500000000000003109, 0.7853981633974482790 ) ;
#3113 = VECTOR ( 'NONE', #2101, 1000.000000000000000 ) ;
#3114 = PRESENTATION_LAYER_ASSIGNMENT (  '', '', ( #1534 ) ) ;
#3115 = ORIENTED_EDGE ( 'NONE', *, *, #2356, .T. ) ;
#3116 = CIRCLE ( 'NONE', #1664, 5.099999999999993427 ) ;
#3117 = ORIENTED_EDGE ( 'NONE', *, *, #340, .F. ) ;
#3118 = CARTESIAN_POINT ( 'NONE',  ( 69.99999999999994316, 14.99999999999998579, 69.99999999999997158 ) ) ;
#3119 = CARTESIAN_POINT ( 'NONE',  ( 70.00000000000000000, 299.5000000000000568, -95.00000000000000000 ) ) ;
#3120 = EDGE_CURVE ( 'NONE', #3765, #2581, #2438, .T. ) ;
#3121 =( NAMED_UNIT ( * ) PLANE_ANGLE_UNIT ( ) SI_UNIT ( $, .RADIAN. ) );
#3122 = CARTESIAN_POINT ( 'NONE',  ( 90.00000000000000000, 300.0000000000000568, 84.90000000000000568 ) ) ;
#3123 = CARTESIAN_POINT ( 'NONE',  ( -69.99999999999998579, 280.0000000000000000, 69.99999999999998579 ) ) ;
#3124 = ORIENTED_EDGE ( 'NONE', *, *, #1618, .T. ) ;
#3125 = CARTESIAN_POINT ( 'NONE',  ( -90.00000000000000000, 255.0000000000000000, 47.50000000000000000 ) ) ;
#3126 = CARTESIAN_POINT ( 'NONE',  ( -124.9999999999999716, 15.00000000000000000, -125.0000000000000000 ) ) ;
#3127 = ORIENTED_EDGE ( 'NONE', *, *, #2659, .F. ) ;
#3128 = AXIS2_PLACEMENT_3D ( 'NONE', #2434, #2137, #331 ) ;
#3129 = COLOUR_RGB ( '',1.000000000000000000, 1.000000000000000000, 1.000000000000000000 ) ;
#3130 = CARTESIAN_POINT ( 'NONE',  ( -140.0000000000000000, 15.00000000000000000, 149.9999999999999716 ) ) ;
#3131 = SURFACE_STYLE_USAGE ( .BOTH. , #2787 ) ;
#3132 = LINE ( 'NONE', #2503, #2515 ) ;
#3133 = STYLED_ITEM ( 'NONE', ( #2770 ), #3767 ) ;
#3134 = PRESENTATION_STYLE_ASSIGNMENT (( #828 ) ) ;
#3135 = CIRCLE ( 'NONE', #482, 2.500000000000002220 ) ;
#3136 = DIRECTION ( 'NONE',  ( -0.0000000000000000000, 1.000000000000000000, -0.0000000000000000000 ) ) ;
#3137 = CARTESIAN_POINT ( 'NONE',  ( -90.00000000000000000, 255.0000000000000000, -47.50000000000000000 ) ) ;
#3138 = LINE ( 'NONE', #427, #3226 ) ;
#3139 = EDGE_CURVE ( 'NONE', #2821, #167, #162, .T. ) ;
#3140 = LINE ( 'NONE', #370, #3001 ) ;
#3141 = VERTEX_POINT ( 'NONE', #104 ) ;
#3142 = ORIENTED_EDGE ( 'NONE', *, *, #3423, .T. ) ;
#3143 = LINE ( 'NONE', #2415, #3847 ) ;
#3144 = ORIENTED_EDGE ( 'NONE', *, *, #900, .F. ) ;
#3145 = ORIENTED_EDGE ( 'NONE', *, *, #510, .F. ) ;
#3146 = CARTESIAN_POINT ( 'NONE',  ( 7.500000000000000000, 15.00000000000000000, -150.0000000000000284 ) ) ;
#3147 = ORIENTED_EDGE ( 'NONE', *, *, #768, .F. ) ;
#3148 = UNCERTAINTY_MEASURE_WITH_UNIT (LENGTH_MEASURE( 1.000000000000000082E-05 ), #3081, 'distance_accuracy_value', 'NONE');
#3149 = STYLED_ITEM ( 'NONE', ( #1830 ), #28 ) ;
#3150 = PRESENTATION_STYLE_ASSIGNMENT (( #1281 ) ) ;
#3151 = ORIENTED_EDGE ( 'NONE', *, *, #472, .F. ) ;
#3152 = VERTEX_POINT ( 'NONE', #996 ) ;
#3153 = VERTEX_POINT ( 'NONE', #1872 ) ;
#3154 = CIRCLE ( 'NONE', #255, 7.499999999999992895 ) ;
#3155 = DIRECTION ( 'NONE',  ( -0.0000000000000000000, 1.000000000000000000, -0.0000000000000000000 ) ) ;
#3156 = FACE_BOUND ( 'NONE', #3461, .T. ) ;
#3157 = EDGE_LOOP ( 'NONE', ( #2354, #1008, #2566, #1837 ) ) ;
#3158 = ADVANCED_FACE ( 'NONE', ( #3846 ), #93, .F. ) ;
#3159 = EDGE_CURVE ( 'NONE', #2413, #1421, #3050, .T. ) ;
#3160 = AXIS2_PLACEMENT_3D ( 'NONE', #3068, #665, #2185 ) ;
#3161 = ORIENTED_EDGE ( 'NONE', *, *, #3639, .T. ) ;
#3162 = CARTESIAN_POINT ( 'NONE',  ( -150.0000000000000284, 15.00000000000000000, -150.0000000000000000 ) ) ;
#3163 = ORIENTED_EDGE ( 'NONE', *, *, #1066, .T. ) ;
#3164 = EDGE_CURVE ( 'NONE', #1911, #3544, #3429, .T. ) ;
#3165 = DIRECTION ( 'NONE',  ( -1.000000000000000000, 2.094760423821049858E-16, 1.982541115402065603E-16 ) ) ;
#3166 = CARTESIAN_POINT ( 'NONE',  ( -80.00000000000001421, 215.0000000000000284, -45.00000000000000000 ) ) ;
#3167 = CIRCLE ( 'NONE', #2801, 20.00000000000000355 ) ;
#3168 = CARTESIAN_POINT ( 'NONE',  ( 89.99999999999988631, 14.99999999999998046, -70.00000000000000000 ) ) ;
#3169 = AXIS2_PLACEMENT_3D ( 'NONE', #2087, #298, #869 ) ;
#3170 = DIRECTION ( 'NONE',  ( 0.0000000000000000000, 1.000000000000000000, 0.0000000000000000000 ) ) ;
#3171 = ORIENTED_EDGE ( 'NONE', *, *, #3182, .T. ) ;
#3172 =( NAMED_UNIT ( * ) SI_UNIT ( $, .STERADIAN. ) SOLID_ANGLE_UNIT ( ) );
#3173 = ADVANCED_FACE ( 'NONE', ( #3274 ), #3337, .F. ) ;
#3174 = CARTESIAN_POINT ( 'NONE',  ( -124.9999999999999716, 15.00000000000000000, 0.0000000000000000000 ) ) ;
#3175 = ORIENTED_EDGE ( 'NONE', *, *, #3619, .T. ) ;
#3176 = LINE ( 'NONE', #216, #2382 ) ;
#3177 = AXIS2_PLACEMENT_3D ( 'NONE', #2764, #994, #2709 ) ;
#3178 = SURFACE_STYLE_USAGE ( .BOTH. , #2006 ) ;
#3179 = CARTESIAN_POINT ( 'NONE',  ( -70.00000000000000000, 300.0000000000000568, 98.50000000000000000 ) ) ;
#3180 = DIRECTION ( 'NONE',  ( -0.0000000000000000000, 1.000000000000000000, 0.0000000000000000000 ) ) ;
#3181 = CIRCLE ( 'NONE', #784, 10.00000000000002309 ) ;
#3182 = EDGE_CURVE ( 'NONE', #3442, #488, #2662, .T. ) ;
#3183 = DIRECTION ( 'NONE',  ( 1.000000000000000000, 0.0000000000000000000, 9.912705577010331712E-17 ) ) ;
#3184 = MECHANICAL_DESIGN_GEOMETRIC_PRESENTATION_REPRESENTATION (  '', ( #2783 ), #1510 ) ;
#3185 = FACE_BOUND ( 'NONE', #586, .T. ) ;
#3186 = DIRECTION ( 'NONE',  ( 0.0000000000000000000, 0.0000000000000000000, 1.000000000000000000 ) ) ;
#3187 = ORIENTED_EDGE ( 'NONE', *, *, #1482, .F. ) ;
#3188 = ORIENTED_EDGE ( 'NONE', *, *, #3189, .F. ) ;
#3189 = EDGE_CURVE ( 'NONE', #3390, #3194, #2618, .T. ) ;
#3190 = VERTEX_POINT ( 'NONE', #398 ) ;
#3191 = CIRCLE ( 'NONE', #3813, 3.400000000000014122 ) ;
#3192 = VECTOR ( 'NONE', #2572, 1000.000000000000000 ) ;
#3193 = DIRECTION ( 'NONE',  ( -7.401486830834376525E-17, -1.000000000000000000, -0.0000000000000000000 ) ) ;
#3194 = VERTEX_POINT ( 'NONE', #1562 ) ;
#3195 = EDGE_LOOP ( 'NONE', ( #354, #3008, #2149, #2132 ) ) ;
#3196 = ORIENTED_EDGE ( 'NONE', *, *, #2245, .F. ) ;
#3197 = VECTOR ( 'NONE', #2792, 1000.000000000000000 ) ;
#3198 = ORIENTED_EDGE ( 'NONE', *, *, #3423, .F. ) ;
#3199 = AXIS2_PLACEMENT_3D ( 'NONE', #2334, #2628, #890 ) ;
#3200 = ORIENTED_EDGE ( 'NONE', *, *, #3761, .F. ) ;
#3201 = STYLED_ITEM ( 'NONE', ( #666 ), #677 ) ;
#3202 = CARTESIAN_POINT ( 'NONE',  ( -149.9999999999999432, -0.0009999999999992653654, -7.500000000001570299 ) ) ;
#3203 = VECTOR ( 'NONE', #2598, 1000.000000000000000 ) ;
#3204 = CARTESIAN_POINT ( 'NONE',  ( 80.00000000000000000, 279.9999999999999432, 69.99999999999997158 ) ) ;
#3205 = CARTESIAN_POINT ( 'NONE',  ( 150.0000000000000568, 15.00000000000000000, -7.499999999999475975 ) ) ;
#3206 = MECHANICAL_DESIGN_GEOMETRIC_PRESENTATION_REPRESENTATION (  '', ( #2592 ), #3411 ) ;
#3207 = AXIS2_PLACEMENT_3D ( 'NONE', #2457, #2150, #3019 ) ;
#3208 = VERTEX_POINT ( 'NONE', #2155 ) ;
#3209 = DIRECTION ( 'NONE',  ( -0.0000000000000000000, 1.000000000000000000, -0.0000000000000000000 ) ) ;
#3210 = EDGE_CURVE ( 'NONE', #2719, #1052, #2763, .T. ) ;
#3211 = AXIS2_PLACEMENT_3D ( 'NONE', #3471, #2274, #183 ) ;
#3212 = CARTESIAN_POINT ( 'NONE',  ( -124.9999999999999716, 15.00000000000000000, 33.39999999999999858 ) ) ;
#3213 = CARTESIAN_POINT ( 'NONE',  ( 5.000000000000031974, 15.00000000000000000, 294.9999999999999432 ) ) ;
#3214 = DIRECTION ( 'NONE',  ( -1.000000000000000000, 7.401486830834376525E-17, 0.0000000000000000000 ) ) ;
#3215 = ORIENTED_EDGE ( 'NONE', *, *, #2884, .F. ) ;
#3216 = PLANE ( 'NONE',  #82 ) ;
#3217 = SURFACE_SIDE_STYLE ('',( #3066 ) ) ;
#3218 = VERTEX_POINT ( 'NONE', #2165 ) ;
#3219 = CARTESIAN_POINT ( 'NONE',  ( -89.99999999999997158, 280.0000000000000000, 69.99999999999998579 ) ) ;
#3220 =( NAMED_UNIT ( * ) PLANE_ANGLE_UNIT ( ) SI_UNIT ( $, .RADIAN. ) );
#3221 = FACE_BOUND ( 'NONE', #3693, .T. ) ;
#3222 = DIRECTION ( 'NONE',  ( -0.0000000000000000000, 1.000000000000000000, -0.0000000000000000000 ) ) ;
#3223 = EDGE_CURVE ( 'NONE', #3356, #1269, #1782, .T. ) ;
#3224 = AXIS2_PLACEMENT_3D ( 'NONE', #2412, #3344, #3054 ) ;
#3226 = VECTOR ( 'NONE', #1293, 1000.000000000000000 ) ;
#3225 = CARTESIAN_POINT ( 'NONE',  ( -69.99999999999998579, 280.0000000000000000, -69.99999999999998579 ) ) ;
#3227 = CARTESIAN_POINT ( 'NONE',  ( -69.99999999999998579, 280.0000000000000000, 90.00000000000000000 ) ) ;
#3228 = VERTEX_POINT ( 'NONE', #358 ) ;
#3229 = EDGE_CURVE ( 'NONE', #2526, #1415, #3750, .T. ) ;
#3230 = CARTESIAN_POINT ( 'NONE',  ( -90.00000000000000000, 255.0000000000000000, -45.00000000000000000 ) ) ;
#3231 = CIRCLE ( 'NONE', #3581, 5.099999999999993427 ) ;
#3232 = DIRECTION ( 'NONE',  ( 0.0000000000000000000, 0.0000000000000000000, -1.000000000000000000 ) ) ;
#3233 = EDGE_LOOP ( 'NONE', ( #435, #1081, #3392, #3117 ) ) ;
#3234 = ORIENTED_EDGE ( 'NONE', *, *, #2808, .T. ) ;
#3235 = VECTOR ( 'NONE', #3594, 1000.000000000000000 ) ;
#3236 = VERTEX_POINT ( 'NONE', #3738 ) ;
#3237 = AXIS2_PLACEMENT_3D ( 'NONE', #1677, #3790, #2605 ) ;
#3238 = LINE ( 'NONE', #399, #2179 ) ;
#3239 = DIRECTION ( 'NONE',  ( -0.0000000000000000000, -0.0000000000000000000, 1.000000000000000000 ) ) ;
#3240 = LINE ( 'NONE', #1356, #2080 ) ;
#3241 = CARTESIAN_POINT ( 'NONE',  ( 90.00000000000000000, 280.0000000000000000, 95.09999999999999432 ) ) ;
#3242 = VERTEX_POINT ( 'NONE', #2243 ) ;
#3243 = ORIENTED_EDGE ( 'NONE', *, *, #2937, .T. ) ;
#3244 = PRESENTATION_LAYER_ASSIGNMENT (  '', '', ( #625 ) ) ;
#3245 = CARTESIAN_POINT ( 'NONE',  ( 90.00000000000000000, 300.0000000000000568, -95.09999999999999432 ) ) ;
#3246 = CARTESIAN_POINT ( 'NONE',  ( -150.0000000000001137, 0.0000000000000000000, 7.499999999998428812 ) ) ;
#3247 = ORIENTED_EDGE ( 'NONE', *, *, #2013, .T. ) ;
#3248 = DIRECTION ( 'NONE',  ( -0.0000000000000000000, -1.000000000000000000, -0.0000000000000000000 ) ) ;
#3249 = CARTESIAN_POINT ( 'NONE',  ( 124.9999999999999716, 15.00000000000000000, 125.0000000000000000 ) ) ;
#3250 = AXIS2_PLACEMENT_3D ( 'NONE', #1432, #1687, #3506 ) ;
#3251 =( NAMED_UNIT ( * ) PLANE_ANGLE_UNIT ( ) SI_UNIT ( $, .RADIAN. ) );
#3252 = CARTESIAN_POINT ( 'NONE',  ( 0.0000000000000000000, 280.0000000000000000, 0.0000000000000000000 ) ) ;
#3253 = ORIENTED_EDGE ( 'NONE', *, *, #2287, .F. ) ;
#3254 = SURFACE_STYLE_USAGE ( .BOTH. , #2981 ) ;
#3255 = DIRECTION ( 'NONE',  ( 1.000000000000000000, 1.942890293094023453E-16, 2.775557561562889502E-17 ) ) ;
#3256 = EDGE_CURVE ( 'NONE', #3356, #3541, #1004, .T. ) ;
#3257 = ORIENTED_EDGE ( 'NONE', *, *, #843, .T. ) ;
#3258 = UNCERTAINTY_MEASURE_WITH_UNIT (LENGTH_MEASURE( 1.000000000000000082E-05 ), #475, 'distance_accuracy_value', 'NONE');
#3259 = DIRECTION ( 'NONE',  ( 0.0000000000000000000, 1.000000000000000000, 0.0000000000000000000 ) ) ;
#3260 = CARTESIAN_POINT ( 'NONE',  ( 9.184850993605148733E-15, 15.00000000000000000, -75.00000000000001421 ) ) ;
#3261 = ORIENTED_EDGE ( 'NONE', *, *, #848, .F. ) ;
#3262 = CARTESIAN_POINT ( 'NONE',  ( 7.500000000000000000, 0.0000000000000000000, -150.0000000000000284 ) ) ;
#3263 = DIRECTION ( 'NONE',  ( 0.0000000000000000000, 0.0000000000000000000, 1.000000000000000000 ) ) ;
#3264 = SURFACE_SIDE_STYLE ('',( #1428 ) ) ;
#3265 = AXIS2_PLACEMENT_3D ( 'NONE', #139, #423, #2521 ) ;
#3266 = MECHANICAL_DESIGN_GEOMETRIC_PRESENTATION_REPRESENTATION (  '', ( #3536 ), #653 ) ;
#3267 = FACE_OUTER_BOUND ( 'NONE', #3233, .T. ) ;
#3268 = FACE_OUTER_BOUND ( 'NONE', #2720, .T. ) ;
#3269 = DIRECTION ( 'NONE',  ( 0.0000000000000000000, 0.0000000000000000000, 1.000000000000000000 ) ) ;
#3270 =( NAMED_UNIT ( * ) PLANE_ANGLE_UNIT ( ) SI_UNIT ( $, .RADIAN. ) );
#3271 = CIRCLE ( 'NONE', #1055, 10.00000000000002309 ) ;
#3272 = VECTOR ( 'NONE', #2677, 1000.000000000000114 ) ;
#3273 = CARTESIAN_POINT ( 'NONE',  ( 30.00000000000000000, 0.0000000000000000000, 125.0000000000000568 ) ) ;
#3274 = FACE_OUTER_BOUND ( 'NONE', #2665, .T. ) ;
#3275 = EDGE_CURVE ( 'NONE', #821, #1748, #112, .T. ) ;
#3276 = PRESENTATION_LAYER_ASSIGNMENT (  '', '', ( #2754 ) ) ;
#3277 = DIRECTION ( 'NONE',  ( 0.0000000000000000000, 0.0000000000000000000, 1.000000000000000000 ) ) ;
#3278 = ORIENTED_EDGE ( 'NONE', *, *, #1482, .T. ) ;
#3279 = VERTEX_POINT ( 'NONE', #2825 ) ;
#3280 = ORIENTED_EDGE ( 'NONE', *, *, #3089, .F. ) ;
#3281 = VECTOR ( 'NONE', #3403, 1000.000000000000000 ) ;
#3282 = CYLINDRICAL_SURFACE ( 'NONE', #264, 5.099999999999993427 ) ;
#3283 = PLANE ( 'NONE',  #1578 ) ;
#3284 = ORIENTED_EDGE ( 'NONE', *, *, #1351, .T. ) ;
#3285 = EDGE_CURVE ( 'NONE', #1076, #978, #449, .T. ) ;
#3286 = VERTEX_POINT ( 'NONE', #2836 ) ;
#3287 = LINE ( 'NONE', #719, #3804 ) ;
#3288 = CIRCLE ( 'NONE', #627, 10.00000000000002309 ) ;
#3289 = VERTEX_POINT ( 'NONE', #1901 ) ;
#3290 = ORIENTED_EDGE ( 'NONE', *, *, #1154, .T. ) ;
#3291 = CARTESIAN_POINT ( 'NONE',  ( -1.419341474236166827E-16, 15.00000000000000000, 125.0000000000000284 ) ) ;
#3292 = VECTOR ( 'NONE', #2004, 1000.000000000000114 ) ;
#3293 = CARTESIAN_POINT ( 'NONE',  ( 125.0000000000000568, 280.0000000000000000, -114.9999999999999858 ) ) ;
#3294 = CARTESIAN_POINT ( 'NONE',  ( -80.00000000000000000, 280.0000000000000000, 69.99999999999998579 ) ) ;
#3295 = CARTESIAN_POINT ( 'NONE',  ( -114.9999999999999432, 300.0000000000000568, 125.0000000000000000 ) ) ;
#3296 = CARTESIAN_POINT ( 'NONE',  ( -149.9999999999999716, 15.00000000000000000, 150.0000000000000000 ) ) ;
#3297 = AXIS2_PLACEMENT_3D ( 'NONE', #3362, #979, #3678 ) ;
#3298 = DIRECTION ( 'NONE',  ( 2.094760423821049858E-16, 1.000000000000000000, 0.0000000000000000000 ) ) ;
#3299 = CARTESIAN_POINT ( 'NONE',  ( -124.9999999999999716, 0.0000000000000000000, 0.0000000000000000000 ) ) ;
#3300 = CARTESIAN_POINT ( 'NONE',  ( 0.0000000000000000000, 0.0000000000000000000, -125.0000000000000000 ) ) ;
#3301 =( NAMED_UNIT ( * ) PLANE_ANGLE_UNIT ( ) SI_UNIT ( $, .RADIAN. ) );
#3302 = AXIS2_PLACEMENT_3D ( 'NONE', #982, #1257, #3306 ) ;
#3303 = CARTESIAN_POINT ( 'NONE',  ( -124.9999999999999432, 300.0000000000000568, -114.9999999999999574 ) ) ;
#3304 = DIRECTION ( 'NONE',  ( 0.7071067811865474617, -0.0000000000000000000, -0.7071067811865474617 ) ) ;
#3305 = PLANE ( 'NONE',  #3419 ) ;
#3306 = DIRECTION ( 'NONE',  ( 0.0000000000000000000, 0.0000000000000000000, 1.000000000000000000 ) ) ;
#3307 = EDGE_LOOP ( 'NONE', ( #1647, #3850, #1553, #3188 ) ) ;
#3308 = EDGE_CURVE ( 'NONE', #2841, #2579, #1090, .T. ) ;
#3309 = VERTEX_POINT ( 'NONE', #3137 ) ;
#3310 = UNCERTAINTY_MEASURE_WITH_UNIT (LENGTH_MEASURE( 1.000000000000000082E-05 ), #2033, 'distance_accuracy_value', 'NONE');
#3311 = ORIENTED_EDGE ( 'NONE', *, *, #793, .F. ) ;
#3312 = EDGE_CURVE ( 'NONE', #1679, #2244, #1831, .T. ) ;
#3313 = AXIS2_PLACEMENT_3D ( 'NONE', #2942, #1441, #1736 ) ;
#3314 = VECTOR ( 'NONE', #576, 1000.000000000000000 ) ;
#3315 = LINE ( 'NONE', #1514, #152 ) ;
#3316 = DIRECTION ( 'NONE',  ( -7.401486830834376525E-17, -1.000000000000000000, -0.0000000000000000000 ) ) ;
#3317 = CARTESIAN_POINT ( 'NONE',  ( -30.00000000000000000, 15.00000000000000000, -125.0000000000000000 ) ) ;
#3318 = CARTESIAN_POINT ( 'NONE',  ( 0.0000000000000000000, -0.0009999999999992653654, 0.0000000000000000000 ) ) ;
#3319 = LINE ( 'NONE', #556, #762 ) ;
#3320 = AXIS2_PLACEMENT_3D ( 'NONE', #930, #3005, #16 ) ;
#3321 = CARTESIAN_POINT ( 'NONE',  ( 69.99999999999998579, 280.0000000000000000, 69.99999999999997158 ) ) ;
#3322 = CIRCLE ( 'NONE', #2587, 4.500000000000003553 ) ;
#3323 = VECTOR ( 'NONE', #2578, 1000.000000000000114 ) ;
#3324 = AXIS2_PLACEMENT_3D ( 'NONE', #3357, #3657, #1863 ) ;
#3325 = ORIENTED_EDGE ( 'NONE', *, *, #2943, .F. ) ;
#3326 = ORIENTED_EDGE ( 'NONE', *, *, #3223, .F. ) ;
#3327 = LINE ( 'NONE', #428, #1648 ) ;
#3328 = LINE ( 'NONE', #1504, #2525 ) ;
#3329 = CIRCLE ( 'NONE', #1857, 2.500000000000002220 ) ;
#3330 = ORIENTED_EDGE ( 'NONE', *, *, #929, .F. ) ;
#3331 = EDGE_LOOP ( 'NONE', ( #2629, #1942, #3389, #97 ) ) ;
#3332 = SURFACE_SIDE_STYLE ('',( #675 ) ) ;
#3333 = VECTOR ( 'NONE', #2701, 1000.000000000000000 ) ;
#3334 = EDGE_CURVE ( 'NONE', #3861, #3541, #3327, .T. ) ;
#3335 = FACE_OUTER_BOUND ( 'NONE', #3307, .T. ) ;
#3336 = AXIS2_PLACEMENT_3D ( 'NONE', #206, #3485, #187 ) ;
#3337 = PLANE ( 'NONE',  #2648 ) ;
#3338 = EDGE_LOOP ( 'NONE', ( #1600, #2646, #2267, #1963, #2940, #2833, #459, #1507, #2015, #919, #2448, #597, #2156, #332, #1230, #3030, #1792, #473, #3545, #1059 ) ) ;
#3339 = ORIENTED_EDGE ( 'NONE', *, *, #263, .T. ) ;
#3340 = VECTOR ( 'NONE', #2947, 1000.000000000000000 ) ;
#3341 = FACE_OUTER_BOUND ( 'NONE', #2932, .T. ) ;
#3342 = DIRECTION ( 'NONE',  ( -0.7071067811865460184, 0.0000000000000000000, -0.7071067811865490160 ) ) ;
#3343 = EDGE_CURVE ( 'NONE', #978, #1076, #866, .T. ) ;
#3344 = DIRECTION ( 'NONE',  ( 0.0000000000000000000, 1.000000000000000000, 0.0000000000000000000 ) ) ;
#3345 = VERTEX_POINT ( 'NONE', #1914 ) ;
#3346 = APPLICATION_PROTOCOL_DEFINITION ( 'draft international standard', 'automotive_design', 1998, #1259 ) ;
#3347 = CARTESIAN_POINT ( 'NONE',  ( -7.500000000001047162, -0.0009999999999992653654, 149.9999999999999716 ) ) ;
#3348 = AXIS2_PLACEMENT_3D ( 'NONE', #3823, #2281, #1729 ) ;
#3349 = CARTESIAN_POINT ( 'NONE',  ( 90.00000000000000000, 300.0000000000000568, -90.00000000000000000 ) ) ;
#3350 = VERTEX_POINT ( 'NONE', #1030 ) ;
#3351 = ORIENTED_EDGE ( 'NONE', *, *, #3562, .T. ) ;
#3352 = DIRECTION ( 'NONE',  ( -2.094760423821049858E-16, -1.000000000000000000, -0.0000000000000000000 ) ) ;
#3353 = ADVANCED_FACE ( 'NONE', ( #1047 ), #2295, .F. ) ;
#3354 = CARTESIAN_POINT ( 'NONE',  ( -70.00000000000000000, 280.0000000000000000, 97.99999999999998579 ) ) ;
#3355 = ADVANCED_FACE ( 'NONE', ( #158 ), #2862, .F. ) ;
#3356 = VERTEX_POINT ( 'NONE', #2890 ) ;
#3357 = CARTESIAN_POINT ( 'NONE',  ( -124.9999999999999716, 15.00000000000000000, 30.00000000000000000 ) ) ;
#3358 = VERTEX_POINT ( 'NONE', #1674 ) ;
#3359 = CARTESIAN_POINT ( 'NONE',  ( 89.99999999999994316, 279.9999999999999432, -70.00000000000000000 ) ) ;
#3360 = AXIS2_PLACEMENT_3D ( 'NONE', #1628, #1046, #2501 ) ;
#3361 = ORIENTED_EDGE ( 'NONE', *, *, #1335, .T. ) ;
#3362 = CARTESIAN_POINT ( 'NONE',  ( -90.00000000000000000, 280.0000000000000000, 90.00000000000000000 ) ) ;
#3363 = DIRECTION ( 'NONE',  ( 1.000000000000000000, 0.0000000000000000000, 0.0000000000000000000 ) ) ;
#3364 = DIRECTION ( 'NONE',  ( -0.0000000000000000000, 1.000000000000000000, -0.0000000000000000000 ) ) ;
#3365 = DIRECTION ( 'NONE',  ( -7.401486830834376525E-17, -1.000000000000000000, -0.0000000000000000000 ) ) ;
#3366 = EDGE_CURVE ( 'NONE', #3662, #353, #3559, .T. ) ;
#3367 = ORIENTED_EDGE ( 'NONE', *, *, #430, .F. ) ;
#3368 = ORIENTED_EDGE ( 'NONE', *, *, #1912, .F. ) ;
#3369 = VECTOR ( 'NONE', #3860, 1000.000000000000114 ) ;
#3370 = SURFACE_STYLE_USAGE ( .BOTH. , #3637 ) ;
#3371 = AXIS2_PLACEMENT_3D ( 'NONE', #3470, #3514, #2319 ) ;
#3372 = CIRCLE ( 'NONE', #1449, 3.400000000000014122 ) ;
#3373 = CIRCLE ( 'NONE', #85, 20.00000000000000355 ) ;
#3374 = PLANE ( 'NONE',  #1531 ) ;
#3375 = CARTESIAN_POINT ( 'NONE',  ( 79.99999999999997158, 279.9999999999999432, -69.99999999999998579 ) ) ;
#3376 = MECHANICAL_DESIGN_GEOMETRIC_PRESENTATION_REPRESENTATION (  '', ( #625 ), #226 ) ;
#3377 = ADVANCED_FACE ( 'NONE', ( #813 ), #3000, .F. ) ;
#3378 = AXIS2_PLACEMENT_3D ( 'NONE', #2582, #1975, #809 ) ;
#3379 = LINE ( 'NONE', #2935, #1409 ) ;
#3380 = CIRCLE ( 'NONE', #1302, 62.50000000000000000 ) ;
#3381 = DIRECTION ( 'NONE',  ( -0.0000000000000000000, 1.000000000000000000, -0.0000000000000000000 ) ) ;
#3382 = EDGE_LOOP ( 'NONE', ( #1376, #2362 ) ) ;
#3383 = EDGE_LOOP ( 'NONE', ( #539, #1773, #3057, #3278 ) ) ;
#3384 = CARTESIAN_POINT ( 'NONE',  ( -90.00000000000000000, 215.0000000000000284, 42.50000000000000711 ) ) ;
#3386 = ORIENTED_EDGE ( 'NONE', *, *, #1143, .F. ) ;
#3385 = DIRECTION ( 'NONE',  ( -0.0000000000000000000, 1.000000000000000000, -0.0000000000000000000 ) ) ;
#3387 = VECTOR ( 'NONE', #2809, 1000.000000000000114 ) ;
#3388 = ADVANCED_FACE ( 'NONE', ( #2021 ), #1410, .F. ) ;
#3389 = ORIENTED_EDGE ( 'NONE', *, *, #119, .T. ) ;
#3390 = VERTEX_POINT ( 'NONE', #829 ) ;
#3391 = VECTOR ( 'NONE', #3381, 1000.000000000000000 ) ;
#3392 = ORIENTED_EDGE ( 'NONE', *, *, #2333, .T. ) ;
#3393 = ORIENTED_EDGE ( 'NONE', *, *, #3463, .T. ) ;
#3394 = SURFACE_SIDE_STYLE ('',( #3787 ) ) ;
#3395 = EDGE_CURVE ( 'NONE', #1974, #2078, #1502, .T. ) ;
#3396 = AXIS2_PLACEMENT_3D ( 'NONE', #1632, #469, #3726 ) ;
#3397 = VECTOR ( 'NONE', #1457, 1000.000000000000000 ) ;
#3398 = CARTESIAN_POINT ( 'NONE',  ( -80.00000000000001421, 215.0000000000000284, -47.49999999999998579 ) ) ;
#3399 = CARTESIAN_POINT ( 'NONE',  ( 142.5000000000000568, -0.0009999999999992653654, 4.975360907851466735E-13 ) ) ;
#3400 = CARTESIAN_POINT ( 'NONE',  ( -7.500000000000000000, 15.00000000000000000, -150.0000000000000284 ) ) ;
#3401 = ORIENTED_EDGE ( 'NONE', *, *, #3646, .F. ) ;
#3402 = PRODUCT_DEFINITION_SHAPE ( 'NONE', 'NONE',  #1641 ) ;
#3403 = DIRECTION ( 'NONE',  ( 0.0000000000000000000, 1.000000000000000000, 0.0000000000000000000 ) ) ;
#3404 = EDGE_CURVE ( 'NONE', #1191, #3437, #1042, .T. ) ;
#3405 = DIRECTION ( 'NONE',  ( 0.0000000000000000000, 0.0000000000000000000, 1.000000000000000000 ) ) ;
#3406 = ORIENTED_EDGE ( 'NONE', *, *, #2505, .T. ) ;
#3407 = CARTESIAN_POINT ( 'NONE',  ( -9.948639134726988686E-13, 0.0000000000000000000, 142.5000000000000568 ) ) ;
#3408 = DIRECTION ( 'NONE',  ( 0.0000000000000000000, 0.0000000000000000000, 1.000000000000000000 ) ) ;
#3409 = DIRECTION ( 'NONE',  ( 1.000000000000000000, -1.982541115402066589E-16, -9.912705577010332945E-17 ) ) ;
#3410 = CIRCLE ( 'NONE', #3360, 2.500000000000002220 ) ;
#3411 =( GEOMETRIC_REPRESENTATION_CONTEXT ( 3 ) GLOBAL_UNCERTAINTY_ASSIGNED_CONTEXT ( ( #1805 ) ) GLOBAL_UNIT_ASSIGNED_CONTEXT ( ( #2159, #1542, #966 ) ) REPRESENTATION_CONTEXT ( 'NONE', 'WORKASPACE' ) );
#3412 =( NAMED_UNIT ( * ) SI_UNIT ( $, .STERADIAN. ) SOLID_ANGLE_UNIT ( ) );
#3413 = SURFACE_STYLE_USAGE ( .BOTH. , #2189 ) ;
#3414 = ORIENTED_EDGE ( 'NONE', *, *, #2242, .F. ) ;
#3415 = DIRECTION ( 'NONE',  ( 1.000000000000000000, 0.0000000000000000000, 0.0000000000000000000 ) ) ;
#3416 = VERTEX_POINT ( 'NONE', #2880 ) ;
#3417 = EDGE_CURVE ( 'NONE', #551, #1476, #2212, .T. ) ;
#3418 = EDGE_LOOP ( 'NONE', ( #2138, #1246 ) ) ;
#3419 = AXIS2_PLACEMENT_3D ( 'NONE', #3295, #2070, #285 ) ;
#3420 = ADVANCED_FACE ( 'NONE', ( #1826 ), #439, .F. ) ;
#3421 = CARTESIAN_POINT ( 'NONE',  ( -1.419341474236166827E-16, 15.00000000000000000, 125.0000000000000284 ) ) ;
#3422 = VECTOR ( 'NONE', #433, 1000.000000000000000 ) ;
#3423 = EDGE_CURVE ( 'NONE', #585, #736, #3697, .T. ) ;
#3424 = COLOUR_RGB ( '',1.000000000000000000, 1.000000000000000000, 1.000000000000000000 ) ;
#3425 = FILL_AREA_STYLE ('',( #1590 ) ) ;
#3426 = LINE ( 'NONE', #3834, #1040 ) ;
#3427 = FACE_BOUND ( 'NONE', #2538, .T. ) ;
#3428 = CYLINDRICAL_SURFACE ( 'NONE', #1079, 3.000000000000002665 ) ;
#3429 = LINE ( 'NONE', #957, #2955 ) ;
#3430 = CIRCLE ( 'NONE', #3101, 7.500000000000007105 ) ;
#3431 = CIRCLE ( 'NONE', #1583, 4.500000000000003553 ) ;
#3432 = DIRECTION ( 'NONE',  ( 0.0000000000000000000, 0.0000000000000000000, 1.000000000000000000 ) ) ;
#3433 = DIRECTION ( 'NONE',  ( 2.094760423821049858E-16, 1.000000000000000000, 0.0000000000000000000 ) ) ;
#3434 = PRESENTATION_LAYER_ASSIGNMENT (  '', '', ( #2372 ) ) ;
#3435 = ORIENTED_EDGE ( 'NONE', *, *, #549, .T. ) ;
#3436 = ORIENTED_EDGE ( 'NONE', *, *, #2411, .T. ) ;
#3437 = VERTEX_POINT ( 'NONE', #494 ) ;
#3438 = CIRCLE ( 'NONE', #990, 10.00000000000000888 ) ;
#3439 =( LENGTH_UNIT ( ) NAMED_UNIT ( * ) SI_UNIT ( .MILLI., .METRE. ) );
#3440 = ORIENTED_EDGE ( 'NONE', *, *, #1990, .F. ) ;
#3441 = CARTESIAN_POINT ( 'NONE',  ( -124.9999999999999716, 15.00000000000000000, 4.500000000000003553 ) ) ;
#3442 = VERTEX_POINT ( 'NONE', #3205 ) ;
#3443 = FACE_BOUND ( 'NONE', #2555, .T. ) ;
#3444 = AXIS2_PLACEMENT_3D ( 'NONE', #687, #2131, #359 ) ;
#3445 = ORIENTED_EDGE ( 'NONE', *, *, #1411, .F. ) ;
#3446 = CARTESIAN_POINT ( 'NONE',  ( 30.00000000000000000, 0.0000000000000000000, 128.4000000000000341 ) ) ;
#3447 = EDGE_CURVE ( 'NONE', #3544, #497, #481, .T. ) ;
#3448 = CARTESIAN_POINT ( 'NONE',  ( 124.9999999999999716, 15.00000000000000000, 4.938795603462354205E-17 ) ) ;
#3449 = ORIENTED_EDGE ( 'NONE', *, *, #1762, .F. ) ;
#3450 = VERTEX_POINT ( 'NONE', #3293 ) ;
#3451 = AXIS2_PLACEMENT_3D ( 'NONE', #800, #1435, #3778 ) ;
#3452 = CARTESIAN_POINT ( 'NONE',  ( 70.00000000000000000, 280.0000000000000000, -92.00000000000001421 ) ) ;
#3453 = CARTESIAN_POINT ( 'NONE',  ( 124.9999999999999716, 15.00000000000000000, 117.5000000000000000 ) ) ;
#3454 = LINE ( 'NONE', #2585, #2193 ) ;
#3455 = AXIS2_PLACEMENT_3D ( 'NONE', #166, #1077, #1385 ) ;
#3456 = AXIS2_PLACEMENT_3D ( 'NONE', #1277, #1576, #702 ) ;
#3457 = DIRECTION ( 'NONE',  ( 2.094760423821049858E-16, 1.000000000000000000, 0.0000000000000000000 ) ) ;
#3458 = CLOSED_SHELL ( 'NONE', ( #2099, #928, #3388, #3727, #1355, #2474, #2092, #1492, #1969, #3633, #1204, #744, #2757, #612, #3047, #837, #2388, #634, #499, #916, #2615, #3767, #1843, #1802, #1, #3474, #3685, #1220 ) ) ;
#3459 = COLOUR_RGB ( '',1.000000000000000000, 1.000000000000000000, 1.000000000000000000 ) ;
#3460 = CARTESIAN_POINT ( 'NONE',  ( 124.9999999999999716, 15.00000000000000000, -125.0000000000000000 ) ) ;
#3461 = EDGE_LOOP ( 'NONE', ( #1147, #2616 ) ) ;
#3462 = DIRECTION ( 'NONE',  ( 2.094760423821049858E-16, 1.000000000000000000, 0.0000000000000000000 ) ) ;
#3463 = EDGE_CURVE ( 'NONE', #348, #1399, #200, .T. ) ;
#3464 = MECHANICAL_DESIGN_GEOMETRIC_PRESENTATION_REPRESENTATION (  '', ( #1267 ), #1461 ) ;
#3465 = CYLINDRICAL_SURFACE ( 'NONE', #2252, 3.400000000000000355 ) ;
#3466 = DIRECTION ( 'NONE',  ( -0.0000000000000000000, 1.000000000000000000, -0.0000000000000000000 ) ) ;
#3467 = VECTOR ( 'NONE', #2409, 1000.000000000000000 ) ;
#3468 = EDGE_CURVE ( 'NONE', #3350, #3007, #1176, .T. ) ;
#3469 = DIRECTION ( 'NONE',  ( -0.0000000000000000000, 1.000000000000000000, -0.0000000000000000000 ) ) ;
#3470 = CARTESIAN_POINT ( 'NONE',  ( 0.0000000000000000000, 15.00000000000000000, -125.0000000000000000 ) ) ;
#3472 = VECTOR ( 'NONE', #2875, 1000.000000000000114 ) ;
#3471 = CARTESIAN_POINT ( 'NONE',  ( 90.00000000000000000, 300.0000000000000568, -90.00000000000000000 ) ) ;
#3473 = FACE_OUTER_BOUND ( 'NONE', #1746, .T. ) ;
#3474 = ADVANCED_FACE ( 'NONE', ( #712 ), #1314, .F. ) ;
#3475 = ORIENTED_EDGE ( 'NONE', *, *, #197, .T. ) ;
#3476 = AXIS2_PLACEMENT_3D ( 'NONE', #1300, #3723, #3415 ) ;
#3477 = ORIENTED_EDGE ( 'NONE', *, *, #3663, .T. ) ;
#3478 =( GEOMETRIC_REPRESENTATION_CONTEXT ( 3 ) GLOBAL_UNCERTAINTY_ASSIGNED_CONTEXT ( ( #2556 ) ) GLOBAL_UNIT_ASSIGNED_CONTEXT ( ( #3521, #2931, #1145 ) ) REPRESENTATION_CONTEXT ( 'NONE', 'WORKASPACE' ) );
#3479 = CYLINDRICAL_SURFACE ( 'NONE', #3831, 7.499999999999992895 ) ;
#3480 = LINE ( 'NONE', #2842, #1285 ) ;
#3481 = ORIENTED_EDGE ( 'NONE', *, *, #1957, .T. ) ;
#3482 = ORIENTED_EDGE ( 'NONE', *, *, #2194, .F. ) ;
#3483 = CIRCLE ( 'NONE', #1557, 2.500000000000002220 ) ;
#3484 = CARTESIAN_POINT ( 'NONE',  ( 149.9999999999999432, 15.00000000000000000, -139.9999999999999716 ) ) ;
#3485 = DIRECTION ( 'NONE',  ( -0.0000000000000000000, 1.000000000000000000, -0.0000000000000000000 ) ) ;
#3486 = FACE_OUTER_BOUND ( 'NONE', #628, .T. ) ;
#3487 = ORIENTED_EDGE ( 'NONE', *, *, #2245, .T. ) ;
#3488 = ORIENTED_EDGE ( 'NONE', *, *, #1467, .T. ) ;
#3489 = DIRECTION ( 'NONE',  ( -0.0000000000000000000, 1.000000000000000000, -0.0000000000000000000 ) ) ;
#3490 = DIRECTION ( 'NONE',  ( -2.094760423821049858E-16, -1.000000000000000000, -0.0000000000000000000 ) ) ;
#3491 = MECHANICAL_DESIGN_GEOMETRIC_PRESENTATION_REPRESENTATION (  '', ( #2754 ), #2163 ) ;
#3492 = CARTESIAN_POINT ( 'NONE',  ( 124.9999999999999716, 0.0000000000000000000, -132.5000000000000000 ) ) ;
#3493 = ORIENTED_EDGE ( 'NONE', *, *, #3761, .T. ) ;
#3494 = EDGE_CURVE ( 'NONE', #2881, #1652, #669, .T. ) ;
#3495 = CARTESIAN_POINT ( 'NONE',  ( -9.950721815702933470E-13, 15.00000000000000000, 142.5000000000000568 ) ) ;
#3496 = FILL_AREA_STYLE ('',( #1082 ) ) ;
#3497 = ADVANCED_FACE ( 'NONE', ( #3268 ), #999, .F. ) ;
#3498 = EDGE_LOOP ( 'NONE', ( #3082, #2171, #2022, #3623 ) ) ;
#3499 = SURFACE_SIDE_STYLE ('',( #822 ) ) ;
#3500 = DIRECTION ( 'NONE',  ( 1.000000000000000000, 0.0000000000000000000, -0.0000000000000000000 ) ) ;
#3501 = PLANE ( 'NONE',  #694 ) ;
#3502 = FILL_AREA_STYLE_COLOUR ( '', #1381 ) ;
#3503 = ORIENTED_EDGE ( 'NONE', *, *, #2436, .T. ) ;
#3504 = DIRECTION ( 'NONE',  ( 0.7071067811865389130, -0.0000000000000000000, 0.7071067811865561215 ) ) ;
#3505 = ORIENTED_EDGE ( 'NONE', *, *, #3468, .F. ) ;
#3507 = ORIENTED_EDGE ( 'NONE', *, *, #1114, .T. ) ;
#3506 = DIRECTION ( 'NONE',  ( 0.0000000000000000000, 0.0000000000000000000, 1.000000000000000000 ) ) ;
#3508 = CYLINDRICAL_SURFACE ( 'NONE', #1483, 2.499999999999988454 ) ;
#3509 = UNCERTAINTY_MEASURE_WITH_UNIT (LENGTH_MEASURE( 1.000000000000000082E-05 ), #1125, 'distance_accuracy_value', 'NONE');
#3510 = SURFACE_STYLE_USAGE ( .BOTH. , #3499 ) ;
#3511 = VECTOR ( 'NONE', #1581, 1000.000000000000000 ) ;
#3512 = LINE ( 'NONE', #1790, #2703 ) ;
#3513 = AXIS2_PLACEMENT_3D ( 'NONE', #1340, #3433, #3682 ) ;
#3514 = DIRECTION ( 'NONE',  ( -0.0000000000000000000, 1.000000000000000000, -0.0000000000000000000 ) ) ;
#3515 = DIRECTION ( 'NONE',  ( -0.7071067811865474617, 0.0000000000000000000, -0.7071067811865474617 ) ) ;
#3516 = DIRECTION ( 'NONE',  ( 0.0000000000000000000, 1.000000000000000000, 0.0000000000000000000 ) ) ;
#3517 = EDGE_CURVE ( 'NONE', #3713, #1721, #1275, .T. ) ;
#3518 = SURFACE_STYLE_USAGE ( .BOTH. , #1440 ) ;
#3519 = DIRECTION ( 'NONE',  ( 0.7071067811865474617, -0.0000000000000000000, 0.7071067811865474617 ) ) ;
#3520 = SURFACE_STYLE_FILL_AREA ( #2892 ) ;
#3521 =( LENGTH_UNIT ( ) NAMED_UNIT ( * ) SI_UNIT ( .MILLI., .METRE. ) );
#3522 = SURFACE_SIDE_STYLE ('',( #519 ) ) ;
#3523 = ORIENTED_EDGE ( 'NONE', *, *, #2085, .T. ) ;
#3524 = EDGE_CURVE ( 'NONE', #100, #2630, #3, .T. ) ;
#3525 = EDGE_LOOP ( 'NONE', ( #379, #782, #1218, #3572, #1842, #1465, #3326, #915 ) ) ;
#3526 = LINE ( 'NONE', #2250, #2093 ) ;
#3527 = DIRECTION ( 'NONE',  ( 0.0000000000000000000, 0.0000000000000000000, 1.000000000000000000 ) ) ;
#3528 = FILL_AREA_STYLE_COLOUR ( '', #248 ) ;
#3529 = EDGE_LOOP ( 'NONE', ( #2191, #2350, #258, #3109 ) ) ;
#3530 = CARTESIAN_POINT ( 'NONE',  ( -90.00000000000000000, 255.0000000000000000, 45.00000000000000000 ) ) ;
#3531 = ORIENTED_EDGE ( 'NONE', *, *, #3646, .T. ) ;
#3532 = LINE ( 'NONE', #3849, #125 ) ;
#3533 = CARTESIAN_POINT ( 'NONE',  ( 0.0000000000000000000, 0.0000000000000000000, 0.0000000000000000000 ) ) ;
#3534 = EDGE_LOOP ( 'NONE', ( #352, #3579 ) ) ;
#3535 = AXIS2_PLACEMENT_3D ( 'NONE', #2192, #3170, #3781 ) ;
#3536 = STYLED_ITEM ( 'NONE', ( #1180 ), #611 ) ;
#3537 = CARTESIAN_POINT ( 'NONE',  ( 124.9999999999999716, 0.0000000000000000000, -117.5000000000000000 ) ) ;
#3538 = PRESENTATION_STYLE_ASSIGNMENT (( #438 ) ) ;
#3539 = FACE_BOUND ( 'NONE', #732, .T. ) ;
#3540 = STYLED_ITEM ( 'NONE', ( #2753 ), #2666 ) ;
#3541 = VERTEX_POINT ( 'NONE', #2985 ) ;
#3542 = EDGE_CURVE ( 'NONE', #1304, #2311, #3512, .T. ) ;
#3543 = AXIS2_PLACEMENT_3D ( 'NONE', #2696, #931, #1254 ) ;
#3544 = VERTEX_POINT ( 'NONE', #2095 ) ;
#3545 = ORIENTED_EDGE ( 'NONE', *, *, #1296, .F. ) ;
#3546 = SURFACE_STYLE_USAGE ( .BOTH. , #1431 ) ;
#3547 = VERTEX_POINT ( 'NONE', #18 ) ;
#3548 = DIRECTION ( 'NONE',  ( 7.401486830834376525E-17, 1.000000000000000000, 0.0000000000000000000 ) ) ;
#3549 = DIRECTION ( 'NONE',  ( -0.0000000000000000000, -1.000000000000000000, -0.0000000000000000000 ) ) ;
#3550 = ORIENTED_EDGE ( 'NONE', *, *, #587, .F. ) ;
#3551 = LINE ( 'NONE', #347, #1588 ) ;
#3552 = UNCERTAINTY_MEASURE_WITH_UNIT (LENGTH_MEASURE( 1.000000000000000082E-05 ), #4, 'distance_accuracy_value', 'NONE');
#3553 = FACE_BOUND ( 'NONE', #147, .T. ) ;
#3554 = PRESENTATION_STYLE_ASSIGNMENT (( #2427 ) ) ;
#3555 = DIRECTION ( 'NONE',  ( -0.0000000000000000000, 1.000000000000000000, -0.0000000000000000000 ) ) ;
#3556 = AXIS2_PLACEMENT_3D ( 'NONE', #261, #547, #1417 ) ;
#3557 = LINE ( 'NONE', #1310, #2385 ) ;
#3558 = DIRECTION ( 'NONE',  ( -0.0000000000000000000, 1.000000000000000000, -0.0000000000000000000 ) ) ;
#3559 = CIRCLE ( 'NONE', #3065, 2.500000000000002220 ) ;
#3560 =( NAMED_UNIT ( * ) SI_UNIT ( $, .STERADIAN. ) SOLID_ANGLE_UNIT ( ) );
#3561 = VECTOR ( 'NONE', #896, 1000.000000000000114 ) ;
#3562 = EDGE_CURVE ( 'NONE', #348, #2653, #2290, .T. ) ;
#3563 = DIRECTION ( 'NONE',  ( -0.0000000000000000000, 1.000000000000000000, -0.0000000000000000000 ) ) ;
#3564 = ORIENTED_EDGE ( 'NONE', *, *, #1680, .T. ) ;
#3565 = ORIENTED_EDGE ( 'NONE', *, *, #3786, .T. ) ;
#3566 = ORIENTED_EDGE ( 'NONE', *, *, #2539, .F. ) ;
#3567 = DIRECTION ( 'NONE',  ( 1.850371707708594316E-16, 0.0000000000000000000, 1.000000000000000000 ) ) ;
#3568 = VECTOR ( 'NONE', #789, 1000.000000000000114 ) ;
#3569 = CYLINDRICAL_SURFACE ( 'NONE', #3396, 3.000000000000002665 ) ;
#3570 = EDGE_CURVE ( 'NONE', #3279, #1304, #2756, .T. ) ;
#3571 = ORIENTED_EDGE ( 'NONE', *, *, #2198, .F. ) ;
#3572 = ORIENTED_EDGE ( 'NONE', *, *, #1809, .F. ) ;
#3573 = PRESENTATION_STYLE_ASSIGNMENT (( #2112 ) ) ;
#3574 = VECTOR ( 'NONE', #3837, 1000.000000000000000 ) ;
#3575 = CARTESIAN_POINT ( 'NONE',  ( -1.419341474236166827E-16, 15.00000000000000000, 129.5000000000000284 ) ) ;
#3576 = CARTESIAN_POINT ( 'NONE',  ( -70.00000000000004263, 15.00000000000001421, -89.99999999999997158 ) ) ;
#3577 =( NAMED_UNIT ( * ) PLANE_ANGLE_UNIT ( ) SI_UNIT ( $, .RADIAN. ) );
#3578 = EDGE_LOOP ( 'NONE', ( #250, #988, #3487, #1136 ) ) ;
#3579 = ORIENTED_EDGE ( 'NONE', *, *, #2467, .T. ) ;
#3580 = VECTOR ( 'NONE', #1474, 1000.000000000000000 ) ;
#3581 = AXIS2_PLACEMENT_3D ( 'NONE', #1741, #3248, #2636 ) ;
#3582 = PRESENTATION_STYLE_ASSIGNMENT (( #3518 ) ) ;
#3583 = DIRECTION ( 'NONE',  ( -0.0000000000000000000, 1.000000000000000000, -0.0000000000000000000 ) ) ;
#3584 = AXIS2_PLACEMENT_3D ( 'NONE', #3757, #3209, #2000 ) ;
#3585 = PLANE ( 'NONE',  #2723 ) ;
#3586 = CARTESIAN_POINT ( 'NONE',  ( 124.9999999999999716, 15.00000000000000000, 4.938795603462354205E-17 ) ) ;
#3587 = EDGE_LOOP ( 'NONE', ( #1315, #3618, #3734, #3760 ) ) ;
#3588 = DIRECTION ( 'NONE',  ( 0.0000000000000000000, 0.0000000000000000000, 1.000000000000000000 ) ) ;
#3589 = CARTESIAN_POINT ( 'NONE',  ( -90.00000000000000000, 280.0000000000000000, -90.00000000000000000 ) ) ;
#3590 = DIRECTION ( 'NONE',  ( -0.0000000000000000000, 1.000000000000000000, -0.0000000000000000000 ) ) ;
#3591 = DIRECTION ( 'NONE',  ( -2.094760423821049858E-16, -1.000000000000000000, -0.0000000000000000000 ) ) ;
#3592 = ADVANCED_FACE ( 'NONE', ( #2654 ), #1556, .F. ) ;
#3593 = AXIS2_PLACEMENT_3D ( 'NONE', #2219, #2920, #3186 ) ;
#3594 = DIRECTION ( 'NONE',  ( -1.000000000000000000, 1.982541115402065110E-16, -9.912705577010325549E-17 ) ) ;
#3595 = EDGE_CURVE ( 'NONE', #492, #773, #2160, .T. ) ;
#3596 = ORIENTED_EDGE ( 'NONE', *, *, #2007, .F. ) ;
#3597 = DIRECTION ( 'NONE',  ( -0.0000000000000000000, 1.000000000000000000, -0.0000000000000000000 ) ) ;
#3598 =( NAMED_UNIT ( * ) SI_UNIT ( $, .STERADIAN. ) SOLID_ANGLE_UNIT ( ) );
#3599 = VERTEX_POINT ( 'NONE', #113 ) ;
#3600 = CARTESIAN_POINT ( 'NONE',  ( -80.00000000000001421, 215.0000000000000284, 45.00000000000000000 ) ) ;
#3601 = ORIENTED_EDGE ( 'NONE', *, *, #2176, .T. ) ;
#3602 = CARTESIAN_POINT ( 'NONE',  ( 124.9999999999999716, 0.0000000000000000000, 4.938795603462354205E-17 ) ) ;
#3603 = AXIS2_PLACEMENT_3D ( 'NONE', #2771, #2462, #2196 ) ;
#3604 = FACE_OUTER_BOUND ( 'NONE', #282, .T. ) ;
#3605 = DIRECTION ( 'NONE',  ( 2.094760423821049858E-16, 1.000000000000000000, 0.0000000000000000000 ) ) ;
#3606 = AXIS2_PLACEMENT_3D ( 'NONE', #656, #3038, #1820 ) ;
#3607 = ADVANCED_FACE ( 'NONE', ( #2475 ), #1498, .F. ) ;
#3608 = CIRCLE ( 'NONE', #1766, 5.099999999999993427 ) ;
#3609 = FACE_OUTER_BOUND ( 'NONE', #1947, .T. ) ;
#3610 = EDGE_CURVE ( 'NONE', #1961, #3416, #1548, .T. ) ;
#3611 = DIRECTION ( 'NONE',  ( -0.7071067811865475727, 0.0000000000000000000, 0.7071067811865475727 ) ) ;
#3612 = CARTESIAN_POINT ( 'NONE',  ( -90.00000000000000000, 215.0000000000000284, 45.00000000000000000 ) ) ;
#3613 = ORIENTED_EDGE ( 'NONE', *, *, #848, .T. ) ;
#3614 = ORIENTED_EDGE ( 'NONE', *, *, #3874, .T. ) ;
#3615 = CIRCLE ( 'NONE', #1430, 62.50000000000000000 ) ;
#3616 = LINE ( 'NONE', #1088, #1416 ) ;
#3617 = EDGE_LOOP ( 'NONE', ( #2216, #1094, #864, #1093 ) ) ;
#3618 = ORIENTED_EDGE ( 'NONE', *, *, #2569, .F. ) ;
#3619 = EDGE_CURVE ( 'NONE', #1076, #2810, #3836, .T. ) ;
#3620 = VERTEX_POINT ( 'NONE', #2493 ) ;
#3621 = LINE ( 'NONE', #1408, #1993 ) ;
#3622 = PRESENTATION_STYLE_ASSIGNMENT (( #642 ) ) ;
#3623 = ORIENTED_EDGE ( 'NONE', *, *, #450, .T. ) ;
#3624 = VERTEX_POINT ( 'NONE', #89 ) ;
#3625 = CARTESIAN_POINT ( 'NONE',  ( -142.5000000000000568, -0.0009999999999992653654, -1.492608272355440021E-12 ) ) ;
#3626 = CYLINDRICAL_SURFACE ( 'NONE', #3302, 7.500000000000007105 ) ;
#3627 = DIRECTION ( 'NONE',  ( 0.0000000000000000000, 0.0000000000000000000, 1.000000000000000000 ) ) ;
#3628 = ORIENTED_EDGE ( 'NONE', *, *, #797, .T. ) ;
#3629 = CARTESIAN_POINT ( 'NONE',  ( -124.9999999999999716, 15.00000000000000000, 125.0000000000000000 ) ) ;
#3630 = DIRECTION ( 'NONE',  ( 0.0000000000000000000, 0.0000000000000000000, 1.000000000000000000 ) ) ;
#3631 = CARTESIAN_POINT ( 'NONE',  ( -114.9999999999999432, 280.0000000000000000, -124.9999999999999432 ) ) ;
#3632 = CARTESIAN_POINT ( 'NONE',  ( 69.99999999999997158, 280.0000000000000000, -69.99999999999998579 ) ) ;
#3633 = ADVANCED_FACE ( 'NONE', ( #2376, #2749, #2286, #1909, #2383, #1222, #1765, #1672 ), #1263, .F. ) ;
#3634 = MECHANICAL_DESIGN_GEOMETRIC_PRESENTATION_REPRESENTATION (  '', ( #106 ), #756 ) ;
#3635 = CARTESIAN_POINT ( 'NONE',  ( 149.9999999999999716, 15.00000000000000000, -139.9999999999999716 ) ) ;
#3636 = PRESENTATION_LAYER_ASSIGNMENT (  '', '', ( #758 ) ) ;
#3637 = SURFACE_SIDE_STYLE ('',( #2849 ) ) ;
#3638 = ORIENTED_EDGE ( 'NONE', *, *, #444, .F. ) ;
#3639 = EDGE_CURVE ( 'NONE', #2029, #3141, #3116, .T. ) ;
#3640 =( GEOMETRIC_REPRESENTATION_CONTEXT ( 3 ) GLOBAL_UNCERTAINTY_ASSIGNED_CONTEXT ( ( #2855 ) ) GLOBAL_UNIT_ASSIGNED_CONTEXT ( ( #1486, #3577, #2088 ) ) REPRESENTATION_CONTEXT ( 'NONE', 'WORKASPACE' ) );
#3641 = LINE ( 'NONE', #2870, #2240 ) ;
#3642 = CARTESIAN_POINT ( 'NONE',  ( 124.9999999999999716, 0.0000000000000000000, 4.499999999999990230 ) ) ;
#3643 = CARTESIAN_POINT ( 'NONE',  ( -150.0000000000001137, -0.0009999999999992653654, 7.499999999998428812 ) ) ;
#3644 = CARTESIAN_POINT ( 'NONE',  ( -80.00000000000000000, 280.0000000000000000, -69.99999999999998579 ) ) ;
#3645 = ORIENTED_EDGE ( 'NONE', *, *, #2786, .T. ) ;
#3646 = EDGE_CURVE ( 'NONE', #2933, #1679, #589, .T. ) ;
#3647 = ORIENTED_EDGE ( 'NONE', *, *, #1066, .F. ) ;
#3648 = EDGE_CURVE ( 'NONE', #3620, #1191, #1102, .T. ) ;
#3649 = EDGE_LOOP ( 'NONE', ( #3261, #2742, #2670, #1905 ) ) ;
#3650 = ORIENTED_EDGE ( 'NONE', *, *, #3639, .F. ) ;
#3651 = DIRECTION ( 'NONE',  ( -0.0000000000000000000, 1.000000000000000000, -0.0000000000000000000 ) ) ;
#3652 = COLOUR_RGB ( '',1.000000000000000000, 1.000000000000000000, 1.000000000000000000 ) ;
#3653 = DIRECTION ( 'NONE',  ( 0.0000000000000000000, 0.0000000000000000000, 1.000000000000000000 ) ) ;
#3654 = COLOUR_RGB ( '',1.000000000000000000, 1.000000000000000000, 1.000000000000000000 ) ;
#3655 = DIRECTION ( 'NONE',  ( -1.000000000000000000, 0.0000000000000000000, 0.0000000000000000000 ) ) ;
#3656 = LINE ( 'NONE', #452, #1688 ) ;
#3657 = DIRECTION ( 'NONE',  ( -0.0000000000000000000, 1.000000000000000000, -0.0000000000000000000 ) ) ;
#3658 = CARTESIAN_POINT ( 'NONE',  ( 150.0000000000000568, 0.0000000000000000000, -7.499999999999475975 ) ) ;
#3659 = DIRECTION ( 'NONE',  ( -0.0000000000000000000, 1.000000000000000000, -0.0000000000000000000 ) ) ;
#3660 = VERTEX_POINT ( 'NONE', #1080 ) ;
#3661 = ORIENTED_EDGE ( 'NONE', *, *, #1779, .F. ) ;
#3662 = VERTEX_POINT ( 'NONE', #1345 ) ;
#3663 = EDGE_CURVE ( 'NONE', #3624, #1109, #3018, .T. ) ;
#3664 = LINE ( 'NONE', #2832, #1234 ) ;
#3665 = MECHANICAL_DESIGN_GEOMETRIC_PRESENTATION_REPRESENTATION (  '', ( #3133 ), #1388 ) ;
#3666 = DIRECTION ( 'NONE',  ( 2.094760423821049858E-16, 1.000000000000000000, 0.0000000000000000000 ) ) ;
#3667 = DIRECTION ( 'NONE',  ( -0.0000000000000000000, 1.000000000000000000, -0.0000000000000000000 ) ) ;
#3668 = EDGE_LOOP ( 'NONE', ( #2623, #575, #467, #1587 ) ) ;
#3669 = LINE ( 'NONE', #3069, #2873 ) ;
#3670 = CIRCLE ( 'NONE', #1054, 20.00000000000000355 ) ;
#3671 = EDGE_LOOP ( 'NONE', ( #2766, #2713 ) ) ;
#3672 = EDGE_CURVE ( 'NONE', #1743, #2244, #3526, .T. ) ;
#3673 =( NAMED_UNIT ( * ) PLANE_ANGLE_UNIT ( ) SI_UNIT ( $, .RADIAN. ) );
#3674 = EDGE_LOOP ( 'NONE', ( #942, #3816, #914, #2330 ) ) ;
#3675 = CARTESIAN_POINT ( 'NONE',  ( -30.00000000000000000, 15.00000000000000000, -128.3999999999999773 ) ) ;
#3676 = UNCERTAINTY_MEASURE_WITH_UNIT (LENGTH_MEASURE( 1.000000000000000082E-05 ), #2005, 'distance_accuracy_value', 'NONE');
#3677 = AXIS2_PLACEMENT_3D ( 'NONE', #1995, #840, #227 ) ;
#3678 = DIRECTION ( 'NONE',  ( 0.0000000000000000000, 0.0000000000000000000, -1.000000000000000000 ) ) ;
#3679 = VERTEX_POINT ( 'NONE', #1968 ) ;
#3680 = DIRECTION ( 'NONE',  ( -9.912705577010324317E-17, 2.076474333571143433E-32, 1.000000000000000000 ) ) ;
#3681 = CARTESIAN_POINT ( 'NONE',  ( -124.9999999999999716, 15.00000000000000000, 30.00000000000000000 ) ) ;
#3682 = DIRECTION ( 'NONE',  ( -1.000000000000000000, 1.734723475976808574E-16, 0.0000000000000000000 ) ) ;
#3683 = ADVANCED_FACE ( 'NONE', ( #1323 ), #2913, .T. ) ;
#3684 = CARTESIAN_POINT ( 'NONE',  ( 69.99999999999991473, 14.99999999999998579, -69.99999999999998579 ) ) ;
#3685 = ADVANCED_FACE ( 'NONE', ( #1938 ), #3569, .F. ) ;
#3686 = CARTESIAN_POINT ( 'NONE',  ( -124.9999999999999716, 0.0000000000000000000, 30.00000000000000000 ) ) ;
#3687 = CARTESIAN_POINT ( 'NONE',  ( 70.00000000000000000, 300.0000000000000568, -95.00000000000000000 ) ) ;
#3688 = EDGE_CURVE ( 'NONE', #1989, #477, #1010, .T. ) ;
#3689 = AXIS2_PLACEMENT_3D ( 'NONE', #3225, #1122, #2360 ) ;
#3690 = DIRECTION ( 'NONE',  ( -0.0000000000000000000, 1.000000000000000000, -0.0000000000000000000 ) ) ;
#3691 = EDGE_CURVE ( 'NONE', #2794, #1032, #3707, .T. ) ;
#3692 = ORIENTED_EDGE ( 'NONE', *, *, #926, .T. ) ;
#3693 = EDGE_LOOP ( 'NONE', ( #1751, #1342 ) ) ;
#3694 = COLOUR_RGB ( '',1.000000000000000000, 1.000000000000000000, 1.000000000000000000 ) ;
#3695 = DIRECTION ( 'NONE',  ( -2.094760423821049858E-16, -1.000000000000000000, -0.0000000000000000000 ) ) ;
#3696 =( NAMED_UNIT ( * ) SI_UNIT ( $, .STERADIAN. ) SOLID_ANGLE_UNIT ( ) );
#3697 = LINE ( 'NONE', #2560, #562 ) ;
#3698 = DIRECTION ( 'NONE',  ( -1.000000000000000000, 0.0000000000000000000, 0.0000000000000000000 ) ) ;
#3699 = FACE_BOUND ( 'NONE', #1237, .T. ) ;
#3700 = LINE ( 'NONE', #598, #3272 ) ;
#3701 = MECHANICAL_DESIGN_GEOMETRIC_PRESENTATION_REPRESENTATION (  '', ( #2558 ), #838 ) ;
#3702 = CYLINDRICAL_SURFACE ( 'NONE', #1172, 2.500000000000002220 ) ;
#3703 = ORIENTED_EDGE ( 'NONE', *, *, #1634, .F. ) ;
#3705 = VERTEX_POINT ( 'NONE', #3407 ) ;
#3704 = CARTESIAN_POINT ( 'NONE',  ( -80.00000000000001421, 280.0000000000000000, 69.99999999999998579 ) ) ;
#3706 = CYLINDRICAL_SURFACE ( 'NONE', #3584, 5.099999999999993427 ) ;
#3707 = LINE ( 'NONE', #783, #1049 ) ;
#3708 = EDGE_LOOP ( 'NONE', ( #3505, #871, #1019, #1829, #688, #1044, #3703, #1770 ) ) ;
#3709 = EDGE_LOOP ( 'NONE', ( #2864, #3507, #3436, #639 ) ) ;
#3710 = VECTOR ( 'NONE', #1637, 1000.000000000000000 ) ;
#3711 = LINE ( 'NONE', #2147, #1244 ) ;
#3712 = FILL_AREA_STYLE ('',( #2504 ) ) ;
#3713 = VERTEX_POINT ( 'NONE', #3446 ) ;
#3714 = VERTEX_POINT ( 'NONE', #132 ) ;
#3715 = EDGE_CURVE ( 'NONE', #1575, #3350, #2395, .T. ) ;
#3716 = FACE_BOUND ( 'NONE', #1007, .T. ) ;
#3717 = LINE ( 'NONE', #804, #1951 ) ;
#3718 =( NAMED_UNIT ( * ) PLANE_ANGLE_UNIT ( ) SI_UNIT ( $, .RADIAN. ) );
#3719 = ORIENTED_EDGE ( 'NONE', *, *, #2282, .T. ) ;
#3720 = CIRCLE ( 'NONE', #3556, 4.500000000000003553 ) ;
#3721 = EDGE_CURVE ( 'NONE', #3826, #2399, #3329, .T. ) ;
#3722 = DIRECTION ( 'NONE',  ( -1.000000000000000000, 0.0000000000000000000, 1.850371707708594563E-16 ) ) ;
#3723 = DIRECTION ( 'NONE',  ( -7.401486830834376525E-17, -1.000000000000000000, -0.0000000000000000000 ) ) ;
#3724 = UNCERTAINTY_MEASURE_WITH_UNIT (LENGTH_MEASURE( 1.000000000000000082E-05 ), #2968, 'distance_accuracy_value', 'NONE');
#3725 = ORIENTED_EDGE ( 'NONE', *, *, #1404, .F. ) ;
#3726 = DIRECTION ( 'NONE',  ( 0.0000000000000000000, 0.0000000000000000000, 1.000000000000000000 ) ) ;
#3727 = ADVANCED_FACE ( 'NONE', ( #2175 ), #1373, .F. ) ;
#3728 =( GEOMETRIC_REPRESENTATION_CONTEXT ( 3 ) GLOBAL_UNCERTAINTY_ASSIGNED_CONTEXT ( ( #3509 ) ) GLOBAL_UNIT_ASSIGNED_CONTEXT ( ( #1125, #3794, #1424 ) ) REPRESENTATION_CONTEXT ( 'NONE', 'WORKASPACE' ) );
#3729 = CARTESIAN_POINT ( 'NONE',  ( -124.9999999999999432, 280.0000000000000000, -114.9999999999999574 ) ) ;
#3730 = CARTESIAN_POINT ( 'NONE',  ( -30.00000000000000000, 0.0000000000000000000, -125.0000000000000000 ) ) ;
#3731 = CARTESIAN_POINT ( 'NONE',  ( 69.99999999999997158, 280.0000000000000000, -80.00000000000000000 ) ) ;
#3732 = AXIS2_PLACEMENT_3D ( 'NONE', #887, #2097, #273 ) ;
#3733 = CARTESIAN_POINT ( 'NONE',  ( 30.00000000000000000, 15.00000000000000000, 125.0000000000000568 ) ) ;
#3734 = ORIENTED_EDGE ( 'NONE', *, *, #2007, .T. ) ;
#3735 = EDGE_CURVE ( 'NONE', #652, #145, #303, .T. ) ;
#3736 = CARTESIAN_POINT ( 'NONE',  ( 69.99999999999998579, 280.0000000000000000, 69.99999999999997158 ) ) ;
#3737 = AXIS2_PLACEMENT_3D ( 'NONE', #2181, #3659, #1307 ) ;
#3739 = ORIENTED_EDGE ( 'NONE', *, *, #3084, .F. ) ;
#3738 = CARTESIAN_POINT ( 'NONE',  ( -7.500000000001088907, 0.0000000000000000000, 150.0000000000000000 ) ) ;
#3740 = FACE_OUTER_BOUND ( 'NONE', #130, .T. ) ;
#3741 = EDGE_CURVE ( 'NONE', #2120, #2970, #3480, .T. ) ;
#3742 = DIRECTION ( 'NONE',  ( -0.0000000000000000000, 1.000000000000000000, -0.0000000000000000000 ) ) ;
#3743 = CYLINDRICAL_SURFACE ( 'NONE', #3320, 3.400000000000000355 ) ;
#3744 = COLOUR_RGB ( '',0.6470588235294117974, 0.6196078431372549211, 0.5882352941176470784 ) ;
#3745 = FACE_BOUND ( 'NONE', #2927, .T. ) ;
#3746 = CARTESIAN_POINT ( 'NONE',  ( 150.0000000000000000, -0.0009999999999992653654, 7.500000000000524025 ) ) ;
#3747 = EDGE_CURVE ( 'NONE', #2845, #1453, #3664, .T. ) ;
#3748 = CARTESIAN_POINT ( 'NONE',  ( -80.00000000000000000, 255.0000000000000000, 45.00000000000000000 ) ) ;
#3749 = CIRCLE ( 'NONE', #1363, 4.500000000000003553 ) ;
#3750 = CIRCLE ( 'NONE', #3870, 2.999999999999988898 ) ;
#3751 = CIRCLE ( 'NONE', #3775, 7.500000000000007105 ) ;
#3752 = DIRECTION ( 'NONE',  ( -1.000000000000000000, 1.734723475976807341E-16, 0.0000000000000000000 ) ) ;
#3753 = DIRECTION ( 'NONE',  ( -0.7071067811865390240, -0.0000000000000000000, -0.7071067811865561215 ) ) ;
#3754 = ORIENTED_EDGE ( 'NONE', *, *, #826, .T. ) ;
#3755 = ORIENTED_EDGE ( 'NONE', *, *, #3017, .T. ) ;
#3756 = ORIENTED_EDGE ( 'NONE', *, *, #3417, .F. ) ;
#3757 = CARTESIAN_POINT ( 'NONE',  ( -90.00000000000000000, 300.0000000000000568, 90.00000000000000000 ) ) ;
#3758 = DIRECTION ( 'NONE',  ( 2.094760423821049858E-16, 1.000000000000000000, 0.0000000000000000000 ) ) ;
#3759 = VERTEX_POINT ( 'NONE', #1644 ) ;
#3760 = ORIENTED_EDGE ( 'NONE', *, *, #3610, .T. ) ;
#3761 = EDGE_CURVE ( 'NONE', #2495, #403, #1789, .T. ) ;
#3762 = FACE_BOUND ( 'NONE', #1673, .T. ) ;
#3763 = AXIS2_PLACEMENT_3D ( 'NONE', #40, #2130, #3277 ) ;
#3764 = DIRECTION ( 'NONE',  ( -0.0000000000000000000, 1.000000000000000000, -0.0000000000000000000 ) ) ;
#3765 = VERTEX_POINT ( 'NONE', #746 ) ;
#3766 = VERTEX_POINT ( 'NONE', #1620 ) ;
#3767 = ADVANCED_FACE ( 'NONE', ( #17 ), #3282, .F. ) ;
#3768 = EDGE_CURVE ( 'NONE', #2881, #2120, #1697, .T. ) ;
#3769 = DIRECTION ( 'NONE',  ( -0.0000000000000000000, -1.000000000000000000, -0.0000000000000000000 ) ) ;
#3770 = ORIENTED_EDGE ( 'NONE', *, *, #645, .T. ) ;
#3771 =( NAMED_UNIT ( * ) PLANE_ANGLE_UNIT ( ) SI_UNIT ( $, .RADIAN. ) );
#3772 =( LENGTH_UNIT ( ) NAMED_UNIT ( * ) SI_UNIT ( .MILLI., .METRE. ) );
#3773 =( GEOMETRIC_REPRESENTATION_CONTEXT ( 3 ) GLOBAL_UNCERTAINTY_ASSIGNED_CONTEXT ( ( #839 ) ) GLOBAL_UNIT_ASSIGNED_CONTEXT ( ( #3772, #791, #1096 ) ) REPRESENTATION_CONTEXT ( 'NONE', 'WORKASPACE' ) );
#3774 = DIRECTION ( 'NONE',  ( 0.7071067811865470176, -5.233641528945913114E-17, 0.7071067811865480168 ) ) ;
#3775 = AXIS2_PLACEMENT_3D ( 'NONE', #3629, #1528, #1494 ) ;
#3776 = DIRECTION ( 'NONE',  ( 0.0000000000000000000, 0.0000000000000000000, 1.000000000000000000 ) ) ;
#3777 = ADVANCED_FACE ( 'NONE', ( #823 ), #728, .F. ) ;
#3778 = DIRECTION ( 'NONE',  ( 0.0000000000000000000, 0.0000000000000000000, 1.000000000000000000 ) ) ;
#3779 = CARTESIAN_POINT ( 'NONE',  ( -124.9999999999999716, 0.0000000000000000000, -4.499999999999997335 ) ) ;
#3780 = ORIENTED_EDGE ( 'NONE', *, *, #368, .F. ) ;
#3781 = DIRECTION ( 'NONE',  ( 0.0000000000000000000, 0.0000000000000000000, 1.000000000000000000 ) ) ;
#3782 = EDGE_CURVE ( 'NONE', #2495, #585, #3616, .T. ) ;
#3783 = DIRECTION ( 'NONE',  ( -0.0000000000000000000, 1.000000000000000000, -0.0000000000000000000 ) ) ;
#3784 = AXIS2_PLACEMENT_3D ( 'NONE', #1357, #2263, #3698 ) ;
#3785 = LINE ( 'NONE', #1491, #3314 ) ;
#3786 = EDGE_CURVE ( 'NONE', #403, #1426, #451, .T. ) ;
#3787 = SURFACE_STYLE_FILL_AREA ( #1560 ) ;
#3788 = UNCERTAINTY_MEASURE_WITH_UNIT (LENGTH_MEASURE( 1.000000000000000082E-05 ), #1026, 'distance_accuracy_value', 'NONE');
#3789 = DIRECTION ( 'NONE',  ( -1.000000000000000000, -0.0000000000000000000, -0.0000000000000000000 ) ) ;
#3790 = DIRECTION ( 'NONE',  ( -0.0000000000000000000, 1.000000000000000000, -0.0000000000000000000 ) ) ;
#3792 = VECTOR ( 'NONE', #2331, 1000.000000000000000 ) ;
#3791 = DIRECTION ( 'NONE',  ( 0.0000000000000000000, 0.0000000000000000000, 1.000000000000000000 ) ) ;
#3793 = DIRECTION ( 'NONE',  ( 0.0000000000000000000, 0.0000000000000000000, 1.000000000000000000 ) ) ;
#3794 =( NAMED_UNIT ( * ) PLANE_ANGLE_UNIT ( ) SI_UNIT ( $, .RADIAN. ) );
#3795 = AXIS2_PLACEMENT_3D ( 'NONE', #203, #3855, #2609 ) ;
#3796 = VERTEX_POINT ( 'NONE', #1397 ) ;
#3797 = AXIS2_PLACEMENT_3D ( 'NONE', #3421, #1584, #2204 ) ;
#3798 = DIRECTION ( 'NONE',  ( -1.000000000000000000, -0.0000000000000000000, -0.0000000000000000000 ) ) ;
#3799 = COLOUR_RGB ( '',1.000000000000000000, 1.000000000000000000, 1.000000000000000000 ) ;
#3800 = DIRECTION ( 'NONE',  ( 1.000000000000000000, 0.0000000000000000000, 0.0000000000000000000 ) ) ;
#3801 = EDGE_LOOP ( 'NONE', ( #3401, #680, #171, #2524 ) ) ;
#3802 = VERTEX_POINT ( 'NONE', #511 ) ;
#3803 = ORIENTED_EDGE ( 'NONE', *, *, #1520, .T. ) ;
#3804 = VECTOR ( 'NONE', #3409, 1000.000000000000000 ) ;
#3805 = DIRECTION ( 'NONE',  ( 0.0000000000000000000, 1.000000000000000000, 0.0000000000000000000 ) ) ;
#3806 = AXIS2_PLACEMENT_3D ( 'NONE', #2887, #1427, #3183 ) ;
#3807 = ORIENTED_EDGE ( 'NONE', *, *, #1460, .F. ) ;
#3808 = ORIENTED_EDGE ( 'NONE', *, *, #3159, .F. ) ;
#3809 = FACE_BOUND ( 'NONE', #1098, .T. ) ;
#3810 = LINE ( 'NONE', #2363, #1249 ) ;
#3811 = DIRECTION ( 'NONE',  ( 1.850371707708594316E-16, 0.0000000000000000000, 1.000000000000000000 ) ) ;
#3812 = CARTESIAN_POINT ( 'NONE',  ( 70.00000000000001421, 280.0000000000000000, -89.99999999999998579 ) ) ;
#3813 = AXIS2_PLACEMENT_3D ( 'NONE', #1828, #3364, #3078 ) ;
#3814 = DIRECTION ( 'NONE',  ( 0.0000000000000000000, 0.0000000000000000000, 1.000000000000000000 ) ) ;
#3815 = VECTOR ( 'NONE', #1656, 1000.000000000000000 ) ;
#3816 = ORIENTED_EDGE ( 'NONE', *, *, #3210, .T. ) ;
#3817 = DIRECTION ( 'NONE',  ( -0.7071067811865474617, 0.0000000000000000000, 0.7071067811865474617 ) ) ;
#3818 = DIRECTION ( 'NONE',  ( 0.0000000000000000000, 0.0000000000000000000, 1.000000000000000000 ) ) ;
#3819 = EDGE_CURVE ( 'NONE', #706, #736, #2813, .T. ) ;
#3820 = DIRECTION ( 'NONE',  ( -0.0000000000000000000, 1.000000000000000000, -0.0000000000000000000 ) ) ;
#3821 = ORIENTED_EDGE ( 'NONE', *, *, #2222, .T. ) ;
#3822 = DIRECTION ( 'NONE',  ( 0.0000000000000000000, 0.0000000000000000000, 1.000000000000000000 ) ) ;
#3823 = CARTESIAN_POINT ( 'NONE',  ( 30.00000000000000000, 15.00000000000000000, 125.0000000000000568 ) ) ;
#3824 = CARTESIAN_POINT ( 'NONE',  ( -124.9999999999999716, 15.00000000000000000, 30.00000000000000000 ) ) ;
#3825 = SURFACE_SIDE_STYLE ('',( #2135 ) ) ;
#3826 = VERTEX_POINT ( 'NONE', #2599 ) ;
#3827 = DIRECTION ( 'NONE',  ( -1.982541115402065849E-16, -0.0000000000000000000, -1.000000000000000000 ) ) ;
#3828 = PRESENTATION_LAYER_ASSIGNMENT (  '', '', ( #2558 ) ) ;
#3829 = ORIENTED_EDGE ( 'NONE', *, *, #929, .T. ) ;
#3830 = CARTESIAN_POINT ( 'NONE',  ( 3.724866946749578982E-14, 300.0000000000000568, 0.0000000000000000000 ) ) ;
#3831 = AXIS2_PLACEMENT_3D ( 'NONE', #1816, #2379, #2712 ) ;
#3832 = CARTESIAN_POINT ( 'NONE',  ( -90.00000000000000000, 255.0000000000000000, -47.50000000000000000 ) ) ;
#3833 = CARTESIAN_POINT ( 'NONE',  ( -139.9999999999999716, 15.00000000000000000, 150.0000000000000000 ) ) ;
#3834 = CARTESIAN_POINT ( 'NONE',  ( -80.00000000000001421, 280.0000000000000000, 69.99999999999998579 ) ) ;
#3835 = SURFACE_STYLE_FILL_AREA ( #2366 ) ;
#3836 = LINE ( 'NONE', #3675, #2551 ) ;
#3837 = DIRECTION ( 'NONE',  ( -0.0000000000000000000, 1.000000000000000000, -0.0000000000000000000 ) ) ;
#3838 = LINE ( 'NONE', #1777, #617 ) ;
#3839 = EDGE_CURVE ( 'NONE', #2671, #167, #3431, .T. ) ;
#3840 = DIRECTION ( 'NONE',  ( 0.0000000000000000000, 0.0000000000000000000, 1.000000000000000000 ) ) ;
#3841 = DIRECTION ( 'NONE',  ( 1.000000000000000000, 0.0000000000000000000, 0.0000000000000000000 ) ) ;
#3842 = FILL_AREA_STYLE_COLOUR ( '', #3424 ) ;
#3843 = ADVANCED_FACE ( 'NONE', ( #2027 ), #1509, .F. ) ;
#3844 = EDGE_CURVE ( 'NONE', #2078, #1974, #2217, .T. ) ;
#3845 = CIRCLE ( 'NONE', #3371, 4.500000000000003553 ) ;
#3846 = FACE_OUTER_BOUND ( 'NONE', #1065, .T. ) ;
#3847 = VECTOR ( 'NONE', #1242, 1000.000000000000000 ) ;
#3848 = DIRECTION ( 'NONE',  ( -0.0000000000000000000, -1.000000000000000000, -0.0000000000000000000 ) ) ;
#3849 = CARTESIAN_POINT ( 'NONE',  ( 80.00000000000000000, 279.9999999999999432, 69.99999999999997158 ) ) ;
#3850 = ORIENTED_EDGE ( 'NONE', *, *, #430, .T. ) ;
#3851 = ORIENTED_EDGE ( 'NONE', *, *, #984, .T. ) ;
#3852 = CARTESIAN_POINT ( 'NONE',  ( 115.0000000000000568, 300.0000000000000568, 125.0000000000000000 ) ) ;
#3853 = EDGE_LOOP ( 'NONE', ( #3073, #3175, #257, #2574 ) ) ;
#3854 = AXIS2_PLACEMENT_3D ( 'NONE', #894, #553, #3822 ) ;
#3855 = DIRECTION ( 'NONE',  ( 0.0000000000000000000, 1.000000000000000000, 0.0000000000000000000 ) ) ;
#3856 = ORIENTED_EDGE ( 'NONE', *, *, #2037, .T. ) ;
#3857 = AXIS2_PLACEMENT_3D ( 'NONE', #1966, #3764, #2284 ) ;
#3858 = ORIENTED_EDGE ( 'NONE', *, *, #3275, .F. ) ;
#3859 = AXIS2_PLACEMENT_3D ( 'NONE', #1713, #3805, #2014 ) ;
#3861 = VERTEX_POINT ( 'NONE', #2991 ) ;
#3860 = DIRECTION ( 'NONE',  ( 0.7071067811865490160, 0.0000000000000000000, -0.7071067811865460184 ) ) ;
#3862 = COLOUR_RGB ( '',1.000000000000000000, 1.000000000000000000, 1.000000000000000000 ) ;
#3863 = CARTESIAN_POINT ( 'NONE',  ( 0.0000000000000000000, 0.0000000000000000000, 0.0000000000000000000 ) ) ;
#3864 = CIRCLE ( 'NONE', #1321, 10.00000000000002309 ) ;
#3865 = ORIENTED_EDGE ( 'NONE', *, *, #3715, .F. ) ;
#3866 = ORIENTED_EDGE ( 'NONE', *, *, #2865, .T. ) ;
#3867 = COLOUR_RGB ( '',1.000000000000000000, 1.000000000000000000, 1.000000000000000000 ) ;
#3868 = FILL_AREA_STYLE ('',( #923 ) ) ;
#3869 = ORIENTED_EDGE ( 'NONE', *, *, #3663, .F. ) ;
#3870 = AXIS2_PLACEMENT_3D ( 'NONE', #1622, #146, #3408 ) ;
#3871 = ORIENTED_EDGE ( 'NONE', *, *, #554, .F. ) ;
#3872 = CARTESIAN_POINT ( 'NONE',  ( -90.00000000000000000, 215.0000000000000284, 45.00000000000000000 ) ) ;
#3873 =( NAMED_UNIT ( * ) SI_UNIT ( $, .STERADIAN. ) SOLID_ANGLE_UNIT ( ) );
#3874 = EDGE_CURVE ( 'NONE', #1721, #3713, #624, .T. ) ;
#3875 = LINE ( 'NONE', #2246, #141 ) ;
#3876 = CARTESIAN_POINT ( 'NONE',  ( -90.00000000000000000, 300.0000000000000568, -84.90000000000000568 ) ) ;
#3877 = CARTESIAN_POINT ( 'NONE',  ( 150.0000000000000000, 0.0000000000000000000, 7.500000000000524025 ) ) ;
#3878 = ORIENTED_EDGE ( 'NONE', *, *, #1091, .T. ) ;
#3879 = DIRECTION ( 'NONE',  ( 0.0000000000000000000, 0.0000000000000000000, 1.000000000000000000 ) ) ;
#3880 = VERTEX_POINT ( 'NONE', #1783 ) ;
#3881 = NEXT_ASSEMBLY_USAGE_OCCURRENCE ( 'NAUO1', ' ', ' ', #1841, #1641, $ ) ;
ENDSEC;
END-ISO-10303-21;
