ISO-10303-21;
HEADER;
FILE_DESCRIPTION (( 'STEP AP214' ),
    '1' );
FILE_NAME ('4GAA002120103008X.STEP',
    '2021-02-02T11:58:29',
    ( '' ),
    ( '' ),
    'SwSTEP 2.0',
    'SolidWorks 2018',
    '' );
FILE_SCHEMA (( 'AUTOMOTIVE_DESIGN' ));
ENDSEC;

DATA;
#1 =( NAMED_UNIT ( * ) PLANE_ANGLE_UNIT ( ) SI_UNIT ( $, .RADIAN. ) );
#2 = VERTEX_POINT ( 'NONE', #1408 ) ;
#3 = LINE ( 'NONE', #1048, #2166 ) ;
#4 = ORIENTED_EDGE ( 'NONE', *, *, #1572, .F. ) ;
#5 = AXIS2_PLACEMENT_3D ( 'NONE', #2580, #3170, #1668 ) ;
#7 = ORIENTED_EDGE ( 'NONE', *, *, #853, .T. ) ;
#6 = DIRECTION ( 'NONE',  ( -0.0000000000000000000, 1.000000000000000000, -0.0000000000000000000 ) ) ;
#8 = LINE ( 'NONE', #3860, #1130 ) ;
#9 = ORIENTED_EDGE ( 'NONE', *, *, #2521, .T. ) ;
#10 = VECTOR ( 'NONE', #827, 1000.000000000000000 ) ;
#11 = EDGE_LOOP ( 'NONE', ( #1787, #603, #897, #3859 ) ) ;
#12 = CARTESIAN_POINT ( 'NONE',  ( 115.0000000000000568, 800.0000000000000000, 125.0000000000000000 ) ) ;
#13 = CIRCLE ( 'NONE', #342, 10.00000000000002309 ) ;
#14 = CARTESIAN_POINT ( 'NONE',  ( 89.99999999999997158, 780.0000000000000000, 69.99999999999995737 ) ) ;
#15 = ORIENTED_EDGE ( 'NONE', *, *, #2098, .F. ) ;
#16 = COLOUR_RGB ( '',1.000000000000000000, 1.000000000000000000, 1.000000000000000000 ) ;
#17 = VECTOR ( 'NONE', #900, 1000.000000000000114 ) ;
#18 = VERTEX_POINT ( 'NONE', #806 ) ;
#19 = LINE ( 'NONE', #2535, #2331 ) ;
#20 = LINE ( 'NONE', #1401, #720 ) ;
#21 = ORIENTED_EDGE ( 'NONE', *, *, #2922, .T. ) ;
#22 = CARTESIAN_POINT ( 'NONE',  ( -124.9999999999999716, 0.0000000000000000000, 132.5000000000000000 ) ) ;
#23 = DIRECTION ( 'NONE',  ( -0.7071067811865489050, 0.0000000000000000000, -0.7071067811865461294 ) ) ;
#24 = MECHANICAL_DESIGN_GEOMETRIC_PRESENTATION_REPRESENTATION (  '', ( #1834 ), #1729 ) ;
#25 = DIRECTION ( 'NONE',  ( -0.0000000000000000000, 1.000000000000000000, -0.0000000000000000000 ) ) ;
#26 = ORIENTED_EDGE ( 'NONE', *, *, #256, .T. ) ;
#27 = ADVANCED_FACE ( 'NONE', ( #282 ), #599, .F. ) ;
#28 = EDGE_CURVE ( 'NONE', #2278, #2921, #3734, .T. ) ;
#29 = DIRECTION ( 'NONE',  ( 0.0000000000000000000, 0.0000000000000000000, 1.000000000000000000 ) ) ;
#30 = ORIENTED_EDGE ( 'NONE', *, *, #3869, .T. ) ;
#31 = EDGE_CURVE ( 'NONE', #3235, #1576, #1925, .T. ) ;
#32 = VERTEX_POINT ( 'NONE', #2975 ) ;
#33 = DIRECTION ( 'NONE',  ( -1.850371707708594563E-16, 0.0000000000000000000, -1.000000000000000000 ) ) ;
#34 = CARTESIAN_POINT ( 'NONE',  ( -89.99999999999994316, 714.9999999999998863, -47.49999999999994316 ) ) ;
#35 = EDGE_CURVE ( 'NONE', #1363, #1788, #2946, .T. ) ;
#36 = EDGE_LOOP ( 'NONE', ( #15, #287 ) ) ;
#37 = CIRCLE ( 'NONE', #2023, 3.399999999999986144 ) ;
#38 = AXIS2_PLACEMENT_3D ( 'NONE', #2744, #906, #2713 ) ;
#39 = ORIENTED_EDGE ( 'NONE', *, *, #189, .T. ) ;
#40 = LINE ( 'NONE', #3263, #747 ) ;
#41 = ADVANCED_FACE ( 'NONE', ( #544 ), #142, .T. ) ;
#42 = LINE ( 'NONE', #1757, #2503 ) ;
#43 = ORIENTED_EDGE ( 'NONE', *, *, #1365, .T. ) ;
#44 = CARTESIAN_POINT ( 'NONE',  ( -150.0000000000001137, -0.0009999999999992653654, 7.499999999998428812 ) ) ;
#45 = EDGE_LOOP ( 'NONE', ( #1075, #532, #760, #460, #1501, #1299, #2075, #2621, #3848, #1672, #3767, #620, #1001, #2236, #2182, #1715, #3477, #923, #438, #2562 ) ) ;
#46 = DIRECTION ( 'NONE',  ( -7.256359638072919902E-17, -1.000000000000000000, -0.0000000000000000000 ) ) ;
#47 = AXIS2_PLACEMENT_3D ( 'NONE', #2942, #2680, #1489 ) ;
#48 = DIRECTION ( 'NONE',  ( -0.0000000000000000000, 1.000000000000000000, -0.0000000000000000000 ) ) ;
#49 = PLANE ( 'NONE',  #2068 ) ;
#50 = VERTEX_POINT ( 'NONE', #2699 ) ;
#51 = CARTESIAN_POINT ( 'NONE',  ( -124.9999999999999716, 15.00000000000000000, -117.5000000000000142 ) ) ;
#52 = LINE ( 'NONE', #1526, #2128 ) ;
#53 = ORIENTED_EDGE ( 'NONE', *, *, #1396, .T. ) ;
#54 =( NAMED_UNIT ( * ) PLANE_ANGLE_UNIT ( ) SI_UNIT ( $, .RADIAN. ) );
#55 = VECTOR ( 'NONE', #2335, 1000.000000000000000 ) ;
#56 = UNCERTAINTY_MEASURE_WITH_UNIT (LENGTH_MEASURE( 1.000000000000000082E-05 ), #1247, 'distance_accuracy_value', 'NONE');
#57 = ORIENTED_EDGE ( 'NONE', *, *, #2811, .F. ) ;
#58 = EDGE_LOOP ( 'NONE', ( #3420, #2372 ) ) ;
#59 = DIRECTION ( 'NONE',  ( 0.7071067811865434649, -0.0000000000000000000, 0.7071067811865516806 ) ) ;
#60 = VECTOR ( 'NONE', #1935, 1000.000000000000000 ) ;
#61 = FACE_OUTER_BOUND ( 'NONE', #2728, .T. ) ;
#62 = VERTEX_POINT ( 'NONE', #262 ) ;
#63 = EDGE_LOOP ( 'NONE', ( #330, #3726, #1366, #1811 ) ) ;
#64 = EDGE_CURVE ( 'NONE', #3627, #2125, #3222, .T. ) ;
#65 = DIRECTION ( 'NONE',  ( 7.256359638072918670E-17, 1.000000000000000000, 0.0000000000000000000 ) ) ;
#66 = CARTESIAN_POINT ( 'NONE',  ( 70.00000000000001421, 780.0000000000000000, -89.99999999999998579 ) ) ;
#67 = ADVANCED_FACE ( 'NONE', ( #3635, #2822 ), #898, .F. ) ;
#68 = AXIS2_PLACEMENT_3D ( 'NONE', #302, #593, #3299 ) ;
#69 = CARTESIAN_POINT ( 'NONE',  ( 0.0000000000000000000, 0.0000000000000000000, 0.0000000000000000000 ) ) ;
#70 = ORIENTED_EDGE ( 'NONE', *, *, #3739, .F. ) ;
#71 = CARTESIAN_POINT ( 'NONE',  ( -150.0000000000000284, 15.00000000000000000, -139.9999999999999432 ) ) ;
#72 = CARTESIAN_POINT ( 'NONE',  ( -140.0000000000000000, 15.00000000000000000, 149.9999999999999716 ) ) ;
#73 = AXIS2_PLACEMENT_3D ( 'NONE', #817, #2334, #2658 ) ;
#74 = ORIENTED_EDGE ( 'NONE', *, *, #2732, .T. ) ;
#75 =( NAMED_UNIT ( * ) SI_UNIT ( $, .STERADIAN. ) SOLID_ANGLE_UNIT ( ) );
#76 = EDGE_CURVE ( 'NONE', #1832, #1153, #40, .T. ) ;
#77 = AXIS2_PLACEMENT_3D ( 'NONE', #69, #584, #899 ) ;
#78 = CARTESIAN_POINT ( 'NONE',  ( 69.99999999999994316, 14.99999999999999467, 69.99999999999997158 ) ) ;
#79 =( NAMED_UNIT ( * ) SI_UNIT ( $, .STERADIAN. ) SOLID_ANGLE_UNIT ( ) );
#80 = DIRECTION ( 'NONE',  ( 0.0000000000000000000, 0.0000000000000000000, 1.000000000000000000 ) ) ;
#81 = ORIENTED_EDGE ( 'NONE', *, *, #2757, .T. ) ;
#82 = ADVANCED_FACE ( 'NONE', ( #2220, #3689, #3595, #1880, #1449 ), #303, .F. ) ;
#83 = EDGE_CURVE ( 'NONE', #3396, #962, #1829, .T. ) ;
#84 = CARTESIAN_POINT ( 'NONE',  ( -80.00000000000000000, 755.0000000000000000, -45.00000000000000000 ) ) ;
#85 = VECTOR ( 'NONE', #1308, 1000.000000000000000 ) ;
#86 = CARTESIAN_POINT ( 'NONE',  ( 69.99999999999997158, 780.0000000000000000, -69.99999999999998579 ) ) ;
#87 = VECTOR ( 'NONE', #3879, 1000.000000000000000 ) ;
#88 = DIRECTION ( 'NONE',  ( -0.0000000000000000000, 1.000000000000000000, -0.0000000000000000000 ) ) ;
#89 = EDGE_LOOP ( 'NONE', ( #1996, #3000 ) ) ;
#90 = SURFACE_STYLE_FILL_AREA ( #3075 ) ;
#91 = AXIS2_PLACEMENT_3D ( 'NONE', #804, #1407, #781 ) ;
#92 = EDGE_CURVE ( 'NONE', #1220, #2218, #1222, .T. ) ;
#93 = CARTESIAN_POINT ( 'NONE',  ( 124.9999999999999716, 0.0000000000000000000, -125.0000000000000000 ) ) ;
#94 = APPLICATION_CONTEXT ( 'automotive_design' ) ;
#95 = CARTESIAN_POINT ( 'NONE',  ( 70.00000000000000000, 799.5000000000000000, -92.00000000000000000 ) ) ;
#96 = LINE ( 'NONE', #1820, #1412 ) ;
#97 = ORIENTED_EDGE ( 'NONE', *, *, #3048, .F. ) ;
#98 = FACE_BOUND ( 'NONE', #36, .T. ) ;
#99 = DIRECTION ( 'NONE',  ( 0.0000000000000000000, -0.0000000000000000000, 1.000000000000000000 ) ) ;
#100 = ADVANCED_FACE ( 'NONE', ( #2994, #1312 ), #2711, .T. ) ;
#101 = FACE_BOUND ( 'NONE', #2279, .T. ) ;
#102 = ORIENTED_EDGE ( 'NONE', *, *, #3876, .F. ) ;
#103 = DIRECTION ( 'NONE',  ( 1.000000000000000000, 0.0000000000000000000, 0.0000000000000000000 ) ) ;
#104 = FACE_OUTER_BOUND ( 'NONE', #1799, .T. ) ;
#105 = AXIS2_PLACEMENT_3D ( 'NONE', #485, #1120, #498 ) ;
#106 = DIRECTION ( 'NONE',  ( 0.0000000000000000000, 0.0000000000000000000, 1.000000000000000000 ) ) ;
#107 = CARTESIAN_POINT ( 'NONE',  ( 90.00000000000000000, 800.0000000000000000, -90.00000000000000000 ) ) ;
#108 = LINE ( 'NONE', #2193, #60 ) ;
#109 = ADVANCED_FACE ( 'NONE', ( #414 ), #2094, .F. ) ;
#110 = LINE ( 'NONE', #3828, #3485 ) ;
#111 = COLOUR_RGB ( '',0.6470588235294117974, 0.6196078431372549211, 0.5882352941176470784 ) ;
#112 = DIRECTION ( 'NONE',  ( -0.0000000000000000000, 1.000000000000000000, -0.0000000000000000000 ) ) ;
#113 = DIRECTION ( 'NONE',  ( 0.0000000000000000000, 0.0000000000000000000, 1.000000000000000000 ) ) ;
#114 = ORIENTED_EDGE ( 'NONE', *, *, #2047, .F. ) ;
#115 = EDGE_CURVE ( 'NONE', #3831, #3437, #1170, .T. ) ;
#116 = CARTESIAN_POINT ( 'NONE',  ( -124.9999999999999716, 15.00000000000000000, 0.0000000000000000000 ) ) ;
#117 = VERTEX_POINT ( 'NONE', #3590 ) ;
#118 = DIRECTION ( 'NONE',  ( 0.0000000000000000000, 1.000000000000000000, 0.0000000000000000000 ) ) ;
#119 = DIRECTION ( 'NONE',  ( 0.7071067811865474617, -0.0000000000000000000, 0.7071067811865474617 ) ) ;
#120 = EDGE_CURVE ( 'NONE', #1696, #985, #643, .T. ) ;
#121 = EDGE_CURVE ( 'NONE', #3341, #1304, #2636, .T. ) ;
#122 = FILL_AREA_STYLE_COLOUR ( '', #225 ) ;
#123 = AXIS2_PLACEMENT_3D ( 'NONE', #681, #3661, #639 ) ;
#124 = DIRECTION ( 'NONE',  ( 0.7071067811865516806, 0.0000000000000000000, -0.7071067811865434649 ) ) ;
#125 = EDGE_LOOP ( 'NONE', ( #580, #2715, #385, #3554 ) ) ;
#126 = CARTESIAN_POINT ( 'NONE',  ( 149.9999999999999716, 0.0000000000000000000, -150.0000000000000000 ) ) ;
#127 = CARTESIAN_POINT ( 'NONE',  ( 115.0000000000000568, 800.0000000000000000, -124.9999999999999432 ) ) ;
#128 = PRESENTATION_STYLE_ASSIGNMENT (( #1295 ) ) ;
#129 = AXIS2_PLACEMENT_3D ( 'NONE', #445, #1349, #777 ) ;
#130 = DIRECTION ( 'NONE',  ( 1.000000000000000000, 0.0000000000000000000, 0.0000000000000000000 ) ) ;
#131 = DIRECTION ( 'NONE',  ( 0.0000000000000000000, 0.0000000000000000000, 1.000000000000000000 ) ) ;
#132 = UNCERTAINTY_MEASURE_WITH_UNIT (LENGTH_MEASURE( 1.000000000000000082E-05 ), #1550, 'distance_accuracy_value', 'NONE');
#133 = SURFACE_SIDE_STYLE ('',( #1825 ) ) ;
#134 = EDGE_LOOP ( 'NONE', ( #195, #2866, #1963, #2454 ) ) ;
#135 = VECTOR ( 'NONE', #292, 1000.000000000000000 ) ;
#136 = ORIENTED_EDGE ( 'NONE', *, *, #3509, .F. ) ;
#137 = FACE_OUTER_BOUND ( 'NONE', #3867, .T. ) ;
#138 = VECTOR ( 'NONE', #2083, 1000.000000000000000 ) ;
#139 = DIRECTION ( 'NONE',  ( -1.982541115402065849E-16, -0.0000000000000000000, -1.000000000000000000 ) ) ;
#140 =( GEOMETRIC_REPRESENTATION_CONTEXT ( 3 ) GLOBAL_UNCERTAINTY_ASSIGNED_CONTEXT ( ( #132 ) ) GLOBAL_UNIT_ASSIGNED_CONTEXT ( ( #1550, #2204, #1242 ) ) REPRESENTATION_CONTEXT ( 'NONE', 'WORKASPACE' ) );
#141 = ORIENTED_EDGE ( 'NONE', *, *, #2682, .F. ) ;
#142 = CYLINDRICAL_SURFACE ( 'NONE', #3327, 20.00000000000000355 ) ;
#143 = FACE_BOUND ( 'NONE', #2400, .T. ) ;
#144 = DIRECTION ( 'NONE',  ( 0.0000000000000000000, 0.0000000000000000000, 1.000000000000000000 ) ) ;
#145 = ADVANCED_FACE ( 'NONE', ( #1080 ), #2069, .F. ) ;
#146 = ORIENTED_EDGE ( 'NONE', *, *, #64, .T. ) ;
#147 = ORIENTED_EDGE ( 'NONE', *, *, #2826, .T. ) ;
#148 = DIRECTION ( 'NONE',  ( -0.7071067811865434649, 0.0000000000000000000, -0.7071067811865516806 ) ) ;
#150 = ORIENTED_EDGE ( 'NONE', *, *, #3412, .T. ) ;
#149 = DIRECTION ( 'NONE',  ( -0.0000000000000000000, -1.000000000000000000, -0.0000000000000000000 ) ) ;
#151 = FACE_OUTER_BOUND ( 'NONE', #3799, .T. ) ;
#152 = AXIS2_PLACEMENT_3D ( 'NONE', #2726, #2441, #2154 ) ;
#153 = SURFACE_SIDE_STYLE ('',( #2377 ) ) ;
#154 = CARTESIAN_POINT ( 'NONE',  ( -69.99999999999998579, 780.0000000000000000, -69.99999999999998579 ) ) ;
#155 = ADVANCED_FACE ( 'NONE', ( #2863 ), #3602, .F. ) ;
#156 = ORIENTED_EDGE ( 'NONE', *, *, #3638, .F. ) ;
#157 = ORIENTED_EDGE ( 'NONE', *, *, #891, .T. ) ;
#158 = CARTESIAN_POINT ( 'NONE',  ( -90.00000000000000000, 800.0000000000000000, -95.09999999999999432 ) ) ;
#159 = VECTOR ( 'NONE', #2176, 1000.000000000000000 ) ;
#160 = CARTESIAN_POINT ( 'NONE',  ( 125.0000000000000568, 800.0000000000000000, 115.0000000000000142 ) ) ;
#161 = LINE ( 'NONE', #160, #3018 ) ;
#162 = STYLED_ITEM ( 'NONE', ( #753 ), #3418 ) ;
#163 = ORIENTED_EDGE ( 'NONE', *, *, #3852, .F. ) ;
#164 = SURFACE_STYLE_FILL_AREA ( #2906 ) ;
#165 = EDGE_CURVE ( 'NONE', #858, #1261, #3038, .T. ) ;
#166 =( NAMED_UNIT ( * ) SI_UNIT ( $, .STERADIAN. ) SOLID_ANGLE_UNIT ( ) );
#167 = VERTEX_POINT ( 'NONE', #2135 ) ;
#168 =( LENGTH_UNIT ( ) NAMED_UNIT ( * ) SI_UNIT ( .MILLI., .METRE. ) );
#169 = AXIS2_PLACEMENT_3D ( 'NONE', #186, #149, #483 ) ;
#170 = SURFACE_SIDE_STYLE ('',( #596 ) ) ;
#171 = CARTESIAN_POINT ( 'NONE',  ( 70.00000000000001421, 780.0000000000000000, -89.99999999999998579 ) ) ;
#172 = DIRECTION ( 'NONE',  ( 1.000000000000000000, -7.256359638072918670E-17, 0.0000000000000000000 ) ) ;
#173 = ORIENTED_EDGE ( 'NONE', *, *, #925, .T. ) ;
#174 = EDGE_LOOP ( 'NONE', ( #3394, #2117 ) ) ;
#175 = PRESENTATION_LAYER_ASSIGNMENT (  '', '', ( #3777 ) ) ;
#176 = UNCERTAINTY_MEASURE_WITH_UNIT (LENGTH_MEASURE( 1.000000000000000082E-05 ), #531, 'distance_accuracy_value', 'NONE');
#177 = VERTEX_POINT ( 'NONE', #3344 ) ;
#178 = DIRECTION ( 'NONE',  ( -7.256359638072919902E-17, -1.000000000000000000, -0.0000000000000000000 ) ) ;
#180 = CIRCLE ( 'NONE', #2004, 62.50000000000000000 ) ;
#179 = FILL_AREA_STYLE_COLOUR ( '', #2238 ) ;
#181 = EDGE_CURVE ( 'NONE', #499, #167, #3825, .T. ) ;
#182 = ORIENTED_EDGE ( 'NONE', *, *, #3283, .F. ) ;
#183 = DIRECTION ( 'NONE',  ( 7.256359638072918670E-17, 1.000000000000000000, 0.0000000000000000000 ) ) ;
#184 = CYLINDRICAL_SURFACE ( 'NONE', #1531, 3.400000000000000355 ) ;
#185 = CIRCLE ( 'NONE', #1895, 2.499999999999946709 ) ;
#186 = CARTESIAN_POINT ( 'NONE',  ( 0.0000000000000000000, 0.0000000000000000000, 0.0000000000000000000 ) ) ;
#187 = VERTEX_POINT ( 'NONE', #335 ) ;
#188 = DIRECTION ( 'NONE',  ( 1.850371707708594316E-16, 0.0000000000000000000, 1.000000000000000000 ) ) ;
#189 = EDGE_CURVE ( 'NONE', #889, #2368, #1980, .T. ) ;
#190 = AXIS2_PLACEMENT_3D ( 'NONE', #3106, #396, #406 ) ;
#191 = VERTEX_POINT ( 'NONE', #34 ) ;
#192 = VECTOR ( 'NONE', #2860, 999.9999999999998863 ) ;
#193 = CARTESIAN_POINT ( 'NONE',  ( -124.9999999999999716, 0.0000000000000000000, 0.0000000000000000000 ) ) ;
#194 = VECTOR ( 'NONE', #1983, 1000.000000000000000 ) ;
#195 = ORIENTED_EDGE ( 'NONE', *, *, #737, .F. ) ;
#196 = LINE ( 'NONE', #1388, #1705 ) ;
#197 = CARTESIAN_POINT ( 'NONE',  ( 125.0000000000000000, 15.00000000000000000, -33.39999999999998437 ) ) ;
#198 = FACE_BOUND ( 'NONE', #2657, .T. ) ;
#199 = LINE ( 'NONE', #1186, #2614 ) ;
#200 = PRESENTATION_LAYER_ASSIGNMENT (  '', '', ( #1688 ) ) ;
#201 = DIRECTION ( 'NONE',  ( -1.000000000000000000, 0.0000000000000000000, 0.0000000000000000000 ) ) ;
#202 = EDGE_LOOP ( 'NONE', ( #773, #2008 ) ) ;
#203 = ORIENTED_EDGE ( 'NONE', *, *, #1149, .T. ) ;
#204 = DIRECTION ( 'NONE',  ( 0.0000000000000000000, 1.000000000000000000, 0.0000000000000000000 ) ) ;
#205 = FILL_AREA_STYLE_COLOUR ( '', #1938 ) ;
#206 = PRESENTATION_STYLE_ASSIGNMENT (( #1580 ) ) ;
#207 = EDGE_CURVE ( 'NONE', #3324, #1977, #1267, .T. ) ;
#208 = CARTESIAN_POINT ( 'NONE',  ( 30.00000000000000000, 15.00000000000000000, 128.4000000000000625 ) ) ;
#209 = PRODUCT_DEFINITION ( 'UNKNOWN', '', #3872, #1792 ) ;
#210 = ORIENTED_EDGE ( 'NONE', *, *, #2175, .T. ) ;
#211 = FILL_AREA_STYLE_COLOUR ( '', #111 ) ;
#212 = CARTESIAN_POINT ( 'NONE',  ( -80.00000000000001421, 780.0000000000000000, 69.99999999999998579 ) ) ;
#213 =( NAMED_UNIT ( * ) SI_UNIT ( $, .STERADIAN. ) SOLID_ANGLE_UNIT ( ) );
#214 = VERTEX_POINT ( 'NONE', #2772 ) ;
#215 = CARTESIAN_POINT ( 'NONE',  ( -124.9999999999999716, 15.00000000000000000, -132.5000000000000000 ) ) ;
#216 = DIRECTION ( 'NONE',  ( -0.0000000000000000000, 1.000000000000000000, -0.0000000000000000000 ) ) ;
#217 = DIRECTION ( 'NONE',  ( 0.0000000000000000000, 0.0000000000000000000, 1.000000000000000000 ) ) ;
#218 = AXIS2_PLACEMENT_3D ( 'NONE', #1452, #1760, #1774 ) ;
#219 = CARTESIAN_POINT ( 'NONE',  ( 90.00000000000000000, 780.0000000000000000, -95.09999999999999432 ) ) ;
#220 = DIRECTION ( 'NONE',  ( -0.0000000000000000000, 1.000000000000000000, -0.0000000000000000000 ) ) ;
#221 =( LENGTH_UNIT ( ) NAMED_UNIT ( * ) SI_UNIT ( .MILLI., .METRE. ) );
#222 = AXIS2_PLACEMENT_3D ( 'NONE', #2319, #786, #1973 ) ;
#223 = CARTESIAN_POINT ( 'NONE',  ( 69.99999999999997158, 780.0000000000000000, -80.00000000000000000 ) ) ;
#224 = VERTEX_POINT ( 'NONE', #2760 ) ;
#225 = COLOUR_RGB ( '',0.6470588235294117974, 0.6196078431372549211, 0.5882352941176470784 ) ;
#226 = ORIENTED_EDGE ( 'NONE', *, *, #633, .T. ) ;
#227 = DIRECTION ( 'NONE',  ( -0.0000000000000000000, 1.000000000000000000, -0.0000000000000000000 ) ) ;
#228 = LINE ( 'NONE', #1159, #2632 ) ;
#229 = CARTESIAN_POINT ( 'NONE',  ( 70.00000000000000000, 800.0000000000000000, -95.00000000000000000 ) ) ;
#230 = CARTESIAN_POINT ( 'NONE',  ( -114.9999999999999432, 780.0000000000000000, -124.9999999999999432 ) ) ;
#231 = ORIENTED_EDGE ( 'NONE', *, *, #2852, .F. ) ;
#232 = VECTOR ( 'NONE', #3210, 1000.000000000000000 ) ;
#233 = EDGE_CURVE ( 'NONE', #1888, #62, #638, .T. ) ;
#234 = FACE_BOUND ( 'NONE', #518, .T. ) ;
#235 = EDGE_LOOP ( 'NONE', ( #3062, #484, #2887, #3357 ) ) ;
#237 = EDGE_LOOP ( 'NONE', ( #555, #1710, #244, #346, #1638, #805, #3681, #173 ) ) ;
#236 = CARTESIAN_POINT ( 'NONE',  ( 124.9999999999999716, 15.00000000000000000, -125.0000000000000000 ) ) ;
#238 = CARTESIAN_POINT ( 'NONE',  ( -149.9999999999999716, 0.0000000000000000000, 139.9999999999999716 ) ) ;
#239 = CARTESIAN_POINT ( 'NONE',  ( 30.00000000000000000, 15.00000000000000000, 125.0000000000000568 ) ) ;
#240 = ORIENTED_EDGE ( 'NONE', *, *, #115, .T. ) ;
#241 = DIRECTION ( 'NONE',  ( 0.0000000000000000000, 0.0000000000000000000, 1.000000000000000000 ) ) ;
#242 = PRESENTATION_STYLE_ASSIGNMENT (( #2074 ) ) ;
#243 = FACE_OUTER_BOUND ( 'NONE', #3824, .T. ) ;
#244 = ORIENTED_EDGE ( 'NONE', *, *, #1047, .T. ) ;
#245 = CARTESIAN_POINT ( 'NONE',  ( -149.9999999999999716, 15.00000000000000000, 139.9999999999999716 ) ) ;
#246 = AXIS2_PLACEMENT_3D ( 'NONE', #1800, #3809, #3513 ) ;
#247 = ADVANCED_FACE ( 'NONE', ( #2259 ), #184, .F. ) ;
#248 = VERTEX_POINT ( 'NONE', #3636 ) ;
#249 = ORIENTED_EDGE ( 'NONE', *, *, #3471, .T. ) ;
#250 = LINE ( 'NONE', #2650, #3237 ) ;
#251 = EDGE_LOOP ( 'NONE', ( #327, #3343, #3419, #2027 ) ) ;
#252 = AXIS2_PLACEMENT_3D ( 'NONE', #3025, #2435, #2729 ) ;
#253 = CARTESIAN_POINT ( 'NONE',  ( -114.9999999999999432, 800.0000000000000000, 125.0000000000000000 ) ) ;
#254 = DIRECTION ( 'NONE',  ( 0.0000000000000000000, 1.000000000000000000, 0.0000000000000000000 ) ) ;
#255 = FILL_AREA_STYLE ('',( #122 ) ) ;
#256 = EDGE_CURVE ( 'NONE', #2150, #290, #1732, .T. ) ;
#257 = DIRECTION ( 'NONE',  ( -0.0000000000000000000, 1.000000000000000000, -0.0000000000000000000 ) ) ;
#258 = ORIENTED_EDGE ( 'NONE', *, *, #1676, .F. ) ;
#259 = ADVANCED_FACE ( 'NONE', ( #137 ), #49, .F. ) ;
#260 = ORIENTED_EDGE ( 'NONE', *, *, #1741, .T. ) ;
#261 = VERTEX_POINT ( 'NONE', #1545 ) ;
#262 = CARTESIAN_POINT ( 'NONE',  ( -90.00000000000002842, 15.00000000000000711, -69.99999999999998579 ) ) ;
#263 = STYLED_ITEM ( 'NONE', ( #128 ), #3140 ) ;
#264 = EDGE_CURVE ( 'NONE', #2599, #2618, #982, .T. ) ;
#265 = CARTESIAN_POINT ( 'NONE',  ( -124.9999999999999716, 15.00000000000000000, 30.00000000000000000 ) ) ;
#266 = DIRECTION ( 'NONE',  ( -0.0000000000000000000, 1.000000000000000000, -0.0000000000000000000 ) ) ;
#267 = DIRECTION ( 'NONE',  ( 0.0000000000000000000, 0.0000000000000000000, 1.000000000000000000 ) ) ;
#268 = STYLED_ITEM ( 'NONE', ( #2738 ), #1226 ) ;
#269 = ORIENTED_EDGE ( 'NONE', *, *, #2802, .T. ) ;
#270 = DIRECTION ( 'NONE',  ( 0.0000000000000000000, 1.000000000000000000, 0.0000000000000000000 ) ) ;
#271 = ORIENTED_EDGE ( 'NONE', *, *, #2480, .F. ) ;
#272 = DIRECTION ( 'NONE',  ( -1.000000000000000000, -0.0000000000000000000, -0.0000000000000000000 ) ) ;
#273 = LINE ( 'NONE', #279, #1781 ) ;
#274 = AXIS2_PLACEMENT_3D ( 'NONE', #3510, #227, #2344 ) ;
#275 = CARTESIAN_POINT ( 'NONE',  ( 5.510910596163078709E-16, 0.0000000000000000000, -129.5000000000000000 ) ) ;
#276 = CARTESIAN_POINT ( 'NONE',  ( -124.9999999999999716, 0.0000000000000000000, -125.0000000000000000 ) ) ;
#277 = VERTEX_POINT ( 'NONE', #1578 ) ;
#278 = EDGE_CURVE ( 'NONE', #2832, #3331, #3821, .T. ) ;
#279 = CARTESIAN_POINT ( 'NONE',  ( 79.99999999999997158, 780.0000000000000000, -69.99999999999998579 ) ) ;
#280 = ORIENTED_EDGE ( 'NONE', *, *, #1319, .T. ) ;
#281 = MECHANICAL_DESIGN_GEOMETRIC_PRESENTATION_REPRESENTATION (  '', ( #3085 ), #470 ) ;
#282 = FACE_OUTER_BOUND ( 'NONE', #1642, .T. ) ;
#283 = EDGE_CURVE ( 'NONE', #3627, #659, #3267, .T. ) ;
#284 = ORIENTED_EDGE ( 'NONE', *, *, #1808, .T. ) ;
#285 = PLANE ( 'NONE',  #2914 ) ;
#286 = CYLINDRICAL_SURFACE ( 'NONE', #1044, 3.000000000000002665 ) ;
#287 = ORIENTED_EDGE ( 'NONE', *, *, #2937, .F. ) ;
#288 = DIRECTION ( 'NONE',  ( -9.912705577010326782E-17, 7.193015665311804318E-33, 1.000000000000000000 ) ) ;
#289 = CARTESIAN_POINT ( 'NONE',  ( -124.9999999999999716, 0.0000000000000000000, 0.0000000000000000000 ) ) ;
#290 = VERTEX_POINT ( 'NONE', #1890 ) ;
#292 = DIRECTION ( 'NONE',  ( 1.000000000000000000, -7.434529182757744162E-17, -9.912705577010325549E-17 ) ) ;
#291 = LINE ( 'NONE', #2270, #3470 ) ;
#293 = LINE ( 'NONE', #1472, #2605 ) ;
#294 = CIRCLE ( 'NONE', #983, 5.099999999999993427 ) ;
#295 = LINE ( 'NONE', #3351, #954 ) ;
#296 = VERTEX_POINT ( 'NONE', #3707 ) ;
#297 = ORIENTED_EDGE ( 'NONE', *, *, #3849, .F. ) ;
#298 = DIRECTION ( 'NONE',  ( -1.982541115402065849E-16, -0.0000000000000000000, -1.000000000000000000 ) ) ;
#299 = FACE_OUTER_BOUND ( 'NONE', #1844, .T. ) ;
#300 = SURFACE_STYLE_FILL_AREA ( #2775 ) ;
#301 = DIRECTION ( 'NONE',  ( -7.256359638072919902E-17, -1.000000000000000000, -0.0000000000000000000 ) ) ;
#302 = CARTESIAN_POINT ( 'NONE',  ( 3.371468541130828757E-14, 780.0000000000000000, 0.0000000000000000000 ) ) ;
#303 = PLANE ( 'NONE',  #47 ) ;
#304 = ADVANCED_FACE ( 'NONE', ( #1406 ), #1538, .F. ) ;
#305 = ORIENTED_EDGE ( 'NONE', *, *, #1919, .T. ) ;
#306 = STYLED_ITEM ( 'NONE', ( #1491 ), #247 ) ;
#307 = AXIS2_PLACEMENT_3D ( 'NONE', #2939, #3873, #876 ) ;
#308 = DIRECTION ( 'NONE',  ( 0.7071067811865474617, -0.0000000000000000000, -0.7071067811865474617 ) ) ;
#309 = EDGE_CURVE ( 'NONE', #420, #2208, #3175, .T. ) ;
#310 = CARTESIAN_POINT ( 'NONE',  ( -30.00000000000000000, 15.00000000000000000, -121.5999999999999943 ) ) ;
#311 = ORIENTED_EDGE ( 'NONE', *, *, #2944, .F. ) ;
#312 = EDGE_CURVE ( 'NONE', #3255, #3024, #2901, .T. ) ;
#313 =( NAMED_UNIT ( * ) SI_UNIT ( $, .STERADIAN. ) SOLID_ANGLE_UNIT ( ) );
#314 = ORIENTED_EDGE ( 'NONE', *, *, #1444, .T. ) ;
#315 = STYLED_ITEM ( 'NONE', ( #712 ), #1768 ) ;
#316 = DIRECTION ( 'NONE',  ( 0.0000000000000000000, 0.0000000000000000000, 1.000000000000000000 ) ) ;
#317 = VERTEX_POINT ( 'NONE', #3719 ) ;
#318 = FACE_OUTER_BOUND ( 'NONE', #587, .T. ) ;
#319 = ORIENTED_EDGE ( 'NONE', *, *, #3165, .F. ) ;
#320 = AXIS2_PLACEMENT_3D ( 'NONE', #1637, #1924, #2225 ) ;
#321 = DIRECTION ( 'NONE',  ( 0.0000000000000000000, -1.000000000000000000, 0.0000000000000000000 ) ) ;
#322 = LINE ( 'NONE', #725, #1830 ) ;
#323 = CARTESIAN_POINT ( 'NONE',  ( 139.9999999999999716, 15.00000000000000000, 150.0000000000000000 ) ) ;
#324 = ORIENTED_EDGE ( 'NONE', *, *, #2724, .T. ) ;
#325 = EDGE_CURVE ( 'NONE', #290, #2430, #3502, .T. ) ;
#326 = AXIS2_PLACEMENT_3D ( 'NONE', #2424, #1542, #2716 ) ;
#327 = ORIENTED_EDGE ( 'NONE', *, *, #3464, .F. ) ;
#328 = LINE ( 'NONE', #856, #3426 ) ;
#329 = LINE ( 'NONE', #1345, #3429 ) ;
#330 = ORIENTED_EDGE ( 'NONE', *, *, #632, .T. ) ;
#331 = CIRCLE ( 'NONE', #218, 2.499999999999946709 ) ;
#332 = AXIS2_PLACEMENT_3D ( 'NONE', #1252, #2191, #3333 ) ;
#333 = CARTESIAN_POINT ( 'NONE',  ( 70.00000000000000000, 800.0000000000000000, -98.00000000000000000 ) ) ;
#334 = COLOUR_RGB ( '',1.000000000000000000, 1.000000000000000000, 1.000000000000000000 ) ;
#335 = CARTESIAN_POINT ( 'NONE',  ( -80.00000000000000000, 714.9999999999998863, 47.49999999999994316 ) ) ;
#336 = ORIENTED_EDGE ( 'NONE', *, *, #3316, .T. ) ;
#337 = PRODUCT ( '4GAA002120103008X_Predeterminado<As Machined>', '4GAA002120103008X_Predeterminado<As Machined>', '', ( #2532 ) ) ;
#338 = CIRCLE ( 'NONE', #222, 3.400000000000000355 ) ;
#339 = DIRECTION ( 'NONE',  ( -0.0000000000000000000, 1.000000000000000000, -0.0000000000000000000 ) ) ;
#340 = ORIENTED_EDGE ( 'NONE', *, *, #3039, .F. ) ;
#341 = DIRECTION ( 'NONE',  ( 0.0000000000000000000, 0.0000000000000000000, 1.000000000000000000 ) ) ;
#342 = AXIS2_PLACEMENT_3D ( 'NONE', #1517, #488, #864 ) ;
#343 = SURFACE_STYLE_USAGE ( .BOTH. , #910 ) ;
#344 = ORIENTED_EDGE ( 'NONE', *, *, #3492, .T. ) ;
#345 = CARTESIAN_POINT ( 'NONE',  ( -89.99999999999994316, 755.0000000000000000, 45.00000000000000000 ) ) ;
#346 = ORIENTED_EDGE ( 'NONE', *, *, #2892, .T. ) ;
#347 = CARTESIAN_POINT ( 'NONE',  ( 150.0000000000000284, 15.00000000000000000, 139.9999999999999432 ) ) ;
#348 = AXIS2_PLACEMENT_3D ( 'NONE', #1697, #3770, #2896 ) ;
#349 = VERTEX_POINT ( 'NONE', #3668 ) ;
#350 = DIRECTION ( 'NONE',  ( 1.942890293094023453E-16, -1.000000000000000000, 4.540506783096207695E-17 ) ) ;
#351 = EDGE_CURVE ( 'NONE', #3594, #3110, #1306, .T. ) ;
#352 = MECHANICAL_DESIGN_GEOMETRIC_PRESENTATION_REPRESENTATION (  '', ( #1245 ), #706 ) ;
#353 =( NAMED_UNIT ( * ) SI_UNIT ( $, .STERADIAN. ) SOLID_ANGLE_UNIT ( ) );
#354 = EDGE_LOOP ( 'NONE', ( #2964, #1997, #3090, #3613 ) ) ;
#355 = DIRECTION ( 'NONE',  ( -0.0000000000000000000, 1.000000000000000000, -0.0000000000000000000 ) ) ;
#356 = DIRECTION ( 'NONE',  ( 0.0000000000000000000, 0.0000000000000000000, 1.000000000000000000 ) ) ;
#357 = CARTESIAN_POINT ( 'NONE',  ( -150.0000000000000284, 0.0000000000000000000, -150.0000000000000000 ) ) ;
#358 = CIRCLE ( 'NONE', #3865, 2.499999999999946709 ) ;
#359 = UNCERTAINTY_MEASURE_WITH_UNIT (LENGTH_MEASURE( 1.000000000000000082E-05 ), #2872, 'distance_accuracy_value', 'NONE');
#360 = CARTESIAN_POINT ( 'NONE',  ( -80.00000000000000000, 755.0000000000000000, 42.50000000000004974 ) ) ;
#361 = DIRECTION ( 'NONE',  ( 0.0000000000000000000, 0.0000000000000000000, 1.000000000000000000 ) ) ;
#362 = VERTEX_POINT ( 'NONE', #1286 ) ;
#363 = LINE ( 'NONE', #1283, #694 ) ;
#364 = DIRECTION ( 'NONE',  ( -1.000000000000000000, -0.0000000000000000000, -0.0000000000000000000 ) ) ;
#365 = DIRECTION ( 'NONE',  ( -0.0000000000000000000, 1.000000000000000000, -0.0000000000000000000 ) ) ;
#366 = ORIENTED_EDGE ( 'NONE', *, *, #1585, .F. ) ;
#367 = DIRECTION ( 'NONE',  ( -0.0000000000000000000, 1.000000000000000000, -0.0000000000000000000 ) ) ;
#368 = AXIS2_PLACEMENT_3D ( 'NONE', #912, #2106, #2399 ) ;
#369 =( NAMED_UNIT ( * ) PLANE_ANGLE_UNIT ( ) SI_UNIT ( $, .RADIAN. ) );
#370 = AXIS2_PLACEMENT_3D ( 'NONE', #3443, #3709, #1934 ) ;
#371 = ORIENTED_EDGE ( 'NONE', *, *, #1123, .T. ) ;
#372 = LINE ( 'NONE', #3820, #2687 ) ;
#373 = ADVANCED_FACE ( 'NONE', ( #3125 ), #3458, .F. ) ;
#374 = LINE ( 'NONE', #1952, #1887 ) ;
#375 =( LENGTH_UNIT ( ) NAMED_UNIT ( * ) SI_UNIT ( .MILLI., .METRE. ) );
#376 = EDGE_CURVE ( 'NONE', #1058, #1752, #3880, .T. ) ;
#378 = ORIENTED_EDGE ( 'NONE', *, *, #1726, .F. ) ;
#377 = CARTESIAN_POINT ( 'NONE',  ( -139.9999999999999716, 15.00000000000000000, -150.0000000000000000 ) ) ;
#379 = EDGE_LOOP ( 'NONE', ( #640, #814, #3836, #3693 ) ) ;
#380 = DIRECTION ( 'NONE',  ( 7.256359638072918670E-17, 1.000000000000000000, 0.0000000000000000000 ) ) ;
#381 = VECTOR ( 'NONE', #1623, 1000.000000000000000 ) ;
#382 = LINE ( 'NONE', #2626, #611 ) ;
#383 = ORIENTED_EDGE ( 'NONE', *, *, #2336, .T. ) ;
#384 = STYLED_ITEM ( 'NONE', ( #3800 ), #2684 ) ;
#385 = ORIENTED_EDGE ( 'NONE', *, *, #2003, .T. ) ;
#386 = EDGE_CURVE ( 'NONE', #3630, #2832, #2162, .T. ) ;
#387 = CARTESIAN_POINT ( 'NONE',  ( 80.00000000000000000, 780.0000000000000000, 69.99999999999997158 ) ) ;
#388 = CARTESIAN_POINT ( 'NONE',  ( -89.99999999999994316, 714.9999999999998863, 45.00000000000000000 ) ) ;
#389 = LINE ( 'NONE', #554, #2519 ) ;
#390 = DIRECTION ( 'NONE',  ( 0.0000000000000000000, 0.0000000000000000000, 1.000000000000000000 ) ) ;
#391 = SURFACE_STYLE_USAGE ( .BOTH. , #2164 ) ;
#392 = CARTESIAN_POINT ( 'NONE',  ( 90.00000000000000000, 780.0000000000000000, 95.09999999999999432 ) ) ;
#393 = ORIENTED_EDGE ( 'NONE', *, *, #1047, .F. ) ;
#394 = ADVANCED_FACE ( 'NONE', ( #3542 ), #1077, .F. ) ;
#395 = ADVANCED_FACE ( 'NONE', ( #2940 ), #854, .F. ) ;
#396 = DIRECTION ( 'NONE',  ( 0.7071067811865475727, 0.0000000000000000000, 0.7071067811865475727 ) ) ;
#397 = ADVANCED_FACE ( 'NONE', ( #1168 ), #1402, .F. ) ;
#398 = CARTESIAN_POINT ( 'NONE',  ( -124.9999999999999716, 15.00000000000000000, 0.0000000000000000000 ) ) ;
#399 = AXIS2_PLACEMENT_3D ( 'NONE', #929, #364, #1246 ) ;
#400 = ORIENTED_EDGE ( 'NONE', *, *, #2998, .F. ) ;
#401 = DIRECTION ( 'NONE',  ( -0.0000000000000000000, 1.000000000000000000, -0.0000000000000000000 ) ) ;
#402 = DIRECTION ( 'NONE',  ( 1.850371707708594316E-16, 0.0000000000000000000, 1.000000000000000000 ) ) ;
#403 = EDGE_CURVE ( 'NONE', #2125, #1363, #3403, .T. ) ;
#404 = AXIS2_PLACEMENT_3D ( 'NONE', #2947, #529, #849 ) ;
#405 = CARTESIAN_POINT ( 'NONE',  ( 125.0000000000000568, 800.0000000000000000, -114.9999999999999858 ) ) ;
#406 = DIRECTION ( 'NONE',  ( 0.7071067811865474617, 0.0000000000000000000, -0.7071067811865474617 ) ) ;
#407 = VERTEX_POINT ( 'NONE', #487 ) ;
#408 = CARTESIAN_POINT ( 'NONE',  ( 124.9999999999999716, 15.00000000000000000, 4.938795603462354205E-17 ) ) ;
#409 = CONTEXT_DEPENDENT_SHAPE_REPRESENTATION ( #1330, #2490 ) ;
#410 = ORIENTED_EDGE ( 'NONE', *, *, #582, .F. ) ;
#411 = UNCERTAINTY_MEASURE_WITH_UNIT (LENGTH_MEASURE( 1.000000000000000082E-05 ), #2868, 'distance_accuracy_value', 'NONE');
#412 = FACE_OUTER_BOUND ( 'NONE', #3606, .T. ) ;
#413 = ORIENTED_EDGE ( 'NONE', *, *, #1928, .T. ) ;
#414 = FACE_OUTER_BOUND ( 'NONE', #2473, .T. ) ;
#415 = DIRECTION ( 'NONE',  ( 0.0000000000000000000, 0.0000000000000000000, 1.000000000000000000 ) ) ;
#416 = FACE_OUTER_BOUND ( 'NONE', #1045, .T. ) ;
#417 = AXIS2_PLACEMENT_3D ( 'NONE', #1854, #3072, #696 ) ;
#418 = ORIENTED_EDGE ( 'NONE', *, *, #3876, .T. ) ;
#419 = CARTESIAN_POINT ( 'NONE',  ( 139.9999999999999716, 0.0000000000000000000, -150.0000000000000000 ) ) ;
#420 = VERTEX_POINT ( 'NONE', #1103 ) ;
#421 = DIRECTION ( 'NONE',  ( -0.0000000000000000000, 1.000000000000000000, -0.0000000000000000000 ) ) ;
#422 = CIRCLE ( 'NONE', #1503, 2.499999999999946709 ) ;
#423 = CIRCLE ( 'NONE', #1886, 7.500000000000007105 ) ;
#424 = DIRECTION ( 'NONE',  ( -0.0000000000000000000, 1.000000000000000000, -0.0000000000000000000 ) ) ;
#425 = ORIENTED_EDGE ( 'NONE', *, *, #716, .F. ) ;
#426 = CIRCLE ( 'NONE', #1602, 4.500000000000003553 ) ;
#427 = LINE ( 'NONE', #3604, #17 ) ;
#428 = SURFACE_STYLE_FILL_AREA ( #1833 ) ;
#429 = ORIENTED_EDGE ( 'NONE', *, *, #891, .F. ) ;
#430 = ORIENTED_EDGE ( 'NONE', *, *, #996, .F. ) ;
#431 = VECTOR ( 'NONE', #1995, 1000.000000000000000 ) ;
#432 = DIRECTION ( 'NONE',  ( 1.000000000000000000, -7.256359638072918670E-17, 0.0000000000000000000 ) ) ;
#433 = ORIENTED_EDGE ( 'NONE', *, *, #1460, .T. ) ;
#434 = DIRECTION ( 'NONE',  ( 0.0000000000000000000, 0.0000000000000000000, 1.000000000000000000 ) ) ;
#435 = CIRCLE ( 'NONE', #3315, 20.00000000000000355 ) ;
#436 = EDGE_CURVE ( 'NONE', #1217, #1258, #358, .T. ) ;
#437 = CARTESIAN_POINT ( 'NONE',  ( -80.00000000000000000, 755.0000000000000000, 47.49999999999994316 ) ) ;
#438 = ORIENTED_EDGE ( 'NONE', *, *, #3305, .T. ) ;
#439 =( GEOMETRIC_REPRESENTATION_CONTEXT ( 3 ) GLOBAL_UNCERTAINTY_ASSIGNED_CONTEXT ( ( #56 ) ) GLOBAL_UNIT_ASSIGNED_CONTEXT ( ( #1247, #577, #602 ) ) REPRESENTATION_CONTEXT ( 'NONE', 'WORKASPACE' ) );
#440 = EDGE_LOOP ( 'NONE', ( #1828, #994, #1735, #1762 ) ) ;
#441 = APPLICATION_PROTOCOL_DEFINITION ( 'draft international standard', 'automotive_design', 1998, #1981 ) ;
#442 = DIRECTION ( 'NONE',  ( 1.982541115402065849E-16, 0.0000000000000000000, 1.000000000000000000 ) ) ;
#443 = PRESENTATION_LAYER_ASSIGNMENT (  '', '', ( #306 ) ) ;
#444 = CARTESIAN_POINT ( 'NONE',  ( 125.0000000000000000, 15.00000000000000000, -30.00000000000000000 ) ) ;
#445 = CARTESIAN_POINT ( 'NONE',  ( -90.00000000000000000, 800.0000000000000000, 90.00000000000000000 ) ) ;
#446 = EDGE_CURVE ( 'NONE', #2271, #2123, #539, .T. ) ;
#447 = ORIENTED_EDGE ( 'NONE', *, *, #1089, .F. ) ;
#448 = ORIENTED_EDGE ( 'NONE', *, *, #3020, .F. ) ;
#449 = VECTOR ( 'NONE', #3534, 1000.000000000000000 ) ;
#450 = CARTESIAN_POINT ( 'NONE',  ( -62.49999999999996447, 800.0000000000000000, 7.654042494670957804E-15 ) ) ;
#451 = EDGE_CURVE ( 'NONE', #3775, #2208, #3631, .T. ) ;
#452 = VERTEX_POINT ( 'NONE', #519 ) ;
#453 = CARTESIAN_POINT ( 'NONE',  ( -149.9999999999999432, -0.0009999999999992653654, -7.500000000001570299 ) ) ;
#454 = VECTOR ( 'NONE', #932, 1000.000000000000000 ) ;
#455 = LINE ( 'NONE', #387, #2358 ) ;
#456 = CARTESIAN_POINT ( 'NONE',  ( 90.00000000000000000, 800.0000000000000000, 84.90000000000000568 ) ) ;
#457 = DIRECTION ( 'NONE',  ( 0.0000000000000000000, 1.000000000000000000, 0.0000000000000000000 ) ) ;
#458 = CARTESIAN_POINT ( 'NONE',  ( 124.9999999999999716, 0.0000000000000000000, 4.499999999999990230 ) ) ;
#459 = PRESENTATION_LAYER_ASSIGNMENT (  '', '', ( #268 ) ) ;
#460 = ORIENTED_EDGE ( 'NONE', *, *, #181, .T. ) ;
#461 = DIRECTION ( 'NONE',  ( -9.912705577010326782E-17, 7.193015665311804318E-33, -1.000000000000000000 ) ) ;
#462 = EDGE_LOOP ( 'NONE', ( #2679, #956, #2969, #1543 ) ) ;
#463 = FACE_OUTER_BOUND ( 'NONE', #2553, .T. ) ;
#464 = VECTOR ( 'NONE', #604, 1000.000000000000000 ) ;
#465 = ORIENTED_EDGE ( 'NONE', *, *, #3393, .F. ) ;
#466 = LINE ( 'NONE', #3156, #1188 ) ;
#467 = FACE_OUTER_BOUND ( 'NONE', #1056, .T. ) ;
#468 = CARTESIAN_POINT ( 'NONE',  ( 124.9999999999999716, 0.0000000000000000000, -4.499999999999990230 ) ) ;
#469 = FACE_OUTER_BOUND ( 'NONE', #1666, .T. ) ;
#470 =( GEOMETRIC_REPRESENTATION_CONTEXT ( 3 ) GLOBAL_UNCERTAINTY_ASSIGNED_CONTEXT ( ( #1992 ) ) GLOBAL_UNIT_ASSIGNED_CONTEXT ( ( #375, #3068, #3054 ) ) REPRESENTATION_CONTEXT ( 'NONE', 'WORKASPACE' ) );
#471 = VERTEX_POINT ( 'NONE', #3211 ) ;
#472 = ORIENTED_EDGE ( 'NONE', *, *, #546, .T. ) ;
#473 = CYLINDRICAL_SURFACE ( 'NONE', #370, 4.499999999999990230 ) ;
#474 = ADVANCED_FACE ( 'NONE', ( #2064 ), #3729, .F. ) ;
#475 = DIRECTION ( 'NONE',  ( -7.401486830834376525E-17, -1.000000000000000000, -0.0000000000000000000 ) ) ;
#476 = ORIENTED_EDGE ( 'NONE', *, *, #1563, .F. ) ;
#477 = CARTESIAN_POINT ( 'NONE',  ( 124.9999999999999716, 15.00000000000000000, 125.0000000000000000 ) ) ;
#478 = ORIENTED_EDGE ( 'NONE', *, *, #941, .F. ) ;
#479 = DIRECTION ( 'NONE',  ( 0.0000000000000000000, 0.0000000000000000000, 1.000000000000000000 ) ) ;
#480 = CARTESIAN_POINT ( 'NONE',  ( 0.0000000000000000000, 0.0000000000000000000, 0.0000000000000000000 ) ) ;
#481 = DIRECTION ( 'NONE',  ( 7.256359638072918670E-17, 1.000000000000000000, 0.0000000000000000000 ) ) ;
#482 = ORIENTED_EDGE ( 'NONE', *, *, #1599, .F. ) ;
#483 = DIRECTION ( 'NONE',  ( 0.0000000000000000000, 0.0000000000000000000, 1.000000000000000000 ) ) ;
#484 = ORIENTED_EDGE ( 'NONE', *, *, #2416, .F. ) ;
#485 = CARTESIAN_POINT ( 'NONE',  ( -30.00000000000000000, 15.00000000000000000, -125.0000000000000000 ) ) ;
#486 = CARTESIAN_POINT ( 'NONE',  ( -149.9999999999999432, 0.0000000000000000000, -7.500000000001570299 ) ) ;
#487 = CARTESIAN_POINT ( 'NONE',  ( 124.9999999999999716, 15.00000000000000000, 132.5000000000000000 ) ) ;
#488 = DIRECTION ( 'NONE',  ( 7.256359638072918670E-17, 1.000000000000000000, 0.0000000000000000000 ) ) ;
#489 = STYLED_ITEM ( 'NONE', ( #2113 ), #373 ) ;
#490 = ADVANCED_FACE ( 'NONE', ( #1300 ), #3358, .F. ) ;
#491 = MECHANICAL_DESIGN_GEOMETRIC_PRESENTATION_REPRESENTATION (  '', ( #2848 ), #1640 ) ;
#492 = ORIENTED_EDGE ( 'NONE', *, *, #841, .F. ) ;
#493 = VECTOR ( 'NONE', #2936, 1000.000000000000000 ) ;
#494 = VERTEX_POINT ( 'NONE', #2016 ) ;
#495 = PLANE ( 'NONE',  #3388 ) ;
#496 = FACE_OUTER_BOUND ( 'NONE', #3258, .T. ) ;
#497 = CARTESIAN_POINT ( 'NONE',  ( 150.0000000000000568, 0.0000000000000000000, -7.499999999999475975 ) ) ;
#498 = DIRECTION ( 'NONE',  ( 0.0000000000000000000, 0.0000000000000000000, 1.000000000000000000 ) ) ;
#499 = VERTEX_POINT ( 'NONE', #3181 ) ;
#500 = EDGE_CURVE ( 'NONE', #1686, #362, #2587, .T. ) ;
#501 = CYLINDRICAL_SURFACE ( 'NONE', #1156, 4.500000000000003553 ) ;
#502 = DIRECTION ( 'NONE',  ( 0.7071067811865466846, 0.0000000000000000000, 0.7071067811865484609 ) ) ;
#503 = ORIENTED_EDGE ( 'NONE', *, *, #83, .T. ) ;
#504 = DIRECTION ( 'NONE',  ( 1.000000000000000000, 0.0000000000000000000, -1.850371707708594563E-16 ) ) ;
#505 = CARTESIAN_POINT ( 'NONE',  ( 69.99999999999997158, 780.0000000000000000, -69.99999999999998579 ) ) ;
#506 = ORIENTED_EDGE ( 'NONE', *, *, #2944, .T. ) ;
#507 = VECTOR ( 'NONE', #3830, 1000.000000000000000 ) ;
#508 = DIRECTION ( 'NONE',  ( -0.0000000000000000000, 1.000000000000000000, -0.0000000000000000000 ) ) ;
#509 = SURFACE_STYLE_FILL_AREA ( #3256 ) ;
#510 = EDGE_LOOP ( 'NONE', ( #2315, #1138, #664, #559 ) ) ;
#511 = SURFACE_SIDE_STYLE ('',( #3042 ) ) ;
#512 = VECTOR ( 'NONE', #3505, 1000.000000000000000 ) ;
#513 = FACE_OUTER_BOUND ( 'NONE', #1389, .T. ) ;
#514 = CIRCLE ( 'NONE', #635, 7.499999999999992895 ) ;
#515 = AXIS2_PLACEMENT_3D ( 'NONE', #453, #2579, #2869 ) ;
#516 = DIRECTION ( 'NONE',  ( 1.000000000000000000, 0.0000000000000000000, 9.912705577010326782E-17 ) ) ;
#517 = ORIENTED_EDGE ( 'NONE', *, *, #2205, .F. ) ;
#518 = EDGE_LOOP ( 'NONE', ( #2246, #3059 ) ) ;
#519 = CARTESIAN_POINT ( 'NONE',  ( -70.00000000000000000, 800.0000000000000000, 91.50000000000000000 ) ) ;
#520 = CONICAL_SURFACE ( 'NONE', #3593, 3.500000000000003109, 0.7853981633973927678 ) ;
#521 = EDGE_CURVE ( 'NONE', #937, #1801, #1591, .T. ) ;
#522 = VERTEX_POINT ( 'NONE', #1397 ) ;
#523 = DIRECTION ( 'NONE',  ( 0.0000000000000000000, 0.0000000000000000000, 1.000000000000000000 ) ) ;
#524 = CYLINDRICAL_SURFACE ( 'NONE', #2057, 3.399999999999986144 ) ;
#525 = CARTESIAN_POINT ( 'NONE',  ( 90.00000000000000000, 800.0000000000000000, 84.90000000000000568 ) ) ;
#526 = AXIS2_PLACEMENT_3D ( 'NONE', #3670, #1289, #949 ) ;
#527 = EDGE_CURVE ( 'NONE', #903, #1788, #2988, .T. ) ;
#528 = ORIENTED_EDGE ( 'NONE', *, *, #1594, .F. ) ;
#529 = DIRECTION ( 'NONE',  ( -7.256359638072918670E-17, -1.000000000000000000, -0.0000000000000000000 ) ) ;
#530 = ORIENTED_EDGE ( 'NONE', *, *, #278, .F. ) ;
#531 =( LENGTH_UNIT ( ) NAMED_UNIT ( * ) SI_UNIT ( .MILLI., .METRE. ) );
#532 = ORIENTED_EDGE ( 'NONE', *, *, #3069, .T. ) ;
#533 = CARTESIAN_POINT ( 'NONE',  ( 69.99999999999998579, 780.0000000000000000, 69.99999999999997158 ) ) ;
#534 = AXIS2_PLACEMENT_3D ( 'NONE', #1050, #2591, #1694 ) ;
#535 = DIRECTION ( 'NONE',  ( -0.0000000000000000000, 1.000000000000000000, -0.0000000000000000000 ) ) ;
#536 = ADVANCED_FACE ( 'NONE', ( #2898 ), #2350, .F. ) ;
#537 = CARTESIAN_POINT ( 'NONE',  ( 70.00000000000001421, 780.0000000000000000, 89.99999999999997158 ) ) ;
#538 = ORIENTED_EDGE ( 'NONE', *, *, #2811, .T. ) ;
#539 = LINE ( 'NONE', #1739, #449 ) ;
#540 =( GEOMETRIC_REPRESENTATION_CONTEXT ( 3 ) GLOBAL_UNCERTAINTY_ASSIGNED_CONTEXT ( ( #2574 ) ) GLOBAL_UNIT_ASSIGNED_CONTEXT ( ( #1208, #2146, #3030 ) ) REPRESENTATION_CONTEXT ( 'NONE', 'WORKASPACE' ) );
#541 =( LENGTH_UNIT ( ) NAMED_UNIT ( * ) SI_UNIT ( .MILLI., .METRE. ) );
#542 = ADVANCED_FACE ( 'NONE', ( #2766 ), #1174, .F. ) ;
#543 = ORIENTED_EDGE ( 'NONE', *, *, #436, .T. ) ;
#544 = FACE_OUTER_BOUND ( 'NONE', #1236, .T. ) ;
#545 = VECTOR ( 'NONE', #1971, 1000.000000000000000 ) ;
#546 = EDGE_CURVE ( 'NONE', #2274, #2136, #1874, .T. ) ;
#547 = CYLINDRICAL_SURFACE ( 'NONE', #526, 2.499999999999946709 ) ;
#548 = CARTESIAN_POINT ( 'NONE',  ( -69.99999999999994316, 780.0000000000000000, 80.00000000000001421 ) ) ;
#549 = EDGE_LOOP ( 'NONE', ( #708, #3677, #2516, #3666 ) ) ;
#550 = ORIENTED_EDGE ( 'NONE', *, *, #1060, .F. ) ;
#551 = CARTESIAN_POINT ( 'NONE',  ( 125.0000000000000568, 800.0000000000000000, 115.0000000000000142 ) ) ;
#552 = FACE_BOUND ( 'NONE', #2923, .T. ) ;
#553 = CARTESIAN_POINT ( 'NONE',  ( 70.00000000000001421, 780.0000000000000000, -89.99999999999998579 ) ) ;
#554 = CARTESIAN_POINT ( 'NONE',  ( 89.99999999999994316, 780.0000000000000000, -69.99999999999998579 ) ) ;
#555 = ORIENTED_EDGE ( 'NONE', *, *, #3039, .T. ) ;
#556 = DIRECTION ( 'NONE',  ( -0.7071067811865490160, 0.0000000000000000000, 0.7071067811865460184 ) ) ;
#557 = CIRCLE ( 'NONE', #332, 5.099999999999993427 ) ;
#558 = LINE ( 'NONE', #126, #2515 ) ;
#559 = ORIENTED_EDGE ( 'NONE', *, *, #1443, .F. ) ;
#560 = CIRCLE ( 'NONE', #2907, 3.399999999999986144 ) ;
#561 = CARTESIAN_POINT ( 'NONE',  ( -89.99999999999994316, 714.9999999999998863, 45.00000000000000000 ) ) ;
#562 = LINE ( 'NONE', #1339, #2082 ) ;
#563 = ORIENTED_EDGE ( 'NONE', *, *, #815, .T. ) ;
#564 = FACE_BOUND ( 'NONE', #613, .T. ) ;
#565 = LINE ( 'NONE', #1107, #3653 ) ;
#566 = ORIENTED_EDGE ( 'NONE', *, *, #2724, .F. ) ;
#567 = ORIENTED_EDGE ( 'NONE', *, *, #2875, .T. ) ;
#568 = AXIS2_PLACEMENT_3D ( 'NONE', #1716, #502, #3527 ) ;
#569 = LINE ( 'NONE', #3137, #671 ) ;
#570 = DIRECTION ( 'NONE',  ( 0.0000000000000000000, 0.0000000000000000000, 1.000000000000000000 ) ) ;
#571 = PRESENTATION_LAYER_ASSIGNMENT (  '', '', ( #1915 ) ) ;
#572 = DIRECTION ( 'NONE',  ( -1.000000000000000000, 7.434529182757750325E-17, -9.912705577010332945E-17 ) ) ;
#573 = DIRECTION ( 'NONE',  ( -0.0000000000000000000, 1.000000000000000000, -0.0000000000000000000 ) ) ;
#574 = CARTESIAN_POINT ( 'NONE',  ( -142.5000000000000568, 15.00000000000000000, -1.492608272355440021E-12 ) ) ;
#575 = EDGE_LOOP ( 'NONE', ( #340, #1474, #2041, #2976 ) ) ;
#576 = UNCERTAINTY_MEASURE_WITH_UNIT (LENGTH_MEASURE( 1.000000000000000082E-05 ), #1508, 'distance_accuracy_value', 'NONE');
#577 =( NAMED_UNIT ( * ) PLANE_ANGLE_UNIT ( ) SI_UNIT ( $, .RADIAN. ) );
#578 = DIRECTION ( 'NONE',  ( -0.0000000000000000000, 1.000000000000000000, -0.0000000000000000000 ) ) ;
#579 = CARTESIAN_POINT ( 'NONE',  ( -1.419341474236166827E-16, 15.00000000000000000, 125.0000000000000284 ) ) ;
#580 = ORIENTED_EDGE ( 'NONE', *, *, #3562, .T. ) ;
#581 = DIRECTION ( 'NONE',  ( 1.000000000000000000, 0.0000000000000000000, 0.0000000000000000000 ) ) ;
#582 = EDGE_CURVE ( 'NONE', #261, #3817, #180, .T. ) ;
#583 = EDGE_CURVE ( 'NONE', #1908, #1695, #273, .T. ) ;
#584 = DIRECTION ( 'NONE',  ( 0.0000000000000000000, 0.0000000000000000000, 1.000000000000000000 ) ) ;
#585 = DIRECTION ( 'NONE',  ( 0.0000000000000000000, 1.000000000000000000, 0.0000000000000000000 ) ) ;
#586 = DIRECTION ( 'NONE',  ( -0.0000000000000000000, 1.000000000000000000, -0.0000000000000000000 ) ) ;
#587 = EDGE_LOOP ( 'NONE', ( #1214, #3541, #260, #271 ) ) ;
#588 =( NAMED_UNIT ( * ) SI_UNIT ( $, .STERADIAN. ) SOLID_ANGLE_UNIT ( ) );
#589 = DIRECTION ( 'NONE',  ( 0.0000000000000000000, 0.0000000000000000000, 1.000000000000000000 ) ) ;
#590 = ORIENTED_EDGE ( 'NONE', *, *, #2342, .T. ) ;
#591 = FILL_AREA_STYLE ('',( #1837 ) ) ;
#592 = MECHANICAL_DESIGN_GEOMETRIC_PRESENTATION_REPRESENTATION (  '', ( #1209 ), #3803 ) ;
#593 = DIRECTION ( 'NONE',  ( 7.401486830834376525E-17, 1.000000000000000000, 0.0000000000000000000 ) ) ;
#594 = DIRECTION ( 'NONE',  ( -1.000000000000000000, 0.0000000000000000000, -0.0000000000000000000 ) ) ;
#595 = ORIENTED_EDGE ( 'NONE', *, *, #1394, .T. ) ;
#596 = SURFACE_STYLE_FILL_AREA ( #1062 ) ;
#597 = EDGE_CURVE ( 'NONE', #3058, #1665, #2110, .T. ) ;
#598 = CARTESIAN_POINT ( 'NONE',  ( -69.99999999999994316, 780.0000000000000000, 80.00000000000001421 ) ) ;
#599 = CYLINDRICAL_SURFACE ( 'NONE', #105, 3.400000000000000355 ) ;
#600 = LINE ( 'NONE', #71, #3366 ) ;
#601 = DIRECTION ( 'NONE',  ( 1.000000000000000000, -0.0000000000000000000, -0.0000000000000000000 ) ) ;
#602 =( NAMED_UNIT ( * ) SI_UNIT ( $, .STERADIAN. ) SOLID_ANGLE_UNIT ( ) );
#603 = ORIENTED_EDGE ( 'NONE', *, *, #3514, .T. ) ;
#604 = DIRECTION ( 'NONE',  ( -0.0000000000000000000, -0.0000000000000000000, 1.000000000000000000 ) ) ;
#605 = FILL_AREA_STYLE_COLOUR ( '', #2119 ) ;
#606 = ORIENTED_EDGE ( 'NONE', *, *, #2665, .F. ) ;
#607 = AXIS2_PLACEMENT_3D ( 'NONE', #236, #2661, #3841 ) ;
#608 = CARTESIAN_POINT ( 'NONE',  ( 124.9999999999999716, 0.0000000000000000000, 4.938795603462354205E-17 ) ) ;
#609 = CYLINDRICAL_SURFACE ( 'NONE', #1540, 5.099999999999993427 ) ;
#610 = EDGE_LOOP ( 'NONE', ( #901, #1730 ) ) ;
#611 = VECTOR ( 'NONE', #3804, 1000.000000000000000 ) ;
#612 = LINE ( 'NONE', #2538, #2920 ) ;
#613 = EDGE_LOOP ( 'NONE', ( #3741, #3200 ) ) ;
#614 = VERTEX_POINT ( 'NONE', #1817 ) ;
#615 = CIRCLE ( 'NONE', #2486, 75.00000000000001421 ) ;
#616 = CIRCLE ( 'NONE', #2544, 4.500000000000003553 ) ;
#617 = SURFACE_STYLE_USAGE ( .BOTH. , #2431 ) ;
#618 = AXIS2_PLACEMENT_3D ( 'NONE', #3462, #2886, #1682 ) ;
#619 = EDGE_LOOP ( 'NONE', ( #1990, #1337, #1271, #3622, #2362, #1135, #2165, #136 ) ) ;
#620 = ORIENTED_EDGE ( 'NONE', *, *, #309, .T. ) ;
#621 = CARTESIAN_POINT ( 'NONE',  ( -150.0000000000000284, 15.00000000000000000, -150.0000000000000000 ) ) ;
#622 = DIRECTION ( 'NONE',  ( 0.0000000000000000000, 1.000000000000000000, 0.0000000000000000000 ) ) ;
#623 = SURFACE_STYLE_USAGE ( .BOTH. , #1560 ) ;
#624 = VERTEX_POINT ( 'NONE', #22 ) ;
#625 = ADVANCED_FACE ( 'NONE', ( #2815 ), #3304, .F. ) ;
#626 = EDGE_CURVE ( 'NONE', #3224, #277, #930, .T. ) ;
#627 = CARTESIAN_POINT ( 'NONE',  ( 124.9999999999999716, 0.0000000000000000000, -125.0000000000000000 ) ) ;
#628 = DIRECTION ( 'NONE',  ( -0.0000000000000000000, 1.000000000000000000, -0.0000000000000000000 ) ) ;
#629 = CARTESIAN_POINT ( 'NONE',  ( -124.9999999999999716, 15.00000000000000000, -125.0000000000000000 ) ) ;
#630 = AXIS2_PLACEMENT_3D ( 'NONE', #3772, #3763, #749 ) ;
#631 =( NAMED_UNIT ( * ) PLANE_ANGLE_UNIT ( ) SI_UNIT ( $, .RADIAN. ) );
#632 = EDGE_CURVE ( 'NONE', #50, #2854, #2537, .T. ) ;
#633 = EDGE_CURVE ( 'NONE', #1266, #3189, #3605, .T. ) ;
#634 =( NAMED_UNIT ( * ) PLANE_ANGLE_UNIT ( ) SI_UNIT ( $, .RADIAN. ) );
#635 = AXIS2_PLACEMENT_3D ( 'NONE', #3297, #628, #589 ) ;
#636 = CARTESIAN_POINT ( 'NONE',  ( -80.00000000000000000, 755.0000000000000000, -42.50000000000004974 ) ) ;
#637 = ORIENTED_EDGE ( 'NONE', *, *, #1212, .F. ) ;
#638 = LINE ( 'NONE', #3045, #2496 ) ;
#639 = DIRECTION ( 'NONE',  ( -1.000000000000000000, 8.673617379884036705E-17, 0.0000000000000000000 ) ) ;
#640 = ORIENTED_EDGE ( 'NONE', *, *, #2355, .T. ) ;
#641 = AXIS2_PLACEMENT_3D ( 'NONE', #3389, #424, #1600 ) ;
#643 = LINE ( 'NONE', #2066, #2547 ) ;
#642 = DIRECTION ( 'NONE',  ( -0.0000000000000000000, 1.000000000000000000, -0.0000000000000000000 ) ) ;
#644 = DIRECTION ( 'NONE',  ( -0.7071067811865474617, 0.0000000000000000000, 0.7071067811865474617 ) ) ;
#645 = ADVANCED_FACE ( 'NONE', ( #2831 ), #2986, .T. ) ;
#646 = VECTOR ( 'NONE', #2266, 1000.000000000000000 ) ;
#647 = FACE_BOUND ( 'NONE', #1946, .T. ) ;
#648 = UNCERTAINTY_MEASURE_WITH_UNIT (LENGTH_MEASURE( 1.000000000000000082E-05 ), #1113, 'distance_accuracy_value', 'NONE');
#649 = DIRECTION ( 'NONE',  ( -0.7071067811865474617, 0.0000000000000000000, -0.7071067811865474617 ) ) ;
#650 = VERTEX_POINT ( 'NONE', #3285 ) ;
#651 = CARTESIAN_POINT ( 'NONE',  ( -89.99999999999994316, 755.0000000000000000, 42.50000000000004974 ) ) ;
#652 = EDGE_CURVE ( 'NONE', #3396, #3488, #2736, .T. ) ;
#653 = SURFACE_SIDE_STYLE ('',( #1323 ) ) ;
#654 = FACE_BOUND ( 'NONE', #3435, .T. ) ;
#655 = EDGE_LOOP ( 'NONE', ( #1470, #2596 ) ) ;
#656 = CARTESIAN_POINT ( 'NONE',  ( 0.0000000000000000000, 15.00000000000000000, -125.0000000000000000 ) ) ;
#657 = LINE ( 'NONE', #2676, #1039 ) ;
#658 = ADVANCED_FACE ( 'NONE', ( #2371 ), #1458, .F. ) ;
#659 = VERTEX_POINT ( 'NONE', #2180 ) ;
#660 = MECHANICAL_DESIGN_GEOMETRIC_PRESENTATION_REPRESENTATION (  '', ( #940 ), #2565 ) ;
#661 = EDGE_CURVE ( 'NONE', #962, #3396, #2078, .T. ) ;
#662 = DIRECTION ( 'NONE',  ( -1.000000000000000000, -0.0000000000000000000, -0.0000000000000000000 ) ) ;
#663 = ORIENTED_EDGE ( 'NONE', *, *, #2138, .T. ) ;
#664 = ORIENTED_EDGE ( 'NONE', *, *, #988, .T. ) ;
#665 = FACE_BOUND ( 'NONE', #1414, .T. ) ;
#666 = VECTOR ( 'NONE', #3752, 999.9999999999998863 ) ;
#667 = VECTOR ( 'NONE', #759, 1000.000000000000000 ) ;
#668 = DIRECTION ( 'NONE',  ( -1.000000000000000000, 0.0000000000000000000, 0.0000000000000000000 ) ) ;
#669 = CARTESIAN_POINT ( 'NONE',  ( -150.0000000000000284, 0.0000000000000000000, -139.9999999999999432 ) ) ;
#670 = VERTEX_POINT ( 'NONE', #1583 ) ;
#671 = VECTOR ( 'NONE', #112, 1000.000000000000000 ) ;
#672 = AXIS2_PLACEMENT_3D ( 'NONE', #3660, #380, #1885 ) ;
#673 = VERTEX_POINT ( 'NONE', #669 ) ;
#674 = DIRECTION ( 'NONE',  ( -1.000000000000000000, -0.0000000000000000000, -0.0000000000000000000 ) ) ;
#675 = EDGE_CURVE ( 'NONE', #3107, #2884, #1273, .T. ) ;
#676 = AXIS2_PLACEMENT_3D ( 'NONE', #1435, #3571, #3228 ) ;
#677 = DIRECTION ( 'NONE',  ( 7.256359638072918670E-17, 1.000000000000000000, 0.0000000000000000000 ) ) ;
#678 = EDGE_LOOP ( 'NONE', ( #3592, #2987, #7, #2194 ) ) ;
#679 = DIRECTION ( 'NONE',  ( -0.0000000000000000000, 1.000000000000000000, -0.0000000000000000000 ) ) ;
#680 = DIRECTION ( 'NONE',  ( -0.0000000000000000000, 1.000000000000000000, -0.0000000000000000000 ) ) ;
#681 = CARTESIAN_POINT ( 'NONE',  ( 69.99999999999994316, 14.99999999999999467, 69.99999999999997158 ) ) ;
#682 = EDGE_LOOP ( 'NONE', ( #1132, #1769, #2091, #2644 ) ) ;
#683 = DIRECTION ( 'NONE',  ( 1.000000000000000000, 0.0000000000000000000, 0.0000000000000000000 ) ) ;
#684 = CARTESIAN_POINT ( 'NONE',  ( 90.00000000000000000, 780.0000000000000000, 90.00000000000000000 ) ) ;
#685 = CARTESIAN_POINT ( 'NONE',  ( -80.00000000000000000, 755.0000000000000000, 45.00000000000000000 ) ) ;
#686 = ADVANCED_FACE ( 'NONE', ( #2557 ), #1420, .F. ) ;
#687 = ADVANCED_FACE ( 'NONE', ( #1655 ), #609, .F. ) ;
#688 = VERTEX_POINT ( 'NONE', #1533 ) ;
#689 = SHAPE_REPRESENTATION ( '4GAA002120103008X', ( #1142, #3811 ), #3494 ) ;
#690 = SHAPE_DEFINITION_REPRESENTATION ( #2360, #3023 ) ;
#691 = SURFACE_SIDE_STYLE ('',( #300 ) ) ;
#692 = CARTESIAN_POINT ( 'NONE',  ( -124.9999999999999716, 15.00000000000000000, 132.5000000000000000 ) ) ;
#693 = ORIENTED_EDGE ( 'NONE', *, *, #3471, .F. ) ;
#694 = VECTOR ( 'NONE', #355, 1000.000000000000000 ) ;
#695 = EDGE_LOOP ( 'NONE', ( #258, #3070, #3501, #1269 ) ) ;
#696 = DIRECTION ( 'NONE',  ( 0.0000000000000000000, 0.0000000000000000000, 1.000000000000000000 ) ) ;
#697 = FACE_BOUND ( 'NONE', #3086, .T. ) ;
#698 = CARTESIAN_POINT ( 'NONE',  ( -150.0000000000000284, 0.0000000000000000000, -150.0000000000000000 ) ) ;
#699 = PRESENTATION_LAYER_ASSIGNMENT (  '', '', ( #489 ) ) ;
#700 = DIRECTION ( 'NONE',  ( 7.401486830834376525E-17, 1.000000000000000000, 0.0000000000000000000 ) ) ;
#701 = CARTESIAN_POINT ( 'NONE',  ( -149.9999999999999716, 15.00000000000000000, 150.0000000000000000 ) ) ;
#702 = ORIENTED_EDGE ( 'NONE', *, *, #1303, .T. ) ;
#703 = FACE_OUTER_BOUND ( 'NONE', #3134, .T. ) ;
#704 = EDGE_CURVE ( 'NONE', #2123, #1153, #52, .T. ) ;
#705 = ORIENTED_EDGE ( 'NONE', *, *, #3731, .T. ) ;
#706 =( GEOMETRIC_REPRESENTATION_CONTEXT ( 3 ) GLOBAL_UNCERTAINTY_ASSIGNED_CONTEXT ( ( #576 ) ) GLOBAL_UNIT_ASSIGNED_CONTEXT ( ( #1508, #892, #2369 ) ) REPRESENTATION_CONTEXT ( 'NONE', 'WORKASPACE' ) );
#707 = ADVANCED_FACE ( 'NONE', ( #3842 ), #2429, .F. ) ;
#708 = ORIENTED_EDGE ( 'NONE', *, *, #2875, .F. ) ;
#709 = DIRECTION ( 'NONE',  ( 0.0000000000000000000, 1.000000000000000000, 0.0000000000000000000 ) ) ;
#710 = ADVANCED_FACE ( 'NONE', ( #3695 ), #2511, .F. ) ;
#711 = FACE_OUTER_BOUND ( 'NONE', #2038, .T. ) ;
#712 = PRESENTATION_STYLE_ASSIGNMENT (( #2211 ) ) ;
#713 = DIRECTION ( 'NONE',  ( 0.0000000000000000000, 1.000000000000000000, 0.0000000000000000000 ) ) ;
#714 = ORIENTED_EDGE ( 'NONE', *, *, #256, .F. ) ;
#715 = ORIENTED_EDGE ( 'NONE', *, *, #403, .F. ) ;
#716 = EDGE_CURVE ( 'NONE', #3594, #3639, #329, .T. ) ;
#717 = CARTESIAN_POINT ( 'NONE',  ( -69.99999999999998579, 780.0000000000000000, 69.99999999999998579 ) ) ;
#718 = LINE ( 'NONE', #1057, #2789 ) ;
#719 = CARTESIAN_POINT ( 'NONE',  ( 7.500000000000000000, -0.0009999999999992653654, -150.0000000000000284 ) ) ;
#720 = VECTOR ( 'NONE', #3493, 1000.000000000000000 ) ;
#721 = SURFACE_SIDE_STYLE ('',( #90 ) ) ;
#722 = AXIS2_PLACEMENT_3D ( 'NONE', #1321, #1063, #131 ) ;
#723 = CARTESIAN_POINT ( 'NONE',  ( 90.00000000000000000, 800.0000000000000000, 90.00000000000000000 ) ) ;
#724 = ADVANCED_FACE ( 'NONE', ( #1040, #2959, #1137, #1843, #243 ), #3123, .T. ) ;
#725 = CARTESIAN_POINT ( 'NONE',  ( 7.500000000000000000, 15.00000000000000000, -150.0000000000000284 ) ) ;
#726 = CARTESIAN_POINT ( 'NONE',  ( 79.99999999999997158, 780.0000000000000000, -69.99999999999998579 ) ) ;
#727 = AXIS2_PLACEMENT_3D ( 'NONE', #3790, #2018, #217 ) ;
#728 = ORIENTED_EDGE ( 'NONE', *, *, #446, .T. ) ;
#729 = DIRECTION ( 'NONE',  ( -0.0000000000000000000, 1.000000000000000000, -0.0000000000000000000 ) ) ;
#730 = DIRECTION ( 'NONE',  ( 0.0000000000000000000, 0.0000000000000000000, 1.000000000000000000 ) ) ;
#731 = DIRECTION ( 'NONE',  ( 0.0000000000000000000, 0.0000000000000000000, -1.000000000000000000 ) ) ;
#732 =( LENGTH_UNIT ( ) NAMED_UNIT ( * ) SI_UNIT ( .MILLI., .METRE. ) );
#733 = EDGE_CURVE ( 'NONE', #624, #32, #2273, .T. ) ;
#734 = AXIS2_PLACEMENT_3D ( 'NONE', #1751, #2055, #3826 ) ;
#735 = CARTESIAN_POINT ( 'NONE',  ( 30.00000000000000000, 15.00000000000000000, 121.6000000000000512 ) ) ;
#736 = ORIENTED_EDGE ( 'NONE', *, *, #3514, .F. ) ;
#737 = EDGE_CURVE ( 'NONE', #117, #1220, #1368, .T. ) ;
#738 = DIRECTION ( 'NONE',  ( 0.0000000000000000000, 0.0000000000000000000, 1.000000000000000000 ) ) ;
#739 = ORIENTED_EDGE ( 'NONE', *, *, #921, .T. ) ;
#740 = CARTESIAN_POINT ( 'NONE',  ( 70.00000000000000000, 800.0000000000000000, -95.00000000000000000 ) ) ;
#741 = DIRECTION ( 'NONE',  ( -0.0000000000000000000, 1.000000000000000000, -0.0000000000000000000 ) ) ;
#742 = AXIS2_PLACEMENT_3D ( 'NONE', #822, #1734, #3813 ) ;
#743 = LINE ( 'NONE', #1203, #3822 ) ;
#744 = EDGE_CURVE ( 'NONE', #2278, #1795, #558, .T. ) ;
#745 = ORIENTED_EDGE ( 'NONE', *, *, #1876, .F. ) ;
#746 = FILL_AREA_STYLE ('',( #1352 ) ) ;
#747 = VECTOR ( 'NONE', #3240, 1000.000000000000000 ) ;
#748 = LINE ( 'NONE', #3647, #2590 ) ;
#749 = DIRECTION ( 'NONE',  ( 0.0000000000000000000, 0.0000000000000000000, 1.000000000000000000 ) ) ;
#750 = VECTOR ( 'NONE', #2978, 1000.000000000000000 ) ;
#751 = AXIS2_PLACEMENT_3D ( 'NONE', #3395, #3127, #2240 ) ;
#752 = ORIENTED_EDGE ( 'NONE', *, *, #853, .F. ) ;
#753 = PRESENTATION_STYLE_ASSIGNMENT (( #343 ) ) ;
#754 = FACE_BOUND ( 'NONE', #1936, .T. ) ;
#755 = ORIENTED_EDGE ( 'NONE', *, *, #64, .F. ) ;
#756 = CARTESIAN_POINT ( 'NONE',  ( 7.499999999998951949, 15.00000000000000000, 150.0000000000000853 ) ) ;
#757 = CIRCLE ( 'NONE', #1280, 75.00000000000001421 ) ;
#758 = DIRECTION ( 'NONE',  ( 0.7071067811865484609, -0.0000000000000000000, 0.7071067811865465735 ) ) ;
#759 = DIRECTION ( 'NONE',  ( -0.0000000000000000000, 1.000000000000000000, -0.0000000000000000000 ) ) ;
#760 = ORIENTED_EDGE ( 'NONE', *, *, #3114, .T. ) ;
#761 = FACE_OUTER_BOUND ( 'NONE', #3287, .T. ) ;
#762 = SURFACE_STYLE_FILL_AREA ( #1073 ) ;
#763 = ADVANCED_FACE ( 'NONE', ( #1706 ), #3564, .F. ) ;
#764 = ORIENTED_EDGE ( 'NONE', *, *, #2617, .F. ) ;
#765 = EDGE_CURVE ( 'NONE', #1468, #1041, #908, .T. ) ;
#766 = CARTESIAN_POINT ( 'NONE',  ( 5.000000000000031974, 15.00000000000000000, 294.9999999999999432 ) ) ;
#767 = MECHANICAL_DESIGN_GEOMETRIC_PRESENTATION_REPRESENTATION (  '', ( #2659 ), #989 ) ;
#768 = DIRECTION ( 'NONE',  ( 0.0000000000000000000, 0.0000000000000000000, 1.000000000000000000 ) ) ;
#769 = LINE ( 'NONE', #3249, #2281 ) ;
#770 = LINE ( 'NONE', #2598, #666 ) ;
#771 = CARTESIAN_POINT ( 'NONE',  ( -30.00000000000000000, 0.0000000000000000000, -128.3999999999999773 ) ) ;
#772 = ORIENTED_EDGE ( 'NONE', *, *, #3144, .F. ) ;
#773 = ORIENTED_EDGE ( 'NONE', *, *, #971, .T. ) ;
#774 = CARTESIAN_POINT ( 'NONE',  ( -89.99999999999997158, 780.0000000000000000, -69.99999999999998579 ) ) ;
#775 = AXIS2_PLACEMENT_3D ( 'NONE', #2007, #3748, #1354 ) ;
#776 = FILL_AREA_STYLE_COLOUR ( '', #1785 ) ;
#777 = DIRECTION ( 'NONE',  ( 0.0000000000000000000, 0.0000000000000000000, 1.000000000000000000 ) ) ;
#778 = ORIENTED_EDGE ( 'NONE', *, *, #3607, .T. ) ;
#779 = DIRECTION ( 'NONE',  ( 0.0000000000000000000, 0.0000000000000000000, 1.000000000000000000 ) ) ;
#780 = ORIENTED_EDGE ( 'NONE', *, *, #2507, .F. ) ;
#781 = DIRECTION ( 'NONE',  ( 1.000000000000000000, 0.0000000000000000000, 0.0000000000000000000 ) ) ;
#782 = ORIENTED_EDGE ( 'NONE', *, *, #3176, .F. ) ;
#783 = FILL_AREA_STYLE_COLOUR ( '', #2237 ) ;
#784 = AXIS2_PLACEMENT_3D ( 'NONE', #2079, #3579, #594 ) ;
#785 = MECHANICAL_DESIGN_GEOMETRIC_PRESENTATION_REPRESENTATION (  '', ( #1915 ), #1307 ) ;
#786 = DIRECTION ( 'NONE',  ( -0.0000000000000000000, 1.000000000000000000, -0.0000000000000000000 ) ) ;
#787 = EDGE_CURVE ( 'NONE', #3288, #978, #1989, .T. ) ;
#788 = AXIS2_PLACEMENT_3D ( 'NONE', #1189, #2394, #3583 ) ;
#789 = VERTEX_POINT ( 'NONE', #3721 ) ;
#790 = DIRECTION ( 'NONE',  ( -0.0000000000000000000, 1.000000000000000000, -0.0000000000000000000 ) ) ;
#791 = ORIENTED_EDGE ( 'NONE', *, *, #3789, .F. ) ;
#792 = VECTOR ( 'NONE', #881, 1000.000000000000000 ) ;
#793 = CARTESIAN_POINT ( 'NONE',  ( 124.9999999999999716, 0.0000000000000000000, 132.5000000000000000 ) ) ;
#794 = AXIS2_PLACEMENT_3D ( 'NONE', #1525, #1479, #890 ) ;
#795 = EDGE_CURVE ( 'NONE', #1940, #1665, #108, .T. ) ;
#796 = SURFACE_SIDE_STYLE ('',( #3773 ) ) ;
#797 = EDGE_LOOP ( 'NONE', ( #1148, #745, #3009, #74 ) ) ;
#798 = VECTOR ( 'NONE', #3326, 1000.000000000000000 ) ;
#799 = CARTESIAN_POINT ( 'NONE',  ( 0.0000000000000000000, 0.0000000000000000000, -125.0000000000000000 ) ) ;
#800 = CARTESIAN_POINT ( 'NONE',  ( 149.9999999999999716, 0.0000000000000000000, -150.0000000000000000 ) ) ;
#801 = ORIENTED_EDGE ( 'NONE', *, *, #2528, .F. ) ;
#802 = FACE_OUTER_BOUND ( 'NONE', #2723, .T. ) ;
#803 = CARTESIAN_POINT ( 'NONE',  ( 90.00000000000000000, 800.0000000000000000, -90.00000000000000000 ) ) ;
#805 = ORIENTED_EDGE ( 'NONE', *, *, #92, .T. ) ;
#804 = CARTESIAN_POINT ( 'NONE',  ( 3.519498277747516086E-14, 800.0000000000000000, 0.0000000000000000000 ) ) ;
#806 = CARTESIAN_POINT ( 'NONE',  ( -124.9999999999999716, 0.0000000000000000000, 33.39999999999999858 ) ) ;
#807 = FACE_OUTER_BOUND ( 'NONE', #1355, .T. ) ;
#808 = FACE_OUTER_BOUND ( 'NONE', #2089, .T. ) ;
#809 = VECTOR ( 'NONE', #2770, 1000.000000000000000 ) ;
#810 = DIRECTION ( 'NONE',  ( -1.000000000000000000, 7.256359638072919902E-17, 1.982541115402065849E-16 ) ) ;
#811 = ORIENTED_EDGE ( 'NONE', *, *, #2487, .T. ) ;
#812 = CARTESIAN_POINT ( 'NONE',  ( -124.9999999999999716, 15.00000000000000000, 0.0000000000000000000 ) ) ;
#813 = CIRCLE ( 'NONE', #129, 5.099999999999993427 ) ;
#814 = ORIENTED_EDGE ( 'NONE', *, *, #2930, .T. ) ;
#815 = EDGE_CURVE ( 'NONE', #1426, #2005, #1464, .T. ) ;
#816 = CIRCLE ( 'NONE', #2370, 4.499999999999990230 ) ;
#817 = CARTESIAN_POINT ( 'NONE',  ( 90.00000000000000000, 800.0000000000000000, -90.00000000000000000 ) ) ;
#818 = CARTESIAN_POINT ( 'NONE',  ( -80.00000000000000000, 755.0000000000000000, 45.00000000000000000 ) ) ;
#819 = VECTOR ( 'NONE', #119, 1000.000000000000114 ) ;
#820 = ORIENTED_EDGE ( 'NONE', *, *, #3716, .T. ) ;
#821 = CIRCLE ( 'NONE', #3004, 2.499999999999946709 ) ;
#822 = CARTESIAN_POINT ( 'NONE',  ( 125.0000000000000568, 800.0000000000000000, 115.0000000000000142 ) ) ;
#823 = DIRECTION ( 'NONE',  ( -0.0000000000000000000, 1.000000000000000000, -0.0000000000000000000 ) ) ;
#824 = DIRECTION ( 'NONE',  ( 0.0000000000000000000, 0.0000000000000000000, 1.000000000000000000 ) ) ;
#825 = ADVANCED_FACE ( 'NONE', ( #3196, #1701, #2597, #2604, #2509, #198, #2782, #1179, #564, #3651, #665, #1377, #101, #1893 ), #1012, .T. ) ;
#826 = AXIS2_PLACEMENT_3D ( 'NONE', #116, #3115, #1910 ) ;
#827 = DIRECTION ( 'NONE',  ( 1.000000000000000000, 0.0000000000000000000, 0.0000000000000000000 ) ) ;
#828 = ORIENTED_EDGE ( 'NONE', *, *, #1480, .T. ) ;
#829 = SURFACE_SIDE_STYLE ('',( #164 ) ) ;
#830 = UNCERTAINTY_MEASURE_WITH_UNIT (LENGTH_MEASURE( 1.000000000000000082E-05 ), #3576, 'distance_accuracy_value', 'NONE');
#831 = AXIS2_PLACEMENT_3D ( 'NONE', #154, #2855, #1043 ) ;
#832 = CARTESIAN_POINT ( 'NONE',  ( 142.5000000000000568, 15.00000000000000000, 4.975360907851466735E-13 ) ) ;
#833 = VERTEX_POINT ( 'NONE', #2548 ) ;
#834 = SURFACE_STYLE_USAGE ( .BOTH. , #511 ) ;
#835 = CARTESIAN_POINT ( 'NONE',  ( 150.0000000000000568, 15.00000000000000000, -7.499999999999475975 ) ) ;
#836 = DIRECTION ( 'NONE',  ( 0.0000000000000000000, 0.0000000000000000000, 1.000000000000000000 ) ) ;
#837 = DIRECTION ( 'NONE',  ( -0.0000000000000000000, 1.000000000000000000, -0.0000000000000000000 ) ) ;
#838 = CARTESIAN_POINT ( 'NONE',  ( 30.00000000000000000, 0.0000000000000000000, 125.0000000000000568 ) ) ;
#839 = ORIENTED_EDGE ( 'NONE', *, *, #3334, .T. ) ;
#840 = DIRECTION ( 'NONE',  ( 1.000000000000000000, 0.0000000000000000000, 0.0000000000000000000 ) ) ;
#841 = EDGE_CURVE ( 'NONE', #670, #3463, #2688, .T. ) ;
#842 = AXIS2_PLACEMENT_3D ( 'NONE', #812, #2640, #479 ) ;
#843 = ORIENTED_EDGE ( 'NONE', *, *, #3591, .F. ) ;
#844 = CARTESIAN_POINT ( 'NONE',  ( 70.00000000000000000, 780.0000000000000000, -95.00000000000000000 ) ) ;
#845 = SURFACE_STYLE_FILL_AREA ( #1520 ) ;
#846 = VECTOR ( 'NONE', #1274, 1000.000000000000000 ) ;
#847 = CARTESIAN_POINT ( 'NONE',  ( -80.00000000000000000, 780.0000000000000000, -69.99999999999998579 ) ) ;
#848 = EDGE_LOOP ( 'NONE', ( #3483, #1331, #3812, #3413 ) ) ;
#849 = DIRECTION ( 'NONE',  ( 1.000000000000000000, 0.0000000000000000000, 0.0000000000000000000 ) ) ;
#850 = DIRECTION ( 'NONE',  ( -0.0000000000000000000, -1.000000000000000000, -0.0000000000000000000 ) ) ;
#851 = EDGE_CURVE ( 'NONE', #3484, #2430, #374, .T. ) ;
#852 = LINE ( 'NONE', #2457, #3690 ) ;
#853 = EDGE_CURVE ( 'NONE', #1468, #3024, #3373, .T. ) ;
#854 = PLANE ( 'NONE',  #568 ) ;
#855 = VERTEX_POINT ( 'NONE', #1595 ) ;
#856 = CARTESIAN_POINT ( 'NONE',  ( 142.5000000000000568, 0.0000000000000000000, 4.975360907851466735E-13 ) ) ;
#857 = AXIS2_PLACEMENT_3D ( 'NONE', #408, #1348, #434 ) ;
#858 = VERTEX_POINT ( 'NONE', #95 ) ;
#859 = FACE_BOUND ( 'NONE', #3454, .T. ) ;
#860 = DIRECTION ( 'NONE',  ( -1.000000000000000000, 0.0000000000000000000, 0.0000000000000000000 ) ) ;
#861 = DIRECTION ( 'NONE',  ( 7.256359638072918670E-17, 1.000000000000000000, 0.0000000000000000000 ) ) ;
#862 = CYLINDRICAL_SURFACE ( 'NONE', #1434, 2.499999999999946709 ) ;
#863 = ORIENTED_EDGE ( 'NONE', *, *, #1415, .T. ) ;
#864 = DIRECTION ( 'NONE',  ( -1.000000000000000000, 0.0000000000000000000, 0.0000000000000000000 ) ) ;
#865 = VECTOR ( 'NONE', #2168, 1000.000000000000000 ) ;
#866 = STYLED_ITEM ( 'NONE', ( #1453 ), #27 ) ;
#867 = CARTESIAN_POINT ( 'NONE',  ( -70.00000000000004263, 15.00000000000000533, -69.99999999999998579 ) ) ;
#868 = VERTEX_POINT ( 'NONE', #392 ) ;
#869 = ORIENTED_EDGE ( 'NONE', *, *, #2558, .T. ) ;
#870 = CARTESIAN_POINT ( 'NONE',  ( -114.9999999999999432, 800.0000000000000000, -124.9999999999999432 ) ) ;
#871 = FACE_OUTER_BOUND ( 'NONE', #2731, .T. ) ;
#872 = EDGE_CURVE ( 'NONE', #2662, #2512, #3060, .T. ) ;
#873 = VERTEX_POINT ( 'NONE', #3077 ) ;
#874 = FILL_AREA_STYLE_COLOUR ( '', #2272 ) ;
#875 = ORIENTED_EDGE ( 'NONE', *, *, #1165, .T. ) ;
#876 = DIRECTION ( 'NONE',  ( 0.0000000000000000000, 0.0000000000000000000, 1.000000000000000000 ) ) ;
#877 = CARTESIAN_POINT ( 'NONE',  ( 0.0000000000000000000, 15.00000000000000000, -125.0000000000000000 ) ) ;
#878 = AXIS2_PLACEMENT_3D ( 'NONE', #1532, #1842, #3359 ) ;
#879 = EDGE_CURVE ( 'NONE', #833, #2589, #2184, .T. ) ;
#880 = EDGE_LOOP ( 'NONE', ( #1369, #3819 ) ) ;
#881 = DIRECTION ( 'NONE',  ( 0.7071067811865536790, 0.0000000000000000000, -0.7071067811865414665 ) ) ;
#882 = VERTEX_POINT ( 'NONE', #377 ) ;
#883 = DIRECTION ( 'NONE',  ( 0.0000000000000000000, 0.0000000000000000000, 1.000000000000000000 ) ) ;
#884 = MECHANICAL_DESIGN_GEOMETRIC_PRESENTATION_REPRESENTATION (  '', ( #268 ), #1078 ) ;
#885 = SURFACE_SIDE_STYLE ('',( #946 ) ) ;
#886 = CARTESIAN_POINT ( 'NONE',  ( -70.00000000000000000, 800.0000000000000000, 98.50000000000000000 ) ) ;
#887 = AXIS2_PLACEMENT_3D ( 'NONE', #2667, #270, #3247 ) ;
#888 = CARTESIAN_POINT ( 'NONE',  ( -90.00000000000000000, 780.0000000000000000, -90.00000000000000000 ) ) ;
#889 = VERTEX_POINT ( 'NONE', #1082 ) ;
#890 = DIRECTION ( 'NONE',  ( 0.0000000000000000000, 0.0000000000000000000, 1.000000000000000000 ) ) ;
#891 = EDGE_CURVE ( 'NONE', #1576, #3463, #2880, .T. ) ;
#892 =( NAMED_UNIT ( * ) PLANE_ANGLE_UNIT ( ) SI_UNIT ( $, .RADIAN. ) );
#893 = DIRECTION ( 'NONE',  ( -0.7071067811865536790, -0.0000000000000000000, 0.7071067811865414665 ) ) ;
#894 = ORIENTED_EDGE ( 'NONE', *, *, #1749, .F. ) ;
#895 = LINE ( 'NONE', #333, #798 ) ;
#897 = ORIENTED_EDGE ( 'NONE', *, *, #1693, .T. ) ;
#896 = CARTESIAN_POINT ( 'NONE',  ( 90.00000000000000000, 800.0000000000000000, 95.09999999999999432 ) ) ;
#898 = PLANE ( 'NONE',  #368 ) ;
#899 = DIRECTION ( 'NONE',  ( 1.000000000000000000, 0.0000000000000000000, 0.0000000000000000000 ) ) ;
#900 = DIRECTION ( 'NONE',  ( -0.7071067811865489050, 0.0000000000000000000, -0.7071067811865461294 ) ) ;
#901 = ORIENTED_EDGE ( 'NONE', *, *, #2507, .T. ) ;
#902 = CIRCLE ( 'NONE', #169, 75.00000000000001421 ) ;
#903 = VERTEX_POINT ( 'NONE', #1964 ) ;
#904 = DIRECTION ( 'NONE',  ( -1.000000000000000000, -0.0000000000000000000, -0.0000000000000000000 ) ) ;
#905 = LINE ( 'NONE', #3856, #507 ) ;
#906 = DIRECTION ( 'NONE',  ( -0.0000000000000000000, 1.000000000000000000, -0.0000000000000000000 ) ) ;
#907 = VERTEX_POINT ( 'NONE', #1713 ) ;
#908 = CIRCLE ( 'NONE', #2108, 3.399999999999986144 ) ;
#909 = VECTOR ( 'NONE', #2015, 1000.000000000000114 ) ;
#910 = SURFACE_SIDE_STYLE ('',( #2365 ) ) ;
#911 = DIRECTION ( 'NONE',  ( 0.0000000000000000000, 0.0000000000000000000, 1.000000000000000000 ) ) ;
#912 = CARTESIAN_POINT ( 'NONE',  ( -70.00000000000004263, 15.00000000000000533, 69.99999999999998579 ) ) ;
#913 = VERTEX_POINT ( 'NONE', #2256 ) ;
#914 = ORIENTED_EDGE ( 'NONE', *, *, #312, .F. ) ;
#915 = AXIS2_PLACEMENT_3D ( 'NONE', #107, #1322, #1630 ) ;
#916 = VECTOR ( 'NONE', #572, 1000.000000000000000 ) ;
#917 = AXIS2_PLACEMENT_3D ( 'NONE', #3530, #3840, #2063 ) ;
#918 = CARTESIAN_POINT ( 'NONE',  ( 69.99999999999991473, 14.99999999999999467, -80.00000000000000000 ) ) ;
#919 = DIRECTION ( 'NONE',  ( -9.912705577010332945E-17, 7.193015665311809791E-33, -1.000000000000000000 ) ) ;
#920 = ADVANCED_FACE ( 'NONE', ( #2085 ), #286, .F. ) ;
#921 = EDGE_CURVE ( 'NONE', #2599, #614, #466, .T. ) ;
#922 = DIRECTION ( 'NONE',  ( -7.256359638072919902E-17, -1.000000000000000000, -0.0000000000000000000 ) ) ;
#923 = ORIENTED_EDGE ( 'NONE', *, *, #278, .T. ) ;
#924 = SURFACE_STYLE_USAGE ( .BOTH. , #2491 ) ;
#925 = EDGE_CURVE ( 'NONE', #2794, #3153, #1993, .T. ) ;
#926 = EDGE_CURVE ( 'NONE', #2690, #2615, #1564, .T. ) ;
#927 = CARTESIAN_POINT ( 'NONE',  ( 69.99999999999997158, 14.99999999999999467, 89.99999999999997158 ) ) ;
#928 = STYLED_ITEM ( 'NONE', ( #3705 ), #1663 ) ;
#929 = CARTESIAN_POINT ( 'NONE',  ( -89.99999999999994316, 755.0000000000000000, 45.00000000000000000 ) ) ;
#930 = CIRCLE ( 'NONE', #1721, 3.000000000000002665 ) ;
#931 = AXIS2_PLACEMENT_3D ( 'NONE', #3794, #504, #1127 ) ;
#932 = DIRECTION ( 'NONE',  ( 0.0000000000000000000, 0.7071067811865867636, 0.7071067811865081598 ) ) ;
#933 = ORIENTED_EDGE ( 'NONE', *, *, #1892, .F. ) ;
#934 = COLOUR_RGB ( '',1.000000000000000000, 1.000000000000000000, 1.000000000000000000 ) ;
#935 = CIRCLE ( 'NONE', #1818, 3.400000000000000355 ) ;
#936 = EDGE_CURVE ( 'NONE', #2208, #1835, #3853, .T. ) ;
#937 = VERTEX_POINT ( 'NONE', #3193 ) ;
#938 = FACE_BOUND ( 'NONE', #2737, .T. ) ;
#939 = ORIENTED_EDGE ( 'NONE', *, *, #2885, .F. ) ;
#940 = STYLED_ITEM ( 'NONE', ( #1145 ), #2689 ) ;
#941 = EDGE_CURVE ( 'NONE', #499, #3538, #993, .T. ) ;
#942 = CARTESIAN_POINT ( 'NONE',  ( -69.99999999999994316, 780.0000000000000000, -80.00000000000000000 ) ) ;
#943 = DIRECTION ( 'NONE',  ( -0.0000000000000000000, 1.000000000000000000, -0.0000000000000000000 ) ) ;
#944 = ORIENTED_EDGE ( 'NONE', *, *, #967, .F. ) ;
#945 = FACE_OUTER_BOUND ( 'NONE', #1839, .T. ) ;
#946 = SURFACE_STYLE_FILL_AREA ( #2708 ) ;
#947 = PRODUCT ( '4GAA002120103008X', '4GAA002120103008X', '', ( #1582 ) ) ;
#948 = UNCERTAINTY_MEASURE_WITH_UNIT (LENGTH_MEASURE( 1.000000000000000082E-05 ), #541, 'distance_accuracy_value', 'NONE');
#949 = DIRECTION ( 'NONE',  ( 0.0000000000000000000, 0.0000000000000000000, 1.000000000000000000 ) ) ;
#950 = ORIENTED_EDGE ( 'NONE', *, *, #2730, .F. ) ;
#952 = DIRECTION ( 'NONE',  ( -0.7071067811865510144, 0.0000000000000000000, 0.7071067811865441310 ) ) ;
#951 = VECTOR ( 'NONE', #2347, 1000.000000000000000 ) ;
#953 = CARTESIAN_POINT ( 'NONE',  ( -124.9999999999999716, 15.00000000000000000, -125.0000000000000000 ) ) ;
#954 = VECTOR ( 'NONE', #2755, 1000.000000000000000 ) ;
#955 = EDGE_LOOP ( 'NONE', ( #2663, #1537 ) ) ;
#956 = ORIENTED_EDGE ( 'NONE', *, *, #1439, .T. ) ;
#957 = CARTESIAN_POINT ( 'NONE',  ( -139.9999999999999716, 0.0000000000000000000, -150.0000000000000000 ) ) ;
#958 = CIRCLE ( 'NONE', #3473, 2.499999999999946709 ) ;
#959 = LINE ( 'NONE', #719, #3061 ) ;
#960 = FILL_AREA_STYLE ('',( #1587 ) ) ;
#961 = MECHANICAL_DESIGN_GEOMETRIC_PRESENTATION_REPRESENTATION (  '', ( #1688 ), #1759 ) ;
#962 = VERTEX_POINT ( 'NONE', #1096 ) ;
#963 = EDGE_LOOP ( 'NONE', ( #429, #3723 ) ) ;
#964 = CIRCLE ( 'NONE', #2037, 5.099999999999993427 ) ;
#965 = DIRECTION ( 'NONE',  ( -0.0000000000000000000, 1.000000000000000000, -0.0000000000000000000 ) ) ;
#966 =( NAMED_UNIT ( * ) SI_UNIT ( $, .STERADIAN. ) SOLID_ANGLE_UNIT ( ) );
#967 = EDGE_CURVE ( 'NONE', #177, #3511, #902, .T. ) ;
#968 = CARTESIAN_POINT ( 'NONE',  ( -124.9999999999999716, 15.00000000000000000, 125.0000000000000000 ) ) ;
#969 = FILL_AREA_STYLE ('',( #2452 ) ) ;
#970 = EDGE_LOOP ( 'NONE', ( #249, #863, #2814, #1679 ) ) ;
#971 = EDGE_CURVE ( 'NONE', #1601, #1656, #3478, .T. ) ;
#972 = AXIS2_PLACEMENT_3D ( 'NONE', #3621, #3335, #2481 ) ;
#973 = ORIENTED_EDGE ( 'NONE', *, *, #2937, .T. ) ;
#974 = DIRECTION ( 'NONE',  ( -1.000000000000000000, 0.0000000000000000000, 6.033820786006285224E-17 ) ) ;
#975 = CARTESIAN_POINT ( 'NONE',  ( 70.00000000000000000, 799.5000000000000000, -95.00000000000000000 ) ) ;
#976 = FILL_AREA_STYLE_COLOUR ( '', #2941 ) ;
#977 = CARTESIAN_POINT ( 'NONE',  ( -89.99999999999997158, 780.0000000000000000, 69.99999999999998579 ) ) ;
#978 = VERTEX_POINT ( 'NONE', #1055 ) ;
#979 = COLOUR_RGB ( '',1.000000000000000000, 1.000000000000000000, 1.000000000000000000 ) ;
#980 = ORIENTED_EDGE ( 'NONE', *, *, #2480, .T. ) ;
#981 = AXIS2_PLACEMENT_3D ( 'NONE', #2931, #216, #3816 ) ;
#982 = CIRCLE ( 'NONE', #2477, 7.500000000000007105 ) ;
#983 = AXIS2_PLACEMENT_3D ( 'NONE', #803, #1364, #1979 ) ;
#984 = VECTOR ( 'NONE', #88, 1000.000000000000000 ) ;
#985 = VERTEX_POINT ( 'NONE', #3138 ) ;
#986 = ADVANCED_FACE ( 'NONE', ( #1092 ), #2575, .F. ) ;
#987 = EDGE_LOOP ( 'NONE', ( #2495, #1483, #2846, #147 ) ) ;
#988 = EDGE_CURVE ( 'NONE', #3817, #1097, #291, .T. ) ;
#989 =( GEOMETRIC_REPRESENTATION_CONTEXT ( 3 ) GLOBAL_UNCERTAINTY_ASSIGNED_CONTEXT ( ( #3766 ) ) GLOBAL_UNIT_ASSIGNED_CONTEXT ( ( #3361, #1846, #313 ) ) REPRESENTATION_CONTEXT ( 'NONE', 'WORKASPACE' ) );
#990 = FACE_OUTER_BOUND ( 'NONE', #1932, .T. ) ;
#991 = EDGE_LOOP ( 'NONE', ( #1596, #3124, #3308, #150 ) ) ;
#992 = CYLINDRICAL_SURFACE ( 'NONE', #1115, 7.500000000000007105 ) ;
#993 = LINE ( 'NONE', #3166, #194 ) ;
#994 = ORIENTED_EDGE ( 'NONE', *, *, #841, .T. ) ;
#995 = AXIS2_PLACEMENT_3D ( 'NONE', #1442, #3847, #883 ) ;
#996 = EDGE_CURVE ( 'NONE', #889, #3107, #1277, .T. ) ;
#997 = SURFACE_SIDE_STYLE ('',( #3325 ) ) ;
#998 = EDGE_LOOP ( 'NONE', ( #1250, #637 ) ) ;
#999 = VECTOR ( 'NONE', #1466, 1000.000000000000114 ) ;
#1000 = FILL_AREA_STYLE_COLOUR ( '', #1423 ) ;
#1001 = ORIENTED_EDGE ( 'NONE', *, *, #936, .T. ) ;
#1002 = CARTESIAN_POINT ( 'NONE',  ( -30.00000000000000000, 15.00000000000000000, -128.3999999999999773 ) ) ;
#1003 = ORIENTED_EDGE ( 'NONE', *, *, #3144, .T. ) ;
#1004 = CIRCLE ( 'NONE', #1014, 4.499999999999990230 ) ;
#1005 = DIRECTION ( 'NONE',  ( 0.0000000000000000000, 1.000000000000000000, 0.0000000000000000000 ) ) ;
#1006 = ORIENTED_EDGE ( 'NONE', *, *, #2341, .F. ) ;
#1007 = AXIS2_PLACEMENT_3D ( 'NONE', #1372, #3807, #2913 ) ;
#1008 = ORIENTED_EDGE ( 'NONE', *, *, #3445, .F. ) ;
#1009 = ADVANCED_FACE ( 'NONE', ( #3277 ), #3150, .F. ) ;
#1010 = EDGE_CURVE ( 'NONE', #3749, #2136, #2694, .T. ) ;
#1011 = CLOSED_SHELL ( 'NONE', ( #304, #3026, #2260, #3046, #2170, #3207, #41, #3755, #1783, #3704, #1624, #1978, #645, #686, #724, #1881, #1962, #3810, #2569, #82, #100, #67, #1287, #658, #3418, #2689 ) ) ;
#1012 = PLANE ( 'NONE',  #2856 ) ;
#1013 = PLANE ( 'NONE',  #3352 ) ;
#1014 = AXIS2_PLACEMENT_3D ( 'NONE', #608, #2393, #2685 ) ;
#1015 = PLANE ( 'NONE',  #515 ) ;
#1016 = CARTESIAN_POINT ( 'NONE',  ( -124.9999999999999716, 15.00000000000000000, -4.499999999999997335 ) ) ;
#1017 = FILL_AREA_STYLE_COLOUR ( '', #934 ) ;
#1018 = ORIENTED_EDGE ( 'NONE', *, *, #1112, .F. ) ;
#1019 = VECTOR ( 'NONE', #2654, 1000.000000000000000 ) ;
#1020 = ADVANCED_FACE ( 'NONE', ( #2413 ), #1098, .F. ) ;
#1021 = PLANE ( 'NONE',  #1675 ) ;
#1022 = ORIENTED_EDGE ( 'NONE', *, *, #2826, .F. ) ;
#1023 = VECTOR ( 'NONE', #3329, 1000.000000000000000 ) ;
#1024 = ADVANCED_FACE ( 'NONE', ( #2376 ), #3750, .F. ) ;
#1025 = CYLINDRICAL_SURFACE ( 'NONE', #734, 4.499999999999997335 ) ;
#1026 = MECHANICAL_DESIGN_GEOMETRIC_PRESENTATION_REPRESENTATION (  '', ( #2143 ), #2445 ) ;
#1027 = ORIENTED_EDGE ( 'NONE', *, *, #765, .T. ) ;
#1028 = CARTESIAN_POINT ( 'NONE',  ( -9.950721815702933470E-13, -0.0009999999999992653654, 142.5000000000000568 ) ) ;
#1029 = FACE_BOUND ( 'NONE', #89, .T. ) ;
#1030 = CARTESIAN_POINT ( 'NONE',  ( 149.9999999999999716, 15.00000000000000000, -139.9999999999999716 ) ) ;
#1031 = ORIENTED_EDGE ( 'NONE', *, *, #3584, .T. ) ;
#1032 = AXIS2_PLACEMENT_3D ( 'NONE', #3154, #3191, #1722 ) ;
#1033 = CARTESIAN_POINT ( 'NONE',  ( -1.419341474236166827E-16, 0.0000000000000000000, 125.0000000000000284 ) ) ;
#1034 = ORIENTED_EDGE ( 'NONE', *, *, #3033, .F. ) ;
#1035 = COLOUR_RGB ( '',1.000000000000000000, 1.000000000000000000, 1.000000000000000000 ) ;
#1036 = CARTESIAN_POINT ( 'NONE',  ( -9.950721815702933470E-13, -0.0009999999999992653654, 142.5000000000000568 ) ) ;
#1037 = EDGE_CURVE ( 'NONE', #1665, #2123, #769, .T. ) ;
#1038 = FACE_BOUND ( 'NONE', #955, .T. ) ;
#1039 = VECTOR ( 'NONE', #904, 1000.000000000000000 ) ;
#1040 = FACE_BOUND ( 'NONE', #2904, .T. ) ;
#1041 = VERTEX_POINT ( 'NONE', #3549 ) ;
#1042 = PRESENTATION_STYLE_ASSIGNMENT (( #2803 ) ) ;
#1043 = DIRECTION ( 'NONE',  ( 1.000000000000000000, 0.0000000000000000000, 0.0000000000000000000 ) ) ;
#1044 = AXIS2_PLACEMENT_3D ( 'NONE', #3467, #3784, #2561 ) ;
#1045 = EDGE_LOOP ( 'NONE', ( #1061, #2088, #1957, #53 ) ) ;
#1046 = EDGE_CURVE ( 'NONE', #1835, #1951, #3010, .T. ) ;
#1047 = EDGE_CURVE ( 'NONE', #1695, #1333, #1747, .T. ) ;
#1048 = CARTESIAN_POINT ( 'NONE',  ( -149.9999999999999716, 15.00000000000000000, 150.0000000000000000 ) ) ;
#1049 = FACE_OUTER_BOUND ( 'NONE', #1318, .T. ) ;
#1050 = CARTESIAN_POINT ( 'NONE',  ( -114.9999999999999432, 800.0000000000000000, 125.0000000000000000 ) ) ;
#1051 = CARTESIAN_POINT ( 'NONE',  ( 90.00000000000000000, 780.0000000000000000, 90.00000000000000000 ) ) ;
#1052 = ORIENTED_EDGE ( 'NONE', *, *, #2750, .F. ) ;
#1053 = AXIS2_PLACEMENT_3D ( 'NONE', #3740, #3724, #713 ) ;
#1054 = CIRCLE ( 'NONE', #1725, 5.099999999999993427 ) ;
#1055 = CARTESIAN_POINT ( 'NONE',  ( -124.9999999999999716, 15.00000000000000000, -4.500000000000003553 ) ) ;
#1056 = EDGE_LOOP ( 'NONE', ( #3732, #2700, #2783, #3754 ) ) ;
#1057 = CARTESIAN_POINT ( 'NONE',  ( -70.00000000000000000, 800.0000000000000000, 98.00000000000000000 ) ) ;
#1058 = VERTEX_POINT ( 'NONE', #2363 ) ;
#1059 =( NAMED_UNIT ( * ) SI_UNIT ( $, .STERADIAN. ) SOLID_ANGLE_UNIT ( ) );
#1060 = EDGE_CURVE ( 'NONE', #873, #2218, #2917, .T. ) ;
#1061 = ORIENTED_EDGE ( 'NONE', *, *, #3161, .F. ) ;
#1062 = FILL_AREA_STYLE ('',( #776 ) ) ;
#1063 = DIRECTION ( 'NONE',  ( -0.0000000000000000000, 1.000000000000000000, -0.0000000000000000000 ) ) ;
#1064 = VERTEX_POINT ( 'NONE', #3239 ) ;
#1065 = EDGE_CURVE ( 'NONE', #3511, #2615, #2130, .T. ) ;
#1066 = CARTESIAN_POINT ( 'NONE',  ( 70.00000000000001421, 780.0000000000000000, 89.99999999999997158 ) ) ;
#1067 = CARTESIAN_POINT ( 'NONE',  ( 30.00000000000000000, 15.00000000000000000, 125.0000000000000568 ) ) ;
#1068 = DIRECTION ( 'NONE',  ( 0.0000000000000000000, 0.0000000000000000000, 1.000000000000000000 ) ) ;
#1069 = UNCERTAINTY_MEASURE_WITH_UNIT (LENGTH_MEASURE( 1.000000000000000082E-05 ), #3640, 'distance_accuracy_value', 'NONE');
#1070 = CARTESIAN_POINT ( 'NONE',  ( 79.99999999999997158, 780.0000000000000000, -69.99999999999998579 ) ) ;
#1071 = AXIS2_PLACEMENT_3D ( 'NONE', #2588, #1966, #201 ) ;
#1072 = EDGE_CURVE ( 'NONE', #3858, #3639, #331, .T. ) ;
#1073 = FILL_AREA_STYLE ('',( #3688 ) ) ;
#1074 = CARTESIAN_POINT ( 'NONE',  ( 115.0000000000000568, 800.0000000000000000, -124.9999999999999432 ) ) ;
#1075 = ORIENTED_EDGE ( 'NONE', *, *, #1010, .F. ) ;
#1077 = CYLINDRICAL_SURFACE ( 'NONE', #3725, 5.099999999999993427 ) ;
#1076 = DIRECTION ( 'NONE',  ( -0.7071067811865474617, 0.0000000000000000000, -0.7071067811865474617 ) ) ;
#1078 =( GEOMETRIC_REPRESENTATION_CONTEXT ( 3 ) GLOBAL_UNCERTAINTY_ASSIGNED_CONTEXT ( ( #3028 ) ) GLOBAL_UNIT_ASSIGNED_CONTEXT ( ( #2105, #2390, #3589 ) ) REPRESENTATION_CONTEXT ( 'NONE', 'WORKASPACE' ) );
#1079 = VERTEX_POINT ( 'NONE', #497 ) ;
#1080 = FACE_OUTER_BOUND ( 'NONE', #2859, .T. ) ;
#1081 = LINE ( 'NONE', #3452, #646 ) ;
#1082 = CARTESIAN_POINT ( 'NONE',  ( -7.500000000000000000, 0.0000000000000000000, -150.0000000000000284 ) ) ;
#1083 = AXIS2_PLACEMENT_3D ( 'NONE', #799, #2050, #1400 ) ;
#1084 = ORIENTED_EDGE ( 'NONE', *, *, #926, .F. ) ;
#1085 = CARTESIAN_POINT ( 'NONE',  ( -89.99999999999994316, 755.0000000000000000, -45.00000000000000000 ) ) ;
#1086 = DIRECTION ( 'NONE',  ( 0.0000000000000000000, 1.000000000000000000, 0.0000000000000000000 ) ) ;
#1087 = ORIENTED_EDGE ( 'NONE', *, *, #583, .F. ) ;
#1088 = VECTOR ( 'NONE', #1178, 1000.000000000000000 ) ;
#1089 = EDGE_CURVE ( 'NONE', #1064, #889, #1325, .T. ) ;
#1090 = DIRECTION ( 'NONE',  ( -0.7071067811865474617, 0.0000000000000000000, -0.7071067811865474617 ) ) ;
#1091 = AXIS2_PLACEMENT_3D ( 'NONE', #2488, #3665, #2800 ) ;
#1092 = FACE_OUTER_BOUND ( 'NONE', #2415, .T. ) ;
#1093 = ORIENTED_EDGE ( 'NONE', *, *, #3257, .F. ) ;
#1094 = PRESENTATION_STYLE_ASSIGNMENT (( #1398 ) ) ;
#1095 = DIRECTION ( 'NONE',  ( -0.0000000000000000000, -1.000000000000000000, -0.0000000000000000000 ) ) ;
#1096 = CARTESIAN_POINT ( 'NONE',  ( -90.00000000000000000, 780.0000000000000000, -95.09999999999999432 ) ) ;
#1097 = VERTEX_POINT ( 'NONE', #2325 ) ;
#1098 = CYLINDRICAL_SURFACE ( 'NONE', #3765, 4.500000000000003553 ) ;
#1099 = LINE ( 'NONE', #2140, #1326 ) ;
#1100 = DIRECTION ( 'NONE',  ( -0.0000000000000000000, 1.000000000000000000, -0.0000000000000000000 ) ) ;
#1101 = ORIENTED_EDGE ( 'NONE', *, *, #3731, .F. ) ;
#1102 = ORIENTED_EDGE ( 'NONE', *, *, #3283, .T. ) ;
#1103 = CARTESIAN_POINT ( 'NONE',  ( -150.0000000000001137, 15.00000000000000000, 7.499999999998428812 ) ) ;
#1104 = CARTESIAN_POINT ( 'NONE',  ( 69.99999999999998579, 780.0000000000000000, 69.99999999999997158 ) ) ;
#1105 = CIRCLE ( 'NONE', #3663, 3.400000000000014122 ) ;
#1106 = CARTESIAN_POINT ( 'NONE',  ( -1.419341474236166827E-16, 15.00000000000000000, 129.5000000000000284 ) ) ;
#1107 = CARTESIAN_POINT ( 'NONE',  ( -139.9999999999999716, 0.0000000000000000000, 150.0000000000000000 ) ) ;
#1108 = EDGE_LOOP ( 'NONE', ( #1670, #2756, #3515, #1784 ) ) ;
#1109 = DIRECTION ( 'NONE',  ( 0.0000000000000000000, 0.0000000000000000000, -1.000000000000000000 ) ) ;
#1110 = CARTESIAN_POINT ( 'NONE',  ( -7.500000000000000000, -0.0009999999999992653654, -150.0000000000000284 ) ) ;
#1111 = DIRECTION ( 'NONE',  ( 8.659560562354452146E-17, 0.7071067811865867636, -0.7071067811865081598 ) ) ;
#1112 = EDGE_CURVE ( 'NONE', #2, #3189, #3098, .T. ) ;
#1113 =( LENGTH_UNIT ( ) NAMED_UNIT ( * ) SI_UNIT ( .MILLI., .METRE. ) );
#1114 = MECHANICAL_DESIGN_GEOMETRIC_PRESENTATION_REPRESENTATION (  '', ( #3649 ), #1133 ) ;
#1115 = AXIS2_PLACEMENT_3D ( 'NONE', #1405, #2956, #3518 ) ;
#1116 = DIRECTION ( 'NONE',  ( -0.0000000000000000000, 1.000000000000000000, -0.0000000000000000000 ) ) ;
#1117 = EDGE_CURVE ( 'NONE', #452, #317, #3746, .T. ) ;
#1118 = ADVANCED_FACE ( 'NONE', ( #2080 ), #2633, .F. ) ;
#1119 = DIRECTION ( 'NONE',  ( -0.7071067811865480168, 0.0000000000000000000, 0.7071067811865470176 ) ) ;
#1120 = DIRECTION ( 'NONE',  ( -0.0000000000000000000, 1.000000000000000000, -0.0000000000000000000 ) ) ;
#1121 = EDGE_LOOP ( 'NONE', ( #3535, #114, #3141, #1463 ) ) ;
#1122 = CARTESIAN_POINT ( 'NONE',  ( 90.00000000000000000, 800.0000000000000000, -95.09999999999999432 ) ) ;
#1123 = EDGE_CURVE ( 'NONE', #913, #2779, #2373, .T. ) ;
#1124 = EDGE_CURVE ( 'NONE', #2970, #3303, #1611, .T. ) ;
#1125 = EDGE_LOOP ( 'NONE', ( #3459, #2302, #43, #1590 ) ) ;
#1126 = LINE ( 'NONE', #1471, #138 ) ;
#1127 = DIRECTION ( 'NONE',  ( -1.850371707708594563E-16, 0.0000000000000000000, -1.000000000000000000 ) ) ;
#1128 = PRESENTATION_LAYER_ASSIGNMENT (  '', '', ( #315 ) ) ;
#1129 = ORIENTED_EDGE ( 'NONE', *, *, #675, .T. ) ;
#1130 = VECTOR ( 'NONE', #59, 999.9999999999998863 ) ;
#1132 = ORIENTED_EDGE ( 'NONE', *, *, #35, .T. ) ;
#1131 = DIRECTION ( 'NONE',  ( -0.0000000000000000000, 1.000000000000000000, -0.0000000000000000000 ) ) ;
#1133 =( GEOMETRIC_REPRESENTATION_CONTEXT ( 3 ) GLOBAL_UNCERTAINTY_ASSIGNED_CONTEXT ( ( #176 ) ) GLOBAL_UNIT_ASSIGNED_CONTEXT ( ( #531, #3806, #1428 ) ) REPRESENTATION_CONTEXT ( 'NONE', 'WORKASPACE' ) );
#1134 = DIRECTION ( 'NONE',  ( -0.0000000000000000000, 1.000000000000000000, -0.0000000000000000000 ) ) ;
#1135 = ORIENTED_EDGE ( 'NONE', *, *, #1124, .F. ) ;
#1136 = CYLINDRICAL_SURFACE ( 'NONE', #320, 5.099999999999993427 ) ;
#1137 = FACE_BOUND ( 'NONE', #1395, .T. ) ;
#1138 = ORIENTED_EDGE ( 'NONE', *, *, #582, .T. ) ;
#1139 = EDGE_CURVE ( 'NONE', #2589, #833, #426, .T. ) ;
#1140 = CARTESIAN_POINT ( 'NONE',  ( -70.00000000000000000, 780.0000000000000000, 95.00000000000000000 ) ) ;
#1141 = FACE_OUTER_BOUND ( 'NONE', #970, .T. ) ;
#1142 = AXIS2_PLACEMENT_3D ( 'NONE', #1898, #1290, #1870 ) ;
#1143 = ORIENTED_EDGE ( 'NONE', *, *, #1065, .T. ) ;
#1144 = VERTEX_POINT ( 'NONE', #847 ) ;
#1145 = PRESENTATION_STYLE_ASSIGNMENT (( #2312 ) ) ;
#1146 = LINE ( 'NONE', #2785, #3751 ) ;
#1147 = AXIS2_PLACEMENT_3D ( 'NONE', #477, #1100, #1160 ) ;
#1148 = ORIENTED_EDGE ( 'NONE', *, *, #815, .F. ) ;
#1149 = EDGE_CURVE ( 'NONE', #1475, #3468, #1657, .T. ) ;
#1150 = DIRECTION ( 'NONE',  ( 7.256359638072918670E-17, 1.000000000000000000, 0.0000000000000000000 ) ) ;
#1151 = DIRECTION ( 'NONE',  ( -1.000000000000000000, 8.673617379884034239E-17, 0.0000000000000000000 ) ) ;
#1152 = CARTESIAN_POINT ( 'NONE',  ( 125.0000000000000568, 800.0000000000000000, -114.9999999999999858 ) ) ;
#1153 = VERTEX_POINT ( 'NONE', #1221 ) ;
#1154 = ORIENTED_EDGE ( 'NONE', *, *, #2301, .F. ) ;
#1155 = PLANE ( 'NONE',  #917 ) ;
#1156 = AXIS2_PLACEMENT_3D ( 'NONE', #656, #2183, #3307 ) ;
#1157 = DIRECTION ( 'NONE',  ( -7.256359638072919902E-17, -1.000000000000000000, -0.0000000000000000000 ) ) ;
#1158 = VERTEX_POINT ( 'NONE', #896 ) ;
#1159 = CARTESIAN_POINT ( 'NONE',  ( 70.00000000000001421, 780.0000000000000000, -89.99999999999998579 ) ) ;
#1160 = DIRECTION ( 'NONE',  ( 0.0000000000000000000, 0.0000000000000000000, 1.000000000000000000 ) ) ;
#1161 = DIRECTION ( 'NONE',  ( -7.401486830834376525E-17, -1.000000000000000000, -0.0000000000000000000 ) ) ;
#1162 = ORIENTED_EDGE ( 'NONE', *, *, #3073, .T. ) ;
#1163 = DIRECTION ( 'NONE',  ( 0.0000000000000000000, -1.000000000000000000, -0.0000000000000000000 ) ) ;
#1164 = ADVANCED_BREP_SHAPE_REPRESENTATION ( '', ( #1768, #2684, #2353, #77 ), #3759 ) ;
#1165 = EDGE_CURVE ( 'NONE', #1144, #873, #1275, .T. ) ;
#1166 = ORIENTED_EDGE ( 'NONE', *, *, #3365, .F. ) ;
#1167 = CARTESIAN_POINT ( 'NONE',  ( -69.99999999999994316, 780.0000000000000000, -80.00000000000000000 ) ) ;
#1168 = FACE_OUTER_BOUND ( 'NONE', #1181, .T. ) ;
#1169 = DIRECTION ( 'NONE',  ( 0.0000000000000000000, 1.000000000000000000, 0.0000000000000000000 ) ) ;
#1170 = CIRCLE ( 'NONE', #1998, 2.499999999999946709 ) ;
#1171 = DIRECTION ( 'NONE',  ( -0.7071067811865483499, 0.0000000000000000000, 0.7071067811865465735 ) ) ;
#1172 = LINE ( 'NONE', #3678, #2264 ) ;
#1173 = CARTESIAN_POINT ( 'NONE',  ( -90.00000000000000000, 780.0000000000000000, 90.00000000000000000 ) ) ;
#1174 = PLANE ( 'NONE',  #1512 ) ;
#1175 = ORIENTED_EDGE ( 'NONE', *, *, #2175, .F. ) ;
#1176 = CARTESIAN_POINT ( 'NONE',  ( -124.9999999999999432, 800.0000000000000000, -114.9999999999999574 ) ) ;
#1177 = EDGE_LOOP ( 'NONE', ( #57, #2649, #3250, #2386, #1899, #801, #1253, #2310 ) ) ;
#1178 = DIRECTION ( 'NONE',  ( -1.850371707708594316E-16, -0.0000000000000000000, -1.000000000000000000 ) ) ;
#1179 = FACE_BOUND ( 'NONE', #998, .T. ) ;
#1180 = ORIENTED_EDGE ( 'NONE', *, *, #3680, .T. ) ;
#1181 = EDGE_LOOP ( 'NONE', ( #2293, #739, #2017, #3202 ) ) ;
#1182 = SURFACE_STYLE_FILL_AREA ( #2332 ) ;
#1183 = AXIS2_PLACEMENT_3D ( 'NONE', #2229, #674, #2786 ) ;
#1184 = CARTESIAN_POINT ( 'NONE',  ( 69.99999999999997158, 780.0000000000000000, -69.99999999999998579 ) ) ;
#1185 = AXIS2_PLACEMENT_3D ( 'NONE', #2888, #508, #779 ) ;
#1186 = CARTESIAN_POINT ( 'NONE',  ( 124.9999999999999716, 15.00000000000000000, -4.499999999999990230 ) ) ;
#1187 = EDGE_LOOP ( 'NONE', ( #1703, #2174, #2147, #1291 ) ) ;
#1189 = CARTESIAN_POINT ( 'NONE',  ( 30.00000000000000000, 15.00000000000000000, 125.0000000000000568 ) ) ;
#1188 = VECTOR ( 'NONE', #790, 1000.000000000000000 ) ;
#1190 = VECTOR ( 'NONE', #2999, 1000.000000000000114 ) ;
#1191 = LINE ( 'NONE', #14, #2134 ) ;
#1192 = EDGE_LOOP ( 'NONE', ( #163, #430, #39, #3616 ) ) ;
#1193 = EDGE_CURVE ( 'NONE', #1097, #3029, #2876, .T. ) ;
#1194 = STYLED_ITEM ( 'NONE', ( #3194 ), #687 ) ;
#1195 = VERTEX_POINT ( 'NONE', #275 ) ;
#1196 = CIRCLE ( 'NONE', #794, 5.099999999999993427 ) ;
#1197 = SURFACE_SIDE_STYLE ('',( #3802 ) ) ;
#1198 = CARTESIAN_POINT ( 'NONE',  ( -90.00000000000000000, 780.0000000000000000, -84.90000000000000568 ) ) ;
#1199 = DIRECTION ( 'NONE',  ( 0.0000000000000000000, 0.0000000000000000000, -1.000000000000000000 ) ) ;
#1200 = AXIS2_PLACEMENT_3D ( 'NONE', #3294, #2438, #2985 ) ;
#1201 = EDGE_CURVE ( 'NONE', #407, #614, #3608, .T. ) ;
#1202 = ORIENTED_EDGE ( 'NONE', *, *, #3525, .T. ) ;
#1203 = CARTESIAN_POINT ( 'NONE',  ( -150.0000000000000284, 15.00000000000000000, -150.0000000000000000 ) ) ;
#1204 = DIRECTION ( 'NONE',  ( 0.0000000000000000000, 0.0000000000000000000, 1.000000000000000000 ) ) ;
#1205 = CARTESIAN_POINT ( 'NONE',  ( 142.5000000000000568, -0.0009999999999992653654, 4.975360907851466735E-13 ) ) ;
#1206 = ORIENTED_EDGE ( 'NONE', *, *, #3203, .T. ) ;
#1207 = DIRECTION ( 'NONE',  ( 0.0000000000000000000, 0.0000000000000000000, 1.000000000000000000 ) ) ;
#1208 =( LENGTH_UNIT ( ) NAMED_UNIT ( * ) SI_UNIT ( .MILLI., .METRE. ) );
#1209 = STYLED_ITEM ( 'NONE', ( #1094 ), #1970 ) ;
#1210 = CARTESIAN_POINT ( 'NONE',  ( -30.00000000000000000, 15.00000000000000000, -125.0000000000000000 ) ) ;
#1211 = CARTESIAN_POINT ( 'NONE',  ( 69.99999999999997158, 780.0000000000000000, -80.00000000000000000 ) ) ;
#1212 = EDGE_CURVE ( 'NONE', #2471, #1984, #816, .T. ) ;
#1213 = CARTESIAN_POINT ( 'NONE',  ( -89.99999999999994316, 714.9999999999998863, 45.00000000000000000 ) ) ;
#1214 = ORIENTED_EDGE ( 'NONE', *, *, #1621, .F. ) ;
#1215 = SURFACE_STYLE_FILL_AREA ( #2510 ) ;
#1216 = CARTESIAN_POINT ( 'NONE',  ( 0.0000000000000000000, 0.0000000000000000000, -125.0000000000000000 ) ) ;
#1217 = VERTEX_POINT ( 'NONE', #1519 ) ;
#1218 = VECTOR ( 'NONE', #3130, 1000.000000000000000 ) ;
#1219 = AXIS2_PLACEMENT_3D ( 'NONE', #289, #585, #1204 ) ;
#1220 = VERTEX_POINT ( 'NONE', #3567 ) ;
#1222 = LINE ( 'NONE', #3863, #2905 ) ;
#1221 = CARTESIAN_POINT ( 'NONE',  ( -124.9999999999999432, 780.0000000000000000, 115.0000000000000426 ) ) ;
#1223 = DIRECTION ( 'NONE',  ( -1.000000000000000000, -0.0000000000000000000, -0.0000000000000000000 ) ) ;
#1224 = AXIS2_PLACEMENT_3D ( 'NONE', #2926, #1131, #3215 ) ;
#1225 = ORIENTED_EDGE ( 'NONE', *, *, #28, .F. ) ;
#1226 = ADVANCED_FACE ( 'NONE', ( #761 ), #1845, .F. ) ;
#1227 = EDGE_LOOP ( 'NONE', ( #1805, #1324, #839, #280 ) ) ;
#1228 = FACE_OUTER_BOUND ( 'NONE', #1958, .T. ) ;
#1229 = DIRECTION ( 'NONE',  ( -0.0000000000000000000, 1.000000000000000000, -0.0000000000000000000 ) ) ;
#1230 = AXIS2_PLACEMENT_3D ( 'NONE', #1260, #3328, #2188 ) ;
#1231 = ORIENTED_EDGE ( 'NONE', *, *, #35, .F. ) ;
#1232 = VECTOR ( 'NONE', #2026, 1000.000000000000114 ) ;
#1233 = DIRECTION ( 'NONE',  ( 0.0000000000000000000, 1.000000000000000000, 0.0000000000000000000 ) ) ;
#1234 = PRESENTATION_STYLE_ASSIGNMENT (( #2630 ) ) ;
#1235 = SURFACE_STYLE_USAGE ( .BOTH. , #3618 ) ;
#1236 = EDGE_LOOP ( 'NONE', ( #3843, #2829, #1815, #3708 ) ) ;
#1237 = ORIENTED_EDGE ( 'NONE', *, *, #2732, .F. ) ;
#1238 = LINE ( 'NONE', #1610, #1618 ) ;
#1239 = CIRCLE ( 'NONE', #1911, 2.499999999999946709 ) ;
#1240 = AXIS2_PLACEMENT_3D ( 'NONE', #1433, #578, #2346 ) ;
#1241 = UNCERTAINTY_MEASURE_WITH_UNIT (LENGTH_MEASURE( 1.000000000000000082E-05 ), #168, 'distance_accuracy_value', 'NONE');
#1242 =( NAMED_UNIT ( * ) SI_UNIT ( $, .STERADIAN. ) SOLID_ANGLE_UNIT ( ) );
#1243 = ORIENTED_EDGE ( 'NONE', *, *, #3787, .F. ) ;
#1244 = EDGE_CURVE ( 'NONE', #1041, #1468, #560, .T. ) ;
#1245 = STYLED_ITEM ( 'NONE', ( #2492 ), #625 ) ;
#1246 = DIRECTION ( 'NONE',  ( 0.0000000000000000000, 0.0000000000000000000, 1.000000000000000000 ) ) ;
#1247 =( LENGTH_UNIT ( ) NAMED_UNIT ( * ) SI_UNIT ( .MILLI., .METRE. ) );
#1248 = ORIENTED_EDGE ( 'NONE', *, *, #2230, .T. ) ;
#1249 = CARTESIAN_POINT ( 'NONE',  ( 0.0000000000000000000, -0.0009999999999992653654, 75.00000000000001421 ) ) ;
#1250 = ORIENTED_EDGE ( 'NONE', *, *, #1808, .F. ) ;
#1251 = CARTESIAN_POINT ( 'NONE',  ( 70.00000000000000000, 800.0000000000000000, -91.50000000000000000 ) ) ;
#1252 = CARTESIAN_POINT ( 'NONE',  ( 90.00000000000000000, 780.0000000000000000, -90.00000000000000000 ) ) ;
#1253 = ORIENTED_EDGE ( 'NONE', *, *, #1766, .F. ) ;
#1254 = DIRECTION ( 'NONE',  ( 0.7071067811865441310, 0.0000000000000000000, 0.7071067811865510144 ) ) ;
#1255 = AXIS2_PLACEMENT_3D ( 'NONE', #629, #1294, #1838 ) ;
#1256 = CARTESIAN_POINT ( 'NONE',  ( -89.99999999999994316, 714.9999999999998863, 42.50000000000004974 ) ) ;
#1257 = DIRECTION ( 'NONE',  ( -7.256359638072918670E-17, -1.000000000000000000, -0.0000000000000000000 ) ) ;
#1258 = VERTEX_POINT ( 'NONE', #3292 ) ;
#1259 = EDGE_CURVE ( 'NONE', #3331, #2278, #3646, .T. ) ;
#1260 = CARTESIAN_POINT ( 'NONE',  ( -30.00000000000000000, 0.0000000000000000000, -125.0000000000000000 ) ) ;
#1261 = VERTEX_POINT ( 'NONE', #2077 ) ;
#1262 = VECTOR ( 'NONE', #1753, 1000.000000000000000 ) ;
#1263 = CARTESIAN_POINT ( 'NONE',  ( -114.9999999999999432, 800.0000000000000000, -124.9999999999999432 ) ) ;
#1264 = CARTESIAN_POINT ( 'NONE',  ( 0.0000000000000000000, 0.0000000000000000000, 0.0000000000000000000 ) ) ;
#1265 = EDGE_CURVE ( 'NONE', #3303, #1144, #3792, .T. ) ;
#1266 = VERTEX_POINT ( 'NONE', #2434 ) ;
#1267 = LINE ( 'NONE', #2748, #3545 ) ;
#1268 = CIRCLE ( 'NONE', #2357, 20.00000000000000355 ) ;
#1269 = ORIENTED_EDGE ( 'NONE', *, *, #1798, .F. ) ;
#1270 = AXIS2_PLACEMENT_3D ( 'NONE', #3523, #823, #836 ) ;
#1271 = ORIENTED_EDGE ( 'NONE', *, *, #2020, .F. ) ;
#1272 = VECTOR ( 'NONE', #3185, 1000.000000000000000 ) ;
#1273 = LINE ( 'NONE', #2141, #3558 ) ;
#1274 = DIRECTION ( 'NONE',  ( -1.982541115402065849E-16, -0.0000000000000000000, -1.000000000000000000 ) ) ;
#1275 = LINE ( 'NONE', #1500, #464 ) ;
#1276 = ORIENTED_EDGE ( 'NONE', *, *, #1060, .T. ) ;
#1277 = LINE ( 'NONE', #1110, #1802 ) ;
#1278 = CIRCLE ( 'NONE', #2843, 3.500000000000003109 ) ;
#1279 = DIRECTION ( 'NONE',  ( -0.0000000000000000000, 1.000000000000000000, -0.0000000000000000000 ) ) ;
#1280 = AXIS2_PLACEMENT_3D ( 'NONE', #480, #3233, #1438 ) ;
#1281 = VERTEX_POINT ( 'NONE', #2202 ) ;
#1282 = ORIENTED_EDGE ( 'NONE', *, *, #1010, .T. ) ;
#1283 = CARTESIAN_POINT ( 'NONE',  ( -124.9999999999999716, 15.00000000000000000, 33.39999999999999858 ) ) ;
#1284 = DIRECTION ( 'NONE',  ( -1.000000000000000000, 0.0000000000000000000, 0.0000000000000000000 ) ) ;
#1285 = UNCERTAINTY_MEASURE_WITH_UNIT (LENGTH_MEASURE( 1.000000000000000082E-05 ), #2804, 'distance_accuracy_value', 'NONE');
#1286 = CARTESIAN_POINT ( 'NONE',  ( 124.9999999999999716, 15.00000000000000000, -132.5000000000000000 ) ) ;
#1287 = ADVANCED_FACE ( 'NONE', ( #2231 ), #862, .F. ) ;
#1288 = EDGE_CURVE ( 'NONE', #868, #3851, #2440, .T. ) ;
#1289 = DIRECTION ( 'NONE',  ( -1.000000000000000000, -0.0000000000000000000, -0.0000000000000000000 ) ) ;
#1290 = DIRECTION ( 'NONE',  ( 0.0000000000000000000, 0.0000000000000000000, 1.000000000000000000 ) ) ;
#1291 = ORIENTED_EDGE ( 'NONE', *, *, #3662, .T. ) ;
#1292 = EDGE_LOOP ( 'NONE', ( #3519, #1609 ) ) ;
#1293 = CARTESIAN_POINT ( 'NONE',  ( -70.00000000000000000, 800.0000000000000000, 92.00000000000000000 ) ) ;
#1294 = DIRECTION ( 'NONE',  ( -0.0000000000000000000, 1.000000000000000000, -0.0000000000000000000 ) ) ;
#1295 = SURFACE_STYLE_USAGE ( .BOTH. , #1311 ) ;
#1296 = CARTESIAN_POINT ( 'NONE',  ( 90.00000000000000000, 780.0000000000000000, 84.90000000000000568 ) ) ;
#1297 = CARTESIAN_POINT ( 'NONE',  ( 124.9999999999999716, 15.00000000000000000, -125.0000000000000000 ) ) ;
#1298 = ORIENTED_EDGE ( 'NONE', *, *, #2989, .T. ) ;
#1299 = ORIENTED_EDGE ( 'NONE', *, *, #675, .F. ) ;
#1300 = FACE_OUTER_BOUND ( 'NONE', #2536, .T. ) ;
#1301 =( NAMED_UNIT ( * ) PLANE_ANGLE_UNIT ( ) SI_UNIT ( $, .RADIAN. ) );
#1302 = CARTESIAN_POINT ( 'NONE',  ( -149.9999999999999716, 0.0000000000000000000, -7.500000000001602274 ) ) ;
#1303 = EDGE_CURVE ( 'NONE', #3468, #985, #1604, .T. ) ;
#1304 = VERTEX_POINT ( 'NONE', #3342 ) ;
#1305 =( GEOMETRIC_REPRESENTATION_CONTEXT ( 3 ) GLOBAL_UNCERTAINTY_ASSIGNED_CONTEXT ( ( #2754 ) ) GLOBAL_UNIT_ASSIGNED_CONTEXT ( ( #3786, #1723, #213 ) ) REPRESENTATION_CONTEXT ( 'NONE', 'WORKASPACE' ) );
#1306 = CIRCLE ( 'NONE', #2201, 2.499999999999946709 ) ;
#1307 =( GEOMETRIC_REPRESENTATION_CONTEXT ( 3 ) GLOBAL_UNCERTAINTY_ASSIGNED_CONTEXT ( ( #1869 ) ) GLOBAL_UNIT_ASSIGNED_CONTEXT ( ( #221, #3496, #1991 ) ) REPRESENTATION_CONTEXT ( 'NONE', 'WORKASPACE' ) );
#1308 = DIRECTION ( 'NONE',  ( 1.000000000000000000, 0.0000000000000000000, 0.0000000000000000000 ) ) ;
#1309 = PRESENTATION_STYLE_ASSIGNMENT (( #2280 ) ) ;
#1310 = VERTEX_POINT ( 'NONE', #3386 ) ;
#1311 = SURFACE_SIDE_STYLE ('',( #1390 ) ) ;
#1312 = FACE_OUTER_BOUND ( 'NONE', #3760, .T. ) ;
#1313 = EDGE_CURVE ( 'NONE', #1064, #2884, #1146, .T. ) ;
#1314 = DIRECTION ( 'NONE',  ( 0.0000000000000000000, -0.0000000000000000000, 1.000000000000000000 ) ) ;
#1315 = ORIENTED_EDGE ( 'NONE', *, *, #1394, .F. ) ;
#1316 = SURFACE_SIDE_STYLE ('',( #762 ) ) ;
#1317 = EDGE_CURVE ( 'NONE', #2483, #224, #821, .T. ) ;
#1318 = EDGE_LOOP ( 'NONE', ( #1985, #465, #3350, #1403 ) ) ;
#1319 = EDGE_CURVE ( 'NONE', #317, #452, #3857, .T. ) ;
#1320 = DIRECTION ( 'NONE',  ( 0.7071067811865441310, -0.0000000000000000000, 0.7071067811865510144 ) ) ;
#1321 = CARTESIAN_POINT ( 'NONE',  ( -70.00000000000000000, 800.0000000000000000, 95.00000000000000000 ) ) ;
#1322 = DIRECTION ( 'NONE',  ( -0.0000000000000000000, 1.000000000000000000, -0.0000000000000000000 ) ) ;
#1323 = SURFACE_STYLE_FILL_AREA ( #969 ) ;
#1324 = ORIENTED_EDGE ( 'NONE', *, *, #626, .F. ) ;
#1325 = LINE ( 'NONE', #2623, #1232 ) ;
#1326 = VECTOR ( 'NONE', #3282, 1000.000000000000000 ) ;
#1327 = AXIS2_PLACEMENT_3D ( 'NONE', #684, #3650, #2759 ) ;
#1328 = CIRCLE ( 'NONE', #417, 5.099999999999993427 ) ;
#1329 = DIRECTION ( 'NONE',  ( -1.000000000000000000, 7.401486830834376525E-17, 0.0000000000000000000 ) ) ;
#1330 =( REPRESENTATION_RELATIONSHIP ('NONE','NONE', #689, #3023 ) REPRESENTATION_RELATIONSHIP_WITH_TRANSFORMATION ( #2348 )SHAPE_REPRESENTATION_RELATIONSHIP( ) );
#1331 = ORIENTED_EDGE ( 'NONE', *, *, #1563, .T. ) ;
#1332 = DIRECTION ( 'NONE',  ( 7.256359638072919902E-17, 1.000000000000000000, 0.0000000000000000000 ) ) ;
#1333 = VERTEX_POINT ( 'NONE', #3044 ) ;
#1334 = SURFACE_STYLE_FILL_AREA ( #1648 ) ;
#1335 = CIRCLE ( 'NONE', #1255, 7.499999999999992895 ) ;
#1336 = PLANE ( 'NONE',  #751 ) ;
#1337 = ORIENTED_EDGE ( 'NONE', *, *, #207, .F. ) ;
#1338 = MECHANICAL_DESIGN_GEOMETRIC_PRESENTATION_REPRESENTATION (  '', ( #866 ), #1305 ) ;
#1339 = CARTESIAN_POINT ( 'NONE',  ( 69.99999999999997158, 780.0000000000000000, 80.00000000000000000 ) ) ;
#1340 = CARTESIAN_POINT ( 'NONE',  ( -70.00000000000000000, 799.5000000000000000, 95.00000000000000000 ) ) ;
#1341 = CARTESIAN_POINT ( 'NONE',  ( -90.00000000000000000, 800.0000000000000000, 90.00000000000000000 ) ) ;
#1342 = ORIENTED_EDGE ( 'NONE', *, *, #1460, .F. ) ;
#1343 = AXIS2_PLACEMENT_3D ( 'NONE', #3043, #3074, #683 ) ;
#1344 = ORIENTED_EDGE ( 'NONE', *, *, #3451, .T. ) ;
#1345 = CARTESIAN_POINT ( 'NONE',  ( -89.99999999999994316, 755.0000000000000000, 47.49999999999994316 ) ) ;
#1346 = DIRECTION ( 'NONE',  ( 0.0000000000000000000, 0.0000000000000000000, 1.000000000000000000 ) ) ;
#1347 = EDGE_CURVE ( 'NONE', #3093, #2801, #1335, .T. ) ;
#1348 = DIRECTION ( 'NONE',  ( -0.0000000000000000000, 1.000000000000000000, -0.0000000000000000000 ) ) ;
#1349 = DIRECTION ( 'NONE',  ( -0.0000000000000000000, 1.000000000000000000, -0.0000000000000000000 ) ) ;
#1350 = EDGE_CURVE ( 'NONE', #2100, #2662, #2378, .T. ) ;
#1351 = ORIENTED_EDGE ( 'NONE', *, *, #1439, .F. ) ;
#1352 = FILL_AREA_STYLE_COLOUR ( '', #3164 ) ;
#1353 = APPLICATION_PROTOCOL_DEFINITION ( 'draft international standard', 'automotive_design', 1998, #94 ) ;
#1354 = DIRECTION ( 'NONE',  ( 0.7071067811865540120, 0.0000000000000000000, -0.7071067811865410224 ) ) ;
#1355 = EDGE_LOOP ( 'NONE', ( #1967, #1780, #2067, #1344 ) ) ;
#1356 = AXIS2_PLACEMENT_3D ( 'NONE', #838, #1086, #3204 ) ;
#1357 = DIRECTION ( 'NONE',  ( 1.000000000000000000, -7.256359638072918670E-17, 0.0000000000000000000 ) ) ;
#1358 = ORIENTED_EDGE ( 'NONE', *, *, #925, .F. ) ;
#1359 = CARTESIAN_POINT ( 'NONE',  ( -69.99999999999994316, 780.0000000000000000, 80.00000000000001421 ) ) ;
#1360 = VECTOR ( 'NONE', #1199, 1000.000000000000000 ) ;
#1361 = VECTOR ( 'NONE', #139, 1000.000000000000000 ) ;
#1362 = CARTESIAN_POINT ( 'NONE',  ( -124.9999999999999716, 0.0000000000000000000, 4.499999999999997335 ) ) ;
#1363 = VERTEX_POINT ( 'NONE', #1868 ) ;
#1364 = DIRECTION ( 'NONE',  ( -0.0000000000000000000, 1.000000000000000000, -0.0000000000000000000 ) ) ;
#1365 = EDGE_CURVE ( 'NONE', #177, #2690, #3566, .T. ) ;
#1366 = ORIENTED_EDGE ( 'NONE', *, *, #2265, .F. ) ;
#1367 = AXIS2_PLACEMENT_3D ( 'NONE', #1205, #1810, #556 ) ;
#1368 = CIRCLE ( 'NONE', #3570, 10.00000000000002309 ) ;
#1369 = ORIENTED_EDGE ( 'NONE', *, *, #2989, .F. ) ;
#1370 = VECTOR ( 'NONE', #2698, 1000.000000000000000 ) ;
#1371 = CYLINDRICAL_SURFACE ( 'NONE', #274, 3.399999999999986144 ) ;
#1372 = CARTESIAN_POINT ( 'NONE',  ( 69.99999999999997158, 780.0000000000000000, -80.00000000000000000 ) ) ;
#1373 = ADVANCED_FACE ( 'NONE', ( #3436 ), #2149, .F. ) ;
#1374 = AXIS2_PLACEMENT_3D ( 'NONE', #3531, #861, #2338 ) ;
#1375 = ORIENTED_EDGE ( 'NONE', *, *, #92, .F. ) ;
#1376 =( NAMED_UNIT ( * ) PLANE_ANGLE_UNIT ( ) SI_UNIT ( $, .RADIAN. ) );
#1377 = FACE_BOUND ( 'NONE', #2686, .T. ) ;
#1378 = CARTESIAN_POINT ( 'NONE',  ( 4.091569121926920263E-16, 15.00000000000000000, 120.5000000000000284 ) ) ;
#1379 = VECTOR ( 'NONE', #48, 1000.000000000000000 ) ;
#1380 = EDGE_LOOP ( 'NONE', ( #1034, #563, #433, #3270 ) ) ;
#1381 = CARTESIAN_POINT ( 'NONE',  ( 30.00000000000000000, 0.0000000000000000000, 128.4000000000000341 ) ) ;
#1382 = DIRECTION ( 'NONE',  ( 0.0000000000000000000, 0.0000000000000000000, 1.000000000000000000 ) ) ;
#1383 = DIRECTION ( 'NONE',  ( -7.401486830834376525E-17, -1.000000000000000000, -0.0000000000000000000 ) ) ;
#1384 = ORIENTED_EDGE ( 'NONE', *, *, #2341, .T. ) ;
#1385 = CARTESIAN_POINT ( 'NONE',  ( 69.99999999999997158, 780.0000000000000000, 80.00000000000000000 ) ) ;
#1386 = AXIS2_PLACEMENT_3D ( 'NONE', #2627, #2048, #824 ) ;
#1387 = AXIS2_PLACEMENT_3D ( 'NONE', #844, #2973, #2397 ) ;
#1388 = CARTESIAN_POINT ( 'NONE',  ( -144.9999999999999716, 15.00000000000000000, -145.0000000000000000 ) ) ;
#1389 = EDGE_LOOP ( 'NONE', ( #240, #3430, #336, #2977 ) ) ;
#1390 = SURFACE_STYLE_FILL_AREA ( #746 ) ;
#1391 = DIRECTION ( 'NONE',  ( -1.000000000000000000, 0.0000000000000000000, 0.0000000000000000000 ) ) ;
#1392 = CARTESIAN_POINT ( 'NONE',  ( -1.419341474236166827E-16, 15.00000000000000000, 125.0000000000000284 ) ) ;
#1393 = CARTESIAN_POINT ( 'NONE',  ( 124.9999999999999716, 0.0000000000000000000, 117.5000000000000000 ) ) ;
#1394 = EDGE_CURVE ( 'NONE', #868, #1158, #1431, .T. ) ;
#1395 = EDGE_LOOP ( 'NONE', ( #1166, #2502 ) ) ;
#1396 = EDGE_CURVE ( 'NONE', #3189, #1266, #616, .T. ) ;
#1397 = CARTESIAN_POINT ( 'NONE',  ( -114.9999999999999432, 800.0000000000000000, 125.0000000000000000 ) ) ;
#1398 = SURFACE_STYLE_USAGE ( .BOTH. , #2641 ) ;
#1399 = ORIENTED_EDGE ( 'NONE', *, *, #3339, .F. ) ;
#1400 = DIRECTION ( 'NONE',  ( 0.0000000000000000000, 0.0000000000000000000, 1.000000000000000000 ) ) ;
#1402 = CYLINDRICAL_SURFACE ( 'NONE', #1386, 7.500000000000007105 ) ;
#1401 = CARTESIAN_POINT ( 'NONE',  ( -89.99999999999994316, 714.9999999999998863, -42.50000000000004974 ) ) ;
#1403 = ORIENTED_EDGE ( 'NONE', *, *, #1201, .T. ) ;
#1404 = EDGE_LOOP ( 'NONE', ( #3559, #715, #755, #2960 ) ) ;
#1405 = CARTESIAN_POINT ( 'NONE',  ( -124.9999999999999716, 15.00000000000000000, 125.0000000000000000 ) ) ;
#1406 = FACE_OUTER_BOUND ( 'NONE', #125, .T. ) ;
#1407 = DIRECTION ( 'NONE',  ( -7.401486830834376525E-17, -1.000000000000000000, -0.0000000000000000000 ) ) ;
#1408 = CARTESIAN_POINT ( 'NONE',  ( 0.0000000000000000000, 0.0000000000000000000, -120.5000000000000000 ) ) ;
#1409 = EDGE_LOOP ( 'NONE', ( #2178, #1740 ) ) ;
#1410 = AXIS2_PLACEMENT_3D ( 'NONE', #1681, #3727, #730 ) ;
#1411 = PRESENTATION_STYLE_ASSIGNMENT (( #924 ) ) ;
#1412 = VECTOR ( 'NONE', #23, 1000.000000000000114 ) ;
#1413 = CARTESIAN_POINT ( 'NONE',  ( -149.9999999999999716, 15.00000000000000000, 139.9999999999999716 ) ) ;
#1414 = EDGE_LOOP ( 'NONE', ( #3569, #1746 ) ) ;
#1415 = EDGE_CURVE ( 'NONE', #2963, #167, #959, .T. ) ;
#1416 = DIRECTION ( 'NONE',  ( -1.000000000000000000, -0.0000000000000000000, -0.0000000000000000000 ) ) ;
#1417 = CARTESIAN_POINT ( 'NONE',  ( 0.0000000000000000000, -0.0009999999999992653654, 0.0000000000000000000 ) ) ;
#1418 = ORIENTED_EDGE ( 'NONE', *, *, #2265, .T. ) ;
#1419 = DIRECTION ( 'NONE',  ( 0.0000000000000000000, -1.000000000000000000, 0.0000000000000000000 ) ) ;
#1420 = CYLINDRICAL_SURFACE ( 'NONE', #2407, 10.00000000000002309 ) ;
#1421 = EDGE_LOOP ( 'NONE', ( #1647, #2387, #2897, #2796 ) ) ;
#1422 =( GEOMETRIC_REPRESENTATION_CONTEXT ( 3 ) GLOBAL_UNCERTAINTY_ASSIGNED_CONTEXT ( ( #2289 ) ) GLOBAL_UNIT_ASSIGNED_CONTEXT ( ( #2762, #2152, #3654 ) ) REPRESENTATION_CONTEXT ( 'NONE', 'WORKASPACE' ) );
#1423 = COLOUR_RGB ( '',1.000000000000000000, 1.000000000000000000, 1.000000000000000000 ) ;
#1424 = CYLINDRICAL_SURFACE ( 'NONE', #831, 10.00000000000002309 ) ;
#1425 = CARTESIAN_POINT ( 'NONE',  ( -1.419341474236166827E-16, 0.0000000000000000000, 125.0000000000000284 ) ) ;
#1426 = VERTEX_POINT ( 'NONE', #2228 ) ;
#1427 = EDGE_LOOP ( 'NONE', ( #3780, #319 ) ) ;
#1428 =( NAMED_UNIT ( * ) SI_UNIT ( $, .STERADIAN. ) SOLID_ANGLE_UNIT ( ) );
#1429 = VECTOR ( 'NONE', #1383, 1000.000000000000000 ) ;
#1430 = DIRECTION ( 'NONE',  ( 0.0000000000000000000, 0.0000000000000000000, 1.000000000000000000 ) ) ;
#1431 = LINE ( 'NONE', #2172, #1379 ) ;
#1432 = CARTESIAN_POINT ( 'NONE',  ( -139.9999999999999716, 15.00000000000000000, 150.0000000000000000 ) ) ;
#1433 = CARTESIAN_POINT ( 'NONE',  ( -30.00000000000000000, 15.00000000000000000, -125.0000000000000000 ) ) ;
#1434 = AXIS2_PLACEMENT_3D ( 'NONE', #345, #1588, #1559 ) ;
#1435 = CARTESIAN_POINT ( 'NONE',  ( 0.0000000000000000000, -0.0009999999999992653654, 0.0000000000000000000 ) ) ;
#1436 = ORIENTED_EDGE ( 'NONE', *, *, #351, .F. ) ;
#1437 = DIRECTION ( 'NONE',  ( 0.0000000000000000000, 0.0000000000000000000, 1.000000000000000000 ) ) ;
#1438 = DIRECTION ( 'NONE',  ( 0.0000000000000000000, 0.0000000000000000000, 1.000000000000000000 ) ) ;
#1439 = EDGE_CURVE ( 'NONE', #2195, #2769, #2791, .T. ) ;
#1440 = EDGE_LOOP ( 'NONE', ( #182, #314, #595, #3791 ) ) ;
#1441 = DIRECTION ( 'NONE',  ( 1.982541115402065849E-16, 0.0000000000000000000, 1.000000000000000000 ) ) ;
#1442 = CARTESIAN_POINT ( 'NONE',  ( -1.419341474236166827E-16, 15.00000000000000000, 125.0000000000000284 ) ) ;
#1443 = EDGE_CURVE ( 'NONE', #3029, #1097, #2925, .T. ) ;
#1444 = EDGE_CURVE ( 'NONE', #3851, #868, #1465, .T. ) ;
#1445 = ORIENTED_EDGE ( 'NONE', *, *, #521, .T. ) ;
#1446 = LINE ( 'NONE', #3815, #3411 ) ;
#1447 = AXIS2_PLACEMENT_3D ( 'NONE', #1432, #2304, #1090 ) ;
#1448 = ORIENTED_EDGE ( 'NONE', *, *, #3781, .T. ) ;
#1449 = FACE_OUTER_BOUND ( 'NONE', #235, .T. ) ;
#1450 = FACE_OUTER_BOUND ( 'NONE', #1421, .T. ) ;
#1451 = CARTESIAN_POINT ( 'NONE',  ( -80.00000000000000000, 714.9999999999998863, 45.00000000000000000 ) ) ;
#1453 = PRESENTATION_STYLE_ASSIGNMENT (( #834 ) ) ;
#1452 = CARTESIAN_POINT ( 'NONE',  ( -89.99999999999994316, 755.0000000000000000, 45.00000000000000000 ) ) ;
#1454 = CARTESIAN_POINT ( 'NONE',  ( -90.00000000000000000, 800.0000000000000000, 90.00000000000000000 ) ) ;
#1455 = AXIS2_PLACEMENT_3D ( 'NONE', #888, #2414, #1804 ) ;
#1456 = VERTEX_POINT ( 'NONE', #3111 ) ;
#1457 = LINE ( 'NONE', #2267, #2317 ) ;
#1458 = CYLINDRICAL_SURFACE ( 'NONE', #1920, 2.499999999999946709 ) ;
#1459 = ORIENTED_EDGE ( 'NONE', *, *, #2181, .F. ) ;
#1460 = EDGE_CURVE ( 'NONE', #2005, #1261, #1278, .T. ) ;
#1461 = DIRECTION ( 'NONE',  ( 7.401486830834376525E-17, 1.000000000000000000, 0.0000000000000000000 ) ) ;
#1462 = CIRCLE ( 'NONE', #2169, 7.500000000000007105 ) ;
#1463 = ORIENTED_EDGE ( 'NONE', *, *, #3084, .T. ) ;
#1464 = LINE ( 'NONE', #3401, #2965 ) ;
#1465 = CIRCLE ( 'NONE', #3225, 5.099999999999993427 ) ;
#1466 = DIRECTION ( 'NONE',  ( -0.7071067811865490160, -0.0000000000000000000, 0.7071067811865460184 ) ) ;
#1467 = DIRECTION ( 'NONE',  ( 0.0000000000000000000, 0.0000000000000000000, 1.000000000000000000 ) ) ;
#1468 = VERTEX_POINT ( 'NONE', #3151 ) ;
#1469 = MECHANICAL_DESIGN_GEOMETRIC_PRESENTATION_REPRESENTATION (  '', ( #3422 ), #140 ) ;
#1470 = ORIENTED_EDGE ( 'NONE', *, *, #2252, .T. ) ;
#1471 = CARTESIAN_POINT ( 'NONE',  ( 90.00000000000000000, 800.0000000000000000, -84.90000000000000568 ) ) ;
#1472 = CARTESIAN_POINT ( 'NONE',  ( -150.0000000000000284, 0.0000000000000000000, -139.9999999999999432 ) ) ;
#1473 = CARTESIAN_POINT ( 'NONE',  ( 142.5000000000000568, -0.0009999999999992653654, 4.975360907851466735E-13 ) ) ;
#1474 = ORIENTED_EDGE ( 'NONE', *, *, #2052, .F. ) ;
#1475 = VERTEX_POINT ( 'NONE', #2571 ) ;
#1476 = AXIS2_PLACEMENT_3D ( 'NONE', #1140, #2893, #523 ) ;
#1477 = CARTESIAN_POINT ( 'NONE',  ( 124.9999999999999716, 15.00000000000000000, 125.0000000000000000 ) ) ;
#1478 = ORIENTED_EDGE ( 'NONE', *, *, #2653, .T. ) ;
#1479 = DIRECTION ( 'NONE',  ( -0.0000000000000000000, 1.000000000000000000, -0.0000000000000000000 ) ) ;
#1480 = EDGE_CURVE ( 'NONE', #2125, #903, #161, .T. ) ;
#1481 = CARTESIAN_POINT ( 'NONE',  ( -70.00000000000004263, 15.00000000000000533, 90.00000000000000000 ) ) ;
#1482 = AXIS2_PLACEMENT_3D ( 'NONE', #1184, #1150, #2470 ) ;
#1483 = ORIENTED_EDGE ( 'NONE', *, *, #3781, .F. ) ;
#1484 = CARTESIAN_POINT ( 'NONE',  ( 142.5000000000000568, 0.0000000000000000000, 4.969982758673552325E-13 ) ) ;
#1485 = DIRECTION ( 'NONE',  ( 0.0000000000000000000, 0.0000000000000000000, 1.000000000000000000 ) ) ;
#1486 = EDGE_LOOP ( 'NONE', ( #3219, #2421, #1988, #482 ) ) ;
#1487 = DIRECTION ( 'NONE',  ( -0.0000000000000000000, 1.000000000000000000, -0.0000000000000000000 ) ) ;
#1488 = VECTOR ( 'NONE', #1161, 1000.000000000000000 ) ;
#1489 = DIRECTION ( 'NONE',  ( 7.256359638072919902E-17, 1.000000000000000000, 0.0000000000000000000 ) ) ;
#1490 = ORIENTED_EDGE ( 'NONE', *, *, #787, .F. ) ;
#1491 = PRESENTATION_STYLE_ASSIGNMENT (( #623 ) ) ;
#1492 = CARTESIAN_POINT ( 'NONE',  ( -124.9999999999999716, 15.00000000000000000, -117.5000000000000142 ) ) ;
#1493 = LINE ( 'NONE', #3094, #2992 ) ;
#1494 = CARTESIAN_POINT ( 'NONE',  ( 125.0000000000000000, 15.00000000000000000, -26.60000000000001208 ) ) ;
#1495 = DIRECTION ( 'NONE',  ( -1.000000000000000000, 0.0000000000000000000, 0.0000000000000000000 ) ) ;
#1496 = ORIENTED_EDGE ( 'NONE', *, *, #2200, .F. ) ;
#1497 = FACE_OUTER_BOUND ( 'NONE', #1121, .T. ) ;
#1498 = CARTESIAN_POINT ( 'NONE',  ( 124.9999999999999716, 15.00000000000000000, -117.5000000000000000 ) ) ;
#1499 = ORIENTED_EDGE ( 'NONE', *, *, #2255, .T. ) ;
#1500 = CARTESIAN_POINT ( 'NONE',  ( -80.00000000000000000, 780.0000000000000000, 69.99999999999998579 ) ) ;
#1501 = ORIENTED_EDGE ( 'NONE', *, *, #2487, .F. ) ;
#1502 = EDGE_CURVE ( 'NONE', #3227, #978, #2840, .T. ) ;
#1503 = AXIS2_PLACEMENT_3D ( 'NONE', #1451, #3537, #1758 ) ;
#1504 = CARTESIAN_POINT ( 'NONE',  ( -114.9999999999999432, 800.0000000000000000, -124.9999999999999432 ) ) ;
#1505 = COLOUR_RGB ( '',1.000000000000000000, 1.000000000000000000, 1.000000000000000000 ) ;
#1506 = ORIENTED_EDGE ( 'NONE', *, *, #2137, .T. ) ;
#1508 =( LENGTH_UNIT ( ) NAMED_UNIT ( * ) SI_UNIT ( .MILLI., .METRE. ) );
#1507 = COLOUR_RGB ( '',1.000000000000000000, 1.000000000000000000, 1.000000000000000000 ) ;
#1509 = FACE_OUTER_BOUND ( 'NONE', #2787, .T. ) ;
#1510 = ORIENTED_EDGE ( 'NONE', *, *, #1669, .F. ) ;
#1511 = EDGE_CURVE ( 'NONE', #277, #3224, #2284, .T. ) ;
#1512 = AXIS2_PLACEMENT_3D ( 'NONE', #2086, #3556, #3295 ) ;
#1513 = ORIENTED_EDGE ( 'NONE', *, *, #2428, .T. ) ;
#1514 = CARTESIAN_POINT ( 'NONE',  ( 150.0000000000000284, 0.0000000000000000000, 139.9999999999999147 ) ) ;
#1515 = CIRCLE ( 'NONE', #672, 19.99999999999998224 ) ;
#1516 = FACE_OUTER_BOUND ( 'NONE', #2450, .T. ) ;
#1517 = CARTESIAN_POINT ( 'NONE',  ( -69.99999999999998579, 780.0000000000000000, 69.99999999999998579 ) ) ;
#1518 = DIRECTION ( 'NONE',  ( -0.0000000000000000000, 1.000000000000000000, -0.0000000000000000000 ) ) ;
#1519 = CARTESIAN_POINT ( 'NONE',  ( -89.99999999999994316, 755.0000000000000000, -42.50000000000004974 ) ) ;
#1520 = FILL_AREA_STYLE ('',( #1823 ) ) ;
#1521 = ADVANCED_FACE ( 'NONE', ( #2044 ), #2185, .F. ) ;
#1522 =( GEOMETRIC_REPRESENTATION_CONTEXT ( 3 ) GLOBAL_UNCERTAINTY_ASSIGNED_CONTEXT ( ( #3245 ) ) GLOBAL_UNIT_ASSIGNED_CONTEXT ( ( #2522, #3400, #3733 ) ) REPRESENTATION_CONTEXT ( 'NONE', 'WORKASPACE' ) );
#1523 = EDGE_CURVE ( 'NONE', #3831, #1456, #20, .T. ) ;
#1524 = ORIENTED_EDGE ( 'NONE', *, *, #2124, .T. ) ;
#1525 = CARTESIAN_POINT ( 'NONE',  ( -90.00000000000000000, 800.0000000000000000, 90.00000000000000000 ) ) ;
#1526 = CARTESIAN_POINT ( 'NONE',  ( -124.9999999999999432, 780.0000000000000000, 115.0000000000000426 ) ) ;
#1527 = AXIS2_PLACEMENT_3D ( 'NONE', #2103, #3008, #1485 ) ;
#1528 = CARTESIAN_POINT ( 'NONE',  ( -124.9999999999999716, 0.0000000000000000000, 26.59999999999999787 ) ) ;
#1529 = ORIENTED_EDGE ( 'NONE', *, *, #3664, .F. ) ;
#1530 = PLANE ( 'NONE',  #2384 ) ;
#1531 = AXIS2_PLACEMENT_3D ( 'NONE', #3313, #943, #3032 ) ;
#1532 = CARTESIAN_POINT ( 'NONE',  ( 70.00000000000000000, 800.0000000000000000, -95.00000000000000000 ) ) ;
#1533 = CARTESIAN_POINT ( 'NONE',  ( 70.00000000000000000, 780.0000000000000000, -97.99999999999998579 ) ) ;
#1534 = ORIENTED_EDGE ( 'NONE', *, *, #704, .T. ) ;
#1535 = AXIS2_PLACEMENT_3D ( 'NONE', #867, #3253, #2392 ) ;
#1536 = CARTESIAN_POINT ( 'NONE',  ( -70.00000000000004263, 15.00000000000000533, -89.99999999999997158 ) ) ;
#1537 = ORIENTED_EDGE ( 'NONE', *, *, #1117, .F. ) ;
#1538 = CYLINDRICAL_SURFACE ( 'NONE', #1183, 2.499999999999946709 ) ;
#1539 = CIRCLE ( 'NONE', #3021, 7.500000000000007105 ) ;
#1540 = AXIS2_PLACEMENT_3D ( 'NONE', #2739, #2472, #80 ) ;
#1541 = STYLED_ITEM ( 'NONE', ( #206 ), #3026 ) ;
#1542 = DIRECTION ( 'NONE',  ( -1.000000000000000000, 0.0000000000000000000, 1.850371707708594563E-16 ) ) ;
#1543 = ORIENTED_EDGE ( 'NONE', *, *, #2205, .T. ) ;
#1544 = VECTOR ( 'NONE', #1775, 1000.000000000000114 ) ;
#1545 = CARTESIAN_POINT ( 'NONE',  ( -62.49999999999996447, 800.0000000000000000, 7.654042494670957804E-15 ) ) ;
#1546 = LINE ( 'NONE', #2475, #2070 ) ;
#1547 = FACE_BOUND ( 'NONE', #610, .T. ) ;
#1548 = AXIS2_PLACEMENT_3D ( 'NONE', #1477, #3874, #911 ) ;
#1549 = ORIENTED_EDGE ( 'NONE', *, *, #3188, .T. ) ;
#1550 =( LENGTH_UNIT ( ) NAMED_UNIT ( * ) SI_UNIT ( .MILLI., .METRE. ) );
#1551 = ORIENTED_EDGE ( 'NONE', *, *, #3203, .F. ) ;
#1552 =( LENGTH_UNIT ( ) NAMED_UNIT ( * ) SI_UNIT ( .MILLI., .METRE. ) );
#1553 = VERTEX_POINT ( 'NONE', #3397 ) ;
#1554 = LINE ( 'NONE', #2990, #3136 ) ;
#1555 = CARTESIAN_POINT ( 'NONE',  ( -7.500000000001047162, 15.00000000000000000, 149.9999999999999716 ) ) ;
#1556 = AXIS2_PLACEMENT_3D ( 'NONE', #1104, #3490, #1987 ) ;
#1557 = ORIENTED_EDGE ( 'NONE', *, *, #1798, .T. ) ;
#1558 = CARTESIAN_POINT ( 'NONE',  ( -142.5000000000000568, 0.0000000000000000000, -1.492608272355440021E-12 ) ) ;
#1559 = DIRECTION ( 'NONE',  ( 0.0000000000000000000, 0.0000000000000000000, 1.000000000000000000 ) ) ;
#1560 = SURFACE_SIDE_STYLE ('',( #845 ) ) ;
#1561 = ORIENTED_EDGE ( 'NONE', *, *, #1089, .T. ) ;
#1562 = EDGE_LOOP ( 'NONE', ( #492, #2573, #2677, #157 ) ) ;
#1563 = EDGE_CURVE ( 'NONE', #3110, #3594, #1239, .T. ) ;
#1564 = CIRCLE ( 'NONE', #630, 75.00000000000001421 ) ;
#1565 = LINE ( 'NONE', #2810, #2139 ) ;
#1566 = CIRCLE ( 'NONE', #3623, 10.00000000000000888 ) ;
#1567 = CARTESIAN_POINT ( 'NONE',  ( -7.500000000000000000, 15.00000000000000000, -150.0000000000000284 ) ) ;
#1568 = CARTESIAN_POINT ( 'NONE',  ( 0.0000000000000000000, 0.0000000000000000000, 0.0000000000000000000 ) ) ;
#1569 = VERTEX_POINT ( 'NONE', #3171 ) ;
#1570 = CARTESIAN_POINT ( 'NONE',  ( -69.99999999999998579, 780.0000000000000000, 69.99999999999998579 ) ) ;
#1571 = ORIENTED_EDGE ( 'NONE', *, *, #2998, .T. ) ;
#1572 = EDGE_CURVE ( 'NONE', #1281, #1891, #338, .T. ) ;
#1573 = DIRECTION ( 'NONE',  ( 0.0000000000000000000, 0.0000000000000000000, 1.000000000000000000 ) ) ;
#1574 = ORIENTED_EDGE ( 'NONE', *, *, #1594, .T. ) ;
#1575 = DIRECTION ( 'NONE',  ( 0.0000000000000000000, 0.0000000000000000000, 1.000000000000000000 ) ) ;
#1576 = VERTEX_POINT ( 'NONE', #208 ) ;
#1577 = UNCERTAINTY_MEASURE_WITH_UNIT (LENGTH_MEASURE( 1.000000000000000082E-05 ), #3300, 'distance_accuracy_value', 'NONE');
#1578 = CARTESIAN_POINT ( 'NONE',  ( -70.00000000000000000, 799.5000000000000000, 92.00000000000000000 ) ) ;
#1579 = MECHANICAL_DESIGN_GEOMETRIC_PRESENTATION_REPRESENTATION (  '', ( #263 ), #1522 ) ;
#1580 = SURFACE_STYLE_USAGE ( .BOTH. , #691 ) ;
#1581 = ORIENTED_EDGE ( 'NONE', *, *, #3591, .T. ) ;
#1582 = PRODUCT_CONTEXT ( 'NONE', #3360, 'mechanical' ) ;
#1583 = CARTESIAN_POINT ( 'NONE',  ( 30.00000000000000000, 0.0000000000000000000, 121.6000000000000512 ) ) ;
#1584 = ADVANCED_FACE ( 'NONE', ( #2743 ), #520, .F. ) ;
#1585 = EDGE_CURVE ( 'NONE', #2442, #1281, #2967, .T. ) ;
#1586 = CARTESIAN_POINT ( 'NONE',  ( 115.0000000000000568, 780.0000000000000000, 125.0000000000000000 ) ) ;
#1587 = FILL_AREA_STYLE_COLOUR ( '', #334 ) ;
#1588 = DIRECTION ( 'NONE',  ( -1.000000000000000000, -0.0000000000000000000, -0.0000000000000000000 ) ) ;
#1589 = DIRECTION ( 'NONE',  ( -7.401486830834376525E-17, -1.000000000000000000, -0.0000000000000000000 ) ) ;
#1590 = ORIENTED_EDGE ( 'NONE', *, *, #926, .T. ) ;
#1591 = LINE ( 'NONE', #3774, #493 ) ;
#1592 = LINE ( 'NONE', #2637, #792 ) ;
#1593 = DIRECTION ( 'NONE',  ( -1.000000000000000000, -0.0000000000000000000, -0.0000000000000000000 ) ) ;
#1594 = EDGE_CURVE ( 'NONE', #1951, #3775, #565, .T. ) ;
#1595 = CARTESIAN_POINT ( 'NONE',  ( 79.99999999999994316, 14.99999999999999467, 69.99999999999997158 ) ) ;
#1596 = ORIENTED_EDGE ( 'NONE', *, *, #2892, .F. ) ;
#1597 = LINE ( 'NONE', #1929, #545 ) ;
#1598 = FACE_BOUND ( 'NONE', #2296, .T. ) ;
#1599 = EDGE_CURVE ( 'NONE', #1601, #1984, #2468, .T. ) ;
#1600 = DIRECTION ( 'NONE',  ( 0.0000000000000000000, 0.0000000000000000000, 1.000000000000000000 ) ) ;
#1601 = VERTEX_POINT ( 'NONE', #458 ) ;
#1602 = AXIS2_PLACEMENT_3D ( 'NONE', #579, #3015, #2426 ) ;
#1603 = DIRECTION ( 'NONE',  ( -0.0000000000000000000, 1.000000000000000000, 0.0000000000000000000 ) ) ;
#1604 = LINE ( 'NONE', #2489, #809 ) ;
#1605 = DIRECTION ( 'NONE',  ( 0.0000000000000000000, 0.0000000000000000000, 1.000000000000000000 ) ) ;
#1607 = ORIENTED_EDGE ( 'NONE', *, *, #436, .F. ) ;
#1606 = CARTESIAN_POINT ( 'NONE',  ( -80.00000000000000000, 780.0000000000000000, 69.99999999999998579 ) ) ;
#1608 = CIRCLE ( 'NONE', #3487, 2.499999999999946709 ) ;
#1609 = ORIENTED_EDGE ( 'NONE', *, *, #1816, .F. ) ;
#1610 = CARTESIAN_POINT ( 'NONE',  ( 124.9999999999999716, 15.00000000000000000, -132.5000000000000000 ) ) ;
#1611 = LINE ( 'NONE', #223, #951 ) ;
#1612 = CIRCLE ( 'NONE', #1625, 3.000000000000002665 ) ;
#1613 = LINE ( 'NONE', #1028, #3381 ) ;
#1614 = AXIS2_PLACEMENT_3D ( 'NONE', #953, #3628, #1068 ) ;
#1615 = ORIENTED_EDGE ( 'NONE', *, *, #3445, .T. ) ;
#1616 = ORIENTED_EDGE ( 'NONE', *, *, #3316, .F. ) ;
#1617 = CARTESIAN_POINT ( 'NONE',  ( 69.99999999999997158, 14.99999999999999467, -89.99999999999998579 ) ) ;
#1618 = VECTOR ( 'NONE', #680, 1000.000000000000000 ) ;
#1619 = VECTOR ( 'NONE', #2478, 1000.000000000000000 ) ;
#1620 = CARTESIAN_POINT ( 'NONE',  ( -150.0000000000000284, 15.00000000000000000, -150.0000000000000000 ) ) ;
#1621 = EDGE_CURVE ( 'NONE', #3227, #3645, #1994, .T. ) ;
#1622 = AXIS2_PLACEMENT_3D ( 'NONE', #553, #288, #516 ) ;
#1623 = DIRECTION ( 'NONE',  ( -0.0000000000000000000, 1.000000000000000000, -0.0000000000000000000 ) ) ;
#1624 = ADVANCED_FACE ( 'NONE', ( #1516 ), #2656, .T. ) ;
#1625 = AXIS2_PLACEMENT_3D ( 'NONE', #975, #339, #3067 ) ;
#1626 = CARTESIAN_POINT ( 'NONE',  ( 149.9999999999999432, 15.00000000000000000, -139.9999999999999716 ) ) ;
#1627 = ORIENTED_EDGE ( 'NONE', *, *, #3716, .F. ) ;
#1628 = DIRECTION ( 'NONE',  ( 0.7071067811865474617, 0.0000000000000000000, 0.7071067811865474617 ) ) ;
#1629 = DIRECTION ( 'NONE',  ( -0.0000000000000000000, 1.000000000000000000, -0.0000000000000000000 ) ) ;
#1630 = DIRECTION ( 'NONE',  ( 0.0000000000000000000, 0.0000000000000000000, 1.000000000000000000 ) ) ;
#1631 = CLOSED_SHELL ( 'NONE', ( #2234, #3103, #1521, #920, #687, #373, #1896, #394, #3466, #3399, #2299, #2530, #2497, #1902, #2121, #155, #1118, #3126, #710, #1009, #145, #1678, #3178, #3192, #474, #1584, #3406, #2101 ) ) ;
#1632 = ADVANCED_FACE ( 'NONE', ( #3104 ), #3758, .F. ) ;
#1633 = DIRECTION ( 'NONE',  ( -0.7071067811865461294, 5.233641528945905718E-17, 0.7071067811865489050 ) ) ;
#1634 = AXIS2_PLACEMENT_3D ( 'NONE', #2447, #1575, #1857 ) ;
#1635 = CARTESIAN_POINT ( 'NONE',  ( -30.00000000000000000, 15.00000000000000000, -128.3999999999999773 ) ) ;
#1636 = EDGE_LOOP ( 'NONE', ( #3533, #3183 ) ) ;
#1637 = CARTESIAN_POINT ( 'NONE',  ( 90.00000000000000000, 800.0000000000000000, 90.00000000000000000 ) ) ;
#1638 = ORIENTED_EDGE ( 'NONE', *, *, #737, .T. ) ;
#1639 = DIRECTION ( 'NONE',  ( 0.0000000000000000000, 0.0000000000000000000, 1.000000000000000000 ) ) ;
#1640 =( GEOMETRIC_REPRESENTATION_CONTEXT ( 3 ) GLOBAL_UNCERTAINTY_ASSIGNED_CONTEXT ( ( #3491 ) ) GLOBAL_UNIT_ASSIGNED_CONTEXT ( ( #2877, #1684, #3747 ) ) REPRESENTATION_CONTEXT ( 'NONE', 'WORKASPACE' ) );
#1641 =( NAMED_UNIT ( * ) PLANE_ANGLE_UNIT ( ) SI_UNIT ( $, .RADIAN. ) );
#1642 = EDGE_LOOP ( 'NONE', ( #3656, #2391, #1615, #1298 ) ) ;
#1643 = EDGE_CURVE ( 'NONE', #1908, #2970, #1566, .T. ) ;
#1644 = DIRECTION ( 'NONE',  ( -1.000000000000000000, -0.0000000000000000000, -0.0000000000000000000 ) ) ;
#1645 = FACE_BOUND ( 'NONE', #655, .T. ) ;
#1646 = UNCERTAINTY_MEASURE_WITH_UNIT (LENGTH_MEASURE( 1.000000000000000082E-05 ), #1552, 'distance_accuracy_value', 'NONE');
#1647 = ORIENTED_EDGE ( 'NONE', *, *, #3739, .T. ) ;
#1648 = FILL_AREA_STYLE ('',( #783 ) ) ;
#1649 = CARTESIAN_POINT ( 'NONE',  ( -70.00000000000000000, 780.0000000000000000, 97.99999999999998579 ) ) ;
#1650 = ADVANCED_FACE ( 'NONE', ( #2333 ), #1853, .F. ) ;
#1651 = ORIENTED_EDGE ( 'NONE', *, *, #3393, .T. ) ;
#1652 = EDGE_CURVE ( 'NONE', #2442, #18, #2087, .T. ) ;
#1653 = DIRECTION ( 'NONE',  ( 0.0000000000000000000, 0.0000000000000000000, -1.000000000000000000 ) ) ;
#1654 = CYLINDRICAL_SURFACE ( 'NONE', #307, 4.499999999999990230 ) ;
#1655 = FACE_OUTER_BOUND ( 'NONE', #2991, .T. ) ;
#1656 = VERTEX_POINT ( 'NONE', #468 ) ;
#1657 = LINE ( 'NONE', #2974, #1370 ) ;
#1658 = AXIS2_PLACEMENT_3D ( 'NONE', #193, #3186, #1708 ) ;
#1659 = CIRCLE ( 'NONE', #857, 4.499999999999990230 ) ;
#1660 = FILL_AREA_STYLE_COLOUR ( '', #3861 ) ;
#1661 = DIRECTION ( 'NONE',  ( -0.0000000000000000000, 1.000000000000000000, -0.0000000000000000000 ) ) ;
#1662 = ORIENTED_EDGE ( 'NONE', *, *, #527, .T. ) ;
#1663 = ADVANCED_FACE ( 'NONE', ( #469 ), #2040, .F. ) ;
#1664 =( NAMED_UNIT ( * ) PLANE_ANGLE_UNIT ( ) SI_UNIT ( $, .RADIAN. ) );
#1665 = VERTEX_POINT ( 'NONE', #230 ) ;
#1666 = EDGE_LOOP ( 'NONE', ( #2577, #3195, #3296, #3671 ) ) ;
#1667 = CARTESIAN_POINT ( 'NONE',  ( -70.00000000000000000, 780.0000000000000000, 92.00000000000001421 ) ) ;
#1668 = DIRECTION ( 'NONE',  ( 0.0000000000000000000, 0.0000000000000000000, 1.000000000000000000 ) ) ;
#1669 = EDGE_CURVE ( 'NONE', #1079, #2210, #3152, .T. ) ;
#1670 = ORIENTED_EDGE ( 'NONE', *, *, #2558, .F. ) ;
#1671 = SURFACE_STYLE_USAGE ( .BOTH. , #829 ) ;
#1672 = ORIENTED_EDGE ( 'NONE', *, *, #1303, .F. ) ;
#1673 = ORIENTED_EDGE ( 'NONE', *, *, #1599, .T. ) ;
#1674 = CARTESIAN_POINT ( 'NONE',  ( -80.00000000000000000, 714.9999999999998863, 45.00000000000000000 ) ) ;
#1675 = AXIS2_PLACEMENT_3D ( 'NONE', #3682, #1329, #3122 ) ;
#1676 = EDGE_CURVE ( 'NONE', #688, #3472, #3482, .T. ) ;
#1677 = VECTOR ( 'NONE', #1603, 1000.000000000000000 ) ;
#1678 = ADVANCED_FACE ( 'NONE', ( #3013 ), #2559, .F. ) ;
#1679 = ORIENTED_EDGE ( 'NONE', *, *, #941, .T. ) ;
#1680 = DIRECTION ( 'NONE',  ( 0.0000000000000000000, 1.000000000000000000, 0.0000000000000000000 ) ) ;
#1681 = CARTESIAN_POINT ( 'NONE',  ( -124.9999999999999716, 15.00000000000000000, 125.0000000000000000 ) ) ;
#1682 = DIRECTION ( 'NONE',  ( 1.000000000000000000, 0.0000000000000000000, 0.0000000000000000000 ) ) ;
#1683 = ORIENTED_EDGE ( 'NONE', *, *, #2528, .T. ) ;
#1684 =( NAMED_UNIT ( * ) PLANE_ANGLE_UNIT ( ) SI_UNIT ( $, .RADIAN. ) );
#1685 = DIRECTION ( 'NONE',  ( 0.0000000000000000000, 0.0000000000000000000, 1.000000000000000000 ) ) ;
#1686 = VERTEX_POINT ( 'NONE', #1498 ) ;
#1687 = FACE_OUTER_BOUND ( 'NONE', #3597, .T. ) ;
#1688 = STYLED_ITEM ( 'NONE', ( #242 ), #2260 ) ;
#1689 = CARTESIAN_POINT ( 'NONE',  ( 9.184850993605148733E-15, 15.00000000000000000, -75.00000000000001421 ) ) ;
#1690 = VERTEX_POINT ( 'NONE', #3586 ) ;
#1691 =( NAMED_UNIT ( * ) PLANE_ANGLE_UNIT ( ) SI_UNIT ( $, .RADIAN. ) );
#1692 = LINE ( 'NONE', #1905, #3735 ) ;
#1693 = EDGE_CURVE ( 'NONE', #2801, #3093, #514, .T. ) ;
#1694 = DIRECTION ( 'NONE',  ( -0.7071067811865484609, 0.0000000000000000000, -0.7071067811865465735 ) ) ;
#1695 = VERTEX_POINT ( 'NONE', #2443 ) ;
#1696 = VERTEX_POINT ( 'NONE', #2727 ) ;
#1697 = CARTESIAN_POINT ( 'NONE',  ( 90.00000000000000000, 800.0000000000000000, 90.00000000000000000 ) ) ;
#1698 = ORIENTED_EDGE ( 'NONE', *, *, #376, .F. ) ;
#1699 = CIRCLE ( 'NONE', #1793, 10.00000000000002309 ) ;
#1700 = LINE ( 'NONE', #1742, #2781 ) ;
#1701 = FACE_BOUND ( 'NONE', #880, .T. ) ;
#1702 =( NAMED_UNIT ( * ) SI_UNIT ( $, .STERADIAN. ) SOLID_ANGLE_UNIT ( ) );
#1703 = ORIENTED_EDGE ( 'NONE', *, *, #3069, .F. ) ;
#1704 = CARTESIAN_POINT ( 'NONE',  ( 125.0000000000000568, 800.0000000000000000, 115.0000000000000142 ) ) ;
#1705 = VECTOR ( 'NONE', #2555, 1000.000000000000114 ) ;
#1706 = FACE_OUTER_BOUND ( 'NONE', #1108, .T. ) ;
#1707 = LINE ( 'NONE', #1122, #3289 ) ;
#1708 = DIRECTION ( 'NONE',  ( 0.0000000000000000000, 0.0000000000000000000, 1.000000000000000000 ) ) ;
#1709 = SURFACE_STYLE_FILL_AREA ( #960 ) ;
#1710 = ORIENTED_EDGE ( 'NONE', *, *, #3849, .T. ) ;
#1711 = ORIENTED_EDGE ( 'NONE', *, *, #2047, .T. ) ;
#1712 = CYLINDRICAL_SURFACE ( 'NONE', #995, 4.500000000000003553 ) ;
#1713 = CARTESIAN_POINT ( 'NONE',  ( -89.99999999999997158, 780.0000000000000000, 69.99999999999998579 ) ) ;
#1714 = FILL_AREA_STYLE ('',( #3498 ) ) ;
#1715 = ORIENTED_EDGE ( 'NONE', *, *, #2675, .F. ) ;
#1716 = CARTESIAN_POINT ( 'NONE',  ( 7.500000000000000000, -0.0009999999999992653654, -150.0000000000000284 ) ) ;
#1717 = AXIS2_PLACEMENT_3D ( 'NONE', #276, #1169, #1467 ) ;
#1718 = PLANE ( 'NONE',  #931 ) ;
#1719 = ORIENTED_EDGE ( 'NONE', *, *, #2052, .T. ) ;
#1720 = EDGE_CURVE ( 'NONE', #2375, #3174, #1191, .T. ) ;
#1721 = AXIS2_PLACEMENT_3D ( 'NONE', #3246, #2673, #267 ) ;
#1722 = DIRECTION ( 'NONE',  ( 0.0000000000000000000, 0.0000000000000000000, 1.000000000000000000 ) ) ;
#1723 =( NAMED_UNIT ( * ) PLANE_ANGLE_UNIT ( ) SI_UNIT ( $, .RADIAN. ) );
#1724 = CARTESIAN_POINT ( 'NONE',  ( 115.0000000000000568, 800.0000000000000000, -124.9999999999999432 ) ) ;
#1725 = AXIS2_PLACEMENT_3D ( 'NONE', #723, #2531, #2828 ) ;
#1726 = EDGE_CURVE ( 'NONE', #3488, #471, #1328, .T. ) ;
#1727 = DIRECTION ( 'NONE',  ( -0.0000000000000000000, 1.000000000000000000, -0.0000000000000000000 ) ) ;
#1728 =( NAMED_UNIT ( * ) SI_UNIT ( $, .STERADIAN. ) SOLID_ANGLE_UNIT ( ) );
#1729 =( GEOMETRIC_REPRESENTATION_CONTEXT ( 3 ) GLOBAL_UNCERTAINTY_ASSIGNED_CONTEXT ( ( #1939 ) ) GLOBAL_UNIT_ASSIGNED_CONTEXT ( ( #1879, #369, #75 ) ) REPRESENTATION_CONTEXT ( 'NONE', 'WORKASPACE' ) );
#1730 = ORIENTED_EDGE ( 'NONE', *, *, #121, .T. ) ;
#1731 = CARTESIAN_POINT ( 'NONE',  ( 150.0000000000000284, 15.00000000000000000, 139.9999999999999147 ) ) ;
#1732 = LINE ( 'NONE', #66, #1023 ) ;
#1733 = VECTOR ( 'NONE', #1171, 1000.000000000000114 ) ;
#1734 = DIRECTION ( 'NONE',  ( -0.7071067811865475727, 5.233641528945915579E-17, -0.7071067811865475727 ) ) ;
#1735 = ORIENTED_EDGE ( 'NONE', *, *, #2807, .T. ) ;
#1736 = PRESENTATION_LAYER_ASSIGNMENT (  '', '', ( #2670 ) ) ;
#1737 = DIRECTION ( 'NONE',  ( 7.256359638072918670E-17, 1.000000000000000000, 0.0000000000000000000 ) ) ;
#1738 = CYLINDRICAL_SURFACE ( 'NONE', #3676, 7.500000000000007105 ) ;
#1739 = CARTESIAN_POINT ( 'NONE',  ( -124.9999999999999432, 800.0000000000000000, -114.9999999999999574 ) ) ;
#1740 = ORIENTED_EDGE ( 'NONE', *, *, #376, .T. ) ;
#1741 = EDGE_CURVE ( 'NONE', #978, #3288, #1943, .T. ) ;
#1742 = CARTESIAN_POINT ( 'NONE',  ( -89.99999999999994316, 714.9999999999998863, 47.49999999999994316 ) ) ;
#1743 = ORIENTED_EDGE ( 'NONE', *, *, #28, .T. ) ;
#1744 = CIRCLE ( 'NONE', #73, 5.099999999999993427 ) ;
#1745 = DIRECTION ( 'NONE',  ( 0.0000000000000000000, 0.0000000000000000000, 1.000000000000000000 ) ) ;
#1746 = ORIENTED_EDGE ( 'NONE', *, *, #2058, .F. ) ;
#1747 = CIRCLE ( 'NONE', #1374, 10.00000000000000888 ) ;
#1748 = PRESENTATION_LAYER_ASSIGNMENT (  '', '', ( #1541 ) ) ;
#1749 = EDGE_CURVE ( 'NONE', #3159, #420, #3521, .T. ) ;
#1750 = FACE_OUTER_BOUND ( 'NONE', #2806, .T. ) ;
#1751 = CARTESIAN_POINT ( 'NONE',  ( -124.9999999999999716, 15.00000000000000000, 0.0000000000000000000 ) ) ;
#1752 = VERTEX_POINT ( 'NONE', #3092 ) ;
#1753 = DIRECTION ( 'NONE',  ( -7.401486830834376525E-17, -1.000000000000000000, -0.0000000000000000000 ) ) ;
#1754 = LINE ( 'NONE', #1897, #159 ) ;
#1755 = ORIENTED_EDGE ( 'NONE', *, *, #2930, .F. ) ;
#1756 = ORIENTED_EDGE ( 'NONE', *, *, #3084, .F. ) ;
#1757 = CARTESIAN_POINT ( 'NONE',  ( -7.500000000001047162, 15.00000000000000000, 149.9999999999999716 ) ) ;
#1758 = DIRECTION ( 'NONE',  ( 0.0000000000000000000, 1.000000000000000000, 0.0000000000000000000 ) ) ;
#1759 =( GEOMETRIC_REPRESENTATION_CONTEXT ( 3 ) GLOBAL_UNCERTAINTY_ASSIGNED_CONTEXT ( ( #948 ) ) GLOBAL_UNIT_ASSIGNED_CONTEXT ( ( #541, #1, #588 ) ) REPRESENTATION_CONTEXT ( 'NONE', 'WORKASPACE' ) );
#1760 = DIRECTION ( 'NONE',  ( -1.000000000000000000, -0.0000000000000000000, -0.0000000000000000000 ) ) ;
#1761 = DIRECTION ( 'NONE',  ( -7.256359638072918670E-17, -1.000000000000000000, -0.0000000000000000000 ) ) ;
#1762 = ORIENTED_EDGE ( 'NONE', *, *, #31, .F. ) ;
#1763 = ADVANCED_FACE ( 'NONE', ( #1141 ), #3382, .F. ) ;
#1764 = DIRECTION ( 'NONE',  ( -7.256359638072919902E-17, -1.000000000000000000, -0.0000000000000000000 ) ) ;
#1765 = ORIENTED_EDGE ( 'NONE', *, *, #233, .F. ) ;
#1766 = EDGE_CURVE ( 'NONE', #2854, #3174, #3797, .T. ) ;
#1767 = FILL_AREA_STYLE_COLOUR ( '', #1505 ) ;
#1768 = MANIFOLD_SOLID_BREP ( 'Ø6.0mm Dowel Hole1', #1631 ) ;
#1769 = ORIENTED_EDGE ( 'NONE', *, *, #527, .F. ) ;
#1770 = FACE_OUTER_BOUND ( 'NONE', #678, .T. ) ;
#1771 = DIRECTION ( 'NONE',  ( -1.000000000000000000, 0.0000000000000000000, 0.0000000000000000000 ) ) ;
#1772 = EDGE_CURVE ( 'NONE', #3437, #191, #295, .T. ) ;
#1773 = CARTESIAN_POINT ( 'NONE',  ( -89.99999999999994316, 714.9999999999998863, -45.00000000000000000 ) ) ;
#1774 = DIRECTION ( 'NONE',  ( 0.0000000000000000000, 0.0000000000000000000, 1.000000000000000000 ) ) ;
#1775 = DIRECTION ( 'NONE',  ( 0.7071067811865474617, -0.0000000000000000000, -0.7071067811865474617 ) ) ;
#1776 = ORIENTED_EDGE ( 'NONE', *, *, #3208, .T. ) ;
#1777 = PLANE ( 'NONE',  #1622 ) ;
#1778 = CARTESIAN_POINT ( 'NONE',  ( 125.0000000000000568, 780.0000000000000000, 115.0000000000000142 ) ) ;
#1779 = CARTESIAN_POINT ( 'NONE',  ( 3.519498277747516086E-14, 800.0000000000000000, 0.0000000000000000000 ) ) ;
#1780 = ORIENTED_EDGE ( 'NONE', *, *, #1816, .T. ) ;
#1781 = VECTOR ( 'NONE', #2949, 1000.000000000000000 ) ;
#1782 = CARTESIAN_POINT ( 'NONE',  ( 0.0000000000000000000, 780.0000000000000000, 0.0000000000000000000 ) ) ;
#1783 = ADVANCED_FACE ( 'NONE', ( #3234 ), #3198, .T. ) ;
#1784 = ORIENTED_EDGE ( 'NONE', *, *, #500, .T. ) ;
#1785 = COLOUR_RGB ( '',1.000000000000000000, 1.000000000000000000, 1.000000000000000000 ) ;
#1786 = DIRECTION ( 'NONE',  ( -0.7071067811865536790, 0.0000000000000000000, 0.7071067811865414665 ) ) ;
#1787 = ORIENTED_EDGE ( 'NONE', *, *, #121, .F. ) ;
#1788 = VERTEX_POINT ( 'NONE', #2501 ) ;
#1789 = DIRECTION ( 'NONE',  ( -0.0000000000000000000, -0.0000000000000000000, 1.000000000000000000 ) ) ;
#1790 = CIRCLE ( 'NONE', #2576, 7.500000000000007105 ) ;
#1791 = PRESENTATION_LAYER_ASSIGNMENT (  '', '', ( #866 ) ) ;
#1792 = PRODUCT_DEFINITION_CONTEXT ( 'detailed design', #1981, 'design' ) ;
#1793 = AXIS2_PLACEMENT_3D ( 'NONE', #533, #2660, #860 ) ;
#1794 = CARTESIAN_POINT ( 'NONE',  ( -30.00000000000000000, 15.00000000000000000, -125.0000000000000000 ) ) ;
#1795 = VERTEX_POINT ( 'NONE', #1864 ) ;
#1796 = VECTOR ( 'NONE', #3260, 1000.000000000000000 ) ;
#1797 = SURFACE_SIDE_STYLE ('',( #3261 ) ) ;
#1798 = EDGE_CURVE ( 'NONE', #3472, #858, #2462, .T. ) ;
#1799 = EDGE_LOOP ( 'NONE', ( #736, #780, #30, #3005 ) ) ;
#1800 = CARTESIAN_POINT ( 'NONE',  ( 70.00000000000000000, 780.0000000000000000, -95.00000000000000000 ) ) ;
#1801 = VERTEX_POINT ( 'NONE', #1555 ) ;
#1802 = VECTOR ( 'NONE', #2889, 1000.000000000000000 ) ;
#1803 = LINE ( 'NONE', #2404, #2918 ) ;
#1804 = DIRECTION ( 'NONE',  ( 0.0000000000000000000, 0.0000000000000000000, -1.000000000000000000 ) ) ;
#1805 = ORIENTED_EDGE ( 'NONE', *, *, #2609, .F. ) ;
#1806 = PRESENTATION_LAYER_ASSIGNMENT (  '', '', ( #384 ) ) ;
#1807 = ORIENTED_EDGE ( 'NONE', *, *, #967, .T. ) ;
#1808 = EDGE_CURVE ( 'NONE', #1984, #2471, #1659, .T. ) ;
#1809 = VECTOR ( 'NONE', #2704, 1000.000000000000000 ) ;
#1810 = DIRECTION ( 'NONE',  ( -0.7071067811865460184, 0.0000000000000000000, -0.7071067811865490160 ) ) ;
#1811 = ORIENTED_EDGE ( 'NONE', *, *, #3264, .T. ) ;
#1812 = CARTESIAN_POINT ( 'NONE',  ( -80.00000000000000000, 714.9999999999998863, -47.49999999999994316 ) ) ;
#1813 = AXIS2_PLACEMENT_3D ( 'NONE', #2303, #2002, #2021 ) ;
#1814 = FILL_AREA_STYLE_COLOUR ( '', #16 ) ;
#1815 = ORIENTED_EDGE ( 'NONE', *, *, #3208, .F. ) ;
#1816 = EDGE_CURVE ( 'NONE', #3437, #3831, #2696, .T. ) ;
#1817 = CARTESIAN_POINT ( 'NONE',  ( 124.9999999999999716, 15.00000000000000000, 117.5000000000000000 ) ) ;
#1818 = AXIS2_PLACEMENT_3D ( 'NONE', #265, #2383, #570 ) ;
#1819 = ORIENTED_EDGE ( 'NONE', *, *, #3789, .T. ) ;
#1820 = CARTESIAN_POINT ( 'NONE',  ( 125.0000000000000568, 780.0000000000000000, -114.9999999999999858 ) ) ;
#1821 = ORIENTED_EDGE ( 'NONE', *, *, #795, .T. ) ;
#1822 = PRESENTATION_STYLE_ASSIGNMENT (( #3489 ) ) ;
#1823 = FILL_AREA_STYLE_COLOUR ( '', #3035 ) ;
#1824 = VERTEX_POINT ( 'NONE', #2250 ) ;
#1825 = SURFACE_STYLE_FILL_AREA ( #3428 ) ;
#1826 = CARTESIAN_POINT ( 'NONE',  ( 7.499999999999902300, 0.0000000000000000000, -149.9999999999999716 ) ) ;
#1827 = SURFACE_STYLE_USAGE ( .BOTH. , #1861 ) ;
#1828 = ORIENTED_EDGE ( 'NONE', *, *, #1956, .F. ) ;
#1829 = CIRCLE ( 'NONE', #1455, 5.099999999999993427 ) ;
#1830 = VECTOR ( 'NONE', #2833, 1000.000000000000000 ) ;
#1831 = DIRECTION ( 'NONE',  ( -0.0000000000000000000, 1.000000000000000000, -0.0000000000000000000 ) ) ;
#1832 = VERTEX_POINT ( 'NONE', #3644 ) ;
#1833 = FILL_AREA_STYLE ('',( #2127 ) ) ;
#1834 = STYLED_ITEM ( 'NONE', ( #1042 ), #1287 ) ;
#1835 = VERTEX_POINT ( 'NONE', #72 ) ;
#1836 = FACE_OUTER_BOUND ( 'NONE', #2891, .T. ) ;
#1837 = FILL_AREA_STYLE_COLOUR ( '', #1035 ) ;
#1838 = DIRECTION ( 'NONE',  ( 0.0000000000000000000, 0.0000000000000000000, 1.000000000000000000 ) ) ;
#1839 = EDGE_LOOP ( 'NONE', ( #820, #2545, #383, #2287 ) ) ;
#1840 = LINE ( 'NONE', #3862, #1088 ) ;
#1841 = LINE ( 'NONE', #1106, #1272 ) ;
#1842 = DIRECTION ( 'NONE',  ( -0.0000000000000000000, 1.000000000000000000, -0.0000000000000000000 ) ) ;
#1843 = FACE_BOUND ( 'NONE', #3221, .T. ) ;
#1844 = EDGE_LOOP ( 'NONE', ( #3370, #3696, #2674, #3687 ) ) ;
#1846 =( NAMED_UNIT ( * ) PLANE_ANGLE_UNIT ( ) SI_UNIT ( $, .RADIAN. ) );
#1845 = CYLINDRICAL_SURFACE ( 'NONE', #3504, 3.400000000000000355 ) ;
#1847 = FACE_OUTER_BOUND ( 'NONE', #63, .T. ) ;
#1848 = ORIENTED_EDGE ( 'NONE', *, *, #1193, .F. ) ;
#1849 = EDGE_CURVE ( 'NONE', #789, #248, #1613, .T. ) ;
#1850 = AXIS2_PLACEMENT_3D ( 'NONE', #2314, #2619, #1437 ) ;
#1851 = ORIENTED_EDGE ( 'NONE', *, *, #2081, .F. ) ;
#1852 = CIRCLE ( 'NONE', #2883, 4.500000000000003553 ) ;
#1853 = CYLINDRICAL_SURFACE ( 'NONE', #2816, 75.00000000000001421 ) ;
#1854 = CARTESIAN_POINT ( 'NONE',  ( -90.00000000000000000, 800.0000000000000000, -90.00000000000000000 ) ) ;
#1855 = ORIENTED_EDGE ( 'NONE', *, *, #2148, .F. ) ;
#1856 = FACE_OUTER_BOUND ( 'NONE', #1486, .T. ) ;
#1857 = DIRECTION ( 'NONE',  ( 1.000000000000000000, 0.0000000000000000000, -0.0000000000000000000 ) ) ;
#1858 = CARTESIAN_POINT ( 'NONE',  ( 145.0000000000000000, 15.00000000000000000, 144.9999999999999716 ) ) ;
#1859 = CARTESIAN_POINT ( 'NONE',  ( 89.99999999999988631, 14.99999999999999289, -69.99999999999998579 ) ) ;
#1860 = CARTESIAN_POINT ( 'NONE',  ( 62.50000000000004263, 800.0000000000000000, 0.0000000000000000000 ) ) ;
#1861 = SURFACE_SIDE_STYLE ('',( #509 ) ) ;
#1862 = ORIENTED_EDGE ( 'NONE', *, *, #1288, .F. ) ;
#1863 = ORIENTED_EDGE ( 'NONE', *, *, #546, .F. ) ;
#1864 = CARTESIAN_POINT ( 'NONE',  ( 149.9999999999999716, 0.0000000000000000000, 7.500000000000485834 ) ) ;
#1865 = CYLINDRICAL_SURFACE ( 'NONE', #878, 3.000000000000002665 ) ;
#1866 = CARTESIAN_POINT ( 'NONE',  ( -90.00000000000000000, 800.0000000000000000, -84.90000000000000568 ) ) ;
#1867 =( GEOMETRIC_REPRESENTATION_CONTEXT ( 3 ) GLOBAL_UNCERTAINTY_ASSIGNED_CONTEXT ( ( #1577 ) ) GLOBAL_UNIT_ASSIGNED_CONTEXT ( ( #3300, #631, #3619 ) ) REPRESENTATION_CONTEXT ( 'NONE', 'WORKASPACE' ) );
#1868 = CARTESIAN_POINT ( 'NONE',  ( 125.0000000000000568, 780.0000000000000000, 115.0000000000000142 ) ) ;
#1869 = UNCERTAINTY_MEASURE_WITH_UNIT (LENGTH_MEASURE( 1.000000000000000082E-05 ), #221, 'distance_accuracy_value', 'NONE');
#1870 = DIRECTION ( 'NONE',  ( 1.000000000000000000, 0.0000000000000000000, 0.0000000000000000000 ) ) ;
#1871 = EDGE_CURVE ( 'NONE', #3538, #2210, #2420, .T. ) ;
#1872 = PRODUCT_DEFINITION ( 'UNKNOWN', '', #2482, #3846 ) ;
#1873 = ORIENTED_EDGE ( 'NONE', *, *, #3165, .T. ) ;
#1874 = LINE ( 'NONE', #1473, #1974 ) ;
#1875 =( NAMED_UNIT ( * ) SI_UNIT ( $, .STERADIAN. ) SOLID_ANGLE_UNIT ( ) );
#1876 = EDGE_CURVE ( 'NONE', #858, #1426, #3099, .T. ) ;
#1877 = DIRECTION ( 'NONE',  ( -0.7071067811865540120, 0.0000000000000000000, 0.7071067811865410224 ) ) ;
#1878 = ORIENTED_EDGE ( 'NONE', *, *, #597, .T. ) ;
#1880 = FACE_BOUND ( 'NONE', #1636, .T. ) ;
#1879 =( LENGTH_UNIT ( ) NAMED_UNIT ( * ) SI_UNIT ( .MILLI., .METRE. ) );
#1881 = ADVANCED_FACE ( 'NONE', ( #2328 ), #1424, .F. ) ;
#1882 = ORIENTED_EDGE ( 'NONE', *, *, #2355, .F. ) ;
#1883 = VERTEX_POINT ( 'NONE', #1649 ) ;
#1884 = LINE ( 'NONE', #886, #1796 ) ;
#1885 = DIRECTION ( 'NONE',  ( -1.000000000000000000, 8.673617379884042868E-17, 0.0000000000000000000 ) ) ;
#1886 = AXIS2_PLACEMENT_3D ( 'NONE', #2294, #457, #3118 ) ;
#1887 = VECTOR ( 'NONE', #3375, 1000.000000000000000 ) ;
#1888 = VERTEX_POINT ( 'NONE', #774 ) ;
#1889 = VECTOR ( 'NONE', #2835, 1000.000000000000000 ) ;
#1890 = CARTESIAN_POINT ( 'NONE',  ( -69.99999999999998579, 780.0000000000000000, -89.99999999999997158 ) ) ;
#1891 = VERTEX_POINT ( 'NONE', #1968 ) ;
#1892 = EDGE_CURVE ( 'NONE', #1795, #3232, #612, .T. ) ;
#1893 = FACE_BOUND ( 'NONE', #2933, .T. ) ;
#1894 = CYLINDRICAL_SURFACE ( 'NONE', #1032, 5.099999999999993427 ) ;
#1895 = AXIS2_PLACEMENT_3D ( 'NONE', #2858, #1959, #1680 ) ;
#1896 = ADVANCED_FACE ( 'NONE', ( #1750 ), #1136, .F. ) ;
#1897 = CARTESIAN_POINT ( 'NONE',  ( 149.9999999999999716, 15.00000000000000000, -150.0000000000000000 ) ) ;
#1898 = CARTESIAN_POINT ( 'NONE',  ( 0.0000000000000000000, 0.0000000000000000000, 0.0000000000000000000 ) ) ;
#1899 = ORIENTED_EDGE ( 'NONE', *, *, #2533, .F. ) ;
#1900 = DIRECTION ( 'NONE',  ( -0.0000000000000000000, 1.000000000000000000, -0.0000000000000000000 ) ) ;
#1901 = ORIENTED_EDGE ( 'NONE', *, *, #3664, .T. ) ;
#1902 = ADVANCED_FACE ( 'NONE', ( #3057 ), #2263, .F. ) ;
#1903 = LINE ( 'NONE', #918, #916 ) ;
#1904 = ADVANCED_FACE ( 'NONE', ( #3281 ), #1015, .F. ) ;
#1905 = CARTESIAN_POINT ( 'NONE',  ( -124.9999999999999716, 15.00000000000000000, -132.5000000000000000 ) ) ;
#1906 = ORIENTED_EDGE ( 'NONE', *, *, #2081, .T. ) ;
#1907 = DIRECTION ( 'NONE',  ( -1.000000000000000000, 0.0000000000000000000, 0.0000000000000000000 ) ) ;
#1908 = VERTEX_POINT ( 'NONE', #726 ) ;
#1909 = DIRECTION ( 'NONE',  ( 0.0000000000000000000, 1.000000000000000000, 0.0000000000000000000 ) ) ;
#1910 = DIRECTION ( 'NONE',  ( 0.0000000000000000000, 0.0000000000000000000, 1.000000000000000000 ) ) ;
#1911 = AXIS2_PLACEMENT_3D ( 'NONE', #818, #172, #2607 ) ;
#1912 = DIRECTION ( 'NONE',  ( 1.000000000000000000, 0.0000000000000000000, -6.033820786006285224E-17 ) ) ;
#1913 = CIRCLE ( 'NONE', #3338, 7.500000000000007105 ) ;
#1914 = DIRECTION ( 'NONE',  ( -0.0000000000000000000, 1.000000000000000000, -0.0000000000000000000 ) ) ;
#1915 = STYLED_ITEM ( 'NONE', ( #3065 ), #3178 ) ;
#1916 =( NAMED_UNIT ( * ) PLANE_ANGLE_UNIT ( ) SI_UNIT ( $, .RADIAN. ) );
#1917 = ORIENTED_EDGE ( 'NONE', *, *, #2778, .F. ) ;
#1918 = PLANE ( 'NONE',  #1927 ) ;
#1919 = EDGE_CURVE ( 'NONE', #3324, #2794, #2734, .T. ) ;
#1920 = AXIS2_PLACEMENT_3D ( 'NONE', #1213, #2966, #361 ) ;
#1921 = VERTEX_POINT ( 'NONE', #1626 ) ;
#1922 = CYLINDRICAL_SURFACE ( 'NONE', #676, 75.00000000000001421 ) ;
#1923 = ORIENTED_EDGE ( 'NONE', *, *, #2911, .F. ) ;
#1924 = DIRECTION ( 'NONE',  ( -0.0000000000000000000, 1.000000000000000000, -0.0000000000000000000 ) ) ;
#1925 = LINE ( 'NONE', #2624, #232 ) ;
#1926 = EDGE_CURVE ( 'NONE', #1883, #3674, #3007, .T. ) ;
#1927 = AXIS2_PLACEMENT_3D ( 'NONE', #1036, #124, #148 ) ;
#1928 = EDGE_CURVE ( 'NONE', #362, #1686, #1462, .T. ) ;
#1929 = CARTESIAN_POINT ( 'NONE',  ( -89.99999999999997158, 780.0000000000000000, 69.99999999999998579 ) ) ;
#1930 = CARTESIAN_POINT ( 'NONE',  ( 150.0000000000000000, 0.0000000000000000000, 7.500000000000524025 ) ) ;
#1931 = CARTESIAN_POINT ( 'NONE',  ( -69.99999999999998579, 780.0000000000000000, -89.99999999999997158 ) ) ;
#1932 = EDGE_LOOP ( 'NONE', ( #2593, #3612, #231, #1878 ) ) ;
#1933 = AXIS2_PLACEMENT_3D ( 'NONE', #2155, #1573, #2196 ) ;
#1934 = DIRECTION ( 'NONE',  ( 0.0000000000000000000, 0.0000000000000000000, 1.000000000000000000 ) ) ;
#1936 = EDGE_LOOP ( 'NONE', ( #3785, #3736 ) ) ;
#1935 = DIRECTION ( 'NONE',  ( -1.000000000000000000, 0.0000000000000000000, 6.033820786006285224E-17 ) ) ;
#1937 = FACE_BOUND ( 'NONE', #3128, .T. ) ;
#1938 = COLOUR_RGB ( '',1.000000000000000000, 1.000000000000000000, 1.000000000000000000 ) ;
#1939 = UNCERTAINTY_MEASURE_WITH_UNIT (LENGTH_MEASURE( 1.000000000000000082E-05 ), #1879, 'distance_accuracy_value', 'NONE');
#1940 = VERTEX_POINT ( 'NONE', #2241 ) ;
#1941 = DIRECTION ( 'NONE',  ( 1.000000000000000000, -0.0000000000000000000, -0.0000000000000000000 ) ) ;
#1942 = VECTOR ( 'NONE', #1157, 1000.000000000000000 ) ;
#1943 = CIRCLE ( 'NONE', #3206, 4.500000000000003553 ) ;
#1944 = CARTESIAN_POINT ( 'NONE',  ( -139.9999999999999716, 0.0000000000000000000, 150.0000000000000000 ) ) ;
#1945 = MECHANICAL_DESIGN_GEOMETRIC_PRESENTATION_REPRESENTATION (  '', ( #2670 ), #3182 ) ;
#1946 = EDGE_LOOP ( 'NONE', ( #2741, #3102 ) ) ;
#1947 = ORIENTED_EDGE ( 'NONE', *, *, #1926, .T. ) ;
#1948 = DIRECTION ( 'NONE',  ( -0.7071067811865475727, 0.0000000000000000000, 0.7071067811865475727 ) ) ;
#1949 = DIRECTION ( 'NONE',  ( -0.0000000000000000000, 1.000000000000000000, -0.0000000000000000000 ) ) ;
#1950 = DIRECTION ( 'NONE',  ( 0.0000000000000000000, 0.0000000000000000000, -1.000000000000000000 ) ) ;
#1951 = VERTEX_POINT ( 'NONE', #1944 ) ;
#1952 = CARTESIAN_POINT ( 'NONE',  ( 69.99999999999997158, 14.99999999999999467, -89.99999999999998579 ) ) ;
#1953 = ORIENTED_EDGE ( 'NONE', *, *, #1444, .F. ) ;
#1954 = FILL_AREA_STYLE ('',( #3447 ) ) ;
#1955 = AXIS2_PLACEMENT_3D ( 'NONE', #78, #677, #668 ) ;
#1956 = EDGE_CURVE ( 'NONE', #670, #3235, #2276, .T. ) ;
#1957 = ORIENTED_EDGE ( 'NONE', *, *, #1112, .T. ) ;
#1958 = EDGE_LOOP ( 'NONE', ( #102, #371, #1524, #2951 ) ) ;
#1959 = DIRECTION ( 'NONE',  ( 1.000000000000000000, -7.256359638072918670E-17, 0.0000000000000000000 ) ) ;
#1960 = CARTESIAN_POINT ( 'NONE',  ( -124.9999999999999432, 780.0000000000000000, -114.9999999999999574 ) ) ;
#1961 = DIRECTION ( 'NONE',  ( -0.0000000000000000000, -1.000000000000000000, -0.0000000000000000000 ) ) ;
#1962 = ADVANCED_FACE ( 'NONE', ( #3648 ), #3168, .T. ) ;
#1963 = ORIENTED_EDGE ( 'NONE', *, *, #1265, .T. ) ;
#1964 = CARTESIAN_POINT ( 'NONE',  ( 125.0000000000000568, 800.0000000000000000, -114.9999999999999858 ) ) ;
#1965 = AXIS2_PLACEMENT_3D ( 'NONE', #2820, #3108, #3404 ) ;
#1966 = DIRECTION ( 'NONE',  ( 7.256359638072918670E-17, 1.000000000000000000, 0.0000000000000000000 ) ) ;
#1967 = ORIENTED_EDGE ( 'NONE', *, *, #1772, .F. ) ;
#1968 = CARTESIAN_POINT ( 'NONE',  ( -124.9999999999999716, 15.00000000000000000, 33.39999999999999858 ) ) ;
#1969 = PRESENTATION_STYLE_ASSIGNMENT (( #391 ) ) ;
#1970 = ADVANCED_FACE ( 'NONE', ( #2961 ), #1371, .F. ) ;
#1971 = DIRECTION ( 'NONE',  ( -0.0000000000000000000, -0.0000000000000000000, 1.000000000000000000 ) ) ;
#1972 = ORIENTED_EDGE ( 'NONE', *, *, #1046, .F. ) ;
#1974 = VECTOR ( 'NONE', #573, 1000.000000000000000 ) ;
#1973 = DIRECTION ( 'NONE',  ( 0.0000000000000000000, 0.0000000000000000000, 1.000000000000000000 ) ) ;
#1975 = AXIS2_PLACEMENT_3D ( 'NONE', #2116, #2461, #2104 ) ;
#1976 = LINE ( 'NONE', #2702, #846 ) ;
#1977 = VERTEX_POINT ( 'NONE', #1385 ) ;
#1978 = ADVANCED_FACE ( 'NONE', ( #2126 ), #2912, .F. ) ;
#1979 = DIRECTION ( 'NONE',  ( 0.0000000000000000000, 0.0000000000000000000, 1.000000000000000000 ) ) ;
#1980 = LINE ( 'NONE', #357, #3363 ) ;
#1981 = APPLICATION_CONTEXT ( 'automotive_design' ) ;
#1982 = EDGE_CURVE ( 'NONE', #62, #2635, #905, .T. ) ;
#1983 = DIRECTION ( 'NONE',  ( 0.0000000000000000000, -1.000000000000000000, 0.0000000000000000000 ) ) ;
#1984 = VERTEX_POINT ( 'NONE', #3776 ) ;
#1985 = ORIENTED_EDGE ( 'NONE', *, *, #921, .F. ) ;
#1986 = DIRECTION ( 'NONE',  ( 0.0000000000000000000, 0.0000000000000000000, 1.000000000000000000 ) ) ;
#1987 = DIRECTION ( 'NONE',  ( 1.000000000000000000, 0.0000000000000000000, 0.0000000000000000000 ) ) ;
#1988 = ORIENTED_EDGE ( 'NONE', *, *, #1212, .T. ) ;
#1989 = CIRCLE ( 'NONE', #826, 4.500000000000003553 ) ;
#1990 = ORIENTED_EDGE ( 'NONE', *, *, #3356, .F. ) ;
#1991 =( NAMED_UNIT ( * ) SI_UNIT ( $, .STERADIAN. ) SOLID_ANGLE_UNIT ( ) );
#1992 = UNCERTAINTY_MEASURE_WITH_UNIT (LENGTH_MEASURE( 1.000000000000000082E-05 ), #375, 'distance_accuracy_value', 'NONE');
#1993 = LINE ( 'NONE', #3497, #3379 ) ;
#1994 = CIRCLE ( 'NONE', #1658, 4.499999999999997335 ) ;
#1995 = DIRECTION ( 'NONE',  ( 0.7071067811865389130, -0.0000000000000000000, 0.7071067811865561215 ) ) ;
#1996 = ORIENTED_EDGE ( 'NONE', *, *, #1350, .T. ) ;
#1997 = ORIENTED_EDGE ( 'NONE', *, *, #2609, .T. ) ;
#1998 = AXIS2_PLACEMENT_3D ( 'NONE', #3844, #2427, #3875 ) ;
#1999 = LINE ( 'NONE', #1778, #1190 ) ;
#2000 = AXIS2_PLACEMENT_3D ( 'NONE', #3577, #1233, #3588 ) ;
#2001 = ORIENTED_EDGE ( 'NONE', *, *, #1365, .F. ) ;
#2002 = DIRECTION ( 'NONE',  ( -0.0000000000000000000, 1.000000000000000000, -0.0000000000000000000 ) ) ;
#2003 = EDGE_CURVE ( 'NONE', #1258, #1217, #1608, .T. ) ;
#2004 = AXIS2_PLACEMENT_3D ( 'NONE', #1779, #2712, #1495 ) ;
#2005 = VERTEX_POINT ( 'NONE', #2035 ) ;
#2006 = DIRECTION ( 'NONE',  ( -7.256359638072919902E-17, -1.000000000000000000, -0.0000000000000000000 ) ) ;
#2007 = CARTESIAN_POINT ( 'NONE',  ( -142.5000000000000568, -0.0009999999999992653654, -1.492608272355440021E-12 ) ) ;
#2008 = ORIENTED_EDGE ( 'NONE', *, *, #2929, .T. ) ;
#2009 = SURFACE_SIDE_STYLE ('',( #1334 ) ) ;
#2010 =( GEOMETRIC_REPRESENTATION_CONTEXT ( 3 ) GLOBAL_UNCERTAINTY_ASSIGNED_CONTEXT ( ( #3718 ) ) GLOBAL_UNIT_ASSIGNED_CONTEXT ( ( #3737, #1664, #166 ) ) REPRESENTATION_CONTEXT ( 'NONE', 'WORKASPACE' ) );
#2011 = DIRECTION ( 'NONE',  ( -1.000000000000000000, -0.0000000000000000000, -0.0000000000000000000 ) ) ;
#2012 = ADVANCED_FACE ( 'NONE', ( #104 ), #3517, .F. ) ;
#2013 = DIRECTION ( 'NONE',  ( -0.0000000000000000000, 1.000000000000000000, -0.0000000000000000000 ) ) ;
#2014 = AXIS2_PLACEMENT_3D ( 'NONE', #2919, #3818, #840 ) ;
#2015 = DIRECTION ( 'NONE',  ( 0.7071067811865484609, -0.0000000000000000000, 0.7071067811865465735 ) ) ;
#2016 = CARTESIAN_POINT ( 'NONE',  ( 124.9999999999999716, 0.0000000000000000000, -132.5000000000000000 ) ) ;
#2017 = ORIENTED_EDGE ( 'NONE', *, *, #2058, .T. ) ;
#2018 = DIRECTION ( 'NONE',  ( -0.0000000000000000000, 1.000000000000000000, -0.0000000000000000000 ) ) ;
#2019 = VECTOR ( 'NONE', #729, 1000.000000000000000 ) ;
#2020 = EDGE_CURVE ( 'NONE', #873, #3324, #13, .T. ) ;
#2021 = DIRECTION ( 'NONE',  ( 0.0000000000000000000, 0.0000000000000000000, 1.000000000000000000 ) ) ;
#2022 = ORIENTED_EDGE ( 'NONE', *, *, #1928, .F. ) ;
#2023 = AXIS2_PLACEMENT_3D ( 'NONE', #3076, #3392, #2192 ) ;
#2024 = CIRCLE ( 'NONE', #2890, 62.50000000000000000 ) ;
#2025 = CARTESIAN_POINT ( 'NONE',  ( 150.0000000000000568, -0.0009999999999992653654, -7.499999999999475975 ) ) ;
#2027 = ORIENTED_EDGE ( 'NONE', *, *, #626, .T. ) ;
#2026 = DIRECTION ( 'NONE',  ( -0.7071067811865483499, 0.0000000000000000000, -0.7071067811865465735 ) ) ;
#2028 = CARTESIAN_POINT ( 'NONE',  ( 125.0000000000000568, 780.0000000000000000, 115.0000000000000142 ) ) ;
#2029 = MECHANICAL_DESIGN_GEOMETRIC_PRESENTATION_REPRESENTATION (  '', ( #384 ), #2010 ) ;
#2030 = CARTESIAN_POINT ( 'NONE',  ( -114.9999999999999432, 780.0000000000000000, 125.0000000000000000 ) ) ;
#2031 = ORIENTED_EDGE ( 'NONE', *, *, #3757, .T. ) ;
#2032 = CIRCLE ( 'NONE', #1240, 3.400000000000000355 ) ;
#2033 = DIRECTION ( 'NONE',  ( 0.0000000000000000000, 0.0000000000000000000, 1.000000000000000000 ) ) ;
#2034 = CONICAL_SURFACE ( 'NONE', #3157, 3.500000000000003109, 0.7853981633973927678 ) ;
#2035 = CARTESIAN_POINT ( 'NONE',  ( 70.00000000000000000, 800.0000000000000000, -98.50000000000000000 ) ) ;
#2036 = PRESENTATION_STYLE_ASSIGNMENT (( #1827 ) ) ;
#2037 = AXIS2_PLACEMENT_3D ( 'NONE', #3801, #1095, #1109 ) ;
#2038 = EDGE_LOOP ( 'NONE', ( #1851, #950, #3336, #2534 ) ) ;
#2039 = CARTESIAN_POINT ( 'NONE',  ( -149.9999999999999716, 0.0000000000000000000, 150.0000000000000000 ) ) ;
#2040 = CYLINDRICAL_SURFACE ( 'NONE', #38, 3.400000000000000355 ) ;
#2041 = ORIENTED_EDGE ( 'NONE', *, *, #3356, .T. ) ;
#2042 = ORIENTED_EDGE ( 'NONE', *, *, #2540, .F. ) ;
#2043 = LINE ( 'NONE', #3722, #3528 ) ;
#2044 = FACE_OUTER_BOUND ( 'NONE', #354, .T. ) ;
#2045 = AXIS2_PLACEMENT_3D ( 'NONE', #1340, #3427, #1639 ) ;
#2046 = VERTEX_POINT ( 'NONE', #2298 ) ;
#2047 = EDGE_CURVE ( 'NONE', #624, #913, #423, .T. ) ;
#2048 = DIRECTION ( 'NONE',  ( -0.0000000000000000000, 1.000000000000000000, -0.0000000000000000000 ) ) ;
#2049 = AXIS2_PLACEMENT_3D ( 'NONE', #3465, #183, #1391 ) ;
#2050 = DIRECTION ( 'NONE',  ( 0.0000000000000000000, 1.000000000000000000, 0.0000000000000000000 ) ) ;
#2051 = ORIENTED_EDGE ( 'NONE', *, *, #2213, .F. ) ;
#2052 = EDGE_CURVE ( 'NONE', #1977, #3153, #562, .T. ) ;
#2053 = AXIS2_PLACEMENT_3D ( 'NONE', #3573, #586, #2099 ) ;
#2054 = DIRECTION ( 'NONE',  ( -0.7071067811865414665, 0.0000000000000000000, -0.7071067811865536790 ) ) ;
#2055 = DIRECTION ( 'NONE',  ( -0.0000000000000000000, 1.000000000000000000, -0.0000000000000000000 ) ) ;
#2056 = DIRECTION ( 'NONE',  ( 0.0000000000000000000, 0.0000000000000000000, 1.000000000000000000 ) ) ;
#2057 = AXIS2_PLACEMENT_3D ( 'NONE', #3432, #3113, #2850 ) ;
#2058 = EDGE_CURVE ( 'NONE', #614, #407, #3561, .T. ) ;
#2059 = UNCERTAINTY_MEASURE_WITH_UNIT (LENGTH_MEASURE( 1.000000000000000082E-05 ), #3585, 'distance_accuracy_value', 'NONE');
#2060 = ORIENTED_EDGE ( 'NONE', *, *, #2852, .T. ) ;
#2061 = FILL_AREA_STYLE ('',( #2090 ) ) ;
#2062 = CLOSED_SHELL ( 'NONE', ( #1226, #3698, #1970, #1663, #3771, #2458, #3169, #1020, #3279, #397, #1024, #2160, #3715, #542, #2222, #3669, #1373, #3440, #1763, #3449, #109, #825, #2518, #3667, #2546, #1632, #259, #1650, #2012, #763, #2749, #2436, #2437, #3346, #2851, #490, #247, #625, #3140, #27, #3377, #395, #986, #1904, #3155, #3355, #536, #707 ) ) ;
#2063 = DIRECTION ( 'NONE',  ( 0.7071067811865483499, 0.0000000000000000000, 0.7071067811865465735 ) ) ;
#2064 = FACE_OUTER_BOUND ( 'NONE', #251, .T. ) ;
#2065 = FACE_OUTER_BOUND ( 'NONE', #3634, .T. ) ;
#2066 = CARTESIAN_POINT ( 'NONE',  ( -150.0000000000000284, 15.00000000000000000, -150.0000000000000000 ) ) ;
#2067 = ORIENTED_EDGE ( 'NONE', *, *, #1523, .T. ) ;
#2068 = AXIS2_PLACEMENT_3D ( 'NONE', #347, #2464, #644 ) ;
#2069 = CYLINDRICAL_SURFACE ( 'NONE', #2277, 5.099999999999993427 ) ;
#2070 = VECTOR ( 'NONE', #1320, 999.9999999999998863 ) ;
#2071 = CARTESIAN_POINT ( 'NONE',  ( -70.00000000000004263, 15.00000000000000533, 69.99999999999998579 ) ) ;
#2072 = CARTESIAN_POINT ( 'NONE',  ( -90.00000000000000000, 800.0000000000000000, -84.90000000000000568 ) ) ;
#2073 = EDGE_CURVE ( 'NONE', #882, #1696, #196, .T. ) ;
#2074 = SURFACE_STYLE_USAGE ( .BOTH. , #885 ) ;
#2075 = ORIENTED_EDGE ( 'NONE', *, *, #3852, .T. ) ;
#2076 = CARTESIAN_POINT ( 'NONE',  ( -124.9999999999999716, 0.0000000000000000000, -132.5000000000000000 ) ) ;
#2077 = CARTESIAN_POINT ( 'NONE',  ( 70.00000000000000000, 800.0000000000000000, -91.50000000000000000 ) ) ;
#2078 = CIRCLE ( 'NONE', #972, 5.099999999999993427 ) ;
#2079 = CARTESIAN_POINT ( 'NONE',  ( -149.9999999999999716, 15.00000000000000000, 150.0000000000000000 ) ) ;
#2080 = FACE_OUTER_BOUND ( 'NONE', #1404, .T. ) ;
#2081 = EDGE_CURVE ( 'NONE', #1058, #2589, #2601, .T. ) ;
#2082 = VECTOR ( 'NONE', #178, 1000.000000000000000 ) ;
#2083 = DIRECTION ( 'NONE',  ( -0.0000000000000000000, 1.000000000000000000, -0.0000000000000000000 ) ) ;
#2084 = ORIENTED_EDGE ( 'NONE', *, *, #189, .F. ) ;
#2086 = CARTESIAN_POINT ( 'NONE',  ( 149.9999999999999716, 15.00000000000000000, -150.0000000000000000 ) ) ;
#2085 = FACE_OUTER_BOUND ( 'NONE', #3216, .T. ) ;
#2087 = CIRCLE ( 'NONE', #3320, 3.400000000000000355 ) ;
#2088 = ORIENTED_EDGE ( 'NONE', *, *, #2252, .F. ) ;
#2089 = EDGE_LOOP ( 'NONE', ( #538, #3213, #156, #2268 ) ) ;
#2090 = FILL_AREA_STYLE_COLOUR ( '', #2449 ) ;
#2091 = ORIENTED_EDGE ( 'NONE', *, *, #1480, .F. ) ;
#2092 = CARTESIAN_POINT ( 'NONE',  ( -124.9999999999999716, 15.00000000000000000, 4.500000000000003553 ) ) ;
#2093 = DIRECTION ( 'NONE',  ( 0.0000000000000000000, 0.0000000000000000000, 1.000000000000000000 ) ) ;
#2094 = PLANE ( 'NONE',  #784 ) ;
#2095 = ORIENTED_EDGE ( 'NONE', *, *, #2286, .T. ) ;
#2096 = DIRECTION ( 'NONE',  ( 0.0000000000000000000, 0.0000000000000000000, 1.000000000000000000 ) ) ;
#2097 = FILL_AREA_STYLE_COLOUR ( '', #3793 ) ;
#2098 = EDGE_CURVE ( 'NONE', #1690, #1569, #813, .T. ) ;
#2099 = DIRECTION ( 'NONE',  ( 0.0000000000000000000, 0.0000000000000000000, 1.000000000000000000 ) ) ;
#2100 = VERTEX_POINT ( 'NONE', #3480 ) ;
#2101 = ADVANCED_FACE ( 'NONE', ( #2417 ), #2034, .F. ) ;
#2102 = DIRECTION ( 'NONE',  ( 0.0000000000000000000, 0.0000000000000000000, -1.000000000000000000 ) ) ;
#2103 = CARTESIAN_POINT ( 'NONE',  ( 90.00000000000000000, 800.0000000000000000, 90.00000000000000000 ) ) ;
#2104 = DIRECTION ( 'NONE',  ( 0.0000000000000000000, 0.0000000000000000000, 1.000000000000000000 ) ) ;
#2105 =( LENGTH_UNIT ( ) NAMED_UNIT ( * ) SI_UNIT ( .MILLI., .METRE. ) );
#2106 = DIRECTION ( 'NONE',  ( 7.256359638072919902E-17, 1.000000000000000000, 0.0000000000000000000 ) ) ;
#2107 = ORIENTED_EDGE ( 'NONE', *, *, #583, .T. ) ;
#2108 = AXIS2_PLACEMENT_3D ( 'NONE', #2247, #3683, #2795 ) ;
#2109 = FILL_AREA_STYLE ('',( #3540 ) ) ;
#2110 = LINE ( 'NONE', #870, #1488 ) ;
#2111 = DIRECTION ( 'NONE',  ( 0.0000000000000000000, 1.000000000000000000, 0.0000000000000000000 ) ) ;
#2112 = EDGE_LOOP ( 'NONE', ( #269, #1101, #1855, #2500 ) ) ;
#2113 = PRESENTATION_STYLE_ASSIGNMENT (( #2813 ) ) ;
#2114 = FACE_OUTER_BOUND ( 'NONE', #3495, .T. ) ;
#2115 = AXIS2_PLACEMENT_3D ( 'NONE', #2505, #642, #356 ) ;
#2116 = CARTESIAN_POINT ( 'NONE',  ( -89.99999999999994316, 714.9999999999998863, -45.00000000000000000 ) ) ;
#2117 = ORIENTED_EDGE ( 'NONE', *, *, #661, .F. ) ;
#2119 = COLOUR_RGB ( '',0.6470588235294117974, 0.6196078431372549211, 0.5882352941176470784 ) ;
#2118 = CARTESIAN_POINT ( 'NONE',  ( 125.0000000000000000, 0.0000000000000000000, -30.00000000000000000 ) ) ;
#2120 = DIRECTION ( 'NONE',  ( 7.256359638072919902E-17, 1.000000000000000000, 0.0000000000000000000 ) ) ;
#2121 = ADVANCED_FACE ( 'NONE', ( #3095 ), #3453, .F. ) ;
#2122 = CARTESIAN_POINT ( 'NONE',  ( 7.499999999998951949, -0.0009999999999992653654, 150.0000000000000853 ) ) ;
#2123 = VERTEX_POINT ( 'NONE', #1960 ) ;
#2124 = EDGE_CURVE ( 'NONE', #2779, #32, #2322, .T. ) ;
#2125 = VERTEX_POINT ( 'NONE', #3131 ) ;
#2126 = FACE_OUTER_BOUND ( 'NONE', #575, .T. ) ;
#2127 = FILL_AREA_STYLE_COLOUR ( '', #3610 ) ;
#2128 = VECTOR ( 'NONE', #3641, 1000.000000000000000 ) ;
#2129 = ORIENTED_EDGE ( 'NONE', *, *, #451, .T. ) ;
#2130 = LINE ( 'NONE', #2958, #3560 ) ;
#2131 = SURFACE_STYLE_FILL_AREA ( #3372 ) ;
#2132 = CARTESIAN_POINT ( 'NONE',  ( 1.480297366166872495E-15, 800.0000000000000000, 0.0000000000000000000 ) ) ;
#2133 = SURFACE_STYLE_FILL_AREA ( #2337 ) ;
#2134 = VECTOR ( 'NONE', #922, 1000.000000000000000 ) ;
#2135 = CARTESIAN_POINT ( 'NONE',  ( 7.500000000000000000, 15.00000000000000000, -150.0000000000000284 ) ) ;
#2136 = VERTEX_POINT ( 'NONE', #2847 ) ;
#2137 = EDGE_CURVE ( 'NONE', #1795, #2274, #2830, .T. ) ;
#2138 = EDGE_CURVE ( 'NONE', #3674, #1883, #3469, .T. ) ;
#2139 = VECTOR ( 'NONE', #2525, 1000.000000000000000 ) ;
#2140 = CARTESIAN_POINT ( 'NONE',  ( -90.00000000000000000, 800.0000000000000000, 84.90000000000000568 ) ) ;
#2141 = CARTESIAN_POINT ( 'NONE',  ( 0.0000000000000000000, 15.00000000000000000, -142.5000000000000568 ) ) ;
#2142 = ORIENTED_EDGE ( 'NONE', *, *, #3073, .F. ) ;
#2143 = STYLED_ITEM ( 'NONE', ( #2227 ), #1896 ) ;
#2144 = CYLINDRICAL_SURFACE ( 'NONE', #1185, 5.099999999999993427 ) ;
#2145 = DIRECTION ( 'NONE',  ( 0.0000000000000000000, -1.000000000000000000, 0.0000000000000000000 ) ) ;
#2146 =( NAMED_UNIT ( * ) PLANE_ANGLE_UNIT ( ) SI_UNIT ( $, .RADIAN. ) );
#2147 = ORIENTED_EDGE ( 'NONE', *, *, #1669, .T. ) ;
#2148 = EDGE_CURVE ( 'NONE', #1832, #522, #1457, .T. ) ;
#2149 = PLANE ( 'NONE',  #1634 ) ;
#2150 = VERTEX_POINT ( 'NONE', #171 ) ;
#2151 = DIRECTION ( 'NONE',  ( 0.0000000000000000000, 0.0000000000000000000, 1.000000000000000000 ) ) ;
#2152 =( NAMED_UNIT ( * ) PLANE_ANGLE_UNIT ( ) SI_UNIT ( $, .RADIAN. ) );
#2153 = EDGE_CURVE ( 'NONE', #2618, #407, #3184, .T. ) ;
#2154 = DIRECTION ( 'NONE',  ( 0.0000000000000000000, 0.0000000000000000000, 1.000000000000000000 ) ) ;
#2155 = CARTESIAN_POINT ( 'NONE',  ( -150.0000000000000284, 15.00000000000000000, -150.0000000000000000 ) ) ;
#2156 = AXIS2_PLACEMENT_3D ( 'NONE', #1173, #850, #3499 ) ;
#2157 = DIRECTION ( 'NONE',  ( 0.0000000000000000000, -1.000000000000000000, -0.0000000000000000000 ) ) ;
#2158 = CARTESIAN_POINT ( 'NONE',  ( -69.99999999999998579, 780.0000000000000000, -69.99999999999998579 ) ) ;
#2159 = CARTESIAN_POINT ( 'NONE',  ( -150.0000000000000284, 15.00000000000000000, -150.0000000000000000 ) ) ;
#2160 = ADVANCED_FACE ( 'NONE', ( #2646 ), #3371, .F. ) ;
#2161 = ORIENTED_EDGE ( 'NONE', *, *, #207, .T. ) ;
#2162 = LINE ( 'NONE', #701, #85 ) ;
#2163 = SHAPE_DEFINITION_REPRESENTATION ( #2173, #689 ) ;
#2164 = SURFACE_SIDE_STYLE ('',( #1215 ) ) ;
#2165 = ORIENTED_EDGE ( 'NONE', *, *, #1643, .F. ) ;
#2166 = VECTOR ( 'NONE', #130, 1000.000000000000000 ) ;
#2167 = ORIENTED_EDGE ( 'NONE', *, *, #1643, .T. ) ;
#2168 = DIRECTION ( 'NONE',  ( -0.0000000000000000000, 1.000000000000000000, -0.0000000000000000000 ) ) ;
#2169 = AXIS2_PLACEMENT_3D ( 'NONE', #2602, #1727, #1430 ) ;
#2170 = ADVANCED_FACE ( 'NONE', ( #808 ), #3050, .T. ) ;
#2171 = FACE_BOUND ( 'NONE', #2799, .T. ) ;
#2172 = CARTESIAN_POINT ( 'NONE',  ( 90.00000000000000000, 800.0000000000000000, 95.09999999999999432 ) ) ;
#2173 = PRODUCT_DEFINITION_SHAPE ( 'NONE', 'NONE',  #1872 ) ;
#2174 = ORIENTED_EDGE ( 'NONE', *, *, #3188, .F. ) ;
#2175 = EDGE_CURVE ( 'NONE', #1951, #937, #3323, .T. ) ;
#2176 = DIRECTION ( 'NONE',  ( -1.850371707708594316E-16, -0.0000000000000000000, -1.000000000000000000 ) ) ;
#2177 = VECTOR ( 'NONE', #2494, 1000.000000000000000 ) ;
#2178 = ORIENTED_EDGE ( 'NONE', *, *, #2730, .T. ) ;
#2179 = CARTESIAN_POINT ( 'NONE',  ( -80.00000000000000000, 714.9999999999998863, -42.50000000000004974 ) ) ;
#2180 = CARTESIAN_POINT ( 'NONE',  ( 115.0000000000000568, 780.0000000000000000, 125.0000000000000000 ) ) ;
#2181 = EDGE_CURVE ( 'NONE', #1752, #833, #1841, .T. ) ;
#2182 = ORIENTED_EDGE ( 'NONE', *, *, #2336, .F. ) ;
#2183 = DIRECTION ( 'NONE',  ( -0.0000000000000000000, 1.000000000000000000, -0.0000000000000000000 ) ) ;
#2184 = CIRCLE ( 'NONE', #3096, 4.500000000000003553 ) ;
#2185 = CONICAL_SURFACE ( 'NONE', #722, 3.500000000000003109, 0.7853981633973927678 ) ;
#2186 = ORIENTED_EDGE ( 'NONE', *, *, #312, .T. ) ;
#2187 = ORIENTED_EDGE ( 'NONE', *, *, #2003, .F. ) ;
#2188 = DIRECTION ( 'NONE',  ( 0.0000000000000000000, 0.0000000000000000000, 1.000000000000000000 ) ) ;
#2189 = DIRECTION ( 'NONE',  ( -1.000000000000000000, -0.0000000000000000000, -0.0000000000000000000 ) ) ;
#2190 = EDGE_CURVE ( 'NONE', #1195, #2, #3091, .T. ) ;
#2191 = DIRECTION ( 'NONE',  ( -0.0000000000000000000, -1.000000000000000000, -0.0000000000000000000 ) ) ;
#2192 = DIRECTION ( 'NONE',  ( 0.0000000000000000000, 0.0000000000000000000, 1.000000000000000000 ) ) ;
#2193 = CARTESIAN_POINT ( 'NONE',  ( 115.0000000000000568, 780.0000000000000000, -124.9999999999999432 ) ) ;
#2194 = ORIENTED_EDGE ( 'NONE', *, *, #3835, .T. ) ;
#2195 = VERTEX_POINT ( 'NONE', #219 ) ;
#2196 = DIRECTION ( 'NONE',  ( 1.000000000000000000, 0.0000000000000000000, -0.0000000000000000000 ) ) ;
#2197 = ORIENTED_EDGE ( 'NONE', *, *, #2996, .T. ) ;
#2198 = LINE ( 'NONE', #2508, #3624 ) ;
#2199 = DIRECTION ( 'NONE',  ( -1.982541115402065849E-16, -0.0000000000000000000, -1.000000000000000000 ) ) ;
#2200 = EDGE_CURVE ( 'NONE', #3511, #177, #757, .T. ) ;
#2201 = AXIS2_PLACEMENT_3D ( 'NONE', #685, #2217, #2520 ) ;
#2202 = CARTESIAN_POINT ( 'NONE',  ( -124.9999999999999716, 15.00000000000000000, 26.59999999999999787 ) ) ;
#2203 = DIRECTION ( 'NONE',  ( 0.0000000000000000000, 1.000000000000000000, 0.0000000000000000000 ) ) ;
#2204 =( NAMED_UNIT ( * ) PLANE_ANGLE_UNIT ( ) SI_UNIT ( $, .RADIAN. ) );
#2205 = EDGE_CURVE ( 'NONE', #3684, #214, #1744, .T. ) ;
#2206 = DIRECTION ( 'NONE',  ( -0.0000000000000000000, 1.000000000000000000, -0.0000000000000000000 ) ) ;
#2207 = PRESENTATION_LAYER_ASSIGNMENT (  '', '', ( #1194 ) ) ;
#2208 = VERTEX_POINT ( 'NONE', #245 ) ;
#2209 = PLANE ( 'NONE',  #190 ) ;
#2210 = VERTEX_POINT ( 'NONE', #2318 ) ;
#2211 = SURFACE_STYLE_USAGE ( .BOTH. , #3041 ) ;
#2212 = AXIS2_PLACEMENT_3D ( 'NONE', #2777, #952, #1254 ) ;
#2213 = EDGE_CURVE ( 'NONE', #187, #224, #1700, .T. ) ;
#2214 = DIRECTION ( 'NONE',  ( 0.0000000000000000000, 0.0000000000000000000, 1.000000000000000000 ) ) ;
#2215 = ORIENTED_EDGE ( 'NONE', *, *, #2020, .T. ) ;
#2216 = PRESENTATION_STYLE_ASSIGNMENT (( #3083 ) ) ;
#2217 = DIRECTION ( 'NONE',  ( 1.000000000000000000, -7.256359638072918670E-17, 0.0000000000000000000 ) ) ;
#2218 = VERTEX_POINT ( 'NONE', #2606 ) ;
#2219 = CARTESIAN_POINT ( 'NONE',  ( -150.0000000000001137, 0.0000000000000000000, 7.499999999998428812 ) ) ;
#2220 = FACE_BOUND ( 'NONE', #3063, .T. ) ;
#2221 = DIRECTION ( 'NONE',  ( -1.000000000000000000, 0.0000000000000000000, 0.0000000000000000000 ) ) ;
#2222 = ADVANCED_FACE ( 'NONE', ( #463 ), #1718, .F. ) ;
#2223 = ORIENTED_EDGE ( 'NONE', *, *, #1313, .T. ) ;
#2224 = DIRECTION ( 'NONE',  ( 0.0000000000000000000, 0.0000000000000000000, 1.000000000000000000 ) ) ;
#2225 = DIRECTION ( 'NONE',  ( 0.0000000000000000000, 0.0000000000000000000, 1.000000000000000000 ) ) ;
#2226 = ORIENTED_EDGE ( 'NONE', *, *, #1919, .F. ) ;
#2227 = PRESENTATION_STYLE_ASSIGNMENT (( #3423 ) ) ;
#2228 = CARTESIAN_POINT ( 'NONE',  ( 70.00000000000000000, 799.5000000000000000, -98.00000000000000000 ) ) ;
#2229 = CARTESIAN_POINT ( 'NONE',  ( -89.99999999999994316, 755.0000000000000000, -45.00000000000000000 ) ) ;
#2230 = EDGE_CURVE ( 'NONE', #2274, #1079, #328, .T. ) ;
#2231 = FACE_OUTER_BOUND ( 'NONE', #848, .T. ) ;
#2232 = STYLED_ITEM ( 'NONE', ( #1309 ), #3698 ) ;
#2233 = CARTESIAN_POINT ( 'NONE',  ( 69.99999999999991473, 14.99999999999999467, 80.00000000000000000 ) ) ;
#2234 = ADVANCED_FACE ( 'NONE', ( #3743 ), #3839, .F. ) ;
#2235 = ORIENTED_EDGE ( 'NONE', *, *, #3607, .F. ) ;
#2236 = ORIENTED_EDGE ( 'NONE', *, *, #3629, .T. ) ;
#2237 = COLOUR_RGB ( '',1.000000000000000000, 1.000000000000000000, 1.000000000000000000 ) ;
#2238 = COLOUR_RGB ( '',1.000000000000000000, 1.000000000000000000, 1.000000000000000000 ) ;
#2239 = UNCERTAINTY_MEASURE_WITH_UNIT (LENGTH_MEASURE( 1.000000000000000082E-05 ), #2448, 'distance_accuracy_value', 'NONE');
#2240 = DIRECTION ( 'NONE',  ( 0.7071067811865480168, 0.0000000000000000000, -0.7071067811865470176 ) ) ;
#2241 = CARTESIAN_POINT ( 'NONE',  ( 115.0000000000000568, 780.0000000000000000, -124.9999999999999432 ) ) ;
#2242 = DIRECTION ( 'NONE',  ( -7.401486830834376525E-17, -1.000000000000000000, -0.0000000000000000000 ) ) ;
#2243 = CARTESIAN_POINT ( 'NONE',  ( 70.00000000000000000, 800.0000000000000000, -95.00000000000000000 ) ) ;
#2244 = FILL_AREA_STYLE_COLOUR ( '', #2352 ) ;
#2245 = CARTESIAN_POINT ( 'NONE',  ( 89.99999999999991473, 14.99999999999999289, 69.99999999999995737 ) ) ;
#2246 = ORIENTED_EDGE ( 'NONE', *, *, #1193, .T. ) ;
#2247 = CARTESIAN_POINT ( 'NONE',  ( 125.0000000000000000, 0.0000000000000000000, -30.00000000000000000 ) ) ;
#2248 =( GEOMETRIC_REPRESENTATION_CONTEXT ( 3 ) GLOBAL_UNCERTAINTY_ASSIGNED_CONTEXT ( ( #2915 ) ) GLOBAL_UNIT_ASSIGNED_CONTEXT ( ( #2484, #1301, #1875 ) ) REPRESENTATION_CONTEXT ( 'NONE', 'WORKASPACE' ) );
#2249 = DIRECTION ( 'NONE',  ( 6.033820786006285224E-17, -4.465924508724024472E-33, 1.000000000000000000 ) ) ;
#2250 = CARTESIAN_POINT ( 'NONE',  ( -114.9999999999999432, 780.0000000000000000, 125.0000000000000000 ) ) ;
#2251 = CARTESIAN_POINT ( 'NONE',  ( -149.9999999999999716, 15.00000000000000000, 150.0000000000000000 ) ) ;
#2252 = EDGE_CURVE ( 'NONE', #2, #1195, #2459, .T. ) ;
#2253 = DIRECTION ( 'NONE',  ( 0.0000000000000000000, 0.0000000000000000000, 1.000000000000000000 ) ) ;
#2254 = AXIS2_PLACEMENT_3D ( 'NONE', #2934, #2389, #3565 ) ;
#2255 = EDGE_CURVE ( 'NONE', #2466, #1217, #657, .T. ) ;
#2256 = CARTESIAN_POINT ( 'NONE',  ( -124.9999999999999716, 0.0000000000000000000, 117.5000000000000142 ) ) ;
#2257 = CARTESIAN_POINT ( 'NONE',  ( -89.99999999999994316, 755.0000000000000000, -45.00000000000000000 ) ) ;
#2258 = ORIENTED_EDGE ( 'NONE', *, *, #3301, .T. ) ;
#2259 = FACE_OUTER_BOUND ( 'NONE', #3643, .T. ) ;
#2260 = ADVANCED_FACE ( 'NONE', ( #703 ), #2269, .F. ) ;
#2261 = LINE ( 'NONE', #1492, #3730 ) ;
#2262 = ORIENTED_EDGE ( 'NONE', *, *, #2291, .F. ) ;
#2263 = PLANE ( 'NONE',  #1965 ) ;
#2264 = VECTOR ( 'NONE', #2199, 1000.000000000000000 ) ;
#2265 = EDGE_CURVE ( 'NONE', #2356, #3764, #1554, .T. ) ;
#2266 = DIRECTION ( 'NONE',  ( -0.0000000000000000000, 1.000000000000000000, -0.0000000000000000000 ) ) ;
#2267 = CARTESIAN_POINT ( 'NONE',  ( -114.9999999999999432, 800.0000000000000000, 125.0000000000000000 ) ) ;
#2268 = ORIENTED_EDGE ( 'NONE', *, *, #2416, .T. ) ;
#2269 = CYLINDRICAL_SURFACE ( 'NONE', #2625, 2.499999999999946709 ) ;
#2271 = VERTEX_POINT ( 'NONE', #1176 ) ;
#2270 = CARTESIAN_POINT ( 'NONE',  ( 62.50000000000004263, 800.0000000000000000, 0.0000000000000000000 ) ) ;
#2272 = COLOUR_RGB ( '',1.000000000000000000, 1.000000000000000000, 1.000000000000000000 ) ;
#2273 = LINE ( 'NONE', #692, #2177 ) ;
#2274 = VERTEX_POINT ( 'NONE', #1484 ) ;
#2275 = DIRECTION ( 'NONE',  ( -1.000000000000000000, -0.0000000000000000000, -0.0000000000000000000 ) ) ;
#2276 = CIRCLE ( 'NONE', #1356, 3.399999999999986144 ) ;
#2277 = AXIS2_PLACEMENT_3D ( 'NONE', #1454, #2380, #2151 ) ;
#2278 = VERTEX_POINT ( 'NONE', #1514 ) ;
#2279 = EDGE_LOOP ( 'NONE', ( #2993, #2927 ) ) ;
#2280 = SURFACE_STYLE_USAGE ( .BOTH. , #170 ) ;
#2281 = VECTOR ( 'NONE', #1119, 1000.000000000000000 ) ;
#2282 = LINE ( 'NONE', #486, #431 ) ;
#2283 = CARTESIAN_POINT ( 'NONE',  ( -124.9999999999999716, 15.00000000000000000, 26.59999999999999787 ) ) ;
#2284 = CIRCLE ( 'NONE', #2045, 3.000000000000002665 ) ;
#2285 = ORIENTED_EDGE ( 'NONE', *, *, #1288, .T. ) ;
#2286 = EDGE_CURVE ( 'NONE', #3235, #670, #3003, .T. ) ;
#2287 = ORIENTED_EDGE ( 'NONE', *, *, #521, .F. ) ;
#2288 = CARTESIAN_POINT ( 'NONE',  ( 0.0000000000000000000, 15.00000000000000000, -120.5000000000000000 ) ) ;
#2289 = UNCERTAINTY_MEASURE_WITH_UNIT (LENGTH_MEASURE( 1.000000000000000082E-05 ), #2762, 'distance_accuracy_value', 'NONE');
#2290 = DIRECTION ( 'NONE',  ( 0.7071067811865474617, -0.0000000000000000000, 0.7071067811865474617 ) ) ;
#2291 = EDGE_CURVE ( 'NONE', #522, #3627, #3598, .T. ) ;
#2292 = ORIENTED_EDGE ( 'NONE', *, *, #283, .F. ) ;
#2293 = ORIENTED_EDGE ( 'NONE', *, *, #264, .F. ) ;
#2294 = CARTESIAN_POINT ( 'NONE',  ( -124.9999999999999716, 0.0000000000000000000, 125.0000000000000000 ) ) ;
#2295 = DIRECTION ( 'NONE',  ( 0.0000000000000000000, 0.0000000000000000000, 1.000000000000000000 ) ) ;
#2296 = EDGE_LOOP ( 'NONE', ( #1651, #3563 ) ) ;
#2297 = CARTESIAN_POINT ( 'NONE',  ( -69.99999999999998579, 780.0000000000000000, 90.00000000000000000 ) ) ;
#2298 = CARTESIAN_POINT ( 'NONE',  ( -90.00000000000000000, 780.0000000000000000, 84.90000000000000568 ) ) ;
#2299 = ADVANCED_FACE ( 'NONE', ( #754, #654, #3738, #2952, #552, #2171, #3642, #234 ), #3006, .T. ) ;
#2300 = SURFACE_STYLE_USAGE ( .BOTH. , #153 ) ;
#2301 = EDGE_CURVE ( 'NONE', #2375, #349, #2549, .T. ) ;
#2302 = ORIENTED_EDGE ( 'NONE', *, *, #2200, .T. ) ;
#2303 = CARTESIAN_POINT ( 'NONE',  ( -124.9999999999999716, 15.00000000000000000, -125.0000000000000000 ) ) ;
#2304 = DIRECTION ( 'NONE',  ( 0.7071067811865475727, 0.0000000000000000000, -0.7071067811865475727 ) ) ;
#2305 = LINE ( 'NONE', #2683, #3220 ) ;
#2306 = ORIENTED_EDGE ( 'NONE', *, *, #2552, .T. ) ;
#2307 = VECTOR ( 'NONE', #3679, 1000.000000000000000 ) ;
#2308 = VECTOR ( 'NONE', #1518, 1000.000000000000000 ) ;
#2309 = CARTESIAN_POINT ( 'NONE',  ( 124.9999999999999716, 0.0000000000000000000, 4.938795603462354205E-17 ) ) ;
#2310 = ORIENTED_EDGE ( 'NONE', *, *, #632, .F. ) ;
#2311 = ORIENTED_EDGE ( 'NONE', *, *, #2540, .T. ) ;
#2312 = SURFACE_STYLE_USAGE ( .BOTH. , #2009 ) ;
#2313 = FACE_BOUND ( 'NONE', #3575, .T. ) ;
#2314 = CARTESIAN_POINT ( 'NONE',  ( -70.00000000000000000, 800.0000000000000000, 95.00000000000000000 ) ) ;
#2315 = ORIENTED_EDGE ( 'NONE', *, *, #2705, .F. ) ;
#2316 = CYLINDRICAL_SURFACE ( 'NONE', #3625, 3.000000000000002665 ) ;
#2317 = VECTOR ( 'NONE', #758, 1000.000000000000114 ) ;
#2318 = CARTESIAN_POINT ( 'NONE',  ( 149.9999999999999716, 0.0000000000000000000, -139.9999999999999716 ) ) ;
#2319 = CARTESIAN_POINT ( 'NONE',  ( -124.9999999999999716, 15.00000000000000000, 30.00000000000000000 ) ) ;
#2320 = ORIENTED_EDGE ( 'NONE', *, *, #2802, .F. ) ;
#2321 = CIRCLE ( 'NONE', #1387, 2.999999999999988898 ) ;
#2322 = CIRCLE ( 'NONE', #1410, 7.500000000000007105 ) ;
#2323 = SURFACE_SIDE_STYLE ('',( #2133 ) ) ;
#2324 = MECHANICAL_DESIGN_GEOMETRIC_PRESENTATION_REPRESENTATION (  '', ( #3298 ), #439 ) ;
#2325 = CARTESIAN_POINT ( 'NONE',  ( 62.50000000000002842, 780.0000000000000000, 0.0000000000000000000 ) ) ;
#2326 = ORIENTED_EDGE ( 'NONE', *, *, #1956, .T. ) ;
#2327 = LINE ( 'NONE', #2030, #909 ) ;
#2328 = FACE_OUTER_BOUND ( 'NONE', #134, .T. ) ;
#2329 = ORIENTED_EDGE ( 'NONE', *, *, #2539, .T. ) ;
#2330 = ORIENTED_EDGE ( 'NONE', *, *, #3711, .F. ) ;
#2331 = VECTOR ( 'NONE', #1111, 1000.000000000000000 ) ;
#2332 = FILL_AREA_STYLE ('',( #205 ) ) ;
#2333 = FACE_OUTER_BOUND ( 'NONE', #1125, .T. ) ;
#2334 = DIRECTION ( 'NONE',  ( -0.0000000000000000000, 1.000000000000000000, -0.0000000000000000000 ) ) ;
#2335 = DIRECTION ( 'NONE',  ( -1.850371707708594316E-16, -0.0000000000000000000, -1.000000000000000000 ) ) ;
#2336 = EDGE_CURVE ( 'NONE', #248, #1801, #42, .T. ) ;
#2337 = FILL_AREA_STYLE ('',( #211 ) ) ;
#2338 = DIRECTION ( 'NONE',  ( -1.000000000000000000, 0.0000000000000000000, 0.0000000000000000000 ) ) ;
#2339 = ORIENTED_EDGE ( 'NONE', *, *, #76, .F. ) ;
#2340 = CARTESIAN_POINT ( 'NONE',  ( 90.00000000000000000, 780.0000000000000000, -84.90000000000000568 ) ) ;
#2341 = EDGE_CURVE ( 'NONE', #3817, #261, #2024, .T. ) ;
#2342 = EDGE_CURVE ( 'NONE', #420, #3468, #3089, .T. ) ;
#2343 = CARTESIAN_POINT ( 'NONE',  ( -89.99999999999994316, 755.0000000000000000, -45.00000000000000000 ) ) ;
#2344 = DIRECTION ( 'NONE',  ( 0.0000000000000000000, 0.0000000000000000000, 1.000000000000000000 ) ) ;
#2345 = AXIS2_PLACEMENT_3D ( 'NONE', #86, #1257, #3337 ) ;
#2346 = DIRECTION ( 'NONE',  ( 0.0000000000000000000, 0.0000000000000000000, 1.000000000000000000 ) ) ;
#2347 = DIRECTION ( 'NONE',  ( -1.000000000000000000, 7.434529182757750325E-17, -9.912705577010332945E-17 ) ) ;
#2348 = ITEM_DEFINED_TRANSFORMATION ( 'NONE', 'NONE', #3811,  #77 ) ;
#2349 = MECHANICAL_DESIGN_GEOMETRIC_PRESENTATION_REPRESENTATION (  '', ( #489 ), #3064 ) ;
#2350 = PLANE ( 'NONE',  #1367 ) ;
#2351 = ORIENTED_EDGE ( 'NONE', *, *, #1072, .T. ) ;
#2352 = COLOUR_RGB ( '',0.6470588235294117974, 0.6196078431372549211, 0.5882352941176470784 ) ;
#2353 = MANIFOLD_SOLID_BREP ( 'M6 Tapped Hole1', #1011 ) ;
#2354 = CIRCLE ( 'NONE', #1535, 20.00000000000000355 ) ;
#2355 = EDGE_CURVE ( 'NONE', #789, #650, #8, .T. ) ;
#2356 = VERTEX_POINT ( 'NONE', #3834 ) ;
#2357 = AXIS2_PLACEMENT_3D ( 'NONE', #717, #3109, #3117 ) ;
#2358 = VECTOR ( 'NONE', #3080, 1000.000000000000000 ) ;
#2359 = VECTOR ( 'NONE', #3027, 1000.000000000000000 ) ;
#2360 = PRODUCT_DEFINITION_SHAPE ( 'NONE', 'NONE',  #209 ) ;
#2361 = CARTESIAN_POINT ( 'NONE',  ( -7.500000000001047162, -0.0009999999999992653654, 149.9999999999999716 ) ) ;
#2362 = ORIENTED_EDGE ( 'NONE', *, *, #1265, .F. ) ;
#2364 = ORIENTED_EDGE ( 'NONE', *, *, #3451, .F. ) ;
#2363 = CARTESIAN_POINT ( 'NONE',  ( 4.091569121926912375E-16, 0.0000000000000000000, 120.5000000000000284 ) ) ;
#2365 = SURFACE_STYLE_FILL_AREA ( #591 ) ;
#2366 = PRESENTATION_LAYER_ASSIGNMENT (  '', '', ( #940 ) ) ;
#2367 = PLANE ( 'NONE',  #3557 ) ;
#2368 = VERTEX_POINT ( 'NONE', #957 ) ;
#2369 =( NAMED_UNIT ( * ) SI_UNIT ( $, .STERADIAN. ) SOLID_ANGLE_UNIT ( ) );
#2370 = AXIS2_PLACEMENT_3D ( 'NONE', #3262, #6, #2093 ) ;
#2371 = FACE_OUTER_BOUND ( 'NONE', #549, .T. ) ;
#2372 = ORIENTED_EDGE ( 'NONE', *, *, #1139, .F. ) ;
#2373 = LINE ( 'NONE', #3226, #3055 ) ;
#2374 = VECTOR ( 'NONE', #365, 1000.000000000000000 ) ;
#2375 = VERTEX_POINT ( 'NONE', #2474 ) ;
#2376 = FACE_OUTER_BOUND ( 'NONE', #3271, .T. ) ;
#2377 = SURFACE_STYLE_FILL_AREA ( #1954 ) ;
#2378 = CIRCLE ( 'NONE', #1230, 3.400000000000000355 ) ;
#2379 = PRESENTATION_LAYER_ASSIGNMENT (  '', '', ( #3014 ) ) ;
#2380 = DIRECTION ( 'NONE',  ( -0.0000000000000000000, 1.000000000000000000, -0.0000000000000000000 ) ) ;
#2381 = EDGE_LOOP ( 'NONE', ( #3691, #81, #1206, #1243 ) ) ;
#2382 = ORIENTED_EDGE ( 'NONE', *, *, #3438, .F. ) ;
#2383 = DIRECTION ( 'NONE',  ( -0.0000000000000000000, 1.000000000000000000, -0.0000000000000000000 ) ) ;
#2384 = AXIS2_PLACEMENT_3D ( 'NONE', #621, #3617, #33 ) ;
#2385 = DIRECTION ( 'NONE',  ( 1.000000000000000000, -7.434529182757744162E-17, -9.912705577010325549E-17 ) ) ;
#2386 = ORIENTED_EDGE ( 'NONE', *, *, #851, .F. ) ;
#2387 = ORIENTED_EDGE ( 'NONE', *, *, #2750, .T. ) ;
#2388 = EDGE_CURVE ( 'NONE', #3639, #3858, #3129, .T. ) ;
#2389 = DIRECTION ( 'NONE',  ( 0.0000000000000000000, 1.000000000000000000, 0.0000000000000000000 ) ) ;
#2390 =( NAMED_UNIT ( * ) PLANE_ANGLE_UNIT ( ) SI_UNIT ( $, .RADIAN. ) );
#2391 = ORIENTED_EDGE ( 'NONE', *, *, #1350, .F. ) ;
#2392 = DIRECTION ( 'NONE',  ( -1.000000000000000000, 8.673617379884034239E-17, 0.0000000000000000000 ) ) ;
#2393 = DIRECTION ( 'NONE',  ( 0.0000000000000000000, 1.000000000000000000, 0.0000000000000000000 ) ) ;
#2394 = DIRECTION ( 'NONE',  ( -0.0000000000000000000, 1.000000000000000000, -0.0000000000000000000 ) ) ;
#2395 = SURFACE_STYLE_USAGE ( .BOTH. , #3574 ) ;
#2396 = ORIENTED_EDGE ( 'NONE', *, *, #2857, .T. ) ;
#2397 = DIRECTION ( 'NONE',  ( 0.0000000000000000000, 0.0000000000000000000, 1.000000000000000000 ) ) ;
#2398 = FACE_OUTER_BOUND ( 'NONE', #3578, .T. ) ;
#2399 = DIRECTION ( 'NONE',  ( -1.000000000000000000, 7.256359638072919902E-17, 0.0000000000000000000 ) ) ;
#2400 = EDGE_LOOP ( 'NONE', ( #2197, #3311 ) ) ;
#2401 =( GEOMETRIC_REPRESENTATION_CONTEXT ( 3 ) GLOBAL_UNCERTAINTY_ASSIGNED_CONTEXT ( ( #2239 ) ) GLOBAL_UNIT_ASSIGNED_CONTEXT ( ( #2448, #3066, #966 ) ) REPRESENTATION_CONTEXT ( 'NONE', 'WORKASPACE' ) );
#2402 =( LENGTH_UNIT ( ) NAMED_UNIT ( * ) SI_UNIT ( .MILLI., .METRE. ) );
#2403 = VECTOR ( 'NONE', #2242, 1000.000000000000000 ) ;
#2404 = CARTESIAN_POINT ( 'NONE',  ( -89.99999999999994316, 714.9999999999998863, 42.50000000000004974 ) ) ;
#2405 = ORIENTED_EDGE ( 'NONE', *, *, #2705, .T. ) ;
#2406 = EDGE_CURVE ( 'NONE', #1696, #673, #600, .T. ) ;
#2407 = AXIS2_PLACEMENT_3D ( 'NONE', #1570, #3658, #2439 ) ;
#2408 = FACE_OUTER_BOUND ( 'NONE', #3383, .T. ) ;
#2409 = CARTESIAN_POINT ( 'NONE',  ( 89.99999999999994316, 780.0000000000000000, -70.00000000000000000 ) ) ;
#2410 = PRODUCT_RELATED_PRODUCT_CATEGORY ( 'part', '', ( #337 ) ) ;
#2411 = EDGE_LOOP ( 'NONE', ( #9, #2292, #2262, #705 ) ) ;
#2412 = VECTOR ( 'NONE', #3536, 1000.000000000000000 ) ;
#2413 = FACE_OUTER_BOUND ( 'NONE', #2479, .T. ) ;
#2414 = DIRECTION ( 'NONE',  ( -0.0000000000000000000, -1.000000000000000000, -0.0000000000000000000 ) ) ;
#2415 = EDGE_LOOP ( 'NONE', ( #344, #3769, #590, #2879 ) ) ;
#2416 = EDGE_CURVE ( 'NONE', #907, #2635, #2594, .T. ) ;
#2417 = FACE_OUTER_BOUND ( 'NONE', #797, .T. ) ;
#2418 = DIRECTION ( 'NONE',  ( -0.0000000000000000000, 1.000000000000000000, -0.0000000000000000000 ) ) ;
#2419 = CIRCLE ( 'NONE', #1219, 4.499999999999997335 ) ;
#2420 = LINE ( 'NONE', #419, #819 ) ;
#2421 = ORIENTED_EDGE ( 'NONE', *, *, #3020, .T. ) ;
#2422 = ORIENTED_EDGE ( 'NONE', *, *, #309, .F. ) ;
#2423 = SURFACE_STYLE_USAGE ( .BOTH. , #1197 ) ;
#2424 = CARTESIAN_POINT ( 'NONE',  ( 149.9999999999999716, 15.00000000000000000, -150.0000000000000000 ) ) ;
#2425 = AXIS2_PLACEMENT_3D ( 'NONE', #1216, #2111, #1207 ) ;
#2426 = DIRECTION ( 'NONE',  ( 0.0000000000000000000, 0.0000000000000000000, 1.000000000000000000 ) ) ;
#2427 = DIRECTION ( 'NONE',  ( 1.000000000000000000, -7.256359638072918670E-17, 0.0000000000000000000 ) ) ;
#2428 = EDGE_CURVE ( 'NONE', #1788, #1940, #96, .T. ) ;
#2429 = PLANE ( 'NONE',  #2212 ) ;
#2430 = VERTEX_POINT ( 'NONE', #1536 ) ;
#2431 = SURFACE_SIDE_STYLE ('',( #428 ) ) ;
#2432 = AXIS2_PLACEMENT_3D ( 'NONE', #3318, #1593, #2792 ) ;
#2433 = CARTESIAN_POINT ( 'NONE',  ( -80.00000000000000000, 755.0000000000000000, -47.49999999999994316 ) ) ;
#2434 = CARTESIAN_POINT ( 'NONE',  ( 5.510910596163080681E-16, 15.00000000000000000, -129.5000000000000000 ) ) ;
#2435 = DIRECTION ( 'NONE',  ( 0.0000000000000000000, 0.0000000000000000000, -1.000000000000000000 ) ) ;
#2436 = ADVANCED_FACE ( 'NONE', ( #1497 ), #1738, .F. ) ;
#2437 = ADVANCED_FACE ( 'NONE', ( #416 ), #501, .F. ) ;
#2438 = DIRECTION ( 'NONE',  ( 0.0000000000000000000, 1.000000000000000000, 0.0000000000000000000 ) ) ;
#2439 = DIRECTION ( 'NONE',  ( 1.000000000000000000, 0.0000000000000000000, 0.0000000000000000000 ) ) ;
#2440 = CIRCLE ( 'NONE', #1327, 5.099999999999993427 ) ;
#2441 = DIRECTION ( 'NONE',  ( -0.0000000000000000000, 1.000000000000000000, -0.0000000000000000000 ) ) ;
#2442 = VERTEX_POINT ( 'NONE', #1528 ) ;
#2443 = CARTESIAN_POINT ( 'NONE',  ( 79.99999999999991473, 14.99999999999999467, -69.99999999999998579 ) ) ;
#2444 = CIRCLE ( 'NONE', #1482, 19.99999999999998224 ) ;
#2445 =( GEOMETRIC_REPRESENTATION_CONTEXT ( 3 ) GLOBAL_UNCERTAINTY_ASSIGNED_CONTEXT ( ( #1241 ) ) GLOBAL_UNIT_ASSIGNED_CONTEXT ( ( #168, #3699, #1059 ) ) REPRESENTATION_CONTEXT ( 'NONE', 'WORKASPACE' ) );
#2446 = ORIENTED_EDGE ( 'NONE', *, *, #2453, .T. ) ;
#2447 = CARTESIAN_POINT ( 'NONE',  ( -150.0000000000000284, 15.00000000000000000, -150.0000000000000000 ) ) ;
#2448 =( LENGTH_UNIT ( ) NAMED_UNIT ( * ) SI_UNIT ( .MILLI., .METRE. ) );
#2449 = COLOUR_RGB ( '',1.000000000000000000, 1.000000000000000000, 1.000000000000000000 ) ;
#2450 = EDGE_LOOP ( 'NONE', ( #2031, #1765, #772, #2849 ) ) ;
#2451 = SURFACE_STYLE_USAGE ( .BOTH. , #3626 ) ;
#2452 = FILL_AREA_STYLE_COLOUR ( '', #3052 ) ;
#2453 = EDGE_CURVE ( 'NONE', #3078, #494, #1790, .T. ) ;
#2454 = ORIENTED_EDGE ( 'NONE', *, *, #3385, .T. ) ;
#2455 = AXIS2_PLACEMENT_3D ( 'NONE', #598, #919, #3002 ) ;
#2456 = VECTOR ( 'NONE', #46, 1000.000000000000000 ) ;
#2457 = CARTESIAN_POINT ( 'NONE',  ( -124.9999999999999716, 15.00000000000000000, 4.499999999999997335 ) ) ;
#2458 = ADVANCED_FACE ( 'NONE', ( #2408 ), #3314, .F. ) ;
#2459 = CIRCLE ( 'NONE', #2425, 4.500000000000003553 ) ;
#2460 = DIRECTION ( 'NONE',  ( 0.0000000000000000000, 0.0000000000000000000, 1.000000000000000000 ) ) ;
#2461 = DIRECTION ( 'NONE',  ( -1.000000000000000000, -0.0000000000000000000, -0.0000000000000000000 ) ) ;
#2462 = LINE ( 'NONE', #3632, #865 ) ;
#2463 = AXIS2_PLACEMENT_3D ( 'NONE', #405, #1633, #2808 ) ;
#2464 = DIRECTION ( 'NONE',  ( -0.7071067811865475727, 0.0000000000000000000, -0.7071067811865475727 ) ) ;
#2465 = EDGE_LOOP ( 'NONE', ( #1237, #1342 ) ) ;
#2466 = VERTEX_POINT ( 'NONE', #636 ) ;
#2467 = CIRCLE ( 'NONE', #3405, 2.499999999999946709 ) ;
#2468 = LINE ( 'NONE', #3795, #2881 ) ;
#2469 = CARTESIAN_POINT ( 'NONE',  ( -62.49999999999996447, 780.0000000000000000, 7.654042494670957804E-15 ) ) ;
#2470 = DIRECTION ( 'NONE',  ( -1.000000000000000000, 0.0000000000000000000, 0.0000000000000000000 ) ) ;
#2471 = VERTEX_POINT ( 'NONE', #2753 ) ;
#2472 = DIRECTION ( 'NONE',  ( -0.0000000000000000000, 1.000000000000000000, -0.0000000000000000000 ) ) ;
#2473 = EDGE_LOOP ( 'NONE', ( #210, #1445, #2945, #2837 ) ) ;
#2474 = CARTESIAN_POINT ( 'NONE',  ( 89.99999999999997158, 780.0000000000000000, 69.99999999999995737 ) ) ;
#2475 = CARTESIAN_POINT ( 'NONE',  ( 150.0000000000000000, 15.00000000000000000, 7.500000000000524025 ) ) ;
#2476 = VERTEX_POINT ( 'NONE', #3040 ) ;
#2477 = AXIS2_PLACEMENT_3D ( 'NONE', #3410, #2203, #3119 ) ;
#2478 = DIRECTION ( 'NONE',  ( -0.0000000000000000000, 1.000000000000000000, -0.0000000000000000000 ) ) ;
#2479 = EDGE_LOOP ( 'NONE', ( #2629, #2608, #226, #1018 ) ) ;
#2480 = EDGE_CURVE ( 'NONE', #3645, #3288, #852, .T. ) ;
#2481 = DIRECTION ( 'NONE',  ( 0.0000000000000000000, 0.0000000000000000000, -1.000000000000000000 ) ) ;
#2482 = PRODUCT_DEFINITION_FORMATION_WITH_SPECIFIED_SOURCE ( 'ANY', '', #947, .NOT_KNOWN. ) ;
#2483 = VERTEX_POINT ( 'NONE', #1256 ) ;
#2484 =( LENGTH_UNIT ( ) NAMED_UNIT ( * ) SI_UNIT ( .MILLI., .METRE. ) );
#2485 = ORIENTED_EDGE ( 'NONE', *, *, #872, .T. ) ;
#2486 = AXIS2_PLACEMENT_3D ( 'NONE', #3686, #118, #2224 ) ;
#2487 = EDGE_CURVE ( 'NONE', #2884, #167, #322, .T. ) ;
#2488 = CARTESIAN_POINT ( 'NONE',  ( -89.99999999999994316, 714.9999999999998863, 45.00000000000000000 ) ) ;
#2489 = CARTESIAN_POINT ( 'NONE',  ( -149.9999999999999432, 15.00000000000000000, -7.500000000001570299 ) ) ;
#2490 = PRODUCT_DEFINITION_SHAPE ( 'NONE', 'NONE',  #3881 ) ;
#2491 = SURFACE_SIDE_STYLE ('',( #3507 ) ) ;
#2492 = PRESENTATION_STYLE_ASSIGNMENT (( #3854 ) ) ;
#2493 =( NAMED_UNIT ( * ) PLANE_ANGLE_UNIT ( ) SI_UNIT ( $, .RADIAN. ) );
#2494 = DIRECTION ( 'NONE',  ( -0.0000000000000000000, 1.000000000000000000, -0.0000000000000000000 ) ) ;
#2495 = ORIENTED_EDGE ( 'NONE', *, *, #2533, .T. ) ;
#2496 = VECTOR ( 'NONE', #2718, 1000.000000000000000 ) ;
#2497 = ADVANCED_FACE ( 'NONE', ( #990 ), #1336, .F. ) ;
#2498 = FACE_OUTER_BOUND ( 'NONE', #2526, .T. ) ;
#2499 = CARTESIAN_POINT ( 'NONE',  ( 89.99999999999988631, 14.99999999999999289, -70.00000000000000000 ) ) ;
#2500 = ORIENTED_EDGE ( 'NONE', *, *, #76, .T. ) ;
#2501 = CARTESIAN_POINT ( 'NONE',  ( 125.0000000000000568, 780.0000000000000000, -114.9999999999999858 ) ) ;
#2502 = ORIENTED_EDGE ( 'NONE', *, *, #2584, .F. ) ;
#2503 = VECTOR ( 'NONE', #893, 1000.000000000000000 ) ;
#2504 = CARTESIAN_POINT ( 'NONE',  ( 9.184850993605148733E-15, 0.0000000000000000000, -75.00000000000001421 ) ) ;
#2505 = CARTESIAN_POINT ( 'NONE',  ( -70.00000000000000000, 800.0000000000000000, 95.00000000000000000 ) ) ;
#2506 = ORIENTED_EDGE ( 'NONE', *, *, #1892, .T. ) ;
#2507 = EDGE_CURVE ( 'NONE', #1304, #3341, #3417, .T. ) ;
#2508 = CARTESIAN_POINT ( 'NONE',  ( 294.9999999999999432, 15.00000000000000000, 5.000000000000060396 ) ) ;
#2509 = FACE_BOUND ( 'NONE', #3319, .T. ) ;
#2510 = FILL_AREA_STYLE ('',( #976 ) ) ;
#2512 = VERTEX_POINT ( 'NONE', #1635 ) ;
#2511 = PLANE ( 'NONE',  #2463 ) ;
#2513 = CIRCLE ( 'NONE', #348, 5.099999999999993427 ) ;
#2514 = CARTESIAN_POINT ( 'NONE',  ( 150.0000000000000284, 0.0000000000000000000, 150.0000000000000000 ) ) ;
#2515 = VECTOR ( 'NONE', #2523, 1000.000000000000000 ) ;
#2516 = ORIENTED_EDGE ( 'NONE', *, *, #2213, .T. ) ;
#2517 = CARTESIAN_POINT ( 'NONE',  ( 3.371468541130828757E-14, 780.0000000000000000, 0.0000000000000000000 ) ) ;
#2518 = ADVANCED_FACE ( 'NONE', ( #1029, #938, #2313, #647, #143, #3223, #3272, #1645, #3180, #1598, #697, #1547, #3829, #802 ), #1013, .F. ) ;
#2519 = VECTOR ( 'NONE', #2672, 1000.000000000000000 ) ;
#2520 = DIRECTION ( 'NONE',  ( 0.0000000000000000000, 1.000000000000000000, 0.0000000000000000000 ) ) ;
#2521 = EDGE_CURVE ( 'NONE', #1824, #659, #2823, .T. ) ;
#2522 =( LENGTH_UNIT ( ) NAMED_UNIT ( * ) SI_UNIT ( .MILLI., .METRE. ) );
#2523 = DIRECTION ( 'NONE',  ( -1.850371707708594316E-16, -0.0000000000000000000, -1.000000000000000000 ) ) ;
#2524 =( GEOMETRIC_REPRESENTATION_CONTEXT ( 3 ) GLOBAL_UNCERTAINTY_ASSIGNED_CONTEXT ( ( #830 ) ) GLOBAL_UNIT_ASSIGNED_CONTEXT ( ( #3576, #3290, #1728 ) ) REPRESENTATION_CONTEXT ( 'NONE', 'WORKASPACE' ) );
#2525 = DIRECTION ( 'NONE',  ( -7.256359638072919902E-17, -1.000000000000000000, -0.0000000000000000000 ) ) ;
#2526 = EDGE_LOOP ( 'NONE', ( #3390, #3317, #2938, #478 ) ) ;
#2527 = CARTESIAN_POINT ( 'NONE',  ( -89.99999999999994316, 714.9999999999998863, -45.00000000000000000 ) ) ;
#2528 = EDGE_CURVE ( 'NONE', #3174, #3081, #2639, .T. ) ;
#2529 =( NAMED_UNIT ( * ) SI_UNIT ( $, .STERADIAN. ) SOLID_ANGLE_UNIT ( ) );
#2530 = ADVANCED_FACE ( 'NONE', ( #2865 ), #3713, .F. ) ;
#2531 = DIRECTION ( 'NONE',  ( -0.0000000000000000000, 1.000000000000000000, -0.0000000000000000000 ) ) ;
#2532 = PRODUCT_CONTEXT ( 'NONE', #94, 'mechanical' ) ;
#2533 = EDGE_CURVE ( 'NONE', #3081, #3484, #1515, .T. ) ;
#2534 = ORIENTED_EDGE ( 'NONE', *, *, #879, .T. ) ;
#2535 = CARTESIAN_POINT ( 'NONE',  ( -70.00000000000000000, 800.0000000000000000, 91.50000000000000000 ) ) ;
#2536 = EDGE_LOOP ( 'NONE', ( #3376, #3071, #980, #3832 ) ) ;
#2537 = LINE ( 'NONE', #1481, #135 ) ;
#2538 = CARTESIAN_POINT ( 'NONE',  ( 150.0000000000000000, -0.0009999999999992653654, 7.500000000000524025 ) ) ;
#2539 = EDGE_CURVE ( 'NONE', #3444, #2466, #2467, .T. ) ;
#2540 = EDGE_CURVE ( 'NONE', #2271, #1832, #3332, .T. ) ;
#2541 = DIRECTION ( 'NONE',  ( 0.0000000000000000000, 0.0000000000000000000, 1.000000000000000000 ) ) ;
#2542 = EDGE_LOOP ( 'NONE', ( #1506, #472, #1031, #933 ) ) ;
#2543 = VECTOR ( 'NONE', #3398, 1000.000000000000114 ) ;
#2544 = AXIS2_PLACEMENT_3D ( 'NONE', #2556, #401, #106 ) ;
#2545 = ORIENTED_EDGE ( 'NONE', *, *, #1849, .T. ) ;
#2546 = ADVANCED_FACE ( 'NONE', ( #467 ), #2209, .F. ) ;
#2547 = VECTOR ( 'NONE', #2995, 1000.000000000000000 ) ;
#2548 = CARTESIAN_POINT ( 'NONE',  ( -1.419341474236166827E-16, 15.00000000000000000, 129.5000000000000284 ) ) ;
#2549 = LINE ( 'NONE', #2409, #2997 ) ;
#2550 = ORIENTED_EDGE ( 'NONE', *, *, #988, .F. ) ;
#2551 = DIRECTION ( 'NONE',  ( -0.0000000000000000000, -0.0000000000000000000, 1.000000000000000000 ) ) ;
#2552 = EDGE_CURVE ( 'NONE', #2615, #2690, #615, .T. ) ;
#2553 = EDGE_LOOP ( 'NONE', ( #2422, #894, #3798, #2129 ) ) ;
#2554 = DIRECTION ( 'NONE',  ( -1.000000000000000000, 0.0000000000000000000, -0.0000000000000000000 ) ) ;
#2555 = DIRECTION ( 'NONE',  ( -0.7071067811865474617, -0.0000000000000000000, 0.7071067811865474617 ) ) ;
#2556 = CARTESIAN_POINT ( 'NONE',  ( 0.0000000000000000000, 15.00000000000000000, -125.0000000000000000 ) ) ;
#2557 = FACE_OUTER_BOUND ( 'NONE', #3506, .T. ) ;
#2558 = EDGE_CURVE ( 'NONE', #494, #362, #1238, .T. ) ;
#2559 = CYLINDRICAL_SURFACE ( 'NONE', #1527, 5.099999999999993427 ) ;
#2560 = ORIENTED_EDGE ( 'NONE', *, *, #1720, .T. ) ;
#2561 = DIRECTION ( 'NONE',  ( 0.0000000000000000000, 0.0000000000000000000, 1.000000000000000000 ) ) ;
#2562 = ORIENTED_EDGE ( 'NONE', *, *, #3584, .F. ) ;
#2563 = CIRCLE ( 'NONE', #1270, 3.500000000000003109 ) ;
#2564 = PLANE ( 'NONE',  #3217 ) ;
#2565 =( GEOMETRIC_REPRESENTATION_CONTEXT ( 3 ) GLOBAL_UNCERTAINTY_ASSIGNED_CONTEXT ( ( #411 ) ) GLOBAL_UNIT_ASSIGNED_CONTEXT ( ( #2868, #3158, #1702 ) ) REPRESENTATION_CONTEXT ( 'NONE', 'WORKASPACE' ) );
#2566 = ORIENTED_EDGE ( 'NONE', *, *, #2098, .T. ) ;
#2567 = EDGE_CURVE ( 'NONE', #2970, #1333, #1565, .T. ) ;
#2568 = CARTESIAN_POINT ( 'NONE',  ( 70.00000000000000000, 799.5000000000000000, -95.00000000000000000 ) ) ;
#2569 = ADVANCED_FACE ( 'NONE', ( #61 ), #2564, .T. ) ;
#2570 = DIRECTION ( 'NONE',  ( -0.0000000000000000000, 1.000000000000000000, -0.0000000000000000000 ) ) ;
#2571 = CARTESIAN_POINT ( 'NONE',  ( -142.5000000000000568, 0.0000000000000000000, -1.492729551078042505E-12 ) ) ;
#2572 = EDGE_LOOP ( 'NONE', ( #1534, #2339, #2042, #728 ) ) ;
#2573 = ORIENTED_EDGE ( 'NONE', *, *, #2286, .F. ) ;
#2574 = UNCERTAINTY_MEASURE_WITH_UNIT (LENGTH_MEASURE( 1.000000000000000082E-05 ), #1208, 'distance_accuracy_value', 'NONE');
#2575 = PLANE ( 'NONE',  #775 ) ;
#2576 = AXIS2_PLACEMENT_3D ( 'NONE', #627, #2742, #341 ) ;
#2577 = ORIENTED_EDGE ( 'NONE', *, *, #1652, .F. ) ;
#2578 = CARTESIAN_POINT ( 'NONE',  ( 0.0000000000000000000, 15.00000000000000000, 75.00000000000001421 ) ) ;
#2579 = DIRECTION ( 'NONE',  ( 0.7071067811865561215, 0.0000000000000000000, -0.7071067811865389130 ) ) ;
#2580 = CARTESIAN_POINT ( 'NONE',  ( 124.9999999999999716, 15.00000000000000000, 125.0000000000000000 ) ) ;
#2581 = AXIS2_PLACEMENT_3D ( 'NONE', #2527, #662, #2214 ) ;
#2582 = ORIENTED_EDGE ( 'NONE', *, *, #325, .F. ) ;
#2583 = DIRECTION ( 'NONE',  ( -1.000000000000000000, 0.0000000000000000000, 9.912705577010326782E-17 ) ) ;
#2584 = EDGE_CURVE ( 'NONE', #1553, #187, #958, .T. ) ;
#2585 = DIRECTION ( 'NONE',  ( 0.0000000000000000000, 1.000000000000000000, 0.0000000000000000000 ) ) ;
#2586 = ORIENTED_EDGE ( 'NONE', *, *, #3265, .T. ) ;
#2587 = CIRCLE ( 'NONE', #981, 7.500000000000007105 ) ;
#2588 = CARTESIAN_POINT ( 'NONE',  ( -70.00000000000004263, 15.00000000000000533, 69.99999999999998579 ) ) ;
#2589 = VERTEX_POINT ( 'NONE', #2899 ) ;
#2590 = VECTOR ( 'NONE', #103, 1000.000000000000000 ) ;
#2591 = DIRECTION ( 'NONE',  ( 0.7071067811865465735, -5.233641528945909416E-17, -0.7071067811865484609 ) ) ;
#2592 = ORIENTED_EDGE ( 'NONE', *, *, #3509, .T. ) ;
#2593 = ORIENTED_EDGE ( 'NONE', *, *, #1037, .T. ) ;
#2594 = LINE ( 'NONE', #977, #2359 ) ;
#2595 = CARTESIAN_POINT ( 'NONE',  ( -70.00000000000000000, 799.5000000000000000, 98.00000000000000000 ) ) ;
#2596 = ORIENTED_EDGE ( 'NONE', *, *, #2190, .T. ) ;
#2597 = FACE_BOUND ( 'NONE', #2666, .T. ) ;
#2598 = CARTESIAN_POINT ( 'NONE',  ( -9.950721815702933470E-13, 15.00000000000000000, 142.5000000000000568 ) ) ;
#2599 = VERTEX_POINT ( 'NONE', #1393 ) ;
#2600 = DIRECTION ( 'NONE',  ( 0.0000000000000000000, 1.000000000000000000, 0.0000000000000000000 ) ) ;
#2601 = LINE ( 'NONE', #1378, #3190 ) ;
#2602 = CARTESIAN_POINT ( 'NONE',  ( 124.9999999999999716, 15.00000000000000000, -125.0000000000000000 ) ) ;
#2603 = EDGE_LOOP ( 'NONE', ( #1202, #2060, #2311, #3384, #2836, #146, #828, #506 ) ) ;
#2604 = FACE_BOUND ( 'NONE', #963, .T. ) ;
#2605 = VECTOR ( 'NONE', #308, 1000.000000000000114 ) ;
#2606 = CARTESIAN_POINT ( 'NONE',  ( -80.00000000000007105, 15.00000000000000533, 69.99999999999998579 ) ) ;
#2607 = DIRECTION ( 'NONE',  ( 0.0000000000000000000, 1.000000000000000000, 0.0000000000000000000 ) ) ;
#2608 = ORIENTED_EDGE ( 'NONE', *, *, #3161, .T. ) ;
#2609 = EDGE_CURVE ( 'NONE', #277, #452, #19, .T. ) ;
#2610 = MECHANICAL_DESIGN_GEOMETRIC_PRESENTATION_REPRESENTATION (  '', ( #1194 ), #2809 ) ;
#2611 = ORIENTED_EDGE ( 'NONE', *, *, #500, .F. ) ;
#2612 = CARTESIAN_POINT ( 'NONE',  ( -124.9999999999999716, 0.0000000000000000000, -4.499999999999997335 ) ) ;
#2613 = LINE ( 'NONE', #2025, #3710 ) ;
#2614 = VECTOR ( 'NONE', #3581, 1000.000000000000000 ) ;
#2615 = VERTEX_POINT ( 'NONE', #1689 ) ;
#2616 = CARTESIAN_POINT ( 'NONE',  ( -90.00000000000002842, 15.00000000000000711, 69.99999999999998579 ) ) ;
#2617 = EDGE_CURVE ( 'NONE', #2218, #2794, #2839, .T. ) ;
#2618 = VERTEX_POINT ( 'NONE', #793 ) ;
#2619 = DIRECTION ( 'NONE',  ( -0.0000000000000000000, 1.000000000000000000, -0.0000000000000000000 ) ) ;
#2620 = PRESENTATION_LAYER_ASSIGNMENT (  '', '', ( #3298 ) ) ;
#2621 = ORIENTED_EDGE ( 'NONE', *, *, #2073, .T. ) ;
#2622 = CARTESIAN_POINT ( 'NONE',  ( -69.99999999999998579, 780.0000000000000000, 90.00000000000000000 ) ) ;
#2623 = CARTESIAN_POINT ( 'NONE',  ( 0.0000000000000000000, 0.0000000000000000000, -142.5000000000000568 ) ) ;
#2624 = CARTESIAN_POINT ( 'NONE',  ( 30.00000000000000000, 15.00000000000000000, 128.4000000000000341 ) ) ;
#2625 = AXIS2_PLACEMENT_3D ( 'NONE', #561, #3259, #2971 ) ;
#2626 = CARTESIAN_POINT ( 'NONE',  ( 124.9999999999999716, 15.00000000000000000, -117.5000000000000000 ) ) ;
#2627 = CARTESIAN_POINT ( 'NONE',  ( 124.9999999999999716, 15.00000000000000000, 125.0000000000000000 ) ) ;
#2628 = EDGE_LOOP ( 'NONE', ( #1756, #3544 ) ) ;
#2629 = ORIENTED_EDGE ( 'NONE', *, *, #2190, .F. ) ;
#2630 = SURFACE_STYLE_USAGE ( .BOTH. , #2323 ) ;
#2631 = VECTOR ( 'NONE', #1589, 1000.000000000000000 ) ;
#2632 = VECTOR ( 'NONE', #1764, 1000.000000000000000 ) ;
#2633 = PLANE ( 'NONE',  #742 ) ;
#2634 = CARTESIAN_POINT ( 'NONE',  ( 150.0000000000000284, 0.0000000000000000000, 139.9999999999999432 ) ) ;
#2635 = VERTEX_POINT ( 'NONE', #2616 ) ;
#2636 = CIRCLE ( 'NONE', #1717, 7.499999999999992895 ) ;
#2637 = CARTESIAN_POINT ( 'NONE',  ( -7.500000000001047162, 0.0000000000000000000, 149.9999999999999716 ) ) ;
#2638 = CARTESIAN_POINT ( 'NONE',  ( -69.99999999999998579, 15.00000000000000533, 80.00000000000001421 ) ) ;
#2639 = LINE ( 'NONE', #2499, #1361 ) ;
#2640 = DIRECTION ( 'NONE',  ( -0.0000000000000000000, 1.000000000000000000, -0.0000000000000000000 ) ) ;
#2641 = SURFACE_SIDE_STYLE ('',( #1182 ) ) ;
#2642 = EDGE_LOOP ( 'NONE', ( #2983, #1571, #973, #1529 ) ) ;
#2643 = CARTESIAN_POINT ( 'NONE',  ( 124.9999999999999716, 15.00000000000000000, 132.5000000000000000 ) ) ;
#2644 = ORIENTED_EDGE ( 'NONE', *, *, #403, .T. ) ;
#2645 = CIRCLE ( 'NONE', #2254, 3.400000000000000355 ) ;
#2646 = FACE_OUTER_BOUND ( 'NONE', #11, .T. ) ;
#2647 = DIRECTION ( 'NONE',  ( -0.0000000000000000000, 1.000000000000000000, -0.0000000000000000000 ) ) ;
#2648 = AXIS2_PLACEMENT_3D ( 'NONE', #2517, #700, #3409 ) ;
#2649 = ORIENTED_EDGE ( 'NONE', *, *, #1982, .F. ) ;
#2650 = CARTESIAN_POINT ( 'NONE',  ( -149.9999999999999432, -0.0009999999999992653654, -7.500000000001570299 ) ) ;
#2651 = EDGE_LOOP ( 'NONE', ( #2709, #2223, #811, #3378 ) ) ;
#2652 = ORIENTED_EDGE ( 'NONE', *, *, #3474, .F. ) ;
#2653 = EDGE_CURVE ( 'NONE', #3582, #1475, #2282, .T. ) ;
#2654 = DIRECTION ( 'NONE',  ( -7.401486830834376525E-17, -1.000000000000000000, -0.0000000000000000000 ) ) ;
#2655 = VECTOR ( 'NONE', #2551, 1000.000000000000000 ) ;
#2656 = CYLINDRICAL_SURFACE ( 'NONE', #618, 19.99999999999999645 ) ;
#2657 = EDGE_LOOP ( 'NONE', ( #1490, #3120 ) ) ;
#2658 = DIRECTION ( 'NONE',  ( 0.0000000000000000000, 0.0000000000000000000, 1.000000000000000000 ) ) ;
#2659 = STYLED_ITEM ( 'NONE', ( #2036 ), #658 ) ;
#2660 = DIRECTION ( 'NONE',  ( 7.256359638072918670E-17, 1.000000000000000000, 0.0000000000000000000 ) ) ;
#2661 = DIRECTION ( 'NONE',  ( -0.0000000000000000000, 1.000000000000000000, -0.0000000000000000000 ) ) ;
#2662 = VERTEX_POINT ( 'NONE', #771 ) ;
#2663 = ORIENTED_EDGE ( 'NONE', *, *, #1319, .F. ) ;
#2664 = DIRECTION ( 'NONE',  ( -0.0000000000000000000, 1.000000000000000000, -0.0000000000000000000 ) ) ;
#2665 = EDGE_CURVE ( 'NONE', #1883, #3224, #718, .T. ) ;
#2666 = EDGE_LOOP ( 'NONE', ( #3362, #914 ) ) ;
#2667 = CARTESIAN_POINT ( 'NONE',  ( 30.00000000000000000, 0.0000000000000000000, 125.0000000000000568 ) ) ;
#2668 = CARTESIAN_POINT ( 'NONE',  ( 0.0000000000000000000, 15.00000000000000000, -120.5000000000000000 ) ) ;
#2669 = CARTESIAN_POINT ( 'NONE',  ( -69.99999999999998579, 780.0000000000000000, 69.99999999999998579 ) ) ;
#2670 = STYLED_ITEM ( 'NONE', ( #2216 ), #304 ) ;
#2671 = DIRECTION ( 'NONE',  ( -1.000000000000000000, 7.256359638072919902E-17, 1.982541115402065849E-16 ) ) ;
#2672 = DIRECTION ( 'NONE',  ( -7.256359638072919902E-17, -1.000000000000000000, -0.0000000000000000000 ) ) ;
#2673 = DIRECTION ( 'NONE',  ( -0.0000000000000000000, 1.000000000000000000, -0.0000000000000000000 ) ) ;
#2674 = ORIENTED_EDGE ( 'NONE', *, *, #652, .T. ) ;
#2675 = EDGE_CURVE ( 'NONE', #3630, #248, #770, .T. ) ;
#2676 = CARTESIAN_POINT ( 'NONE',  ( -89.99999999999994316, 755.0000000000000000, -42.50000000000004974 ) ) ;
#2677 = ORIENTED_EDGE ( 'NONE', *, *, #31, .T. ) ;
#2678 = CYLINDRICAL_SURFACE ( 'NONE', #1975, 2.499999999999946709 ) ;
#2679 = ORIENTED_EDGE ( 'NONE', *, *, #2757, .F. ) ;
#2680 = DIRECTION ( 'NONE',  ( 1.000000000000000000, -7.256359638072919902E-17, 0.0000000000000000000 ) ) ;
#2681 = AXIS2_PLACEMENT_3D ( 'NONE', #1085, #2275, #1986 ) ;
#2682 = EDGE_CURVE ( 'NONE', #3159, #3775, #2043, .T. ) ;
#2683 = CARTESIAN_POINT ( 'NONE',  ( -150.0000000000000284, 0.0000000000000000000, -150.0000000000000000 ) ) ;
#2684 = MANIFOLD_SOLID_BREP ( 'Cut-Extrude2', #2062 ) ;
#2685 = DIRECTION ( 'NONE',  ( 0.0000000000000000000, 0.0000000000000000000, 1.000000000000000000 ) ) ;
#2686 = EDGE_LOOP ( 'NONE', ( #2611, #2022 ) ) ;
#2687 = VECTOR ( 'NONE', #3547, 1000.000000000000000 ) ;
#2688 = LINE ( 'NONE', #735, #381 ) ;
#2689 = ADVANCED_FACE ( 'NONE', ( #871 ), #3703, .F. ) ;
#2690 = VERTEX_POINT ( 'NONE', #2578 ) ;
#2691 = DIRECTION ( 'NONE',  ( 0.0000000000000000000, 0.0000000000000000000, 1.000000000000000000 ) ) ;
#2692 = DIRECTION ( 'NONE',  ( 0.0000000000000000000, 1.000000000000000000, 0.0000000000000000000 ) ) ;
#2693 = EDGE_LOOP ( 'NONE', ( #3330, #3266 ) ) ;
#2694 = LINE ( 'NONE', #832, #999 ) ;
#2695 = VECTOR ( 'NONE', #3456, 1000.000000000000000 ) ;
#2696 = CIRCLE ( 'NONE', #1053, 2.499999999999946709 ) ;
#2697 = PRESENTATION_LAYER_ASSIGNMENT (  '', '', ( #1209 ) ) ;
#2698 = DIRECTION ( 'NONE',  ( -0.0000000000000000000, 1.000000000000000000, -0.0000000000000000000 ) ) ;
#2699 = CARTESIAN_POINT ( 'NONE',  ( -70.00000000000004263, 15.00000000000000533, 90.00000000000000000 ) ) ;
#2700 = ORIENTED_EDGE ( 'NONE', *, *, #3135, .F. ) ;
#2701 = FACE_OUTER_BOUND ( 'NONE', #379, .T. ) ;
#2702 = CARTESIAN_POINT ( 'NONE',  ( 79.99999999999991473, 14.99999999999999467, -69.99999999999998579 ) ) ;
#2703 = LINE ( 'NONE', #1504, #2798 ) ;
#2704 = DIRECTION ( 'NONE',  ( 0.0000000000000000000, 1.000000000000000000, 0.0000000000000000000 ) ) ;
#2705 = EDGE_CURVE ( 'NONE', #261, #3029, #3652, .T. ) ;
#2706 = DIRECTION ( 'NONE',  ( -0.0000000000000000000, 1.000000000000000000, -0.0000000000000000000 ) ) ;
#2707 = MECHANICAL_DESIGN_GEOMETRIC_PRESENTATION_REPRESENTATION (  '', ( #2232 ), #3414 ) ;
#2708 = FILL_AREA_STYLE ('',( #874 ) ) ;
#2709 = ORIENTED_EDGE ( 'NONE', *, *, #3711, .T. ) ;
#2710 = ORIENTED_EDGE ( 'NONE', *, *, #3657, .T. ) ;
#2711 = PLANE ( 'NONE',  #2870 ) ;
#2712 = DIRECTION ( 'NONE',  ( 7.401486830834376525E-17, 1.000000000000000000, 0.0000000000000000000 ) ) ;
#2713 = DIRECTION ( 'NONE',  ( 0.0000000000000000000, 0.0000000000000000000, 1.000000000000000000 ) ) ;
#2714 = MECHANICAL_DESIGN_GEOMETRIC_PRESENTATION_REPRESENTATION (  '', ( #315 ), #2248 ) ;
#2715 = ORIENTED_EDGE ( 'NONE', *, *, #3762, .T. ) ;
#2716 = DIRECTION ( 'NONE',  ( 1.850371707708594563E-16, 0.0000000000000000000, 1.000000000000000000 ) ) ;
#2717 = DIRECTION ( 'NONE',  ( 0.0000000000000000000, 0.0000000000000000000, 1.000000000000000000 ) ) ;
#2718 = DIRECTION ( 'NONE',  ( -7.256359638072919902E-17, -1.000000000000000000, -0.0000000000000000000 ) ) ;
#2719 = ORIENTED_EDGE ( 'NONE', *, *, #652, .F. ) ;
#2720 = VECTOR ( 'NONE', #3340, 1000.000000000000000 ) ;
#2721 = DIRECTION ( 'NONE',  ( -0.0000000000000000000, 1.000000000000000000, -0.0000000000000000000 ) ) ;
#2722 =( NAMED_UNIT ( * ) SI_UNIT ( $, .STERADIAN. ) SOLID_ANGLE_UNIT ( ) );
#2723 = EDGE_LOOP ( 'NONE', ( #1510, #3805, #2916, #3347, #1743, #3532, #1882, #1627, #1175, #1574, #141, #3788, #3434, #70, #21, #2084, #447, #2330, #693, #2776 ) ) ;
#2724 = EDGE_CURVE ( 'NONE', #2046, #1310, #2924, .T. ) ;
#2725 = SURFACE_STYLE_FILL_AREA ( #2061 ) ;
#2726 = CARTESIAN_POINT ( 'NONE',  ( -1.419341474236166827E-16, 15.00000000000000000, 125.0000000000000284 ) ) ;
#2727 = CARTESIAN_POINT ( 'NONE',  ( -150.0000000000000284, 15.00000000000000000, -139.9999999999999432 ) ) ;
#2728 = EDGE_LOOP ( 'NONE', ( #297, #2652, #2592, #2107 ) ) ;
#2729 = DIRECTION ( 'NONE',  ( -1.000000000000000000, 0.0000000000000000000, -0.0000000000000000000 ) ) ;
#2730 = EDGE_CURVE ( 'NONE', #1752, #1058, #1852, .T. ) ;
#2731 = EDGE_LOOP ( 'NONE', ( #3659, #2329, #1499, #543 ) ) ;
#2732 = EDGE_CURVE ( 'NONE', #1261, #2005, #2563, .T. ) ;
#2733 = VECTOR ( 'NONE', #2006, 1000.000000000000000 ) ;
#2734 = LINE ( 'NONE', #1359, #1889 ) ;
#2735 = DIRECTION ( 'NONE',  ( -0.7071067811865480168, 0.0000000000000000000, 0.7071067811865470176 ) ) ;
#2736 = LINE ( 'NONE', #2072, #3744 ) ;
#2737 = EDGE_LOOP ( 'NONE', ( #1027, #2861 ) ) ;
#2739 = CARTESIAN_POINT ( 'NONE',  ( -90.00000000000000000, 800.0000000000000000, -90.00000000000000000 ) ) ;
#2738 = PRESENTATION_STYLE_ASSIGNMENT (( #1235 ) ) ;
#2740 = AXIS2_PLACEMENT_3D ( 'NONE', #2158, #65, #1284 ) ;
#2741 = ORIENTED_EDGE ( 'NONE', *, *, #3339, .T. ) ;
#2742 = DIRECTION ( 'NONE',  ( 0.0000000000000000000, 1.000000000000000000, 0.0000000000000000000 ) ) ;
#2743 = FACE_OUTER_BOUND ( 'NONE', #1227, .T. ) ;
#2744 = CARTESIAN_POINT ( 'NONE',  ( -124.9999999999999716, 15.00000000000000000, 30.00000000000000000 ) ) ;
#2745 = ORIENTED_EDGE ( 'NONE', *, *, #3464, .T. ) ;
#2746 = DIRECTION ( 'NONE',  ( 0.0000000000000000000, 0.0000000000000000000, -1.000000000000000000 ) ) ;
#2747 = FILL_AREA_STYLE ('',( #1814 ) ) ;
#2748 = CARTESIAN_POINT ( 'NONE',  ( -69.99999999999994316, 780.0000000000000000, 80.00000000000001421 ) ) ;
#2749 = ADVANCED_FACE ( 'NONE', ( #1049 ), #3380, .F. ) ;
#2750 = EDGE_CURVE ( 'NONE', #3582, #985, #250, .T. ) ;
#2751 = ORIENTED_EDGE ( 'NONE', *, *, #1511, .T. ) ;
#2752 = PRODUCT_RELATED_PRODUCT_CATEGORY ( 'part', '', ( #947 ) ) ;
#2753 = CARTESIAN_POINT ( 'NONE',  ( 124.9999999999999716, 15.00000000000000000, -4.499999999999990230 ) ) ;
#2754 = UNCERTAINTY_MEASURE_WITH_UNIT (LENGTH_MEASURE( 1.000000000000000082E-05 ), #3786, 'distance_accuracy_value', 'NONE');
#2755 = DIRECTION ( 'NONE',  ( -1.000000000000000000, -0.0000000000000000000, -0.0000000000000000000 ) ) ;
#2756 = ORIENTED_EDGE ( 'NONE', *, *, #2453, .F. ) ;
#2757 = EDGE_CURVE ( 'NONE', #2195, #214, #1707, .T. ) ;
#2758 = CARTESIAN_POINT ( 'NONE',  ( 30.00000000000000000, 15.00000000000000000, 121.6000000000000512 ) ) ;
#2759 = DIRECTION ( 'NONE',  ( 0.0000000000000000000, 0.0000000000000000000, -1.000000000000000000 ) ) ;
#2760 = CARTESIAN_POINT ( 'NONE',  ( -89.99999999999994316, 714.9999999999998863, 47.49999999999994316 ) ) ;
#2761 = FACE_OUTER_BOUND ( 'NONE', #695, .T. ) ;
#2762 =( LENGTH_UNIT ( ) NAMED_UNIT ( * ) SI_UNIT ( .MILLI., .METRE. ) );
#2763 = CARTESIAN_POINT ( 'NONE',  ( -124.9999999999999716, 0.0000000000000000000, 125.0000000000000000 ) ) ;
#2764 = EDGE_LOOP ( 'NONE', ( #1478, #203, #702, #1052 ) ) ;
#2765 = VERTEX_POINT ( 'NONE', #1724 ) ;
#2766 = FACE_OUTER_BOUND ( 'NONE', #1187, .T. ) ;
#2767 = MECHANICAL_DESIGN_GEOMETRIC_PRESENTATION_REPRESENTATION (  '', ( #3014 ), #3600 ) ;
#2768 = CARTESIAN_POINT ( 'NONE',  ( -142.5000000000000568, 15.00000000000000000, -1.492608272355440021E-12 ) ) ;
#2769 = VERTEX_POINT ( 'NONE', #2340 ) ;
#2771 = VECTOR ( 'NONE', #1223, 1000.000000000000000 ) ;
#2770 = DIRECTION ( 'NONE',  ( -0.7071067811865390240, -0.0000000000000000000, -0.7071067811865561215 ) ) ;
#2772 = CARTESIAN_POINT ( 'NONE',  ( 90.00000000000000000, 800.0000000000000000, -95.09999999999999432 ) ) ;
#2773 = ORIENTED_EDGE ( 'NONE', *, *, #744, .T. ) ;
#2774 = AXIS2_PLACEMENT_3D ( 'NONE', #3756, #421, #2541 ) ;
#2775 = FILL_AREA_STYLE ('',( #2097 ) ) ;
#2776 = ORIENTED_EDGE ( 'NONE', *, *, #1871, .T. ) ;
#2777 = CARTESIAN_POINT ( 'NONE',  ( 150.0000000000000000, -0.0009999999999992653654, 7.500000000000524025 ) ) ;
#2778 = EDGE_CURVE ( 'NONE', #3078, #1686, #382, .T. ) ;
#2779 = VERTEX_POINT ( 'NONE', #3539 ) ;
#2780 = VECTOR ( 'NONE', #2647, 1000.000000000000000 ) ;
#2781 = VECTOR ( 'NONE', #1416, 1000.000000000000000 ) ;
#2782 = FACE_BOUND ( 'NONE', #58, .T. ) ;
#2783 = ORIENTED_EDGE ( 'NONE', *, *, #2922, .F. ) ;
#2784 = LINE ( 'NONE', #2297, #2733 ) ;
#2785 = CARTESIAN_POINT ( 'NONE',  ( 0.0000000000000000000, -0.0009999999999992653654, -142.5000000000000568 ) ) ;
#2786 = DIRECTION ( 'NONE',  ( 0.0000000000000000000, 0.0000000000000000000, 1.000000000000000000 ) ) ;
#2787 = EDGE_LOOP ( 'NONE', ( #3877, #2396, #2351, #425 ) ) ;
#2788 = VECTOR ( 'NONE', #1900, 1000.000000000000000 ) ;
#2789 = VECTOR ( 'NONE', #3199, 1000.000000000000000 ) ;
#2790 = LINE ( 'NONE', #1066, #2695 ) ;
#2791 = CIRCLE ( 'NONE', #3720, 5.099999999999993427 ) ;
#2792 = DIRECTION ( 'NONE',  ( 0.0000000000000000000, 0.0000000000000000000, 1.000000000000000000 ) ) ;
#2793 = DIRECTION ( 'NONE',  ( 1.000000000000000000, 1.942890293094023453E-16, 2.775557561562889502E-17 ) ) ;
#2794 = VERTEX_POINT ( 'NONE', #2638 ) ;
#2795 = DIRECTION ( 'NONE',  ( 0.0000000000000000000, 0.0000000000000000000, 1.000000000000000000 ) ) ;
#2796 = ORIENTED_EDGE ( 'NONE', *, *, #2406, .T. ) ;
#2797 = FACE_OUTER_BOUND ( 'NONE', #462, .T. ) ;
#2798 = VECTOR ( 'NONE', #2735, 1000.000000000000000 ) ;
#2799 = EDGE_LOOP ( 'NONE', ( #782, #566 ) ) ;
#2800 = DIRECTION ( 'NONE',  ( 0.0000000000000000000, 0.0000000000000000000, 1.000000000000000000 ) ) ;
#2801 = VERTEX_POINT ( 'NONE', #215 ) ;
#2802 = EDGE_CURVE ( 'NONE', #1153, #1824, #2327, .T. ) ;
#2803 = SURFACE_STYLE_USAGE ( .BOTH. , #997 ) ;
#2804 =( LENGTH_UNIT ( ) NAMED_UNIT ( * ) SI_UNIT ( .MILLI., .METRE. ) );
#2805 = CARTESIAN_POINT ( 'NONE',  ( 124.9999999999999716, 0.0000000000000000000, -117.5000000000000000 ) ) ;
#2806 = EDGE_LOOP ( 'NONE', ( #2285, #1102, #1873, #1315 ) ) ;
#2807 = EDGE_CURVE ( 'NONE', #3463, #1576, #1105, .T. ) ;
#2808 = DIRECTION ( 'NONE',  ( 0.7071067811865489050, 0.0000000000000000000, 0.7071067811865461294 ) ) ;
#2809 =( GEOMETRIC_REPRESENTATION_CONTEXT ( 3 ) GLOBAL_UNCERTAINTY_ASSIGNED_CONTEXT ( ( #1646 ) ) GLOBAL_UNIT_ASSIGNED_CONTEXT ( ( #1552, #634, #2722 ) ) REPRESENTATION_CONTEXT ( 'NONE', 'WORKASPACE' ) );
#2810 = CARTESIAN_POINT ( 'NONE',  ( 69.99999999999997158, 780.0000000000000000, -80.00000000000000000 ) ) ;
#2811 = EDGE_CURVE ( 'NONE', #2635, #50, #3572, .T. ) ;
#2812 = CARTESIAN_POINT ( 'NONE',  ( 139.9999999999998863, 0.0000000000000000000, -150.0000000000000284 ) ) ;
#2813 = SURFACE_STYLE_USAGE ( .BOTH. , #721 ) ;
#2814 = ORIENTED_EDGE ( 'NONE', *, *, #181, .F. ) ;
#2815 = FACE_OUTER_BOUND ( 'NONE', #1562, .T. ) ;
#2816 = AXIS2_PLACEMENT_3D ( 'NONE', #1417, #220, #3214 ) ;
#2817 = DIRECTION ( 'NONE',  ( 0.0000000000000000000, 1.000000000000000000, 0.0000000000000000000 ) ) ;
#2818 = EDGE_LOOP ( 'NONE', ( #448, #3524, #1673, #284 ) ) ;
#2819 = CIRCLE ( 'NONE', #2581, 2.499999999999946709 ) ;
#2820 = CARTESIAN_POINT ( 'NONE',  ( -124.9999999999999432, 800.0000000000000000, 115.0000000000000426 ) ) ;
#2821 = AXIS2_PLACEMENT_3D ( 'NONE', #1782, #1163, #2102 ) ;
#2822 = FACE_OUTER_BOUND ( 'NONE', #1177, .T. ) ;
#2823 = LINE ( 'NONE', #1586, #3508 ) ;
#2824 = PLANE ( 'NONE',  #2827 ) ;
#2825 = EDGE_LOOP ( 'NONE', ( #1358, #2226, #2161, #1719 ) ) ;
#2826 = EDGE_CURVE ( 'NONE', #349, #3081, #389, .T. ) ;
#2827 = AXIS2_PLACEMENT_3D ( 'NONE', #3407, #1948, #1628 ) ;
#2828 = DIRECTION ( 'NONE',  ( 0.0000000000000000000, 0.0000000000000000000, 1.000000000000000000 ) ) ;
#2829 = ORIENTED_EDGE ( 'NONE', *, *, #1720, .F. ) ;
#2830 = LINE ( 'NONE', #1930, #192 ) ;
#2831 = FACE_OUTER_BOUND ( 'NONE', #2825, .T. ) ;
#2832 = VERTEX_POINT ( 'NONE', #2928 ) ;
#2833 = DIRECTION ( 'NONE',  ( 0.7071067811865484609, -0.0000000000000000000, -0.7071067811865465735 ) ) ;
#2834 = PRESENTATION_STYLE_ASSIGNMENT (( #2451 ) ) ;
#2835 = DIRECTION ( 'NONE',  ( -7.256359638072919902E-17, -1.000000000000000000, -0.0000000000000000000 ) ) ;
#2836 = ORIENTED_EDGE ( 'NONE', *, *, #2291, .T. ) ;
#2837 = ORIENTED_EDGE ( 'NONE', *, *, #1046, .T. ) ;
#2838 = CARTESIAN_POINT ( 'NONE',  ( 115.0000000000000568, 800.0000000000000000, 125.0000000000000000 ) ) ;
#2839 = CIRCLE ( 'NONE', #1071, 10.00000000000002309 ) ;
#2840 = LINE ( 'NONE', #1016, #667 ) ;
#2841 = ORIENTED_EDGE ( 'NONE', *, *, #1244, .F. ) ;
#2842 = CARTESIAN_POINT ( 'NONE',  ( -139.9999999999999716, 15.00000000000000000, -150.0000000000000000 ) ) ;
#2843 = AXIS2_PLACEMENT_3D ( 'NONE', #2243, #1629, #2253 ) ;
#2844 = CARTESIAN_POINT ( 'NONE',  ( -124.9999999999999432, 800.0000000000000000, 115.0000000000000426 ) ) ;
#2845 = ORIENTED_EDGE ( 'NONE', *, *, #2972, .F. ) ;
#2846 = ORIENTED_EDGE ( 'NONE', *, *, #3808, .F. ) ;
#2847 = CARTESIAN_POINT ( 'NONE',  ( 142.5000000000000568, 15.00000000000000000, 4.975360907851466735E-13 ) ) ;
#2848 = STYLED_ITEM ( 'NONE', ( #1234 ), #3192 ) ;
#2849 = ORIENTED_EDGE ( 'NONE', *, *, #325, .T. ) ;
#2850 = DIRECTION ( 'NONE',  ( 0.0000000000000000000, 0.0000000000000000000, 1.000000000000000000 ) ) ;
#2851 = ADVANCED_FACE ( 'NONE', ( #711 ), #1712, .F. ) ;
#2852 = EDGE_CURVE ( 'NONE', #3058, #2271, #2703, .T. ) ;
#2853 = DIRECTION ( 'NONE',  ( -1.000000000000000000, -0.0000000000000000000, -0.0000000000000000000 ) ) ;
#2854 = VERTEX_POINT ( 'NONE', #927 ) ;
#2855 = DIRECTION ( 'NONE',  ( -7.256359638072918670E-17, -1.000000000000000000, -0.0000000000000000000 ) ) ;
#2856 = AXIS2_PLACEMENT_3D ( 'NONE', #3101, #2817, #1314 ) ;
#2857 = EDGE_CURVE ( 'NONE', #3110, #3858, #110, .T. ) ;
#2858 = CARTESIAN_POINT ( 'NONE',  ( -80.00000000000000000, 755.0000000000000000, -45.00000000000000000 ) ) ;
#2859 = EDGE_LOOP ( 'NONE', ( #400, #324, #1901, #2566 ) ) ;
#2860 = DIRECTION ( 'NONE',  ( -0.7071067811865441310, 0.0000000000000000000, -0.7071067811865510144 ) ) ;
#2861 = ORIENTED_EDGE ( 'NONE', *, *, #1244, .T. ) ;
#2862 = CARTESIAN_POINT ( 'NONE',  ( -69.99999999999998579, 780.0000000000000000, -69.99999999999998579 ) ) ;
#2863 = FACE_OUTER_BOUND ( 'NONE', #2411, .T. ) ;
#2864 = LINE ( 'NONE', #1558, #3685 ) ;
#2865 = FACE_OUTER_BOUND ( 'NONE', #3147, .T. ) ;
#2866 = ORIENTED_EDGE ( 'NONE', *, *, #3412, .F. ) ;
#2867 = COLOUR_RGB ( '',1.000000000000000000, 1.000000000000000000, 1.000000000000000000 ) ;
#2868 =( LENGTH_UNIT ( ) NAMED_UNIT ( * ) SI_UNIT ( .MILLI., .METRE. ) );
#2869 = DIRECTION ( 'NONE',  ( -0.7071067811865389130, 0.0000000000000000000, -0.7071067811865561215 ) ) ;
#2870 = AXIS2_PLACEMENT_3D ( 'NONE', #2669, #2120, #3278 ) ;
#2871 = EDGE_LOOP ( 'NONE', ( #1513, #843, #311, #1662 ) ) ;
#2872 =( LENGTH_UNIT ( ) NAMED_UNIT ( * ) SI_UNIT ( .MILLI., .METRE. ) );
#2873 = LINE ( 'NONE', #525, #2780 ) ;
#2874 = UNCERTAINTY_MEASURE_WITH_UNIT (LENGTH_MEASURE( 1.000000000000000082E-05 ), #732, 'distance_accuracy_value', 'NONE');
#2875 = EDGE_CURVE ( 'NONE', #1553, #2483, #1803, .T. ) ;
#2876 = CIRCLE ( 'NONE', #68, 62.50000000000000000 ) ;
#2877 =( LENGTH_UNIT ( ) NAMED_UNIT ( * ) SI_UNIT ( .MILLI., .METRE. ) );
#2878 = DIRECTION ( 'NONE',  ( -0.0000000000000000000, 1.000000000000000000, -0.0000000000000000000 ) ) ;
#2879 = ORIENTED_EDGE ( 'NONE', *, *, #1149, .F. ) ;
#2880 = CIRCLE ( 'NONE', #3243, 3.400000000000014122 ) ;
#2881 = VECTOR ( 'NONE', #2903, 1000.000000000000000 ) ;
#2882 = EDGE_LOOP ( 'NONE', ( #944, #1496 ) ) ;
#2883 = AXIS2_PLACEMENT_3D ( 'NONE', #1425, #254, #2056 ) ;
#2884 = VERTEX_POINT ( 'NONE', #3553 ) ;
#2885 = EDGE_CURVE ( 'NONE', #2921, #2832, #3205, .T. ) ;
#2886 = DIRECTION ( 'NONE',  ( -7.256359638072918670E-17, -1.000000000000000000, -0.0000000000000000000 ) ) ;
#2887 = ORIENTED_EDGE ( 'NONE', *, *, #3680, .F. ) ;
#2888 = CARTESIAN_POINT ( 'NONE',  ( 90.00000000000000000, 800.0000000000000000, -90.00000000000000000 ) ) ;
#2889 = DIRECTION ( 'NONE',  ( -0.0000000000000000000, 1.000000000000000000, -0.0000000000000000000 ) ) ;
#2890 = AXIS2_PLACEMENT_3D ( 'NONE', #3871, #1461, #1771 ) ;
#2891 = EDGE_LOOP ( 'NONE', ( #2382, #1093, #1557, #3353 ) ) ;
#2892 = EDGE_CURVE ( 'NONE', #1333, #117, #1903, .T. ) ;
#2893 = DIRECTION ( 'NONE',  ( -0.0000000000000000000, 1.000000000000000000, -0.0000000000000000000 ) ) ;
#2894 = CARTESIAN_POINT ( 'NONE',  ( -124.9999999999999716, 0.0000000000000000000, 30.00000000000000000 ) ) ;
#2895 = AXIS2_PLACEMENT_3D ( 'NONE', #2251, #1653, #2554 ) ;
#2896 = DIRECTION ( 'NONE',  ( 0.0000000000000000000, 0.0000000000000000000, 1.000000000000000000 ) ) ;
#2897 = ORIENTED_EDGE ( 'NONE', *, *, #120, .F. ) ;
#2898 = FACE_OUTER_BOUND ( 'NONE', #3017, .T. ) ;
#2899 = CARTESIAN_POINT ( 'NONE',  ( 4.091569121926914347E-16, 15.00000000000000000, 120.5000000000000284 ) ) ;
#2900 = ORIENTED_EDGE ( 'NONE', *, *, #3525, .F. ) ;
#2901 = CIRCLE ( 'NONE', #641, 3.399999999999986144 ) ;
#2902 = CIRCLE ( 'NONE', #1091, 2.499999999999946709 ) ;
#2903 = DIRECTION ( 'NONE',  ( -0.0000000000000000000, 1.000000000000000000, -0.0000000000000000000 ) ) ;
#2904 = EDGE_LOOP ( 'NONE', ( #3097, #3714 ) ) ;
#2905 = VECTOR ( 'NONE', #1789, 1000.000000000000000 ) ;
#2906 = FILL_AREA_STYLE ('',( #1660 ) ) ;
#2907 = AXIS2_PLACEMENT_3D ( 'NONE', #2118, #622, #3601 ) ;
#2909 = ORIENTED_EDGE ( 'NONE', *, *, #3385, .F. ) ;
#2908 = DIRECTION ( 'NONE',  ( 0.0000000000000000000, 0.0000000000000000000, 1.000000000000000000 ) ) ;
#2910 = ORIENTED_EDGE ( 'NONE', *, *, #3808, .T. ) ;
#2911 = EDGE_CURVE ( 'NONE', #659, #1363, #1999, .T. ) ;
#2912 = CYLINDRICAL_SURFACE ( 'NONE', #1556, 10.00000000000002309 ) ;
#2913 = DIRECTION ( 'NONE',  ( 1.000000000000000000, 0.0000000000000000000, 9.912705577010332945E-17 ) ) ;
#2914 = AXIS2_PLACEMENT_3D ( 'NONE', #2361, #2054, #1786 ) ;
#2915 = UNCERTAINTY_MEASURE_WITH_UNIT (LENGTH_MEASURE( 1.000000000000000082E-05 ), #2484, 'distance_accuracy_value', 'NONE');
#2916 = ORIENTED_EDGE ( 'NONE', *, *, #2137, .F. ) ;
#2917 = LINE ( 'NONE', #212, #1942 ) ;
#2918 = VECTOR ( 'NONE', #3254, 1000.000000000000000 ) ;
#2919 = CARTESIAN_POINT ( 'NONE',  ( -69.99999999999998579, 780.0000000000000000, 69.99999999999998579 ) ) ;
#2920 = VECTOR ( 'NONE', #3146, 1000.000000000000000 ) ;
#2921 = VERTEX_POINT ( 'NONE', #3868 ) ;
#2922 = EDGE_CURVE ( 'NONE', #673, #2368, #293, .T. ) ;
#2923 = EDGE_LOOP ( 'NONE', ( #1862, #1953 ) ) ;
#2924 = CIRCLE ( 'NONE', #2156, 5.099999999999993427 ) ;
#2925 = CIRCLE ( 'NONE', #2648, 62.50000000000000000 ) ;
#2926 = CARTESIAN_POINT ( 'NONE',  ( -70.00000000000000000, 800.0000000000000000, 95.00000000000000000 ) ) ;
#2927 = ORIENTED_EDGE ( 'NONE', *, *, #1693, .F. ) ;
#2928 = CARTESIAN_POINT ( 'NONE',  ( 139.9999999999998863, 15.00000000000000000, 150.0000000000000284 ) ) ;
#2929 = EDGE_CURVE ( 'NONE', #1656, #1601, #1004, .T. ) ;
#2930 = EDGE_CURVE ( 'NONE', #650, #3630, #3387, .T. ) ;
#2931 = CARTESIAN_POINT ( 'NONE',  ( 124.9999999999999716, 15.00000000000000000, -125.0000000000000000 ) ) ;
#2932 = EDGE_LOOP ( 'NONE', ( #3133, #3047, #528, #1972 ) ) ;
#2933 = EDGE_LOOP ( 'NONE', ( #1084, #2950 ) ) ;
#2934 = CARTESIAN_POINT ( 'NONE',  ( -124.9999999999999716, 0.0000000000000000000, 30.00000000000000000 ) ) ;
#2935 = PRESENTATION_LAYER_ASSIGNMENT (  '', '', ( #3649 ) ) ;
#2936 = DIRECTION ( 'NONE',  ( -0.0000000000000000000, 1.000000000000000000, -0.0000000000000000000 ) ) ;
#2937 = EDGE_CURVE ( 'NONE', #1569, #1690, #1196, .T. ) ;
#2938 = ORIENTED_EDGE ( 'NONE', *, *, #1871, .F. ) ;
#2939 = CARTESIAN_POINT ( 'NONE',  ( 124.9999999999999716, 15.00000000000000000, 4.938795603462354205E-17 ) ) ;
#2940 = FACE_OUTER_BOUND ( 'NONE', #2651, .T. ) ;
#2941 = COLOUR_RGB ( '',1.000000000000000000, 1.000000000000000000, 1.000000000000000000 ) ;
#2942 = CARTESIAN_POINT ( 'NONE',  ( -89.99999999999997158, 780.0000000000000000, 69.99999999999998579 ) ) ;
#2943 = AXIS2_PLACEMENT_3D ( 'NONE', #1794, #2721, #29 ) ;
#2944 = EDGE_CURVE ( 'NONE', #903, #2765, #427, .T. ) ;
#2945 = ORIENTED_EDGE ( 'NONE', *, *, #3629, .F. ) ;
#2946 = LINE ( 'NONE', #2028, #1360 ) ;
#2947 = CARTESIAN_POINT ( 'NONE',  ( 69.99999999999997158, 780.0000000000000000, -69.99999999999998579 ) ) ;
#2948 = LINE ( 'NONE', #698, #2720 ) ;
#2949 = DIRECTION ( 'NONE',  ( -7.256359638072919902E-17, -1.000000000000000000, -0.0000000000000000000 ) ) ;
#2950 = ORIENTED_EDGE ( 'NONE', *, *, #2552, .F. ) ;
#2951 = ORIENTED_EDGE ( 'NONE', *, *, #733, .F. ) ;
#2952 = FACE_BOUND ( 'NONE', #3230, .T. ) ;
#2953 =( NAMED_UNIT ( * ) PLANE_ANGLE_UNIT ( ) SI_UNIT ( $, .RADIAN. ) );
#2954 = ORIENTED_EDGE ( 'NONE', *, *, #2428, .F. ) ;
#2955 = FACE_BOUND ( 'NONE', #3248, .T. ) ;
#2956 = DIRECTION ( 'NONE',  ( -0.0000000000000000000, 1.000000000000000000, -0.0000000000000000000 ) ) ;
#2957 = AXIS2_PLACEMENT_3D ( 'NONE', #3675, #3421, #1346 ) ;
#2958 = CARTESIAN_POINT ( 'NONE',  ( 9.184850993605148733E-15, -0.0009999999999992653654, -75.00000000000001421 ) ) ;
#2959 = FACE_BOUND ( 'NONE', #1292, .T. ) ;
#2960 = ORIENTED_EDGE ( 'NONE', *, *, #283, .T. ) ;
#2961 = FACE_OUTER_BOUND ( 'NONE', #440, .T. ) ;
#2962 = DIRECTION ( 'NONE',  ( -1.000000000000000000, -0.0000000000000000000, -0.0000000000000000000 ) ) ;
#2963 = VERTEX_POINT ( 'NONE', #1826 ) ;
#2964 = ORIENTED_EDGE ( 'NONE', *, *, #1511, .F. ) ;
#2966 = DIRECTION ( 'NONE',  ( -1.000000000000000000, -0.0000000000000000000, -0.0000000000000000000 ) ) ;
#2965 = VECTOR ( 'NONE', #3712, 1000.000000000000000 ) ;
#2967 = LINE ( 'NONE', #2283, #3238 ) ;
#2968 = PRESENTATION_LAYER_ASSIGNMENT (  '', '', ( #2232 ) ) ;
#2969 = ORIENTED_EDGE ( 'NONE', *, *, #3787, .T. ) ;
#2970 = VERTEX_POINT ( 'NONE', #1211 ) ;
#2971 = DIRECTION ( 'NONE',  ( 0.0000000000000000000, 0.0000000000000000000, 1.000000000000000000 ) ) ;
#2972 = EDGE_CURVE ( 'NONE', #2662, #2100, #3479, .T. ) ;
#2973 = DIRECTION ( 'NONE',  ( -0.0000000000000000000, 1.000000000000000000, -0.0000000000000000000 ) ) ;
#2974 = CARTESIAN_POINT ( 'NONE',  ( -142.5000000000000568, -0.0009999999999992653654, -1.492608272355440021E-12 ) ) ;
#2975 = CARTESIAN_POINT ( 'NONE',  ( -124.9999999999999716, 15.00000000000000000, 132.5000000000000000 ) ) ;
#2976 = ORIENTED_EDGE ( 'NONE', *, *, #3474, .T. ) ;
#2977 = ORIENTED_EDGE ( 'NONE', *, *, #1523, .F. ) ;
#2978 = DIRECTION ( 'NONE',  ( 0.7071067811865541231, -0.0000000000000000000, -0.7071067811865409114 ) ) ;
#2979 = DIRECTION ( 'NONE',  ( 0.0000000000000000000, 0.0000000000000000000, 1.000000000000000000 ) ) ;
#2980 = CARTESIAN_POINT ( 'NONE',  ( 70.00000000000000000, 800.0000000000000000, -95.00000000000000000 ) ) ;
#2981 = FILL_AREA_STYLE_COLOUR ( '', #1507 ) ;
#2982 = DIRECTION ( 'NONE',  ( -0.7071067811865474617, -0.0000000000000000000, 0.7071067811865474617 ) ) ;
#2983 = ORIENTED_EDGE ( 'NONE', *, *, #3176, .T. ) ;
#2984 = MECHANICAL_DESIGN_GEOMETRIC_PRESENTATION_REPRESENTATION (  '', ( #306 ), #1867 ) ;
#2985 = DIRECTION ( 'NONE',  ( 0.0000000000000000000, 0.0000000000000000000, 1.000000000000000000 ) ) ;
#2986 = PLANE ( 'NONE',  #2455 ) ;
#2987 = ORIENTED_EDGE ( 'NONE', *, *, #765, .F. ) ;
#2988 = LINE ( 'NONE', #1152, #1262 ) ;
#2989 = EDGE_CURVE ( 'NONE', #2476, #2512, #3609, .T. ) ;
#2990 = CARTESIAN_POINT ( 'NONE',  ( -69.99999999999998579, 780.0000000000000000, 90.00000000000000000 ) ) ;
#2991 = EDGE_LOOP ( 'NONE', ( #503, #2710, #778, #2719 ) ) ;
#2992 = VECTOR ( 'NONE', #974, 1000.000000000000000 ) ;
#2993 = ORIENTED_EDGE ( 'NONE', *, *, #1347, .F. ) ;
#2994 = FACE_BOUND ( 'NONE', #619, .T. ) ;
#2995 = DIRECTION ( 'NONE',  ( 1.850371707708594316E-16, 0.0000000000000000000, 1.000000000000000000 ) ) ;
#2996 = EDGE_CURVE ( 'NONE', #3645, #3227, #2419, .T. ) ;
#2997 = VECTOR ( 'NONE', #298, 1000.000000000000000 ) ;
#2998 = EDGE_CURVE ( 'NONE', #2046, #1569, #1099, .T. ) ;
#2999 = DIRECTION ( 'NONE',  ( 0.7071067811865474617, -0.0000000000000000000, -0.7071067811865474617 ) ) ;
#3000 = ORIENTED_EDGE ( 'NONE', *, *, #2972, .T. ) ;
#3001 = LINE ( 'NONE', #942, #3552 ) ;
#3002 = DIRECTION ( 'NONE',  ( -1.000000000000000000, 0.0000000000000000000, 9.912705577010332945E-17 ) ) ;
#3003 = CIRCLE ( 'NONE', #887, 3.399999999999986144 ) ;
#3004 = AXIS2_PLACEMENT_3D ( 'NONE', #388, #3367, #3031 ) ;
#3005 = ORIENTED_EDGE ( 'NONE', *, *, #1347, .T. ) ;
#3006 = PLANE ( 'NONE',  #2821 ) ;
#3007 = CIRCLE ( 'NONE', #727, 2.999999999999988898 ) ;
#3008 = DIRECTION ( 'NONE',  ( -0.0000000000000000000, 1.000000000000000000, -0.0000000000000000000 ) ) ;
#3009 = ORIENTED_EDGE ( 'NONE', *, *, #165, .T. ) ;
#3010 = LINE ( 'NONE', #3209, #3142 ) ;
#3011 = CIRCLE ( 'NONE', #1955, 10.00000000000002309 ) ;
#3012 = PLANE ( 'NONE',  #326 ) ;
#3013 = FACE_OUTER_BOUND ( 'NONE', #1440, .T. ) ;
#3014 = STYLED_ITEM ( 'NONE', ( #3782 ), #2353 ) ;
#3015 = DIRECTION ( 'NONE',  ( -0.0000000000000000000, 1.000000000000000000, -0.0000000000000000000 ) ) ;
#3016 = DIRECTION ( 'NONE',  ( 1.000000000000000000, -7.434529182757750325E-17, -9.912705577010332945E-17 ) ) ;
#3017 = EDGE_LOOP ( 'NONE', ( #1248, #1549, #1282, #1863 ) ) ;
#3018 = VECTOR ( 'NONE', #731, 1000.000000000000000 ) ;
#3019 = DIRECTION ( 'NONE',  ( -1.000000000000000000, -0.0000000000000000000, -0.0000000000000000000 ) ) ;
#3020 = EDGE_CURVE ( 'NONE', #1656, #2471, #199, .T. ) ;
#3021 = AXIS2_PLACEMENT_3D ( 'NONE', #2763, #1909, #1605 ) ;
#3022 = CARTESIAN_POINT ( 'NONE',  ( -124.9999999999999716, 15.00000000000000000, 125.0000000000000000 ) ) ;
#3023 = SHAPE_REPRESENTATION ( '4GAA002120103008X_Predeterminado<As Machined>', ( #77 ), #3759 ) ;
#3024 = VERTEX_POINT ( 'NONE', #1494 ) ;
#3025 = CARTESIAN_POINT ( 'NONE',  ( 115.0000000000000568, 800.0000000000000000, 125.0000000000000000 ) ) ;
#3026 = ADVANCED_FACE ( 'NONE', ( #513 ), #3697, .F. ) ;
#3027 = DIRECTION ( 'NONE',  ( -7.256359638072919902E-17, -1.000000000000000000, -0.0000000000000000000 ) ) ;
#3028 = UNCERTAINTY_MEASURE_WITH_UNIT (LENGTH_MEASURE( 1.000000000000000082E-05 ), #2105, 'distance_accuracy_value', 'NONE');
#3029 = VERTEX_POINT ( 'NONE', #2469 ) ;
#3030 =( NAMED_UNIT ( * ) SI_UNIT ( $, .STERADIAN. ) SOLID_ANGLE_UNIT ( ) );
#3031 = DIRECTION ( 'NONE',  ( 0.0000000000000000000, 0.0000000000000000000, 1.000000000000000000 ) ) ;
#3032 = DIRECTION ( 'NONE',  ( 0.0000000000000000000, 0.0000000000000000000, 1.000000000000000000 ) ) ;
#3033 = EDGE_CURVE ( 'NONE', #1426, #858, #1612, .T. ) ;
#3034 = ORIENTED_EDGE ( 'NONE', *, *, #3638, .T. ) ;
#3035 = COLOUR_RGB ( '',1.000000000000000000, 1.000000000000000000, 1.000000000000000000 ) ;
#3036 = CYLINDRICAL_SURFACE ( 'NONE', #3163, 3.399999999999986144 ) ;
#3037 = EDGE_LOOP ( 'NONE', ( #3424, #2954, #1231, #1923, #3745, #2320, #3148, #3242 ) ) ;
#3038 = LINE ( 'NONE', #1251, #454 ) ;
#3039 = EDGE_CURVE ( 'NONE', #3153, #855, #3011, .T. ) ;
#3040 = CARTESIAN_POINT ( 'NONE',  ( -30.00000000000000000, 15.00000000000000000, -121.5999999999999943 ) ) ;
#3041 = SURFACE_SIDE_STYLE ('',( #1709 ) ) ;
#3042 = SURFACE_STYLE_FILL_AREA ( #1714 ) ;
#3043 = CARTESIAN_POINT ( 'NONE',  ( 3.519498277747516086E-14, 800.0000000000000000, 0.0000000000000000000 ) ) ;
#3044 = CARTESIAN_POINT ( 'NONE',  ( 69.99999999999991473, 14.99999999999999467, -80.00000000000000000 ) ) ;
#3045 = CARTESIAN_POINT ( 'NONE',  ( -89.99999999999997158, 780.0000000000000000, -69.99999999999998579 ) ) ;
#3046 = ADVANCED_FACE ( 'NONE', ( #1509 ), #547, .F. ) ;
#3047 = ORIENTED_EDGE ( 'NONE', *, *, #451, .F. ) ;
#3048 = EDGE_CURVE ( 'NONE', #2769, #2195, #557, .T. ) ;
#3049 = FACE_BOUND ( 'NONE', #1427, .T. ) ;
#3050 = CYLINDRICAL_SURFACE ( 'NONE', #2014, 19.99999999999999645 ) ;
#3051 = DIRECTION ( 'NONE',  ( -0.0000000000000000000, 1.000000000000000000, -0.0000000000000000000 ) ) ;
#3052 = COLOUR_RGB ( '',0.6470588235294117974, 0.6196078431372549211, 0.5882352941176470784 ) ;
#3053 = ORIENTED_EDGE ( 'NONE', *, *, #2301, .T. ) ;
#3054 =( NAMED_UNIT ( * ) SI_UNIT ( $, .STERADIAN. ) SOLID_ANGLE_UNIT ( ) );
#3056 = DIRECTION ( 'NONE',  ( 0.7071067811865484609, -0.0000000000000000000, 0.7071067811865465735 ) ) ;
#3055 = VECTOR ( 'NONE', #535, 1000.000000000000000 ) ;
#3057 = FACE_OUTER_BOUND ( 'NONE', #2572, .T. ) ;
#3058 = VERTEX_POINT ( 'NONE', #1263 ) ;
#3059 = ORIENTED_EDGE ( 'NONE', *, *, #1443, .T. ) ;
#3060 = LINE ( 'NONE', #1002, #3187 ) ;
#3061 = VECTOR ( 'NONE', #741, 1000.000000000000000 ) ;
#3062 = ORIENTED_EDGE ( 'NONE', *, *, #1982, .T. ) ;
#3063 = EDGE_LOOP ( 'NONE', ( #1607, #2187 ) ) ;
#3064 =( GEOMETRIC_REPRESENTATION_CONTEXT ( 3 ) GLOBAL_UNCERTAINTY_ASSIGNED_CONTEXT ( ( #2874 ) ) GLOBAL_UNIT_ASSIGNED_CONTEXT ( ( #732, #1916, #3112 ) ) REPRESENTATION_CONTEXT ( 'NONE', 'WORKASPACE' ) );
#3065 = PRESENTATION_STYLE_ASSIGNMENT (( #1671 ) ) ;
#3066 =( NAMED_UNIT ( * ) PLANE_ANGLE_UNIT ( ) SI_UNIT ( $, .RADIAN. ) );
#3067 = DIRECTION ( 'NONE',  ( 0.0000000000000000000, 0.0000000000000000000, 1.000000000000000000 ) ) ;
#3068 =( NAMED_UNIT ( * ) PLANE_ANGLE_UNIT ( ) SI_UNIT ( $, .RADIAN. ) );
#3069 = EDGE_CURVE ( 'NONE', #3749, #1921, #1754, .T. ) ;
#3070 = ORIENTED_EDGE ( 'NONE', *, *, #3438, .T. ) ;
#3071 = ORIENTED_EDGE ( 'NONE', *, *, #2996, .F. ) ;
#3072 = DIRECTION ( 'NONE',  ( -0.0000000000000000000, 1.000000000000000000, -0.0000000000000000000 ) ) ;
#3073 = EDGE_CURVE ( 'NONE', #494, #3078, #3596, .T. ) ;
#3074 = DIRECTION ( 'NONE',  ( -7.401486830834376525E-17, -1.000000000000000000, -0.0000000000000000000 ) ) ;
#3075 = FILL_AREA_STYLE ('',( #2244 ) ) ;
#3076 = CARTESIAN_POINT ( 'NONE',  ( 125.0000000000000000, 15.00000000000000000, -30.00000000000000000 ) ) ;
#3077 = CARTESIAN_POINT ( 'NONE',  ( -80.00000000000001421, 780.0000000000000000, 69.99999999999998579 ) ) ;
#3078 = VERTEX_POINT ( 'NONE', #2805 ) ;
#3079 = LINE ( 'NONE', #253, #87 ) ;
#3080 = DIRECTION ( 'NONE',  ( -7.256359638072919902E-17, -1.000000000000000000, -0.0000000000000000000 ) ) ;
#3081 = VERTEX_POINT ( 'NONE', #1859 ) ;
#3082 = VECTOR ( 'NONE', #402, 1000.000000000000000 ) ;
#3083 = SURFACE_STYLE_USAGE ( .BOTH. , #133 ) ;
#3084 = EDGE_CURVE ( 'NONE', #32, #2779, #1913, .T. ) ;
#3085 = STYLED_ITEM ( 'NONE', ( #1969 ), #1164 ) ;
#3086 = EDGE_LOOP ( 'NONE', ( #2446, #1162 ) ) ;
#3087 = APPLICATION_PROTOCOL_DEFINITION ( 'draft international standard', 'automotive_design', 1998, #3360 ) ;
#3088 = DIRECTION ( 'NONE',  ( 1.000000000000000000, -7.256359638072919902E-17, 0.0000000000000000000 ) ) ;
#3089 = LINE ( 'NONE', #574, #750 ) ;
#3090 = ORIENTED_EDGE ( 'NONE', *, *, #1117, .T. ) ;
#3091 = CIRCLE ( 'NONE', #1083, 4.500000000000003553 ) ;
#3092 = CARTESIAN_POINT ( 'NONE',  ( -1.419341474236166827E-16, 0.0000000000000000000, 129.5000000000000284 ) ) ;
#3093 = VERTEX_POINT ( 'NONE', #51 ) ;
#3094 = CARTESIAN_POINT ( 'NONE',  ( 115.0000000000000568, 800.0000000000000000, -124.9999999999999432 ) ) ;
#3095 = FACE_OUTER_BOUND ( 'NONE', #2112, .T. ) ;
#3096 = AXIS2_PLACEMENT_3D ( 'NONE', #1392, #2878, #3446 ) ;
#3097 = ORIENTED_EDGE ( 'NONE', *, *, #3562, .F. ) ;
#3098 = LINE ( 'NONE', #2668, #512 ) ;
#3099 = CIRCLE ( 'NONE', #3105, 3.000000000000002665 ) ;
#3100 = ORIENTED_EDGE ( 'NONE', *, *, #996, .T. ) ;
#3101 = CARTESIAN_POINT ( 'NONE',  ( 150.0000000000000284, 15.00000000000000000, 150.0000000000000000 ) ) ;
#3102 = ORIENTED_EDGE ( 'NONE', *, *, #1652, .T. ) ;
#3103 = ADVANCED_FACE ( 'NONE', ( #2761 ), #1865, .F. ) ;
#3104 = FACE_OUTER_BOUND ( 'NONE', #2932, .T. ) ;
#3105 = AXIS2_PLACEMENT_3D ( 'NONE', #2568, #1914, #738 ) ;
#3106 = CARTESIAN_POINT ( 'NONE',  ( -150.0000000000000284, 15.00000000000000000, -139.9999999999999432 ) ) ;
#3107 = VERTEX_POINT ( 'NONE', #1567 ) ;
#3108 = DIRECTION ( 'NONE',  ( 1.000000000000000000, -7.401486830834376525E-17, 0.0000000000000000000 ) ) ;
#3109 = DIRECTION ( 'NONE',  ( 7.256359638072918670E-17, 1.000000000000000000, 0.0000000000000000000 ) ) ;
#3110 = VERTEX_POINT ( 'NONE', #360 ) ;
#3111 = CARTESIAN_POINT ( 'NONE',  ( -89.99999999999994316, 714.9999999999998863, -42.50000000000004974 ) ) ;
#3112 =( NAMED_UNIT ( * ) SI_UNIT ( $, .STERADIAN. ) SOLID_ANGLE_UNIT ( ) );
#3113 = DIRECTION ( 'NONE',  ( -0.0000000000000000000, 1.000000000000000000, -0.0000000000000000000 ) ) ;
#3114 = EDGE_CURVE ( 'NONE', #1921, #499, #2198, .T. ) ;
#3115 = DIRECTION ( 'NONE',  ( -0.0000000000000000000, 1.000000000000000000, -0.0000000000000000000 ) ) ;
#3116 = DIRECTION ( 'NONE',  ( -0.0000000000000000000, 1.000000000000000000, -0.0000000000000000000 ) ) ;
#3117 = DIRECTION ( 'NONE',  ( -1.000000000000000000, 0.0000000000000000000, 0.0000000000000000000 ) ) ;
#3118 = DIRECTION ( 'NONE',  ( 0.0000000000000000000, 0.0000000000000000000, 1.000000000000000000 ) ) ;
#3119 = DIRECTION ( 'NONE',  ( 0.0000000000000000000, 0.0000000000000000000, 1.000000000000000000 ) ) ;
#3120 = ORIENTED_EDGE ( 'NONE', *, *, #1741, .F. ) ;
#3121 = PRESENTATION_LAYER_ASSIGNMENT (  '', '', ( #1834 ) ) ;
#3122 = DIRECTION ( 'NONE',  ( -7.401486830834376525E-17, -1.000000000000000000, 0.0000000000000000000 ) ) ;
#3123 = PLANE ( 'NONE',  #3368 ) ;
#3124 = ORIENTED_EDGE ( 'NONE', *, *, #2567, .F. ) ;
#3125 = FACE_OUTER_BOUND ( 'NONE', #2381, .T. ) ;
#3126 = ADVANCED_FACE ( 'NONE', ( #3870 ), #1021, .F. ) ;
#3127 = DIRECTION ( 'NONE',  ( 0.7071067811865470176, -5.233641528945913114E-17, 0.7071067811865480168 ) ) ;
#3128 = EDGE_LOOP ( 'NONE', ( #378, #2235 ) ) ;
#3129 = CIRCLE ( 'NONE', #399, 2.499999999999946709 ) ;
#3130 = DIRECTION ( 'NONE',  ( 0.0000000000000000000, 1.000000000000000000, 0.0000000000000000000 ) ) ;
#3131 = CARTESIAN_POINT ( 'NONE',  ( 125.0000000000000568, 800.0000000000000000, 115.0000000000000142 ) ) ;
#3132 = DIRECTION ( 'NONE',  ( -0.0000000000000000000, -1.000000000000000000, -0.0000000000000000000 ) ) ;
#3133 = ORIENTED_EDGE ( 'NONE', *, *, #936, .F. ) ;
#3134 = EDGE_LOOP ( 'NONE', ( #3568, #567, #3139, #2051 ) ) ;
#3135 = EDGE_CURVE ( 'NONE', #2368, #882, #3448, .T. ) ;
#3136 = VECTOR ( 'NONE', #2385, 1000.000000000000000 ) ;
#3137 = CARTESIAN_POINT ( 'NONE',  ( 5.510910596163086597E-16, 15.00000000000000000, -129.5000000000000000 ) ) ;
#3139 = ORIENTED_EDGE ( 'NONE', *, *, #1317, .T. ) ;
#3138 = CARTESIAN_POINT ( 'NONE',  ( -149.9999999999999432, 15.00000000000000000, -7.500000000001570299 ) ) ;
#3140 = ADVANCED_FACE ( 'NONE', ( #1770 ), #524, .F. ) ;
#3141 = ORIENTED_EDGE ( 'NONE', *, *, #733, .T. ) ;
#3142 = VECTOR ( 'NONE', #1419, 1000.000000000000000 ) ;
#3143 = AXIS2_PLACEMENT_3D ( 'NONE', #93, #3620, #390 ) ;
#3144 = EDGE_CURVE ( 'NONE', #290, #1888, #435, .T. ) ;
#3145 = PRESENTATION_STYLE_ASSIGNMENT (( #617 ) ) ;
#3146 = DIRECTION ( 'NONE',  ( -0.0000000000000000000, 1.000000000000000000, -0.0000000000000000000 ) ) ;
#3147 = EDGE_LOOP ( 'NONE', ( #1821, #3402, #2900, #1581 ) ) ;
#3148 = ORIENTED_EDGE ( 'NONE', *, *, #704, .F. ) ;
#3149 = CARTESIAN_POINT ( 'NONE',  ( -89.99999999999994316, 755.0000000000000000, 47.49999999999994316 ) ) ;
#3150 = CYLINDRICAL_SURFACE ( 'NONE', #91, 62.50000000000000000 ) ;
#3151 = CARTESIAN_POINT ( 'NONE',  ( 125.0000000000000000, 0.0000000000000000000, -26.60000000000001208 ) ) ;
#3152 = LINE ( 'NONE', #800, #55 ) ;
#3153 = VERTEX_POINT ( 'NONE', #2233 ) ;
#3154 = CARTESIAN_POINT ( 'NONE',  ( -90.00000000000000000, 800.0000000000000000, -90.00000000000000000 ) ) ;
#3155 = ADVANCED_FACE ( 'NONE', ( #2701 ), #1918, .F. ) ;
#3156 = CARTESIAN_POINT ( 'NONE',  ( 124.9999999999999716, 15.00000000000000000, 117.5000000000000000 ) ) ;
#3157 = AXIS2_PLACEMENT_3D ( 'NONE', #740, #1949, #144 ) ;
#3158 =( NAMED_UNIT ( * ) PLANE_ANGLE_UNIT ( ) SI_UNIT ( $, .RADIAN. ) );
#3159 = VERTEX_POINT ( 'NONE', #2219 ) ;
#3160 = ORIENTED_EDGE ( 'NONE', *, *, #2567, .T. ) ;
#3161 = EDGE_CURVE ( 'NONE', #1195, #1266, #569, .T. ) ;
#3162 = DIRECTION ( 'NONE',  ( -0.0000000000000000000, 1.000000000000000000, -0.0000000000000000000 ) ) ;
#3163 = AXIS2_PLACEMENT_3D ( 'NONE', #444, #2570, #2096 ) ;
#3164 = COLOUR_RGB ( '',1.000000000000000000, 1.000000000000000000, 1.000000000000000000 ) ;
#3165 = EDGE_CURVE ( 'NONE', #3603, #1158, #1054, .T. ) ;
#3166 = CARTESIAN_POINT ( 'NONE',  ( 139.9999999999999716, 15.00000000000000000, -150.0000000000000000 ) ) ;
#3167 = ORIENTED_EDGE ( 'NONE', *, *, #3450, .T. ) ;
#3168 = PLANE ( 'NONE',  #1007 ) ;
#3169 = ADVANCED_FACE ( 'NONE', ( #1856 ), #473, .F. ) ;
#3170 = DIRECTION ( 'NONE',  ( -0.0000000000000000000, 1.000000000000000000, -0.0000000000000000000 ) ) ;
#3172 = VECTOR ( 'NONE', #204, 1000.000000000000000 ) ;
#3171 = CARTESIAN_POINT ( 'NONE',  ( -90.00000000000000000, 800.0000000000000000, 84.90000000000000568 ) ) ;
#3173 = FACE_OUTER_BOUND ( 'NONE', #3700, .T. ) ;
#3174 = VERTEX_POINT ( 'NONE', #2245 ) ;
#3175 = LINE ( 'NONE', #1620, #3082 ) ;
#3176 = EDGE_CURVE ( 'NONE', #1310, #2046, #964, .T. ) ;
#3177 = LINE ( 'NONE', #310, #2308 ) ;
#3178 = ADVANCED_FACE ( 'NONE', ( #2797 ), #2144, .F. ) ;
#3179 = DIRECTION ( 'NONE',  ( 0.0000000000000000000, 1.000000000000000000, 0.0000000000000000000 ) ) ;
#3180 = FACE_BOUND ( 'NONE', #3864, .T. ) ;
#3181 = CARTESIAN_POINT ( 'NONE',  ( 139.9999999999997726, 15.00000000000000000, -150.0000000000000284 ) ) ;
#3182 =( GEOMETRIC_REPRESENTATION_CONTEXT ( 3 ) GLOBAL_UNCERTAINTY_ASSIGNED_CONTEXT ( ( #1285 ) ) GLOBAL_UNIT_ASSIGNED_CONTEXT ( ( #2804, #1641, #2529 ) ) REPRESENTATION_CONTEXT ( 'NONE', 'WORKASPACE' ) );
#3183 = ORIENTED_EDGE ( 'NONE', *, *, #1072, .F. ) ;
#3184 = LINE ( 'NONE', #2643, #2412 ) ;
#3185 = DIRECTION ( 'NONE',  ( -0.0000000000000000000, 1.000000000000000000, -0.0000000000000000000 ) ) ;
#3186 = DIRECTION ( 'NONE',  ( 0.0000000000000000000, 1.000000000000000000, 0.0000000000000000000 ) ) ;
#3187 = VECTOR ( 'NONE', #2206, 1000.000000000000000 ) ;
#3188 = EDGE_CURVE ( 'NONE', #1079, #3749, #2613, .T. ) ;
#3189 = VERTEX_POINT ( 'NONE', #2288 ) ;
#3190 = VECTOR ( 'NONE', #3717, 1000.000000000000000 ) ;
#3191 = DIRECTION ( 'NONE',  ( -0.0000000000000000000, 1.000000000000000000, -0.0000000000000000000 ) ) ;
#3192 = ADVANCED_FACE ( 'NONE', ( #299 ), #1894, .F. ) ;
#3193 = CARTESIAN_POINT ( 'NONE',  ( -7.500000000001088907, 0.0000000000000000000, 150.0000000000000000 ) ) ;
#3194 = PRESENTATION_STYLE_ASSIGNMENT (( #3349 ) ) ;
#3195 = ORIENTED_EDGE ( 'NONE', *, *, #1585, .T. ) ;
#3196 = FACE_OUTER_BOUND ( 'NONE', #45, .T. ) ;
#3197 = VECTOR ( 'NONE', #2418, 1000.000000000000000 ) ;
#3198 = CYLINDRICAL_SURFACE ( 'NONE', #2345, 19.99999999999997513 ) ;
#3199 = DIRECTION ( 'NONE',  ( -0.0000000000000000000, 1.000000000000000000, -0.0000000000000000000 ) ) ;
#3200 = ORIENTED_EDGE ( 'NONE', *, *, #633, .F. ) ;
#3201 = EDGE_CURVE ( 'NONE', #3764, #2854, #2790, .T. ) ;
#3202 = ORIENTED_EDGE ( 'NONE', *, *, #2153, .F. ) ;
#3203 = EDGE_CURVE ( 'NONE', #214, #3684, #294, .T. ) ;
#3204 = DIRECTION ( 'NONE',  ( 0.0000000000000000000, 0.0000000000000000000, 1.000000000000000000 ) ) ;
#3205 = LINE ( 'NONE', #323, #1809 ) ;
#3206 = AXIS2_PLACEMENT_3D ( 'NONE', #398, #1279, #2460 ) ;
#3207 = ADVANCED_FACE ( 'NONE', ( #1847 ), #495, .F. ) ;
#3208 = EDGE_CURVE ( 'NONE', #3764, #2375, #3475, .T. ) ;
#3209 = CARTESIAN_POINT ( 'NONE',  ( -139.9999999999999716, 15.00000000000000000, 150.0000000000000000 ) ) ;
#3210 = DIRECTION ( 'NONE',  ( -0.0000000000000000000, 1.000000000000000000, -0.0000000000000000000 ) ) ;
#3211 = CARTESIAN_POINT ( 'NONE',  ( -90.00000000000000000, 800.0000000000000000, -95.09999999999999432 ) ) ;
#3212 =( NAMED_UNIT ( * ) SI_UNIT ( $, .STERADIAN. ) SOLID_ANGLE_UNIT ( ) );
#3213 = ORIENTED_EDGE ( 'NONE', *, *, #3264, .F. ) ;
#3214 = DIRECTION ( 'NONE',  ( 0.0000000000000000000, 0.0000000000000000000, 1.000000000000000000 ) ) ;
#3215 = DIRECTION ( 'NONE',  ( 0.0000000000000000000, 0.0000000000000000000, 1.000000000000000000 ) ) ;
#3216 = EDGE_LOOP ( 'NONE', ( #3500, #2745, #2751, #606 ) ) ;
#3217 = AXIS2_PLACEMENT_3D ( 'NONE', #1070, #810, #442 ) ;
#3218 = DIRECTION ( 'NONE',  ( 0.0000000000000000000, 0.0000000000000000000, 1.000000000000000000 ) ) ;
#3219 = ORIENTED_EDGE ( 'NONE', *, *, #2929, .F. ) ;
#3220 = VECTOR ( 'NONE', #3268, 1000.000000000000000 ) ;
#3221 = EDGE_LOOP ( 'NONE', ( #1436, #476 ) ) ;
#3222 = LINE ( 'NONE', #551, #1544 ) ;
#3223 = FACE_BOUND ( 'NONE', #1409, .T. ) ;
#3224 = VERTEX_POINT ( 'NONE', #2595 ) ;
#3225 = AXIS2_PLACEMENT_3D ( 'NONE', #1051, #3132, #3439 ) ;
#3227 = VERTEX_POINT ( 'NONE', #2612 ) ;
#3226 = CARTESIAN_POINT ( 'NONE',  ( -124.9999999999999716, 15.00000000000000000, 117.5000000000000142 ) ) ;
#3228 = DIRECTION ( 'NONE',  ( 0.0000000000000000000, 0.0000000000000000000, 1.000000000000000000 ) ) ;
#3229 = DIRECTION ( 'NONE',  ( 0.0000000000000000000, 0.0000000000000000000, 1.000000000000000000 ) ) ;
#3230 = EDGE_LOOP ( 'NONE', ( #97, #1351 ) ) ;
#3231 = PRESENTATION_LAYER_ASSIGNMENT (  '', '', ( #162 ) ) ;
#3232 = VERTEX_POINT ( 'NONE', #3761 ) ;
#3233 = DIRECTION ( 'NONE',  ( -0.0000000000000000000, -1.000000000000000000, -0.0000000000000000000 ) ) ;
#3234 = FACE_OUTER_BOUND ( 'NONE', #987, .T. ) ;
#3235 = VERTEX_POINT ( 'NONE', #1381 ) ;
#3236 = EDGE_CURVE ( 'NONE', #1158, #3603, #2513, .T. ) ;
#3237 = VECTOR ( 'NONE', #2664, 1000.000000000000000 ) ;
#3238 = VECTOR ( 'NONE', #3162, 1000.000000000000000 ) ;
#3239 = CARTESIAN_POINT ( 'NONE',  ( 0.0000000000000000000, 0.0000000000000000000, -142.5000000000000568 ) ) ;
#3240 = DIRECTION ( 'NONE',  ( -7.401486830834376525E-17, -1.000000000000000000, -0.0000000000000000000 ) ) ;
#3241 = ORIENTED_EDGE ( 'NONE', *, *, #3305, .F. ) ;
#3242 = ORIENTED_EDGE ( 'NONE', *, *, #1037, .F. ) ;
#3243 = AXIS2_PLACEMENT_3D ( 'NONE', #1067, #1661, #1685 ) ;
#3244 = CARTESIAN_POINT ( 'NONE',  ( 7.500000000000000000, 0.0000000000000000000, -150.0000000000000284 ) ) ;
#3245 = UNCERTAINTY_MEASURE_WITH_UNIT (LENGTH_MEASURE( 1.000000000000000082E-05 ), #2522, 'distance_accuracy_value', 'NONE');
#3246 = CARTESIAN_POINT ( 'NONE',  ( -70.00000000000000000, 799.5000000000000000, 95.00000000000000000 ) ) ;
#3247 = DIRECTION ( 'NONE',  ( 0.0000000000000000000, 0.0000000000000000000, 1.000000000000000000 ) ) ;
#3248 = EDGE_LOOP ( 'NONE', ( #1006, #410 ) ) ;
#3249 = CARTESIAN_POINT ( 'NONE',  ( -114.9999999999999432, 780.0000000000000000, -124.9999999999999432 ) ) ;
#3250 = ORIENTED_EDGE ( 'NONE', *, *, #3757, .F. ) ;
#3251 = CARTESIAN_POINT ( 'NONE',  ( 69.99999999999998579, 780.0000000000000000, 69.99999999999997158 ) ) ;
#3252 = MECHANICAL_DESIGN_GEOMETRIC_PRESENTATION_REPRESENTATION (  '', ( #3777 ), #2401 ) ;
#3253 = DIRECTION ( 'NONE',  ( 7.256359638072918670E-17, 1.000000000000000000, 0.0000000000000000000 ) ) ;
#3254 = DIRECTION ( 'NONE',  ( -1.000000000000000000, -0.0000000000000000000, -0.0000000000000000000 ) ) ;
#3255 = VERTEX_POINT ( 'NONE', #197 ) ;
#3256 = FILL_AREA_STYLE ('',( #1767 ) ) ;
#3257 = EDGE_CURVE ( 'NONE', #3472, #688, #2321, .T. ) ;
#3258 = EDGE_LOOP ( 'NONE', ( #1384, #2405, #1848, #2550 ) ) ;
#3259 = DIRECTION ( 'NONE',  ( -1.000000000000000000, -0.0000000000000000000, -0.0000000000000000000 ) ) ;
#3260 = DIRECTION ( 'NONE',  ( 0.0000000000000000000, 0.7071067811865867636, 0.7071067811865081598 ) ) ;
#3261 = SURFACE_STYLE_FILL_AREA ( #2109 ) ;
#3262 = CARTESIAN_POINT ( 'NONE',  ( 124.9999999999999716, 15.00000000000000000, 4.938795603462354205E-17 ) ) ;
#3263 = CARTESIAN_POINT ( 'NONE',  ( -124.9999999999999432, 800.0000000000000000, 115.0000000000000426 ) ) ;
#3264 = EDGE_CURVE ( 'NONE', #2356, #50, #2784, .T. ) ;
#3265 = EDGE_CURVE ( 'NONE', #2512, #2476, #2032, .T. ) ;
#3266 = ORIENTED_EDGE ( 'NONE', *, *, #1317, .F. ) ;
#3267 = LINE ( 'NONE', #3369, #2631 ) ;
#3268 = DIRECTION ( 'NONE',  ( 1.850371707708594316E-16, 0.0000000000000000000, 1.000000000000000000 ) ) ;
#3269 = CIRCLE ( 'NONE', #2774, 5.099999999999993427 ) ;
#3270 = ORIENTED_EDGE ( 'NONE', *, *, #165, .F. ) ;
#3271 = EDGE_LOOP ( 'NONE', ( #2142, #869, #413, #1917 ) ) ;
#3272 = FACE_BOUND ( 'NONE', #202, .T. ) ;
#3273 = ORIENTED_EDGE ( 'NONE', *, *, #1259, .T. ) ;
#3274 = CIRCLE ( 'NONE', #3706, 2.499999999999946709 ) ;
#3275 = AXIS2_PLACEMENT_3D ( 'NONE', #229, #257, #2691 ) ;
#3276 = FILL_AREA_STYLE ('',( #2981 ) ) ;
#3277 = FACE_OUTER_BOUND ( 'NONE', #510, .T. ) ;
#3278 = DIRECTION ( 'NONE',  ( -1.000000000000000000, 7.256359638072919902E-17, 0.0000000000000000000 ) ) ;
#3279 = ADVANCED_FACE ( 'NONE', ( #1228 ), #992, .F. ) ;
#3280 = ORIENTED_EDGE ( 'NONE', *, *, #2885, .T. ) ;
#3281 = FACE_OUTER_BOUND ( 'NONE', #2764, .T. ) ;
#3282 = DIRECTION ( 'NONE',  ( -0.0000000000000000000, 1.000000000000000000, -0.0000000000000000000 ) ) ;
#3283 = EDGE_CURVE ( 'NONE', #3851, #3603, #2873, .T. ) ;
#3285 = CARTESIAN_POINT ( 'NONE',  ( 7.499999999998951949, 0.0000000000000000000, 150.0000000000000853 ) ) ;
#3284 = VECTOR ( 'NONE', #2290, 1000.000000000000114 ) ;
#3286 = PRESENTATION_LAYER_ASSIGNMENT (  '', '', ( #3085 ) ) ;
#3287 = EDGE_LOOP ( 'NONE', ( #2845, #2485, #2586, #1008 ) ) ;
#3288 = VERTEX_POINT ( 'NONE', #2092 ) ;
#3289 = VECTOR ( 'NONE', #1134, 1000.000000000000000 ) ;
#3290 =( NAMED_UNIT ( * ) PLANE_ANGLE_UNIT ( ) SI_UNIT ( $, .RADIAN. ) );
#3291 = PLANE ( 'NONE',  #3302 ) ;
#3292 = CARTESIAN_POINT ( 'NONE',  ( -89.99999999999994316, 755.0000000000000000, -47.49999999999994316 ) ) ;
#3293 = AXIS2_PLACEMENT_3D ( 'NONE', #1297, #679, #415 ) ;
#3294 = CARTESIAN_POINT ( 'NONE',  ( -30.00000000000000000, 0.0000000000000000000, -125.0000000000000000 ) ) ;
#3295 = DIRECTION ( 'NONE',  ( 1.850371707708594563E-16, 0.0000000000000000000, 1.000000000000000000 ) ) ;
#3296 = ORIENTED_EDGE ( 'NONE', *, *, #1572, .T. ) ;
#3297 = CARTESIAN_POINT ( 'NONE',  ( -124.9999999999999716, 15.00000000000000000, -125.0000000000000000 ) ) ;
#3298 = STYLED_ITEM ( 'NONE', ( #3145 ), #1678 ) ;
#3299 = DIRECTION ( 'NONE',  ( -1.000000000000000000, 0.0000000000000000000, 0.0000000000000000000 ) ) ;
#3300 =( LENGTH_UNIT ( ) NAMED_UNIT ( * ) SI_UNIT ( .MILLI., .METRE. ) );
#3301 = EDGE_CURVE ( 'NONE', #1041, #3255, #372, .T. ) ;
#3302 = AXIS2_PLACEMENT_3D ( 'NONE', #2132, #2157, #2746 ) ;
#3303 = VERTEX_POINT ( 'NONE', #1167 ) ;
#3304 = CYLINDRICAL_SURFACE ( 'NONE', #788, 3.399999999999986144 ) ;
#3305 = EDGE_CURVE ( 'NONE', #3331, #3232, #1840, .T. ) ;
#3306 = PRESENTATION_LAYER_ASSIGNMENT (  '', '', ( #1245 ) ) ;
#3307 = DIRECTION ( 'NONE',  ( 0.0000000000000000000, 0.0000000000000000000, 1.000000000000000000 ) ) ;
#3308 = ORIENTED_EDGE ( 'NONE', *, *, #1124, .T. ) ;
#3309 = LINE ( 'NONE', #3244, #1733 ) ;
#3310 = DIRECTION ( 'NONE',  ( 0.0000000000000000000, 0.0000000000000000000, 1.000000000000000000 ) ) ;
#3311 = ORIENTED_EDGE ( 'NONE', *, *, #1621, .T. ) ;
#3312 = CARTESIAN_POINT ( 'NONE',  ( 150.0000000000000284, 15.00000000000000000, 139.9999999999999432 ) ) ;
#3313 = CARTESIAN_POINT ( 'NONE',  ( -124.9999999999999716, 15.00000000000000000, 30.00000000000000000 ) ) ;
#3314 = CYLINDRICAL_SURFACE ( 'NONE', #152, 4.500000000000003553 ) ;
#3315 = AXIS2_PLACEMENT_3D ( 'NONE', #2862, #3391, #1907 ) ;
#3316 = EDGE_CURVE ( 'NONE', #191, #1456, #3274, .T. ) ;
#3317 = ORIENTED_EDGE ( 'NONE', *, *, #3662, .F. ) ;
#3318 = CARTESIAN_POINT ( 'NONE',  ( -89.99999999999994316, 714.9999999999998863, -45.00000000000000000 ) ) ;
#3319 = EDGE_LOOP ( 'NONE', ( #791, #4 ) ) ;
#3320 = AXIS2_PLACEMENT_3D ( 'NONE', #2894, #2692, #2979 ) ;
#3321 = EDGE_LOOP ( 'NONE', ( #2364, #1616 ) ) ;
#3322 = FACE_OUTER_BOUND ( 'NONE', #2818, .T. ) ;
#3323 = LINE ( 'NONE', #2039, #10 ) ;
#3324 = VERTEX_POINT ( 'NONE', #548 ) ;
#3325 = SURFACE_STYLE_FILL_AREA ( #2747 ) ;
#3326 = DIRECTION ( 'NONE',  ( -0.0000000000000000000, 1.000000000000000000, -0.0000000000000000000 ) ) ;
#3327 = AXIS2_PLACEMENT_3D ( 'NONE', #3251, #1761, #581 ) ;
#3328 = DIRECTION ( 'NONE',  ( 0.0000000000000000000, 1.000000000000000000, 0.0000000000000000000 ) ) ;
#3329 = DIRECTION ( 'NONE',  ( -1.000000000000000000, 7.434529182757744162E-17, -9.912705577010325549E-17 ) ) ;
#3330 = ORIENTED_EDGE ( 'NONE', *, *, #3555, .F. ) ;
#3331 = VERTEX_POINT ( 'NONE', #1731 ) ;
#3332 = LINE ( 'NONE', #2844, #2655 ) ;
#3333 = DIRECTION ( 'NONE',  ( 0.0000000000000000000, 0.0000000000000000000, -1.000000000000000000 ) ) ;
#3334 = EDGE_CURVE ( 'NONE', #3224, #317, #1884, .T. ) ;
#3335 = DIRECTION ( 'NONE',  ( -0.0000000000000000000, -1.000000000000000000, -0.0000000000000000000 ) ) ;
#3336 = ORIENTED_EDGE ( 'NONE', *, *, #2181, .T. ) ;
#3337 = DIRECTION ( 'NONE',  ( 1.000000000000000000, 0.0000000000000000000, 0.0000000000000000000 ) ) ;
#3338 = AXIS2_PLACEMENT_3D ( 'NONE', #968, #3051, #3345 ) ;
#3339 = EDGE_CURVE ( 'NONE', #18, #2442, #2645, .T. ) ;
#3340 = DIRECTION ( 'NONE',  ( -1.000000000000000000, -0.0000000000000000000, -0.0000000000000000000 ) ) ;
#3341 = VERTEX_POINT ( 'NONE', #2076 ) ;
#3342 = CARTESIAN_POINT ( 'NONE',  ( -124.9999999999999716, 0.0000000000000000000, -117.5000000000000142 ) ) ;
#3343 = ORIENTED_EDGE ( 'NONE', *, *, #1926, .F. ) ;
#3344 = CARTESIAN_POINT ( 'NONE',  ( 0.0000000000000000000, 0.0000000000000000000, 75.00000000000001421 ) ) ;
#3345 = DIRECTION ( 'NONE',  ( 0.0000000000000000000, 0.0000000000000000000, 1.000000000000000000 ) ) ;
#3346 = ADVANCED_FACE ( 'NONE', ( #3322 ), #1654, .F. ) ;
#3347 = ORIENTED_EDGE ( 'NONE', *, *, #744, .F. ) ;
#3348 =( NAMED_UNIT ( * ) SI_UNIT ( $, .STERADIAN. ) SOLID_ANGLE_UNIT ( ) );
#3349 = SURFACE_STYLE_USAGE ( .BOTH. , #653 ) ;
#3350 = ORIENTED_EDGE ( 'NONE', *, *, #2153, .T. ) ;
#3351 = CARTESIAN_POINT ( 'NONE',  ( -89.99999999999994316, 714.9999999999998863, -47.49999999999994316 ) ) ;
#3352 = AXIS2_PLACEMENT_3D ( 'NONE', #2514, #709, #99 ) ;
#3353 = ORIENTED_EDGE ( 'NONE', *, *, #1876, .T. ) ;
#3354 = CARTESIAN_POINT ( 'NONE',  ( 70.00000000000000000, 780.0000000000000000, -92.00000000000001421 ) ) ;
#3355 = ADVANCED_FACE ( 'NONE', ( #945 ), #285, .F. ) ;
#3356 = EDGE_CURVE ( 'NONE', #1977, #296, #1699, .T. ) ;
#3357 = ORIENTED_EDGE ( 'NONE', *, *, #233, .T. ) ;
#3358 = CYLINDRICAL_SURFACE ( 'NONE', #842, 4.499999999999997335 ) ;
#3359 = DIRECTION ( 'NONE',  ( 0.0000000000000000000, 0.0000000000000000000, 1.000000000000000000 ) ) ;
#3360 = APPLICATION_CONTEXT ( 'automotive_design' ) ;
#3361 =( LENGTH_UNIT ( ) NAMED_UNIT ( * ) SI_UNIT ( .MILLI., .METRE. ) );
#3362 = ORIENTED_EDGE ( 'NONE', *, *, #3835, .F. ) ;
#3363 = VECTOR ( 'NONE', #2189, 1000.000000000000000 ) ;
#3364 = UNCERTAINTY_MEASURE_WITH_UNIT (LENGTH_MEASURE( 1.000000000000000082E-05 ), #2402, 'distance_accuracy_value', 'NONE');
#3365 = EDGE_CURVE ( 'NONE', #187, #1553, #422, .T. ) ;
#3366 = VECTOR ( 'NONE', #2145, 1000.000000000000000 ) ;
#3367 = DIRECTION ( 'NONE',  ( -1.000000000000000000, -0.0000000000000000000, -0.0000000000000000000 ) ) ;
#3368 = AXIS2_PLACEMENT_3D ( 'NONE', #1606, #3088, #1332 ) ;
#3369 = CARTESIAN_POINT ( 'NONE',  ( 115.0000000000000568, 800.0000000000000000, 125.0000000000000000 ) ) ;
#3370 = ORIENTED_EDGE ( 'NONE', *, *, #3657, .F. ) ;
#3371 = CYLINDRICAL_SURFACE ( 'NONE', #1813, 7.499999999999992895 ) ;
#3372 = FILL_AREA_STYLE ('',( #1000 ) ) ;
#3373 = LINE ( 'NONE', #3673, #2788 ) ;
#3374 = DIRECTION ( 'NONE',  ( 1.000000000000000000, 0.0000000000000000000, 0.0000000000000000000 ) ) ;
#3376 = ORIENTED_EDGE ( 'NONE', *, *, #1502, .F. ) ;
#3375 = DIRECTION ( 'NONE',  ( -1.000000000000000000, 7.434529182757744162E-17, -9.912705577010325549E-17 ) ) ;
#3377 = ADVANCED_FACE ( 'NONE', ( #151 ), #1155, .F. ) ;
#3378 = ORIENTED_EDGE ( 'NONE', *, *, #1415, .F. ) ;
#3379 = VECTOR ( 'NONE', #3486, 1000.000000000000000 ) ;
#3380 = CYLINDRICAL_SURFACE ( 'NONE', #1147, 7.500000000000007105 ) ;
#3381 = VECTOR ( 'NONE', #3116, 1000.000000000000000 ) ;
#3382 = PLANE ( 'NONE',  #1933 ) ;
#3383 = EDGE_LOOP ( 'NONE', ( #1698, #1906, #3442, #1459 ) ) ;
#3384 = ORIENTED_EDGE ( 'NONE', *, *, #2148, .T. ) ;
#3385 = EDGE_CURVE ( 'NONE', #1144, #1220, #3425, .T. ) ;
#3386 = CARTESIAN_POINT ( 'NONE',  ( -90.00000000000000000, 780.0000000000000000, 95.09999999999999432 ) ) ;
#3387 = LINE ( 'NONE', #2122, #3197 ) ;
#3388 = AXIS2_PLACEMENT_3D ( 'NONE', #2622, #461, #2583 ) ;
#3389 = CARTESIAN_POINT ( 'NONE',  ( 125.0000000000000000, 15.00000000000000000, -30.00000000000000000 ) ) ;
#3390 = ORIENTED_EDGE ( 'NONE', *, *, #3114, .F. ) ;
#3391 = DIRECTION ( 'NONE',  ( 7.256359638072918670E-17, 1.000000000000000000, 0.0000000000000000000 ) ) ;
#3392 = DIRECTION ( 'NONE',  ( -0.0000000000000000000, 1.000000000000000000, -0.0000000000000000000 ) ) ;
#3393 = EDGE_CURVE ( 'NONE', #2618, #2599, #3838, .T. ) ;
#3394 = ORIENTED_EDGE ( 'NONE', *, *, #83, .F. ) ;
#3395 = CARTESIAN_POINT ( 'NONE',  ( -114.9999999999999432, 800.0000000000000000, -124.9999999999999432 ) ) ;
#3396 = VERTEX_POINT ( 'NONE', #1198 ) ;
#3397 = CARTESIAN_POINT ( 'NONE',  ( -80.00000000000000000, 714.9999999999998863, 42.50000000000004974 ) ) ;
#3398 = DIRECTION ( 'NONE',  ( 0.7071067811865474617, -0.0000000000000000000, -0.7071067811865474617 ) ) ;
#3399 = ADVANCED_FACE ( 'NONE', ( #3516, #1038, #1937, #859, #3049, #98, #3742, #2955 ), #3291, .F. ) ;
#3400 =( NAMED_UNIT ( * ) PLANE_ANGLE_UNIT ( ) SI_UNIT ( $, .RADIAN. ) );
#3401 = CARTESIAN_POINT ( 'NONE',  ( 70.00000000000000000, 800.0000000000000000, -98.50000000000000000 ) ) ;
#3402 = ORIENTED_EDGE ( 'NONE', *, *, #597, .F. ) ;
#3403 = LINE ( 'NONE', #1704, #1019 ) ;
#3404 = DIRECTION ( 'NONE',  ( 7.401486830834376525E-17, 1.000000000000000000, 0.0000000000000000000 ) ) ;
#3405 = AXIS2_PLACEMENT_3D ( 'NONE', #84, #432, #1005 ) ;
#3406 = ADVANCED_FACE ( 'NONE', ( #1836 ), #2316, .F. ) ;
#3407 = CARTESIAN_POINT ( 'NONE',  ( 139.9999999999999716, 15.00000000000000000, -150.0000000000000000 ) ) ;
#3408 = EDGE_LOOP ( 'NONE', ( #393, #1087, #2167, #3160 ) ) ;
#3409 = DIRECTION ( 'NONE',  ( -1.000000000000000000, 0.0000000000000000000, 0.0000000000000000000 ) ) ;
#3410 = CARTESIAN_POINT ( 'NONE',  ( 124.9999999999999716, 0.0000000000000000000, 125.0000000000000000 ) ) ;
#3411 = VECTOR ( 'NONE', #2962, 1000.000000000000000 ) ;
#3412 = EDGE_CURVE ( 'NONE', #3303, #117, #3001, .T. ) ;
#3413 = ORIENTED_EDGE ( 'NONE', *, *, #2388, .T. ) ;
#3414 =( GEOMETRIC_REPRESENTATION_CONTEXT ( 3 ) GLOBAL_UNCERTAINTY_ASSIGNED_CONTEXT ( ( #359 ) ) GLOBAL_UNIT_ASSIGNED_CONTEXT ( ( #2872, #1376, #3866 ) ) REPRESENTATION_CONTEXT ( 'NONE', 'WORKASPACE' ) );
#3415 = VECTOR ( 'NONE', #2982, 1000.000000000000114 ) ;
#3416 = CARTESIAN_POINT ( 'NONE',  ( -70.00000000000004263, 15.00000000000000533, -69.99999999999998579 ) ) ;
#3417 = CIRCLE ( 'NONE', #2957, 7.499999999999992895 ) ;
#3418 = ADVANCED_FACE ( 'NONE', ( #807 ), #2678, .F. ) ;
#3419 = ORIENTED_EDGE ( 'NONE', *, *, #2665, .T. ) ;
#3420 = ORIENTED_EDGE ( 'NONE', *, *, #879, .F. ) ;
#3421 = DIRECTION ( 'NONE',  ( 0.0000000000000000000, 1.000000000000000000, 0.0000000000000000000 ) ) ;
#3422 = STYLED_ITEM ( 'NONE', ( #2834 ), #3046 ) ;
#3423 = SURFACE_STYLE_USAGE ( .BOTH. , #1316 ) ;
#3424 = ORIENTED_EDGE ( 'NONE', *, *, #795, .F. ) ;
#3425 = LINE ( 'NONE', #3599, #2456 ) ;
#3426 = VECTOR ( 'NONE', #3512, 1000.000000000000114 ) ;
#3427 = DIRECTION ( 'NONE',  ( -0.0000000000000000000, 1.000000000000000000, -0.0000000000000000000 ) ) ;
#3428 = FILL_AREA_STYLE ('',( #1017 ) ) ;
#3429 = VECTOR ( 'NONE', #1644, 1000.000000000000000 ) ;
#3430 = ORIENTED_EDGE ( 'NONE', *, *, #1772, .T. ) ;
#3431 = VECTOR ( 'NONE', #321, 1000.000000000000000 ) ;
#3432 = CARTESIAN_POINT ( 'NONE',  ( 125.0000000000000000, 15.00000000000000000, -30.00000000000000000 ) ) ;
#3433 = APPLICATION_PROTOCOL_DEFINITION ( 'draft international standard', 'automotive_design', 1998, #3655 ) ;
#3434 = ORIENTED_EDGE ( 'NONE', *, *, #2653, .F. ) ;
#3435 = EDGE_LOOP ( 'NONE', ( #1947, #663 ) ) ;
#3436 = FACE_OUTER_BOUND ( 'NONE', #1192, .T. ) ;
#3437 = VERTEX_POINT ( 'NONE', #1812 ) ;
#3438 = EDGE_CURVE ( 'NONE', #688, #1426, #895, .T. ) ;
#3439 = DIRECTION ( 'NONE',  ( 0.0000000000000000000, 0.0000000000000000000, -1.000000000000000000 ) ) ;
#3440 = ADVANCED_FACE ( 'NONE', ( #412 ), #3012, .F. ) ;
#3441 = MECHANICAL_DESIGN_GEOMETRIC_PRESENTATION_REPRESENTATION (  '', ( #162 ), #540 ) ;
#3442 = ORIENTED_EDGE ( 'NONE', *, *, #1139, .T. ) ;
#3443 = CARTESIAN_POINT ( 'NONE',  ( 124.9999999999999716, 15.00000000000000000, 4.938795603462354205E-17 ) ) ;
#3444 = VERTEX_POINT ( 'NONE', #2433 ) ;
#3445 = EDGE_CURVE ( 'NONE', #2100, #2476, #3177, .T. ) ;
#3446 = DIRECTION ( 'NONE',  ( 0.0000000000000000000, 0.0000000000000000000, 1.000000000000000000 ) ) ;
#3447 = FILL_AREA_STYLE_COLOUR ( '', #3855 ) ;
#3448 = LINE ( 'NONE', #2842, #1677 ) ;
#3449 = ADVANCED_FACE ( 'NONE', ( #1450 ), #1530, .F. ) ;
#3450 = EDGE_CURVE ( 'NONE', #650, #2921, #748, .T. ) ;
#3451 = EDGE_CURVE ( 'NONE', #1456, #191, #2819, .T. ) ;
#3452 = CARTESIAN_POINT ( 'NONE',  ( -90.00000000000000000, 800.0000000000000000, 95.09999999999999432 ) ) ;
#3453 = PLANE ( 'NONE',  #534 ) ;
#3454 = EDGE_LOOP ( 'NONE', ( #517, #1551 ) ) ;
#3455 = SHAPE_REPRESENTATION_RELATIONSHIP ( 'NONE' , 'NONE' ,  #3023, #1164 ) ;
#3456 = DIRECTION ( 'NONE',  ( -7.256359638072919902E-17, -1.000000000000000000, -0.0000000000000000000 ) ) ;
#3457 = ORIENTED_EDGE ( 'NONE', *, *, #851, .T. ) ;
#3458 = CYLINDRICAL_SURFACE ( 'NONE', #915, 5.099999999999993427 ) ;
#3459 = ORIENTED_EDGE ( 'NONE', *, *, #1065, .F. ) ;
#3460 = AXIS2_PLACEMENT_3D ( 'NONE', #1033, #2600, #2033 ) ;
#3461 = CARTESIAN_POINT ( 'NONE',  ( 90.00000000000000000, 800.0000000000000000, -84.90000000000000568 ) ) ;
#3462 = CARTESIAN_POINT ( 'NONE',  ( -69.99999999999998579, 780.0000000000000000, -69.99999999999998579 ) ) ;
#3463 = VERTEX_POINT ( 'NONE', #2758 ) ;
#3464 = EDGE_CURVE ( 'NONE', #3674, #277, #3503, .T. ) ;
#3465 = CARTESIAN_POINT ( 'NONE',  ( 69.99999999999998579, 780.0000000000000000, 69.99999999999997158 ) ) ;
#3466 = ADVANCED_FACE ( 'NONE', ( #496 ), #3827, .F. ) ;
#3468 = VERTEX_POINT ( 'NONE', #2768 ) ;
#3467 = CARTESIAN_POINT ( 'NONE',  ( -70.00000000000000000, 800.0000000000000000, 95.00000000000000000 ) ) ;
#3469 = CIRCLE ( 'NONE', #1476, 2.999999999999988898 ) ;
#3470 = VECTOR ( 'NONE', #475, 1000.000000000000000 ) ;
#3471 = EDGE_CURVE ( 'NONE', #3538, #2963, #2948, .T. ) ;
#3472 = VERTEX_POINT ( 'NONE', #3354 ) ;
#3473 = AXIS2_PLACEMENT_3D ( 'NONE', #1674, #1357, #3179 ) ;
#3474 = EDGE_CURVE ( 'NONE', #296, #855, #455, .T. ) ;
#3475 = CIRCLE ( 'NONE', #2049, 19.99999999999999645 ) ;
#3476 = COLOUR_RGB ( '',0.6470588235294117974, 0.6196078431372549211, 0.5882352941176470784 ) ;
#3477 = ORIENTED_EDGE ( 'NONE', *, *, #386, .T. ) ;
#3478 = CIRCLE ( 'NONE', #3845, 4.499999999999990230 ) ;
#3479 = CIRCLE ( 'NONE', #1200, 3.400000000000000355 ) ;
#3480 = CARTESIAN_POINT ( 'NONE',  ( -30.00000000000000000, 0.0000000000000000000, -121.5999999999999943 ) ) ;
#3481 = DIRECTION ( 'NONE',  ( -1.000000000000000000, 0.0000000000000000000, 0.0000000000000000000 ) ) ;
#3482 = CIRCLE ( 'NONE', #246, 2.999999999999988898 ) ;
#3483 = ORIENTED_EDGE ( 'NONE', *, *, #2857, .F. ) ;
#3484 = VERTEX_POINT ( 'NONE', #1617 ) ;
#3485 = VECTOR ( 'NONE', #3019, 1000.000000000000000 ) ;
#3486 = DIRECTION ( 'NONE',  ( 1.000000000000000000, -7.434529182757750325E-17, -9.912705577010332945E-17 ) ) ;
#3487 = AXIS2_PLACEMENT_3D ( 'NONE', #2257, #2853, #768 ) ;
#3488 = VERTEX_POINT ( 'NONE', #1866 ) ;
#3489 = SURFACE_STYLE_USAGE ( .BOTH. , #796 ) ;
#3490 = DIRECTION ( 'NONE',  ( -7.256359638072918670E-17, -1.000000000000000000, -0.0000000000000000000 ) ) ;
#3491 = UNCERTAINTY_MEASURE_WITH_UNIT (LENGTH_MEASURE( 1.000000000000000082E-05 ), #2877, 'distance_accuracy_value', 'NONE');
#3492 = EDGE_CURVE ( 'NONE', #1475, #3159, #2864, .T. ) ;
#3493 = DIRECTION ( 'NONE',  ( -1.000000000000000000, -0.0000000000000000000, -0.0000000000000000000 ) ) ;
#3494 =( GEOMETRIC_REPRESENTATION_CONTEXT ( 3 ) GLOBAL_UNCERTAINTY_ASSIGNED_CONTEXT ( ( #1069 ) ) GLOBAL_UNIT_ASSIGNED_CONTEXT ( ( #3640, #2493, #3348 ) ) REPRESENTATION_CONTEXT ( 'NONE', 'WORKASPACE' ) );
#3495 = EDGE_LOOP ( 'NONE', ( #3550, #1755, #3167, #3280 ) ) ;
#3496 =( NAMED_UNIT ( * ) PLANE_ANGLE_UNIT ( ) SI_UNIT ( $, .RADIAN. ) );
#3497 = CARTESIAN_POINT ( 'NONE',  ( -69.99999999999998579, 15.00000000000000533, 80.00000000000001421 ) ) ;
#3498 = FILL_AREA_STYLE_COLOUR ( '', #2867 ) ;
#3499 = DIRECTION ( 'NONE',  ( 0.0000000000000000000, 0.0000000000000000000, -1.000000000000000000 ) ) ;
#3500 = ORIENTED_EDGE ( 'NONE', *, *, #2138, .F. ) ;
#3501 = ORIENTED_EDGE ( 'NONE', *, *, #3033, .T. ) ;
#3502 = LINE ( 'NONE', #1931, #2307 ) ;
#3503 = LINE ( 'NONE', #1293, #984 ) ;
#3504 = AXIS2_PLACEMENT_3D ( 'NONE', #1210, #25, #2717 ) ;
#3505 = DIRECTION ( 'NONE',  ( -0.0000000000000000000, 1.000000000000000000, -0.0000000000000000000 ) ) ;
#3506 = EDGE_LOOP ( 'NONE', ( #764, #550, #2215, #305 ) ) ;
#3507 = SURFACE_STYLE_FILL_AREA ( #3551 ) ;
#3508 = VECTOR ( 'NONE', #1941, 1000.000000000000000 ) ;
#3509 = EDGE_CURVE ( 'NONE', #296, #1908, #1172, .T. ) ;
#3510 = CARTESIAN_POINT ( 'NONE',  ( 30.00000000000000000, 15.00000000000000000, 125.0000000000000568 ) ) ;
#3511 = VERTEX_POINT ( 'NONE', #2504 ) ;
#3512 = DIRECTION ( 'NONE',  ( 0.7071067811865490160, 0.0000000000000000000, -0.7071067811865460184 ) ) ;
#3513 = DIRECTION ( 'NONE',  ( 0.0000000000000000000, 0.0000000000000000000, 1.000000000000000000 ) ) ;
#3514 = EDGE_CURVE ( 'NONE', #3341, #2801, #1692, .T. ) ;
#3515 = ORIENTED_EDGE ( 'NONE', *, *, #2778, .T. ) ;
#3516 = FACE_BOUND ( 'NONE', #2465, .T. ) ;
#3517 = CYLINDRICAL_SURFACE ( 'NONE', #1614, 7.499999999999992895 ) ;
#3518 = DIRECTION ( 'NONE',  ( 0.0000000000000000000, 0.0000000000000000000, 1.000000000000000000 ) ) ;
#3519 = ORIENTED_EDGE ( 'NONE', *, *, #115, .F. ) ;
#3520 = SURFACE_STYLE_FILL_AREA ( #3276 ) ;
#3521 = LINE ( 'NONE', #44, #2374 ) ;
#3522 = CARTESIAN_POINT ( 'NONE',  ( 89.99999999999994316, 780.0000000000000000, -70.00000000000000000 ) ) ;
#3523 = CARTESIAN_POINT ( 'NONE',  ( 70.00000000000000000, 800.0000000000000000, -95.00000000000000000 ) ) ;
#3524 = ORIENTED_EDGE ( 'NONE', *, *, #971, .F. ) ;
#3525 = EDGE_CURVE ( 'NONE', #2765, #3058, #1493, .T. ) ;
#3526 = EDGE_CURVE ( 'NONE', #18, #1891, #363, .T. ) ;
#3527 = DIRECTION ( 'NONE',  ( 0.7071067811865483499, 0.0000000000000000000, -0.7071067811865465735 ) ) ;
#3528 = VECTOR ( 'NONE', #188, 1000.000000000000000 ) ;
#3529 = PRESENTATION_LAYER_ASSIGNMENT (  '', '', ( #928 ) ) ;
#3530 = CARTESIAN_POINT ( 'NONE',  ( 0.0000000000000000000, -0.0009999999999992653654, -142.5000000000000568 ) ) ;
#3531 = CARTESIAN_POINT ( 'NONE',  ( 69.99999999999991473, 14.99999999999999467, -69.99999999999998579 ) ) ;
#3532 = ORIENTED_EDGE ( 'NONE', *, *, #3450, .F. ) ;
#3533 = ORIENTED_EDGE ( 'NONE', *, *, #2388, .F. ) ;
#3534 = DIRECTION ( 'NONE',  ( -7.401486830834376525E-17, -1.000000000000000000, -0.0000000000000000000 ) ) ;
#3535 = ORIENTED_EDGE ( 'NONE', *, *, #1123, .F. ) ;
#3536 = DIRECTION ( 'NONE',  ( -0.0000000000000000000, 1.000000000000000000, -0.0000000000000000000 ) ) ;
#3537 = DIRECTION ( 'NONE',  ( 1.000000000000000000, -7.256359638072918670E-17, 0.0000000000000000000 ) ) ;
#3538 = VERTEX_POINT ( 'NONE', #2812 ) ;
#3539 = CARTESIAN_POINT ( 'NONE',  ( -124.9999999999999716, 15.00000000000000000, 117.5000000000000142 ) ) ;
#3540 = FILL_AREA_STYLE_COLOUR ( '', #979 ) ;
#3541 = ORIENTED_EDGE ( 'NONE', *, *, #1502, .T. ) ;
#3542 = FACE_OUTER_BOUND ( 'NONE', #2642, .T. ) ;
#3543 = FACE_OUTER_BOUND ( 'NONE', #3408, .T. ) ;
#3544 = ORIENTED_EDGE ( 'NONE', *, *, #2124, .F. ) ;
#3545 = VECTOR ( 'NONE', #3016, 1000.000000000000000 ) ;
#3546 = LINE ( 'NONE', #1030, #1218 ) ;
#3547 = DIRECTION ( 'NONE',  ( -0.0000000000000000000, 1.000000000000000000, -0.0000000000000000000 ) ) ;
#3548 = AXIS2_PLACEMENT_3D ( 'NONE', #127, #2249, #1912 ) ;
#3550 = ORIENTED_EDGE ( 'NONE', *, *, #386, .F. ) ;
#3549 = CARTESIAN_POINT ( 'NONE',  ( 125.0000000000000000, 0.0000000000000000000, -33.39999999999998437 ) ) ;
#3551 = FILL_AREA_STYLE ('',( #605 ) ) ;
#3552 = VECTOR ( 'NONE', #301, 1000.000000000000000 ) ;
#3553 = CARTESIAN_POINT ( 'NONE',  ( 0.0000000000000000000, 15.00000000000000000, -142.5000000000000568 ) ) ;
#3554 = ORIENTED_EDGE ( 'NONE', *, *, #2255, .F. ) ;
#3555 = EDGE_CURVE ( 'NONE', #224, #2483, #2902, .T. ) ;
#3556 = DIRECTION ( 'NONE',  ( -1.000000000000000000, 0.0000000000000000000, 1.850371707708594563E-16 ) ) ;
#3557 = AXIS2_PLACEMENT_3D ( 'NONE', #3522, #2671, #1441 ) ;
#3558 = VECTOR ( 'NONE', #3056, 1000.000000000000000 ) ;
#3559 = ORIENTED_EDGE ( 'NONE', *, *, #2911, .T. ) ;
#3560 = VECTOR ( 'NONE', #2013, 1000.000000000000000 ) ;
#3561 = CIRCLE ( 'NONE', #5, 7.500000000000007105 ) ;
#3562 = EDGE_CURVE ( 'NONE', #2466, #3444, #185, .T. ) ;
#3563 = ORIENTED_EDGE ( 'NONE', *, *, #264, .T. ) ;
#3564 = CYLINDRICAL_SURFACE ( 'NONE', #3293, 7.500000000000007105 ) ;
#3565 = DIRECTION ( 'NONE',  ( 0.0000000000000000000, 0.0000000000000000000, 1.000000000000000000 ) ) ;
#3566 = LINE ( 'NONE', #1249, #1619 ) ;
#3567 = CARTESIAN_POINT ( 'NONE',  ( -80.00000000000005684, 15.00000000000000533, -69.99999999999998579 ) ) ;
#3568 = ORIENTED_EDGE ( 'NONE', *, *, #3365, .T. ) ;
#3569 = ORIENTED_EDGE ( 'NONE', *, *, #1201, .F. ) ;
#3570 = AXIS2_PLACEMENT_3D ( 'NONE', #3416, #3692, #2221 ) ;
#3571 = DIRECTION ( 'NONE',  ( -0.0000000000000000000, 1.000000000000000000, -0.0000000000000000000 ) ) ;
#3572 = CIRCLE ( 'NONE', #3878, 20.00000000000000355 ) ;
#3573 = CARTESIAN_POINT ( 'NONE',  ( 0.0000000000000000000, 15.00000000000000000, -125.0000000000000000 ) ) ;
#3574 = SURFACE_SIDE_STYLE ('',( #2725 ) ) ;
#3575 = EDGE_LOOP ( 'NONE', ( #2095, #2326 ) ) ;
#3576 =( LENGTH_UNIT ( ) NAMED_UNIT ( * ) SI_UNIT ( .MILLI., .METRE. ) );
#3577 = CARTESIAN_POINT ( 'NONE',  ( 124.9999999999999716, 0.0000000000000000000, 125.0000000000000000 ) ) ;
#3578 = EDGE_LOOP ( 'NONE', ( #3457, #2582, #714, #1448 ) ) ;
#3579 = DIRECTION ( 'NONE',  ( 0.0000000000000000000, 0.0000000000000000000, -1.000000000000000000 ) ) ;
#3580 = DIRECTION ( 'NONE',  ( -0.0000000000000000000, 1.000000000000000000, -0.0000000000000000000 ) ) ;
#3581 = DIRECTION ( 'NONE',  ( -0.0000000000000000000, 1.000000000000000000, -0.0000000000000000000 ) ) ;
#3582 = VERTEX_POINT ( 'NONE', #1302 ) ;
#3583 = DIRECTION ( 'NONE',  ( 0.0000000000000000000, 0.0000000000000000000, 1.000000000000000000 ) ) ;
#3584 = EDGE_CURVE ( 'NONE', #2136, #3232, #1546, .T. ) ;
#3585 =( LENGTH_UNIT ( ) NAMED_UNIT ( * ) SI_UNIT ( .MILLI., .METRE. ) );
#3586 = CARTESIAN_POINT ( 'NONE',  ( -90.00000000000000000, 800.0000000000000000, 95.09999999999999432 ) ) ;
#3587 = ORIENTED_EDGE ( 'NONE', *, *, #1313, .F. ) ;
#3588 = DIRECTION ( 'NONE',  ( 0.0000000000000000000, 0.0000000000000000000, 1.000000000000000000 ) ) ;
#3589 =( NAMED_UNIT ( * ) SI_UNIT ( $, .STERADIAN. ) SOLID_ANGLE_UNIT ( ) );
#3590 = CARTESIAN_POINT ( 'NONE',  ( -69.99999999999998579, 15.00000000000000533, -80.00000000000000000 ) ) ;
#3591 = EDGE_CURVE ( 'NONE', #2765, #1940, #3637, .T. ) ;
#3592 = ORIENTED_EDGE ( 'NONE', *, *, #3301, .F. ) ;
#3593 = AXIS2_PLACEMENT_3D ( 'NONE', #3768, #1116, #2295 ) ;
#3594 = VERTEX_POINT ( 'NONE', #437 ) ;
#3595 = FACE_BOUND ( 'NONE', #2693, .T. ) ;
#3596 = CIRCLE ( 'NONE', #3143, 7.500000000000007105 ) ;
#3597 = EDGE_LOOP ( 'NONE', ( #1807, #1143, #2306, #2001 ) ) ;
#3598 = LINE ( 'NONE', #12, #3833 ) ;
#3599 = CARTESIAN_POINT ( 'NONE',  ( -80.00000000000000000, 780.0000000000000000, -69.99999999999998579 ) ) ;
#3600 =( GEOMETRIC_REPRESENTATION_CONTEXT ( 3 ) GLOBAL_UNCERTAINTY_ASSIGNED_CONTEXT ( ( #2059 ) ) GLOBAL_UNIT_ASSIGNED_CONTEXT ( ( #3585, #2953, #353 ) ) REPRESENTATION_CONTEXT ( 'NONE', 'WORKASPACE' ) );
#3601 = DIRECTION ( 'NONE',  ( 0.0000000000000000000, 0.0000000000000000000, 1.000000000000000000 ) ) ;
#3602 = PLANE ( 'NONE',  #252 ) ;
#3603 = VERTEX_POINT ( 'NONE', #456 ) ;
#3604 = CARTESIAN_POINT ( 'NONE',  ( 125.0000000000000568, 800.0000000000000000, -114.9999999999999858 ) ) ;
#3605 = CIRCLE ( 'NONE', #2053, 4.500000000000003553 ) ;
#3606 = EDGE_LOOP ( 'NONE', ( #2773, #2506, #3241, #3273 ) ) ;
#3607 = EDGE_CURVE ( 'NONE', #471, #3488, #3269, .T. ) ;
#3608 = CIRCLE ( 'NONE', #1548, 7.500000000000007105 ) ;
#3609 = CIRCLE ( 'NONE', #2943, 3.400000000000000355 ) ;
#3610 = COLOUR_RGB ( '',0.6470588235294117974, 0.6196078431372549211, 0.5882352941176470784 ) ;
#3611 = AXIS2_PLACEMENT_3D ( 'NONE', #1264, #113, #3374 ) ;
#3612 = ORIENTED_EDGE ( 'NONE', *, *, #446, .F. ) ;
#3613 = ORIENTED_EDGE ( 'NONE', *, *, #3334, .F. ) ;
#3614 = FILL_AREA_STYLE ('',( #179 ) ) ;
#3615 = MECHANICAL_DESIGN_GEOMETRIC_PRESENTATION_REPRESENTATION (  '', ( #1541 ), #1422 ) ;
#3616 = ORIENTED_EDGE ( 'NONE', *, *, #3135, .T. ) ;
#3617 = DIRECTION ( 'NONE',  ( 1.000000000000000000, 0.0000000000000000000, -1.850371707708594563E-16 ) ) ;
#3618 = SURFACE_SIDE_STYLE ('',( #3520 ) ) ;
#3619 =( NAMED_UNIT ( * ) SI_UNIT ( $, .STERADIAN. ) SOLID_ANGLE_UNIT ( ) );
#3620 = DIRECTION ( 'NONE',  ( 0.0000000000000000000, 1.000000000000000000, 0.0000000000000000000 ) ) ;
#3621 = CARTESIAN_POINT ( 'NONE',  ( -90.00000000000000000, 780.0000000000000000, -90.00000000000000000 ) ) ;
#3622 = ORIENTED_EDGE ( 'NONE', *, *, #1165, .F. ) ;
#3623 = AXIS2_PLACEMENT_3D ( 'NONE', #505, #481, #3481 ) ;
#3624 = VECTOR ( 'NONE', #649, 1000.000000000000114 ) ;
#3625 = AXIS2_PLACEMENT_3D ( 'NONE', #2980, #1487, #3310 ) ;
#3626 = SURFACE_SIDE_STYLE ('',( #2131 ) ) ;
#3627 = VERTEX_POINT ( 'NONE', #2838 ) ;
#3628 = DIRECTION ( 'NONE',  ( -0.0000000000000000000, 1.000000000000000000, -0.0000000000000000000 ) ) ;
#3629 = EDGE_CURVE ( 'NONE', #1835, #1801, #3, .T. ) ;
#3630 = VERTEX_POINT ( 'NONE', #756 ) ;
#3631 = LINE ( 'NONE', #1413, #3172 ) ;
#3632 = CARTESIAN_POINT ( 'NONE',  ( 70.00000000000000000, 800.0000000000000000, -92.00000000000000000 ) ) ;
#3633 = CYLINDRICAL_SURFACE ( 'NONE', #404, 10.00000000000000888 ) ;
#3634 = EDGE_LOOP ( 'NONE', ( #2841, #2258, #2186, #752 ) ) ;
#3635 = FACE_BOUND ( 'NONE', #237, .T. ) ;
#3636 = CARTESIAN_POINT ( 'NONE',  ( -9.950721815702933470E-13, 15.00000000000000000, 142.5000000000000568 ) ) ;
#3637 = LINE ( 'NONE', #1074, #2403 ) ;
#3638 = EDGE_CURVE ( 'NONE', #907, #2356, #1268, .T. ) ;
#3639 = VERTEX_POINT ( 'NONE', #3149 ) ;
#3640 =( LENGTH_UNIT ( ) NAMED_UNIT ( * ) SI_UNIT ( .MILLI., .METRE. ) );
#3641 = DIRECTION ( 'NONE',  ( -0.0000000000000000000, -0.0000000000000000000, 1.000000000000000000 ) ) ;
#3642 = FACE_OUTER_BOUND ( 'NONE', #3037, .T. ) ;
#3643 = EDGE_LOOP ( 'NONE', ( #366, #1399, #3753, #1819 ) ) ;
#3644 = CARTESIAN_POINT ( 'NONE',  ( -124.9999999999999432, 800.0000000000000000, 115.0000000000000426 ) ) ;
#3645 = VERTEX_POINT ( 'NONE', #1362 ) ;
#3646 = LINE ( 'NONE', #3312, #3431 ) ;
#3647 = CARTESIAN_POINT ( 'NONE',  ( -149.9999999999999716, 0.0000000000000000000, 150.0000000000000000 ) ) ;
#3648 = FACE_OUTER_BOUND ( 'NONE', #991, .T. ) ;
#3649 = STYLED_ITEM ( 'NONE', ( #1822 ), #394 ) ;
#3650 = DIRECTION ( 'NONE',  ( -0.0000000000000000000, -1.000000000000000000, -0.0000000000000000000 ) ) ;
#3651 = FACE_BOUND ( 'NONE', #2628, .T. ) ;
#3652 = LINE ( 'NONE', #450, #1429 ) ;
#3653 = VECTOR ( 'NONE', #1076, 1000.000000000000114 ) ;
#3654 =( NAMED_UNIT ( * ) SI_UNIT ( $, .STERADIAN. ) SOLID_ANGLE_UNIT ( ) );
#3655 = APPLICATION_CONTEXT ( 'automotive_design' ) ;
#3656 = ORIENTED_EDGE ( 'NONE', *, *, #872, .F. ) ;
#3657 = EDGE_CURVE ( 'NONE', #962, #471, #3779, .T. ) ;
#3658 = DIRECTION ( 'NONE',  ( -7.256359638072918670E-17, -1.000000000000000000, -0.0000000000000000000 ) ) ;
#3659 = ORIENTED_EDGE ( 'NONE', *, *, #3762, .F. ) ;
#3660 = CARTESIAN_POINT ( 'NONE',  ( 69.99999999999991473, 14.99999999999999467, -69.99999999999998579 ) ) ;
#3661 = DIRECTION ( 'NONE',  ( 7.256359638072918670E-17, 1.000000000000000000, 0.0000000000000000000 ) ) ;
#3662 = EDGE_CURVE ( 'NONE', #2210, #1921, #3546, .T. ) ;
#3663 = AXIS2_PLACEMENT_3D ( 'NONE', #239, #266, #3229 ) ;
#3664 = EDGE_CURVE ( 'NONE', #1310, #1690, #1081, .T. ) ;
#3665 = DIRECTION ( 'NONE',  ( -1.000000000000000000, -0.0000000000000000000, -0.0000000000000000000 ) ) ;
#3666 = ORIENTED_EDGE ( 'NONE', *, *, #3555, .T. ) ;
#3667 = ADVANCED_FACE ( 'NONE', ( #2498 ), #2824, .F. ) ;
#3668 = CARTESIAN_POINT ( 'NONE',  ( 89.99999999999994316, 780.0000000000000000, -69.99999999999998579 ) ) ;
#3669 = ADVANCED_FACE ( 'NONE', ( #2114 ), #3702, .F. ) ;
#3670 = CARTESIAN_POINT ( 'NONE',  ( -89.99999999999994316, 755.0000000000000000, 45.00000000000000000 ) ) ;
#3671 = ORIENTED_EDGE ( 'NONE', *, *, #3526, .F. ) ;
#3672 = DIRECTION ( 'NONE',  ( -1.000000000000000000, -0.0000000000000000000, -0.0000000000000000000 ) ) ;
#3673 = CARTESIAN_POINT ( 'NONE',  ( 125.0000000000000000, 15.00000000000000000, -26.60000000000001208 ) ) ;
#3674 = VERTEX_POINT ( 'NONE', #1667 ) ;
#3675 = CARTESIAN_POINT ( 'NONE',  ( -124.9999999999999716, 0.0000000000000000000, -125.0000000000000000 ) ) ;
#3676 = AXIS2_PLACEMENT_3D ( 'NONE', #3022, #1229, #316 ) ;
#3677 = ORIENTED_EDGE ( 'NONE', *, *, #2584, .T. ) ;
#3678 = CARTESIAN_POINT ( 'NONE',  ( 79.99999999999997158, 780.0000000000000000, -69.99999999999998579 ) ) ;
#3679 = DIRECTION ( 'NONE',  ( -7.256359638072919902E-17, -1.000000000000000000, -0.0000000000000000000 ) ) ;
#3680 = EDGE_CURVE ( 'NONE', #1888, #907, #1597, .T. ) ;
#3681 = ORIENTED_EDGE ( 'NONE', *, *, #2617, .T. ) ;
#3682 = CARTESIAN_POINT ( 'NONE',  ( 125.0000000000000568, 800.0000000000000000, 115.0000000000000142 ) ) ;
#3683 = DIRECTION ( 'NONE',  ( 0.0000000000000000000, 1.000000000000000000, 0.0000000000000000000 ) ) ;
#3684 = VERTEX_POINT ( 'NONE', #3461 ) ;
#3685 = VECTOR ( 'NONE', #1877, 1000.000000000000114 ) ;
#3686 = CARTESIAN_POINT ( 'NONE',  ( 0.0000000000000000000, 15.00000000000000000, 0.0000000000000000000 ) ) ;
#3687 = ORIENTED_EDGE ( 'NONE', *, *, #1726, .T. ) ;
#3688 = FILL_AREA_STYLE_COLOUR ( '', #3476 ) ;
#3689 = FACE_BOUND ( 'NONE', #3321, .T. ) ;
#3690 = VECTOR ( 'NONE', #1831, 1000.000000000000000 ) ;
#3691 = ORIENTED_EDGE ( 'NONE', *, *, #3048, .T. ) ;
#3693 = ORIENTED_EDGE ( 'NONE', *, *, #1849, .F. ) ;
#3692 = DIRECTION ( 'NONE',  ( 7.256359638072918670E-17, 1.000000000000000000, 0.0000000000000000000 ) ) ;
#3694 = PRESENTATION_LAYER_ASSIGNMENT (  '', '', ( #2143 ) ) ;
#3695 = FACE_OUTER_BOUND ( 'NONE', #2871, .T. ) ;
#3696 = ORIENTED_EDGE ( 'NONE', *, *, #661, .T. ) ;
#3697 = CYLINDRICAL_SURFACE ( 'NONE', #2432, 2.499999999999946709 ) ;
#3698 = ADVANCED_FACE ( 'NONE', ( #2065 ), #3036, .F. ) ;
#3699 =( NAMED_UNIT ( * ) PLANE_ANGLE_UNIT ( ) SI_UNIT ( $, .RADIAN. ) );
#3700 = EDGE_LOOP ( 'NONE', ( #1683, #1022, #1154, #2560 ) ) ;
#3701 = ORIENTED_EDGE ( 'NONE', *, *, #1259, .F. ) ;
#3702 = PLANE ( 'NONE',  #2895 ) ;
#3703 = CYLINDRICAL_SURFACE ( 'NONE', #2681, 2.499999999999946709 ) ;
#3704 = ADVANCED_FACE ( 'NONE', ( #2398 ), #1777, .F. ) ;
#3705 = PRESENTATION_STYLE_ASSIGNMENT (( #2423 ) ) ;
#3706 = AXIS2_PLACEMENT_3D ( 'NONE', #1773, #272, #1745 ) ;
#3707 = CARTESIAN_POINT ( 'NONE',  ( 80.00000000000000000, 780.0000000000000000, 69.99999999999997158 ) ) ;
#3708 = ORIENTED_EDGE ( 'NONE', *, *, #3201, .T. ) ;
#3709 = DIRECTION ( 'NONE',  ( -0.0000000000000000000, 1.000000000000000000, -0.0000000000000000000 ) ) ;
#3710 = VECTOR ( 'NONE', #3783, 1000.000000000000000 ) ;
#3711 = EDGE_CURVE ( 'NONE', #2963, #1064, #3309, .T. ) ;
#3712 = DIRECTION ( 'NONE',  ( 8.659560562354452146E-17, 0.7071067811865867636, -0.7071067811865081598 ) ) ;
#3713 = PLANE ( 'NONE',  #3548 ) ;
#3714 = ORIENTED_EDGE ( 'NONE', *, *, #2539, .F. ) ;
#3715 = ADVANCED_FACE ( 'NONE', ( #1687 ), #1922, .F. ) ;
#3716 = EDGE_CURVE ( 'NONE', #937, #789, #1592, .T. ) ;
#3717 = DIRECTION ( 'NONE',  ( -0.0000000000000000000, 1.000000000000000000, -0.0000000000000000000 ) ) ;
#3718 = UNCERTAINTY_MEASURE_WITH_UNIT (LENGTH_MEASURE( 1.000000000000000082E-05 ), #3737, 'distance_accuracy_value', 'NONE');
#3719 = CARTESIAN_POINT ( 'NONE',  ( -70.00000000000000000, 800.0000000000000000, 98.50000000000000000 ) ) ;
#3720 = AXIS2_PLACEMENT_3D ( 'NONE', #3728, #1961, #1950 ) ;
#3721 = CARTESIAN_POINT ( 'NONE',  ( -9.948639134726988686E-13, 0.0000000000000000000, 142.5000000000000568 ) ) ;
#3722 = CARTESIAN_POINT ( 'NONE',  ( -150.0000000000000284, 0.0000000000000000000, -150.0000000000000000 ) ) ;
#3723 = ORIENTED_EDGE ( 'NONE', *, *, #2807, .F. ) ;
#3724 = DIRECTION ( 'NONE',  ( 1.000000000000000000, -7.256359638072918670E-17, 0.0000000000000000000 ) ) ;
#3725 = AXIS2_PLACEMENT_3D ( 'NONE', #1341, #837, #241 ) ;
#3726 = ORIENTED_EDGE ( 'NONE', *, *, #3201, .F. ) ;
#3727 = DIRECTION ( 'NONE',  ( -0.0000000000000000000, 1.000000000000000000, -0.0000000000000000000 ) ) ;
#3729 = CYLINDRICAL_SURFACE ( 'NONE', #1850, 3.000000000000002665 ) ;
#3728 = CARTESIAN_POINT ( 'NONE',  ( 90.00000000000000000, 780.0000000000000000, -90.00000000000000000 ) ) ;
#3730 = VECTOR ( 'NONE', #3580, 1000.000000000000000 ) ;
#3731 = EDGE_CURVE ( 'NONE', #522, #1824, #3079, .T. ) ;
#3732 = ORIENTED_EDGE ( 'NONE', *, *, #2073, .F. ) ;
#3733 =( NAMED_UNIT ( * ) SI_UNIT ( $, .STERADIAN. ) SOLID_ANGLE_UNIT ( ) );
#3734 = LINE ( 'NONE', #2634, #3415 ) ;
#3735 = VECTOR ( 'NONE', #367, 1000.000000000000000 ) ;
#3736 = ORIENTED_EDGE ( 'NONE', *, *, #1676, .T. ) ;
#3737 =( LENGTH_UNIT ( ) NAMED_UNIT ( * ) SI_UNIT ( .MILLI., .METRE. ) );
#3738 = FACE_BOUND ( 'NONE', #174, .T. ) ;
#3739 = EDGE_CURVE ( 'NONE', #673, #3582, #2305, .T. ) ;
#3740 = CARTESIAN_POINT ( 'NONE',  ( -80.00000000000000000, 714.9999999999998863, -45.00000000000000000 ) ) ;
#3741 = ORIENTED_EDGE ( 'NONE', *, *, #1396, .F. ) ;
#3742 = FACE_OUTER_BOUND ( 'NONE', #2603, .T. ) ;
#3743 = FACE_OUTER_BOUND ( 'NONE', #1380, .T. ) ;
#3744 = VECTOR ( 'NONE', #2706, 1000.000000000000000 ) ;
#3745 = ORIENTED_EDGE ( 'NONE', *, *, #2521, .F. ) ;
#3746 = CIRCLE ( 'NONE', #1224, 3.500000000000003109 ) ;
#3747 =( NAMED_UNIT ( * ) SI_UNIT ( $, .STERADIAN. ) SOLID_ANGLE_UNIT ( ) );
#3748 = DIRECTION ( 'NONE',  ( 0.7071067811865410224, 0.0000000000000000000, 0.7071067811865540120 ) ) ;
#3749 = VERTEX_POINT ( 'NONE', #835 ) ;
#3750 = CYLINDRICAL_SURFACE ( 'NONE', #607, 7.500000000000007105 ) ;
#3751 = VECTOR ( 'NONE', #965, 1000.000000000000000 ) ;
#3752 = DIRECTION ( 'NONE',  ( -0.7071067811865434649, -0.0000000000000000000, -0.7071067811865516806 ) ) ;
#3753 = ORIENTED_EDGE ( 'NONE', *, *, #3526, .T. ) ;
#3754 = ORIENTED_EDGE ( 'NONE', *, *, #2406, .F. ) ;
#3755 = ADVANCED_FACE ( 'NONE', ( #3173 ), #2367, .F. ) ;
#3756 = CARTESIAN_POINT ( 'NONE',  ( -90.00000000000000000, 800.0000000000000000, -90.00000000000000000 ) ) ;
#3757 = EDGE_CURVE ( 'NONE', #2430, #62, #2354, .T. ) ;
#3758 = PLANE ( 'NONE',  #1447 ) ;
#3759 =( GEOMETRIC_REPRESENTATION_CONTEXT ( 3 ) GLOBAL_UNCERTAINTY_ASSIGNED_CONTEXT ( ( #3364 ) ) GLOBAL_UNIT_ASSIGNED_CONTEXT ( ( #2402, #54, #79 ) ) REPRESENTATION_CONTEXT ( 'NONE', 'WORKASPACE' ) );
#3760 = EDGE_LOOP ( 'NONE', ( #3034, #1418, #1776, #3053, #2910, #26, #1003, #1180 ) ) ;
#3761 = CARTESIAN_POINT ( 'NONE',  ( 150.0000000000000000, 15.00000000000000000, 7.500000000000524025 ) ) ;
#3762 = EDGE_CURVE ( 'NONE', #3444, #1258, #1446, .T. ) ;
#3763 = DIRECTION ( 'NONE',  ( 0.0000000000000000000, 1.000000000000000000, 0.0000000000000000000 ) ) ;
#3764 = VERTEX_POINT ( 'NONE', #537 ) ;
#3765 = AXIS2_PLACEMENT_3D ( 'NONE', #877, #3823, #2908 ) ;
#3766 = UNCERTAINTY_MEASURE_WITH_UNIT (LENGTH_MEASURE( 1.000000000000000082E-05 ), #3361, 'distance_accuracy_value', 'NONE');
#3767 = ORIENTED_EDGE ( 'NONE', *, *, #2342, .F. ) ;
#3768 = CARTESIAN_POINT ( 'NONE',  ( -70.00000000000000000, 800.0000000000000000, 95.00000000000000000 ) ) ;
#3769 = ORIENTED_EDGE ( 'NONE', *, *, #1749, .T. ) ;
#3770 = DIRECTION ( 'NONE',  ( -0.0000000000000000000, 1.000000000000000000, -0.0000000000000000000 ) ) ;
#3771 = ADVANCED_FACE ( 'NONE', ( #318 ), #1025, .F. ) ;
#3772 = CARTESIAN_POINT ( 'NONE',  ( 0.0000000000000000000, 15.00000000000000000, 0.0000000000000000000 ) ) ;
#3773 = SURFACE_STYLE_FILL_AREA ( #255 ) ;
#3774 = CARTESIAN_POINT ( 'NONE',  ( -7.500000000001047162, -0.0009999999999992653654, 149.9999999999999716 ) ) ;
#3775 = VERTEX_POINT ( 'NONE', #238 ) ;
#3776 = CARTESIAN_POINT ( 'NONE',  ( 124.9999999999999716, 15.00000000000000000, 4.499999999999990230 ) ) ;
#3777 = STYLED_ITEM ( 'NONE', ( #1411 ), #145 ) ;
#3778 = PRESENTATION_LAYER_ASSIGNMENT (  '', '', ( #2848 ) ) ;
#3779 = LINE ( 'NONE', #158, #2019 ) ;
#3780 = ORIENTED_EDGE ( 'NONE', *, *, #3236, .F. ) ;
#3781 = EDGE_CURVE ( 'NONE', #2150, #3484, #228, .T. ) ;
#3782 = PRESENTATION_STYLE_ASSIGNMENT (( #2395 ) ) ;
#3783 = DIRECTION ( 'NONE',  ( -0.0000000000000000000, 1.000000000000000000, -0.0000000000000000000 ) ) ;
#3785 = ORIENTED_EDGE ( 'NONE', *, *, #3257, .T. ) ;
#3784 = DIRECTION ( 'NONE',  ( -0.0000000000000000000, 1.000000000000000000, -0.0000000000000000000 ) ) ;
#3786 =( LENGTH_UNIT ( ) NAMED_UNIT ( * ) SI_UNIT ( .MILLI., .METRE. ) );
#3787 = EDGE_CURVE ( 'NONE', #2769, #3684, #1126, .T. ) ;
#3788 = ORIENTED_EDGE ( 'NONE', *, *, #3492, .F. ) ;
#3789 = EDGE_CURVE ( 'NONE', #1891, #1281, #935, .T. ) ;
#3790 = CARTESIAN_POINT ( 'NONE',  ( -70.00000000000000000, 780.0000000000000000, 95.00000000000000000 ) ) ;
#3791 = ORIENTED_EDGE ( 'NONE', *, *, #3236, .T. ) ;
#3792 = CIRCLE ( 'NONE', #2740, 10.00000000000002309 ) ;
#3793 = COLOUR_RGB ( '',1.000000000000000000, 1.000000000000000000, 1.000000000000000000 ) ;
#3794 = CARTESIAN_POINT ( 'NONE',  ( -150.0000000000000284, 15.00000000000000000, -150.0000000000000000 ) ) ;
#3795 = CARTESIAN_POINT ( 'NONE',  ( 124.9999999999999716, 15.00000000000000000, 4.499999999999990230 ) ) ;
#3796 = MECHANICAL_DESIGN_GEOMETRIC_PRESENTATION_REPRESENTATION (  '', ( #928 ), #2524 ) ;
#3797 = CIRCLE ( 'NONE', #123, 19.99999999999999645 ) ;
#3798 = ORIENTED_EDGE ( 'NONE', *, *, #2682, .T. ) ;
#3799 = EDGE_LOOP ( 'NONE', ( #1561, #3100, #1129, #3587 ) ) ;
#3800 = PRESENTATION_STYLE_ASSIGNMENT (( #2300 ) ) ;
#3801 = CARTESIAN_POINT ( 'NONE',  ( -90.00000000000000000, 780.0000000000000000, 90.00000000000000000 ) ) ;
#3802 = SURFACE_STYLE_FILL_AREA ( #3614 ) ;
#3803 =( GEOMETRIC_REPRESENTATION_CONTEXT ( 3 ) GLOBAL_UNCERTAINTY_ASSIGNED_CONTEXT ( ( #648 ) ) GLOBAL_UNIT_ASSIGNED_CONTEXT ( ( #1113, #1691, #3212 ) ) REPRESENTATION_CONTEXT ( 'NONE', 'WORKASPACE' ) );
#3804 = DIRECTION ( 'NONE',  ( -0.0000000000000000000, 1.000000000000000000, -0.0000000000000000000 ) ) ;
#3805 = ORIENTED_EDGE ( 'NONE', *, *, #2230, .F. ) ;
#3806 =( NAMED_UNIT ( * ) PLANE_ANGLE_UNIT ( ) SI_UNIT ( $, .RADIAN. ) );
#3807 = DIRECTION ( 'NONE',  ( -9.912705577010332945E-17, 7.193015665311809791E-33, 1.000000000000000000 ) ) ;
#3808 = EDGE_CURVE ( 'NONE', #349, #2150, #2444, .T. ) ;
#3809 = DIRECTION ( 'NONE',  ( -0.0000000000000000000, 1.000000000000000000, -0.0000000000000000000 ) ) ;
#3810 = ADVANCED_FACE ( 'NONE', ( #3543 ), #3633, .F. ) ;
#3811 = AXIS2_PLACEMENT_3D ( 'NONE', #1568, #350, #2793 ) ;
#3812 = ORIENTED_EDGE ( 'NONE', *, *, #716, .T. ) ;
#3813 = DIRECTION ( 'NONE',  ( -0.7071067811865474617, 0.0000000000000000000, 0.7071067811865474617 ) ) ;
#3814 = PRESENTATION_LAYER_ASSIGNMENT (  '', '', ( #3422 ) ) ;
#3815 = CARTESIAN_POINT ( 'NONE',  ( -89.99999999999994316, 755.0000000000000000, -47.49999999999994316 ) ) ;
#3816 = DIRECTION ( 'NONE',  ( 0.0000000000000000000, 0.0000000000000000000, 1.000000000000000000 ) ) ;
#3817 = VERTEX_POINT ( 'NONE', #1860 ) ;
#3818 = DIRECTION ( 'NONE',  ( -7.256359638072918670E-17, -1.000000000000000000, -0.0000000000000000000 ) ) ;
#3819 = ORIENTED_EDGE ( 'NONE', *, *, #3265, .F. ) ;
#3820 = CARTESIAN_POINT ( 'NONE',  ( 125.0000000000000000, 15.00000000000000000, -33.39999999999998437 ) ) ;
#3821 = LINE ( 'NONE', #1858, #2543 ) ;
#3822 = VECTOR ( 'NONE', #3672, 1000.000000000000000 ) ;
#3823 = DIRECTION ( 'NONE',  ( -0.0000000000000000000, 1.000000000000000000, -0.0000000000000000000 ) ) ;
#3824 = EDGE_LOOP ( 'NONE', ( #1375, #2909, #875, #1276 ) ) ;
#3825 = LINE ( 'NONE', #2159, #2771 ) ;
#3826 = DIRECTION ( 'NONE',  ( 0.0000000000000000000, 0.0000000000000000000, 1.000000000000000000 ) ) ;
#3827 = CYLINDRICAL_SURFACE ( 'NONE', #1343, 62.50000000000000000 ) ;
#3828 = CARTESIAN_POINT ( 'NONE',  ( -89.99999999999994316, 755.0000000000000000, 42.50000000000004974 ) ) ;
#3829 = FACE_BOUND ( 'NONE', #2882, .T. ) ;
#3830 = DIRECTION ( 'NONE',  ( -0.0000000000000000000, -0.0000000000000000000, 1.000000000000000000 ) ) ;
#3831 = VERTEX_POINT ( 'NONE', #2179 ) ;
#3832 = ORIENTED_EDGE ( 'NONE', *, *, #787, .T. ) ;
#3833 = VECTOR ( 'NONE', #601, 1000.000000000000000 ) ;
#3834 = CARTESIAN_POINT ( 'NONE',  ( -69.99999999999998579, 780.0000000000000000, 90.00000000000000000 ) ) ;
#3835 = EDGE_CURVE ( 'NONE', #3024, #3255, #37, .T. ) ;
#3836 = ORIENTED_EDGE ( 'NONE', *, *, #2675, .T. ) ;
#3837 = PRESENTATION_LAYER_ASSIGNMENT (  '', '', ( #2659 ) ) ;
#3838 = CIRCLE ( 'NONE', #2000, 7.500000000000007105 ) ;
#3839 = CONICAL_SURFACE ( 'NONE', #3275, 3.500000000000003109, 0.7853981633973927678 ) ;
#3840 = DIRECTION ( 'NONE',  ( -0.7071067811865466846, 0.0000000000000000000, 0.7071067811865484609 ) ) ;
#3841 = DIRECTION ( 'NONE',  ( 0.0000000000000000000, 0.0000000000000000000, 1.000000000000000000 ) ) ;
#3842 = FACE_OUTER_BOUND ( 'NONE', #2542, .T. ) ;
#3843 = ORIENTED_EDGE ( 'NONE', *, *, #1766, .T. ) ;
#3844 = CARTESIAN_POINT ( 'NONE',  ( -80.00000000000000000, 714.9999999999998863, -45.00000000000000000 ) ) ;
#3845 = AXIS2_PLACEMENT_3D ( 'NONE', #2309, #2585, #1382 ) ;
#3846 = PRODUCT_DEFINITION_CONTEXT ( 'detailed design', #3655, 'design' ) ;
#3847 = DIRECTION ( 'NONE',  ( -0.0000000000000000000, 1.000000000000000000, -0.0000000000000000000 ) ) ;
#3848 = ORIENTED_EDGE ( 'NONE', *, *, #120, .T. ) ;
#3849 = EDGE_CURVE ( 'NONE', #855, #1695, #1976, .T. ) ;
#3850 = PRESENTATION_LAYER_ASSIGNMENT (  '', '', ( #263 ) ) ;
#3851 = VERTEX_POINT ( 'NONE', #1296 ) ;
#3852 = EDGE_CURVE ( 'NONE', #3107, #882, #743, .T. ) ;
#3854 = SURFACE_STYLE_USAGE ( .BOTH. , #1797 ) ;
#3853 = LINE ( 'NONE', #766, #3284 ) ;
#3855 = COLOUR_RGB ( '',1.000000000000000000, 1.000000000000000000, 1.000000000000000000 ) ;
#3856 = CARTESIAN_POINT ( 'NONE',  ( -90.00000000000002842, 15.00000000000000711, 69.99999999999998579 ) ) ;
#3857 = CIRCLE ( 'NONE', #2115, 3.500000000000003109 ) ;
#3858 = VERTEX_POINT ( 'NONE', #651 ) ;
#3859 = ORIENTED_EDGE ( 'NONE', *, *, #3869, .F. ) ;
#3860 = CARTESIAN_POINT ( 'NONE',  ( -9.950721815702933470E-13, 0.0000000000000000000, 142.5000000000000568 ) ) ;
#3861 = COLOUR_RGB ( '',0.6470588235294117974, 0.6196078431372549211, 0.5882352941176470784 ) ;
#3862 = CARTESIAN_POINT ( 'NONE',  ( 149.9999999999999716, 15.00000000000000000, -150.0000000000000000 ) ) ;
#3863 = CARTESIAN_POINT ( 'NONE',  ( -80.00000000000005684, 15.00000000000000533, 69.99999999999998579 ) ) ;
#3864 = EDGE_LOOP ( 'NONE', ( #1711, #418 ) ) ;
#3865 = AXIS2_PLACEMENT_3D ( 'NONE', #2343, #2011, #3218 ) ;
#3866 =( NAMED_UNIT ( * ) SI_UNIT ( $, .STERADIAN. ) SOLID_ANGLE_UNIT ( ) );
#3867 = EDGE_LOOP ( 'NONE', ( #530, #939, #1225, #3701 ) ) ;
#3868 = CARTESIAN_POINT ( 'NONE',  ( 139.9999999999999716, 0.0000000000000000000, 150.0000000000000000 ) ) ;
#3869 = EDGE_CURVE ( 'NONE', #1304, #3093, #2261, .T. ) ;
#3870 = FACE_OUTER_BOUND ( 'NONE', #682, .T. ) ;
#3871 = CARTESIAN_POINT ( 'NONE',  ( 3.519498277747516086E-14, 800.0000000000000000, 0.0000000000000000000 ) ) ;
#3872 = PRODUCT_DEFINITION_FORMATION_WITH_SPECIFIED_SOURCE ( 'ANY', '', #337, .NOT_KNOWN. ) ;
#3873 = DIRECTION ( 'NONE',  ( -0.0000000000000000000, 1.000000000000000000, -0.0000000000000000000 ) ) ;
#3874 = DIRECTION ( 'NONE',  ( -0.0000000000000000000, 1.000000000000000000, -0.0000000000000000000 ) ) ;
#3875 = DIRECTION ( 'NONE',  ( 0.0000000000000000000, 1.000000000000000000, 0.0000000000000000000 ) ) ;
#3876 = EDGE_CURVE ( 'NONE', #913, #624, #1539, .T. ) ;
#3877 = ORIENTED_EDGE ( 'NONE', *, *, #351, .T. ) ;
#3878 = AXIS2_PLACEMENT_3D ( 'NONE', #2071, #1737, #1151 ) ;
#3879 = DIRECTION ( 'NONE',  ( -7.401486830834376525E-17, -1.000000000000000000, -0.0000000000000000000 ) ) ;
#3880 = CIRCLE ( 'NONE', #3460, 4.500000000000003553 ) ;
#3881 = NEXT_ASSEMBLY_USAGE_OCCURRENCE ( 'NAUO1', ' ', ' ', #1872, #209, $ ) ;
ENDSEC;
END-ISO-10303-21;
