specimen_name,scan_number,segment_index,start_x,start_y,end_x,end_y,length_pixels,length_microns,angle_degrees
int_01_01,0001,0,1506,0,1422,125,150.6021,171.1382,-56.10
int_01_01,0001,1,1438,188,1579,276,166.2077,188.8718,31.97
int_01_01,0001,2,1579,276,1651,452,190.1578,216.0878,67.75
int_01_01,0001,3,1651,452,1499,479,154.3794,175.4306,-10.07
int_01_01,0001,4,1499,479,1421,648,186.1317,211.5126,-65.22
int_01_01,0001,5,1430,680,1591,757,178.4657,202.8013,25.56
int_01_01,0001,6,1591,757,1676,912,176.7767,200.8820,61.26
int_01_01,0001,7,1645,940,1495,986,156.8949,178.2891,-17.05
int_01_01,0001,8,1495,986,1411,1118,156.4609,177.7959,-57.53
int_01_01,0001,9,1429,1169,1599,1251,188.7432,214.4802,25.75
int_01_01,0001,10,1599,1251,1662,1391,153.5220,174.4562,65.77
int_01_01,0001,11,1646,1416,1491,1465,162.5608,184.7275,-17.54
int_01_01,0001,12,1491,1465,1395,1596,162.4100,184.5562,-53.77
int_01_01,0001,13,1395,1596,1555,1705,193.6001,219.9994,34.26
int_01_01,0001,14,1555,1705,1591,1806,107.2241,121.8451,70.38
int_01_01,0001,15,1591,1806,1414,1943,223.8258,254.3467,-37.74
int_01_01,0001,16,1414,1943,1388,2041,101.3903,115.2159,-75.14
int_01_01,0002,0,1482,0,1422,144,156.0000,177.2722,-67.38
int_01_01,0002,1,1422,144,1591,234,191.4706,217.5796,28.04
int_01_01,0002,2,1591,234,1670,405,188.3667,214.0523,65.20
int_01_01,0002,3,1670,405,1507,456,170.7923,194.0815,-17.37
int_01_01,0002,4,1507,456,1410,594,168.6802,191.6814,-54.90
int_01_01,0002,5,1413,621,1558,734,183.8314,208.8987,37.93
int_01_01,0002,6,1558,734,1608,859,134.6291,152.9871,68.20
int_01_01,0002,7,1593,894,1499,935,102.5524,116.5365,-23.57
int_01_01,0002,8,1499,935,1408,1096,184.9378,210.1559,-60.52
int_01_01,0002,9,1408,1096,1567,1227,206.0146,234.1067,39.49
int_01_01,0002,10,1567,1227,1650,1390,182.9153,207.8576,63.01
int_01_01,0002,11,1650,1390,1491,1436,165.5204,188.0908,-16.14
int_01_01,0002,12,1491,1436,1403,1611,195.8801,222.5903,-63.30
int_01_01,0002,13,1410,1636,1588,1721,197.2536,224.1512,25.53
int_01_01,0002,14,1588,1721,1667,1878,175.7555,199.7215,63.29
int_01_01,0002,15,1667,1878,1487,1943,191.3766,217.4727,-19.86
int_01_01,0002,16,1487,1943,1422,2047,122.6418,139.3652,-57.99
int_01_01,0003,0,1437,58,1585,163,181.4635,206.2079,35.35
int_01_01,0003,1,1585,163,1613,287,127.1220,144.4563,77.28
int_01_01,0003,2,1613,287,1508,350,122.4500,139.1473,-30.96
int_01_01,0003,3,1508,350,1415,532,204.3844,232.2543,-62.93
int_01_01,0003,4,1422,559,1569,647,171.3272,194.6893,30.91
int_01_01,0003,5,1569,647,1630,800,164.7119,187.1720,68.26
int_01_01,0003,6,1630,800,1516,861,129.2942,146.9248,-28.15
int_01_01,0003,7,1516,861,1415,1023,190.9057,216.9376,-58.06
int_01_01,0003,8,1421,1046,1593,1154,203.0960,230.7902,32.12
int_01_01,0003,9,1593,1154,1658,1299,158.9025,180.5704,65.85
int_01_01,0003,10,1616,1360,1505,1378,112.4500,127.7837,-9.21
int_01_01,0003,11,1505,1378,1411,1516,166.9731,189.7415,-55.74
int_01_01,0003,12,1415,1543,1547,1636,161.4714,183.4896,35.17
int_01_01,0003,13,1547,1636,1604,1759,135.5655,154.0512,65.14
int_01_01,0003,14,1584,1820,1497,1854,93.4077,106.1448,-21.35
int_01_01,0003,15,1497,1854,1422,2047,207.0604,235.2951,-68.76
int_01_01,0004,0,1598,0,1620,119,121.0165,137.5183,79.53
int_01_01,0004,1,1620,119,1513,169,118.1059,134.2108,-25.05
int_01_01,0004,2,1513,169,1408,325,188.0452,213.6871,-56.06
int_01_01,0004,3,1412,384,1551,456,156.5407,177.8866,27.38
int_01_01,0004,4,1551,456,1634,571,141.8238,161.1629,54.18
int_01_01,0004,5,1625,641,1512,688,122.3846,139.0730,-22.58
int_01_01,0004,6,1512,688,1423,852,186.5931,212.0370,-61.51
int_01_01,0004,7,1423,852,1590,1017,234.7637,266.7761,44.65
int_01_01,0004,8,1590,1017,1616,1131,116.9273,132.8715,77.15
int_01_01,0004,9,1616,1131,1505,1192,126.6570,143.9280,-28.79
int_01_01,0004,10,1505,1192,1403,1352,189.7472,215.6211,-57.48
int_01_01,0004,11,1408,1376,1559,1482,184.4912,209.6484,35.07
int_01_01,0004,12,1559,1482,1629,1638,170.9854,194.3009,65.83
int_01_01,0004,13,1629,1638,1510,1704,136.0772,154.6327,-29.01
int_01_01,0004,14,1510,1704,1409,1882,204.6583,232.5655,-60.43
int_01_01,0004,15,1409,1882,1577,1998,204.1568,231.9956,34.62
int_01_01,0004,16,1471,1907,1620,2047,204.4529,232.3321,43.22
int_01_01,0005,0,1461,0,1412,124,133.3304,151.5114,-68.44
int_01_01,0005,1,1412,124,1563,212,174.7713,198.6031,30.23
int_01_01,0005,2,1563,212,1628,356,157.9905,179.5341,65.71
int_01_01,0005,3,1611,385,1506,428,113.4637,128.9356,-22.27
int_01_01,0005,4,1506,428,1404,576,179.7443,204.2542,-55.43
int_01_01,0005,5,1410,636,1557,722,170.3085,193.5318,30.33
int_01_01,0005,6,1557,722,1623,862,154.7773,175.8827,64.76
int_01_01,0005,7,1604,894,1506,939,107.8378,122.5426,-24.66
int_01_01,0005,8,1506,939,1402,1121,209.6187,238.2023,-60.26
int_01_01,0005,9,1404,1152,1547,1227,161.4745,183.4931,27.68
int_01_01,0005,10,1547,1227,1633,1383,178.1348,202.4252,61.13
int_01_01,0005,11,1611,1416,1503,1459,116.2454,132.0967,-21.71
int_01_01,0005,12,1503,1459,1415,1625,187.8829,213.5027,-62.07
int_01_01,0005,13,1415,1625,1573,1789,227.7279,258.7809,46.07
int_01_01,0005,14,1573,1789,1604,1895,110.4400,125.4996,73.70
int_01_01,0005,15,1604,1895,1474,2001,167.7379,190.6106,-39.19
int_01_01,0006,0,1534,0,1639,183,210.9834,239.7531,60.15
int_01_01,0006,1,1639,183,1493,238,156.0160,177.2904,-20.64
int_01_01,0006,2,1493,238,1399,377,167.8005,190.6817,-55.93
int_01_01,0006,3,1404,446,1563,544,186.7753,212.2439,31.65
int_01_01,0006,4,1563,544,1616,674,140.3887,159.5322,67.82
int_01_01,0006,5,1616,674,1459,825,217.8302,247.5335,-43.88
int_01_01,0006,6,1565,701,1402,935,285.1754,324.0619,-55.14
int_01_01,0006,7,1404,966,1554,1052,172.9046,196.4819,29.83
int_01_01,0006,8,1554,1052,1622,1195,158.3446,179.9364,64.57
int_01_01,0006,9,1604,1226,1498,1270,114.7693,130.4193,-22.54
int_01_01,0006,10,1498,1270,1394,1424,185.8279,211.1674,-55.97
int_01_01,0006,11,1405,1484,1550,1566,166.5803,189.2952,29.49
int_01_01,0006,12,1550,1566,1613,1697,145.3616,165.1831,64.32
int_01_01,0006,13,1613,1697,1444,1859,234.1047,266.0272,-43.79
int_01_01,0006,14,1553,1733,1392,1964,281.5706,319.9656,-55.12
int_01_01,0006,15,1395,1993,1493,2047,111.8928,127.1505,28.86
int_01_01,0007,0,1618,22,1472,62,151.3803,172.0225,-15.32
int_01_01,0007,1,1472,62,1373,198,168.2171,191.1552,-53.95
int_01_01,0007,2,1388,255,1552,347,188.0425,213.6840,29.29
int_01_01,0007,3,1552,347,1617,480,148.0338,168.2197,63.95
int_01_01,0007,4,1610,514,1493,563,126.8464,144.1431,-22.72
int_01_01,0007,5,1493,563,1376,718,194.2009,220.6822,-52.95
int_01_01,0007,6,1386,774,1556,865,192.8238,219.1172,28.16
int_01_01,0007,7,1556,865,1633,1017,170.3907,193.6252,63.13
int_01_01,0007,8,1595,1067,1489,1079,106.6771,121.2236,-6.46
int_01_01,0007,9,1489,1079,1392,1220,171.1432,194.4803,-55.47
int_01_01,0007,10,1398,1285,1550,1376,177.1581,201.3154,30.91
int_01_01,0007,11,1550,1376,1612,1498,136.8503,155.5112,63.06
int_01_01,0007,12,1612,1498,1452,1666,232.0000,263.6355,-46.40
int_01_01,0007,13,1559,1532,1395,1777,294.8237,335.0258,-56.20
int_01_01,0007,14,1396,1802,1547,1891,175.2769,199.1777,30.52
int_01_01,0007,15,1547,1891,1612,2047,169.0000,192.0448,67.38
int_01_01,0008,0,1441,0,1383,115,128.7983,146.3612,-63.24
int_01_01,0008,1,1383,115,1537,193,172.6268,196.1662,26.86
int_01_01,0008,2,1537,193,1620,346,174.0632,197.7985,61.52
int_01_01,0008,3,1620,346,1467,409,165.4630,188.0255,-22.38
int_01_01,0008,4,1467,409,1371,550,170.5784,193.8385,-55.75
int_01_01,0008,5,1380,579,1563,704,221.6168,251.8365,34.34
int_01_01,0008,6,1563,704,1628,848,157.9905,179.5341,65.71
int_01_01,0008,7,1608,872,1468,904,143.6106,163.1933,-12.88
int_01_01,0008,8,1468,904,1364,1049,178.4405,202.7726,-54.35
int_01_01,0008,9,1374,1075,1541,1185,199.9725,227.2407,33.37
int_01_01,0008,10,1541,1185,1614,1330,162.3392,184.4757,63.28
int_01_01,0008,11,1581,1390,1484,1410,99.0404,112.5455,-11.65
int_01_01,0008,12,1484,1410,1367,1570,198.2145,225.2431,-53.82
int_01_01,0008,13,1392,1629,1538,1696,160.6393,182.5441,24.65
int_01_01,0008,14,1538,1696,1612,1814,139.2839,158.2766,57.91
int_01_01,0008,15,1594,1905,1480,1920,114.9826,130.6616,-7.50
int_01_01,0008,16,1480,1920,1397,2047,151.7168,172.4050,-56.83
int_01_01,0009,0,1396,0,1377,89,91.0055,103.4150,-77.95
int_01_01,0009,1,1377,89,1580,191,227.1849,258.1639,26.68
int_01_01,0009,2,1580,191,1638,323,144.1804,163.8409,66.28
int_01_01,0009,3,1638,323,1473,372,172.1220,195.5926,-16.54
int_01_01,0009,4,1473,372,1355,510,181.5709,206.3299,-49.47
int_01_01,0009,5,1355,510,1544,618,217.6810,247.3639,29.74
int_01_01,0009,6,1544,618,1609,727,126.9094,144.2148,59.19
int_01_01,0009,7,1604,761,1422,889,222.5039,252.8446,-35.12
int_01_01,0009,8,1368,953,1534,1069,202.5142,230.1290,34.95
int_01_01,0009,9,1534,1069,1617,1216,168.8135,191.8329,60.55
int_01_01,0009,10,1574,1273,1460,1290,115.2606,130.9775,-8.48
int_01_01,0009,11,1460,1290,1363,1429,169.4993,192.6122,-55.09
int_01_01,0009,12,1363,1429,1582,1622,291.9075,331.7120,41.39
int_01_01,0009,13,1582,1622,1617,1733,116.3873,132.2579,72.50
int_01_01,0009,14,1598,1760,1461,1783,138.9172,157.8600,-9.53
int_01_01,0009,15,1461,1783,1361,1946,191.2302,217.3064,-58.47
int_01_01,0009,16,1361,1946,1514,2047,183.3303,208.3292,33.43
int_01_01,0010,0,1584,0,1646,168,179.0754,203.4941,69.74
int_01_01,0010,1,1646,168,1479,193,168.8609,191.8868,-8.51
int_01_01,0010,2,1479,193,1377,350,187.2245,212.7544,-56.99
int_01_01,0010,3,1388,412,1578,529,223.1345,253.5611,31.62
int_01_01,0010,4,1578,529,1620,654,131.8674,149.8488,71.43
int_01_01,0010,5,1620,654,1495,696,131.8674,149.8488,-18.57
int_01_01,0010,6,1495,696,1352,869,224.4504,255.0565,-50.42
int_01_01,0010,7,1360,910,1551,982,204.1201,231.9539,20.65
int_01_01,0010,8,1551,982,1627,1137,172.6297,196.1694,63.88
int_01_01,0010,9,1627,1137,1460,1194,176.4596,200.5217,-18.85
int_01_01,0010,10,1460,1194,1338,1345,194.1262,220.5973,-51.06
int_01_01,0010,11,1338,1345,1535,1438,217.8486,247.5544,25.27
int_01_01,0010,12,1535,1438,1596,1543,121.4331,137.9917,59.85
int_01_01,0010,13,1591,1587,1461,1648,143.6001,163.1815,-25.14
int_01_01,0010,14,1461,1648,1356,1792,178.2162,202.5177,-53.90
int_01_01,0010,15,1356,1792,1525,1889,194.8589,221.4299,29.85
int_01_01,0010,16,1525,1889,1608,2047,178.4741,202.8108,62.29
int_01_01,0011,0,1460,0,1591,110,171.0585,194.3840,40.02
int_01_01,0011,1,1591,110,1652,235,139.0899,158.0562,63.99
int_01_01,0011,2,1652,235,1497,274,159.8312,181.6257,-14.12
int_01_01,0011,3,1497,274,1377,462,223.0336,253.4465,-57.45
int_01_01,0011,4,1378,499,1575,597,220.0295,250.0328,26.45
int_01_01,0011,5,1575,597,1646,762,179.6274,204.1214,66.72
int_01_01,0011,6,1646,762,1520,850,153.6880,174.6449,-34.93
int_01_01,0011,7,1443,832,1363,964,154.3503,175.3975,-58.78
int_01_01,0011,8,1378,1024,1572,1135,223.5106,253.9885,29.78
int_01_01,0011,9,1572,1135,1637,1304,181.0690,205.7596,68.96
int_01_01,0011,10,1637,1304,1467,1333,172.4558,195.9719,-9.68
int_01_01,0011,11,1467,1333,1364,1492,189.4466,215.2795,-57.06
int_01_01,0011,12,1378,1549,1565,1665,220.0568,250.0638,31.81
int_01_01,0011,13,1565,1665,1611,1787,130.3840,148.1632,69.34
int_01_01,0011,14,1611,1787,1481,1836,138.9280,157.8723,-20.65
int_01_01,0011,15,1481,1836,1339,2026,237.2003,269.5450,-53.23
int_01_01,0012,0,1422,0,1396,106,109.1421,124.0247,-76.22
int_01_01,0012,1,1396,106,1577,206,206.7873,234.9849,28.92
int_01_01,0012,2,1577,206,1670,402,216.9447,246.5273,64.62
int_01_01,0012,3,1633,303,1638,440,137.0912,155.7850,87.91
int_01_01,0012,4,1638,440,1421,464,218.3232,248.0937,-6.31
int_01_01,0012,5,1421,464,1334,589,152.2958,173.0628,-55.16
int_01_01,0012,6,1334,589,1530,693,221.8829,252.1388,27.95
int_01_01,0012,7,1530,693,1647,882,222.2836,252.5942,58.24
int_01_01,0012,8,1647,882,1492,927,161.4001,183.4086,-16.19
int_01_01,0012,9,1492,927,1369,1086,201.0224,228.4338,-52.28
int_01_01,0012,10,1375,1151,1565,1244,211.5396,240.3851,26.08
int_01_01,0012,11,1565,1244,1640,1401,173.9943,197.7201,64.47
int_01_01,0012,12,1634,1434,1514,1502,137.9275,156.7353,-29.54
int_01_01,0012,13,1438,1485,1356,1616,154.5477,175.6219,-57.96
int_01_01,0012,14,1371,1674,1550,1770,203.1182,230.8154,28.21
int_01_01,0012,15,1550,1770,1628,1922,170.8450,194.1414,62.84
int_01_01,0012,16,1627,1957,1465,1980,163.6246,185.9364,-8.08
int_01_01,0013,0,1643,58,1494,87,151.7959,172.4948,-11.01
int_01_01,0013,1,1494,87,1395,257,196.7257,223.5512,-59.79
int_01_01,0013,2,1404,290,1603,406,230.3411,261.7504,30.24
int_01_01,0013,3,1603,406,1668,581,186.6815,212.1374,69.62
int_01_01,0013,4,1668,581,1474,616,197.1319,224.0128,-10.23
int_01_01,0013,5,1474,616,1386,743,154.5089,175.5777,-55.28
int_01_01,0013,6,1395,800,1583,911,218.3232,248.0937,30.56
int_01_01,0013,7,1583,911,1666,1108,213.7709,242.9207,67.15
int_01_01,0013,8,1641,1020,1632,1138,118.3427,134.4799,-85.64
int_01_01,0013,9,1632,1138,1431,1164,202.6746,230.3113,-7.37
int_01_01,0013,10,1431,1164,1332,1291,161.0279,182.9857,-52.06
int_01_01,0013,11,1332,1291,1522,1382,210.6680,239.3947,25.59
int_01_01,0013,12,1522,1382,1635,1558,209.1531,237.6732,57.30
int_01_01,0013,13,1639,1593,1489,1627,153.8051,174.7779,-12.77
int_01_01,0013,14,1489,1627,1367,1817,225.7964,256.5860,-57.30
int_01_01,0013,15,1371,1847,1551,1930,198.2145,225.2431,24.75
int_01_01,0013,16,1551,1930,1630,2047,141.1737,160.4241,55.97
int_01_01,0014,0,1426,0,1609,101,209.0215,237.5237,28.89
int_01_01,0014,1,1609,101,1681,251,166.3851,189.0734,64.36
int_01_01,0014,2,1681,251,1485,296,201.0995,228.5214,-12.93
int_01_01,0014,3,1485,296,1390,431,165.0757,187.5855,-54.87
int_01_01,0014,4,1394,504,1566,596,195.0590,221.6572,28.14
int_01_01,0014,5,1566,596,1647,756,179.3349,203.7890,63.15
int_01_01,0014,6,1647,756,1490,796,162.0154,184.1079,-14.29
int_01_01,0014,7,1490,796,1388,967,199.1105,226.2612,-59.18
int_01_01,0014,8,1399,1000,1587,1105,215.3346,244.6977,29.18
int_01_01,0014,9,1587,1105,1663,1276,187.1283,212.6451,66.04
int_01_01,0014,10,1658,1297,1467,1329,193.6621,220.0698,-9.51
int_01_01,0014,11,1467,1329,1377,1458,157.2927,178.7412,-55.10
int_01_01,0014,12,1390,1511,1574,1617,212.3488,241.3046,29.95
int_01_01,0014,13,1574,1617,1660,1807,208.5569,236.9958,65.65
int_01_01,0014,14,1630,1712,1624,1846,134.1343,152.4248,-87.44
int_01_01,0014,15,1624,1846,1420,1874,205.9126,233.9908,-7.82
int_01_01,0014,16,1420,1874,1325,2001,158.6001,180.2268,-53.20
int_01_01,0014,17,1325,2001,1407,2047,94.0213,106.8420,29.29
int_01_01,0015,0,1639,0,1681,152,157.6959,179.1993,74.55
int_01_01,0015,1,1681,152,1458,196,227.2994,258.2939,-11.16
int_01_01,0015,2,1458,196,1391,308,130.5105,148.3070,-59.11
int_01_01,0015,3,1415,380,1616,482,225.3996,256.1351,26.91
int_01_01,0015,4,1616,482,1680,642,172.3253,195.8235,68.20
int_01_01,0015,5,1680,642,1463,695,223.3786,253.8385,-13.73
int_01_01,0015,6,1463,695,1382,822,150.6320,171.1722,-57.47
int_01_01,0015,7,1402,882,1592,975,211.5396,240.3851,26.08
int_01_01,0015,8,1592,975,1672,1107,154.3503,175.3975,58.78
int_01_01,0015,9,1673,1140,1479,1187,199.6121,226.8312,-13.62
int_01_01,0015,10,1479,1187,1384,1323,165.8945,188.5159,-55.06
int_01_01,0015,11,1388,1394,1554,1482,187.8829,213.5027,27.93
int_01_01,0015,12,1554,1482,1641,1645,184.7647,209.9592,61.91
int_01_01,0015,13,1641,1645,1483,1686,163.2330,185.4914,-14.55
int_01_01,0015,14,1483,1686,1381,1879,218.2957,248.0625,-62.14
int_01_01,0015,15,1381,1879,1615,2047,288.0625,327.3427,35.68
int_02_01,0001,0,1575,0,1278,56,302.2334,343.4459,-10.68
int_02_01,0001,1,1278,56,1212,167,129.1395,146.7489,-59.26
int_02_01,0001,2,1236,224,1553,316,330.0803,375.0900,16.18
int_02_01,0001,3,1553,316,1614,458,154.5477,175.6219,66.75
int_02_01,0001,4,1614,458,1263,558,364.9671,414.7340,-15.90
int_02_01,0001,5,1263,558,1218,655,106.9299,121.5108,-65.11
int_02_01,0001,6,1248,720,1555,795,316.0285,359.1221,13.73
int_02_01,0001,7,1555,795,1628,933,156.1185,177.4069,62.12
int_02_01,0001,8,1628,933,1437,1038,217.9587,247.6796,-28.80
int_02_01,0001,9,1437,1038,1263,1053,174.6454,198.4600,-4.93
int_02_01,0001,10,1263,1053,1212,1144,104.3168,118.5415,-60.73
int_02_01,0001,11,1234,1201,1559,1273,332.8799,378.2714,12.49
int_02_01,0001,12,1559,1273,1628,1405,148.9463,169.2566,62.40
int_02_01,0001,13,1619,1437,1352,1543,287.2716,326.4440,-21.65
int_02_01,0001,14,1268,1552,1209,1639,105.1190,119.4530,-55.86
int_02_01,0001,15,1209,1639,1557,1761,368.7655,419.0504,19.32
int_02_01,0001,16,1597,1844,1318,2047,345.0362,392.0854,-36.04
int_02_01,0002,0,1315,0,1293,146,147.6482,167.7815,-81.43
int_02_01,0002,1,1293,146,1604,246,326.6818,371.2281,17.82
int_02_01,0002,2,1604,246,1652,395,156.5407,177.8866,72.14
int_02_01,0002,3,1652,395,1397,481,269.1115,305.8075,-18.64
int_02_01,0002,4,1560,445,1321,486,242.4912,275.5573,-9.73
int_02_01,0002,5,1321,486,1279,616,136.6163,155.2452,-72.10
int_02_01,0002,6,1292,648,1595,731,314.1624,357.0016,15.32
int_02_01,0002,7,1595,731,1677,873,163.9756,186.3353,60.00
int_02_01,0002,8,1641,925,1322,984,324.4102,368.6468,-10.48
int_02_01,0002,9,1322,984,1250,1097,133.9888,152.2595,-57.50
int_02_01,0002,10,1277,1150,1586,1237,321.0140,364.7875,15.72
int_02_01,0002,11,1586,1237,1657,1378,157.8670,179.3938,63.27
int_02_01,0002,12,1657,1378,1308,1486,365.3286,415.1448,-17.19
int_02_01,0002,13,1308,1486,1255,1586,113.1769,128.6096,-62.08
int_02_01,0002,14,1286,1646,1601,1724,324.5135,368.7641,13.91
int_02_01,0002,15,1601,1724,1670,1840,134.9704,153.3749,59.25
int_02_01,0002,16,1670,1840,1572,1927,131.0458,148.9152,-41.60
int_02_01,0002,17,1572,1927,1306,1978,270.8450,307.7774,-10.85
int_02_01,0003,0,1519,0,1651,73,150.8410,171.4097,28.94
int_02_01,0003,1,1651,73,1669,201,129.2594,146.8852,82.00
int_02_01,0003,2,1669,201,1326,306,358.7116,407.6255,-17.02
int_02_01,0003,3,1343,441,1619,520,287.0836,326.2303,15.97
int_02_01,0003,4,1619,520,1694,689,184.8946,210.1068,66.07
int_02_01,0003,5,1694,689,1363,776,342.2426,388.9108,-14.73
int_02_01,0003,6,1363,776,1300,883,124.1692,141.1010,-59.51
int_02_01,0003,7,1324,941,1620,1027,308.2402,350.2718,16.20
int_02_01,0003,8,1620,1027,1688,1175,162.8742,185.0837,65.32
int_02_01,0003,9,1688,1175,1513,1274,201.0622,228.4790,-29.50
int_02_01,0003,10,1513,1274,1356,1281,157.1560,178.5858,-2.55
int_02_01,0003,11,1356,1281,1299,1389,122.1188,138.7709,-62.18
int_02_01,0003,12,1325,1447,1628,1528,313.6399,356.4079,14.97
int_02_01,0003,13,1628,1528,1707,1673,165.1242,187.6405,61.42
int_02_01,0003,14,1689,1698,1351,1780,347.8045,395.2312,-13.64
int_02_01,0003,15,1351,1780,1278,1891,132.8533,150.9692,-56.67
int_02_01,0003,16,1305,1943,1631,2047,342.1871,388.8477,17.69
int_02_01,0004,0,1596,0,1343,53,258.4918,293.7397,-11.83
int_02_01,0004,1,1343,53,1298,137,95.2943,108.2886,-61.82
int_02_01,0004,2,1298,137,1325,219,86.3308,98.1028,71.77
int_02_01,0004,3,1325,219,1577,296,263.5014,299.4325,16.99
int_02_01,0004,4,1577,296,1710,479,226.2256,257.0737,53.99
int_02_01,0004,5,1710,479,1345,549,371.6517,422.3301,-10.86
int_02_01,0004,6,1345,549,1276,677,145.4132,165.2417,-61.67
int_02_01,0004,7,1291,735,1606,825,327.6049,372.2772,15.95
int_02_01,0004,8,1606,825,1668,909,104.4031,118.6395,53.57
int_02_01,0004,9,1655,997,1322,1099,348.2714,395.7617,-17.03
int_02_01,0004,10,1322,1099,1332,1231,132.3782,150.4293,85.67
int_02_01,0004,11,1332,1231,1613,1312,292.4414,332.3188,16.08
int_02_01,0004,12,1613,1312,1685,1458,162.7882,184.9860,63.75
int_02_01,0004,13,1680,1497,1359,1568,328.7583,373.5877,-12.47
int_02_01,0004,14,1359,1568,1289,1678,130.3840,148.1632,-57.53
int_02_01,0004,15,1316,1732,1634,1839,335.5190,381.2704,18.60
int_02_01,0004,16,1634,1839,1671,1985,150.6154,171.1533,75.78
int_02_01,0004,17,1671,1985,1546,2047,139.5314,158.5579,-26.38
int_02_01,0005,0,1401,0,1595,79,209.4684,238.0315,22.16
int_02_01,0005,1,1595,79,1657,236,168.7987,191.8161,68.45
int_02_01,0005,2,1657,236,1326,347,349.1160,396.7215,-18.54
int_02_01,0005,3,1326,347,1329,461,114.0395,129.5899,88.49
int_02_01,0005,4,1313,388,1351,502,120.1666,136.5525,71.57
int_02_01,0005,5,1351,502,1569,579,231.1990,262.7254,19.45
int_02_01,0005,6,1569,579,1650,727,168.7157,191.7218,61.31
int_02_01,0005,7,1650,727,1555,811,126.8109,144.1028,-41.48
int_02_01,0005,8,1555,811,1335,848,223.0897,253.5102,-9.55
int_02_01,0005,9,1335,848,1288,933,97.1288,110.3733,-61.06
int_02_01,0005,10,1288,933,1317,1014,86.0349,97.7666,70.30
int_02_01,0005,11,1317,1014,1569,1090,263.2109,299.1024,16.78
int_02_01,0005,12,1569,1090,1662,1246,181.6177,206.3831,59.20
int_02_01,0005,13,1644,1278,1334,1347,317.5862,360.8923,-12.55
int_02_01,0005,14,1334,1347,1266,1477,146.7106,166.7161,-62.39
int_02_01,0005,15,1281,1530,1594,1620,325.6824,370.0924,16.04
int_02_01,0005,16,1594,1620,1663,1728,128.1601,145.6360,57.43
int_02_01,0005,17,1663,1728,1564,1829,141.4284,160.7136,-45.57
int_02_01,0005,18,1564,1829,1311,1896,261.7212,297.4095,-14.83
int_02_01,0005,19,1311,1896,1319,2022,126.2537,143.4697,86.37
int_02_01,0006,0,1599,0,1618,102,103.7545,117.9025,79.45
int_02_01,0006,1,1652,116,1355,173,302.4202,343.6583,-10.86
int_02_01,0006,2,1355,173,1299,326,162.9264,185.1430,-69.90
int_02_01,0006,3,1299,326,1551,435,274.5633,312.0027,23.39
int_02_01,0006,4,1551,435,1636,582,169.8058,192.9605,59.96
int_02_01,0006,5,1625,634,1347,692,283.9859,322.7102,-11.78
int_02_01,0006,6,1347,692,1296,809,127.6323,145.0362,-66.45
int_02_01,0006,7,1324,875,1566,945,251.9206,286.2725,16.13
int_02_01,0006,8,1566,945,1648,1082,159.6653,181.4372,59.10
int_02_01,0006,9,1650,1129,1325,1232,340.9311,387.4204,-17.58
int_02_01,0006,10,1325,1232,1301,1319,90.2497,102.5561,-74.58
int_02_01,0006,11,1301,1319,1341,1393,84.1190,95.5894,61.61
int_02_01,0006,12,1341,1393,1570,1477,243.9201,277.1810,20.14
int_02_01,0006,13,1570,1477,1642,1629,168.1904,191.1248,64.65
int_02_01,0006,14,1642,1629,1513,1715,155.0387,176.1798,-33.69
int_02_01,0006,15,1513,1715,1325,1741,189.7894,215.6690,-7.87
int_02_01,0006,16,1325,1741,1277,1826,97.6166,110.9276,-60.55
int_02_01,0006,17,1308,1903,1527,1957,225.5593,256.3166,13.85
int_02_01,0006,18,1527,1957,1613,2047,124.4829,141.4574,46.30
int_02_01,0007,0,1254,0,1267,95,95.8853,108.9603,82.21
int_02_01,0007,1,1267,95,1539,185,286.5031,325.5706,18.31
int_02_01,0007,2,1539,185,1590,321,145.2481,165.0541,69.44
int_02_01,0007,3,1615,308,1594,353,49.6588,56.4303,-64.98
int_02_01,0007,4,1569,365,1323,413,250.6392,284.8163,-11.04
int_02_01,0007,5,1323,413,1252,543,148.1249,168.3233,-61.36
int_02_01,0007,6,1277,600,1539,685,275.4433,313.0027,17.97
int_02_01,0007,7,1539,685,1618,842,175.7555,199.7215,63.29
int_02_01,0007,8,1612,866,1352,929,267.5238,304.0034,-13.62
int_02_01,0007,9,1352,929,1278,1081,169.0562,192.1087,-64.04
int_02_01,0007,10,1278,1081,1547,1196,292.5509,332.4431,23.15
int_02_01,0007,11,1547,1196,1627,1363,185.1729,210.4231,64.40
int_02_01,0007,12,1618,1392,1340,1452,284.4011,323.1821,-12.18
int_02_01,0007,13,1340,1452,1283,1577,137.3827,156.1162,-65.49
int_02_01,0007,14,1309,1632,1569,1713,272.3252,309.4594,17.30
int_02_01,0007,15,1569,1713,1640,1878,179.6274,204.1214,66.72
int_02_01,0007,16,1632,1904,1322,1990,321.7079,365.5760,-15.51
int_02_01,0008,0,1543,0,1566,142,143.8506,163.4661,80.80
int_02_01,0008,1,1566,142,1294,201,278.3253,316.2778,-12.24
int_02_01,0008,2,1294,201,1222,324,142.5237,161.9582,-59.66
int_02_01,0008,3,1247,381,1521,475,289.6757,329.1759,18.94
int_02_01,0008,4,1521,475,1575,609,144.4715,164.1716,68.05
int_02_01,0008,5,1565,635,1277,697,294.5980,334.7694,-12.15
int_02_01,0008,6,1277,697,1236,813,123.0325,139.8092,-70.53
int_02_01,0008,7,1260,867,1537,959,291.8784,331.6789,18.37
int_02_01,0008,8,1537,959,1594,1097,149.3084,169.6681,67.56
int_02_01,0008,9,1550,1149,1324,1190,229.6889,261.0093,-10.28
int_02_01,0008,10,1324,1190,1246,1323,154.1850,175.2096,-59.61
int_02_01,0008,11,1271,1375,1552,1479,299.6281,340.4854,20.31
int_02_01,0008,12,1552,1479,1609,1629,160.4649,182.3459,69.19
int_02_01,0008,13,1609,1629,1353,1706,267.3294,303.7824,-16.74
int_02_01,0008,14,1353,1706,1277,1870,180.7540,205.4016,-65.14
int_02_01,0008,15,1277,1870,1528,1961,266.9869,303.3932,19.93
int_02_01,0008,16,1528,1961,1595,2047,109.0183,123.8841,52.08
int_02_01,0009,0,1572,0,1308,64,271.6468,308.6886,-13.63
int_02_01,0009,1,1308,64,1252,215,161.0497,183.0104,-69.65
int_02_01,0009,2,1264,240,1532,332,283.3514,321.9892,18.95
int_02_01,0009,3,1532,332,1583,450,128.5496,146.0786,66.63
int_02_01,0009,4,1583,450,1489,519,116.6062,132.5066,-36.28
int_02_01,0009,5,1489,519,1302,535,187.6832,213.2757,-4.89
int_02_01,0009,6,1302,535,1218,667,156.4609,177.7959,-57.53
int_02_01,0009,7,1218,667,1521,737,310.9807,353.3860,13.01
int_02_01,0009,8,1521,737,1610,875,164.2102,186.6019,57.18
int_02_01,0009,9,1588,917,1319,984,277.2183,315.0198,-13.99
int_02_01,0009,10,1319,984,1244,1108,144.9172,164.6781,-58.83
int_02_01,0009,11,1269,1163,1535,1251,280.1785,318.3837,18.31
int_02_01,0009,12,1535,1251,1600,1356,123.4909,140.3301,58.24
int_02_01,0009,13,1597,1399,1303,1480,304.9541,346.5376,-15.40
int_02_01,0009,14,1303,1480,1257,1598,126.6491,143.9190,-68.70
int_02_01,0009,15,1271,1626,1559,1741,310.1113,352.3980,21.77
int_02_01,0009,16,1559,1741,1618,1849,123.0650,139.8462,61.35
int_02_01,0009,17,1618,1849,1582,1925,84.0952,95.5624,-64.65
int_02_01,0009,18,1582,1925,1348,1971,238.4785,270.9974,-11.12
int_02_01,0009,19,1348,1971,1306,2047,86.8332,98.6737,-61.07
int_02_01,0010,0,1294,51,1524,161,254.9510,289.7161,25.56
int_02_01,0010,1,1524,161,1566,308,152.8823,173.7293,74.05
int_02_01,0010,2,1566,308,1337,369,236.9852,269.3005,-14.92
int_02_01,0010,3,1337,369,1217,537,206.4558,234.6081,-54.46
int_02_01,0010,4,1228,561,1487,616,264.7754,300.8801,11.99
int_02_01,0010,5,1487,616,1587,759,174.4964,198.2907,55.03
int_02_01,0010,6,1559,789,1303,845,262.0534,297.7870,-12.34
int_02_01,0010,7,1303,845,1232,977,149.8833,170.3214,-61.73
int_02_01,0010,8,1245,1003,1524,1117,301.3918,342.4896,22.23
int_02_01,0010,9,1524,1117,1576,1236,129.8653,147.5737,66.40
int_02_01,0010,10,1576,1236,1478,1305,119.8541,136.1974,-35.15
int_02_01,0010,11,1478,1305,1293,1321,185.6906,211.0114,-4.94
int_02_01,0010,12,1293,1321,1206,1442,149.0302,169.3520,-54.28
int_02_01,0010,13,1206,1442,1505,1518,308.5077,350.5758,14.26
int_02_01,0010,14,1505,1518,1597,1643,155.2063,176.3702,53.65
int_02_01,0010,15,1562,1723,1309,1769,257.1478,292.2125,-10.30
int_02_01,0010,16,1309,1769,1233,1894,146.2908,166.2390,-58.70
int_02_01,0010,17,1260,1946,1536,2047,293.8996,333.9758,20.10
int_02_01,0011,0,1579,0,1657,78,110.3087,125.3503,45.00
int_02_01,0011,1,1591,70,1307,154,296.1621,336.5468,-16.48
int_02_01,0011,2,1307,154,1262,264,118.8486,135.0548,-67.75
int_02_01,0011,3,1262,264,1294,351,92.6984,105.3388,69.81
int_02_01,0011,4,1294,351,1517,443,241.2323,274.1267,22.42
int_02_01,0011,5,1517,443,1590,583,157.8892,179.4190,62.46
int_02_01,0011,6,1590,583,1320,661,281.0409,319.3637,-16.11
int_02_01,0011,7,1320,661,1260,794,145.9075,165.8035,-65.72
int_02_01,0011,8,1287,865,1500,955,231.2336,262.7647,22.91
int_02_01,0011,9,1500,955,1574,1098,161.0124,182.9681,62.64
int_02_01,0011,10,1574,1098,1507,1163,93.3488,106.0779,-44.13
int_02_01,0011,11,1507,1163,1330,1187,178.6197,202.9763,-7.72
int_02_01,0011,12,1330,1187,1200,1338,199.2511,226.4210,-49.27
int_02_01,0011,13,1212,1361,1474,1428,270.4311,307.3071,14.34
int_02_01,0011,14,1474,1428,1567,1548,151.8190,172.5210,52.22
int_02_01,0011,15,1563,1599,1298,1661,272.1562,309.2674,-13.17
int_02_01,0011,16,1298,1661,1233,1817,169.0000,192.0448,-67.38
int_02_01,0011,17,1233,1817,1519,1933,308.6292,350.7139,22.08
int_02_01,0011,18,1519,1933,1568,2047,124.0846,141.0048,66.74
int_02_01,0012,0,1282,75,1525,177,263.5394,299.4756,22.77
int_02_01,0012,1,1525,177,1621,290,148.2734,168.4920,49.65
int_02_01,0012,2,1623,301,1314,376,317.9717,361.3303,-13.64
int_02_01,0012,3,1314,376,1256,498,135.0852,153.5054,-64.57
int_02_01,0012,4,1256,498,1291,597,105.0048,119.3232,70.53
int_02_01,0012,5,1291,597,1518,691,245.6929,279.1956,22.49
int_02_01,0012,6,1518,691,1622,830,173.6001,197.2722,53.20
int_02_01,0012,7,1658,839,1308,911,357.3290,406.0544,-11.62
int_02_01,0012,8,1308,911,1254,1025,126.1428,143.3436,-64.65
int_02_01,0012,9,1254,1025,1291,1118,100.0900,113.7382,68.30
int_02_01,0012,10,1291,1118,1511,1208,237.6973,270.1097,22.25
int_02_01,0012,11,1511,1208,1580,1321,132.4009,150.4551,58.59
int_02_01,0012,12,1578,1353,1312,1425,275.5721,313.1491,-15.15
int_02_01,0012,13,1312,1425,1250,1557,145.8355,165.7217,-64.84
int_02_01,0012,14,1279,1629,1506,1733,249.6898,283.7375,24.61
int_02_01,0012,15,1506,1733,1562,1858,136.9708,155.6481,65.87
int_02_01,0012,16,1549,1892,1321,1948,234.7765,266.7906,-13.80
int_02_01,0012,17,1321,1948,1242,2047,126.6570,143.9280,-51.41
int_02_01,0013,0,1576,0,1588,130,130.5527,148.3548,84.73
int_02_01,0013,1,1588,130,1285,197,310.3192,352.6343,-12.47
int_02_01,0013,2,1271,242,1282,381,139.4346,158.4479,85.48
int_02_01,0013,3,1282,381,1518,466,250.8406,285.0452,19.81
int_02_01,0013,4,1518,466,1592,593,146.9864,167.0295,59.77
int_02_01,0013,5,1547,654,1281,715,272.9047,310.1180,-12.92
int_02_01,0013,6,1281,715,1248,818,108.1573,122.9056,-72.24
int_02_01,0013,7,1278,889,1520,994,263.7973,299.7687,23.46
int_02_01,0013,8,1520,994,1651,1129,188.1117,213.7626,45.86
int_02_01,0013,9,1651,1129,1321,1198,337.1365,383.1084,-11.81
int_02_01,0013,10,1321,1198,1255,1324,142.2392,161.6350,-62.35
int_02_01,0013,11,1255,1324,1285,1415,95.8175,108.8832,71.75
int_02_01,0013,12,1285,1415,1512,1511,246.4650,280.0730,22.92
int_02_01,0013,13,1512,1511,1614,1648,170.8011,194.0915,53.33
int_02_01,0013,14,1648,1659,1314,1733,342.0994,388.7481,-12.49
int_02_01,0013,15,1314,1733,1249,1851,134.7182,153.0884,-61.15
int_02_01,0013,16,1249,1851,1282,1933,88.3912,100.4442,68.08
int_02_01,0013,17,1282,1933,1523,2047,266.6027,302.9566,25.32
int_02_01,0014,0,1257,0,1284,129,131.7953,149.7669,78.18
int_02_01,0014,1,1284,129,1556,230,290.1465,329.7109,20.37
int_02_01,0014,2,1556,230,1610,379,158.4834,180.0942,70.08
int_02_01,0014,3,1593,412,1238,548,380.1592,431.9977,-20.96
int_02_01,0014,4,1238,548,1275,633,92.7038,105.3449,66.48
int_02_01,0014,5,1275,633,1490,691,222.6859,253.0513,15.10
int_02_01,0014,6,1490,691,1599,844,187.8563,213.4724,54.53
int_02_01,0014,7,1594,885,1273,979,334.4802,380.0899,-16.32
int_02_01,0014,8,1262,1025,1269,1155,130.1883,147.9408,86.92
int_02_01,0014,9,1269,1155,1513,1248,261.1226,296.7293,20.86
int_02_01,0014,10,1513,1248,1582,1385,153.3949,174.3118,63.27
int_02_01,0014,11,1582,1385,1279,1491,321.0062,364.7786,-19.28
int_02_01,0014,12,1279,1491,1238,1607,123.0325,139.8092,-70.53
int_02_01,0014,13,1370,1682,1568,1830,247.2003,280.9086,36.78
int_02_01,0014,14,1606,1898,1309,1974,306.5697,348.3736,-14.35
int_02_01,0015,0,1301,0,1247,87,102.3963,116.3590,-58.17
int_02_01,0015,1,1277,164,1514,220,243.5262,276.7334,13.29
int_02_01,0015,2,1559,256,1621,410,166.0120,188.6495,68.07
int_02_01,0015,3,1621,410,1275,502,358.0223,406.8423,-14.89
int_02_01,0015,4,1275,502,1254,632,131.6852,149.6418,-80.82
int_02_01,0015,5,1272,673,1522,750,261.5894,297.2597,17.12
int_02_01,0015,6,1522,750,1596,908,174.4706,198.2614,64.90
int_02_01,0015,7,1596,908,1263,1013,349.1619,396.7736,-17.50
int_02_01,0015,8,1263,1013,1242,1097,86.5852,98.3920,-75.96
int_02_01,0015,9,1279,1177,1531,1258,264.6979,300.7922,17.82
int_02_01,0015,10,1531,1258,1612,1425,185.6071,210.9165,64.13
int_02_01,0015,11,1612,1425,1244,1567,394.4464,448.2332,-21.10
int_02_01,0015,12,1234,1590,1264,1681,95.8175,108.8832,71.75
int_02_01,0015,13,1264,1681,1498,1754,245.1224,278.5473,17.33
int_02_01,0015,14,1498,1754,1590,1888,162.5423,184.7066,55.53
int_02_01,0015,15,1568,1953,1262,2047,320.1125,363.7630,-17.08
int_02_01,0016,0,1630,34,1259,156,390.5445,443.7991,-18.20
int_02_01,0016,1,1250,178,1274,296,120.4159,136.8359,78.50
int_02_01,0016,2,1274,296,1500,361,235.1616,267.2283,16.05
int_02_01,0016,3,1500,361,1601,513,182.4966,207.3818,56.40
int_02_01,0016,4,1592,539,1320,608,280.6154,318.8801,-14.23
int_02_01,0016,5,1320,608,1242,733,147.3397,167.4310,-58.04
int_02_01,0016,6,1265,802,1521,868,264.3710,300.4206,14.46
int_02_01,0016,7,1521,868,1622,1036,196.0230,222.7526,58.99
int_02_01,0016,8,1622,1036,1268,1151,372.2110,422.9656,-18.00
int_02_01,0016,9,1268,1151,1261,1315,164.1493,186.5327,-87.56
int_02_01,0016,10,1261,1315,1515,1393,265.7066,301.9384,17.07
int_02_01,0016,11,1515,1393,1590,1542,166.8113,189.5577,63.28
int_02_01,0016,12,1590,1542,1259,1658,350.7378,398.5644,-19.31
int_02_01,0016,13,1259,1658,1248,1777,119.5073,135.8033,-84.72
int_02_01,0016,14,1266,1816,1523,1899,270.0704,306.8972,17.90
int_02_01,0016,15,1523,1899,1604,2047,168.7157,191.7218,61.31
int_03_01,0001,0,1525,0,1769,72,254.4013,289.0914,16.44
int_03_01,0001,1,1769,72,1819,219,155.2707,176.4434,71.21
int_03_01,0001,2,1819,219,1396,294,429.5975,488.1774,-10.05
int_03_01,0001,3,1396,294,1402,480,186.0967,211.4729,88.15
int_03_01,0001,4,1402,480,1759,545,362.8691,412.3500,10.32
int_03_01,0001,5,1759,545,1836,697,170.3907,193.6252,63.13
int_03_01,0001,6,1836,697,1395,794,451.5418,513.1140,-12.40
int_03_01,0001,7,1395,794,1410,966,172.6528,196.1958,85.02
int_03_01,0001,8,1410,966,1792,1039,388.9126,441.9447,10.82
int_03_01,0001,9,1792,1039,1860,1179,155.6406,176.8638,64.09
int_03_01,0001,10,1860,1179,1537,1291,341.8669,388.4839,-19.12
int_03_01,0001,11,1537,1291,1374,1285,163.1104,185.3521,-357.89
int_03_01,0001,12,1374,1285,1346,1427,144.7342,164.4702,-78.85
int_03_01,0001,13,1346,1427,1835,1520,497.7650,565.6402,10.77
int_03_01,0001,14,1835,1520,1875,1620,107.7033,122.3897,68.20
int_03_01,0001,15,1875,1620,1321,1725,563.8626,640.7509,-10.73
int_03_01,0001,16,1321,1725,1269,1847,132.6198,150.7038,-66.91
int_03_01,0001,17,1269,1847,1673,1880,405.3455,460.6184,4.67
int_03_01,0001,18,1673,1880,1798,1953,144.7550,164.4938,30.28
int_03_01,0001,19,1798,1953,1824,2047,97.5295,110.8286,74.54
int_03_01,0002,0,1238,0,1250,85,85.8429,97.5484,81.96
int_03_01,0002,1,1250,85,1564,128,316.9306,360.1472,7.80
int_03_01,0002,2,1564,128,1693,272,193.3313,219.6940,48.14
int_03_01,0002,3,1693,272,1652,350,88.1192,100.1352,-62.27
int_03_01,0002,4,1652,350,1296,406,360.3776,409.5187,-8.94
int_03_01,0002,5,1296,406,1259,551,149.6462,170.0520,-75.69
int_03_01,0002,6,1273,584,1628,643,359.8694,408.9412,9.44
int_03_01,0002,7,1628,643,1711,789,167.9434,190.8442,60.38
int_03_01,0002,8,1711,789,1642,852,93.4345,106.1752,-42.40
int_03_01,0002,9,1642,852,1260,916,387.3242,440.1397,-9.51
int_03_01,0002,10,1260,916,1257,1046,130.0346,147.7661,-88.68
int_03_01,0002,11,1275,1082,1612,1149,343.5957,390.4484,11.24
int_03_01,0002,12,1612,1149,1689,1299,168.6090,191.6005,62.83
int_03_01,0002,13,1689,1299,1359,1396,343.9608,390.8632,-16.38
int_03_01,0002,14,1261,1398,1243,1538,141.1524,160.3999,-82.67
int_03_01,0002,15,1257,1575,1615,1637,363.3291,412.8726,9.83
int_03_01,0002,16,1615,1637,1697,1763,150.3330,170.8324,56.94
int_03_01,0002,17,1688,1801,1258,1891,439.3177,499.2230,-11.82
int_03_01,0002,18,1258,1891,1263,2047,156.0801,177.3632,88.16
int_03_01,0003,0,1654,0,1676,162,163.4870,185.7801,82.27
int_03_01,0003,1,1676,162,1262,225,418.7660,475.8690,-8.65
int_03_01,0003,2,1262,225,1246,371,146.8741,166.9018,-83.75
int_03_01,0003,3,1263,408,1622,484,366.9564,416.9946,11.95
int_03_01,0003,4,1622,484,1700,651,184.3177,209.4512,64.96
int_03_01,0003,5,1700,651,1463,749,256.4625,291.4337,-22.47
int_03_01,0003,6,1463,749,1257,750,206.0024,234.0929,-0.28
int_03_01,0003,7,1257,750,1228,882,135.1481,153.5769,-77.61
int_03_01,0003,8,1242,913,1570,962,331.6399,376.8623,8.50
int_03_01,0003,9,1570,962,1685,1105,183.5048,208.5275,51.19
int_03_01,0003,10,1685,1105,1588,1199,135.0741,153.4928,-44.10
int_03_01,0003,11,1588,1199,1293,1238,297.5668,338.1430,-7.53
int_03_01,0003,12,1293,1238,1238,1354,128.3783,145.8840,-64.63
int_03_01,0003,13,1265,1416,1613,1470,352.1647,400.1859,8.82
int_03_01,0003,14,1613,1470,1704,1619,174.5910,198.3982,58.59
int_03_01,0003,15,1704,1619,1640,1679,87.7268,99.6893,-43.15
int_03_01,0003,16,1640,1679,1258,1746,387.8311,440.7158,-9.95
int_03_01,0003,17,1258,1746,1246,1874,128.5613,146.0919,-84.64
int_03_01,0003,18,1265,1910,1591,1973,332.0316,377.3075,10.94
int_03_01,0003,19,1591,1973,1657,2047,99.1564,112.6774,48.27
int_03_01,0004,0,1267,21,1250,181,160.9006,182.8410,-83.94
int_03_01,0004,1,1266,220,1633,292,373.9960,424.9941,11.10
int_03_01,0004,2,1633,292,1696,437,158.0949,179.6527,66.52
int_03_01,0004,3,1718,422,1701,464,45.3100,51.4885,-67.96
int_03_01,0004,4,1680,475,1335,547,352.4330,400.4907,-11.79
int_03_01,0004,5,1236,540,1240,729,189.0423,214.8201,88.79
int_03_01,0004,6,1240,729,1609,793,374.5090,425.5771,9.84
int_03_01,0004,7,1609,793,1688,927,155.5538,176.7652,59.48
int_03_01,0004,8,1568,1013,1256,1047,313.8471,356.6433,-6.22
int_03_01,0004,9,1256,1047,1223,1161,118.6802,134.8635,-73.86
int_03_01,0004,10,1257,1232,1605,1302,354.9704,403.3742,11.37
int_03_01,0004,11,1605,1302,1690,1437,159.5306,181.2841,57.80
int_03_01,0004,12,1705,1433,1688,1491,60.4401,68.6817,-73.66
int_03_01,0004,13,1676,1486,1357,1572,330.3892,375.4410,-15.09
int_03_01,0004,14,1251,1567,1204,1678,120.5404,136.9773,-67.05
int_03_01,0004,15,1234,1737,1567,1790,337.1913,383.1708,9.04
int_03_01,0004,16,1567,1790,1657,1887,132.3216,150.3649,47.14
int_03_01,0004,17,1657,1887,1654,1984,97.0464,110.2796,-88.23
int_03_01,0004,18,1654,1984,1501,2047,165.4630,188.0255,-22.38
int_03_01,0005,0,1328,0,1649,84,331.8087,377.0541,14.66
int_03_01,0005,1,1649,84,1696,233,156.2370,177.5415,72.49
int_03_01,0005,2,1696,233,1340,342,372.3130,423.0816,-17.02
int_03_01,0005,3,1566,294,1246,350,324.8630,369.1614,-9.93
int_03_01,0005,4,1246,350,1271,505,157.0032,178.4121,80.84
int_03_01,0005,5,1271,505,1609,570,344.1933,391.1275,10.89
int_03_01,0005,6,1609,570,1698,719,173.5569,197.2231,59.15
int_03_01,0005,7,1681,749,1283,828,405.7647,461.0948,-11.23
int_03_01,0005,8,1283,828,1233,946,128.1562,145.6315,-67.04
int_03_01,0005,9,1258,1018,1626,1086,374.2299,425.2599,10.47
int_03_01,0005,10,1626,1086,1701,1225,157.9430,179.4801,61.65
int_03_01,0005,11,1686,1260,1252,1358,444.9270,505.5972,-12.72
int_03_01,0005,12,1252,1358,1231,1527,170.2997,193.5218,-82.92
int_03_01,0005,13,1231,1527,1602,1589,376.1449,427.4360,9.49
int_03_01,0005,14,1602,1589,1688,1735,169.4462,192.5518,59.50
int_03_01,0005,15,1676,1766,1264,1852,420.8800,478.2712,-11.79
int_03_01,0005,16,1264,1852,1244,2024,173.1589,196.7708,-83.37
int_03_01,0006,0,1672,0,1225,102,458.4899,521.0096,-12.85
int_03_01,0006,1,1225,102,1250,292,191.6377,217.7694,82.50
int_03_01,0006,2,1250,292,1619,355,374.3394,425.3843,9.69
int_03_01,0006,3,1619,355,1696,486,151.9539,172.6744,59.55
int_03_01,0006,4,1678,544,1239,621,445.7017,506.4776,-9.95
int_03_01,0006,5,1239,621,1245,803,182.0989,206.9299,88.11
int_03_01,0006,6,1245,803,1609,863,368.9119,419.2167,9.36
int_03_01,0006,7,1609,863,1697,1012,173.0462,196.6428,59.43
int_03_01,0006,8,1688,1041,1437,1142,270.5587,307.4521,-21.92
int_03_01,0006,9,1437,1142,1235,1161,202.8916,230.5579,-5.37
int_03_01,0006,10,1235,1161,1263,1315,156.5248,177.8685,79.70
int_03_01,0006,11,1263,1315,1595,1376,337.5574,383.5867,10.41
int_03_01,0006,12,1595,1376,1689,1527,177.8679,202.1220,58.10
int_03_01,0006,13,1675,1553,1364,1635,321.6287,365.4860,-14.77
int_03_01,0006,14,1271,1636,1233,1790,158.6190,180.2483,-76.14
int_03_01,0006,15,1247,1824,1618,1895,377.7327,429.2403,10.83
int_03_01,0006,16,1618,1895,1688,2047,167.3440,190.1630,65.27
int_03_01,0007,0,1200,0,1226,90,93.6803,106.4546,73.89
int_03_01,0007,1,1226,90,1582,157,362.2499,411.6463,10.66
int_03_01,0007,2,1582,157,1647,310,166.2348,188.9025,66.98
int_03_01,0007,3,1636,340,1220,400,420.3047,477.6174,-8.21
int_03_01,0007,4,1220,400,1206,547,147.6652,167.8008,-84.56
int_03_01,0007,5,1222,590,1603,654,386.3379,439.0190,9.54
int_03_01,0007,6,1603,654,1669,813,172.1540,195.6289,67.46
int_03_01,0007,7,1653,840,1230,914,429.4240,487.9803,-9.92
int_03_01,0007,8,1230,914,1223,1062,148.1654,168.3693,-87.29
int_03_01,0007,9,1241,1106,1618,1173,382.9073,435.1205,10.08
int_03_01,0007,10,1618,1173,1689,1314,157.8670,179.3938,63.27
int_03_01,0007,11,1677,1341,1346,1430,342.7565,389.4947,-15.05
int_03_01,0007,12,1242,1434,1224,1580,147.1054,167.1647,-82.97
int_03_01,0007,13,1237,1619,1612,1685,380.7637,432.6846,9.98
int_03_01,0007,14,1612,1685,1680,1855,183.0956,208.0625,68.20
int_03_01,0007,15,1680,1855,1319,1964,377.0968,428.5177,-16.80
int_03_01,0007,16,1319,1964,1232,2010,98.4124,111.8319,-27.87
int_03_01,0008,0,1363,0,1626,76,273.7608,311.0909,16.12
int_03_01,0008,1,1626,76,1649,212,137.9311,156.7394,80.40
int_03_01,0008,2,1649,212,1229,265,423.3308,481.0562,-7.19
int_03_01,0008,3,1229,265,1194,410,149.1643,169.5044,-76.43
int_03_01,0008,4,1206,448,1577,515,377.0013,428.4092,10.24
int_03_01,0008,5,1577,515,1651,635,140.9823,160.2066,58.34
int_03_01,0008,6,1651,635,1562,725,126.5741,143.8337,-45.32
int_03_01,0008,7,1562,725,1227,762,337.0371,382.9955,-6.30
int_03_01,0008,8,1227,762,1188,872,116.7090,132.6235,-70.48
int_03_01,0008,9,1215,952,1564,1011,353.9520,402.2169,9.60
int_03_01,0008,10,1564,1011,1644,1143,154.3503,175.3975,58.78
int_03_01,0008,11,1638,1184,1215,1265,430.6855,489.4138,-10.84
int_03_01,0008,12,1215,1265,1182,1376,115.8016,131.5923,-73.44
int_03_01,0008,13,1214,1455,1594,1518,385.1870,437.7111,9.41
int_03_01,0008,14,1594,1518,1665,1651,150.7647,171.3230,61.91
int_03_01,0008,15,1637,1708,1223,1777,419.7106,476.9424,-9.46
int_03_01,0008,16,1223,1777,1230,1967,190.1289,216.0549,87.89
int_03_01,0008,17,1230,1967,1615,2047,393.2239,446.8439,11.74
int_03_01,0009,0,1522,0,1651,66,144.9034,164.6624,27.10
int_03_01,0009,1,1651,66,1680,203,140.0357,159.1310,78.05
int_03_01,0009,2,1680,203,1220,259,463.3962,526.5849,-6.94
int_03_01,0009,3,1220,259,1180,372,119.8708,136.2163,-70.51
int_03_01,0009,4,1210,440,1616,519,413.6146,470.0150,11.01
int_03_01,0009,5,1616,519,1660,666,153.4438,174.3674,73.34
int_03_01,0009,6,1660,666,1242,706,419.9095,477.1684,-5.47
int_03_01,0009,7,1242,706,1124,867,199.6121,226.8312,-53.76
int_03_01,0009,8,1124,867,1635,987,524.9009,596.4764,13.22
int_03_01,0009,9,1635,987,1635,1122,135.0000,153.4086,90.00
int_03_01,0009,10,1635,1122,1233,1174,405.3492,460.6227,-7.37
int_03_01,0009,11,1233,1174,1175,1290,129.6919,147.3767,-63.43
int_03_01,0009,12,1200,1351,1599,1443,409.4692,465.3044,12.98
int_03_01,0009,13,1599,1443,1637,1585,146.9966,167.0411,75.02
int_03_01,0009,14,1639,1516,1554,1629,141.4001,160.6815,-53.05
int_03_01,0009,15,1554,1629,1229,1671,327.7026,372.3881,-7.36
int_03_01,0009,16,1229,1671,1191,1817,150.8642,171.4360,-75.41
int_03_01,0009,17,1206,1854,1555,1912,353.7867,402.0290,9.44
int_03_01,0009,18,1555,1912,1637,2047,157.9525,179.4909,58.73
int_03_01,0010,0,1661,66,1759,164,138.5929,157.4915,45.00
int_03_01,0010,1,1764,194,1684,156,88.5664,100.6433,-334.59
int_03_01,0010,2,1684,156,1224,248,469.1098,533.0776,-11.31
int_03_01,0010,3,1224,248,1229,432,184.0679,209.1674,88.44
int_03_01,0010,4,1229,432,1590,491,365.7896,415.6686,9.28
int_03_01,0010,5,1590,491,1727,679,232.6220,264.3423,53.92
int_03_01,0010,6,1729,681,1214,760,521.0240,592.0708,-8.72
int_03_01,0010,7,1214,760,1209,943,183.0683,208.0315,-88.43
int_03_01,0010,8,1209,943,1589,1002,384.5530,436.9906,8.83
int_03_01,0010,9,1589,1002,1681,1161,183.6981,208.7472,59.95
int_03_01,0010,10,1660,1189,1216,1246,447.6438,508.6845,-7.32
int_03_01,0010,11,1216,1246,1196,1422,177.1327,201.2865,-83.52
int_03_01,0010,12,1196,1422,1589,1497,400.0925,454.6491,10.80
int_03_01,0010,13,1589,1497,1660,1617,139.4310,158.4438,59.39
int_03_01,0010,14,1652,1640,1232,1694,423.4572,481.1998,-7.33
int_03_01,0010,15,1232,1694,1114,1855,199.6121,226.8312,-53.76
int_03_01,0010,16,1114,1855,1570,1935,462.9644,526.0942,9.95
int_03_01,0010,17,1570,1935,1646,2047,135.3514,153.8079,55.84
int_03_01,0011,0,1198,0,1241,176,181.1767,205.8820,76.27
int_03_01,0011,1,1241,176,1612,239,376.3110,427.6248,9.64
int_03_01,0011,2,1612,239,1758,410,224.8488,255.5092,49.51
int_03_01,0011,3,1728,433,1194,536,543.8428,618.0012,-10.92
int_03_01,0011,4,1194,536,1239,690,160.4400,182.3176,73.71
int_03_01,0011,5,1239,690,1597,751,363.1597,412.6802,9.67
int_03_01,0011,6,1597,751,1725,936,224.9644,255.6406,55.32
int_03_01,0011,7,1724,943,1327,1022,404.7839,459.9802,-11.25
int_03_01,0011,8,1229,1023,1205,1165,144.0139,163.6516,-80.41
int_03_01,0011,9,1221,1208,1583,1268,366.9387,416.9744,9.41
int_03_01,0011,10,1619,1300,1711,1473,195.9413,222.6599,62.00
int_03_01,0011,11,1711,1473,1213,1536,501.9691,570.4176,-7.21
int_03_01,0011,12,1213,1536,1186,1685,151.4265,172.0751,-79.73
int_03_01,0011,13,1202,1721,1586,1781,388.6592,441.6568,8.88
int_03_01,0011,14,1586,1781,1669,1921,162.7544,184.9476,59.34
int_03_01,0011,15,1661,1960,1191,2047,477.9843,543.1622,-10.49
int_03_01,0012,0,1240,0,1247,121,121.2023,137.7295,86.69
int_03_01,0012,1,1247,121,1618,174,374.7666,425.8698,8.13
int_03_01,0012,2,1618,174,1772,352,235.3720,267.4674,49.13
int_03_01,0012,3,1776,387,1168,480,615.0715,698.9427,-8.70
int_03_01,0012,4,1168,480,1239,635,170.4875,193.7352,65.39
int_03_01,0012,5,1239,635,1602,693,367.6044,417.7309,9.08
int_03_01,0012,6,1602,693,1771,883,254.2853,288.9596,48.35
int_03_01,0012,7,1771,883,1195,978,583.7816,663.3861,-9.37
int_03_01,0012,8,1195,978,1233,1154,180.0555,204.6079,77.82
int_03_01,0012,9,1233,1154,1601,1217,373.3537,424.2642,9.71
int_03_01,0012,10,1601,1217,1763,1405,248.1693,282.0097,49.25
int_03_01,0012,11,1763,1405,1193,1509,579.4100,658.4184,-10.34
int_03_01,0012,12,1193,1509,1229,1669,164.0000,186.3630,77.32
int_03_01,0012,13,1229,1669,1597,1738,374.4129,425.4678,10.62
int_03_01,0012,14,1597,1738,1660,1920,192.5954,218.8577,70.91
int_03_01,0012,15,1702,1901,1755,1925,58.1808,66.1143,24.36
int_03_01,0012,16,1702,1932,1208,2023,502.3117,570.8069,-10.44
int_03_01,0013,0,1655,40,1714,114,94.6414,107.5467,51.43
int_03_01,0013,1,1720,153,1671,134,52.5547,59.7211,-338.81
int_03_01,0013,2,1639,136,1216,221,431.4557,490.2890,-11.36
int_03_01,0013,3,1216,221,1232,388,167.7647,190.6411,84.53
int_03_01,0013,4,1232,388,1517,460,293.9541,334.0377,14.18
int_03_01,0013,5,1517,460,1584,579,136.5650,155.1870,60.62
int_03_01,0013,6,1618,594,1663,616,50.0899,56.9202,26.05
int_03_01,0013,7,1608,635,1312,675,298.6905,339.4199,-7.70
int_03_01,0013,8,1312,675,1214,823,177.5049,201.7095,-56.49
int_03_01,0013,9,1214,823,1246,904,87.0919,98.9678,68.44
int_03_01,0013,10,1246,904,1616,960,374.2138,425.2416,8.61
int_03_01,0013,11,1616,960,1778,1164,260.4995,296.0212,51.55
int_03_01,0013,12,1778,1164,1177,1272,610.6267,693.8918,-10.19
int_03_01,0013,13,1177,1272,1232,1420,157.8892,179.4190,69.61
int_03_01,0013,14,1232,1420,1598,1480,370.8854,421.4594,9.31
int_03_01,0013,15,1598,1480,1761,1667,248.0685,281.8952,48.92
int_03_01,0013,16,1761,1667,1202,1761,566.8483,644.1437,-9.55
int_03_01,0013,17,1202,1761,1226,1938,178.6197,202.9763,82.28
int_03_01,0013,18,1226,1938,1638,2047,426.1748,484.2880,14.82
int_03_01,0014,0,1212,18,1248,209,194.3631,220.8664,79.33
int_03_01,0014,1,1248,209,1599,281,358.3085,407.1675,11.59
int_03_01,0014,2,1599,281,1654,425,154.1460,175.1654,69.10
int_03_01,0014,3,1635,451,1224,527,417.9677,474.9618,-10.48
int_03_01,0014,4,1218,575,1242,710,137.1167,155.8140,79.92
int_03_01,0014,5,1242,710,1588,785,354.0353,402.3116,12.23
int_03_01,0014,6,1588,785,1696,938,187.2779,212.8151,54.78
int_03_01,0014,7,1697,947,1228,1045,479.1294,544.4635,-11.80
int_03_01,0014,8,1228,1045,1212,1176,131.9735,149.9694,-83.04
int_03_01,0014,9,1225,1211,1521,1290,306.3609,348.1363,14.94
int_03_01,0014,10,1566,1351,1634,1429,103.4795,117.5899,48.92
int_03_01,0014,11,1601,1460,1310,1501,293.8741,333.9468,-8.02
int_03_01,0014,12,1310,1501,1208,1649,179.7443,204.2542,-55.43
int_03_01,0014,13,1208,1649,1239,1727,83.9345,95.3798,68.33
int_03_01,0014,14,1239,1727,1612,1786,377.6374,429.1320,8.99
int_03_01,0014,15,1612,1786,1764,1977,244.1004,277.3859,51.49
int_03_01,0014,16,1764,1977,1444,2047,327.5668,372.2338,-12.34
int_03_01,0015,0,1636,0,1654,136,137.1860,155.8927,82.46
int_03_01,0015,1,1654,136,1205,218,456.4263,518.6646,-10.35
int_03_01,0015,2,1205,218,1238,385,170.2293,193.4417,78.82
int_03_01,0015,3,1238,385,1613,446,379.9289,431.7361,9.24
int_03_01,0015,4,1613,446,1696,573,151.7168,172.4050,56.83
int_03_01,0015,5,1657,648,1213,729,451.3280,512.8711,-10.34
int_03_01,0015,6,1213,729,1231,892,163.9909,186.3526,83.70
int_03_01,0015,7,1231,892,1589,969,366.1871,416.1204,12.14
int_03_01,0015,8,1589,969,1652,1061,111.5034,126.7080,55.60
int_03_01,0015,9,1627,1144,1228,1225,407.1388,462.6562,-11.48
int_03_01,0015,10,1228,1225,1227,1399,174.0029,197.7299,-89.67
int_03_01,0015,11,1227,1399,1576,1475,357.1792,405.8842,12.29
int_03_01,0015,12,1608,1508,1643,1643,139.4633,158.4805,75.47
int_03_01,0015,13,1643,1643,1229,1737,424.5374,482.4273,-12.79
int_03_01,0015,14,1229,1737,1199,1867,133.4166,151.6093,-77.01
int_03_01,0015,15,1211,1898,1501,1974,299.7933,340.6731,14.69
int_03_01,0015,16,1501,1974,1566,2047,97.7446,111.0730,48.32
int_03_01,0016,0,1632,0,1665,135,138.9748,157.9254,76.26
int_03_01,0016,1,1665,135,1222,220,451.0809,512.5903,-10.86
int_03_01,0016,2,1211,262,1240,392,133.1953,151.3579,77.42
int_03_01,0016,3,1240,392,1593,464,360.2680,409.3941,11.53
int_03_01,0016,4,1593,464,1663,619,170.0735,193.2647,65.70
int_03_01,0016,5,1651,642,1214,723,444.4435,505.0478,-10.50
int_03_01,0016,6,1207,766,1235,891,128.0976,145.5650,77.37
int_03_01,0016,7,1235,891,1597,950,366.7765,416.7901,9.26
int_03_01,0016,8,1597,950,1692,1077,158.6001,180.2268,53.20
int_03_01,0016,9,1664,1153,1219,1231,451.7842,513.3895,-9.94
int_03_01,0016,10,1209,1281,1226,1402,122.1884,138.8500,82.00
int_03_01,0016,11,1226,1402,1585,1478,366.9564,416.9946,11.95
int_03_01,0016,12,1585,1478,1649,1585,124.6796,141.6809,59.12
int_03_01,0016,13,1620,1654,1226,1736,402.4425,457.3196,-11.76
int_03_01,0016,14,1226,1736,1221,1905,169.0739,192.1289,-88.31
int_03_01,0016,15,1221,1905,1570,1981,357.1792,405.8842,12.29
int_03_01,0016,16,1570,1981,1622,2047,84.0238,95.4813,51.77
int_04_01,0001,0,1176,0,1657,134,499.3165,567.4033,15.57
int_04_01,0001,1,1657,134,1710,288,162.8650,185.0732,71.01
int_04_01,0001,2,1689,316,1243,329,446.1894,507.0318,-1.67
int_04_01,0001,3,1243,329,1156,506,197.2258,224.1195,-63.82
int_04_01,0001,4,1164,534,1641,616,483.9969,549.9947,9.75
int_04_01,0001,5,1641,616,1714,743,146.4855,166.4603,60.11
int_04_01,0001,6,1693,791,1216,844,479.9354,545.3794,-6.34
int_04_01,0001,7,1216,844,1169,990,153.3786,174.2933,-72.16
int_04_01,0001,8,1180,1024,1646,1084,469.8468,533.9151,7.34
int_04_01,0001,9,1646,1084,1725,1222,159.0126,180.6955,60.21
int_04_01,0001,10,1725,1222,1664,1309,106.2544,120.7433,-54.96
int_04_01,0001,11,1664,1309,1196,1336,468.7782,532.7008,-3.30
int_04_01,0001,12,1196,1336,1144,1488,160.6487,182.5547,-71.11
int_04_01,0001,13,1157,1519,1638,1608,489.1646,555.8671,10.48
int_04_01,0001,14,1638,1608,1658,1745,138.4522,157.3315,81.69
int_04_01,0001,15,1658,1745,1155,1783,504.4333,573.2179,-4.32
int_04_01,0001,16,1155,1783,1062,1911,158.2182,179.7928,-54.00
int_04_01,0001,17,1062,1911,1217,1933,156.5535,177.9011,8.08
int_04_01,0001,18,1247,1878,1503,2047,306.7523,348.5811,33.43
int_04_01,0002,0,1644,16,1690,199,188.6929,214.4230,75.89
int_04_01,0002,1,1690,199,1191,246,501.2085,569.5533,-5.38
int_04_01,0002,2,1191,246,1156,417,174.5451,198.3461,-78.43
int_04_01,0002,3,1156,417,1632,493,482.0290,547.7585,9.07
int_04_01,0002,4,1632,493,1712,660,185.1729,210.4231,64.40
int_04_01,0002,5,1725,661,1680,700,59.5483,67.6683,-40.91
int_04_01,0002,6,1667,694,1190,734,478.6742,543.9462,-4.79
int_04_01,0002,7,1190,734,1129,867,146.3216,166.2740,-65.36
int_04_01,0002,8,1149,921,1612,1004,470.3807,534.5218,10.16
int_04_01,0002,9,1612,1004,1693,1160,175.7754,199.7442,62.56
int_04_01,0002,10,1672,1186,1210,1216,462.9730,526.1040,-3.72
int_04_01,0002,11,1210,1216,1122,1394,198.5649,225.6412,-63.69
int_04_01,0002,12,1131,1418,1606,1500,482.0259,547.7550,9.79
int_04_01,0002,13,1606,1500,1683,1644,163.2942,185.5610,61.87
int_04_01,0002,14,1683,1644,1500,1723,199.3239,226.5037,-23.35
int_04_01,0002,15,1500,1723,1184,1729,316.0570,359.1545,-1.09
int_04_01,0002,16,1184,1729,1147,1906,180.8259,205.4833,-78.19
int_04_01,0002,17,1147,1906,1609,1966,465.8798,529.4072,7.40
int_04_01,0002,18,1609,1966,1671,2047,102.0049,115.9143,52.57
int_04_01,0003,0,1202,22,1146,180,167.6305,190.4886,-70.48
int_04_01,0003,1,1158,207,1621,292,470.7377,534.9275,10.40
int_04_01,0003,2,1621,292,1692,464,186.0779,211.4515,67.57
int_04_01,0003,3,1692,464,1180,530,516.2364,586.6304,-7.35
int_04_01,0003,4,1180,530,1148,703,175.9346,199.9251,-79.52
int_04_01,0003,5,1148,703,1603,785,462.3300,525.3733,10.22
int_04_01,0003,6,1603,785,1683,956,188.7882,214.5314,64.93
int_04_01,0003,7,1683,956,1170,1027,517.8899,588.5094,-7.88
int_04_01,0003,8,1170,1027,1116,1173,155.6663,176.8930,-69.70
int_04_01,0003,9,1127,1199,1604,1274,482.8602,548.7030,8.94
int_04_01,0003,10,1604,1274,1687,1442,187.3846,212.9364,63.71
int_04_01,0003,11,1572,1478,1164,1522,410.3657,466.3232,-6.16
int_04_01,0003,12,1164,1522,1108,1677,164.8059,187.2789,-70.14
int_04_01,0003,13,1118,1702,1586,1787,475.6564,540.5169,10.29
int_04_01,0003,14,1586,1787,1659,1949,177.6879,201.9175,65.74
int_04_01,0003,15,1645,1966,1605,1994,48.8262,55.4842,-34.99
int_04_01,0003,16,1619,1977,1189,1994,430.3359,489.0165,-2.26
int_04_01,0004,0,1195,0,1668,117,487.2556,553.6978,13.89
int_04_01,0004,1,1668,117,1791,305,224.6620,255.2969,56.81
int_04_01,0004,2,1791,305,1246,345,546.4659,620.9820,-4.20
int_04_01,0004,3,1246,345,1153,516,194.6535,221.1965,-61.46
int_04_01,0004,4,1153,516,1661,629,520.4162,591.3801,12.54
int_04_01,0004,5,1661,629,1719,775,157.0987,178.5207,68.33
int_04_01,0004,6,1731,778,1667,815,73.9256,84.0061,-30.03
int_04_01,0004,7,1655,808,1231,842,425.3610,483.3633,-4.58
int_04_01,0004,8,1231,842,1161,978,152.9575,173.8148,-62.76
int_04_01,0004,9,1182,1031,1644,1115,469.5743,533.6054,10.30
int_04_01,0004,10,1644,1115,1717,1287,186.8502,212.3291,67.00
int_04_01,0004,11,1717,1287,1201,1358,520.8618,591.8865,-7.83
int_04_01,0004,12,1201,1358,1164,1502,148.6775,168.9512,-75.59
int_04_01,0004,13,1175,1528,1625,1609,457.2319,519.5800,10.20
int_04_01,0004,14,1625,1609,1702,1786,193.0233,219.3440,66.49
int_04_01,0004,15,1702,1786,1189,1851,517.1015,587.6135,-7.22
int_04_01,0004,16,1189,1851,1149,2019,172.6963,196.2451,-76.61
int_04_01,0005,0,1713,0,1709,108,108.0740,122.8110,-87.88
int_04_01,0005,1,1709,108,1267,144,443.4636,503.9343,-4.66
int_04_01,0005,2,1267,144,1199,305,174.7713,198.6031,-67.10
int_04_01,0005,3,1206,334,1641,415,442.4771,502.8133,10.55
int_04_01,0005,4,1641,415,1714,599,197.9520,224.9448,68.36
int_04_01,0005,5,1714,599,1245,650,471.7648,536.0946,-6.21
int_04_01,0005,6,1245,650,1165,823,190.6017,216.5921,-65.18
int_04_01,0005,7,1165,823,1638,934,485.8498,552.1002,13.21
int_04_01,0005,8,1638,934,1767,1127,232.1422,263.7971,56.24
int_04_01,0005,9,1767,1127,1219,1174,550.0118,625.0114,-4.90
int_04_01,0005,10,1219,1174,1129,1342,190.5886,216.5772,-61.82
int_04_01,0005,11,1129,1342,1648,1464,533.1463,605.8462,13.23
int_04_01,0005,12,1648,1464,1681,1615,154.5639,175.6402,77.67
int_04_01,0005,13,1681,1615,1208,1667,475.8498,540.7366,-6.27
int_04_01,0005,14,1208,1667,1144,1826,171.3972,194.7689,-68.07
int_04_01,0005,15,1156,1852,1619,1937,470.7377,534.9275,10.40
int_04_01,0005,16,1619,1937,1688,2047,129.8499,147.5562,57.90
int_04_01,0006,0,1199,66,1641,155,450.8714,512.3522,11.38
int_04_01,0006,1,1641,155,1763,352,231.7175,263.3145,58.23
int_04_01,0006,2,1737,335,1214,406,527.7973,599.7678,-7.73
int_04_01,0006,3,1214,406,1171,555,155.0806,176.2274,-73.90
int_04_01,0006,4,1180,581,1625,660,451.9580,513.5870,10.07
int_04_01,0006,5,1625,660,1702,849,204.0833,231.9121,67.83
int_04_01,0006,6,1702,849,1240,901,464.9172,528.3133,-6.42
int_04_01,0006,7,1240,901,1177,1090,199.2235,226.3896,-71.57
int_04_01,0006,8,1177,1090,1614,1172,444.6268,505.2561,10.63
int_04_01,0006,9,1614,1172,1692,1353,197.0913,223.9667,66.69
int_04_01,0006,10,1692,1353,1221,1409,474.3174,538.9953,-6.78
int_04_01,0006,11,1221,1409,1139,1578,187.8430,213.4573,-64.12
int_04_01,0006,12,1147,1600,1609,1691,470.8768,535.0856,11.14
int_04_01,0006,13,1609,1691,1734,1886,231.6247,263.2090,57.34
int_04_01,0006,14,1734,1886,1196,1925,539.4117,612.9659,-4.15
int_04_01,0006,15,1196,1925,1133,2047,137.3062,156.0293,-62.69
int_04_01,0007,0,1588,0,1599,148,148.4082,168.6452,85.75
int_04_01,0007,1,1599,148,1154,192,447.1700,508.1461,-5.65
int_04_01,0007,2,1154,192,1096,352,170.1881,193.3950,-70.07
int_04_01,0007,3,1103,379,1550,453,453.0839,514.8664,9.40
int_04_01,0007,4,1550,453,1660,622,201.6457,229.1421,56.94
int_04_01,0007,5,1641,668,1139,712,503.9246,572.6398,-5.01
int_04_01,0007,6,1139,712,1090,866,161.6075,183.6444,-72.35
int_04_01,0007,7,1100,897,1540,979,447.5757,508.6071,10.56
int_04_01,0007,8,1540,979,1670,1176,236.0275,268.2123,56.58
int_04_01,0007,9,1670,1176,1121,1241,552.8345,628.2190,-6.75
int_04_01,0007,10,1121,1241,1088,1414,176.1193,200.1349,-79.20
int_04_01,0007,11,1088,1414,1533,1494,452.1338,513.7868,10.19
int_04_01,0007,12,1533,1494,1615,1661,186.0457,211.4149,63.85
int_04_01,0007,13,1575,1694,1152,1734,424.8870,482.8246,-5.40
int_04_01,0007,14,1152,1734,1085,1921,198.6404,225.7270,-70.29
int_04_01,0007,15,1085,1921,1556,2047,487.5623,554.0463,14.98
int_04_01,0008,0,1121,0,1079,135,141.3825,160.6614,-72.72
int_04_01,0008,1,1079,135,1540,221,468.9531,532.8995,10.57
int_04_01,0008,2,1540,221,1598,397,185.3106,210.5795,71.76
int_04_01,0008,3,1598,397,1133,465,469.9457,534.0275,-8.32
int_04_01,0008,4,1133,465,1080,611,155.3222,176.5020,-70.05
int_04_01,0008,5,1080,611,1511,702,440.5020,500.5688,11.92
int_04_01,0008,6,1511,702,1595,890,205.9126,233.9908,65.92
int_04_01,0008,7,1595,890,1129,955,470.5114,534.6704,-7.94
int_04_01,0008,8,1129,955,1064,1123,180.1361,204.6994,-68.85
int_04_01,0008,9,1064,1123,1525,1220,471.0945,535.3329,11.88
int_04_01,0008,10,1525,1220,1663,1430,251.2847,285.5499,56.69
int_04_01,0008,11,1663,1430,1109,1485,556.7235,632.6383,-5.67
int_04_01,0008,12,1109,1485,1065,1633,154.4021,175.4563,-73.44
int_04_01,0008,13,1072,1662,1508,1743,443.4603,503.9305,10.52
int_04_01,0008,14,1508,1743,1642,1946,243.2386,276.4066,56.57
int_04_01,0008,15,1642,1946,1097,2018,549.7354,624.6973,-7.53
int_04_01,0009,0,1238,0,1155,108,136.2094,154.7829,-52.46
int_04_01,0009,1,1155,108,1660,166,508.3198,577.6343,6.55
int_04_01,0009,2,1660,166,1738,308,162.0123,184.1043,61.22
int_04_01,0009,3,1738,308,1703,385,84.5813,96.1148,-65.56
int_04_01,0009,4,1703,385,1246,401,457.2800,519.6347,-2.01
int_04_01,0009,5,1246,401,1163,553,173.1849,196.8004,-61.36
int_04_01,0009,6,1163,553,1657,650,503.4332,572.0814,11.11
int_04_01,0009,7,1657,650,1716,739,106.7801,121.3407,56.46
int_04_01,0009,8,1716,739,1685,842,107.5639,122.2314,-73.25
int_04_01,0009,9,1685,842,1239,864,446.5423,507.4328,-2.82
int_04_01,0009,10,1239,864,1180,1021,167.7200,190.5903,-69.40
int_04_01,0009,11,1187,1048,1585,1109,402.6475,457.5525,8.71
int_04_01,0009,12,1658,1146,1700,1304,163.4870,185.7801,75.11
int_04_01,0009,13,1724,1295,1685,1328,51.0882,58.0545,-40.24
int_04_01,0009,14,1661,1337,1234,1374,428.6000,487.0439,-4.95
int_04_01,0009,15,1234,1374,1183,1519,153.7075,174.6671,-70.62
int_04_01,0009,16,1192,1545,1611,1609,423.8596,481.6571,8.68
int_04_01,0009,17,1611,1609,1690,1808,214.1074,243.3031,68.35
int_04_01,0009,18,1690,1808,1234,1859,458.8431,521.4110,-6.38
int_04_01,0009,19,1234,1859,1184,2047,194.5353,221.0622,-75.11
int_04_01,0010,0,1620,0,1700,75,109.6586,124.6116,43.15
int_04_01,0010,1,1731,138,1730,198,60.0083,68.1911,-89.05
int_04_01,0010,2,1714,209,1251,243,464.2467,527.5514,-4.20
int_04_01,0010,3,1251,243,1194,433,198.3658,225.4150,-73.30
int_04_01,0010,4,1194,433,1638,509,450.4575,511.8819,9.71
int_04_01,0010,5,1638,509,1713,698,203.3372,231.0642,68.36
int_04_01,0010,6,1728,703,1611,740,122.7110,139.4439,-17.55
int_04_01,0010,7,1597,735,1239,750,358.3141,407.1738,-2.40
int_04_01,0010,8,1239,750,1113,914,206.8139,235.0151,-52.47
int_04_01,0010,9,1113,914,1608,967,497.8293,565.7133,6.11
int_04_01,0010,10,1608,967,1698,1109,168.1190,191.0437,57.63
int_04_01,0010,11,1698,1109,1606,1212,138.1050,156.9370,-48.23
int_04_01,0010,12,1606,1212,1216,1221,390.1038,443.2984,-1.32
int_04_01,0010,13,1216,1221,1131,1373,174.1522,197.8996,-60.79
int_04_01,0010,14,1131,1373,1648,1485,528.9924,601.1258,12.22
int_04_01,0010,15,1648,1485,1684,1635,154.2595,175.2943,76.50
int_04_01,0010,16,1654,1659,1210,1683,444.6482,505.2804,-3.09
int_04_01,0010,17,1210,1683,1155,1865,190.1289,216.0549,-73.19
int_04_01,0010,18,1155,1865,1605,1939,456.0439,518.2300,9.34
int_04_01,0010,19,1605,1939,1672,2047,127.0945,144.4251,58.19
int_04_01,0011,0,1226,0,1218,170,170.1881,193.3950,-87.31
int_04_01,0011,1,1218,170,1656,265,448.1841,509.2985,12.24
int_04_01,0011,2,1656,265,1713,438,182.1483,206.9860,71.76
int_04_01,0011,3,1713,438,1249,482,466.0815,529.6364,-5.42
int_04_01,0011,4,1249,482,1192,650,177.4063,201.5974,-71.26
int_04_01,0011,5,1203,681,1620,760,424.4172,482.2908,10.73
int_04_01,0011,6,1620,760,1700,947,203.3937,231.1285,66.84
int_04_01,0011,7,1700,947,1228,995,474.4344,539.1283,-5.81
int_04_01,0011,8,1228,995,1157,1161,180.5464,205.1657,-66.84
int_04_01,0011,9,1164,1185,1606,1260,448.3180,509.4506,9.63
int_04_01,0011,10,1606,1260,1687,1445,201.9554,229.4941,66.35
int_04_01,0011,11,1687,1445,1467,1518,231.7952,263.4028,-18.36
int_04_01,0011,12,1467,1518,1215,1505,252.3351,286.7435,-357.05
int_04_01,0011,13,1215,1505,1085,1667,207.7113,236.0349,-51.25
int_04_01,0011,14,1085,1667,1589,1723,507.1016,576.2499,6.34
int_04_01,0011,15,1589,1723,1676,1874,174.2699,198.0333,60.05
int_04_01,0011,16,1646,1953,1191,1973,455.4393,517.5431,-2.52
int_04_01,0012,0,1495,0,1679,72,197.5854,224.5282,21.37
int_04_01,0012,1,1679,72,1699,244,173.1589,196.7708,83.37
int_04_01,0012,2,1699,244,1244,275,456.0548,518.2425,-3.90
int_04_01,0012,3,1244,275,1176,409,150.2664,170.7568,-63.09
int_04_01,0012,4,1195,468,1628,542,439.2778,499.1777,9.70
int_04_01,0012,5,1628,542,1743,746,234.1816,266.1146,60.59
int_04_01,0012,6,1743,746,1205,806,541.3354,615.1519,-6.36
int_04_01,0012,7,1205,806,1179,953,149.2816,169.6377,-79.97
int_04_01,0012,8,1188,983,1605,1056,423.3415,481.0683,9.93
int_04_01,0012,9,1605,1056,1692,1221,186.5315,211.9669,62.20
int_04_01,0012,10,1668,1261,1221,1299,448.6123,509.7851,-4.86
int_04_01,0012,11,1221,1299,1153,1435,152.0526,172.7865,-63.43
int_04_01,0012,12,1174,1496,1614,1598,451.6680,513.2575,13.05
int_04_01,0012,13,1614,1598,1660,1768,176.1136,200.1285,74.86
int_04_01,0012,14,1660,1768,1202,1809,459.8315,522.5341,-5.12
int_04_01,0012,15,1202,1809,1127,1971,178.5189,202.8617,-65.16
int_04_01,0012,16,1134,1996,1470,2047,339.8485,386.1902,8.63
int_04_01,0013,0,1749,8,1729,64,59.4643,67.5728,-70.35
int_04_01,0013,1,1729,64,1203,110,528.0076,600.0067,-5.00
int_04_01,0013,2,1203,110,1195,274,164.1950,186.5846,-87.21
int_04_01,0013,3,1195,274,1633,354,445.2460,505.9597,10.35
int_04_01,0013,4,1633,354,1743,553,227.3785,258.3839,61.07
int_04_01,0013,5,1743,553,1189,614,557.3482,633.3482,-6.28
int_04_01,0013,6,1189,614,1176,788,174.4850,198.2777,-85.73
int_04_01,0013,7,1176,788,1619,872,450.8936,512.3774,10.74
int_04_01,0013,8,1619,872,1689,1001,146.7685,166.7819,61.51
int_04_01,0013,9,1689,1001,1627,1091,109.2886,124.1912,-55.44
int_04_01,0013,10,1627,1091,1211,1110,416.4337,473.2186,-2.62
int_04_01,0013,11,1211,1110,1151,1267,168.0744,190.9930,-69.08
int_04_01,0013,12,1161,1298,1620,1398,469.7670,533.8244,12.29
int_04_01,0013,13,1620,1398,1710,1577,200.3522,227.6722,63.31
int_04_01,0013,14,1710,1577,1183,1629,529.5593,601.7700,-5.64
int_04_01,0013,15,1183,1629,1155,1812,185.1297,210.3740,-81.30
int_04_01,0013,16,1155,1812,1575,1888,426.8208,485.0221,10.26
int_04_01,0013,17,1575,1888,1659,2047,179.8249,204.3458,62.15
int_04_01,0014,0,1195,0,1180,167,167.6723,190.5361,-84.87
int_04_01,0014,1,1180,167,1653,268,483.6631,549.6154,12.05
int_04_01,0014,2,1653,268,1695,447,183.8614,208.9327,76.80
int_04_01,0014,3,1695,447,1179,522,521.4221,592.5232,-8.27
int_04_01,0014,4,1179,522,1169,680,158.3161,179.9041,-86.38
int_04_01,0014,5,1169,680,1620,763,458.5739,521.1050,10.43
int_04_01,0014,6,1620,763,1725,953,217.0829,246.6844,61.07
int_04_01,0014,7,1725,953,1167,1034,563.8484,640.7347,-8.26
int_04_01,0014,8,1167,1034,1157,1194,160.3122,182.1724,-86.42
int_04_01,0014,9,1157,1194,1595,1271,444.7168,505.3583,9.97
int_04_01,0014,10,1595,1271,1704,1454,213.0023,242.0473,59.22
int_04_01,0014,11,1704,1454,1150,1542,560.9456,637.4362,-9.03
int_04_01,0014,12,1150,1542,1141,1707,165.2453,187.7781,-86.88
int_04_01,0014,13,1141,1707,1584,1792,451.0809,512.5903,10.86
int_04_01,0014,14,1584,1792,1655,1918,144.6271,164.3485,60.60
int_04_01,0014,15,1655,1918,1610,2001,94.4140,107.2883,-61.53
int_04_01,0014,16,1610,2001,1166,2047,446.3765,507.2444,-5.91
int_04_01,0015,0,1196,25,1648,134,464.9570,528.3585,13.56
int_04_01,0015,1,1648,134,1717,295,175.1628,199.0480,66.80
int_04_01,0015,2,1694,327,1204,380,492.8580,560.0641,-6.17
int_04_01,0015,3,1204,380,1156,551,177.6091,201.8279,-74.32
int_04_01,0015,4,1156,551,1620,634,471.3650,535.6404,10.14
int_04_01,0015,5,1620,634,1747,841,242.8539,275.9694,58.47
int_04_01,0015,6,1747,841,1180,890,569.1133,646.7176,-4.94
int_04_01,0015,7,1180,890,1135,1033,149.9133,170.3555,-72.53
int_04_01,0015,8,1145,1062,1601,1146,463.6723,526.8987,10.44
int_04_01,0015,9,1601,1146,1730,1359,249.0181,282.9742,58.80
int_04_01,0015,10,1730,1359,1153,1417,579.9078,658.9840,-5.74
int_04_01,0015,11,1153,1417,1134,1576,160.1312,181.9667,-83.19
int_04_01,0015,12,1134,1576,1590,1660,463.6723,526.8987,10.44
int_04_01,0015,13,1590,1660,1712,1869,242.0021,275.0015,59.73
int_04_01,0015,14,1712,1869,1149,1924,565.6801,642.8163,-5.58
int_04_01,0015,15,1149,1924,1118,2047,126.8464,144.1431,-75.85
int_04_01,0016,0,1715,0,1761,93,103.7545,117.9025,63.68
int_04_01,0016,1,1761,93,1216,136,546.6937,621.2409,-4.51
int_04_01,0016,2,1216,136,1152,279,156.6684,178.0317,-65.89
int_04_01,0016,3,1162,303,1617,377,460.9783,523.8373,9.24
int_04_01,0016,4,1617,377,1698,531,174.0029,197.7299,62.26
int_04_01,0016,5,1671,587,1207,651,468.3930,532.2631,-7.85
int_04_01,0016,6,1207,651,1164,784,139.7784,158.8386,-72.08
int_04_01,0016,7,1164,784,1616,891,464.4922,527.8304,13.32
int_04_01,0016,8,1616,891,1736,1103,243.6062,276.8244,60.49
int_04_01,0016,9,1736,1103,1177,1147,560.7290,637.1900,-4.50
int_04_01,0016,10,1177,1147,1126,1314,174.6139,198.4242,-73.02
int_04_01,0016,11,1126,1314,1613,1421,498.6161,566.6074,12.39
int_04_01,0016,12,1613,1421,1715,1605,210.3806,239.0681,61.00
int_04_01,0016,13,1715,1605,1156,1654,561.1435,637.6610,-5.01
int_04_01,0016,14,1156,1654,1117,1826,176.3661,200.4154,-77.22
int_04_01,0016,15,1117,1826,1571,1909,461.5246,524.4581,10.36
int_04_01,0016,16,1571,1909,1646,2047,157.0637,178.4809,61.48
int_04_01,0017,0,1207,0,1156,139,148.0608,168.2504,-69.85
int_04_01,0017,1,1156,139,1634,229,486.3990,552.7244,10.66
int_04_01,0017,2,1634,229,1754,440,242.7365,275.8360,60.37
int_04_01,0017,3,1754,440,1200,490,556.2517,632.1022,-5.16
int_04_01,0017,4,1200,490,1136,634,157.5817,179.0696,-66.04
int_04_01,0017,5,1136,634,1606,733,480.3134,545.8090,11.89
int_04_01,0017,6,1606,733,1684,920,202.6154,230.2440,67.36
int_04_01,0017,7,1684,920,1193,1004,498.1335,566.0590,-9.71
int_04_01,0017,8,1193,1004,1161,1162,161.2079,183.1903,-78.55
int_04_01,0017,9,1161,1162,1598,1245,444.8123,505.4669,10.75
int_04_01,0017,10,1598,1245,1723,1453,242.6706,275.7611,59.00
int_04_01,0017,11,1723,1453,1158,1498,566.7892,644.0766,-4.55
int_04_01,0017,12,1158,1498,1113,1667,174.8885,198.7363,-75.09
int_04_01,0017,13,1113,1667,1579,1754,474.0517,538.6934,10.58
int_04_01,0017,14,1579,1754,1700,1956,235.4676,267.5760,59.08
int_04_01,0017,15,1617,1968,1133,2021,486.8932,553.2860,-6.25
int_05_01,0001,0,1234,0,1256,102,104.3456,118.5741,77.83
int_05_01,0001,1,1256,102,1723,191,475.4051,540.2313,10.79
int_05_01,0001,2,1723,191,1750,324,135.7129,154.2187,78.52
int_05_01,0001,3,1750,324,1241,399,514.4959,584.6525,-8.38
int_05_01,0001,4,1241,399,1260,579,181.0000,205.6812,83.97
int_05_01,0001,5,1260,579,1738,636,481.3865,547.0284,6.80
int_05_01,0001,6,1738,636,1822,781,167.5739,190.4242,59.92
int_05_01,0001,7,1796,821,1214,907,588.3196,668.5429,-8.41
int_05_01,0001,8,1214,907,1250,1077,173.7700,197.4652,78.04
int_05_01,0001,9,1250,1077,1695,1160,452.6743,514.4009,10.57
int_05_01,0001,10,1695,1160,1736,1266,113.6530,129.1507,68.85
int_05_01,0001,11,1700,1302,1257,1355,446.1592,506.9974,-6.82
int_05_01,0001,12,1257,1355,1214,1519,169.5435,192.6625,-75.31
int_05_01,0001,13,1231,1547,1810,1602,581.6064,660.9142,5.43
int_05_01,0001,14,1810,1602,1872,1724,136.8503,155.5112,63.06
int_05_01,0001,15,1841,1753,1203,1819,641.4047,728.8667,-5.91
int_05_01,0001,16,1203,1819,1137,1952,148.4756,168.7217,-63.61
int_05_01,0001,17,1137,1952,1618,2047,490.2917,557.1479,11.17
int_05_01,0002,0,1776,0,1214,103,571.3607,649.2714,-10.39
int_05_01,0002,1,1214,103,1262,287,190.1578,216.0878,75.38
int_05_01,0002,2,1262,287,1698,339,439.0900,498.9643,6.80
int_05_01,0002,3,1698,339,1783,475,160.3777,182.2468,57.99
int_05_01,0002,4,1783,475,1721,535,86.2786,98.0436,-44.06
int_05_01,0002,5,1721,535,1221,578,501.8456,570.2773,-4.92
int_05_01,0002,6,1221,578,1242,784,207.0676,235.3034,84.18
int_05_01,0002,7,1242,784,1727,847,489.0746,555.7649,7.40
int_05_01,0002,8,1727,847,1787,982,147.7329,167.8777,66.04
int_05_01,0002,9,1773,1012,1213,1094,565.9717,643.1476,-8.33
int_05_01,0002,10,1213,1094,1241,1286,194.0309,220.4890,81.70
int_05_01,0002,11,1241,1286,1684,1359,448.9744,510.1965,9.36
int_05_01,0002,12,1684,1359,1752,1476,135.3255,153.7785,59.83
int_05_01,0002,13,1715,1529,1229,1575,488.1721,554.7392,-5.41
int_05_01,0002,14,1229,1575,1244,1761,186.6039,212.0492,85.39
int_05_01,0002,15,1244,1761,1729,1825,489.2045,555.9124,7.52
int_05_01,0002,16,1729,1825,1792,2001,186.9358,212.4264,70.30
int_05_01,0002,17,1792,2001,1671,1934,138.3112,157.1714,-331.03
int_05_01,0003,0,1268,0,1249,100,101.7890,115.6689,-79.24
int_05_01,0003,1,1249,100,1764,185,521.9674,593.1429,9.37
int_05_01,0003,2,1764,185,1819,307,133.8245,152.0728,65.73
int_05_01,0003,3,1800,336,1210,431,597.5994,679.0880,-9.15
int_05_01,0003,4,1210,431,1249,614,187.1096,212.6239,77.97
int_05_01,0003,5,1249,614,1714,671,468.4805,532.3625,6.99
int_05_01,0003,6,1714,671,1780,779,126.5701,143.8292,58.57
int_05_01,0003,7,1761,838,1211,939,559.1967,635.4488,-10.41
int_05_01,0003,8,1211,939,1252,1118,183.6355,208.6760,77.10
int_05_01,0003,9,1252,1118,1697,1171,448.1451,509.2541,6.79
int_05_01,0003,10,1697,1171,1778,1310,160.8788,182.8163,59.77
int_05_01,0003,11,1778,1310,1710,1369,90.0278,102.3040,-40.95
int_05_01,0003,12,1710,1369,1218,1415,494.1457,561.5274,-5.34
int_05_01,0003,13,1218,1415,1233,1616,201.5589,229.0435,85.73
int_05_01,0003,14,1233,1616,1718,1677,488.8210,555.4767,7.17
int_05_01,0003,15,1718,1677,1780,1775,115.9655,131.7786,57.68
int_05_01,0003,16,1761,1850,1213,1915,551.8415,627.0906,-6.76
int_05_01,0003,17,1213,1915,1204,2047,132.3065,150.3478,-86.10
int_05_01,0004,0,1787,0,1785,111,111.0180,126.1564,-88.97
int_05_01,0004,1,1759,132,1246,185,515.7305,586.0556,-5.90
int_05_01,0004,2,1246,185,1252,371,186.0967,211.4729,88.15
int_05_01,0004,3,1252,371,1721,441,474.1951,538.8564,8.49
int_05_01,0004,4,1721,441,1789,592,165.6050,188.1868,65.76
int_05_01,0004,5,1789,592,1337,647,455.3339,517.4233,-6.94
int_05_01,0004,6,1337,647,1231,852,230.7834,262.2531,-62.66
int_05_01,0004,7,1231,852,1749,952,527.5642,599.5029,10.93
int_05_01,0004,8,1749,952,1815,1100,162.0494,184.1464,65.97
int_05_01,0004,9,1794,1126,1218,1227,584.7880,664.5297,-9.95
int_05_01,0004,10,1218,1227,1242,1392,166.7363,189.4725,81.72
int_05_01,0004,11,1242,1392,1714,1449,475.4293,540.2588,6.89
int_05_01,0004,12,1714,1449,1781,1592,157.9177,179.4514,64.90
int_05_01,0004,13,1746,1628,1227,1719,526.9175,598.7679,-9.94
int_05_01,0004,14,1227,1719,1241,1890,171.5721,194.9677,85.32
int_05_01,0004,15,1241,1890,1690,1947,452.6036,514.3206,7.23
int_05_01,0004,16,1690,1947,1758,2047,120.9297,137.4197,55.78
int_05_01,0005,0,1244,0,1249,102,102.1225,116.0479,87.19
int_05_01,0005,1,1249,102,1717,174,473.5061,538.0734,8.75
int_05_01,0005,2,1717,174,1772,346,180.5796,205.2035,72.27
int_05_01,0005,3,1772,346,1307,401,468.2414,532.0908,-6.75
int_05_01,0005,4,1307,401,1227,582,197.8914,224.8759,-66.16
int_05_01,0005,5,1240,612,1707,659,469.3591,533.3609,5.75
int_05_01,0005,6,1707,659,1804,852,216.0046,245.4590,63.32
int_05_01,0005,7,1804,852,1250,949,562.4278,639.1204,-9.93
int_05_01,0005,8,1250,949,1244,1127,178.1011,202.3870,-88.07
int_05_01,0005,9,1244,1127,1715,1195,475.8834,540.7748,8.22
int_05_01,0005,10,1715,1195,1784,1358,177.0028,201.1389,67.06
int_05_01,0005,11,1784,1358,1336,1408,450.7815,512.2501,-6.37
int_05_01,0005,12,1336,1408,1216,1594,221.3504,251.5337,-57.17
int_05_01,0005,13,1216,1594,1739,1707,535.0682,608.0301,12.19
int_05_01,0005,14,1739,1707,1803,1869,174.1838,197.9355,68.44
int_05_01,0005,15,1803,1869,1227,1970,584.7880,664.5297,-9.95
int_05_01,0006,0,1821,15,1862,66,65.4370,74.3600,51.20
int_05_01,0006,1,1820,88,1223,141,599.3480,681.0751,-5.07
int_05_01,0006,2,1223,141,1231,334,193.1657,219.5058,87.63
int_05_01,0006,3,1231,334,1706,392,478.5280,543.7800,6.96
int_05_01,0006,4,1706,392,1781,525,152.6892,173.5099,60.58
int_05_01,0006,5,1759,576,1271,631,491.0896,558.0546,-6.43
int_05_01,0006,6,1271,631,1239,845,216.3793,245.8848,-81.50
int_05_01,0006,7,1239,845,1695,908,460.3314,523.1022,7.87
int_05_01,0006,8,1695,908,1773,1067,177.1017,201.2512,63.87
int_05_01,0006,9,1773,1067,1596,1142,192.2342,218.4473,-22.96
int_05_01,0006,10,1596,1142,1295,1146,301.0266,342.0746,-0.76
int_05_01,0006,11,1295,1146,1218,1326,195.7779,222.4742,-66.84
int_05_01,0006,12,1229,1357,1726,1427,501.9054,570.3452,8.02
int_05_01,0006,13,1726,1427,1796,1583,170.9854,194.3009,65.83
int_05_01,0006,14,1774,1611,1242,1688,537.5435,610.8429,-8.24
int_05_01,0006,15,1242,1688,1236,1871,183.0983,208.0656,-88.12
int_05_01,0006,16,1236,1871,1705,1940,474.0485,538.6898,8.37
int_05_01,0006,17,1705,1940,1768,2047,124.1692,141.1010,59.51
int_05_01,0007,0,1197,0,1207,155,155.3222,176.5020,86.31
int_05_01,0007,1,1207,155,1673,232,472.3187,536.7241,9.38
int_05_01,0007,2,1673,232,1726,338,118.5116,134.6718,63.43
int_05_01,0007,3,1726,338,1678,404,81.6088,92.7370,-53.97
int_05_01,0007,4,1678,404,1235,448,445.1797,505.8844,-5.67
int_05_01,0007,5,1235,448,1200,617,172.5862,196.1201,-78.30
int_05_01,0007,6,1216,654,1701,706,487.7797,554.2933,6.12
int_05_01,0007,7,1701,706,1818,902,228.2652,259.3914,59.17
int_05_01,0007,8,1818,902,1208,983,615.3544,699.2641,-7.56
int_05_01,0007,9,1208,983,1193,1139,156.7195,178.0898,-84.51
int_05_01,0007,10,1209,1169,1682,1225,476.3035,541.2522,6.75
int_05_01,0007,11,1682,1225,1753,1326,123.4585,140.2933,54.89
int_05_01,0007,12,1753,1326,1706,1430,114.1271,129.6895,-65.68
int_05_01,0007,13,1706,1430,1254,1469,453.6794,515.5431,-4.93
int_05_01,0007,14,1254,1469,1206,1647,184.3583,209.4975,-74.91
int_05_01,0007,15,1218,1680,1678,1745,464.5697,527.9184,8.04
int_05_01,0007,16,1678,1745,1742,1920,186.3357,211.7445,69.91
int_05_01,0007,17,1742,1920,1280,1979,465.7521,529.2620,-7.28
int_05_01,0008,0,1188,0,1179,147,147.2753,167.3577,-86.50
int_05_01,0008,1,1179,147,1701,220,527.0797,598.9523,7.96
int_05_01,0008,2,1701,220,1748,328,117.7837,133.8447,66.48
int_05_01,0008,3,1748,328,1693,387,80.6598,91.6585,-47.01
int_05_01,0008,4,1693,387,1215,421,479.2077,544.5524,-4.07
int_05_01,0008,5,1215,421,1177,592,175.1713,199.0577,-77.47
int_05_01,0008,6,1188,625,1671,690,487.3541,553.8097,7.66
int_05_01,0008,7,1671,690,1726,829,149.4858,169.8697,68.41
int_05_01,0008,8,1726,829,1197,922,537.1127,610.3533,-9.97
int_05_01,0008,9,1197,922,1179,1083,162.0031,184.0938,-83.62
int_05_01,0008,10,1195,1117,1662,1193,473.1437,537.6616,9.24
int_05_01,0008,11,1662,1193,1718,1310,129.7112,147.3986,64.42
int_05_01,0008,12,1670,1368,1229,1413,443.2900,503.7370,-5.83
int_05_01,0008,13,1229,1413,1179,1553,148.6607,168.9321,-70.35
int_05_01,0008,14,1208,1620,1692,1671,486.6796,553.0432,6.02
int_05_01,0008,15,1692,1671,1771,1822,170.4171,193.6552,62.38
int_05_01,0008,16,1757,1861,1198,1940,564.5547,641.5374,-8.04
int_05_01,0008,17,1198,1940,1185,2047,107.7868,122.4846,-83.07
int_05_01,0009,0,1211,0,1213,166,166.0120,188.6495,89.31
int_05_01,0009,1,1213,166,1681,234,472.9144,537.4010,8.27
int_05_01,0009,2,1681,234,1726,379,151.8223,172.5247,72.76
int_05_01,0009,3,1726,379,1197,431,531.5496,604.0317,-5.61
int_05_01,0009,4,1197,431,1160,590,163.2483,185.5088,-76.90
int_05_01,0009,5,1172,616,1670,677,501.7220,570.1369,6.98
int_05_01,0009,6,1670,677,1740,766,113.2299,128.6699,51.81
int_05_01,0009,7,1740,766,1685,853,102.9272,116.9623,-57.70
int_05_01,0009,8,1685,853,1189,888,497.2333,565.0361,-4.04
int_05_01,0009,9,1189,888,1166,1058,171.5488,194.9412,-82.30
int_05_01,0009,10,1166,1058,1697,1137,536.8445,610.0486,8.46
int_05_01,0009,11,1697,1137,1742,1240,112.4011,127.7281,66.40
int_05_01,0009,12,1742,1240,1687,1303,83.6301,95.0339,-48.88
int_05_01,0009,13,1687,1303,1211,1342,477.5950,542.7199,-4.68
int_05_01,0009,14,1211,1342,1167,1505,168.8342,191.8565,-74.89
int_05_01,0009,15,1179,1539,1659,1601,483.9876,549.9842,7.36
int_05_01,0009,16,1659,1601,1721,1731,144.0278,163.6674,64.50
int_05_01,0009,17,1699,1764,1189,1839,515.4852,585.7768,-8.37
int_05_01,0009,18,1189,1839,1183,2026,187.0962,212.6087,-88.16
int_05_01,0010,0,1690,0,1726,144,148.4318,168.6720,75.96
int_05_01,0010,1,1708,171,1197,213,512.7231,582.6380,-4.70
int_05_01,0010,2,1197,213,1220,430,218.2155,247.9714,83.95
int_05_01,0010,3,1220,430,1696,487,479.4007,544.7717,6.83
int_05_01,0010,4,1696,487,1803,701,239.2593,271.8847,63.43
int_05_01,0010,5,1803,701,1209,729,594.6596,675.7473,-2.70
int_05_01,0010,6,1209,729,1187,918,190.2761,216.2222,-83.36
int_05_01,0010,7,1204,960,1660,1018,459.6738,522.3549,7.25
int_05_01,0010,8,1660,1018,1728,1159,156.5407,177.8866,64.25
int_05_01,0010,9,1704,1182,1192,1228,514.0623,584.1598,-5.13
int_05_01,0010,10,1192,1228,1150,1388,165.4207,187.9774,-75.29
int_05_01,0010,11,1150,1388,1671,1476,528.3796,600.4294,9.59
int_05_01,0010,12,1671,1476,1735,1599,138.6542,157.5611,62.51
int_05_01,0010,13,1765,1619,1734,1646,41.1096,46.7153,-41.05
int_05_01,0010,14,1704,1626,1183,1683,524.1088,595.5762,-6.24
int_05_01,0010,15,1183,1683,1148,1833,154.0292,175.0326,-76.87
int_05_01,0010,16,1148,1833,1656,1912,514.1060,584.2095,8.84
int_05_01,0010,17,1656,1912,1730,2047,153.9513,174.9441,61.27
int_05_01,0011,0,1207,29,1229,215,187.2966,212.8363,83.25
int_05_01,0011,1,1229,215,1703,280,478.4360,543.6755,7.81
int_05_01,0011,2,1703,280,1857,489,259.6093,295.0096,53.62
int_05_01,0011,3,1857,489,1253,529,605.3231,687.8649,-3.79
int_05_01,0011,4,1253,529,1222,745,218.2132,247.9688,-81.83
int_05_01,0011,5,1222,745,1661,815,444.5458,505.1641,9.06
int_05_01,0011,6,1661,815,1815,1012,250.0500,284.1468,51.98
int_05_01,0011,7,1815,1012,1217,1067,600.5239,682.4114,-5.25
int_05_01,0011,8,1217,1067,1211,1264,197.0913,223.9667,-88.26
int_05_01,0011,9,1211,1264,1686,1320,478.2897,543.5092,6.72
int_05_01,0011,10,1686,1320,1851,1545,279.0161,317.0628,53.75
int_05_01,0011,11,1851,1545,1233,1581,619.0477,703.4610,-3.33
int_05_01,0011,12,1233,1581,1167,1723,156.5886,177.9411,-65.07
int_05_01,0011,13,1197,1798,1661,1857,467.7360,531.5165,7.25
int_05_01,0011,14,1661,1857,1715,2017,168.8668,191.8935,71.35
int_05_01,0011,15,1742,2018,1698,2045,51.6236,58.6630,-31.53
int_05_01,0011,16,1698,2045,1760,2020,66.8506,75.9663,-21.96
int_05_01,0012,0,1224,0,1713,95,498.1425,566.0693,10.99
int_05_01,0012,1,1713,95,1808,284,211.5325,240.3771,63.31
int_05_01,0012,2,1808,284,1186,359,626.5054,711.9357,-6.88
int_05_01,0012,3,1186,359,1235,543,190.4127,216.3774,75.09
int_05_01,0012,4,1235,543,1654,596,422.3387,479.9288,7.21
int_05_01,0012,5,1654,596,1743,724,155.9006,177.1592,55.19
int_05_01,0012,6,1733,771,1190,866,551.2477,626.4158,-9.92
int_05_01,0012,7,1190,866,1219,1046,182.3211,207.1825,80.85
int_05_01,0012,8,1219,1046,1717,1132,505.3712,574.2836,9.80
int_05_01,0012,9,1717,1132,1758,1301,173.9023,197.6156,76.36
int_05_01,0012,10,1758,1301,1242,1358,519.1387,589.9285,-6.30
int_05_01,0012,11,1242,1358,1201,1540,186.5610,212.0004,-77.30
int_05_01,0012,12,1216,1582,1656,1650,445.2235,505.9342,8.79
int_05_01,0012,13,1656,1650,1728,1784,152.1184,172.8612,61.75
int_05_01,0012,14,1713,1824,1201,1895,516.8994,587.3838,-7.89
int_05_01,0012,15,1201,1895,1193,2047,152.2104,172.9658,-86.99
int_05_01,0013,0,1148,0,1214,191,202.0817,229.6375,70.94
int_05_01,0013,1,1214,191,1669,252,459.0708,521.6697,7.64
int_05_01,0013,2,1669,252,1719,404,160.0125,181.8318,71.79
int_05_01,0013,3,1703,437,1170,516,538.8228,612.2967,-8.43
int_05_01,0013,4,1170,516,1219,694,184.6212,209.7962,74.61
int_05_01,0013,5,1219,694,1710,755,494.7747,562.2422,7.08
int_05_01,0013,6,1751,815,1827,911,122.4418,139.1380,51.63
int_05_01,0013,7,1800,946,1167,1038,639.6507,726.8735,-8.27
int_05_01,0013,8,1167,1038,1215,1203,171.8400,195.2722,73.78
int_05_01,0013,9,1215,1203,1709,1277,499.5118,567.6252,8.52
int_05_01,0013,10,1709,1277,1760,1440,170.7923,194.0815,72.63
int_05_01,0013,11,1741,1466,1185,1542,561.1702,637.6914,-7.78
int_05_01,0013,12,1185,1542,1223,1723,184.9459,210.1652,78.14
int_05_01,0013,13,1223,1723,1664,1784,445.1988,505.9061,7.88
int_05_01,0013,14,1664,1784,1733,1906,140.1606,159.2729,60.51
int_05_01,0013,15,1704,1974,1231,2047,478.6000,543.8619,-8.77
int_05_01,0014,0,1186,0,1232,109,118.3089,134.4415,67.12
int_05_01,0014,1,1232,109,1729,168,500.4898,568.7365,6.77
int_05_01,0014,2,1729,168,1799,297,146.7685,166.7819,61.51
int_05_01,0014,3,1799,297,1759,377,89.4427,101.6391,-63.43
int_05_01,0014,4,1759,377,1186,430,575.4459,653.9137,-5.28
int_05_01,0014,5,1186,430,1218,614,186.7619,212.2287,80.13
int_05_01,0014,6,1218,614,1676,659,460.2054,522.9590,5.61
int_05_01,0014,7,1724,688,1760,844,160.1000,181.9312,77.01
int_05_01,0014,8,1790,829,1766,873,50.1199,56.9542,-61.39
int_05_01,0014,9,1736,882,1177,959,564.2783,641.2233,-7.84
int_05_01,0014,10,1177,959,1206,1117,160.6393,182.5441,79.60
int_05_01,0014,11,1206,1117,1642,1171,439.3313,499.2385,7.06
int_05_01,0014,12,1642,1171,1728,1329,179.8889,204.4185,61.44
int_05_01,0014,13,1713,1356,1189,1461,534.4165,607.2895,-11.33
int_05_01,0014,14,1189,1461,1209,1622,162.2375,184.3602,82.92
int_05_01,0014,15,1209,1622,1697,1680,491.4346,558.4467,6.78
int_05_01,0014,16,1697,1680,1836,1880,243.5590,276.7707,55.20
int_05_01,0014,17,1801,1862,1187,1969,623.2536,708.2404,-9.89
int_05_01,0015,0,1832,23,1867,82,68.6003,77.9546,59.32
int_05_01,0015,1,1834,113,1204,202,636.2555,723.0152,-8.04
int_05_01,0015,2,1204,202,1234,348,149.0503,169.3748,78.39
int_05_01,0015,3,1234,348,1674,404,443.5493,504.0317,7.25
int_05_01,0015,4,1674,404,1760,529,151.7267,172.4162,55.47
int_05_01,0015,5,1739,607,1212,659,529.5593,601.7700,-5.64
int_05_01,0015,6,1212,659,1221,841,182.2224,207.0702,87.17
int_05_01,0015,7,1221,841,1708,894,489.8755,556.6749,6.21
int_05_01,0015,8,1708,894,1793,1031,161.2265,183.2114,58.18
int_05_01,0015,9,1779,1100,1207,1178,577.2937,656.0135,-7.77
int_05_01,0015,10,1194,1232,1218,1356,126.3012,143.5237,79.05
int_05_01,0015,11,1218,1356,1719,1425,505.7292,574.6904,7.84
int_05_01,0015,12,1719,1425,1780,1554,142.6955,162.1534,64.69
int_05_01,0015,13,1780,1554,1727,1628,91.0220,103.4337,-54.39
int_05_01,0015,14,1727,1628,1187,1702,545.0468,619.3694,-7.80
int_05_01,0015,15,1187,1702,1200,1857,155.5442,176.7542,85.21
int_05_01,0015,16,1200,1857,1637,1912,440.4475,500.5069,7.17
int_05_01,0015,17,1637,1912,1722,2047,159.5306,181.2841,57.80
int_08_01,0001,0,1796,14,1879,206,209.1722,237.6949,66.62
int_08_01,0001,1,1909,188,1881,246,64.4050,73.1872,-64.23
int_08_01,0001,2,1855,256,1047,217,808.9407,919.2478,-357.24
int_08_01,0001,3,1047,217,1035,467,250.2878,284.4171,-87.25
int_08_01,0001,4,1035,467,1772,517,738.6941,839.4224,3.88
int_08_01,0001,5,1772,517,1873,721,227.6335,258.6736,63.66
int_08_01,0001,6,1804,756,1062,705,743.7506,845.1685,-356.07
int_08_01,0001,7,1894,714,1824,756,81.6333,92.7648,-30.96
int_08_01,0001,8,1062,705,995,933,237.6405,270.0451,-73.62
int_08_01,0001,9,995,933,1772,1014,781.2106,887.7365,5.95
int_08_01,0001,10,1772,1014,1897,1208,230.7834,262.2531,57.21
int_08_01,0001,11,1913,1202,1884,1240,47.8017,54.3199,-52.65
int_08_01,0001,12,1869,1243,1053,1206,816.8384,928.2225,-357.40
int_08_01,0001,13,1053,1206,968,1418,228.4053,259.5507,-68.15
int_08_01,0001,14,968,1418,1820,1491,855.1216,971.7260,4.90
int_08_01,0001,15,1914,1516,1950,1627,116.6919,132.6040,72.03
int_08_01,0001,16,1937,1570,1900,1663,100.0900,113.7382,-68.30
int_08_01,0001,17,3060,1643,3026,1592,61.2944,69.6525,-303.69
int_08_01,0001,18,952,1680,920,1775,100.2447,113.9141,-71.38
int_08_01,0001,19,1501,1796,1644,1720,161.9413,184.0237,-27.99
int_08_01,0001,20,1644,1720,1960,1834,335.9345,381.7425,19.84
int_08_01,0001,21,920,1775,1501,1796,581.3794,660.6563,2.07
int_08_01,0001,22,3050,1921,3054,1723,198.0404,225.0452,-88.84
int_08_01,0001,23,1960,1834,2065,1986,184.7404,209.9316,55.36
int_08_01,0001,24,2034,1898,2072,2047,153.7693,174.7373,75.69
int_08_01,0002,0,1850,0,1886,159,163.0245,185.2546,77.24
int_08_01,0002,1,1856,182,1035,167,821.1370,933.1073,-358.95
int_08_01,0002,2,1035,167,984,362,201.5589,229.0435,-75.34
int_08_01,0002,3,984,362,1776,464,798.5412,907.4302,7.34
int_08_01,0002,4,1776,464,1862,645,200.3921,227.7176,64.59
int_08_01,0002,5,1883,625,1868,671,48.3839,54.9815,-71.94
int_08_01,0002,6,1850,685,1089,657,761.5149,865.3551,-357.89
int_08_01,0002,7,1089,657,1005,866,225.2488,255.9637,-68.10
int_08_01,0002,8,1005,866,1743,931,740.8569,841.8802,5.03
int_08_01,0002,9,1743,931,1861,1098,204.4823,232.3655,54.76
int_08_01,0002,10,1728,1192,1051,1157,677.9041,770.3431,-357.04
int_08_01,0002,11,1844,1167,1718,1206,131.8977,149.8833,-17.20
int_08_01,0002,12,1051,1157,980,1367,221.6777,251.9057,-71.32
int_08_01,0002,13,980,1367,1744,1446,768.0736,872.8081,5.90
int_08_01,0002,14,1744,1446,1842,1651,227.2202,258.2039,64.45
int_08_01,0002,15,1756,1686,1049,1645,708.1878,804.7563,-356.68
int_08_01,0002,16,1859,1647,1773,1686,94.4299,107.3063,-24.39
int_08_01,0002,17,1049,1645,960,1865,237.3205,269.6815,-67.97
int_08_01,0002,18,960,1865,1670,1924,712.4472,809.5965,4.75
int_08_01,0002,19,1670,1924,1856,2047,222.9910,253.3981,33.48
int_08_01,0003,0,1797,12,1853,182,178.9860,203.3926,71.77
int_08_01,0003,1,1871,166,1849,216,54.6260,62.0748,-66.25
int_08_01,0003,2,1833,226,991,211,842.1336,956.9669,-358.98
int_08_01,0003,3,991,211,986,425,214.0584,243.2474,-88.66
int_08_01,0003,4,986,425,1723,468,738.2533,838.9216,3.34
int_08_01,0003,5,1723,468,1847,687,251.6684,285.9859,60.48
int_08_01,0003,6,1865,684,1830,721,50.9313,57.8763,-46.59
int_08_01,0003,7,1813,723,1004,701,809.2991,919.6551,-358.44
int_08_01,0003,8,1004,701,950,900,206.1965,234.3135,-74.82
int_08_01,0003,9,950,900,1725,976,778.7175,884.9035,5.60
int_08_01,0003,10,1725,976,1856,1184,245.8150,279.3343,57.80
int_08_01,0003,11,1856,1184,1666,1114,202.4846,230.0954,-339.78
int_08_01,0003,12,1724,1224,1001,1206,723.2240,821.8429,-358.57
int_08_01,0003,13,1001,1206,942,1403,205.6453,233.6871,-73.33
int_08_01,0003,14,942,1403,1737,1487,799.4254,908.4351,6.03
int_08_01,0003,15,1737,1487,1821,1694,223.3943,253.8563,67.91
int_08_01,0003,16,1793,1582,1680,1735,190.2052,216.1415,-53.55
int_08_01,0003,17,1680,1735,1043,1697,638.1324,725.1482,-356.59
int_08_01,0003,18,1043,1697,964,1907,224.3680,254.9628,-69.38
int_08_01,0003,19,964,1907,1665,1958,702.8528,798.6938,4.16
int_08_01,0003,20,1665,1958,1785,2047,149.4021,169.7746,36.56
int_08_01,0004,0,1747,75,1797,290,220.7374,250.8372,76.91
int_08_01,0004,1,1796,187,1653,317,193.2589,219.6117,-42.27
int_08_01,0004,2,1653,317,989,271,665.5915,756.3515,-356.04
int_08_01,0004,3,989,271,950,504,236.2414,268.4553,-80.50
int_08_01,0004,4,950,504,1702,552,753.5304,856.2818,3.65
int_08_01,0004,5,1702,552,1825,722,209.8309,238.4434,54.11
int_08_01,0004,6,1825,722,1651,829,204.2670,232.1208,-31.59
int_08_01,0004,7,1651,829,968,788,684.2295,777.5310,-356.56
int_08_01,0004,8,968,788,941,1007,220.6581,250.7470,-82.97
int_08_01,0004,9,941,1007,1691,1053,751.4093,853.8715,3.51
int_08_01,0004,10,1691,1053,1826,1255,242.9588,276.0887,56.24
int_08_01,0004,11,1826,1255,1527,1340,310.8472,353.2344,-15.87
int_08_01,0004,12,1527,1340,964,1296,564.7167,641.7215,-355.53
int_08_01,0004,13,964,1296,921,1486,194.8050,221.3686,-77.25
int_08_01,0004,14,921,1486,1671,1549,752.6413,855.2715,4.80
int_08_01,0004,15,1671,1549,1817,1747,246.0081,279.5538,53.60
int_08_01,0004,16,1817,1747,1642,1829,193.2589,219.6117,-25.11
int_08_01,0004,17,1642,1829,963,1788,680.2367,772.9938,-356.54
int_08_01,0004,18,963,1788,904,1989,209.4803,238.0450,-73.64
int_08_01,0005,0,1726,0,1809,223,237.9454,270.3916,69.58
int_08_01,0005,1,1809,223,908,211,901.0799,1023.9512,-359.24
int_08_01,0005,2,944,243,924,431,189.0608,214.8412,-83.93
int_08_01,0005,3,924,431,1658,483,735.8397,836.1788,4.05
int_08_01,0005,4,1658,483,1790,670,228.8952,260.1073,54.78
int_08_01,0005,5,1790,670,1633,745,173.9943,197.7201,-25.53
int_08_01,0005,6,1633,745,942,712,691.7875,786.1197,-357.27
int_08_01,0005,7,942,712,916,940,229.4777,260.7692,-83.49
int_08_01,0005,8,916,940,1664,990,749.6693,851.8942,3.82
int_08_01,0005,9,1664,990,1792,1185,233.2574,265.0643,56.72
int_08_01,0005,10,1801,1203,1771,1246,52.4309,59.5804,-55.10
int_08_01,0005,11,1645,1265,957,1223,689.2808,783.2711,-356.51
int_08_01,0005,12,957,1223,909,1449,231.0411,262.5459,-78.01
int_08_01,0005,13,909,1449,1662,1500,754.7251,857.6394,3.87
int_08_01,0005,14,1662,1500,1796,1699,239.9104,272.6246,56.04
int_08_01,0005,15,1796,1699,1534,1780,274.2353,311.6300,-17.18
int_08_01,0005,16,1534,1780,943,1735,592.7107,673.5328,-355.65
int_08_01,0005,17,943,1735,892,1932,203.4945,231.2430,-75.49
int_08_01,0005,18,892,1932,1607,2008,719.0278,817.0744,6.07
int_08_01,0006,0,1754,0,1731,92,94.8314,107.7626,-75.96
int_08_01,0006,1,1731,92,882,84,849.0377,964.8125,-359.46
int_08_01,0006,2,882,84,893,302,218.2773,248.0416,87.11
int_08_01,0006,3,893,302,1633,354,741.8248,842.9800,4.02
int_08_01,0006,4,1633,354,1833,598,315.4933,358.5139,50.66
int_08_01,0006,5,879,606,893,818,212.4618,241.4330,86.22
int_08_01,0006,6,893,818,1625,864,733.4439,833.4563,3.60
int_08_01,0006,7,1625,864,1760,1063,240.4704,273.2609,55.85
int_08_01,0006,8,1760,1063,1619,1140,160.6549,182.5618,-28.64
int_08_01,0006,9,1619,1140,892,1109,727.6606,826.8844,-357.56
int_08_01,0006,10,892,1109,887,1337,228.0548,259.1524,-88.74
int_08_01,0006,11,887,1337,1626,1390,740.8981,841.9270,4.10
int_08_01,0006,12,1626,1390,1757,1583,233.2595,265.0668,55.83
int_08_01,0006,13,1628,1649,920,1617,708.7228,805.3642,-357.41
int_08_01,0006,14,920,1617,869,1821,210.2784,238.9519,-75.96
int_08_01,0006,15,869,1821,1620,1894,754.5396,857.4286,5.55
int_08_01,0006,16,1620,1894,1751,2047,201.4200,228.8856,49.43
int_08_01,0007,0,862,0,854,107,107.2986,121.9299,-85.72
int_08_01,0007,1,854,107,1533,157,680.8385,773.6776,4.21
int_08_01,0007,2,1629,195,1684,359,172.9769,196.5640,71.46
int_08_01,0007,3,1676,277,1577,385,146.5094,166.4874,-47.49
int_08_01,0007,4,1577,385,957,317,623.7179,708.7681,-353.74
int_08_01,0007,5,957,317,833,570,281.7534,320.1733,-63.89
int_08_01,0007,6,833,570,1616,653,787.3868,894.7549,6.05
int_08_01,0007,7,1616,653,1722,793,175.6018,199.5469,52.87
int_08_01,0007,8,1722,793,1631,897,138.1919,157.0357,-48.81
int_08_01,0007,9,1631,897,882,874,749.3531,851.5348,-358.24
int_08_01,0007,10,882,874,846,1071,200.2623,227.5701,-79.64
int_08_01,0007,11,864,1098,1618,1154,756.0767,859.1753,4.25
int_08_01,0007,12,1618,1154,1769,1386,276.8122,314.5583,56.94
int_08_01,0007,13,1769,1386,866,1397,903.0670,1026.2092,-0.70
int_08_01,0007,14,866,1397,864,1615,218.0092,247.7369,-89.47
int_08_01,0007,15,864,1615,1608,1665,745.6782,847.3589,3.84
int_08_01,0007,16,1608,1665,1724,1838,208.2907,236.6932,56.16
int_08_01,0007,17,1581,1935,871,1909,710.4759,807.3564,-357.90
int_08_01,0007,18,1712,1915,1576,1948,139.9464,159.0295,-13.64
int_08_01,0007,19,871,1909,857,2047,138.7083,157.6226,-84.21
int_08_01,0008,0,848,0,839,96,96.4210,109.5689,-84.64
int_08_01,0008,1,839,96,1535,140,697.3894,792.4854,3.62
int_08_01,0008,2,1653,179,1706,349,178.0702,202.3519,72.68
int_08_01,0008,3,1701,261,1568,391,185.9812,211.3416,-44.35
int_08_01,0008,4,1298,393,1015,406,283.2984,321.9290,-2.63
int_08_01,0008,5,872,373,796,531,175.3283,199.2360,-64.31
int_08_01,0008,6,796,531,1600,609,807.7747,917.9229,5.54
int_08_01,0008,7,1600,609,1703,754,177.8595,202.1124,54.61
int_08_01,0008,8,1703,754,1663,849,103.0776,117.1333,-67.17
int_08_01,0008,9,1663,849,866,823,797.4240,906.1607,-358.13
int_08_01,0008,10,866,823,805,1017,203.3642,231.0949,-72.55
int_08_01,0008,11,818,1044,1560,1106,744.5858,846.1175,4.78
int_08_01,0008,12,1560,1106,1657,1302,218.6893,248.5097,63.67
int_08_01,0008,13,1657,1302,936,1268,721.8012,820.2260,-357.30
int_08_01,0008,14,936,1268,795,1507,277.4923,315.3312,-59.46
int_08_01,0008,15,795,1507,1588,1593,797.6497,906.4172,6.19
int_08_01,0008,16,1588,1593,1689,1744,181.6645,206.4363,56.22
int_08_01,0008,17,1689,1744,1590,1838,136.5174,155.1329,-43.52
int_08_01,0008,18,1590,1838,865,1817,725.3041,824.2065,-358.34
int_08_01,0008,19,865,1817,812,2012,202.0742,229.6291,-74.79
int_08_01,0009,0,1629,23,1764,256,269.2842,306.0038,59.91
int_08_01,0009,1,847,231,816,421,192.5123,218.7633,-80.73
int_08_01,0009,2,816,421,1581,504,769.4894,874.4170,6.19
int_08_01,0009,3,1581,504,1761,745,300.8006,341.8178,53.24
int_08_01,0009,4,1761,745,861,726,900.2005,1022.9519,-358.79
int_08_01,0009,5,861,726,789,920,206.9299,235.1469,-69.64
int_08_01,0009,6,789,920,1593,1004,808.3762,918.6063,5.96
int_08_01,0009,7,1593,1004,1687,1185,203.9534,231.7645,62.56
int_08_01,0009,8,1687,1185,1505,1131,189.8420,215.7289,-343.47
int_08_01,0009,9,847,1220,763,1390,189.6207,215.4773,-63.71
int_08_01,0009,10,763,1390,1571,1457,810.7731,921.3301,4.74
int_08_01,0009,11,1571,1457,1653,1663,221.7205,251.9544,68.29
int_08_01,0009,12,1634,1552,1550,1701,171.0468,194.3707,-60.59
int_08_01,0009,13,1550,1701,839,1669,711.7197,808.7699,-357.42
int_08_01,0009,14,839,1669,772,1864,206.1892,234.3052,-71.04
int_08_01,0009,15,772,1864,1521,1949,753.8077,856.5969,6.47
int_08_01,0009,16,1521,1949,1613,2047,134.4173,152.7464,46.81
int_08_01,0010,0,1646,0,1716,129,146.7685,166.7819,61.51
int_08_01,0010,1,1702,160,826,92,878.6353,998.4460,-355.56
int_08_01,0010,2,857,107,819,353,248.9177,282.8601,-81.22
int_08_01,0010,3,819,353,1567,414,750.4832,852.8191,4.66
int_08_01,0010,4,1567,414,1753,646,297.3550,337.9023,51.28
int_08_01,0010,5,818,629,813,862,233.0536,264.8328,-88.77
int_08_01,0010,6,813,862,1557,922,746.4154,848.1966,4.61
int_08_01,0010,7,1557,922,1745,1169,310.4078,352.7350,52.72
int_08_01,0010,8,815,1155,792,1374,220.2045,250.2315,-84.00
int_08_01,0010,9,792,1374,1541,1429,751.0166,853.4253,4.20
int_08_01,0010,10,1541,1429,1692,1652,269.3139,306.0376,55.90
int_08_01,0010,11,1692,1652,829,1651,863.0006,980.6793,-359.93
int_08_01,0010,12,829,1651,753,1847,210.2189,238.8844,-68.81
int_08_01,0010,13,753,1847,1521,1922,771.6534,876.8761,5.58
int_08_01,0010,14,1521,1922,1649,2047,178.9106,203.3068,44.32
int_08_01,0011,0,739,0,815,175,190.7905,216.8066,66.53
int_08_01,0011,1,815,175,1569,256,758.3383,861.7453,6.13
int_08_01,0011,2,1569,256,1717,469,259.3704,294.7381,55.21
int_08_01,0011,3,766,430,802,682,254.5584,289.2700,81.87
int_08_01,0011,4,802,682,1526,746,726.8232,825.9328,5.05
int_08_01,0011,5,1526,746,1712,986,303.6379,345.0420,52.22
int_08_01,0011,6,1712,986,815,924,899.1401,1021.7469,-356.05
int_08_01,0011,7,815,924,771,1165,244.9837,278.3896,-79.65
int_08_01,0011,8,791,1194,1537,1256,748.5720,850.6472,4.75
int_08_01,0011,9,1537,1256,1721,1495,301.6239,342.7534,52.41
int_08_01,0011,10,791,1472,763,1676,205.9126,233.9908,-82.18
int_08_01,0011,11,788,1707,1526,1764,740.1979,841.1313,4.42
int_08_01,0011,12,1526,1764,1674,1973,256.0957,291.0169,54.70
int_08_01,0011,13,1584,1851,1654,2015,178.3143,202.6293,66.89
int_08_01,0011,14,1654,2015,780,2017,874.0023,993.1812,-0.13
int_08_01,0012,0,751,0,773,186,187.2966,212.8363,83.25
int_08_01,0012,1,773,186,1451,231,679.4917,772.1472,3.80
int_08_01,0012,2,1557,269,1614,447,186.9037,212.3899,72.24
int_08_01,0012,3,1643,420,1629,470,51.9230,59.0032,-74.36
int_08_01,0012,4,1603,491,871,437,733.9891,834.0759,-355.78
int_08_01,0012,5,742,461,770,695,235.6693,267.8051,83.18
int_08_01,0012,6,770,695,1512,757,744.5858,846.1175,4.78
int_08_01,0012,7,1512,757,1620,891,172.1046,195.5728,51.13
int_08_01,0012,8,1604,998,848,958,757.0575,860.2898,-356.97
int_08_01,0012,9,722,981,761,1211,233.2831,265.0936,80.38
int_08_01,0012,10,761,1211,1533,1294,776.4490,882.3255,6.14
int_08_01,0012,11,1533,1294,1608,1471,192.2342,218.4473,67.04
int_08_01,0012,12,1600,1509,787,1467,814.0841,925.0927,-357.04
int_08_01,0012,13,787,1467,752,1720,255.4095,290.2371,-82.12
int_08_01,0012,14,752,1720,1486,1782,736.6139,837.0585,4.83
int_08_01,0012,15,1486,1782,1586,1916,167.2005,189.9999,53.27
int_08_01,0012,16,1601,1974,1581,2011,42.0595,47.7947,-61.61
int_08_01,0012,17,1567,2020,824,1972,744.5489,846.0755,-356.30
int_08_01,0013,0,765,0,759,150,150.1200,170.5903,-87.71
int_08_01,0013,1,759,150,1422,192,664.3290,754.9169,3.62
int_08_01,0013,2,1534,232,1598,421,199.5420,226.7515,71.29
int_08_01,0013,3,1590,326,1495,456,161.0124,182.9681,-53.84
int_08_01,0013,4,779,450,742,654,207.3282,235.5995,-79.72
int_08_01,0013,5,742,654,1491,716,751.5617,854.0447,4.73
int_08_01,0013,6,1491,716,1594,856,173.8074,197.5077,53.66
int_08_01,0013,7,1594,856,1491,967,151.4265,172.0751,-47.14
int_08_01,0013,8,703,927,733,1163,237.8991,270.3391,82.76
int_08_01,0013,9,733,1163,1416,1210,684.6152,777.9694,3.94
int_08_01,0013,10,1521,1249,1597,1405,173.5281,197.1904,64.03
int_08_01,0013,11,1468,1481,724,1437,745.2999,846.9290,-356.62
int_08_01,0013,12,1574,1445,1470,1490,113.3181,128.7702,-23.40
int_08_01,0013,13,724,1437,721,1651,214.0210,243.2049,-89.20
int_08_01,0013,14,721,1651,1482,1739,766.0711,870.5326,6.60
int_08_01,0013,15,1482,1739,1584,1881,174.8371,198.6778,54.31
int_08_01,0013,16,1584,1881,1483,1987,146.4138,166.3788,-46.38
int_08_01,0013,17,1483,1987,721,1953,762.7582,866.7679,-357.45
int_08_01,0013,18,721,1953,726,2047,94.1329,106.9688,86.96
int_08_01,0014,0,743,0,740,128,128.0352,145.4940,-88.66
int_08_01,0014,1,740,128,1415,172,676.4326,768.6709,3.73
int_08_01,0014,2,1512,208,1568,407,206.7293,234.9189,74.28
int_08_01,0014,3,1589,393,1511,430,86.3308,98.1028,-25.38
int_08_01,0014,4,725,390,724,635,245.0020,278.4105,-89.77
int_08_01,0014,5,724,635,1473,697,751.5617,854.0447,4.73
int_08_01,0014,6,1473,697,1569,835,168.1071,191.0302,55.18
int_08_01,0014,7,1569,835,1483,941,136.4991,155.1121,-50.95
int_08_01,0014,8,718,901,719,1138,237.0021,269.3197,89.76
int_08_01,0014,9,719,1138,1453,1196,736.2880,836.6882,4.52
int_08_01,0014,10,1453,1196,1574,1371,212.7581,241.7698,55.34
int_08_01,0014,11,1574,1371,1462,1449,136.4844,155.0954,-34.85
int_08_01,0014,12,1462,1449,756,1396,707.9866,804.5276,-355.71
int_08_01,0014,13,756,1396,693,1628,240.4017,273.1829,-74.81
int_08_01,0014,14,693,1628,1449,1706,760.0132,863.6486,5.89
int_08_01,0014,15,1449,1706,1558,1850,180.6018,205.2286,52.88
int_08_01,0014,16,1558,1850,1459,1958,146.5094,166.4874,-47.49
int_08_01,0014,17,1459,1958,719,1912,741.4284,842.5295,-356.44
int_08_01,0014,18,719,1912,701,2047,136.1947,154.7662,-82.41
int_08_01,0015,0,753,0,737,144,144.8862,164.6428,-83.66
int_08_01,0015,1,737,144,1397,185,661.2723,751.4433,3.55
int_08_01,0015,2,1518,225,1655,455,267.7107,304.2157,59.22
int_08_01,0015,3,1655,455,760,419,895.7237,1017.8646,-357.70
int_08_01,0015,4,760,419,702,630,218.8264,248.6656,-74.63
int_08_01,0015,5,720,658,1459,716,741.2726,842.3525,4.49
int_08_01,0015,6,1459,716,1605,943,269.8981,306.7014,57.25
int_08_01,0015,7,1605,943,757,918,848.3684,964.0520,-358.31
int_08_01,0015,8,757,918,691,1144,235.4400,267.5446,-73.72
int_08_01,0015,9,707,1169,1455,1231,750.5651,852.9122,4.74
int_08_01,0015,10,1455,1231,1552,1384,181.1574,205.8600,57.63
int_08_01,0015,11,1553,1449,756,1428,797.2766,905.9933,-358.49
int_08_01,0015,12,756,1428,686,1642,225.1577,255.8602,-71.89
int_08_01,0015,13,704,1672,1456,1734,754.5515,857.4422,4.71
int_08_01,0015,14,1456,1734,1552,1881,175.5705,199.5113,56.85
int_08_01,0015,15,1552,1881,1447,1981,145.0000,164.7722,-43.60
int_08_01,0015,16,1447,1981,774,1936,674.5028,766.4780,-356.17
int_08_01,0015,17,774,1936,731,2047,119.0378,135.2698,-68.82
int_12_01,0001,0,2144,51,2206,261,218.9612,248.8187,73.55
int_12_01,0001,1,2111,286,1176,234,936.4449,1064.1385,-356.82
int_12_01,0001,2,2237,248,2142,279,99.9300,113.5564,-18.07
int_12_01,0001,3,1176,234,1048,450,251.0777,285.3146,-59.35
int_12_01,0001,4,2033,500,2192,590,182.7047,207.6183,29.51
int_12_01,0001,5,2192,590,2228,747,161.0745,183.0386,77.09
int_12_01,0001,6,2076,780,1103,754,973.3473,1106.0730,-358.47
int_12_01,0001,7,1103,754,1050,920,174.2556,198.0170,-72.29
int_12_01,0001,8,2133,1017,2224,1229,230.7054,262.1644,66.77
int_12_01,0001,9,1084,1254,1026,1396,153.3884,174.3044,-67.78
int_12_01,0001,10,2163,1498,2247,1674,195.0179,221.6106,64.49
int_12_01,0001,11,2247,1674,1910,1757,347.0706,394.3971,-13.84
int_12_01,0001,12,1910,1757,1053,1708,858.3997,975.4511,-356.73
int_12_01,0001,13,1053,1708,947,1879,201.1890,228.6231,-58.21
int_12_01,0001,14,947,1879,1453,1848,506.9487,576.0762,-3.51
int_12_01,0001,15,1453,1848,1816,2024,403.4167,458.4266,25.87
int_12_01,0001,16,1856,1993,1932,1962,82.0792,93.2716,-22.19
int_12_01,0001,17,2013,1985,2223,2039,216.8317,246.3989,14.42
int_12_01,0002,0,2132,13,2250,211,230.4951,261.9254,59.21
int_12_01,0002,1,1094,251,1062,399,151.4199,172.0676,-77.80
int_12_01,0002,2,2106,495,2245,729,272.1709,309.2841,59.29
int_12_01,0002,3,1105,730,1040,900,182.0027,206.8206,-69.08
int_12_01,0002,4,2093,1008,2222,1219,247.3095,281.0326,58.56
int_12_01,0002,5,1839,1284,1145,1208,698.1490,793.3486,-353.75
int_12_01,0002,6,2222,1219,1839,1284,388.4765,441.4492,-9.63
int_12_01,0002,7,1145,1208,1008,1418,250.7369,284.9274,-56.88
int_12_01,0002,8,2003,1470,2247,1739,363.1763,412.6990,47.79
int_12_01,0002,9,1076,1727,1015,1887,171.2338,194.5832,-69.13
int_12_01,0003,0,1990,63,2025,271,210.9242,239.6858,80.45
int_12_01,0003,1,935,357,984,463,116.7776,132.7014,65.19
int_12_01,0003,2,1930,520,2078,718,247.2003,280.9086,53.22
int_12_01,0003,3,938,769,882,926,166.6883,189.4180,-70.37
int_12_01,0003,4,1778,950,1962,1042,205.7183,233.7700,26.57
int_12_01,0003,5,1962,1042,2103,1261,260.4650,295.9820,57.23
int_12_01,0003,6,918,1277,890,1449,174.2642,198.0268,-80.75
int_12_01,0003,7,1901,1513,2088,1759,309.0065,351.1426,52.76
int_12_01,0003,8,926,1757,863,1932,185.9946,211.3569,-70.20
int_12_01,0004,0,2009,0,2083,193,206.7003,234.8859,69.02
int_12_01,0004,1,888,262,923,386,128.8449,146.4142,74.24
int_12_01,0004,2,1940,455,2084,688,273.9069,311.2569,58.28
int_12_01,0004,3,929,728,927,891,163.0123,185.2406,-89.30
int_12_01,0004,4,1921,959,2077,1184,273.7901,311.1241,55.27
int_12_01,0004,5,917,1232,903,1348,116.8418,132.7743,-83.12
int_12_01,0004,6,1864,1434,2074,1689,330.3407,375.3860,50.53
int_12_01,0004,7,900,1692,846,1847,164.1371,186.5189,-70.79
int_12_01,0004,8,1727,1871,1984,2047,311.4884,353.9629,34.40
int_12_01,0005,0,883,74,868,264,190.5912,216.5802,-85.49
int_12_01,0005,1,1949,360,2061,566,234.4781,266.4516,61.47
int_12_01,0005,2,894,586,871,779,194.3656,220.8693,-83.20
int_12_01,0005,3,1915,848,2059,1080,273.0568,310.2908,58.17
int_12_01,0005,4,858,1141,880,1284,144.6824,164.4113,81.25
int_12_01,0005,5,1910,1359,2047,1588,266.8520,303.2400,59.11
int_12_01,0005,6,899,1628,898,1790,162.0031,184.0938,-89.65
int_12_01,0005,7,1855,1850,2015,2047,253.7893,288.3960,50.92
int_12_01,0006,0,876,0,877,103,103.0049,117.0506,89.44
int_12_01,0006,1,1922,183,2039,406,251.8293,286.1688,62.32
int_12_01,0006,2,909,397,834,559,178.5189,202.8617,-65.16
int_12_01,0006,3,1905,691,2052,927,278.0378,315.9510,58.08
int_12_01,0006,4,871,942,833,1137,198.6681,225.7584,-78.97
int_12_01,0006,5,1891,1211,2028,1443,269.4309,306.1705,59.44
int_12_01,0006,6,869,1462,824,1613,157.5627,179.0479,-73.41
int_12_01,0006,7,1880,1722,2029,1951,273.2069,310.4614,56.95
int_12_01,0007,0,1922,117,2018,318,222.7487,253.1228,64.47
int_12_01,0007,1,882,313,805,491,193.9407,220.3865,-66.61
int_12_01,0007,2,1843,577,2015,821,298.5297,339.2372,54.82
int_12_01,0007,3,905,794,809,969,199.6021,226.8198,-61.25
int_12_01,0007,4,1861,1094,2005,1328,274.7581,312.2241,58.39
int_12_01,0007,5,872,1325,800,1469,160.9969,182.9504,-63.43
int_12_01,0007,6,1867,1616,2009,1854,277.1426,314.9337,59.18
int_12_01,0007,7,842,1866,793,2047,187.5153,213.0849,-74.85
int_12_01,0008,0,1950,0,1952,135,135.0148,153.4254,89.15
int_12_01,0008,1,879,118,790,286,190.1184,216.0429,-62.09
int_12_01,0008,2,1828,378,1971,607,269.9815,306.7962,58.02
int_12_01,0008,3,901,573,790,766,222.6432,253.0028,-60.10
int_12_01,0008,4,1847,863,1995,1096,276.0308,313.6704,57.58
int_12_01,0008,5,857,1098,776,1277,196.4739,223.2651,-65.65
int_12_01,0008,6,1841,1372,1979,1607,272.5234,309.6847,59.58
int_12_01,0008,7,878,1579,789,1776,216.1712,245.6483,-65.69
int_12_01,0008,8,1786,1864,1935,2047,235.9873,268.1665,50.85
int_12_01,0009,0,857,0,822,173,176.5050,200.5732,-78.56
int_12_01,0009,1,1853,268,1930,472,218.0482,247.7812,69.32
int_12_01,0009,2,890,437,782,646,235.2552,267.3346,-62.67
int_12_01,0009,3,1898,791,1929,940,152.1907,172.9434,78.25
int_12_01,0009,4,856,932,755,1106,201.1890,228.6231,-59.87
int_12_01,0009,5,1876,1251,1939,1427,186.9358,212.4264,70.30
int_12_01,0009,6,870,1394,754,1579,218.3598,248.1353,-57.91
int_12_01,0009,7,1820,1685,1960,1914,268.4045,305.0042,58.56
int_12_01,0009,8,823,1915,752,2047,149.8833,170.3214,-61.73
int_12_01,0010,0,1869,85,1988,308,252.7647,287.2317,61.91
int_12_01,0010,1,892,268,784,454,215.0814,244.4099,-59.86
int_12_01,0010,2,1811,568,1984,810,297.4777,338.0418,54.44
int_12_01,0010,3,847,815,774,990,189.6154,215.4714,-67.36
int_12_01,0010,4,1790,1089,1963,1324,291.8116,331.6030,53.64
int_12_01,0010,5,862,1277,753,1481,231.2942,262.8335,-61.88
int_12_01,0010,6,1819,1587,1904,1766,198.1565,225.1771,64.60
int_12_01,0010,7,823,1769,724,1937,195.0000,221.5902,-59.49
int_12_01,0011,0,2074,0,2177,209,233.0021,264.7743,63.76
int_12_01,0011,1,2045,229,1041,204,1004.3112,1141.2591,-358.57
int_12_01,0011,2,1041,204,961,390,202.4747,230.0841,-66.73
int_12_01,0011,3,2042,513,2156,716,232.8197,264.5670,60.68
int_12_01,0011,4,1055,695,957,894,221.8220,252.0696,-63.78
int_12_01,0011,5,1998,984,2153,1216,279.0143,317.0607,56.25
int_12_01,0011,6,1053,1203,963,1432,246.0508,279.6023,-68.54
int_12_01,0011,7,1966,1484,2143,1724,298.2097,338.8735,53.59
int_12_01,0011,8,1019,1748,945,1929,195.5428,222.2071,-67.76
int_12_01,0012,0,1005,0,991,187,187.5233,213.0940,-85.72
int_12_01,0012,1,2013,241,2153,474,271.8253,308.8914,59.00
int_12_01,0012,2,997,493,954,659,171.4789,194.8617,-75.48
int_12_01,0012,3,2005,749,2151,986,278.3613,316.3186,58.37
int_12_01,0012,4,1011,989,929,1174,202.3586,229.9522,-66.10
int_12_01,0012,5,1980,1264,2129,1495,274.8854,312.3688,57.18
int_12_01,0012,6,1021,1481,928,1679,218.7533,248.5825,-64.84
int_12_01,0012,7,1965,1764,2119,1996,278.4601,316.4309,56.42
int_12_01,0013,0,1992,54,2135,290,275.9438,313.5715,58.79
int_12_01,0013,1,1045,260,933,473,240.6512,273.4664,-62.26
int_12_01,0013,2,1983,562,2134,797,279.3313,317.4210,57.28
int_12_01,0013,3,991,804,938,988,191.4811,217.5914,-73.93
int_12_01,0013,4,1972,1072,2120,1308,278.5678,316.5533,57.91
int_12_01,0013,5,965,1330,909,1468,148.9295,169.2375,-67.91
int_12_01,0013,6,1952,1580,2117,1822,292.8976,332.8371,55.71
int_12_01,0013,7,987,1820,896,2007,207.9663,236.3246,-64.05
int_12_01,0014,0,2084,0,2134,81,95.1893,108.1693,58.31
int_12_01,0014,1,1001,73,936,285,221.7408,251.9774,-72.95
int_12_01,0014,2,1966,350,2121,587,283.1855,321.8006,56.81
int_12_01,0014,3,1015,575,911,766,217.4787,247.1341,-61.43
int_12_01,0014,4,1955,862,2105,1104,284.7174,323.5415,58.21
int_12_01,0014,5,1017,1080,899,1286,237.4026,269.7748,-60.20
int_12_01,0014,6,1966,1385,2096,1617,265.9398,302.2034,60.74
int_12_01,0014,7,968,1622,910,1802,189.1137,214.9013,-72.14
int_12_01,0014,8,1891,1875,2039,2047,226.9097,257.8511,49.29
int_12_01,0015,0,1973,148,2101,386,270.2369,307.0864,61.73
int_12_01,0015,1,1017,345,896,533,223.5733,254.0597,-57.23
int_12_01,0015,2,1954,649,2107,888,283.7781,322.4741,57.37
int_12_01,0015,3,979,883,892,1075,210.7914,239.5349,-65.62
int_12_01,0015,4,1936,1164,2088,1401,281.5546,319.9474,57.33
int_12_01,0015,5,987,1390,879,1581,219.4197,249.3398,-60.51
int_12_01,0015,6,1916,1675,2070,1917,286.8449,325.9591,57.53
int_12_01,0015,7,995,1892,885,2047,190.0658,215.9831,-54.64
int_12_01,0016,0,946,0,950,166,166.0482,188.6905,88.62
int_12_01,0016,1,1940,225,2082,476,288.3834,327.7074,60.50
int_12_01,0016,2,1030,435,891,652,257.7014,292.8415,-57.36
int_12_01,0016,3,1916,738,2085,985,299.2825,340.0926,55.62
int_12_01,0016,4,991,950,878,1165,242.8868,276.0068,-62.27
int_12_01,0016,5,1930,1256,2083,1492,281.2561,319.6082,57.04
int_12_01,0016,6,958,1485,869,1680,214.3502,243.5790,-65.47
int_12_01,0016,7,1917,1771,2062,2004,274.4340,311.8558,58.11
int_12_01,0016,8,1576,2008,489,2021,1087.0777,1235.3117,-0.69
int_16_01,0001,0,2125,123,2195,338,226.1084,256.9405,71.97
int_16_01,0001,1,777,290,649,461,213.6001,242.7266,-53.18
int_16_01,0001,2,2115,613,2208,831,237.0084,269.3269,66.90
int_16_01,0001,3,757,796,624,973,221.4001,251.5902,-53.08
int_16_01,0001,4,2114,1077,2213,1291,235.7902,267.9425,65.17
int_16_01,0001,5,712,1296,597,1473,211.0782,239.8608,-56.99
int_16_01,0001,6,2175,1550,2246,1716,180.5464,205.1657,66.84
int_16_01,0001,7,654,1751,540,1918,202.2004,229.7724,-55.68
int_16_01,0001,8,1442,1961,1554,1857,152.8398,173.6810,-42.88
int_16_01,0001,9,540,1918,1396,1909,856.0473,972.7779,-0.60
int_16_01,0001,10,1658,1909,1915,1934,258.2131,293.4230,5.56
int_16_01,0001,11,1976,2005,1839,1958,144.8378,164.5879,-341.06
int_16_01,0002,0,2097,238,2171,425,201.1094,228.5327,68.41
int_16_01,0002,1,793,405,639,603,250.8386,285.0429,-52.13
int_16_01,0002,2,2028,712,2191,962,298.4443,339.1402,56.90
int_16_01,0002,3,752,922,622,1096,217.2004,246.8178,-53.24
int_16_01,0002,4,2042,1202,2214,1458,308.4153,350.4708,56.10
int_16_01,0002,5,730,1430,607,1622,228.0197,259.1125,-57.36
int_16_01,0002,6,2066,1698,2196,1921,258.1259,293.3240,59.76
int_16_01,0002,7,687,1924,601,2047,150.0833,170.5487,-55.04
int_16_01,0003,0,2065,59,2194,306,278.6575,316.6552,62.42
int_16_01,0003,1,783,268,615,455,251.3822,285.6607,-48.06
int_16_01,0003,2,1987,526,2200,771,324.6444,368.9129,49.00
int_16_01,0003,3,731,751,637,961,230.0782,261.4517,-65.89
int_16_01,0003,4,1947,1016,2173,1251,326.0383,370.4969,46.12
int_16_01,0003,5,773,1230,628,1467,277.8381,315.7241,-58.54
int_16_01,0003,6,1987,1529,2173,1756,293.4706,333.4883,50.67
int_16_01,0003,7,730,1744,611,1954,241.3732,274.2868,-60.46
int_16_01,0004,0,695,62,642,249,194.3656,220.8693,-74.18
int_16_01,0004,1,1956,293,2169,533,320.8878,364.6441,48.41
int_16_01,0004,2,720,549,635,745,213.6375,242.7692,-66.55
int_16_01,0004,3,1931,800,2209,1057,378.5934,430.2185,42.75
int_16_01,0004,4,752,1045,582,1235,254.9510,289.7161,-48.18
int_16_01,0004,5,1973,1309,2190,1563,334.0733,379.6276,49.49
int_16_01,0004,6,717,1522,597,1711,223.8772,254.4051,-57.59
int_16_01,0004,7,1989,1807,2129,2047,277.8489,315.7364,59.74
int_16_01,0005,0,2038,61,2141,306,265.7706,302.0111,67.20
int_16_01,0005,1,739,266,610,439,215.8008,245.2274,-53.29
int_16_01,0005,2,1995,550,2153,800,295.7431,336.0707,57.71
int_16_01,0005,3,677,814,598,975,179.3377,203.7922,-63.86
int_16_01,0005,4,1926,1051,2135,1303,327.3912,372.0343,50.33
int_16_01,0005,5,691,1308,592,1479,197.5905,224.5339,-59.93
int_16_01,0005,6,1935,1566,2172,1822,348.8624,396.4333,47.21
int_16_01,0005,7,724,1802,555,1994,255.7831,290.6617,-48.65
int_16_01,0006,0,727,0,600,199,236.0720,268.2628,-57.45
int_16_01,0006,1,2008,300,2206,557,324.4272,368.6661,52.39
int_16_01,0006,2,732,504,591,718,256.2752,291.2209,-56.62
int_16_01,0006,3,1984,802,2179,1066,328.2088,372.9633,53.55
int_16_01,0006,4,712,1027,587,1228,236.6981,268.9743,-58.12
int_16_01,0006,5,1963,1308,2149,1568,319.6811,363.2728,54.42
int_16_01,0006,6,653,1575,570,1735,180.2471,204.8255,-62.58
int_16_01,0006,7,1897,1810,2108,2047,317.3169,360.5862,48.32
int_16_01,0007,0,2279,0,2360,139,160.8788,182.8163,59.77
int_16_01,0007,1,929,91,775,309,266.9082,303.3038,-54.76
int_16_01,0007,2,2129,374,2304,628,308.4493,350.5095,55.43
int_16_01,0007,3,923,611,773,815,253.2114,287.7393,-53.67
int_16_01,0007,4,2147,880,2373,1154,355.1788,403.6110,50.48
int_16_01,0007,5,910,1117,760,1337,266.2705,302.5792,-55.71
int_16_01,0007,6,2142,1407,2380,1671,355.4434,403.9116,47.96
int_16_01,0007,7,913,1638,761,1851,261.6735,297.3553,-54.49
int_16_01,0008,0,835,0,790,169,174.8885,198.7363,-75.09
int_16_01,0008,1,2155,224,2282,454,262.7337,298.5601,61.09
int_16_01,0008,2,872,435,734,643,249.6157,283.6533,-56.44
int_16_01,0008,3,2096,715,2339,970,352.2414,400.2730,46.38
int_16_01,0008,4,902,933,739,1151,272.2003,309.3175,-53.21
int_16_01,0008,5,2112,1218,2341,1478,346.4693,393.7139,48.63
int_16_01,0008,6,895,1456,738,1654,252.6915,287.1485,-51.59
int_16_01,0008,7,2108,1720,2339,1991,356.0927,404.6495,49.56
int_16_01,0008,8,879,1959,825,2047,103.2473,117.3261,-58.47
int_16_01,0009,0,2202,120,2255,332,218.5246,248.3226,75.96
int_16_01,0009,1,833,299,699,476,222.0023,252.2745,-52.87
int_16_01,0009,2,2171,568,2239,797,238.8828,271.4569,73.46
int_16_01,0009,3,825,779,740,943,184.7187,209.9069,-62.60
int_16_01,0009,4,2087,1019,2249,1270,298.7390,339.4751,57.16
int_16_01,0009,5,846,1245,696,1431,238.9477,271.5306,-51.12
int_16_01,0009,6,2084,1527,2308,1767,328.2926,373.0585,46.97
int_16_01,0009,7,868,1742,715,1977,280.4175,318.6553,-56.93
int_16_01,0010,0,2232,0,2313,139,160.8788,182.8163,59.77
int_16_01,0010,1,845,87,715,303,252.1032,286.4799,-58.96
int_16_01,0010,2,2053,370,2314,637,373.3765,424.2901,45.65
int_16_01,0010,3,836,588,679,806,268.6503,305.2835,-54.24
int_16_01,0010,4,2088,850,2242,1099,292.7747,332.6974,58.26
int_16_01,0010,5,805,1087,670,1276,232.2628,263.9341,-54.46
int_16_01,0010,6,2090,1322,2227,1563,277.2183,315.0198,60.38
int_16_01,0010,7,796,1566,712,1744,196.8248,223.6638,-64.74
int_16_01,0010,8,2065,1807,2221,2047,286.2447,325.2770,56.98
int_16_01,0011,0,2137,98,2300,342,293.4365,333.4495,56.26
int_16_01,0011,1,870,277,693,487,274.6434,312.0938,-49.87
int_16_01,0011,2,2089,590,2294,851,331.8825,377.1380,51.85
int_16_01,0011,3,829,806,675,997,245.3508,278.8068,-51.12
int_16_01,0011,4,2056,1092,2285,1353,347.2204,394.5674,48.74
int_16_01,0011,5,813,1311,650,1527,270.6012,307.5004,-52.96
int_16_01,0011,6,2060,1567,2218,1815,294.0544,334.1517,57.50
int_16_01,0011,7,780,1806,651,2006,237.9937,270.4465,-57.18
int_16_01,0012,0,773,0,701,204,216.3331,245.8323,-70.56
int_16_01,0012,1,2071,270,2274,517,319.7155,363.3119,50.58
int_16_01,0012,2,819,468,671,693,269.3121,306.0355,-56.66
int_16_01,0012,3,2082,779,2285,1029,322.0388,365.9520,50.92
int_16_01,0012,4,841,975,670,1208,289.0156,328.4257,-53.72
int_16_01,0012,5,2057,1289,2268,1543,330.2075,375.2346,50.28
int_16_01,0012,6,797,1504,656,1720,257.9477,293.1214,-56.86
int_16_01,0012,7,1995,1785,2258,2047,371.2317,421.8529,44.89
int_16_01,0013,0,2191,0,2267,151,169.0473,192.0986,63.28
int_16_01,0013,1,807,96,676,312,252.6203,287.0676,-58.76
int_16_01,0013,2,2094,387,2295,646,327.8445,372.5493,52.19
int_16_01,0013,3,773,621,661,818,226.6120,257.5128,-60.38
int_16_01,0013,4,2056,902,2254,1155,321.2678,365.0759,51.95
int_16_01,0013,5,800,1114,644,1332,268.0672,304.6208,-54.41
int_16_01,0013,6,2059,1421,2248,1673,315.0000,357.9534,53.13
int_16_01,0013,7,819,1620,645,1850,288.4025,327.7291,-52.89
int_16_01,0013,8,2012,1926,2143,2047,178.3312,202.6484,42.73
int_16_01,0014,0,2227,0,2269,61,74.0608,84.1597,55.45
int_16_01,0014,1,823,0,690,261,292.9334,332.8778,-63.00
int_16_01,0014,2,2087,323,2258,570,300.4164,341.3812,55.30
int_16_01,0014,3,793,519,656,739,259.1698,294.5102,-58.09
int_16_01,0014,4,2078,814,2276,1074,326.8088,371.3725,52.71
int_16_01,0014,5,756,1048,642,1245,227.6071,258.6436,-59.94
int_16_01,0014,6,2011,1324,2237,1580,341.4850,388.0499,48.56
int_16_01,0014,7,780,1540,627,1763,270.4404,307.3176,-55.55
int_16_01,0014,8,2028,1845,2181,2047,253.4028,287.9569,52.86
int_16_01,0015,0,2090,79,2185,234,181.7966,206.5864,58.50
int_16_01,0015,1,2185,234,2119,315,104.4844,118.7319,-50.83
int_16_01,0015,2,789,246,640,460,260.7623,296.3199,-55.15
int_16_01,0015,3,2027,528,2201,806,327.9634,372.6845,57.96
int_16_01,0015,4,735,781,619,987,236.4149,268.6524,-60.62
int_16_01,0015,5,2004,1067,2218,1318,329.8439,374.8214,49.55
int_16_01,0015,6,782,1255,617,1495,291.2473,330.9618,-55.49
int_16_01,0015,7,2005,1572,2209,1829,328.1235,372.8664,51.56
int_16_01,0015,8,743,1783,601,2002,261.0077,296.5987,-57.04
int_16_01,0016,0,2079,115,2220,352,275.7716,313.3759,59.25
int_16_01,0016,1,759,293,600,491,253.9390,288.5661,-51.23
int_16_01,0016,2,1997,595,2207,859,337.3366,383.3358,51.50
int_16_01,0016,3,757,795,583,1004,271.9504,309.0335,-50.22
int_16_01,0016,4,2057,1150,2165,1355,231.7089,263.3047,62.22
int_16_01,0016,5,764,1307,596,1514,266.5952,302.9481,-50.94
int_16_01,0016,6,1985,1581,2194,1858,347.0014,394.3186,52.96
int_16_01,0016,7,707,1838,582,2047,243.5282,276.7357,-59.12
int_16_01,0017,0,1344,0,978,0,366.0000,415.9078,0.00
int_16_01,0017,1,1593,0,1523,8,70.4557,80.0630,-6.52
int_16_01,0017,2,1898,20,1612,0,286.6984,325.7926,-356.00
int_16_01,0017,3,1949,36,1825,35,124.0040,140.9132,-359.54
int_16_01,0017,4,1390,38,1448,43,58.2151,66.1533,4.93
int_16_01,0017,5,1200,70,315,18,886.5264,1007.4131,-356.64
int_16_01,0017,6,1168,49,1224,49,56.0000,63.6362,0.00
int_16_01,0017,7,1498,57,1588,56,90.0056,102.2787,-0.64
int_16_01,0017,8,1079,57,1133,70,55.5428,63.1166,13.54
int_16_01,0017,9,2282,40,2428,89,154.0032,175.0031,18.55
int_16_01,0017,10,315,27,1316,103,1003.8810,1140.7702,4.34
int_16_01,0017,11,1881,72,1926,61,46.3249,52.6418,-13.74
int_16_01,0017,12,1636,91,1954,57,319.8124,363.4221,-6.10
int_16_01,0017,13,2428,89,2232,114,197.5880,224.5310,-7.27
int_16_01,0017,14,2079,117,2221,381,299.7666,340.6427,61.73
int_16_01,0017,15,770,352,612,555,257.2411,292.3185,-52.11
int_16_01,0017,16,2030,631,2204,898,318.6926,362.1496,56.91
int_16_01,0017,17,746,855,589,1065,262.2003,297.9539,-53.22
int_16_01,0017,18,2007,1149,2190,1408,317.1277,360.3713,54.76
int_16_01,0017,19,743,1355,569,1572,278.1456,316.0736,-51.28
int_16_01,0017,20,1989,1655,2177,1904,312.0016,354.5461,52.95
int_16_01,0017,21,748,1863,589,2047,243.1810,276.3412,-49.17
int_20_01,0001,0,2324,225,2428,446,244.2478,277.5535,64.80
int_20_01,0001,1,698,386,579,553,205.0610,233.0231,-54.53
int_20_01,0001,2,2306,707,2489,947,301.8095,342.9643,52.67
int_20_01,0001,3,725,884,628,1091,228.6001,259.7720,-64.89
int_20_01,0001,4,2329,1190,2455,1413,256.1347,291.0613,60.53
int_20_01,0001,5,664,1397,574,1573,197.6765,224.6317,-62.92
int_20_01,0001,6,2295,1625,2454,1711,180.7678,205.4173,28.41
int_20_01,0001,7,592,1870,500,2047,199.4818,226.6832,-62.54
int_20_01,0001,8,1532,1923,1757,1995,236.2393,268.4529,17.74
int_20_01,0001,9,1165,2045,1372,1958,224.5395,255.1577,-22.80
int_20_01,0002,0,2321,147,2381,396,256.1269,291.0524,76.45
int_20_01,0002,1,680,326,576,516,216.6010,246.1367,-61.31
int_20_01,0002,2,2245,617,2476,872,344.0727,390.9904,47.83
int_20_01,0002,3,668,844,591,1031,202.2325,229.8090,-67.62
int_20_01,0002,4,2162,1108,2416,1362,359.2102,408.1922,45.00
int_20_01,0002,5,668,1312,553,1512,230.7054,262.1644,-60.10
int_20_01,0002,6,2267,1629,2457,1863,301.4233,342.5254,50.92
int_20_01,0002,7,699,1808,614,2047,253.6651,288.2549,-70.42
int_20_01,0003,0,2322,0,2469,233,275.4959,313.0625,57.75
int_20_01,0003,1,676,167,555,394,257.2353,292.3119,-61.94
int_20_01,0003,2,2284,487,2463,729,301.0066,342.0519,53.51
int_20_01,0003,3,695,665,572,868,237.3563,269.7222,-58.79
int_20_01,0003,4,2219,961,2458,1225,356.1137,404.6734,47.85
int_20_01,0003,5,647,1172,542,1359,214.4621,243.7062,-60.69
int_20_01,0003,6,2211,1461,2448,1707,341.5919,388.1713,46.07
int_20_01,0003,7,645,1687,557,1894,224.9289,255.6002,-66.97
int_20_01,0004,0,654,0,574,151,170.8830,194.1846,-62.09
int_20_01,0004,1,2229,237,2455,489,338.4967,384.6541,48.11
int_20_01,0004,2,651,442,553,624,206.7075,234.8942,-61.70
int_20_01,0004,3,2208,724,2451,982,354.4192,402.7479,46.71
int_20_01,0004,4,659,922,521,1134,252.9585,287.4519,-56.94
int_20_01,0004,5,2249,1241,2436,1481,304.2515,345.7393,52.08
int_20_01,0004,6,682,1424,540,1623,244.4688,277.8046,-54.49
int_20_01,0004,7,2191,1717,2427,1977,351.1353,399.0161,47.77
int_20_01,0004,8,618,1927,532,2047,147.6347,167.7661,-54.37
int_20_01,0005,0,2263,143,2367,355,236.1356,268.3350,63.87
int_20_01,0005,1,625,379,543,513,157.0987,178.5207,-58.54
int_20_01,0005,2,2185,616,2435,890,370.9124,421.4900,47.62
int_20_01,0005,3,654,891,541,1089,227.9759,259.0627,-60.29
int_20_01,0005,4,2089,1114,2441,1391,447.9208,508.9992,38.20
int_20_01,0005,5,629,1385,536,1570,207.0604,235.2951,-63.31
int_20_01,0005,6,2191,1638,2439,1887,351.4328,399.3542,45.12
int_20_01,0005,7,642,1862,520,2047,221.6055,251.8236,-56.60
int_20_01,0006,0,2336,0,2411,117,138.9748,157.9254,57.34
int_20_01,0006,1,605,125,546,330,213.3214,242.4099,-73.94
int_20_01,0006,2,2146,356,2417,626,382.5454,434.7093,44.89
int_20_01,0006,3,603,665,531,819,170.0000,193.1812,-64.94
int_20_01,0006,4,2110,854,2426,1136,423.5328,481.2857,41.75
int_20_01,0006,5,610,1145,542,1316,184.0245,209.1180,-68.31
int_20_01,0006,6,2168,1378,2428,1644,371.9624,422.6832,45.65
int_20_01,0006,7,646,1657,528,1853,228.7794,259.9757,-58.95
int_20_01,0006,8,2073,1878,2341,2047,316.8359,360.0397,32.24
int_20_01,0006,9,2474,2034,2838,2034,364.0000,413.6350,0.00
int_20_01,0007,0,2192,93,2392,335,313.9490,356.7591,50.43
int_20_01,0007,1,611,319,515,524,226.3647,257.2318,-64.91
int_20_01,0007,2,2116,583,2400,851,390.4869,443.7337,43.34
int_20_01,0007,3,593,863,525,1043,192.4162,218.6541,-69.30
int_20_01,0007,4,2133,1098,2405,1362,379.0514,430.7389,44.14
int_20_01,0007,5,595,1406,516,1561,173.9713,197.6940,-62.99
int_20_01,0007,6,2096,1596,2373,1801,344.6070,391.5976,36.50
int_20_01,0007,7,593,1885,529,2047,174.1838,197.9355,-68.44
int_20_01,0008,0,586,0,520,184,195.4789,222.1344,-70.27
int_20_01,0008,1,2206,237,2382,471,292.8003,332.7265,53.05
int_20_01,0008,2,564,468,468,675,228.1776,259.2919,-65.12
int_20_01,0008,3,2134,701,2385,969,367.1852,417.2546,46.88
int_20_01,0008,4,607,949,499,1158,235.2552,267.3346,-62.67
int_20_01,0008,5,2115,1220,2390,1481,379.1385,430.8378,43.50
int_20_01,0008,6,586,1498,514,1677,192.9378,219.2468,-68.09
int_20_01,0008,7,2124,1732,2392,1991,372.6996,423.5209,44.02
int_20_01,0009,0,2284,0,2307,176,177.4965,201.6999,82.55
int_20_01,0009,1,572,156,457,343,219.5313,249.4666,-58.41
int_20_01,0009,2,2215,409,2317,611,226.2918,257.1490,63.21
int_20_01,0009,3,595,622,488,819,224.1830,254.7525,-61.49
int_20_01,0009,4,2172,876,2374,1119,315.9953,359.0844,50.26
int_20_01,0009,5,561,1120,451,1307,216.9539,246.5377,-59.53
int_20_01,0009,6,2121,1354,2366,1621,362.3727,411.7859,47.46
int_20_01,0009,7,601,1601,487,1809,237.1919,269.5354,-61.27
int_20_01,0009,8,2092,1870,2306,2047,277.7139,315.5829,39.59
int_20_01,0010,0,611,42,569,244,206.3201,234.4540,-78.25
int_20_01,0010,1,2198,302,2387,537,301.5725,342.6950,51.19
int_20_01,0010,2,568,517,486,737,234.7850,266.8003,-69.56
int_20_01,0010,3,2211,792,2321,983,220.4110,250.4662,60.06
int_20_01,0010,4,554,999,437,1184,218.8927,248.7409,-57.69
int_20_01,0010,5,2199,1255,2297,1456,223.6180,254.1105,64.01
int_20_01,0010,6,580,1467,458,1654,223.2779,253.7240,-56.88
int_20_01,0010,7,2154,1721,2357,1957,311.2957,353.7440,49.30
int_20_01,0011,0,2207,111,2363,365,298.0805,338.7268,58.44
int_20_01,0011,1,577,335,471,507,202.0396,229.5897,-58.36
int_20_01,0011,2,2193,618,2368,872,308.4493,350.5095,55.43
int_20_01,0011,3,608,871,538,1029,172.8120,196.3767,-66.10
int_20_01,0011,4,2184,1134,2368,1370,299.2524,340.0585,52.06
int_20_01,0011,5,555,1351,452,1547,221.4159,251.6082,-62.28
int_20_01,0011,6,2195,1624,2298,1828,228.5279,259.6900,63.21
int_20_01,0011,7,538,1831,427,2028,226.1194,256.9531,-60.60
int_20_01,0012,0,555,66,485,254,200.6091,227.9641,-69.58
int_20_01,0012,1,2166,352,2357,596,309.8661,352.1194,51.95
int_20_01,0012,2,547,584,470,777,207.7932,236.1278,-68.25
int_20_01,0012,3,2162,856,2362,1116,328.0244,372.7538,52.43
int_20_01,0012,4,564,1095,463,1294,223.1636,253.5942,-63.09
int_20_01,0012,5,2180,1379,2353,1628,303.1996,344.5439,55.21
int_20_01,0012,6,594,1630,528,1810,191.7185,217.8613,-69.86
int_20_01,0012,7,2169,1894,2289,2047,194.4454,220.9599,51.89
int_20_01,0013,0,2208,92,2361,335,287.1550,326.3115,57.80
int_20_01,0013,1,572,302,442,533,265.0679,301.2126,-60.63
int_20_01,0013,2,2193,600,2365,840,295.2694,335.5323,54.37
int_20_01,0013,3,546,824,465,1015,207.4657,235.7557,-67.02
int_20_01,0013,4,2146,1099,2350,1349,322.6701,366.6694,50.79
int_20_01,0013,5,534,1343,456,1538,210.0214,238.6599,-68.20
int_20_01,0013,6,2147,1616,2352,1867,324.0772,368.2683,50.76
int_20_01,0013,7,551,1852,452,2047,218.6916,248.5123,-63.08
int_20_01,0014,0,2382,0,2441,105,120.4409,136.8642,60.67
int_20_01,0014,1,670,63,570,309,265.5485,301.7587,-67.88
int_20_01,0014,2,2201,344,2462,605,369.1097,419.4415,45.00
int_20_01,0014,3,656,582,556,790,230.7899,262.2605,-64.32
int_20_01,0014,4,2263,863,2456,1112,315.0397,357.9985,52.22
int_20_01,0014,5,660,1087,526,1304,255.0392,289.8164,-58.30
int_20_01,0014,6,2285,1389,2442,1625,283.4519,322.1034,56.37
int_20_01,0014,7,631,1608,547,1799,208.6552,237.1074,-66.26
int_20_01,0014,8,2196,1880,2361,2047,234.7637,266.7761,45.35
int_20_01,0015,0,2268,197,2441,440,298.2918,338.9669,54.55
int_20_01,0015,1,661,405,526,623,256.4157,291.3805,-58.23
int_20_01,0015,2,2195,689,2431,945,348.1839,395.6622,47.33
int_20_01,0015,3,674,911,539,1132,258.9710,294.2843,-58.58
int_20_01,0015,4,2242,1203,2443,1455,322.3430,366.2977,51.42
int_20_01,0015,5,647,1435,538,1641,233.0601,264.8402,-62.12
int_20_01,0015,6,2240,1712,2438,1956,314.2292,357.0775,50.94
int_20_01,0015,7,645,1938,580,2047,126.9094,144.2148,-59.19
int_20_01,0016,0,639,0,564,137,156.1858,177.4833,-61.30
int_20_01,0016,1,2246,217,2428,471,312.4740,355.0830,54.38
int_20_01,0016,2,683,435,546,651,255.7831,290.6617,-57.61
int_20_01,0016,3,2229,728,2432,979,322.8157,366.8349,51.04
int_20_01,0016,4,657,951,529,1159,244.2294,277.5325,-58.39
int_20_01,0016,5,2233,1235,2427,1485,316.4427,359.5929,52.19
int_20_01,0016,6,651,1457,503,1673,261.8396,297.5441,-55.58
int_20_01,0016,7,2201,1742,2411,1987,322.6841,366.6853,49.40
int_20_01,0017,0,566,0,645,114,138.6975,157.6103,55.28
int_20_01,0017,1,2246,128,2412,436,349.8857,397.5961,61.68
int_20_01,0017,2,676,384,531,562,229.5844,260.8905,-50.83
int_20_01,0017,3,2221,659,2424,922,332.2318,377.5350,52.34
int_20_01,0017,4,671,879,524,1075,245.0000,278.4082,-53.13
int_20_01,0017,5,2235,1181,2423,1425,308.0260,350.0284,52.39
int_20_01,0017,6,641,1398,519,1608,242.8662,275.9835,-59.85
int_20_01,0017,7,2198,1681,2418,1929,331.5177,376.7235,48.42
int_20_01,0017,8,640,1899,530,2047,184.4017,209.5468,-53.38
int_24_01,0001,0,2436,79,2497,294,223.4860,253.9606,74.16
int_24_01,0001,1,421,254,344,431,193.0233,219.3440,-66.49
int_24_01,0001,2,2376,549,2510,800,284.5294,323.3279,61.90
int_24_01,0001,3,419,733,334,909,195.4508,222.1024,-64.22
int_24_01,0001,4,2389,1038,2524,1262,261.5358,297.1989,58.92
int_24_01,0001,5,405,1235,301,1442,231.6571,263.2458,-63.32
int_24_01,0001,6,2459,1516,2570,1666,186.6039,212.0492,53.50
int_24_01,0001,7,366,1719,288,1906,202.6154,230.2440,-67.36
int_24_01,0002,0,2451,177,2505,399,228.4732,259.6278,76.33
int_24_01,0002,1,999,432,409,342,596.8249,678.2080,-351.33
int_24_01,0002,2,409,342,327,518,194.1649,220.6412,-65.02
int_24_01,0002,3,2403,657,2511,883,250.4795,284.6349,64.46
int_24_01,0002,4,425,846,343,1034,205.1049,233.0729,-66.43
int_24_01,0002,5,2355,1139,2532,1367,288.6399,327.9989,52.18
int_24_01,0002,6,419,1326,352,1538,222.3353,252.6530,-72.46
int_24_01,0002,7,2397,1634,2534,1835,243.2488,276.4183,55.72
int_24_01,0002,8,408,1827,310,2047,240.8402,273.6812,-65.99
int_24_01,0003,0,2391,160,2519,374,249.3592,283.3618,59.12
int_24_01,0003,1,384,360,317,550,201.4671,228.9392,-70.58
int_24_01,0003,2,2335,635,2518,885,309.8209,352.0681,53.80
int_24_01,0003,3,372,851,307,1042,201.7573,229.2689,-71.21
int_24_01,0003,4,2378,1152,2513,1361,248.8092,282.7368,57.14
int_24_01,0003,5,978,1432,381,1337,604.5114,686.9425,-350.96
int_24_01,0003,6,381,1337,315,1544,217.2671,246.8937,-72.32
int_24_01,0003,7,2383,1654,2509,1846,229.6519,260.9672,56.73
int_24_01,0003,8,396,1841,348,2039,203.7351,231.5164,-76.37
int_24_01,0004,0,352,0,327,142,144.1839,163.8448,-80.02
int_24_01,0004,1,2382,220,2496,442,249.5596,283.5896,62.82
int_24_01,0004,2,402,398,303,617,240.3373,273.1097,-65.67
int_24_01,0004,3,2327,715,2498,946,287.4056,326.5963,53.49
int_24_01,0004,4,386,913,304,1118,220.7918,250.8989,-68.20
int_24_01,0004,5,2326,1216,2497,1443,284.2006,322.9542,53.01
int_24_01,0004,6,376,1431,291,1622,209.0598,237.5672,-66.01
int_24_01,0004,7,2309,1707,2491,1948,302.0017,343.1826,52.94
int_24_01,0004,8,352,1921,296,2047,137.8840,156.6859,-66.04
int_24_01,0005,0,2390,109,2501,291,213.1783,242.2473,58.62
int_24_01,0005,1,401,291,302,468,202.8053,230.4599,-60.78
int_24_01,0005,2,2361,607,2468,873,286.7141,325.8105,68.09
int_24_01,0005,3,382,810,278,992,209.6187,238.2023,-60.26
int_24_01,0005,4,2311,1111,2489,1348,296.4001,336.8172,53.09
int_24_01,0005,5,373,1311,286,1526,231.9353,263.5620,-67.97
int_24_01,0005,6,2298,1623,2483,1850,292.8378,332.7692,50.82
int_24_01,0005,7,375,1821,296,2047,239.4097,272.0556,-70.73
int_24_01,0006,0,2426,0,2461,192,195.1640,221.7766,79.67
int_24_01,0006,1,372,148,305,344,207.1352,235.3802,-71.13
int_24_01,0006,2,2331,444,2502,699,307.0277,348.8940,56.15
int_24_01,0006,3,401,643,293,858,240.6013,273.4097,-63.33
int_24_01,0006,4,2277,944,2509,1208,351.4541,399.3784,48.69
int_24_01,0006,5,395,1164,297,1369,227.2202,258.2039,-64.45
int_24_01,0006,6,2336,1470,2468,1717,280.0589,318.2478,61.88
int_24_01,0006,7,377,1682,267,1881,227.3785,258.3839,-61.07
int_24_01,0007,0,301,0,377,146,164.5965,187.0409,62.50
int_24_01,0007,1,2362,218,2462,442,245.3080,278.7582,65.94
int_24_01,0007,2,358,420,283,620,213.6001,242.7266,-69.44
int_24_01,0007,3,2295,699,2456,948,296.5164,336.9494,57.11
int_24_01,0007,4,355,920,279,1121,214.8883,244.1905,-69.29
int_24_01,0007,5,2327,1229,2485,1477,294.0544,334.1517,57.50
int_24_01,0007,6,367,1422,275,1639,235.6968,267.8365,-67.02
int_24_01,0007,7,2256,1729,2456,1969,312.4100,355.0102,50.19
int_24_01,0007,8,367,1939,312,2047,121.1982,137.7248,-63.01
int_24_01,0008,0,2391,134,2480,299,187.4727,213.0364,61.66
int_24_01,0008,1,2480,299,2374,365,124.8679,141.8949,-31.91
int_24_01,0008,2,327,322,247,475,172.6528,196.1958,-62.40
int_24_01,0008,3,2339,596,2433,834,255.8906,290.7838,68.45
int_24_01,0008,4,317,804,238,957,172.1918,195.6718,-62.69
int_24_01,0008,5,2327,1088,2469,1331,281.4480,319.8263,59.70
int_24_01,0008,6,338,1298,261,1496,212.4453,241.4143,-68.75
int_24_01,0008,7,2277,1579,2467,1836,319.6076,363.1893,53.52
int_24_01,0008,8,340,1796,270,2026,240.4163,273.1995,-73.07
int_24_01,0009,0,2452,140,2509,234,109.9318,124.9221,58.77
int_24_01,0009,1,361,197,265,408,231.8124,263.4224,-65.54
int_24_01,0009,2,2346,511,2444,714,225.4174,256.1553,64.23
int_24_01,0009,3,324,693,217,885,219.8022,249.7744,-60.87
int_24_01,0009,4,2358,978,2464,1148,200.3397,227.6580,58.06
int_24_01,0009,5,309,1175,236,1347,186.8502,212.3291,-67.00
int_24_01,0009,6,2320,1450,2431,1666,242.8518,275.9671,62.80
int_24_01,0009,7,300,1657,237,1830,184.1141,209.2199,-69.99
int_24_01,0010,0,312,0,303,228,228.1776,259.2919,-87.74
int_24_01,0010,1,2339,312,2506,544,285.8549,324.8340,54.25
int_24_01,0010,2,352,487,257,699,232.3123,263.9904,-65.86
int_24_01,0010,3,2327,816,2505,1055,298.0017,338.6372,53.32
int_24_01,0010,4,346,994,243,1204,233.8996,265.7941,-63.87
int_24_01,0010,5,2322,1309,2426,1509,225.4240,256.1629,62.53
int_24_01,0010,6,318,1491,199,1681,224.1897,254.7602,-57.94
int_24_01,0010,7,2320,1770,2431,1970,228.7378,259.9285,60.97
int_24_01,0011,0,2378,0,2518,230,269.2582,305.9743,58.67
int_24_01,0011,1,363,183,274,390,225.3220,256.0469,-66.73
int_24_01,0011,2,2316,497,2501,743,307.8003,349.7719,53.06
int_24_01,0011,3,355,693,253,899,229.8695,261.2145,-63.66
int_24_01,0011,4,2303,1009,2496,1247,306.4196,348.2030,50.96
int_24_01,0011,5,329,1206,252,1438,244.4443,277.7767,-71.64
int_24_01,0011,6,2310,1525,2489,1763,297.8003,338.4083,53.05
int_24_01,0011,7,344,1709,236,1932,247.7761,281.5629,-64.16
int_24_01,0012,0,2340,180,2517,420,298.2097,338.8735,53.59
int_24_01,0012,1,318,372,250,573,212.1910,241.1253,-71.31
int_24_01,0012,2,2327,681,2507,926,304.0148,345.4703,53.70
int_24_01,0012,3,335,876,251,1088,228.0351,259.1299,-68.39
int_24_01,0012,4,2296,1195,2419,1427,262.5890,298.3957,62.07
int_24_01,0012,5,317,1390,228,1596,224.4037,255.0033,-66.63
int_24_01,0012,6,2289,1709,2479,1945,302.9785,344.2927,51.16
int_24_01,0012,7,320,1897,229,2047,175.4451,199.3688,-58.76
int_24_01,0013,0,2651,0,2766,194,225.5238,256.2763,59.34
int_24_01,0013,1,578,150,503,349,212.6641,241.6629,-69.35
int_24_01,0013,2,2586,457,2762,703,302.4764,343.7221,54.42
int_24_01,0013,3,578,656,482,854,220.0454,250.0508,-64.13
int_24_01,0013,4,2560,967,2741,1207,300.6011,341.5910,52.98
int_24_01,0013,5,562,1164,490,1399,245.7824,279.2973,-72.97
int_24_01,0013,6,2538,1473,2736,1720,316.5644,359.7311,51.28
int_24_01,0013,7,564,1678,476,1904,242.5283,275.5995,-68.73
int_24_01,0014,0,569,0,506,216,225.0000,255.6810,-73.74
int_24_01,0014,1,2587,310,2741,534,271.8308,308.8977,55.49
int_24_01,0014,2,602,469,484,689,249.6478,283.6897,-61.79
int_24_01,0014,3,2547,792,2743,1044,319.2491,362.7819,52.13
int_24_01,0014,4,575,990,485,1195,223.8861,254.4152,-66.30
int_24_01,0014,5,2550,1300,2734,1551,311.2186,353.6563,53.76
int_24_01,0014,6,570,1499,470,1700,224.5017,255.1147,-63.55
int_24_01,0014,7,2558,1809,2731,2047,294.2329,334.3545,53.99
int_24_01,0015,0,2555,153,2634,397,256.4703,291.4426,72.06
int_24_01,0015,1,727,281,481,510,336.0908,381.9201,-42.95
int_24_01,0015,2,2538,640,2690,898,299.4462,340.2786,59.50
int_24_01,0015,3,591,827,456,1022,237.1708,269.5114,-55.30
int_24_01,0015,4,2550,1163,2722,1398,291.2198,330.9306,53.80
int_24_01,0015,5,577,1334,458,1521,221.6529,251.8775,-57.53
int_24_01,0015,6,2530,1655,2728,1898,313.4533,356.1958,50.83
int_24_01,0015,7,565,1851,471,2047,217.3753,247.0165,-64.38
int_28_01,0001,0,2735,88,2818,336,261.5206,297.1815,71.50
int_28_01,0001,1,422,261,299,431,209.8309,238.4434,-54.11
int_28_01,0001,2,2687,577,2795,834,278.7705,316.7837,67.21
int_28_01,0001,3,444,746,260,964,285.2718,324.1715,-49.83
int_28_01,0001,4,2715,1065,2856,1292,267.2265,303.6655,58.15
int_28_01,0001,5,414,1222,239,1463,297.8355,338.4484,-54.02
int_28_01,0001,6,2594,1536,2860,1699,311.9695,354.5097,31.50
int_28_01,0001,7,309,1711,172,1900,233.4309,265.2616,-54.06
int_28_01,0002,0,2731,181,2892,429,295.6772,335.9957,57.01
int_28_01,0002,1,399,363,307,537,196.8248,223.6638,-62.13
int_28_01,0002,2,2679,667,2859,925,314.5854,357.4823,55.10
int_28_01,0002,3,388,855,294,1056,221.8941,252.1516,-64.94
int_28_01,0002,4,2673,1174,2798,1411,267.9440,304.4809,62.19
int_28_01,0002,5,411,1340,253,1580,287.3395,326.5211,-56.64
int_28_01,0002,6,2665,1657,2840,1879,282.6818,321.2283,51.75
int_28_01,0002,7,394,1811,225,2047,290.2706,329.8519,-54.39
int_28_01,0003,0,2686,156,2819,336,223.8057,254.3239,53.54
int_28_01,0003,1,2819,336,2702,414,140.6165,159.7910,-33.69
int_28_01,0003,2,371,324,264,514,218.0573,247.7916,-60.61
int_28_01,0003,3,2640,638,2834,881,310.9421,353.3422,51.40
int_28_01,0003,4,354,843,277,1036,207.7932,236.1278,-68.25
int_28_01,0003,5,2653,1126,2880,1385,344.3980,391.3601,48.77
int_28_01,0003,6,383,1325,299,1526,217.8463,247.5518,-67.32
int_28_01,0003,7,2596,1620,2857,1868,360.0347,409.1291,43.54
int_28_01,0003,8,378,1815,314,2047,240.6657,273.4829,-74.58
int_28_01,0004,0,2962,54,2821,54,141.0000,160.2268,0.00
int_28_01,0004,1,2789,0,2806,142,143.0140,162.5154,83.17
int_28_01,0004,2,367,109,303,302,203.3347,231.0614,-71.65
int_28_01,0004,3,2658,395,2841,649,313.0575,355.7460,54.23
int_28_01,0004,4,473,558,269,801,317.2775,360.5414,-49.99
int_28_01,0004,5,2594,892,2827,1144,343.2098,390.0099,47.24
int_28_01,0004,6,362,1085,254,1295,236.1440,268.3446,-62.78
int_28_01,0004,7,2623,1398,2828,1636,314.1162,356.9491,49.26
int_28_01,0004,8,345,1601,242,1772,199.6246,226.8455,-58.94
int_28_01,0004,9,2629,1884,2801,2047,236.9662,269.2790,43.46
int_28_01,0005,0,2702,228,2865,464,286.8188,325.9294,55.37
int_28_01,0005,1,379,416,279,584,195.5096,222.1693,-59.24
int_28_01,0005,2,2631,706,2862,965,347.0475,394.3710,48.27
int_28_01,0005,3,365,928,268,1090,188.8200,214.5675,-59.09
int_28_01,0005,4,2637,1213,2871,1467,345.3578,392.4508,47.35
int_28_01,0005,5,448,1383,259,1618,301.5725,342.6950,-51.19
int_28_01,0005,6,2573,1710,2813,1954,342.2514,388.9208,45.47
int_28_01,0005,7,350,1905,262,2047,167.0569,189.8368,-58.21
int_28_01,0006,0,2703,186,2858,415,276.5249,314.2318,55.91
int_28_01,0006,1,383,347,266,525,213.0094,242.0553,-56.68
int_28_01,0006,2,2649,662,2859,923,334.9940,380.6738,51.18
int_28_01,0006,3,371,872,276,1028,182.6499,207.5561,-58.66
int_28_01,0006,4,2606,1174,2851,1434,357.2464,405.9605,46.70
int_28_01,0006,5,369,1391,268,1581,215.1767,244.5182,-62.01
int_28_01,0006,6,2605,1679,2817,1917,318.7287,362.1906,48.31
int_28_01,0006,7,346,1902,263,2047,167.0748,189.8572,-60.21
int_28_01,0007,0,2952,56,2793,52,159.0503,180.7384,-358.56
int_28_01,0007,1,2760,0,2808,140,148.0000,168.1813,71.08
int_28_01,0007,2,348,80,273,283,216.4116,245.9215,-69.72
int_28_01,0007,3,2694,419,2847,649,276.2408,313.9090,56.37
int_28_01,0007,4,403,587,307,819,251.0777,285.3146,-67.52
int_28_01,0007,5,2658,923,2851,1161,306.4196,348.2030,50.96
int_28_01,0007,6,373,1097,266,1305,233.9081,265.8038,-62.78
int_28_01,0007,7,2650,1418,2845,1670,318.6362,362.0854,52.27
int_28_01,0007,8,363,1622,269,1810,210.1904,238.8520,-63.43
int_28_01,0008,0,310,0,239,186,199.0904,226.2384,-69.11
int_28_01,0008,1,2613,290,2837,510,313.9682,356.7808,44.48
int_28_01,0008,2,339,454,246,657,223.2891,253.7367,-65.39
int_28_01,0008,3,2634,770,2826,1015,311.2700,353.7148,51.92
int_28_01,0008,4,343,947,251,1152,224.6976,255.3373,-65.83
int_28_01,0008,5,2668,1284,2829,1519,284.8614,323.7051,55.58
int_28_01,0008,6,398,1459,290,1688,253.1897,287.7146,-64.75
int_28_01,0008,7,2642,1794,2831,2026,299.2407,340.0452,50.83
int_28_01,0008,8,2831,2026,2654,1922,205.2925,233.2862,-329.56
int_28_01,0009,0,2703,214,2710,432,218.1124,247.8542,88.16
int_28_01,0009,1,338,355,219,534,214.9465,244.2566,-56.38
int_28_01,0009,2,2673,681,2751,894,226.8325,257.7634,69.89
int_28_01,0009,3,325,835,211,1028,224.1540,254.7196,-59.43
int_28_01,0009,4,2665,1157,2789,1375,250.7987,284.9976,60.37
int_28_01,0009,5,321,1319,234,1522,220.8574,250.9735,-66.80
int_28_01,0009,6,2611,1635,2779,1868,287.2508,326.4203,54.21
int_28_01,0009,7,328,1810,243,2047,251.7817,286.1146,-70.27
int_28_01,0010,0,2726,0,2850,204,238.7300,271.2832,58.71
int_28_01,0010,1,365,133,251,348,243.3537,276.5374,-62.07
int_28_01,0010,2,2645,458,2846,712,323.9089,368.0772,51.64
int_28_01,0010,3,339,641,230,849,234.8297,266.8511,-62.34
int_28_01,0010,4,2666,971,2775,1176,232.1767,263.8363,62.00
int_28_01,0010,5,322,1126,207,1320,225.5238,256.2763,-59.34
int_28_01,0010,6,2650,1448,2754,1639,217.4787,247.1341,61.43
int_28_01,0010,7,316,1605,198,1803,230.4951,261.9254,-59.21
int_28_01,0011,0,353,0,352,175,175.0029,198.8662,-89.67
int_28_01,0011,1,2675,279,2836,511,282.3916,320.8985,55.24
int_28_01,0011,2,379,434,254,673,269.7147,306.4930,-62.39
int_28_01,0011,3,2654,789,2836,1029,301.2042,342.2765,52.83
int_28_01,0011,4,347,959,229,1174,245.2529,278.6956,-61.24
int_28_01,0011,5,2626,1286,2828,1538,322.9675,367.0073,51.28
int_28_01,0011,6,336,1469,212,1673,238.7300,271.2832,-58.71
int_28_01,0011,7,2646,1798,2757,1995,226.1194,256.9531,60.60
int_28_01,0011,8,2757,1995,2574,1924,196.2906,223.0568,-338.79
int_28_01,0011,9,305,1952,128,2046,200.4121,227.7403,-27.97
int_28_01,0011,10,2648,2034,2932,2035,284.0018,322.7282,0.20
int_28_01,0012,0,2694,145,2798,370,247.8730,281.6729,65.19
int_28_01,0012,1,358,291,230,501,245.9350,279.4706,-58.64
int_28_01,0012,2,2668,640,2835,892,302.3128,343.5361,56.47
int_28_01,0012,3,375,819,286,1003,204.3942,232.2654,-64.19
int_28_01,0012,4,2634,1153,2816,1398,305.2032,346.8207,53.39
int_28_01,0012,5,367,1320,228,1547,266.1766,302.4725,-58.52
int_28_01,0012,6,2631,1674,2818,1910,301.1063,342.1651,51.61
int_28_01,0012,7,336,1843,214,2047,237.6973,270.1097,-59.12
int_28_01,0013,0,2677,86,2848,327,295.5030,335.7977,54.64
int_28_01,0013,1,375,249,291,489,254.2754,288.9484,-70.71
int_28_01,0013,2,2615,572,2841,837,348.2829,395.7748,49.54
int_28_01,0013,3,367,762,262,976,238.3716,270.8759,-63.86
int_28_01,0013,4,2630,1097,2821,1336,305.9444,347.6630,51.37
int_28_01,0013,5,344,1267,218,1492,257.8779,293.0421,-60.75
int_28_01,0013,6,2633,1607,2818,1859,312.6164,355.2447,53.72
int_28_01,0013,7,362,1793,291,2021,238.7991,271.3617,-72.70
int_28_01,0014,0,2703,177,2855,418,284.9298,323.7828,57.76
int_28_01,0014,1,354,331,239,527,227.2466,258.2339,-59.60
int_28_01,0014,2,2658,668,2852,920,318.0252,361.3911,52.41
int_28_01,0014,3,343,847,260,1059,227.6686,258.7135,-68.62
int_28_01,0014,4,2637,1180,2835,1428,317.3452,360.6184,51.40
int_28_01,0014,5,373,1353,270,1565,235.6968,267.8365,-64.09
int_28_01,0014,6,2622,1681,2824,1933,322.9675,367.0073,51.28
int_28_01,0014,7,346,1866,229,2047,215.5226,244.9113,-57.12
int_28_01,0015,0,2733,0,2843,199,227.3785,258.3839,61.07
int_28_01,0015,1,377,118,278,332,235.7902,267.9425,-65.17
int_28_01,0015,2,2655,449,2846,702,317.0016,360.2279,52.95
int_28_01,0015,3,370,616,242,845,262.3452,298.1186,-60.80
int_28_01,0015,4,2659,960,2848,1208,311.8092,354.3275,52.69
int_28_01,0015,5,354,1133,232,1349,248.0726,281.8997,-60.54
int_28_01,0015,6,2654,1468,2828,1716,302.9521,344.2627,54.95
int_28_01,0015,7,349,1643,244,1856,237.4742,269.8562,-63.76
int_28_01,0016,0,2966,65,2623,82,343.4210,390.2499,-2.84
int_28_01,0016,1,390,48,282,299,273.2490,310.5092,-66.72
int_28_01,0016,2,2642,382,2841,626,314.8603,357.7946,50.80
int_28_01,0016,3,373,551,267,768,241.5057,274.4374,-63.97
int_28_01,0016,4,2665,889,2840,1136,302.7111,343.9888,54.68
int_28_01,0016,5,368,1056,232,1283,264.6224,300.7063,-59.07
int_28_01,0016,6,2649,1399,2839,1643,309.2507,351.4201,52.09
int_28_01,0016,7,336,1570,224,1785,242.4232,275.4800,-62.48
int_28_01,0016,8,2627,1902,2762,2047,198.1161,225.1312,47.05
