specimen_name,scan_number,segment_index,start_x,start_y,end_x,end_y,length_pixels,length_microns,angle_degrees
slo_40_01,0001,0,0,473,454,720,516.8414,587.3179,28.55
slo_40_01,0001,1,472,761,434,943,185.9247,211.2774,-78.21
slo_40_01,0001,2,434,943,694,976,262.0859,297.8239,7.23
slo_40_01,0001,3,694,976,996,1187,368.4087,418.6450,34.94
slo_40_01,0001,4,996,1187,1043,1265,91.0659,103.4837,58.93
slo_40_01,0001,5,1043,1265,992,1384,129.4681,147.1224,-66.80
slo_40_01,0001,6,992,1384,1565,1459,577.8875,656.6883,7.46
slo_40_01,0001,7,1565,1459,1691,1651,229.6519,260.9672,56.73
slo_40_01,0001,8,1775,1633,2214,1621,439.1640,499.0484,-1.57
slo_40_01,0001,9,2227,1694,2662,1663,436.1032,495.5702,-4.08
slo_40_01,0001,10,2662,1663,2430,1742,245.0816,278.5009,-18.80
slo_40_01,0001,11,2430,1742,2515,1832,123.7942,140.6748,46.64
slo_40_01,0001,12,2515,1832,2465,1960,137.4191,156.1575,-68.66
slo_40_01,0001,13,2465,1960,3071,1995,607.0099,689.7818,3.31
slo_40_01,0002,0,0,532,476,784,538.5908,612.0330,27.90
slo_40_01,0002,1,492,811,485,1004,193.1269,219.4617,-87.92
slo_40_01,0002,2,485,1004,778,1076,301.7168,342.8589,13.81
slo_40_01,0002,3,778,1076,1069,1262,345.3650,392.4590,32.59
slo_40_01,0002,4,1069,1262,1115,1346,95.7706,108.8298,61.29
slo_40_01,0002,5,1115,1346,1075,1501,160.0781,181.9064,-75.53
slo_40_01,0002,6,1075,1501,1365,1551,294.2788,334.4066,9.78
slo_40_01,0002,7,1365,1551,1648,1779,363.4185,412.9742,38.86
slo_40_01,0002,8,1672,1814,1620,1941,137.2334,155.9465,-67.73
slo_40_01,0002,9,1620,1941,1996,1956,376.2991,427.6112,2.28
slo_40_01,0002,10,1996,1956,2215,2047,237.1540,269.4923,22.56
slo_40_01,0003,0,0,204,485,474,555.0901,630.7822,29.10
slo_40_01,0003,1,485,474,463,686,213.1385,242.2020,-84.08
slo_40_01,0003,2,463,686,715,742,258.1472,293.3482,12.53
slo_40_01,0003,3,715,742,1101,972,449.3284,510.5988,30.79
slo_40_01,0003,4,1101,972,1058,1194,226.1261,256.9606,-79.04
slo_40_01,0003,5,1058,1194,1318,1257,267.5238,304.0034,13.62
slo_40_01,0003,6,1318,1257,1725,1494,470.9756,535.1978,30.21
slo_40_01,0003,7,1725,1494,1692,1689,197.7726,224.7409,-80.39
slo_40_01,0003,8,1692,1689,2012,1769,329.8485,374.8266,14.04
slo_40_01,0003,9,2012,1769,2287,1948,328.1250,372.8681,33.06
slo_40_01,0003,10,2287,1948,2328,2047,107.1541,121.7656,67.50
slo_40_01,0004,0,161,12,147,212,200.4894,227.8281,-86.00
slo_40_01,0004,1,147,212,357,256,214.5600,243.8174,11.83
slo_40_01,0004,2,357,256,762,502,473.8576,538.4728,31.27
slo_40_01,0004,3,762,502,739,712,211.2558,240.0626,-83.75
slo_40_01,0004,4,739,712,1009,775,277.2526,315.0588,13.13
slo_40_01,0004,5,1009,775,1363,996,417.3212,474.2271,31.98
slo_40_01,0004,6,1363,996,1349,1215,219.4470,249.3708,-86.34
slo_40_01,0004,7,1349,1215,1605,1274,262.7109,298.5341,12.98
slo_40_01,0004,8,1605,1274,1988,1503,446.2398,507.0891,30.88
slo_40_01,0004,9,1988,1503,1941,1722,223.9866,254.5294,-77.89
slo_40_01,0004,10,1941,1722,2240,1803,309.7773,352.0186,15.16
slo_40_01,0004,11,2240,1803,2549,1993,362.7410,412.2043,31.59
slo_40_01,0005,0,114,0,458,237,417.7380,474.7007,34.57
slo_40_01,0005,1,458,237,430,454,218.7990,248.6344,-82.65
slo_40_01,0005,2,430,454,679,506,254.3718,289.0579,11.80
slo_40_01,0005,3,679,506,1065,753,458.2630,520.7518,32.62
slo_40_01,0005,4,1065,753,1046,951,198.9095,226.0328,-84.52
slo_40_01,0005,5,1046,951,1230,984,186.9358,212.4264,10.17
slo_40_01,0005,6,1230,984,1667,1243,507.9862,577.2552,30.65
slo_40_01,0005,7,1667,1243,1642,1455,213.4690,242.5776,-83.27
slo_40_01,0005,8,1642,1455,1914,1520,279.6587,317.7930,13.44
slo_40_01,0005,9,1914,1520,2259,1733,405.4553,460.7432,31.69
slo_40_01,0005,10,2259,1733,2247,1955,222.3241,252.6402,-86.91
slo_40_01,0005,11,2247,1955,2556,2047,322.4050,366.3682,16.58
slo_40_01,0006,0,206,0,185,162,163.3554,185.6306,-82.61
slo_40_01,0006,1,185,162,449,240,275.2817,312.8191,16.46
slo_40_01,0006,2,449,240,795,442,400.6495,455.2820,30.28
slo_40_01,0006,3,812,468,781,663,197.4487,224.3728,-80.97
slo_40_01,0006,4,781,663,1051,722,276.3711,314.0571,12.33
slo_40_01,0006,5,1051,722,1397,955,417.1391,474.0201,33.96
slo_40_01,0006,6,1397,955,1375,1176,222.0923,252.3768,-84.32
slo_40_01,0006,7,1375,1176,1623,1231,254.0256,288.6645,12.50
slo_40_01,0006,8,1623,1231,2004,1473,451.3591,512.9064,32.42
slo_40_01,0006,9,2004,1473,1989,1675,202.5562,230.1767,-85.75
slo_40_01,0006,10,1989,1675,2171,1708,184.9676,210.1897,10.28
slo_40_01,0006,11,2171,1708,2604,1968,505.0634,573.9338,30.98
slo_40_01,0006,12,2604,1968,2594,2047,79.6304,90.4888,-82.79
slo_40_01,0007,0,234,16,570,231,398.8997,453.2937,32.61
slo_40_01,0007,1,570,231,550,463,232.8605,264.6133,-85.07
slo_40_01,0007,2,550,463,867,539,325.9831,370.4342,13.48
slo_40_01,0007,3,867,539,1173,762,378.6357,430.2665,36.08
slo_40_01,0007,4,1173,762,1145,935,175.2512,199.1485,-80.81
slo_40_01,0007,5,1157,977,1473,1062,327.2323,371.8537,15.06
slo_40_01,0007,6,1473,1062,1771,1254,354.4968,402.8360,32.79
slo_40_01,0007,7,1771,1254,1756,1483,229.4907,260.7841,-86.25
slo_40_01,0007,8,1756,1483,2053,1554,305.3686,347.0087,13.44
slo_40_01,0007,9,2053,1554,2383,1779,399.4058,453.8688,34.29
slo_40_01,0007,10,2383,1779,2341,1991,216.1203,245.5905,-78.79
slo_40_01,0007,11,2341,1991,2590,2047,255.2195,290.0212,12.67
slo_40_01,0008,0,120,0,396,157,317.5295,360.8279,29.63
slo_40_01,0008,1,414,185,385,380,197.1446,224.0273,-81.54
slo_40_01,0008,2,385,380,685,471,313.4980,356.2466,16.87
slo_40_01,0008,3,685,471,1017,682,393.3764,447.0172,32.44
slo_40_01,0008,4,1017,682,979,858,180.0555,204.6079,-77.82
slo_40_01,0008,5,989,899,1320,971,338.7403,384.9309,12.27
slo_40_01,0008,6,1320,971,1623,1195,376.8090,428.1906,36.47
slo_40_01,0008,7,1623,1195,1596,1409,215.6965,245.1089,-82.81
slo_40_01,0008,8,1596,1409,1917,1488,330.5783,375.6559,13.83
slo_40_01,0008,9,1917,1488,2212,1699,362.6927,412.1495,35.57
slo_40_01,0008,10,2212,1699,2197,1921,222.5062,252.8471,-86.13
slo_40_01,0008,11,2197,1921,2546,2047,371.0485,421.6447,19.85
slo_40_01,0009,0,66,0,323,174,310.3627,352.6837,34.10
slo_40_01,0009,1,323,174,296,387,214.7044,243.9815,-82.78
slo_40_01,0009,2,296,387,642,458,353.2096,401.3732,11.60
slo_40_01,0009,3,642,458,934,664,357.3514,406.0798,35.20
slo_40_01,0009,4,934,664,886,893,233.9765,265.8815,-78.16
slo_40_01,0009,5,886,893,1201,970,324.2746,368.4927,13.74
slo_40_01,0009,6,1201,970,1546,1198,413.5323,469.9216,33.46
slo_40_01,0009,7,1546,1198,1510,1381,186.5074,211.9395,-78.87
slo_40_01,0009,8,1510,1381,1814,1473,317.6161,360.9263,16.84
slo_40_01,0009,9,1814,1473,2125,1665,365.4928,415.3314,31.69
slo_40_01,0009,10,2125,1665,2112,1902,237.3563,269.7222,-86.86
slo_40_01,0009,11,2112,1902,2444,1974,339.7175,386.0414,12.24
slo_40_01,0009,12,2444,1974,2494,2047,88.4816,100.5470,55.59
slo_40_01,0010,0,257,0,333,81,111.0720,126.2178,46.82
slo_40_01,0010,1,333,81,288,264,188.4516,214.1488,-76.18
slo_40_01,0010,2,288,264,648,348,369.6701,420.0783,13.13
slo_40_01,0010,3,648,348,924,549,341.4337,387.9916,36.06
slo_40_01,0010,4,924,549,884,739,194.1649,220.6412,-78.11
slo_40_01,0010,5,884,739,1234,826,360.6508,409.8291,13.96
slo_40_01,0010,6,1234,826,1517,1022,344.2456,391.1869,34.71
slo_40_01,0010,7,1517,1022,1493,1237,216.3354,245.8349,-83.63
slo_40_01,0010,8,1493,1237,1844,1311,358.7158,407.6302,11.91
slo_40_01,0010,9,1844,1311,2128,1515,349.6741,397.3557,35.69
slo_40_01,0010,10,2128,1515,2079,1745,235.1616,267.2283,-77.97
slo_40_01,0010,11,2079,1745,2395,1823,325.4843,369.8673,13.87
slo_40_01,0010,12,2395,1823,2732,2047,404.6542,459.8328,33.61
slo_40_01,0011,0,0,78,291,165,303.7269,345.1430,16.65
slo_40_01,0011,1,291,165,606,340,360.3471,409.4840,29.05
slo_40_01,0011,2,624,366,617,584,218.1124,247.8542,-88.16
slo_40_01,0011,3,617,584,935,661,327.1895,371.8051,13.61
slo_40_01,0011,4,935,661,1222,863,350.9601,398.8170,35.14
slo_40_01,0011,5,1222,863,1198,1081,219.3171,249.2232,-83.72
slo_40_01,0011,6,1198,1081,1559,1164,370.4187,420.9290,12.95
slo_40_01,0011,7,1559,1164,1827,1360,332.0241,377.2989,36.18
slo_40_01,0011,8,1827,1360,1793,1557,199.9125,227.1725,-80.21
slo_40_01,0011,9,1793,1557,2148,1645,365.7444,415.6174,13.92
slo_40_01,0011,10,2148,1645,2411,1827,319.8328,363.4452,34.68
slo_40_01,0011,11,2411,1827,2390,2047,221.0000,251.1356,-84.55
slo_40_01,0011,12,2536,1995,2877,1995,341.0000,387.4988,0.00
slo_40_01,0012,0,237,0,421,94,206.6204,234.7952,27.06
slo_40_01,0012,1,421,94,344,232,158.0285,179.5772,-60.84
slo_40_01,0012,2,344,232,356,321,89.8053,102.0512,82.32
slo_40_01,0012,3,356,321,641,402,296.2870,336.6887,15.87
slo_40_01,0012,4,641,402,954,576,358.1131,406.9454,29.07
slo_40_01,0012,5,975,603,955,825,222.8991,253.2936,-84.85
slo_40_01,0012,6,955,825,1241,914,299.5280,340.3716,17.29
slo_40_01,0012,7,1241,914,1586,1123,403.3683,458.3716,31.21
slo_40_01,0012,8,1586,1123,1568,1337,214.7557,244.0398,-85.19
slo_40_01,0012,9,1568,1337,1900,1419,341.9766,388.6085,13.87
slo_40_01,0012,10,1900,1419,2182,1621,346.8833,394.1843,35.61
slo_40_01,0012,11,2182,1621,2145,1832,214.2195,243.4305,-80.05
slo_40_01,0012,12,2145,1832,2506,1915,370.4187,420.9290,12.95
slo_40_01,0012,13,2506,1915,2684,2047,221.6032,251.8211,36.56
slo_40_01,0013,0,152,17,507,196,397.5752,451.7885,26.76
slo_40_01,0013,1,545,259,501,427,173.6663,197.3475,-75.32
slo_40_01,0013,2,583,446,1163,726,644.0497,731.8723,25.77
slo_40_01,0013,3,1163,726,1098,913,197.9747,224.9706,-70.83
slo_40_01,0013,4,1106,955,1392,1040,298.3639,339.0488,16.55
slo_40_01,0013,5,1392,1040,1704,1214,357.2394,405.9526,29.15
slo_40_01,0013,6,1743,1276,1706,1463,190.6253,216.6190,-78.81
slo_40_01,0013,7,1706,1463,1995,1554,302.9884,344.3040,17.48
slo_40_01,0013,8,1995,1554,2347,1779,417.7667,474.7333,32.59
slo_40_01,0013,9,2347,1779,2312,1972,196.1479,222.8946,-79.72
slo_40_01,0013,10,2312,1972,2586,2047,284.0792,322.8163,15.31
slo_40_01,0014,0,235,0,332,91,133.0038,151.1402,43.17
slo_40_01,0014,1,332,91,278,259,176.4653,200.5281,-72.18
slo_40_01,0014,2,286,303,586,386,311.2700,353.7148,15.46
slo_40_01,0014,3,586,386,877,547,332.5688,377.9179,28.95
slo_40_01,0014,4,877,547,924,609,77.8010,88.4100,52.84
slo_40_01,0014,5,924,609,889,802,196.1479,222.8946,-79.72
slo_40_01,0014,6,889,802,1193,895,317.9072,361.2570,17.01
slo_40_01,0014,7,1193,895,1489,1057,337.4315,383.4436,28.69
slo_40_01,0014,8,1489,1057,1536,1131,87.6641,99.6180,57.58
slo_40_01,0014,9,1536,1131,1494,1296,170.2616,193.4784,-75.72
slo_40_01,0014,10,1494,1296,1721,1361,236.1228,268.3206,15.98
slo_40_01,0014,11,1721,1361,2156,1598,495.3726,562.9216,28.58
slo_40_01,0014,12,2156,1598,2089,1783,196.7587,223.5888,-70.09
slo_40_01,0014,13,2097,1823,2502,1976,432.9365,491.9717,20.70
slo_40_01,0015,0,176,19,541,243,428.2534,486.6501,31.54
slo_40_01,0015,1,557,271,535,464,194.2498,220.7377,-83.50
slo_40_01,0015,2,535,464,873,546,347.8045,395.2312,13.64
slo_40_01,0015,3,873,546,1164,789,379.1174,430.8138,39.86
slo_40_01,0015,4,1164,789,1102,916,141.3259,160.5971,-63.98
slo_40_01,0015,5,1121,995,1416,1076,305.9183,347.6333,15.35
slo_40_01,0015,6,1416,1076,1719,1248,348.4150,395.9248,29.58
slo_40_01,0015,7,1719,1248,1762,1314,78.7718,89.5131,56.92
slo_40_01,0015,8,1762,1314,1721,1494,184.6104,209.7839,-77.17
slo_40_01,0015,9,1721,1494,2030,1591,323.8673,368.0298,17.43
slo_40_01,0015,10,2030,1591,2323,1754,335.2879,381.0078,29.09
slo_40_01,0015,11,2323,1754,2368,1831,89.1852,101.3465,59.70
slo_40_01,0015,12,2368,1831,2318,1985,161.9136,183.9921,-72.01
slo_40_01,0015,13,2318,1985,2515,2047,206.5260,234.6879,17.47
slo_40_01,0016,0,19,0,279,59,266.6102,302.9652,12.79
slo_40_01,0016,1,279,59,408,210,198.6001,225.6812,49.49
slo_40_01,0016,2,408,210,635,322,253.1265,287.6428,26.26
slo_40_01,0016,3,635,322,647,521,199.3615,226.5464,86.55
slo_40_01,0016,4,647,521,921,588,282.0727,320.5361,13.74
slo_40_01,0016,5,921,588,1252,820,404.2091,459.3271,35.03
slo_40_01,0016,6,1252,820,1235,1016,196.7359,223.5628,-85.04
slo_40_01,0016,7,1235,1016,1571,1101,346.5848,393.8451,14.20
slo_40_01,0016,8,1571,1101,1836,1298,330.2030,375.2294,36.63
slo_40_01,0016,9,1836,1298,1816,1547,249.8019,283.8649,-85.41
slo_40_01,0016,10,1816,1547,2117,1632,312.7715,355.4210,15.77
slo_40_01,0016,11,2117,1632,2419,1805,348.0417,395.5006,29.81
slo_40_01,0016,12,2455,1862,2408,2047,190.8769,216.9049,-75.75
slo_40_01,0017,0,260,0,321,75,96.6747,109.8573,50.88
slo_40_01,0017,1,321,75,281,266,195.1435,221.7533,-78.17
slo_40_01,0017,2,281,266,837,501,603.6232,685.9333,22.91
slo_40_01,0017,3,837,501,916,592,120.5073,136.9396,49.04
slo_40_01,0017,4,916,592,885,751,161.9938,184.0833,-78.97
slo_40_01,0017,5,885,751,1148,816,270.9133,307.8550,13.88
slo_40_01,0017,6,1148,816,1260,957,180.0694,204.6237,51.54
slo_40_01,0017,7,1260,957,1477,1060,240.2041,272.9583,25.39
slo_40_01,0017,8,1521,1117,1496,1268,153.0555,173.9262,-80.60
slo_40_01,0017,9,1496,1268,1785,1346,299.3409,340.1591,15.10
slo_40_01,0017,10,1785,1346,2111,1566,393.2887,446.9175,34.01
slo_40_01,0017,11,2111,1566,2083,1765,200.9602,228.3631,-81.99
slo_40_01,0017,12,2083,1765,2422,1848,349.0129,396.6043,13.76
slo_40_01,0017,13,2422,1848,2680,2047,325.8297,370.2598,37.64
slo_40_01,0018,0,19,0,322,142,334.6237,380.2530,25.11
slo_40_01,0018,1,322,142,260,269,141.3259,160.5971,-63.98
slo_40_01,0018,2,260,269,321,376,123.1666,139.9615,60.31
slo_40_01,0018,3,321,376,862,621,593.8906,674.8735,24.36
slo_40_01,0018,4,862,621,858,863,242.0331,275.0367,-89.05
slo_40_01,0018,5,858,863,1398,1087,584.6161,664.3344,22.53
slo_40_01,0018,6,1398,1087,1491,1192,140.2640,159.3904,48.47
slo_40_01,0018,7,1491,1192,1461,1348,158.8584,180.5204,-79.11
slo_40_01,0018,8,1461,1348,1721,1411,267.5238,304.0034,13.62
slo_40_01,0018,9,1721,1411,1838,1556,186.3169,211.7231,51.10
slo_40_01,0018,10,1838,1556,2050,1654,233.5551,265.4027,24.81
slo_40_01,0018,11,2093,1710,2065,1862,154.5574,175.6329,-79.56
slo_40_01,0018,12,2065,1862,2339,1933,283.0495,321.6461,14.53
slo_40_01,0018,13,2339,1933,2488,2047,187.6086,213.1909,37.42
slo_40_01,0019,0,516,237,334,364,221.9302,252.1926,-34.91
slo_40_01,0019,1,334,364,320,548,184.5318,209.6946,-85.65
slo_40_01,0019,2,320,548,956,811,688.2332,782.0807,22.47
slo_40_01,0019,3,956,811,910,1002,196.4612,223.2506,-76.46
slo_40_01,0019,4,910,1002,1504,1286,658.4011,748.1807,25.55
slo_40_01,0019,5,1523,1313,1494,1523,211.9929,240.9003,-82.14
slo_40_01,0019,6,1494,1523,2047,1760,601.6461,683.6865,23.20
slo_40_01,0019,7,2047,1760,2132,1847,121.6306,138.2161,45.67
slo_40_01,0019,8,2132,1847,2096,2010,166.9281,189.6904,-77.55
slo_50_01,0001,0,45,0,17,113,116.4174,132.2920,-76.08
slo_50_01,0001,1,17,113,289,195,284.0915,322.8303,16.78
slo_50_01,0001,2,289,195,482,396,278.6575,316.6552,46.16
slo_50_01,0001,3,482,396,424,605,216.8986,246.4749,-74.49
slo_50_01,0001,4,424,605,667,665,250.2978,284.4284,13.87
slo_50_01,0001,5,667,665,914,906,345.0942,392.1512,44.30
slo_50_01,0001,6,914,906,830,1092,204.0882,231.9177,-65.70
slo_50_01,0001,7,830,1092,1022,1096,192.0417,218.2285,1.19
slo_50_01,0001,8,1022,1096,1186,1186,187.0722,212.5813,28.76
slo_50_01,0001,9,1186,1186,1309,1448,289.4357,328.9031,64.85
slo_50_01,0001,10,1864,1349,1709,1473,198.4969,225.5639,-38.66
slo_50_01,0001,11,1557,1484,1864,1349,335.3714,381.1027,-23.74
slo_50_01,0001,12,1309,1448,1433,1429,125.4472,142.5532,-8.71
slo_50_01,0001,13,1433,1429,1557,1484,135.6503,154.1476,23.92
slo_50_01,0001,14,1709,1473,1929,1630,270.2758,307.1306,35.51
slo_50_01,0001,15,1929,1630,2088,1603,161.2762,183.2678,-9.64
slo_50_01,0001,16,2060,1612,2217,1697,178.5329,202.8777,28.43
slo_50_01,0001,17,2217,1697,2521,1666,305.5765,347.2449,-5.82
slo_50_01,0001,18,2521,1666,2686,1779,199.9850,227.2550,34.41
slo_50_01,0001,19,2686,1779,2858,1727,179.6886,204.1910,-16.82
slo_50_01,0001,20,2925,1754,3040,1778,117.4777,133.4969,11.79
slo_50_01,0001,21,3043,1798,2981,1795,62.0725,70.5367,-357.23
slo_50_01,0001,22,2880,1763,2771,1837,131.7460,149.7108,-34.17
slo_50_01,0001,23,3039,1966,3041,1848,118.0169,134.1097,-89.03
slo_50_01,0001,24,2935,2037,3066,2038,131.0038,148.8675,0.44
slo_50_01,0002,0,514,0,463,194,200.5916,227.9443,-75.27
slo_50_01,0002,1,463,194,771,300,325.7299,370.1465,18.99
slo_50_01,0002,2,771,300,953,513,280.1660,318.3695,49.49
slo_50_01,0002,3,953,513,897,705,200.0000,227.2720,-73.74
slo_50_01,0002,4,897,705,1172,805,292.6175,332.5188,19.98
slo_50_01,0002,5,1172,805,1363,1007,278.0018,315.9101,46.60
slo_50_01,0002,6,1363,1007,1312,1215,214.1612,243.3642,-76.22
slo_50_01,0002,7,1312,1215,1614,1321,320.0625,363.7062,19.34
slo_50_01,0002,8,1614,1321,1788,1522,265.8515,302.1030,49.12
slo_50_01,0002,9,1788,1522,1725,1714,202.0718,229.6263,-71.83
slo_50_01,0002,10,1725,1714,1991,1794,277.7697,315.6464,16.74
slo_50_01,0002,11,1991,1794,2213,2047,336.5903,382.4877,48.73
slo_50_01,0003,0,680,0,842,174,237.7394,270.1575,47.05
slo_50_01,0003,1,842,174,767,370,209.8595,238.4759,-69.06
slo_50_01,0003,2,767,370,1077,463,323.6495,367.7823,16.70
slo_50_01,0003,3,1077,463,1286,696,313.0016,355.6825,48.11
slo_50_01,0003,4,1286,696,1202,869,192.3148,218.5389,-64.10
slo_50_01,0003,5,1202,869,1375,900,175.7555,199.7215,10.16
slo_50_01,0003,6,1450,944,1671,1183,325.5180,369.9057,47.24
slo_50_01,0003,7,1671,1183,1614,1368,193.5820,219.9789,-72.88
slo_50_01,0003,8,1614,1368,1923,1469,325.0877,369.4166,18.10
slo_50_01,0003,9,1923,1469,2107,1687,285.2718,324.1715,49.83
slo_50_01,0003,10,2107,1687,2044,1880,203.0222,230.7063,-71.92
slo_50_01,0003,11,2044,1880,2231,1923,191.8802,218.0450,12.95
slo_50_01,0003,12,2231,1923,2374,2047,189.2749,215.0845,40.93
slo_50_01,0004,0,586,0,810,229,320.3389,364.0203,45.63
slo_50_01,0004,1,810,229,757,423,201.1094,228.5327,-74.72
slo_50_01,0004,2,757,423,1055,524,314.6506,357.5564,18.72
slo_50_01,0004,3,1055,524,1091,622,104.4031,118.6395,69.83
slo_50_01,0004,4,1091,622,1219,737,172.0727,195.5365,41.94
slo_50_01,0004,5,1219,737,1160,933,204.6876,232.5988,-73.25
slo_50_01,0004,6,1160,933,1464,1032,319.7139,363.3101,18.04
slo_50_01,0004,7,1464,1032,1642,1243,276.0525,313.6951,49.85
slo_50_01,0004,8,1642,1243,1577,1453,219.8295,249.8054,-72.80
slo_50_01,0004,9,1577,1453,1879,1543,315.1254,358.0959,16.59
slo_50_01,0004,10,1879,1543,2089,1773,311.4482,353.9173,47.60
slo_50_01,0004,11,2089,1773,2006,1953,198.2145,225.2431,-65.25
slo_50_01,0004,12,2006,1953,2127,1962,121.3342,137.8794,4.25
slo_50_01,0004,13,2127,1962,2271,2047,167.2154,190.0169,30.55
slo_50_01,0005,0,495,0,610,95,149.1643,169.5044,39.56
slo_50_01,0005,1,610,95,552,295,208.2402,236.6359,-73.83
slo_50_01,0005,2,552,295,822,387,285.2438,324.1396,18.82
slo_50_01,0005,3,822,387,1047,614,319.6154,363.1981,45.25
slo_50_01,0005,4,1047,614,978,810,207.7908,236.1251,-70.61
slo_50_01,0005,5,978,810,1234,899,271.0295,307.9871,19.17
slo_50_01,0005,6,1234,899,1467,1129,327.3973,372.0412,44.63
slo_50_01,0005,7,1467,1129,1417,1327,204.2156,232.0624,-75.83
slo_50_01,0005,8,1417,1327,1714,1429,314.0271,356.8478,18.95
slo_50_01,0005,9,1731,1477,1885,1656,236.1292,268.3278,49.29
slo_50_01,0005,10,1885,1656,1817,1840,196.1632,222.9120,-69.72
slo_50_01,0005,11,1817,1840,2118,1935,315.6359,358.6760,17.52
slo_50_01,0005,12,2118,1935,2178,2047,127.0590,144.3848,61.82
slo_50_01,0006,0,399,69,688,153,300.9601,341.9991,16.21
slo_50_01,0006,1,688,153,812,313,202.4253,230.0280,52.22
slo_50_01,0006,2,889,383,823,567,195.4789,222.1344,-70.27
slo_50_01,0006,3,902,580,1130,676,247.3863,281.1199,22.83
slo_50_01,0006,4,1130,676,1169,772,103.6195,117.7491,67.89
slo_50_01,0006,5,1169,772,1313,889,185.5398,210.8400,39.09
slo_50_01,0006,6,1313,889,1253,1086,205.9345,234.0157,-73.06
slo_50_01,0006,7,1253,1086,1533,1186,297.3214,337.8641,19.65
slo_50_01,0006,8,1533,1186,1747,1406,306.9137,348.7644,45.79
slo_50_01,0006,9,1747,1406,1678,1602,207.7908,236.1251,-70.61
slo_50_01,0006,10,1739,1612,1960,1713,242.9856,276.1191,24.56
slo_50_01,0006,11,1972,1747,2162,1919,256.2889,291.2365,42.15
slo_50_01,0006,12,2162,1919,2118,2047,135.3514,153.8079,-71.03
slo_50_01,0007,0,397,72,651,157,267.8451,304.3685,18.50
slo_50_01,0007,1,651,157,671,236,81.4923,92.6046,75.79
slo_50_01,0007,2,671,236,821,375,204.5018,232.3877,42.82
slo_50_01,0007,3,821,375,740,543,186.5074,211.9395,-64.26
slo_50_01,0007,4,740,543,1052,638,326.1426,370.6154,16.93
slo_50_01,0007,5,1052,638,1086,730,98.0816,111.4560,69.72
slo_50_01,0007,6,1086,730,1242,852,198.0404,225.0452,38.03
slo_50_01,0007,7,1242,852,1163,1049,212.2499,241.1922,-68.15
slo_50_01,0007,8,1163,1049,1460,1134,308.9239,351.0488,15.97
slo_50_01,0007,9,1477,1182,1671,1375,273.6512,310.9663,44.85
slo_50_01,0007,10,1671,1375,1586,1553,197.2536,224.1512,-64.47
slo_50_01,0007,11,1586,1553,1872,1639,298.6503,339.3743,16.74
slo_50_01,0007,12,1872,1639,2011,1813,222.7038,253.0717,51.38
slo_50_01,0007,13,1892,1691,2084,1867,260.4611,295.9776,42.51
slo_50_01,0007,14,2084,1867,2013,2047,193.4968,219.8820,-68.47
slo_50_01,0008,0,521,51,705,243,265.9323,302.1949,46.22
slo_50_01,0008,1,705,243,619,422,198.5875,225.6669,-64.34
slo_50_01,0008,2,619,422,744,425,125.0360,142.0859,1.37
slo_50_01,0008,3,744,425,946,524,224.9556,255.6305,26.11
slo_50_01,0008,4,946,524,1114,730,265.8195,302.0666,50.80
slo_50_01,0008,5,1114,730,1032,905,193.2589,219.6117,-64.89
slo_50_01,0008,6,1032,905,1364,998,344.7796,391.7938,15.65
slo_50_01,0008,7,1364,998,1384,1081,85.3756,97.0175,76.45
slo_50_01,0008,8,1384,1081,1538,1221,208.1250,236.5049,42.27
slo_50_01,0008,9,1538,1221,1455,1388,186.4886,211.9182,-63.57
slo_50_01,0008,10,1455,1388,1770,1484,329.3038,374.2077,16.95
slo_50_01,0008,11,1770,1484,1801,1577,98.0306,111.3981,71.57
slo_50_01,0008,12,1801,1577,1964,1709,209.7451,238.3459,39.00
slo_50_01,0008,13,1964,1709,1878,1890,200.3921,227.7176,-64.59
slo_50_01,0008,14,1878,1890,2106,1943,234.0790,265.9981,13.09
slo_50_01,0008,15,2106,1943,2214,2047,149.9333,170.3782,43.92
slo_50_01,0009,0,475,0,599,122,173.9540,197.6744,44.53
slo_50_01,0009,1,599,122,521,315,208.1658,236.5513,-67.99
slo_50_01,0009,2,521,315,804,409,298.2030,338.8659,18.37
slo_50_01,0009,3,804,409,1026,627,311.1398,353.5669,44.48
slo_50_01,0009,4,1026,627,932,829,222.8004,253.1814,-65.05
slo_50_01,0009,5,932,829,1257,929,340.0368,386.4042,17.10
slo_50_01,0009,6,1257,929,1274,1007,79.8311,90.7168,77.70
slo_50_01,0009,7,1274,1007,1434,1151,215.2580,244.6106,41.99
slo_50_01,0009,8,1434,1151,1349,1332,199.9650,227.2322,-64.84
slo_50_01,0009,9,1349,1332,1471,1334,122.0164,138.6545,0.94
slo_50_01,0009,10,1471,1334,1673,1431,224.0826,254.6385,25.65
slo_50_01,0009,11,1673,1431,1844,1642,271.5916,308.6258,50.98
slo_50_01,0009,12,1844,1642,1763,1815,191.0236,217.0715,-64.91
slo_50_01,0009,13,1763,1815,2091,1908,340.9296,387.4188,15.83
slo_50_01,0009,14,2091,1908,2173,2047,161.3846,183.3910,59.46
slo_50_01,0010,0,458,0,436,97,99.4636,113.0264,-77.22
slo_50_01,0010,1,436,97,696,175,271.4480,308.4626,16.70
slo_50_01,0010,2,696,175,936,409,335.1955,380.9027,44.27
slo_50_01,0010,3,936,409,869,600,202.4105,230.0112,-70.67
slo_50_01,0010,4,869,600,1142,698,290.0569,329.6090,19.75
slo_50_01,0010,5,1142,698,1358,909,301.9553,343.1299,44.33
slo_50_01,0010,6,1358,909,1283,1119,222.9910,253.3981,-70.35
slo_50_01,0010,7,1283,1119,1575,1218,308.3261,350.3695,18.73
slo_50_01,0010,8,1575,1218,1791,1463,326.6206,371.1586,48.60
slo_50_01,0010,9,1791,1463,1696,1633,194.7434,221.2986,-60.80
slo_50_01,0010,10,1696,1633,2020,1736,339.9779,386.3373,17.64
slo_50_01,0010,11,2020,1736,2037,1814,79.8311,90.7168,77.70
slo_50_01,0010,12,2037,1814,2192,1952,207.5307,235.8296,41.68
slo_50_01,0010,13,2192,1952,2156,2047,101.5923,115.4455,-69.25
slo_50_01,0011,0,603,0,773,156,230.7293,262.1915,42.54
slo_50_01,0011,1,773,156,707,337,192.6577,218.9285,-69.97
slo_50_01,0011,2,707,337,894,385,193.0622,219.3881,14.40
slo_50_01,0011,3,962,430,1106,600,222.7914,253.1712,49.73
slo_50_01,0011,4,1188,664,1124,848,194.8127,221.3774,-70.82
slo_50_01,0011,5,1124,848,1424,955,318.5106,361.9427,19.63
slo_50_01,0011,6,1424,955,1626,1166,292.1044,331.9358,46.25
slo_50_01,0011,7,1626,1166,1560,1356,201.1368,228.5638,-70.84
slo_50_01,0011,8,1560,1356,1833,1456,290.7387,330.3838,20.12
slo_50_01,0011,9,1833,1456,2047,1667,300.5279,341.5078,44.60
slo_50_01,0011,10,2047,1667,1971,1874,220.5108,250.5796,-69.84
slo_50_01,0011,11,1971,1874,2240,1963,283.3408,321.9771,18.31
slo_50_01,0011,12,2240,1963,2304,2047,105.6030,120.0031,52.70
slo_50_01,0012,0,475,0,654,90,200.3522,227.6722,26.69
slo_50_01,0012,1,654,90,869,310,307.6118,349.5577,45.66
slo_50_01,0012,2,869,310,807,494,194.1649,220.6412,-71.38
slo_50_01,0012,3,807,494,1091,590,299.7866,340.6655,18.68
slo_50_01,0012,4,1091,590,1123,677,92.6984,105.3388,69.81
slo_50_01,0012,5,1123,677,1287,810,211.1516,239.9442,39.04
slo_50_01,0012,6,1287,810,1225,1001,200.8109,228.1934,-72.02
slo_50_01,0012,7,1294,1014,1509,1115,237.5416,269.9327,25.16
slo_50_01,0012,8,1509,1115,1537,1202,91.3947,103.8573,72.16
slo_50_01,0012,9,1537,1202,1707,1331,213.4034,242.5031,37.19
slo_50_01,0012,10,1707,1331,1643,1512,191.9818,218.1604,-70.53
slo_50_01,0012,11,1643,1512,1937,1618,312.5252,355.1411,19.83
slo_50_01,0012,12,1937,1618,2138,1829,291.4138,331.1510,46.39
slo_50_01,0012,13,2138,1829,2074,2020,201.4373,228.9053,-71.48
slo_50_01,0013,0,630,0,556,153,169.9559,193.1311,-64.19
slo_50_01,0013,1,563,183,805,263,254.8804,289.6359,18.29
slo_50_01,0013,2,805,263,1054,485,333.5941,379.0830,41.72
slo_50_01,0013,3,1054,485,987,697,222.3353,252.6530,-72.46
slo_50_01,0013,4,987,697,1222,779,248.8956,282.8350,19.24
slo_50_01,0013,5,1222,779,1370,945,222.3960,252.7220,48.28
slo_50_01,0013,6,1242,822,1460,1015,291.1580,330.8603,41.52
slo_50_01,0013,7,1460,1015,1402,1203,196.7435,223.5714,-72.85
slo_50_01,0013,8,1402,1203,1686,1300,300.1083,341.0311,18.86
slo_50_01,0013,9,1686,1300,1714,1385,89.4930,101.6963,71.77
slo_50_01,0013,10,1714,1385,1879,1520,213.1901,242.2607,39.29
slo_50_01,0013,11,1879,1520,1822,1711,199.3239,226.5037,-73.38
slo_50_01,0013,12,1822,1711,2074,1804,268.6131,305.2412,20.26
slo_50_01,0013,13,2074,1804,2206,1978,218.4033,248.1848,52.82
slo_50_01,0013,14,2091,1851,2291,2047,280.0286,318.2133,44.42
slo_50_01,0014,0,674,0,842,150,225.2199,255.9309,41.76
slo_50_01,0014,1,842,150,778,346,206.1844,234.2997,-71.92
slo_50_01,0014,2,778,346,1016,413,247.2509,280.9660,15.72
slo_50_01,0014,3,1016,413,1259,641,333.2161,378.6535,43.18
slo_50_01,0014,4,1259,641,1191,856,225.4972,256.2460,-72.45
slo_50_01,0014,5,1191,856,1416,925,235.3423,267.4336,17.05
slo_50_01,0014,6,1416,925,1687,1162,360.0139,409.1054,41.17
slo_50_01,0014,7,1687,1162,1621,1375,222.9910,253.3981,-72.78
slo_50_01,0014,8,1621,1375,1850,1455,242.5716,275.6487,19.26
slo_50_01,0014,9,1850,1455,2092,1695,340.8284,387.3038,44.76
slo_50_01,0014,10,2092,1695,2030,1878,193.2175,219.5646,-71.28
slo_50_01,0014,11,2030,1878,2248,1936,225.5837,256.3443,14.90
slo_50_01,0014,12,2248,1936,2336,2047,141.6510,160.9665,51.59
slo_50_01,0015,0,666,0,846,174,250.3518,284.4897,44.03
slo_50_01,0015,1,846,174,781,370,206.4970,234.6549,-71.65
slo_50_01,0015,2,781,370,1031,454,263.7347,299.6976,18.57
slo_50_01,0015,3,1031,454,1254,668,309.0712,351.2161,43.82
slo_50_01,0015,4,1254,668,1198,878,217.3384,246.9747,-75.07
slo_50_01,0015,5,1198,878,1468,969,284.9228,323.7749,18.63
slo_50_01,0015,6,1468,969,1684,1182,303.3562,344.7219,44.60
slo_50_01,0015,7,1684,1182,1610,1392,222.6567,253.0182,-70.59
slo_50_01,0015,8,1610,1392,1865,1482,270.4163,307.2903,19.44
slo_50_01,0015,9,1865,1482,2109,1705,330.5526,375.6267,42.43
slo_50_01,0015,10,2109,1705,2035,1907,215.1279,244.4627,-69.88
slo_50_01,0015,11,2035,1907,2204,1951,174.6339,198.4470,14.59
slo_50_01,0015,12,2204,1951,2313,2047,145.2481,165.0541,41.37
slo_50_01,0016,0,677,0,761,72,110.6345,125.7207,40.60
slo_50_01,0016,1,761,72,720,276,208.0793,236.4530,-78.64
slo_50_01,0016,2,720,276,984,366,278.9193,316.9528,18.82
slo_50_01,0016,3,984,366,1187,577,292.7969,332.7226,46.11
slo_50_01,0016,4,1187,577,1127,782,213.6001,242.7266,-73.69
slo_50_01,0016,5,1127,782,1393,879,283.1342,321.7424,20.03
slo_50_01,0016,6,1393,879,1606,1090,299.8166,340.6996,44.73
slo_50_01,0016,7,1606,1090,1546,1295,213.6001,242.7266,-73.69
slo_50_01,0016,8,1546,1295,1812,1384,280.4942,318.7424,18.50
slo_50_01,0016,9,1812,1384,2031,1599,306.8974,348.7459,44.47
slo_50_01,0016,10,2031,1599,1955,1805,219.5723,249.5132,-69.75
slo_50_01,0016,11,1955,1805,2163,1867,217.0438,246.6399,16.60
slo_50_01,0016,12,2163,1867,2361,2047,267.5892,304.0777,42.27
slo_50_01,0017,0,744,19,681,39,66.0984,75.1116,-17.61
slo_50_01,0017,1,977,46,807,15,172.8034,196.3668,-349.67
slo_50_01,0017,2,1159,20,1122,53,49.5782,56.3387,-41.73
slo_50_01,0017,3,1870,105,1326,49,546.8748,621.4466,-354.12
slo_50_01,0017,4,613,105,605,205,100.3195,113.9991,-85.43
slo_50_01,0017,5,605,205,802,285,212.6241,241.6175,22.10
slo_50_01,0017,6,802,285,1060,502,337.1246,383.0949,40.07
slo_50_01,0017,7,1060,502,1016,708,210.6466,239.3704,-77.94
slo_50_01,0017,8,1016,708,1286,803,286.2254,325.2551,19.38
slo_50_01,0017,9,1286,803,1486,1014,290.7250,330.3682,46.53
slo_50_01,0017,10,1486,1014,1424,1216,211.3007,240.1137,-72.94
slo_50_01,0017,11,1424,1216,1689,1315,282.8887,321.4634,20.48
slo_50_01,0017,12,1689,1315,1903,1526,300.5279,341.5078,44.60
slo_50_01,0017,13,1903,1526,1839,1725,209.0383,237.5427,-72.17
slo_50_01,0017,14,1839,1725,2109,1821,286.5589,325.6341,19.57
slo_50_01,0017,15,2109,1821,2324,2047,311.9311,354.4660,46.43
slo_50_01,0018,0,653,51,940,293,375.4104,426.6014,40.14
slo_50_01,0018,1,940,293,861,466,190.1841,216.1176,-65.46
slo_50_01,0018,2,867,495,1074,556,215.8008,245.2274,16.42
slo_50_01,0018,3,1074,556,1337,809,364.9356,414.6982,43.89
slo_50_01,0018,4,1337,809,1282,1001,199.7223,226.9564,-74.02
slo_50_01,0018,5,1282,1001,1569,1101,303.9227,345.3656,19.21
slo_50_01,0018,6,1569,1101,1597,1186,89.4930,101.6963,71.77
slo_50_01,0018,7,1597,1186,1760,1320,211.0095,239.7827,39.42
slo_50_01,0018,8,1760,1320,1701,1508,197.0406,223.9091,-72.58
slo_50_01,0018,9,1701,1508,1972,1615,291.3589,331.0886,21.55
slo_50_01,0018,10,1972,1615,2008,1709,100.6578,114.3835,69.04
slo_50_01,0018,11,2008,1709,2172,1836,207.4247,235.7091,37.75
slo_50_01,0018,12,2172,1836,2113,2017,190.3733,216.3326,-71.95
slo_60_01,0001,0,335,0,617,276,394.5884,448.3945,44.38
slo_60_01,0001,1,617,276,524,497,239.7707,272.4659,-67.18
slo_60_01,0001,2,524,497,854,778,433.4293,492.5318,40.41
slo_60_01,0001,3,854,778,864,930,152.3286,173.1001,86.24
slo_60_01,0001,4,864,930,1145,1096,326.3694,370.8732,30.57
slo_60_01,0001,5,1145,1096,1158,1313,217.3891,247.0322,86.57
slo_60_01,0001,6,1158,1313,1111,1385,85.9826,97.7071,-56.86
slo_60_01,0001,7,1111,1385,1459,1448,353.6566,401.8812,10.26
slo_60_01,0001,8,1459,1448,1566,1526,132.4122,150.4680,36.09
slo_60_01,0001,9,1566,1526,1624,1694,177.7301,201.9654,70.95
slo_60_01,0001,10,1624,1694,1717,1656,100.4639,114.1632,-22.23
slo_60_01,0001,11,1717,1656,1795,1698,88.5889,100.6689,28.30
slo_60_01,0001,12,1795,1698,2384,1710,589.1222,669.4549,1.17
slo_60_01,0001,13,2440,1767,2397,1794,50.7740,57.6976,-32.12
slo_60_01,0001,14,2288,1818,2290,1862,44.0454,50.0515,87.40
slo_60_01,0001,15,2283,1861,2248,1822,52.4023,59.5479,-311.91
slo_60_01,0001,16,2154,1840,2194,1997,162.0154,184.1079,75.71
slo_60_01,0002,0,771,0,850,74,108.2451,123.0054,43.13
slo_60_01,0002,1,850,74,753,274,222.2814,252.5916,-64.13
slo_60_01,0002,2,753,274,891,336,151.2878,171.9174,24.19
slo_60_01,0002,3,891,336,1111,585,332.2665,377.5743,48.54
slo_60_01,0002,4,1111,585,1021,786,220.2294,250.2599,-65.88
slo_60_01,0002,5,1021,786,1208,852,198.3053,225.3462,19.44
slo_60_01,0002,6,1208,852,1402,1088,305.5029,347.1612,50.58
slo_60_01,0002,7,1402,1088,1311,1309,239.0021,271.5924,-67.62
slo_60_01,0002,8,1311,1309,1640,1589,432.0197,490.9299,40.40
slo_60_01,0002,9,1640,1589,1650,1737,148.3375,168.5647,86.13
slo_60_01,0002,10,1650,1737,1923,1896,315.9272,359.0070,30.22
slo_60_01,0002,11,1923,1896,1915,2047,151.2118,171.8310,-86.97
slo_60_01,0003,0,755,0,911,163,225.6214,256.3871,46.26
slo_60_01,0003,1,911,163,827,376,228.9651,260.1867,-68.48
slo_60_01,0003,2,827,376,943,424,125.5388,142.6573,22.48
slo_60_01,0003,3,943,424,1192,659,342.3828,389.0701,43.34
slo_60_01,0003,4,1192,659,1096,864,226.3647,257.2318,-64.91
slo_60_01,0003,5,1096,864,1236,926,153.1143,173.9930,23.89
slo_60_01,0003,6,1236,926,1455,1177,333.1096,378.5324,48.89
slo_60_01,0003,7,1455,1177,1365,1374,216.5849,246.1184,-65.45
slo_60_01,0003,8,1365,1374,1559,1449,207.9928,236.3547,21.14
slo_60_01,0003,9,1559,1449,1745,1676,293.4706,333.4883,50.67
slo_60_01,0003,10,1745,1676,1653,1892,234.7765,266.7906,-66.93
slo_60_01,0003,11,1653,1892,1794,2047,209.5376,238.1101,47.71
slo_60_01,0004,0,819,0,729,145,170.6605,193.9317,-58.17
slo_60_01,0004,1,729,145,898,195,176.2413,200.2736,16.48
slo_60_01,0004,2,898,195,1112,439,324.5489,368.8044,48.75
slo_60_01,0004,3,1112,439,989,640,235.6480,267.7810,-58.54
slo_60_01,0004,4,989,640,1201,713,224.2164,254.7906,19.00
slo_60_01,0004,5,1201,713,1398,935,296.8046,337.2769,48.41
slo_60_01,0004,6,1398,935,1320,1165,242.8662,275.9835,-71.27
slo_60_01,0004,7,1320,1165,1471,1243,169.9559,193.1311,27.32
slo_60_01,0004,8,1471,1243,1683,1452,297.6995,338.2938,44.59
slo_60_01,0004,9,1683,1452,1589,1653,221.8941,252.1516,-64.94
slo_60_01,0004,10,1589,1653,1742,1731,171.7353,195.1531,27.01
slo_60_01,0004,11,1742,1731,1946,1969,313.4645,356.2085,49.40
slo_60_01,0004,12,1946,1969,1923,2047,81.3204,92.4092,-73.57
slo_60_01,0005,0,811,0,926,89,145.4166,165.2457,37.74
slo_60_01,0005,1,926,89,855,284,207.5235,235.8214,-69.99
slo_60_01,0005,2,855,284,1209,616,485.3246,551.5035,43.16
slo_60_01,0005,3,1209,616,1106,808,217.8830,247.5935,-61.79
slo_60_01,0005,4,1106,808,1274,858,175.2826,199.1842,16.57
slo_60_01,0005,5,1274,858,1490,1104,327.3713,372.0117,48.72
slo_60_01,0005,6,1490,1104,1368,1305,235.1276,267.1896,-58.74
slo_60_01,0005,7,1368,1305,1585,1382,230.2564,261.6541,19.54
slo_60_01,0005,8,1585,1382,1776,1604,292.8566,332.7905,49.29
slo_60_01,0005,9,1776,1604,1699,1826,234.9745,267.0156,-70.87
slo_60_01,0005,10,1699,1826,1982,2047,359.0682,408.0308,37.99
slo_60_01,0006,0,905,0,837,137,152.9477,173.8037,-63.60
slo_60_01,0006,1,837,137,975,198,150.8807,171.4548,23.85
slo_60_01,0006,2,975,198,1063,351,176.5021,200.5700,60.09
slo_60_01,0006,3,1063,351,1225,457,193.5975,219.9965,33.20
slo_60_01,0006,4,1225,457,1117,650,221.1628,251.3206,-60.77
slo_60_01,0006,5,1117,650,1448,964,456.2423,518.4555,43.49
slo_60_01,0006,6,1448,964,1379,1160,207.7908,236.1251,-70.61
slo_60_01,0006,7,1379,1160,1737,1493,488.9305,555.6010,42.93
slo_60_01,0006,8,1737,1493,1630,1682,217.1866,246.8021,-60.48
slo_60_01,0006,9,1630,1682,1851,1784,243.4030,276.5934,24.78
slo_60_01,0006,10,1851,1784,2012,1978,252.1051,286.4822,50.31
slo_60_01,0007,0,953,0,1010,98,113.3711,128.8304,59.82
slo_60_01,0007,1,1010,98,905,262,194.7332,221.2870,-57.37
slo_60_01,0007,2,905,262,1282,579,492.5627,559.7285,40.06
slo_60_01,0007,3,1282,579,1211,772,205.6453,233.6871,-69.80
slo_60_01,0007,4,1211,772,1349,834,151.2878,171.9174,24.19
slo_60_01,0007,5,1349,834,1447,998,191.0497,217.1013,59.14
slo_60_01,0007,6,1447,998,1599,1098,181.9450,206.7551,33.34
slo_60_01,0007,7,1599,1098,1492,1290,219.8022,249.7744,-60.87
slo_60_01,0007,8,1492,1290,1823,1605,456.9311,519.2382,43.58
slo_60_01,0007,9,1823,1605,1752,1797,204.7071,232.6210,-69.71
slo_60_01,0007,10,1752,1797,1956,1979,273.3862,310.6651,41.74
slo_60_01,0007,11,1831,1854,2003,2047,258.5208,293.7727,48.29
slo_60_01,0008,0,709,0,932,145,265.9962,302.2675,33.03
slo_60_01,0008,1,932,145,1096,363,272.8003,309.9993,53.05
slo_60_01,0008,2,1096,363,995,542,205.5286,233.5545,-60.57
slo_60_01,0008,3,995,542,1210,649,240.1541,272.9015,26.46
slo_60_01,0008,4,1210,649,1373,859,265.8364,302.0859,52.18
slo_60_01,0008,5,1373,859,1277,1059,221.8468,252.0978,-64.36
slo_60_01,0008,6,1277,1059,1654,1380,495.1464,562.6646,40.41
slo_60_01,0008,7,1654,1380,1590,1578,208.0865,236.4612,-72.09
slo_60_01,0008,8,1590,1578,1721,1632,141.6933,161.0146,22.40
slo_60_01,0008,9,1721,1632,1820,1797,192.4214,218.6600,59.04
slo_60_01,0008,10,1820,1797,1970,1897,180.2776,204.8602,33.69
slo_60_01,0008,11,1970,1897,1873,2047,178.6309,202.9890,-57.11
slo_60_01,0009,0,882,0,1052,188,253.4640,288.0264,47.88
slo_60_01,0009,1,1052,188,986,341,166.6283,189.3498,-66.67
slo_60_01,0009,2,986,341,1314,689,478.2133,543.4225,46.69
slo_60_01,0009,3,1314,689,1256,868,188.1622,213.8200,-72.05
slo_60_01,0009,4,1256,868,1471,978,241.5057,274.4374,27.10
slo_60_01,0009,5,1471,978,1642,1199,279.4316,317.5349,52.27
slo_60_01,0009,6,1642,1199,1542,1385,211.1777,239.9738,-61.74
slo_60_01,0009,7,1542,1385,1759,1494,242.8374,275.9507,26.67
slo_60_01,0009,8,1759,1494,1917,1698,258.0310,293.2161,52.24
slo_60_01,0009,9,1917,1698,1822,1900,223.2241,253.6629,-64.81
slo_60_01,0009,10,1822,1900,2006,2047,235.5101,267.6242,38.62
slo_60_01,0010,0,783,0,1136,352,498.5108,566.4877,44.92
slo_60_01,0010,1,1136,352,1066,551,210.9526,239.7181,-70.62
slo_60_01,0010,2,1066,551,1252,665,218.1559,247.9036,31.50
slo_60_01,0010,3,1252,665,1409,874,261.4001,297.0446,53.09
slo_60_01,0010,4,1409,874,1350,994,133.7199,151.9539,-63.82
slo_60_01,0010,5,1360,1020,1689,1357,470.9671,535.1882,45.69
slo_60_01,0010,6,1689,1357,1625,1519,174.1838,197.9355,-68.44
slo_60_01,0010,7,1625,1519,1769,1630,181.8158,206.6082,37.63
slo_60_01,0010,8,1769,1630,1954,1870,303.0264,344.3471,52.37
slo_60_01,0010,9,1954,1870,1892,2047,187.5447,213.1183,-70.70
slo_60_01,0011,0,903,0,871,86,91.7606,104.2730,-69.59
slo_60_01,0011,1,871,86,1004,168,156.2466,177.5524,31.66
slo_60_01,0011,2,1004,168,1236,417,340.3307,386.7382,47.02
slo_60_01,0011,3,1236,417,1145,614,217.0023,246.5927,-65.21
slo_60_01,0011,4,1145,614,1509,929,481.3741,547.0142,40.87
slo_60_01,0011,5,1509,929,1433,1123,208.3555,236.7668,-68.61
slo_60_01,0011,6,1433,1123,1790,1454,486.8367,553.2218,42.84
slo_60_01,0011,7,1790,1454,1717,1624,185.0108,210.2389,-66.76
slo_60_01,0011,8,1717,1624,2065,1953,478.8998,544.2026,43.39
slo_60_01,0011,9,2065,1953,2042,2047,96.7729,109.9689,-76.25
slo_60_01,0012,0,905,0,837,192,203.6860,231.4607,-70.50
slo_60_01,0012,1,837,192,982,271,165.1242,187.6405,28.58
slo_60_01,0012,2,982,271,1207,503,323.1857,367.2553,45.88
slo_60_01,0012,3,1207,503,1128,702,214.1074,243.3031,-68.35
slo_60_01,0012,4,1128,702,1484,1051,498.5349,566.5151,44.43
slo_60_01,0012,5,1484,1051,1380,1205,185.8279,211.1674,-55.97
slo_60_01,0012,6,1380,1205,1497,1262,130.1461,147.8928,25.97
slo_60_01,0012,7,1497,1262,1776,1557,406.0369,461.4041,46.60
slo_60_01,0012,8,1776,1557,1681,1724,192.1302,218.3290,-60.37
slo_60_01,0012,9,1681,1724,2036,2047,479.9521,545.3983,42.30
slo_60_01,0013,0,977,0,901,150,168.1547,191.0843,-63.13
slo_60_01,0013,1,901,150,1120,264,246.8947,280.5613,27.50
slo_60_01,0013,2,1120,264,1266,500,277.5104,315.3517,58.26
slo_60_01,0013,3,1266,500,1193,656,172.2353,195.7213,-64.92
slo_60_01,0013,4,1193,656,1388,776,228.9651,260.1867,31.61
slo_60_01,0013,5,1388,776,1529,994,259.6247,295.0272,57.11
slo_60_01,0013,6,1529,994,1458,1177,196.2906,223.0568,-68.79
slo_60_01,0013,7,1458,1177,1604,1259,167.4515,190.2852,29.32
slo_60_01,0013,8,1604,1259,1826,1493,322.5523,366.5356,46.51
slo_60_01,0013,9,1826,1493,1746,1685,208.0000,236.3629,-67.38
slo_60_01,0013,10,1746,1685,1871,1772,152.2958,173.0628,34.84
slo_60_01,0013,11,1871,1772,2098,2047,356.5866,405.2107,50.46
slo_60_01,0014,0,873,0,938,93,113.4637,128.9356,55.05
slo_60_01,0014,1,938,93,843,248,181.7966,206.5864,-58.50
slo_60_01,0014,2,843,248,1026,346,207.5885,235.8953,28.17
slo_60_01,0014,3,1026,346,1200,582,293.2098,333.1919,53.60
slo_60_01,0014,4,1200,582,1111,755,194.5508,221.0797,-62.78
slo_60_01,0014,5,1111,755,1293,858,209.1244,237.6406,29.51
slo_60_01,0014,6,1293,858,1455,1084,278.0647,315.9816,54.37
slo_60_01,0014,7,1455,1084,1383,1260,190.1578,216.0878,-67.75
slo_60_01,0014,8,1383,1260,1601,1374,246.0081,279.5538,27.61
slo_60_01,0014,9,1601,1374,1748,1610,278.0378,315.9510,58.08
slo_60_01,0014,10,1748,1610,1673,1766,173.0925,196.6953,-64.32
slo_60_01,0014,11,1673,1766,1860,1876,216.9539,246.5377,30.47
slo_60_01,0014,12,1860,1876,1963,2047,199.6246,226.8455,58.94
slo_60_01,0015,0,878,0,849,80,85.0941,96.6975,-70.07
slo_60_01,0015,1,849,80,1024,187,205.1195,233.0896,31.44
slo_60_01,0015,2,1024,187,1216,425,305.7908,347.4884,51.11
slo_60_01,0015,3,1216,425,1126,601,197.6765,224.6317,-62.92
slo_60_01,0015,4,1126,601,1310,700,208.9426,237.4340,28.28
slo_60_01,0015,5,1310,700,1478,926,281.6026,320.0019,53.37
slo_60_01,0015,6,1478,926,1395,1108,200.0325,227.3089,-65.48
slo_60_01,0015,7,1395,1108,1576,1212,208.7510,237.2163,29.88
slo_60_01,0015,8,1576,1212,1738,1437,277.2526,315.0588,54.25
slo_60_01,0015,9,1738,1437,1665,1611,188.6929,214.4230,-67.24
slo_60_01,0015,10,1665,1611,1886,1728,250.0600,284.1582,27.90
slo_60_01,0015,11,1886,1728,2028,1954,266.9082,303.3038,57.86
slo_60_01,0015,12,2028,1954,1983,2047,103.3151,117.4031,-64.18
slo_65_01,0001,0,827,0,829,90,90.0222,102.2976,88.73
slo_65_01,0001,1,829,90,929,208,154.6739,175.7652,49.72
slo_65_01,0001,2,929,208,855,365,173.5655,197.2329,-64.76
slo_65_01,0001,3,855,365,1045,489,226.8832,257.8210,33.13
slo_65_01,0001,4,1045,489,1193,712,267.6434,304.1393,56.43
slo_65_01,0001,5,1193,712,1064,883,214.2008,243.4093,-52.97
slo_65_01,0001,6,1064,883,1259,979,217.3499,246.9878,26.21
slo_65_01,0001,7,1259,979,1272,1093,114.7388,130.3846,83.49
slo_65_01,0001,8,1272,1093,1370,1219,159.6246,181.3910,52.13
slo_65_01,0001,9,1370,1219,1306,1365,159.4114,181.1488,-66.33
slo_65_01,0001,10,1306,1365,1434,1345,129.5531,147.2189,-8.88
slo_65_01,0001,11,1434,1345,1592,1532,244.8122,278.1948,49.80
slo_65_01,0001,12,1592,1532,1587,1669,137.0912,155.7850,-87.91
slo_65_01,0001,13,1587,1669,1516,1777,129.2478,146.8721,-56.68
slo_65_01,0001,14,1516,1777,1819,1856,313.1294,355.8277,14.61
slo_65_01,0001,15,1819,1856,1966,1946,172.3630,195.8664,31.48
slo_65_01,0001,16,2007,1941,1993,2007,67.4685,76.6685,-78.02
slo_65_01,0002,0,1052,0,960,179,201.2585,228.7022,-62.80
slo_65_01,0002,1,1033,182,1145,296,159.8124,181.6044,45.51
slo_65_01,0002,2,1145,296,1219,454,174.4706,198.2614,64.90
slo_65_01,0002,3,1154,341,1270,517,210.7890,239.5322,56.61
slo_65_01,0002,4,1270,517,1173,677,187.1069,212.6208,-58.77
slo_65_01,0002,5,1247,686,1380,816,185.9812,211.3416,44.35
slo_65_01,0002,6,1380,816,1389,919,103.3925,117.4911,85.01
slo_65_01,0002,7,1389,919,1483,1030,145.4545,165.2886,49.74
slo_65_01,0002,8,1483,1030,1413,1188,172.8120,196.3767,-66.10
slo_65_01,0002,9,1413,1188,1600,1316,226.6120,257.5128,34.39
slo_65_01,0002,10,1600,1316,1740,1541,265.0000,301.1354,58.11
slo_65_01,0002,11,1740,1541,1621,1707,204.2474,232.0986,-54.36
slo_65_01,0002,12,1621,1707,1811,1802,212.4265,241.3929,26.57
slo_65_01,0002,13,1811,1802,1827,1917,116.1077,131.9402,82.08
slo_65_01,0002,14,1827,1917,1920,2047,159.8405,181.6364,54.42
slo_65_01,0003,0,961,49,1093,267,254.8490,289.6002,58.80
slo_65_01,0003,1,1154,340,1063,497,181.4663,206.2110,-59.90
slo_65_01,0003,2,1063,497,1278,615,245.2529,278.6956,28.76
slo_65_01,0003,3,1278,615,1342,768,165.8463,188.4611,67.30
slo_65_01,0003,4,1374,834,1285,992,181.3422,206.0700,-60.61
slo_65_01,0003,5,1357,987,1475,1110,170.4494,193.6919,46.19
slo_65_01,0003,6,1485,1158,1597,1336,210.3045,238.9817,57.82
slo_65_01,0003,7,1597,1336,1499,1492,184.2281,209.3495,-57.86
slo_65_01,0003,8,1573,1496,1703,1625,183.1420,208.1153,44.78
slo_65_01,0003,9,1703,1625,1718,1738,113.9912,129.5351,82.44
slo_65_01,0003,10,1718,1738,1807,1841,136.1249,154.6869,49.17
slo_65_01,0003,11,1807,1841,1737,1998,171.8982,195.3383,-65.97
slo_65_01,0003,12,1737,1998,1811,2047,88.7525,100.8548,33.51
slo_65_01,0004,0,933,26,1040,217,218.9292,248.7824,60.74
slo_65_01,0004,1,1097,279,1024,443,179.5132,203.9917,-66.01
slo_65_01,0004,2,1024,443,1198,569,214.8302,244.1244,35.91
slo_65_01,0004,3,1198,569,1222,668,101.8676,115.7582,76.37
slo_65_01,0004,4,1222,668,1340,791,170.4494,193.6919,46.19
slo_65_01,0004,5,1340,791,1245,971,203.5313,231.2849,-62.18
slo_65_01,0004,6,1245,971,1414,1079,200.5617,227.9103,32.58
slo_65_01,0004,7,1414,1079,1429,1183,105.0762,119.4043,81.79
slo_65_01,0004,8,1429,1183,1549,1307,172.5572,196.0871,45.94
slo_65_01,0004,9,1549,1307,1461,1477,191.4262,217.5291,-62.63
slo_65_01,0004,10,1461,1477,1679,1599,249.8159,283.8808,29.23
slo_65_01,0004,11,1679,1599,1774,1807,228.6679,259.8490,65.45
slo_65_01,0004,12,1774,1807,1682,1972,188.9153,214.6758,-60.86
slo_65_01,0004,13,1754,1968,1820,2047,102.9417,116.9789,50.12
slo_65_01,0005,0,1063,0,1097,123,127.6127,145.0140,74.55
slo_65_01,0005,1,1097,123,1210,241,163.3799,185.6584,46.24
slo_65_01,0005,2,1210,241,1122,411,191.4262,217.5291,-62.63
slo_65_01,0005,3,1122,411,1285,525,198.9095,226.0328,34.97
slo_65_01,0005,4,1285,525,1307,637,114.1403,129.7044,78.89
slo_65_01,0005,5,1307,637,1426,756,168.2914,191.2396,45.00
slo_65_01,0005,6,1426,756,1342,924,187.8297,213.4422,-63.43
slo_65_01,0005,7,1407,923,1507,1047,159.2985,181.0204,51.12
slo_65_01,0005,8,1507,1047,1532,1162,117.6860,133.7337,77.74
slo_65_01,0005,9,1532,1162,1638,1269,150.6154,171.1533,45.27
slo_65_01,0005,10,1638,1269,1566,1437,182.7786,207.7022,-66.80
slo_65_01,0005,11,1566,1437,1740,1564,215.4182,244.7926,36.13
slo_65_01,0005,12,1740,1564,1764,1663,101.8676,115.7582,76.37
slo_65_01,0005,13,1764,1663,1879,1781,164.7695,187.2375,45.74
slo_65_01,0005,14,1879,1781,1785,1963,204.8414,232.7736,-62.68
slo_65_01,0005,15,1785,1963,1923,2047,161.5549,183.5846,31.33
slo_65_01,0006,0,958,0,1158,123,234.7957,266.8124,31.59
slo_65_01,0006,1,1158,123,1178,235,113.7717,129.2856,79.88
slo_65_01,0006,2,1178,235,1281,350,154.3826,175.4343,48.15
slo_65_01,0006,3,1281,350,1192,515,187.4727,213.0364,-61.66
slo_65_01,0006,4,1192,515,1364,636,210.2974,238.9736,35.13
slo_65_01,0006,5,1364,636,1388,742,108.6830,123.5030,77.24
slo_65_01,0006,6,1388,742,1507,861,168.2914,191.2396,45.00
slo_65_01,0006,7,1507,861,1418,1033,193.6621,220.0698,-62.64
slo_65_01,0006,8,1477,1029,1612,1155,184.6646,209.8454,43.03
slo_65_01,0006,9,1612,1155,1629,1266,112.2943,127.6067,81.29
slo_65_01,0006,10,1629,1266,1742,1384,163.3799,185.6584,46.24
slo_65_01,0006,11,1742,1384,1653,1555,192.7745,219.0612,-62.50
slo_65_01,0006,12,1653,1555,1819,1671,202.5142,230.1290,34.95
slo_65_01,0006,13,1819,1671,1837,1781,111.4630,126.6621,80.71
slo_65_01,0006,14,1837,1781,1955,1897,165.4690,188.0324,44.51
slo_65_01,0006,15,1955,1897,1872,2047,171.4322,194.8087,-61.04
slo_65_01,0007,0,1016,0,1105,142,167.5858,190.4378,57.92
slo_65_01,0007,1,1105,142,1007,272,162.8005,185.0000,-52.99
slo_65_01,0007,2,1007,272,1218,396,244.7386,278.1112,30.44
slo_65_01,0007,3,1218,396,1230,506,110.6526,125.7412,83.77
slo_65_01,0007,4,1230,506,1330,608,142.8426,162.3206,45.57
slo_65_01,0007,5,1330,608,1241,784,197.2232,224.1166,-63.18
slo_65_01,0007,6,1241,784,1443,901,233.4374,265.2689,30.08
slo_65_01,0007,7,1443,901,1467,1021,122.3765,139.0637,78.69
slo_65_01,0007,8,1467,1021,1565,1123,141.4496,160.7377,46.15
slo_65_01,0007,9,1565,1123,1477,1296,194.0953,220.5622,-63.04
slo_65_01,0007,10,1477,1296,1648,1414,207.7619,236.0923,34.61
slo_65_01,0007,11,1648,1414,1672,1523,111.6109,126.8302,77.58
slo_65_01,0007,12,1672,1523,1790,1637,164.0732,186.4462,44.01
slo_65_01,0007,13,1790,1637,1701,1814,198.1161,225.1312,-63.31
slo_65_01,0007,14,1762,1805,1896,1936,187.3953,212.9485,44.35
slo_65_01,0007,15,1896,1936,1911,2047,112.0089,127.2825,82.30
slo_65_01,0008,0,927,0,1133,132,244.6630,278.0253,32.65
slo_65_01,0008,1,1133,132,1151,240,109.4897,124.4197,80.54
slo_65_01,0008,2,1151,240,1236,332,125.2557,142.3356,47.26
slo_65_01,0008,3,1236,332,1148,496,186.1182,211.4973,-61.78
slo_65_01,0008,4,1182,496,1372,616,224.7221,255.3651,32.28
slo_65_01,0008,5,1372,616,1379,715,99.2472,112.7805,85.96
slo_65_01,0008,6,1379,715,1465,840,151.7267,172.4162,55.47
slo_65_01,0008,7,1465,840,1369,979,168.9290,191.9641,-55.37
slo_65_01,0008,8,1369,979,1579,1103,243.8770,277.1321,30.56
slo_65_01,0008,9,1579,1103,1593,1216,113.8640,129.3904,82.94
slo_65_01,0008,10,1593,1216,1694,1321,145.6915,165.5579,46.11
slo_65_01,0008,11,1694,1321,1601,1484,187.6646,213.2545,-60.29
slo_65_01,0008,12,1601,1484,1808,1615,244.9694,278.3734,32.33
slo_65_01,0008,13,1808,1615,1826,1727,113.4372,128.9055,80.87
slo_65_01,0008,14,1826,1727,1927,1835,147.8682,168.0315,46.92
slo_65_01,0008,15,1927,1835,1834,1992,182.4774,207.3600,-59.36
slo_65_01,0009,0,1010,0,918,149,175.1142,198.9928,-58.31
slo_65_01,0009,1,918,149,1090,271,210.8744,239.6292,35.35
slo_65_01,0009,2,1090,271,1114,386,117.4777,133.4969,78.21
slo_65_01,0009,3,1114,386,1206,458,116.8247,132.7549,38.05
slo_65_01,0009,4,1210,523,1119,653,158.6852,180.3235,-55.01
slo_65_01,0009,5,1119,653,1321,770,233.4374,265.2689,30.08
slo_65_01,0009,6,1321,770,1348,888,121.0496,137.5559,77.11
slo_65_01,0009,7,1348,888,1427,951,101.0445,114.8230,38.57
slo_65_01,0009,8,1428,985,1343,1142,178.5329,202.8777,-61.57
slo_65_01,0009,9,1377,1143,1566,1259,221.7589,251.9979,31.54
slo_65_01,0009,10,1568,1309,1661,1500,212.4382,241.4063,64.04
slo_65_01,0009,11,1661,1500,1564,1626,159.0126,180.6955,-52.41
slo_65_01,0009,12,1564,1626,1773,1748,242.0021,275.0015,30.27
slo_65_01,0009,13,1773,1748,1785,1858,110.6526,125.7412,83.77
slo_65_01,0009,14,1785,1858,1888,1966,149.2414,169.5920,46.36
slo_65_01,0009,15,1888,1966,1849,2047,89.8999,102.1587,-64.29
slo_65_01,0010,0,1177,0,1305,150,197.1903,224.0791,49.52
slo_65_01,0010,1,1305,150,1219,312,183.4121,208.4222,-62.04
slo_65_01,0010,2,1219,312,1386,435,207.4078,235.6899,36.37
slo_65_01,0010,3,1386,435,1427,543,115.5206,131.2729,69.21
slo_65_01,0010,4,1427,543,1537,628,139.0144,157.9704,37.69
slo_65_01,0010,5,1537,628,1442,826,219.6110,249.5572,-64.37
slo_65_01,0010,6,1442,826,1613,949,210.6419,239.3650,35.73
slo_65_01,0010,7,1613,949,1637,1065,118.4567,134.6095,78.31
slo_65_01,0010,8,1637,1065,1728,1137,116.0388,131.8618,38.35
slo_65_01,0010,9,1735,1201,1642,1332,160.6549,182.5618,-54.63
slo_65_01,0010,10,1642,1332,1849,1453,239.7707,272.4659,30.31
slo_65_01,0010,11,1849,1453,1914,1627,185.7444,211.0726,69.52
slo_65_01,0010,12,1862,1515,1953,1658,169.4993,192.6122,57.53
slo_65_01,0010,13,1953,1658,1865,1821,185.2377,210.4967,-61.64
slo_65_01,0010,14,1899,1821,2079,1929,209.9143,238.5382,30.96
slo_65_01,0010,15,2079,1929,2095,2047,119.0798,135.3175,82.28
slo_65_01,0011,0,1090,0,1172,99,128.5496,146.0786,50.37
slo_65_01,0011,1,1172,99,1089,247,169.6850,192.8232,-60.72
slo_65_01,0011,2,1089,247,1259,377,214.0093,243.1917,37.41
slo_65_01,0011,3,1259,377,1280,473,98.2700,111.6701,77.66
slo_65_01,0011,4,1280,473,1399,599,173.3119,196.9447,46.64
slo_65_01,0011,5,1399,599,1294,769,199.8124,227.0588,-58.30
slo_65_01,0011,6,1294,769,1472,897,219.2442,249.1403,35.72
slo_65_01,0011,7,1472,897,1499,994,100.6876,114.4174,74.45
slo_65_01,0011,8,1499,994,1612,1109,161.2265,183.2114,45.50
slo_65_01,0011,9,1619,1133,1529,1280,172.3630,195.8664,-58.52
slo_65_01,0011,10,1529,1280,1705,1412,220.0000,249.9992,36.87
slo_65_01,0011,11,1705,1412,1733,1508,100.0000,113.6360,73.74
slo_65_01,0011,12,1733,1508,1846,1601,146.3489,166.3050,39.45
slo_65_01,0011,13,1846,1601,1746,1784,208.5402,236.9767,-61.35
slo_65_01,0011,14,1746,1784,1925,1922,226.0199,256.8400,37.63
slo_65_01,0011,15,1925,1922,1953,2047,128.0976,145.5650,77.37
slo_65_01,0012,0,1205,0,1139,118,135.2036,153.6399,-60.78
slo_65_01,0012,1,1139,118,1312,247,215.8008,245.2274,36.71
slo_65_01,0012,2,1312,247,1387,413,182.1565,206.9954,65.69
slo_65_01,0012,3,1325,299,1436,475,208.0793,236.4530,57.76
slo_65_01,0012,4,1436,475,1348,639,186.1182,211.4973,-61.78
slo_65_01,0012,5,1348,639,1479,744,167.8869,190.7799,38.71
slo_65_01,0012,6,1479,744,1507,844,103.8460,118.0065,74.36
slo_65_01,0012,7,1507,844,1648,983,197.9949,224.9935,44.59
slo_65_01,0012,8,1648,983,1566,1145,181.5709,206.3299,-63.15
slo_65_01,0012,9,1566,1145,1737,1276,215.4112,244.7847,37.46
slo_65_01,0012,10,1737,1276,1758,1375,101.2028,115.0028,78.02
slo_65_01,0012,11,1758,1375,1874,1493,165.4690,188.0324,45.49
slo_65_01,0012,12,1874,1493,1770,1668,203.5706,231.3295,-59.28
slo_65_01,0012,13,1770,1668,1944,1792,213.6633,242.7984,35.48
slo_65_01,0012,14,1944,1792,2083,2047,290.4238,330.0260,61.41
slo_65_01,0013,0,1087,0,1220,99,165.8011,188.4097,36.66
slo_65_01,0013,1,1220,99,1379,329,279.6087,317.7361,55.34
slo_65_01,0013,2,1379,329,1295,493,184.2607,209.3865,-62.88
slo_65_01,0013,3,1295,493,1473,629,224.0089,254.5548,37.38
slo_65_01,0013,4,1473,629,1488,725,97.1648,110.4142,81.12
slo_65_01,0013,5,1488,725,1597,847,163.6001,185.9086,48.22
slo_65_01,0013,6,1597,847,1521,1003,173.5281,197.1904,-64.03
slo_65_01,0013,7,1521,1003,1696,1133,218.0023,247.7291,36.61
slo_65_01,0013,8,1696,1133,1768,1296,178.1937,202.4922,66.17
slo_65_01,0013,9,1707,1184,1817,1357,205.0098,232.9649,57.55
slo_65_01,0013,10,1817,1357,1726,1515,182.3321,207.1949,-60.06
slo_65_01,0013,11,1793,1570,1957,1796,279.2347,317.3111,54.03
slo_65_01,0013,12,2027,1864,1942,2017,175.0257,198.8922,-60.95
slo_65_01,0014,0,1164,0,1139,79,82.8613,94.1603,-72.44
slo_65_01,0014,1,1139,79,1279,177,170.8918,194.1946,34.99
slo_65_01,0014,2,1279,177,1317,281,110.7249,125.8233,69.93
slo_65_01,0014,3,1317,281,1452,413,188.8094,214.5555,44.36
slo_65_01,0014,4,1452,413,1359,585,195.5326,222.1954,-61.60
slo_65_01,0014,5,1359,585,1509,695,186.0108,211.3752,36.25
slo_65_01,0014,6,1509,695,1607,860,191.9088,218.0775,59.29
slo_65_01,0014,7,1525,743,1668,926,232.2456,263.9146,52.00
slo_65_01,0014,8,1668,926,1578,1090,187.0722,212.5813,-61.24
slo_65_01,0014,9,1578,1090,1762,1226,228.8056,260.0055,36.47
slo_65_01,0014,10,1762,1226,1773,1323,97.6217,110.9334,83.53
slo_65_01,0014,11,1773,1323,1884,1442,162.7329,184.9232,46.99
slo_65_01,0014,12,1884,1442,1802,1601,178.8994,203.2941,-62.72
slo_65_01,0014,13,1802,1601,1985,1733,225.6391,256.4072,35.80
slo_65_01,0014,14,1985,1733,2004,1833,101.7890,115.6689,79.24
slo_65_01,0014,15,2004,1833,2103,1957,158.6726,180.3092,51.40
slo_65_01,0014,16,2103,1957,2051,2047,103.9423,118.1159,-59.98
slo_65_01,0015,0,1063,0,1201,184,230.0000,261.3628,53.13
slo_65_01,0015,1,1201,184,1093,345,193.8685,220.3044,-56.15
slo_65_01,0015,2,1093,345,1283,478,231.9246,263.5498,34.99
slo_65_01,0015,3,1283,478,1302,585,108.6738,123.4926,79.93
slo_65_01,0015,4,1302,585,1421,698,164.1036,186.4808,43.52
slo_65_01,0015,5,1421,698,1334,872,194.5379,221.0651,-63.43
slo_65_01,0015,6,1334,872,1482,981,183.8070,208.8709,36.37
slo_65_01,0015,7,1482,981,1511,1076,99.3277,112.8721,73.02
slo_65_01,0015,8,1511,1076,1648,1210,191.6377,217.7694,44.37
slo_65_01,0015,9,1648,1210,1554,1383,196.8883,223.7360,-61.48
slo_65_01,0015,10,1554,1383,1712,1501,197.2004,224.0907,36.75
slo_65_01,0015,11,1712,1501,1803,1661,184.0679,209.1674,60.37
slo_65_01,0015,12,1726,1549,1864,1726,224.4393,255.0438,52.06
slo_65_01,0015,13,1864,1726,1771,1887,185.9301,211.2835,-59.99
slo_65_01,0015,14,1771,1887,1963,2047,249.9280,284.0082,39.81
slo_65_01,0016,0,944,24,1059,212,220.3838,250.4353,58.55
slo_65_01,0016,1,1121,273,1024,440,193.1269,219.4617,-59.85
slo_65_01,0016,2,1024,440,1189,571,210.6799,239.4082,38.45
slo_65_01,0016,3,1189,571,1213,666,97.9847,111.3459,75.82
slo_65_01,0016,4,1213,666,1340,792,178.8994,203.2941,44.77
slo_65_01,0016,5,1340,792,1230,952,194.1649,220.6412,-55.49
slo_65_01,0016,6,1230,952,1421,1088,234.4717,266.4443,35.45
slo_65_01,0016,7,1421,1088,1440,1196,109.6586,124.6116,80.02
slo_65_01,0016,8,1440,1196,1560,1313,167.5977,190.4514,44.27
slo_65_01,0016,9,1560,1313,1472,1484,192.3148,218.5389,-62.77
slo_65_01,0016,10,1472,1484,1614,1586,174.8371,198.6778,35.69
slo_65_01,0016,11,1614,1586,1652,1691,111.6647,126.8913,70.10
slo_65_01,0016,12,1652,1691,1787,1822,188.1117,213.7626,44.14
slo_65_01,0016,13,1787,1822,1689,1978,184.2281,209.3495,-57.86
slo_65_01,0016,14,1689,1978,1771,2047,107.1681,121.7815,40.08
slo_65_01,0017,0,950,0,1102,127,198.0732,225.0825,39.88
slo_65_01,0017,1,1102,127,1131,230,107.0047,121.5958,74.28
slo_65_01,0017,2,1131,230,1257,357,178.8994,203.2941,45.23
slo_65_01,0017,3,1257,357,1161,527,195.2332,221.8552,-60.55
slo_65_01,0017,4,1161,527,1326,656,209.4421,238.0016,38.02
slo_65_01,0017,5,1326,656,1350,752,98.9545,112.4480,75.96
slo_65_01,0017,6,1350,752,1475,874,174.6683,198.4860,44.30
slo_65_01,0017,7,1475,874,1368,1041,198.3381,225.3835,-57.35
slo_65_01,0017,8,1368,1041,1557,1173,230.5320,261.9673,34.93
slo_65_01,0017,9,1557,1173,1576,1281,109.6586,124.6116,80.02
slo_65_01,0017,10,1576,1281,1695,1394,164.1036,186.4808,43.52
slo_65_01,0017,11,1695,1394,1607,1568,194.9872,221.5756,-63.17
slo_65_01,0017,12,1607,1568,1748,1667,172.2846,195.7774,35.07
slo_65_01,0017,13,1748,1667,1787,1774,113.8859,129.4154,69.97
slo_65_01,0017,14,1787,1774,1921,1906,188.0957,213.7445,44.57
slo_65_01,0017,15,1921,1906,1822,2047,172.2846,195.7774,-54.93
slo_70_01,0001,0,970,0,1085,136,178.1039,202.3902,49.78
slo_70_01,0001,1,1085,136,1005,311,192.4188,218.6570,-65.43
slo_70_01,0001,2,1005,311,1134,400,156.7227,178.0934,34.60
slo_70_01,0001,3,1134,400,1163,521,124.4267,141.3935,76.52
slo_70_01,0001,4,1163,521,1290,629,166.7123,189.4452,40.38
slo_70_01,0001,5,1290,629,1190,827,221.8197,252.0671,-63.20
slo_70_01,0001,6,1190,827,1290,900,123.8103,140.6931,36.13
slo_70_01,0001,7,1290,900,1331,1024,130.6025,148.4114,71.70
slo_70_01,0001,8,1331,1024,1449,1157,177.8004,202.0453,48.42
slo_70_01,0001,9,1449,1157,1368,1298,162.6100,184.7835,-60.12
slo_70_01,0001,10,1368,1298,1498,1399,164.6238,187.0719,37.84
slo_70_01,0001,11,1498,1399,1503,1499,100.1249,113.7780,87.14
slo_70_01,0001,12,1503,1499,1619,1639,181.8131,206.6051,50.36
slo_70_01,0001,13,1619,1639,1520,1779,171.4672,194.8485,-54.73
slo_70_01,0001,14,1520,1779,1843,1845,329.6741,374.6284,11.55
slo_70_01,0001,15,1843,1845,1926,2047,218.3873,248.1666,67.66
slo_70_01,0002,0,1123,0,1039,136,159.8499,181.6471,-58.30
slo_70_01,0002,1,1039,136,1164,230,156.4001,177.7268,36.94
slo_70_01,0002,2,1164,230,1186,367,138.7552,157.6758,80.88
slo_70_01,0002,3,1186,367,1286,449,129.3213,146.9556,39.35
slo_70_01,0002,4,1286,449,1201,635,204.5018,232.3877,-65.44
slo_70_01,0002,5,1201,635,1328,733,160.4151,182.2893,37.66
slo_70_01,0002,6,1328,733,1350,860,128.8914,146.4671,80.17
slo_70_01,0002,7,1350,860,1457,965,149.9133,170.3555,44.46
slo_70_01,0002,8,1457,965,1375,1148,200.5318,227.8763,-65.86
slo_70_01,0002,9,1375,1148,1507,1238,159.7623,181.5475,34.29
slo_70_01,0002,10,1507,1238,1535,1360,125.1719,142.2403,77.07
slo_70_01,0002,11,1535,1360,1661,1468,165.9518,188.5810,40.60
slo_70_01,0002,12,1665,1529,1561,1665,171.2075,194.5533,-52.59
slo_70_01,0002,13,1561,1665,1672,1752,141.0319,160.2630,38.09
slo_70_01,0002,14,1672,1752,1702,1864,115.9483,131.7590,75.00
slo_70_01,0002,15,1702,1864,1808,1969,149.2012,169.5463,44.73
slo_70_01,0003,0,1258,23,1384,241,251.7936,286.1281,59.97
slo_70_01,0003,1,1441,302,1350,474,194.5893,221.1235,-62.12
slo_70_01,0003,2,1350,474,1476,558,151.4332,172.0826,33.69
slo_70_01,0003,3,1476,558,1512,698,144.5545,164.2659,75.58
slo_70_01,0003,4,1512,698,1626,792,147.7566,167.9046,39.51
slo_70_01,0003,5,1626,792,1528,974,206.7075,234.8942,-61.70
slo_70_01,0003,6,1528,974,1654,1069,157.8005,179.3182,37.02
slo_70_01,0003,7,1654,1069,1677,1211,143.8506,163.4661,80.80
slo_70_01,0003,8,1677,1211,1774,1286,122.6132,139.3328,37.71
slo_70_01,0003,9,1774,1286,1691,1475,206.4219,234.5696,-66.29
slo_70_01,0003,10,1691,1475,1820,1579,165.7015,188.2966,38.88
slo_70_01,0003,11,1820,1579,1838,1699,121.3425,137.8888,81.47
slo_70_01,0003,12,1838,1699,1944,1802,147.8005,167.9546,44.18
slo_70_01,0003,13,1944,1802,1862,1986,201.4448,228.9138,-65.98
slo_70_01,0003,14,1862,1986,1950,2047,107.0747,121.6755,34.73
slo_70_01,0004,0,1238,0,1329,69,114.2016,129.7741,37.17
slo_70_01,0004,1,1329,69,1215,261,223.2935,253.7418,-59.30
slo_70_01,0004,2,1215,261,1332,343,142.8741,162.3564,35.02
slo_70_01,0004,3,1332,343,1372,485,147.5263,167.6430,74.27
slo_70_01,0004,4,1372,485,1498,584,160.2404,182.0908,38.16
slo_70_01,0004,5,1498,584,1392,768,212.3488,241.3046,-60.05
slo_70_01,0004,6,1392,768,1512,863,153.0523,173.9225,38.37
slo_70_01,0004,7,1512,863,1536,980,119.4362,135.7225,78.41
slo_70_01,0004,8,1536,980,1651,1098,164.7695,187.2375,45.74
slo_70_01,0004,9,1651,1098,1559,1276,200.3697,227.6921,-62.67
slo_70_01,0004,10,1559,1276,1688,1363,155.5956,176.8126,34.00
slo_70_01,0004,11,1688,1363,1727,1508,150.1533,170.6282,74.95
slo_70_01,0004,12,1727,1508,1832,1599,138.9460,157.8927,40.91
slo_70_01,0004,13,1832,1599,1733,1772,199.3239,226.5037,-60.22
slo_70_01,0004,14,1733,1772,1868,1879,172.2614,195.7510,38.40
slo_70_01,0004,15,1868,1879,1918,2047,175.2826,199.1842,73.43
slo_70_01,0005,0,1237,0,1161,117,139.5170,158.5416,-56.99
slo_70_01,0005,1,1161,117,1305,225,180.0000,204.5448,36.87
slo_70_01,0005,2,1305,225,1326,344,120.8387,137.3163,79.99
slo_70_01,0005,3,1326,344,1433,470,165.3028,187.8434,49.66
slo_70_01,0005,4,1433,470,1329,637,196.7359,223.5628,-58.09
slo_70_01,0005,5,1329,637,1456,730,157.4103,178.8748,36.21
slo_70_01,0005,6,1456,730,1484,859,132.0038,150.0038,77.75
slo_70_01,0005,7,1484,859,1608,963,161.8394,183.9079,39.99
slo_70_01,0005,8,1608,963,1497,1157,223.5106,253.9885,-60.22
slo_70_01,0005,9,1497,1157,1611,1238,139.8463,158.9158,35.39
slo_70_01,0005,10,1611,1238,1648,1376,142.8741,162.3564,74.99
slo_70_01,0005,11,1648,1376,1777,1481,166.3310,189.0119,39.14
slo_70_01,0005,12,1777,1481,1673,1663,209.6187,238.2023,-60.26
slo_70_01,0005,13,1673,1663,1791,1759,152.1184,172.8612,39.13
slo_70_01,0005,14,1791,1759,1817,1879,122.7844,139.5272,77.77
slo_70_01,0005,15,1817,1879,1930,1993,160.5148,182.4026,45.25
slo_70_01,0006,0,1279,0,1311,313,314.6315,357.5347,84.16
slo_70_01,0006,1,1311,313,1438,419,165.4237,187.9809,39.85
slo_70_01,0006,2,1438,419,1335,618,224.0759,254.6309,-62.63
slo_70_01,0006,3,1335,618,1470,721,169.8058,192.9605,37.34
slo_70_01,0006,4,1470,721,1496,836,117.9025,133.9797,77.26
slo_70_01,0006,5,1496,836,1625,942,166.9641,189.7313,39.41
slo_70_01,0006,6,1625,942,1520,1123,209.2510,237.7845,-59.88
slo_70_01,0006,7,1520,1123,1664,1233,181.2071,205.9165,37.38
slo_70_01,0006,8,1664,1233,1685,1354,122.8088,139.5550,80.15
slo_70_01,0006,9,1685,1354,1786,1463,148.6001,168.8632,47.18
slo_70_01,0006,10,1789,1493,1687,1643,181.3946,206.1296,-55.78
slo_70_01,0006,11,1687,1643,1815,1740,160.6020,182.5017,37.16
slo_70_01,0006,12,1815,1740,1841,1866,128.6546,146.1979,78.34
slo_70_01,0006,13,1841,1866,1964,1970,161.0745,183.0386,40.22
slo_70_01,0006,14,1964,1970,1941,2038,71.7844,81.5729,-71.31
slo_70_01,0007,0,1110,0,1229,91,149.8065,170.2342,37.41
slo_70_01,0007,1,1229,91,1239,215,124.4026,141.3661,85.39
slo_70_01,0007,2,1239,215,1345,302,137.1313,155.8306,39.38
slo_70_01,0007,3,1345,302,1245,485,208.5402,236.9767,-61.35
slo_70_01,0007,4,1245,485,1375,578,159.8405,181.6364,35.58
slo_70_01,0007,5,1375,578,1437,741,174.3932,198.1735,69.17
slo_70_01,0007,6,1437,741,1590,832,178.0169,202.2912,30.74
slo_70_01,0007,7,1590,832,1531,976,155.6181,176.8382,-67.72
slo_70_01,0007,8,1531,976,1582,1044,85.0000,96.5906,53.13
slo_70_01,0007,9,1582,1044,1577,1213,169.0739,192.1289,-88.31
slo_70_01,0007,10,1577,1213,1703,1322,166.6043,189.3225,40.86
slo_70_01,0007,11,1703,1322,1601,1519,221.8400,252.0901,-62.63
slo_70_01,0007,12,1601,1519,1734,1623,168.8342,191.8565,38.02
slo_70_01,0007,13,1734,1623,1762,1739,119.3315,135.6035,76.43
slo_70_01,0007,14,1762,1739,1890,1844,165.5566,188.1319,39.36
slo_70_01,0007,15,1890,1844,1783,1999,188.3454,214.0282,-55.38
slo_70_01,0008,0,1169,0,1181,94,94.7629,107.6847,82.72
slo_70_01,0008,1,1181,94,1284,212,156.6301,177.9882,48.88
slo_70_01,0008,2,1284,212,1193,353,167.8154,190.6987,-57.16
slo_70_01,0008,3,1193,353,1329,460,173.0462,196.6428,38.19
slo_70_01,0008,4,1329,460,1343,580,120.8139,137.2881,83.35
slo_70_01,0008,5,1343,580,1463,677,154.3017,175.3422,38.95
slo_70_01,0008,6,1463,677,1365,851,199.6998,226.9308,-60.61
slo_70_01,0008,7,1365,851,1499,952,167.8005,190.6817,37.01
slo_70_01,0008,8,1499,952,1510,1078,126.4792,143.7260,85.01
slo_70_01,0008,9,1510,1078,1616,1169,139.7033,158.7532,40.65
slo_70_01,0008,10,1616,1169,1517,1351,207.1835,235.4350,-61.46
slo_70_01,0008,11,1517,1351,1648,1446,161.8209,183.8868,35.95
slo_70_01,0008,12,1648,1446,1707,1605,169.5936,192.7194,69.64
slo_70_01,0008,13,1707,1605,1860,1697,178.5301,202.8745,31.02
slo_70_01,0008,14,1860,1697,1806,1797,113.6486,129.1457,-61.63
slo_70_01,0008,15,1830,1852,1843,2047,195.4329,222.0821,86.19
slo_70_01,0009,0,1324,0,1232,195,215.6131,245.0141,-64.74
slo_70_01,0009,1,1232,195,1333,281,132.6537,150.7423,40.41
slo_70_01,0009,2,1333,281,1366,403,126.3843,143.6181,74.86
slo_70_01,0009,3,1366,403,1488,500,155.8621,177.1155,38.49
slo_70_01,0009,4,1488,500,1397,670,192.8238,219.1172,-61.84
slo_70_01,0009,5,1397,670,1539,796,189.8420,215.7289,41.58
slo_70_01,0009,6,1539,796,1559,914,119.6829,136.0029,80.38
slo_70_01,0009,7,1559,914,1656,1000,129.6341,147.3110,41.56
slo_70_01,0009,8,1656,1000,1570,1173,193.1968,219.5411,-63.57
slo_70_01,0009,9,1570,1173,1707,1280,173.8333,197.5372,37.99
slo_70_01,0009,10,1707,1280,1722,1403,123.9113,140.8078,83.05
slo_70_01,0009,11,1722,1403,1840,1499,152.1184,172.8612,39.13
slo_70_01,0009,12,1840,1499,1742,1669,196.2244,222.9815,-60.04
slo_70_01,0009,13,1742,1669,1878,1776,173.0462,196.6428,38.19
slo_70_01,0009,14,1878,1776,1884,1891,115.1564,130.8591,87.01
slo_70_01,0009,15,1884,1891,1991,1986,143.0874,162.5988,41.60
slo_70_01,0010,0,1190,106,1353,342,286.8188,325.9294,55.37
slo_70_01,0010,1,1417,395,1310,604,234.7978,266.8148,-62.89
slo_70_01,0010,2,1310,604,1500,798,271.5437,308.5714,45.60
slo_70_01,0010,3,1366,646,1515,856,257.4898,292.6011,54.64
slo_70_01,0010,4,1515,856,1582,956,120.3703,136.7840,56.18
slo_70_01,0010,5,1582,956,1485,1118,188.8200,214.5675,-59.09
slo_70_01,0010,6,1532,1046,1534,1158,112.0179,127.2926,88.98
slo_70_01,0010,7,1534,1158,1674,1374,257.4024,292.5018,57.05
slo_70_01,0010,8,1674,1374,1695,1523,150.4726,170.9910,81.98
slo_70_01,0010,9,1740,1440,1646,1596,182.1318,206.9673,-58.93
slo_70_01,0010,10,1646,1596,1791,1718,189.4967,215.3365,40.08
slo_70_01,0010,11,1791,1718,1811,1837,120.6690,137.1234,80.46
slo_70_01,0010,12,1811,1837,1909,1939,141.4496,160.7377,46.15
slo_70_01,0010,13,1909,1939,1859,2047,119.0126,135.2412,-65.16
slo_70_01,0011,0,1095,0,1218,122,173.2426,196.8660,44.77
slo_70_01,0011,1,1218,122,1245,243,123.9758,140.8811,77.42
slo_70_01,0011,2,1245,243,1370,346,161.9691,184.0552,39.49
slo_70_01,0011,3,1370,346,1269,532,211.6530,240.5140,-61.50
slo_70_01,0011,4,1269,532,1400,633,165.4146,187.9706,37.63
slo_70_01,0011,5,1400,633,1423,750,119.2393,135.4987,78.88
slo_70_01,0011,6,1423,750,1538,876,170.5902,193.8518,47.61
slo_70_01,0011,7,1538,876,1417,1034,199.0100,226.1471,-52.55
slo_70_01,0011,8,1417,1034,1575,1148,194.8333,221.4007,35.81
slo_70_01,0011,9,1575,1148,1598,1261,115.3170,131.0416,78.50
slo_70_01,0011,10,1598,1261,1725,1372,168.6713,191.6713,41.15
slo_70_01,0011,11,1725,1372,1621,1577,229.8717,261.2170,-63.10
slo_70_01,0011,12,1621,1577,1733,1664,141.8203,161.1589,37.84
slo_70_01,0011,13,1733,1664,1758,1774,112.8051,128.1873,77.20
slo_70_01,0011,14,1758,1774,1893,1909,190.9188,216.9525,45.00
slo_70_01,0011,15,1893,1909,1807,2047,162.6038,184.7765,-58.07
slo_70_01,0012,0,1271,0,1351,78,111.7318,126.9676,44.27
slo_70_01,0012,1,1351,78,1245,254,205.4556,233.4715,-58.94
slo_70_01,0012,2,1245,254,1368,354,158.5213,180.1373,39.11
slo_70_01,0012,3,1368,354,1402,482,132.4387,150.4980,75.12
slo_70_01,0012,4,1402,482,1521,576,151.6476,172.3263,38.31
slo_70_01,0012,5,1521,576,1422,765,213.3589,242.4525,-62.35
slo_70_01,0012,6,1422,765,1545,856,153.0033,173.8668,36.50
slo_70_01,0012,7,1545,856,1571,975,121.8072,138.4169,77.68
slo_70_01,0012,8,1571,975,1700,1080,166.3310,189.0119,39.14
slo_70_01,0012,9,1700,1080,1599,1268,213.4127,242.5137,-61.75
slo_70_01,0012,10,1599,1268,1730,1372,167.2633,190.0713,38.45
slo_70_01,0012,11,1730,1372,1750,1485,114.7563,130.4044,79.96
slo_70_01,0012,12,1750,1485,1858,1578,142.5237,161.9582,40.73
slo_70_01,0012,13,1857,1644,1745,1768,167.0928,189.8776,-47.91
slo_70_01,0012,14,1745,1768,1901,1882,193.2149,219.5617,36.16
slo_70_01,0012,15,1901,1882,1952,2025,151.8223,172.5247,70.37
slo_70_01,0013,0,1170,0,1129,78,88.1192,100.1352,-62.27
slo_70_01,0013,1,1129,78,1258,174,160.8011,182.7280,36.66
slo_70_01,0013,2,1258,174,1274,300,127.0118,144.3311,82.76
slo_70_01,0013,3,1274,300,1402,399,161.8178,183.8833,37.72
slo_70_01,0013,4,1402,399,1296,589,217.5684,247.2360,-60.84
slo_70_01,0013,5,1296,589,1428,691,166.8173,189.5645,37.69
slo_70_01,0013,6,1428,691,1435,800,109.2245,124.1184,86.33
slo_70_01,0013,7,1435,800,1567,922,179.7443,204.2542,42.75
slo_70_01,0013,8,1567,922,1461,1105,211.4829,240.3207,-59.92
slo_70_01,0013,9,1461,1105,1584,1204,157.8924,179.4226,38.83
slo_70_01,0013,10,1584,1204,1606,1319,117.0854,133.0512,79.17
slo_70_01,0013,11,1606,1319,1736,1430,170.9415,194.2511,40.49
slo_70_01,0013,12,1736,1430,1637,1615,209.8237,238.4353,-61.85
slo_70_01,0013,13,1637,1615,1759,1706,152.2005,172.9546,36.72
slo_70_01,0013,14,1759,1706,1786,1826,123.0000,139.7723,77.32
slo_70_01,0013,15,1786,1826,1913,1930,164.1493,186.5327,39.31
slo_70_01,0013,16,1913,1930,1857,2047,129.7112,147.3986,-64.42
slo_70_01,0014,0,1174,0,1094,139,160.3777,182.2468,-60.08
slo_70_01,0014,1,1094,139,1223,241,164.4536,186.8785,38.33
slo_70_01,0014,2,1223,241,1240,354,114.2716,129.8537,81.44
slo_70_01,0014,3,1240,354,1372,461,169.9206,193.0909,39.03
slo_70_01,0014,4,1372,461,1264,650,217.6810,247.3639,-60.26
slo_70_01,0014,5,1264,650,1384,744,152.4336,173.2194,38.07
slo_70_01,0014,6,1384,744,1400,868,125.0280,142.0768,82.65
slo_70_01,0014,7,1400,868,1524,970,160.5615,182.4557,39.44
slo_70_01,0014,8,1524,970,1427,1157,210.6609,239.3866,-62.58
slo_70_01,0014,9,1427,1157,1557,1257,164.0122,186.3769,37.57
slo_70_01,0014,10,1557,1257,1573,1385,128.9961,146.5860,82.87
slo_70_01,0014,11,1573,1385,1699,1484,160.2404,182.0908,38.16
slo_70_01,0014,12,1699,1484,1592,1671,215.4484,244.8269,-60.22
slo_70_01,0014,13,1592,1671,1724,1771,165.6019,188.1834,37.15
slo_70_01,0014,14,1724,1771,1733,1885,114.3547,129.9481,85.49
slo_70_01,0014,15,1733,1885,1857,1991,163.1318,185.3765,40.53
slo_70_01,0015,0,1161,0,1240,71,106.2168,120.7005,41.95
slo_70_01,0015,1,1240,71,1140,255,209.4182,237.9745,-61.48
slo_70_01,0015,2,1140,255,1266,348,156.6046,177.9592,36.43
slo_70_01,0015,3,1266,348,1279,477,129.6534,147.3329,84.25
slo_70_01,0015,4,1279,477,1401,576,157.1146,178.5388,39.06
slo_70_01,0015,5,1401,576,1301,770,218.2567,248.0182,-62.73
slo_70_01,0015,6,1301,770,1429,864,158.8081,180.4631,36.29
slo_70_01,0015,7,1429,864,1446,984,121.1982,137.7248,81.94
slo_70_01,0015,8,1446,984,1579,1094,172.5949,196.1299,39.59
slo_70_01,0015,9,1579,1094,1471,1283,217.6810,247.3639,-60.26
slo_70_01,0015,10,1471,1283,1590,1375,150.4161,170.9268,37.71
slo_70_01,0015,11,1590,1375,1608,1502,128.2692,145.7600,81.93
slo_70_01,0015,12,1608,1502,1731,1605,160.4307,182.3070,39.94
slo_70_01,0015,13,1731,1605,1632,1788,208.0625,236.4339,-61.59
slo_70_01,0015,14,1632,1788,1763,1888,164.8059,187.2789,37.36
slo_70_01,0015,15,1763,1888,1805,2047,164.4536,186.8785,75.20
slo_70_01,0016,0,1150,46,1243,228,204.3844,232.2543,62.93
slo_70_01,0016,1,1243,228,1362,335,160.0312,181.8531,41.96
slo_70_01,0016,2,1362,335,1262,521,211.1777,239.9738,-61.74
slo_70_01,0016,3,1262,521,1389,615,158.0032,179.5485,36.51
slo_70_01,0016,4,1389,615,1401,744,129.5569,147.2233,84.69
slo_70_01,0016,5,1401,744,1523,844,157.7466,179.2570,39.34
slo_70_01,0016,6,1523,844,1424,1038,217.8004,247.4996,-62.96
slo_70_01,0016,7,1424,1038,1550,1130,156.0128,177.2867,36.14
slo_70_01,0016,8,1550,1130,1567,1250,121.1982,137.7248,81.94
slo_70_01,0016,9,1567,1250,1701,1362,174.6425,198.4567,39.89
slo_70_01,0016,10,1701,1362,1593,1548,215.0814,244.4099,-59.86
slo_70_01,0016,11,1593,1548,1714,1644,154.4571,175.5189,38.43
slo_70_01,0016,12,1714,1644,1728,1765,121.8072,138.4169,83.40
slo_70_01,0016,13,1728,1765,1852,1871,163.1318,185.3765,40.53
slo_70_01,0016,14,1852,1871,1754,2047,201.4448,228.9138,-60.89
slo_75_01,0001,0,1249,0,1139,158,192.5201,218.7722,-55.15
slo_75_01,0001,1,1139,158,1215,214,94.4034,107.2762,36.38
slo_75_01,0001,2,1215,214,1236,352,139.5887,158.6230,81.35
slo_75_01,0001,3,1236,352,1349,492,179.9139,204.4469,51.09
slo_75_01,0001,4,1349,492,1258,699,226.1194,256.9531,-66.27
slo_75_01,0001,5,1258,699,1345,756,104.0096,118.1924,33.23
slo_75_01,0001,6,1345,756,1344,862,106.0047,120.4595,-89.46
slo_75_01,0001,7,1344,862,1493,993,198.3986,225.4522,41.32
slo_75_01,0001,8,1493,993,1391,1203,233.4609,265.2956,-64.09
slo_75_01,0001,9,1391,1203,1485,1247,103.7882,117.9408,25.08
slo_75_01,0001,10,1485,1247,1462,1381,135.9596,154.4990,-80.26
slo_75_01,0001,11,1462,1381,1600,1510,188.9047,214.6638,43.07
slo_75_01,0001,12,1600,1510,1544,1639,140.6307,159.8071,-66.53
slo_75_01,0001,13,1544,1639,1725,1802,243.5775,276.7917,42.00
slo_75_01,0001,14,1726,1851,1683,1978,134.0821,152.3655,-71.29
slo_75_01,0002,0,1266,0,1353,182,201.7251,229.2323,64.45
slo_75_01,0002,1,1283,59,1405,245,222.4410,252.7731,56.74
slo_75_01,0002,2,1405,245,1283,433,224.1160,254.6765,-57.02
slo_75_01,0002,3,1283,433,1358,506,104.6614,118.9330,44.23
slo_75_01,0002,4,1358,506,1353,593,87.1436,99.0265,-86.71
slo_75_01,0002,5,1353,593,1517,747,224.9711,255.6482,43.20
slo_75_01,0002,6,1517,747,1405,911,198.5951,225.6755,-55.67
slo_75_01,0002,7,1405,911,1497,993,123.2396,140.0446,41.71
slo_75_01,0002,8,1497,993,1505,1112,119.2686,135.5321,86.15
slo_75_01,0002,9,1505,1112,1621,1259,187.2565,212.7908,51.72
slo_75_01,0002,10,1621,1259,1527,1458,220.0841,250.0947,-64.72
slo_75_01,0002,11,1527,1458,1610,1517,101.8332,115.7192,35.41
slo_75_01,0002,12,1610,1517,1614,1625,108.0740,122.8110,87.88
slo_75_01,0002,13,1614,1625,1764,1754,197.8408,224.8184,40.70
slo_75_01,0002,14,1764,1754,1666,1929,200.5717,227.9216,-60.75
slo_75_01,0003,0,1266,0,1298,139,142.6359,162.0857,77.04
slo_75_01,0003,1,1298,139,1415,241,155.2192,176.3849,41.08
slo_75_01,0003,2,1415,241,1301,434,224.1540,254.7196,-59.43
slo_75_01,0003,3,1301,434,1459,635,255.6658,290.5284,51.83
slo_75_01,0003,4,1347,477,1472,700,255.6443,290.5039,60.73
slo_75_01,0003,5,1472,700,1469,850,150.0300,170.4881,-88.85
slo_75_01,0003,6,1526,760,1410,930,205.8057,233.8694,-55.69
slo_75_01,0003,7,1410,930,1587,1140,274.6434,312.0938,49.87
slo_75_01,0003,8,1464,977,1607,1203,267.4416,303.9099,57.68
slo_75_01,0003,9,1658,1263,1538,1463,233.2381,265.0424,-59.04
slo_75_01,0003,10,1538,1463,1612,1538,105.3613,119.7283,45.38
slo_75_01,0003,11,1612,1538,1609,1625,87.0517,98.9221,-88.03
slo_75_01,0003,12,1609,1625,1770,1773,218.6893,248.5097,42.59
slo_75_01,0003,13,1770,1773,1659,1933,194.7332,221.2870,-55.25
slo_75_01,0003,14,1659,1933,1758,2047,150.9868,171.5753,49.03
slo_75_01,0004,0,1324,0,1434,110,155.5635,176.7761,45.00
slo_75_01,0004,1,1435,140,1318,296,195.0000,221.5902,-53.13
slo_75_01,0004,2,1318,296,1411,365,115.8016,131.5923,36.57
slo_75_01,0004,3,1411,365,1441,501,139.2695,158.2603,77.56
slo_75_01,0004,4,1441,501,1565,631,179.6552,204.1530,46.35
slo_75_01,0004,5,1565,631,1438,800,211.4001,240.2266,-53.08
slo_75_01,0004,6,1438,800,1544,888,137.7679,156.5540,39.70
slo_75_01,0004,7,1544,888,1570,1019,133.5552,151.7668,78.77
slo_75_01,0004,8,1570,1019,1686,1135,164.0488,186.4185,45.00
slo_75_01,0004,9,1686,1135,1574,1316,212.8497,241.8739,-58.25
slo_75_01,0004,10,1574,1316,1726,1513,248.8232,282.7528,52.35
slo_75_01,0004,11,1618,1355,1742,1581,257.7829,292.9341,61.25
slo_75_01,0004,12,1742,1581,1795,1668,101.8725,115.7638,58.65
slo_75_01,0004,13,1795,1668,1683,1809,180.0694,204.6237,-51.54
slo_75_01,0004,14,1683,1809,1790,1910,147.1394,167.2033,43.35
slo_75_01,0004,15,1790,1910,1840,2047,145.8390,165.7256,69.95
slo_75_01,0005,0,1361,0,1276,121,147.8716,168.0353,-54.91
slo_75_01,0005,1,1276,121,1363,182,106.2544,120.7433,35.04
slo_75_01,0005,2,1363,182,1388,322,142.2146,161.6070,79.88
slo_75_01,0005,3,1388,322,1507,447,172.5862,196.1201,46.41
slo_75_01,0005,4,1507,447,1388,629,217.4511,247.1028,-56.82
slo_75_01,0005,5,1388,629,1485,711,127.0157,144.3356,40.21
slo_75_01,0005,6,1485,711,1509,839,130.2306,147.9888,79.38
slo_75_01,0005,7,1509,839,1632,962,173.9483,197.6679,45.00
slo_75_01,0005,8,1632,962,1509,1142,218.0115,247.7395,-55.65
slo_75_01,0005,9,1509,1142,1602,1210,115.2085,130.9183,36.17
slo_75_01,0005,10,1602,1210,1632,1348,141.2232,160.4804,77.74
slo_75_01,0005,11,1632,1348,1752,1466,168.2974,191.2464,44.52
slo_75_01,0005,12,1752,1491,1628,1643,196.1632,222.9120,-50.79
slo_75_01,0005,13,1628,1643,1741,1743,150.8940,171.4699,41.51
slo_75_01,0005,14,1741,1743,1760,1865,123.4706,140.3071,81.15
slo_75_01,0005,15,1760,1865,1871,1967,150.7481,171.3041,42.58
slo_75_01,0005,16,1871,1967,1849,2047,82.9699,94.2836,-74.62
slo_75_01,0006,0,1249,0,1347,84,129.0736,146.6741,40.60
slo_75_01,0006,1,1347,84,1372,207,125.5149,142.6302,78.51
slo_75_01,0006,2,1372,207,1487,331,169.1183,192.1793,47.16
slo_75_01,0006,3,1487,331,1379,513,211.6318,240.4899,-59.31
slo_75_01,0006,4,1379,513,1473,560,105.0952,119.4260,26.57
slo_75_01,0006,5,1473,560,1498,712,154.0422,175.0474,80.66
slo_75_01,0006,6,1498,712,1626,832,175.4537,199.3786,43.15
slo_75_01,0006,7,1626,832,1502,1030,233.6236,265.4805,-57.94
slo_75_01,0006,8,1502,1030,1588,1090,104.8618,119.1608,34.90
slo_75_01,0006,9,1588,1090,1614,1232,144.3607,164.0457,79.62
slo_75_01,0006,10,1614,1232,1733,1357,172.5862,196.1201,46.41
slo_75_01,0006,11,1733,1357,1615,1536,214.3945,243.6293,-56.61
slo_75_01,0006,12,1615,1536,1715,1625,133.8693,152.1238,41.67
slo_75_01,0006,13,1715,1625,1734,1749,125.4472,142.5532,81.29
slo_75_01,0006,14,1734,1749,1857,1870,172.5399,196.0674,44.53
slo_75_01,0006,15,1857,1870,1734,2047,215.5412,244.9324,-55.20
slo_75_01,0007,0,1237,0,1252,144,144.7791,164.5212,84.05
slo_75_01,0007,1,1252,144,1324,243,122.4132,139.1055,53.97
slo_75_01,0007,2,1324,243,1209,380,178.8687,203.2592,-49.99
slo_75_01,0007,3,1209,380,1340,486,168.5141,191.4927,38.98
slo_75_01,0007,4,1340,486,1348,606,120.2664,136.6659,86.19
slo_75_01,0007,5,1348,606,1457,717,155.5699,176.7834,45.52
slo_75_01,0007,6,1457,717,1330,883,209.0096,237.5101,-52.58
slo_75_01,0007,7,1330,883,1452,980,155.8621,177.1155,38.49
slo_75_01,0007,8,1452,980,1480,1109,132.0038,150.0038,77.75
slo_75_01,0007,9,1480,1109,1594,1231,166.9731,189.7415,46.94
slo_75_01,0007,10,1594,1231,1485,1411,210.4305,239.1248,-58.80
slo_75_01,0007,11,1485,1411,1579,1462,106.9439,121.5268,28.48
slo_75_01,0007,12,1579,1462,1607,1614,154.5574,175.6329,79.56
slo_75_01,0007,13,1607,1614,1733,1732,172.6268,196.1662,43.12
slo_75_01,0007,14,1733,1732,1610,1919,223.8258,254.3467,-56.66
slo_75_01,0007,15,1610,1919,1705,2047,159.4020,181.1381,53.42
slo_75_01,0008,0,1416,0,1287,207,243.9057,277.1647,-58.07
slo_75_01,0008,1,1287,207,1458,340,216.6333,246.1735,37.87
slo_75_01,0008,2,1458,340,1526,498,172.0116,195.4671,66.71
slo_75_01,0008,3,1526,498,1400,694,233.0064,264.7792,-57.26
slo_75_01,0008,4,1400,694,1540,808,180.5436,205.1626,39.16
slo_75_01,0008,5,1540,808,1555,945,137.8187,156.6117,83.75
slo_75_01,0008,6,1555,945,1628,1035,115.8836,131.6854,50.95
slo_75_01,0008,7,1628,1035,1514,1184,187.6086,213.1909,-52.58
slo_75_01,0008,8,1514,1184,1638,1284,159.2985,181.0204,38.88
slo_75_01,0008,9,1638,1284,1652,1410,126.7754,144.0625,83.66
slo_75_01,0008,10,1652,1410,1760,1521,154.8709,175.9891,45.78
slo_75_01,0008,11,1760,1521,1634,1688,209.2009,237.7275,-52.97
slo_75_01,0008,12,1634,1688,1758,1790,160.5615,182.4557,39.44
slo_75_01,0008,13,1758,1790,1789,1920,133.6451,151.8689,76.59
slo_75_01,0008,14,1789,1920,1895,2047,165.4237,187.9809,50.15
slo_75_01,0009,0,1270,59,1151,196,181.4663,206.2110,-49.02
slo_75_01,0009,1,1151,196,1277,294,159.6246,181.3910,37.87
slo_75_01,0009,2,1277,294,1307,442,151.0099,171.6016,78.54
slo_75_01,0009,3,1307,442,1389,513,108.4666,123.2571,40.89
slo_75_01,0009,4,1392,540,1290,706,194.8333,221.4007,-58.43
slo_75_01,0009,5,1290,706,1454,836,209.2749,237.8117,38.40
slo_75_01,0009,6,1454,836,1536,982,167.4515,190.2852,60.68
slo_75_01,0009,7,1536,982,1465,1143,175.9602,199.9542,-66.20
slo_75_01,0009,8,1530,1041,1413,1203,199.8324,227.0816,-54.16
slo_75_01,0009,9,1413,1203,1589,1341,223.6515,254.1486,38.10
slo_75_01,0009,10,1589,1341,1647,1476,146.9320,166.9676,66.75
slo_75_01,0009,11,1647,1476,1574,1635,174.9571,198.8143,-65.34
slo_75_01,0009,12,1637,1533,1525,1691,193.6698,220.0786,-54.67
slo_75_01,0009,13,1525,1691,1666,1805,181.3202,206.0450,38.96
slo_75_01,0009,14,1666,1805,1679,1941,136.6199,155.2494,84.54
slo_75_01,0009,15,1679,1941,1751,2047,128.1405,145.6138,55.81
slo_75_01,0010,0,1455,0,1378,168,184.8053,210.0054,-65.38
slo_75_01,0010,1,1444,48,1322,237,224.9556,255.6305,-57.16
slo_75_01,0010,2,1322,237,1436,330,147.1224,167.1840,39.21
slo_75_01,0010,3,1436,330,1453,456,127.1417,144.4787,82.32
slo_75_01,0010,4,1453,456,1568,562,156.4001,177.7268,42.67
slo_75_01,0010,5,1568,562,1442,750,226.3184,257.1791,-56.17
slo_75_01,0010,6,1442,750,1571,853,165.0757,187.5855,38.61
slo_75_01,0010,7,1571,853,1579,979,126.2537,143.4697,86.37
slo_75_01,0010,8,1579,979,1690,1098,162.7329,184.9232,46.99
slo_75_01,0010,9,1690,1098,1560,1264,210.8459,239.5969,-51.93
slo_75_01,0010,10,1560,1264,1695,1370,171.6421,195.0472,38.14
slo_75_01,0010,11,1695,1370,1715,1509,140.4315,159.5807,81.81
slo_75_01,0010,12,1715,1509,1807,1607,134.4173,152.7464,46.81
slo_75_01,0010,13,1807,1607,1697,1773,199.1381,226.2926,-56.47
slo_75_01,0010,14,1697,1773,1865,1904,213.0376,242.0874,37.95
slo_75_01,0010,15,1865,1904,1941,2047,161.9413,184.0237,62.01
slo_75_01,0011,0,1272,0,1176,147,175.5705,199.5113,-56.85
slo_75_01,0011,1,1176,147,1335,274,203.4945,231.2430,38.62
slo_75_01,0011,2,1335,274,1426,453,200.8034,228.1849,63.05
slo_75_01,0011,3,1426,453,1298,646,231.5880,263.1673,-56.45
slo_75_01,0011,4,1298,646,1474,786,224.8911,255.5572,38.50
slo_75_01,0011,5,1474,786,1559,958,191.8567,218.0183,63.70
slo_75_01,0011,6,1559,958,1415,1175,260.4323,295.9449,-56.43
slo_75_01,0011,7,1415,1175,1533,1270,151.4893,172.1464,38.84
slo_75_01,0011,8,1533,1270,1545,1392,122.5887,139.3049,84.38
slo_75_01,0011,9,1545,1392,1663,1512,168.2974,191.2464,45.48
slo_75_01,0011,10,1663,1512,1533,1685,216.4001,245.9084,-53.08
slo_75_01,0011,11,1533,1685,1662,1789,165.7015,188.2966,38.88
slo_75_01,0011,12,1662,1789,1670,1912,123.2599,140.0676,86.28
slo_75_01,0011,13,1670,1912,1778,2047,172.8844,196.4589,51.34
slo_75_01,0012,0,1353,0,1252,133,167.0030,189.7755,-52.79
slo_75_01,0012,1,1252,133,1364,230,148.1654,168.3693,40.89
slo_75_01,0012,2,1364,230,1386,363,134.8073,153.1896,80.61
slo_75_01,0012,3,1386,363,1481,475,146.8639,166.8902,49.69
slo_75_01,0012,4,1481,475,1366,635,197.0406,223.9091,-54.29
slo_75_01,0012,5,1366,635,1499,750,175.8238,199.7991,40.85
slo_75_01,0012,6,1499,750,1527,900,152.5910,173.3983,79.43
slo_75_01,0012,7,1527,900,1596,952,86.4002,98.1818,37.00
slo_75_01,0012,8,1596,952,1500,1138,209.3132,237.8551,-62.70
slo_75_01,0012,9,1500,1138,1658,1263,201.4671,228.9392,38.35
slo_75_01,0012,10,1658,1263,1747,1453,209.8118,238.4218,64.90
slo_75_01,0012,11,1747,1453,1620,1631,218.6618,248.4786,-54.49
slo_75_01,0012,12,1620,1631,1802,1785,238.4114,270.9212,40.24
slo_75_01,0012,13,1802,1785,1880,1950,182.5075,207.3943,64.70
slo_75_01,0012,14,1880,1950,1834,2047,107.3546,121.9934,-64.63
slo_75_01,0013,0,1337,0,1369,155,158.2688,179.8503,78.34
slo_75_01,0013,1,1369,155,1431,215,86.2786,98.0436,44.06
slo_75_01,0013,2,1431,215,1310,388,211.1161,239.9039,-55.03
slo_75_01,0013,3,1310,388,1442,500,173.1127,196.7183,40.31
slo_75_01,0013,4,1442,500,1471,650,152.7776,173.6104,79.06
slo_75_01,0013,5,1471,650,1548,736,115.4340,131.1745,48.16
slo_75_01,0013,6,1548,736,1434,901,200.5517,227.8990,-55.36
slo_75_01,0013,7,1434,901,1556,1013,165.6140,188.1971,42.55
slo_75_01,0013,8,1556,1013,1568,1131,118.6086,134.7821,84.19
slo_75_01,0013,9,1568,1131,1664,1247,150.5722,171.1043,50.39
slo_75_01,0013,10,1664,1247,1547,1405,196.6037,223.4125,-53.48
slo_75_01,0013,11,1547,1405,1681,1521,177.2343,201.4020,40.88
slo_75_01,0013,12,1681,1521,1707,1670,151.2514,171.8761,80.10
slo_75_01,0013,13,1707,1670,1779,1738,99.0353,112.5398,43.36
slo_75_01,0013,14,1779,1738,1680,1907,195.8622,222.5700,-59.64
slo_75_01,0013,15,1680,1907,1846,2047,217.1543,246.7655,40.14
slo_75_01,0014,0,1237,0,1122,140,181.1767,205.8820,-50.60
slo_75_01,0014,1,1122,140,1239,232,148.8388,169.1345,38.18
slo_75_01,0014,2,1239,232,1267,375,145.7155,165.5852,78.92
slo_75_01,0014,3,1267,375,1362,492,150.7116,171.2627,50.92
slo_75_01,0014,4,1362,492,1231,640,197.6487,224.6001,-48.49
slo_75_01,0014,5,1231,640,1374,759,186.0376,211.4057,39.77
slo_75_01,0014,6,1374,759,1410,924,168.8816,191.9103,77.69
slo_75_01,0014,7,1471,963,1351,1159,229.8173,261.1552,-58.52
slo_75_01,0014,8,1351,1159,1486,1273,176.6947,200.7887,40.18
slo_75_01,0014,9,1486,1273,1513,1421,150.4427,170.9570,79.66
slo_75_01,0014,10,1513,1421,1581,1477,88.0909,100.1029,39.47
slo_75_01,0014,11,1582,1537,1474,1671,172.1046,195.5728,-51.13
slo_75_01,0014,12,1474,1671,1593,1779,160.7016,182.6149,42.23
slo_75_01,0014,13,1593,1779,1608,1903,124.9040,141.9359,83.10
slo_75_01,0014,14,1608,1903,1692,2014,139.2013,158.1828,52.88
slo_75_01,0015,0,1599,0,1542,10,57.8705,65.7618,-9.95
slo_75_01,0015,1,1559,48,1599,0,62.4820,71.0020,-50.19
slo_75_01,0015,2,1537,9,1517,67,61.3514,69.7173,-70.97
slo_75_01,0015,3,1813,40,1940,62,128.8914,146.4671,9.83
slo_75_01,0015,4,1940,62,2085,62,145.0000,164.7722,0.00
slo_75_01,0015,5,1499,71,1455,67,44.1814,50.2060,-354.81
slo_75_01,0015,6,2085,62,2394,111,312.8610,355.5227,9.01
slo_75_01,0015,7,1804,155,1692,136,113.6002,129.0907,-350.37
slo_75_01,0015,8,1329,107,1348,210,104.7378,119.0198,79.55
slo_75_01,0015,9,1348,210,1355,321,111.2205,126.3865,86.39
slo_75_01,0015,10,1355,321,1467,456,175.4109,199.3300,50.32
slo_75_01,0015,11,1467,456,1340,616,204.2768,232.1320,-51.56
slo_75_01,0015,12,1340,616,1460,714,154.9322,176.0588,39.24
slo_75_01,0015,13,1460,714,1486,856,144.3607,164.0457,79.62
slo_75_01,0015,14,1486,856,1579,963,141.7674,161.0988,49.00
slo_75_01,0015,15,1579,963,1449,1120,203.8357,231.6308,-50.37
slo_75_01,0015,16,1449,1120,1591,1238,184.6294,209.8054,39.73
slo_75_01,0015,17,1591,1238,1626,1405,170.6283,193.8951,78.16
slo_75_01,0015,18,1688,1446,1568,1637,225.5682,256.3266,-57.86
slo_75_01,0015,19,1568,1637,1706,1757,182.8770,207.8141,41.01
slo_75_01,0015,20,1706,1757,1728,1899,143.6941,163.2882,81.19
slo_75_01,0015,21,1728,1899,1805,1987,116.9316,132.8764,48.81
slo_80_01,0001,0,1359,0,1444,118,145.4270,165.2574,54.23
slo_80_01,0001,1,1371,150,1263,302,186.4618,211.8877,-54.61
slo_80_01,0001,2,1263,302,1399,401,168.2171,191.1552,36.05
slo_80_01,0001,3,1399,401,1448,555,161.6075,183.6444,72.35
slo_80_01,0001,4,1471,546,1524,597,73.5527,83.5823,43.90
slo_80_01,0001,5,1496,641,1376,839,231.5254,263.0962,-58.78
slo_80_01,0001,6,1376,839,1549,964,213.4338,242.5377,35.85
slo_80_01,0001,7,1549,964,1562,1179,215.3927,244.7636,86.54
slo_80_01,0001,8,1562,1179,1461,1307,163.0491,185.2824,-51.72
slo_80_01,0001,9,1461,1307,1631,1441,216.4625,245.9793,38.25
slo_80_01,0001,10,1631,1441,1647,1584,143.8923,163.5135,83.62
slo_80_01,0001,11,1653,1492,1635,1659,167.9673,190.8713,-83.85
slo_80_01,0001,12,1635,1659,1560,1768,132.3102,150.3521,-55.47
slo_80_01,0001,13,1560,1768,1878,1894,342.0526,388.6949,21.61
slo_80_01,0001,14,1878,1894,1898,2047,154.3017,175.3422,82.55
slo_80_01,0002,0,1430,0,1312,226,254.9510,289.7161,-62.43
slo_80_01,0002,1,1312,226,1413,275,112.2586,127.5662,25.88
slo_80_01,0002,2,1413,275,1485,464,202.2498,229.8286,69.15
slo_80_01,0002,3,1507,456,1559,501,68.7677,78.1449,40.87
slo_80_01,0002,4,1502,508,1382,709,234.0961,266.0175,-59.16
slo_80_01,0002,5,1382,709,1523,827,183.8614,208.9327,39.93
slo_80_01,0002,6,1523,827,1618,999,196.4917,223.2853,61.09
slo_80_01,0002,7,1618,999,1443,1190,259.0483,294.3721,-47.50
slo_80_01,0002,8,1443,1190,1574,1286,162.4100,184.5562,36.23
slo_80_01,0002,9,1574,1286,1662,1464,198.5649,225.6412,63.69
slo_80_01,0002,10,1673,1498,1552,1724,256.3533,291.3096,-61.84
slo_80_01,0002,11,1552,1724,1726,1847,213.0845,242.1407,35.26
slo_80_01,0002,12,1726,1847,1734,2047,200.1599,227.4537,87.71
slo_80_01,0003,0,1311,0,1379,58,89.3756,101.5629,40.46
slo_80_01,0003,1,1379,58,1388,223,165.2453,187.7781,86.88
slo_80_01,0003,2,1388,223,1497,313,141.3542,160.6292,39.55
slo_80_01,0003,3,1497,313,1368,499,226.3559,257.2218,-55.26
slo_80_01,0003,4,1368,499,1546,630,221.0090,251.1458,36.35
slo_80_01,0003,5,1546,630,1601,774,154.1460,175.1654,69.10
slo_80_01,0003,6,1601,774,1472,1017,275.1182,312.6333,-62.04
slo_80_01,0003,7,1472,1017,1571,1068,111.3643,126.5499,27.26
slo_80_01,0003,8,1571,1068,1641,1266,210.0095,238.6464,70.53
slo_80_01,0003,9,1659,1298,1538,1498,233.7541,265.6289,-58.83
slo_80_01,0003,10,1538,1498,1676,1622,185.5263,210.8246,41.94
slo_80_01,0003,11,1676,1622,1770,1795,196.8883,223.7360,61.48
slo_80_01,0003,12,1770,1795,1597,1980,253.2864,287.8245,-46.92
slo_80_01,0003,13,1597,1980,1677,2047,104.3504,118.5796,39.95
slo_80_01,0004,0,1376,0,1344,90,95.5196,108.5447,-70.43
slo_80_01,0004,1,1344,90,1411,134,80.1561,91.0862,33.29
slo_80_01,0004,2,1411,134,1419,298,164.1950,186.5846,87.21
slo_80_01,0004,3,1419,298,1532,387,143.8402,163.4542,38.22
slo_80_01,0004,4,1532,387,1408,554,208.0024,236.3656,-53.41
slo_80_01,0004,5,1408,554,1686,859,412.6851,468.9589,47.65
slo_80_01,0004,6,1620,883,1510,1095,238.8389,271.4069,-62.58
slo_80_01,0004,7,1510,1095,1615,1141,114.6342,130.2657,23.66
slo_80_01,0004,8,1615,1141,1686,1331,202.8324,230.4907,69.51
slo_80_01,0004,9,1697,1382,1577,1579,230.6708,262.1250,-58.65
slo_80_01,0004,10,1577,1579,1713,1692,176.8191,200.9302,39.72
slo_80_01,0004,11,1713,1692,1811,1874,206.7075,234.8942,61.70
slo_80_01,0004,12,1811,1874,1635,2047,246.7894,280.4416,-44.51
slo_80_01,0005,0,1309,49,1418,107,123.4706,140.3071,28.02
slo_80_01,0005,1,1418,107,1422,206,99.0808,112.5914,87.69
slo_80_01,0005,2,1422,206,1530,353,182.4089,207.2822,53.70
slo_80_01,0005,3,1530,353,1388,548,241.2240,274.1173,-53.94
slo_80_01,0005,4,1388,548,1560,683,218.6527,248.4682,38.13
slo_80_01,0005,5,1560,683,1624,834,164.0030,186.3665,67.03
slo_80_01,0005,6,1675,845,1581,876,98.9798,112.4767,-18.25
slo_80_01,0005,7,1581,876,1482,1033,185.6071,210.9165,-57.77
slo_80_01,0005,8,1482,1033,1549,1121,110.6029,125.6847,52.72
slo_80_01,0005,9,1549,1121,1560,1291,170.3555,193.5852,86.30
slo_80_01,0005,10,1560,1291,1669,1376,138.2245,157.0727,37.95
slo_80_01,0005,11,1669,1376,1547,1541,205.2048,233.1865,-53.52
slo_80_01,0005,12,1547,1541,1773,1773,323.8827,368.0473,45.75
slo_80_01,0005,13,1757,1870,1653,2047,205.2925,233.2862,-59.56
slo_80_01,0006,0,1408,0,1481,114,135.3699,153.8289,57.37
slo_80_01,0006,1,1481,114,1328,322,258.2112,293.4208,-53.66
slo_80_01,0006,2,1328,322,1421,380,109.6038,124.5494,31.95
slo_80_01,0006,3,1421,380,1443,561,182.3321,207.1949,83.07
slo_80_01,0006,4,1443,561,1543,628,120.3703,136.7840,33.82
slo_80_01,0006,5,1543,628,1417,843,249.2007,283.1817,-59.63
slo_80_01,0006,6,1417,843,1494,887,88.6848,100.7779,29.74
slo_80_01,0006,7,1478,900,1487,1040,140.2890,159.4188,86.32
slo_80_01,0006,8,1487,1040,1597,1132,143.4015,162.9558,39.91
slo_80_01,0006,9,1597,1132,1477,1328,229.8173,261.1552,-58.52
slo_80_01,0006,10,1477,1328,1590,1390,128.8914,146.4671,28.75
slo_80_01,0006,11,1590,1390,1593,1493,103.0437,117.0947,88.33
slo_80_01,0006,12,1593,1493,1700,1632,175.4138,199.3332,52.41
slo_80_01,0006,13,1700,1632,1559,1833,245.5239,279.0036,-54.95
slo_80_01,0006,14,1559,1833,1743,2000,248.4854,282.3689,42.23
slo_80_01,0006,15,1637,1889,1767,2047,204.6069,232.5071,50.55
slo_80_01,0007,0,1210,0,1228,111,112.4500,127.7837,80.79
slo_80_01,0007,1,1228,111,1322,182,117.8007,133.8640,37.06
slo_80_01,0007,2,1322,182,1211,389,234.8829,266.9116,-61.80
slo_80_01,0007,3,1211,389,1297,474,120.9173,137.4056,44.66
slo_80_01,0007,4,1297,474,1327,624,152.9706,173.8297,78.69
slo_80_01,0007,5,1327,624,1420,689,113.4637,128.9356,34.95
slo_80_01,0007,6,1420,689,1292,890,238.2960,270.7901,-57.51
slo_80_01,0007,7,1292,890,1417,1000,166.5083,189.2133,41.35
slo_80_01,0007,8,1417,1000,1536,1202,234.4462,266.4152,59.50
slo_80_01,0007,9,1536,1202,1385,1413,259.4648,294.8455,-54.41
slo_80_01,0007,10,1385,1413,1477,1475,110.9414,126.0694,33.98
slo_80_01,0007,11,1477,1475,1499,1655,181.3395,206.0669,83.03
slo_80_01,0007,12,1499,1655,1598,1727,122.4132,139.1055,36.03
slo_80_01,0007,13,1598,1727,1477,1912,221.0566,251.1998,-56.81
slo_80_01,0007,14,1474,1940,1548,1981,84.5991,96.1350,28.99
slo_80_01,0008,0,1414,0,1453,139,144.3676,164.0536,74.33
slo_80_01,0008,1,1422,177,1280,328,207.2800,235.5447,-46.76
slo_80_01,0008,2,1280,328,1394,427,150.9868,171.5753,40.97
slo_80_01,0008,3,1394,427,1463,619,204.0221,231.8425,70.23
slo_80_01,0008,4,1412,504,1496,659,176.2980,200.3380,61.55
slo_80_01,0008,5,1496,659,1381,830,206.0728,234.1729,-56.08
slo_80_01,0008,6,1381,830,1457,903,105.3803,119.7499,43.85
slo_80_01,0008,7,1457,903,1487,1056,155.9134,177.1738,78.91
slo_80_01,0008,8,1487,1056,1580,1127,117.0043,132.9590,37.36
slo_80_01,0008,9,1580,1127,1470,1335,235.2956,267.3805,-62.13
slo_80_01,0008,10,1470,1335,1560,1428,129.4179,147.0654,45.94
slo_80_01,0008,11,1560,1428,1583,1567,140.8900,160.1018,80.60
slo_80_01,0008,12,1583,1567,1678,1636,117.4138,133.4243,35.99
slo_80_01,0008,13,1678,1636,1549,1834,236.3155,268.5394,-56.92
slo_80_01,0008,14,1549,1834,1693,1988,210.8364,239.5861,46.92
slo_80_01,0008,15,1606,1881,1721,2047,201.9431,229.4800,55.29
slo_80_01,0009,0,1363,0,1406,107,115.3170,131.0416,68.11
slo_80_01,0009,1,1406,107,1478,140,79.2023,90.0023,24.62
slo_80_01,0009,2,1474,156,1393,161,81.1542,92.2204,-3.53
slo_80_01,0009,3,1393,161,1255,353,236.4487,268.6909,-54.29
slo_80_01,0009,4,1255,353,1408,475,195.6860,222.3697,38.57
slo_80_01,0009,5,1408,475,1481,620,162.3392,184.4757,63.28
slo_80_01,0009,6,1518,650,1359,865,267.4061,303.8695,-53.52
slo_80_01,0009,7,1359,865,1536,993,218.4331,248.2186,35.87
slo_80_01,0009,8,1536,993,1578,1117,130.9198,148.7720,71.29
slo_80_01,0009,9,1525,1216,1407,1327,162.0031,184.0938,-43.25
slo_80_01,0009,10,1407,1327,1519,1423,147.5127,167.6275,40.60
slo_80_01,0009,11,1519,1423,1623,1656,255.1568,289.9500,65.95
slo_80_01,0009,12,1623,1656,1506,1825,205.5480,233.5766,-55.30
slo_80_01,0009,13,1506,1825,1584,1903,110.3087,125.3503,45.00
slo_80_01,0009,14,1584,1903,1613,2047,146.8911,166.9212,78.61
slo_80_01,0010,0,1188,27,1264,194,183.4802,208.4996,65.53
slo_80_01,0010,1,1283,271,1369,366,128.1444,145.6182,47.85
slo_80_01,0010,2,1369,366,1254,558,223.8057,254.3239,-59.08
slo_80_01,0010,3,1254,558,1500,848,380.2841,432.1396,49.69
slo_80_01,0010,4,1500,848,1329,1077,285.8006,324.7724,-53.25
slo_80_01,0010,5,1406,1140,1570,1341,259.4167,294.7907,50.79
slo_80_01,0010,6,1607,1359,1525,1375,83.5464,94.9388,-11.04
slo_80_01,0010,7,1525,1375,1383,1560,233.2145,265.0156,-52.49
slo_80_01,0010,8,1383,1560,1538,1692,203.5903,231.3518,40.42
slo_80_01,0010,9,1538,1692,1609,1838,162.3484,184.4862,64.07
slo_80_01,0010,10,1644,1867,1492,2047,235.5929,267.7183,-49.82
slo_80_01,0011,0,1282,0,1224,94,110.4536,125.5151,-58.32
slo_80_01,0011,1,1224,94,1313,181,124.4588,141.4300,44.35
slo_80_01,0011,2,1313,181,1360,348,173.4878,197.1445,74.28
slo_80_01,0011,3,1360,348,1430,388,80.6226,91.6163,29.74
slo_80_01,0011,4,1430,388,1302,589,238.2960,270.7901,-57.51
slo_80_01,0011,5,1302,589,1404,683,138.7083,157.6226,42.66
slo_80_01,0011,6,1404,683,1441,837,158.3824,179.9795,76.49
slo_80_01,0011,7,1441,837,1530,901,109.6221,124.5701,35.72
slo_80_01,0011,8,1530,901,1401,1109,244.7550,278.1298,-58.19
slo_80_01,0011,9,1401,1109,1588,1428,369.7702,420.1921,59.62
slo_80_01,0011,10,1588,1428,1470,1617,222.8116,253.1942,-58.02
slo_80_01,0011,11,1470,1617,1714,1906,378.2288,429.8040,49.83
slo_80_01,0011,12,1714,1906,1595,2047,184.5047,209.6638,-49.84
slo_80_01,0012,0,1317,0,1548,273,357.6171,406.3818,49.76
slo_80_01,0012,1,1548,273,1366,495,287.0679,326.2125,-50.65
slo_80_01,0012,2,1366,495,1464,593,138.5929,157.4915,45.00
slo_80_01,0012,3,1464,593,1562,817,244.4995,277.8394,66.37
slo_80_01,0012,4,1562,817,1447,1009,223.8057,254.3239,-59.08
slo_80_01,0012,5,1447,1009,1534,1093,120.9339,137.4244,43.99
slo_80_01,0012,6,1534,1093,1584,1265,179.1201,203.5449,73.79
slo_80_01,0012,7,1584,1265,1653,1309,81.8352,92.9942,32.52
slo_80_01,0012,8,1653,1309,1524,1506,235.4782,267.5880,-56.78
slo_80_01,0012,9,1524,1506,1627,1600,139.4453,158.4601,42.38
slo_80_01,0012,10,1627,1600,1662,1753,156.9522,178.3542,77.11
slo_80_01,0012,11,1662,1753,1752,1815,109.2886,124.1912,34.56
slo_80_01,0012,12,1752,1815,1626,2000,223.8325,254.3543,-55.74
slo_80_01,0013,0,1298,0,1334,131,135.8565,154.3819,74.63
slo_80_01,0013,1,1334,131,1443,220,140.7196,159.9081,39.23
slo_80_01,0013,2,1467,216,1355,352,176.1817,200.2059,-50.53
slo_80_01,0013,3,1355,352,1429,451,123.6002,140.4543,53.22
slo_80_01,0013,4,1429,451,1341,542,126.5899,143.8517,-45.96
slo_80_01,0013,5,1347,604,1483,736,189.5257,215.3695,44.14
slo_80_01,0013,6,1483,736,1387,917,204.8829,232.8207,-62.06
slo_80_01,0013,7,1387,917,1644,1205,385.9961,438.6305,48.26
slo_80_01,0013,8,1644,1205,1464,1427,285.8041,324.7764,-50.96
slo_80_01,0013,9,1464,1427,1564,1532,145.0000,164.7722,46.40
slo_80_01,0013,10,1564,1532,1656,1747,233.8568,265.7455,66.83
slo_80_01,0013,11,1656,1747,1542,1937,221.5762,251.7903,-59.04
slo_80_01,0013,12,1542,1937,1638,2047,146.0000,165.9086,48.89
slo_80_01,0014,0,1338,6,1242,113,143.7533,163.3555,-48.10
slo_80_01,0014,1,1237,144,1305,280,152.0526,172.7865,63.43
slo_80_01,0014,2,1267,181,1314,343,168.6802,191.6814,73.82
slo_80_01,0014,3,1314,343,1418,466,161.0745,183.0386,49.78
slo_80_01,0014,4,1418,466,1306,652,217.1175,246.7236,-58.95
slo_80_01,0014,5,1306,652,1372,709,87.2067,99.0982,40.82
slo_80_01,0014,6,1372,709,1391,856,148.2228,168.4345,82.64
slo_80_01,0014,7,1391,856,1524,949,162.2899,184.4197,34.96
slo_80_01,0014,8,1524,949,1418,1093,178.8072,203.1893,-53.64
slo_80_01,0014,9,1418,1093,1487,1188,117.4138,133.4243,54.01
slo_80_01,0014,10,1487,1188,1405,1316,152.0132,172.7417,-57.36
slo_80_01,0014,11,1405,1316,1555,1467,212.8403,241.8632,45.19
slo_80_01,0014,12,1555,1467,1447,1648,210.7724,239.5133,-59.18
slo_80_01,0014,13,1447,1648,1640,1844,275.0727,312.5816,45.44
slo_80_01,0014,14,1513,1701,1700,1933,297.9815,338.6143,51.13
slo_80_01,0014,15,1700,1933,1609,2047,145.8664,165.7567,-51.40
slo_80_01,0015,0,1246,0,1321,203,216.4116,245.9215,69.72
slo_80_01,0015,1,1321,203,1420,295,135.1481,153.5769,42.90
slo_80_01,0015,2,1417,340,1306,467,168.6713,191.6713,-48.85
slo_80_01,0015,3,1301,497,1356,562,85.1469,96.7576,49.76
slo_80_01,0015,4,1356,562,1376,696,135.4843,153.9590,81.51
slo_80_01,0015,5,1376,696,1485,821,165.8493,188.4645,48.91
slo_80_01,0015,6,1485,821,1369,1007,219.2077,249.0988,-58.05
slo_80_01,0015,7,1369,1007,1442,1062,91.4002,103.8636,37.00
slo_80_01,0015,8,1442,1062,1456,1213,151.6476,172.3263,84.70
slo_80_01,0015,9,1456,1213,1587,1307,161.2359,183.2220,35.66
slo_80_01,0015,10,1587,1307,1483,1447,174.4018,198.1833,-53.39
slo_80_01,0015,11,1483,1447,1550,1541,115.4340,131.1745,54.52
slo_80_01,0015,12,1550,1541,1468,1654,139.6173,158.6556,-54.03
slo_80_01,0015,13,1473,1689,1619,1825,199.5294,226.7373,42.97
slo_80_01,0015,14,1619,1825,1509,1998,205.0098,232.9649,-57.55
slo_81_01,0001,0,1075,0,1206,70,148.5295,168.7829,28.12
slo_81_01,0001,1,1206,70,1319,247,209.9952,238.6302,57.45
slo_81_01,0001,2,1350,262,1190,295,163.3677,185.6445,-11.65
slo_81_01,0001,3,1190,295,1138,464,176.8191,200.9302,-72.90
slo_81_01,0001,4,1143,491,1299,582,180.6018,205.2286,30.26
slo_81_01,0001,5,1299,582,1379,735,172.6528,196.1958,62.40
slo_81_01,0001,6,1443,754,1276,785,169.8529,193.0140,-10.52
slo_81_01,0001,7,1276,785,1217,924,151.0033,171.5941,-67.00
slo_81_01,0001,8,1230,986,1413,1080,205.7304,233.7838,27.19
slo_81_01,0001,9,1413,1080,1491,1230,169.0680,192.1222,62.53
slo_81_01,0001,10,1491,1230,1397,1282,107.4244,122.0728,-28.95
slo_81_01,0001,11,1355,1284,1272,1437,174.0632,197.7985,-61.52
slo_81_01,0001,12,1280,1467,1495,1617,262.1545,297.9019,34.90
slo_81_01,0001,13,1529,1667,1377,1986,353.3624,401.5469,-64.52
slo_81_01,0002,0,1182,0,1133,133,141.7392,161.0668,-69.78
slo_81_01,0002,1,1133,133,1301,227,192.5097,218.7604,29.23
slo_81_01,0002,2,1301,227,1384,388,181.1353,205.8349,62.73
slo_81_01,0002,3,1384,388,1284,430,108.4620,123.2518,-22.78
slo_81_01,0002,4,1284,430,1219,628,208.3963,236.8132,-71.83
slo_81_01,0002,5,1219,628,1369,707,169.5317,192.6491,27.77
slo_81_01,0002,6,1369,707,1480,883,208.0793,236.4530,57.76
slo_81_01,0002,7,1513,893,1352,925,164.1493,186.5327,-11.24
slo_81_01,0002,8,1352,925,1306,1123,203.2732,230.9916,-76.92
slo_81_01,0002,9,1306,1123,1462,1217,182.1318,206.9673,31.07
slo_81_01,0002,10,1462,1217,1537,1359,160.5895,182.4875,62.16
slo_81_01,0002,11,1529,1387,1438,1419,96.4624,109.6160,-19.37
slo_81_01,0002,12,1438,1419,1394,1613,198.9271,226.0528,-77.22
slo_81_01,0002,13,1394,1613,1567,1703,195.0103,221.6019,27.48
slo_81_01,0002,14,1567,1703,1648,1856,173.1185,196.7249,62.10
slo_81_01,0002,15,1648,1856,1524,1914,136.8941,155.5610,-25.07
slo_81_01,0002,16,1524,1914,1459,2047,148.0338,168.2197,-63.95
slo_81_01,0003,0,1123,47,1279,140,181.6177,206.3831,30.80
slo_81_01,0003,1,1279,140,1338,289,160.2560,182.1086,68.40
slo_81_01,0003,2,1312,304,1199,545,266.1766,302.4725,-64.88
slo_81_01,0003,3,1199,545,1362,637,187.1710,212.6937,29.44
slo_81_01,0003,4,1362,637,1459,806,194.8589,221.4299,60.15
slo_81_01,0003,5,1459,806,1366,861,108.0463,122.7795,-30.60
slo_81_01,0003,6,1366,861,1293,1043,196.0944,222.8338,-68.14
slo_81_01,0003,7,1293,1043,1462,1138,193.8711,220.3074,29.34
slo_81_01,0003,8,1462,1138,1553,1313,197.2460,224.1425,62.53
slo_81_01,0003,9,1553,1313,1447,1347,111.3194,126.4989,-17.78
slo_81_01,0003,10,1447,1347,1379,1542,206.5163,234.6769,-70.78
slo_81_01,0003,11,1379,1542,1524,1616,162.7913,184.9895,27.04
slo_81_01,0003,12,1524,1616,1640,1793,211.6247,240.4818,56.76
slo_81_01,0003,13,1672,1810,1511,1845,164.7604,187.2272,-12.26
slo_81_01,0003,14,1511,1845,1463,2008,169.9206,193.0909,-73.59
slo_81_01,0004,0,1380,0,1288,170,193.2977,219.6558,-61.58
slo_81_01,0004,1,1288,170,1436,275,181.4635,206.2079,35.35
slo_81_01,0004,2,1436,275,1500,432,169.5435,192.6625,67.82
slo_81_01,0004,3,1553,465,1507,469,46.1736,52.4698,-4.97
slo_81_01,0004,4,1489,452,1362,670,252.2955,286.6985,-59.78
slo_81_01,0004,5,1362,670,1515,765,180.0944,204.6521,31.84
slo_81_01,0004,6,1515,765,1593,925,178.0000,202.2721,64.01
slo_81_01,0004,7,1593,925,1437,1187,304.9262,346.5060,-59.23
slo_81_01,0004,8,1437,1187,1588,1275,174.7713,198.6031,30.23
slo_81_01,0004,9,1588,1275,1654,1432,170.3085,193.5318,67.20
slo_81_01,0004,10,1627,1447,1517,1689,265.8270,302.0752,-65.56
slo_81_01,0004,11,1517,1689,1680,1783,188.1622,213.8200,29.97
slo_81_01,0004,12,1680,1783,1765,1945,182.9453,207.8918,62.31
slo_81_01,0004,13,1767,1977,1684,1999,85.8662,97.5749,-14.85
slo_81_01,0005,0,1278,0,1359,224,238.1953,270.6756,70.12
slo_81_01,0005,1,1359,224,1433,300,106.0754,120.5399,45.76
slo_81_01,0005,2,1433,331,1323,517,216.0926,245.5590,-59.40
slo_81_01,0005,3,1323,517,1474,630,188.6001,214.3176,36.81
slo_81_01,0005,4,1474,630,1533,777,158.3982,179.9974,68.13
slo_81_01,0005,5,1561,793,1417,1041,286.7752,325.8798,-59.86
slo_81_01,0005,6,1417,1041,1554,1138,167.8630,190.7528,35.30
slo_81_01,0005,7,1554,1138,1628,1298,176.2839,200.3219,65.18
slo_81_01,0005,8,1685,1342,1630,1344,55.0364,62.5411,-2.08
slo_81_01,0005,9,1616,1319,1488,1537,252.8003,287.2722,-59.58
slo_81_01,0005,10,1488,1537,1641,1639,183.8831,208.9574,33.69
slo_81_01,0005,11,1641,1639,1719,1798,177.1017,201.2512,63.87
slo_81_01,0005,12,1719,1798,1566,2047,292.2499,332.1011,-58.43
slo_81_01,0006,0,1376,13,1418,91,88.5889,100.6689,61.70
slo_81_01,0006,1,1418,91,1265,299,258.2112,293.4208,-53.66
slo_81_01,0006,2,1265,299,1404,410,177.8820,202.1380,38.61
slo_81_01,0006,3,1409,450,1515,605,187.7791,213.3847,55.63
slo_81_01,0006,4,1515,605,1365,841,279.6355,317.7666,-57.56
slo_81_01,0006,5,1365,841,1534,1144,346.9438,394.2531,60.85
slo_81_01,0006,6,1534,1144,1421,1340,226.2410,257.0912,-60.04
slo_81_01,0006,7,1421,1340,1574,1458,193.2175,219.5646,37.64
slo_81_01,0006,8,1574,1458,1631,1601,153.9415,174.9330,68.27
slo_81_01,0006,9,1658,1617,1511,1866,289.1539,328.5830,-59.44
slo_81_01,0006,10,1511,1866,1671,1998,207.4223,235.7064,39.52
slo_81_01,0006,11,1577,1908,1701,2047,186.2713,211.6713,48.26
slo_81_01,0007,0,1316,0,1213,196,221.4159,251.6082,-62.28
slo_81_01,0007,1,1213,196,1378,321,207.0024,235.2293,37.15
slo_81_01,0007,2,1378,321,1466,487,187.8829,213.5027,62.07
slo_81_01,0007,3,1466,487,1299,707,276.2046,313.8679,-52.80
slo_81_01,0007,4,1299,707,1447,813,182.0440,206.8675,35.61
slo_81_01,0007,5,1447,813,1554,1001,216.3169,245.8139,60.35
slo_81_01,0007,6,1554,1001,1399,1224,271.5769,308.6091,-55.20
slo_81_01,0007,7,1399,1224,1536,1331,173.8333,197.5372,37.99
slo_81_01,0007,8,1536,1331,1647,1532,229.6127,260.9227,61.09
slo_81_01,0007,9,1647,1532,1501,1765,274.9636,312.4577,-57.93
slo_81_01,0007,10,1501,1765,1639,2047,313.9554,356.7664,63.92
slo_81_01,0008,0,1304,0,1314,90,90.5539,102.9018,83.66
slo_81_01,0008,1,1314,90,1174,288,242.4954,275.5620,-54.74
slo_81_01,0008,2,1174,288,1340,395,197.4968,224.4275,32.80
slo_81_01,0008,3,1340,395,1386,485,101.0742,114.8567,62.93
slo_81_01,0008,4,1367,560,1255,748,218.8333,248.6734,-59.22
slo_81_01,0008,5,1255,748,1418,866,201.2287,228.6683,35.90
slo_81_01,0008,6,1418,866,1463,968,111.4854,126.6876,66.19
slo_81_01,0008,7,1448,1042,1339,1249,233.9444,265.8451,-62.23
slo_81_01,0008,8,1339,1249,1502,1371,203.6001,231.3630,36.81
slo_81_01,0008,9,1502,1371,1590,1539,189.6523,215.5133,62.35
slo_81_01,0008,10,1590,1539,1425,1761,276.6026,314.3201,-53.38
slo_81_01,0008,11,1425,1761,1569,1861,175.3169,199.2231,34.78
slo_81_01,0008,12,1569,1861,1674,2047,213.5907,242.7160,60.55
slo_81_01,0009,0,1262,0,1181,152,172.2353,195.7213,-61.95
slo_81_01,0009,1,1181,152,1337,245,181.6177,206.3831,30.80
slo_81_01,0009,2,1337,245,1390,349,116.7262,132.6430,63.00
slo_81_01,0009,3,1390,349,1270,616,292.7268,332.6431,-65.80
slo_81_01,0009,4,1270,616,1423,707,178.0169,202.2912,30.74
slo_81_01,0009,5,1423,707,1484,818,126.6570,143.9280,61.21
slo_81_01,0009,6,1484,818,1332,1051,278.1960,316.1308,-56.88
slo_81_01,0009,7,1332,1051,1492,1150,188.1515,213.8079,31.75
slo_81_01,0009,8,1492,1150,1550,1266,129.6919,147.3767,63.43
slo_81_01,0009,9,1550,1266,1412,1521,289.9465,329.4837,-61.58
slo_81_01,0009,10,1412,1521,1569,1620,185.6071,210.9165,32.23
slo_81_01,0009,11,1569,1620,1623,1733,125.2398,142.3175,64.46
slo_81_01,0009,12,1608,1803,1499,2008,232.1767,263.8363,-62.00
slo_81_01,0010,0,1286,0,1396,194,223.0157,253.4261,60.45
slo_81_01,0010,1,1396,194,1228,433,292.1387,331.9747,-54.90
slo_81_01,0010,2,1228,433,1372,537,177.6288,201.8503,35.84
slo_81_01,0010,3,1372,537,1489,721,218.0482,247.7812,57.55
slo_81_01,0010,4,1417,746,1303,957,239.8270,272.5298,-61.62
slo_81_01,0010,5,1303,957,1461,1054,185.3996,210.6807,31.55
slo_81_01,0010,6,1461,1054,1514,1153,112.2943,127.6067,61.84
slo_81_01,0010,7,1514,1153,1392,1425,298.1074,338.7573,-65.84
slo_81_01,0010,8,1392,1425,1547,1518,180.7595,205.4079,30.96
slo_81_01,0010,9,1547,1518,1607,1631,127.9414,145.3875,62.03
slo_81_01,0010,10,1607,1631,1457,1865,277.9496,315.8508,-57.34
slo_81_01,0010,11,1457,1865,1616,1962,186.2525,211.6499,31.39
slo_81_01,0010,12,1616,1962,1664,2047,97.6166,110.9276,60.55
slo_81_01,0011,0,1303,0,1257,104,113.7190,129.2257,-66.14
slo_81_01,0011,1,1257,104,1394,208,172.0029,195.4572,37.20
slo_81_01,0011,2,1394,208,1459,372,176.4115,200.4669,68.38
slo_81_01,0011,3,1459,372,1322,621,284.2006,322.9542,-61.18
slo_81_01,0011,4,1322,621,1474,736,190.6017,216.5921,37.11
slo_81_01,0011,5,1474,736,1564,903,189.7077,215.5762,61.68
slo_81_01,0011,6,1564,903,1396,1146,295.4200,335.7035,-55.34
slo_81_01,0011,7,1396,1146,1554,1269,200.2324,227.5361,37.90
slo_81_01,0011,8,1554,1269,1627,1421,168.6209,191.6140,64.35
slo_81_01,0011,9,1581,1458,1474,1670,237.4721,269.8538,-63.22
slo_81_01,0011,10,1474,1670,1671,1839,259.5573,294.9506,40.63
slo_81_01,0011,11,1671,1839,1675,1930,91.0879,103.5086,87.48
slo_81_01,0011,12,1675,1930,1606,2047,135.8308,154.3527,-59.47
slo_81_01,0012,0,1318,0,1380,193,202.7141,230.3562,72.19
slo_81_01,0012,1,1380,193,1252,417,257.9922,293.1721,-60.26
slo_81_01,0012,2,1252,417,1382,513,161.6045,183.6408,36.44
slo_81_01,0012,3,1382,513,1496,703,221.5762,251.7903,59.04
slo_81_01,0012,4,1496,703,1337,944,288.7248,328.0953,-56.59
slo_81_01,0012,5,1337,944,1462,1031,152.2958,173.0628,34.84
slo_81_01,0012,6,1462,1031,1545,1217,203.6787,231.4523,65.95
slo_81_01,0012,7,1545,1217,1401,1461,283.3231,321.9571,-59.45
slo_81_01,0012,8,1401,1461,1550,1572,185.8010,211.1368,36.68
slo_81_01,0012,9,1550,1572,1642,1743,194.1778,220.6558,61.72
slo_81_01,0012,10,1642,1743,1480,1973,281.3254,319.6870,-54.84
slo_81_01,0012,11,1480,1973,1550,2047,101.8627,115.7526,46.59
slo_81_01,0013,0,1317,0,1199,172,208.5857,237.0285,-55.55
slo_81_01,0013,1,1199,172,1357,288,196.0102,222.7382,36.29
slo_81_01,0013,2,1357,288,1456,471,208.0625,236.4339,61.59
slo_81_01,0013,3,1483,486,1405,517,83.9345,95.3798,-21.67
slo_81_01,0013,4,1405,517,1298,711,221.5513,251.7621,-61.12
slo_81_01,0013,5,1298,711,1436,813,171.6042,195.0041,36.47
slo_81_01,0013,6,1436,813,1532,991,202.2375,229.8146,61.66
slo_81_01,0013,7,1494,1003,1370,1229,257.7829,292.9341,-61.25
slo_81_01,0013,8,1370,1229,1498,1323,158.8081,180.4631,36.29
slo_81_01,0013,9,1498,1323,1612,1520,227.6071,258.6436,59.94
slo_81_01,0013,10,1612,1520,1454,1755,283.1766,321.7906,-56.09
slo_81_01,0013,11,1454,1755,1585,1852,163.0031,185.2302,36.52
slo_81_01,0013,12,1585,1852,1680,2041,211.5325,240.3771,63.31
slo_81_01,0014,0,1264,0,1195,127,144.5337,164.2424,-61.48
slo_81_01,0014,1,1195,127,1382,267,233.6001,265.4538,36.82
slo_81_01,0014,2,1382,267,1424,372,113.0885,128.5092,68.20
slo_81_01,0014,3,1424,372,1276,637,303.5276,344.9166,-60.82
slo_81_01,0014,4,1276,637,1447,772,217.8669,247.5753,38.29
slo_81_01,0014,5,1447,772,1503,908,147.0782,167.1338,67.62
slo_81_01,0014,6,1503,908,1339,1121,268.8215,305.4780,-52.41
slo_81_01,0014,7,1339,1121,1495,1232,191.4602,217.5677,35.43
slo_81_01,0014,8,1495,1232,1622,1430,235.2297,267.3056,57.32
slo_81_01,0014,9,1622,1430,1547,1463,81.9390,93.1122,-23.75
slo_81_01,0014,10,1547,1463,1437,1656,222.1463,252.4382,-60.32
slo_81_01,0014,11,1437,1656,1597,1800,215.2580,244.6106,41.99
slo_81_01,0014,12,1597,1800,1668,1941,157.8670,179.3938,63.27
slo_81_01,0014,13,1631,1952,1599,2047,100.2447,113.9141,-71.38
slo_81_01,0015,0,1342,0,1242,155,184.4587,209.6115,-57.17
slo_81_01,0015,1,1242,155,1432,311,245.8373,279.3597,39.39
slo_81_01,0015,2,1432,311,1469,418,113.2166,128.6548,70.92
slo_81_01,0015,3,1469,418,1318,667,291.2078,330.9169,-58.77
slo_81_01,0015,4,1318,667,1498,798,222.6230,252.9799,36.05
slo_81_01,0015,5,1498,798,1549,924,135.9301,154.4656,67.96
slo_81_01,0015,6,1549,924,1399,1180,296.7086,337.1678,-59.63
slo_81_01,0015,7,1399,1180,1566,1311,212.2499,241.1922,38.11
slo_81_01,0015,8,1566,1311,1628,1443,145.8355,165.7217,64.84
slo_81_01,0015,9,1628,1443,1462,1663,275.6012,313.1821,-52.96
slo_81_01,0015,10,1462,1663,1621,1778,196.2295,222.9873,35.88
slo_81_01,0015,11,1621,1778,1742,1975,231.1926,262.7180,58.44
slo_81_01,0015,12,1722,1970,1663,2047,97.0052,110.2328,-52.54
slo_81_01,0016,0,1378,0,1232,249,288.6468,328.0067,-59.61
slo_81_01,0016,1,1232,249,1395,381,209.7451,238.3459,39.00
slo_81_01,0016,2,1395,381,1456,503,136.4001,154.9997,63.43
slo_81_01,0016,3,1421,519,1307,747,254.9117,289.6715,-63.43
slo_81_01,0016,4,1307,747,1485,889,227.7016,258.7509,38.58
slo_81_01,0016,5,1485,889,1536,1006,127.6323,145.0362,66.45
slo_81_01,0016,6,1536,1006,1383,1263,299.0953,339.8799,-59.23
slo_81_01,0016,7,1383,1263,1549,1378,201.9431,229.4800,34.71
slo_81_01,0016,8,1549,1378,1610,1496,132.8345,150.9478,62.66
slo_81_01,0016,9,1610,1537,1464,1773,277.5104,315.3517,-58.26
slo_81_01,0016,10,1464,1773,1635,1909,218.4880,248.2810,38.50
slo_81_01,0016,11,1635,1909,1692,2047,149.3084,169.6681,67.56
slo_81_01,0017,0,1347,0,1526,139,226.6319,257.5354,37.83
slo_81_01,0017,1,1526,139,1576,277,146.7787,166.7935,70.08
slo_81_01,0017,2,1576,277,1427,509,275.7263,313.3244,-57.29
slo_81_01,0017,3,1427,509,1588,635,204.4431,232.3210,38.05
slo_81_01,0017,4,1588,635,1654,784,162.9632,185.1848,66.11
slo_81_01,0017,5,1619,802,1503,1001,230.3411,261.7504,-59.76
slo_81_01,0017,6,1503,1001,1681,1148,230.8528,262.3319,39.55
slo_81_01,0017,7,1681,1148,1731,1265,127.2360,144.5859,66.86
slo_81_01,0017,8,1731,1265,1578,1521,298.2365,338.9040,-59.14
slo_81_01,0017,9,1578,1521,1755,1649,218.4331,248.2186,35.87
slo_81_01,0017,10,1755,1649,1808,1769,131.1831,149.0712,66.17
slo_81_01,0017,11,1808,1769,1659,2012,285.0439,323.9124,-58.48
slo_82_01,0001,0,1328,0,1465,89,163.3707,185.6480,33.01
slo_82_01,0001,1,1465,89,1548,251,182.0247,206.8456,62.87
slo_82_01,0001,2,1548,251,1473,298,88.5099,100.5791,-32.07
slo_82_01,0001,3,1473,298,1401,490,205.0561,233.0175,-69.44
slo_82_01,0001,4,1401,490,1548,575,169.8058,192.9605,30.04
slo_82_01,0001,5,1548,575,1643,751,200.0025,227.2748,61.64
slo_82_01,0001,6,1643,751,1529,789,120.1666,136.5525,-18.43
slo_82_01,0001,7,1529,789,1460,925,152.5025,173.2977,-63.10
slo_82_01,0001,8,1484,982,1635,1061,170.4171,193.6552,27.62
slo_82_01,0001,9,1635,1061,1740,1240,207.5235,235.8214,59.60
slo_82_01,0001,10,1740,1240,1601,1277,143.8402,163.4542,-14.91
slo_82_01,0001,11,1601,1277,1535,1420,157.4960,178.9722,-65.22
slo_82_01,0001,12,1535,1420,1758,1544,255.1568,289.9500,29.08
slo_82_01,0001,13,1758,1544,1798,1625,90.3383,102.6568,63.72
slo_82_01,0001,14,1798,1625,1606,1732,219.8022,249.7744,-29.13
slo_82_01,0001,15,1606,1732,1530,1865,153.1829,174.0709,-60.26
slo_82_01,0001,16,1530,1865,1632,1876,102.5914,116.5808,6.16
slo_82_01,0001,17,1632,1876,1785,2047,229.4559,260.7445,48.18
slo_82_01,0002,0,1406,21,1293,242,248.2136,282.0600,-62.92
slo_82_01,0002,1,1293,242,1431,322,159.5118,181.2628,30.10
slo_82_01,0002,2,1431,322,1517,508,204.9195,232.8623,65.19
slo_82_01,0002,3,1517,508,1441,550,86.8332,98.6737,-28.93
slo_82_01,0002,4,1441,550,1368,747,210.0905,238.7384,-69.67
slo_82_01,0002,5,1368,747,1507,831,162.4100,184.5562,31.15
slo_82_01,0002,6,1507,831,1601,1004,196.8883,223.7360,61.48
slo_82_01,0002,7,1613,1011,1571,1033,47.4131,53.8783,-27.65
slo_82_01,0002,8,1560,1027,1444,1220,225.1777,255.8829,-58.99
slo_82_01,0002,9,1450,1245,1593,1323,162.8895,185.1011,28.61
slo_82_01,0002,10,1593,1323,1696,1514,217.0023,246.5927,61.66
slo_82_01,0002,11,1696,1514,1575,1544,124.6635,141.6627,-13.92
slo_82_01,0002,12,1575,1544,1506,1682,154.2887,175.3275,-63.43
slo_82_01,0002,13,1506,1682,1677,1807,211.8160,240.6992,36.17
slo_82_01,0002,14,1677,1807,1785,1999,220.2907,250.3296,60.64
slo_82_01,0002,15,1785,1999,1641,2047,151.7893,172.4873,-18.43
slo_82_01,0003,0,1417,0,1497,55,97.0824,110.3206,34.51
slo_82_01,0003,1,1497,55,1558,212,168.4340,191.4016,68.77
slo_82_01,0003,2,1558,212,1441,469,282.3792,320.8844,-65.52
slo_82_01,0003,3,1441,469,1585,556,168.2409,191.1822,31.14
slo_82_01,0003,4,1585,556,1654,706,165.1091,187.6233,65.30
slo_82_01,0003,5,1654,706,1512,971,300.6476,341.6439,-61.82
slo_82_01,0003,6,1512,971,1648,1050,157.2800,178.7267,30.15
slo_82_01,0003,7,1648,1050,1735,1234,203.5313,231.2849,64.69
slo_82_01,0003,8,1735,1234,1661,1280,87.1321,99.0134,-31.87
slo_82_01,0003,9,1661,1280,1585,1477,211.1516,239.9442,-68.90
slo_82_01,0003,10,1585,1477,1719,1556,155.5538,176.7652,30.52
slo_82_01,0003,11,1719,1556,1811,1703,173.4157,197.0626,57.96
slo_82_01,0003,12,1815,1738,1739,1784,88.8369,100.9507,-31.18
slo_82_01,0003,13,1739,1784,1660,1946,180.2360,204.8129,-64.00
slo_82_01,0003,14,1666,1974,1799,2047,151.7168,172.4050,28.76
slo_82_01,0004,0,1422,0,1318,197,222.7667,253.1432,-62.17
slo_82_01,0004,1,1318,197,1455,291,166.1475,188.8034,34.46
slo_82_01,0004,2,1455,291,1516,438,159.1540,180.8563,67.46
slo_82_01,0004,3,1486,488,1382,693,229.8717,261.2170,-63.10
slo_82_01,0004,4,1382,693,1521,781,164.5144,186.9476,32.34
slo_82_01,0004,5,1521,781,1587,915,149.3720,169.7404,63.78
slo_82_01,0004,6,1582,994,1471,1205,238.4156,270.9260,-62.25
slo_82_01,0004,7,1471,1205,1613,1289,164.9848,187.4822,30.61
slo_82_01,0004,8,1613,1289,1681,1421,148.4857,168.7332,62.74
slo_82_01,0004,9,1681,1421,1539,1707,319.3118,362.8531,-63.60
slo_82_01,0004,10,1539,1707,1670,1779,149.4824,169.8659,28.79
slo_82_01,0004,11,1670,1779,1762,1978,219.2373,249.1325,65.19
slo_82_01,0004,12,1762,1978,1683,2047,104.8904,119.1933,-41.13
slo_82_01,0005,0,1372,0,1338,86,92.4770,105.0872,-68.43
slo_82_01,0005,1,1338,86,1449,158,132.3065,150.3478,32.97
slo_82_01,0005,2,1449,158,1548,342,208.9426,237.4340,61.72
slo_82_01,0005,3,1525,381,1382,573,239.4013,272.0461,-53.32
slo_82_01,0005,4,1382,573,1527,688,185.0676,210.3034,38.42
slo_82_01,0005,5,1527,688,1566,832,149.1878,169.5310,74.85
slo_82_01,0005,6,1596,887,1463,1103,253.6632,288.2527,-58.38
slo_82_01,0005,7,1463,1103,1601,1198,167.5381,190.3835,34.54
slo_82_01,0005,8,1601,1198,1661,1347,160.6269,182.5300,68.07
slo_82_01,0005,9,1632,1397,1525,1596,225.9425,256.7520,-61.73
slo_82_01,0005,10,1525,1596,1669,1690,171.9651,195.4143,33.14
slo_82_01,0005,11,1669,1690,1727,1811,134.1827,152.4799,64.39
slo_82_01,0005,12,1722,1892,1630,2047,180.2471,204.8255,-59.31
slo_82_01,0006,0,1370,0,1485,209,238.5498,271.0784,61.18
slo_82_01,0006,1,1457,219,1315,412,239.6101,272.2833,-53.66
slo_82_01,0006,2,1315,412,1437,501,151.0132,171.6054,36.11
slo_82_01,0006,3,1437,501,1460,611,112.3788,127.7028,78.19
slo_82_01,0006,4,1460,611,1553,714,138.7732,157.6963,47.92
slo_82_01,0006,5,1553,714,1398,942,275.6973,313.2914,-55.79
slo_82_01,0006,6,1398,942,1514,1016,137.5936,156.3559,32.54
slo_82_01,0006,7,1514,1016,1612,1203,211.1232,239.9119,62.34
slo_82_01,0006,8,1615,1230,1444,1433,265.4242,301.6174,-49.89
slo_82_01,0006,9,1444,1433,1591,1549,187.2565,212.7908,38.28
slo_82_01,0006,10,1591,1549,1656,1715,178.2723,202.5815,68.62
slo_82_01,0006,11,1684,1731,1527,1960,277.6509,315.5113,-55.57
slo_82_01,0006,12,1527,1960,1645,2047,146.6049,166.5960,36.40
slo_82_01,0007,0,1369,0,1433,70,94.8472,107.7806,47.56
slo_82_01,0007,1,1373,97,1285,305,225.8495,256.6463,-67.07
slo_82_01,0007,2,1285,305,1501,597,363.2079,412.7350,53.51
slo_82_01,0007,3,1501,597,1328,808,272.8553,310.0618,-50.65
slo_82_01,0007,4,1328,808,1469,914,176.4001,200.4540,36.93
slo_82_01,0007,5,1469,914,1583,1113,229.3404,260.6132,60.19
slo_82_01,0007,6,1583,1113,1413,1323,270.1851,307.0276,-51.01
slo_82_01,0007,7,1413,1323,1537,1417,155.6021,176.8200,37.16
slo_82_01,0007,8,1537,1417,1559,1526,111.1980,126.3610,78.59
slo_82_01,0007,9,1559,1526,1650,1625,134.4693,152.8056,47.41
slo_82_01,0007,10,1650,1625,1495,1852,274.8709,312.3523,-55.67
slo_82_01,0007,11,1495,1852,1614,1930,142.2849,161.6869,33.24
slo_82_01,0007,12,1614,1930,1668,2047,128.8604,146.4318,65.22
slo_82_01,0008,0,1416,0,1265,246,288.6468,328.0067,-58.46
slo_82_01,0008,1,1265,246,1412,360,186.0242,211.3905,37.79
slo_82_01,0008,2,1412,360,1462,503,151.4893,172.1464,70.73
slo_82_01,0008,3,1498,535,1340,733,253.3140,287.8559,-51.41
slo_82_01,0008,4,1340,733,1482,827,170.2939,193.5151,33.50
slo_82_01,0008,5,1482,827,1575,1009,204.3844,232.2543,62.93
slo_82_01,0008,6,1545,1054,1455,1260,224.8021,255.4562,-66.40
slo_82_01,0008,7,1455,1260,1669,1547,358.0014,406.8185,53.29
slo_82_01,0008,8,1669,1547,1497,1764,276.8989,314.6568,-51.60
slo_82_01,0008,9,1497,1764,1639,1869,176.6041,200.6858,36.48
slo_82_01,0008,10,1639,1869,1736,2047,202.7141,230.3562,61.41
slo_82_01,0009,0,1493,73,1419,111,83.1865,94.5299,-27.18
slo_82_01,0009,1,1419,111,1339,292,197.8914,224.8759,-66.16
slo_82_01,0009,2,1339,292,1494,374,175.3539,199.2652,27.88
slo_82_01,0009,3,1494,374,1562,521,161.9660,184.0517,65.18
slo_82_01,0009,4,1562,521,1440,654,180.4799,205.0902,-47.47
slo_82_01,0009,5,1521,536,1396,729,229.9435,261.2986,-57.07
slo_82_01,0009,6,1396,729,1560,825,190.0316,215.9443,30.34
slo_82_01,0009,7,1560,825,1620,934,124.4227,141.3889,61.17
slo_82_01,0009,8,1618,966,1466,1194,274.0219,311.3875,-56.31
slo_82_01,0009,9,1466,1194,1608,1300,177.2005,201.3635,36.74
slo_82_01,0009,10,1608,1300,1693,1478,197.2536,224.1512,64.47
slo_82_01,0009,11,1693,1478,1539,1682,255.6013,290.4550,-52.95
slo_82_01,0009,12,1539,1682,1674,1764,157.9525,179.4909,31.27
slo_82_01,0009,13,1674,1764,1796,1967,236.8396,269.1351,58.99
slo_82_01,0009,14,1796,1967,1734,2047,101.2126,115.0140,-52.22
slo_82_01,0010,0,1396,0,1425,117,120.5404,136.9773,76.08
slo_82_01,0010,1,1425,117,1277,313,245.6013,279.0915,-52.94
slo_82_01,0010,2,1284,366,1424,463,170.3203,193.5452,34.72
slo_82_01,0010,3,1424,463,1487,623,171.9564,195.4044,68.51
slo_82_01,0010,4,1487,623,1348,880,292.1815,332.0233,-61.59
slo_82_01,0010,5,1348,880,1506,970,181.8351,206.6301,29.67
slo_82_01,0010,6,1506,970,1570,1108,152.1184,172.8612,65.12
slo_82_01,0010,7,1570,1108,1453,1267,197.4082,224.3268,-53.65
slo_82_01,0010,8,1531,1137,1411,1356,249.7218,283.7739,-61.28
slo_82_01,0010,9,1411,1356,1570,1443,181.2457,205.9604,28.69
slo_82_01,0010,10,1570,1443,1638,1585,157.4421,178.9109,64.41
slo_82_01,0010,11,1638,1585,1513,1718,182.5212,207.4098,-46.78
slo_82_01,0010,12,1596,1603,1470,1796,230.4886,261.9180,-56.86
slo_82_01,0010,13,1470,1796,1640,1900,199.2887,226.4637,31.46
slo_82_01,0010,14,1640,1900,1691,2047,155.5956,176.8126,70.87
slo_82_01,0011,0,1320,0,1263,135,146.5401,166.5223,-67.11
slo_82_01,0011,1,1263,135,1405,235,173.6779,197.3606,35.15
slo_82_01,0011,2,1405,235,1503,396,188.4808,214.1820,58.67
slo_82_01,0011,3,1533,407,1439,444,101.0198,114.7949,-21.49
slo_82_01,0011,4,1439,444,1331,659,240.6013,273.4097,-63.33
slo_82_01,0011,5,1331,659,1475,765,178.8072,203.1893,36.36
slo_82_01,0011,6,1475,765,1540,903,152.5418,173.3424,64.78
slo_82_01,0011,7,1540,903,1389,1141,281.8599,320.2943,-57.61
slo_82_01,0011,8,1389,1141,1597,1407,337.6685,383.7129,51.98
slo_82_01,0011,9,1597,1407,1460,1703,326.1671,370.6433,-65.16
slo_82_01,0011,10,1460,1703,1609,1786,170.5579,193.8152,29.12
slo_82_01,0011,11,1609,1786,1670,1880,112.0580,127.3383,57.02
slo_82_01,0011,12,1670,1880,1678,1963,83.3847,94.7550,84.49
slo_82_01,0011,13,1678,1963,1602,2022,96.2133,109.3330,-37.82
slo_82_01,0012,0,1400,0,1482,178,195.9796,222.7034,65.27
slo_82_01,0012,1,1506,175,1407,227,111.8258,127.0743,-27.71
slo_82_01,0012,2,1407,227,1315,416,210.2023,238.8655,-64.04
slo_82_01,0012,3,1315,416,1464,512,177.2484,201.4180,32.79
slo_82_01,0012,4,1464,512,1532,663,165.6050,188.1868,65.76
slo_82_01,0012,5,1532,663,1385,935,309.1812,351.3411,-61.61
slo_82_01,0012,6,1385,935,1531,1039,179.2540,203.6971,35.46
slo_82_01,0012,7,1531,1039,1627,1201,188.3083,213.9860,59.35
slo_82_01,0012,8,1656,1211,1565,1249,98.6154,112.0626,-22.66
slo_82_01,0012,9,1565,1249,1456,1434,214.7231,244.0027,-59.49
slo_82_01,0012,10,1457,1465,1599,1570,176.6041,200.6858,36.48
slo_82_01,0012,11,1599,1570,1664,1710,154.3535,175.4011,65.10
slo_82_01,0012,12,1663,1745,1512,1940,246.6293,280.2596,-52.25
slo_82_01,0012,13,1516,1967,1593,2047,111.0360,126.1769,46.09
slo_82_01,0013,0,1632,0,1501,49,139.8642,158.9361,-20.51
slo_82_01,0013,1,1501,49,1404,232,207.1183,235.3610,-62.07
slo_82_01,0013,2,1404,232,1532,305,147.3533,167.4464,29.70
slo_82_01,0013,3,1532,305,1610,488,198.9296,226.0557,66.91
slo_82_01,0013,4,1610,488,1490,751,289.0830,328.5024,-65.47
slo_82_01,0013,5,1490,751,1611,822,140.2926,159.4228,30.40
slo_82_01,0013,6,1611,822,1714,1008,212.6147,241.6068,61.02
slo_82_01,0013,7,1759,1012,1643,1070,129.6919,147.3767,-26.57
slo_82_01,0013,8,1643,1070,1548,1238,193.0000,219.3175,-60.51
slo_82_01,0013,9,1546,1264,1688,1353,167.5858,190.4378,32.08
slo_82_01,0013,10,1688,1353,1764,1505,169.9412,193.1143,63.43
slo_82_01,0013,11,1764,1505,1613,1779,312.8530,355.5136,-61.14
slo_82_01,0013,12,1613,1779,1759,1885,180.4217,205.0240,35.98
slo_82_01,0013,13,1759,1885,1850,2043,182.3321,207.1949,60.06
slo_82_01,0014,0,1349,0,1318,90,95.1893,108.1693,-70.99
slo_82_01,0014,1,1318,90,1463,171,166.0903,188.7384,29.19
slo_82_01,0014,2,1463,171,1536,321,166.8203,189.5679,64.05
slo_82_01,0014,3,1536,321,1396,601,313.0495,355.7369,-63.43
slo_82_01,0014,4,1396,601,1525,680,151.2680,171.8949,31.48
slo_82_01,0014,5,1525,680,1648,858,216.3631,245.8664,55.36
slo_82_01,0014,6,1677,867,1547,923,141.5486,160.8501,-23.30
slo_82_01,0014,7,1547,923,1446,1067,175.8892,199.8734,-54.95
slo_82_01,0014,8,1451,1111,1578,1182,145.4991,165.3394,29.21
slo_82_01,0014,9,1578,1182,1655,1361,194.8589,221.4299,66.72
slo_82_01,0014,10,1655,1361,1533,1626,291.7345,331.5154,-65.28
slo_82_01,0014,11,1533,1626,1663,1706,152.6434,173.4578,31.61
slo_82_01,0014,12,1663,1706,1778,1893,219.5313,249.4666,58.41
slo_82_01,0014,13,1722,1914,1621,2047,167.0030,189.7755,-52.79
slo_82_01,0015,0,1353,0,1433,62,101.2126,115.0140,37.78
slo_82_01,0015,1,1433,62,1477,188,133.4616,151.6604,70.75
slo_82_01,0015,2,1477,188,1335,445,293.6205,333.6586,-61.08
slo_82_01,0015,3,1335,445,1473,529,161.5549,183.5846,31.33
slo_82_01,0015,4,1473,529,1555,694,184.2525,209.3772,63.57
slo_82_01,0015,5,1522,715,1395,948,265.3639,301.5489,-61.41
slo_82_01,0015,6,1395,948,1544,1030,170.0735,193.2647,28.83
slo_82_01,0015,7,1544,1030,1620,1183,170.8362,194.1314,63.58
slo_82_01,0015,8,1620,1183,1472,1461,314.9413,357.8867,-61.97
slo_82_01,0015,9,1472,1461,1595,1532,142.0211,161.3871,30.00
slo_82_01,0015,10,1595,1532,1724,1717,225.5349,256.2889,55.11
slo_82_01,0015,11,1750,1727,1624,1788,139.9893,159.0782,-25.83
slo_82_01,0015,12,1624,1788,1522,1947,188.9047,214.6638,-57.32
slo_82_01,0015,13,1522,1947,1656,2047,167.2005,189.9999,36.73
slo_83_01,0001,0,1685,0,1697,120,120.5985,137.0433,84.29
slo_83_01,0001,1,1697,120,1437,239,285.9388,324.9294,-24.59
slo_83_01,0001,2,1424,268,1629,484,297.7936,338.4007,46.50
slo_83_01,0001,3,1629,484,1626,592,108.0417,122.7742,-88.41
slo_83_01,0001,4,1667,551,1581,626,114.1096,129.6696,-41.09
slo_83_01,0001,5,1581,626,1526,816,197.8004,224.7725,-73.86
slo_83_01,0001,6,1526,816,1695,932,204.9805,232.9316,34.47
slo_83_01,0001,7,1695,932,1760,1071,153.4471,174.3711,64.94
slo_83_01,0001,8,1760,1071,1654,1127,119.8833,136.2306,-27.85
slo_83_01,0001,9,1654,1127,1589,1282,168.0774,190.9964,-67.25
slo_83_01,0001,10,1589,1282,1755,1395,200.8109,228.1934,34.24
slo_83_01,0001,11,1755,1395,1822,1521,142.7060,162.1654,62.00
slo_83_01,0001,12,1794,1589,1691,1605,104.2353,118.4488,-8.83
slo_83_01,0001,13,1691,1605,1622,1752,162.3884,184.5317,-64.86
slo_83_01,0001,14,1622,1752,1889,1868,291.1099,330.8057,23.48
slo_83_01,0001,15,1889,1868,1913,1944,79.6994,90.5673,72.47
slo_83_01,0001,16,1913,1944,1827,2016,112.1606,127.4548,-39.94
slo_83_01,0001,17,1843,2032,1983,1982,148.6607,168.9321,-19.65
slo_83_01,0002,0,1364,0,1275,201,219.8227,249.7977,-66.12
slo_83_01,0002,1,1275,201,1444,309,200.5617,227.9103,32.58
slo_83_01,0002,2,1444,309,1514,452,159.2137,180.9241,63.92
slo_83_01,0002,3,1514,452,1422,506,106.6771,121.2236,-30.41
slo_83_01,0002,4,1422,506,1325,680,199.2109,226.3753,-60.86
slo_83_01,0002,5,1325,680,1586,798,286.4350,325.4933,24.33
slo_83_01,0002,6,1586,798,1674,956,180.8535,205.5147,60.88
slo_83_01,0002,7,1634,1024,1427,1101,220.8574,250.9735,-20.40
slo_83_01,0002,8,1399,1158,1636,1426,357.7611,406.5454,48.51
slo_83_01,0002,9,1625,1484,1549,1508,79.6994,90.5673,-17.53
slo_83_01,0002,10,1549,1508,1491,1672,173.9540,197.6744,-70.52
slo_83_01,0002,11,1491,1672,1693,1870,282.8569,321.4272,44.43
slo_83_01,0002,12,1720,1954,1623,2026,120.8015,137.2740,-36.59
slo_83_01,0003,0,1185,40,1421,246,313.2603,355.9764,41.12
slo_83_01,0003,1,1421,246,1294,541,321.1760,364.9715,-66.71
slo_83_01,0003,2,1294,541,1451,644,187.7711,213.3756,33.27
slo_83_01,0003,3,1451,644,1510,763,132.8232,150.9350,63.63
slo_83_01,0003,4,1510,763,1351,1044,322.8653,366.8912,-60.50
slo_83_01,0003,5,1351,1044,1518,1149,197.2663,224.1656,32.16
slo_83_01,0003,6,1518,1149,1596,1288,159.3895,181.1238,60.70
slo_83_01,0003,7,1616,1303,1570,1333,54.9181,62.4068,-33.11
slo_83_01,0003,8,1550,1318,1404,1525,253.3081,287.8492,-54.80
slo_83_01,0003,9,1404,1525,1646,1629,263.4008,299.3182,23.26
slo_83_01,0003,10,1646,1629,1770,1792,204.8048,232.7320,52.74
slo_83_01,0003,11,1770,1792,1588,1920,222.5039,252.8446,-35.12
slo_83_01,0003,12,1734,1846,1502,1950,254.2440,288.9127,-24.15
slo_83_01,0003,13,1502,1950,1486,2047,98.3107,111.7164,-80.63
slo_83_01,0004,0,1445,0,1472,152,154.3794,175.4306,79.93
slo_83_01,0004,1,1472,152,1283,207,196.8400,223.6811,-16.23
slo_83_01,0004,2,1283,207,1220,329,137.3062,156.0293,-62.69
slo_83_01,0004,3,1220,329,1429,559,310.7748,353.1521,47.74
slo_83_01,0004,4,1403,625,1251,820,247.2428,280.9568,-52.06
slo_83_01,0004,5,1259,874,1502,1092,326.4552,370.9706,41.90
slo_83_01,0004,6,1502,1092,1365,1379,318.0220,361.3875,-64.48
slo_83_01,0004,7,1365,1379,1521,1478,184.7620,209.9562,32.40
slo_83_01,0004,8,1521,1478,1585,1617,153.0261,173.8928,65.28
slo_83_01,0004,9,1547,1651,1418,1863,248.1633,282.0028,-58.68
slo_83_01,0004,10,1418,1863,1636,2047,285.2718,324.1715,40.17
slo_83_01,0005,0,1239,0,1231,109,109.2932,124.1964,-85.80
slo_83_01,0005,1,1277,146,1387,310,197.4740,224.4016,56.15
slo_83_01,0005,2,1387,310,1261,593,309.7822,352.0241,-66.00
slo_83_01,0005,3,1261,593,1485,701,248.6765,282.5860,25.74
slo_83_01,0005,4,1485,701,1568,837,159.3267,181.0525,58.60
slo_83_01,0005,5,1568,837,1528,932,103.0776,117.1333,-67.17
slo_83_01,0005,6,1528,932,1375,960,155.5410,176.7506,-10.37
slo_83_01,0005,7,1375,960,1307,1083,140.5454,159.7101,-61.06
slo_83_01,0005,8,1307,1083,1517,1313,311.4482,353.9173,47.60
slo_83_01,0005,9,1490,1381,1334,1576,249.7218,283.7739,-51.34
slo_83_01,0005,10,1340,1603,1586,1838,340.2073,386.5980,43.69
slo_83_01,0005,11,1586,1838,1490,2047,229.9935,261.3554,-65.33
slo_83_01,0006,0,1270,0,1297,95,98.7623,112.2296,74.13
slo_83_01,0006,1,1297,95,1167,280,226.1084,256.9405,-54.90
slo_83_01,0006,2,1165,350,1274,422,130.6331,148.4462,33.45
slo_83_01,0006,3,1274,422,1359,569,169.8058,192.9605,59.96
slo_83_01,0006,4,1359,569,1273,885,327.4935,372.1505,-74.78
slo_83_01,0006,5,1273,885,1359,949,107.2007,121.8186,36.66
slo_83_01,0006,6,1359,949,1429,1094,161.0124,182.9681,64.23
slo_83_01,0006,7,1429,1094,1301,1370,304.2367,345.7225,-65.12
slo_83_01,0006,8,1301,1370,1527,1479,250.9123,285.1267,25.75
slo_83_01,0006,9,1527,1479,1609,1620,163.1104,185.3521,59.82
slo_83_01,0006,10,1609,1620,1584,1700,83.8153,95.2443,-72.65
slo_83_01,0006,11,1584,1700,1410,1743,179.2345,203.6749,-13.88
slo_83_01,0006,12,1410,1743,1348,1891,160.4618,182.3424,-67.27
slo_83_01,0006,13,1348,1891,1540,2047,247.3863,281.1199,39.09
slo_83_01,0007,0,1191,0,1082,157,191.1282,217.1905,-55.23
slo_83_01,0007,1,1080,189,1286,370,274.2207,311.6135,41.30
slo_83_01,0007,2,1304,380,1339,443,72.0694,81.8968,60.95
slo_83_01,0007,3,1355,443,1410,467,60.0083,68.1911,23.57
slo_83_01,0007,4,1383,483,1323,484,60.0083,68.1911,-0.95
slo_83_01,0007,5,1306,451,1202,699,268.9238,305.5942,-67.25
slo_83_01,0007,6,1202,699,1333,792,160.6549,182.5618,35.37
slo_83_01,0007,7,1333,792,1421,953,183.4802,208.4996,61.34
slo_83_01,0007,8,1421,953,1278,1149,242.6211,275.7049,-53.89
slo_83_01,0007,9,1277,1214,1382,1283,125.6423,142.7749,33.31
slo_83_01,0007,10,1382,1283,1483,1464,207.2728,235.5365,60.84
slo_83_01,0007,11,1483,1464,1383,1746,299.2056,340.0053,-70.47
slo_83_01,0007,12,1383,1746,1534,1929,237.2551,269.6072,50.47
slo_83_01,0007,13,1534,1929,1501,2047,122.5275,139.2354,-74.38
slo_83_01,0008,0,1146,45,1314,150,198.1136,225.1284,32.01
slo_83_01,0008,1,1314,150,1363,264,124.0846,141.0048,66.74
slo_83_01,0008,2,1363,264,1219,512,286.7752,325.8798,-59.86
slo_83_01,0008,3,1219,512,1377,625,194.2498,220.7377,35.57
slo_83_01,0008,4,1377,625,1421,719,103.7882,117.9408,64.92
slo_83_01,0008,5,1421,719,1249,983,315.0873,358.0526,-56.92
slo_83_01,0008,6,1248,1015,1451,1189,267.3668,303.8249,40.60
slo_83_01,0008,7,1473,1207,1508,1274,75.5910,85.8986,62.42
slo_83_01,0008,8,1525,1273,1580,1297,60.0083,68.1911,23.57
slo_83_01,0008,9,1474,1332,1373,1500,196.0230,222.7526,-58.99
slo_83_01,0008,10,1372,1527,1503,1622,161.8209,183.8868,35.95
slo_83_01,0008,11,1503,1622,1586,1781,179.3600,203.8175,62.43
slo_83_01,0008,12,1586,1781,1443,1977,242.6211,275.7049,-53.89
slo_83_01,0009,0,1346,0,1269,43,88.1930,100.2190,-29.18
slo_83_01,0009,1,1269,43,1193,227,199.0779,226.2241,-67.56
slo_83_01,0009,2,1193,227,1401,327,230.7899,262.2605,25.68
slo_83_01,0009,3,1401,327,1481,459,154.3503,175.3975,58.78
slo_83_01,0009,4,1461,538,1304,568,159.8405,181.6364,-10.82
slo_83_01,0009,5,1304,568,1225,698,152.1217,172.8650,-58.71
slo_83_01,0009,6,1225,698,1388,815,200.6440,228.0038,35.67
slo_83_01,0009,7,1388,815,1442,914,112.7697,128.1469,61.39
slo_83_01,0009,8,1442,914,1283,1166,297.9681,338.5991,-57.75
slo_83_01,0009,9,1283,1166,1438,1261,181.7966,206.5864,31.50
slo_83_01,0009,10,1438,1261,1511,1396,153.4731,174.4007,61.60
slo_83_01,0009,11,1511,1396,1355,1635,285.4067,324.3248,-56.87
slo_83_01,0009,12,1355,1635,1529,1783,228.4294,259.5781,40.38
slo_83_01,0009,13,1428,1684,1561,1838,203.4822,231.2290,49.18
slo_83_01,0009,14,1561,1838,1422,2047,251.0020,285.2286,-56.37
slo_83_01,0010,0,1225,0,1212,93,93.9042,106.7090,-82.04
slo_83_01,0010,1,1212,93,1353,199,176.4001,200.4540,36.93
slo_83_01,0010,2,1353,199,1399,303,113.7190,129.2257,66.14
slo_83_01,0010,3,1399,303,1224,513,273.3587,310.6339,-50.19
slo_83_01,0010,4,1224,513,1215,597,84.4808,96.0006,-83.88
slo_83_01,0010,5,1215,597,1381,829,285.2718,324.1715,54.42
slo_83_01,0010,6,1443,886,1328,1096,239.4264,272.0746,-61.29
slo_83_01,0010,7,1328,1096,1537,1198,232.5618,264.2739,26.01
slo_83_01,0010,8,1537,1198,1617,1333,156.9235,178.3216,59.35
slo_83_01,0010,9,1617,1333,1585,1416,88.9550,101.0850,-68.92
slo_83_01,0010,10,1585,1416,1441,1439,145.8252,165.7100,-9.07
slo_83_01,0010,11,1441,1439,1360,1567,151.4761,172.1313,-57.67
slo_83_01,0010,12,1360,1567,1525,1687,204.0221,231.8425,36.03
slo_83_01,0010,13,1525,1687,1576,1785,110.4762,125.5408,62.51
slo_83_01,0010,14,1576,1785,1417,2047,306.4719,348.2624,-58.75
slo_83_01,0011,0,1304,0,1440,121,182.0357,206.8581,41.66
slo_83_01,0011,1,1458,161,1471,283,122.6907,139.4208,83.92
slo_83_01,0011,2,1472,290,1353,504,244.8612,278.2505,-60.92
slo_83_01,0011,3,1353,504,1493,625,185.0432,210.2757,40.84
slo_83_01,0011,4,1493,625,1533,764,144.6409,164.3642,73.95
slo_83_01,0011,5,1533,764,1632,796,104.0433,118.2306,17.91
slo_83_01,0011,6,1632,796,1520,821,114.7563,130.4044,-12.58
slo_83_01,0011,7,1520,821,1420,1026,228.0899,259.1922,-64.00
slo_83_01,0011,8,1420,1026,1617,1235,287.2107,326.3748,46.69
slo_83_01,0011,9,1617,1235,1436,1472,298.2113,338.8754,-52.63
slo_83_01,0011,10,1432,1542,1590,1766,274.1168,311.4953,54.80
slo_83_01,0011,11,1590,1766,1686,1804,103.2473,117.3261,21.60
slo_83_01,0011,12,1655,1825,1544,2021,225.2488,255.9637,-60.48
slo_83_01,0012,0,1454,0,1531,185,200.3846,227.7091,67.40
slo_83_01,0012,1,1531,185,1437,224,101.7693,115.6466,-22.53
slo_83_01,0012,2,1437,224,1401,407,186.5074,211.9395,-78.87
slo_83_01,0012,3,1401,407,1601,517,228.2542,259.3790,28.81
slo_83_01,0012,4,1601,517,1681,653,157.7847,179.3002,59.53
slo_83_01,0012,5,1626,743,1471,786,160.8540,182.7880,-15.51
slo_83_01,0012,6,1471,786,1429,904,125.2517,142.3311,-70.41
slo_83_01,0012,7,1428,934,1583,1080,212.9343,241.9700,43.29
slo_83_01,0012,8,1583,1080,1621,1225,149.8966,170.3365,75.31
slo_83_01,0012,9,1621,1225,1483,1443,258.0078,293.1897,-57.67
slo_83_01,0012,10,1483,1443,1615,1555,173.1127,196.7183,40.31
slo_83_01,0012,11,1615,1555,1667,1695,149.3452,169.7100,69.62
slo_83_01,0012,12,1667,1695,1756,1735,97.5756,110.8810,24.20
slo_83_01,0012,13,1756,1735,1651,1765,109.2016,124.0924,-15.95
slo_83_01,0012,14,1651,1765,1557,1941,199.5294,226.7373,-61.89
slo_83_01,0012,15,1555,1973,1655,2047,124.4026,141.3661,36.50
slo_83_01,0013,0,1436,38,1360,230,206.4946,234.6521,-68.40
slo_83_01,0013,1,1360,230,1519,370,211.8514,240.7394,41.36
slo_83_01,0013,2,1519,370,1573,522,161.3072,183.3030,70.44
slo_83_01,0013,3,1573,522,1472,548,104.2929,118.5142,-14.44
slo_83_01,0013,4,1472,548,1390,723,193.2589,219.6117,-64.89
slo_83_01,0013,5,1390,723,1539,812,173.5569,197.2231,30.85
slo_83_01,0013,6,1539,812,1630,983,193.7060,220.1197,61.98
slo_83_01,0013,7,1630,1024,1539,1061,98.2344,111.6297,-22.13
slo_83_01,0013,8,1539,1061,1509,1240,181.4966,206.2454,-80.49
slo_83_01,0013,9,1509,1240,1700,1345,217.9587,247.6796,28.80
slo_83_01,0013,10,1700,1345,1782,1470,149.4958,169.8811,56.74
slo_83_01,0013,11,1782,1470,1732,1573,114.4945,130.1070,-64.11
slo_83_01,0013,12,1732,1573,1568,1626,172.3514,195.8532,-17.91
slo_83_01,0013,13,1568,1626,1527,1728,109.9318,124.9221,-68.10
slo_83_01,0013,14,1530,1763,1672,1890,190.5072,216.4848,41.81
slo_83_01,0013,15,1672,1890,1715,2047,162.7821,184.9790,74.68
slo_83_01,0014,0,1306,0,1255,136,145.2481,165.0541,-69.44
slo_83_01,0014,1,1255,136,1501,364,335.4102,381.1467,42.83
slo_83_01,0014,2,1501,364,1362,640,309.0259,351.1647,-63.27
slo_83_01,0014,3,1362,640,1535,774,218.8264,248.6656,37.76
slo_83_01,0014,4,1535,774,1601,943,181.4304,206.1703,68.67
slo_83_01,0014,5,1562,957,1446,1118,198.4364,225.4952,-54.23
slo_83_01,0014,6,1445,1151,1609,1324,238.3799,270.8854,46.53
slo_83_01,0014,7,1624,1327,1658,1427,105.6220,120.0246,71.22
slo_83_01,0014,8,1650,1454,1564,1475,88.5268,100.5984,-13.72
slo_83_01,0014,9,1564,1475,1470,1613,166.9731,189.7415,-55.74
slo_83_01,0014,10,1470,1613,1663,1806,272.9432,310.1618,45.00
slo_83_01,0014,11,1547,1674,1703,1870,250.5035,284.6621,51.48
slo_83_01,0014,12,1703,1870,1717,1950,81.2158,92.2903,80.07
slo_83_01,0014,13,1717,1950,1614,2012,120.2206,136.6139,-31.05
slo_83_01,0015,0,1545,0,1638,135,163.9329,186.2868,55.44
slo_83_01,0015,1,1635,137,1508,257,174.7255,198.5511,-43.38
slo_83_01,0015,2,1508,257,1399,269,109.6586,124.6116,-6.28
slo_83_01,0015,3,1399,269,1346,375,118.5116,134.6718,-63.43
slo_83_01,0015,4,1354,408,1519,507,192.4214,218.6600,30.96
slo_83_01,0015,5,1519,507,1586,658,165.1969,187.7231,66.07
slo_83_01,0015,6,1584,686,1466,707,119.8541,136.1974,-10.09
slo_83_01,0015,7,1466,707,1367,840,165.8011,188.4097,-53.34
slo_83_01,0015,8,1371,915,1610,1133,323.4888,367.5997,42.37
slo_83_01,0015,9,1610,1133,1469,1414,314.3915,357.2619,-63.35
slo_83_01,0015,10,1469,1414,1666,1595,267.5257,304.0055,42.58
slo_83_01,0015,11,1666,1595,1708,1720,131.8674,149.8488,71.43
slo_83_01,0015,12,1673,1729,1552,1861,179.0670,203.4846,-47.49
slo_83_01,0015,13,1556,1937,1684,2047,168.7720,191.7858,40.67
slo_84_01,0001,0,1251,0,1181,104,125.3635,142.4580,-56.06
slo_84_01,0001,1,1200,163,1487,276,308.4445,350.5040,21.49
slo_84_01,0001,2,1487,276,1556,392,134.9704,153.3749,59.25
slo_84_01,0001,3,1528,432,1236,573,324.2607,368.4769,-25.77
slo_84_01,0001,4,1221,644,1479,792,297.4357,337.9940,29.84
slo_84_01,0001,5,1479,792,1545,899,125.7179,142.8608,58.33
slo_84_01,0001,6,1516,949,1358,974,159.9656,181.7785,-8.99
slo_84_01,0001,7,1358,974,1309,1136,169.2483,192.3270,-73.17
slo_84_01,0001,8,1309,1136,1603,1236,310.5415,352.8869,18.79
slo_84_01,0001,9,1603,1236,1686,1352,142.6359,162.0857,54.42
slo_84_01,0001,10,1686,1352,1487,1528,265.6633,301.8892,-41.49
slo_84_01,0001,11,1487,1528,1339,1559,151.2118,171.8310,-11.83
slo_84_01,0001,12,1317,1585,1712,1728,420.0881,477.3713,19.90
slo_84_01,0001,13,1712,1728,1755,1813,95.2575,108.2469,63.17
slo_84_01,0001,14,1755,1813,1585,1900,190.9686,217.0091,-27.10
slo_84_01,0001,15,1678,1848,1560,1940,149.6262,170.0292,-37.94
slo_84_01,0001,16,1560,1940,1366,1955,194.5790,221.1118,-4.42
slo_84_01,0001,17,1366,1955,1311,2047,107.1868,121.8027,-59.13
slo_84_01,0002,0,1486,0,1471,106,107.0561,121.6542,-81.95
slo_84_01,0002,1,1471,106,1241,167,237.9517,270.3988,-14.85
slo_84_01,0002,2,1241,167,1171,261,117.2007,133.1822,-53.33
slo_84_01,0002,3,1194,315,1487,430,314.7602,357.6809,21.43
slo_84_01,0002,4,1487,430,1556,556,143.6558,163.2447,61.29
slo_84_01,0002,5,1520,592,1288,678,247.4268,281.1659,-20.34
slo_84_01,0002,6,1288,678,1218,757,105.5509,119.9439,-48.46
slo_84_01,0002,7,1237,807,1532,938,322.7786,366.7926,23.94
slo_84_01,0002,8,1532,938,1598,1035,117.3243,133.3227,55.77
slo_84_01,0002,9,1598,1035,1552,1108,86.2844,98.0502,-57.78
slo_84_01,0002,10,1552,1108,1362,1149,194.3734,220.8781,-12.18
slo_84_01,0002,11,1362,1149,1278,1261,140.0000,159.0904,-53.13
slo_84_01,0002,12,1307,1318,1585,1423,297.1683,337.6902,20.69
slo_84_01,0002,13,1585,1423,1652,1520,117.8898,133.9652,55.37
slo_84_01,0002,14,1652,1520,1599,1615,108.7842,123.6180,-60.84
slo_84_01,0002,15,1599,1615,1372,1690,239.0690,271.6685,-18.28
slo_84_01,0002,16,1372,1690,1304,1768,103.4795,117.5899,-48.92
slo_84_01,0002,17,1314,1788,1577,1939,303.2656,344.6189,29.86
slo_84_01,0002,18,1577,1939,1641,2047,125.5388,142.6573,59.35
slo_84_01,0003,0,1167,79,1481,206,338.7108,384.8974,22.02
slo_84_01,0003,1,1481,206,1533,338,141.8732,161.2190,68.50
slo_84_01,0003,2,1554,328,1522,369,52.0096,59.1016,-52.03
slo_84_01,0003,3,1500,375,1271,447,240.0521,272.7856,-17.45
slo_84_01,0003,4,1271,447,1202,558,130.6981,148.5201,-58.13
slo_84_01,0003,5,1202,558,1551,754,400.2712,454.8521,29.32
slo_84_01,0003,6,1551,754,1578,856,105.5130,119.9008,75.17
slo_84_01,0003,7,1589,812,1525,901,109.6221,124.5701,-54.28
slo_84_01,0003,8,1525,901,1332,945,197.9520,224.9448,-12.84
slo_84_01,0003,9,1332,945,1258,1043,122.8007,139.5457,-52.94
slo_84_01,0003,10,1272,1071,1567,1202,322.7786,366.7926,23.94
slo_84_01,0003,11,1567,1202,1636,1304,123.1463,139.9385,55.92
slo_84_01,0003,12,1637,1353,1339,1497,330.9683,376.0991,-25.79
slo_84_01,0003,13,1316,1563,1633,1728,357.3710,406.1021,27.50
slo_84_01,0003,14,1633,1728,1687,1829,114.5295,130.1467,61.87
slo_84_01,0003,15,1687,1829,1639,1886,74.5185,84.6798,-49.90
slo_84_01,0003,16,1639,1886,1449,1928,194.5867,221.1206,-12.46
slo_84_01,0003,17,1449,1928,1370,2047,142.8356,162.3126,-56.42
slo_84_01,0004,0,1196,44,1481,146,302.7028,343.9794,19.69
slo_84_01,0004,1,1481,146,1570,278,159.2011,180.9098,56.01
slo_84_01,0004,2,1579,261,1579,307,46.0000,52.2726,90.00
slo_84_01,0004,3,1520,360,1347,411,180.3607,204.9547,-16.43
slo_84_01,0004,4,1347,411,1305,525,121.4907,138.0572,-69.78
slo_84_01,0004,5,1313,553,1522,642,227.1607,258.1364,23.07
slo_84_01,0004,6,1522,642,1621,805,190.7092,216.7143,58.73
slo_84_01,0004,7,1634,804,1604,836,43.8634,49.8446,-46.85
slo_84_01,0004,8,1591,836,1353,907,248.3647,282.2317,-16.61
slo_84_01,0004,9,1353,907,1272,1061,174.0029,197.7299,-62.26
slo_84_01,0004,10,1272,1061,1592,1164,336.1681,382.0080,17.84
slo_84_01,0004,11,1592,1164,1705,1315,188.6001,214.3176,53.19
slo_84_01,0004,12,1705,1315,1384,1430,340.9780,387.4738,-19.71
slo_84_01,0004,13,1384,1430,1284,1549,155.4381,176.6336,-49.96
slo_84_01,0004,14,1311,1559,1652,1686,363.8818,413.5008,20.43
slo_84_01,0004,15,1652,1686,1744,1819,161.7189,183.7709,55.33
slo_84_01,0004,16,1691,1748,1712,1858,111.9866,127.2571,79.19
slo_84_01,0004,17,1712,1858,1455,1926,265.8439,302.0944,-14.82
slo_84_01,0004,18,1455,1926,1394,2047,135.5065,153.9841,-63.25
slo_84_01,0005,0,1525,0,1617,123,153.6001,174.5450,53.20
slo_84_01,0005,1,1617,123,1271,238,364.6108,414.3291,-18.39
slo_84_01,0005,2,1271,238,1218,316,94.3027,107.1618,-55.80
slo_84_01,0005,3,1218,316,1260,393,87.7097,99.6698,61.39
slo_84_01,0005,4,1260,393,1525,474,277.1029,314.8886,17.00
slo_84_01,0005,5,1525,474,1608,612,161.0373,182.9963,58.98
slo_84_01,0005,6,1578,665,1331,748,260.5724,296.1041,-18.57
slo_84_01,0005,7,1331,748,1276,864,128.3783,145.8840,-64.63
slo_84_01,0005,8,1281,891,1555,984,289.3527,328.8089,18.75
slo_84_01,0005,9,1555,984,1658,1102,156.6301,177.9882,48.88
slo_84_01,0005,10,1658,1102,1629,1213,114.7258,130.3698,-75.36
slo_84_01,0005,11,1629,1213,1445,1267,191.7603,217.9087,-16.36
slo_84_01,0005,12,1445,1267,1395,1357,102.9563,116.9954,-60.95
slo_84_01,0005,13,1416,1417,1616,1499,216.1574,245.6326,22.29
slo_84_01,0005,14,1616,1499,1713,1663,190.5387,216.5206,59.40
slo_84_01,0005,15,1713,1663,1445,1765,286.7543,325.8561,-20.84
slo_84_01,0005,16,1445,1765,1366,1889,147.0272,167.0758,-57.50
slo_84_01,0005,17,1370,1918,1712,2047,365.5202,415.3625,20.67
slo_84_01,0006,0,1560,0,1495,97,116.7647,132.6868,-56.17
slo_84_01,0006,1,1495,97,1285,145,215.4159,244.7900,-12.88
slo_84_01,0006,2,1272,191,1263,252,61.6604,70.0684,-81.61
slo_84_01,0006,3,1201,286,1524,382,336.9644,382.9129,16.55
slo_84_01,0006,4,1524,382,1638,532,188.4038,214.0946,52.77
slo_84_01,0006,5,1638,532,1557,649,142.3025,161.7069,-55.30
slo_84_01,0006,6,1557,649,1391,700,173.6577,197.3377,-17.08
slo_84_01,0006,7,1391,700,1370,797,99.2472,112.7805,-77.78
slo_84_01,0006,8,1348,797,1577,879,243.2386,276.4066,19.70
slo_84_01,0006,9,1577,879,1747,1072,257.1945,292.2655,48.63
slo_84_01,0006,10,1747,1072,1405,1192,362.4417,411.8643,-19.33
slo_84_01,0006,11,1405,1192,1351,1266,91.6079,104.0995,-53.88
slo_84_01,0006,12,1351,1266,1387,1344,85.9069,97.6212,65.22
slo_84_01,0006,13,1387,1344,1653,1427,278.6485,316.6450,17.33
slo_84_01,0006,14,1653,1427,1738,1556,154.4862,175.5520,56.62
slo_84_01,0006,15,1738,1556,1673,1650,114.2847,129.8686,-55.34
slo_84_01,0006,16,1673,1650,1459,1706,221.2058,251.3694,-14.66
slo_84_01,0006,17,1459,1706,1412,1843,144.8378,164.5879,-71.06
slo_84_01,0006,18,1412,1843,1679,1934,282.0815,320.5462,18.82
slo_84_01,0006,19,1679,1934,1779,2047,150.8940,171.4699,48.49
slo_84_01,0007,0,1334,28,1299,164,140.4315,159.5807,-75.57
slo_84_01,0007,1,1299,164,1579,257,295.0407,335.2724,18.37
slo_84_01,0007,2,1579,257,1654,386,149.2180,169.5653,59.83
slo_84_01,0007,3,1672,381,1641,428,56.3028,63.9802,-56.59
slo_84_01,0007,4,1623,433,1398,500,234.7637,266.7761,-16.58
slo_84_01,0007,5,1398,500,1345,644,153.4438,174.3674,-69.79
slo_84_01,0007,6,1345,644,1632,742,303.2705,344.6245,18.85
slo_84_01,0007,7,1632,742,1713,889,167.8392,190.7258,61.14
slo_84_01,0007,8,1713,889,1640,962,103.2376,117.3151,-45.00
slo_84_01,0007,9,1640,962,1445,1002,199.0603,226.2042,-11.59
slo_84_01,0007,10,1445,1002,1385,1123,135.0592,153.4759,-63.62
slo_84_01,0007,11,1370,1149,1672,1245,316.8911,360.1024,17.63
slo_84_01,0007,12,1672,1245,1779,1379,171.4789,194.8617,51.39
slo_84_01,0007,13,1788,1423,1685,1529,147.8005,167.9546,-45.82
slo_84_01,0007,14,1685,1529,1541,1564,148.1924,168.4000,-13.66
slo_84_01,0007,15,1541,1564,1509,1668,108.8118,123.6493,-72.90
slo_84_01,0007,16,1509,1668,1731,1745,234.9745,267.0156,19.13
slo_84_01,0007,17,1731,1745,1893,1931,246.6577,280.2919,48.95
slo_84_01,0007,18,1893,1931,1625,2047,292.0274,331.8483,-23.40
slo_84_01,0008,0,1603,0,1301,113,322.4484,366.4175,-20.51
slo_84_01,0008,1,1301,113,1248,240,137.6154,156.3806,-67.35
slo_84_01,0008,2,1248,240,1580,334,345.0507,392.1018,15.81
slo_84_01,0008,3,1580,334,1652,434,123.2234,140.0261,54.25
slo_84_01,0008,4,1652,434,1600,514,95.4149,108.4257,-56.98
slo_84_01,0008,5,1600,514,1376,579,233.2402,265.0449,-16.18
slo_84_01,0008,6,1376,579,1319,686,121.2353,137.7670,-61.96
slo_84_01,0008,7,1319,686,1622,795,322.0093,365.9185,19.79
slo_84_01,0008,8,1622,795,1697,898,127.4127,144.7867,53.94
slo_84_01,0008,9,1697,898,1626,995,120.2082,136.5997,-53.80
slo_84_01,0008,10,1626,995,1432,1041,199.3790,226.5664,-13.34
slo_84_01,0008,11,1432,1041,1380,1126,99.6444,113.2319,-58.54
slo_84_01,0008,12,1400,1186,1669,1276,283.6565,322.3359,18.50
slo_84_01,0008,13,1669,1276,1740,1372,119.4027,135.6844,53.51
slo_84_01,0008,14,1740,1372,1683,1481,123.0041,139.7769,-62.39
slo_84_01,0008,15,1683,1481,1494,1516,192.2134,218.4236,-10.49
slo_84_01,0008,16,1494,1516,1433,1608,110.3857,125.4379,-56.45
slo_84_01,0008,17,1454,1674,1734,1774,297.3214,337.8641,19.65
slo_84_01,0008,18,1734,1774,1799,1909,149.8332,170.2645,64.29
slo_84_01,0008,19,1766,1943,1511,2047,275.3924,312.9450,-22.19
slo_84_01,0009,0,1414,0,1609,119,228.4426,259.5930,31.39
slo_84_01,0009,1,1480,21,1671,195,258.3738,293.6056,42.33
slo_84_01,0009,2,1671,195,1312,313,377.8955,429.4253,-18.20
slo_84_01,0009,3,1312,313,1259,458,154.3826,175.4343,-69.92
slo_84_01,0009,4,1280,467,1579,558,312.5412,355.1593,16.93
slo_84_01,0009,5,1579,558,1686,710,185.8844,211.2316,54.86
slo_84_01,0009,6,1686,710,1354,818,349.1246,396.7313,-18.02
slo_84_01,0009,7,1354,818,1278,956,157.5436,179.0263,-61.16
slo_84_01,0009,8,1301,964,1621,1067,336.1681,382.0080,17.84
slo_84_01,0009,9,1621,1067,1692,1179,132.6084,150.6909,57.63
slo_84_01,0009,10,1675,1229,1405,1324,286.2254,325.2551,-19.38
slo_84_01,0009,11,1405,1324,1345,1445,135.0592,153.4759,-63.62
slo_84_01,0009,12,1345,1445,1693,1580,373.2680,424.1668,21.20
slo_84_01,0009,13,1693,1580,1738,1678,107.8378,122.5426,65.34
slo_84_01,0009,14,1732,1637,1711,1711,76.9220,87.4111,-74.16
slo_84_01,0009,15,1711,1711,1469,1795,256.1640,291.0945,-19.14
slo_84_01,0009,16,1469,1795,1413,1907,125.2198,142.2948,-63.43
slo_84_01,0009,17,1413,1907,1747,2047,362.1547,411.5381,22.74
slo_84_01,0010,0,1488,0,1518,113,116.9145,132.8570,75.13
slo_84_01,0010,1,1518,113,1348,148,173.5655,197.2329,-11.63
slo_84_01,0010,2,1348,148,1241,357,234.7978,266.8148,-62.89
slo_84_01,0010,3,1262,366,1573,456,323.7607,367.9087,16.14
slo_84_01,0010,4,1573,456,1684,613,192.2758,218.4946,54.74
slo_84_01,0010,5,1684,613,1335,738,370.7101,421.2602,-19.71
slo_84_01,0010,6,1335,738,1282,835,110.5351,125.6076,-61.35
slo_84_01,0010,7,1300,866,1618,980,337.8165,383.8812,19.72
slo_84_01,0010,8,1618,980,1745,1133,198.8416,225.9557,50.31
slo_84_01,0010,9,1745,1133,1398,1249,365.8757,415.7665,-18.48
slo_84_01,0010,10,1398,1249,1341,1351,116.8461,132.7792,-60.80
slo_84_01,0010,11,1372,1413,1656,1501,297.3214,337.8641,17.22
slo_84_01,0010,12,1656,1501,1758,1651,181.3946,206.1296,55.78
slo_84_01,0010,13,1758,1651,1432,1761,344.0581,390.9739,-18.65
slo_84_01,0010,14,1432,1761,1354,1896,155.9134,177.1738,-59.98
slo_84_01,0010,15,1381,1904,1730,2047,377.1604,428.5900,22.28
slo_84_01,0011,0,1186,0,1150,112,117.6435,133.6854,-72.18
slo_84_01,0011,1,1150,112,1448,199,310.4400,352.7716,16.27
slo_84_01,0011,2,1448,199,1546,344,175.0114,198.8760,55.95
slo_84_01,0011,3,1571,355,1313,453,275.9855,313.6189,-20.80
slo_84_01,0011,4,1500,404,1231,466,276.0525,313.6951,-12.98
slo_84_01,0011,5,1231,466,1149,606,162.2467,184.3707,-59.64
slo_84_01,0011,6,1149,606,1442,734,319.7390,363.3386,23.60
slo_84_01,0011,7,1442,734,1522,858,147.5669,167.6892,57.17
slo_84_01,0011,8,1522,858,1342,926,192.4162,218.6541,-20.70
slo_84_01,0011,9,1342,926,1235,1137,236.5798,268.8398,-63.11
slo_84_01,0011,10,1261,1146,1566,1237,318.2860,361.6875,16.61
slo_84_01,0011,11,1566,1237,1676,1381,181.2071,205.9165,52.62
slo_84_01,0011,12,1676,1381,1403,1509,301.5178,342.6328,-25.12
slo_84_01,0011,13,1328,1519,1271,1619,115.1043,130.7999,-60.32
slo_84_01,0011,14,1320,1675,1604,1756,295.3252,335.5958,15.92
slo_84_01,0011,15,1604,1756,1734,1908,200.0100,227.2834,49.46
slo_84_01,0011,16,1734,1908,1371,2047,388.7030,441.7065,-20.95
slo_84_01,0012,0,1562,0,1654,115,147.2719,167.3538,51.34
slo_84_01,0012,1,1654,115,1436,232,247.4126,281.1498,-28.22
slo_84_01,0012,2,1357,253,1336,347,96.3172,109.4510,-77.41
slo_84_01,0012,3,1336,347,1578,456,265.4148,301.6067,24.25
slo_84_01,0012,4,1578,456,1666,614,180.8535,205.5147,60.88
slo_84_01,0012,5,1666,614,1532,715,167.8005,190.6817,-37.01
slo_84_01,0012,6,1532,715,1388,734,145.2481,165.0541,-7.52
slo_84_01,0012,7,1388,734,1324,860,141.3223,160.5930,-63.07
slo_84_01,0012,8,1341,890,1622,983,295.9899,336.3510,18.31
slo_84_01,0012,9,1622,983,1737,1140,194.6124,221.1498,53.78
slo_84_01,0012,10,1737,1140,1489,1235,265.5730,301.7865,-20.96
slo_84_01,0012,11,1667,1186,1413,1248,261.4575,297.1098,-13.72
slo_84_01,0012,12,1413,1248,1344,1357,129.0039,146.5948,-57.67
slo_84_01,0012,13,1373,1419,1614,1519,260.9234,296.5029,22.54
slo_84_01,0012,14,1614,1519,1686,1645,145.1206,164.9093,60.26
slo_84_01,0012,15,1686,1645,1500,1722,201.3082,228.7586,-22.49
slo_84_01,0012,16,1500,1722,1424,1842,142.0422,161.4111,-57.65
slo_84_01,0012,17,1440,1923,1758,2047,341.3210,387.8635,21.30
slo_84_01,0013,0,1505,0,1363,99,173.1040,196.7085,-34.88
slo_84_01,0013,1,1363,99,1194,127,171.3038,194.6628,-9.41
slo_84_01,0013,2,1173,171,1187,273,102.9563,116.9954,82.18
slo_84_01,0013,3,1145,281,1493,381,362.0829,411.4565,16.03
slo_84_01,0013,4,1493,381,1563,490,129.5415,147.2058,57.29
slo_84_01,0013,5,1563,490,1441,599,163.6001,185.9086,-41.78
slo_84_01,0013,6,1441,599,1255,635,189.4518,215.2855,-10.95
slo_84_01,0013,7,1255,635,1217,759,129.6919,147.3767,-72.96
slo_84_01,0013,8,1204,782,1525,891,339.0015,385.2277,18.76
slo_84_01,0013,9,1525,891,1652,1042,197.3069,224.2116,49.93
slo_84_01,0013,10,1652,1042,1346,1183,336.9228,382.8656,-24.74
slo_84_01,0013,11,1340,1290,1572,1377,247.7761,281.5629,20.56
slo_84_01,0013,12,1572,1377,1656,1516,162.4100,184.5562,58.85
slo_84_01,0013,13,1656,1516,1532,1631,169.1183,192.1793,-42.84
slo_84_01,0013,14,1532,1631,1379,1655,154.8709,175.9891,-8.91
slo_84_01,0013,15,1379,1655,1324,1802,156.9522,178.3542,-69.49
slo_84_01,0013,16,1324,1802,1609,1899,301.0548,342.1066,18.80
slo_84_01,0013,17,1609,1899,1723,2047,186.8154,212.2896,52.39
slo_84_01,0014,0,1199,16,1219,106,92.1954,104.7672,77.47
slo_84_01,0014,1,1219,106,1511,191,304.1200,345.5899,16.23
slo_84_01,0014,2,1511,191,1577,316,141.3542,160.6292,62.17
slo_84_01,0014,3,1577,316,1444,423,170.6986,193.9750,-38.82
slo_84_01,0014,4,1444,423,1293,443,152.3187,173.0889,-7.54
slo_84_01,0014,5,1293,443,1243,534,103.8316,117.9901,-61.21
slo_84_01,0014,6,1243,534,1270,611,81.5966,92.7231,70.68
slo_84_01,0014,7,1270,611,1536,683,275.5721,313.1491,15.15
slo_84_01,0014,8,1536,683,1624,816,159.4773,181.2236,56.51
slo_84_01,0014,9,1624,816,1502,915,157.1146,178.5388,-39.06
slo_84_01,0014,10,1502,915,1324,950,181.4084,206.1452,-11.12
slo_84_01,0014,11,1324,950,1276,1036,98.4886,111.9185,-60.83
slo_84_01,0014,12,1276,1036,1318,1092,70.0000,79.5452,53.13
slo_84_01,0014,13,1310,1120,1615,1206,316.8927,360.1042,15.75
slo_84_01,0014,14,1615,1206,1687,1332,145.1206,164.9093,60.26
slo_84_01,0014,15,1687,1332,1541,1435,178.6757,203.0399,-35.20
slo_84_01,0014,16,1541,1435,1383,1460,159.9656,181.7785,-8.99
slo_84_01,0014,17,1383,1460,1335,1539,92.4392,105.0442,-58.72
slo_84_01,0014,18,1335,1539,1360,1621,85.7263,97.4159,73.04
slo_84_01,0014,19,1360,1621,1645,1717,300.7341,341.7422,18.62
slo_84_01,0014,20,1645,1717,1752,1859,177.8004,202.0453,53.00
slo_84_01,0014,21,1752,1859,1461,2017,331.1269,376.2793,-28.50
slo_84_01,0015,0,1146,52,1147,184,132.0038,150.0038,89.57
slo_84_01,0015,1,1237,208,1559,288,331.7891,377.0318,13.95
slo_84_01,0015,2,1559,288,1601,405,124.3101,141.2610,70.25
slo_84_01,0015,3,1622,391,1598,440,54.5619,62.0020,-63.90
slo_84_01,0015,4,1577,447,1314,521,273.2124,310.4676,-15.71
slo_84_01,0015,5,1314,521,1257,627,120.3536,136.7651,-61.73
slo_84_01,0015,6,1295,698,1582,781,298.7608,339.4998,16.13
slo_84_01,0015,7,1582,781,1682,904,158.5213,180.1373,50.89
slo_84_01,0015,8,1619,834,1660,944,117.3925,133.4001,69.56
slo_84_01,0015,9,1660,944,1375,1038,300.1016,341.0235,-18.25
slo_84_01,0015,10,1375,1038,1324,1122,98.2700,111.6701,-58.74
slo_84_01,0015,11,1324,1122,1346,1205,85.8662,97.5749,75.15
slo_84_01,0015,12,1346,1205,1608,1277,271.7131,308.7639,15.37
slo_84_01,0015,13,1608,1277,1701,1408,160.6549,182.5618,54.63
slo_84_01,0015,14,1707,1412,1688,1452,44.2832,50.3216,-64.59
slo_84_01,0015,15,1682,1447,1408,1544,290.6630,330.2978,-19.49
slo_84_01,0015,16,1408,1544,1356,1630,100.4988,114.2028,-58.84
slo_84_01,0015,17,1356,1630,1393,1686,67.1193,76.2717,56.55
slo_84_01,0015,18,1384,1714,1692,1804,320.8800,364.6352,16.29
slo_84_01,0015,19,1692,1804,1782,1920,146.8196,166.8399,52.19
slo_84_01,0015,20,1726,1847,1770,1962,123.1300,139.9200,69.06
slo_84_01,0015,21,1770,1962,1546,2047,239.5851,272.2549,-20.78
slo_85_01,0001,0,1294,0,1364,85,110.1136,125.1287,50.53
slo_85_01,0001,1,1365,114,1146,152,222.2724,252.5814,-9.84
slo_85_01,0001,2,1146,152,1033,320,202.4673,230.0757,-56.07
slo_85_01,0001,3,1033,320,1399,590,454.8142,516.8327,36.42
slo_85_01,0001,4,1399,590,1168,661,241.6651,274.6185,-17.09
slo_85_01,0001,5,1168,661,1078,819,181.8351,206.6301,-60.33
slo_85_01,0001,6,1078,819,1272,951,234.6487,266.6454,34.23
slo_85_01,0001,7,1272,951,1358,1084,158.3824,179.9795,57.11
slo_85_01,0001,8,1358,1084,1316,1148,76.5506,86.9891,-56.73
slo_85_01,0001,9,1316,1148,1187,1166,130.2498,148.0106,-7.94
slo_85_01,0001,10,1187,1166,1125,1288,136.8503,155.5112,-63.06
slo_85_01,0001,11,1125,1288,1401,1457,323.6310,367.7613,31.48
slo_85_01,0001,12,1401,1457,1447,1549,102.8591,116.8850,63.43
slo_85_01,0001,13,1419,1589,1234,1656,196.7587,223.5888,-19.91
slo_85_01,0001,14,1234,1656,1153,1778,146.4411,166.4098,-56.42
slo_85_01,0001,15,1153,1778,1318,1758,166.2077,188.8718,-6.91
slo_85_01,0001,16,1339,1734,1601,1919,320.7320,364.4670,35.23
slo_85_01,0001,17,1601,1919,1609,2043,124.2578,141.2016,86.31
slo_85_01,0002,0,1464,0,1310,42,159.6246,181.3910,-15.26
slo_85_01,0002,1,1310,42,1223,218,196.3288,223.1002,-63.70
slo_85_01,0002,2,1223,218,1441,350,254.8490,289.6002,31.20
slo_85_01,0002,3,1441,350,1552,481,171.7032,195.1167,49.72
slo_85_01,0002,4,1552,481,1349,525,207.7137,236.0376,-12.23
slo_85_01,0002,5,1349,525,1245,689,194.1958,220.6763,-57.62
slo_85_01,0002,6,1245,689,1547,918,379.0053,430.6864,37.17
slo_85_01,0002,7,1598,982,1371,1038,233.8055,265.6872,-13.86
slo_85_01,0002,8,1371,1038,1257,1209,205.5164,233.5406,-56.31
slo_85_01,0002,9,1257,1209,1623,1476,453.0397,514.8162,36.11
slo_85_01,0002,10,1623,1476,1398,1550,236.8565,269.1542,-18.21
slo_85_01,0002,11,1398,1550,1302,1705,182.3211,207.1825,-58.23
slo_85_01,0002,12,1302,1705,1562,1908,329.8621,374.8421,37.98
slo_85_01,0002,13,1562,1908,1568,2010,102.1763,116.1091,86.63
slo_85_01,0002,14,1571,1949,1532,2035,94.4299,107.3063,-65.61
slo_85_01,0003,0,1484,0,1328,37,160.3278,182.1901,-13.34
slo_85_01,0003,1,1328,37,1236,217,202.1485,229.7134,-62.93
slo_85_01,0003,2,1236,217,1448,327,238.8389,271.4069,27.42
slo_85_01,0003,3,1448,327,1587,496,218.8196,248.6578,50.56
slo_85_01,0003,4,1587,496,1366,546,226.5855,257.4827,-12.75
slo_85_01,0003,5,1366,546,1274,709,187.1710,212.6937,-60.56
slo_85_01,0003,6,1274,709,1579,942,383.8151,436.1521,37.38
slo_85_01,0003,7,1464,968,1629,1004,168.8816,191.9103,12.31
slo_85_01,0003,8,1629,1004,1400,1056,234.8297,266.8511,-12.79
slo_85_01,0003,9,1400,1056,1304,1195,168.9290,191.9641,-55.37
slo_85_01,0003,10,1304,1195,1642,1501,455.9386,518.1104,42.16
slo_85_01,0003,11,1642,1501,1438,1542,208.0793,236.4530,-11.36
slo_85_01,0003,12,1438,1542,1329,1693,186.2310,211.6255,-54.18
slo_85_01,0003,13,1329,1693,1681,1993,462.4976,525.5637,40.44
slo_85_01,0003,14,1681,1993,1596,2047,100.7025,114.4343,-32.43
slo_85_01,0004,0,1581,0,1363,60,226.1062,256.9380,-15.39
slo_85_01,0004,1,1363,60,1275,243,203.0591,230.7482,-64.32
slo_85_01,0004,2,1275,243,1558,438,343.6772,390.5410,34.57
slo_85_01,0004,3,1492,480,1615,508,126.1467,143.3481,12.82
slo_85_01,0004,4,1615,508,1433,583,196.8477,223.6898,-22.40
slo_85_01,0004,5,1381,583,1323,722,150.6154,171.1533,-67.35
slo_85_01,0004,6,1329,751,1647,1018,415.2264,471.8467,40.02
slo_85_01,0004,7,1647,1018,1428,1060,222.9910,253.3981,-10.86
slo_85_01,0004,8,1428,1060,1332,1225,190.8953,216.9257,-59.81
slo_85_01,0004,9,1332,1225,1550,1353,252.8003,287.2722,30.42
slo_85_01,0004,10,1550,1353,1685,1519,213.9650,243.1412,50.88
slo_85_01,0004,11,1685,1519,1465,1570,225.8340,256.6287,-13.05
slo_85_01,0004,12,1465,1570,1363,1714,176.4653,200.5281,-54.69
slo_85_01,0004,13,1371,1735,1713,2010,438.8496,498.6912,38.80
slo_85_01,0005,0,1297,0,1265,105,109.7679,124.7359,-73.05
slo_85_01,0005,1,1265,105,1602,362,423.8136,481.6049,37.33
slo_85_01,0005,2,1602,362,1438,428,176.7824,200.8884,-21.92
slo_85_01,0005,3,1378,428,1295,589,181.1353,205.8349,-62.73
slo_85_01,0005,4,1300,617,1633,886,428.0771,486.4497,38.93
slo_85_01,0005,5,1633,886,1418,942,222.1734,252.4689,-14.60
slo_85_01,0005,6,1418,942,1326,1105,187.1710,212.6937,-60.56
slo_85_01,0005,7,1326,1105,1602,1326,353.5774,401.7912,38.69
slo_85_01,0005,8,1668,1400,1433,1469,244.9204,278.3177,-16.36
slo_85_01,0005,9,1433,1469,1368,1581,129.4952,147.1531,-59.87
slo_85_01,0005,10,1373,1610,1694,1904,435.2896,494.6456,42.49
slo_85_01,0005,11,1694,1904,1478,1943,219.4926,249.4226,-10.23
slo_85_01,0005,12,1478,1943,1431,2047,114.1271,129.6895,-65.68
slo_85_01,0006,0,1279,73,1596,308,394.6061,448.4146,36.55
slo_85_01,0006,1,1595,338,1394,369,203.3765,231.1089,-8.77
slo_85_01,0006,2,1398,401,1305,547,173.1040,196.7085,-57.50
slo_85_01,0006,3,1311,574,1645,844,429.4834,488.0478,38.95
slo_85_01,0006,4,1645,844,1439,872,207.8942,236.2427,-7.74
slo_85_01,0006,5,1440,904,1349,1060,180.6018,205.2286,-59.74
slo_85_01,0006,6,1357,1090,1692,1356,427.7628,486.0925,38.45
slo_85_01,0006,7,1692,1356,1470,1413,229.2008,260.4546,-14.40
slo_85_01,0006,8,1470,1413,1378,1550,165.0242,187.5269,-56.12
slo_85_01,0006,9,1378,1550,1712,1851,449.6187,510.9287,42.03
slo_85_01,0006,10,1716,1877,1506,1925,215.4159,244.7900,-12.88
slo_85_01,0006,11,1506,1925,1433,2047,142.1724,161.5591,-59.11
slo_85_01,0007,0,1440,18,1463,153,136.9452,155.6191,80.33
slo_85_01,0007,1,1463,153,1305,188,161.8302,183.8973,-12.49
slo_85_01,0007,2,1305,188,1210,330,170.8479,194.1447,-56.22
slo_85_01,0007,3,1210,330,1547,609,437.5043,497.1624,39.62
slo_85_01,0007,4,1547,609,1333,667,221.7205,251.9544,-15.16
slo_85_01,0007,5,1333,667,1244,803,162.5331,184.6961,-56.80
slo_85_01,0007,6,1244,803,1584,1112,459.4355,522.0842,42.27
slo_85_01,0007,7,1584,1112,1383,1154,205.3412,233.3415,-11.80
slo_85_01,0007,8,1386,1211,1282,1313,145.6709,165.5345,-44.44
slo_85_01,0007,9,1282,1313,1624,1625,462.9341,526.0598,42.37
slo_85_01,0007,10,1624,1625,1425,1656,201.4001,228.8630,-8.85
slo_85_01,0007,11,1426,1687,1331,1842,181.7966,206.5864,-58.50
slo_85_01,0007,12,1338,1869,1598,2047,315.0936,358.0598,34.40
slo_85_01,0008,0,1457,0,1515,60,83.4506,94.8299,45.97
slo_85_01,0008,1,1514,81,1312,105,203.4207,231.1592,-6.78
slo_85_01,0008,2,1312,105,1220,272,190.6646,216.6637,-61.15
slo_85_01,0008,3,1220,272,1487,479,337.8432,383.9115,37.79
slo_85_01,0008,4,1500,476,1520,533,60.4070,68.6440,70.67
slo_85_01,0008,5,1508,533,1449,594,84.8646,96.4367,-45.95
slo_85_01,0008,6,1449,594,1324,597,125.0360,142.0859,-1.37
slo_85_01,0008,7,1324,597,1234,748,175.7868,199.7571,-59.20
slo_85_01,0008,8,1234,748,1544,947,368.3762,418.6079,32.70
slo_85_01,0008,9,1492,988,1594,1008,103.9423,118.1159,11.09
slo_85_01,0008,10,1594,1008,1435,1083,175.8010,199.7733,-25.25
slo_85_01,0008,11,1379,1084,1281,1227,173.3580,196.9971,-55.58
slo_85_01,0008,12,1281,1227,1618,1498,432.4465,491.4149,38.80
slo_85_01,0008,13,1618,1498,1407,1565,221.3820,251.5697,-17.62
slo_85_01,0008,14,1407,1565,1316,1703,165.3028,187.8434,-56.60
slo_85_01,0008,15,1316,1703,1648,2004,448.1350,509.2427,42.20
slo_85_01,0009,0,1342,0,1241,138,171.0117,194.3309,-53.80
slo_85_01,0009,1,1242,167,1558,435,414.3429,470.8426,40.30
slo_85_01,0009,2,1558,435,1361,463,198.9799,226.1128,-8.09
slo_85_01,0009,3,1361,463,1263,682,239.9271,272.6435,-65.89
slo_85_01,0009,4,1263,682,1592,947,422.4524,480.0580,38.85
slo_85_01,0009,5,1592,947,1379,980,215.5412,244.9324,-8.81
slo_85_01,0009,6,1379,980,1282,1126,175.2855,199.1874,-56.40
slo_85_01,0009,7,1282,1126,1577,1389,395.2139,449.1052,41.72
slo_85_01,0009,8,1541,1461,1393,1474,148.5698,168.8288,-5.02
slo_85_01,0009,9,1393,1474,1301,1621,173.4157,197.0626,-57.96
slo_85_01,0009,10,1301,1621,1626,1840,391.9005,445.3400,33.97
slo_85_01,0009,11,1648,1889,1596,1924,62.6817,71.2290,-33.94
slo_85_01,0009,12,1576,1946,1448,1959,128.6585,146.2023,-5.80
slo_85_01,0009,13,1448,1959,1399,2047,100.7224,114.4569,-60.89
slo_85_01,0010,0,1446,0,1564,105,157.9525,179.4909,41.66
slo_85_01,0010,1,1564,105,1583,201,97.8621,111.2066,78.80
slo_85_01,0010,2,1583,201,1458,225,127.2831,144.6395,-10.87
slo_85_01,0010,3,1458,225,1356,408,209.5066,238.0749,-60.87
slo_85_01,0010,4,1361,437,1684,699,415.9002,472.6124,39.05
slo_85_01,0010,5,1684,699,1484,747,205.6794,233.7258,-13.50
slo_85_01,0010,6,1484,747,1381,923,203.9240,231.7311,-59.66
slo_85_01,0010,7,1387,954,1699,1215,406.7739,462.2416,39.91
slo_85_01,0010,8,1699,1215,1502,1249,199.9125,227.1725,-9.79
slo_85_01,0010,9,1503,1278,1401,1440,191.4367,217.5410,-57.80
slo_85_01,0010,10,1406,1468,1732,1726,415.7403,472.4307,38.36
slo_85_01,0010,11,1732,1726,1519,1764,216.3631,245.8664,-10.12
slo_85_01,0010,12,1519,1764,1427,1930,189.7894,215.6690,-61.00
slo_85_01,0010,13,1427,1930,1596,2047,205.5480,233.5766,34.70
slo_85_01,0011,0,1501,0,1610,112,156.2850,177.5960,45.78
slo_85_01,0011,1,1574,151,1404,183,172.9855,196.5739,-10.66
slo_85_01,0011,2,1404,183,1322,334,171.8284,195.2589,-61.50
slo_85_01,0011,3,1324,364,1648,625,416.0493,472.7818,38.85
slo_85_01,0011,4,1648,625,1447,669,205.7596,233.8169,-12.35
slo_85_01,0011,5,1447,669,1337,829,194.1649,220.6412,-55.49
slo_85_01,0011,6,1337,829,1602,1084,367.7635,417.9117,43.90
slo_85_01,0011,7,1602,1084,1607,1160,76.1643,86.5501,86.24
slo_85_01,0011,8,1607,1160,1487,1180,121.6553,138.2442,-9.46
slo_85_01,0011,9,1487,1180,1385,1361,207.7619,236.0923,-60.60
slo_85_01,0011,10,1390,1391,1712,1655,416.3892,473.1681,39.35
slo_85_01,0011,11,1712,1655,1513,1702,204.4749,232.3571,-13.29
slo_85_01,0011,12,1513,1702,1408,1880,206.6616,234.8419,-59.46
slo_85_01,0011,13,1408,1880,1599,2047,253.7124,288.3087,41.16
slo_85_01,0012,0,1533,0,1463,68,97.5910,110.8985,-44.17
slo_85_01,0012,1,1463,68,1356,73,107.1168,121.7232,-2.68
slo_85_01,0012,2,1356,73,1295,205,145.4132,165.2417,-65.20
slo_85_01,0012,3,1295,205,1613,483,422.3837,479.9800,41.16
slo_85_01,0012,4,1613,483,1498,558,137.2953,156.0169,-33.11
slo_85_01,0012,5,1498,558,1394,560,104.0192,118.2033,-1.10
slo_85_01,0012,6,1394,560,1322,707,163.6857,186.0059,-63.90
slo_85_01,0012,7,1326,734,1650,986,410.4632,466.4339,37.87
slo_85_01,0012,8,1650,986,1490,1053,173.4618,197.1151,-22.72
slo_85_01,0012,9,1441,1052,1356,1203,173.2801,196.9086,-60.62
slo_85_01,0012,10,1359,1231,1680,1488,411.2055,467.2775,38.68
slo_85_01,0012,11,1680,1488,1481,1540,205.6818,233.7286,-14.64
slo_85_01,0012,12,1481,1540,1370,1699,193.9124,220.3542,-55.08
slo_85_01,0012,13,1370,1699,1632,1932,350.6180,398.4283,41.65
slo_85_01,0012,14,1632,1932,1626,2047,115.1564,130.8591,-87.01
slo_85_01,0013,0,1371,0,1345,103,106.2309,120.7165,-75.83
slo_85_01,0013,1,1345,103,1656,355,400.2812,454.8635,39.02
slo_85_01,0013,2,1628,355,1544,430,112.6099,127.9654,-41.76
slo_85_01,0013,3,1544,430,1432,431,112.0045,127.2774,-0.51
slo_85_01,0013,4,1432,431,1366,576,159.3142,181.0382,-65.53
slo_85_01,0013,5,1371,608,1660,847,375.0227,426.1608,39.59
slo_85_01,0013,6,1660,847,1584,941,120.8801,137.3633,-51.04
slo_85_01,0013,7,1584,941,1450,957,134.9518,153.3539,-6.81
slo_85_01,0013,8,1450,957,1392,1088,143.2655,162.8012,-66.12
slo_85_01,0013,9,1392,1088,1686,1356,397.8191,452.0657,42.35
slo_85_01,0013,10,1686,1356,1610,1438,111.8034,127.0489,-47.17
slo_85_01,0013,11,1610,1438,1488,1447,122.3315,139.0126,-4.22
slo_85_01,0013,12,1488,1447,1422,1618,183.2948,208.2889,-68.90
slo_85_01,0013,13,1422,1618,1745,1875,412.7687,469.0538,38.51
slo_85_01,0013,14,1745,1875,1537,1934,216.2059,245.6878,-15.84
slo_85_01,0013,15,1537,1934,1472,2047,130.3610,148.1371,-60.09
slo_85_01,0014,0,1410,0,1637,197,300.5628,341.5475,40.95
slo_85_01,0014,1,1594,244,1408,283,190.0447,215.9592,-11.84
slo_85_01,0014,2,1408,283,1339,425,157.8765,179.4046,-64.08
slo_85_01,0014,3,1347,456,1643,694,379.8157,431.6074,38.80
slo_85_01,0014,4,1643,694,1563,782,118.9285,135.1456,-47.73
slo_85_01,0014,5,1563,782,1443,790,120.2664,136.6659,-3.81
slo_85_01,0014,6,1443,790,1375,963,185.8844,211.2316,-68.54
slo_85_01,0014,7,1375,963,1687,1223,406.1330,461.5133,39.81
slo_85_01,0014,8,1660,1223,1523,1298,156.1858,177.4833,-28.70
slo_85_01,0014,9,1465,1299,1396,1443,159.6778,181.4515,-64.40
slo_85_01,0014,10,1404,1475,1689,1703,364.9781,414.7465,38.66
slo_85_01,0014,11,1689,1703,1614,1807,128.2225,145.7069,-54.20
slo_85_01,0014,12,1614,1807,1484,1823,130.9809,148.8415,-7.02
slo_85_01,0014,13,1484,1823,1423,1953,143.6001,163.1815,-64.86
slo_85_01,0014,14,1423,1953,1534,2047,145.4545,165.2886,40.26
slo_85_01,0015,0,1543,93,1364,135,183.8614,208.9327,-13.20
slo_85_01,0015,1,1364,135,1299,275,154.3535,175.4011,-65.10
slo_85_01,0015,2,1305,302,1629,566,417.9378,474.9278,39.17
slo_85_01,0015,3,1629,566,1451,640,192.7693,219.0553,-22.57
slo_85_01,0015,4,1395,640,1326,784,159.6778,181.4515,-64.40
slo_85_01,0015,5,1326,784,1628,1047,400.4660,455.0735,41.05
slo_85_01,0015,6,1628,1047,1550,1140,121.3796,137.9309,-50.01
slo_85_01,0015,7,1550,1140,1431,1146,119.1512,135.3986,-2.89
slo_85_01,0015,8,1431,1146,1357,1297,168.1577,191.0876,-63.89
slo_85_01,0015,9,1357,1297,1673,1579,423.5328,481.2857,41.75
slo_85_01,0015,10,1673,1579,1559,1654,136.4588,155.0663,-33.34
slo_85_01,0015,11,1559,1654,1452,1655,107.0047,121.5958,-0.54
slo_85_01,0015,12,1452,1655,1383,1801,161.4837,183.5037,-64.70
slo_85_01,0015,13,1389,1830,1651,2047,340.1955,386.5846,39.63
slo_85_01,0016,0,1318,0,1254,139,153.0261,173.8928,-65.28
slo_85_01,0016,1,1254,139,1582,401,419.7952,477.0385,38.62
slo_85_01,0016,2,1582,401,1473,480,134.6180,152.9745,-35.93
slo_85_01,0016,3,1473,480,1356,486,117.1537,133.1288,-2.94
slo_85_01,0016,4,1356,486,1291,652,178.2723,202.5815,-68.62
slo_85_01,0016,5,1291,652,1616,912,416.2031,472.9565,38.66
slo_85_01,0016,6,1616,912,1494,992,145.8904,165.7840,-33.25
slo_85_01,0016,7,1494,992,1383,994,111.0180,126.1564,-1.03
slo_85_01,0016,8,1383,994,1307,1112,140.3567,159.4957,-57.22
slo_85_01,0016,9,1307,1112,1617,1411,430.6983,489.4283,43.97
slo_85_01,0016,10,1617,1411,1540,1492,111.7587,126.9981,-46.45
slo_85_01,0016,11,1540,1492,1418,1500,122.2620,138.9337,-3.75
slo_85_01,0016,12,1418,1500,1339,1625,147.8716,168.0353,-57.71
slo_85_01,0016,13,1339,1625,1657,1934,443.4016,503.8639,44.18
slo_85_01,0016,14,1633,1929,1486,2026,176.1193,200.1349,-33.42
slo_86_01,0001,0,1659,0,1354,96,319.7515,363.3528,-17.47
slo_86_01,0001,1,1354,96,1280,199,126.8267,144.1207,-54.30
slo_86_01,0001,2,1307,252,1613,356,323.1903,367.2606,18.77
slo_86_01,0001,3,1613,356,1683,491,152.0691,172.8052,62.59
slo_86_01,0001,4,1683,491,1481,592,225.8429,256.6388,-26.57
slo_86_01,0001,5,1395,605,1312,703,128.4251,145.9371,-49.74
slo_86_01,0001,6,1312,703,1702,866,422.6926,480.3309,22.68
slo_86_01,0001,7,1702,866,1741,979,119.5408,135.8414,70.96
slo_86_01,0001,8,1736,925,1665,1042,136.8576,155.5195,-58.75
slo_86_01,0001,9,1665,1042,1413,1108,260.4995,296.0212,-14.68
slo_86_01,0001,10,1413,1108,1352,1199,109.5536,124.4924,-56.16
slo_86_01,0001,11,1352,1199,1722,1326,391.1892,444.5318,18.94
slo_86_01,0001,12,1722,1326,1784,1446,135.0704,153.4885,62.68
slo_86_01,0001,13,1784,1446,1563,1577,256.9085,291.9406,-30.66
slo_86_01,0001,14,1563,1577,1402,1599,162.4962,184.6541,-7.78
slo_86_01,0001,15,1402,1599,1362,1668,79.7559,90.6314,-59.90
slo_86_01,0001,16,1362,1668,1832,1808,490.4080,557.2800,16.59
slo_86_01,0001,17,1837,1843,1348,2047,529.8462,602.0960,-22.64
slo_86_01,0001,18,1348,2047,1721,1952,384.9078,437.3938,-14.29
slo_86_01,0002,0,1343,0,1270,65,97.7446,111.0730,-41.68
slo_86_01,0002,1,1282,126,1552,219,285.5679,324.5079,19.01
slo_86_01,0002,2,1552,219,1632,361,162.9847,185.2093,60.60
slo_86_01,0002,3,1645,355,1614,398,53.0094,60.2378,-54.21
slo_86_01,0002,4,1601,400,1379,454,228.4732,259.6278,-13.67
slo_86_01,0002,5,1379,454,1287,564,143.4015,162.9558,-50.09
slo_86_01,0002,6,1326,630,1623,727,312.4388,355.0429,18.09
slo_86_01,0002,7,1623,727,1700,884,174.8657,198.7103,63.87
slo_86_01,0002,8,1700,884,1396,967,315.1270,358.0977,-15.27
slo_86_01,0002,9,1396,967,1316,1078,136.8247,155.4821,-54.22
slo_86_01,0002,10,1333,1105,1657,1233,348.3676,395.8710,21.56
slo_86_01,0002,11,1657,1233,1722,1377,157.9905,179.5341,65.71
slo_86_01,0002,12,1722,1377,1433,1481,307.1433,349.0253,-19.79
slo_86_01,0002,13,1433,1481,1347,1581,131.8939,149.8789,-49.30
slo_86_01,0002,14,1347,1581,1709,1709,383.9635,436.3208,19.47
slo_86_01,0002,15,1709,1709,1778,1848,155.1838,176.3446,63.60
slo_86_01,0002,16,1796,1844,1766,1887,52.4309,59.5804,-55.10
slo_86_01,0002,17,1669,1932,1454,1978,219.8659,249.8468,-12.08
slo_86_01,0002,18,1454,1978,1407,2047,83.4865,94.8707,-55.74
slo_86_01,0003,0,1480,0,1612,65,147.1360,167.1995,26.22
slo_86_01,0003,1,1612,65,1663,202,146.1848,166.1186,69.58
slo_86_01,0003,2,1663,202,1429,270,243.6801,276.9083,-16.20
slo_86_01,0003,3,1429,270,1322,386,157.8132,179.3326,-47.31
slo_86_01,0003,4,1336,440,1617,539,297.9295,338.5552,19.41
slo_86_01,0003,5,1617,539,1693,704,181.6618,206.4332,65.27
slo_86_01,0003,6,1693,704,1456,782,249.5055,283.5281,-18.22
slo_86_01,0003,7,1456,782,1359,892,146.6595,166.6580,-48.59
slo_86_01,0003,8,1377,950,1651,1045,290.0017,329.5464,19.12
slo_86_01,0003,9,1651,1045,1722,1185,156.9745,178.3796,63.11
slo_86_01,0003,10,1732,1184,1698,1226,54.0370,61.4055,-51.01
slo_86_01,0003,11,1687,1224,1473,1278,220.7080,250.8037,-14.16
slo_86_01,0003,12,1473,1278,1377,1388,146.0000,165.9086,-48.89
slo_86_01,0003,13,1419,1451,1717,1554,315.2983,358.2923,19.07
slo_86_01,0003,14,1717,1554,1788,1708,169.5789,192.7027,65.25
slo_86_01,0003,15,1788,1708,1492,1789,306.8827,348.7292,-15.30
slo_86_01,0003,16,1492,1789,1404,1902,143.2236,162.7536,-52.09
slo_86_01,0003,17,1404,1902,1727,2047,354.0537,402.3324,24.18
slo_86_01,0004,0,1353,0,1294,68,90.0278,102.3040,-49.05
slo_86_01,0004,1,1318,133,1628,252,332.0557,377.3348,21.00
slo_86_01,0004,2,1628,252,1678,382,139.2839,158.2766,68.96
slo_86_01,0004,3,1698,369,1673,404,43.0116,48.8767,-54.46
slo_86_01,0004,4,1652,412,1426,480,236.0085,268.1906,-16.75
slo_86_01,0004,5,1426,480,1339,577,130.2997,148.0673,-48.11
slo_86_01,0004,6,1352,640,1653,752,321.1620,364.9556,20.41
slo_86_01,0004,7,1653,752,1725,885,151.2382,171.8611,61.57
slo_86_01,0004,8,1734,877,1717,921,47.1699,53.6020,-68.88
slo_86_01,0004,9,1708,925,1491,980,223.8616,254.3873,-14.22
slo_86_01,0004,10,1491,980,1381,1099,162.0525,184.1499,-47.25
slo_86_01,0004,11,1399,1151,1683,1252,301.4249,342.5273,19.58
slo_86_01,0004,12,1683,1252,1756,1392,157.8892,179.4190,62.46
slo_86_01,0004,13,1775,1385,1754,1428,47.8539,54.3793,-63.97
slo_86_01,0004,14,1734,1434,1518,1492,223.6515,254.1486,-15.03
slo_86_01,0004,15,1518,1492,1418,1602,148.6607,168.9321,-47.73
slo_86_01,0004,16,1437,1659,1699,1744,275.4433,313.0027,17.97
slo_86_01,0004,17,1699,1744,1780,1887,164.3472,186.7576,60.47
slo_86_01,0004,18,1773,1917,1536,1985,246.5624,280.1836,-16.01
slo_86_01,0005,0,1584,0,1638,148,157.5436,179.0263,69.95
slo_86_01,0005,1,1638,148,1355,231,294.9203,335.1357,-16.35
slo_86_01,0005,2,1355,231,1277,341,134.8481,153.2359,-54.66
slo_86_01,0005,3,1304,409,1608,510,320.3389,364.0203,18.38
slo_86_01,0005,4,1608,510,1671,629,134.6477,153.0082,62.10
slo_86_01,0005,5,1663,669,1403,746,271.1623,308.1380,-16.50
slo_86_01,0005,6,1403,746,1322,854,135.0000,153.4086,-53.13
slo_86_01,0005,7,1351,916,1650,1025,318.2483,361.6447,20.03
slo_86_01,0005,8,1650,1025,1713,1141,132.0038,150.0038,61.49
slo_86_01,0005,9,1701,1180,1456,1265,259.3260,294.6877,-19.13
slo_86_01,0005,10,1456,1265,1366,1366,135.2812,153.7281,-48.30
slo_86_01,0005,11,1382,1424,1679,1534,316.7160,359.9033,20.32
slo_86_01,0005,12,1714,1574,1740,1706,134.5362,152.8816,78.86
slo_86_01,0005,13,1740,1706,1522,1762,225.0778,255.7694,-14.41
slo_86_01,0005,14,1522,1762,1407,1880,164.7695,187.2375,-45.74
slo_86_01,0005,15,1425,1930,1721,2047,318.2845,361.6857,21.57
slo_86_01,0006,0,1371,0,1259,144,182.4281,207.3040,-52.13
slo_86_01,0006,1,1259,144,1538,214,287.6474,326.8709,14.08
slo_86_01,0006,2,1538,214,1668,395,222.8475,253.2350,54.31
slo_86_01,0006,3,1702,413,1464,496,252.0575,286.4281,-19.23
slo_86_01,0006,4,1644,457,1378,507,270.6585,307.5654,-10.65
slo_86_01,0006,5,1378,507,1310,607,120.9297,137.4197,-55.78
slo_86_01,0006,6,1338,677,1631,767,306.5110,348.3069,17.08
slo_86_01,0006,7,1631,767,1703,868,124.0363,140.9499,54.52
slo_86_01,0006,8,1703,868,1671,958,95.5196,108.5447,-70.43
slo_86_01,0006,9,1671,958,1427,1015,250.5694,284.7370,-13.15
slo_86_01,0006,10,1427,1015,1346,1126,137.4118,156.1493,-53.88
slo_86_01,0006,11,1376,1194,1700,1322,348.3676,395.8710,21.56
slo_86_01,0006,12,1700,1322,1738,1422,106.9766,121.5640,69.19
slo_86_01,0006,13,1734,1455,1474,1531,270.8800,307.8173,-16.29
slo_86_01,0006,14,1474,1531,1387,1641,140.2462,159.3702,-51.66
slo_86_01,0006,15,1416,1700,1719,1812,323.0371,367.0865,20.29
slo_86_01,0006,16,1719,1812,1770,1930,128.5496,146.0786,66.63
slo_86_01,0006,17,1793,1914,1778,1962,50.2892,57.1466,-72.65
slo_86_01,0006,18,1756,1976,1542,2047,225.4706,256.2158,-18.35
slo_86_01,0007,0,1259,40,1559,142,316.8659,360.0737,18.78
slo_86_01,0007,1,1559,142,1616,257,128.3511,145.8530,63.63
slo_86_01,0007,2,1634,241,1632,285,44.0454,50.0515,-87.40
slo_86_01,0007,3,1615,299,1385,354,236.4847,268.7317,-13.45
slo_86_01,0007,4,1385,354,1302,468,141.0142,160.2429,-53.94
slo_86_01,0007,5,1322,534,1613,640,309.7047,351.9360,20.01
slo_86_01,0007,6,1613,640,1678,783,157.0796,178.4990,65.56
slo_86_01,0007,7,1691,770,1668,819,54.1295,61.5106,-64.86
slo_86_01,0007,8,1603,865,1433,889,171.6858,195.0968,-8.04
slo_86_01,0007,9,1433,889,1312,1036,190.3943,216.3565,-50.54
slo_86_01,0007,10,1312,1036,1602,1118,301.3702,342.4650,15.79
slo_86_01,0007,11,1602,1118,1707,1245,164.7847,187.2548,50.42
slo_86_01,0007,12,1723,1287,1707,1328,44.0114,50.0128,-68.68
slo_86_01,0007,13,1700,1333,1438,1411,273.3642,310.6402,-16.58
slo_86_01,0007,14,1438,1411,1363,1515,128.2225,145.7069,-54.20
slo_86_01,0007,15,1398,1579,1693,1674,309.9193,352.1799,17.85
slo_86_01,0007,16,1693,1674,1757,1810,150.3064,170.8021,64.80
slo_86_01,0007,17,1770,1804,1741,1849,53.5350,60.8351,-57.20
slo_86_01,0007,18,1728,1855,1479,1921,257.5985,292.7247,-14.85
slo_86_01,0007,19,1479,1921,1399,2031,136.0147,154.5617,-53.97
slo_86_01,0008,0,1488,16,1558,109,116.4002,132.2725,53.03
slo_86_01,0008,1,1536,39,1574,167,133.5215,151.7285,73.47
slo_86_01,0008,2,1574,167,1375,214,204.4749,232.3571,-13.29
slo_86_01,0008,3,1375,214,1268,392,207.6849,236.0048,-58.99
slo_86_01,0008,4,1268,392,1545,485,292.1951,332.0389,18.56
slo_86_01,0008,5,1545,485,1613,638,167.4306,190.2614,66.04
slo_86_01,0008,6,1613,638,1524,699,107.8981,122.6111,-34.43
slo_86_01,0008,7,1524,699,1374,708,150.2698,170.7605,-3.43
slo_86_01,0008,8,1374,708,1284,830,151.6047,172.2776,-53.58
slo_86_01,0008,9,1304,883,1587,975,297.5786,338.1564,18.01
slo_86_01,0008,10,1587,975,1660,1085,132.0189,150.0210,56.43
slo_86_01,0008,11,1660,1085,1630,1162,82.6378,93.9062,-68.71
slo_86_01,0008,12,1630,1162,1428,1202,205.9223,234.0019,-11.20
slo_86_01,0008,13,1428,1202,1341,1317,144.2012,163.8645,-52.89
slo_86_01,0008,14,1366,1380,1651,1483,303.0413,344.3640,19.87
slo_86_01,0008,15,1651,1483,1718,1638,168.8609,191.8868,66.62
slo_86_01,0008,16,1732,1626,1708,1668,48.3735,54.9698,-60.26
slo_86_01,0008,17,1693,1679,1474,1737,226.5502,257.4426,-14.83
slo_86_01,0008,18,1474,1737,1354,1881,187.4460,213.0061,-50.19
slo_86_01,0008,19,1354,1881,1619,1950,273.8357,311.1760,14.59
slo_86_01,0008,20,1619,1950,1721,2047,140.7587,159.9525,43.56
slo_86_01,0009,0,1628,0,1685,159,168.9083,191.9406,70.28
slo_86_01,0009,1,1685,159,1457,214,234.5400,266.5218,-13.56
slo_86_01,0009,2,1457,214,1337,374,200.0000,227.2720,-53.13
slo_86_01,0009,3,1337,374,1625,458,300.0000,340.9080,16.26
slo_86_01,0009,4,1625,458,1702,616,175.7640,199.7312,64.02
slo_86_01,0009,5,1702,616,1534,684,181.2402,205.9541,-22.04
slo_86_01,0009,6,1652,650,1466,689,190.0447,215.9592,-11.84
slo_86_01,0009,7,1466,689,1379,824,160.6051,182.5052,-57.20
slo_86_01,0009,8,1379,824,1695,953,341.3166,387.8585,22.21
slo_86_01,0009,9,1695,953,1739,1074,128.7517,146.3083,70.02
slo_86_01,0009,10,1714,1101,1537,1134,180.0500,204.6016,-10.56
slo_86_01,0009,11,1537,1134,1430,1292,190.8219,216.8424,-55.89
slo_86_01,0009,12,1430,1292,1708,1404,299.7132,340.5821,21.94
slo_86_01,0009,13,1708,1404,1781,1522,138.7552,157.6758,58.26
slo_86_01,0009,14,1781,1522,1685,1620,137.1860,155.8927,-45.59
slo_86_01,0009,15,1685,1620,1537,1631,148.4082,168.6452,-4.25
slo_86_01,0009,16,1537,1631,1445,1751,151.2085,171.8273,-52.52
slo_86_01,0009,17,1465,1797,1757,1899,309.3024,351.4789,19.26
slo_86_01,0009,18,1757,1899,1820,2047,160.8509,182.7845,66.94
slo_86_01,0010,0,1699,0,1720,105,107.0794,121.6808,78.69
slo_86_01,0010,1,1651,148,1435,188,219.6725,249.6270,-10.49
slo_86_01,0010,2,1435,188,1324,327,177.8820,202.1380,-51.39
slo_86_01,0010,3,1368,372,1678,458,321.7079,365.5760,15.51
slo_86_01,0010,4,1678,458,1786,604,181.6040,206.3675,53.51
slo_86_01,0010,5,1786,604,1555,691,246.8400,280.4991,-20.64
slo_86_01,0010,6,1729,648,1472,701,262.4081,298.1900,-11.65
slo_86_01,0010,7,1472,701,1391,812,137.4118,156.1493,-53.88
slo_86_01,0010,8,1414,875,1695,960,293.5745,333.6063,16.83
slo_86_01,0010,9,1695,960,1772,1076,139.2300,158.2154,56.42
slo_86_01,0010,10,1772,1076,1745,1153,81.5966,92.7231,-70.68
slo_86_01,0010,11,1745,1153,1544,1188,204.0245,231.8453,-9.88
slo_86_01,0010,12,1544,1188,1419,1341,197.5702,224.5109,-50.75
slo_86_01,0010,13,1419,1341,1697,1425,290.4135,330.0143,16.81
slo_86_01,0010,14,1697,1425,1784,1527,134.0634,152.3443,49.54
slo_86_01,0010,15,1784,1527,1748,1624,103.4650,117.5735,-69.64
slo_86_01,0010,16,1748,1624,1550,1664,202.0000,229.5447,-11.42
slo_86_01,0010,17,1550,1664,1464,1802,162.6038,184.7765,-58.07
slo_86_01,0010,18,1464,1802,1758,1907,312.1874,354.7573,19.65
slo_86_01,0010,19,1758,1907,1819,2047,152.7121,173.5360,66.46
slo_86_01,0011,0,1465,0,1365,113,150.8940,171.4699,-48.49
slo_86_01,0011,1,1366,184,1632,256,275.5721,313.1491,15.15
slo_86_01,0011,2,1632,256,1736,439,210.4875,239.1896,60.39
slo_86_01,0011,3,1736,439,1453,518,293.8197,333.8849,-15.60
slo_86_01,0011,4,1433,575,1369,658,104.8094,119.1012,-52.36
slo_86_01,0011,5,1303,691,1713,807,426.0939,484.1960,15.80
slo_86_01,0011,6,1713,807,1784,932,143.7567,163.3594,60.40
slo_86_01,0011,7,1784,932,1673,1017,139.8070,158.8711,-37.44
slo_86_01,0011,8,1673,1017,1493,1039,181.3395,206.0669,-6.97
slo_86_01,0011,9,1493,1039,1381,1182,181.6398,206.4082,-51.93
slo_86_01,0011,10,1419,1154,1438,1228,76.4003,86.8182,75.60
slo_86_01,0011,11,1438,1228,1732,1309,304.9541,346.5376,15.40
slo_86_01,0011,12,1732,1309,1801,1402,115.8016,131.5923,53.43
slo_86_01,0011,13,1792,1485,1528,1555,273.1227,310.3657,-14.85
slo_86_01,0011,14,1528,1555,1444,1668,140.8013,160.0009,-53.37
slo_86_01,0011,15,1477,1731,1753,1814,288.2100,327.5103,16.74
slo_86_01,0011,16,1753,1814,1820,1950,151.6080,172.2813,63.77
slo_86_01,0011,17,1845,1929,1824,1983,57.9396,65.8403,-68.75
slo_86_01,0011,18,1799,2001,1591,2047,213.0258,242.0740,-12.47
slo_86_01,0012,0,1598,0,1765,111,200.5243,227.8678,33.61
slo_86_01,0012,1,1649,16,1829,188,248.9659,282.9148,43.70
slo_86_01,0012,2,1829,188,1484,272,355.0789,403.4974,-13.68
slo_86_01,0012,3,1484,272,1398,386,142.8006,162.2728,-52.97
slo_86_01,0012,4,1432,452,1705,531,284.2006,322.9542,16.14
slo_86_01,0012,5,1705,531,1792,689,180.3691,204.9642,61.16
slo_86_01,0012,6,1766,732,1555,771,214.5740,243.8333,-10.47
slo_86_01,0012,7,1555,771,1448,935,195.8188,222.5206,-56.88
slo_86_01,0012,8,1451,965,1710,1034,268.0336,304.5826,14.92
slo_86_01,0012,9,1710,1034,1851,1219,232.6070,264.3253,52.69
slo_86_01,0012,10,1851,1219,1537,1305,325.5641,369.9580,-15.32
slo_86_01,0012,11,1517,1361,1459,1443,100.4390,114.1349,-54.73
slo_86_01,0012,12,1445,1455,1482,1426,47.0106,53.4210,-38.09
slo_86_01,0012,13,1430,1479,1790,1587,375.8510,427.1021,16.70
slo_86_01,0012,14,1790,1587,1862,1730,160.1031,181.9347,63.27
slo_86_01,0012,15,1889,1727,1575,1824,328.6411,373.4546,-17.17
slo_86_01,0012,16,1575,1824,1467,1954,169.0089,192.0549,-50.28
slo_86_01,0012,17,1515,2000,1656,2047,148.6271,168.8938,18.43
slo_86_01,0013,0,1378,0,1354,91,94.1116,106.9447,-75.23
slo_86_01,0013,1,1354,91,1646,180,305.2622,346.8877,16.95
slo_86_01,0013,2,1646,180,1726,339,177.9916,202.2625,63.29
slo_86_01,0013,3,1739,330,1669,378,84.8764,96.4501,-34.44
slo_86_01,0013,4,1656,385,1427,434,234.1837,266.1170,-12.08
slo_86_01,0013,5,1427,434,1327,563,163.2207,185.4775,-52.22
slo_86_01,0013,6,1374,607,1692,698,330.7643,375.8673,15.97
slo_86_01,0013,7,1692,698,1824,850,201.3157,228.7671,49.03
slo_86_01,0013,8,1824,850,1486,943,350.5610,398.3635,-15.38
slo_86_01,0013,9,1486,943,1404,1049,134.0149,152.2892,-52.28
slo_86_01,0013,10,1435,1120,1697,1198,273.3642,310.6402,16.58
slo_86_01,0013,11,1697,1198,1789,1341,170.0382,193.2246,57.24
slo_86_01,0013,12,1812,1379,1552,1444,268.0019,304.5466,-14.04
slo_86_01,0013,13,1552,1444,1438,1580,177.4599,201.6583,-50.03
slo_86_01,0013,14,1460,1638,1721,1715,272.1213,309.2278,16.44
slo_86_01,0013,15,1721,1715,1842,1896,217.7200,247.4083,56.24
slo_86_01,0013,16,1842,1896,1538,1975,314.0971,356.9274,-14.57
slo_86_01,0013,17,1538,1975,1482,2047,91.2140,103.6520,-52.13
slo_86_01,0014,0,1284,36,1635,121,361.1454,410.3912,13.61
slo_86_01,0014,1,1635,121,1771,275,205.4556,233.4715,48.55
slo_86_01,0014,2,1771,275,1437,356,343.6815,390.5460,-13.63
slo_86_01,0014,3,1437,356,1351,467,140.4172,159.5645,-52.23
slo_86_01,0014,4,1372,534,1669,631,312.4388,355.0429,18.09
slo_86_01,0014,5,1669,631,1773,775,177.6288,201.8503,54.16
slo_86_01,0014,6,1773,775,1596,846,190.7092,216.7143,-21.86
slo_86_01,0014,7,1743,813,1512,855,234.7871,266.8027,-10.30
slo_86_01,0014,8,1512,855,1400,1038,214.5530,243.8095,-58.53
slo_86_01,0014,9,1400,1038,1658,1105,266.5577,302.9055,14.56
slo_86_01,0014,10,1658,1105,1812,1278,231.6139,263.1968,48.33
slo_86_01,0014,11,1720,1181,1773,1325,153.4438,174.3674,69.79
slo_86_01,0014,12,1773,1325,1477,1394,303.9358,345.3805,-13.12
slo_86_01,0014,13,1477,1394,1376,1529,168.6001,191.5904,-53.20
slo_86_01,0014,14,1434,1569,1737,1653,314.4281,357.3035,15.49
slo_86_01,0014,15,1737,1653,1870,1807,203.4822,231.2290,49.18
slo_86_01,0014,16,1870,1807,1530,1901,352.7549,400.8565,-15.45
slo_86_01,0014,17,1530,1901,1452,2000,126.0357,143.2219,-51.77
slo_86_01,0015,0,1315,49,1658,144,355.9129,404.4452,15.48
slo_86_01,0015,1,1658,144,1770,295,188.0027,213.6387,53.43
slo_86_01,0015,2,1770,295,1408,368,369.2872,419.6431,-11.40
slo_86_01,0015,3,1408,368,1266,528,213.9252,243.0961,-48.41
slo_86_01,0015,4,1266,528,1668,638,416.7781,473.6100,15.30
slo_86_01,0015,5,1668,638,1799,789,199.9050,227.1640,49.06
slo_86_01,0015,6,1799,789,1458,874,351.4342,399.3558,-14.00
slo_86_01,0015,7,1458,874,1368,984,142.1267,161.5071,-50.71
slo_86_01,0015,8,1400,1056,1697,1146,310.3369,352.6545,16.86
slo_86_01,0015,9,1697,1146,1819,1283,183.4475,208.4624,48.31
slo_86_01,0015,10,1819,1283,1575,1379,262.2060,297.9604,-21.48
slo_86_01,0015,11,1499,1385,1422,1487,127.8006,145.2275,-52.95
slo_86_01,0015,12,1446,1557,1732,1659,303.6445,345.0495,19.63
slo_86_01,0015,13,1732,1659,1827,1790,161.8209,183.8868,54.05
slo_86_01,0015,14,1827,1790,1656,1871,189.2142,215.0154,-25.35
slo_86_01,0015,15,1801,1835,1570,1883,235.9343,268.1063,-11.74
slo_86_01,0015,16,1570,1883,1461,2047,196.9188,223.7706,-56.39
slo_87_01,0001,0,1325,0,1493,92,191.5411,217.6597,28.71
slo_87_01,0001,1,1493,92,1513,193,102.9612,117.0009,78.80
slo_87_01,0001,2,1505,204,1330,316,207.7715,236.1032,-32.62
slo_87_01,0001,3,1330,316,1314,469,153.8343,174.8112,-84.03
slo_87_01,0001,4,1314,469,1505,576,218.9292,248.7824,29.26
slo_87_01,0001,5,1505,576,1533,683,110.6029,125.6847,75.34
slo_87_01,0001,6,1528,699,1355,803,201.8539,229.3787,-31.01
slo_87_01,0001,7,1355,803,1325,957,156.8949,178.2891,-78.98
slo_87_01,0001,8,1325,957,1531,1051,226.4332,257.3096,24.53
slo_87_01,0001,9,1531,1051,1574,1171,127.4716,144.8536,70.29
slo_87_01,0001,10,1554,1195,1367,1322,226.0487,256.8727,-34.18
slo_87_01,0001,11,1367,1322,1353,1449,127.7693,145.1919,-83.71
slo_87_01,0001,12,1353,1449,1560,1529,221.9212,252.1823,21.13
slo_87_01,0001,13,1560,1529,1605,1642,121.6306,138.2161,68.29
slo_87_01,0001,14,1605,1642,1345,1740,277.8561,315.7445,-20.65
slo_87_01,0001,15,1345,1740,1278,1918,190.1920,216.1266,-69.37
slo_87_01,0002,0,1251,0,1245,188,188.0957,213.7445,-88.17
slo_87_01,0002,1,1245,188,1419,272,193.2149,219.5617,25.77
slo_87_01,0002,2,1428,322,1512,407,119.5031,135.7986,45.34
slo_87_01,0002,3,1512,407,1353,465,169.2483,192.3270,-20.04
slo_87_01,0002,4,1280,516,1257,666,151.7531,172.4461,-81.28
slo_87_01,0002,5,1272,695,1459,788,208.8492,237.3279,26.44
slo_87_01,0002,6,1466,835,1533,915,104.3504,118.5796,50.05
slo_87_01,0002,7,1533,915,1304,1021,252.3430,286.7525,-24.84
slo_87_01,0002,8,1304,1021,1273,1169,151.2118,171.8310,-78.17
slo_87_01,0002,9,1289,1197,1480,1287,211.1421,239.9335,25.23
slo_87_01,0002,10,1491,1342,1558,1414,98.3514,111.7626,47.06
slo_87_01,0002,11,1558,1414,1324,1525,258.9923,294.3085,-25.38
slo_87_01,0002,12,1324,1525,1314,1693,168.2974,191.2464,-86.59
slo_87_01,0002,13,1314,1693,1490,1777,195.0179,221.6106,25.51
slo_87_01,0002,14,1504,1831,1588,1914,118.0889,134.1916,44.66
slo_87_01,0002,15,1588,1914,1421,1958,172.6992,196.2484,-14.76
slo_87_01,0003,0,1180,0,1204,103,105.7592,120.1805,76.88
slo_87_01,0003,1,1204,103,1349,157,154.7288,175.8276,20.43
slo_87_01,0003,2,1358,211,1440,288,112.4856,127.8241,43.20
slo_87_01,0003,3,1440,288,1282,353,170.8479,194.1447,-22.36
slo_87_01,0003,4,1213,407,1199,550,143.6837,163.2764,-84.41
slo_87_01,0003,5,1217,582,1379,672,185.3213,210.5918,29.05
slo_87_01,0003,6,1379,672,1433,788,127.9531,145.4008,65.04
slo_87_01,0003,7,1466,795,1313,858,165.4630,188.0255,-22.38
slo_87_01,0003,8,1243,911,1221,1058,148.6371,168.9053,-81.49
slo_87_01,0003,9,1255,1118,1415,1179,171.2338,194.5832,20.87
slo_87_01,0003,10,1428,1233,1495,1303,96.8969,110.1097,46.25
slo_87_01,0003,11,1495,1303,1270,1415,251.3344,285.6064,-26.46
slo_87_01,0003,12,1270,1415,1242,1570,157.5087,178.9866,-79.76
slo_87_01,0003,13,1257,1597,1444,1686,207.0990,235.3390,25.45
slo_87_01,0003,14,1450,1735,1511,1809,95.9010,108.9780,50.50
slo_87_01,0003,15,1511,1809,1291,1918,245.5219,279.0013,-26.36
slo_87_01,0003,16,1291,1918,1270,2047,130.6981,148.5201,-80.75
slo_87_01,0004,0,1351,52,1387,110,68.2642,77.5727,58.17
slo_87_01,0004,1,1383,109,1228,159,162.8650,185.0732,-17.88
slo_87_01,0004,2,1162,211,1141,362,152.4533,173.2418,-82.08
slo_87_01,0004,3,1141,362,1322,487,219.9682,249.9630,34.63
slo_87_01,0004,4,1329,541,1422,624,124.6515,141.6490,41.75
slo_87_01,0004,5,1422,624,1260,668,167.8690,190.7596,-15.20
slo_87_01,0004,6,1189,721,1157,879,161.2079,183.1903,-78.55
slo_87_01,0004,7,1231,930,1321,964,96.2081,109.3270,20.70
slo_87_01,0004,8,1362,1048,1452,1136,125.8730,143.0370,44.36
slo_87_01,0004,9,1452,1136,1279,1188,180.6461,205.2790,-16.73
slo_87_01,0004,10,1217,1236,1187,1388,154.9322,176.0588,-78.84
slo_87_01,0004,11,1187,1388,1378,1511,227.1783,258.1564,32.78
slo_87_01,0004,12,1386,1558,1475,1642,122.3806,139.0684,43.34
slo_87_01,0004,13,1475,1642,1308,1692,174.3244,198.0953,-16.67
slo_87_01,0004,14,1241,1739,1218,1919,181.4635,206.2079,-82.72
slo_87_01,0004,15,1218,1919,1428,2047,245.9350,279.4706,31.36
slo_87_01,0005,0,1086,95,1113,198,106.4800,120.9997,75.31
slo_87_01,0005,1,1112,222,1264,293,167.7647,190.6411,25.04
slo_87_01,0005,2,1269,341,1335,416,99.9050,113.5280,48.65
slo_87_01,0005,3,1335,416,1187,483,162.4592,184.6122,-24.36
slo_87_01,0005,4,1122,536,1104,676,141.1524,160.3999,-82.67
slo_87_01,0005,5,1136,740,1287,811,166.8592,189.6121,25.18
slo_87_01,0005,6,1293,863,1349,936,92.0054,104.5513,52.51
slo_87_01,0005,7,1349,936,1153,1048,225.7432,256.5256,-29.74
slo_87_01,0005,8,1153,1048,1128,1194,148.1249,168.3233,-80.28
slo_87_01,0005,9,1128,1194,1309,1320,220.5380,250.6105,34.84
slo_87_01,0005,10,1315,1372,1395,1451,112.4322,127.7635,44.64
slo_87_01,0005,11,1395,1451,1243,1505,161.3072,183.3030,-19.56
slo_87_01,0005,12,1179,1555,1142,1713,162.2745,184.4022,-76.82
slo_87_01,0005,13,1142,1713,1336,1825,224.0089,254.5548,30.00
slo_87_01,0005,14,1343,1876,1428,1963,121.6306,138.2161,45.67
slo_87_01,0005,15,1428,1963,1300,2008,135.6798,154.1811,-19.37
slo_87_01,0006,0,1554,0,1346,37,211.2652,240.0734,-10.09
slo_87_01,0006,1,1346,37,1200,224,237.2446,269.5953,-52.02
slo_87_01,0006,2,1200,224,1486,298,295.4183,335.7016,14.51
slo_87_01,0006,3,1486,298,1613,462,207.4247,235.7091,52.25
slo_87_01,0006,4,1613,462,1574,525,74.0945,84.1981,-58.24
slo_87_01,0006,5,1574,525,1377,553,198.9799,226.1128,-8.09
slo_87_01,0006,6,1377,553,1263,686,175.1713,199.0577,-49.40
slo_87_01,0006,7,1279,745,1529,814,259.3473,294.7118,15.43
slo_87_01,0006,8,1529,814,1696,984,238.3044,270.7996,45.51
slo_87_01,0006,9,1646,1017,1406,1067,245.1530,278.5821,-11.77
slo_87_01,0006,10,1406,1067,1293,1198,173.0029,196.5936,-49.22
slo_87_01,0006,11,1306,1260,1563,1332,266.8951,303.2889,15.65
slo_87_01,0006,12,1563,1332,1674,1478,183.4039,208.4129,52.76
slo_87_01,0006,13,1674,1478,1605,1562,108.7060,123.5292,-50.60
slo_87_01,0006,14,1605,1562,1443,1574,162.4438,184.5947,-4.24
slo_87_01,0006,15,1443,1574,1321,1743,208.4346,236.8568,-54.17
slo_87_01,0006,16,1328,1770,1581,1845,263.8825,299.8656,16.51
slo_87_01,0006,17,1581,1845,1694,2006,196.6977,223.5194,54.94
slo_87_01,0006,18,1708,1991,1710,2032,41.0488,46.6462,87.21
slo_87_01,0007,0,1175,0,1155,102,103.9423,118.1159,-78.91
slo_87_01,0007,1,1155,102,1435,186,292.3286,332.1905,16.70
slo_87_01,0007,2,1435,186,1521,338,174.6425,198.4567,60.50
slo_87_01,0007,3,1496,367,1296,398,202.3882,229.9859,-8.81
slo_87_01,0007,4,1296,398,1181,585,219.5313,249.4666,-58.41
slo_87_01,0007,5,1181,585,1448,663,278.1600,316.0899,16.28
slo_87_01,0007,6,1448,663,1569,834,209.4803,238.0450,54.72
slo_87_01,0007,7,1569,834,1504,887,83.8689,95.3053,-39.19
slo_87_01,0007,8,1504,887,1338,894,166.1475,188.8034,-2.41
slo_87_01,0007,9,1338,894,1189,1079,237.5416,269.9327,-51.15
slo_87_01,0007,10,1189,1079,1471,1157,292.5884,332.4858,15.46
slo_87_01,0007,11,1471,1157,1591,1297,184.3909,209.5344,49.40
slo_87_01,0007,12,1591,1297,1563,1386,93.3006,106.0231,-72.54
slo_87_01,0007,13,1563,1386,1365,1415,200.1125,227.3998,-8.33
slo_87_01,0007,14,1365,1415,1258,1598,211.9858,240.8922,-59.69
slo_87_01,0007,15,1258,1598,1514,1673,266.7602,303.1356,16.33
slo_87_01,0007,16,1514,1673,1682,1846,241.1493,274.0325,45.84
slo_87_01,0007,17,1682,1846,1394,1928,299.4462,340.2786,-15.89
slo_87_01,0007,18,1394,1928,1289,2047,158.7010,180.3414,-48.58
slo_87_01,0008,0,1097,0,1432,140,363.0771,412.5863,22.68
slo_87_01,0008,1,1432,140,1460,239,102.8834,116.9126,74.21
slo_87_01,0008,2,1460,239,1224,290,241.4477,274.3715,-12.19
slo_87_01,0008,3,1224,290,1113,449,193.9124,220.3542,-55.08
slo_87_01,0008,4,1113,449,1398,539,298.8729,339.6272,17.53
slo_87_01,0008,5,1398,539,1490,694,180.2471,204.8255,59.31
slo_87_01,0008,6,1490,694,1225,769,275.4088,312.9635,-15.80
slo_87_01,0008,7,1225,769,1137,915,170.4699,193.7152,-58.92
slo_87_01,0008,8,1149,948,1403,1013,262.1850,297.9366,14.35
slo_87_01,0008,9,1403,1013,1513,1181,200.8084,228.1906,56.78
slo_87_01,0008,10,1488,1208,1285,1246,206.5260,234.6879,-10.60
slo_87_01,0008,11,1285,1246,1172,1432,217.6350,247.3117,-58.72
slo_87_01,0008,12,1172,1432,1436,1511,275.5667,313.1430,16.66
slo_87_01,0008,13,1436,1511,1558,1683,210.8744,239.6292,54.65
slo_87_01,0008,14,1558,1683,1326,1742,239.3846,272.0271,-14.27
slo_87_01,0008,15,1326,1742,1178,1928,237.6973,270.1097,-51.49
slo_87_01,0008,16,1178,1928,1513,2047,355.5081,403.9852,19.56
slo_87_01,0009,0,1249,0,1193,103,117.2391,133.2258,-61.47
slo_87_01,0009,1,1185,133,1482,205,305.6027,347.2747,13.63
slo_87_01,0009,2,1482,205,1570,327,150.4261,170.9382,54.20
slo_87_01,0009,3,1575,365,1328,427,254.6625,289.3883,-14.09
slo_87_01,0009,4,1328,427,1219,580,187.8563,213.4724,-54.53
slo_87_01,0009,5,1219,580,1531,687,329.8378,374.8145,18.93
slo_87_01,0009,6,1531,687,1599,817,146.7106,166.7161,62.39
slo_87_01,0009,7,1599,817,1357,880,250.0660,284.1650,-14.59
slo_87_01,0009,8,1357,880,1246,1032,188.2153,213.8803,-53.86
slo_87_01,0009,9,1246,1032,1537,1132,307.7028,349.6611,18.96
slo_87_01,0009,10,1537,1132,1625,1279,171.3272,194.6893,59.09
slo_87_01,0009,11,1625,1279,1361,1360,276.1467,313.8021,-17.06
slo_87_01,0009,12,1361,1360,1271,1501,167.2752,190.0849,-57.45
slo_87_01,0009,13,1279,1533,1539,1605,269.7851,306.5730,15.48
slo_87_01,0009,14,1539,1605,1646,1765,192.4812,218.7279,56.23
slo_87_01,0009,15,1596,1817,1420,1836,177.0226,201.1614,-6.16
slo_87_01,0009,16,1420,1836,1301,2013,213.2838,242.3672,-56.09
slo_87_01,0010,0,1159,0,1160,100,100.0050,113.6417,89.43
slo_87_01,0010,1,1160,100,1401,159,248.1169,281.9501,13.76
slo_87_01,0010,2,1401,159,1505,294,170.4142,193.6519,52.39
slo_87_01,0010,3,1512,340,1239,416,283.3814,322.0233,-15.56
slo_87_01,0010,4,1239,416,1171,566,164.6937,187.1513,-65.61
slo_87_01,0010,5,1176,607,1439,677,272.1562,309.2674,14.90
slo_87_01,0010,6,1439,677,1552,843,200.8109,228.1934,55.76
slo_87_01,0010,7,1510,872,1295,916,219.4561,249.3812,-11.57
slo_87_01,0010,8,1295,916,1188,1054,174.6224,198.4340,-52.21
slo_87_01,0010,9,1206,1116,1477,1185,279.6462,317.7788,14.28
slo_87_01,0010,10,1477,1185,1567,1320,162.2498,184.3742,56.31
slo_87_01,0010,11,1525,1363,1318,1407,211.6247,240.4818,-12.00
slo_87_01,0010,12,1318,1407,1203,1542,177.3415,201.5238,-49.57
slo_87_01,0010,13,1203,1542,1526,1669,347.0706,394.3971,21.46
slo_87_01,0010,14,1526,1669,1586,1791,135.9559,154.4948,63.81
slo_87_01,0010,15,1586,1791,1346,1859,249.4474,283.4620,-15.82
slo_87_01,0010,16,1346,1859,1240,2010,184.4912,209.6484,-54.93
slo_87_01,0011,0,1714,91,1482,136,236.3239,268.5491,-10.98
slo_87_01,0011,1,1482,136,1381,266,164.6238,187.0719,-52.16
slo_87_01,0011,2,1393,343,1672,403,285.3787,324.2929,12.14
slo_87_01,0011,3,1672,403,1781,547,180.6018,205.2286,52.88
slo_87_01,0011,4,1781,547,1714,627,104.3504,118.5796,-50.05
slo_87_01,0011,5,1714,627,1516,653,199.6998,226.9308,-7.48
slo_87_01,0011,6,1516,653,1417,822,195.8622,222.5700,-59.64
slo_87_01,0011,7,1418,859,1681,933,273.2124,310.4676,15.71
slo_87_01,0011,8,1681,933,1788,1109,205.9733,234.0598,58.70
slo_87_01,0011,9,1788,1109,1505,1187,293.5524,333.5812,-15.41
slo_87_01,0011,10,1505,1187,1437,1336,163.7834,186.1169,-65.47
slo_87_01,0011,11,1426,1368,1710,1448,295.0525,335.2859,15.73
slo_87_01,0011,12,1710,1448,1823,1621,206.6349,234.8117,56.85
slo_87_01,0011,13,1823,1621,1567,1683,263.4008,299.3182,-13.61
slo_87_01,0011,14,1567,1683,1452,1845,198.6681,225.7584,-54.63
slo_87_01,0011,15,1441,1870,1741,1949,310.2273,352.5299,14.75
slo_87_01,0011,16,1741,1949,1825,2047,129.0736,146.6741,49.40
slo_87_01,0012,0,1648,0,1423,47,229.8565,261.1997,-11.80
slo_87_01,0012,1,1423,47,1307,235,220.9072,251.0301,-58.32
slo_87_01,0012,2,1307,235,1562,310,265.8007,302.0453,16.39
slo_87_01,0012,3,1562,310,1665,453,176.2328,200.2639,54.24
slo_87_01,0012,4,1670,497,1473,537,201.0199,228.4310,-11.48
slo_87_01,0012,5,1473,537,1347,757,253.5271,288.0981,-60.20
slo_87_01,0012,6,1347,757,1619,833,282.4181,320.9287,15.61
slo_87_01,0012,7,1619,833,1719,1005,198.9573,226.0871,59.83
slo_87_01,0012,8,1719,1005,1443,1086,287.6404,326.8630,-16.36
slo_87_01,0012,9,1443,1086,1347,1216,161.6045,183.6408,-53.56
slo_87_01,0012,10,1361,1288,1649,1356,295.9189,336.2704,13.28
slo_87_01,0012,11,1649,1356,1752,1529,201.3405,228.7953,59.23
slo_87_01,0012,12,1752,1529,1553,1599,210.9526,239.7181,-19.38
slo_87_01,0012,13,1688,1564,1481,1601,210.2808,238.9546,-10.13
slo_87_01,0012,14,1481,1601,1371,1800,227.3785,258.3839,-61.07
slo_87_01,0012,15,1371,1800,1639,1874,278.0288,315.9408,15.44
slo_87_01,0012,16,1639,1874,1752,2047,206.6349,234.8117,56.85
slo_87_01,0013,0,1336,21,1645,113,322.4050,366.3682,16.58
slo_87_01,0013,1,1645,113,1771,270,201.3082,228.7586,51.25
slo_87_01,0013,2,1771,270,1442,353,339.3081,385.5762,-14.16
slo_87_01,0013,3,1442,353,1354,500,171.3272,194.6893,-59.09
slo_87_01,0013,4,1359,537,1645,601,293.0734,333.0369,12.61
slo_87_01,0013,5,1645,601,1747,772,199.1105,226.2612,59.18
slo_87_01,0013,6,1747,772,1611,849,156.2850,177.5960,-29.52
slo_87_01,0013,7,1611,849,1475,855,136.1323,154.6953,-2.53
slo_87_01,0013,8,1475,855,1361,1017,198.0909,225.1026,-54.87
slo_87_01,0013,9,1369,1046,1619,1120,260.7221,296.2741,16.49
slo_87_01,0013,10,1619,1120,1719,1259,171.2338,194.5832,54.27
slo_87_01,0013,11,1726,1299,1527,1345,204.2474,232.0986,-13.02
slo_87_01,0013,12,1527,1345,1403,1564,251.6684,285.9859,-60.48
slo_87_01,0013,13,1403,1564,1669,1638,276.1014,313.7506,15.55
slo_87_01,0013,14,1669,1638,1767,1805,193.6311,220.0346,59.59
slo_87_01,0013,15,1785,1795,1750,1834,52.4023,59.5479,-48.09
slo_87_01,0013,16,1732,1842,1491,1895,246.7590,280.4070,-12.40
slo_87_01,0013,17,1491,1895,1397,2027,162.0494,184.1464,-54.54
slo_87_01,0014,0,1711,43,1771,106,87.0000,98.8633,46.40
slo_87_01,0014,1,1771,129,1419,200,359.0891,408.0545,-11.40
slo_87_01,0014,2,1419,200,1359,298,114.9087,130.5776,-58.52
slo_87_01,0014,3,1372,377,1670,445,305.6599,347.3397,12.85
slo_87_01,0014,4,1670,445,1757,587,166.5323,189.2406,58.51
slo_87_01,0014,5,1718,637,1466,701,260.0000,295.4536,-14.25
slo_87_01,0014,6,1466,701,1405,838,149.9667,170.4161,-66.00
slo_87_01,0014,7,1409,879,1697,949,296.3849,336.7999,13.66
slo_87_01,0014,8,1697,949,1837,1109,212.6029,241.5934,48.81
slo_87_01,0014,9,1837,1109,1513,1208,338.7875,384.9846,-16.99
slo_87_01,0014,10,1513,1208,1433,1319,136.8247,155.4821,-54.22
slo_87_01,0014,11,1442,1392,1714,1456,279.4280,317.5308,13.24
slo_87_01,0014,12,1714,1456,1808,1591,164.5023,186.9338,55.15
slo_87_01,0014,13,1812,1633,1610,1708,215.4739,244.8559,-20.37
slo_87_01,0014,14,1741,1674,1544,1712,200.6315,227.9896,-10.92
slo_87_01,0014,15,1544,1712,1444,1873,189.5284,215.3724,-58.15
slo_87_01,0014,16,1449,1902,1675,1964,234.3502,266.3062,15.34
slo_87_01,0014,17,1675,1964,1755,2047,115.2779,130.9972,46.05
slo_87_01,0015,0,1332,0,1273,110,124.8239,141.8449,-61.79
slo_87_01,0015,1,1273,110,1318,170,75.0000,85.2270,53.13
slo_87_01,0015,2,1274,184,1626,268,361.8840,411.2305,13.42
slo_87_01,0015,3,1626,268,1697,408,156.9745,178.3796,63.11
slo_87_01,0015,4,1697,408,1367,512,346.0000,393.1806,-17.49
slo_87_01,0015,5,1367,512,1333,682,173.3667,197.0069,-78.69
slo_87_01,0015,6,1333,682,1634,754,309.4915,351.6938,13.45
slo_87_01,0015,7,1634,754,1769,921,214.7417,244.0239,51.05
slo_87_01,0015,8,1769,921,1413,1012,367.4466,417.5516,-14.34
slo_87_01,0015,9,1413,1012,1350,1114,119.8874,136.2353,-58.30
slo_87_01,0015,10,1350,1114,1373,1191,80.3617,91.3198,73.37
slo_87_01,0015,11,1373,1191,1667,1262,302.4516,343.6940,13.58
slo_87_01,0015,12,1667,1262,1746,1401,159.8812,181.6826,60.39
slo_87_01,0015,13,1756,1409,1713,1457,64.4438,73.2313,-48.14
slo_87_01,0015,14,1704,1448,1454,1517,259.3473,294.7118,-15.43
slo_87_01,0015,15,1454,1517,1394,1687,180.2776,204.8602,-70.56
slo_87_01,0015,16,1394,1687,1686,1762,301.4780,342.5876,14.40
slo_87_01,0015,17,1686,1762,1823,1930,216.7787,246.3386,50.80
slo_87_01,0015,18,1823,1930,1482,2047,360.5135,409.6731,-18.94
slo_88_01,0001,0,1465,26,1488,110,87.0919,98.9678,74.69
slo_88_01,0001,1,1488,110,1716,207,247.7761,281.5629,23.05
slo_88_01,0001,2,1716,207,1784,349,157.4421,178.9109,64.41
slo_88_01,0001,3,1784,349,1554,426,242.5469,275.6206,-18.51
slo_88_01,0001,4,1554,426,1490,533,124.6796,141.6809,-59.12
slo_88_01,0001,5,1525,597,1769,686,259.7249,295.1409,20.04
slo_88_01,0001,6,1769,686,1838,819,149.8332,170.2645,62.58
slo_88_01,0001,7,1830,844,1510,998,355.1281,403.5534,-25.70
slo_88_01,0001,8,1496,1058,1795,1158,315.2792,358.2707,18.49
slo_88_01,0001,9,1795,1158,1867,1295,154.7676,175.8717,62.28
slo_88_01,0001,10,1867,1295,1661,1436,249.6337,283.6738,-34.39
slo_88_01,0001,11,1661,1436,1503,1448,158.4550,180.0620,-4.34
slo_88_01,0001,12,1503,1448,1452,1545,109.5901,124.5339,-62.27
slo_88_01,0001,13,1452,1545,1747,1648,312.4644,355.0720,19.25
slo_88_01,0001,14,1747,1648,1790,1718,82.1523,93.3546,58.44
slo_88_01,0001,15,1790,1718,1636,1827,188.6717,214.3989,-35.29
slo_88_01,0001,16,1636,1827,1457,1843,179.7137,204.2194,-5.11
slo_88_01,0001,17,1457,1843,1392,1962,135.5950,154.0847,-61.36
slo_88_01,0001,18,1392,1962,1665,2047,285.9266,324.9155,17.29
slo_88_01,0002,0,1640,0,1720,158,177.0988,201.2480,63.15
slo_88_01,0002,1,1720,158,1489,215,237.9286,270.3725,-13.86
slo_88_01,0002,2,1489,215,1427,334,134.1827,152.4799,-62.48
slo_88_01,0002,3,1463,395,1711,486,264.1685,300.1905,20.15
slo_88_01,0002,4,1711,486,1822,652,199.6923,226.9223,56.23
slo_88_01,0002,5,1822,652,1524,756,315.6264,358.6652,-19.24
slo_88_01,0002,6,1524,756,1447,841,114.6909,130.3301,-47.83
slo_88_01,0002,7,1482,904,1706,995,241.7788,274.7478,22.11
slo_88_01,0002,8,1706,995,1779,1143,165.0242,187.5269,63.75
slo_88_01,0002,9,1779,1143,1549,1223,243.5159,276.7217,-19.18
slo_88_01,0002,10,1549,1223,1482,1332,127.9453,145.3919,-58.42
slo_88_01,0002,11,1519,1393,1761,1481,257.5034,292.6166,19.98
slo_88_01,0002,12,1761,1481,1834,1605,143.8923,163.5135,59.51
slo_88_01,0002,13,1834,1605,1495,1801,391.5827,444.9789,-30.04
slo_88_01,0002,14,1490,1850,1778,1946,303.5787,344.9746,18.43
slo_88_01,0002,15,1778,1946,1853,2047,125.8014,142.9557,53.40
slo_88_01,0003,0,1501,65,1718,148,232.3317,264.0124,20.93
slo_88_01,0003,1,1718,148,1813,298,177.5528,201.7639,57.65
slo_88_01,0003,2,1824,298,1799,336,45.4863,51.6888,-56.66
slo_88_01,0003,3,1788,335,1536,406,261.8110,297.5115,-15.73
slo_88_01,0003,4,1536,406,1466,515,129.5415,147.2058,-57.29
slo_88_01,0003,5,1475,545,1703,671,260.4995,296.0212,28.93
slo_88_01,0003,6,1703,671,1784,824,173.1185,196.7249,62.10
slo_88_01,0003,7,1784,824,1552,889,240.9336,273.7873,-15.65
slo_88_01,0003,8,1552,889,1489,1008,134.6477,153.0082,-62.10
slo_88_01,0003,9,1501,1034,1761,1147,283.4943,322.1515,23.49
slo_88_01,0003,10,1761,1147,1853,1295,174.2642,198.0268,58.13
slo_88_01,0003,11,1884,1302,1820,1342,75.4718,85.7632,-32.01
slo_88_01,0003,12,1851,1349,1585,1433,278.9480,316.9854,-17.53
slo_88_01,0003,13,1585,1433,1506,1519,116.7776,132.7014,-47.43
slo_88_01,0003,14,1520,1547,1759,1659,263.9413,299.9323,25.11
slo_88_01,0003,15,1759,1659,1839,1801,162.9847,185.2093,60.60
slo_88_01,0003,16,1826,1833,1603,1903,233.7285,265.5997,-17.43
slo_88_01,0003,17,1603,1903,1541,2004,118.5116,134.6718,-58.46
slo_88_01,0004,0,1200,29,1024,31,176.0114,200.0123,-0.65
slo_88_01,0004,1,1767,0,1713,62,82.2192,93.4306,-48.95
slo_88_01,0004,2,1713,62,1521,91,194.1778,220.6558,-8.59
slo_88_01,0004,3,1521,91,1435,208,145.2067,165.0071,-53.68
slo_88_01,0004,4,1448,238,1718,363,297.5315,338.1029,24.84
slo_88_01,0004,5,1718,363,1799,520,176.6635,200.7534,62.71
slo_88_01,0004,6,1799,520,1520,623,297.4054,337.9597,-20.26
slo_88_01,0004,7,1520,623,1432,765,167.0569,189.8368,-58.21
slo_88_01,0004,8,1495,781,1690,847,205.8665,233.9384,18.70
slo_88_01,0004,9,1690,847,1808,1002,194.8050,221.3686,52.72
slo_88_01,0004,10,1808,1002,1761,1072,84.3149,95.8121,-56.12
slo_88_01,0004,11,1761,1072,1534,1125,233.1051,264.8913,-13.14
slo_88_01,0004,12,1534,1125,1464,1225,122.0656,138.7104,-55.01
slo_88_01,0004,13,1473,1258,1693,1387,255.0314,289.8074,30.39
slo_88_01,0004,14,1693,1387,1778,1541,175.9005,199.8863,61.10
slo_88_01,0004,15,1778,1541,1545,1609,242.7200,275.8173,-16.27
slo_88_01,0004,16,1545,1609,1482,1728,134.6477,153.0082,-62.10
slo_88_01,0004,17,1495,1754,1753,1865,280.8647,319.1635,23.28
slo_88_01,0004,18,1753,1865,1871,2047,216.9055,246.4827,57.04
slo_88_01,0004,19,1071,2047,1201,1966,153.1698,174.0561,-31.93
slo_88_01,0005,0,1444,58,1669,154,244.6242,277.9812,23.11
slo_88_01,0005,1,1669,154,1734,300,159.8155,181.6080,66.00
slo_88_01,0005,2,1748,287,1728,329,46.5188,52.8621,-64.54
slo_88_01,0005,3,1713,341,1522,381,195.1435,221.7533,-11.83
slo_88_01,0005,4,1522,381,1425,512,163.0031,185.2302,-53.48
slo_88_01,0005,5,1447,567,1674,655,243.4605,276.6587,21.19
slo_88_01,0005,6,1674,655,1762,808,176.5021,200.5700,60.09
slo_88_01,0005,7,1772,807,1750,847,45.6508,51.8758,-61.19
slo_88_01,0005,8,1739,847,1513,905,233.3238,265.1398,-14.39
slo_88_01,0005,9,1513,905,1431,1023,143.6941,163.2882,-55.20
slo_88_01,0005,10,1470,1086,1710,1175,255.9707,290.8749,20.35
slo_88_01,0005,11,1710,1175,1792,1333,178.0112,202.2848,62.57
slo_88_01,0005,12,1792,1333,1512,1439,299.3927,340.2179,-20.74
slo_88_01,0005,13,1512,1439,1426,1581,166.0120,188.6495,-58.80
slo_88_01,0005,14,1488,1595,1685,1662,208.0817,236.4557,18.78
slo_88_01,0005,15,1685,1662,1793,1796,172.1046,195.5728,51.13
slo_88_01,0005,16,1793,1796,1767,1874,82.2192,93.4306,-71.57
slo_88_01,0005,17,1767,1874,1521,1941,254.9608,289.7272,-15.24
slo_88_01,0005,18,1521,1941,1453,2047,125.9365,143.1092,-57.32
slo_88_01,0006,0,1699,0,1717,83,84.9294,96.5104,77.76
slo_88_01,0006,1,1686,106,1416,188,282.1772,320.6549,-16.89
slo_88_01,0006,2,1416,188,1368,282,105.5462,119.9385,-62.95
slo_88_01,0006,3,1387,312,1618,421,255.4251,290.2549,25.26
slo_88_01,0006,4,1618,421,1706,563,167.0569,189.8368,58.21
slo_88_01,0006,5,1701,606,1468,672,242.1673,275.1892,-15.82
slo_88_01,0006,6,1468,672,1397,787,135.1518,153.5811,-58.31
slo_88_01,0006,7,1413,818,1657,944,274.6125,312.0586,27.31
slo_88_01,0006,8,1657,944,1732,1089,163.2483,185.5088,62.65
slo_88_01,0006,9,1742,1085,1721,1131,50.5668,57.4621,-65.46
slo_88_01,0006,10,1710,1133,1515,1179,200.3522,227.6722,-13.27
slo_88_01,0006,11,1515,1179,1417,1315,167.6305,190.4886,-54.22
slo_88_01,0006,12,1426,1339,1679,1462,281.3148,319.6749,25.93
slo_88_01,0006,13,1679,1462,1755,1601,158.4203,180.0225,61.33
slo_88_01,0006,14,1755,1601,1699,1673,91.2140,103.6520,-52.13
slo_88_01,0006,15,1699,1673,1505,1704,196.4612,223.2506,-9.08
slo_88_01,0006,16,1505,1704,1422,1819,141.8238,161.1629,-54.18
slo_88_01,0006,17,1433,1849,1717,1998,320.7133,364.4457,27.68
slo_88_01,0007,0,1343,0,1377,92,98.0816,111.4560,69.72
slo_88_01,0007,1,1377,92,1590,182,231.2336,262.7647,22.91
slo_88_01,0007,2,1590,182,1666,326,162.8251,185.0279,62.18
slo_88_01,0007,3,1666,326,1577,406,119.6704,135.9886,-41.95
slo_88_01,0007,4,1577,406,1388,442,192.3980,218.6334,-10.78
slo_88_01,0007,5,1390,490,1351,566,85.4225,97.0707,-62.84
slo_88_01,0007,6,1378,601,1607,679,241.9194,274.9075,18.81
slo_88_01,0007,7,1607,679,1713,847,198.6454,225.7327,57.75
slo_88_01,0007,8,1713,847,1566,942,175.0257,198.8922,-32.87
slo_88_01,0007,9,1566,942,1415,962,152.3187,173.0889,-7.54
slo_88_01,0007,10,1415,962,1364,1058,108.7060,123.5292,-62.02
slo_88_01,0007,11,1364,1058,1617,1202,291.1099,330.8057,29.65
slo_88_01,0007,12,1617,1202,1699,1323,146.1677,166.0991,55.88
slo_88_01,0007,13,1699,1323,1672,1403,84.4334,95.9467,-71.35
slo_88_01,0007,14,1672,1403,1464,1451,213.4666,242.5749,-12.99
slo_88_01,0007,15,1464,1451,1390,1563,134.2386,152.5434,-56.55
slo_88_01,0007,16,1426,1627,1660,1731,256.0703,290.9880,23.96
slo_88_01,0007,17,1660,1731,1725,1847,132.9699,151.1017,60.74
slo_88_01,0007,18,1725,1847,1690,1923,83.6720,95.0815,-65.27
slo_88_01,0007,19,1690,1923,1511,1954,181.6645,206.4363,-9.83
slo_88_01,0007,20,1511,1954,1440,2047,117.0043,132.9590,-52.64
slo_88_01,0008,0,1585,0,1619,111,116.0905,131.9206,72.97
slo_88_01,0008,1,1619,111,1382,185,248.2841,282.1401,-17.34
slo_88_01,0008,2,1382,185,1327,286,115.0043,130.6863,-61.43
slo_88_01,0008,3,1359,361,1576,459,238.1029,270.5706,24.30
slo_88_01,0008,4,1576,459,1644,610,165.6050,188.1868,65.76
slo_88_01,0008,5,1644,610,1400,689,256.4703,291.4426,-17.94
slo_88_01,0008,6,1400,689,1342,789,115.6028,131.3664,-59.89
slo_88_01,0008,7,1342,789,1384,868,89.4707,101.6709,62.00
slo_88_01,0008,8,1384,868,1598,964,234.5464,266.5291,24.16
slo_88_01,0008,9,1598,964,1664,1118,167.5470,190.3937,66.80
slo_88_01,0008,10,1664,1118,1464,1210,220.1454,250.1644,-24.70
slo_88_01,0008,11,1601,1160,1397,1220,212.6405,241.6362,-16.39
slo_88_01,0008,12,1397,1220,1351,1304,95.7706,108.8298,-61.29
slo_88_01,0008,13,1373,1377,1617,1466,259.7249,295.1409,20.04
slo_88_01,0008,14,1617,1466,1709,1629,187.1710,212.6937,60.56
slo_88_01,0008,15,1709,1629,1415,1744,315.6913,358.7390,-21.36
slo_88_01,0008,16,1415,1744,1367,1832,100.2397,113.9084,-61.39
slo_88_01,0008,17,1381,1860,1635,2005,292.4739,332.3557,29.72
slo_88_01,0009,0,1553,0,1570,112,113.2828,128.7301,81.37
slo_88_01,0009,1,1570,112,1351,169,226.2963,257.1540,-14.59
slo_88_01,0009,2,1351,169,1284,303,149.8166,170.2455,-63.43
slo_88_01,0009,3,1284,303,1521,397,254.9608,289.7272,21.63
slo_88_01,0009,4,1521,397,1591,547,165.5295,188.1010,64.98
slo_88_01,0009,5,1591,547,1370,617,231.8211,263.4322,-17.58
slo_88_01,0009,6,1370,617,1299,736,138.5713,157.4669,-59.18
slo_88_01,0009,7,1308,763,1532,874,249.9940,284.0832,26.36
slo_88_01,0009,8,1532,874,1614,1033,178.8994,203.2941,62.72
slo_88_01,0009,9,1614,1033,1377,1112,249.8199,283.8854,-18.43
slo_88_01,0009,10,1377,1112,1321,1214,116.3615,132.2286,-61.23
slo_88_01,0009,11,1321,1214,1355,1290,83.2586,94.6118,65.90
slo_88_01,0009,12,1355,1290,1566,1385,231.4001,262.9538,24.24
slo_88_01,0009,13,1566,1385,1636,1537,167.3440,190.1630,65.27
slo_88_01,0009,14,1636,1537,1391,1621,259.0000,294.3172,-18.92
slo_88_01,0009,15,1391,1621,1333,1717,112.1606,127.4548,-58.86
slo_88_01,0009,16,1369,1789,1579,1882,229.6715,260.9895,23.89
slo_88_01,0009,17,1579,1882,1653,2047,180.8342,205.4927,65.84
slo_88_01,0010,0,1616,0,1297,86,330.3892,375.4410,-15.09
slo_88_01,0010,1,1297,86,1241,235,159.1760,180.8812,-69.40
slo_88_01,0010,2,1250,268,1490,352,254.2754,288.9484,19.29
slo_88_01,0010,3,1490,352,1564,479,146.9864,167.0295,59.77
slo_88_01,0010,4,1564,479,1476,555,116.2755,132.1309,-40.82
slo_88_01,0010,5,1476,555,1299,577,178.3620,202.6834,-7.09
slo_88_01,0010,6,1299,577,1235,698,136.8832,155.5485,-62.12
slo_88_01,0010,7,1226,718,1499,807,287.1411,326.2956,18.06
slo_88_01,0010,8,1499,807,1571,922,135.6798,154.1811,57.95
slo_88_01,0010,9,1523,997,1345,1024,180.0361,204.5858,-8.63
slo_88_01,0010,10,1345,1024,1276,1155,148.0608,168.2504,-62.22
slo_88_01,0010,11,1276,1155,1513,1253,256.4625,291.4337,22.47
slo_88_01,0010,12,1513,1253,1581,1371,136.1910,154.7621,60.05
slo_88_01,0010,13,1581,1371,1538,1448,88.1930,100.2190,-60.82
slo_88_01,0010,14,1538,1448,1362,1474,177.9101,202.1699,-8.40
slo_88_01,0010,15,1362,1474,1290,1592,138.2317,157.0810,-58.61
slo_88_01,0010,16,1299,1621,1539,1747,271.0646,308.0269,27.70
slo_88_01,0010,17,1539,1747,1606,1885,153.4047,174.3230,64.10
slo_88_01,0010,18,1585,1908,1374,1965,218.5635,248.3668,-15.12
slo_88_01,0010,19,1374,1965,1323,2047,96.5660,109.7338,-58.12
slo_88_01,0011,0,1279,0,1568,133,318.1352,361.5161,24.71
slo_88_01,0011,1,1568,133,1645,284,169.4993,192.6122,62.98
slo_88_01,0011,2,1645,284,1402,361,254.9078,289.6671,-17.58
slo_88_01,0011,3,1402,361,1285,537,211.3410,240.1594,-56.39
slo_88_01,0011,4,1285,537,1540,627,270.4163,307.2903,19.44
slo_88_01,0011,5,1540,627,1675,808,225.8008,256.5910,53.28
slo_88_01,0011,6,1675,808,1389,896,299.2324,340.0357,-17.10
slo_88_01,0011,7,1389,896,1332,1042,156.7323,178.1043,-68.67
slo_88_01,0011,8,1341,1070,1584,1158,258.4434,293.6848,19.91
slo_88_01,0011,9,1584,1158,1655,1261,125.1000,142.1586,55.42
slo_88_01,0011,10,1655,1261,1600,1353,107.1868,121.8027,-59.13
slo_88_01,0011,11,1600,1353,1391,1388,211.9104,240.8065,-9.51
slo_88_01,0011,12,1391,1388,1325,1504,133.4616,151.6604,-60.36
slo_88_01,0011,13,1325,1504,1584,1607,278.7293,316.7368,21.69
slo_88_01,0011,14,1584,1607,1660,1707,125.6025,142.7297,52.77
slo_88_01,0011,15,1660,1707,1619,1804,105.3091,119.6690,-67.09
slo_88_01,0011,16,1619,1804,1435,1835,186.5931,212.0370,-9.56
slo_88_01,0011,17,1435,1835,1371,1957,137.7679,156.5540,-62.32
slo_88_01,0011,18,1371,1957,1583,2047,230.3128,261.7183,23.00
slo_88_01,0012,0,1407,26,1295,207,212.8497,241.8739,-58.25
slo_88_01,0012,1,1307,242,1535,325,242.6376,275.7237,20.00
slo_88_01,0012,2,1535,325,1631,502,201.3579,228.8151,61.53
slo_88_01,0012,3,1631,502,1367,597,280.5726,318.8315,-19.79
slo_88_01,0012,4,1367,597,1295,753,171.8139,195.2424,-65.22
slo_88_01,0012,5,1295,753,1541,845,262.6404,298.4541,20.50
slo_88_01,0012,6,1541,845,1642,1026,207.2728,235.5365,60.84
slo_88_01,0012,7,1642,1026,1407,1101,246.6779,280.3149,-17.70
slo_88_01,0012,8,1407,1101,1296,1271,203.0296,230.7147,-56.86
slo_88_01,0012,9,1296,1271,1536,1366,258.1182,293.3152,21.60
slo_88_01,0012,10,1536,1366,1668,1550,226.4509,257.3297,54.34
slo_88_01,0012,11,1668,1550,1396,1634,284.6753,323.4936,-17.16
slo_88_01,0012,12,1396,1634,1335,1775,153.6294,174.5783,-66.61
slo_88_01,0012,13,1341,1807,1586,1900,262.0572,297.7914,20.79
slo_88_01,0012,14,1586,1900,1648,2047,159.5400,181.2948,67.13
slo_88_01,0013,0,1403,0,1586,127,222.7510,253.1253,34.76
slo_88_01,0013,1,1468,33,1619,199,224.4037,255.0033,47.71
slo_88_01,0013,2,1549,245,1355,296,200.5916,227.9443,-14.73
slo_88_01,0013,3,1355,296,1287,444,162.8742,185.0837,-65.32
slo_88_01,0013,4,1302,481,1488,557,200.9278,228.3264,22.23
slo_88_01,0013,5,1488,557,1589,724,195.1666,221.7795,58.83
slo_88_01,0013,6,1617,730,1403,785,220.9547,251.0841,-14.41
slo_88_01,0013,7,1403,785,1290,965,212.5300,241.5106,-57.88
slo_88_01,0013,8,1299,1003,1538,1097,256.8209,291.8411,21.47
slo_88_01,0013,9,1538,1097,1624,1265,188.7326,214.4682,62.89
slo_88_01,0013,10,1624,1265,1359,1364,282.8887,321.4634,-20.48
slo_88_01,0013,11,1359,1364,1287,1487,142.5237,161.9582,-59.66
slo_88_01,0013,12,1293,1513,1537,1611,262.9449,298.8000,21.88
slo_88_01,0013,13,1537,1611,1632,1790,202.6475,230.2805,62.04
slo_88_01,0013,14,1632,1790,1394,1867,250.1460,284.2559,-17.93
slo_88_01,0013,15,1394,1867,1281,2047,212.5300,241.5106,-57.88
slo_88_01,0014,0,1541,0,1312,69,239.1694,271.7825,-16.77
slo_88_01,0014,1,1312,69,1248,197,143.1084,162.6226,-63.43
slo_88_01,0014,2,1261,224,1492,339,258.0426,293.2293,26.47
slo_88_01,0014,3,1492,339,1574,498,178.8994,203.2941,62.72
slo_88_01,0014,4,1574,498,1351,567,233.4309,265.2616,-17.19
slo_88_01,0014,5,1351,567,1274,724,174.8657,198.7103,-63.87
slo_88_01,0014,6,1284,757,1494,839,225.4418,256.1830,21.33
slo_88_01,0014,7,1494,839,1617,1008,209.0215,237.5237,53.95
slo_88_01,0014,8,1617,1008,1423,1087,209.4684,238.0315,-22.16
slo_88_01,0014,9,1569,1045,1354,1095,220.7374,250.8372,-13.09
slo_88_01,0014,10,1354,1095,1277,1216,143.4225,162.9795,-57.53
slo_88_01,0014,11,1286,1253,1566,1451,342.9344,389.6969,35.27
slo_88_01,0014,12,1382,1297,1609,1526,322.4438,366.4122,45.25
slo_88_01,0014,13,1591,1553,1395,1590,199.4618,226.6604,-10.69
slo_88_01,0014,14,1395,1590,1279,1743,192.0026,218.1841,-52.83
slo_88_01,0014,15,1295,1807,1524,1890,243.5775,276.7917,19.92
slo_88_01,0014,16,1524,1890,1614,2047,180.9668,205.6435,60.18
slo_88_01,0015,0,1237,0,1238,130,130.0038,147.7312,89.56
slo_88_01,0015,1,1238,130,1479,233,262.0878,297.8261,23.14
slo_88_01,0015,2,1479,233,1544,368,149.8332,170.2645,64.29
slo_88_01,0015,3,1544,368,1426,445,140.9007,160.1139,-33.13
slo_88_01,0015,4,1426,445,1284,457,142.5061,161.9383,-4.83
slo_88_01,0015,5,1284,457,1216,577,137.9275,156.7353,-60.46
slo_88_01,0015,6,1243,582,1255,646,65.1153,73.9944,79.38
slo_88_01,0015,7,1255,646,1453,722,212.0849,241.0048,21.00
slo_88_01,0015,8,1453,722,1571,879,196.4001,223.1812,53.07
slo_88_01,0015,9,1571,879,1383,947,199.9200,227.1811,-19.89
slo_88_01,0015,10,1528,915,1312,956,219.8568,249.8364,-10.75
slo_88_01,0015,11,1312,956,1246,1079,139.5887,158.6230,-61.78
slo_88_01,0015,12,1276,1143,1490,1232,231.7693,263.3733,22.58
slo_88_01,0015,13,1490,1232,1567,1376,163.2942,185.5610,61.87
slo_88_01,0015,14,1567,1376,1491,1444,101.9804,115.8864,-41.82
slo_88_01,0015,15,1491,1444,1348,1457,143.5897,163.1696,-5.19
slo_88_01,0015,16,1348,1457,1263,1590,157.8417,179.3650,-57.42
slo_88_01,0015,17,1280,1649,1497,1737,234.1645,266.0951,22.07
slo_88_01,0015,18,1497,1737,1607,1902,198.3053,225.3462,56.31
slo_88_01,0015,19,1607,1902,1328,2013,300.2699,341.2147,-21.70
slo_89_01,0001,0,1409,0,1307,121,158.2561,179.8359,-49.87
slo_89_01,0001,1,1331,182,1572,251,250.6831,284.8662,15.98
slo_89_01,0001,2,1572,251,1692,426,212.1910,241.1253,55.56
slo_89_01,0001,3,1701,426,1662,470,58.7963,66.8137,-48.45
slo_89_01,0001,4,1653,469,1480,511,178.0253,202.3008,-13.65
slo_89_01,0001,5,1480,511,1413,648,152.5057,173.3014,-63.94
slo_89_01,0001,6,1413,648,1639,758,251.3484,285.6222,25.95
slo_89_01,0001,7,1639,758,1713,895,155.7081,176.9404,61.62
slo_89_01,0001,8,1713,895,1662,959,81.8352,92.9942,-51.45
slo_89_01,0001,9,1662,959,1420,1003,245.9675,279.5076,-10.30
slo_89_01,0001,10,1420,1003,1334,1124,148.4486,168.6911,-54.60
slo_89_01,0001,11,1334,1124,1652,1233,336.1622,382.0012,18.92
slo_89_01,0001,12,1652,1233,1751,1388,183.9185,208.9976,57.43
slo_89_01,0001,13,1751,1388,1694,1457,89.4986,101.7026,-50.44
slo_89_01,0001,14,1694,1457,1458,1506,241.0332,273.9005,-11.73
slo_89_01,0001,15,1458,1506,1363,1618,146.8639,166.8902,-49.69
slo_89_01,0001,16,1363,1618,1682,1698,328.8784,373.7243,14.08
slo_89_01,0001,17,1682,1698,1744,1814,131.5295,149.4648,61.88
slo_89_01,0001,18,1744,1814,1442,1926,322.0994,366.0208,-20.35
slo_89_01,0001,19,1631,1872,1362,1935,276.2788,313.9522,-13.18
slo_89_01,0001,20,1362,1935,1320,2018,93.0215,105.7059,-63.16
slo_89_01,0002,0,1401,0,1265,155,206.2062,234.3245,-48.74
slo_89_01,0002,1,1291,184,1575,279,299.4679,340.3033,18.50
slo_89_01,0002,2,1575,279,1668,444,189.4043,215.2315,60.59
slo_89_01,0002,3,1668,444,1382,529,298.3639,339.0488,-16.55
slo_89_01,0002,4,1382,529,1296,643,142.8006,162.2728,-52.97
slo_89_01,0002,5,1338,705,1589,784,263.1387,299.0203,17.47
slo_89_01,0002,6,1589,784,1677,951,188.7671,214.5073,62.21
slo_89_01,0002,7,1677,951,1401,1025,285.7481,324.7128,-15.01
slo_89_01,0002,8,1401,1025,1296,1151,164.0152,186.3804,-50.19
slo_89_01,0002,9,1324,1206,1565,1274,250.4097,284.5555,15.76
slo_89_01,0002,10,1565,1274,1665,1389,152.3975,173.1784,48.99
slo_89_01,0002,11,1665,1389,1678,1472,84.0119,95.4678,81.10
slo_89_01,0002,12,1678,1472,1470,1536,217.6235,247.2987,-17.10
slo_89_01,0002,13,1470,1536,1396,1653,138.4377,157.3151,-57.69
slo_89_01,0002,14,1396,1653,1632,1782,268.9554,305.6301,28.66
slo_89_01,0002,15,1632,1782,1694,1935,165.0848,187.5958,67.94
slo_89_01,0002,16,1718,1926,1691,1960,43.4166,49.3369,-51.55
slo_89_01,0002,17,1667,1969,1395,2047,282.9629,321.5477,-16.00
slo_89_01,0003,0,1275,0,1521,72,256.3201,291.2719,16.31
slo_89_01,0003,1,1521,72,1686,246,239.7937,272.4919,46.52
slo_89_01,0003,2,1686,246,1435,333,265.6501,301.8742,-19.12
slo_89_01,0003,3,1367,337,1267,454,153.9123,174.8998,-49.48
slo_89_01,0003,4,1289,531,1473,604,197.9520,224.9448,21.64
slo_89_01,0003,5,1473,604,1572,754,179.7248,204.2321,56.58
slo_89_01,0003,6,1572,754,1385,802,193.0622,219.3881,-14.40
slo_89_01,0003,7,1385,802,1262,968,206.6035,234.7759,-53.46
slo_89_01,0003,8,1285,1026,1546,1095,269.9667,306.7793,14.81
slo_89_01,0003,9,1546,1095,1709,1269,238.4219,270.9331,46.87
slo_89_01,0003,10,1709,1269,1374,1355,345.8627,393.0245,-14.40
slo_89_01,0003,11,1374,1355,1288,1461,136.4991,155.1121,-50.95
slo_89_01,0003,12,1288,1461,1327,1531,80.1311,91.0578,60.88
slo_89_01,0003,13,1327,1531,1576,1612,261.8435,297.5484,18.02
slo_89_01,0003,14,1576,1612,1670,1763,177.8679,202.1220,58.10
slo_89_01,0003,15,1670,1763,1382,1855,302.3376,343.5643,-17.72
slo_89_01,0003,16,1382,1855,1284,1975,154.9322,176.0588,-50.76
slo_89_01,0004,0,1497,0,1571,70,101.8627,115.7526,43.41
slo_89_01,0004,1,1571,70,1367,101,206.3419,234.4787,-8.64
slo_89_01,0004,2,1367,101,1242,265,206.2062,234.3245,-52.69
slo_89_01,0004,3,1255,333,1496,400,250.1400,284.2490,15.54
slo_89_01,0004,4,1496,400,1638,577,226.9207,257.8636,51.26
slo_89_01,0004,5,1638,577,1361,645,285.2245,324.1177,-13.79
slo_89_01,0004,6,1361,645,1252,780,173.5108,197.1707,-51.08
slo_89_01,0004,7,1275,840,1517,907,251.1036,285.3440,15.48
slo_89_01,0004,8,1517,907,1685,1099,255.1235,289.9121,48.81
slo_89_01,0004,9,1685,1099,1360,1173,333.3182,378.7694,-12.83
slo_89_01,0004,10,1360,1173,1260,1288,152.3975,173.1784,-48.99
slo_89_01,0004,11,1279,1364,1468,1441,204.0833,231.9121,22.17
slo_89_01,0004,12,1468,1441,1564,1595,181.4718,206.2173,58.06
slo_89_01,0004,13,1564,1595,1377,1637,191.6586,217.7931,-12.66
slo_89_01,0004,14,1377,1637,1255,1804,206.8163,235.0178,-53.85
slo_89_01,0004,15,1282,1864,1544,1932,270.6806,307.5906,14.55
slo_89_01,0004,16,1544,1932,1641,2047,150.4460,170.9608,49.85
slo_89_01,0005,0,1224,70,1440,128,223.6515,254.1486,15.03
slo_89_01,0005,1,1440,128,1624,305,255.3135,290.1281,43.89
slo_89_01,0005,2,1624,305,1478,402,175.2855,199.1874,-33.60
slo_89_01,0005,3,1478,402,1309,406,169.0473,192.0986,-1.36
slo_89_01,0005,4,1309,406,1212,535,161.4001,183.4086,-53.06
slo_89_01,0005,5,1220,568,1483,742,315.3490,358.3500,33.49
slo_89_01,0005,6,1570,829,1360,862,212.5770,241.5641,-8.93
slo_89_01,0005,7,1360,862,1235,1026,206.2062,234.3245,-52.69
slo_89_01,0005,8,1248,1094,1490,1162,251.3722,285.6494,15.69
slo_89_01,0005,9,1490,1162,1630,1337,224.1093,254.6689,51.34
slo_89_01,0005,10,1630,1337,1356,1408,283.0495,321.6461,-14.53
slo_89_01,0005,11,1356,1408,1249,1569,193.3132,219.6734,-56.39
slo_89_01,0005,12,1265,1601,1510,1669,254.2617,288.9328,15.51
slo_89_01,0005,13,1510,1669,1675,1855,248.6383,282.5426,48.42
slo_89_01,0005,14,1675,1855,1352,1934,332.5207,377.8632,-13.74
slo_89_01,0005,15,1352,1934,1255,2047,148.9228,169.2299,-49.36
slo_89_01,0006,0,1560,0,1628,71,98.3107,111.7164,46.24
slo_89_01,0006,1,1628,71,1355,126,278.4852,316.4594,-11.39
slo_89_01,0006,2,1355,126,1250,269,177.4091,201.6006,-53.71
slo_89_01,0006,3,1256,336,1478,402,231.6031,263.1845,16.56
slo_89_01,0006,4,1478,402,1635,591,245.7031,279.2071,50.28
slo_89_01,0006,5,1606,616,1374,652,234.7765,266.7906,-8.82
slo_89_01,0006,6,1374,652,1253,792,185.0432,210.2757,-49.16
slo_89_01,0006,7,1273,856,1503,922,239.2823,271.9108,16.01
slo_89_01,0006,8,1503,922,1659,1105,240.4683,273.2585,49.55
slo_89_01,0006,9,1659,1105,1486,1206,200.3247,227.6410,-30.28
slo_89_01,0006,10,1486,1206,1360,1197,126.3210,143.5462,-355.91
slo_89_01,0006,11,1360,1197,1262,1323,159.6246,181.3910,-52.13
slo_89_01,0006,12,1269,1357,1534,1535,319.2319,362.7624,33.89
slo_89_01,0006,13,1620,1622,1413,1650,208.8851,237.3687,-7.70
slo_89_01,0006,14,1413,1650,1284,1816,210.2308,238.8979,-52.15
slo_89_01,0006,15,1299,1881,1538,1948,248.2136,282.0600,15.66
slo_89_01,0006,16,1538,1948,1626,2047,132.4575,150.5195,48.37
slo_89_01,0007,0,1238,0,1240,89,89.0225,101.1616,88.71
slo_89_01,0007,1,1240,89,1506,173,278.9480,316.9854,17.53
slo_89_01,0007,2,1506,173,1585,318,165.1242,187.6405,61.42
slo_89_01,0007,3,1597,309,1566,342,45.2769,51.4509,-46.79
slo_89_01,0007,4,1553,349,1337,399,221.7115,251.9441,-13.03
slo_89_01,0007,5,1337,399,1267,579,193.1321,219.4676,-68.75
slo_89_01,0007,6,1267,579,1492,645,234.4803,266.4540,16.35
slo_89_01,0007,7,1492,645,1668,833,257.5267,292.6430,46.89
slo_89_01,0007,8,1668,833,1389,882,283.2702,321.8969,-9.96
slo_89_01,0007,9,1389,882,1282,1024,177.8004,202.0453,-53.00
slo_89_01,0007,10,1290,1093,1520,1168,241.9194,274.9075,18.06
slo_89_01,0007,11,1520,1168,1667,1348,232.3984,264.0882,50.76
slo_89_01,0007,12,1639,1376,1407,1412,234.7765,266.7906,-8.82
slo_89_01,0007,13,1407,1412,1285,1550,184.1955,209.3125,-48.52
slo_89_01,0007,14,1304,1613,1543,1686,249.9000,283.9763,16.98
slo_89_01,0007,15,1543,1686,1689,1860,227.1387,258.1114,50.00
slo_89_01,0007,16,1689,1860,1544,1952,171.7236,195.1398,-32.39
slo_89_01,0007,17,1544,1952,1393,1954,151.0132,171.6054,-0.76
slo_89_01,0007,18,1393,1954,1321,2047,117.6138,133.6516,-52.25
slo_89_01,0008,0,1546,0,1601,127,138.3980,157.2699,66.58
slo_89_01,0008,1,1601,127,1348,193,261.4670,297.1207,-14.62
slo_89_01,0008,2,1348,193,1238,352,193.3417,219.7057,-55.32
slo_89_01,0008,3,1238,352,1512,436,286.5868,325.6658,17.04
slo_89_01,0008,4,1512,436,1613,557,157.6135,179.1056,50.15
slo_89_01,0008,5,1613,557,1580,642,91.1811,103.6146,-68.78
slo_89_01,0008,6,1580,642,1372,672,210.1523,238.8087,-8.21
slo_89_01,0008,7,1372,672,1280,805,161.7189,183.7709,-55.33
slo_89_01,0008,8,1303,869,1552,947,260.9310,296.5116,17.39
slo_89_01,0008,9,1552,947,1643,1096,174.5910,198.3982,58.59
slo_89_01,0008,10,1610,1130,1396,1185,220.9547,251.0841,-14.41
slo_89_01,0008,11,1396,1185,1314,1302,142.8741,162.3564,-54.98
slo_89_01,0008,12,1335,1372,1551,1435,225.0000,255.6810,16.26
slo_89_01,0008,13,1551,1435,1718,1619,248.4854,282.3689,47.77
slo_89_01,0008,14,1718,1619,1442,1670,280.6724,318.9449,-10.47
slo_89_01,0008,15,1442,1670,1332,1812,179.6218,204.1151,-52.24
slo_89_01,0008,16,1341,1875,1559,1941,227.7718,258.8308,16.84
slo_89_01,0008,17,1559,1941,1658,2047,145.0414,164.8192,46.96
slo_89_01,0009,0,1627,0,1374,70,262.5052,298.3005,-15.47
slo_89_01,0009,1,1374,70,1311,199,143.5618,163.1379,-63.97
slo_89_01,0009,2,1320,224,1587,306,279.3081,317.3945,17.07
slo_89_01,0009,3,1587,306,1667,426,144.2221,163.8882,56.31
slo_89_01,0009,4,1661,469,1461,535,210.6086,239.3272,-18.26
slo_89_01,0009,5,1461,535,1351,664,169.5317,192.6491,-49.55
slo_89_01,0009,6,1351,664,1573,749,237.7162,270.1312,20.95
slo_89_01,0009,7,1573,749,1665,900,176.8191,200.9302,58.65
slo_89_01,0009,8,1665,900,1410,974,265.5202,301.7266,-16.18
slo_89_01,0009,9,1410,974,1298,1133,194.4865,221.0067,-54.84
slo_89_01,0009,10,1298,1133,1574,1218,288.7923,328.1720,17.12
slo_89_01,0009,11,1574,1218,1678,1357,173.6001,197.2722,53.20
slo_89_01,0009,12,1628,1434,1434,1454,195.0282,221.6222,-5.89
slo_89_01,0009,13,1434,1454,1339,1587,163.4442,185.7314,-54.46
slo_89_01,0009,14,1365,1651,1609,1726,255.2665,290.0747,17.09
slo_89_01,0009,15,1609,1726,1696,1851,152.2958,173.0628,55.16
slo_89_01,0009,16,1696,1851,1655,1927,86.3539,98.1291,-61.65
slo_89_01,0009,17,1655,1927,1455,1967,203.9608,231.7729,-11.31
slo_89_01,0009,18,1455,1967,1399,2047,97.6524,110.9683,-55.01
slo_89_01,0010,0,1415,0,1653,179,297.8003,338.4083,36.95
slo_89_01,0010,1,1492,41,1738,271,336.7729,382.6953,43.07
slo_89_01,0010,2,1738,271,1458,353,291.7602,331.5446,-16.32
slo_89_01,0010,3,1458,353,1387,463,130.9236,148.7764,-57.16
slo_89_01,0010,4,1395,526,1609,610,229.8956,261.2442,21.43
slo_89_01,0010,5,1609,610,1679,752,158.3161,179.9041,63.76
slo_89_01,0010,6,1679,752,1393,844,300.4330,341.4001,-17.83
slo_89_01,0010,7,1393,844,1319,951,130.0961,147.8360,-55.33
slo_89_01,0010,8,1335,1000,1606,1086,284.3185,323.0882,17.61
slo_89_01,0010,9,1606,1086,1681,1190,128.2225,145.7069,54.20
slo_89_01,0010,10,1681,1190,1659,1266,79.1202,89.9090,-73.86
slo_89_01,0010,11,1659,1266,1476,1313,188.9391,214.7029,-14.40
slo_89_01,0010,12,1476,1313,1366,1437,165.7589,188.3617,-48.42
slo_89_01,0010,13,1366,1437,1588,1527,239.5496,272.2146,22.07
slo_89_01,0010,14,1588,1527,1677,1680,177.0028,201.1389,59.81
slo_89_01,0010,15,1677,1680,1425,1752,262.0840,297.8217,-15.95
slo_89_01,0010,16,1425,1752,1312,1906,191.0105,217.0567,-53.73
slo_89_01,0010,17,1312,1906,1641,2047,357.9413,406.7502,23.20
slo_89_01,0011,0,1389,0,1316,184,197.9520,224.9448,-68.36
slo_89_01,0011,1,1316,184,1557,248,249.3532,283.3550,14.87
slo_89_01,0011,2,1557,248,1742,426,256.7275,291.7348,43.90
slo_89_01,0011,3,1742,426,1587,530,186.6574,212.1100,-33.86
slo_89_01,0011,4,1587,530,1458,547,130.1153,147.8579,-7.51
slo_89_01,0011,5,1458,547,1431,707,162.2621,184.3882,-80.42
slo_89_01,0011,6,1431,707,1589,778,173.2195,196.8397,24.20
slo_89_01,0011,7,1589,778,1759,964,251.9841,286.3447,47.57
slo_89_01,0011,8,1759,964,1469,1059,305.1639,346.7760,-18.14
slo_89_01,0011,9,1469,1059,1408,1191,145.4132,165.2417,-65.20
slo_89_01,0011,10,1412,1221,1615,1295,216.0671,245.5300,20.03
slo_89_01,0011,11,1615,1295,1700,1433,162.0771,184.1780,58.37
slo_89_01,0011,12,1700,1433,1573,1519,153.3786,174.2933,-34.10
slo_89_01,0011,13,1573,1519,1411,1542,163.6246,185.9364,-8.08
slo_89_01,0011,14,1411,1542,1336,1650,131.4876,149.4173,-55.22
slo_89_01,0011,15,1353,1696,1624,1781,284.0176,322.7462,17.41
slo_89_01,0011,16,1624,1781,1701,1891,134.2721,152.5815,55.01
slo_89_01,0011,17,1701,1891,1678,1959,71.7844,81.5729,-71.31
slo_89_01,0011,18,1678,1959,1469,2047,226.7708,257.6933,-22.83
slo_89_01,0012,0,1546,0,1624,135,155.9134,177.1738,59.98
slo_89_01,0012,1,1624,135,1461,174,167.6007,190.4547,-13.46
slo_89_01,0012,2,1461,174,1341,422,275.5068,313.0749,-64.18
slo_89_01,0012,3,1341,422,1586,472,250.0500,284.1468,11.53
slo_89_01,0012,4,1586,472,1769,667,267.4210,303.8865,46.82
slo_89_01,0012,5,1769,667,1443,742,334.5161,380.1307,-12.96
slo_89_01,0012,6,1443,742,1349,931,211.0853,239.8689,-63.56
slo_89_01,0012,7,1349,931,1592,1006,254.3108,288.9887,17.15
slo_89_01,0012,8,1592,1006,1775,1181,253.2074,287.7348,43.72
slo_89_01,0012,9,1775,1181,1623,1289,186.4618,211.8877,-35.39
slo_89_01,0012,10,1623,1289,1495,1308,129.4025,147.0478,-8.44
slo_89_01,0012,11,1495,1308,1462,1425,121.5648,138.1414,-74.25
slo_89_01,0012,12,1472,1473,1619,1534,159.1540,180.8563,22.54
slo_89_01,0012,13,1619,1534,1792,1722,255.4858,290.3239,47.38
slo_89_01,0012,14,1792,1722,1509,1812,296.9663,337.4607,-17.64
slo_89_01,0012,15,1509,1812,1440,1946,150.7216,171.2740,-62.75
slo_89_01,0012,16,1445,1978,1636,2047,203.0813,230.7734,19.86
slo_89_01,0013,0,1365,0,1340,138,140.2462,159.3702,-79.73
slo_89_01,0013,1,1340,138,1579,202,247.4207,281.1590,14.99
slo_89_01,0013,2,1579,202,1747,384,247.6853,281.4596,47.29
slo_89_01,0013,3,1747,384,1464,492,302.9076,344.2121,-20.89
slo_89_01,0013,4,1464,492,1419,657,171.0263,194.3475,-74.74
slo_89_01,0013,5,1419,657,1525,725,125.9365,143.1092,32.68
slo_89_01,0013,6,1525,725,1618,877,178.1937,202.4922,58.54
slo_89_01,0013,7,1618,877,1457,918,166.1385,188.7931,-14.29
slo_89_01,0013,8,1457,918,1341,1126,238.1596,270.6351,-60.85
slo_89_01,0013,9,1399,1003,1345,1167,172.6615,196.2056,-71.77
slo_89_01,0013,10,1345,1167,1582,1216,242.0124,275.0132,11.68
slo_89_01,0013,11,1582,1216,1761,1406,261.0383,296.6335,46.71
slo_89_01,0013,12,1761,1406,1437,1487,333.9716,379.5119,-14.04
slo_89_01,0013,13,1437,1487,1345,1640,178.5301,202.8745,-58.98
slo_89_01,0013,14,1396,1548,1352,1682,141.0390,160.2711,-71.82
slo_89_01,0013,15,1352,1682,1585,1749,242.4417,275.5011,16.04
slo_89_01,0013,16,1585,1749,1768,1929,256.6885,291.6906,44.53
slo_89_01,0013,17,1768,1929,1526,2047,269.2360,305.9490,-25.99
slo_89_01,0014,0,1386,0,1531,89,170.1352,193.3349,31.54
slo_89_01,0014,1,1531,89,1567,188,105.3423,119.7068,70.02
slo_89_01,0014,2,1567,188,1442,240,135.3846,153.8457,-22.59
slo_89_01,0014,3,1442,240,1341,469,250.2838,284.4125,-66.20
slo_89_01,0014,4,1341,469,1573,538,242.0434,275.0484,16.56
slo_89_01,0014,5,1573,538,1746,716,248.2197,282.0669,45.82
slo_89_01,0014,6,1746,716,1423,786,330.4981,375.5648,-12.23
slo_89_01,0014,7,1423,786,1338,914,153.6522,174.6042,-56.41
slo_89_01,0014,8,1344,992,1586,1064,252.4837,286.9123,16.57
slo_89_01,0014,9,1586,1064,1753,1247,247.7458,281.5285,47.62
slo_89_01,0014,10,1753,1247,1468,1358,305.8529,347.5590,-21.28
slo_89_01,0014,11,1468,1358,1423,1518,166.2077,188.8718,-74.29
slo_89_01,0014,12,1423,1518,1537,1594,137.0109,155.6938,33.69
slo_89_01,0014,13,1537,1594,1622,1737,166.3550,189.0392,59.27
slo_89_01,0014,14,1622,1737,1461,1779,166.3881,189.0768,-14.62
slo_89_01,0014,15,1461,1779,1346,1982,233.3110,265.1252,-60.47
slo_89_01,0015,0,1305,0,1308,99,99.0454,112.5513,88.26
slo_89_01,0015,1,1308,99,1593,170,293.7107,333.7611,13.99
slo_89_01,0015,2,1593,170,1670,303,153.6815,174.6375,59.93
slo_89_01,0015,3,1670,303,1557,381,137.3062,156.0293,-34.62
slo_89_01,0015,4,1557,381,1400,392,157.3849,178.8459,-4.01
slo_89_01,0015,5,1400,392,1317,518,150.8807,171.4548,-56.63
slo_89_01,0015,6,1333,596,1577,654,250.7987,284.9976,13.37
slo_89_01,0015,7,1577,654,1684,800,181.0110,205.6937,53.76
slo_89_01,0015,8,1684,800,1591,881,123.3288,140.1459,-41.05
slo_89_01,0015,9,1591,881,1434,893,157.4579,178.9289,-4.37
slo_89_01,0015,10,1434,893,1329,1035,176.6041,200.6858,-53.52
slo_89_01,0015,11,1334,1101,1508,1182,191.9297,218.1012,24.96
slo_89_01,0015,12,1508,1182,1575,1304,139.1869,158.1665,61.23
slo_89_01,0015,13,1575,1304,1448,1368,142.2146,161.6070,-26.75
slo_89_01,0015,14,1448,1368,1342,1592,247.8144,281.6064,-64.68
slo_89_01,0015,15,1342,1592,1579,1665,247.9879,281.8035,17.12
slo_89_01,0015,16,1579,1665,1721,1837,223.0426,253.4567,50.46
slo_89_01,0015,17,1721,1837,1507,1909,225.7875,256.5759,-18.60
slo_89_01,0015,18,1667,1874,1430,1914,240.3518,273.1262,-9.58
slo_89_01,0015,19,1430,1914,1340,2047,160.5895,182.4875,-55.91
