ISO-10303-21;
HEADER;
FILE_DESCRIPTION (( 'STEP AP214' ),
    '1' );
FILE_NAME ('4GAA002120202003X.STEP',
    '2021-02-01T09:00:48',
    ( '' ),
    ( '' ),
    'SwSTEP 2.0',
    'SolidWorks 2018',
    '' );
FILE_SCHEMA (( 'AUTOMOTIVE_DESIGN' ));
ENDSEC;

DATA;
#1 = ORIENTED_EDGE ( 'NONE', *, *, #4764, .F. ) ;
#2 = ORIENTED_EDGE ( 'NONE', *, *, #3525, .F. ) ;
#3 = DIRECTION ( 'NONE',  ( 0.0000000000000000000, 0.0000000000000000000, -1.000000000000000000 ) ) ;
#4 = PLANE ( 'NONE',  #2905 ) ;
#5 = CIRCLE ( 'NONE', #1296, 5.099999999999993427 ) ;
#6 = CARTESIAN_POINT ( 'NONE',  ( 120.0000000000000000, 20.00000000000001066, 99.50000000000000000 ) ) ;
#7 = ORIENTED_EDGE ( 'NONE', *, *, #2727, .F. ) ;
#8 =( GEOMETRIC_REPRESENTATION_CONTEXT ( 3 ) GLOBAL_UNCERTAINTY_ASSIGNED_CONTEXT ( ( #4732 ) ) GLOBAL_UNIT_ASSIGNED_CONTEXT ( ( #1049, #1438, #4170 ) ) REPRESENTATION_CONTEXT ( 'NONE', 'WORKASPACE' ) );
#9 = PLANE ( 'NONE',  #2967 ) ;
#10 = VECTOR ( 'NONE', #3155, 1000.000000000000000 ) ;
#11 = ADVANCED_FACE ( 'NONE', ( #2620 ), #2910, .F. ) ;
#12 = EDGE_LOOP ( 'NONE', ( #1976, #3187, #4287 ) ) ;
#13 = EDGE_CURVE ( 'NONE', #865, #3886, #3397, .T. ) ;
#14 = ORIENTED_EDGE ( 'NONE', *, *, #2734, .T. ) ;
#15 = FACE_BOUND ( 'NONE', #4090, .T. ) ;
#16 = APPLICATION_CONTEXT ( 'automotive_design' ) ;
#17 = PRESENTATION_STYLE_ASSIGNMENT (( #1439 ) ) ;
#18 = PLANE ( 'NONE',  #723 ) ;
#19 = ORIENTED_EDGE ( 'NONE', *, *, #2859, .F. ) ;
#20 = CARTESIAN_POINT ( 'NONE',  ( 114.9999999999999858, 20.00000000000000711, -105.0000000000000568 ) ) ;
#21 = DIRECTION ( 'NONE',  ( 5.551115123125782702E-17, 1.000000000000000000, 0.0000000000000000000 ) ) ;
#22 = DIRECTION ( 'NONE',  ( -1.000000000000000000, -5.551115123125782702E-17, -5.551115123125782702E-17 ) ) ;
#23 = EDGE_CURVE ( 'NONE', #2755, #4683, #2737, .T. ) ;
#24 = ORIENTED_EDGE ( 'NONE', *, *, #1376, .T. ) ;
#25 = VERTEX_POINT ( 'NONE', #1593 ) ;
#26 = STYLED_ITEM ( 'NONE', ( #3770 ), #1719 ) ;
#27 = CARTESIAN_POINT ( 'NONE',  ( 115.0000000000000000, 3.469446951953614189E-15, -104.2437909203321169 ) ) ;
#28 = LINE ( 'NONE', #579, #3013 ) ;
#29 = CARTESIAN_POINT ( 'NONE',  ( 60.00000000000000000, -1.387778780781445676E-14, 99.99999999999997158 ) ) ;
#30 = ORIENTED_EDGE ( 'NONE', *, *, #4136, .F. ) ;
#31 = PLANE ( 'NONE',  #4645 ) ;
#32 = EDGE_CURVE ( 'NONE', #3646, #2290, #2794, .T. ) ;
#33 = AXIS2_PLACEMENT_3D ( 'NONE', #610, #2184, #4889 ) ;
#34 = CARTESIAN_POINT ( 'NONE',  ( 74.99999999999998579, 34.99999999999999289, 61.99999999999998579 ) ) ;
#35 = FILL_AREA_STYLE ('',( #4684 ) ) ;
#36 = CIRCLE ( 'NONE', #3075, 3.400000000000000355 ) ;
#37 = DIRECTION ( 'NONE',  ( 0.7071067811865475727, 1.730537381620162519E-17, -0.7071067811865474617 ) ) ;
#38 = COLOUR_RGB ( '',1.000000000000000000, 1.000000000000000000, 1.000000000000000000 ) ;
#39 = DIRECTION ( 'NONE',  ( 5.551115123125782702E-17, 1.000000000000000000, 0.0000000000000000000 ) ) ;
#40 = STYLED_ITEM ( 'NONE', ( #3422 ), #4421 ) ;
#41 = VECTOR ( 'NONE', #2393, 1000.000000000000000 ) ;
#42 = VECTOR ( 'NONE', #2644, 1000.000000000000000 ) ;
#43 = DIRECTION ( 'NONE',  ( 0.0000000000000000000, 0.0000000000000000000, 1.000000000000000000 ) ) ;
#44 = LINE ( 'NONE', #2625, #4067 ) ;
#45 = VERTEX_POINT ( 'NONE', #410 ) ;
#46 = CARTESIAN_POINT ( 'NONE',  ( 1.734723475976807094E-15, 20.00000000000000000, -105.0000000000000142 ) ) ;
#47 = CARTESIAN_POINT ( 'NONE',  ( -90.00000000000000000, 35.00000000000000711, -89.99999999999998579 ) ) ;
#48 = DIRECTION ( 'NONE',  ( 5.551115123125782702E-17, 1.000000000000000000, 0.0000000000000000000 ) ) ;
#49 = FACE_OUTER_BOUND ( 'NONE', #1695, .T. ) ;
#50 = ORIENTED_EDGE ( 'NONE', *, *, #2881, .F. ) ;
#51 = EDGE_CURVE ( 'NONE', #739, #4752, #836, .T. ) ;
#52 = EDGE_CURVE ( 'NONE', #3532, #3660, #4907, .T. ) ;
#53 = EDGE_LOOP ( 'NONE', ( #2932, #838 ) ) ;
#54 = AXIS2_PLACEMENT_3D ( 'NONE', #3225, #4401, #3631 ) ;
#55 = CARTESIAN_POINT ( 'NONE',  ( -95.00000000000001421, 19.99999999999999645, -67.00000000000002842 ) ) ;
#56 = ADVANCED_FACE ( 'NONE', ( #1313 ), #31, .F. ) ;
#57 = CARTESIAN_POINT ( 'NONE',  ( -114.4996757107301306, 6.938893903907228378E-15, -105.5670341945058226 ) ) ;
#58 = VERTEX_POINT ( 'NONE', #57 ) ;
#59 = CARTESIAN_POINT ( 'NONE',  ( -95.00000000000001421, 34.99999999999999289, -70.00000000000000000 ) ) ;
#60 = ORIENTED_EDGE ( 'NONE', *, *, #2852, .T. ) ;
#61 = LINE ( 'NONE', #3985, #1096 ) ;
#62 = LINE ( 'NONE', #582, #3535 ) ;
#63 = DIRECTION ( 'NONE',  ( -5.551115123125782702E-17, -1.000000000000000000, 0.0000000000000000000 ) ) ;
#64 = LINE ( 'NONE', #4335, #121 ) ;
#65 = DIRECTION ( 'NONE',  ( -5.551115123125782702E-17, 0.0000000000000000000, 1.000000000000000000 ) ) ;
#66 = ORIENTED_EDGE ( 'NONE', *, *, #1696, .F. ) ;
#67 = PLANE ( 'NONE',  #4854 ) ;
#68 = ORIENTED_EDGE ( 'NONE', *, *, #414, .F. ) ;
#69 =( NAMED_UNIT ( * ) SI_UNIT ( $, .STERADIAN. ) SOLID_ANGLE_UNIT ( ) );
#70 = LINE ( 'NONE', #989, #559 ) ;
#71 = CYLINDRICAL_SURFACE ( 'NONE', #3469, 39.99999999999996447 ) ;
#72 = DIRECTION ( 'NONE',  ( -5.551115123125782702E-17, 0.0000000000000000000, 1.000000000000000000 ) ) ;
#73 = ORIENTED_EDGE ( 'NONE', *, *, #4699, .F. ) ;
#74 = VERTEX_POINT ( 'NONE', #1230 ) ;
#75 = DIRECTION ( 'NONE',  ( 5.551115123125782702E-17, 1.000000000000000000, 0.0000000000000000000 ) ) ;
#76 = FACE_OUTER_BOUND ( 'NONE', #1751, .T. ) ;
#77 = CYLINDRICAL_SURFACE ( 'NONE', #3608, 7.500000000000007105 ) ;
#78 = VECTOR ( 'NONE', #4758, 1000.000000000000000 ) ;
#79 = EDGE_CURVE ( 'NONE', #3822, #2211, #3997, .T. ) ;
#80 = VERTEX_POINT ( 'NONE', #1627 ) ;
#81 = ORIENTED_EDGE ( 'NONE', *, *, #1442, .T. ) ;
#82 = CARTESIAN_POINT ( 'NONE',  ( 50.00000000000000711, 0.0000000000000000000, 99.99999999999997158 ) ) ;
#83 = VECTOR ( 'NONE', #1124, 1000.000000000000000 ) ;
#84 = EDGE_LOOP ( 'NONE', ( #701, #4152, #159, #4577 ) ) ;
#85 = ADVANCED_FACE ( 'NONE', ( #592 ), #2499, .F. ) ;
#86 = ORIENTED_EDGE ( 'NONE', *, *, #3991, .T. ) ;
#87 = DIRECTION ( 'NONE',  ( 0.0000000000000000000, 0.0000000000000000000, -1.000000000000000000 ) ) ;
#88 = DIRECTION ( 'NONE',  ( 5.551115123125782702E-17, 0.0000000000000000000, -1.000000000000000000 ) ) ;
#89 = FACE_OUTER_BOUND ( 'NONE', #4077, .T. ) ;
#90 = EDGE_CURVE ( 'NONE', #1320, #2739, #899, .T. ) ;
#91 = STYLED_ITEM ( 'NONE', ( #923 ), #1567 ) ;
#92 = VERTEX_POINT ( 'NONE', #1286 ) ;
#93 = DIRECTION ( 'NONE',  ( 5.551115123125782702E-17, 1.000000000000000000, 3.081487911019577365E-33 ) ) ;
#94 = CARTESIAN_POINT ( 'NONE',  ( 8.673617379884035472E-16, 1.734723475976807094E-15, -44.99999999999999289 ) ) ;
#95 = DIRECTION ( 'NONE',  ( 0.0000000000000000000, 0.0000000000000000000, 1.000000000000000000 ) ) ;
#96 = VERTEX_POINT ( 'NONE', #3632 ) ;
#97 = STYLED_ITEM ( 'NONE', ( #2080 ), #901 ) ;
#98 = PRESENTATION_LAYER_ASSIGNMENT (  '', '', ( #3872 ) ) ;
#99 = LINE ( 'NONE', #3506, #1128 ) ;
#100 = FACE_BOUND ( 'NONE', #3602, .T. ) ;
#101 = CARTESIAN_POINT ( 'NONE',  ( 89.99999999999998579, 20.00000000000000000, -90.00000000000001421 ) ) ;
#102 = DIRECTION ( 'NONE',  ( 0.7071067811865474617, 1.730537381620161286E-17, -0.7071067811865476838 ) ) ;
#103 = ORIENTED_EDGE ( 'NONE', *, *, #4833, .F. ) ;
#104 = LINE ( 'NONE', #1649, #2371 ) ;
#105 = CARTESIAN_POINT ( 'NONE',  ( 120.0000000000000000, 20.00000000000001066, 90.50000000000000000 ) ) ;
#106 = MECHANICAL_DESIGN_GEOMETRIC_PRESENTATION_REPRESENTATION (  '', ( #4881 ), #1504 ) ;
#107 = EDGE_CURVE ( 'NONE', #1670, #3680, #4846, .T. ) ;
#108 = DIRECTION ( 'NONE',  ( 5.551115123125782702E-17, 1.000000000000000000, 0.0000000000000000000 ) ) ;
#109 = EDGE_CURVE ( 'NONE', #4202, #397, #3512, .T. ) ;
#110 = VERTEX_POINT ( 'NONE', #499 ) ;
#111 = CARTESIAN_POINT ( 'NONE',  ( 165.0000000000000284, 20.00000000000001066, 109.9999999999999574 ) ) ;
#112 = FILL_AREA_STYLE ('',( #2050 ) ) ;
#113 = DIRECTION ( 'NONE',  ( -1.000000000000000000, -5.551115123125782702E-17, -5.551115123125782702E-17 ) ) ;
#114 = COLOUR_RGB ( '',1.000000000000000000, 1.000000000000000000, 1.000000000000000000 ) ;
#115 = DIRECTION ( 'NONE',  ( 5.551115123125782702E-17, 1.000000000000000000, 0.0000000000000000000 ) ) ;
#116 = ORIENTED_EDGE ( 'NONE', *, *, #2981, .F. ) ;
#117 = AXIS2_PLACEMENT_3D ( 'NONE', #3260, #157, #871 ) ;
#118 = CARTESIAN_POINT ( 'NONE',  ( 44.99999999999997158, 5.000000000000002665, -97.50000000000002842 ) ) ;
#119 = PRESENTATION_LAYER_ASSIGNMENT (  '', '', ( #2115 ) ) ;
#120 = CARTESIAN_POINT ( 'NONE',  ( -89.99999999999997158, 34.99999999999999289, 84.90000000000000568 ) ) ;
#121 = VECTOR ( 'NONE', #2000, 1000.000000000000000 ) ;
#122 = VERTEX_POINT ( 'NONE', #4386 ) ;
#123 = VERTEX_POINT ( 'NONE', #3571 ) ;
#124 = VECTOR ( 'NONE', #3999, 1000.000000000000000 ) ;
#125 = DIRECTION ( 'NONE',  ( 0.0000000000000000000, 0.0000000000000000000, 1.000000000000000000 ) ) ;
#126 = AXIS2_PLACEMENT_3D ( 'NONE', #5006, #3817, #3050 ) ;
#127 = CARTESIAN_POINT ( 'NONE',  ( 49.99999999999998579, -3.469446951953614189E-15, -4.999999999999997335 ) ) ;
#128 = CIRCLE ( 'NONE', #1856, 2.499999999999988454 ) ;
#129 =( GEOMETRIC_REPRESENTATION_CONTEXT ( 3 ) GLOBAL_UNCERTAINTY_ASSIGNED_CONTEXT ( ( #2091 ) ) GLOBAL_UNIT_ASSIGNED_CONTEXT ( ( #1050, #1812, #4536 ) ) REPRESENTATION_CONTEXT ( 'NONE', 'WORKASPACE' ) );
#130 = LINE ( 'NONE', #1586, #1274 ) ;
#131 =( LENGTH_UNIT ( ) NAMED_UNIT ( * ) SI_UNIT ( .MILLI., .METRE. ) );
#132 = CIRCLE ( 'NONE', #2589, 4.500000000000003553 ) ;
#133 = SURFACE_STYLE_USAGE ( .BOTH. , #1679 ) ;
#134 = DIRECTION ( 'NONE',  ( 0.0000000000000000000, 0.0000000000000000000, -1.000000000000000000 ) ) ;
#135 = EDGE_CURVE ( 'NONE', #2939, #3280, #2376, .T. ) ;
#136 = VERTEX_POINT ( 'NONE', #1265 ) ;
#137 = VECTOR ( 'NONE', #4637, 1000.000000000000000 ) ;
#138 = PLANE ( 'NONE',  #754 ) ;
#139 = CARTESIAN_POINT ( 'NONE',  ( 39.09746257676360415, 19.99999999999999645, -188.0000000000000284 ) ) ;
#140 = ORIENTED_EDGE ( 'NONE', *, *, #3732, .F. ) ;
#141 = DIRECTION ( 'NONE',  ( -5.551115123125781716E-16, -1.110223024625156294E-16, 1.000000000000000000 ) ) ;
#142 = VERTEX_POINT ( 'NONE', #3961 ) ;
#143 = EDGE_CURVE ( 'NONE', #2203, #3139, #781, .T. ) ;
#144 = ORIENTED_EDGE ( 'NONE', *, *, #4962, .T. ) ;
#145 = ORIENTED_EDGE ( 'NONE', *, *, #3852, .F. ) ;
#146 = DIRECTION ( 'NONE',  ( -0.7071067811865450192, 0.0000000000000000000, -0.7071067811865500152 ) ) ;
#147 = SURFACE_STYLE_FILL_AREA ( #4149 ) ;
#148 = ORIENTED_EDGE ( 'NONE', *, *, #3695, .F. ) ;
#149 = DIRECTION ( 'NONE',  ( -5.551115123125782702E-17, -1.000000000000000000, 0.0000000000000000000 ) ) ;
#150 = EDGE_CURVE ( 'NONE', #3537, #4819, #4965, .T. ) ;
#151 = DIRECTION ( 'NONE',  ( 0.0000000000000000000, 0.0000000000000000000, 1.000000000000000000 ) ) ;
#152 = AXIS2_PLACEMENT_3D ( 'NONE', #1523, #3103, #1146 ) ;
#153 = CIRCLE ( 'NONE', #3258, 2.000000000000001776 ) ;
#154 = EDGE_LOOP ( 'NONE', ( #3121, #4377, #2361, #768 ) ) ;
#155 = DIRECTION ( 'NONE',  ( -5.551115123125782702E-17, -1.000000000000000000, 0.0000000000000000000 ) ) ;
#156 = DIRECTION ( 'NONE',  ( 5.551115123125782702E-17, 1.000000000000000000, 0.0000000000000000000 ) ) ;
#157 = DIRECTION ( 'NONE',  ( -5.551115123125782702E-17, -1.000000000000000000, 0.0000000000000000000 ) ) ;
#158 = AXIS2_PLACEMENT_3D ( 'NONE', #3561, #427, #3510 ) ;
#159 = ORIENTED_EDGE ( 'NONE', *, *, #771, .F. ) ;
#160 = CARTESIAN_POINT ( 'NONE',  ( 104.9999999999999574, 34.99999999999999289, 102.9999999999999858 ) ) ;
#161 = ADVANCED_FACE ( 'NONE', ( #1446, #425, #4422 ), #4745, .F. ) ;
#162 = VECTOR ( 'NONE', #1547, 1000.000000000000000 ) ;
#163 = DIRECTION ( 'NONE',  ( 5.551115123125782702E-17, 1.000000000000000000, 0.0000000000000000000 ) ) ;
#164 = DIRECTION ( 'NONE',  ( 5.551115123125782702E-17, 1.000000000000000000, 0.0000000000000000000 ) ) ;
#165 = CARTESIAN_POINT ( 'NONE',  ( 89.99999999999998579, 35.00000000000000000, -84.90000000000001990 ) ) ;
#166 = CIRCLE ( 'NONE', #326, 5.099999999999993427 ) ;
#167 = ORIENTED_EDGE ( 'NONE', *, *, #1506, .F. ) ;
#168 = EDGE_CURVE ( 'NONE', #1325, #25, #2253, .T. ) ;
#169 = DIRECTION ( 'NONE',  ( 5.551115123125782702E-17, 1.000000000000000000, 0.0000000000000000000 ) ) ;
#170 = DIRECTION ( 'NONE',  ( -5.551115123125782702E-17, -1.000000000000000000, 0.0000000000000000000 ) ) ;
#171 = CIRCLE ( 'NONE', #3320, 3.400000000000000355 ) ;
#172 = VERTEX_POINT ( 'NONE', #3650 ) ;
#173 = VERTEX_POINT ( 'NONE', #2928 ) ;
#174 = VERTEX_POINT ( 'NONE', #3725 ) ;
#175 = ORIENTED_EDGE ( 'NONE', *, *, #3385, .F. ) ;
#176 = ORIENTED_EDGE ( 'NONE', *, *, #2859, .T. ) ;
#177 = MECHANICAL_DESIGN_GEOMETRIC_PRESENTATION_REPRESENTATION (  '', ( #3924 ), #3064 ) ;
#178 = FACE_OUTER_BOUND ( 'NONE', #3019, .T. ) ;
#179 =( NAMED_UNIT ( * ) SI_UNIT ( $, .STERADIAN. ) SOLID_ANGLE_UNIT ( ) );
#180 = EDGE_LOOP ( 'NONE', ( #60, #461, #3769, #4834 ) ) ;
#181 = CARTESIAN_POINT ( 'NONE',  ( 120.0000000000000000, -6.938893903907229955E-15, 90.50000000000000000 ) ) ;
#182 = ORIENTED_EDGE ( 'NONE', *, *, #3795, .F. ) ;
#183 = COLOUR_RGB ( '',1.000000000000000000, 1.000000000000000000, 1.000000000000000000 ) ;
#184 = CIRCLE ( 'NONE', #1608, 2.000000000000001776 ) ;
#185 = ADVANCED_FACE ( 'NONE', ( #2246 ), #4844, .F. ) ;
#186 = CIRCLE ( 'NONE', #4339, 4.500000000000003553 ) ;
#187 = PRESENTATION_LAYER_ASSIGNMENT (  '', '', ( #1288 ) ) ;
#188 = ORIENTED_EDGE ( 'NONE', *, *, #3021, .T. ) ;
#189 = DIRECTION ( 'NONE',  ( -0.7071067811865475727, -4.024158810645012756E-18, 0.7071067811865475727 ) ) ;
#190 = ORIENTED_EDGE ( 'NONE', *, *, #2487, .F. ) ;
#191 =( GEOMETRIC_REPRESENTATION_CONTEXT ( 3 ) GLOBAL_UNCERTAINTY_ASSIGNED_CONTEXT ( ( #2565 ) ) GLOBAL_UNIT_ASSIGNED_CONTEXT ( ( #2460, #3987, #179 ) ) REPRESENTATION_CONTEXT ( 'NONE', 'WORKASPACE' ) );
#192 = PLANE ( 'NONE',  #3967 ) ;
#193 = CARTESIAN_POINT ( 'NONE',  ( -95.00000000000001421, 19.99999999999999645, -70.00000000000001421 ) ) ;
#194 = VECTOR ( 'NONE', #223, 1000.000000000000000 ) ;
#195 = CYLINDRICAL_SURFACE ( 'NONE', #2119, 9.999999999999980460 ) ;
#196 = EDGE_LOOP ( 'NONE', ( #649, #3192, #2406, #3305 ) ) ;
#197 = CONICAL_SURFACE ( 'NONE', #873, 2.499999999999995115, 1.029744258676652091 ) ;
#198 = VECTOR ( 'NONE', #4940, 1000.000000000000000 ) ;
#199 = COLOUR_RGB ( '',1.000000000000000000, 1.000000000000000000, 1.000000000000000000 ) ;
#200 = ORIENTED_EDGE ( 'NONE', *, *, #3669, .F. ) ;
#201 = AXIS2_PLACEMENT_3D ( 'NONE', #1444, #2189, #299 ) ;
#202 = ORIENTED_EDGE ( 'NONE', *, *, #788, .F. ) ;
#203 = FILL_AREA_STYLE_COLOUR ( '', #4480 ) ;
#204 = CARTESIAN_POINT ( 'NONE',  ( -119.9999999999999716, 19.99999999999999645, 90.50000000000000000 ) ) ;
#205 = CIRCLE ( 'NONE', #3452, 39.99999999999997868 ) ;
#206 = DIRECTION ( 'NONE',  ( 0.0000000000000000000, 0.0000000000000000000, 1.000000000000000000 ) ) ;
#207 = EDGE_CURVE ( 'NONE', #4447, #1518, #4782, .T. ) ;
#208 = VERTEX_POINT ( 'NONE', #2562 ) ;
#209 = ORIENTED_EDGE ( 'NONE', *, *, #3559, .T. ) ;
#210 = CARTESIAN_POINT ( 'NONE',  ( 76.99999999999998579, 34.99999999999999289, 60.00000000000000000 ) ) ;
#211 = PLANE ( 'NONE',  #4781 ) ;
#212 = FACE_OUTER_BOUND ( 'NONE', #4760, .T. ) ;
#213 = DIRECTION ( 'NONE',  ( 1.811454192398136773E-16, 0.5150380749100562650, -0.8571673007021111124 ) ) ;
#214 = DIRECTION ( 'NONE',  ( -5.551115123125782702E-17, -1.000000000000000000, 0.0000000000000000000 ) ) ;
#215 = ORIENTED_EDGE ( 'NONE', *, *, #2611, .F. ) ;
#216 = LINE ( 'NONE', #4801, #4232 ) ;
#217 = DIRECTION ( 'NONE',  ( 5.551115123125782702E-17, 1.000000000000000000, 0.0000000000000000000 ) ) ;
#218 = EDGE_LOOP ( 'NONE', ( #1292, #2087 ) ) ;
#219 = CARTESIAN_POINT ( 'NONE',  ( 95.00000000000000000, 34.99999999999999289, 73.00000000000001421 ) ) ;
#220 = EDGE_CURVE ( 'NONE', #1389, #4016, #654, .T. ) ;
#221 = DIRECTION ( 'NONE',  ( 0.0000000000000000000, 0.0000000000000000000, 1.000000000000000000 ) ) ;
#222 = MANIFOLD_SOLID_BREP ( 'M12 Tapped Hole2[5]', #960 ) ;
#223 = DIRECTION ( 'NONE',  ( 3.330669073875469621E-16, 5.551115123125782702E-17, -1.000000000000000000 ) ) ;
#224 = EDGE_CURVE ( 'NONE', #3204, #4734, #828, .T. ) ;
#225 = CARTESIAN_POINT ( 'NONE',  ( -105.0000000000000000, 35.00000000000000000, 62.00000000000000000 ) ) ;
#226 = AXIS2_PLACEMENT_3D ( 'NONE', #477, #1207, #868 ) ;
#227 = LINE ( 'NONE', #3136, #41 ) ;
#228 = CARTESIAN_POINT ( 'NONE',  ( -90.00000000000000000, 20.00000000000000355, -89.99999999999997158 ) ) ;
#229 = CIRCLE ( 'NONE', #4574, 2.000000000000001776 ) ;
#230 = DIRECTION ( 'NONE',  ( -5.551115123125782702E-17, -1.000000000000000000, 0.0000000000000000000 ) ) ;
#231 = CARTESIAN_POINT ( 'NONE',  ( -39.99999999999999289, 0.0000000000000000000, -190.0000000000000000 ) ) ;
#232 = AXIS2_PLACEMENT_3D ( 'NONE', #5008, #4176, #3020 ) ;
#233 = ORIENTED_EDGE ( 'NONE', *, *, #2309, .F. ) ;
#234 = CARTESIAN_POINT ( 'NONE',  ( 89.99999999999998579, 20.00000000000000000, -84.90000000000001990 ) ) ;
#235 = CARTESIAN_POINT ( 'NONE',  ( -103.0000000000000000, 35.00000000000000000, -60.00000000000001421 ) ) ;
#236 = CARTESIAN_POINT ( 'NONE',  ( -45.00000000000002842, 20.00000000000000355, -95.00000000000001421 ) ) ;
#237 = ORIENTED_EDGE ( 'NONE', *, *, #3882, .F. ) ;
#238 = CARTESIAN_POINT ( 'NONE',  ( -19.99999999999996803, 20.00000000000000000, -10.00000000000000178 ) ) ;
#239 = VERTEX_POINT ( 'NONE', #3672 ) ;
#240 = DIRECTION ( 'NONE',  ( 0.0000000000000000000, 0.0000000000000000000, -1.000000000000000000 ) ) ;
#241 = ORIENTED_EDGE ( 'NONE', *, *, #1672, .F. ) ;
#242 = EDGE_CURVE ( 'NONE', #3234, #3831, #2372, .T. ) ;
#243 = SURFACE_SIDE_STYLE ('',( #3272 ) ) ;
#244 = FILL_AREA_STYLE ('',( #653 ) ) ;
#245 = ORIENTED_EDGE ( 'NONE', *, *, #4902, .T. ) ;
#246 = ORIENTED_EDGE ( 'NONE', *, *, #2922, .F. ) ;
#247 = CARTESIAN_POINT ( 'NONE',  ( -49.99999999999996447, 19.99999999999999289, 100.0000000000000000 ) ) ;
#248 = FACE_OUTER_BOUND ( 'NONE', #2876, .T. ) ;
#249 = EDGE_LOOP ( 'NONE', ( #2643, #4668, #1331, #3548 ) ) ;
#250 = ORIENTED_EDGE ( 'NONE', *, *, #1335, .F. ) ;
#251 = EDGE_CURVE ( 'NONE', #1676, #1904, #3096, .T. ) ;
#252 = DIRECTION ( 'NONE',  ( -5.551115123125782702E-17, -1.000000000000000000, 0.0000000000000000000 ) ) ;
#253 = CARTESIAN_POINT ( 'NONE',  ( -95.00000000000001421, 6.938893903907228378E-15, -73.00000000000000000 ) ) ;
#254 =( NAMED_UNIT ( * ) SI_UNIT ( $, .STERADIAN. ) SOLID_ANGLE_UNIT ( ) );
#255 =( LENGTH_UNIT ( ) NAMED_UNIT ( * ) SI_UNIT ( .MILLI., .METRE. ) );
#256 = CARTESIAN_POINT ( 'NONE',  ( -105.0000000000000142, 35.00000000000000000, -103.0000000000000284 ) ) ;
#257 = ORIENTED_EDGE ( 'NONE', *, *, #1763, .T. ) ;
#258 = LINE ( 'NONE', #1716, #1111 ) ;
#259 = CIRCLE ( 'NONE', #978, 2.499999999999988454 ) ;
#260 = AXIS2_PLACEMENT_3D ( 'NONE', #2758, #2741, #1600 ) ;
#261 = MECHANICAL_DESIGN_GEOMETRIC_PRESENTATION_REPRESENTATION (  '', ( #2083 ), #3996 ) ;
#262 = CARTESIAN_POINT ( 'NONE',  ( 50.00000000000000000, 19.99999999999999645, 99.99999999999997158 ) ) ;
#263 = CARTESIAN_POINT ( 'NONE',  ( 115.0000000000000000, 20.00000000000000355, -104.2437909203321169 ) ) ;
#264 = ORIENTED_EDGE ( 'NONE', *, *, #3120, .F. ) ;
#265 = LINE ( 'NONE', #1158, #1610 ) ;
#266 = VERTEX_POINT ( 'NONE', #4092 ) ;
#267 = ORIENTED_EDGE ( 'NONE', *, *, #4806, .F. ) ;
#268 = CARTESIAN_POINT ( 'NONE',  ( 1.626303258728256651E-15, 19.99999999999999645, -44.99999999999999289 ) ) ;
#269 = ADVANCED_FACE ( 'NONE', ( #1305 ), #889, .F. ) ;
#270 = LINE ( 'NONE', #4184, #4035 ) ;
#271 = AXIS2_PLACEMENT_3D ( 'NONE', #882, #3988, #3627 ) ;
#272 = ORIENTED_EDGE ( 'NONE', *, *, #2168, .F. ) ;
#273 = DIRECTION ( 'NONE',  ( -5.551115123125782702E-17, -1.000000000000000000, 0.0000000000000000000 ) ) ;
#274 = ORIENTED_EDGE ( 'NONE', *, *, #3049, .T. ) ;
#275 = CARTESIAN_POINT ( 'NONE',  ( -39.99999999999999289, 0.0000000000000000000, -190.0000000000000000 ) ) ;
#276 = EDGE_CURVE ( 'NONE', #2558, #4202, #2432, .T. ) ;
#277 = CARTESIAN_POINT ( 'NONE',  ( 44.99999999999997158, 5.000000000000002665, -92.50000000000002842 ) ) ;
#278 = DIRECTION ( 'NONE',  ( 0.0000000000000000000, 0.0000000000000000000, -1.000000000000000000 ) ) ;
#279 = CYLINDRICAL_SURFACE ( 'NONE', #4109, 5.099999999999993427 ) ;
#280 = DIRECTION ( 'NONE',  ( -2.220446049250313081E-16, 0.0000000000000000000, -1.000000000000000000 ) ) ;
#281 = DIRECTION ( 'NONE',  ( 0.0000000000000000000, 0.0000000000000000000, -1.000000000000000000 ) ) ;
#282 = CARTESIAN_POINT ( 'NONE',  ( 103.0000000000000000, 20.00000000000000355, -60.00000000000001421 ) ) ;
#283 = FACE_BOUND ( 'NONE', #1881, .T. ) ;
#284 = VERTEX_POINT ( 'NONE', #3755 ) ;
#285 = LINE ( 'NONE', #3775, #412 ) ;
#286 = EDGE_CURVE ( 'NONE', #2515, #4202, #3809, .T. ) ;
#287 =( GEOMETRIC_REPRESENTATION_CONTEXT ( 3 ) GLOBAL_UNCERTAINTY_ASSIGNED_CONTEXT ( ( #811 ) ) GLOBAL_UNIT_ASSIGNED_CONTEXT ( ( #3860, #4252, #1949 ) ) REPRESENTATION_CONTEXT ( 'NONE', 'WORKASPACE' ) );
#288 = ORIENTED_EDGE ( 'NONE', *, *, #5000, .F. ) ;
#289 = FACE_OUTER_BOUND ( 'NONE', #505, .T. ) ;
#290 = CARTESIAN_POINT ( 'NONE',  ( 102.4999999999999858, 7.703719777548943412E-31, 26.15000000000000568 ) ) ;
#291 = FILL_AREA_STYLE_COLOUR ( '', #1423 ) ;
#292 = EDGE_CURVE ( 'NONE', #2198, #4452, #3685, .T. ) ;
#293 = CARTESIAN_POINT ( 'NONE',  ( 104.9999999999999574, 20.00000000000001066, 62.00000000000000000 ) ) ;
#294 = AXIS2_PLACEMENT_3D ( 'NONE', #210, #2559, #593 ) ;
#295 = VECTOR ( 'NONE', #4200, 1000.000000000000000 ) ;
#296 = SURFACE_STYLE_USAGE ( .BOTH. , #2632 ) ;
#297 = ADVANCED_FACE ( 'NONE', ( #1133 ), #4543, .F. ) ;
#298 = CARTESIAN_POINT ( 'NONE',  ( 89.99999999999998579, 20.00000000000000000, -90.00000000000001421 ) ) ;
#299 = DIRECTION ( 'NONE',  ( 0.0000000000000000000, 0.0000000000000000000, 1.000000000000000000 ) ) ;
#300 = ORIENTED_EDGE ( 'NONE', *, *, #2114, .F. ) ;
#301 = AXIS2_PLACEMENT_3D ( 'NONE', #1089, #3485, #315 ) ;
#302 = EDGE_LOOP ( 'NONE', ( #3490, #4469, #3069, #4741 ) ) ;
#303 = VERTEX_POINT ( 'NONE', #262 ) ;
#304 = ORIENTED_EDGE ( 'NONE', *, *, #3088, .F. ) ;
#305 = EDGE_CURVE ( 'NONE', #1303, #4583, #5019, .T. ) ;
#306 = CARTESIAN_POINT ( 'NONE',  ( 175.0000000000000284, 20.00000000000001066, 99.99999999999997158 ) ) ;
#307 = VERTEX_POINT ( 'NONE', #2606 ) ;
#308 = DIRECTION ( 'NONE',  ( 1.000000000000000000, 0.0000000000000000000, 0.0000000000000000000 ) ) ;
#309 = ORIENTED_EDGE ( 'NONE', *, *, #4098, .T. ) ;
#310 = ORIENTED_EDGE ( 'NONE', *, *, #1558, .T. ) ;
#311 = PRODUCT_DEFINITION_SHAPE ( 'NONE', 'NONE',  #1472 ) ;
#312 = VECTOR ( 'NONE', #4900, 1000.000000000000000 ) ;
#313 = EDGE_LOOP ( 'NONE', ( #2983, #2167, #1468, #4034 ) ) ;
#314 = CARTESIAN_POINT ( 'NONE',  ( -90.00000000000000000, 20.00000000000000355, -89.99999999999997158 ) ) ;
#315 = DIRECTION ( 'NONE',  ( 1.000000000000000000, 5.551115123125782702E-17, -5.551115123125782702E-17 ) ) ;
#316 = CIRCLE ( 'NONE', #4818, 9.999999999999980460 ) ;
#317 = LINE ( 'NONE', #2418, #736 ) ;
#318 = ORIENTED_EDGE ( 'NONE', *, *, #2423, .F. ) ;
#319 = ORIENTED_EDGE ( 'NONE', *, *, #2231, .T. ) ;
#320 = LINE ( 'NONE', #1551, #1530 ) ;
#321 = ADVANCED_FACE ( 'NONE', ( #4961, #3213, #4893 ), #3404, .T. ) ;
#322 = LINE ( 'NONE', #1701, #4085 ) ;
#323 = EDGE_CURVE ( 'NONE', #3172, #2831, #4123, .T. ) ;
#324 = ORIENTED_EDGE ( 'NONE', *, *, #800, .F. ) ;
#325 = VERTEX_POINT ( 'NONE', #1072 ) ;
#326 = AXIS2_PLACEMENT_3D ( 'NONE', #1436, #2179, #1451 ) ;
#327 = CARTESIAN_POINT ( 'NONE',  ( -164.9999999999999432, 20.00000000000000000, 109.9999999999999574 ) ) ;
#328 = FACE_BOUND ( 'NONE', #2818, .T. ) ;
#329 = DIRECTION ( 'NONE',  ( 5.551115123125782702E-17, 1.000000000000000000, 0.0000000000000000000 ) ) ;
#330 = VECTOR ( 'NONE', #4240, 1000.000000000000000 ) ;
#331 =( LENGTH_UNIT ( ) NAMED_UNIT ( * ) SI_UNIT ( .MILLI., .METRE. ) );
#332 = DIRECTION ( 'NONE',  ( 5.551115123125782702E-17, 1.000000000000000000, 0.0000000000000000000 ) ) ;
#333 = VERTEX_POINT ( 'NONE', #702 ) ;
#334 = AXIS2_PLACEMENT_3D ( 'NONE', #1284, #3287, #4009 ) ;
#335 = CARTESIAN_POINT ( 'NONE',  ( 90.00000000000000000, -6.938893903907228378E-15, 95.09999999999999432 ) ) ;
#336 = CARTESIAN_POINT ( 'NONE',  ( -19.99999999999996803, 20.00000000000000355, -39.99999999999999289 ) ) ;
#337 =( LENGTH_UNIT ( ) NAMED_UNIT ( * ) SI_UNIT ( .MILLI., .METRE. ) );
#338 = VERTEX_POINT ( 'NONE', #4702 ) ;
#339 = VERTEX_POINT ( 'NONE', #1088 ) ;
#340 = DIRECTION ( 'NONE',  ( 5.551115123125782702E-17, 1.000000000000000000, 0.0000000000000000000 ) ) ;
#341 = LINE ( 'NONE', #4442, #1359 ) ;
#342 = CARTESIAN_POINT ( 'NONE',  ( -135.0000000000000000, 19.99999999999998934, 59.99999999999998579 ) ) ;
#343 = MECHANICAL_DESIGN_GEOMETRIC_PRESENTATION_REPRESENTATION (  '', ( #3718 ), #2094 ) ;
#344 =( NAMED_UNIT ( * ) PLANE_ANGLE_UNIT ( ) SI_UNIT ( $, .RADIAN. ) );
#345 = DIRECTION ( 'NONE',  ( 5.551115123125782702E-17, 1.000000000000000000, 0.0000000000000000000 ) ) ;
#346 = ORIENTED_EDGE ( 'NONE', *, *, #3779, .F. ) ;
#347 = CARTESIAN_POINT ( 'NONE',  ( 104.9999999999999574, 20.00000000000001066, 62.00000000000000000 ) ) ;
#348 = CIRCLE ( 'NONE', #612, 9.999999999999980460 ) ;
#349 = VECTOR ( 'NONE', #2581, 1000.000000000000000 ) ;
#350 = DIRECTION ( 'NONE',  ( -5.551115123125782702E-17, -1.000000000000000000, 0.0000000000000000000 ) ) ;
#351 = ADVANCED_FACE ( 'NONE', ( #1193 ), #2965, .T. ) ;
#352 = EDGE_LOOP ( 'NONE', ( #2593, #4823, #4153, #3273 ) ) ;
#353 = FILL_AREA_STYLE_COLOUR ( '', #3001 ) ;
#354 = VECTOR ( 'NONE', #1196, 1000.000000000000000 ) ;
#355 = LINE ( 'NONE', #2466, #3266 ) ;
#356 = UNCERTAINTY_MEASURE_WITH_UNIT (LENGTH_MEASURE( 1.000000000000000082E-05 ), #255, 'distance_accuracy_value', 'NONE');
#357 = EDGE_CURVE ( 'NONE', #4915, #2542, #4588, .T. ) ;
#358 = PRESENTATION_LAYER_ASSIGNMENT (  '', '', ( #91 ) ) ;
#359 = CARTESIAN_POINT ( 'NONE',  ( -154.9999999999999716, 20.00000000000000000, 30.00000000000000000 ) ) ;
#360 = ORIENTED_EDGE ( 'NONE', *, *, #3981, .T. ) ;
#361 = LINE ( 'NONE', #219, #2251 ) ;
#362 = DIRECTION ( 'NONE',  ( 0.0000000000000000000, 0.0000000000000000000, 1.000000000000000000 ) ) ;
#363 = EDGE_LOOP ( 'NONE', ( #1787, #4219 ) ) ;
#364 = CARTESIAN_POINT ( 'NONE',  ( 44.99999999999997868, 20.00000000000000000, -95.00000000000002842 ) ) ;
#365 = CARTESIAN_POINT ( 'NONE',  ( -45.00000000000002842, 20.00000000000000355, -95.00000000000001421 ) ) ;
#366 = AXIS2_PLACEMENT_3D ( 'NONE', #2802, #4417, #2056 ) ;
#367 = CARTESIAN_POINT ( 'NONE',  ( -45.00000000000002842, 5.000000000000007994, -95.00000000000001421 ) ) ;
#368 = AXIS2_PLACEMENT_3D ( 'NONE', #4477, #3722, #4856 ) ;
#369 = ORIENTED_EDGE ( 'NONE', *, *, #3431, .F. ) ;
#370 = FILL_AREA_STYLE ('',( #1463 ) ) ;
#371 = CARTESIAN_POINT ( 'NONE',  ( -89.99999999999997158, 34.99999999999999289, 95.09999999999999432 ) ) ;
#372 = ORIENTED_EDGE ( 'NONE', *, *, #3864, .F. ) ;
#373 = VERTEX_POINT ( 'NONE', #809 ) ;
#374 = STYLED_ITEM ( 'NONE', ( #2754 ), #4612 ) ;
#375 = ADVANCED_FACE ( 'NONE', ( #289 ), #3902, .F. ) ;
#376 =( LENGTH_UNIT ( ) NAMED_UNIT ( * ) SI_UNIT ( .MILLI., .METRE. ) );
#377 = EDGE_LOOP ( 'NONE', ( #4074, #81, #1381, #30 ) ) ;
#378 = EDGE_CURVE ( 'NONE', #4269, #2558, #227, .T. ) ;
#379 = PLANE ( 'NONE',  #2071 ) ;
#380 = DIRECTION ( 'NONE',  ( 1.000000000000000000, 0.0000000000000000000, 0.0000000000000000000 ) ) ;
#381 = DIRECTION ( 'NONE',  ( 5.551115123125782702E-17, 1.000000000000000000, 0.0000000000000000000 ) ) ;
#382 = ORIENTED_EDGE ( 'NONE', *, *, #1091, .F. ) ;
#383 = ORIENTED_EDGE ( 'NONE', *, *, #3120, .T. ) ;
#384 = CYLINDRICAL_SURFACE ( 'NONE', #3223, 39.99999999999997868 ) ;
#385 = PLANE ( 'NONE',  #2445 ) ;
#386 = ORIENTED_EDGE ( 'NONE', *, *, #2605, .F. ) ;
#387 = ORIENTED_EDGE ( 'NONE', *, *, #4742, .T. ) ;
#388 = VECTOR ( 'NONE', #718, 1000.000000000000000 ) ;
#389 = CARTESIAN_POINT ( 'NONE',  ( 50.00000000000000000, 19.99999999999999645, 99.99999999999997158 ) ) ;
#390 = EDGE_LOOP ( 'NONE', ( #4005, #2480 ) ) ;
#391 = ORIENTED_EDGE ( 'NONE', *, *, #1065, .T. ) ;
#392 = DIRECTION ( 'NONE',  ( 0.7071067811865463515, 5.551115123125782702E-17, 0.7071067811865487940 ) ) ;
#393 = CONICAL_SURFACE ( 'NONE', #4482, 2.499999999999988454, 1.029744258676652091 ) ;
#394 = EDGE_CURVE ( 'NONE', #859, #136, #3333, .T. ) ;
#395 = AXIS2_PLACEMENT_3D ( 'NONE', #3529, #1203, #87 ) ;
#396 = VERTEX_POINT ( 'NONE', #398 ) ;
#397 = VERTEX_POINT ( 'NONE', #4663 ) ;
#398 = CARTESIAN_POINT ( 'NONE',  ( -174.9999999999999716, 3.469446951953614189E-15, 40.00000000000000711 ) ) ;
#399 = DIRECTION ( 'NONE',  ( 0.0000000000000000000, 0.0000000000000000000, 1.000000000000000000 ) ) ;
#400 = DIRECTION ( 'NONE',  ( 5.551115123125782702E-17, 1.000000000000000000, 0.0000000000000000000 ) ) ;
#401 = FACE_OUTER_BOUND ( 'NONE', #1346, .T. ) ;
#402 = VERTEX_POINT ( 'NONE', #3494 ) ;
#403 = ORIENTED_EDGE ( 'NONE', *, *, #1120, .T. ) ;
#404 = PRESENTATION_STYLE_ASSIGNMENT (( #4102 ) ) ;
#405 = CARTESIAN_POINT ( 'NONE',  ( 95.00000000000000000, 19.99999999999999645, 67.00000000000000000 ) ) ;
#406 = PRESENTATION_LAYER_ASSIGNMENT (  '', '', ( #3111 ) ) ;
#407 = EDGE_LOOP ( 'NONE', ( #3147, #2385, #3303, #2486 ) ) ;
#408 = EDGE_CURVE ( 'NONE', #284, #3729, #4060, .T. ) ;
#409 = DIRECTION ( 'NONE',  ( -0.7071067811865487940, -2.564842142875866278E-18, 0.7071067811865463515 ) ) ;
#410 = CARTESIAN_POINT ( 'NONE',  ( -89.99999999999997158, 19.99999999999998934, 84.90000000000000568 ) ) ;
#411 = VERTEX_POINT ( 'NONE', #34 ) ;
#412 = VECTOR ( 'NONE', #2973, 1000.000000000000000 ) ;
#413 = DIRECTION ( 'NONE',  ( 0.0000000000000000000, 0.0000000000000000000, 1.000000000000000000 ) ) ;
#414 = EDGE_CURVE ( 'NONE', #3854, #2939, #2544, .T. ) ;
#415 = DIRECTION ( 'NONE',  ( 0.7498378553650925094, -5.551115123125782702E-17, 0.6616216370868462926 ) ) ;
#416 = CYLINDRICAL_SURFACE ( 'NONE', #5001, 4.500000000000003553 ) ;
#417 = PRESENTATION_STYLE_ASSIGNMENT (( #3345 ) ) ;
#418 = DIRECTION ( 'NONE',  ( 5.551115123125782702E-17, 1.000000000000000000, 0.0000000000000000000 ) ) ;
#419 = CARTESIAN_POINT ( 'NONE',  ( 2.339841301873183289E-15, 20.00000000000000000, -108.4000000000000057 ) ) ;
#420 = LINE ( 'NONE', #1875, #162 ) ;
#421 = DIRECTION ( 'NONE',  ( -5.551115123125782702E-17, 0.0000000000000000000, 1.000000000000000000 ) ) ;
#422 = EDGE_CURVE ( 'NONE', #2638, #3637, #4301, .T. ) ;
#423 = EDGE_CURVE ( 'NONE', #4693, #2040, #2244, .T. ) ;
#424 = DIRECTION ( 'NONE',  ( 0.7071067811865479058, -5.551115123125785167E-17, 0.7071067811865472397 ) ) ;
#425 = FACE_BOUND ( 'NONE', #1327, .T. ) ;
#426 = ORIENTED_EDGE ( 'NONE', *, *, #4659, .F. ) ;
#427 = DIRECTION ( 'NONE',  ( 0.0000000000000000000, -1.000000000000000000, 0.0000000000000000000 ) ) ;
#428 = AXIS2_PLACEMENT_3D ( 'NONE', #2584, #1785, #3330 ) ;
#429 = VERTEX_POINT ( 'NONE', #4284 ) ;
#430 = CARTESIAN_POINT ( 'NONE',  ( 19.99999999999998224, 0.0000000000000000000, -10.00000000000000888 ) ) ;
#431 = EDGE_LOOP ( 'NONE', ( #1109, #3144, #369, #793 ) ) ;
#432 = DIRECTION ( 'NONE',  ( 0.0000000000000000000, 0.0000000000000000000, 1.000000000000000000 ) ) ;
#433 = FACE_OUTER_BOUND ( 'NONE', #2421, .T. ) ;
#434 = DIRECTION ( 'NONE',  ( 0.0000000000000000000, 0.0000000000000000000, 1.000000000000000000 ) ) ;
#435 = ORIENTED_EDGE ( 'NONE', *, *, #2510, .T. ) ;
#436 = DIRECTION ( 'NONE',  ( 5.551115123125782702E-17, 1.000000000000000000, 0.0000000000000000000 ) ) ;
#437 = VECTOR ( 'NONE', #878, 1000.000000000000000 ) ;
#438 = DIRECTION ( 'NONE',  ( 0.0000000000000000000, 0.0000000000000000000, 1.000000000000000000 ) ) ;
#439 = CIRCLE ( 'NONE', #3516, 2.499999999999995115 ) ;
#440 = ORIENTED_EDGE ( 'NONE', *, *, #1278, .T. ) ;
#441 = EDGE_CURVE ( 'NONE', #2160, #814, #3153, .T. ) ;
#442 = ORIENTED_EDGE ( 'NONE', *, *, #3825, .F. ) ;
#443 = CONICAL_SURFACE ( 'NONE', #3805, 2.499999999999988454, 1.029744258676652091 ) ;
#444 = VECTOR ( 'NONE', #982, 1000.000000000000000 ) ;
#445 = COLOUR_RGB ( '',1.000000000000000000, 1.000000000000000000, 1.000000000000000000 ) ;
#446 = UNCERTAINTY_MEASURE_WITH_UNIT (LENGTH_MEASURE( 1.000000000000000082E-05 ), #376, 'distance_accuracy_value', 'NONE');
#447 = ORIENTED_EDGE ( 'NONE', *, *, #2897, .F. ) ;
#448 = ADVANCED_FACE ( 'NONE', ( #3267 ), #3249, .F. ) ;
#449 = EDGE_CURVE ( 'NONE', #4752, #739, #1981, .T. ) ;
#450 = ORIENTED_EDGE ( 'NONE', *, *, #4563, .F. ) ;
#451 = ORIENTED_EDGE ( 'NONE', *, *, #502, .F. ) ;
#452 = AXIS2_PLACEMENT_3D ( 'NONE', #946, #2540, #4459 ) ;
#453 = CARTESIAN_POINT ( 'NONE',  ( -164.9999999999999716, 20.00000000000000711, 40.00000000000000711 ) ) ;
#454 = VECTOR ( 'NONE', #2682, 1000.000000000000000 ) ;
#455 = DIRECTION ( 'NONE',  ( -0.7071067811865474617, 0.0000000000000000000, -0.7071067811865474617 ) ) ;
#456 = EDGE_LOOP ( 'NONE', ( #2621, #3129, #2726, #2768 ) ) ;
#457 = VERTEX_POINT ( 'NONE', #2868 ) ;
#458 = MECHANICAL_DESIGN_GEOMETRIC_PRESENTATION_REPRESENTATION (  '', ( #1288 ), #3995 ) ;
#459 = AXIS2_PLACEMENT_3D ( 'NONE', #3662, #3300, #1665 ) ;
#460 = VECTOR ( 'NONE', #2845, 1000.000000000000000 ) ;
#461 = ORIENTED_EDGE ( 'NONE', *, *, #1704, .F. ) ;
#462 = FILL_AREA_STYLE_COLOUR ( '', #1948 ) ;
#463 = VECTOR ( 'NONE', #1619, 1000.000000000000000 ) ;
#464 = SURFACE_STYLE_USAGE ( .BOTH. , #1998 ) ;
#465 = AXIS2_PLACEMENT_3D ( 'NONE', #4221, #1879, #2678 ) ;
#466 = FACE_OUTER_BOUND ( 'NONE', #1455, .T. ) ;
#467 = ORIENTED_EDGE ( 'NONE', *, *, #925, .T. ) ;
#468 = DIRECTION ( 'NONE',  ( 0.0000000000000000000, 0.0000000000000000000, 1.000000000000000000 ) ) ;
#469 = ADVANCED_FACE ( 'NONE', ( #1248, #2788, #1742 ), #2062, .T. ) ;
#470 = FACE_OUTER_BOUND ( 'NONE', #4017, .T. ) ;
#471 = CARTESIAN_POINT ( 'NONE',  ( 134.9999999999999716, 19.99999999999998224, 52.49999999999999289 ) ) ;
#472 =( NAMED_UNIT ( * ) SI_UNIT ( $, .STERADIAN. ) SOLID_ANGLE_UNIT ( ) );
#473 = EDGE_LOOP ( 'NONE', ( #4638, #4991, #1149, #1258 ) ) ;
#474 = DIRECTION ( 'NONE',  ( -5.551115123125777155E-17, 0.0000000000000000000, 1.000000000000000000 ) ) ;
#475 = DIRECTION ( 'NONE',  ( -0.7071067811865475727, -4.024158810645012756E-18, 0.7071067811865475727 ) ) ;
#476 = SURFACE_SIDE_STYLE ('',( #4630 ) ) ;
#477 = CARTESIAN_POINT ( 'NONE',  ( -45.00000000000003553, 5.000000000000000888, -55.00000000000002132 ) ) ;
#478 = EDGE_CURVE ( 'NONE', #110, #2162, #2175, .T. ) ;
#479 =( GEOMETRIC_REPRESENTATION_CONTEXT ( 3 ) GLOBAL_UNCERTAINTY_ASSIGNED_CONTEXT ( ( #1501 ) ) GLOBAL_UNIT_ASSIGNED_CONTEXT ( ( #2894, #529, #2053 ) ) REPRESENTATION_CONTEXT ( 'NONE', 'WORKASPACE' ) );
#480 = DIRECTION ( 'NONE',  ( 0.0000000000000000000, 0.0000000000000000000, -1.000000000000000000 ) ) ;
#481 = DIRECTION ( 'NONE',  ( -5.551115123125774690E-17, 0.0000000000000000000, 1.000000000000000000 ) ) ;
#482 = VERTEX_POINT ( 'NONE', #471 ) ;
#483 = CARTESIAN_POINT ( 'NONE',  ( 54.99999999999999289, -3.469446951953614189E-15, 0.0000000000000000000 ) ) ;
#484 = MECHANICAL_DESIGN_GEOMETRIC_PRESENTATION_REPRESENTATION (  '', ( #1174 ), #906 ) ;
#485 = CARTESIAN_POINT ( 'NONE',  ( -103.0000000000000142, 35.00000000000000711, -105.0000000000000284 ) ) ;
#486 = ORIENTED_EDGE ( 'NONE', *, *, #1672, .T. ) ;
#487 = ADVANCED_FACE ( 'NONE', ( #1007 ), #952, .F. ) ;
#488 = FILL_AREA_STYLE ('',( #3460 ) ) ;
#489 = DIRECTION ( 'NONE',  ( 0.0000000000000000000, 0.0000000000000000000, 1.000000000000000000 ) ) ;
#490 = EDGE_LOOP ( 'NONE', ( #2934, #3578, #4759, #3589 ) ) ;
#491 = CARTESIAN_POINT ( 'NONE',  ( 90.00000000000000000, 35.00000000000000000, 90.00000000000000000 ) ) ;
#492 = ORIENTED_EDGE ( 'NONE', *, *, #23, .F. ) ;
#493 = CARTESIAN_POINT ( 'NONE',  ( -76.99999999999998579, 19.99999999999999645, 104.9999999999999858 ) ) ;
#494 = CIRCLE ( 'NONE', #1690, 4.500000000000003553 ) ;
#495 = COLOUR_RGB ( '',1.000000000000000000, 1.000000000000000000, 1.000000000000000000 ) ;
#496 = EDGE_LOOP ( 'NONE', ( #4884, #622, #4944, #3481 ) ) ;
#497 = VERTEX_POINT ( 'NONE', #3623 ) ;
#498 = CARTESIAN_POINT ( 'NONE',  ( 49.99999999999998579, 20.00000000000000355, -10.00000000000001599 ) ) ;
#499 = CARTESIAN_POINT ( 'NONE',  ( 9.908740494779562355E-16, 2.338849324463856768E-31, -101.6000000000000085 ) ) ;
#500 = FACE_OUTER_BOUND ( 'NONE', #2146, .T. ) ;
#501 = VECTOR ( 'NONE', #4654, 1000.000000000000000 ) ;
#502 = EDGE_CURVE ( 'NONE', #3976, #504, #3926, .T. ) ;
#503 = UNCERTAINTY_MEASURE_WITH_UNIT (LENGTH_MEASURE( 1.000000000000000082E-05 ), #4088, 'distance_accuracy_value', 'NONE');
#504 = VERTEX_POINT ( 'NONE', #3983 ) ;
#505 = EDGE_LOOP ( 'NONE', ( #2276, #3890, #451, #1272 ) ) ;
#506 = ORIENTED_EDGE ( 'NONE', *, *, #4919, .F. ) ;
#507 = CARTESIAN_POINT ( 'NONE',  ( -174.9999999999999716, 19.99999999999999645, 99.99999999999994316 ) ) ;
#508 = DIRECTION ( 'NONE',  ( 0.0000000000000000000, 0.0000000000000000000, 1.000000000000000000 ) ) ;
#509 = LINE ( 'NONE', #3833, #3253 ) ;
#510 = EDGE_CURVE ( 'NONE', #1788, #2013, #1859, .T. ) ;
#511 = AXIS2_PLACEMENT_3D ( 'NONE', #1979, #400, #43 ) ;
#512 = ORIENTED_EDGE ( 'NONE', *, *, #1260, .T. ) ;
#513 = ORIENTED_EDGE ( 'NONE', *, *, #4296, .F. ) ;
#514 = CARTESIAN_POINT ( 'NONE',  ( 90.00000000000000000, 35.00000000000000000, 90.00000000000000000 ) ) ;
#515 = PLANE ( 'NONE',  #3768 ) ;
#516 = FILL_AREA_STYLE ('',( #1317 ) ) ;
#517 = ORIENTED_EDGE ( 'NONE', *, *, #1488, .T. ) ;
#518 = AXIS2_PLACEMENT_3D ( 'NONE', #927, #4038, #4391 ) ;
#519 = AXIS2_PLACEMENT_3D ( 'NONE', #3409, #4307, #65 ) ;
#520 = LINE ( 'NONE', #4903, #1366 ) ;
#521 = DIRECTION ( 'NONE',  ( -5.551115123125782702E-17, -5.551115123125782702E-17, 1.000000000000000000 ) ) ;
#522 = ADVANCED_FACE ( 'NONE', ( #709 ), #1253, .F. ) ;
#523 = CARTESIAN_POINT ( 'NONE',  ( 45.00000000000002842, 20.00000000000000355, -55.00000000000002842 ) ) ;
#524 = FACE_OUTER_BOUND ( 'NONE', #841, .T. ) ;
#525 = SURFACE_SIDE_STYLE ('',( #1445 ) ) ;
#526 = CIRCLE ( 'NONE', #4066, 9.999999999999987566 ) ;
#527 = DIRECTION ( 'NONE',  ( -0.7071067811865475727, -4.024158810645018149E-18, 0.7071067811865474617 ) ) ;
#528 = AXIS2_PLACEMENT_3D ( 'NONE', #3207, #475, #3598 ) ;
#529 =( NAMED_UNIT ( * ) PLANE_ANGLE_UNIT ( ) SI_UNIT ( $, .RADIAN. ) );
#530 = PLANE ( 'NONE',  #1008 ) ;
#531 = EDGE_CURVE ( 'NONE', #3139, #2203, #4718, .T. ) ;
#532 = CIRCLE ( 'NONE', #2424, 3.000000000000002665 ) ;
#533 =( LENGTH_UNIT ( ) NAMED_UNIT ( * ) SI_UNIT ( .MILLI., .METRE. ) );
#534 = DIRECTION ( 'NONE',  ( -5.551115123125782702E-17, -1.000000000000000000, 0.0000000000000000000 ) ) ;
#535 = ORIENTED_EDGE ( 'NONE', *, *, #1874, .F. ) ;
#536 = CARTESIAN_POINT ( 'NONE',  ( -45.00000000000002842, 5.000000000000007994, -95.00000000000001421 ) ) ;
#537 = EDGE_CURVE ( 'NONE', #3822, #1058, #2668, .T. ) ;
#538 = PRESENTATION_LAYER_ASSIGNMENT (  '', '', ( #26 ) ) ;
#539 = ORIENTED_EDGE ( 'NONE', *, *, #4659, .T. ) ;
#540 = CARTESIAN_POINT ( 'NONE',  ( -89.99999999999997158, 34.99999999999999289, 90.00000000000000000 ) ) ;
#541 = VERTEX_POINT ( 'NONE', #2839 ) ;
#542 = DIRECTION ( 'NONE',  ( -5.551115123125782702E-17, -1.000000000000000000, 0.0000000000000000000 ) ) ;
#543 = DIRECTION ( 'NONE',  ( 5.551115123125782702E-17, 1.000000000000000000, 0.0000000000000000000 ) ) ;
#544 = ORIENTED_EDGE ( 'NONE', *, *, #1300, .F. ) ;
#545 = VECTOR ( 'NONE', #3764, 1000.000000000000000 ) ;
#546 = ADVANCED_FACE ( 'NONE', ( #3031 ), #647, .F. ) ;
#547 = EDGE_CURVE ( 'NONE', #1960, #742, #4298, .T. ) ;
#548 = MECHANICAL_DESIGN_GEOMETRIC_PRESENTATION_REPRESENTATION (  '', ( #4137 ), #4384 ) ;
#549 = DIRECTION ( 'NONE',  ( 5.551115123125782702E-17, 1.000000000000000000, 0.0000000000000000000 ) ) ;
#550 = FILL_AREA_STYLE ('',( #2912 ) ) ;
#551 = CARTESIAN_POINT ( 'NONE',  ( 115.0000000000000284, 0.0000000000000000000, -10.00000000000002309 ) ) ;
#552 = EDGE_LOOP ( 'NONE', ( #2684, #1001, #1100, #3254 ) ) ;
#553 = ORIENTED_EDGE ( 'NONE', *, *, #4665, .F. ) ;
#554 = FACE_OUTER_BOUND ( 'NONE', #1238, .T. ) ;
#555 = DIRECTION ( 'NONE',  ( 0.7071067811865450192, 7.883234265238051478E-17, -0.7071067811865500152 ) ) ;
#556 = EDGE_LOOP ( 'NONE', ( #2178, #2992, #3077, #1361 ) ) ;
#557 = ORIENTED_EDGE ( 'NONE', *, *, #4292, .T. ) ;
#558 = AXIS2_PLACEMENT_3D ( 'NONE', #4617, #3821, #1108 ) ;
#559 = VECTOR ( 'NONE', #581, 1000.000000000000114 ) ;
#560 = LINE ( 'NONE', #1101, #3419 ) ;
#561 = VECTOR ( 'NONE', #1797, 1000.000000000000000 ) ;
#562 = CYLINDRICAL_SURFACE ( 'NONE', #2551, 4.500000000000003553 ) ;
#563 = DIRECTION ( 'NONE',  ( -0.7071067811865477948, -5.483475478414328408E-17, 0.7071067811865473507 ) ) ;
#564 = EDGE_CURVE ( 'NONE', #1123, #1393, #4956, .T. ) ;
#565 = LINE ( 'NONE', #2484, #4874 ) ;
#566 = DIRECTION ( 'NONE',  ( 5.551115123125782702E-17, 1.000000000000000000, 0.0000000000000000000 ) ) ;
#567 = CARTESIAN_POINT ( 'NONE',  ( 44.99999999999997868, 20.00000000000000000, -95.00000000000002842 ) ) ;
#568 = ORIENTED_EDGE ( 'NONE', *, *, #3443, .F. ) ;
#569 = CARTESIAN_POINT ( 'NONE',  ( 74.99999999999998579, 35.00000000000000000, -103.0000000000000284 ) ) ;
#570 = ORIENTED_EDGE ( 'NONE', *, *, #4281, .T. ) ;
#571 = FACE_OUTER_BOUND ( 'NONE', #928, .T. ) ;
#572 = ORIENTED_EDGE ( 'NONE', *, *, #2647, .F. ) ;
#573 = EDGE_LOOP ( 'NONE', ( #4796, #3427 ) ) ;
#574 = DIRECTION ( 'NONE',  ( 5.551115123125782702E-17, 1.000000000000000000, 0.0000000000000000000 ) ) ;
#575 = EDGE_CURVE ( 'NONE', #4447, #665, #1562, .T. ) ;
#576 = AXIS2_PLACEMENT_3D ( 'NONE', #4849, #2161, #2481 ) ;
#577 = CARTESIAN_POINT ( 'NONE',  ( -164.9999999999999432, 3.469446951953614189E-15, 30.00000000000000000 ) ) ;
#578 = ORIENTED_EDGE ( 'NONE', *, *, #4431, .T. ) ;
#579 = CARTESIAN_POINT ( 'NONE',  ( 104.9999999999999858, 35.00000000000000000, -103.0000000000000426 ) ) ;
#580 = CIRCLE ( 'NONE', #3327, 5.099999999999993427 ) ;
#581 = DIRECTION ( 'NONE',  ( 0.7071067811865474617, 0.0000000000000000000, 0.7071067811865474617 ) ) ;
#582 = CARTESIAN_POINT ( 'NONE',  ( 102.4999999999999858, 19.99999999999999645, 26.15000000000000568 ) ) ;
#583 = LINE ( 'NONE', #4108, #349 ) ;
#584 = ORIENTED_EDGE ( 'NONE', *, *, #806, .F. ) ;
#585 = VECTOR ( 'NONE', #281, 1000.000000000000000 ) ;
#586 = CIRCLE ( 'NONE', #3131, 4.500000000000003553 ) ;
#587 = DIRECTION ( 'NONE',  ( 0.0000000000000000000, 0.0000000000000000000, 1.000000000000000000 ) ) ;
#588 = DIRECTION ( 'NONE',  ( 0.0000000000000000000, 0.0000000000000000000, -1.000000000000000000 ) ) ;
#589 = UNCERTAINTY_MEASURE_WITH_UNIT (LENGTH_MEASURE( 1.000000000000000082E-05 ), #686, 'distance_accuracy_value', 'NONE');
#590 = STYLED_ITEM ( 'NONE', ( #1588 ), #4998 ) ;
#591 = CARTESIAN_POINT ( 'NONE',  ( -135.0000000000000000, 19.99999999999998934, 59.99999999999998579 ) ) ;
#592 = FACE_OUTER_BOUND ( 'NONE', #2853, .T. ) ;
#593 = DIRECTION ( 'NONE',  ( 0.7071067811865475727, 1.730537381620162519E-17, -0.7071067811865474617 ) ) ;
#594 = CARTESIAN_POINT ( 'NONE',  ( -102.9999999999999858, 35.00000000000000000, 60.00000000000000000 ) ) ;
#595 = EDGE_CURVE ( 'NONE', #4819, #173, #2537, .T. ) ;
#596 = DIRECTION ( 'NONE',  ( 0.0000000000000000000, 0.0000000000000000000, -1.000000000000000000 ) ) ;
#597 = DIRECTION ( 'NONE',  ( 0.0000000000000000000, 0.0000000000000000000, -1.000000000000000000 ) ) ;
#598 = ORIENTED_EDGE ( 'NONE', *, *, #1646, .T. ) ;
#599 = EDGE_LOOP ( 'NONE', ( #2707, #2328, #4163, #2987 ) ) ;
#600 = ORIENTED_EDGE ( 'NONE', *, *, #1779, .T. ) ;
#601 = EDGE_CURVE ( 'NONE', #1294, #2773, #4179, .T. ) ;
#602 = VERTEX_POINT ( 'NONE', #4075 ) ;
#603 = AXIS2_PLACEMENT_3D ( 'NONE', #59, #2431, #1212 ) ;
#604 =( LENGTH_UNIT ( ) NAMED_UNIT ( * ) SI_UNIT ( .MILLI., .METRE. ) );
#605 = CARTESIAN_POINT ( 'NONE',  ( 54.99999999999998579, 20.00000000000000355, -6.938893903907228378E-15 ) ) ;
#606 = ORIENTED_EDGE ( 'NONE', *, *, #5031, .T. ) ;
#607 = CARTESIAN_POINT ( 'NONE',  ( -45.00000000000003553, 5.000000000000000888, -57.50000000000001421 ) ) ;
#608 = DIRECTION ( 'NONE',  ( 5.551115123125782702E-17, 1.000000000000000000, 0.0000000000000000000 ) ) ;
#609 = CYLINDRICAL_SURFACE ( 'NONE', #2107, 3.400000000000000355 ) ;
#610 = CARTESIAN_POINT ( 'NONE',  ( -49.99999999999999289, -1.734723475976807094E-15, -4.999999999999990230 ) ) ;
#611 = VECTOR ( 'NONE', #1967, 1000.000000000000000 ) ;
#612 = AXIS2_PLACEMENT_3D ( 'NONE', #4910, #3012, #2247 ) ;
#613 = ORIENTED_EDGE ( 'NONE', *, *, #2207, .F. ) ;
#614 = STYLED_ITEM ( 'NONE', ( #924 ), #3928 ) ;
#615 =( NAMED_UNIT ( * ) PLANE_ANGLE_UNIT ( ) SI_UNIT ( $, .RADIAN. ) );
#616 = CARTESIAN_POINT ( 'NONE',  ( -59.99999999999994316, 19.99999999999999645, 109.9999999999999858 ) ) ;
#617 = VECTOR ( 'NONE', #2188, 1000.000000000000000 ) ;
#618 = LINE ( 'NONE', #792, #2930 ) ;
#619 = LINE ( 'NONE', #3057, #3898 ) ;
#620 = ORIENTED_EDGE ( 'NONE', *, *, #3467, .T. ) ;
#621 = LINE ( 'NONE', #1241, #3308 ) ;
#622 = ORIENTED_EDGE ( 'NONE', *, *, #531, .F. ) ;
#623 = AXIS2_PLACEMENT_3D ( 'NONE', #4722, #3531, #2765 ) ;
#624 = ORIENTED_EDGE ( 'NONE', *, *, #741, .F. ) ;
#625 = CARTESIAN_POINT ( 'NONE',  ( 102.9999999999999858, 35.00000000000000000, -60.00000000000002842 ) ) ;
#626 = CARTESIAN_POINT ( 'NONE',  ( 39.09746257676359704, 19.99999999999998934, -190.0000000000000000 ) ) ;
#627 = CIRCLE ( 'NONE', #3742, 5.099999999999993427 ) ;
#628 = EDGE_CURVE ( 'NONE', #1824, #636, #348, .T. ) ;
#629 = VERTEX_POINT ( 'NONE', #4114 ) ;
#630 = DIRECTION ( 'NONE',  ( 0.7071067811865479058, 4.703701525700103811E-17, -0.7071067811865471286 ) ) ;
#631 = DIRECTION ( 'NONE',  ( -5.551115123125782702E-17, -1.000000000000000000, 0.0000000000000000000 ) ) ;
#632 = PRESENTATION_STYLE_ASSIGNMENT (( #1766 ) ) ;
#633 = DIRECTION ( 'NONE',  ( -1.000000000000000000, -5.551115123125782702E-17, 5.551115123125782702E-17 ) ) ;
#634 = DIRECTION ( 'NONE',  ( -5.551115123125782702E-17, -1.000000000000000000, 0.0000000000000000000 ) ) ;
#635 = ORIENTED_EDGE ( 'NONE', *, *, #5031, .F. ) ;
#636 = VERTEX_POINT ( 'NONE', #2936 ) ;
#637 = EDGE_CURVE ( 'NONE', #497, #3572, #2842, .T. ) ;
#638 = DIRECTION ( 'NONE',  ( 2.775557561562890858E-16, -5.551115123125782702E-17, 1.000000000000000000 ) ) ;
#639 = FACE_OUTER_BOUND ( 'NONE', #196, .T. ) ;
#640 = CARTESIAN_POINT ( 'NONE',  ( 8.673617379884035472E-15, 6.938893903907228378E-15, -150.0000000000000000 ) ) ;
#641 = CARTESIAN_POINT ( 'NONE',  ( -49.99999999999996447, 19.99999999999999645, -9.999999999999994671 ) ) ;
#642 = ORIENTED_EDGE ( 'NONE', *, *, #3723, .T. ) ;
#643 = CARTESIAN_POINT ( 'NONE',  ( 77.00000000000001421, 35.00000000000000000, -105.0000000000000426 ) ) ;
#644 = DIRECTION ( 'NONE',  ( 0.0000000000000000000, 0.0000000000000000000, 1.000000000000000000 ) ) ;
#645 = EDGE_CURVE ( 'NONE', #3637, #2835, #1430, .T. ) ;
#646 = MECHANICAL_DESIGN_GEOMETRIC_PRESENTATION_REPRESENTATION (  '', ( #1422 ), #3931 ) ;
#647 = CYLINDRICAL_SURFACE ( 'NONE', #3392, 4.500000000000003553 ) ;
#648 = ADVANCED_FACE ( 'NONE', ( #524 ), #3811, .F. ) ;
#649 = ORIENTED_EDGE ( 'NONE', *, *, #2611, .T. ) ;
#650 = DIRECTION ( 'NONE',  ( 5.551115123125782702E-17, 1.000000000000000000, 0.0000000000000000000 ) ) ;
#651 = LINE ( 'NONE', #4994, #1680 ) ;
#652 = CARTESIAN_POINT ( 'NONE',  ( -119.9999999999999858, -3.469446951953614189E-15, 95.00000000000000000 ) ) ;
#653 = FILL_AREA_STYLE_COLOUR ( '', #2699 ) ;
#654 = LINE ( 'NONE', #1755, #1568 ) ;
#655 = AXIS2_PLACEMENT_3D ( 'NONE', #1151, #3868, #3918 ) ;
#656 = FACE_OUTER_BOUND ( 'NONE', #3130, .T. ) ;
#657 = AXIS2_PLACEMENT_3D ( 'NONE', #2836, #2061, #1769 ) ;
#658 = UNCERTAINTY_MEASURE_WITH_UNIT (LENGTH_MEASURE( 1.000000000000000082E-05 ), #1626, 'distance_accuracy_value', 'NONE');
#659 = EDGE_CURVE ( 'NONE', #4259, #4752, #285, .T. ) ;
#660 = ORIENTED_EDGE ( 'NONE', *, *, #564, .T. ) ;
#661 = CARTESIAN_POINT ( 'NONE',  ( -45.00000000000002842, 20.00000000000000355, -97.50000000000000000 ) ) ;
#662 = CARTESIAN_POINT ( 'NONE',  ( 74.99999999999997158, 20.00000000000001066, 62.00000000000000000 ) ) ;
#663 = VERTEX_POINT ( 'NONE', #3428 ) ;
#664 = CARTESIAN_POINT ( 'NONE',  ( 155.0000000000000568, 19.99999999999998224, 29.99999999999994316 ) ) ;
#665 = VERTEX_POINT ( 'NONE', #4196 ) ;
#666 = EDGE_CURVE ( 'NONE', #58, #3965, #1977, .T. ) ;
#667 = DIRECTION ( 'NONE',  ( 0.0000000000000000000, 0.0000000000000000000, -1.000000000000000000 ) ) ;
#668 = DIRECTION ( 'NONE',  ( -5.551115123125782702E-17, -1.000000000000000000, -5.551115123125782702E-17 ) ) ;
#669 = SURFACE_STYLE_USAGE ( .BOTH. , #2619 ) ;
#670 = ORIENTED_EDGE ( 'NONE', *, *, #1962, .T. ) ;
#671 = ADVANCED_FACE ( 'NONE', ( #3501 ), #1872, .F. ) ;
#672 = ORIENTED_EDGE ( 'NONE', *, *, #3399, .F. ) ;
#673 = ORIENTED_EDGE ( 'NONE', *, *, #1442, .F. ) ;
#674 = EDGE_CURVE ( 'NONE', #3886, #2415, #4409, .T. ) ;
#675 = VECTOR ( 'NONE', #1628, 1000.000000000000000 ) ;
#676 = SURFACE_STYLE_USAGE ( .BOTH. , #1860 ) ;
#677 = CARTESIAN_POINT ( 'NONE',  ( 103.0000000000000142, 20.00000000000000711, -105.0000000000000426 ) ) ;
#678 = VECTOR ( 'NONE', #1819, 1000.000000000000000 ) ;
#679 = DIRECTION ( 'NONE',  ( -5.551115123125782702E-17, 0.0000000000000000000, 1.000000000000000000 ) ) ;
#680 = ORIENTED_EDGE ( 'NONE', *, *, #4599, .T. ) ;
#681 = VERTEX_POINT ( 'NONE', #1432 ) ;
#683 = VECTOR ( 'NONE', #2693, 1000.000000000000000 ) ;
#682 = DIRECTION ( 'NONE',  ( 0.0000000000000000000, 0.0000000000000000000, 1.000000000000000000 ) ) ;
#684 = DIRECTION ( 'NONE',  ( 0.0000000000000000000, 0.0000000000000000000, 1.000000000000000000 ) ) ;
#685 = ORIENTED_EDGE ( 'NONE', *, *, #1023, .T. ) ;
#686 =( LENGTH_UNIT ( ) NAMED_UNIT ( * ) SI_UNIT ( .MILLI., .METRE. ) );
#687 = VERTEX_POINT ( 'NONE', #268 ) ;
#688 = LINE ( 'NONE', #4380, #4450 ) ;
#689 = ORIENTED_EDGE ( 'NONE', *, *, #2177, .T. ) ;
#690 = ORIENTED_EDGE ( 'NONE', *, *, #832, .T. ) ;
#691 = CIRCLE ( 'NONE', #1791, 9.999999999999987566 ) ;
#692 = AXIS2_PLACEMENT_3D ( 'NONE', #1828, #413, #380 ) ;
#693 = ORIENTED_EDGE ( 'NONE', *, *, #765, .T. ) ;
#694 = SURFACE_STYLE_USAGE ( .BOTH. , #1911 ) ;
#695 = EDGE_LOOP ( 'NONE', ( #1041, #1723, #2383, #4000 ) ) ;
#696 = FILL_AREA_STYLE ('',( #4134 ) ) ;
#697 = DIRECTION ( 'NONE',  ( 0.7071067811865475727, 4.024158810645018149E-18, -0.7071067811865474617 ) ) ;
#698 = EDGE_CURVE ( 'NONE', #3660, #879, #580, .T. ) ;
#699 = DIRECTION ( 'NONE',  ( -0.7071067811865477948, -5.483475478414328408E-17, 0.7071067811865473507 ) ) ;
#700 = ADVANCED_FACE ( 'NONE', ( #1067 ), #1855, .F. ) ;
#701 = ORIENTED_EDGE ( 'NONE', *, *, #4462, .T. ) ;
#702 = CARTESIAN_POINT ( 'NONE',  ( -55.00000000000000000, -1.734723475976807094E-15, 0.0000000000000000000 ) ) ;
#703 = SURFACE_STYLE_USAGE ( .BOTH. , #4566 ) ;
#704 = FACE_OUTER_BOUND ( 'NONE', #407, .T. ) ;
#705 = ORIENTED_EDGE ( 'NONE', *, *, #4866, .T. ) ;
#706 = EDGE_CURVE ( 'NONE', #457, #2835, #2370, .T. ) ;
#707 = AXIS2_PLACEMENT_3D ( 'NONE', #1249, #843, #2034 ) ;
#708 = FACE_BOUND ( 'NONE', #573, .T. ) ;
#709 = FACE_OUTER_BOUND ( 'NONE', #4340, .T. ) ;
#710 = CARTESIAN_POINT ( 'NONE',  ( 89.99999999999998579, 20.00000000000000000, -90.00000000000001421 ) ) ;
#711 = PRODUCT_CONTEXT ( 'NONE', #16, 'mechanical' ) ;
#712 = CARTESIAN_POINT ( 'NONE',  ( -105.0000000000000000, 19.99999999999999645, 62.00000000000000000 ) ) ;
#713 = AXIS2_PLACEMENT_3D ( 'NONE', #3043, #1076, #1044 ) ;
#714 = MECHANICAL_DESIGN_GEOMETRIC_PRESENTATION_REPRESENTATION (  '', ( #1941 ), #191 ) ;
#715 = FACE_BOUND ( 'NONE', #2938, .T. ) ;
#716 = DIRECTION ( 'NONE',  ( 5.551115123125782702E-17, 1.000000000000000000, 0.0000000000000000000 ) ) ;
#717 = CARTESIAN_POINT ( 'NONE',  ( -154.9999999999999716, 19.99999999999999645, -9.999999999999980460 ) ) ;
#718 = DIRECTION ( 'NONE',  ( 1.811454192398136773E-16, 0.5150380749100562650, -0.8571673007021111124 ) ) ;
#719 =( NAMED_UNIT ( * ) SI_UNIT ( $, .STERADIAN. ) SOLID_ANGLE_UNIT ( ) );
#720 = VECTOR ( 'NONE', #3781, 1000.000000000000000 ) ;
#721 = VERTEX_POINT ( 'NONE', #2293 ) ;
#722 = DIRECTION ( 'NONE',  ( 0.0000000000000000000, 0.0000000000000000000, 1.000000000000000000 ) ) ;
#723 = AXIS2_PLACEMENT_3D ( 'NONE', #4261, #1319, #3331 ) ;
#724 = DIRECTION ( 'NONE',  ( 0.0000000000000000000, 0.0000000000000000000, -1.000000000000000000 ) ) ;
#725 = ADVANCED_FACE ( 'NONE', ( #3802 ), #3086, .F. ) ;
#726 = VERTEX_POINT ( 'NONE', #1130 ) ;
#727 = EDGE_CURVE ( 'NONE', #2870, #3348, #1737, .T. ) ;
#728 = CARTESIAN_POINT ( 'NONE',  ( 104.9999999999999574, 35.00000000000000711, 61.99999999999998579 ) ) ;
#729 = DIRECTION ( 'NONE',  ( 0.0000000000000000000, 0.0000000000000000000, 1.000000000000000000 ) ) ;
#730 = ORIENTED_EDGE ( 'NONE', *, *, #4413, .F. ) ;
#731 = LINE ( 'NONE', #2507, #4613 ) ;
#732 = CARTESIAN_POINT ( 'NONE',  ( -114.9999999999999858, 19.99999999999999289, -9.999999999999998224 ) ) ;
#733 = ORIENTED_EDGE ( 'NONE', *, *, #4599, .F. ) ;
#734 = CARTESIAN_POINT ( 'NONE',  ( -154.9999999999999716, 20.00000000000000000, 30.00000000000000000 ) ) ;
#735 = DIRECTION ( 'NONE',  ( 0.0000000000000000000, 0.0000000000000000000, 1.000000000000000000 ) ) ;
#736 = VECTOR ( 'NONE', #1240, 1000.000000000000000 ) ;
#737 = EDGE_LOOP ( 'NONE', ( #4270, #3068, #4521, #3905 ) ) ;
#738 = CARTESIAN_POINT ( 'NONE',  ( -19.99999999999996803, -1.734723475976807094E-15, -39.99999999999999289 ) ) ;
#739 = VERTEX_POINT ( 'NONE', #3116 ) ;
#740 = CARTESIAN_POINT ( 'NONE',  ( 102.9999999999999716, 34.99999999999999289, 59.99999999999998579 ) ) ;
#741 = EDGE_CURVE ( 'NONE', #1623, #3780, #4045, .T. ) ;
#742 = VERTEX_POINT ( 'NONE', #2687 ) ;
#743 = VERTEX_POINT ( 'NONE', #359 ) ;
#744 = AXIS2_PLACEMENT_3D ( 'NONE', #4367, #2039, #3619 ) ;
#745 = LINE ( 'NONE', #984, #4155 ) ;
#746 = CARTESIAN_POINT ( 'NONE',  ( 102.4999999999999858, 19.99999999999999645, 22.75000000000000711 ) ) ;
#747 = ORIENTED_EDGE ( 'NONE', *, *, #3115, .T. ) ;
#748 = ADVANCED_FACE ( 'NONE', ( #2169 ), #9, .F. ) ;
#749 = AXIS2_PLACEMENT_3D ( 'NONE', #4827, #169, #2900 ) ;
#750 = DIRECTION ( 'NONE',  ( 5.551115123125782702E-17, 1.000000000000000000, 0.0000000000000000000 ) ) ;
#751 = CARTESIAN_POINT ( 'NONE',  ( 44.99999999999997868, 20.00000000000000000, -95.00000000000002842 ) ) ;
#752 = DIRECTION ( 'NONE',  ( -5.551115123125782702E-17, -1.000000000000000000, 0.0000000000000000000 ) ) ;
#753 = ORIENTED_EDGE ( 'NONE', *, *, #659, .F. ) ;
#754 = AXIS2_PLACEMENT_3D ( 'NONE', #1316, #4052, #1721 ) ;
#755 = ORIENTED_EDGE ( 'NONE', *, *, #422, .T. ) ;
#756 = CARTESIAN_POINT ( 'NONE',  ( -60.00000000000000000, -6.938893903907228378E-15, -87.00000000000000000 ) ) ;
#757 = LINE ( 'NONE', #1358, #2951 ) ;
#758 = EDGE_CURVE ( 'NONE', #4597, #3780, #5015, .T. ) ;
#759 = VERTEX_POINT ( 'NONE', #1505 ) ;
#760 = ORIENTED_EDGE ( 'NONE', *, *, #4057, .F. ) ;
#761 = LINE ( 'NONE', #4832, #1734 ) ;
#762 =( NAMED_UNIT ( * ) SI_UNIT ( $, .STERADIAN. ) SOLID_ANGLE_UNIT ( ) );
#763 = APPLICATION_CONTEXT ( 'automotive_design' ) ;
#764 = CARTESIAN_POINT ( 'NONE',  ( -90.00000000000000000, 35.00000000000000711, -84.89999999999999147 ) ) ;
#765 = EDGE_CURVE ( 'NONE', #4985, #1024, #99, .T. ) ;
#766 = DIRECTION ( 'NONE',  ( 0.0000000000000000000, 0.0000000000000000000, -1.000000000000000000 ) ) ;
#767 = FACE_BOUND ( 'NONE', #1643, .T. ) ;
#768 = ORIENTED_EDGE ( 'NONE', *, *, #4726, .T. ) ;
#769 = DIRECTION ( 'NONE',  ( 0.0000000000000000000, 0.0000000000000000000, 1.000000000000000000 ) ) ;
#770 = DIRECTION ( 'NONE',  ( -5.551115123125782702E-17, -1.000000000000000000, 0.0000000000000000000 ) ) ;
#771 = EDGE_CURVE ( 'NONE', #3892, #4683, #3208, .T. ) ;
#772 = PRESENTATION_LAYER_ASSIGNMENT (  '', '', ( #1489 ) ) ;
#773 = CARTESIAN_POINT ( 'NONE',  ( 175.0000000000000284, 20.00000000000001066, 99.99999999999997158 ) ) ;
#774 = ADVANCED_FACE ( 'NONE', ( #2958 ), #279, .F. ) ;
#775 = LINE ( 'NONE', #4701, #5027 ) ;
#776 = DIRECTION ( 'NONE',  ( -1.000000000000000222, -5.551115123125782702E-17, -8.183513439223707597E-19 ) ) ;
#777 = DIRECTION ( 'NONE',  ( 0.0000000000000000000, 0.0000000000000000000, 1.000000000000000000 ) ) ;
#778 = CARTESIAN_POINT ( 'NONE',  ( 105.0000000000000000, 20.00000000000000711, -103.0000000000000426 ) ) ;
#779 = AXIS2_PLACEMENT_3D ( 'NONE', #4847, #1758, #2191 ) ;
#780 = AXIS2_PLACEMENT_3D ( 'NONE', #2111, #2858, #1694 ) ;
#781 = CIRCLE ( 'NONE', #902, 2.999999999999988898 ) ;
#782 = DIRECTION ( 'NONE',  ( 1.000000000000000000, 5.551115123125782702E-17, 5.551115123125782702E-17 ) ) ;
#783 = ORIENTED_EDGE ( 'NONE', *, *, #2439, .F. ) ;
#784 = AXIS2_PLACEMENT_3D ( 'NONE', #3018, #2254, #308 ) ;
#785 = DIRECTION ( 'NONE',  ( -0.6616216370868464036, -1.110223024625156787E-16, -0.7498378553650923983 ) ) ;
#786 = ORIENTED_EDGE ( 'NONE', *, *, #3062, .F. ) ;
#787 = ORIENTED_EDGE ( 'NONE', *, *, #3864, .T. ) ;
#788 = EDGE_CURVE ( 'NONE', #4567, #687, #3919, .T. ) ;
#789 = CIRCLE ( 'NONE', #2960, 9.999999999999980460 ) ;
#790 = LINE ( 'NONE', #605, #2268 ) ;
#791 = DIRECTION ( 'NONE',  ( 5.551115123125782702E-17, 1.000000000000000000, 0.0000000000000000000 ) ) ;
#792 = CARTESIAN_POINT ( 'NONE',  ( -105.0000000000000000, 35.00000000000000000, 62.00000000000000000 ) ) ;
#793 = ORIENTED_EDGE ( 'NONE', *, *, #276, .T. ) ;
#794 = ADVANCED_FACE ( 'NONE', ( #1674 ), #1653, .F. ) ;
#795 = VECTOR ( 'NONE', #2329, 1000.000000000000000 ) ;
#796 = CARTESIAN_POINT ( 'NONE',  ( -1.734723475976807094E-15, 35.00000000000000000, 0.0000000000000000000 ) ) ;
#797 = ORIENTED_EDGE ( 'NONE', *, *, #820, .T. ) ;
#798 = ORIENTED_EDGE ( 'NONE', *, *, #888, .F. ) ;
#799 = DIRECTION ( 'NONE',  ( 5.551115123125782702E-17, 1.000000000000000000, 0.0000000000000000000 ) ) ;
#800 = EDGE_CURVE ( 'NONE', #4282, #239, #1043, .T. ) ;
#801 = AXIS2_PLACEMENT_3D ( 'NONE', #4299, #415, #3495 ) ;
#802 = DIRECTION ( 'NONE',  ( 0.7071067811865474617, -5.551115123125783935E-17, 0.7071067811865475727 ) ) ;
#803 = LINE ( 'NONE', #2117, #1833 ) ;
#804 = ORIENTED_EDGE ( 'NONE', *, *, #1992, .T. ) ;
#805 = VECTOR ( 'NONE', #1667, 1000.000000000000000 ) ;
#806 = EDGE_CURVE ( 'NONE', #4373, #1663, #860, .T. ) ;
#807 = AXIS2_PLACEMENT_3D ( 'NONE', #3613, #4786, #2553 ) ;
#808 = EDGE_LOOP ( 'NONE', ( #1775, #4456, #3530, #1233 ) ) ;
#809 = CARTESIAN_POINT ( 'NONE',  ( -164.9999999999999432, 20.00000000000000000, 109.9999999999999574 ) ) ;
#810 = CARTESIAN_POINT ( 'NONE',  ( 54.99999999999998579, 20.00000000000000355, -6.938893903907228378E-15 ) ) ;
#811 = UNCERTAINTY_MEASURE_WITH_UNIT (LENGTH_MEASURE( 1.000000000000000082E-05 ), #3860, 'distance_accuracy_value', 'NONE');
#812 = COLOUR_RGB ( '',1.000000000000000000, 1.000000000000000000, 1.000000000000000000 ) ;
#813 = EDGE_LOOP ( 'NONE', ( #2878, #755 ) ) ;
#814 = VERTEX_POINT ( 'NONE', #3214 ) ;
#815 = CARTESIAN_POINT ( 'NONE',  ( -174.9999999999999432, -3.469446951953614189E-15, 99.99999999999997158 ) ) ;
#816 = CARTESIAN_POINT ( 'NONE',  ( -102.5000000000000000, 19.99999999999999645, 22.75000000000000711 ) ) ;
#817 = AXIS2_PLACEMENT_3D ( 'NONE', #3374, #1379, #644 ) ;
#818 = ORIENTED_EDGE ( 'NONE', *, *, #1805, .F. ) ;
#819 = DIRECTION ( 'NONE',  ( 0.0000000000000000000, 0.0000000000000000000, 1.000000000000000000 ) ) ;
#820 = EDGE_CURVE ( 'NONE', #333, #1024, #1347, .T. ) ;
#821 = DIRECTION ( 'NONE',  ( 5.551115123125782702E-17, 1.000000000000000000, 0.0000000000000000000 ) ) ;
#822 = SHAPE_REPRESENTATION ( '4GAA002120202003X_Predeterminado<As Machined>', ( #784 ), #8 ) ;
#823 = LINE ( 'NONE', #4972, #4829 ) ;
#824 = VECTOR ( 'NONE', #1020, 1000.000000000000000 ) ;
#825 = CARTESIAN_POINT ( 'NONE',  ( 54.99999999999999289, -3.469446951953614189E-15, 0.0000000000000000000 ) ) ;
#826 = VERTEX_POINT ( 'NONE', #2752 ) ;
#827 = LINE ( 'NONE', #1031, #3982 ) ;
#828 = LINE ( 'NONE', #4858, #3866 ) ;
#829 =( LENGTH_UNIT ( ) NAMED_UNIT ( * ) SI_UNIT ( .MILLI., .METRE. ) );
#830 = CARTESIAN_POINT ( 'NONE',  ( -119.9999999999999716, 19.99999999999999645, 95.00000000000000000 ) ) ;
#831 =( NAMED_UNIT ( * ) PLANE_ANGLE_UNIT ( ) SI_UNIT ( $, .RADIAN. ) );
#832 = EDGE_CURVE ( 'NONE', #3393, #2088, #3596, .T. ) ;
#833 = AXIS2_PLACEMENT_3D ( 'NONE', #4168, #2213, #2612 ) ;
#834 = FACE_OUTER_BOUND ( 'NONE', #4162, .T. ) ;
#835 = CARTESIAN_POINT ( 'NONE',  ( -59.99999999999994316, 19.99999999999999645, 109.9999999999999858 ) ) ;
#836 = CIRCLE ( 'NONE', #2041, 2.499999999999988454 ) ;
#837 = VECTOR ( 'NONE', #3579, 1000.000000000000000 ) ;
#838 = ORIENTED_EDGE ( 'NONE', *, *, #3940, .F. ) ;
#839 = AXIS2_PLACEMENT_3D ( 'NONE', #1264, #4071, #1673 ) ;
#840 = DIRECTION ( 'NONE',  ( 1.000000000000000000, 5.551115123125782702E-17, 5.551115123125782702E-17 ) ) ;
#841 = EDGE_LOOP ( 'NONE', ( #1447, #2821, #903, #2394 ) ) ;
#842 = ADVANCED_FACE ( 'NONE', ( #500 ), #197, .F. ) ;
#843 = DIRECTION ( 'NONE',  ( 5.551115123125782702E-17, 1.000000000000000000, 0.0000000000000000000 ) ) ;
#844 = DIRECTION ( 'NONE',  ( -3.885780586188047891E-16, 5.551115123125782702E-17, -1.000000000000000000 ) ) ;
#845 = SURFACE_STYLE_FILL_AREA ( #932 ) ;
#846 = CARTESIAN_POINT ( 'NONE',  ( -19.99999999999996803, 20.00000000000000355, -39.99999999999999289 ) ) ;
#847 = VERTEX_POINT ( 'NONE', #3569 ) ;
#848 = MECHANICAL_DESIGN_GEOMETRIC_PRESENTATION_REPRESENTATION (  '', ( #1047 ), #3304 ) ;
#849 = SURFACE_STYLE_USAGE ( .BOTH. , #3941 ) ;
#850 = FACE_OUTER_BOUND ( 'NONE', #1333, .T. ) ;
#851 = VERTEX_POINT ( 'NONE', #3927 ) ;
#852 = EDGE_CURVE ( 'NONE', #3193, #3899, #2523, .T. ) ;
#853 = ORIENTED_EDGE ( 'NONE', *, *, #3414, .T. ) ;
#854 = CYLINDRICAL_SURFACE ( 'NONE', #334, 5.099999999999993427 ) ;
#855 = DIRECTION ( 'NONE',  ( -5.551115123125774690E-17, 0.0000000000000000000, 1.000000000000000000 ) ) ;
#856 = DIRECTION ( 'NONE',  ( -5.551115123125782702E-17, -1.000000000000000000, 0.0000000000000000000 ) ) ;
#857 = FACE_OUTER_BOUND ( 'NONE', #313, .T. ) ;
#858 = ORIENTED_EDGE ( 'NONE', *, *, #3310, .F. ) ;
#859 = VERTEX_POINT ( 'NONE', #55 ) ;
#860 = CIRCLE ( 'NONE', #3834, 9.999999999999980460 ) ;
#861 = FACE_OUTER_BOUND ( 'NONE', #1964, .T. ) ;
#862 = FACE_OUTER_BOUND ( 'NONE', #3252, .T. ) ;
#863 = PLANE ( 'NONE',  #528 ) ;
#864 = EDGE_CURVE ( 'NONE', #3899, #3204, #2341, .T. ) ;
#865 = VERTEX_POINT ( 'NONE', #835 ) ;
#866 = ORIENTED_EDGE ( 'NONE', *, *, #3825, .T. ) ;
#867 = AXIS2_PLACEMENT_3D ( 'NONE', #2412, #840, #1236 ) ;
#868 = DIRECTION ( 'NONE',  ( 0.0000000000000000000, 0.0000000000000000000, 1.000000000000000000 ) ) ;
#869 = ORIENTED_EDGE ( 'NONE', *, *, #3503, .T. ) ;
#870 = ADVANCED_FACE ( 'NONE', ( #328, #1273 ), #1228, .F. ) ;
#871 = DIRECTION ( 'NONE',  ( 0.0000000000000000000, 0.0000000000000000000, -1.000000000000000000 ) ) ;
#872 = ORIENTED_EDGE ( 'NONE', *, *, #2052, .T. ) ;
#873 = AXIS2_PLACEMENT_3D ( 'NONE', #4310, #75, #1974 ) ;
#874 =( GEOMETRIC_REPRESENTATION_CONTEXT ( 3 ) GLOBAL_UNCERTAINTY_ASSIGNED_CONTEXT ( ( #503 ) ) GLOBAL_UNIT_ASSIGNED_CONTEXT ( ( #4088, #1799, #2949 ) ) REPRESENTATION_CONTEXT ( 'NONE', 'WORKASPACE' ) );
#875 = UNCERTAINTY_MEASURE_WITH_UNIT (LENGTH_MEASURE( 1.000000000000000082E-05 ), #2347, 'distance_accuracy_value', 'NONE');
#876 = ORIENTED_EDGE ( 'NONE', *, *, #1449, .F. ) ;
#877 = ORIENTED_EDGE ( 'NONE', *, *, #4369, .T. ) ;
#878 = DIRECTION ( 'NONE',  ( -5.551115123125782702E-17, -1.000000000000000000, 0.0000000000000000000 ) ) ;
#879 = VERTEX_POINT ( 'NONE', #3179 ) ;
#880 = CARTESIAN_POINT ( 'NONE',  ( 89.99999999999998579, 35.00000000000000000, -90.00000000000001421 ) ) ;
#881 = FILL_AREA_STYLE ('',( #4721 ) ) ;
#882 = CARTESIAN_POINT ( 'NONE',  ( 5.204170427930421283E-15, 0.0000000000000000000, -105.0000000000000142 ) ) ;
#883 = CARTESIAN_POINT ( 'NONE',  ( 44.99999999999997868, 20.00000000000000000, -97.50000000000001421 ) ) ;
#884 = MECHANICAL_DESIGN_GEOMETRIC_PRESENTATION_REPRESENTATION (  '', ( #3111 ), #1328 ) ;
#885 = DIRECTION ( 'NONE',  ( 0.0000000000000000000, 0.0000000000000000000, -1.000000000000000000 ) ) ;
#886 = FACE_BOUND ( 'NONE', #363, .T. ) ;
#887 = CARTESIAN_POINT ( 'NONE',  ( -76.99999999999997158, 35.00000000000000000, 59.99999999999998579 ) ) ;
#888 = EDGE_CURVE ( 'NONE', #1490, #325, #3474, .T. ) ;
#889 = CYLINDRICAL_SURFACE ( 'NONE', #1912, 3.000000000000002665 ) ;
#890 = DIRECTION ( 'NONE',  ( 0.0000000000000000000, 0.0000000000000000000, 1.000000000000000000 ) ) ;
#891 = DIRECTION ( 'NONE',  ( -0.7071067811865475727, -1.730537381620162519E-17, 0.7071067811865474617 ) ) ;
#892 = EDGE_LOOP ( 'NONE', ( #2954, #2567, #730, #3321 ) ) ;
#893 = EDGE_CURVE ( 'NONE', #1024, #2415, #2286, .T. ) ;
#894 = DIRECTION ( 'NONE',  ( 0.7071067811865475727, 4.024158810645018149E-18, -0.7071067811865474617 ) ) ;
#895 = FILL_AREA_STYLE ('',( #931 ) ) ;
#896 = CARTESIAN_POINT ( 'NONE',  ( -105.0000000000000142, 19.99999999999999645, -62.00000000000001421 ) ) ;
#897 = DIRECTION ( 'NONE',  ( 1.000000000000000000, -5.551115123125782702E-17, -2.775557561562891351E-16 ) ) ;
#898 = VECTOR ( 'NONE', #1295, 1000.000000000000000 ) ;
#899 = LINE ( 'NONE', #1301, #1991 ) ;
#900 = CARTESIAN_POINT ( 'NONE',  ( -95.00000000000001421, 34.99999999999999289, -70.00000000000000000 ) ) ;
#901 = ADVANCED_FACE ( 'NONE', ( #76 ), #2580, .F. ) ;
#902 = AXIS2_PLACEMENT_3D ( 'NONE', #2438, #3994, #95 ) ;
#903 = ORIENTED_EDGE ( 'NONE', *, *, #820, .F. ) ;
#904 = EDGE_LOOP ( 'NONE', ( #1237, #1388, #993, #1285 ) ) ;
#905 = DIRECTION ( 'NONE',  ( 5.551115123125782702E-17, 1.000000000000000000, 0.0000000000000000000 ) ) ;
#906 =( GEOMETRIC_REPRESENTATION_CONTEXT ( 3 ) GLOBAL_UNCERTAINTY_ASSIGNED_CONTEXT ( ( #1712 ) ) GLOBAL_UNIT_ASSIGNED_CONTEXT ( ( #533, #1722, #2516 ) ) REPRESENTATION_CONTEXT ( 'NONE', 'WORKASPACE' ) );
#907 = ORIENTED_EDGE ( 'NONE', *, *, #537, .F. ) ;
#908 = PLANE ( 'NONE',  #867 ) ;
#909 = VERTEX_POINT ( 'NONE', #1738 ) ;
#910 = PRESENTATION_STYLE_ASSIGNMENT (( #3950 ) ) ;
#911 = AXIS2_PLACEMENT_3D ( 'NONE', #4804, #1311, #1420 ) ;
#912 = CARTESIAN_POINT ( 'NONE',  ( -49.99999999999999289, -1.734723475976807094E-15, -4.999999999999990230 ) ) ;
#913 = CIRCLE ( 'NONE', #2877, 2.499999999999995115 ) ;
#914 = ORIENTED_EDGE ( 'NONE', *, *, #150, .F. ) ;
#915 = ORIENTED_EDGE ( 'NONE', *, *, #2790, .T. ) ;
#916 = DIRECTION ( 'NONE',  ( -5.551115123125782702E-17, -1.000000000000000000, 0.0000000000000000000 ) ) ;
#917 = EDGE_CURVE ( 'NONE', #338, #1350, #3962, .T. ) ;
#918 = FACE_OUTER_BOUND ( 'NONE', #599, .T. ) ;
#919 = ORIENTED_EDGE ( 'NONE', *, *, #3626, .F. ) ;
#920 = CARTESIAN_POINT ( 'NONE',  ( 45.00000000000003553, 5.000000000000004441, -55.00000000000002132 ) ) ;
#921 = DIRECTION ( 'NONE',  ( 5.551115123125782702E-17, 1.000000000000000000, 0.0000000000000000000 ) ) ;
#922 = SURFACE_STYLE_FILL_AREA ( #3449 ) ;
#923 = PRESENTATION_STYLE_ASSIGNMENT (( #1565 ) ) ;
#924 = PRESENTATION_STYLE_ASSIGNMENT (( #4425 ) ) ;
#925 = EDGE_CURVE ( 'NONE', #1904, #1609, #3844, .T. ) ;
#926 = ORIENTED_EDGE ( 'NONE', *, *, #135, .T. ) ;
#927 = CARTESIAN_POINT ( 'NONE',  ( 49.99999999999998579, 3.469446951953614189E-15, 4.999999999999990230 ) ) ;
#928 = EDGE_LOOP ( 'NONE', ( #4875, #3590, #2665, #2441 ) ) ;
#929 = ORIENTED_EDGE ( 'NONE', *, *, #2444, .F. ) ;
#930 = CARTESIAN_POINT ( 'NONE',  ( -45.00000000000003553, 20.00000000000000711, -57.50000000000000711 ) ) ;
#931 = FILL_AREA_STYLE_COLOUR ( '', #4769 ) ;
#932 = FILL_AREA_STYLE ('',( #966 ) ) ;
#933 = CARTESIAN_POINT ( 'NONE',  ( 8.673617379884035472E-16, 1.734723475976807094E-15, -44.99999999999999289 ) ) ;
#934 = EDGE_CURVE ( 'NONE', #909, #3532, #4871, .T. ) ;
#935 = DIRECTION ( 'NONE',  ( -0.7071067811865475727, -1.730537381620162519E-17, 0.7071067811865474617 ) ) ;
#936 = AXIS2_PLACEMENT_3D ( 'NONE', #4078, #3679, #4062 ) ;
#937 = VERTEX_POINT ( 'NONE', #1686 ) ;
#938 = ORIENTED_EDGE ( 'NONE', *, *, #4063, .T. ) ;
#939 = SURFACE_SIDE_STYLE ('',( #4272 ) ) ;
#940 = CARTESIAN_POINT ( 'NONE',  ( -19.99999999999996803, 20.00000000000000355, -39.99999999999999289 ) ) ;
#941 = DIRECTION ( 'NONE',  ( 0.0000000000000000000, 0.0000000000000000000, -1.000000000000000000 ) ) ;
#942 = ORIENTED_EDGE ( 'NONE', *, *, #3507, .T. ) ;
#943 = AXIS2_PLACEMENT_3D ( 'NONE', #3697, #608, #4106 ) ;
#944 = COLOUR_RGB ( '',0.6470588235294117974, 0.6196078431372549211, 0.5882352941176470784 ) ;
#945 = EDGE_LOOP ( 'NONE', ( #2095, #2917, #2471, #73 ) ) ;
#946 = CARTESIAN_POINT ( 'NONE',  ( 102.5000000000000000, 0.0000000000000000000, 22.75000000000000711 ) ) ;
#947 = CARTESIAN_POINT ( 'NONE',  ( 175.0000000000000284, 6.938893903907228378E-15, 99.99999999999997158 ) ) ;
#948 = ORIENTED_EDGE ( 'NONE', *, *, #1849, .T. ) ;
#949 = CARTESIAN_POINT ( 'NONE',  ( 89.99999999999998579, 0.0000000000000000000, -90.00000000000000000 ) ) ;
#950 = LINE ( 'NONE', #4791, #1980 ) ;
#951 = CARTESIAN_POINT ( 'NONE',  ( -19.99999999999996803, 20.00000000000000000, -10.00000000000000178 ) ) ;
#952 = CYLINDRICAL_SURFACE ( 'NONE', #1564, 3.000000000000002665 ) ;
#953 = SURFACE_STYLE_USAGE ( .BOTH. , #3977 ) ;
#954 = ADVANCED_FACE ( 'NONE', ( #4387 ), #854, .F. ) ;
#955 = EDGE_CURVE ( 'NONE', #2193, #4985, #1647, .T. ) ;
#956 = VECTOR ( 'NONE', #5020, 1000.000000000000000 ) ;
#957 =( NAMED_UNIT ( * ) SI_UNIT ( $, .STERADIAN. ) SOLID_ANGLE_UNIT ( ) );
#958 = CARTESIAN_POINT ( 'NONE',  ( -60.00000000000000000, -6.938893903907228378E-15, -77.99999999999998579 ) ) ;
#959 = FACE_BOUND ( 'NONE', #2058, .T. ) ;
#960 = CLOSED_SHELL ( 'NONE', ( #1915, #2350, #4973, #3776, #4224, #1458, #1077, #3429, #4798, #1299, #4145, #2317 ) ) ;
#961 = EDGE_CURVE ( 'NONE', #847, #2014, #3534, .T. ) ;
#962 = AXIS2_PLACEMENT_3D ( 'NONE', #2442, #63, #1618 ) ;
#963 = PRESENTATION_STYLE_ASSIGNMENT (( #1329 ) ) ;
#964 = ORIENTED_EDGE ( 'NONE', *, *, #4563, .T. ) ;
#965 = SURFACE_SIDE_STYLE ('',( #4971 ) ) ;
#966 = FILL_AREA_STYLE_COLOUR ( '', #1702 ) ;
#967 = DIRECTION ( 'NONE',  ( 0.0000000000000000000, 0.0000000000000000000, -1.000000000000000000 ) ) ;
#968 = VERTEX_POINT ( 'NONE', #4432 ) ;
#969 = CARTESIAN_POINT ( 'NONE',  ( 90.00000000000000000, -6.938893903907228378E-15, 90.00000000000000000 ) ) ;
#970 = ORIENTED_EDGE ( 'NONE', *, *, #666, .F. ) ;
#971 = SURFACE_SIDE_STYLE ('',( #3731 ) ) ;
#972 = CARTESIAN_POINT ( 'NONE',  ( -114.9999999999999858, 19.99999999999999289, -9.999999999999998224 ) ) ;
#973 = DIRECTION ( 'NONE',  ( 5.551115123125782702E-17, 5.551115123125782702E-17, -1.000000000000000000 ) ) ;
#974 = EDGE_LOOP ( 'NONE', ( #1781, #4626, #3787, #1048 ) ) ;
#975 = FILL_AREA_STYLE_COLOUR ( '', #183 ) ;
#976 = EDGE_LOOP ( 'NONE', ( #4197, #915, #3849, #1209 ) ) ;
#977 = EDGE_LOOP ( 'NONE', ( #798, #3586, #5002, #4671 ) ) ;
#978 = AXIS2_PLACEMENT_3D ( 'NONE', #365, #3457, #2324 ) ;
#979 = DIRECTION ( 'NONE',  ( 0.0000000000000000000, 0.0000000000000000000, 1.000000000000000000 ) ) ;
#980 = DIRECTION ( 'NONE',  ( 5.551115123125782702E-17, 1.000000000000000000, 0.0000000000000000000 ) ) ;
#981 = FACE_OUTER_BOUND ( 'NONE', #2269, .T. ) ;
#982 = DIRECTION ( 'NONE',  ( -5.551115123125782702E-17, -1.000000000000000000, 0.0000000000000000000 ) ) ;
#983 = ORIENTED_EDGE ( 'NONE', *, *, #3683, .T. ) ;
#984 = CARTESIAN_POINT ( 'NONE',  ( 44.99999999999997868, 20.00000000000000000, -97.50000000000001421 ) ) ;
#986 = LINE ( 'NONE', #2377, #501 ) ;
#985 = DIRECTION ( 'NONE',  ( 5.551115123125782702E-17, 0.0000000000000000000, -1.000000000000000000 ) ) ;
#987 = COLOUR_RGB ( '',1.000000000000000000, 1.000000000000000000, 1.000000000000000000 ) ;
#988 = DIRECTION ( 'NONE',  ( 1.000000000000000000, 5.551115123125782702E-17, -5.551115123125782702E-17 ) ) ;
#989 = CARTESIAN_POINT ( 'NONE',  ( -105.0000000000000142, 34.99999999999999289, -62.00000000000000000 ) ) ;
#990 = ORIENTED_EDGE ( 'NONE', *, *, #2106, .T. ) ;
#991 = CARTESIAN_POINT ( 'NONE',  ( -103.0000000000000142, 35.00000000000000711, -105.0000000000000284 ) ) ;
#992 = ORIENTED_EDGE ( 'NONE', *, *, #564, .F. ) ;
#993 = ORIENTED_EDGE ( 'NONE', *, *, #3277, .T. ) ;
#994 = CIRCLE ( 'NONE', #2968, 5.099999999999993427 ) ;
#995 = ORIENTED_EDGE ( 'NONE', *, *, #4530, .T. ) ;
#996 = PLANE ( 'NONE',  #1521 ) ;
#997 = ORIENTED_EDGE ( 'NONE', *, *, #1078, .F. ) ;
#998 = AXIS2_PLACEMENT_3D ( 'NONE', #4279, #3133, #1579 ) ;
#999 = AXIS2_PLACEMENT_3D ( 'NONE', #514, #3240, #1718 ) ;
#1000 = PLANE ( 'NONE',  #2391 ) ;
#1001 = ORIENTED_EDGE ( 'NONE', *, *, #2849, .T. ) ;
#1002 = COLOUR_RGB ( '',1.000000000000000000, 1.000000000000000000, 1.000000000000000000 ) ;
#1003 =( NAMED_UNIT ( * ) PLANE_ANGLE_UNIT ( ) SI_UNIT ( $, .RADIAN. ) );
#1004 = FACE_BOUND ( 'NONE', #4680, .T. ) ;
#1005 = STYLED_ITEM ( 'NONE', ( #2518 ), #1153 ) ;
#1006 = CARTESIAN_POINT ( 'NONE',  ( 19.99999999999998224, 19.99999999999999645, -40.00000000000000711 ) ) ;
#1007 = FACE_OUTER_BOUND ( 'NONE', #695, .T. ) ;
#1008 = AXIS2_PLACEMENT_3D ( 'NONE', #4028, #1372, #4140 ) ;
#1009 = SURFACE_STYLE_FILL_AREA ( #4382 ) ;
#1010 = EDGE_CURVE ( 'NONE', #1113, #173, #2569, .T. ) ;
#1011 = VERTEX_POINT ( 'NONE', #498 ) ;
#1012 = CARTESIAN_POINT ( 'NONE',  ( -102.5000000000000000, -7.703719777548943412E-31, 19.35000000000000497 ) ) ;
#1013 = FILL_AREA_STYLE ('',( #1081 ) ) ;
#1014 = CARTESIAN_POINT ( 'NONE',  ( -174.9999999999999432, -3.469446951953614189E-15, 99.99999999999997158 ) ) ;
#1015 = CIRCLE ( 'NONE', #3282, 2.999999999999988898 ) ;
#1016 = CARTESIAN_POINT ( 'NONE',  ( 76.99999999999997158, 19.99999999999998224, 105.0000000000000142 ) ) ;
#1017 = EDGE_CURVE ( 'NONE', #1553, #681, #494, .T. ) ;
#1018 = CARTESIAN_POINT ( 'NONE',  ( 49.99999999999998579, 0.0000000000000000000, -10.00000000000000888 ) ) ;
#1019 = CYLINDRICAL_SURFACE ( 'NONE', #936, 2.499999999999988454 ) ;
#1020 = DIRECTION ( 'NONE',  ( 5.551115123125782702E-17, 0.0000000000000000000, -1.000000000000000000 ) ) ;
#1021 = ORIENTED_EDGE ( 'NONE', *, *, #3027, .T. ) ;
#1022 = ADVANCED_FACE ( 'NONE', ( #4495 ), #1222, .T. ) ;
#1023 = EDGE_CURVE ( 'NONE', #2203, #3646, #2138, .T. ) ;
#1024 = VERTEX_POINT ( 'NONE', #4904 ) ;
#1025 = STYLED_ITEM ( 'NONE', ( #1030 ), #1863 ) ;
#1026 = CARTESIAN_POINT ( 'NONE',  ( 102.9999999999999716, 34.99999999999998579, 105.0000000000000142 ) ) ;
#1027 = ORIENTED_EDGE ( 'NONE', *, *, #2346, .F. ) ;
#1028 = DIRECTION ( 'NONE',  ( 0.0000000000000000000, 0.0000000000000000000, 1.000000000000000000 ) ) ;
#1029 = EDGE_LOOP ( 'NONE', ( #4225, #1934 ) ) ;
#1030 = PRESENTATION_STYLE_ASSIGNMENT (( #1584 ) ) ;
#1031 = CARTESIAN_POINT ( 'NONE',  ( 49.99999999999998579, 19.99999999999999645, 4.999999999999990230 ) ) ;
#1032 = FACE_OUTER_BOUND ( 'NONE', #3761, .T. ) ;
#1033 = AXIS2_PLACEMENT_3D ( 'NONE', #4895, #638, #2590 ) ;
#1034 = VERTEX_POINT ( 'NONE', #4141 ) ;
#1035 = FILL_AREA_STYLE ('',( #4110 ) ) ;
#1036 = ORIENTED_EDGE ( 'NONE', *, *, #423, .F. ) ;
#1037 = MECHANICAL_DESIGN_GEOMETRIC_PRESENTATION_REPRESENTATION (  '', ( #614 ), #129 ) ;
#1038 = DIRECTION ( 'NONE',  ( 0.0000000000000000000, -1.000000000000000000, 0.0000000000000000000 ) ) ;
#1039 = CARTESIAN_POINT ( 'NONE',  ( 165.0000000000000000, 19.99999999999998224, 99.99999999999994316 ) ) ;
#1040 = CIRCLE ( 'NONE', #2708, 30.00000000000000355 ) ;
#1041 = ORIENTED_EDGE ( 'NONE', *, *, #510, .F. ) ;
#1042 = ORIENTED_EDGE ( 'NONE', *, *, #1920, .F. ) ;
#1043 = CIRCLE ( 'NONE', #1656, 5.099999999999993427 ) ;
#1044 = DIRECTION ( 'NONE',  ( 0.7071067811865479058, 0.0000000000000000000, 0.7071067811865471286 ) ) ;
#1045 = FACE_OUTER_BOUND ( 'NONE', #1729, .T. ) ;
#1046 = ORIENTED_EDGE ( 'NONE', *, *, #3443, .T. ) ;
#1047 = STYLED_ITEM ( 'NONE', ( #4545 ), #4274 ) ;
#1048 = ORIENTED_EDGE ( 'NONE', *, *, #1354, .T. ) ;
#1049 =( LENGTH_UNIT ( ) NAMED_UNIT ( * ) SI_UNIT ( .MILLI., .METRE. ) );
#1050 =( LENGTH_UNIT ( ) NAMED_UNIT ( * ) SI_UNIT ( .MILLI., .METRE. ) );
#1051 = CARTESIAN_POINT ( 'NONE',  ( 74.99999999999995737, 34.99999999999999289, 102.9999999999999858 ) ) ;
#1052 = ORIENTED_EDGE ( 'NONE', *, *, #1624, .F. ) ;
#1053 = CARTESIAN_POINT ( 'NONE',  ( 90.00000000000000000, 35.00000000000000000, 95.09999999999999432 ) ) ;
#1054 = ADVANCED_FACE ( 'NONE', ( #1709 ), #1387, .F. ) ;
#1055 = PLANE ( 'NONE',  #2681 ) ;
#1056 = VECTOR ( 'NONE', #3647, 1000.000000000000000 ) ;
#1057 = CARTESIAN_POINT ( 'NONE',  ( 102.9999999999999716, 34.99999999999998579, 105.0000000000000142 ) ) ;
#1058 = VERTEX_POINT ( 'NONE', #4158 ) ;
#1059 = EDGE_CURVE ( 'NONE', #1034, #3061, #70, .T. ) ;
#1060 = AXIS2_PLACEMENT_3D ( 'NONE', #3936, #1664, #2827 ) ;
#1061 = DIRECTION ( 'NONE',  ( 1.000000000000000000, 5.551115123125782702E-17, -5.551115123125782702E-17 ) ) ;
#1062 = SURFACE_STYLE_USAGE ( .BOTH. , #525 ) ;
#1063 = PLANE ( 'NONE',  #4715 ) ;
#1064 = ORIENTED_EDGE ( 'NONE', *, *, #4063, .F. ) ;
#1065 = EDGE_CURVE ( 'NONE', #1392, #2884, #3954, .T. ) ;
#1066 = PRESENTATION_LAYER_ASSIGNMENT (  '', '', ( #1941 ) ) ;
#1067 = FACE_OUTER_BOUND ( 'NONE', #974, .T. ) ;
#1068 =( NAMED_UNIT ( * ) PLANE_ANGLE_UNIT ( ) SI_UNIT ( $, .RADIAN. ) );
#1069 = EDGE_LOOP ( 'NONE', ( #2985, #858, #2104, #4733 ) ) ;
#1070 = CARTESIAN_POINT ( 'NONE',  ( 60.00000000000000000, 19.99999999999999645, -82.49999999999998579 ) ) ;
#1071 = CARTESIAN_POINT ( 'NONE',  ( -40.59713828749380582, 19.99999999999999645, -189.3232432741736773 ) ) ;
#1072 = CARTESIAN_POINT ( 'NONE',  ( -89.99999999999997158, 34.99999999999999289, 84.90000000000000568 ) ) ;
#1073 = VECTOR ( 'NONE', #4905, 1000.000000000000000 ) ;
#1074 = VECTOR ( 'NONE', #3445, 1000.000000000000000 ) ;
#1075 = AXIS2_PLACEMENT_3D ( 'NONE', #2913, #214, #4056 ) ;
#1076 = DIRECTION ( 'NONE',  ( -0.7071067811865471286, -5.166554335445688186E-17, 0.7071067811865479058 ) ) ;
#1077 = ADVANCED_FACE ( 'NONE', ( #1598 ), #192, .F. ) ;
#1078 = EDGE_CURVE ( 'NONE', #4915, #2694, #2757, .T. ) ;
#1079 = VECTOR ( 'NONE', #2079, 1000.000000000000000 ) ;
#1080 = DIRECTION ( 'NONE',  ( 0.0000000000000000000, 0.0000000000000000000, 1.000000000000000000 ) ) ;
#1081 = FILL_AREA_STYLE_COLOUR ( '', #114 ) ;
#1082 = CARTESIAN_POINT ( 'NONE',  ( -154.9999999999999432, 0.0000000000000000000, -9.999999999999994671 ) ) ;
#1083 = DIRECTION ( 'NONE',  ( -5.551115123125782702E-17, -1.000000000000000000, 0.0000000000000000000 ) ) ;
#1084 = ORIENTED_EDGE ( 'NONE', *, *, #4672, .T. ) ;
#1085 = DIRECTION ( 'NONE',  ( 5.551115123125782702E-17, 1.000000000000000000, 0.0000000000000000000 ) ) ;
#1086 = DIRECTION ( 'NONE',  ( -5.551115123125782702E-17, -1.000000000000000000, 0.0000000000000000000 ) ) ;
#1087 = EDGE_LOOP ( 'NONE', ( #733, #4324 ) ) ;
#1088 = CARTESIAN_POINT ( 'NONE',  ( -49.99999999999998579, 20.00000000000000355, -4.999999999999990230 ) ) ;
#1089 = CARTESIAN_POINT ( 'NONE',  ( -40.00000000000000000, 19.99999999999999645, -190.0000000000000000 ) ) ;
#1090 = PRESENTATION_STYLE_ASSIGNMENT (( #2574 ) ) ;
#1091 = EDGE_CURVE ( 'NONE', #1697, #4597, #4558, .T. ) ;
#1092 = ORIENTED_EDGE ( 'NONE', *, *, #1800, .F. ) ;
#1093 = ORIENTED_EDGE ( 'NONE', *, *, #4793, .F. ) ;
#1094 = EDGE_CURVE ( 'NONE', #726, #2156, #4326, .T. ) ;
#1095 = MECHANICAL_DESIGN_GEOMETRIC_PRESENTATION_REPRESENTATION (  '', ( #4743 ), #4839 ) ;
#1096 = VECTOR ( 'NONE', #2841, 1000.000000000000000 ) ;
#1097 = CARTESIAN_POINT ( 'NONE',  ( -76.99999999999998579, 34.99999999999999289, -105.0000000000000142 ) ) ;
#1098 = LINE ( 'NONE', #1171, #1214 ) ;
#1099 = LINE ( 'NONE', #4304, #4982 ) ;
#1100 = ORIENTED_EDGE ( 'NONE', *, *, #2479, .F. ) ;
#1101 = CARTESIAN_POINT ( 'NONE',  ( 59.99999999999997868, 19.99999999999998934, 109.9999999999999574 ) ) ;
#1102 = ORIENTED_EDGE ( 'NONE', *, *, #2423, .T. ) ;
#1104 = CYLINDRICAL_SURFACE ( 'NONE', #1197, 30.00000000000000000 ) ;
#1103 = DIRECTION ( 'NONE',  ( -5.551115123125777155E-17, 0.0000000000000000000, 1.000000000000000000 ) ) ;
#1105 = ADVANCED_FACE ( 'NONE', ( #3063 ), #4190, .F. ) ;
#1106 = CARTESIAN_POINT ( 'NONE',  ( -76.99999999999998579, 19.99999999999999645, 104.9999999999999858 ) ) ;
#1107 = CARTESIAN_POINT ( 'NONE',  ( 1.734723475976807094E-15, 20.00000000000001066, -150.0000000000000000 ) ) ;
#1108 = DIRECTION ( 'NONE',  ( -1.000000000000000000, -5.551115123125782702E-17, 5.551115123125782702E-17 ) ) ;
#1109 = ORIENTED_EDGE ( 'NONE', *, *, #109, .T. ) ;
#1110 = VECTOR ( 'NONE', #424, 999.9999999999998863 ) ;
#1111 = VECTOR ( 'NONE', #935, 1000.000000000000000 ) ;
#1112 = PRESENTATION_STYLE_ASSIGNMENT (( #2783 ) ) ;
#1113 = VERTEX_POINT ( 'NONE', #2654 ) ;
#1114 = FACE_OUTER_BOUND ( 'NONE', #3843, .T. ) ;
#1115 = PRESENTATION_LAYER_ASSIGNMENT (  '', '', ( #590 ) ) ;
#1116 = ORIENTED_EDGE ( 'NONE', *, *, #1260, .F. ) ;
#1117 = ORIENTED_EDGE ( 'NONE', *, *, #2249, .T. ) ;
#1118 = CARTESIAN_POINT ( 'NONE',  ( 77.00000000000001421, 35.00000000000000000, -60.00000000000001421 ) ) ;
#1119 = CARTESIAN_POINT ( 'NONE',  ( -77.00000000000001421, 19.99999999999999645, -60.00000000000001421 ) ) ;
#1120 = EDGE_CURVE ( 'NONE', #2813, #2706, #1529, .T. ) ;
#1121 = CIRCLE ( 'NONE', #3508, 3.400000000000000355 ) ;
#1122 = EDGE_LOOP ( 'NONE', ( #3185, #2192 ) ) ;
#1123 = VERTEX_POINT ( 'NONE', #4596 ) ;
#1124 = DIRECTION ( 'NONE',  ( -1.000000000000000000, -5.551115123125781470E-17, 2.775557561562890858E-16 ) ) ;
#1125 = SURFACE_STYLE_USAGE ( .BOTH. , #4921 ) ;
#1126 = CARTESIAN_POINT ( 'NONE',  ( 59.99999999999997868, 19.99999999999998934, 109.9999999999999574 ) ) ;
#1127 = CARTESIAN_POINT ( 'NONE',  ( 174.9999999999999716, 19.99999999999998224, 39.99999999999995026 ) ) ;
#1128 = VECTOR ( 'NONE', #2671, 1000.000000000000000 ) ;
#1129 = EDGE_CURVE ( 'NONE', #1994, #172, #4867, .T. ) ;
#1130 = CARTESIAN_POINT ( 'NONE',  ( -135.0000000000000000, -5.204170427930421283E-15, 67.50000000000000000 ) ) ;
#1131 = ADVANCED_FACE ( 'NONE', ( #4019 ), #1055, .F. ) ;
#1132 = ORIENTED_EDGE ( 'NONE', *, *, #3522, .T. ) ;
#1133 = FACE_OUTER_BOUND ( 'NONE', #1699, .T. ) ;
#1134 = APPLICATION_PROTOCOL_DEFINITION ( 'draft international standard', 'automotive_design', 1998, #2740 ) ;
#1135 = DIRECTION ( 'NONE',  ( 5.551115123125782702E-17, 1.000000000000000000, 0.0000000000000000000 ) ) ;
#1136 =( GEOMETRIC_REPRESENTATION_CONTEXT ( 3 ) GLOBAL_UNCERTAINTY_ASSIGNED_CONTEXT ( ( #5016 ) ) GLOBAL_UNIT_ASSIGNED_CONTEXT ( ( #1724, #4466, #2517 ) ) REPRESENTATION_CONTEXT ( 'NONE', 'WORKASPACE' ) );
#1137 = AXIS2_PLACEMENT_3D ( 'NONE', #1783, #2604, #3687 ) ;
#1138 = CIRCLE ( 'NONE', #4231, 5.099999999999993427 ) ;
#1139 = EDGE_LOOP ( 'NONE', ( #2308, #318, #3382, #383 ) ) ;
#1140 = DIRECTION ( 'NONE',  ( 7.771561172376096769E-16, 0.0000000000000000000, 1.000000000000000000 ) ) ;
#1141 = VECTOR ( 'NONE', #2334, 1000.000000000000000 ) ;
#1142 = CARTESIAN_POINT ( 'NONE',  ( 114.4996757107301590, 19.99999999999999645, -105.5670341945058368 ) ) ;
#1143 = AXIS2_PLACEMENT_3D ( 'NONE', #4960, #2685, #3790 ) ;
#1144 = LINE ( 'NONE', #4333, #3166 ) ;
#1145 = EDGE_CURVE ( 'NONE', #2040, #4693, #4438, .T. ) ;
#1146 = DIRECTION ( 'NONE',  ( 0.0000000000000000000, 0.0000000000000000000, 1.000000000000000000 ) ) ;
#1147 = VERTEX_POINT ( 'NONE', #3080 ) ;
#1148 =( REPRESENTATION_RELATIONSHIP ('NONE','NONE', #1999, #822 ) REPRESENTATION_RELATIONSHIP_WITH_TRANSFORMATION ( #3405 )SHAPE_REPRESENTATION_RELATIONSHIP( ) );
#1149 = ORIENTED_EDGE ( 'NONE', *, *, #423, .T. ) ;
#1150 = CARTESIAN_POINT ( 'NONE',  ( -119.9999999999999716, 19.99999999999999645, 99.50000000000000000 ) ) ;
#1151 = CARTESIAN_POINT ( 'NONE',  ( -90.00000000000000000, 20.00000000000000355, -89.99999999999997158 ) ) ;
#1152 = ORIENTED_EDGE ( 'NONE', *, *, #3617, .T. ) ;
#1153 = ADVANCED_FACE ( 'NONE', ( #3298 ), #4629, .F. ) ;
#1154 = ORIENTED_EDGE ( 'NONE', *, *, #3587, .T. ) ;
#1155 = CARTESIAN_POINT ( 'NONE',  ( 155.0000000000000000, 19.99999999999998224, 29.99999999999997158 ) ) ;
#1156 = PLANE ( 'NONE',  #4392 ) ;
#1157 = CARTESIAN_POINT ( 'NONE',  ( 4.999999999999997335, 0.0000000000000000000, -39.99999999999999289 ) ) ;
#1158 = CARTESIAN_POINT ( 'NONE',  ( 103.0000000000000142, 35.00000000000000000, -105.0000000000000426 ) ) ;
#1159 = EDGE_CURVE ( 'NONE', #4484, #1486, #3721, .T. ) ;
#1160 = CIRCLE ( 'NONE', #1691, 3.400000000000000355 ) ;
#1161 = ORIENTED_EDGE ( 'NONE', *, *, #4148, .T. ) ;
#1162 = CARTESIAN_POINT ( 'NONE',  ( -49.99999999999998579, 19.99999999999999645, 5.000000000000004441 ) ) ;
#1163 = PRESENTATION_STYLE_ASSIGNMENT (( #4248 ) ) ;
#1164 = CIRCLE ( 'NONE', #1395, 5.099999999999993427 ) ;
#1165 = EDGE_CURVE ( 'NONE', #2025, #1759, #3127, .T. ) ;
#1166 = EDGE_LOOP ( 'NONE', ( #1900, #3047, #642, #4824 ) ) ;
#1167 = ORIENTED_EDGE ( 'NONE', *, *, #3695, .T. ) ;
#1168 = AXIS2_PLACEMENT_3D ( 'NONE', #4582, #1851, #682 ) ;
#1169 = VECTOR ( 'NONE', #3324, 1000.000000000000000 ) ;
#1170 = VECTOR ( 'NONE', #916, 1000.000000000000000 ) ;
#1171 = CARTESIAN_POINT ( 'NONE',  ( 74.99999999999995737, 19.99999999999999645, 102.9999999999999858 ) ) ;
#1172 = VERTEX_POINT ( 'NONE', #3023 ) ;
#1173 = ORIENTED_EDGE ( 'NONE', *, *, #2217, .F. ) ;
#1174 = STYLED_ITEM ( 'NONE', ( #2819 ), #954 ) ;
#1175 = LINE ( 'NONE', #2379, #3545 ) ;
#1176 = CARTESIAN_POINT ( 'NONE',  ( 1.545985561790530759E-15, 20.00000000000000000, -101.6000000000000085 ) ) ;
#1177 = ORIENTED_EDGE ( 'NONE', *, *, #537, .T. ) ;
#1178 = PRESENTATION_LAYER_ASSIGNMENT (  '', '', ( #374 ) ) ;
#1179 = ORIENTED_EDGE ( 'NONE', *, *, #3789, .T. ) ;
#1180 = FILL_AREA_STYLE ('',( #5030 ) ) ;
#1181 = CYLINDRICAL_SURFACE ( 'NONE', #3356, 2.499999999999988454 ) ;
#1182 = EDGE_CURVE ( 'NONE', #1736, #1147, #4273, .T. ) ;
#1183 = ORIENTED_EDGE ( 'NONE', *, *, #3407, .F. ) ;
#1184 = FACE_OUTER_BOUND ( 'NONE', #473, .T. ) ;
#1185 = ORIENTED_EDGE ( 'NONE', *, *, #955, .F. ) ;
#1186 = EDGE_CURVE ( 'NONE', #4259, #739, #3362, .T. ) ;
#1187 = VECTOR ( 'NONE', #4043, 1000.000000000000000 ) ;
#1188 = CARTESIAN_POINT ( 'NONE',  ( -114.9999999999999858, 6.938893903907228378E-15, -104.2437909203321027 ) ) ;
#1189 = EDGE_CURVE ( 'NONE', #2162, #1213, #2703, .T. ) ;
#1190 = VECTOR ( 'NONE', #2749, 1000.000000000000000 ) ;
#1191 = EDGE_CURVE ( 'NONE', #3546, #25, #1538, .T. ) ;
#1192 = PRESENTATION_LAYER_ASSIGNMENT (  '', '', ( #3895 ) ) ;
#1193 = FACE_OUTER_BOUND ( 'NONE', #4107, .T. ) ;
#1194 = DIRECTION ( 'NONE',  ( -5.551115123125782702E-17, -1.000000000000000000, 0.0000000000000000000 ) ) ;
#1195 = LINE ( 'NONE', #1922, #3993 ) ;
#1196 = DIRECTION ( 'NONE',  ( 0.7071067811865474617, -5.551115123125783935E-17, 0.7071067811865475727 ) ) ;
#1197 = AXIS2_PLACEMENT_3D ( 'NONE', #238, #4556, #3400 ) ;
#1198 = CARTESIAN_POINT ( 'NONE',  ( -154.9999999999999716, 19.99999999999999645, -9.999999999999980460 ) ) ;
#1199 = CIRCLE ( 'NONE', #833, 3.400000000000000355 ) ;
#1200 = ADVANCED_FACE ( 'NONE', ( #2408 ), #77, .F. ) ;
#1201 = ORIENTED_EDGE ( 'NONE', *, *, #2897, .T. ) ;
#1202 = DIRECTION ( 'NONE',  ( 0.0000000000000000000, 0.0000000000000000000, 1.000000000000000000 ) ) ;
#1203 = DIRECTION ( 'NONE',  ( -5.551115123125782702E-17, -1.000000000000000000, 0.0000000000000000000 ) ) ;
#1204 = CARTESIAN_POINT ( 'NONE',  ( -90.00000000000000000, 20.00000000000000355, -84.89999999999997726 ) ) ;
#1205 = ORIENTED_EDGE ( 'NONE', *, *, #2630, .T. ) ;
#1206 = ORIENTED_EDGE ( 'NONE', *, *, #1800, .T. ) ;
#1207 = DIRECTION ( 'NONE',  ( 5.551115123125782702E-17, 1.000000000000000000, 0.0000000000000000000 ) ) ;
#1208 =( GEOMETRIC_REPRESENTATION_CONTEXT ( 3 ) GLOBAL_UNCERTAINTY_ASSIGNED_CONTEXT ( ( #1245 ) ) GLOBAL_UNIT_ASSIGNED_CONTEXT ( ( #3681, #4443, #4120 ) ) REPRESENTATION_CONTEXT ( 'NONE', 'WORKASPACE' ) );
#1209 = ORIENTED_EDGE ( 'NONE', *, *, #645, .F. ) ;
#1210 = EDGE_CURVE ( 'NONE', #4853, #1715, #3188, .T. ) ;
#1211 = ORIENTED_EDGE ( 'NONE', *, *, #378, .T. ) ;
#1212 = DIRECTION ( 'NONE',  ( 0.0000000000000000000, 0.0000000000000000000, 1.000000000000000000 ) ) ;
#1213 = VERTEX_POINT ( 'NONE', #2700 ) ;
#1214 = VECTOR ( 'NONE', #2345, 1000.000000000000227 ) ;
#1215 = SURFACE_STYLE_FILL_AREA ( #4103 ) ;
#1216 = CARTESIAN_POINT ( 'NONE',  ( 39.09746257676360415, 19.99999999999999645, -188.0000000000000284 ) ) ;
#1217 = ORIENTED_EDGE ( 'NONE', *, *, #1899, .T. ) ;
#1218 = PLANE ( 'NONE',  #623 ) ;
#1219 = ORIENTED_EDGE ( 'NONE', *, *, #2070, .F. ) ;
#1220 = CARTESIAN_POINT ( 'NONE',  ( -105.0000000000000142, 35.00000000000000000, -103.0000000000000284 ) ) ;
#1221 = EDGE_CURVE ( 'NONE', #3637, #2638, #4332, .T. ) ;
#1222 = CYLINDRICAL_SURFACE ( 'NONE', #1428, 2.000000000000001776 ) ;
#1223 =( GEOMETRIC_REPRESENTATION_CONTEXT ( 3 ) GLOBAL_UNCERTAINTY_ASSIGNED_CONTEXT ( ( #446 ) ) GLOBAL_UNIT_ASSIGNED_CONTEXT ( ( #376, #4697, #4342 ) ) REPRESENTATION_CONTEXT ( 'NONE', 'WORKASPACE' ) );
#1224 = VECTOR ( 'NONE', #3137, 1000.000000000000000 ) ;
#1225 = SURFACE_STYLE_FILL_AREA ( #3390 ) ;
#1226 = LINE ( 'NONE', #4033, #4210 ) ;
#1227 = ORIENTED_EDGE ( 'NONE', *, *, #4887, .T. ) ;
#1228 = PLANE ( 'NONE',  #366 ) ;
#1229 = ADVANCED_FACE ( 'NONE', ( #4020 ), #1156, .F. ) ;
#1230 = CARTESIAN_POINT ( 'NONE',  ( 60.00000000000000000, 19.99999999999999645, -77.99999999999998579 ) ) ;
#1231 = AXIS2_PLACEMENT_3D ( 'NONE', #4072, #2131, #973 ) ;
#1232 = PRESENTATION_LAYER_ASSIGNMENT (  '', '', ( #2649 ) ) ;
#1233 = ORIENTED_EDGE ( 'NONE', *, *, #1182, .T. ) ;
#1234 = ORIENTED_EDGE ( 'NONE', *, *, #3648, .F. ) ;
#1235 = DIRECTION ( 'NONE',  ( 0.0000000000000000000, 0.0000000000000000000, -1.000000000000000000 ) ) ;
#1236 = DIRECTION ( 'NONE',  ( 5.551115123125782702E-17, 5.551115123125782702E-17, -1.000000000000000000 ) ) ;
#1237 = ORIENTED_EDGE ( 'NONE', *, *, #3115, .F. ) ;
#1238 = EDGE_LOOP ( 'NONE', ( #3703, #264, #2756, #689 ) ) ;
#1239 = DIRECTION ( 'NONE',  ( 0.0000000000000000000, 0.0000000000000000000, 1.000000000000000000 ) ) ;
#1240 = DIRECTION ( 'NONE',  ( -5.551115123125782702E-17, -1.000000000000000000, 0.0000000000000000000 ) ) ;
#1241 = CARTESIAN_POINT ( 'NONE',  ( 49.99999999999998579, 3.469446951953614189E-15, 4.999999999999990230 ) ) ;
#1242 = DIRECTION ( 'NONE',  ( -0.7071067811865475727, -4.024158810645018149E-18, 0.7071067811865474617 ) ) ;
#1243 = EDGE_CURVE ( 'NONE', #726, #3729, #3071, .T. ) ;
#1244 = ORIENTED_EDGE ( 'NONE', *, *, #1959, .F. ) ;
#1245 = UNCERTAINTY_MEASURE_WITH_UNIT (LENGTH_MEASURE( 1.000000000000000082E-05 ), #3681, 'distance_accuracy_value', 'NONE');
#1246 = CARTESIAN_POINT ( 'NONE',  ( -95.00000000000001421, 34.99999999999999289, -70.00000000000000000 ) ) ;
#1247 = CARTESIAN_POINT ( 'NONE',  ( -40.59713828749380582, 19.99999999999999645, -189.3232432741736773 ) ) ;
#1248 = FACE_BOUND ( 'NONE', #2022, .T. ) ;
#1249 = CARTESIAN_POINT ( 'NONE',  ( -102.5000000000000000, 19.99999999999999645, 22.75000000000000711 ) ) ;
#1250 = CYLINDRICAL_SURFACE ( 'NONE', #3796, 5.099999999999993427 ) ;
#1251 = ORIENTED_EDGE ( 'NONE', *, *, #1091, .T. ) ;
#1252 = EDGE_CURVE ( 'NONE', #636, #2193, #986, .T. ) ;
#1253 = PLANE ( 'NONE',  #518 ) ;
#1254 = PRESENTATION_LAYER_ASSIGNMENT (  '', '', ( #1005 ) ) ;
#1255 = AXIS2_PLACEMENT_3D ( 'NONE', #3110, #1537, #2330 ) ;
#1256 = ORIENTED_EDGE ( 'NONE', *, *, #1435, .F. ) ;
#1257 =( NAMED_UNIT ( * ) PLANE_ANGLE_UNIT ( ) SI_UNIT ( $, .RADIAN. ) );
#1258 = ORIENTED_EDGE ( 'NONE', *, *, #1973, .F. ) ;
#1259 = DIRECTION ( 'NONE',  ( -1.899198719357591255E-17, 0.5150380749100562650, 0.8571673007021111124 ) ) ;
#1260 = EDGE_CURVE ( 'NONE', #4269, #2515, #1348, .T. ) ;
#1261 = ORIENTED_EDGE ( 'NONE', *, *, #3621, .F. ) ;
#1262 = CARTESIAN_POINT ( 'NONE',  ( 44.99999999999995026, 3.497848452431099098, -95.00000000000002842 ) ) ;
#1263 = DIRECTION ( 'NONE',  ( 0.7071067811865479058, -5.551115123125785167E-17, 0.7071067811865472397 ) ) ;
#1264 = CARTESIAN_POINT ( 'NONE',  ( -45.00000000000003553, 20.00000000000000711, -55.00000000000002132 ) ) ;
#1265 = CARTESIAN_POINT ( 'NONE',  ( -95.00000000000001421, 34.99999999999999289, -67.00000000000000000 ) ) ;
#1266 = VECTOR ( 'NONE', #88, 1000.000000000000000 ) ;
#1267 = EDGE_CURVE ( 'NONE', #3572, #4115, #4388, .T. ) ;
#1268 = DIRECTION ( 'NONE',  ( -5.551115123125782702E-17, -1.000000000000000000, 0.0000000000000000000 ) ) ;
#1269 = LINE ( 'NONE', #1525, #4805 ) ;
#1270 = LINE ( 'NONE', #1375, #1950 ) ;
#1271 = ORIENTED_EDGE ( 'NONE', *, *, #2769, .T. ) ;
#1272 = ORIENTED_EDGE ( 'NONE', *, *, #2002, .T. ) ;
#1273 = FACE_OUTER_BOUND ( 'NONE', #4675, .T. ) ;
#1274 = VECTOR ( 'NONE', #4446, 1000.000000000000000 ) ;
#1275 = DIRECTION ( 'NONE',  ( 0.0000000000000000000, 0.0000000000000000000, 1.000000000000000000 ) ) ;
#1276 = CYLINDRICAL_SURFACE ( 'NONE', #2866, 2.000000000000001776 ) ;
#1277 = PLANE ( 'NONE',  #4518 ) ;
#1278 = EDGE_CURVE ( 'NONE', #1389, #968, #4220, .T. ) ;
#1279 = ORIENTED_EDGE ( 'NONE', *, *, #2289, .F. ) ;
#1280 = VERTEX_POINT ( 'NONE', #1951 ) ;
#1281 = MECHANICAL_DESIGN_GEOMETRIC_PRESENTATION_REPRESENTATION (  '', ( #1025 ), #287 ) ;
#1282 = CIRCLE ( 'NONE', #657, 3.000000000000002665 ) ;
#1283 = CARTESIAN_POINT ( 'NONE',  ( 95.00000000000001421, 19.99999999999999645, 70.00000000000000000 ) ) ;
#1284 = CARTESIAN_POINT ( 'NONE',  ( -89.99999999999997158, 34.99999999999999289, 90.00000000000000000 ) ) ;
#1285 = ORIENTED_EDGE ( 'NONE', *, *, #4919, .T. ) ;
#1286 = CARTESIAN_POINT ( 'NONE',  ( -89.99999999999997158, -8.673617379884035472E-15, 95.10000000000002274 ) ) ;
#1287 = ORIENTED_EDGE ( 'NONE', *, *, #2249, .F. ) ;
#1288 = STYLED_ITEM ( 'NONE', ( #1574 ), #185 ) ;
#1289 = PRESENTATION_LAYER_ASSIGNMENT (  '', '', ( #2187 ) ) ;
#1290 = VECTOR ( 'NONE', #1437, 1000.000000000000000 ) ;
#1291 = EDGE_LOOP ( 'NONE', ( #1219, #1201, #5034, #3055 ) ) ;
#1292 = ORIENTED_EDGE ( 'NONE', *, *, #4491, .F. ) ;
#1293 = VECTOR ( 'NONE', #1847, 1000.000000000000000 ) ;
#1294 = VERTEX_POINT ( 'NONE', #4289 ) ;
#1295 = DIRECTION ( 'NONE',  ( 1.811454192398136773E-16, 0.5150380749100562650, -0.8571673007021111124 ) ) ;
#1296 = AXIS2_PLACEMENT_3D ( 'NONE', #3301, #3323, #4835 ) ;
#1297 = PRODUCT ( '4GAA002120202003X', '4GAA002120202003X', '', ( #4662 ) ) ;
#1298 = ORIENTED_EDGE ( 'NONE', *, *, #1962, .F. ) ;
#1299 = ADVANCED_FACE ( 'NONE', ( #15, #861 ), #2744, .T. ) ;
#1300 = EDGE_CURVE ( 'NONE', #3532, #909, #2342, .T. ) ;
#1301 = CARTESIAN_POINT ( 'NONE',  ( 76.99999999999997158, 34.99999999999999289, 104.9999999999999858 ) ) ;
#1302 = CARTESIAN_POINT ( 'NONE',  ( -45.00000000000003553, 3.497848452431093769, -95.00000000000002842 ) ) ;
#1303 = VERTEX_POINT ( 'NONE', #4048 ) ;
#1304 = PRESENTATION_STYLE_ASSIGNMENT (( #953 ) ) ;
#1305 = FACE_OUTER_BOUND ( 'NONE', #3859, .T. ) ;
#1306 = DIRECTION ( 'NONE',  ( 5.551115123125782702E-17, 1.000000000000000000, 0.0000000000000000000 ) ) ;
#1307 = LINE ( 'NONE', #1398, #3871 ) ;
#1308 = EDGE_CURVE ( 'NONE', #4688, #333, #130, .T. ) ;
#1309 = AXIS2_PLACEMENT_3D ( 'NONE', #3869, #1532, #1554 ) ;
#1310 = SURFACE_SIDE_STYLE ('',( #1215 ) ) ;
#1311 = DIRECTION ( 'NONE',  ( 5.551115123125782702E-17, 1.000000000000000000, 0.0000000000000000000 ) ) ;
#1312 = FACE_OUTER_BOUND ( 'NONE', #977, .T. ) ;
#1313 = FACE_OUTER_BOUND ( 'NONE', #1703, .T. ) ;
#1314 = FILL_AREA_STYLE_COLOUR ( '', #1374 ) ;
#1315 = EDGE_CURVE ( 'NONE', #4734, #2440, #258, .T. ) ;
#1316 = CARTESIAN_POINT ( 'NONE',  ( 50.00000000000000000, 19.99999999999999645, 99.99999999999997158 ) ) ;
#1317 = FILL_AREA_STYLE_COLOUR ( '', #4628 ) ;
#1318 = FILL_AREA_STYLE ('',( #4129 ) ) ;
#1319 = DIRECTION ( 'NONE',  ( 0.7071067811865475727, 4.024158810645012756E-18, -0.7071067811865475727 ) ) ;
#1320 = VERTEX_POINT ( 'NONE', #4838 ) ;
#1321 = ORIENTED_EDGE ( 'NONE', *, *, #1920, .T. ) ;
#1322 = EDGE_LOOP ( 'NONE', ( #2927, #3884, #4607, #2147 ) ) ;
#1323 = SHAPE_REPRESENTATION_RELATIONSHIP ( 'NONE' , 'NONE' ,  #822, #4274 ) ;
#1324 = ADVANCED_FACE ( 'NONE', ( #3367 ), #3845, .F. ) ;
#1325 = VERTEX_POINT ( 'NONE', #1681 ) ;
#1326 = EDGE_LOOP ( 'NONE', ( #1183, #1596, #2339 ) ) ;
#1327 = EDGE_LOOP ( 'NONE', ( #3375, #1952 ) ) ;
#1328 =( GEOMETRIC_REPRESENTATION_CONTEXT ( 3 ) GLOBAL_UNCERTAINTY_ASSIGNED_CONTEXT ( ( #356 ) ) GLOBAL_UNIT_ASSIGNED_CONTEXT ( ( #255, #4886, #2234 ) ) REPRESENTATION_CONTEXT ( 'NONE', 'WORKASPACE' ) );
#1329 = SURFACE_STYLE_USAGE ( .BOTH. , #965 ) ;
#1330 = COLOUR_RGB ( '',0.6470588235294117974, 0.6196078431372549211, 0.5882352941176470784 ) ;
#1331 = ORIENTED_EDGE ( 'NONE', *, *, #575, .F. ) ;
#1332 = CARTESIAN_POINT ( 'NONE',  ( 134.9999999999999716, -2.081668171172168513E-14, 67.50000000000001421 ) ) ;
#1333 = EDGE_LOOP ( 'NONE', ( #3044, #1027, #3376, #598 ) ) ;
#1334 = DIRECTION ( 'NONE',  ( -0.7071067811865473507, 5.551115123125785167E-17, -0.7071067811865477948 ) ) ;
#1335 = EDGE_CURVE ( 'NONE', #1518, #2578, #4097, .T. ) ;
#1336 = CIRCLE ( 'NONE', #2463, 39.99999999999997868 ) ;
#1337 = CIRCLE ( 'NONE', #2747, 4.500000000000003553 ) ;
#1338 = EDGE_LOOP ( 'NONE', ( #1590, #4739, #787, #1877 ) ) ;
#1339 = PRODUCT_RELATED_PRODUCT_CATEGORY ( 'part', '', ( #1297 ) ) ;
#1340 = ORIENTED_EDGE ( 'NONE', *, *, #3215, .F. ) ;
#1341 = DIRECTION ( 'NONE',  ( -5.551115123125782702E-17, -1.000000000000000000, 0.0000000000000000000 ) ) ;
#1342 = DIRECTION ( 'NONE',  ( 5.551115123125782702E-17, 1.000000000000000000, 0.0000000000000000000 ) ) ;
#1343 = FACE_OUTER_BOUND ( 'NONE', #4770, .T. ) ;
#1344 = VECTOR ( 'NONE', #4968, 1000.000000000000000 ) ;
#1345 = EDGE_LOOP ( 'NONE', ( #1046, #3577, #4920, #3772 ) ) ;
#1346 = EDGE_LOOP ( 'NONE', ( #4695, #1461, #690, #1887 ) ) ;
#1347 = LINE ( 'NONE', #2437, #1110 ) ;
#1348 = LINE ( 'NONE', #3222, #2150 ) ;
#1349 = VECTOR ( 'NONE', #1986, 1000.000000000000000 ) ;
#1350 = VERTEX_POINT ( 'NONE', #2183 ) ;
#1351 = VERTEX_POINT ( 'NONE', #3355 ) ;
#1352 = CARTESIAN_POINT ( 'NONE',  ( -164.9999999999999716, 20.00000000000000711, 40.00000000000000711 ) ) ;
#1353 = CARTESIAN_POINT ( 'NONE',  ( -102.5000000000000000, 19.99999999999999645, 26.15000000000000568 ) ) ;
#1354 = EDGE_CURVE ( 'NONE', #3729, #284, #2937, .T. ) ;
#1355 = EDGE_CURVE ( 'NONE', #3292, #4550, #2208, .T. ) ;
#1356 = PRESENTATION_LAYER_ASSIGNMENT (  '', '', ( #4743 ) ) ;
#1357 = ORIENTED_EDGE ( 'NONE', *, *, #637, .T. ) ;
#1358 = CARTESIAN_POINT ( 'NONE',  ( 77.00000000000000000, 20.00000000000000355, -105.0000000000000284 ) ) ;
#1359 = VECTOR ( 'NONE', #3692, 1000.000000000000000 ) ;
#1360 = DIRECTION ( 'NONE',  ( 0.0000000000000000000, 0.0000000000000000000, 1.000000000000000000 ) ) ;
#1361 = ORIENTED_EDGE ( 'NONE', *, *, #741, .T. ) ;
#1362 = ORIENTED_EDGE ( 'NONE', *, *, #1478, .F. ) ;
#1363 = DIRECTION ( 'NONE',  ( -1.000000000000000000, 0.0000000000000000000, 7.771561172376097755E-16 ) ) ;
#1364 = EDGE_LOOP ( 'NONE', ( #2410, #1650, #1064, #5022 ) ) ;
#1365 = VECTOR ( 'NONE', #1061, 1000.000000000000000 ) ;
#1366 = VECTOR ( 'NONE', #2602, 1000.000000000000000 ) ;
#1367 =( NAMED_UNIT ( * ) SI_UNIT ( $, .STERADIAN. ) SOLID_ANGLE_UNIT ( ) );
#1368 = DIRECTION ( 'NONE',  ( 0.0000000000000000000, 0.0000000000000000000, 1.000000000000000000 ) ) ;
#1369 = CARTESIAN_POINT ( 'NONE',  ( 60.00000000000000711, 0.0000000000000000000, -82.49999999999998579 ) ) ;
#1370 = AXIS2_PLACEMENT_3D ( 'NONE', #3500, #782, #3141 ) ;
#1371 = DIRECTION ( 'NONE',  ( -5.551115123125782702E-17, -5.551115123125782702E-17, 1.000000000000000000 ) ) ;
#1372 = DIRECTION ( 'NONE',  ( -1.000000000000000000, 0.0000000000000000000, -5.551115123125782702E-17 ) ) ;
#1373 = EDGE_CURVE ( 'NONE', #338, #3393, #3245, .T. ) ;
#1374 = COLOUR_RGB ( '',0.6470588235294117974, 0.6196078431372549211, 0.5882352941176470784 ) ;
#1375 = CARTESIAN_POINT ( 'NONE',  ( 102.9999999999999858, 35.00000000000000000, -60.00000000000002842 ) ) ;
#1376 = EDGE_CURVE ( 'NONE', #3172, #3778, #745, .T. ) ;
#1377 = MECHANICAL_DESIGN_GEOMETRIC_PRESENTATION_REPRESENTATION (  '', ( #1489 ), #1223 ) ;
#1378 = CARTESIAN_POINT ( 'NONE',  ( 89.99999999999998579, 35.00000000000000000, -90.00000000000001421 ) ) ;
#1379 = DIRECTION ( 'NONE',  ( 5.551115123125782702E-17, 1.000000000000000000, 0.0000000000000000000 ) ) ;
#1380 = ORIENTED_EDGE ( 'NONE', *, *, #1278, .F. ) ;
#1381 = ORIENTED_EDGE ( 'NONE', *, *, #1165, .F. ) ;
#1382 = CARTESIAN_POINT ( 'NONE',  ( -39.09746257676363257, -6.938893903907228378E-15, -190.0000000000000000 ) ) ;
#1383 = ORIENTED_EDGE ( 'NONE', *, *, #4230, .T. ) ;
#1384 = AXIS2_PLACEMENT_3D ( 'NONE', #2030, #1268, #2823 ) ;
#1385 = CARTESIAN_POINT ( 'NONE',  ( -90.00000000000000000, 20.00000000000000355, -95.09999999999996589 ) ) ;
#1386 = AXIS2_PLACEMENT_3D ( 'NONE', #298, #4974, #3054 ) ;
#1387 = PLANE ( 'NONE',  #2777 ) ;
#1388 = ORIENTED_EDGE ( 'NONE', *, *, #2390, .T. ) ;
#1389 = VERTEX_POINT ( 'NONE', #1749 ) ;
#1390 = ORIENTED_EDGE ( 'NONE', *, *, #4296, .T. ) ;
#1391 = PRESENTATION_STYLE_ASSIGNMENT (( #1777 ) ) ;
#1392 = VERTEX_POINT ( 'NONE', #2600 ) ;
#1393 = VERTEX_POINT ( 'NONE', #2218 ) ;
#1394 = UNCERTAINTY_MEASURE_WITH_UNIT (LENGTH_MEASURE( 1.000000000000000082E-05 ), #4620, 'distance_accuracy_value', 'NONE');
#1395 = AXIS2_PLACEMENT_3D ( 'NONE', #4253, #5009, #735 ) ;
#1396 = FACE_OUTER_BOUND ( 'NONE', #2069, .T. ) ;
#1397 = FACE_OUTER_BOUND ( 'NONE', #2382, .T. ) ;
#1398 = CARTESIAN_POINT ( 'NONE',  ( -135.0000000000000000, 19.99999999999998934, 52.49999999999997868 ) ) ;
#1399 = DIRECTION ( 'NONE',  ( -5.551115123125774690E-17, 0.0000000000000000000, 1.000000000000000000 ) ) ;
#1400 = COLOUR_RGB ( '',1.000000000000000000, 1.000000000000000000, 1.000000000000000000 ) ;
#1401 = SURFACE_SIDE_STYLE ('',( #1225 ) ) ;
#1402 = ORIENTED_EDGE ( 'NONE', *, *, #4308, .F. ) ;
#1403 = EDGE_CURVE ( 'NONE', #3711, #629, #2820, .T. ) ;
#1404 = ORIENTED_EDGE ( 'NONE', *, *, #674, .F. ) ;
#1405 = DIRECTION ( 'NONE',  ( -5.551115123125782702E-17, -1.000000000000000000, 0.0000000000000000000 ) ) ;
#1406 = ADVANCED_FACE ( 'NONE', ( #1396 ), #2871, .F. ) ;
#1407 = LINE ( 'NONE', #4023, #2141 ) ;
#1408 = ORIENTED_EDGE ( 'NONE', *, *, #1165, .T. ) ;
#1409 = DIRECTION ( 'NONE',  ( -1.000000000000000000, -5.551115123125782702E-17, 5.551115123125782702E-17 ) ) ;
#1410 = ORIENTED_EDGE ( 'NONE', *, *, #3750, .F. ) ;
#1411 = VECTOR ( 'NONE', #3862, 1000.000000000000000 ) ;
#1412 = EDGE_CURVE ( 'NONE', #3701, #1320, #3468, .T. ) ;
#1413 = ORIENTED_EDGE ( 'NONE', *, *, #4857, .F. ) ;
#1414 = VECTOR ( 'NONE', #1263, 999.9999999999998863 ) ;
#1415 = EDGE_LOOP ( 'NONE', ( #3620, #319, #2446, #4330 ) ) ;
#1416 = DIRECTION ( 'NONE',  ( 5.551115123125782702E-17, 1.000000000000000000, 0.0000000000000000000 ) ) ;
#1417 = EDGE_LOOP ( 'NONE', ( #2456, #2914, #4405, #2801 ) ) ;
#1418 = CARTESIAN_POINT ( 'NONE',  ( -103.0000000000000000, 19.99999999999999645, -60.00000000000001421 ) ) ;
#1419 =( NAMED_UNIT ( * ) PLANE_ANGLE_UNIT ( ) SI_UNIT ( $, .RADIAN. ) );
#1420 = DIRECTION ( 'NONE',  ( 0.0000000000000000000, 0.0000000000000000000, 1.000000000000000000 ) ) ;
#1421 = EDGE_CURVE ( 'NONE', #3680, #1034, #3652, .T. ) ;
#1422 = STYLED_ITEM ( 'NONE', ( #4345 ), #3180 ) ;
#1423 = COLOUR_RGB ( '',1.000000000000000000, 1.000000000000000000, 1.000000000000000000 ) ;
#1424 = DIRECTION ( 'NONE',  ( -5.551115123125782702E-17, 5.551115123125782702E-17, -1.000000000000000000 ) ) ;
#1425 = DIRECTION ( 'NONE',  ( -5.551115123125782702E-17, -6.162975822039154730E-33, -1.000000000000000000 ) ) ;
#1426 = DIRECTION ( 'NONE',  ( -0.7071067811865477948, 0.0000000000000000000, -0.7071067811865473507 ) ) ;
#1427 = VECTOR ( 'NONE', #3818, 1000.000000000000000 ) ;
#1428 = AXIS2_PLACEMENT_3D ( 'NONE', #139, #1038, #3743 ) ;
#1429 = EDGE_LOOP ( 'NONE', ( #606, #1767, #7, #360 ) ) ;
#1430 = LINE ( 'NONE', #1771, #3149 ) ;
#1431 =( GEOMETRIC_REPRESENTATION_CONTEXT ( 3 ) GLOBAL_UNCERTAINTY_ASSIGNED_CONTEXT ( ( #1866 ) ) GLOBAL_UNIT_ASSIGNED_CONTEXT ( ( #337, #1917, #719 ) ) REPRESENTATION_CONTEXT ( 'NONE', 'WORKASPACE' ) );
#1432 = CARTESIAN_POINT ( 'NONE',  ( -119.9999999999999716, -3.469446951953614978E-15, 99.50000000000000000 ) ) ;
#1433 = ADVANCED_FACE ( 'NONE', ( #1956 ), #1104, .F. ) ;
#1434 = FACE_OUTER_BOUND ( 'NONE', #904, .T. ) ;
#1435 = EDGE_CURVE ( 'NONE', #339, #122, #1831, .T. ) ;
#1436 = CARTESIAN_POINT ( 'NONE',  ( -89.99999999999997158, -8.673617379884035472E-15, 90.00000000000002842 ) ) ;
#1437 = DIRECTION ( 'NONE',  ( 5.551115123125782702E-17, 1.000000000000000000, 0.0000000000000000000 ) ) ;
#1438 =( NAMED_UNIT ( * ) PLANE_ANGLE_UNIT ( ) SI_UNIT ( $, .RADIAN. ) );
#1439 = SURFACE_STYLE_USAGE ( .BOTH. , #1401 ) ;
#1440 = CARTESIAN_POINT ( 'NONE',  ( 19.99999999999998224, 0.0000000000000000000, -40.00000000000000711 ) ) ;
#1441 = CARTESIAN_POINT ( 'NONE',  ( -114.9999999999999858, 19.99999999999998579, -9.999999999999991118 ) ) ;
#1442 = EDGE_CURVE ( 'NONE', #4853, #1759, #1599, .T. ) ;
#1443 = CARTESIAN_POINT ( 'NONE',  ( -19.99999999999996803, -1.734723475976807094E-15, -39.99999999999999289 ) ) ;
#1444 = CARTESIAN_POINT ( 'NONE',  ( -119.9999999999999716, 19.99999999999999645, 95.00000000000000000 ) ) ;
#1445 = SURFACE_STYLE_FILL_AREA ( #4042 ) ;
#1446 = FACE_BOUND ( 'NONE', #1029, .T. ) ;
#1447 = ORIENTED_EDGE ( 'NONE', *, *, #3384, .T. ) ;
#1448 = EDGE_CURVE ( 'NONE', #2831, #3172, #4749, .T. ) ;
#1449 = EDGE_CURVE ( 'NONE', #4575, #1663, #560, .T. ) ;
#1450 = ORIENTED_EDGE ( 'NONE', *, *, #4165, .T. ) ;
#1451 = DIRECTION ( 'NONE',  ( 0.0000000000000000000, 0.0000000000000000000, 1.000000000000000000 ) ) ;
#1452 = DIRECTION ( 'NONE',  ( 0.0000000000000000000, 0.0000000000000000000, 1.000000000000000000 ) ) ;
#1453 = SURFACE_SIDE_STYLE ('',( #2688 ) ) ;
#1454 = ORIENTED_EDGE ( 'NONE', *, *, #3319, .F. ) ;
#1455 = EDGE_LOOP ( 'NONE', ( #4119, #1093, #2525, #4453 ) ) ;
#1456 = FILL_AREA_STYLE_COLOUR ( '', #2082 ) ;
#1457 =( LENGTH_UNIT ( ) NAMED_UNIT ( * ) SI_UNIT ( .MILLI., .METRE. ) );
#1458 = ADVANCED_FACE ( 'NONE', ( #1343 ), #2679, .F. ) ;
#1459 = CYLINDRICAL_SURFACE ( 'NONE', #2723, 9.999999999999980460 ) ;
#1460 = AXIS2_PLACEMENT_3D ( 'NONE', #734, #4988, #4565 ) ;
#1461 = ORIENTED_EDGE ( 'NONE', *, *, #1373, .T. ) ;
#1462 = DIRECTION ( 'NONE',  ( 5.551115123125782702E-17, 1.000000000000000000, -0.0000000000000000000 ) ) ;
#1463 = FILL_AREA_STYLE_COLOUR ( '', #1400 ) ;
#1464 = LINE ( 'NONE', #4372, #437 ) ;
#1465 = VECTOR ( 'NONE', #2312, 1000.000000000000000 ) ;
#1466 = CYLINDRICAL_SURFACE ( 'NONE', #1143, 7.500000000000007105 ) ;
#1467 = EDGE_LOOP ( 'NONE', ( #3584, #3135 ) ) ;
#1468 = ORIENTED_EDGE ( 'NONE', *, *, #4406, .F. ) ;
#1469 = FACE_OUTER_BOUND ( 'NONE', #808, .T. ) ;
#1470 = VECTOR ( 'NONE', #4859, 1000.000000000000000 ) ;
#1471 = ORIENTED_EDGE ( 'NONE', *, *, #547, .F. ) ;
#1472 = PRODUCT_DEFINITION ( 'UNKNOWN', '', #2599, #2680 ) ;
#1473 = ORIENTED_EDGE ( 'NONE', *, *, #2557, .T. ) ;
#1474 = VECTOR ( 'NONE', #2407, 1000.000000000000000 ) ;
#1475 = CARTESIAN_POINT ( 'NONE',  ( -76.99999999999998579, 34.99999999999999289, -105.0000000000000142 ) ) ;
#1476 = SURFACE_SIDE_STYLE ('',( #3283 ) ) ;
#1477 = CARTESIAN_POINT ( 'NONE',  ( -89.99999999999997158, 19.99999999999998934, 95.09999999999999432 ) ) ;
#1478 = EDGE_CURVE ( 'NONE', #2578, #1480, #2519, .T. ) ;
#1479 = CARTESIAN_POINT ( 'NONE',  ( 115.0000000000000284, 0.0000000000000000000, -10.00000000000002309 ) ) ;
#1480 = VERTEX_POINT ( 'NONE', #347 ) ;
#1481 = ORIENTED_EDGE ( 'NONE', *, *, #3310, .T. ) ;
#1482 = DIRECTION ( 'NONE',  ( 5.551115123125782702E-17, 1.000000000000000000, 0.0000000000000000000 ) ) ;
#1483 = DIRECTION ( 'NONE',  ( 0.7071067811865479058, 4.703701525700103811E-17, -0.7071067811865471286 ) ) ;
#1484 = DIRECTION ( 'NONE',  ( -5.551115123125782702E-17, -1.000000000000000000, 0.0000000000000000000 ) ) ;
#1485 = DIRECTION ( 'NONE',  ( 5.551115123125782702E-17, 1.000000000000000000, 0.0000000000000000000 ) ) ;
#1486 = VERTEX_POINT ( 'NONE', #1440 ) ;
#1487 = ORIENTED_EDGE ( 'NONE', *, *, #4057, .T. ) ;
#1488 = EDGE_CURVE ( 'NONE', #4282, #742, #3839, .T. ) ;
#1489 = STYLED_ITEM ( 'NONE', ( #1163 ), #1773 ) ;
#1490 = VERTEX_POINT ( 'NONE', #3034 ) ;
#1491 = ADVANCED_FACE ( 'NONE', ( #3003 ), #443, .F. ) ;
#1492 = ORIENTED_EDGE ( 'NONE', *, *, #1191, .T. ) ;
#1493 = DIRECTION ( 'NONE',  ( -0.7071067811865474617, 0.0000000000000000000, -0.7071067811865474617 ) ) ;
#1494 = AXIS2_PLACEMENT_3D ( 'NONE', #2307, #3441, #1578 ) ;
#1495 = CARTESIAN_POINT ( 'NONE',  ( 102.9999999999999858, 35.00000000000000000, -60.00000000000002842 ) ) ;
#1496 = AXIS2_PLACEMENT_3D ( 'NONE', #228, #1405, #240 ) ;
#1497 = VECTOR ( 'NONE', #555, 1000.000000000000227 ) ;
#1498 = VECTOR ( 'NONE', #2222, 1000.000000000000000 ) ;
#1499 = CARTESIAN_POINT ( 'NONE',  ( 165.0000000000000000, 2.081668171172168513E-14, 39.99999999999995026 ) ) ;
#1500 = CARTESIAN_POINT ( 'NONE',  ( -95.00000000000001421, 19.99999999999999645, -70.00000000000001421 ) ) ;
#1501 = UNCERTAINTY_MEASURE_WITH_UNIT (LENGTH_MEASURE( 1.000000000000000082E-05 ), #2894, 'distance_accuracy_value', 'NONE');
#1502 = DIRECTION ( 'NONE',  ( 5.551115123125782702E-17, 1.000000000000000000, 0.0000000000000000000 ) ) ;
#1503 = LINE ( 'NONE', #1127, #1919 ) ;
#1504 =( GEOMETRIC_REPRESENTATION_CONTEXT ( 3 ) GLOBAL_UNCERTAINTY_ASSIGNED_CONTEXT ( ( #589 ) ) GLOBAL_UNIT_ASSIGNED_CONTEXT ( ( #686, #4943, #2204 ) ) REPRESENTATION_CONTEXT ( 'NONE', 'WORKASPACE' ) );
#1505 = CARTESIAN_POINT ( 'NONE',  ( -95.00000000000001421, 19.99999999999999645, -73.00000000000001421 ) ) ;
#1506 = EDGE_CURVE ( 'NONE', #687, #721, #1648, .T. ) ;
#1507 = FACE_BOUND ( 'NONE', #2130, .T. ) ;
#1508 = VERTEX_POINT ( 'NONE', #3416 ) ;
#1509 = DIRECTION ( 'NONE',  ( 5.551115123125782702E-17, 1.000000000000000000, 0.0000000000000000000 ) ) ;
#1510 = DIRECTION ( 'NONE',  ( 0.7071067811865474617, -5.551115123125782702E-17, 0.7071067811865475727 ) ) ;
#1511 = DIRECTION ( 'NONE',  ( 5.551115123125782702E-17, 1.000000000000000000, 0.0000000000000000000 ) ) ;
#1512 = VECTOR ( 'NONE', #163, 1000.000000000000000 ) ;
#1513 =( NAMED_UNIT ( * ) SI_UNIT ( $, .STERADIAN. ) SOLID_ANGLE_UNIT ( ) );
#1514 = ADVANCED_FACE ( 'NONE', ( #3065 ), #1890, .T. ) ;
#1515 = CARTESIAN_POINT ( 'NONE',  ( -135.0000000000000000, -5.204170427930421283E-15, 60.00000000000000000 ) ) ;
#1516 = ORIENTED_EDGE ( 'NONE', *, *, #3271, .F. ) ;
#1517 = ORIENTED_EDGE ( 'NONE', *, *, #2359, .F. ) ;
#1518 = VERTEX_POINT ( 'NONE', #4984 ) ;
#1519 = ORIENTED_EDGE ( 'NONE', *, *, #3565, .T. ) ;
#1520 = AXIS2_PLACEMENT_3D ( 'NONE', #2428, #1194, #2362 ) ;
#1521 = AXIS2_PLACEMENT_3D ( 'NONE', #4931, #3714, #3735 ) ;
#1522 = LINE ( 'NONE', #507, #3036 ) ;
#1523 = CARTESIAN_POINT ( 'NONE',  ( 89.99999999999998579, 35.00000000000000000, -90.00000000000001421 ) ) ;
#1524 = LINE ( 'NONE', #1176, #611 ) ;
#1525 = CARTESIAN_POINT ( 'NONE',  ( -49.99999999999996447, -1.040834085586084257E-14, 100.0000000000000000 ) ) ;
#1526 = ORIENTED_EDGE ( 'NONE', *, *, #3399, .T. ) ;
#1527 = DIRECTION ( 'NONE',  ( -5.551115123125782702E-17, -1.000000000000000000, 0.0000000000000000000 ) ) ;
#1528 = EDGE_LOOP ( 'NONE', ( #4143, #1939, #3114, #5035 ) ) ;
#1529 = CIRCLE ( 'NONE', #1884, 3.000000000000002665 ) ;
#1530 = VECTOR ( 'NONE', #3883, 1000.000000000000000 ) ;
#1531 = AXIS2_PLACEMENT_3D ( 'NONE', #567, #1700, #4385 ) ;
#1532 = DIRECTION ( 'NONE',  ( -0.7071067811865474617, 1.540743955509788682E-33, -0.7071067811865475727 ) ) ;
#1533 = SURFACE_STYLE_FILL_AREA ( #370 ) ;
#1534 = ORIENTED_EDGE ( 'NONE', *, *, #1704, .T. ) ;
#1535 = PLANE ( 'NONE',  #301 ) ;
#1536 = VERTEX_POINT ( 'NONE', #1479 ) ;
#1537 = DIRECTION ( 'NONE',  ( 5.551115123125782702E-17, 1.000000000000000000, 0.0000000000000000000 ) ) ;
#1538 = CIRCLE ( 'NONE', #2154, 30.00000000000000000 ) ;
#1539 = VECTOR ( 'NONE', #2943, 1000.000000000000000 ) ;
#1540 = DIRECTION ( 'NONE',  ( 5.551115123125782702E-17, 1.000000000000000000, 0.0000000000000000000 ) ) ;
#1541 = ORIENTED_EDGE ( 'NONE', *, *, #1145, .F. ) ;
#1542 = EDGE_CURVE ( 'NONE', #4653, #3461, #4559, .T. ) ;
#1543 = DIRECTION ( 'NONE',  ( 5.551115123125782702E-17, 1.000000000000000000, 0.0000000000000000000 ) ) ;
#1544 = ADVANCED_FACE ( 'NONE', ( #1469 ), #2300, .F. ) ;
#1545 = LINE ( 'NONE', #4690, #2825 ) ;
#1546 = ORIENTED_EDGE ( 'NONE', *, *, #595, .F. ) ;
#1547 = DIRECTION ( 'NONE',  ( -1.000000000000000000, 0.0000000000000000000, -5.551115123125781716E-16 ) ) ;
#1548 = ORIENTED_EDGE ( 'NONE', *, *, #547, .T. ) ;
#1549 =( NAMED_UNIT ( * ) PLANE_ANGLE_UNIT ( ) SI_UNIT ( $, .RADIAN. ) );
#1550 = EDGE_CURVE ( 'NONE', #3061, #3365, #320, .T. ) ;
#1551 = CARTESIAN_POINT ( 'NONE',  ( -103.0000000000000000, 35.00000000000000000, -60.00000000000001421 ) ) ;
#1552 = CIRCLE ( 'NONE', #2546, 5.099999999999993427 ) ;
#1553 = VERTEX_POINT ( 'NONE', #2778 ) ;
#1554 = DIRECTION ( 'NONE',  ( -0.7071067811865475727, -1.730537381620162519E-17, 0.7071067811865474617 ) ) ;
#1555 = CARTESIAN_POINT ( 'NONE',  ( -49.99999999999997158, -1.734723475976807094E-15, -4.999999999999997335 ) ) ;
#1556 = COLOUR_RGB ( '',0.6470588235294117974, 0.6196078431372549211, 0.5882352941176470784 ) ;
#1557 = CARTESIAN_POINT ( 'NONE',  ( -77.00000000000001421, 35.00000000000000711, -60.00000000000001421 ) ) ;
#1558 = EDGE_CURVE ( 'NONE', #1113, #3292, #618, .T. ) ;
#1559 = MECHANICAL_DESIGN_GEOMETRIC_PRESENTATION_REPRESENTATION (  '', ( #2148 ), #4414 ) ;
#1560 = FACE_BOUND ( 'NONE', #3900, .T. ) ;
#1561 = ORIENTED_EDGE ( 'NONE', *, *, #1017, .T. ) ;
#1562 = LINE ( 'NONE', #160, #1497 ) ;
#1563 = DIRECTION ( 'NONE',  ( 0.0000000000000000000, 0.0000000000000000000, 1.000000000000000000 ) ) ;
#1564 = AXIS2_PLACEMENT_3D ( 'NONE', #1246, #3592, #4360 ) ;
#1565 = SURFACE_STYLE_USAGE ( .BOTH. , #4262 ) ;
#1566 = VECTOR ( 'NONE', #2785, 1000.000000000000000 ) ;
#1567 = MANIFOLD_SOLID_BREP ( 'Ø6.0 (6) Diameter Hole1[2]', #2305 ) ;
#1568 = VECTOR ( 'NONE', #213, 1000.000000000000000 ) ;
#1569 = ADVANCED_FACE ( 'NONE', ( #4440 ), #71, .F. ) ;
#1570 = DIRECTION ( 'NONE',  ( 0.0000000000000000000, 0.0000000000000000000, -1.000000000000000000 ) ) ;
#1571 = DIRECTION ( 'NONE',  ( 0.0000000000000000000, 0.0000000000000000000, -1.000000000000000000 ) ) ;
#1572 = VECTOR ( 'NONE', #1918, 1000.000000000000000 ) ;
#1573 = CARTESIAN_POINT ( 'NONE',  ( 102.9999999999999716, 34.99999999999998579, 105.0000000000000142 ) ) ;
#1574 = PRESENTATION_STYLE_ASSIGNMENT (( #4055 ) ) ;
#1575 = CARTESIAN_POINT ( 'NONE',  ( -1.734723475976807094E-15, 35.00000000000000000, 0.0000000000000000000 ) ) ;
#1576 =( GEOMETRIC_REPRESENTATION_CONTEXT ( 3 ) GLOBAL_UNCERTAINTY_ASSIGNED_CONTEXT ( ( #3744 ) ) GLOBAL_UNIT_ASSIGNED_CONTEXT ( ( #4506, #1419, #3783 ) ) REPRESENTATION_CONTEXT ( 'NONE', 'WORKASPACE' ) );
#1577 = CYLINDRICAL_SURFACE ( 'NONE', #576, 4.500000000000003553 ) ;
#1578 = DIRECTION ( 'NONE',  ( 0.0000000000000000000, 0.0000000000000000000, 1.000000000000000000 ) ) ;
#1579 = DIRECTION ( 'NONE',  ( 0.0000000000000000000, 0.0000000000000000000, 1.000000000000000000 ) ) ;
#1580 = ORIENTED_EDGE ( 'NONE', *, *, #2769, .F. ) ;
#1581 = EDGE_CURVE ( 'NONE', #3461, #4653, #4986, .T. ) ;
#1582 = ORIENTED_EDGE ( 'NONE', *, *, #4742, .F. ) ;
#1583 = DIRECTION ( 'NONE',  ( -5.551115123125782702E-17, -1.000000000000000000, 0.0000000000000000000 ) ) ;
#1584 = SURFACE_STYLE_USAGE ( .BOTH. , #4704 ) ;
#1585 = ORIENTED_EDGE ( 'NONE', *, *, #3658, .F. ) ;
#1586 = CARTESIAN_POINT ( 'NONE',  ( -49.99999999999999289, -1.734723475976807094E-15, -4.999999999999990230 ) ) ;
#1587 = AXIS2_PLACEMENT_3D ( 'NONE', #2066, #1678, #1239 ) ;
#1588 = PRESENTATION_STYLE_ASSIGNMENT (( #3411 ) ) ;
#1589 = DIRECTION ( 'NONE',  ( -5.551115123125782702E-17, -1.000000000000000000, 0.0000000000000000000 ) ) ;
#1590 = ORIENTED_EDGE ( 'NONE', *, *, #1488, .F. ) ;
#1591 = LINE ( 'NONE', #3945, #675 ) ;
#1592 = ADVANCED_FACE ( 'NONE', ( #2139 ), #2325, .F. ) ;
#1593 = CARTESIAN_POINT ( 'NONE',  ( -19.99999999999996803, -1.734723475976807094E-15, -39.99999999999999289 ) ) ;
#1594 = EDGE_CURVE ( 'NONE', #1609, #4390, #3470, .T. ) ;
#1595 = ORIENTED_EDGE ( 'NONE', *, *, #1581, .F. ) ;
#1596 = ORIENTED_EDGE ( 'NONE', *, *, #3779, .T. ) ;
#1597 = AXIS2_PLACEMENT_3D ( 'NONE', #3002, #1482, #1103 ) ;
#1598 = FACE_OUTER_BOUND ( 'NONE', #2096, .T. ) ;
#1599 = LINE ( 'NONE', #4935, #683 ) ;
#1600 = DIRECTION ( 'NONE',  ( 0.0000000000000000000, 0.0000000000000000000, 1.000000000000000000 ) ) ;
#1601 = CIRCLE ( 'NONE', #2617, 4.500000000000003553 ) ;
#1602 = DIRECTION ( 'NONE',  ( 0.0000000000000000000, 0.0000000000000000000, -1.000000000000000000 ) ) ;
#1603 = CIRCLE ( 'NONE', #465, 4.500000000000003553 ) ;
#1604 = ORIENTED_EDGE ( 'NONE', *, *, #4281, .F. ) ;
#1605 = FILL_AREA_STYLE_COLOUR ( '', #4547 ) ;
#1606 = DIRECTION ( 'NONE',  ( -5.551115123125782702E-17, -1.000000000000000000, 0.0000000000000000000 ) ) ;
#1607 = EDGE_LOOP ( 'NONE', ( #3241, #990 ) ) ;
#1608 = AXIS2_PLACEMENT_3D ( 'NONE', #2548, #2929, #941 ) ;
#1609 = VERTEX_POINT ( 'NONE', #3526 ) ;
#1610 = VECTOR ( 'NONE', #3143, 1000.000000000000000 ) ;
#1611 = EDGE_CURVE ( 'NONE', #2508, #2767, #2281, .T. ) ;
#1612 = CARTESIAN_POINT ( 'NONE',  ( -76.99999999999998579, 19.99999999999998934, -105.0000000000000000 ) ) ;
#1613 = VERTEX_POINT ( 'NONE', #810 ) ;
#1614 = EDGE_LOOP ( 'NONE', ( #1454, #442 ) ) ;
#1615 = DIRECTION ( 'NONE',  ( 5.551115123125782702E-17, 1.000000000000000000, 0.0000000000000000000 ) ) ;
#1616 = ADVANCED_FACE ( 'NONE', ( #2696 ), #384, .F. ) ;
#1617 = VERTEX_POINT ( 'NONE', #5024 ) ;
#1618 = DIRECTION ( 'NONE',  ( 0.0000000000000000000, 0.0000000000000000000, -1.000000000000000000 ) ) ;
#1619 = DIRECTION ( 'NONE',  ( -1.000000000000000000, -5.551115123125782702E-17, 5.551115123125782702E-17 ) ) ;
#1620 = CARTESIAN_POINT ( 'NONE',  ( 45.00000000000003553, 5.000000000000004441, -55.00000000000002132 ) ) ;
#1621 =( LENGTH_UNIT ( ) NAMED_UNIT ( * ) SI_UNIT ( .MILLI., .METRE. ) );
#1622 = LINE ( 'NONE', #2615, #1498 ) ;
#1623 = VERTEX_POINT ( 'NONE', #4632 ) ;
#1624 = EDGE_CURVE ( 'NONE', #681, #1553, #2512, .T. ) ;
#1625 = VECTOR ( 'NONE', #4371, 1000.000000000000000 ) ;
#1626 =( LENGTH_UNIT ( ) NAMED_UNIT ( * ) SI_UNIT ( .MILLI., .METRE. ) );
#1627 = CARTESIAN_POINT ( 'NONE',  ( 95.00000000000000000, 19.99999999999999645, 67.00000000000000000 ) ) ;
#1628 = DIRECTION ( 'NONE',  ( -5.551115123125782702E-17, -1.000000000000000000, 0.0000000000000000000 ) ) ;
#1629 = FACE_BOUND ( 'NONE', #2009, .T. ) ;
#1630 = ORIENTED_EDGE ( 'NONE', *, *, #1899, .F. ) ;
#1631 = CARTESIAN_POINT ( 'NONE',  ( 59.99999999999999289, -6.938893903907228378E-15, 109.9999999999999574 ) ) ;
#1632 =( LENGTH_UNIT ( ) NAMED_UNIT ( * ) SI_UNIT ( .MILLI., .METRE. ) );
#1633 = CARTESIAN_POINT ( 'NONE',  ( 77.00000000000001421, 35.00000000000000000, -105.0000000000000426 ) ) ;
#1634 = ORIENTED_EDGE ( 'NONE', *, *, #1696, .T. ) ;
#1635 = ADVANCED_FACE ( 'NONE', ( #554 ), #4768, .F. ) ;
#1636 = ORIENTED_EDGE ( 'NONE', *, *, #1094, .F. ) ;
#1637 = EDGE_CURVE ( 'NONE', #136, #2013, #2993, .T. ) ;
#1638 = PRESENTATION_STYLE_ASSIGNMENT (( #2274 ) ) ;
#1639 = DIRECTION ( 'NONE',  ( 5.551115123125782702E-17, 1.000000000000000000, 0.0000000000000000000 ) ) ;
#1640 = ORIENTED_EDGE ( 'NONE', *, *, #2168, .T. ) ;
#1641 = FACE_OUTER_BOUND ( 'NONE', #1528, .T. ) ;
#1642 = CARTESIAN_POINT ( 'NONE',  ( 165.0000000000000284, -6.938893903907228378E-15, 99.99999999999997158 ) ) ;
#1643 = EDGE_LOOP ( 'NONE', ( #426, #4542 ) ) ;
#1644 = ORIENTED_EDGE ( 'NONE', *, *, #4230, .F. ) ;
#1645 = FILL_AREA_STYLE ('',( #4723 ) ) ;
#1646 = EDGE_CURVE ( 'NONE', #4501, #3204, #1464, .T. ) ;
#1647 = CIRCLE ( 'NONE', #749, 9.999999999999980460 ) ;
#1648 = LINE ( 'NONE', #3786, #2570 ) ;
#1649 = CARTESIAN_POINT ( 'NONE',  ( -102.5000000000000000, 19.99999999999999645, 19.35000000000000497 ) ) ;
#1650 = ORIENTED_EDGE ( 'NONE', *, *, #2199, .F. ) ;
#1651 = ORIENTED_EDGE ( 'NONE', *, *, #2799, .F. ) ;
#1652 =( NAMED_UNIT ( * ) PLANE_ANGLE_UNIT ( ) SI_UNIT ( $, .RADIAN. ) );
#1653 = CYLINDRICAL_SURFACE ( 'NONE', #4175, 4.500000000000003553 ) ;
#1654 = VECTOR ( 'NONE', #2314, 1000.000000000000000 ) ;
#1655 = SURFACE_STYLE_FILL_AREA ( #1645 ) ;
#1656 = AXIS2_PLACEMENT_3D ( 'NONE', #3979, #821, #468 ) ;
#1657 = AXIS2_PLACEMENT_3D ( 'NONE', #4271, #22, #421 ) ;
#1658 = ORIENTED_EDGE ( 'NONE', *, *, #1805, .T. ) ;
#1659 = CARTESIAN_POINT ( 'NONE',  ( 95.00000000000000000, 6.938893903907228378E-15, 70.00000000000000000 ) ) ;
#1660 = CARTESIAN_POINT ( 'NONE',  ( 59.99999999999999289, -6.938893903907228378E-15, 109.9999999999999574 ) ) ;
#1661 = FACE_OUTER_BOUND ( 'NONE', #3719, .T. ) ;
#1662 = ORIENTED_EDGE ( 'NONE', *, *, #251, .T. ) ;
#1663 = VERTEX_POINT ( 'NONE', #1660 ) ;
#1664 = DIRECTION ( 'NONE',  ( 0.7071067811865472397, 1.182189833778725795E-17, -0.7071067811865477948 ) ) ;
#1665 = DIRECTION ( 'NONE',  ( 0.0000000000000000000, 0.0000000000000000000, 1.000000000000000000 ) ) ;
#1666 = CARTESIAN_POINT ( 'NONE',  ( -112.9999999999999858, 6.938893903907228378E-15, -104.2437909203321169 ) ) ;
#1667 = DIRECTION ( 'NONE',  ( 5.551115123125782702E-17, 1.000000000000000000, 0.0000000000000000000 ) ) ;
#1668 = AXIS2_PLACEMENT_3D ( 'NONE', #2182, #3048, #3867 ) ;
#1669 = DIRECTION ( 'NONE',  ( 0.7071067811865450192, 7.883234265238051478E-17, -0.7071067811865500152 ) ) ;
#1670 = VERTEX_POINT ( 'NONE', #485 ) ;
#1671 = ORIENTED_EDGE ( 'NONE', *, *, #934, .T. ) ;
#1672 = EDGE_CURVE ( 'NONE', #1676, #402, #1705, .T. ) ;
#1673 = DIRECTION ( 'NONE',  ( 0.0000000000000000000, 0.0000000000000000000, 1.000000000000000000 ) ) ;
#1674 = FACE_OUTER_BOUND ( 'NONE', #1837, .T. ) ;
#1675 = CIRCLE ( 'NONE', #1684, 2.000000000000001776 ) ;
#1676 = VERTEX_POINT ( 'NONE', #4361 ) ;
#1677 = EDGE_CURVE ( 'NONE', #504, #4541, #3642, .T. ) ;
#1678 = DIRECTION ( 'NONE',  ( 5.551115123125782702E-17, 1.000000000000000000, 0.0000000000000000000 ) ) ;
#1679 = SURFACE_SIDE_STYLE ('',( #2776 ) ) ;
#1680 = VECTOR ( 'NONE', #340, 1000.000000000000000 ) ;
#1681 = CARTESIAN_POINT ( 'NONE',  ( -19.99999999999996803, 20.00000000000000355, -39.99999999999999289 ) ) ;
#1682 = COLOUR_RGB ( '',1.000000000000000000, 1.000000000000000000, 1.000000000000000000 ) ;
#1683 = CARTESIAN_POINT ( 'NONE',  ( 60.00000000000000000, 19.99999999999999645, -82.49999999999998579 ) ) ;
#1684 = AXIS2_PLACEMENT_3D ( 'NONE', #4841, #3306, #1735 ) ;
#1685 = FACE_OUTER_BOUND ( 'NONE', #2886, .T. ) ;
#1686 = CARTESIAN_POINT ( 'NONE',  ( 165.0000000000000000, -6.938893903907228378E-15, 109.9999999999999289 ) ) ;
#1687 = DIRECTION ( 'NONE',  ( 5.551115123125782702E-17, 1.000000000000000000, 0.0000000000000000000 ) ) ;
#1688 = VECTOR ( 'NONE', #2044, 1000.000000000000000 ) ;
#1689 = DIRECTION ( 'NONE',  ( 5.551115123125782702E-17, 1.000000000000000000, 0.0000000000000000000 ) ) ;
#1690 = AXIS2_PLACEMENT_3D ( 'NONE', #652, #230, #596 ) ;
#1691 = AXIS2_PLACEMENT_3D ( 'NONE', #816, #21, #432 ) ;
#1692 = EDGE_LOOP ( 'NONE', ( #4546, #1410, #4394, #4678 ) ) ;
#1693 = DIRECTION ( 'NONE',  ( 0.0000000000000000000, 0.0000000000000000000, -1.000000000000000000 ) ) ;
#1694 = DIRECTION ( 'NONE',  ( 0.0000000000000000000, 0.0000000000000000000, 1.000000000000000000 ) ) ;
#1695 = EDGE_LOOP ( 'NONE', ( #3424, #3487, #4426, #2473 ) ) ;
#1696 = EDGE_CURVE ( 'NONE', #4460, #504, #4433, .T. ) ;
#1697 = VERTEX_POINT ( 'NONE', #2031 ) ;
#1698 = DIRECTION ( 'NONE',  ( 0.0000000000000000000, 0.0000000000000000000, 1.000000000000000000 ) ) ;
#1699 = EDGE_LOOP ( 'NONE', ( #1357, #4807, #1870, #2133 ) ) ;
#1700 = DIRECTION ( 'NONE',  ( 5.551115123125782702E-17, 1.000000000000000000, 0.0000000000000000000 ) ) ;
#1701 = CARTESIAN_POINT ( 'NONE',  ( 90.00000000000000000, 35.00000000000000000, 84.90000000000000568 ) ) ;
#1702 = COLOUR_RGB ( '',1.000000000000000000, 1.000000000000000000, 1.000000000000000000 ) ;
#1703 = EDGE_LOOP ( 'NONE', ( #4767, #1, #68, #3837 ) ) ;
#1704 = EDGE_CURVE ( 'NONE', #2889, #1123, #61, .T. ) ;
#1705 = LINE ( 'NONE', #1996, #2205 ) ;
#1706 = LINE ( 'NONE', #263, #678 ) ;
#1707 = ORIENTED_EDGE ( 'NONE', *, *, #1992, .F. ) ;
#1708 = ORIENTED_EDGE ( 'NONE', *, *, #2469, .T. ) ;
#1709 = FACE_OUTER_BOUND ( 'NONE', #1139, .T. ) ;
#1710 = VECTOR ( 'NONE', #2631, 1000.000000000000000 ) ;
#1711 = CARTESIAN_POINT ( 'NONE',  ( 77.00000000000001421, 35.00000000000000000, -105.0000000000000426 ) ) ;
#1712 = UNCERTAINTY_MEASURE_WITH_UNIT (LENGTH_MEASURE( 1.000000000000000082E-05 ), #533, 'distance_accuracy_value', 'NONE');
#1713 = DIRECTION ( 'NONE',  ( -1.000000000000000000, -5.551115123125782702E-17, 2.220446049250313081E-16 ) ) ;
#1714 = EDGE_CURVE ( 'NONE', #402, #1609, #2337, .T. ) ;
#1715 = VERTEX_POINT ( 'NONE', #2477 ) ;
#1716 = CARTESIAN_POINT ( 'NONE',  ( -105.0000000000000142, 20.00000000000000355, -103.0000000000000284 ) ) ;
#1717 = AXIS2_PLACEMENT_3D ( 'NONE', #1352, #2108, #2140 ) ;
#1718 = DIRECTION ( 'NONE',  ( 0.0000000000000000000, 0.0000000000000000000, 1.000000000000000000 ) ) ;
#1719 = ADVANCED_FACE ( 'NONE', ( #4923 ), #2134, .F. ) ;
#1720 = VECTOR ( 'NONE', #3278, 1000.000000000000000 ) ;
#1721 = DIRECTION ( 'NONE',  ( -1.665334536937735057E-16, 0.0000000000000000000, -1.000000000000000000 ) ) ;
#1722 =( NAMED_UNIT ( * ) PLANE_ANGLE_UNIT ( ) SI_UNIT ( $, .RADIAN. ) );
#1723 = ORIENTED_EDGE ( 'NONE', *, *, #4978, .T. ) ;
#1724 =( LENGTH_UNIT ( ) NAMED_UNIT ( * ) SI_UNIT ( .MILLI., .METRE. ) );
#1725 = AXIS2_PLACEMENT_3D ( 'NONE', #3807, #3423, #684 ) ;
#1726 = ORIENTED_EDGE ( 'NONE', *, *, #4491, .T. ) ;
#1727 = ORIENTED_EDGE ( 'NONE', *, *, #3683, .F. ) ;
#1728 = CARTESIAN_POINT ( 'NONE',  ( 76.99999999999998579, 34.99999999999999289, 60.00000000000000000 ) ) ;
#1729 = EDGE_LOOP ( 'NONE', ( #1279, #3980, #3217 ) ) ;
#1730 = SURFACE_SIDE_STYLE ('',( #2165 ) ) ;
#1731 =( LENGTH_UNIT ( ) NAMED_UNIT ( * ) SI_UNIT ( .MILLI., .METRE. ) );
#1732 = DIRECTION ( 'NONE',  ( 5.551115123125782702E-17, 1.000000000000000000, 0.0000000000000000000 ) ) ;
#1733 =( GEOMETRIC_REPRESENTATION_CONTEXT ( 3 ) GLOBAL_UNCERTAINTY_ASSIGNED_CONTEXT ( ( #4641 ) ) GLOBAL_UNIT_ASSIGNED_CONTEXT ( ( #2197, #3398, #254 ) ) REPRESENTATION_CONTEXT ( 'NONE', 'WORKASPACE' ) );
#1734 = VECTOR ( 'NONE', #149, 1000.000000000000000 ) ;
#1735 = DIRECTION ( 'NONE',  ( 0.0000000000000000000, 0.0000000000000000000, -1.000000000000000000 ) ) ;
#1736 = VERTEX_POINT ( 'NONE', #1247 ) ;
#1737 = LINE ( 'NONE', #773, #3677 ) ;
#1738 = CARTESIAN_POINT ( 'NONE',  ( 90.00000000000000000, -6.938893903907228378E-15, 84.90000000000000568 ) ) ;
#1739 = CARTESIAN_POINT ( 'NONE',  ( -174.9999999999999716, 19.99999999999999645, 99.99999999999994316 ) ) ;
#1740 = FACE_BOUND ( 'NONE', #1607, .T. ) ;
#1741 = FACE_OUTER_BOUND ( 'NONE', #3236, .T. ) ;
#1742 = FACE_OUTER_BOUND ( 'NONE', #2743, .T. ) ;
#1743 = ADVANCED_FACE ( 'NONE', ( #2395 ), #908, .F. ) ;
#1744 = FACE_OUTER_BOUND ( 'NONE', #2450, .T. ) ;
#1745 = AXIS2_PLACEMENT_3D ( 'NONE', #3479, #3855, #1963 ) ;
#1746 = CARTESIAN_POINT ( 'NONE',  ( -90.00000000000000000, 20.00000000000000355, -84.89999999999997726 ) ) ;
#1747 = DIRECTION ( 'NONE',  ( -1.000000000000000000, 3.081487911019577365E-33, 3.885780586188047891E-16 ) ) ;
#1748 = CARTESIAN_POINT ( 'NONE',  ( -74.99999999999998579, 19.99999999999998934, -103.0000000000000000 ) ) ;
#1749 = CARTESIAN_POINT ( 'NONE',  ( -45.00000000000003553, 3.497848452431100874, -55.00000000000002132 ) ) ;
#1750 = FACE_OUTER_BOUND ( 'NONE', #4795, .T. ) ;
#1751 = EDGE_LOOP ( 'NONE', ( #2323, #24, #4539, #3521 ) ) ;
#1752 = DIRECTION ( 'NONE',  ( 0.0000000000000000000, 0.0000000000000000000, -1.000000000000000000 ) ) ;
#1753 =( GEOMETRIC_REPRESENTATION_CONTEXT ( 3 ) GLOBAL_UNCERTAINTY_ASSIGNED_CONTEXT ( ( #4571 ) ) GLOBAL_UNIT_ASSIGNED_CONTEXT ( ( #3581, #4611, #1513 ) ) REPRESENTATION_CONTEXT ( 'NONE', 'WORKASPACE' ) );
#1754 = DIRECTION ( 'NONE',  ( -0.7071067811865474617, 5.551115123125782702E-17, -0.7071067811865475727 ) ) ;
#1755 = CARTESIAN_POINT ( 'NONE',  ( -45.00000000000003553, 5.000000000000000888, -57.50000000000001421 ) ) ;
#1756 = DIRECTION ( 'NONE',  ( -5.551115123125782702E-17, -1.000000000000000000, 0.0000000000000000000 ) ) ;
#1757 = ORIENTED_EDGE ( 'NONE', *, *, #3587, .F. ) ;
#1758 = DIRECTION ( 'NONE',  ( -5.551115123125782702E-17, -1.000000000000000000, 0.0000000000000000000 ) ) ;
#1759 = VERTEX_POINT ( 'NONE', #4347 ) ;
#1760 = CARTESIAN_POINT ( 'NONE',  ( -95.00000000000001421, 6.938893903907228378E-15, -70.00000000000000000 ) ) ;
#1761 = VERTEX_POINT ( 'NONE', #2855 ) ;
#1762 = SURFACE_SIDE_STYLE ('',( #4561 ) ) ;
#1763 = EDGE_CURVE ( 'NONE', #2884, #2710, #1591, .T. ) ;
#1764 = DIRECTION ( 'NONE',  ( -5.551115123125782702E-17, 0.0000000000000000000, 1.000000000000000000 ) ) ;
#1765 = PLANE ( 'NONE',  #33 ) ;
#1766 = SURFACE_STYLE_USAGE ( .BOTH. , #971 ) ;
#1767 = ORIENTED_EDGE ( 'NONE', *, *, #3889, .F. ) ;
#1768 = DIRECTION ( 'NONE',  ( -1.000000000000000000, 0.0000000000000000000, -5.551115123125781716E-16 ) ) ;
#1769 = DIRECTION ( 'NONE',  ( 0.0000000000000000000, 0.0000000000000000000, 1.000000000000000000 ) ) ;
#1770 = ORIENTED_EDGE ( 'NONE', *, *, #2705, .F. ) ;
#1771 = CARTESIAN_POINT ( 'NONE',  ( 90.00000000000000000, 35.00000000000000000, 95.09999999999999432 ) ) ;
#1772 = LINE ( 'NONE', #1573, #1349 ) ;
#1773 = MANIFOLD_SOLID_BREP ( 'Ø6.0 (6) Diameter Hole1[3]', #3255 ) ;
#1774 = ORIENTED_EDGE ( 'NONE', *, *, #4398, .T. ) ;
#1775 = ORIENTED_EDGE ( 'NONE', *, *, #3128, .T. ) ;
#1776 =( LENGTH_UNIT ( ) NAMED_UNIT ( * ) SI_UNIT ( .MILLI., .METRE. ) );
#1777 = SURFACE_STYLE_USAGE ( .BOTH. , #1310 ) ;
#1778 = LINE ( 'NONE', #1954, #3846 ) ;
#1779 = EDGE_CURVE ( 'NONE', #1350, #338, #4265, .T. ) ;
#1780 = ORIENTED_EDGE ( 'NONE', *, *, #2114, .T. ) ;
#1781 = ORIENTED_EDGE ( 'NONE', *, *, #2231, .F. ) ;
#1782 = CARTESIAN_POINT ( 'NONE',  ( 120.0000000000000000, 20.00000000000001066, 90.50000000000000000 ) ) ;
#1783 = CARTESIAN_POINT ( 'NONE',  ( 45.00000000000002842, 20.00000000000000355, -55.00000000000002842 ) ) ;
#1784 = LINE ( 'NONE', #1118, #2472 ) ;
#1785 = DIRECTION ( 'NONE',  ( 5.551115123125782702E-17, 1.000000000000000000, 0.0000000000000000000 ) ) ;
#1786 = DIRECTION ( 'NONE',  ( 5.551115123125782702E-17, 1.000000000000000000, 0.0000000000000000000 ) ) ;
#1787 = ORIENTED_EDGE ( 'NONE', *, *, #4912, .F. ) ;
#1788 = VERTEX_POINT ( 'NONE', #3499 ) ;
#1789 = AXIS2_PLACEMENT_3D ( 'NONE', #920, #549, #2099 ) ;
#1790 = CYLINDRICAL_SURFACE ( 'NONE', #1168, 5.099999999999993427 ) ;
#1791 = AXIS2_PLACEMENT_3D ( 'NONE', #3344, #3309, #1752 ) ;
#1792 = EDGE_CURVE ( 'NONE', #4458, #4693, #3239, .T. ) ;
#1793 = FACE_BOUND ( 'NONE', #1614, .T. ) ;
#1794 = DIRECTION ( 'NONE',  ( 5.551115123125782702E-17, 1.000000000000000000, 0.0000000000000000000 ) ) ;
#1795 = CARTESIAN_POINT ( 'NONE',  ( 60.00000000000000000, 19.99999999999999645, -87.00000000000000000 ) ) ;
#1796 = CARTESIAN_POINT ( 'NONE',  ( -115.0000000000000000, 6.938893903907228378E-15, -10.00000000000000178 ) ) ;
#1797 = DIRECTION ( 'NONE',  ( 5.551115123125782702E-17, 0.0000000000000000000, -1.000000000000000000 ) ) ;
#1798 = CARTESIAN_POINT ( 'NONE',  ( 74.99999999999998579, 34.99999999999999289, 61.99999999999998579 ) ) ;
#1799 =( NAMED_UNIT ( * ) PLANE_ANGLE_UNIT ( ) SI_UNIT ( $, .RADIAN. ) );
#1800 = EDGE_CURVE ( 'NONE', #1486, #4460, #1040, .T. ) ;
#1801 = CARTESIAN_POINT ( 'NONE',  ( 44.99999999999997158, 5.000000000000002665, -95.00000000000002842 ) ) ;
#1802 = DIRECTION ( 'NONE',  ( 0.0000000000000000000, 0.0000000000000000000, 1.000000000000000000 ) ) ;
#1803 = LINE ( 'NONE', #2321, #956 ) ;
#1804 = DIRECTION ( 'NONE',  ( 5.551115123125782702E-17, 1.000000000000000000, 0.0000000000000000000 ) ) ;
#1805 = EDGE_CURVE ( 'NONE', #2748, #4115, #2072, .T. ) ;
#1806 = AXIS2_PLACEMENT_3D ( 'NONE', #4415, #2097, #2073 ) ;
#1807 = LINE ( 'NONE', #3205, #837 ) ;
#1808 = DIRECTION ( 'NONE',  ( -1.000000000000000000, 0.0000000000000000000, 5.551115123125782702E-17 ) ) ;
#1809 = VECTOR ( 'NONE', #4295, 1000.000000000000000 ) ;
#1810 = CARTESIAN_POINT ( 'NONE',  ( 44.99999999999997158, 5.000000000000002665, -97.50000000000002842 ) ) ;
#1811 = DIRECTION ( 'NONE',  ( -0.7071067811865477948, -5.483475478414328408E-17, 0.7071067811865473507 ) ) ;
#1812 =( NAMED_UNIT ( * ) PLANE_ANGLE_UNIT ( ) SI_UNIT ( $, .RADIAN. ) );
#1813 = ORIENTED_EDGE ( 'NONE', *, *, #2125, .T. ) ;
#1814 = CARTESIAN_POINT ( 'NONE',  ( -39.09746257676361836, 20.00000000000000355, -188.0000000000000000 ) ) ;
#1815 = ADVANCED_FACE ( 'NONE', ( #2454 ), #4288, .F. ) ;
#1816 = AXIS2_PLACEMENT_3D ( 'NONE', #3636, #2103, #146 ) ;
#1817 =( GEOMETRIC_REPRESENTATION_CONTEXT ( 3 ) GLOBAL_UNCERTAINTY_ASSIGNED_CONTEXT ( ( #2422 ) ) GLOBAL_UNIT_ASSIGNED_CONTEXT ( ( #1621, #3583, #2814 ) ) REPRESENTATION_CONTEXT ( 'NONE', 'WORKASPACE' ) );
#1818 = EDGE_LOOP ( 'NONE', ( #1298, #4337 ) ) ;
#1819 = DIRECTION ( 'NONE',  ( 5.551115123125782702E-17, 1.000000000000000000, -0.0000000000000000000 ) ) ;
#1820 = ORIENTED_EDGE ( 'NONE', *, *, #3617, .F. ) ;
#1821 = ORIENTED_EDGE ( 'NONE', *, *, #4098, .F. ) ;
#1822 = LINE ( 'NONE', #662, #545 ) ;
#1823 = ORIENTED_EDGE ( 'NONE', *, *, #13, .F. ) ;
#1824 = VERTEX_POINT ( 'NONE', #815 ) ;
#1825 = AXIS2_PLACEMENT_3D ( 'NONE', #949, #164, #1368 ) ;
#1826 = VECTOR ( 'NONE', #4635, 1000.000000000000000 ) ;
#1827 =( LENGTH_UNIT ( ) NAMED_UNIT ( * ) SI_UNIT ( .MILLI., .METRE. ) );
#1828 = CARTESIAN_POINT ( 'NONE',  ( 0.0000000000000000000, 0.0000000000000000000, 0.0000000000000000000 ) ) ;
#1829 = ORIENTED_EDGE ( 'NONE', *, *, #4837, .F. ) ;
#1830 = VERTEX_POINT ( 'NONE', #2764 ) ;
#1831 = LINE ( 'NONE', #2648, #4811 ) ;
#1832 = CARTESIAN_POINT ( 'NONE',  ( 102.9999999999999716, 34.99999999999999289, 59.99999999999998579 ) ) ;
#1833 = VECTOR ( 'NONE', #2132, 1000.000000000000000 ) ;
#1834 = CARTESIAN_POINT ( 'NONE',  ( 95.00000000000000000, 34.99999999999999289, 70.00000000000000000 ) ) ;
#1835 = ORIENTED_EDGE ( 'NONE', *, *, #1354, .F. ) ;
#1836 = DIRECTION ( 'NONE',  ( 0.0000000000000000000, 0.0000000000000000000, 1.000000000000000000 ) ) ;
#1837 = EDGE_LOOP ( 'NONE', ( #2650, #1561, #274, #1726 ) ) ;
#1838 = LINE ( 'NONE', #1220, #78 ) ;
#1839 = EDGE_CURVE ( 'NONE', #3728, #4897, #2867, .T. ) ;
#1840 = ORIENTED_EDGE ( 'NONE', *, *, #4887, .F. ) ;
#1841 =( GEOMETRIC_REPRESENTATION_CONTEXT ( 3 ) GLOBAL_UNCERTAINTY_ASSIGNED_CONTEXT ( ( #3952 ) ) GLOBAL_UNIT_ASSIGNED_CONTEXT ( ( #4393, #3609, #472 ) ) REPRESENTATION_CONTEXT ( 'NONE', 'WORKASPACE' ) );
#1842 = ADVANCED_FACE ( 'NONE', ( #1397 ), #385, .F. ) ;
#1843 = FACE_OUTER_BOUND ( 'NONE', #456, .T. ) ;
#1844 = VERTEX_POINT ( 'NONE', #3885 ) ;
#1845 = CARTESIAN_POINT ( 'NONE',  ( -59.99999999999994316, -3.469446951953614189E-15, 109.9999999999999858 ) ) ;
#1846 = EDGE_LOOP ( 'NONE', ( #1161, #2887, #2, #257 ) ) ;
#1847 = DIRECTION ( 'NONE',  ( 5.551115123125782702E-17, 1.000000000000000000, 0.0000000000000000000 ) ) ;
#1848 = CARTESIAN_POINT ( 'NONE',  ( 8.673617379884035472E-16, 1.734723475976807094E-15, -44.99999999999999289 ) ) ;
#1849 = EDGE_CURVE ( 'NONE', #3831, #373, #789, .T. ) ;
#1850 = AXIS2_PLACEMENT_3D ( 'NONE', #364, #329, #1080 ) ;
#1851 = DIRECTION ( 'NONE',  ( 5.551115123125782702E-17, 1.000000000000000000, 0.0000000000000000000 ) ) ;
#1852 = CARTESIAN_POINT ( 'NONE',  ( -89.99999999999997158, 19.99999999999998934, 90.00000000000000000 ) ) ;
#1853 =( NAMED_UNIT ( * ) PLANE_ANGLE_UNIT ( ) SI_UNIT ( $, .RADIAN. ) );
#1854 = ORIENTED_EDGE ( 'NONE', *, *, #4954, .F. ) ;
#1855 = CYLINDRICAL_SURFACE ( 'NONE', #2007, 7.500000000000007105 ) ;
#1856 = AXIS2_PLACEMENT_3D ( 'NONE', #751, #1485, #1888 ) ;
#1857 = ORIENTED_EDGE ( 'NONE', *, *, #4431, .F. ) ;
#1858 = EDGE_CURVE ( 'NONE', #4653, #2767, #3117, .T. ) ;
#1859 = LINE ( 'NONE', #4750, #4840 ) ;
#1860 = SURFACE_SIDE_STYLE ('',( #4946 ) ) ;
#1861 = DIRECTION ( 'NONE',  ( 5.551115123125782702E-17, 0.0000000000000000000, -1.000000000000000000 ) ) ;
#1862 = CARTESIAN_POINT ( 'NONE',  ( 1.545985561790530759E-15, 20.00000000000000000, -101.6000000000000085 ) ) ;
#1863 = ADVANCED_FACE ( 'NONE', ( #3707 ), #609, .F. ) ;
#1864 = DIRECTION ( 'NONE',  ( 1.000000000000000000, 5.551115123125782702E-17, 2.220446049250313081E-16 ) ) ;
#1865 = DIRECTION ( 'NONE',  ( 5.551115123125782702E-17, 1.000000000000000000, 0.0000000000000000000 ) ) ;
#1866 = UNCERTAINTY_MEASURE_WITH_UNIT (LENGTH_MEASURE( 1.000000000000000082E-05 ), #337, 'distance_accuracy_value', 'NONE');
#1867 = DIRECTION ( 'NONE',  ( 0.0000000000000000000, 0.0000000000000000000, 1.000000000000000000 ) ) ;
#1868 = DIRECTION ( 'NONE',  ( -5.551115123125777155E-17, 0.0000000000000000000, 1.000000000000000000 ) ) ;
#1869 = VECTOR ( 'NONE', #2195, 1000.000000000000000 ) ;
#1870 = ORIENTED_EDGE ( 'NONE', *, *, #135, .F. ) ;
#1871 =( NAMED_UNIT ( * ) SI_UNIT ( $, .STERADIAN. ) SOLID_ANGLE_UNIT ( ) );
#1872 = PLANE ( 'NONE',  #1033 ) ;
#1873 = VERTEX_POINT ( 'NONE', #1188 ) ;
#1874 = EDGE_CURVE ( 'NONE', #2542, #4915, #3523, .T. ) ;
#1875 = CARTESIAN_POINT ( 'NONE',  ( -103.0000000000000142, 35.00000000000000711, -105.0000000000000284 ) ) ;
#1876 = PLANE ( 'NONE',  #2488 ) ;
#1877 = ORIENTED_EDGE ( 'NONE', *, *, #3536, .F. ) ;
#1878 = ORIENTED_EDGE ( 'NONE', *, *, #4344, .F. ) ;
#1879 = DIRECTION ( 'NONE',  ( -5.551115123125782702E-17, -1.000000000000000000, 0.0000000000000000000 ) ) ;
#1880 = DIRECTION ( 'NONE',  ( -5.551115123125782702E-17, -1.000000000000000000, 0.0000000000000000000 ) ) ;
#1881 = EDGE_LOOP ( 'NONE', ( #1548, #2663 ) ) ;
#1882 = DIRECTION ( 'NONE',  ( 0.0000000000000000000, 0.0000000000000000000, -1.000000000000000000 ) ) ;
#1883 = CIRCLE ( 'NONE', #2944, 39.99999999999996447 ) ;
#1884 = AXIS2_PLACEMENT_3D ( 'NONE', #1834, #3395, #2618 ) ;
#1885 = EDGE_LOOP ( 'NONE', ( #3820, #535 ) ) ;
#1886 = PLANE ( 'NONE',  #4264 ) ;
#1887 = ORIENTED_EDGE ( 'NONE', *, *, #3723, .F. ) ;
#1888 = DIRECTION ( 'NONE',  ( 0.0000000000000000000, 0.0000000000000000000, 1.000000000000000000 ) ) ;
#1889 = EDGE_LOOP ( 'NONE', ( #2414, #3580, #1997, #2953 ) ) ;
#1890 = CYLINDRICAL_SURFACE ( 'NONE', #4584, 9.999999999999980460 ) ;
#1891 = ADVANCED_FACE ( 'NONE', ( #2990 ), #4756, .F. ) ;
#1892 = SURFACE_SIDE_STYLE ('',( #4381 ) ) ;
#1893 = CIRCLE ( 'NONE', #4306, 3.400000000000000355 ) ;
#1894 = AXIS2_PLACEMENT_3D ( 'NONE', #491, #2443, #508 ) ;
#1895 = ORIENTED_EDGE ( 'NONE', *, *, #4089, .F. ) ;
#1896 = DIRECTION ( 'NONE',  ( 0.0000000000000000000, 0.0000000000000000000, 1.000000000000000000 ) ) ;
#1897 =( NAMED_UNIT ( * ) PLANE_ANGLE_UNIT ( ) SI_UNIT ( $, .RADIAN. ) );
#1898 = VECTOR ( 'NONE', #3887, 1000.000000000000000 ) ;
#1899 = EDGE_CURVE ( 'NONE', #2706, #2813, #3408, .T. ) ;
#1900 = ORIENTED_EDGE ( 'NONE', *, *, #1373, .F. ) ;
#1901 = EDGE_LOOP ( 'NONE', ( #3349, #4657, #2919, #176 ) ) ;
#1902 = LINE ( 'NONE', #371, #2413 ) ;
#1903 = CARTESIAN_POINT ( 'NONE',  ( 49.99999999999998579, 20.00000000000000000, -4.999999999999997335 ) ) ;
#1904 = VERTEX_POINT ( 'NONE', #3612 ) ;
#1905 = ORIENTED_EDGE ( 'NONE', *, *, #628, .F. ) ;
#1906 = EDGE_CURVE ( 'NONE', #2198, #4269, #4863, .T. ) ;
#1907 = AXIS2_PLACEMENT_3D ( 'NONE', #2950, #4235, #1202 ) ;
#1908 = ORIENTED_EDGE ( 'NONE', *, *, #3940, .T. ) ;
#1909 = ORIENTED_EDGE ( 'NONE', *, *, #3874, .T. ) ;
#1910 = CYLINDRICAL_SURFACE ( 'NONE', #459, 2.499999999999988454 ) ;
#1911 = SURFACE_SIDE_STYLE ('',( #4661 ) ) ;
#1912 = AXIS2_PLACEMENT_3D ( 'NONE', #2533, #3312, #1360 ) ;
#1913 = AXIS2_PLACEMENT_3D ( 'NONE', #3922, #752, #1932 ) ;
#1914 = FACE_BOUND ( 'NONE', #4125, .T. ) ;
#1915 = ADVANCED_FACE ( 'NONE', ( #1942 ), #4242, .F. ) ;
#1916 = CARTESIAN_POINT ( 'NONE',  ( -90.00000000000000000, -6.938893903907228378E-15, -89.99999999999997158 ) ) ;
#1917 =( NAMED_UNIT ( * ) PLANE_ANGLE_UNIT ( ) SI_UNIT ( $, .RADIAN. ) );
#1918 = DIRECTION ( 'NONE',  ( -5.551115123125782702E-17, -1.000000000000000000, 0.0000000000000000000 ) ) ;
#1919 = VECTOR ( 'NONE', #3440, 1000.000000000000000 ) ;
#1920 = EDGE_CURVE ( 'NONE', #3831, #1824, #1522, .T. ) ;
#1921 = VECTOR ( 'NONE', #3370, 1000.000000000000000 ) ;
#1922 = CARTESIAN_POINT ( 'NONE',  ( -103.0000000000000142, 35.00000000000000711, -105.0000000000000284 ) ) ;
#1923 = CARTESIAN_POINT ( 'NONE',  ( 0.0000000000000000000, 0.0000000000000000000, 0.0000000000000000000 ) ) ;
#1924 = CARTESIAN_POINT ( 'NONE',  ( -40.00000000000000000, 19.99999999999999645, -190.0000000000000000 ) ) ;
#1925 = CARTESIAN_POINT ( 'NONE',  ( -90.00000000000000000, 20.00000000000000355, -89.99999999999997158 ) ) ;
#1926 = UNCERTAINTY_MEASURE_WITH_UNIT (LENGTH_MEASURE( 1.000000000000000082E-05 ), #3244, 'distance_accuracy_value', 'NONE');
#1927 = CYLINDRICAL_SURFACE ( 'NONE', #1717, 9.999999999999987566 ) ;
#1928 = VECTOR ( 'NONE', #3929, 1000.000000000000000 ) ;
#1929 = DIRECTION ( 'NONE',  ( 1.000000000000000000, 0.0000000000000000000, -7.771561172376096769E-16 ) ) ;
#1930 = DIRECTION ( 'NONE',  ( 5.551115123125782702E-17, 1.000000000000000000, 0.0000000000000000000 ) ) ;
#1931 = DIRECTION ( 'NONE',  ( -0.6616216370868464036, -1.110223024625156787E-16, -0.7498378553650923983 ) ) ;
#1932 = DIRECTION ( 'NONE',  ( 0.0000000000000000000, 0.0000000000000000000, -1.000000000000000000 ) ) ;
#1933 = EDGE_CURVE ( 'NONE', #325, #1617, #3391, .T. ) ;
#1934 = ORIENTED_EDGE ( 'NONE', *, *, #2374, .F. ) ;
#1935 = ORIENTED_EDGE ( 'NONE', *, *, #800, .T. ) ;
#1936 = DIRECTION ( 'NONE',  ( -3.330669073875469621E-16, -5.551115123125782702E-17, 1.000000000000000000 ) ) ;
#1937 = ADVANCED_FACE ( 'NONE', ( #2113 ), #1993, .F. ) ;
#1938 = SHAPE_DEFINITION_REPRESENTATION ( #2838, #1999 ) ;
#1939 = ORIENTED_EDGE ( 'NONE', *, *, #4475, .T. ) ;
#1940 = EDGE_CURVE ( 'NONE', #2882, #1213, #171, .T. ) ;
#1941 = STYLED_ITEM ( 'NONE', ( #3439 ), #3052 ) ;
#1942 = FACE_OUTER_BOUND ( 'NONE', #4517, .T. ) ;
#1943 = CIRCLE ( 'NONE', #3556, 2.000000000000001776 ) ;
#1944 = CARTESIAN_POINT ( 'NONE',  ( -135.0000000000000000, 19.99999999999998934, 59.99999999999998579 ) ) ;
#1945 = CARTESIAN_POINT ( 'NONE',  ( -45.00000000000003553, 5.000000000000000888, -55.00000000000002132 ) ) ;
#1946 = CARTESIAN_POINT ( 'NONE',  ( 154.9999999999999432, 19.99999999999999645, -10.00000000000002309 ) ) ;
#1947 = ORIENTED_EDGE ( 'NONE', *, *, #4319, .T. ) ;
#1948 = COLOUR_RGB ( '',1.000000000000000000, 1.000000000000000000, 1.000000000000000000 ) ;
#1949 =( NAMED_UNIT ( * ) SI_UNIT ( $, .STERADIAN. ) SOLID_ANGLE_UNIT ( ) );
#1950 = VECTOR ( 'NONE', #4113, 1000.000000000000000 ) ;
#1951 = CARTESIAN_POINT ( 'NONE',  ( -60.00000000000000000, 20.00000000000000355, -87.00000000000000000 ) ) ;
#1952 = ORIENTED_EDGE ( 'NONE', *, *, #1611, .F. ) ;
#1953 = CARTESIAN_POINT ( 'NONE',  ( -164.9999999999999432, 20.00000000000000355, 30.00000000000001421 ) ) ;
#1954 = CARTESIAN_POINT ( 'NONE',  ( 45.00000000000002842, 20.00000000000000355, -52.50000000000003553 ) ) ;
#1955 = AXIS2_PLACEMENT_3D ( 'NONE', #4990, #4209, #1868 ) ;
#1956 = FACE_OUTER_BOUND ( 'NONE', #2238, .T. ) ;
#1957 = LINE ( 'NONE', #4135, #561 ) ;
#1958 = ORIENTED_EDGE ( 'NONE', *, *, #1186, .T. ) ;
#1959 = EDGE_CURVE ( 'NONE', #968, #847, #1807, .T. ) ;
#1960 = VERTEX_POINT ( 'NONE', #4364 ) ;
#1961 = VERTEX_POINT ( 'NONE', #111 ) ;
#1962 = EDGE_CURVE ( 'NONE', #2211, #3822, #3347, .T. ) ;
#1963 = DIRECTION ( 'NONE',  ( -5.551115123125782702E-17, 0.0000000000000000000, 1.000000000000000000 ) ) ;
#1964 = EDGE_LOOP ( 'NONE', ( #2712, #435, #486, #3465, #3880, #3288, #1211, #4396 ) ) ;
#1965 = ORIENTED_EDGE ( 'NONE', *, *, #2639, .T. ) ;
#1966 = CARTESIAN_POINT ( 'NONE',  ( -102.5000000000000000, 19.99999999999999645, 22.75000000000000711 ) ) ;
#1967 = DIRECTION ( 'NONE',  ( 5.551115123125782702E-17, 1.000000000000000000, 0.0000000000000000000 ) ) ;
#1968 = VECTOR ( 'NONE', #4118, 1000.000000000000000 ) ;
#1969 = DIRECTION ( 'NONE',  ( -0.7071067811865479058, -4.703701525700103811E-17, 0.7071067811865471286 ) ) ;
#1970 = EDGE_CURVE ( 'NONE', #3365, #3711, #3224, .T. ) ;
#1971 = CARTESIAN_POINT ( 'NONE',  ( 89.99999999999998579, 35.00000000000000000, -90.00000000000001421 ) ) ;
#1972 = PRESENTATION_STYLE_ASSIGNMENT (( #849 ) ) ;
#1973 = EDGE_CURVE ( 'NONE', #4073, #2040, #4132, .T. ) ;
#1974 = DIRECTION ( 'NONE',  ( 0.0000000000000000000, 0.0000000000000000000, 1.000000000000000000 ) ) ;
#1975 = DIRECTION ( 'NONE',  ( 0.0000000000000000000, 0.0000000000000000000, 1.000000000000000000 ) ) ;
#1976 = ORIENTED_EDGE ( 'NONE', *, *, #1186, .F. ) ;
#1977 = LINE ( 'NONE', #3793, #3264 ) ;
#1978 = AXIS2_PLACEMENT_3D ( 'NONE', #591, #3767, #4084 ) ;
#1979 = CARTESIAN_POINT ( 'NONE',  ( -90.00000000000000000, 35.00000000000000711, -89.99999999999998579 ) ) ;
#1980 = VECTOR ( 'NONE', #3284, 1000.000000000000000 ) ;
#1981 = CIRCLE ( 'NONE', #4714, 2.499999999999988454 ) ;
#1982 = DIRECTION ( 'NONE',  ( -5.551115123125782702E-17, -1.000000000000000000, 0.0000000000000000000 ) ) ;
#1983 = DIRECTION ( 'NONE',  ( -5.551115123125782702E-17, -1.000000000000000000, 0.0000000000000000000 ) ) ;
#1984 = DIRECTION ( 'NONE',  ( 0.7071067811865474617, -1.540743955509788682E-33, 0.7071067811865475727 ) ) ;
#1985 = SURFACE_STYLE_FILL_AREA ( #1180 ) ;
#1986 = DIRECTION ( 'NONE',  ( 1.000000000000000000, 0.0000000000000000000, -5.551115123125782702E-17 ) ) ;
#1987 = CARTESIAN_POINT ( 'NONE',  ( 102.9999999999999716, 20.00000000000000355, 59.99999999999998579 ) ) ;
#1988 = PRESENTATION_LAYER_ASSIGNMENT (  '', '', ( #3718 ) ) ;
#1989 = FACE_BOUND ( 'NONE', #3876, .T. ) ;
#1990 = CARTESIAN_POINT ( 'NONE',  ( -45.00000000000002842, 5.000000000000007994, -95.00000000000001421 ) ) ;
#1991 = VECTOR ( 'NONE', #4418, 1000.000000000000000 ) ;
#1992 = EDGE_CURVE ( 'NONE', #1663, #937, #2800, .T. ) ;
#1993 = CYLINDRICAL_SURFACE ( 'NONE', #707, 3.400000000000000355 ) ;
#1994 = VERTEX_POINT ( 'NONE', #2527 ) ;
#1995 = CARTESIAN_POINT ( 'NONE',  ( 1.734723475976807094E-15, 20.00000000000001066, -150.0000000000000000 ) ) ;
#1996 = CARTESIAN_POINT ( 'NONE',  ( 74.99999999999998579, 35.00000000000000000, -103.0000000000000284 ) ) ;
#1997 = ORIENTED_EDGE ( 'NONE', *, *, #3669, .T. ) ;
#1998 = SURFACE_SIDE_STYLE ('',( #4053 ) ) ;
#1999 = SHAPE_REPRESENTATION ( '4GAA002120202003X', ( #4694, #3640 ), #3914 ) ;
#2000 = DIRECTION ( 'NONE',  ( -5.551115123125782702E-17, -1.000000000000000000, 0.0000000000000000000 ) ) ;
#2001 = DIRECTION ( 'NONE',  ( 1.000000000000000000, 5.551115123125782702E-17, -5.551115123125782702E-17 ) ) ;
#2002 = EDGE_CURVE ( 'NONE', #3976, #1613, #1144, .T. ) ;
#2003 = LINE ( 'NONE', #1796, #2918 ) ;
#2004 = DIRECTION ( 'NONE',  ( 5.551115123125782702E-17, 1.000000000000000000, 0.0000000000000000000 ) ) ;
#2005 = ORIENTED_EDGE ( 'NONE', *, *, #2380, .T. ) ;
#2006 = FACE_OUTER_BOUND ( 'NONE', #3878, .T. ) ;
#2007 = AXIS2_PLACEMENT_3D ( 'NONE', #342, #1543, #4602 ) ;
#2008 = VERTEX_POINT ( 'NONE', #1711 ) ;
#2009 = EDGE_LOOP ( 'NONE', ( #4700, #1829 ) ) ;
#2010 = AXIS2_PLACEMENT_3D ( 'NONE', #4334, #1983, #2781 ) ;
#2011 = LINE ( 'NONE', #3785, #1539 ) ;
#2012 = LINE ( 'NONE', #4608, #4434 ) ;
#2013 = VERTEX_POINT ( 'NONE', #2857 ) ;
#2014 = VERTEX_POINT ( 'NONE', #930 ) ;
#2015 = ADVANCED_FACE ( 'NONE', ( #49 ), #1019, .F. ) ;
#2016 = VECTOR ( 'NONE', #1669, 1000.000000000000227 ) ;
#2017 = CARTESIAN_POINT ( 'NONE',  ( -55.00000000000000000, -1.734723475976807094E-15, 0.0000000000000000000 ) ) ;
#2018 = DIRECTION ( 'NONE',  ( -5.551115123125782702E-17, -1.000000000000000000, 0.0000000000000000000 ) ) ;
#2019 = CARTESIAN_POINT ( 'NONE',  ( -45.00000000000003553, 20.00000000000000711, -55.00000000000002132 ) ) ;
#2020 = ORIENTED_EDGE ( 'NONE', *, *, #1078, .T. ) ;
#2021 = AXIS2_PLACEMENT_3D ( 'NONE', #2585, #2986, #3861 ) ;
#2022 = EDGE_LOOP ( 'NONE', ( #3296, #1630 ) ) ;
#2023 = DIRECTION ( 'NONE',  ( -5.551115123125782702E-17, -1.000000000000000000, 0.0000000000000000000 ) ) ;
#2024 = EDGE_CURVE ( 'NONE', #4728, #411, #5032, .T. ) ;
#2025 = VERTEX_POINT ( 'NONE', #1746 ) ;
#2026 = CARTESIAN_POINT ( 'NONE',  ( -102.9999999999999858, 35.00000000000000000, 104.9999999999999858 ) ) ;
#2027 = ORIENTED_EDGE ( 'NONE', *, *, #510, .T. ) ;
#2028 = FACE_OUTER_BOUND ( 'NONE', #3696, .T. ) ;
#2029 = ORIENTED_EDGE ( 'NONE', *, *, #4257, .T. ) ;
#2030 = CARTESIAN_POINT ( 'NONE',  ( 5.204170427930421283E-15, 0.0000000000000000000, -105.0000000000000142 ) ) ;
#2031 = CARTESIAN_POINT ( 'NONE',  ( 115.0000000000000000, 20.00000000000000355, -104.2437909203321169 ) ) ;
#2032 = CYLINDRICAL_SURFACE ( 'NONE', #3000, 5.099999999999993427 ) ;
#2033 = ORIENTED_EDGE ( 'NONE', *, *, #4530, .F. ) ;
#2034 = DIRECTION ( 'NONE',  ( 0.0000000000000000000, 0.0000000000000000000, 1.000000000000000000 ) ) ;
#2035 = DIRECTION ( 'NONE',  ( 0.0000000000000000000, 0.0000000000000000000, 1.000000000000000000 ) ) ;
#2036 = VECTOR ( 'NONE', #785, 1000.000000000000114 ) ;
#2037 = DIRECTION ( 'NONE',  ( 5.551115123125782702E-17, 1.000000000000000000, 0.0000000000000000000 ) ) ;
#2038 = SURFACE_STYLE_FILL_AREA ( #3051 ) ;
#2039 = DIRECTION ( 'NONE',  ( -5.551115123125782702E-17, -1.000000000000000000, 0.0000000000000000000 ) ) ;
#2040 = VERTEX_POINT ( 'NONE', #2089 ) ;
#2041 = AXIS2_PLACEMENT_3D ( 'NONE', #1990, #2387, #1975 ) ;
#2042 = VECTOR ( 'NONE', #3289, 1000.000000000000000 ) ;
#2043 = ADVANCED_FACE ( 'NONE', ( #2257 ), #1927, .T. ) ;
#2044 = DIRECTION ( 'NONE',  ( -0.7071067811865474617, 5.551115123125783935E-17, -0.7071067811865475727 ) ) ;
#2045 = FACE_OUTER_BOUND ( 'NONE', #4502, .T. ) ;
#2046 = DIRECTION ( 'NONE',  ( 0.0000000000000000000, 0.0000000000000000000, 1.000000000000000000 ) ) ;
#2047 = AXIS2_PLACEMENT_3D ( 'NONE', #1107, #3819, #2683 ) ;
#2048 = DIRECTION ( 'NONE',  ( 0.0000000000000000000, 0.0000000000000000000, -1.000000000000000000 ) ) ;
#2049 = CYLINDRICAL_SURFACE ( 'NONE', #2250, 7.500000000000007105 ) ;
#2050 = FILL_AREA_STYLE_COLOUR ( '', #1556 ) ;
#2051 = DIRECTION ( 'NONE',  ( -2.775557561562891351E-16, 0.0000000000000000000, -1.000000000000000000 ) ) ;
#2052 = EDGE_CURVE ( 'NONE', #4688, #339, #3106, .T. ) ;
#2053 =( NAMED_UNIT ( * ) SI_UNIT ( $, .STERADIAN. ) SOLID_ANGLE_UNIT ( ) );
#2054 = PRODUCT_RELATED_PRODUCT_CATEGORY ( 'part', '', ( #2465 ) ) ;
#2055 = CARTESIAN_POINT ( 'NONE',  ( -102.5000000000000142, 0.0000000000000000000, 22.75000000000000711 ) ) ;
#2056 = DIRECTION ( 'NONE',  ( -5.551115123125782702E-17, 0.0000000000000000000, 1.000000000000000000 ) ) ;
#2057 = CARTESIAN_POINT ( 'NONE',  ( -76.99999999999997158, 19.99999999999999645, 59.99999999999998579 ) ) ;
#2058 = EDGE_LOOP ( 'NONE', ( #1840, #4004 ) ) ;
#2059 = EDGE_CURVE ( 'NONE', #4169, #338, #2552, .T. ) ;
#2060 = ORIENTED_EDGE ( 'NONE', *, *, #3750, .T. ) ;
#2061 = DIRECTION ( 'NONE',  ( 5.551115123125782702E-17, 1.000000000000000000, 0.0000000000000000000 ) ) ;
#2062 = PLANE ( 'NONE',  #2616 ) ;
#2063 = EDGE_LOOP ( 'NONE', ( #1084, #4814 ) ) ;
#2064 = DIRECTION ( 'NONE',  ( 0.0000000000000000000, 0.0000000000000000000, 1.000000000000000000 ) ) ;
#2065 = ORIENTED_EDGE ( 'NONE', *, *, #2309, .T. ) ;
#2066 = CARTESIAN_POINT ( 'NONE',  ( 95.00000000000000000, 34.99999999999999289, 70.00000000000000000 ) ) ;
#2067 = CARTESIAN_POINT ( 'NONE',  ( 44.99999999999997158, 5.000000000000002665, -95.00000000000002842 ) ) ;
#2068 = CARTESIAN_POINT ( 'NONE',  ( -90.00000000000000000, -6.938893903907228378E-15, -95.09999999999996589 ) ) ;
#2069 = EDGE_LOOP ( 'NONE', ( #1227, #2702, #1908, #3125 ) ) ;
#2070 = EDGE_CURVE ( 'NONE', #3169, #208, #4906, .T. ) ;
#2071 = AXIS2_PLACEMENT_3D ( 'NONE', #728, #2310, #3089 ) ;
#2072 = LINE ( 'NONE', #2398, #10 ) ;
#2073 = DIRECTION ( 'NONE',  ( 0.0000000000000000000, 0.0000000000000000000, 1.000000000000000000 ) ) ;
#2074 = ADVANCED_FACE ( 'NONE', ( #4601 ), #1577, .F. ) ;
#2075 = ORIENTED_EDGE ( 'NONE', *, *, #3385, .T. ) ;
#2076 = DIRECTION ( 'NONE',  ( 0.0000000000000000000, 0.0000000000000000000, -1.000000000000000000 ) ) ;
#2077 = ORIENTED_EDGE ( 'NONE', *, *, #2145, .F. ) ;
#2078 = CARTESIAN_POINT ( 'NONE',  ( 90.00000000000000000, -6.938893903907228378E-15, 90.00000000000000000 ) ) ;
#2079 = DIRECTION ( 'NONE',  ( 1.000000000000000000, 5.551115123125782702E-17, -5.551115123125782702E-17 ) ) ;
#2080 = PRESENTATION_STYLE_ASSIGNMENT (( #3259 ) ) ;
#2081 = VECTOR ( 'NONE', #2982, 1000.000000000000000 ) ;
#2082 = COLOUR_RGB ( '',1.000000000000000000, 1.000000000000000000, 1.000000000000000000 ) ;
#2083 = STYLED_ITEM ( 'NONE', ( #4698 ), #3804 ) ;
#2084 = ORIENTED_EDGE ( 'NONE', *, *, #1065, .F. ) ;
#2085 = ORIENTED_EDGE ( 'NONE', *, *, #3923, .F. ) ;
#2086 = CIRCLE ( 'NONE', #4513, 3.000000000000002665 ) ;
#2087 = ORIENTED_EDGE ( 'NONE', *, *, #4709, .F. ) ;
#2088 = VERTEX_POINT ( 'NONE', #4472 ) ;
#2089 = CARTESIAN_POINT ( 'NONE',  ( 1.318389841742373589E-15, 20.00000000000001066, -142.5000000000000000 ) ) ;
#2090 = DIRECTION ( 'NONE',  ( -0.7071067811865475727, -4.024158810645018149E-18, 0.7071067811865474617 ) ) ;
#2091 = UNCERTAINTY_MEASURE_WITH_UNIT (LENGTH_MEASURE( 1.000000000000000082E-05 ), #1050, 'distance_accuracy_value', 'NONE');
#2092 = CIRCLE ( 'NONE', #1850, 2.499999999999988454 ) ;
#2093 = DIRECTION ( 'NONE',  ( -5.551115123125782702E-17, -1.000000000000000000, 0.0000000000000000000 ) ) ;
#2094 =( GEOMETRIC_REPRESENTATION_CONTEXT ( 3 ) GLOBAL_UNCERTAINTY_ASSIGNED_CONTEXT ( ( #4059 ) ) GLOBAL_UNIT_ASSIGNED_CONTEXT ( ( #1731, #4044, #2892 ) ) REPRESENTATION_CONTEXT ( 'NONE', 'WORKASPACE' ) );
#2095 = ORIENTED_EDGE ( 'NONE', *, *, #478, .T. ) ;
#2096 = EDGE_LOOP ( 'NONE', ( #570, #1116, #2861, #2363 ) ) ;
#2097 = DIRECTION ( 'NONE',  ( 5.551115123125782702E-17, 1.000000000000000000, 0.0000000000000000000 ) ) ;
#2098 = EDGE_CURVE ( 'NONE', #429, #2716, #2498, .T. ) ;
#2099 = DIRECTION ( 'NONE',  ( 0.0000000000000000000, 0.0000000000000000000, 1.000000000000000000 ) ) ;
#2100 = VECTOR ( 'NONE', #4505, 1000.000000000000000 ) ;
#2101 = CARTESIAN_POINT ( 'NONE',  ( 77.00000000000001421, 20.00000000000000000, -60.00000000000002842 ) ) ;
#2102 = CIRCLE ( 'NONE', #395, 7.500000000000007105 ) ;
#2103 = DIRECTION ( 'NONE',  ( 0.7071067811865500152, -6.692214052035821991E-18, -0.7071067811865450192 ) ) ;
#2104 = ORIENTED_EDGE ( 'NONE', *, *, #4398, .F. ) ;
#2105 = ADVANCED_FACE ( 'NONE', ( #1312 ), #4309, .F. ) ;
#2106 = EDGE_CURVE ( 'NONE', #879, #3660, #2792, .T. ) ;
#2107 = AXIS2_PLACEMENT_3D ( 'NONE', #1966, #418, #3140 ) ;
#2108 = DIRECTION ( 'NONE',  ( -5.551115123125782702E-17, -1.000000000000000000, 0.0000000000000000000 ) ) ;
#2109 = DIRECTION ( 'NONE',  ( 0.0000000000000000000, 0.0000000000000000000, 1.000000000000000000 ) ) ;
#2110 = DIRECTION ( 'NONE',  ( -0.7071067811865479058, 5.551115123125785167E-17, -0.7071067811865472397 ) ) ;
#2111 = CARTESIAN_POINT ( 'NONE',  ( -60.00000000000000000, 20.00000000000000355, -82.49999999999998579 ) ) ;
#2112 = CARTESIAN_POINT ( 'NONE',  ( 44.99999999999997158, 5.000000000000002665, -95.00000000000002842 ) ) ;
#2113 = FACE_OUTER_BOUND ( 'NONE', #3389, .T. ) ;
#2114 = EDGE_CURVE ( 'NONE', #3352, #2813, #361, .T. ) ;
#2115 = STYLED_ITEM ( 'NONE', ( #404 ), #3132 ) ;
#2116 = FACE_OUTER_BOUND ( 'NONE', #249, .T. ) ;
#2117 = CARTESIAN_POINT ( 'NONE',  ( 50.00000000000000711, 0.0000000000000000000, 99.99999999999997158 ) ) ;
#2118 = VERTEX_POINT ( 'NONE', #1012 ) ;
#2119 = AXIS2_PLACEMENT_3D ( 'NONE', #3651, #1756, #597 ) ;
#2120 = ORIENTED_EDGE ( 'NONE', *, *, #2002, .F. ) ;
#2121 =( NAMED_UNIT ( * ) SI_UNIT ( $, .STERADIAN. ) SOLID_ANGLE_UNIT ( ) );
#2122 = ORIENTED_EDGE ( 'NONE', *, *, #1970, .F. ) ;
#2123 = PLANE ( 'NONE',  #3202 ) ;
#2124 = ORIENTED_EDGE ( 'NONE', *, *, #286, .T. ) ;
#2125 = EDGE_CURVE ( 'NONE', #1392, #1873, #3934, .T. ) ;
#2126 = DIRECTION ( 'NONE',  ( 5.551115123125782702E-17, 1.000000000000000000, 0.0000000000000000000 ) ) ;
#2127 = CONTEXT_DEPENDENT_SHAPE_REPRESENTATION ( #1148, #2279 ) ;
#2128 = CARTESIAN_POINT ( 'NONE',  ( 95.00000000000000000, 34.99999999999999289, 73.00000000000001421 ) ) ;
#2129 = ADVANCED_FACE ( 'NONE', ( #1750 ), #4485, .F. ) ;
#2130 = EDGE_LOOP ( 'NONE', ( #2157, #4977 ) ) ;
#2131 = DIRECTION ( 'NONE',  ( -5.551115123125782702E-17, -1.000000000000000000, -5.551115123125782702E-17 ) ) ;
#2132 = DIRECTION ( 'NONE',  ( 1.665334536937735304E-16, 0.0000000000000000000, 1.000000000000000000 ) ) ;
#2133 = ORIENTED_EDGE ( 'NONE', *, *, #4764, .T. ) ;
#2134 = CYLINDRICAL_SURFACE ( 'NONE', #4774, 2.499999999999995115 ) ;
#2135 = FACE_OUTER_BOUND ( 'NONE', #3112, .T. ) ;
#2136 = CYLINDRICAL_SURFACE ( 'NONE', #1955, 3.400000000000000355 ) ;
#2137 = ORIENTED_EDGE ( 'NONE', *, *, #2098, .F. ) ;
#2138 = LINE ( 'NONE', #3702, #3901 ) ;
#2139 = FACE_OUTER_BOUND ( 'NONE', #4223, .T. ) ;
#2140 = DIRECTION ( 'NONE',  ( 0.0000000000000000000, 0.0000000000000000000, -1.000000000000000000 ) ) ;
#2141 = VECTOR ( 'NONE', #527, 1000.000000000000000 ) ;
#2142 = CARTESIAN_POINT ( 'NONE',  ( -89.99999999999997158, 34.99999999999999289, 90.00000000000000000 ) ) ;
#2143 = CARTESIAN_POINT ( 'NONE',  ( 60.00000000000000000, 19.99999999999999645, -82.49999999999998579 ) ) ;
#2144 = VECTOR ( 'NONE', #4876, 1000.000000000000000 ) ;
#2145 = EDGE_CURVE ( 'NONE', #2915, #92, #166, .T. ) ;
#2146 = EDGE_LOOP ( 'NONE', ( #1380, #4226, #705 ) ) ;
#2147 = ORIENTED_EDGE ( 'NONE', *, *, #1010, .T. ) ;
#2148 = STYLED_ITEM ( 'NONE', ( #3625 ), #2317 ) ;
#2149 = VECTOR ( 'NONE', #3269, 1000.000000000000000 ) ;
#2150 = VECTOR ( 'NONE', #2351, 1000.000000000000000 ) ;
#2151 = CARTESIAN_POINT ( 'NONE',  ( 4.999999999999999112, 20.00000000000000000, -39.99999999999999289 ) ) ;
#2152 = EDGE_LOOP ( 'NONE', ( #1287, #1582, #2588, #1517 ) ) ;
#2153 = DIRECTION ( 'NONE',  ( -5.551115123125782702E-17, -1.000000000000000000, 0.0000000000000000000 ) ) ;
#2154 = AXIS2_PLACEMENT_3D ( 'NONE', #3462, #4687, #3 ) ;
#2155 = CIRCLE ( 'NONE', #3611, 2.999999999999988898 ) ;
#2156 = VERTEX_POINT ( 'NONE', #3016 ) ;
#2157 = ORIENTED_EDGE ( 'NONE', *, *, #2248, .T. ) ;
#2158 = UNCERTAINTY_MEASURE_WITH_UNIT (LENGTH_MEASURE( 1.000000000000000082E-05 ), #1632, 'distance_accuracy_value', 'NONE');
#2159 = FACE_OUTER_BOUND ( 'NONE', #2260, .T. ) ;
#2160 = VERTEX_POINT ( 'NONE', #234 ) ;
#2161 = DIRECTION ( 'NONE',  ( 5.551115123125782702E-17, 1.000000000000000000, 0.0000000000000000000 ) ) ;
#2162 = VERTEX_POINT ( 'NONE', #2962 ) ;
#2163 = DIRECTION ( 'NONE',  ( 3.885780586188047891E-16, -5.551115123125782702E-17, 1.000000000000000000 ) ) ;
#2164 = PRESENTATION_LAYER_ASSIGNMENT (  '', '', ( #4083 ) ) ;
#2165 = SURFACE_STYLE_FILL_AREA ( #895 ) ;
#2166 = CARTESIAN_POINT ( 'NONE',  ( 76.99999999999998579, 34.99999999999999289, 60.00000000000000000 ) ) ;
#2167 = ORIENTED_EDGE ( 'NONE', *, *, #3874, .F. ) ;
#2168 = EDGE_CURVE ( 'NONE', #4037, #1058, #1199, .T. ) ;
#2169 = FACE_OUTER_BOUND ( 'NONE', #302, .T. ) ;
#2170 = CARTESIAN_POINT ( 'NONE',  ( 102.9999999999999716, 34.99999999999998579, 105.0000000000000142 ) ) ;
#2171 =( LENGTH_UNIT ( ) NAMED_UNIT ( * ) SI_UNIT ( .MILLI., .METRE. ) );
#2172 = FACE_OUTER_BOUND ( 'NONE', #4877, .T. ) ;
#2173 = ORIENTED_EDGE ( 'NONE', *, *, #2248, .F. ) ;
#2174 = DIRECTION ( 'NONE',  ( 1.000000000000000000, 0.0000000000000000000, -4.996003610813204432E-16 ) ) ;
#2175 = CIRCLE ( 'NONE', #1384, 3.400000000000000355 ) ;
#2176 = LINE ( 'NONE', #738, #1190 ) ;
#2177 = EDGE_CURVE ( 'NONE', #1034, #266, #44, .T. ) ;
#2178 = ORIENTED_EDGE ( 'NONE', *, *, #758, .F. ) ;
#2179 = DIRECTION ( 'NONE',  ( 5.551115123125782702E-17, 1.000000000000000000, 0.0000000000000000000 ) ) ;
#2180 = CARTESIAN_POINT ( 'NONE',  ( 1.734723475976807094E-15, 20.00000000000001066, -150.0000000000000000 ) ) ;
#2181 = DIRECTION ( 'NONE',  ( 5.551115123125782702E-17, 1.000000000000000000, 0.0000000000000000000 ) ) ;
#2182 = CARTESIAN_POINT ( 'NONE',  ( -105.0000000000000000, 35.00000000000000000, 62.00000000000000000 ) ) ;
#2183 = CARTESIAN_POINT ( 'NONE',  ( 45.00000000000003553, 5.000000000000004441, -52.50000000000002842 ) ) ;
#2184 = DIRECTION ( 'NONE',  ( -0.7071067811865471286, 9.244463733058732095E-33, -0.7071067811865479058 ) ) ;
#2185 = PRESENTATION_LAYER_ASSIGNMENT (  '', '', ( #97 ) ) ;
#2186 = CARTESIAN_POINT ( 'NONE',  ( 134.9999999999999716, 19.99999999999998224, 60.00000000000000000 ) ) ;
#2187 = STYLED_ITEM ( 'NONE', ( #1112 ), #3752 ) ;
#2188 = DIRECTION ( 'NONE',  ( -2.220446049250313081E-16, 0.0000000000000000000, 1.000000000000000000 ) ) ;
#2189 = DIRECTION ( 'NONE',  ( 5.551115123125782702E-17, 1.000000000000000000, 0.0000000000000000000 ) ) ;
#2190 = VECTOR ( 'NONE', #2433, 1000.000000000000000 ) ;
#2191 = DIRECTION ( 'NONE',  ( 0.0000000000000000000, 0.0000000000000000000, -1.000000000000000000 ) ) ;
#2192 = ORIENTED_EDGE ( 'NONE', *, *, #4591, .F. ) ;
#2193 = VERTEX_POINT ( 'NONE', #1845 ) ;
#2194 = PRESENTATION_LAYER_ASSIGNMENT (  '', '', ( #4881 ) ) ;
#2195 = DIRECTION ( 'NONE',  ( -5.551115123125782702E-17, -1.000000000000000000, 0.0000000000000000000 ) ) ;
#2196 = DIRECTION ( 'NONE',  ( 5.551115123125782702E-17, 1.000000000000000000, 0.0000000000000000000 ) ) ;
#2197 =( LENGTH_UNIT ( ) NAMED_UNIT ( * ) SI_UNIT ( .MILLI., .METRE. ) );
#2198 = VERTEX_POINT ( 'NONE', #625 ) ;
#2199 = EDGE_CURVE ( 'NONE', #174, #4819, #3041, .T. ) ;
#2200 = DIRECTION ( 'NONE',  ( 5.551115123125782702E-17, 1.000000000000000000, 0.0000000000000000000 ) ) ;
#2201 = DIRECTION ( 'NONE',  ( -1.000000000000000000, 0.0000000000000000000, 7.771561172376097755E-16 ) ) ;
#2202 = LINE ( 'NONE', #2434, #1266 ) ;
#2203 = VERTEX_POINT ( 'NONE', #2594 ) ;
#2204 =( NAMED_UNIT ( * ) SI_UNIT ( $, .STERADIAN. ) SOLID_ANGLE_UNIT ( ) );
#2205 = VECTOR ( 'NONE', #3968, 1000.000000000000000 ) ;
#2206 = ORIENTED_EDGE ( 'NONE', *, *, #2833, .F. ) ;
#2207 = EDGE_CURVE ( 'NONE', #4073, #4458, #2674, .T. ) ;
#2208 = LINE ( 'NONE', #225, #1169 ) ;
#2209 = ADVANCED_FACE ( 'NONE', ( #834, #1989, #959, #4192, #3162, #3689, #1629, #3568, #1507, #4362, #4964, #3342, #3158, #715, #2670, #3751, #4188 ), #996, .T. ) ;
#2210 = LINE ( 'NONE', #2980, #194 ) ;
#2211 = VERTEX_POINT ( 'NONE', #290 ) ;
#2212 = EDGE_LOOP ( 'NONE', ( #578, #202, #4619, #387 ) ) ;
#2213 = DIRECTION ( 'NONE',  ( 5.551115123125782702E-17, 1.000000000000000000, 0.0000000000000000000 ) ) ;
#2214 =( LENGTH_UNIT ( ) NAMED_UNIT ( * ) SI_UNIT ( .MILLI., .METRE. ) );
#2215 = DIRECTION ( 'NONE',  ( 5.551115123125782702E-17, 1.000000000000000000, 0.0000000000000000000 ) ) ;
#2216 = LINE ( 'NONE', #3515, #137 ) ;
#2217 = EDGE_CURVE ( 'NONE', #1844, #3537, #3035, .T. ) ;
#2218 = CARTESIAN_POINT ( 'NONE',  ( 155.0000000000000568, 6.938893903907228378E-15, 29.99999999999994316 ) ) ;
#2219 = AXIS2_PLACEMENT_3D ( 'NONE', #3814, #1509, #4233 ) ;
#2220 = ORIENTED_EDGE ( 'NONE', *, *, #3507, .F. ) ;
#2221 = ORIENTED_EDGE ( 'NONE', *, *, #4194, .T. ) ;
#2222 = DIRECTION ( 'NONE',  ( 5.551115123125782702E-17, 1.000000000000000000, 0.0000000000000000000 ) ) ;
#2223 = DIRECTION ( 'NONE',  ( 0.0000000000000000000, 0.0000000000000000000, 1.000000000000000000 ) ) ;
#2224 = LINE ( 'NONE', #118, #1056 ) ;
#2225 = CARTESIAN_POINT ( 'NONE',  ( 105.0000000000000000, 20.00000000000000711, -103.0000000000000426 ) ) ;
#2226 = ORIENTED_EDGE ( 'NONE', *, *, #5023, .T. ) ;
#2227 = ORIENTED_EDGE ( 'NONE', *, *, #5000, .T. ) ;
#2228 = FACE_OUTER_BOUND ( 'NONE', #4007, .T. ) ;
#2229 = AXIS2_PLACEMENT_3D ( 'NONE', #3673, #1342, #3270 ) ;
#2230 = ORIENTED_EDGE ( 'NONE', *, *, #3816, .F. ) ;
#2231 = EDGE_CURVE ( 'NONE', #2156, #284, #1307, .T. ) ;
#2232 = CARTESIAN_POINT ( 'NONE',  ( -76.99999999999998579, 19.99999999999998934, -105.0000000000000000 ) ) ;
#2233 = DIRECTION ( 'NONE',  ( 5.551115123125782702E-17, 1.000000000000000000, 0.0000000000000000000 ) ) ;
#2234 =( NAMED_UNIT ( * ) SI_UNIT ( $, .STERADIAN. ) SOLID_ANGLE_UNIT ( ) );
#2235 = DIRECTION ( 'NONE',  ( 5.551115123125782702E-17, 5.551115123125782702E-17, -1.000000000000000000 ) ) ;
#2236 = CARTESIAN_POINT ( 'NONE',  ( -5.000000000000000888, 1.734723475976807094E-15, -39.99999999999999289 ) ) ;
#2237 = ADVANCED_FACE ( 'NONE', ( #2116 ), #2711, .F. ) ;
#2238 = EDGE_LOOP ( 'NONE', ( #1492, #2505, #237, #4483 ) ) ;
#2239 = EDGE_CURVE ( 'NONE', #373, #636, #2245, .T. ) ;
#2240 = VECTOR ( 'NONE', #3098, 1000.000000000000000 ) ;
#2241 = DIRECTION ( 'NONE',  ( 5.551115123125782702E-17, 1.000000000000000000, 0.0000000000000000000 ) ) ;
#2242 = CARTESIAN_POINT ( 'NONE',  ( 104.9999999999999858, 35.00000000000000000, -103.0000000000000426 ) ) ;
#2243 = SURFACE_STYLE_USAGE ( .BOTH. , #3361 ) ;
#2244 = CIRCLE ( 'NONE', #4356, 7.500000000000007105 ) ;
#2245 = LINE ( 'NONE', #327, #295 ) ;
#2246 = FACE_OUTER_BOUND ( 'NONE', #2595, .T. ) ;
#2247 = DIRECTION ( 'NONE',  ( 0.0000000000000000000, 0.0000000000000000000, -1.000000000000000000 ) ) ;
#2248 = EDGE_CURVE ( 'NONE', #208, #3169, #1015, .T. ) ;
#2249 = EDGE_CURVE ( 'NONE', #3473, #4012, #2375, .T. ) ;
#2250 = AXIS2_PLACEMENT_3D ( 'NONE', #3455, #2252, #362 ) ;
#2251 = VECTOR ( 'NONE', #1416, 1000.000000000000000 ) ;
#2252 = DIRECTION ( 'NONE',  ( 5.551115123125782702E-17, 1.000000000000000000, 0.0000000000000000000 ) ) ;
#2253 = LINE ( 'NONE', #940, #4068 ) ;
#2254 = DIRECTION ( 'NONE',  ( 0.0000000000000000000, 0.0000000000000000000, 1.000000000000000000 ) ) ;
#2255 = CARTESIAN_POINT ( 'NONE',  ( -76.99999999999997158, 35.00000000000000000, 59.99999999999998579 ) ) ;
#2256 = CARTESIAN_POINT ( 'NONE',  ( 89.99999999999998579, 35.00000000000000000, -95.10000000000000853 ) ) ;
#2257 = FACE_OUTER_BOUND ( 'NONE', #4803, .T. ) ;
#2258 = ORIENTED_EDGE ( 'NONE', *, *, #286, .F. ) ;
#2259 = DIRECTION ( 'NONE',  ( -5.551115123125782702E-17, -1.000000000000000000, 0.0000000000000000000 ) ) ;
#2260 = EDGE_LOOP ( 'NONE', ( #2295, #2628, #2536, #4799 ) ) ;
#2261 = DIRECTION ( 'NONE',  ( 0.0000000000000000000, 0.0000000000000000000, 1.000000000000000000 ) ) ;
#2262 = UNCERTAINTY_MEASURE_WITH_UNIT (LENGTH_MEASURE( 1.000000000000000082E-05 ), #331, 'distance_accuracy_value', 'NONE');
#2263 = DIRECTION ( 'NONE',  ( -5.551115123125782702E-17, -1.000000000000000000, 0.0000000000000000000 ) ) ;
#2264 = ORIENTED_EDGE ( 'NONE', *, *, #3621, .T. ) ;
#2265 = EDGE_LOOP ( 'NONE', ( #1526, #3576 ) ) ;
#2266 = ORIENTED_EDGE ( 'NONE', *, *, #1874, .T. ) ;
#2267 = ADVANCED_FACE ( 'NONE', ( #656 ), #2049, .F. ) ;
#2268 = VECTOR ( 'NONE', #2110, 999.9999999999998863 ) ;
#2269 = EDGE_LOOP ( 'NONE', ( #382, #3717, #3199, #3655 ) ) ;
#2270 = ORIENTED_EDGE ( 'NONE', *, *, #1210, .T. ) ;
#2271 = DIRECTION ( 'NONE',  ( -0.7071067811865500152, -5.551115123125782702E-17, -0.7071067811865450192 ) ) ;
#2272 = LINE ( 'NONE', #551, #3949 ) ;
#2273 = DIRECTION ( 'NONE',  ( -1.665334536937735057E-16, 0.0000000000000000000, -1.000000000000000000 ) ) ;
#2274 = SURFACE_STYLE_USAGE ( .BOTH. , #1453 ) ;
#2275 = FACE_BOUND ( 'NONE', #4325, .T. ) ;
#2276 = ORIENTED_EDGE ( 'NONE', *, *, #4954, .T. ) ;
#2277 = EDGE_CURVE ( 'NONE', #3193, #4501, #4842, .T. ) ;
#2278 = ORIENTED_EDGE ( 'NONE', *, *, #5017, .F. ) ;
#2279 = PRODUCT_DEFINITION_SHAPE ( 'NONE', 'NONE',  #5038 ) ;
#2281 = CIRCLE ( 'NONE', #511, 5.099999999999993427 ) ;
#2280 = DIRECTION ( 'NONE',  ( -6.938893903907222067E-15, 0.0000000000000000000, -1.000000000000000000 ) ) ;
#2282 = DIRECTION ( 'NONE',  ( 0.0000000000000000000, 0.0000000000000000000, -1.000000000000000000 ) ) ;
#2283 = CIRCLE ( 'NONE', #3774, 2.999999999999988898 ) ;
#2284 = CARTESIAN_POINT ( 'NONE',  ( 134.9999999999999716, 19.99999999999998224, 60.00000000000000000 ) ) ;
#2285 = ORIENTED_EDGE ( 'NONE', *, *, #1403, .F. ) ;
#2286 = LINE ( 'NONE', #2862, #4754 ) ;
#2287 = FACE_OUTER_BOUND ( 'NONE', #4173, .T. ) ;
#2288 = DIRECTION ( 'NONE',  ( 5.551115123125782702E-17, 1.000000000000000000, 0.0000000000000000000 ) ) ;
#2289 = EDGE_CURVE ( 'NONE', #4169, #1350, #1803, .T. ) ;
#2290 = VERTEX_POINT ( 'NONE', #3812 ) ;
#2291 = ORIENTED_EDGE ( 'NONE', *, *, #1267, .F. ) ;
#2292 = PRESENTATION_LAYER_ASSIGNMENT (  '', '', ( #3826 ) ) ;
#2293 = CARTESIAN_POINT ( 'NONE',  ( -5.000000000000003553, 20.00000000000000355, -39.99999999999999289 ) ) ;
#2294 = VECTOR ( 'NONE', #4939, 1000.000000000000000 ) ;
#2295 = ORIENTED_EDGE ( 'NONE', *, *, #595, .T. ) ;
#2296 = ORIENTED_EDGE ( 'NONE', *, *, #2289, .T. ) ;
#2297 = CARTESIAN_POINT ( 'NONE',  ( 50.00000000000000000, 19.99999999999999645, 99.99999999999997158 ) ) ;
#2298 = DIRECTION ( 'NONE',  ( -5.551115123125782702E-17, 1.000000000000000222, 2.775557561562891351E-17 ) ) ;
#2299 = CARTESIAN_POINT ( 'NONE',  ( 45.00000000000002842, 3.497848452431101762, -55.00000000000002132 ) ) ;
#2300 = PLANE ( 'NONE',  #801 ) ;
#2301 = PRESENTATION_LAYER_ASSIGNMENT (  '', '', ( #1422 ) ) ;
#2302 =( NAMED_UNIT ( * ) SI_UNIT ( $, .STERADIAN. ) SOLID_ANGLE_UNIT ( ) );
#2303 = ORIENTED_EDGE ( 'NONE', *, *, #4833, .T. ) ;
#2304 = ADVANCED_FACE ( 'NONE', ( #4305 ), #379, .F. ) ;
#2305 = CLOSED_SHELL ( 'NONE', ( #4198, #1153, #2774, #2725, #448, #2129, #2237, #2304, #725, #671, #469, #4744, #4998, #3570 ) ) ;
#2306 = DIRECTION ( 'NONE',  ( 5.551115123125782702E-17, 1.000000000000000000, 0.0000000000000000000 ) ) ;
#2307 = CARTESIAN_POINT ( 'NONE',  ( 90.00000000000000000, 35.00000000000000000, 90.00000000000000000 ) ) ;
#2308 = ORIENTED_EDGE ( 'NONE', *, *, #4018, .T. ) ;
#2309 = EDGE_CURVE ( 'NONE', #814, #541, #2493, .T. ) ;
#2310 = DIRECTION ( 'NONE',  ( -1.000000000000000000, 6.162975822039154730E-33, -5.551115123125782702E-17 ) ) ;
#2311 = CARTESIAN_POINT ( 'NONE',  ( -76.99999999999998579, 35.00000000000000000, 104.9999999999999858 ) ) ;
#2312 = DIRECTION ( 'NONE',  ( 0.7071067811865475727, 1.730537381620162519E-17, -0.7071067811865474617 ) ) ;
#2313 = VECTOR ( 'NONE', #1242, 1000.000000000000000 ) ;
#2314 = DIRECTION ( 'NONE',  ( 5.551115123125782702E-17, 1.000000000000000000, 0.0000000000000000000 ) ) ;
#2315 = PLANE ( 'NONE',  #558 ) ;
#2316 = CARTESIAN_POINT ( 'NONE',  ( -75.00000000000001421, 35.00000000000001421, -62.00000000000001421 ) ) ;
#2317 = ADVANCED_FACE ( 'NONE', ( #1685 ), #4784, .F. ) ;
#2318 = EDGE_CURVE ( 'NONE', #2831, #96, #775, .T. ) ;
#2319 = ORIENTED_EDGE ( 'NONE', *, *, #2881, .T. ) ;
#2320 = AXIS2_PLACEMENT_3D ( 'NONE', #640, #273, #2977 ) ;
#2321 = CARTESIAN_POINT ( 'NONE',  ( 45.00000000000003553, 5.000000000000004441, -52.50000000000002842 ) ) ;
#2322 = EDGE_LOOP ( 'NONE', ( #3823, #1671 ) ) ;
#2323 = ORIENTED_EDGE ( 'NONE', *, *, #323, .F. ) ;
#2324 = DIRECTION ( 'NONE',  ( 0.0000000000000000000, 0.0000000000000000000, 1.000000000000000000 ) ) ;
#2325 = PLANE ( 'NONE',  #1745 ) ;
#2326 = UNCERTAINTY_MEASURE_WITH_UNIT (LENGTH_MEASURE( 1.000000000000000082E-05 ), #4374, 'distance_accuracy_value', 'NONE');
#2327 = ORIENTED_EDGE ( 'NONE', *, *, #888, .T. ) ;
#2328 = ORIENTED_EDGE ( 'NONE', *, *, #4837, .T. ) ;
#2329 = DIRECTION ( 'NONE',  ( -5.551115123125782702E-17, 0.0000000000000000000, 1.000000000000000000 ) ) ;
#2330 = DIRECTION ( 'NONE',  ( 0.0000000000000000000, 0.0000000000000000000, 1.000000000000000000 ) ) ;
#2331 = SURFACE_STYLE_FILL_AREA ( #4302 ) ;
#2332 = AXIS2_PLACEMENT_3D ( 'NONE', #951, #3302, #967 ) ;
#2333 = CIRCLE ( 'NONE', #1894, 5.099999999999993427 ) ;
#2334 = DIRECTION ( 'NONE',  ( -5.551115123125782702E-17, -1.000000000000000000, 0.0000000000000000000 ) ) ;
#2335 = ORIENTED_EDGE ( 'NONE', *, *, #1858, .T. ) ;
#2336 = EDGE_CURVE ( 'NONE', #4501, #1670, #420, .T. ) ;
#2337 = LINE ( 'NONE', #3250, #3947 ) ;
#2338 = CIRCLE ( 'NONE', #4116, 39.99999999999996447 ) ;
#2339 = ORIENTED_EDGE ( 'NONE', *, *, #1448, .T. ) ;
#2340 = PRODUCT_DEFINITION ( 'UNKNOWN', '', #4729, #3877 ) ;
#2341 = LINE ( 'NONE', #1612, #4448 ) ;
#2342 = CIRCLE ( 'NONE', #4652, 5.099999999999993427 ) ;
#2343 = DIRECTION ( 'NONE',  ( 1.000000000000000000, 0.0000000000000000000, 0.0000000000000000000 ) ) ;
#2344 = CYLINDRICAL_SURFACE ( 'NONE', #817, 3.400000000000000355 ) ;
#2345 = DIRECTION ( 'NONE',  ( 0.7071067811865450192, 0.0000000000000000000, 0.7071067811865500152 ) ) ;
#2346 = EDGE_CURVE ( 'NONE', #1670, #4734, #1195, .T. ) ;
#2347 =( LENGTH_UNIT ( ) NAMED_UNIT ( * ) SI_UNIT ( .MILLI., .METRE. ) );
#2348 = ORIENTED_EDGE ( 'NONE', *, *, #1542, .T. ) ;
#2349 = EDGE_LOOP ( 'NONE', ( #4644, #1450, #1708, #2701 ) ) ;
#2350 = ADVANCED_FACE ( 'NONE', ( #2614 ), #2933, .F. ) ;
#2351 = DIRECTION ( 'NONE',  ( -5.551115123125782702E-17, -1.000000000000000000, 0.0000000000000000000 ) ) ;
#2352 = LINE ( 'NONE', #1142, #1411 ) ;
#2353 = DIRECTION ( 'NONE',  ( 5.551115123125782702E-17, 1.000000000000000000, 5.551115123125782702E-17 ) ) ;
#2354 = DIRECTION ( 'NONE',  ( 5.551115123125782702E-17, 1.000000000000000000, 0.0000000000000000000 ) ) ;
#2355 = ORIENTED_EDGE ( 'NONE', *, *, #2799, .T. ) ;
#2356 = EDGE_LOOP ( 'NONE', ( #670, #1177, #4144, #3972 ) ) ;
#2357 = CARTESIAN_POINT ( 'NONE',  ( -60.00000000000000000, 20.00000000000000355, -82.49999999999998579 ) ) ;
#2358 = LINE ( 'NONE', #4589, #1290 ) ;
#2359 = EDGE_CURVE ( 'NONE', #4012, #1486, #3810, .T. ) ;
#2360 = AXIS2_PLACEMENT_3D ( 'NONE', #3350, #252, #3388 ) ;
#2361 = ORIENTED_EDGE ( 'NONE', *, *, #305, .F. ) ;
#2362 = DIRECTION ( 'NONE',  ( 0.0000000000000000000, 0.0000000000000000000, -1.000000000000000000 ) ) ;
#2363 = ORIENTED_EDGE ( 'NONE', *, *, #292, .T. ) ;
#2364 = CYLINDRICAL_SURFACE ( 'NONE', #807, 5.099999999999993427 ) ;
#2365 = AXIS2_PLACEMENT_3D ( 'NONE', #4934, #4171, #2629 ) ;
#2366 = VECTOR ( 'NONE', #3850, 1000.000000000000000 ) ;
#2367 = FACE_OUTER_BOUND ( 'NONE', #4855, .T. ) ;
#2368 = CARTESIAN_POINT ( 'NONE',  ( 90.00000000000000000, 19.99999999999999645, 90.00000000000000000 ) ) ;
#2369 = CARTESIAN_POINT ( 'NONE',  ( -89.99999999999997158, 19.99999999999998934, 90.00000000000000000 ) ) ;
#2370 = CIRCLE ( 'NONE', #1494, 5.099999999999993427 ) ;
#2371 = VECTOR ( 'NONE', #4050, 1000.000000000000000 ) ;
#2372 = LINE ( 'NONE', #1739, #2042 ) ;
#2373 = ADVANCED_FACE ( 'NONE', ( #1744 ), #4416, .F. ) ;
#2374 = EDGE_CURVE ( 'NONE', #2013, #136, #532, .T. ) ;
#2375 = LINE ( 'NONE', #3070, #1074 ) ;
#2376 = LINE ( 'NONE', #2026, #1079 ) ;
#2377 = CARTESIAN_POINT ( 'NONE',  ( -59.99999999999994316, -3.469446951953614189E-15, 109.9999999999999858 ) ) ;
#2378 = DIRECTION ( 'NONE',  ( -5.551115123125782702E-17, -5.551115123125782702E-17, 1.000000000000000000 ) ) ;
#2379 = CARTESIAN_POINT ( 'NONE',  ( -49.99999999999998579, 20.00000000000000355, -4.999999999999990230 ) ) ;
#2380 = EDGE_CURVE ( 'NONE', #303, #4373, #2972, .T. ) ;
#2381 = MECHANICAL_DESIGN_GEOMETRIC_PRESENTATION_REPRESENTATION (  '', ( #4101 ), #2640 ) ;
#2382 = EDGE_LOOP ( 'NONE', ( #660, #19, #1580, #1534 ) ) ;
#2383 = ORIENTED_EDGE ( 'NONE', *, *, #394, .T. ) ;
#2384 = CARTESIAN_POINT ( 'NONE',  ( 104.9999999999999716, 19.99999999999998224, 103.0000000000000142 ) ) ;
#2385 = ORIENTED_EDGE ( 'NONE', *, *, #4122, .T. ) ;
#2386 = CARTESIAN_POINT ( 'NONE',  ( 45.00000000000002842, 20.00000000000000355, -55.00000000000002842 ) ) ;
#2387 = DIRECTION ( 'NONE',  ( 5.551115123125782702E-17, 1.000000000000000000, 0.0000000000000000000 ) ) ;
#2388 = SHAPE_DEFINITION_REPRESENTATION ( #311, #822 ) ;
#2389 = ORIENTED_EDGE ( 'NONE', *, *, #2277, .T. ) ;
#2390 = EDGE_CURVE ( 'NONE', #4808, #1351, #4529, .T. ) ;
#2391 = AXIS2_PLACEMENT_3D ( 'NONE', #3740, #2984, #985 ) ;
#2392 = COLOUR_RGB ( '',1.000000000000000000, 1.000000000000000000, 1.000000000000000000 ) ;
#2393 = DIRECTION ( 'NONE',  ( 0.0000000000000000000, 0.0000000000000000000, -1.000000000000000000 ) ) ;
#2394 = ORIENTED_EDGE ( 'NONE', *, *, #2922, .T. ) ;
#2395 = FACE_OUTER_BOUND ( 'NONE', #4359, .T. ) ;
#2396 = ADVANCED_FACE ( 'NONE', ( #4061 ), #1250, .F. ) ;
#2397 = VECTOR ( 'NONE', #2636, 1000.000000000000000 ) ;
#2398 = CARTESIAN_POINT ( 'NONE',  ( -75.00000000000000000, 34.99999999999999289, 102.9999999999999858 ) ) ;
#2399 = CONICAL_SURFACE ( 'NONE', #3426, 2.499999999999995115, 1.029744258676652091 ) ;
#2400 = PLANE ( 'NONE',  #1370 ) ;
#2401 = VERTEX_POINT ( 'NONE', #2722 ) ;
#2402 = MECHANICAL_DESIGN_GEOMETRIC_PRESENTATION_REPRESENTATION (  '', ( #374 ), #1431 ) ;
#2403 = CIRCLE ( 'NONE', #2229, 5.099999999999993427 ) ;
#2404 = ORIENTED_EDGE ( 'NONE', *, *, #806, .T. ) ;
#2405 = EDGE_CURVE ( 'NONE', #1830, #1172, #1503, .T. ) ;
#2406 = ORIENTED_EDGE ( 'NONE', *, *, #2024, .F. ) ;
#2407 = DIRECTION ( 'NONE',  ( -5.551115123125782702E-17, -1.000000000000000000, 0.0000000000000000000 ) ) ;
#2408 = FACE_OUTER_BOUND ( 'NONE', #4862, .T. ) ;
#2409 = CYLINDRICAL_SURFACE ( 'NONE', #1913, 9.999999999999980460 ) ;
#2410 = ORIENTED_EDGE ( 'NONE', *, *, #150, .T. ) ;
#2411 = VERTEX_POINT ( 'NONE', #4244 ) ;
#2412 = CARTESIAN_POINT ( 'NONE',  ( -105.0000000000000142, 35.00000000000000000, -103.0000000000000284 ) ) ;
#2413 = VECTOR ( 'NONE', #2354, 1000.000000000000000 ) ;
#2414 = ORIENTED_EDGE ( 'NONE', *, *, #2639, .F. ) ;
#2415 = VERTEX_POINT ( 'NONE', #1162 ) ;
#2416 =( NAMED_UNIT ( * ) SI_UNIT ( $, .STERADIAN. ) SOLID_ANGLE_UNIT ( ) );
#2417 = DIRECTION ( 'NONE',  ( 8.326672684688666480E-14, 0.0000000000000000000, -1.000000000000000000 ) ) ;
#2418 = CARTESIAN_POINT ( 'NONE',  ( 49.99999999999998579, 20.00000000000000355, -10.00000000000001599 ) ) ;
#2419 = LINE ( 'NONE', #275, #2720 ) ;
#2420 = PLANE ( 'NONE',  #2715 ) ;
#2421 = EDGE_LOOP ( 'NONE', ( #2763, #4817, #4338, #2303 ) ) ;
#2422 = UNCERTAINTY_MEASURE_WITH_UNIT (LENGTH_MEASURE( 1.000000000000000082E-05 ), #1621, 'distance_accuracy_value', 'NONE');
#2423 = EDGE_CURVE ( 'NONE', #3365, #663, #4593, .T. ) ;
#2424 = AXIS2_PLACEMENT_3D ( 'NONE', #3504, #2288, #3824 ) ;
#2425 =( NAMED_UNIT ( * ) SI_UNIT ( $, .STERADIAN. ) SOLID_ANGLE_UNIT ( ) );
#2426 = LINE ( 'NONE', #4236, #463 ) ;
#2427 = ADVANCED_FACE ( 'NONE', ( #470 ), #416, .F. ) ;
#2428 = CARTESIAN_POINT ( 'NONE',  ( 95.00000000000001421, 19.99999999999999645, 70.00000000000000000 ) ) ;
#2429 = LINE ( 'NONE', #2166, #2784 ) ;
#2430 = PRESENTATION_LAYER_ASSIGNMENT (  '', '', ( #1174 ) ) ;
#2431 = DIRECTION ( 'NONE',  ( 5.551115123125782702E-17, 1.000000000000000000, 0.0000000000000000000 ) ) ;
#2432 = LINE ( 'NONE', #2242, #1073 ) ;
#2433 = DIRECTION ( 'NONE',  ( 1.000000000000000000, 5.551115123125782702E-17, -2.220446049250313081E-16 ) ) ;
#2434 = CARTESIAN_POINT ( 'NONE',  ( -75.00000000000000000, 35.00000000000000000, 62.00000000000001421 ) ) ;
#2435 = VECTOR ( 'NONE', #802, 1000.000000000000000 ) ;
#2436 = SURFACE_SIDE_STYLE ('',( #1655 ) ) ;
#2437 = CARTESIAN_POINT ( 'NONE',  ( -55.00000000000000000, -1.734723475976807094E-15, 0.0000000000000000000 ) ) ;
#2438 = CARTESIAN_POINT ( 'NONE',  ( 95.00000000000000000, 6.938893903907228378E-15, 70.00000000000000000 ) ) ;
#2439 = EDGE_CURVE ( 'NONE', #2008, #2869, #3989, .T. ) ;
#2440 = VERTEX_POINT ( 'NONE', #5014 ) ;
#2441 = ORIENTED_EDGE ( 'NONE', *, *, #727, .T. ) ;
#2442 = CARTESIAN_POINT ( 'NONE',  ( 134.9999999999999716, -2.081668171172168513E-14, 60.00000000000001421 ) ) ;
#2443 = DIRECTION ( 'NONE',  ( 5.551115123125782702E-17, 1.000000000000000000, 0.0000000000000000000 ) ) ;
#2444 = EDGE_CURVE ( 'NONE', #92, #4159, #651, .T. ) ;
#2445 = AXIS2_PLACEMENT_3D ( 'NONE', #1155, #1140, #1929 ) ;
#2446 = ORIENTED_EDGE ( 'NONE', *, *, #408, .T. ) ;
#2447 =( NAMED_UNIT ( * ) PLANE_ANGLE_UNIT ( ) SI_UNIT ( $, .RADIAN. ) );
#2448 = FACE_BOUND ( 'NONE', #813, .T. ) ;
#2449 = AXIS2_PLACEMENT_3D ( 'NONE', #2883, #921, #481 ) ;
#2450 = EDGE_LOOP ( 'NONE', ( #3119, #685, #672, #572 ) ) ;
#2451 = ORIENTED_EDGE ( 'NONE', *, *, #4857, .T. ) ;
#2452 = MECHANICAL_DESIGN_GEOMETRIC_PRESENTATION_REPRESENTATION (  '', ( #2187 ), #1817 ) ;
#2453 = DIRECTION ( 'NONE',  ( -5.551115123125782702E-17, -1.000000000000000000, 0.0000000000000000000 ) ) ;
#2454 = FACE_OUTER_BOUND ( 'NONE', #3630, .T. ) ;
#2455 = CARTESIAN_POINT ( 'NONE',  ( -102.9999999999999858, 20.00000000000000355, 59.99999999999998579 ) ) ;
#2456 = ORIENTED_EDGE ( 'NONE', *, *, #3242, .F. ) ;
#2457 = ORIENTED_EDGE ( 'NONE', *, *, #637, .F. ) ;
#2458 = VECTOR ( 'NONE', #2731, 1000.000000000000000 ) ;
#2459 = DIRECTION ( 'NONE',  ( 0.0000000000000000000, 0.0000000000000000000, 1.000000000000000000 ) ) ;
#2460 =( LENGTH_UNIT ( ) NAMED_UNIT ( * ) SI_UNIT ( .MILLI., .METRE. ) );
#2461 = DIRECTION ( 'NONE',  ( 0.0000000000000000000, 0.0000000000000000000, 1.000000000000000000 ) ) ;
#2462 = VERTEX_POINT ( 'NONE', #756 ) ;
#2463 = AXIS2_PLACEMENT_3D ( 'NONE', #1082, #2713, #3477 ) ;
#2464 = ORIENTED_EDGE ( 'NONE', *, *, #2997, .F. ) ;
#2465 = PRODUCT ( '4GAA002120202003X_Predeterminado<As Machined>', '4GAA002120202003X_Predeterminado<As Machined>', '', ( #711 ) ) ;
#2466 = CARTESIAN_POINT ( 'NONE',  ( -60.00000000000000000, 20.00000000000000355, -87.00000000000000000 ) ) ;
#2467 = CIRCLE ( 'NONE', #3971, 9.999999999999980460 ) ;
#2468 = CARTESIAN_POINT ( 'NONE',  ( 95.00000000000001421, 19.99999999999999645, 73.00000000000001421 ) ) ;
#2469 = EDGE_CURVE ( 'NONE', #307, #1294, #3446, .T. ) ;
#2470 = ORIENTED_EDGE ( 'NONE', *, *, #1933, .T. ) ;
#2471 = ORIENTED_EDGE ( 'NONE', *, *, #2833, .T. ) ;
#2472 = VECTOR ( 'NONE', #5004, 1000.000000000000000 ) ;
#2473 = ORIENTED_EDGE ( 'NONE', *, *, #4047, .T. ) ;
#2474 = ORIENTED_EDGE ( 'NONE', *, *, #934, .F. ) ;
#2475 = CARTESIAN_POINT ( 'NONE',  ( -60.00000000000000000, 20.00000000000000355, -82.49999999999998579 ) ) ;
#2476 = ADVANCED_FACE ( 'NONE', ( #2848, #2491 ), #4673, .T. ) ;
#2477 = CARTESIAN_POINT ( 'NONE',  ( -90.00000000000000000, -6.938893903907228378E-15, -84.89999999999997726 ) ) ;
#2478 = LINE ( 'NONE', #626, #3552 ) ;
#2479 = EDGE_CURVE ( 'NONE', #1325, #721, #4245, .T. ) ;
#2480 = ORIENTED_EDGE ( 'NONE', *, *, #143, .T. ) ;
#2481 = DIRECTION ( 'NONE',  ( 0.0000000000000000000, 0.0000000000000000000, 1.000000000000000000 ) ) ;
#2482 = DIRECTION ( 'NONE',  ( 5.551115123125782702E-17, 1.000000000000000000, 0.0000000000000000000 ) ) ;
#2483 = DIRECTION ( 'NONE',  ( -5.551115123125782702E-17, 0.0000000000000000000, 1.000000000000000000 ) ) ;
#2484 = CARTESIAN_POINT ( 'NONE',  ( 50.00000000000000000, 19.99999999999999645, 99.99999999999997158 ) ) ;
#2485 = PRESENTATION_STYLE_ASSIGNMENT (( #296 ) ) ;
#2486 = ORIENTED_EDGE ( 'NONE', *, *, #4250, .F. ) ;
#2487 = EDGE_CURVE ( 'NONE', #1480, #3728, #3622, .T. ) ;
#2488 = AXIS2_PLACEMENT_3D ( 'NONE', #2297, #3799, #2273 ) ;
#2489 = SURFACE_SIDE_STYLE ('',( #2935 ) ) ;
#2490 = CARTESIAN_POINT ( 'NONE',  ( 112.9999999999999858, 20.00000000000000000, -104.2437909203321169 ) ) ;
#2491 = FACE_OUTER_BOUND ( 'NONE', #4024, .T. ) ;
#2492 = SURFACE_STYLE_FILL_AREA ( #550 ) ;
#2493 = LINE ( 'NONE', #4951, #42 ) ;
#2494 = CARTESIAN_POINT ( 'NONE',  ( -77.00000000000001421, 35.00000000000000711, -60.00000000000001421 ) ) ;
#2495 = DIRECTION ( 'NONE',  ( -5.551115123125782702E-17, -1.000000000000000000, 0.0000000000000000000 ) ) ;
#2496 = CARTESIAN_POINT ( 'NONE',  ( -49.99999999999996447, 19.99999999999999289, 100.0000000000000000 ) ) ;
#2497 = EDGE_CURVE ( 'NONE', #25, #2401, #2176, .T. ) ;
#2498 = LINE ( 'NONE', #4800, #3451 ) ;
#2499 = CYLINDRICAL_SURFACE ( 'NONE', #2449, 7.500000000000007105 ) ;
#2500 = DIRECTION ( 'NONE',  ( -5.551115123125782702E-17, -1.000000000000000000, 0.0000000000000000000 ) ) ;
#2501 = CARTESIAN_POINT ( 'NONE',  ( -77.00000000000001421, 35.00000000000000711, -60.00000000000001421 ) ) ;
#2502 = PLANE ( 'NONE',  #4548 ) ;
#2503 = VERTEX_POINT ( 'NONE', #27 ) ;
#2504 = EDGE_CURVE ( 'NONE', #743, #429, #3335, .T. ) ;
#2505 = ORIENTED_EDGE ( 'NONE', *, *, #168, .F. ) ;
#2506 = FILL_AREA_STYLE ('',( #203 ) ) ;
#2507 = CARTESIAN_POINT ( 'NONE',  ( 4.999999999999997335, 0.0000000000000000000, -39.99999999999999289 ) ) ;
#2508 = VERTEX_POINT ( 'NONE', #2770 ) ;
#2509 = CARTESIAN_POINT ( 'NONE',  ( 74.99999999999995737, 34.99999999999999289, 102.9999999999999858 ) ) ;
#2510 = EDGE_CURVE ( 'NONE', #2008, #1676, #2610, .T. ) ;
#2511 = AXIS2_PLACEMENT_3D ( 'NONE', #4604, #2271, #3798 ) ;
#2512 = CIRCLE ( 'NONE', #4439, 4.500000000000003553 ) ;
#2513 = CIRCLE ( 'NONE', #3085, 2.999999999999988898 ) ;
#2514 = ORIENTED_EDGE ( 'NONE', *, *, #2852, .F. ) ;
#2515 = VERTEX_POINT ( 'NONE', #4725 ) ;
#2516 =( NAMED_UNIT ( * ) SI_UNIT ( $, .STERADIAN. ) SOLID_ANGLE_UNIT ( ) );
#2517 =( NAMED_UNIT ( * ) SI_UNIT ( $, .STERADIAN. ) SOLID_ANGLE_UNIT ( ) );
#2518 = PRESENTATION_STYLE_ASSIGNMENT (( #1125 ) ) ;
#2519 = LINE ( 'NONE', #293, #3713 ) ;
#2520 = AXIS2_PLACEMENT_3D ( 'NONE', #2078, #156, #890 ) ;
#2521 = CYLINDRICAL_SURFACE ( 'NONE', #3585, 3.000000000000002665 ) ;
#2522 = ORIENTED_EDGE ( 'NONE', *, *, #2909, .F. ) ;
#2523 = LINE ( 'NONE', #4712, #1474 ) ;
#2524 = VECTOR ( 'NONE', #2093, 1000.000000000000000 ) ;
#2525 = ORIENTED_EDGE ( 'NONE', *, *, #2444, .T. ) ;
#2526 = ORIENTED_EDGE ( 'NONE', *, *, #2576, .T. ) ;
#2527 = CARTESIAN_POINT ( 'NONE',  ( -102.5000000000000000, 19.99999999999999645, 19.35000000000000497 ) ) ;
#2528 = LINE ( 'NONE', #4189, #454 ) ;
#2529 = CARTESIAN_POINT ( 'NONE',  ( -59.99999999999994316, 19.99999999999999645, 109.9999999999999858 ) ) ;
#2530 = ORIENTED_EDGE ( 'NONE', *, *, #4928, .T. ) ;
#2531 = CARTESIAN_POINT ( 'NONE',  ( 77.00000000000001421, 35.00000000000000000, -60.00000000000001421 ) ) ;
#2532 = EDGE_CURVE ( 'NONE', #3437, #497, #4525, .T. ) ;
#2533 = CARTESIAN_POINT ( 'NONE',  ( -95.00000000000001421, 34.99999999999999289, -70.00000000000000000 ) ) ;
#2534 = DIRECTION ( 'NONE',  ( 5.551115123125782702E-17, 1.000000000000000000, 0.0000000000000000000 ) ) ;
#2535 = VERTEX_POINT ( 'NONE', #3925 ) ;
#2536 = ORIENTED_EDGE ( 'NONE', *, *, #2959, .F. ) ;
#2537 = LINE ( 'NONE', #2455, #4523 ) ;
#2538 = EDGE_CURVE ( 'NONE', #3280, #3572, #3216, .T. ) ;
#2539 = VECTOR ( 'NONE', #2201, 1000.000000000000000 ) ;
#2540 = DIRECTION ( 'NONE',  ( -5.551115123125782702E-17, -1.000000000000000000, 0.0000000000000000000 ) ) ;
#2541 = DIRECTION ( 'NONE',  ( -0.6616216370868461816, -2.428612866367530548E-17, 0.7498378553650926204 ) ) ;
#2542 = VERTEX_POINT ( 'NONE', #2815 ) ;
#2543 = DIRECTION ( 'NONE',  ( 0.0000000000000000000, 0.0000000000000000000, 1.000000000000000000 ) ) ;
#2544 = LINE ( 'NONE', #4681, #354 ) ;
#2545 = PRESENTATION_LAYER_ASSIGNMENT (  '', '', ( #3478 ) ) ;
#2546 = AXIS2_PLACEMENT_3D ( 'NONE', #710, #2626, #1452 ) ;
#2547 = DIRECTION ( 'NONE',  ( -0.7071067811865475727, -4.024158810645018149E-18, 0.7071067811865474617 ) ) ;
#2548 = CARTESIAN_POINT ( 'NONE',  ( -112.9999999999999858, 19.99999999999999645, -104.2437909203321169 ) ) ;
#2549 = EDGE_LOOP ( 'NONE', ( #2895, #4515, #3380, #1321 ) ) ;
#2550 = CARTESIAN_POINT ( 'NONE',  ( 120.0000000000000000, 20.00000000000001066, 95.00000000000000000 ) ) ;
#2551 = AXIS2_PLACEMENT_3D ( 'NONE', #3815, #3073, #729 ) ;
#2552 = LINE ( 'NONE', #4410, #898 ) ;
#2553 = DIRECTION ( 'NONE',  ( 0.0000000000000000000, 0.0000000000000000000, 1.000000000000000000 ) ) ;
#2554 = PLANE ( 'NONE',  #4181 ) ;
#2555 = CARTESIAN_POINT ( 'NONE',  ( 120.0000000000000000, 20.00000000000001066, 95.00000000000000000 ) ) ;
#2556 = ORIENTED_EDGE ( 'NONE', *, *, #2660, .F. ) ;
#2557 = EDGE_CURVE ( 'NONE', #1147, #2755, #229, .T. ) ;
#2558 = VERTEX_POINT ( 'NONE', #3145 ) ;
#2559 = DIRECTION ( 'NONE',  ( 0.7071067811865474617, -1.540743955509788682E-33, 0.7071067811865475727 ) ) ;
#2560 = DIRECTION ( 'NONE',  ( 5.551115123125782702E-17, 1.000000000000000000, 0.0000000000000000000 ) ) ;
#2561 = ORIENTED_EDGE ( 'NONE', *, *, #1308, .T. ) ;
#2562 = CARTESIAN_POINT ( 'NONE',  ( -95.00000000000001421, 6.938893903907228378E-15, -67.00000000000001421 ) ) ;
#2563 = DIRECTION ( 'NONE',  ( 5.551115123125782702E-17, 1.000000000000000000, 0.0000000000000000000 ) ) ;
#2564 = ORIENTED_EDGE ( 'NONE', *, *, #1308, .F. ) ;
#2565 = UNCERTAINTY_MEASURE_WITH_UNIT (LENGTH_MEASURE( 1.000000000000000082E-05 ), #2460, 'distance_accuracy_value', 'NONE');
#2566 = LINE ( 'NONE', #3920, #3464 ) ;
#2567 = ORIENTED_EDGE ( 'NONE', *, *, #727, .F. ) ;
#2568 = ORIENTED_EDGE ( 'NONE', *, *, #1252, .F. ) ;
#2569 = LINE ( 'NONE', #3671, #3712 ) ;
#2570 = VECTOR ( 'NONE', #699, 999.9999999999998863 ) ;
#2571 = DIRECTION ( 'NONE',  ( -5.551115123125782702E-17, 5.551115123125782702E-17, -1.000000000000000000 ) ) ;
#2572 = LINE ( 'NONE', #1119, #1465 ) ;
#2573 = DIRECTION ( 'NONE',  ( 5.551115123125782702E-17, 1.000000000000000000, 0.0000000000000000000 ) ) ;
#2574 = SURFACE_STYLE_USAGE ( .BOTH. , #4885 ) ;
#2575 = CARTESIAN_POINT ( 'NONE',  ( 77.00000000000001421, 35.00000000000000000, -60.00000000000001421 ) ) ;
#2576 = EDGE_CURVE ( 'NONE', #541, #1761, #1138, .T. ) ;
#2577 = ORIENTED_EDGE ( 'NONE', *, *, #2024, .T. ) ;
#2578 = VERTEX_POINT ( 'NONE', #2384 ) ;
#2579 = AXIS2_PLACEMENT_3D ( 'NONE', #1760, #4424, #979 ) ;
#2580 = CYLINDRICAL_SURFACE ( 'NONE', #1531, 2.499999999999988454 ) ;
#2581 = DIRECTION ( 'NONE',  ( -5.551115123125782702E-17, -1.000000000000000000, 0.0000000000000000000 ) ) ;
#2582 = DIRECTION ( 'NONE',  ( 5.551115123125782702E-17, 1.000000000000000000, 0.0000000000000000000 ) ) ;
#2583 = ORIENTED_EDGE ( 'NONE', *, *, #1412, .F. ) ;
#2584 = CARTESIAN_POINT ( 'NONE',  ( 90.00000000000000000, 35.00000000000000000, 90.00000000000000000 ) ) ;
#2585 = CARTESIAN_POINT ( 'NONE',  ( 1.734723475976807094E-15, 20.00000000000000000, -105.0000000000000142 ) ) ;
#2586 = EDGE_LOOP ( 'NONE', ( #907, #4096, #557, #1640 ) ) ;
#2587 = FACE_OUTER_BOUND ( 'NONE', #3472, .T. ) ;
#2588 = ORIENTED_EDGE ( 'NONE', *, *, #1159, .T. ) ;
#2589 = AXIS2_PLACEMENT_3D ( 'NONE', #1369, #4105, #134 ) ;
#2590 = DIRECTION ( 'NONE',  ( 1.000000000000000000, 5.551115123125781470E-17, -2.775557561562890858E-16 ) ) ;
#2591 = VECTOR ( 'NONE', #3763, 1000.000000000000000 ) ;
#2592 = EDGE_CURVE ( 'NONE', #4685, #3234, #526, .T. ) ;
#2593 = ORIENTED_EDGE ( 'NONE', *, *, #1376, .F. ) ;
#2594 = CARTESIAN_POINT ( 'NONE',  ( 95.00000000000000000, 6.938893903907228378E-15, 67.00000000000001421 ) ) ;
#2595 = EDGE_LOOP ( 'NONE', ( #1878, #544, #2809, #4277 ) ) ;
#2596 =( NAMED_UNIT ( * ) PLANE_ANGLE_UNIT ( ) SI_UNIT ( $, .RADIAN. ) );
#2597 = DIRECTION ( 'NONE',  ( -2.220446049250313081E-16, 0.0000000000000000000, 1.000000000000000000 ) ) ;
#2598 = CARTESIAN_POINT ( 'NONE',  ( -114.4996757107301590, 20.00000000000000355, -105.5670341945058368 ) ) ;
#2599 = PRODUCT_DEFINITION_FORMATION_WITH_SPECIFIED_SOURCE ( 'ANY', '', #2465, .NOT_KNOWN. ) ;
#2600 = CARTESIAN_POINT ( 'NONE',  ( -114.9999999999999858, 19.99999999999998224, -104.2437909203321027 ) ) ;
#2601 = CYLINDRICAL_SURFACE ( 'NONE', #3670, 7.500000000000007105 ) ;
#2602 = DIRECTION ( 'NONE',  ( -5.551115123125782702E-17, -1.000000000000000000, 0.0000000000000000000 ) ) ;
#2603 = ADVANCED_FACE ( 'NONE', ( #3505 ), #3152, .F. ) ;
#2604 = DIRECTION ( 'NONE',  ( 5.551115123125782702E-17, 1.000000000000000000, 0.0000000000000000000 ) ) ;
#2605 = EDGE_CURVE ( 'NONE', #4229, #2462, #586, .T. ) ;
#2606 = CARTESIAN_POINT ( 'NONE',  ( 120.0000000000000000, -6.938893903907229955E-15, 99.50000000000000000 ) ) ;
#2607 = FILL_AREA_STYLE ('',( #4922 ) ) ;
#2608 = FACE_OUTER_BOUND ( 'NONE', #1429, .T. ) ;
#2609 = ORIENTED_EDGE ( 'NONE', *, *, #4313, .F. ) ;
#2610 = LINE ( 'NONE', #1633, #2313 ) ;
#2611 = EDGE_CURVE ( 'NONE', #4897, #3911, #3394, .T. ) ;
#2612 = DIRECTION ( 'NONE',  ( 0.0000000000000000000, 0.0000000000000000000, 1.000000000000000000 ) ) ;
#2613 = DIRECTION ( 'NONE',  ( 0.7071067811865475727, 4.024158810645018149E-18, -0.7071067811865474617 ) ) ;
#2614 = FACE_OUTER_BOUND ( 'NONE', #3006, .T. ) ;
#2615 = CARTESIAN_POINT ( 'NONE',  ( -95.00000000000001421, 34.99999999999999289, -67.00000000000000000 ) ) ;
#2616 = AXIS2_PLACEMENT_3D ( 'NONE', #2854, #3998, #521 ) ;
#2617 = AXIS2_PLACEMENT_3D ( 'NONE', #2555, #3765, #4522 ) ;
#2618 = DIRECTION ( 'NONE',  ( 0.0000000000000000000, 0.0000000000000000000, 1.000000000000000000 ) ) ;
#2619 = SURFACE_SIDE_STYLE ('',( #4927 ) ) ;
#2620 = FACE_OUTER_BOUND ( 'NONE', #496, .T. ) ;
#2621 = ORIENTED_EDGE ( 'NONE', *, *, #864, .T. ) ;
#2622 = ADVANCED_FACE ( 'NONE', ( #1434 ), #4300, .F. ) ;
#2623 = ORIENTED_EDGE ( 'NONE', *, *, #3027, .F. ) ;
#2624 = AXIS2_PLACEMENT_3D ( 'NONE', #643, #4579, #2613 ) ;
#2625 = CARTESIAN_POINT ( 'NONE',  ( -105.0000000000000142, 34.99999999999999289, -62.00000000000000000 ) ) ;
#2626 = DIRECTION ( 'NONE',  ( 5.551115123125782702E-17, 1.000000000000000000, 0.0000000000000000000 ) ) ;
#2627 = DIRECTION ( 'NONE',  ( 0.0000000000000000000, 0.0000000000000000000, 1.000000000000000000 ) ) ;
#2628 = ORIENTED_EDGE ( 'NONE', *, *, #1010, .F. ) ;
#2629 = DIRECTION ( 'NONE',  ( 0.0000000000000000000, 0.0000000000000000000, -1.000000000000000000 ) ) ;
#2630 = EDGE_CURVE ( 'NONE', #2118, #1994, #104, .T. ) ;
#2631 = DIRECTION ( 'NONE',  ( 5.551115123125782702E-17, 1.000000000000000000, 0.0000000000000000000 ) ) ;
#2632 = SURFACE_SIDE_STYLE ('',( #2038 ) ) ;
#2633 = DIRECTION ( 'NONE',  ( 2.220446049250313081E-16, 0.0000000000000000000, -1.000000000000000000 ) ) ;
#2634 = ORIENTED_EDGE ( 'NONE', *, *, #575, .T. ) ;
#2635 = UNCERTAINTY_MEASURE_WITH_UNIT (LENGTH_MEASURE( 1.000000000000000082E-05 ), #2171, 'distance_accuracy_value', 'NONE');
#2636 = DIRECTION ( 'NONE',  ( -1.000000000000000000, 0.0000000000000000000, -2.775557561562891351E-16 ) ) ;
#2637 = EDGE_LOOP ( 'NONE', ( #467, #3835, #241, #1662 ) ) ;
#2638 = VERTEX_POINT ( 'NONE', #2860 ) ;
#2639 = EDGE_CURVE ( 'NONE', #2462, #1280, #355, .T. ) ;
#2640 =( GEOMETRIC_REPRESENTATION_CONTEXT ( 3 ) GLOBAL_UNCERTAINTY_ASSIGNED_CONTEXT ( ( #2326 ) ) GLOBAL_UNIT_ASSIGNED_CONTEXT ( ( #4374, #1257, #2416 ) ) REPRESENTATION_CONTEXT ( 'NONE', 'WORKASPACE' ) );
#2641 = CYLINDRICAL_SURFACE ( 'NONE', #911, 3.400000000000000355 ) ;
#2642 = LINE ( 'NONE', #1924, #4692 ) ;
#2643 = ORIENTED_EDGE ( 'NONE', *, *, #1335, .T. ) ;
#2644 = DIRECTION ( 'NONE',  ( 5.551115123125782702E-17, 1.000000000000000000, 0.0000000000000000000 ) ) ;
#2645 = DIRECTION ( 'NONE',  ( -5.551115123125782702E-17, -1.000000000000000000, 0.0000000000000000000 ) ) ;
#2646 = CARTESIAN_POINT ( 'NONE',  ( -95.00000000000001421, 19.99999999999999645, -70.00000000000001421 ) ) ;
#2647 = EDGE_CURVE ( 'NONE', #3139, #2290, #4127, .T. ) ;
#2648 = CARTESIAN_POINT ( 'NONE',  ( -49.99999999999996447, 19.99999999999999289, 100.0000000000000000 ) ) ;
#2649 = STYLED_ITEM ( 'NONE', ( #2485 ), #2896 ) ;
#2650 = ORIENTED_EDGE ( 'NONE', *, *, #3354, .F. ) ;
#2651 = VERTEX_POINT ( 'NONE', #1262 ) ;
#2652 = ADVANCED_FACE ( 'NONE', ( #2045 ), #2902, .F. ) ;
#2653 = DIRECTION ( 'NONE',  ( -5.551115123125782702E-17, -1.000000000000000000, 0.0000000000000000000 ) ) ;
#2654 = CARTESIAN_POINT ( 'NONE',  ( -102.9999999999999858, 35.00000000000000000, 60.00000000000000000 ) ) ;
#2655 = LINE ( 'NONE', #3438, #4280 ) ;
#2656 = DIRECTION ( 'NONE',  ( -5.551115123125782702E-17, -1.000000000000000000, 0.0000000000000000000 ) ) ;
#2657 = CARTESIAN_POINT ( 'NONE',  ( -105.0000000000000000, 19.99999999999999645, 62.00000000000000000 ) ) ;
#2658 = ORIENTED_EDGE ( 'NONE', *, *, #107, .T. ) ;
#2659 = ORIENTED_EDGE ( 'NONE', *, *, #4218, .T. ) ;
#2660 = EDGE_CURVE ( 'NONE', #2014, #847, #2786, .T. ) ;
#2661 = CIRCLE ( 'NONE', #4538, 9.999999999999980460 ) ;
#2662 = DIRECTION ( 'NONE',  ( -0.7071067811865474617, -1.730537381620161286E-17, 0.7071067811865476838 ) ) ;
#2663 = ORIENTED_EDGE ( 'NONE', *, *, #3536, .T. ) ;
#2664 = LINE ( 'NONE', #3325, #4716 ) ;
#2665 = ORIENTED_EDGE ( 'NONE', *, *, #3341, .F. ) ;
#2666 = DIRECTION ( 'NONE',  ( 5.551115123125782702E-17, 1.000000000000000000, 0.0000000000000000000 ) ) ;
#2667 = CARTESIAN_POINT ( 'NONE',  ( 112.9999999999999858, 20.00000000000000000, -104.2437909203321169 ) ) ;
#2668 = LINE ( 'NONE', #4797, #1625 ) ;
#2669 = CARTESIAN_POINT ( 'NONE',  ( -89.99999999999997158, 34.99999999999999289, 90.00000000000000000 ) ) ;
#2670 = FACE_BOUND ( 'NONE', #1467, .T. ) ;
#2671 = DIRECTION ( 'NONE',  ( 5.551115123125782702E-17, 0.0000000000000000000, -1.000000000000000000 ) ) ;
#2672 = ADVANCED_FACE ( 'NONE', ( #1741 ), #4836, .F. ) ;
#2673 = EDGE_CURVE ( 'NONE', #4012, #1011, #3028, .T. ) ;
#2674 = CIRCLE ( 'NONE', #2320, 7.500000000000007105 ) ;
#2675 = EDGE_LOOP ( 'NONE', ( #1256, #2795, #309, #2999 ) ) ;
#2676 = CARTESIAN_POINT ( 'NONE',  ( 60.00000000000000000, 19.99999999999999645, -77.99999999999998579 ) ) ;
#2677 = APPLICATION_PROTOCOL_DEFINITION ( 'draft international standard', 'automotive_design', 1998, #16 ) ;
#2678 = DIRECTION ( 'NONE',  ( 0.0000000000000000000, 0.0000000000000000000, -1.000000000000000000 ) ) ;
#2679 = PLANE ( 'NONE',  #3037 ) ;
#2680 = PRODUCT_DEFINITION_CONTEXT ( 'detailed design', #3118, 'design' ) ;
#2681 = AXIS2_PLACEMENT_3D ( 'NONE', #336, #280, #3056 ) ;
#2682 = DIRECTION ( 'NONE',  ( -5.551115123125782702E-17, -1.000000000000000000, 0.0000000000000000000 ) ) ;
#2683 = DIRECTION ( 'NONE',  ( -5.551115123125774690E-17, 0.0000000000000000000, 1.000000000000000000 ) ) ;
#2684 = ORIENTED_EDGE ( 'NONE', *, *, #2497, .T. ) ;
#2685 = DIRECTION ( 'NONE',  ( 5.551115123125782702E-17, 1.000000000000000000, 0.0000000000000000000 ) ) ;
#2686 = DIRECTION ( 'NONE',  ( -5.551115123125782702E-17, -1.000000000000000000, 0.0000000000000000000 ) ) ;
#2687 = CARTESIAN_POINT ( 'NONE',  ( 89.99999999999998579, 20.00000000000000000, -95.10000000000000853 ) ) ;
#2688 = SURFACE_STYLE_FILL_AREA ( #696 ) ;
#2689 = AXIS2_PLACEMENT_3D ( 'NONE', #4757, #3614, #2090 ) ;
#2690 = DIRECTION ( 'NONE',  ( -5.551115123125782702E-17, -1.000000000000000000, 0.0000000000000000000 ) ) ;
#2691 = DIRECTION ( 'NONE',  ( -5.551115123125782702E-17, 0.0000000000000000000, 1.000000000000000000 ) ) ;
#2692 = EDGE_CURVE ( 'NONE', #665, #1303, #950, .T. ) ;
#2693 = DIRECTION ( 'NONE',  ( 5.551115123125782702E-17, 1.000000000000000000, 0.0000000000000000000 ) ) ;
#2694 = VERTEX_POINT ( 'NONE', #3668 ) ;
#2695 = UNCERTAINTY_MEASURE_WITH_UNIT (LENGTH_MEASURE( 1.000000000000000082E-05 ), #4627, 'distance_accuracy_value', 'NONE');
#2696 = FACE_OUTER_BOUND ( 'NONE', #1846, .T. ) ;
#2697 = ADVANCED_FACE ( 'NONE', ( #4058 ), #4831, .F. ) ;
#2698 = DIRECTION ( 'NONE',  ( 0.0000000000000000000, 0.0000000000000000000, 1.000000000000000000 ) ) ;
#2699 = COLOUR_RGB ( '',1.000000000000000000, 1.000000000000000000, 1.000000000000000000 ) ;
#2700 = CARTESIAN_POINT ( 'NONE',  ( 1.784729789560604624E-15, 20.00000000000000000, -108.4000000000000057 ) ) ;
#2701 = ORIENTED_EDGE ( 'NONE', *, *, #601, .T. ) ;
#2702 = ORIENTED_EDGE ( 'NONE', *, *, #3794, .T. ) ;
#2703 = LINE ( 'NONE', #419, #1654 ) ;
#2704 = CYLINDRICAL_SURFACE ( 'NONE', #3228, 2.499999999999988454 ) ;
#2705 = EDGE_CURVE ( 'NONE', #123, #1613, #827, .T. ) ;
#2706 = VERTEX_POINT ( 'NONE', #3686 ) ;
#2707 = ORIENTED_EDGE ( 'NONE', *, *, #1189, .F. ) ;
#2708 = AXIS2_PLACEMENT_3D ( 'NONE', #430, #1982, #2698 ) ;
#2709 = LINE ( 'NONE', #4126, #2294 ) ;
#2710 = VERTEX_POINT ( 'NONE', #2911 ) ;
#2711 = PLANE ( 'NONE',  #2511 ) ;
#2712 = ORIENTED_EDGE ( 'NONE', *, *, #3658, .T. ) ;
#2713 = DIRECTION ( 'NONE',  ( -5.551115123125782702E-17, -1.000000000000000000, 0.0000000000000000000 ) ) ;
#2714 = PRESENTATION_LAYER_ASSIGNMENT (  '', '', ( #3741 ) ) ;
#2715 = AXIS2_PLACEMENT_3D ( 'NONE', #4336, #897, #2051 ) ;
#2716 = VERTEX_POINT ( 'NONE', #577 ) ;
#2717 = ORIENTED_EDGE ( 'NONE', *, *, #220, .F. ) ;
#2718 = DIRECTION ( 'NONE',  ( -0.7498378553650925094, -6.938893903907246867E-18, 0.6616216370868464036 ) ) ;
#2719 = DIRECTION ( 'NONE',  ( 5.551115123125782702E-17, 1.000000000000000000, 0.0000000000000000000 ) ) ;
#2720 = VECTOR ( 'NONE', #2541, 1000.000000000000227 ) ;
#2721 = DIRECTION ( 'NONE',  ( 0.7071067811865475727, 4.024158810645018149E-18, -0.7071067811865474617 ) ) ;
#2722 = CARTESIAN_POINT ( 'NONE',  ( -5.000000000000000888, 1.734723475976807094E-15, -39.99999999999999289 ) ) ;
#2723 = AXIS2_PLACEMENT_3D ( 'NONE', #2907, #4486, #588 ) ;
#2724 = FACE_BOUND ( 'NONE', #3527, .T. ) ;
#2725 = ADVANCED_FACE ( 'NONE', ( #2608 ), #3377, .F. ) ;
#2726 = ORIENTED_EDGE ( 'NONE', *, *, #2277, .F. ) ;
#2727 = EDGE_CURVE ( 'NONE', #411, #3701, #4117, .T. ) ;
#2728 = DIRECTION ( 'NONE',  ( -0.7071067811865479058, 0.0000000000000000000, -0.7071067811865471286 ) ) ;
#2729 = DIRECTION ( 'NONE',  ( 5.551115123125782702E-17, 1.000000000000000000, 0.0000000000000000000 ) ) ;
#2730 = DIRECTION ( 'NONE',  ( 5.551115123125782702E-17, 1.000000000000000000, 0.0000000000000000000 ) ) ;
#2731 = DIRECTION ( 'NONE',  ( 0.7071067811865475727, 4.024158810645018149E-18, -0.7071067811865474617 ) ) ;
#2732 = DIRECTION ( 'NONE',  ( 0.0000000000000000000, 0.0000000000000000000, 1.000000000000000000 ) ) ;
#2733 = VECTOR ( 'NONE', #1493, 1000.000000000000114 ) ;
#2734 = EDGE_CURVE ( 'NONE', #1759, #2025, #4892, .T. ) ;
#2735 = DIRECTION ( 'NONE',  ( 5.551115123125782702E-17, 1.000000000000000000, 0.0000000000000000000 ) ) ;
#2736 = CARTESIAN_POINT ( 'NONE',  ( 40.59713828749376319, 20.00000000000000355, -189.3232432741737057 ) ) ;
#2737 = LINE ( 'NONE', #4321, #1809 ) ;
#2738 = EDGE_CURVE ( 'NONE', #2411, #2503, #1675, .T. ) ;
#2739 = VERTEX_POINT ( 'NONE', #1016 ) ;
#2740 = APPLICATION_CONTEXT ( 'automotive_design' ) ;
#2741 = DIRECTION ( 'NONE',  ( 5.551115123125782702E-17, 1.000000000000000000, 0.0000000000000000000 ) ) ;
#2742 = ADVANCED_FACE ( 'NONE', ( #708, #2724, #886, #2961, #2837, #3863, #1793, #767, #4775, #4468, #3745, #1740, #3209, #283, #3442, #2172, #3387, #1560, #1004, #1914, #100 ), #1000, .F. ) ;
#2743 = EDGE_LOOP ( 'NONE', ( #2577, #3316, #2803, #2750, #2634, #3083, #4914, #1154 ) ) ;
#2744 = PLANE ( 'NONE',  #4908 ) ;
#2745 = DIRECTION ( 'NONE',  ( 0.0000000000000000000, 0.0000000000000000000, 1.000000000000000000 ) ) ;
#2746 = VECTOR ( 'NONE', #2730, 1000.000000000000000 ) ;
#2747 = AXIS2_PLACEMENT_3D ( 'NONE', #830, #4655, #2745 ) ;
#2748 = VERTEX_POINT ( 'NONE', #4069 ) ;
#2749 = DIRECTION ( 'NONE',  ( 1.000000000000000000, 0.0000000000000000000, -2.220446049250313081E-16 ) ) ;
#2750 = ORIENTED_EDGE ( 'NONE', *, *, #3732, .T. ) ;
#2751 = EDGE_CURVE ( 'NONE', #402, #3951, #4407, .T. ) ;
#2752 = CARTESIAN_POINT ( 'NONE',  ( -102.5000000000000000, -7.703719777548943412E-31, 26.15000000000000568 ) ) ;
#2753 = CARTESIAN_POINT ( 'NONE',  ( 95.00000000000000000, 34.99999999999999289, 70.00000000000000000 ) ) ;
#2754 = PRESENTATION_STYLE_ASSIGNMENT (( #703 ) ) ;
#2755 = VERTEX_POINT ( 'NONE', #1382 ) ;
#2756 = ORIENTED_EDGE ( 'NONE', *, *, #1059, .F. ) ;
#2757 = LINE ( 'NONE', #3360, #4623 ) ;
#2758 = CARTESIAN_POINT ( 'NONE',  ( 90.00000000000000000, 19.99999999999999645, 90.00000000000000000 ) ) ;
#2759 = LINE ( 'NONE', #2509, #1170 ) ;
#2760 = EDGE_CURVE ( 'NONE', #4728, #4897, #2429, .T. ) ;
#2761 = LINE ( 'NONE', #616, #2144 ) ;
#2762 = EDGE_LOOP ( 'NONE', ( #1634, #4408, #145, #2816 ) ) ;
#2763 = ORIENTED_EDGE ( 'NONE', *, *, #2790, .F. ) ;
#2764 = CARTESIAN_POINT ( 'NONE',  ( 174.9999999999999716, 19.99999999999998224, 39.99999999999995026 ) ) ;
#2765 = DIRECTION ( 'NONE',  ( -1.000000000000000000, 0.0000000000000000000, 2.220446049250313081E-16 ) ) ;
#2766 = CARTESIAN_POINT ( 'NONE',  ( -135.0000000000000000, 19.99999999999998934, 67.49999999999998579 ) ) ;
#2767 = VERTEX_POINT ( 'NONE', #2924 ) ;
#2768 = ORIENTED_EDGE ( 'NONE', *, *, #852, .T. ) ;
#2769 = EDGE_CURVE ( 'NONE', #2889, #2535, #3618, .T. ) ;
#2770 = CARTESIAN_POINT ( 'NONE',  ( -90.00000000000000000, 35.00000000000000711, -95.09999999999998010 ) ) ;
#2771 = EDGE_CURVE ( 'NONE', #3854, #3437, #520, .T. ) ;
#2772 = DIRECTION ( 'NONE',  ( 5.551115123125782702E-17, 1.000000000000000000, 0.0000000000000000000 ) ) ;
#2773 = VERTEX_POINT ( 'NONE', #1782 ) ;
#2774 = ADVANCED_FACE ( 'NONE', ( #639 ), #2948, .F. ) ;
#2775 = ORIENTED_EDGE ( 'NONE', *, *, #3795, .T. ) ;
#2776 = SURFACE_STYLE_FILL_AREA ( #112 ) ;
#2777 = AXIS2_PLACEMENT_3D ( 'NONE', #3754, #1424, #4493 ) ;
#2778 = CARTESIAN_POINT ( 'NONE',  ( -119.9999999999999716, -3.469446951953614978E-15, 90.50000000000000000 ) ) ;
#2779 = ORIENTED_EDGE ( 'NONE', *, *, #2605, .T. ) ;
#2780 = DIRECTION ( 'NONE',  ( 5.551115123125782702E-17, 1.000000000000000000, 0.0000000000000000000 ) ) ;
#2781 = DIRECTION ( 'NONE',  ( 0.0000000000000000000, 0.0000000000000000000, -1.000000000000000000 ) ) ;
#2782 = CARTESIAN_POINT ( 'NONE',  ( -105.0000000000000142, 35.00000000000000000, -103.0000000000000284 ) ) ;
#2783 = SURFACE_STYLE_USAGE ( .BOTH. , #476 ) ;
#2784 = VECTOR ( 'NONE', #4139, 1000.000000000000000 ) ;
#2785 = DIRECTION ( 'NONE',  ( -0.7071067811865463515, -5.551115123125782702E-17, -0.7071067811865487940 ) ) ;
#2786 = CIRCLE ( 'NONE', #54, 2.499999999999988454 ) ;
#2787 = STYLED_ITEM ( 'NONE', ( #1638 ), #5026 ) ;
#2788 = FACE_BOUND ( 'NONE', #3167, .T. ) ;
#2789 = CARTESIAN_POINT ( 'NONE',  ( -104.9999999999999858, 35.00000000000000000, 102.9999999999999858 ) ) ;
#2790 = EDGE_CURVE ( 'NONE', #2638, #457, #2664, .T. ) ;
#2791 = PRESENTATION_STYLE_ASSIGNMENT (( #4256 ) ) ;
#2792 = CIRCLE ( 'NONE', #2360, 5.099999999999993427 ) ;
#2793 = ADVANCED_FACE ( 'NONE', ( #2367 ), #1765, .F. ) ;
#2794 = CIRCLE ( 'NONE', #1520, 3.000000000000002665 ) ;
#2795 = ORIENTED_EDGE ( 'NONE', *, *, #2052, .F. ) ;
#2796 = FILL_AREA_STYLE ('',( #4720 ) ) ;
#2797 = DIRECTION ( 'NONE',  ( 5.551115123125782702E-17, 1.000000000000000000, 0.0000000000000000000 ) ) ;
#2798 = CARTESIAN_POINT ( 'NONE',  ( 8.673617379884035472E-15, 6.938893903907228378E-15, -150.0000000000000000 ) ) ;
#2799 = EDGE_CURVE ( 'NONE', #3234, #396, #583, .T. ) ;
#2800 = LINE ( 'NONE', #1631, #2190 ) ;
#2801 = ORIENTED_EDGE ( 'NONE', *, *, #961, .T. ) ;
#2802 = CARTESIAN_POINT ( 'NONE',  ( -1.734723475976807094E-15, 20.00000000000000000, 0.0000000000000000000 ) ) ;
#2803 = ORIENTED_EDGE ( 'NONE', *, *, #1412, .T. ) ;
#2804 = MECHANICAL_DESIGN_GEOMETRIC_PRESENTATION_REPRESENTATION (  '', ( #3741 ), #1136 ) ;
#2805 = AXIS2_PLACEMENT_3D ( 'NONE', #1814, #4540, #2280 ) ;
#2806 = EDGE_LOOP ( 'NONE', ( #324, #517, #1471, #372 ) ) ;
#2807 = COLOUR_RGB ( '',1.000000000000000000, 1.000000000000000000, 1.000000000000000000 ) ;
#2808 = SURFACE_SIDE_STYLE ('',( #3363 ) ) ;
#2809 = ORIENTED_EDGE ( 'NONE', *, *, #52, .T. ) ;
#2810 = CIRCLE ( 'NONE', #271, 3.400000000000000355 ) ;
#2811 = ORIENTED_EDGE ( 'NONE', *, *, #2909, .T. ) ;
#2812 = CARTESIAN_POINT ( 'NONE',  ( -102.9999999999999858, 35.00000000000000000, 104.9999999999999858 ) ) ;
#2813 = VERTEX_POINT ( 'NONE', #2128 ) ;
#2814 =( NAMED_UNIT ( * ) SI_UNIT ( $, .STERADIAN. ) SOLID_ANGLE_UNIT ( ) );
#2815 = CARTESIAN_POINT ( 'NONE',  ( 134.9999999999999716, -2.081668171172168513E-14, 52.50000000000000711 ) ) ;
#2816 = ORIENTED_EDGE ( 'NONE', *, *, #4773, .T. ) ;
#2817 = EDGE_CURVE ( 'NONE', #208, #3093, #1622, .T. ) ;
#2818 = EDGE_LOOP ( 'NONE', ( #853, #2029 ) ) ;
#2819 = PRESENTATION_STYLE_ASSIGNMENT (( #4778 ) ) ;
#2820 = LINE ( 'NONE', #4463, #2081 ) ;
#2821 = ORIENTED_EDGE ( 'NONE', *, *, #893, .F. ) ;
#2822 = ORIENTED_EDGE ( 'NONE', *, *, #3766, .F. ) ;
#2823 = DIRECTION ( 'NONE',  ( 5.551115123125782702E-17, 0.0000000000000000000, -1.000000000000000000 ) ) ;
#2824 = CARTESIAN_POINT ( 'NONE',  ( -119.9999999999999858, -3.469446951953614189E-15, 95.00000000000000000 ) ) ;
#2825 = VECTOR ( 'NONE', #2721, 1000.000000000000000 ) ;
#2826 = EDGE_LOOP ( 'NONE', ( #4569, #818, #148, #4516 ) ) ;
#2827 = DIRECTION ( 'NONE',  ( -0.7071067811865477948, 0.0000000000000000000, -0.7071067811865472397 ) ) ;
#2828 = LINE ( 'NONE', #4980, #3138 ) ;
#2829 = FILL_AREA_STYLE ('',( #5011 ) ) ;
#2830 = CARTESIAN_POINT ( 'NONE',  ( 134.9999999999999716, 19.99999999999998224, 60.00000000000000000 ) ) ;
#2831 = VERTEX_POINT ( 'NONE', #277 ) ;
#2832 = EDGE_LOOP ( 'NONE', ( #4736, #2327, #2470, #919 ) ) ;
#2833 = EDGE_CURVE ( 'NONE', #1213, #2882, #4651, .T. ) ;
#2834 = FACE_OUTER_BOUND ( 'NONE', #1326, .T. ) ;
#2835 = VERTEX_POINT ( 'NONE', #1053 ) ;
#2836 = CARTESIAN_POINT ( 'NONE',  ( 95.00000000000001421, 19.99999999999999645, 70.00000000000000000 ) ) ;
#2837 = FACE_BOUND ( 'NONE', #218, .T. ) ;
#2838 = PRODUCT_DEFINITION_SHAPE ( 'NONE', 'NONE',  #2340 ) ;
#2839 = CARTESIAN_POINT ( 'NONE',  ( 89.99999999999998579, 35.00000000000000000, -95.10000000000000853 ) ) ;
#2840 = ORIENTED_EDGE ( 'NONE', *, *, #4674, .F. ) ;
#2841 = DIRECTION ( 'NONE',  ( -5.551115123125782702E-17, -1.000000000000000000, 0.0000000000000000000 ) ) ;
#2842 = LINE ( 'NONE', #4830, #1365 ) ;
#2843 = AXIS2_PLACEMENT_3D ( 'NONE', #2186, #2582, #3358 ) ;
#2844 =( NAMED_UNIT ( * ) SI_UNIT ( $, .STERADIAN. ) SOLID_ANGLE_UNIT ( ) );
#2845 = DIRECTION ( 'NONE',  ( 5.551115123125782702E-17, 0.0000000000000000000, -1.000000000000000000 ) ) ;
#2846 = ORIENTED_EDGE ( 'NONE', *, *, #3277, .F. ) ;
#2847 = CARTESIAN_POINT ( 'NONE',  ( -89.99999999999997158, -8.673617379884035472E-15, 90.00000000000002842 ) ) ;
#2848 = FACE_BOUND ( 'NONE', #4314, .T. ) ;
#2849 = EDGE_CURVE ( 'NONE', #2401, #721, #3496, .T. ) ;
#2850 = FILL_AREA_STYLE_COLOUR ( '', #4992 ) ;
#2851 = CARTESIAN_POINT ( 'NONE',  ( -105.0000000000000142, 35.00000000000000000, -103.0000000000000284 ) ) ;
#2852 = EDGE_CURVE ( 'NONE', #1172, #1123, #3560, .T. ) ;
#2853 = EDGE_LOOP ( 'NONE', ( #3198, #2775, #4747, #3606 ) ) ;
#2854 = CARTESIAN_POINT ( 'NONE',  ( -1.561251128379126385E-14, 35.00000000000000000, -1.387778780781445676E-14 ) ) ;
#2855 = CARTESIAN_POINT ( 'NONE',  ( 89.99999999999998579, 35.00000000000000000, -84.90000000000001990 ) ) ;
#2856 = ORIENTED_EDGE ( 'NONE', *, *, #2738, .T. ) ;
#2857 = CARTESIAN_POINT ( 'NONE',  ( -95.00000000000001421, 34.99999999999999289, -73.00000000000001421 ) ) ;
#2858 = DIRECTION ( 'NONE',  ( 5.551115123125782702E-17, 1.000000000000000000, 0.0000000000000000000 ) ) ;
#2859 = EDGE_CURVE ( 'NONE', #2535, #1393, #3092, .T. ) ;
#2860 = CARTESIAN_POINT ( 'NONE',  ( 90.00000000000000000, 19.99999999999999645, 84.90000000000000568 ) ) ;
#2861 = ORIENTED_EDGE ( 'NONE', *, *, #1906, .F. ) ;
#2862 = CARTESIAN_POINT ( 'NONE',  ( -49.99999999999998579, -1.734723475976807094E-15, 4.999999999999997335 ) ) ;
#2863 = LINE ( 'NONE', #677, #312 ) ;
#2864 = AXIS2_PLACEMENT_3D ( 'NONE', #4527, #668, #3396 ) ;
#2865 = ORIENTED_EDGE ( 'NONE', *, *, #3221, .T. ) ;
#2866 = AXIS2_PLACEMENT_3D ( 'NONE', #4507, #4916, #3340 ) ;
#2867 = LINE ( 'NONE', #3483, #1826 ) ;
#2868 = CARTESIAN_POINT ( 'NONE',  ( 90.00000000000000000, 35.00000000000000000, 84.90000000000000568 ) ) ;
#2869 = VERTEX_POINT ( 'NONE', #3788 ) ;
#2870 = VERTEX_POINT ( 'NONE', #3803 ) ;
#2871 = CYLINDRICAL_SURFACE ( 'NONE', #943, 4.500000000000003553 ) ;
#2872 = DIRECTION ( 'NONE',  ( -1.000000000000000000, 0.0000000000000000000, -2.775557561562891351E-16 ) ) ;
#2873 = CARTESIAN_POINT ( 'NONE',  ( 119.9999999999999716, -6.938893903907228378E-15, 95.00000000000000000 ) ) ;
#2874 = FACE_OUTER_BOUND ( 'NONE', #2549, .T. ) ;
#2875 = CARTESIAN_POINT ( 'NONE',  ( 45.00000000000003553, 5.000000000000004441, -55.00000000000002132 ) ) ;
#2876 = EDGE_LOOP ( 'NONE', ( #693, #3791, #1404, #2865 ) ) ;
#2877 = AXIS2_PLACEMENT_3D ( 'NONE', #3974, #3219, #4378 ) ;
#2878 = ORIENTED_EDGE ( 'NONE', *, *, #1221, .T. ) ;
#2879 = DIRECTION ( 'NONE',  ( -0.7071067811865475727, -1.730537381620162519E-17, 0.7071067811865474617 ) ) ;
#2880 = CARTESIAN_POINT ( 'NONE',  ( 45.00000000000002842, 20.00000000000000355, -57.50000000000001421 ) ) ;
#2881 = EDGE_CURVE ( 'NONE', #4683, #1736, #4519, .T. ) ;
#2882 = VERTEX_POINT ( 'NONE', #1862 ) ;
#2883 = CARTESIAN_POINT ( 'NONE',  ( 1.734723475976807094E-15, 20.00000000000001066, -150.0000000000000000 ) ) ;
#2884 = VERTEX_POINT ( 'NONE', #1441 ) ;
#2885 = FACE_OUTER_BOUND ( 'NONE', #2762, .T. ) ;
#2886 = EDGE_LOOP ( 'NONE', ( #233, #4389, #4882, #620 ) ) ;
#2887 = ORIENTED_EDGE ( 'NONE', *, *, #2504, .F. ) ;
#2888 = LINE ( 'NONE', #1795, #2100 ) ;
#2889 = VERTEX_POINT ( 'NONE', #4594 ) ;
#2890 = DIRECTION ( 'NONE',  ( 0.7071067811865475727, 1.730537381620162519E-17, -0.7071067811865474617 ) ) ;
#2891 = DIRECTION ( 'NONE',  ( 5.551115123125782702E-17, 1.000000000000000000, 0.0000000000000000000 ) ) ;
#2892 =( NAMED_UNIT ( * ) SI_UNIT ( $, .STERADIAN. ) SOLID_ANGLE_UNIT ( ) );
#2893 = FACE_OUTER_BOUND ( 'NONE', #180, .T. ) ;
#2894 =( LENGTH_UNIT ( ) NAMED_UNIT ( * ) SI_UNIT ( .MILLI., .METRE. ) );
#2895 = ORIENTED_EDGE ( 'NONE', *, *, #628, .T. ) ;
#2896 = ADVANCED_FACE ( 'NONE', ( #466 ), #1790, .F. ) ;
#2897 = EDGE_CURVE ( 'NONE', #3169, #759, #823, .T. ) ;
#2898 = CARTESIAN_POINT ( 'NONE',  ( 175.0000000000000284, 6.938893903907228378E-15, 99.99999999999997158 ) ) ;
#2899 = MECHANICAL_DESIGN_GEOMETRIC_PRESENTATION_REPRESENTATION (  '', ( #4111 ), #1753 ) ;
#2900 = DIRECTION ( 'NONE',  ( 0.0000000000000000000, 0.0000000000000000000, 1.000000000000000000 ) ) ;
#2901 = DIRECTION ( 'NONE',  ( 1.000000000000000000, 0.0000000000000000000, 5.551115123125781716E-16 ) ) ;
#2902 = CYLINDRICAL_SURFACE ( 'NONE', #999, 5.099999999999993427 ) ;
#2903 = CARTESIAN_POINT ( 'NONE',  ( 103.0000000000000142, 35.00000000000000000, -105.0000000000000426 ) ) ;
#2904 = VECTOR ( 'NONE', #3262, 999.9999999999998863 ) ;
#2905 = AXIS2_PLACEMENT_3D ( 'NONE', #2782, #1984, #37 ) ;
#2906 = CARTESIAN_POINT ( 'NONE',  ( -119.9999999999999716, 19.99999999999999645, 99.50000000000000000 ) ) ;
#2907 = CARTESIAN_POINT ( 'NONE',  ( -59.99999999999994316, 19.99999999999999645, 100.0000000000000000 ) ) ;
#2908 = CARTESIAN_POINT ( 'NONE',  ( 74.99999999999997158, 20.00000000000001066, 62.00000000000000000 ) ) ;
#2909 = EDGE_CURVE ( 'NONE', #826, #2118, #36, .T. ) ;
#2910 = CYLINDRICAL_SURFACE ( 'NONE', #3194, 3.000000000000002665 ) ;
#2911 = CARTESIAN_POINT ( 'NONE',  ( -114.9999999999999858, 0.0000000000000000000, -9.999999999999994671 ) ) ;
#2912 = FILL_AREA_STYLE_COLOUR ( '', #1682 ) ;
#2913 = CARTESIAN_POINT ( 'NONE',  ( 39.09746257676359704, 0.0000000000000000000, -188.0000000000000284 ) ) ;
#2914 = ORIENTED_EDGE ( 'NONE', *, *, #4194, .F. ) ;
#2915 = VERTEX_POINT ( 'NONE', #3436 ) ;
#2916 = EDGE_LOOP ( 'NONE', ( #2717, #440, #2221 ) ) ;
#2917 = ORIENTED_EDGE ( 'NONE', *, *, #1189, .T. ) ;
#2918 = VECTOR ( 'NONE', #2597, 1000.000000000000000 ) ;
#2919 = ORIENTED_EDGE ( 'NONE', *, *, #4928, .F. ) ;
#2920 = CARTESIAN_POINT ( 'NONE',  ( 45.00000000000002842, 20.00000000000000355, -55.00000000000002842 ) ) ;
#2921 = CARTESIAN_POINT ( 'NONE',  ( 165.0000000000000284, 20.00000000000001066, 109.9999999999999574 ) ) ;
#2922 = EDGE_CURVE ( 'NONE', #333, #142, #4713, .T. ) ;
#2923 = AXIS2_PLACEMENT_3D ( 'NONE', #1026, #2571, #1808 ) ;
#2924 = CARTESIAN_POINT ( 'NONE',  ( -90.00000000000000000, 35.00000000000000711, -84.89999999999999147 ) ) ;
#2925 = FACE_OUTER_BOUND ( 'NONE', #3317, .T. ) ;
#2926 = CARTESIAN_POINT ( 'NONE',  ( -104.9999999999999716, 19.99999999999999645, 102.9999999999999858 ) ) ;
#2927 = ORIENTED_EDGE ( 'NONE', *, *, #3894, .T. ) ;
#2928 = CARTESIAN_POINT ( 'NONE',  ( -102.9999999999999858, 20.00000000000000355, 59.99999999999998579 ) ) ;
#2929 = DIRECTION ( 'NONE',  ( 5.551115123125782702E-17, 1.000000000000000000, -0.0000000000000000000 ) ) ;
#2930 = VECTOR ( 'NONE', #3511, 1000.000000000000000 ) ;
#2931 = AXIS2_PLACEMENT_3D ( 'NONE', #314, #1086, #885 ) ;
#2932 = ORIENTED_EDGE ( 'NONE', *, *, #601, .F. ) ;
#2933 = PLANE ( 'NONE',  #3698 ) ;
#2934 = ORIENTED_EDGE ( 'NONE', *, *, #1624, .T. ) ;
#2935 = SURFACE_STYLE_FILL_AREA ( #4054 ) ;
#2936 = CARTESIAN_POINT ( 'NONE',  ( -164.9999999999999716, 1.734723475976807094E-15, 109.9999999999999574 ) ) ;
#2937 = CIRCLE ( 'NONE', #1978, 7.500000000000007105 ) ;
#2938 = EDGE_LOOP ( 'NONE', ( #245, #1935 ) ) ;
#2939 = VERTEX_POINT ( 'NONE', #3402 ) ;
#2940 = CARTESIAN_POINT ( 'NONE',  ( 50.00000000000000000, 19.99999999999999645, 99.99999999999997158 ) ) ;
#2941 = DIRECTION ( 'NONE',  ( 0.0000000000000000000, 0.0000000000000000000, 1.000000000000000000 ) ) ;
#2942 = CYLINDRICAL_SURFACE ( 'NONE', #1255, 3.000000000000002665 ) ;
#2943 = DIRECTION ( 'NONE',  ( 1.000000000000000000, 0.0000000000000000000, -5.551115123125782702E-17 ) ) ;
#2944 = AXIS2_PLACEMENT_3D ( 'NONE', #3663, #3639, #2941 ) ;
#2945 = DIRECTION ( 'NONE',  ( 5.551115123125782702E-17, 1.000000000000000000, 0.0000000000000000000 ) ) ;
#2946 = ORIENTED_EDGE ( 'NONE', *, *, #2630, .F. ) ;
#2947 = ORIENTED_EDGE ( 'NONE', *, *, #357, .T. ) ;
#2948 = PLANE ( 'NONE',  #294 ) ;
#2949 =( NAMED_UNIT ( * ) SI_UNIT ( $, .STERADIAN. ) SOLID_ANGLE_UNIT ( ) );
#2950 = CARTESIAN_POINT ( 'NONE',  ( 45.00000000000003553, 5.000000000000004441, -55.00000000000002132 ) ) ;
#2951 = VECTOR ( 'NONE', #4157, 1000.000000000000000 ) ;
#2952 = SURFACE_SIDE_STYLE ('',( #2492 ) ) ;
#2953 = ORIENTED_EDGE ( 'NONE', *, *, #3319, .T. ) ;
#2954 = ORIENTED_EDGE ( 'NONE', *, *, #2989, .T. ) ;
#2955 = LINE ( 'NONE', #947, #460 ) ;
#2956 = ORIENTED_EDGE ( 'NONE', *, *, #4726, .F. ) ;
#2957 = ORIENTED_EDGE ( 'NONE', *, *, #2692, .F. ) ;
#2958 = FACE_OUTER_BOUND ( 'NONE', #4263, .T. ) ;
#2959 = EDGE_CURVE ( 'NONE', #174, #1113, #2426, .T. ) ;
#2960 = AXIS2_PLACEMENT_3D ( 'NONE', #4669, #4266, #1570 ) ;
#2961 = FACE_BOUND ( 'NONE', #3600, .T. ) ;
#2962 = CARTESIAN_POINT ( 'NONE',  ( 1.784729789560608174E-15, 1.898170864028555010E-31, -108.4000000000000057 ) ) ;
#2963 = DIRECTION ( 'NONE',  ( -0.7071067811865477948, 0.0000000000000000000, -0.7071067811865473507 ) ) ;
#2964 = DIRECTION ( 'NONE',  ( 0.7071067811865450192, 0.0000000000000000000, 0.7071067811865500152 ) ) ;
#2965 = CYLINDRICAL_SURFACE ( 'NONE', #158, 2.000000000000001776 ) ;
#2966 = DIRECTION ( 'NONE',  ( 0.0000000000000000000, 0.0000000000000000000, 1.000000000000000000 ) ) ;
#2967 = AXIS2_PLACEMENT_3D ( 'NONE', #4294, #4278, #1936 ) ;
#2968 = AXIS2_PLACEMENT_3D ( 'NONE', #4890, #650, #2223 ) ;
#2969 = VECTOR ( 'NONE', #3519, 1000.000000000000000 ) ;
#2970 = CARTESIAN_POINT ( 'NONE',  ( 102.9999999999999858, 35.00000000000000000, -60.00000000000002842 ) ) ;
#2971 = CARTESIAN_POINT ( 'NONE',  ( 154.9999999999999432, 0.0000000000000000000, -10.00000000000002309 ) ) ;
#2972 = LINE ( 'NONE', #389, #1572 ) ;
#2973 = DIRECTION ( 'NONE',  ( -1.899198719357591255E-17, 0.5150380749100562650, 0.8571673007021111124 ) ) ;
#2974 = ADVANCED_FACE ( 'NONE', ( #3797 ), #2032, .F. ) ;
#2975 = MECHANICAL_DESIGN_GEOMETRIC_PRESENTATION_REPRESENTATION (  '', ( #590 ), #1733 ) ;
#2976 = VECTOR ( 'NONE', #3299, 1000.000000000000000 ) ;
#2977 = DIRECTION ( 'NONE',  ( 5.551115123125782702E-17, 0.0000000000000000000, -1.000000000000000000 ) ) ;
#2978 = ORIENTED_EDGE ( 'NONE', *, *, #2734, .F. ) ;
#2979 = CARTESIAN_POINT ( 'NONE',  ( 90.00000000000000000, 35.00000000000000000, 90.00000000000000000 ) ) ;
#2980 = CARTESIAN_POINT ( 'NONE',  ( -74.99999999999998579, 19.99999999999998934, -103.0000000000000000 ) ) ;
#2981 = EDGE_CURVE ( 'NONE', #2156, #726, #2102, .T. ) ;
#2982 = DIRECTION ( 'NONE',  ( -5.551115123125782702E-17, -1.000000000000000000, 0.0000000000000000000 ) ) ;
#2983 = ORIENTED_EDGE ( 'NONE', *, *, #1252, .T. ) ;
#2984 = DIRECTION ( 'NONE',  ( -5.551115123125782702E-17, -1.000000000000000000, -3.081487911019577365E-33 ) ) ;
#2985 = ORIENTED_EDGE ( 'NONE', *, *, #2098, .T. ) ;
#2986 = DIRECTION ( 'NONE',  ( 5.551115123125782702E-17, 1.000000000000000000, 0.0000000000000000000 ) ) ;
#2987 = ORIENTED_EDGE ( 'NONE', *, *, #1940, .T. ) ;
#2988 = ORIENTED_EDGE ( 'NONE', *, *, #3894, .F. ) ;
#2989 = EDGE_CURVE ( 'NONE', #937, #3348, #2661, .T. ) ;
#2990 = FACE_OUTER_BOUND ( 'NONE', #2212, .T. ) ;
#2991 = FACE_OUTER_BOUND ( 'NONE', #4435, .T. ) ;
#2992 = ORIENTED_EDGE ( 'NONE', *, *, #3628, .T. ) ;
#2993 = CIRCLE ( 'NONE', #603, 3.000000000000002665 ) ;
#2994 = DIRECTION ( 'NONE',  ( 0.0000000000000000000, 0.0000000000000000000, 1.000000000000000000 ) ) ;
#2995 = FACE_OUTER_BOUND ( 'NONE', #84, .T. ) ;
#2996 = CARTESIAN_POINT ( 'NONE',  ( 74.99999999999998579, 34.99999999999999289, 61.99999999999998579 ) ) ;
#2997 = EDGE_CURVE ( 'NONE', #3780, #3892, #153, .T. ) ;
#2998 = ORIENTED_EDGE ( 'NONE', *, *, #378, .F. ) ;
#2999 = ORIENTED_EDGE ( 'NONE', *, *, #3159, .F. ) ;
#3000 = AXIS2_PLACEMENT_3D ( 'NONE', #47, #4737, #489 ) ;
#3001 = COLOUR_RGB ( '',1.000000000000000000, 1.000000000000000000, 1.000000000000000000 ) ;
#3003 = FACE_OUTER_BOUND ( 'NONE', #12, .T. ) ;
#3002 = CARTESIAN_POINT ( 'NONE',  ( 1.734723475976807094E-15, 20.00000000000000000, -105.0000000000000142 ) ) ;
#3004 = ADVANCED_FACE ( 'NONE', ( #2893 ), #4348, .T. ) ;
#3005 = UNCERTAINTY_MEASURE_WITH_UNIT (LENGTH_MEASURE( 1.000000000000000082E-05 ), #829, 'distance_accuracy_value', 'NONE');
#3006 = EDGE_LOOP ( 'NONE', ( #2227, #783, #1585, #3432 ) ) ;
#3007 = ORIENTED_EDGE ( 'NONE', *, *, #3525, .T. ) ;
#3008 = CIRCLE ( 'NONE', #780, 4.500000000000003553 ) ;
#3009 = ORIENTED_EDGE ( 'NONE', *, *, #4218, .F. ) ;
#3010 = AXIS2_PLACEMENT_3D ( 'NONE', #236, #332, #5005 ) ;
#3011 = ORIENTED_EDGE ( 'NONE', *, *, #3407, .T. ) ;
#3012 = DIRECTION ( 'NONE',  ( 5.551115123125782702E-17, 1.000000000000000000, 0.0000000000000000000 ) ) ;
#3013 = VECTOR ( 'NONE', #4512, 1000.000000000000000 ) ;
#3014 = EDGE_CURVE ( 'NONE', #4753, #1697, #5010, .T. ) ;
#3015 = ORIENTED_EDGE ( 'NONE', *, *, #4008, .F. ) ;
#3016 = CARTESIAN_POINT ( 'NONE',  ( -135.0000000000000000, -5.204170427930421283E-15, 52.49999999999999289 ) ) ;
#3017 = ORIENTED_EDGE ( 'NONE', *, *, #765, .F. ) ;
#3018 = CARTESIAN_POINT ( 'NONE',  ( 0.0000000000000000000, 0.0000000000000000000, 0.0000000000000000000 ) ) ;
#3019 = EDGE_LOOP ( 'NONE', ( #3517, #4222, #1823, #1909 ) ) ;
#3020 = DIRECTION ( 'NONE',  ( 0.0000000000000000000, 0.0000000000000000000, 1.000000000000000000 ) ) ;
#3021 = EDGE_CURVE ( 'NONE', #2915, #45, #216, .T. ) ;
#3022 = SURFACE_STYLE_FILL_AREA ( #3588 ) ;
#3023 = CARTESIAN_POINT ( 'NONE',  ( 174.9999999999999716, 6.938893903907228378E-15, 39.99999999999995026 ) ) ;
#3024 = CARTESIAN_POINT ( 'NONE',  ( 4.999999999999997335, 0.0000000000000000000, -39.99999999999999289 ) ) ;
#3025 = VECTOR ( 'NONE', #844, 1000.000000000000000 ) ;
#3026 = ADVANCED_FACE ( 'NONE', ( #2834 ), #3201, .F. ) ;
#3027 = EDGE_CURVE ( 'NONE', #2739, #1518, #4888, .T. ) ;
#3028 = CIRCLE ( 'NONE', #744, 30.00000000000000355 ) ;
#3029 = EDGE_CURVE ( 'NONE', #1508, #397, #761, .T. ) ;
#3030 = AXIS2_PLACEMENT_3D ( 'NONE', #540, #3265, #4913 ) ;
#3031 = FACE_OUTER_BOUND ( 'NONE', #1889, .T. ) ;
#3032 = FILL_AREA_STYLE_COLOUR ( '', #4131 ) ;
#3033 = DIRECTION ( 'NONE',  ( 5.551115123125782702E-17, 0.0000000000000000000, -1.000000000000000000 ) ) ;
#3034 = CARTESIAN_POINT ( 'NONE',  ( -89.99999999999997158, 19.99999999999998934, 84.90000000000000568 ) ) ;
#3035 = LINE ( 'NONE', #4898, #1921 ) ;
#3036 = VECTOR ( 'NONE', #4785, 1000.000000000000000 ) ;
#3037 = AXIS2_PLACEMENT_3D ( 'NONE', #1495, #4955, #4581 ) ;
#3038 = DIRECTION ( 'NONE',  ( 0.0000000000000000000, 0.0000000000000000000, -1.000000000000000000 ) ) ;
#3039 = CARTESIAN_POINT ( 'NONE',  ( 102.9999999999999716, 34.99999999999999289, 59.99999999999998579 ) ) ;
#3040 = CARTESIAN_POINT ( 'NONE',  ( -105.0000000000000142, 20.00000000000000355, -103.0000000000000284 ) ) ;
#3041 = LINE ( 'NONE', #4504, #1869 ) ;
#3042 = ORIENTED_EDGE ( 'NONE', *, *, #3164, .F. ) ;
#3043 = CARTESIAN_POINT ( 'NONE',  ( -55.00000000000000000, -1.734723475976807094E-15, 0.0000000000000000000 ) ) ;
#3044 = ORIENTED_EDGE ( 'NONE', *, *, #224, .T. ) ;
#3045 = PRESENTATION_LAYER_ASSIGNMENT (  '', '', ( #1047 ) ) ;
#3046 =( NAMED_UNIT ( * ) PLANE_ANGLE_UNIT ( ) SI_UNIT ( $, .RADIAN. ) );
#3047 = ORIENTED_EDGE ( 'NONE', *, *, #1779, .F. ) ;
#3048 = DIRECTION ( 'NONE',  ( 1.000000000000000000, 5.551115123125782702E-17, 5.551115123125782702E-17 ) ) ;
#3049 = EDGE_CURVE ( 'NONE', #681, #4160, #4049, .T. ) ;
#3050 = DIRECTION ( 'NONE',  ( 0.0000000000000000000, 0.0000000000000000000, 1.000000000000000000 ) ) ;
#3051 = FILL_AREA_STYLE ('',( #4172 ) ) ;
#3052 = ADVANCED_FACE ( 'NONE', ( #704 ), #1910, .F. ) ;
#3053 = CYLINDRICAL_SURFACE ( 'NONE', #4949, 5.099999999999993427 ) ;
#3054 = DIRECTION ( 'NONE',  ( 0.0000000000000000000, 0.0000000000000000000, -1.000000000000000000 ) ) ;
#3055 = ORIENTED_EDGE ( 'NONE', *, *, #2817, .F. ) ;
#3056 = DIRECTION ( 'NONE',  ( -1.000000000000000000, 0.0000000000000000000, 2.220446049250313081E-16 ) ) ;
#3057 = CARTESIAN_POINT ( 'NONE',  ( 115.0000000000000142, 19.99999999999999645, -10.00000000000002309 ) ) ;
#3058 = CIRCLE ( 'NONE', #1075, 2.000000000000001776 ) ;
#3059 = FACE_OUTER_BOUND ( 'NONE', #431, .T. ) ;
#3060 = DIRECTION ( 'NONE',  ( -5.551115123125782702E-17, -1.000000000000000000, 0.0000000000000000000 ) ) ;
#3061 = VERTEX_POINT ( 'NONE', #4376 ) ;
#3062 = EDGE_CURVE ( 'NONE', #3348, #1172, #2955, .T. ) ;
#3063 = FACE_OUTER_BOUND ( 'NONE', #1069, .T. ) ;
#3064 =( GEOMETRIC_REPRESENTATION_CONTEXT ( 3 ) GLOBAL_UNCERTAINTY_ASSIGNED_CONTEXT ( ( #3005 ) ) GLOBAL_UNIT_ASSIGNED_CONTEXT ( ( #829, #3189, #2844 ) ) REPRESENTATION_CONTEXT ( 'NONE', 'WORKASPACE' ) );
#3065 = FACE_OUTER_BOUND ( 'NONE', #892, .T. ) ;
#3066 = VECTOR ( 'NONE', #679, 1000.000000000000000 ) ;
#3067 = CYLINDRICAL_SURFACE ( 'NONE', #4457, 2.000000000000001776 ) ;
#3068 = ORIENTED_EDGE ( 'NONE', *, *, #3257, .F. ) ;
#3069 = ORIENTED_EDGE ( 'NONE', *, *, #3101, .F. ) ;
#3070 = CARTESIAN_POINT ( 'NONE',  ( -19.99999999999996803, 20.00000000000000355, -39.99999999999999289 ) ) ;
#3071 = LINE ( 'NONE', #4268, #3307 ) ;
#3072 = FACE_OUTER_BOUND ( 'NONE', #2637, .T. ) ;
#3073 = DIRECTION ( 'NONE',  ( 5.551115123125782702E-17, 1.000000000000000000, 0.0000000000000000000 ) ) ;
#3074 = MECHANICAL_DESIGN_GEOMETRIC_PRESENTATION_REPRESENTATION (  '', ( #3478 ), #3573 ) ;
#3075 = AXIS2_PLACEMENT_3D ( 'NONE', #4154, #350, #4524 ) ;
#3076 = UNCERTAINTY_MEASURE_WITH_UNIT (LENGTH_MEASURE( 1.000000000000000082E-05 ), #604, 'distance_accuracy_value', 'NONE');
#3077 = ORIENTED_EDGE ( 'NONE', *, *, #4674, .T. ) ;
#3078 = ORIENTED_EDGE ( 'NONE', *, *, #4413, .T. ) ;
#3079 = CARTESIAN_POINT ( 'NONE',  ( -75.00000000000000000, 19.99999999999999289, 62.00000000000001421 ) ) ;
#3080 = CARTESIAN_POINT ( 'NONE',  ( -40.59713828749382003, 0.0000000000000000000, -189.3232432741736773 ) ) ;
#3081 = CARTESIAN_POINT ( 'NONE',  ( 114.4996757107301590, 19.99999999999999645, -105.5670341945058368 ) ) ;
#3082 = ORIENTED_EDGE ( 'NONE', *, *, #2125, .F. ) ;
#3083 = ORIENTED_EDGE ( 'NONE', *, *, #2692, .T. ) ;
#3084 =( NAMED_UNIT ( * ) PLANE_ANGLE_UNIT ( ) SI_UNIT ( $, .RADIAN. ) );
#3085 = AXIS2_PLACEMENT_3D ( 'NONE', #4191, #2263, #3808 ) ;
#3086 = PLANE ( 'NONE',  #4969 ) ;
#3087 = ADVANCED_FACE ( 'NONE', ( #212 ), #2364, .F. ) ;
#3088 = EDGE_CURVE ( 'NONE', #123, #303, #3435, .T. ) ;
#3089 = DIRECTION ( 'NONE',  ( -5.551115123125782702E-17, -5.551115123125782702E-17, 1.000000000000000000 ) ) ;
#3090 =( NAMED_UNIT ( * ) SI_UNIT ( $, .STERADIAN. ) SOLID_ANGLE_UNIT ( ) );
#3091 = DIRECTION ( 'NONE',  ( -0.7071067811865474617, 5.551115123125783935E-17, -0.7071067811865475727 ) ) ;
#3092 = LINE ( 'NONE', #664, #4354 ) ;
#3093 = VERTEX_POINT ( 'NONE', #4850 ) ;
#3094 = CARTESIAN_POINT ( 'NONE',  ( 3.069542209571754803E-15, 20.00000000000001066, -157.5000000000000000 ) ) ;
#3095 = CARTESIAN_POINT ( 'NONE',  ( 59.99999999999997868, 19.99999999999998934, 109.9999999999999574 ) ) ;
#3096 = LINE ( 'NONE', #569, #4182 ) ;
#3097 = CARTESIAN_POINT ( 'NONE',  ( 90.00000000000000000, 19.99999999999999645, 95.09999999999999432 ) ) ;
#3098 = DIRECTION ( 'NONE',  ( -5.551115123125782702E-17, -1.000000000000000000, 0.0000000000000000000 ) ) ;
#3099 = VECTOR ( 'NONE', #3256, 1000.000000000000000 ) ;
#3100 = CARTESIAN_POINT ( 'NONE',  ( 90.00000000000000000, 19.99999999999999645, 90.00000000000000000 ) ) ;
#3101 = EDGE_CURVE ( 'NONE', #3711, #3193, #341, .T. ) ;
#3102 = AXIS2_PLACEMENT_3D ( 'NONE', #2142, #2573, #2994 ) ;
#3103 = DIRECTION ( 'NONE',  ( 5.551115123125782702E-17, 1.000000000000000000, 0.0000000000000000000 ) ) ;
#3104 = APPLICATION_PROTOCOL_DEFINITION ( 'draft international standard', 'automotive_design', 1998, #3118 ) ;
#3105 = DIRECTION ( 'NONE',  ( -5.551115123125782702E-17, 0.0000000000000000000, 1.000000000000000000 ) ) ;
#3106 = LINE ( 'NONE', #912, #1512 ) ;
#3107 =( GEOMETRIC_REPRESENTATION_CONTEXT ( 3 ) GLOBAL_UNCERTAINTY_ASSIGNED_CONTEXT ( ( #3893 ) ) GLOBAL_UNIT_ASSIGNED_CONTEXT ( ( #3841, #1853, #4526 ) ) REPRESENTATION_CONTEXT ( 'NONE', 'WORKASPACE' ) );
#3108 = DIRECTION ( 'NONE',  ( 5.551115123125782702E-17, 1.000000000000000000, 0.0000000000000000000 ) ) ;
#3109 = DIRECTION ( 'NONE',  ( 0.0000000000000000000, 0.0000000000000000000, 1.000000000000000000 ) ) ;
#3110 = CARTESIAN_POINT ( 'NONE',  ( -95.00000000000001421, 34.99999999999999289, -70.00000000000000000 ) ) ;
#3111 = STYLED_ITEM ( 'NONE', ( #17 ), #4006 ) ;
#3112 = EDGE_LOOP ( 'NONE', ( #1261, #3675, #1217, #300 ) ) ;
#3113 = ORIENTED_EDGE ( 'NONE', *, *, #2660, .T. ) ;
#3114 = ORIENTED_EDGE ( 'NONE', *, *, #3014, .F. ) ;
#3115 = EDGE_CURVE ( 'NONE', #4808, #3984, #2888, .T. ) ;
#3116 = CARTESIAN_POINT ( 'NONE',  ( -45.00000000000002842, 5.000000000000007994, -97.50000000000000000 ) ) ;
#3117 = LINE ( 'NONE', #4315, #2746 ) ;
#3118 = APPLICATION_CONTEXT ( 'automotive_design' ) ;
#3119 = ORIENTED_EDGE ( 'NONE', *, *, #143, .F. ) ;
#3120 = EDGE_CURVE ( 'NONE', #3061, #3124, #3792, .T. ) ;
#3121 = ORIENTED_EDGE ( 'NONE', *, *, #2487, .T. ) ;
#3122 = VECTOR ( 'NONE', #750, 1000.000000000000000 ) ;
#3123 = CARTESIAN_POINT ( 'NONE',  ( -45.00000000000003553, 5.000000000000000888, -52.50000000000002842 ) ) ;
#3124 = VERTEX_POINT ( 'NONE', #1418 ) ;
#3125 = ORIENTED_EDGE ( 'NONE', *, *, #2469, .F. ) ;
#3126 = CARTESIAN_POINT ( 'NONE',  ( -105.0000000000000142, 35.00000000000000000, -103.0000000000000284 ) ) ;
#3127 = CIRCLE ( 'NONE', #2931, 5.099999999999993427 ) ;
#3128 = EDGE_CURVE ( 'NONE', #1147, #58, #2419, .T. ) ;
#3129 = ORIENTED_EDGE ( 'NONE', *, *, #1646, .F. ) ;
#3130 = EDGE_LOOP ( 'NONE', ( #2947, #4487, #3498, #997 ) ) ;
#3131 = AXIS2_PLACEMENT_3D ( 'NONE', #4825, #2500, #3268 ) ;
#3132 = ADVANCED_FACE ( 'NONE', ( #4707 ), #4290, .F. ) ;
#3133 = DIRECTION ( 'NONE',  ( 5.551115123125782702E-17, 1.000000000000000000, 0.0000000000000000000 ) ) ;
#3134 = FACE_OUTER_BOUND ( 'NONE', #2675, .T. ) ;
#3135 = ORIENTED_EDGE ( 'NONE', *, *, #2145, .T. ) ;
#3136 = CARTESIAN_POINT ( 'NONE',  ( 104.9999999999999858, 35.00000000000000000, -103.0000000000000426 ) ) ;
#3137 = DIRECTION ( 'NONE',  ( 0.7071067811865474617, -5.551115123125783935E-17, 0.7071067811865475727 ) ) ;
#3138 = VECTOR ( 'NONE', #2690, 1000.000000000000000 ) ;
#3139 = VERTEX_POINT ( 'NONE', #3338 ) ;
#3140 = DIRECTION ( 'NONE',  ( 0.0000000000000000000, 0.0000000000000000000, 1.000000000000000000 ) ) ;
#3141 = DIRECTION ( 'NONE',  ( 5.551115123125782702E-17, 0.0000000000000000000, -1.000000000000000000 ) ) ;
#3142 = PRESENTATION_STYLE_ASSIGNMENT (( #133 ) ) ;
#3143 = DIRECTION ( 'NONE',  ( -1.000000000000000000, 0.0000000000000000000, 4.996003610813204432E-16 ) ) ;
#3144 = ORIENTED_EDGE ( 'NONE', *, *, #3029, .F. ) ;
#3145 = CARTESIAN_POINT ( 'NONE',  ( 104.9999999999999858, 35.00000000000000000, -103.0000000000000426 ) ) ;
#3146 = DIRECTION ( 'NONE',  ( 5.551115123125782702E-17, 1.000000000000000000, 0.0000000000000000000 ) ) ;
#3147 = ORIENTED_EDGE ( 'NONE', *, *, #51, .F. ) ;
#3148 = EDGE_CURVE ( 'NONE', #1617, #325, #4228, .T. ) ;
#3149 = VECTOR ( 'NONE', #1804, 1000.000000000000000 ) ;
#3150 = ORIENTED_EDGE ( 'NONE', *, *, #2760, .F. ) ;
#3151 = DIRECTION ( 'NONE',  ( -5.551115123125782702E-17, -1.000000000000000000, 0.0000000000000000000 ) ) ;
#3152 = CONICAL_SURFACE ( 'NONE', #226, 2.499999999999995115, 1.029744258676652091 ) ;
#3153 = CIRCLE ( 'NONE', #4609, 5.099999999999993427 ) ;
#3154 = ADVANCED_FACE ( 'NONE', ( #1184 ), #2601, .F. ) ;
#3155 = DIRECTION ( 'NONE',  ( -5.551115123125782702E-17, -1.000000000000000000, 0.0000000000000000000 ) ) ;
#3156 = DIRECTION ( 'NONE',  ( 0.0000000000000000000, 0.0000000000000000000, 1.000000000000000000 ) ) ;
#3157 = CARTESIAN_POINT ( 'NONE',  ( 2.514430697259175349E-15, 20.00000000000001066, -157.5000000000000000 ) ) ;
#3158 = FACE_BOUND ( 'NONE', #3417, .T. ) ;
#3159 = EDGE_CURVE ( 'NONE', #122, #3546, #3610, .T. ) ;
#3160 = PRESENTATION_LAYER_ASSIGNMENT (  '', '', ( #1025 ) ) ;
#3161 = UNCERTAINTY_MEASURE_WITH_UNIT (LENGTH_MEASURE( 1.000000000000000082E-05 ), #1827, 'distance_accuracy_value', 'NONE');
#3162 = FACE_BOUND ( 'NONE', #4254, .T. ) ;
#3163 = ORIENTED_EDGE ( 'NONE', *, *, #3491, .T. ) ;
#3164 = EDGE_CURVE ( 'NONE', #3892, #4275, #2478, .T. ) ;
#3165 =( GEOMETRIC_REPRESENTATION_CONTEXT ( 3 ) GLOBAL_UNCERTAINTY_ASSIGNED_CONTEXT ( ( #3076 ) ) GLOBAL_UNIT_ASSIGNED_CONTEXT ( ( #604, #2596, #1367 ) ) REPRESENTATION_CONTEXT ( 'NONE', 'WORKASPACE' ) );
#3166 = VECTOR ( 'NONE', #574, 1000.000000000000000 ) ;
#3167 = EDGE_LOOP ( 'NONE', ( #103, #3773 ) ) ;
#3168 = DIRECTION ( 'NONE',  ( 5.551115123125782702E-17, 1.000000000000000000, 0.0000000000000000000 ) ) ;
#3169 = VERTEX_POINT ( 'NONE', #253 ) ;
#3170 =( NAMED_UNIT ( * ) SI_UNIT ( $, .STERADIAN. ) SOLID_ANGLE_UNIT ( ) );
#3171 = ORIENTED_EDGE ( 'NONE', *, *, #2359, .T. ) ;
#3172 = VERTEX_POINT ( 'NONE', #1810 ) ;
#3173 = CARTESIAN_POINT ( 'NONE',  ( -103.0000000000000142, 20.00000000000001066, -105.0000000000000284 ) ) ;
#3174 = DIRECTION ( 'NONE',  ( 5.551115123125782702E-17, 1.000000000000000000, 0.0000000000000000000 ) ) ;
#3175 = AXIS2_PLACEMENT_3D ( 'NONE', #2369, #1606, #1571 ) ;
#3176 = DIRECTION ( 'NONE',  ( 5.551115123125782702E-17, 1.000000000000000000, 0.0000000000000000000 ) ) ;
#3177 = VERTEX_POINT ( 'NONE', #661 ) ;
#3178 = EDGE_CURVE ( 'NONE', #826, #172, #3492, .T. ) ;
#3179 = CARTESIAN_POINT ( 'NONE',  ( 90.00000000000000000, 19.99999999999999645, 84.90000000000000568 ) ) ;
#3180 = ADVANCED_FACE ( 'NONE', ( #2228 ), #1181, .F. ) ;
#3181 = DIRECTION ( 'NONE',  ( 0.7071067811865475727, 4.024158810645012756E-18, -0.7071067811865475727 ) ) ;
#3182 = FACE_OUTER_BOUND ( 'NONE', #490, .T. ) ;
#3183 = FACE_OUTER_BOUND ( 'NONE', #2152, .T. ) ;
#3184 = ORIENTED_EDGE ( 'NONE', *, *, #4573, .F. ) ;
#3185 = ORIENTED_EDGE ( 'NONE', *, *, #3491, .F. ) ;
#3186 = DIRECTION ( 'NONE',  ( -0.7071067811865476838, -5.551115123125782702E-17, -0.7071067811865474617 ) ) ;
#3187 = ORIENTED_EDGE ( 'NONE', *, *, #659, .T. ) ;
#3188 = CIRCLE ( 'NONE', #3706, 5.099999999999993427 ) ;
#3189 =( NAMED_UNIT ( * ) PLANE_ANGLE_UNIT ( ) SI_UNIT ( $, .RADIAN. ) );
#3190 = FACE_OUTER_BOUND ( 'NONE', #1417, .T. ) ;
#3191 = CARTESIAN_POINT ( 'NONE',  ( 115.0000000000000142, 19.99999999999999645, -10.00000000000002309 ) ) ;
#3192 = ORIENTED_EDGE ( 'NONE', *, *, #3981, .F. ) ;
#3193 = VERTEX_POINT ( 'NONE', #4534 ) ;
#3194 = AXIS2_PLACEMENT_3D ( 'NONE', #2753, #3897, #438 ) ;
#3195 = PRESENTATION_LAYER_ASSIGNMENT (  '', '', ( #3539 ) ) ;
#3196 = DIRECTION ( 'NONE',  ( 5.551115123125782702E-17, 1.000000000000000000, 0.0000000000000000000 ) ) ;
#3197 = ORIENTED_EDGE ( 'NONE', *, *, #292, .F. ) ;
#3198 = ORIENTED_EDGE ( 'NONE', *, *, #1792, .F. ) ;
#3199 = ORIENTED_EDGE ( 'NONE', *, *, #2738, .F. ) ;
#3200 =( GEOMETRIC_REPRESENTATION_CONTEXT ( 3 ) GLOBAL_UNCERTAINTY_ASSIGNED_CONTEXT ( ( #1926 ) ) GLOBAL_UNIT_ASSIGNED_CONTEXT ( ( #3244, #2447, #4030 ) ) REPRESENTATION_CONTEXT ( 'NONE', 'WORKASPACE' ) );
#3201 = CONICAL_SURFACE ( 'NONE', #3865, 2.500000000000002220, 1.029744258676652091 ) ;
#3202 = AXIS2_PLACEMENT_3D ( 'NONE', #933, #1334, #563 ) ;
#3203 = ADVANCED_FACE ( 'NONE', ( #1843 ), #1063, .F. ) ;
#3204 = VERTEX_POINT ( 'NONE', #2232 ) ;
#3205 = CARTESIAN_POINT ( 'NONE',  ( -45.00000000000003553, 20.00000000000000711, -52.50000000000003553 ) ) ;
#3206 = SURFACE_SIDE_STYLE ('',( #4464 ) ) ;
#3207 = CARTESIAN_POINT ( 'NONE',  ( 104.9999999999999858, 35.00000000000000000, -103.0000000000000426 ) ) ;
#3208 = LINE ( 'NONE', #4246, #4650 ) ;
#3209 = FACE_BOUND ( 'NONE', #2063, .T. ) ;
#3210 = DIRECTION ( 'NONE',  ( 0.0000000000000000000, 0.0000000000000000000, -1.000000000000000000 ) ) ;
#3211 = ORIENTED_EDGE ( 'NONE', *, *, #2817, .T. ) ;
#3212 = AXIS2_PLACEMENT_3D ( 'NONE', #2646, #3800, #4535 ) ;
#3213 = FACE_BOUND ( 'NONE', #4099, .T. ) ;
#3214 = CARTESIAN_POINT ( 'NONE',  ( 89.99999999999998579, 20.00000000000000000, -95.10000000000000853 ) ) ;
#3215 = EDGE_CURVE ( 'NONE', #814, #2160, #1552, .T. ) ;
#3216 = LINE ( 'NONE', #4711, #4180 ) ;
#3217 = ORIENTED_EDGE ( 'NONE', *, *, #917, .T. ) ;
#3218 = CARTESIAN_POINT ( 'NONE',  ( 104.9999999999999858, 35.00000000000000000, -62.00000000000002132 ) ) ;
#3219 = DIRECTION ( 'NONE',  ( 5.551115123125782702E-17, 1.000000000000000000, 0.0000000000000000000 ) ) ;
#3220 = UNCERTAINTY_MEASURE_WITH_UNIT (LENGTH_MEASURE( 1.000000000000000082E-05 ), #4843, 'distance_accuracy_value', 'NONE');
#3221 = EDGE_CURVE ( 'NONE', #3886, #4985, #2828, .T. ) ;
#3222 = CARTESIAN_POINT ( 'NONE',  ( 104.9999999999999858, 35.00000000000000000, -62.00000000000002132 ) ) ;
#3223 = AXIS2_PLACEMENT_3D ( 'NONE', #1198, #1527, #1602 ) ;
#3224 = LINE ( 'NONE', #2494, #3453 ) ;
#3225 = CARTESIAN_POINT ( 'NONE',  ( -45.00000000000003553, 20.00000000000000711, -55.00000000000002132 ) ) ;
#3226 = ORIENTED_EDGE ( 'NONE', *, *, #1839, .T. ) ;
#3227 = AXIS2_PLACEMENT_3D ( 'NONE', #1944, #3168, #777 ) ;
#3228 = AXIS2_PLACEMENT_3D ( 'NONE', #2019, #2037, #3564 ) ;
#3229 = ORIENTED_EDGE ( 'NONE', *, *, #4537, .F. ) ;
#3230 = SURFACE_STYLE_USAGE ( .BOTH. , #2808 ) ;
#3231 = ORIENTED_EDGE ( 'NONE', *, *, #2479, .T. ) ;
#3232 = CIRCLE ( 'NONE', #1825, 5.099999999999993427 ) ;
#3233 = SURFACE_STYLE_USAGE ( .BOTH. , #1730 ) ;
#3234 = VERTEX_POINT ( 'NONE', #4201 ) ;
#3235 = CARTESIAN_POINT ( 'NONE',  ( -76.99999999999997158, 19.99999999999999645, 59.99999999999998579 ) ) ;
#3236 = EDGE_LOOP ( 'NONE', ( #3343, #747, #1519, #2846 ) ) ;
#3237 = SURFACE_STYLE_USAGE ( .BOTH. , #2436 ) ;
#3238 = AXIS2_PLACEMENT_3D ( 'NONE', #2847, #4351, #2035 ) ;
#3239 = LINE ( 'NONE', #3094, #3122 ) ;
#3240 = DIRECTION ( 'NONE',  ( 5.551115123125782702E-17, 1.000000000000000000, 0.0000000000000000000 ) ) ;
#3241 = ORIENTED_EDGE ( 'NONE', *, *, #698, .T. ) ;
#3242 = EDGE_CURVE ( 'NONE', #4016, #2014, #2358, .T. ) ;
#3243 = EDGE_LOOP ( 'NONE', ( #2811, #1205, #4603, #4343 ) ) ;
#3244 =( LENGTH_UNIT ( ) NAMED_UNIT ( * ) SI_UNIT ( .MILLI., .METRE. ) );
#3245 = LINE ( 'NONE', #4508, #4755 ) ;
#3246 = VECTOR ( 'NONE', #2691, 1000.000000000000000 ) ;
#3247 = EDGE_LOOP ( 'NONE', ( #4621, #2206 ) ) ;
#3248 = ORIENTED_EDGE ( 'NONE', *, *, #925, .F. ) ;
#3249 = PLANE ( 'NONE',  #1816 ) ;
#3250 = CARTESIAN_POINT ( 'NONE',  ( 75.00000000000001421, 35.00000000000000000, -62.00000000000001421 ) ) ;
#3251 = ORIENTED_EDGE ( 'NONE', *, *, #698, .F. ) ;
#3252 = EDGE_LOOP ( 'NONE', ( #4167, #4036, #2278, #5003 ) ) ;
#3253 = VECTOR ( 'NONE', #566, 1000.000000000000000 ) ;
#3254 = ORIENTED_EDGE ( 'NONE', *, *, #168, .T. ) ;
#3255 = CLOSED_SHELL ( 'NONE', ( #3676, #4896, #4667, #1743, #1635, #1054, #1815, #748, #3203, #4247, #161, #321, #774, #487 ) ) ;
#3256 = DIRECTION ( 'NONE',  ( 5.551115123125782702E-17, 1.000000000000000000, 0.0000000000000000000 ) ) ;
#3257 = EDGE_CURVE ( 'NONE', #3951, #4390, #1784, .T. ) ;
#3258 = AXIS2_PLACEMENT_3D ( 'NONE', #1216, #3937, #2417 ) ;
#3259 = SURFACE_STYLE_USAGE ( .BOTH. , #939 ) ;
#3260 = CARTESIAN_POINT ( 'NONE',  ( 102.5000000000000000, 0.0000000000000000000, 22.75000000000000711 ) ) ;
#3261 = CARTESIAN_POINT ( 'NONE',  ( 104.9999999999999858, 35.00000000000000000, -62.00000000000002132 ) ) ;
#3262 = DIRECTION ( 'NONE',  ( -0.7071067811865479058, 5.551115123125785167E-17, -0.7071067811865472397 ) ) ;
#3263 = ORIENTED_EDGE ( 'NONE', *, *, #3917, .F. ) ;
#3264 = VECTOR ( 'NONE', #4214, 1000.000000000000000 ) ;
#3265 = DIRECTION ( 'NONE',  ( 5.551115123125782702E-17, 1.000000000000000000, 0.0000000000000000000 ) ) ;
#3266 = VECTOR ( 'NONE', #115, 1000.000000000000000 ) ;
#3267 = FACE_OUTER_BOUND ( 'NONE', #4100, .T. ) ;
#3268 = DIRECTION ( 'NONE',  ( 0.0000000000000000000, 0.0000000000000000000, -1.000000000000000000 ) ) ;
#3269 = DIRECTION ( 'NONE',  ( 2.775557561562891351E-16, 0.0000000000000000000, 1.000000000000000000 ) ) ;
#3270 = DIRECTION ( 'NONE',  ( 0.0000000000000000000, 0.0000000000000000000, 1.000000000000000000 ) ) ;
#3271 = EDGE_CURVE ( 'NONE', #3778, #96, #2092, .T. ) ;
#3272 = SURFACE_STYLE_FILL_AREA ( #1318 ) ;
#3273 = ORIENTED_EDGE ( 'NONE', *, *, #4573, .T. ) ;
#3274 = ADVANCED_FACE ( 'NONE', ( #89 ), #1876, .F. ) ;
#3275 = ORIENTED_EDGE ( 'NONE', *, *, #3215, .T. ) ;
#3276 = DIRECTION ( 'NONE',  ( 5.551115123125782702E-17, 1.000000000000000000, 0.0000000000000000000 ) ) ;
#3277 = EDGE_CURVE ( 'NONE', #1351, #74, #4941, .T. ) ;
#3278 = DIRECTION ( 'NONE',  ( 5.551115123125782702E-17, 1.000000000000000000, 0.0000000000000000000 ) ) ;
#3279 = EDGE_CURVE ( 'NONE', #665, #2578, #4164, .T. ) ;
#3280 = VERTEX_POINT ( 'NONE', #2311 ) ;
#3281 = CARTESIAN_POINT ( 'NONE',  ( 104.9999999999999716, 19.99999999999998224, 103.0000000000000142 ) ) ;
#3282 = AXIS2_PLACEMENT_3D ( 'NONE', #4576, #4260, #1896 ) ;
#3283 = SURFACE_STYLE_FILL_AREA ( #1013 ) ;
#3284 = DIRECTION ( 'NONE',  ( 5.551115123125782702E-17, 5.551115123125782702E-17, -1.000000000000000000 ) ) ;
#3285 = ORIENTED_EDGE ( 'NONE', *, *, #1435, .T. ) ;
#3286 = DIRECTION ( 'NONE',  ( 0.7071067811865474617, 5.551115123125782086E-17, 0.7071067811865474617 ) ) ;
#3287 = DIRECTION ( 'NONE',  ( 5.551115123125782702E-17, 1.000000000000000000, 0.0000000000000000000 ) ) ;
#3288 = ORIENTED_EDGE ( 'NONE', *, *, #1906, .T. ) ;
#3289 = DIRECTION ( 'NONE',  ( -5.551115123125782702E-17, 0.0000000000000000000, 1.000000000000000000 ) ) ;
#3290 = CARTESIAN_POINT ( 'NONE',  ( 89.99999999999998579, 0.0000000000000000000, -95.09999999999999432 ) ) ;
#3291 = AXIS2_PLACEMENT_3D ( 'NONE', #2112, #2126, #3684 ) ;
#3292 = VERTEX_POINT ( 'NONE', #3782 ) ;
#3293 = DIRECTION ( 'NONE',  ( 4.996003610813204432E-16, 0.0000000000000000000, 1.000000000000000000 ) ) ;
#3294 = FACE_BOUND ( 'NONE', #4430, .T. ) ;
#3295 = LINE ( 'NONE', #896, #4618 ) ;
#3296 = ORIENTED_EDGE ( 'NONE', *, *, #1120, .F. ) ;
#3297 = ORIENTED_EDGE ( 'NONE', *, *, #52, .F. ) ;
#3298 = FACE_OUTER_BOUND ( 'NONE', #976, .T. ) ;
#3299 = DIRECTION ( 'NONE',  ( -0.7071067811865475727, -1.730537381620162519E-17, 0.7071067811865474617 ) ) ;
#3300 = DIRECTION ( 'NONE',  ( 5.551115123125782702E-17, 1.000000000000000000, 0.0000000000000000000 ) ) ;
#3301 = CARTESIAN_POINT ( 'NONE',  ( -90.00000000000000000, 35.00000000000000711, -89.99999999999998579 ) ) ;
#3302 = DIRECTION ( 'NONE',  ( -5.551115123125782702E-17, -1.000000000000000000, 0.0000000000000000000 ) ) ;
#3303 = ORIENTED_EDGE ( 'NONE', *, *, #4027, .T. ) ;
#3304 =( GEOMETRIC_REPRESENTATION_CONTEXT ( 3 ) GLOBAL_UNCERTAINTY_ASSIGNED_CONTEXT ( ( #2262 ) ) GLOBAL_UNIT_ASSIGNED_CONTEXT ( ( #331, #3046, #4981 ) ) REPRESENTATION_CONTEXT ( 'NONE', 'WORKASPACE' ) );
#3305 = ORIENTED_EDGE ( 'NONE', *, *, #2760, .T. ) ;
#3307 = VECTOR ( 'NONE', #1930, 1000.000000000000000 ) ;
#3306 = DIRECTION ( 'NONE',  ( -5.551115123125782702E-17, -1.000000000000000000, 0.0000000000000000000 ) ) ;
#3308 = VECTOR ( 'NONE', #3939, 1000.000000000000000 ) ;
#3309 = DIRECTION ( 'NONE',  ( 5.551115123125782702E-17, 1.000000000000000000, 0.0000000000000000000 ) ) ;
#3310 = EDGE_CURVE ( 'NONE', #4685, #2716, #270, .T. ) ;
#3311 = ORIENTED_EDGE ( 'NONE', *, *, #3257, .T. ) ;
#3312 = DIRECTION ( 'NONE',  ( 5.551115123125782702E-17, 1.000000000000000000, 0.0000000000000000000 ) ) ;
#3313 = DIRECTION ( 'NONE',  ( -3.885780586188047891E-16, 5.551115123125782702E-17, -1.000000000000000000 ) ) ;
#3314 = ORIENTED_EDGE ( 'NONE', *, *, #51, .T. ) ;
#3315 = CYLINDRICAL_SURFACE ( 'NONE', #1137, 2.499999999999995115 ) ;
#3316 = ORIENTED_EDGE ( 'NONE', *, *, #2727, .T. ) ;
#3317 = EDGE_LOOP ( 'NONE', ( #4557, #2296, #600 ) ) ;
#3318 = DIRECTION ( 'NONE',  ( -1.000000000000000000, -5.551115123125782702E-17, 5.551115123125782702E-17 ) ) ;
#3319 = EDGE_CURVE ( 'NONE', #851, #1280, #3379, .T. ) ;
#3320 = AXIS2_PLACEMENT_3D ( 'NONE', #46, #3549, #474 ) ;
#3321 = ORIENTED_EDGE ( 'NONE', *, *, #3923, .T. ) ;
#3322 =( NAMED_UNIT ( * ) PLANE_ANGLE_UNIT ( ) SI_UNIT ( $, .RADIAN. ) );
#3323 = DIRECTION ( 'NONE',  ( 5.551115123125782702E-17, 1.000000000000000000, 0.0000000000000000000 ) ) ;
#3324 = DIRECTION ( 'NONE',  ( -5.551115123125782702E-17, -1.000000000000000000, 0.0000000000000000000 ) ) ;
#3325 = CARTESIAN_POINT ( 'NONE',  ( 90.00000000000000000, 35.00000000000000000, 84.90000000000000568 ) ) ;
#3326 = EDGE_LOOP ( 'NONE', ( #346, #3011, #3605 ) ) ;
#3327 = AXIS2_PLACEMENT_3D ( 'NONE', #3100, #3896, #724 ) ;
#3328 = DIRECTION ( 'NONE',  ( 5.551115123125782702E-17, 6.162975822039154730E-33, 1.000000000000000000 ) ) ;
#3329 = PRESENTATION_LAYER_ASSIGNMENT (  '', '', ( #4111 ) ) ;
#3330 = DIRECTION ( 'NONE',  ( 0.0000000000000000000, 0.0000000000000000000, 1.000000000000000000 ) ) ;
#3331 = DIRECTION ( 'NONE',  ( -0.7071067811865474617, -5.551115123125782086E-17, -0.7071067811865474617 ) ) ;
#3332 = COLOUR_RGB ( '',0.6470588235294117974, 0.6196078431372549211, 0.5882352941176470784 ) ;
#3333 = LINE ( 'NONE', #3524, #3562 ) ;
#3334 = DIRECTION ( 'NONE',  ( 0.0000000000000000000, 0.0000000000000000000, 1.000000000000000000 ) ) ;
#3335 = LINE ( 'NONE', #3555, #4658 ) ;
#3336 = AXIS2_PLACEMENT_3D ( 'NONE', #4580, #3801, #3105 ) ;
#3337 = DIRECTION ( 'NONE',  ( -5.551115123125782702E-17, -1.000000000000000000, 0.0000000000000000000 ) ) ;
#3338 = CARTESIAN_POINT ( 'NONE',  ( 95.00000000000000000, 6.938893903907228378E-15, 73.00000000000000000 ) ) ;
#3339 = DIRECTION ( 'NONE',  ( 0.0000000000000000000, 0.0000000000000000000, 1.000000000000000000 ) ) ;
#3340 = DIRECTION ( 'NONE',  ( 0.0000000000000000000, 0.0000000000000000000, -1.000000000000000000 ) ) ;
#3341 = EDGE_CURVE ( 'NONE', #2870, #1830, #4514, .T. ) ;
#3342 = FACE_BOUND ( 'NONE', #4879, .T. ) ;
#3343 = ORIENTED_EDGE ( 'NONE', *, *, #3917, .T. ) ;
#3344 = CARTESIAN_POINT ( 'NONE',  ( 165.0000000000000284, 20.00000000000001066, 39.99999999999997868 ) ) ;
#3345 = SURFACE_STYLE_USAGE ( .BOTH. , #2952 ) ;
#3346 = CARTESIAN_POINT ( 'NONE',  ( -165.0000000000000000, 6.938893903907228378E-15, 40.00000000000000711 ) ) ;
#3347 = CIRCLE ( 'NONE', #452, 3.400000000000000355 ) ;
#3348 = VERTEX_POINT ( 'NONE', #2898 ) ;
#3349 = ORIENTED_EDGE ( 'NONE', *, *, #4500, .T. ) ;
#3350 = CARTESIAN_POINT ( 'NONE',  ( 90.00000000000000000, 19.99999999999999645, 90.00000000000000000 ) ) ;
#3351 = DIRECTION ( 'NONE',  ( 5.551115123125782702E-17, 1.000000000000000000, 0.0000000000000000000 ) ) ;
#3352 = VERTEX_POINT ( 'NONE', #2468 ) ;
#3353 = DIRECTION ( 'NONE',  ( -5.551115123125782702E-17, -1.000000000000000000, 0.0000000000000000000 ) ) ;
#3354 = EDGE_CURVE ( 'NONE', #1553, #4995, #509, .T. ) ;
#3355 = CARTESIAN_POINT ( 'NONE',  ( 60.00000000000000000, 3.851859888774465575E-31, -77.99999999999998579 ) ) ;
#3356 = AXIS2_PLACEMENT_3D ( 'NONE', #4080, #3434, #3410 ) ;
#3357 = COLOUR_RGB ( '',1.000000000000000000, 1.000000000000000000, 1.000000000000000000 ) ;
#3358 = DIRECTION ( 'NONE',  ( 0.0000000000000000000, 0.0000000000000000000, 1.000000000000000000 ) ) ;
#3359 = ORIENTED_EDGE ( 'NONE', *, *, #4411, .T. ) ;
#3360 = CARTESIAN_POINT ( 'NONE',  ( 134.9999999999999716, 19.99999999999998224, 67.50000000000000000 ) ) ;
#3361 = SURFACE_SIDE_STYLE ('',( #4686 ) ) ;
#3362 = LINE ( 'NONE', #4958, #388 ) ;
#3363 = SURFACE_STYLE_FILL_AREA ( #4731 ) ;
#3364 = AXIS2_PLACEMENT_3D ( 'NONE', #4177, #2241, #2261 ) ;
#3365 = VERTEX_POINT ( 'NONE', #2501 ) ;
#3366 = AXIS2_PLACEMENT_3D ( 'NONE', #4003, #3174, #2461 ) ;
#3367 = FACE_OUTER_BOUND ( 'NONE', #3326, .T. ) ;
#3368 = LINE ( 'NONE', #712, #3246 ) ;
#3369 = EDGE_LOOP ( 'NONE', ( #2404, #876, #1820, #2005 ) ) ;
#3370 = DIRECTION ( 'NONE',  ( -5.551115123125782702E-17, -1.000000000000000000, 0.0000000000000000000 ) ) ;
#3371 = DIRECTION ( 'NONE',  ( -5.551115123125782702E-17, -1.000000000000000000, 0.0000000000000000000 ) ) ;
#3372 = SURFACE_SIDE_STYLE ('',( #4079 ) ) ;
#3373 = LINE ( 'NONE', #1832, #83 ) ;
#3374 = CARTESIAN_POINT ( 'NONE',  ( 102.4999999999999858, 19.99999999999999645, 22.75000000000000711 ) ) ;
#3375 = ORIENTED_EDGE ( 'NONE', *, *, #4894, .F. ) ;
#3376 = ORIENTED_EDGE ( 'NONE', *, *, #2336, .F. ) ;
#3377 = PLANE ( 'NONE',  #4970 ) ;
#3378 = UNCERTAINTY_MEASURE_WITH_UNIT (LENGTH_MEASURE( 1.000000000000000082E-05 ), #1776, 'distance_accuracy_value', 'NONE');
#3379 = CIRCLE ( 'NONE', #2219, 4.500000000000003553 ) ;
#3380 = ORIENTED_EDGE ( 'NONE', *, *, #1849, .F. ) ;
#3381 = ORIENTED_EDGE ( 'NONE', *, *, #1421, .T. ) ;
#3382 = ORIENTED_EDGE ( 'NONE', *, *, #1550, .F. ) ;
#3383 = ADVANCED_FACE ( 'NONE', ( #3856 ), #515, .F. ) ;
#3384 = EDGE_CURVE ( 'NONE', #142, #2415, #4112, .T. ) ;
#3385 = EDGE_CURVE ( 'NONE', #2118, #826, #1121, .T. ) ;
#3386 = PRESENTATION_LAYER_ASSIGNMENT (  '', '', ( #2148 ) ) ;
#3387 = FACE_BOUND ( 'NONE', #1122, .T. ) ;
#3388 = DIRECTION ( 'NONE',  ( 0.0000000000000000000, 0.0000000000000000000, -1.000000000000000000 ) ) ;
#3389 = EDGE_LOOP ( 'NONE', ( #2946, #2075, #4848, #539 ) ) ;
#3390 = FILL_AREA_STYLE ('',( #1456 ) ) ;
#3391 = CIRCLE ( 'NONE', #4963, 5.099999999999993427 ) ;
#3392 = AXIS2_PLACEMENT_3D ( 'NONE', #2475, #4815, #4783 ) ;
#3393 = VERTEX_POINT ( 'NONE', #2880 ) ;
#3394 = LINE ( 'NONE', #4761, #4358 ) ;
#3395 = DIRECTION ( 'NONE',  ( 5.551115123125782702E-17, 1.000000000000000000, 0.0000000000000000000 ) ) ;
#3396 = DIRECTION ( 'NONE',  ( 5.551115123125782702E-17, 5.551115123125782702E-17, -1.000000000000000000 ) ) ;
#3397 = CIRCLE ( 'NONE', #998, 9.999999999999980460 ) ;
#3398 =( NAMED_UNIT ( * ) PLANE_ANGLE_UNIT ( ) SI_UNIT ( $, .RADIAN. ) );
#3399 = EDGE_CURVE ( 'NONE', #2290, #3646, #4765, .T. ) ;
#3400 = DIRECTION ( 'NONE',  ( 0.0000000000000000000, 0.0000000000000000000, -1.000000000000000000 ) ) ;
#3401 = ORIENTED_EDGE ( 'NONE', *, *, #3458, .T. ) ;
#3402 = CARTESIAN_POINT ( 'NONE',  ( -102.9999999999999858, 35.00000000000000000, 104.9999999999999858 ) ) ;
#3403 = ADVANCED_FACE ( 'NONE', ( #2885 ), #138, .F. ) ;
#3404 = PLANE ( 'NONE',  #2864 ) ;
#3405 = ITEM_DEFINED_TRANSFORMATION ( 'NONE', 'NONE', #3640,  #784 ) ;
#3406 = ORIENTED_EDGE ( 'NONE', *, *, #4065, .T. ) ;
#3407 = EDGE_CURVE ( 'NONE', #2651, #3172, #2224, .T. ) ;
#3408 = CIRCLE ( 'NONE', #1587, 3.000000000000002665 ) ;
#3409 = CARTESIAN_POINT ( 'NONE',  ( -49.99999999999996447, 19.99999999999999289, 100.0000000000000000 ) ) ;
#3410 = DIRECTION ( 'NONE',  ( 0.0000000000000000000, 0.0000000000000000000, 1.000000000000000000 ) ) ;
#3411 = SURFACE_STYLE_USAGE ( .BOTH. , #3372 ) ;
#3412 = FACE_OUTER_BOUND ( 'NONE', #1692, .T. ) ;
#3413 = CARTESIAN_POINT ( 'NONE',  ( -45.00000000000002842, 20.00000000000000355, -92.50000000000002842 ) ) ;
#3414 = EDGE_CURVE ( 'NONE', #602, #1490, #994, .T. ) ;
#3415 = ORIENTED_EDGE ( 'NONE', *, *, #414, .T. ) ;
#3416 = CARTESIAN_POINT ( 'NONE',  ( 103.0000000000000142, 35.00000000000000000, -105.0000000000000426 ) ) ;
#3417 = EDGE_LOOP ( 'NONE', ( #4861, #2270 ) ) ;
#3418 = AXIS2_PLACEMENT_3D ( 'NONE', #1378, #2196, #587 ) ;
#3419 = VECTOR ( 'NONE', #1083, 1000.000000000000000 ) ;
#3420 = LINE ( 'NONE', #1014, #3066 ) ;
#3421 = CARTESIAN_POINT ( 'NONE',  ( 59.99999999999998579, 20.00000000000000355, 99.99999999999997158 ) ) ;
#3422 = PRESENTATION_STYLE_ASSIGNMENT (( #669 ) ) ;
#3423 = DIRECTION ( 'NONE',  ( 5.551115123125782702E-17, 1.000000000000000000, 0.0000000000000000000 ) ) ;
#3424 = ORIENTED_EDGE ( 'NONE', *, *, #4122, .F. ) ;
#3425 = ORIENTED_EDGE ( 'NONE', *, *, #2374, .T. ) ;
#3426 = AXIS2_PLACEMENT_3D ( 'NONE', #1620, #4670, #2732 ) ;
#3427 = ORIENTED_EDGE ( 'NONE', *, *, #4027, .F. ) ;
#3428 = CARTESIAN_POINT ( 'NONE',  ( -77.00000000000001421, 19.99999999999999645, -60.00000000000001421 ) ) ;
#3429 = ADVANCED_FACE ( 'NONE', ( #2028 ), #530, .F. ) ;
#3430 = CIRCLE ( 'NONE', #4909, 4.500000000000003553 ) ;
#3431 = EDGE_CURVE ( 'NONE', #2558, #1508, #28, .T. ) ;
#3432 = ORIENTED_EDGE ( 'NONE', *, *, #3029, .T. ) ;
#3433 = ORIENTED_EDGE ( 'NONE', *, *, #4406, .T. ) ;
#3434 = DIRECTION ( 'NONE',  ( 5.551115123125782702E-17, 1.000000000000000000, 0.0000000000000000000 ) ) ;
#3435 = LINE ( 'NONE', #2940, #3739 ) ;
#3436 = CARTESIAN_POINT ( 'NONE',  ( -89.99999999999997158, -8.673617379884035472E-15, 84.90000000000003411 ) ) ;
#3437 = VERTEX_POINT ( 'NONE', #2926 ) ;
#3438 = CARTESIAN_POINT ( 'NONE',  ( 49.99999999999998579, 3.469446951953614189E-15, 4.999999999999990230 ) ) ;
#3439 = PRESENTATION_STYLE_ASSIGNMENT (( #3233 ) ) ;
#3440 = DIRECTION ( 'NONE',  ( -5.551115123125782702E-17, -1.000000000000000000, 0.0000000000000000000 ) ) ;
#3441 = DIRECTION ( 'NONE',  ( 5.551115123125782702E-17, 1.000000000000000000, 0.0000000000000000000 ) ) ;
#3442 = FACE_BOUND ( 'NONE', #5037, .T. ) ;
#3443 = EDGE_CURVE ( 'NONE', #2869, #1904, #757, .T. ) ;
#3444 = MECHANICAL_DESIGN_GEOMETRIC_PRESENTATION_REPRESENTATION (  '', ( #3539 ), #4166 ) ;
#3445 = DIRECTION ( 'NONE',  ( 1.000000000000000000, 0.0000000000000000000, -2.220446049250313081E-16 ) ) ;
#3446 = LINE ( 'NONE', #6, #3746 ) ;
#3447 = ADVANCED_FACE ( 'NONE', ( #401 ), #3315, .F. ) ;
#3448 = AXIS2_PLACEMENT_3D ( 'NONE', #1515, #1484, #667 ) ;
#3449 = FILL_AREA_STYLE ('',( #353 ) ) ;
#3450 = DIRECTION ( 'NONE',  ( 1.000000000000000000, 5.551115123125782702E-17, -2.220446049250313081E-16 ) ) ;
#3451 = VECTOR ( 'NONE', #2872, 1000.000000000000000 ) ;
#3452 = AXIS2_PLACEMENT_3D ( 'NONE', #717, #4957, #4206 ) ;
#3453 = VECTOR ( 'NONE', #2890, 1000.000000000000000 ) ;
#3454 = PRESENTATION_LAYER_ASSIGNMENT (  '', '', ( #2787 ) ) ;
#3455 = CARTESIAN_POINT ( 'NONE',  ( 134.9999999999999716, 19.99999999999998224, 60.00000000000000000 ) ) ;
#3456 = ORIENTED_EDGE ( 'NONE', *, *, #2576, .F. ) ;
#3457 = DIRECTION ( 'NONE',  ( 5.551115123125782702E-17, 1.000000000000000000, 0.0000000000000000000 ) ) ;
#3458 = EDGE_CURVE ( 'NONE', #1830, #2889, #691, .T. ) ;
#3459 = ORIENTED_EDGE ( 'NONE', *, *, #1839, .F. ) ;
#3460 = FILL_AREA_STYLE_COLOUR ( '', #2392 ) ;
#3461 = VERTEX_POINT ( 'NONE', #1385 ) ;
#3462 = CARTESIAN_POINT ( 'NONE',  ( -19.99999999999996092, 0.0000000000000000000, -10.00000000000000178 ) ) ;
#3463 = CARTESIAN_POINT ( 'NONE',  ( 102.9999999999999716, 34.99999999999999289, 59.99999999999998579 ) ) ;
#3464 = VECTOR ( 'NONE', #2797, 1000.000000000000000 ) ;
#3465 = ORIENTED_EDGE ( 'NONE', *, *, #2751, .T. ) ;
#3466 = ORIENTED_EDGE ( 'NONE', *, *, #90, .T. ) ;
#3467 = EDGE_CURVE ( 'NONE', #1761, #541, #4397, .T. ) ;
#3468 = LINE ( 'NONE', #1051, #3963 ) ;
#3469 = AXIS2_PLACEMENT_3D ( 'NONE', #1946, #3151, #766 ) ;
#3470 = LINE ( 'NONE', #4251, #1224 ) ;
#3471 = ADVANCED_FACE ( 'NONE', ( #2159 ), #211, .F. ) ;
#3472 = EDGE_LOOP ( 'NONE', ( #1206, #4925, #4147, #3171 ) ) ;
#3473 = VERTEX_POINT ( 'NONE', #2151 ) ;
#3474 = LINE ( 'NONE', #120, #4331 ) ;
#3475 =( NAMED_UNIT ( * ) SI_UNIT ( $, .STERADIAN. ) SOLID_ANGLE_UNIT ( ) );
#3476 = VECTOR ( 'NONE', #3353, 1000.000000000000000 ) ;
#3477 = DIRECTION ( 'NONE',  ( 0.0000000000000000000, 0.0000000000000000000, -1.000000000000000000 ) ) ;
#3478 = STYLED_ITEM ( 'NONE', ( #1972 ), #774 ) ;
#3479 = CARTESIAN_POINT ( 'NONE',  ( -75.00000000000000000, 35.00000000000000000, 62.00000000000001421 ) ) ;
#3480 = PRESENTATION_LAYER_ASSIGNMENT (  '', '', ( #2083 ) ) ;
#3481 = ORIENTED_EDGE ( 'NONE', *, *, #32, .F. ) ;
#3482 = ORIENTED_EDGE ( 'NONE', *, *, #242, .T. ) ;
#3483 = CARTESIAN_POINT ( 'NONE',  ( 102.9999999999999716, 20.00000000000000355, 59.99999999999998579 ) ) ;
#3484 = DIRECTION ( 'NONE',  ( 0.0000000000000000000, 0.0000000000000000000, 1.000000000000000000 ) ) ;
#3485 = DIRECTION ( 'NONE',  ( 5.551115123125782702E-17, 6.162975822039154730E-33, 1.000000000000000000 ) ) ;
#3486 = ORIENTED_EDGE ( 'NONE', *, *, #2959, .T. ) ;
#3487 = ORIENTED_EDGE ( 'NONE', *, *, #449, .F. ) ;
#3488 = DIRECTION ( 'NONE',  ( 0.0000000000000000000, 0.0000000000000000000, 1.000000000000000000 ) ) ;
#3489 = ORIENTED_EDGE ( 'NONE', *, *, #4462, .F. ) ;
#3490 = ORIENTED_EDGE ( 'NONE', *, *, #4008, .T. ) ;
#3491 = EDGE_CURVE ( 'NONE', #2694, #482, #3727, .T. ) ;
#3492 = LINE ( 'NONE', #1353, #1293 ) ;
#3493 = ORIENTED_EDGE ( 'NONE', *, *, #3766, .T. ) ;
#3494 = CARTESIAN_POINT ( 'NONE',  ( 75.00000000000001421, 35.00000000000000000, -62.00000000000001421 ) ) ;
#3495 = DIRECTION ( 'NONE',  ( 0.6616216370868462926, 2.428612866367529932E-17, -0.7498378553650925094 ) ) ;
#3496 = LINE ( 'NONE', #2236, #1427 ) ;
#3497 = ADVANCED_FACE ( 'NONE', ( #2587 ), #4161, .F. ) ;
#3498 = ORIENTED_EDGE ( 'NONE', *, *, #4591, .T. ) ;
#3499 = CARTESIAN_POINT ( 'NONE',  ( -95.00000000000001421, 19.99999999999999645, -73.00000000000001421 ) ) ;
#3500 = CARTESIAN_POINT ( 'NONE',  ( -174.9999999999999716, 19.99999999999999645, 99.99999999999994316 ) ) ;
#3501 = FACE_OUTER_BOUND ( 'NONE', #3518, .T. ) ;
#3502 = CARTESIAN_POINT ( 'NONE',  ( 74.99999999999995737, 34.99999999999999289, 102.9999999999999858 ) ) ;
#3503 = EDGE_CURVE ( 'NONE', #3093, #759, #2155, .T. ) ;
#3504 = CARTESIAN_POINT ( 'NONE',  ( -95.00000000000001421, 34.99999999999999289, -70.00000000000000000 ) ) ;
#3505 = FACE_OUTER_BOUND ( 'NONE', #2916, .T. ) ;
#3506 = CARTESIAN_POINT ( 'NONE',  ( -49.99999999999996447, -1.040834085586084257E-14, 100.0000000000000000 ) ) ;
#3507 = EDGE_CURVE ( 'NONE', #4399, #3976, #2655, .T. ) ;
#3508 = AXIS2_PLACEMENT_3D ( 'NONE', #2055, #155, #4777 ) ;
#3509 = COLOUR_RGB ( '',1.000000000000000000, 1.000000000000000000, 1.000000000000000000 ) ;
#3510 = DIRECTION ( 'NONE',  ( 0.0000000000000000000, 0.0000000000000000000, -1.000000000000000000 ) ) ;
#3511 = DIRECTION ( 'NONE',  ( -0.7071067811865475727, -4.024158810645018149E-18, 0.7071067811865474617 ) ) ;
#3512 = LINE ( 'NONE', #4032, #1688 ) ;
#3513 = DIRECTION ( 'NONE',  ( 5.551115123125782702E-17, 1.000000000000000000, 3.081487911019577365E-33 ) ) ;
#3514 = CARTESIAN_POINT ( 'NONE',  ( -1.561251128379126385E-14, 20.00000000000000000, -1.387778780781445676E-14 ) ) ;
#3515 = CARTESIAN_POINT ( 'NONE',  ( 89.99999999999998579, 35.00000000000000000, -84.90000000000001990 ) ) ;
#3516 = AXIS2_PLACEMENT_3D ( 'NONE', #1945, #2729, #399 ) ;
#3517 = ORIENTED_EDGE ( 'NONE', *, *, #955, .T. ) ;
#3518 = EDGE_LOOP ( 'NONE', ( #3226, #3150, #1757, #209 ) ) ;
#3519 = DIRECTION ( 'NONE',  ( 1.000000000000000000, 0.0000000000000000000, -2.220446049250313081E-16 ) ) ;
#3520 = UNCERTAINTY_MEASURE_WITH_UNIT (LENGTH_MEASURE( 1.000000000000000082E-05 ), #1457, 'distance_accuracy_value', 'NONE');
#3521 = ORIENTED_EDGE ( 'NONE', *, *, #2318, .F. ) ;
#3522 = EDGE_CURVE ( 'NONE', #3461, #2508, #2709, .T. ) ;
#3523 = CIRCLE ( 'NONE', #962, 7.500000000000007105 ) ;
#3524 = CARTESIAN_POINT ( 'NONE',  ( -95.00000000000001421, 34.99999999999999289, -67.00000000000000000 ) ) ;
#3525 = EDGE_CURVE ( 'NONE', #2884, #743, #205, .T. ) ;
#3526 = CARTESIAN_POINT ( 'NONE',  ( 75.00000000000001421, 20.00000000000000000, -62.00000000000001421 ) ) ;
#3527 = EDGE_LOOP ( 'NONE', ( #3184, #1516 ) ) ;
#3528 = CIRCLE ( 'NONE', #4366, 7.500000000000007105 ) ;
#3529 = CARTESIAN_POINT ( 'NONE',  ( -135.0000000000000000, -5.204170427930421283E-15, 60.00000000000000000 ) ) ;
#3530 = ORIENTED_EDGE ( 'NONE', *, *, #4186, .F. ) ;
#3531 = DIRECTION ( 'NONE',  ( -2.220446049250313081E-16, 0.0000000000000000000, -1.000000000000000000 ) ) ;
#3532 = VERTEX_POINT ( 'NONE', #335 ) ;
#3533 = PLANE ( 'NONE',  #1657 ) ;
#3534 = CIRCLE ( 'NONE', #839, 2.499999999999988454 ) ;
#3535 = VECTOR ( 'NONE', #1687, 1000.000000000000000 ) ;
#3536 = EDGE_CURVE ( 'NONE', #742, #1960, #4878, .T. ) ;
#3537 = VERTEX_POINT ( 'NONE', #3079 ) ;
#3538 = ORIENTED_EDGE ( 'NONE', *, *, #3957, .T. ) ;
#3539 = STYLED_ITEM ( 'NONE', ( #2791 ), #2396 ) ;
#3540 = DIRECTION ( 'NONE',  ( 0.0000000000000000000, 0.0000000000000000000, 1.000000000000000000 ) ) ;
#3541 = VECTOR ( 'NONE', #1259, 1000.000000000000000 ) ;
#3542 = ORIENTED_EDGE ( 'NONE', *, *, #3128, .F. ) ;
#3543 = ORIENTED_EDGE ( 'NONE', *, *, #961, .F. ) ;
#3544 =( NAMED_UNIT ( * ) PLANE_ANGLE_UNIT ( ) SI_UNIT ( $, .RADIAN. ) );
#3545 = VECTOR ( 'NONE', #1969, 1000.000000000000000 ) ;
#3546 = VERTEX_POINT ( 'NONE', #4562 ) ;
#3547 = ADVANCED_FACE ( 'NONE', ( #1661 ), #1886, .F. ) ;
#3548 = ORIENTED_EDGE ( 'NONE', *, *, #207, .T. ) ;
#3549 = DIRECTION ( 'NONE',  ( 5.551115123125782702E-17, 1.000000000000000000, 0.0000000000000000000 ) ) ;
#3550 = DIRECTION ( 'NONE',  ( 5.551115123125782702E-17, 1.000000000000000000, 0.0000000000000000000 ) ) ;
#3551 = DIRECTION ( 'NONE',  ( 5.551115123125782702E-17, 1.000000000000000000, 0.0000000000000000000 ) ) ;
#3552 = VECTOR ( 'NONE', #4520, 1000.000000000000000 ) ;
#3553 = ORIENTED_EDGE ( 'NONE', *, *, #3889, .T. ) ;
#3554 = ORIENTED_EDGE ( 'NONE', *, *, #224, .F. ) ;
#3555 = CARTESIAN_POINT ( 'NONE',  ( -154.9999999999999716, 20.00000000000000000, 30.00000000000000000 ) ) ;
#3556 = AXIS2_PLACEMENT_3D ( 'NONE', #1666, #2495, #1693 ) ;
#3557 = FILL_AREA_STYLE_COLOUR ( '', #1002 ) ;
#3558 = DIRECTION ( 'NONE',  ( -0.7071067811865474617, -5.551115123125782086E-17, -0.7071067811865474617 ) ) ;
#3559 = EDGE_CURVE ( 'NONE', #4583, #3728, #2528, .T. ) ;
#3560 = CIRCLE ( 'NONE', #3574, 9.999999999999987566 ) ;
#3561 = CARTESIAN_POINT ( 'NONE',  ( -39.09746257676361836, 20.00000000000000355, -188.0000000000000000 ) ) ;
#3562 = VECTOR ( 'NONE', #791, 1000.000000000000000 ) ;
#3563 = CARTESIAN_POINT ( 'NONE',  ( 115.0000000000000142, 19.99999999999999645, -10.00000000000002309 ) ) ;
#3564 = DIRECTION ( 'NONE',  ( 0.0000000000000000000, 0.0000000000000000000, 1.000000000000000000 ) ) ;
#3565 = EDGE_CURVE ( 'NONE', #3984, #74, #3430, .T. ) ;
#3566 = MECHANICAL_DESIGN_GEOMETRIC_PRESENTATION_REPRESENTATION (  '', ( #3826 ), #4600 ) ;
#3567 = DIRECTION ( 'NONE',  ( -5.551115123125782702E-17, -1.000000000000000000, 0.0000000000000000000 ) ) ;
#3568 = FACE_BOUND ( 'NONE', #1818, .T. ) ;
#3569 = CARTESIAN_POINT ( 'NONE',  ( -45.00000000000003553, 20.00000000000000711, -52.50000000000003553 ) ) ;
#3570 = ADVANCED_FACE ( 'NONE', ( #1114 ), #3969, .F. ) ;
#3571 = CARTESIAN_POINT ( 'NONE',  ( 49.99999999999998579, 19.99999999999999645, 4.999999999999990230 ) ) ;
#3572 = VERTEX_POINT ( 'NONE', #1106 ) ;
#3573 =( GEOMETRIC_REPRESENTATION_CONTEXT ( 3 ) GLOBAL_UNCERTAINTY_ASSIGNED_CONTEXT ( ( #658 ) ) GLOBAL_UNIT_ASSIGNED_CONTEXT ( ( #1626, #1652, #2425 ) ) REPRESENTATION_CONTEXT ( 'NONE', 'WORKASPACE' ) );
#3574 = AXIS2_PLACEMENT_3D ( 'NONE', #1499, #4938, #1882 ) ;
#3575 = DIRECTION ( 'NONE',  ( 0.0000000000000000000, 0.0000000000000000000, 1.000000000000000000 ) ) ;
#3576 = ORIENTED_EDGE ( 'NONE', *, *, #32, .T. ) ;
#3577 = ORIENTED_EDGE ( 'NONE', *, *, #251, .F. ) ;
#3578 = ORIENTED_EDGE ( 'NONE', *, *, #3354, .T. ) ;
#3579 = DIRECTION ( 'NONE',  ( 5.551115123125782702E-17, 1.000000000000000000, 0.0000000000000000000 ) ) ;
#3580 = ORIENTED_EDGE ( 'NONE', *, *, #3930, .T. ) ;
#3581 =( LENGTH_UNIT ( ) NAMED_UNIT ( * ) SI_UNIT ( .MILLI., .METRE. ) );
#3582 = UNCERTAINTY_MEASURE_WITH_UNIT (LENGTH_MEASURE( 1.000000000000000082E-05 ), #2214, 'distance_accuracy_value', 'NONE');
#3583 =( NAMED_UNIT ( * ) PLANE_ANGLE_UNIT ( ) SI_UNIT ( $, .RADIAN. ) );
#3584 = ORIENTED_EDGE ( 'NONE', *, *, #4793, .T. ) ;
#3585 = AXIS2_PLACEMENT_3D ( 'NONE', #3881, #4285, #1563 ) ;
#3586 = ORIENTED_EDGE ( 'NONE', *, *, #3414, .F. ) ;
#3587 = EDGE_CURVE ( 'NONE', #4583, #4728, #3373, .T. ) ;
#3588 = FILL_AREA_STYLE ('',( #3557 ) ) ;
#3589 = ORIENTED_EDGE ( 'NONE', *, *, #3049, .F. ) ;
#3590 = ORIENTED_EDGE ( 'NONE', *, *, #2405, .F. ) ;
#3591 = SURFACE_STYLE_FILL_AREA ( #35 ) ;
#3592 = DIRECTION ( 'NONE',  ( 5.551115123125782702E-17, 1.000000000000000000, 0.0000000000000000000 ) ) ;
#3593 = VECTOR ( 'NONE', #3450, 1000.000000000000000 ) ;
#3594 = ORIENTED_EDGE ( 'NONE', *, *, #4018, .F. ) ;
#3595 = ADVANCED_FACE ( 'NONE', ( #3851 ), #393, .F. ) ;
#3596 = CIRCLE ( 'NONE', #3904, 2.499999999999988454 ) ;
#3597 = LINE ( 'NONE', #3599, #3541 ) ;
#3598 = DIRECTION ( 'NONE',  ( 0.7071067811865474617, 5.551115123125782086E-17, 0.7071067811865474617 ) ) ;
#3599 = CARTESIAN_POINT ( 'NONE',  ( 44.99999999999997158, 5.000000000000002665, -92.50000000000002842 ) ) ;
#3600 = EDGE_LOOP ( 'NONE', ( #3543, #2556 ) ) ;
#3601 = DIRECTION ( 'NONE',  ( -5.551115123125782702E-17, 0.0000000000000000000, 1.000000000000000000 ) ) ;
#3602 = EDGE_LOOP ( 'NONE', ( #506, #3690 ) ) ;
#3603 = EDGE_CURVE ( 'NONE', #45, #4159, #627, .T. ) ;
#3604 = AXIS2_PLACEMENT_3D ( 'NONE', #900, #4025, #2966 ) ;
#3605 = ORIENTED_EDGE ( 'NONE', *, *, #323, .T. ) ;
#3606 = ORIENTED_EDGE ( 'NONE', *, *, #1145, .T. ) ;
#3607 = ORIENTED_EDGE ( 'NONE', *, *, #3522, .F. ) ;
#3608 = AXIS2_PLACEMENT_3D ( 'NONE', #2830, #4616, #3484 ) ;
#3609 =( NAMED_UNIT ( * ) PLANE_ANGLE_UNIT ( ) SI_UNIT ( $, .RADIAN. ) );
#3610 = LINE ( 'NONE', #641, #4040 ) ;
#3611 = AXIS2_PLACEMENT_3D ( 'NONE', #1500, #4614, #2282 ) ;
#3612 = CARTESIAN_POINT ( 'NONE',  ( 74.99999999999998579, 20.00000000000000355, -103.0000000000000142 ) ) ;
#3613 = CARTESIAN_POINT ( 'NONE',  ( -90.00000000000000000, 35.00000000000000711, -89.99999999999998579 ) ) ;
#3614 = DIRECTION ( 'NONE',  ( -0.7071067811865474617, 5.551115123125782702E-17, -0.7071067811865475727 ) ) ;
#3615 = PRESENTATION_STYLE_ASSIGNMENT (( #464 ) ) ;
#3616 = DIRECTION ( 'NONE',  ( -5.551115123125782702E-17, -1.000000000000000000, 0.0000000000000000000 ) ) ;
#3617 = EDGE_CURVE ( 'NONE', #303, #4575, #2467, .T. ) ;
#3618 = LINE ( 'NONE', #4465, #2539 ) ;
#3619 = DIRECTION ( 'NONE',  ( 0.0000000000000000000, 0.0000000000000000000, 1.000000000000000000 ) ) ;
#3620 = ORIENTED_EDGE ( 'NONE', *, *, #1094, .T. ) ;
#3621 = EDGE_CURVE ( 'NONE', #80, #3352, #1282, .T. ) ;
#3622 = LINE ( 'NONE', #1987, #1566 ) ;
#3623 = CARTESIAN_POINT ( 'NONE',  ( -102.9999999999999574, 20.00000000000000000, 104.9999999999999858 ) ) ;
#3624 = ADVANCED_FACE ( 'NONE', ( #3134 ), #4987, .F. ) ;
#3625 = PRESENTATION_STYLE_ASSIGNMENT (( #694 ) ) ;
#3626 = EDGE_CURVE ( 'NONE', #602, #1617, #1902, .T. ) ;
#3627 = DIRECTION ( 'NONE',  ( 5.551115123125782702E-17, 0.0000000000000000000, -1.000000000000000000 ) ) ;
#3628 = EDGE_CURVE ( 'NONE', #4597, #2411, #2352, .T. ) ;
#3629 = AXIS2_PLACEMENT_3D ( 'NONE', #1683, #4776, #1698 ) ;
#3630 = EDGE_LOOP ( 'NONE', ( #3406, #2285, #2122, #1102 ) ) ;
#3631 = DIRECTION ( 'NONE',  ( 0.0000000000000000000, 0.0000000000000000000, 1.000000000000000000 ) ) ;
#3632 = CARTESIAN_POINT ( 'NONE',  ( 44.99999999999997868, 20.00000000000000000, -92.50000000000004263 ) ) ;
#3633 = DIRECTION ( 'NONE',  ( -5.551115123125782702E-17, -1.000000000000000000, 0.0000000000000000000 ) ) ;
#3634 = ORIENTED_EDGE ( 'NONE', *, *, #3759, .T. ) ;
#3635 = AXIS2_PLACEMENT_3D ( 'NONE', #2798, #3616, #4352 ) ;
#3636 = CARTESIAN_POINT ( 'NONE',  ( 74.99999999999995737, 34.99999999999999289, 102.9999999999999858 ) ) ;
#3637 = VERTEX_POINT ( 'NONE', #3097 ) ;
#3638 = FILL_AREA_STYLE_COLOUR ( '', #4532 ) ;
#3639 = DIRECTION ( 'NONE',  ( -5.551115123125782702E-17, -1.000000000000000000, 0.0000000000000000000 ) ) ;
#3640 = AXIS2_PLACEMENT_3D ( 'NONE', #1923, #2298, #776 ) ;
#3641 = DIRECTION ( 'NONE',  ( 5.551115123125782702E-17, 1.000000000000000000, 0.0000000000000000000 ) ) ;
#3642 = LINE ( 'NONE', #127, #4552 ) ;
#3643 = CARTESIAN_POINT ( 'NONE',  ( 95.00000000000000000, 34.99999999999999289, 73.00000000000001421 ) ) ;
#3644 = ADVANCED_FACE ( 'NONE', ( #571 ), #3533, .F. ) ;
#3645 = PRESENTATION_STYLE_ASSIGNMENT (( #2243 ) ) ;
#3646 = VERTEX_POINT ( 'NONE', #405 ) ;
#3647 = DIRECTION ( 'NONE',  ( 1.811454192398136773E-16, 0.5150380749100562650, -0.8571673007021111124 ) ) ;
#3648 = EDGE_CURVE ( 'NONE', #2160, #1761, #2216, .T. ) ;
#3649 = DIRECTION ( 'NONE',  ( 5.551115123125782702E-17, 1.000000000000000000, 0.0000000000000000000 ) ) ;
#3650 = CARTESIAN_POINT ( 'NONE',  ( -102.5000000000000000, 19.99999999999999645, 26.15000000000000568 ) ) ;
#3651 = CARTESIAN_POINT ( 'NONE',  ( -164.9999999999999716, 19.99999999999999645, 100.0000000000000000 ) ) ;
#3652 = LINE ( 'NONE', #256, #4094 ) ;
#3653 = LINE ( 'NONE', #2921, #444 ) ;
#3654 = LINE ( 'NONE', #764, #1344 ) ;
#3655 = ORIENTED_EDGE ( 'NONE', *, *, #3628, .F. ) ;
#3656 = ORIENTED_EDGE ( 'NONE', *, *, #4186, .T. ) ;
#3657 = LINE ( 'NONE', #105, #805 ) ;
#3658 = EDGE_CURVE ( 'NONE', #1508, #2008, #265, .T. ) ;
#3659 = ORIENTED_EDGE ( 'NONE', *, *, #2380, .F. ) ;
#3660 = VERTEX_POINT ( 'NONE', #3909 ) ;
#3661 = PRESENTATION_LAYER_ASSIGNMENT (  '', '', ( #4101 ) ) ;
#3662 = CARTESIAN_POINT ( 'NONE',  ( -45.00000000000002842, 20.00000000000000355, -95.00000000000001421 ) ) ;
#3663 = CARTESIAN_POINT ( 'NONE',  ( 154.9999999999999432, 19.99999999999999645, -10.00000000000002309 ) ) ;
#3664 = VECTOR ( 'NONE', #3033, 1000.000000000000000 ) ;
#3665 = CARTESIAN_POINT ( 'NONE',  ( 102.4999999999999858, 7.703719777548943412E-31, 19.35000000000000497 ) ) ;
#3666 = ORIENTED_EDGE ( 'NONE', *, *, #4411, .F. ) ;
#3667 = ORIENTED_EDGE ( 'NONE', *, *, #1478, .T. ) ;
#3668 = CARTESIAN_POINT ( 'NONE',  ( 134.9999999999999716, 19.99999999999998224, 67.50000000000000000 ) ) ;
#3669 = EDGE_CURVE ( 'NONE', #4229, #851, #4572, .T. ) ;
#3670 = AXIS2_PLACEMENT_3D ( 'NONE', #2180, #3351, #1399 ) ;
#3671 = CARTESIAN_POINT ( 'NONE',  ( -102.9999999999999858, 35.00000000000000000, 60.00000000000000000 ) ) ;
#3672 = CARTESIAN_POINT ( 'NONE',  ( 89.99999999999998579, 0.0000000000000000000, -84.90000000000000568 ) ) ;
#3673 = CARTESIAN_POINT ( 'NONE',  ( -89.99999999999997158, 19.99999999999998934, 90.00000000000000000 ) ) ;
#3674 = VECTOR ( 'NONE', #4350, 1000.000000000000000 ) ;
#3675 = ORIENTED_EDGE ( 'NONE', *, *, #4665, .T. ) ;
#3676 = ADVANCED_FACE ( 'NONE', ( #4454 ), #2942, .F. ) ;
#3677 = VECTOR ( 'NONE', #4997, 1000.000000000000000 ) ;
#3678 = AXIS2_PLACEMENT_3D ( 'NONE', #4953, #1510, #697 ) ;
#3679 = DIRECTION ( 'NONE',  ( 5.551115123125782702E-17, 1.000000000000000000, 0.0000000000000000000 ) ) ;
#3680 = VERTEX_POINT ( 'NONE', #3126 ) ;
#3681 =( LENGTH_UNIT ( ) NAMED_UNIT ( * ) SI_UNIT ( .MILLI., .METRE. ) );
#3682 = CARTESIAN_POINT ( 'NONE',  ( 39.09746257676359704, 19.99999999999998934, -190.0000000000000000 ) ) ;
#3683 = EDGE_CURVE ( 'NONE', #339, #142, #1175, .T. ) ;
#3684 = DIRECTION ( 'NONE',  ( 0.0000000000000000000, 0.0000000000000000000, 1.000000000000000000 ) ) ;
#3685 = LINE ( 'NONE', #2970, #4470 ) ;
#3686 = CARTESIAN_POINT ( 'NONE',  ( 95.00000000000000000, 34.99999999999999289, 67.00000000000000000 ) ) ;
#3687 = DIRECTION ( 'NONE',  ( 0.0000000000000000000, 0.0000000000000000000, 1.000000000000000000 ) ) ;
#3688 = DIRECTION ( 'NONE',  ( 0.0000000000000000000, 0.0000000000000000000, -1.000000000000000000 ) ) ;
#3689 = FACE_BOUND ( 'NONE', #4207, .T. ) ;
#3690 = ORIENTED_EDGE ( 'NONE', *, *, #3565, .F. ) ;
#3691 =( NAMED_UNIT ( * ) PLANE_ANGLE_UNIT ( ) SI_UNIT ( $, .RADIAN. ) );
#3692 = DIRECTION ( 'NONE',  ( 3.330669073875469621E-16, 5.551115123125782702E-17, -1.000000000000000000 ) ) ;
#3693 = CARTESIAN_POINT ( 'NONE',  ( 76.99999999999998579, 19.99999999999998934, 60.00000000000000000 ) ) ;
#3694 = DIRECTION ( 'NONE',  ( -2.220446049250313081E-16, 5.551115123125783935E-17, -1.000000000000000000 ) ) ;
#3695 = EDGE_CURVE ( 'NONE', #3280, #2748, #1545, .T. ) ;
#3696 = EDGE_LOOP ( 'NONE', ( #2124, #4748, #2998, #512 ) ) ;
#3697 = CARTESIAN_POINT ( 'NONE',  ( 120.0000000000000000, 20.00000000000001066, 95.00000000000000000 ) ) ;
#3698 = AXIS2_PLACEMENT_3D ( 'NONE', #2903, #3293, #2174 ) ;
#3699 = ORIENTED_EDGE ( 'NONE', *, *, #3957, .F. ) ;
#3700 = ADVANCED_FACE ( 'NONE', ( #4104 ), #2409, .T. ) ;
#3701 = VERTEX_POINT ( 'NONE', #3502 ) ;
#3702 = CARTESIAN_POINT ( 'NONE',  ( 95.00000000000000000, 34.99999999999999289, 67.00000000000000000 ) ) ;
#3703 = ORIENTED_EDGE ( 'NONE', *, *, #4806, .T. ) ;
#3704 = DIRECTION ( 'NONE',  ( 0.7071067811865475727, 4.024158810645018149E-18, -0.7071067811865474617 ) ) ;
#3705 = FACE_OUTER_BOUND ( 'NONE', #1338, .T. ) ;
#3706 = AXIS2_PLACEMENT_3D ( 'NONE', #1916, #4636, #4303 ) ;
#3707 = FACE_OUTER_BOUND ( 'NONE', #3243, .T. ) ;
#3708 = MECHANICAL_DESIGN_GEOMETRIC_PRESENTATION_REPRESENTATION (  '', ( #3872 ), #874 ) ;
#3709 = LINE ( 'NONE', #2812, #4146 ) ;
#3710 = ORIENTED_EDGE ( 'NONE', *, *, #109, .F. ) ;
#3711 = VERTEX_POINT ( 'NONE', #2316 ) ;
#3712 = VECTOR ( 'NONE', #4403, 1000.000000000000000 ) ;
#3713 = VECTOR ( 'NONE', #2235, 1000.000000000000000 ) ;
#3714 = DIRECTION ( 'NONE',  ( -5.551115123125782702E-17, -1.000000000000000000, -3.081487911019577365E-33 ) ) ;
#3715 = DIRECTION ( 'NONE',  ( 5.551115123125782702E-17, 1.000000000000000000, 0.0000000000000000000 ) ) ;
#3716 = VECTOR ( 'NONE', #1409, 1000.000000000000000 ) ;
#3717 = ORIENTED_EDGE ( 'NONE', *, *, #4475, .F. ) ;
#3718 = STYLED_ITEM ( 'NONE', ( #1090 ), #4948 ) ;
#3719 = EDGE_LOOP ( 'NONE', ( #2084, #1813, #2226, #4996 ) ) ;
#3721 = LINE ( 'NONE', #1443, #198 ) ;
#3720 = DIRECTION ( 'NONE',  ( 1.000000000000000000, -6.162975822039154730E-33, 5.551115123125782702E-17 ) ) ;
#3722 = DIRECTION ( 'NONE',  ( 5.551115123125782702E-17, 1.000000000000000000, 0.0000000000000000000 ) ) ;
#3723 = EDGE_CURVE ( 'NONE', #1350, #2088, #1778, .T. ) ;
#3724 = EDGE_LOOP ( 'NONE', ( #4509, #970, #1413, #3082 ) ) ;
#3725 = CARTESIAN_POINT ( 'NONE',  ( -76.99999999999997158, 35.00000000000000000, 59.99999999999998579 ) ) ;
#3726 = ORIENTED_EDGE ( 'NONE', *, *, #4136, .T. ) ;
#3727 = CIRCLE ( 'NONE', #2843, 7.500000000000007105 ) ;
#3728 = VERTEX_POINT ( 'NONE', #4291 ) ;
#3729 = VERTEX_POINT ( 'NONE', #2766 ) ;
#3730 = CARTESIAN_POINT ( 'NONE',  ( 155.0000000000000000, 6.938893903907228378E-15, 29.99999999999997158 ) ) ;
#3731 = SURFACE_STYLE_FILL_AREA ( #1035 ) ;
#3732 = EDGE_CURVE ( 'NONE', #1320, #4447, #1772, .T. ) ;
#3733 = MECHANICAL_DESIGN_GEOMETRIC_PRESENTATION_REPRESENTATION (  '', ( #91 ), #3992 ) ;
#3734 = ORIENTED_EDGE ( 'NONE', *, *, #3341, .T. ) ;
#3735 = DIRECTION ( 'NONE',  ( 5.551115123125782702E-17, 0.0000000000000000000, -1.000000000000000000 ) ) ;
#3736 = SURFACE_SIDE_STYLE ('',( #147 ) ) ;
#3737 = CARTESIAN_POINT ( 'NONE',  ( -49.99999999999996447, -1.040834085586084257E-14, 100.0000000000000000 ) ) ;
#3738 = CARTESIAN_POINT ( 'NONE',  ( 102.4999999999999858, 19.99999999999999645, 26.15000000000000568 ) ) ;
#3739 = VECTOR ( 'NONE', #4133, 1000.000000000000000 ) ;
#3740 = CARTESIAN_POINT ( 'NONE',  ( -154.9999999999999716, 19.99999999999999645, -9.999999999999980460 ) ) ;
#3741 = STYLED_ITEM ( 'NONE', ( #417 ), #222 ) ;
#3742 = AXIS2_PLACEMENT_3D ( 'NONE', #1852, #2653, #278 ) ;
#3743 = DIRECTION ( 'NONE',  ( 0.0000000000000000000, 0.0000000000000000000, -1.000000000000000000 ) ) ;
#3744 = UNCERTAINTY_MEASURE_WITH_UNIT (LENGTH_MEASURE( 1.000000000000000082E-05 ), #4506, 'distance_accuracy_value', 'NONE');
#3745 = FACE_BOUND ( 'NONE', #2265, .T. ) ;
#3746 = VECTOR ( 'NONE', #2735, 1000.000000000000000 ) ;
#3747 = MECHANICAL_DESIGN_GEOMETRIC_PRESENTATION_REPRESENTATION (  '', ( #2787 ), #1576 ) ;
#3748 = FILL_AREA_STYLE ('',( #4932 ) ) ;
#3749 = PLANE ( 'NONE',  #1668 ) ;
#3750 = EDGE_CURVE ( 'NONE', #3680, #2440, #1838, .T. ) ;
#3751 = FACE_BOUND ( 'NONE', #2322, .T. ) ;
#3752 = ADVANCED_FACE ( 'NONE', ( #3190 ), #2704, .F. ) ;
#3753 = DIRECTION ( 'NONE',  ( 0.0000000000000000000, 0.0000000000000000000, -1.000000000000000000 ) ) ;
#3754 = CARTESIAN_POINT ( 'NONE',  ( -103.0000000000000000, 35.00000000000000000, -60.00000000000001421 ) ) ;
#3755 = CARTESIAN_POINT ( 'NONE',  ( -135.0000000000000000, 19.99999999999998934, 52.49999999999997868 ) ) ;
#3756 =( NAMED_UNIT ( * ) SI_UNIT ( $, .STERADIAN. ) SOLID_ANGLE_UNIT ( ) );
#3757 = VECTOR ( 'NONE', #3276, 1000.000000000000000 ) ;
#3758 = ORIENTED_EDGE ( 'NONE', *, *, #3279, .T. ) ;
#3759 = EDGE_CURVE ( 'NONE', #4399, #123, #621, .T. ) ;
#3760 = ORIENTED_EDGE ( 'NONE', *, *, #2997, .T. ) ;
#3761 = EDGE_LOOP ( 'NONE', ( #2348, #1132, #4429, #3970 ) ) ;
#3762 = CLOSED_SHELL ( 'NONE', ( #2396, #3383, #3471, #4070, #4039, #56, #297, #4826, #1592, #2476, #870, #2105 ) ) ;
#3763 = DIRECTION ( 'NONE',  ( -5.551115123125782702E-17, -1.000000000000000000, 0.0000000000000000000 ) ) ;
#3764 = DIRECTION ( 'NONE',  ( -5.551115123125782702E-17, -5.551115123125782702E-17, 1.000000000000000000 ) ) ;
#3765 = DIRECTION ( 'NONE',  ( 5.551115123125782702E-17, 1.000000000000000000, 0.0000000000000000000 ) ) ;
#3766 = EDGE_CURVE ( 'NONE', #3352, #80, #2086, .T. ) ;
#3767 = DIRECTION ( 'NONE',  ( 5.551115123125782702E-17, 1.000000000000000000, 0.0000000000000000000 ) ) ;
#3768 = AXIS2_PLACEMENT_3D ( 'NONE', #887, #189, #3286 ) ;
#3769 = ORIENTED_EDGE ( 'NONE', *, *, #3458, .F. ) ;
#3770 = PRESENTATION_STYLE_ASSIGNMENT (( #3230 ) ) ;
#3771 = FACE_OUTER_BOUND ( 'NONE', #1415, .T. ) ;
#3772 = ORIENTED_EDGE ( 'NONE', *, *, #2439, .T. ) ;
#3773 = ORIENTED_EDGE ( 'NONE', *, *, #706, .F. ) ;
#3774 = AXIS2_PLACEMENT_3D ( 'NONE', #193, #534, #4093 ) ;
#3775 = CARTESIAN_POINT ( 'NONE',  ( -45.00000000000002842, 5.000000000000007994, -92.50000000000002842 ) ) ;
#3776 = ADVANCED_FACE ( 'NONE', ( #3072 ), #2420, .F. ) ;
#3777 = FACE_OUTER_BOUND ( 'NONE', #3724, .T. ) ;
#3778 = VERTEX_POINT ( 'NONE', #883 ) ;
#3779 = EDGE_CURVE ( 'NONE', #2651, #2831, #3597, .T. ) ;
#3780 = VERTEX_POINT ( 'NONE', #3990 ) ;
#3781 = DIRECTION ( 'NONE',  ( -5.551115123125782702E-17, -1.000000000000000000, 0.0000000000000000000 ) ) ;
#3782 = CARTESIAN_POINT ( 'NONE',  ( -105.0000000000000000, 35.00000000000000000, 62.00000000000000000 ) ) ;
#3783 =( NAMED_UNIT ( * ) SI_UNIT ( $, .STERADIAN. ) SOLID_ANGLE_UNIT ( ) );
#3784 = LINE ( 'NONE', #165, #1720 ) ;
#3785 = CARTESIAN_POINT ( 'NONE',  ( -103.0000000000000000, 19.99999999999999645, -60.00000000000001421 ) ) ;
#3786 = CARTESIAN_POINT ( 'NONE',  ( 1.626303258728256651E-15, 19.99999999999999645, -44.99999999999999289 ) ) ;
#3787 = ORIENTED_EDGE ( 'NONE', *, *, #1243, .T. ) ;
#3788 = CARTESIAN_POINT ( 'NONE',  ( 77.00000000000000000, 20.00000000000000355, -105.0000000000000284 ) ) ;
#3789 = EDGE_CURVE ( 'NONE', #4390, #4452, #688, .T. ) ;
#3790 = DIRECTION ( 'NONE',  ( 0.0000000000000000000, 0.0000000000000000000, 1.000000000000000000 ) ) ;
#3791 = ORIENTED_EDGE ( 'NONE', *, *, #893, .T. ) ;
#3792 = LINE ( 'NONE', #235, #1968 ) ;
#3793 = CARTESIAN_POINT ( 'NONE',  ( -114.4996757107301590, 19.99999999999997513, -105.5670341945058084 ) ) ;
#3794 = EDGE_CURVE ( 'NONE', #4945, #2773, #3657, .T. ) ;
#3795 = EDGE_CURVE ( 'NONE', #4458, #4073, #3964, .T. ) ;
#3796 = AXIS2_PLACEMENT_3D ( 'NONE', #2669, #1540, #722 ) ;
#3797 = FACE_OUTER_BOUND ( 'NONE', #377, .T. ) ;
#3798 = DIRECTION ( 'NONE',  ( -0.7071067811865450192, -7.883234265238051478E-17, 0.7071067811865500152 ) ) ;
#3799 = DIRECTION ( 'NONE',  ( 1.000000000000000000, 0.0000000000000000000, -1.665334536937735057E-16 ) ) ;
#3800 = DIRECTION ( 'NONE',  ( -5.551115123125782702E-17, -1.000000000000000000, 0.0000000000000000000 ) ) ;
#3801 = DIRECTION ( 'NONE',  ( 5.551115123125782702E-17, 1.000000000000000000, 3.081487911019577365E-33 ) ) ;
#3802 = FACE_OUTER_BOUND ( 'NONE', #154, .T. ) ;
#3803 = CARTESIAN_POINT ( 'NONE',  ( 175.0000000000000284, 20.00000000000001066, 99.99999999999997158 ) ) ;
#3804 = ADVANCED_FACE ( 'NONE', ( #4026 ), #4933, .F. ) ;
#3805 = AXIS2_PLACEMENT_3D ( 'NONE', #367, #1511, #4592 ) ;
#3806 = DIRECTION ( 'NONE',  ( 0.0000000000000000000, 0.0000000000000000000, -1.000000000000000000 ) ) ;
#3807 = CARTESIAN_POINT ( 'NONE',  ( -102.5000000000000000, 19.99999999999999645, 22.75000000000000711 ) ) ;
#3808 = DIRECTION ( 'NONE',  ( 0.0000000000000000000, 0.0000000000000000000, -1.000000000000000000 ) ) ;
#3809 = LINE ( 'NONE', #2225, #585 ) ;
#3810 = LINE ( 'NONE', #1006, #1141 ) ;
#3811 = PLANE ( 'NONE',  #713 ) ;
#3812 = CARTESIAN_POINT ( 'NONE',  ( 95.00000000000000000, 19.99999999999999645, 73.00000000000001421 ) ) ;
#3813 = VECTOR ( 'NONE', #891, 1000.000000000000000 ) ;
#3814 = CARTESIAN_POINT ( 'NONE',  ( -60.00000000000000000, 20.00000000000000355, -82.49999999999998579 ) ) ;
#3815 = CARTESIAN_POINT ( 'NONE',  ( -119.9999999999999716, 19.99999999999999645, 95.00000000000000000 ) ) ;
#3816 = EDGE_CURVE ( 'NONE', #2542, #482, #4993, .T. ) ;
#3817 = DIRECTION ( 'NONE',  ( 5.551115123125782702E-17, 1.000000000000000000, 0.0000000000000000000 ) ) ;
#3818 = DIRECTION ( 'NONE',  ( 5.551115123125782702E-17, 1.000000000000000000, 0.0000000000000000000 ) ) ;
#3819 = DIRECTION ( 'NONE',  ( 5.551115123125782702E-17, 1.000000000000000000, 0.0000000000000000000 ) ) ;
#3820 = ORIENTED_EDGE ( 'NONE', *, *, #357, .F. ) ;
#3821 = DIRECTION ( 'NONE',  ( -5.551115123125782702E-17, -6.162975822039154730E-33, -1.000000000000000000 ) ) ;
#3822 = VERTEX_POINT ( 'NONE', #3665 ) ;
#3823 = ORIENTED_EDGE ( 'NONE', *, *, #1300, .T. ) ;
#3824 = DIRECTION ( 'NONE',  ( 0.0000000000000000000, 0.0000000000000000000, 1.000000000000000000 ) ) ;
#3825 = EDGE_CURVE ( 'NONE', #1280, #851, #3008, .T. ) ;
#3826 = STYLED_ITEM ( 'NONE', ( #963 ), #2015 ) ;
#3827 = CARTESIAN_POINT ( 'NONE',  ( -90.00000000000000000, 35.00000000000000711, -89.99999999999998579 ) ) ;
#3828 = ADVANCED_FACE ( 'NONE', ( #2287 ), #4064, .F. ) ;
#3829 = FILL_AREA_STYLE ('',( #975 ) ) ;
#3830 = CIRCLE ( 'NONE', #3212, 2.999999999999988898 ) ;
#3831 = VERTEX_POINT ( 'NONE', #4788 ) ;
#3832 = VECTOR ( 'NONE', #894, 1000.000000000000000 ) ;
#3833 = CARTESIAN_POINT ( 'NONE',  ( -119.9999999999999716, 19.99999999999999645, 90.50000000000000000 ) ) ;
#3834 = AXIS2_PLACEMENT_3D ( 'NONE', #29, #3146, #480 ) ;
#3835 = ORIENTED_EDGE ( 'NONE', *, *, #1714, .F. ) ;
#3836 = DIRECTION ( 'NONE',  ( 5.551115123125782702E-17, 0.0000000000000000000, -1.000000000000000000 ) ) ;
#3837 = ORIENTED_EDGE ( 'NONE', *, *, #2771, .T. ) ;
#3838 =( GEOMETRIC_REPRESENTATION_CONTEXT ( 3 ) GLOBAL_UNCERTAINTY_ASSIGNED_CONTEXT ( ( #3520 ) ) GLOBAL_UNIT_ASSIGNED_CONTEXT ( ( #1457, #1068, #2302 ) ) REPRESENTATION_CONTEXT ( 'NONE', 'WORKASPACE' ) );
#3839 = LINE ( 'NONE', #2256, #1710 ) ;
#3840 = DIRECTION ( 'NONE',  ( 0.0000000000000000000, 0.0000000000000000000, 1.000000000000000000 ) ) ;
#3841 =( LENGTH_UNIT ( ) NAMED_UNIT ( * ) SI_UNIT ( .MILLI., .METRE. ) );
#3842 = ORIENTED_EDGE ( 'NONE', *, *, #3789, .F. ) ;
#3843 = EDGE_LOOP ( 'NONE', ( #553, #2822, #1780, #403 ) ) ;
#3844 = LINE ( 'NONE', #4809, #2149 ) ;
#3845 = CONICAL_SURFACE ( 'NONE', #3291, 2.500000000000002220, 1.029744258676652091 ) ;
#3846 = VECTOR ( 'NONE', #39, 1000.000000000000000 ) ;
#3847 = ORIENTED_EDGE ( 'NONE', *, *, #2592, .T. ) ;
#3848 = PRESENTATION_LAYER_ASSIGNMENT (  '', '', ( #40 ) ) ;
#3849 = ORIENTED_EDGE ( 'NONE', *, *, #706, .T. ) ;
#3850 = DIRECTION ( 'NONE',  ( 5.551115123125782702E-17, 1.000000000000000000, -0.0000000000000000000 ) ) ;
#3851 = FACE_OUTER_BOUND ( 'NONE', #4138, .T. ) ;
#3852 = EDGE_CURVE ( 'NONE', #1011, #4541, #565, .T. ) ;
#3853 = ORIENTED_EDGE ( 'NONE', *, *, #2989, .F. ) ;
#3854 = VERTEX_POINT ( 'NONE', #4412 ) ;
#3855 = DIRECTION ( 'NONE',  ( -1.000000000000000000, -5.551115123125782702E-17, -5.551115123125782702E-17 ) ) ;
#3856 = FACE_OUTER_BOUND ( 'NONE', #1364, .T. ) ;
#3857 = ORIENTED_EDGE ( 'NONE', *, *, #4344, .T. ) ;
#3858 = ADVANCED_FACE ( 'NONE', ( #862 ), #2123, .F. ) ;
#3859 = EDGE_LOOP ( 'NONE', ( #447, #2173, #3211, #1644 ) ) ;
#3860 =( LENGTH_UNIT ( ) NAMED_UNIT ( * ) SI_UNIT ( .MILLI., .METRE. ) );
#3861 = DIRECTION ( 'NONE',  ( -5.551115123125777155E-17, 0.0000000000000000000, 1.000000000000000000 ) ) ;
#3862 = DIRECTION ( 'NONE',  ( -5.551115123125782702E-17, -1.000000000000000000, 0.0000000000000000000 ) ) ;
#3863 = FACE_BOUND ( 'NONE', #53, .T. ) ;
#3864 = EDGE_CURVE ( 'NONE', #239, #1960, #3784, .T. ) ;
#3865 = AXIS2_PLACEMENT_3D ( 'NONE', #2067, #4021, #2109 ) ;
#3866 = VECTOR ( 'NONE', #1768, 1000.000000000000000 ) ;
#3867 = DIRECTION ( 'NONE',  ( 5.551115123125782702E-17, 0.0000000000000000000, -1.000000000000000000 ) ) ;
#3868 = DIRECTION ( 'NONE',  ( -5.551115123125782702E-17, -1.000000000000000000, 0.0000000000000000000 ) ) ;
#3869 = CARTESIAN_POINT ( 'NONE',  ( -77.00000000000001421, 35.00000000000000711, -60.00000000000001421 ) ) ;
#3870 = DIRECTION ( 'NONE',  ( 0.6616216370868464036, 1.110223024625156787E-16, 0.7498378553650925094 ) ) ;
#3871 = VECTOR ( 'NONE', #1794, 1000.000000000000000 ) ;
#3872 = STYLED_ITEM ( 'NONE', ( #632 ), #3447 ) ;
#3873 = CARTESIAN_POINT ( 'NONE',  ( 77.00000000000001421, 35.00000000000000000, -105.0000000000000426 ) ) ;
#3874 = EDGE_CURVE ( 'NONE', #865, #2193, #4568, .T. ) ;
#3875 = ADVANCED_FACE ( 'NONE', ( #1045 ), #4156, .F. ) ;
#3876 = EDGE_LOOP ( 'NONE', ( #1052, #4634 ) ) ;
#3877 = PRODUCT_DEFINITION_CONTEXT ( 'detailed design', #763, 'design' ) ;
#3878 = EDGE_LOOP ( 'NONE', ( #288, #3710, #2258, #1604, #3842, #4283, #3248, #568 ) ) ;
#3879 = CARTESIAN_POINT ( 'NONE',  ( 0.0000000000000000000, 0.0000000000000000000, 0.0000000000000000000 ) ) ;
#3880 = ORIENTED_EDGE ( 'NONE', *, *, #4437, .T. ) ;
#3881 = CARTESIAN_POINT ( 'NONE',  ( 95.00000000000000000, 34.99999999999999289, 70.00000000000000000 ) ) ;
#3882 = EDGE_CURVE ( 'NONE', #122, #1325, #4816, .T. ) ;
#3883 = DIRECTION ( 'NONE',  ( 1.000000000000000000, 0.0000000000000000000, -5.551115123125782702E-17 ) ) ;
#3884 = ORIENTED_EDGE ( 'NONE', *, *, #1355, .F. ) ;
#3885 = CARTESIAN_POINT ( 'NONE',  ( -75.00000000000000000, 35.00000000000000000, 62.00000000000001421 ) ) ;
#3886 = VERTEX_POINT ( 'NONE', #2496 ) ;
#3887 = DIRECTION ( 'NONE',  ( -1.899198719357591255E-17, 0.5150380749100562650, 0.8571673007021111124 ) ) ;
#3888 = ORIENTED_EDGE ( 'NONE', *, *, #1581, .T. ) ;
#3889 = EDGE_CURVE ( 'NONE', #3701, #4703, #2759, .T. ) ;
#3890 = ORIENTED_EDGE ( 'NONE', *, *, #1677, .F. ) ;
#3891 = DIRECTION ( 'NONE',  ( 5.551115123125782702E-17, 1.000000000000000000, 0.0000000000000000000 ) ) ;
#3892 = VERTEX_POINT ( 'NONE', #3682 ) ;
#3893 = UNCERTAINTY_MEASURE_WITH_UNIT (LENGTH_MEASURE( 1.000000000000000082E-05 ), #3841, 'distance_accuracy_value', 'NONE');
#3894 = EDGE_CURVE ( 'NONE', #173, #4550, #1407, .T. ) ;
#3895 = STYLED_ITEM ( 'NONE', ( #1304 ), #2652 ) ;
#3896 = DIRECTION ( 'NONE',  ( -5.551115123125782702E-17, -1.000000000000000000, 0.0000000000000000000 ) ) ;
#3897 = DIRECTION ( 'NONE',  ( 5.551115123125782702E-17, 1.000000000000000000, 0.0000000000000000000 ) ) ;
#3898 = VECTOR ( 'NONE', #770, 1000.000000000000000 ) ;
#3899 = VERTEX_POINT ( 'NONE', #1748 ) ;
#3900 = EDGE_LOOP ( 'NONE', ( #1835, #4790 ) ) ;
#3901 = VECTOR ( 'NONE', #2560, 1000.000000000000000 ) ;
#3902 = PLANE ( 'NONE',  #4203 ) ;
#3903 = COLOUR_RGB ( '',1.000000000000000000, 1.000000000000000000, 1.000000000000000000 ) ;
#3904 = AXIS2_PLACEMENT_3D ( 'NONE', #2386, #2772, #3540 ) ;
#3905 = ORIENTED_EDGE ( 'NONE', *, *, #1714, .T. ) ;
#3906 = ORIENTED_EDGE ( 'NONE', *, *, #3930, .F. ) ;
#3907 = VECTOR ( 'NONE', #1732, 1000.000000000000000 ) ;
#3908 = CARTESIAN_POINT ( 'NONE',  ( 76.99999999999998579, 34.99999999999999289, 60.00000000000000000 ) ) ;
#3909 = CARTESIAN_POINT ( 'NONE',  ( 90.00000000000000000, 19.99999999999999645, 95.09999999999999432 ) ) ;
#3910 = ORIENTED_EDGE ( 'NONE', *, *, #2390, .F. ) ;
#3911 = VERTEX_POINT ( 'NONE', #2908 ) ;
#3912 = CARTESIAN_POINT ( 'NONE',  ( -39.09746257676362546, -6.938893903907228378E-15, -188.0000000000000000 ) ) ;
#3913 = VECTOR ( 'NONE', #345, 1000.000000000000000 ) ;
#3914 =( GEOMETRIC_REPRESENTATION_CONTEXT ( 3 ) GLOBAL_UNCERTAINTY_ASSIGNED_CONTEXT ( ( #4478 ) ) GLOBAL_UNIT_ASSIGNED_CONTEXT ( ( #4648, #1549, #3475 ) ) REPRESENTATION_CONTEXT ( 'NONE', 'WORKASPACE' ) );
#3915 = CARTESIAN_POINT ( 'NONE',  ( -119.9999999999999716, 19.99999999999999645, 95.00000000000000000 ) ) ;
#3916 = ORIENTED_EDGE ( 'NONE', *, *, #1315, .F. ) ;
#3917 = EDGE_CURVE ( 'NONE', #1351, #4808, #132, .T. ) ;
#3918 = DIRECTION ( 'NONE',  ( 0.0000000000000000000, 0.0000000000000000000, -1.000000000000000000 ) ) ;
#3919 = LINE ( 'NONE', #94, #4293 ) ;
#3920 = CARTESIAN_POINT ( 'NONE',  ( 95.00000000000000000, 34.99999999999999289, 67.00000000000000000 ) ) ;
#3921 = VECTOR ( 'NONE', #1363, 1000.000000000000000 ) ;
#3922 = CARTESIAN_POINT ( 'NONE',  ( 59.99999999999998579, 20.00000000000000355, 99.99999999999997158 ) ) ;
#3923 = EDGE_CURVE ( 'NONE', #1961, #937, #3653, .T. ) ;
#3924 = STYLED_ITEM ( 'NONE', ( #3615 ), #1937 ) ;
#3925 = CARTESIAN_POINT ( 'NONE',  ( 155.0000000000000568, 19.99999999999998224, 29.99999999999994316 ) ) ;
#3926 = LINE ( 'NONE', #483, #2904 ) ;
#3927 = CARTESIAN_POINT ( 'NONE',  ( -60.00000000000000000, 20.00000000000000355, -77.99999999999998579 ) ) ;
#3928 = ADVANCED_FACE ( 'NONE', ( #4691 ), #2641, .F. ) ;
#3929 = DIRECTION ( 'NONE',  ( 5.551115123125782702E-17, 1.000000000000000000, 0.0000000000000000000 ) ) ;
#3930 = EDGE_CURVE ( 'NONE', #2462, #4229, #4812, .T. ) ;
#3931 =( GEOMETRIC_REPRESENTATION_CONTEXT ( 3 ) GLOBAL_UNCERTAINTY_ASSIGNED_CONTEXT ( ( #3161 ) ) GLOBAL_UNIT_ASSIGNED_CONTEXT ( ( #1827, #1897, #3090 ) ) REPRESENTATION_CONTEXT ( 'NONE', 'WORKASPACE' ) );
#3932 = VECTOR ( 'NONE', #170, 1000.000000000000000 ) ;
#3933 = DIRECTION ( 'NONE',  ( 5.551115123125782702E-17, 1.000000000000000000, 0.0000000000000000000 ) ) ;
#3934 = LINE ( 'NONE', #4183, #720 ) ;
#3935 = VECTOR ( 'NONE', #4779, 1000.000000000000000 ) ;
#3936 = CARTESIAN_POINT ( 'NONE',  ( 4.999999999999997335, 0.0000000000000000000, -39.99999999999999289 ) ) ;
#3937 = DIRECTION ( 'NONE',  ( 5.551115123125782702E-17, 1.000000000000000000, -0.0000000000000000000 ) ) ;
#3938 = CARTESIAN_POINT ( 'NONE',  ( -39.09746257676363257, 20.00000000000001066, -190.0000000000000000 ) ) ;
#3939 = DIRECTION ( 'NONE',  ( 5.551115123125782702E-17, 1.000000000000000000, 0.0000000000000000000 ) ) ;
#3940 = EDGE_CURVE ( 'NONE', #2773, #1294, #1601, .T. ) ;
#3941 = SURFACE_SIDE_STYLE ('',( #3022 ) ) ;
#3942 = ORIENTED_EDGE ( 'NONE', *, *, #3852, .T. ) ;
#3943 = LINE ( 'NONE', #1848, #4740 ) ;
#3944 = DIRECTION ( 'NONE',  ( 0.7071067811865471286, 5.166554335445688186E-17, -0.7071067811865479058 ) ) ;
#3945 = CARTESIAN_POINT ( 'NONE',  ( -114.9999999999999858, 19.99999999999998579, -9.999999999999991118 ) ) ;
#3946 = ORIENTED_EDGE ( 'NONE', *, *, #4500, .F. ) ;
#3947 = VECTOR ( 'NONE', #4751, 1000.000000000000000 ) ;
#3948 = ADVANCED_FACE ( 'NONE', ( #3777 ), #1276, .T. ) ;
#3949 = VECTOR ( 'NONE', #3313, 1000.000000000000000 ) ;
#3950 = SURFACE_STYLE_USAGE ( .BOTH. , #3973 ) ;
#3951 = VERTEX_POINT ( 'NONE', #2575 ) ;
#3952 = UNCERTAINTY_MEASURE_WITH_UNIT (LENGTH_MEASURE( 1.000000000000000082E-05 ), #4393, 'distance_accuracy_value', 'NONE');
#3953 = CARTESIAN_POINT ( 'NONE',  ( 95.00000000000001421, 19.99999999999999645, 70.00000000000000000 ) ) ;
#3954 = LINE ( 'NONE', #972, #617 ) ;
#3955 = CARTESIAN_POINT ( 'NONE',  ( -104.9999999999999716, 19.99999999999999645, 102.9999999999999858 ) ) ;
#3956 = VECTOR ( 'NONE', #1426, 1000.000000000000000 ) ;
#3957 = EDGE_CURVE ( 'NONE', #4115, #3537, #1957, .T. ) ;
#3958 = ORIENTED_EDGE ( 'NONE', *, *, #5017, .T. ) ;
#3959 = AXIS2_PLACEMENT_3D ( 'NONE', #1575, #93, #72 ) ;
#3960 = DIRECTION ( 'NONE',  ( 0.0000000000000000000, 0.0000000000000000000, 1.000000000000000000 ) ) ;
#3961 = CARTESIAN_POINT ( 'NONE',  ( -55.00000000000000000, 19.99999999999999645, -6.938893903907228378E-15 ) ) ;
#3962 = CIRCLE ( 'NONE', #1789, 2.499999999999995115 ) ;
#3963 = VECTOR ( 'NONE', #2964, 1000.000000000000227 ) ;
#3964 = CIRCLE ( 'NONE', #3635, 7.500000000000007105 ) ;
#3965 = VERTEX_POINT ( 'NONE', #2598 ) ;
#3966 = ORIENTED_EDGE ( 'NONE', *, *, #3759, .F. ) ;
#3967 = AXIS2_PLACEMENT_3D ( 'NONE', #4091, #1754, #2547 ) ;
#3968 = DIRECTION ( 'NONE',  ( 2.775557561562891351E-16, 0.0000000000000000000, 1.000000000000000000 ) ) ;
#3969 = CYLINDRICAL_SURFACE ( 'NONE', #232, 3.000000000000002665 ) ;
#3970 = ORIENTED_EDGE ( 'NONE', *, *, #1858, .F. ) ;
#3971 = AXIS2_PLACEMENT_3D ( 'NONE', #3421, #1085, #3806 ) ;
#3972 = ORIENTED_EDGE ( 'NONE', *, *, #4292, .F. ) ;
#3973 = SURFACE_SIDE_STYLE ('',( #4010 ) ) ;
#3974 = CARTESIAN_POINT ( 'NONE',  ( -45.00000000000003553, 5.000000000000000888, -55.00000000000002132 ) ) ;
#3975 = ORIENTED_EDGE ( 'NONE', *, *, #394, .F. ) ;
#3976 = VERTEX_POINT ( 'NONE', #4185 ) ;
#3977 = SURFACE_SIDE_STYLE ('',( #1009 ) ) ;
#3978 = AXIS2_PLACEMENT_3D ( 'NONE', #2143, #3715, #221 ) ;
#3979 = CARTESIAN_POINT ( 'NONE',  ( 89.99999999999998579, 0.0000000000000000000, -90.00000000000000000 ) ) ;
#3980 = ORIENTED_EDGE ( 'NONE', *, *, #2059, .T. ) ;
#3981 = EDGE_CURVE ( 'NONE', #411, #3911, #4441, .T. ) ;
#3982 = VECTOR ( 'NONE', #630, 1000.000000000000000 ) ;
#3983 = CARTESIAN_POINT ( 'NONE',  ( 49.99999999999998579, -3.469446951953614189E-15, -4.999999999999997335 ) ) ;
#3984 = VERTEX_POINT ( 'NONE', #4901 ) ;
#3985 = CARTESIAN_POINT ( 'NONE',  ( 165.0000000000000000, 20.00000000000001066, 29.99999999999994316 ) ) ;
#3986 = VECTOR ( 'NONE', #4959, 1000.000000000000000 ) ;
#3987 =( NAMED_UNIT ( * ) PLANE_ANGLE_UNIT ( ) SI_UNIT ( $, .RADIAN. ) );
#3988 = DIRECTION ( 'NONE',  ( -5.551115123125782702E-17, -1.000000000000000000, 0.0000000000000000000 ) ) ;
#3989 = LINE ( 'NONE', #3873, #4471 ) ;
#3990 = CARTESIAN_POINT ( 'NONE',  ( 40.59713828749376319, 20.00000000000000355, -189.3232432741737057 ) ) ;
#3991 = EDGE_CURVE ( 'NONE', #396, #1824, #3420, .T. ) ;
#3992 =( GEOMETRIC_REPRESENTATION_CONTEXT ( 3 ) GLOBAL_UNCERTAINTY_ASSIGNED_CONTEXT ( ( #875 ) ) GLOBAL_UNIT_ASSIGNED_CONTEXT ( ( #2347, #3544, #3170 ) ) REPRESENTATION_CONTEXT ( 'NONE', 'WORKASPACE' ) );
#3993 = VECTOR ( 'NONE', #2453, 1000.000000000000000 ) ;
#3994 = DIRECTION ( 'NONE',  ( 5.551115123125782702E-17, 1.000000000000000000, 0.0000000000000000000 ) ) ;
#3995 =( GEOMETRIC_REPRESENTATION_CONTEXT ( 3 ) GLOBAL_UNCERTAINTY_ASSIGNED_CONTEXT ( ( #3220 ) ) GLOBAL_UNIT_ASSIGNED_CONTEXT ( ( #4843, #615, #957 ) ) REPRESENTATION_CONTEXT ( 'NONE', 'WORKASPACE' ) );
#3996 =( GEOMETRIC_REPRESENTATION_CONTEXT ( 3 ) GLOBAL_UNCERTAINTY_ASSIGNED_CONTEXT ( ( #2158 ) ) GLOBAL_UNIT_ASSIGNED_CONTEXT ( ( #1632, #831, #69 ) ) REPRESENTATION_CONTEXT ( 'NONE', 'WORKASPACE' ) );
#3997 = CIRCLE ( 'NONE', #117, 3.400000000000000355 ) ;
#3998 = DIRECTION ( 'NONE',  ( 5.551115123125782702E-17, 1.000000000000000000, 5.551115123125782702E-17 ) ) ;
#3999 = DIRECTION ( 'NONE',  ( 1.665334536937735304E-16, 0.0000000000000000000, 1.000000000000000000 ) ) ;
#4000 = ORIENTED_EDGE ( 'NONE', *, *, #1637, .T. ) ;
#4001 = CARTESIAN_POINT ( 'NONE',  ( 102.9999999999999716, 19.99999999999998224, 105.0000000000000142 ) ) ;
#4002 = DIRECTION ( 'NONE',  ( 0.7071067811865474617, 0.0000000000000000000, 0.7071067811865474617 ) ) ;
#4003 = CARTESIAN_POINT ( 'NONE',  ( 44.99999999999997868, 20.00000000000000000, -95.00000000000002842 ) ) ;
#4004 = ORIENTED_EDGE ( 'NONE', *, *, #4165, .F. ) ;
#4005 = ORIENTED_EDGE ( 'NONE', *, *, #531, .T. ) ;
#4006 = ADVANCED_FACE ( 'NONE', ( #4926 ), #2344, .F. ) ;
#4007 = EDGE_LOOP ( 'NONE', ( #4423, #4329, #3113, #1244 ) ) ;
#4008 = EDGE_CURVE ( 'NONE', #629, #3899, #2210, .T. ) ;
#4009 = DIRECTION ( 'NONE',  ( 0.0000000000000000000, 0.0000000000000000000, 1.000000000000000000 ) ) ;
#4010 = SURFACE_STYLE_FILL_AREA ( #488 ) ;
#4011 = CIRCLE ( 'NONE', #3175, 5.099999999999993427 ) ;
#4012 = VERTEX_POINT ( 'NONE', #4474 ) ;
#4013 = ORIENTED_EDGE ( 'NONE', *, *, #3882, .T. ) ;
#4014 = VECTOR ( 'NONE', #3091, 1000.000000000000000 ) ;
#4015 = LINE ( 'NONE', #1126, #3593 ) ;
#4016 = VERTEX_POINT ( 'NONE', #607 ) ;
#4017 = EDGE_LOOP ( 'NONE', ( #2779, #1965, #866, #200 ) ) ;
#4018 = EDGE_CURVE ( 'NONE', #3124, #663, #2011, .T. ) ;
#4019 = FACE_OUTER_BOUND ( 'NONE', #552, .T. ) ;
#4020 = FACE_OUTER_BOUND ( 'NONE', #556, .T. ) ;
#4021 = DIRECTION ( 'NONE',  ( 5.551115123125782702E-17, 1.000000000000000000, 0.0000000000000000000 ) ) ;
#4022 = CARTESIAN_POINT ( 'NONE',  ( -49.99999999999996447, 19.99999999999999289, 100.0000000000000000 ) ) ;
#4023 = CARTESIAN_POINT ( 'NONE',  ( -105.0000000000000000, 19.99999999999999645, 62.00000000000000000 ) ) ;
#4024 = EDGE_LOOP ( 'NONE', ( #938, #3486, #310, #877, #3415, #926, #1167, #4286 ) ) ;
#4025 = DIRECTION ( 'NONE',  ( 5.551115123125782702E-17, 1.000000000000000000, 0.0000000000000000000 ) ) ;
#4026 = FACE_OUTER_BOUND ( 'NONE', #352, .T. ) ;
#4027 = EDGE_CURVE ( 'NONE', #3177, #4095, #4215, .T. ) ;
#4028 = CARTESIAN_POINT ( 'NONE',  ( 104.9999999999999858, 35.00000000000000000, -103.0000000000000426 ) ) ;
#4029 = AXIS2_PLACEMENT_3D ( 'NONE', #1283, #4402, #2076 ) ;
#4030 =( NAMED_UNIT ( * ) SI_UNIT ( $, .STERADIAN. ) SOLID_ANGLE_UNIT ( ) );
#4031 = ORIENTED_EDGE ( 'NONE', *, *, #242, .F. ) ;
#4032 = CARTESIAN_POINT ( 'NONE',  ( 105.0000000000000000, 20.00000000000000711, -103.0000000000000426 ) ) ;
#4033 = CARTESIAN_POINT ( 'NONE',  ( 105.0000000000000000, 20.00000000000000711, -62.00000000000000711 ) ) ;
#4034 = ORIENTED_EDGE ( 'NONE', *, *, #2239, .T. ) ;
#4035 = VECTOR ( 'NONE', #2645, 1000.000000000000000 ) ;
#4036 = ORIENTED_EDGE ( 'NONE', *, *, #2849, .F. ) ;
#4037 = VERTEX_POINT ( 'NONE', #3738 ) ;
#4038 = DIRECTION ( 'NONE',  ( 0.7071067811865471286, -9.244463733058732095E-33, 0.7071067811865479058 ) ) ;
#4039 = ADVANCED_FACE ( 'NONE', ( #4499 ), #3749, .F. ) ;
#4040 = VECTOR ( 'NONE', #3371, 1000.000000000000000 ) ;
#4041 = ORIENTED_EDGE ( 'NONE', *, *, #758, .T. ) ;
#4042 = FILL_AREA_STYLE ('',( #3638 ) ) ;
#4043 = DIRECTION ( 'NONE',  ( 1.000000000000000000, 0.0000000000000000000, -5.551115123125782702E-17 ) ) ;
#4044 =( NAMED_UNIT ( * ) PLANE_ANGLE_UNIT ( ) SI_UNIT ( $, .RADIAN. ) );
#4045 = LINE ( 'NONE', #2736, #2366 ) ;
#4046 = FILL_AREA_STYLE_COLOUR ( '', #3903 ) ;
#4047 = EDGE_CURVE ( 'NONE', #4095, #3177, #259, .T. ) ;
#4048 = CARTESIAN_POINT ( 'NONE',  ( 104.9999999999999574, 35.00000000000000711, 61.99999999999998579 ) ) ;
#4049 = LINE ( 'NONE', #2906, #4178 ) ;
#4050 = DIRECTION ( 'NONE',  ( 5.551115123125782702E-17, 1.000000000000000000, 0.0000000000000000000 ) ) ;
#4051 = ORIENTED_EDGE ( 'NONE', *, *, #4672, .F. ) ;
#4052 = DIRECTION ( 'NONE',  ( 1.000000000000000000, 0.0000000000000000000, -1.665334536937735057E-16 ) ) ;
#4053 = SURFACE_STYLE_FILL_AREA ( #2796 ) ;
#4054 = FILL_AREA_STYLE ('',( #2850 ) ) ;
#4055 = SURFACE_STYLE_USAGE ( .BOTH. , #243 ) ;
#4056 = DIRECTION ( 'NONE',  ( 0.0000000000000000000, 0.0000000000000000000, -1.000000000000000000 ) ) ;
#4057 = EDGE_CURVE ( 'NONE', #4550, #3437, #3368, .T. ) ;
#4058 = FACE_OUTER_BOUND ( 'NONE', #1291, .T. ) ;
#4059 = UNCERTAINTY_MEASURE_WITH_UNIT (LENGTH_MEASURE( 1.000000000000000082E-05 ), #1731, 'distance_accuracy_value', 'NONE');
#4060 = CIRCLE ( 'NONE', #3227, 7.500000000000007105 ) ;
#4061 = FACE_OUTER_BOUND ( 'NONE', #2832, .T. ) ;
#4062 = DIRECTION ( 'NONE',  ( 0.0000000000000000000, 0.0000000000000000000, 1.000000000000000000 ) ) ;
#4063 = EDGE_CURVE ( 'NONE', #1844, #174, #4554, .T. ) ;
#4064 = PLANE ( 'NONE',  #4243 ) ;
#4065 = EDGE_CURVE ( 'NONE', #663, #629, #2572, .T. ) ;
#4066 = AXIS2_PLACEMENT_3D ( 'NONE', #453, #3176, #434 ) ;
#4067 = VECTOR ( 'NONE', #3337, 1000.000000000000000 ) ;
#4068 = VECTOR ( 'NONE', #2153, 1000.000000000000000 ) ;
#4069 = CARTESIAN_POINT ( 'NONE',  ( -75.00000000000000000, 34.99999999999999289, 102.9999999999999858 ) ) ;
#4070 = ADVANCED_FACE ( 'NONE', ( #4496 ), #4983, .F. ) ;
#4071 = DIRECTION ( 'NONE',  ( 5.551115123125782702E-17, 1.000000000000000000, 0.0000000000000000000 ) ) ;
#4072 = CARTESIAN_POINT ( 'NONE',  ( 2.949029909160572061E-14, 35.00000000000000000, 1.387778780781445676E-14 ) ) ;
#4073 = VERTEX_POINT ( 'NONE', #4121 ) ;
#4074 = ORIENTED_EDGE ( 'NONE', *, *, #1210, .F. ) ;
#4075 = CARTESIAN_POINT ( 'NONE',  ( -89.99999999999997158, 19.99999999999998934, 95.09999999999999432 ) ) ;
#4076 = ORIENTED_EDGE ( 'NONE', *, *, #4369, .F. ) ;
#4077 = EDGE_LOOP ( 'NONE', ( #304, #3966, #1390, #3659 ) ) ;
#4078 = CARTESIAN_POINT ( 'NONE',  ( -45.00000000000002842, 20.00000000000000355, -95.00000000000001421 ) ) ;
#4079 = SURFACE_STYLE_FILL_AREA ( #3748 ) ;
#4080 = CARTESIAN_POINT ( 'NONE',  ( -45.00000000000003553, 20.00000000000000711, -55.00000000000002132 ) ) ;
#4081 = ORIENTED_EDGE ( 'NONE', *, *, #4822, .F. ) ;
#4082 = FILL_AREA_STYLE ('',( #4046 ) ) ;
#4083 = STYLED_ITEM ( 'NONE', ( #1391 ), #4896 ) ;
#4084 = DIRECTION ( 'NONE',  ( 0.0000000000000000000, 0.0000000000000000000, 1.000000000000000000 ) ) ;
#4085 = VECTOR ( 'NONE', #4419, 1000.000000000000000 ) ;
#4086 = DIRECTION ( 'NONE',  ( 5.551115123125782702E-17, 5.551115123125782702E-17, -1.000000000000000000 ) ) ;
#4087 = ORIENTED_EDGE ( 'NONE', *, *, #674, .T. ) ;
#4088 =( LENGTH_UNIT ( ) NAMED_UNIT ( * ) SI_UNIT ( .MILLI., .METRE. ) );
#4089 = EDGE_CURVE ( 'NONE', #1058, #4037, #1893, .T. ) ;
#4090 = EDGE_LOOP ( 'NONE', ( #4930, #3456 ) ) ;
#4091 = CARTESIAN_POINT ( 'NONE',  ( 104.9999999999999858, 35.00000000000000000, -62.00000000000002132 ) ) ;
#4092 = CARTESIAN_POINT ( 'NONE',  ( -105.0000000000000142, 19.99999999999999645, -62.00000000000001421 ) ) ;
#4093 = DIRECTION ( 'NONE',  ( 0.0000000000000000000, 0.0000000000000000000, -1.000000000000000000 ) ) ;
#4094 = VECTOR ( 'NONE', #1764, 1000.000000000000000 ) ;
#4095 = VERTEX_POINT ( 'NONE', #3413 ) ;
#4096 = ORIENTED_EDGE ( 'NONE', *, *, #79, .T. ) ;
#4097 = LINE ( 'NONE', #3281, #2016 ) ;
#4098 = EDGE_CURVE ( 'NONE', #4688, #3546, #1269, .T. ) ;
#4099 = EDGE_LOOP ( 'NONE', ( #4379, #1595 ) ) ;
#4100 = EDGE_LOOP ( 'NONE', ( #2659, #4610, #2583, #3553 ) ) ;
#4101 = STYLED_ITEM ( 'NONE', ( #910 ), #1915 ) ;
#4102 = SURFACE_STYLE_USAGE ( .BOTH. , #3736 ) ;
#4103 = FILL_AREA_STYLE ('',( #4772 ) ) ;
#4104 = FACE_OUTER_BOUND ( 'NONE', #3369, .T. ) ;
#4105 = DIRECTION ( 'NONE',  ( -5.551115123125782702E-17, -1.000000000000000000, 0.0000000000000000000 ) ) ;
#4106 = DIRECTION ( 'NONE',  ( 0.0000000000000000000, 0.0000000000000000000, 1.000000000000000000 ) ) ;
#4107 = EDGE_LOOP ( 'NONE', ( #50, #492, #4870, #4492 ) ) ;
#4108 = CARTESIAN_POINT ( 'NONE',  ( -174.9999999999999716, 20.00000000000000711, 40.00000000000000711 ) ) ;
#4109 = AXIS2_PLACEMENT_3D ( 'NONE', #3827, #3196, #3960 ) ;
#4110 = FILL_AREA_STYLE_COLOUR ( '', #812 ) ;
#4111 = STYLED_ITEM ( 'NONE', ( #4950 ), #2974 ) ;
#4112 = LINE ( 'NONE', #4792, #1414 ) ;
#4113 = DIRECTION ( 'NONE',  ( 1.000000000000000000, 5.551115123125782702E-17, -5.551115123125782702E-17 ) ) ;
#4114 = CARTESIAN_POINT ( 'NONE',  ( -75.00000000000001421, 20.00000000000000355, -62.00000000000001421 ) ) ;
#4115 = VERTEX_POINT ( 'NONE', #4631 ) ;
#4116 = AXIS2_PLACEMENT_3D ( 'NONE', #2971, #634, #1836 ) ;
#4117 = LINE ( 'NONE', #4449, #4585 ) ;
#4118 = DIRECTION ( 'NONE',  ( -5.551115123125782702E-17, -1.000000000000000000, 0.0000000000000000000 ) ) ;
#4119 = ORIENTED_EDGE ( 'NONE', *, *, #3021, .F. ) ;
#4120 =( NAMED_UNIT ( * ) SI_UNIT ( $, .STERADIAN. ) SOLID_ANGLE_UNIT ( ) );
#4121 = CARTESIAN_POINT ( 'NONE',  ( 7.632783294298065600E-16, 6.938893903907228378E-15, -142.5000000000000000 ) ) ;
#4122 = EDGE_CURVE ( 'NONE', #739, #3177, #2012, .T. ) ;
#4123 = CIRCLE ( 'NONE', #4780, 2.500000000000002220 ) ;
#4124 = DIRECTION ( 'NONE',  ( 0.7071067811865474617, -5.551115123125783935E-17, 0.7071067811865475727 ) ) ;
#4125 = EDGE_LOOP ( 'NONE', ( #272, #1895 ) ) ;
#4126 = CARTESIAN_POINT ( 'NONE',  ( -90.00000000000000000, 35.00000000000000711, -95.09999999999998010 ) ) ;
#4127 = LINE ( 'NONE', #3643, #3099 ) ;
#4128 = UNCERTAINTY_MEASURE_WITH_UNIT (LENGTH_MEASURE( 1.000000000000000082E-05 ), #131, 'distance_accuracy_value', 'NONE');
#4129 = FILL_AREA_STYLE_COLOUR ( '', #4311 ) ;
#4130 = DIRECTION ( 'NONE',  ( 0.0000000000000000000, 0.0000000000000000000, 1.000000000000000000 ) ) ;
#4131 = COLOUR_RGB ( '',1.000000000000000000, 1.000000000000000000, 1.000000000000000000 ) ;
#4132 = LINE ( 'NONE', #4820, #3757 ) ;
#4133 = DIRECTION ( 'NONE',  ( 1.665334536937735304E-16, 0.0000000000000000000, 1.000000000000000000 ) ) ;
#4134 = FILL_AREA_STYLE_COLOUR ( '', #1330 ) ;
#4135 = CARTESIAN_POINT ( 'NONE',  ( -75.00000000000000000, 19.99999999999999289, 62.00000000000001421 ) ) ;
#4136 = EDGE_CURVE ( 'NONE', #1715, #2025, #3654, .T. ) ;
#4137 = STYLED_ITEM ( 'NONE', ( #3142 ), #3087 ) ;
#4138 = EDGE_LOOP ( 'NONE', ( #753, #1958, #3314 ) ) ;
#4139 = DIRECTION ( 'NONE',  ( -5.551115123125782702E-17, -1.000000000000000000, 0.0000000000000000000 ) ) ;
#4140 = DIRECTION ( 'NONE',  ( -5.551115123125782702E-17, 0.0000000000000000000, 1.000000000000000000 ) ) ;
#4141 = CARTESIAN_POINT ( 'NONE',  ( -105.0000000000000142, 34.99999999999999289, -62.00000000000000000 ) ) ;
#4142 = AXIS2_PLACEMENT_3D ( 'NONE', #2368, #3108, #769 ) ;
#4143 = ORIENTED_EDGE ( 'NONE', *, *, #4313, .T. ) ;
#4144 = ORIENTED_EDGE ( 'NONE', *, *, #4089, .T. ) ;
#4145 = ADVANCED_FACE ( 'NONE', ( #3294, #2006 ), #5021, .F. ) ;
#4146 = VECTOR ( 'NONE', #2018, 1000.000000000000000 ) ;
#4147 = ORIENTED_EDGE ( 'NONE', *, *, #2673, .F. ) ;
#4148 = EDGE_CURVE ( 'NONE', #2710, #429, #1336, .T. ) ;
#4149 = FILL_AREA_STYLE ('',( #4899 ) ) ;
#4150 = CARTESIAN_POINT ( 'NONE',  ( 89.99999999999998579, 35.00000000000000000, -90.00000000000001421 ) ) ;
#4151 = LINE ( 'NONE', #3040, #795 ) ;
#4152 = ORIENTED_EDGE ( 'NONE', *, *, #23, .T. ) ;
#4153 = ORIENTED_EDGE ( 'NONE', *, *, #2318, .T. ) ;
#4155 = VECTOR ( 'NONE', #2200, 1000.000000000000000 ) ;
#4154 = CARTESIAN_POINT ( 'NONE',  ( -102.5000000000000142, 0.0000000000000000000, 22.75000000000000711 ) ) ;
#4156 = CONICAL_SURFACE ( 'NONE', #4395, 2.499999999999995115, 1.029744258676652091 ) ;
#4157 = DIRECTION ( 'NONE',  ( -0.7071067811865475727, -4.024158810645018149E-18, 0.7071067811865474617 ) ) ;
#4158 = CARTESIAN_POINT ( 'NONE',  ( 102.4999999999999858, 19.99999999999999645, 19.35000000000000497 ) ) ;
#4159 = VERTEX_POINT ( 'NONE', #1477 ) ;
#4160 = VERTEX_POINT ( 'NONE', #1150 ) ;
#4161 = CYLINDRICAL_SURFACE ( 'NONE', #4656, 30.00000000000000355 ) ;
#4162 = EDGE_LOOP ( 'NONE', ( #4318, #66, #1092, #4193, #144, #3958, #4217, #4689, #1821, #2561, #797, #3017, #1185, #2568, #1905, #4317, #3666, #2137, #4400, #4633, #2451, #3542, #1473, #3489, #4936, #2840, #2856, #2609, #3946, #992, #2514, #786, #3853, #1707, #584, #513, #942 ) ) ;
#4163 = ORIENTED_EDGE ( 'NONE', *, *, #4699, .T. ) ;
#4164 = LINE ( 'NONE', #4605, #2591 ) ;
#4165 = EDGE_CURVE ( 'NONE', #4945, #307, #1603, .T. ) ;
#4166 =( GEOMETRIC_REPRESENTATION_CONTEXT ( 3 ) GLOBAL_UNCERTAINTY_ASSIGNED_CONTEXT ( ( #1394 ) ) GLOBAL_UNIT_ASSIGNED_CONTEXT ( ( #4620, #3084, #1871 ) ) REPRESENTATION_CONTEXT ( 'NONE', 'WORKASPACE' ) );
#4167 = ORIENTED_EDGE ( 'NONE', *, *, #1506, .T. ) ;
#4168 = CARTESIAN_POINT ( 'NONE',  ( 102.4999999999999858, 19.99999999999999645, 22.75000000000000711 ) ) ;
#4169 = VERTEX_POINT ( 'NONE', #2299 ) ;
#4170 =( NAMED_UNIT ( * ) SI_UNIT ( $, .STERADIAN. ) SOLID_ANGLE_UNIT ( ) );
#4171 = DIRECTION ( 'NONE',  ( -5.551115123125782702E-17, -1.000000000000000000, 0.0000000000000000000 ) ) ;
#4172 = FILL_AREA_STYLE_COLOUR ( '', #3332 ) ;
#4173 = EDGE_LOOP ( 'NONE', ( #804, #2085, #2033, #4213 ) ) ;
#4174 = ADVANCED_FACE ( 'NONE', ( #3182 ), #562, .F. ) ;
#4175 = AXIS2_PLACEMENT_3D ( 'NONE', #3915, #4355, #4727 ) ;
#4176 = DIRECTION ( 'NONE',  ( 5.551115123125782702E-17, 1.000000000000000000, 0.0000000000000000000 ) ) ;
#4177 = CARTESIAN_POINT ( 'NONE',  ( 90.00000000000000000, 35.00000000000000000, 90.00000000000000000 ) ) ;
#4178 = VECTOR ( 'NONE', #2482, 1000.000000000000000 ) ;
#4179 = CIRCLE ( 'NONE', #4451, 4.500000000000003553 ) ;
#4180 = VECTOR ( 'NONE', #2023, 1000.000000000000000 ) ;
#4181 = AXIS2_PLACEMENT_3D ( 'NONE', #4473, #1747, #2163 ) ;
#4182 = VECTOR ( 'NONE', #1341, 1000.000000000000000 ) ;
#4183 = CARTESIAN_POINT ( 'NONE',  ( -114.9999999999999858, 19.99999999999998224, -104.2437909203321027 ) ) ;
#4184 = CARTESIAN_POINT ( 'NONE',  ( -164.9999999999999432, 20.00000000000000355, 30.00000000000001421 ) ) ;
#4185 = CARTESIAN_POINT ( 'NONE',  ( 54.99999999999999289, -3.469446951953614189E-15, 0.0000000000000000000 ) ) ;
#4186 = EDGE_CURVE ( 'NONE', #1736, #3965, #2642, .T. ) ;
#4187 = CARTESIAN_POINT ( 'NONE',  ( 165.0000000000000000, 19.99999999999998224, 99.99999999999994316 ) ) ;
#4188 = FACE_BOUND ( 'NONE', #390, .T. ) ;
#4189 = CARTESIAN_POINT ( 'NONE',  ( 102.9999999999999716, 34.99999999999999289, 59.99999999999998579 ) ) ;
#4190 = PLANE ( 'NONE',  #1460 ) ;
#4191 = CARTESIAN_POINT ( 'NONE',  ( -95.00000000000001421, 19.99999999999999645, -70.00000000000001421 ) ) ;
#4192 = FACE_BOUND ( 'NONE', #4639, .T. ) ;
#4193 = ORIENTED_EDGE ( 'NONE', *, *, #1159, .F. ) ;
#4194 = EDGE_CURVE ( 'NONE', #968, #4016, #439, .T. ) ;
#4195 = PRESENTATION_LAYER_ASSIGNMENT (  '', '', ( #3924 ) ) ;
#4196 = CARTESIAN_POINT ( 'NONE',  ( 104.9999999999999574, 34.99999999999999289, 102.9999999999999858 ) ) ;
#4197 = ORIENTED_EDGE ( 'NONE', *, *, #422, .F. ) ;
#4198 = ADVANCED_FACE ( 'NONE', ( #2135 ), #2521, .F. ) ;
#4199 = ORIENTED_EDGE ( 'NONE', *, *, #2532, .F. ) ;
#4200 = DIRECTION ( 'NONE',  ( -5.551115123125782702E-17, -1.000000000000000000, 0.0000000000000000000 ) ) ;
#4201 = CARTESIAN_POINT ( 'NONE',  ( -174.9999999999999716, 20.00000000000000711, 40.00000000000000711 ) ) ;
#4202 = VERTEX_POINT ( 'NONE', #778 ) ;
#4203 = AXIS2_PLACEMENT_3D ( 'NONE', #825, #3944, #2728 ) ;
#4204 = DIRECTION ( 'NONE',  ( 0.0000000000000000000, 0.0000000000000000000, -1.000000000000000000 ) ) ;
#4205 = CIRCLE ( 'NONE', #3978, 4.500000000000003553 ) ;
#4206 = DIRECTION ( 'NONE',  ( 0.0000000000000000000, 0.0000000000000000000, -1.000000000000000000 ) ) ;
#4207 = EDGE_LOOP ( 'NONE', ( #2522, #175 ) ) ;
#4208 = DIRECTION ( 'NONE',  ( 5.551115123125782702E-17, 1.000000000000000000, 0.0000000000000000000 ) ) ;
#4209 = DIRECTION ( 'NONE',  ( 5.551115123125782702E-17, 1.000000000000000000, 0.0000000000000000000 ) ) ;
#4210 = VECTOR ( 'NONE', #3704, 1000.000000000000000 ) ;
#4211 = FACE_OUTER_BOUND ( 'NONE', #4924, .T. ) ;
#4212 = CARTESIAN_POINT ( 'NONE',  ( 60.00000000000000711, 0.0000000000000000000, -82.49999999999998579 ) ) ;
#4213 = ORIENTED_EDGE ( 'NONE', *, *, #1449, .T. ) ;
#4214 = DIRECTION ( 'NONE',  ( 5.551115123125782702E-17, 1.000000000000000000, -0.0000000000000000000 ) ) ;
#4215 = CIRCLE ( 'NONE', #3010, 2.499999999999988454 ) ;
#4216 = LINE ( 'NONE', #4891, #2397 ) ;
#4217 = ORIENTED_EDGE ( 'NONE', *, *, #2497, .F. ) ;
#4218 = EDGE_CURVE ( 'NONE', #4703, #2739, #1098, .T. ) ;
#4219 = ORIENTED_EDGE ( 'NONE', *, *, #832, .F. ) ;
#4220 = LINE ( 'NONE', #3123, #1898 ) ;
#4221 = CARTESIAN_POINT ( 'NONE',  ( 119.9999999999999716, -6.938893903907228378E-15, 95.00000000000000000 ) ) ;
#4222 = ORIENTED_EDGE ( 'NONE', *, *, #3221, .F. ) ;
#4223 = EDGE_LOOP ( 'NONE', ( #3538, #1173, #4081, #1658 ) ) ;
#4224 = ADVANCED_FACE ( 'NONE', ( #4328 ), #18, .F. ) ;
#4225 = ORIENTED_EDGE ( 'NONE', *, *, #1637, .F. ) ;
#4226 = ORIENTED_EDGE ( 'NONE', *, *, #220, .T. ) ;
#4227 = DIRECTION ( 'NONE',  ( 0.0000000000000000000, 0.0000000000000000000, 1.000000000000000000 ) ) ;
#4228 = CIRCLE ( 'NONE', #3102, 5.099999999999993427 ) ;
#4229 = VERTEX_POINT ( 'NONE', #958 ) ;
#4230 = EDGE_CURVE ( 'NONE', #759, #3093, #2283, .T. ) ;
#4231 = AXIS2_PLACEMENT_3D ( 'NONE', #1971, #2004, #819 ) ;
#4232 = VECTOR ( 'NONE', #2891, 1000.000000000000000 ) ;
#4233 = DIRECTION ( 'NONE',  ( 0.0000000000000000000, 0.0000000000000000000, 1.000000000000000000 ) ) ;
#4234 = DIRECTION ( 'NONE',  ( 0.0000000000000000000, 0.0000000000000000000, 1.000000000000000000 ) ) ;
#4235 = DIRECTION ( 'NONE',  ( 5.551115123125782702E-17, 1.000000000000000000, 0.0000000000000000000 ) ) ;
#4236 = CARTESIAN_POINT ( 'NONE',  ( -102.9999999999999858, 35.00000000000000000, 60.00000000000000000 ) ) ;
#4237 = MECHANICAL_DESIGN_GEOMETRIC_PRESENTATION_REPRESENTATION (  '', ( #1005 ), #3107 ) ;
#4238 = ORIENTED_EDGE ( 'NONE', *, *, #3148, .F. ) ;
#4239 = DIRECTION ( 'NONE',  ( 0.0000000000000000000, 0.0000000000000000000, 1.000000000000000000 ) ) ;
#4240 = DIRECTION ( 'NONE',  ( -5.551115123125782702E-17, -1.000000000000000000, 0.0000000000000000000 ) ) ;
#4241 = CARTESIAN_POINT ( 'NONE',  ( 8.673617379884035472E-16, 1.734723475976807094E-15, -44.99999999999999289 ) ) ;
#4242 = CYLINDRICAL_SURFACE ( 'NONE', #4710, 5.099999999999993427 ) ;
#4243 = AXIS2_PLACEMENT_3D ( 'NONE', #4461, #3694, #1713 ) ;
#4244 = CARTESIAN_POINT ( 'NONE',  ( 114.4996757107301590, -1.734723475976807094E-15, -105.5670341945058368 ) ) ;
#4245 = LINE ( 'NONE', #846, #2969 ) ;
#4246 = CARTESIAN_POINT ( 'NONE',  ( -40.00000000000000000, 19.99999999999999645, -190.0000000000000000 ) ) ;
#4247 = ADVANCED_FACE ( 'NONE', ( #850 ), #2502, .F. ) ;
#4248 = SURFACE_STYLE_USAGE ( .BOTH. , #1892 ) ;
#4249 = FILL_AREA_STYLE ('',( #3032 ) ) ;
#4250 = EDGE_CURVE ( 'NONE', #4752, #4095, #4322, .T. ) ;
#4251 = CARTESIAN_POINT ( 'NONE',  ( 77.00000000000001421, 20.00000000000000000, -60.00000000000002842 ) ) ;
#4252 =( NAMED_UNIT ( * ) PLANE_ANGLE_UNIT ( ) SI_UNIT ( $, .RADIAN. ) );
#4253 = CARTESIAN_POINT ( 'NONE',  ( -90.00000000000000000, -6.938893903907228378E-15, -89.99999999999997158 ) ) ;
#4254 = EDGE_LOOP ( 'NONE', ( #3263, #3910 ) ) ;
#4255 = EDGE_LOOP ( 'NONE', ( #3667, #2956, #2957, #3758 ) ) ;
#4256 = SURFACE_STYLE_USAGE ( .BOTH. , #4975 ) ;
#4257 = EDGE_CURVE ( 'NONE', #1490, #602, #2403, .T. ) ;
#4258 = AXIS2_PLACEMENT_3D ( 'NONE', #1925, #4649, #5036 ) ;
#4259 = VERTEX_POINT ( 'NONE', #1302 ) ;
#4260 = DIRECTION ( 'NONE',  ( 5.551115123125782702E-17, 1.000000000000000000, 0.0000000000000000000 ) ) ;
#4261 = CARTESIAN_POINT ( 'NONE',  ( 77.00000000000001421, 35.00000000000000000, -60.00000000000001421 ) ) ;
#4262 = SURFACE_SIDE_STYLE ('',( #3591 ) ) ;
#4263 = EDGE_LOOP ( 'NONE', ( #3607, #3888, #2335, #4679 ) ) ;
#4264 = AXIS2_PLACEMENT_3D ( 'NONE', #732, #1864, #2633 ) ;
#4265 = CIRCLE ( 'NONE', #1907, 2.499999999999995115 ) ;
#4266 = DIRECTION ( 'NONE',  ( 5.551115123125782702E-17, 1.000000000000000000, 0.0000000000000000000 ) ) ;
#4267 = LINE ( 'NONE', #231, #3716 ) ;
#4268 = CARTESIAN_POINT ( 'NONE',  ( -135.0000000000000000, 19.99999999999998934, 67.49999999999998579 ) ) ;
#4269 = VERTEX_POINT ( 'NONE', #3261 ) ;
#4270 = ORIENTED_EDGE ( 'NONE', *, *, #1594, .T. ) ;
#4271 = CARTESIAN_POINT ( 'NONE',  ( 175.0000000000000284, 20.00000000000001066, 99.99999999999997158 ) ) ;
#4272 = SURFACE_STYLE_FILL_AREA ( #516 ) ;
#4273 = LINE ( 'NONE', #1071, #330 ) ;
#4274 = ADVANCED_BREP_SHAPE_REPRESENTATION ( '', ( #4421, #222, #1567, #1773, #4948, #784 ), #8 ) ;
#4275 = VERTEX_POINT ( 'NONE', #4467 ) ;
#4276 = AXIS2_PLACEMENT_3D ( 'NONE', #4821, #2181, #3339 ) ;
#4277 = ORIENTED_EDGE ( 'NONE', *, *, #2106, .F. ) ;
#4278 = DIRECTION ( 'NONE',  ( -1.000000000000000000, -3.081487911019571891E-33, -3.330669073875469621E-16 ) ) ;
#4279 = CARTESIAN_POINT ( 'NONE',  ( -59.99999999999994316, 19.99999999999999645, 100.0000000000000000 ) ) ;
#4280 = VECTOR ( 'NONE', #1483, 1000.000000000000000 ) ;
#4281 = EDGE_CURVE ( 'NONE', #4452, #2515, #1226, .T. ) ;
#4282 = VERTEX_POINT ( 'NONE', #3290 ) ;
#4283 = ORIENTED_EDGE ( 'NONE', *, *, #1594, .F. ) ;
#4284 = CARTESIAN_POINT ( 'NONE',  ( -154.9999999999999432, 3.469446951953614189E-15, 30.00000000000000000 ) ) ;
#4285 = DIRECTION ( 'NONE',  ( 5.551115123125782702E-17, 1.000000000000000000, 0.0000000000000000000 ) ) ;
#4286 = ORIENTED_EDGE ( 'NONE', *, *, #4822, .T. ) ;
#4287 = ORIENTED_EDGE ( 'NONE', *, *, #449, .T. ) ;
#4288 = PLANE ( 'NONE',  #1309 ) ;
#4289 = CARTESIAN_POINT ( 'NONE',  ( 120.0000000000000000, 20.00000000000001066, 99.50000000000000000 ) ) ;
#4290 = CYLINDRICAL_SURFACE ( 'NONE', #3418, 5.099999999999993427 ) ;
#4291 = CARTESIAN_POINT ( 'NONE',  ( 102.9999999999999716, 20.00000000000000355, 59.99999999999998579 ) ) ;
#4292 = EDGE_CURVE ( 'NONE', #2211, #4037, #62, .T. ) ;
#4293 = VECTOR ( 'NONE', #436, 1000.000000000000000 ) ;
#4294 = CARTESIAN_POINT ( 'NONE',  ( -75.00000000000000000, 35.00000000000000000, -102.9999999999999858 ) ) ;
#4295 = DIRECTION ( 'NONE',  ( 5.551115123125782702E-17, 1.000000000000000000, -0.0000000000000000000 ) ) ;
#4296 = EDGE_CURVE ( 'NONE', #4399, #4373, #803, .T. ) ;
#4297 = MECHANICAL_DESIGN_GEOMETRIC_PRESENTATION_REPRESENTATION (  '', ( #2649 ), #3838 ) ;
#4298 = CIRCLE ( 'NONE', #779, 5.099999999999993427 ) ;
#4299 = CARTESIAN_POINT ( 'NONE',  ( -40.00000000000000000, 19.99999999999999645, -190.0000000000000000 ) ) ;
#4300 = CYLINDRICAL_SURFACE ( 'NONE', #3629, 4.500000000000003553 ) ;
#4301 = CIRCLE ( 'NONE', #260, 5.099999999999993427 ) ;
#4302 = FILL_AREA_STYLE ('',( #1605 ) ) ;
#4303 = DIRECTION ( 'NONE',  ( 0.0000000000000000000, 0.0000000000000000000, 1.000000000000000000 ) ) ;
#4304 = CARTESIAN_POINT ( 'NONE',  ( 114.9999999999999858, 6.938893903907228378E-15, -105.0000000000000426 ) ) ;
#4305 = FACE_OUTER_BOUND ( 'NONE', #4255, .T. ) ;
#4306 = AXIS2_PLACEMENT_3D ( 'NONE', #746, #1135, #4590 ) ;
#4307 = DIRECTION ( 'NONE',  ( -1.000000000000000000, -5.551115123125782702E-17, -5.551115123125782702E-17 ) ) ;
#4308 = EDGE_CURVE ( 'NONE', #4275, #1623, #3058, .T. ) ;
#4309 = CYLINDRICAL_SURFACE ( 'NONE', #3030, 5.099999999999993427 ) ;
#4310 = CARTESIAN_POINT ( 'NONE',  ( -45.00000000000003553, 5.000000000000000888, -55.00000000000002132 ) ) ;
#4311 = COLOUR_RGB ( '',0.6470588235294117974, 0.6196078431372549211, 0.5882352941176470784 ) ;
#4312 = EDGE_LOOP ( 'NONE', ( #2658, #3381, #5007, #4865, #4368, #4498, #2389, #4802 ) ) ;
#4313 = EDGE_CURVE ( 'NONE', #1536, #2503, #2272, .T. ) ;
#4314 = EDGE_LOOP ( 'NONE', ( #4238, #4911 ) ) ;
#4315 = CARTESIAN_POINT ( 'NONE',  ( -90.00000000000000000, 35.00000000000000711, -84.89999999999999147 ) ) ;
#4316 = ORIENTED_EDGE ( 'NONE', *, *, #2177, .F. ) ;
#4317 = ORIENTED_EDGE ( 'NONE', *, *, #3991, .F. ) ;
#4318 = ORIENTED_EDGE ( 'NONE', *, *, #502, .T. ) ;
#4319 = EDGE_CURVE ( 'NONE', #3965, #1392, #184, .T. ) ;
#4320 = MECHANICAL_DESIGN_GEOMETRIC_PRESENTATION_REPRESENTATION (  '', ( #3895 ), #479 ) ;
#4321 = CARTESIAN_POINT ( 'NONE',  ( -39.09746257676363257, 20.00000000000001066, -190.0000000000000000 ) ) ;
#4322 = LINE ( 'NONE', #4404, #4564 ) ;
#4323 = CIRCLE ( 'NONE', #3238, 5.099999999999993427 ) ;
#4324 = ORIENTED_EDGE ( 'NONE', *, *, #4978, .F. ) ;
#4325 = EDGE_LOOP ( 'NONE', ( #3493, #2264 ) ) ;
#4326 = CIRCLE ( 'NONE', #3448, 7.500000000000007105 ) ;
#4327 = CARTESIAN_POINT ( 'NONE',  ( -105.0000000000000142, 34.99999999999999289, -62.00000000000000000 ) ) ;
#4328 = FACE_OUTER_BOUND ( 'NONE', #737, .T. ) ;
#4329 = ORIENTED_EDGE ( 'NONE', *, *, #3242, .T. ) ;
#4330 = ORIENTED_EDGE ( 'NONE', *, *, #1243, .F. ) ;
#4331 = VECTOR ( 'NONE', #4794, 1000.000000000000000 ) ;
#4332 = CIRCLE ( 'NONE', #4142, 5.099999999999993427 ) ;
#4333 = CARTESIAN_POINT ( 'NONE',  ( 54.99999999999999289, -3.469446951953614189E-15, 0.0000000000000000000 ) ) ;
#4334 = CARTESIAN_POINT ( 'NONE',  ( 165.0000000000000284, 20.00000000000001066, 39.99999999999997868 ) ) ;
#4335 = CARTESIAN_POINT ( 'NONE',  ( 104.9999999999999574, 35.00000000000000711, 61.99999999999998579 ) ) ;
#4336 = CARTESIAN_POINT ( 'NONE',  ( 74.99999999999998579, 35.00000000000000000, -103.0000000000000284 ) ) ;
#4337 = ORIENTED_EDGE ( 'NONE', *, *, #79, .F. ) ;
#4338 = ORIENTED_EDGE ( 'NONE', *, *, #645, .T. ) ;
#4339 = AXIS2_PLACEMENT_3D ( 'NONE', #2873, #542, #4851 ) ;
#4340 = EDGE_LOOP ( 'NONE', ( #4989, #2120, #2220, #3634 ) ) ;
#4341 = ADVANCED_FACE ( 'NONE', ( #2874 ), #195, .T. ) ;
#4342 =( NAMED_UNIT ( * ) SI_UNIT ( $, .STERADIAN. ) SOLID_ANGLE_UNIT ( ) );
#4343 = ORIENTED_EDGE ( 'NONE', *, *, #3178, .F. ) ;
#4344 = EDGE_CURVE ( 'NONE', #909, #879, #322, .T. ) ;
#4345 = PRESENTATION_STYLE_ASSIGNMENT (( #676 ) ) ;
#4346 = CLOSED_SHELL ( 'NONE', ( #3052, #3595, #901, #1324, #3447, #3875, #3180, #842, #4174, #1406, #2427, #2672, #1863, #4612, #3928, #2697, #2373, #2652, #954, #3132, #2974, #3154, #4586, #2267, #4873, #3403, #4643, #2742, #2209, #1544, #3547, #1616, #1105, #2043, #4719, #4341, #4531, #4947, #3624, #1433, #1131, #3497, #3274, #3700, #3828, #1514, #3644, #3004, #1842, #1569, #4917, #1229, #4560, #1200, #700, #85, #3948, #351, #4363, #1022, #3087, #5026, #2896, #185, #11, #269, #4006, #4510, #1937, #2622, #546, #2074, #794, #2603, #3752, #4696, #1719, #3026, #3804, #1491, #2015, #1891, #3858, #375, #522, #648, #2793 ) ) ;
#4347 = CARTESIAN_POINT ( 'NONE',  ( -90.00000000000000000, 20.00000000000000355, -95.09999999999996589 ) ) ;
#4348 = CYLINDRICAL_SURFACE ( 'NONE', #2010, 9.999999999999987566 ) ;
#4349 = ORIENTED_EDGE ( 'NONE', *, *, #441, .T. ) ;
#4350 = DIRECTION ( 'NONE',  ( 5.551115123125782702E-17, 1.000000000000000000, 0.0000000000000000000 ) ) ;
#4351 = DIRECTION ( 'NONE',  ( 5.551115123125782702E-17, 1.000000000000000000, 0.0000000000000000000 ) ) ;
#4352 = DIRECTION ( 'NONE',  ( 5.551115123125782702E-17, 0.0000000000000000000, -1.000000000000000000 ) ) ;
#4353 = AXIS2_PLACEMENT_3D ( 'NONE', #4327, #102, #3186 ) ;
#4354 = VECTOR ( 'NONE', #2259, 1000.000000000000000 ) ;
#4355 = DIRECTION ( 'NONE',  ( 5.551115123125782702E-17, 1.000000000000000000, 0.0000000000000000000 ) ) ;
#4356 = AXIS2_PLACEMENT_3D ( 'NONE', #1995, #4717, #855 ) ;
#4357 = PRESENTATION_LAYER_ASSIGNMENT (  '', '', ( #4137 ) ) ;
#4358 = VECTOR ( 'NONE', #2879, 1000.000000000000000 ) ;
#4359 = EDGE_LOOP ( 'NONE', ( #964, #4316, #5033, #2060 ) ) ;
#4360 = DIRECTION ( 'NONE',  ( 0.0000000000000000000, 0.0000000000000000000, 1.000000000000000000 ) ) ;
#4361 = CARTESIAN_POINT ( 'NONE',  ( 74.99999999999998579, 35.00000000000000000, -103.0000000000000284 ) ) ;
#4362 = FACE_BOUND ( 'NONE', #1885, .T. ) ;
#4363 = ADVANCED_FACE ( 'NONE', ( #981 ), #3067, .T. ) ;
#4364 = CARTESIAN_POINT ( 'NONE',  ( 89.99999999999998579, 20.00000000000000000, -84.90000000000001990 ) ) ;
#4365 = PLANE ( 'NONE',  #2689 ) ;
#4366 = AXIS2_PLACEMENT_3D ( 'NONE', #2284, #2719, #3109 ) ;
#4367 = CARTESIAN_POINT ( 'NONE',  ( 19.99999999999998224, 19.99999999999999645, -10.00000000000000533 ) ) ;
#4368 = ORIENTED_EDGE ( 'NONE', *, *, #1970, .T. ) ;
#4369 = EDGE_CURVE ( 'NONE', #3292, #3854, #4813, .T. ) ;
#4370 = ORIENTED_EDGE ( 'NONE', *, *, #3384, .F. ) ;
#4371 = DIRECTION ( 'NONE',  ( 5.551115123125782702E-17, 1.000000000000000000, 0.0000000000000000000 ) ) ;
#4372 = CARTESIAN_POINT ( 'NONE',  ( -76.99999999999998579, 34.99999999999999289, -105.0000000000000142 ) ) ;
#4373 = VERTEX_POINT ( 'NONE', #4810 ) ;
#4374 =( LENGTH_UNIT ( ) NAMED_UNIT ( * ) SI_UNIT ( .MILLI., .METRE. ) );
#4375 = CIRCLE ( 'NONE', #4427, 2.499999999999988454 ) ;
#4376 = CARTESIAN_POINT ( 'NONE',  ( -103.0000000000000000, 35.00000000000000000, -60.00000000000001421 ) ) ;
#4377 = ORIENTED_EDGE ( 'NONE', *, *, #3559, .F. ) ;
#4378 = DIRECTION ( 'NONE',  ( 0.0000000000000000000, 0.0000000000000000000, 1.000000000000000000 ) ) ;
#4379 = ORIENTED_EDGE ( 'NONE', *, *, #1542, .F. ) ;
#4380 = CARTESIAN_POINT ( 'NONE',  ( 103.0000000000000000, 20.00000000000000355, -60.00000000000001421 ) ) ;
#4381 = SURFACE_STYLE_FILL_AREA ( #3829 ) ;
#4382 = FILL_AREA_STYLE ('',( #1314 ) ) ;
#4383 = ORIENTED_EDGE ( 'NONE', *, *, #4065, .F. ) ;
#4384 =( GEOMETRIC_REPRESENTATION_CONTEXT ( 3 ) GLOBAL_UNCERTAINTY_ASSIGNED_CONTEXT ( ( #3582 ) ) GLOBAL_UNIT_ASSIGNED_CONTEXT ( ( #2214, #3322, #4868 ) ) REPRESENTATION_CONTEXT ( 'NONE', 'WORKASPACE' ) );
#4385 = DIRECTION ( 'NONE',  ( 0.0000000000000000000, 0.0000000000000000000, 1.000000000000000000 ) ) ;
#4386 = CARTESIAN_POINT ( 'NONE',  ( -49.99999999999996447, 19.99999999999999645, -9.999999999999994671 ) ) ;
#4387 = FACE_OUTER_BOUND ( 'NONE', #5029, .T. ) ;
#4388 = LINE ( 'NONE', #493, #2458 ) ;
#4389 = ORIENTED_EDGE ( 'NONE', *, *, #441, .F. ) ;
#4390 = VERTEX_POINT ( 'NONE', #2101 ) ;
#4391 = DIRECTION ( 'NONE',  ( 0.7071067811865479058, 4.703701525700103811E-17, -0.7071067811865471286 ) ) ;
#4392 = AXIS2_PLACEMENT_3D ( 'NONE', #20, #2718, #3870 ) ;
#4393 =( LENGTH_UNIT ( ) NAMED_UNIT ( * ) SI_UNIT ( .MILLI., .METRE. ) );
#4394 = ORIENTED_EDGE ( 'NONE', *, *, #107, .F. ) ;
#4395 = AXIS2_PLACEMENT_3D ( 'NONE', #2875, #543, #206 ) ;
#4396 = ORIENTED_EDGE ( 'NONE', *, *, #3431, .T. ) ;
#4397 = CIRCLE ( 'NONE', #368, 5.099999999999993427 ) ;
#4398 = EDGE_CURVE ( 'NONE', #743, #4685, #4216, .T. ) ;
#4399 = VERTEX_POINT ( 'NONE', #4528 ) ;
#4400 = ORIENTED_EDGE ( 'NONE', *, *, #4148, .F. ) ;
#4401 = DIRECTION ( 'NONE',  ( 5.551115123125782702E-17, 1.000000000000000000, 0.0000000000000000000 ) ) ;
#4402 = DIRECTION ( 'NONE',  ( -5.551115123125782702E-17, -1.000000000000000000, 0.0000000000000000000 ) ) ;
#4403 = DIRECTION ( 'NONE',  ( -5.551115123125782702E-17, -1.000000000000000000, 0.0000000000000000000 ) ) ;
#4404 = CARTESIAN_POINT ( 'NONE',  ( -45.00000000000002842, 20.00000000000000355, -92.50000000000002842 ) ) ;
#4405 = ORIENTED_EDGE ( 'NONE', *, *, #1959, .T. ) ;
#4406 = EDGE_CURVE ( 'NONE', #373, #865, #2761, .T. ) ;
#4407 = LINE ( 'NONE', #2531, #5018 ) ;
#4408 = ORIENTED_EDGE ( 'NONE', *, *, #1677, .T. ) ;
#4409 = LINE ( 'NONE', #247, #824 ) ;
#4410 = CARTESIAN_POINT ( 'NONE',  ( 45.00000000000003553, 5.000000000000004441, -57.50000000000001421 ) ) ;
#4411 = EDGE_CURVE ( 'NONE', #2716, #396, #4444, .T. ) ;
#4412 = CARTESIAN_POINT ( 'NONE',  ( -104.9999999999999858, 35.00000000000000000, 102.9999999999999858 ) ) ;
#4413 = EDGE_CURVE ( 'NONE', #1961, #2870, #316, .T. ) ;
#4414 =( GEOMETRIC_REPRESENTATION_CONTEXT ( 3 ) GLOBAL_UNCERTAINTY_ASSIGNED_CONTEXT ( ( #2695 ) ) GLOBAL_UNIT_ASSIGNED_CONTEXT ( ( #4627, #344, #762 ) ) REPRESENTATION_CONTEXT ( 'NONE', 'WORKASPACE' ) );
#4415 = CARTESIAN_POINT ( 'NONE',  ( 60.00000000000000000, 19.99999999999999645, -82.49999999999998579 ) ) ;
#4416 = CYLINDRICAL_SURFACE ( 'NONE', #4476, 3.000000000000002665 ) ;
#4417 = DIRECTION ( 'NONE',  ( 5.551115123125782702E-17, 1.000000000000000000, 3.081487911019577365E-33 ) ) ;
#4418 = DIRECTION ( 'NONE',  ( -5.551115123125782702E-17, -1.000000000000000000, 0.0000000000000000000 ) ) ;
#4419 = DIRECTION ( 'NONE',  ( 5.551115123125782702E-17, 1.000000000000000000, 0.0000000000000000000 ) ) ;
#4420 = AXIS2_PLACEMENT_3D ( 'NONE', #1659, #1689, #2046 ) ;
#4421 = MANIFOLD_SOLID_BREP ( 'M12 Tapped Hole2[3]', #3762 ) ;
#4422 = FACE_OUTER_BOUND ( 'NONE', #4312, .T. ) ;
#4423 = ORIENTED_EDGE ( 'NONE', *, *, #4866, .F. ) ;
#4424 = DIRECTION ( 'NONE',  ( 5.551115123125782702E-17, 1.000000000000000000, 0.0000000000000000000 ) ) ;
#4425 = SURFACE_STYLE_USAGE ( .BOTH. , #1762 ) ;
#4426 = ORIENTED_EDGE ( 'NONE', *, *, #4250, .T. ) ;
#4427 = AXIS2_PLACEMENT_3D ( 'NONE', #2920, #980, #2543 ) ;
#4428 = CYLINDRICAL_SURFACE ( 'NONE', #4789, 5.099999999999993427 ) ;
#4429 = ORIENTED_EDGE ( 'NONE', *, *, #1611, .T. ) ;
#4430 = EDGE_LOOP ( 'NONE', ( #4349, #3275 ) ) ;
#4431 = EDGE_CURVE ( 'NONE', #3473, #687, #4555, .T. ) ;
#4432 = CARTESIAN_POINT ( 'NONE',  ( -45.00000000000003553, 5.000000000000000888, -52.50000000000002842 ) ) ;
#4433 = LINE ( 'NONE', #82, #124 ) ;
#4434 = VECTOR ( 'NONE', #381, 1000.000000000000000 ) ;
#4435 = EDGE_LOOP ( 'NONE', ( #215, #3459, #190, #1362, #250, #2623, #3009, #635 ) ) ;
#4436 = EDGE_LOOP ( 'NONE', ( #1636, #116 ) ) ;
#4437 = EDGE_CURVE ( 'NONE', #3951, #2198, #1270, .T. ) ;
#4438 = CIRCLE ( 'NONE', #2047, 7.500000000000007105 ) ;
#4439 = AXIS2_PLACEMENT_3D ( 'NONE', #2824, #856, #2048 ) ;
#4440 = FACE_OUTER_BOUND ( 'NONE', #1901, .T. ) ;
#4441 = LINE ( 'NONE', #2996, #3476 ) ;
#4442 = CARTESIAN_POINT ( 'NONE',  ( -75.00000000000000000, 35.00000000000000000, -102.9999999999999858 ) ) ;
#4443 =( NAMED_UNIT ( * ) PLANE_ANGLE_UNIT ( ) SI_UNIT ( $, .RADIAN. ) );
#4444 = CIRCLE ( 'NONE', #4724, 9.999999999999987566 ) ;
#4445 = CARTESIAN_POINT ( 'NONE',  ( 134.9999999999999716, 19.99999999999998224, 52.49999999999999289 ) ) ;
#4446 = DIRECTION ( 'NONE',  ( -0.7071067811865479058, -4.703701525700103811E-17, 0.7071067811865471286 ) ) ;
#4447 = VERTEX_POINT ( 'NONE', #1057 ) ;
#4448 = VECTOR ( 'NONE', #455, 1000.000000000000114 ) ;
#4449 = CARTESIAN_POINT ( 'NONE',  ( 74.99999999999998579, 34.99999999999999289, 61.99999999999998579 ) ) ;
#4450 = VECTOR ( 'NONE', #2001, 1000.000000000000000 ) ;
#4451 = AXIS2_PLACEMENT_3D ( 'NONE', #2550, #217, #3334 ) ;
#4452 = VERTEX_POINT ( 'NONE', #282 ) ;
#4453 = ORIENTED_EDGE ( 'NONE', *, *, #3603, .F. ) ;
#4454 = FACE_OUTER_BOUND ( 'NONE', #4489, .T. ) ;
#4455 = ORIENTED_EDGE ( 'NONE', *, *, #864, .F. ) ;
#4456 = ORIENTED_EDGE ( 'NONE', *, *, #666, .T. ) ;
#4457 = AXIS2_PLACEMENT_3D ( 'NONE', #2490, #3633, #3688 ) ;
#4458 = VERTEX_POINT ( 'NONE', #4479 ) ;
#4459 = DIRECTION ( 'NONE',  ( 0.0000000000000000000, 0.0000000000000000000, -1.000000000000000000 ) ) ;
#4460 = VERTEX_POINT ( 'NONE', #1018 ) ;
#4461 = CARTESIAN_POINT ( 'NONE',  ( 59.99999999999997868, 19.99999999999998934, 109.9999999999999574 ) ) ;
#4462 = EDGE_CURVE ( 'NONE', #4275, #2755, #4267, .T. ) ;
#4463 = CARTESIAN_POINT ( 'NONE',  ( -75.00000000000001421, 35.00000000000001421, -62.00000000000001421 ) ) ;
#4464 = SURFACE_STYLE_FILL_AREA ( #881 ) ;
#4465 = CARTESIAN_POINT ( 'NONE',  ( 155.0000000000000000, 19.99999999999998224, 29.99999999999997158 ) ) ;
#4466 =( NAMED_UNIT ( * ) PLANE_ANGLE_UNIT ( ) SI_UNIT ( $, .RADIAN. ) );
#4467 = CARTESIAN_POINT ( 'NONE',  ( 39.09746257676358994, -3.469446951953614189E-15, -190.0000000000000000 ) ) ;
#4468 = FACE_BOUND ( 'NONE', #4937, .T. ) ;
#4469 = ORIENTED_EDGE ( 'NONE', *, *, #852, .F. ) ;
#4470 = VECTOR ( 'NONE', #2656, 1000.000000000000000 ) ;
#4471 = VECTOR ( 'NONE', #2686, 1000.000000000000000 ) ;
#4472 = CARTESIAN_POINT ( 'NONE',  ( 45.00000000000002842, 20.00000000000000355, -52.50000000000004263 ) ) ;
#4473 = CARTESIAN_POINT ( 'NONE',  ( 115.0000000000000142, 19.99999999999999645, -10.00000000000002309 ) ) ;
#4474 = CARTESIAN_POINT ( 'NONE',  ( 19.99999999999998224, 19.99999999999999645, -40.00000000000000711 ) ) ;
#4475 = EDGE_CURVE ( 'NONE', #2503, #1697, #1706, .T. ) ;
#4476 = AXIS2_PLACEMENT_3D ( 'NONE', #4598, #3891, #3488 ) ;
#4477 = CARTESIAN_POINT ( 'NONE',  ( 89.99999999999998579, 35.00000000000000000, -90.00000000000001421 ) ) ;
#4478 = UNCERTAINTY_MEASURE_WITH_UNIT (LENGTH_MEASURE( 1.000000000000000082E-05 ), #4648, 'distance_accuracy_value', 'NONE');
#4479 = CARTESIAN_POINT ( 'NONE',  ( 2.514430697259185210E-15, 6.938893903907228378E-15, -157.5000000000000000 ) ) ;
#4480 = COLOUR_RGB ( '',1.000000000000000000, 1.000000000000000000, 1.000000000000000000 ) ;
#4481 = AXIS2_PLACEMENT_3D ( 'NONE', #2667, #1462, #3038 ) ;
#4482 = AXIS2_PLACEMENT_3D ( 'NONE', #4595, #2306, #4239 ) ;
#4483 = ORIENTED_EDGE ( 'NONE', *, *, #3159, .T. ) ;
#4484 = VERTEX_POINT ( 'NONE', #3024 ) ;
#4485 = PLANE ( 'NONE',  #2923 ) ;
#4486 = DIRECTION ( 'NONE',  ( -5.551115123125782702E-17, -1.000000000000000000, 0.0000000000000000000 ) ) ;
#4487 = ORIENTED_EDGE ( 'NONE', *, *, #3816, .T. ) ;
#4488 = VECTOR ( 'NONE', #3551, 1000.000000000000000 ) ;
#4489 = EDGE_LOOP ( 'NONE', ( #680, #2027, #3425, #3975 ) ) ;
#4490 = CARTESIAN_POINT ( 'NONE',  ( 19.99999999999998224, 19.99999999999999645, -10.00000000000000533 ) ) ;
#4491 = EDGE_CURVE ( 'NONE', #4160, #4995, #4979, .T. ) ;
#4492 = ORIENTED_EDGE ( 'NONE', *, *, #1182, .F. ) ;
#4493 = DIRECTION ( 'NONE',  ( -1.000000000000000000, 0.0000000000000000000, 5.551115123125782702E-17 ) ) ;
#4494 = CARTESIAN_POINT ( 'NONE',  ( 4.999999999999999112, 20.00000000000000000, -39.99999999999999289 ) ) ;
#4495 = FACE_OUTER_BOUND ( 'NONE', #4533, .T. ) ;
#4496 = FACE_OUTER_BOUND ( 'NONE', #1322, .T. ) ;
#4497 = ORIENTED_EDGE ( 'NONE', *, *, #2771, .F. ) ;
#4498 = ORIENTED_EDGE ( 'NONE', *, *, #3101, .T. ) ;
#4499 = FACE_OUTER_BOUND ( 'NONE', #4570, .T. ) ;
#4500 = EDGE_CURVE ( 'NONE', #1393, #1536, #2338, .T. ) ;
#4501 = VERTEX_POINT ( 'NONE', #4544 ) ;
#4502 = EDGE_LOOP ( 'NONE', ( #2474, #3857, #3251, #3297 ) ) ;
#4503 = MECHANICAL_DESIGN_GEOMETRIC_PRESENTATION_REPRESENTATION (  '', ( #26 ), #1841 ) ;
#4504 = CARTESIAN_POINT ( 'NONE',  ( -76.99999999999997158, 35.00000000000000000, 59.99999999999998579 ) ) ;
#4505 = DIRECTION ( 'NONE',  ( 5.551115123125782702E-17, 1.000000000000000000, 0.0000000000000000000 ) ) ;
#4506 =( LENGTH_UNIT ( ) NAMED_UNIT ( * ) SI_UNIT ( .MILLI., .METRE. ) );
#4507 = CARTESIAN_POINT ( 'NONE',  ( -112.9999999999999858, 19.99999999999999645, -104.2437909203321169 ) ) ;
#4508 = CARTESIAN_POINT ( 'NONE',  ( 45.00000000000002842, 20.00000000000000355, -57.50000000000002132 ) ) ;
#4509 = ORIENTED_EDGE ( 'NONE', *, *, #4319, .F. ) ;
#4510 = ADVANCED_FACE ( 'NONE', ( #918 ), #4625, .F. ) ;
#4511 = AXIS2_PLACEMENT_3D ( 'NONE', #4730, #1583, #1235 ) ;
#4512 = DIRECTION ( 'NONE',  ( -0.7071067811865474617, 5.551115123125783935E-17, -0.7071067811865475727 ) ) ;
#4513 = AXIS2_PLACEMENT_3D ( 'NONE', #3953, #48, #4708 ) ;
#4514 = LINE ( 'NONE', #306, #3664 ) ;
#4515 = ORIENTED_EDGE ( 'NONE', *, *, #2239, .F. ) ;
#4516 = ORIENTED_EDGE ( 'NONE', *, *, #2538, .T. ) ;
#4517 = EDGE_LOOP ( 'NONE', ( #1340, #2065, #2526, #1234 ) ) ;
#4518 = AXIS2_PLACEMENT_3D ( 'NONE', #4022, #113, #2483 ) ;
#4519 = CIRCLE ( 'NONE', #2805, 2.000000000000001776 ) ;
#4520 = DIRECTION ( 'NONE',  ( -5.551115123125782702E-17, -1.000000000000000000, 0.0000000000000000000 ) ) ;
#4521 = ORIENTED_EDGE ( 'NONE', *, *, #2751, .F. ) ;
#4522 = DIRECTION ( 'NONE',  ( 0.0000000000000000000, 0.0000000000000000000, 1.000000000000000000 ) ) ;
#4523 = VECTOR ( 'NONE', #3318, 1000.000000000000000 ) ;
#4524 = DIRECTION ( 'NONE',  ( 0.0000000000000000000, 0.0000000000000000000, -1.000000000000000000 ) ) ;
#4525 = LINE ( 'NONE', #3955, #2435 ) ;
#4526 =( NAMED_UNIT ( * ) SI_UNIT ( $, .STERADIAN. ) SOLID_ANGLE_UNIT ( ) );
#4527 = CARTESIAN_POINT ( 'NONE',  ( 2.949029909160572061E-14, 20.00000000000000000, 1.387778780781445676E-14 ) ) ;
#4528 = CARTESIAN_POINT ( 'NONE',  ( 49.99999999999998579, -6.938893903907228378E-15, 5.000000000000004441 ) ) ;
#4529 = CIRCLE ( 'NONE', #4676, 4.500000000000003553 ) ;
#4530 = EDGE_CURVE ( 'NONE', #4575, #1961, #4015, .T. ) ;
#4531 = ADVANCED_FACE ( 'NONE', ( #857 ), #2315, .F. ) ;
#4532 = COLOUR_RGB ( '',1.000000000000000000, 1.000000000000000000, 1.000000000000000000 ) ;
#4533 = EDGE_LOOP ( 'NONE', ( #2464, #624, #1402, #3042 ) ) ;
#4534 = CARTESIAN_POINT ( 'NONE',  ( -75.00000000000000000, 35.00000000000000000, -102.9999999999999858 ) ) ;
#4535 = DIRECTION ( 'NONE',  ( 0.0000000000000000000, 0.0000000000000000000, -1.000000000000000000 ) ) ;
#4536 =( NAMED_UNIT ( * ) SI_UNIT ( $, .STERADIAN. ) SOLID_ANGLE_UNIT ( ) );
#4537 = EDGE_CURVE ( 'NONE', #1715, #4853, #1164, .T. ) ;
#4538 = AXIS2_PLACEMENT_3D ( 'NONE', #1642, #3550, #3156 ) ;
#4539 = ORIENTED_EDGE ( 'NONE', *, *, #3271, .T. ) ;
#4540 = DIRECTION ( 'NONE',  ( 5.551115123125782702E-17, 1.000000000000000000, -0.0000000000000000000 ) ) ;
#4541 = VERTEX_POINT ( 'NONE', #1903 ) ;
#4542 = ORIENTED_EDGE ( 'NONE', *, *, #1129, .F. ) ;
#4543 = PLANE ( 'NONE',  #4682 ) ;
#4544 = CARTESIAN_POINT ( 'NONE',  ( -76.99999999999998579, 34.99999999999999289, -105.0000000000000142 ) ) ;
#4545 = PRESENTATION_STYLE_ASSIGNMENT (( #4967 ) ) ;
#4546 = ORIENTED_EDGE ( 'NONE', *, *, #1315, .T. ) ;
#4547 = COLOUR_RGB ( '',1.000000000000000000, 1.000000000000000000, 1.000000000000000000 ) ;
#4548 = AXIS2_PLACEMENT_3D ( 'NONE', #991, #141, #2901 ) ;
#4549 = CYLINDRICAL_SURFACE ( 'NONE', #4276, 5.099999999999993427 ) ;
#4550 = VERTEX_POINT ( 'NONE', #2657 ) ;
#4551 = EDGE_CURVE ( 'NONE', #4753, #1536, #619, .T. ) ;
#4552 = VECTOR ( 'NONE', #108, 1000.000000000000000 ) ;
#4553 =( NAMED_UNIT ( * ) SI_UNIT ( $, .STERADIAN. ) SOLID_ANGLE_UNIT ( ) );
#4554 = LINE ( 'NONE', #2255, #4014 ) ;
#4555 = LINE ( 'NONE', #4494, #3956 ) ;
#4556 = DIRECTION ( 'NONE',  ( -5.551115123125782702E-17, -1.000000000000000000, 0.0000000000000000000 ) ) ;
#4557 = ORIENTED_EDGE ( 'NONE', *, *, #2059, .F. ) ;
#4558 = CIRCLE ( 'NONE', #4481, 2.000000000000001776 ) ;
#4559 = CIRCLE ( 'NONE', #655, 5.099999999999993427 ) ;
#4560 = ADVANCED_FACE ( 'NONE', ( #2995 ), #1535, .F. ) ;
#4561 = SURFACE_STYLE_FILL_AREA ( #4082 ) ;
#4562 = CARTESIAN_POINT ( 'NONE',  ( -49.99999999999997158, -3.469446951953614189E-15, -10.00000000000000178 ) ) ;
#4563 = EDGE_CURVE ( 'NONE', #2440, #266, #4151, .T. ) ;
#4564 = VECTOR ( 'NONE', #2534, 1000.000000000000000 ) ;
#4565 = DIRECTION ( 'NONE',  ( 1.000000000000000000, 0.0000000000000000000, 2.775557561562891351E-16 ) ) ;
#4566 = SURFACE_SIDE_STYLE ('',( #1533 ) ) ;
#4567 = VERTEX_POINT ( 'NONE', #4241 ) ;
#4568 = LINE ( 'NONE', #2529, #2524 ) ;
#4569 = ORIENTED_EDGE ( 'NONE', *, *, #1267, .T. ) ;
#4570 = EDGE_LOOP ( 'NONE', ( #1487, #4497, #4076, #4642 ) ) ;
#4571 = UNCERTAINTY_MEASURE_WITH_UNIT (LENGTH_MEASURE( 1.000000000000000082E-05 ), #3581, 'distance_accuracy_value', 'NONE');
#4572 = LINE ( 'NONE', #5028, #4999 ) ;
#4573 = EDGE_CURVE ( 'NONE', #96, #3778, #128, .T. ) ;
#4574 = AXIS2_PLACEMENT_3D ( 'NONE', #3912, #1589, #3210 ) ;
#4575 = VERTEX_POINT ( 'NONE', #3095 ) ;
#4576 = CARTESIAN_POINT ( 'NONE',  ( -95.00000000000001421, 6.938893903907228378E-15, -70.00000000000000000 ) ) ;
#4577 = ORIENTED_EDGE ( 'NONE', *, *, #3164, .T. ) ;
#4578 = DIRECTION ( 'NONE',  ( 0.7071067811865476838, 5.551115123125782702E-17, 0.7071067811865474617 ) ) ;
#4579 = DIRECTION ( 'NONE',  ( 0.7071067811865474617, -5.551115123125782702E-17, 0.7071067811865475727 ) ) ;
#4580 = CARTESIAN_POINT ( 'NONE',  ( -1.734723475976807094E-15, 20.00000000000000000, 0.0000000000000000000 ) ) ;
#4581 = DIRECTION ( 'NONE',  ( -1.000000000000000000, -5.551115123125782702E-17, 5.551115123125782702E-17 ) ) ;
#4582 = CARTESIAN_POINT ( 'NONE',  ( -89.99999999999997158, 34.99999999999999289, 90.00000000000000000 ) ) ;
#4583 = VERTEX_POINT ( 'NONE', #3463 ) ;
#4584 = AXIS2_PLACEMENT_3D ( 'NONE', #4187, #1880, #4204 ) ;
#4585 = VECTOR ( 'NONE', #1371, 1000.000000000000000 ) ;
#4586 = ADVANCED_FACE ( 'NONE', ( #3771 ), #1466, .F. ) ;
#4587 = MECHANICAL_DESIGN_GEOMETRIC_PRESENTATION_REPRESENTATION (  '', ( #4083 ), #1208 ) ;
#4588 = CIRCLE ( 'NONE', #4511, 7.500000000000007105 ) ;
#4589 = CARTESIAN_POINT ( 'NONE',  ( -45.00000000000003553, 20.00000000000000711, -57.50000000000000711 ) ) ;
#4590 = DIRECTION ( 'NONE',  ( 0.0000000000000000000, 0.0000000000000000000, 1.000000000000000000 ) ) ;
#4591 = EDGE_CURVE ( 'NONE', #482, #2694, #3528, .T. ) ;
#4592 = DIRECTION ( 'NONE',  ( 0.0000000000000000000, 0.0000000000000000000, 1.000000000000000000 ) ) ;
#4593 = LINE ( 'NONE', #1557, #2240 ) ;
#4594 = CARTESIAN_POINT ( 'NONE',  ( 165.0000000000000000, 20.00000000000001066, 29.99999999999994316 ) ) ;
#4595 = CARTESIAN_POINT ( 'NONE',  ( -45.00000000000002842, 5.000000000000007994, -95.00000000000001421 ) ) ;
#4596 = CARTESIAN_POINT ( 'NONE',  ( 165.0000000000000568, 6.938893903907228378E-15, 29.99999999999995737 ) ) ;
#4597 = VERTEX_POINT ( 'NONE', #3081 ) ;
#4598 = CARTESIAN_POINT ( 'NONE',  ( 95.00000000000000000, 34.99999999999999289, 70.00000000000000000 ) ) ;
#4599 = EDGE_CURVE ( 'NONE', #859, #1788, #2513, .T. ) ;
#4600 =( GEOMETRIC_REPRESENTATION_CONTEXT ( 3 ) GLOBAL_UNCERTAINTY_ASSIGNED_CONTEXT ( ( #4128 ) ) GLOBAL_UNIT_ASSIGNED_CONTEXT ( ( #131, #3691, #2121 ) ) REPRESENTATION_CONTEXT ( 'NONE', 'WORKASPACE' ) );
#4601 = FACE_OUTER_BOUND ( 'NONE', #2349, .T. ) ;
#4602 = DIRECTION ( 'NONE',  ( 0.0000000000000000000, 0.0000000000000000000, 1.000000000000000000 ) ) ;
#4603 = ORIENTED_EDGE ( 'NONE', *, *, #1129, .T. ) ;
#4604 = CARTESIAN_POINT ( 'NONE',  ( 104.9999999999999574, 34.99999999999999289, 102.9999999999999858 ) ) ;
#4605 = CARTESIAN_POINT ( 'NONE',  ( 104.9999999999999574, 34.99999999999999289, 102.9999999999999858 ) ) ;
#4606 = APPLICATION_PROTOCOL_DEFINITION ( 'draft international standard', 'automotive_design', 1998, #763 ) ;
#4607 = ORIENTED_EDGE ( 'NONE', *, *, #1558, .F. ) ;
#4608 = CARTESIAN_POINT ( 'NONE',  ( -45.00000000000002842, 20.00000000000000355, -97.50000000000000000 ) ) ;
#4609 = AXIS2_PLACEMENT_3D ( 'NONE', #101, #1639, #3575 ) ;
#4610 = ORIENTED_EDGE ( 'NONE', *, *, #90, .F. ) ;
#4611 =( NAMED_UNIT ( * ) PLANE_ANGLE_UNIT ( ) SI_UNIT ( $, .RADIAN. ) );
#4612 = ADVANCED_FACE ( 'NONE', ( #4869 ), #2136, .F. ) ;
#4613 = VECTOR ( 'NONE', #2963, 1000.000000000000000 ) ;
#4614 = DIRECTION ( 'NONE',  ( -5.551115123125782702E-17, -1.000000000000000000, 0.0000000000000000000 ) ) ;
#4615 = ORIENTED_EDGE ( 'NONE', *, *, #2673, .T. ) ;
#4616 = DIRECTION ( 'NONE',  ( 5.551115123125782702E-17, 1.000000000000000000, 0.0000000000000000000 ) ) ;
#4617 = CARTESIAN_POINT ( 'NONE',  ( -59.99999999999994316, 19.99999999999999645, 109.9999999999999858 ) ) ;
#4618 = VECTOR ( 'NONE', #4002, 1000.000000000000114 ) ;
#4619 = ORIENTED_EDGE ( 'NONE', *, *, #4962, .F. ) ;
#4620 =( LENGTH_UNIT ( ) NAMED_UNIT ( * ) SI_UNIT ( .MILLI., .METRE. ) );
#4621 = ORIENTED_EDGE ( 'NONE', *, *, #1940, .F. ) ;
#4622 =( GEOMETRIC_REPRESENTATION_CONTEXT ( 3 ) GLOBAL_UNCERTAINTY_ASSIGNED_CONTEXT ( ( #2635 ) ) GLOBAL_UNIT_ASSIGNED_CONTEXT ( ( #2171, #1003, #3756 ) ) REPRESENTATION_CONTEXT ( 'NONE', 'WORKASPACE' ) );
#4623 = VECTOR ( 'NONE', #1865, 1000.000000000000000 ) ;
#4624 = DIRECTION ( 'NONE',  ( -1.000000000000000000, -5.551115123125782702E-17, 5.551115123125782702E-17 ) ) ;
#4625 = CYLINDRICAL_SURFACE ( 'NONE', #2021, 3.400000000000000355 ) ;
#4626 = ORIENTED_EDGE ( 'NONE', *, *, #2981, .T. ) ;
#4627 =( LENGTH_UNIT ( ) NAMED_UNIT ( * ) SI_UNIT ( .MILLI., .METRE. ) );
#4628 = COLOUR_RGB ( '',1.000000000000000000, 1.000000000000000000, 1.000000000000000000 ) ;
#4629 = CYLINDRICAL_SURFACE ( 'NONE', #3364, 5.099999999999993427 ) ;
#4630 = SURFACE_STYLE_FILL_AREA ( #2829 ) ;
#4631 = CARTESIAN_POINT ( 'NONE',  ( -75.00000000000000000, 19.99999999999999289, 102.9999999999999858 ) ) ;
#4632 = CARTESIAN_POINT ( 'NONE',  ( 40.59713828749377029, 6.938893903907228378E-15, -189.3232432741737057 ) ) ;
#4633 = ORIENTED_EDGE ( 'NONE', *, *, #5023, .F. ) ;
#4634 = ORIENTED_EDGE ( 'NONE', *, *, #1017, .F. ) ;
#4635 = DIRECTION ( 'NONE',  ( -1.000000000000000000, -5.551115123125781470E-17, 2.775557561562890858E-16 ) ) ;
#4636 = DIRECTION ( 'NONE',  ( 5.551115123125782702E-17, 1.000000000000000000, 0.0000000000000000000 ) ) ;
#4637 = DIRECTION ( 'NONE',  ( 5.551115123125782702E-17, 1.000000000000000000, 0.0000000000000000000 ) ) ;
#4638 = ORIENTED_EDGE ( 'NONE', *, *, #2207, .T. ) ;
#4639 = EDGE_LOOP ( 'NONE', ( #386, #3906 ) ) ;
#4640 = DIRECTION ( 'NONE',  ( 0.0000000000000000000, 0.0000000000000000000, -1.000000000000000000 ) ) ;
#4641 = UNCERTAINTY_MEASURE_WITH_UNIT (LENGTH_MEASURE( 1.000000000000000082E-05 ), #2197, 'distance_accuracy_value', 'NONE');
#4642 = ORIENTED_EDGE ( 'NONE', *, *, #1355, .T. ) ;
#4643 = ADVANCED_FACE ( 'NONE', ( #3183 ), #1218, .F. ) ;
#4644 = ORIENTED_EDGE ( 'NONE', *, *, #3794, .F. ) ;
#4645 = AXIS2_PLACEMENT_3D ( 'NONE', #2789, #3181, #3558 ) ;
#4646 = MECHANICAL_DESIGN_GEOMETRIC_PRESENTATION_REPRESENTATION (  '', ( #2115 ), #3165 ) ;
#4647 = COLOUR_RGB ( '',0.6470588235294117974, 0.6196078431372549211, 0.5882352941176470784 ) ;
#4648 =( LENGTH_UNIT ( ) NAMED_UNIT ( * ) SI_UNIT ( .MILLI., .METRE. ) );
#4649 = DIRECTION ( 'NONE',  ( -5.551115123125782702E-17, -1.000000000000000000, 0.0000000000000000000 ) ) ;
#4650 = VECTOR ( 'NONE', #4624, 1000.000000000000000 ) ;
#4651 = CIRCLE ( 'NONE', #1597, 3.400000000000000355 ) ;
#4652 = AXIS2_PLACEMENT_3D ( 'NONE', #969, #3641, #151 ) ;
#4653 = VERTEX_POINT ( 'NONE', #1204 ) ;
#4654 = DIRECTION ( 'NONE',  ( 1.000000000000000000, 5.551115123125782702E-17, -5.551115123125782702E-17 ) ) ;
#4655 = DIRECTION ( 'NONE',  ( 5.551115123125782702E-17, 1.000000000000000000, 0.0000000000000000000 ) ) ;
#4656 = AXIS2_PLACEMENT_3D ( 'NONE', #4490, #631, #3753 ) ;
#4657 = ORIENTED_EDGE ( 'NONE', *, *, #4551, .F. ) ;
#4658 = VECTOR ( 'NONE', #3567, 1000.000000000000000 ) ;
#4659 = EDGE_CURVE ( 'NONE', #172, #1994, #1160, .T. ) ;
#4660 = CARTESIAN_POINT ( 'NONE',  ( 114.9999999999999858, 20.00000000000000711, -105.0000000000000568 ) ) ;
#4661 = SURFACE_STYLE_FILL_AREA ( #4249 ) ;
#4662 = PRODUCT_CONTEXT ( 'NONE', #2740, 'mechanical' ) ;
#4663 = CARTESIAN_POINT ( 'NONE',  ( 103.0000000000000142, 20.00000000000000711, -105.0000000000000426 ) ) ;
#4664 = DIRECTION ( 'NONE',  ( -0.6616216370868461816, -2.428612866367530548E-17, 0.7498378553650926204 ) ) ;
#4665 = EDGE_CURVE ( 'NONE', #80, #2706, #2566, .T. ) ;
#4666 = PRESENTATION_STYLE_ASSIGNMENT (( #1062 ) ) ;
#4667 = ADVANCED_FACE ( 'NONE', ( #3412 ), #4, .F. ) ;
#4668 = ORIENTED_EDGE ( 'NONE', *, *, #3279, .F. ) ;
#4669 = CARTESIAN_POINT ( 'NONE',  ( -164.9999999999999716, 19.99999999999999645, 100.0000000000000000 ) ) ;
#4670 = DIRECTION ( 'NONE',  ( 5.551115123125782702E-17, 1.000000000000000000, 0.0000000000000000000 ) ) ;
#4671 = ORIENTED_EDGE ( 'NONE', *, *, #3148, .T. ) ;
#4672 = EDGE_CURVE ( 'NONE', #4159, #45, #4011, .T. ) ;
#4673 = PLANE ( 'NONE',  #3959 ) ;
#4674 = EDGE_CURVE ( 'NONE', #2411, #1623, #1099, .T. ) ;
#4675 = EDGE_LOOP ( 'NONE', ( #914, #3699, #2291, #2457, #4199, #760, #2988, #1546 ) ) ;
#4676 = AXIS2_PLACEMENT_3D ( 'NONE', #4212, #3060, #4640 ) ;
#4677 = CARTESIAN_POINT ( 'NONE',  ( 90.00000000000000000, 35.00000000000000000, 95.09999999999999432 ) ) ;
#4678 = ORIENTED_EDGE ( 'NONE', *, *, #2346, .T. ) ;
#4679 = ORIENTED_EDGE ( 'NONE', *, *, #4894, .T. ) ;
#4680 = EDGE_LOOP ( 'NONE', ( #1541, #1036 ) ) ;
#4681 = CARTESIAN_POINT ( 'NONE',  ( -104.9999999999999858, 35.00000000000000000, 102.9999999999999858 ) ) ;
#4682 = AXIS2_PLACEMENT_3D ( 'NONE', #4942, #1425, #633 ) ;
#4683 = VERTEX_POINT ( 'NONE', #3938 ) ;
#4684 = FILL_AREA_STYLE_COLOUR ( '', #495 ) ;
#4685 = VERTEX_POINT ( 'NONE', #1953 ) ;
#4686 = SURFACE_STYLE_FILL_AREA ( #244 ) ;
#4687 = DIRECTION ( 'NONE',  ( -5.551115123125782702E-17, -1.000000000000000000, 0.0000000000000000000 ) ) ;
#4688 = VERTEX_POINT ( 'NONE', #1555 ) ;
#4689 = ORIENTED_EDGE ( 'NONE', *, *, #1191, .F. ) ;
#4690 = CARTESIAN_POINT ( 'NONE',  ( -76.99999999999998579, 35.00000000000000000, 104.9999999999999858 ) ) ;
#4691 = FACE_OUTER_BOUND ( 'NONE', #2356, .T. ) ;
#4692 = VECTOR ( 'NONE', #4664, 1000.000000000000227 ) ;
#4693 = VERTEX_POINT ( 'NONE', #3157 ) ;
#4694 = AXIS2_PLACEMENT_3D ( 'NONE', #3879, #4234, #2343 ) ;
#4695 = ORIENTED_EDGE ( 'NONE', *, *, #917, .F. ) ;
#4696 = ADVANCED_FACE ( 'NONE', ( #2925 ), #2399, .F. ) ;
#4697 =( NAMED_UNIT ( * ) PLANE_ANGLE_UNIT ( ) SI_UNIT ( $, .RADIAN. ) );
#4698 = PRESENTATION_STYLE_ASSIGNMENT (( #3237 ) ) ;
#4699 = EDGE_CURVE ( 'NONE', #110, #2882, #1524, .T. ) ;
#4700 = ORIENTED_EDGE ( 'NONE', *, *, #478, .F. ) ;
#4701 = CARTESIAN_POINT ( 'NONE',  ( 44.99999999999997868, 20.00000000000000000, -92.50000000000004263 ) ) ;
#4702 = CARTESIAN_POINT ( 'NONE',  ( 45.00000000000003553, 5.000000000000004441, -57.50000000000001421 ) ) ;
#4703 = VERTEX_POINT ( 'NONE', #4706 ) ;
#4704 = SURFACE_SIDE_STYLE ('',( #2331 ) ) ;
#4705 = SURFACE_STYLE_USAGE ( .BOTH. , #3206 ) ;
#4706 = CARTESIAN_POINT ( 'NONE',  ( 74.99999999999995737, 19.99999999999999645, 102.9999999999999858 ) ) ;
#4707 = FACE_OUTER_BOUND ( 'NONE', #2806, .T. ) ;
#4708 = DIRECTION ( 'NONE',  ( 0.0000000000000000000, 0.0000000000000000000, 1.000000000000000000 ) ) ;
#4709 = EDGE_CURVE ( 'NONE', #4995, #4160, #1337, .T. ) ;
#4710 = AXIS2_PLACEMENT_3D ( 'NONE', #880, #2780, #2459 ) ;
#4711 = CARTESIAN_POINT ( 'NONE',  ( -76.99999999999998579, 35.00000000000000000, 104.9999999999999858 ) ) ;
#4712 = CARTESIAN_POINT ( 'NONE',  ( -75.00000000000000000, 35.00000000000000000, -102.9999999999999858 ) ) ;
#4713 = LINE ( 'NONE', #2017, #3674 ) ;
#4714 = AXIS2_PLACEMENT_3D ( 'NONE', #536, #905, #125 ) ;
#4715 = AXIS2_PLACEMENT_3D ( 'NONE', #1475, #2662, #4578 ) ;
#4716 = VECTOR ( 'NONE', #4872, 1000.000000000000000 ) ;
#4717 = DIRECTION ( 'NONE',  ( 5.551115123125782702E-17, 1.000000000000000000, 0.0000000000000000000 ) ) ;
#4718 = CIRCLE ( 'NONE', #4420, 2.999999999999988898 ) ;
#4719 = ADVANCED_FACE ( 'NONE', ( #4211 ), #2400, .F. ) ;
#4720 = FILL_AREA_STYLE_COLOUR ( '', #38 ) ;
#4721 = FILL_AREA_STYLE_COLOUR ( '', #944 ) ;
#4722 = CARTESIAN_POINT ( 'NONE',  ( -19.99999999999996803, 20.00000000000000355, -39.99999999999999289 ) ) ;
#4723 = FILL_AREA_STYLE_COLOUR ( '', #987 ) ;
#4724 = AXIS2_PLACEMENT_3D ( 'NONE', #3346, #1786, #4130 ) ;
#4725 = CARTESIAN_POINT ( 'NONE',  ( 105.0000000000000000, 20.00000000000000711, -62.00000000000000711 ) ) ;
#4726 = EDGE_CURVE ( 'NONE', #1303, #1480, #64, .T. ) ;
#4727 = DIRECTION ( 'NONE',  ( 0.0000000000000000000, 0.0000000000000000000, 1.000000000000000000 ) ) ;
#4728 = VERTEX_POINT ( 'NONE', #3908 ) ;
#4729 = PRODUCT_DEFINITION_FORMATION_WITH_SPECIFIED_SOURCE ( 'ANY', '', #1297, .NOT_KNOWN. ) ;
#4730 = CARTESIAN_POINT ( 'NONE',  ( 134.9999999999999716, -2.081668171172168513E-14, 60.00000000000001421 ) ) ;
#4731 = FILL_AREA_STYLE ('',( #462 ) ) ;
#4732 = UNCERTAINTY_MEASURE_WITH_UNIT (LENGTH_MEASURE( 1.000000000000000082E-05 ), #1049, 'distance_accuracy_value', 'NONE');
#4733 = ORIENTED_EDGE ( 'NONE', *, *, #2504, .T. ) ;
#4734 = VERTEX_POINT ( 'NONE', #3173 ) ;
#4735 = CARTESIAN_POINT ( 'NONE',  ( -89.99999999999997158, 34.99999999999999289, 90.00000000000000000 ) ) ;
#4736 = ORIENTED_EDGE ( 'NONE', *, *, #4257, .F. ) ;
#4737 = DIRECTION ( 'NONE',  ( 5.551115123125782702E-17, 1.000000000000000000, 0.0000000000000000000 ) ) ;
#4738 = CARTESIAN_POINT ( 'NONE',  ( 60.00000000000000000, 3.851859888774465575E-31, -87.00000000000000000 ) ) ;
#4739 = ORIENTED_EDGE ( 'NONE', *, *, #4902, .F. ) ;
#4740 = VECTOR ( 'NONE', #1811, 999.9999999999998863 ) ;
#4741 = ORIENTED_EDGE ( 'NONE', *, *, #1403, .T. ) ;
#4742 = EDGE_CURVE ( 'NONE', #4484, #3473, #4746, .T. ) ;
#4743 = STYLED_ITEM ( 'NONE', ( #4666 ), #2105 ) ;
#4744 = ADVANCED_FACE ( 'NONE', ( #2275, #2448, #2991 ), #67, .F. ) ;
#4745 = PLANE ( 'NONE',  #1231 ) ;
#4746 = LINE ( 'NONE', #1157, #4488 ) ;
#4747 = ORIENTED_EDGE ( 'NONE', *, *, #1973, .T. ) ;
#4748 = ORIENTED_EDGE ( 'NONE', *, *, #276, .F. ) ;
#4749 = CIRCLE ( 'NONE', #126, 2.500000000000002220 ) ;
#4750 = CARTESIAN_POINT ( 'NONE',  ( -95.00000000000001421, 34.99999999999999289, -73.00000000000001421 ) ) ;
#4751 = DIRECTION ( 'NONE',  ( -5.551115123125782702E-17, -1.000000000000000000, 0.0000000000000000000 ) ) ;
#4752 = VERTEX_POINT ( 'NONE', #4787 ) ;
#4753 = VERTEX_POINT ( 'NONE', #3563 ) ;
#4754 = VECTOR ( 'NONE', #3649, 1000.000000000000000 ) ;
#4755 = VECTOR ( 'NONE', #2945, 1000.000000000000000 ) ;
#4756 = PLANE ( 'NONE',  #1060 ) ;
#4757 = CARTESIAN_POINT ( 'NONE',  ( -76.99999999999998579, 35.00000000000000000, 104.9999999999999858 ) ) ;
#4758 = DIRECTION ( 'NONE',  ( -5.551115123125782702E-17, -1.000000000000000000, 0.0000000000000000000 ) ) ;
#4759 = ORIENTED_EDGE ( 'NONE', *, *, #4709, .T. ) ;
#4760 = EDGE_LOOP ( 'NONE', ( #673, #3229, #3726, #2978 ) ) ;
#4761 = CARTESIAN_POINT ( 'NONE',  ( 76.99999999999998579, 19.99999999999998934, 60.00000000000000000 ) ) ;
#4762 = ORIENTED_EDGE ( 'NONE', *, *, #771, .T. ) ;
#4763 = ORIENTED_EDGE ( 'NONE', *, *, #207, .F. ) ;
#4764 = EDGE_CURVE ( 'NONE', #2939, #497, #3709, .T. ) ;
#4765 = CIRCLE ( 'NONE', #4029, 3.000000000000002665 ) ;
#4766 = ORIENTED_EDGE ( 'NONE', *, *, #4437, .F. ) ;
#4767 = ORIENTED_EDGE ( 'NONE', *, *, #2532, .T. ) ;
#4768 = PLANE ( 'NONE',  #4353 ) ;
#4769 = COLOUR_RGB ( '',1.000000000000000000, 1.000000000000000000, 1.000000000000000000 ) ;
#4770 = EDGE_LOOP ( 'NONE', ( #1179, #3197, #4766, #3311 ) ) ;
#4771 = DIRECTION ( 'NONE',  ( 5.551115123125782702E-17, 1.000000000000000000, 0.0000000000000000000 ) ) ;
#4772 = FILL_AREA_STYLE_COLOUR ( '', #3357 ) ;
#4773 = EDGE_CURVE ( 'NONE', #1011, #4460, #317, .T. ) ;
#4774 = AXIS2_PLACEMENT_3D ( 'NONE', #523, #3933, #2064 ) ;
#4775 = FACE_BOUND ( 'NONE', #3247, .T. ) ;
#4776 = DIRECTION ( 'NONE',  ( 5.551115123125782702E-17, 1.000000000000000000, 0.0000000000000000000 ) ) ;
#4777 = DIRECTION ( 'NONE',  ( 0.0000000000000000000, 0.0000000000000000000, -1.000000000000000000 ) ) ;
#4778 = SURFACE_STYLE_USAGE ( .BOTH. , #2489 ) ;
#4779 = DIRECTION ( 'NONE',  ( -0.7071067811865474617, 5.551115123125783935E-17, -0.7071067811865475727 ) ) ;
#4780 = AXIS2_PLACEMENT_3D ( 'NONE', #1801, #4208, #1867 ) ;
#4781 = AXIS2_PLACEMENT_3D ( 'NONE', #594, #3328, #988 ) ;
#4782 = LINE ( 'NONE', #2170, #3932 ) ;
#4783 = DIRECTION ( 'NONE',  ( 0.0000000000000000000, 0.0000000000000000000, 1.000000000000000000 ) ) ;
#4784 = CYLINDRICAL_SURFACE ( 'NONE', #152, 5.099999999999993427 ) ;
#4785 = DIRECTION ( 'NONE',  ( -5.551115123125782702E-17, -1.000000000000000000, 0.0000000000000000000 ) ) ;
#4786 = DIRECTION ( 'NONE',  ( 5.551115123125782702E-17, 1.000000000000000000, 0.0000000000000000000 ) ) ;
#4787 = CARTESIAN_POINT ( 'NONE',  ( -45.00000000000002842, 5.000000000000007994, -92.50000000000002842 ) ) ;
#4788 = CARTESIAN_POINT ( 'NONE',  ( -174.9999999999999716, 19.99999999999999645, 99.99999999999994316 ) ) ;
#4789 = AXIS2_PLACEMENT_3D ( 'NONE', #4150, #2215, #2627 ) ;
#4790 = ORIENTED_EDGE ( 'NONE', *, *, #408, .F. ) ;
#4791 = CARTESIAN_POINT ( 'NONE',  ( 104.9999999999999574, 35.00000000000000711, 61.99999999999998579 ) ) ;
#4792 = CARTESIAN_POINT ( 'NONE',  ( -55.00000000000000000, 19.99999999999999645, -6.938893903907228378E-15 ) ) ;
#4793 = EDGE_CURVE ( 'NONE', #92, #2915, #4323, .T. ) ;
#4794 = DIRECTION ( 'NONE',  ( 5.551115123125782702E-17, 1.000000000000000000, 0.0000000000000000000 ) ) ;
#4795 = EDGE_LOOP ( 'NONE', ( #1021, #4763, #140, #3466 ) ) ;
#4796 = ORIENTED_EDGE ( 'NONE', *, *, #4047, .F. ) ;
#4797 = CARTESIAN_POINT ( 'NONE',  ( 102.4999999999999858, 19.99999999999999645, 19.35000000000000497 ) ) ;
#4798 = ADVANCED_FACE ( 'NONE', ( #3059 ), #863, .F. ) ;
#4799 = ORIENTED_EDGE ( 'NONE', *, *, #2199, .T. ) ;
#4800 = CARTESIAN_POINT ( 'NONE',  ( -154.9999999999999432, 3.469446951953614189E-15, 30.00000000000000000 ) ) ;
#4801 = CARTESIAN_POINT ( 'NONE',  ( -89.99999999999997158, 34.99999999999999289, 84.90000000000000568 ) ) ;
#4802 = ORIENTED_EDGE ( 'NONE', *, *, #2336, .T. ) ;
#4803 = EDGE_LOOP ( 'NONE', ( #3359, #1651, #4929, #1481 ) ) ;
#4804 = CARTESIAN_POINT ( 'NONE',  ( 102.4999999999999858, 19.99999999999999645, 22.75000000000000711 ) ) ;
#4805 = VECTOR ( 'NONE', #1861, 1000.000000000000000 ) ;
#4806 = EDGE_CURVE ( 'NONE', #266, #3124, #3295, .T. ) ;
#4807 = ORIENTED_EDGE ( 'NONE', *, *, #2538, .F. ) ;
#4808 = VERTEX_POINT ( 'NONE', #4738 ) ;
#4809 = CARTESIAN_POINT ( 'NONE',  ( 74.99999999999998579, 20.00000000000000355, -103.0000000000000142 ) ) ;
#4810 = CARTESIAN_POINT ( 'NONE',  ( 50.00000000000000000, 1.387778780781445676E-14, 99.99999999999997158 ) ) ;
#4811 = VECTOR ( 'NONE', #3836, 1000.000000000000000 ) ;
#4812 = CIRCLE ( 'NONE', #2365, 4.500000000000003553 ) ;
#4813 = LINE ( 'NONE', #4828, #1470 ) ;
#4814 = ORIENTED_EDGE ( 'NONE', *, *, #3603, .T. ) ;
#4815 = DIRECTION ( 'NONE',  ( 5.551115123125782702E-17, 1.000000000000000000, 0.0000000000000000000 ) ) ;
#4816 = CIRCLE ( 'NONE', #2332, 30.00000000000000000 ) ;
#4817 = ORIENTED_EDGE ( 'NONE', *, *, #1221, .F. ) ;
#4818 = AXIS2_PLACEMENT_3D ( 'NONE', #1039, #2563, #1802 ) ;
#4819 = VERTEX_POINT ( 'NONE', #3235 ) ;
#4820 = CARTESIAN_POINT ( 'NONE',  ( 1.318389841742373589E-15, 20.00000000000001066, -142.5000000000000000 ) ) ;
#4821 = CARTESIAN_POINT ( 'NONE',  ( -90.00000000000000000, 35.00000000000000711, -89.99999999999998579 ) ) ;
#4822 = EDGE_CURVE ( 'NONE', #2748, #1844, #2202, .T. ) ;
#4823 = ORIENTED_EDGE ( 'NONE', *, *, #1448, .F. ) ;
#4824 = ORIENTED_EDGE ( 'NONE', *, *, #4912, .T. ) ;
#4825 = CARTESIAN_POINT ( 'NONE',  ( -60.00000000000000000, -6.938893903907228378E-15, -82.49999999999998579 ) ) ;
#4826 = ADVANCED_FACE ( 'NONE', ( #4864 ), #4365, .F. ) ;
#4827 = CARTESIAN_POINT ( 'NONE',  ( -59.99999999999994316, -3.469446951953614189E-15, 100.0000000000000000 ) ) ;
#4828 = CARTESIAN_POINT ( 'NONE',  ( -105.0000000000000000, 35.00000000000000000, 62.00000000000000000 ) ) ;
#4829 = VECTOR ( 'NONE', #716, 1000.000000000000000 ) ;
#4830 = CARTESIAN_POINT ( 'NONE',  ( -102.9999999999999574, 20.00000000000000000, 104.9999999999999858 ) ) ;
#4831 = CYLINDRICAL_SURFACE ( 'NONE', #3604, 3.000000000000002665 ) ;
#4832 = CARTESIAN_POINT ( 'NONE',  ( 103.0000000000000142, 35.00000000000000000, -105.0000000000000426 ) ) ;
#4833 = EDGE_CURVE ( 'NONE', #2835, #457, #2333, .T. ) ;
#4834 = ORIENTED_EDGE ( 'NONE', *, *, #2405, .T. ) ;
#4835 = DIRECTION ( 'NONE',  ( 0.0000000000000000000, 0.0000000000000000000, 1.000000000000000000 ) ) ;
#4836 = CYLINDRICAL_SURFACE ( 'NONE', #1806, 4.500000000000003553 ) ;
#4837 = EDGE_CURVE ( 'NONE', #2162, #110, #2810, .T. ) ;
#4838 = CARTESIAN_POINT ( 'NONE',  ( 76.99999999999997158, 34.99999999999999289, 104.9999999999999858 ) ) ;
#4839 =( GEOMETRIC_REPRESENTATION_CONTEXT ( 3 ) GLOBAL_UNCERTAINTY_ASSIGNED_CONTEXT ( ( #3378 ) ) GLOBAL_UNIT_ASSIGNED_CONTEXT ( ( #1776, #4883, #4553 ) ) REPRESENTATION_CONTEXT ( 'NONE', 'WORKASPACE' ) );
#4840 = VECTOR ( 'NONE', #1306, 1000.000000000000000 ) ;
#4841 = CARTESIAN_POINT ( 'NONE',  ( 112.9999999999999858, 1.734723475976807094E-15, -104.2437909203321027 ) ) ;
#4842 = LINE ( 'NONE', #1097, #2733 ) ;
#4843 =( LENGTH_UNIT ( ) NAMED_UNIT ( * ) SI_UNIT ( .MILLI., .METRE. ) );
#4844 = CYLINDRICAL_SURFACE ( 'NONE', #428, 5.099999999999993427 ) ;
#4845 = MECHANICAL_DESIGN_GEOMETRIC_PRESENTATION_REPRESENTATION (  '', ( #97 ), #3200 ) ;
#4846 = LINE ( 'NONE', #2851, #3813 ) ;
#4847 = CARTESIAN_POINT ( 'NONE',  ( 89.99999999999998579, 20.00000000000000000, -90.00000000000001421 ) ) ;
#4848 = ORIENTED_EDGE ( 'NONE', *, *, #3178, .T. ) ;
#4849 = CARTESIAN_POINT ( 'NONE',  ( 120.0000000000000000, 20.00000000000001066, 95.00000000000000000 ) ) ;
#4850 = CARTESIAN_POINT ( 'NONE',  ( -95.00000000000001421, 19.99999999999999645, -67.00000000000002842 ) ) ;
#4851 = DIRECTION ( 'NONE',  ( 0.0000000000000000000, 0.0000000000000000000, -1.000000000000000000 ) ) ;
#4852 = DIRECTION ( 'NONE',  ( 1.665334536937735304E-16, 0.0000000000000000000, 1.000000000000000000 ) ) ;
#4853 = VERTEX_POINT ( 'NONE', #2068 ) ;
#4854 = AXIS2_PLACEMENT_3D ( 'NONE', #3514, #2353, #2378 ) ;
#4855 = EDGE_LOOP ( 'NONE', ( #983, #246, #2564, #872 ) ) ;
#4856 = DIRECTION ( 'NONE',  ( 0.0000000000000000000, 0.0000000000000000000, 1.000000000000000000 ) ) ;
#4857 = EDGE_CURVE ( 'NONE', #1873, #58, #1943, .T. ) ;
#4858 = CARTESIAN_POINT ( 'NONE',  ( -103.0000000000000142, 20.00000000000001066, -105.0000000000000284 ) ) ;
#4859 = DIRECTION ( 'NONE',  ( -5.551115123125782702E-17, 0.0000000000000000000, 1.000000000000000000 ) ) ;
#4860 = FACE_OUTER_BOUND ( 'NONE', #1345, .T. ) ;
#4861 = ORIENTED_EDGE ( 'NONE', *, *, #4537, .T. ) ;
#4862 = EDGE_LOOP ( 'NONE', ( #2230, #2266, #2020, #3163 ) ) ;
#4863 = LINE ( 'NONE', #3218, #3832 ) ;
#4864 = FACE_OUTER_BOUND ( 'NONE', #2826, .T. ) ;
#4865 = ORIENTED_EDGE ( 'NONE', *, *, #1550, .T. ) ;
#4866 = EDGE_CURVE ( 'NONE', #4016, #968, #913, .T. ) ;
#4867 = CIRCLE ( 'NONE', #1725, 3.400000000000000355 ) ;
#4868 =( NAMED_UNIT ( * ) SI_UNIT ( $, .STERADIAN. ) SOLID_ANGLE_UNIT ( ) );
#4869 = FACE_OUTER_BOUND ( 'NONE', #945, .T. ) ;
#4870 = ORIENTED_EDGE ( 'NONE', *, *, #2557, .F. ) ;
#4871 = CIRCLE ( 'NONE', #2520, 5.099999999999993427 ) ;
#4872 = DIRECTION ( 'NONE',  ( 5.551115123125782702E-17, 1.000000000000000000, 0.0000000000000000000 ) ) ;
#4873 = ADVANCED_FACE ( 'NONE', ( #248 ), #1277, .F. ) ;
#4874 = VECTOR ( 'NONE', #4852, 1000.000000000000000 ) ;
#4875 = ORIENTED_EDGE ( 'NONE', *, *, #3062, .T. ) ;
#4876 = DIRECTION ( 'NONE',  ( 1.000000000000000000, 5.551115123125782702E-17, -5.551115123125782702E-17 ) ) ;
#4877 = EDGE_LOOP ( 'NONE', ( #3942, #1854, #1770, #5013, #1152, #995, #3078, #3734, #3401, #1271, #2530, #4918, #1251, #4041, #3760, #4762, #2319, #3656, #1947, #391, #3007, #1774, #3847, #3482, #948, #3433, #5025, #4087, #4370, #1727, #3285, #4013, #3231, #167, #1857, #1117, #4615 ) ) ;
#4878 = CIRCLE ( 'NONE', #1386, 5.099999999999993427 ) ;
#4879 = EDGE_LOOP ( 'NONE', ( #613, #182 ) ) ;
#4880 = EDGE_LOOP ( 'NONE', ( #3916, #3554, #4455, #3015, #4383, #3594, #267, #450 ) ) ;
#4881 = STYLED_ITEM ( 'NONE', ( #3645 ), #4510 ) ;
#4882 = ORIENTED_EDGE ( 'NONE', *, *, #3648, .T. ) ;
#4883 =( NAMED_UNIT ( * ) PLANE_ANGLE_UNIT ( ) SI_UNIT ( $, .RADIAN. ) );
#4884 = ORIENTED_EDGE ( 'NONE', *, *, #1023, .F. ) ;
#4885 = SURFACE_SIDE_STYLE ('',( #845 ) ) ;
#4886 =( NAMED_UNIT ( * ) PLANE_ANGLE_UNIT ( ) SI_UNIT ( $, .RADIAN. ) );
#4887 = EDGE_CURVE ( 'NONE', #307, #4945, #186, .T. ) ;
#4888 = LINE ( 'NONE', #4001, #1187 ) ;
#4889 = DIRECTION ( 'NONE',  ( -0.7071067811865479058, -4.703701525700103811E-17, 0.7071067811865471286 ) ) ;
#4890 = CARTESIAN_POINT ( 'NONE',  ( -89.99999999999997158, 19.99999999999998934, 90.00000000000000000 ) ) ;
#4891 = CARTESIAN_POINT ( 'NONE',  ( -154.9999999999999716, 20.00000000000000000, 30.00000000000000000 ) ) ;
#4892 = CIRCLE ( 'NONE', #1496, 5.099999999999993427 ) ;
#4893 = FACE_OUTER_BOUND ( 'NONE', #4880, .T. ) ;
#4894 = EDGE_CURVE ( 'NONE', #2767, #2508, #5, .T. ) ;
#4895 = CARTESIAN_POINT ( 'NONE',  ( 102.9999999999999716, 34.99999999999999289, 59.99999999999998579 ) ) ;
#4896 = ADVANCED_FACE ( 'NONE', ( #1032 ), #4549, .F. ) ;
#4897 = VERTEX_POINT ( 'NONE', #3693 ) ;
#4898 = CARTESIAN_POINT ( 'NONE',  ( -75.00000000000000000, 35.00000000000000000, 62.00000000000001421 ) ) ;
#4899 = FILL_AREA_STYLE_COLOUR ( '', #4647 ) ;
#4900 = DIRECTION ( 'NONE',  ( -1.000000000000000000, 0.0000000000000000000, 4.996003610813204432E-16 ) ) ;
#4901 = CARTESIAN_POINT ( 'NONE',  ( 60.00000000000000000, 19.99999999999999645, -87.00000000000000000 ) ) ;
#4902 = EDGE_CURVE ( 'NONE', #239, #4282, #3232, .T. ) ;
#4903 = CARTESIAN_POINT ( 'NONE',  ( -104.9999999999999858, 35.00000000000000000, 102.9999999999999858 ) ) ;
#4904 = CARTESIAN_POINT ( 'NONE',  ( -49.99999999999998579, -1.734723475976807094E-15, 4.999999999999997335 ) ) ;
#4905 = DIRECTION ( 'NONE',  ( -5.551115123125782702E-17, -1.000000000000000000, 0.0000000000000000000 ) ) ;
#4906 = CIRCLE ( 'NONE', #2579, 2.999999999999988898 ) ;
#4907 = LINE ( 'NONE', #4677, #1928 ) ;
#4908 = AXIS2_PLACEMENT_3D ( 'NONE', #796, #3513, #3601 ) ;
#4909 = AXIS2_PLACEMENT_3D ( 'NONE', #1070, #2666, #3840 ) ;
#4910 = CARTESIAN_POINT ( 'NONE',  ( -165.0000000000000000, 0.0000000000000000000, 100.0000000000000000 ) ) ;
#4911 = ORIENTED_EDGE ( 'NONE', *, *, #1933, .F. ) ;
#4912 = EDGE_CURVE ( 'NONE', #2088, #3393, #4375, .T. ) ;
#4913 = DIRECTION ( 'NONE',  ( 0.0000000000000000000, 0.0000000000000000000, 1.000000000000000000 ) ) ;
#4914 = ORIENTED_EDGE ( 'NONE', *, *, #305, .T. ) ;
#4915 = VERTEX_POINT ( 'NONE', #1332 ) ;
#4916 = DIRECTION ( 'NONE',  ( -5.551115123125782702E-17, -1.000000000000000000, 0.0000000000000000000 ) ) ;
#4917 = ADVANCED_FACE ( 'NONE', ( #1641 ), #2554, .F. ) ;
#4918 = ORIENTED_EDGE ( 'NONE', *, *, #3014, .T. ) ;
#4919 = EDGE_CURVE ( 'NONE', #74, #3984, #4205, .T. ) ;
#4920 = ORIENTED_EDGE ( 'NONE', *, *, #2510, .F. ) ;
#4921 = SURFACE_SIDE_STYLE ('',( #922 ) ) ;
#4922 = FILL_AREA_STYLE_COLOUR ( '', #445 ) ;
#4923 = FACE_OUTER_BOUND ( 'NONE', #1166, .T. ) ;
#4924 = EDGE_LOOP ( 'NONE', ( #86, #1042, #4031, #2355 ) ) ;
#4925 = ORIENTED_EDGE ( 'NONE', *, *, #4773, .F. ) ;
#4926 = FACE_OUTER_BOUND ( 'NONE', #2586, .T. ) ;
#4927 = SURFACE_STYLE_FILL_AREA ( #2607 ) ;
#4928 = EDGE_CURVE ( 'NONE', #2535, #4753, #1883, .T. ) ;
#4929 = ORIENTED_EDGE ( 'NONE', *, *, #2592, .F. ) ;
#4930 = ORIENTED_EDGE ( 'NONE', *, *, #3467, .F. ) ;
#4931 = CARTESIAN_POINT ( 'NONE',  ( -154.9999999999999432, 0.0000000000000000000, -9.999999999999994671 ) ) ;
#4932 = FILL_AREA_STYLE_COLOUR ( '', #2807 ) ;
#4933 = CYLINDRICAL_SURFACE ( 'NONE', #3366, 2.499999999999988454 ) ;
#4934 = CARTESIAN_POINT ( 'NONE',  ( -60.00000000000000000, -6.938893903907228378E-15, -82.49999999999998579 ) ) ;
#4935 = CARTESIAN_POINT ( 'NONE',  ( -90.00000000000000000, 35.00000000000000711, -95.09999999999998010 ) ) ;
#4936 = ORIENTED_EDGE ( 'NONE', *, *, #4308, .T. ) ;
#4937 = EDGE_LOOP ( 'NONE', ( #869, #1383 ) ) ;
#4938 = DIRECTION ( 'NONE',  ( 5.551115123125782702E-17, 1.000000000000000000, 0.0000000000000000000 ) ) ;
#4939 = DIRECTION ( 'NONE',  ( 5.551115123125782702E-17, 1.000000000000000000, 0.0000000000000000000 ) ) ;
#4940 = DIRECTION ( 'NONE',  ( 1.000000000000000000, 0.0000000000000000000, -2.220446049250313081E-16 ) ) ;
#4941 = LINE ( 'NONE', #2676, #3913 ) ;
#4942 = CARTESIAN_POINT ( 'NONE',  ( -102.9999999999999858, 35.00000000000000000, 104.9999999999999858 ) ) ;
#4943 =( NAMED_UNIT ( * ) PLANE_ANGLE_UNIT ( ) SI_UNIT ( $, .RADIAN. ) );
#4944 = ORIENTED_EDGE ( 'NONE', *, *, #2647, .T. ) ;
#4945 = VERTEX_POINT ( 'NONE', #181 ) ;
#4946 = SURFACE_STYLE_FILL_AREA ( #4966 ) ;
#4947 = ADVANCED_FACE ( 'NONE', ( #178 ), #1459, .T. ) ;
#4948 = MANIFOLD_SOLID_BREP ( 'Cut-Extrude1', #4346 ) ;
#4949 = AXIS2_PLACEMENT_3D ( 'NONE', #2979, #2233, #1028 ) ;
#4950 = PRESENTATION_STYLE_ASSIGNMENT (( #4705 ) ) ;
#4951 = CARTESIAN_POINT ( 'NONE',  ( 89.99999999999998579, 35.00000000000000000, -95.10000000000000853 ) ) ;
#4952 = PLANE ( 'NONE',  #2624 ) ;
#4953 = CARTESIAN_POINT ( 'NONE',  ( -105.0000000000000000, 35.00000000000000000, 62.00000000000000000 ) ) ;
#4954 = EDGE_CURVE ( 'NONE', #1613, #4541, #790, .T. ) ;
#4955 = DIRECTION ( 'NONE',  ( -5.551115123125782702E-17, -6.162975822039154730E-33, -1.000000000000000000 ) ) ;
#4956 = LINE ( 'NONE', #3730, #3921 ) ;
#4957 = DIRECTION ( 'NONE',  ( -5.551115123125782702E-17, -1.000000000000000000, 0.0000000000000000000 ) ) ;
#4958 = CARTESIAN_POINT ( 'NONE',  ( -45.00000000000002842, 5.000000000000007994, -97.50000000000000000 ) ) ;
#4959 = DIRECTION ( 'NONE',  ( -0.7071067811865463515, -5.551115123125782702E-17, -0.7071067811865487940 ) ) ;
#4960 = CARTESIAN_POINT ( 'NONE',  ( -135.0000000000000000, 19.99999999999998934, 59.99999999999998579 ) ) ;
#4961 = FACE_BOUND ( 'NONE', #1087, .T. ) ;
#4962 = EDGE_CURVE ( 'NONE', #4484, #4567, #731, .T. ) ;
#4963 = AXIS2_PLACEMENT_3D ( 'NONE', #4735, #4771, #1275 ) ;
#4964 = FACE_BOUND ( 'NONE', #4436, .T. ) ;
#4965 = LINE ( 'NONE', #2057, #3935 ) ;
#4966 = FILL_AREA_STYLE ('',( #291 ) ) ;
#4967 = SURFACE_STYLE_USAGE ( .BOTH. , #1476 ) ;
#4968 = DIRECTION ( 'NONE',  ( 5.551115123125782702E-17, 1.000000000000000000, 0.0000000000000000000 ) ) ;
#4969 = AXIS2_PLACEMENT_3D ( 'NONE', #740, #409, #392 ) ;
#4970 = AXIS2_PLACEMENT_3D ( 'NONE', #1798, #3720, #4086 ) ;
#4971 = SURFACE_STYLE_FILL_AREA ( #2506 ) ;
#4972 = CARTESIAN_POINT ( 'NONE',  ( -95.00000000000001421, 34.99999999999999289, -73.00000000000001421 ) ) ;
#4973 = ADVANCED_FACE ( 'NONE', ( #4860 ), #4952, .F. ) ;
#4974 = DIRECTION ( 'NONE',  ( -5.551115123125782702E-17, -1.000000000000000000, 0.0000000000000000000 ) ) ;
#4975 = SURFACE_SIDE_STYLE ('',( #1985 ) ) ;
#4976 = MECHANICAL_DESIGN_GEOMETRIC_PRESENTATION_REPRESENTATION (  '', ( #40 ), #4622 ) ;
#4977 = ORIENTED_EDGE ( 'NONE', *, *, #2070, .T. ) ;
#4978 = EDGE_CURVE ( 'NONE', #1788, #859, #3830, .T. ) ;
#4979 = CIRCLE ( 'NONE', #201, 4.500000000000003553 ) ;
#4980 = CARTESIAN_POINT ( 'NONE',  ( -49.99999999999996447, 19.99999999999999289, 100.0000000000000000 ) ) ;
#4981 =( NAMED_UNIT ( * ) SI_UNIT ( $, .STERADIAN. ) SOLID_ANGLE_UNIT ( ) );
#4982 = VECTOR ( 'NONE', #1931, 1000.000000000000114 ) ;
#4983 = PLANE ( 'NONE',  #3678 ) ;
#4984 = CARTESIAN_POINT ( 'NONE',  ( 102.9999999999999716, 19.99999999999998224, 105.0000000000000142 ) ) ;
#4985 = VERTEX_POINT ( 'NONE', #3737 ) ;
#4986 = CIRCLE ( 'NONE', #4258, 5.099999999999993427 ) ;
#4987 = PLANE ( 'NONE',  #519 ) ;
#4988 = DIRECTION ( 'NONE',  ( -2.775557561562891351E-16, -5.551115123125782702E-17, 1.000000000000000000 ) ) ;
#4989 = ORIENTED_EDGE ( 'NONE', *, *, #2705, .T. ) ;
#4990 = CARTESIAN_POINT ( 'NONE',  ( 1.734723475976807094E-15, 20.00000000000000000, -105.0000000000000142 ) ) ;
#4991 = ORIENTED_EDGE ( 'NONE', *, *, #1792, .T. ) ;
#4992 = COLOUR_RGB ( '',0.6470588235294117974, 0.6196078431372549211, 0.5882352941176470784 ) ;
#4993 = LINE ( 'NONE', #4445, #3907 ) ;
#4994 = CARTESIAN_POINT ( 'NONE',  ( -89.99999999999997158, 34.99999999999999289, 95.09999999999999432 ) ) ;
#4995 = VERTEX_POINT ( 'NONE', #204 ) ;
#4996 = ORIENTED_EDGE ( 'NONE', *, *, #1763, .F. ) ;
#4997 = DIRECTION ( 'NONE',  ( -5.551115123125782702E-17, -1.000000000000000000, 0.0000000000000000000 ) ) ;
#4998 = ADVANCED_FACE ( 'NONE', ( #433 ), #3053, .F. ) ;
#4999 = VECTOR ( 'NONE', #799, 1000.000000000000000 ) ;
#5000 = EDGE_CURVE ( 'NONE', #397, #2869, #2863, .T. ) ;
#5001 = AXIS2_PLACEMENT_3D ( 'NONE', #2357, #1502, #4227 ) ;
#5002 = ORIENTED_EDGE ( 'NONE', *, *, #3626, .T. ) ;
#5003 = ORIENTED_EDGE ( 'NONE', *, *, #788, .T. ) ;
#5004 = DIRECTION ( 'NONE',  ( -5.551115123125782702E-17, -1.000000000000000000, 0.0000000000000000000 ) ) ;
#5005 = DIRECTION ( 'NONE',  ( 0.0000000000000000000, 0.0000000000000000000, 1.000000000000000000 ) ) ;
#5006 = CARTESIAN_POINT ( 'NONE',  ( 44.99999999999997158, 5.000000000000002665, -95.00000000000002842 ) ) ;
#5007 = ORIENTED_EDGE ( 'NONE', *, *, #1059, .T. ) ;
#5008 = CARTESIAN_POINT ( 'NONE',  ( 95.00000000000000000, 34.99999999999999289, 70.00000000000000000 ) ) ;
#5009 = DIRECTION ( 'NONE',  ( 5.551115123125782702E-17, 1.000000000000000000, 0.0000000000000000000 ) ) ;
#5010 = LINE ( 'NONE', #3191, #3025 ) ;
#5011 = FILL_AREA_STYLE_COLOUR ( '', #199 ) ;
#5012 = PRESENTATION_LAYER_ASSIGNMENT (  '', '', ( #614 ) ) ;
#5013 = ORIENTED_EDGE ( 'NONE', *, *, #3088, .T. ) ;
#5014 = CARTESIAN_POINT ( 'NONE',  ( -105.0000000000000142, 20.00000000000000355, -103.0000000000000284 ) ) ;
#5015 = LINE ( 'NONE', #4660, #2036 ) ;
#5016 = UNCERTAINTY_MEASURE_WITH_UNIT (LENGTH_MEASURE( 1.000000000000000082E-05 ), #1724, 'distance_accuracy_value', 'NONE');
#5017 = EDGE_CURVE ( 'NONE', #4567, #2401, #3943, .T. ) ;
#5018 = VECTOR ( 'NONE', #4124, 1000.000000000000000 ) ;
#5019 = LINE ( 'NONE', #3039, #3986 ) ;
#5020 = DIRECTION ( 'NONE',  ( -1.899198719357591255E-17, 0.5150380749100562650, 0.8571673007021111124 ) ) ;
#5021 = PLANE ( 'NONE',  #3336 ) ;
#5022 = ORIENTED_EDGE ( 'NONE', *, *, #2217, .T. ) ;
#5023 = EDGE_CURVE ( 'NONE', #1873, #2710, #2003, .T. ) ;
#5024 = CARTESIAN_POINT ( 'NONE',  ( -89.99999999999997158, 34.99999999999999289, 95.09999999999999432 ) ) ;
#5025 = ORIENTED_EDGE ( 'NONE', *, *, #13, .T. ) ;
#5026 = ADVANCED_FACE ( 'NONE', ( #3705 ), #4428, .F. ) ;
#5027 = VECTOR ( 'NONE', #1615, 1000.000000000000000 ) ;
#5028 = CARTESIAN_POINT ( 'NONE',  ( -60.00000000000000000, 20.00000000000000355, -77.99999999999998579 ) ) ;
#5029 = EDGE_LOOP ( 'NONE', ( #2077, #188, #4051, #929 ) ) ;
#5030 = FILL_AREA_STYLE_COLOUR ( '', #3509 ) ;
#5031 = EDGE_CURVE ( 'NONE', #3911, #4703, #1822, .T. ) ;
#5032 = LINE ( 'NONE', #1728, #2976 ) ;
#5033 = ORIENTED_EDGE ( 'NONE', *, *, #1421, .F. ) ;
#5034 = ORIENTED_EDGE ( 'NONE', *, *, #3503, .F. ) ;
#5035 = ORIENTED_EDGE ( 'NONE', *, *, #4551, .T. ) ;
#5036 = DIRECTION ( 'NONE',  ( 0.0000000000000000000, 0.0000000000000000000, -1.000000000000000000 ) ) ;
#5037 = EDGE_LOOP ( 'NONE', ( #1408, #14 ) ) ;
#5038 = NEXT_ASSEMBLY_USAGE_OCCURRENCE ( 'NAUO1', ' ', ' ', #2340, #1472, $ ) ;
ENDSEC;
END-ISO-10303-21;
