;FLAVOR:Marlin
;TIME:2587
;Filament used: 0.695944m
;Layer height: 0.1
;MINX:73.345
;MINY:89.137
;MINZ:0.1
;MAXX:161.705
;MAXY:98.297
;MAXZ:22
;TARGET_MACHINE.NAME:Creality Ender-3
;Generated with Cura_SteamEngine 5.11.0
M140 S60
M105
M190 S60
M104 S212
M105
M109 S212
; Ender 3 Custom Start G-code
G92 E0 ; Reset Extruder
G28 ; Home all axes
G1 Z2.0 F3000 ; Move Z Axis up little to prevent scratching of Heat Bed
G1 X0.1 Y20 Z0.3 F5000.0 ; Move to start position
G1 X0.1 Y200.0 Z0.3 F1500.0 E15 ; Draw the first line
G1 X0.4 Y200.0 Z0.3 F5000.0 ; Move to side a little
G1 X0.4 Y20 Z0.3 F1500.0 E30 ; Draw the second line
G92 E0 ; Reset Extruder
G1 Z2.0 F3000 ; Move Z Axis up little to prevent scratching of Heat Bed
G1 X5 Y20 Z0.3 F5000.0 ; Move over to prevent blob squish
M82 ;absolute extrusion mode
G92 E0
G92 E0
G1 F1500 E-6.5
;LAYER_COUNT:220
;LAYER:0
M107
G0 F6000 X75.003 Y89.993 Z0.1
;TYPE:SKIRT
G1 F1500 E0
G1 F1200 X76.096 Y89.341 E0.02117
G1 X77.151 Y89.167 E0.03895
G1 X157.941 Y89.137 E1.38249
G1 X158.97 Y89.39 E1.40011
G1 X160.071 Y89.96 E1.42073
G1 X160.848 Y90.794 E1.43969
G1 X161.462 Y91.827 E1.45967
G1 X161.513 Y91.971 E1.46221
G1 X161.695 Y93.192 E1.48274
G1 X161.705 Y94.534 E1.50506
G1 X161.458 Y95.55 E1.52245
G1 X160.882 Y96.663 E1.54329
G1 X160.047 Y97.441 E1.56227
G1 X158.954 Y98.093 E1.58343
G1 X157.899 Y98.267 E1.60121
G1 X77.109 Y98.297 E2.94476
G1 X76.08 Y98.044 E2.96238
G1 X74.979 Y97.474 E2.983
G1 X74.202 Y96.64 E3.00195
G1 X73.588 Y95.607 E3.02194
G1 X73.537 Y95.463 E3.02448
G1 X73.355 Y94.242 E3.04501
G1 X73.345 Y92.9 E3.06733
G1 X73.592 Y91.884 E3.08471
G1 X74.168 Y90.771 E3.10556
G1 X75.003 Y89.993 E3.12453
G0 F6000 X75.245 Y90.315
G1 F1200 X76.236 Y89.724 E3.14372
G1 X77.216 Y89.562 E3.16024
G1 X157.895 Y89.537 E4.50194
G1 X158.827 Y89.766 E4.5179
G1 X159.824 Y90.282 E4.53657
G1 X160.527 Y91.037 E4.55372
G1 X161.118 Y92.031 E4.57296
G1 X161.295 Y93.195 E4.59254
G1 X161.305 Y94.486 E4.61401
G1 X161.08 Y95.411 E4.62984
G1 X160.56 Y96.416 E4.64866
G1 X159.805 Y97.119 E4.66581
G1 X158.814 Y97.71 E4.685
G1 X157.834 Y97.872 E4.70152
G1 X77.155 Y97.897 E6.04322
G1 X76.223 Y97.668 E6.05918
G1 X75.226 Y97.152 E6.07784
G1 X74.523 Y96.397 E6.095
G1 X73.932 Y95.403 E6.11423
G1 X73.755 Y94.239 E6.13381
G1 X73.745 Y92.948 E6.15528
G1 X73.97 Y92.023 E6.17111
G1 X74.49 Y91.018 E6.18993
G1 X75.245 Y90.315 E6.20709
G0 F6000 X75.484 Y90.639
G1 F1200 X76.376 Y90.107 E6.22436
G1 X77.281 Y89.957 E6.23961
G1 X157.849 Y89.937 E7.57947
G1 X158.684 Y90.142 E7.59376
G1 X159.579 Y90.605 E7.61052
G1 X160.203 Y91.276 E7.62576
G1 X160.735 Y92.17 E7.64306
G1 X160.895 Y93.198 E7.66036
G1 X160.905 Y94.438 E7.68098
G1 X160.702 Y95.272 E7.69526
G1 X160.237 Y96.171 E7.71209
G1 X159.566 Y96.795 E7.72733
G1 X158.674 Y97.327 E7.7446
G1 X157.769 Y97.477 E7.75986
G1 X77.201 Y97.497 E9.09971
G1 X76.366 Y97.292 E9.11401
G1 X75.471 Y96.829 E9.13076
G1 X74.847 Y96.158 E9.146
G1 X74.315 Y95.264 E9.1633
G1 X74.155 Y94.236 E9.1806
G1 X74.145 Y92.996 E9.20123
G1 X74.348 Y92.162 E9.2155
G1 X74.813 Y91.263 E9.23233
G1 X75.484 Y90.639 E9.24757
G0 F6000 X75.723 Y90.963
G1 F1200 X76.516 Y90.49 E9.26293
G1 X77.347 Y90.352 E9.27693
G1 X157.803 Y90.337 E10.61492
G1 X158.541 Y90.518 E10.62756
G1 X159.334 Y90.928 E10.64241
G1 X159.879 Y91.515 E10.65573
G1 X160.352 Y92.309 E10.6711
G1 X160.495 Y93.201 E10.68612
G1 X160.505 Y94.39 E10.70589
G1 X160.324 Y95.133 E10.71861
G1 X159.914 Y95.926 E10.73346
G1 X159.327 Y96.471 E10.74678
G1 X158.534 Y96.944 E10.76213
G1 X157.703 Y97.082 E10.77614
G1 X77.247 Y97.097 E12.11413
G1 X76.509 Y96.916 E12.12677
G1 X75.716 Y96.506 E12.14161
G1 X75.171 Y95.919 E12.15493
G1 X74.698 Y95.125 E12.1703
G1 X74.555 Y94.233 E12.18533
G1 X74.545 Y93.044 E12.2051
G1 X74.726 Y92.301 E12.21782
G1 X75.136 Y91.508 E12.23266
G1 X75.723 Y90.963 E12.24599
G0 F6000 X75.962 Y91.287
G1 F1200 X76.656 Y90.873 E12.25942
G1 X77.413 Y90.747 E12.27219
G1 X157.753 Y90.737 E13.60825
G1 X158.402 Y90.896 E13.61936
G1 X159.089 Y91.251 E13.63222
G1 X159.555 Y91.754 E13.64362
G1 X159.969 Y92.448 E13.65706
G1 X160.095 Y93.205 E13.66982
G1 X160.105 Y94.342 E13.68873
G1 X159.946 Y94.994 E13.69989
G1 X159.591 Y95.681 E13.71275
G1 X159.088 Y96.147 E13.72415
G1 X158.394 Y96.561 E13.73759
G1 X157.637 Y96.687 E13.75036
G1 X77.297 Y96.697 E15.08642
G1 X76.648 Y96.538 E15.09753
G1 X75.961 Y96.183 E15.11039
G1 X75.495 Y95.68 E15.12179
G1 X75.081 Y94.986 E15.13523
G1 X74.955 Y94.229 E15.14799
G1 X74.945 Y93.092 E15.1669
G1 X75.104 Y92.44 E15.17806
G1 X75.459 Y91.753 E15.19092
G1 X75.962 Y91.287 E15.20232
G0 F6000 X76.201 Y91.611
G1 F1200 X76.796 Y91.256 E15.21385
G1 X77.479 Y91.142 E15.22536
G1 X157.703 Y91.137 E16.55949
G1 X158.263 Y91.274 E16.56908
G1 X158.843 Y91.574 E16.57994
G1 X159.231 Y91.993 E16.58944
G1 X159.586 Y92.588 E16.60096
G1 X159.7 Y93.271 E16.61247
G1 X159.705 Y94.294 E16.62949
G1 X159.568 Y94.855 E16.63909
G1 X159.268 Y95.435 E16.64995
G1 X158.849 Y95.823 E16.65945
G1 X158.254 Y96.178 E16.67097
G1 X157.571 Y96.292 E16.68248
G1 X77.347 Y96.297 E18.01661
G1 X76.787 Y96.16 E18.0262
G1 X76.207 Y95.86 E18.03706
G1 X75.819 Y95.441 E18.04656
G1 X75.464 Y94.846 E18.05808
G1 X75.35 Y94.163 E18.0696
G1 X75.345 Y93.14 E18.08661
G1 X75.482 Y92.579 E18.09621
G1 X75.782 Y91.999 E18.10707
G1 X76.201 Y91.611 E18.11657
G0 F6000 X76.443 Y91.932
G1 F1200 X76.934 Y91.639 E18.12608
G1 X77.545 Y91.537 E18.13638
G1 X157.653 Y91.537 E19.46858
G1 X158.124 Y91.652 E19.47664
G1 X158.597 Y91.897 E19.4855
G1 X158.91 Y92.235 E19.49316
G1 X159.203 Y92.726 E19.50267
G1 X159.305 Y93.337 E19.51297
G1 X159.305 Y94.245 E19.52807
G1 X159.19 Y94.716 E19.53614
G1 X158.945 Y95.189 E19.54499
G1 X158.607 Y95.502 E19.55265
G1 X158.116 Y95.795 E19.56216
G1 X157.505 Y95.897 E19.57247
G1 X77.397 Y95.897 E20.90467
G1 X76.926 Y95.782 E20.91273
G1 X76.453 Y95.537 E20.92159
G1 X76.14 Y95.199 E20.92925
G1 X75.847 Y94.708 E20.93876
G1 X75.745 Y94.097 E20.94906
G1 X75.745 Y93.189 E20.96416
G1 X75.86 Y92.718 E20.97222
G1 X76.105 Y92.245 E20.98108
G1 X76.443 Y91.932 E20.98874
G0 F6000 X76.685 Y92.253
G1 F1200 X77.072 Y92.022 E20.99624
G1 X77.545 Y91.937 E21.00423
G1 X157.603 Y91.937 E22.3356
G1 X157.985 Y92.03 E22.34214
G1 X158.351 Y92.22 E22.349
G1 X158.589 Y92.477 E22.35482
G1 X158.82 Y92.864 E22.36232
G1 X158.905 Y93.337 E22.37031
G1 X158.905 Y94.195 E22.38458
G1 X158.812 Y94.577 E22.39111
G1 X158.622 Y94.943 E22.39797
G1 X158.365 Y95.181 E22.4038
G1 X157.978 Y95.412 E22.41129
G1 X157.505 Y95.497 E22.41928
G1 X77.447 Y95.497 E23.75065
G1 X77.065 Y95.404 E23.75719
G1 X76.699 Y95.214 E23.76405
G1 X76.461 Y94.957 E23.76988
G1 X76.23 Y94.57 E23.77737
G1 X76.145 Y94.097 E23.78536
G1 X76.145 Y93.239 E23.79963
G1 X76.238 Y92.857 E23.80617
G1 X76.428 Y92.491 E23.81303
G1 X76.685 Y92.253 E23.81885
G0 F6000 X76.89 Y92.597
G1 F1200 X76.752 Y92.736 E23.82211
G1 X76.615 Y92.999 E23.82704
G1 X76.545 Y93.288 E23.83199
G1 X76.545 Y94.097 E23.84544
G1 X76.61 Y94.425 E23.851
G1 X76.805 Y94.752 E23.85733
G1 X76.944 Y94.89 E23.86059
G1 X77.207 Y95.027 E23.86552
G1 X77.496 Y95.097 E23.87047
G1 X157.505 Y95.097 E25.20102
G1 X157.833 Y95.032 E25.20658
G1 X158.16 Y94.837 E25.21291
G1 X158.298 Y94.698 E25.21617
G1 X158.435 Y94.435 E25.2211
G1 X158.505 Y94.146 E25.22605
G1 X158.505 Y93.337 E25.2395
G1 X158.44 Y93.009 E25.24506
G1 X158.245 Y92.682 E25.25139
G1 X158.106 Y92.544 E25.25465
G1 X157.843 Y92.407 E25.25958
G1 X157.554 Y92.337 E25.26453
G1 X77.545 Y92.337 E26.59508
G1 X77.217 Y92.402 E26.60064
G1 X76.89 Y92.597 E26.60697
G0 F6000 X77.384 Y93.218
G1 F1200 X77.545 Y93.137 E26.60997
G1 X157.505 Y93.137 E27.93971
G1 X157.624 Y93.176 E27.94179
G1 X157.705 Y93.337 E27.94479
G1 X157.705 Y94.097 E27.95743
G1 X157.666 Y94.216 E27.95951
G1 X157.505 Y94.297 E27.96251
G1 X77.545 Y94.297 E29.29225
G1 X77.426 Y94.258 E29.29433
G1 X77.345 Y94.097 E29.29733
G1 X77.345 Y93.337 E29.30997
G1 X77.384 Y93.218 E29.31205
G0 F6000 X77.004 Y93.093
G1 F1200 X77.095 Y92.941 E29.315
G1 X77.365 Y92.78 E29.32023
G1 X77.545 Y92.737 E29.3233
G1 X157.505 Y92.737 E30.65304
G1 X157.749 Y92.796 E30.65722
G1 X157.901 Y92.887 E30.66016
G1 X158.062 Y93.157 E30.66539
G1 X158.105 Y93.337 E30.66847
G1 X158.105 Y94.097 E30.68111
G1 X158.046 Y94.341 E30.68528
G1 X157.955 Y94.493 E30.68823
G1 X157.685 Y94.654 E30.69346
G1 X157.505 Y94.697 E30.69654
G1 X77.545 Y94.697 E32.02628
G1 X77.301 Y94.638 E32.03045
G1 X77.149 Y94.547 E32.0334
G1 X76.988 Y94.277 E32.03862
G1 X76.945 Y94.097 E32.0417
G1 X76.945 Y93.337 E32.05434
G1 X77.004 Y93.093 E32.05852
G1 F1500 E25.55852
;MESH:90deg_h40_w80_t36.STL(1)
G0 F6000 X76.88 Y93.093
G0 X76.892 Y94.75
G0 X157.314 Y94.762
G0 X157.314 Y93.906
;TYPE:WALL-OUTER
G1 F1500 E32.05852
G1 F1263.2 X77.734 Y93.906 E33.50435
G1 X77.734 Y93.526 E33.51126
G1 X155.52 Y93.526 E34.9245
G0 F1080 X157.314 Y93.526
G0 X157.314 Y93.906
G0 F6000 X156.714 Y93.906
G1 F1500 E28.4245
;MESH:NONMESH
G0 F300 X156.714 Y93.906 Z0.2
G0 F6000 X156.714 Y94.762
G0 X76.892 Y94.75
G0 X76.892 Y92.684
G0 X77.724 Y92.672
G0 X77.724 Y93.516
;TIME_ELAPSED:112.623363
;LAYER:1
;note -- min layer time used
M106 S8.5
;TYPE:WALL-OUTER
;MESH:90deg_h40_w80_t36.STL(1)
G1 F1500 E34.9245
G1 F1005.7 X77.724 Y93.916 E34.93215
G1 X157.324 Y93.916 E36.45447
G1 X157.324 Y93.516 E36.46212
G1 X79.898 Y93.516 E37.94286
G0 F1890 X77.724 Y93.516
G0 F10500 X77.724 Y93.916
G0 X77.924 Y93.916
G1 F1500 E31.44286
;MESH:NONMESH
G0 F300 X77.924 Y93.916 Z0.3
G0 F10500 X77.924 Y94.782
G0 X157.324 Y94.782
G0 X157.324 Y93.916
;TIME_ELAPSED:123.790792
;LAYER:2
;note -- min layer time used
M106 S17
;TYPE:WALL-OUTER
;MESH:90deg_h40_w80_t36.STL(1)
G1 F1500 E37.94286
G1 F991.7 X77.724 Y93.916 E39.46517
G1 X77.724 Y93.516 E39.47282
G1 X155.55 Y93.516 E40.96121
G0 F2700 X157.324 Y93.516
G0 X157.324 Y93.916
G0 F15000 X156.724 Y93.916
G1 F1500 E34.46121
;MESH:NONMESH
G0 F300 X156.724 Y93.916 Z0.4
G0 F15000 X156.724 Y94.782
G0 X76.872 Y94.77
G0 X76.872 Y92.664
G0 X77.724 Y92.652
G0 X77.724 Y93.516
;TIME_ELAPSED:135.256643
;LAYER:3
;note -- min layer time used
M106 S25.5
;TYPE:WALL-OUTER
;MESH:90deg_h40_w80_t36.STL(1)
G1 F1500 E40.96121
G1 F991.6 X77.724 Y93.916 E40.96886
G1 X157.324 Y93.916 E42.49118
G1 X157.324 Y93.516 E42.49883
G1 X79.898 Y93.516 E43.97957
G0 F2700 X77.724 Y93.516
G0 F15000 X77.724 Y93.916
G0 X77.924 Y93.916
G1 F1500 E37.47957
;MESH:NONMESH
G0 F300 X77.924 Y93.916 Z0.5
G0 F15000 X77.924 Y94.782
G0 X157.324 Y94.782
G0 X157.324 Y93.916
;TIME_ELAPSED:146.552248
;LAYER:4
;note -- min layer time used
;TYPE:WALL-OUTER
;MESH:90deg_h40_w80_t36.STL(1)
G1 F1500 E43.97957
G1 F991.7 X77.724 Y93.916 E45.50188
G1 X77.724 Y93.516 E45.50953
G1 X155.55 Y93.516 E46.99792
G0 F2700 X157.324 Y93.516
G0 X157.324 Y93.916
G0 F15000 X156.724 Y93.916
G1 F1500 E40.49792
;MESH:NONMESH
G0 F300 X156.724 Y93.916 Z0.6
G0 F15000 X156.724 Y94.782
G0 X76.872 Y94.77
G0 X76.872 Y92.664
G0 X77.724 Y92.652
G0 X77.724 Y93.516
;TIME_ELAPSED:158.018099
;LAYER:5
;note -- min layer time used
;TYPE:WALL-OUTER
;MESH:90deg_h40_w80_t36.STL(1)
G1 F1500 E46.99792
G1 F991.6 X77.724 Y93.916 E47.00557
G1 X157.324 Y93.916 E48.52789
G1 X157.324 Y93.516 E48.53554
G1 X79.898 Y93.516 E50.01628
G0 F2700 X77.724 Y93.516
G0 F15000 X77.724 Y93.916
G0 X77.924 Y93.916
G1 F1500 E43.51628
;MESH:NONMESH
G0 F300 X77.924 Y93.916 Z0.7
G0 F15000 X77.924 Y94.782
G0 X157.324 Y94.782
G0 X157.324 Y93.916
;TIME_ELAPSED:169.313704
;LAYER:6
;note -- min layer time used
;TYPE:WALL-OUTER
;MESH:90deg_h40_w80_t36.STL(1)
G1 F1500 E50.01628
G1 F991.7 X77.724 Y93.916 E51.53859
G1 X77.724 Y93.516 E51.54624
G1 X155.55 Y93.516 E53.03463
G0 F2700 X157.324 Y93.516
G0 X157.324 Y93.916
G0 F15000 X156.724 Y93.916
G1 F1500 E46.53463
;MESH:NONMESH
G0 F300 X156.724 Y93.916 Z0.8
G0 F15000 X156.724 Y94.782
G0 X76.872 Y94.77
G0 X76.872 Y92.664
G0 X77.724 Y92.652
G0 X77.724 Y93.516
;TIME_ELAPSED:180.779555
;LAYER:7
;note -- min layer time used
;TYPE:WALL-OUTER
;MESH:90deg_h40_w80_t36.STL(1)
G1 F1500 E53.03463
G1 F991.6 X77.724 Y93.916 E53.04228
G1 X157.324 Y93.916 E54.5646
G1 X157.324 Y93.516 E54.57225
G1 X79.898 Y93.516 E56.05299
G0 F2700 X77.724 Y93.516
G0 F15000 X77.724 Y93.916
G0 X77.924 Y93.916
G1 F1500 E49.55299
;MESH:NONMESH
G0 F300 X77.924 Y93.916 Z0.9
G0 F15000 X77.924 Y94.782
G0 X157.324 Y94.782
G0 X157.324 Y93.916
;TIME_ELAPSED:192.075160
;LAYER:8
;note -- min layer time used
;TYPE:WALL-OUTER
;MESH:90deg_h40_w80_t36.STL(1)
G1 F1500 E56.05299
G1 F991.7 X77.724 Y93.916 E57.57531
G1 X77.724 Y93.516 E57.58295
G1 X155.55 Y93.516 E59.07134
G0 F2700 X157.324 Y93.516
G0 X157.324 Y93.916
G0 F15000 X156.724 Y93.916
G1 F1500 E52.57134
;MESH:NONMESH
G0 F300 X156.724 Y93.916 Z1
G0 F15000 X156.724 Y94.782
G0 X76.872 Y94.77
G0 X76.872 Y92.664
G0 X77.724 Y92.652
G0 X77.724 Y93.516
;TIME_ELAPSED:203.541011
;LAYER:9
;note -- min layer time used
;TYPE:WALL-OUTER
;MESH:90deg_h40_w80_t36.STL(1)
G1 F1500 E59.07134
G1 F991.6 X77.724 Y93.916 E59.07899
G1 X157.324 Y93.916 E60.60131
G1 X157.324 Y93.516 E60.60896
G1 X79.898 Y93.516 E62.0897
G0 F2700 X77.724 Y93.516
G0 F15000 X77.724 Y93.916
G0 X77.924 Y93.916
G1 F1500 E55.5897
;MESH:NONMESH
G0 F300 X77.924 Y93.916 Z1.1
G0 F15000 X77.924 Y94.782
G0 X157.324 Y94.782
G0 X157.324 Y93.916
;TIME_ELAPSED:214.836616
;LAYER:10
;note -- min layer time used
;TYPE:WALL-OUTER
;MESH:90deg_h40_w80_t36.STL(1)
G1 F1500 E62.0897
G1 F991.7 X77.724 Y93.916 E63.61202
G1 X77.724 Y93.516 E63.61967
G1 X155.55 Y93.516 E65.10806
G0 F2700 X157.324 Y93.516
G0 X157.324 Y93.916
G0 F15000 X156.724 Y93.916
G1 F1500 E58.60806
;MESH:NONMESH
G0 F300 X156.724 Y93.916 Z1.2
G0 F15000 X156.724 Y94.782
G0 X76.872 Y94.77
G0 X76.872 Y92.664
G0 X77.724 Y92.652
G0 X77.724 Y93.516
;TIME_ELAPSED:226.302466
;LAYER:11
;note -- min layer time used
;TYPE:WALL-OUTER
;MESH:90deg_h40_w80_t36.STL(1)
G1 F1500 E65.10806
G1 F991.6 X77.724 Y93.916 E65.11571
G1 X157.324 Y93.916 E66.63802
G1 X157.324 Y93.516 E66.64567
G1 X79.898 Y93.516 E68.12641
G0 F2700 X77.724 Y93.516
G0 F15000 X77.724 Y93.916
G0 X77.924 Y93.916
G1 F1500 E61.62641
;MESH:NONMESH
G0 F300 X77.924 Y93.916 Z1.3
G0 F15000 X77.924 Y94.782
G0 X157.324 Y94.782
G0 X157.324 Y93.916
;TIME_ELAPSED:237.598072
;LAYER:12
;note -- min layer time used
;TYPE:WALL-OUTER
;MESH:90deg_h40_w80_t36.STL(1)
G1 F1500 E68.12641
G1 F991.7 X77.724 Y93.916 E69.64873
G1 X77.724 Y93.516 E69.65638
G1 X155.55 Y93.516 E71.14477
G0 F2700 X157.324 Y93.516
G0 X157.324 Y93.916
G0 F15000 X156.724 Y93.916
G1 F1500 E64.64477
;MESH:NONMESH
G0 F300 X156.724 Y93.916 Z1.4
G0 F15000 X157.324 Y93.916
;TIME_ELAPSED:248.055580
;LAYER:13
;note -- min layer time used
;TYPE:WALL-OUTER
;MESH:90deg_h40_w80_t36.STL(1)
G1 F1500 E71.14477
G1 F960.5 X157.324 Y93.516 E71.15242
G1 X77.724 Y93.516 E72.67473
G1 X77.724 Y93.916 E72.68238
G1 X155.15 Y93.916 E74.16312
G0 F2700 X157.324 Y93.916
G0 F15000 X157.324 Y93.516
G0 X157.124 Y93.516
G1 F1500 E67.66312
;MESH:NONMESH
G0 F300 X157.124 Y93.516 Z1.5
G0 F15000 X157.324 Y93.916
;TIME_ELAPSED:258.806424
;LAYER:14
;note -- min layer time used
;TYPE:WALL-OUTER
;MESH:90deg_h40_w80_t36.STL(1)
G1 F1500 E74.16312
G1 F960.4 X77.724 Y93.916 E75.68544
G1 X77.724 Y93.516 E75.69309
G1 X155.55 Y93.516 E77.18148
G0 F2700 X157.324 Y93.516
G0 X157.324 Y93.916
G0 F15000 X156.724 Y93.916
G1 F1500 E70.68148
;MESH:NONMESH
G0 F300 X156.724 Y93.916 Z1.6
G0 F15000 X156.724 Y94.782
G0 X76.872 Y94.77
G0 X76.872 Y92.664
G0 X77.724 Y92.652
G0 X77.724 Y93.516
;TIME_ELAPSED:270.582289
;LAYER:15
;note -- min layer time used
;TYPE:WALL-OUTER
;MESH:90deg_h40_w80_t36.STL(1)
G1 F1500 E77.18148
G1 F991.6 X77.724 Y93.916 E77.18913
G1 X157.324 Y93.916 E78.71144
G1 X157.324 Y93.516 E78.71909
G1 X79.898 Y93.516 E80.19983
G0 F2700 X77.724 Y93.516
G0 F15000 X77.724 Y93.916
G0 X77.924 Y93.916
G1 F1500 E73.69983
;MESH:NONMESH
G0 F300 X77.924 Y93.916 Z1.7
G0 F15000 X77.924 Y94.782
G0 X157.324 Y94.782
G0 X157.324 Y93.916
;TIME_ELAPSED:281.877895
;LAYER:16
;note -- min layer time used
;TYPE:WALL-OUTER
;MESH:90deg_h40_w80_t36.STL(1)
G1 F1500 E80.19983
G1 F991.7 X77.724 Y93.916 E81.72215
G1 X77.724 Y93.516 E81.7298
G1 X155.55 Y93.516 E83.21819
G0 F2700 X157.324 Y93.516
G0 X157.324 Y93.916
G0 F15000 X156.724 Y93.916
G1 F1500 E76.71819
;MESH:NONMESH
G0 F300 X156.724 Y93.916 Z1.8
G0 F15000 X156.724 Y94.782
G0 X76.872 Y94.77
G0 X76.872 Y92.664
G0 X77.724 Y92.652
G0 X77.724 Y93.516
;TIME_ELAPSED:293.343745
;LAYER:17
;note -- min layer time used
;TYPE:WALL-OUTER
;MESH:90deg_h40_w80_t36.STL(1)
G1 F1500 E83.21819
G1 F991.6 X77.724 Y93.916 E83.22584
G1 X157.324 Y93.916 E84.74816
G1 X157.324 Y93.516 E84.75581
G1 X79.898 Y93.516 E86.23654
G0 F2700 X77.724 Y93.516
G0 F15000 X77.724 Y93.916
G0 X77.924 Y93.916
G1 F1500 E79.73654
;MESH:NONMESH
G0 F300 X77.924 Y93.916 Z1.9
G0 F15000 X77.924 Y94.782
G0 X157.324 Y94.782
G0 X157.324 Y93.916
;TIME_ELAPSED:304.639351
;LAYER:18
;note -- min layer time used
;TYPE:WALL-OUTER
;MESH:90deg_h40_w80_t36.STL(1)
G1 F1500 E86.23654
G1 F991.7 X77.724 Y93.916 E87.75886
G1 X77.724 Y93.516 E87.76651
G1 X155.55 Y93.516 E89.2549
G0 F2700 X157.324 Y93.516
G0 X157.324 Y93.916
G0 F15000 X156.724 Y93.916
G1 F1500 E82.7549
;MESH:NONMESH
G0 F300 X156.724 Y93.916 Z2
G0 F15000 X156.724 Y94.782
G0 X76.872 Y94.77
G0 X76.872 Y92.664
G0 X77.724 Y92.652
G0 X77.724 Y93.516
;TIME_ELAPSED:316.105201
;LAYER:19
;note -- min layer time used
;TYPE:WALL-OUTER
;MESH:90deg_h40_w80_t36.STL(1)
G1 F1500 E89.2549
G1 F991.6 X77.724 Y93.916 E89.26255
G1 X157.324 Y93.916 E90.78487
G1 X157.324 Y93.516 E90.79252
G1 X79.898 Y93.516 E92.27326
G0 F2700 X77.724 Y93.516
G0 F15000 X77.724 Y93.916
G0 X77.924 Y93.916
G1 F1500 E85.77326
;MESH:NONMESH
G0 F300 X77.924 Y93.916 Z2.1
G0 F15000 X77.924 Y94.782
G0 X157.324 Y94.782
G0 X157.324 Y93.916
;TIME_ELAPSED:327.400807
;LAYER:20
;note -- min layer time used
;TYPE:WALL-OUTER
;MESH:90deg_h40_w80_t36.STL(1)
G1 F1500 E92.27326
G1 F991.7 X77.724 Y93.916 E93.79557
G1 X77.724 Y93.516 E93.80322
G1 X155.55 Y93.516 E95.29161
G0 F2700 X157.324 Y93.516
G0 X157.324 Y93.916
G0 F15000 X156.724 Y93.916
G1 F1500 E88.79161
;MESH:NONMESH
G0 F300 X156.724 Y93.916 Z2.2
G0 F15000 X157.324 Y93.916
;TIME_ELAPSED:337.858315
;LAYER:21
;note -- min layer time used
;TYPE:WALL-OUTER
;MESH:90deg_h40_w80_t36.STL(1)
G1 F1500 E95.29161
G1 F960.5 X157.324 Y93.516 E95.29926
G1 X77.724 Y93.516 E96.82158
G1 X77.724 Y93.916 E96.82923
G1 X155.15 Y93.916 E98.30997
G0 F2700 X157.324 Y93.916
G0 F15000 X157.324 Y93.516
G0 X157.124 Y93.516
G1 F1500 E91.80997
;MESH:NONMESH
G0 F300 X157.124 Y93.516 Z2.3
G0 F15000 X157.324 Y93.916
;TIME_ELAPSED:348.609159
;LAYER:22
;note -- min layer time used
;TYPE:WALL-OUTER
;MESH:90deg_h40_w80_t36.STL(1)
G1 F1500 E98.30997
G1 F960.4 X77.724 Y93.916 E99.83228
G1 X77.724 Y93.516 E99.83993
G1 X155.55 Y93.516 E101.32832
G0 F2700 X157.324 Y93.516
G0 X157.324 Y93.916
G0 F15000 X156.724 Y93.916
G1 F1500 E94.82832
;MESH:NONMESH
G0 F300 X156.724 Y93.916 Z2.4
G0 F15000 X156.724 Y94.782
G0 X76.872 Y94.77
G0 X76.872 Y92.664
G0 X77.724 Y92.652
G0 X77.724 Y93.516
;TIME_ELAPSED:360.385024
;LAYER:23
;note -- min layer time used
;TYPE:WALL-OUTER
;MESH:90deg_h40_w80_t36.STL(1)
G1 F1500 E101.32832
G1 F991.6 X77.724 Y93.916 E101.33597
G1 X157.324 Y93.916 E102.85829
G1 X157.324 Y93.516 E102.86594
G1 X79.898 Y93.516 E104.34668
G0 F2700 X77.724 Y93.516
G0 F15000 X77.724 Y93.916
G0 X77.924 Y93.916
G1 F1500 E97.84668
;MESH:NONMESH
G0 F300 X77.924 Y93.916 Z2.5
G0 F15000 X77.924 Y94.782
G0 X157.324 Y94.782
G0 X157.324 Y93.916
;TIME_ELAPSED:371.680630
;LAYER:24
;note -- min layer time used
;TYPE:WALL-OUTER
;MESH:90deg_h40_w80_t36.STL(1)
G1 F1500 E104.34668
G1 F991.7 X77.724 Y93.916 E105.86899
G1 X77.724 Y93.516 E105.87664
G1 X155.55 Y93.516 E107.36503
G0 F2700 X157.324 Y93.516
G0 X157.324 Y93.916
G0 F15000 X156.724 Y93.916
G1 F1500 E100.86503
;MESH:NONMESH
G0 F300 X156.724 Y93.916 Z2.6
G0 F15000 X156.724 Y94.782
G0 X76.872 Y94.77
G0 X76.872 Y92.664
G0 X77.724 Y92.652
G0 X77.724 Y93.516
;TIME_ELAPSED:383.146480
;LAYER:25
;note -- min layer time used
;TYPE:WALL-OUTER
;MESH:90deg_h40_w80_t36.STL(1)
G1 F1500 E107.36503
G1 F991.6 X77.724 Y93.916 E107.37268
G1 X157.324 Y93.916 E108.895
G1 X157.324 Y93.516 E108.90265
G1 X79.898 Y93.516 E110.38339
G0 F2700 X77.724 Y93.516
G0 F15000 X77.724 Y93.916
G0 X77.924 Y93.916
G1 F1500 E103.88339
;MESH:NONMESH
G0 F300 X77.924 Y93.916 Z2.7
G0 F15000 X77.924 Y94.782
G0 X157.324 Y94.782
G0 X157.324 Y93.916
;TIME_ELAPSED:394.442085
;LAYER:26
;note -- min layer time used
;TYPE:WALL-OUTER
;MESH:90deg_h40_w80_t36.STL(1)
G1 F1500 E110.38339
G1 F991.7 X77.724 Y93.916 E111.90571
G1 X77.724 Y93.516 E111.91336
G1 X155.55 Y93.516 E113.40174
G0 F2700 X157.324 Y93.516
G0 X157.324 Y93.916
G0 F15000 X156.724 Y93.916
G1 F1500 E106.90174
;MESH:NONMESH
G0 F300 X156.724 Y93.916 Z2.8
G0 F15000 X156.724 Y94.782
G0 X76.872 Y94.77
G0 X76.872 Y92.664
G0 X77.724 Y92.652
G0 X77.724 Y93.516
;TIME_ELAPSED:405.907936
;LAYER:27
;note -- min layer time used
;TYPE:WALL-OUTER
;MESH:90deg_h40_w80_t36.STL(1)
G1 F1500 E113.40174
G1 F991.6 X77.724 Y93.916 E113.40939
G1 X157.324 Y93.916 E114.93171
G1 X157.324 Y93.516 E114.93936
G1 X79.898 Y93.516 E116.4201
G0 F2700 X77.724 Y93.516
G0 F15000 X77.724 Y93.916
G0 X77.924 Y93.916
G1 F1500 E109.9201
;MESH:NONMESH
G0 F300 X77.924 Y93.916 Z2.9
G0 F15000 X77.924 Y94.782
G0 X157.324 Y94.782
G0 X157.324 Y93.916
;TIME_ELAPSED:417.203541
;LAYER:28
;note -- min layer time used
;TYPE:WALL-OUTER
;MESH:90deg_h40_w80_t36.STL(1)
G1 F1500 E116.4201
G1 F991.7 X77.724 Y93.916 E117.94242
G1 X77.724 Y93.516 E117.95007
G1 X155.55 Y93.516 E119.43846
G0 F2700 X157.324 Y93.516
G0 X157.324 Y93.916
G0 F15000 X156.724 Y93.916
G1 F1500 E112.93846
;MESH:NONMESH
G0 F300 X156.724 Y93.916 Z3
G0 F15000 X156.724 Y94.782
G0 X76.872 Y94.77
G0 X76.872 Y92.664
G0 X77.724 Y92.652
G0 X77.724 Y93.516
;TIME_ELAPSED:428.669392
;LAYER:29
;note -- min layer time used
;TYPE:WALL-OUTER
;MESH:90deg_h40_w80_t36.STL(1)
G1 F1500 E119.43846
G1 F991.6 X77.724 Y93.916 E119.44611
G1 X157.324 Y93.916 E120.96842
G1 X157.324 Y93.516 E120.97607
G1 X79.898 Y93.516 E122.45681
G0 F2700 X77.724 Y93.516
G0 F15000 X77.724 Y93.916
G0 X77.924 Y93.916
G1 F1500 E115.95681
;MESH:NONMESH
G0 F300 X77.924 Y93.916 Z3.1
G0 F15000 X77.924 Y94.782
G0 X157.324 Y94.782
G0 X157.324 Y93.916
;TIME_ELAPSED:439.964997
;LAYER:30
;note -- min layer time used
;TYPE:WALL-OUTER
;MESH:90deg_h40_w80_t36.STL(1)
G1 F1500 E122.45681
G1 F991.7 X77.724 Y93.916 E123.97913
G1 X77.724 Y93.516 E123.98678
G1 X155.55 Y93.516 E125.47517
G0 F2700 X157.324 Y93.516
G0 X157.324 Y93.916
G0 F15000 X156.724 Y93.916
G1 F1500 E118.97517
;MESH:NONMESH
G0 F300 X156.724 Y93.916 Z3.2
G0 F15000 X156.724 Y94.782
G0 X76.872 Y94.77
G0 X76.872 Y92.664
G0 X77.724 Y92.652
G0 X77.724 Y93.516
;TIME_ELAPSED:451.430848
;LAYER:31
;note -- min layer time used
;TYPE:WALL-OUTER
;MESH:90deg_h40_w80_t36.STL(1)
G1 F1500 E125.47517
G1 F991.6 X77.724 Y93.916 E125.48282
G1 X157.324 Y93.916 E127.00513
G1 X157.324 Y93.516 E127.01278
G1 X79.898 Y93.516 E128.49352
G0 F2700 X77.724 Y93.516
G0 F15000 X77.724 Y93.916
G0 X77.924 Y93.916
G1 F1500 E121.99352
;MESH:NONMESH
G0 F300 X77.924 Y93.916 Z3.3
G0 F15000 X77.924 Y94.782
G0 X157.324 Y94.782
G0 X157.324 Y93.916
;TIME_ELAPSED:462.726453
;LAYER:32
;note -- min layer time used
;TYPE:WALL-OUTER
;MESH:90deg_h40_w80_t36.STL(1)
G1 F1500 E128.49352
G1 F991.7 X77.724 Y93.916 E130.01584
G1 X77.724 Y93.516 E130.02349
G1 X155.55 Y93.516 E131.51188
G0 F2700 X157.324 Y93.516
G0 X157.324 Y93.916
G0 F15000 X156.724 Y93.916
G1 F1500 E125.01188
;MESH:NONMESH
G0 F300 X156.724 Y93.916 Z3.4
G0 F15000 X156.724 Y94.782
G0 X76.872 Y94.77
G0 X76.872 Y92.664
G0 X77.724 Y92.652
G0 X77.724 Y93.516
;TIME_ELAPSED:474.192304
;LAYER:33
;note -- min layer time used
;TYPE:WALL-OUTER
;MESH:90deg_h40_w80_t36.STL(1)
G1 F1500 E131.51188
G1 F991.6 X77.724 Y93.916 E131.51953
G1 X157.324 Y93.916 E133.04184
G1 X157.324 Y93.516 E133.04949
G1 X79.898 Y93.516 E134.53023
G0 F2700 X77.724 Y93.516
G0 F15000 X77.724 Y93.916
G0 X77.924 Y93.916
G1 F1500 E128.03023
;MESH:NONMESH
G0 F300 X77.924 Y93.916 Z3.5
G0 F15000 X77.924 Y94.782
G0 X157.324 Y94.782
G0 X157.324 Y93.916
;TIME_ELAPSED:485.487909
;LAYER:34
;note -- min layer time used
;TYPE:WALL-OUTER
;MESH:90deg_h40_w80_t36.STL(1)
G1 F1500 E134.53023
G1 F991.7 X77.724 Y93.916 E136.05255
G1 X77.724 Y93.516 E136.0602
G1 X155.55 Y93.516 E137.54859
G0 F2700 X157.324 Y93.516
G0 X157.324 Y93.916
G0 F15000 X156.724 Y93.916
G1 F1500 E131.04859
;MESH:NONMESH
G0 F300 X156.724 Y93.916 Z3.6
G0 F15000 X157.324 Y93.916
;TIME_ELAPSED:495.945418
;LAYER:35
;note -- min layer time used
;TYPE:WALL-OUTER
;MESH:90deg_h40_w80_t36.STL(1)
G1 F1500 E137.54859
G1 F960.5 X157.324 Y93.516 E137.55624
G1 X77.724 Y93.516 E139.07856
G1 X77.724 Y93.916 E139.08621
G1 X155.15 Y93.916 E140.56695
G0 F2700 X157.324 Y93.916
G0 F15000 X157.324 Y93.516
G0 X157.124 Y93.516
G1 F1500 E134.06695
;MESH:NONMESH
G0 F300 X157.124 Y93.516 Z3.7
G0 F15000 X157.324 Y93.916
;TIME_ELAPSED:506.696262
;LAYER:36
;note -- min layer time used
;TYPE:WALL-OUTER
;MESH:90deg_h40_w80_t36.STL(1)
G1 F1500 E140.56695
G1 F960.4 X77.724 Y93.916 E142.08926
G1 X77.724 Y93.516 E142.09691
G1 X155.55 Y93.516 E143.5853
G0 F2700 X157.324 Y93.516
G0 X157.324 Y93.916
G0 F15000 X156.724 Y93.916
G1 F1500 E137.0853
;MESH:NONMESH
G0 F300 X156.724 Y93.916 Z3.8
G0 F15000 X156.724 Y94.782
G0 X76.872 Y94.77
G0 X76.872 Y92.664
G0 X77.724 Y92.652
G0 X77.724 Y93.516
;TIME_ELAPSED:518.472127
;LAYER:37
;note -- min layer time used
;TYPE:WALL-OUTER
;MESH:90deg_h40_w80_t36.STL(1)
G1 F1500 E143.5853
G1 F991.6 X77.724 Y93.916 E143.59295
G1 X157.324 Y93.916 E145.11527
G1 X157.324 Y93.516 E145.12292
G1 X79.898 Y93.516 E146.60366
G0 F2700 X77.724 Y93.516
G0 F15000 X77.724 Y93.916
G0 X77.924 Y93.916
G1 F1500 E140.10366
;MESH:NONMESH
G0 F300 X77.924 Y93.916 Z3.9
G0 F15000 X77.924 Y94.782
G0 X157.324 Y94.782
G0 X157.324 Y93.916
;TIME_ELAPSED:529.767732
;LAYER:38
;note -- min layer time used
;TYPE:WALL-OUTER
;MESH:90deg_h40_w80_t36.STL(1)
G1 F1500 E146.60366
G1 F991.7 X77.724 Y93.916 E148.12597
G1 X77.724 Y93.516 E148.13362
G1 X155.55 Y93.516 E149.62201
G0 F2700 X157.324 Y93.516
G0 X157.324 Y93.916
G0 F15000 X156.724 Y93.916
G1 F1500 E143.12201
;MESH:NONMESH
G0 F300 X156.724 Y93.916 Z4
G0 F15000 X156.724 Y94.782
G0 X76.872 Y94.77
G0 X76.872 Y92.664
G0 X77.724 Y92.652
G0 X77.724 Y93.516
;TIME_ELAPSED:541.233583
;LAYER:39
;note -- min layer time used
;TYPE:WALL-OUTER
;MESH:90deg_h40_w80_t36.STL(1)
G1 F1500 E149.62201
G1 F991.6 X77.724 Y93.916 E149.62966
G1 X157.324 Y93.916 E151.15198
G1 X157.324 Y93.516 E151.15963
G1 X79.898 Y93.516 E152.64037
G0 F2700 X77.724 Y93.516
G0 F15000 X77.724 Y93.916
G0 X77.924 Y93.916
G1 F1500 E146.14037
;MESH:NONMESH
G0 F300 X77.924 Y93.916 Z4.1
G0 F15000 X77.924 Y94.782
G0 X157.324 Y94.782
G0 X157.324 Y93.916
;TIME_ELAPSED:552.529188
;LAYER:40
;note -- min layer time used
;TYPE:WALL-OUTER
;MESH:90deg_h40_w80_t36.STL(1)
G1 F1500 E152.64037
G1 F991.7 X77.724 Y93.916 E154.16268
G1 X77.724 Y93.516 E154.17033
G1 X155.55 Y93.516 E155.65872
G0 F2700 X157.324 Y93.516
G0 X157.324 Y93.916
G0 F15000 X156.724 Y93.916
G1 F1500 E149.15872
;MESH:NONMESH
G0 F300 X156.724 Y93.916 Z4.2
G0 F15000 X157.324 Y93.916
;TIME_ELAPSED:562.986696
;LAYER:41
;note -- min layer time used
;TYPE:WALL-OUTER
;MESH:90deg_h40_w80_t36.STL(1)
G1 F1500 E155.65872
G1 F960.5 X157.324 Y93.516 E155.66637
G1 X77.724 Y93.516 E157.18869
G1 X77.724 Y93.916 E157.19634
G1 X155.15 Y93.916 E158.67708
G0 F2700 X157.324 Y93.916
G0 F15000 X157.324 Y93.516
G0 X157.124 Y93.516
G1 F1500 E152.17708
;MESH:NONMESH
G0 F300 X157.124 Y93.516 Z4.3
G0 F15000 X157.324 Y93.916
;TIME_ELAPSED:573.737541
;LAYER:42
;note -- min layer time used
;TYPE:WALL-OUTER
;MESH:90deg_h40_w80_t36.STL(1)
G1 F1500 E158.67708
G1 F960.4 X77.724 Y93.916 E160.1994
G1 X77.724 Y93.516 E160.20705
G1 X155.55 Y93.516 E161.69543
G0 F2700 X157.324 Y93.516
G0 X157.324 Y93.916
G0 F15000 X156.724 Y93.916
G1 F1500 E155.19543
;MESH:NONMESH
G0 F300 X156.724 Y93.916 Z4.4
G0 F15000 X156.724 Y94.782
G0 X76.872 Y94.77
G0 X76.872 Y92.664
G0 X77.724 Y92.652
G0 X77.724 Y93.516
;TIME_ELAPSED:585.513406
;LAYER:43
;note -- min layer time used
;TYPE:WALL-OUTER
;MESH:90deg_h40_w80_t36.STL(1)
G1 F1500 E161.69543
G1 F991.6 X77.724 Y93.916 E161.70308
G1 X157.324 Y93.916 E163.2254
G1 X157.324 Y93.516 E163.23305
G1 X79.898 Y93.516 E164.71379
G0 F2700 X77.724 Y93.516
G0 F15000 X77.724 Y93.916
G0 X77.924 Y93.916
G1 F1500 E158.21379
;MESH:NONMESH
G0 F300 X77.924 Y93.916 Z4.5
G0 F15000 X77.924 Y94.782
G0 X157.324 Y94.782
G0 X157.324 Y93.916
;TIME_ELAPSED:596.809011
;LAYER:44
;note -- min layer time used
;TYPE:WALL-OUTER
;MESH:90deg_h40_w80_t36.STL(1)
G1 F1500 E164.71379
G1 F991.7 X77.724 Y93.916 E166.23611
G1 X77.724 Y93.516 E166.24376
G1 X155.55 Y93.516 E167.73215
G0 F2700 X157.324 Y93.516
G0 X157.324 Y93.916
G0 F15000 X156.724 Y93.916
G1 F1500 E161.23215
;MESH:NONMESH
G0 F300 X156.724 Y93.916 Z4.6
G0 F15000 X156.724 Y94.782
G0 X76.872 Y94.77
G0 X76.872 Y92.664
G0 X77.724 Y92.652
G0 X77.724 Y93.516
;TIME_ELAPSED:608.274862
;LAYER:45
;note -- min layer time used
;TYPE:WALL-OUTER
;MESH:90deg_h40_w80_t36.STL(1)
G1 F1500 E167.73215
G1 F991.6 X77.724 Y93.916 E167.7398
G1 X157.324 Y93.916 E169.26211
G1 X157.324 Y93.516 E169.26976
G1 X79.898 Y93.516 E170.7505
G0 F2700 X77.724 Y93.516
G0 F15000 X77.724 Y93.916
G0 X77.924 Y93.916
G1 F1500 E164.2505
;MESH:NONMESH
G0 F300 X77.924 Y93.916 Z4.7
G0 F15000 X77.924 Y94.782
G0 X157.324 Y94.782
G0 X157.324 Y93.916
;TIME_ELAPSED:619.570467
;LAYER:46
;note -- min layer time used
;TYPE:WALL-OUTER
;MESH:90deg_h40_w80_t36.STL(1)
G1 F1500 E170.7505
G1 F991.7 X77.724 Y93.916 E172.27282
G1 X77.724 Y93.516 E172.28047
G1 X155.55 Y93.516 E173.76886
G0 F2700 X157.324 Y93.516
G0 X157.324 Y93.916
G0 F15000 X156.724 Y93.916
G1 F1500 E167.26886
;MESH:NONMESH
G0 F300 X156.724 Y93.916 Z4.8
G0 F15000 X157.324 Y93.916
;TIME_ELAPSED:630.027975
;LAYER:47
;note -- min layer time used
;TYPE:WALL-OUTER
;MESH:90deg_h40_w80_t36.STL(1)
G1 F1500 E173.76886
G1 F960.5 X157.324 Y93.516 E173.77651
G1 X77.724 Y93.516 E175.29882
G1 X77.724 Y93.916 E175.30647
G1 X155.15 Y93.916 E176.78721
G0 F2700 X157.324 Y93.916
G0 F15000 X157.324 Y93.516
G0 X157.124 Y93.516
G1 F1500 E170.28721
;MESH:NONMESH
G0 F300 X157.124 Y93.516 Z4.9
G0 F15000 X157.324 Y93.916
;TIME_ELAPSED:640.778819
;LAYER:48
;note -- min layer time used
;TYPE:WALL-OUTER
;MESH:90deg_h40_w80_t36.STL(1)
G1 F1500 E176.78721
G1 F960.4 X77.724 Y93.916 E178.30953
G1 X77.724 Y93.516 E178.31718
G1 X155.55 Y93.516 E179.80557
G0 F2700 X157.324 Y93.516
G0 X157.324 Y93.916
G0 F15000 X156.724 Y93.916
G1 F1500 E173.30557
;MESH:NONMESH
G0 F300 X156.724 Y93.916 Z5
G0 F15000 X156.724 Y94.782
G0 X76.872 Y94.77
G0 X76.872 Y92.664
G0 X77.724 Y92.652
G0 X77.724 Y93.516
;TIME_ELAPSED:652.554685
;LAYER:49
;note -- min layer time used
;TYPE:WALL-OUTER
;MESH:90deg_h40_w80_t36.STL(1)
G1 F1500 E179.80557
G1 F991.6 X77.724 Y93.916 E179.81322
G1 X157.324 Y93.916 E181.33553
G1 X157.324 Y93.516 E181.34318
G1 X79.898 Y93.516 E182.82392
G0 F2700 X77.724 Y93.516
G0 F15000 X77.724 Y93.916
G0 X77.924 Y93.916
G1 F1500 E176.32392
;MESH:NONMESH
G0 F300 X77.924 Y93.916 Z5.1
G0 F15000 X77.924 Y94.782
G0 X157.324 Y94.782
G0 X157.324 Y93.916
;TIME_ELAPSED:663.850290
;LAYER:50
;note -- min layer time used
;TYPE:WALL-OUTER
;MESH:90deg_h40_w80_t36.STL(1)
G1 F1500 E182.82392
G1 F991.7 X77.724 Y93.916 E184.34624
G1 X77.724 Y93.516 E184.35389
G1 X155.55 Y93.516 E185.84228
G0 F2700 X157.324 Y93.516
G0 X157.324 Y93.916
G0 F15000 X156.724 Y93.916
G1 F1500 E179.34228
;MESH:NONMESH
G0 F300 X156.724 Y93.916 Z5.2
G0 F15000 X156.724 Y94.782
G0 X76.872 Y94.77
G0 X76.872 Y92.664
G0 X77.724 Y92.652
G0 X77.724 Y93.516
;TIME_ELAPSED:675.316141
;LAYER:51
;note -- min layer time used
;TYPE:WALL-OUTER
;MESH:90deg_h40_w80_t36.STL(1)
G1 F1500 E185.84228
G1 F991.6 X77.724 Y93.916 E185.84993
G1 X157.324 Y93.916 E187.37225
G1 X157.324 Y93.516 E187.3799
G1 X79.898 Y93.516 E188.86063
G0 F2700 X77.724 Y93.516
G0 F15000 X77.724 Y93.916
G0 X77.924 Y93.916
G1 F1500 E182.36063
;MESH:NONMESH
G0 F300 X77.924 Y93.916 Z5.3
G0 F15000 X77.924 Y94.782
G0 X157.324 Y94.782
G0 X157.324 Y93.916
;TIME_ELAPSED:686.611746
;LAYER:52
;note -- min layer time used
;TYPE:WALL-OUTER
;MESH:90deg_h40_w80_t36.STL(1)
G1 F1500 E188.86063
G1 F991.7 X77.724 Y93.916 E190.38295
G1 X77.724 Y93.516 E190.3906
G1 X155.55 Y93.516 E191.87899
G0 F2700 X157.324 Y93.516
G0 X157.324 Y93.916
G0 F15000 X156.724 Y93.916
G1 F1500 E185.37899
;MESH:NONMESH
G0 F300 X156.724 Y93.916 Z5.4
G0 F15000 X156.724 Y94.782
G0 X76.872 Y94.77
G0 X76.872 Y92.664
G0 X77.724 Y92.652
G0 X77.724 Y93.516
;TIME_ELAPSED:698.077597
;LAYER:53
;note -- min layer time used
;TYPE:WALL-OUTER
;MESH:90deg_h40_w80_t36.STL(1)
G1 F1500 E191.87899
G1 F991.6 X77.724 Y93.916 E191.88664
G1 X157.324 Y93.916 E193.40896
G1 X157.324 Y93.516 E193.41661
G1 X79.898 Y93.516 E194.89735
G0 F2700 X77.724 Y93.516
G0 F15000 X77.724 Y93.916
G0 X77.924 Y93.916
G1 F1500 E188.39735
;MESH:NONMESH
G0 F300 X77.924 Y93.916 Z5.5
G0 F15000 X77.924 Y94.782
G0 X157.324 Y94.782
G0 X157.324 Y93.916
;TIME_ELAPSED:709.373202
;LAYER:54
;note -- min layer time used
;TYPE:WALL-OUTER
;MESH:90deg_h40_w80_t36.STL(1)
G1 F1500 E194.89735
G1 F991.7 X77.724 Y93.916 E196.41966
G1 X77.724 Y93.516 E196.42731
G1 X155.55 Y93.516 E197.9157
G0 F2700 X157.324 Y93.516
G0 X157.324 Y93.916
G0 F15000 X156.724 Y93.916
G1 F1500 E191.4157
;MESH:NONMESH
G0 F300 X156.724 Y93.916 Z5.6
G0 F15000 X156.724 Y94.782
G0 X76.872 Y94.77
G0 X76.872 Y92.664
G0 X77.724 Y92.652
G0 X77.724 Y93.516
;TIME_ELAPSED:720.839053
;LAYER:55
;note -- min layer time used
;TYPE:WALL-OUTER
;MESH:90deg_h40_w80_t36.STL(1)
G1 F1500 E197.9157
G1 F991.6 X77.724 Y93.916 E197.92335
G1 X157.324 Y93.916 E199.44567
G1 X157.324 Y93.516 E199.45332
G1 X79.898 Y93.516 E200.93406
G0 F2700 X77.724 Y93.516
G0 F15000 X77.724 Y93.916
G0 X77.924 Y93.916
G1 F1500 E194.43406
;MESH:NONMESH
G0 F300 X77.924 Y93.916 Z5.7
G0 F15000 X77.924 Y94.782
G0 X157.324 Y94.782
G0 X157.324 Y93.916
;TIME_ELAPSED:732.134658
;LAYER:56
;note -- min layer time used
;TYPE:WALL-OUTER
;MESH:90deg_h40_w80_t36.STL(1)
G1 F1500 E200.93406
G1 F991.7 X77.724 Y93.916 E202.45637
G1 X77.724 Y93.516 E202.46402
G1 X155.55 Y93.516 E203.95241
G0 F2700 X157.324 Y93.516
G0 X157.324 Y93.916
G0 F15000 X156.724 Y93.916
G1 F1500 E197.45241
;MESH:NONMESH
G0 F300 X156.724 Y93.916 Z5.8
G0 F15000 X157.324 Y93.916
;TIME_ELAPSED:742.592166
;LAYER:57
;note -- min layer time used
;TYPE:WALL-OUTER
;MESH:90deg_h40_w80_t36.STL(1)
G1 F1500 E203.95241
G1 F960.5 X157.324 Y93.516 E203.96006
G1 X77.724 Y93.516 E205.48238
G1 X77.724 Y93.916 E205.49003
G1 X155.15 Y93.916 E206.97077
G0 F2700 X157.324 Y93.916
G0 F15000 X157.324 Y93.516
G0 X157.124 Y93.516
G1 F1500 E200.47077
;MESH:NONMESH
G0 F300 X157.124 Y93.516 Z5.9
G0 F15000 X157.324 Y93.916
;TIME_ELAPSED:753.343010
;LAYER:58
;note -- min layer time used
;TYPE:WALL-OUTER
;MESH:90deg_h40_w80_t36.STL(1)
G1 F1500 E206.97077
G1 F960.4 X77.724 Y93.916 E208.49308
G1 X77.724 Y93.516 E208.50073
G1 X155.55 Y93.516 E209.98912
G0 F2700 X157.324 Y93.516
G0 X157.324 Y93.916
G0 F15000 X156.724 Y93.916
G1 F1500 E203.48912
;MESH:NONMESH
G0 F300 X156.724 Y93.916 Z6
G0 F15000 X156.724 Y94.782
G0 X76.872 Y94.77
G0 X76.872 Y92.664
G0 X77.724 Y92.652
G0 X77.724 Y93.516
;TIME_ELAPSED:765.118876
;LAYER:59
;note -- min layer time used
;TYPE:WALL-OUTER
;MESH:90deg_h40_w80_t36.STL(1)
G1 F1500 E209.98912
G1 F991.6 X77.724 Y93.916 E209.99677
G1 X157.324 Y93.916 E211.51909
G1 X157.324 Y93.516 E211.52674
G1 X79.898 Y93.516 E213.00748
G0 F2700 X77.724 Y93.516
G0 F15000 X77.724 Y93.916
G0 X77.924 Y93.916
G1 F1500 E206.50748
;MESH:NONMESH
G0 F300 X77.924 Y93.916 Z6.1
G0 F15000 X77.924 Y94.782
G0 X157.324 Y94.782
G0 X157.324 Y93.916
;TIME_ELAPSED:776.414481
;LAYER:60
;note -- min layer time used
;TYPE:WALL-OUTER
;MESH:90deg_h40_w80_t36.STL(1)
G1 F1500 E213.00748
G1 F991.7 X77.724 Y93.916 E214.5298
G1 X77.724 Y93.516 E214.53745
G1 X155.55 Y93.516 E216.02584
G0 F2700 X157.324 Y93.516
G0 X157.324 Y93.916
G0 F15000 X156.724 Y93.916
G1 F1500 E209.52584
;MESH:NONMESH
G0 F300 X156.724 Y93.916 Z6.2
G0 F15000 X157.324 Y93.916
;TIME_ELAPSED:786.871989
;LAYER:61
;note -- min layer time used
;TYPE:WALL-OUTER
;MESH:90deg_h40_w80_t36.STL(1)
G1 F1500 E216.02584
G1 F960.5 X157.324 Y93.516 E216.03348
G1 X77.724 Y93.516 E217.5558
G1 X77.724 Y93.916 E217.56345
G1 X155.15 Y93.916 E219.04419
G0 F2700 X157.324 Y93.916
G0 F15000 X157.324 Y93.516
G0 X157.124 Y93.516
G1 F1500 E212.54419
;MESH:NONMESH
G0 F300 X157.124 Y93.516 Z6.3
G0 F15000 X157.324 Y93.916
;TIME_ELAPSED:797.622833
;LAYER:62
;note -- min layer time used
;TYPE:WALL-OUTER
;MESH:90deg_h40_w80_t36.STL(1)
G1 F1500 E219.04419
G1 F960.4 X77.724 Y93.916 E220.56651
G1 X77.724 Y93.516 E220.57416
G1 X155.55 Y93.516 E222.06255
G0 F2700 X157.324 Y93.516
G0 X157.324 Y93.916
G0 F15000 X156.724 Y93.916
G1 F1500 E215.56255
;MESH:NONMESH
G0 F300 X156.724 Y93.916 Z6.4
G0 F15000 X156.724 Y94.782
G0 X76.872 Y94.77
G0 X76.872 Y92.664
G0 X77.724 Y92.652
G0 X77.724 Y93.516
;TIME_ELAPSED:809.398699
;LAYER:63
;note -- min layer time used
;TYPE:WALL-OUTER
;MESH:90deg_h40_w80_t36.STL(1)
G1 F1500 E222.06255
G1 F991.6 X77.724 Y93.916 E222.0702
G1 X157.324 Y93.916 E223.59251
G1 X157.324 Y93.516 E223.60016
G1 X79.898 Y93.516 E225.0809
G0 F2700 X77.724 Y93.516
G0 F15000 X77.724 Y93.916
G0 X77.924 Y93.916
G1 F1500 E218.5809
;MESH:NONMESH
G0 F300 X77.924 Y93.916 Z6.5
G0 F15000 X77.924 Y94.782
G0 X157.324 Y94.782
G0 X157.324 Y93.916
;TIME_ELAPSED:820.694304
;LAYER:64
;note -- min layer time used
;TYPE:WALL-OUTER
;MESH:90deg_h40_w80_t36.STL(1)
G1 F1500 E225.0809
G1 F991.7 X77.724 Y93.916 E226.60322
G1 X77.724 Y93.516 E226.61087
G1 X155.55 Y93.516 E228.09926
G0 F2700 X157.324 Y93.516
G0 X157.324 Y93.916
G0 F15000 X156.724 Y93.916
G1 F1500 E221.59926
;MESH:NONMESH
G0 F300 X156.724 Y93.916 Z6.6
G0 F15000 X156.724 Y94.782
G0 X76.872 Y94.77
G0 X76.872 Y92.664
G0 X77.724 Y92.652
G0 X77.724 Y93.516
;TIME_ELAPSED:832.160154
;LAYER:65
;note -- min layer time used
;TYPE:WALL-OUTER
;MESH:90deg_h40_w80_t36.STL(1)
G1 F1500 E228.09926
G1 F991.6 X77.724 Y93.916 E228.10691
G1 X157.324 Y93.916 E229.62922
G1 X157.324 Y93.516 E229.63687
G1 X79.898 Y93.516 E231.11761
G0 F2700 X77.724 Y93.516
G0 F15000 X77.724 Y93.916
G0 X77.924 Y93.916
G1 F1500 E224.61761
;MESH:NONMESH
G0 F300 X77.924 Y93.916 Z6.7
G0 F15000 X77.924 Y94.782
G0 X157.324 Y94.782
G0 X157.324 Y93.916
;TIME_ELAPSED:843.455760
;LAYER:66
;note -- min layer time used
;TYPE:WALL-OUTER
;MESH:90deg_h40_w80_t36.STL(1)
G1 F1500 E231.11761
G1 F991.7 X77.724 Y93.916 E232.63993
G1 X77.724 Y93.516 E232.64758
G1 X155.55 Y93.516 E234.13597
G0 F2700 X157.324 Y93.516
G0 X157.324 Y93.916
G0 F15000 X156.724 Y93.916
G1 F1500 E227.63597
;MESH:NONMESH
G0 F300 X156.724 Y93.916 Z6.8
G0 F15000 X156.724 Y94.782
G0 X76.872 Y94.77
G0 X76.872 Y92.664
G0 X77.724 Y92.652
G0 X77.724 Y93.516
;TIME_ELAPSED:854.921610
;LAYER:67
;note -- min layer time used
;TYPE:WALL-OUTER
;MESH:90deg_h40_w80_t36.STL(1)
G1 F1500 E234.13597
G1 F991.6 X77.724 Y93.916 E234.14362
G1 X157.324 Y93.916 E235.66593
G1 X157.324 Y93.516 E235.67358
G1 X79.898 Y93.516 E237.15432
G0 F2700 X77.724 Y93.516
G0 F15000 X77.724 Y93.916
G0 X77.924 Y93.916
G1 F1500 E230.65432
;MESH:NONMESH
G0 F300 X77.924 Y93.916 Z6.9
G0 F15000 X77.924 Y94.782
G0 X157.324 Y94.782
G0 X157.324 Y93.916
;TIME_ELAPSED:866.217216
;LAYER:68
;note -- min layer time used
;TYPE:WALL-OUTER
;MESH:90deg_h40_w80_t36.STL(1)
G1 F1500 E237.15432
G1 F991.7 X77.724 Y93.916 E238.67664
G1 X77.724 Y93.516 E238.68429
G1 X155.55 Y93.516 E240.17268
G0 F2700 X157.324 Y93.516
G0 X157.324 Y93.916
G0 F15000 X156.724 Y93.916
G1 F1500 E233.67268
;MESH:NONMESH
G0 F300 X156.724 Y93.916 Z7
G0 F15000 X156.724 Y94.782
G0 X76.872 Y94.77
G0 X76.872 Y92.664
G0 X77.724 Y92.652
G0 X77.724 Y93.516
;TIME_ELAPSED:877.683066
;LAYER:69
;note -- min layer time used
;TYPE:WALL-OUTER
;MESH:90deg_h40_w80_t36.STL(1)
G1 F1500 E240.17268
G1 F991.6 X77.724 Y93.916 E240.18033
G1 X157.324 Y93.916 E241.70265
G1 X157.324 Y93.516 E241.7103
G1 X79.898 Y93.516 E243.19104
G0 F2700 X77.724 Y93.516
G0 F15000 X77.724 Y93.916
G0 X77.924 Y93.916
G1 F1500 E236.69104
;MESH:NONMESH
G0 F300 X77.924 Y93.916 Z7.1
G0 F15000 X77.924 Y94.782
G0 X157.324 Y94.782
G0 X157.324 Y93.916
;TIME_ELAPSED:888.978672
;LAYER:70
;note -- min layer time used
;TYPE:WALL-OUTER
;MESH:90deg_h40_w80_t36.STL(1)
G1 F1500 E243.19104
G1 F991.7 X77.724 Y93.916 E244.71335
G1 X77.724 Y93.516 E244.721
G1 X155.55 Y93.516 E246.20939
G0 F2700 X157.324 Y93.516
G0 X157.324 Y93.916
G0 F15000 X156.724 Y93.916
G1 F1500 E239.70939
;MESH:NONMESH
G0 F300 X156.724 Y93.916 Z7.2
G0 F15000 X156.724 Y94.782
G0 X76.872 Y94.77
G0 X76.872 Y92.664
G0 X77.724 Y92.652
G0 X77.724 Y93.516
;TIME_ELAPSED:900.444522
;LAYER:71
;note -- min layer time used
;TYPE:WALL-OUTER
;MESH:90deg_h40_w80_t36.STL(1)
G1 F1500 E246.20939
G1 F991.6 X77.724 Y93.916 E246.21704
G1 X157.324 Y93.916 E247.73936
G1 X157.324 Y93.516 E247.74701
G1 X79.898 Y93.516 E249.22775
G0 F2700 X77.724 Y93.516
G0 F15000 X77.724 Y93.916
G0 X77.924 Y93.916
G1 F1500 E242.72775
;MESH:NONMESH
G0 F300 X77.924 Y93.916 Z7.3
G0 F15000 X77.924 Y94.782
G0 X157.324 Y94.782
G0 X157.324 Y93.916
;TIME_ELAPSED:911.740127
;LAYER:72
;note -- min layer time used
;TYPE:WALL-OUTER
;MESH:90deg_h40_w80_t36.STL(1)
G1 F1500 E249.22775
G1 F991.7 X77.724 Y93.916 E250.75006
G1 X77.724 Y93.516 E250.75771
G1 X155.55 Y93.516 E252.2461
G0 F2700 X157.324 Y93.516
G0 X157.324 Y93.916
G0 F15000 X156.724 Y93.916
G1 F1500 E245.7461
;MESH:NONMESH
G0 F300 X156.724 Y93.916 Z7.4
G0 F15000 X156.724 Y94.782
G0 X76.872 Y94.77
G0 X76.872 Y92.664
G0 X77.724 Y92.652
G0 X77.724 Y93.516
;TIME_ELAPSED:923.205978
;LAYER:73
;note -- min layer time used
;TYPE:WALL-OUTER
;MESH:90deg_h40_w80_t36.STL(1)
G1 F1500 E252.2461
G1 F991.6 X77.724 Y93.916 E252.25375
G1 X157.324 Y93.916 E253.77607
G1 X157.324 Y93.516 E253.78372
G1 X79.898 Y93.516 E255.26446
G0 F2700 X77.724 Y93.516
G0 F15000 X77.724 Y93.916
G0 X77.924 Y93.916
G1 F1500 E248.76446
;MESH:NONMESH
G0 F300 X77.924 Y93.916 Z7.5
G0 F15000 X77.924 Y94.782
G0 X157.324 Y94.782
G0 X157.324 Y93.916
;TIME_ELAPSED:934.501583
;LAYER:74
;note -- min layer time used
;TYPE:WALL-OUTER
;MESH:90deg_h40_w80_t36.STL(1)
G1 F1500 E255.26446
G1 F991.7 X77.724 Y93.916 E256.78677
G1 X77.724 Y93.516 E256.79442
G1 X155.55 Y93.516 E258.28281
G0 F2700 X157.324 Y93.516
G0 X157.324 Y93.916
G0 F15000 X156.724 Y93.916
G1 F1500 E251.78281
;MESH:NONMESH
G0 F300 X156.724 Y93.916 Z7.6
G0 F15000 X156.724 Y94.782
G0 X76.872 Y94.77
G0 X76.872 Y92.664
G0 X77.724 Y92.652
G0 X77.724 Y93.516
;TIME_ELAPSED:945.967434
;LAYER:75
;note -- min layer time used
;TYPE:WALL-OUTER
;MESH:90deg_h40_w80_t36.STL(1)
G1 F1500 E258.28281
G1 F991.6 X77.724 Y93.916 E258.29046
G1 X157.324 Y93.916 E259.81278
G1 X157.324 Y93.516 E259.82043
G1 X79.898 Y93.516 E261.30117
G0 F2700 X77.724 Y93.516
G0 F15000 X77.724 Y93.916
G0 X77.924 Y93.916
G1 F1500 E254.80117
;MESH:NONMESH
G0 F300 X77.924 Y93.916 Z7.7
G0 F15000 X77.924 Y94.782
G0 X157.324 Y94.782
G0 X157.324 Y93.916
;TIME_ELAPSED:957.263039
;LAYER:76
;note -- min layer time used
;TYPE:WALL-OUTER
;MESH:90deg_h40_w80_t36.STL(1)
G1 F1500 E261.30117
G1 F991.7 X77.724 Y93.916 E262.82349
G1 X77.724 Y93.516 E262.83114
G1 X155.55 Y93.516 E264.31952
G0 F2700 X157.324 Y93.516
G0 X157.324 Y93.916
G0 F15000 X156.724 Y93.916
G1 F1500 E257.81952
;MESH:NONMESH
G0 F300 X156.724 Y93.916 Z7.8
G0 F15000 X156.724 Y94.782
G0 X76.872 Y94.77
G0 X76.872 Y92.664
G0 X77.724 Y92.652
G0 X77.724 Y93.516
;TIME_ELAPSED:968.728890
;LAYER:77
;note -- min layer time used
;TYPE:WALL-OUTER
;MESH:90deg_h40_w80_t36.STL(1)
G1 F1500 E264.31952
G1 F991.6 X77.724 Y93.916 E264.32717
G1 X157.324 Y93.916 E265.84949
G1 X157.324 Y93.516 E265.85714
G1 X79.898 Y93.516 E267.33788
G0 F2700 X77.724 Y93.516
G0 F15000 X77.724 Y93.916
G0 X77.924 Y93.916
G1 F1500 E260.83788
;MESH:NONMESH
G0 F300 X77.924 Y93.916 Z7.9
G0 F15000 X77.924 Y94.782
G0 X157.324 Y94.782
G0 X157.324 Y93.916
;TIME_ELAPSED:980.024495
;LAYER:78
;note -- min layer time used
;TYPE:WALL-OUTER
;MESH:90deg_h40_w80_t36.STL(1)
G1 F1500 E267.33788
G1 F991.7 X77.724 Y93.916 E268.8602
G1 X77.724 Y93.516 E268.86785
G1 X155.55 Y93.516 E270.35624
G0 F2700 X157.324 Y93.516
G0 X157.324 Y93.916
G0 F15000 X156.724 Y93.916
G1 F1500 E263.85624
;MESH:NONMESH
G0 F300 X156.724 Y93.916 Z8
G0 F15000 X156.724 Y94.782
G0 X76.872 Y94.77
G0 X76.872 Y92.664
G0 X77.724 Y92.652
G0 X77.724 Y93.516
;TIME_ELAPSED:991.490346
;LAYER:79
;note -- min layer time used
;TYPE:WALL-OUTER
;MESH:90deg_h40_w80_t36.STL(1)
G1 F1500 E270.35624
G1 F991.6 X77.724 Y93.916 E270.36389
G1 X157.324 Y93.916 E271.8862
G1 X157.324 Y93.516 E271.89385
G1 X79.898 Y93.516 E273.37459
G0 F2700 X77.724 Y93.516
G0 F15000 X77.724 Y93.916
G0 X77.924 Y93.916
G1 F1500 E266.87459
;MESH:NONMESH
G0 F300 X77.924 Y93.916 Z8.1
G0 F15000 X77.924 Y94.782
G0 X157.324 Y94.782
G0 X157.324 Y93.916
;TIME_ELAPSED:1002.785951
;LAYER:80
;note -- min layer time used
;TYPE:WALL-OUTER
;MESH:90deg_h40_w80_t36.STL(1)
G1 F1500 E273.37459
G1 F991.7 X77.724 Y93.916 E274.89691
G1 X77.724 Y93.516 E274.90456
G1 X155.55 Y93.516 E276.39295
G0 F2700 X157.324 Y93.516
G0 X157.324 Y93.916
G0 F15000 X156.724 Y93.916
G1 F1500 E269.89295
;MESH:NONMESH
G0 F300 X156.724 Y93.916 Z8.2
G0 F15000 X156.724 Y94.782
G0 X76.872 Y94.77
G0 X76.872 Y92.664
G0 X77.724 Y92.652
G0 X77.724 Y93.516
;TIME_ELAPSED:1014.251802
;LAYER:81
;note -- min layer time used
;TYPE:WALL-OUTER
;MESH:90deg_h40_w80_t36.STL(1)
G1 F1500 E276.39295
G1 F991.6 X77.724 Y93.916 E276.4006
G1 X157.324 Y93.916 E277.92291
G1 X157.324 Y93.516 E277.93056
G1 X79.898 Y93.516 E279.4113
G0 F2700 X77.724 Y93.516
G0 F15000 X77.724 Y93.916
G0 X77.924 Y93.916
G1 F1500 E272.9113
;MESH:NONMESH
G0 F300 X77.924 Y93.916 Z8.3
G0 F15000 X77.924 Y94.782
G0 X157.324 Y94.782
G0 X157.324 Y93.916
;TIME_ELAPSED:1025.547407
;LAYER:82
;note -- min layer time used
;TYPE:WALL-OUTER
;MESH:90deg_h40_w80_t36.STL(1)
G1 F1500 E279.4113
G1 F991.7 X77.724 Y93.916 E280.93362
G1 X77.724 Y93.516 E280.94127
G1 X155.55 Y93.516 E282.42966
G0 F2700 X157.324 Y93.516
G0 X157.324 Y93.916
G0 F15000 X156.724 Y93.916
G1 F1500 E275.92966
;MESH:NONMESH
G0 F300 X156.724 Y93.916 Z8.4
G0 F15000 X157.324 Y93.916
;TIME_ELAPSED:1036.004915
;LAYER:83
;note -- min layer time used
;TYPE:WALL-OUTER
;MESH:90deg_h40_w80_t36.STL(1)
G1 F1500 E282.42966
G1 F960.5 X157.324 Y93.516 E282.43731
G1 X77.724 Y93.516 E283.95962
G1 X77.724 Y93.916 E283.96727
G1 X155.15 Y93.916 E285.44801
G0 F2700 X157.324 Y93.916
G0 F15000 X157.324 Y93.516
G0 X157.124 Y93.516
G1 F1500 E278.94801
;MESH:NONMESH
G0 F300 X157.124 Y93.516 Z8.5
G0 F15000 X157.324 Y93.916
;TIME_ELAPSED:1046.755760
;LAYER:84
;note -- min layer time used
;TYPE:WALL-OUTER
;MESH:90deg_h40_w80_t36.STL(1)
G1 F1500 E285.44801
G1 F960.4 X77.724 Y93.916 E286.97033
G1 X77.724 Y93.516 E286.97798
G1 X155.55 Y93.516 E288.46637
G0 F2700 X157.324 Y93.516
G0 X157.324 Y93.916
G0 F15000 X156.724 Y93.916
G1 F1500 E281.96637
;MESH:NONMESH
G0 F300 X156.724 Y93.916 Z8.6
G0 F15000 X156.724 Y94.782
G0 X76.872 Y94.77
G0 X76.872 Y92.664
G0 X77.724 Y92.652
G0 X77.724 Y93.516
;TIME_ELAPSED:1058.531625
;LAYER:85
;note -- min layer time used
;TYPE:WALL-OUTER
;MESH:90deg_h40_w80_t36.STL(1)
G1 F1500 E288.46637
G1 F991.6 X77.724 Y93.916 E288.47402
G1 X157.324 Y93.916 E289.99634
G1 X157.324 Y93.516 E290.00399
G1 X79.898 Y93.516 E291.48472
G0 F2700 X77.724 Y93.516
G0 F15000 X77.724 Y93.916
G0 X77.924 Y93.916
G1 F1500 E284.98472
;MESH:NONMESH
G0 F300 X77.924 Y93.916 Z8.7
G0 F15000 X77.924 Y94.782
G0 X157.324 Y94.782
G0 X157.324 Y93.916
;TIME_ELAPSED:1069.827230
;LAYER:86
;note -- min layer time used
;TYPE:WALL-OUTER
;MESH:90deg_h40_w80_t36.STL(1)
G1 F1500 E291.48472
G1 F991.7 X77.724 Y93.916 E293.00704
G1 X77.724 Y93.516 E293.01469
G1 X155.55 Y93.516 E294.50308
G0 F2700 X157.324 Y93.516
G0 X157.324 Y93.916
G0 F15000 X156.724 Y93.916
G1 F1500 E288.00308
;MESH:NONMESH
G0 F300 X156.724 Y93.916 Z8.8
G0 F15000 X156.724 Y94.782
G0 X76.872 Y94.77
G0 X76.872 Y92.664
G0 X77.724 Y92.652
G0 X77.724 Y93.516
;TIME_ELAPSED:1081.293081
;LAYER:87
;note -- min layer time used
;TYPE:WALL-OUTER
;MESH:90deg_h40_w80_t36.STL(1)
G1 F1500 E294.50308
G1 F991.6 X77.724 Y93.916 E294.51073
G1 X157.324 Y93.916 E296.03305
G1 X157.324 Y93.516 E296.0407
G1 X79.898 Y93.516 E297.52144
G0 F2700 X77.724 Y93.516
G0 F15000 X77.724 Y93.916
G0 X77.924 Y93.916
G1 F1500 E291.02144
;MESH:NONMESH
G0 F300 X77.924 Y93.916 Z8.9
G0 F15000 X77.924 Y94.782
G0 X157.324 Y94.782
G0 X157.324 Y93.916
;TIME_ELAPSED:1092.588686
;LAYER:88
;note -- min layer time used
;TYPE:WALL-OUTER
;MESH:90deg_h40_w80_t36.STL(1)
G1 F1500 E297.52144
G1 F991.7 X77.724 Y93.916 E299.04375
G1 X77.724 Y93.516 E299.0514
G1 X155.55 Y93.516 E300.53979
G0 F2700 X157.324 Y93.516
G0 X157.324 Y93.916
G0 F15000 X156.724 Y93.916
G1 F1500 E294.03979
;MESH:NONMESH
G0 F300 X156.724 Y93.916 Z9
G0 F15000 X156.724 Y94.782
G0 X76.872 Y94.77
G0 X76.872 Y92.664
G0 X77.724 Y92.652
G0 X77.724 Y93.516
;TIME_ELAPSED:1104.054537
;LAYER:89
;note -- min layer time used
;TYPE:WALL-OUTER
;MESH:90deg_h40_w80_t36.STL(1)
G1 F1500 E300.53979
G1 F991.6 X77.724 Y93.916 E300.54744
G1 X157.324 Y93.916 E302.06976
G1 X157.324 Y93.516 E302.07741
G1 X79.898 Y93.516 E303.55815
G0 F2700 X77.724 Y93.516
G0 F15000 X77.724 Y93.916
G0 X77.924 Y93.916
G1 F1500 E297.05815
;MESH:NONMESH
G0 F300 X77.924 Y93.916 Z9.1
G0 F15000 X77.924 Y94.782
G0 X157.324 Y94.782
G0 X157.324 Y93.916
;TIME_ELAPSED:1115.350142
;LAYER:90
;note -- min layer time used
;TYPE:WALL-OUTER
;MESH:90deg_h40_w80_t36.STL(1)
G1 F1500 E303.55815
G1 F991.7 X77.724 Y93.916 E305.08046
G1 X77.724 Y93.516 E305.08811
G1 X155.55 Y93.516 E306.5765
G0 F2700 X157.324 Y93.516
G0 X157.324 Y93.916
G0 F15000 X156.724 Y93.916
G1 F1500 E300.0765
;MESH:NONMESH
G0 F300 X156.724 Y93.916 Z9.2
G0 F15000 X156.724 Y94.782
G0 X76.872 Y94.77
G0 X76.872 Y92.664
G0 X77.724 Y92.652
G0 X77.724 Y93.516
;TIME_ELAPSED:1126.815993
;LAYER:91
;note -- min layer time used
;TYPE:WALL-OUTER
;MESH:90deg_h40_w80_t36.STL(1)
G1 F1500 E306.5765
G1 F991.6 X77.724 Y93.916 E306.58415
G1 X157.324 Y93.916 E308.10647
G1 X157.324 Y93.516 E308.11412
G1 X79.898 Y93.516 E309.59486
G0 F2700 X77.724 Y93.516
G0 F15000 X77.724 Y93.916
G0 X77.924 Y93.916
G1 F1500 E303.09486
;MESH:NONMESH
G0 F300 X77.924 Y93.916 Z9.3
G0 F15000 X77.924 Y94.782
G0 X157.324 Y94.782
G0 X157.324 Y93.916
;TIME_ELAPSED:1138.111598
;LAYER:92
;note -- min layer time used
;TYPE:WALL-OUTER
;MESH:90deg_h40_w80_t36.STL(1)
G1 F1500 E309.59486
G1 F991.7 X77.724 Y93.916 E311.11717
G1 X77.724 Y93.516 E311.12482
G1 X155.55 Y93.516 E312.61321
G0 F2700 X157.324 Y93.516
G0 X157.324 Y93.916
G0 F15000 X156.724 Y93.916
G1 F1500 E306.11321
;MESH:NONMESH
G0 F300 X156.724 Y93.916 Z9.4
G0 F15000 X156.724 Y94.782
G0 X76.872 Y94.77
G0 X76.872 Y92.664
G0 X77.724 Y92.652
G0 X77.724 Y93.516
;TIME_ELAPSED:1149.577449
;LAYER:93
;note -- min layer time used
;TYPE:WALL-OUTER
;MESH:90deg_h40_w80_t36.STL(1)
G1 F1500 E312.61321
G1 F991.6 X77.724 Y93.916 E312.62086
G1 X157.324 Y93.916 E314.14318
G1 X157.324 Y93.516 E314.15083
G1 X79.898 Y93.516 E315.63157
G0 F2700 X77.724 Y93.516
G0 F15000 X77.724 Y93.916
G0 X77.924 Y93.916
G1 F1500 E309.13157
;MESH:NONMESH
G0 F300 X77.924 Y93.916 Z9.5
G0 F15000 X77.924 Y94.782
G0 X157.324 Y94.782
G0 X157.324 Y93.916
;TIME_ELAPSED:1160.873054
;LAYER:94
;note -- min layer time used
;TYPE:WALL-OUTER
;MESH:90deg_h40_w80_t36.STL(1)
G1 F1500 E315.63157
G1 F991.7 X77.724 Y93.916 E317.15389
G1 X77.724 Y93.516 E317.16154
G1 X155.55 Y93.516 E318.64993
G0 F2700 X157.324 Y93.516
G0 X157.324 Y93.916
G0 F15000 X156.724 Y93.916
G1 F1500 E312.14993
;MESH:NONMESH
G0 F300 X156.724 Y93.916 Z9.6
G0 F15000 X156.724 Y94.782
G0 X76.872 Y94.77
G0 X76.872 Y92.664
G0 X77.724 Y92.652
G0 X77.724 Y93.516
;TIME_ELAPSED:1172.338904
;LAYER:95
;note -- min layer time used
;TYPE:WALL-OUTER
;MESH:90deg_h40_w80_t36.STL(1)
G1 F1500 E318.64993
G1 F991.6 X77.724 Y93.916 E318.65758
G1 X157.324 Y93.916 E320.17989
G1 X157.324 Y93.516 E320.18754
G1 X79.898 Y93.516 E321.66828
G0 F2700 X77.724 Y93.516
G0 F15000 X77.724 Y93.916
G0 X77.924 Y93.916
G1 F1500 E315.16828
;MESH:NONMESH
G0 F300 X77.924 Y93.916 Z9.7
G0 F15000 X77.924 Y94.782
G0 X157.324 Y94.782
G0 X157.324 Y93.916
;TIME_ELAPSED:1183.634510
;LAYER:96
;note -- min layer time used
;TYPE:WALL-OUTER
;MESH:90deg_h40_w80_t36.STL(1)
G1 F1500 E321.66828
G1 F991.7 X77.724 Y93.916 E323.1906
G1 X77.724 Y93.516 E323.19825
G1 X155.55 Y93.516 E324.68664
G0 F2700 X157.324 Y93.516
G0 X157.324 Y93.916
G0 F15000 X156.724 Y93.916
G1 F1500 E318.18664
;MESH:NONMESH
G0 F300 X156.724 Y93.916 Z9.8
G0 F15000 X156.724 Y94.782
G0 X76.872 Y94.77
G0 X76.872 Y92.664
G0 X77.724 Y92.652
G0 X77.724 Y93.516
;TIME_ELAPSED:1195.100360
;LAYER:97
;note -- min layer time used
;TYPE:WALL-OUTER
;MESH:90deg_h40_w80_t36.STL(1)
G1 F1500 E324.68664
G1 F991.6 X77.724 Y93.916 E324.69429
G1 X157.324 Y93.916 E326.2166
G1 X157.324 Y93.516 E326.22425
G1 X79.898 Y93.516 E327.70499
G0 F2700 X77.724 Y93.516
G0 F15000 X77.724 Y93.916
G0 X77.924 Y93.916
G1 F1500 E321.20499
;MESH:NONMESH
G0 F300 X77.924 Y93.916 Z9.9
G0 F15000 X77.924 Y94.782
G0 X157.324 Y94.782
G0 X157.324 Y93.916
;TIME_ELAPSED:1206.395966
;LAYER:98
;note -- min layer time used
;TYPE:WALL-OUTER
;MESH:90deg_h40_w80_t36.STL(1)
G1 F1500 E327.70499
G1 F991.7 X77.724 Y93.916 E329.22731
G1 X77.724 Y93.516 E329.23496
G1 X155.55 Y93.516 E330.72335
G0 F2700 X157.324 Y93.516
G0 X157.324 Y93.916
G0 F15000 X156.724 Y93.916
G1 F1500 E324.22335
;MESH:NONMESH
G0 F300 X156.724 Y93.916 Z10
G0 F15000 X156.724 Y94.782
G0 X76.872 Y94.77
G0 X76.872 Y92.664
G0 X77.724 Y92.652
G0 X77.724 Y93.516
;TIME_ELAPSED:1217.861816
;LAYER:99
;note -- min layer time used
;TYPE:WALL-OUTER
;MESH:90deg_h40_w80_t36.STL(1)
G1 F1500 E330.72335
G1 F991.6 X77.724 Y93.916 E330.731
G1 X157.324 Y93.916 E332.25331
G1 X157.324 Y93.516 E332.26096
G1 X79.898 Y93.516 E333.7417
G0 F2700 X77.724 Y93.516
G0 F15000 X77.724 Y93.916
G0 X77.924 Y93.916
G1 F1500 E327.2417
;MESH:NONMESH
G0 F300 X77.924 Y93.916 Z10.1
G0 F15000 X77.924 Y94.782
G0 X157.324 Y94.782
G0 X157.324 Y93.916
;TIME_ELAPSED:1229.157422
;LAYER:100
;note -- min layer time used
;TYPE:WALL-OUTER
;MESH:90deg_h40_w80_t36.STL(1)
G1 F1500 E333.7417
G1 F991.7 X77.724 Y93.916 E335.26402
G1 X77.724 Y93.516 E335.27167
G1 X155.55 Y93.516 E336.76006
G0 F2700 X157.324 Y93.516
G0 X157.324 Y93.916
G0 F15000 X156.724 Y93.916
G1 F1500 E330.26006
;MESH:NONMESH
G0 F300 X156.724 Y93.916 Z10.2
G0 F15000 X156.724 Y94.782
G0 X76.872 Y94.77
G0 X76.872 Y92.664
G0 X77.724 Y92.652
G0 X77.724 Y93.516
;TIME_ELAPSED:1240.623272
;LAYER:101
;note -- min layer time used
;TYPE:WALL-OUTER
;MESH:90deg_h40_w80_t36.STL(1)
G1 F1500 E336.76006
G1 F991.6 X77.724 Y93.916 E336.76771
G1 X157.324 Y93.916 E338.29002
G1 X157.324 Y93.516 E338.29767
G1 X79.898 Y93.516 E339.77841
G0 F2700 X77.724 Y93.516
G0 F15000 X77.724 Y93.916
G0 X77.924 Y93.916
G1 F1500 E333.27841
;MESH:NONMESH
G0 F300 X77.924 Y93.916 Z10.3
G0 F15000 X77.924 Y94.782
G0 X157.324 Y94.782
G0 X157.324 Y93.916
;TIME_ELAPSED:1251.918877
;LAYER:102
;note -- min layer time used
;TYPE:WALL-OUTER
;MESH:90deg_h40_w80_t36.STL(1)
G1 F1500 E339.77841
G1 F991.7 X77.724 Y93.916 E341.30073
G1 X77.724 Y93.516 E341.30838
G1 X155.55 Y93.516 E342.79677
G0 F2700 X157.324 Y93.516
G0 X157.324 Y93.916
G0 F15000 X156.724 Y93.916
G1 F1500 E336.29677
;MESH:NONMESH
G0 F300 X156.724 Y93.916 Z10.4
G0 F15000 X156.724 Y94.782
G0 X76.872 Y94.77
G0 X76.872 Y92.664
G0 X77.724 Y92.652
G0 X77.724 Y93.516
;TIME_ELAPSED:1263.384728
;LAYER:103
;note -- min layer time used
;TYPE:WALL-OUTER
;MESH:90deg_h40_w80_t36.STL(1)
G1 F1500 E342.79677
G1 F991.6 X77.724 Y93.916 E342.80442
G1 X157.324 Y93.916 E344.32674
G1 X157.324 Y93.516 E344.33439
G1 X79.898 Y93.516 E345.81513
G0 F2700 X77.724 Y93.516
G0 F15000 X77.724 Y93.916
G0 X77.924 Y93.916
G1 F1500 E339.31513
;MESH:NONMESH
G0 F300 X77.924 Y93.916 Z10.5
G0 F15000 X77.924 Y94.782
G0 X157.324 Y94.782
G0 X157.324 Y93.916
;TIME_ELAPSED:1274.680333
;LAYER:104
;note -- min layer time used
;TYPE:WALL-OUTER
;MESH:90deg_h40_w80_t36.STL(1)
G1 F1500 E345.81513
G1 F991.7 X77.724 Y93.916 E347.33744
G1 X77.724 Y93.516 E347.34509
G1 X155.55 Y93.516 E348.83348
G0 F2700 X157.324 Y93.516
G0 X157.324 Y93.916
G0 F15000 X156.724 Y93.916
G1 F1500 E342.33348
;MESH:NONMESH
G0 F300 X156.724 Y93.916 Z10.6
G0 F15000 X156.724 Y94.782
G0 X76.872 Y94.77
G0 X76.872 Y92.664
G0 X77.724 Y92.652
G0 X77.724 Y93.516
;TIME_ELAPSED:1286.146184
;LAYER:105
;note -- min layer time used
;TYPE:WALL-OUTER
;MESH:90deg_h40_w80_t36.STL(1)
G1 F1500 E348.83348
G1 F991.6 X77.724 Y93.916 E348.84113
G1 X157.324 Y93.916 E350.36345
G1 X157.324 Y93.516 E350.3711
G1 X79.898 Y93.516 E351.85184
G0 F2700 X77.724 Y93.516
G0 F15000 X77.724 Y93.916
G0 X77.924 Y93.916
G1 F1500 E345.35184
;MESH:NONMESH
G0 F300 X77.924 Y93.916 Z10.7
G0 F15000 X77.924 Y94.782
G0 X157.324 Y94.782
G0 X157.324 Y93.916
;TIME_ELAPSED:1297.441789
;LAYER:106
;note -- min layer time used
;TYPE:WALL-OUTER
;MESH:90deg_h40_w80_t36.STL(1)
G1 F1500 E351.85184
G1 F991.7 X77.724 Y93.916 E353.37415
G1 X77.724 Y93.516 E353.3818
G1 X155.55 Y93.516 E354.87019
G0 F2700 X157.324 Y93.516
G0 X157.324 Y93.916
G0 F15000 X156.724 Y93.916
G1 F1500 E348.37019
;MESH:NONMESH
G0 F300 X156.724 Y93.916 Z10.8
G0 F15000 X156.724 Y94.782
G0 X76.872 Y94.77
G0 X76.872 Y92.664
G0 X77.724 Y92.652
G0 X77.724 Y93.516
;TIME_ELAPSED:1308.907640
;LAYER:107
;note -- min layer time used
;TYPE:WALL-OUTER
;MESH:90deg_h40_w80_t36.STL(1)
G1 F1500 E354.87019
G1 F991.6 X77.724 Y93.916 E354.87784
G1 X157.324 Y93.916 E356.40016
G1 X157.324 Y93.516 E356.40781
G1 X79.898 Y93.516 E357.88855
G0 F2700 X77.724 Y93.516
G0 F15000 X77.724 Y93.916
G0 X77.924 Y93.916
G1 F1500 E351.38855
;MESH:NONMESH
G0 F300 X77.924 Y93.916 Z10.9
G0 F15000 X77.924 Y94.782
G0 X157.324 Y94.782
G0 X157.324 Y93.916
;TIME_ELAPSED:1320.203245
;LAYER:108
;note -- min layer time used
;TYPE:WALL-OUTER
;MESH:90deg_h40_w80_t36.STL(1)
G1 F1500 E357.88855
G1 F991.7 X77.724 Y93.916 E359.41086
G1 X77.724 Y93.516 E359.41851
G1 X155.55 Y93.516 E360.9069
G0 F2700 X157.324 Y93.516
G0 X157.324 Y93.916
G0 F15000 X156.724 Y93.916
G1 F1500 E354.4069
;MESH:NONMESH
G0 F300 X156.724 Y93.916 Z11
G0 F15000 X156.724 Y94.782
G0 X76.872 Y94.77
G0 X76.872 Y92.664
G0 X77.724 Y92.652
G0 X77.724 Y93.516
;TIME_ELAPSED:1331.669096
;LAYER:109
;note -- min layer time used
;TYPE:WALL-OUTER
;MESH:90deg_h40_w80_t36.STL(1)
G1 F1500 E360.9069
G1 F991.6 X77.724 Y93.916 E360.91455
G1 X157.324 Y93.916 E362.43687
G1 X157.324 Y93.516 E362.44452
G1 X79.898 Y93.516 E363.92526
G0 F2700 X77.724 Y93.516
G0 F15000 X77.724 Y93.916
G0 X77.924 Y93.916
G1 F1500 E357.42526
;MESH:NONMESH
G0 F300 X77.924 Y93.916 Z11.1
G0 F15000 X77.924 Y94.782
G0 X157.324 Y94.782
G0 X157.324 Y93.916
;TIME_ELAPSED:1342.964701
;LAYER:110
;note -- min layer time used
;TYPE:WALL-OUTER
;MESH:90deg_h40_w80_t36.STL(1)
G1 F1500 E363.92526
G1 F991.7 X77.724 Y93.916 E365.44758
G1 X77.724 Y93.516 E365.45523
G1 X155.55 Y93.516 E366.94361
G0 F2700 X157.324 Y93.516
G0 X157.324 Y93.916
G0 F15000 X156.724 Y93.916
G1 F1500 E360.44361
;MESH:NONMESH
G0 F300 X156.724 Y93.916 Z11.2
G0 F15000 X156.724 Y94.782
G0 X76.872 Y94.77
G0 X76.872 Y92.664
G0 X77.724 Y92.652
G0 X77.724 Y93.516
;TIME_ELAPSED:1354.430552
;LAYER:111
;note -- min layer time used
;TYPE:WALL-OUTER
;MESH:90deg_h40_w80_t36.STL(1)
G1 F1500 E366.94361
G1 F991.6 X77.724 Y93.916 E366.95126
G1 X157.324 Y93.916 E368.47358
G1 X157.324 Y93.516 E368.48123
G1 X79.898 Y93.516 E369.96197
G0 F2700 X77.724 Y93.516
G0 F15000 X77.724 Y93.916
G0 X77.924 Y93.916
G1 F1500 E363.46197
;MESH:NONMESH
G0 F300 X77.924 Y93.916 Z11.3
G0 F15000 X77.924 Y94.782
G0 X157.324 Y94.782
G0 X157.324 Y93.916
;TIME_ELAPSED:1365.726157
;LAYER:112
;note -- min layer time used
;TYPE:WALL-OUTER
;MESH:90deg_h40_w80_t36.STL(1)
G1 F1500 E369.96197
G1 F991.7 X77.724 Y93.916 E371.48429
G1 X77.724 Y93.516 E371.49194
G1 X155.55 Y93.516 E372.98033
G0 F2700 X157.324 Y93.516
G0 X157.324 Y93.916
G0 F15000 X156.724 Y93.916
G1 F1500 E366.48033
;MESH:NONMESH
G0 F300 X156.724 Y93.916 Z11.4
G0 F15000 X156.724 Y94.782
G0 X76.872 Y94.77
G0 X76.872 Y92.664
G0 X77.724 Y92.652
G0 X77.724 Y93.516
;TIME_ELAPSED:1377.192008
;LAYER:113
;note -- min layer time used
;TYPE:WALL-OUTER
;MESH:90deg_h40_w80_t36.STL(1)
G1 F1500 E372.98033
G1 F991.6 X77.724 Y93.916 E372.98798
G1 X157.324 Y93.916 E374.51029
G1 X157.324 Y93.516 E374.51794
G1 X79.898 Y93.516 E375.99868
G0 F2700 X77.724 Y93.516
G0 F15000 X77.724 Y93.916
G0 X77.924 Y93.916
G1 F1500 E369.49868
;MESH:NONMESH
G0 F300 X77.924 Y93.916 Z11.5
G0 F15000 X77.924 Y94.782
G0 X157.324 Y94.782
G0 X157.324 Y93.916
;TIME_ELAPSED:1388.487613
;LAYER:114
;note -- min layer time used
;TYPE:WALL-OUTER
;MESH:90deg_h40_w80_t36.STL(1)
G1 F1500 E375.99868
G1 F991.7 X77.724 Y93.916 E377.521
G1 X77.724 Y93.516 E377.52865
G1 X155.55 Y93.516 E379.01704
G0 F2700 X157.324 Y93.516
G0 X157.324 Y93.916
G0 F15000 X156.724 Y93.916
G1 F1500 E372.51704
;MESH:NONMESH
G0 F300 X156.724 Y93.916 Z11.6
G0 F15000 X156.724 Y94.782
G0 X76.872 Y94.77
G0 X76.872 Y92.664
G0 X77.724 Y92.652
G0 X77.724 Y93.516
;TIME_ELAPSED:1399.953464
;LAYER:115
;note -- min layer time used
;TYPE:WALL-OUTER
;MESH:90deg_h40_w80_t36.STL(1)
G1 F1500 E379.01704
G1 F991.6 X77.724 Y93.916 E379.02469
G1 X157.324 Y93.916 E380.547
G1 X157.324 Y93.516 E380.55465
G1 X79.898 Y93.516 E382.03539
G0 F2700 X77.724 Y93.516
G0 F15000 X77.724 Y93.916
G0 X77.924 Y93.916
G1 F1500 E375.53539
;MESH:NONMESH
G0 F300 X77.924 Y93.916 Z11.7
G0 F15000 X77.924 Y94.782
G0 X157.324 Y94.782
G0 X157.324 Y93.916
;TIME_ELAPSED:1411.249069
;LAYER:116
;note -- min layer time used
;TYPE:WALL-OUTER
;MESH:90deg_h40_w80_t36.STL(1)
G1 F1500 E382.03539
G1 F991.7 X77.724 Y93.916 E383.55771
G1 X77.724 Y93.516 E383.56536
G1 X155.55 Y93.516 E385.05375
G0 F2700 X157.324 Y93.516
G0 X157.324 Y93.916
G0 F15000 X156.724 Y93.916
G1 F1500 E378.55375
;MESH:NONMESH
G0 F300 X156.724 Y93.916 Z11.8
G0 F15000 X156.724 Y94.782
G0 X76.872 Y94.77
G0 X76.872 Y92.664
G0 X77.724 Y92.652
G0 X77.724 Y93.516
;TIME_ELAPSED:1422.714920
;LAYER:117
;note -- min layer time used
;TYPE:WALL-OUTER
;MESH:90deg_h40_w80_t36.STL(1)
G1 F1500 E385.05375
G1 F991.6 X77.724 Y93.916 E385.0614
G1 X157.324 Y93.916 E386.58371
G1 X157.324 Y93.516 E386.59136
G1 X79.898 Y93.516 E388.0721
G0 F2700 X77.724 Y93.516
G0 F15000 X77.724 Y93.916
G0 X77.924 Y93.916
G1 F1500 E381.5721
;MESH:NONMESH
G0 F300 X77.924 Y93.916 Z11.9
G0 F15000 X77.924 Y94.782
G0 X157.324 Y94.782
G0 X157.324 Y93.916
;TIME_ELAPSED:1434.010525
;LAYER:118
;note -- min layer time used
;TYPE:WALL-OUTER
;MESH:90deg_h40_w80_t36.STL(1)
G1 F1500 E388.0721
G1 F991.7 X77.724 Y93.916 E389.59442
G1 X77.724 Y93.516 E389.60207
G1 X155.55 Y93.516 E391.09046
G0 F2700 X157.324 Y93.516
G0 X157.324 Y93.916
G0 F15000 X156.724 Y93.916
G1 F1500 E384.59046
;MESH:NONMESH
G0 F300 X156.724 Y93.916 Z12
G0 F15000 X156.724 Y94.782
G0 X76.872 Y94.77
G0 X76.872 Y92.664
G0 X77.724 Y92.652
G0 X77.724 Y93.516
;TIME_ELAPSED:1445.476375
;LAYER:119
;note -- min layer time used
;TYPE:WALL-OUTER
;MESH:90deg_h40_w80_t36.STL(1)
G1 F1500 E391.09046
G1 F991.6 X77.724 Y93.916 E391.09811
G1 X157.324 Y93.916 E392.62043
G1 X157.324 Y93.516 E392.62808
G1 X79.898 Y93.516 E394.10882
G0 F2700 X77.724 Y93.516
G0 F15000 X77.724 Y93.916
G0 X77.924 Y93.916
G1 F1500 E387.60882
;MESH:NONMESH
G0 F300 X77.924 Y93.916 Z12.1
G0 F15000 X77.924 Y94.782
G0 X157.324 Y94.782
G0 X157.324 Y93.916
;TIME_ELAPSED:1456.771981
;LAYER:120
;note -- min layer time used
;TYPE:WALL-OUTER
;MESH:90deg_h40_w80_t36.STL(1)
G1 F1500 E394.10882
G1 F991.7 X77.724 Y93.916 E395.63113
G1 X77.724 Y93.516 E395.63878
G1 X155.55 Y93.516 E397.12717
G0 F2700 X157.324 Y93.516
G0 X157.324 Y93.916
G0 F15000 X156.724 Y93.916
G1 F1500 E390.62717
;MESH:NONMESH
G0 F300 X156.724 Y93.916 Z12.2
G0 F15000 X156.724 Y94.782
G0 X76.872 Y94.77
G0 X76.872 Y92.664
G0 X77.724 Y92.652
G0 X77.724 Y93.516
;TIME_ELAPSED:1468.237831
;LAYER:121
;note -- min layer time used
;TYPE:WALL-OUTER
;MESH:90deg_h40_w80_t36.STL(1)
G1 F1500 E397.12717
G1 F991.6 X77.724 Y93.916 E397.13482
G1 X157.324 Y93.916 E398.65714
G1 X157.324 Y93.516 E398.66479
G1 X79.898 Y93.516 E400.14553
G0 F2700 X77.724 Y93.516
G0 F15000 X77.724 Y93.916
G0 X77.924 Y93.916
G1 F1500 E393.64553
;MESH:NONMESH
G0 F300 X77.924 Y93.916 Z12.3
G0 F15000 X77.924 Y94.782
G0 X157.324 Y94.782
G0 X157.324 Y93.916
;TIME_ELAPSED:1479.533437
;LAYER:122
;note -- min layer time used
;TYPE:WALL-OUTER
;MESH:90deg_h40_w80_t36.STL(1)
G1 F1500 E400.14553
G1 F991.7 X77.724 Y93.916 E401.66784
G1 X77.724 Y93.516 E401.67549
G1 X155.55 Y93.516 E403.16388
G0 F2700 X157.324 Y93.516
G0 X157.324 Y93.916
G0 F15000 X156.724 Y93.916
G1 F1500 E396.66388
;MESH:NONMESH
G0 F300 X156.724 Y93.916 Z12.4
G0 F15000 X156.724 Y94.782
G0 X76.872 Y94.77
G0 X76.872 Y92.664
G0 X77.724 Y92.652
G0 X77.724 Y93.516
;TIME_ELAPSED:1490.999287
;LAYER:123
;note -- min layer time used
;TYPE:WALL-OUTER
;MESH:90deg_h40_w80_t36.STL(1)
G1 F1500 E403.16388
G1 F991.6 X77.724 Y93.916 E403.17153
G1 X157.324 Y93.916 E404.69385
G1 X157.324 Y93.516 E404.7015
G1 X79.898 Y93.516 E406.18224
G0 F2700 X77.724 Y93.516
G0 F15000 X77.724 Y93.916
G0 X77.924 Y93.916
G1 F1500 E399.68224
;MESH:NONMESH
G0 F300 X77.924 Y93.916 Z12.5
G0 F15000 X77.924 Y94.782
G0 X157.324 Y94.782
G0 X157.324 Y93.916
;TIME_ELAPSED:1502.294893
;LAYER:124
;note -- min layer time used
;TYPE:WALL-OUTER
;MESH:90deg_h40_w80_t36.STL(1)
G1 F1500 E406.18224
G1 F991.7 X77.724 Y93.916 E407.70455
G1 X77.724 Y93.516 E407.7122
G1 X155.55 Y93.516 E409.20059
G0 F2700 X157.324 Y93.516
G0 X157.324 Y93.916
G0 F15000 X156.724 Y93.916
G1 F1500 E402.70059
;MESH:NONMESH
G0 F300 X156.724 Y93.916 Z12.6
G0 F15000 X156.724 Y94.782
G0 X76.872 Y94.77
G0 X76.872 Y92.664
G0 X77.724 Y92.652
G0 X77.724 Y93.516
;TIME_ELAPSED:1513.760743
;LAYER:125
;note -- min layer time used
;TYPE:WALL-OUTER
;MESH:90deg_h40_w80_t36.STL(1)
G1 F1500 E409.20059
G1 F991.6 X77.724 Y93.916 E409.20824
G1 X157.324 Y93.916 E410.73056
G1 X157.324 Y93.516 E410.73821
G1 X79.898 Y93.516 E412.21895
G0 F2700 X77.724 Y93.516
G0 F15000 X77.724 Y93.916
G0 X77.924 Y93.916
G1 F1500 E405.71895
;MESH:NONMESH
G0 F300 X77.924 Y93.916 Z12.7
G0 F15000 X77.924 Y94.782
G0 X157.324 Y94.782
G0 X157.324 Y93.916
;TIME_ELAPSED:1525.056349
;LAYER:126
;note -- min layer time used
;TYPE:WALL-OUTER
;MESH:90deg_h40_w80_t36.STL(1)
G1 F1500 E412.21895
G1 F991.7 X77.724 Y93.916 E413.74126
G1 X77.724 Y93.516 E413.74891
G1 X155.55 Y93.516 E415.2373
G0 F2700 X157.324 Y93.516
G0 X157.324 Y93.916
G0 F15000 X156.724 Y93.916
G1 F1500 E408.7373
;MESH:NONMESH
G0 F300 X156.724 Y93.916 Z12.8
G0 F15000 X156.724 Y94.782
G0 X76.872 Y94.77
G0 X76.872 Y92.664
G0 X77.724 Y92.652
G0 X77.724 Y93.516
;TIME_ELAPSED:1536.522199
;LAYER:127
;note -- min layer time used
;TYPE:WALL-OUTER
;MESH:90deg_h40_w80_t36.STL(1)
G1 F1500 E415.2373
G1 F991.6 X77.724 Y93.916 E415.24495
G1 X157.324 Y93.916 E416.76727
G1 X157.324 Y93.516 E416.77492
G1 X79.898 Y93.516 E418.25566
G0 F2700 X77.724 Y93.516
G0 F15000 X77.724 Y93.916
G0 X77.924 Y93.916
G1 F1500 E411.75566
;MESH:NONMESH
G0 F300 X77.924 Y93.916 Z12.9
G0 F15000 X77.924 Y94.782
G0 X157.324 Y94.782
G0 X157.324 Y93.916
;TIME_ELAPSED:1547.817804
;LAYER:128
;note -- min layer time used
;TYPE:WALL-OUTER
;MESH:90deg_h40_w80_t36.STL(1)
G1 F1500 E418.25566
G1 F991.7 X77.724 Y93.916 E419.77798
G1 X77.724 Y93.516 E419.78563
G1 X155.55 Y93.516 E421.27402
G0 F2700 X157.324 Y93.516
G0 X157.324 Y93.916
G0 F15000 X156.724 Y93.916
G1 F1500 E414.77402
;MESH:NONMESH
G0 F300 X156.724 Y93.916 Z13
G0 F15000 X156.724 Y94.782
G0 X76.872 Y94.77
G0 X76.872 Y92.664
G0 X77.724 Y92.652
G0 X77.724 Y93.516
;TIME_ELAPSED:1559.283655
;LAYER:129
;note -- min layer time used
;TYPE:WALL-OUTER
;MESH:90deg_h40_w80_t36.STL(1)
G1 F1500 E421.27402
G1 F991.6 X77.724 Y93.916 E421.28167
G1 X157.324 Y93.916 E422.80398
G1 X157.324 Y93.516 E422.81163
G1 X79.898 Y93.516 E424.29237
G0 F2700 X77.724 Y93.516
G0 F15000 X77.724 Y93.916
G0 X77.924 Y93.916
G1 F1500 E417.79237
;MESH:NONMESH
G0 F300 X77.924 Y93.916 Z13.1
G0 F15000 X77.924 Y94.782
G0 X157.324 Y94.782
G0 X157.324 Y93.916
;TIME_ELAPSED:1570.579260
;LAYER:130
;note -- min layer time used
;TYPE:WALL-OUTER
;MESH:90deg_h40_w80_t36.STL(1)
G1 F1500 E424.29237
G1 F991.7 X77.724 Y93.916 E425.81469
G1 X77.724 Y93.516 E425.82234
G1 X155.55 Y93.516 E427.31073
G0 F2700 X157.324 Y93.516
G0 X157.324 Y93.916
G0 F15000 X156.724 Y93.916
G1 F1500 E420.81073
;MESH:NONMESH
G0 F300 X156.724 Y93.916 Z13.2
G0 F15000 X156.724 Y94.782
G0 X76.872 Y94.77
G0 X76.872 Y92.664
G0 X77.724 Y92.652
G0 X77.724 Y93.516
;TIME_ELAPSED:1582.045111
;LAYER:131
;note -- min layer time used
;TYPE:WALL-OUTER
;MESH:90deg_h40_w80_t36.STL(1)
G1 F1500 E427.31073
G1 F991.6 X77.724 Y93.916 E427.31838
G1 X157.324 Y93.916 E428.84069
G1 X157.324 Y93.516 E428.84834
G1 X79.898 Y93.516 E430.32908
G0 F2700 X77.724 Y93.516
G0 F15000 X77.724 Y93.916
G0 X77.924 Y93.916
G1 F1500 E423.82908
;MESH:NONMESH
G0 F300 X77.924 Y93.916 Z13.3
G0 F15000 X77.924 Y94.782
G0 X157.324 Y94.782
G0 X157.324 Y93.916
;TIME_ELAPSED:1593.340716
;LAYER:132
;note -- min layer time used
;TYPE:WALL-OUTER
;MESH:90deg_h40_w80_t36.STL(1)
G1 F1500 E430.32908
G1 F991.7 X77.724 Y93.916 E431.8514
G1 X77.724 Y93.516 E431.85905
G1 X155.55 Y93.516 E433.34744
G0 F2700 X157.324 Y93.516
G0 X157.324 Y93.916
G0 F15000 X156.724 Y93.916
G1 F1500 E426.84744
;MESH:NONMESH
G0 F300 X156.724 Y93.916 Z13.4
G0 F15000 X156.724 Y94.782
G0 X76.872 Y94.77
G0 X76.872 Y92.664
G0 X77.724 Y92.652
G0 X77.724 Y93.516
;TIME_ELAPSED:1604.806567
;LAYER:133
;note -- min layer time used
;TYPE:WALL-OUTER
;MESH:90deg_h40_w80_t36.STL(1)
G1 F1500 E433.34744
G1 F991.6 X77.724 Y93.916 E433.35509
G1 X157.324 Y93.916 E434.8774
G1 X157.324 Y93.516 E434.88505
G1 X79.898 Y93.516 E436.36579
G0 F2700 X77.724 Y93.516
G0 F15000 X77.724 Y93.916
G0 X77.924 Y93.916
G1 F1500 E429.86579
;MESH:NONMESH
G0 F300 X77.924 Y93.916 Z13.5
G0 F15000 X77.924 Y94.782
G0 X157.324 Y94.782
G0 X157.324 Y93.916
;TIME_ELAPSED:1616.102172
;LAYER:134
;note -- min layer time used
;TYPE:WALL-OUTER
;MESH:90deg_h40_w80_t36.STL(1)
G1 F1500 E436.36579
G1 F991.7 X77.724 Y93.916 E437.88811
G1 X77.724 Y93.516 E437.89576
G1 X155.55 Y93.516 E439.38415
G0 F2700 X157.324 Y93.516
G0 X157.324 Y93.916
G0 F15000 X156.724 Y93.916
G1 F1500 E432.88415
;MESH:NONMESH
G0 F300 X156.724 Y93.916 Z13.6
G0 F15000 X156.724 Y94.782
G0 X76.872 Y94.77
G0 X76.872 Y92.664
G0 X77.724 Y92.652
G0 X77.724 Y93.516
;TIME_ELAPSED:1627.568023
;LAYER:135
;note -- min layer time used
;TYPE:WALL-OUTER
;MESH:90deg_h40_w80_t36.STL(1)
G1 F1500 E439.38415
G1 F991.6 X77.724 Y93.916 E439.3918
G1 X157.324 Y93.916 E440.91412
G1 X157.324 Y93.516 E440.92176
G1 X79.898 Y93.516 E442.4025
G0 F2700 X77.724 Y93.516
G0 F15000 X77.724 Y93.916
G0 X77.924 Y93.916
G1 F1500 E435.9025
;MESH:NONMESH
G0 F300 X77.924 Y93.916 Z13.7
G0 F15000 X77.924 Y94.782
G0 X157.324 Y94.782
G0 X157.324 Y93.916
;TIME_ELAPSED:1638.863628
;LAYER:136
;note -- min layer time used
;TYPE:WALL-OUTER
;MESH:90deg_h40_w80_t36.STL(1)
G1 F1500 E442.4025
G1 F991.7 X77.724 Y93.916 E443.92482
G1 X77.724 Y93.516 E443.93247
G1 X155.55 Y93.516 E445.42086
G0 F2700 X157.324 Y93.516
G0 X157.324 Y93.916
G0 F15000 X156.724 Y93.916
G1 F1500 E438.92086
;MESH:NONMESH
G0 F300 X156.724 Y93.916 Z13.8
G0 F15000 X156.724 Y94.782
G0 X76.872 Y94.77
G0 X76.872 Y92.664
G0 X77.724 Y92.652
G0 X77.724 Y93.516
;TIME_ELAPSED:1650.329479
;LAYER:137
;note -- min layer time used
;TYPE:WALL-OUTER
;MESH:90deg_h40_w80_t36.STL(1)
G1 F1500 E445.42086
G1 F991.6 X77.724 Y93.916 E445.42851
G1 X157.324 Y93.916 E446.95083
G1 X157.324 Y93.516 E446.95848
G1 X79.898 Y93.516 E448.43922
G0 F2700 X77.724 Y93.516
G0 F15000 X77.724 Y93.916
G0 X77.924 Y93.916
G1 F1500 E441.93922
;MESH:NONMESH
G0 F300 X77.924 Y93.916 Z13.9
G0 F15000 X77.924 Y94.782
G0 X157.324 Y94.782
G0 X157.324 Y93.916
;TIME_ELAPSED:1661.625084
;LAYER:138
;note -- min layer time used
;TYPE:WALL-OUTER
;MESH:90deg_h40_w80_t36.STL(1)
G1 F1500 E448.43922
G1 F991.7 X77.724 Y93.916 E449.96153
G1 X77.724 Y93.516 E449.96918
G1 X155.55 Y93.516 E451.45757
G0 F2700 X157.324 Y93.516
G0 X157.324 Y93.916
G0 F15000 X156.724 Y93.916
G1 F1500 E444.95757
;MESH:NONMESH
G0 F300 X156.724 Y93.916 Z14
G0 F15000 X156.724 Y94.782
G0 X76.872 Y94.77
G0 X76.872 Y92.664
G0 X77.724 Y92.652
G0 X77.724 Y93.516
;TIME_ELAPSED:1673.090935
;LAYER:139
;note -- min layer time used
;TYPE:WALL-OUTER
;MESH:90deg_h40_w80_t36.STL(1)
G1 F1500 E451.45757
G1 F991.6 X77.724 Y93.916 E451.46522
G1 X157.324 Y93.916 E452.98754
G1 X157.324 Y93.516 E452.99519
G1 X79.898 Y93.516 E454.47593
G0 F2700 X77.724 Y93.516
G0 F15000 X77.724 Y93.916
G0 X77.924 Y93.916
G1 F1500 E447.97593
;MESH:NONMESH
G0 F300 X77.924 Y93.916 Z14.1
G0 F15000 X77.924 Y94.782
G0 X157.324 Y94.782
G0 X157.324 Y93.916
;TIME_ELAPSED:1684.386540
;LAYER:140
;note -- min layer time used
;TYPE:WALL-OUTER
;MESH:90deg_h40_w80_t36.STL(1)
G1 F1500 E454.47593
G1 F991.7 X77.724 Y93.916 E455.99824
G1 X77.724 Y93.516 E456.00589
G1 X155.55 Y93.516 E457.49428
G0 F2700 X157.324 Y93.516
G0 X157.324 Y93.916
G0 F15000 X156.724 Y93.916
G1 F1500 E450.99428
;MESH:NONMESH
G0 F300 X156.724 Y93.916 Z14.2
G0 F15000 X157.324 Y93.916
;TIME_ELAPSED:1694.844048
;LAYER:141
;note -- min layer time used
;TYPE:WALL-OUTER
;MESH:90deg_h40_w80_t36.STL(1)
G1 F1500 E457.49428
G1 F960.5 X157.324 Y93.516 E457.50193
G1 X77.724 Y93.516 E459.02425
G1 X77.724 Y93.916 E459.0319
G1 X155.15 Y93.916 E460.51264
G0 F2700 X157.324 Y93.916
G0 F15000 X157.324 Y93.516
G0 X157.124 Y93.516
G1 F1500 E454.01264
;MESH:NONMESH
G0 F300 X157.124 Y93.516 Z14.3
G0 F15000 X157.324 Y93.916
;TIME_ELAPSED:1705.594892
;LAYER:142
;note -- min layer time used
;TYPE:WALL-OUTER
;MESH:90deg_h40_w80_t36.STL(1)
G1 F1500 E460.51264
G1 F960.4 X77.724 Y93.916 E462.03495
G1 X77.724 Y93.516 E462.0426
G1 X155.55 Y93.516 E463.53099
G0 F2700 X157.324 Y93.516
G0 X157.324 Y93.916
G0 F15000 X156.724 Y93.916
G1 F1500 E457.03099
;MESH:NONMESH
G0 F300 X156.724 Y93.916 Z14.4
G0 F15000 X156.724 Y94.782
G0 X76.872 Y94.77
G0 X76.872 Y92.664
G0 X77.724 Y92.652
G0 X77.724 Y93.516
;TIME_ELAPSED:1717.370758
;LAYER:143
;note -- min layer time used
;TYPE:WALL-OUTER
;MESH:90deg_h40_w80_t36.STL(1)
G1 F1500 E463.53099
G1 F991.6 X77.724 Y93.916 E463.53864
G1 X157.324 Y93.916 E465.06096
G1 X157.324 Y93.516 E465.06861
G1 X79.898 Y93.516 E466.54935
G0 F2700 X77.724 Y93.516
G0 F15000 X77.724 Y93.916
G0 X77.924 Y93.916
G1 F1500 E460.04935
;MESH:NONMESH
G0 F300 X77.924 Y93.916 Z14.5
G0 F15000 X77.924 Y94.782
G0 X157.324 Y94.782
G0 X157.324 Y93.916
;TIME_ELAPSED:1728.666363
;LAYER:144
;note -- min layer time used
;TYPE:WALL-OUTER
;MESH:90deg_h40_w80_t36.STL(1)
G1 F1500 E466.54935
G1 F991.7 X77.724 Y93.916 E468.07167
G1 X77.724 Y93.516 E468.07932
G1 X155.55 Y93.516 E469.5677
G0 F2700 X157.324 Y93.516
G0 X157.324 Y93.916
G0 F15000 X156.724 Y93.916
G1 F1500 E463.0677
;MESH:NONMESH
G0 F300 X156.724 Y93.916 Z14.6
G0 F15000 X156.724 Y94.782
G0 X76.872 Y94.77
G0 X76.872 Y92.664
G0 X77.724 Y92.652
G0 X77.724 Y93.516
;TIME_ELAPSED:1740.132214
;LAYER:145
;note -- min layer time used
;TYPE:WALL-OUTER
;MESH:90deg_h40_w80_t36.STL(1)
G1 F1500 E469.5677
G1 F991.6 X77.724 Y93.916 E469.57535
G1 X157.324 Y93.916 E471.09767
G1 X157.324 Y93.516 E471.10532
G1 X79.898 Y93.516 E472.58606
G0 F2700 X77.724 Y93.516
G0 F15000 X77.724 Y93.916
G0 X77.924 Y93.916
G1 F1500 E466.08606
;MESH:NONMESH
G0 F300 X77.924 Y93.916 Z14.7
G0 F15000 X77.924 Y94.782
G0 X157.324 Y94.782
G0 X157.324 Y93.916
;TIME_ELAPSED:1751.427819
;LAYER:146
;note -- min layer time used
;TYPE:WALL-OUTER
;MESH:90deg_h40_w80_t36.STL(1)
G1 F1500 E472.58606
G1 F991.7 X77.724 Y93.916 E474.10838
G1 X77.724 Y93.516 E474.11603
G1 X155.55 Y93.516 E475.60442
G0 F2700 X157.324 Y93.516
G0 X157.324 Y93.916
G0 F15000 X156.724 Y93.916
G1 F1500 E469.10442
;MESH:NONMESH
G0 F300 X156.724 Y93.916 Z14.8
G0 F15000 X156.724 Y94.782
G0 X76.872 Y94.77
G0 X76.872 Y92.664
G0 X77.724 Y92.652
G0 X77.724 Y93.516
;TIME_ELAPSED:1762.893670
;LAYER:147
;note -- min layer time used
;TYPE:WALL-OUTER
;MESH:90deg_h40_w80_t36.STL(1)
G1 F1500 E475.60442
G1 F991.6 X77.724 Y93.916 E475.61207
G1 X157.324 Y93.916 E477.13438
G1 X157.324 Y93.516 E477.14203
G1 X79.898 Y93.516 E478.62277
G0 F2700 X77.724 Y93.516
G0 F15000 X77.724 Y93.916
G0 X77.924 Y93.916
G1 F1500 E472.12277
;MESH:NONMESH
G0 F300 X77.924 Y93.916 Z14.9
G0 F15000 X77.924 Y94.782
G0 X157.324 Y94.782
G0 X157.324 Y93.916
;TIME_ELAPSED:1774.189275
;LAYER:148
;note -- min layer time used
;TYPE:WALL-OUTER
;MESH:90deg_h40_w80_t36.STL(1)
G1 F1500 E478.62277
G1 F991.7 X77.724 Y93.916 E480.14509
G1 X77.724 Y93.516 E480.15274
G1 X155.55 Y93.516 E481.64113
G0 F2700 X157.324 Y93.516
G0 X157.324 Y93.916
G0 F15000 X156.724 Y93.916
G1 F1500 E475.14113
;MESH:NONMESH
G0 F300 X156.724 Y93.916 Z15
G0 F15000 X156.724 Y94.782
G0 X76.872 Y94.77
G0 X76.872 Y92.664
G0 X77.724 Y92.652
G0 X77.724 Y93.516
;TIME_ELAPSED:1785.655125
;LAYER:149
;note -- min layer time used
;TYPE:WALL-OUTER
;MESH:90deg_h40_w80_t36.STL(1)
G1 F1500 E481.64113
G1 F991.6 X77.724 Y93.916 E481.64878
G1 X157.324 Y93.916 E483.17109
G1 X157.324 Y93.516 E483.17874
G1 X79.898 Y93.516 E484.65948
G0 F2700 X77.724 Y93.516
G0 F15000 X77.724 Y93.916
G0 X77.924 Y93.916
G1 F1500 E478.15948
;MESH:NONMESH
G0 F300 X77.924 Y93.916 Z15.1
G0 F15000 X77.924 Y94.782
G0 X157.324 Y94.782
G0 X157.324 Y93.916
;TIME_ELAPSED:1796.950731
;LAYER:150
;note -- min layer time used
;TYPE:WALL-OUTER
;MESH:90deg_h40_w80_t36.STL(1)
G1 F1500 E484.65948
G1 F991.7 X77.724 Y93.916 E486.1818
G1 X77.724 Y93.516 E486.18945
G1 X155.55 Y93.516 E487.67784
G0 F2700 X157.324 Y93.516
G0 X157.324 Y93.916
G0 F15000 X156.724 Y93.916
G1 F1500 E481.17784
;MESH:NONMESH
G0 F300 X156.724 Y93.916 Z15.2
G0 F15000 X156.724 Y94.782
G0 X76.872 Y94.77
G0 X76.872 Y92.664
G0 X77.724 Y92.652
G0 X77.724 Y93.516
;TIME_ELAPSED:1808.416581
;LAYER:151
;note -- min layer time used
;TYPE:WALL-OUTER
;MESH:90deg_h40_w80_t36.STL(1)
G1 F1500 E487.67784
G1 F991.6 X77.724 Y93.916 E487.68549
G1 X157.324 Y93.916 E489.2078
G1 X157.324 Y93.516 E489.21545
G1 X79.898 Y93.516 E490.69619
G0 F2700 X77.724 Y93.516
G0 F15000 X77.724 Y93.916
G0 X77.924 Y93.916
G1 F1500 E484.19619
;MESH:NONMESH
G0 F300 X77.924 Y93.916 Z15.3
G0 F15000 X77.924 Y94.782
G0 X157.324 Y94.782
G0 X157.324 Y93.916
;TIME_ELAPSED:1819.712187
;LAYER:152
;note -- min layer time used
;TYPE:WALL-OUTER
;MESH:90deg_h40_w80_t36.STL(1)
G1 F1500 E490.69619
G1 F991.7 X77.724 Y93.916 E492.21851
G1 X77.724 Y93.516 E492.22616
G1 X155.55 Y93.516 E493.71455
G0 F2700 X157.324 Y93.516
G0 X157.324 Y93.916
G0 F15000 X156.724 Y93.916
G1 F1500 E487.21455
;MESH:NONMESH
G0 F300 X156.724 Y93.916 Z15.4
G0 F15000 X156.724 Y94.782
G0 X76.872 Y94.77
G0 X76.872 Y92.664
G0 X77.724 Y92.652
G0 X77.724 Y93.516
;TIME_ELAPSED:1831.178037
;LAYER:153
;note -- min layer time used
;TYPE:WALL-OUTER
;MESH:90deg_h40_w80_t36.STL(1)
G1 F1500 E493.71455
G1 F991.6 X77.724 Y93.916 E493.7222
G1 X157.324 Y93.916 E495.24452
G1 X157.324 Y93.516 E495.25217
G1 X79.898 Y93.516 E496.73291
G0 F2700 X77.724 Y93.516
G0 F15000 X77.724 Y93.916
G0 X77.924 Y93.916
G1 F1500 E490.23291
;MESH:NONMESH
G0 F300 X77.924 Y93.916 Z15.5
G0 F15000 X77.924 Y94.782
G0 X157.324 Y94.782
G0 X157.324 Y93.916
;TIME_ELAPSED:1842.473643
;LAYER:154
;note -- min layer time used
;TYPE:WALL-OUTER
;MESH:90deg_h40_w80_t36.STL(1)
G1 F1500 E496.73291
G1 F991.7 X77.724 Y93.916 E498.25522
G1 X77.724 Y93.516 E498.26287
G1 X155.55 Y93.516 E499.75126
G0 F2700 X157.324 Y93.516
G0 X157.324 Y93.916
G0 F15000 X156.724 Y93.916
G1 F1500 E493.25126
;MESH:NONMESH
G0 F300 X156.724 Y93.916 Z15.6
G0 F15000 X156.724 Y94.782
G0 X76.872 Y94.77
G0 X76.872 Y92.664
G0 X77.724 Y92.652
G0 X77.724 Y93.516
;TIME_ELAPSED:1853.939493
;LAYER:155
;note -- min layer time used
;TYPE:WALL-OUTER
;MESH:90deg_h40_w80_t36.STL(1)
G1 F1500 E499.75126
G1 F991.6 X77.724 Y93.916 E499.75891
G1 X157.324 Y93.916 E501.28123
G1 X157.324 Y93.516 E501.28888
G1 X79.898 Y93.516 E502.76962
G0 F2700 X77.724 Y93.516
G0 F15000 X77.724 Y93.916
G0 X77.924 Y93.916
G1 F1500 E496.26962
;MESH:NONMESH
G0 F300 X77.924 Y93.916 Z15.7
G0 F15000 X77.924 Y94.782
G0 X157.324 Y94.782
G0 X157.324 Y93.916
;TIME_ELAPSED:1865.235098
;LAYER:156
;note -- min layer time used
;TYPE:WALL-OUTER
;MESH:90deg_h40_w80_t36.STL(1)
G1 F1500 E502.76962
G1 F991.7 X77.724 Y93.916 E504.29193
G1 X77.724 Y93.516 E504.29958
G1 X155.55 Y93.516 E505.78797
G0 F2700 X157.324 Y93.516
G0 X157.324 Y93.916
G0 F15000 X156.724 Y93.916
G1 F1500 E499.28797
;MESH:NONMESH
G0 F300 X156.724 Y93.916 Z15.8
G0 F15000 X156.724 Y94.782
G0 X76.872 Y94.77
G0 X76.872 Y92.664
G0 X77.724 Y92.652
G0 X77.724 Y93.516
;TIME_ELAPSED:1876.700949
;LAYER:157
;note -- min layer time used
;TYPE:WALL-OUTER
;MESH:90deg_h40_w80_t36.STL(1)
G1 F1500 E505.78797
G1 F991.6 X77.724 Y93.916 E505.79562
G1 X157.324 Y93.916 E507.31794
G1 X157.324 Y93.516 E507.32559
G1 X79.898 Y93.516 E508.80633
G0 F2700 X77.724 Y93.516
G0 F15000 X77.724 Y93.916
G0 X77.924 Y93.916
G1 F1500 E502.30633
;MESH:NONMESH
G0 F300 X77.924 Y93.916 Z15.9
G0 F15000 X77.924 Y94.782
G0 X157.324 Y94.782
G0 X157.324 Y93.916
;TIME_ELAPSED:1887.996554
;LAYER:158
;note -- min layer time used
;TYPE:WALL-OUTER
;MESH:90deg_h40_w80_t36.STL(1)
G1 F1500 E508.80633
G1 F991.7 X77.724 Y93.916 E510.32864
G1 X77.724 Y93.516 E510.33629
G1 X155.55 Y93.516 E511.82468
G0 F2700 X157.324 Y93.516
G0 X157.324 Y93.916
G0 F15000 X156.724 Y93.916
G1 F1500 E505.32468
;MESH:NONMESH
G0 F300 X156.724 Y93.916 Z16
G0 F15000 X156.724 Y94.782
G0 X76.872 Y94.77
G0 X76.872 Y92.664
G0 X77.724 Y92.652
G0 X77.724 Y93.516
;TIME_ELAPSED:1899.462405
;LAYER:159
;note -- min layer time used
;TYPE:WALL-OUTER
;MESH:90deg_h40_w80_t36.STL(1)
G1 F1500 E511.82468
G1 F991.6 X77.724 Y93.916 E511.83233
G1 X157.324 Y93.916 E513.35465
G1 X157.324 Y93.516 E513.3623
G1 X79.898 Y93.516 E514.84304
G0 F2700 X77.724 Y93.516
G0 F15000 X77.724 Y93.916
G0 X77.924 Y93.916
G1 F1500 E508.34304
;MESH:NONMESH
G0 F300 X77.924 Y93.916 Z16.1
G0 F15000 X77.924 Y94.782
G0 X157.324 Y94.782
G0 X157.324 Y93.916
;TIME_ELAPSED:1910.758010
;LAYER:160
;note -- min layer time used
;TYPE:WALL-OUTER
;MESH:90deg_h40_w80_t36.STL(1)
G1 F1500 E514.84304
G1 F991.7 X77.724 Y93.916 E516.36536
G1 X77.724 Y93.516 E516.373
G1 X155.55 Y93.516 E517.86139
G0 F2700 X157.324 Y93.516
G0 X157.324 Y93.916
G0 F15000 X156.724 Y93.916
G1 F1500 E511.36139
;MESH:NONMESH
G0 F300 X156.724 Y93.916 Z16.2
G0 F15000 X156.724 Y94.782
G0 X76.872 Y94.77
G0 X76.872 Y92.664
G0 X77.724 Y92.652
G0 X77.724 Y93.516
;TIME_ELAPSED:1922.223861
;LAYER:161
;note -- min layer time used
;TYPE:WALL-OUTER
;MESH:90deg_h40_w80_t36.STL(1)
G1 F1500 E517.86139
G1 F991.6 X77.724 Y93.916 E517.86904
G1 X157.324 Y93.916 E519.39136
G1 X157.324 Y93.516 E519.39901
G1 X79.898 Y93.516 E520.87975
G0 F2700 X77.724 Y93.516
G0 F15000 X77.724 Y93.916
G0 X77.924 Y93.916
G1 F1500 E514.37975
;MESH:NONMESH
G0 F300 X77.924 Y93.916 Z16.3
G0 F15000 X77.924 Y94.782
G0 X157.324 Y94.782
G0 X157.324 Y93.916
;TIME_ELAPSED:1933.519466
;LAYER:162
;note -- min layer time used
;TYPE:WALL-OUTER
;MESH:90deg_h40_w80_t36.STL(1)
G1 F1500 E520.87975
G1 F991.7 X77.724 Y93.916 E522.40207
G1 X77.724 Y93.516 E522.40972
G1 X155.55 Y93.516 E523.89811
G0 F2700 X157.324 Y93.516
G0 X157.324 Y93.916
G0 F15000 X156.724 Y93.916
G1 F1500 E517.39811
;MESH:NONMESH
G0 F300 X156.724 Y93.916 Z16.4
G0 F15000 X156.724 Y94.782
G0 X76.872 Y94.77
G0 X76.872 Y92.664
G0 X77.724 Y92.652
G0 X77.724 Y93.516
;TIME_ELAPSED:1944.985317
;LAYER:163
;note -- min layer time used
;TYPE:WALL-OUTER
;MESH:90deg_h40_w80_t36.STL(1)
G1 F1500 E523.89811
G1 F991.6 X77.724 Y93.916 E523.90576
G1 X157.324 Y93.916 E525.42807
G1 X157.324 Y93.516 E525.43572
G1 X79.898 Y93.516 E526.91646
G0 F2700 X77.724 Y93.516
G0 F15000 X77.724 Y93.916
G0 X77.924 Y93.916
G1 F1500 E520.41646
;MESH:NONMESH
G0 F300 X77.924 Y93.916 Z16.5
G0 F15000 X77.924 Y94.782
G0 X157.324 Y94.782
G0 X157.324 Y93.916
;TIME_ELAPSED:1956.280922
;LAYER:164
;note -- min layer time used
;TYPE:WALL-OUTER
;MESH:90deg_h40_w80_t36.STL(1)
G1 F1500 E526.91646
G1 F991.7 X77.724 Y93.916 E528.43878
G1 X77.724 Y93.516 E528.44643
G1 X155.55 Y93.516 E529.93482
G0 F2700 X157.324 Y93.516
G0 X157.324 Y93.916
G0 F15000 X156.724 Y93.916
G1 F1500 E523.43482
;MESH:NONMESH
G0 F300 X156.724 Y93.916 Z16.6
G0 F15000 X156.724 Y94.782
G0 X76.872 Y94.77
G0 X76.872 Y92.664
G0 X77.724 Y92.652
G0 X77.724 Y93.516
;TIME_ELAPSED:1967.746773
;LAYER:165
;note -- min layer time used
;TYPE:WALL-OUTER
;MESH:90deg_h40_w80_t36.STL(1)
G1 F1500 E529.93482
G1 F991.6 X77.724 Y93.916 E529.94247
G1 X157.324 Y93.916 E531.46478
G1 X157.324 Y93.516 E531.47243
G1 X79.898 Y93.516 E532.95317
G0 F2700 X77.724 Y93.516
G0 F15000 X77.724 Y93.916
G0 X77.924 Y93.916
G1 F1500 E526.45317
;MESH:NONMESH
G0 F300 X77.924 Y93.916 Z16.7
G0 F15000 X77.924 Y94.782
G0 X157.324 Y94.782
G0 X157.324 Y93.916
;TIME_ELAPSED:1979.042378
;LAYER:166
;note -- min layer time used
;TYPE:WALL-OUTER
;MESH:90deg_h40_w80_t36.STL(1)
G1 F1500 E532.95317
G1 F991.7 X77.724 Y93.916 E534.47549
G1 X77.724 Y93.516 E534.48314
G1 X155.55 Y93.516 E535.97153
G0 F2700 X157.324 Y93.516
G0 X157.324 Y93.916
G0 F15000 X156.724 Y93.916
G1 F1500 E529.47153
;MESH:NONMESH
G0 F300 X156.724 Y93.916 Z16.8
G0 F15000 X156.724 Y94.782
G0 X76.872 Y94.77
G0 X76.872 Y92.664
G0 X77.724 Y92.652
G0 X77.724 Y93.516
;TIME_ELAPSED:1990.508229
;LAYER:167
;note -- min layer time used
;TYPE:WALL-OUTER
;MESH:90deg_h40_w80_t36.STL(1)
G1 F1500 E535.97153
G1 F991.6 X77.724 Y93.916 E535.97918
G1 X157.324 Y93.916 E537.50149
G1 X157.324 Y93.516 E537.50914
G1 X79.898 Y93.516 E538.98988
G0 F2700 X77.724 Y93.516
G0 F15000 X77.724 Y93.916
G0 X77.924 Y93.916
G1 F1500 E532.48988
;MESH:NONMESH
G0 F300 X77.924 Y93.916 Z16.9
G0 F15000 X77.924 Y94.782
G0 X157.324 Y94.782
G0 X157.324 Y93.916
;TIME_ELAPSED:2001.803834
;LAYER:168
;note -- min layer time used
;TYPE:WALL-OUTER
;MESH:90deg_h40_w80_t36.STL(1)
G1 F1500 E538.98988
G1 F991.7 X77.724 Y93.916 E540.5122
G1 X77.724 Y93.516 E540.51985
G1 X155.55 Y93.516 E542.00824
G0 F2700 X157.324 Y93.516
G0 X157.324 Y93.916
G0 F15000 X156.724 Y93.916
G1 F1500 E535.50824
;MESH:NONMESH
G0 F300 X156.724 Y93.916 Z17
G0 F15000 X157.324 Y93.916
;TIME_ELAPSED:2012.261342
;LAYER:169
;note -- min layer time used
;TYPE:WALL-OUTER
;MESH:90deg_h40_w80_t36.STL(1)
G1 F1500 E542.00824
G1 F960.5 X157.324 Y93.516 E542.01589
G1 X77.724 Y93.516 E543.53821
G1 X77.724 Y93.916 E543.54586
G1 X155.15 Y93.916 E545.02659
G0 F2700 X157.324 Y93.916
G0 F15000 X157.324 Y93.516
G0 X157.124 Y93.516
G1 F1500 E538.52659
;MESH:NONMESH
G0 F300 X157.124 Y93.516 Z17.1
G0 F15000 X157.324 Y93.916
;TIME_ELAPSED:2023.012186
;LAYER:170
;note -- min layer time used
;TYPE:WALL-OUTER
;MESH:90deg_h40_w80_t36.STL(1)
G1 F1500 E545.02659
G1 F960.4 X77.724 Y93.916 E546.54891
G1 X77.724 Y93.516 E546.55656
G1 X155.55 Y93.516 E548.04495
G0 F2700 X157.324 Y93.516
G0 X157.324 Y93.916
G0 F15000 X156.724 Y93.916
G1 F1500 E541.54495
;MESH:NONMESH
G0 F300 X156.724 Y93.916 Z17.2
G0 F15000 X156.724 Y94.782
G0 X76.872 Y94.77
G0 X76.872 Y92.664
G0 X77.724 Y92.652
G0 X77.724 Y93.516
;TIME_ELAPSED:2034.788052
;LAYER:171
;note -- min layer time used
;TYPE:WALL-OUTER
;MESH:90deg_h40_w80_t36.STL(1)
G1 F1500 E548.04495
G1 F991.6 X77.724 Y93.916 E548.0526
G1 X157.324 Y93.916 E549.57492
G1 X157.324 Y93.516 E549.58257
G1 X79.898 Y93.516 E551.06331
G0 F2700 X77.724 Y93.516
G0 F15000 X77.724 Y93.916
G0 X77.924 Y93.916
G1 F1500 E544.56331
;MESH:NONMESH
G0 F300 X77.924 Y93.916 Z17.3
G0 F15000 X77.924 Y94.782
G0 X157.324 Y94.782
G0 X157.324 Y93.916
;TIME_ELAPSED:2046.083657
;LAYER:172
;note -- min layer time used
;TYPE:WALL-OUTER
;MESH:90deg_h40_w80_t36.STL(1)
G1 F1500 E551.06331
G1 F991.7 X77.724 Y93.916 E552.58562
G1 X77.724 Y93.516 E552.59327
G1 X155.55 Y93.516 E554.08166
G0 F2700 X157.324 Y93.516
G0 X157.324 Y93.916
G0 F15000 X156.724 Y93.916
G1 F1500 E547.58166
;MESH:NONMESH
G0 F300 X156.724 Y93.916 Z17.4
G0 F15000 X157.324 Y93.916
;TIME_ELAPSED:2056.541165
;LAYER:173
;note -- min layer time used
;TYPE:WALL-OUTER
;MESH:90deg_h40_w80_t36.STL(1)
G1 F1500 E554.08166
G1 F960.5 X157.324 Y93.516 E554.08931
G1 X77.724 Y93.516 E555.61163
G1 X77.724 Y93.916 E555.61928
G1 X155.15 Y93.916 E557.10002
G0 F2700 X157.324 Y93.916
G0 F15000 X157.324 Y93.516
G0 X157.124 Y93.516
G1 F1500 E550.60002
;MESH:NONMESH
G0 F300 X157.124 Y93.516 Z17.5
G0 F15000 X157.324 Y93.916
;TIME_ELAPSED:2067.292009
;LAYER:174
;note -- min layer time used
;TYPE:WALL-OUTER
;MESH:90deg_h40_w80_t36.STL(1)
G1 F1500 E557.10002
G1 F960.4 X77.724 Y93.916 E558.62233
G1 X77.724 Y93.516 E558.62998
G1 X155.55 Y93.516 E560.11837
G0 F2700 X157.324 Y93.516
G0 X157.324 Y93.916
G0 F15000 X156.724 Y93.916
G1 F1500 E553.61837
;MESH:NONMESH
G0 F300 X156.724 Y93.916 Z17.6
G0 F15000 X157.324 Y93.916
;TIME_ELAPSED:2078.059532
;LAYER:175
;note -- min layer time used
;TYPE:WALL-OUTER
;MESH:90deg_h40_w80_t36.STL(1)
G1 F1500 E560.11837
G1 F960.5 X157.324 Y93.516 E560.12602
G1 X77.724 Y93.516 E561.64834
G1 X77.724 Y93.916 E561.65599
G1 X155.15 Y93.916 E563.13673
G0 F2700 X157.324 Y93.916
G0 F15000 X157.324 Y93.516
G0 X157.124 Y93.516
G1 F1500 E556.63673
;MESH:NONMESH
G0 F300 X157.124 Y93.516 Z17.7
G0 F15000 X157.324 Y93.916
;TIME_ELAPSED:2088.810377
;LAYER:176
;note -- min layer time used
;TYPE:WALL-OUTER
;MESH:90deg_h40_w80_t36.STL(1)
G1 F1500 E563.13673
G1 F960.4 X77.724 Y93.916 E564.65904
G1 X77.724 Y93.516 E564.66669
G1 X155.55 Y93.516 E566.15508
G0 F2700 X157.324 Y93.516
G0 X157.324 Y93.916
G0 F15000 X156.724 Y93.916
G1 F1500 E559.65508
;MESH:NONMESH
G0 F300 X156.724 Y93.916 Z17.8
G0 F15000 X156.724 Y94.782
G0 X76.872 Y94.77
G0 X76.872 Y92.664
G0 X77.724 Y92.652
G0 X77.724 Y93.516
;TIME_ELAPSED:2100.586242
;LAYER:177
;note -- min layer time used
;TYPE:WALL-OUTER
;MESH:90deg_h40_w80_t36.STL(1)
G1 F1500 E566.15508
G1 F991.6 X77.724 Y93.916 E566.16273
G1 X157.324 Y93.916 E567.68505
G1 X157.324 Y93.516 E567.6927
G1 X79.898 Y93.516 E569.17344
G0 F2700 X77.724 Y93.516
G0 F15000 X77.724 Y93.916
G0 X77.924 Y93.916
G1 F1500 E562.67344
;MESH:NONMESH
G0 F300 X77.924 Y93.916 Z17.9
G0 F15000 X77.924 Y94.782
G0 X157.324 Y94.782
G0 X157.324 Y93.916
;TIME_ELAPSED:2111.881847
;LAYER:178
;note -- min layer time used
;TYPE:WALL-OUTER
;MESH:90deg_h40_w80_t36.STL(1)
G1 F1500 E569.17344
G1 F991.7 X77.724 Y93.916 E570.69576
G1 X77.724 Y93.516 E570.70341
G1 X155.55 Y93.516 E572.19179
G0 F2700 X157.324 Y93.516
G0 X157.324 Y93.916
G0 F15000 X156.724 Y93.916
G1 F1500 E565.69179
;MESH:NONMESH
G0 F300 X156.724 Y93.916 Z18
G0 F15000 X156.724 Y94.782
G0 X76.872 Y94.77
G0 X76.872 Y92.664
G0 X77.724 Y92.652
G0 X77.724 Y93.516
;TIME_ELAPSED:2123.347698
;LAYER:179
;note -- min layer time used
;TYPE:WALL-OUTER
;MESH:90deg_h40_w80_t36.STL(1)
G1 F1500 E572.19179
G1 F991.6 X77.724 Y93.916 E572.19944
G1 X157.324 Y93.916 E573.72176
G1 X157.324 Y93.516 E573.72941
G1 X79.898 Y93.516 E575.21015
G0 F2700 X77.724 Y93.516
G0 F15000 X77.724 Y93.916
G0 X77.924 Y93.916
G1 F1500 E568.71015
;MESH:NONMESH
G0 F300 X77.924 Y93.916 Z18.1
G0 F15000 X77.924 Y94.782
G0 X157.324 Y94.782
G0 X157.324 Y93.916
;TIME_ELAPSED:2134.643303
;LAYER:180
;note -- min layer time used
;TYPE:WALL-OUTER
;MESH:90deg_h40_w80_t36.STL(1)
G1 F1500 E575.21015
G1 F991.7 X77.724 Y93.916 E576.73247
G1 X77.724 Y93.516 E576.74012
G1 X155.55 Y93.516 E578.22851
G0 F2700 X157.324 Y93.516
G0 X157.324 Y93.916
G0 F15000 X156.724 Y93.916
G1 F1500 E571.72851
;MESH:NONMESH
G0 F300 X156.724 Y93.916 Z18.2
G0 F15000 X156.724 Y94.782
G0 X76.872 Y94.77
G0 X76.872 Y92.664
G0 X77.724 Y92.652
G0 X77.724 Y93.516
;TIME_ELAPSED:2146.109154
;LAYER:181
;note -- min layer time used
;TYPE:WALL-OUTER
;MESH:90deg_h40_w80_t36.STL(1)
G1 F1500 E578.22851
G1 F991.6 X77.724 Y93.916 E578.23616
G1 X157.324 Y93.916 E579.75847
G1 X157.324 Y93.516 E579.76612
G1 X79.898 Y93.516 E581.24686
G0 F2700 X77.724 Y93.516
G0 F15000 X77.724 Y93.916
G0 X77.924 Y93.916
G1 F1500 E574.74686
;MESH:NONMESH
G0 F300 X77.924 Y93.916 Z18.3
G0 F15000 X77.924 Y94.782
G0 X157.324 Y94.782
G0 X157.324 Y93.916
;TIME_ELAPSED:2157.404759
;LAYER:182
;note -- min layer time used
;TYPE:WALL-OUTER
;MESH:90deg_h40_w80_t36.STL(1)
G1 F1500 E581.24686
G1 F991.7 X77.724 Y93.916 E582.76918
G1 X77.724 Y93.516 E582.77683
G1 X155.55 Y93.516 E584.26522
G0 F2700 X157.324 Y93.516
G0 X157.324 Y93.916
G0 F15000 X156.724 Y93.916
G1 F1500 E577.76522
;MESH:NONMESH
G0 F300 X156.724 Y93.916 Z18.4
G0 F15000 X156.724 Y94.782
G0 X76.872 Y94.77
G0 X76.872 Y92.664
G0 X77.724 Y92.652
G0 X77.724 Y93.516
;TIME_ELAPSED:2168.870610
;LAYER:183
;note -- min layer time used
;TYPE:WALL-OUTER
;MESH:90deg_h40_w80_t36.STL(1)
G1 F1500 E584.26522
G1 F991.6 X77.724 Y93.916 E584.27287
G1 X157.324 Y93.916 E585.79518
G1 X157.324 Y93.516 E585.80283
G1 X79.898 Y93.516 E587.28357
G0 F2700 X77.724 Y93.516
G0 F15000 X77.724 Y93.916
G0 X77.924 Y93.916
G1 F1500 E580.78357
;MESH:NONMESH
G0 F300 X77.924 Y93.916 Z18.5
G0 F15000 X77.924 Y94.782
G0 X157.324 Y94.782
G0 X157.324 Y93.916
;TIME_ELAPSED:2180.166215
;LAYER:184
;note -- min layer time used
;TYPE:WALL-OUTER
;MESH:90deg_h40_w80_t36.STL(1)
G1 F1500 E587.28357
G1 F991.7 X77.724 Y93.916 E588.80589
G1 X77.724 Y93.516 E588.81354
G1 X155.55 Y93.516 E590.30193
G0 F2700 X157.324 Y93.516
G0 X157.324 Y93.916
G0 F15000 X156.724 Y93.916
G1 F1500 E583.80193
;MESH:NONMESH
G0 F300 X156.724 Y93.916 Z18.6
G0 F15000 X156.724 Y94.782
G0 X76.872 Y94.77
G0 X76.872 Y92.664
G0 X77.724 Y92.652
G0 X77.724 Y93.516
;TIME_ELAPSED:2191.632066
;LAYER:185
;note -- min layer time used
;TYPE:WALL-OUTER
;MESH:90deg_h40_w80_t36.STL(1)
G1 F1500 E590.30193
G1 F991.6 X77.724 Y93.916 E590.30958
G1 X157.324 Y93.916 E591.83189
G1 X157.324 Y93.516 E591.83954
G1 X79.898 Y93.516 E593.32028
G0 F2700 X77.724 Y93.516
G0 F15000 X77.724 Y93.916
G0 X77.924 Y93.916
G1 F1500 E586.82028
;MESH:NONMESH
G0 F300 X77.924 Y93.916 Z18.7
G0 F15000 X77.924 Y94.782
G0 X157.324 Y94.782
G0 X157.324 Y93.916
;TIME_ELAPSED:2202.927671
;LAYER:186
;note -- min layer time used
;TYPE:WALL-OUTER
;MESH:90deg_h40_w80_t36.STL(1)
G1 F1500 E593.32028
G1 F991.7 X77.724 Y93.916 E594.8426
G1 X77.724 Y93.516 E594.85025
G1 X155.55 Y93.516 E596.33864
G0 F2700 X157.324 Y93.516
G0 X157.324 Y93.916
G0 F15000 X156.724 Y93.916
G1 F1500 E589.83864
;MESH:NONMESH
G0 F300 X156.724 Y93.916 Z18.8
G0 F15000 X156.724 Y94.782
G0 X76.872 Y94.77
G0 X76.872 Y92.664
G0 X77.724 Y92.652
G0 X77.724 Y93.516
;TIME_ELAPSED:2214.393521
;LAYER:187
;note -- min layer time used
;TYPE:WALL-OUTER
;MESH:90deg_h40_w80_t36.STL(1)
G1 F1500 E596.33864
G1 F991.6 X77.724 Y93.916 E596.34629
G1 X157.324 Y93.916 E597.86861
G1 X157.324 Y93.516 E597.87626
G1 X79.898 Y93.516 E599.357
G0 F2700 X77.724 Y93.516
G0 F15000 X77.724 Y93.916
G0 X77.924 Y93.916
G1 F1500 E592.857
;MESH:NONMESH
G0 F300 X77.924 Y93.916 Z18.9
G0 F15000 X77.924 Y94.782
G0 X157.324 Y94.782
G0 X157.324 Y93.916
;TIME_ELAPSED:2225.689127
;LAYER:188
;note -- min layer time used
;TYPE:WALL-OUTER
;MESH:90deg_h40_w80_t36.STL(1)
G1 F1500 E599.357
G1 F991.7 X77.724 Y93.916 E600.87931
G1 X77.724 Y93.516 E600.88696
G1 X155.55 Y93.516 E602.37535
G0 F2700 X157.324 Y93.516
G0 X157.324 Y93.916
G0 F15000 X156.724 Y93.916
G1 F1500 E595.87535
;MESH:NONMESH
G0 F300 X156.724 Y93.916 Z19
G0 F15000 X156.724 Y94.782
G0 X76.872 Y94.77
G0 X76.872 Y92.664
G0 X77.724 Y92.652
G0 X77.724 Y93.516
;TIME_ELAPSED:2237.154977
;LAYER:189
;note -- min layer time used
;TYPE:WALL-OUTER
;MESH:90deg_h40_w80_t36.STL(1)
G1 F1500 E602.37535
G1 F991.6 X77.724 Y93.916 E602.383
G1 X157.324 Y93.916 E603.90532
G1 X157.324 Y93.516 E603.91297
G1 X79.898 Y93.516 E605.39371
G0 F2700 X77.724 Y93.516
G0 F15000 X77.724 Y93.916
G0 X77.924 Y93.916
G1 F1500 E598.89371
;MESH:NONMESH
G0 F300 X77.924 Y93.916 Z19.1
G0 F15000 X77.924 Y94.782
G0 X157.324 Y94.782
G0 X157.324 Y93.916
;TIME_ELAPSED:2248.450583
;LAYER:190
;note -- min layer time used
;TYPE:WALL-OUTER
;MESH:90deg_h40_w80_t36.STL(1)
G1 F1500 E605.39371
G1 F991.7 X77.724 Y93.916 E606.91602
G1 X77.724 Y93.516 E606.92367
G1 X155.55 Y93.516 E608.41206
G0 F2700 X157.324 Y93.516
G0 X157.324 Y93.916
G0 F15000 X156.724 Y93.916
G1 F1500 E601.91206
;MESH:NONMESH
G0 F300 X156.724 Y93.916 Z19.2
G0 F15000 X156.724 Y94.782
G0 X76.872 Y94.77
G0 X76.872 Y92.664
G0 X77.724 Y92.652
G0 X77.724 Y93.516
;TIME_ELAPSED:2259.916433
;LAYER:191
;note -- min layer time used
;TYPE:WALL-OUTER
;MESH:90deg_h40_w80_t36.STL(1)
G1 F1500 E608.41206
G1 F991.6 X77.724 Y93.916 E608.41971
G1 X157.324 Y93.916 E609.94203
G1 X157.324 Y93.516 E609.94968
G1 X79.898 Y93.516 E611.43042
G0 F2700 X77.724 Y93.516
G0 F15000 X77.724 Y93.916
G0 X77.924 Y93.916
G1 F1500 E604.93042
;MESH:NONMESH
G0 F300 X77.924 Y93.916 Z19.3
G0 F15000 X77.924 Y94.782
G0 X157.324 Y94.782
G0 X157.324 Y93.916
;TIME_ELAPSED:2271.212039
;LAYER:192
;note -- min layer time used
;TYPE:WALL-OUTER
;MESH:90deg_h40_w80_t36.STL(1)
G1 F1500 E611.43042
G1 F991.7 X77.724 Y93.916 E612.95273
G1 X77.724 Y93.516 E612.96038
G1 X155.55 Y93.516 E614.44877
G0 F2700 X157.324 Y93.516
G0 X157.324 Y93.916
G0 F15000 X156.724 Y93.916
G1 F1500 E607.94877
;MESH:NONMESH
G0 F300 X156.724 Y93.916 Z19.4
G0 F15000 X156.724 Y94.782
G0 X76.872 Y94.77
G0 X76.872 Y92.664
G0 X77.724 Y92.652
G0 X77.724 Y93.516
;TIME_ELAPSED:2282.677889
;LAYER:193
;note -- min layer time used
;TYPE:WALL-OUTER
;MESH:90deg_h40_w80_t36.STL(1)
G1 F1500 E614.44877
G1 F991.6 X77.724 Y93.916 E614.45642
G1 X157.324 Y93.916 E615.97874
G1 X157.324 Y93.516 E615.98639
G1 X79.898 Y93.516 E617.46713
G0 F2700 X77.724 Y93.516
G0 F15000 X77.724 Y93.916
G0 X77.924 Y93.916
G1 F1500 E610.96713
;MESH:NONMESH
G0 F300 X77.924 Y93.916 Z19.5
G0 F15000 X77.924 Y94.782
G0 X157.324 Y94.782
G0 X157.324 Y93.916
;TIME_ELAPSED:2293.973494
;LAYER:194
;note -- min layer time used
;TYPE:WALL-OUTER
;MESH:90deg_h40_w80_t36.STL(1)
G1 F1500 E617.46713
G1 F991.7 X77.724 Y93.916 E618.98945
G1 X77.724 Y93.516 E618.9971
G1 X155.55 Y93.516 E620.48548
G0 F2700 X157.324 Y93.516
G0 X157.324 Y93.916
G0 F15000 X156.724 Y93.916
G1 F1500 E613.98548
;MESH:NONMESH
G0 F300 X156.724 Y93.916 Z19.6
G0 F15000 X157.324 Y93.916
;TIME_ELAPSED:2304.431003
;LAYER:195
;note -- min layer time used
;TYPE:WALL-OUTER
;MESH:90deg_h40_w80_t36.STL(1)
G1 F1500 E620.48548
G1 F960.5 X157.324 Y93.516 E620.49313
G1 X77.724 Y93.516 E622.01545
G1 X77.724 Y93.916 E622.0231
G1 X155.15 Y93.916 E623.50384
G0 F2700 X157.324 Y93.916
G0 F15000 X157.324 Y93.516
G0 X157.124 Y93.516
G1 F1500 E617.00384
;MESH:NONMESH
G0 F300 X157.124 Y93.516 Z19.7
G0 F15000 X157.324 Y93.916
;TIME_ELAPSED:2315.181847
;LAYER:196
;note -- min layer time used
;TYPE:WALL-OUTER
;MESH:90deg_h40_w80_t36.STL(1)
G1 F1500 E623.50384
G1 F960.4 X77.724 Y93.916 E625.02616
G1 X77.724 Y93.516 E625.03381
G1 X155.55 Y93.516 E626.5222
G0 F2700 X157.324 Y93.516
G0 X157.324 Y93.916
G0 F15000 X156.724 Y93.916
G1 F1500 E620.0222
;MESH:NONMESH
G0 F300 X156.724 Y93.916 Z19.8
G0 F15000 X156.724 Y94.782
G0 X76.872 Y94.77
G0 X76.872 Y92.664
G0 X77.724 Y92.652
G0 X77.724 Y93.516
;TIME_ELAPSED:2326.957712
;LAYER:197
;note -- min layer time used
;TYPE:WALL-OUTER
;MESH:90deg_h40_w80_t36.STL(1)
G1 F1500 E626.5222
G1 F991.6 X77.724 Y93.916 E626.52985
G1 X157.324 Y93.916 E628.05216
G1 X157.324 Y93.516 E628.05981
G1 X79.898 Y93.516 E629.54055
G0 F2700 X77.724 Y93.516
G0 F15000 X77.724 Y93.916
G0 X77.924 Y93.916
G1 F1500 E623.04055
;MESH:NONMESH
G0 F300 X77.924 Y93.916 Z19.9
G0 F15000 X77.924 Y94.782
G0 X157.324 Y94.782
G0 X157.324 Y93.916
;TIME_ELAPSED:2338.253317
;LAYER:198
;note -- min layer time used
;TYPE:WALL-OUTER
;MESH:90deg_h40_w80_t36.STL(1)
G1 F1500 E629.54055
G1 F991.7 X77.724 Y93.916 E631.06287
G1 X77.724 Y93.516 E631.07052
G1 X155.55 Y93.516 E632.55891
G0 F2700 X157.324 Y93.516
G0 X157.324 Y93.916
G0 F15000 X156.724 Y93.916
G1 F1500 E626.05891
;MESH:NONMESH
G0 F300 X156.724 Y93.916 Z20
G0 F15000 X156.724 Y94.782
G0 X76.872 Y94.77
G0 X76.872 Y92.664
G0 X77.724 Y92.652
G0 X77.724 Y93.516
;TIME_ELAPSED:2349.719168
;LAYER:199
;note -- min layer time used
;TYPE:WALL-OUTER
;MESH:90deg_h40_w80_t36.STL(1)
G1 F1500 E632.55891
G1 F991.6 X77.724 Y93.916 E632.56656
G1 X157.324 Y93.916 E634.08887
G1 X157.324 Y93.516 E634.09652
G1 X79.898 Y93.516 E635.57726
G0 F2700 X77.724 Y93.516
G0 F15000 X77.724 Y93.916
G0 X77.924 Y93.916
G1 F1500 E629.07726
;MESH:NONMESH
G0 F300 X77.924 Y93.916 Z20.1
G0 F15000 X77.924 Y94.782
G0 X157.324 Y94.782
G0 X157.324 Y93.916
;TIME_ELAPSED:2361.014773
;LAYER:200
;note -- min layer time used
;TYPE:WALL-OUTER
;MESH:90deg_h40_w80_t36.STL(1)
G1 F1500 E635.57726
G1 F991.7 X77.724 Y93.916 E637.09958
G1 X77.724 Y93.516 E637.10723
G1 X155.55 Y93.516 E638.59562
G0 F2700 X157.324 Y93.516
G0 X157.324 Y93.916
G0 F15000 X156.724 Y93.916
G1 F1500 E632.09562
;MESH:NONMESH
G0 F300 X156.724 Y93.916 Z20.2
G0 F15000 X156.724 Y94.782
G0 X76.872 Y94.77
G0 X76.872 Y92.664
G0 X77.724 Y92.652
G0 X77.724 Y93.516
;TIME_ELAPSED:2372.480624
;LAYER:201
;note -- min layer time used
;TYPE:WALL-OUTER
;MESH:90deg_h40_w80_t36.STL(1)
G1 F1500 E638.59562
G1 F991.6 X77.724 Y93.916 E638.60327
G1 X157.324 Y93.916 E640.12558
G1 X157.324 Y93.516 E640.13323
G1 X79.898 Y93.516 E641.61397
G0 F2700 X77.724 Y93.516
G0 F15000 X77.724 Y93.916
G0 X77.924 Y93.916
G1 F1500 E635.11397
;MESH:NONMESH
G0 F300 X77.924 Y93.916 Z20.3
G0 F15000 X77.924 Y94.782
G0 X157.324 Y94.782
G0 X157.324 Y93.916
;TIME_ELAPSED:2383.776229
;LAYER:202
;note -- min layer time used
;TYPE:WALL-OUTER
;MESH:90deg_h40_w80_t36.STL(1)
G1 F1500 E641.61397
G1 F991.7 X77.724 Y93.916 E643.13629
G1 X77.724 Y93.516 E643.14394
G1 X155.55 Y93.516 E644.63233
G0 F2700 X157.324 Y93.516
G0 X157.324 Y93.916
G0 F15000 X156.724 Y93.916
G1 F1500 E638.13233
;MESH:NONMESH
G0 F300 X156.724 Y93.916 Z20.4
G0 F15000 X156.724 Y94.782
G0 X76.872 Y94.77
G0 X76.872 Y92.664
G0 X77.724 Y92.652
G0 X77.724 Y93.516
;TIME_ELAPSED:2395.242080
;LAYER:203
;note -- min layer time used
;TYPE:WALL-OUTER
;MESH:90deg_h40_w80_t36.STL(1)
G1 F1500 E644.63233
G1 F991.6 X77.724 Y93.916 E644.63998
G1 X157.324 Y93.916 E646.1623
G1 X157.324 Y93.516 E646.16995
G1 X79.898 Y93.516 E647.65068
G0 F2700 X77.724 Y93.516
G0 F15000 X77.724 Y93.916
G0 X77.924 Y93.916
G1 F1500 E641.15068
;MESH:NONMESH
G0 F300 X77.924 Y93.916 Z20.5
G0 F15000 X77.924 Y94.782
G0 X157.324 Y94.782
G0 X157.324 Y93.916
;TIME_ELAPSED:2406.537685
;LAYER:204
;note -- min layer time used
;TYPE:WALL-OUTER
;MESH:90deg_h40_w80_t36.STL(1)
G1 F1500 E647.65068
G1 F991.7 X77.724 Y93.916 E649.173
G1 X77.724 Y93.516 E649.18065
G1 X155.55 Y93.516 E650.66904
G0 F2700 X157.324 Y93.516
G0 X157.324 Y93.916
G0 F15000 X156.724 Y93.916
G1 F1500 E644.16904
;MESH:NONMESH
G0 F300 X156.724 Y93.916 Z20.6
G0 F15000 X156.724 Y94.782
G0 X76.872 Y94.77
G0 X76.872 Y92.664
G0 X77.724 Y92.652
G0 X77.724 Y93.516
;TIME_ELAPSED:2418.003536
;LAYER:205
;note -- min layer time used
;TYPE:WALL-OUTER
;MESH:90deg_h40_w80_t36.STL(1)
G1 F1500 E650.66904
G1 F991.6 X77.724 Y93.916 E650.67669
G1 X157.324 Y93.916 E652.19901
G1 X157.324 Y93.516 E652.20666
G1 X79.898 Y93.516 E653.6874
G0 F2700 X77.724 Y93.516
G0 F15000 X77.724 Y93.916
G0 X77.924 Y93.916
G1 F1500 E647.1874
;MESH:NONMESH
G0 F300 X77.924 Y93.916 Z20.7
G0 F15000 X77.924 Y94.782
G0 X157.324 Y94.782
G0 X157.324 Y93.916
;TIME_ELAPSED:2429.299141
;LAYER:206
;note -- min layer time used
;TYPE:WALL-OUTER
;MESH:90deg_h40_w80_t36.STL(1)
G1 F1500 E653.6874
G1 F991.7 X77.724 Y93.916 E655.20971
G1 X77.724 Y93.516 E655.21736
G1 X155.55 Y93.516 E656.70575
G0 F2700 X157.324 Y93.516
G0 X157.324 Y93.916
G0 F15000 X156.724 Y93.916
G1 F1500 E650.20575
;MESH:NONMESH
G0 F300 X156.724 Y93.916 Z20.8
G0 F15000 X156.724 Y94.782
G0 X76.872 Y94.77
G0 X76.872 Y92.664
G0 X77.724 Y92.652
G0 X77.724 Y93.516
;TIME_ELAPSED:2440.764992
;LAYER:207
;note -- min layer time used
;TYPE:WALL-OUTER
;MESH:90deg_h40_w80_t36.STL(1)
G1 F1500 E656.70575
G1 F991.6 X77.724 Y93.916 E656.7134
G1 X157.324 Y93.916 E658.23572
G1 X157.324 Y93.516 E658.24337
G1 X79.898 Y93.516 E659.72411
G0 F2700 X77.724 Y93.516
G0 F15000 X77.724 Y93.916
G0 X77.924 Y93.916
G1 F1500 E653.22411
;MESH:NONMESH
G0 F300 X77.924 Y93.916 Z20.9
G0 F15000 X77.924 Y94.782
G0 X157.324 Y94.782
G0 X157.324 Y93.916
;TIME_ELAPSED:2452.060597
;LAYER:208
;note -- min layer time used
;TYPE:WALL-OUTER
;MESH:90deg_h40_w80_t36.STL(1)
G1 F1500 E659.72411
G1 F991.7 X77.724 Y93.916 E661.24642
G1 X77.724 Y93.516 E661.25407
G1 X155.55 Y93.516 E662.74246
G0 F2700 X157.324 Y93.516
G0 X157.324 Y93.916
G0 F15000 X156.724 Y93.916
G1 F1500 E656.24246
;MESH:NONMESH
G0 F300 X156.724 Y93.916 Z21
G0 F15000 X156.724 Y94.782
G0 X76.872 Y94.77
G0 X76.872 Y92.664
G0 X77.724 Y92.652
G0 X77.724 Y93.516
;TIME_ELAPSED:2463.526448
;LAYER:209
;note -- min layer time used
;TYPE:WALL-OUTER
;MESH:90deg_h40_w80_t36.STL(1)
G1 F1500 E662.74246
G1 F991.6 X77.724 Y93.916 E662.75011
G1 X157.324 Y93.916 E664.27243
G1 X157.324 Y93.516 E664.28008
G1 X79.898 Y93.516 E665.76082
G0 F2700 X77.724 Y93.516
G0 F15000 X77.724 Y93.916
G0 X77.924 Y93.916
G1 F1500 E659.26082
;MESH:NONMESH
G0 F300 X77.924 Y93.916 Z21.1
G0 F15000 X77.924 Y94.782
G0 X157.324 Y94.782
G0 X157.324 Y93.916
;TIME_ELAPSED:2474.822053
;LAYER:210
;note -- min layer time used
;TYPE:WALL-OUTER
;MESH:90deg_h40_w80_t36.STL(1)
G1 F1500 E665.76082
G1 F991.7 X77.724 Y93.916 E667.28313
G1 X77.724 Y93.516 E667.29078
G1 X155.55 Y93.516 E668.77917
G0 F2700 X157.324 Y93.516
G0 X157.324 Y93.916
G0 F15000 X156.724 Y93.916
G1 F1500 E662.27917
;MESH:NONMESH
G0 F300 X156.724 Y93.916 Z21.2
G0 F15000 X156.724 Y94.782
G0 X76.872 Y94.77
G0 X76.872 Y92.664
G0 X77.724 Y92.652
G0 X77.724 Y93.516
;TIME_ELAPSED:2486.287904
;LAYER:211
;note -- min layer time used
;TYPE:WALL-OUTER
;MESH:90deg_h40_w80_t36.STL(1)
G1 F1500 E668.77917
G1 F991.6 X77.724 Y93.916 E668.78682
G1 X157.324 Y93.916 E670.30914
G1 X157.324 Y93.516 E670.31679
G1 X79.898 Y93.516 E671.79753
G0 F2700 X77.724 Y93.516
G0 F15000 X77.724 Y93.916
G0 X77.924 Y93.916
G1 F1500 E665.29753
;MESH:NONMESH
G0 F300 X77.924 Y93.916 Z21.3
G0 F15000 X77.924 Y94.782
G0 X157.324 Y94.782
G0 X157.324 Y93.916
;TIME_ELAPSED:2497.583509
;LAYER:212
;note -- min layer time used
;TYPE:WALL-OUTER
;MESH:90deg_h40_w80_t36.STL(1)
G1 F1500 E671.79753
G1 F991.7 X77.724 Y93.916 E673.31985
G1 X77.724 Y93.516 E673.3275
G1 X155.55 Y93.516 E674.81589
G0 F2700 X157.324 Y93.516
G0 X157.324 Y93.916
G0 F15000 X156.724 Y93.916
G1 F1500 E668.31589
;MESH:NONMESH
G0 F300 X156.724 Y93.916 Z21.4
G0 F15000 X156.724 Y94.782
G0 X76.872 Y94.77
G0 X76.872 Y92.664
G0 X77.724 Y92.652
G0 X77.724 Y93.516
;TIME_ELAPSED:2509.049360
;LAYER:213
;note -- min layer time used
;TYPE:WALL-OUTER
;MESH:90deg_h40_w80_t36.STL(1)
G1 F1500 E674.81589
G1 F991.6 X77.724 Y93.916 E674.82353
G1 X157.324 Y93.916 E676.34585
G1 X157.324 Y93.516 E676.3535
G1 X79.898 Y93.516 E677.83424
G0 F2700 X77.724 Y93.516
G0 F15000 X77.724 Y93.916
G0 X77.924 Y93.916
G1 F1500 E671.33424
;MESH:NONMESH
G0 F300 X77.924 Y93.916 Z21.5
G0 F15000 X77.924 Y94.782
G0 X157.324 Y94.782
G0 X157.324 Y93.916
;TIME_ELAPSED:2520.344965
;LAYER:214
;note -- min layer time used
;TYPE:WALL-OUTER
;MESH:90deg_h40_w80_t36.STL(1)
G1 F1500 E677.83424
G1 F991.7 X77.724 Y93.916 E679.35656
G1 X77.724 Y93.516 E679.36421
G1 X155.55 Y93.516 E680.8526
G0 F2700 X157.324 Y93.516
G0 X157.324 Y93.916
G0 F15000 X156.724 Y93.916
G1 F1500 E674.3526
;MESH:NONMESH
G0 F300 X156.724 Y93.916 Z21.6
G0 F15000 X156.724 Y94.782
G0 X76.872 Y94.77
G0 X76.872 Y92.664
G0 X77.724 Y92.652
G0 X77.724 Y93.516
;TIME_ELAPSED:2531.810816
;LAYER:215
;note -- min layer time used
;TYPE:WALL-OUTER
;MESH:90deg_h40_w80_t36.STL(1)
G1 F1500 E680.8526
G1 F991.6 X77.724 Y93.916 E680.86025
G1 X157.324 Y93.916 E682.38256
G1 X157.324 Y93.516 E682.39021
G1 X79.898 Y93.516 E683.87095
G0 F2700 X77.724 Y93.516
G0 F15000 X77.724 Y93.916
G0 X77.924 Y93.916
G1 F1500 E677.37095
;MESH:NONMESH
G0 F300 X77.924 Y93.916 Z21.7
G0 F15000 X77.924 Y94.782
G0 X157.324 Y94.782
G0 X157.324 Y93.916
;TIME_ELAPSED:2543.106421
;LAYER:216
;note -- min layer time used
;TYPE:WALL-OUTER
;MESH:90deg_h40_w80_t36.STL(1)
G1 F1500 E683.87095
G1 F991.7 X77.724 Y93.916 E685.39327
G1 X77.724 Y93.516 E685.40092
G1 X155.55 Y93.516 E686.88931
G0 F2700 X157.324 Y93.516
G0 X157.324 Y93.916
G0 F15000 X156.724 Y93.916
G1 F1500 E680.38931
;MESH:NONMESH
G0 F300 X156.724 Y93.916 Z21.8
G0 F15000 X156.724 Y94.782
G0 X76.872 Y94.77
G0 X76.872 Y92.664
G0 X77.724 Y92.652
G0 X77.724 Y93.516
;TIME_ELAPSED:2554.572271
;LAYER:217
;note -- min layer time used
;TYPE:WALL-OUTER
;MESH:90deg_h40_w80_t36.STL(1)
G1 F1500 E686.88931
G1 F991.6 X77.724 Y93.916 E686.89696
G1 X157.324 Y93.916 E688.41927
G1 X157.324 Y93.516 E688.42692
G1 X79.898 Y93.516 E689.90766
G0 F2700 X77.724 Y93.516
G0 F15000 X77.724 Y93.916
G0 X77.924 Y93.916
G1 F1500 E683.40766
;MESH:NONMESH
G0 F300 X77.924 Y93.916 Z21.9
G0 F15000 X77.924 Y94.782
G0 X157.324 Y94.782
G0 X157.324 Y93.916
;TIME_ELAPSED:2565.867877
;LAYER:218
;note -- min layer time used
;TYPE:WALL-OUTER
;MESH:90deg_h40_w80_t36.STL(1)
G1 F1500 E689.90766
G1 F991.7 X77.724 Y93.916 E691.42998
G1 X77.724 Y93.516 E691.43763
G1 X155.55 Y93.516 E692.92602
G0 F2700 X157.324 Y93.516
G0 X157.324 Y93.916
G0 F15000 X156.724 Y93.916
G1 F1500 E686.42602
;MESH:NONMESH
G0 F300 X156.724 Y93.916 Z22
G0 F15000 X156.724 Y94.782
G0 X76.872 Y94.77
G0 X76.872 Y92.664
G0 X77.724 Y92.652
G0 X77.724 Y93.516
;TIME_ELAPSED:2577.333727
;LAYER:219
;note -- min layer time used
;TYPE:WALL-OUTER
;MESH:90deg_h40_w80_t36.STL(1)
G1 F1500 E692.92602
G1 F991.6 X77.724 Y93.916 E692.93367
G1 X157.324 Y93.916 E694.45598
G1 X157.324 Y93.516 E694.46363
G1 X79.898 Y93.516 E695.94437
G0 F2700 X77.724 Y93.516
G0 F15000 X77.724 Y93.916
G0 X77.924 Y93.916
;TIME_ELAPSED:2587.379005
G1 F1500 E689.44437
M140 S0
M107
G91 ;Relative positioning
G1 E-2 F2700 ;Retract a bit
G1 E-2 Z0.2 F2400 ;Retract and raise Z
G1 X5 Y5 F3000 ;Wipe out
G1 Z10 ;Raise Z more
G90 ;Absolute positioning

G1 X0 Y235 ;Present print
M106 S0 ;Turn-off fan
M104 S0 ;Turn-off hotend
M140 S0 ;Turn-off bed

M84 X Y E ;Disable all steppers but Z

M82 ;absolute extrusion mode
M104 S0
;End of Gcode
;SETTING_3 {"global_quality": "[general]\\nversion = 4\\nname = Standard 0.2 luc
;SETTING_3 \\ndefinition = creality_ender3\\n\\n[metadata]\\ntype = quality_chan
;SETTING_3 ges\\nquality_type = standard\\nsetting_version = 25\\n\\n[values]\\n
;SETTING_3 adhesion_type = brim\\nbridge_settings_enabled = True\\nlayer_height 
;SETTING_3 = 0.1\\nlayer_height_0 = 0.1\\nraft_smoothing = 2\\nretraction_combin
;SETTING_3 g = noskin\\nsupport_enable = True\\nsupport_structure = tree\\nsuppo
;SETTING_3 rt_type = buildplate\\n\\n", "extruder_quality": ["[general]\\nversio
;SETTING_3 n = 4\\nname = Standard 0.2 luc\\ndefinition = creality_ender3\\n\\n[
;SETTING_3 metadata]\\ntype = quality_changes\\nquality_type = standard\\nintent
;SETTING_3 _category = default\\nposition = 0\\nsetting_version = 25\\n\\n[value
;SETTING_3 s]\\nalternate_extra_perimeter = False\\nbridge_skin_material_flow = 
;SETTING_3 80\\nbridge_wall_material_flow = 90\\nbrim_inside_margin = 1.5\\nbrim
;SETTING_3 _width = 4.4\\ncoasting_enable = True\\ncoasting_volume = 0.1\\ncool_
;SETTING_3 fan_speed = 10\\nhole_xy_offset = 0.1\\ninfill_material_flow = 145.0\
;SETTING_3 \ninfill_overlap = 60\\ninfill_pattern = cubicsubdiv\\nmaterial_alter
;SETTING_3 nate_walls = True\\nmaterial_print_temperature = 212\\nraft_airgap = 
;SETTING_3 0.26\\nraft_margin = 2\\nretract_at_layer_change = True\\nretraction_
;SETTING_3 hop_enabled = False\\nretraction_hop_only_when_collides = True\\nskin
;SETTING_3 _overlap = 15.0\\nspeed_infill = 45\\nspeed_print = 100\\nsupport_bot
;SETTING_3 tom_enable = False\\nsupport_bottom_height = =extruderValue(support_b
;SETTING_3 ottom_extruder_nr, 'support_interface_height')\\nsupport_interface_de
;SETTING_3 nsity = 65\\nsupport_interface_height = 0.6\\nsupport_interface_mater
;SETTING_3 ial_flow = 105\\nsupport_interface_pattern = zigzag\\nsupport_materia
;SETTING_3 l_flow = 115\\nsupport_roof_enable = False\\nsupport_tree_tip_diamete
;SETTING_3 r = 1.2\\nsupport_z_distance = 0.17\\nsupport_z_seam_away_from_model 
;SETTING_3 = False\\nsupport_z_seam_min_distance = 1.2\\ntop_bottom_pattern = zi
;SETTING_3 gzag\\ntop_bottom_thickness = 2\\nwall_0_wipe_dist = 0.6\\nwall_line_
;SETTING_3 count = 5\\nwall_material_flow = 115\\nxy_offset_layer_0 = -0.02\\nz_
;SETTING_3 seam_corner = z_seam_corner_inner\\nz_seam_type = sharpest_corner\\n\
;SETTING_3 \n"]}
