;FLAVOR:Marlin
;TIME:1522
;Filament used: 1.46484m
;Layer height: 0.2
;MINX:73.345
;MINY:76.38
;MINZ:0.2
;MAXX:161.705
;MAXY:102.809
;MAXZ:22
;TARGET_MACHINE.NAME:Creality Ender-3
;Generated with Cura_SteamEngine 5.11.0
M140 S60
M105
M190 S60
M104 S212
M105
M109 S212
; Ender 3 Custom Start G-code
G92 E0 ; Reset Extruder
G28 ; Home all axes
G1 Z2.0 F3000 ; Move Z Axis up little to prevent scratching of Heat Bed
G1 X0.1 Y20 Z0.3 F5000.0 ; Move to start position
G1 X0.1 Y200.0 Z0.3 F1500.0 E15 ; Draw the first line
G1 X0.4 Y200.0 Z0.3 F5000.0 ; Move to side a little
G1 X0.4 Y20 Z0.3 F1500.0 E30 ; Draw the second line
G92 E0 ; Reset Extruder
G1 Z2.0 F3000 ; Move Z Axis up little to prevent scratching of Heat Bed
G1 X5 Y20 Z0.3 F5000.0 ; Move over to prevent blob squish
M82 ;absolute extrusion mode
G92 E0
G92 E0
G1 F1500 E-6.5
;LAYER_COUNT:110
;LAYER:0
M107
G0 F6000 X74.168 Y78.014 Z0.2
;TYPE:SKIRT
G1 F1500 E0
G1 F1200 X75.003 Y77.236 E0.03796
G1 X76.096 Y76.584 E0.08029
G1 X77.151 Y76.41 E0.11585
G1 X157.941 Y76.38 E2.80294
G1 X158.97 Y76.633 E2.83818
G1 X160.071 Y77.203 E2.87942
G1 X160.848 Y78.037 E2.91733
G1 X161.462 Y79.07 E2.9573
G1 X161.513 Y79.214 E2.96238
G1 X161.695 Y80.435 E3.00344
G1 X161.705 Y81.777 E3.04808
G1 X161.458 Y82.793 E3.08285
G1 X160.882 Y83.906 E3.12453
G1 X160.047 Y84.684 E3.16249
G1 X158.954 Y85.336 E3.20482
G1 X157.899 Y85.51 E3.24039
G1 X77.109 Y85.54 E5.92747
G1 X76.08 Y85.287 E5.96272
G1 X74.979 Y84.717 E6.00395
G1 X74.202 Y83.883 E6.04187
G1 X73.588 Y82.85 E6.08183
G1 X73.537 Y82.706 E6.08692
G1 X73.355 Y81.485 E6.12797
G1 X73.345 Y80.143 E6.17261
G1 X73.592 Y79.127 E6.20739
G1 X74.168 Y78.014 E6.24907
G0 F6000 X74.49 Y78.261
G1 F1200 X75.245 Y77.558 E6.28338
G1 X76.236 Y76.967 E6.32176
G1 X77.216 Y76.805 E6.3548
G1 X157.895 Y76.78 E9.03819
G1 X158.827 Y77.009 E9.07011
G1 X159.824 Y77.525 E9.10745
G1 X160.527 Y78.28 E9.14176
G1 X161.118 Y79.274 E9.18022
G1 X161.295 Y80.438 E9.21938
G1 X161.305 Y81.729 E9.26232
G1 X161.08 Y82.654 E9.29399
G1 X160.56 Y83.659 E9.33162
G1 X159.805 Y84.362 E9.36593
G1 X158.814 Y84.953 E9.40431
G1 X157.834 Y85.115 E9.43735
G1 X77.155 Y85.14 E12.12074
G1 X76.223 Y84.911 E12.15266
G1 X75.226 Y84.395 E12.19
G1 X74.523 Y83.64 E12.22431
G1 X73.932 Y82.646 E12.26278
G1 X73.755 Y81.482 E12.30194
G1 X73.745 Y80.191 E12.34488
G1 X73.97 Y79.266 E12.37654
G1 X74.49 Y78.261 E12.41417
G0 F6000 X74.813 Y78.506
G1 F1200 X75.484 Y77.882 E12.44465
G1 X76.376 Y77.35 E12.47919
G1 X77.281 Y77.2 E12.50971
G1 X157.849 Y77.18 E15.18941
G1 X158.684 Y77.385 E15.21801
G1 X159.579 Y77.848 E15.25152
G1 X160.203 Y78.519 E15.282
G1 X160.735 Y79.413 E15.3166
G1 X160.895 Y80.441 E15.3512
G1 X160.905 Y81.681 E15.39245
G1 X160.702 Y82.515 E15.42099
G1 X160.237 Y83.414 E15.45466
G1 X159.566 Y84.038 E15.48513
G1 X158.674 Y84.57 E15.51968
G1 X157.769 Y84.72 E15.55019
G1 X77.201 Y84.74 E18.22989
G1 X76.366 Y84.535 E18.25849
G1 X75.471 Y84.072 E18.292
G1 X74.847 Y83.401 E18.32248
G1 X74.315 Y82.507 E18.35708
G1 X74.155 Y81.479 E18.39168
G1 X74.145 Y80.239 E18.43293
G1 X74.348 Y79.405 E18.46148
G1 X74.813 Y78.506 E18.49514
G0 F6000 X75.136 Y78.751
G1 F1200 X75.723 Y78.206 E18.52178
G1 X76.516 Y77.733 E18.55249
G1 X77.347 Y77.595 E18.58051
G1 X157.803 Y77.58 E21.25649
G1 X158.541 Y77.761 E21.28176
G1 X159.334 Y78.171 E21.31145
G1 X159.879 Y78.758 E21.3381
G1 X160.352 Y79.552 E21.36883
G1 X160.495 Y80.444 E21.39888
G1 X160.505 Y81.633 E21.43843
G1 X160.324 Y82.376 E21.46386
G1 X159.914 Y83.169 E21.49356
G1 X159.327 Y83.714 E21.5202
G1 X158.534 Y84.187 E21.55091
G1 X157.703 Y84.325 E21.57893
G1 X77.247 Y84.34 E24.2549
G1 X76.509 Y84.159 E24.28018
G1 X75.716 Y83.749 E24.30987
G1 X75.171 Y83.162 E24.33651
G1 X74.698 Y82.368 E24.36725
G1 X74.555 Y81.476 E24.3973
G1 X74.545 Y80.287 E24.43684
G1 X74.726 Y79.544 E24.46228
G1 X75.136 Y78.751 E24.49197
G0 F6000 X75.459 Y78.996
G1 F1200 X75.962 Y78.53 E24.51478
G1 X76.656 Y78.116 E24.54165
G1 X77.413 Y77.99 E24.56718
G1 X157.753 Y77.98 E27.2393
G1 X158.402 Y78.139 E27.26152
G1 X159.089 Y78.494 E27.28724
G1 X159.555 Y78.997 E27.31005
G1 X159.969 Y79.691 E27.33693
G1 X160.095 Y80.448 E27.36245
G1 X160.105 Y81.585 E27.40027
G1 X159.946 Y82.237 E27.42259
G1 X159.591 Y82.924 E27.44831
G1 X159.088 Y83.39 E27.47112
G1 X158.394 Y83.804 E27.49799
G1 X157.637 Y83.93 E27.52352
G1 X77.297 Y83.94 E30.19564
G1 X76.648 Y83.781 E30.21786
G1 X75.961 Y83.426 E30.24358
G1 X75.495 Y82.923 E30.26639
G1 X75.081 Y82.229 E30.29326
G1 X74.955 Y81.472 E30.31879
G1 X74.945 Y80.335 E30.35661
G1 X75.104 Y79.683 E30.37893
G1 X75.459 Y78.996 E30.40465
G0 F6000 X75.782 Y79.242
G1 F1200 X76.201 Y78.854 E30.42364
G1 X76.796 Y78.499 E30.44669
G1 X77.479 Y78.385 E30.46972
G1 X157.703 Y78.38 E33.13798
G1 X158.263 Y78.517 E33.15715
G1 X158.843 Y78.817 E33.17887
G1 X159.231 Y79.236 E33.19787
G1 X159.586 Y79.831 E33.22091
G1 X159.7 Y80.514 E33.24394
G1 X159.705 Y81.537 E33.27797
G1 X159.568 Y82.098 E33.29717
G1 X159.268 Y82.678 E33.31889
G1 X158.849 Y83.066 E33.33789
G1 X158.254 Y83.421 E33.36093
G1 X157.571 Y83.535 E33.38396
G1 X77.347 Y83.54 E36.05222
G1 X76.787 Y83.403 E36.0714
G1 X76.207 Y83.103 E36.09312
G1 X75.819 Y82.684 E36.11211
G1 X75.464 Y82.089 E36.13515
G1 X75.35 Y81.406 E36.15818
G1 X75.345 Y80.383 E36.19221
G1 X75.482 Y79.822 E36.21142
G1 X75.782 Y79.242 E36.23314
G0 F6000 X76.105 Y79.488
G1 F1200 X75.86 Y79.961 E36.25085
G1 X75.745 Y80.432 E36.26698
G1 X75.745 Y81.34 E36.29718
G1 X75.847 Y81.951 E36.31778
G1 X76.14 Y82.442 E36.3368
G1 X76.453 Y82.78 E36.35212
G1 X76.926 Y83.025 E36.36984
G1 X77.397 Y83.14 E36.38596
G1 X157.505 Y83.14 E39.05037
G1 X158.116 Y83.038 E39.07097
G1 X158.607 Y82.745 E39.08999
G1 X158.945 Y82.432 E39.10531
G1 X159.19 Y81.959 E39.12303
G1 X159.305 Y81.488 E39.13915
G1 X159.305 Y80.58 E39.16935
G1 X159.203 Y79.969 E39.18996
G1 X158.91 Y79.478 E39.20897
G1 X158.597 Y79.14 E39.2243
G1 X158.124 Y78.895 E39.24201
G1 X157.653 Y78.78 E39.25814
G1 X77.545 Y78.78 E41.92254
G1 X76.934 Y78.882 E41.94314
G1 X76.443 Y79.175 E41.96216
G1 X76.105 Y79.488 E41.97748
G0 F6000 X76.428 Y79.734
G1 F1200 X76.238 Y80.1 E41.9912
G1 X76.145 Y80.482 E42.00428
G1 X76.145 Y81.34 E42.03281
G1 X76.23 Y81.813 E42.0488
G1 X76.461 Y82.2 E42.06379
G1 X76.699 Y82.457 E42.07544
G1 X77.065 Y82.647 E42.08915
G1 X77.447 Y82.74 E42.10223
G1 X157.505 Y82.74 E44.76497
G1 X157.978 Y82.655 E44.78095
G1 X158.365 Y82.424 E44.79594
G1 X158.622 Y82.186 E44.80759
G1 X158.812 Y81.82 E44.82131
G1 X158.905 Y81.438 E44.83439
G1 X158.905 Y80.58 E44.86292
G1 X158.82 Y80.107 E44.87891
G1 X158.589 Y79.72 E44.8939
G1 X158.351 Y79.463 E44.90555
G1 X157.985 Y79.273 E44.91926
G1 X157.603 Y79.18 E44.93234
G1 X77.545 Y79.18 E47.59508
G1 X77.072 Y79.265 E47.61106
G1 X76.685 Y79.496 E47.62605
G1 X76.428 Y79.734 E47.63771
G0 F6000 X76.752 Y79.979
G1 F1200 X76.615 Y80.242 E47.64757
G1 X76.545 Y80.531 E47.65746
G1 X76.545 Y81.34 E47.68437
G1 X76.61 Y81.668 E47.69549
G1 X76.805 Y81.995 E47.70815
G1 X76.944 Y82.133 E47.71466
G1 X77.207 Y82.27 E47.72453
G1 X77.496 Y82.34 E47.73442
G1 X157.505 Y82.34 E50.39553
G1 X157.833 Y82.275 E50.40665
G1 X158.16 Y82.08 E50.41931
G1 X158.298 Y81.941 E50.42583
G1 X158.435 Y81.678 E50.43569
G1 X158.505 Y81.389 E50.44558
G1 X158.505 Y80.58 E50.47249
G1 X158.44 Y80.252 E50.48361
G1 X158.245 Y79.925 E50.49627
G1 X158.106 Y79.787 E50.50279
G1 X157.843 Y79.65 E50.51265
G1 X157.554 Y79.58 E50.52254
G1 X77.545 Y79.58 E53.18365
G1 X77.217 Y79.645 E53.19477
G1 X76.89 Y79.84 E53.20744
G1 X76.752 Y79.979 E53.21395
G0 F6000 X77.384 Y80.461
G1 F1200 X77.545 Y80.38 E53.21994
G1 X157.505 Y80.38 E55.87942
G1 X157.624 Y80.419 E55.88359
G1 X157.705 Y80.58 E55.88958
G1 X157.705 Y81.34 E55.91486
G1 X157.666 Y81.459 E55.91903
G1 X157.505 Y81.54 E55.92502
G1 X77.545 Y81.54 E58.5845
G1 X77.426 Y81.501 E58.58867
G1 X77.345 Y81.34 E58.59466
G1 X77.345 Y80.58 E58.61994
G1 X77.384 Y80.461 E58.6241
G0 F6000 X77.004 Y80.336
G1 F1200 X76.945 Y80.58 E58.63245
G1 X76.945 Y81.34 E58.65773
G1 X76.988 Y81.52 E58.66389
G1 X77.149 Y81.79 E58.67434
G1 X77.301 Y81.881 E58.68023
G1 X77.545 Y81.94 E58.68858
G1 X157.505 Y81.94 E61.34806
G1 X157.685 Y81.897 E61.35422
G1 X157.955 Y81.736 E61.36467
G1 X158.046 Y81.584 E61.37057
G1 X158.105 Y81.34 E61.37892
G1 X158.105 Y80.58 E61.40419
G1 X158.062 Y80.4 E61.41035
G1 X157.901 Y80.13 E61.42081
G1 X157.749 Y80.039 E61.4267
G1 X157.505 Y79.98 E61.43505
G1 X77.545 Y79.98 E64.09453
G1 X77.365 Y80.023 E64.10068
G1 X77.095 Y80.184 E64.11114
G1 X77.004 Y80.336 E64.11703
G1 F1500 E57.61703
G0 F6000 X76.88 Y80.336
G0 X77.151 Y93.679
G1 F1500 E64.11703
G1 F1200 X157.941 Y93.649 E66.80412
G1 X158.97 Y93.902 E66.83936
G1 X160.071 Y94.472 E66.8806
G1 X160.848 Y95.306 E66.91851
G1 X161.462 Y96.339 E66.95848
G1 X161.513 Y96.483 E66.96356
G1 X161.695 Y97.704 E67.00462
G1 X161.705 Y99.046 E67.04925
G1 X161.458 Y100.062 E67.08403
G1 X160.882 Y101.175 E67.12571
G1 X160.047 Y101.953 E67.16367
G1 X158.954 Y102.605 E67.206
G1 X157.899 Y102.779 E67.24157
G1 X77.109 Y102.809 E69.92865
G1 X76.08 Y102.556 E69.9639
G1 X74.979 Y101.986 E70.00513
G1 X74.202 Y101.152 E70.04304
G1 X73.588 Y100.119 E70.08301
G1 X73.537 Y99.975 E70.08809
G1 X73.355 Y98.754 E70.12915
G1 X73.345 Y97.412 E70.17379
G1 X73.592 Y96.396 E70.20857
G1 X74.168 Y95.283 E70.25025
G1 X75.003 Y94.505 E70.28821
G1 X76.096 Y93.853 E70.33054
G1 X77.151 Y93.679 E70.3661
G0 F6000 X77.216 Y94.074
G1 F1200 X157.895 Y94.049 E73.04949
G1 X158.827 Y94.278 E73.08141
G1 X159.824 Y94.794 E73.11875
G1 X160.527 Y95.549 E73.15306
G1 X161.118 Y96.543 E73.19153
G1 X161.295 Y97.707 E73.23069
G1 X161.305 Y98.998 E73.27363
G1 X161.08 Y99.923 E73.30529
G1 X160.56 Y100.928 E73.34293
G1 X159.805 Y101.631 E73.37724
G1 X158.814 Y102.222 E73.41562
G1 X157.834 Y102.384 E73.44865
G1 X77.155 Y102.409 E76.13205
G1 X76.223 Y102.18 E76.16397
G1 X75.226 Y101.664 E76.20131
G1 X74.523 Y100.909 E76.23562
G1 X73.932 Y99.915 E76.27408
G1 X73.755 Y98.751 E76.31324
G1 X73.745 Y97.46 E76.35618
G1 X73.97 Y96.535 E76.38784
G1 X74.49 Y95.53 E76.42548
G1 X75.245 Y94.827 E76.45979
G1 X76.236 Y94.236 E76.49817
G1 X77.216 Y94.074 E76.5312
G0 F6000 X77.281 Y94.469
G1 F1200 X157.849 Y94.449 E79.21091
G1 X158.684 Y94.654 E79.2395
G1 X159.579 Y95.117 E79.27302
G1 X160.203 Y95.788 E79.3035
G1 X160.735 Y96.682 E79.3381
G1 X160.895 Y97.71 E79.3727
G1 X160.905 Y98.95 E79.41394
G1 X160.702 Y99.784 E79.44249
G1 X160.237 Y100.683 E79.47616
G1 X159.566 Y101.307 E79.50663
G1 X158.674 Y101.839 E79.54118
G1 X157.769 Y101.989 E79.57169
G1 X77.201 Y102.009 E82.25139
G1 X76.366 Y101.804 E82.27999
G1 X75.471 Y101.341 E82.3135
G1 X74.847 Y100.67 E82.34398
G1 X74.315 Y99.776 E82.37858
G1 X74.155 Y98.748 E82.41318
G1 X74.145 Y97.508 E82.45443
G1 X74.348 Y96.674 E82.48298
G1 X74.813 Y95.775 E82.51664
G1 X75.484 Y95.151 E82.54712
G1 X76.376 Y94.619 E82.58166
G1 X77.281 Y94.469 E82.61217
G0 F6000 X77.347 Y94.864
G1 F1200 X157.803 Y94.849 E85.28815
G1 X158.541 Y95.03 E85.31342
G1 X159.334 Y95.44 E85.34311
G1 X159.879 Y96.027 E85.36976
G1 X160.352 Y96.821 E85.4005
G1 X160.495 Y97.713 E85.43054
G1 X160.505 Y98.902 E85.47009
G1 X160.324 Y99.645 E85.49552
G1 X159.914 Y100.438 E85.52522
G1 X159.327 Y100.983 E85.55186
G1 X158.534 Y101.456 E85.58257
G1 X157.703 Y101.594 E85.61059
G1 X77.247 Y101.609 E88.28656
G1 X76.509 Y101.428 E88.31184
G1 X75.716 Y101.018 E88.34153
G1 X75.171 Y100.431 E88.36817
G1 X74.698 Y99.637 E88.39891
G1 X74.555 Y98.745 E88.42896
G1 X74.545 Y97.556 E88.4685
G1 X74.726 Y96.813 E88.49394
G1 X75.136 Y96.02 E88.52363
G1 X75.723 Y95.475 E88.55027
G1 X76.516 Y95.002 E88.58098
G1 X77.347 Y94.864 E88.609
G0 F6000 X77.413 Y95.259
G1 F1200 X157.753 Y95.249 E91.28112
G1 X158.402 Y95.408 E91.30334
G1 X159.089 Y95.763 E91.32906
G1 X159.555 Y96.266 E91.35187
G1 X159.969 Y96.96 E91.37875
G1 X160.095 Y97.717 E91.40427
G1 X160.105 Y98.854 E91.44209
G1 X159.946 Y99.506 E91.46441
G1 X159.591 Y100.193 E91.49013
G1 X159.088 Y100.659 E91.51294
G1 X158.394 Y101.073 E91.53982
G1 X157.637 Y101.199 E91.56534
G1 X77.297 Y101.209 E94.23746
G1 X76.648 Y101.05 E94.25968
G1 X75.961 Y100.695 E94.2854
G1 X75.495 Y100.192 E94.30821
G1 X75.081 Y99.498 E94.33509
G1 X74.955 Y98.741 E94.36061
G1 X74.945 Y97.604 E94.39843
G1 X75.104 Y96.952 E94.42075
G1 X75.459 Y96.265 E94.44647
G1 X75.962 Y95.799 E94.46928
G1 X76.656 Y95.385 E94.49615
G1 X77.413 Y95.259 E94.52168
G0 F6000 X77.479 Y95.654
G1 F1200 X157.703 Y95.649 E97.18994
G1 X158.263 Y95.786 E97.20912
G1 X158.843 Y96.086 E97.23083
G1 X159.231 Y96.505 E97.24983
G1 X159.586 Y97.1 E97.27287
G1 X159.7 Y97.783 E97.2959
G1 X159.705 Y98.806 E97.32993
G1 X159.568 Y99.367 E97.34914
G1 X159.268 Y99.947 E97.37085
G1 X158.849 Y100.335 E97.38985
G1 X158.254 Y100.69 E97.41289
G1 X157.571 Y100.804 E97.43592
G1 X77.347 Y100.809 E100.10418
G1 X76.787 Y100.672 E100.12336
G1 X76.207 Y100.372 E100.14508
G1 X75.819 Y99.953 E100.16407
G1 X75.464 Y99.358 E100.18712
G1 X75.35 Y98.675 E100.21015
G1 X75.345 Y97.652 E100.24417
G1 X75.482 Y97.091 E100.26338
G1 X75.782 Y96.511 E100.2851
G1 X76.201 Y96.123 E100.30409
G1 X76.796 Y95.768 E100.32714
G1 X77.479 Y95.654 E100.35017
G0 F6000 X77.545 Y96.049
G1 F1200 X157.653 Y96.049 E103.01457
G1 X158.124 Y96.164 E103.0307
G1 X158.597 Y96.409 E103.04841
G1 X158.91 Y96.747 E103.06373
G1 X159.203 Y97.238 E103.08275
G1 X159.305 Y97.849 E103.10335
G1 X159.305 Y98.757 E103.13355
G1 X159.19 Y99.228 E103.14968
G1 X158.945 Y99.701 E103.1674
G1 X158.607 Y100.014 E103.18272
G1 X158.116 Y100.307 E103.20174
G1 X157.505 Y100.409 E103.22234
G1 X77.397 Y100.409 E105.88674
G1 X76.926 Y100.294 E105.90287
G1 X76.453 Y100.049 E105.92059
G1 X76.14 Y99.711 E105.93591
G1 X75.847 Y99.22 E105.95493
G1 X75.745 Y98.609 E105.97553
G1 X75.745 Y97.701 E106.00573
G1 X75.86 Y97.23 E106.02185
G1 X76.105 Y96.757 E106.03957
G1 X76.443 Y96.444 E106.05489
G1 X76.934 Y96.151 E106.07391
G1 X77.545 Y96.049 E106.09451
G0 F6000 X77.545 Y96.449
G1 F1200 X157.603 Y96.449 E108.75725
G1 X157.985 Y96.542 E108.77033
G1 X158.351 Y96.732 E108.78405
G1 X158.589 Y96.989 E108.7957
G1 X158.82 Y97.376 E108.81069
G1 X158.905 Y97.849 E108.82667
G1 X158.905 Y98.707 E108.85521
G1 X158.812 Y99.089 E108.86828
G1 X158.622 Y99.455 E108.882
G1 X158.365 Y99.693 E108.89365
G1 X157.978 Y99.924 E108.90864
G1 X157.505 Y100.009 E108.92462
G1 X77.447 Y100.009 E111.58736
G1 X77.065 Y99.916 E111.60044
G1 X76.699 Y99.726 E111.61416
G1 X76.461 Y99.469 E111.62581
G1 X76.23 Y99.082 E111.6408
G1 X76.145 Y98.609 E111.65678
G1 X76.145 Y97.751 E111.68532
G1 X76.238 Y97.369 E111.6984
G1 X76.428 Y97.003 E111.71211
G1 X76.685 Y96.765 E111.72376
G1 X77.072 Y96.534 E111.73875
G1 X77.545 Y96.449 E111.75474
G0 F6000 X77.545 Y96.849
G1 F1200 X77.217 Y96.914 E111.76586
G1 X76.89 Y97.109 E111.77852
G1 X76.752 Y97.248 E111.78503
G1 X76.615 Y97.511 E111.7949
G1 X76.545 Y97.8 E111.80479
G1 X76.545 Y98.609 E111.8317
G1 X76.61 Y98.937 E111.84282
G1 X76.805 Y99.264 E111.85548
G1 X76.944 Y99.402 E111.86199
G1 X77.207 Y99.539 E111.87186
G1 X77.496 Y99.609 E111.88175
G1 X157.505 Y99.609 E114.54286
G1 X157.833 Y99.544 E114.55398
G1 X158.16 Y99.349 E114.56664
G1 X158.298 Y99.21 E114.57316
G1 X158.435 Y98.947 E114.58302
G1 X158.505 Y98.658 E114.59291
G1 X158.505 Y97.849 E114.61982
G1 X158.44 Y97.521 E114.63094
G1 X158.245 Y97.194 E114.6436
G1 X158.106 Y97.056 E114.65012
G1 X157.843 Y96.919 E114.65998
G1 X157.554 Y96.849 E114.66987
G1 X77.545 Y96.849 E117.33098
G0 F6000 X77.545 Y97.649
G1 F1200 X157.505 Y97.649 E119.99046
G1 X157.624 Y97.688 E119.99463
G1 X157.705 Y97.849 E120.00062
G1 X157.705 Y98.609 E120.0259
G1 X157.666 Y98.728 E120.03006
G1 X157.505 Y98.809 E120.03606
G1 X77.545 Y98.809 E122.69554
G1 X77.426 Y98.77 E122.6997
G1 X77.345 Y98.609 E122.7057
G1 X77.345 Y97.849 E122.73097
G1 X77.384 Y97.73 E122.73514
G1 X77.545 Y97.649 E122.74113
G0 F6000 X77.365 Y97.292
G1 F1200 X77.545 Y97.249 E122.74729
G1 X157.505 Y97.249 E125.40677
G1 X157.749 Y97.308 E125.41512
G1 X157.901 Y97.399 E125.42101
G1 X158.062 Y97.669 E125.43147
G1 X158.105 Y97.849 E125.43762
G1 X158.105 Y98.609 E125.4629
G1 X158.046 Y98.853 E125.47125
G1 X157.955 Y99.005 E125.47714
G1 X157.685 Y99.166 E125.4876
G1 X157.505 Y99.209 E125.49375
G1 X77.545 Y99.209 E128.15323
G1 X77.301 Y99.15 E128.16158
G1 X77.149 Y99.059 E128.16747
G1 X76.988 Y98.789 E128.17793
G1 X76.945 Y98.609 E128.18409
G1 X76.945 Y97.849 E128.20936
G1 X77.004 Y97.605 E128.21771
G1 X77.095 Y97.453 E128.22361
G1 X77.365 Y97.292 E128.23406
G1 F1500 E121.73406
;MESH:90deg_h40_w80_t36.STL
G0 F6000 X77.365 Y97.184
G0 X157.314 Y82.005
G0 X157.314 Y81.15
;TYPE:WALL-OUTER
G1 F1500 E128.23406
G1 F1263.2 X77.734 Y81.15 E131.12574
G1 X77.734 Y80.77 E131.13954
G1 X156.607 Y80.77 E134.00553
G0 F1080 X157.314 Y80.77
G0 X157.314 Y81.15
G0 F6000 X156.714 Y81.15
G1 F1500 E127.50553
;MESH:90deg_h40_w80_t36.STL(1)
G0 F6000 X156.714 Y82.005
G0 X158.158 Y97.196
G0 X158.17 Y98.418
G0 X157.314 Y98.418
G1 F1500 E134.00553
G1 F1263.2 X77.734 Y98.418 E136.8972
G1 X77.734 Y98.038 E136.91101
G1 X156.607 Y98.038 E139.77699
G0 F1080 X157.314 Y98.038
G0 X157.314 Y98.418
G0 F6000 X156.714 Y98.418
G1 F1500 E133.27699
;MESH:NONMESH
G0 F300 X156.714 Y98.418 Z0.4
G0 F6000 X156.714 Y97.184
G0 X157.324 Y82.005
G0 X157.324 Y81.16
;TIME_ELAPSED:218.306696
;LAYER:1
;note -- min layer time used
M106 S8.5
;TYPE:WALL-OUTER
;MESH:90deg_h40_w80_t36.STL
G1 F1500 E139.77699
G1 F2014.6 X77.724 Y81.16 E142.82163
G1 X77.724 Y80.76 E142.83693
G1 X156.637 Y80.76 E145.85528
G0 F1890 X157.324 Y80.76
G0 X157.324 Y81.16
G0 F10500 X156.724 Y81.16
G1 F1500 E139.35528
;MESH:90deg_h40_w80_t36.STL(1)
G0 F10500 X156.724 Y82.025
G0 X158.178 Y97.176
G0 X158.19 Y98.428
G0 X157.324 Y98.428
G1 F1500 E145.85528
G1 F2014.6 X77.724 Y98.428 E148.89991
G1 X77.724 Y98.028 E148.91521
G1 X156.637 Y98.028 E151.93357
G0 F1890 X157.324 Y98.028
G0 X157.324 Y98.428
G0 F10500 X156.724 Y98.428
G1 F1500 E145.43357
;MESH:NONMESH
G0 F300 X156.724 Y98.428 Z0.6
G0 F10500 X156.724 Y97.164
G0 X157.324 Y82.025
G0 X157.324 Y81.16
;TIME_ELAPSED:230.213531
;LAYER:2
;note -- min layer time used
M106 S17
;TYPE:WALL-OUTER
;MESH:90deg_h40_w80_t36.STL
G1 F1500 E151.93357
G1 F2001.4 X77.724 Y81.16 E154.9782
G1 X77.724 Y80.76 E154.9935
G1 X156.637 Y80.76 E158.01186
G0 F2700 X157.324 Y80.76
G0 X157.324 Y81.16
G0 F15000 X156.724 Y81.16
G1 F1500 E151.51186
;MESH:90deg_h40_w80_t36.STL(1)
G0 F15000 X156.724 Y82.025
G0 X158.178 Y97.176
G0 X158.19 Y98.428
G0 X157.324 Y98.428
G1 F1500 E158.01186
G1 F2001.4 X77.724 Y98.428 E161.05649
G1 X77.724 Y98.028 E161.07179
G1 X156.637 Y98.028 E164.09015
G0 F2700 X157.324 Y98.028
G0 X157.324 Y98.428
G0 F15000 X156.724 Y98.428
G1 F1500 E157.59015
;MESH:NONMESH
G0 F300 X156.724 Y98.428 Z0.8
G0 F15000 X156.724 Y97.164
G0 X157.324 Y82.025
G0 X157.324 Y81.16
;TIME_ELAPSED:242.186351
;LAYER:3
;note -- min layer time used
M106 S25.5
;TYPE:WALL-OUTER
;MESH:90deg_h40_w80_t36.STL
G1 F1500 E164.09015
G1 F2001.4 X77.724 Y81.16 E167.13478
G1 X77.724 Y80.76 E167.15008
G1 X156.637 Y80.76 E170.16843
G0 F2700 X157.324 Y80.76
G0 X157.324 Y81.16
G0 F15000 X156.724 Y81.16
G1 F1500 E163.66843
;MESH:90deg_h40_w80_t36.STL(1)
G0 F15000 X156.724 Y82.025
G0 X158.178 Y97.176
G0 X158.19 Y98.428
G0 X157.324 Y98.428
G1 F1500 E170.16843
G1 F2001.4 X77.724 Y98.428 E173.21307
G1 X77.724 Y98.028 E173.22837
G1 X156.637 Y98.028 E176.24672
G0 F2700 X157.324 Y98.028
G0 X157.324 Y98.428
G0 F15000 X156.724 Y98.428
G1 F1500 E169.74672
;MESH:NONMESH
G0 F300 X156.724 Y98.428 Z1
G0 F15000 X156.724 Y97.164
G0 X157.324 Y82.025
G0 X157.324 Y81.16
;TIME_ELAPSED:254.159172
;LAYER:4
;note -- min layer time used
;TYPE:WALL-OUTER
;MESH:90deg_h40_w80_t36.STL
G1 F1500 E176.24672
G1 F2001.4 X77.724 Y81.16 E179.29135
G1 X77.724 Y80.76 E179.30665
G1 X156.637 Y80.76 E182.32501
G0 F2700 X157.324 Y80.76
G0 X157.324 Y81.16
G0 F15000 X156.724 Y81.16
G1 F1500 E175.82501
;MESH:90deg_h40_w80_t36.STL(1)
G0 F15000 X156.724 Y82.025
G0 X158.178 Y97.176
G0 X158.19 Y98.428
G0 X157.324 Y98.428
G1 F1500 E182.32501
G1 F2001.4 X77.724 Y98.428 E185.36964
G1 X77.724 Y98.028 E185.38494
G1 X156.637 Y98.028 E188.4033
G0 F2700 X157.324 Y98.028
G0 X157.324 Y98.428
G0 F15000 X156.724 Y98.428
G1 F1500 E181.9033
;MESH:NONMESH
G0 F300 X156.724 Y98.428 Z1.2
G0 F15000 X156.724 Y97.164
G0 X157.324 Y82.025
G0 X157.324 Y81.16
;TIME_ELAPSED:266.131993
;LAYER:5
;note -- min layer time used
;TYPE:WALL-OUTER
;MESH:90deg_h40_w80_t36.STL
G1 F1500 E188.4033
G1 F2001.4 X77.724 Y81.16 E191.44793
G1 X77.724 Y80.76 E191.46323
G1 X156.637 Y80.76 E194.48159
G0 F2700 X157.324 Y80.76
G0 X157.324 Y81.16
G0 F15000 X156.724 Y81.16
G1 F1500 E187.98159
;MESH:90deg_h40_w80_t36.STL(1)
G0 F15000 X156.724 Y82.025
G0 X158.178 Y97.176
G0 X158.19 Y98.428
G0 X157.324 Y98.428
G1 F1500 E194.48159
G1 F2001.4 X77.724 Y98.428 E197.52622
G1 X77.724 Y98.028 E197.54152
G1 X156.637 Y98.028 E200.55987
G0 F2700 X157.324 Y98.028
G0 X157.324 Y98.428
G0 F15000 X156.724 Y98.428
G1 F1500 E194.05987
;MESH:NONMESH
G0 F300 X156.724 Y98.428 Z1.4
G0 F15000 X156.724 Y97.164
G0 X157.324 Y82.025
G0 X157.324 Y81.16
;TIME_ELAPSED:278.104814
;LAYER:6
;note -- min layer time used
;TYPE:WALL-OUTER
;MESH:90deg_h40_w80_t36.STL
G1 F1500 E200.55987
G1 F2001.4 X77.724 Y81.16 E203.60451
G1 X77.724 Y80.76 E203.61981
G1 X156.637 Y80.76 E206.63816
G0 F2700 X157.324 Y80.76
G0 X157.324 Y81.16
G0 F15000 X156.724 Y81.16
G1 F1500 E200.13816
;MESH:90deg_h40_w80_t36.STL(1)
G0 F15000 X156.724 Y82.025
G0 X158.178 Y97.176
G0 X158.19 Y98.428
G0 X157.324 Y98.428
G1 F1500 E206.63816
G1 F2001.4 X77.724 Y98.428 E209.6828
G1 X77.724 Y98.028 E209.69809
G1 X156.637 Y98.028 E212.71645
G0 F2700 X157.324 Y98.028
G0 X157.324 Y98.428
G0 F15000 X156.724 Y98.428
G1 F1500 E206.21645
;MESH:NONMESH
G0 F300 X156.724 Y98.428 Z1.6
G0 F15000 X156.724 Y97.164
G0 X157.324 Y82.025
G0 X157.324 Y81.16
;TIME_ELAPSED:290.077635
;LAYER:7
;note -- min layer time used
;TYPE:WALL-OUTER
;MESH:90deg_h40_w80_t36.STL
G1 F1500 E212.71645
G1 F2001.4 X77.724 Y81.16 E215.76108
G1 X77.724 Y80.76 E215.77638
G1 X156.637 Y80.76 E218.79474
G0 F2700 X157.324 Y80.76
G0 X157.324 Y81.16
G0 F15000 X156.724 Y81.16
G1 F1500 E212.29474
;MESH:90deg_h40_w80_t36.STL(1)
G0 F15000 X156.724 Y82.025
G0 X158.178 Y97.176
G0 X158.19 Y98.428
G0 X157.324 Y98.428
G1 F1500 E218.79474
G1 F2001.4 X77.724 Y98.428 E221.83937
G1 X77.724 Y98.028 E221.85467
G1 X156.637 Y98.028 E224.87303
G0 F2700 X157.324 Y98.028
G0 X157.324 Y98.428
G0 F15000 X156.724 Y98.428
G1 F1500 E218.37303
;MESH:NONMESH
G0 F300 X156.724 Y98.428 Z1.8
G0 F15000 X156.724 Y97.164
G0 X157.324 Y82.025
G0 X157.324 Y81.16
;TIME_ELAPSED:302.050456
;LAYER:8
;note -- min layer time used
;TYPE:WALL-OUTER
;MESH:90deg_h40_w80_t36.STL
G1 F1500 E224.87303
G1 F2001.4 X77.724 Y81.16 E227.91766
G1 X77.724 Y80.76 E227.93296
G1 X156.637 Y80.76 E230.95131
G0 F2700 X157.324 Y80.76
G0 X157.324 Y81.16
G0 F15000 X156.724 Y81.16
G1 F1500 E224.45131
;MESH:90deg_h40_w80_t36.STL(1)
G0 F15000 X156.724 Y82.025
G0 X158.178 Y97.176
G0 X158.19 Y98.428
G0 X157.324 Y98.428
G1 F1500 E230.95131
G1 F2001.4 X77.724 Y98.428 E233.99595
G1 X77.724 Y98.028 E234.01125
G1 X156.637 Y98.028 E237.0296
G0 F2700 X157.324 Y98.028
G0 X157.324 Y98.428
G0 F15000 X156.724 Y98.428
G1 F1500 E230.5296
;MESH:NONMESH
G0 F300 X156.724 Y98.428 Z2
G0 F15000 X156.724 Y97.164
G0 X157.324 Y82.025
G0 X157.324 Y81.16
;TIME_ELAPSED:314.023277
;LAYER:9
;note -- min layer time used
;TYPE:WALL-OUTER
;MESH:90deg_h40_w80_t36.STL
G1 F1500 E237.0296
G1 F2001.4 X77.724 Y81.16 E240.07424
G1 X77.724 Y80.76 E240.08953
G1 X156.637 Y80.76 E243.10789
G0 F2700 X157.324 Y80.76
G0 X157.324 Y81.16
G0 F15000 X156.724 Y81.16
G1 F1500 E236.60789
;MESH:90deg_h40_w80_t36.STL(1)
G0 F15000 X156.724 Y82.025
G0 X158.178 Y97.176
G0 X158.19 Y98.428
G0 X157.324 Y98.428
G1 F1500 E243.10789
G1 F2001.4 X77.724 Y98.428 E246.15252
G1 X77.724 Y98.028 E246.16782
G1 X156.637 Y98.028 E249.18618
G0 F2700 X157.324 Y98.028
G0 X157.324 Y98.428
G0 F15000 X156.724 Y98.428
G1 F1500 E242.68618
;MESH:NONMESH
G0 F300 X156.724 Y98.428 Z2.2
G0 F15000 X156.724 Y97.164
G0 X157.324 Y82.025
G0 X157.324 Y81.16
;TIME_ELAPSED:325.996098
;LAYER:10
;note -- min layer time used
;TYPE:WALL-OUTER
;MESH:90deg_h40_w80_t36.STL
G1 F1500 E249.18618
G1 F2001.4 X77.724 Y81.16 E252.23081
G1 X77.724 Y80.76 E252.24611
G1 X156.637 Y80.76 E255.26447
G0 F2700 X157.324 Y80.76
G0 X157.324 Y81.16
G0 F15000 X156.724 Y81.16
G1 F1500 E248.76447
;MESH:90deg_h40_w80_t36.STL(1)
G0 F15000 X156.724 Y82.025
G0 X158.178 Y97.176
G0 X158.19 Y98.428
G0 X157.324 Y98.428
G1 F1500 E255.26447
G1 F2001.4 X77.724 Y98.428 E258.3091
G1 X77.724 Y98.028 E258.3244
G1 X156.637 Y98.028 E261.34275
G0 F2700 X157.324 Y98.028
G0 X157.324 Y98.428
G0 F15000 X156.724 Y98.428
G1 F1500 E254.84275
;MESH:NONMESH
G0 F300 X156.724 Y98.428 Z2.4
G0 F15000 X156.724 Y97.164
G0 X157.324 Y82.025
G0 X157.324 Y81.16
;TIME_ELAPSED:337.968919
;LAYER:11
;note -- min layer time used
;TYPE:WALL-OUTER
;MESH:90deg_h40_w80_t36.STL
G1 F1500 E261.34275
G1 F2001.4 X77.724 Y81.16 E264.38739
G1 X77.724 Y80.76 E264.40269
G1 X156.637 Y80.76 E267.42104
G0 F2700 X157.324 Y80.76
G0 X157.324 Y81.16
G0 F15000 X156.724 Y81.16
G1 F1500 E260.92104
;MESH:90deg_h40_w80_t36.STL(1)
G0 F15000 X156.724 Y82.025
G0 X158.178 Y97.176
G0 X158.19 Y98.428
G0 X157.324 Y98.428
G1 F1500 E267.42104
G1 F2001.4 X77.724 Y98.428 E270.46568
G1 X77.724 Y98.028 E270.48097
G1 X156.637 Y98.028 E273.49933
G0 F2700 X157.324 Y98.028
G0 X157.324 Y98.428
G0 F15000 X156.724 Y98.428
G1 F1500 E266.99933
;MESH:NONMESH
G0 F300 X156.724 Y98.428 Z2.6
G0 F15000 X156.724 Y97.164
G0 X157.324 Y82.025
G0 X157.324 Y81.16
;TIME_ELAPSED:349.941740
;LAYER:12
;note -- min layer time used
;TYPE:WALL-OUTER
;MESH:90deg_h40_w80_t36.STL
G1 F1500 E273.49933
G1 F2001.4 X77.724 Y81.16 E276.54396
G1 X77.724 Y80.76 E276.55926
G1 X156.637 Y80.76 E279.57762
G0 F2700 X157.324 Y80.76
G0 X157.324 Y81.16
G0 F15000 X156.724 Y81.16
G1 F1500 E273.07762
;MESH:90deg_h40_w80_t36.STL(1)
G0 F15000 X156.724 Y82.025
G0 X158.178 Y97.176
G0 X158.19 Y98.428
G0 X157.324 Y98.428
G1 F1500 E279.57762
G1 F2001.4 X77.724 Y98.428 E282.62225
G1 X77.724 Y98.028 E282.63755
G1 X156.637 Y98.028 E285.65591
G0 F2700 X157.324 Y98.028
G0 X157.324 Y98.428
G0 F15000 X156.724 Y98.428
G1 F1500 E279.15591
;MESH:NONMESH
G0 F300 X156.724 Y98.428 Z2.8
G0 F15000 X156.724 Y97.164
G0 X157.324 Y82.025
G0 X157.324 Y81.16
;TIME_ELAPSED:361.914561
;LAYER:13
;note -- min layer time used
;TYPE:WALL-OUTER
;MESH:90deg_h40_w80_t36.STL
G1 F1500 E285.65591
G1 F2001.4 X77.724 Y81.16 E288.70054
G1 X77.724 Y80.76 E288.71584
G1 X156.637 Y80.76 E291.73419
G0 F2700 X157.324 Y80.76
G0 X157.324 Y81.16
G0 F15000 X156.724 Y81.16
G1 F1500 E285.23419
;MESH:90deg_h40_w80_t36.STL(1)
G0 F15000 X156.724 Y82.025
G0 X158.178 Y97.176
G0 X158.19 Y98.428
G0 X157.324 Y98.428
G1 F1500 E291.73419
G1 F2001.4 X77.724 Y98.428 E294.77883
G1 X77.724 Y98.028 E294.79413
G1 X156.637 Y98.028 E297.81248
G0 F2700 X157.324 Y98.028
G0 X157.324 Y98.428
G0 F15000 X156.724 Y98.428
G1 F1500 E291.31248
;MESH:NONMESH
G0 F300 X156.724 Y98.428 Z3
G0 F15000 X156.724 Y97.164
G0 X157.324 Y82.025
G0 X157.324 Y81.16
;TIME_ELAPSED:373.887382
;LAYER:14
;note -- min layer time used
;TYPE:WALL-OUTER
;MESH:90deg_h40_w80_t36.STL
G1 F1500 E297.81248
G1 F2001.4 X77.724 Y81.16 E300.85712
G1 X77.724 Y80.76 E300.87241
G1 X156.637 Y80.76 E303.89077
G0 F2700 X157.324 Y80.76
G0 X157.324 Y81.16
G0 F15000 X156.724 Y81.16
G1 F1500 E297.39077
;MESH:90deg_h40_w80_t36.STL(1)
G0 F15000 X156.724 Y82.025
G0 X158.178 Y97.176
G0 X158.19 Y98.428
G0 X157.324 Y98.428
G1 F1500 E303.89077
G1 F2001.4 X77.724 Y98.428 E306.9354
G1 X77.724 Y98.028 E306.9507
G1 X156.637 Y98.028 E309.96906
G0 F2700 X157.324 Y98.028
G0 X157.324 Y98.428
G0 F15000 X156.724 Y98.428
G1 F1500 E303.46906
;MESH:NONMESH
G0 F300 X156.724 Y98.428 Z3.2
G0 F15000 X156.724 Y97.164
G0 X157.324 Y82.025
G0 X157.324 Y81.16
;TIME_ELAPSED:385.860203
;LAYER:15
;note -- min layer time used
;TYPE:WALL-OUTER
;MESH:90deg_h40_w80_t36.STL
G1 F1500 E309.96906
G1 F2001.4 X77.724 Y81.16 E313.01369
G1 X77.724 Y80.76 E313.02899
G1 X156.637 Y80.76 E316.04735
G0 F2700 X157.324 Y80.76
G0 X157.324 Y81.16
G0 F15000 X156.724 Y81.16
G1 F1500 E309.54735
;MESH:90deg_h40_w80_t36.STL(1)
G0 F15000 X156.724 Y82.025
G0 X158.178 Y97.176
G0 X158.19 Y98.428
G0 X157.324 Y98.428
G1 F1500 E316.04735
G1 F2001.4 X77.724 Y98.428 E319.09198
G1 X77.724 Y98.028 E319.10728
G1 X156.637 Y98.028 E322.12563
G0 F2700 X157.324 Y98.028
G0 X157.324 Y98.428
G0 F15000 X156.724 Y98.428
G1 F1500 E315.62563
;MESH:NONMESH
G0 F300 X156.724 Y98.428 Z3.4
G0 F15000 X156.724 Y97.164
G0 X157.324 Y82.025
G0 X157.324 Y81.16
;TIME_ELAPSED:397.833024
;LAYER:16
;note -- min layer time used
;TYPE:WALL-OUTER
;MESH:90deg_h40_w80_t36.STL
G1 F1500 E322.12563
G1 F2001.4 X77.724 Y81.16 E325.17027
G1 X77.724 Y80.76 E325.18557
G1 X156.637 Y80.76 E328.20392
G0 F2700 X157.324 Y80.76
G0 X157.324 Y81.16
G0 F15000 X156.724 Y81.16
G1 F1500 E321.70392
;MESH:90deg_h40_w80_t36.STL(1)
G0 F15000 X156.724 Y82.025
G0 X158.178 Y97.176
G0 X158.19 Y98.428
G0 X157.324 Y98.428
G1 F1500 E328.20392
G1 F2001.4 X77.724 Y98.428 E331.24856
G1 X77.724 Y98.028 E331.26386
G1 X156.637 Y98.028 E334.28221
G0 F2700 X157.324 Y98.028
G0 X157.324 Y98.428
G0 F15000 X156.724 Y98.428
G1 F1500 E327.78221
;MESH:NONMESH
G0 F300 X156.724 Y98.428 Z3.6
G0 F15000 X156.724 Y97.164
G0 X157.324 Y82.025
G0 X157.324 Y81.16
;TIME_ELAPSED:409.805845
;LAYER:17
;note -- min layer time used
;TYPE:WALL-OUTER
;MESH:90deg_h40_w80_t36.STL
G1 F1500 E334.28221
G1 F2001.4 X77.724 Y81.16 E337.32684
G1 X77.724 Y80.76 E337.34214
G1 X156.637 Y80.76 E340.3605
G0 F2700 X157.324 Y80.76
G0 X157.324 Y81.16
G0 F15000 X156.724 Y81.16
G1 F1500 E333.8605
;MESH:90deg_h40_w80_t36.STL(1)
G0 F15000 X156.724 Y82.025
G0 X158.178 Y97.176
G0 X158.19 Y98.428
G0 X157.324 Y98.428
G1 F1500 E340.3605
G1 F2001.4 X77.724 Y98.428 E343.40513
G1 X77.724 Y98.028 E343.42043
G1 X156.637 Y98.028 E346.43879
G0 F2700 X157.324 Y98.028
G0 X157.324 Y98.428
G0 F15000 X156.724 Y98.428
G1 F1500 E339.93879
;MESH:NONMESH
G0 F300 X156.724 Y98.428 Z3.8
G0 F15000 X156.724 Y97.164
G0 X157.324 Y82.025
G0 X157.324 Y81.16
;TIME_ELAPSED:421.778665
;LAYER:18
;note -- min layer time used
;TYPE:WALL-OUTER
;MESH:90deg_h40_w80_t36.STL
G1 F1500 E346.43879
G1 F2001.4 X77.724 Y81.16 E349.48342
G1 X77.724 Y80.76 E349.49872
G1 X156.637 Y80.76 E352.51707
G0 F2700 X157.324 Y80.76
G0 X157.324 Y81.16
G0 F15000 X156.724 Y81.16
G1 F1500 E346.01707
;MESH:90deg_h40_w80_t36.STL(1)
G0 F15000 X156.724 Y82.025
G0 X158.178 Y97.176
G0 X158.19 Y98.428
G0 X157.324 Y98.428
G1 F1500 E352.51707
G1 F2001.4 X77.724 Y98.428 E355.56171
G1 X77.724 Y98.028 E355.57701
G1 X156.637 Y98.028 E358.59536
G0 F2700 X157.324 Y98.028
G0 X157.324 Y98.428
G0 F15000 X156.724 Y98.428
G1 F1500 E352.09536
;MESH:NONMESH
G0 F300 X156.724 Y98.428 Z4
G0 F15000 X156.724 Y97.164
G0 X157.324 Y82.025
G0 X157.324 Y81.16
;TIME_ELAPSED:433.751486
;LAYER:19
;note -- min layer time used
;TYPE:WALL-OUTER
;MESH:90deg_h40_w80_t36.STL
G1 F1500 E358.59536
G1 F2001.4 X77.724 Y81.16 E361.64
G1 X77.724 Y80.76 E361.6553
G1 X156.637 Y80.76 E364.67365
G0 F2700 X157.324 Y80.76
G0 X157.324 Y81.16
G0 F15000 X156.724 Y81.16
G1 F1500 E358.17365
;MESH:90deg_h40_w80_t36.STL(1)
G0 F15000 X156.724 Y82.025
G0 X158.178 Y97.176
G0 X158.19 Y98.428
G0 X157.324 Y98.428
G1 F1500 E364.67365
G1 F2001.4 X77.724 Y98.428 E367.71828
G1 X77.724 Y98.028 E367.73358
G1 X156.637 Y98.028 E370.75194
G0 F2700 X157.324 Y98.028
G0 X157.324 Y98.428
G0 F15000 X156.724 Y98.428
G1 F1500 E364.25194
;MESH:NONMESH
G0 F300 X156.724 Y98.428 Z4.2
G0 F15000 X156.724 Y97.164
G0 X157.324 Y82.025
G0 X157.324 Y81.16
;TIME_ELAPSED:445.724307
;LAYER:20
;note -- min layer time used
;TYPE:WALL-OUTER
;MESH:90deg_h40_w80_t36.STL
G1 F1500 E370.75194
G1 F2001.4 X77.724 Y81.16 E373.79657
G1 X77.724 Y80.76 E373.81187
G1 X156.637 Y80.76 E376.83023
G0 F2700 X157.324 Y80.76
G0 X157.324 Y81.16
G0 F15000 X156.724 Y81.16
G1 F1500 E370.33023
;MESH:90deg_h40_w80_t36.STL(1)
G0 F15000 X156.724 Y82.025
G0 X158.178 Y97.176
G0 X158.19 Y98.428
G0 X157.324 Y98.428
G1 F1500 E376.83023
G1 F2001.4 X77.724 Y98.428 E379.87486
G1 X77.724 Y98.028 E379.89016
G1 X156.637 Y98.028 E382.90851
G0 F2700 X157.324 Y98.028
G0 X157.324 Y98.428
G0 F15000 X156.724 Y98.428
G1 F1500 E376.40851
;MESH:NONMESH
G0 F300 X156.724 Y98.428 Z4.4
G0 F15000 X156.724 Y97.164
G0 X157.324 Y82.025
G0 X157.324 Y81.16
;TIME_ELAPSED:457.697128
;LAYER:21
;note -- min layer time used
;TYPE:WALL-OUTER
;MESH:90deg_h40_w80_t36.STL
G1 F1500 E382.90851
G1 F2001.4 X77.724 Y81.16 E385.95315
G1 X77.724 Y80.76 E385.96845
G1 X156.637 Y80.76 E388.9868
G0 F2700 X157.324 Y80.76
G0 X157.324 Y81.16
G0 F15000 X156.724 Y81.16
G1 F1500 E382.4868
;MESH:90deg_h40_w80_t36.STL(1)
G0 F15000 X156.724 Y82.025
G0 X158.178 Y97.176
G0 X158.19 Y98.428
G0 X157.324 Y98.428
G1 F1500 E388.9868
G1 F2001.4 X77.724 Y98.428 E392.03144
G1 X77.724 Y98.028 E392.04674
G1 X156.637 Y98.028 E395.06509
G0 F2700 X157.324 Y98.028
G0 X157.324 Y98.428
G0 F15000 X156.724 Y98.428
G1 F1500 E388.56509
;MESH:NONMESH
G0 F300 X156.724 Y98.428 Z4.6
G0 F15000 X156.724 Y97.164
G0 X157.324 Y82.025
G0 X157.324 Y81.16
;TIME_ELAPSED:469.669949
;LAYER:22
;note -- min layer time used
;TYPE:WALL-OUTER
;MESH:90deg_h40_w80_t36.STL
G1 F1500 E395.06509
G1 F2001.4 X77.724 Y81.16 E398.10972
G1 X77.724 Y80.76 E398.12502
G1 X156.637 Y80.76 E401.14338
G0 F2700 X157.324 Y80.76
G0 X157.324 Y81.16
G0 F15000 X156.724 Y81.16
G1 F1500 E394.64338
;MESH:90deg_h40_w80_t36.STL(1)
G0 F15000 X156.724 Y82.025
G0 X158.178 Y97.176
G0 X158.19 Y98.428
G0 X157.324 Y98.428
G1 F1500 E401.14338
G1 F2001.4 X77.724 Y98.428 E404.18801
G1 X77.724 Y98.028 E404.20331
G1 X156.637 Y98.028 E407.22167
G0 F2700 X157.324 Y98.028
G0 X157.324 Y98.428
G0 F15000 X156.724 Y98.428
G1 F1500 E400.72167
;MESH:NONMESH
G0 F300 X156.724 Y98.428 Z4.8
G0 F15000 X156.724 Y97.164
G0 X157.324 Y82.025
G0 X157.324 Y81.16
;TIME_ELAPSED:481.642770
;LAYER:23
;note -- min layer time used
;TYPE:WALL-OUTER
;MESH:90deg_h40_w80_t36.STL
G1 F1500 E407.22167
G1 F2001.4 X77.724 Y81.16 E410.2663
G1 X77.724 Y80.76 E410.2816
G1 X156.637 Y80.76 E413.29995
G0 F2700 X157.324 Y80.76
G0 X157.324 Y81.16
G0 F15000 X156.724 Y81.16
G1 F1500 E406.79995
;MESH:90deg_h40_w80_t36.STL(1)
G0 F15000 X156.724 Y82.025
G0 X158.178 Y97.176
G0 X158.19 Y98.428
G0 X157.324 Y98.428
G1 F1500 E413.29995
G1 F2001.4 X77.724 Y98.428 E416.34459
G1 X77.724 Y98.028 E416.35989
G1 X156.637 Y98.028 E419.37824
G0 F2700 X157.324 Y98.028
G0 X157.324 Y98.428
G0 F15000 X156.724 Y98.428
G1 F1500 E412.87824
;MESH:NONMESH
G0 F300 X156.724 Y98.428 Z5
G0 F15000 X156.724 Y97.164
G0 X157.324 Y82.025
G0 X157.324 Y81.16
;TIME_ELAPSED:493.615591
;LAYER:24
;note -- min layer time used
;TYPE:WALL-OUTER
;MESH:90deg_h40_w80_t36.STL
G1 F1500 E419.37824
G1 F2001.4 X77.724 Y81.16 E422.42288
G1 X77.724 Y80.76 E422.43818
G1 X156.637 Y80.76 E425.45653
G0 F2700 X157.324 Y80.76
G0 X157.324 Y81.16
G0 F15000 X156.724 Y81.16
G1 F1500 E418.95653
;MESH:90deg_h40_w80_t36.STL(1)
G0 F15000 X156.724 Y82.025
G0 X158.178 Y97.176
G0 X158.19 Y98.428
G0 X157.324 Y98.428
G1 F1500 E425.45653
G1 F2001.4 X77.724 Y98.428 E428.50116
G1 X77.724 Y98.028 E428.51646
G1 X156.637 Y98.028 E431.53482
G0 F2700 X157.324 Y98.028
G0 X157.324 Y98.428
G0 F15000 X156.724 Y98.428
G1 F1500 E425.03482
;MESH:NONMESH
G0 F300 X156.724 Y98.428 Z5.2
G0 F15000 X156.724 Y97.164
G0 X157.324 Y82.025
G0 X157.324 Y81.16
;TIME_ELAPSED:505.588412
;LAYER:25
;note -- min layer time used
;TYPE:WALL-OUTER
;MESH:90deg_h40_w80_t36.STL
G1 F1500 E431.53482
G1 F2001.4 X77.724 Y81.16 E434.57945
G1 X77.724 Y80.76 E434.59475
G1 X156.637 Y80.76 E437.61311
G0 F2700 X157.324 Y80.76
G0 X157.324 Y81.16
G0 F15000 X156.724 Y81.16
G1 F1500 E431.11311
;MESH:90deg_h40_w80_t36.STL(1)
G0 F15000 X156.724 Y82.025
G0 X158.178 Y97.176
G0 X158.19 Y98.428
G0 X157.324 Y98.428
G1 F1500 E437.61311
G1 F2001.4 X77.724 Y98.428 E440.65774
G1 X77.724 Y98.028 E440.67304
G1 X156.637 Y98.028 E443.69139
G0 F2700 X157.324 Y98.028
G0 X157.324 Y98.428
G0 F15000 X156.724 Y98.428
G1 F1500 E437.19139
;MESH:NONMESH
G0 F300 X156.724 Y98.428 Z5.4
G0 F15000 X156.724 Y97.164
G0 X157.324 Y82.025
G0 X157.324 Y81.16
;TIME_ELAPSED:517.561233
;LAYER:26
;note -- min layer time used
;TYPE:WALL-OUTER
;MESH:90deg_h40_w80_t36.STL
G1 F1500 E443.69139
G1 F2001.4 X77.724 Y81.16 E446.73603
G1 X77.724 Y80.76 E446.75133
G1 X156.637 Y80.76 E449.76968
G0 F2700 X157.324 Y80.76
G0 X157.324 Y81.16
G0 F15000 X156.724 Y81.16
G1 F1500 E443.26968
;MESH:90deg_h40_w80_t36.STL(1)
G0 F15000 X156.724 Y82.025
G0 X158.178 Y97.176
G0 X158.19 Y98.428
G0 X157.324 Y98.428
G1 F1500 E449.76968
G1 F2001.4 X77.724 Y98.428 E452.81432
G1 X77.724 Y98.028 E452.82962
G1 X156.637 Y98.028 E455.84797
G0 F2700 X157.324 Y98.028
G0 X157.324 Y98.428
G0 F15000 X156.724 Y98.428
G1 F1500 E449.34797
;MESH:NONMESH
G0 F300 X156.724 Y98.428 Z5.6
G0 F15000 X156.724 Y97.164
G0 X157.324 Y82.025
G0 X157.324 Y81.16
;TIME_ELAPSED:529.534054
;LAYER:27
;note -- min layer time used
;TYPE:WALL-OUTER
;MESH:90deg_h40_w80_t36.STL
G1 F1500 E455.84797
G1 F2001.4 X77.724 Y81.16 E458.8926
G1 X77.724 Y80.76 E458.9079
G1 X156.637 Y80.76 E461.92626
G0 F2700 X157.324 Y80.76
G0 X157.324 Y81.16
G0 F15000 X156.724 Y81.16
G1 F1500 E455.42626
;MESH:90deg_h40_w80_t36.STL(1)
G0 F15000 X156.724 Y82.025
G0 X158.178 Y97.176
G0 X158.19 Y98.428
G0 X157.324 Y98.428
G1 F1500 E461.92626
G1 F2001.4 X77.724 Y98.428 E464.97089
G1 X77.724 Y98.028 E464.98619
G1 X156.637 Y98.028 E468.00455
G0 F2700 X157.324 Y98.028
G0 X157.324 Y98.428
G0 F15000 X156.724 Y98.428
G1 F1500 E461.50455
;MESH:NONMESH
G0 F300 X156.724 Y98.428 Z5.8
G0 F15000 X156.724 Y97.164
G0 X157.324 Y82.025
G0 X157.324 Y81.16
;TIME_ELAPSED:541.506875
;LAYER:28
;note -- min layer time used
;TYPE:WALL-OUTER
;MESH:90deg_h40_w80_t36.STL
G1 F1500 E468.00455
G1 F2001.4 X77.724 Y81.16 E471.04918
G1 X77.724 Y80.76 E471.06448
G1 X156.637 Y80.76 E474.08284
G0 F2700 X157.324 Y80.76
G0 X157.324 Y81.16
G0 F15000 X156.724 Y81.16
G1 F1500 E467.58284
;MESH:90deg_h40_w80_t36.STL(1)
G0 F15000 X156.724 Y82.025
G0 X158.178 Y97.176
G0 X158.19 Y98.428
G0 X157.324 Y98.428
G1 F1500 E474.08284
G1 F2001.4 X77.724 Y98.428 E477.12747
G1 X77.724 Y98.028 E477.14277
G1 X156.637 Y98.028 E480.16112
G0 F2700 X157.324 Y98.028
G0 X157.324 Y98.428
G0 F15000 X156.724 Y98.428
G1 F1500 E473.66112
;MESH:NONMESH
G0 F300 X156.724 Y98.428 Z6
G0 F15000 X156.724 Y97.164
G0 X157.324 Y82.025
G0 X157.324 Y81.16
;TIME_ELAPSED:553.479696
;LAYER:29
;note -- min layer time used
;TYPE:WALL-OUTER
;MESH:90deg_h40_w80_t36.STL
G1 F1500 E480.16112
G1 F2001.4 X77.724 Y81.16 E483.20576
G1 X77.724 Y80.76 E483.22106
G1 X156.637 Y80.76 E486.23941
G0 F2700 X157.324 Y80.76
G0 X157.324 Y81.16
G0 F15000 X156.724 Y81.16
G1 F1500 E479.73941
;MESH:90deg_h40_w80_t36.STL(1)
G0 F15000 X156.724 Y82.025
G0 X158.178 Y97.176
G0 X158.19 Y98.428
G0 X157.324 Y98.428
G1 F1500 E486.23941
G1 F2001.4 X77.724 Y98.428 E489.28404
G1 X77.724 Y98.028 E489.29934
G1 X156.637 Y98.028 E492.3177
G0 F2700 X157.324 Y98.028
G0 X157.324 Y98.428
G0 F15000 X156.724 Y98.428
G1 F1500 E485.8177
;MESH:NONMESH
G0 F300 X156.724 Y98.428 Z6.2
G0 F15000 X156.724 Y97.164
G0 X157.324 Y82.025
G0 X157.324 Y81.16
;TIME_ELAPSED:565.452517
;LAYER:30
;note -- min layer time used
;TYPE:WALL-OUTER
;MESH:90deg_h40_w80_t36.STL
G1 F1500 E492.3177
G1 F2001.4 X77.724 Y81.16 E495.36233
G1 X77.724 Y80.76 E495.37763
G1 X156.637 Y80.76 E498.39599
G0 F2700 X157.324 Y80.76
G0 X157.324 Y81.16
G0 F15000 X156.724 Y81.16
G1 F1500 E491.89599
;MESH:90deg_h40_w80_t36.STL(1)
G0 F15000 X156.724 Y82.025
G0 X158.178 Y97.176
G0 X158.19 Y98.428
G0 X157.324 Y98.428
G1 F1500 E498.39599
G1 F2001.4 X77.724 Y98.428 E501.44062
G1 X77.724 Y98.028 E501.45592
G1 X156.637 Y98.028 E504.47428
G0 F2700 X157.324 Y98.028
G0 X157.324 Y98.428
G0 F15000 X156.724 Y98.428
G1 F1500 E497.97428
;MESH:NONMESH
G0 F300 X156.724 Y98.428 Z6.4
G0 F15000 X156.724 Y97.164
G0 X157.324 Y82.025
G0 X157.324 Y81.16
;TIME_ELAPSED:577.425338
;LAYER:31
;note -- min layer time used
;TYPE:WALL-OUTER
;MESH:90deg_h40_w80_t36.STL
G1 F1500 E504.47428
G1 F2001.4 X77.724 Y81.16 E507.51891
G1 X77.724 Y80.76 E507.53421
G1 X156.637 Y80.76 E510.55256
G0 F2700 X157.324 Y80.76
G0 X157.324 Y81.16
G0 F15000 X156.724 Y81.16
G1 F1500 E504.05256
;MESH:90deg_h40_w80_t36.STL(1)
G0 F15000 X156.724 Y82.025
G0 X158.178 Y97.176
G0 X158.19 Y98.428
G0 X157.324 Y98.428
G1 F1500 E510.55256
G1 F2001.4 X77.724 Y98.428 E513.5972
G1 X77.724 Y98.028 E513.6125
G1 X156.637 Y98.028 E516.63085
G0 F2700 X157.324 Y98.028
G0 X157.324 Y98.428
G0 F15000 X156.724 Y98.428
G1 F1500 E510.13085
;MESH:NONMESH
G0 F300 X156.724 Y98.428 Z6.6
G0 F15000 X156.724 Y97.164
G0 X157.324 Y82.025
G0 X157.324 Y81.16
;TIME_ELAPSED:589.398159
;LAYER:32
;note -- min layer time used
;TYPE:WALL-OUTER
;MESH:90deg_h40_w80_t36.STL
G1 F1500 E516.63085
G1 F2001.4 X77.724 Y81.16 E519.67548
G1 X77.724 Y80.76 E519.69078
G1 X156.637 Y80.76 E522.70914
G0 F2700 X157.324 Y80.76
G0 X157.324 Y81.16
G0 F15000 X156.724 Y81.16
G1 F1500 E516.20914
;MESH:90deg_h40_w80_t36.STL(1)
G0 F15000 X156.724 Y82.025
G0 X158.178 Y97.176
G0 X158.19 Y98.428
G0 X157.324 Y98.428
G1 F1500 E522.70914
G1 F2001.4 X77.724 Y98.428 E525.75377
G1 X77.724 Y98.028 E525.76907
G1 X156.637 Y98.028 E528.78743
G0 F2700 X157.324 Y98.028
G0 X157.324 Y98.428
G0 F15000 X156.724 Y98.428
G1 F1500 E522.28743
;MESH:NONMESH
G0 F300 X156.724 Y98.428 Z6.8
G0 F15000 X156.724 Y97.164
G0 X157.324 Y82.025
G0 X157.324 Y81.16
;TIME_ELAPSED:601.370980
;LAYER:33
;note -- min layer time used
;TYPE:WALL-OUTER
;MESH:90deg_h40_w80_t36.STL
G1 F1500 E528.78743
G1 F2001.4 X77.724 Y81.16 E531.83206
G1 X77.724 Y80.76 E531.84736
G1 X156.637 Y80.76 E534.86572
G0 F2700 X157.324 Y80.76
G0 X157.324 Y81.16
G0 F15000 X156.724 Y81.16
G1 F1500 E528.36572
;MESH:90deg_h40_w80_t36.STL(1)
G0 F15000 X156.724 Y82.025
G0 X158.178 Y97.176
G0 X158.19 Y98.428
G0 X157.324 Y98.428
G1 F1500 E534.86572
G1 F2001.4 X77.724 Y98.428 E537.91035
G1 X77.724 Y98.028 E537.92565
G1 X156.637 Y98.028 E540.944
G0 F2700 X157.324 Y98.028
G0 X157.324 Y98.428
G0 F15000 X156.724 Y98.428
G1 F1500 E534.444
;MESH:NONMESH
G0 F300 X156.724 Y98.428 Z7
G0 F15000 X156.724 Y97.164
G0 X157.324 Y82.025
G0 X157.324 Y81.16
;TIME_ELAPSED:613.343800
;LAYER:34
;note -- min layer time used
;TYPE:WALL-OUTER
;MESH:90deg_h40_w80_t36.STL
G1 F1500 E540.944
G1 F2001.4 X77.724 Y81.16 E543.98864
G1 X77.724 Y80.76 E544.00394
G1 X156.637 Y80.76 E547.02229
G0 F2700 X157.324 Y80.76
G0 X157.324 Y81.16
G0 F15000 X156.724 Y81.16
G1 F1500 E540.52229
;MESH:90deg_h40_w80_t36.STL(1)
G0 F15000 X156.724 Y82.025
G0 X158.178 Y97.176
G0 X158.19 Y98.428
G0 X157.324 Y98.428
G1 F1500 E547.02229
G1 F2001.4 X77.724 Y98.428 E550.06692
G1 X77.724 Y98.028 E550.08222
G1 X156.637 Y98.028 E553.10058
G0 F2700 X157.324 Y98.028
G0 X157.324 Y98.428
G0 F15000 X156.724 Y98.428
G1 F1500 E546.60058
;MESH:NONMESH
G0 F300 X156.724 Y98.428 Z7.2
G0 F15000 X156.724 Y97.164
G0 X157.324 Y82.025
G0 X157.324 Y81.16
;TIME_ELAPSED:625.316621
;LAYER:35
;note -- min layer time used
;TYPE:WALL-OUTER
;MESH:90deg_h40_w80_t36.STL
G1 F1500 E553.10058
G1 F2001.4 X77.724 Y81.16 E556.14521
G1 X77.724 Y80.76 E556.16051
G1 X156.637 Y80.76 E559.17887
G0 F2700 X157.324 Y80.76
G0 X157.324 Y81.16
G0 F15000 X156.724 Y81.16
G1 F1500 E552.67887
;MESH:90deg_h40_w80_t36.STL(1)
G0 F15000 X156.724 Y82.025
G0 X158.178 Y97.176
G0 X158.19 Y98.428
G0 X157.324 Y98.428
G1 F1500 E559.17887
G1 F2001.4 X77.724 Y98.428 E562.2235
G1 X77.724 Y98.028 E562.2388
G1 X156.637 Y98.028 E565.25716
G0 F2700 X157.324 Y98.028
G0 X157.324 Y98.428
G0 F15000 X156.724 Y98.428
G1 F1500 E558.75716
;MESH:NONMESH
G0 F300 X156.724 Y98.428 Z7.4
G0 F15000 X156.724 Y97.164
G0 X157.324 Y82.025
G0 X157.324 Y81.16
;TIME_ELAPSED:637.289442
;LAYER:36
;note -- min layer time used
;TYPE:WALL-OUTER
;MESH:90deg_h40_w80_t36.STL
G1 F1500 E565.25716
G1 F2001.4 X77.724 Y81.16 E568.30179
G1 X77.724 Y80.76 E568.31709
G1 X156.637 Y80.76 E571.33544
G0 F2700 X157.324 Y80.76
G0 X157.324 Y81.16
G0 F15000 X156.724 Y81.16
G1 F1500 E564.83544
;MESH:90deg_h40_w80_t36.STL(1)
G0 F15000 X156.724 Y82.025
G0 X158.178 Y97.176
G0 X158.19 Y98.428
G0 X157.324 Y98.428
G1 F1500 E571.33544
G1 F2001.4 X77.724 Y98.428 E574.38008
G1 X77.724 Y98.028 E574.39538
G1 X156.637 Y98.028 E577.41373
G0 F2700 X157.324 Y98.028
G0 X157.324 Y98.428
G0 F15000 X156.724 Y98.428
G1 F1500 E570.91373
;MESH:NONMESH
G0 F300 X156.724 Y98.428 Z7.6
G0 F15000 X156.724 Y97.164
G0 X157.324 Y82.025
G0 X157.324 Y81.16
;TIME_ELAPSED:649.262263
;LAYER:37
;note -- min layer time used
;TYPE:WALL-OUTER
;MESH:90deg_h40_w80_t36.STL
G1 F1500 E577.41373
G1 F2001.4 X77.724 Y81.16 E580.45836
G1 X77.724 Y80.76 E580.47366
G1 X156.637 Y80.76 E583.49202
G0 F2700 X157.324 Y80.76
G0 X157.324 Y81.16
G0 F15000 X156.724 Y81.16
G1 F1500 E576.99202
;MESH:90deg_h40_w80_t36.STL(1)
G0 F15000 X156.724 Y82.025
G0 X158.178 Y97.176
G0 X158.19 Y98.428
G0 X157.324 Y98.428
G1 F1500 E583.49202
G1 F2001.4 X77.724 Y98.428 E586.53665
G1 X77.724 Y98.028 E586.55195
G1 X156.637 Y98.028 E589.57031
G0 F2700 X157.324 Y98.028
G0 X157.324 Y98.428
G0 F15000 X156.724 Y98.428
G1 F1500 E583.07031
;MESH:NONMESH
G0 F300 X156.724 Y98.428 Z7.8
G0 F15000 X156.724 Y97.164
G0 X157.324 Y82.025
G0 X157.324 Y81.16
;TIME_ELAPSED:661.235084
;LAYER:38
;note -- min layer time used
;TYPE:WALL-OUTER
;MESH:90deg_h40_w80_t36.STL
G1 F1500 E589.57031
G1 F2001.4 X77.724 Y81.16 E592.61494
G1 X77.724 Y80.76 E592.63024
G1 X156.637 Y80.76 E595.6486
G0 F2700 X157.324 Y80.76
G0 X157.324 Y81.16
G0 F15000 X156.724 Y81.16
G1 F1500 E589.1486
;MESH:90deg_h40_w80_t36.STL(1)
G0 F15000 X156.724 Y82.025
G0 X158.178 Y97.176
G0 X158.19 Y98.428
G0 X157.324 Y98.428
G1 F1500 E595.6486
G1 F2001.4 X77.724 Y98.428 E598.69323
G1 X77.724 Y98.028 E598.70853
G1 X156.637 Y98.028 E601.72688
G0 F2700 X157.324 Y98.028
G0 X157.324 Y98.428
G0 F15000 X156.724 Y98.428
G1 F1500 E595.22688
;MESH:NONMESH
G0 F300 X156.724 Y98.428 Z8
G0 F15000 X156.724 Y97.164
G0 X157.324 Y82.025
G0 X157.324 Y81.16
;TIME_ELAPSED:673.207905
;LAYER:39
;note -- min layer time used
;TYPE:WALL-OUTER
;MESH:90deg_h40_w80_t36.STL
G1 F1500 E601.72688
G1 F2001.4 X77.724 Y81.16 E604.77152
G1 X77.724 Y80.76 E604.78682
G1 X156.637 Y80.76 E607.80517
G0 F2700 X157.324 Y80.76
G0 X157.324 Y81.16
G0 F15000 X156.724 Y81.16
G1 F1500 E601.30517
;MESH:90deg_h40_w80_t36.STL(1)
G0 F15000 X156.724 Y82.025
G0 X158.178 Y97.176
G0 X158.19 Y98.428
G0 X157.324 Y98.428
G1 F1500 E607.80517
G1 F2001.4 X77.724 Y98.428 E610.8498
G1 X77.724 Y98.028 E610.8651
G1 X156.637 Y98.028 E613.88346
G0 F2700 X157.324 Y98.028
G0 X157.324 Y98.428
G0 F15000 X156.724 Y98.428
G1 F1500 E607.38346
;MESH:NONMESH
G0 F300 X156.724 Y98.428 Z8.2
G0 F15000 X156.724 Y97.164
G0 X157.324 Y82.025
G0 X157.324 Y81.16
;TIME_ELAPSED:685.180726
;LAYER:40
;note -- min layer time used
;TYPE:WALL-OUTER
;MESH:90deg_h40_w80_t36.STL
G1 F1500 E613.88346
G1 F2001.4 X77.724 Y81.16 E616.92809
G1 X77.724 Y80.76 E616.94339
G1 X156.637 Y80.76 E619.96175
G0 F2700 X157.324 Y80.76
G0 X157.324 Y81.16
G0 F15000 X156.724 Y81.16
G1 F1500 E613.46175
;MESH:90deg_h40_w80_t36.STL(1)
G0 F15000 X156.724 Y82.025
G0 X158.178 Y97.176
G0 X158.19 Y98.428
G0 X157.324 Y98.428
G1 F1500 E619.96175
G1 F2001.4 X77.724 Y98.428 E623.00638
G1 X77.724 Y98.028 E623.02168
G1 X156.637 Y98.028 E626.04004
G0 F2700 X157.324 Y98.028
G0 X157.324 Y98.428
G0 F15000 X156.724 Y98.428
G1 F1500 E619.54004
;MESH:NONMESH
G0 F300 X156.724 Y98.428 Z8.4
G0 F15000 X156.724 Y97.164
G0 X157.324 Y82.025
G0 X157.324 Y81.16
;TIME_ELAPSED:697.153547
;LAYER:41
;note -- min layer time used
;TYPE:WALL-OUTER
;MESH:90deg_h40_w80_t36.STL
G1 F1500 E626.04004
G1 F2001.4 X77.724 Y81.16 E629.08467
G1 X77.724 Y80.76 E629.09997
G1 X156.637 Y80.76 E632.11832
G0 F2700 X157.324 Y80.76
G0 X157.324 Y81.16
G0 F15000 X156.724 Y81.16
G1 F1500 E625.61832
;MESH:90deg_h40_w80_t36.STL(1)
G0 F15000 X156.724 Y82.025
G0 X158.178 Y97.176
G0 X158.19 Y98.428
G0 X157.324 Y98.428
G1 F1500 E632.11832
G1 F2001.4 X77.724 Y98.428 E635.16296
G1 X77.724 Y98.028 E635.17826
G1 X156.637 Y98.028 E638.19661
G0 F2700 X157.324 Y98.028
G0 X157.324 Y98.428
G0 F15000 X156.724 Y98.428
G1 F1500 E631.69661
;MESH:NONMESH
G0 F300 X156.724 Y98.428 Z8.6
G0 F15000 X156.724 Y97.164
G0 X157.324 Y82.025
G0 X157.324 Y81.16
;TIME_ELAPSED:709.126368
;LAYER:42
;note -- min layer time used
;TYPE:WALL-OUTER
;MESH:90deg_h40_w80_t36.STL
G1 F1500 E638.19661
G1 F2001.4 X77.724 Y81.16 E641.24124
G1 X77.724 Y80.76 E641.25654
G1 X156.637 Y80.76 E644.2749
G0 F2700 X157.324 Y80.76
G0 X157.324 Y81.16
G0 F15000 X156.724 Y81.16
G1 F1500 E637.7749
;MESH:90deg_h40_w80_t36.STL(1)
G0 F15000 X156.724 Y82.025
G0 X158.178 Y97.176
G0 X158.19 Y98.428
G0 X157.324 Y98.428
G1 F1500 E644.2749
G1 F2001.4 X77.724 Y98.428 E647.31953
G1 X77.724 Y98.028 E647.33483
G1 X156.637 Y98.028 E650.35319
G0 F2700 X157.324 Y98.028
G0 X157.324 Y98.428
G0 F15000 X156.724 Y98.428
G1 F1500 E643.85319
;MESH:NONMESH
G0 F300 X156.724 Y98.428 Z8.8
G0 F15000 X156.724 Y97.164
G0 X157.324 Y82.025
G0 X157.324 Y81.16
;TIME_ELAPSED:721.099189
;LAYER:43
;note -- min layer time used
;TYPE:WALL-OUTER
;MESH:90deg_h40_w80_t36.STL
G1 F1500 E650.35319
G1 F2001.4 X77.724 Y81.16 E653.39782
G1 X77.724 Y80.76 E653.41312
G1 X156.637 Y80.76 E656.43148
G0 F2700 X157.324 Y80.76
G0 X157.324 Y81.16
G0 F15000 X156.724 Y81.16
G1 F1500 E649.93148
;MESH:90deg_h40_w80_t36.STL(1)
G0 F15000 X156.724 Y82.025
G0 X158.178 Y97.176
G0 X158.19 Y98.428
G0 X157.324 Y98.428
G1 F1500 E656.43148
G1 F2001.4 X77.724 Y98.428 E659.47611
G1 X77.724 Y98.028 E659.49141
G1 X156.637 Y98.028 E662.50976
G0 F2700 X157.324 Y98.028
G0 X157.324 Y98.428
G0 F15000 X156.724 Y98.428
G1 F1500 E656.00976
;MESH:NONMESH
G0 F300 X156.724 Y98.428 Z9
G0 F15000 X156.724 Y97.164
G0 X157.324 Y82.025
G0 X157.324 Y81.16
;TIME_ELAPSED:733.072010
;LAYER:44
;note -- min layer time used
;TYPE:WALL-OUTER
;MESH:90deg_h40_w80_t36.STL
G1 F1500 E662.50976
G1 F2001.4 X77.724 Y81.16 E665.5544
G1 X77.724 Y80.76 E665.5697
G1 X156.637 Y80.76 E668.58805
G0 F2700 X157.324 Y80.76
G0 X157.324 Y81.16
G0 F15000 X156.724 Y81.16
G1 F1500 E662.08805
;MESH:90deg_h40_w80_t36.STL(1)
G0 F15000 X156.724 Y82.025
G0 X158.178 Y97.176
G0 X158.19 Y98.428
G0 X157.324 Y98.428
G1 F1500 E668.58805
G1 F2001.4 X77.724 Y98.428 E671.63268
G1 X77.724 Y98.028 E671.64798
G1 X156.637 Y98.028 E674.66634
G0 F2700 X157.324 Y98.028
G0 X157.324 Y98.428
G0 F15000 X156.724 Y98.428
G1 F1500 E668.16634
;MESH:NONMESH
G0 F300 X156.724 Y98.428 Z9.2
G0 F15000 X156.724 Y97.164
G0 X157.324 Y82.025
G0 X157.324 Y81.16
;TIME_ELAPSED:745.044831
;LAYER:45
;note -- min layer time used
;TYPE:WALL-OUTER
;MESH:90deg_h40_w80_t36.STL
G1 F1500 E674.66634
G1 F2001.4 X77.724 Y81.16 E677.71097
G1 X77.724 Y80.76 E677.72627
G1 X156.637 Y80.76 E680.74463
G0 F2700 X157.324 Y80.76
G0 X157.324 Y81.16
G0 F15000 X156.724 Y81.16
G1 F1500 E674.24463
;MESH:90deg_h40_w80_t36.STL(1)
G0 F15000 X156.724 Y82.025
G0 X158.178 Y97.176
G0 X158.19 Y98.428
G0 X157.324 Y98.428
G1 F1500 E680.74463
G1 F2001.4 X77.724 Y98.428 E683.78926
G1 X77.724 Y98.028 E683.80456
G1 X156.637 Y98.028 E686.82292
G0 F2700 X157.324 Y98.028
G0 X157.324 Y98.428
G0 F15000 X156.724 Y98.428
G1 F1500 E680.32292
;MESH:NONMESH
G0 F300 X156.724 Y98.428 Z9.4
G0 F15000 X156.724 Y97.164
G0 X157.324 Y82.025
G0 X157.324 Y81.16
;TIME_ELAPSED:757.017652
;LAYER:46
;note -- min layer time used
;TYPE:WALL-OUTER
;MESH:90deg_h40_w80_t36.STL
G1 F1500 E686.82292
G1 F2001.4 X77.724 Y81.16 E689.86755
G1 X77.724 Y80.76 E689.88285
G1 X156.637 Y80.76 E692.9012
G0 F2700 X157.324 Y80.76
G0 X157.324 Y81.16
G0 F15000 X156.724 Y81.16
G1 F1500 E686.4012
;MESH:90deg_h40_w80_t36.STL(1)
G0 F15000 X156.724 Y82.025
G0 X158.178 Y97.176
G0 X158.19 Y98.428
G0 X157.324 Y98.428
G1 F1500 E692.9012
G1 F2001.4 X77.724 Y98.428 E695.94584
G1 X77.724 Y98.028 E695.96114
G1 X156.637 Y98.028 E698.97949
G0 F2700 X157.324 Y98.028
G0 X157.324 Y98.428
G0 F15000 X156.724 Y98.428
G1 F1500 E692.47949
;MESH:NONMESH
G0 F300 X156.724 Y98.428 Z9.6
G0 F15000 X156.724 Y97.164
G0 X157.324 Y82.025
G0 X157.324 Y81.16
;TIME_ELAPSED:768.990473
;LAYER:47
;note -- min layer time used
;TYPE:WALL-OUTER
;MESH:90deg_h40_w80_t36.STL
G1 F1500 E698.97949
G1 F2001.4 X77.724 Y81.16 E702.02412
G1 X77.724 Y80.76 E702.03942
G1 X156.637 Y80.76 E705.05778
G0 F2700 X157.324 Y80.76
G0 X157.324 Y81.16
G0 F15000 X156.724 Y81.16
G1 F1500 E698.55778
;MESH:90deg_h40_w80_t36.STL(1)
G0 F15000 X156.724 Y82.025
G0 X158.178 Y97.176
G0 X158.19 Y98.428
G0 X157.324 Y98.428
G1 F1500 E705.05778
G1 F2001.4 X77.724 Y98.428 E708.10241
G1 X77.724 Y98.028 E708.11771
G1 X156.637 Y98.028 E711.13607
G0 F2700 X157.324 Y98.028
G0 X157.324 Y98.428
G0 F15000 X156.724 Y98.428
G1 F1500 E704.63607
;MESH:NONMESH
G0 F300 X156.724 Y98.428 Z9.8
G0 F15000 X156.724 Y97.164
G0 X157.324 Y82.025
G0 X157.324 Y81.16
;TIME_ELAPSED:780.963294
;LAYER:48
;note -- min layer time used
;TYPE:WALL-OUTER
;MESH:90deg_h40_w80_t36.STL
G1 F1500 E711.13607
G1 F2001.4 X77.724 Y81.16 E714.1807
G1 X77.724 Y80.76 E714.196
G1 X156.637 Y80.76 E717.21436
G0 F2700 X157.324 Y80.76
G0 X157.324 Y81.16
G0 F15000 X156.724 Y81.16
G1 F1500 E710.71436
;MESH:90deg_h40_w80_t36.STL(1)
G0 F15000 X156.724 Y82.025
G0 X158.178 Y97.176
G0 X158.19 Y98.428
G0 X157.324 Y98.428
G1 F1500 E717.21436
G1 F2001.4 X77.724 Y98.428 E720.25899
G1 X77.724 Y98.028 E720.27429
G1 X156.637 Y98.028 E723.29264
G0 F2700 X157.324 Y98.028
G0 X157.324 Y98.428
G0 F15000 X156.724 Y98.428
G1 F1500 E716.79264
;MESH:NONMESH
G0 F300 X156.724 Y98.428 Z10
G0 F15000 X156.724 Y97.164
G0 X157.324 Y82.025
G0 X157.324 Y81.16
;TIME_ELAPSED:792.936115
;LAYER:49
;note -- min layer time used
;TYPE:WALL-OUTER
;MESH:90deg_h40_w80_t36.STL
G1 F1500 E723.29264
G1 F2001.4 X77.724 Y81.16 E726.33728
G1 X77.724 Y80.76 E726.35258
G1 X156.637 Y80.76 E729.37093
G0 F2700 X157.324 Y80.76
G0 X157.324 Y81.16
G0 F15000 X156.724 Y81.16
G1 F1500 E722.87093
;MESH:90deg_h40_w80_t36.STL(1)
G0 F15000 X156.724 Y82.025
G0 X158.178 Y97.176
G0 X158.19 Y98.428
G0 X157.324 Y98.428
G1 F1500 E729.37093
G1 F2001.4 X77.724 Y98.428 E732.41556
G1 X77.724 Y98.028 E732.43086
G1 X156.637 Y98.028 E735.44922
G0 F2700 X157.324 Y98.028
G0 X157.324 Y98.428
G0 F15000 X156.724 Y98.428
G1 F1500 E728.94922
;MESH:NONMESH
G0 F300 X156.724 Y98.428 Z10.2
G0 F15000 X156.724 Y97.164
G0 X157.324 Y82.025
G0 X157.324 Y81.16
;TIME_ELAPSED:804.908935
;LAYER:50
;note -- min layer time used
;TYPE:WALL-OUTER
;MESH:90deg_h40_w80_t36.STL
G1 F1500 E735.44922
G1 F2001.4 X77.724 Y81.16 E738.49385
G1 X77.724 Y80.76 E738.50915
G1 X156.637 Y80.76 E741.52751
G0 F2700 X157.324 Y80.76
G0 X157.324 Y81.16
G0 F15000 X156.724 Y81.16
G1 F1500 E735.02751
;MESH:90deg_h40_w80_t36.STL(1)
G0 F15000 X156.724 Y82.025
G0 X158.178 Y97.176
G0 X158.19 Y98.428
G0 X157.324 Y98.428
G1 F1500 E741.52751
G1 F2001.4 X77.724 Y98.428 E744.57214
G1 X77.724 Y98.028 E744.58744
G1 X156.637 Y98.028 E747.6058
G0 F2700 X157.324 Y98.028
G0 X157.324 Y98.428
G0 F15000 X156.724 Y98.428
G1 F1500 E741.1058
;MESH:NONMESH
G0 F300 X156.724 Y98.428 Z10.4
G0 F15000 X156.724 Y97.164
G0 X157.324 Y82.025
G0 X157.324 Y81.16
;TIME_ELAPSED:816.881756
;LAYER:51
;note -- min layer time used
;TYPE:WALL-OUTER
;MESH:90deg_h40_w80_t36.STL
G1 F1500 E747.6058
G1 F2001.4 X77.724 Y81.16 E750.65043
G1 X77.724 Y80.76 E750.66573
G1 X156.637 Y80.76 E753.68408
G0 F2700 X157.324 Y80.76
G0 X157.324 Y81.16
G0 F15000 X156.724 Y81.16
G1 F1500 E747.18408
;MESH:90deg_h40_w80_t36.STL(1)
G0 F15000 X156.724 Y82.025
G0 X158.178 Y97.176
G0 X158.19 Y98.428
G0 X157.324 Y98.428
G1 F1500 E753.68408
G1 F2001.4 X77.724 Y98.428 E756.72872
G1 X77.724 Y98.028 E756.74402
G1 X156.637 Y98.028 E759.76237
G0 F2700 X157.324 Y98.028
G0 X157.324 Y98.428
G0 F15000 X156.724 Y98.428
G1 F1500 E753.26237
;MESH:NONMESH
G0 F300 X156.724 Y98.428 Z10.6
G0 F15000 X156.724 Y97.164
G0 X157.324 Y82.025
G0 X157.324 Y81.16
;TIME_ELAPSED:828.854577
;LAYER:52
;note -- min layer time used
;TYPE:WALL-OUTER
;MESH:90deg_h40_w80_t36.STL
G1 F1500 E759.76237
G1 F2001.4 X77.724 Y81.16 E762.807
G1 X77.724 Y80.76 E762.8223
G1 X156.637 Y80.76 E765.84066
G0 F2700 X157.324 Y80.76
G0 X157.324 Y81.16
G0 F15000 X156.724 Y81.16
G1 F1500 E759.34066
;MESH:90deg_h40_w80_t36.STL(1)
G0 F15000 X156.724 Y82.025
G0 X158.178 Y97.176
G0 X158.19 Y98.428
G0 X157.324 Y98.428
G1 F1500 E765.84066
G1 F2001.4 X77.724 Y98.428 E768.88529
G1 X77.724 Y98.028 E768.90059
G1 X156.637 Y98.028 E771.91895
G0 F2700 X157.324 Y98.028
G0 X157.324 Y98.428
G0 F15000 X156.724 Y98.428
G1 F1500 E765.41895
;MESH:NONMESH
G0 F300 X156.724 Y98.428 Z10.8
G0 F15000 X156.724 Y97.164
G0 X157.324 Y82.025
G0 X157.324 Y81.16
;TIME_ELAPSED:840.827398
;LAYER:53
;note -- min layer time used
;TYPE:WALL-OUTER
;MESH:90deg_h40_w80_t36.STL
G1 F1500 E771.91895
G1 F2001.4 X77.724 Y81.16 E774.96358
G1 X77.724 Y80.76 E774.97888
G1 X156.637 Y80.76 E777.99724
G0 F2700 X157.324 Y80.76
G0 X157.324 Y81.16
G0 F15000 X156.724 Y81.16
G1 F1500 E771.49724
;MESH:90deg_h40_w80_t36.STL(1)
G0 F15000 X156.724 Y82.025
G0 X158.178 Y97.176
G0 X158.19 Y98.428
G0 X157.324 Y98.428
G1 F1500 E777.99724
G1 F2001.4 X77.724 Y98.428 E781.04187
G1 X77.724 Y98.028 E781.05717
G1 X156.637 Y98.028 E784.07552
G0 F2700 X157.324 Y98.028
G0 X157.324 Y98.428
G0 F15000 X156.724 Y98.428
G1 F1500 E777.57552
;MESH:NONMESH
G0 F300 X156.724 Y98.428 Z11
G0 F15000 X156.724 Y97.164
G0 X157.324 Y82.025
G0 X157.324 Y81.16
;TIME_ELAPSED:852.800219
;LAYER:54
;note -- min layer time used
;TYPE:WALL-OUTER
;MESH:90deg_h40_w80_t36.STL
G1 F1500 E784.07552
G1 F2001.4 X77.724 Y81.16 E787.12016
G1 X77.724 Y80.76 E787.13546
G1 X156.637 Y80.76 E790.15381
G0 F2700 X157.324 Y80.76
G0 X157.324 Y81.16
G0 F15000 X156.724 Y81.16
G1 F1500 E783.65381
;MESH:90deg_h40_w80_t36.STL(1)
G0 F15000 X156.724 Y82.025
G0 X158.178 Y97.176
G0 X158.19 Y98.428
G0 X157.324 Y98.428
G1 F1500 E790.15381
G1 F2001.4 X77.724 Y98.428 E793.19844
G1 X77.724 Y98.028 E793.21374
G1 X156.637 Y98.028 E796.2321
G0 F2700 X157.324 Y98.028
G0 X157.324 Y98.428
G0 F15000 X156.724 Y98.428
G1 F1500 E789.7321
;MESH:NONMESH
G0 F300 X156.724 Y98.428 Z11.2
G0 F15000 X156.724 Y97.164
G0 X157.324 Y82.025
G0 X157.324 Y81.16
;TIME_ELAPSED:864.773040
;LAYER:55
;note -- min layer time used
;TYPE:WALL-OUTER
;MESH:90deg_h40_w80_t36.STL
G1 F1500 E796.2321
G1 F2001.4 X77.724 Y81.16 E799.27673
G1 X77.724 Y80.76 E799.29203
G1 X156.637 Y80.76 E802.31039
G0 F2700 X157.324 Y80.76
G0 X157.324 Y81.16
G0 F15000 X156.724 Y81.16
G1 F1500 E795.81039
;MESH:90deg_h40_w80_t36.STL(1)
G0 F15000 X156.724 Y82.025
G0 X158.178 Y97.176
G0 X158.19 Y98.428
G0 X157.324 Y98.428
G1 F1500 E802.31039
G1 F2001.4 X77.724 Y98.428 E805.35502
G1 X77.724 Y98.028 E805.37032
G1 X156.637 Y98.028 E808.38868
G0 F2700 X157.324 Y98.028
G0 X157.324 Y98.428
G0 F15000 X156.724 Y98.428
G1 F1500 E801.88868
;MESH:NONMESH
G0 F300 X156.724 Y98.428 Z11.4
G0 F15000 X156.724 Y97.164
G0 X157.324 Y82.025
G0 X157.324 Y81.16
;TIME_ELAPSED:876.745861
;LAYER:56
;note -- min layer time used
;TYPE:WALL-OUTER
;MESH:90deg_h40_w80_t36.STL
G1 F1500 E808.38868
G1 F2001.4 X77.724 Y81.16 E811.43331
G1 X77.724 Y80.76 E811.44861
G1 X156.637 Y80.76 E814.46696
G0 F2700 X157.324 Y80.76
G0 X157.324 Y81.16
G0 F15000 X156.724 Y81.16
G1 F1500 E807.96696
;MESH:90deg_h40_w80_t36.STL(1)
G0 F15000 X156.724 Y82.025
G0 X158.178 Y97.176
G0 X158.19 Y98.428
G0 X157.324 Y98.428
G1 F1500 E814.46696
G1 F2001.4 X77.724 Y98.428 E817.5116
G1 X77.724 Y98.028 E817.5269
G1 X156.637 Y98.028 E820.54525
G0 F2700 X157.324 Y98.028
G0 X157.324 Y98.428
G0 F15000 X156.724 Y98.428
G1 F1500 E814.04525
;MESH:NONMESH
G0 F300 X156.724 Y98.428 Z11.6
G0 F15000 X156.724 Y97.164
G0 X157.324 Y82.025
G0 X157.324 Y81.16
;TIME_ELAPSED:888.718682
;LAYER:57
;note -- min layer time used
;TYPE:WALL-OUTER
;MESH:90deg_h40_w80_t36.STL
G1 F1500 E820.54525
G1 F2001.4 X77.724 Y81.16 E823.58988
G1 X77.724 Y80.76 E823.60518
G1 X156.637 Y80.76 E826.62354
G0 F2700 X157.324 Y80.76
G0 X157.324 Y81.16
G0 F15000 X156.724 Y81.16
G1 F1500 E820.12354
;MESH:90deg_h40_w80_t36.STL(1)
G0 F15000 X156.724 Y82.025
G0 X158.178 Y97.176
G0 X158.19 Y98.428
G0 X157.324 Y98.428
G1 F1500 E826.62354
G1 F2001.4 X77.724 Y98.428 E829.66817
G1 X77.724 Y98.028 E829.68347
G1 X156.637 Y98.028 E832.70183
G0 F2700 X157.324 Y98.028
G0 X157.324 Y98.428
G0 F15000 X156.724 Y98.428
G1 F1500 E826.20183
;MESH:NONMESH
G0 F300 X156.724 Y98.428 Z11.8
G0 F15000 X156.724 Y97.164
G0 X157.324 Y82.025
G0 X157.324 Y81.16
;TIME_ELAPSED:900.691503
;LAYER:58
;note -- min layer time used
;TYPE:WALL-OUTER
;MESH:90deg_h40_w80_t36.STL
G1 F1500 E832.70183
G1 F2001.4 X77.724 Y81.16 E835.74646
G1 X77.724 Y80.76 E835.76176
G1 X156.637 Y80.76 E838.78012
G0 F2700 X157.324 Y80.76
G0 X157.324 Y81.16
G0 F15000 X156.724 Y81.16
G1 F1500 E832.28012
;MESH:90deg_h40_w80_t36.STL(1)
G0 F15000 X156.724 Y82.025
G0 X158.178 Y97.176
G0 X158.19 Y98.428
G0 X157.324 Y98.428
G1 F1500 E838.78012
G1 F2001.4 X77.724 Y98.428 E841.82475
G1 X77.724 Y98.028 E841.84005
G1 X156.637 Y98.028 E844.8584
G0 F2700 X157.324 Y98.028
G0 X157.324 Y98.428
G0 F15000 X156.724 Y98.428
G1 F1500 E838.3584
;MESH:NONMESH
G0 F300 X156.724 Y98.428 Z12
G0 F15000 X156.724 Y97.164
G0 X157.324 Y82.025
G0 X157.324 Y81.16
;TIME_ELAPSED:912.664324
;LAYER:59
;note -- min layer time used
;TYPE:WALL-OUTER
;MESH:90deg_h40_w80_t36.STL
G1 F1500 E844.8584
G1 F2001.4 X77.724 Y81.16 E847.90304
G1 X77.724 Y80.76 E847.91834
G1 X156.637 Y80.76 E850.93669
G0 F2700 X157.324 Y80.76
G0 X157.324 Y81.16
G0 F15000 X156.724 Y81.16
G1 F1500 E844.43669
;MESH:90deg_h40_w80_t36.STL(1)
G0 F15000 X156.724 Y82.025
G0 X158.178 Y97.176
G0 X158.19 Y98.428
G0 X157.324 Y98.428
G1 F1500 E850.93669
G1 F2001.4 X77.724 Y98.428 E853.98132
G1 X77.724 Y98.028 E853.99662
G1 X156.637 Y98.028 E857.01498
G0 F2700 X157.324 Y98.028
G0 X157.324 Y98.428
G0 F15000 X156.724 Y98.428
G1 F1500 E850.51498
;MESH:NONMESH
G0 F300 X156.724 Y98.428 Z12.2
G0 F15000 X156.724 Y97.164
G0 X157.324 Y82.025
G0 X157.324 Y81.16
;TIME_ELAPSED:924.637145
;LAYER:60
;note -- min layer time used
;TYPE:WALL-OUTER
;MESH:90deg_h40_w80_t36.STL
G1 F1500 E857.01498
G1 F2001.4 X77.724 Y81.16 E860.05961
G1 X77.724 Y80.76 E860.07491
G1 X156.637 Y80.76 E863.09327
G0 F2700 X157.324 Y80.76
G0 X157.324 Y81.16
G0 F15000 X156.724 Y81.16
G1 F1500 E856.59327
;MESH:90deg_h40_w80_t36.STL(1)
G0 F15000 X156.724 Y82.025
G0 X158.178 Y97.176
G0 X158.19 Y98.428
G0 X157.324 Y98.428
G1 F1500 E863.09327
G1 F2001.4 X77.724 Y98.428 E866.1379
G1 X77.724 Y98.028 E866.1532
G1 X156.637 Y98.028 E869.17156
G0 F2700 X157.324 Y98.028
G0 X157.324 Y98.428
G0 F15000 X156.724 Y98.428
G1 F1500 E862.67156
;MESH:NONMESH
G0 F300 X156.724 Y98.428 Z12.4
G0 F15000 X156.724 Y97.164
G0 X157.324 Y82.025
G0 X157.324 Y81.16
;TIME_ELAPSED:936.609966
;LAYER:61
;note -- min layer time used
;TYPE:WALL-OUTER
;MESH:90deg_h40_w80_t36.STL
G1 F1500 E869.17156
G1 F2001.4 X77.724 Y81.16 E872.21619
G1 X77.724 Y80.76 E872.23149
G1 X156.637 Y80.76 E875.24984
G0 F2700 X157.324 Y80.76
G0 X157.324 Y81.16
G0 F15000 X156.724 Y81.16
G1 F1500 E868.74984
;MESH:90deg_h40_w80_t36.STL(1)
G0 F15000 X156.724 Y82.025
G0 X158.178 Y97.176
G0 X158.19 Y98.428
G0 X157.324 Y98.428
G1 F1500 E875.24984
G1 F2001.4 X77.724 Y98.428 E878.29448
G1 X77.724 Y98.028 E878.30978
G1 X156.637 Y98.028 E881.32813
G0 F2700 X157.324 Y98.028
G0 X157.324 Y98.428
G0 F15000 X156.724 Y98.428
G1 F1500 E874.82813
;MESH:NONMESH
G0 F300 X156.724 Y98.428 Z12.6
G0 F15000 X156.724 Y97.164
G0 X157.324 Y82.025
G0 X157.324 Y81.16
;TIME_ELAPSED:948.582787
;LAYER:62
;note -- min layer time used
;TYPE:WALL-OUTER
;MESH:90deg_h40_w80_t36.STL
G1 F1500 E881.32813
G1 F2001.4 X77.724 Y81.16 E884.37276
G1 X77.724 Y80.76 E884.38806
G1 X156.637 Y80.76 E887.40642
G0 F2700 X157.324 Y80.76
G0 X157.324 Y81.16
G0 F15000 X156.724 Y81.16
G1 F1500 E880.90642
;MESH:90deg_h40_w80_t36.STL(1)
G0 F15000 X156.724 Y82.025
G0 X158.178 Y97.176
G0 X158.19 Y98.428
G0 X157.324 Y98.428
G1 F1500 E887.40642
G1 F2001.4 X77.724 Y98.428 E890.45105
G1 X77.724 Y98.028 E890.46635
G1 X156.637 Y98.028 E893.48471
G0 F2700 X157.324 Y98.028
G0 X157.324 Y98.428
G0 F15000 X156.724 Y98.428
G1 F1500 E886.98471
;MESH:NONMESH
G0 F300 X156.724 Y98.428 Z12.8
G0 F15000 X156.724 Y97.164
G0 X157.324 Y82.025
G0 X157.324 Y81.16
;TIME_ELAPSED:960.555608
;LAYER:63
;note -- min layer time used
;TYPE:WALL-OUTER
;MESH:90deg_h40_w80_t36.STL
G1 F1500 E893.48471
G1 F2001.4 X77.724 Y81.16 E896.52934
G1 X77.724 Y80.76 E896.54464
G1 X156.637 Y80.76 E899.563
G0 F2700 X157.324 Y80.76
G0 X157.324 Y81.16
G0 F15000 X156.724 Y81.16
G1 F1500 E893.063
;MESH:90deg_h40_w80_t36.STL(1)
G0 F15000 X156.724 Y82.025
G0 X158.178 Y97.176
G0 X158.19 Y98.428
G0 X157.324 Y98.428
G1 F1500 E899.563
G1 F2001.4 X77.724 Y98.428 E902.60763
G1 X77.724 Y98.028 E902.62293
G1 X156.637 Y98.028 E905.64128
G0 F2700 X157.324 Y98.028
G0 X157.324 Y98.428
G0 F15000 X156.724 Y98.428
G1 F1500 E899.14128
;MESH:NONMESH
G0 F300 X156.724 Y98.428 Z13
G0 F15000 X156.724 Y97.164
G0 X157.324 Y82.025
G0 X157.324 Y81.16
;TIME_ELAPSED:972.528429
;LAYER:64
;note -- min layer time used
;TYPE:WALL-OUTER
;MESH:90deg_h40_w80_t36.STL
G1 F1500 E905.64128
G1 F2001.4 X77.724 Y81.16 E908.68592
G1 X77.724 Y80.76 E908.70122
G1 X156.637 Y80.76 E911.71957
G0 F2700 X157.324 Y80.76
G0 X157.324 Y81.16
G0 F15000 X156.724 Y81.16
G1 F1500 E905.21957
;MESH:90deg_h40_w80_t36.STL(1)
G0 F15000 X156.724 Y82.025
G0 X158.178 Y97.176
G0 X158.19 Y98.428
G0 X157.324 Y98.428
G1 F1500 E911.71957
G1 F2001.4 X77.724 Y98.428 E914.76421
G1 X77.724 Y98.028 E914.7795
G1 X156.637 Y98.028 E917.79786
G0 F2700 X157.324 Y98.028
G0 X157.324 Y98.428
G0 F15000 X156.724 Y98.428
G1 F1500 E911.29786
;MESH:NONMESH
G0 F300 X156.724 Y98.428 Z13.2
G0 F15000 X156.724 Y97.164
G0 X157.324 Y82.025
G0 X157.324 Y81.16
;TIME_ELAPSED:984.501249
;LAYER:65
;note -- min layer time used
;TYPE:WALL-OUTER
;MESH:90deg_h40_w80_t36.STL
G1 F1500 E917.79786
G1 F2001.4 X77.724 Y81.16 E920.84249
G1 X77.724 Y80.76 E920.85779
G1 X156.637 Y80.76 E923.87615
G0 F2700 X157.324 Y80.76
G0 X157.324 Y81.16
G0 F15000 X156.724 Y81.16
G1 F1500 E917.37615
;MESH:90deg_h40_w80_t36.STL(1)
G0 F15000 X156.724 Y82.025
G0 X158.178 Y97.176
G0 X158.19 Y98.428
G0 X157.324 Y98.428
G1 F1500 E923.87615
G1 F2001.4 X77.724 Y98.428 E926.92078
G1 X77.724 Y98.028 E926.93608
G1 X156.637 Y98.028 E929.95444
G0 F2700 X157.324 Y98.028
G0 X157.324 Y98.428
G0 F15000 X156.724 Y98.428
G1 F1500 E923.45444
;MESH:NONMESH
G0 F300 X156.724 Y98.428 Z13.4
G0 F15000 X156.724 Y97.164
G0 X157.324 Y82.025
G0 X157.324 Y81.16
;TIME_ELAPSED:996.474070
;LAYER:66
;note -- min layer time used
;TYPE:WALL-OUTER
;MESH:90deg_h40_w80_t36.STL
G1 F1500 E929.95444
G1 F2001.4 X77.724 Y81.16 E932.99907
G1 X77.724 Y80.76 E933.01437
G1 X156.637 Y80.76 E936.03272
G0 F2700 X157.324 Y80.76
G0 X157.324 Y81.16
G0 F15000 X156.724 Y81.16
G1 F1500 E929.53272
;MESH:90deg_h40_w80_t36.STL(1)
G0 F15000 X156.724 Y82.025
G0 X158.178 Y97.176
G0 X158.19 Y98.428
G0 X157.324 Y98.428
G1 F1500 E936.03272
G1 F2001.4 X77.724 Y98.428 E939.07736
G1 X77.724 Y98.028 E939.09266
G1 X156.637 Y98.028 E942.11101
G0 F2700 X157.324 Y98.028
G0 X157.324 Y98.428
G0 F15000 X156.724 Y98.428
G1 F1500 E935.61101
;MESH:NONMESH
G0 F300 X156.724 Y98.428 Z13.6
G0 F15000 X156.724 Y97.164
G0 X157.324 Y82.025
G0 X157.324 Y81.16
;TIME_ELAPSED:1008.446891
;LAYER:67
;note -- min layer time used
;TYPE:WALL-OUTER
;MESH:90deg_h40_w80_t36.STL
G1 F1500 E942.11101
G1 F2001.4 X77.724 Y81.16 E945.15565
G1 X77.724 Y80.76 E945.17094
G1 X156.637 Y80.76 E948.1893
G0 F2700 X157.324 Y80.76
G0 X157.324 Y81.16
G0 F15000 X156.724 Y81.16
G1 F1500 E941.6893
;MESH:90deg_h40_w80_t36.STL(1)
G0 F15000 X156.724 Y82.025
G0 X158.178 Y97.176
G0 X158.19 Y98.428
G0 X157.324 Y98.428
G1 F1500 E948.1893
G1 F2001.4 X77.724 Y98.428 E951.23393
G1 X77.724 Y98.028 E951.24923
G1 X156.637 Y98.028 E954.26759
G0 F2700 X157.324 Y98.028
G0 X157.324 Y98.428
G0 F15000 X156.724 Y98.428
G1 F1500 E947.76759
;MESH:NONMESH
G0 F300 X156.724 Y98.428 Z13.8
G0 F15000 X156.724 Y97.164
G0 X157.324 Y82.025
G0 X157.324 Y81.16
;TIME_ELAPSED:1020.419712
;LAYER:68
;note -- min layer time used
;TYPE:WALL-OUTER
;MESH:90deg_h40_w80_t36.STL
G1 F1500 E954.26759
G1 F2001.4 X77.724 Y81.16 E957.31222
G1 X77.724 Y80.76 E957.32752
G1 X156.637 Y80.76 E960.34588
G0 F2700 X157.324 Y80.76
G0 X157.324 Y81.16
G0 F15000 X156.724 Y81.16
G1 F1500 E953.84588
;MESH:90deg_h40_w80_t36.STL(1)
G0 F15000 X156.724 Y82.025
G0 X158.178 Y97.176
G0 X158.19 Y98.428
G0 X157.324 Y98.428
G1 F1500 E960.34588
G1 F2001.4 X77.724 Y98.428 E963.39051
G1 X77.724 Y98.028 E963.40581
G1 X156.637 Y98.028 E966.42416
G0 F2700 X157.324 Y98.028
G0 X157.324 Y98.428
G0 F15000 X156.724 Y98.428
G1 F1500 E959.92416
;MESH:NONMESH
G0 F300 X156.724 Y98.428 Z14
G0 F15000 X156.724 Y97.164
G0 X157.324 Y82.025
G0 X157.324 Y81.16
;TIME_ELAPSED:1032.392533
;LAYER:69
;note -- min layer time used
;TYPE:WALL-OUTER
;MESH:90deg_h40_w80_t36.STL
G1 F1500 E966.42416
G1 F2001.4 X77.724 Y81.16 E969.4688
G1 X77.724 Y80.76 E969.4841
G1 X156.637 Y80.76 E972.50245
G0 F2700 X157.324 Y80.76
G0 X157.324 Y81.16
G0 F15000 X156.724 Y81.16
G1 F1500 E966.00245
;MESH:90deg_h40_w80_t36.STL(1)
G0 F15000 X156.724 Y82.025
G0 X158.178 Y97.176
G0 X158.19 Y98.428
G0 X157.324 Y98.428
G1 F1500 E972.50245
G1 F2001.4 X77.724 Y98.428 E975.54709
G1 X77.724 Y98.028 E975.56238
G1 X156.637 Y98.028 E978.58074
G0 F2700 X157.324 Y98.028
G0 X157.324 Y98.428
G0 F15000 X156.724 Y98.428
G1 F1500 E972.08074
;MESH:NONMESH
G0 F300 X156.724 Y98.428 Z14.2
G0 F15000 X156.724 Y97.164
G0 X157.324 Y82.025
G0 X157.324 Y81.16
;TIME_ELAPSED:1044.365354
;LAYER:70
;note -- min layer time used
;TYPE:WALL-OUTER
;MESH:90deg_h40_w80_t36.STL
G1 F1500 E978.58074
G1 F2001.4 X77.724 Y81.16 E981.62537
G1 X77.724 Y80.76 E981.64067
G1 X156.637 Y80.76 E984.65903
G0 F2700 X157.324 Y80.76
G0 X157.324 Y81.16
G0 F15000 X156.724 Y81.16
G1 F1500 E978.15903
;MESH:90deg_h40_w80_t36.STL(1)
G0 F15000 X156.724 Y82.025
G0 X158.178 Y97.176
G0 X158.19 Y98.428
G0 X157.324 Y98.428
G1 F1500 E984.65903
G1 F2001.4 X77.724 Y98.428 E987.70366
G1 X77.724 Y98.028 E987.71896
G1 X156.637 Y98.028 E990.73732
G0 F2700 X157.324 Y98.028
G0 X157.324 Y98.428
G0 F15000 X156.724 Y98.428
G1 F1500 E984.23732
;MESH:NONMESH
G0 F300 X156.724 Y98.428 Z14.4
G0 F15000 X156.724 Y97.164
G0 X157.324 Y82.025
G0 X157.324 Y81.16
;TIME_ELAPSED:1056.338175
;LAYER:71
;note -- min layer time used
;TYPE:WALL-OUTER
;MESH:90deg_h40_w80_t36.STL
G1 F1500 E990.73732
G1 F2001.4 X77.724 Y81.16 E993.78195
G1 X77.724 Y80.76 E993.79725
G1 X156.637 Y80.76 E996.8156
G0 F2700 X157.324 Y80.76
G0 X157.324 Y81.16
G0 F15000 X156.724 Y81.16
G1 F1500 E990.3156
;MESH:90deg_h40_w80_t36.STL(1)
G0 F15000 X156.724 Y82.025
G0 X158.178 Y97.176
G0 X158.19 Y98.428
G0 X157.324 Y98.428
G1 F1500 E996.8156
G1 F2001.4 X77.724 Y98.428 E999.86024
G1 X77.724 Y98.028 E999.87554
G1 X156.637 Y98.028 E1002.89389
G0 F2700 X157.324 Y98.028
G0 X157.324 Y98.428
G0 F15000 X156.724 Y98.428
G1 F1500 E996.39389
;MESH:NONMESH
G0 F300 X156.724 Y98.428 Z14.6
G0 F15000 X156.724 Y97.164
G0 X157.324 Y82.025
G0 X157.324 Y81.16
;TIME_ELAPSED:1068.310996
;LAYER:72
;note -- min layer time used
;TYPE:WALL-OUTER
;MESH:90deg_h40_w80_t36.STL
G1 F1500 E1002.89389
G1 F2001.4 X77.724 Y81.16 E1005.93853
G1 X77.724 Y80.76 E1005.95382
G1 X156.637 Y80.76 E1008.97218
G0 F2700 X157.324 Y80.76
G0 X157.324 Y81.16
G0 F15000 X156.724 Y81.16
G1 F1500 E1002.47218
;MESH:90deg_h40_w80_t36.STL(1)
G0 F15000 X156.724 Y82.025
G0 X158.178 Y97.176
G0 X158.19 Y98.428
G0 X157.324 Y98.428
G1 F1500 E1008.97218
G1 F2001.4 X77.724 Y98.428 E1012.01681
G1 X77.724 Y98.028 E1012.03211
G1 X156.637 Y98.028 E1015.05047
G0 F2700 X157.324 Y98.028
G0 X157.324 Y98.428
G0 F15000 X156.724 Y98.428
G1 F1500 E1008.55047
;MESH:NONMESH
G0 F300 X156.724 Y98.428 Z14.8
G0 F15000 X156.724 Y97.164
G0 X157.324 Y82.025
G0 X157.324 Y81.16
;TIME_ELAPSED:1080.283817
;LAYER:73
;note -- min layer time used
;TYPE:WALL-OUTER
;MESH:90deg_h40_w80_t36.STL
G1 F1500 E1015.05047
G1 F2001.4 X77.724 Y81.16 E1018.0951
G1 X77.724 Y80.76 E1018.1104
G1 X156.637 Y80.76 E1021.12876
G0 F2700 X157.324 Y80.76
G0 X157.324 Y81.16
G0 F15000 X156.724 Y81.16
G1 F1500 E1014.62876
;MESH:90deg_h40_w80_t36.STL(1)
G0 F15000 X156.724 Y82.025
G0 X158.178 Y97.176
G0 X158.19 Y98.428
G0 X157.324 Y98.428
G1 F1500 E1021.12876
G1 F2001.4 X77.724 Y98.428 E1024.17339
G1 X77.724 Y98.028 E1024.18869
G1 X156.637 Y98.028 E1027.20704
G0 F2700 X157.324 Y98.028
G0 X157.324 Y98.428
G0 F15000 X156.724 Y98.428
G1 F1500 E1020.70704
;MESH:NONMESH
G0 F300 X156.724 Y98.428 Z15
G0 F15000 X156.724 Y97.164
G0 X157.324 Y82.025
G0 X157.324 Y81.16
;TIME_ELAPSED:1092.256638
;LAYER:74
;note -- min layer time used
;TYPE:WALL-OUTER
;MESH:90deg_h40_w80_t36.STL
G1 F1500 E1027.20704
G1 F2001.4 X77.724 Y81.16 E1030.25168
G1 X77.724 Y80.76 E1030.26698
G1 X156.637 Y80.76 E1033.28533
G0 F2700 X157.324 Y80.76
G0 X157.324 Y81.16
G0 F15000 X156.724 Y81.16
G1 F1500 E1026.78533
;MESH:90deg_h40_w80_t36.STL(1)
G0 F15000 X156.724 Y82.025
G0 X158.178 Y97.176
G0 X158.19 Y98.428
G0 X157.324 Y98.428
G1 F1500 E1033.28533
G1 F2001.4 X77.724 Y98.428 E1036.32997
G1 X77.724 Y98.028 E1036.34526
G1 X156.637 Y98.028 E1039.36362
G0 F2700 X157.324 Y98.028
G0 X157.324 Y98.428
G0 F15000 X156.724 Y98.428
G1 F1500 E1032.86362
;MESH:NONMESH
G0 F300 X156.724 Y98.428 Z15.2
G0 F15000 X156.724 Y97.164
G0 X157.324 Y82.025
G0 X157.324 Y81.16
;TIME_ELAPSED:1104.229459
;LAYER:75
;note -- min layer time used
;TYPE:WALL-OUTER
;MESH:90deg_h40_w80_t36.STL
G1 F1500 E1039.36362
G1 F2001.4 X77.724 Y81.16 E1042.40825
G1 X77.724 Y80.76 E1042.42355
G1 X156.637 Y80.76 E1045.44191
G0 F2700 X157.324 Y80.76
G0 X157.324 Y81.16
G0 F15000 X156.724 Y81.16
G1 F1500 E1038.94191
;MESH:90deg_h40_w80_t36.STL(1)
G0 F15000 X156.724 Y82.025
G0 X158.178 Y97.176
G0 X158.19 Y98.428
G0 X157.324 Y98.428
G1 F1500 E1045.44191
G1 F2001.4 X77.724 Y98.428 E1048.48654
G1 X77.724 Y98.028 E1048.50184
G1 X156.637 Y98.028 E1051.5202
G0 F2700 X157.324 Y98.028
G0 X157.324 Y98.428
G0 F15000 X156.724 Y98.428
G1 F1500 E1045.0202
;MESH:NONMESH
G0 F300 X156.724 Y98.428 Z15.4
G0 F15000 X156.724 Y97.164
G0 X157.324 Y82.025
G0 X157.324 Y81.16
;TIME_ELAPSED:1116.202280
;LAYER:76
;note -- min layer time used
;TYPE:WALL-OUTER
;MESH:90deg_h40_w80_t36.STL
G1 F1500 E1051.5202
G1 F2001.4 X77.724 Y81.16 E1054.56483
G1 X77.724 Y80.76 E1054.58013
G1 X156.637 Y80.76 E1057.59848
G0 F2700 X157.324 Y80.76
G0 X157.324 Y81.16
G0 F15000 X156.724 Y81.16
G1 F1500 E1051.09848
;MESH:90deg_h40_w80_t36.STL(1)
G0 F15000 X156.724 Y82.025
G0 X158.178 Y97.176
G0 X158.19 Y98.428
G0 X157.324 Y98.428
G1 F1500 E1057.59848
G1 F2001.4 X77.724 Y98.428 E1060.64312
G1 X77.724 Y98.028 E1060.65842
G1 X156.637 Y98.028 E1063.67677
G0 F2700 X157.324 Y98.028
G0 X157.324 Y98.428
G0 F15000 X156.724 Y98.428
G1 F1500 E1057.17677
;MESH:NONMESH
G0 F300 X156.724 Y98.428 Z15.6
G0 F15000 X156.724 Y97.164
G0 X157.324 Y82.025
G0 X157.324 Y81.16
;TIME_ELAPSED:1128.175101
;LAYER:77
;note -- min layer time used
;TYPE:WALL-OUTER
;MESH:90deg_h40_w80_t36.STL
G1 F1500 E1063.67677
G1 F2001.4 X77.724 Y81.16 E1066.72141
G1 X77.724 Y80.76 E1066.73671
G1 X156.637 Y80.76 E1069.75506
G0 F2700 X157.324 Y80.76
G0 X157.324 Y81.16
G0 F15000 X156.724 Y81.16
G1 F1500 E1063.25506
;MESH:90deg_h40_w80_t36.STL(1)
G0 F15000 X156.724 Y82.025
G0 X158.178 Y97.176
G0 X158.19 Y98.428
G0 X157.324 Y98.428
G1 F1500 E1069.75506
G1 F2001.4 X77.724 Y98.428 E1072.79969
G1 X77.724 Y98.028 E1072.81499
G1 X156.637 Y98.028 E1075.83335
G0 F2700 X157.324 Y98.028
G0 X157.324 Y98.428
G0 F15000 X156.724 Y98.428
G1 F1500 E1069.33335
;MESH:NONMESH
G0 F300 X156.724 Y98.428 Z15.8
G0 F15000 X156.724 Y97.164
G0 X157.324 Y82.025
G0 X157.324 Y81.16
;TIME_ELAPSED:1140.147922
;LAYER:78
;note -- min layer time used
;TYPE:WALL-OUTER
;MESH:90deg_h40_w80_t36.STL
G1 F1500 E1075.83335
G1 F2001.4 X77.724 Y81.16 E1078.87798
G1 X77.724 Y80.76 E1078.89328
G1 X156.637 Y80.76 E1081.91164
G0 F2700 X157.324 Y80.76
G0 X157.324 Y81.16
G0 F15000 X156.724 Y81.16
G1 F1500 E1075.41164
;MESH:90deg_h40_w80_t36.STL(1)
G0 F15000 X156.724 Y82.025
G0 X158.178 Y97.176
G0 X158.19 Y98.428
G0 X157.324 Y98.428
G1 F1500 E1081.91164
G1 F2001.4 X77.724 Y98.428 E1084.95627
G1 X77.724 Y98.028 E1084.97157
G1 X156.637 Y98.028 E1087.98992
G0 F2700 X157.324 Y98.028
G0 X157.324 Y98.428
G0 F15000 X156.724 Y98.428
G1 F1500 E1081.48992
;MESH:NONMESH
G0 F300 X156.724 Y98.428 Z16
G0 F15000 X156.724 Y97.164
G0 X157.324 Y82.025
G0 X157.324 Y81.16
;TIME_ELAPSED:1152.120743
;LAYER:79
;note -- min layer time used
;TYPE:WALL-OUTER
;MESH:90deg_h40_w80_t36.STL
G1 F1500 E1087.98992
G1 F2001.4 X77.724 Y81.16 E1091.03456
G1 X77.724 Y80.76 E1091.04986
G1 X156.637 Y80.76 E1094.06821
G0 F2700 X157.324 Y80.76
G0 X157.324 Y81.16
G0 F15000 X156.724 Y81.16
G1 F1500 E1087.56821
;MESH:90deg_h40_w80_t36.STL(1)
G0 F15000 X156.724 Y82.025
G0 X158.178 Y97.176
G0 X158.19 Y98.428
G0 X157.324 Y98.428
G1 F1500 E1094.06821
G1 F2001.4 X77.724 Y98.428 E1097.11285
G1 X77.724 Y98.028 E1097.12815
G1 X156.637 Y98.028 E1100.1465
G0 F2700 X157.324 Y98.028
G0 X157.324 Y98.428
G0 F15000 X156.724 Y98.428
G1 F1500 E1093.6465
;MESH:NONMESH
G0 F300 X156.724 Y98.428 Z16.2
G0 F15000 X156.724 Y97.164
G0 X157.324 Y82.025
G0 X157.324 Y81.16
;TIME_ELAPSED:1164.093564
;LAYER:80
;note -- min layer time used
;TYPE:WALL-OUTER
;MESH:90deg_h40_w80_t36.STL
G1 F1500 E1100.1465
G1 F2001.4 X77.724 Y81.16 E1103.19113
G1 X77.724 Y80.76 E1103.20643
G1 X156.637 Y80.76 E1106.22479
G0 F2700 X157.324 Y80.76
G0 X157.324 Y81.16
G0 F15000 X156.724 Y81.16
G1 F1500 E1099.72479
;MESH:90deg_h40_w80_t36.STL(1)
G0 F15000 X156.724 Y82.025
G0 X158.178 Y97.176
G0 X158.19 Y98.428
G0 X157.324 Y98.428
G1 F1500 E1106.22479
G1 F2001.4 X77.724 Y98.428 E1109.26942
G1 X77.724 Y98.028 E1109.28472
G1 X156.637 Y98.028 E1112.30308
G0 F2700 X157.324 Y98.028
G0 X157.324 Y98.428
G0 F15000 X156.724 Y98.428
G1 F1500 E1105.80308
;MESH:NONMESH
G0 F300 X156.724 Y98.428 Z16.4
G0 F15000 X156.724 Y97.164
G0 X157.324 Y82.025
G0 X157.324 Y81.16
;TIME_ELAPSED:1176.066384
;LAYER:81
;note -- min layer time used
;TYPE:WALL-OUTER
;MESH:90deg_h40_w80_t36.STL
G1 F1500 E1112.30308
G1 F2001.4 X77.724 Y81.16 E1115.34771
G1 X77.724 Y80.76 E1115.36301
G1 X156.637 Y80.76 E1118.38136
G0 F2700 X157.324 Y80.76
G0 X157.324 Y81.16
G0 F15000 X156.724 Y81.16
G1 F1500 E1111.88136
;MESH:90deg_h40_w80_t36.STL(1)
G0 F15000 X156.724 Y82.025
G0 X158.178 Y97.176
G0 X158.19 Y98.428
G0 X157.324 Y98.428
G1 F1500 E1118.38136
G1 F2001.4 X77.724 Y98.428 E1121.426
G1 X77.724 Y98.028 E1121.4413
G1 X156.637 Y98.028 E1124.45965
G0 F2700 X157.324 Y98.028
G0 X157.324 Y98.428
G0 F15000 X156.724 Y98.428
G1 F1500 E1117.95965
;MESH:NONMESH
G0 F300 X156.724 Y98.428 Z16.6
G0 F15000 X156.724 Y97.164
G0 X157.324 Y82.025
G0 X157.324 Y81.16
;TIME_ELAPSED:1188.039205
;LAYER:82
;note -- min layer time used
;TYPE:WALL-OUTER
;MESH:90deg_h40_w80_t36.STL
G1 F1500 E1124.45965
G1 F2001.4 X77.724 Y81.16 E1127.50429
G1 X77.724 Y80.76 E1127.51959
G1 X156.637 Y80.76 E1130.53794
G0 F2700 X157.324 Y80.76
G0 X157.324 Y81.16
G0 F15000 X156.724 Y81.16
G1 F1500 E1124.03794
;MESH:90deg_h40_w80_t36.STL(1)
G0 F15000 X156.724 Y82.025
G0 X158.178 Y97.176
G0 X158.19 Y98.428
G0 X157.324 Y98.428
G1 F1500 E1130.53794
G1 F2001.4 X77.724 Y98.428 E1133.58257
G1 X77.724 Y98.028 E1133.59787
G1 X156.637 Y98.028 E1136.61623
G0 F2700 X157.324 Y98.028
G0 X157.324 Y98.428
G0 F15000 X156.724 Y98.428
G1 F1500 E1130.11623
;MESH:NONMESH
G0 F300 X156.724 Y98.428 Z16.8
G0 F15000 X156.724 Y97.164
G0 X157.324 Y82.025
G0 X157.324 Y81.16
;TIME_ELAPSED:1200.012026
;LAYER:83
;note -- min layer time used
;TYPE:WALL-OUTER
;MESH:90deg_h40_w80_t36.STL
G1 F1500 E1136.61623
G1 F2001.4 X77.724 Y81.16 E1139.66086
G1 X77.724 Y80.76 E1139.67616
G1 X156.637 Y80.76 E1142.69452
G0 F2700 X157.324 Y80.76
G0 X157.324 Y81.16
G0 F15000 X156.724 Y81.16
G1 F1500 E1136.19452
;MESH:90deg_h40_w80_t36.STL(1)
G0 F15000 X156.724 Y82.025
G0 X158.178 Y97.176
G0 X158.19 Y98.428
G0 X157.324 Y98.428
G1 F1500 E1142.69452
G1 F2001.4 X77.724 Y98.428 E1145.73915
G1 X77.724 Y98.028 E1145.75445
G1 X156.637 Y98.028 E1148.7728
G0 F2700 X157.324 Y98.028
G0 X157.324 Y98.428
G0 F15000 X156.724 Y98.428
G1 F1500 E1142.2728
;MESH:NONMESH
G0 F300 X156.724 Y98.428 Z17
G0 F15000 X156.724 Y97.164
G0 X157.324 Y82.025
G0 X157.324 Y81.16
;TIME_ELAPSED:1211.984847
;LAYER:84
;note -- min layer time used
;TYPE:WALL-OUTER
;MESH:90deg_h40_w80_t36.STL
G1 F1500 E1148.7728
G1 F2001.4 X77.724 Y81.16 E1151.81744
G1 X77.724 Y80.76 E1151.83274
G1 X156.637 Y80.76 E1154.85109
G0 F2700 X157.324 Y80.76
G0 X157.324 Y81.16
G0 F15000 X156.724 Y81.16
G1 F1500 E1148.35109
;MESH:90deg_h40_w80_t36.STL(1)
G0 F15000 X156.724 Y82.025
G0 X158.178 Y97.176
G0 X158.19 Y98.428
G0 X157.324 Y98.428
G1 F1500 E1154.85109
G1 F2001.4 X77.724 Y98.428 E1157.89573
G1 X77.724 Y98.028 E1157.91103
G1 X156.637 Y98.028 E1160.92938
G0 F2700 X157.324 Y98.028
G0 X157.324 Y98.428
G0 F15000 X156.724 Y98.428
G1 F1500 E1154.42938
;MESH:NONMESH
G0 F300 X156.724 Y98.428 Z17.2
G0 F15000 X156.724 Y97.164
G0 X157.324 Y82.025
G0 X157.324 Y81.16
;TIME_ELAPSED:1223.957668
;LAYER:85
;note -- min layer time used
;TYPE:WALL-OUTER
;MESH:90deg_h40_w80_t36.STL
G1 F1500 E1160.92938
G1 F2001.4 X77.724 Y81.16 E1163.97401
G1 X77.724 Y80.76 E1163.98931
G1 X156.637 Y80.76 E1167.00767
G0 F2700 X157.324 Y80.76
G0 X157.324 Y81.16
G0 F15000 X156.724 Y81.16
G1 F1500 E1160.50767
;MESH:90deg_h40_w80_t36.STL(1)
G0 F15000 X156.724 Y82.025
G0 X158.178 Y97.176
G0 X158.19 Y98.428
G0 X157.324 Y98.428
G1 F1500 E1167.00767
G1 F2001.4 X77.724 Y98.428 E1170.0523
G1 X77.724 Y98.028 E1170.0676
G1 X156.637 Y98.028 E1173.08596
G0 F2700 X157.324 Y98.028
G0 X157.324 Y98.428
G0 F15000 X156.724 Y98.428
G1 F1500 E1166.58596
;MESH:NONMESH
G0 F300 X156.724 Y98.428 Z17.4
G0 F15000 X156.724 Y97.164
G0 X157.324 Y82.025
G0 X157.324 Y81.16
;TIME_ELAPSED:1235.930489
;LAYER:86
;note -- min layer time used
;TYPE:WALL-OUTER
;MESH:90deg_h40_w80_t36.STL
G1 F1500 E1173.08596
G1 F2001.4 X77.724 Y81.16 E1176.13059
G1 X77.724 Y80.76 E1176.14589
G1 X156.637 Y80.76 E1179.16424
G0 F2700 X157.324 Y80.76
G0 X157.324 Y81.16
G0 F15000 X156.724 Y81.16
G1 F1500 E1172.66424
;MESH:90deg_h40_w80_t36.STL(1)
G0 F15000 X156.724 Y82.025
G0 X158.178 Y97.176
G0 X158.19 Y98.428
G0 X157.324 Y98.428
G1 F1500 E1179.16424
G1 F2001.4 X77.724 Y98.428 E1182.20888
G1 X77.724 Y98.028 E1182.22418
G1 X156.637 Y98.028 E1185.24253
G0 F2700 X157.324 Y98.028
G0 X157.324 Y98.428
G0 F15000 X156.724 Y98.428
G1 F1500 E1178.74253
;MESH:NONMESH
G0 F300 X156.724 Y98.428 Z17.6
G0 F15000 X156.724 Y97.164
G0 X157.324 Y82.025
G0 X157.324 Y81.16
;TIME_ELAPSED:1247.903310
;LAYER:87
;note -- min layer time used
;TYPE:WALL-OUTER
;MESH:90deg_h40_w80_t36.STL
G1 F1500 E1185.24253
G1 F2001.4 X77.724 Y81.16 E1188.28717
G1 X77.724 Y80.76 E1188.30247
G1 X156.637 Y80.76 E1191.32082
G0 F2700 X157.324 Y80.76
G0 X157.324 Y81.16
G0 F15000 X156.724 Y81.16
G1 F1500 E1184.82082
;MESH:90deg_h40_w80_t36.STL(1)
G0 F15000 X156.724 Y82.025
G0 X158.178 Y97.176
G0 X158.19 Y98.428
G0 X157.324 Y98.428
G1 F1500 E1191.32082
G1 F2001.4 X77.724 Y98.428 E1194.36545
G1 X77.724 Y98.028 E1194.38075
G1 X156.637 Y98.028 E1197.39911
G0 F2700 X157.324 Y98.028
G0 X157.324 Y98.428
G0 F15000 X156.724 Y98.428
G1 F1500 E1190.89911
;MESH:NONMESH
G0 F300 X156.724 Y98.428 Z17.8
G0 F15000 X156.724 Y97.164
G0 X157.324 Y82.025
G0 X157.324 Y81.16
;TIME_ELAPSED:1259.876131
;LAYER:88
;note -- min layer time used
;TYPE:WALL-OUTER
;MESH:90deg_h40_w80_t36.STL
G1 F1500 E1197.39911
G1 F2001.4 X77.724 Y81.16 E1200.44374
G1 X77.724 Y80.76 E1200.45904
G1 X156.637 Y80.76 E1203.4774
G0 F2700 X157.324 Y80.76
G0 X157.324 Y81.16
G0 F15000 X156.724 Y81.16
G1 F1500 E1196.9774
;MESH:90deg_h40_w80_t36.STL(1)
G0 F15000 X156.724 Y82.025
G0 X158.178 Y97.176
G0 X158.19 Y98.428
G0 X157.324 Y98.428
G1 F1500 E1203.4774
G1 F2001.4 X77.724 Y98.428 E1206.52203
G1 X77.724 Y98.028 E1206.53733
G1 X156.637 Y98.028 E1209.55569
G0 F2700 X157.324 Y98.028
G0 X157.324 Y98.428
G0 F15000 X156.724 Y98.428
G1 F1500 E1203.05569
;MESH:NONMESH
G0 F300 X156.724 Y98.428 Z18
G0 F15000 X156.724 Y97.164
G0 X157.324 Y82.025
G0 X157.324 Y81.16
;TIME_ELAPSED:1271.848952
;LAYER:89
;note -- min layer time used
;TYPE:WALL-OUTER
;MESH:90deg_h40_w80_t36.STL
G1 F1500 E1209.55569
G1 F2001.4 X77.724 Y81.16 E1212.60032
G1 X77.724 Y80.76 E1212.61562
G1 X156.637 Y80.76 E1215.63397
G0 F2700 X157.324 Y80.76
G0 X157.324 Y81.16
G0 F15000 X156.724 Y81.16
G1 F1500 E1209.13397
;MESH:90deg_h40_w80_t36.STL(1)
G0 F15000 X156.724 Y82.025
G0 X158.178 Y97.176
G0 X158.19 Y98.428
G0 X157.324 Y98.428
G1 F1500 E1215.63397
G1 F2001.4 X77.724 Y98.428 E1218.67861
G1 X77.724 Y98.028 E1218.69391
G1 X156.637 Y98.028 E1221.71226
G0 F2700 X157.324 Y98.028
G0 X157.324 Y98.428
G0 F15000 X156.724 Y98.428
G1 F1500 E1215.21226
;MESH:NONMESH
G0 F300 X156.724 Y98.428 Z18.2
G0 F15000 X156.724 Y97.164
G0 X157.324 Y82.025
G0 X157.324 Y81.16
;TIME_ELAPSED:1283.821773
;LAYER:90
;note -- min layer time used
;TYPE:WALL-OUTER
;MESH:90deg_h40_w80_t36.STL
G1 F1500 E1221.71226
G1 F2001.4 X77.724 Y81.16 E1224.75689
G1 X77.724 Y80.76 E1224.77219
G1 X156.637 Y80.76 E1227.79055
G0 F2700 X157.324 Y80.76
G0 X157.324 Y81.16
G0 F15000 X156.724 Y81.16
G1 F1500 E1221.29055
;MESH:90deg_h40_w80_t36.STL(1)
G0 F15000 X156.724 Y82.025
G0 X158.178 Y97.176
G0 X158.19 Y98.428
G0 X157.324 Y98.428
G1 F1500 E1227.79055
G1 F2001.4 X77.724 Y98.428 E1230.83518
G1 X77.724 Y98.028 E1230.85048
G1 X156.637 Y98.028 E1233.86884
G0 F2700 X157.324 Y98.028
G0 X157.324 Y98.428
G0 F15000 X156.724 Y98.428
G1 F1500 E1227.36884
;MESH:NONMESH
G0 F300 X156.724 Y98.428 Z18.4
G0 F15000 X156.724 Y97.164
G0 X157.324 Y82.025
G0 X157.324 Y81.16
;TIME_ELAPSED:1295.794594
;LAYER:91
;note -- min layer time used
;TYPE:WALL-OUTER
;MESH:90deg_h40_w80_t36.STL
G1 F1500 E1233.86884
G1 F2001.4 X77.724 Y81.16 E1236.91347
G1 X77.724 Y80.76 E1236.92877
G1 X156.637 Y80.76 E1239.94713
G0 F2700 X157.324 Y80.76
G0 X157.324 Y81.16
G0 F15000 X156.724 Y81.16
G1 F1500 E1233.44713
;MESH:90deg_h40_w80_t36.STL(1)
G0 F15000 X156.724 Y82.025
G0 X158.178 Y97.176
G0 X158.19 Y98.428
G0 X157.324 Y98.428
G1 F1500 E1239.94713
G1 F2001.4 X77.724 Y98.428 E1242.99176
G1 X77.724 Y98.028 E1243.00706
G1 X156.637 Y98.028 E1246.02541
G0 F2700 X157.324 Y98.028
G0 X157.324 Y98.428
G0 F15000 X156.724 Y98.428
G1 F1500 E1239.52541
;MESH:NONMESH
G0 F300 X156.724 Y98.428 Z18.6
G0 F15000 X156.724 Y97.164
G0 X157.324 Y82.025
G0 X157.324 Y81.16
;TIME_ELAPSED:1307.767415
;LAYER:92
;note -- min layer time used
;TYPE:WALL-OUTER
;MESH:90deg_h40_w80_t36.STL
G1 F1500 E1246.02541
G1 F2001.4 X77.724 Y81.16 E1249.07005
G1 X77.724 Y80.76 E1249.08535
G1 X156.637 Y80.76 E1252.1037
G0 F2700 X157.324 Y80.76
G0 X157.324 Y81.16
G0 F15000 X156.724 Y81.16
G1 F1500 E1245.6037
;MESH:90deg_h40_w80_t36.STL(1)
G0 F15000 X156.724 Y82.025
G0 X158.178 Y97.176
G0 X158.19 Y98.428
G0 X157.324 Y98.428
G1 F1500 E1252.1037
G1 F2001.4 X77.724 Y98.428 E1255.14833
G1 X77.724 Y98.028 E1255.16363
G1 X156.637 Y98.028 E1258.18199
G0 F2700 X157.324 Y98.028
G0 X157.324 Y98.428
G0 F15000 X156.724 Y98.428
G1 F1500 E1251.68199
;MESH:NONMESH
G0 F300 X156.724 Y98.428 Z18.8
G0 F15000 X156.724 Y97.164
G0 X157.324 Y82.025
G0 X157.324 Y81.16
;TIME_ELAPSED:1319.740236
;LAYER:93
;note -- min layer time used
;TYPE:WALL-OUTER
;MESH:90deg_h40_w80_t36.STL
G1 F1500 E1258.18199
G1 F2001.4 X77.724 Y81.16 E1261.22662
G1 X77.724 Y80.76 E1261.24192
G1 X156.637 Y80.76 E1264.26028
G0 F2700 X157.324 Y80.76
G0 X157.324 Y81.16
G0 F15000 X156.724 Y81.16
G1 F1500 E1257.76028
;MESH:90deg_h40_w80_t36.STL(1)
G0 F15000 X156.724 Y82.025
G0 X158.178 Y97.176
G0 X158.19 Y98.428
G0 X157.324 Y98.428
G1 F1500 E1264.26028
G1 F2001.4 X77.724 Y98.428 E1267.30491
G1 X77.724 Y98.028 E1267.32021
G1 X156.637 Y98.028 E1270.33857
G0 F2700 X157.324 Y98.028
G0 X157.324 Y98.428
G0 F15000 X156.724 Y98.428
G1 F1500 E1263.83857
;MESH:NONMESH
G0 F300 X156.724 Y98.428 Z19
G0 F15000 X156.724 Y97.164
G0 X157.324 Y82.025
G0 X157.324 Y81.16
;TIME_ELAPSED:1331.713057
;LAYER:94
;note -- min layer time used
;TYPE:WALL-OUTER
;MESH:90deg_h40_w80_t36.STL
G1 F1500 E1270.33857
G1 F2001.4 X77.724 Y81.16 E1273.3832
G1 X77.724 Y80.76 E1273.3985
G1 X156.637 Y80.76 E1276.41685
G0 F2700 X157.324 Y80.76
G0 X157.324 Y81.16
G0 F15000 X156.724 Y81.16
G1 F1500 E1269.91685
;MESH:90deg_h40_w80_t36.STL(1)
G0 F15000 X156.724 Y82.025
G0 X158.178 Y97.176
G0 X158.19 Y98.428
G0 X157.324 Y98.428
G1 F1500 E1276.41685
G1 F2001.4 X77.724 Y98.428 E1279.46149
G1 X77.724 Y98.028 E1279.47679
G1 X156.637 Y98.028 E1282.49514
G0 F2700 X157.324 Y98.028
G0 X157.324 Y98.428
G0 F15000 X156.724 Y98.428
G1 F1500 E1275.99514
;MESH:NONMESH
G0 F300 X156.724 Y98.428 Z19.2
G0 F15000 X156.724 Y97.164
G0 X157.324 Y82.025
G0 X157.324 Y81.16
;TIME_ELAPSED:1343.685878
;LAYER:95
;note -- min layer time used
;TYPE:WALL-OUTER
;MESH:90deg_h40_w80_t36.STL
G1 F1500 E1282.49514
G1 F2001.4 X77.724 Y81.16 E1285.53977
G1 X77.724 Y80.76 E1285.55507
G1 X156.637 Y80.76 E1288.57343
G0 F2700 X157.324 Y80.76
G0 X157.324 Y81.16
G0 F15000 X156.724 Y81.16
G1 F1500 E1282.07343
;MESH:90deg_h40_w80_t36.STL(1)
G0 F15000 X156.724 Y82.025
G0 X158.178 Y97.176
G0 X158.19 Y98.428
G0 X157.324 Y98.428
G1 F1500 E1288.57343
G1 F2001.4 X77.724 Y98.428 E1291.61806
G1 X77.724 Y98.028 E1291.63336
G1 X156.637 Y98.028 E1294.65172
G0 F2700 X157.324 Y98.028
G0 X157.324 Y98.428
G0 F15000 X156.724 Y98.428
G1 F1500 E1288.15172
;MESH:NONMESH
G0 F300 X156.724 Y98.428 Z19.4
G0 F15000 X156.724 Y97.164
G0 X157.324 Y82.025
G0 X157.324 Y81.16
;TIME_ELAPSED:1355.658698
;LAYER:96
;note -- min layer time used
;TYPE:WALL-OUTER
;MESH:90deg_h40_w80_t36.STL
G1 F1500 E1294.65172
G1 F2001.4 X77.724 Y81.16 E1297.69635
G1 X77.724 Y80.76 E1297.71165
G1 X156.637 Y80.76 E1300.73001
G0 F2700 X157.324 Y80.76
G0 X157.324 Y81.16
G0 F15000 X156.724 Y81.16
G1 F1500 E1294.23001
;MESH:90deg_h40_w80_t36.STL(1)
G0 F15000 X156.724 Y82.025
G0 X158.178 Y97.176
G0 X158.19 Y98.428
G0 X157.324 Y98.428
G1 F1500 E1300.73001
G1 F2001.4 X77.724 Y98.428 E1303.77464
G1 X77.724 Y98.028 E1303.78994
G1 X156.637 Y98.028 E1306.80829
G0 F2700 X157.324 Y98.028
G0 X157.324 Y98.428
G0 F15000 X156.724 Y98.428
G1 F1500 E1300.30829
;MESH:NONMESH
G0 F300 X156.724 Y98.428 Z19.6
G0 F15000 X156.724 Y97.164
G0 X157.324 Y82.025
G0 X157.324 Y81.16
;TIME_ELAPSED:1367.631519
;LAYER:97
;note -- min layer time used
;TYPE:WALL-OUTER
;MESH:90deg_h40_w80_t36.STL
G1 F1500 E1306.80829
G1 F2001.4 X77.724 Y81.16 E1309.85293
G1 X77.724 Y80.76 E1309.86823
G1 X156.637 Y80.76 E1312.88658
G0 F2700 X157.324 Y80.76
G0 X157.324 Y81.16
G0 F15000 X156.724 Y81.16
G1 F1500 E1306.38658
;MESH:90deg_h40_w80_t36.STL(1)
G0 F15000 X156.724 Y82.025
G0 X158.178 Y97.176
G0 X158.19 Y98.428
G0 X157.324 Y98.428
G1 F1500 E1312.88658
G1 F2001.4 X77.724 Y98.428 E1315.93121
G1 X77.724 Y98.028 E1315.94651
G1 X156.637 Y98.028 E1318.96487
G0 F2700 X157.324 Y98.028
G0 X157.324 Y98.428
G0 F15000 X156.724 Y98.428
G1 F1500 E1312.46487
;MESH:NONMESH
G0 F300 X156.724 Y98.428 Z19.8
G0 F15000 X156.724 Y97.164
G0 X157.324 Y82.025
G0 X157.324 Y81.16
;TIME_ELAPSED:1379.604340
;LAYER:98
;note -- min layer time used
;TYPE:WALL-OUTER
;MESH:90deg_h40_w80_t36.STL
G1 F1500 E1318.96487
G1 F2001.4 X77.724 Y81.16 E1322.0095
G1 X77.724 Y80.76 E1322.0248
G1 X156.637 Y80.76 E1325.04316
G0 F2700 X157.324 Y80.76
G0 X157.324 Y81.16
G0 F15000 X156.724 Y81.16
G1 F1500 E1318.54316
;MESH:90deg_h40_w80_t36.STL(1)
G0 F15000 X156.724 Y82.025
G0 X158.178 Y97.176
G0 X158.19 Y98.428
G0 X157.324 Y98.428
G1 F1500 E1325.04316
G1 F2001.4 X77.724 Y98.428 E1328.08779
G1 X77.724 Y98.028 E1328.10309
G1 X156.637 Y98.028 E1331.12145
G0 F2700 X157.324 Y98.028
G0 X157.324 Y98.428
G0 F15000 X156.724 Y98.428
G1 F1500 E1324.62145
;MESH:NONMESH
G0 F300 X156.724 Y98.428 Z20
G0 F15000 X156.724 Y97.164
G0 X157.324 Y82.025
G0 X157.324 Y81.16
;TIME_ELAPSED:1391.577161
;LAYER:99
;note -- min layer time used
;TYPE:WALL-OUTER
;MESH:90deg_h40_w80_t36.STL
G1 F1500 E1331.12145
G1 F2001.4 X77.724 Y81.16 E1334.16608
G1 X77.724 Y80.76 E1334.18138
G1 X156.637 Y80.76 E1337.19973
G0 F2700 X157.324 Y80.76
G0 X157.324 Y81.16
G0 F15000 X156.724 Y81.16
G1 F1500 E1330.69973
;MESH:90deg_h40_w80_t36.STL(1)
G0 F15000 X156.724 Y82.025
G0 X158.178 Y97.176
G0 X158.19 Y98.428
G0 X157.324 Y98.428
G1 F1500 E1337.19973
G1 F2001.4 X77.724 Y98.428 E1340.24437
G1 X77.724 Y98.028 E1340.25967
G1 X156.637 Y98.028 E1343.27802
G0 F2700 X157.324 Y98.028
G0 X157.324 Y98.428
G0 F15000 X156.724 Y98.428
G1 F1500 E1336.77802
;MESH:NONMESH
G0 F300 X156.724 Y98.428 Z20.2
G0 F15000 X156.724 Y97.164
G0 X157.324 Y82.025
G0 X157.324 Y81.16
;TIME_ELAPSED:1403.549982
;LAYER:100
;note -- min layer time used
;TYPE:WALL-OUTER
;MESH:90deg_h40_w80_t36.STL
G1 F1500 E1343.27802
G1 F2001.4 X77.724 Y81.16 E1346.32265
G1 X77.724 Y80.76 E1346.33795
G1 X156.637 Y80.76 E1349.35631
G0 F2700 X157.324 Y80.76
G0 X157.324 Y81.16
G0 F15000 X156.724 Y81.16
G1 F1500 E1342.85631
;MESH:90deg_h40_w80_t36.STL(1)
G0 F15000 X156.724 Y82.025
G0 X158.178 Y97.176
G0 X158.19 Y98.428
G0 X157.324 Y98.428
G1 F1500 E1349.35631
G1 F2001.4 X77.724 Y98.428 E1352.40094
G1 X77.724 Y98.028 E1352.41624
G1 X156.637 Y98.028 E1355.4346
G0 F2700 X157.324 Y98.028
G0 X157.324 Y98.428
G0 F15000 X156.724 Y98.428
G1 F1500 E1348.9346
;MESH:NONMESH
G0 F300 X156.724 Y98.428 Z20.4
G0 F15000 X156.724 Y97.164
G0 X157.324 Y82.025
G0 X157.324 Y81.16
;TIME_ELAPSED:1415.522803
;LAYER:101
;note -- min layer time used
;TYPE:WALL-OUTER
;MESH:90deg_h40_w80_t36.STL
G1 F1500 E1355.4346
G1 F2001.4 X77.724 Y81.16 E1358.47923
G1 X77.724 Y80.76 E1358.49453
G1 X156.637 Y80.76 E1361.51289
G0 F2700 X157.324 Y80.76
G0 X157.324 Y81.16
G0 F15000 X156.724 Y81.16
G1 F1500 E1355.01289
;MESH:90deg_h40_w80_t36.STL(1)
G0 F15000 X156.724 Y82.025
G0 X158.178 Y97.176
G0 X158.19 Y98.428
G0 X157.324 Y98.428
G1 F1500 E1361.51289
G1 F2001.4 X77.724 Y98.428 E1364.55752
G1 X77.724 Y98.028 E1364.57282
G1 X156.637 Y98.028 E1367.59117
G0 F2700 X157.324 Y98.028
G0 X157.324 Y98.428
G0 F15000 X156.724 Y98.428
G1 F1500 E1361.09117
;MESH:NONMESH
G0 F300 X156.724 Y98.428 Z20.6
G0 F15000 X156.724 Y97.164
G0 X157.324 Y82.025
G0 X157.324 Y81.16
;TIME_ELAPSED:1427.495624
;LAYER:102
;note -- min layer time used
;TYPE:WALL-OUTER
;MESH:90deg_h40_w80_t36.STL
G1 F1500 E1367.59117
G1 F2001.4 X77.724 Y81.16 E1370.63581
G1 X77.724 Y80.76 E1370.65111
G1 X156.637 Y80.76 E1373.66946
G0 F2700 X157.324 Y80.76
G0 X157.324 Y81.16
G0 F15000 X156.724 Y81.16
G1 F1500 E1367.16946
;MESH:90deg_h40_w80_t36.STL(1)
G0 F15000 X156.724 Y82.025
G0 X158.178 Y97.176
G0 X158.19 Y98.428
G0 X157.324 Y98.428
G1 F1500 E1373.66946
G1 F2001.4 X77.724 Y98.428 E1376.71409
G1 X77.724 Y98.028 E1376.72939
G1 X156.637 Y98.028 E1379.74775
G0 F2700 X157.324 Y98.028
G0 X157.324 Y98.428
G0 F15000 X156.724 Y98.428
G1 F1500 E1373.24775
;MESH:NONMESH
G0 F300 X156.724 Y98.428 Z20.8
G0 F15000 X156.724 Y97.164
G0 X157.324 Y82.025
G0 X157.324 Y81.16
;TIME_ELAPSED:1439.468445
;LAYER:103
;note -- min layer time used
;TYPE:WALL-OUTER
;MESH:90deg_h40_w80_t36.STL
G1 F1500 E1379.74775
G1 F2001.4 X77.724 Y81.16 E1382.79238
G1 X77.724 Y80.76 E1382.80768
G1 X156.637 Y80.76 E1385.82604
G0 F2700 X157.324 Y80.76
G0 X157.324 Y81.16
G0 F15000 X156.724 Y81.16
G1 F1500 E1379.32604
;MESH:90deg_h40_w80_t36.STL(1)
G0 F15000 X156.724 Y82.025
G0 X158.178 Y97.176
G0 X158.19 Y98.428
G0 X157.324 Y98.428
G1 F1500 E1385.82604
G1 F2001.4 X77.724 Y98.428 E1388.87067
G1 X77.724 Y98.028 E1388.88597
G1 X156.637 Y98.028 E1391.90433
G0 F2700 X157.324 Y98.028
G0 X157.324 Y98.428
G0 F15000 X156.724 Y98.428
G1 F1500 E1385.40433
;MESH:NONMESH
G0 F300 X156.724 Y98.428 Z21
G0 F15000 X156.724 Y97.164
G0 X157.324 Y82.025
G0 X157.324 Y81.16
;TIME_ELAPSED:1451.441266
;LAYER:104
;note -- min layer time used
;TYPE:WALL-OUTER
;MESH:90deg_h40_w80_t36.STL
G1 F1500 E1391.90433
G1 F2001.4 X77.724 Y81.16 E1394.94896
G1 X77.724 Y80.76 E1394.96426
G1 X156.637 Y80.76 E1397.98261
G0 F2700 X157.324 Y80.76
G0 X157.324 Y81.16
G0 F15000 X156.724 Y81.16
G1 F1500 E1391.48261
;MESH:90deg_h40_w80_t36.STL(1)
G0 F15000 X156.724 Y82.025
G0 X158.178 Y97.176
G0 X158.19 Y98.428
G0 X157.324 Y98.428
G1 F1500 E1397.98261
G1 F2001.4 X77.724 Y98.428 E1401.02725
G1 X77.724 Y98.028 E1401.04255
G1 X156.637 Y98.028 E1404.0609
G0 F2700 X157.324 Y98.028
G0 X157.324 Y98.428
G0 F15000 X156.724 Y98.428
G1 F1500 E1397.5609
;MESH:NONMESH
G0 F300 X156.724 Y98.428 Z21.2
G0 F15000 X156.724 Y97.164
G0 X157.324 Y82.025
G0 X157.324 Y81.16
;TIME_ELAPSED:1463.414087
;LAYER:105
;note -- min layer time used
;TYPE:WALL-OUTER
;MESH:90deg_h40_w80_t36.STL
G1 F1500 E1404.0609
G1 F2001.4 X77.724 Y81.16 E1407.10553
G1 X77.724 Y80.76 E1407.12083
G1 X156.637 Y80.76 E1410.13919
G0 F2700 X157.324 Y80.76
G0 X157.324 Y81.16
G0 F15000 X156.724 Y81.16
G1 F1500 E1403.63919
;MESH:90deg_h40_w80_t36.STL(1)
G0 F15000 X156.724 Y82.025
G0 X158.178 Y97.176
G0 X158.19 Y98.428
G0 X157.324 Y98.428
G1 F1500 E1410.13919
G1 F2001.4 X77.724 Y98.428 E1413.18382
G1 X77.724 Y98.028 E1413.19912
G1 X156.637 Y98.028 E1416.21748
G0 F2700 X157.324 Y98.028
G0 X157.324 Y98.428
G0 F15000 X156.724 Y98.428
G1 F1500 E1409.71748
;MESH:NONMESH
G0 F300 X156.724 Y98.428 Z21.4
G0 F15000 X156.724 Y97.164
G0 X157.324 Y82.025
G0 X157.324 Y81.16
;TIME_ELAPSED:1475.386908
;LAYER:106
;note -- min layer time used
;TYPE:WALL-OUTER
;MESH:90deg_h40_w80_t36.STL
G1 F1500 E1416.21748
G1 F2001.4 X77.724 Y81.16 E1419.26211
G1 X77.724 Y80.76 E1419.27741
G1 X156.637 Y80.76 E1422.29577
G0 F2700 X157.324 Y80.76
G0 X157.324 Y81.16
G0 F15000 X156.724 Y81.16
G1 F1500 E1415.79577
;MESH:90deg_h40_w80_t36.STL(1)
G0 F15000 X156.724 Y82.025
G0 X158.178 Y97.176
G0 X158.19 Y98.428
G0 X157.324 Y98.428
G1 F1500 E1422.29577
G1 F2001.4 X77.724 Y98.428 E1425.3404
G1 X77.724 Y98.028 E1425.3557
G1 X156.637 Y98.028 E1428.37405
G0 F2700 X157.324 Y98.028
G0 X157.324 Y98.428
G0 F15000 X156.724 Y98.428
G1 F1500 E1421.87405
;MESH:NONMESH
G0 F300 X156.724 Y98.428 Z21.6
G0 F15000 X156.724 Y97.164
G0 X157.324 Y82.025
G0 X157.324 Y81.16
;TIME_ELAPSED:1487.359729
;LAYER:107
;note -- min layer time used
;TYPE:WALL-OUTER
;MESH:90deg_h40_w80_t36.STL
G1 F1500 E1428.37405
G1 F2001.4 X77.724 Y81.16 E1431.41869
G1 X77.724 Y80.76 E1431.43399
G1 X156.637 Y80.76 E1434.45234
G0 F2700 X157.324 Y80.76
G0 X157.324 Y81.16
G0 F15000 X156.724 Y81.16
G1 F1500 E1427.95234
;MESH:90deg_h40_w80_t36.STL(1)
G0 F15000 X156.724 Y82.025
G0 X158.178 Y97.176
G0 X158.19 Y98.428
G0 X157.324 Y98.428
G1 F1500 E1434.45234
G1 F2001.4 X77.724 Y98.428 E1437.49697
G1 X77.724 Y98.028 E1437.51227
G1 X156.637 Y98.028 E1440.53063
G0 F2700 X157.324 Y98.028
G0 X157.324 Y98.428
G0 F15000 X156.724 Y98.428
G1 F1500 E1434.03063
;MESH:NONMESH
G0 F300 X156.724 Y98.428 Z21.8
G0 F15000 X156.724 Y97.164
G0 X157.324 Y82.025
G0 X157.324 Y81.16
;TIME_ELAPSED:1499.332550
;LAYER:108
;note -- min layer time used
;TYPE:WALL-OUTER
;MESH:90deg_h40_w80_t36.STL
G1 F1500 E1440.53063
G1 F2001.4 X77.724 Y81.16 E1443.57526
G1 X77.724 Y80.76 E1443.59056
G1 X156.637 Y80.76 E1446.60892
G0 F2700 X157.324 Y80.76
G0 X157.324 Y81.16
G0 F15000 X156.724 Y81.16
G1 F1500 E1440.10892
;MESH:90deg_h40_w80_t36.STL(1)
G0 F15000 X156.724 Y82.025
G0 X158.178 Y97.176
G0 X158.19 Y98.428
G0 X157.324 Y98.428
G1 F1500 E1446.60892
G1 F2001.4 X77.724 Y98.428 E1449.65355
G1 X77.724 Y98.028 E1449.66885
G1 X156.637 Y98.028 E1452.68721
G0 F2700 X157.324 Y98.028
G0 X157.324 Y98.428
G0 F15000 X156.724 Y98.428
G1 F1500 E1446.18721
;MESH:NONMESH
G0 F300 X156.724 Y98.428 Z22
G0 F15000 X156.724 Y97.164
G0 X157.324 Y82.025
G0 X157.324 Y81.16
;TIME_ELAPSED:1511.305371
;LAYER:109
;note -- min layer time used
;TYPE:WALL-OUTER
;MESH:90deg_h40_w80_t36.STL
G1 F1500 E1452.68721
G1 F2001.4 X77.724 Y81.16 E1455.73184
G1 X77.724 Y80.76 E1455.74714
G1 X156.637 Y80.76 E1458.76549
G0 F2700 X157.324 Y80.76
G0 X157.324 Y81.16
G0 F15000 X156.724 Y81.16
G1 F1500 E1452.26549
;MESH:90deg_h40_w80_t36.STL(1)
G0 F15000 X156.724 Y82.025
G0 X158.178 Y97.176
G0 X158.19 Y98.428
G0 X157.324 Y98.428
G1 F1500 E1458.76549
G1 F2001.4 X77.724 Y98.428 E1461.81013
G1 X77.724 Y98.028 E1461.82543
G1 X156.637 Y98.028 E1464.84378
G0 F2700 X157.324 Y98.028
G0 X157.324 Y98.428
G0 F15000 X156.724 Y98.428
;TIME_ELAPSED:1522.549658
G1 F1500 E1458.34378
M140 S0
M107
G91 ;Relative positioning
G1 E-2 F2700 ;Retract a bit
G1 E-2 Z0.2 F2400 ;Retract and raise Z
G1 X5 Y5 F3000 ;Wipe out
G1 Z10 ;Raise Z more
G90 ;Absolute positioning

G1 X0 Y235 ;Present print
M106 S0 ;Turn-off fan
M104 S0 ;Turn-off hotend
M140 S0 ;Turn-off bed

M84 X Y E ;Disable all steppers but Z

M82 ;absolute extrusion mode
M104 S0
;End of Gcode
;SETTING_3 {"global_quality": "[general]\\nversion = 4\\nname = Standard 0.2 luc
;SETTING_3 \\ndefinition = creality_ender3\\n\\n[metadata]\\ntype = quality_chan
;SETTING_3 ges\\nquality_type = standard\\nsetting_version = 25\\n\\n[values]\\n
;SETTING_3 adhesion_type = brim\\nbridge_settings_enabled = True\\nlayer_height_
;SETTING_3 0 = 0.2\\nraft_smoothing = 2\\nretraction_combing = noskin\\nsupport_
;SETTING_3 enable = True\\nsupport_structure = tree\\nsupport_type = buildplate\
;SETTING_3 \n\\n", "extruder_quality": ["[general]\\nversion = 4\\nname = Standa
;SETTING_3 rd 0.2 luc\\ndefinition = creality_ender3\\n\\n[metadata]\\ntype = qu
;SETTING_3 ality_changes\\nquality_type = standard\\nintent_category = default\\
;SETTING_3 nposition = 0\\nsetting_version = 25\\n\\n[values]\\nalternate_extra_
;SETTING_3 perimeter = False\\nbridge_skin_material_flow = 80\\nbridge_wall_mate
;SETTING_3 rial_flow = 90\\nbrim_inside_margin = 1.5\\nbrim_width = 4.4\\ncoasti
;SETTING_3 ng_enable = True\\ncoasting_volume = 0.1\\ncool_fan_speed = 10\\nhole
;SETTING_3 _xy_offset = 0.1\\ninfill_material_flow = 145.0\\ninfill_overlap = 60
;SETTING_3 \\ninfill_pattern = cubicsubdiv\\nmaterial_print_temperature = 212\\n
;SETTING_3 raft_airgap = 0.26\\nraft_margin = 2\\nretract_at_layer_change = True
;SETTING_3 \\nretraction_hop_enabled = False\\nretraction_hop_only_when_collides
;SETTING_3  = True\\nskin_overlap = 15.0\\nspeed_infill = 45\\nspeed_print = 100
;SETTING_3 \\nsupport_bottom_enable = False\\nsupport_bottom_height = =extruderV
;SETTING_3 alue(support_bottom_extruder_nr, 'support_interface_height')\\nsuppor
;SETTING_3 t_interface_density = 65\\nsupport_interface_height = 0.6\\nsupport_i
;SETTING_3 nterface_material_flow = 105\\nsupport_interface_pattern = zigzag\\ns
;SETTING_3 upport_material_flow = 115\\nsupport_roof_enable = False\\nsupport_tr
;SETTING_3 ee_tip_diameter = 1.2\\nsupport_z_distance = 0.17\\nsupport_z_seam_aw
;SETTING_3 ay_from_model = False\\nsupport_z_seam_min_distance = 1.2\\ntop_botto
;SETTING_3 m_pattern = zigzag\\ntop_bottom_thickness = 2\\nwall_0_wipe_dist = 0.
;SETTING_3 6\\nwall_line_count = 5\\nwall_material_flow = 115\\nxy_offset_layer_
;SETTING_3 0 = -0.02\\nz_seam_corner = z_seam_corner_inner\\nz_seam_type = sharp
;SETTING_3 est_corner\\n\\n"]}
