ISO-10303-21;
HEADER;
FILE_DESCRIPTION (( 'STEP AP214' ),
    '1' );
FILE_NAME ('9054T115_Steel Workbench Top.STEP',
    '2025-10-03T02:02:54',
    ( '' ),
    ( '' ),
    'SwSTEP 2.0',
    'SolidWorks 2024',
    '' );
FILE_SCHEMA (( 'AUTOMOTIVE_DESIGN' ));
ENDSEC;

DATA;
#1 = CARTESIAN_POINT ( 'NONE',  ( -7.484425000000003436, -0.7999999999999946043, -14.53099999999998637 ) ) ;
#2 = DIRECTION ( 'NONE',  ( 1.000000000000000000, 5.463695987328555033E-16, 0.000000000000000000 ) ) ;
#3 = CARTESIAN_POINT ( 'NONE',  ( -11.25002500000000438, -0.5499999999999948264, -14.68749999999999289 ) ) ;
#4 = ORIENTED_EDGE ( 'NONE', *, *, #10985, .T. ) ;
#5 = VECTOR ( 'NONE', #2874, 39.37007874015748143 ) ;
#6 = CIRCLE ( 'NONE', #7516, 0.2559055118110260540 ) ;
#7 = AXIS2_PLACEMENT_3D ( 'NONE', #12967, #3792, #2721 ) ;
#8 = EDGE_LOOP ( 'NONE', ( #5243, #4254, #7712, #5810 ) ) ;
#9 = EDGE_CURVE ( 'NONE', #2967, #3422, #6679, .T. ) ;
#10 = ORIENTED_EDGE ( 'NONE', *, *, #4398, .F. ) ;
#11 = AXIS2_PLACEMENT_3D ( 'NONE', #422, #5604, #4393 ) ;
#12 = DIRECTION ( 'NONE',  ( 0.000000000000000000, -1.000000000000000000, -1.332348806898293597E-16 ) ) ;
#13 = EDGE_CURVE ( 'NONE', #6324, #2904, #6903, .T. ) ;
#14 = CARTESIAN_POINT ( 'NONE',  ( 32.13110000000000355, -0.6953999999999961323, 14.53100000000000058 ) ) ;
#15 = CARTESIAN_POINT ( 'NONE',  ( 21.89092500000000996, -0.5499999999999928280, 14.53100000000000058 ) ) ;
#16 = LINE ( 'NONE', #832, #7877 ) ;
#17 = FACE_OUTER_BOUND ( 'NONE', #6054, .T. ) ;
#18 = CARTESIAN_POINT ( 'NONE',  ( -35.93750000000000000, 0.6187499999999994671, -14.91875000000000462 ) ) ;
#19 = EDGE_CURVE ( 'NONE', #6291, #3483, #4085, .T. ) ;
#20 = AXIS2_PLACEMENT_3D ( 'NONE', #7507, #3679, #4621 ) ;
#21 = CARTESIAN_POINT ( 'NONE',  ( 3.750000000000002220, -0.5499999999999939382, 14.18750000000000533 ) ) ;
#22 = AXIS2_PLACEMENT_3D ( 'NONE', #1307, #4406, #7486 ) ;
#23 = DIRECTION ( 'NONE',  ( -0.000000000000000000, 0.000000000000000000, 1.000000000000000000 ) ) ;
#24 = ORIENTED_EDGE ( 'NONE', *, *, #3990, .F. ) ;
#25 = EDGE_LOOP ( 'NONE', ( #10815, #12214, #2168, #7940 ) ) ;
#26 = ORIENTED_EDGE ( 'NONE', *, *, #12412, .T. ) ;
#27 = VECTOR ( 'NONE', #11204, 39.37007874015748143 ) ;
#28 = ORIENTED_EDGE ( 'NONE', *, *, #12810, .F. ) ;
#29 = DIRECTION ( 'NONE',  ( 0.000000000000000000, 0.000000000000000000, -1.000000000000000000 ) ) ;
#30 = EDGE_LOOP ( 'NONE', ( #1829, #7679, #8344, #9276 ) ) ;
#31 = CARTESIAN_POINT ( 'NONE',  ( -26.09352500000000319, -0.5499999999999958256, -14.34399999999999586 ) ) ;
#32 = CARTESIAN_POINT ( 'NONE',  ( 31.97460000000000235, -0.6953999999999961323, 14.53100000000000058 ) ) ;
#33 = EDGE_CURVE ( 'NONE', #9192, #11985, #11568, .T. ) ;
#34 = CARTESIAN_POINT ( 'NONE',  ( -11.25002500000000794, -0.6953999999999987969, 14.34400000000000652 ) ) ;
#35 = AXIS2_PLACEMENT_3D ( 'NONE', #11766, #10639, #10701 ) ;
#36 = DIRECTION ( 'NONE',  ( 0.000000000000000000, 0.000000000000000000, -1.000000000000000000 ) ) ;
#37 = LINE ( 'NONE', #1181, #12027 ) ;
#38 = CARTESIAN_POINT ( 'NONE',  ( 35.13110000000000355, -0.7999999999999918288, 14.43750000000000178 ) ) ;
#39 = CARTESIAN_POINT ( 'NONE',  ( 35.93750000000000000, -0.7187499999999997780, -14.91875000000000107 ) ) ;
#40 = LINE ( 'NONE', #6231, #4079 ) ;
#41 = AXIS2_PLACEMENT_3D ( 'NONE', #8658, #205, #10472 ) ;
#42 = ORIENTED_EDGE ( 'NONE', *, *, #6929, .F. ) ;
#43 = EDGE_CURVE ( 'NONE', #4274, #11437, #8158, .T. ) ;
#44 = ORIENTED_EDGE ( 'NONE', *, *, #12862, .F. ) ;
#45 = ORIENTED_EDGE ( 'NONE', *, *, #3356, .T. ) ;
#46 = DIRECTION ( 'NONE',  ( 1.240959386601371334E-16, -1.000000000000000000, -0.000000000000000000 ) ) ;
#47 = FACE_BOUND ( 'NONE', #9803, .T. ) ;
#48 = ORIENTED_EDGE ( 'NONE', *, *, #10440, .T. ) ;
#50 = CYLINDRICAL_SURFACE ( 'NONE', #5044, 0.1565000000000003610 ) ;
#49 = VECTOR ( 'NONE', #240, 39.37007874015748143 ) ;
#51 = AXIS2_PLACEMENT_3D ( 'NONE', #3675, #7769, #1785 ) ;
#52 = CARTESIAN_POINT ( 'NONE',  ( 22.23442499999999811, -0.6954000000000041259, 2.512596398514597499E-15 ) ) ;
#53 = FACE_BOUND ( 'NONE', #3799, .T. ) ;
#54 = AXIS2_PLACEMENT_3D ( 'NONE', #3364, #10604, #3497 ) ;
#55 = CARTESIAN_POINT ( 'NONE',  ( 36.02170047244094775, -0.2096999999999985820, 13.74999999999999645 ) ) ;
#56 = DIRECTION ( 'NONE',  ( 0.000000000000000000, 0.000000000000000000, -1.000000000000000000 ) ) ;
#57 = LINE ( 'NONE', #7313, #7959 ) ;
#58 = CARTESIAN_POINT ( 'NONE',  ( -3.593500000000001915, -0.5499999999999943823, 14.53100000000000058 ) ) ;
#59 = ORIENTED_EDGE ( 'NONE', *, *, #630, .T. ) ;
#60 = AXIS2_PLACEMENT_3D ( 'NONE', #2848, #11221, #2042 ) ;
#61 = EDGE_CURVE ( 'NONE', #6330, #8046, #9120, .T. ) ;
#62 = CIRCLE ( 'NONE', #10977, 0.2499999999999986955 ) ;
#63 = VERTEX_POINT ( 'NONE', #11049 ) ;
#64 = EDGE_LOOP ( 'NONE', ( #9274, #12890 ) ) ;
#65 = DIRECTION ( 'NONE',  ( 0.000000000000000000, 2.967464690054594744E-16, -1.000000000000000000 ) ) ;
#66 = ORIENTED_EDGE ( 'NONE', *, *, #6022, .T. ) ;
#67 = EDGE_CURVE ( 'NONE', #9809, #4580, #9865, .T. ) ;
#68 = LINE ( 'NONE', #266, #5806 ) ;
#69 = EDGE_LOOP ( 'NONE', ( #5787, #3743, #12827, #9111 ) ) ;
#70 = FACE_BOUND ( 'NONE', #2068, .T. ) ;
#71 = DIRECTION ( 'NONE',  ( 0.000000000000000000, 0.000000000000000000, -1.000000000000000000 ) ) ;
#72 = FACE_BOUND ( 'NONE', #12876, .T. ) ;
#73 = VECTOR ( 'NONE', #10431, 39.37007874015748143 ) ;
#74 = FACE_OUTER_BOUND ( 'NONE', #10412, .T. ) ;
#75 = VERTEX_POINT ( 'NONE', #10061 ) ;
#76 = ORIENTED_EDGE ( 'NONE', *, *, #5287, .F. ) ;
#77 = CIRCLE ( 'NONE', #7590, 0.1565000000000003610 ) ;
#78 = ORIENTED_EDGE ( 'NONE', *, *, #2281, .F. ) ;
#79 = CARTESIAN_POINT ( 'NONE',  ( 34.89030000000000342, -0.7999999999999994893, 13.78219999999999956 ) ) ;
#80 = CARTESIAN_POINT ( 'NONE',  ( -32.28760000000000474, -0.5499999999999961586, 14.53100000000000058 ) ) ;
#81 = DIRECTION ( 'NONE',  ( 0.000000000000000000, 0.000000000000000000, -1.000000000000000000 ) ) ;
#82 = EDGE_CURVE ( 'NONE', #3729, #1404, #4964, .T. ) ;
#83 = CARTESIAN_POINT ( 'NONE',  ( -21.48442499999999811, 0.7000000000000407008, -12.43750000000001066 ) ) ;
#84 = CARTESIAN_POINT ( 'NONE',  ( 22.57817500000000166, -0.5895000000000039098, 14.79687500000000000 ) ) ;
#85 = CARTESIAN_POINT ( 'NONE',  ( 21.73442499999999100, -0.4299000000000040012, 14.42187500000000178 ) ) ;
#86 = CARTESIAN_POINT ( 'NONE',  ( 32.13110000000000355, -0.7999999999999921618, 14.34400000000000652 ) ) ;
#87 = EDGE_CURVE ( 'NONE', #8755, #6068, #10387, .T. ) ;
#88 = DIRECTION ( 'NONE',  ( 1.000000000000000000, -0.000000000000000000, 0.000000000000000000 ) ) ;
#89 = ORIENTED_EDGE ( 'NONE', *, *, #2826, .F. ) ;
#90 = AXIS2_PLACEMENT_3D ( 'NONE', #1714, #13042, #9905 ) ;
#91 = CIRCLE ( 'NONE', #9323, 0.1250000000000015266 ) ;
#92 = ORIENTED_EDGE ( 'NONE', *, *, #1677, .F. ) ;
#93 = ORIENTED_EDGE ( 'NONE', *, *, #8700, .F. ) ;
#94 = DIRECTION ( 'NONE',  ( 1.000000000000000000, 0.000000000000000000, 0.000000000000000000 ) ) ;
#95 = ORIENTED_EDGE ( 'NONE', *, *, #6187, .T. ) ;
#96 = DIRECTION ( 'NONE',  ( -1.000000000000000000, 0.000000000000000000, 0.000000000000000000 ) ) ;
#97 = DIRECTION ( 'NONE',  ( 0.000000000000000000, 0.000000000000000000, -1.000000000000000000 ) ) ;
#98 = LINE ( 'NONE', #5285, #6368 ) ;
#99 = EDGE_CURVE ( 'NONE', #4009, #11361, #9518, .T. ) ;
#100 = DIRECTION ( 'NONE',  ( -0.000000000000000000, -2.967464690054594744E-16, 1.000000000000000000 ) ) ;
#101 = DIRECTION ( 'NONE',  ( 0.000000000000000000, 0.000000000000000000, -1.000000000000000000 ) ) ;
#102 = AXIS2_PLACEMENT_3D ( 'NONE', #10128, #12194, #8187 ) ;
#103 = EDGE_CURVE ( 'NONE', #813, #8845, #6407, .T. ) ;
#104 = CARTESIAN_POINT ( 'NONE',  ( 21.57792500000000757, -0.7999999999999928280, 14.53100000000000058 ) ) ;
#105 = VERTEX_POINT ( 'NONE', #11379 ) ;
#106 = ADVANCED_FACE ( 'NONE', ( #5431, #1126, #2268, #47, #3213, #3341, #6173, #7435 ), #9390, .F. ) ;
#107 = CARTESIAN_POINT ( 'NONE',  ( -7.640925000000004630, -0.7999999999999946043, -14.53099999999998815 ) ) ;
#108 = ORIENTED_EDGE ( 'NONE', *, *, #1035, .T. ) ;
#109 = AXIS2_PLACEMENT_3D ( 'NONE', #6387, #10534, #7320 ) ;
#110 = AXIS2_PLACEMENT_3D ( 'NONE', #10804, #6598, #3643 ) ;
#111 = EDGE_CURVE ( 'NONE', #3912, #5578, #4155, .T. ) ;
#112 = AXIS2_PLACEMENT_3D ( 'NONE', #10582, #8518, #1391 ) ;
#113 = ORIENTED_EDGE ( 'NONE', *, *, #4907, .F. ) ;
#114 = EDGE_LOOP ( 'NONE', ( #1222, #10449, #12975, #3600 ) ) ;
#115 = CARTESIAN_POINT ( 'NONE',  ( -21.57792500000000757, -0.6954000000000036819, 14.53100000000000058 ) ) ;
#116 = CARTESIAN_POINT ( 'NONE',  ( -36.02170000000000272, 0.6999999999999995115, 14.78124999999999822 ) ) ;
#117 = CIRCLE ( 'NONE', #11251, 0.1565000000000003610 ) ;
#118 = VERTEX_POINT ( 'NONE', #2198 ) ;
#119 = CARTESIAN_POINT ( 'NONE',  ( 28.38110000000001065, -0.5499999999999923839, 14.18750000000000533 ) ) ;
#121 = CIRCLE ( 'NONE', #11471, 0.1565000000000003610 ) ;
#120 = CARTESIAN_POINT ( 'NONE',  ( 34.89030000000000342, -0.8000000000000000444, -13.78219999999999956 ) ) ;
#122 = DIRECTION ( 'NONE',  ( 0.000000000000000000, 0.000000000000000000, -1.000000000000000000 ) ) ;
#123 = EDGE_CURVE ( 'NONE', #9853, #4001, #187, .T. ) ;
#124 = DIRECTION ( 'NONE',  ( 0.000000000000000000, 0.000000000000000000, -1.000000000000000000 ) ) ;
#125 = DIRECTION ( 'NONE',  ( 1.000000000000000000, 4.697125161045879232E-16, 0.000000000000000000 ) ) ;
#126 = FACE_OUTER_BOUND ( 'NONE', #10364, .T. ) ;
#127 = LINE ( 'NONE', #196, #4378 ) ;
#128 = VERTEX_POINT ( 'NONE', #2072 ) ;
#129 = CIRCLE ( 'NONE', #2707, 0.08125000000000121014 ) ;
#130 = ADVANCED_FACE ( 'NONE', ( #6301 ), #12454, .F. ) ;
#131 = AXIS2_PLACEMENT_3D ( 'NONE', #5535, #6404, #11608 ) ;
#132 = EDGE_LOOP ( 'NONE', ( #9215, #9483 ) ) ;
#133 = ORIENTED_EDGE ( 'NONE', *, *, #6461, .T. ) ;
#134 = CARTESIAN_POINT ( 'NONE',  ( 17.31882500000000391, -0.6954000000000000181, -14.34399999999999764 ) ) ;
#135 = VERTEX_POINT ( 'NONE', #5234 ) ;
#136 = CARTESIAN_POINT ( 'NONE',  ( -35.13110000000000355, -0.7999999999999961586, -14.56250000000000178 ) ) ;
#137 = VERTEX_POINT ( 'NONE', #1260 ) ;
#138 = FACE_BOUND ( 'NONE', #13008, .T. ) ;
#139 = DIRECTION ( 'NONE',  ( 0.000000000000000000, 0.000000000000000000, -1.000000000000000000 ) ) ;
#140 = FACE_BOUND ( 'NONE', #5358, .T. ) ;
#141 = ADVANCED_FACE ( 'NONE', ( #11319 ), #6237, .F. ) ;
#142 = DIRECTION ( 'NONE',  ( 1.000000000000000000, 0.000000000000000000, -0.000000000000000000 ) ) ;
#143 = EDGE_CURVE ( 'NONE', #936, #7972, #5168, .T. ) ;
#144 = ORIENTED_EDGE ( 'NONE', *, *, #4150, .F. ) ;
#145 = VERTEX_POINT ( 'NONE', #1193 ) ;
#146 = AXIS2_PLACEMENT_3D ( 'NONE', #11074, #948, #11141 ) ;
#147 = AXIS2_PLACEMENT_3D ( 'NONE', #3722, #1504, #10757 ) ;
#148 = EDGE_LOOP ( 'NONE', ( #9593, #10169, #12204, #1253 ) ) ;
#149 = EDGE_CURVE ( 'NONE', #1142, #5706, #5302, .T. ) ;
#150 = DIRECTION ( 'NONE',  ( 0.000000000000000000, 0.000000000000000000, 1.000000000000000000 ) ) ;
#151 = CARTESIAN_POINT ( 'NONE',  ( 21.89092499999999930, -0.5499999999999928280, -14.34399999999999764 ) ) ;
#152 = FACE_OUTER_BOUND ( 'NONE', #8339, .T. ) ;
#153 = DIRECTION ( 'NONE',  ( 0.000000000000000000, 0.000000000000000000, -1.000000000000000000 ) ) ;
#154 = CYLINDRICAL_SURFACE ( 'NONE', #7364, 0.1565000000000003610 ) ;
#155 = PRESENTATION_LAYER_ASSIGNMENT (  '', '', ( #5951 ) ) ;
#156 = CARTESIAN_POINT ( 'NONE',  ( 7.640925000000000189, -0.6953999999999974646, 13.97960000000000491 ) ) ;
#157 = FACE_OUTER_BOUND ( 'NONE', #9340, .T. ) ;
#158 = VECTOR ( 'NONE', #11448, 39.37007874015748143 ) ;
#159 = VERTEX_POINT ( 'NONE', #3272 ) ;
#160 = ADVANCED_FACE ( 'NONE', ( #5366 ), #12260, .T. ) ;
#161 = ORIENTED_EDGE ( 'NONE', *, *, #10707, .T. ) ;
#162 = EDGE_CURVE ( 'NONE', #2532, #8981, #9325, .T. ) ;
#163 = VERTEX_POINT ( 'NONE', #9259 ) ;
#164 = ADVANCED_FACE ( 'NONE', ( #7167 ), #11250, .F. ) ;
#165 = VECTOR ( 'NONE', #4810, 39.37007874015748143 ) ;
#166 = FACE_BOUND ( 'NONE', #11427, .T. ) ;
#167 = EDGE_CURVE ( 'NONE', #794, #1284, #3610, .T. ) ;
#168 = VECTOR ( 'NONE', #11599, 39.37007874015748143 ) ;
#169 = EDGE_LOOP ( 'NONE', ( #10923, #261, #12655, #5182, #9016, #1385, #9985, #8011 ) ) ;
#170 = DIRECTION ( 'NONE',  ( -0.000000000000000000, -1.000000000000000000, -1.332348806898293597E-16 ) ) ;
#171 = FACE_OUTER_BOUND ( 'NONE', #7899, .T. ) ;
#172 = FACE_OUTER_BOUND ( 'NONE', #650, .T. ) ;
#173 = AXIS2_PLACEMENT_3D ( 'NONE', #7873, #8944, #2773 ) ;
#174 = CARTESIAN_POINT ( 'NONE',  ( 21.89067499999999811, -0.4299000000000038346, 12.43750000000000178 ) ) ;
#175 = CARTESIAN_POINT ( 'NONE',  ( 7.640925000000000189, -0.6953999999999975756, 14.34400000000000830 ) ) ;
#176 = CARTESIAN_POINT ( 'NONE',  ( -31.97460000000000235, -0.7999999999999999334, 14.34400000000000652 ) ) ;
#177 = ORIENTED_EDGE ( 'NONE', *, *, #10071, .F. ) ;
#178 = DIRECTION ( 'NONE',  ( 1.240959386601371334E-16, -1.000000000000000000, 0.000000000000000000 ) ) ;
#179 = VERTEX_POINT ( 'NONE', #4492 ) ;
#180 = VECTOR ( 'NONE', #8884, 39.37007874015748143 ) ;
#181 = ORIENTED_EDGE ( 'NONE', *, *, #6496, .T. ) ;
#182 = EDGE_CURVE ( 'NONE', #647, #9949, #2812, .T. ) ;
#183 = ADVANCED_FACE ( 'NONE', ( #8516 ), #9709, .F. ) ;
#184 = ORIENTED_EDGE ( 'NONE', *, *, #7681, .F. ) ;
#185 = VECTOR ( 'NONE', #2466, 39.37007874015748143 ) ;
#186 = CARTESIAN_POINT ( 'NONE',  ( -26.25002500000000438, -0.7999999999999957145, -14.53099999999998992 ) ) ;
#187 = LINE ( 'NONE', #10451, #2977 ) ;
#188 = CARTESIAN_POINT ( 'NONE',  ( 21.26567499999998745, 0.4608499999999960961, -14.67187499999999822 ) ) ;
#189 = CARTESIAN_POINT ( 'NONE',  ( -3.750000000000002220, -0.6953999999999982418, 14.18750000000000533 ) ) ;
#190 = CYLINDRICAL_SURFACE ( 'NONE', #8532, 0.1565000000000003610 ) ;
#191 = EDGE_CURVE ( 'NONE', #5278, #12064, #4263, .T. ) ;
#192 = CARTESIAN_POINT ( 'NONE',  ( -11.25002500000000794, -0.6953999999999987969, 14.53100000000000058 ) ) ;
#193 = LINE ( 'NONE', #1265, #7694 ) ;
#194 = EDGE_CURVE ( 'NONE', #943, #12681, #3541, .T. ) ;
#195 = DIRECTION ( 'NONE',  ( 1.240959386601371334E-16, -1.000000000000000000, 0.000000000000000000 ) ) ;
#196 = CARTESIAN_POINT ( 'NONE',  ( 34.89030000000000342, -0.8000000000000022649, 14.78124999999999822 ) ) ;
#197 = EDGE_LOOP ( 'NONE', ( #3730, #9344, #8934, #7876 ) ) ;
#198 = ORIENTED_EDGE ( 'NONE', *, *, #9948, .F. ) ;
#199 = ORIENTED_EDGE ( 'NONE', *, *, #5478, .T. ) ;
#200 = VERTEX_POINT ( 'NONE', #12592 ) ;
#201 = DIRECTION ( 'NONE',  ( -0.000000000000000000, -1.000000000000000000, -1.332348806898293597E-16 ) ) ;
#202 = VERTEX_POINT ( 'NONE', #3411 ) ;
#203 = CARTESIAN_POINT ( 'NONE',  ( -7.327924999999998690, -0.8000000000000000444, -14.53099999999998815 ) ) ;
#204 = ORIENTED_EDGE ( 'NONE', *, *, #8641, .T. ) ;
#205 = DIRECTION ( 'NONE',  ( 0.000000000000000000, -1.000000000000000000, -2.967464690054594744E-16 ) ) ;
#206 = ADVANCED_FACE ( 'NONE', ( #7633 ), #11644, .T. ) ;
#207 = CARTESIAN_POINT ( 'NONE',  ( 32.28760000000001185, -0.7999999999999921618, -14.34399999999997810 ) ) ;
#208 = FACE_OUTER_BOUND ( 'NONE', #6813, .T. ) ;
#209 = CARTESIAN_POINT ( 'NONE',  ( 11.09352499999999964, -0.5499999999999934941, -14.53099999999999348 ) ) ;
#210 = EDGE_LOOP ( 'NONE', ( #11057, #1105, #1251, #11895 ) ) ;
#211 = EDGE_CURVE ( 'NONE', #13018, #6649, #8756, .T. ) ;
#212 = EDGE_CURVE ( 'NONE', #12261, #4736, #2392, .T. ) ;
#213 = ADVANCED_FACE ( 'NONE', ( #12842 ), #386, .F. ) ;
#214 = ORIENTED_EDGE ( 'NONE', *, *, #5848, .T. ) ;
#215 = CIRCLE ( 'NONE', #7720, 0.1250000000000015266 ) ;
#216 = EDGE_LOOP ( 'NONE', ( #4984, #2768 ) ) ;
#217 = LINE ( 'NONE', #11410, #7428 ) ;
#218 = DIRECTION ( 'NONE',  ( 0.000000000000000000, -1.000000000000000000, -1.332348806898293597E-16 ) ) ;
#219 = CYLINDRICAL_SURFACE ( 'NONE', #536, 0.1250000000000037192 ) ;
#220 = LINE ( 'NONE', #4190, #12651 ) ;
#221 = DIRECTION ( 'NONE',  ( 0.000000000000000000, 0.000000000000000000, -1.000000000000000000 ) ) ;
#222 = FACE_OUTER_BOUND ( 'NONE', #7465, .T. ) ;
#223 = CARTESIAN_POINT ( 'NONE',  ( 32.13110000000000355, -0.7999999999999921618, 14.34400000000000652 ) ) ;
#224 = LINE ( 'NONE', #4640, #4578 ) ;
#226 = ORIENTED_EDGE ( 'NONE', *, *, #4775, .T. ) ;
#225 = AXIS2_PLACEMENT_3D ( 'NONE', #11135, #5051, #3838 ) ;
#227 = VECTOR ( 'NONE', #12427, 39.37007874015748143 ) ;
#228 = ORIENTED_EDGE ( 'NONE', *, *, #10834, .T. ) ;
#229 = EDGE_CURVE ( 'NONE', #6850, #8477, #6469, .T. ) ;
#230 = VERTEX_POINT ( 'NONE', #8580 ) ;
#231 = MANIFOLD_SOLID_BREP ( 'Split Line1', #12450 ) ;
#232 = CARTESIAN_POINT ( 'NONE',  ( 35.91710000000000491, -0.2096999999999985820, 6.000000000000003553 ) ) ;
#233 = VERTEX_POINT ( 'NONE', #9647 ) ;
#234 = CARTESIAN_POINT ( 'NONE',  ( 21.67192499999999811, -0.6207000000000038042, 13.92187500000000178 ) ) ;
#235 = CARTESIAN_POINT ( 'NONE',  ( -11.25002500000000438, -0.6953999999999987969, -14.53099999999999170 ) ) ;
#236 = AXIS2_PLACEMENT_3D ( 'NONE', #1136, #9399, #5176 ) ;
#237 = DIRECTION ( 'NONE',  ( 0.000000000000000000, -1.000000000000000000, -2.967464690054594744E-16 ) ) ;
#238 = CARTESIAN_POINT ( 'NONE',  ( -35.23450000000000415, -0.5499999999999961586, -1.811549999999999994 ) ) ;
#239 = CARTESIAN_POINT ( 'NONE',  ( 22.23442500000000166, -0.6954000000000041259, 12.43750000000000178 ) ) ;
#240 = DIRECTION ( 'NONE',  ( 0.000000000000000000, -1.000000000000000000, 0.000000000000000000 ) ) ;
#241 = VERTEX_POINT ( 'NONE', #12716 ) ;
#242 = PRESENTATION_LAYER_ASSIGNMENT (  '', '', ( #10530 ) ) ;
#243 = LINE ( 'NONE', #3266, #5159 ) ;
#244 = ORIENTED_EDGE ( 'NONE', *, *, #33, .T. ) ;
#245 = VECTOR ( 'NONE', #10802, 39.37007874015748143 ) ;
#246 = ORIENTED_EDGE ( 'NONE', *, *, #1499, .F. ) ;
#247 = AXIS2_PLACEMENT_3D ( 'NONE', #12025, #3992, #13032 ) ;
#248 = EDGE_LOOP ( 'NONE', ( #4399, #6685, #2872, #4432 ) ) ;
#249 = CARTESIAN_POINT ( 'NONE',  ( -26.09352500000000674, -0.5499999999999958256, 14.34399999999999942 ) ) ;
#250 = CARTESIAN_POINT ( 'NONE',  ( 32.13110000000001065, -0.5499999999999921618, -14.53099999999997216 ) ) ;
#251 = FACE_OUTER_BOUND ( 'NONE', #8870, .T. ) ;
#252 = CARTESIAN_POINT ( 'NONE',  ( -7.640925000000000189, -0.6953999999999985748, 14.53100000000000591 ) ) ;
#253 = DIRECTION ( 'NONE',  ( -0.000000000000000000, -1.000000000000000000, -1.332348806898293597E-16 ) ) ;
#254 = VECTOR ( 'NONE', #5908, 39.37007874015748143 ) ;
#255 = CARTESIAN_POINT ( 'NONE',  ( -35.93750000000000000, 0.7000000000000000666, 14.78124999999999822 ) ) ;
#256 = CARTESIAN_POINT ( 'NONE',  ( 22.23442500000000521, 0.7000000000000407008, -12.43750000000001066 ) ) ;
#257 = CARTESIAN_POINT ( 'NONE',  ( 35.94045000000000556, 0.6999999999999995115, 14.78124999999999822 ) ) ;
#258 = ORIENTED_EDGE ( 'NONE', *, *, #12170, .F. ) ;
#259 = EDGE_CURVE ( 'NONE', #3199, #1452, #6561, .T. ) ;
#260 = ORIENTED_EDGE ( 'NONE', *, *, #7036, .F. ) ;
#261 = ORIENTED_EDGE ( 'NONE', *, *, #11968, .T. ) ;
#262 = CIRCLE ( 'NONE', #690, 0.1250000000000037192 ) ;
#263 = ORIENTED_EDGE ( 'NONE', *, *, #3535, .T. ) ;
#264 = CARTESIAN_POINT ( 'NONE',  ( -35.13110000000000355, -0.7999999999999961586, 14.56250000000000533 ) ) ;
#265 = ORIENTED_EDGE ( 'NONE', *, *, #12878, .F. ) ;
#266 = CARTESIAN_POINT ( 'NONE',  ( -35.93750000000000000, 0.5954000000000000403, 14.89540000000000042 ) ) ;
#267 = ORIENTED_EDGE ( 'NONE', *, *, #8747, .F. ) ;
#268 = LINE ( 'NONE', #11399, #8198 ) ;
#269 = FACE_OUTER_BOUND ( 'NONE', #1028, .T. ) ;
#270 = CARTESIAN_POINT ( 'NONE',  ( -21.48442499999999811, -0.4299000000000038346, -12.43750000000001066 ) ) ;
#271 = EDGE_CURVE ( 'NONE', #4580, #9809, #666, .T. ) ;
#272 = EDGE_CURVE ( 'NONE', #8918, #12697, #6820, .T. ) ;
#273 = CARTESIAN_POINT ( 'NONE',  ( 21.67192500000000166, -0.6207000000000038042, -13.92187500000001066 ) ) ;
#274 = EDGE_LOOP ( 'NONE', ( #3210, #9800, #12590, #4705 ) ) ;
#275 = CIRCLE ( 'NONE', #2414, 0.1565000000000003610 ) ;
#276 = EDGE_CURVE ( 'NONE', #1040, #6642, #6019, .T. ) ;
#277 = AXIS2_PLACEMENT_3D ( 'NONE', #5839, #9997, #9859 ) ;
#278 = EDGE_CURVE ( 'NONE', #9855, #10467, #8182, .T. ) ;
#279 = VERTEX_POINT ( 'NONE', #10047 ) ;
#280 = EDGE_CURVE ( 'NONE', #12344, #6053, #7746, .T. ) ;
#281 = VERTEX_POINT ( 'NONE', #776 ) ;
#282 = DIRECTION ( 'NONE',  ( 1.000000000000000000, -0.000000000000000000, -0.000000000000000000 ) ) ;
#283 = EDGE_LOOP ( 'NONE', ( #1861, #1158 ) ) ;
#284 = CARTESIAN_POINT ( 'NONE',  ( -21.14067499999999455, -0.4299000000000038346, -12.43750000000001066 ) ) ;
#285 = DIRECTION ( 'NONE',  ( -1.000000000000000000, 5.463695987328555033E-16, 0.000000000000000000 ) ) ;
#286 = DIRECTION ( 'NONE',  ( -0.000000000000000000, -1.000000000000000000, -1.332348806898293597E-16 ) ) ;
#287 = DIRECTION ( 'NONE',  ( -0.000000000000000000, -1.000000000000000000, -1.332348806898293597E-16 ) ) ;
#288 = DIRECTION ( 'NONE',  ( 0.000000000000000000, 0.000000000000000000, -1.000000000000000000 ) ) ;
#289 = DIRECTION ( 'NONE',  ( 0.000000000000000000, 0.000000000000000000, -1.000000000000000000 ) ) ;
#290 = DIRECTION ( 'NONE',  ( 0.000000000000000000, -1.000000000000000000, -1.332348806898293597E-16 ) ) ;
#291 = ORIENTED_EDGE ( 'NONE', *, *, #6134, .F. ) ;
#292 = EDGE_CURVE ( 'NONE', #927, #7697, #9465, .T. ) ;
#293 = VERTEX_POINT ( 'NONE', #707 ) ;
#294 = ORIENTED_EDGE ( 'NONE', *, *, #1155, .T. ) ;
#295 = PLANE ( 'NONE',  #9821 ) ;
#296 = ORIENTED_EDGE ( 'NONE', *, *, #12309, .T. ) ;
#297 = DIRECTION ( 'NONE',  ( 1.240959386601371334E-16, -1.000000000000000000, -0.000000000000000000 ) ) ;
#298 = CARTESIAN_POINT ( 'NONE',  ( -3.749999999999997780, -0.6953999999999982418, -14.68749999999998757 ) ) ;
#299 = CARTESIAN_POINT ( 'NONE',  ( 28.22460000000000946, -0.6953999999999963544, 14.53100000000000058 ) ) ;
#300 = FACE_OUTER_BOUND ( 'NONE', #5794, .T. ) ;
#301 = DIRECTION ( 'NONE',  ( 0.000000000000000000, -1.000000000000000000, -1.332348806898293597E-16 ) ) ;
#302 = LINE ( 'NONE', #8826, #1995 ) ;
#303 = VERTEX_POINT ( 'NONE', #5886 ) ;
#304 = EDGE_CURVE ( 'NONE', #12255, #1219, #11009, .T. ) ;
#305 = CARTESIAN_POINT ( 'NONE',  ( 35.93750000000000000, -0.6954000000000035708, 13.97480000000000011 ) ) ;
#306 = EDGE_LOOP ( 'NONE', ( #10121, #8364 ) ) ;
#307 = AXIS2_PLACEMENT_3D ( 'NONE', #8955, #7004, #2648 ) ;
#308 = AXIS2_PLACEMENT_3D ( 'NONE', #12656, #11711, #7564 ) ;
#309 = ORIENTED_EDGE ( 'NONE', *, *, #6151, .T. ) ;
#310 = ORIENTED_EDGE ( 'NONE', *, *, #5945, .T. ) ;
#311 = CARTESIAN_POINT ( 'NONE',  ( -35.93750000000000000, 0.7000000000000000666, 15.00000000000000000 ) ) ;
#312 =( NAMED_UNIT ( * ) SI_UNIT ( $, .STERADIAN. ) SOLID_ANGLE_UNIT ( ) );
#313 = EDGE_CURVE ( 'NONE', #7576, #6818, #2452, .T. ) ;
#314 = DIRECTION ( 'NONE',  ( 0.000000000000000000, 0.000000000000000000, -1.000000000000000000 ) ) ;
#315 = CARTESIAN_POINT ( 'NONE',  ( -18.90652500000000558, -0.7999999999999952704, -14.53099999999999170 ) ) ;
#316 = FACE_OUTER_BOUND ( 'NONE', #8439, .T. ) ;
#317 = CARTESIAN_POINT ( 'NONE',  ( -17.31882500000001102, -0.5499999999999952704, 14.53100000000000058 ) ) ;
#318 = CARTESIAN_POINT ( 'NONE',  ( -21.73442500000000877, -0.4299000000000040012, 14.42187500000000178 ) ) ;
#319 = CIRCLE ( 'NONE', #6993, 0.2187500000000015821 ) ;
#320 = AXIS2_PLACEMENT_3D ( 'NONE', #12640, #5554, #2446 ) ;
#321 = PLANE ( 'NONE',  #9220 ) ;
#322 = DIRECTION ( 'NONE',  ( 0.000000000000000000, 0.000000000000000000, -1.000000000000000000 ) ) ;
#323 = VERTEX_POINT ( 'NONE', #4878 ) ;
#324 = ORIENTED_EDGE ( 'NONE', *, *, #12202, .T. ) ;
#326 = ORIENTED_EDGE ( 'NONE', *, *, #2489, .F. ) ;
#325 = EDGE_CURVE ( 'NONE', #12604, #10647, #11030, .T. ) ;
#327 = DIRECTION ( 'NONE',  ( 0.000000000000000000, 0.000000000000000000, -1.000000000000000000 ) ) ;
#328 = VECTOR ( 'NONE', #8722, 39.37007874015748143 ) ;
#329 = AXIS2_PLACEMENT_3D ( 'NONE', #2109, #3306, #5138 ) ;
#330 = VERTEX_POINT ( 'NONE', #11905 ) ;
#331 = CARTESIAN_POINT ( 'NONE',  ( -35.91709999999999781, -0.2096999999999985820, 5.749999999999996447 ) ) ;
#332 = ORIENTED_EDGE ( 'NONE', *, *, #1271, .F. ) ;
#333 = DIRECTION ( 'NONE',  ( 0.000000000000000000, -1.000000000000000000, -2.967464690054594744E-16 ) ) ;
#334 = ORIENTED_EDGE ( 'NONE', *, *, #2936, .T. ) ;
#335 = DIRECTION ( 'NONE',  ( 0.000000000000000000, -1.000000000000000000, -1.332348806898293597E-16 ) ) ;
#336 = ADVANCED_FACE ( 'NONE', ( #8973 ), #3804, .F. ) ;
#337 = CYLINDRICAL_SURFACE ( 'NONE', #2966, 0.1250000000000029143 ) ;
#338 = CARTESIAN_POINT ( 'NONE',  ( 28.22460000000000946, -0.5499999999999923839, -14.34399999999999942 ) ) ;
#339 = CIRCLE ( 'NONE', #3994, 0.1250000000000015266 ) ;
#340 = DIRECTION ( 'NONE',  ( 0.000000000000000000, 0.000000000000000000, -1.000000000000000000 ) ) ;
#341 = VERTEX_POINT ( 'NONE', #10898 ) ;
#342 = CIRCLE ( 'NONE', #7846, 0.1250000000000026368 ) ;
#343 = ORIENTED_EDGE ( 'NONE', *, *, #4517, .F. ) ;
#344 = VECTOR ( 'NONE', #980, 39.37007874015748143 ) ;
#345 = ADVANCED_FACE ( 'NONE', ( #11167 ), #9036, .F. ) ;
#346 = ORIENTED_EDGE ( 'NONE', *, *, #229, .F. ) ;
#347 = DIRECTION ( 'NONE',  ( 0.000000000000000000, 0.000000000000000000, 1.000000000000000000 ) ) ;
#348 = VERTEX_POINT ( 'NONE', #3933 ) ;
#349 = PLANE ( 'NONE',  #11799 ) ;
#350 = ADVANCED_FACE ( 'NONE', ( #8100 ), #5819, .F. ) ;
#351 = VECTOR ( 'NONE', #3374, 39.37007874015748143 ) ;
#352 = DIRECTION ( 'NONE',  ( -1.000000000000000000, 0.000000000000000000, 0.000000000000000000 ) ) ;
#353 = CYLINDRICAL_SURFACE ( 'NONE', #2527, 0.1565000000000003610 ) ;
#354 = CARTESIAN_POINT ( 'NONE',  ( 33.63110000000000355, -0.6953999999999957993, 14.31249999999999822 ) ) ;
#355 = CARTESIAN_POINT ( 'NONE',  ( 21.73442500000000877, -0.7999999999999928280, 14.53100000000000058 ) ) ;
#356 = DIRECTION ( 'NONE',  ( -0.000000000000000000, -1.000000000000000000, -1.332348806898293597E-16 ) ) ;
#357 = CARTESIAN_POINT ( 'NONE',  ( -28.38110000000001065, -0.7999999999999958256, 14.34400000000000652 ) ) ;
#358 = EDGE_CURVE ( 'NONE', #570, #5377, #12727, .T. ) ;
#359 = ORIENTED_EDGE ( 'NONE', *, *, #5370, .T. ) ;
#360 = CIRCLE ( 'NONE', #7009, 0.1250000000000026368 ) ;
#361 = AXIS2_PLACEMENT_3D ( 'NONE', #5219, #4004, #4947 ) ;
#362 = ORIENTED_EDGE ( 'NONE', *, *, #2826, .T. ) ;
#363 = VERTEX_POINT ( 'NONE', #2796 ) ;
#364 = CYLINDRICAL_SURFACE ( 'NONE', #13021, 0.1565000000000003610 ) ;
#365 = ORIENTED_EDGE ( 'NONE', *, *, #3676, .F. ) ;
#366 = CARTESIAN_POINT ( 'NONE',  ( 22.32817500000000166, -0.4299000000000038346, 12.43750000000000178 ) ) ;
#367 = CARTESIAN_POINT ( 'NONE',  ( 21.57792500000000047, -0.6953999999999967985, -14.53099999999999348 ) ) ;
#368 = CARTESIAN_POINT ( 'NONE',  ( -35.13110000000000355, -0.7999999999999961586, 14.43750000000000178 ) ) ;
#369 = CIRCLE ( 'NONE', #5954, 0.1250000000000026368 ) ;
#370 = VECTOR ( 'NONE', #819, 39.37007874015748143 ) ;
#371 = CARTESIAN_POINT ( 'NONE',  ( 36.02170000000000272, 0.6999999999999995115, -14.78124999999999822 ) ) ;
#372 = CARTESIAN_POINT ( 'NONE',  ( 17.16232500000000982, -0.6953999999999970205, 14.34400000000000652 ) ) ;
#373 = EDGE_CURVE ( 'NONE', #3884, #10062, #6885, .T. ) ;
#374 = DIRECTION ( 'NONE',  ( 1.000000000000000000, -0.000000000000000000, 0.000000000000000000 ) ) ;
#375 = ORIENTED_EDGE ( 'NONE', *, *, #11309, .T. ) ;
#376 = DIRECTION ( 'NONE',  ( -1.000000000000000000, 0.000000000000000000, 0.000000000000000000 ) ) ;
#377 = ORIENTED_EDGE ( 'NONE', *, *, #2334, .T. ) ;
#378 = VECTOR ( 'NONE', #5633, 39.37007874015748143 ) ;
#379 = AXIS2_PLACEMENT_3D ( 'NONE', #11549, #12632, #8556 ) ;
#380 = EDGE_CURVE ( 'NONE', #488, #6762, #8027, .T. ) ;
#381 = VECTOR ( 'NONE', #5254, 39.37007874015748143 ) ;
#382 = EDGE_LOOP ( 'NONE', ( #7625, #244, #11262, #10351 ) ) ;
#383 = VECTOR ( 'NONE', #7099, 39.37007874015748143 ) ;
#384 = EDGE_LOOP ( 'NONE', ( #7283, #8089, #13068, #12434, #13058 ) ) ;
#385 = CARTESIAN_POINT ( 'NONE',  ( 21.89092500000000996, -0.6954000000000036819, 14.53100000000000058 ) ) ;
#386 = PLANE ( 'NONE',  #1960 ) ;
#387 = CARTESIAN_POINT ( 'NONE',  ( 35.23450000000000415, -0.7999999999999917177, 1.936550000000002880 ) ) ;
#388 = CARTESIAN_POINT ( 'NONE',  ( 21.57792500000000757, -0.6953999999999965764, 13.97959999999999958 ) ) ;
#389 = DIRECTION ( 'NONE',  ( 1.000000000000000000, 0.000000000000000000, 0.000000000000000000 ) ) ;
#390 = CARTESIAN_POINT ( 'NONE',  ( -21.89092500000000285, -0.7999999999999953815, -14.34399999999999764 ) ) ;
#391 = CARTESIAN_POINT ( 'NONE',  ( -34.89030000000000342, -0.8000000000000022649, 14.78124999999999822 ) ) ;
#392 = AXIS2_PLACEMENT_3D ( 'NONE', #13145, #13017, #12284 ) ;
#393 = CARTESIAN_POINT ( 'NONE',  ( 11.25002500000000794, -0.7999999999999934941, 14.18750000000000533 ) ) ;
#394 = VERTEX_POINT ( 'NONE', #2931 ) ;
#395 = AXIS2_PLACEMENT_3D ( 'NONE', #4474, #9633, #7685 ) ;
#396 = ORIENTED_EDGE ( 'NONE', *, *, #11208, .T. ) ;
#397 = VECTOR ( 'NONE', #11649, 39.37007874015748143 ) ;
#398 = ORIENTED_EDGE ( 'NONE', *, *, #11279, .F. ) ;
#399 = CARTESIAN_POINT ( 'NONE',  ( 22.10942499999999455, 0.7000000000000407008, 2.512596398514597499E-15 ) ) ;
#400 = EDGE_CURVE ( 'NONE', #6901, #1778, #7022, .T. ) ;
#401 = VERTEX_POINT ( 'NONE', #10177 ) ;
#402 = DIRECTION ( 'NONE',  ( 1.000000000000000000, 0.000000000000000000, 0.000000000000000000 ) ) ;
#403 = VERTEX_POINT ( 'NONE', #1110 ) ;
#404 = DIRECTION ( 'NONE',  ( -1.000000000000000000, -0.000000000000000000, -0.000000000000000000 ) ) ;
#405 = ORIENTED_EDGE ( 'NONE', *, *, #11570, .F. ) ;
#406 = DIRECTION ( 'NONE',  ( 0.000000000000000000, -1.000000000000000000, -1.332348806898293597E-16 ) ) ;
#407 = FACE_OUTER_BOUND ( 'NONE', #11240, .T. ) ;
#408 = DIRECTION ( 'NONE',  ( -0.000000000000000000, -1.000000000000000000, -1.332348806898293597E-16 ) ) ;
#409 = LINE ( 'NONE', #4515, #7445 ) ;
#410 = ADVANCED_FACE ( 'NONE', ( #12307 ), #3136, .F. ) ;
#411 = CIRCLE ( 'NONE', #7269, 0.1059000000000017289 ) ;
#412 = VERTEX_POINT ( 'NONE', #8166 ) ;
#413 = VERTEX_POINT ( 'NONE', #7215 ) ;
#414 = VERTEX_POINT ( 'NONE', #2251 ) ;
#415 = CARTESIAN_POINT ( 'NONE',  ( -21.57817499999999811, -0.4299000000000038346, -12.43750000000001066 ) ) ;
#416 = ORIENTED_EDGE ( 'NONE', *, *, #8347, .F. ) ;
#417 = CARTESIAN_POINT ( 'NONE',  ( -18.59352500000000674, -0.5499999999999952704, 14.53099999999999703 ) ) ;
#418 = CARTESIAN_POINT ( 'NONE',  ( 33.32677165354333226, 0.7000000000000373701, 3.543307086613945778 ) ) ;
#419 = DIRECTION ( 'NONE',  ( 0.000000000000000000, 0.000000000000000000, -1.000000000000000000 ) ) ;
#420 = FACE_OUTER_BOUND ( 'NONE', #7144, .T. ) ;
#421 = PLANE ( 'NONE',  #8643 ) ;
#422 = CARTESIAN_POINT ( 'NONE',  ( 26.25002500000000794, -0.7999999999999926059, -14.34399999999999586 ) ) ;
#423 = CARTESIAN_POINT ( 'NONE',  ( 35.94045000000000556, 0.6999999999999995115, -14.78124999999999822 ) ) ;
#424 = EDGE_LOOP ( 'NONE', ( #2221, #5950, #2825, #9528 ) ) ;
#425 = EDGE_CURVE ( 'NONE', #4001, #6235, #4140, .T. ) ;
#426 = VECTOR ( 'NONE', #3465, 39.37007874015748143 ) ;
#427 = ORIENTED_EDGE ( 'NONE', *, *, #12974, .F. ) ;
#428 = ADVANCED_FACE ( 'NONE', ( #9311 ), #3324, .F. ) ;
#429 = VERTEX_POINT ( 'NONE', #10434 ) ;
#430 = CARTESIAN_POINT ( 'NONE',  ( -17.00582500000001218, -0.7999999999999999334, 14.34400000000000652 ) ) ;
#431 = EDGE_CURVE ( 'NONE', #11740, #8427, #1178, .T. ) ;
#432 = CARTESIAN_POINT ( 'NONE',  ( 17.00582500000000152, -0.7999999999999931610, -14.34399999999999764 ) ) ;
#433 = CARTESIAN_POINT ( 'NONE',  ( 11.40652500000000025, -0.6953999999999973536, -14.89539999999999864 ) ) ;
#434 = CARTESIAN_POINT ( 'NONE',  ( 35.13110000000000355, -0.6953999999999957993, 14.43750000000000178 ) ) ;
#435 = CARTESIAN_POINT ( 'NONE',  ( 17.16232500000000982, -0.7999999999999931610, 14.34400000000000652 ) ) ;
#436 = VECTOR ( 'NONE', #6621, 39.37007874015748143 ) ;
#437 = LINE ( 'NONE', #3598, #5845 ) ;
#438 = DIRECTION ( 'NONE',  ( -1.000000000000000000, 0.000000000000000000, 0.000000000000000000 ) ) ;
#439 = VECTOR ( 'NONE', #9160, 39.37007874015748143 ) ;
#440 = EDGE_LOOP ( 'NONE', ( #7321, #12339, #1138, #12824 ) ) ;
#441 = CIRCLE ( 'NONE', #12429, 0.1565000000000003610 ) ;
#442 = ADVANCED_FACE ( 'NONE', ( #6223 ), #5284, .F. ) ;
#443 = VERTEX_POINT ( 'NONE', #9437 ) ;
#445 = ORIENTED_EDGE ( 'NONE', *, *, #2674, .F. ) ;
#444 = EDGE_CURVE ( 'NONE', #7395, #10933, #4604, .T. ) ;
#446 = CARTESIAN_POINT ( 'NONE',  ( -22.09727500000001044, -0.6954000000000040149, -14.79687500000000000 ) ) ;
#447 = SURFACE_SIDE_STYLE ('',( #1518 ) ) ;
#448 = LINE ( 'NONE', #10772, #1809 ) ;
#449 = DIRECTION ( 'NONE',  ( -1.000000000000000000, -0.000000000000000000, -0.000000000000000000 ) ) ;
#450 = DIRECTION ( 'NONE',  ( 1.240959386601371334E-16, -1.000000000000000000, -0.000000000000000000 ) ) ;
#451 = CARTESIAN_POINT ( 'NONE',  ( 26.09352500000000674, -0.6953999999999964654, -14.34399999999999586 ) ) ;
#452 =( CONVERSION_BASED_UNIT ( 'INCH', #10654 ) LENGTH_UNIT ( ) NAMED_UNIT ( #3093 ) );
#453 = EDGE_CURVE ( 'NONE', #9853, #1612, #978, .T. ) ;
#454 = DIRECTION ( 'NONE',  ( 0.000000000000000000, -1.000000000000000000, 0.000000000000000000 ) ) ;
#455 = AXIS2_PLACEMENT_3D ( 'NONE', #13128, #8125, #3959 ) ;
#456 = EDGE_LOOP ( 'NONE', ( #4631, #3931, #11278, #8648 ) ) ;
#457 = VERTEX_POINT ( 'NONE', #8308 ) ;
#458 = ORIENTED_EDGE ( 'NONE', *, *, #905, .F. ) ;
#459 = CYLINDRICAL_SURFACE ( 'NONE', #1453, 0.1250000000000037192 ) ;
#460 = ORIENTED_EDGE ( 'NONE', *, *, #6446, .F. ) ;
#461 = CIRCLE ( 'NONE', #8399, 0.03120000000000375251 ) ;
#462 = CARTESIAN_POINT ( 'NONE',  ( -22.12847500000001233, -0.5895000000000039098, -14.79687500000000000 ) ) ;
#463 = EDGE_LOOP ( 'NONE', ( #8467, #2963 ) ) ;
#464 = ORIENTED_EDGE ( 'NONE', *, *, #43, .T. ) ;
#465 = CARTESIAN_POINT ( 'NONE',  ( 25.72834645669288633, 0.7000000000000332623, -3.543307086614348123 ) ) ;
#466 = FACE_OUTER_BOUND ( 'NONE', #6552, .T. ) ;
#467 = DIRECTION ( 'NONE',  ( 0.000000000000000000, -1.000000000000000000, -2.967464690054594744E-16 ) ) ;
#468 = CIRCLE ( 'NONE', #9271, 0.1250000000000015266 ) ;
#469 = DIRECTION ( 'NONE',  ( -0.000000000000000000, -0.000000000000000000, -1.000000000000000000 ) ) ;
#470 = LINE ( 'NONE', #8663, #9292 ) ;
#471 = ORIENTED_EDGE ( 'NONE', *, *, #11045, .F. ) ;
#472 = EDGE_CURVE ( 'NONE', #9496, #323, #520, .T. ) ;
#473 = ORIENTED_EDGE ( 'NONE', *, *, #5275, .F. ) ;
#474 = ORIENTED_EDGE ( 'NONE', *, *, #5945, .F. ) ;
#475 = CARTESIAN_POINT ( 'NONE',  ( -28.38110000000000355, -0.7999999999999958256, -14.34399999999999942 ) ) ;
#476 = ORIENTED_EDGE ( 'NONE', *, *, #8701, .F. ) ;
#477 = DIRECTION ( 'NONE',  ( 0.000000000000000000, -1.000000000000000000, -2.967464690054594744E-16 ) ) ;
#478 = LINE ( 'NONE', #2631, #4415 ) ;
#479 = DIRECTION ( 'NONE',  ( 0.000000000000000000, 0.000000000000000000, -1.000000000000000000 ) ) ;
#480 = DIRECTION ( 'NONE',  ( 0.000000000000000000, 2.967464690054594744E-16, -1.000000000000000000 ) ) ;
#481 = CARTESIAN_POINT ( 'NONE',  ( 35.93750000000000000, -0.6954000000000036819, 14.89540000000000042 ) ) ;
#482 = AXIS2_PLACEMENT_3D ( 'NONE', #7756, #11826, #1640 ) ;
#483 = DIRECTION ( 'NONE',  ( 0.000000000000000000, 0.000000000000000000, -1.000000000000000000 ) ) ;
#485 = AXIS2_PLACEMENT_3D ( 'NONE', #11275, #6200, #10286 ) ;
#484 = DIRECTION ( 'NONE',  ( -0.000000000000000000, -0.000000000000000000, -1.000000000000000000 ) ) ;
#486 = EDGE_CURVE ( 'NONE', #7395, #9719, #3201, .T. ) ;
#487 = ORIENTED_EDGE ( 'NONE', *, *, #1072, .T. ) ;
#488 = VERTEX_POINT ( 'NONE', #7287 ) ;
#489 = VECTOR ( 'NONE', #7344, 39.37007874015748143 ) ;
#490 = AXIS2_PLACEMENT_3D ( 'NONE', #1428, #6474, #12690 ) ;
#491 = ORIENTED_EDGE ( 'NONE', *, *, #11801, .F. ) ;
#492 = EDGE_CURVE ( 'NONE', #12697, #2912, #9883, .T. ) ;
#493 = DIRECTION ( 'NONE',  ( 0.000000000000000000, 0.000000000000000000, 1.000000000000000000 ) ) ;
#494 = DIRECTION ( 'NONE',  ( 0.000000000000000000, 0.000000000000000000, -1.000000000000000000 ) ) ;
#495 = CARTESIAN_POINT ( 'NONE',  ( 35.93750000000000000, -0.8000000000000000444, -15.00000000000000000 ) ) ;
#496 = DIRECTION ( 'NONE',  ( 0.000000000000000000, -1.000000000000000000, 0.000000000000000000 ) ) ;
#497 = EDGE_CURVE ( 'NONE', #3520, #12185, #8180, .T. ) ;
#498 = DIRECTION ( 'NONE',  ( 0.000000000000000000, 0.000000000000000000, 1.000000000000000000 ) ) ;
#499 = DIRECTION ( 'NONE',  ( -0.000000000000000000, -1.000000000000000000, -1.332348806898293597E-16 ) ) ;
#500 = PLANE ( 'NONE',  #6911 ) ;
#501 = CIRCLE ( 'NONE', #5231, 0.1565000000000003610 ) ;
#502 = DIRECTION ( 'NONE',  ( 0.000000000000000000, -1.000000000000000000, -2.967464690054594744E-16 ) ) ;
#503 = ORIENTED_EDGE ( 'NONE', *, *, #543, .T. ) ;
#504 = EDGE_CURVE ( 'NONE', #3638, #11672, #8814, .T. ) ;
#505 = ORIENTED_EDGE ( 'NONE', *, *, #10832, .T. ) ;
#506 = EDGE_LOOP ( 'NONE', ( #3267, #2867, #11990, #11574 ) ) ;
#507 = LINE ( 'NONE', #4552, #9737 ) ;
#508 = CARTESIAN_POINT ( 'NONE',  ( -35.23450000000000415, -0.7999999999999961586, -1.811549999999999994 ) ) ;
#509 = EDGE_CURVE ( 'NONE', #6218, #10632, #9373, .T. ) ;
#510 = DIRECTION ( 'NONE',  ( -0.000000000000000000, -1.000000000000000000, -1.332348806898293597E-16 ) ) ;
#511 = DIRECTION ( 'NONE',  ( -0.000000000000000000, -1.000000000000000000, -1.332348806898293597E-16 ) ) ;
#512 = ADVANCED_FACE ( 'NONE', ( #171 ), #6355, .F. ) ;
#513 = FACE_OUTER_BOUND ( 'NONE', #2216, .T. ) ;
#514 = DIRECTION ( 'NONE',  ( -0.000000000000000000, -1.000000000000000000, -1.332348806898293597E-16 ) ) ;
#515 = CARTESIAN_POINT ( 'NONE',  ( 22.10942500000000521, 0.7000000000000407008, -12.43750000000001066 ) ) ;
#516 = CARTESIAN_POINT ( 'NONE',  ( -21.51567500000000521, -0.4299000000000040012, 14.42187500000000178 ) ) ;
#517 = VERTEX_POINT ( 'NONE', #5155 ) ;
#518 = VERTEX_POINT ( 'NONE', #32 ) ;
#519 = EDGE_CURVE ( 'NONE', #10892, #10107, #11429, .T. ) ;
#520 = CIRCLE ( 'NONE', #8029, 0.1250000000000026368 ) ;
#521 = AXIS2_PLACEMENT_3D ( 'NONE', #11837, #10900, #6628 ) ;
#522 = ORIENTED_EDGE ( 'NONE', *, *, #8697, .F. ) ;
#523 = DIRECTION ( 'NONE',  ( 0.000000000000000000, 0.000000000000000000, -1.000000000000000000 ) ) ;
#524 = ORIENTED_EDGE ( 'NONE', *, *, #7613, .F. ) ;
#525 = CARTESIAN_POINT ( 'NONE',  ( 26.09352500000000674, -0.6953999999999963544, -14.89539999999999687 ) ) ;
#526 = EDGE_LOOP ( 'NONE', ( #2971, #7451, #8211, #8301 ) ) ;
#527 = VERTEX_POINT ( 'NONE', #11695 ) ;
#528 = CARTESIAN_POINT ( 'NONE',  ( 3.906499999999998529, -0.6953999999999976867, -14.89539999999999509 ) ) ;
#529 = VECTOR ( 'NONE', #8689, 39.37007874015748143 ) ;
#530 = CARTESIAN_POINT ( 'NONE',  ( -21.60942500000000521, -0.4299000000000040012, 14.42187500000000178 ) ) ;
#531 = CARTESIAN_POINT ( 'NONE',  ( -35.93750000000000000, -0.6641500000000034598, 14.89540000000000042 ) ) ;
#532 = DIRECTION ( 'NONE',  ( 0.000000000000000000, 0.000000000000000000, -1.000000000000000000 ) ) ;
#533 = LINE ( 'NONE', #11739, #9510 ) ;
#534 = ORIENTED_EDGE ( 'NONE', *, *, #655, .F. ) ;
#535 = EDGE_CURVE ( 'NONE', #3197, #1104, #2323, .T. ) ;
#536 = AXIS2_PLACEMENT_3D ( 'NONE', #3048, #10419, #5200 ) ;
#537 = ORIENTED_EDGE ( 'NONE', *, *, #10605, .T. ) ;
#538 = ORIENTED_EDGE ( 'NONE', *, *, #12764, .F. ) ;
#539 = CARTESIAN_POINT ( 'NONE',  ( -26.09352500000000674, -0.5499999999999958256, 14.53099999999999703 ) ) ;
#540 = ORIENTED_EDGE ( 'NONE', *, *, #10085, .T. ) ;
#541 = VECTOR ( 'NONE', #9194, 39.37007874015748143 ) ;
#542 = DIRECTION ( 'NONE',  ( 1.000000000000000000, 0.000000000000000000, 0.000000000000000000 ) ) ;
#543 = EDGE_CURVE ( 'NONE', #8595, #7745, #3460, .T. ) ;
#544 = CARTESIAN_POINT ( 'NONE',  ( -35.93750000000000000, 0.000000000000000000, 14.78124999999999822 ) ) ;
#545 = CARTESIAN_POINT ( 'NONE',  ( 26.25002500000000794, -0.7999999999999926059, -14.53099999999998992 ) ) ;
#546 = PLANE ( 'NONE',  #7010 ) ;
#547 = CARTESIAN_POINT ( 'NONE',  ( 35.93750000000000000, 0.7000000000000000666, 15.00000000000000000 ) ) ;
#548 = CARTESIAN_POINT ( 'NONE',  ( -22.20317500000001232, 0.3358499999999960961, -14.79687500000000000 ) ) ;
#549 = VECTOR ( 'NONE', #9975, 39.37007874015748143 ) ;
#550 = CARTESIAN_POINT ( 'NONE',  ( 26.09352500000000674, -0.7999999999999926059, -14.34399999999999586 ) ) ;
#551 = ORIENTED_EDGE ( 'NONE', *, *, #8353, .T. ) ;
#552 = AXIS2_PLACEMENT_3D ( 'NONE', #2254, #6358, #11500 ) ;
#553 = VERTEX_POINT ( 'NONE', #10501 ) ;
#554 = EDGE_CURVE ( 'NONE', #7414, #2929, #10943, .T. ) ;
#555 = AXIS2_PLACEMENT_3D ( 'NONE', #1917, #4801, #10170 ) ;
#556 = ORIENTED_EDGE ( 'NONE', *, *, #668, .T. ) ;
#557 = CARTESIAN_POINT ( 'NONE',  ( -17.00582500000000863, -0.7999999999999951594, 14.53100000000000058 ) ) ;
#558 = EDGE_CURVE ( 'NONE', #4709, #7207, #7619, .T. ) ;
#559 = CYLINDRICAL_SURFACE ( 'NONE', #6545, 0.1565000000000003610 ) ;
#560 = CARTESIAN_POINT ( 'NONE',  ( -35.91709999999999781, -0.2096999999999985820, 5.875000000000000000 ) ) ;
#561 = DIRECTION ( 'NONE',  ( -0.000000000000000000, -0.000000000000000000, -1.000000000000000000 ) ) ;
#562 = CARTESIAN_POINT ( 'NONE',  ( -32.13110000000000355, -0.6954000000000000181, -14.68749999999999467 ) ) ;
#563 = PLANE ( 'NONE',  #8619 ) ;
#564 = CARTESIAN_POINT ( 'NONE',  ( -35.91710000000000491, -0.6341000000000001080, -13.78219999999999956 ) ) ;
#565 = CIRCLE ( 'NONE', #788, 0.1250000000000037192 ) ;
#566 = CARTESIAN_POINT ( 'NONE',  ( 21.89067499999999455, -0.6207000000000038042, 2.539385547245945812E-15 ) ) ;
#567 = ORIENTED_EDGE ( 'NONE', *, *, #7574, .F. ) ;
#568 = EDGE_CURVE ( 'NONE', #3820, #12550, #3667, .T. ) ;
#569 = EDGE_CURVE ( 'NONE', #6818, #3352, #9570, .T. ) ;
#570 = VERTEX_POINT ( 'NONE', #10756 ) ;
#571 = AXIS2_PLACEMENT_3D ( 'NONE', #3432, #1414, #9540 ) ;
#572 = AXIS2_PLACEMENT_3D ( 'NONE', #6534, #1097, #153 ) ;
#573 = ORIENTED_EDGE ( 'NONE', *, *, #10610, .F. ) ;
#574 = CARTESIAN_POINT ( 'NONE',  ( -20.99657499999999999, 0.3358499999999960961, -14.79687500000000000 ) ) ;
#575 = DIRECTION ( 'NONE',  ( -1.000000000000000000, 0.000000000000000000, 0.000000000000000000 ) ) ;
#576 = DIRECTION ( 'NONE',  ( -0.000000000000000000, -2.967464690054594744E-16, 1.000000000000000000 ) ) ;
#577 = DIRECTION ( 'NONE',  ( 0.000000000000000000, 0.000000000000000000, -1.000000000000000000 ) ) ;
#578 = LINE ( 'NONE', #6630, #11188 ) ;
#579 = DIRECTION ( 'NONE',  ( -0.000000000000000000, -1.000000000000000000, -1.332348806898293597E-16 ) ) ;
#580 = CARTESIAN_POINT ( 'NONE',  ( 32.13110000000001065, -0.5499999999999921618, -14.68749999999997335 ) ) ;
#581 = VECTOR ( 'NONE', #7173, 39.37007874015748143 ) ;
#582 = CARTESIAN_POINT ( 'NONE',  ( -35.94045000000000556, -0.8000000000000000444, -13.78219999999999956 ) ) ;
#583 = ORIENTED_EDGE ( 'NONE', *, *, #9260, .T. ) ;
#584 = VECTOR ( 'NONE', #514, 39.37007874015748143 ) ;
#585 = AXIS2_PLACEMENT_3D ( 'NONE', #11071, #1820, #4988 ) ;
#586 = ORIENTED_EDGE ( 'NONE', *, *, #5840, .F. ) ;
#587 = EDGE_CURVE ( 'NONE', #403, #3729, #1310, .T. ) ;
#588 = ORIENTED_EDGE ( 'NONE', *, *, #11411, .F. ) ;
#589 = FACE_BOUND ( 'NONE', #11865, .T. ) ;
#590 = VERTEX_POINT ( 'NONE', #12574 ) ;
#591 = EDGE_CURVE ( 'NONE', #10511, #5724, #2447, .T. ) ;
#592 = DIRECTION ( 'NONE',  ( 0.000000000000000000, 0.000000000000000000, -1.000000000000000000 ) ) ;
#593 = ORIENTED_EDGE ( 'NONE', *, *, #8715, .F. ) ;
#594 = AXIS2_PLACEMENT_3D ( 'NONE', #38, #8423, #11485 ) ;
#595 = VERTEX_POINT ( 'NONE', #2517 ) ;
#596 = CARTESIAN_POINT ( 'NONE',  ( -35.13110000000000355, -0.5499999999999961586, 14.31249999999999822 ) ) ;
#597 = EDGE_CURVE ( 'NONE', #2838, #457, #10635, .T. ) ;
#598 = CARTESIAN_POINT ( 'NONE',  ( 7.327925000000007572, -0.5499999999999936051, -14.34399999999999054 ) ) ;
#599 = DIRECTION ( 'NONE',  ( 0.000000000000000000, -1.000000000000000000, -2.967464690054594744E-16 ) ) ;
#600 = CARTESIAN_POINT ( 'NONE',  ( -22.09727500000001044, -0.5895000000000039098, -14.79687500000000000 ) ) ;
#601 = CARTESIAN_POINT ( 'NONE',  ( 36.02170000000000272, -0.6340999999999995529, 14.78124999999999822 ) ) ;
#602 = VERTEX_POINT ( 'NONE', #298 ) ;
#603 = EDGE_LOOP ( 'NONE', ( #4215, #11814 ) ) ;
#604 = VERTEX_POINT ( 'NONE', #367 ) ;
#605 = CARTESIAN_POINT ( 'NONE',  ( -21.89092500000000285, -0.7999999999999953815, -14.53099999999999348 ) ) ;
#606 = ORIENTED_EDGE ( 'NONE', *, *, #818, .T. ) ;
#607 = ADVANCED_FACE ( 'NONE', ( #4539 ), #5419, .F. ) ;
#608 = VERTEX_POINT ( 'NONE', #9503 ) ;
#609 = DIRECTION ( 'NONE',  ( -0.000000000000000000, -1.000000000000000000, -1.332348806898293597E-16 ) ) ;
#610 = DIRECTION ( 'NONE',  ( -0.000000000000000000, -0.000000000000000000, -1.000000000000000000 ) ) ;
#611 = CARTESIAN_POINT ( 'NONE',  ( -21.73442500000000877, -0.4299000000000040012, 14.42187500000000178 ) ) ;
#612 = CARTESIAN_POINT ( 'NONE',  ( -35.23450000000000415, -0.7999999999999961586, 8.311550000000000438 ) ) ;
#613 = CARTESIAN_POINT ( 'NONE',  ( 11.09352499999999964, -0.6953999999999973536, -14.89539999999999864 ) ) ;
#614 = DIRECTION ( 'NONE',  ( -0.000000000000000000, -1.000000000000000000, -1.332348806898293597E-16 ) ) ;
#615 = ORIENTED_EDGE ( 'NONE', *, *, #1915, .F. ) ;
#616 = EDGE_CURVE ( 'NONE', #9000, #7447, #9760, .T. ) ;
#617 = EDGE_CURVE ( 'NONE', #10927, #3163, #6111, .T. ) ;
#618 = VERTEX_POINT ( 'NONE', #8567 ) ;
#619 = ORIENTED_EDGE ( 'NONE', *, *, #11835, .T. ) ;
#620 = ORIENTED_EDGE ( 'NONE', *, *, #945, .T. ) ;
#621 = CARTESIAN_POINT ( 'NONE',  ( -26.09352500000000674, -0.6954000000000036819, 14.53099999999999703 ) ) ;
#622 = DIRECTION ( 'NONE',  ( 0.000000000000000000, 0.000000000000000000, 1.000000000000000000 ) ) ;
#623 = CARTESIAN_POINT ( 'NONE',  ( -21.73442500000000521, -0.6953999999999993520, -14.53099999999999170 ) ) ;
#624 = CARTESIAN_POINT ( 'NONE',  ( -28.22460000000000946, -0.5499999999999959366, 14.53100000000000058 ) ) ;
#625 = DIRECTION ( 'NONE',  ( 0.000000000000000000, 0.000000000000000000, -1.000000000000000000 ) ) ;
#626 = CYLINDRICAL_SURFACE ( 'NONE', #1540, 0.1250000000000015266 ) ;
#627 = LINE ( 'NONE', #4731, #12482 ) ;
#628 = CARTESIAN_POINT ( 'NONE',  ( 26.09352500000000674, -0.5499999999999926059, -14.34399999999999586 ) ) ;
#629 = ORIENTED_EDGE ( 'NONE', *, *, #1413, .F. ) ;
#630 = EDGE_CURVE ( 'NONE', #733, #413, #4599, .T. ) ;
#631 = VERTEX_POINT ( 'NONE', #8690 ) ;
#633 = VERTEX_POINT ( 'NONE', #12641 ) ;
#632 = PRODUCT_DEFINITION ( 'UNKNOWN', '', #11704, #10186 ) ;
#634 = CIRCLE ( 'NONE', #12645, 0.1565000000000003610 ) ;
#635 = EDGE_LOOP ( 'NONE', ( #4752, #4815, #4339, #5224 ) ) ;
#636 = LINE ( 'NONE', #2533, #3958 ) ;
#637 = CARTESIAN_POINT ( 'NONE',  ( -3.749999999999997780, -0.6953999999999982418, -14.34399999999999409 ) ) ;
#638 = FACE_OUTER_BOUND ( 'NONE', #3146, .T. ) ;
#639 = DIRECTION ( 'NONE',  ( 1.240959386601371334E-16, -1.000000000000000000, 0.000000000000000000 ) ) ;
#640 = DIRECTION ( 'NONE',  ( 1.240959386601371334E-16, -1.000000000000000000, 0.000000000000000000 ) ) ;
#641 = CARTESIAN_POINT ( 'NONE',  ( 36.02170000000000272, -0.2096999999999985820, -13.87500000000000000 ) ) ;
#642 = LINE ( 'NONE', #9040, #165 ) ;
#643 = LINE ( 'NONE', #13048, #6826 ) ;
#644 = AXIS2_PLACEMENT_3D ( 'NONE', #4122, #11149, #1228 ) ;
#645 = CARTESIAN_POINT ( 'NONE',  ( -28.53760000000000474, -0.7999999999999958256, -14.34399999999999942 ) ) ;
#646 = ORIENTED_EDGE ( 'NONE', *, *, #5438, .T. ) ;
#647 = VERTEX_POINT ( 'NONE', #6616 ) ;
#648 = VECTOR ( 'NONE', #4839, 39.37007874015748143 ) ;
#649 = AXIS2_PLACEMENT_3D ( 'NONE', #2574, #9491, #8615 ) ;
#650 = EDGE_LOOP ( 'NONE', ( #6586, #12499, #1073, #2753 ) ) ;
#651 = PLANE ( 'NONE',  #3607 ) ;
#652 = ORIENTED_EDGE ( 'NONE', *, *, #7474, .T. ) ;
#653 = CARTESIAN_POINT ( 'NONE',  ( -18.75002500000000438, -0.5499999999999952704, -14.68749999999999112 ) ) ;
#654 = EDGE_LOOP ( 'NONE', ( #3771, #1146, #7053, #4722 ) ) ;
#655 = EDGE_CURVE ( 'NONE', #7563, #11102, #10699, .T. ) ;
#656 = ORIENTED_EDGE ( 'NONE', *, *, #3735, .T. ) ;
#657 = CARTESIAN_POINT ( 'NONE',  ( 36.02170000000000272, -0.2096999999999985820, -14.00000000000000355 ) ) ;
#658 = CIRCLE ( 'NONE', #1952, 0.2187500000000015821 ) ;
#659 = CARTESIAN_POINT ( 'NONE',  ( -21.35942500000000521, -0.4299000000000038346, 2.512596398514597499E-15 ) ) ;
#660 = AXIS2_PLACEMENT_3D ( 'NONE', #7751, #12704, #2584 ) ;
#661 = LINE ( 'NONE', #9732, #6385 ) ;
#662 = ADVANCED_FACE ( 'NONE', ( #6547 ), #1441, .F. ) ;
#663 = CARTESIAN_POINT ( 'NONE',  ( 35.93750000000000000, 0.5954000000000035930, -14.78124999999999822 ) ) ;
#664 = FACE_OUTER_BOUND ( 'NONE', #13204, .T. ) ;
#665 = ORIENTED_EDGE ( 'NONE', *, *, #9033, .T. ) ;
#666 = CIRCLE ( 'NONE', #7100, 0.1250000000000015266 ) ;
#667 = VECTOR ( 'NONE', #9006, 39.37007874015748143 ) ;
#668 = EDGE_CURVE ( 'NONE', #1527, #9338, #11863, .T. ) ;
#669 = ORIENTED_EDGE ( 'NONE', *, *, #10215, .T. ) ;
#670 = VERTEX_POINT ( 'NONE', #12089 ) ;
#671 = CARTESIAN_POINT ( 'NONE',  ( -35.23450000000000415, -0.7999999999999961586, 8.561550000000005767 ) ) ;
#672 = ORIENTED_EDGE ( 'NONE', *, *, #4794, .F. ) ;
#673 = EDGE_CURVE ( 'NONE', #7335, #1937, #11887, .T. ) ;
#674 = CIRCLE ( 'NONE', #1112, 0.2187500000000015821 ) ;
#675 = FACE_OUTER_BOUND ( 'NONE', #1532, .T. ) ;
#676 = VERTEX_POINT ( 'NONE', #4791 ) ;
#677 = CARTESIAN_POINT ( 'NONE',  ( 35.91710000000000491, -0.6341000000000001080, -13.78219999999999956 ) ) ;
#678 = DIRECTION ( 'NONE',  ( 0.000000000000000000, -0.000000000000000000, -1.000000000000000000 ) ) ;
#679 = CARTESIAN_POINT ( 'NONE',  ( -35.13110000000000355, -0.6954000000000000181, 14.56250000000000533 ) ) ;
#680 = DIRECTION ( 'NONE',  ( 1.000000000000000000, -0.000000000000000000, 0.000000000000000000 ) ) ;
#681 = EDGE_CURVE ( 'NONE', #3199, #11662, #2028, .T. ) ;
#682 = DIRECTION ( 'NONE',  ( 0.000000000000000000, 0.000000000000000000, -1.000000000000000000 ) ) ;
#683 = AXIS2_PLACEMENT_3D ( 'NONE', #2222, #5384, #8538 ) ;
#684 = VERTEX_POINT ( 'NONE', #11957 ) ;
#685 = ORIENTED_EDGE ( 'NONE', *, *, #1497, .T. ) ;
#686 = EDGE_CURVE ( 'NONE', #3623, #12255, #10172, .T. ) ;
#687 = ORIENTED_EDGE ( 'NONE', *, *, #8627, .F. ) ;
#688 = EDGE_LOOP ( 'NONE', ( #10073, #2947, #11540, #6849 ) ) ;
#689 = CARTESIAN_POINT ( 'NONE',  ( -11.40652500000000380, -0.6953999999999987969, -14.34399999999999764 ) ) ;
#690 = AXIS2_PLACEMENT_3D ( 'NONE', #13247, #12181, #10964 ) ;
#691 = CARTESIAN_POINT ( 'NONE',  ( -18.75002500000000438, -0.6953999999999992410, -14.68749999999999112 ) ) ;
#692 = DIRECTION ( 'NONE',  ( -1.000000000000000000, 0.000000000000000000, 0.000000000000000000 ) ) ;
#693 = LINE ( 'NONE', #5804, #8716 ) ;
#694 = LENGTH_MEASURE_WITH_UNIT ( LENGTH_MEASURE( 0.02539999999999999897 ), #6739 );
#695 = DIRECTION ( 'NONE',  ( 0.000000000000000000, -0.000000000000000000, -1.000000000000000000 ) ) ;
#696 = CARTESIAN_POINT ( 'NONE',  ( 36.02170000000000272, -0.6340999999999995529, 14.78240000000000087 ) ) ;
#697 = DIRECTION ( 'NONE',  ( -0.000000000000000000, -1.000000000000000000, -1.332348806898293597E-16 ) ) ;
#698 = ORIENTED_EDGE ( 'NONE', *, *, #5393, .T. ) ;
#699 = EDGE_CURVE ( 'NONE', #1612, #401, #8466, .T. ) ;
#700 = AXIS2_PLACEMENT_3D ( 'NONE', #10052, #5161, #3073 ) ;
#701 = AXIS2_PLACEMENT_3D ( 'NONE', #10150, #10409, #3977 ) ;
#702 = ORIENTED_EDGE ( 'NONE', *, *, #8641, .F. ) ;
#703 = DIRECTION ( 'NONE',  ( 0.000000000000000000, 0.000000000000000000, -1.000000000000000000 ) ) ;
#704 = ORIENTED_EDGE ( 'NONE', *, *, #3601, .T. ) ;
#705 = ORIENTED_EDGE ( 'NONE', *, *, #9097, .F. ) ;
#706 = FACE_OUTER_BOUND ( 'NONE', #7196, .T. ) ;
#707 = CARTESIAN_POINT ( 'NONE',  ( 21.98442499999999811, -0.6954000000000041259, 12.43750000000000178 ) ) ;
#708 = CARTESIAN_POINT ( 'NONE',  ( 3.749999999999997780, -0.5499999999999939382, -14.53099999999998815 ) ) ;
#709 = AXIS2_PLACEMENT_3D ( 'NONE', #12998, #7924, #11998 ) ;
#710 = DIRECTION ( 'NONE',  ( -1.000000000000000000, -5.463695987328555033E-16, -0.000000000000000000 ) ) ;
#711 = CYLINDRICAL_SURFACE ( 'NONE', #8421, 0.1565000000000003610 ) ;
#712 = EDGE_CURVE ( 'NONE', #3573, #1800, #6871, .T. ) ;
#713 = EDGE_CURVE ( 'NONE', #2904, #1694, #3313, .T. ) ;
#714 = DIRECTION ( 'NONE',  ( -0.000000000000000000, -1.000000000000000000, -1.332348806898293597E-16 ) ) ;
#715 = DIRECTION ( 'NONE',  ( 0.000000000000000000, 0.000000000000000000, -1.000000000000000000 ) ) ;
#716 = DIRECTION ( 'NONE',  ( 1.000000000000000000, 0.000000000000000000, 0.000000000000000000 ) ) ;
#717 = ORIENTED_EDGE ( 'NONE', *, *, #9150, .F. ) ;
#718 = ORIENTED_EDGE ( 'NONE', *, *, #712, .T. ) ;
#719 = VECTOR ( 'NONE', #10525, 39.37007874015748143 ) ;
#720 = ORIENTED_EDGE ( 'NONE', *, *, #2326, .F. ) ;
#721 = CARTESIAN_POINT ( 'NONE',  ( -3.906500000000002526, -0.5499999999999943823, 14.53100000000000058 ) ) ;
#722 = ADVANCED_FACE ( 'NONE', ( #10028 ), #1701, .F. ) ;
#723 = ORIENTED_EDGE ( 'NONE', *, *, #2034, .F. ) ;
#724 = CARTESIAN_POINT ( 'NONE',  ( 17.31882500000000391, -0.5499999999999931610, -14.34399999999999764 ) ) ;
#725 = ORIENTED_EDGE ( 'NONE', *, *, #10044, .T. ) ;
#726 = ORIENTED_EDGE ( 'NONE', *, *, #7051, .F. ) ;
#727 = DIRECTION ( 'NONE',  ( -0.000000000000000000, -0.000000000000000000, 1.000000000000000000 ) ) ;
#728 = CARTESIAN_POINT ( 'NONE',  ( 36.02170000000000272, 0.6999999999999995115, 14.78124999999999822 ) ) ;
#729 = DIRECTION ( 'NONE',  ( 0.000000000000000000, 0.000000000000000000, -1.000000000000000000 ) ) ;
#730 = VECTOR ( 'NONE', #10711, 39.37007874015748143 ) ;
#731 = CYLINDRICAL_SURFACE ( 'NONE', #10941, 0.1059000000000017289 ) ;
#732 = LINE ( 'NONE', #13129, #11207 ) ;
#733 = VERTEX_POINT ( 'NONE', #7949 ) ;
#734 = AXIS2_PLACEMENT_3D ( 'NONE', #4743, #4615, #4554 ) ;
#735 = EDGE_CURVE ( 'NONE', #3253, #2316, #12517, .T. ) ;
#736 = ORIENTED_EDGE ( 'NONE', *, *, #3055, .F. ) ;
#737 = EDGE_CURVE ( 'NONE', #6883, #13018, #11822, .T. ) ;
#738 = VECTOR ( 'NONE', #5569, 39.37007874015748143 ) ;
#739 = EDGE_LOOP ( 'NONE', ( #8319, #6733, #7931, #12701 ) ) ;
#740 = DIRECTION ( 'NONE',  ( -0.000000000000000000, -0.000000000000000000, -1.000000000000000000 ) ) ;
#741 = EDGE_LOOP ( 'NONE', ( #12154, #4872, #9342, #12015, #5119 ) ) ;
#742 = DIRECTION ( 'NONE',  ( 0.000000000000000000, 0.000000000000000000, -1.000000000000000000 ) ) ;
#743 = ORIENTED_EDGE ( 'NONE', *, *, #2398, .T. ) ;
#744 = FACE_OUTER_BOUND ( 'NONE', #197, .T. ) ;
#745 = VECTOR ( 'NONE', #1938, 39.37007874015748143 ) ;
#746 = CARTESIAN_POINT ( 'NONE',  ( 21.89092499999999930, -0.5499999999999928280, -14.34399999999999764 ) ) ;
#747 = FACE_OUTER_BOUND ( 'NONE', #9309, .T. ) ;
#748 = CARTESIAN_POINT ( 'NONE',  ( -25.98425196850394059, 0.7000000000000049516, 3.543307086614173151 ) ) ;
#749 = CARTESIAN_POINT ( 'NONE',  ( 3.750000000000002220, -0.5499999999999939382, 14.34400000000000652 ) ) ;
#750 = VERTEX_POINT ( 'NONE', #8014 ) ;
#751 = AXIS2_PLACEMENT_3D ( 'NONE', #1210, #201, #4306 ) ;
#752 = CIRCLE ( 'NONE', #8680, 0.08124999999999903133 ) ;
#753 = ORIENTED_EDGE ( 'NONE', *, *, #1413, .T. ) ;
#754 = ORIENTED_EDGE ( 'NONE', *, *, #1481, .F. ) ;
#755 = EDGE_CURVE ( 'NONE', #6818, #7576, #12935, .T. ) ;
#756 = VERTEX_POINT ( 'NONE', #6935 ) ;
#757 = AXIS2_PLACEMENT_3D ( 'NONE', #10386, #4354, #10579 ) ;
#758 = FACE_BOUND ( 'NONE', #1191, .T. ) ;
#759 = VECTOR ( 'NONE', #285, 39.37007874015748143 ) ;
#760 = CARTESIAN_POINT ( 'NONE',  ( -11.09352500000000852, -0.5499999999999948264, 14.53100000000000058 ) ) ;
#761 = CARTESIAN_POINT ( 'NONE',  ( -21.73442500000000521, -0.4299000000000040012, -14.42187500000001066 ) ) ;
#762 = LINE ( 'NONE', #624, #12773 ) ;
#763 = DIRECTION ( 'NONE',  ( 0.000000000000000000, -1.000000000000000000, 0.000000000000000000 ) ) ;
#764 = EDGE_CURVE ( 'NONE', #1122, #4258, #6, .T. ) ;
#765 = LINE ( 'NONE', #4861, #4787 ) ;
#766 = AXIS2_PLACEMENT_3D ( 'NONE', #12595, #9584, #3413 ) ;
#767 = CARTESIAN_POINT ( 'NONE',  ( 36.02170000000000272, -0.2096999999999985820, -13.74999999999999645 ) ) ;
#768 = EDGE_LOOP ( 'NONE', ( #13233, #9851, #3768, #1419 ) ) ;
#769 = AXIS2_PLACEMENT_3D ( 'NONE', #2996, #10957, #13238 ) ;
#770 = EDGE_LOOP ( 'NONE', ( #1046, #10368, #3690, #593 ) ) ;
#771 = CIRCLE ( 'NONE', #9998, 0.1250000000000000000 ) ;
#772 = DIRECTION ( 'NONE',  ( -0.000000000000000000, -1.000000000000000000, -1.332348806898293597E-16 ) ) ;
#773 = VERTEX_POINT ( 'NONE', #7884 ) ;
#774 = ORIENTED_EDGE ( 'NONE', *, *, #3584, .T. ) ;
#775 = DIRECTION ( 'NONE',  ( 1.240959386601371334E-16, -1.000000000000000000, 0.000000000000000000 ) ) ;
#776 = CARTESIAN_POINT ( 'NONE',  ( -18.59352500000000674, -0.7999999999999952704, 14.53099999999999703 ) ) ;
#777 = ADVANCED_FACE ( 'NONE', ( #2782 ), #11015, .F. ) ;
#778 = CARTESIAN_POINT ( 'NONE',  ( 35.13110000000001065, -0.7999999999999918288, -14.43749999999997335 ) ) ;
#779 = CARTESIAN_POINT ( 'NONE',  ( -21.48442500000000521, -0.4299000000000038346, 2.527904483503939786E-15 ) ) ;
#780 = FACE_OUTER_BOUND ( 'NONE', #2888, .T. ) ;
#781 = LINE ( 'NONE', #10965, #8317 ) ;
#782 = DIRECTION ( 'NONE',  ( 0.000000000000000000, -1.000000000000000000, -2.967464690054594744E-16 ) ) ;
#783 = CARTESIAN_POINT ( 'NONE',  ( 0.000000000000000000, -0.6340999999999995529, 14.78124999999999822 ) ) ;
#784 = ORIENTED_EDGE ( 'NONE', *, *, #8333, .T. ) ;
#785 = EDGE_CURVE ( 'NONE', #11590, #7829, #10948, .T. ) ;
#786 = ORIENTED_EDGE ( 'NONE', *, *, #9631, .F. ) ;
#787 = VECTOR ( 'NONE', #5591, 39.37007874015748143 ) ;
#788 = AXIS2_PLACEMENT_3D ( 'NONE', #434, #237, #4541 ) ;
#789 = ORIENTED_EDGE ( 'NONE', *, *, #3034, .F. ) ;
#790 = LINE ( 'NONE', #13054, #11952 ) ;
#791 = ORIENTED_EDGE ( 'NONE', *, *, #7249, .F. ) ;
#792 = CARTESIAN_POINT ( 'NONE',  ( -28.22460000000000946, -0.6953999999999996851, 13.97959999999999958 ) ) ;
#793 = DIRECTION ( 'NONE',  ( -1.000000000000000000, 0.000000000000000000, 0.000000000000000000 ) ) ;
#794 = VERTEX_POINT ( 'NONE', #9828 ) ;
#796 = CARTESIAN_POINT ( 'NONE',  ( -21.89092500000000285, -0.6953999999999992410, -14.89539999999999864 ) ) ;
#795 = VECTOR ( 'NONE', #4619, 39.37007874015748143 ) ;
#797 = DIRECTION ( 'NONE',  ( 0.000000000000000000, 0.000000000000000000, -1.000000000000000000 ) ) ;
#798 = DIRECTION ( 'NONE',  ( 1.000000000000000000, 0.000000000000000000, 0.000000000000000000 ) ) ;
#799 = CARTESIAN_POINT ( 'NONE',  ( 21.73442499999999811, -0.7999999999999928280, -14.34399999999999764 ) ) ;
#800 = VECTOR ( 'NONE', #12847, 39.37007874015748143 ) ;
#801 = AXIS2_PLACEMENT_3D ( 'NONE', #12880, #5541, #3706 ) ;
#802 = CARTESIAN_POINT ( 'NONE',  ( -18.90652500000000558, -0.7999999999999952704, -14.34399999999999586 ) ) ;
#803 = CARTESIAN_POINT ( 'NONE',  ( -36.02170000000000272, 0.6999999999999995115, 14.78124999999999822 ) ) ;
#804 = EDGE_LOOP ( 'NONE', ( #8231, #1966, #3996, #9898 ) ) ;
#805 = EDGE_CURVE ( 'NONE', #6717, #1270, #4726, .T. ) ;
#806 = EDGE_CURVE ( 'NONE', #518, #9532, #12894, .T. ) ;
#807 = AXIS2_PLACEMENT_3D ( 'NONE', #13125, #12265, #3955 ) ;
#808 = VERTEX_POINT ( 'NONE', #1837 ) ;
#809 = VECTOR ( 'NONE', #6664, 39.37007874015748143 ) ;
#810 = AXIS2_PLACEMENT_3D ( 'NONE', #8471, #4175, #3172 ) ;
#811 = ORIENTED_EDGE ( 'NONE', *, *, #12620, .F. ) ;
#812 = CARTESIAN_POINT ( 'NONE',  ( 21.37157499999998933, -0.6954000000000040149, 14.79687500000000000 ) ) ;
#813 = VERTEX_POINT ( 'NONE', #9021 ) ;
#814 = DIRECTION ( 'NONE',  ( -0.000000000000000000, -1.229331597148918448E-16, 1.000000000000000000 ) ) ;
#815 = ORIENTED_EDGE ( 'NONE', *, *, #3982, .F. ) ;
#816 = LINE ( 'NONE', #6721, #885 ) ;
#817 = VECTOR ( 'NONE', #6672, 39.37007874015748143 ) ;
#818 = EDGE_CURVE ( 'NONE', #6901, #63, #10925, .T. ) ;
#819 = DIRECTION ( 'NONE',  ( -0.000000000000000000, -1.000000000000000000, -1.332348806898293597E-16 ) ) ;
#820 = PLANE ( 'NONE',  #1997 ) ;
#821 = DIRECTION ( 'NONE',  ( 0.000000000000000000, -1.000000000000000000, -1.332348806898293597E-16 ) ) ;
#822 = CARTESIAN_POINT ( 'NONE',  ( -28.53760000000000829, -0.6953999999999996851, 13.97959999999999958 ) ) ;
#823 = AXIS2_PLACEMENT_3D ( 'NONE', #116, #4226, #3150 ) ;
#824 = ORIENTED_EDGE ( 'NONE', *, *, #2348, .T. ) ;
#825 = VERTEX_POINT ( 'NONE', #1972 ) ;
#826 = AXIS2_PLACEMENT_3D ( 'NONE', #3851, #1635, #5870 ) ;
#827 = ORIENTED_EDGE ( 'NONE', *, *, #2657, .F. ) ;
#828 = ORIENTED_EDGE ( 'NONE', *, *, #8575, .F. ) ;
#829 = DIRECTION ( 'NONE',  ( 0.000000000000000000, 0.000000000000000000, -1.000000000000000000 ) ) ;
#830 = CARTESIAN_POINT ( 'NONE',  ( 29.52755905511811108, 0.7000000000000352607, -2.098059259134154152E-13 ) ) ;
#831 = DIRECTION ( 'NONE',  ( -0.000000000000000000, -1.000000000000000000, -1.332348806898293597E-16 ) ) ;
#832 = CARTESIAN_POINT ( 'NONE',  ( 22.50347500000000167, 0.4608499999999960961, 14.79687500000000000 ) ) ;
#833 = LINE ( 'NONE', #8084, #2827 ) ;
#834 = DIRECTION ( 'NONE',  ( 0.000000000000000000, 0.000000000000000000, -1.000000000000000000 ) ) ;
#835 = EDGE_CURVE ( 'NONE', #11597, #6883, #3019, .T. ) ;
#836 = LINE ( 'NONE', #4937, #3233 ) ;
#837 = ORIENTED_EDGE ( 'NONE', *, *, #4928, .F. ) ;
#838 = ORIENTED_EDGE ( 'NONE', *, *, #3010, .T. ) ;
#839 = EDGE_CURVE ( 'NONE', #6816, #281, #220, .T. ) ;
#840 = DIRECTION ( 'NONE',  ( 1.000000000000000000, -0.000000000000000000, -0.000000000000000000 ) ) ;
#841 = ORIENTED_EDGE ( 'NONE', *, *, #2252, .F. ) ;
#842 = ORIENTED_EDGE ( 'NONE', *, *, #6837, .T. ) ;
#843 = FACE_OUTER_BOUND ( 'NONE', #2180, .T. ) ;
#844 = DIRECTION ( 'NONE',  ( 0.000000000000000000, 0.000000000000000000, 1.000000000000000000 ) ) ;
#845 = CARTESIAN_POINT ( 'NONE',  ( -26.25002500000000794, -0.7999999999999957145, 14.34400000000000119 ) ) ;
#846 = ADVANCED_FACE ( 'NONE', ( #8081 ), #6270, .F. ) ;
#847 = LINE ( 'NONE', #6161, #8925 ) ;
#848 = PLANE ( 'NONE',  #12693 ) ;
#849 = CARTESIAN_POINT ( 'NONE',  ( 22.50347500000000167, -0.5895000000000039098, 14.79687500000000000 ) ) ;
#850 = CARTESIAN_POINT ( 'NONE',  ( -7.484425000000003436, -0.6953999999999985748, -14.53099999999998637 ) ) ;
#851 = FACE_OUTER_BOUND ( 'NONE', #770, .T. ) ;
#852 = EDGE_LOOP ( 'NONE', ( #7844, #1398, #7209, #10171 ) ) ;
#853 = ORIENTED_EDGE ( 'NONE', *, *, #4673, .F. ) ;
#854 = EDGE_CURVE ( 'NONE', #7146, #870, #10296, .T. ) ;
#855 = AXIS2_PLACEMENT_3D ( 'NONE', #4011, #3008, #9183 ) ;
#856 = EDGE_CURVE ( 'NONE', #6511, #7557, #5139, .T. ) ;
#857 = FACE_BOUND ( 'NONE', #5318, .T. ) ;
#858 = VERTEX_POINT ( 'NONE', #960 ) ;
#859 = LINE ( 'NONE', #13056, #12324 ) ;
#860 = CARTESIAN_POINT ( 'NONE',  ( -26.09352500000000674, -0.6953999999999994630, 13.97959999999999603 ) ) ;
#861 = ORIENTED_EDGE ( 'NONE', *, *, #6747, .T. ) ;
#862 = LINE ( 'NONE', #11253, #11454 ) ;
#863 = CARTESIAN_POINT ( 'NONE',  ( -31.97460000000000235, -0.6954000000000036819, 14.53100000000000058 ) ) ;
#864 = DIRECTION ( 'NONE',  ( -1.000000000000000000, 0.000000000000000000, 0.000000000000000000 ) ) ;
#865 = DIRECTION ( 'NONE',  ( 0.000000000000000000, -1.000000000000000000, -2.967464690054594744E-16 ) ) ;
#866 = CARTESIAN_POINT ( 'NONE',  ( -18.75002500000000794, -0.5499999999999952704, 14.53099999999999703 ) ) ;
#867 = CYLINDRICAL_SURFACE ( 'NONE', #9461, 0.1565000000000003610 ) ;
#868 = DIRECTION ( 'NONE',  ( -1.000000000000000000, 0.000000000000000000, 0.000000000000000000 ) ) ;
#869 = AXIS2_PLACEMENT_3D ( 'NONE', #7278, #23, #10167 ) ;
#870 = VERTEX_POINT ( 'NONE', #5201 ) ;
#871 = VECTOR ( 'NONE', #6536, 39.37007874015748143 ) ;
#872 = ORIENTED_EDGE ( 'NONE', *, *, #7591, .F. ) ;
#873 = ORIENTED_EDGE ( 'NONE', *, *, #272, .F. ) ;
#875 = AXIS2_PLACEMENT_3D ( 'NONE', #1658, #3549, #5765 ) ;
#874 = CARTESIAN_POINT ( 'NONE',  ( 28.22460000000000946, -0.7999999999999923839, 14.53100000000000058 ) ) ;
#876 = ORIENTED_EDGE ( 'NONE', *, *, #952, .T. ) ;
#877 = CARTESIAN_POINT ( 'NONE',  ( 22.10942499999999455, -0.4299000000000038346, 2.512596398514597499E-15 ) ) ;
#878 = ORIENTED_EDGE ( 'NONE', *, *, #2294, .T. ) ;
#879 = DIRECTION ( 'NONE',  ( -0.000000000000000000, -1.000000000000000000, -1.332348806898293597E-16 ) ) ;
#880 = CARTESIAN_POINT ( 'NONE',  ( 21.85942499999999811, 0.7000000000000405898, -14.42187500000001066 ) ) ;
#881 = CARTESIAN_POINT ( 'NONE',  ( 28.38110000000001065, -0.6953999999999963544, -14.34399999999999942 ) ) ;
#882 = EDGE_CURVE ( 'NONE', #9916, #4925, #2987, .T. ) ;
#883 = CYLINDRICAL_SURFACE ( 'NONE', #9580, 0.1565000000000003610 ) ;
#884 = ORIENTED_EDGE ( 'NONE', *, *, #7755, .T. ) ;
#885 = VECTOR ( 'NONE', #5856, 39.37007874015748143 ) ;
#886 = ORIENTED_EDGE ( 'NONE', *, *, #4424, .T. ) ;
#887 = CLOSED_SHELL ( 'NONE', ( #2831, #5890, #3965, #7462, #5006, #9074, #1092, #11129, #9720, #10337, #9493, #1127, #1897, #9849, #10033, #1507, #5260, #5726, #1998, #5671, #6508, #1335, #8789, #8152, #2139, #1627, #3115, #12066, #11180, #3941, #6609, #12551, #1460, #7075, #12479, #1674, #10662, #9211, #3079, #160, #1495, #11611, #3715, #9868, #9202, #10523, #2810 ) ) ;
#888 = ORIENTED_EDGE ( 'NONE', *, *, #5042, .F. ) ;
#889 = ORIENTED_EDGE ( 'NONE', *, *, #12633, .F. ) ;
#890 = LINE ( 'NONE', #10025, #2544 ) ;
#891 = CIRCLE ( 'NONE', #683, 0.1565000000000003610 ) ;
#892 = DIRECTION ( 'NONE',  ( 0.000000000000000000, -1.000000000000000000, 0.000000000000000000 ) ) ;
#893 = DIRECTION ( 'NONE',  ( 0.000000000000000000, 0.000000000000000000, 1.000000000000000000 ) ) ;
#894 = FACE_OUTER_BOUND ( 'NONE', #8494, .T. ) ;
#895 = LINE ( 'NONE', #10095, #5681 ) ;
#896 = PLANE ( 'NONE',  #8803 ) ;
#897 = FACE_OUTER_BOUND ( 'NONE', #6278, .T. ) ;
#898 = LINE ( 'NONE', #4797, #8381 ) ;
#899 = ORIENTED_EDGE ( 'NONE', *, *, #12455, .T. ) ;
#900 = ADVANCED_FACE ( 'NONE', ( #152 ), #5068, .F. ) ;
#901 = ORIENTED_EDGE ( 'NONE', *, *, #5538, .F. ) ;
#902 = AXIS2_PLACEMENT_3D ( 'NONE', #1114, #5289, #3327 ) ;
#903 = CARTESIAN_POINT ( 'NONE',  ( 36.02170000000000272, -0.6340999999999995529, 13.78219999999999956 ) ) ;
#904 = EDGE_LOOP ( 'NONE', ( #28, #2617 ) ) ;
#905 = EDGE_CURVE ( 'NONE', #281, #4001, #10510, .T. ) ;
#906 = VERTEX_POINT ( 'NONE', #13225 ) ;
#907 = CARTESIAN_POINT ( 'NONE',  ( -35.13110000000000355, -0.7999999999999961586, -14.43749999999999822 ) ) ;
#908 = DIRECTION ( 'NONE',  ( -0.000000000000000000, -1.000000000000000000, -1.332348806898293597E-16 ) ) ;
#909 = DIRECTION ( 'NONE',  ( -0.000000000000000000, -0.000000000000000000, 1.000000000000000000 ) ) ;
#910 = CARTESIAN_POINT ( 'NONE',  ( -35.23450000000000415, -0.5499999999999961586, -8.436550000000000438 ) ) ;
#911 = CARTESIAN_POINT ( 'NONE',  ( -26.40652500000000558, -0.7999999999999957145, -14.53099999999999170 ) ) ;
#912 = LINE ( 'NONE', #2864, #2727 ) ;
#913 = DIRECTION ( 'NONE',  ( 0.000000000000000000, -1.000000000000000000, -1.332348806898293597E-16 ) ) ;
#914 = EDGE_LOOP ( 'NONE', ( #7366, #2440, #24, #5025 ) ) ;
#915 = CIRCLE ( 'NONE', #3487, 0.1250000000000015266 ) ;
#916 = DIRECTION ( 'NONE',  ( 0.000000000000000000, 0.000000000000000000, -1.000000000000000000 ) ) ;
#917 = CIRCLE ( 'NONE', #3590, 0.1250000000000029143 ) ;
#918 = EDGE_LOOP ( 'NONE', ( #10863, #9431, #1663, #4982 ) ) ;
#919 = ADVANCED_FACE ( 'NONE', ( #7070 ), #9296, .F. ) ;
#920 = EDGE_CURVE ( 'NONE', #9590, #6785, #6448, .T. ) ;
#921 = DIRECTION ( 'NONE',  ( 0.000000000000000000, -1.000000000000000000, -2.967464690054594744E-16 ) ) ;
#922 = CIRCLE ( 'NONE', #11412, 0.1565000000000003610 ) ;
#923 = ORIENTED_EDGE ( 'NONE', *, *, #735, .T. ) ;
#924 = VECTOR ( 'NONE', #10013, 39.37007874015748143 ) ;
#925 = CARTESIAN_POINT ( 'NONE',  ( -21.57817500000000166, -0.4299000000000038346, 12.43750000000000178 ) ) ;
#926 = DIRECTION ( 'NONE',  ( 0.000000000000000000, 0.000000000000000000, -1.000000000000000000 ) ) ;
#927 = VERTEX_POINT ( 'NONE', #7273 ) ;
#928 = CARTESIAN_POINT ( 'NONE',  ( 21.37157499999998933, -0.6954000000000040149, 14.79687500000000000 ) ) ;
#929 = PLANE ( 'NONE',  #9562 ) ;
#930 = CYLINDRICAL_SURFACE ( 'NONE', #3811, 0.2499999999999986955 ) ;
#931 = LINE ( 'NONE', #5035, #8752 ) ;
#932 = DIRECTION ( 'NONE',  ( 1.240959386601371334E-16, -1.000000000000000000, -0.000000000000000000 ) ) ;
#933 = EDGE_CURVE ( 'NONE', #11158, #3849, #9866, .T. ) ;
#934 = DIRECTION ( 'NONE',  ( 1.000000000000000000, 0.000000000000000000, 0.000000000000000000 ) ) ;
#935 = DIRECTION ( 'NONE',  ( 0.000000000000000000, -1.000000000000000000, -2.967464690054594744E-16 ) ) ;
#936 = VERTEX_POINT ( 'NONE', #12293 ) ;
#937 = CIRCLE ( 'NONE', #3297, 0.2187500000000015821 ) ;
#938 = ORIENTED_EDGE ( 'NONE', *, *, #6584, .T. ) ;
#939 = ORIENTED_EDGE ( 'NONE', *, *, #1320, .F. ) ;
#940 = DIRECTION ( 'NONE',  ( 0.000000000000000000, 0.000000000000000000, -1.000000000000000000 ) ) ;
#941 = ORIENTED_EDGE ( 'NONE', *, *, #12764, .T. ) ;
#942 = LINE ( 'NONE', #2767, #7727 ) ;
#943 = VERTEX_POINT ( 'NONE', #3118 ) ;
#944 = FACE_BOUND ( 'NONE', #10319, .T. ) ;
#945 = EDGE_CURVE ( 'NONE', #2484, #11939, #12358, .T. ) ;
#946 = CARTESIAN_POINT ( 'NONE',  ( -35.93750000000000000, 0.000000000000000000, -14.78124999999999822 ) ) ;
#947 = FACE_BOUND ( 'NONE', #2381, .T. ) ;
#948 = DIRECTION ( 'NONE',  ( -1.000000000000000000, 0.000000000000000000, 0.000000000000000000 ) ) ;
#949 = ORIENTED_EDGE ( 'NONE', *, *, #10490, .T. ) ;
#950 = ORIENTED_EDGE ( 'NONE', *, *, #9845, .F. ) ;
#951 = AXIS2_PLACEMENT_3D ( 'NONE', #5555, #3593, #8760 ) ;
#952 = EDGE_CURVE ( 'NONE', #6150, #3573, #7339, .T. ) ;
#953 = AXIS2_PLACEMENT_3D ( 'NONE', #4613, #7632, #1455 ) ;
#954 = ORIENTED_EDGE ( 'NONE', *, *, #7692, .T. ) ;
#955 = EDGE_CURVE ( 'NONE', #10343, #3352, #2770, .T. ) ;
#956 = ORIENTED_EDGE ( 'NONE', *, *, #11296, .F. ) ;
#957 = AXIS2_PLACEMENT_3D ( 'NONE', #2402, #1326, #11445 ) ;
#958 = CARTESIAN_POINT ( 'NONE',  ( 22.47227499999999978, -0.5895000000000039098, -14.79687500000000000 ) ) ;
#959 = FACE_OUTER_BOUND ( 'NONE', #1341, .T. ) ;
#960 = CARTESIAN_POINT ( 'NONE',  ( 21.51567499999999455, -0.6207000000000038042, -14.42187500000001066 ) ) ;
#961 = FACE_BOUND ( 'NONE', #13209, .T. ) ;
#962 = CARTESIAN_POINT ( 'NONE',  ( 21.73442500000000877, -0.5499999999999928280, 14.53100000000000058 ) ) ;
#963 = VECTOR ( 'NONE', #7930, 39.37007874015748143 ) ;
#964 = CARTESIAN_POINT ( 'NONE',  ( 36.02170000000000272, -0.7999999999999994893, 13.78219999999999956 ) ) ;
#965 = VECTOR ( 'NONE', #10634, 39.37007874015748143 ) ;
#966 = CYLINDRICAL_SURFACE ( 'NONE', #2214, 0.1565000000000003610 ) ;
#967 = DIRECTION ( 'NONE',  ( -0.000000000000000000, -1.000000000000000000, -1.332348806898293597E-16 ) ) ;
#968 = VERTEX_POINT ( 'NONE', #11416 ) ;
#969 = EDGE_CURVE ( 'NONE', #13140, #412, #2172, .T. ) ;
#970 = ORIENTED_EDGE ( 'NONE', *, *, #12835, .F. ) ;
#971 = CIRCLE ( 'NONE', #5496, 0.1565000000000003610 ) ;
#972 = EDGE_CURVE ( 'NONE', #11008, #6671, #411, .T. ) ;
#973 = CARTESIAN_POINT ( 'NONE',  ( 0.000000000000000000, 0.000000000000000000, 14.78124999999999822 ) ) ;
#974 = EDGE_LOOP ( 'NONE', ( #11828, #12047, #9630, #3618 ) ) ;
#975 = CARTESIAN_POINT ( 'NONE',  ( -17.16232500000000627, -0.6953999999999991299, -14.53099999999999170 ) ) ;
#976 = ORIENTED_EDGE ( 'NONE', *, *, #1577, .F. ) ;
#977 = DIRECTION ( 'NONE',  ( -0.000000000000000000, -1.000000000000000000, -1.332348806898293597E-16 ) ) ;
#978 = LINE ( 'NONE', #12509, #6322 ) ;
#979 = LINE ( 'NONE', #1049, #8513 ) ;
#980 = DIRECTION ( 'NONE',  ( 1.240959386601371334E-16, -1.000000000000000000, -0.000000000000000000 ) ) ;
#981 = DIRECTION ( 'NONE',  ( 0.000000000000000000, -1.000000000000000000, -1.332348806898293597E-16 ) ) ;
#982 = CARTESIAN_POINT ( 'NONE',  ( 35.13110000000000355, -0.5499999999999918288, 14.31249999999999822 ) ) ;
#983 = CARTESIAN_POINT ( 'NONE',  ( -26.40652500000000913, -0.5499999999999958256, 14.53099999999999703 ) ) ;
#984 = EDGE_LOOP ( 'NONE', ( #8008, #2747, #8847, #8737 ) ) ;
#985 = AXIS2_PLACEMENT_3D ( 'NONE', #1145, #5250, #9343 ) ;
#986 = DIRECTION ( 'NONE',  ( -0.000000000000000000, -1.000000000000000000, -1.332348806898293597E-16 ) ) ;
#987 = ORIENTED_EDGE ( 'NONE', *, *, #1123, .T. ) ;
#988 = EDGE_CURVE ( 'NONE', #12650, #936, #3841, .T. ) ;
#989 = VECTOR ( 'NONE', #5487, 39.37007874015748143 ) ;
#990 = ORIENTED_EDGE ( 'NONE', *, *, #8740, .T. ) ;
#991 = AXIS2_PLACEMENT_3D ( 'NONE', #3767, #4645, #8738 ) ;
#992 = VERTEX_POINT ( 'NONE', #2369 ) ;
#993 = DIRECTION ( 'NONE',  ( 0.000000000000000000, 0.000000000000000000, 1.000000000000000000 ) ) ;
#994 = ORIENTED_EDGE ( 'NONE', *, *, #2473, .T. ) ;
#995 = ORIENTED_EDGE ( 'NONE', *, *, #11063, .F. ) ;
#996 = CARTESIAN_POINT ( 'NONE',  ( -32.13110000000000355, -0.5499999999999961586, 14.34400000000000652 ) ) ;
#997 = CARTESIAN_POINT ( 'NONE',  ( 36.02170000000000272, -0.2096999999999985820, 5.875000000000000000 ) ) ;
#998 = CARTESIAN_POINT ( 'NONE',  ( 7.327925000000007572, -0.5499999999999936051, -14.53099999999998815 ) ) ;
#999 = DIRECTION ( 'NONE',  ( 0.000000000000000000, -1.000000000000000000, -2.967464690054594744E-16 ) ) ;
#1000 = LINE ( 'NONE', #7311, #11506 ) ;
#1001 = DIRECTION ( 'NONE',  ( -0.000000000000000000, -0.000000000000000000, 1.000000000000000000 ) ) ;
#1002 = CARTESIAN_POINT ( 'NONE',  ( 35.91710000000000491, -0.2096999999999985820, -14.00000000000000355 ) ) ;
#1003 = ORIENTED_EDGE ( 'NONE', *, *, #7954, .F. ) ;
#1004 = CIRCLE ( 'NONE', #5947, 0.03120000000000375251 ) ;
#1005 = AXIS2_PLACEMENT_3D ( 'NONE', #1309, #5420, #9504 ) ;
#1006 = EDGE_CURVE ( 'NONE', #13149, #1172, #5403, .T. ) ;
#1007 = ADVANCED_FACE ( 'NONE', ( #10552 ), #10743, .F. ) ;
#1008 = ORIENTED_EDGE ( 'NONE', *, *, #9484, .F. ) ;
#1009 = ADVANCED_FACE ( 'NONE', ( #12627 ), #4326, .F. ) ;
#1010 = VERTEX_POINT ( 'NONE', #8485 ) ;
#1011 = CARTESIAN_POINT ( 'NONE',  ( -35.91709999999999781, -0.2096999999999985820, -6.000000000000003553 ) ) ;
#1012 = ORIENTED_EDGE ( 'NONE', *, *, #2923, .T. ) ;
#1013 = VECTOR ( 'NONE', #10903, 39.37007874015748143 ) ;
#1015 = CIRCLE ( 'NONE', #2297, 0.08125000000000121014 ) ;
#1014 = DIRECTION ( 'NONE',  ( -1.000000000000000000, 0.000000000000000000, 0.000000000000000000 ) ) ;
#1016 = ORIENTED_EDGE ( 'NONE', *, *, #11972, .F. ) ;
#1017 = DIRECTION ( 'NONE',  ( 1.240959386601371334E-16, -1.000000000000000000, -0.000000000000000000 ) ) ;
#1018 = CARTESIAN_POINT ( 'NONE',  ( 7.640925000000000189, -0.5499999999999936051, 14.53100000000000591 ) ) ;
#1019 = FACE_BOUND ( 'NONE', #1236, .T. ) ;
#1020 = CARTESIAN_POINT ( 'NONE',  ( -26.09352500000000674, -0.7999999999999957145, 14.53099999999999703 ) ) ;
#1021 = VERTEX_POINT ( 'NONE', #2435 ) ;
#1022 = AXIS2_PLACEMENT_3D ( 'NONE', #3957, #11385, #1067 ) ;
#1023 = CIRCLE ( 'NONE', #10026, 0.1565000000000003610 ) ;
#1024 = AXIS2_PLACEMENT_3D ( 'NONE', #4618, #12660, #3545 ) ;
#1025 = AXIS2_PLACEMENT_3D ( 'NONE', #3430, #11794, #2619 ) ;
#1026 = EDGE_CURVE ( 'NONE', #3681, #6451, #1552, .T. ) ;
#1027 = ORIENTED_EDGE ( 'NONE', *, *, #12740, .F. ) ;
#1028 = EDGE_LOOP ( 'NONE', ( #10495, #7929, #3209, #7919 ) ) ;
#1029 = CARTESIAN_POINT ( 'NONE',  ( 11.40652500000000913, -0.7999999999999934941, 14.53100000000000058 ) ) ;
#1030 = DIRECTION ( 'NONE',  ( -0.000000000000000000, -1.000000000000000000, -1.332348806898293597E-16 ) ) ;
#1031 = DIRECTION ( 'NONE',  ( -0.000000000000000000, -1.000000000000000000, -1.332348806898293597E-16 ) ) ;
#1032 = DIRECTION ( 'NONE',  ( 1.000000000000000000, -0.000000000000000000, -0.000000000000000000 ) ) ;
#1033 = FACE_BOUND ( 'NONE', #5855, .T. ) ;
#1034 = CIRCLE ( 'NONE', #11730, 0.1565000000000003610 ) ;
#1035 = EDGE_CURVE ( 'NONE', #11706, #9165, #1360, .T. ) ;
#1036 = LINE ( 'NONE', #7203, #11575 ) ;
#1037 = CYLINDRICAL_SURFACE ( 'NONE', #12489, 0.08124999999999903133 ) ;
#1038 = AXIS2_PLACEMENT_3D ( 'NONE', #9529, #11657, #10850 ) ;
#1039 = DIRECTION ( 'NONE',  ( 0.000000000000000000, -1.000000000000000000, -1.332348806898293597E-16 ) ) ;
#1040 = VERTEX_POINT ( 'NONE', #7403 ) ;
#1041 = AXIS2_PLACEMENT_3D ( 'NONE', #4687, #6891, #2801 ) ;
#1042 = ORIENTED_EDGE ( 'NONE', *, *, #8168, .F. ) ;
#1043 = ORIENTED_EDGE ( 'NONE', *, *, #4302, .F. ) ;
#1044 = ORIENTED_EDGE ( 'NONE', *, *, #2067, .F. ) ;
#1045 = DIRECTION ( 'NONE',  ( 0.000000000000000000, 0.000000000000000000, -1.000000000000000000 ) ) ;
#1046 = ORIENTED_EDGE ( 'NONE', *, *, #3328, .T. ) ;
#1047 = PLANE ( 'NONE',  #2468 ) ;
#1048 = CARTESIAN_POINT ( 'NONE',  ( -11.40652500000000380, -0.5499999999999948264, -14.53099999999999348 ) ) ;
#1049 = CARTESIAN_POINT ( 'NONE',  ( -22.12847500000001588, 0.4608499999999960961, 14.79687500000000000 ) ) ;
#1050 = FACE_OUTER_BOUND ( 'NONE', #5703, .T. ) ;
#1051 = CARTESIAN_POINT ( 'NONE',  ( -21.35942500000000521, -0.4299000000000038346, 2.512596398514597499E-15 ) ) ;
#1052 = VECTOR ( 'NONE', #4587, 39.37007874015748143 ) ;
#1053 = FACE_OUTER_BOUND ( 'NONE', #4516, .T. ) ;
#1054 = CARTESIAN_POINT ( 'NONE',  ( -22.09727500000001044, -0.5895000000000039098, 14.79687500000000000 ) ) ;
#1055 = EDGE_CURVE ( 'NONE', #7414, #8062, #9744, .T. ) ;
#1056 = CYLINDRICAL_SURFACE ( 'NONE', #11771, 0.1250000000000015266 ) ;
#1057 = ORIENTED_EDGE ( 'NONE', *, *, #7374, .F. ) ;
#1058 = ORIENTED_EDGE ( 'NONE', *, *, #10304, .F. ) ;
#1059 = EDGE_LOOP ( 'NONE', ( #6947, #1965, #7581, #2470 ) ) ;
#1060 = DIRECTION ( 'NONE',  ( 0.000000000000000000, 0.000000000000000000, -1.000000000000000000 ) ) ;
#1061 = DIRECTION ( 'NONE',  ( -1.000000000000000000, -0.000000000000000000, -0.000000000000000000 ) ) ;
#1062 = VERTEX_POINT ( 'NONE', #11481 ) ;
#1063 = CARTESIAN_POINT ( 'NONE',  ( 11.25002499999999905, -0.6953999999999974646, -14.68749999999999289 ) ) ;
#1064 = CARTESIAN_POINT ( 'NONE',  ( -28.22460000000000946, -0.5499999999999959366, 14.34400000000000475 ) ) ;
#1065 = CARTESIAN_POINT ( 'NONE',  ( -17.16232500000000627, -0.5499999999999952704, -14.34399999999999764 ) ) ;
#1066 = DIRECTION ( 'NONE',  ( -0.000000000000000000, -0.000000000000000000, 1.000000000000000000 ) ) ;
#1067 = DIRECTION ( 'NONE',  ( 4.161428847396411586E-15, -1.000000000000000000, 0.000000000000000000 ) ) ;
#1068 = LINE ( 'NONE', #12600, #3458 ) ;
#1069 = DIRECTION ( 'NONE',  ( 1.000000000000000000, 5.463695987328555033E-16, 0.000000000000000000 ) ) ;
#1070 = ORIENTED_EDGE ( 'NONE', *, *, #9770, .F. ) ;
#1071 = VECTOR ( 'NONE', #9444, 39.37007874015748143 ) ;
#1073 = ORIENTED_EDGE ( 'NONE', *, *, #5862, .T. ) ;
#1072 = EDGE_CURVE ( 'NONE', #9867, #12941, #9680, .T. ) ;
#1074 = ORIENTED_EDGE ( 'NONE', *, *, #3286, .F. ) ;
#1075 = CARTESIAN_POINT ( 'NONE',  ( 35.23450000000000415, -0.5499999999999918288, -8.436549999999973792 ) ) ;
#1076 = ORIENTED_EDGE ( 'NONE', *, *, #11115, .F. ) ;
#1077 = CARTESIAN_POINT ( 'NONE',  ( -21.73442500000000877, -0.4299000000000040012, 14.42187500000000178 ) ) ;
#1078 = VERTEX_POINT ( 'NONE', #8675 ) ;
#1079 = CARTESIAN_POINT ( 'NONE',  ( -35.91710000000000491, 0.5954000000000000403, 14.78124999999999822 ) ) ;
#1080 = EDGE_CURVE ( 'NONE', #4798, #11008, #10486, .T. ) ;
#1081 = CIRCLE ( 'NONE', #8589, 0.1565000000000003610 ) ;
#1082 = ADVANCED_FACE ( 'NONE', ( #9553 ), #1292, .F. ) ;
#1083 = FACE_OUTER_BOUND ( 'NONE', #1668, .T. ) ;
#1084 = CARTESIAN_POINT ( 'NONE',  ( 3.749999999999997780, -0.7999999999999939382, -14.53099999999998815 ) ) ;
#1085 = CARTESIAN_POINT ( 'NONE',  ( -25.98425196850394059, 0.7000000000000049516, 0.000000000000000000 ) ) ;
#1086 = VERTEX_POINT ( 'NONE', #9487 ) ;
#1087 = ADVANCED_FACE ( 'NONE', ( #3307 ), #3578, .F. ) ;
#1088 = CIRCLE ( 'NONE', #1945, 0.1250000000000037192 ) ;
#1089 = VERTEX_POINT ( 'NONE', #7538 ) ;
#1090 = ADVANCED_FACE ( 'NONE', ( #11545 ), #353, .F. ) ;
#1091 = ORIENTED_EDGE ( 'NONE', *, *, #7872, .F. ) ;
#1092 = ADVANCED_FACE ( 'NONE', ( #4459 ), #8612, .F. ) ;
#1093 = FACE_OUTER_BOUND ( 'NONE', #2722, .T. ) ;
#1094 = EDGE_CURVE ( 'NONE', #6728, #1579, #11680, .T. ) ;
#1095 = DIRECTION ( 'NONE',  ( 0.000000000000000000, -1.000000000000000000, -2.967464690054594744E-16 ) ) ;
#1096 = DIRECTION ( 'NONE',  ( 0.000000000000000000, 0.000000000000000000, -1.000000000000000000 ) ) ;
#1097 = DIRECTION ( 'NONE',  ( -0.000000000000000000, -1.000000000000000000, -1.332348806898293597E-16 ) ) ;
#1098 = CARTESIAN_POINT ( 'NONE',  ( -3.750000000000002220, -0.6953999999999982418, 14.34400000000000652 ) ) ;
#1099 = DIRECTION ( 'NONE',  ( 0.000000000000000000, -0.000000000000000000, -1.000000000000000000 ) ) ;
#1100 = AXIS2_PLACEMENT_3D ( 'NONE', #1266, #7442, #6244 ) ;
#1101 = DIRECTION ( 'NONE',  ( 0.000000000000000000, 0.000000000000000000, -1.000000000000000000 ) ) ;
#1102 = CARTESIAN_POINT ( 'NONE',  ( -17.16232500000000982, -0.6953999999999991299, 14.18750000000000533 ) ) ;
#1103 = EDGE_CURVE ( 'NONE', #10404, #8784, #3176, .T. ) ;
#1104 = VERTEX_POINT ( 'NONE', #2571 ) ;
#1105 = ORIENTED_EDGE ( 'NONE', *, *, #4638, .T. ) ;
#1106 = ORIENTED_EDGE ( 'NONE', *, *, #12334, .T. ) ;
#1107 = CARTESIAN_POINT ( 'NONE',  ( -36.02170000000000272, 0.6999999999999995115, 14.78124999999999822 ) ) ;
#1108 = ORIENTED_EDGE ( 'NONE', *, *, #4720, .T. ) ;
#1109 = CARTESIAN_POINT ( 'NONE',  ( 35.23450000000000415, -0.6953999999999956882, 8.311550000000000438 ) ) ;
#1110 = CARTESIAN_POINT ( 'NONE',  ( 11.09352499999999964, -0.6953999999999974646, -14.53099999999999348 ) ) ;
#1111 = DIRECTION ( 'NONE',  ( -1.000000000000000000, 0.000000000000000000, 0.000000000000000000 ) ) ;
#1112 = AXIS2_PLACEMENT_3D ( 'NONE', #7491, #3597, #10825 ) ;
#1113 = LINE ( 'NONE', #5220, #5286 ) ;
#1114 = CARTESIAN_POINT ( 'NONE',  ( -20.99657499999999999, -0.5895000000000039098, -14.79687500000000000 ) ) ;
#1115 = VECTOR ( 'NONE', #1031, 39.37007874015748143 ) ;
#1116 = EDGE_CURVE ( 'NONE', #5584, #6116, #4023, .T. ) ;
#1117 = DIRECTION ( 'NONE',  ( 0.000000000000000000, -1.000000000000000000, -2.967464690054594744E-16 ) ) ;
#1118 = ORIENTED_EDGE ( 'NONE', *, *, #6069, .T. ) ;
#1119 = DIRECTION ( 'NONE',  ( 1.000000000000000000, 5.337610695313202081E-16, 0.000000000000000000 ) ) ;
#1120 = ORIENTED_EDGE ( 'NONE', *, *, #8879, .F. ) ;
#1121 = PRODUCT_DEFINITION_SHAPE ( 'NONE', 'NONE',  #632 ) ;
#1122 = VERTEX_POINT ( 'NONE', #5107 ) ;
#1123 = EDGE_CURVE ( 'NONE', #6229, #12654, #6723, .T. ) ;
#1124 = EDGE_LOOP ( 'NONE', ( #5829, #10954, #2553, #11542, #12221 ) ) ;
#1125 = CYLINDRICAL_SURFACE ( 'NONE', #9319, 0.1250000000000037192 ) ;
#1126 = FACE_BOUND ( 'NONE', #8160, .T. ) ;
#1127 = ADVANCED_FACE ( 'NONE', ( #8189 ), #930, .F. ) ;
#1128 = ORIENTED_EDGE ( 'NONE', *, *, #2398, .F. ) ;
#1130 = DIRECTION ( 'NONE',  ( 0.000000000000000000, 0.000000000000000000, 1.000000000000000000 ) ) ;
#1129 = AXIS2_PLACEMENT_3D ( 'NONE', #12898, #7817, #1910 ) ;
#1131 = CARTESIAN_POINT ( 'NONE',  ( 35.23450000000000415, -0.5499999999999918288, 1.936550000000002880 ) ) ;
#1132 = DIRECTION ( 'NONE',  ( 1.000000000000000000, 4.697125161045879232E-16, 0.000000000000000000 ) ) ;
#1133 = VECTOR ( 'NONE', #13078, 39.37007874015748143 ) ;
#1134 = DIRECTION ( 'NONE',  ( 0.000000000000000000, 0.000000000000000000, 1.000000000000000000 ) ) ;
#1135 = CARTESIAN_POINT ( 'NONE',  ( 28.22460000000000946, -0.7999999999999923839, 14.53100000000000058 ) ) ;
#1136 = CARTESIAN_POINT ( 'NONE',  ( 35.94045000000000556, -0.7187500000000024425, 13.78219999999999956 ) ) ;
#1137 = DIRECTION ( 'NONE',  ( -0.000000000000000000, -0.000000000000000000, -1.000000000000000000 ) ) ;
#1138 = ORIENTED_EDGE ( 'NONE', *, *, #3474, .F. ) ;
#1139 = EDGE_CURVE ( 'NONE', #4227, #2484, #1023, .T. ) ;
#1140 = AXIS2_PLACEMENT_3D ( 'NONE', #13144, #2833, #7871 ) ;
#1141 = VERTEX_POINT ( 'NONE', #10872 ) ;
#1142 = VERTEX_POINT ( 'NONE', #2008 ) ;
#1143 = FACE_OUTER_BOUND ( 'NONE', #7361, .T. ) ;
#1144 = ORIENTED_EDGE ( 'NONE', *, *, #162, .T. ) ;
#1145 = CARTESIAN_POINT ( 'NONE',  ( -7.327924999999998690, -0.5499999999999946043, 14.53100000000000591 ) ) ;
#1146 = ORIENTED_EDGE ( 'NONE', *, *, #8305, .T. ) ;
#1147 = FACE_BOUND ( 'NONE', #4958, .T. ) ;
#1148 = DIRECTION ( 'NONE',  ( 1.000000000000000000, 0.000000000000000000, 0.000000000000000000 ) ) ;
#1149 = DIRECTION ( 'NONE',  ( 1.240959386601371334E-16, -1.000000000000000000, 0.000000000000000000 ) ) ;
#1150 = CIRCLE ( 'NONE', #12919, 0.1250000000000015266 ) ;
#1151 = LINE ( 'NONE', #2425, #12566 ) ;
#1152 = VERTEX_POINT ( 'NONE', #5034 ) ;
#1153 = EDGE_CURVE ( 'NONE', #10143, #12206, #6177, .T. ) ;
#1154 = EDGE_CURVE ( 'NONE', #363, #1420, #9394, .T. ) ;
#1155 = EDGE_CURVE ( 'NONE', #5653, #6153, #8093, .T. ) ;
#1156 = EDGE_LOOP ( 'NONE', ( #8545, #6087, #10787, #6967 ) ) ;
#1157 = VECTOR ( 'NONE', #909, 39.37007874015748143 ) ;
#1158 = ORIENTED_EDGE ( 'NONE', *, *, #6830, .F. ) ;
#1159 = DIRECTION ( 'NONE',  ( 0.000000000000000000, 0.000000000000000000, 1.000000000000000000 ) ) ;
#1160 = CARTESIAN_POINT ( 'NONE',  ( 21.85942499999999811, -0.6954000000000040149, -14.42187500000001066 ) ) ;
#1161 = DIRECTION ( 'NONE',  ( 0.000000000000000000, 0.000000000000000000, 1.000000000000000000 ) ) ;
#1162 = CARTESIAN_POINT ( 'NONE',  ( -18.90652500000000913, -0.5499999999999952704, 14.53099999999999703 ) ) ;
#1163 = DIRECTION ( 'NONE',  ( 0.000000000000000000, -1.000000000000000000, -2.967464690054594744E-16 ) ) ;
#1164 = DIRECTION ( 'NONE',  ( 1.000000000000000000, 0.000000000000000000, -0.000000000000000000 ) ) ;
#1165 = CARTESIAN_POINT ( 'NONE',  ( -35.91710000000000491, 0.5641500000000000403, 14.78124999999999822 ) ) ;
#1166 = LINE ( 'NONE', #4128, #7315 ) ;
#1167 = ORIENTED_EDGE ( 'NONE', *, *, #11329, .F. ) ;
#1168 = AXIS2_PLACEMENT_3D ( 'NONE', #4805, #8901, #12977 ) ;
#1169 = EDGE_CURVE ( 'NONE', #8782, #9867, #12819, .T. ) ;
#1170 = VECTOR ( 'NONE', #11353, 39.37007874015748143 ) ;
#1171 = VERTEX_POINT ( 'NONE', #10200 ) ;
#1172 = VERTEX_POINT ( 'NONE', #1688 ) ;
#1173 = CARTESIAN_POINT ( 'NONE',  ( 36.02170000000000272, -0.6340999999999995529, 13.78219999999999956 ) ) ;
#1174 = AXIS2_PLACEMENT_3D ( 'NONE', #8821, #12893, #494 ) ;
#1176 = ORIENTED_EDGE ( 'NONE', *, *, #7860, .T. ) ;
#1175 = EDGE_CURVE ( 'NONE', #6854, #1086, #11507, .T. ) ;
#1177 = LINE ( 'NONE', #10247, #8476 ) ;
#1178 = LINE ( 'NONE', #2054, #2886 ) ;
#1179 = DIRECTION ( 'NONE',  ( 1.240959386601371334E-16, -1.000000000000000000, -0.000000000000000000 ) ) ;
#1180 = LINE ( 'NONE', #371, #2920 ) ;
#1181 = CARTESIAN_POINT ( 'NONE',  ( -21.57792500000000757, -0.5499999999999954925, 14.34400000000000475 ) ) ;
#1182 = VECTOR ( 'NONE', #7717, 39.37007874015748143 ) ;
#1183 = CARTESIAN_POINT ( 'NONE',  ( -33.85826771653543688, 0.7000000000000007327, 14.78124999999999822 ) ) ;
#1184 = DIRECTION ( 'NONE',  ( -0.000000000000000000, -1.000000000000000000, -1.332348806898293597E-16 ) ) ;
#1185 = ORIENTED_EDGE ( 'NONE', *, *, #10352, .F. ) ;
#1186 = CIRCLE ( 'NONE', #9556, 0.1565000000000003610 ) ;
#1187 = CIRCLE ( 'NONE', #10625, 0.1565000000000003610 ) ;
#1188 = EDGE_CURVE ( 'NONE', #10107, #330, #4968, .T. ) ;
#1189 = VECTOR ( 'NONE', #11646, 39.37007874015748143 ) ;
#1190 = EDGE_LOOP ( 'NONE', ( #11701, #13010, #4031, #8793, #2005 ) ) ;
#1191 = EDGE_LOOP ( 'NONE', ( #10124, #8034 ) ) ;
#1192 = DIRECTION ( 'NONE',  ( 0.000000000000000000, 0.000000000000000000, 1.000000000000000000 ) ) ;
#1193 = CARTESIAN_POINT ( 'NONE',  ( 26.40652500000000913, -0.6953999999999964654, 14.34399999999999942 ) ) ;
#1194 = CARTESIAN_POINT ( 'NONE',  ( 32.81496062992128770, 0.7000000000000370370, 3.543307086613945778 ) ) ;
#1196 = AXIS2_PLACEMENT_3D ( 'NONE', #1077, #3101, #9411 ) ;
#1195 = CARTESIAN_POINT ( 'NONE',  ( -21.23442499999999811, -0.4299000000000038346, 12.43750000000000178 ) ) ;
#1197 = FACE_BOUND ( 'NONE', #1213, .T. ) ;
#1198 = CARTESIAN_POINT ( 'NONE',  ( 11.09352500000000852, -0.6953999999999974646, 14.34400000000000475 ) ) ;
#1199 = DIRECTION ( 'NONE',  ( 0.000000000000000000, 0.000000000000000000, -1.000000000000000000 ) ) ;
#1200 = EDGE_CURVE ( 'NONE', #3094, #8157, #11298, .T. ) ;
#1201 = ADVANCED_FACE ( 'NONE', ( #9195 ), #2076, .F. ) ;
#1202 = CARTESIAN_POINT ( 'NONE',  ( 22.57817500000000166, 0.4608499999999960961, 14.67187500000000000 ) ) ;
#1203 = CARTESIAN_POINT ( 'NONE',  ( -21.89092500000000996, -0.6953999999999993520, 14.34400000000000475 ) ) ;
#1204 = ORIENTED_EDGE ( 'NONE', *, *, #12463, .F. ) ;
#1205 = AXIS2_PLACEMENT_3D ( 'NONE', #8503, #3399, #8312 ) ;
#1206 = ORIENTED_EDGE ( 'NONE', *, *, #358, .T. ) ;
#1207 = CIRCLE ( 'NONE', #555, 0.03120000000000375251 ) ;
#1208 = VERTEX_POINT ( 'NONE', #3644 ) ;
#1209 = VERTEX_POINT ( 'NONE', #8804 ) ;
#1210 = CARTESIAN_POINT ( 'NONE',  ( 28.38110000000001065, -0.5499999999999923839, -14.53099999999999348 ) ) ;
#1211 = ORIENTED_EDGE ( 'NONE', *, *, #10672, .T. ) ;
#1212 = CARTESIAN_POINT ( 'NONE',  ( 26.40652500000000913, -0.5499999999999926059, -14.34399999999999586 ) ) ;
#1213 = EDGE_LOOP ( 'NONE', ( #3822, #2192 ) ) ;
#1214 = CARTESIAN_POINT ( 'NONE',  ( -26.09352500000000319, -0.6953999999999996851, -14.53099999999999170 ) ) ;
#1215 = DIRECTION ( 'NONE',  ( -1.000000000000000000, 0.000000000000000000, 0.000000000000000000 ) ) ;
#1216 = FACE_OUTER_BOUND ( 'NONE', #8531, .T. ) ;
#1217 = VECTOR ( 'NONE', #1702, 39.37007874015748143 ) ;
#1218 = DIRECTION ( 'NONE',  ( -0.000000000000000000, -1.000000000000000000, -1.332348806898293597E-16 ) ) ;
#1219 = VERTEX_POINT ( 'NONE', #8121 ) ;
#1220 = EDGE_CURVE ( 'NONE', #10814, #2354, #8050, .T. ) ;
#1221 = ADVANCED_FACE ( 'NONE', ( #7044 ), #11808, .F. ) ;
#1222 = ORIENTED_EDGE ( 'NONE', *, *, #5581, .T. ) ;
#1223 = CIRCLE ( 'NONE', #801, 0.1565000000000003610 ) ;
#1224 = ORIENTED_EDGE ( 'NONE', *, *, #12019, .T. ) ;
#1225 = CARTESIAN_POINT ( 'NONE',  ( -18.59352500000000674, -0.7999999999999952704, 14.53099999999999703 ) ) ;
#1226 = DIRECTION ( 'NONE',  ( 0.000000000000000000, 0.000000000000000000, -1.000000000000000000 ) ) ;
#1227 = DIRECTION ( 'NONE',  ( -0.000000000000000000, -1.000000000000000000, -1.332348806898293597E-16 ) ) ;
#1228 = DIRECTION ( 'NONE',  ( 0.000000000000000000, 0.000000000000000000, -1.000000000000000000 ) ) ;
#1229 = LINE ( 'NONE', #12559, #12778 ) ;
#1230 = CYLINDRICAL_SURFACE ( 'NONE', #4606, 0.1250000000000037192 ) ;
#1231 = MECHANICAL_DESIGN_GEOMETRIC_PRESENTATION_REPRESENTATION (  '', ( #7450 ), #9801 ) ;
#1232 = CARTESIAN_POINT ( 'NONE',  ( 22.57817500000000166, 0.4608499999999960961, 14.67187500000000000 ) ) ;
#1233 = CARTESIAN_POINT ( 'NONE',  ( -35.13110000000000355, -0.7999999999999961586, -14.43749999999999822 ) ) ;
#1234 = CIRCLE ( 'NONE', #4027, 0.1565000000000003610 ) ;
#1235 = AXIS2_PLACEMENT_3D ( 'NONE', #12009, #12146, #5858 ) ;
#1236 = EDGE_LOOP ( 'NONE', ( #10993, #6915 ) ) ;
#1237 = EDGE_LOOP ( 'NONE', ( #12408, #949, #4738, #8342 ) ) ;
#1238 = ORIENTED_EDGE ( 'NONE', *, *, #10265, .T. ) ;
#1239 = CIRCLE ( 'NONE', #3813, 0.1250000000000037192 ) ;
#1240 = CARTESIAN_POINT ( 'NONE',  ( 21.73442499999999100, -0.6954000000000040149, 14.42187500000000178 ) ) ;
#1241 = AXIS2_PLACEMENT_3D ( 'NONE', #8659, #10603, #10790 ) ;
#1242 = ORIENTED_EDGE ( 'NONE', *, *, #6099, .T. ) ;
#1243 = FACE_OUTER_BOUND ( 'NONE', #6084, .T. ) ;
#1244 = DIRECTION ( 'NONE',  ( 0.000000000000000000, 0.000000000000000000, 1.000000000000000000 ) ) ;
#1245 = FACE_OUTER_BOUND ( 'NONE', #6205, .T. ) ;
#1247 = EDGE_CURVE ( 'NONE', #11800, #9496, #11123, .T. ) ;
#1246 = VECTOR ( 'NONE', #12638, 39.37007874015748143 ) ;
#1248 = DIRECTION ( 'NONE',  ( -1.000000000000000000, -0.000000000000000000, -0.000000000000000000 ) ) ;
#1249 = CARTESIAN_POINT ( 'NONE',  ( 26.40652500000000913, -0.6954000000000036819, 14.53099999999999703 ) ) ;
#1250 = DIRECTION ( 'NONE',  ( 0.000000000000000000, 2.967464690054594744E-16, -1.000000000000000000 ) ) ;
#1251 = ORIENTED_EDGE ( 'NONE', *, *, #3816, .F. ) ;
#1252 = DIRECTION ( 'NONE',  ( 0.000000000000000000, 0.000000000000000000, -1.000000000000000000 ) ) ;
#1253 = ORIENTED_EDGE ( 'NONE', *, *, #8130, .F. ) ;
#1254 = AXIS2_PLACEMENT_3D ( 'NONE', #10633, #2319, #3591 ) ;
#1255 = ADVANCED_FACE ( 'NONE', ( #1940 ), #6043, .F. ) ;
#1256 = ORIENTED_EDGE ( 'NONE', *, *, #2657, .T. ) ;
#1257 = EDGE_CURVE ( 'NONE', #11797, #1980, #7504, .T. ) ;
#1258 = ORIENTED_EDGE ( 'NONE', *, *, #6791, .F. ) ;
#1259 = DIRECTION ( 'NONE',  ( -0.000000000000000000, -1.229331597148918448E-16, 1.000000000000000000 ) ) ;
#1260 = CARTESIAN_POINT ( 'NONE',  ( -28.38110000000000355, -0.7999999999999958256, -14.68749999999999467 ) ) ;
#1261 = DIRECTION ( 'NONE',  ( 0.000000000000000000, 0.000000000000000000, 1.000000000000000000 ) ) ;
#1262 = DIRECTION ( 'NONE',  ( 0.000000000000000000, 0.000000000000000000, 1.000000000000000000 ) ) ;
#1263 = FACE_OUTER_BOUND ( 'NONE', #4922, .T. ) ;
#1264 = CARTESIAN_POINT ( 'NONE',  ( -28.38110000000000355, -0.5499999999999959366, -14.53099999999999348 ) ) ;
#1265 = CARTESIAN_POINT ( 'NONE',  ( 17.00582500000000152, -0.5499999999999931610, -14.34399999999999764 ) ) ;
#1266 = CARTESIAN_POINT ( 'NONE',  ( 11.25002499999999905, -0.5499999999999934941, -14.34399999999999764 ) ) ;
#1267 = CARTESIAN_POINT ( 'NONE',  ( -35.91709999999999781, -0.2096999999999985820, 5.875000000000000000 ) ) ;
#1268 = ORIENTED_EDGE ( 'NONE', *, *, #11329, .T. ) ;
#1269 = ADVANCED_FACE ( 'NONE', ( #9329 ), #4230, .F. ) ;
#1270 = VERTEX_POINT ( 'NONE', #12526 ) ;
#1271 = EDGE_CURVE ( 'NONE', #3681, #11772, #11727, .T. ) ;
#1272 = ORIENTED_EDGE ( 'NONE', *, *, #8143, .T. ) ;
#1273 = VERTEX_POINT ( 'NONE', #12458 ) ;
#1274 = DIRECTION ( 'NONE',  ( -0.000000000000000000, -2.967464690054594744E-16, 1.000000000000000000 ) ) ;
#1275 = EDGE_LOOP ( 'NONE', ( #503, #9771 ) ) ;
#1276 = FACE_OUTER_BOUND ( 'NONE', #10140, .T. ) ;
#1277 = VERTEX_POINT ( 'NONE', #7308 ) ;
#1278 = CARTESIAN_POINT ( 'NONE',  ( 18.90652500000000558, -0.6953999999999969095, -14.53099999999999170 ) ) ;
#1279 = DIRECTION ( 'NONE',  ( 0.000000000000000000, 0.000000000000000000, -1.000000000000000000 ) ) ;
#1280 = CYLINDRICAL_SURFACE ( 'NONE', #9288, 0.1250000000000015266 ) ;
#1281 = DIRECTION ( 'NONE',  ( 0.000000000000000000, -1.000000000000000000, -1.332348806898293597E-16 ) ) ;
#1282 = ORIENTED_EDGE ( 'NONE', *, *, #5768, .T. ) ;
#1283 = ADVANCED_FACE ( 'NONE', ( #5238 ), #10454, .F. ) ;
#1284 = VERTEX_POINT ( 'NONE', #3217 ) ;
#1285 = CIRCLE ( 'NONE', #10505, 0.1565000000000003610 ) ;
#1286 = VERTEX_POINT ( 'NONE', #2341 ) ;
#1287 = DIRECTION ( 'NONE',  ( -0.000000000000000000, -1.000000000000000000, -1.332348806898293597E-16 ) ) ;
#1288 = ORIENTED_EDGE ( 'NONE', *, *, #11639, .T. ) ;
#1289 = CARTESIAN_POINT ( 'NONE',  ( 35.93750000000000000, -0.7999999999999999334, 13.97480000000000011 ) ) ;
#1290 = ADVANCED_FACE ( 'NONE', ( #2273 ), #12328, .F. ) ;
#1291 = CARTESIAN_POINT ( 'NONE',  ( 36.02170000000000272, 0.6999999999999995115, 14.78124999999999822 ) ) ;
#1292 = CYLINDRICAL_SURFACE ( 'NONE', #10891, 0.1565000000000003610 ) ;
#1293 = CARTESIAN_POINT ( 'NONE',  ( 26.25002500000000794, -0.7999999999999926059, 14.18750000000000178 ) ) ;
#1294 = CARTESIAN_POINT ( 'NONE',  ( -18.59352500000000319, -0.6954000000000000181, -14.34399999999999586 ) ) ;
#1295 = LINE ( 'NONE', #1429, #13067 ) ;
#1296 = CARTESIAN_POINT ( 'NONE',  ( -28.22460000000000946, -0.7999999999999999334, 14.34400000000000652 ) ) ;
#1297 = DIRECTION ( 'NONE',  ( 0.000000000000000000, 0.000000000000000000, 1.000000000000000000 ) ) ;
#1299 = ORIENTED_EDGE ( 'NONE', *, *, #1844, .F. ) ;
#1298 = CIRCLE ( 'NONE', #3026, 0.1250000000000037192 ) ;
#1300 = AXIS2_PLACEMENT_3D ( 'NONE', #4056, #6340, #4329 ) ;
#1301 = ORIENTED_EDGE ( 'NONE', *, *, #9960, .F. ) ;
#1302 = ADVANCED_FACE ( 'NONE', ( #6374 ), #3414, .F. ) ;
#1303 = VERTEX_POINT ( 'NONE', #12396 ) ;
#1304 = CARTESIAN_POINT ( 'NONE',  ( -28.22460000000000591, -0.5499999999999959366, -14.34399999999999942 ) ) ;
#1305 = ORIENTED_EDGE ( 'NONE', *, *, #6127, .F. ) ;
#1306 = LINE ( 'NONE', #12306, #9545 ) ;
#1307 = CARTESIAN_POINT ( 'NONE',  ( 11.25002499999999905, -0.6953999999999974646, -14.53099999999999170 ) ) ;
#1308 = VECTOR ( 'NONE', #4297, 39.37007874015748143 ) ;
#1309 = CARTESIAN_POINT ( 'NONE',  ( -26.25002500000000794, -0.7999999999999957145, 14.53099999999999703 ) ) ;
#1310 = CIRCLE ( 'NONE', #22, 0.1565000000000003610 ) ;
#1311 = LINE ( 'NONE', #174, #3565 ) ;
#1312 = CYLINDRICAL_SURFACE ( 'NONE', #4350, 0.1250000000000029143 ) ;
#1313 = CARTESIAN_POINT ( 'NONE',  ( 22.10942500000000521, -0.4299000000000038346, -12.43750000000001066 ) ) ;
#1314 = VERTEX_POINT ( 'NONE', #2404 ) ;
#1315 = AXIS2_PLACEMENT_3D ( 'NONE', #508, #9773, #7565 ) ;
#1316 = CARTESIAN_POINT ( 'NONE',  ( 26.40652500000000913, -0.5499999999999926059, 14.53099999999999703 ) ) ;
#1317 = ORIENTED_EDGE ( 'NONE', *, *, #3223, .T. ) ;
#1318 = ADVANCED_FACE ( 'NONE', ( #316 ), #190, .F. ) ;
#1319 = AXIS2_PLACEMENT_3D ( 'NONE', #8357, #10229, #8145 ) ;
#1320 = EDGE_CURVE ( 'NONE', #9655, #12889, #3154, .T. ) ;
#1321 = ORIENTED_EDGE ( 'NONE', *, *, #737, .F. ) ;
#1322 = AXIS2_PLACEMENT_3D ( 'NONE', #12771, #11824, #8570 ) ;
#1323 = ORIENTED_EDGE ( 'NONE', *, *, #7294, .T. ) ;
#1324 = CARTESIAN_POINT ( 'NONE',  ( -3.749999999999997780, -0.5499999999999943823, -14.53099999999998815 ) ) ;
#1325 = DIRECTION ( 'NONE',  ( 0.000000000000000000, -1.000000000000000000, -2.967464690054594744E-16 ) ) ;
#1326 = DIRECTION ( 'NONE',  ( -0.000000000000000000, -1.000000000000000000, -1.332348806898293597E-16 ) ) ;
#1327 = LINE ( 'NONE', #388, #10410 ) ;
#1328 = CARTESIAN_POINT ( 'NONE',  ( 21.92192499999999455, -0.6207000000000038042, 13.92187500000000178 ) ) ;
#1329 = AXIS2_PLACEMENT_3D ( 'NONE', #2158, #9073, #11272 ) ;
#1330 = CARTESIAN_POINT ( 'NONE',  ( 21.57792500000000757, -0.6953999999999967985, 14.34400000000000475 ) ) ;
#1331 = CARTESIAN_POINT ( 'NONE',  ( 26.40652500000000913, -0.6953999999999963544, -14.89539999999999687 ) ) ;
#1332 = CARTESIAN_POINT ( 'NONE',  ( -21.54692500000000521, -0.6207000000000038042, 13.92187500000000178 ) ) ;
#1333 = DIRECTION ( 'NONE',  ( 0.000000000000000000, 0.000000000000000000, 1.000000000000000000 ) ) ;
#1334 = ORIENTED_EDGE ( 'NONE', *, *, #7420, .F. ) ;
#1335 = ADVANCED_FACE ( 'NONE', ( #6241, #6304, #5172, #9264, #53, #2203, #10390, #1197 ), #7237, .F. ) ;
#1336 = EDGE_CURVE ( 'NONE', #1779, #6913, #2144, .T. ) ;
#1337 = ORIENTED_EDGE ( 'NONE', *, *, #2535, .T. ) ;
#1338 = ORIENTED_EDGE ( 'NONE', *, *, #4856, .F. ) ;
#1339 = ORIENTED_EDGE ( 'NONE', *, *, #6437, .T. ) ;
#1340 = LINE ( 'NONE', #4244, #7615 ) ;
#1341 = EDGE_LOOP ( 'NONE', ( #365, #1399, #8156, #7849 ) ) ;
#1342 = DIRECTION ( 'NONE',  ( -1.000000000000000000, 0.000000000000000000, 0.000000000000000000 ) ) ;
#1343 = ORIENTED_EDGE ( 'NONE', *, *, #11354, .T. ) ;
#1344 = CARTESIAN_POINT ( 'NONE',  ( 36.02170047244094775, -0.2096999999999985820, 5.875000000000000000 ) ) ;
#1345 = ADVANCED_FACE ( 'NONE', ( #1263 ), #10327, .F. ) ;
#1346 = DIRECTION ( 'NONE',  ( 0.000000000000000000, 0.000000000000000000, -1.000000000000000000 ) ) ;
#1347 = DIRECTION ( 'NONE',  ( 1.000000000000000000, 0.000000000000000000, 0.000000000000000000 ) ) ;
#1348 = CARTESIAN_POINT ( 'NONE',  ( 26.40652500000000913, -0.7999999999999926059, -14.34399999999999586 ) ) ;
#1349 = ORIENTED_EDGE ( 'NONE', *, *, #11737, .T. ) ;
#1350 = AXIS2_PLACEMENT_3D ( 'NONE', #5489, #8438, #2451 ) ;
#1351 = AXIS2_PLACEMENT_3D ( 'NONE', #12010, #10807, #2772 ) ;
#1352 = EDGE_LOOP ( 'NONE', ( #2212, #5192, #13256, #4623 ) ) ;
#1353 = ORIENTED_EDGE ( 'NONE', *, *, #11801, .T. ) ;
#1354 = DIRECTION ( 'NONE',  ( 1.240959386601371334E-16, -1.000000000000000000, 0.000000000000000000 ) ) ;
#1355 = VERTEX_POINT ( 'NONE', #9456 ) ;
#1356 = EDGE_CURVE ( 'NONE', #3865, #9949, #12370, .T. ) ;
#1357 = CIRCLE ( 'NONE', #5225, 0.2187500000000015821 ) ;
#1358 = DIRECTION ( 'NONE',  ( 7.065055611250997385E-15, 3.860131599344516547E-30, 1.000000000000000000 ) ) ;
#1359 = DIRECTION ( 'NONE',  ( 0.000000000000000000, -0.000000000000000000, -1.000000000000000000 ) ) ;
#1360 = LINE ( 'NONE', #3378, #4490 ) ;
#1361 = DIRECTION ( 'NONE',  ( 0.000000000000000000, -1.000000000000000000, -1.332348806898293597E-16 ) ) ;
#1362 = DIRECTION ( 'NONE',  ( 0.000000000000000000, 0.000000000000000000, -1.000000000000000000 ) ) ;
#1363 = CARTESIAN_POINT ( 'NONE',  ( -21.57792500000000757, -0.6953999999999993520, 14.34400000000000475 ) ) ;
#1364 = CARTESIAN_POINT ( 'NONE',  ( 17.16232500000000272, -0.5499999999999931610, -14.68749999999999289 ) ) ;
#1365 = EDGE_CURVE ( 'NONE', #3421, #9149, #10583, .T. ) ;
#1366 = ORIENTED_EDGE ( 'NONE', *, *, #292, .F. ) ;
#1367 = AXIS2_PLACEMENT_3D ( 'NONE', #7082, #4275, #9307 ) ;
#1368 = EDGE_LOOP ( 'NONE', ( #7333, #4566, #2661, #1454 ) ) ;
#1369 = ORIENTED_EDGE ( 'NONE', *, *, #10208, .F. ) ;
#1370 = CARTESIAN_POINT ( 'NONE',  ( 21.73442499999999455, -0.4299000000000040012, -14.42187500000001066 ) ) ;
#1371 = ORIENTED_EDGE ( 'NONE', *, *, #8000, .T. ) ;
#1372 = DIRECTION ( 'NONE',  ( 5.463695987328555033E-16, -1.000000000000000000, 0.000000000000000000 ) ) ;
#1373 = CARTESIAN_POINT ( 'NONE',  ( 7.327925000000007572, -0.6953999999999974646, -14.89539999999999154 ) ) ;
#1374 = FACE_BOUND ( 'NONE', #5145, .T. ) ;
#1375 = CARTESIAN_POINT ( 'NONE',  ( -18.75002500000000438, -0.5499999999999952704, -14.53099999999998992 ) ) ;
#1376 = DIRECTION ( 'NONE',  ( 0.000000000000000000, -1.000000000000000000, -1.332348806898293597E-16 ) ) ;
#1377 = DIRECTION ( 'NONE',  ( -0.000000000000000000, -0.000000000000000000, -1.000000000000000000 ) ) ;
#1378 = ORIENTED_EDGE ( 'NONE', *, *, #472, .F. ) ;
#1379 = CARTESIAN_POINT ( 'NONE',  ( 11.09352500000000852, -0.5499999999999934941, 14.53100000000000058 ) ) ;
#1380 = AXIS2_PLACEMENT_3D ( 'NONE', #6372, #10581, #5433 ) ;
#1381 = VERTEX_POINT ( 'NONE', #8642 ) ;
#1382 = EDGE_CURVE ( 'NONE', #1583, #2645, #10276, .T. ) ;
#1383 = VECTOR ( 'NONE', #4477, 39.37007874015748143 ) ;
#1384 = AXIS2_PLACEMENT_3D ( 'NONE', #13170, #5885, #3866 ) ;
#1385 = ORIENTED_EDGE ( 'NONE', *, *, #11996, .T. ) ;
#1386 = VERTEX_POINT ( 'NONE', #9843 ) ;
#1387 = CIRCLE ( 'NONE', #521, 0.1250000000000015266 ) ;
#1388 = CARTESIAN_POINT ( 'NONE',  ( -22.12847500000001233, -0.5895000000000039098, 14.79687500000000000 ) ) ;
#1389 = DIRECTION ( 'NONE',  ( 0.000000000000000000, 0.000000000000000000, 1.000000000000000000 ) ) ;
#1390 = DIRECTION ( 'NONE',  ( 0.000000000000000000, 0.000000000000000000, -1.000000000000000000 ) ) ;
#1391 = DIRECTION ( 'NONE',  ( 0.000000000000000000, 0.000000000000000000, -1.000000000000000000 ) ) ;
#1392 = FACE_OUTER_BOUND ( 'NONE', #5099, .T. ) ;
#1393 = FACE_BOUND ( 'NONE', #5639, .T. ) ;
#1394 =( NAMED_UNIT ( * ) SI_UNIT ( $, .STERADIAN. ) SOLID_ANGLE_UNIT ( ) );
#1395 = VECTOR ( 'NONE', #7848, 39.37007874015748143 ) ;
#1396 = AXIS2_PLACEMENT_3D ( 'NONE', #3395, #96, #4207 ) ;
#1397 = CARTESIAN_POINT ( 'NONE',  ( 21.89092500000000996, -0.7999999999999999334, 14.34400000000000652 ) ) ;
#1398 = ORIENTED_EDGE ( 'NONE', *, *, #6062, .F. ) ;
#1399 = ORIENTED_EDGE ( 'NONE', *, *, #9384, .F. ) ;
#1400 = VERTEX_POINT ( 'NONE', #3478 ) ;
#1401 = FACE_OUTER_BOUND ( 'NONE', #3913, .T. ) ;
#1402 = AXIS2_PLACEMENT_3D ( 'NONE', #4083, #6172, #1868 ) ;
#1403 = AXIS2_PLACEMENT_3D ( 'NONE', #9020, #5000, #6802 ) ;
#1404 = VERTEX_POINT ( 'NONE', #1459 ) ;
#1405 = DIRECTION ( 'NONE',  ( -0.000000000000000000, -0.000000000000000000, 1.000000000000000000 ) ) ;
#1406 = VERTEX_POINT ( 'NONE', #2666 ) ;
#1407 = CARTESIAN_POINT ( 'NONE',  ( -7.640925000000004630, -0.7999999999999946043, -14.34399999999999054 ) ) ;
#1408 = ORIENTED_EDGE ( 'NONE', *, *, #8941, .T. ) ;
#1409 = CARTESIAN_POINT ( 'NONE',  ( -21.48442500000000521, 0.7000000000000407008, 2.527904483503939786E-15 ) ) ;
#1410 = CARTESIAN_POINT ( 'NONE',  ( 36.02170047244094775, -0.2096999999999985820, -6.000000000000003553 ) ) ;
#1411 = DIRECTION ( 'NONE',  ( 0.000000000000000000, -1.000000000000000000, -2.967464690054594744E-16 ) ) ;
#1412 = AXIS2_PLACEMENT_3D ( 'NONE', #12327, #7043, #5106 ) ;
#1413 = EDGE_CURVE ( 'NONE', #4153, #553, #10841, .T. ) ;
#1414 = DIRECTION ( 'NONE',  ( 1.000000000000000000, 4.161428847396411586E-15, -0.000000000000000000 ) ) ;
#1415 = ORIENTED_EDGE ( 'NONE', *, *, #3195, .F. ) ;
#1416 = AXIS2_PLACEMENT_3D ( 'NONE', #11026, #2855, #6083 ) ;
#1417 = ADVANCED_FACE ( 'NONE', ( #513 ), #4617, .F. ) ;
#1418 = ADVANCED_FACE ( 'NONE', ( #1392 ), #7835, .F. ) ;
#1419 = ORIENTED_EDGE ( 'NONE', *, *, #6729, .T. ) ;
#1420 = VERTEX_POINT ( 'NONE', #12784 ) ;
#1421 = DIRECTION ( 'NONE',  ( 0.000000000000000000, 0.000000000000000000, -1.000000000000000000 ) ) ;
#1422 = ORIENTED_EDGE ( 'NONE', *, *, #5134, .F. ) ;
#1423 = DIRECTION ( 'NONE',  ( 1.240959386601371334E-16, -1.000000000000000000, 0.000000000000000000 ) ) ;
#1424 = AXIS2_PLACEMENT_3D ( 'NONE', #9069, #1886, #12340 ) ;
#1425 = FACE_OUTER_BOUND ( 'NONE', #8666, .T. ) ;
#1426 = DIRECTION ( 'NONE',  ( -0.000000000000000000, -1.000000000000000000, -1.332348806898293597E-16 ) ) ;
#1427 = CARTESIAN_POINT ( 'NONE',  ( -34.89030000000000342, -0.6954000000000027937, 14.78124999999999822 ) ) ;
#1428 = CARTESIAN_POINT ( 'NONE',  ( -21.57792500000000757, -0.5499999999999954925, 14.53100000000000058 ) ) ;
#1429 = CARTESIAN_POINT ( 'NONE',  ( -17.31882500000001102, -0.6953999999999989079, 13.97959999999999958 ) ) ;
#1430 = CARTESIAN_POINT ( 'NONE',  ( 18.75002500000000438, -0.5499999999999929390, -14.68749999999999112 ) ) ;
#1431 = EDGE_LOOP ( 'NONE', ( #12143, #11902, #10509, #10860 ) ) ;
#1432 = EDGE_CURVE ( 'NONE', #9726, #3625, #6495, .T. ) ;
#1433 = AXIS2_PLACEMENT_3D ( 'NONE', #5459, #3237, #12548 ) ;
#1434 = EDGE_CURVE ( 'NONE', #63, #6901, #3268, .T. ) ;
#1435 = ORIENTED_EDGE ( 'NONE', *, *, #3356, .F. ) ;
#1436 = ORIENTED_EDGE ( 'NONE', *, *, #5959, .F. ) ;
#1437 = AXIS2_PLACEMENT_3D ( 'NONE', #39, #10183, #11110 ) ;
#1438 = LINE ( 'NONE', #3320, #4270 ) ;
#1439 = EDGE_CURVE ( 'NONE', #11852, #12697, #8840, .T. ) ;
#1440 = CARTESIAN_POINT ( 'NONE',  ( -21.89092500000000285, -0.6953999999999993520, -14.53099999999999348 ) ) ;
#1441 = PLANE ( 'NONE',  #951 ) ;
#1442 = CARTESIAN_POINT ( 'NONE',  ( -21.73442500000000877, -0.6207000000000038042, 14.42187500000000178 ) ) ;
#1443 = AXIS2_PLACEMENT_3D ( 'NONE', #11840, #10653, #2667 ) ;
#1444 = AXIS2_PLACEMENT_3D ( 'NONE', #611, #8676, #5664 ) ;
#1445 = FACE_BOUND ( 'NONE', #3882, .T. ) ;
#1446 = DIRECTION ( 'NONE',  ( 0.000000000000000000, -1.000000000000000000, 0.000000000000000000 ) ) ;
#1447 = DIRECTION ( 'NONE',  ( 0.000000000000000000, -1.000000000000000000, -2.967464690054594744E-16 ) ) ;
#1448 = ORIENTED_EDGE ( 'NONE', *, *, #10003, .T. ) ;
#1449 = AXIS2_PLACEMENT_3D ( 'NONE', #1328, #3345, #9521 ) ;
#1450 = VECTOR ( 'NONE', #6727, 39.37007874015748143 ) ;
#1451 = CIRCLE ( 'NONE', #6605, 0.2187500000000015821 ) ;
#1452 = VERTEX_POINT ( 'NONE', #7703 ) ;
#1453 = AXIS2_PLACEMENT_3D ( 'NONE', #5641, #5515, #523 ) ;
#1454 = ORIENTED_EDGE ( 'NONE', *, *, #8407, .F. ) ;
#1455 = DIRECTION ( 'NONE',  ( 0.000000000000000000, 0.000000000000000000, -1.000000000000000000 ) ) ;
#1456 = LENGTH_MEASURE_WITH_UNIT ( LENGTH_MEASURE( 0.02539999999999999897 ), #4614 );
#1457 = CYLINDRICAL_SURFACE ( 'NONE', #9742, 0.1250000000000015266 ) ;
#1458 = DIRECTION ( 'NONE',  ( 0.000000000000000000, 1.332348806898293597E-16, -1.000000000000000000 ) ) ;
#1459 = CARTESIAN_POINT ( 'NONE',  ( 11.25002499999999905, -0.7999999999999934941, -14.68749999999999289 ) ) ;
#1460 = ADVANCED_FACE ( 'NONE', ( #8583 ), #8774, .F. ) ;
#1461 = CARTESIAN_POINT ( 'NONE',  ( -20.96537499999999810, 0.3358499999999960961, 14.67187500000000000 ) ) ;
#1462 = DIRECTION ( 'NONE',  ( 0.000000000000000000, 0.000000000000000000, -1.000000000000000000 ) ) ;
#1463 = DIRECTION ( 'NONE',  ( 0.000000000000000000, 0.000000000000000000, -1.000000000000000000 ) ) ;
#1464 = ORIENTED_EDGE ( 'NONE', *, *, #3534, .F. ) ;
#1465 = VECTOR ( 'NONE', #8952, 39.37007874015748143 ) ;
#1466 = EDGE_LOOP ( 'NONE', ( #4049, #3229 ) ) ;
#1467 = AXIS2_PLACEMENT_3D ( 'NONE', #12598, #8455, #3416 ) ;
#1468 = VERTEX_POINT ( 'NONE', #5505 ) ;
#1469 = DIRECTION ( 'NONE',  ( 1.240959386601371334E-16, -1.000000000000000000, -0.000000000000000000 ) ) ;
#1470 = ORIENTED_EDGE ( 'NONE', *, *, #4932, .T. ) ;
#1471 = DIRECTION ( 'NONE',  ( 1.240959386601371334E-16, -1.000000000000000000, -0.000000000000000000 ) ) ;
#1472 = ORIENTED_EDGE ( 'NONE', *, *, #3574, .T. ) ;
#1473 = CARTESIAN_POINT ( 'NONE',  ( -17.16232500000000627, -0.6953999999999991299, -14.53099999999999170 ) ) ;
#1474 = ORIENTED_EDGE ( 'NONE', *, *, #10561, .F. ) ;
#1475 = DIRECTION ( 'NONE',  ( -0.000000000000000000, -1.000000000000000000, -1.332348806898293597E-16 ) ) ;
#1476 = LINE ( 'NONE', #9793, #12588 ) ;
#1477 = DIRECTION ( 'NONE',  ( 0.000000000000000000, 0.000000000000000000, -1.000000000000000000 ) ) ;
#1478 = PLANE ( 'NONE',  #3161 ) ;
#1479 = VECTOR ( 'NONE', #6409, 39.37007874015748143 ) ;
#1480 = ORIENTED_EDGE ( 'NONE', *, *, #7153, .F. ) ;
#1481 = EDGE_CURVE ( 'NONE', #13070, #5520, #13097, .T. ) ;
#1482 = VERTEX_POINT ( 'NONE', #12913 ) ;
#1483 = ADVANCED_FACE ( 'NONE', ( #6691 ), #12719, .F. ) ;
#1484 = ORIENTED_EDGE ( 'NONE', *, *, #5461, .F. ) ;
#1485 = CARTESIAN_POINT ( 'NONE',  ( 21.26567499999998745, -0.5895000000000039098, 14.79687500000000000 ) ) ;
#1486 = VERTEX_POINT ( 'NONE', #5693 ) ;
#1487 = DIRECTION ( 'NONE',  ( 1.240959386601371334E-16, -1.000000000000000000, -0.000000000000000000 ) ) ;
#1488 = CARTESIAN_POINT ( 'NONE',  ( -11.40652500000000913, -0.7999999999999948264, 14.53100000000000058 ) ) ;
#1489 = CARTESIAN_POINT ( 'NONE',  ( -21.54692499999999811, -0.6954000000000040149, -13.92187500000001066 ) ) ;
#1490 = CARTESIAN_POINT ( 'NONE',  ( -3.749999999999997780, -0.7999999999999943823, -14.34399999999999409 ) ) ;
#1491 = DIRECTION ( 'NONE',  ( 0.000000000000000000, -1.000000000000000000, -2.967464690054594744E-16 ) ) ;
#1492 = CYLINDRICAL_SURFACE ( 'NONE', #9451, 0.1565000000000003610 ) ;
#1493 = DIRECTION ( 'NONE',  ( 0.000000000000000000, -1.000000000000000000, -1.332348806898293597E-16 ) ) ;
#1494 = EDGE_LOOP ( 'NONE', ( #5880, #556, #941, #10196, #551, #9371, #3538, #9045, #4151, #3078, #10766, #2217 ) ) ;
#1495 = ADVANCED_FACE ( 'NONE', ( #3739, #2538 ), #11647, .T. ) ;
#1496 = AXIS2_PLACEMENT_3D ( 'NONE', #10379, #1184, #9382 ) ;
#1497 = EDGE_CURVE ( 'NONE', #5278, #8651, #578, .T. ) ;
#1498 = ORIENTED_EDGE ( 'NONE', *, *, #3699, .F. ) ;
#1499 = EDGE_CURVE ( 'NONE', #608, #1916, #12263, .T. ) ;
#1500 = ORIENTED_EDGE ( 'NONE', *, *, #11400, .F. ) ;
#1501 = DIRECTION ( 'NONE',  ( 0.000000000000000000, 0.000000000000000000, 1.000000000000000000 ) ) ;
#1502 = LINE ( 'NONE', #4725, #9333 ) ;
#1503 = DIRECTION ( 'NONE',  ( 0.000000000000000000, 0.000000000000000000, -1.000000000000000000 ) ) ;
#1504 = DIRECTION ( 'NONE',  ( -0.000000000000000000, -1.000000000000000000, -1.332348806898293597E-16 ) ) ;
#1505 = DIRECTION ( 'NONE',  ( 1.240959386601371334E-16, -1.000000000000000000, 0.000000000000000000 ) ) ;
#1506 = DIRECTION ( 'NONE',  ( 0.000000000000000000, -1.000000000000000000, -2.967464690054594744E-16 ) ) ;
#1507 = ADVANCED_FACE ( 'NONE', ( #1857, #2799, #8976, #5020, #7090, #9178, #6953, #2737 ), #848, .F. ) ;
#1508 = VECTOR ( 'NONE', #7011, 39.37007874015748143 ) ;
#1509 = LINE ( 'NONE', #4603, #7558 ) ;
#1510 = DIRECTION ( 'NONE',  ( -0.000000000000000000, -0.000000000000000000, 1.000000000000000000 ) ) ;
#1511 = AXIS2_PLACEMENT_3D ( 'NONE', #12228, #3121, #1099 ) ;
#1512 = ORIENTED_EDGE ( 'NONE', *, *, #8354, .F. ) ;
#1513 = EDGE_CURVE ( 'NONE', #5397, #553, #13046, .T. ) ;
#1514 = VECTOR ( 'NONE', #8018, 39.37007874015748143 ) ;
#1515 = ORIENTED_EDGE ( 'NONE', *, *, #6430, .F. ) ;
#1516 = ORIENTED_EDGE ( 'NONE', *, *, #13052, .F. ) ;
#1517 = CARTESIAN_POINT ( 'NONE',  ( 18.75002500000000438, -0.6953999999999969095, -14.53099999999998992 ) ) ;
#1518 = SURFACE_STYLE_FILL_AREA ( #11834 ) ;
#1519 = ADVANCED_FACE ( 'NONE', ( #11975 ), #11172, .F. ) ;
#1520 = DIRECTION ( 'NONE',  ( 0.000000000000000000, 0.000000000000000000, -1.000000000000000000 ) ) ;
#1521 = CARTESIAN_POINT ( 'NONE',  ( 28.38110000000001065, -0.7999999999999923839, 14.34400000000000652 ) ) ;
#1522 = CARTESIAN_POINT ( 'NONE',  ( 28.53760000000000829, -0.7999999999999923839, 14.53100000000000058 ) ) ;
#1523 = FACE_BOUND ( 'NONE', #12793, .T. ) ;
#1524 = LINE ( 'NONE', #5635, #795 ) ;
#1525 = DIRECTION ( 'NONE',  ( -1.000000000000000000, -5.463695987328555033E-16, 0.000000000000000000 ) ) ;
#1526 = AXIS2_PLACEMENT_3D ( 'NONE', #5537, #218, #9485 ) ;
#1527 = VERTEX_POINT ( 'NONE', #7905 ) ;
#1528 = ORIENTED_EDGE ( 'NONE', *, *, #655, .T. ) ;
#1529 = ADVANCED_FACE ( 'NONE', ( #780 ), #1717, .F. ) ;
#1530 = EDGE_LOOP ( 'NONE', ( #11669, #7148, #886, #10719 ) ) ;
#1531 = CARTESIAN_POINT ( 'NONE',  ( -21.95317500000000877, -0.4299000000000040012, 14.42187500000000178 ) ) ;
#1532 = EDGE_LOOP ( 'NONE', ( #1185, #717, #7163, #1732 ) ) ;
#1533 = VECTOR ( 'NONE', #7401, 39.37007874015748143 ) ;
#1534 = CARTESIAN_POINT ( 'NONE',  ( 22.57817500000000166, -0.5895000000000039098, 14.79687500000000000 ) ) ;
#1535 = ORIENTED_EDGE ( 'NONE', *, *, #2577, .T. ) ;
#1536 = ORIENTED_EDGE ( 'NONE', *, *, #10093, .F. ) ;
#1537 = CYLINDRICAL_SURFACE ( 'NONE', #5687, 0.1565000000000003610 ) ;
#1538 = FACE_OUTER_BOUND ( 'NONE', #12906, .T. ) ;
#1539 = DIRECTION ( 'NONE',  ( -1.000000000000000000, 0.000000000000000000, 0.000000000000000000 ) ) ;
#1540 = AXIS2_PLACEMENT_3D ( 'NONE', #6489, #3526, #8504 ) ;
#1541 = DIRECTION ( 'NONE',  ( 0.000000000000000000, 0.000000000000000000, -1.000000000000000000 ) ) ;
#1542 = DIRECTION ( 'NONE',  ( -1.000000000000000000, -0.000000000000000000, -0.000000000000000000 ) ) ;
#1543 = ORIENTED_EDGE ( 'NONE', *, *, #8565, .F. ) ;
#1544 = EDGE_CURVE ( 'NONE', #12552, #412, #262, .T. ) ;
#1545 = AXIS2_PLACEMENT_3D ( 'NONE', #6565, #4746, #7637 ) ;
#1546 = ORIENTED_EDGE ( 'NONE', *, *, #8967, .F. ) ;
#1547 = ORIENTED_EDGE ( 'NONE', *, *, #8143, .F. ) ;
#1548 = LINE ( 'NONE', #3572, #10188 ) ;
#1549 = EDGE_LOOP ( 'NONE', ( #3998, #11511, #11640, #9435 ) ) ;
#1550 = CYLINDRICAL_SURFACE ( 'NONE', #9889, 0.1250000000000037192 ) ;
#1551 = DIRECTION ( 'NONE',  ( 1.240959386601371334E-16, -1.000000000000000000, 0.000000000000000000 ) ) ;
#1552 = LINE ( 'NONE', #12754, #11330 ) ;
#1553 = ADVANCED_FACE ( 'NONE', ( #12039 ), #711, .F. ) ;
#1554 = DIRECTION ( 'NONE',  ( -0.000000000000000000, -1.000000000000000000, -1.332348806898293597E-16 ) ) ;
#1555 = ADVANCED_FACE ( 'NONE', ( #4072, #11034, #1991 ), #4951, .F. ) ;
#1556 = CARTESIAN_POINT ( 'NONE',  ( -18.59352500000000319, -0.6953999999999992410, -14.53099999999999170 ) ) ;
#1557 = VECTOR ( 'NONE', #13107, 39.37007874015748143 ) ;
#1558 = CARTESIAN_POINT ( 'NONE',  ( 35.91710000000000491, -0.2096999999999985820, -6.000000000000003553 ) ) ;
#1560 = VECTOR ( 'NONE', #7326, 39.37007874015748143 ) ;
#1559 = DIRECTION ( 'NONE',  ( -0.000000000000000000, 0.000000000000000000, 1.000000000000000000 ) ) ;
#1561 = EDGE_CURVE ( 'NONE', #1730, #163, #6024, .T. ) ;
#1562 = EDGE_CURVE ( 'NONE', #11552, #12261, #6093, .T. ) ;
#1563 = ORIENTED_EDGE ( 'NONE', *, *, #11996, .F. ) ;
#1564 = ORIENTED_EDGE ( 'NONE', *, *, #8849, .T. ) ;
#1565 = VECTOR ( 'NONE', #12062, 39.37007874015748143 ) ;
#1566 = VECTOR ( 'NONE', #3380, 39.37007874015748143 ) ;
#1567 = ORIENTED_EDGE ( 'NONE', *, *, #1561, .T. ) ;
#1568 = LINE ( 'NONE', #6418, #4903 ) ;
#1569 = DIRECTION ( 'NONE',  ( -1.000000000000000000, 0.000000000000000000, 0.000000000000000000 ) ) ;
#1570 = CARTESIAN_POINT ( 'NONE',  ( -11.40652500000000380, -0.5499999999999948264, -14.34399999999999764 ) ) ;
#1571 = CARTESIAN_POINT ( 'NONE',  ( 21.37157499999998933, -0.6954000000000040149, -14.79687500000000000 ) ) ;
#1572 =( NAMED_UNIT ( * ) PLANE_ANGLE_UNIT ( ) SI_UNIT ( $, .RADIAN. ) );
#1573 = CARTESIAN_POINT ( 'NONE',  ( -32.13110000000000355, -0.5499999999999961586, 14.18750000000000533 ) ) ;
#1574 = DIRECTION ( 'NONE',  ( 0.000000000000000000, -1.000000000000000000, -1.332348806898293597E-16 ) ) ;
#1575 = EDGE_CURVE ( 'NONE', #8864, #12710, #2624, .T. ) ;
#1576 = AXIS2_PLACEMENT_3D ( 'NONE', #6184, #10205, #8263 ) ;
#1577 = EDGE_CURVE ( 'NONE', #6720, #10547, #9912, .T. ) ;
#1578 = CARTESIAN_POINT ( 'NONE',  ( 31.97460000000000235, -0.5499999999999921618, 14.34400000000000475 ) ) ;
#1579 = VERTEX_POINT ( 'NONE', #911 ) ;
#1580 = EDGE_CURVE ( 'NONE', #3134, #11338, #9107, .T. ) ;
#1581 = EDGE_CURVE ( 'NONE', #3802, #12344, #4006, .T. ) ;
#1582 = EDGE_LOOP ( 'NONE', ( #1512, #10727 ) ) ;
#1583 = VERTEX_POINT ( 'NONE', #8905 ) ;
#1584 = CARTESIAN_POINT ( 'NONE',  ( -21.57817499999999811, -0.6207000000000038042, -12.43750000000001066 ) ) ;
#1585 = DIRECTION ( 'NONE',  ( -0.000000000000000000, -1.000000000000000000, -1.332348806898293597E-16 ) ) ;
#1586 = CARTESIAN_POINT ( 'NONE',  ( -21.57817500000000166, -0.4299000000000038346, 12.43750000000000178 ) ) ;
#1587 = CARTESIAN_POINT ( 'NONE',  ( -20.96537499999999810, 0.3358499999999960961, -14.67187499999999822 ) ) ;
#1588 = DIRECTION ( 'NONE',  ( 0.000000000000000000, 0.000000000000000000, -1.000000000000000000 ) ) ;
#1589 = DIRECTION ( 'NONE',  ( 5.463695987328555033E-16, -1.000000000000000000, 0.000000000000000000 ) ) ;
#1590 = DIRECTION ( 'NONE',  ( 0.000000000000000000, 0.000000000000000000, -1.000000000000000000 ) ) ;
#1591 = DIRECTION ( 'NONE',  ( -0.000000000000000000, -0.000000000000000000, 1.000000000000000000 ) ) ;
#1592 = ORIENTED_EDGE ( 'NONE', *, *, #8300, .F. ) ;
#1593 = AXIS2_PLACEMENT_3D ( 'NONE', #12830, #6736, #893 ) ;
#1594 = CIRCLE ( 'NONE', #12304, 0.2187500000000015821 ) ;
#1595 = ORIENTED_EDGE ( 'NONE', *, *, #4949, .F. ) ;
#1596 = EDGE_CURVE ( 'NONE', #733, #8720, #12981, .T. ) ;
#1597 = CIRCLE ( 'NONE', #10592, 0.1059000000000017289 ) ;
#1598 = ORIENTED_EDGE ( 'NONE', *, *, #764, .T. ) ;
#1599 = CARTESIAN_POINT ( 'NONE',  ( 22.23442499999999811, 0.7000000000000407008, 2.512596398514597499E-15 ) ) ;
#1600 = ORIENTED_EDGE ( 'NONE', *, *, #2269, .F. ) ;
#1601 = DIRECTION ( 'NONE',  ( -0.000000000000000000, -0.000000000000000000, -1.000000000000000000 ) ) ;
#1602 = EDGE_LOOP ( 'NONE', ( #1728, #11297, #12993, #1851 ) ) ;
#1603 = VERTEX_POINT ( 'NONE', #9506 ) ;
#1604 = CARTESIAN_POINT ( 'NONE',  ( 36.02170000000000272, -0.2096999999999985820, 6.000000000000003553 ) ) ;
#1605 = ADVANCED_FACE ( 'NONE', ( #10251 ), #1312, .F. ) ;
#1606 = EDGE_CURVE ( 'NONE', #4510, #10511, #1764, .T. ) ;
#1607 = CIRCLE ( 'NONE', #12531, 0.1565000000000003610 ) ;
#1608 = DIRECTION ( 'NONE',  ( -0.000000000000000000, -1.000000000000000000, -1.332348806898293597E-16 ) ) ;
#1609 = CARTESIAN_POINT ( 'NONE',  ( 21.26567499999998745, -0.5895000000000039098, 14.79687500000000000 ) ) ;
#1610 = CARTESIAN_POINT ( 'NONE',  ( 18.59352500000000319, -0.5499999999999929390, 14.53099999999999703 ) ) ;
#1611 = LINE ( 'NONE', #5780, #9932 ) ;
#1612 = VERTEX_POINT ( 'NONE', #3262 ) ;
#1613 = AXIS2_PLACEMENT_3D ( 'NONE', #7782, #11851, #6769 ) ;
#1614 = AXIS2_PLACEMENT_3D ( 'NONE', #9620, #12818, #10551 ) ;
#1615 = VERTEX_POINT ( 'NONE', #10315 ) ;
#1616 = ORIENTED_EDGE ( 'NONE', *, *, #6191, .F. ) ;
#1617 = CARTESIAN_POINT ( 'NONE',  ( 22.10942500000000521, -0.4299000000000038346, -12.43750000000001066 ) ) ;
#1618 = VERTEX_POINT ( 'NONE', #4213 ) ;
#1619 = AXIS2_PLACEMENT_3D ( 'NONE', #1587, #8640, #12718 ) ;
#1620 = ORIENTED_EDGE ( 'NONE', *, *, #2806, .T. ) ;
#1621 = CARTESIAN_POINT ( 'NONE',  ( 35.23450000000000415, -0.6953999999999956882, -1.811549999999973792 ) ) ;
#1622 = DIRECTION ( 'NONE',  ( 0.000000000000000000, 0.000000000000000000, -1.000000000000000000 ) ) ;
#1623 = LINE ( 'NONE', #11872, #3168 ) ;
#1624 = LINE ( 'NONE', #10936, #5847 ) ;
#1625 = DIRECTION ( 'NONE',  ( 0.000000000000000000, 0.000000000000000000, -1.000000000000000000 ) ) ;
#1626 = AXIS2_PLACEMENT_3D ( 'NONE', #7826, #840, #1777 ) ;
#1627 = ADVANCED_FACE ( 'NONE', ( #12442 ), #3071, .F. ) ;
#1628 = CARTESIAN_POINT ( 'NONE',  ( 22.57817500000000166, -0.5895000000000039098, 14.79687500000000000 ) ) ;
#1629 = EDGE_LOOP ( 'NONE', ( #4276, #3014, #7910, #3142 ) ) ;
#1630 = VERTEX_POINT ( 'NONE', #175 ) ;
#1631 = VECTOR ( 'NONE', #6806, 39.37007874015748143 ) ;
#1632 = ORIENTED_EDGE ( 'NONE', *, *, #1356, .F. ) ;
#1633 = CIRCLE ( 'NONE', #8071, 0.03125000000000147798 ) ;
#1634 = ORIENTED_EDGE ( 'NONE', *, *, #7239, .T. ) ;
#1635 = DIRECTION ( 'NONE',  ( 1.240959386601371334E-16, -1.000000000000000000, 0.000000000000000000 ) ) ;
#1636 = LINE ( 'NONE', #3522, #529 ) ;
#1637 = CARTESIAN_POINT ( 'NONE',  ( 35.23450000000000415, -0.5499999999999918288, -1.811549999999973792 ) ) ;
#1638 = CARTESIAN_POINT ( 'NONE',  ( -20.96537499999999810, -0.5895000000000039098, 14.79687500000000000 ) ) ;
#1639 = DIRECTION ( 'NONE',  ( -0.000000000000000000, -1.000000000000000000, -1.332348806898293597E-16 ) ) ;
#1640 = DIRECTION ( 'NONE',  ( -1.000000000000000000, 0.000000000000000000, 0.000000000000000000 ) ) ;
#1641 = VECTOR ( 'NONE', #5744, 39.37007874015748143 ) ;
#1642 = CARTESIAN_POINT ( 'NONE',  ( -35.13110000000000355, -0.5499999999999961586, 14.56250000000000533 ) ) ;
#1643 = ORIENTED_EDGE ( 'NONE', *, *, #5986, .T. ) ;
#1644 = ORIENTED_EDGE ( 'NONE', *, *, #7681, .T. ) ;
#1645 = VERTEX_POINT ( 'NONE', #7359 ) ;
#1646 = AXIS2_PLACEMENT_3D ( 'NONE', #4765, #3566, #6585 ) ;
#1647 = VECTOR ( 'NONE', #1554, 39.37007874015748143 ) ;
#1648 = EDGE_CURVE ( 'NONE', #12999, #3912, #9379, .T. ) ;
#1649 = ORIENTED_EDGE ( 'NONE', *, *, #6989, .T. ) ;
#1650 = CYLINDRICAL_SURFACE ( 'NONE', #11864, 0.2187500000000015821 ) ;
#1651 =( NAMED_UNIT ( * ) PLANE_ANGLE_UNIT ( ) SI_UNIT ( $, .RADIAN. ) );
#1652 = DIRECTION ( 'NONE',  ( 0.000000000000000000, 0.000000000000000000, -1.000000000000000000 ) ) ;
#1653 = CARTESIAN_POINT ( 'NONE',  ( 17.16232500000000982, -0.7999999999999931610, 14.18750000000000533 ) ) ;
#1654 = CARTESIAN_POINT ( 'NONE',  ( 35.88585000000000491, 0.5641500000000337911, 14.78124999999999822 ) ) ;
#1655 = CARTESIAN_POINT ( 'NONE',  ( 26.25002500000000794, -0.7999999999999926059, -14.68749999999999112 ) ) ;
#1656 = DIRECTION ( 'NONE',  ( 0.000000000000000000, -1.000000000000000000, -1.332348806898293597E-16 ) ) ;
#1657 = AXIS2_PLACEMENT_3D ( 'NONE', #3629, #1875, #729 ) ;
#1658 = CARTESIAN_POINT ( 'NONE',  ( -22.20317500000001232, 0.3358499999999960961, -14.67187499999999822 ) ) ;
#1659 = AXIS2_PLACEMENT_3D ( 'NONE', #13193, #6108, #2953 ) ;
#1660 = ORIENTED_EDGE ( 'NONE', *, *, #11354, .F. ) ;
#1661 = AXIS2_PLACEMENT_3D ( 'NONE', #7172, #6375, #124 ) ;
#1663 = ORIENTED_EDGE ( 'NONE', *, *, #7065, .T. ) ;
#1662 = AXIS2_PLACEMENT_3D ( 'NONE', #2289, #6393, #1346 ) ;
#1664 = EDGE_CURVE ( 'NONE', #4138, #4721, #6065, .T. ) ;
#1665 = VERTEX_POINT ( 'NONE', #1249 ) ;
#1666 = DIRECTION ( 'NONE',  ( 0.000000000000000000, 0.000000000000000000, -1.000000000000000000 ) ) ;
#1667 = ADVANCED_FACE ( 'NONE', ( #3140 ), #12381, .F. ) ;
#1668 = EDGE_LOOP ( 'NONE', ( #4672, #5625, #5812, #4235 ) ) ;
#1669 = CARTESIAN_POINT ( 'NONE',  ( -22.09727500000001044, -0.6954000000000040149, 14.79687500000000000 ) ) ;
#1670 = ORIENTED_EDGE ( 'NONE', *, *, #431, .T. ) ;
#1671 = AXIS2_PLACEMENT_3D ( 'NONE', #10182, #8173, #7543 ) ;
#1672 = ORIENTED_EDGE ( 'NONE', *, *, #755, .T. ) ;
#1673 = CARTESIAN_POINT ( 'NONE',  ( -35.91710000000000491, 0.5954000000000000403, 14.78124999999999822 ) ) ;
#1674 = ADVANCED_FACE ( 'NONE', ( #7155 ), #5221, .T. ) ;
#1675 = DIRECTION ( 'NONE',  ( -1.000000000000000000, -0.000000000000000000, -0.000000000000000000 ) ) ;
#1676 =( NAMED_UNIT ( * ) PLANE_ANGLE_UNIT ( ) SI_UNIT ( $, .RADIAN. ) );
#1677 = EDGE_CURVE ( 'NONE', #2277, #202, #37, .T. ) ;
#1678 = CARTESIAN_POINT ( 'NONE',  ( -35.23450000000000415, -0.7999999999999961586, 8.436550000000002214 ) ) ;
#1679 = CARTESIAN_POINT ( 'NONE',  ( 17.31882500000000391, -0.5499999999999931610, -14.34399999999999764 ) ) ;
#1680 = ORIENTED_EDGE ( 'NONE', *, *, #1648, .T. ) ;
#1681 =( GEOMETRIC_REPRESENTATION_CONTEXT ( 3 ) GLOBAL_UNCERTAINTY_ASSIGNED_CONTEXT ( ( #5094 ) ) GLOBAL_UNIT_ASSIGNED_CONTEXT ( ( #452, #9588, #1394 ) ) REPRESENTATION_CONTEXT ( 'NONE', 'WORKASPACE' ) );
#1682 = ORIENTED_EDGE ( 'NONE', *, *, #856, .T. ) ;
#1683 = ORIENTED_EDGE ( 'NONE', *, *, #6086, .T. ) ;
#1684 = LINE ( 'NONE', #1748, #3354 ) ;
#1685 = EDGE_LOOP ( 'NONE', ( #4467, #5031, #2759, #5923, #7251, #5907 ) ) ;
#1686 = EDGE_LOOP ( 'NONE', ( #1543, #8795, #8129, #11709 ) ) ;
#1687 = CARTESIAN_POINT ( 'NONE',  ( -26.25002500000000794, -0.6953999999999996851, 14.34400000000000119 ) ) ;
#1688 = CARTESIAN_POINT ( 'NONE',  ( -35.93750000000000000, 0.5954000000000000403, 14.78124999999999822 ) ) ;
#1689 = EDGE_CURVE ( 'NONE', #4333, #5799, #8375, .T. ) ;
#1690 = DIRECTION ( 'NONE',  ( -0.000000000000000000, -0.000000000000000000, 1.000000000000000000 ) ) ;
#1691 = DIRECTION ( 'NONE',  ( -0.000000000000000000, 0.000000000000000000, 1.000000000000000000 ) ) ;
#1692 = DIRECTION ( 'NONE',  ( -1.000000000000000000, -0.000000000000000000, -0.000000000000000000 ) ) ;
#1693 = DIRECTION ( 'NONE',  ( 0.000000000000000000, -1.000000000000000000, -2.967464690054594744E-16 ) ) ;
#1694 = VERTEX_POINT ( 'NONE', #5422 ) ;
#1695 = ORIENTED_EDGE ( 'NONE', *, *, #630, .F. ) ;
#1696 = ORIENTED_EDGE ( 'NONE', *, *, #7954, .T. ) ;
#1697 = EDGE_CURVE ( 'NONE', #8878, #5169, #2058, .T. ) ;
#1698 = ORIENTED_EDGE ( 'NONE', *, *, #4528, .F. ) ;
#1699 = CARTESIAN_POINT ( 'NONE',  ( 35.88585000000000491, -0.6641500000000021275, 14.78124999999999822 ) ) ;
#1700 = LINE ( 'NONE', #10947, #4195 ) ;
#1701 = CYLINDRICAL_SURFACE ( 'NONE', #6738, 0.1565000000000003610 ) ;
#1702 = DIRECTION ( 'NONE',  ( -0.000000000000000000, -1.000000000000000000, -1.332348806898293597E-16 ) ) ;
#1703 = CARTESIAN_POINT ( 'NONE',  ( 36.02170000000000272, -0.6341000000000001080, -14.78240000000000087 ) ) ;
#1704 = CARTESIAN_POINT ( 'NONE',  ( 3.906499999999998529, -0.8000000000000000444, -14.53099999999998992 ) ) ;
#1705 = FACE_OUTER_BOUND ( 'NONE', #4803, .T. ) ;
#1706 = ORIENTED_EDGE ( 'NONE', *, *, #7351, .F. ) ;
#1707 = ADVANCED_FACE ( 'NONE', ( #6162 ), #11432, .F. ) ;
#1708 = EDGE_LOOP ( 'NONE', ( #6498, #6557, #7293, #12405, #9381 ) ) ;
#1709 = LINE ( 'NONE', #7016, #3143 ) ;
#1710 = EDGE_LOOP ( 'NONE', ( #5426, #2287, #13221, #11843 ) ) ;
#1711 = AXIS2_PLACEMENT_3D ( 'NONE', #1723, #5895, #4884 ) ;
#1712 = ORIENTED_EDGE ( 'NONE', *, *, #9256, .F. ) ;
#1713 = DIRECTION ( 'NONE',  ( -1.000000000000000000, -0.000000000000000000, -0.000000000000000000 ) ) ;
#1714 = CARTESIAN_POINT ( 'NONE',  ( 26.40652500000000913, -0.5499999999999926059, 14.53099999999999703 ) ) ;
#1715 = LINE ( 'NONE', #7902, #1835 ) ;
#1716 = DIRECTION ( 'NONE',  ( 0.000000000000000000, 0.000000000000000000, -1.000000000000000000 ) ) ;
#1717 = CYLINDRICAL_SURFACE ( 'NONE', #12469, 0.1250000000000037192 ) ;
#1718 = LINE ( 'NONE', #2937, #4873 ) ;
#1719 = ADVANCED_FACE ( 'NONE', ( #12311 ), #2130, .F. ) ;
#1720 = CARTESIAN_POINT ( 'NONE',  ( 22.57817500000000166, -0.5895000000000039098, -14.79687500000000000 ) ) ;
#1721 = AXIS2_PLACEMENT_3D ( 'NONE', #10126, #4897, #8990 ) ;
#1722 = AXIS2_PLACEMENT_3D ( 'NONE', #761, #2845, #692 ) ;
#1723 = CARTESIAN_POINT ( 'NONE',  ( -3.593499999999997474, -0.5499999999999943823, -14.34399999999999409 ) ) ;
#1724 = VERTEX_POINT ( 'NONE', #6288 ) ;
#1725 = EDGE_CURVE ( 'NONE', #8647, #7467, #5626, .T. ) ;
#1726 = VERTEX_POINT ( 'NONE', #239 ) ;
#1727 = AXIS2_PLACEMENT_3D ( 'NONE', #5543, #5406, #3448 ) ;
#1728 = ORIENTED_EDGE ( 'NONE', *, *, #10707, .F. ) ;
#1729 = CARTESIAN_POINT ( 'NONE',  ( 35.93750000000000000, -0.7187499999999997780, -15.00000000000000000 ) ) ;
#1730 = VERTEX_POINT ( 'NONE', #4344 ) ;
#1731 = CARTESIAN_POINT ( 'NONE',  ( 21.34037499999998744, -0.5895000000000039098, -14.79687500000000000 ) ) ;
#1732 = ORIENTED_EDGE ( 'NONE', *, *, #7755, .F. ) ;
#1733 = ORIENTED_EDGE ( 'NONE', *, *, #5786, .T. ) ;
#1734 = DIRECTION ( 'NONE',  ( 0.000000000000000000, 0.000000000000000000, -1.000000000000000000 ) ) ;
#1735 = AXIS2_PLACEMENT_3D ( 'NONE', #9717, #9847, #2669 ) ;
#1736 = CARTESIAN_POINT ( 'NONE',  ( -18.59352500000000674, -0.6953999999999992410, 14.34399999999999942 ) ) ;
#1737 = VECTOR ( 'NONE', #8500, 39.37007874015748143 ) ;
#1738 = CARTESIAN_POINT ( 'NONE',  ( -28.38110000000001065, -0.6953999999999997961, 14.34400000000000652 ) ) ;
#1739 = ADVANCED_FACE ( 'NONE', ( #12512, #1445, #6677, #4481, #7621 ), #5559, .F. ) ;
#1740 = DIRECTION ( 'NONE',  ( 0.000000000000000000, -1.000000000000000000, -1.332348806898293597E-16 ) ) ;
#1741 = DIRECTION ( 'NONE',  ( 0.000000000000000000, -1.000000000000000000, -1.332348806898293597E-16 ) ) ;
#1742 = ORIENTED_EDGE ( 'NONE', *, *, #2083, .F. ) ;
#1743 = EDGE_CURVE ( 'NONE', #7774, #8898, #2389, .T. ) ;
#1744 = CIRCLE ( 'NONE', #1526, 0.1565000000000003610 ) ;
#1745 = ORIENTED_EDGE ( 'NONE', *, *, #2982, .T. ) ;
#1746 = EDGE_CURVE ( 'NONE', #8321, #12889, #7974, .T. ) ;
#1747 = ORIENTED_EDGE ( 'NONE', *, *, #10290, .T. ) ;
#1748 = CARTESIAN_POINT ( 'NONE',  ( 7.640925000000000189, -0.5499999999999936051, 14.53100000000000591 ) ) ;
#1749 = EDGE_LOOP ( 'NONE', ( #6984, #487, #12201, #5187 ) ) ;
#1750 = AXIS2_PLACEMENT_3D ( 'NONE', #6226, #2190, #10439 ) ;
#1751 = FACE_OUTER_BOUND ( 'NONE', #768, .T. ) ;
#1752 = ORIENTED_EDGE ( 'NONE', *, *, #10596, .T. ) ;
#1753 = CARTESIAN_POINT ( 'NONE',  ( -21.73442500000000521, -0.6953999999999993520, -14.68749999999999289 ) ) ;
#1754 = CYLINDRICAL_SURFACE ( 'NONE', #5097, 0.1565000000000003610 ) ;
#1755 = FACE_OUTER_BOUND ( 'NONE', #2082, .T. ) ;
#1756 = CARTESIAN_POINT ( 'NONE',  ( 25.19685039370081370, 0.7000000000000329292, 4.330708661417147276 ) ) ;
#1757 = CARTESIAN_POINT ( 'NONE',  ( -35.13110000000000355, -0.5499999999999961586, -14.56250000000000178 ) ) ;
#1758 = ORIENTED_EDGE ( 'NONE', *, *, #10629, .T. ) ;
#1759 = EDGE_LOOP ( 'NONE', ( #9369, #4824, #11360, #4299 ) ) ;
#1760 = ADVANCED_FACE ( 'NONE', ( #12580 ), #7690, .F. ) ;
#1761 = ORIENTED_EDGE ( 'NONE', *, *, #10768, .T. ) ;
#1762 = ORIENTED_EDGE ( 'NONE', *, *, #11134, .F. ) ;
#1763 = CYLINDRICAL_SURFACE ( 'NONE', #8762, 0.1249999999999993477 ) ;
#1764 = CIRCLE ( 'NONE', #9287, 0.2187500000000015821 ) ;
#1765 = CIRCLE ( 'NONE', #2843, 0.1250000000000037192 ) ;
#1766 = DIRECTION ( 'NONE',  ( 0.000000000000000000, 0.000000000000000000, 1.000000000000000000 ) ) ;
#1767 = CARTESIAN_POINT ( 'NONE',  ( 31.97460000000000235, -0.6953999999999959103, 13.97959999999999958 ) ) ;
#1768 = DIRECTION ( 'NONE',  ( -0.000000000000000000, -0.000000000000000000, -1.000000000000000000 ) ) ;
#1769 = EDGE_CURVE ( 'NONE', #6850, #9550, #5488, .T. ) ;
#1770 = CARTESIAN_POINT ( 'NONE',  ( 35.94045000000000556, -0.7999999999999994893, 13.78219999999999956 ) ) ;
#1771 = DIRECTION ( 'NONE',  ( -0.000000000000000000, 1.000000000000000000, 0.000000000000000000 ) ) ;
#1772 = CARTESIAN_POINT ( 'NONE',  ( -11.40652500000000380, -0.7999999999999948264, -14.53099999999999348 ) ) ;
#1773 = ORIENTED_EDGE ( 'NONE', *, *, #492, .T. ) ;
#1774 = VECTOR ( 'NONE', #1542, 39.37007874015748143 ) ;
#1775 = AXIS2_PLACEMENT_3D ( 'NONE', #2236, #10423, #2112 ) ;
#1776 = ORIENTED_EDGE ( 'NONE', *, *, #6833, .F. ) ;
#1777 = DIRECTION ( 'NONE',  ( 0.000000000000000000, 0.000000000000000000, 1.000000000000000000 ) ) ;
#1778 = VERTEX_POINT ( 'NONE', #7754 ) ;
#1779 = VERTEX_POINT ( 'NONE', #11698 ) ;
#1780 = CYLINDRICAL_SURFACE ( 'NONE', #1384, 0.1565000000000003610 ) ;
#1781 = DIRECTION ( 'NONE',  ( 0.000000000000000000, 0.000000000000000000, -1.000000000000000000 ) ) ;
#1782 = CARTESIAN_POINT ( 'NONE',  ( 36.02170000000000272, -0.2096999999999985820, -5.749999999999996447 ) ) ;
#1783 = VECTOR ( 'NONE', #4703, 39.37007874015748143 ) ;
#1784 = CARTESIAN_POINT ( 'NONE',  ( 17.16232500000000272, -0.6953999999999970205, -14.53099999999999170 ) ) ;
#1785 = DIRECTION ( 'NONE',  ( 0.000000000000000000, 0.000000000000000000, -1.000000000000000000 ) ) ;
#1786 = DIRECTION ( 'NONE',  ( 0.000000000000000000, 0.000000000000000000, -1.000000000000000000 ) ) ;
#1787 = CARTESIAN_POINT ( 'NONE',  ( 36.02170047244094775, -0.2096999999999985820, 5.875000000000000000 ) ) ;
#1788 = EDGE_CURVE ( 'NONE', #11880, #7561, #468, .T. ) ;
#1789 = ADVANCED_FACE ( 'NONE', ( #2651 ), #4669, .F. ) ;
#1790 = PLANE ( 'NONE',  #1711 ) ;
#1791 = ORIENTED_EDGE ( 'NONE', *, *, #8698, .F. ) ;
#1792 = VERTEX_POINT ( 'NONE', #9573 ) ;
#1793 = VECTOR ( 'NONE', #8101, 39.37007874015748143 ) ;
#1794 = ADVANCED_FACE ( 'NONE', ( #9831 ), #626, .F. ) ;
#1795 = ORIENTED_EDGE ( 'NONE', *, *, #11333, .F. ) ;
#1796 = DIRECTION ( 'NONE',  ( 0.000000000000000000, 0.000000000000000000, -1.000000000000000000 ) ) ;
#1797 = VERTEX_POINT ( 'NONE', #10570 ) ;
#1798 = DIRECTION ( 'NONE',  ( -0.000000000000000000, -0.000000000000000000, 1.000000000000000000 ) ) ;
#1799 = CARTESIAN_POINT ( 'NONE',  ( -35.91709999999999781, -0.2096999999999985820, -13.87500000000000000 ) ) ;
#1800 = VERTEX_POINT ( 'NONE', #3400 ) ;
#1801 = DIRECTION ( 'NONE',  ( -0.000000000000000000, 1.000000000000000000, -0.000000000000000000 ) ) ;
#1802 = PLANE ( 'NONE',  #9982 ) ;
#1803 = FACE_OUTER_BOUND ( 'NONE', #4629, .T. ) ;
#1804 = CIRCLE ( 'NONE', #12518, 0.1565000000000003610 ) ;
#1805 = DIRECTION ( 'NONE',  ( -0.000000000000000000, -1.000000000000000000, -0.000000000000000000 ) ) ;
#1806 = CARTESIAN_POINT ( 'NONE',  ( -20.99657499999999999, -0.6207000000000038042, -14.79687500000000000 ) ) ;
#1807 = ORIENTED_EDGE ( 'NONE', *, *, #5173, .F. ) ;
#1808 = VECTOR ( 'NONE', #9974, 39.37007874015748143 ) ;
#1809 = VECTOR ( 'NONE', #12717, 39.37007874015748143 ) ;
#1810 = ORIENTED_EDGE ( 'NONE', *, *, #1080, .T. ) ;
#1811 = AXIS2_PLACEMENT_3D ( 'NONE', #6615, #1372, #5673 ) ;
#1812 = ORIENTED_EDGE ( 'NONE', *, *, #3946, .T. ) ;
#1813 = FACE_OUTER_BOUND ( 'NONE', #1983, .T. ) ;
#1814 = ORIENTED_EDGE ( 'NONE', *, *, #1827, .T. ) ;
#1815 = DIRECTION ( 'NONE',  ( 0.000000000000000000, 0.000000000000000000, -1.000000000000000000 ) ) ;
#1816 = ORIENTED_EDGE ( 'NONE', *, *, #13069, .T. ) ;
#1817 = CARTESIAN_POINT ( 'NONE',  ( 36.02170047244094775, -0.2096999999999985820, 6.000000000000003553 ) ) ;
#1818 = ADVANCED_FACE ( 'NONE', ( #6549 ), #7554, .F. ) ;
#1819 = VECTOR ( 'NONE', #12995, 39.37007874015748143 ) ;
#1820 = DIRECTION ( 'NONE',  ( -0.000000000000000000, -1.000000000000000000, -1.332348806898293597E-16 ) ) ;
#1821 = DIRECTION ( 'NONE',  ( 0.000000000000000000, -1.000000000000000000, -1.332348806898293597E-16 ) ) ;
#1822 = DIRECTION ( 'NONE',  ( -0.000000000000000000, -2.967464690054594744E-16, 1.000000000000000000 ) ) ;
#1823 = CARTESIAN_POINT ( 'NONE',  ( -20.99657499999999999, -0.5895000000000039098, 14.79687500000000000 ) ) ;
#1824 = ORIENTED_EDGE ( 'NONE', *, *, #7825, .F. ) ;
#1825 = VECTOR ( 'NONE', #10468, 39.37007874015748143 ) ;
#1826 = VECTOR ( 'NONE', #797, 39.37007874015748143 ) ;
#1827 = EDGE_CURVE ( 'NONE', #1303, #2018, #674, .T. ) ;
#1828 = ORIENTED_EDGE ( 'NONE', *, *, #7523, .F. ) ;
#1829 = ORIENTED_EDGE ( 'NONE', *, *, #7821, .F. ) ;
#1830 = VECTOR ( 'NONE', #9124, 39.37007874015748143 ) ;
#1831 = EDGE_CURVE ( 'NONE', #1406, #517, #9690, .T. ) ;
#1832 = EDGE_LOOP ( 'NONE', ( #10588, #646 ) ) ;
#1833 = AXIS2_PLACEMENT_3D ( 'NONE', #12123, #11118, #1935 ) ;
#1834 = DIRECTION ( 'NONE',  ( 0.000000000000000000, 0.000000000000000000, 1.000000000000000000 ) ) ;
#1835 = VECTOR ( 'NONE', #404, 39.37007874015748143 ) ;
#1836 = CARTESIAN_POINT ( 'NONE',  ( 11.25002499999999905, -0.5499999999999934941, -14.53099999999999170 ) ) ;
#1837 = CARTESIAN_POINT ( 'NONE',  ( -22.20317500000001232, 0.4608499999999960961, -14.67187499999999822 ) ) ;
#1838 = DIRECTION ( 'NONE',  ( -0.000000000000000000, -1.000000000000000000, -1.332348806898293597E-16 ) ) ;
#1839 = LINE ( 'NONE', #4934, #11170 ) ;
#1840 = AXIS2_PLACEMENT_3D ( 'NONE', #1869, #13121, #7040 ) ;
#1841 = EDGE_CURVE ( 'NONE', #2016, #9655, #2397, .T. ) ;
#1842 = DIRECTION ( 'NONE',  ( 1.000000000000000000, 0.000000000000000000, 0.000000000000000000 ) ) ;
#1843 = CARTESIAN_POINT ( 'NONE',  ( 0.000000000000000000, 0.000000000000000000, -14.78124999999999822 ) ) ;
#1844 = EDGE_CURVE ( 'NONE', #6053, #8999, #11561, .T. ) ;
#1845 = EDGE_LOOP ( 'NONE', ( #3085, #5828, #3214, #9189 ) ) ;
#1846 = AXIS2_PLACEMENT_3D ( 'NONE', #7468, #1354, #5465 ) ;
#1847 = EDGE_LOOP ( 'NONE', ( #4453, #10615, #3361, #7662 ) ) ;
#1848 = ADVANCED_FACE ( 'NONE', ( #10758 ), #2586, .F. ) ;
#1849 = CARTESIAN_POINT ( 'NONE',  ( 35.91710000000000491, -0.6341000000000001080, -14.78124999999999822 ) ) ;
#1850 = ORIENTED_EDGE ( 'NONE', *, *, #5513, .F. ) ;
#1851 = ORIENTED_EDGE ( 'NONE', *, *, #12569, .F. ) ;
#1852 = CARTESIAN_POINT ( 'NONE',  ( -36.02170000000000272, -0.6340999999999995529, 14.78124999999999822 ) ) ;
#1853 = DIRECTION ( 'NONE',  ( 1.240959386601371334E-16, -1.000000000000000000, 0.000000000000000000 ) ) ;
#1854 = DIRECTION ( 'NONE',  ( 1.240959386601371334E-16, -1.000000000000000000, -0.000000000000000000 ) ) ;
#1855 = CIRCLE ( 'NONE', #8539, 0.1250000000000037192 ) ;
#1856 = DIRECTION ( 'NONE',  ( 0.000000000000000000, 0.000000000000000000, -1.000000000000000000 ) ) ;
#1857 = FACE_BOUND ( 'NONE', #10575, .T. ) ;
#1858 = DIRECTION ( 'NONE',  ( 0.000000000000000000, 0.000000000000000000, -1.000000000000000000 ) ) ;
#1859 = CARTESIAN_POINT ( 'NONE',  ( 35.23450000000000415, -0.6953999999999956882, -1.686549999999970906 ) ) ;
#1860 = FACE_OUTER_BOUND ( 'NONE', #654, .T. ) ;
#1861 = ORIENTED_EDGE ( 'NONE', *, *, #11224, .F. ) ;
#1862 = ORIENTED_EDGE ( 'NONE', *, *, #2962, .T. ) ;
#1863 = AXIS2_PLACEMENT_3D ( 'NONE', #12931, #8731, #10792 ) ;
#1864 = AXIS2_PLACEMENT_3D ( 'NONE', #3658, #11823, #2649 ) ;
#1865 = FACE_BOUND ( 'NONE', #8768, .T. ) ;
#1866 = ADVANCED_FACE ( 'NONE', ( #9762 ), #563, .F. ) ;
#1867 = EDGE_LOOP ( 'NONE', ( #5516, #3668, #7122, #1762 ) ) ;
#1868 = DIRECTION ( 'NONE',  ( 0.000000000000000000, 0.000000000000000000, -1.000000000000000000 ) ) ;
#1869 = CARTESIAN_POINT ( 'NONE',  ( -21.35942499999999455, -0.4299000000000038346, -12.43750000000001066 ) ) ;
#1870 = ORIENTED_EDGE ( 'NONE', *, *, #8241, .F. ) ;
#1872 = CARTESIAN_POINT ( 'NONE',  ( 21.73442499999999455, -0.6954000000000040149, -14.42187500000001066 ) ) ;
#1871 = VECTOR ( 'NONE', #4764, 39.37007874015748143 ) ;
#1873 = DIRECTION ( 'NONE',  ( -0.000000000000000000, -1.000000000000000000, -1.332348806898293597E-16 ) ) ;
#1874 = CARTESIAN_POINT ( 'NONE',  ( -21.35942500000000521, -0.6207000000000038042, 2.512596398514597499E-15 ) ) ;
#1875 = DIRECTION ( 'NONE',  ( -0.000000000000000000, -1.000000000000000000, -1.332348806898293597E-16 ) ) ;
#1876 = VECTOR ( 'NONE', #2342, 39.37007874015748143 ) ;
#1877 = AXIS2_PLACEMENT_3D ( 'NONE', #10553, #1361, #7539 ) ;
#1878 = DIRECTION ( 'NONE',  ( 0.000000000000000000, 0.000000000000000000, -1.000000000000000000 ) ) ;
#1879 = DIRECTION ( 'NONE',  ( 1.000000000000000000, 5.463695987328555033E-16, 0.000000000000000000 ) ) ;
#1880 = ORIENTED_EDGE ( 'NONE', *, *, #9699, .F. ) ;
#1881 = VECTOR ( 'NONE', #11190, 39.37007874015748143 ) ;
#1882 = VERTEX_POINT ( 'NONE', #8958 ) ;
#1883 = AXIS2_PLACEMENT_3D ( 'NONE', #8105, #3005, #10842 ) ;
#1884 = CIRCLE ( 'NONE', #5970, 0.1250000000000015266 ) ;
#1885 = ORIENTED_EDGE ( 'NONE', *, *, #13261, .T. ) ;
#1886 = DIRECTION ( 'NONE',  ( -0.000000000000000000, -1.000000000000000000, -1.332348806898293597E-16 ) ) ;
#1887 = ORIENTED_EDGE ( 'NONE', *, *, #2408, .T. ) ;
#1888 = DIRECTION ( 'NONE',  ( 0.000000000000000000, 1.000000000000000000, 0.000000000000000000 ) ) ;
#1889 = EDGE_LOOP ( 'NONE', ( #13055, #3435, #1920, #3043 ) ) ;
#1890 = FACE_BOUND ( 'NONE', #3316, .T. ) ;
#1891 = CIRCLE ( 'NONE', #1038, 0.1565000000000003610 ) ;
#1892 = FACE_OUTER_BOUND ( 'NONE', #1494, .T. ) ;
#1893 = PLANE ( 'NONE',  #9066 ) ;
#1894 = DIRECTION ( 'NONE',  ( -0.000000000000000000, -1.000000000000000000, -1.332348806898293597E-16 ) ) ;
#1895 = AXIS2_PLACEMENT_3D ( 'NONE', #2138, #12323, #3084 ) ;
#1896 = ORIENTED_EDGE ( 'NONE', *, *, #12356, .F. ) ;
#1897 = ADVANCED_FACE ( 'NONE', ( #2918 ), #6938, .F. ) ;
#1898 = EDGE_LOOP ( 'NONE', ( #6296, #10184 ) ) ;
#1900 = EDGE_CURVE ( 'NONE', #4370, #3252, #4117, .T. ) ;
#1899 = VECTOR ( 'NONE', #12891, 39.37007874015748143 ) ;
#1901 = VERTEX_POINT ( 'NONE', #11959 ) ;
#1902 = VECTOR ( 'NONE', #9653, 39.37007874015748143 ) ;
#1903 = ORIENTED_EDGE ( 'NONE', *, *, #7479, .T. ) ;
#1904 = LINE ( 'NONE', #6933, #1899 ) ;
#1905 = DIRECTION ( 'NONE',  ( -1.000000000000000000, 0.000000000000000000, 0.000000000000000000 ) ) ;
#1906 = DIRECTION ( 'NONE',  ( 0.000000000000000000, 0.000000000000000000, -1.000000000000000000 ) ) ;
#1907 = CARTESIAN_POINT ( 'NONE',  ( 35.93750000000000000, 0.6187500000000388800, 14.91875000000000107 ) ) ;
#1908 = FACE_OUTER_BOUND ( 'NONE', #7268, .T. ) ;
#1909 = DIRECTION ( 'NONE',  ( 1.000000000000000000, 0.000000000000000000, 0.000000000000000000 ) ) ;
#1910 = DIRECTION ( 'NONE',  ( 0.000000000000000000, -1.000000000000000000, 0.000000000000000000 ) ) ;
#1911 = EDGE_CURVE ( 'NONE', #128, #9410, #8196, .T. ) ;
#1912 = FACE_OUTER_BOUND ( 'NONE', #114, .T. ) ;
#1913 = ORIENTED_EDGE ( 'NONE', *, *, #8244, .T. ) ;
#1914 = EDGE_CURVE ( 'NONE', #7467, #8647, #3045, .T. ) ;
#1915 = EDGE_CURVE ( 'NONE', #3625, #9726, #7757, .T. ) ;
#1916 = VERTEX_POINT ( 'NONE', #3787 ) ;
#1917 = CARTESIAN_POINT ( 'NONE',  ( -20.99657499999999999, -0.5895000000000039098, -14.79687500000000000 ) ) ;
#1918 = ORIENTED_EDGE ( 'NONE', *, *, #11968, .F. ) ;
#1920 = ORIENTED_EDGE ( 'NONE', *, *, #1689, .F. ) ;
#1919 = ADVANCED_FACE ( 'NONE', ( #11090 ), #8888, .F. ) ;
#1921 = DIRECTION ( 'NONE',  ( 1.000000000000000000, 0.000000000000000000, 0.000000000000000000 ) ) ;
#1922 = CARTESIAN_POINT ( 'NONE',  ( -31.97460000000000235, -0.5499999999999961586, -14.53099999999999703 ) ) ;
#1923 = DIRECTION ( 'NONE',  ( -0.000000000000000000, -0.000000000000000000, -1.000000000000000000 ) ) ;
#1924 = CARTESIAN_POINT ( 'NONE',  ( 22.10942500000000521, -0.6954000000000041259, -12.43750000000001066 ) ) ;
#1925 = CARTESIAN_POINT ( 'NONE',  ( 36.02170047244094775, -0.2096999999999985820, -13.87500000000000000 ) ) ;
#1926 = FACE_OUTER_BOUND ( 'NONE', #2347, .T. ) ;
#1927 = CARTESIAN_POINT ( 'NONE',  ( 26.40652500000000913, -0.8000000000000000444, -14.53099999999999170 ) ) ;
#1928 = ORIENTED_EDGE ( 'NONE', *, *, #5777, .F. ) ;
#1929 = CARTESIAN_POINT ( 'NONE',  ( -32.28760000000000474, -0.6954000000000000181, 14.53100000000000058 ) ) ;
#1930 = ORIENTED_EDGE ( 'NONE', *, *, #12810, .T. ) ;
#1931 = AXIS2_PLACEMENT_3D ( 'NONE', #4605, #9577, #376 ) ;
#1932 = EDGE_CURVE ( 'NONE', #11607, #105, #1839, .T. ) ;
#1933 = LINE ( 'NONE', #10974, #4891 ) ;
#1934 = ORIENTED_EDGE ( 'NONE', *, *, #2788, .F. ) ;
#1935 = DIRECTION ( 'NONE',  ( 0.000000000000000000, 0.000000000000000000, -1.000000000000000000 ) ) ;
#1936 = DIRECTION ( 'NONE',  ( 0.000000000000000000, -1.000000000000000000, -2.967464690054594744E-16 ) ) ;
#1937 = VERTEX_POINT ( 'NONE', #9023 ) ;
#1938 = DIRECTION ( 'NONE',  ( 0.000000000000000000, 2.967464690054594744E-16, -1.000000000000000000 ) ) ;
#1939 = CARTESIAN_POINT ( 'NONE',  ( 7.640925000000000189, -0.5499999999999936051, 14.34400000000000830 ) ) ;
#1940 = FACE_OUTER_BOUND ( 'NONE', #4336, .T. ) ;
#1941 = PLANE ( 'NONE',  #8959 ) ;
#1942 = CARTESIAN_POINT ( 'NONE',  ( 11.25002500000000794, -0.6953999999999974646, 14.18750000000000533 ) ) ;
#1943 = LINE ( 'NONE', #4830, #12014 ) ;
#1944 = CARTESIAN_POINT ( 'NONE',  ( -11.09352500000000852, -0.6953999999999987969, 14.34400000000000475 ) ) ;
#1945 = AXIS2_PLACEMENT_3D ( 'NONE', #9937, #4036, #742 ) ;
#1946 = ORIENTED_EDGE ( 'NONE', *, *, #10706, .F. ) ;
#1947 = EDGE_CURVE ( 'NONE', #6896, #9188, #5944, .T. ) ;
#1948 = VECTOR ( 'NONE', #10360, 39.37007874015748143 ) ;
#1949 = VERTEX_POINT ( 'NONE', #1770 ) ;
#1950 = ORIENTED_EDGE ( 'NONE', *, *, #4081, .F. ) ;
#1952 = AXIS2_PLACEMENT_3D ( 'NONE', #11055, #13197, #12997 ) ;
#1951 = CARTESIAN_POINT ( 'NONE',  ( 17.16232500000000272, -0.5499999999999931610, -14.53099999999999170 ) ) ;
#1953 = ORIENTED_EDGE ( 'NONE', *, *, #12628, .T. ) ;
#1954 = CARTESIAN_POINT ( 'NONE',  ( 22.57817500000000166, -0.5895000000000039098, -14.79687500000000000 ) ) ;
#1955 = EDGE_LOOP ( 'NONE', ( #3322, #5235, #2315, #6595 ) ) ;
#1956 = FACE_BOUND ( 'NONE', #2687, .T. ) ;
#1957 = DIRECTION ( 'NONE',  ( 0.000000000000000000, 0.000000000000000000, -1.000000000000000000 ) ) ;
#1958 = LINE ( 'NONE', #8349, #13111 ) ;
#1959 = EDGE_CURVE ( 'NONE', #2396, #590, #10542, .T. ) ;
#1960 = AXIS2_PLACEMENT_3D ( 'NONE', #5759, #6627, #2460 ) ;
#1961 = CARTESIAN_POINT ( 'NONE',  ( 7.484425000000007877, -0.5499999999999936051, -14.53099999999998637 ) ) ;
#1962 = ORIENTED_EDGE ( 'NONE', *, *, #11816, .T. ) ;
#1963 = EDGE_CURVE ( 'NONE', #7257, #3849, #3921, .T. ) ;
#1964 = CIRCLE ( 'NONE', #11383, 0.2559055118110216687 ) ;
#1965 = ORIENTED_EDGE ( 'NONE', *, *, #5054, .T. ) ;
#1966 = ORIENTED_EDGE ( 'NONE', *, *, #3982, .T. ) ;
#1967 = AXIS2_PLACEMENT_3D ( 'NONE', #6807, #7006, #8825 ) ;
#1968 = ORIENTED_EDGE ( 'NONE', *, *, #7115, .F. ) ;
#1969 = CARTESIAN_POINT ( 'NONE',  ( 35.23450000000000415, -0.6953999999999956882, 1.811549999999999994 ) ) ;
#1970 = AXIS2_PLACEMENT_3D ( 'NONE', #3170, #13273, #12280 ) ;
#1971 = CARTESIAN_POINT ( 'NONE',  ( -35.94045000000000556, 0.6999999999999995115, 14.78124999999999822 ) ) ;
#1972 = CARTESIAN_POINT ( 'NONE',  ( -26.25002500000000794, -0.6953999999999996851, 14.18750000000000178 ) ) ;
#1973 = EDGE_CURVE ( 'NONE', #1999, #3633, #833, .T. ) ;
#1974 = CYLINDRICAL_SURFACE ( 'NONE', #6797, 0.1565000000000003610 ) ;
#1975 = FACE_BOUND ( 'NONE', #11080, .T. ) ;
#1976 = FACE_OUTER_BOUND ( 'NONE', #2764, .T. ) ;
#1977 = EDGE_CURVE ( 'NONE', #12941, #6574, #12093, .T. ) ;
#1978 = CARTESIAN_POINT ( 'NONE',  ( -22.20317500000001232, -0.5895000000000039098, 14.79687500000000000 ) ) ;
#1979 = DIRECTION ( 'NONE',  ( 0.000000000000000000, 2.967464690054594744E-16, -1.000000000000000000 ) ) ;
#1980 = VERTEX_POINT ( 'NONE', #11152 ) ;
#1981 = ORIENTED_EDGE ( 'NONE', *, *, #2119, .F. ) ;
#1982 = DIRECTION ( 'NONE',  ( -0.000000000000000000, 0.000000000000000000, 1.000000000000000000 ) ) ;
#1983 = EDGE_LOOP ( 'NONE', ( #10945, #12948, #10535, #5332 ) ) ;
#1984 = CARTESIAN_POINT ( 'NONE',  ( 21.89092500000000996, -0.5499999999999928280, 14.53100000000000058 ) ) ;
#1985 = VERTEX_POINT ( 'NONE', #12164 ) ;
#1986 = FACE_OUTER_BOUND ( 'NONE', #1602, .T. ) ;
#1987 = DIRECTION ( 'NONE',  ( 0.000000000000000000, 0.000000000000000000, -1.000000000000000000 ) ) ;
#1988 = PLANE ( 'NONE',  #9303 ) ;
#1989 = ADVANCED_FACE ( 'NONE', ( #1976 ), #6007, .F. ) ;
#1990 = DIRECTION ( 'NONE',  ( -0.000000000000000000, -0.000000000000000000, -1.000000000000000000 ) ) ;
#1991 = FACE_BOUND ( 'NONE', #12683, .T. ) ;
#1992 = DIRECTION ( 'NONE',  ( 0.000000000000000000, -1.000000000000000000, -1.332348806898293597E-16 ) ) ;
#1993 = DIRECTION ( 'NONE',  ( 0.000000000000000000, -1.000000000000000000, -1.332348806898293597E-16 ) ) ;
#1994 = ORIENTED_EDGE ( 'NONE', *, *, #6845, .T. ) ;
#1995 = VECTOR ( 'NONE', #10951, 39.37007874015748143 ) ;
#1996 = DIRECTION ( 'NONE',  ( -0.000000000000000000, -1.000000000000000000, -1.332348806898293597E-16 ) ) ;
#1997 = AXIS2_PLACEMENT_3D ( 'NONE', #9877, #3907, #3843 ) ;
#1998 = ADVANCED_FACE ( 'NONE', ( #2990 ), #896, .F. ) ;
#1999 = VERTEX_POINT ( 'NONE', #7815 ) ;
#2000 = EDGE_CURVE ( 'NONE', #13140, #12301, #3028, .T. ) ;
#2001 = ORIENTED_EDGE ( 'NONE', *, *, #6678, .T. ) ;
#2002 = ORIENTED_EDGE ( 'NONE', *, *, #4379, .T. ) ;
#2003 = CARTESIAN_POINT ( 'NONE',  ( -21.35942499999999811, 0.7000000000000407008, 12.43750000000000178 ) ) ;
#2004 = ORIENTED_EDGE ( 'NONE', *, *, #9473, .F. ) ;
#2005 = ORIENTED_EDGE ( 'NONE', *, *, #7413, .F. ) ;
#2006 = CARTESIAN_POINT ( 'NONE',  ( -3.593499999999997474, -0.6953999999999982418, -14.53099999999998992 ) ) ;
#2007 = CARTESIAN_POINT ( 'NONE',  ( 35.23450000000000415, -0.6953999999999956882, -8.561549999999977345 ) ) ;
#2008 = CARTESIAN_POINT ( 'NONE',  ( 18.59352500000000319, -0.6953999999999969095, -14.53099999999999170 ) ) ;
#2009 = DIRECTION ( 'NONE',  ( 1.240959386601371334E-16, -1.000000000000000000, 0.000000000000000000 ) ) ;
#2010 = CYLINDRICAL_SURFACE ( 'NONE', #5104, 0.1565000000000003610 ) ;
#2011 = LINE ( 'NONE', #10204, #4960 ) ;
#2012 = DIRECTION ( 'NONE',  ( 1.240959386601371334E-16, -1.000000000000000000, 0.000000000000000000 ) ) ;
#2013 = ORIENTED_EDGE ( 'NONE', *, *, #3860, .T. ) ;
#2014 = ADVANCED_FACE ( 'NONE', ( #2114, #5204 ), #4268, .F. ) ;
#2015 = CIRCLE ( 'NONE', #7578, 0.1250000000000015266 ) ;
#2016 = VERTEX_POINT ( 'NONE', #8362 ) ;
#2017 = EDGE_CURVE ( 'NONE', #773, #1726, #6144, .T. ) ;
#2018 = VERTEX_POINT ( 'NONE', #3053 ) ;
#2019 = CARTESIAN_POINT ( 'NONE',  ( 35.93750000000000000, -0.6954000000000035708, 13.97480000000000011 ) ) ;
#2020 = ORIENTED_EDGE ( 'NONE', *, *, #9352, .F. ) ;
#2021 = CARTESIAN_POINT ( 'NONE',  ( 35.23450000000000415, -0.7999999999999917177, 1.686549999999997107 ) ) ;
#2022 = VERTEX_POINT ( 'NONE', #1232 ) ;
#2023 = DIRECTION ( 'NONE',  ( -1.000000000000000000, -4.697125161045879232E-16, 0.000000000000000000 ) ) ;
#2024 = LINE ( 'NONE', #880, #4451 ) ;
#2025 = CARTESIAN_POINT ( 'NONE',  ( 21.73442499999999455, -0.4299000000000040012, -14.42187500000001066 ) ) ;
#2026 = DIRECTION ( 'NONE',  ( 0.000000000000000000, 2.967464690054594744E-16, -1.000000000000000000 ) ) ;
#2027 = ORIENTED_EDGE ( 'NONE', *, *, #103, .F. ) ;
#2028 = CIRCLE ( 'NONE', #9100, 0.1565000000000003610 ) ;
#2029 = AXIS2_PLACEMENT_3D ( 'NONE', #6236, #5233, #4225 ) ;
#2030 = EDGE_LOOP ( 'NONE', ( #889, #10531, #8133, #13040 ) ) ;
#2031 = ORIENTED_EDGE ( 'NONE', *, *, #2653, .T. ) ;
#2032 = VECTOR ( 'NONE', #5303, 39.37007874015748143 ) ;
#2033 = CARTESIAN_POINT ( 'NONE',  ( 35.88585000000000491, 0.5954000000000337911, -14.78124999999999822 ) ) ;
#2034 = EDGE_CURVE ( 'NONE', #1630, #9880, #4194, .T. ) ;
#2035 = LINE ( 'NONE', #4389, #2263 ) ;
#2036 = DIRECTION ( 'NONE',  ( -1.000000000000000000, 0.000000000000000000, 0.000000000000000000 ) ) ;
#2037 = CARTESIAN_POINT ( 'NONE',  ( 35.91710000000000491, -0.6954000000000021275, 14.78124999999999822 ) ) ;
#2038 = DIRECTION ( 'NONE',  ( 1.240959386601371334E-16, -1.000000000000000000, 0.000000000000000000 ) ) ;
#2039 = VECTOR ( 'NONE', #11267, 39.37007874015748143 ) ;
#2040 = DIRECTION ( 'NONE',  ( 1.000000000000000000, 4.697125161045879232E-16, -0.000000000000000000 ) ) ;
#2041 = VECTOR ( 'NONE', #6222, 39.37007874015748143 ) ;
#2042 = DIRECTION ( 'NONE',  ( 4.161428847396411586E-15, -1.000000000000000000, 0.000000000000000000 ) ) ;
#2043 = EDGE_CURVE ( 'NONE', #8195, #11422, #10514, .T. ) ;
#2044 = CARTESIAN_POINT ( 'NONE',  ( -20.96537499999999810, -0.5895000000000039098, 14.79687500000000000 ) ) ;
#2045 = ORIENTED_EDGE ( 'NONE', *, *, #5112, .F. ) ;
#2046 = EDGE_LOOP ( 'NONE', ( #6312, #3180, #1712, #2995 ) ) ;
#2047 = AXIS2_PLACEMENT_3D ( 'NONE', #2891, #12205, #7185 ) ;
#2048 = AXIS2_PLACEMENT_3D ( 'NONE', #80, #6269, #7199 ) ;
#2049 = ORIENTED_EDGE ( 'NONE', *, *, #12535, .T. ) ;
#2050 = ORIENTED_EDGE ( 'NONE', *, *, #7228, .F. ) ;
#2051 = DIRECTION ( 'NONE',  ( 0.000000000000000000, 0.000000000000000000, -1.000000000000000000 ) ) ;
#2052 = VERTEX_POINT ( 'NONE', #7343 ) ;
#2053 = DIRECTION ( 'NONE',  ( 0.000000000000000000, 0.000000000000000000, -1.000000000000000000 ) ) ;
#2054 = CARTESIAN_POINT ( 'NONE',  ( 28.53760000000000829, -0.5499999999999923839, -14.34399999999999942 ) ) ;
#2055 = DIRECTION ( 'NONE',  ( 0.000000000000000000, 0.000000000000000000, -1.000000000000000000 ) ) ;
#2056 = AXIS2_PLACEMENT_3D ( 'NONE', #12395, #9392, #2202 ) ;
#2057 = CARTESIAN_POINT ( 'NONE',  ( 21.73442499999999455, -0.6207000000000038042, -14.42187500000001066 ) ) ;
#2058 = LINE ( 'NONE', #12249, #9476 ) ;
#2059 = PLANE ( 'NONE',  #1671 ) ;
#2060 = CARTESIAN_POINT ( 'NONE',  ( 0.000000000000000000, 0.5954000000000035930, -14.78124999999999822 ) ) ;
#2061 = AXIS2_PLACEMENT_3D ( 'NONE', #12673, #3493, #7584 ) ;
#2062 = DIRECTION ( 'NONE',  ( -4.161428847396411586E-15, 1.000000000000000000, 0.000000000000000000 ) ) ;
#2063 = EDGE_LOOP ( 'NONE', ( #8880, #10056 ) ) ;
#2064 = EDGE_CURVE ( 'NONE', #3058, #10878, #10299, .T. ) ;
#2065 = AXIS2_PLACEMENT_3D ( 'NONE', #9637, #7753, #5617 ) ;
#2066 = EDGE_CURVE ( 'NONE', #6717, #12699, #9875, .T. ) ;
#2067 = EDGE_CURVE ( 'NONE', #4721, #8427, #5071, .T. ) ;
#2068 = EDGE_LOOP ( 'NONE', ( #505, #5925, #10867, #9644, #7181 ) ) ;
#2069 = CIRCLE ( 'NONE', #1846, 0.2187500000000015821 ) ;
#2070 = ORIENTED_EDGE ( 'NONE', *, *, #6964, .F. ) ;
#2071 = CARTESIAN_POINT ( 'NONE',  ( 21.73442499999999455, -0.4299000000000040012, -14.42187500000001066 ) ) ;
#2072 = CARTESIAN_POINT ( 'NONE',  ( -36.02170000000000272, -0.2096999999999985820, -14.00000000000000355 ) ) ;
#2073 = EDGE_LOOP ( 'NONE', ( #3712, #4994, #10154, #2293 ) ) ;
#2074 = CARTESIAN_POINT ( 'NONE',  ( -17.31882500000001102, -0.5499999999999952704, 14.53100000000000058 ) ) ;
#2075 = LINE ( 'NONE', #1064, #5916 ) ;
#2076 = PLANE ( 'NONE',  #807 ) ;
#2077 = ADVANCED_FACE ( 'NONE', ( #12362 ), #6273, .F. ) ;
#2078 = CARTESIAN_POINT ( 'NONE',  ( -3.750000000000002220, -0.5499999999999943823, 14.18750000000000533 ) ) ;
#2079 = DIRECTION ( 'NONE',  ( 0.000000000000000000, 0.000000000000000000, 1.000000000000000000 ) ) ;
#2080 = DIRECTION ( 'NONE',  ( 0.000000000000000000, 0.000000000000000000, -1.000000000000000000 ) ) ;
#2081 = DIRECTION ( 'NONE',  ( -0.000000000000000000, -1.000000000000000000, -1.332348806898293597E-16 ) ) ;
#2082 = EDGE_LOOP ( 'NONE', ( #5082, #5708, #12290, #3110 ) ) ;
#2083 = EDGE_CURVE ( 'NONE', #633, #5974, #6412, .T. ) ;
#2084 = AXIS2_PLACEMENT_3D ( 'NONE', #11536, #11469, #9417 ) ;
#2085 = VECTOR ( 'NONE', #12378, 39.37007874015748143 ) ;
#2086 = EDGE_CURVE ( 'NONE', #5993, #7993, #7139, .T. ) ;
#2087 = ORIENTED_EDGE ( 'NONE', *, *, #12268, .T. ) ;
#2088 = EDGE_LOOP ( 'NONE', ( #1870, #6217, #5213, #2100 ) ) ;
#2089 = FACE_BOUND ( 'NONE', #2391, .T. ) ;
#2090 = ORIENTED_EDGE ( 'NONE', *, *, #7436, .T. ) ;
#2091 = CIRCLE ( 'NONE', #6168, 0.1565000000000003610 ) ;
#2093 = CIRCLE ( 'NONE', #5532, 0.1059000000000017289 ) ;
#2092 = PLANE ( 'NONE',  #10413 ) ;
#2094 = VERTEX_POINT ( 'NONE', #3188 ) ;
#2095 = CARTESIAN_POINT ( 'NONE',  ( -11.25002500000000794, -0.7999999999999948264, 14.53100000000000058 ) ) ;
#2096 = EDGE_CURVE ( 'NONE', #10136, #4577, #12222, .T. ) ;
#2097 = DIRECTION ( 'NONE',  ( -0.000000000000000000, -1.000000000000000000, -1.332348806898293597E-16 ) ) ;
#2098 = FACE_BOUND ( 'NONE', #8109, .T. ) ;
#2099 = DIRECTION ( 'NONE',  ( -1.000000000000000000, 0.000000000000000000, 0.000000000000000000 ) ) ;
#2100 = ORIENTED_EDGE ( 'NONE', *, *, #9513, .T. ) ;
#2101 = AXIS2_PLACEMENT_3D ( 'NONE', #11447, #1132, #5369 ) ;
#2102 = VECTOR ( 'NONE', #4780, 39.37007874015748143 ) ;
#2103 = VECTOR ( 'NONE', #71, 39.37007874015748143 ) ;
#2104 = ORIENTED_EDGE ( 'NONE', *, *, #3243, .T. ) ;
#2105 = AXIS2_PLACEMENT_3D ( 'NONE', #10123, #921, #2871 ) ;
#2106 = EDGE_LOOP ( 'NONE', ( #473, #976 ) ) ;
#2107 = EDGE_CURVE ( 'NONE', #10694, #6068, #1036, .T. ) ;
#2108 = CARTESIAN_POINT ( 'NONE',  ( -21.89092500000000285, -0.5499999999999954925, -14.34399999999999764 ) ) ;
#2109 = CARTESIAN_POINT ( 'NONE',  ( -29.52755905511811108, 0.7000000000000030642, 0.000000000000000000 ) ) ;
#2110 = DIRECTION ( 'NONE',  ( -1.000000000000000000, -0.000000000000000000, -0.000000000000000000 ) ) ;
#2111 = LINE ( 'NONE', #10163, #5955 ) ;
#2112 = DIRECTION ( 'NONE',  ( 0.000000000000000000, 0.000000000000000000, -1.000000000000000000 ) ) ;
#2113 = CIRCLE ( 'NONE', #392, 0.03124999999999929223 ) ;
#2114 = FACE_BOUND ( 'NONE', #4438, .T. ) ;
#2115 = CARTESIAN_POINT ( 'NONE',  ( -21.14067500000000166, -0.6207000000000038042, 2.512596398514597499E-15 ) ) ;
#2116 = CIRCLE ( 'NONE', #9612, 0.1250000000000029143 ) ;
#2117 = CARTESIAN_POINT ( 'NONE',  ( -20.96537499999999810, 0.3358499999999960961, -14.67187499999999822 ) ) ;
#2118 = ORIENTED_EDGE ( 'NONE', *, *, #13000, .T. ) ;
#2119 = EDGE_CURVE ( 'NONE', #10513, #618, #4125, .T. ) ;
#2120 = AXIS2_PLACEMENT_3D ( 'NONE', #3678, #1656, #12915 ) ;
#2121 = EDGE_CURVE ( 'NONE', #1482, #10882, #3238, .T. ) ;
#2122 = EDGE_LOOP ( 'NONE', ( #1563, #3930, #522, #10156 ) ) ;
#2123 = ORIENTED_EDGE ( 'NONE', *, *, #7945, .T. ) ;
#2124 = FACE_BOUND ( 'NONE', #8117, .T. ) ;
#2125 = ORIENTED_EDGE ( 'NONE', *, *, #10512, .T. ) ;
#2126 = DIRECTION ( 'NONE',  ( -0.000000000000000000, -0.000000000000000000, 1.000000000000000000 ) ) ;
#2127 = DIRECTION ( 'NONE',  ( 1.000000000000000000, 5.463695987328555033E-16, 0.000000000000000000 ) ) ;
#2128 = DIRECTION ( 'NONE',  ( 0.000000000000000000, 0.000000000000000000, -1.000000000000000000 ) ) ;
#2129 = FACE_OUTER_BOUND ( 'NONE', #12840, .T. ) ;
#2130 = PLANE ( 'NONE',  #1750 ) ;
#2131 = LINE ( 'NONE', #12042, #6279 ) ;
#2132 = EDGE_CURVE ( 'NONE', #9338, #8564, #8151, .T. ) ;
#2133 = DIRECTION ( 'NONE',  ( -0.000000000000000000, -1.000000000000000000, -1.332348806898293597E-16 ) ) ;
#2134 = ORIENTED_EDGE ( 'NONE', *, *, #13069, .F. ) ;
#2135 = EDGE_LOOP ( 'NONE', ( #8458, #12543 ) ) ;
#2136 = ORIENTED_EDGE ( 'NONE', *, *, #8266, .F. ) ;
#2137 = LINE ( 'NONE', #6300, #12936 ) ;
#2138 = CARTESIAN_POINT ( 'NONE',  ( -21.35942499999999455, -0.4299000000000038346, -12.43750000000001066 ) ) ;
#2139 = ADVANCED_FACE ( 'NONE', ( #7276 ), #11355, .T. ) ;
#2140 = EDGE_CURVE ( 'NONE', #968, #8394, #10424, .T. ) ;
#2141 = ORIENTED_EDGE ( 'NONE', *, *, #3286, .T. ) ;
#2142 = LINE ( 'NONE', #7235, #4816 ) ;
#2143 = LINE ( 'NONE', #1939, #8057 ) ;
#2144 = LINE ( 'NONE', #4294, #4464 ) ;
#2145 = LINE ( 'NONE', #11384, #7226 ) ;
#2146 = PRESENTATION_STYLE_ASSIGNMENT (( #7241 ) ) ;
#2147 = EDGE_CURVE ( 'NONE', #3182, #8498, #9364, .T. ) ;
#2148 = CARTESIAN_POINT ( 'NONE',  ( 33.85826771653553635, 0.7000000000000377032, 14.78124999999950440 ) ) ;
#2149 = LINE ( 'NONE', #10274, #11423 ) ;
#2150 = VERTEX_POINT ( 'NONE', #10624 ) ;
#2151 = CIRCLE ( 'NONE', #10079, 0.1250000000000037192 ) ;
#2152 = VERTEX_POINT ( 'NONE', #1558 ) ;
#2153 = EDGE_LOOP ( 'NONE', ( #3393, #6778, #10558, #811 ) ) ;
#2154 = FACE_BOUND ( 'NONE', #7878, .T. ) ;
#2155 = ORIENTED_EDGE ( 'NONE', *, *, #13, .T. ) ;
#2156 = DIRECTION ( 'NONE',  ( 1.240959386601371334E-16, -1.000000000000000000, 0.000000000000000000 ) ) ;
#2157 = ORIENTED_EDGE ( 'NONE', *, *, #10097, .T. ) ;
#2158 = CARTESIAN_POINT ( 'NONE',  ( -18.75002500000000438, -0.6953999999999992410, -14.34399999999999586 ) ) ;
#2159 = CIRCLE ( 'NONE', #7941, 0.1565000000000003610 ) ;
#2160 = LINE ( 'NONE', #3363, #6399 ) ;
#2161 = DIRECTION ( 'NONE',  ( 0.000000000000000000, -1.000000000000000000, -1.332348806898293597E-16 ) ) ;
#2162 = EDGE_CURVE ( 'NONE', #443, #9707, #1295, .T. ) ;
#2163 = DIRECTION ( 'NONE',  ( 0.000000000000000000, 0.000000000000000000, 1.000000000000000000 ) ) ;
#2164 = CIRCLE ( 'NONE', #1727, 0.1565000000000003610 ) ;
#2165 = VERTEX_POINT ( 'NONE', #9748 ) ;
#2166 = EDGE_CURVE ( 'NONE', #279, #9508, #7738, .T. ) ;
#2167 = VECTOR ( 'NONE', #697, 39.37007874015748143 ) ;
#2168 = ORIENTED_EDGE ( 'NONE', *, *, #1664, .T. ) ;
#2169 = ORIENTED_EDGE ( 'NONE', *, *, #2356, .F. ) ;
#2170 = DIRECTION ( 'NONE',  ( 1.240959386601371334E-16, -1.000000000000000000, 0.000000000000000000 ) ) ;
#2171 = DIRECTION ( 'NONE',  ( 0.000000000000000000, 0.000000000000000000, -1.000000000000000000 ) ) ;
#2172 = LINE ( 'NONE', #11217, #6834 ) ;
#2173 = DIRECTION ( 'NONE',  ( -0.000000000000000000, -1.000000000000000000, -1.332348806898293597E-16 ) ) ;
#2174 = CARTESIAN_POINT ( 'NONE',  ( 21.73442499999999811, -0.5499999999999928280, -14.34399999999999764 ) ) ;
#2175 = DIRECTION ( 'NONE',  ( 0.000000000000000000, 0.000000000000000000, 1.000000000000000000 ) ) ;
#2176 = DIRECTION ( 'NONE',  ( 0.000000000000000000, 1.000000000000000000, 0.000000000000000000 ) ) ;
#2177 = CARTESIAN_POINT ( 'NONE',  ( -17.16232500000000627, -0.6953999999999991299, -14.68749999999999289 ) ) ;
#2178 = VERTEX_POINT ( 'NONE', #548 ) ;
#2179 = ADVANCED_FACE ( 'NONE', ( #10691 ), #1492, .F. ) ;
#2180 = EDGE_LOOP ( 'NONE', ( #4062, #11456, #1470, #12886 ) ) ;
#2181 = ORIENTED_EDGE ( 'NONE', *, *, #7983, .T. ) ;
#2182 = VECTOR ( 'NONE', #4050, 39.37007874015748143 ) ;
#2183 = CARTESIAN_POINT ( 'NONE',  ( 36.02170000000000272, -0.2096999999999985820, -6.000000000000003553 ) ) ;
#2184 = EDGE_CURVE ( 'NONE', #11862, #13024, #6663, .T. ) ;
#2185 = VERTEX_POINT ( 'NONE', #2438 ) ;
#2186 = LINE ( 'NONE', #8499, #11664 ) ;
#2187 = DIRECTION ( 'NONE',  ( 0.000000000000000000, -1.000000000000000000, -1.332348806898293597E-16 ) ) ;
#2188 = CYLINDRICAL_SURFACE ( 'NONE', #3587, 0.2187500000000015821 ) ;
#2189 = CARTESIAN_POINT ( 'NONE',  ( 11.09352500000000852, -0.6953999999999973536, 13.97959999999999958 ) ) ;
#2190 = DIRECTION ( 'NONE',  ( 0.000000000000000000, 1.000000000000000000, 0.000000000000000000 ) ) ;
#2191 = CARTESIAN_POINT ( 'NONE',  ( -21.35942499999999811, -0.4299000000000038346, 12.43750000000000178 ) ) ;
#2192 = ORIENTED_EDGE ( 'NONE', *, *, #5026, .T. ) ;
#2193 = CARTESIAN_POINT ( 'NONE',  ( -7.640925000000000189, -0.5499999999999946043, 14.34400000000000830 ) ) ;
#2194 = ORIENTED_EDGE ( 'NONE', *, *, #11580, .T. ) ;
#2195 = ORIENTED_EDGE ( 'NONE', *, *, #11519, .F. ) ;
#2196 = ORIENTED_EDGE ( 'NONE', *, *, #1581, .F. ) ;
#2197 = LINE ( 'NONE', #1388, #11683 ) ;
#2198 = CARTESIAN_POINT ( 'NONE',  ( 21.89092499999999930, -0.6953999999999967985, -14.53099999999999348 ) ) ;
#2199 = EDGE_CURVE ( 'NONE', #2185, #2431, #10089, .T. ) ;
#2201 = DIRECTION ( 'NONE',  ( 1.000000000000000000, 0.000000000000000000, 0.000000000000000000 ) ) ;
#2200 = CIRCLE ( 'NONE', #7132, 0.1565000000000003610 ) ;
#2202 = DIRECTION ( 'NONE',  ( 0.000000000000000000, 0.000000000000000000, -1.000000000000000000 ) ) ;
#2203 = FACE_BOUND ( 'NONE', #1275, .T. ) ;
#2204 = ADVANCED_FACE ( 'NONE', ( #2636 ), #4654, .F. ) ;
#2205 = AXIS2_PLACEMENT_3D ( 'NONE', #9669, #467, #4574 ) ;
#2206 = CARTESIAN_POINT ( 'NONE',  ( 22.50347500000000167, 0.3358499999999960961, 14.79687500000000000 ) ) ;
#2207 = DIRECTION ( 'NONE',  ( -0.000000000000000000, -1.000000000000000000, -1.332348806898293597E-16 ) ) ;
#2208 = DIRECTION ( 'NONE',  ( 1.240959386601371334E-16, -1.000000000000000000, -0.000000000000000000 ) ) ;
#2209 = CARTESIAN_POINT ( 'NONE',  ( -21.73442500000000877, -0.5499999999999954925, 14.18750000000000533 ) ) ;
#2210 = ORIENTED_EDGE ( 'NONE', *, *, #9860, .T. ) ;
#2211 = EDGE_CURVE ( 'NONE', #3492, #1021, #2164, .T. ) ;
#2212 = ORIENTED_EDGE ( 'NONE', *, *, #7398, .F. ) ;
#2213 = EDGE_CURVE ( 'NONE', #7710, #6642, #5599, .T. ) ;
#2214 = AXIS2_PLACEMENT_3D ( 'NONE', #5005, #9961, #7140 ) ;
#2215 = CIRCLE ( 'NONE', #9714, 0.1250000000000037192 ) ;
#2216 = EDGE_LOOP ( 'NONE', ( #9357, #78, #5884, #7497 ) ) ;
#2217 = ORIENTED_EDGE ( 'NONE', *, *, #6867, .T. ) ;
#2218 = DIRECTION ( 'NONE',  ( -0.000000000000000000, -1.000000000000000000, -1.332348806898293597E-16 ) ) ;
#2219 = ORIENTED_EDGE ( 'NONE', *, *, #9609, .F. ) ;
#2220 = LINE ( 'NONE', #8465, #6139 ) ;
#2221 = ORIENTED_EDGE ( 'NONE', *, *, #4262, .T. ) ;
#2222 = CARTESIAN_POINT ( 'NONE',  ( -28.38110000000000355, -0.6953999999999997961, -14.53099999999999348 ) ) ;
#2223 = CARTESIAN_POINT ( 'NONE',  ( 22.10942500000000521, -0.6954000000000041259, -12.43750000000001066 ) ) ;
#2224 = CARTESIAN_POINT ( 'NONE',  ( -17.31882500000000391, -0.5499999999999952704, -14.34399999999999764 ) ) ;
#2225 = AXIS2_PLACEMENT_3D ( 'NONE', #5441, #9525, #322 ) ;
#2226 = DIRECTION ( 'NONE',  ( 0.000000000000000000, 0.000000000000000000, -1.000000000000000000 ) ) ;
#2227 = ORIENTED_EDGE ( 'NONE', *, *, #8841, .T. ) ;
#2228 = ORIENTED_EDGE ( 'NONE', *, *, #5146, .T. ) ;
#2229 = ADVANCED_FACE ( 'NONE', ( #10489 ), #4590, .F. ) ;
#2230 = ORIENTED_EDGE ( 'NONE', *, *, #681, .F. ) ;
#2231 = CARTESIAN_POINT ( 'NONE',  ( 35.91710000000000491, -0.6641500000000022386, 13.78219999999999956 ) ) ;
#2232 = CARTESIAN_POINT ( 'NONE',  ( 3.906499999999998529, -0.6953999999999979087, -14.53099999999998992 ) ) ;
#2233 = DIRECTION ( 'NONE',  ( -1.000000000000000000, 0.000000000000000000, 0.000000000000000000 ) ) ;
#2234 = DIRECTION ( 'NONE',  ( 0.000000000000000000, 0.000000000000000000, -1.000000000000000000 ) ) ;
#2235 = DIRECTION ( 'NONE',  ( 0.000000000000000000, -1.000000000000000000, -2.967464690054594744E-16 ) ) ;
#2236 = CARTESIAN_POINT ( 'NONE',  ( 28.38110000000001065, -0.5499999999999923839, 14.53100000000000058 ) ) ;
#2237 = DIRECTION ( 'NONE',  ( 1.240959386601371334E-16, -1.000000000000000000, 0.000000000000000000 ) ) ;
#2238 = CARTESIAN_POINT ( 'NONE',  ( -33.63110000000000355, -0.7999999999999959366, -14.43750000000000000 ) ) ;
#2239 = CIRCLE ( 'NONE', #308, 0.1565000000000003610 ) ;
#2240 = ORIENTED_EDGE ( 'NONE', *, *, #4286, .F. ) ;
#2241 = EDGE_CURVE ( 'NONE', #12647, #8595, #8746, .T. ) ;
#2242 = AXIS2_PLACEMENT_3D ( 'NONE', #4945, #13102, #10109 ) ;
#2243 = EDGE_CURVE ( 'NONE', #8784, #10404, #3871, .T. ) ;
#2244 = AXIS2_PLACEMENT_3D ( 'NONE', #12360, #4124, #4192 ) ;
#2245 = ORIENTED_EDGE ( 'NONE', *, *, #9835, .T. ) ;
#2246 = ORIENTED_EDGE ( 'NONE', *, *, #9447, .F. ) ;
#2247 = LINE ( 'NONE', #1173, #2441 ) ;
#2248 = AXIS2_PLACEMENT_3D ( 'NONE', #9955, #12159, #2986 ) ;
#2249 = ORIENTED_EDGE ( 'NONE', *, *, #9048, .F. ) ;
#2250 = CARTESIAN_POINT ( 'NONE',  ( 28.38110000000001065, -0.6953999999999963544, 14.53100000000000058 ) ) ;
#2251 = CARTESIAN_POINT ( 'NONE',  ( -21.57792500000000757, -0.6954000000000000181, -14.34399999999999764 ) ) ;
#2252 = EDGE_CURVE ( 'NONE', #9368, #12710, #12757, .T. ) ;
#2253 = DIRECTION ( 'NONE',  ( 0.000000000000000000, -1.000000000000000000, -1.332348806898293597E-16 ) ) ;
#2254 = CARTESIAN_POINT ( 'NONE',  ( 21.92192499999999811, -0.6207000000000038042, -13.92187500000001066 ) ) ;
#2255 = DIRECTION ( 'NONE',  ( 1.240959386601371334E-16, -1.000000000000000000, 0.000000000000000000 ) ) ;
#2256 = EDGE_CURVE ( 'NONE', #8162, #9971, #11785, .T. ) ;
#2257 = AXIS2_PLACEMENT_3D ( 'NONE', #10729, #8856, #2814 ) ;
#2258 = LINE ( 'NONE', #1183, #2841 ) ;
#2259 = ORIENTED_EDGE ( 'NONE', *, *, #19, .T. ) ;
#2260 = LINE ( 'NONE', #8442, #10292 ) ;
#2261 = ORIENTED_EDGE ( 'NONE', *, *, #7779, .F. ) ;
#2262 = AXIS2_PLACEMENT_3D ( 'NONE', #1534, #7648, #4821 ) ;
#2263 = VECTOR ( 'NONE', #12357, 39.37007874015748143 ) ;
#2264 = AXIS2_PLACEMENT_3D ( 'NONE', #3275, #4293, #1262 ) ;
#2265 = VERTEX_POINT ( 'NONE', #6602 ) ;
#2266 = ORIENTED_EDGE ( 'NONE', *, *, #4347, .F. ) ;
#2267 = DIRECTION ( 'NONE',  ( 0.000000000000000000, 0.000000000000000000, -1.000000000000000000 ) ) ;
#2268 = FACE_BOUND ( 'NONE', #2063, .T. ) ;
#2269 = EDGE_CURVE ( 'NONE', #6913, #4646, #7091, .T. ) ;
#2270 = DIRECTION ( 'NONE',  ( 0.000000000000000000, 0.000000000000000000, -1.000000000000000000 ) ) ;
#2272 = CIRCLE ( 'NONE', #7627, 0.1565000000000003610 ) ;
#2271 = DIRECTION ( 'NONE',  ( 1.000000000000000000, 0.000000000000000000, 0.000000000000000000 ) ) ;
#2273 = FACE_OUTER_BOUND ( 'NONE', #1955, .T. ) ;
#2274 = CARTESIAN_POINT ( 'NONE',  ( -31.97460000000000235, -0.5499999999999961586, 14.53100000000000058 ) ) ;
#2275 = DIRECTION ( 'NONE',  ( 0.000000000000000000, 0.000000000000000000, -1.000000000000000000 ) ) ;
#2276 = DIRECTION ( 'NONE',  ( -1.000000000000000000, 0.000000000000000000, 0.000000000000000000 ) ) ;
#2277 = VERTEX_POINT ( 'NONE', #1363 ) ;
#2278 = AXIS2_PLACEMENT_3D ( 'NONE', #10438, #1248, #5355 ) ;
#2279 = EDGE_LOOP ( 'NONE', ( #13188, #9387, #1516, #6995 ) ) ;
#2280 = CIRCLE ( 'NONE', #6119, 0.2187500000000015821 ) ;
#2281 = EDGE_CURVE ( 'NONE', #3027, #6719, #5472, .T. ) ;
#2282 = ORIENTED_EDGE ( 'NONE', *, *, #1769, .F. ) ;
#2283 = ORIENTED_EDGE ( 'NONE', *, *, #9115, .T. ) ;
#2284 = DIRECTION ( 'NONE',  ( 0.000000000000000000, 0.000000000000000000, 1.000000000000000000 ) ) ;
#2285 = EDGE_LOOP ( 'NONE', ( #2610, #10238, #2366, #2512 ) ) ;
#2286 = DIRECTION ( 'NONE',  ( 0.000000000000000000, 1.215039069647390553E-16, -1.000000000000000000 ) ) ;
#2287 = ORIENTED_EDGE ( 'NONE', *, *, #12371, .F. ) ;
#2288 = DIRECTION ( 'NONE',  ( 0.000000000000000000, 0.000000000000000000, 1.000000000000000000 ) ) ;
#2289 = CARTESIAN_POINT ( 'NONE',  ( -11.25002500000000438, -0.7999999999999948264, -14.34399999999999764 ) ) ;
#2290 = DIRECTION ( 'NONE',  ( 1.000000000000000000, 0.000000000000000000, 0.000000000000000000 ) ) ;
#2291 = VECTOR ( 'NONE', #7137, 39.37007874015748143 ) ;
#2292 = CARTESIAN_POINT ( 'NONE',  ( -18.90652500000000558, -0.6953999999999991299, -14.89539999999999687 ) ) ;
#2293 = ORIENTED_EDGE ( 'NONE', *, *, #8879, .T. ) ;
#2294 = EDGE_CURVE ( 'NONE', #8098, #2598, #8555, .T. ) ;
#2295 = ORIENTED_EDGE ( 'NONE', *, *, #5917, .T. ) ;
#2296 = AXIS2_PLACEMENT_3D ( 'NONE', #8926, #4093, #12269 ) ;
#2297 = AXIS2_PLACEMENT_3D ( 'NONE', #10621, #678, #6724 ) ;
#2298 = ORIENTED_EDGE ( 'NONE', *, *, #7312, .F. ) ;
#2299 = FACE_OUTER_BOUND ( 'NONE', #3300, .T. ) ;
#2300 = ORIENTED_EDGE ( 'NONE', *, *, #3236, .F. ) ;
#2301 = DIRECTION ( 'NONE',  ( 1.000000000000000000, -0.000000000000000000, 0.000000000000000000 ) ) ;
#2302 = DIRECTION ( 'NONE',  ( 0.000000000000000000, 0.000000000000000000, -1.000000000000000000 ) ) ;
#2303 = DIRECTION ( 'NONE',  ( 5.463695987328555033E-16, -1.000000000000000000, 0.000000000000000000 ) ) ;
#2304 = EDGE_CURVE ( 'NONE', #6762, #9590, #11619, .T. ) ;
#2305 = FACE_OUTER_BOUND ( 'NONE', #739, .T. ) ;
#2306 = CARTESIAN_POINT ( 'NONE',  ( -25.72834645669291120, 0.7000000000000050626, -3.543307086614173151 ) ) ;
#2307 = CIRCLE ( 'NONE', #11718, 0.1250000000000015266 ) ;
#2308 = DIRECTION ( 'NONE',  ( -1.000000000000000000, 0.000000000000000000, 0.000000000000000000 ) ) ;
#2309 = DIRECTION ( 'NONE',  ( 0.000000000000000000, 0.000000000000000000, -1.000000000000000000 ) ) ;
#2310 = AXIS2_PLACEMENT_3D ( 'NONE', #545, #9058, #5727 ) ;
#2311 = DIRECTION ( 'NONE',  ( 1.240959386601371334E-16, -1.000000000000000000, -0.000000000000000000 ) ) ;
#2312 = CIRCLE ( 'NONE', #1024, 0.1565000000000003610 ) ;
#2313 = CIRCLE ( 'NONE', #1235, 0.1565000000000003610 ) ;
#2314 = EDGE_CURVE ( 'NONE', #12389, #11248, #5730, .T. ) ;
#2315 = ORIENTED_EDGE ( 'NONE', *, *, #4532, .F. ) ;
#2316 = VERTEX_POINT ( 'NONE', #12882 ) ;
#2317 = ORIENTED_EDGE ( 'NONE', *, *, #7374, .T. ) ;
#2318 = AXIS2_PLACEMENT_3D ( 'NONE', #6537, #5544, #9246 ) ;
#2319 = DIRECTION ( 'NONE',  ( 0.000000000000000000, -1.000000000000000000, -1.332348806898293597E-16 ) ) ;
#2320 = CIRCLE ( 'NONE', #7243, 0.1250000000000037192 ) ;
#2321 = EDGE_LOOP ( 'NONE', ( #3765, #6417, #1371, #4853 ) ) ;
#2322 = CARTESIAN_POINT ( 'NONE',  ( 35.93750000000000000, 0.6999999999999995115, -14.78124999999999822 ) ) ;
#2323 = LINE ( 'NONE', #6675, #9254 ) ;
#2324 = LINE ( 'NONE', #12510, #2085 ) ;
#2325 = EDGE_CURVE ( 'NONE', #10087, #992, #11736, .T. ) ;
#2326 = EDGE_CURVE ( 'NONE', #3428, #4138, #7466, .T. ) ;
#2327 = CIRCLE ( 'NONE', #5331, 0.1565000000000003610 ) ;
#2328 = DIRECTION ( 'NONE',  ( 0.000000000000000000, 0.000000000000000000, -1.000000000000000000 ) ) ;
#2329 = CARTESIAN_POINT ( 'NONE',  ( 21.73442499999999455, -0.4299000000000040012, -14.42187500000001066 ) ) ;
#2330 = CARTESIAN_POINT ( 'NONE',  ( 18.75002500000000438, -0.7999999999999929390, -14.53099999999998992 ) ) ;
#2331 = ORIENTED_EDGE ( 'NONE', *, *, #8353, .F. ) ;
#2332 = CARTESIAN_POINT ( 'NONE',  ( 3.749999999999997780, -0.7999999999999939382, -14.68749999999998757 ) ) ;
#2333 = EDGE_LOOP ( 'NONE', ( #6403, #4659, #3550, #7914 ) ) ;
#2334 = EDGE_CURVE ( 'NONE', #8651, #10348, #10259, .T. ) ;
#2335 = ORIENTED_EDGE ( 'NONE', *, *, #945, .F. ) ;
#2336 = ORIENTED_EDGE ( 'NONE', *, *, #12421, .F. ) ;
#2337 = LINE ( 'NONE', #3340, #7175 ) ;
#2338 = DIRECTION ( 'NONE',  ( -0.000000000000000000, -2.967464690054594744E-16, 1.000000000000000000 ) ) ;
#2339 = DIRECTION ( 'NONE',  ( 0.000000000000000000, -1.000000000000000000, -1.332348806898293597E-16 ) ) ;
#2340 = LINE ( 'NONE', #12845, #3336 ) ;
#2341 = CARTESIAN_POINT ( 'NONE',  ( 3.750000000000002220, -0.6953999999999979087, 14.18750000000000533 ) ) ;
#2342 = DIRECTION ( 'NONE',  ( -0.000000000000000000, -1.000000000000000000, -1.332348806898293597E-16 ) ) ;
#2343 = DIRECTION ( 'NONE',  ( -0.000000000000000000, -0.000000000000000000, -1.000000000000000000 ) ) ;
#2344 = DIRECTION ( 'NONE',  ( -7.065055611251003696E-15, -3.860131599344520051E-30, -1.000000000000000000 ) ) ;
#2345 = CARTESIAN_POINT ( 'NONE',  ( 35.93750000000000000, 0.5641500000000337911, -14.89540000000000042 ) ) ;
#2346 = VERTEX_POINT ( 'NONE', #1756 ) ;
#2347 = EDGE_LOOP ( 'NONE', ( #8368, #5209, #11299, #2181, #1706, #5638 ) ) ;
#2348 = EDGE_CURVE ( 'NONE', #1078, #403, #4920, .T. ) ;
#2349 = VERTEX_POINT ( 'NONE', #5932 ) ;
#2350 = ORIENTED_EDGE ( 'NONE', *, *, #11060, .T. ) ;
#2351 = DIRECTION ( 'NONE',  ( -0.000000000000000000, -1.000000000000000000, -1.332348806898293597E-16 ) ) ;
#2352 = ORIENTED_EDGE ( 'NONE', *, *, #6349, .F. ) ;
#2353 = CARTESIAN_POINT ( 'NONE',  ( 22.23442500000000521, -0.4299000000000038346, -12.43750000000001066 ) ) ;
#2354 = VERTEX_POINT ( 'NONE', #9010 ) ;
#2355 = DIRECTION ( 'NONE',  ( 1.240959386601371334E-16, -1.000000000000000000, -0.000000000000000000 ) ) ;
#2356 = EDGE_CURVE ( 'NONE', #3422, #341, #7937, .T. ) ;
#2357 = DIRECTION ( 'NONE',  ( 1.240959386601371334E-16, -1.000000000000000000, 0.000000000000000000 ) ) ;
#2358 = DIRECTION ( 'NONE',  ( 0.000000000000000000, 0.000000000000000000, -1.000000000000000000 ) ) ;
#2359 = ADVANCED_FACE ( 'NONE', ( #12077 ), #8875, .F. ) ;
#2360 = LINE ( 'NONE', #2292, #2509 ) ;
#2361 = ORIENTED_EDGE ( 'NONE', *, *, #6276, .F. ) ;
#2362 = ORIENTED_EDGE ( 'NONE', *, *, #1382, .F. ) ;
#2363 = AXIS2_PLACEMENT_3D ( 'NONE', #7363, #10508, #5425 ) ;
#2364 = EDGE_LOOP ( 'NONE', ( #11949, #7933, #10661, #7894 ) ) ;
#2365 = FACE_OUTER_BOUND ( 'NONE', #12507, .T. ) ;
#2366 = ORIENTED_EDGE ( 'NONE', *, *, #6213, .T. ) ;
#2367 = DIRECTION ( 'NONE',  ( 1.000000000000000000, 5.337610695313293786E-16, 0.000000000000000000 ) ) ;
#2368 = CARTESIAN_POINT ( 'NONE',  ( -20.99657499999999999, -0.6207000000000038042, 14.79687500000000000 ) ) ;
#2369 = CARTESIAN_POINT ( 'NONE',  ( -25.72834645669291120, 0.7000000000000050626, 3.543307086614173151 ) ) ;
#2370 = DIRECTION ( 'NONE',  ( -0.000000000000000000, -1.000000000000000000, -1.332348806898293597E-16 ) ) ;
#2371 = DIRECTION ( 'NONE',  ( 1.000000000000000000, 0.000000000000000000, 0.000000000000000000 ) ) ;
#2372 = AXIS2_PLACEMENT_3D ( 'NONE', #13057, #12124, #5030 ) ;
#2373 = VECTOR ( 'NONE', #9956, 39.37007874015748143 ) ;
#2374 = DIRECTION ( 'NONE',  ( 0.000000000000000000, -1.000000000000000000, -1.332348806898293597E-16 ) ) ;
#2375 = ADVANCED_FACE ( 'NONE', ( #5861 ), #3709, .F. ) ;
#2376 = DIRECTION ( 'NONE',  ( 0.000000000000000000, 0.000000000000000000, -1.000000000000000000 ) ) ;
#2378 = ORIENTED_EDGE ( 'NONE', *, *, #5740, .T. ) ;
#2377 = AXIS2_PLACEMENT_3D ( 'NONE', #8065, #9141, #4985 ) ;
#2379 = AXIS2_PLACEMENT_3D ( 'NONE', #11419, #8295, #5341 ) ;
#2380 = ORIENTED_EDGE ( 'NONE', *, *, #3096, .T. ) ;
#2381 = EDGE_LOOP ( 'NONE', ( #4767, #4404, #2823, #873, #11198 ) ) ;
#2382 = CARTESIAN_POINT ( 'NONE',  ( -33.63110000000000355, -0.6953999999999999071, -14.56250000000000355 ) ) ;
#2383 = ORIENTED_EDGE ( 'NONE', *, *, #2427, .F. ) ;
#2384 = DIRECTION ( 'NONE',  ( 0.000000000000000000, 0.000000000000000000, -1.000000000000000000 ) ) ;
#2385 = DIRECTION ( 'NONE',  ( 1.240959386601371334E-16, -1.000000000000000000, -0.000000000000000000 ) ) ;
#2386 = DIRECTION ( 'NONE',  ( 0.000000000000000000, 0.000000000000000000, -1.000000000000000000 ) ) ;
#2387 = VECTOR ( 'NONE', #3396, 39.37007874015748143 ) ;
#2388 = DIRECTION ( 'NONE',  ( -0.000000000000000000, -0.000000000000000000, -1.000000000000000000 ) ) ;
#2389 = LINE ( 'NONE', #8692, #8827 ) ;
#2390 = CARTESIAN_POINT ( 'NONE',  ( 28.22460000000000946, -0.5499999999999923839, 14.53100000000000058 ) ) ;
#2391 = EDGE_LOOP ( 'NONE', ( #3169, #3894 ) ) ;
#2392 = CIRCLE ( 'NONE', #5401, 0.03119999999999938448 ) ;
#2393 = CARTESIAN_POINT ( 'NONE',  ( -36.02170000000000272, -0.6341000000000001080, 14.78124999999999822 ) ) ;
#2394 = ORIENTED_EDGE ( 'NONE', *, *, #8881, .T. ) ;
#2395 = VECTOR ( 'NONE', #5126, 39.37007874015748143 ) ;
#2396 = VERTEX_POINT ( 'NONE', #6726 ) ;
#2397 = CIRCLE ( 'NONE', #5195, 0.1565000000000003610 ) ;
#2398 = EDGE_CURVE ( 'NONE', #1615, #1171, #6924, .T. ) ;
#2399 = ORIENTED_EDGE ( 'NONE', *, *, #6230, .F. ) ;
#2400 = CYLINDRICAL_SURFACE ( 'NONE', #757, 0.1565000000000003610 ) ;
#2401 = CARTESIAN_POINT ( 'NONE',  ( -32.13110000000000355, -0.6954000000000000181, 14.34400000000000652 ) ) ;
#2402 = CARTESIAN_POINT ( 'NONE',  ( 26.25002500000000794, -0.5499999999999926059, -14.53099999999998992 ) ) ;
#2403 = FACE_OUTER_BOUND ( 'NONE', #9953, .T. ) ;
#2404 = CARTESIAN_POINT ( 'NONE',  ( -33.85826771653543688, 0.7000000000000007327, 4.330708661417322247 ) ) ;
#2405 = EDGE_CURVE ( 'NONE', #6221, #8199, #6790, .T. ) ;
#2406 = CIRCLE ( 'NONE', #7760, 0.08125000000000121014 ) ;
#2407 = CARTESIAN_POINT ( 'NONE',  ( -35.93750000000000000, 0.000000000000000000, 0.000000000000000000 ) ) ;
#2408 = EDGE_CURVE ( 'NONE', #1277, #4400, #13016, .T. ) ;
#2409 = DIRECTION ( 'NONE',  ( -1.000000000000000000, 0.000000000000000000, -0.000000000000000000 ) ) ;
#2410 = VERTEX_POINT ( 'NONE', #2901 ) ;
#2411 = ORIENTED_EDGE ( 'NONE', *, *, #882, .F. ) ;
#2412 = ORIENTED_EDGE ( 'NONE', *, *, #11893, .F. ) ;
#2413 = LINE ( 'NONE', #6512, #8546 ) ;
#2414 = AXIS2_PLACEMENT_3D ( 'NONE', #2330, #10506, #5423 ) ;
#2415 = VECTOR ( 'NONE', #4496, 39.37007874015748143 ) ;
#2416 = ORIENTED_EDGE ( 'NONE', *, *, #3241, .F. ) ;
#2417 = FACE_OUTER_BOUND ( 'NONE', #7995, .T. ) ;
#2418 = ORIENTED_EDGE ( 'NONE', *, *, #5918, .F. ) ;
#2419 = CARTESIAN_POINT ( 'NONE',  ( -22.20317500000001232, -0.5895000000000039098, -14.79687500000000000 ) ) ;
#2420 = ORIENTED_EDGE ( 'NONE', *, *, #10201, .F. ) ;
#2421 = DIRECTION ( 'NONE',  ( 0.000000000000000000, 0.000000000000000000, -1.000000000000000000 ) ) ;
#2422 = EDGE_CURVE ( 'NONE', #6651, #75, #6608, .T. ) ;
#2423 = DIRECTION ( 'NONE',  ( -1.000000000000000000, -0.000000000000000000, -0.000000000000000000 ) ) ;
#2424 = FACE_OUTER_BOUND ( 'NONE', #1749, .T. ) ;
#2425 = CARTESIAN_POINT ( 'NONE',  ( -3.906499999999998529, -0.6953999999999981307, -14.89539999999999509 ) ) ;
#2426 = ORIENTED_EDGE ( 'NONE', *, *, #8561, .T. ) ;
#2427 = EDGE_CURVE ( 'NONE', #4518, #9151, #9403, .T. ) ;
#2428 = ORIENTED_EDGE ( 'NONE', *, *, #5449, .F. ) ;
#2429 = ORIENTED_EDGE ( 'NONE', *, *, #5835, .F. ) ;
#2430 = CARTESIAN_POINT ( 'NONE',  ( -26.25002500000000438, -0.7999999999999957145, -14.68749999999999112 ) ) ;
#2431 = VERTEX_POINT ( 'NONE', #6860 ) ;
#2432 = AXIS2_PLACEMENT_3D ( 'NONE', #6710, #10793, #10987 ) ;
#2433 = DIRECTION ( 'NONE',  ( 0.000000000000000000, 0.000000000000000000, -1.000000000000000000 ) ) ;
#2434 = DIRECTION ( 'NONE',  ( 1.000000000000000000, 1.240959386601371334E-16, 0.000000000000000000 ) ) ;
#2435 = CARTESIAN_POINT ( 'NONE',  ( -21.89092500000000285, -0.7999999999999953815, -14.34399999999999764 ) ) ;
#2436 = DIRECTION ( 'NONE',  ( 0.000000000000000000, 0.000000000000000000, -1.000000000000000000 ) ) ;
#2437 = FACE_BOUND ( 'NONE', #3225, .T. ) ;
#2438 = CARTESIAN_POINT ( 'NONE',  ( 26.40652500000000913, -0.7999999999999926059, -14.34399999999999586 ) ) ;
#2439 = DIRECTION ( 'NONE',  ( 1.000000000000000000, 5.337610695313202081E-16, 0.000000000000000000 ) ) ;
#2440 = ORIENTED_EDGE ( 'NONE', *, *, #9011, .T. ) ;
#2441 = VECTOR ( 'NONE', #6154, 39.37007874015748143 ) ;
#2442 = EDGE_LOOP ( 'NONE', ( #9850, #1745, #11588, #11805 ) ) ;
#2443 = EDGE_CURVE ( 'NONE', #2691, #202, #10879, .T. ) ;
#2444 = ORIENTED_EDGE ( 'NONE', *, *, #2593, .T. ) ;
#2445 = CARTESIAN_POINT ( 'NONE',  ( 21.89092499999999930, -0.6953999999999965764, -14.89539999999999864 ) ) ;
#2446 = DIRECTION ( 'NONE',  ( -1.000000000000000000, 0.000000000000000000, 0.000000000000000000 ) ) ;
#2447 = LINE ( 'NONE', #9695, #1737 ) ;
#2448 = FACE_OUTER_BOUND ( 'NONE', #7861, .T. ) ;
#2449 = DIRECTION ( 'NONE',  ( 1.000000000000000000, 0.000000000000000000, 0.000000000000000000 ) ) ;
#2450 = DIRECTION ( 'NONE',  ( -0.000000000000000000, -1.000000000000000000, -1.332348806898293597E-16 ) ) ;
#2451 = DIRECTION ( 'NONE',  ( 0.000000000000000000, 0.000000000000000000, -1.000000000000000000 ) ) ;
#2452 = CIRCLE ( 'NONE', #4177, 0.2187500000000015821 ) ;
#2453 = DIRECTION ( 'NONE',  ( 0.000000000000000000, 0.000000000000000000, -1.000000000000000000 ) ) ;
#2454 = AXIS2_PLACEMENT_3D ( 'NONE', #2734, #8838, #11907 ) ;
#2455 = ORIENTED_EDGE ( 'NONE', *, *, #2000, .F. ) ;
#2456 = CIRCLE ( 'NONE', #6329, 0.08125000000000121014 ) ;
#2457 = ORIENTED_EDGE ( 'NONE', *, *, #3508, .T. ) ;
#2458 = ORIENTED_EDGE ( 'NONE', *, *, #10998, .F. ) ;
#2459 = CARTESIAN_POINT ( 'NONE',  ( -32.28760000000000474, -0.7999999999999961586, 14.53100000000000058 ) ) ;
#2460 = DIRECTION ( 'NONE',  ( 0.000000000000000000, 0.000000000000000000, -1.000000000000000000 ) ) ;
#2461 = CARTESIAN_POINT ( 'NONE',  ( -28.38110000000001065, -0.7999999999999958256, 14.34400000000000652 ) ) ;
#2462 = LINE ( 'NONE', #6563, #8286 ) ;
#2463 = CARTESIAN_POINT ( 'NONE',  ( -21.35942499999999455, -0.4299000000000038346, -12.43750000000001066 ) ) ;
#2464 = FACE_OUTER_BOUND ( 'NONE', #10972, .T. ) ;
#2465 = ADVANCED_FACE ( 'NONE', ( #7514 ), #11591, .F. ) ;
#2466 = DIRECTION ( 'NONE',  ( -0.000000000000000000, -1.483732345027297372E-16, 1.000000000000000000 ) ) ;
#2467 = CIRCLE ( 'NONE', #5906, 0.1565000000000003610 ) ;
#2468 = AXIS2_PLACEMENT_3D ( 'NONE', #31, #8371, #4139 ) ;
#2469 = DIRECTION ( 'NONE',  ( 0.000000000000000000, -1.000000000000000000, 0.000000000000000000 ) ) ;
#2470 = ORIENTED_EDGE ( 'NONE', *, *, #6837, .F. ) ;
#2471 = ADVANCED_FACE ( 'NONE', ( #1401 ), #9786, .F. ) ;
#2472 = ORIENTED_EDGE ( 'NONE', *, *, #4948, .T. ) ;
#2473 = EDGE_CURVE ( 'NONE', #9984, #5023, #11943, .T. ) ;
#2474 = VECTOR ( 'NONE', #11446, 39.37007874015748143 ) ;
#2475 = ORIENTED_EDGE ( 'NONE', *, *, #2043, .T. ) ;
#2476 = FACE_BOUND ( 'NONE', #741, .T. ) ;
#2477 = AXIS2_PLACEMENT_3D ( 'NONE', #11048, #12054, #1060 ) ;
#2478 = AXIS2_PLACEMENT_3D ( 'NONE', #14, #3117, #8291 ) ;
#2479 = ORIENTED_EDGE ( 'NONE', *, *, #497, .F. ) ;
#2480 = EDGE_CURVE ( 'NONE', #2656, #4045, #2550, .T. ) ;
#2481 = DIRECTION ( 'NONE',  ( -0.000000000000000000, -1.000000000000000000, -1.332348806898293597E-16 ) ) ;
#2482 = ORIENTED_EDGE ( 'NONE', *, *, #11105, .T. ) ;
#2483 = CARTESIAN_POINT ( 'NONE',  ( 22.47227499999999978, -0.5895000000000039098, 14.79687500000000000 ) ) ;
#2484 = VERTEX_POINT ( 'NONE', #6766 ) ;
#2485 = CARTESIAN_POINT ( 'NONE',  ( -28.38110000000000355, -0.5499999999999959366, -14.53099999999999348 ) ) ;
#2486 = CARTESIAN_POINT ( 'NONE',  ( 21.95317499999999811, -0.4299000000000040012, -14.42187500000001066 ) ) ;
#2487 = PLANE ( 'NONE',  #5436 ) ;
#2488 = VECTOR ( 'NONE', #6690, 39.37007874015748143 ) ;
#2489 = EDGE_CURVE ( 'NONE', #4118, #2981, #1891, .T. ) ;
#2490 = FACE_OUTER_BOUND ( 'NONE', #11407, .T. ) ;
#2491 = ORIENTED_EDGE ( 'NONE', *, *, #5717, .T. ) ;
#2492 = EDGE_CURVE ( 'NONE', #5549, #3981, #6402, .T. ) ;
#2493 = VECTOR ( 'NONE', #3167, 39.37007874015748143 ) ;
#2494 = EDGE_CURVE ( 'NONE', #794, #3835, #2413, .T. ) ;
#2495 = EDGE_LOOP ( 'NONE', ( #11586, #2416, #12243, #6697 ) ) ;
#2496 = EDGE_CURVE ( 'NONE', #6574, #633, #3555, .T. ) ;
#2497 = ORIENTED_EDGE ( 'NONE', *, *, #12825, .T. ) ;
#2498 = DIRECTION ( 'NONE',  ( 0.000000000000000000, 0.000000000000000000, -1.000000000000000000 ) ) ;
#2499 = ORIENTED_EDGE ( 'NONE', *, *, #5676, .F. ) ;
#2500 = CARTESIAN_POINT ( 'NONE',  ( -7.484425000000003436, -0.6953999999999985748, -14.68749999999998579 ) ) ;
#2501 = CYLINDRICAL_SURFACE ( 'NONE', #8490, 0.1250000000000037192 ) ;
#2502 = CARTESIAN_POINT ( 'NONE',  ( -26.40652500000000558, -0.5499999999999958256, -14.53099999999999170 ) ) ;
#2503 = FACE_OUTER_BOUND ( 'NONE', #8397, .T. ) ;
#2504 = DIRECTION ( 'NONE',  ( 0.000000000000000000, -1.000000000000000000, -1.332348806898293597E-16 ) ) ;
#2505 = CARTESIAN_POINT ( 'NONE',  ( -21.54692499999999811, -0.6954000000000040149, -13.92187500000001066 ) ) ;
#2506 = CARTESIAN_POINT ( 'NONE',  ( -31.97460000000000235, -0.6953999999999999071, 13.97959999999999958 ) ) ;
#2507 = ADVANCED_FACE ( 'NONE', ( #7646 ), #459, .F. ) ;
#2508 = EDGE_LOOP ( 'NONE', ( #2629, #7595, #12621, #10670, #4440 ) ) ;
#2509 = VECTOR ( 'NONE', #10347, 39.37007874015748143 ) ;
#2510 = VECTOR ( 'NONE', #8691, 39.37007874015748143 ) ;
#2511 = ADVANCED_FACE ( 'NONE', ( #9594 ), #8528, .F. ) ;
#2512 = ORIENTED_EDGE ( 'NONE', *, *, #5275, .T. ) ;
#2513 = ORIENTED_EDGE ( 'NONE', *, *, #1336, .T. ) ;
#2514 = CIRCLE ( 'NONE', #4044, 0.1565000000000003610 ) ;
#2515 = LINE ( 'NONE', #10753, #8754 ) ;
#2516 = CARTESIAN_POINT ( 'NONE',  ( -35.93750000000000000, 0.6187499999999994671, 14.91875000000000107 ) ) ;
#2517 = CARTESIAN_POINT ( 'NONE',  ( -3.906499999999998529, -0.7999999999999943823, -14.53099999999998992 ) ) ;
#2518 = LINE ( 'NONE', #11958, #2510 ) ;
#2519 = CIRCLE ( 'NONE', #6591, 0.1249999999999993477 ) ;
#2520 = CARTESIAN_POINT ( 'NONE',  ( -21.89092500000000996, -0.6953999999999992410, 13.97959999999999958 ) ) ;
#2521 = DIRECTION ( 'NONE',  ( 1.000000000000000000, -0.000000000000000000, 0.000000000000000000 ) ) ;
#2522 = DIRECTION ( 'NONE',  ( 0.000000000000000000, 0.000000000000000000, 1.000000000000000000 ) ) ;
#2523 = EDGE_CURVE ( 'NONE', #5849, #12550, #11725, .T. ) ;
#2524 = PLANE ( 'NONE',  #10302 ) ;
#2525 = EDGE_CURVE ( 'NONE', #11004, #8195, #3684, .T. ) ;
#2526 = ORIENTED_EDGE ( 'NONE', *, *, #1169, .F. ) ;
#2527 = AXIS2_PLACEMENT_3D ( 'NONE', #7671, #9621, #419 ) ;
#2528 = AXIS2_PLACEMENT_3D ( 'NONE', #749, #7739, #9686 ) ;
#2529 = CIRCLE ( 'NONE', #4257, 0.1565000000000003610 ) ;
#2530 = ORIENTED_EDGE ( 'NONE', *, *, #504, .T. ) ;
#2531 = CIRCLE ( 'NONE', #2105, 0.1250000000000037192 ) ;
#2532 = VERTEX_POINT ( 'NONE', #6638 ) ;
#2533 = CARTESIAN_POINT ( 'NONE',  ( 17.31882500000000391, -0.5499999999999931610, -14.53099999999999348 ) ) ;
#2534 = CARTESIAN_POINT ( 'NONE',  ( 21.37157499999998933, -0.5895000000000039098, 14.79687500000000000 ) ) ;
#2535 = EDGE_CURVE ( 'NONE', #3961, #6013, #7777, .T. ) ;
#2536 = DIRECTION ( 'NONE',  ( -0.000000000000000000, -1.000000000000000000, -1.332348806898293597E-16 ) ) ;
#2537 = CARTESIAN_POINT ( 'NONE',  ( 3.906500000000002526, -0.5499999999999939382, 14.53100000000000058 ) ) ;
#2538 = FACE_OUTER_BOUND ( 'NONE', #11390, .T. ) ;
#2539 = VECTOR ( 'NONE', #10580, 39.37007874015748143 ) ;
#2540 = FACE_OUTER_BOUND ( 'NONE', #9169, .T. ) ;
#2541 = DIRECTION ( 'NONE',  ( 0.000000000000000000, 0.000000000000000000, -1.000000000000000000 ) ) ;
#2542 = DIRECTION ( 'NONE',  ( 0.000000000000000000, 0.000000000000000000, -1.000000000000000000 ) ) ;
#2543 = ORIENTED_EDGE ( 'NONE', *, *, #1932, .F. ) ;
#2544 = VECTOR ( 'NONE', #11012, 39.37007874015748143 ) ;
#2545 = ORIENTED_EDGE ( 'NONE', *, *, #10308, .F. ) ;
#2546 = VECTOR ( 'NONE', #4811, 39.37007874015748143 ) ;
#2548 = VERTEX_POINT ( 'NONE', #8987 ) ;
#2547 = ADVANCED_FACE ( 'NONE', ( #4505, #5704, #12668, #3486, #12795, #10663, #5579, #7580, #3622, #2476, #7711, #6700, #589, #6573, #6900, #3880, #2808, #1865, #857, #7915, #2945, #6966, #11986 ), #5027, .F. ) ;
#2549 = EDGE_CURVE ( 'NONE', #9808, #7081, #7976, .T. ) ;
#2550 = LINE ( 'NONE', #4693, #12168 ) ;
#2551 = ORIENTED_EDGE ( 'NONE', *, *, #6298, .F. ) ;
#2552 = CARTESIAN_POINT ( 'NONE',  ( -22.20317500000001232, 0.4608499999999960961, -14.67187499999999822 ) ) ;
#2553 = ORIENTED_EDGE ( 'NONE', *, *, #10093, .T. ) ;
#2554 = EDGE_CURVE ( 'NONE', #2608, #6150, #1933, .T. ) ;
#2555 = ORIENTED_EDGE ( 'NONE', *, *, #1914, .F. ) ;
#2556 = CARTESIAN_POINT ( 'NONE',  ( -35.94045000000000556, -0.7187500000000022204, 13.78219999999999956 ) ) ;
#2557 = EDGE_CURVE ( 'NONE', #2907, #6913, #2327, .T. ) ;
#2558 = DIRECTION ( 'NONE',  ( 0.000000000000000000, 0.000000000000000000, -1.000000000000000000 ) ) ;
#2559 = FACE_OUTER_BOUND ( 'NONE', #6523, .T. ) ;
#2560 = FACE_OUTER_BOUND ( 'NONE', #2321, .T. ) ;
#2561 = CARTESIAN_POINT ( 'NONE',  ( 3.906499999999998529, -0.7999999999999939382, -14.34399999999999409 ) ) ;
#2562 = ORIENTED_EDGE ( 'NONE', *, *, #6596, .F. ) ;
#2563 = ORIENTED_EDGE ( 'NONE', *, *, #3001, .F. ) ;
#2564 = ORIENTED_EDGE ( 'NONE', *, *, #3034, .T. ) ;
#2565 = PLANE ( 'NONE',  #8708 ) ;
#2566 = ORIENTED_EDGE ( 'NONE', *, *, #7512, .F. ) ;
#2567 = EDGE_CURVE ( 'NONE', #2165, #12699, #5901, .T. ) ;
#2568 = CARTESIAN_POINT ( 'NONE',  ( 26.09352500000000674, -0.7999999999999926059, -14.53099999999999170 ) ) ;
#2569 = ADVANCED_FACE ( 'NONE', ( #9049 ), #9987, .F. ) ;
#2570 = FACE_BOUND ( 'NONE', #5330, .T. ) ;
#2571 = CARTESIAN_POINT ( 'NONE',  ( 25.19685039370075330, 0.7000000000000329292, -4.330708661417499883 ) ) ;
#2572 = CARTESIAN_POINT ( 'NONE',  ( -35.93750000000000000, -0.6954000000000001291, -13.97480000000000011 ) ) ;
#2573 = CARTESIAN_POINT ( 'NONE',  ( 18.59352500000000319, -0.7999999999999929390, 14.34399999999999942 ) ) ;
#2574 = CARTESIAN_POINT ( 'NONE',  ( -36.02170000000000272, 0.6999999999999995115, 14.78124999999999822 ) ) ;
#2575 = CARTESIAN_POINT ( 'NONE',  ( 3.593499999999997474, -0.6953999999999979087, -14.53099999999998992 ) ) ;
#2576 = EDGE_CURVE ( 'NONE', #4646, #7354, #790, .T. ) ;
#2577 = EDGE_CURVE ( 'NONE', #12444, #5993, #3819, .T. ) ;
#2578 = ORIENTED_EDGE ( 'NONE', *, *, #1155, .F. ) ;
#2579 = CIRCLE ( 'NONE', #6444, 0.1565000000000003610 ) ;
#2580 = ORIENTED_EDGE ( 'NONE', *, *, #2492, .T. ) ;
#2581 = EDGE_LOOP ( 'NONE', ( #3606, #9921, #13137, #2013 ) ) ;
#2582 = DIRECTION ( 'NONE',  ( -0.000000000000000000, -1.000000000000000000, -1.332348806898293597E-16 ) ) ;
#2583 = CARTESIAN_POINT ( 'NONE',  ( 35.93750000000000000, 0.5954000000000018167, 14.78124999999999822 ) ) ;
#2584 = DIRECTION ( 'NONE',  ( -1.000000000000000000, 0.000000000000000000, 0.000000000000000000 ) ) ;
#2585 = DIRECTION ( 'NONE',  ( -0.000000000000000000, -0.000000000000000000, 1.000000000000000000 ) ) ;
#2586 = CYLINDRICAL_SURFACE ( 'NONE', #11389, 0.1565000000000003610 ) ;
#2587 = AXIS2_PLACEMENT_3D ( 'NONE', #9164, #6275, #7141 ) ;
#2588 = EDGE_CURVE ( 'NONE', #9188, #8403, #12050, .T. ) ;
#2589 = CARTESIAN_POINT ( 'NONE',  ( -35.13110000000000355, -0.5499999999999961586, -14.43749999999999822 ) ) ;
#2590 = CARTESIAN_POINT ( 'NONE',  ( 34.89030000000000342, -0.6954000000000019055, 14.78124999999999822 ) ) ;
#2591 = VECTOR ( 'NONE', #9815, 39.37007874015748143 ) ;
#2592 = VERTEX_POINT ( 'NONE', #11044 ) ;
#2593 = EDGE_CURVE ( 'NONE', #6943, #5999, #2531, .T. ) ;
#2594 = EDGE_CURVE ( 'NONE', #10432, #8898, #9852, .T. ) ;
#2595 = ADVANCED_FACE ( 'NONE', ( #5973 ), #651, .F. ) ;
#2596 = AXIS2_PLACEMENT_3D ( 'NONE', #6907, #11126, #9929 ) ;
#2597 = VERTEX_POINT ( 'NONE', #8040 ) ;
#2598 = VERTEX_POINT ( 'NONE', #4756 ) ;
#2599 = CARTESIAN_POINT ( 'NONE',  ( -0.000000000000000000, -0.6341000000000001080, -14.78124999999999822 ) ) ;
#2600 = DIRECTION ( 'NONE',  ( 0.000000000000000000, 0.000000000000000000, -1.000000000000000000 ) ) ;
#2601 = DIRECTION ( 'NONE',  ( 0.000000000000000000, -1.000000000000000000, -2.967464690054594744E-16 ) ) ;
#2602 = DIRECTION ( 'NONE',  ( -0.000000000000000000, -1.000000000000000000, -1.332348806898293597E-16 ) ) ;
#2603 = DIRECTION ( 'NONE',  ( 1.000000000000000000, 0.000000000000000000, 0.000000000000000000 ) ) ;
#2604 = DIRECTION ( 'NONE',  ( 0.000000000000000000, -0.000000000000000000, -1.000000000000000000 ) ) ;
#2605 = CARTESIAN_POINT ( 'NONE',  ( -32.13110000000000355, -0.5499999999999961586, -14.68749999999999467 ) ) ;
#2606 = DIRECTION ( 'NONE',  ( 0.000000000000000000, 0.000000000000000000, -1.000000000000000000 ) ) ;
#2607 = VECTOR ( 'NONE', #2170, 39.37007874015748143 ) ;
#2608 = VERTEX_POINT ( 'NONE', #6836 ) ;
#2609 = ORIENTED_EDGE ( 'NONE', *, *, #13241, .F. ) ;
#2610 = ORIENTED_EDGE ( 'NONE', *, *, #9539, .F. ) ;
#2611 = CARTESIAN_POINT ( 'NONE',  ( 28.38110000000001065, -0.6953999999999963544, 14.34400000000000652 ) ) ;
#2612 = EDGE_CURVE ( 'NONE', #3884, #1901, #10911, .T. ) ;
#2613 = ORIENTED_EDGE ( 'NONE', *, *, #7436, .F. ) ;
#2614 = AXIS2_PLACEMENT_3D ( 'NONE', #9602, #8468, #6318 ) ;
#2615 = CARTESIAN_POINT ( 'NONE',  ( -3.906500000000002526, -0.6953999999999981307, 13.97959999999999958 ) ) ;
#2616 = ORIENTED_EDGE ( 'NONE', *, *, #12949, .T. ) ;
#2617 = ORIENTED_EDGE ( 'NONE', *, *, #12233, .F. ) ;
#2618 = CARTESIAN_POINT ( 'NONE',  ( -11.40652500000000913, -0.7999999999999948264, 14.53100000000000058 ) ) ;
#2619 = DIRECTION ( 'NONE',  ( 0.000000000000000000, 0.000000000000000000, -1.000000000000000000 ) ) ;
#2620 = DIRECTION ( 'NONE',  ( 0.000000000000000000, 0.000000000000000000, -1.000000000000000000 ) ) ;
#2621 = DIRECTION ( 'NONE',  ( 0.000000000000000000, 0.000000000000000000, -1.000000000000000000 ) ) ;
#2622 = LINE ( 'NONE', #13064, #3717 ) ;
#2623 = ORIENTED_EDGE ( 'NONE', *, *, #905, .T. ) ;
#2624 = CIRCLE ( 'NONE', #5846, 0.1565000000000003610 ) ;
#2625 = VERTEX_POINT ( 'NONE', #1729 ) ;
#2626 = ORIENTED_EDGE ( 'NONE', *, *, #7912, .F. ) ;
#2627 = CARTESIAN_POINT ( 'NONE',  ( 36.02170000000000272, -0.6340999999999995529, 13.78219999999999956 ) ) ;
#2628 = ORIENTED_EDGE ( 'NONE', *, *, #7115, .T. ) ;
#2629 = ORIENTED_EDGE ( 'NONE', *, *, #8068, .T. ) ;
#2630 = FACE_OUTER_BOUND ( 'NONE', #13082, .T. ) ;
#2631 = CARTESIAN_POINT ( 'NONE',  ( -26.25002500000000794, -0.5499999999999958256, 14.18750000000000178 ) ) ;
#2632 = DIRECTION ( 'NONE',  ( 1.000000000000000000, 0.000000000000000000, 0.000000000000000000 ) ) ;
#2633 = CARTESIAN_POINT ( 'NONE',  ( 36.02170047244094775, -0.2096999999999985820, 13.87500000000000000 ) ) ;
#2634 = CARTESIAN_POINT ( 'NONE',  ( -21.23442499999999455, -0.6954000000000041259, -12.43750000000001066 ) ) ;
#2635 = VECTOR ( 'NONE', #1377, 39.37007874015748143 ) ;
#2636 = FACE_OUTER_BOUND ( 'NONE', #10370, .T. ) ;
#2638 = AXIS2_PLACEMENT_3D ( 'NONE', #8541, #6581, #1347 ) ;
#2637 = CARTESIAN_POINT ( 'NONE',  ( 36.02170000000000272, -0.6340999999999995529, 13.78219999999999956 ) ) ;
#2639 = ORIENTED_EDGE ( 'NONE', *, *, #6213, .F. ) ;
#2640 = ORIENTED_EDGE ( 'NONE', *, *, #9509, .T. ) ;
#2641 = ADVANCED_FACE ( 'NONE', ( #5830 ), #9919, .F. ) ;
#2642 = ORIENTED_EDGE ( 'NONE', *, *, #4503, .F. ) ;
#2643 = VECTOR ( 'NONE', #3760, 39.37007874015748143 ) ;
#2644 = CIRCLE ( 'NONE', #5655, 0.1250000000000026368 ) ;
#2645 = VERTEX_POINT ( 'NONE', #11693 ) ;
#2646 = DIRECTION ( 'NONE',  ( 1.000000000000000000, 0.000000000000000000, 0.000000000000000000 ) ) ;
#2647 = DIRECTION ( 'NONE',  ( -0.000000000000000000, -1.000000000000000000, -1.332348806898293597E-16 ) ) ;
#2648 = DIRECTION ( 'NONE',  ( 0.000000000000000000, 0.000000000000000000, -1.000000000000000000 ) ) ;
#2649 = DIRECTION ( 'NONE',  ( 0.000000000000000000, 0.000000000000000000, -1.000000000000000000 ) ) ;
#2650 = LINE ( 'NONE', #2520, #1631 ) ;
#2651 = FACE_OUTER_BOUND ( 'NONE', #7117, .T. ) ;
#2652 = LINE ( 'NONE', #9895, #7348 ) ;
#2653 = EDGE_CURVE ( 'NONE', #3835, #8670, #11762, .T. ) ;
#2654 = VECTOR ( 'NONE', #2081, 39.37007874015748143 ) ;
#2655 = CARTESIAN_POINT ( 'NONE',  ( 17.16232500000000982, -0.6953999999999970205, 14.18750000000000533 ) ) ;
#2656 = VERTEX_POINT ( 'NONE', #9693 ) ;
#2657 = EDGE_CURVE ( 'NONE', #11075, #1937, #10564, .T. ) ;
#2658 = ADVANCED_FACE ( 'NONE', ( #8758 ), #10697, .F. ) ;
#2659 = VERTEX_POINT ( 'NONE', #5416 ) ;
#2661 = ORIENTED_EDGE ( 'NONE', *, *, #11654, .T. ) ;
#2660 = EDGE_CURVE ( 'NONE', #11862, #7714, #12806, .T. ) ;
#2662 = DIRECTION ( 'NONE',  ( -0.000000000000000000, -1.000000000000000000, -1.332348806898293597E-16 ) ) ;
#2663 = SURFACE_STYLE_USAGE ( .BOTH. , #447 ) ;
#2664 = CARTESIAN_POINT ( 'NONE',  ( -11.25002500000000438, -0.6953999999999987969, -14.53099999999999170 ) ) ;
#2665 = LINE ( 'NONE', #4807, #6136 ) ;
#2666 = CARTESIAN_POINT ( 'NONE',  ( -7.327924999999998690, -0.7999999999999946043, 14.53100000000000591 ) ) ;
#2667 = DIRECTION ( 'NONE',  ( 1.000000000000000000, 5.337610695313293786E-16, 0.000000000000000000 ) ) ;
#2668 = DIRECTION ( 'NONE',  ( 1.000000000000000000, -0.000000000000000000, -0.000000000000000000 ) ) ;
#2669 = DIRECTION ( 'NONE',  ( -1.000000000000000000, 0.000000000000000000, 0.000000000000000000 ) ) ;
#2670 = ORIENTED_EDGE ( 'NONE', *, *, #6069, .F. ) ;
#2671 = VECTOR ( 'NONE', #8886, 39.37007874015748143 ) ;
#2672 = ORIENTED_EDGE ( 'NONE', *, *, #9861, .T. ) ;
#2673 = CIRCLE ( 'NONE', #6531, 0.1565000000000003610 ) ;
#2675 = VERTEX_POINT ( 'NONE', #557 ) ;
#2674 = EDGE_CURVE ( 'NONE', #5577, #5827, #10497, .T. ) ;
#2676 = DIRECTION ( 'NONE',  ( -0.000000000000000000, -2.967464690054594744E-16, 1.000000000000000000 ) ) ;
#2677 = ORIENTED_EDGE ( 'NONE', *, *, #6188, .F. ) ;
#2678 = DIRECTION ( 'NONE',  ( 0.000000000000000000, 0.000000000000000000, -1.000000000000000000 ) ) ;
#2679 = ORIENTED_EDGE ( 'NONE', *, *, #11196, .T. ) ;
#2680 = CIRCLE ( 'NONE', #9359, 0.1565000000000003610 ) ;
#2681 = VERTEX_POINT ( 'NONE', #4402 ) ;
#2682 = CARTESIAN_POINT ( 'NONE',  ( 36.02170000000000272, -0.6341000000000001080, -14.78124999999999822 ) ) ;
#2683 = CIRCLE ( 'NONE', #10189, 0.1250000000000015266 ) ;
#2684 = LINE ( 'NONE', #5711, #7678 ) ;
#2685 = CARTESIAN_POINT ( 'NONE',  ( -35.93750000000000000, -0.6953999999999999071, -14.89540000000000042 ) ) ;
#2686 = CARTESIAN_POINT ( 'NONE',  ( -36.02170000000000272, 0.6999999999999995115, 14.78124999999999822 ) ) ;
#2687 = EDGE_LOOP ( 'NONE', ( #669, #6203 ) ) ;
#2688 = EDGE_CURVE ( 'NONE', #2396, #8036, #2515, .T. ) ;
#2689 = CIRCLE ( 'NONE', #1613, 0.03124999999999929223 ) ;
#2690 = CIRCLE ( 'NONE', #110, 0.1250000000000026368 ) ;
#2691 = VERTEX_POINT ( 'NONE', #8687 ) ;
#2692 = EDGE_LOOP ( 'NONE', ( #3885, #95, #7612, #4076, #3696 ) ) ;
#2693 = DIRECTION ( 'NONE',  ( 0.000000000000000000, 0.000000000000000000, -1.000000000000000000 ) ) ;
#2694 = ORIENTED_EDGE ( 'NONE', *, *, #8890, .T. ) ;
#2695 = CIRCLE ( 'NONE', #12547, 0.1250000000000037192 ) ;
#2696 = ORIENTED_EDGE ( 'NONE', *, *, #519, .F. ) ;
#2697 = PLANE ( 'NONE',  #5193 ) ;
#2698 = DIRECTION ( 'NONE',  ( 1.240959386601371334E-16, -1.000000000000000000, -0.000000000000000000 ) ) ;
#2699 = CARTESIAN_POINT ( 'NONE',  ( 11.25002500000000794, -0.5499999999999934941, 14.18750000000000533 ) ) ;
#2700 = DIRECTION ( 'NONE',  ( 0.000000000000000000, 0.000000000000000000, -1.000000000000000000 ) ) ;
#2701 = ADVANCED_FACE ( 'NONE', ( #4537 ), #295, .F. ) ;
#2702 = DIRECTION ( 'NONE',  ( 0.000000000000000000, 0.000000000000000000, -1.000000000000000000 ) ) ;
#2703 = AXIS2_PLACEMENT_3D ( 'NONE', #10041, #9901, #13167 ) ;
#2704 = CARTESIAN_POINT ( 'NONE',  ( -31.97460000000000235, -0.6954000000000000181, 14.34400000000000475 ) ) ;
#2705 = ORIENTED_EDGE ( 'NONE', *, *, #4800, .T. ) ;
#2706 = EDGE_LOOP ( 'NONE', ( #214, #3621, #5878, #5383, #954 ) ) ;
#2707 = AXIS2_PLACEMENT_3D ( 'NONE', #4343, #7423, #6225 ) ;
#2708 = ORIENTED_EDGE ( 'NONE', *, *, #3157, .T. ) ;
#2709 = AXIS2_PLACEMENT_3D ( 'NONE', #12553, #10682, #8161 ) ;
#2710 = EDGE_LOOP ( 'NONE', ( #2352, #7897, #10084, #8832 ) ) ;
#2711 = ADVANCED_FACE ( 'NONE', ( #3521 ), #364, .F. ) ;
#2712 = CARTESIAN_POINT ( 'NONE',  ( -20.99657499999999999, 0.3358499999999960961, 14.67187500000000000 ) ) ;
#2713 = FACE_OUTER_BOUND ( 'NONE', #7879, .T. ) ;
#2714 = DIRECTION ( 'NONE',  ( -5.463695987328555033E-16, 1.000000000000000000, -0.000000000000000000 ) ) ;
#2715 = CARTESIAN_POINT ( 'NONE',  ( 35.91710000000000491, 0.5953999999999993742, -14.78124999999999822 ) ) ;
#2716 = ADVANCED_FACE ( 'NONE', ( #8623 ), #11628, .F. ) ;
#2717 = DIRECTION ( 'NONE',  ( -0.000000000000000000, -1.000000000000000000, -1.332348806898293597E-16 ) ) ;
#2718 = CARTESIAN_POINT ( 'NONE',  ( -31.97460000000000235, -0.7999999999999961586, 14.53100000000000058 ) ) ;
#2719 = CIRCLE ( 'NONE', #11498, 0.1250000000000037192 ) ;
#2720 = VECTOR ( 'NONE', #11016, 39.37007874015748143 ) ;
#2721 = DIRECTION ( 'NONE',  ( 0.000000000000000000, 0.000000000000000000, -1.000000000000000000 ) ) ;
#2722 = EDGE_LOOP ( 'NONE', ( #3815, #2513, #9139, #11041 ) ) ;
#2723 = VERTEX_POINT ( 'NONE', #430 ) ;
#2724 = EDGE_CURVE ( 'NONE', #9410, #128, #6198, .T. ) ;
#2725 = CYLINDRICAL_SURFACE ( 'NONE', #769, 0.1565000000000003610 ) ;
#2726 = EDGE_LOOP ( 'NONE', ( #899, #9153, #6899, #8988, #10529, #6310, #3452, #12920, #1528, #9856, #5466, #11673 ) ) ;
#2727 = VECTOR ( 'NONE', #4747, 39.37007874015748143 ) ;
#2728 = CIRCLE ( 'NONE', #7664, 0.1250000000000026368 ) ;
#2729 = EDGE_CURVE ( 'NONE', #8560, #5827, #1568, .T. ) ;
#2730 = ORIENTED_EDGE ( 'NONE', *, *, #2096, .T. ) ;
#2731 = CARTESIAN_POINT ( 'NONE',  ( 22.47227499999999978, -0.5895000000000039098, 14.79687500000000000 ) ) ;
#2732 = CARTESIAN_POINT ( 'NONE',  ( 36.02170047244094775, -0.2096999999999985820, -5.875000000000000000 ) ) ;
#2733 = CARTESIAN_POINT ( 'NONE',  ( -32.13110000000000355, -0.7999999999999961586, -14.53099999999999348 ) ) ;
#2734 = CARTESIAN_POINT ( 'NONE',  ( -21.73442500000000521, -0.7999999999999953815, -14.53099999999999170 ) ) ;
#2735 = EDGE_CURVE ( 'NONE', #5724, #3131, #7259, .T. ) ;
#2736 = DIRECTION ( 'NONE',  ( -0.000000000000000000, -1.000000000000000000, -1.332348806898293597E-16 ) ) ;
#2737 = FACE_OUTER_BOUND ( 'NONE', #6383, .T. ) ;
#2738 = DIRECTION ( 'NONE',  ( 0.000000000000000000, 0.000000000000000000, -1.000000000000000000 ) ) ;
#2739 = CARTESIAN_POINT ( 'NONE',  ( 28.22460000000000946, -0.7999999999999923839, -14.34399999999999942 ) ) ;
#2740 = CARTESIAN_POINT ( 'NONE',  ( -0.000000000000000000, -0.6341000000000001080, -14.78124999999999822 ) ) ;
#2741 = AXIS2_PLACEMENT_3D ( 'NONE', #5789, #11256, #1622 ) ;
#2742 = ORIENTED_EDGE ( 'NONE', *, *, #11472, .F. ) ;
#2743 = VECTOR ( 'NONE', #4592, 39.37007874015748143 ) ;
#2745 = ORIENTED_EDGE ( 'NONE', *, *, #8237, .T. ) ;
#2744 = CIRCLE ( 'NONE', #6808, 0.1565000000000003610 ) ;
#2746 = EDGE_CURVE ( 'NONE', #118, #4913, #7483, .T. ) ;
#2747 = ORIENTED_EDGE ( 'NONE', *, *, #6650, .T. ) ;
#2748 = CARTESIAN_POINT ( 'NONE',  ( -7.640925000000004630, -0.5499999999999946043, -14.34399999999999054 ) ) ;
#2749 = VERTEX_POINT ( 'NONE', #11492 ) ;
#2750 = CARTESIAN_POINT ( 'NONE',  ( -20.89067499999999811, 0.4608499999999960961, 14.67187500000000000 ) ) ;
#2751 = ORIENTED_EDGE ( 'NONE', *, *, #2594, .F. ) ;
#2752 = AXIS2_PLACEMENT_3D ( 'NONE', #6413, #10491, #5407 ) ;
#2753 = ORIENTED_EDGE ( 'NONE', *, *, #2557, .T. ) ;
#2754 = DIRECTION ( 'NONE',  ( 1.240959386601371334E-16, -1.000000000000000000, 0.000000000000000000 ) ) ;
#2755 = DIRECTION ( 'NONE',  ( -1.240959386601361473E-16, 1.000000000000000000, 0.000000000000000000 ) ) ;
#2756 = VECTOR ( 'NONE', #8652, 39.37007874015748143 ) ;
#2757 = CARTESIAN_POINT ( 'NONE',  ( 11.25002500000000794, -0.6953999999999974646, 14.34400000000000652 ) ) ;
#2758 = DIRECTION ( 'NONE',  ( 1.000000000000000000, 0.000000000000000000, 0.000000000000000000 ) ) ;
#2759 = ORIENTED_EDGE ( 'NONE', *, *, #10037, .T. ) ;
#2760 = EDGE_CURVE ( 'NONE', #9677, #4153, #5557, .T. ) ;
#2761 = VECTOR ( 'NONE', #2668, 39.37007874015748143 ) ;
#2762 = VERTEX_POINT ( 'NONE', #11554 ) ;
#2763 = EDGE_CURVE ( 'NONE', #9726, #5653, #1438, .T. ) ;
#2764 = EDGE_LOOP ( 'NONE', ( #8356, #7383, #2157, #11100 ) ) ;
#2765 = CARTESIAN_POINT ( 'NONE',  ( -7.484424999999999883, -0.7999999999999946043, 14.18750000000001066 ) ) ;
#2766 = ORIENTED_EDGE ( 'NONE', *, *, #10610, .T. ) ;
#2767 = CARTESIAN_POINT ( 'NONE',  ( -34.89030000000000342, -0.6954000000000027937, 14.78124999999999822 ) ) ;
#2768 = ORIENTED_EDGE ( 'NONE', *, *, #6081, .F. ) ;
#2769 = DIRECTION ( 'NONE',  ( 0.000000000000000000, -1.000000000000000000, -2.967464690054594744E-16 ) ) ;
#2770 = CIRCLE ( 'NONE', #6207, 0.2187500000000015821 ) ;
#2771 = CYLINDRICAL_SURFACE ( 'NONE', #13208, 0.2187500000000015821 ) ;
#2772 = DIRECTION ( 'NONE',  ( 0.000000000000000000, 0.000000000000000000, -1.000000000000000000 ) ) ;
#2773 = DIRECTION ( 'NONE',  ( 0.000000000000000000, 0.000000000000000000, -1.000000000000000000 ) ) ;
#2774 = LINE ( 'NONE', #7675, #1450 ) ;
#2775 = ORIENTED_EDGE ( 'NONE', *, *, #10476, .F. ) ;
#2776 = EDGE_LOOP ( 'NONE', ( #8653, #6381, #9278, #7939, #5315 ) ) ;
#2777 = ORIENTED_EDGE ( 'NONE', *, *, #12233, .T. ) ;
#2778 = VERTEX_POINT ( 'NONE', #2382 ) ;
#2779 = FACE_OUTER_BOUND ( 'NONE', #7649, .T. ) ;
#2780 = EDGE_CURVE ( 'NONE', #11358, #12255, #6483, .T. ) ;
#2781 = DIRECTION ( 'NONE',  ( 1.240959386601371334E-16, -1.000000000000000000, -0.000000000000000000 ) ) ;
#2782 = FACE_OUTER_BOUND ( 'NONE', #6524, .T. ) ;
#2783 = CARTESIAN_POINT ( 'NONE',  ( 21.73442500000000877, -0.7999999999999928280, 14.18750000000000533 ) ) ;
#2784 = DIRECTION ( 'NONE',  ( 0.000000000000000000, 0.000000000000000000, -1.000000000000000000 ) ) ;
#2785 = FACE_OUTER_BOUND ( 'NONE', #2710, .T. ) ;
#2787 = AXIS2_PLACEMENT_3D ( 'NONE', #8108, #13049, #11177 ) ;
#2786 = PLANE ( 'NONE',  #4946 ) ;
#2788 = EDGE_CURVE ( 'NONE', #8007, #8303, #7689, .T. ) ;
#2789 = ORIENTED_EDGE ( 'NONE', *, *, #7729, .F. ) ;
#2790 = ORIENTED_EDGE ( 'NONE', *, *, #10498, .F. ) ;
#2791 = CARTESIAN_POINT ( 'NONE',  ( 35.13110000000000355, -0.7999999999999918288, 14.31249999999999822 ) ) ;
#2792 = ORIENTED_EDGE ( 'NONE', *, *, #12041, .T. ) ;
#2793 = VECTOR ( 'NONE', #7624, 39.37007874015748143 ) ;
#2794 = ORIENTED_EDGE ( 'NONE', *, *, #380, .T. ) ;
#2795 = CARTESIAN_POINT ( 'NONE',  ( -35.91710000000000491, -0.6340999999999995529, 13.78219999999999956 ) ) ;
#2796 = CARTESIAN_POINT ( 'NONE',  ( 7.327924999999998690, -0.7999999999999936051, 14.34400000000000830 ) ) ;
#2797 = DIRECTION ( 'NONE',  ( 0.000000000000000000, 0.000000000000000000, -1.000000000000000000 ) ) ;
#2798 = CARTESIAN_POINT ( 'NONE',  ( -32.28760000000000474, -0.7999999999999961586, -14.34399999999999942 ) ) ;
#2799 = FACE_BOUND ( 'NONE', #4783, .T. ) ;
#2800 = CARTESIAN_POINT ( 'NONE',  ( -26.09352500000000319, -0.7999999999999957145, -14.34399999999999586 ) ) ;
#2801 = DIRECTION ( 'NONE',  ( -1.000000000000000000, 0.000000000000000000, 0.000000000000000000 ) ) ;
#2802 = DIRECTION ( 'NONE',  ( 1.000000000000000000, 0.000000000000000000, 0.000000000000000000 ) ) ;
#2803 = ORIENTED_EDGE ( 'NONE', *, *, #7872, .T. ) ;
#2804 = ORIENTED_EDGE ( 'NONE', *, *, #67, .F. ) ;
#2805 = AXIS2_PLACEMENT_3D ( 'NONE', #6853, #12141, #4772 ) ;
#2806 = EDGE_CURVE ( 'NONE', #12481, #12018, #10090, .T. ) ;
#2807 = ORIENTED_EDGE ( 'NONE', *, *, #3171, .F. ) ;
#2808 = FACE_BOUND ( 'NONE', #9184, .T. ) ;
#2809 = ORIENTED_EDGE ( 'NONE', *, *, #8064, .T. ) ;
#2810 = ADVANCED_FACE ( 'NONE', ( #2779 ), #1763, .T. ) ;
#2811 = FACE_OUTER_BOUND ( 'NONE', #2495, .T. ) ;
#2812 = LINE ( 'NONE', #7699, #2539 ) ;
#2813 = ORIENTED_EDGE ( 'NONE', *, *, #4794, .T. ) ;
#2814 = DIRECTION ( 'NONE',  ( 0.000000000000000000, 0.000000000000000000, -1.000000000000000000 ) ) ;
#2815 = EDGE_CURVE ( 'NONE', #8845, #5928, #890, .T. ) ;
#2816 = CIRCLE ( 'NONE', #10730, 0.2499999999999986955 ) ;
#2817 = CARTESIAN_POINT ( 'NONE',  ( 33.63110000000001065, -0.5499999999999918288, -14.56249999999997691 ) ) ;
#2818 = FACE_OUTER_BOUND ( 'NONE', #11186, .T. ) ;
#2819 = CARTESIAN_POINT ( 'NONE',  ( -26.40652500000000913, -0.5499999999999958256, 14.53099999999999703 ) ) ;
#2820 = VERTEX_POINT ( 'NONE', #13027 ) ;
#2821 = AXIS2_PLACEMENT_3D ( 'NONE', #10284, #879, #4038 ) ;
#2822 = EDGE_LOOP ( 'NONE', ( #66, #2839, #4200, #5376 ) ) ;
#2823 = ORIENTED_EDGE ( 'NONE', *, *, #492, .F. ) ;
#2824 = CARTESIAN_POINT ( 'NONE',  ( -33.63110000000000355, -0.5499999999999960476, -14.31249999999999645 ) ) ;
#2825 = ORIENTED_EDGE ( 'NONE', *, *, #10994, .F. ) ;
#2826 = EDGE_CURVE ( 'NONE', #10448, #9565, #5800, .T. ) ;
#2827 = VECTOR ( 'NONE', #8016, 39.37007874015748143 ) ;
#2828 = DIRECTION ( 'NONE',  ( 0.000000000000000000, -1.000000000000000000, -1.332348806898293597E-16 ) ) ;
#2829 = ORIENTED_EDGE ( 'NONE', *, *, #10614, .F. ) ;
#2830 = DIRECTION ( 'NONE',  ( 0.000000000000000000, 0.000000000000000000, 1.000000000000000000 ) ) ;
#2831 = ADVANCED_FACE ( 'NONE', ( #5739 ), #6868, .T. ) ;
#2832 = DIRECTION ( 'NONE',  ( 0.000000000000000000, 0.000000000000000000, -1.000000000000000000 ) ) ;
#2833 = DIRECTION ( 'NONE',  ( 1.240959386601371334E-16, -1.000000000000000000, 0.000000000000000000 ) ) ;
#2834 = CARTESIAN_POINT ( 'NONE',  ( 36.02170047244094775, -0.2096999999999985820, -5.875000000000000000 ) ) ;
#2835 = CARTESIAN_POINT ( 'NONE',  ( 3.906499999999998529, -0.6954000000000000181, -14.34399999999999409 ) ) ;
#2836 = EDGE_LOOP ( 'NONE', ( #3175, #10695 ) ) ;
#2837 = EDGE_CURVE ( 'NONE', #7597, #3818, #10946, .T. ) ;
#2838 = VERTEX_POINT ( 'NONE', #689 ) ;
#2839 = ORIENTED_EDGE ( 'NONE', *, *, #6698, .T. ) ;
#2840 = ORIENTED_EDGE ( 'NONE', *, *, #8700, .T. ) ;
#2841 = VECTOR ( 'NONE', #6290, 39.37007874015748143 ) ;
#2842 = DIRECTION ( 'NONE',  ( 0.000000000000000000, -1.000000000000000000, -2.967464690054594744E-16 ) ) ;
#2843 = AXIS2_PLACEMENT_3D ( 'NONE', #10222, #12414, #3235 ) ;
#2844 = CARTESIAN_POINT ( 'NONE',  ( 26.25002500000000794, -0.6953999999999964654, -14.53099999999998992 ) ) ;
#2845 = DIRECTION ( 'NONE',  ( 1.240959386601371334E-16, -1.000000000000000000, 0.000000000000000000 ) ) ;
#2846 = CARTESIAN_POINT ( 'NONE',  ( -35.93750000000000000, -0.6641499999999999071, -14.86415000000000219 ) ) ;
#2847 = CARTESIAN_POINT ( 'NONE',  ( -21.35942499999999455, -0.6954000000000041259, -12.43750000000001066 ) ) ;
#2848 = CARTESIAN_POINT ( 'NONE',  ( -22.12847500000001233, -0.5895000000000039098, 14.79687500000000000 ) ) ;
#2849 = DIRECTION ( 'NONE',  ( 0.000000000000000000, 0.000000000000000000, -1.000000000000000000 ) ) ;
#2850 = EDGE_LOOP ( 'NONE', ( #6415, #3747, #4411, #6295 ) ) ;
#2851 = AXIS2_PLACEMENT_3D ( 'NONE', #86, #4196, #12743 ) ;
#2852 = EDGE_CURVE ( 'NONE', #7576, #10343, #10883, .T. ) ;
#2853 = AXIS2_PLACEMENT_3D ( 'NONE', #10690, #1491, #9489 ) ;
#2854 = ORIENTED_EDGE ( 'NONE', *, *, #2096, .F. ) ;
#2855 = DIRECTION ( 'NONE',  ( -0.000000000000000000, -1.000000000000000000, -1.332348806898293597E-16 ) ) ;
#2856 = VERTEX_POINT ( 'NONE', #9954 ) ;
#2857 = ORIENTED_EDGE ( 'NONE', *, *, #9061, .T. ) ;
#2858 = CARTESIAN_POINT ( 'NONE',  ( 36.02170000000000272, -0.2096999999999985820, 5.749999999999996447 ) ) ;
#2859 = CARTESIAN_POINT ( 'NONE',  ( 21.73442500000000877, -0.5499999999999928280, 14.18750000000000533 ) ) ;
#2860 = LINE ( 'NONE', #8169, #8661 ) ;
#2861 = AXIS2_PLACEMENT_3D ( 'NONE', #12332, #9130, #9269 ) ;
#2862 = CARTESIAN_POINT ( 'NONE',  ( 35.23450000000000415, -0.5499999999999918288, 8.436550000000002214 ) ) ;
#2863 = DIRECTION ( 'NONE',  ( 0.000000000000000000, 0.000000000000000000, -1.000000000000000000 ) ) ;
#2864 = CARTESIAN_POINT ( 'NONE',  ( -36.02170000000000272, -0.7187500000000024425, 14.78124999999999822 ) ) ;
#2865 = CARTESIAN_POINT ( 'NONE',  ( -3.906499999999998529, -0.7999999999999943823, -14.34399999999999409 ) ) ;
#2866 = CYLINDRICAL_SURFACE ( 'NONE', #9007, 0.1565000000000003610 ) ;
#2867 = ORIENTED_EDGE ( 'NONE', *, *, #11347, .T. ) ;
#2868 = ADVANCED_FACE ( 'NONE', ( #6734 ), #12957, .F. ) ;
#2869 = ORIENTED_EDGE ( 'NONE', *, *, #5580, .T. ) ;
#2870 = AXIS2_PLACEMENT_3D ( 'NONE', #5017, #9176, #7216 ) ;
#2871 = DIRECTION ( 'NONE',  ( 0.000000000000000000, 0.000000000000000000, -1.000000000000000000 ) ) ;
#2872 = ORIENTED_EDGE ( 'NONE', *, *, #2653, .F. ) ;
#2873 = PLANE ( 'NONE',  #10623 ) ;
#2874 = DIRECTION ( 'NONE',  ( 0.000000000000000000, 0.000000000000000000, -1.000000000000000000 ) ) ;
#2875 = EDGE_CURVE ( 'NONE', #6894, #570, #1904, .T. ) ;
#2876 = ORIENTED_EDGE ( 'NONE', *, *, #839, .T. ) ;
#2877 = DIRECTION ( 'NONE',  ( -1.000000000000000000, 0.000000000000000000, 0.000000000000000000 ) ) ;
#2878 = CARTESIAN_POINT ( 'NONE',  ( -7.327924999999998690, -0.5499999999999946043, 14.34400000000000830 ) ) ;
#2879 = CARTESIAN_POINT ( 'NONE',  ( 21.73442499999999811, -0.6953999999999967985, -14.53099999999999170 ) ) ;
#2880 = CARTESIAN_POINT ( 'NONE',  ( 28.53760000000000829, -0.8000000000000000444, -14.53099999999999703 ) ) ;
#2881 = ADVANCED_FACE ( 'NONE', ( #758, #3719, #9888, #6002, #4997 ), #3655, .F. ) ;
#2882 = VECTOR ( 'NONE', #12715, 39.37007874015748143 ) ;
#2883 = PLANE ( 'NONE',  #3666 ) ;
#2884 = DIRECTION ( 'NONE',  ( 1.240959386601371334E-16, -1.000000000000000000, 0.000000000000000000 ) ) ;
#2885 = EDGE_LOOP ( 'NONE', ( #12682, #10835 ) ) ;
#2886 = VECTOR ( 'NONE', #5353, 39.37007874015748143 ) ;
#2887 = CIRCLE ( 'NONE', #5227, 0.1565000000000003610 ) ;
#2888 = EDGE_LOOP ( 'NONE', ( #3270, #10225, #10305, #4847 ) ) ;
#2889 = CIRCLE ( 'NONE', #5261, 0.03125000000000147798 ) ;
#2890 = ORIENTED_EDGE ( 'NONE', *, *, #87, .T. ) ;
#2891 = CARTESIAN_POINT ( 'NONE',  ( 3.749999999999997780, -0.5499999999999939382, -14.34399999999999409 ) ) ;
#2892 = EDGE_LOOP ( 'NONE', ( #7305, #4549 ) ) ;
#2893 = EDGE_CURVE ( 'NONE', #11915, #2094, #2980, .T. ) ;
#2894 = DIRECTION ( 'NONE',  ( 1.000000000000000000, 0.000000000000000000, -0.000000000000000000 ) ) ;
#2895 = ORIENTED_EDGE ( 'NONE', *, *, #1562, .T. ) ;
#2896 = CARTESIAN_POINT ( 'NONE',  ( 33.85826771653540845, 0.7000000000000377032, -4.330708661417548733 ) ) ;
#2897 = AXIS2_PLACEMENT_3D ( 'NONE', #6842, #10917, #1734 ) ;
#2898 = EDGE_CURVE ( 'NONE', #6848, #6850, #11744, .T. ) ;
#2899 = LINE ( 'NONE', #946, #3814 ) ;
#2900 = CARTESIAN_POINT ( 'NONE',  ( -11.09352500000000319, -0.7999999999999948264, -14.34399999999999764 ) ) ;
#2901 = CARTESIAN_POINT ( 'NONE',  ( -22.12847500000001233, -0.5895000000000039098, -14.79687500000000000 ) ) ;
#2902 = EDGE_CURVE ( 'NONE', #4099, #9443, #5982, .T. ) ;
#2903 = CARTESIAN_POINT ( 'NONE',  ( 28.22460000000000946, -0.6953999999999962434, 13.97959999999999958 ) ) ;
#2904 = VERTEX_POINT ( 'NONE', #621 ) ;
#2905 = VECTOR ( 'NONE', #6839, 39.37007874015748143 ) ;
#2906 = VECTOR ( 'NONE', #9995, 39.37007874015748143 ) ;
#2907 = VERTEX_POINT ( 'NONE', #7809 ) ;
#2908 = ADVANCED_FACE ( 'NONE', ( #12020 ), #11884, .F. ) ;
#2909 = DIMENSIONAL_EXPONENTS ( 1.000000000000000000, 0.000000000000000000, 0.000000000000000000, 0.000000000000000000, 0.000000000000000000, 0.000000000000000000, 0.000000000000000000 ) ;
#2910 = EDGE_LOOP ( 'NONE', ( #12079, #4785 ) ) ;
#2911 = AXIS2_PLACEMENT_3D ( 'NONE', #4089, #11052, #3954 ) ;
#2912 = VERTEX_POINT ( 'NONE', #12422 ) ;
#2913 = CARTESIAN_POINT ( 'NONE',  ( 21.34037499999998388, 0.4608499999999960961, 14.79687500000000000 ) ) ;
#2914 = CIRCLE ( 'NONE', #10631, 0.1565000000000003610 ) ;
#2915 = CARTESIAN_POINT ( 'NONE',  ( -36.02170000000000272, 0.6999999999999995115, -14.91875000000000462 ) ) ;
#2916 = DIRECTION ( 'NONE',  ( 0.000000000000000000, 0.000000000000000000, -1.000000000000000000 ) ) ;
#2917 = DIRECTION ( 'NONE',  ( 1.000000000000000000, -1.330272688773011840E-16, 0.000000000000000000 ) ) ;
#2918 = FACE_OUTER_BOUND ( 'NONE', #8, .T. ) ;
#2919 = CARTESIAN_POINT ( 'NONE',  ( 35.91710000000000491, -0.6641500000000022386, -13.78219999999999956 ) ) ;
#2920 = VECTOR ( 'NONE', #8569, 39.37007874015748143 ) ;
#2921 = DIRECTION ( 'NONE',  ( -0.000000000000000000, 0.000000000000000000, -1.000000000000000000 ) ) ;
#2922 = ORIENTED_EDGE ( 'NONE', *, *, #2083, .T. ) ;
#2923 = EDGE_CURVE ( 'NONE', #647, #527, #2116, .T. ) ;
#2924 = CIRCLE ( 'NONE', #991, 0.2499999999999986955 ) ;
#2925 = VERTEX_POINT ( 'NONE', #8214 ) ;
#2926 = AXIS2_PLACEMENT_3D ( 'NONE', #3723, #10638, #11632 ) ;
#2927 = DIRECTION ( 'NONE',  ( 1.000000000000000000, 5.463695987328555033E-16, 0.000000000000000000 ) ) ;
#2928 = ORIENTED_EDGE ( 'NONE', *, *, #10328, .F. ) ;
#2929 = VERTEX_POINT ( 'NONE', #6267 ) ;
#2930 = CARTESIAN_POINT ( 'NONE',  ( -21.35942499999999811, -0.6207000000000038042, 12.43750000000000178 ) ) ;
#2931 = CARTESIAN_POINT ( 'NONE',  ( -35.93750000000000000, -0.6954000000000035708, 13.97480000000000011 ) ) ;
#2932 = DIRECTION ( 'NONE',  ( 0.000000000000000000, -1.000000000000000000, 0.000000000000000000 ) ) ;
#2933 = CIRCLE ( 'NONE', #12135, 0.03124999999999929223 ) ;
#2934 = DIRECTION ( 'NONE',  ( -0.000000000000000000, -1.000000000000000000, -1.332348806898293597E-16 ) ) ;
#2935 = CARTESIAN_POINT ( 'NONE',  ( 28.53760000000000829, -0.5499999999999923839, 14.53100000000000058 ) ) ;
#2936 = EDGE_CURVE ( 'NONE', #7557, #363, #2984, .T. ) ;
#2937 = CARTESIAN_POINT ( 'NONE',  ( -20.99657499999999999, 0.3358499999999960961, -14.79687500000000000 ) ) ;
#2938 = DIRECTION ( 'NONE',  ( -1.000000000000000000, 0.000000000000000000, 0.000000000000000000 ) ) ;
#2939 = EDGE_LOOP ( 'NONE', ( #133, #5078, #8482, #8287, #12279 ) ) ;
#2940 = FACE_OUTER_BOUND ( 'NONE', #4223, .T. ) ;
#2941 = ORIENTED_EDGE ( 'NONE', *, *, #3109, .T. ) ;
#2942 = VERTEX_POINT ( 'NONE', #79 ) ;
#2943 = CIRCLE ( 'NONE', #1433, 0.2187500000000015821 ) ;
#2944 = VECTOR ( 'NONE', #12944, 39.37007874015748143 ) ;
#2945 = FACE_BOUND ( 'NONE', #904, .T. ) ;
#2946 = ADVANCED_FACE ( 'NONE', ( #3245 ), #11215, .F. ) ;
#2947 = ORIENTED_EDGE ( 'NONE', *, *, #4634, .T. ) ;
#2948 = DIRECTION ( 'NONE',  ( 1.000000000000000000, -0.000000000000000000, -0.000000000000000000 ) ) ;
#2949 = ORIENTED_EDGE ( 'NONE', *, *, #5701, .T. ) ;
#2950 = ORIENTED_EDGE ( 'NONE', *, *, #1788, .T. ) ;
#2951 = CARTESIAN_POINT ( 'NONE',  ( -3.593499999999997474, -0.5499999999999943823, -14.34399999999999409 ) ) ;
#2952 = CARTESIAN_POINT ( 'NONE',  ( 35.93750000000000000, 0.5954000000000000403, 14.89540000000000042 ) ) ;
#2953 = DIRECTION ( 'NONE',  ( 0.000000000000000000, 0.000000000000000000, -1.000000000000000000 ) ) ;
#2954 = ADVANCED_FACE ( 'NONE', ( #1093 ), #11147, .F. ) ;
#2955 = DIRECTION ( 'NONE',  ( 1.240959386601371334E-16, -1.000000000000000000, 0.000000000000000000 ) ) ;
#2956 = DIRECTION ( 'NONE',  ( 1.000000000000000000, 0.000000000000000000, 0.000000000000000000 ) ) ;
#2957 = CIRCLE ( 'NONE', #3384, 0.2187500000000015821 ) ;
#2958 = AXIS2_PLACEMENT_3D ( 'NONE', #1, #9212, #7059 ) ;
#2959 = DIRECTION ( 'NONE',  ( 0.000000000000000000, -1.000000000000000000, -2.967464690054594744E-16 ) ) ;
#2960 = DIRECTION ( 'NONE',  ( -0.000000000000000000, -1.000000000000000000, -1.332348806898293597E-16 ) ) ;
#2961 = EDGE_LOOP ( 'NONE', ( #10767, #5249, #4046, #6082, #4352 ) ) ;
#2963 = ORIENTED_EDGE ( 'NONE', *, *, #13163, .T. ) ;
#2962 = EDGE_CURVE ( 'NONE', #1645, #7916, #461, .T. ) ;
#2964 = VECTOR ( 'NONE', #6027, 39.37007874015748143 ) ;
#2965 = EDGE_CURVE ( 'NONE', #3422, #1381, #7068, .T. ) ;
#2966 = AXIS2_PLACEMENT_3D ( 'NONE', #5189, #5387, #7190 ) ;
#2967 = VERTEX_POINT ( 'NONE', #11413 ) ;
#2968 = CYLINDRICAL_SURFACE ( 'NONE', #8686, 0.1565000000000003610 ) ;
#2969 = ORIENTED_EDGE ( 'NONE', *, *, #3583, .F. ) ;
#2970 = DIRECTION ( 'NONE',  ( 0.000000000000000000, 0.000000000000000000, -1.000000000000000000 ) ) ;
#2971 = ORIENTED_EDGE ( 'NONE', *, *, #10591, .F. ) ;
#2972 = FACE_BOUND ( 'NONE', #2692, .T. ) ;
#2973 = AXIS2_PLACEMENT_3D ( 'NONE', #748, #5792, #9878 ) ;
#2974 = CARTESIAN_POINT ( 'NONE',  ( -35.23450000000000415, -0.6954000000000000181, 1.686549999999997107 ) ) ;
#2975 = FACE_BOUND ( 'NONE', #9560, .T. ) ;
#2976 = LINE ( 'NONE', #6063, #11950 ) ;
#2977 = VECTOR ( 'NONE', #7370, 39.37007874015748143 ) ;
#2978 = ORIENTED_EDGE ( 'NONE', *, *, #12334, .F. ) ;
#2979 = ORIENTED_EDGE ( 'NONE', *, *, #5102, .T. ) ;
#2980 = CIRCLE ( 'NONE', #9414, 0.2187500000000015821 ) ;
#2981 = VERTEX_POINT ( 'NONE', #2232 ) ;
#2982 = EDGE_CURVE ( 'NONE', #2597, #11042, #9086, .T. ) ;
#2983 = ORIENTED_EDGE ( 'NONE', *, *, #2523, .T. ) ;
#2984 = LINE ( 'NONE', #6071, #8970 ) ;
#2985 = EDGE_CURVE ( 'NONE', #6484, #9565, #10159, .T. ) ;
#2986 = DIRECTION ( 'NONE',  ( 0.000000000000000000, 0.000000000000000000, -1.000000000000000000 ) ) ;
#2987 = LINE ( 'NONE', #9361, #1115 ) ;
#2988 = DIRECTION ( 'NONE',  ( 0.000000000000000000, 0.000000000000000000, 1.000000000000000000 ) ) ;
#2989 = DIRECTION ( 'NONE',  ( 1.240959386601371334E-16, -1.000000000000000000, 0.000000000000000000 ) ) ;
#2990 = FACE_OUTER_BOUND ( 'NONE', #5816, .T. ) ;
#2991 = ADVANCED_FACE ( 'NONE', ( #8289 ), #5066, .F. ) ;
#2992 = DIRECTION ( 'NONE',  ( -1.000000000000000000, 0.000000000000000000, 0.000000000000000000 ) ) ;
#2993 = CYLINDRICAL_SURFACE ( 'NONE', #8599, 0.1250000000000015266 ) ;
#2994 = EDGE_LOOP ( 'NONE', ( #5905, #7827 ) ) ;
#2995 = ORIENTED_EDGE ( 'NONE', *, *, #12166, .F. ) ;
#2996 = CARTESIAN_POINT ( 'NONE',  ( -3.750000000000002220, -0.5499999999999943823, 14.34400000000000652 ) ) ;
#2997 = EDGE_LOOP ( 'NONE', ( #5480, #3359, #3834, #10339, #4854, #9072, #7529, #6998 ) ) ;
#2998 = ORIENTED_EDGE ( 'NONE', *, *, #2746, .T. ) ;
#2999 = CARTESIAN_POINT ( 'NONE',  ( 11.09352499999999964, -0.5499999999999934941, -14.34399999999999764 ) ) ;
#3000 = DIRECTION ( 'NONE',  ( -1.000000000000000000, -0.000000000000000000, -0.000000000000000000 ) ) ;
#3001 = EDGE_CURVE ( 'NONE', #6058, #5509, #7197, .T. ) ;
#3002 = CARTESIAN_POINT ( 'NONE',  ( 3.593500000000001915, -0.5499999999999939382, 14.53100000000000058 ) ) ;
#3003 = FACE_OUTER_BOUND ( 'NONE', #4506, .T. ) ;
#3004 = DIRECTION ( 'NONE',  ( 0.000000000000000000, 0.000000000000000000, -1.000000000000000000 ) ) ;
#3005 = DIRECTION ( 'NONE',  ( -1.000000000000000000, 0.000000000000000000, 0.000000000000000000 ) ) ;
#3006 = DIRECTION ( 'NONE',  ( 0.000000000000000000, -1.000000000000000000, -2.967464690054594744E-16 ) ) ;
#3007 = ORIENTED_EDGE ( 'NONE', *, *, #920, .T. ) ;
#3008 = DIRECTION ( 'NONE',  ( -0.000000000000000000, -1.000000000000000000, -1.332348806898293597E-16 ) ) ;
#3009 = VERTEX_POINT ( 'NONE', #12158 ) ;
#3010 = EDGE_CURVE ( 'NONE', #5462, #7725, #12223, .T. ) ;
#3011 = EDGE_CURVE ( 'NONE', #4186, #2265, #3047, .T. ) ;
#3012 = VECTOR ( 'NONE', #7030, 39.37007874015748143 ) ;
#3013 = CARTESIAN_POINT ( 'NONE',  ( 11.09352500000000852, -0.7999999999999934941, 14.53100000000000058 ) ) ;
#3014 = ORIENTED_EDGE ( 'NONE', *, *, #5268, .T. ) ;
#3015 = DIRECTION ( 'NONE',  ( 0.000000000000000000, 0.000000000000000000, -1.000000000000000000 ) ) ;
#3016 = ORIENTED_EDGE ( 'NONE', *, *, #955, .T. ) ;
#3017 = VERTEX_POINT ( 'NONE', #6208 ) ;
#3018 = LINE ( 'NONE', #2951, #4612 ) ;
#3019 = CIRCLE ( 'NONE', #8159, 0.1250000000000029143 ) ;
#3020 = LINE ( 'NONE', #7106, #5497 ) ;
#3021 = DIRECTION ( 'NONE',  ( 0.000000000000000000, -1.000000000000000000, 0.000000000000000000 ) ) ;
#3022 = DIRECTION ( 'NONE',  ( 0.000000000000000000, 0.000000000000000000, -1.000000000000000000 ) ) ;
#3023 = SURFACE_SIDE_STYLE ('',( #12198 ) ) ;
#3024 = CARTESIAN_POINT ( 'NONE',  ( -21.29692500000000521, -0.6207000000000038042, 13.92187500000000178 ) ) ;
#3025 = LINE ( 'NONE', #11194, #6931 ) ;
#3026 = AXIS2_PLACEMENT_3D ( 'NONE', #10932, #2828, #10076 ) ;
#3027 = VERTEX_POINT ( 'NONE', #2033 ) ;
#3028 = CIRCLE ( 'NONE', #8172, 0.1250000000000037192 ) ;
#3029 = EDGE_CURVE ( 'NONE', #330, #13070, #12449, .T. ) ;
#3030 = ORIENTED_EDGE ( 'NONE', *, *, #10112, .T. ) ;
#3031 = EDGE_LOOP ( 'NONE', ( #9029, #1632 ) ) ;
#3032 = DIRECTION ( 'NONE',  ( 0.000000000000000000, 0.000000000000000000, -1.000000000000000000 ) ) ;
#3033 = ORIENTED_EDGE ( 'NONE', *, *, #13, .F. ) ;
#3034 = EDGE_CURVE ( 'NONE', #9855, #8043, #9222, .T. ) ;
#3035 = FACE_OUTER_BOUND ( 'NONE', #2885, .T. ) ;
#3036 = EDGE_LOOP ( 'NONE', ( #5280, #7299 ) ) ;
#3037 = CARTESIAN_POINT ( 'NONE',  ( 36.02170000000000272, -0.8000000000000000444, -13.78219999999999956 ) ) ;
#3038 = DIRECTION ( 'NONE',  ( 0.000000000000000000, 0.000000000000000000, -1.000000000000000000 ) ) ;
#3039 = FACE_BOUND ( 'NONE', #9873, .T. ) ;
#3040 = CARTESIAN_POINT ( 'NONE',  ( 35.23450000000000415, -0.5499999999999918288, 1.811549999999999994 ) ) ;
#3041 = ORIENTED_EDGE ( 'NONE', *, *, #7926, .F. ) ;
#3042 = VECTOR ( 'NONE', #9154, 39.37007874015748143 ) ;
#3043 = ORIENTED_EDGE ( 'NONE', *, *, #6652, .F. ) ;
#3044 = EDGE_LOOP ( 'NONE', ( #7001, #7449, #13272, #10572 ) ) ;
#3045 = CIRCLE ( 'NONE', #247, 0.2187500000000015821 ) ;
#3046 = VERTEX_POINT ( 'NONE', #11284 ) ;
#3047 = LINE ( 'NONE', #7133, #2607 ) ;
#3048 = CARTESIAN_POINT ( 'NONE',  ( 36.02170047244094775, -0.2096999999999985820, 13.87500000000000000 ) ) ;
#3049 = DIRECTION ( 'NONE',  ( -0.000000000000000000, -0.000000000000000000, -1.000000000000000000 ) ) ;
#3050 = EDGE_CURVE ( 'NONE', #12301, #13140, #9030, .T. ) ;
#3051 = DIRECTION ( 'NONE',  ( -0.000000000000000000, -0.000000000000000000, -1.000000000000000000 ) ) ;
#3052 = DIRECTION ( 'NONE',  ( 1.240959386601371334E-16, -1.000000000000000000, 0.000000000000000000 ) ) ;
#3053 = CARTESIAN_POINT ( 'NONE',  ( 21.95317499999999100, -0.6207000000000038042, 14.42187500000000178 ) ) ;
#3054 = DIRECTION ( 'NONE',  ( 0.000000000000000000, 0.000000000000000000, 1.000000000000000000 ) ) ;
#3055 = EDGE_CURVE ( 'NONE', #8394, #4099, #5265, .T. ) ;
#3056 = LINE ( 'NONE', #3191, #6655 ) ;
#3057 = ORIENTED_EDGE ( 'NONE', *, *, #4361, .F. ) ;
#3058 = VERTEX_POINT ( 'NONE', #1289 ) ;
#3059 = AXIS2_PLACEMENT_3D ( 'NONE', #11839, #11910, #9713 ) ;
#3060 = ORIENTED_EDGE ( 'NONE', *, *, #12338, .F. ) ;
#3061 = EDGE_CURVE ( 'NONE', #8668, #9627, #10618, .T. ) ;
#3062 = LINE ( 'NONE', #10616, #12121 ) ;
#3063 = ORIENTED_EDGE ( 'NONE', *, *, #8967, .T. ) ;
#3064 = DIRECTION ( 'NONE',  ( 0.000000000000000000, 0.000000000000000000, -1.000000000000000000 ) ) ;
#3065 = ORIENTED_EDGE ( 'NONE', *, *, #8808, .F. ) ;
#3066 = CARTESIAN_POINT ( 'NONE',  ( -21.57792500000000402, -0.6953999999999993520, -14.53099999999999348 ) ) ;
#3067 = CARTESIAN_POINT ( 'NONE',  ( -18.75002500000000438, -0.7999999999999952704, -14.53099999999998992 ) ) ;
#3068 = FACE_OUTER_BOUND ( 'NONE', #13150, .T. ) ;
#3069 = EDGE_CURVE ( 'NONE', #9965, #3472, #5400, .T. ) ;
#3070 = CARTESIAN_POINT ( 'NONE',  ( -7.640925000000000189, -0.7999999999999946043, 14.34400000000000830 ) ) ;
#3071 = PLANE ( 'NONE',  #902 ) ;
#3072 = CARTESIAN_POINT ( 'NONE',  ( 21.95317499999999100, -0.4299000000000040012, 14.42187500000000178 ) ) ;
#3073 = DIRECTION ( 'NONE',  ( 0.000000000000000000, 0.000000000000000000, -1.000000000000000000 ) ) ;
#3074 = AXIS2_PLACEMENT_3D ( 'NONE', #1054, #4075, #2938 ) ;
#3075 = EDGE_CURVE ( 'NONE', #12992, #12125, #6044, .T. ) ;
#3076 = FACE_OUTER_BOUND ( 'NONE', #12104, .T. ) ;
#3077 = AXIS2_PLACEMENT_3D ( 'NONE', #6789, #1821, #4989 ) ;
#3078 = ORIENTED_EDGE ( 'NONE', *, *, #2806, .F. ) ;
#3079 = ADVANCED_FACE ( 'NONE', ( #5598, #12686 ), #11478, .F. ) ;
#3080 = VERTEX_POINT ( 'NONE', #2500 ) ;
#3081 = AXIS2_PLACEMENT_3D ( 'NONE', #8153, #12026, #7204 ) ;
#3082 = EDGE_LOOP ( 'NONE', ( #12430, #10323, #6794, #6056, #11876 ) ) ;
#3083 = CYLINDRICAL_SURFACE ( 'NONE', #1402, 0.1250000000000037192 ) ;
#3084 = DIRECTION ( 'NONE',  ( 1.000000000000000000, 0.000000000000000000, 0.000000000000000000 ) ) ;
#3085 = ORIENTED_EDGE ( 'NONE', *, *, #9285, .T. ) ;
#3086 = LINE ( 'NONE', #10063, #10607 ) ;
#3087 = CARTESIAN_POINT ( 'NONE',  ( 35.91710000000000491, -0.2096999999999985820, -5.875000000000000000 ) ) ;
#3088 = DIRECTION ( 'NONE',  ( 0.000000000000000000, -1.000000000000000000, -2.967464690054594744E-16 ) ) ;
#3089 = FACE_OUTER_BOUND ( 'NONE', #7084, .T. ) ;
#3090 = DIRECTION ( 'NONE',  ( -0.000000000000000000, -2.967464690054594744E-16, 1.000000000000000000 ) ) ;
#3091 = DIRECTION ( 'NONE',  ( 0.000000000000000000, -1.000000000000000000, -1.332348806898293597E-16 ) ) ;
#3092 = DIRECTION ( 'NONE',  ( 0.000000000000000000, -1.000000000000000000, 0.000000000000000000 ) ) ;
#3093 = DIMENSIONAL_EXPONENTS ( 1.000000000000000000, 0.000000000000000000, 0.000000000000000000, 0.000000000000000000, 0.000000000000000000, 0.000000000000000000, 0.000000000000000000 ) ;
#3094 = VERTEX_POINT ( 'NONE', #2568 ) ;
#3095 = AXIS2_PLACEMENT_3D ( 'NONE', #12435, #4204, #1045 ) ;
#3096 = EDGE_CURVE ( 'NONE', #241, #2052, #1744, .T. ) ;
#3097 = ORIENTED_EDGE ( 'NONE', *, *, #4182, .F. ) ;
#3098 = ORIENTED_EDGE ( 'NONE', *, *, #6743, .F. ) ;
#3099 = DIRECTION ( 'NONE',  ( -1.000000000000000000, -1.240959386601361473E-16, 0.000000000000000000 ) ) ;
#3100 = EDGE_LOOP ( 'NONE', ( #5595, #6479, #13162, #5657 ) ) ;
#3101 = DIRECTION ( 'NONE',  ( 1.240959386601371334E-16, -1.000000000000000000, 0.000000000000000000 ) ) ;
#3102 = EDGE_LOOP ( 'NONE', ( #1464, #10242, #260, #1436 ) ) ;
#3103 = CARTESIAN_POINT ( 'NONE',  ( 35.91710000000000491, -0.6954000000000021275, 13.78219999999999956 ) ) ;
#3104 = CARTESIAN_POINT ( 'NONE',  ( -11.09352500000000852, -0.6954000000000000181, -14.34399999999999764 ) ) ;
#3105 = PLANE ( 'NONE',  #485 ) ;
#3106 = ADVANCED_FACE ( 'NONE', ( #6597 ), #349, .F. ) ;
#3107 = CARTESIAN_POINT ( 'NONE',  ( -35.93750000000000000, -0.7999999999999999334, 13.97480000000000011 ) ) ;
#3108 = AXIS2_PLACEMENT_3D ( 'NONE', #9649, #9841, #11713 ) ;
#3109 = EDGE_CURVE ( 'NONE', #1104, #2346, #4585, .T. ) ;
#3110 = ORIENTED_EDGE ( 'NONE', *, *, #12930, .F. ) ;
#3111 = CIRCLE ( 'NONE', #953, 0.1565000000000003610 ) ;
#3112 = VERTEX_POINT ( 'NONE', #284 ) ;
#3113 = VERTEX_POINT ( 'NONE', #11749 ) ;
#3114 = VECTOR ( 'NONE', #1801, 39.37007874015748143 ) ;
#3115 = ADVANCED_FACE ( 'NONE', ( #8550 ), #12490, .F. ) ;
#3116 = DIRECTION ( 'NONE',  ( -0.000000000000000000, -1.000000000000000000, -1.332348806898293597E-16 ) ) ;
#3117 = DIRECTION ( 'NONE',  ( 0.000000000000000000, -1.000000000000000000, -2.967464690054594744E-16 ) ) ;
#3118 = CARTESIAN_POINT ( 'NONE',  ( 35.94045000000000556, -0.8000000000000000444, -13.78219999999999956 ) ) ;
#3119 = CARTESIAN_POINT ( 'NONE',  ( -35.94045000000000556, 0.6999999999999995115, 14.78124999999999822 ) ) ;
#3120 = FACE_BOUND ( 'NONE', #7482, .T. ) ;
#3121 = DIRECTION ( 'NONE',  ( 0.000000000000000000, -1.000000000000000000, 0.000000000000000000 ) ) ;
#3122 = CIRCLE ( 'NONE', #12736, 0.1250000000000037192 ) ;
#3123 = DIRECTION ( 'NONE',  ( -0.000000000000000000, -1.000000000000000000, -1.332348806898293597E-16 ) ) ;
#3124 = FACE_OUTER_BOUND ( 'NONE', #8861, .T. ) ;
#3125 = ORIENTED_EDGE ( 'NONE', *, *, #12563, .F. ) ;
#3126 = EDGE_CURVE ( 'NONE', #6442, #6013, #12238, .T. ) ;
#3127 = ORIENTED_EDGE ( 'NONE', *, *, #4977, .T. ) ;
#3128 = AXIS2_PLACEMENT_3D ( 'NONE', #3950, #8989, #4154 ) ;
#3129 = CIRCLE ( 'NONE', #329, 3.543307086614172263 ) ;
#3130 = ORIENTED_EDGE ( 'NONE', *, *, #8726, .F. ) ;
#3131 = VERTEX_POINT ( 'NONE', #10741 ) ;
#3133 = EDGE_CURVE ( 'NONE', #12444, #3373, #5467, .T. ) ;
#3132 = DIRECTION ( 'NONE',  ( 0.000000000000000000, 0.000000000000000000, 1.000000000000000000 ) ) ;
#3134 = VERTEX_POINT ( 'NONE', #6468 ) ;
#3135 = DIRECTION ( 'NONE',  ( 0.000000000000000000, 0.000000000000000000, -1.000000000000000000 ) ) ;
#3136 = CYLINDRICAL_SURFACE ( 'NONE', #3529, 0.1565000000000003610 ) ;
#3137 = DIRECTION ( 'NONE',  ( 0.000000000000000000, 0.000000000000000000, -1.000000000000000000 ) ) ;
#3138 = AXIS2_PLACEMENT_3D ( 'NONE', #5434, #10518, #4229 ) ;
#3139 = CYLINDRICAL_SURFACE ( 'NONE', #7422, 0.1565000000000003610 ) ;
#3140 = FACE_OUTER_BOUND ( 'NONE', #6317, .T. ) ;
#3141 = CARTESIAN_POINT ( 'NONE',  ( -35.93750000000000000, -0.6953999999999999071, -14.86415000000000219 ) ) ;
#3142 = ORIENTED_EDGE ( 'NONE', *, *, #3553, .F. ) ;
#3143 = VECTOR ( 'NONE', #11099, 39.37007874015748143 ) ;
#3144 = CARTESIAN_POINT ( 'NONE',  ( 31.97460000000000235, -0.6953999999999961323, 14.34400000000000475 ) ) ;
#3145 = ORIENTED_EDGE ( 'NONE', *, *, #12726, .T. ) ;
#3146 = EDGE_LOOP ( 'NONE', ( #362, #10915, #2219, #7399 ) ) ;
#3147 = ADVANCED_FACE ( 'NONE', ( #4323 ), #9678, .F. ) ;
#3148 = VERTEX_POINT ( 'NONE', #10684 ) ;
#3149 = CARTESIAN_POINT ( 'NONE',  ( 32.81496062992123797, 0.7000000000000370370, -3.543307086614400525 ) ) ;
#3150 = DIRECTION ( 'NONE',  ( 1.000000000000000000, 5.463695987328555033E-16, 0.000000000000000000 ) ) ;
#3151 = VERTEX_POINT ( 'NONE', #12555 ) ;
#3152 = CARTESIAN_POINT ( 'NONE',  ( 22.32817499999999811, -0.4299000000000038346, 2.512596398514597499E-15 ) ) ;
#3153 = DIRECTION ( 'NONE',  ( 0.000000000000000000, 0.000000000000000000, -1.000000000000000000 ) ) ;
#3154 = LINE ( 'NONE', #6438, #9596 ) ;
#3155 = DIRECTION ( 'NONE',  ( 0.000000000000000000, 0.000000000000000000, -1.000000000000000000 ) ) ;
#3156 = FILL_AREA_STYLE_COLOUR ( '', #8529 ) ;
#3157 = EDGE_CURVE ( 'NONE', #3244, #5659, #3376, .T. ) ;
#3158 = DIRECTION ( 'NONE',  ( -1.000000000000000000, 0.000000000000000000, 0.000000000000000000 ) ) ;
#3159 = CARTESIAN_POINT ( 'NONE',  ( 35.93750000000000000, 0.5954000000000000403, 14.89540000000000042 ) ) ;
#3160 = EDGE_LOOP ( 'NONE', ( #10910, #7317 ) ) ;
#3161 = AXIS2_PLACEMENT_3D ( 'NONE', #10677, #3498, #4575 ) ;
#3162 = ORIENTED_EDGE ( 'NONE', *, *, #1188, .F. ) ;
#3163 = VERTEX_POINT ( 'NONE', #11610 ) ;
#3164 = CYLINDRICAL_SURFACE ( 'NONE', #2047, 0.1565000000000003610 ) ;
#3165 = ORIENTED_EDGE ( 'NONE', *, *, #8241, .T. ) ;
#3166 = AXIS2_PLACEMENT_3D ( 'NONE', #5573, #4557, #8644 ) ;
#3168 = VECTOR ( 'NONE', #4713, 39.37007874015748143 ) ;
#3167 = DIRECTION ( 'NONE',  ( -1.000000000000000000, -0.000000000000000000, -0.000000000000000000 ) ) ;
#3169 = ORIENTED_EDGE ( 'NONE', *, *, #4040, .T. ) ;
#3170 = CARTESIAN_POINT ( 'NONE',  ( 35.23450000000000415, -0.6953999999999956882, 8.436550000000002214 ) ) ;
#3171 = EDGE_CURVE ( 'NONE', #12185, #3520, #1964, .T. ) ;
#3172 = DIRECTION ( 'NONE',  ( 0.000000000000000000, 0.000000000000000000, -1.000000000000000000 ) ) ;
#3173 = CYLINDRICAL_SURFACE ( 'NONE', #6504, 0.2187500000000015821 ) ;
#3174 = CARTESIAN_POINT ( 'NONE',  ( 22.32817499999999811, -0.6207000000000038042, 2.512596398514597499E-15 ) ) ;
#3175 = ORIENTED_EDGE ( 'NONE', *, *, #4351, .T. ) ;
#3176 = CIRCLE ( 'NONE', #5741, 0.2499999999999986955 ) ;
#3177 = AXIS2_PLACEMENT_3D ( 'NONE', #11812, #3648, #3515 ) ;
#3178 = EDGE_CURVE ( 'NONE', #488, #5520, #4457, .T. ) ;
#3179 = AXIS2_PLACEMENT_3D ( 'NONE', #7261, #11340, #12346 ) ;
#3180 = ORIENTED_EDGE ( 'NONE', *, *, #5840, .T. ) ;
#3181 = AXIS2_PLACEMENT_3D ( 'NONE', #8113, #4894, #12188 ) ;
#3182 = VERTEX_POINT ( 'NONE', #3441 ) ;
#3183 = CARTESIAN_POINT ( 'NONE',  ( 7.484425000000007877, -0.7999999999999936051, -14.53099999999998637 ) ) ;
#3184 = CARTESIAN_POINT ( 'NONE',  ( 32.13110000000001065, -0.7999999999999921618, -14.34399999999997810 ) ) ;
#3185 = DIRECTION ( 'NONE',  ( -0.000000000000000000, -1.000000000000000000, -1.332348806898293597E-16 ) ) ;
#3186 = CYLINDRICAL_SURFACE ( 'NONE', #4248, 0.1565000000000003610 ) ;
#3187 = DIRECTION ( 'NONE',  ( 1.000000000000000000, 0.000000000000000000, 0.000000000000000000 ) ) ;
#3188 = CARTESIAN_POINT ( 'NONE',  ( 21.89067499999999811, -0.4299000000000038346, 12.43750000000000178 ) ) ;
#3189 = DIRECTION ( 'NONE',  ( 0.000000000000000000, -1.000000000000000000, -1.332348806898293597E-16 ) ) ;
#3190 = AXIS2_PLACEMENT_3D ( 'NONE', #9757, #3392, #7416 ) ;
#3191 = CARTESIAN_POINT ( 'NONE',  ( 17.00582500000001218, -0.5499999999999931610, 14.34400000000000475 ) ) ;
#3192 = ORIENTED_EDGE ( 'NONE', *, *, #2688, .T. ) ;
#3193 = CIRCLE ( 'NONE', #12994, 0.1565000000000003610 ) ;
#3194 = ORIENTED_EDGE ( 'NONE', *, *, #11893, .T. ) ;
#3195 = EDGE_CURVE ( 'NONE', #2645, #7101, #5661, .T. ) ;
#3196 = ADVANCED_FACE ( 'NONE', ( #4841 ), #7731, .F. ) ;
#3197 = VERTEX_POINT ( 'NONE', #2896 ) ;
#3198 = CARTESIAN_POINT ( 'NONE',  ( 3.750000000000002220, -0.7999999999999939382, 14.34400000000000652 ) ) ;
#3199 = VERTEX_POINT ( 'NONE', #1753 ) ;
#3200 = DIRECTION ( 'NONE',  ( -0.000000000000000000, -1.000000000000000000, -1.332348806898293597E-16 ) ) ;
#3201 = LINE ( 'NONE', #1048, #4737 ) ;
#3202 = FACE_BOUND ( 'NONE', #9235, .T. ) ;
#3203 = CARTESIAN_POINT ( 'NONE',  ( 21.95317499999999811, -0.6207000000000038042, -14.42187500000001066 ) ) ;
#3204 = DIRECTION ( 'NONE',  ( 1.000000000000000000, -0.000000000000000000, 0.000000000000000000 ) ) ;
#3205 = EDGE_CURVE ( 'NONE', #2625, #2165, #816, .T. ) ;
#3206 = CARTESIAN_POINT ( 'NONE',  ( -20.96537499999999810, -0.5895000000000039098, -14.79687500000000000 ) ) ;
#3207 = ORIENTED_EDGE ( 'NONE', *, *, #280, .F. ) ;
#3208 = LINE ( 'NONE', #2193, #11562 ) ;
#3209 = ORIENTED_EDGE ( 'NONE', *, *, #211, .T. ) ;
#3210 = ORIENTED_EDGE ( 'NONE', *, *, #10931, .F. ) ;
#3211 = ORIENTED_EDGE ( 'NONE', *, *, #8266, .T. ) ;
#3212 = DIRECTION ( 'NONE',  ( 0.000000000000000000, -1.000000000000000000, -1.332348806898293597E-16 ) ) ;
#3213 = FACE_BOUND ( 'NONE', #7862, .T. ) ;
#3214 = ORIENTED_EDGE ( 'NONE', *, *, #9424, .F. ) ;
#3215 = CARTESIAN_POINT ( 'NONE',  ( -35.91709999999999781, -0.2096999999999985820, 13.87500000000000000 ) ) ;
#3216 = CARTESIAN_POINT ( 'NONE',  ( -21.57792500000000757, -0.8000000000000000444, -14.53099999999999348 ) ) ;
#3217 = CARTESIAN_POINT ( 'NONE',  ( -28.22459999999999880, -0.8000000000000000444, -14.53099999999999703 ) ) ;
#3218 = CARTESIAN_POINT ( 'NONE',  ( 17.00582500000000152, -0.7999999999999931610, -14.34399999999999764 ) ) ;
#3219 = CARTESIAN_POINT ( 'NONE',  ( 35.93750000000000000, 0.5954000000000000403, 14.86415000000000219 ) ) ;
#3220 = CARTESIAN_POINT ( 'NONE',  ( 18.75002500000000438, -0.6953999999999969095, -14.34399999999999586 ) ) ;
#3221 = DIRECTION ( 'NONE',  ( -0.000000000000000000, -1.000000000000000000, -1.332348806898293597E-16 ) ) ;
#3222 = ORIENTED_EDGE ( 'NONE', *, *, #8717, .F. ) ;
#3223 = EDGE_CURVE ( 'NONE', #1615, #825, #7749, .T. ) ;
#3224 = VECTOR ( 'NONE', #10642, 39.37007874015748143 ) ;
#3225 = EDGE_LOOP ( 'NONE', ( #3778, #6781, #310, #537, #1696 ) ) ;
#3226 = ADVANCED_FACE ( 'NONE', ( #2630 ), #11806, .F. ) ;
#3227 = ORIENTED_EDGE ( 'NONE', *, *, #4634, .F. ) ;
#3228 = CARTESIAN_POINT ( 'NONE',  ( 7.327925000000007572, -0.6953999999999975756, -14.34399999999999054 ) ) ;
#3229 = ORIENTED_EDGE ( 'NONE', *, *, #2325, .F. ) ;
#3230 = DIRECTION ( 'NONE',  ( -0.000000000000000000, -1.000000000000000000, -1.332348806898293597E-16 ) ) ;
#3231 = ORIENTED_EDGE ( 'NONE', *, *, #11982, .F. ) ;
#3232 = FACE_BOUND ( 'NONE', #11179, .T. ) ;
#3233 = VECTOR ( 'NONE', #3995, 39.37007874015748143 ) ;
#3234 = DIRECTION ( 'NONE',  ( 1.000000000000000000, 5.463695987328555033E-16, -0.000000000000000000 ) ) ;
#3235 = DIRECTION ( 'NONE',  ( 0.000000000000000000, 0.000000000000000000, 1.000000000000000000 ) ) ;
#3236 = EDGE_CURVE ( 'NONE', #10214, #323, #4916, .T. ) ;
#3237 = DIRECTION ( 'NONE',  ( 1.240959386601371334E-16, -1.000000000000000000, 0.000000000000000000 ) ) ;
#3238 = CIRCLE ( 'NONE', #1300, 0.1250000000000037192 ) ;
#3239 = ORIENTED_EDGE ( 'NONE', *, *, #4057, .T. ) ;
#3240 = AXIS2_PLACEMENT_3D ( 'NONE', #6568, #12662, #9589 ) ;
#3241 = EDGE_CURVE ( 'NONE', #12064, #5278, #9265, .T. ) ;
#3242 = ORIENTED_EDGE ( 'NONE', *, *, #3714, .T. ) ;
#3243 = EDGE_CURVE ( 'NONE', #118, #1219, #12942, .T. ) ;
#3244 = VERTEX_POINT ( 'NONE', #677 ) ;
#3245 = FACE_OUTER_BOUND ( 'NONE', #1686, .T. ) ;
#3246 = DIRECTION ( 'NONE',  ( 0.000000000000000000, 0.000000000000000000, -1.000000000000000000 ) ) ;
#3247 = DIRECTION ( 'NONE',  ( 0.000000000000000000, -1.000000000000000000, -2.967464690054594744E-16 ) ) ;
#3248 = LINE ( 'NONE', #6337, #9591 ) ;
#3249 = DIRECTION ( 'NONE',  ( -0.000000000000000000, -1.000000000000000000, -1.332348806898293597E-16 ) ) ;
#3250 = CARTESIAN_POINT ( 'NONE',  ( 35.91710000000000491, 0.5953999999999993742, 13.78219999999999956 ) ) ;
#3251 = LINE ( 'NONE', #5652, #1774 ) ;
#3252 = VERTEX_POINT ( 'NONE', #3704 ) ;
#3253 = VERTEX_POINT ( 'NONE', #3772 ) ;
#3254 = ORIENTED_EDGE ( 'NONE', *, *, #8622, .T. ) ;
#3255 = CIRCLE ( 'NONE', #10748, 0.1565000000000003610 ) ;
#3256 = CARTESIAN_POINT ( 'NONE',  ( 36.02170047244094775, -0.2096999999999985820, 13.87500000000000000 ) ) ;
#3257 = VERTEX_POINT ( 'NONE', #5929 ) ;
#3258 = DIRECTION ( 'NONE',  ( -5.463695987328555033E-16, 1.000000000000000000, -0.000000000000000000 ) ) ;
#3259 = DIRECTION ( 'NONE',  ( -1.000000000000000000, 0.000000000000000000, 0.000000000000000000 ) ) ;
#3260 = CYLINDRICAL_SURFACE ( 'NONE', #12567, 0.1565000000000003610 ) ;
#3261 = DIRECTION ( 'NONE',  ( -0.000000000000000000, -1.000000000000000000, -1.332348806898293597E-16 ) ) ;
#3262 = CARTESIAN_POINT ( 'NONE',  ( -18.90652500000000913, -0.6953999999999992410, 14.34399999999999942 ) ) ;
#3263 = CARTESIAN_POINT ( 'NONE',  ( 26.40652500000000913, -0.6954000000000000181, -14.34399999999999586 ) ) ;
#3264 = ORIENTED_EDGE ( 'NONE', *, *, #8627, .T. ) ;
#3265 = ADVANCED_FACE ( 'NONE', ( #744 ), #1550, .F. ) ;
#3266 = CARTESIAN_POINT ( 'NONE',  ( 7.640925000000008183, -0.7999999999999936051, -14.34399999999999054 ) ) ;
#3267 = ORIENTED_EDGE ( 'NONE', *, *, #2729, .T. ) ;
#3268 = CIRCLE ( 'NONE', #1545, 0.1250000000000037192 ) ;
#3269 = ORIENTED_EDGE ( 'NONE', *, *, #3891, .F. ) ;
#3270 = ORIENTED_EDGE ( 'NONE', *, *, #19, .F. ) ;
#3271 = CARTESIAN_POINT ( 'NONE',  ( -32.28760000000000474, -0.7999999999999961586, 14.34400000000000475 ) ) ;
#3272 = CARTESIAN_POINT ( 'NONE',  ( 22.57817500000000166, 0.3358499999999960961, -14.79687500000000000 ) ) ;
#3274 = CYLINDRICAL_SURFACE ( 'NONE', #957, 0.1565000000000003610 ) ;
#3273 = AXIS2_PLACEMENT_3D ( 'NONE', #6490, #10571, #8314 ) ;
#3275 = CARTESIAN_POINT ( 'NONE',  ( 36.02170047244094775, -0.2096999999999985820, -13.87500000000000000 ) ) ;
#3276 = CARTESIAN_POINT ( 'NONE',  ( -22.09727500000001044, -0.6954000000000040149, 14.79687500000000000 ) ) ;
#3277 = AXIS2_PLACEMENT_3D ( 'NONE', #8070, #1149, #7125 ) ;
#3278 = CARTESIAN_POINT ( 'NONE',  ( 35.23450000000000415, -0.6953999999999956882, 8.436550000000002214 ) ) ;
#3279 = CYLINDRICAL_SURFACE ( 'NONE', #3404, 0.2187500000000015821 ) ;
#3280 = CARTESIAN_POINT ( 'NONE',  ( 18.90652500000000558, -0.7999999999999929390, 14.53099999999999703 ) ) ;
#3281 = CARTESIAN_POINT ( 'NONE',  ( -35.23450000000000415, -0.6954000000000000181, 8.561550000000005767 ) ) ;
#3282 = ORIENTED_EDGE ( 'NONE', *, *, #12740, .T. ) ;
#3283 = ORIENTED_EDGE ( 'NONE', *, *, #8197, .F. ) ;
#3284 = VECTOR ( 'NONE', #6847, 39.37007874015748143 ) ;
#3285 = VECTOR ( 'NONE', #12756, 39.37007874015748143 ) ;
#3287 = EDGE_LOOP ( 'NONE', ( #6641, #9825, #11435, #4924 ) ) ;
#3286 = EDGE_CURVE ( 'NONE', #2354, #233, #8940, .T. ) ;
#3288 = VERTEX_POINT ( 'NONE', #3840 ) ;
#3289 = FACE_OUTER_BOUND ( 'NONE', #852, .T. ) ;
#3290 = ORIENTED_EDGE ( 'NONE', *, *, #61, .F. ) ;
#3291 = CARTESIAN_POINT ( 'NONE',  ( -32.28760000000000474, -0.6954000000000000181, -14.53099999999999703 ) ) ;
#3292 = ORIENTED_EDGE ( 'NONE', *, *, #5879, .F. ) ;
#3293 = CYLINDRICAL_SURFACE ( 'NONE', #6482, 0.1565000000000003610 ) ;
#3294 = ADVANCED_FACE ( 'NONE', ( #4774 ), #9810, .F. ) ;
#3295 = CARTESIAN_POINT ( 'NONE',  ( -21.57817500000000521, -0.4299000000000038346, 2.539385547245945812E-15 ) ) ;
#3296 = FACE_OUTER_BOUND ( 'NONE', #5844, .T. ) ;
#3297 = AXIS2_PLACEMENT_3D ( 'NONE', #4234, #8126, #12200 ) ;
#3298 = DIRECTION ( 'NONE',  ( -0.000000000000000000, -0.000000000000000000, 1.000000000000000000 ) ) ;
#3299 = ORIENTED_EDGE ( 'NONE', *, *, #3879, .T. ) ;
#3300 = EDGE_LOOP ( 'NONE', ( #3222, #12534, #13270, #6882 ) ) ;
#3301 = ADVANCED_FACE ( 'NONE', ( #13076, #11942, #10934, #11869, #7798 ), #2697, .F. ) ;
#3302 = ORIENTED_EDGE ( 'NONE', *, *, #12737, .T. ) ;
#3303 = CARTESIAN_POINT ( 'NONE',  ( -21.14067500000000166, -0.4299000000000038346, 2.512596398514597499E-15 ) ) ;
#3304 = EDGE_CURVE ( 'NONE', #2967, #10527, #8802, .T. ) ;
#3305 = CARTESIAN_POINT ( 'NONE',  ( 25.19685039370088830, 0.7000000000000329292, 14.78124999999956657 ) ) ;
#3306 = DIRECTION ( 'NONE',  ( -5.463695987328555033E-16, 1.000000000000000000, -0.000000000000000000 ) ) ;
#3307 = FACE_OUTER_BOUND ( 'NONE', #12467, .T. ) ;
#3308 = DIRECTION ( 'NONE',  ( 1.240959386601371334E-16, -1.000000000000000000, -0.000000000000000000 ) ) ;
#3309 = LINE ( 'NONE', #7138, #5010 ) ;
#3310 = CARTESIAN_POINT ( 'NONE',  ( -22.09727500000001044, -0.6207000000000038042, -14.79687500000000000 ) ) ;
#3311 = LINE ( 'NONE', #12696, #5118 ) ;
#3312 = CARTESIAN_POINT ( 'NONE',  ( 21.57792500000000757, -0.7999999999999928280, 14.53100000000000058 ) ) ;
#3313 = CIRCLE ( 'NONE', #10797, 0.1565000000000003610 ) ;
#3314 = VECTOR ( 'NONE', #7149, 39.37007874015748143 ) ;
#3315 = EDGE_CURVE ( 'NONE', #3163, #5549, #10871, .T. ) ;
#3316 = EDGE_LOOP ( 'NONE', ( #8537, #1272, #5136, #12271, #12667 ) ) ;
#3317 = ORIENTED_EDGE ( 'NONE', *, *, #13094, .F. ) ;
#3318 = ORIENTED_EDGE ( 'NONE', *, *, #212, .F. ) ;
#3319 = VECTOR ( 'NONE', #8061, 39.37007874015748143 ) ;
#3320 = CARTESIAN_POINT ( 'NONE',  ( 36.02170047244094775, -0.2096999999999985820, -13.74999999999999645 ) ) ;
#3321 = AXIS2_PLACEMENT_3D ( 'NONE', #11886, #8566, #8759 ) ;
#3322 = ORIENTED_EDGE ( 'NONE', *, *, #9823, .T. ) ;
#3323 = CARTESIAN_POINT ( 'NONE',  ( 21.60942499999999455, -0.4299000000000040012, -14.42187500000001066 ) ) ;
#3324 = PLANE ( 'NONE',  #8672 ) ;
#3325 = CARTESIAN_POINT ( 'NONE',  ( 28.22460000000000946, -0.6953999999999963544, -14.53099999999999703 ) ) ;
#3326 = CARTESIAN_POINT ( 'NONE',  ( -3.749999999999997780, -0.6953999999999982418, -14.53099999999998815 ) ) ;
#3327 = DIRECTION ( 'NONE',  ( 1.000000000000000000, 0.000000000000000000, -0.000000000000000000 ) ) ;
#3328 = EDGE_CURVE ( 'NONE', #12905, #8918, #7999, .T. ) ;
#3329 = DIRECTION ( 'NONE',  ( -0.000000000000000000, -0.000000000000000000, 1.000000000000000000 ) ) ;
#3330 = ORIENTED_EDGE ( 'NONE', *, *, #11279, .T. ) ;
#3331 = DIRECTION ( 'NONE',  ( -5.463695987328555033E-16, 1.000000000000000000, -0.000000000000000000 ) ) ;
#3332 = ORIENTED_EDGE ( 'NONE', *, *, #9860, .F. ) ;
#3333 = VECTOR ( 'NONE', #10125, 39.37007874015748143 ) ;
#3334 = AXIS2_PLACEMENT_3D ( 'NONE', #4458, #1359, #12626 ) ;
#3335 = ADVANCED_FACE ( 'NONE', ( #9279 ), #7058, .F. ) ;
#3336 = VECTOR ( 'NONE', #1458, 39.37007874015748143 ) ;
#3337 = VERTEX_POINT ( 'NONE', #12209 ) ;
#3338 = ADVANCED_FACE ( 'NONE', ( #6059 ), #6197, .F. ) ;
#3339 = EDGE_LOOP ( 'NONE', ( #2708, #12888, #6863, #1349, #5781, #6219, #861, #8183 ) ) ;
#3340 = CARTESIAN_POINT ( 'NONE',  ( 17.31882500000001102, -0.5499999999999931610, 14.34400000000000475 ) ) ;
#3341 = FACE_BOUND ( 'NONE', #7350, .T. ) ;
#3342 = DIRECTION ( 'NONE',  ( 1.000000000000000000, 1.240959386601361473E-16, 0.000000000000000000 ) ) ;
#3344 = CIRCLE ( 'NONE', #5279, 0.1565000000000003610 ) ;
#3343 = DIRECTION ( 'NONE',  ( 0.000000000000000000, 0.000000000000000000, -1.000000000000000000 ) ) ;
#3345 = DIRECTION ( 'NONE',  ( 0.000000000000000000, -1.000000000000000000, 0.000000000000000000 ) ) ;
#3346 = DIRECTION ( 'NONE',  ( 0.000000000000000000, 0.000000000000000000, -1.000000000000000000 ) ) ;
#3347 = CARTESIAN_POINT ( 'NONE',  ( -17.16232500000000627, -0.7999999999999951594, -14.68749999999999289 ) ) ;
#3348 = CARTESIAN_POINT ( 'NONE',  ( 22.10942500000000521, -0.4299000000000038346, -12.43750000000001066 ) ) ;
#3349 = PLANE ( 'NONE',  #2225 ) ;
#3350 = ORIENTED_EDGE ( 'NONE', *, *, #10215, .F. ) ;
#3351 = AXIS2_PLACEMENT_3D ( 'NONE', #2862, #9177, #11033 ) ;
#3352 = VERTEX_POINT ( 'NONE', #12345 ) ;
#3353 = EDGE_CURVE ( 'NONE', #8668, #7958, #4250, .T. ) ;
#3354 = VECTOR ( 'NONE', #10992, 39.37007874015748143 ) ;
#3355 = EDGE_LOOP ( 'NONE', ( #4940, #8631 ) ) ;
#3356 = EDGE_CURVE ( 'NONE', #9915, #9255, #7258, .T. ) ;
#3357 = VERTEX_POINT ( 'NONE', #6126 ) ;
#3358 = CARTESIAN_POINT ( 'NONE',  ( 17.00582500000000152, -0.6953999999999970205, -14.34399999999999764 ) ) ;
#3359 = ORIENTED_EDGE ( 'NONE', *, *, #12463, .T. ) ;
#3360 = PLANE ( 'NONE',  #985 ) ;
#3361 = ORIENTED_EDGE ( 'NONE', *, *, #7229, .T. ) ;
#3362 = DIRECTION ( 'NONE',  ( 0.000000000000000000, 0.000000000000000000, -1.000000000000000000 ) ) ;
#3363 = CARTESIAN_POINT ( 'NONE',  ( -11.09352500000000319, -0.6953999999999986859, -14.89539999999999864 ) ) ;
#3364 = CARTESIAN_POINT ( 'NONE',  ( 17.16232500000000272, -0.7999999999999931610, -14.53099999999999170 ) ) ;
#3365 = CIRCLE ( 'NONE', #5086, 0.2559055118110216687 ) ;
#3366 = CARTESIAN_POINT ( 'NONE',  ( 21.51567499999999455, -0.4299000000000040012, -14.42187500000001066 ) ) ;
#3367 = ORIENTED_EDGE ( 'NONE', *, *, #11835, .F. ) ;
#3368 = EDGE_CURVE ( 'NONE', #9217, #4099, #7123, .T. ) ;
#3369 = ADVANCED_FACE ( 'NONE', ( #8136 ), #10148, .F. ) ;
#3370 = ORIENTED_EDGE ( 'NONE', *, *, #8178, .F. ) ;
#3371 = CIRCLE ( 'NONE', #4863, 0.1565000000000003610 ) ;
#3372 = AXIS2_PLACEMENT_3D ( 'NONE', #1490, #12755, #7672 ) ;
#3373 = VERTEX_POINT ( 'NONE', #11339 ) ;
#3374 = DIRECTION ( 'NONE',  ( 1.240959386601371334E-16, -1.000000000000000000, -0.000000000000000000 ) ) ;
#3375 = ORIENTED_EDGE ( 'NONE', *, *, #7762, .T. ) ;
#3376 = LINE ( 'NONE', #8671, #4547 ) ;
#3377 = DIRECTION ( 'NONE',  ( 0.000000000000000000, 0.000000000000000000, 1.000000000000000000 ) ) ;
#3378 = CARTESIAN_POINT ( 'NONE',  ( 36.02170000000000272, -0.6340999999999995529, 13.78219999999999956 ) ) ;
#3379 = DIRECTION ( 'NONE',  ( 0.000000000000000000, 0.000000000000000000, -1.000000000000000000 ) ) ;
#3380 = DIRECTION ( 'NONE',  ( -0.000000000000000000, -1.000000000000000000, -1.332348806898293597E-16 ) ) ;
#3381 = AXIS2_PLACEMENT_3D ( 'NONE', #7046, #932, #5036 ) ;
#3382 = CARTESIAN_POINT ( 'NONE',  ( 22.10942500000000521, -0.6207000000000038042, -12.43750000000001066 ) ) ;
#3383 = DIRECTION ( 'NONE',  ( -5.463695987328555033E-16, 1.000000000000000000, -0.000000000000000000 ) ) ;
#3384 = AXIS2_PLACEMENT_3D ( 'NONE', #11191, #2009, #12129 ) ;
#3385 = AXIS2_PLACEMENT_3D ( 'NONE', #6644, #8600, #8787 ) ;
#3386 = ORIENTED_EDGE ( 'NONE', *, *, #7571, .F. ) ;
#3387 = EDGE_CURVE ( 'NONE', #7345, #1010, #8274, .T. ) ;
#3388 = ORIENTED_EDGE ( 'NONE', *, *, #7562, .T. ) ;
#3389 = EDGE_CURVE ( 'NONE', #11800, #10214, #12885, .T. ) ;
#3390 = ORIENTED_EDGE ( 'NONE', *, *, #5180, .T. ) ;
#3391 = VECTOR ( 'NONE', #10115, 39.37007874015748143 ) ;
#3392 = DIRECTION ( 'NONE',  ( 0.000000000000000000, -1.000000000000000000, 0.000000000000000000 ) ) ;
#3394 = EDGE_CURVE ( 'NONE', #4333, #12905, #4120, .T. ) ;
#3393 = ORIENTED_EDGE ( 'NONE', *, *, #6268, .F. ) ;
#3395 = CARTESIAN_POINT ( 'NONE',  ( -35.91709999999999781, -0.2096999999999985820, -13.87500000000000000 ) ) ;
#3396 = DIRECTION ( 'NONE',  ( 0.000000000000000000, 2.967464690054594744E-16, -1.000000000000000000 ) ) ;
#3397 = FACE_BOUND ( 'NONE', #6039, .T. ) ;
#3398 = VECTOR ( 'NONE', #4564, 39.37007874015748143 ) ;
#3399 = DIRECTION ( 'NONE',  ( 0.000000000000000000, -1.000000000000000000, -2.967464690054594744E-16 ) ) ;
#3400 = CARTESIAN_POINT ( 'NONE',  ( 36.02170000000000272, 0.6187500000000388800, -14.78124999999999822 ) ) ;
#3401 = LINE ( 'NONE', #7555, #12692 ) ;
#3402 = ORIENTED_EDGE ( 'NONE', *, *, #2211, .F. ) ;
#3403 = DIRECTION ( 'NONE',  ( 0.000000000000000000, -1.000000000000000000, -2.967464690054594744E-16 ) ) ;
#3404 = AXIS2_PLACEMENT_3D ( 'NONE', #318, #9846, #3873 ) ;
#3405 = ORIENTED_EDGE ( 'NONE', *, *, #7512, .T. ) ;
#3406 = EDGE_CURVE ( 'NONE', #631, #3633, #5832, .T. ) ;
#3407 = ORIENTED_EDGE ( 'NONE', *, *, #972, .F. ) ;
#3408 = EDGE_LOOP ( 'NONE', ( #1670, #11988, #5313, #10 ) ) ;
#3409 = AXIS2_PLACEMENT_3D ( 'NONE', #11613, #286, #479 ) ;
#3410 = DIRECTION ( 'NONE',  ( -0.000000000000000000, -0.000000000000000000, -1.000000000000000000 ) ) ;
#3411 = CARTESIAN_POINT ( 'NONE',  ( -21.57792500000000757, -0.7999999999999999334, 14.34400000000000652 ) ) ;
#3412 = FACE_OUTER_BOUND ( 'NONE', #2030, .T. ) ;
#3413 = DIRECTION ( 'NONE',  ( 0.000000000000000000, 0.000000000000000000, -1.000000000000000000 ) ) ;
#3414 = CYLINDRICAL_SURFACE ( 'NONE', #4024, 0.1250000000000037192 ) ;
#3415 = DIRECTION ( 'NONE',  ( 1.000000000000000000, -0.000000000000000000, -0.000000000000000000 ) ) ;
#3416 = DIRECTION ( 'NONE',  ( 0.000000000000000000, 0.000000000000000000, -1.000000000000000000 ) ) ;
#3417 = ADVANCED_FACE ( 'NONE', ( #6256, #70, #4173, #9345, #10344, #1147, #3974, #12411, #8067, #12144, #138, #8345, #3232, #11070, #1890, #5994, #10078, #2972, #11137, #1956, #944, #5053, #10601 ), #7457, .F. ) ;
#3418 = CARTESIAN_POINT ( 'NONE',  ( -21.35942499999999811, -0.6954000000000041259, 12.43750000000000178 ) ) ;
#3419 = CARTESIAN_POINT ( 'NONE',  ( -21.35942500000000521, -0.4299000000000038346, 2.512596398514597499E-15 ) ) ;
#3420 = ORIENTED_EDGE ( 'NONE', *, *, #1382, .T. ) ;
#3421 = VERTEX_POINT ( 'NONE', #1278 ) ;
#3422 = VERTEX_POINT ( 'NONE', #1214 ) ;
#3423 = DIRECTION ( 'NONE',  ( 0.000000000000000000, 0.000000000000000000, -1.000000000000000000 ) ) ;
#3424 = ORIENTED_EDGE ( 'NONE', *, *, #5350, .T. ) ;
#3425 = CARTESIAN_POINT ( 'NONE',  ( 7.327924999999998690, -0.6953999999999975756, 14.34400000000000830 ) ) ;
#3426 = EDGE_LOOP ( 'NONE', ( #4000, #9534, #6705, #5597 ) ) ;
#3427 = LINE ( 'NONE', #2419, #6564 ) ;
#3428 = VERTEX_POINT ( 'NONE', #4310 ) ;
#3429 = LINE ( 'NONE', #1409, #5415 ) ;
#3430 = CARTESIAN_POINT ( 'NONE',  ( 32.13110000000000355, -0.6953999999999961323, 14.34400000000000652 ) ) ;
#3431 = LINE ( 'NONE', #8472, #10764 ) ;
#3432 = CARTESIAN_POINT ( 'NONE',  ( -22.12847500000001588, 0.3358499999999960961, 14.67187500000000000 ) ) ;
#3433 = ORIENTED_EDGE ( 'NONE', *, *, #6878, .F. ) ;
#3434 = EDGE_CURVE ( 'NONE', #5169, #1386, #3255, .T. ) ;
#3435 = ORIENTED_EDGE ( 'NONE', *, *, #5736, .T. ) ;
#3436 = EDGE_CURVE ( 'NONE', #2838, #7395, #268, .T. ) ;
#3437 = AXIS2_PLACEMENT_3D ( 'NONE', #3943, #11913, #7909 ) ;
#3438 = ORIENTED_EDGE ( 'NONE', *, *, #2674, .T. ) ;
#3439 = CYLINDRICAL_SURFACE ( 'NONE', #3997, 0.1249999999999993477 ) ;
#3440 = ORIENTED_EDGE ( 'NONE', *, *, #6100, .T. ) ;
#3441 = CARTESIAN_POINT ( 'NONE',  ( 11.09352499999999964, -0.7999999999999934941, -14.34399999999999764 ) ) ;
#3442 = LINE ( 'NONE', #1488, #1826 ) ;
#3443 = CARTESIAN_POINT ( 'NONE',  ( -17.16232500000000982, -0.5499999999999952704, 14.34400000000000652 ) ) ;
#3444 = CARTESIAN_POINT ( 'NONE',  ( 35.13110000000001065, -0.6953999999999957993, -14.31249999999996980 ) ) ;
#3445 = DIRECTION ( 'NONE',  ( 0.000000000000000000, -1.000000000000000000, -1.332348806898293597E-16 ) ) ;
#3446 = VECTOR ( 'NONE', #10979, 39.37007874015748143 ) ;
#3447 = VECTOR ( 'NONE', #9156, 39.37007874015748143 ) ;
#3448 = DIRECTION ( 'NONE',  ( 0.000000000000000000, 0.000000000000000000, -1.000000000000000000 ) ) ;
#3449 = CARTESIAN_POINT ( 'NONE',  ( -21.23442500000000166, -0.4299000000000038346, 2.512596398514597499E-15 ) ) ;
#3451 = ORIENTED_EDGE ( 'NONE', *, *, #569, .T. ) ;
#3450 = CIRCLE ( 'NONE', #12003, 0.1250000000000037192 ) ;
#3452 = ORIENTED_EDGE ( 'NONE', *, *, #7351, .T. ) ;
#3453 = ORIENTED_EDGE ( 'NONE', *, *, #13044, .F. ) ;
#3454 = EDGE_CURVE ( 'NONE', #9173, #5849, #6683, .T. ) ;
#3455 = DIRECTION ( 'NONE',  ( -0.000000000000000000, -0.000000000000000000, 1.000000000000000000 ) ) ;
#3456 = DIRECTION ( 'NONE',  ( -0.000000000000000000, -1.000000000000000000, -1.332348806898293597E-16 ) ) ;
#3457 = CARTESIAN_POINT ( 'NONE',  ( -21.29692500000000521, 0.7000000000000405898, 13.92187500000000178 ) ) ;
#3458 = VECTOR ( 'NONE', #11521, 39.37007874015748143 ) ;
#3459 = CARTESIAN_POINT ( 'NONE',  ( 21.57792500000000757, -0.5499999999999928280, 14.53100000000000058 ) ) ;
#3460 = CIRCLE ( 'NONE', #6464, 0.1250000000000015266 ) ;
#3461 = EDGE_CURVE ( 'NONE', #9719, #8383, #3687, .T. ) ;
#3462 = CARTESIAN_POINT ( 'NONE',  ( 32.28760000000001185, -0.5499999999999921618, -14.34399999999997810 ) ) ;
#3463 = EDGE_CURVE ( 'NONE', #1800, #5499, #12544, .T. ) ;
#3464 = DIRECTION ( 'NONE',  ( -1.000000000000000000, 0.000000000000000000, 0.000000000000000000 ) ) ;
#3465 = DIRECTION ( 'NONE',  ( -0.000000000000000000, -1.000000000000000000, -1.332348806898293597E-16 ) ) ;
#3466 = VERTEX_POINT ( 'NONE', #10671 ) ;
#3467 = VECTOR ( 'NONE', #4388, 39.37007874015748143 ) ;
#3468 = ADVANCED_FACE ( 'NONE', ( #6518 ), #3495, .F. ) ;
#3469 = ADVANCED_FACE ( 'NONE', ( #11533 ), #3293, .F. ) ;
#3470 = ORIENTED_EDGE ( 'NONE', *, *, #4528, .T. ) ;
#3471 = AXIS2_PLACEMENT_3D ( 'NONE', #2329, #2255, #5356 ) ;
#3472 = VERTEX_POINT ( 'NONE', #11465 ) ;
#3473 = CYLINDRICAL_SURFACE ( 'NONE', #10381, 0.03120000000000375251 ) ;
#3474 = EDGE_CURVE ( 'NONE', #1208, #5148, #8404, .T. ) ;
#3475 = LINE ( 'NONE', #119, #9964 ) ;
#3476 = CARTESIAN_POINT ( 'NONE',  ( 17.00582500000001218, -0.5499999999999931610, 14.53100000000000058 ) ) ;
#3477 = EDGE_CURVE ( 'NONE', #12988, #7210, #3429, .T. ) ;
#3478 = CARTESIAN_POINT ( 'NONE',  ( 21.95317499999999100, -0.4299000000000040012, 14.42187500000000178 ) ) ;
#3479 = LINE ( 'NONE', #7572, #8535 ) ;
#3480 = DIRECTION ( 'NONE',  ( 0.000000000000000000, 0.000000000000000000, -1.000000000000000000 ) ) ;
#3481 = DIRECTION ( 'NONE',  ( 0.000000000000000000, -1.000000000000000000, 0.000000000000000000 ) ) ;
#3482 = EDGE_LOOP ( 'NONE', ( #10442, #7840, #10880, #9318 ) ) ;
#3483 = VERTEX_POINT ( 'NONE', #4441 ) ;
#3484 = EDGE_CURVE ( 'NONE', #7365, #5646, #891, .T. ) ;
#3485 = EDGE_LOOP ( 'NONE', ( #258, #4632, #1415, #2362, #7918, #12117, #2545, #2809, #471, #3065, #11231, #12856 ) ) ;
#3486 = FACE_BOUND ( 'NONE', #6174, .T. ) ;
#3487 = AXIS2_PLACEMENT_3D ( 'NONE', #2191, #4282, #12582 ) ;
#3488 = AXIS2_PLACEMENT_3D ( 'NONE', #8313, #301, #8437 ) ;
#3489 = EDGE_LOOP ( 'NONE', ( #11066, #1634 ) ) ;
#3490 = CIRCLE ( 'NONE', #9922, 0.1565000000000003610 ) ;
#3491 = CYLINDRICAL_SURFACE ( 'NONE', #11243, 0.1565000000000003610 ) ;
#3492 = VERTEX_POINT ( 'NONE', #4511 ) ;
#3493 = DIRECTION ( 'NONE',  ( -0.000000000000000000, -1.000000000000000000, -1.332348806898293597E-16 ) ) ;
#3494 = VERTEX_POINT ( 'NONE', #5587 ) ;
#3495 = PLANE ( 'NONE',  #12459 ) ;
#3496 = DIRECTION ( 'NONE',  ( 0.000000000000000000, 0.000000000000000000, -1.000000000000000000 ) ) ;
#3497 = DIRECTION ( 'NONE',  ( 0.000000000000000000, 0.000000000000000000, -1.000000000000000000 ) ) ;
#3498 = DIRECTION ( 'NONE',  ( 1.000000000000000000, 0.000000000000000000, 0.000000000000000000 ) ) ;
#3499 = VERTEX_POINT ( 'NONE', #465 ) ;
#3500 = EDGE_CURVE ( 'NONE', #6970, #3027, #8831, .T. ) ;
#3501 = CIRCLE ( 'NONE', #8003, 0.1250000000000037192 ) ;
#3502 = ORIENTED_EDGE ( 'NONE', *, *, #2898, .T. ) ;
#3503 = EDGE_LOOP ( 'NONE', ( #1698, #3405, #5882, #8271 ) ) ;
#3504 = DIRECTION ( 'NONE',  ( 0.000000000000000000, 0.000000000000000000, -1.000000000000000000 ) ) ;
#3505 = EDGE_LOOP ( 'NONE', ( #7013, #13242, #12029, #10532 ) ) ;
#3506 = VECTOR ( 'NONE', #8194, 39.37007874015748143 ) ;
#3507 = CARTESIAN_POINT ( 'NONE',  ( 34.89030000000000342, -0.6954000000000019055, 14.78124999999999822 ) ) ;
#3508 = EDGE_CURVE ( 'NONE', #5023, #4153, #4571, .T. ) ;
#3509 = CARTESIAN_POINT ( 'NONE',  ( 32.28760000000001185, -0.7999999999999921618, -14.34399999999997810 ) ) ;
#3510 = DIRECTION ( 'NONE',  ( 1.240959386601371334E-16, -1.000000000000000000, -0.000000000000000000 ) ) ;
#3511 = EDGE_CURVE ( 'NONE', #943, #1949, #11598, .T. ) ;
#3512 = CARTESIAN_POINT ( 'NONE',  ( -35.13110000000000355, -0.7999999999999961586, -14.31249999999999467 ) ) ;
#3513 = LINE ( 'NONE', #547, #9294 ) ;
#3514 = CARTESIAN_POINT ( 'NONE',  ( 21.60942499999999455, 0.7000000000000405898, -14.42187500000001066 ) ) ;
#3515 = DIRECTION ( 'NONE',  ( -1.000000000000000000, 0.000000000000000000, 0.000000000000000000 ) ) ;
#3516 = ORIENTED_EDGE ( 'NONE', *, *, #12500, .T. ) ;
#3517 = VECTOR ( 'NONE', #12246, 39.37007874015748143 ) ;
#3518 = ORIENTED_EDGE ( 'NONE', *, *, #11984, .F. ) ;
#3519 = ADVANCED_FACE ( 'NONE', ( #12735 ), #7324, .F. ) ;
#3520 = VERTEX_POINT ( 'NONE', #9472 ) ;
#3521 = FACE_OUTER_BOUND ( 'NONE', #7298, .T. ) ;
#3522 = CARTESIAN_POINT ( 'NONE',  ( 3.906500000000002526, -0.5499999999999939382, 14.53100000000000058 ) ) ;
#3523 = CARTESIAN_POINT ( 'NONE',  ( -20.96537499999999810, -0.5895000000000039098, 14.79687500000000000 ) ) ;
#3524 = CARTESIAN_POINT ( 'NONE',  ( -35.23450000000000415, -0.7999999999999961586, -1.936550000000002880 ) ) ;
#3525 = CARTESIAN_POINT ( 'NONE',  ( 0.000000000000000000, 0.000000000000000000, 0.000000000000000000 ) ) ;
#3526 = DIRECTION ( 'NONE',  ( 1.240959386601371334E-16, -1.000000000000000000, -0.000000000000000000 ) ) ;
#3527 = VECTOR ( 'NONE', #1259, 39.37007874015748143 ) ;
#3528 = CARTESIAN_POINT ( 'NONE',  ( -36.02170000000000272, -0.6340999999999995529, 14.78124999999999822 ) ) ;
#3529 = AXIS2_PLACEMENT_3D ( 'NONE', #5217, #6285, #13244 ) ;
#3530 = LINE ( 'NONE', #1642, #2793 ) ;
#3531 = CIRCLE ( 'NONE', #2244, 0.2187500000000013323 ) ;
#3532 = EDGE_LOOP ( 'NONE', ( #6917, #3554, #12171, #3636 ) ) ;
#3533 = EDGE_CURVE ( 'NONE', #11551, #11953, #5454, .T. ) ;
#3534 = EDGE_CURVE ( 'NONE', #4641, #5974, #2406, .T. ) ;
#3535 = EDGE_CURVE ( 'NONE', #6526, #3428, #8786, .T. ) ;
#3536 = CIRCLE ( 'NONE', #6748, 0.1565000000000003610 ) ;
#3537 = EDGE_LOOP ( 'NONE', ( #2475, #12401 ) ) ;
#3538 = ORIENTED_EDGE ( 'NONE', *, *, #12527, .T. ) ;
#3539 = AXIS2_PLACEMENT_3D ( 'NONE', #2074, #6971, #1130 ) ;
#3540 = DIRECTION ( 'NONE',  ( 0.000000000000000000, 0.000000000000000000, -1.000000000000000000 ) ) ;
#3541 = LINE ( 'NONE', #8771, #11741 ) ;
#3542 = CARTESIAN_POINT ( 'NONE',  ( 18.59352500000000319, -0.6953999999999967985, 13.97959999999999603 ) ) ;
#3543 = CARTESIAN_POINT ( 'NONE',  ( 21.57792500000000757, -0.5499999999999928280, 14.34400000000000475 ) ) ;
#3544 = DIRECTION ( 'NONE',  ( 0.000000000000000000, 0.000000000000000000, -1.000000000000000000 ) ) ;
#3545 = DIRECTION ( 'NONE',  ( 0.000000000000000000, 0.000000000000000000, -1.000000000000000000 ) ) ;
#3546 = LINE ( 'NONE', #1331, #8977 ) ;
#3547 = VECTOR ( 'NONE', #11594, 39.37007874015748143 ) ;
#3548 = CIRCLE ( 'NONE', #13166, 0.2187500000000015821 ) ;
#3549 = DIRECTION ( 'NONE',  ( -1.000000000000000000, 0.000000000000000000, 0.000000000000000000 ) ) ;
#3550 = ORIENTED_EDGE ( 'NONE', *, *, #2241, .T. ) ;
#3551 = ORIENTED_EDGE ( 'NONE', *, *, #7860, .F. ) ;
#3552 = VECTOR ( 'NONE', #7834, 39.37007874015748143 ) ;
#3553 = EDGE_CURVE ( 'NONE', #1916, #5360, #4899, .T. ) ;
#3554 = ORIENTED_EDGE ( 'NONE', *, *, #3676, .T. ) ;
#3555 = LINE ( 'NONE', #10784, #3398 ) ;
#3556 = CIRCLE ( 'NONE', #11039, 0.1565000000000003610 ) ;
#3557 = ORIENTED_EDGE ( 'NONE', *, *, #10352, .T. ) ;
#3558 = LINE ( 'NONE', #9663, #328 ) ;
#3559 = ORIENTED_EDGE ( 'NONE', *, *, #8114, .F. ) ;
#3560 = EDGE_LOOP ( 'NONE', ( #11555, #12393, #3703, #1480 ) ) ;
#3561 = CARTESIAN_POINT ( 'NONE',  ( -22.12847500000001588, 0.3358499999999960961, 14.79687500000000000 ) ) ;
#3562 = ADVANCED_FACE ( 'NONE', ( #9857 ), #11854, .F. ) ;
#3563 = DIRECTION ( 'NONE',  ( 1.240959386601371334E-16, -1.000000000000000000, 0.000000000000000000 ) ) ;
#3564 = CARTESIAN_POINT ( 'NONE',  ( 26.40652500000000913, -0.7999999999999999334, 14.34400000000000119 ) ) ;
#3565 = VECTOR ( 'NONE', #9378, 39.37007874015748143 ) ;
#3566 = DIRECTION ( 'NONE',  ( -0.000000000000000000, -0.000000000000000000, -1.000000000000000000 ) ) ;
#3567 = CARTESIAN_POINT ( 'NONE',  ( 21.98442499999999455, 0.7000000000000407008, 2.527904483503939786E-15 ) ) ;
#3568 = ORIENTED_EDGE ( 'NONE', *, *, #6127, .T. ) ;
#3569 = AXIS2_PLACEMENT_3D ( 'NONE', #973, #1982, #8897 ) ;
#3570 = VERTEX_POINT ( 'NONE', #3561 ) ;
#3571 = EDGE_LOOP ( 'NONE', ( #10667, #1282, #11609, #9990 ) ) ;
#3572 = CARTESIAN_POINT ( 'NONE',  ( -35.23450000000000415, -0.5499999999999961586, 8.311550000000000438 ) ) ;
#3573 = VERTEX_POINT ( 'NONE', #2682 ) ;
#3574 = EDGE_CURVE ( 'NONE', #825, #6324, #12097, .T. ) ;
#3575 = AXIS2_PLACEMENT_3D ( 'NONE', #5873, #6737, #8887 ) ;
#3576 = CARTESIAN_POINT ( 'NONE',  ( -33.07086614173228156, 0.7000000000000011768, 3.543307086614173151 ) ) ;
#3577 = CARTESIAN_POINT ( 'NONE',  ( 11.25002500000000794, -0.7999999999999934941, 14.34400000000000652 ) ) ;
#3578 = CYLINDRICAL_SURFACE ( 'NONE', #12618, 0.1565000000000003610 ) ;
#3579 = DIRECTION ( 'NONE',  ( -1.000000000000000000, 0.000000000000000000, 0.000000000000000000 ) ) ;
#3580 = DIRECTION ( 'NONE',  ( 0.000000000000000000, -1.000000000000000000, -2.967464690054594744E-16 ) ) ;
#3581 = DIRECTION ( 'NONE',  ( 0.000000000000000000, -1.000000000000000000, 0.000000000000000000 ) ) ;
#3582 = LINE ( 'NONE', #7874, #2743 ) ;
#3583 = EDGE_CURVE ( 'NONE', #6104, #10981, #12801, .T. ) ;
#3584 = EDGE_CURVE ( 'NONE', #2981, #8560, #11992, .T. ) ;
#3585 = ORIENTED_EDGE ( 'NONE', *, *, #8701, .T. ) ;
#3586 = CIRCLE ( 'NONE', #5311, 0.1250000000000037192 ) ;
#3587 = AXIS2_PLACEMENT_3D ( 'NONE', #6356, #8568, #12576 ) ;
#3588 = EDGE_LOOP ( 'NONE', ( #1816, #4078 ) ) ;
#3589 = ORIENTED_EDGE ( 'NONE', *, *, #6937, .F. ) ;
#3590 = AXIS2_PLACEMENT_3D ( 'NONE', #4636, #11054, #2620 ) ;
#3591 = DIRECTION ( 'NONE',  ( 0.000000000000000000, 0.000000000000000000, -1.000000000000000000 ) ) ;
#3592 = CARTESIAN_POINT ( 'NONE',  ( -7.640925000000004630, -0.7999999999999946043, -14.34399999999999054 ) ) ;
#3593 = DIRECTION ( 'NONE',  ( 5.463695987328555033E-16, -1.000000000000000000, 0.000000000000000000 ) ) ;
#3594 = CARTESIAN_POINT ( 'NONE',  ( 35.88585000000000491, 0.5954000000000000403, 14.78124999999999822 ) ) ;
#3595 = AXIS2_PLACEMENT_3D ( 'NONE', #2879, #999, #3757 ) ;
#3596 = VECTOR ( 'NONE', #4327, 39.37007874015748143 ) ;
#3597 = DIRECTION ( 'NONE',  ( 0.000000000000000000, -1.000000000000000000, 0.000000000000000000 ) ) ;
#3598 = CARTESIAN_POINT ( 'NONE',  ( -26.40652500000000558, -0.6953999999999994630, -14.89539999999999687 ) ) ;
#3599 = CARTESIAN_POINT ( 'NONE',  ( -21.35942499999999811, -0.6207000000000038042, 12.43750000000000178 ) ) ;
#3600 = ORIENTED_EDGE ( 'NONE', *, *, #4471, .F. ) ;
#3601 = EDGE_CURVE ( 'NONE', #7682, #6816, #6905, .T. ) ;
#3602 = ADVANCED_FACE ( 'NONE', ( #3627 ), #1537, .F. ) ;
#3603 = AXIS2_PLACEMENT_3D ( 'NONE', #1065, #253, #9393 ) ;
#3604 = CIRCLE ( 'NONE', #13228, 0.1565000000000003610 ) ;
#3605 = VECTOR ( 'NONE', #1675, 39.37007874015748143 ) ;
#3606 = ORIENTED_EDGE ( 'NONE', *, *, #12232, .F. ) ;
#3607 = AXIS2_PLACEMENT_3D ( 'NONE', #2748, #4818, #10058 ) ;
#3608 = EDGE_LOOP ( 'NONE', ( #10309, #9568, #10480, #2227 ) ) ;
#3609 = DIRECTION ( 'NONE',  ( -0.000000000000000000, -0.000000000000000000, -1.000000000000000000 ) ) ;
#3610 = LINE ( 'NONE', #11577, #9406 ) ;
#3611 = LINE ( 'NONE', #5691, #12086 ) ;
#3612 = LINE ( 'NONE', #3543, #10827 ) ;
#3613 = DIRECTION ( 'NONE',  ( 0.000000000000000000, 0.000000000000000000, 1.000000000000000000 ) ) ;
#3614 = AXIS2_PLACEMENT_3D ( 'NONE', #10770, #575, #1389 ) ;
#3615 = FACE_BOUND ( 'NONE', #1466, .T. ) ;
#3616 = CARTESIAN_POINT ( 'NONE',  ( -18.59352500000000674, -0.5499999999999952704, 14.34399999999999942 ) ) ;
#3617 = DIRECTION ( 'NONE',  ( 1.000000000000000000, 4.161428847396411586E-15, -0.000000000000000000 ) ) ;
#3618 = ORIENTED_EDGE ( 'NONE', *, *, #12484, .F. ) ;
#3619 = AXIS2_PLACEMENT_3D ( 'NONE', #10819, #2842, #829 ) ;
#3620 = VERTEX_POINT ( 'NONE', #11792 ) ;
#3621 = ORIENTED_EDGE ( 'NONE', *, *, #4455, .T. ) ;
#3622 = FACE_BOUND ( 'NONE', #2776, .T. ) ;
#3623 = VERTEX_POINT ( 'NONE', #6643 ) ;
#3624 = LINE ( 'NONE', #8655, #1395 ) ;
#3625 = VERTEX_POINT ( 'NONE', #657 ) ;
#3626 = ORIENTED_EDGE ( 'NONE', *, *, #4300, .F. ) ;
#3627 = FACE_OUTER_BOUND ( 'NONE', #6606, .T. ) ;
#3628 = LINE ( 'NONE', #6707, #9367 ) ;
#3629 = CARTESIAN_POINT ( 'NONE',  ( -35.23450000000000415, -0.5499999999999961586, 8.436550000000002214 ) ) ;
#3630 = EDGE_CURVE ( 'NONE', #5424, #7927, #5264, .T. ) ;
#3631 = CARTESIAN_POINT ( 'NONE',  ( 18.75002500000000438, -0.7999999999999929390, -14.68749999999999112 ) ) ;
#3632 = CARTESIAN_POINT ( 'NONE',  ( -18.59352500000000319, -0.7999999999999952704, -14.34399999999999586 ) ) ;
#3633 = VERTEX_POINT ( 'NONE', #2618 ) ;
#3634 = EDGE_CURVE ( 'NONE', #7850, #12071, #6706, .T. ) ;
#3635 = ORIENTED_EDGE ( 'NONE', *, *, #6715, .T. ) ;
#3636 = ORIENTED_EDGE ( 'NONE', *, *, #6607, .F. ) ;
#3637 = CARTESIAN_POINT ( 'NONE',  ( 7.484425000000007877, -0.5499999999999936051, -14.68749999999998579 ) ) ;
#3638 = VERTEX_POINT ( 'NONE', #1604 ) ;
#3639 = EDGE_CURVE ( 'NONE', #3112, #10101, #7611, .T. ) ;
#3640 = ORIENTED_EDGE ( 'NONE', *, *, #8280, .T. ) ;
#3641 = DIRECTION ( 'NONE',  ( 0.000000000000000000, 1.000000000000000000, 0.000000000000000000 ) ) ;
#3642 = EDGE_CURVE ( 'NONE', #10106, #750, #9791, .T. ) ;
#3643 = DIRECTION ( 'NONE',  ( 0.000000000000000000, 0.000000000000000000, -1.000000000000000000 ) ) ;
#3644 = CARTESIAN_POINT ( 'NONE',  ( 17.00582500000000152, -0.6953999999999970205, -14.53099999999999348 ) ) ;
#3645 = DIRECTION ( 'NONE',  ( 0.000000000000000000, 0.000000000000000000, -1.000000000000000000 ) ) ;
#3646 = CARTESIAN_POINT ( 'NONE',  ( -35.91710000000000491, -0.6340999999999995529, 14.78124999999999822 ) ) ;
#3647 = DIRECTION ( 'NONE',  ( -1.000000000000000000, 0.000000000000000000, 0.000000000000000000 ) ) ;
#3648 = DIRECTION ( 'NONE',  ( 0.000000000000000000, 0.000000000000000000, -1.000000000000000000 ) ) ;
#3649 = EDGE_LOOP ( 'NONE', ( #8135, #9718, #1224, #12368, #9080 ) ) ;
#3650 = EDGE_LOOP ( 'NONE', ( #4911, #5300, #44, #5417 ) ) ;
#3651 = EDGE_CURVE ( 'NONE', #4520, #5785, #10855, .T. ) ;
#3652 = ADVANCED_FACE ( 'NONE', ( #5776 ), #4762, .F. ) ;
#3653 = ORIENTED_EDGE ( 'NONE', *, *, #8863, .T. ) ;
#3654 = VERTEX_POINT ( 'NONE', #9926 ) ;
#3655 = PLANE ( 'NONE',  #10043 ) ;
#3656 = DIRECTION ( 'NONE',  ( 1.000000000000000000, 0.000000000000000000, 0.000000000000000000 ) ) ;
#3657 = CARTESIAN_POINT ( 'NONE',  ( -21.35942499999999811, -0.6954000000000041259, 12.43750000000000178 ) ) ;
#3658 = CARTESIAN_POINT ( 'NONE',  ( -3.749999999999997780, -0.6953999999999982418, -14.53099999999998815 ) ) ;
#3659 = CARTESIAN_POINT ( 'NONE',  ( -36.02170000000000272, -0.8000000000000022649, 14.78124999999999822 ) ) ;
#3660 = CIRCLE ( 'NONE', #4533, 0.1565000000000003610 ) ;
#3661 = PLANE ( 'NONE',  #482 ) ;
#3662 = CARTESIAN_POINT ( 'NONE',  ( -18.75002500000000438, -0.7999999999999952704, -14.53099999999998992 ) ) ;
#3663 = VECTOR ( 'NONE', #9299, 39.37007874015748143 ) ;
#3664 = EDGE_LOOP ( 'NONE', ( #6432, #1758, #9578, #7790 ) ) ;
#3665 = EDGE_CURVE ( 'NONE', #10647, #9547, #4825, .T. ) ;
#3666 = AXIS2_PLACEMENT_3D ( 'NONE', #10986, #6976, #934 ) ;
#3667 = CIRCLE ( 'NONE', #660, 0.1250000000000015266 ) ;
#3668 = ORIENTED_EDGE ( 'NONE', *, *, #6446, .T. ) ;
#3669 = ORIENTED_EDGE ( 'NONE', *, *, #11553, .F. ) ;
#3670 = CARTESIAN_POINT ( 'NONE',  ( 22.17192499999999811, -0.6207000000000038042, -13.92187500000001066 ) ) ;
#3671 = DIRECTION ( 'NONE',  ( 0.000000000000000000, -1.000000000000000000, -2.967464690054594744E-16 ) ) ;
#3672 = CARTESIAN_POINT ( 'NONE',  ( -17.16232500000000982, -0.7999999999999951594, 14.34400000000000652 ) ) ;
#3673 = CARTESIAN_POINT ( 'NONE',  ( -33.63110000000000355, -0.7999999999999959366, 14.43750000000000178 ) ) ;
#3674 = COLOUR_RGB ( '',0.7529411764705882248, 0.7529411764705882248, 0.7529411764705882248 ) ;
#3675 = CARTESIAN_POINT ( 'NONE',  ( 32.13110000000001065, -0.6953999999999961323, -14.34399999999997810 ) ) ;
#3676 = EDGE_CURVE ( 'NONE', #11880, #4353, #3086, .T. ) ;
#3677 = CARTESIAN_POINT ( 'NONE',  ( -3.593499999999997474, -0.8000000000000000444, -14.53099999999998992 ) ) ;
#3678 = CARTESIAN_POINT ( 'NONE',  ( 26.25002500000000794, -0.7999999999999926059, 14.53099999999999703 ) ) ;
#3679 = DIRECTION ( 'NONE',  ( 1.240959386601371334E-16, -1.000000000000000000, 0.000000000000000000 ) ) ;
#3680 = ORIENTED_EDGE ( 'NONE', *, *, #569, .F. ) ;
#3681 = VERTEX_POINT ( 'NONE', #8047 ) ;
#3682 = AXIS2_PLACEMENT_3D ( 'NONE', #11017, #10031, #2784 ) ;
#3683 = ORIENTED_EDGE ( 'NONE', *, *, #5229, .F. ) ;
#3684 = LINE ( 'NONE', #12730, #8112 ) ;
#3685 = EDGE_CURVE ( 'NONE', #11246, #11797, #5236, .T. ) ;
#3686 = EDGE_LOOP ( 'NONE', ( #1950, #10664, #6497, #2639 ) ) ;
#3687 = CIRCLE ( 'NONE', #9899, 0.1565000000000003610 ) ;
#3688 = DIRECTION ( 'NONE',  ( -4.161428847396411586E-15, 1.000000000000000000, 0.000000000000000000 ) ) ;
#3689 = VERTEX_POINT ( 'NONE', #5032 ) ;
#3690 = ORIENTED_EDGE ( 'NONE', *, *, #1439, .F. ) ;
#3691 = DIRECTION ( 'NONE',  ( 0.000000000000000000, -1.000000000000000000, 0.000000000000000000 ) ) ;
#3692 = DIRECTION ( 'NONE',  ( -0.000000000000000000, -1.000000000000000000, -1.332348806898293597E-16 ) ) ;
#3693 = LINE ( 'NONE', #531, #1871 ) ;
#3694 = CARTESIAN_POINT ( 'NONE',  ( 18.75002500000000438, -0.6953999999999969095, -14.53099999999998992 ) ) ;
#3695 = CARTESIAN_POINT ( 'NONE',  ( -21.95317500000000877, -0.6207000000000038042, 14.42187500000000178 ) ) ;
#3696 = ORIENTED_EDGE ( 'NONE', *, *, #4182, .T. ) ;
#3697 = ADVANCED_FACE ( 'NONE', ( #11121 ), #11321, .F. ) ;
#3698 = ORIENTED_EDGE ( 'NONE', *, *, #6264, .F. ) ;
#3699 = EDGE_CURVE ( 'NONE', #4289, #6431, #2142, .T. ) ;
#3700 = VERTEX_POINT ( 'NONE', #12262 ) ;
#3701 = CARTESIAN_POINT ( 'NONE',  ( 35.93750000000000000, 0.6187500000000388800, 14.91875000000000107 ) ) ;
#3702 = ORIENTED_EDGE ( 'NONE', *, *, #7036, .T. ) ;
#3703 = ORIENTED_EDGE ( 'NONE', *, *, #8395, .T. ) ;
#3704 = CARTESIAN_POINT ( 'NONE',  ( -21.48442499999999811, -0.6954000000000041259, -12.43750000000001066 ) ) ;
#3705 = DIRECTION ( 'NONE',  ( -0.000000000000000000, -1.000000000000000000, -1.332348806898293597E-16 ) ) ;
#3706 = DIRECTION ( 'NONE',  ( 0.000000000000000000, 0.000000000000000000, -1.000000000000000000 ) ) ;
#3707 = DIRECTION ( 'NONE',  ( 0.000000000000000000, 0.000000000000000000, -1.000000000000000000 ) ) ;
#3708 = VECTOR ( 'NONE', #2522, 39.37007874015748143 ) ;
#3709 = CYLINDRICAL_SURFACE ( 'NONE', #4039, 0.1250000000000037192 ) ;
#3711 = AXIS2_PLACEMENT_3D ( 'NONE', #1738, #599, #12060 ) ;
#3710 = LINE ( 'NONE', #1757, #2102 ) ;
#3712 = ORIENTED_EDGE ( 'NONE', *, *, #11798, .F. ) ;
#3713 = EDGE_LOOP ( 'NONE', ( #13051, #9931, #5232, #2141 ) ) ;
#3714 = EDGE_CURVE ( 'NONE', #9563, #7210, #10397, .T. ) ;
#3715 = ADVANCED_FACE ( 'NONE', ( #4966, #4157 ), #9055, .T. ) ;
#3716 = ORIENTED_EDGE ( 'NONE', *, *, #13001, .T. ) ;
#3717 = VECTOR ( 'NONE', #6908, 39.37007874015748143 ) ;
#3718 = ORIENTED_EDGE ( 'NONE', *, *, #12628, .F. ) ;
#3719 = FACE_BOUND ( 'NONE', #4285, .T. ) ;
#3720 = CARTESIAN_POINT ( 'NONE',  ( 11.25002499999999905, -0.5499999999999934941, -14.53099999999999170 ) ) ;
#3721 = DIRECTION ( 'NONE',  ( 0.000000000000000000, 2.967464690054594744E-16, -1.000000000000000000 ) ) ;
#3722 = CARTESIAN_POINT ( 'NONE',  ( 33.63110000000001065, -0.5499999999999918288, -14.43749999999997335 ) ) ;
#3723 = CARTESIAN_POINT ( 'NONE',  ( 21.73442500000000877, -0.6953999999999967985, 14.34400000000000652 ) ) ;
#3724 = DIRECTION ( 'NONE',  ( 0.000000000000000000, 0.000000000000000000, -1.000000000000000000 ) ) ;
#3725 = ADVANCED_FACE ( 'NONE', ( #3886 ), #7105, .F. ) ;
#3726 = CARTESIAN_POINT ( 'NONE',  ( 21.60942499999999100, 0.7000000000000405898, 14.42187500000000178 ) ) ;
#3727 = CIRCLE ( 'NONE', #12501, 0.1250000000000015266 ) ;
#3728 = DIRECTION ( 'NONE',  ( 1.000000000000000000, 5.463695987328555033E-16, -7.065055611250994230E-15 ) ) ;
#3729 = VERTEX_POINT ( 'NONE', #1063 ) ;
#3730 = ORIENTED_EDGE ( 'NONE', *, *, #6857, .F. ) ;
#3731 = EDGE_LOOP ( 'NONE', ( #2566, #6571, #1238, #9191 ) ) ;
#3732 = ORIENTED_EDGE ( 'NONE', *, *, #2166, .F. ) ;
#3733 = CARTESIAN_POINT ( 'NONE',  ( 3.906500000000002526, -0.6953999999999976867, 13.97959999999999958 ) ) ;
#3734 = CARTESIAN_POINT ( 'NONE',  ( -21.35942499999999455, -0.4299000000000038346, -12.43750000000001066 ) ) ;
#3735 = EDGE_CURVE ( 'NONE', #12344, #684, #3018, .T. ) ;
#3736 = CARTESIAN_POINT ( 'NONE',  ( 11.25002500000000794, -0.5499999999999934941, 14.53100000000000058 ) ) ;
#3737 = CARTESIAN_POINT ( 'NONE',  ( -36.02170000000000272, -0.2096999999999985820, 5.749999999999996447 ) ) ;
#3738 = CARTESIAN_POINT ( 'NONE',  ( -18.90652500000000558, -0.6953999999999992410, -14.34399999999999586 ) ) ;
#3739 = FACE_BOUND ( 'NONE', #8656, .T. ) ;
#3740 = CARTESIAN_POINT ( 'NONE',  ( -17.16232500000000982, -0.7999999999999951594, 14.18750000000000533 ) ) ;
#3741 = CARTESIAN_POINT ( 'NONE',  ( 18.75002500000000438, -0.6953999999999969095, 14.34400000000000119 ) ) ;
#3742 = LINE ( 'NONE', #5024, #3012 ) ;
#3743 = ORIENTED_EDGE ( 'NONE', *, *, #6401, .T. ) ;
#3744 = AXIS2_PLACEMENT_3D ( 'NONE', #5803, #10821, #4931 ) ;
#3745 = EDGE_CURVE ( 'NONE', #1999, #9808, #9123, .T. ) ;
#3746 = AXIS2_PLACEMENT_3D ( 'NONE', #186, #4290, #12591 ) ;
#3747 = ORIENTED_EDGE ( 'NONE', *, *, #8993, .T. ) ;
#3748 = AXIS2_PLACEMENT_3D ( 'NONE', #2461, #7567, #8451 ) ;
#3749 = EDGE_LOOP ( 'NONE', ( #359, #5733 ) ) ;
#3750 = CARTESIAN_POINT ( 'NONE',  ( 35.93750000000000000, -0.8000000000000000444, 15.00000000000000000 ) ) ;
#3751 = ORIENTED_EDGE ( 'NONE', *, *, #4098, .T. ) ;
#3752 = DIRECTION ( 'NONE',  ( 0.000000000000000000, -1.000000000000000000, 0.000000000000000000 ) ) ;
#3753 = ORIENTED_EDGE ( 'NONE', *, *, #2211, .T. ) ;
#3754 = ORIENTED_EDGE ( 'NONE', *, *, #1746, .F. ) ;
#3755 = DIRECTION ( 'NONE',  ( 0.000000000000000000, 2.967464690054594744E-16, -1.000000000000000000 ) ) ;
#3756 = AXIS2_PLACEMENT_3D ( 'NONE', #8307, #5283, #3135 ) ;
#3757 = DIRECTION ( 'NONE',  ( 0.000000000000000000, 0.000000000000000000, -1.000000000000000000 ) ) ;
#3758 = DIRECTION ( 'NONE',  ( -0.000000000000000000, -0.000000000000000000, -1.000000000000000000 ) ) ;
#3759 = CARTESIAN_POINT ( 'NONE',  ( -7.327924999999998690, -0.6953999999999985748, 14.34400000000000830 ) ) ;
#3760 = DIRECTION ( 'NONE',  ( -0.000000000000000000, 0.000000000000000000, -1.000000000000000000 ) ) ;
#3761 = ORIENTED_EDGE ( 'NONE', *, *, #12987, .F. ) ;
#3762 = VECTOR ( 'NONE', #12522, 39.37007874015748143 ) ;
#3763 = AXIS2_PLACEMENT_3D ( 'NONE', #8484, #11612, #8742 ) ;
#3764 = EDGE_CURVE ( 'NONE', #11441, #5785, #13123, .T. ) ;
#3765 = ORIENTED_EDGE ( 'NONE', *, *, #5325, .F. ) ;
#3766 = VERTEX_POINT ( 'NONE', #7981 ) ;
#3767 = CARTESIAN_POINT ( 'NONE',  ( -21.54692500000000521, -0.6954000000000040149, 13.92187500000000178 ) ) ;
#3768 = ORIENTED_EDGE ( 'NONE', *, *, #8604, .F. ) ;
#3769 = CIRCLE ( 'NONE', #2911, 0.1250000000000015266 ) ;
#3770 = CARTESIAN_POINT ( 'NONE',  ( 35.13110000000001065, -0.7999999999999918288, -14.43749999999997335 ) ) ;
#3771 = ORIENTED_EDGE ( 'NONE', *, *, #13025, .F. ) ;
#3772 = CARTESIAN_POINT ( 'NONE',  ( -28.53760000000000829, -0.6953999999999997961, 14.34400000000000475 ) ) ;
#3773 = FACE_OUTER_BOUND ( 'NONE', #9208, .T. ) ;
#3774 = FACE_OUTER_BOUND ( 'NONE', #6572, .T. ) ;
#3775 = DIRECTION ( 'NONE',  ( 0.000000000000000000, 0.000000000000000000, -1.000000000000000000 ) ) ;
#3776 = LINE ( 'NONE', #5863, #4888 ) ;
#3777 = EDGE_LOOP ( 'NONE', ( #791, #1422, #2551, #13222 ) ) ;
#3778 = ORIENTED_EDGE ( 'NONE', *, *, #7160, .T. ) ;
#3779 = AXIS2_PLACEMENT_3D ( 'NONE', #3869, #8030, #7966 ) ;
#3780 = ORIENTED_EDGE ( 'NONE', *, *, #7303, .F. ) ;
#3781 = VECTOR ( 'NONE', #4582, 39.37007874015748143 ) ;
#3782 = ORIENTED_EDGE ( 'NONE', *, *, #10539, .T. ) ;
#3783 = CARTESIAN_POINT ( 'NONE',  ( 36.02170000000000272, 0.6999999999999995115, 14.78124999999999822 ) ) ;
#3784 = DIRECTION ( 'NONE',  ( -0.000000000000000000, -1.000000000000000000, -0.000000000000000000 ) ) ;
#3785 = DIRECTION ( 'NONE',  ( 0.000000000000000000, 0.000000000000000000, -1.000000000000000000 ) ) ;
#3786 = LINE ( 'NONE', #1638, #13200 ) ;
#3787 = CARTESIAN_POINT ( 'NONE',  ( 31.97460000000001301, -0.6953999999999961323, -14.34399999999997810 ) ) ;
#3788 = CARTESIAN_POINT ( 'NONE',  ( 33.63110000000001065, -0.7999999999999918288, -14.43749999999997335 ) ) ;
#3789 = VECTOR ( 'NONE', #4921, 39.37007874015748143 ) ;
#3790 = AXIS2_PLACEMENT_3D ( 'NONE', #7553, #11497, #11631 ) ;
#3791 = EDGE_CURVE ( 'NONE', #5928, #1406, #8119, .T. ) ;
#3792 = DIRECTION ( 'NONE',  ( -0.000000000000000000, -1.000000000000000000, -1.332348806898293597E-16 ) ) ;
#3793 = ORIENTED_EDGE ( 'NONE', *, *, #12461, .T. ) ;
#3794 = EDGE_CURVE ( 'NONE', #12762, #9466, #862, .T. ) ;
#3795 = ORIENTED_EDGE ( 'NONE', *, *, #11488, .T. ) ;
#3796 = VECTOR ( 'NONE', #10717, 39.37007874015748143 ) ;
#3797 = EDGE_CURVE ( 'NONE', #13024, #12300, #6540, .T. ) ;
#3798 = PLANE ( 'NONE',  #8917 ) ;
#3799 = EDGE_LOOP ( 'NONE', ( #3242, #7178 ) ) ;
#3800 = VECTOR ( 'NONE', #10983, 39.37007874015748143 ) ;
#3801 = VECTOR ( 'NONE', #1690, 39.37007874015748143 ) ;
#3802 = VERTEX_POINT ( 'NONE', #2006 ) ;
#3803 = CARTESIAN_POINT ( 'NONE',  ( -20.96537499999999810, 0.4608499999999960961, -14.67187499999999822 ) ) ;
#3804 = CYLINDRICAL_SURFACE ( 'NONE', #9952, 0.1250000000000037192 ) ;
#3805 = DIRECTION ( 'NONE',  ( 0.000000000000000000, 0.000000000000000000, 1.000000000000000000 ) ) ;
#3806 = CARTESIAN_POINT ( 'NONE',  ( 36.02170047244094775, -0.2096999999999985820, -5.875000000000000000 ) ) ;
#3807 = CARTESIAN_POINT ( 'NONE',  ( 11.40652500000000025, -0.5499999999999934941, -14.53099999999999348 ) ) ;
#3808 = DIRECTION ( 'NONE',  ( 0.000000000000000000, 0.000000000000000000, -1.000000000000000000 ) ) ;
#3809 = DIRECTION ( 'NONE',  ( 0.000000000000000000, -1.000000000000000000, -2.967464690054594744E-16 ) ) ;
#3810 = CARTESIAN_POINT ( 'NONE',  ( 32.13110000000000355, -0.5499999999999921618, 14.34400000000000652 ) ) ;
#3811 = AXIS2_PLACEMENT_3D ( 'NONE', #7171, #11871, #2632 ) ;
#3812 = VERTEX_POINT ( 'NONE', #3152 ) ;
#3813 = AXIS2_PLACEMENT_3D ( 'NONE', #5089, #11238, #2376 ) ;
#3815 = ORIENTED_EDGE ( 'NONE', *, *, #13142, .F. ) ;
#3814 = VECTOR ( 'NONE', #6858, 39.37007874015748143 ) ;
#3816 = EDGE_CURVE ( 'NONE', #4369, #4274, #5978, .T. ) ;
#3817 = VECTOR ( 'NONE', #11920, 39.37007874015748143 ) ;
#3818 = VERTEX_POINT ( 'NONE', #7042 ) ;
#3819 = LINE ( 'NONE', #13184, #7680 ) ;
#3820 = VERTEX_POINT ( 'NONE', #6106 ) ;
#3821 = LINE ( 'NONE', #525, #9756 ) ;
#3822 = ORIENTED_EDGE ( 'NONE', *, *, #9629, .T. ) ;
#3823 = AXIS2_PLACEMENT_3D ( 'NONE', #10876, #1693, #10015 ) ;
#3824 = EDGE_LOOP ( 'NONE', ( #6017, #6467 ) ) ;
#3825 = DIRECTION ( 'NONE',  ( -0.000000000000000000, -2.967464690054594744E-16, 1.000000000000000000 ) ) ;
#3826 = ADVANCED_FACE ( 'NONE', ( #10197 ), #50, .F. ) ;
#3827 = CARTESIAN_POINT ( 'NONE',  ( 22.10942500000000166, -0.6954000000000041259, 12.43750000000000178 ) ) ;
#3828 =( CONVERSION_BASED_UNIT ( 'INCH', #12865 ) LENGTH_UNIT ( ) NAMED_UNIT ( #5153 ) );
#3829 = VECTOR ( 'NONE', #9019, 39.37007874015748143 ) ;
#3830 = CARTESIAN_POINT ( 'NONE',  ( 22.10942499999999455, -0.6954000000000041259, 2.512596398514597499E-15 ) ) ;
#3831 = LINE ( 'NONE', #8927, #2643 ) ;
#3832 = ORIENTED_EDGE ( 'NONE', *, *, #10308, .T. ) ;
#3833 = AXIS2_PLACEMENT_3D ( 'NONE', #8106, #4144, #10116 ) ;
#3834 = ORIENTED_EDGE ( 'NONE', *, *, #12922, .F. ) ;
#3835 = VERTEX_POINT ( 'NONE', #8256 ) ;
#3836 = DIRECTION ( 'NONE',  ( 0.000000000000000000, 0.000000000000000000, -1.000000000000000000 ) ) ;
#3837 = ORIENTED_EDGE ( 'NONE', *, *, #835, .T. ) ;
#3838 = DIRECTION ( 'NONE',  ( 0.000000000000000000, 0.000000000000000000, -1.000000000000000000 ) ) ;
#3839 = ORIENTED_EDGE ( 'NONE', *, *, #11758, .T. ) ;
#3840 = CARTESIAN_POINT ( 'NONE',  ( 21.37157499999998933, -0.6207000000000035822, -14.79687500000000000 ) ) ;
#3841 = CIRCLE ( 'NONE', #7913, 0.1565000000000003610 ) ;
#3842 = LINE ( 'NONE', #5055, #2103 ) ;
#3843 = DIRECTION ( 'NONE',  ( 0.000000000000000000, 0.000000000000000000, -1.000000000000000000 ) ) ;
#3844 = DIRECTION ( 'NONE',  ( 0.000000000000000000, -1.000000000000000000, -1.332348806898293597E-16 ) ) ;
#3845 = EDGE_CURVE ( 'NONE', #9984, #9677, #3475, .T. ) ;
#3846 = CARTESIAN_POINT ( 'NONE',  ( 11.09352499999999964, -0.7999999999999934941, -14.53099999999999348 ) ) ;
#3847 = EDGE_LOOP ( 'NONE', ( #2705, #5534, #4596, #4768 ) ) ;
#3848 = ORIENTED_EDGE ( 'NONE', *, *, #5921, .F. ) ;
#3849 = VERTEX_POINT ( 'NONE', #7437 ) ;
#3850 = ORIENTED_EDGE ( 'NONE', *, *, #12484, .T. ) ;
#3851 = CARTESIAN_POINT ( 'NONE',  ( -21.73442500000000521, -0.4299000000000040012, -14.42187500000001066 ) ) ;
#3852 = DIRECTION ( 'NONE',  ( 1.000000000000000000, 5.396917480816740633E-16, 0.000000000000000000 ) ) ;
#3853 = DIRECTION ( 'NONE',  ( 0.000000000000000000, -1.000000000000000000, -2.967464690054594744E-16 ) ) ;
#3854 = DIRECTION ( 'NONE',  ( 0.000000000000000000, 0.000000000000000000, 1.000000000000000000 ) ) ;
#3855 = CARTESIAN_POINT ( 'NONE',  ( -33.63110000000000355, -0.6953999999999999071, 14.43750000000000178 ) ) ;
#3856 = PLANE ( 'NONE',  #8227 ) ;
#3858 = CIRCLE ( 'NONE', #8790, 0.03125000000000147798 ) ;
#3857 = CYLINDRICAL_SURFACE ( 'NONE', #7952, 0.1565000000000003610 ) ;
#3859 = ORIENTED_EDGE ( 'NONE', *, *, #13163, .F. ) ;
#3860 = EDGE_CURVE ( 'NONE', #135, #8414, #11011, .T. ) ;
#3861 = EDGE_LOOP ( 'NONE', ( #4283, #2491, #2087, #1620, #2194, #10499, #1323, #4773 ) ) ;
#3862 = CARTESIAN_POINT ( 'NONE',  ( -3.750000000000002220, -0.7999999999999943823, 14.34400000000000652 ) ) ;
#3863 = VERTEX_POINT ( 'NONE', #9519 ) ;
#3864 = EDGE_CURVE ( 'NONE', #6649, #13018, #12521, .T. ) ;
#3865 = VERTEX_POINT ( 'NONE', #387 ) ;
#3866 = DIRECTION ( 'NONE',  ( 0.000000000000000000, 0.000000000000000000, -1.000000000000000000 ) ) ;
#3867 = CARTESIAN_POINT ( 'NONE',  ( 7.640925000000008183, -0.6953999999999974646, -14.89539999999999154 ) ) ;
#3868 = DIRECTION ( 'NONE',  ( -0.000000000000000000, -0.000000000000000000, -1.000000000000000000 ) ) ;
#3869 = CARTESIAN_POINT ( 'NONE',  ( -11.25002500000000794, -0.7999999999999948264, 14.34400000000000652 ) ) ;
#3870 = DIRECTION ( 'NONE',  ( 0.000000000000000000, -1.000000000000000000, 0.000000000000000000 ) ) ;
#3871 = CIRCLE ( 'NONE', #5390, 0.2499999999999986955 ) ;
#3872 = CARTESIAN_POINT ( 'NONE',  ( -35.93750000000000000, 0.5641500000000000403, -14.89540000000000042 ) ) ;
#3873 = DIRECTION ( 'NONE',  ( 1.000000000000000000, 0.000000000000000000, 0.000000000000000000 ) ) ;
#3874 = CARTESIAN_POINT ( 'NONE',  ( 32.28760000000001185, -0.6953999999999961323, -14.53099999999997394 ) ) ;
#3875 = ORIENTED_EDGE ( 'NONE', *, *, #2356, .T. ) ;
#3876 = ORIENTED_EDGE ( 'NONE', *, *, #10440, .F. ) ;
#3877 = AXIS2_PLACEMENT_3D ( 'NONE', #10363, #88, #4197 ) ;
#3878 = ADVANCED_FACE ( 'NONE', ( #251 ), #4494, .F. ) ;
#3879 = EDGE_CURVE ( 'NONE', #4925, #3113, #9541, .T. ) ;
#3880 = FACE_BOUND ( 'NONE', #10942, .T. ) ;
#3881 = EDGE_CURVE ( 'NONE', #75, #7597, #11578, .T. ) ;
#3882 = EDGE_LOOP ( 'NONE', ( #8991, #11062 ) ) ;
#3883 = LINE ( 'NONE', #6902, #8895 ) ;
#3884 = VERTEX_POINT ( 'NONE', #11645 ) ;
#3885 = ORIENTED_EDGE ( 'NONE', *, *, #373, .T. ) ;
#3886 = FACE_OUTER_BOUND ( 'NONE', #11265, .T. ) ;
#3887 = LINE ( 'NONE', #4900, #11263 ) ;
#3888 = AXIS2_PLACEMENT_3D ( 'NONE', #10778, #8844, #12916 ) ;
#3889 = CARTESIAN_POINT ( 'NONE',  ( 26.09352500000000674, -0.6953999999999964654, -14.53099999999999170 ) ) ;
#3890 = CARTESIAN_POINT ( 'NONE',  ( 35.93750000000000000, -0.7999999999999999334, 13.97480000000000011 ) ) ;
#3891 = EDGE_CURVE ( 'NONE', #602, #7535, #9327, .T. ) ;
#3892 = CARTESIAN_POINT ( 'NONE',  ( -3.749999999999997780, -0.5499999999999943823, -14.53099999999998815 ) ) ;
#3893 = CYLINDRICAL_SURFACE ( 'NONE', #709, 0.1250000000000029143 ) ;
#3894 = ORIENTED_EDGE ( 'NONE', *, *, #3797, .T. ) ;
#3895 = EDGE_CURVE ( 'NONE', #8303, #3654, #9391, .T. ) ;
#3896 = AXIS2_PLACEMENT_3D ( 'NONE', #9423, #11543, #6657 ) ;
#3897 = ORIENTED_EDGE ( 'NONE', *, *, #6230, .T. ) ;
#3898 = ORIENTED_EDGE ( 'NONE', *, *, #7353, .F. ) ;
#3899 = DIRECTION ( 'NONE',  ( 1.000000000000000000, -0.000000000000000000, 0.000000000000000000 ) ) ;
#3900 = ORIENTED_EDGE ( 'NONE', *, *, #5786, .F. ) ;
#3901 = AXIS2_PLACEMENT_3D ( 'NONE', #3659, #12833, #4542 ) ;
#3902 = LINE ( 'NONE', #11068, #11571 ) ;
#3903 = ORIENTED_EDGE ( 'NONE', *, *, #1055, .F. ) ;
#3904 = DIRECTION ( 'NONE',  ( -1.000000000000000000, -0.000000000000000000, -0.000000000000000000 ) ) ;
#3905 = EDGE_CURVE ( 'NONE', #11852, #12173, #11237, .T. ) ;
#3906 = CARTESIAN_POINT ( 'NONE',  ( 28.22460000000000946, -0.5499999999999923839, -14.34399999999999942 ) ) ;
#3907 = DIRECTION ( 'NONE',  ( 1.000000000000000000, -0.000000000000000000, 0.000000000000000000 ) ) ;
#3908 = DIRECTION ( 'NONE',  ( 0.000000000000000000, 0.000000000000000000, -1.000000000000000000 ) ) ;
#3909 = DIRECTION ( 'NONE',  ( 0.000000000000000000, 2.967464690054594744E-16, -1.000000000000000000 ) ) ;
#3910 = ORIENTED_EDGE ( 'NONE', *, *, #7160, .F. ) ;
#3911 = VECTOR ( 'NONE', #3937, 39.37007874015748143 ) ;
#3912 = VERTEX_POINT ( 'NONE', #12524 ) ;
#3913 = EDGE_LOOP ( 'NONE', ( #3839, #1887, #2642, #3898 ) ) ;
#3914 = ADVANCED_FACE ( 'NONE', ( #3412 ), #3274, .F. ) ;
#3915 = EDGE_LOOP ( 'NONE', ( #5410, #6481, #12134, #11868, #4717, #8939, #177, #8931, #9249, #1752, #7431, #7614 ) ) ;
#3916 = CIRCLE ( 'NONE', #11197, 0.1250000000000037192 ) ;
#3917 = DIRECTION ( 'NONE',  ( 1.000000000000000000, 0.000000000000000000, -0.000000000000000000 ) ) ;
#3918 = DIRECTION ( 'NONE',  ( 1.240959386601371334E-16, -1.000000000000000000, 0.000000000000000000 ) ) ;
#3919 = DIRECTION ( 'NONE',  ( 0.000000000000000000, 0.000000000000000000, -1.000000000000000000 ) ) ;
#3920 = DIRECTION ( 'NONE',  ( 0.000000000000000000, 0.000000000000000000, -1.000000000000000000 ) ) ;
#3921 = LINE ( 'NONE', #10096, #6478 ) ;
#3922 = LINE ( 'NONE', #12095, #4146 ) ;
#3923 = DIRECTION ( 'NONE',  ( 1.240959386601371334E-16, -1.000000000000000000, -0.000000000000000000 ) ) ;
#3924 = ORIENTED_EDGE ( 'NONE', *, *, #5461, .T. ) ;
#3925 = EDGE_CURVE ( 'NONE', #7257, #7253, #6954, .T. ) ;
#3926 = AXIS2_PLACEMENT_3D ( 'NONE', #12363, #6215, #1101 ) ;
#3927 = VECTOR ( 'NONE', #2700, 39.37007874015748143 ) ;
#3928 = ORIENTED_EDGE ( 'NONE', *, *, #11063, .T. ) ;
#3929 = CARTESIAN_POINT ( 'NONE',  ( -21.79692499999999811, -0.6954000000000040149, -13.92187500000001066 ) ) ;
#3930 = ORIENTED_EDGE ( 'NONE', *, *, #3764, .F. ) ;
#3931 = ORIENTED_EDGE ( 'NONE', *, *, #3304, .T. ) ;
#3932 = LINE ( 'NONE', #9103, #5475 ) ;
#3933 = CARTESIAN_POINT ( 'NONE',  ( 17.31882500000001102, -0.7999999999999999334, 14.34400000000000652 ) ) ;
#3934 = CARTESIAN_POINT ( 'NONE',  ( -18.59352500000000319, -0.8000000000000000444, -14.53099999999999170 ) ) ;
#3935 = VECTOR ( 'NONE', #8304, 39.37007874015748143 ) ;
#3936 = CARTESIAN_POINT ( 'NONE',  ( -35.23450000000000415, -0.7999999999999961586, -1.686549999999997107 ) ) ;
#3937 = DIRECTION ( 'NONE',  ( -0.000000000000000000, -1.000000000000000000, -1.332348806898293597E-16 ) ) ;
#3938 = CYLINDRICAL_SURFACE ( 'NONE', #12799, 0.1565000000000003610 ) ;
#3939 = EDGE_CURVE ( 'NONE', #10382, #3244, #8581, .T. ) ;
#3941 = ADVANCED_FACE ( 'NONE', ( #7306 ), #1457, .F. ) ;
#3940 = DIRECTION ( 'NONE',  ( -1.000000000000000000, 0.000000000000000000, 0.000000000000000000 ) ) ;
#3942 = ORIENTED_EDGE ( 'NONE', *, *, #2837, .F. ) ;
#3943 = CARTESIAN_POINT ( 'NONE',  ( -17.16232500000000982, -0.6953999999999991299, 14.34400000000000652 ) ) ;
#3944 = ORIENTED_EDGE ( 'NONE', *, *, #12431, .T. ) ;
#3945 = EDGE_CURVE ( 'NONE', #13149, #9305, #6302, .T. ) ;
#3946 = EDGE_CURVE ( 'NONE', #3818, #12354, #11514, .T. ) ;
#3947 = VERTEX_POINT ( 'NONE', #1194 ) ;
#3948 = CARTESIAN_POINT ( 'NONE',  ( -28.53760000000000474, -0.7999999999999958256, -14.34399999999999942 ) ) ;
#3949 = EDGE_LOOP ( 'NONE', ( #6841, #9614, #12436, #5686 ) ) ;
#3950 = CARTESIAN_POINT ( 'NONE',  ( 35.23450000000000415, -0.5499999999999918288, -1.811549999999973792 ) ) ;
#3951 = VERTEX_POINT ( 'NONE', #4292 ) ;
#3952 = EDGE_LOOP ( 'NONE', ( #540, #5735, #5364, #2240 ) ) ;
#3953 = CARTESIAN_POINT ( 'NONE',  ( 18.59352500000000319, -0.5499999999999929390, 14.34399999999999942 ) ) ;
#3954 = DIRECTION ( 'NONE',  ( 1.000000000000000000, 0.000000000000000000, 0.000000000000000000 ) ) ;
#3955 = DIRECTION ( 'NONE',  ( 0.000000000000000000, 0.000000000000000000, 1.000000000000000000 ) ) ;
#3956 = DIRECTION ( 'NONE',  ( 0.000000000000000000, 0.000000000000000000, -1.000000000000000000 ) ) ;
#3957 = CARTESIAN_POINT ( 'NONE',  ( 21.34037499999998744, -0.5895000000000039098, 14.79687500000000000 ) ) ;
#3958 = VECTOR ( 'NONE', #2662, 39.37007874015748143 ) ;
#3959 = DIRECTION ( 'NONE',  ( 0.000000000000000000, 0.000000000000000000, -1.000000000000000000 ) ) ;
#3960 = DIRECTION ( 'NONE',  ( 0.000000000000000000, 0.000000000000000000, -1.000000000000000000 ) ) ;
#3961 = VERTEX_POINT ( 'NONE', #8387 ) ;
#3962 = ADVANCED_FACE ( 'NONE', ( #12456 ), #7371, .F. ) ;
#3963 = EDGE_CURVE ( 'NONE', #10467, #7186, #895, .T. ) ;
#3964 = CIRCLE ( 'NONE', #9108, 0.1250000000000029143 ) ;
#3965 = ADVANCED_FACE ( 'NONE', ( #12911 ), #12162, .T. ) ;
#3966 = ORIENTED_EDGE ( 'NONE', *, *, #9648, .F. ) ;
#3967 = VECTOR ( 'NONE', #8885, 39.37007874015748143 ) ;
#3968 = EDGE_CURVE ( 'NONE', #8043, #2723, #7394, .T. ) ;
#3969 = ORIENTED_EDGE ( 'NONE', *, *, #8767, .F. ) ;
#3970 = CARTESIAN_POINT ( 'NONE',  ( 3.750000000000002220, -0.6953999999999979087, 14.53100000000000058 ) ) ;
#3971 = ORIENTED_EDGE ( 'NONE', *, *, #5363, .F. ) ;
#3972 = DIRECTION ( 'NONE',  ( 0.000000000000000000, 1.000000000000000000, 0.000000000000000000 ) ) ;
#3973 = ORIENTED_EDGE ( 'NONE', *, *, #7898, .F. ) ;
#3974 = FACE_BOUND ( 'NONE', #4020, .T. ) ;
#3975 = AXIS2_PLACEMENT_3D ( 'NONE', #6772, #2754, #5710 ) ;
#3976 = CARTESIAN_POINT ( 'NONE',  ( -35.91709999999999781, -0.2096999999999985820, 13.74999999999999645 ) ) ;
#3977 = DIRECTION ( 'NONE',  ( 0.000000000000000000, 0.000000000000000000, -1.000000000000000000 ) ) ;
#3978 = DIRECTION ( 'NONE',  ( -0.000000000000000000, -1.000000000000000000, -1.332348806898293597E-16 ) ) ;
#3979 = EDGE_LOOP ( 'NONE', ( #2928, #6623, #3299, #9480 ) ) ;
#3980 = VECTOR ( 'NONE', #1405, 39.37007874015748143 ) ;
#3981 = VERTEX_POINT ( 'NONE', #3737 ) ;
#3982 = EDGE_CURVE ( 'NONE', #8021, #4103, #5477, .T. ) ;
#3983 = ORIENTED_EDGE ( 'NONE', *, *, #5565, .T. ) ;
#3984 = ORIENTED_EDGE ( 'NONE', *, *, #1963, .T. ) ;
#3985 = DIRECTION ( 'NONE',  ( 1.000000000000000000, 0.000000000000000000, 0.000000000000000000 ) ) ;
#3986 = DIRECTION ( 'NONE',  ( 0.000000000000000000, 0.000000000000000000, -1.000000000000000000 ) ) ;
#3987 = DIRECTION ( 'NONE',  ( 1.000000000000000000, 5.337610695313202081E-16, 0.000000000000000000 ) ) ;
#3988 = CARTESIAN_POINT ( 'NONE',  ( -32.13110000000000355, -0.6954000000000000181, 14.18750000000000533 ) ) ;
#3989 = CARTESIAN_POINT ( 'NONE',  ( -18.90652500000000913, -0.7999999999999952704, 14.53099999999999703 ) ) ;
#3990 = EDGE_CURVE ( 'NONE', #7186, #2675, #3611, .T. ) ;
#3991 = ADVANCED_FACE ( 'NONE', ( #1908 ), #12844, .F. ) ;
#3992 = DIRECTION ( 'NONE',  ( 1.240959386601371334E-16, -1.000000000000000000, 0.000000000000000000 ) ) ;
#3993 = CARTESIAN_POINT ( 'NONE',  ( 21.26567499999998745, 0.3358499999999960961, 14.79687500000000000 ) ) ;
#3994 = AXIS2_PLACEMENT_3D ( 'NONE', #5761, #640, #9775 ) ;
#3995 = DIRECTION ( 'NONE',  ( -0.000000000000000000, -1.000000000000000000, -1.332348806898293597E-16 ) ) ;
#3996 = ORIENTED_EDGE ( 'NONE', *, *, #4651, .F. ) ;
#3997 = AXIS2_PLACEMENT_3D ( 'NONE', #7534, #12684, #2498 ) ;
#3998 = ORIENTED_EDGE ( 'NONE', *, *, #4949, .T. ) ;
#3999 = CARTESIAN_POINT ( 'NONE',  ( -28.38110000000000355, -0.6953999999999997961, -14.53099999999999348 ) ) ;
#4000 = ORIENTED_EDGE ( 'NONE', *, *, #2982, .F. ) ;
#4001 = VERTEX_POINT ( 'NONE', #3989 ) ;
#4002 = DIRECTION ( 'NONE',  ( 0.000000000000000000, 0.000000000000000000, 1.000000000000000000 ) ) ;
#4003 = DIRECTION ( 'NONE',  ( 0.000000000000000000, 0.000000000000000000, -1.000000000000000000 ) ) ;
#4004 = DIRECTION ( 'NONE',  ( -0.000000000000000000, -0.000000000000000000, -1.000000000000000000 ) ) ;
#4005 = DIRECTION ( 'NONE',  ( -0.000000000000000000, -1.000000000000000000, -1.332348806898293597E-16 ) ) ;
#4006 = LINE ( 'NONE', #5822, #4133 ) ;
#4007 = PLANE ( 'NONE',  #1883 ) ;
#4008 = CARTESIAN_POINT ( 'NONE',  ( -35.13110000000000355, -0.6954000000000000181, -14.43749999999999822 ) ) ;
#4009 = VERTEX_POINT ( 'NONE', #7833 ) ;
#4010 = ADVANCED_FACE ( 'NONE', ( #13157 ), #9774, .F. ) ;
#4011 = CARTESIAN_POINT ( 'NONE',  ( 17.16232500000000272, -0.5499999999999931610, -14.53099999999999170 ) ) ;
#4012 = UNCERTAINTY_MEASURE_WITH_UNIT (LENGTH_MEASURE( 1.000000000000000082E-05 ), #10837, 'distance_accuracy_value', 'NONE');
#4013 = ORIENTED_EDGE ( 'NONE', *, *, #5196, .T. ) ;
#4014 = VECTOR ( 'NONE', #3298, 39.37007874015748143 ) ;
#4015 = AXIS2_PLACEMENT_3D ( 'NONE', #1162, #9488, #8419 ) ;
#4016 = DIRECTION ( 'NONE',  ( -0.000000000000000000, -1.000000000000000000, -1.332348806898293597E-16 ) ) ;
#4017 = ORIENTED_EDGE ( 'NONE', *, *, #2724, .F. ) ;
#4018 = CARTESIAN_POINT ( 'NONE',  ( 33.07086614173226025, 0.7000000000000371481, -3.543307086614400525 ) ) ;
#4019 = ORIENTED_EDGE ( 'NONE', *, *, #6957, .F. ) ;
#4020 = EDGE_LOOP ( 'NONE', ( #824, #7062, #4656, #59, #12217 ) ) ;
#4021 = DIRECTION ( 'NONE',  ( -1.240959386601361473E-16, 1.000000000000000000, 0.000000000000000000 ) ) ;
#4022 = DIRECTION ( 'NONE',  ( -0.000000000000000000, -2.967464690054594744E-16, 1.000000000000000000 ) ) ;
#4023 = LINE ( 'NONE', #10805, #1881 ) ;
#4024 = AXIS2_PLACEMENT_3D ( 'NONE', #11382, #11581, #8258 ) ;
#4025 = DIRECTION ( 'NONE',  ( -1.000000000000000000, 0.000000000000000000, 0.000000000000000000 ) ) ;
#4026 = CARTESIAN_POINT ( 'NONE',  ( 35.93750000000000000, 0.5641500000000337911, -14.86415000000000219 ) ) ;
#4027 = AXIS2_PLACEMENT_3D ( 'NONE', #12197, #865, #11993 ) ;
#4028 = CARTESIAN_POINT ( 'NONE',  ( 21.37157499999998933, -0.5895000000000039098, 14.79687500000000000 ) ) ;
#4029 = DIRECTION ( 'NONE',  ( -0.000000000000000000, -1.000000000000000000, -1.332348806898293597E-16 ) ) ;
#4030 = ORIENTED_EDGE ( 'NONE', *, *, #7546, .T. ) ;
#4031 = ORIENTED_EDGE ( 'NONE', *, *, #3461, .F. ) ;
#4032 = AXIS2_PLACEMENT_3D ( 'NONE', #12111, #12982, #3808 ) ;
#4033 = ORIENTED_EDGE ( 'NONE', *, *, #10476, .T. ) ;
#4034 = CARTESIAN_POINT ( 'NONE',  ( 26.40652500000000913, -0.5499999999999926059, -14.53099999999999170 ) ) ;
#4035 = ORIENTED_EDGE ( 'NONE', *, *, #1055, .T. ) ;
#4036 = DIRECTION ( 'NONE',  ( 0.000000000000000000, -1.000000000000000000, -1.332348806898293597E-16 ) ) ;
#4037 = ORIENTED_EDGE ( 'NONE', *, *, #7828, .F. ) ;
#4038 = DIRECTION ( 'NONE',  ( 0.000000000000000000, 0.000000000000000000, -1.000000000000000000 ) ) ;
#4040 = EDGE_CURVE ( 'NONE', #12300, #13024, #1387, .T. ) ;
#4039 = AXIS2_PLACEMENT_3D ( 'NONE', #2834, #1692, #7802 ) ;
#4041 = DIRECTION ( 'NONE',  ( -1.000000000000000000, 0.000000000000000000, 0.000000000000000000 ) ) ;
#4042 = FACE_BOUND ( 'NONE', #13118, .T. ) ;
#4044 = AXIS2_PLACEMENT_3D ( 'NONE', #9980, #782, #1590 ) ;
#4043 = LINE ( 'NONE', #822, #6796 ) ;
#4045 = VERTEX_POINT ( 'NONE', #7767 ) ;
#4046 = ORIENTED_EDGE ( 'NONE', *, *, #988, .T. ) ;
#4047 = ORIENTED_EDGE ( 'NONE', *, *, #699, .T. ) ;
#4048 = EDGE_CURVE ( 'NONE', #3654, #7029, #1597, .T. ) ;
#4049 = ORIENTED_EDGE ( 'NONE', *, *, #4732, .F. ) ;
#4050 = DIRECTION ( 'NONE',  ( 1.000000000000000000, -0.000000000000000000, -0.000000000000000000 ) ) ;
#4051 = EDGE_CURVE ( 'NONE', #10933, #11790, #2673, .T. ) ;
#4052 = CARTESIAN_POINT ( 'NONE',  ( 18.59352500000000319, -0.5499999999999929390, 14.53099999999999703 ) ) ;
#4053 = DIRECTION ( 'NONE',  ( 0.000000000000000000, 0.000000000000000000, 1.000000000000000000 ) ) ;
#4054 = DIRECTION ( 'NONE',  ( 0.000000000000000000, 0.000000000000000000, -1.000000000000000000 ) ) ;
#4055 = FACE_BOUND ( 'NONE', #3649, .T. ) ;
#4056 = CARTESIAN_POINT ( 'NONE',  ( -35.91709999999999781, -0.2096999999999985820, -5.875000000000000000 ) ) ;
#4057 = EDGE_CURVE ( 'NONE', #11398, #9595, #5570, .T. ) ;
#4058 = FACE_OUTER_BOUND ( 'NONE', #526, .T. ) ;
#4059 = CYLINDRICAL_SURFACE ( 'NONE', #6246, 0.1249999999999993477 ) ;
#4060 = EDGE_CURVE ( 'NONE', #7783, #11441, #448, .T. ) ;
#4061 = ORIENTED_EDGE ( 'NONE', *, *, #5968, .T. ) ;
#4062 = ORIENTED_EDGE ( 'NONE', *, *, #8075, .F. ) ;
#4063 = EDGE_LOOP ( 'NONE', ( #8664, #5103, #7318, #6118 ) ) ;
#4064 = CARTESIAN_POINT ( 'NONE',  ( 11.25002499999999905, -0.6953999999999974646, -14.34399999999999764 ) ) ;
#4065 = ORIENTED_EDGE ( 'NONE', *, *, #472, .T. ) ;
#4066 = DIRECTION ( 'NONE',  ( -1.000000000000000000, 0.000000000000000000, 0.000000000000000000 ) ) ;
#4067 = ORIENTED_EDGE ( 'NONE', *, *, #8395, .F. ) ;
#4068 = DIRECTION ( 'NONE',  ( 0.000000000000000000, 0.000000000000000000, -1.000000000000000000 ) ) ;
#4069 = DIRECTION ( 'NONE',  ( -0.000000000000000000, -1.000000000000000000, -1.332348806898293597E-16 ) ) ;
#4070 = FACE_OUTER_BOUND ( 'NONE', #8462, .T. ) ;
#4071 = DIRECTION ( 'NONE',  ( 0.000000000000000000, -1.000000000000000000, 0.000000000000000000 ) ) ;
#4072 = FACE_BOUND ( 'NONE', #12052, .T. ) ;
#4073 = DIRECTION ( 'NONE',  ( 0.000000000000000000, -1.000000000000000000, -2.967464690054594744E-16 ) ) ;
#4074 = EDGE_CURVE ( 'NONE', #6883, #11597, #3964, .T. ) ;
#4075 = DIRECTION ( 'NONE',  ( -0.000000000000000000, -0.000000000000000000, -1.000000000000000000 ) ) ;
#4076 = ORIENTED_EDGE ( 'NONE', *, *, #5857, .T. ) ;
#4077 = CARTESIAN_POINT ( 'NONE',  ( 35.88585000000000491, -0.6641500000000021275, -13.78219999999999956 ) ) ;
#4078 = ORIENTED_EDGE ( 'NONE', *, *, #10304, .T. ) ;
#4079 = VECTOR ( 'NONE', #2062, 39.37007874015748143 ) ;
#4080 = ORIENTED_EDGE ( 'NONE', *, *, #11061, .F. ) ;
#4081 = EDGE_CURVE ( 'NONE', #13036, #12520, #7602, .T. ) ;
#4082 = ORIENTED_EDGE ( 'NONE', *, *, #12884, .F. ) ;
#4083 = CARTESIAN_POINT ( 'NONE',  ( 33.63110000000000355, -0.5499999999999918288, 14.43750000000000178 ) ) ;
#4084 = DIRECTION ( 'NONE',  ( 0.000000000000000000, 1.000000000000000000, 0.000000000000000000 ) ) ;
#4085 = CIRCLE ( 'NONE', #10924, 0.1250000000000037192 ) ;
#4086 = ORIENTED_EDGE ( 'NONE', *, *, #4362, .T. ) ;
#4087 = DIRECTION ( 'NONE',  ( 0.000000000000000000, 0.000000000000000000, -1.000000000000000000 ) ) ;
#4088 = AXIS2_PLACEMENT_3D ( 'NONE', #7812, #13089, #3919 ) ;
#4089 = CARTESIAN_POINT ( 'NONE',  ( -21.35942499999999811, -0.4299000000000038346, 12.43750000000000178 ) ) ;
#4090 = CARTESIAN_POINT ( 'NONE',  ( -35.91710000000000491, -0.6954000000000027937, -13.78219999999999956 ) ) ;
#4091 = LINE ( 'NONE', #2078, #5319 ) ;
#4092 = DIRECTION ( 'NONE',  ( 0.000000000000000000, -1.000000000000000000, -1.332348806898293597E-16 ) ) ;
#4093 = DIRECTION ( 'NONE',  ( 0.000000000000000000, -1.000000000000000000, -1.332348806898293597E-16 ) ) ;
#4094 = CARTESIAN_POINT ( 'NONE',  ( -21.73442500000000877, -0.4299000000000040012, 14.42187500000000178 ) ) ;
#4095 = CIRCLE ( 'NONE', #11366, 0.1565000000000003610 ) ;
#4096 = ORIENTED_EDGE ( 'NONE', *, *, #4424, .F. ) ;
#4097 = AXIS2_PLACEMENT_3D ( 'NONE', #11290, #2175, #1164 ) ;
#4098 = EDGE_CURVE ( 'NONE', #10749, #1452, #8252, .T. ) ;
#4099 = VERTEX_POINT ( 'NONE', #6823 ) ;
#4100 = VERTEX_POINT ( 'NONE', #1586 ) ;
#4102 = CIRCLE ( 'NONE', #11585, 0.2499999999999986955 ) ;
#4101 = LINE ( 'NONE', #9275, #10812 ) ;
#4103 = VERTEX_POINT ( 'NONE', #8639 ) ;
#4104 = AXIS2_PLACEMENT_3D ( 'NONE', #6157, #11496, #10248 ) ;
#4105 = CARTESIAN_POINT ( 'NONE',  ( 36.02170047244094775, -0.2096999999999985820, -6.000000000000003553 ) ) ;
#4106 = ORIENTED_EDGE ( 'NONE', *, *, #5612, .T. ) ;
#4107 = CARTESIAN_POINT ( 'NONE',  ( -18.90652500000000558, -0.5499999999999952704, -14.34399999999999586 ) ) ;
#4108 = LINE ( 'NONE', #3906, #12153 ) ;
#4109 = CARTESIAN_POINT ( 'NONE',  ( -26.09352500000000319, -0.5499999999999958256, -14.34399999999999586 ) ) ;
#4110 = AXIS2_PLACEMENT_3D ( 'NONE', #637, #12036, #1987 ) ;
#4111 = FACE_OUTER_BOUND ( 'NONE', #11859, .T. ) ;
#4112 = EDGE_LOOP ( 'NONE', ( #4739, #5594, #5956, #11050 ) ) ;
#4113 = EDGE_CURVE ( 'NONE', #12125, #4369, #6006, .T. ) ;
#4114 = VECTOR ( 'NONE', #1358, 39.37007874015748143 ) ;
#4115 = EDGE_CURVE ( 'NONE', #12699, #11294, #12782, .T. ) ;
#4116 = ORIENTED_EDGE ( 'NONE', *, *, #2489, .T. ) ;
#4117 = CIRCLE ( 'NONE', #10336, 0.1250000000000015266 ) ;
#4118 = VERTEX_POINT ( 'NONE', #7341 ) ;
#4119 = CARTESIAN_POINT ( 'NONE',  ( -17.16232500000000982, -0.5499999999999952704, 14.18750000000000533 ) ) ;
#4120 = CIRCLE ( 'NONE', #1329, 0.1565000000000003610 ) ;
#4121 = CARTESIAN_POINT ( 'NONE',  ( -33.63110000000000355, -0.7999999999999959366, 14.43750000000000178 ) ) ;
#4122 = CARTESIAN_POINT ( 'NONE',  ( 7.484425000000007877, -0.7999999999999936051, -14.34399999999999054 ) ) ;
#4123 = CARTESIAN_POINT ( 'NONE',  ( 21.67192500000000166, -0.6954000000000040149, -13.92187500000001066 ) ) ;
#4124 = DIRECTION ( 'NONE',  ( 0.000000000000000000, -1.000000000000000000, 0.000000000000000000 ) ) ;
#4125 = LINE ( 'NONE', #3250, #1948 ) ;
#4126 = DIRECTION ( 'NONE',  ( -1.000000000000000000, 0.000000000000000000, 0.000000000000000000 ) ) ;
#4127 = ADVANCED_FACE ( 'NONE', ( #17 ), #6075, .F. ) ;
#4128 = CARTESIAN_POINT ( 'NONE',  ( -28.53760000000000474, -0.5499999999999959366, -14.53099999999999703 ) ) ;
#4129 = ORIENTED_EDGE ( 'NONE', *, *, #12019, .F. ) ;
#4130 = ADVANCED_FACE ( 'NONE', ( #7275 ), #5141, .T. ) ;
#4131 = ORIENTED_EDGE ( 'NONE', *, *, #8830, .F. ) ;
#4132 = AXIS2_PLACEMENT_3D ( 'NONE', #3788, #12834, #5807 ) ;
#4133 = VECTOR ( 'NONE', #4808, 39.37007874015748143 ) ;
#4134 = ORIENTED_EDGE ( 'NONE', *, *, #380, .F. ) ;
#4135 = ORIENTED_EDGE ( 'NONE', *, *, #1365, .T. ) ;
#4136 = LINE ( 'NONE', #6351, #12065 ) ;
#4138 = VERTEX_POINT ( 'NONE', #9227 ) ;
#4137 = EDGE_CURVE ( 'NONE', #773, #3700, #91, .T. ) ;
#4139 = DIRECTION ( 'NONE',  ( 0.000000000000000000, 0.000000000000000000, -1.000000000000000000 ) ) ;
#4140 = LINE ( 'NONE', #11304, #6951 ) ;
#4141 = LINE ( 'NONE', #11305, #3517 ) ;
#4142 = DIRECTION ( 'NONE',  ( 0.000000000000000000, 0.000000000000000000, 1.000000000000000000 ) ) ;
#4143 = CARTESIAN_POINT ( 'NONE',  ( -21.35942500000000521, -0.4299000000000038346, 2.512596398514597499E-15 ) ) ;
#4144 = DIRECTION ( 'NONE',  ( -1.240959386601361473E-16, 1.000000000000000000, 0.000000000000000000 ) ) ;
#4145 = VERTEX_POINT ( 'NONE', #12227 ) ;
#4146 = VECTOR ( 'NONE', #7008, 39.37007874015748143 ) ;
#4147 = FACE_OUTER_BOUND ( 'NONE', #3532, .T. ) ;
#4148 = AXIS2_PLACEMENT_3D ( 'NONE', #4377, #9475, #12678 ) ;
#4149 = VERTEX_POINT ( 'NONE', #84 ) ;
#4150 = EDGE_CURVE ( 'NONE', #9595, #8718, #3531, .T. ) ;
#4151 = ORIENTED_EDGE ( 'NONE', *, *, #6033, .T. ) ;
#4152 = VECTOR ( 'NONE', #8017, 39.37007874015748143 ) ;
#4153 = VERTEX_POINT ( 'NONE', #6143 ) ;
#4154 = DIRECTION ( 'NONE',  ( 0.000000000000000000, 0.000000000000000000, -1.000000000000000000 ) ) ;
#4155 = LINE ( 'NONE', #4291, #8338 ) ;
#4156 = ORIENTED_EDGE ( 'NONE', *, *, #1320, .T. ) ;
#4157 = FACE_OUTER_BOUND ( 'NONE', #1898, .T. ) ;
#4158 = CARTESIAN_POINT ( 'NONE',  ( 35.91710000000000491, -0.2096999999999985820, 13.74999999999999645 ) ) ;
#4159 = DIRECTION ( 'NONE',  ( 0.000000000000000000, 0.000000000000000000, -1.000000000000000000 ) ) ;
#4160 = CARTESIAN_POINT ( 'NONE',  ( 18.90652500000000558, -0.5499999999999929390, 14.53099999999999703 ) ) ;
#4161 = CARTESIAN_POINT ( 'NONE',  ( 18.75002500000000438, -0.7999999999999929390, -14.53099999999998992 ) ) ;
#4162 = EDGE_CURVE ( 'NONE', #11772, #11487, #8220, .T. ) ;
#4163 = DIRECTION ( 'NONE',  ( -1.240959386601361473E-16, 1.000000000000000000, 0.000000000000000000 ) ) ;
#4164 = LINE ( 'NONE', #6115, #9083 ) ;
#4165 = ORIENTED_EDGE ( 'NONE', *, *, #6345, .T. ) ;
#4166 = AXIS2_PLACEMENT_3D ( 'NONE', #9237, #9370, #29 ) ;
#4167 = EDGE_LOOP ( 'NONE', ( #9834, #5699, #8523, #5135, #9724 ) ) ;
#4168 = ORIENTED_EDGE ( 'NONE', *, *, #7413, .T. ) ;
#4169 = CARTESIAN_POINT ( 'NONE',  ( 17.00582500000001218, -0.6953999999999970205, 14.53100000000000058 ) ) ;
#4170 = ORIENTED_EDGE ( 'NONE', *, *, #7983, .F. ) ;
#4171 = CARTESIAN_POINT ( 'NONE',  ( -36.02170000000000272, 0.6187499999999994671, -14.78124999999999822 ) ) ;
#4172 = VERTEX_POINT ( 'NONE', #9428 ) ;
#4173 = FACE_BOUND ( 'NONE', #5937, .T. ) ;
#4174 = AXIS2_PLACEMENT_3D ( 'NONE', #4419, #5758, #3540 ) ;
#4175 = DIRECTION ( 'NONE',  ( -0.000000000000000000, -1.000000000000000000, -1.332348806898293597E-16 ) ) ;
#4176 = CARTESIAN_POINT ( 'NONE',  ( 17.16232500000000272, -0.7999999999999931610, -14.68749999999999289 ) ) ;
#4177 = AXIS2_PLACEMENT_3D ( 'NONE', #6949, #12908, #7831 ) ;
#4178 = DIRECTION ( 'NONE',  ( 0.000000000000000000, 2.967464690054594744E-16, -1.000000000000000000 ) ) ;
#4179 = AXIS2_PLACEMENT_3D ( 'NONE', #6272, #2038, #3187 ) ;
#4180 = EDGE_LOOP ( 'NONE', ( #326, #9204, #5263, #10395 ) ) ;
#4181 = ADVANCED_FACE ( 'NONE', ( #222 ), #1230, .F. ) ;
#4182 = EDGE_CURVE ( 'NONE', #9005, #3884, #2887, .T. ) ;
#4183 = AXIS2_PLACEMENT_3D ( 'NONE', #11821, #11694, #12829 ) ;
#4184 = ORIENTED_EDGE ( 'NONE', *, *, #1575, .F. ) ;
#4185 = EDGE_CURVE ( 'NONE', #1089, #12650, #6294, .T. ) ;
#4186 = VERTEX_POINT ( 'NONE', #9158 ) ;
#4187 = VECTOR ( 'NONE', #10325, 39.37007874015748143 ) ;
#4188 = DIRECTION ( 'NONE',  ( -0.000000000000000000, -1.000000000000000000, -1.332348806898293597E-16 ) ) ;
#4189 = CARTESIAN_POINT ( 'NONE',  ( 35.23450000000000415, -0.5499999999999918288, -8.436549999999973792 ) ) ;
#4190 = CARTESIAN_POINT ( 'NONE',  ( -18.59352500000000674, -0.5499999999999952704, 14.53099999999999703 ) ) ;
#4191 = CARTESIAN_POINT ( 'NONE',  ( -35.23450000000000415, -0.6954000000000000181, -8.436550000000000438 ) ) ;
#4192 = DIRECTION ( 'NONE',  ( 0.000000000000000000, 0.000000000000000000, -1.000000000000000000 ) ) ;
#4193 = CIRCLE ( 'NONE', #11670, 0.1249999999999993477 ) ;
#4194 = LINE ( 'NONE', #156, #6658 ) ;
#4195 = VECTOR ( 'NONE', #7948, 39.37007874015748143 ) ;
#4196 = DIRECTION ( 'NONE',  ( 0.000000000000000000, -1.000000000000000000, -1.332348806898293597E-16 ) ) ;
#4197 = DIRECTION ( 'NONE',  ( 0.000000000000000000, 0.000000000000000000, -1.000000000000000000 ) ) ;
#4198 = ORIENTED_EDGE ( 'NONE', *, *, #12082, .T. ) ;
#4199 = CIRCLE ( 'NONE', #8277, 0.1250000000000037192 ) ;
#4200 = ORIENTED_EDGE ( 'NONE', *, *, #9626, .F. ) ;
#4201 = AXIS2_PLACEMENT_3D ( 'NONE', #10978, #11184, #993 ) ;
#4202 = VECTOR ( 'NONE', #7734, 39.37007874015748143 ) ;
#4203 = ORIENTED_EDGE ( 'NONE', *, *, #2549, .F. ) ;
#4204 = DIRECTION ( 'NONE',  ( -1.000000000000000000, -0.000000000000000000, -0.000000000000000000 ) ) ;
#4205 = ORIENTED_EDGE ( 'NONE', *, *, #497, .T. ) ;
#4206 = VECTOR ( 'NONE', #11119, 39.37007874015748143 ) ;
#4207 = DIRECTION ( 'NONE',  ( 0.000000000000000000, 0.000000000000000000, 1.000000000000000000 ) ) ;
#4208 = DIRECTION ( 'NONE',  ( 0.000000000000000000, 2.967464690054594744E-16, -1.000000000000000000 ) ) ;
#4209 = CARTESIAN_POINT ( 'NONE',  ( 33.63110000000001065, -0.6953999999999957993, -14.31249999999996980 ) ) ;
#4210 = VECTOR ( 'NONE', #2934, 39.37007874015748143 ) ;
#4211 = ADVANCED_FACE ( 'NONE', ( #8420 ), #11219, .F. ) ;
#4212 = CARTESIAN_POINT ( 'NONE',  ( 35.91710000000000491, 0.5641500000000337911, 14.78124999999999822 ) ) ;
#4213 = CARTESIAN_POINT ( 'NONE',  ( -28.53760000000000829, -0.7999999999999958256, 14.53100000000000058 ) ) ;
#4214 = FACE_OUTER_BOUND ( 'NONE', #1759, .T. ) ;
#4215 = ORIENTED_EDGE ( 'NONE', *, *, #6257, .T. ) ;
#4216 = VECTOR ( 'NONE', #9533, 39.37007874015748143 ) ;
#4217 = CARTESIAN_POINT ( 'NONE',  ( 21.73442499999999100, -0.6207000000000038042, 14.42187500000000178 ) ) ;
#4218 = ADVANCED_FACE ( 'NONE', ( #12295 ), #154, .F. ) ;
#4219 = ORIENTED_EDGE ( 'NONE', *, *, #8505, .F. ) ;
#4220 = EDGE_CURVE ( 'NONE', #2022, #1486, #3309, .T. ) ;
#4221 = AXIS2_PLACEMENT_3D ( 'NONE', #7024, #11107, #1856 ) ;
#4222 = ADVANCED_FACE ( 'NONE', ( #7405, #1975, #10164, #3120, #13227, #4055, #8150, #1033, #7202, #11288, #6212, #10298, #9298, #8294, #2437, #8487, #5542, #6411, #8554, #9555, #5405, #8745, #4461 ), #421, .F. ) ;
#4223 = EDGE_LOOP ( 'NONE', ( #2282, #10010, #4849, #11726 ) ) ;
#4224 = ORIENTED_EDGE ( 'NONE', *, *, #11245, .T. ) ;
#4225 = DIRECTION ( 'NONE',  ( 0.000000000000000000, 0.000000000000000000, -1.000000000000000000 ) ) ;
#4226 = DIRECTION ( 'NONE',  ( 5.463695987328555033E-16, -1.000000000000000000, 0.000000000000000000 ) ) ;
#4227 = VERTEX_POINT ( 'NONE', #10745 ) ;
#4228 = DIRECTION ( 'NONE',  ( -0.000000000000000000, -1.000000000000000000, -1.332348806898293597E-16 ) ) ;
#4229 = DIRECTION ( 'NONE',  ( 0.000000000000000000, 0.000000000000000000, -1.000000000000000000 ) ) ;
#4230 = CYLINDRICAL_SURFACE ( 'NONE', #7238, 0.1250000000000037192 ) ;
#4231 = CARTESIAN_POINT ( 'NONE',  ( -21.48442500000000166, -0.6954000000000041259, 12.43750000000000178 ) ) ;
#4232 = CARTESIAN_POINT ( 'NONE',  ( 11.40652500000000913, -0.6953999999999974646, 14.34400000000000475 ) ) ;
#4233 = CYLINDRICAL_SURFACE ( 'NONE', #7096, 0.2499999999999986955 ) ;
#4234 = CARTESIAN_POINT ( 'NONE',  ( -21.35942499999999811, -0.4299000000000038346, 12.43750000000000178 ) ) ;
#4235 = ORIENTED_EDGE ( 'NONE', *, *, #11758, .F. ) ;
#4236 = EDGE_CURVE ( 'NONE', #11595, #1527, #3513, .T. ) ;
#4237 = CIRCLE ( 'NONE', #7217, 0.03124999999999929223 ) ;
#4238 = CIRCLE ( 'NONE', #10009, 0.1565000000000003610 ) ;
#4239 = EDGE_CURVE ( 'NONE', #10632, #4387, #2644, .T. ) ;
#4240 = ORIENTED_EDGE ( 'NONE', *, *, #5811, .F. ) ;
#4241 = CIRCLE ( 'NONE', #8351, 0.1250000000000037192 ) ;
#4242 = EDGE_CURVE ( 'NONE', #1152, #7745, #9746, .T. ) ;
#4243 = ORIENTED_EDGE ( 'NONE', *, *, #8469, .T. ) ;
#4244 = CARTESIAN_POINT ( 'NONE',  ( 22.32817500000000521, -0.4299000000000038346, -12.43750000000001066 ) ) ;
#4245 = VERTEX_POINT ( 'NONE', #9684 ) ;
#4246 = AXIS2_PLACEMENT_3D ( 'NONE', #12528, #8329, #1134 ) ;
#4248 = AXIS2_PLACEMENT_3D ( 'NONE', #11482, #2370, #9427 ) ;
#4247 = CYLINDRICAL_SURFACE ( 'NONE', #10830, 0.1059000000000017289 ) ;
#4249 = VERTEX_POINT ( 'NONE', #8677 ) ;
#4250 = LINE ( 'NONE', #3103, #2395 ) ;
#4251 = CARTESIAN_POINT ( 'NONE',  ( -36.02170000000000272, 0.6999999999999995115, 14.91875000000000107 ) ) ;
#4252 = FACE_BOUND ( 'NONE', #1190, .T. ) ;
#4253 = DIRECTION ( 'NONE',  ( 0.000000000000000000, 0.000000000000000000, -1.000000000000000000 ) ) ;
#4254 = ORIENTED_EDGE ( 'NONE', *, *, #7732, .T. ) ;
#4255 = AXIS2_PLACEMENT_3D ( 'NONE', #11516, #8327, #122 ) ;
#4256 = AXIS2_PLACEMENT_3D ( 'NONE', #12250, #1992, #9625 ) ;
#4257 = AXIS2_PLACEMENT_3D ( 'NONE', #13194, #10132, #7921 ) ;
#4258 = VERTEX_POINT ( 'NONE', #2306 ) ;
#4259 = VECTOR ( 'NONE', #3455, 39.37007874015748143 ) ;
#4260 = ORIENTED_EDGE ( 'NONE', *, *, #5853, .F. ) ;
#4261 = DIRECTION ( 'NONE',  ( 0.000000000000000000, -0.000000000000000000, 1.000000000000000000 ) ) ;
#4262 = EDGE_CURVE ( 'NONE', #6624, #1618, #4529, .T. ) ;
#4263 = CIRCLE ( 'NONE', #12811, 0.1250000000000029143 ) ;
#4264 = DIRECTION ( 'NONE',  ( 1.000000000000000000, -0.000000000000000000, -0.000000000000000000 ) ) ;
#4265 = CARTESIAN_POINT ( 'NONE',  ( -3.750000000000002220, -0.6953999999999982418, 14.34400000000000652 ) ) ;
#4266 = CYLINDRICAL_SURFACE ( 'NONE', #12578, 0.1250000000000029143 ) ;
#4267 = CARTESIAN_POINT ( 'NONE',  ( 21.67192499999999811, 0.7000000000000405898, 13.92187500000000178 ) ) ;
#4268 = PLANE ( 'NONE',  #11359 ) ;
#4269 = CYLINDRICAL_SURFACE ( 'NONE', #6080, 0.2187500000000015821 ) ;
#4270 = VECTOR ( 'NONE', #12702, 39.37007874015748143 ) ;
#4271 = ORIENTED_EDGE ( 'NONE', *, *, #162, .F. ) ;
#4272 = CIRCLE ( 'NONE', #1437, 0.08124999999999903133 ) ;
#4273 = EDGE_LOOP ( 'NONE', ( #13114, #888, #8127, #464 ) ) ;
#4274 = VERTEX_POINT ( 'NONE', #2573 ) ;
#4275 = DIRECTION ( 'NONE',  ( 1.000000000000000000, 0.000000000000000000, -0.000000000000000000 ) ) ;
#4276 = ORIENTED_EDGE ( 'NONE', *, *, #11490, .T. ) ;
#4277 = DIRECTION ( 'NONE',  ( 0.000000000000000000, 0.000000000000000000, -1.000000000000000000 ) ) ;
#4278 = DIRECTION ( 'NONE',  ( 1.000000000000000000, 5.337610695313293786E-16, 0.000000000000000000 ) ) ;
#4279 = DIRECTION ( 'NONE',  ( 1.240959386601371334E-16, -1.000000000000000000, -0.000000000000000000 ) ) ;
#4280 = CARTESIAN_POINT ( 'NONE',  ( -35.88585000000000491, 0.5954000000000000403, 14.78124999999999822 ) ) ;
#4281 = DIRECTION ( 'NONE',  ( 1.240959386601371334E-16, -1.000000000000000000, 0.000000000000000000 ) ) ;
#4282 = DIRECTION ( 'NONE',  ( 1.240959386601371334E-16, -1.000000000000000000, 0.000000000000000000 ) ) ;
#4283 = ORIENTED_EDGE ( 'NONE', *, *, #7718, .T. ) ;
#4284 = LINE ( 'NONE', #4545, #3224 ) ;
#4285 = EDGE_LOOP ( 'NONE', ( #3264, #12816 ) ) ;
#4286 = EDGE_CURVE ( 'NONE', #4520, #11706, #6662, .T. ) ;
#4287 = EDGE_CURVE ( 'NONE', #11452, #3357, #4368, .T. ) ;
#4288 = ORIENTED_EDGE ( 'NONE', *, *, #2535, .F. ) ;
#4289 = VERTEX_POINT ( 'NONE', #1556 ) ;
#4290 = DIRECTION ( 'NONE',  ( 0.000000000000000000, -1.000000000000000000, -1.332348806898293597E-16 ) ) ;
#4291 = CARTESIAN_POINT ( 'NONE',  ( -35.91710000000000491, 0.5954000000000000403, -13.78219999999999956 ) ) ;
#4292 = CARTESIAN_POINT ( 'NONE',  ( 17.00582500000001218, -0.7999999999999931610, 14.53100000000000058 ) ) ;
#4293 = DIRECTION ( 'NONE',  ( -1.000000000000000000, -0.000000000000000000, -0.000000000000000000 ) ) ;
#4294 = CARTESIAN_POINT ( 'NONE',  ( 26.25002500000000794, -0.5499999999999926059, 14.18750000000000178 ) ) ;
#4295 = DIRECTION ( 'NONE',  ( 0.000000000000000000, 0.000000000000000000, -1.000000000000000000 ) ) ;
#4296 = DIRECTION ( 'NONE',  ( -0.000000000000000000, -1.000000000000000000, -1.332348806898293597E-16 ) ) ;
#4297 = DIRECTION ( 'NONE',  ( 1.000000000000000000, -0.000000000000000000, -0.000000000000000000 ) ) ;
#4298 = DIRECTION ( 'NONE',  ( 1.000000000000000000, 0.000000000000000000, 0.000000000000000000 ) ) ;
#4299 = ORIENTED_EDGE ( 'NONE', *, *, #3946, .F. ) ;
#4300 = EDGE_CURVE ( 'NONE', #9000, #11567, #62, .T. ) ;
#4301 = VERTEX_POINT ( 'NONE', #12630 ) ;
#4302 = EDGE_CURVE ( 'NONE', #12762, #12851, #10355, .T. ) ;
#4303 = EDGE_CURVE ( 'NONE', #2856, #5276, #6714, .T. ) ;
#4304 = ORIENTED_EDGE ( 'NONE', *, *, #6022, .F. ) ;
#4305 = ORIENTED_EDGE ( 'NONE', *, *, #713, .T. ) ;
#4306 = DIRECTION ( 'NONE',  ( 0.000000000000000000, 0.000000000000000000, -1.000000000000000000 ) ) ;
#4307 = EDGE_LOOP ( 'NONE', ( #7469, #5643, #11028, #7381 ) ) ;
#4308 = CARTESIAN_POINT ( 'NONE',  ( 7.327925000000007572, -0.6953999999999975756, -14.53099999999998815 ) ) ;
#4309 = ORIENTED_EDGE ( 'NONE', *, *, #11036, .F. ) ;
#4310 = CARTESIAN_POINT ( 'NONE',  ( 28.22460000000000946, -0.7999999999999923839, -14.53099999999999703 ) ) ;
#4311 = ADVANCED_FACE ( 'NONE', ( #10622 ), #11616, .F. ) ;
#4312 = VECTOR ( 'NONE', #1510, 39.37007874015748143 ) ;
#4313 = LINE ( 'NONE', #3295, #5113 ) ;
#4314 = CYLINDRICAL_SURFACE ( 'NONE', #277, 0.1250000000000037192 ) ;
#4315 = DIRECTION ( 'NONE',  ( 0.000000000000000000, 0.000000000000000000, -1.000000000000000000 ) ) ;
#4316 = VECTOR ( 'NONE', #12822, 39.37007874015748143 ) ;
#4317 = ORIENTED_EDGE ( 'NONE', *, *, #7420, .T. ) ;
#4318 = VECTOR ( 'NONE', #9654, 39.37007874015748143 ) ;
#4319 = EDGE_LOOP ( 'NONE', ( #10318, #1567, #5593, #12750 ) ) ;
#4320 = ORIENTED_EDGE ( 'NONE', *, *, #8288, .F. ) ;
#4321 = DIRECTION ( 'NONE',  ( 0.000000000000000000, -1.000000000000000000, -1.332348806898293597E-16 ) ) ;
#4322 = ADVANCED_FACE ( 'NONE', ( #11682 ), #11483, .F. ) ;
#4323 = FACE_OUTER_BOUND ( 'NONE', #11145, .T. ) ;
#4324 = AXIS2_PLACEMENT_3D ( 'NONE', #11104, #9840, #1781 ) ;
#4325 = DIRECTION ( 'NONE',  ( 0.000000000000000000, -1.000000000000000000, -1.332348806898293597E-16 ) ) ;
#4326 = CYLINDRICAL_SURFACE ( 'NONE', #3409, 0.1565000000000003610 ) ;
#4327 = DIRECTION ( 'NONE',  ( -0.000000000000000000, -1.000000000000000000, -1.332348806898293597E-16 ) ) ;
#4328 = DIRECTION ( 'NONE',  ( 0.000000000000000000, 0.000000000000000000, -1.000000000000000000 ) ) ;
#4329 = DIRECTION ( 'NONE',  ( 0.000000000000000000, 0.000000000000000000, 1.000000000000000000 ) ) ;
#4330 = DIRECTION ( 'NONE',  ( -0.000000000000000000, -1.000000000000000000, -1.332348806898293597E-16 ) ) ;
#4331 = AXIS2_PLACEMENT_3D ( 'NONE', #1687, #5788, #6855 ) ;
#4332 = LINE ( 'NONE', #5206, #489 ) ;
#4333 = VERTEX_POINT ( 'NONE', #1294 ) ;
#4334 = EDGE_CURVE ( 'NONE', #9880, #6511, #7570, .T. ) ;
#4335 = ORIENTED_EDGE ( 'NONE', *, *, #2184, .T. ) ;
#4336 = EDGE_LOOP ( 'NONE', ( #11528, #12175, #12554, #10036 ) ) ;
#4337 = VECTOR ( 'NONE', #12475, 39.37007874015748143 ) ;
#4338 = LINE ( 'NONE', #7284, #73 ) ;
#4339 = ORIENTED_EDGE ( 'NONE', *, *, #4800, .F. ) ;
#4340 = CARTESIAN_POINT ( 'NONE',  ( -35.93750000000000000, 0.5954000000000000403, 14.86415000000000219 ) ) ;
#4341 = CARTESIAN_POINT ( 'NONE',  ( 35.23450000000000415, -0.7999999999999917177, 8.436550000000002214 ) ) ;
#4342 = DIRECTION ( 'NONE',  ( -0.000000000000000000, -1.000000000000000000, -1.332348806898293597E-16 ) ) ;
#4343 = CARTESIAN_POINT ( 'NONE',  ( 35.94045000000000556, 0.6187500000000388800, -14.78124999999999822 ) ) ;
#4344 = CARTESIAN_POINT ( 'NONE',  ( -35.23450000000000415, -0.6954000000000000181, -8.311549999999998661 ) ) ;
#4345 = CARTESIAN_POINT ( 'NONE',  ( 22.50347500000000167, 0.3358499999999960961, -14.79687500000000000 ) ) ;
#4346 = ORIENTED_EDGE ( 'NONE', *, *, #5777, .T. ) ;
#4347 = EDGE_CURVE ( 'NONE', #1381, #8021, #5603, .T. ) ;
#4348 = CARTESIAN_POINT ( 'NONE',  ( -17.31882500000001102, -0.7999999999999951594, 14.34400000000000475 ) ) ;
#4349 = VERTEX_POINT ( 'NONE', #679 ) ;
#4350 = AXIS2_PLACEMENT_3D ( 'NONE', #9315, #6425, #101 ) ;
#4351 = EDGE_CURVE ( 'NONE', #7714, #11862, #4579, .T. ) ;
#4352 = ORIENTED_EDGE ( 'NONE', *, *, #12166, .T. ) ;
#4353 = VERTEX_POINT ( 'NONE', #6922 ) ;
#4354 = DIRECTION ( 'NONE',  ( -0.000000000000000000, -1.000000000000000000, -1.332348806898293597E-16 ) ) ;
#4355 = DIRECTION ( 'NONE',  ( -0.000000000000000000, -1.000000000000000000, -1.332348806898293597E-16 ) ) ;
#4357 = DIRECTION ( 'NONE',  ( 1.240959386601371334E-16, -1.000000000000000000, -0.000000000000000000 ) ) ;
#4356 = AXIS2_PLACEMENT_3D ( 'NONE', #11370, #11502, #6360 ) ;
#4358 = DIRECTION ( 'NONE',  ( 1.240959386601371334E-16, -1.000000000000000000, 0.000000000000000000 ) ) ;
#4359 = CARTESIAN_POINT ( 'NONE',  ( 35.23450000000000415, -0.7999999999999917177, 1.811549999999999994 ) ) ;
#4360 = LINE ( 'NONE', #3218, #8524 ) ;
#4361 = EDGE_CURVE ( 'NONE', #9808, #8019, #12053, .T. ) ;
#4362 = EDGE_CURVE ( 'NONE', #590, #2396, #2215, .T. ) ;
#4363 = DIRECTION ( 'NONE',  ( 0.000000000000000000, 0.000000000000000000, -1.000000000000000000 ) ) ;
#4364 = CARTESIAN_POINT ( 'NONE',  ( -36.02170000000000272, 0.6999999999999995115, -4.330708661417322247 ) ) ;
#4365 = ORIENTED_EDGE ( 'NONE', *, *, #9231, .F. ) ;
#4366 = ORIENTED_EDGE ( 'NONE', *, *, #1580, .T. ) ;
#4367 = VECTOR ( 'NONE', #9671, 39.37007874015748143 ) ;
#4368 = CIRCLE ( 'NONE', #12700, 0.1565000000000003610 ) ;
#4369 = VERTEX_POINT ( 'NONE', #4843 ) ;
#4370 = VERTEX_POINT ( 'NONE', #2634 ) ;
#4371 = CARTESIAN_POINT ( 'NONE',  ( -20.89067499999999811, 0.3358499999999960961, -14.67187499999999822 ) ) ;
#4372 = EDGE_LOOP ( 'NONE', ( #10678, #1043, #7041, #10004 ) ) ;
#4373 = CARTESIAN_POINT ( 'NONE',  ( -26.24015748031496642, 0.7000000000000048406, 3.543307086614173151 ) ) ;
#4374 = VERTEX_POINT ( 'NONE', #11072 ) ;
#4375 = DIRECTION ( 'NONE',  ( -1.000000000000000000, 0.000000000000000000, 0.000000000000000000 ) ) ;
#4376 = CARTESIAN_POINT ( 'NONE',  ( 28.22460000000000946, -0.7999999999999923839, -14.34399999999999942 ) ) ;
#4377 = CARTESIAN_POINT ( 'NONE',  ( 17.16232500000000272, -0.5499999999999931610, -14.34399999999999764 ) ) ;
#4378 = VECTOR ( 'NONE', #11327, 39.37007874015748143 ) ;
#4379 = EDGE_CURVE ( 'NONE', #3357, #6330, #11000, .T. ) ;
#4380 = DIRECTION ( 'NONE',  ( -0.000000000000000000, -1.000000000000000000, -1.332348806898293597E-16 ) ) ;
#4381 = ORIENTED_EDGE ( 'NONE', *, *, #11861, .T. ) ;
#4382 = EDGE_CURVE ( 'NONE', #457, #9719, #5791, .T. ) ;
#4383 = ADVANCED_FACE ( 'NONE', ( #3774 ), #9943, .F. ) ;
#4384 = ORIENTED_EDGE ( 'NONE', *, *, #12387, .T. ) ;
#4385 = ORIENTED_EDGE ( 'NONE', *, *, #8558, .T. ) ;
#4386 = CARTESIAN_POINT ( 'NONE',  ( 35.23450000000000415, -0.7999999999999917177, -8.561549999999977345 ) ) ;
#4387 = VERTEX_POINT ( 'NONE', #612 ) ;
#4388 = DIRECTION ( 'NONE',  ( -1.000000000000000000, -0.000000000000000000, -0.000000000000000000 ) ) ;
#4389 = CARTESIAN_POINT ( 'NONE',  ( -28.38110000000001065, -0.5499999999999959366, 14.18750000000000533 ) ) ;
#4390 = CARTESIAN_POINT ( 'NONE',  ( 21.26567499999998745, -0.5895000000000039098, 14.79687500000000000 ) ) ;
#4391 = DIRECTION ( 'NONE',  ( 0.000000000000000000, 0.000000000000000000, -1.000000000000000000 ) ) ;
#4392 = CARTESIAN_POINT ( 'NONE',  ( -26.09352500000000319, -0.7999999999999957145, -14.34399999999999586 ) ) ;
#4393 = DIRECTION ( 'NONE',  ( 0.000000000000000000, 0.000000000000000000, -1.000000000000000000 ) ) ;
#4394 = DIRECTION ( 'NONE',  ( 0.000000000000000000, 0.000000000000000000, -1.000000000000000000 ) ) ;
#4395 = AXIS2_PLACEMENT_3D ( 'NONE', #560, #4665, #11630 ) ;
#4396 = CIRCLE ( 'NONE', #5038, 0.1250000000000037192 ) ;
#4397 = EDGE_LOOP ( 'NONE', ( #2295, #12624, #5479, #10275 ) ) ;
#4398 = EDGE_CURVE ( 'NONE', #11740, #5185, #3490, .T. ) ;
#4399 = ORIENTED_EDGE ( 'NONE', *, *, #167, .T. ) ;
#4400 = VERTEX_POINT ( 'NONE', #2900 ) ;
#4401 = AXIS2_PLACEMENT_3D ( 'NONE', #475, #4708, #8669 ) ;
#4402 = CARTESIAN_POINT ( 'NONE',  ( 22.32817500000000521, -0.4299000000000038346, -12.43750000000001066 ) ) ;
#4403 = ADVANCED_FACE ( 'NONE', ( #6991 ), #1893, .F. ) ;
#4404 = ORIENTED_EDGE ( 'NONE', *, *, #9639, .F. ) ;
#4405 = DIRECTION ( 'NONE',  ( -0.000000000000000000, -1.000000000000000000, -1.332348806898293597E-16 ) ) ;
#4406 = DIRECTION ( 'NONE',  ( 0.000000000000000000, -1.000000000000000000, -2.967464690054594744E-16 ) ) ;
#4407 = PLANE ( 'NONE',  #4647 ) ;
#4408 = DIRECTION ( 'NONE',  ( -0.000000000000000000, -1.000000000000000000, -1.332348806898293597E-16 ) ) ;
#4409 = DIRECTION ( 'NONE',  ( -0.000000000000000000, -1.000000000000000000, -1.332348806898293597E-16 ) ) ;
#4410 = DIRECTION ( 'NONE',  ( 0.000000000000000000, 0.000000000000000000, -1.000000000000000000 ) ) ;
#4411 = ORIENTED_EDGE ( 'NONE', *, *, #9473, .T. ) ;
#4412 = LINE ( 'NONE', #10704, #4312 ) ;
#4413 = EDGE_LOOP ( 'NONE', ( #6653, #6541, #3192, #1930 ) ) ;
#4414 = AXIS2_PLACEMENT_3D ( 'NONE', #9002, #3899, #11200 ) ;
#4415 = VECTOR ( 'NONE', #12557, 39.37007874015748143 ) ;
#4416 = VECTOR ( 'NONE', #4022, 39.37007874015748143 ) ;
#4417 = EDGE_LOOP ( 'NONE', ( #13100, #4755, #4817, #7130 ) ) ;
#4418 = ORIENTED_EDGE ( 'NONE', *, *, #12605, .T. ) ;
#4419 = CARTESIAN_POINT ( 'NONE',  ( -36.02170000000000272, -0.2096999999999985820, 13.87500000000000000 ) ) ;
#4420 = CARTESIAN_POINT ( 'NONE',  ( 22.10942499999999455, 0.7000000000000407008, 2.512596398514597499E-15 ) ) ;
#4422 = AXIS2_PLACEMENT_3D ( 'NONE', #5887, #8903, #2797 ) ;
#4421 = CYLINDRICAL_SURFACE ( 'NONE', #112, 0.1565000000000003610 ) ;
#4423 = DIRECTION ( 'NONE',  ( 0.000000000000000000, 0.000000000000000000, -1.000000000000000000 ) ) ;
#4424 = EDGE_CURVE ( 'NONE', #9238, #6484, #8852, .T. ) ;
#4425 = DIRECTION ( 'NONE',  ( 0.000000000000000000, 0.000000000000000000, -1.000000000000000000 ) ) ;
#4426 =( LENGTH_UNIT ( ) NAMED_UNIT ( * ) SI_UNIT ( $, .METRE. ) );
#4427 = CARTESIAN_POINT ( 'NONE',  ( -21.57792500000000402, -0.5499999999999954925, -14.34399999999999764 ) ) ;
#4428 = CARTESIAN_POINT ( 'NONE',  ( -21.35942500000000521, -0.4299000000000038346, 2.512596398514597499E-15 ) ) ;
#4429 = ORIENTED_EDGE ( 'NONE', *, *, #6510, .F. ) ;
#4430 = AXIS2_PLACEMENT_3D ( 'NONE', #5421, #8374, #12441 ) ;
#4431 = EDGE_CURVE ( 'NONE', #808, #2178, #10562, .T. ) ;
#4432 = ORIENTED_EDGE ( 'NONE', *, *, #2494, .F. ) ;
#4433 = CIRCLE ( 'NONE', #8929, 0.1565000000000003610 ) ;
#4434 = ORIENTED_EDGE ( 'NONE', *, *, #12713, .F. ) ;
#4435 = CARTESIAN_POINT ( 'NONE',  ( -36.02170000000000272, -0.2096999999999985820, 5.875000000000000000 ) ) ;
#4436 = EDGE_LOOP ( 'NONE', ( #2555, #5133 ) ) ;
#4437 = CARTESIAN_POINT ( 'NONE',  ( -11.25002500000000438, -0.6953999999999987969, -14.68749999999999289 ) ) ;
#4438 = EDGE_LOOP ( 'NONE', ( #12798, #8140 ) ) ;
#4439 = DIRECTION ( 'NONE',  ( 0.000000000000000000, -1.000000000000000000, -2.967464690054594744E-16 ) ) ;
#4440 = ORIENTED_EDGE ( 'NONE', *, *, #8747, .T. ) ;
#4441 = CARTESIAN_POINT ( 'NONE',  ( -35.91709999999999781, -0.2096999999999985820, -13.74999999999999645 ) ) ;
#4442 = DIRECTION ( 'NONE',  ( 0.000000000000000000, -1.000000000000000000, -2.967464690054594744E-16 ) ) ;
#4443 = LINE ( 'NONE', #7589, #12902 ) ;
#4444 = VECTOR ( 'NONE', #4380, 39.37007874015748143 ) ;
#4445 = AXIS2_PLACEMENT_3D ( 'NONE', #6936, #12090, #4054 ) ;
#4446 = CARTESIAN_POINT ( 'NONE',  ( -35.88585000000000491, 0.5641500000000000403, -14.78124999999999822 ) ) ;
#4447 = ORIENTED_EDGE ( 'NONE', *, *, #3990, .T. ) ;
#4448 = ADVANCED_FACE ( 'NONE', ( #747 ), #13014, .T. ) ;
#4449 = ORIENTED_EDGE ( 'NONE', *, *, #6401, .F. ) ;
#4450 = VECTOR ( 'NONE', #6889, 39.37007874015748143 ) ;
#4451 = VECTOR ( 'NONE', #9144, 39.37007874015748143 ) ;
#4452 = ADVANCED_FACE ( 'NONE', ( #6859 ), #820, .F. ) ;
#4453 = ORIENTED_EDGE ( 'NONE', *, *, #2184, .F. ) ;
#4455 = EDGE_CURVE ( 'NONE', #8066, #813, #4781, .T. ) ;
#4454 = CARTESIAN_POINT ( 'NONE',  ( -33.85826771653543688, 0.7000000000000007327, -4.330708661417324912 ) ) ;
#4456 = ORIENTED_EDGE ( 'NONE', *, *, #10017, .F. ) ;
#4457 = LINE ( 'NONE', #7669, #10104 ) ;
#4458 = CARTESIAN_POINT ( 'NONE',  ( -35.94045000000000556, 0.6187499999999994671, -14.78124999999999822 ) ) ;
#4459 = FACE_OUTER_BOUND ( 'NONE', #5749, .T. ) ;
#4460 = CARTESIAN_POINT ( 'NONE',  ( 35.93750000000000000, -0.6641500000000034598, 14.89540000000000042 ) ) ;
#4461 = FACE_OUTER_BOUND ( 'NONE', #5868, .T. ) ;
#4462 = DIRECTION ( 'NONE',  ( -0.000000000000000000, -0.000000000000000000, 1.000000000000000000 ) ) ;
#4463 = DIRECTION ( 'NONE',  ( -0.000000000000000000, -1.000000000000000000, -1.332348806898293597E-16 ) ) ;
#4465 = EDGE_CURVE ( 'NONE', #4172, #8157, #1624, .T. ) ;
#4464 = VECTOR ( 'NONE', #7373, 39.37007874015748143 ) ;
#4466 = AXIS2_PLACEMENT_3D ( 'NONE', #5731, #1493, #5793 ) ;
#4467 = ORIENTED_EDGE ( 'NONE', *, *, #13044, .T. ) ;
#4468 = EDGE_CURVE ( 'NONE', #11662, #414, #5729, .T. ) ;
#4469 = AXIS2_PLACEMENT_3D ( 'NONE', #4435, #8781, #3423 ) ;
#4470 = ORIENTED_EDGE ( 'NONE', *, *, #4300, .T. ) ;
#4471 = EDGE_CURVE ( 'NONE', #6909, #8878, #4777, .T. ) ;
#4472 = ORIENTED_EDGE ( 'NONE', *, *, #7488, .T. ) ;
#4473 = AXIS2_PLACEMENT_3D ( 'NONE', #5997, #5191, #12012 ) ;
#4474 = CARTESIAN_POINT ( 'NONE',  ( -36.02170000000000272, -0.2096999999999985820, -13.87500000000000000 ) ) ;
#4475 = ORIENTED_EDGE ( 'NONE', *, *, #2140, .F. ) ;
#4476 = CARTESIAN_POINT ( 'NONE',  ( -35.93750000000000000, -0.7187499999999997780, -14.91875000000000107 ) ) ;
#4477 = DIRECTION ( 'NONE',  ( -0.000000000000000000, -2.967464690054594744E-16, 1.000000000000000000 ) ) ;
#4478 = DIRECTION ( 'NONE',  ( 0.000000000000000000, 0.000000000000000000, -1.000000000000000000 ) ) ;
#4479 = VECTOR ( 'NONE', #3908, 39.37007874015748143 ) ;
#4480 = DIRECTION ( 'NONE',  ( -1.000000000000000000, -4.697125161045879232E-16, 0.000000000000000000 ) ) ;
#4481 = FACE_BOUND ( 'NONE', #4643, .T. ) ;
#4482 = ADVANCED_FACE ( 'NONE', ( #1755 ), #3173, .T. ) ;
#4483 = CARTESIAN_POINT ( 'NONE',  ( 31.97460000000001301, -0.6953999999999961323, -14.53099999999997394 ) ) ;
#4484 = ORIENTED_EDGE ( 'NONE', *, *, #9320, .F. ) ;
#4485 = CARTESIAN_POINT ( 'NONE',  ( 7.484425000000007877, -0.6953999999999975756, -14.34399999999999054 ) ) ;
#4486 = AXIS2_PLACEMENT_3D ( 'NONE', #515, #4883, #8711 ) ;
#4487 = ORIENTED_EDGE ( 'NONE', *, *, #4115, .F. ) ;
#4488 = EDGE_LOOP ( 'NONE', ( #10187, #12193, #10833, #3924 ) ) ;
#4489 = ORIENTED_EDGE ( 'NONE', *, *, #3463, .T. ) ;
#4490 = VECTOR ( 'NONE', #4525, 39.37007874015748143 ) ;
#4491 = LINE ( 'NONE', #9708, #7816 ) ;
#4492 = CARTESIAN_POINT ( 'NONE',  ( 21.60942499999999100, -0.4299000000000040012, 14.42187500000000178 ) ) ;
#4493 = ADVANCED_FACE ( 'NONE', ( #1216 ), #9213, .F. ) ;
#4494 = CYLINDRICAL_SURFACE ( 'NONE', #6117, 0.1250000000000015266 ) ;
#4495 = DIRECTION ( 'NONE',  ( -0.000000000000000000, -0.000000000000000000, 1.000000000000000000 ) ) ;
#4496 = DIRECTION ( 'NONE',  ( -0.000000000000000000, -1.000000000000000000, -1.332348806898293597E-16 ) ) ;
#4497 = FACE_OUTER_BOUND ( 'NONE', #8855, .T. ) ;
#4498 = CARTESIAN_POINT ( 'NONE',  ( 11.40652500000000913, -0.5499999999999934941, 14.34400000000000475 ) ) ;
#4499 = LINE ( 'NONE', #8587, #10098 ) ;
#4500 = EDGE_LOOP ( 'NONE', ( #8141, #3859 ) ) ;
#4501 = ORIENTED_EDGE ( 'NONE', *, *, #33, .F. ) ;
#4502 = EDGE_CURVE ( 'NONE', #179, #11004, #8215, .T. ) ;
#4503 = EDGE_CURVE ( 'NONE', #7368, #4400, #1958, .T. ) ;
#4504 = ORIENTED_EDGE ( 'NONE', *, *, #8740, .F. ) ;
#4505 = FACE_BOUND ( 'NONE', #4835, .T. ) ;
#4506 = EDGE_LOOP ( 'NONE', ( #2300, #12672, #12852, #4065 ) ) ;
#4507 = CYLINDRICAL_SURFACE ( 'NONE', #12538, 0.1565000000000003610 ) ;
#4508 = ORIENTED_EDGE ( 'NONE', *, *, #10693, .T. ) ;
#4509 = FACE_OUTER_BOUND ( 'NONE', #10353, .T. ) ;
#4510 = VERTEX_POINT ( 'NONE', #11402 ) ;
#4511 = CARTESIAN_POINT ( 'NONE',  ( -21.57792500000000402, -0.7999999999999953815, -14.34399999999999764 ) ) ;
#4512 = CARTESIAN_POINT ( 'NONE',  ( 7.484424999999999883, -0.5499999999999936051, 14.18750000000001066 ) ) ;
#4513 = CARTESIAN_POINT ( 'NONE',  ( -26.40652500000000558, -0.5499999999999958256, -14.34399999999999586 ) ) ;
#4514 = AXIS2_PLACEMENT_3D ( 'NONE', #12253, #3331, #1119 ) ;
#4515 = CARTESIAN_POINT ( 'NONE',  ( -26.40652500000000913, -0.7999999999999957145, 14.53099999999999703 ) ) ;
#4516 = EDGE_LOOP ( 'NONE', ( #6192, #6942, #8202, #9450 ) ) ;
#4517 = EDGE_CURVE ( 'NONE', #341, #8021, #9145, .T. ) ;
#4518 = VERTEX_POINT ( 'NONE', #4176 ) ;
#4519 = AXIS2_PLACEMENT_3D ( 'NONE', #6492, #438, #9701 ) ;
#4520 = VERTEX_POINT ( 'NONE', #13213 ) ;
#4521 = CYLINDRICAL_SURFACE ( 'NONE', #12763, 0.1565000000000003610 ) ;
#4522 = ORIENTED_EDGE ( 'NONE', *, *, #7810, .F. ) ;
#4523 = DIRECTION ( 'NONE',  ( 1.000000000000000000, 0.000000000000000000, 0.000000000000000000 ) ) ;
#4524 = FACE_OUTER_BOUND ( 'NONE', #13199, .T. ) ;
#4525 = DIRECTION ( 'NONE',  ( -1.000000000000000000, -0.000000000000000000, -0.000000000000000000 ) ) ;
#4526 = ADVANCED_FACE ( 'NONE', ( #11140 ), #11206, .F. ) ;
#4527 = DIRECTION ( 'NONE',  ( -1.000000000000000000, -0.000000000000000000, -0.000000000000000000 ) ) ;
#4528 = EDGE_CURVE ( 'NONE', #10882, #1482, #1765, .T. ) ;
#4529 = LINE ( 'NONE', #5471, #1566 ) ;
#4530 = DIRECTION ( 'NONE',  ( 1.240959386601371334E-16, -1.000000000000000000, -0.000000000000000000 ) ) ;
#4531 = CARTESIAN_POINT ( 'NONE',  ( 35.13110000000000355, -0.6953999999999957993, 14.43750000000000178 ) ) ;
#4532 = EDGE_CURVE ( 'NONE', #2532, #9965, #7191, .T. ) ;
#4534 = ORIENTED_EDGE ( 'NONE', *, *, #7182, .F. ) ;
#4533 = AXIS2_PLACEMENT_3D ( 'NONE', #5927, #5992, #13207 ) ;
#4535 = EDGE_LOOP ( 'NONE', ( #6590, #4205 ) ) ;
#4536 = ORIENTED_EDGE ( 'NONE', *, *, #2281, .T. ) ;
#4537 = FACE_OUTER_BOUND ( 'NONE', #8445, .T. ) ;
#4538 = FACE_OUTER_BOUND ( 'NONE', #6152, .T. ) ;
#4539 = FACE_OUTER_BOUND ( 'NONE', #3979, .T. ) ;
#4540 = AXIS2_PLACEMENT_3D ( 'NONE', #9198, #3091, #8054 ) ;
#4541 = DIRECTION ( 'NONE',  ( 0.000000000000000000, 0.000000000000000000, -1.000000000000000000 ) ) ;
#4542 = DIRECTION ( 'NONE',  ( 0.000000000000000000, -0.000000000000000000, 1.000000000000000000 ) ) ;
#4543 = LINE ( 'NONE', #10703, #4996 ) ;
#4544 = ADVANCED_FACE ( 'NONE', ( #4042, #9416, #5190, #12147, #2098, #2975, #140, #9281, #4252, #12347, #8276, #7060, #72, #947, #5056, #8138, #6129, #3039, #1019, #5129, #7262, #12282, #11341 ), #3105, .F. ) ;
#4545 = CARTESIAN_POINT ( 'NONE',  ( -35.23450000000000415, -0.5499999999999961586, -8.561550000000002214 ) ) ;
#4546 = ORIENTED_EDGE ( 'NONE', *, *, #8654, .F. ) ;
#4547 = VECTOR ( 'NONE', #7536, 39.37007874015748143 ) ;
#4548 = EDGE_CURVE ( 'NONE', #9443, #5577, #10350, .T. ) ;
#4549 = ORIENTED_EDGE ( 'NONE', *, *, #4081, .T. ) ;
#4550 = VECTOR ( 'NONE', #1909, 39.37007874015748143 ) ;
#4551 = ORIENTED_EDGE ( 'NONE', *, *, #9681, .T. ) ;
#4552 = CARTESIAN_POINT ( 'NONE',  ( 35.93750000000000000, 0.5954000000000000403, 14.78124999999999822 ) ) ;
#4553 = DIRECTION ( 'NONE',  ( -1.000000000000000000, 0.000000000000000000, 0.000000000000000000 ) ) ;
#4554 = DIRECTION ( 'NONE',  ( 0.000000000000000000, 0.000000000000000000, -1.000000000000000000 ) ) ;
#4555 = DIRECTION ( 'NONE',  ( 0.000000000000000000, 0.000000000000000000, -1.000000000000000000 ) ) ;
#4556 = CARTESIAN_POINT ( 'NONE',  ( 7.484425000000007877, -0.7999999999999936051, -14.53099999999998637 ) ) ;
#4557 = DIRECTION ( 'NONE',  ( 0.000000000000000000, -1.000000000000000000, -2.967464690054594744E-16 ) ) ;
#4558 = CARTESIAN_POINT ( 'NONE',  ( -35.91709999999999781, -0.2096999999999985820, 13.87500000000000000 ) ) ;
#4559 = CYLINDRICAL_SURFACE ( 'NONE', #1735, 0.08125000000000121014 ) ;
#4560 = ORIENTED_EDGE ( 'NONE', *, *, #2746, .F. ) ;
#4561 = ORIENTED_EDGE ( 'NONE', *, *, #304, .F. ) ;
#4562 = ADVANCED_FACE ( 'NONE', ( #10346 ), #9347, .T. ) ;
#4563 = ORIENTED_EDGE ( 'NONE', *, *, #10255, .T. ) ;
#4564 = DIRECTION ( 'NONE',  ( 0.000000000000000000, -1.000000000000000000, 0.000000000000000000 ) ) ;
#4565 = CIRCLE ( 'NONE', #11617, 0.1565000000000003610 ) ;
#4566 = ORIENTED_EDGE ( 'NONE', *, *, #13179, .T. ) ;
#4567 = AXIS2_PLACEMENT_3D ( 'NONE', #6457, #10541, #11667 ) ;
#4568 = DIRECTION ( 'NONE',  ( 0.000000000000000000, 2.967464690054594744E-16, -1.000000000000000000 ) ) ;
#4569 = EDGE_LOOP ( 'NONE', ( #5998, #8285, #1016, #3669 ) ) ;
#4570 = EDGE_LOOP ( 'NONE', ( #11083, #8769, #3585, #11266 ) ) ;
#4571 = LINE ( 'NONE', #12614, #4337 ) ;
#4572 = ADVANCED_FACE ( 'NONE', ( #12616 ), #12477, .F. ) ;
#4573 = LINE ( 'NONE', #6774, #4889 ) ;
#4574 = DIRECTION ( 'NONE',  ( 0.000000000000000000, 0.000000000000000000, -1.000000000000000000 ) ) ;
#4575 = DIRECTION ( 'NONE',  ( 0.000000000000000000, 0.000000000000000000, -1.000000000000000000 ) ) ;
#4576 = LINE ( 'NONE', #9300, #8862 ) ;
#4577 = VERTEX_POINT ( 'NONE', #11467 ) ;
#4578 = VECTOR ( 'NONE', #12428, 39.37007874015748143 ) ;
#4579 = CIRCLE ( 'NONE', #1140, 0.1250000000000015266 ) ;
#4580 = VERTEX_POINT ( 'NONE', #270 ) ;
#4581 = ORIENTED_EDGE ( 'NONE', *, *, #10918, .F. ) ;
#4582 = DIRECTION ( 'NONE',  ( -0.000000000000000000, -1.000000000000000000, -1.332348806898293597E-16 ) ) ;
#4583 = EDGE_LOOP ( 'NONE', ( #5836, #12926, #10384, #6105, #1928 ) ) ;
#4584 = AXIS2_PLACEMENT_3D ( 'NONE', #12179, #1854, #9242 ) ;
#4585 = LINE ( 'NONE', #3305, #4114 ) ;
#4586 = LINE ( 'NONE', #544, #4202 ) ;
#4587 = DIRECTION ( 'NONE',  ( -1.000000000000000000, 0.000000000000000000, 0.000000000000000000 ) ) ;
#4588 = DIRECTION ( 'NONE',  ( 1.240959386601371334E-16, -1.000000000000000000, 0.000000000000000000 ) ) ;
#4589 = DIRECTION ( 'NONE',  ( 1.240959386601371334E-16, -1.000000000000000000, 0.000000000000000000 ) ) ;
#4590 = PLANE ( 'NONE',  #649 ) ;
#4591 = EDGE_CURVE ( 'NONE', #5148, #4518, #11626, .T. ) ;
#4592 = DIRECTION ( 'NONE',  ( -0.000000000000000000, -1.483732345027297372E-16, 1.000000000000000000 ) ) ;
#4593 = ORIENTED_EDGE ( 'NONE', *, *, #7270, .T. ) ;
#4594 = ADVANCED_FACE ( 'NONE', ( #3296 ), #11735, .F. ) ;
#4595 = ORIENTED_EDGE ( 'NONE', *, *, #5334, .F. ) ;
#4596 = ORIENTED_EDGE ( 'NONE', *, *, #5862, .F. ) ;
#4597 = DIRECTION ( 'NONE',  ( -1.000000000000000000, 0.000000000000000000, 0.000000000000000000 ) ) ;
#4598 = DIRECTION ( 'NONE',  ( 0.000000000000000000, -1.000000000000000000, -2.967464690054594744E-16 ) ) ;
#4599 = LINE ( 'NONE', #433, #1383 ) ;
#4600 = FACE_OUTER_BOUND ( 'NONE', #11723, .T. ) ;
#4601 = CARTESIAN_POINT ( 'NONE',  ( -7.484424999999999883, -0.7999999999999946043, 14.53100000000000591 ) ) ;
#4602 = AXIS2_PLACEMENT_3D ( 'NONE', #2930, #9174, #13041 ) ;
#4603 = CARTESIAN_POINT ( 'NONE',  ( 32.28760000000000474, -0.5499999999999921618, 14.34400000000000475 ) ) ;
#4604 = CIRCLE ( 'NONE', #12084, 0.1565000000000003610 ) ;
#4605 = CARTESIAN_POINT ( 'NONE',  ( -21.73442500000000521, -0.6954000000000040149, -14.42187500000001066 ) ) ;
#4606 = AXIS2_PLACEMENT_3D ( 'NONE', #10359, #10233, #5340 ) ;
#4607 = ORIENTED_EDGE ( 'NONE', *, *, #4074, .T. ) ;
#4608 = CIRCLE ( 'NONE', #12094, 0.2559055118110216687 ) ;
#4609 = ORIENTED_EDGE ( 'NONE', *, *, #3511, .F. ) ;
#4610 = ADVANCED_FACE ( 'NONE', ( #10732 ), #1280, .F. ) ;
#4611 = ORIENTED_EDGE ( 'NONE', *, *, #7825, .T. ) ;
#4612 = VECTOR ( 'NONE', #11187, 39.37007874015748143 ) ;
#4613 = CARTESIAN_POINT ( 'NONE',  ( -11.25002500000000438, -0.7999999999999948264, -14.53099999999999170 ) ) ;
#4614 =( LENGTH_UNIT ( ) NAMED_UNIT ( * ) SI_UNIT ( $, .METRE. ) );
#4615 = DIRECTION ( 'NONE',  ( 0.000000000000000000, -1.000000000000000000, -2.967464690054594744E-16 ) ) ;
#4616 = DIRECTION ( 'NONE',  ( 1.000000000000000000, -0.000000000000000000, 0.000000000000000000 ) ) ;
#4617 = CYLINDRICAL_SURFACE ( 'NONE', #10968, 0.03125000000000147798 ) ;
#4618 = CARTESIAN_POINT ( 'NONE',  ( 17.16232500000000982, -0.6953999999999970205, 14.53100000000000058 ) ) ;
#4619 = DIRECTION ( 'NONE',  ( -0.000000000000000000, -2.967464690054594744E-16, 1.000000000000000000 ) ) ;
#4620 = AXIS2_PLACEMENT_3D ( 'NONE', #11285, #6209, #2233 ) ;
#4621 = DIRECTION ( 'NONE',  ( 1.000000000000000000, 0.000000000000000000, 0.000000000000000000 ) ) ;
#4622 = ORIENTED_EDGE ( 'NONE', *, *, #4334, .F. ) ;
#4623 = ORIENTED_EDGE ( 'NONE', *, *, #2017, .F. ) ;
#4624 = VECTOR ( 'NONE', #10651, 39.37007874015748143 ) ;
#4625 = ADVANCED_FACE ( 'NONE', ( #10675, #6645, #8660, #12739, #2424 ), #2487, .F. ) ;
#4626 = ORIENTED_EDGE ( 'NONE', *, *, #6749, .F. ) ;
#4627 = DIRECTION ( 'NONE',  ( 1.000000000000000000, 0.000000000000000000, 0.000000000000000000 ) ) ;
#4628 = AXIS2_PLACEMENT_3D ( 'NONE', #11397, #11531, #6316 ) ;
#4629 = EDGE_LOOP ( 'NONE', ( #10681, #3239, #11745, #12923 ) ) ;
#4630 = DIRECTION ( 'NONE',  ( 0.000000000000000000, 0.000000000000000000, -1.000000000000000000 ) ) ;
#4631 = ORIENTED_EDGE ( 'NONE', *, *, #9, .F. ) ;
#4632 = ORIENTED_EDGE ( 'NONE', *, *, #11604, .T. ) ;
#4633 = DIRECTION ( 'NONE',  ( -0.000000000000000000, -1.000000000000000000, -1.332348806898293597E-16 ) ) ;
#4634 = EDGE_CURVE ( 'NONE', #6711, #10404, #3431, .T. ) ;
#4635 = DIRECTION ( 'NONE',  ( 0.000000000000000000, 0.000000000000000000, 1.000000000000000000 ) ) ;
#4636 = CARTESIAN_POINT ( 'NONE',  ( -35.23450000000000415, -0.6954000000000000181, 1.811549999999999994 ) ) ;
#4637 = CIRCLE ( 'NONE', #552, 0.2499999999999986955 ) ;
#4638 = EDGE_CURVE ( 'NONE', #2749, #4274, #4443, .T. ) ;
#4639 = PLANE ( 'NONE',  #1863 ) ;
#4640 = CARTESIAN_POINT ( 'NONE',  ( 35.93750000000000000, -0.6953999999999999071, -14.89540000000000042 ) ) ;
#4641 = VERTEX_POINT ( 'NONE', #12546 ) ;
#4642 = VECTOR ( 'NONE', #9676, 39.37007874015748143 ) ;
#4643 = EDGE_LOOP ( 'NONE', ( #12067, #10851 ) ) ;
#4644 = ORIENTED_EDGE ( 'NONE', *, *, #11947, .T. ) ;
#4645 = DIRECTION ( 'NONE',  ( -1.240959386601361473E-16, 1.000000000000000000, 0.000000000000000000 ) ) ;
#4646 = VERTEX_POINT ( 'NONE', #3564 ) ;
#4647 = AXIS2_PLACEMENT_3D ( 'NONE', #10374, #12440, #7487 ) ;
#4648 = CARTESIAN_POINT ( 'NONE',  ( 35.23450000000000415, -0.5499999999999918288, 8.561550000000005767 ) ) ;
#4649 = PLANE ( 'NONE',  #6759 ) ;
#4650 = DIRECTION ( 'NONE',  ( -0.000000000000000000, 1.000000000000000000, -0.000000000000000000 ) ) ;
#4651 = EDGE_CURVE ( 'NONE', #3009, #4103, #7459, .T. ) ;
#4652 = DIRECTION ( 'NONE',  ( -0.000000000000000000, -1.000000000000000000, -1.332348806898293597E-16 ) ) ;
#4653 = CARTESIAN_POINT ( 'NONE',  ( -21.48442500000000166, 0.7000000000000407008, 12.43750000000000178 ) ) ;
#4654 = PLANE ( 'NONE',  #7528 ) ;
#4655 = LINE ( 'NONE', #2637, #10030 ) ;
#4656 = ORIENTED_EDGE ( 'NONE', *, *, #12286, .T. ) ;
#4657 = AXIS2_PLACEMENT_3D ( 'NONE', #8193, #1740, #9062 ) ;
#4658 = VECTOR ( 'NONE', #480, 39.37007874015748143 ) ;
#4659 = ORIENTED_EDGE ( 'NONE', *, *, #5370, .F. ) ;
#4660 = ADVANCED_FACE ( 'NONE', ( #208 ), #10475, .T. ) ;
#4661 = ORIENTED_EDGE ( 'NONE', *, *, #5112, .T. ) ;
#4662 = VECTOR ( 'NONE', #3758, 39.37007874015748143 ) ;
#4663 = CARTESIAN_POINT ( 'NONE',  ( 11.09352500000000852, -0.5499999999999934941, 14.53100000000000058 ) ) ;
#4664 = LINE ( 'NONE', #9827, #6120 ) ;
#4665 = DIRECTION ( 'NONE',  ( -1.000000000000000000, 0.000000000000000000, 0.000000000000000000 ) ) ;
#4666 = CARTESIAN_POINT ( 'NONE',  ( -26.40652500000000558, -0.6953999999999996851, -14.53099999999999170 ) ) ;
#4667 = VECTOR ( 'NONE', #1066, 39.37007874015748143 ) ;
#4668 = AXIS2_PLACEMENT_3D ( 'NONE', #1018, #5128, #2832 ) ;
#4669 = PLANE ( 'NONE',  #10952 ) ;
#4670 = DIRECTION ( 'NONE',  ( -0.000000000000000000, -1.000000000000000000, -1.332348806898293597E-16 ) ) ;
#4671 = CARTESIAN_POINT ( 'NONE',  ( -32.13110000000000355, -0.6954000000000000181, -14.53099999999999348 ) ) ;
#4672 = ORIENTED_EDGE ( 'NONE', *, *, #4051, .F. ) ;
#4673 = EDGE_CURVE ( 'NONE', #12502, #11592, #12046, .T. ) ;
#4674 = CIRCLE ( 'NONE', #8544, 0.1565000000000003610 ) ;
#4675 = CIRCLE ( 'NONE', #1662, 0.1565000000000003610 ) ;
#4676 = ORIENTED_EDGE ( 'NONE', *, *, #7639, .T. ) ;
#4677 = AXIS2_PLACEMENT_3D ( 'NONE', #11073, #821, #2702 ) ;
#4678 = ORIENTED_EDGE ( 'NONE', *, *, #278, .T. ) ;
#4679 = DIRECTION ( 'NONE',  ( 1.000000000000000000, -0.000000000000000000, -0.000000000000000000 ) ) ;
#4680 = DIRECTION ( 'NONE',  ( -1.000000000000000000, -0.000000000000000000, -0.000000000000000000 ) ) ;
#4681 = DIRECTION ( 'NONE',  ( 0.000000000000000000, 0.000000000000000000, -1.000000000000000000 ) ) ;
#4682 = CARTESIAN_POINT ( 'NONE',  ( 3.749999999999997780, -0.5499999999999939382, -14.53099999999998815 ) ) ;
#4683 = DIRECTION ( 'NONE',  ( -0.000000000000000000, -1.000000000000000000, -1.332348806898293597E-16 ) ) ;
#4684 = VECTOR ( 'NONE', #8323, 39.37007874015748143 ) ;
#4685 = DIRECTION ( 'NONE',  ( 0.000000000000000000, 0.000000000000000000, -1.000000000000000000 ) ) ;
#4686 = ADVANCED_FACE ( 'NONE', ( #5456 ), #8601, .F. ) ;
#4687 = CARTESIAN_POINT ( 'NONE',  ( -21.73442500000000521, -0.6954000000000040149, -14.42187500000001066 ) ) ;
#4688 = PLANE ( 'NONE',  #5615 ) ;
#4689 = ORIENTED_EDGE ( 'NONE', *, *, #12569, .T. ) ;
#4690 = EDGE_CURVE ( 'NONE', #1208, #230, #10139, .T. ) ;
#4691 = ORIENTED_EDGE ( 'NONE', *, *, #3109, .F. ) ;
#4692 = ORIENTED_EDGE ( 'NONE', *, *, #7700, .T. ) ;
#4693 = CARTESIAN_POINT ( 'NONE',  ( -17.00582500000000508, -0.6953999999999989079, -14.89539999999999864 ) ) ;
#4694 = ORIENTED_EDGE ( 'NONE', *, *, #13000, .F. ) ;
#4695 = CARTESIAN_POINT ( 'NONE',  ( -36.02170000000000272, -0.2096999999999985820, 14.00000000000000355 ) ) ;
#4696 = ORIENTED_EDGE ( 'NONE', *, *, #9628, .T. ) ;
#4697 = ORIENTED_EDGE ( 'NONE', *, *, #3968, .T. ) ;
#4698 = DIRECTION ( 'NONE',  ( -1.000000000000000000, -5.463695987328555033E-16, -0.000000000000000000 ) ) ;
#4699 = DIRECTION ( 'NONE',  ( 0.000000000000000000, 0.000000000000000000, -1.000000000000000000 ) ) ;
#4700 = CARTESIAN_POINT ( 'NONE',  ( -22.20317500000001232, -0.5895000000000039098, 14.79687500000000000 ) ) ;
#4701 = EDGE_CURVE ( 'NONE', #414, #11551, #8429, .T. ) ;
#4702 = CARTESIAN_POINT ( 'NONE',  ( -17.00582500000000508, -0.5499999999999952704, -14.53099999999999348 ) ) ;
#4703 = DIRECTION ( 'NONE',  ( -0.000000000000000000, -1.000000000000000000, -1.332348806898293597E-16 ) ) ;
#4704 = ORIENTED_EDGE ( 'NONE', *, *, #7425, .T. ) ;
#4705 = ORIENTED_EDGE ( 'NONE', *, *, #7732, .F. ) ;
#4706 = ADVANCED_FACE ( 'NONE', ( #2559 ), #4314, .F. ) ;
#4707 = ORIENTED_EDGE ( 'NONE', *, *, #11440, .T. ) ;
#4708 = DIRECTION ( 'NONE',  ( 0.000000000000000000, -1.000000000000000000, -1.332348806898293597E-16 ) ) ;
#4709 = VERTEX_POINT ( 'NONE', #9928 ) ;
#4710 = ORIENTED_EDGE ( 'NONE', *, *, #7027, .F. ) ;
#4711 = CARTESIAN_POINT ( 'NONE',  ( 36.02170000000000272, -0.8000000000000022649, 14.78124999999999822 ) ) ;
#4712 = DIRECTION ( 'NONE',  ( -0.000000000000000000, -1.000000000000000000, -1.332348806898293597E-16 ) ) ;
#4713 = DIRECTION ( 'NONE',  ( -0.000000000000000000, 1.000000000000000000, -0.000000000000000000 ) ) ;
#4714 = DIRECTION ( 'NONE',  ( 0.000000000000000000, 0.000000000000000000, -1.000000000000000000 ) ) ;
#4715 = CARTESIAN_POINT ( 'NONE',  ( 35.23450000000000415, -0.7999999999999917177, -1.811549999999973792 ) ) ;
#4716 = DIRECTION ( 'NONE',  ( 0.000000000000000000, -1.000000000000000000, 0.000000000000000000 ) ) ;
#4717 = ORIENTED_EDGE ( 'NONE', *, *, #11459, .F. ) ;
#4718 = VERTEX_POINT ( 'NONE', #6844 ) ;
#4719 = VECTOR ( 'NONE', #8765, 39.37007874015748143 ) ;
#4720 = EDGE_CURVE ( 'NONE', #3058, #8507, #10984, .T. ) ;
#4721 = VERTEX_POINT ( 'NONE', #2880 ) ;
#4722 = ORIENTED_EDGE ( 'NONE', *, *, #11488, .F. ) ;
#4723 = DIRECTION ( 'NONE',  ( 0.000000000000000000, 0.000000000000000000, -1.000000000000000000 ) ) ;
#4724 = AXIS2_PLACEMENT_3D ( 'NONE', #11351, #9225, #10231 ) ;
#4725 = CARTESIAN_POINT ( 'NONE',  ( -7.327925000000003131, -0.6953999999999983528, -14.89539999999999154 ) ) ;
#4726 = LINE ( 'NONE', #8822, #11569 ) ;
#4727 = CARTESIAN_POINT ( 'NONE',  ( -21.79692499999999811, -0.6207000000000038042, -13.92187500000001066 ) ) ;
#4728 = EDGE_CURVE ( 'NONE', #3466, #10396, #11830, .T. ) ;
#4729 = DIRECTION ( 'NONE',  ( -0.000000000000000000, -1.000000000000000000, -1.332348806898293597E-16 ) ) ;
#4730 = AXIS2_PLACEMENT_3D ( 'NONE', #6216, #1039, #5207 ) ;
#4731 = CARTESIAN_POINT ( 'NONE',  ( 21.37157499999998933, -0.6954000000000040149, 14.79687500000000000 ) ) ;
#4732 = EDGE_CURVE ( 'NONE', #992, #10087, #5644, .T. ) ;
#4733 = CARTESIAN_POINT ( 'NONE',  ( -17.31882500000001102, -0.6953999999999991299, 14.34400000000000475 ) ) ;
#4734 = AXIS2_PLACEMENT_3D ( 'NONE', #223, #11220, #13229 ) ;
#4735 = ORIENTED_EDGE ( 'NONE', *, *, #10373, .F. ) ;
#4736 = VERTEX_POINT ( 'NONE', #10920 ) ;
#4737 = VECTOR ( 'NONE', #11365, 39.37007874015748143 ) ;
#4738 = ORIENTED_EDGE ( 'NONE', *, *, #12092, .F. ) ;
#4739 = ORIENTED_EDGE ( 'NONE', *, *, #4885, .F. ) ;
#4740 = DIRECTION ( 'NONE',  ( 0.000000000000000000, 0.000000000000000000, 1.000000000000000000 ) ) ;
#4741 = DIRECTION ( 'NONE',  ( 0.000000000000000000, -1.000000000000000000, -1.332348806898293597E-16 ) ) ;
#4742 = DIRECTION ( 'NONE',  ( 0.000000000000000000, 0.000000000000000000, -1.000000000000000000 ) ) ;
#4743 = CARTESIAN_POINT ( 'NONE',  ( 35.23450000000000415, -0.6953999999999956882, -8.436549999999973792 ) ) ;
#4744 = CARTESIAN_POINT ( 'NONE',  ( -28.38110000000001065, -0.5499999999999959366, 14.34400000000000652 ) ) ;
#4745 = AXIS2_PLACEMENT_3D ( 'NONE', #2401, #3671, #7766 ) ;
#4746 = DIRECTION ( 'NONE',  ( 0.000000000000000000, -1.000000000000000000, -2.967464690054594744E-16 ) ) ;
#4747 = DIRECTION ( 'NONE',  ( 0.000000000000000000, -0.000000000000000000, 1.000000000000000000 ) ) ;
#4748 = FACE_OUTER_BOUND ( 'NONE', #3287, .T. ) ;
#4749 = EDGE_CURVE ( 'NONE', #8981, #3472, #13062, .T. ) ;
#4750 = FACE_OUTER_BOUND ( 'NONE', #2279, .T. ) ;
#4751 = AXIS2_PLACEMENT_3D ( 'NONE', #13011, #9741, #12877 ) ;
#4752 = ORIENTED_EDGE ( 'NONE', *, *, #9424, .T. ) ;
#4753 = ORIENTED_EDGE ( 'NONE', *, *, #10071, .T. ) ;
#4754 = AXIS2_PLACEMENT_3D ( 'NONE', #435, #1376, #5746 ) ;
#4755 = ORIENTED_EDGE ( 'NONE', *, *, #9941, .F. ) ;
#4756 = CARTESIAN_POINT ( 'NONE',  ( -35.93750000000000000, -0.6641499999999997961, -14.89540000000000042 ) ) ;
#4757 = ORIENTED_EDGE ( 'NONE', *, *, #535, .T. ) ;
#4758 = VECTOR ( 'NONE', #9994, 39.37007874015748143 ) ;
#4759 = CARTESIAN_POINT ( 'NONE',  ( -21.35942499999999455, 0.7000000000000407008, -12.43750000000001066 ) ) ;
#4760 = ORIENTED_EDGE ( 'NONE', *, *, #43, .F. ) ;
#4761 = ORIENTED_EDGE ( 'NONE', *, *, #7706, .T. ) ;
#4762 = CYLINDRICAL_SURFACE ( 'NONE', #2897, 0.1565000000000003610 ) ;
#4763 = DIRECTION ( 'NONE',  ( 1.240959386601371334E-16, -1.000000000000000000, 0.000000000000000000 ) ) ;
#4764 = DIRECTION ( 'NONE',  ( -1.000000000000000000, 0.000000000000000000, 0.000000000000000000 ) ) ;
#4765 = CARTESIAN_POINT ( 'NONE',  ( -20.99657499999999999, -0.5895000000000039098, 14.79687500000000000 ) ) ;
#4766 = DIRECTION ( 'NONE',  ( 0.000000000000000000, 0.000000000000000000, -1.000000000000000000 ) ) ;
#4767 = ORIENTED_EDGE ( 'NONE', *, *, #5736, .F. ) ;
#4768 = ORIENTED_EDGE ( 'NONE', *, *, #5362, .F. ) ;
#4769 = ORIENTED_EDGE ( 'NONE', *, *, #5753, .F. ) ;
#4770 = FACE_BOUND ( 'NONE', #12541, .T. ) ;
#4771 = ORIENTED_EDGE ( 'NONE', *, *, #12170, .T. ) ;
#4772 = DIRECTION ( 'NONE',  ( 0.000000000000000000, 0.000000000000000000, -1.000000000000000000 ) ) ;
#4773 = ORIENTED_EDGE ( 'NONE', *, *, #9377, .T. ) ;
#4774 = FACE_OUTER_BOUND ( 'NONE', #918, .T. ) ;
#4775 = EDGE_CURVE ( 'NONE', #2316, #4301, #12483, .T. ) ;
#4776 = CARTESIAN_POINT ( 'NONE',  ( -35.93750000000000000, -0.7999999999999999334, -13.97480000000000011 ) ) ;
#4777 = LINE ( 'NONE', #9009, #1133 ) ;
#4778 = VECTOR ( 'NONE', #9110, 39.37007874015748143 ) ;
#4779 = DIRECTION ( 'NONE',  ( 0.000000000000000000, 0.000000000000000000, -1.000000000000000000 ) ) ;
#4781 = CIRCLE ( 'NONE', #1351, 0.1565000000000003610 ) ;
#4780 = DIRECTION ( 'NONE',  ( -0.000000000000000000, -1.000000000000000000, -1.332348806898293597E-16 ) ) ;
#4782 = EDGE_CURVE ( 'NONE', #7231, #2597, #917, .T. ) ;
#4783 = EDGE_LOOP ( 'NONE', ( #9782, #8607 ) ) ;
#4784 = ADVANCED_FACE ( 'NONE', ( #5712 ), #11994, .F. ) ;
#4785 = ORIENTED_EDGE ( 'NONE', *, *, #12974, .T. ) ;
#4786 = ORIENTED_EDGE ( 'NONE', *, *, #12713, .T. ) ;
#4787 = VECTOR ( 'NONE', #4936, 39.37007874015748143 ) ;
#4788 = ORIENTED_EDGE ( 'NONE', *, *, #597, .F. ) ;
#4789 = DIRECTION ( 'NONE',  ( 0.000000000000000000, 0.000000000000000000, 1.000000000000000000 ) ) ;
#4790 = LINE ( 'NONE', #12022, #7194 ) ;
#4791 = CARTESIAN_POINT ( 'NONE',  ( 18.75002500000000438, -0.6953999999999969095, 14.18750000000000178 ) ) ;
#4792 = CARTESIAN_POINT ( 'NONE',  ( 31.97460000000000235, -0.7999999999999921618, 14.53100000000000058 ) ) ;
#4793 = DIRECTION ( 'NONE',  ( 0.000000000000000000, 1.000000000000000000, 0.000000000000000000 ) ) ;
#4794 = EDGE_CURVE ( 'NONE', #8007, #10705, #12929, .T. ) ;
#4795 = DIRECTION ( 'NONE',  ( -0.000000000000000000, -1.000000000000000000, -1.332348806898293597E-16 ) ) ;
#4796 = VECTOR ( 'NONE', #1137, 39.37007874015748143 ) ;
#4797 = CARTESIAN_POINT ( 'NONE',  ( -36.02170000000008088, 0.6999999999999995115, 4.330708661417580707 ) ) ;
#4798 = VERTEX_POINT ( 'NONE', #1609 ) ;
#4799 = ORIENTED_EDGE ( 'NONE', *, *, #617, .F. ) ;
#4800 = EDGE_CURVE ( 'NONE', #7988, #8200, #661, .T. ) ;
#4801 = DIRECTION ( 'NONE',  ( -0.000000000000000000, -0.000000000000000000, -1.000000000000000000 ) ) ;
#4802 = EDGE_LOOP ( 'NONE', ( #1776, #2228, #2283, #4626 ) ) ;
#4803 = EDGE_LOOP ( 'NONE', ( #7052, #7808, #9261, #4484, #8447, #7104, #3876, #3971 ) ) ;
#4804 = CARTESIAN_POINT ( 'NONE',  ( -18.75002500000000438, -0.7999999999999952704, -14.34399999999999586 ) ) ;
#4805 = CARTESIAN_POINT ( 'NONE',  ( 18.75002500000000438, -0.7999999999999929390, -14.34399999999999586 ) ) ;
#4806 = CYLINDRICAL_SURFACE ( 'NONE', #4422, 0.1565000000000003610 ) ;
#4807 = CARTESIAN_POINT ( 'NONE',  ( -3.593500000000001915, -0.5499999999999943823, 14.53100000000000058 ) ) ;
#4808 = DIRECTION ( 'NONE',  ( -0.000000000000000000, -2.967464690054594744E-16, 1.000000000000000000 ) ) ;
#4809 = VECTOR ( 'NONE', #639, 39.37007874015748143 ) ;
#4810 = DIRECTION ( 'NONE',  ( 0.000000000000000000, 2.967464690054594744E-16, -1.000000000000000000 ) ) ;
#4811 = DIRECTION ( 'NONE',  ( -0.000000000000000000, -1.000000000000000000, -1.332348806898293597E-16 ) ) ;
#4812 = CARTESIAN_POINT ( 'NONE',  ( -21.73442500000000877, -0.4299000000000040012, 14.42187500000000178 ) ) ;
#4813 = EDGE_LOOP ( 'NONE', ( #9081, #7517 ) ) ;
#4814 = VECTOR ( 'NONE', #7232, 39.37007874015748143 ) ;
#4815 = ORIENTED_EDGE ( 'NONE', *, *, #5151, .T. ) ;
#4816 = VECTOR ( 'NONE', #13059, 39.37007874015748143 ) ;
#4817 = ORIENTED_EDGE ( 'NONE', *, *, #10561, .T. ) ;
#4818 = DIRECTION ( 'NONE',  ( -1.000000000000000000, 0.000000000000000000, 0.000000000000000000 ) ) ;
#4819 = EDGE_CURVE ( 'NONE', #6932, #10814, #3693, .T. ) ;
#4820 = EDGE_LOOP ( 'NONE', ( #45, #3702, #9131, #13178, #7796, #2672, #2526, #12190 ) ) ;
#4821 = DIRECTION ( 'NONE',  ( 0.000000000000000000, 0.000000000000000000, 1.000000000000000000 ) ) ;
#4822 = EDGE_LOOP ( 'NONE', ( #4975, #4611, #3283, #9099 ) ) ;
#4823 = VECTOR ( 'NONE', #6640, 39.37007874015748143 ) ;
#4824 = ORIENTED_EDGE ( 'NONE', *, *, #673, .F. ) ;
#4825 = LINE ( 'NONE', #8922, #1819 ) ;
#4826 = MANIFOLD_SOLID_BREP ( 'Fillet3', #887 ) ;
#4827 = VECTOR ( 'NONE', #3456, 39.37007874015748143 ) ;
#4828 = FACE_OUTER_BOUND ( 'NONE', #7513, .T. ) ;
#4829 = PLANE ( 'NONE',  #1022 ) ;
#4830 = CARTESIAN_POINT ( 'NONE',  ( -21.57792500000000402, -0.5499999999999954925, -14.34399999999999764 ) ) ;
#4831 = CARTESIAN_POINT ( 'NONE',  ( -7.327924999999998690, -0.6954000000000036819, 14.53100000000000591 ) ) ;
#4832 = ORIENTED_EDGE ( 'NONE', *, *, #12862, .T. ) ;
#4833 = VECTOR ( 'NONE', #1798, 39.37007874015748143 ) ;
#4834 = VECTOR ( 'NONE', #11415, 39.37007874015748143 ) ;
#4835 = EDGE_LOOP ( 'NONE', ( #956, #3292, #2854, #10444, #11954 ) ) ;
#4836 = EDGE_LOOP ( 'NONE', ( #5991, #6234 ) ) ;
#4837 = DIRECTION ( 'NONE',  ( -0.000000000000000000, -1.000000000000000000, -1.332348806898293597E-16 ) ) ;
#4838 = ORIENTED_EDGE ( 'NONE', *, *, #276, .F. ) ;
#4839 = DIRECTION ( 'NONE',  ( -0.000000000000000000, -2.967464690054594744E-16, 1.000000000000000000 ) ) ;
#4840 = ORIENTED_EDGE ( 'NONE', *, *, #1175, .T. ) ;
#4841 = FACE_OUTER_BOUND ( 'NONE', #13218, .T. ) ;
#4842 = DIRECTION ( 'NONE',  ( 0.000000000000000000, 0.000000000000000000, -1.000000000000000000 ) ) ;
#4843 = CARTESIAN_POINT ( 'NONE',  ( 18.59352500000000319, -0.6953999999999969095, 14.34399999999999942 ) ) ;
#4844 = CARTESIAN_POINT ( 'NONE',  ( 11.40652500000000913, -0.5499999999999934941, 14.53100000000000058 ) ) ;
#4845 = AXIS2_PLACEMENT_3D ( 'NONE', #12612, #3868, #1342 ) ;
#4846 = DIRECTION ( 'NONE',  ( -0.000000000000000000, -2.967464690054594744E-16, 1.000000000000000000 ) ) ;
#4847 = ORIENTED_EDGE ( 'NONE', *, *, #12156, .F. ) ;
#4848 = ADVANCED_FACE ( 'NONE', ( #5912 ), #4829, .F. ) ;
#4849 = ORIENTED_EDGE ( 'NONE', *, *, #7496, .T. ) ;
#4850 = AXIS2_PLACEMENT_3D ( 'NONE', #1375, #4408, #2328 ) ;
#4851 = EDGE_CURVE ( 'NONE', #10075, #9433, #5175, .T. ) ;
#4852 = EDGE_CURVE ( 'NONE', #9336, #608, #11325, .T. ) ;
#4853 = ORIENTED_EDGE ( 'NONE', *, *, #10054, .T. ) ;
#4854 = ORIENTED_EDGE ( 'NONE', *, *, #5297, .F. ) ;
#4855 = CARTESIAN_POINT ( 'NONE',  ( -22.09727500000001044, -0.5895000000000039098, 14.79687500000000000 ) ) ;
#4856 = EDGE_CURVE ( 'NONE', #10796, #9611, #6180, .T. ) ;
#4857 = CARTESIAN_POINT ( 'NONE',  ( 11.40652500000000025, -0.7999999999999934941, -14.34399999999999764 ) ) ;
#4858 = DIRECTION ( 'NONE',  ( 0.000000000000000000, -1.000000000000000000, -2.967464690054594744E-16 ) ) ;
#4859 = CARTESIAN_POINT ( 'NONE',  ( -21.51567500000000166, -0.4299000000000040012, -14.42187500000001066 ) ) ;
#4860 = DIRECTION ( 'NONE',  ( 0.000000000000000000, 0.000000000000000000, 1.000000000000000000 ) ) ;
#4861 = CARTESIAN_POINT ( 'NONE',  ( 35.88585000000000491, -0.6954000000000021275, -13.78219999999999956 ) ) ;
#4862 = ADVANCED_FACE ( 'NONE', ( #8052 ), #11192, .F. ) ;
#4863 = AXIS2_PLACEMENT_3D ( 'NONE', #6522, #8473, #2226 ) ;
#4864 = AXIS2_PLACEMENT_3D ( 'NONE', #3459, #5556, #12642 ) ;
#4865 = FACE_OUTER_BOUND ( 'NONE', #11881, .T. ) ;
#4866 = EDGE_LOOP ( 'NONE', ( #346, #10976, #5101, #2050 ) ) ;
#4867 = ADVANCED_FACE ( 'NONE', ( #11258 ), #2010, .F. ) ;
#4868 = ADVANCED_FACE ( 'NONE', ( #10331 ), #5240, .F. ) ;
#4869 = ORIENTED_EDGE ( 'NONE', *, *, #5287, .T. ) ;
#4870 = AXIS2_PLACEMENT_3D ( 'NONE', #1787, #5894, #7771 ) ;
#4871 = CARTESIAN_POINT ( 'NONE',  ( -7.327925000000003131, -0.5499999999999946043, -14.34399999999999054 ) ) ;
#4872 = ORIENTED_EDGE ( 'NONE', *, *, #10884, .F. ) ;
#4873 = VECTOR ( 'NONE', #4882, 39.37007874015748143 ) ;
#4874 = VECTOR ( 'NONE', #6142, 39.37007874015748143 ) ;
#4876 = EDGE_LOOP ( 'NONE', ( #5550, #2125, #853, #2004 ) ) ;
#4875 = ADVANCED_FACE ( 'NONE', ( #6046 ), #9128, .F. ) ;
#4877 = DIRECTION ( 'NONE',  ( -0.000000000000000000, -1.000000000000000000, -1.332348806898293597E-16 ) ) ;
#4878 = CARTESIAN_POINT ( 'NONE',  ( 35.23450000000000415, -0.7999999999999917177, 8.561550000000005767 ) ) ;
#4879 = DIRECTION ( 'NONE',  ( 0.000000000000000000, -1.000000000000000000, -1.332348806898293597E-16 ) ) ;
#4880 = DIRECTION ( 'NONE',  ( 0.000000000000000000, 0.000000000000000000, -1.000000000000000000 ) ) ;
#4881 = DIRECTION ( 'NONE',  ( -0.000000000000000000, -1.000000000000000000, -1.332348806898293597E-16 ) ) ;
#4882 = DIRECTION ( 'NONE',  ( 1.000000000000000000, -0.000000000000000000, -0.000000000000000000 ) ) ;
#4883 = DIRECTION ( 'NONE',  ( 1.240959386601371334E-16, -1.000000000000000000, -0.000000000000000000 ) ) ;
#4884 = DIRECTION ( 'NONE',  ( 0.000000000000000000, 0.000000000000000000, -1.000000000000000000 ) ) ;
#4885 = EDGE_CURVE ( 'NONE', #9290, #10192, #2307, .T. ) ;
#4886 = VECTOR ( 'NONE', #4712, 39.37007874015748143 ) ;
#4887 = ORIENTED_EDGE ( 'NONE', *, *, #10220, .F. ) ;
#4888 = VECTOR ( 'NONE', #7803, 39.37007874015748143 ) ;
#4890 = VERTEX_POINT ( 'NONE', #1942 ) ;
#4889 = VECTOR ( 'NONE', #1608, 39.37007874015748143 ) ;
#4891 = VECTOR ( 'NONE', #8848, 39.37007874015748143 ) ;
#4893 = VERTEX_POINT ( 'NONE', #3219 ) ;
#4892 = EDGE_CURVE ( 'NONE', #1141, #8784, #1000, .T. ) ;
#4894 = DIRECTION ( 'NONE',  ( 1.000000000000000000, -0.000000000000000000, 0.000000000000000000 ) ) ;
#4895 = VERTEX_POINT ( 'NONE', #13263 ) ;
#4896 = DIRECTION ( 'NONE',  ( -1.240959386601371334E-16, 1.000000000000000000, 0.000000000000000000 ) ) ;
#4897 = DIRECTION ( 'NONE',  ( 0.000000000000000000, -1.000000000000000000, -1.332348806898293597E-16 ) ) ;
#4898 = VERTEX_POINT ( 'NONE', #9267 ) ;
#4899 = LINE ( 'NONE', #8992, #9479 ) ;
#4900 = CARTESIAN_POINT ( 'NONE',  ( 3.906499999999998529, -0.5499999999999939382, -14.53099999999998992 ) ) ;
#4901 = CARTESIAN_POINT ( 'NONE',  ( -35.93750000000000000, -0.6953999999999999071, -14.86415000000000219 ) ) ;
#4902 = DIRECTION ( 'NONE',  ( 0.000000000000000000, 0.000000000000000000, -1.000000000000000000 ) ) ;
#4903 = VECTOR ( 'NONE', #2582, 39.37007874015748143 ) ;
#4904 = DIRECTION ( 'NONE',  ( -1.000000000000000000, 0.000000000000000000, 0.000000000000000000 ) ) ;
#4905 = CARTESIAN_POINT ( 'NONE',  ( 33.63110000000000355, -0.6953999999999957993, 14.56250000000000533 ) ) ;
#4906 = ORIENTED_EDGE ( 'NONE', *, *, #4060, .T. ) ;
#4907 = EDGE_CURVE ( 'NONE', #8833, #9149, #5738, .T. ) ;
#4908 = CIRCLE ( 'NONE', #12390, 0.2559055118110260540 ) ;
#4909 = ADVANCED_FACE ( 'NONE', ( #9060 ), #12267, .F. ) ;
#4910 = VERTEX_POINT ( 'NONE', #4232 ) ;
#4911 = ORIENTED_EDGE ( 'NONE', *, *, #6929, .T. ) ;
#4912 = PLANE ( 'NONE',  #4414 ) ;
#4913 = VERTEX_POINT ( 'NONE', #6110 ) ;
#4914 = DIRECTION ( 'NONE',  ( 0.000000000000000000, 0.000000000000000000, -1.000000000000000000 ) ) ;
#4915 = ORIENTED_EDGE ( 'NONE', *, *, #558, .T. ) ;
#4916 = LINE ( 'NONE', #4648, #667 ) ;
#4917 = CARTESIAN_POINT ( 'NONE',  ( -31.97460000000000235, -0.5499999999999961586, 14.34400000000000475 ) ) ;
#4918 = DIRECTION ( 'NONE',  ( -0.000000000000000000, -1.000000000000000000, -1.332348806898293597E-16 ) ) ;
#4919 = ADVANCED_FACE ( 'NONE', ( #10271 ), #12330, .F. ) ;
#4920 = LINE ( 'NONE', #613, #7034 ) ;
#4921 = DIRECTION ( 'NONE',  ( 0.000000000000000000, 2.967464690054594744E-16, -1.000000000000000000 ) ) ;
#4922 = EDGE_LOOP ( 'NONE', ( #11345, #1074, #5757, #12410 ) ) ;
#4923 = MANIFOLD_SOLID_BREP ( 'LPattern1', #4974 ) ;
#4924 = ORIENTED_EDGE ( 'NONE', *, *, #6289, .F. ) ;
#4925 = VERTEX_POINT ( 'NONE', #3347 ) ;
#4926 = ORIENTED_EDGE ( 'NONE', *, *, #3368, .F. ) ;
#4927 = EDGE_CURVE ( 'NONE', #394, #5462, #8124, .T. ) ;
#4928 = EDGE_CURVE ( 'NONE', #1618, #135, #7376, .T. ) ;
#4929 = DIRECTION ( 'NONE',  ( -1.000000000000000000, 0.000000000000000000, 0.000000000000000000 ) ) ;
#4930 = CARTESIAN_POINT ( 'NONE',  ( -21.35942499999999455, -0.6207000000000038042, -12.43750000000001066 ) ) ;
#4931 = DIRECTION ( 'NONE',  ( 0.000000000000000000, 0.000000000000000000, -1.000000000000000000 ) ) ;
#4932 = EDGE_CURVE ( 'NONE', #10788, #10075, #10655, .T. ) ;
#4933 = DIRECTION ( 'NONE',  ( 1.000000000000000000, -0.000000000000000000, -0.000000000000000000 ) ) ;
#4934 = CARTESIAN_POINT ( 'NONE',  ( 3.593500000000001915, -0.7999999999999939382, 14.53100000000000058 ) ) ;
#4935 = ADVANCED_FACE ( 'NONE', ( #5507 ), #12462, .F. ) ;
#4936 = DIRECTION ( 'NONE',  ( 0.000000000000000000, 0.000000000000000000, -1.000000000000000000 ) ) ;
#4938 = AXIS2_PLACEMENT_3D ( 'NONE', #11781, #8910, #9042 ) ;
#4937 = CARTESIAN_POINT ( 'NONE',  ( -17.00582500000000508, -0.5499999999999952704, -14.34399999999999764 ) ) ;
#4939 = ORIENTED_EDGE ( 'NONE', *, *, #12268, .F. ) ;
#4940 = ORIENTED_EDGE ( 'NONE', *, *, #8197, .T. ) ;
#4941 = DIRECTION ( 'NONE',  ( -1.000000000000000000, 0.000000000000000000, -0.000000000000000000 ) ) ;
#4942 = EDGE_LOOP ( 'NONE', ( #1027, #10595, #9672, #2580 ) ) ;
#4943 = ORIENTED_EDGE ( 'NONE', *, *, #2875, .T. ) ;
#4944 = CARTESIAN_POINT ( 'NONE',  ( 18.75002500000000438, -0.5499999999999929390, 14.53099999999999703 ) ) ;
#4945 = CARTESIAN_POINT ( 'NONE',  ( -21.89092500000000996, -0.5499999999999954925, 14.53100000000000058 ) ) ;
#4946 = AXIS2_PLACEMENT_3D ( 'NONE', #6010, #8963, #11157 ) ;
#4947 = DIRECTION ( 'NONE',  ( -1.000000000000000000, 0.000000000000000000, 0.000000000000000000 ) ) ;
#4948 = EDGE_CURVE ( 'NONE', #4910, #6484, #6376, .T. ) ;
#4949 = EDGE_CURVE ( 'NONE', #633, #9915, #11583, .T. ) ;
#4950 = DIRECTION ( 'NONE',  ( 0.000000000000000000, 1.000000000000000000, 0.000000000000000000 ) ) ;
#4951 = PLANE ( 'NONE',  #6694 ) ;
#4952 = AXIS2_PLACEMENT_3D ( 'NONE', #11548, #2374, #6475 ) ;
#4953 = CYLINDRICAL_SURFACE ( 'NONE', #10658, 0.1250000000000026368 ) ;
#4954 = LINE ( 'NONE', #9316, #4778 ) ;
#4955 = CARTESIAN_POINT ( 'NONE',  ( -35.88585000000000491, 0.5954000000000000403, -14.78124999999999822 ) ) ;
#4956 = EDGE_CURVE ( 'NONE', #1882, #5424, #3546, .T. ) ;
#4957 = EDGE_LOOP ( 'NONE', ( #11047, #4335, #5903, #12235 ) ) ;
#4958 = EDGE_LOOP ( 'NONE', ( #2245, #6515, #10155, #9838, #6513 ) ) ;
#4959 = EDGE_CURVE ( 'NONE', #9848, #11652, #7506, .T. ) ;
#4960 = VECTOR ( 'NONE', #1001, 39.37007874015748143 ) ;
#4961 = DIRECTION ( 'NONE',  ( 0.000000000000000000, -1.332348806898293843E-16, 1.000000000000000000 ) ) ;
#4962 = ORIENTED_EDGE ( 'NONE', *, *, #9231, .T. ) ;
#4963 = DIRECTION ( 'NONE',  ( 1.240959386601371334E-16, -1.000000000000000000, -0.000000000000000000 ) ) ;
#4964 = LINE ( 'NONE', #9053, #4206 ) ;
#4965 = EDGE_LOOP ( 'NONE', ( #4689, #7481, #7644, #723 ) ) ;
#4966 = FACE_BOUND ( 'NONE', #3489, .T. ) ;
#4967 = LINE ( 'NONE', #2878, #541 ) ;
#4968 = LINE ( 'NONE', #998, #4886 ) ;
#4969 = VECTOR ( 'NONE', #3641, 39.37007874015748143 ) ;
#4970 = DIRECTION ( 'NONE',  ( -0.000000000000000000, -1.000000000000000000, -1.332348806898293597E-16 ) ) ;
#4971 = CARTESIAN_POINT ( 'NONE',  ( 22.10942500000000521, -0.4299000000000038346, -12.43750000000001066 ) ) ;
#4972 = DIRECTION ( 'NONE',  ( 0.000000000000000000, 0.000000000000000000, -1.000000000000000000 ) ) ;
#4973 = CARTESIAN_POINT ( 'NONE',  ( 21.98442499999999811, 0.7000000000000407008, 12.43750000000000178 ) ) ;
#4974 = CLOSED_SHELL ( 'NONE', ( #6589, #8278, #4448, #7740, #4562, #11817, #4919, #6795, #2511, #6378, #1255, #9133, #7928, #8750, #11559, #106, #2716, #4848, #2077, #11759, #8930, #10847, #10111, #11035, #10228, #1707, #1760, #4610, #3369, #3878, #5050, #1794, #4686, #7162, #2014, #4130, #10038, #4660, #11687, #5902, #10724, #4482, #11230, #9659, #5373, #12565, #9989 ) ) ;
#4975 = ORIENTED_EDGE ( 'NONE', *, *, #3050, .F. ) ;
#4976 = ADVANCED_FACE ( 'NONE', ( #7640 ), #12661, .F. ) ;
#4977 = EDGE_CURVE ( 'NONE', #11021, #363, #5372, .T. ) ;
#4978 = VECTOR ( 'NONE', #11663, 39.37007874015748143 ) ;
#4979 = ORIENTED_EDGE ( 'NONE', *, *, #1915, .T. ) ;
#4980 = ADVANCED_FACE ( 'NONE', ( #5307 ), #10456, .F. ) ;
#4981 = EDGE_CURVE ( 'NONE', #7253, #7257, #7906, .T. ) ;
#4982 = ORIENTED_EDGE ( 'NONE', *, *, #12666, .T. ) ;
#4983 = FACE_OUTER_BOUND ( 'NONE', #506, .T. ) ;
#4984 = ORIENTED_EDGE ( 'NONE', *, *, #7715, .F. ) ;
#4985 = DIRECTION ( 'NONE',  ( -1.000000000000000000, 0.000000000000000000, 0.000000000000000000 ) ) ;
#4986 = ORIENTED_EDGE ( 'NONE', *, *, #11440, .F. ) ;
#4987 = CARTESIAN_POINT ( 'NONE',  ( 3.593499999999997474, -0.7999999999999939382, -14.34399999999999409 ) ) ;
#4988 = DIRECTION ( 'NONE',  ( 0.000000000000000000, 0.000000000000000000, -1.000000000000000000 ) ) ;
#4989 = DIRECTION ( 'NONE',  ( 0.000000000000000000, 0.000000000000000000, -1.000000000000000000 ) ) ;
#4990 = DIRECTION ( 'NONE',  ( 1.000000000000000000, 0.000000000000000000, 0.000000000000000000 ) ) ;
#4991 = EDGE_LOOP ( 'NONE', ( #4470, #2857 ) ) ;
#4992 = VECTOR ( 'NONE', #11108, 39.37007874015748143 ) ;
#4993 = ORIENTED_EDGE ( 'NONE', *, *, #4361, .T. ) ;
#4994 = ORIENTED_EDGE ( 'NONE', *, *, #3484, .F. ) ;
#4995 = ORIENTED_EDGE ( 'NONE', *, *, #8320, .F. ) ;
#4996 = VECTOR ( 'NONE', #8629, 39.37007874015748143 ) ;
#4997 = FACE_OUTER_BOUND ( 'NONE', #12406, .T. ) ;
#4998 = EDGE_CURVE ( 'NONE', #11023, #11985, #193, .T. ) ;
#4999 = AXIS2_PLACEMENT_3D ( 'NONE', #11600, #7653, #1477 ) ;
#5000 = DIRECTION ( 'NONE',  ( 0.000000000000000000, -1.000000000000000000, -2.967464690054594744E-16 ) ) ;
#5001 = CARTESIAN_POINT ( 'NONE',  ( -25.98425196850394059, 0.7000000000000049516, -3.543307086614173151 ) ) ;
#5002 = FACE_BOUND ( 'NONE', #306, .T. ) ;
#5003 = DIRECTION ( 'NONE',  ( 1.000000000000000000, 0.000000000000000000, 0.000000000000000000 ) ) ;
#5004 = DIRECTION ( 'NONE',  ( 0.000000000000000000, -0.000000000000000000, 1.000000000000000000 ) ) ;
#5005 = CARTESIAN_POINT ( 'NONE',  ( -26.25002500000000794, -0.5499999999999958256, 14.53099999999999703 ) ) ;
#5006 = ADVANCED_FACE ( 'NONE', ( #8391 ), #3279, .T. ) ;
#5007 = CARTESIAN_POINT ( 'NONE',  ( 7.484424999999999883, -0.5499999999999936051, 14.53100000000000591 ) ) ;
#5008 = EDGE_LOOP ( 'NONE', ( #8142, #12968 ) ) ;
#5009 = AXIS2_PLACEMENT_3D ( 'NONE', #6777, #9063, #5842 ) ;
#5010 = VECTOR ( 'NONE', #12495, 39.37007874015748143 ) ;
#5011 = EDGE_LOOP ( 'NONE', ( #3795, #5685, #1076, #10466 ) ) ;
#5012 = DIRECTION ( 'NONE',  ( 0.000000000000000000, -1.000000000000000000, -1.332348806898293597E-16 ) ) ;
#5013 = ORIENTED_EDGE ( 'NONE', *, *, #3243, .F. ) ;
#5014 = EDGE_LOOP ( 'NONE', ( #9512, #4551, #5247, #6123 ) ) ;
#5015 = DIRECTION ( 'NONE',  ( 0.000000000000000000, 0.000000000000000000, -1.000000000000000000 ) ) ;
#5016 = CARTESIAN_POINT ( 'NONE',  ( -21.73442500000000521, -0.5499999999999954925, -14.68749999999999289 ) ) ;
#5017 = CARTESIAN_POINT ( 'NONE',  ( 35.13110000000000355, -0.5499999999999918288, 14.43750000000000178 ) ) ;
#5018 = AXIS2_PLACEMENT_3D ( 'NONE', #6282, #9434, #10173 ) ;
#5019 = DIRECTION ( 'NONE',  ( -1.240959386601361473E-16, 1.000000000000000000, 0.000000000000000000 ) ) ;
#5020 = FACE_BOUND ( 'NONE', #9903, .T. ) ;
#5021 = CARTESIAN_POINT ( 'NONE',  ( -35.23450000000000415, -0.5499999999999961586, 8.436550000000002214 ) ) ;
#5022 = CARTESIAN_POINT ( 'NONE',  ( -28.22460000000000946, -0.7999999999999958256, 14.53100000000000058 ) ) ;
#5023 = VERTEX_POINT ( 'NONE', #6757 ) ;
#5024 = CARTESIAN_POINT ( 'NONE',  ( -7.484425000000003436, -0.5499999999999946043, -14.68749999999998579 ) ) ;
#5025 = ORIENTED_EDGE ( 'NONE', *, *, #3963, .F. ) ;
#5026 = EDGE_CURVE ( 'NONE', #4374, #9466, #13235, .T. ) ;
#5027 = PLANE ( 'NONE',  #8961 ) ;
#5028 = ORIENTED_EDGE ( 'NONE', *, *, #3011, .F. ) ;
#5029 = LINE ( 'NONE', #8042, #11883 ) ;
#5030 = DIRECTION ( 'NONE',  ( 0.000000000000000000, 0.000000000000000000, -1.000000000000000000 ) ) ;
#5031 = ORIENTED_EDGE ( 'NONE', *, *, #13210, .T. ) ;
#5032 = CARTESIAN_POINT ( 'NONE',  ( 35.13110000000001065, -0.7999999999999918288, -14.56249999999997691 ) ) ;
#5033 = CARTESIAN_POINT ( 'NONE',  ( 35.93750000000000000, 0.7000000000000037303, -15.00000000000000000 ) ) ;
#5034 = CARTESIAN_POINT ( 'NONE',  ( -21.48442500000000166, -0.4299000000000038346, 12.43750000000000178 ) ) ;
#5035 = CARTESIAN_POINT ( 'NONE',  ( 35.93750000000000000, -0.6954000000000001291, -13.97480000000000011 ) ) ;
#5036 = DIRECTION ( 'NONE',  ( 1.000000000000000000, 0.000000000000000000, 0.000000000000000000 ) ) ;
#5037 = VECTOR ( 'NONE', #2385, 39.37007874015748143 ) ;
#5038 = AXIS2_PLACEMENT_3D ( 'NONE', #8515, #10515, #5430 ) ;
#5039 = DIRECTION ( 'NONE',  ( 0.000000000000000000, 0.000000000000000000, -1.000000000000000000 ) ) ;
#5040 = LINE ( 'NONE', #3159, #3506 ) ;
#5041 = ORIENTED_EDGE ( 'NONE', *, *, #2166, .T. ) ;
#5042 = EDGE_CURVE ( 'NONE', #4369, #676, #3193, .T. ) ;
#5043 = EDGE_CURVE ( 'NONE', #10892, #6785, #7908, .T. ) ;
#5044 = AXIS2_PLACEMENT_3D ( 'NONE', #996, #5105, #9193 ) ;
#5045 = ORIENTED_EDGE ( 'NONE', *, *, #5297, .T. ) ;
#5046 = AXIS2_PLACEMENT_3D ( 'NONE', #12437, #3258, #7355 ) ;
#5047 = VERTEX_POINT ( 'NONE', #2739 ) ;
#5048 = FACE_BOUND ( 'NONE', #64, .T. ) ;
#5049 = ORIENTED_EDGE ( 'NONE', *, *, #6857, .T. ) ;
#5050 = ADVANCED_FACE ( 'NONE', ( #10966 ), #6828, .F. ) ;
#5051 = DIRECTION ( 'NONE',  ( 0.000000000000000000, -1.000000000000000000, 0.000000000000000000 ) ) ;
#5052 = ORIENTED_EDGE ( 'NONE', *, *, #3474, .T. ) ;
#5053 = FACE_BOUND ( 'NONE', #10735, .T. ) ;
#5054 = EDGE_CURVE ( 'NONE', #5509, #631, #8979, .T. ) ;
#5055 = CARTESIAN_POINT ( 'NONE',  ( 36.02170000000000272, -0.6340999999999995529, 14.78240000000000087 ) ) ;
#5056 = FACE_BOUND ( 'NONE', #11573, .T. ) ;
#5057 = DIRECTION ( 'NONE',  ( 0.000000000000000000, 0.000000000000000000, -1.000000000000000000 ) ) ;
#5058 = EDGE_LOOP ( 'NONE', ( #7992, #3007, #6352, #786 ) ) ;
#5059 = CIRCLE ( 'NONE', #9351, 0.2559055118110216687 ) ;
#5060 = VECTOR ( 'NONE', #8080, 39.37007874015748143 ) ;
#5061 = ORIENTED_EDGE ( 'NONE', *, *, #8441, .F. ) ;
#5062 = ORIENTED_EDGE ( 'NONE', *, *, #7083, .T. ) ;
#5063 = VECTOR ( 'NONE', #511, 39.37007874015748143 ) ;
#5064 = ORIENTED_EDGE ( 'NONE', *, *, #5740, .F. ) ;
#5065 = ADVANCED_FACE ( 'NONE', ( #4748 ), #8776, .F. ) ;
#5066 = PLANE ( 'NONE',  #12021 ) ;
#5067 = CARTESIAN_POINT ( 'NONE',  ( -21.73442500000000877, 0.7000000000000405898, 14.42187500000000178 ) ) ;
#5068 = PLANE ( 'NONE',  #8794 ) ;
#5069 = PLANE ( 'NONE',  #7432 ) ;
#5070 = CARTESIAN_POINT ( 'NONE',  ( 22.10942500000000166, -0.4299000000000038346, 12.43750000000000178 ) ) ;
#5071 = LINE ( 'NONE', #5142, #3663 ) ;
#5072 = CARTESIAN_POINT ( 'NONE',  ( -7.484424999999999883, -0.5499999999999946043, 14.34400000000001008 ) ) ;
#5073 = VECTOR ( 'NONE', #710, 39.37007874015748143 ) ;
#5074 = LINE ( 'NONE', #6124, #12853 ) ;
#5075 = ORIENTED_EDGE ( 'NONE', *, *, #10918, .T. ) ;
#5076 = CIRCLE ( 'NONE', #11479, 0.1250000000000037192 ) ;
#5077 = EDGE_CURVE ( 'NONE', #10448, #10024, #2514, .T. ) ;
#5078 = ORIENTED_EDGE ( 'NONE', *, *, #5290, .T. ) ;
#5079 = PLANE ( 'NONE',  #8290 ) ;
#5080 = ORIENTED_EDGE ( 'NONE', *, *, #2985, .T. ) ;
#5081 = PLANE ( 'NONE',  #10366 ) ;
#5082 = ORIENTED_EDGE ( 'NONE', *, *, #6688, .F. ) ;
#5083 = FACE_OUTER_BOUND ( 'NONE', #1237, .T. ) ;
#5084 = CARTESIAN_POINT ( 'NONE',  ( 36.02170000000000272, -0.2096999999999985820, 5.875000000000000000 ) ) ;
#5085 = DIRECTION ( 'NONE',  ( 0.000000000000000000, 0.000000000000000000, -1.000000000000000000 ) ) ;
#5086 = AXIS2_PLACEMENT_3D ( 'NONE', #11287, #13090, #5943 ) ;
#5087 = CARTESIAN_POINT ( 'NONE',  ( 26.24015748031499129, 0.7000000000000334843, 3.543307086613998180 ) ) ;
#5088 = DIRECTION ( 'NONE',  ( -1.000000000000000000, -0.000000000000000000, -0.000000000000000000 ) ) ;
#5089 = CARTESIAN_POINT ( 'NONE',  ( 35.91710000000000491, -0.2096999999999985820, 13.87500000000000000 ) ) ;
#5090 = DIRECTION ( 'NONE',  ( -0.000000000000000000, -1.000000000000000000, -1.332348806898293597E-16 ) ) ;
#5091 = EDGE_LOOP ( 'NONE', ( #11853, #5296, #10906, #12874 ) ) ;
#5092 = EDGE_CURVE ( 'NONE', #13252, #3017, #11912, .T. ) ;
#5093 = LINE ( 'NONE', #9914, #6011 ) ;
#5094 = UNCERTAINTY_MEASURE_WITH_UNIT (LENGTH_MEASURE( 1.000000000000000082E-05 ), #452, 'distance_accuracy_value', 'NONE');
#5095 = EDGE_LOOP ( 'NONE', ( #8464, #5379, #343, #2169 ) ) ;
#5096 = CIRCLE ( 'NONE', #12777, 0.1250000000000037192 ) ;
#5097 = AXIS2_PLACEMENT_3D ( 'NONE', #9942, #7935, #3038 ) ;
#5098 = ORIENTED_EDGE ( 'NONE', *, *, #5620, .T. ) ;
#5099 = EDGE_LOOP ( 'NONE', ( #1682, #334, #9675, #12826 ) ) ;
#5100 = CARTESIAN_POINT ( 'NONE',  ( 32.28760000000000474, -0.7999999999999921618, 14.53100000000000058 ) ) ;
#5101 = ORIENTED_EDGE ( 'NONE', *, *, #5513, .T. ) ;
#5102 = EDGE_CURVE ( 'NONE', #7253, #11158, #643, .T. ) ;
#5103 = ORIENTED_EDGE ( 'NONE', *, *, #6631, .T. ) ;
#5105 = DIRECTION ( 'NONE',  ( -0.000000000000000000, -1.000000000000000000, -1.332348806898293597E-16 ) ) ;
#5104 = AXIS2_PLACEMENT_3D ( 'NONE', #12130, #12398, #10067 ) ;
#5106 = DIRECTION ( 'NONE',  ( 1.000000000000000000, 0.000000000000000000, 0.000000000000000000 ) ) ;
#5107 = CARTESIAN_POINT ( 'NONE',  ( -26.24015748031496642, 0.7000000000000048406, -3.543307086614173151 ) ) ;
#5108 = AXIS2_PLACEMENT_3D ( 'NONE', #7799, #2698, #12596 ) ;
#5109 = LINE ( 'NONE', #2274, #158 ) ;
#5110 = DIRECTION ( 'NONE',  ( 1.240959386601371334E-16, -1.000000000000000000, -0.000000000000000000 ) ) ;
#5111 = AXIS2_PLACEMENT_3D ( 'NONE', #2407, #6505, #10584 ) ;
#5112 = EDGE_CURVE ( 'NONE', #7682, #8780, #11717, .T. ) ;
#5113 = VECTOR ( 'NONE', #2357, 39.37007874015748143 ) ;
#5114 = FACE_OUTER_BOUND ( 'NONE', #4570, .T. ) ;
#5115 = LINE ( 'NONE', #11387, #10989 ) ;
#5116 = ORIENTED_EDGE ( 'NONE', *, *, #8367, .F. ) ;
#5117 = VERTEX_POINT ( 'NONE', #1720 ) ;
#5118 = VECTOR ( 'NONE', #4463, 39.37007874015748143 ) ;
#5119 = ORIENTED_EDGE ( 'NONE', *, *, #7474, .F. ) ;
#5120 = CARTESIAN_POINT ( 'NONE',  ( 7.484424999999999883, -0.7999999999999936051, 14.34400000000001008 ) ) ;
#5121 = ORIENTED_EDGE ( 'NONE', *, *, #425, .F. ) ;
#5122 = ADVANCED_FACE ( 'NONE', ( #5824 ), #10777, .F. ) ;
#5123 = CARTESIAN_POINT ( 'NONE',  ( -18.75002500000000438, -0.6953999999999992410, -14.53099999999998992 ) ) ;
#5124 = VERTEX_POINT ( 'NONE', #6633 ) ;
#5125 = EDGE_CURVE ( 'NONE', #5023, #5397, #1524, .T. ) ;
#5126 = DIRECTION ( 'NONE',  ( 1.000000000000000000, -1.330272688773011840E-16, 0.000000000000000000 ) ) ;
#5127 = AXIS2_PLACEMENT_3D ( 'NONE', #399, #11787, #4627 ) ;
#5128 = DIRECTION ( 'NONE',  ( 1.000000000000000000, -0.000000000000000000, 0.000000000000000000 ) ) ;
#5129 = FACE_BOUND ( 'NONE', #4836, .T. ) ;
#5130 = EDGE_CURVE ( 'NONE', #6104, #4349, #4241, .T. ) ;
#5132 = AXIS2_PLACEMENT_3D ( 'NONE', #6567, #6306, #1462 ) ;
#5131 = CARTESIAN_POINT ( 'NONE',  ( 22.50347500000000167, 0.4608499999999960961, -14.67187499999999822 ) ) ;
#5133 = ORIENTED_EDGE ( 'NONE', *, *, #1725, .F. ) ;
#5134 = EDGE_CURVE ( 'NONE', #5453, #159, #5695, .T. ) ;
#5135 = ORIENTED_EDGE ( 'NONE', *, *, #7353, .T. ) ;
#5136 = ORIENTED_EDGE ( 'NONE', *, *, #681, .T. ) ;
#5137 = CARTESIAN_POINT ( 'NONE',  ( -11.09352500000000852, -0.5499999999999948264, 14.34400000000000475 ) ) ;
#5138 = DIRECTION ( 'NONE',  ( 1.000000000000000000, 5.396917480816734717E-16, 0.000000000000000000 ) ) ;
#5139 = LINE ( 'NONE', #10162, #6898 ) ;
#5140 = CARTESIAN_POINT ( 'NONE',  ( 22.32817500000000166, -0.4299000000000038346, 12.43750000000000178 ) ) ;
#5141 = CYLINDRICAL_SURFACE ( 'NONE', #4179, 0.2187500000000015821 ) ;
#5142 = CARTESIAN_POINT ( 'NONE',  ( 28.53760000000000829, -0.7999999999999923839, -14.34399999999999942 ) ) ;
#5143 = FACE_OUTER_BOUND ( 'NONE', #4063, .T. ) ;
#5144 = PLANE ( 'NONE',  #8798 ) ;
#5145 = EDGE_LOOP ( 'NONE', ( #5989, #3470 ) ) ;
#5146 = EDGE_CURVE ( 'NONE', #9947, #11462, #9779, .T. ) ;
#5147 = ORIENTED_EDGE ( 'NONE', *, *, #11742, .F. ) ;
#5148 = VERTEX_POINT ( 'NONE', #12848 ) ;
#5149 = ORIENTED_EDGE ( 'NONE', *, *, #8808, .T. ) ;
#5150 = DIRECTION ( 'NONE',  ( 1.240959386601371334E-16, -1.000000000000000000, 0.000000000000000000 ) ) ;
#5151 = EDGE_CURVE ( 'NONE', #7354, #8200, #10262, .T. ) ;
#5152 = ORIENTED_EDGE ( 'NONE', *, *, #9115, .F. ) ;
#5153 = DIMENSIONAL_EXPONENTS ( 1.000000000000000000, 0.000000000000000000, 0.000000000000000000, 0.000000000000000000, 0.000000000000000000, 0.000000000000000000, 0.000000000000000000 ) ;
#5154 = CARTESIAN_POINT ( 'NONE',  ( 35.13110000000000355, -0.7999999999999918288, 14.56250000000000533 ) ) ;
#5155 = CARTESIAN_POINT ( 'NONE',  ( -7.640925000000000189, -0.7999999999999946043, 14.53100000000000591 ) ) ;
#5156 = PLANE ( 'NONE',  #9313 ) ;
#5157 = CARTESIAN_POINT ( 'NONE',  ( 35.93750000000000000, -0.6641499999999999071, -14.86415000000000219 ) ) ;
#5158 = DIRECTION ( 'NONE',  ( -0.000000000000000000, -1.000000000000000000, -1.332348806898293597E-16 ) ) ;
#5159 = VECTOR ( 'NONE', #10443, 39.37007874015748143 ) ;
#5160 = CARTESIAN_POINT ( 'NONE',  ( 33.63110000000001065, -0.6953999999999957993, -14.56249999999997691 ) ) ;
#5161 = DIRECTION ( 'NONE',  ( -1.000000000000000000, 0.000000000000000000, -0.000000000000000000 ) ) ;
#5162 = DIRECTION ( 'NONE',  ( 1.240959386601371334E-16, -1.000000000000000000, -0.000000000000000000 ) ) ;
#5163 = ORIENTED_EDGE ( 'NONE', *, *, #854, .F. ) ;
#5164 = CIRCLE ( 'NONE', #12419, 0.1250000000000000000 ) ;
#5165 = ORIENTED_EDGE ( 'NONE', *, *, #276, .T. ) ;
#5166 = ORIENTED_EDGE ( 'NONE', *, *, #7312, .T. ) ;
#5167 = CYLINDRICAL_SURFACE ( 'NONE', #10818, 0.1250000000000015266 ) ;
#5168 = LINE ( 'NONE', #8185, #5336 ) ;
#5169 = VERTEX_POINT ( 'NONE', #8907 ) ;
#5170 = DIRECTION ( 'NONE',  ( 1.240959386601371334E-16, -1.000000000000000000, -0.000000000000000000 ) ) ;
#5171 = DIRECTION ( 'NONE',  ( -1.000000000000000000, -0.000000000000000000, -0.000000000000000000 ) ) ;
#5172 = FACE_OUTER_BOUND ( 'NONE', #8753, .T. ) ;
#5173 = EDGE_CURVE ( 'NONE', #7186, #443, #10686, .T. ) ;
#5174 = LINE ( 'NONE', #4160, #1876 ) ;
#5175 = LINE ( 'NONE', #6243, #12150 ) ;
#5176 = DIRECTION ( 'NONE',  ( -1.000000000000000000, 0.000000000000000000, 0.000000000000000000 ) ) ;
#5177 = DIRECTION ( 'NONE',  ( 0.000000000000000000, -1.000000000000000000, -2.967464690054594744E-16 ) ) ;
#5178 = VECTOR ( 'NONE', #1014, 39.37007874015748143 ) ;
#5179 = ORIENTED_EDGE ( 'NONE', *, *, #2066, .F. ) ;
#5180 = EDGE_CURVE ( 'NONE', #7207, #2625, #4272, .T. ) ;
#5181 = ORIENTED_EDGE ( 'NONE', *, *, #933, .F. ) ;
#5182 = ORIENTED_EDGE ( 'NONE', *, *, #10085, .F. ) ;
#5184 = CIRCLE ( 'NONE', #455, 0.1250000000000029143 ) ;
#5183 = FACE_OUTER_BOUND ( 'NONE', #5769, .T. ) ;
#5185 = VERTEX_POINT ( 'NONE', #5223 ) ;
#5186 = DIRECTION ( 'NONE',  ( -1.240959386601361473E-16, 1.000000000000000000, 0.000000000000000000 ) ) ;
#5187 = ORIENTED_EDGE ( 'NONE', *, *, #9946, .T. ) ;
#5188 = DIRECTION ( 'NONE',  ( 0.000000000000000000, -1.000000000000000000, -1.332348806898293597E-16 ) ) ;
#5189 = CARTESIAN_POINT ( 'NONE',  ( -35.23450000000000415, -0.5499999999999961586, -1.811549999999999994 ) ) ;
#5190 = FACE_BOUND ( 'NONE', #10800, .T. ) ;
#5191 = DIRECTION ( 'NONE',  ( -5.463695987328555033E-16, 1.000000000000000000, -0.000000000000000000 ) ) ;
#5192 = ORIENTED_EDGE ( 'NONE', *, *, #5921, .T. ) ;
#5193 = AXIS2_PLACEMENT_3D ( 'NONE', #4711, #12007, #2830 ) ;
#5194 = ORIENTED_EDGE ( 'NONE', *, *, #8064, .F. ) ;
#5195 = AXIS2_PLACEMENT_3D ( 'NONE', #372, #1506, #8763 ) ;
#5196 = EDGE_CURVE ( 'NONE', #8999, #595, #6028, .T. ) ;
#5197 = ORIENTED_EDGE ( 'NONE', *, *, #6496, .F. ) ;
#5198 = DIRECTION ( 'NONE',  ( -0.000000000000000000, -0.000000000000000000, -1.000000000000000000 ) ) ;
#5199 = EDGE_CURVE ( 'NONE', #1086, #6854, #11750, .T. ) ;
#5200 = DIRECTION ( 'NONE',  ( 0.000000000000000000, 0.000000000000000000, 1.000000000000000000 ) ) ;
#5201 = CARTESIAN_POINT ( 'NONE',  ( -35.93750000000000000, -0.8000000000000000444, -14.91875000000000107 ) ) ;
#5202 = CARTESIAN_POINT ( 'NONE',  ( 32.28760000000000474, -0.6953999999999961323, 14.34400000000000475 ) ) ;
#5203 = DIRECTION ( 'NONE',  ( 0.000000000000000000, -1.000000000000000000, -2.967464690054594744E-16 ) ) ;
#5204 = FACE_OUTER_BOUND ( 'NONE', #5298, .T. ) ;
#5205 = EDGE_CURVE ( 'NONE', #10705, #1468, #11289, .T. ) ;
#5206 = CARTESIAN_POINT ( 'NONE',  ( 33.63110000000000355, -0.5499999999999918288, 14.31249999999999822 ) ) ;
#5207 = DIRECTION ( 'NONE',  ( 0.000000000000000000, 0.000000000000000000, -1.000000000000000000 ) ) ;
#5208 = ORIENTED_EDGE ( 'NONE', *, *, #12431, .F. ) ;
#5209 = ORIENTED_EDGE ( 'NONE', *, *, #10931, .T. ) ;
#5210 = AXIS2_PLACEMENT_3D ( 'NONE', #7622, #5679, #6742 ) ;
#5211 = VECTOR ( 'NONE', #9244, 39.37007874015748143 ) ;
#5212 = AXIS2_PLACEMENT_3D ( 'NONE', #5388, #5524, #8406 ) ;
#5213 = ORIENTED_EDGE ( 'NONE', *, *, #5843, .T. ) ;
#5214 = DIRECTION ( 'NONE',  ( 1.000000000000000000, 0.000000000000000000, -0.000000000000000000 ) ) ;
#5215 = ORIENTED_EDGE ( 'NONE', *, *, #9639, .T. ) ;
#5216 = DIRECTION ( 'NONE',  ( 1.000000000000000000, 0.000000000000000000, 0.000000000000000000 ) ) ;
#5217 = CARTESIAN_POINT ( 'NONE',  ( 3.750000000000002220, -0.5499999999999939382, 14.34400000000000652 ) ) ;
#5218 = EDGE_CURVE ( 'NONE', #3766, #3017, #11317, .T. ) ;
#5219 = CARTESIAN_POINT ( 'NONE',  ( -22.09727500000001044, -0.5895000000000039098, 14.79687500000000000 ) ) ;
#5220 = CARTESIAN_POINT ( 'NONE',  ( -35.13110000000000355, -0.5499999999999961586, -14.31249999999999467 ) ) ;
#5221 = CYLINDRICAL_SURFACE ( 'NONE', #5411, 0.2187500000000015821 ) ;
#5222 = EDGE_CURVE ( 'NONE', #1694, #2150, #8242, .T. ) ;
#5223 = CARTESIAN_POINT ( 'NONE',  ( 28.22460000000000946, -0.6953999999999963544, -14.34399999999999942 ) ) ;
#5224 = ORIENTED_EDGE ( 'NONE', *, *, #8912, .F. ) ;
#5225 = AXIS2_PLACEMENT_3D ( 'NONE', #10734, #6414, #9734 ) ;
#5226 = CARTESIAN_POINT ( 'NONE',  ( -32.13110000000000355, -0.7999999999999961586, 14.18750000000000533 ) ) ;
#5227 = AXIS2_PLACEMENT_3D ( 'NONE', #6338, #1163, #4328 ) ;
#5228 = VERTEX_POINT ( 'NONE', #1927 ) ;
#5229 = EDGE_CURVE ( 'NONE', #9781, #3499, #4908, .T. ) ;
#5230 = ORIENTED_EDGE ( 'NONE', *, *, #11421, .F. ) ;
#5231 = AXIS2_PLACEMENT_3D ( 'NONE', #10333, #935, #12133 ) ;
#5232 = ORIENTED_EDGE ( 'NONE', *, *, #1220, .T. ) ;
#5233 = DIRECTION ( 'NONE',  ( 0.000000000000000000, -1.000000000000000000, -1.332348806898293597E-16 ) ) ;
#5234 = CARTESIAN_POINT ( 'NONE',  ( -28.53760000000000829, -0.7999999999999958256, 14.34400000000000475 ) ) ;
#5235 = ORIENTED_EDGE ( 'NONE', *, *, #5457, .T. ) ;
#5236 = LINE ( 'NONE', #928, #4187 ) ;
#5237 = DIRECTION ( 'NONE',  ( -0.000000000000000000, 0.000000000000000000, 1.000000000000000000 ) ) ;
#5238 = FACE_OUTER_BOUND ( 'NONE', #8177, .T. ) ;
#5239 = CARTESIAN_POINT ( 'NONE',  ( -22.20317500000001232, 0.3358499999999960961, 14.79687500000000000 ) ) ;
#5240 = CYLINDRICAL_SURFACE ( 'NONE', #8734, 0.1565000000000003610 ) ;
#5241 = CARTESIAN_POINT ( 'NONE',  ( -21.57817500000000166, -0.6207000000000038042, 12.43750000000000178 ) ) ;
#5242 = CARTESIAN_POINT ( 'NONE',  ( -36.02170000000000272, 0.6999999999999995115, 14.78124999999999822 ) ) ;
#5243 = ORIENTED_EDGE ( 'NONE', *, *, #1153, .T. ) ;
#5244 = VECTOR ( 'NONE', #11168, 39.37007874015748143 ) ;
#5245 = EDGE_CURVE ( 'NONE', #1273, #7708, #12313, .T. ) ;
#5246 = EDGE_LOOP ( 'NONE', ( #1378, #10877 ) ) ;
#5247 = ORIENTED_EDGE ( 'NONE', *, *, #1116, .F. ) ;
#5248 = LINE ( 'NONE', #9409, #10611 ) ;
#5249 = ORIENTED_EDGE ( 'NONE', *, *, #4185, .T. ) ;
#5250 = DIRECTION ( 'NONE',  ( 1.000000000000000000, -0.000000000000000000, 0.000000000000000000 ) ) ;
#5251 = ORIENTED_EDGE ( 'NONE', *, *, #6729, .F. ) ;
#5252 = DIRECTION ( 'NONE',  ( -0.000000000000000000, -1.000000000000000000, -1.332348806898293597E-16 ) ) ;
#5253 = CIRCLE ( 'NONE', #4174, 0.1250000000000037192 ) ;
#5254 = DIRECTION ( 'NONE',  ( 0.000000000000000000, 0.000000000000000000, -1.000000000000000000 ) ) ;
#5255 = DIRECTION ( 'NONE',  ( -0.000000000000000000, -1.000000000000000000, -1.332348806898293597E-16 ) ) ;
#5256 = VECTOR ( 'NONE', #12106, 39.37007874015748143 ) ;
#5257 = FACE_OUTER_BOUND ( 'NONE', #11898, .T. ) ;
#5258 = VECTOR ( 'NONE', #6562, 39.37007874015748143 ) ;
#5259 = ORIENTED_EDGE ( 'NONE', *, *, #10201, .T. ) ;
#5260 = ADVANCED_FACE ( 'NONE', ( #13250 ), #11038, .F. ) ;
#5261 = AXIS2_PLACEMENT_3D ( 'NONE', #10698, #10566, #3656 ) ;
#5262 = EDGE_LOOP ( 'NONE', ( #9790, #4013, #8382, #93 ) ) ;
#5263 = ORIENTED_EDGE ( 'NONE', *, *, #4548, .T. ) ;
#5264 = CIRCLE ( 'NONE', #13161, 0.1565000000000003610 ) ;
#5265 = LINE ( 'NONE', #10550, #1533 ) ;
#5266 = CARTESIAN_POINT ( 'NONE',  ( 21.26567499999998745, 0.4608499999999960961, -14.67187499999999822 ) ) ;
#5267 = DIRECTION ( 'NONE',  ( -1.000000000000000000, 0.000000000000000000, 0.000000000000000000 ) ) ;
#5268 = EDGE_CURVE ( 'NONE', #7055, #7684, #2131, .T. ) ;
#5269 = CARTESIAN_POINT ( 'NONE',  ( 28.38110000000001065, -0.5499999999999923839, -14.53099999999999348 ) ) ;
#5270 = DIRECTION ( 'NONE',  ( 0.000000000000000000, 0.000000000000000000, -1.000000000000000000 ) ) ;
#5271 = VECTOR ( 'NONE', #2218, 39.37007874015748143 ) ;
#5272 = CARTESIAN_POINT ( 'NONE',  ( 3.593499999999997474, -0.6953999999999976867, -14.89539999999999509 ) ) ;
#5273 = AXIS2_PLACEMENT_3D ( 'NONE', #1836, #13224, #11086 ) ;
#5274 = DIRECTION ( 'NONE',  ( 0.000000000000000000, 0.000000000000000000, -1.000000000000000000 ) ) ;
#5275 = EDGE_CURVE ( 'NONE', #10547, #6720, #6500, .T. ) ;
#5276 = VERTEX_POINT ( 'NONE', #104 ) ;
#5277 = VECTOR ( 'NONE', #7170, 39.37007874015748143 ) ;
#5278 = VERTEX_POINT ( 'NONE', #1859 ) ;
#5279 = AXIS2_PLACEMENT_3D ( 'NONE', #3862, #5012, #6815 ) ;
#5280 = ORIENTED_EDGE ( 'NONE', *, *, #3126, .T. ) ;
#5281 = DIRECTION ( 'NONE',  ( 0.000000000000000000, 0.000000000000000000, -1.000000000000000000 ) ) ;
#5282 = EDGE_LOOP ( 'NONE', ( #4508, #652, #10463, #4622 ) ) ;
#5283 = DIRECTION ( 'NONE',  ( 1.000000000000000000, 0.000000000000000000, 0.000000000000000000 ) ) ;
#5284 = PLANE ( 'NONE',  #10383 ) ;
#5285 = CARTESIAN_POINT ( 'NONE',  ( 21.98442500000000166, 0.7000000000000407008, -12.43750000000001066 ) ) ;
#5286 = VECTOR ( 'NONE', #3261, 39.37007874015748143 ) ;
#5287 = EDGE_CURVE ( 'NONE', #8229, #1985, #12251, .T. ) ;
#5288 = CARTESIAN_POINT ( 'NONE',  ( 36.02170000000000272, -0.2096999999999985820, 14.00000000000000355 ) ) ;
#5289 = DIRECTION ( 'NONE',  ( 0.000000000000000000, 0.000000000000000000, 1.000000000000000000 ) ) ;
#5290 = EDGE_CURVE ( 'NONE', #279, #3080, #2200, .T. ) ;
#5291 = CARTESIAN_POINT ( 'NONE',  ( -31.97460000000000235, -0.5499999999999961586, -14.34399999999999942 ) ) ;
#5292 = EDGE_LOOP ( 'NONE', ( #445, #8928, #7696, #4926, #9494 ) ) ;
#5293 = CIRCLE ( 'NONE', #8508, 0.03119999999999938448 ) ;
#5294 = EDGE_CURVE ( 'NONE', #9882, #906, #9703, .T. ) ;
#5295 = LINE ( 'NONE', #11311, #7291 ) ;
#5296 = ORIENTED_EDGE ( 'NONE', *, *, #9700, .F. ) ;
#5297 = EDGE_CURVE ( 'NONE', #9305, #8766, #11310, .T. ) ;
#5298 = EDGE_LOOP ( 'NONE', ( #1791, #13095 ) ) ;
#5299 = AXIS2_PLACEMENT_3D ( 'NONE', #6676, #9957, #12831 ) ;
#5300 = ORIENTED_EDGE ( 'NONE', *, *, #5892, .T. ) ;
#5301 = LINE ( 'NONE', #12322, #4814 ) ;
#5302 = LINE ( 'NONE', #8386, #7038 ) ;
#5303 = DIRECTION ( 'NONE',  ( -0.000000000000000000, -1.000000000000000000, -1.332348806898293597E-16 ) ) ;
#5304 = DIRECTION ( 'NONE',  ( 0.000000000000000000, 2.967464690054594744E-16, -1.000000000000000000 ) ) ;
#5305 = DIRECTION ( 'NONE',  ( -1.000000000000000000, -1.240959386601361473E-16, 0.000000000000000000 ) ) ;
#5306 = DIRECTION ( 'NONE',  ( 0.000000000000000000, 0.000000000000000000, -1.000000000000000000 ) ) ;
#5307 = FACE_OUTER_BOUND ( 'NONE', #8074, .T. ) ;
#5308 = CARTESIAN_POINT ( 'NONE',  ( 17.31882500000000391, -0.8000000000000000444, -14.53099999999999348 ) ) ;
#5309 = DIRECTION ( 'NONE',  ( 1.000000000000000000, -0.000000000000000000, 0.000000000000000000 ) ) ;
#5310 = ORIENTED_EDGE ( 'NONE', *, *, #4728, .T. ) ;
#5311 = AXIS2_PLACEMENT_3D ( 'NONE', #7721, #11795, #2621 ) ;
#5312 = AXIS2_PLACEMENT_3D ( 'NONE', #11546, #287, #4391 ) ;
#5313 = ORIENTED_EDGE ( 'NONE', *, *, #7280, .F. ) ;
#5314 = EDGE_CURVE ( 'NONE', #5898, #4353, #10560, .T. ) ;
#5315 = ORIENTED_EDGE ( 'NONE', *, *, #3406, .F. ) ;
#5316 = EDGE_LOOP ( 'NONE', ( #6369, #332, #9206, #5564 ) ) ;
#5317 = LINE ( 'NONE', #6514, #12745 ) ;
#5318 = EDGE_LOOP ( 'NONE', ( #4320, #1301 ) ) ;
#5319 = VECTOR ( 'NONE', #6179, 39.37007874015748143 ) ;
#5320 = DIRECTION ( 'NONE',  ( -0.000000000000000000, -1.000000000000000000, -1.332348806898293597E-16 ) ) ;
#5321 = EDGE_LOOP ( 'NONE', ( #12585, #4096, #13050, #2751, #1042 ) ) ;
#5322 = CARTESIAN_POINT ( 'NONE',  ( 32.13110000000000355, -0.7999999999999921618, 14.53100000000000058 ) ) ;
#5323 = CARTESIAN_POINT ( 'NONE',  ( 21.26567499999998745, 0.3358499999999960961, -14.79687500000000000 ) ) ;
#5324 = CARTESIAN_POINT ( 'NONE',  ( -36.02170000000000272, 0.6999999999999995115, 14.78124999999999822 ) ) ;
#5325 = EDGE_CURVE ( 'NONE', #401, #5607, #4954, .T. ) ;
#5326 = DIRECTION ( 'NONE',  ( 1.000000000000000000, 0.000000000000000000, 0.000000000000000000 ) ) ;
#5327 = VERTEX_POINT ( 'NONE', #13177 ) ;
#5328 = VECTOR ( 'NONE', #4330, 39.37007874015748143 ) ;
#5329 = AXIS2_PLACEMENT_3D ( 'NONE', #8942, #8137, #1957 ) ;
#5330 = EDGE_LOOP ( 'NONE', ( #5985, #2950 ) ) ;
#5331 = AXIS2_PLACEMENT_3D ( 'NONE', #7035, #6035, #1796 ) ;
#5332 = ORIENTED_EDGE ( 'NONE', *, *, #9749, .F. ) ;
#5333 = DIRECTION ( 'NONE',  ( 0.000000000000000000, -1.000000000000000000, -2.967464690054594744E-16 ) ) ;
#5334 = EDGE_CURVE ( 'NONE', #9735, #3257, #3916, .T. ) ;
#5335 = DIRECTION ( 'NONE',  ( 0.000000000000000000, 0.000000000000000000, -1.000000000000000000 ) ) ;
#5336 = VECTOR ( 'NONE', #8254, 39.37007874015748143 ) ;
#5337 = CARTESIAN_POINT ( 'NONE',  ( -17.16232500000000627, -0.7999999999999951594, -14.53099999999999170 ) ) ;
#5338 = CARTESIAN_POINT ( 'NONE',  ( -36.02170000000000272, -0.2096999999999985820, 13.87500000000000000 ) ) ;
#5339 = DIRECTION ( 'NONE',  ( -0.000000000000000000, -1.000000000000000000, -1.332348806898293597E-16 ) ) ;
#5340 = DIRECTION ( 'NONE',  ( 0.000000000000000000, 0.000000000000000000, -1.000000000000000000 ) ) ;
#5341 = DIRECTION ( 'NONE',  ( -1.000000000000000000, 0.000000000000000000, 0.000000000000000000 ) ) ;
#5342 = EDGE_CURVE ( 'NONE', #5659, #10513, #11174, .T. ) ;
#5343 = DIRECTION ( 'NONE',  ( 0.000000000000000000, 0.000000000000000000, -1.000000000000000000 ) ) ;
#5344 = VECTOR ( 'NONE', #12766, 39.37007874015748143 ) ;
#5345 = ORIENTED_EDGE ( 'NONE', *, *, #4239, .T. ) ;
#5346 = ORIENTED_EDGE ( 'NONE', *, *, #7654, .F. ) ;
#5347 = ORIENTED_EDGE ( 'NONE', *, *, #12922, .T. ) ;
#5348 = ADVANCED_FACE ( 'NONE', ( #10441 ), #7292, .F. ) ;
#5349 = LINE ( 'NONE', #1984, #3935 ) ;
#5350 = EDGE_CURVE ( 'NONE', #3421, #6894, #5561, .T. ) ;
#5351 = ORIENTED_EDGE ( 'NONE', *, *, #7945, .F. ) ;
#5352 = CARTESIAN_POINT ( 'NONE',  ( 21.92192499999999811, 0.7000000000000405898, -13.92187500000001066 ) ) ;
#5353 = DIRECTION ( 'NONE',  ( -0.000000000000000000, -1.000000000000000000, -1.332348806898293597E-16 ) ) ;
#5354 = CYLINDRICAL_SURFACE ( 'NONE', #10428, 0.1250000000000015266 ) ;
#5355 = DIRECTION ( 'NONE',  ( 0.000000000000000000, 0.000000000000000000, -1.000000000000000000 ) ) ;
#5356 = DIRECTION ( 'NONE',  ( -1.000000000000000000, 0.000000000000000000, 0.000000000000000000 ) ) ;
#5357 = DIRECTION ( 'NONE',  ( 1.240959386601371334E-16, -1.000000000000000000, 0.000000000000000000 ) ) ;
#5358 = EDGE_LOOP ( 'NONE', ( #5771, #9051, #1167, #5766, #8430 ) ) ;
#5359 = CARTESIAN_POINT ( 'NONE',  ( -31.97460000000000235, -0.7999999999999961586, -14.34399999999999942 ) ) ;
#5360 = VERTEX_POINT ( 'NONE', #4483 ) ;
#5361 = VERTEX_POINT ( 'NONE', #176 ) ;
#5362 = EDGE_CURVE ( 'NONE', #7988, #10482, #3401, .T. ) ;
#5363 = EDGE_CURVE ( 'NONE', #11819, #8755, #10378, .T. ) ;
#5364 = ORIENTED_EDGE ( 'NONE', *, *, #1035, .F. ) ;
#5365 = CARTESIAN_POINT ( 'NONE',  ( 32.13110000000001065, -0.7999999999999921618, -14.68749999999997335 ) ) ;
#5366 = FACE_OUTER_BOUND ( 'NONE', #2850, .T. ) ;
#5367 = CARTESIAN_POINT ( 'NONE',  ( 35.91710000000000491, -0.6341000000000001080, 14.78124999999999822 ) ) ;
#5368 = CARTESIAN_POINT ( 'NONE',  ( -35.93750000000000000, 0.6187499999999994671, -15.00000000000000000 ) ) ;
#5369 = DIRECTION ( 'NONE',  ( 0.000000000000000000, 1.000000000000000000, 0.000000000000000000 ) ) ;
#5370 = EDGE_CURVE ( 'NONE', #12647, #1152, #915, .T. ) ;
#5371 = FACE_OUTER_BOUND ( 'NONE', #1629, .T. ) ;
#5372 = LINE ( 'NONE', #7441, #1902 ) ;
#5373 = ADVANCED_FACE ( 'NONE', ( #4214 ), #7492, .T. ) ;
#5374 = DIRECTION ( 'NONE',  ( 0.000000000000000000, -1.000000000000000000, 0.000000000000000000 ) ) ;
#5375 = DIRECTION ( 'NONE',  ( -0.000000000000000000, -1.000000000000000000, -1.332348806898293597E-16 ) ) ;
#5376 = ORIENTED_EDGE ( 'NONE', *, *, #806, .F. ) ;
#5377 = VERTEX_POINT ( 'NONE', #11564 ) ;
#5378 = ORIENTED_EDGE ( 'NONE', *, *, #4959, .T. ) ;
#5379 = ORIENTED_EDGE ( 'NONE', *, *, #4347, .T. ) ;
#5380 = LINE ( 'NONE', #11395, #5271 ) ;
#5381 = ORIENTED_EDGE ( 'NONE', *, *, #9046, .F. ) ;
#5382 = DIRECTION ( 'NONE',  ( 0.000000000000000000, 0.000000000000000000, -1.000000000000000000 ) ) ;
#5383 = ORIENTED_EDGE ( 'NONE', *, *, #2815, .T. ) ;
#5384 = DIRECTION ( 'NONE',  ( 0.000000000000000000, -1.000000000000000000, -2.967464690054594744E-16 ) ) ;
#5385 = AXIS2_PLACEMENT_3D ( 'NONE', #7056, #2894, #4914 ) ;
#5386 = EDGE_CURVE ( 'NONE', #4718, #808, #12513, .T. ) ;
#5387 = DIRECTION ( 'NONE',  ( -0.000000000000000000, -1.000000000000000000, -1.332348806898293597E-16 ) ) ;
#5388 = CARTESIAN_POINT ( 'NONE',  ( 21.73442499999999100, -0.4299000000000040012, 14.42187500000000178 ) ) ;
#5389 = CARTESIAN_POINT ( 'NONE',  ( 11.40652500000000025, -0.8000000000000000444, -14.53099999999999348 ) ) ;
#5390 = AXIS2_PLACEMENT_3D ( 'NONE', #2505, #10746, #3647 ) ;
#5391 = ORIENTED_EDGE ( 'NONE', *, *, #3205, .T. ) ;
#5392 = ADVANCED_FACE ( 'NONE', ( #11434 ), #12646, .F. ) ;
#5393 = EDGE_CURVE ( 'NONE', #590, #12451, #8377, .T. ) ;
#5394 = VECTOR ( 'NONE', #2208, 39.37007874015748143 ) ;
#5395 = ORIENTED_EDGE ( 'NONE', *, *, #6510, .T. ) ;
#5396 = AXIS2_PLACEMENT_3D ( 'NONE', #11764, #10567, #9635 ) ;
#5397 = VERTEX_POINT ( 'NONE', #12382 ) ;
#5398 = LINE ( 'NONE', #1225, #6779 ) ;
#5399 = ORIENTED_EDGE ( 'NONE', *, *, #11563, .T. ) ;
#5400 = LINE ( 'NONE', #9618, #9687 ) ;
#5401 = AXIS2_PLACEMENT_3D ( 'NONE', #2534, #7501, #4553 ) ;
#5402 = LINE ( 'NONE', #9486, #4834 ) ;
#5403 = LINE ( 'NONE', #6660, #1052 ) ;
#5404 = DIRECTION ( 'NONE',  ( 0.000000000000000000, 0.000000000000000000, -1.000000000000000000 ) ) ;
#5405 = FACE_BOUND ( 'NONE', #6121, .T. ) ;
#5406 = DIRECTION ( 'NONE',  ( 0.000000000000000000, -1.000000000000000000, -1.332348806898293597E-16 ) ) ;
#5407 = DIRECTION ( 'NONE',  ( 0.000000000000000000, 0.000000000000000000, -1.000000000000000000 ) ) ;
#5408 = AXIS2_PLACEMENT_3D ( 'NONE', #8872, #609, #7934 ) ;
#5409 = CARTESIAN_POINT ( 'NONE',  ( -7.640925000000000189, -0.6953999999999983528, 13.97960000000000491 ) ) ;
#5410 = ORIENTED_EDGE ( 'NONE', *, *, #8333, .F. ) ;
#5411 = AXIS2_PLACEMENT_3D ( 'NONE', #4143, #4281, #11236 ) ;
#5412 = ORIENTED_EDGE ( 'NONE', *, *, #2067, .T. ) ;
#5413 = EDGE_CURVE ( 'NONE', #10617, #1314, #2258, .T. ) ;
#5414 = VERTEX_POINT ( 'NONE', #3206 ) ;
#5415 = VECTOR ( 'NONE', #2355, 39.37007874015748143 ) ;
#5416 = CARTESIAN_POINT ( 'NONE',  ( -35.23450000000000415, -0.6954000000000000181, -8.561550000000002214 ) ) ;
#5417 = ORIENTED_EDGE ( 'NONE', *, *, #12695, .F. ) ;
#5418 = CYLINDRICAL_SURFACE ( 'NONE', #10813, 0.1250000000000037192 ) ;
#5419 = CYLINDRICAL_SURFACE ( 'NONE', #5474, 0.1565000000000003610 ) ;
#5420 = DIRECTION ( 'NONE',  ( 0.000000000000000000, -1.000000000000000000, -1.332348806898293597E-16 ) ) ;
#5421 = CARTESIAN_POINT ( 'NONE',  ( 25.98425196850396546, 0.7000000000000333733, 3.543307086613998180 ) ) ;
#5422 = CARTESIAN_POINT ( 'NONE',  ( -26.40652500000000913, -0.6953999999999996851, 14.53099999999999703 ) ) ;
#5423 = DIRECTION ( 'NONE',  ( 0.000000000000000000, 0.000000000000000000, -1.000000000000000000 ) ) ;
#5424 = VERTEX_POINT ( 'NONE', #3263 ) ;
#5425 = DIRECTION ( 'NONE',  ( -1.000000000000000000, 0.000000000000000000, 0.000000000000000000 ) ) ;
#5426 = ORIENTED_EDGE ( 'NONE', *, *, #668, .F. ) ;
#5427 = AXIS2_PLACEMENT_3D ( 'NONE', #11777, #450, #2603 ) ;
#5428 = ORIENTED_EDGE ( 'NONE', *, *, #8460, .T. ) ;
#5429 = ORIENTED_EDGE ( 'NONE', *, *, #6276, .T. ) ;
#5430 = DIRECTION ( 'NONE',  ( 0.000000000000000000, 0.000000000000000000, -1.000000000000000000 ) ) ;
#5431 = FACE_BOUND ( 'NONE', #12118, .T. ) ;
#5433 = DIRECTION ( 'NONE',  ( 0.000000000000000000, 0.000000000000000000, -1.000000000000000000 ) ) ;
#5432 = AXIS2_PLACEMENT_3D ( 'NONE', #9574, #6426, #7360 ) ;
#5434 = CARTESIAN_POINT ( 'NONE',  ( 26.25002500000000794, -0.6953999999999964654, -14.53099999999998992 ) ) ;
#5435 = DIRECTION ( 'NONE',  ( -0.000000000000000000, -1.000000000000000000, -1.332348806898293597E-16 ) ) ;
#5436 = AXIS2_PLACEMENT_3D ( 'NONE', #7392, #5650, #9605 ) ;
#5437 = CARTESIAN_POINT ( 'NONE',  ( 22.47227499999999978, -0.6207000000000038042, -14.79687500000000000 ) ) ;
#5438 = EDGE_CURVE ( 'NONE', #6711, #1141, #10138, .T. ) ;
#5439 = DIRECTION ( 'NONE',  ( 0.000000000000000000, 0.000000000000000000, -1.000000000000000000 ) ) ;
#5440 = DIRECTION ( 'NONE',  ( 1.000000000000000000, 0.000000000000000000, 0.000000000000000000 ) ) ;
#5441 = CARTESIAN_POINT ( 'NONE',  ( -17.00582500000000863, -0.5499999999999952704, 14.53100000000000058 ) ) ;
#5442 = ORIENTED_EDGE ( 'NONE', *, *, #8407, .T. ) ;
#5443 = EDGE_CURVE ( 'NONE', #2597, #7231, #8210, .T. ) ;
#5444 = ORIENTED_EDGE ( 'NONE', *, *, #2213, .F. ) ;
#5445 = CIRCLE ( 'NONE', #2432, 0.03124999999999929223 ) ;
#5446 = ORIENTED_EDGE ( 'NONE', *, *, #2688, .F. ) ;
#5447 = DIRECTION ( 'NONE',  ( -0.000000000000000000, -2.967464690054594744E-16, 1.000000000000000000 ) ) ;
#5448 = ORIENTED_EDGE ( 'NONE', *, *, #7542, .F. ) ;
#5449 = EDGE_CURVE ( 'NONE', #9787, #2681, #5642, .T. ) ;
#5450 = CARTESIAN_POINT ( 'NONE',  ( 7.484425000000007877, -0.5499999999999936051, -14.34399999999999054 ) ) ;
#5451 = EDGE_LOOP ( 'NONE', ( #4504, #9467, #10829, #3317 ) ) ;
#5452 = DIRECTION ( 'NONE',  ( 1.000000000000000000, 0.000000000000000000, -0.000000000000000000 ) ) ;
#5453 = VERTEX_POINT ( 'NONE', #4345 ) ;
#5454 = LINE ( 'NONE', #796, #254 ) ;
#5455 = LINE ( 'NONE', #4251, #13230 ) ;
#5456 = FACE_OUTER_BOUND ( 'NONE', #4417, .T. ) ;
#5457 = EDGE_CURVE ( 'NONE', #7579, #9965, #7990, .T. ) ;
#5458 = CIRCLE ( 'NONE', #3095, 0.1249999999999993477 ) ;
#5459 = CARTESIAN_POINT ( 'NONE',  ( 21.73442499999999100, -0.4299000000000040012, 14.42187500000000178 ) ) ;
#5460 = ORIENTED_EDGE ( 'NONE', *, *, #12691, .F. ) ;
#5461 = EDGE_CURVE ( 'NONE', #5706, #8833, #275, .T. ) ;
#5462 = VERTEX_POINT ( 'NONE', #10640 ) ;
#5463 = EDGE_CURVE ( 'NONE', #8718, #9595, #11829, .T. ) ;
#5464 = ORIENTED_EDGE ( 'NONE', *, *, #9700, .T. ) ;
#5465 = DIRECTION ( 'NONE',  ( 1.000000000000000000, 0.000000000000000000, 0.000000000000000000 ) ) ;
#5466 = ORIENTED_EDGE ( 'NONE', *, *, #3133, .T. ) ;
#5467 = LINE ( 'NONE', #11678, #3467 ) ;
#5468 = DIRECTION ( 'NONE',  ( -0.000000000000000000, -1.000000000000000000, -1.332348806898293597E-16 ) ) ;
#5469 = CARTESIAN_POINT ( 'NONE',  ( 22.50347500000000167, -0.5895000000000039098, 14.79687500000000000 ) ) ;
#5470 = CARTESIAN_POINT ( 'NONE',  ( -35.23450000000000415, -0.5499999999999961586, 1.811549999999999994 ) ) ;
#5471 = CARTESIAN_POINT ( 'NONE',  ( -28.53760000000000829, -0.5499999999999959366, 14.53100000000000058 ) ) ;
#5472 = LINE ( 'NONE', #9557, #12432 ) ;
#5473 = DIRECTION ( 'NONE',  ( 0.000000000000000000, 0.000000000000000000, -1.000000000000000000 ) ) ;
#5474 = AXIS2_PLACEMENT_3D ( 'NONE', #6486, #11557, #1503 ) ;
#5475 = VECTOR ( 'NONE', #6156, 39.37007874015748143 ) ;
#5476 = ORIENTED_EDGE ( 'NONE', *, *, #5199, .T. ) ;
#5477 = CIRCLE ( 'NONE', #12943, 0.1565000000000003610 ) ;
#5478 = EDGE_CURVE ( 'NONE', #7763, #10075, #302, .T. ) ;
#5479 = ORIENTED_EDGE ( 'NONE', *, *, #10985, .F. ) ;
#5480 = ORIENTED_EDGE ( 'NONE', *, *, #3642, .F. ) ;
#5481 = VECTOR ( 'NONE', #9725, 39.37007874015748143 ) ;
#5482 = CARTESIAN_POINT ( 'NONE',  ( 3.906499999999998529, -0.7999999999999939382, -14.34399999999999409 ) ) ;
#5483 = ORIENTED_EDGE ( 'NONE', *, *, #8020, .T. ) ;
#5484 = CARTESIAN_POINT ( 'NONE',  ( -21.73442500000000877, -0.6953999999999993520, 14.34400000000000652 ) ) ;
#5485 = DIRECTION ( 'NONE',  ( -0.000000000000000000, -1.000000000000000000, -1.332348806898293597E-16 ) ) ;
#5486 = FACE_BOUND ( 'NONE', #603, .T. ) ;
#5487 = DIRECTION ( 'NONE',  ( 0.000000000000000000, 2.967464690054594744E-16, -1.000000000000000000 ) ) ;
#5488 = LINE ( 'NONE', #1573, #6897 ) ;
#5489 = CARTESIAN_POINT ( 'NONE',  ( -17.16232500000000627, -0.7999999999999951594, -14.34399999999999764 ) ) ;
#5490 = EDGE_LOOP ( 'NONE', ( #2411, #7211, #7728, #296 ) ) ;
#5491 = EDGE_CURVE ( 'NONE', #8779, #10396, #2652, .T. ) ;
#5492 = LINE ( 'NONE', #1379, #426 ) ;
#5493 = EDGE_CURVE ( 'NONE', #6309, #9302, #9911, .T. ) ;
#5494 = ORIENTED_EDGE ( 'NONE', *, *, #13152, .T. ) ;
#5495 = AXIS2_PLACEMENT_3D ( 'NONE', #8322, #3212, #5500 ) ;
#5496 = AXIS2_PLACEMENT_3D ( 'NONE', #3184, #11350, #2171 ) ;
#5497 = VECTOR ( 'NONE', #11189, 39.37007874015748143 ) ;
#5498 = ORIENTED_EDGE ( 'NONE', *, *, #5290, .F. ) ;
#5499 = VERTEX_POINT ( 'NONE', #7890 ) ;
#5500 = DIRECTION ( 'NONE',  ( 0.000000000000000000, 0.000000000000000000, -1.000000000000000000 ) ) ;
#5501 = EDGE_CURVE ( 'NONE', #8714, #11042, #12272, .T. ) ;
#5502 = CARTESIAN_POINT ( 'NONE',  ( -22.09727500000001044, -0.6954000000000040149, 14.79687500000000000 ) ) ;
#5504 = AXIS2_PLACEMENT_3D ( 'NONE', #10536, #9600, #6886 ) ;
#5503 = CYLINDRICAL_SURFACE ( 'NONE', #2264, 0.1250000000000037192 ) ;
#5505 = CARTESIAN_POINT ( 'NONE',  ( -22.09727500000001044, -0.6954000000000040149, -14.79687500000000000 ) ) ;
#5506 = CARTESIAN_POINT ( 'NONE',  ( -18.75002500000000794, -0.6953999999999992410, 14.53099999999999703 ) ) ;
#5507 = FACE_OUTER_BOUND ( 'NONE', #10289, .T. ) ;
#5508 = FACE_OUTER_BOUND ( 'NONE', #10380, .T. ) ;
#5509 = VERTEX_POINT ( 'NONE', #8891 ) ;
#5510 = AXIS2_PLACEMENT_3D ( 'NONE', #910, #4005, #8102 ) ;
#5511 = ORIENTED_EDGE ( 'NONE', *, *, #10421, .T. ) ;
#5512 = AXIS2_PLACEMENT_3D ( 'NONE', #3701, #8797, #12002 ) ;
#5514 = EDGE_LOOP ( 'NONE', ( #1305, #7666 ) ) ;
#5513 = EDGE_CURVE ( 'NONE', #9550, #5361, #12044, .T. ) ;
#5515 = DIRECTION ( 'NONE',  ( -0.000000000000000000, -1.000000000000000000, -1.332348806898293597E-16 ) ) ;
#5516 = ORIENTED_EDGE ( 'NONE', *, *, #9256, .T. ) ;
#5517 = CARTESIAN_POINT ( 'NONE',  ( 34.89030000000000342, -0.6954000000000019055, -13.78219999999999956 ) ) ;
#5518 = ORIENTED_EDGE ( 'NONE', *, *, #1689, .T. ) ;
#5519 = LINE ( 'NONE', #1407, #4216 ) ;
#5520 = VERTEX_POINT ( 'NONE', #8764 ) ;
#5521 = DIRECTION ( 'NONE',  ( -0.000000000000000000, 0.000000000000000000, 1.000000000000000000 ) ) ;
#5522 = EDGE_CURVE ( 'NONE', #1985, #1618, #4565, .T. ) ;
#5523 = DIRECTION ( 'NONE',  ( -1.000000000000000000, 0.000000000000000000, 0.000000000000000000 ) ) ;
#5524 = DIRECTION ( 'NONE',  ( 1.240959386601371334E-16, -1.000000000000000000, 0.000000000000000000 ) ) ;
#5525 = AXIS2_PLACEMENT_3D ( 'NONE', #3040, #1894, #10223 ) ;
#5526 = AXIS2_PLACEMENT_3D ( 'NONE', #1442, #11430, #4478 ) ;
#5527 = CARTESIAN_POINT ( 'NONE',  ( 21.57792500000000047, -0.6953999999999967985, -14.34399999999999764 ) ) ;
#5528 = ORIENTED_EDGE ( 'NONE', *, *, #8841, .F. ) ;
#5529 = AXIS2_PLACEMENT_3D ( 'NONE', #6956, #12112, #3940 ) ;
#5530 = ORIENTED_EDGE ( 'NONE', *, *, #7063, .F. ) ;
#5531 = CIRCLE ( 'NONE', #5745, 0.1565000000000003610 ) ;
#5532 = AXIS2_PLACEMENT_3D ( 'NONE', #13156, #2988, #10297 ) ;
#5533 = ADVANCED_FACE ( 'NONE', ( #2785 ), #500, .F. ) ;
#5534 = ORIENTED_EDGE ( 'NONE', *, *, #6667, .T. ) ;
#5535 = CARTESIAN_POINT ( 'NONE',  ( 18.75002500000000438, -0.7999999999999929390, 14.53099999999999703 ) ) ;
#5536 = EDGE_LOOP ( 'NONE', ( #11388, #3984, #11967, #12775 ) ) ;
#5537 = CARTESIAN_POINT ( 'NONE',  ( -26.25002500000000794, -0.7999999999999957145, 14.34400000000000119 ) ) ;
#5538 = EDGE_CURVE ( 'NONE', #179, #11422, #11891, .T. ) ;
#5539 = CYLINDRICAL_SURFACE ( 'NONE', #1614, 0.1565000000000003610 ) ;
#5540 = DIRECTION ( 'NONE',  ( 1.240959386601371334E-16, -1.000000000000000000, -0.000000000000000000 ) ) ;
#5541 = DIRECTION ( 'NONE',  ( 0.000000000000000000, -1.000000000000000000, -2.967464690054594744E-16 ) ) ;
#5542 = FACE_BOUND ( 'NONE', #7427, .T. ) ;
#5543 = CARTESIAN_POINT ( 'NONE',  ( -21.73442500000000521, -0.7999999999999953815, -14.34399999999999764 ) ) ;
#5544 = DIRECTION ( 'NONE',  ( 0.000000000000000000, -1.000000000000000000, -1.332348806898293597E-16 ) ) ;
#5545 = VECTOR ( 'NONE', #4650, 39.37007874015748143 ) ;
#5546 = CIRCLE ( 'NONE', #2318, 0.1565000000000003610 ) ;
#5547 = VECTOR ( 'NONE', #8923, 39.37007874015748143 ) ;
#5548 = EDGE_CURVE ( 'NONE', #3009, #6728, #437, .T. ) ;
#5549 = VERTEX_POINT ( 'NONE', #10889 ) ;
#5550 = ORIENTED_EDGE ( 'NONE', *, *, #3639, .T. ) ;
#5551 = ORIENTED_EDGE ( 'NONE', *, *, #271, .T. ) ;
#5552 = VECTOR ( 'NONE', #3978, 39.37007874015748143 ) ;
#5553 = DIRECTION ( 'NONE',  ( -1.000000000000000000, 0.000000000000000000, 0.000000000000000000 ) ) ;
#5554 = DIRECTION ( 'NONE',  ( -0.000000000000000000, -0.000000000000000000, -1.000000000000000000 ) ) ;
#5555 = CARTESIAN_POINT ( 'NONE',  ( -36.02170000000000272, 0.6999999999999995115, 14.78124999999999822 ) ) ;
#5556 = DIRECTION ( 'NONE',  ( -1.000000000000000000, 0.000000000000000000, 0.000000000000000000 ) ) ;
#5557 = CIRCLE ( 'NONE', #1254, 0.1565000000000003610 ) ;
#5558 = PRODUCT_CONTEXT ( 'NONE', #6050, 'mechanical' ) ;
#5559 = PLANE ( 'NONE',  #3901 ) ;
#5560 = EDGE_CURVE ( 'NONE', #2925, #11607, #4543, .T. ) ;
#5561 = LINE ( 'NONE', #7426, #11405 ) ;
#5562 = DIRECTION ( 'NONE',  ( 0.000000000000000000, -0.000000000000000000, 1.000000000000000000 ) ) ;
#5563 = AXIS2_PLACEMENT_3D ( 'NONE', #7157, #913, #12184 ) ;
#5564 = ORIENTED_EDGE ( 'NONE', *, *, #13248, .F. ) ;
#5565 = EDGE_CURVE ( 'NONE', #5361, #8864, #9698, .T. ) ;
#5566 = EDGE_LOOP ( 'NONE', ( #6919, #12157 ) ) ;
#5567 = EDGE_LOOP ( 'NONE', ( #294, #10798 ) ) ;
#5568 = AXIS2_PLACEMENT_3D ( 'NONE', #5338, #8217, #2234 ) ;
#5569 = DIRECTION ( 'NONE',  ( 0.000000000000000000, 0.000000000000000000, -1.000000000000000000 ) ) ;
#5570 = LINE ( 'NONE', #10713, #4809 ) ;
#5571 = DIRECTION ( 'NONE',  ( -0.000000000000000000, -1.000000000000000000, -1.332348806898293597E-16 ) ) ;
#5572 = CARTESIAN_POINT ( 'NONE',  ( -18.90652500000000558, -0.5499999999999952704, -14.53099999999999170 ) ) ;
#5573 = CARTESIAN_POINT ( 'NONE',  ( 32.13110000000001065, -0.6953999999999961323, -14.53099999999997216 ) ) ;
#5574 = CARTESIAN_POINT ( 'NONE',  ( -7.484425000000003436, -0.7999999999999946043, -14.53099999999998637 ) ) ;
#5575 = CARTESIAN_POINT ( 'NONE',  ( -3.906500000000002526, -0.5499999999999943823, 14.53100000000000058 ) ) ;
#5576 = ORIENTED_EDGE ( 'NONE', *, *, #9509, .F. ) ;
#5577 = VERTEX_POINT ( 'NONE', #1704 ) ;
#5578 = VERTEX_POINT ( 'NONE', #564 ) ;
#5579 = FACE_BOUND ( 'NONE', #7730, .T. ) ;
#5580 = EDGE_CURVE ( 'NONE', #9165, #11622, #12707, .T. ) ;
#5581 = EDGE_CURVE ( 'NONE', #6909, #11724, #1509, .T. ) ;
#5582 = EDGE_LOOP ( 'NONE', ( #5817, #11769, #1258, #7519 ) ) ;
#5583 = DIRECTION ( 'NONE',  ( 0.000000000000000000, -1.000000000000000000, -1.332348806898293597E-16 ) ) ;
#5584 = VERTEX_POINT ( 'NONE', #8693 ) ;
#5585 = DIRECTION ( 'NONE',  ( 0.000000000000000000, -1.000000000000000000, -2.967464690054594744E-16 ) ) ;
#5586 = ORIENTED_EDGE ( 'NONE', *, *, #259, .F. ) ;
#5587 = CARTESIAN_POINT ( 'NONE',  ( 25.72834645669293963, 0.7000000000000332623, 3.543307086613998180 ) ) ;
#5588 = CARTESIAN_POINT ( 'NONE',  ( 22.10942500000000521, -0.4299000000000038346, -12.43750000000001066 ) ) ;
#5589 = DIRECTION ( 'NONE',  ( 0.000000000000000000, 0.000000000000000000, -1.000000000000000000 ) ) ;
#5590 = CIRCLE ( 'NONE', #3437, 0.1565000000000003610 ) ;
#5591 = DIRECTION ( 'NONE',  ( 0.000000000000000000, -2.967464690054594744E-16, 1.000000000000000000 ) ) ;
#5592 = ADVANCED_FACE ( 'NONE', ( #7691 ), #11767, .F. ) ;
#5593 = ORIENTED_EDGE ( 'NONE', *, *, #6957, .T. ) ;
#5594 = ORIENTED_EDGE ( 'NONE', *, *, #6519, .T. ) ;
#5595 = ORIENTED_EDGE ( 'NONE', *, *, #5146, .F. ) ;
#5596 = DIRECTION ( 'NONE',  ( 0.000000000000000000, -1.000000000000000000, 0.000000000000000000 ) ) ;
#5597 = ORIENTED_EDGE ( 'NONE', *, *, #5501, .T. ) ;
#5598 = FACE_BOUND ( 'NONE', #3749, .T. ) ;
#5599 = CIRCLE ( 'NONE', #8384, 0.1565000000000003610 ) ;
#5600 = CARTESIAN_POINT ( 'NONE',  ( -20.99657499999999999, -0.6954000000000047921, 14.79687500000000000 ) ) ;
#5601 = DIRECTION ( 'NONE',  ( -1.240959386601361473E-16, 1.000000000000000000, 0.000000000000000000 ) ) ;
#5602 = CARTESIAN_POINT ( 'NONE',  ( -11.40652500000000913, -0.7999999999999948264, 14.34400000000000475 ) ) ;
#5603 = LINE ( 'NONE', #4392, #3285 ) ;
#5604 = DIRECTION ( 'NONE',  ( 0.000000000000000000, -1.000000000000000000, -1.332348806898293597E-16 ) ) ;
#5605 = PLANE ( 'NONE',  #10668 ) ;
#5607 = VERTEX_POINT ( 'NONE', #6680 ) ;
#5606 = AXIS2_PLACEMENT_3D ( 'NONE', #10281, #5186, #7455 ) ;
#5608 = ADVANCED_FACE ( 'NONE', ( #9763 ), #3661, .F. ) ;
#5609 = ORIENTED_EDGE ( 'NONE', *, *, #13115, .T. ) ;
#5610 = VERTEX_POINT ( 'NONE', #5747 ) ;
#5611 = CARTESIAN_POINT ( 'NONE',  ( 21.37157499999998933, -0.5895000000000039098, 14.79687500000000000 ) ) ;
#5612 = EDGE_CURVE ( 'NONE', #11246, #6671, #627, .T. ) ;
#5613 = DIRECTION ( 'NONE',  ( 0.000000000000000000, 0.000000000000000000, -1.000000000000000000 ) ) ;
#5614 = DIRECTION ( 'NONE',  ( -0.000000000000000000, -1.332348806898293597E-16, -1.000000000000000000 ) ) ;
#5615 = AXIS2_PLACEMENT_3D ( 'NONE', #11584, #10656, #2409 ) ;
#5616 = LINE ( 'NONE', #9761, #7000 ) ;
#5617 = DIRECTION ( 'NONE',  ( -1.000000000000000000, 0.000000000000000000, 0.000000000000000000 ) ) ;
#5618 = DIRECTION ( 'NONE',  ( 1.240959386601371334E-16, -1.000000000000000000, 0.000000000000000000 ) ) ;
#5619 = DIRECTION ( 'NONE',  ( 0.000000000000000000, -0.000000000000000000, 1.000000000000000000 ) ) ;
#5620 = EDGE_CURVE ( 'NONE', #1937, #3818, #10967, .T. ) ;
#5621 = LINE ( 'NONE', #10890, #7297 ) ;
#5622 = ORIENTED_EDGE ( 'NONE', *, *, #4431, .F. ) ;
#5623 = AXIS2_PLACEMENT_3D ( 'NONE', #13153, #12355, #12291 ) ;
#5624 = EDGE_CURVE ( 'NONE', #1286, #5610, #8960, .T. ) ;
#5625 = ORIENTED_EDGE ( 'NONE', *, *, #8565, .T. ) ;
#5626 = CIRCLE ( 'NONE', #3471, 0.2187500000000015821 ) ;
#5628 = EDGE_LOOP ( 'NONE', ( #1918, #11396, #1204, #8969 ) ) ;
#5627 = ADVANCED_FACE ( 'NONE', ( #9161 ), #1037, .T. ) ;
#5629 = DIRECTION ( 'NONE',  ( 0.000000000000000000, -1.000000000000000000, -2.967464690054594744E-16 ) ) ;
#5630 = PRESENTATION_STYLE_ASSIGNMENT (( #2663 ) ) ;
#5631 = CARTESIAN_POINT ( 'NONE',  ( -35.23450000000000415, -0.6954000000000000181, -1.811549999999999994 ) ) ;
#5632 = DIRECTION ( 'NONE',  ( -0.000000000000000000, -1.000000000000000000, -1.332348806898293597E-16 ) ) ;
#5633 = DIRECTION ( 'NONE',  ( -0.000000000000000000, -1.000000000000000000, -1.332348806898293597E-16 ) ) ;
#5634 = DIRECTION ( 'NONE',  ( 1.000000000000000000, 5.463695987328555033E-16, 0.000000000000000000 ) ) ;
#5635 = CARTESIAN_POINT ( 'NONE',  ( 28.53760000000000829, -0.6953999999999962434, 13.97959999999999958 ) ) ;
#5636 = AXIS2_PLACEMENT_3D ( 'NONE', #10902, #981, #9908 ) ;
#5637 = DIRECTION ( 'NONE',  ( 0.000000000000000000, 0.000000000000000000, -1.000000000000000000 ) ) ;
#5638 = ORIENTED_EDGE ( 'NONE', *, *, #6188, .T. ) ;
#5639 = EDGE_LOOP ( 'NONE', ( #8041, #13146 ) ) ;
#5640 = ORIENTED_EDGE ( 'NONE', *, *, #9747, .T. ) ;
#5641 = CARTESIAN_POINT ( 'NONE',  ( -35.13110000000000355, -0.5499999999999961586, 14.43750000000000178 ) ) ;
#5642 = CIRCLE ( 'NONE', #7778, 0.2187500000000015821 ) ;
#5643 = ORIENTED_EDGE ( 'NONE', *, *, #12068, .F. ) ;
#5644 = CIRCLE ( 'NONE', #7781, 0.2559055118110260540 ) ;
#5645 = CARTESIAN_POINT ( 'NONE',  ( -35.23450000000000415, -0.7999999999999961586, 1.936550000000002880 ) ) ;
#5646 = VERTEX_POINT ( 'NONE', #7953 ) ;
#5647 = ORIENTED_EDGE ( 'NONE', *, *, #7083, .F. ) ;
#5648 = DIRECTION ( 'NONE',  ( 0.000000000000000000, 0.000000000000000000, -1.000000000000000000 ) ) ;
#5649 = PLANE ( 'NONE',  #11936 ) ;
#5650 = DIRECTION ( 'NONE',  ( 0.000000000000000000, -1.000000000000000000, 0.000000000000000000 ) ) ;
#5651 = FACE_OUTER_BOUND ( 'NONE', #10306, .T. ) ;
#5652 = CARTESIAN_POINT ( 'NONE',  ( 35.93750000000000000, -0.7999999999999999334, -13.97480000000000011 ) ) ;
#5653 = VERTEX_POINT ( 'NONE', #5946 ) ;
#5654 = ADVANCED_FACE ( 'NONE', ( #5143 ), #966, .F. ) ;
#5655 = AXIS2_PLACEMENT_3D ( 'NONE', #11754, #2504, #7606 ) ;
#5656 = ORIENTED_EDGE ( 'NONE', *, *, #5294, .F. ) ;
#5657 = ORIENTED_EDGE ( 'NONE', *, *, #8114, .T. ) ;
#5658 = FACE_OUTER_BOUND ( 'NONE', #12918, .T. ) ;
#5659 = VERTEX_POINT ( 'NONE', #2919 ) ;
#5660 = CIRCLE ( 'NONE', #9515, 0.1250000000000037192 ) ;
#5661 = LINE ( 'NONE', #12074, #4969 ) ;
#5662 = DIRECTION ( 'NONE',  ( 0.000000000000000000, 0.000000000000000000, -1.000000000000000000 ) ) ;
#5663 = DIRECTION ( 'NONE',  ( -0.000000000000000000, -1.000000000000000000, -0.000000000000000000 ) ) ;
#5664 = DIRECTION ( 'NONE',  ( 1.000000000000000000, 0.000000000000000000, 0.000000000000000000 ) ) ;
#5665 = DIRECTION ( 'NONE',  ( 0.000000000000000000, -1.000000000000000000, 0.000000000000000000 ) ) ;
#5666 = DIRECTION ( 'NONE',  ( 0.000000000000000000, 0.000000000000000000, -1.000000000000000000 ) ) ;
#5667 = CARTESIAN_POINT ( 'NONE',  ( -28.38110000000001065, -0.7999999999999958256, 14.18750000000000533 ) ) ;
#5668 = ORIENTED_EDGE ( 'NONE', *, *, #8223, .T. ) ;
#5669 = ORIENTED_EDGE ( 'NONE', *, *, #972, .T. ) ;
#5670 = ORIENTED_EDGE ( 'NONE', *, *, #9463, .F. ) ;
#5671 = ADVANCED_FACE ( 'NONE', ( #897 ), #3856, .F. ) ;
#5672 = DIRECTION ( 'NONE',  ( 1.000000000000000000, 0.000000000000000000, 0.000000000000000000 ) ) ;
#5673 = DIRECTION ( 'NONE',  ( 1.000000000000000000, 5.463695987328555033E-16, 0.000000000000000000 ) ) ;
#5674 = DIRECTION ( 'NONE',  ( 1.240959386601371334E-16, -1.000000000000000000, 0.000000000000000000 ) ) ;
#5675 = LINE ( 'NONE', #9829, #9376 ) ;
#5676 = EDGE_CURVE ( 'NONE', #9200, #6442, #12297, .T. ) ;
#5677 = DIRECTION ( 'NONE',  ( 0.000000000000000000, 0.000000000000000000, -1.000000000000000000 ) ) ;
#5678 = AXIS2_PLACEMENT_3D ( 'NONE', #907, #12035, #5015 ) ;
#5679 = DIRECTION ( 'NONE',  ( 0.000000000000000000, -1.000000000000000000, -1.332348806898293597E-16 ) ) ;
#5680 = DIRECTION ( 'NONE',  ( 0.000000000000000000, 0.000000000000000000, -1.000000000000000000 ) ) ;
#5681 = VECTOR ( 'NONE', #576, 39.37007874015748143 ) ;
#5682 = EDGE_LOOP ( 'NONE', ( #4030, #12729, #10218, #6263 ) ) ;
#5683 = CIRCLE ( 'NONE', #320, 0.03125000000000147798 ) ;
#5684 = ADVANCED_FACE ( 'NONE', ( #10099 ), #13231, .F. ) ;
#5685 = ORIENTED_EDGE ( 'NONE', *, *, #6480, .T. ) ;
#5686 = ORIENTED_EDGE ( 'NONE', *, *, #5413, .T. ) ;
#5687 = AXIS2_PLACEMENT_3D ( 'NONE', #7651, #4633, #11732 ) ;
#5688 = CARTESIAN_POINT ( 'NONE',  ( 35.93750000000000000, 0.6187500000000388800, 15.00000000000000000 ) ) ;
#5689 = DIRECTION ( 'NONE',  ( 0.000000000000000000, -1.000000000000000000, -2.967464690054594744E-16 ) ) ;
#5690 = ADVANCED_FACE ( 'NONE', ( #4058 ), #10235, .F. ) ;
#5691 = CARTESIAN_POINT ( 'NONE',  ( -17.00582500000000863, -0.5499999999999952704, 14.53100000000000058 ) ) ;
#5692 = CARTESIAN_POINT ( 'NONE',  ( -21.57792500000000757, -0.5499999999999954925, 14.53100000000000058 ) ) ;
#5693 = CARTESIAN_POINT ( 'NONE',  ( 22.57817500000000166, 0.4608499999999960961, -14.67187499999999822 ) ) ;
#5694 = FACE_BOUND ( 'NONE', #9306, .T. ) ;
#5695 = LINE ( 'NONE', #12787, #2761 ) ;
#5696 = VECTOR ( 'NONE', #6703, 39.37007874015748143 ) ;
#5697 = AXIS2_PLACEMENT_3D ( 'NONE', #11216, #4325, #6140 ) ;
#5698 = CARTESIAN_POINT ( 'NONE',  ( 3.593499999999997474, -0.7999999999999939382, -14.34399999999999409 ) ) ;
#5699 = ORIENTED_EDGE ( 'NONE', *, *, #444, .T. ) ;
#5700 = ORIENTED_EDGE ( 'NONE', *, *, #9097, .T. ) ;
#5701 = EDGE_CURVE ( 'NONE', #7958, #1209, #765, .T. ) ;
#5702 = AXIS2_PLACEMENT_3D ( 'NONE', #2537, #4616, #4555 ) ;
#5703 = EDGE_LOOP ( 'NONE', ( #10853, #4644, #9420, #2563 ) ) ;
#5704 = FACE_BOUND ( 'NONE', #9542, .T. ) ;
#5705 = CIRCLE ( 'NONE', #4845, 0.03119999999999938448 ) ;
#5706 = VERTEX_POINT ( 'NONE', #12167 ) ;
#5707 = DIRECTION ( 'NONE',  ( 0.000000000000000000, -1.000000000000000000, -1.332348806898293597E-16 ) ) ;
#5708 = ORIENTED_EDGE ( 'NONE', *, *, #1725, .T. ) ;
#5709 = ORIENTED_EDGE ( 'NONE', *, *, #3791, .T. ) ;
#5710 = DIRECTION ( 'NONE',  ( -1.000000000000000000, 0.000000000000000000, 0.000000000000000000 ) ) ;
#5711 = CARTESIAN_POINT ( 'NONE',  ( -32.28760000000000474, -0.5499999999999961586, 14.34400000000000475 ) ) ;
#5712 = FACE_OUTER_BOUND ( 'NONE', #8657, .T. ) ;
#5713 = CIRCLE ( 'NONE', #6570, 0.1250000000000026368 ) ;
#5714 = CYLINDRICAL_SURFACE ( 'NONE', #1646, 0.1059000000000017289 ) ;
#5715 = CARTESIAN_POINT ( 'NONE',  ( -35.94045000000000556, -0.7999999999999994893, 13.78219999999999956 ) ) ;
#5716 = ORIENTED_EDGE ( 'NONE', *, *, #6715, .F. ) ;
#5717 = EDGE_CURVE ( 'NONE', #5499, #6221, #9710, .T. ) ;
#5718 = ORIENTED_EDGE ( 'NONE', *, *, #400, .F. ) ;
#5719 = EDGE_CURVE ( 'NONE', #7725, #6932, #9920, .T. ) ;
#5720 = ORIENTED_EDGE ( 'NONE', *, *, #835, .F. ) ;
#5721 = DIRECTION ( 'NONE',  ( -1.240959386601371334E-16, 1.000000000000000000, 0.000000000000000000 ) ) ;
#5722 = ORIENTED_EDGE ( 'NONE', *, *, #2492, .F. ) ;
#5723 = AXIS2_PLACEMENT_3D ( 'NONE', #8015, #9226, #10029 ) ;
#5724 = VERTEX_POINT ( 'NONE', #2115 ) ;
#5725 = DIRECTION ( 'NONE',  ( 0.000000000000000000, 0.000000000000000000, 1.000000000000000000 ) ) ;
#5726 = ADVANCED_FACE ( 'NONE', ( #13092 ), #13033, .F. ) ;
#5727 = DIRECTION ( 'NONE',  ( 0.000000000000000000, 0.000000000000000000, -1.000000000000000000 ) ) ;
#5728 = CYLINDRICAL_SURFACE ( 'NONE', #1444, 0.2187500000000015821 ) ;
#5729 = LINE ( 'NONE', #9814, #7349 ) ;
#5730 = LINE ( 'NONE', #6992, #9490 ) ;
#5731 = CARTESIAN_POINT ( 'NONE',  ( 35.23450000000000415, -0.7999999999999917177, -1.811549999999973792 ) ) ;
#5732 = ORIENTED_EDGE ( 'NONE', *, *, #10210, .T. ) ;
#5733 = ORIENTED_EDGE ( 'NONE', *, *, #12563, .T. ) ;
#5734 = CIRCLE ( 'NONE', #9162, 0.1250000000000015266 ) ;
#5735 = ORIENTED_EDGE ( 'NONE', *, *, #5580, .F. ) ;
#5736 = EDGE_CURVE ( 'NONE', #6431, #5799, #6145, .T. ) ;
#5737 = ORIENTED_EDGE ( 'NONE', *, *, #12068, .T. ) ;
#5738 = CIRCLE ( 'NONE', #10862, 0.1565000000000003610 ) ;
#5739 = FACE_OUTER_BOUND ( 'NONE', #10293, .T. ) ;
#5740 = EDGE_CURVE ( 'NONE', #6449, #9302, #6939, .T. ) ;
#5741 = AXIS2_PLACEMENT_3D ( 'NONE', #1489, #5601, #11752 ) ;
#5742 = LINE ( 'NONE', #10755, #965 ) ;
#5743 = DIRECTION ( 'NONE',  ( 0.000000000000000000, 0.000000000000000000, -1.000000000000000000 ) ) ;
#5744 = DIRECTION ( 'NONE',  ( 1.240959386601371334E-16, -1.000000000000000000, 0.000000000000000000 ) ) ;
#5745 = AXIS2_PLACEMENT_3D ( 'NONE', #192, #12397, #7375 ) ;
#5746 = DIRECTION ( 'NONE',  ( 0.000000000000000000, 0.000000000000000000, -1.000000000000000000 ) ) ;
#5747 = CARTESIAN_POINT ( 'NONE',  ( 3.750000000000002220, -0.7999999999999939382, 14.18750000000000533 ) ) ;
#5748 = LINE ( 'NONE', #628, #2167 ) ;
#5749 = EDGE_LOOP ( 'NONE', ( #11315, #6477, #6669, #6238 ) ) ;
#5750 = EDGE_CURVE ( 'NONE', #3337, #595, #3922, .T. ) ;
#5751 = EDGE_LOOP ( 'NONE', ( #1012, #4472 ) ) ;
#5752 = CIRCLE ( 'NONE', #10258, 0.2559055118110260540 ) ;
#5753 = EDGE_CURVE ( 'NONE', #2820, #6651, #11093, .T. ) ;
#5754 = VECTOR ( 'NONE', #2097, 39.37007874015748143 ) ;
#5755 = ORIENTED_EDGE ( 'NONE', *, *, #12115, .T. ) ;
#5756 = AXIS2_PLACEMENT_3D ( 'NONE', #4715, #12011, #1625 ) ;
#5757 = ORIENTED_EDGE ( 'NONE', *, *, #11176, .F. ) ;
#5758 = DIRECTION ( 'NONE',  ( -1.000000000000000000, 0.000000000000000000, -0.000000000000000000 ) ) ;
#5759 = CARTESIAN_POINT ( 'NONE',  ( 18.90652500000000558, -0.5499999999999929390, -14.34399999999999586 ) ) ;
#5760 = DIRECTION ( 'NONE',  ( 0.000000000000000000, -1.000000000000000000, -1.332348806898293597E-16 ) ) ;
#5761 = CARTESIAN_POINT ( 'NONE',  ( 22.10942499999999455, -0.4299000000000038346, 2.512596398514597499E-15 ) ) ;
#5762 = DIRECTION ( 'NONE',  ( -1.000000000000000000, 0.000000000000000000, 0.000000000000000000 ) ) ;
#5763 = CARTESIAN_POINT ( 'NONE',  ( 21.37157499999998933, -0.6954000000000040149, -14.79687500000000000 ) ) ;
#5764 = DIRECTION ( 'NONE',  ( -0.000000000000000000, -0.000000000000000000, 1.000000000000000000 ) ) ;
#5765 = DIRECTION ( 'NONE',  ( 0.000000000000000000, 0.000000000000000000, 1.000000000000000000 ) ) ;
#5766 = ORIENTED_EDGE ( 'NONE', *, *, #2147, .F. ) ;
#5767 = EDGE_LOOP ( 'NONE', ( #9383, #476, #10991, #9096, #4534 ) ) ;
#5768 = EDGE_CURVE ( 'NONE', #9173, #3820, #7074, .T. ) ;
#5769 = EDGE_LOOP ( 'NONE', ( #2562, #2118, #6419, #2136 ) ) ;
#5770 = DIRECTION ( 'NONE',  ( -0.000000000000000000, 1.000000000000000000, 1.332348806898293843E-16 ) ) ;
#5771 = ORIENTED_EDGE ( 'NONE', *, *, #12115, .F. ) ;
#5772 = EDGE_CURVE ( 'NONE', #10708, #1400, #1357, .T. ) ;
#5773 = CARTESIAN_POINT ( 'NONE',  ( 28.38110000000001065, -0.7999999999999923839, 14.53100000000000058 ) ) ;
#5774 = ORIENTED_EDGE ( 'NONE', *, *, #8146, .F. ) ;
#5775 = ORIENTED_EDGE ( 'NONE', *, *, #9616, .F. ) ;
#5776 = FACE_OUTER_BOUND ( 'NONE', #2046, .T. ) ;
#5777 = EDGE_CURVE ( 'NONE', #9433, #11939, #922, .T. ) ;
#5778 = DIRECTION ( 'NONE',  ( 0.000000000000000000, -1.000000000000000000, -2.967464690054594744E-16 ) ) ;
#5779 = DIRECTION ( 'NONE',  ( -0.000000000000000000, -1.000000000000000000, -1.332348806898293597E-16 ) ) ;
#5780 = CARTESIAN_POINT ( 'NONE',  ( 26.09352500000000674, -0.5499999999999926059, -14.53099999999999170 ) ) ;
#5781 = ORIENTED_EDGE ( 'NONE', *, *, #7294, .F. ) ;
#5782 = ORIENTED_EDGE ( 'NONE', *, *, #10255, .F. ) ;
#5783 = ORIENTED_EDGE ( 'NONE', *, *, #1580, .F. ) ;
#5784 = LINE ( 'NONE', #2824, #3781 ) ;
#5785 = VERTEX_POINT ( 'NONE', #1165 ) ;
#5786 = EDGE_CURVE ( 'NONE', #10175, #7067, #7566, .T. ) ;
#5787 = ORIENTED_EDGE ( 'NONE', *, *, #6134, .T. ) ;
#5788 = DIRECTION ( 'NONE',  ( 0.000000000000000000, -1.000000000000000000, -2.967464690054594744E-16 ) ) ;
#5789 = CARTESIAN_POINT ( 'NONE',  ( 35.91710000000000491, -0.2096999999999985820, -13.87500000000000000 ) ) ;
#5790 = LINE ( 'NONE', #7605, #3801 ) ;
#5791 = LINE ( 'NONE', #11945, #3927 ) ;
#5792 = DIRECTION ( 'NONE',  ( -5.463695987328555033E-16, 1.000000000000000000, -0.000000000000000000 ) ) ;
#5793 = DIRECTION ( 'NONE',  ( 0.000000000000000000, 0.000000000000000000, -1.000000000000000000 ) ) ;
#5794 = EDGE_LOOP ( 'NONE', ( #1321, #5720, #2001, #10627 ) ) ;
#5795 = EDGE_CURVE ( 'NONE', #6331, #10261, #7791, .T. ) ;
#5796 = ORIENTED_EDGE ( 'NONE', *, *, #1900, .T. ) ;
#5797 = VECTOR ( 'NONE', #2802, 39.37007874015748143 ) ;
#5798 = ORIENTED_EDGE ( 'NONE', *, *, #2241, .F. ) ;
#5799 = VERTEX_POINT ( 'NONE', #3632 ) ;
#5800 = LINE ( 'NONE', #12087, #11314 ) ;
#5801 = AXIS2_PLACEMENT_3D ( 'NONE', #12160, #6141, #1096 ) ;
#5802 = LINE ( 'NONE', #9890, #6133 ) ;
#5803 = CARTESIAN_POINT ( 'NONE',  ( -28.38110000000001065, -0.6953999999999997961, 14.34400000000000652 ) ) ;
#5804 = CARTESIAN_POINT ( 'NONE',  ( -7.640925000000000189, -0.7999999999999946043, 14.53100000000000591 ) ) ;
#5805 = DIRECTION ( 'NONE',  ( 0.000000000000000000, 0.000000000000000000, -1.000000000000000000 ) ) ;
#5806 = VECTOR ( 'NONE', #2286, 39.37007874015748143 ) ;
#5807 = DIRECTION ( 'NONE',  ( 0.000000000000000000, 0.000000000000000000, -1.000000000000000000 ) ) ;
#5808 = LINE ( 'NONE', #9897, #1508 ) ;
#5809 = VECTOR ( 'NONE', #4530, 39.37007874015748143 ) ;
#5810 = ORIENTED_EDGE ( 'NONE', *, *, #11085, .T. ) ;
#5811 = EDGE_CURVE ( 'NONE', #13003, #2608, #11796, .T. ) ;
#5812 = ORIENTED_EDGE ( 'NONE', *, *, #11538, .T. ) ;
#5813 = VECTOR ( 'NONE', #7356, 39.37007874015748143 ) ;
#5814 = CARTESIAN_POINT ( 'NONE',  ( 35.23450000000000415, -0.7999999999999917177, -1.936549999999976679 ) ) ;
#5816 = EDGE_LOOP ( 'NONE', ( #5395, #6509, #11226, #396 ) ) ;
#5815 = EDGE_CURVE ( 'NONE', #9915, #8782, #533, .T. ) ;
#5817 = ORIENTED_EDGE ( 'NONE', *, *, #13001, .F. ) ;
#5818 = DIRECTION ( 'NONE',  ( -1.000000000000000000, 0.000000000000000000, -0.000000000000000000 ) ) ;
#5819 = PLANE ( 'NONE',  #90 ) ;
#5820 = CARTESIAN_POINT ( 'NONE',  ( -25.19685039370078528, 0.7000000000000053957, -4.330708661417322247 ) ) ;
#5821 = CARTESIAN_POINT ( 'NONE',  ( 35.91710000000000491, 0.5641500000000337911, -14.78124999999999822 ) ) ;
#5822 = CARTESIAN_POINT ( 'NONE',  ( -3.593499999999997474, -0.6953999999999981307, -14.89539999999999509 ) ) ;
#5823 = DIRECTION ( 'NONE',  ( 0.000000000000000000, -1.000000000000000000, -1.332348806898293597E-16 ) ) ;
#5824 = FACE_OUTER_BOUND ( 'NONE', #6612, .T. ) ;
#5825 = CARTESIAN_POINT ( 'NONE',  ( 33.63110000000001065, -0.7999999999999918288, -14.31249999999996980 ) ) ;
#5826 = VECTOR ( 'NONE', #3904, 39.37007874015748143 ) ;
#5827 = VERTEX_POINT ( 'NONE', #2561 ) ;
#5828 = ORIENTED_EDGE ( 'NONE', *, *, #2576, .T. ) ;
#5829 = ORIENTED_EDGE ( 'NONE', *, *, #8715, .T. ) ;
#5830 = FACE_OUTER_BOUND ( 'NONE', #1867, .T. ) ;
#5831 = EDGE_LOOP ( 'NONE', ( #2829, #10277 ) ) ;
#5832 = CIRCLE ( 'NONE', #7549, 0.1565000000000003610 ) ;
#5833 = LINE ( 'NONE', #653, #12100 ) ;
#5834 = ORIENTED_EDGE ( 'NONE', *, *, #6749, .T. ) ;
#5835 = EDGE_CURVE ( 'NONE', #1273, #3863, #224, .T. ) ;
#5836 = ORIENTED_EDGE ( 'NONE', *, *, #4851, .F. ) ;
#5837 = DIRECTION ( 'NONE',  ( -1.000000000000000000, 0.000000000000000000, 0.000000000000000000 ) ) ;
#5838 = CARTESIAN_POINT ( 'NONE',  ( 25.98425196850394414, 0.7000000000000333733, -2.093719959452136122E-13 ) ) ;
#5839 = CARTESIAN_POINT ( 'NONE',  ( 36.02170047244094775, -0.2096999999999985820, -13.87500000000000000 ) ) ;
#5840 = EDGE_CURVE ( 'NONE', #5896, #9887, #11625, .T. ) ;
#5841 = CARTESIAN_POINT ( 'NONE',  ( 26.25002500000000794, -0.6953999999999964654, 14.53099999999999703 ) ) ;
#5842 = DIRECTION ( 'NONE',  ( 0.000000000000000000, 0.000000000000000000, -1.000000000000000000 ) ) ;
#5843 = EDGE_CURVE ( 'NONE', #6943, #2762, #4332, .T. ) ;
#5844 = EDGE_LOOP ( 'NONE', ( #6682, #4317, #6463, #13169 ) ) ;
#5845 = VECTOR ( 'NONE', #6620, 39.37007874015748143 ) ;
#5846 = AXIS2_PLACEMENT_3D ( 'NONE', #10114, #12110, #3004 ) ;
#5847 = VECTOR ( 'NONE', #4918, 39.37007874015748143 ) ;
#5848 = EDGE_CURVE ( 'NONE', #12734, #8066, #10362, .T. ) ;
#5849 = VERTEX_POINT ( 'NONE', #11486 ) ;
#5850 = ORIENTED_EDGE ( 'NONE', *, *, #3735, .F. ) ;
#5851 = DIRECTION ( 'NONE',  ( 0.000000000000000000, -1.000000000000000000, -2.967464690054594744E-16 ) ) ;
#5852 = ORIENTED_EDGE ( 'NONE', *, *, #6596, .T. ) ;
#5853 = EDGE_CURVE ( 'NONE', #4709, #7146, #3251, .T. ) ;
#5854 = DIRECTION ( 'NONE',  ( 0.000000000000000000, 0.000000000000000000, -1.000000000000000000 ) ) ;
#5855 = EDGE_LOOP ( 'NONE', ( #10725, #6636, #4678, #11743, #8893 ) ) ;
#5856 = DIRECTION ( 'NONE',  ( -1.000000000000000000, 0.000000000000000000, -0.000000000000000000 ) ) ;
#5857 = EDGE_CURVE ( 'NONE', #12604, #9005, #4576, .T. ) ;
#5858 = DIRECTION ( 'NONE',  ( 0.000000000000000000, 0.000000000000000000, -1.000000000000000000 ) ) ;
#5859 = CARTESIAN_POINT ( 'NONE',  ( -11.25002500000000794, -0.6953999999999987969, 14.34400000000000652 ) ) ;
#5860 = AXIS2_PLACEMENT_3D ( 'NONE', #12808, #7722, #1297 ) ;
#5861 = FACE_OUTER_BOUND ( 'NONE', #3503, .T. ) ;
#5862 = EDGE_CURVE ( 'NONE', #10482, #2907, #470, .T. ) ;
#5864 = AXIS2_PLACEMENT_3D ( 'NONE', #338, #1539, #6394 ) ;
#5863 = CARTESIAN_POINT ( 'NONE',  ( 18.75002500000000438, -0.5499999999999929390, 14.18750000000000178 ) ) ;
#5865 = ORIENTED_EDGE ( 'NONE', *, *, #5853, .T. ) ;
#5866 = EDGE_LOOP ( 'NONE', ( #620, #5732, #3732, #6067 ) ) ;
#5867 = EDGE_CURVE ( 'NONE', #5327, #3151, #3501, .T. ) ;
#5868 = EDGE_LOOP ( 'NONE', ( #6096, #838, #2331, #9273 ) ) ;
#5869 = ORIENTED_EDGE ( 'NONE', *, *, #12959, .F. ) ;
#5870 = DIRECTION ( 'NONE',  ( 1.000000000000000000, 0.000000000000000000, 0.000000000000000000 ) ) ;
#5871 = DIRECTION ( 'NONE',  ( -1.000000000000000000, 0.000000000000000000, 0.000000000000000000 ) ) ;
#5872 = CARTESIAN_POINT ( 'NONE',  ( -35.93750000000000000, 0.7000000000000000666, 15.00000000000000000 ) ) ;
#5873 = CARTESIAN_POINT ( 'NONE',  ( -7.484424999999999883, -0.5499999999999946043, 14.53100000000000591 ) ) ;
#5874 = DIRECTION ( 'NONE',  ( -1.000000000000000000, 0.000000000000000000, 0.000000000000000000 ) ) ;
#5875 = DIRECTION ( 'NONE',  ( 1.240959386601371334E-16, -1.000000000000000000, -0.000000000000000000 ) ) ;
#5876 = AXIS2_PLACEMENT_3D ( 'NONE', #1107, #5214, #11106 ) ;
#5877 = DIRECTION ( 'NONE',  ( 0.000000000000000000, -1.000000000000000000, -1.332348806898293597E-16 ) ) ;
#5878 = ORIENTED_EDGE ( 'NONE', *, *, #103, .T. ) ;
#5879 = EDGE_CURVE ( 'NONE', #4577, #11724, #10975, .T. ) ;
#5880 = ORIENTED_EDGE ( 'NONE', *, *, #4236, .T. ) ;
#5881 = DIRECTION ( 'NONE',  ( 0.000000000000000000, 0.000000000000000000, -1.000000000000000000 ) ) ;
#5882 = ORIENTED_EDGE ( 'NONE', *, *, #5294, .T. ) ;
#5883 = AXIS2_PLACEMENT_3D ( 'NONE', #11232, #9973, #11970 ) ;
#5884 = ORIENTED_EDGE ( 'NONE', *, *, #3500, .F. ) ;
#5885 = DIRECTION ( 'NONE',  ( -0.000000000000000000, -1.000000000000000000, -1.332348806898293597E-16 ) ) ;
#5886 = CARTESIAN_POINT ( 'NONE',  ( -35.23450000000000415, -0.7999999999999961586, -8.561550000000002214 ) ) ;
#5887 = CARTESIAN_POINT ( 'NONE',  ( 3.750000000000002220, -0.5499999999999939382, 14.53100000000000058 ) ) ;
#5888 = DIRECTION ( 'NONE',  ( 0.000000000000000000, -1.000000000000000000, -2.967464690054594744E-16 ) ) ;
#5889 = DIRECTION ( 'NONE',  ( 0.000000000000000000, -0.000000000000000000, -1.000000000000000000 ) ) ;
#5890 = ADVANCED_FACE ( 'NONE', ( #6342 ), #6648, .T. ) ;
#5891 = VECTOR ( 'NONE', #11775, 39.37007874015748143 ) ;
#5892 = EDGE_CURVE ( 'NONE', #5276, #7710, #7277, .T. ) ;
#5893 = CARTESIAN_POINT ( 'NONE',  ( 18.59352500000000319, -0.6953999999999967985, -14.89539999999999687 ) ) ;
#5894 = DIRECTION ( 'NONE',  ( -1.000000000000000000, -0.000000000000000000, -0.000000000000000000 ) ) ;
#5895 = DIRECTION ( 'NONE',  ( 1.000000000000000000, -0.000000000000000000, 0.000000000000000000 ) ) ;
#5896 = VERTEX_POINT ( 'NONE', #7410 ) ;
#5897 = CIRCLE ( 'NONE', #12951, 0.1565000000000003610 ) ;
#5898 = VERTEX_POINT ( 'NONE', #9365 ) ;
#5899 = VECTOR ( 'NONE', #3691, 39.37007874015748143 ) ;
#5900 = EDGE_LOOP ( 'NONE', ( #4786, #8882, #950, #3910 ) ) ;
#5901 = LINE ( 'NONE', #13116, #383 ) ;
#5902 = ADVANCED_FACE ( 'NONE', ( #157 ), #4269, .T. ) ;
#5903 = ORIENTED_EDGE ( 'NONE', *, *, #4040, .F. ) ;
#5904 = CARTESIAN_POINT ( 'NONE',  ( -36.02170000000000272, -0.7187500000000024425, -13.78219999999999956 ) ) ;
#5905 = ORIENTED_EDGE ( 'NONE', *, *, #8558, .F. ) ;
#5906 = AXIS2_PLACEMENT_3D ( 'NONE', #5120, #9205, #13269 ) ;
#5907 = ORIENTED_EDGE ( 'NONE', *, *, #2422, .T. ) ;
#5908 = DIRECTION ( 'NONE',  ( 0.000000000000000000, 2.967464690054594744E-16, -1.000000000000000000 ) ) ;
#5910 = AXIS2_PLACEMENT_3D ( 'NONE', #4121, #12224, #8358 ) ;
#5909 = CARTESIAN_POINT ( 'NONE',  ( -35.93750000000000000, 0.000000000000000000, 0.000000000000000000 ) ) ;
#5911 = CYLINDRICAL_SURFACE ( 'NONE', #10445, 0.2187500000000015821 ) ;
#5912 = FACE_OUTER_BOUND ( 'NONE', #8370, .T. ) ;
#5913 = DIRECTION ( 'NONE',  ( -1.240959386601361473E-16, 1.000000000000000000, 0.000000000000000000 ) ) ;
#5914 = FACE_OUTER_BOUND ( 'NONE', #5011, .T. ) ;
#5915 = EDGE_LOOP ( 'NONE', ( #9514, #5852 ) ) ;
#5916 = VECTOR ( 'NONE', #1873, 39.37007874015748143 ) ;
#5917 = EDGE_CURVE ( 'NONE', #11551, #1021, #9930, .T. ) ;
#5918 = EDGE_CURVE ( 'NONE', #5607, #8780, #9077, .T. ) ;
#5919 = AXIS2_PLACEMENT_3D ( 'NONE', #2483, #3805, #5452 ) ;
#5920 = ORIENTED_EDGE ( 'NONE', *, *, #9917, .F. ) ;
#5921 = EDGE_CURVE ( 'NONE', #3700, #293, #9863, .T. ) ;
#5922 = ADVANCED_FACE ( 'NONE', ( #11858 ), #12867, .F. ) ;
#5923 = ORIENTED_EDGE ( 'NONE', *, *, #1080, .F. ) ;
#5924 = DIRECTION ( 'NONE',  ( 1.240959386601371334E-16, -1.000000000000000000, 0.000000000000000000 ) ) ;
#5925 = ORIENTED_EDGE ( 'NONE', *, *, #11331, .T. ) ;
#5926 = AXIS2_PLACEMENT_3D ( 'NONE', #4744, #8839, #577 ) ;
#5927 = CARTESIAN_POINT ( 'NONE',  ( 3.749999999999997780, -0.6953999999999979087, -14.34399999999999409 ) ) ;
#5928 = VERTEX_POINT ( 'NONE', #4831 ) ;
#5929 = CARTESIAN_POINT ( 'NONE',  ( -35.13110000000000355, -0.6954000000000000181, -14.31249999999999467 ) ) ;
#5930 = CARTESIAN_POINT ( 'NONE',  ( 35.91710000000000491, 0.5953999999999993742, 14.78124999999999822 ) ) ;
#5931 = DIRECTION ( 'NONE',  ( 1.000000000000000000, 0.000000000000000000, 0.000000000000000000 ) ) ;
#5932 = CARTESIAN_POINT ( 'NONE',  ( 35.13110000000000355, -0.6953999999999957993, 14.56250000000000533 ) ) ;
#5933 = AXIS2_PLACEMENT_3D ( 'NONE', #778, #4879, #7965 ) ;
#5934 = DIRECTION ( 'NONE',  ( -0.000000000000000000, -0.000000000000000000, -1.000000000000000000 ) ) ;
#5935 = VERTEX_POINT ( 'NONE', #10922 ) ;
#5936 = ORIENTED_EDGE ( 'NONE', *, *, #4690, .F. ) ;
#5937 = EDGE_LOOP ( 'NONE', ( #11005, #5737, #13268, #10103, #11424 ) ) ;
#5938 = ADVANCED_FACE ( 'NONE', ( #664 ), #10069, .F. ) ;
#5939 = ORIENTED_EDGE ( 'NONE', *, *, #13131, .T. ) ;
#5940 = DIRECTION ( 'NONE',  ( 0.000000000000000000, 0.000000000000000000, -1.000000000000000000 ) ) ;
#5941 = LINE ( 'NONE', #4857, #10199 ) ;
#5942 = DIRECTION ( 'NONE',  ( 0.000000000000000000, -1.000000000000000000, -2.967464690054594744E-16 ) ) ;
#5943 = DIRECTION ( 'NONE',  ( 1.000000000000000000, 5.337610695313293786E-16, 0.000000000000000000 ) ) ;
#5944 = LINE ( 'NONE', #7951, #12875 ) ;
#5945 = EDGE_CURVE ( 'NONE', #9655, #12369, #8440, .T. ) ;
#5946 = CARTESIAN_POINT ( 'NONE',  ( 35.91710000000000491, -0.2096999999999985820, -13.74999999999999645 ) ) ;
#5947 = AXIS2_PLACEMENT_3D ( 'NONE', #1823, #5934, #4990 ) ;
#5948 = CYLINDRICAL_SURFACE ( 'NONE', #7, 0.1565000000000003610 ) ;
#5949 = ORIENTED_EDGE ( 'NONE', *, *, #11589, .T. ) ;
#5950 = ORIENTED_EDGE ( 'NONE', *, *, #4928, .T. ) ;
#5951 = STYLED_ITEM ( 'NONE', ( #2146 ), #4923 ) ;
#5952 = CARTESIAN_POINT ( 'NONE',  ( 21.57792500000000047, -0.7999999999999928280, -14.34399999999999764 ) ) ;
#5953 = EDGE_LOOP ( 'NONE', ( #10059, #10907, #736, #4475 ) ) ;
#5954 = AXIS2_PLACEMENT_3D ( 'NONE', #3278, #9196, #10455 ) ;
#5955 = VECTOR ( 'NONE', #10232, 39.37007874015748143 ) ;
#5956 = ORIENTED_EDGE ( 'NONE', *, *, #7448, .F. ) ;
#5957 = LINE ( 'NONE', #11103, #6112 ) ;
#5958 = DIRECTION ( 'NONE',  ( 1.000000000000000000, 0.000000000000000000, 0.000000000000000000 ) ) ;
#5959 = EDGE_CURVE ( 'NONE', #5974, #9255, #3831, .T. ) ;
#5960 = CARTESIAN_POINT ( 'NONE',  ( -21.73442500000000877, -0.6954000000000040149, 14.42187500000000178 ) ) ;
#5961 = DIRECTION ( 'NONE',  ( -1.000000000000000000, 0.000000000000000000, 0.000000000000000000 ) ) ;
#5962 = CARTESIAN_POINT ( 'NONE',  ( -28.38110000000001065, -0.5499999999999959366, 14.34400000000000652 ) ) ;
#5963 = CARTESIAN_POINT ( 'NONE',  ( 18.75002500000000438, -0.5499999999999929390, -14.53099999999998992 ) ) ;
#5964 = DIRECTION ( 'NONE',  ( 0.000000000000000000, 0.000000000000000000, -1.000000000000000000 ) ) ;
#5965 = CARTESIAN_POINT ( 'NONE',  ( -32.13110000000000355, -0.5499999999999961586, 14.34400000000000652 ) ) ;
#5966 = EDGE_LOOP ( 'NONE', ( #7764, #9902, #5197, #4131, #8894 ) ) ;
#5967 = CIRCLE ( 'NONE', #11300, 0.1565000000000003610 ) ;
#5968 = EDGE_CURVE ( 'NONE', #11242, #10106, #732, .T. ) ;
#5969 = ADVANCED_FACE ( 'NONE', ( #8055 ), #3893, .F. ) ;
#5971 = ORIENTED_EDGE ( 'NONE', *, *, #7665, .F. ) ;
#5970 = AXIS2_PLACEMENT_3D ( 'NONE', #11401, #7391, #1148 ) ;
#5972 = VECTOR ( 'NONE', #9944, 39.37007874015748143 ) ;
#5973 = FACE_OUTER_BOUND ( 'NONE', #5866, .T. ) ;
#5974 = VERTEX_POINT ( 'NONE', #5715 ) ;
#5975 = CARTESIAN_POINT ( 'NONE',  ( 35.93750000000000000, 0.6187500000000388800, -15.00000000000000000 ) ) ;
#5976 = CARTESIAN_POINT ( 'NONE',  ( -26.25002500000000438, -0.6953999999999996851, -14.53099999999998992 ) ) ;
#5977 = VERTEX_POINT ( 'NONE', #10859 ) ;
#5978 = LINE ( 'NONE', #3953, #9753 ) ;
#5979 = LINE ( 'NONE', #13192, #10628 ) ;
#5980 = DIRECTION ( 'NONE',  ( -1.000000000000000000, 0.000000000000000000, 0.000000000000000000 ) ) ;
#5981 = CARTESIAN_POINT ( 'NONE',  ( 33.63110000000000355, -0.5499999999999918288, 14.43750000000000178 ) ) ;
#5982 = CIRCLE ( 'NONE', #10473, 0.1565000000000003610 ) ;
#5983 = DIRECTION ( 'NONE',  ( -0.000000000000000000, -0.000000000000000000, -1.000000000000000000 ) ) ;
#5984 = CARTESIAN_POINT ( 'NONE',  ( -21.89092500000000285, -0.5499999999999954925, -14.34399999999999764 ) ) ;
#5985 = ORIENTED_EDGE ( 'NONE', *, *, #9384, .T. ) ;
#5986 = EDGE_CURVE ( 'NONE', #7980, #1406, #2622, .T. ) ;
#5987 = EDGE_CURVE ( 'NONE', #8098, #10694, #5445, .T. ) ;
#5988 = ORIENTED_EDGE ( 'NONE', *, *, #2852, .F. ) ;
#5989 = ORIENTED_EDGE ( 'NONE', *, *, #2121, .T. ) ;
#5990 = CYLINDRICAL_SURFACE ( 'NONE', #1424, 0.1250000000000037192 ) ;
#5991 = ORIENTED_EDGE ( 'NONE', *, *, #5493, .F. ) ;
#5992 = DIRECTION ( 'NONE',  ( 0.000000000000000000, -1.000000000000000000, -2.967464690054594744E-16 ) ) ;
#5993 = VERTEX_POINT ( 'NONE', #1806 ) ;
#5994 = FACE_BOUND ( 'NONE', #8324, .T. ) ;
#5995 = CARTESIAN_POINT ( 'NONE',  ( -21.73442500000000521, -0.4299000000000040012, -14.42187500000001066 ) ) ;
#5996 = CARTESIAN_POINT ( 'NONE',  ( 35.93750000000000000, 0.5954000000000000403, 14.89540000000000042 ) ) ;
#5997 = CARTESIAN_POINT ( 'NONE',  ( 33.07086614173230998, 0.7000000000000371481, 3.543307086613945778 ) ) ;
#5998 = ORIENTED_EDGE ( 'NONE', *, *, #7153, .T. ) ;
#5999 = VERTEX_POINT ( 'NONE', #4905 ) ;
#6000 = EDGE_LOOP ( 'NONE', ( #8818, #872, #7631, #2730 ) ) ;
#6001 = EDGE_LOOP ( 'NONE', ( #4135, #5075, #11523, #12602 ) ) ;
#6002 = FACE_BOUND ( 'NONE', #8572, .T. ) ;
#6003 = CARTESIAN_POINT ( 'NONE',  ( 21.89067500000000166, -0.4299000000000038346, -12.43750000000001066 ) ) ;
#6004 = CARTESIAN_POINT ( 'NONE',  ( 36.02170000000000272, 0.6999999999999995115, -14.78124999999999822 ) ) ;
#6005 = CARTESIAN_POINT ( 'NONE',  ( 7.484424999999999883, -0.6953999999999975756, 14.34400000000001008 ) ) ;
#6006 = LINE ( 'NONE', #3542, #10181 ) ;
#6007 = CYLINDRICAL_SURFACE ( 'NONE', #11146, 0.1565000000000003610 ) ;
#6008 = DIRECTION ( 'NONE',  ( 1.240959386601371334E-16, -1.000000000000000000, 0.000000000000000000 ) ) ;
#6009 = EDGE_CURVE ( 'NONE', #7724, #3094, #1611, .T. ) ;
#6011 = VECTOR ( 'NONE', #986, 39.37007874015748143 ) ;
#6010 = CARTESIAN_POINT ( 'NONE',  ( 32.28760000000000474, -0.5499999999999921618, 14.53100000000000058 ) ) ;
#6012 = ORIENTED_EDGE ( 'NONE', *, *, #6587, .F. ) ;
#6013 = VERTEX_POINT ( 'NONE', #3695 ) ;
#6014 = ADVANCED_FACE ( 'NONE', ( #5914 ), #9799, .F. ) ;
#6015 = FACE_OUTER_BOUND ( 'NONE', #169, .T. ) ;
#6016 = VERTEX_POINT ( 'NONE', #601 ) ;
#6017 = ORIENTED_EDGE ( 'NONE', *, *, #11224, .T. ) ;
#6018 = CARTESIAN_POINT ( 'NONE',  ( -21.73442500000000521, -0.4299000000000040012, -14.42187500000001066 ) ) ;
#6019 = LINE ( 'NONE', #2859, #8817 ) ;
#6020 = CIRCLE ( 'NONE', #225, 0.2499999999999986955 ) ;
#6021 = CYLINDRICAL_SURFACE ( 'NONE', #4584, 0.1250000000000015266 ) ;
#6022 = EDGE_CURVE ( 'NONE', #518, #1386, #8860, .T. ) ;
#6023 = CARTESIAN_POINT ( 'NONE',  ( 18.90652500000000558, -0.6954000000000036819, 14.53099999999999703 ) ) ;
#6024 = LINE ( 'NONE', #8103, #3911 ) ;
#6025 = ADVANCED_FACE ( 'NONE', ( #10000 ), #12932, .F. ) ;
#6026 = VECTOR ( 'NONE', #8678, 39.37007874015748143 ) ;
#6027 = DIRECTION ( 'NONE',  ( 0.000000000000000000, 2.967464690054594744E-16, -1.000000000000000000 ) ) ;
#6028 = LINE ( 'NONE', #2865, #9619 ) ;
#6029 = ORIENTED_EDGE ( 'NONE', *, *, #10520, .T. ) ;
#6030 = DIRECTION ( 'NONE',  ( 1.240959386601371334E-16, -1.000000000000000000, 0.000000000000000000 ) ) ;
#6031 = VERTEX_POINT ( 'NONE', #1203 ) ;
#6032 = CIRCLE ( 'NONE', #11153, 0.1565000000000003610 ) ;
#6033 = EDGE_CURVE ( 'NONE', #4893, #12018, #5040, .T. ) ;
#6034 = EDGE_CURVE ( 'NONE', #6206, #4138, #5115, .T. ) ;
#6035 = DIRECTION ( 'NONE',  ( 0.000000000000000000, -1.000000000000000000, -1.332348806898293597E-16 ) ) ;
#6036 = VECTOR ( 'NONE', #4003, 39.37007874015748143 ) ;
#6037 = VERTEX_POINT ( 'NONE', #13265 ) ;
#6038 = CARTESIAN_POINT ( 'NONE',  ( 28.38110000000001065, -0.6953999999999963544, -14.53099999999999348 ) ) ;
#6039 = EDGE_LOOP ( 'NONE', ( #619, #2259 ) ) ;
#6040 = EDGE_LOOP ( 'NONE', ( #3900, #8340 ) ) ;
#6041 = CARTESIAN_POINT ( 'NONE',  ( -35.91710000000000491, 0.5641500000000000403, 14.78124999999999822 ) ) ;
#6042 = DIRECTION ( 'NONE',  ( -0.000000000000000000, -1.000000000000000000, -1.332348806898293597E-16 ) ) ;
#6043 = CYLINDRICAL_SURFACE ( 'NONE', #5108, 0.1250000000000015266 ) ;
#6044 = CIRCLE ( 'NONE', #13087, 0.1565000000000003610 ) ;
#6045 = PLANE ( 'NONE',  #11733 ) ;
#6046 = FACE_OUTER_BOUND ( 'NONE', #3505, .T. ) ;
#6047 = CARTESIAN_POINT ( 'NONE',  ( 32.28760000000000474, -0.6954000000000036819, 14.53100000000000058 ) ) ;
#6048 = LINE ( 'NONE', #5242, #13132 ) ;
#6049 = ORIENTED_EDGE ( 'NONE', *, *, #9948, .T. ) ;
#6050 = APPLICATION_CONTEXT ( 'automotive_design' ) ;
#6051 = ADVANCED_FACE ( 'NONE', ( #7177 ), #11261, .T. ) ;
#6052 = AXIS2_PLACEMENT_3D ( 'NONE', #1344, #6392, #7389 ) ;
#6053 = VERTEX_POINT ( 'NONE', #10135 ) ;
#6054 = EDGE_LOOP ( 'NONE', ( #11924, #5310, #10367, #12503 ) ) ;
#6055 = LINE ( 'NONE', #8201, #6758 ) ;
#6056 = ORIENTED_EDGE ( 'NONE', *, *, #4852, .T. ) ;
#6057 = CARTESIAN_POINT ( 'NONE',  ( 28.53760000000000829, -0.6953999999999962434, -14.89540000000000042 ) ) ;
#6058 = VERTEX_POINT ( 'NONE', #1944 ) ;
#6059 = FACE_OUTER_BOUND ( 'NONE', #8299, .T. ) ;
#6060 = FACE_OUTER_BOUND ( 'NONE', #11283, .T. ) ;
#6061 = DIRECTION ( 'NONE',  ( 5.463695987328555033E-16, -1.000000000000000000, 0.000000000000000000 ) ) ;
#6062 = EDGE_CURVE ( 'NONE', #6728, #2967, #11635, .T. ) ;
#6063 = CARTESIAN_POINT ( 'NONE',  ( 7.327925000000007572, -0.7999999999999936051, -14.34399999999999054 ) ) ;
#6064 = VERTEX_POINT ( 'NONE', #7113 ) ;
#6065 = CIRCLE ( 'NONE', #3488, 0.1565000000000003610 ) ;
#6066 = ORIENTED_EDGE ( 'NONE', *, *, #7007, .T. ) ;
#6067 = ORIENTED_EDGE ( 'NONE', *, *, #6461, .F. ) ;
#6068 = VERTEX_POINT ( 'NONE', #12270 ) ;
#6069 = EDGE_CURVE ( 'NONE', #9707, #9478, #2149, .T. ) ;
#6070 = VECTOR ( 'NONE', #9041, 39.37007874015748143 ) ;
#6071 = CARTESIAN_POINT ( 'NONE',  ( 7.327924999999998690, -0.7999999999999936051, 14.53100000000000591 ) ) ;
#6072 = CYLINDRICAL_SURFACE ( 'NONE', #5273, 0.1565000000000003610 ) ;
#6073 = DIRECTION ( 'NONE',  ( 1.000000000000000000, -0.000000000000000000, 0.000000000000000000 ) ) ;
#6074 = FACE_BOUND ( 'NONE', #5751, .T. ) ;
#6075 = CYLINDRICAL_SURFACE ( 'NONE', #12728, 0.1565000000000003610 ) ;
#6076 = CARTESIAN_POINT ( 'NONE',  ( -22.20317500000001232, 0.4608499999999960961, 14.79687500000000000 ) ) ;
#6077 = DIRECTION ( 'NONE',  ( -0.000000000000000000, -1.000000000000000000, -1.332348806898293597E-16 ) ) ;
#6078 = DIRECTION ( 'NONE',  ( 0.000000000000000000, 0.000000000000000000, -1.000000000000000000 ) ) ;
#6079 = ORIENTED_EDGE ( 'NONE', *, *, #3055, .T. ) ;
#6080 = AXIS2_PLACEMENT_3D ( 'NONE', #8363, #2884, #2758 ) ;
#6081 = EDGE_CURVE ( 'NONE', #4100, #4186, #937, .T. ) ;
#6082 = ORIENTED_EDGE ( 'NONE', *, *, #143, .T. ) ;
#6083 = DIRECTION ( 'NONE',  ( 0.000000000000000000, 0.000000000000000000, -1.000000000000000000 ) ) ;
#6084 = EDGE_LOOP ( 'NONE', ( #3518, #10211, #6029, #416 ) ) ;
#6086 = EDGE_CURVE ( 'NONE', #2942, #12681, #127, .T. ) ;
#6085 = FACE_OUTER_BOUND ( 'NONE', #5536, .T. ) ;
#6087 = ORIENTED_EDGE ( 'NONE', *, *, #7310, .F. ) ;
#6088 = CYLINDRICAL_SURFACE ( 'NONE', #9101, 0.1565000000000003610 ) ;
#6089 = DIRECTION ( 'NONE',  ( 0.000000000000000000, -1.000000000000000000, -2.967464690054594744E-16 ) ) ;
#6090 = CARTESIAN_POINT ( 'NONE',  ( 21.89092500000000996, -0.7999999999999928280, 14.53100000000000058 ) ) ;
#6091 = CIRCLE ( 'NONE', #7797, 0.1059000000000017289 ) ;
#6092 = CARTESIAN_POINT ( 'NONE',  ( -21.85942500000000521, 0.7000000000000405898, -14.42187500000001066 ) ) ;
#6093 = LINE ( 'NONE', #8031, #11618 ) ;
#6094 = LINE ( 'NONE', #982, #5328 ) ;
#6095 = CARTESIAN_POINT ( 'NONE',  ( 35.91710000000000491, -0.6641500000000021275, 13.78219999999999956 ) ) ;
#6096 = ORIENTED_EDGE ( 'NONE', *, *, #4927, .T. ) ;
#6097 = DIRECTION ( 'NONE',  ( 0.000000000000000000, 0.000000000000000000, -1.000000000000000000 ) ) ;
#6098 = ORIENTED_EDGE ( 'NONE', *, *, #12959, .T. ) ;
#6099 = EDGE_CURVE ( 'NONE', #145, #1665, #3025, .T. ) ;
#6100 = EDGE_CURVE ( 'NONE', #200, #2691, #8335, .T. ) ;
#6101 = ORIENTED_EDGE ( 'NONE', *, *, #7007, .F. ) ;
#6102 = ORIENTED_EDGE ( 'NONE', *, *, #12082, .F. ) ;
#6103 = DIRECTION ( 'NONE',  ( 1.000000000000000000, 5.337610695313293786E-16, 0.000000000000000000 ) ) ;
#6104 = VERTEX_POINT ( 'NONE', #6308 ) ;
#6105 = ORIENTED_EDGE ( 'NONE', *, *, #10210, .F. ) ;
#6106 = CARTESIAN_POINT ( 'NONE',  ( 21.98442499999999455, -0.6954000000000041259, 2.527904483503939786E-15 ) ) ;
#6107 = LINE ( 'NONE', #10198, #10207 ) ;
#6108 = DIRECTION ( 'NONE',  ( 0.000000000000000000, -1.000000000000000000, -1.332348806898293597E-16 ) ) ;
#6109 = CARTESIAN_POINT ( 'NONE',  ( 35.93750000000000000, -0.6954000000000036819, 14.86415000000000219 ) ) ;
#6110 = CARTESIAN_POINT ( 'NONE',  ( 21.89092499999999930, -0.6954000000000000181, -14.34399999999999764 ) ) ;
#6111 = CIRCLE ( 'NONE', #4395, 0.1250000000000037192 ) ;
#6112 = VECTOR ( 'NONE', #4002, 39.37007874015748143 ) ;
#6113 = ADVANCED_FACE ( 'NONE', ( #6245 ), #9199, .F. ) ;
#6114 = PLANE ( 'NONE',  #2596 ) ;
#6115 = CARTESIAN_POINT ( 'NONE',  ( 21.89092500000000996, -0.5499999999999928280, 14.34400000000000475 ) ) ;
#6116 = VERTEX_POINT ( 'NONE', #7245 ) ;
#6117 = AXIS2_PLACEMENT_3D ( 'NONE', #4420, #4357, #12594 ) ;
#6118 = ORIENTED_EDGE ( 'NONE', *, *, #713, .F. ) ;
#6119 = AXIS2_PLACEMENT_3D ( 'NONE', #7726, #5924, #7794 ) ;
#6120 = VECTOR ( 'NONE', #7618, 39.37007874015748143 ) ;
#6121 = EDGE_LOOP ( 'NONE', ( #9769, #4086 ) ) ;
#6122 = CYLINDRICAL_SURFACE ( 'NONE', #6543, 0.1250000000000026368 ) ;
#6123 = ORIENTED_EDGE ( 'NONE', *, *, #10605, .F. ) ;
#6124 = CARTESIAN_POINT ( 'NONE',  ( 35.93750000000000000, 0.7000000000000000666, 15.00000000000000000 ) ) ;
#6125 = ORIENTED_EDGE ( 'NONE', *, *, #11061, .T. ) ;
#6126 = CARTESIAN_POINT ( 'NONE',  ( -21.89092500000000996, -0.6953999999999993520, 14.53100000000000058 ) ) ;
#6127 = EDGE_CURVE ( 'NONE', #9200, #3961, #8871, .T. ) ;
#6128 = FACE_OUTER_BOUND ( 'NONE', #4965, .T. ) ;
#6129 = FACE_BOUND ( 'NONE', #12637, .T. ) ;
#6130 = DIRECTION ( 'NONE',  ( -0.000000000000000000, -1.000000000000000000, -1.332348806898293597E-16 ) ) ;
#6131 = EDGE_LOOP ( 'NONE', ( #13253, #5483, #13108, #2869, #1616, #4061, #10845, #10869 ) ) ;
#6132 = VECTOR ( 'NONE', #3688, 39.37007874015748143 ) ;
#6133 = VECTOR ( 'NONE', #3784, 39.37007874015748143 ) ;
#6134 = EDGE_CURVE ( 'NONE', #4009, #9221, #4164, .T. ) ;
#6135 = ORIENTED_EDGE ( 'NONE', *, *, #4162, .T. ) ;
#6136 = VECTOR ( 'NONE', #5571, 39.37007874015748143 ) ;
#6137 = ORIENTED_EDGE ( 'NONE', *, *, #1743, .T. ) ;
#6138 = DIRECTION ( 'NONE',  ( 0.000000000000000000, 0.000000000000000000, -1.000000000000000000 ) ) ;
#6139 = VECTOR ( 'NONE', #9207, 39.37007874015748143 ) ;
#6140 = DIRECTION ( 'NONE',  ( 0.000000000000000000, 0.000000000000000000, -1.000000000000000000 ) ) ;
#6141 = DIRECTION ( 'NONE',  ( -0.000000000000000000, -1.000000000000000000, -1.332348806898293597E-16 ) ) ;
#6142 = DIRECTION ( 'NONE',  ( -1.000000000000000000, -0.000000000000000000, -0.000000000000000000 ) ) ;
#6143 = CARTESIAN_POINT ( 'NONE',  ( 28.53760000000000829, -0.7999999999999999334, 14.34400000000000652 ) ) ;
#6144 = LINE ( 'NONE', #7407, #439 ) ;
#6145 = LINE ( 'NONE', #8085, #4152 ) ;
#6146 = CIRCLE ( 'NONE', #2065, 0.2499999999999986955 ) ;
#6147 = DIRECTION ( 'NONE',  ( -0.000000000000000000, -1.000000000000000000, -1.332348806898293597E-16 ) ) ;
#6148 = EDGE_LOOP ( 'NONE', ( #10241, #4384, #2380, #1795 ) ) ;
#6149 = VECTOR ( 'NONE', #772, 39.37007874015748143 ) ;
#6150 = VERTEX_POINT ( 'NONE', #10394 ) ;
#6151 = EDGE_CURVE ( 'NONE', #1010, #11607, #7367, .T. ) ;
#6152 = EDGE_LOOP ( 'NONE', ( #12240, #1598 ) ) ;
#6153 = VERTEX_POINT ( 'NONE', #1002 ) ;
#6154 = DIRECTION ( 'NONE',  ( -1.000000000000000000, -0.000000000000000000, -0.000000000000000000 ) ) ;
#6155 = ORIENTED_EDGE ( 'NONE', *, *, #4720, .F. ) ;
#6156 = DIRECTION ( 'NONE',  ( -0.000000000000000000, -1.229331597148918448E-16, 1.000000000000000000 ) ) ;
#6157 = CARTESIAN_POINT ( 'NONE',  ( 21.73442500000000877, -0.5499999999999928280, 14.34400000000000652 ) ) ;
#6158 = CARTESIAN_POINT ( 'NONE',  ( -7.640925000000004630, -0.6953999999999983528, -14.89539999999999154 ) ) ;
#6159 = AXIS2_PLACEMENT_3D ( 'NONE', #12480, #7263, #2163 ) ;
#6160 = AXIS2_PLACEMENT_3D ( 'NONE', #5960, #12308, #11031 ) ;
#6161 = CARTESIAN_POINT ( 'NONE',  ( 35.13110000000000355, -0.5499999999999918288, 14.56250000000000533 ) ) ;
#6162 = FACE_OUTER_BOUND ( 'NONE', #11334, .T. ) ;
#6163 = DIRECTION ( 'NONE',  ( 0.000000000000000000, 0.000000000000000000, -1.000000000000000000 ) ) ;
#6164 = CARTESIAN_POINT ( 'NONE',  ( -21.73442500000000877, -0.6954000000000040149, 14.42187500000000178 ) ) ;
#6165 = ORIENTED_EDGE ( 'NONE', *, *, #3665, .T. ) ;
#6166 = CARTESIAN_POINT ( 'NONE',  ( -21.14067499999999455, -0.4299000000000038346, -12.43750000000001066 ) ) ;
#6167 = ORIENTED_EDGE ( 'NONE', *, *, #3389, .T. ) ;
#6168 = AXIS2_PLACEMENT_3D ( 'NONE', #5506, #6692, #4685 ) ;
#6169 = AXIS2_PLACEMENT_3D ( 'NONE', #5995, #10935, #13077 ) ;
#6170 = ORIENTED_EDGE ( 'NONE', *, *, #7304, .T. ) ;
#6171 = ORIENTED_EDGE ( 'NONE', *, *, #12792, .F. ) ;
#6172 = DIRECTION ( 'NONE',  ( -0.000000000000000000, -1.000000000000000000, -1.332348806898293597E-16 ) ) ;
#6173 = FACE_BOUND ( 'NONE', #6367, .T. ) ;
#6174 = EDGE_LOOP ( 'NONE', ( #76, #7188, #7647, #837, #12589 ) ) ;
#6175 = DIRECTION ( 'NONE',  ( -1.000000000000000000, 0.000000000000000000, 0.000000000000000000 ) ) ;
#6176 = CYLINDRICAL_SURFACE ( 'NONE', #12751, 0.1249999999999993477 ) ;
#6177 = LINE ( 'NONE', #7735, #6178 ) ;
#6178 = VECTOR ( 'NONE', #610, 39.37007874015748143 ) ;
#6179 = DIRECTION ( 'NONE',  ( -0.000000000000000000, -1.000000000000000000, -1.332348806898293597E-16 ) ) ;
#6180 = LINE ( 'NONE', #1135, #581 ) ;
#6181 = AXIS2_PLACEMENT_3D ( 'NONE', #8748, #9816, #682 ) ;
#6182 = CIRCLE ( 'NONE', #10673, 0.1565000000000003610 ) ;
#6183 = CARTESIAN_POINT ( 'NONE',  ( -35.94045000000000556, -0.7187500000000022204, 14.78124999999999822 ) ) ;
#6184 = CARTESIAN_POINT ( 'NONE',  ( 3.750000000000002220, -0.7999999999999939382, 14.53100000000000058 ) ) ;
#6185 = EDGE_LOOP ( 'NONE', ( #7285, #4224, #8562, #5028 ) ) ;
#6187 = EDGE_CURVE ( 'NONE', #10062, #13252, #501, .T. ) ;
#6186 = AXIS2_PLACEMENT_3D ( 'NONE', #2611, #8592, #9723 ) ;
#6188 = EDGE_CURVE ( 'NONE', #7029, #2645, #7049, .T. ) ;
#6189 = EDGE_LOOP ( 'NONE', ( #2002, #8578, #9068, #12572 ) ) ;
#6190 = CIRCLE ( 'NONE', #3823, 0.1565000000000003610 ) ;
#6191 = EDGE_CURVE ( 'NONE', #11242, #11622, #6048, .T. ) ;
#6192 = ORIENTED_EDGE ( 'NONE', *, *, #7574, .T. ) ;
#6193 = DIRECTION ( 'NONE',  ( 0.000000000000000000, 0.000000000000000000, -1.000000000000000000 ) ) ;
#6194 = ORIENTED_EDGE ( 'NONE', *, *, #194, .T. ) ;
#6195 = LINE ( 'NONE', #4105, #2493 ) ;
#6196 = EDGE_LOOP ( 'NONE', ( #5149, #1660, #10565, #5609 ) ) ;
#6197 = PLANE ( 'NONE',  #8617 ) ;
#6198 = CIRCLE ( 'NONE', #395, 0.1250000000000037192 ) ;
#6199 = CYLINDRICAL_SURFACE ( 'NONE', #3179, 0.1565000000000003610 ) ;
#6200 = DIRECTION ( 'NONE',  ( 0.000000000000000000, 1.000000000000000000, -1.332348806898293843E-16 ) ) ;
#6202 = VECTOR ( 'NONE', #2343, 39.37007874015748143 ) ;
#6201 = CARTESIAN_POINT ( 'NONE',  ( -35.93750000000000000, -0.8000000000000000444, 14.91875000000000107 ) ) ;
#6203 = ORIENTED_EDGE ( 'NONE', *, *, #11433, .T. ) ;
#6204 = EDGE_CURVE ( 'NONE', #11797, #4149, #6091, .T. ) ;
#6205 = EDGE_LOOP ( 'NONE', ( #3589, #2804, #1176, #6102 ) ) ;
#6206 = VERTEX_POINT ( 'NONE', #11451 ) ;
#6207 = AXIS2_PLACEMENT_3D ( 'NONE', #9426, #11286, #12424 ) ;
#6208 = CARTESIAN_POINT ( 'NONE',  ( -32.13110000000000355, -0.7999999999999961586, -14.68749999999999467 ) ) ;
#6209 = DIRECTION ( 'NONE',  ( 0.000000000000000000, 0.000000000000000000, 1.000000000000000000 ) ) ;
#6210 = CARTESIAN_POINT ( 'NONE',  ( 21.37157499999998933, -0.5895000000000039098, -14.79687500000000000 ) ) ;
#6211 = DIRECTION ( 'NONE',  ( 0.000000000000000000, 0.000000000000000000, -1.000000000000000000 ) ) ;
#6212 = FACE_BOUND ( 'NONE', #6862, .T. ) ;
#6213 = EDGE_CURVE ( 'NONE', #12520, #10547, #8457, .T. ) ;
#6214 = DIRECTION ( 'NONE',  ( 1.000000000000000000, 1.240959386601371334E-16, 0.000000000000000000 ) ) ;
#6215 = DIRECTION ( 'NONE',  ( 0.000000000000000000, -1.000000000000000000, -1.332348806898293597E-16 ) ) ;
#6216 = CARTESIAN_POINT ( 'NONE',  ( 28.38110000000001065, -0.7999999999999923839, -14.34399999999999942 ) ) ;
#6217 = ORIENTED_EDGE ( 'NONE', *, *, #2593, .F. ) ;
#6218 = VERTEX_POINT ( 'NONE', #3281 ) ;
#6219 = ORIENTED_EDGE ( 'NONE', *, *, #12813, .T. ) ;
#6220 = FACE_OUTER_BOUND ( 'NONE', #6131, .T. ) ;
#6221 = VERTEX_POINT ( 'NONE', #257 ) ;
#6222 = DIRECTION ( 'NONE',  ( -0.000000000000000000, -1.000000000000000000, -1.332348806898293597E-16 ) ) ;
#6223 = FACE_OUTER_BOUND ( 'NONE', #9740, .T. ) ;
#6224 = CARTESIAN_POINT ( 'NONE',  ( -21.54692499999999811, -0.6207000000000038042, -13.92187500000001066 ) ) ;
#6225 = DIRECTION ( 'NONE',  ( -1.000000000000000000, 0.000000000000000000, 0.000000000000000000 ) ) ;
#6226 = CARTESIAN_POINT ( 'NONE',  ( 36.02170000000000272, -0.6341000000000001080, -14.78240000000000087 ) ) ;
#6227 = CIRCLE ( 'NONE', #13053, 0.2187500000000015821 ) ;
#6228 = CARTESIAN_POINT ( 'NONE',  ( 25.98425196850391217, 0.7000000000000333733, -3.543307086614348123 ) ) ;
#6229 = VERTEX_POINT ( 'NONE', #2345 ) ;
#6230 = EDGE_CURVE ( 'NONE', #8175, #12988, #2015, .T. ) ;
#6231 = CARTESIAN_POINT ( 'NONE',  ( 21.34037499999998744, -0.5895000000000039098, 14.79687500000000000 ) ) ;
#6232 = ORIENTED_EDGE ( 'NONE', *, *, #10760, .F. ) ;
#6233 = VECTOR ( 'NONE', #6744, 39.37007874015748143 ) ;
#6234 = ORIENTED_EDGE ( 'NONE', *, *, #11878, .F. ) ;
#6235 = VERTEX_POINT ( 'NONE', #8393 ) ;
#6236 = CARTESIAN_POINT ( 'NONE',  ( -3.750000000000002220, -0.7999999999999943823, 14.34400000000000652 ) ) ;
#6237 = CYLINDRICAL_SURFACE ( 'NONE', #7683, 0.1565000000000003610 ) ;
#6238 = ORIENTED_EDGE ( 'NONE', *, *, #3794, .F. ) ;
#6239 = CARTESIAN_POINT ( 'NONE',  ( -21.35942500000000521, -0.6954000000000041259, 2.512596398514597499E-15 ) ) ;
#6240 = DIRECTION ( 'NONE',  ( -0.000000000000000000, 0.000000000000000000, 1.000000000000000000 ) ) ;
#6241 = FACE_BOUND ( 'NONE', #13039, .T. ) ;
#6242 = PLANE ( 'NONE',  #7663 ) ;
#6243 = CARTESIAN_POINT ( 'NONE',  ( -7.327925000000003131, -0.7999999999999946043, -14.34399999999999054 ) ) ;
#6244 = DIRECTION ( 'NONE',  ( 0.000000000000000000, 0.000000000000000000, -1.000000000000000000 ) ) ;
#6245 = FACE_OUTER_BOUND ( 'NONE', #5682, .T. ) ;
#6246 = AXIS2_PLACEMENT_3D ( 'NONE', #2117, #11357, #8224 ) ;
#6247 = ORIENTED_EDGE ( 'NONE', *, *, #4362, .F. ) ;
#6249 = ORIENTED_EDGE ( 'NONE', *, *, #12535, .F. ) ;
#6248 = ADVANCED_FACE ( 'NONE', ( #11522 ), #12465, .T. ) ;
#6250 = ORIENTED_EDGE ( 'NONE', *, *, #10483, .F. ) ;
#6252 = CIRCLE ( 'NONE', #236, 0.08125000000000121014 ) ;
#6251 = FACE_OUTER_BOUND ( 'NONE', #2122, .T. ) ;
#6253 = ORIENTED_EDGE ( 'NONE', *, *, #2780, .F. ) ;
#6254 = FACE_OUTER_BOUND ( 'NONE', #8251, .T. ) ;
#6255 = ORIENTED_EDGE ( 'NONE', *, *, #12412, .F. ) ;
#6256 = FACE_BOUND ( 'NONE', #3082, .T. ) ;
#6257 = EDGE_CURVE ( 'NONE', #3163, #10927, #5660, .T. ) ;
#6258 = LINE ( 'NONE', #11274, #5754 ) ;
#6259 = DIRECTION ( 'NONE',  ( 0.000000000000000000, 0.000000000000000000, -1.000000000000000000 ) ) ;
#6260 = DIRECTION ( 'NONE',  ( 0.000000000000000000, 0.000000000000000000, 1.000000000000000000 ) ) ;
#6261 = ORIENTED_EDGE ( 'NONE', *, *, #1947, .F. ) ;
#6262 = VECTOR ( 'NONE', #8610, 39.37007874015748143 ) ;
#6263 = ORIENTED_EDGE ( 'NONE', *, *, #143, .F. ) ;
#6264 = EDGE_CURVE ( 'NONE', #10266, #10617, #9460, .T. ) ;
#6265 = ORIENTED_EDGE ( 'NONE', *, *, #10057, .T. ) ;
#6266 = ADVANCED_FACE ( 'NONE', ( #12533 ), #3349, .F. ) ;
#6267 = CARTESIAN_POINT ( 'NONE',  ( 22.50347500000000167, 0.4608499999999960961, 14.67187500000000000 ) ) ;
#6268 = EDGE_CURVE ( 'NONE', #12988, #8175, #3727, .T. ) ;
#6269 = DIRECTION ( 'NONE',  ( -1.000000000000000000, 0.000000000000000000, 0.000000000000000000 ) ) ;
#6270 = CYLINDRICAL_SURFACE ( 'NONE', #5801, 0.1565000000000003610 ) ;
#6271 = DIRECTION ( 'NONE',  ( -0.000000000000000000, -1.000000000000000000, -1.332348806898293597E-16 ) ) ;
#6272 = CARTESIAN_POINT ( 'NONE',  ( 22.10942499999999455, -0.4299000000000038346, 2.512596398514597499E-15 ) ) ;
#6273 = PLANE ( 'NONE',  #1511 ) ;
#6274 = DIRECTION ( 'NONE',  ( 1.000000000000000000, 0.000000000000000000, 0.000000000000000000 ) ) ;
#6275 = DIRECTION ( 'NONE',  ( 0.000000000000000000, -1.000000000000000000, -2.967464690054594744E-16 ) ) ;
#6276 = EDGE_CURVE ( 'NONE', #11706, #12999, #4338, .T. ) ;
#6277 = VERTEX_POINT ( 'NONE', #232 ) ;
#6278 = EDGE_LOOP ( 'NONE', ( #8432, #8920, #3832, #672, #10996, #12776 ) ) ;
#6279 = VECTOR ( 'NONE', #9180, 39.37007874015748143 ) ;
#6280 = EDGE_CURVE ( 'NONE', #8564, #7829, #11212, .T. ) ;
#6281 = ORIENTED_EDGE ( 'NONE', *, *, #2729, .F. ) ;
#6282 = CARTESIAN_POINT ( 'NONE',  ( 17.00582500000001218, -0.5499999999999931610, 14.53100000000000058 ) ) ;
#6283 = ORIENTED_EDGE ( 'NONE', *, *, #2557, .F. ) ;
#6284 = CARTESIAN_POINT ( 'NONE',  ( -33.63110000000000355, -0.5499999999999960476, -14.43750000000000000 ) ) ;
#6285 = DIRECTION ( 'NONE',  ( -0.000000000000000000, -1.000000000000000000, -1.332348806898293597E-16 ) ) ;
#6286 = FACE_OUTER_BOUND ( 'NONE', #30, .T. ) ;
#6287 = LINE ( 'NONE', #6488, #8702 ) ;
#6288 = CARTESIAN_POINT ( 'NONE',  ( 32.13110000000000355, -0.6953999999999961323, 14.18750000000000533 ) ) ;
#6289 = EDGE_CURVE ( 'NONE', #6416, #6277, #10781, .T. ) ;
#6290 = DIRECTION ( 'NONE',  ( -0.000000000000000000, 0.000000000000000000, 1.000000000000000000 ) ) ;
#6291 = VERTEX_POINT ( 'NONE', #8431 ) ;
#6292 = AXIS2_PLACEMENT_3D ( 'NONE', #9092, #13159, #1842 ) ;
#6293 = CYLINDRICAL_SURFACE ( 'NONE', #1496, 0.1565000000000003610 ) ;
#6294 = CIRCLE ( 'NONE', #10153, 0.1565000000000003610 ) ;
#6295 = ORIENTED_EDGE ( 'NONE', *, *, #12145, .F. ) ;
#6296 = ORIENTED_EDGE ( 'NONE', *, *, #755, .F. ) ;
#6297 = AXIS2_PLACEMENT_3D ( 'NONE', #4094, #2012, #4298 ) ;
#6298 = EDGE_CURVE ( 'NONE', #8574, #5453, #5458, .T. ) ;
#6299 = ORIENTED_EDGE ( 'NONE', *, *, #13142, .T. ) ;
#6300 = CARTESIAN_POINT ( 'NONE',  ( 22.47227499999999978, -0.6207000000000038042, 14.79687500000000000 ) ) ;
#6301 = FACE_OUTER_BOUND ( 'NONE', #4822, .T. ) ;
#6302 = LINE ( 'NONE', #10388, #11655 ) ;
#6303 = CARTESIAN_POINT ( 'NONE',  ( 35.93750000000000000, -0.6641499999999997961, -14.89540000000000042 ) ) ;
#6304 = FACE_BOUND ( 'NONE', #7316, .T. ) ;
#6305 = CARTESIAN_POINT ( 'NONE',  ( -35.93750000000000000, -0.7187499999999996669, 15.00000000000000000 ) ) ;
#6306 = DIRECTION ( 'NONE',  ( -0.000000000000000000, -1.000000000000000000, -1.332348806898293597E-16 ) ) ;
#6307 = DIRECTION ( 'NONE',  ( 0.000000000000000000, 0.000000000000000000, -1.000000000000000000 ) ) ;
#6308 = CARTESIAN_POINT ( 'NONE',  ( -35.13110000000000355, -0.6954000000000000181, 14.31249999999999822 ) ) ;
#6309 = VERTEX_POINT ( 'NONE', #11164 ) ;
#6310 = ORIENTED_EDGE ( 'NONE', *, *, #4048, .T. ) ;
#6311 = EDGE_CURVE ( 'NONE', #11422, #8195, #1150, .T. ) ;
#6312 = ORIENTED_EDGE ( 'NONE', *, *, #12805, .T. ) ;
#6313 = ORIENTED_EDGE ( 'NONE', *, *, #6791, .T. ) ;
#6314 = CARTESIAN_POINT ( 'NONE',  ( 18.90652500000000558, -0.7999999999999929390, -14.34399999999999586 ) ) ;
#6315 = ORIENTED_EDGE ( 'NONE', *, *, #1596, .T. ) ;
#6316 = DIRECTION ( 'NONE',  ( 0.000000000000000000, 0.000000000000000000, -1.000000000000000000 ) ) ;
#6317 = EDGE_LOOP ( 'NONE', ( #6445, #9806, #12985, #4134 ) ) ;
#6318 = DIRECTION ( 'NONE',  ( 1.000000000000000000, 0.000000000000000000, 0.000000000000000000 ) ) ;
#6319 = AXIS2_PLACEMENT_3D ( 'NONE', #12976, #977, #9035 ) ;
#6320 = DIRECTION ( 'NONE',  ( -1.240959386601361473E-16, 1.000000000000000000, 0.000000000000000000 ) ) ;
#6321 = DIRECTION ( 'NONE',  ( -0.000000000000000000, -1.000000000000000000, -1.332348806898293597E-16 ) ) ;
#6322 = VECTOR ( 'NONE', #4208, 39.37007874015748143 ) ;
#6323 = DIRECTION ( 'NONE',  ( 0.000000000000000000, -1.000000000000000000, -2.967464690054594744E-16 ) ) ;
#6324 = VERTEX_POINT ( 'NONE', #8232 ) ;
#6325 = EDGE_CURVE ( 'NONE', #11361, #2856, #5349, .T. ) ;
#6326 = ADVANCED_FACE ( 'NONE', ( #12505 ), #8163, .F. ) ;
#6327 = ADVANCED_FACE ( 'NONE', ( #6085 ), #12241, .F. ) ;
#6328 = EDGE_CURVE ( 'NONE', #8981, #9916, #8446, .T. ) ;
#6329 = AXIS2_PLACEMENT_3D ( 'NONE', #6735, #9634, #7811 ) ;
#6330 = VERTEX_POINT ( 'NONE', #12373 ) ;
#6331 = VERTEX_POINT ( 'NONE', #2183 ) ;
#6332 = VECTOR ( 'NONE', #4698, 39.37007874015748143 ) ;
#6333 = DIRECTION ( 'NONE',  ( 0.000000000000000000, -1.000000000000000000, -1.332348806898293597E-16 ) ) ;
#6334 = DIRECTION ( 'NONE',  ( 0.000000000000000000, -1.000000000000000000, -2.967464690054594744E-16 ) ) ;
#6335 = LINE ( 'NONE', #151, #6555 ) ;
#6336 = DIRECTION ( 'NONE',  ( -0.000000000000000000, -1.000000000000000000, -1.332348806898293597E-16 ) ) ;
#6337 = CARTESIAN_POINT ( 'NONE',  ( 35.91710000000000491, -0.6954000000000021275, -13.78219999999999956 ) ) ;
#6338 = CARTESIAN_POINT ( 'NONE',  ( -32.13110000000000355, -0.6954000000000000181, -14.34399999999999942 ) ) ;
#6339 = VECTOR ( 'NONE', #2481, 39.37007874015748143 ) ;
#6340 = DIRECTION ( 'NONE',  ( -1.000000000000000000, 0.000000000000000000, 0.000000000000000000 ) ) ;
#6341 = CIRCLE ( 'NONE', #9969, 3.543307086614167822 ) ;
#6342 = FACE_OUTER_BOUND ( 'NONE', #4876, .T. ) ;
#6343 = ORIENTED_EDGE ( 'NONE', *, *, #10614, .T. ) ;
#6344 = AXIS2_PLACEMENT_3D ( 'NONE', #8904, #11908, #9842 ) ;
#6345 = EDGE_CURVE ( 'NONE', #105, #5610, #11641, .T. ) ;
#6346 = ADVANCED_FACE ( 'NONE', ( #10369 ), #5081, .F. ) ;
#6347 = ORIENTED_EDGE ( 'NONE', *, *, #1697, .T. ) ;
#6348 = AXIS2_PLACEMENT_3D ( 'NONE', #10669, #333, #13043 ) ;
#6349 = EDGE_CURVE ( 'NONE', #8964, #618, #2247, .T. ) ;
#6350 = EDGE_LOOP ( 'NONE', ( #4017, #9689 ) ) ;
#6351 = CARTESIAN_POINT ( 'NONE',  ( 36.02170047244094775, -0.2096999999999985820, 6.000000000000003553 ) ) ;
#6353 = EDGE_CURVE ( 'NONE', #12564, #9984, #9939, .T. ) ;
#6352 = ORIENTED_EDGE ( 'NONE', *, *, #5043, .F. ) ;
#6354 = DIRECTION ( 'NONE',  ( -0.000000000000000000, -1.000000000000000000, -1.332348806898293597E-16 ) ) ;
#6355 = CYLINDRICAL_SURFACE ( 'NONE', #4104, 0.1565000000000003610 ) ;
#6356 = CARTESIAN_POINT ( 'NONE',  ( 21.73442499999999455, -0.4299000000000040012, -14.42187500000001066 ) ) ;
#6357 = CIRCLE ( 'NONE', #10831, 0.2187500000000015821 ) ;
#6358 = DIRECTION ( 'NONE',  ( 0.000000000000000000, -1.000000000000000000, 0.000000000000000000 ) ) ;
#6359 = DIRECTION ( 'NONE',  ( 1.000000000000000000, 0.000000000000000000, 0.000000000000000000 ) ) ;
#6360 = DIRECTION ( 'NONE',  ( 0.000000000000000000, 0.000000000000000000, -1.000000000000000000 ) ) ;
#6361 = ORIENTED_EDGE ( 'NONE', *, *, #12309, .F. ) ;
#6362 = AXIS2_PLACEMENT_3D ( 'NONE', #11866, #11746, #9807 ) ;
#6363 = CARTESIAN_POINT ( 'NONE',  ( -17.16232500000000982, -0.5499999999999952704, 14.34400000000000652 ) ) ;
#6364 = ORIENTED_EDGE ( 'NONE', *, *, #6086, .F. ) ;
#6365 = CIRCLE ( 'NONE', #2926, 0.1565000000000003610 ) ;
#6366 = EDGE_CURVE ( 'NONE', #3638, #6277, #4136, .T. ) ;
#6367 = EDGE_LOOP ( 'NONE', ( #7164, #11550 ) ) ;
#6368 = VECTOR ( 'NONE', #4279, 39.37007874015748143 ) ;
#6369 = ORIENTED_EDGE ( 'NONE', *, *, #4162, .F. ) ;
#6370 = DIRECTION ( 'NONE',  ( 0.000000000000000000, 0.000000000000000000, -1.000000000000000000 ) ) ;
#6371 = DIRECTION ( 'NONE',  ( 0.000000000000000000, 1.215039069647390553E-16, -1.000000000000000000 ) ) ;
#6372 = CARTESIAN_POINT ( 'NONE',  ( -18.75002500000000438, -0.6953999999999992410, -14.53099999999998992 ) ) ;
#6373 = CARTESIAN_POINT ( 'NONE',  ( -28.22460000000000591, -0.7999999999999958256, -14.34399999999999942 ) ) ;
#6374 = FACE_OUTER_BOUND ( 'NONE', #12305, .T. ) ;
#6375 = DIRECTION ( 'NONE',  ( -0.000000000000000000, -1.000000000000000000, -1.332348806898293597E-16 ) ) ;
#6376 = LINE ( 'NONE', #4498, #7471 ) ;
#6377 = ADVANCED_FACE ( 'NONE', ( #166, #8369, #11301, #2124, #6220 ), #10307, .F. ) ;
#6378 = ADVANCED_FACE ( 'NONE', ( #9037 ), #6021, .F. ) ;
#6379 = FACE_OUTER_BOUND ( 'NONE', #688, .T. ) ;
#6380 = DIRECTION ( 'NONE',  ( 0.000000000000000000, 0.000000000000000000, 1.000000000000000000 ) ) ;
#6381 = ORIENTED_EDGE ( 'NONE', *, *, #13026, .F. ) ;
#6382 = CIRCLE ( 'NONE', #2296, 0.1565000000000003610 ) ;
#6383 = EDGE_LOOP ( 'NONE', ( #7461, #10479, #11603, #1535 ) ) ;
#6384 = ORIENTED_EDGE ( 'NONE', *, *, #13189, .T. ) ;
#6385 = VECTOR ( 'NONE', #9794, 39.37007874015748143 ) ;
#6386 = EDGE_LOOP ( 'NONE', ( #398, #4487, #5179, #7017 ) ) ;
#6387 = CARTESIAN_POINT ( 'NONE',  ( -11.25002500000000794, -0.5499999999999948264, 14.53100000000000058 ) ) ;
#6388 = ORIENTED_EDGE ( 'NONE', *, *, #8237, .F. ) ;
#6389 = AXIS2_PLACEMENT_3D ( 'NONE', #8584, #8775, #2604 ) ;
#6390 = CARTESIAN_POINT ( 'NONE',  ( -21.57817499999999811, -0.4299000000000038346, -12.43750000000001066 ) ) ;
#6391 = ORIENTED_EDGE ( 'NONE', *, *, #11742, .T. ) ;
#6392 = DIRECTION ( 'NONE',  ( -1.000000000000000000, -0.000000000000000000, -0.000000000000000000 ) ) ;
#6393 = DIRECTION ( 'NONE',  ( 0.000000000000000000, -1.000000000000000000, -1.332348806898293597E-16 ) ) ;
#6394 = DIRECTION ( 'NONE',  ( 0.000000000000000000, 0.000000000000000000, 1.000000000000000000 ) ) ;
#6395 = CARTESIAN_POINT ( 'NONE',  ( 35.23450000000000415, -0.7999999999999917177, -1.686549999999970906 ) ) ;
#6396 = ORIENTED_EDGE ( 'NONE', *, *, #3477, .F. ) ;
#6397 = ADVANCED_FACE ( 'NONE', ( #13172 ), #1988, .F. ) ;
#6398 = VECTOR ( 'NONE', #12823, 39.37007874015748143 ) ;
#6399 = VECTOR ( 'NONE', #10408, 39.37007874015748143 ) ;
#6400 = ORIENTED_EDGE ( 'NONE', *, *, #7975, .T. ) ;
#6401 = EDGE_CURVE ( 'NONE', #9221, #2856, #13103, .T. ) ;
#6402 = CIRCLE ( 'NONE', #4469, 0.1250000000000037192 ) ;
#6403 = ORIENTED_EDGE ( 'NONE', *, *, #4242, .F. ) ;
#6404 = DIRECTION ( 'NONE',  ( 0.000000000000000000, -1.000000000000000000, -1.332348806898293597E-16 ) ) ;
#6405 = ORIENTED_EDGE ( 'NONE', *, *, #13241, .T. ) ;
#6406 = CARTESIAN_POINT ( 'NONE',  ( -21.54692500000000521, 0.7000000000000405898, 13.92187500000000178 ) ) ;
#6407 = CIRCLE ( 'NONE', #11097, 0.1565000000000003610 ) ;
#6408 = CARTESIAN_POINT ( 'NONE',  ( 11.25002499999999905, -0.6953999999999974646, -14.53099999999999170 ) ) ;
#6409 = DIRECTION ( 'NONE',  ( -0.000000000000000000, -0.000000000000000000, -1.000000000000000000 ) ) ;
#6410 = CARTESIAN_POINT ( 'NONE',  ( 18.90652500000000558, -0.6954000000000000181, -14.34399999999999586 ) ) ;
#6411 = FACE_BOUND ( 'NONE', #10461, .T. ) ;
#6412 = LINE ( 'NONE', #964, #7733 ) ;
#6413 = CARTESIAN_POINT ( 'NONE',  ( 22.10942500000000521, -0.6207000000000038042, -12.43750000000001066 ) ) ;
#6414 = DIRECTION ( 'NONE',  ( 1.240959386601371334E-16, -1.000000000000000000, 0.000000000000000000 ) ) ;
#6415 = ORIENTED_EDGE ( 'NONE', *, *, #10512, .F. ) ;
#6416 = VERTEX_POINT ( 'NONE', #8236 ) ;
#6417 = ORIENTED_EDGE ( 'NONE', *, *, #699, .F. ) ;
#6418 = CARTESIAN_POINT ( 'NONE',  ( 3.906499999999998529, -0.5499999999999939382, -14.34399999999999409 ) ) ;
#6419 = ORIENTED_EDGE ( 'NONE', *, *, #9960, .T. ) ;
#6420 = FACE_OUTER_BOUND ( 'NONE', #1685, .T. ) ;
#6421 = DIRECTION ( 'NONE',  ( -1.000000000000000000, -5.463695987328555033E-16, 6.055761952500853211E-15 ) ) ;
#6422 = CYLINDRICAL_SURFACE ( 'NONE', #8311, 0.1250000000000026368 ) ;
#6423 = ADVANCED_FACE ( 'NONE', ( #4070 ), #6950, .F. ) ;
#6424 = CARTESIAN_POINT ( 'NONE',  ( -35.23450000000000415, -0.6954000000000000181, 8.436550000000002214 ) ) ;
#6425 = DIRECTION ( 'NONE',  ( -0.000000000000000000, -1.000000000000000000, -1.332348806898293597E-16 ) ) ;
#6426 = DIRECTION ( 'NONE',  ( -1.000000000000000000, 0.000000000000000000, 0.000000000000000000 ) ) ;
#6427 = ORIENTED_EDGE ( 'NONE', *, *, #5218, .F. ) ;
#6428 = DIRECTION ( 'NONE',  ( 0.000000000000000000, 0.000000000000000000, -1.000000000000000000 ) ) ;
#6429 = ORIENTED_EDGE ( 'NONE', *, *, #1513, .T. ) ;
#6430 = EDGE_CURVE ( 'NONE', #1141, #6711, #12712, .T. ) ;
#6431 = VERTEX_POINT ( 'NONE', #3934 ) ;
#6432 = ORIENTED_EDGE ( 'NONE', *, *, #12017, .F. ) ;
#6433 = FACE_OUTER_BOUND ( 'NONE', #11328, .T. ) ;
#6434 = DIRECTION ( 'NONE',  ( 0.000000000000000000, -1.000000000000000000, 0.000000000000000000 ) ) ;
#6435 = DIRECTION ( 'NONE',  ( -1.000000000000000000, 0.000000000000000000, 0.000000000000000000 ) ) ;
#6436 = CARTESIAN_POINT ( 'NONE',  ( 33.63110000000000355, -0.7999999999999918288, 14.56250000000000533 ) ) ;
#6437 = EDGE_CURVE ( 'NONE', #8019, #6058, #77, .T. ) ;
#6438 = CARTESIAN_POINT ( 'NONE',  ( 17.16232500000000982, -0.5499999999999931610, 14.18750000000000533 ) ) ;
#6439 = FACE_OUTER_BOUND ( 'NONE', #12733, .T. ) ;
#6440 = CYLINDRICAL_SURFACE ( 'NONE', #12439, 0.2499999999999986955 ) ;
#6441 = DIRECTION ( 'NONE',  ( 1.000000000000000000, 0.000000000000000000, 0.000000000000000000 ) ) ;
#6442 = VERTEX_POINT ( 'NONE', #9105 ) ;
#6443 = EDGE_CURVE ( 'NONE', #5360, #7684, #10313, .T. ) ;
#6445 = ORIENTED_EDGE ( 'NONE', *, *, #3178, .T. ) ;
#6444 = AXIS2_PLACEMENT_3D ( 'NONE', #4485, #1447, #2453 ) ;
#6446 = EDGE_CURVE ( 'NONE', #9887, #6731, #2860, .T. ) ;
#6447 = EDGE_LOOP ( 'NONE', ( #1564, #11937, #10168, #12252 ) ) ;
#6448 = CIRCLE ( 'NONE', #644, 0.1565000000000003610 ) ;
#6449 = VERTEX_POINT ( 'NONE', #4209 ) ;
#6450 = DIRECTION ( 'NONE',  ( 0.000000000000000000, 0.000000000000000000, -1.000000000000000000 ) ) ;
#6451 = VERTEX_POINT ( 'NONE', #7088 ) ;
#6452 = CARTESIAN_POINT ( 'NONE',  ( -17.00582500000000863, -0.5499999999999952704, 14.34400000000000475 ) ) ;
#6453 = ORIENTED_EDGE ( 'NONE', *, *, #3061, .F. ) ;
#6454 = DIRECTION ( 'NONE',  ( -0.000000000000000000, -1.000000000000000000, -1.332348806898293597E-16 ) ) ;
#6455 = AXIS2_PLACEMENT_3D ( 'NONE', #1843, #9026, #7955 ) ;
#6456 = LINE ( 'NONE', #8405, #8111 ) ;
#6457 = CARTESIAN_POINT ( 'NONE',  ( 22.10942500000000166, -0.4299000000000038346, 12.43750000000000178 ) ) ;
#6458 = DIRECTION ( 'NONE',  ( 0.000000000000000000, 0.000000000000000000, -1.000000000000000000 ) ) ;
#6459 = VECTOR ( 'NONE', #483, 39.37007874015748143 ) ;
#6460 = EDGE_LOOP ( 'NONE', ( #9722, #11195, #11903, #3290, #5346 ) ) ;
#6461 = EDGE_CURVE ( 'NONE', #2484, #279, #7151, .T. ) ;
#6462 = CIRCLE ( 'NONE', #11375, 0.1250000000000015266 ) ;
#6463 = ORIENTED_EDGE ( 'NONE', *, *, #3535, .F. ) ;
#6464 = AXIS2_PLACEMENT_3D ( 'NONE', #3657, #8625, #7687 ) ;
#6465 = ORIENTED_EDGE ( 'NONE', *, *, #2064, .F. ) ;
#6466 = CARTESIAN_POINT ( 'NONE',  ( -33.63110000000000355, -0.7999999999999959366, -14.43750000000000000 ) ) ;
#6467 = ORIENTED_EDGE ( 'NONE', *, *, #6830, .T. ) ;
#6468 = CARTESIAN_POINT ( 'NONE',  ( 18.90652500000000558, -0.6953999999999969095, 14.34399999999999942 ) ) ;
#6469 = CIRCLE ( 'NONE', #4745, 0.1565000000000003610 ) ;
#6470 = ADVANCED_FACE ( 'NONE', ( #7023 ), #5156, .F. ) ;
#6471 = DIRECTION ( 'NONE',  ( 0.000000000000000000, 0.000000000000000000, -1.000000000000000000 ) ) ;
#6472 = DIRECTION ( 'NONE',  ( -0.000000000000000000, -1.000000000000000000, -1.332348806898293597E-16 ) ) ;
#6473 = DIRECTION ( 'NONE',  ( 0.000000000000000000, -1.000000000000000000, -1.332348806898293597E-16 ) ) ;
#6474 = DIRECTION ( 'NONE',  ( 1.000000000000000000, -0.000000000000000000, 0.000000000000000000 ) ) ;
#6475 = DIRECTION ( 'NONE',  ( 0.000000000000000000, 0.000000000000000000, -1.000000000000000000 ) ) ;
#6476 = CYLINDRICAL_SURFACE ( 'NONE', #379, 0.2187500000000015821 ) ;
#6477 = ORIENTED_EDGE ( 'NONE', *, *, #12954, .T. ) ;
#6478 = VECTOR ( 'NONE', #9958, 39.37007874015748143 ) ;
#6479 = ORIENTED_EDGE ( 'NONE', *, *, #7996, .F. ) ;
#6480 = EDGE_CURVE ( 'NONE', #9151, #9192, #4141, .T. ) ;
#6481 = ORIENTED_EDGE ( 'NONE', *, *, #6280, .T. ) ;
#6482 = AXIS2_PLACEMENT_3D ( 'NONE', #2485, #6454, #6579 ) ;
#6483 = LINE ( 'NONE', #11955, #180 ) ;
#6484 = VERTEX_POINT ( 'NONE', #10178 ) ;
#6485 = LINE ( 'NONE', #7750, #4827 ) ;
#6486 = CARTESIAN_POINT ( 'NONE',  ( -17.16232500000000627, -0.5499999999999952704, -14.53099999999999170 ) ) ;
#6487 = CARTESIAN_POINT ( 'NONE',  ( -21.35942499999999455, 0.7000000000000407008, -12.43750000000001066 ) ) ;
#6488 = CARTESIAN_POINT ( 'NONE',  ( -22.09727500000001044, -0.6207000000000035822, 14.79687500000000000 ) ) ;
#6489 = CARTESIAN_POINT ( 'NONE',  ( 21.73442499999999455, 0.7000000000000405898, -14.42187500000001066 ) ) ;
#6490 = CARTESIAN_POINT ( 'NONE',  ( -21.54692499999999811, -0.6207000000000038042, -13.92187500000001066 ) ) ;
#6491 = ORIENTED_EDGE ( 'NONE', *, *, #4856, .T. ) ;
#6492 = CARTESIAN_POINT ( 'NONE',  ( 22.50347500000000167, 0.3358499999999960961, -14.67187499999999822 ) ) ;
#6493 = EDGE_LOOP ( 'NONE', ( #1953, #6049 ) ) ;
#6494 = EDGE_CURVE ( 'NONE', #4353, #5898, #11918, .T. ) ;
#6495 = CIRCLE ( 'NONE', #10555, 0.1250000000000037192 ) ;
#6496 = EDGE_CURVE ( 'NONE', #1171, #241, #4238, .T. ) ;
#6497 = ORIENTED_EDGE ( 'NONE', *, *, #1577, .T. ) ;
#6498 = ORIENTED_EDGE ( 'NONE', *, *, #4113, .T. ) ;
#6499 = CARTESIAN_POINT ( 'NONE',  ( 21.73442499999999811, -0.6953999999999967985, -14.68749999999999289 ) ) ;
#6501 = DIRECTION ( 'NONE',  ( -1.000000000000000000, 0.000000000000000000, 0.000000000000000000 ) ) ;
#6500 = CIRCLE ( 'NONE', #6701, 0.1250000000000026368 ) ;
#6502 = DIRECTION ( 'NONE',  ( 1.000000000000000000, 0.000000000000000000, 0.000000000000000000 ) ) ;
#6503 = DIRECTION ( 'NONE',  ( -1.000000000000000000, 0.000000000000000000, 0.000000000000000000 ) ) ;
#6504 = AXIS2_PLACEMENT_3D ( 'NONE', #2025, #8207, #12212 ) ;
#6505 = DIRECTION ( 'NONE',  ( -1.000000000000000000, 0.000000000000000000, 0.000000000000000000 ) ) ;
#6506 = CYLINDRICAL_SURFACE ( 'NONE', #7530, 0.08124999999999998890 ) ;
#6507 = ORIENTED_EDGE ( 'NONE', *, *, #8530, .F. ) ;
#6508 = ADVANCED_FACE ( 'NONE', ( #3068 ), #10249, .T. ) ;
#6509 = ORIENTED_EDGE ( 'NONE', *, *, #11036, .T. ) ;
#6510 = EDGE_CURVE ( 'NONE', #756, #6037, #979, .T. ) ;
#6511 = VERTEX_POINT ( 'NONE', #9312 ) ;
#6512 = CARTESIAN_POINT ( 'NONE',  ( -28.22460000000000591, -0.6953999999999996851, -14.89540000000000042 ) ) ;
#6513 = ORIENTED_EDGE ( 'NONE', *, *, #7129, .T. ) ;
#6514 = CARTESIAN_POINT ( 'NONE',  ( -22.20317500000001232, 0.3358499999999960961, 14.79687500000000000 ) ) ;
#6515 = ORIENTED_EDGE ( 'NONE', *, *, #4690, .T. ) ;
#6516 = DIRECTION ( 'NONE',  ( -0.000000000000000000, -1.000000000000000000, -0.000000000000000000 ) ) ;
#6517 = EDGE_LOOP ( 'NONE', ( #7857, #7793, #42, #4080 ) ) ;
#6518 = FACE_OUTER_BOUND ( 'NONE', #6447, .T. ) ;
#6519 = EDGE_CURVE ( 'NONE', #9290, #4245, #98, .T. ) ;
#6520 = CARTESIAN_POINT ( 'NONE',  ( 21.34037499999998388, 0.4608499999999960961, 14.67187500000000000 ) ) ;
#6521 = CARTESIAN_POINT ( 'NONE',  ( 21.73442499999999100, 0.7000000000000405898, 14.42187500000000178 ) ) ;
#6522 = CARTESIAN_POINT ( 'NONE',  ( -3.749999999999997780, -0.7999999999999943823, -14.53099999999998815 ) ) ;
#6523 = EDGE_LOOP ( 'NONE', ( #615, #5049, #2578, #10399 ) ) ;
#6524 = EDGE_LOOP ( 'NONE', ( #13075, #685, #377, #8204 ) ) ;
#6525 = CIRCLE ( 'NONE', #2029, 0.1565000000000003610 ) ;
#6526 = VERTEX_POINT ( 'NONE', #3325 ) ;
#6527 = DIRECTION ( 'NONE',  ( -1.000000000000000000, 0.000000000000000000, 0.000000000000000000 ) ) ;
#6528 = ORIENTED_EDGE ( 'NONE', *, *, #11045, .T. ) ;
#6529 = ADVANCED_FACE ( 'NONE', ( #3202, #1374, #3397, #5486, #7421 ), #4407, .F. ) ;
#6530 = CARTESIAN_POINT ( 'NONE',  ( 18.75002500000000438, -0.6953999999999969095, 14.53099999999999703 ) ) ;
#6531 = AXIS2_PLACEMENT_3D ( 'NONE', #2664, #10838, #11151 ) ;
#6532 = FACE_OUTER_BOUND ( 'NONE', #4413, .T. ) ;
#6533 = DIRECTION ( 'NONE',  ( -0.000000000000000000, -0.000000000000000000, 1.000000000000000000 ) ) ;
#6534 = CARTESIAN_POINT ( 'NONE',  ( -35.13110000000000355, -0.5499999999999961586, -14.43749999999999822 ) ) ;
#6535 = DIRECTION ( 'NONE',  ( 0.000000000000000000, 0.000000000000000000, -1.000000000000000000 ) ) ;
#6536 = DIRECTION ( 'NONE',  ( 0.000000000000000000, -1.000000000000000000, 0.000000000000000000 ) ) ;
#6537 = CARTESIAN_POINT ( 'NONE',  ( 18.75002500000000438, -0.7999999999999929390, 14.34400000000000119 ) ) ;
#6538 = ADVANCED_FACE ( 'NONE', ( #9374 ), #8501, .F. ) ;
#6539 = VERTEX_POINT ( 'NONE', #7288 ) ;
#6540 = CIRCLE ( 'NONE', #8265, 0.1250000000000015266 ) ;
#6541 = ORIENTED_EDGE ( 'NONE', *, *, #1959, .F. ) ;
#6542 = ORIENTED_EDGE ( 'NONE', *, *, #7700, .F. ) ;
#6543 = AXIS2_PLACEMENT_3D ( 'NONE', #1075, #7054, #11132 ) ;
#6544 = DIRECTION ( 'NONE',  ( -0.000000000000000000, -0.000000000000000000, -1.000000000000000000 ) ) ;
#6545 = AXIS2_PLACEMENT_3D ( 'NONE', #3720, #2647, #5613 ) ;
#6546 = LINE ( 'NONE', #10820, #7609 ) ;
#6547 = FACE_OUTER_BOUND ( 'NONE', #4813, .T. ) ;
#6548 = DIRECTION ( 'NONE',  ( -0.000000000000000000, -1.000000000000000000, -1.332348806898293597E-16 ) ) ;
#6549 = FACE_OUTER_BOUND ( 'NONE', #13257, .T. ) ;
#6550 = DIRECTION ( 'NONE',  ( -0.000000000000000000, -1.000000000000000000, -1.332348806898293597E-16 ) ) ;
#6551 = CARTESIAN_POINT ( 'NONE',  ( 34.89030000000000342, -0.6954000000000019055, -13.78219999999999956 ) ) ;
#6552 = EDGE_LOOP ( 'NONE', ( #11183, #2426, #3162, #2696 ) ) ;
#6553 = VECTOR ( 'NONE', #11989, 39.37007874015748143 ) ;
#6554 = ADVANCED_FACE ( 'NONE', ( #172 ), #8373, .F. ) ;
#6555 = VECTOR ( 'NONE', #1227, 39.37007874015748143 ) ;
#6556 = ADVANCED_FACE ( 'NONE', ( #2448 ), #3260, .F. ) ;
#6557 = ORIENTED_EDGE ( 'NONE', *, *, #5042, .T. ) ;
#6558 = ORIENTED_EDGE ( 'NONE', *, *, #10591, .T. ) ;
#6559 = EDGE_CURVE ( 'NONE', #1452, #12760, #11282, .T. ) ;
#6560 = LINE ( 'NONE', #3733, #2882 ) ;
#6561 = LINE ( 'NONE', #5016, #10102 ) ;
#6562 = DIRECTION ( 'NONE',  ( 0.000000000000000000, -0.000000000000000000, 1.000000000000000000 ) ) ;
#6564 = VECTOR ( 'NONE', #6516, 39.37007874015748143 ) ;
#6563 = CARTESIAN_POINT ( 'NONE',  ( 22.32817499999999811, -0.4299000000000038346, 2.512596398514597499E-15 ) ) ;
#6565 = CARTESIAN_POINT ( 'NONE',  ( 35.13110000000001065, -0.6953999999999957993, -14.43749999999997335 ) ) ;
#6566 = CARTESIAN_POINT ( 'NONE',  ( -22.09727500000001044, -0.6207000000000035822, -14.79687500000000000 ) ) ;
#6567 = CARTESIAN_POINT ( 'NONE',  ( -3.749999999999997780, -0.5499999999999943823, -14.34399999999999409 ) ) ;
#6568 = CARTESIAN_POINT ( 'NONE',  ( 17.16232500000000982, -0.7999999999999931610, 14.34400000000000652 ) ) ;
#6569 = ORIENTED_EDGE ( 'NONE', *, *, #12030, .F. ) ;
#6570 = AXIS2_PLACEMENT_3D ( 'NONE', #6424, #12579, #10503 ) ;
#6571 = ORIENTED_EDGE ( 'NONE', *, *, #2121, .F. ) ;
#6572 = EDGE_LOOP ( 'NONE', ( #4915, #3390, #2628, #3330, #7480, #13134, #2890, #990, #987, #3716, #11133, #9122 ) ) ;
#6573 = FACE_BOUND ( 'NONE', #10070, .T. ) ;
#6574 = VERTEX_POINT ( 'NONE', #10636 ) ;
#6575 = CARTESIAN_POINT ( 'NONE',  ( 21.73442500000000877, -0.6953999999999967985, 14.53100000000000058 ) ) ;
#6576 = ORIENTED_EDGE ( 'NONE', *, *, #9643, .T. ) ;
#6577 = CYLINDRICAL_SURFACE ( 'NONE', #2061, 0.1565000000000003610 ) ;
#6578 = ORIENTED_EDGE ( 'NONE', *, *, #3454, .T. ) ;
#6579 = DIRECTION ( 'NONE',  ( 0.000000000000000000, 0.000000000000000000, -1.000000000000000000 ) ) ;
#6580 = CYLINDRICAL_SURFACE ( 'NONE', #7464, 0.2187500000000015821 ) ;
#6581 = DIRECTION ( 'NONE',  ( 1.240959386601371334E-16, -1.000000000000000000, -0.000000000000000000 ) ) ;
#6582 = AXIS2_PLACEMENT_3D ( 'NONE', #10858, #5779, #1541 ) ;
#6583 = CIRCLE ( 'NONE', #5526, 0.2187500000000015821 ) ;
#6584 = EDGE_CURVE ( 'NONE', #10973, #10981, #7867, .T. ) ;
#6585 = DIRECTION ( 'NONE',  ( -1.000000000000000000, 0.000000000000000000, 0.000000000000000000 ) ) ;
#6586 = ORIENTED_EDGE ( 'NONE', *, *, #1336, .F. ) ;
#6587 = EDGE_CURVE ( 'NONE', #6013, #6442, #6583, .T. ) ;
#6588 = AXIS2_PLACEMENT_3D ( 'NONE', #8843, #7705, #2541 ) ;
#6589 = ADVANCED_FACE ( 'NONE', ( #9636 ), #2188, .T. ) ;
#6590 = ORIENTED_EDGE ( 'NONE', *, *, #3171, .T. ) ;
#6591 = AXIS2_PLACEMENT_3D ( 'NONE', #1461, #9587, #4425 ) ;
#6592 = AXIS2_PLACEMENT_3D ( 'NONE', #1907, #1032, #3854 ) ;
#6593 = ORIENTED_EDGE ( 'NONE', *, *, #8469, .F. ) ;
#6594 = CARTESIAN_POINT ( 'NONE',  ( 22.17192499999999811, 0.7000000000000405898, -13.92187500000001066 ) ) ;
#6595 = ORIENTED_EDGE ( 'NONE', *, *, #13066, .F. ) ;
#6596 = EDGE_CURVE ( 'NONE', #2349, #9001, #565, .T. ) ;
#6597 = FACE_OUTER_BOUND ( 'NONE', #10544, .T. ) ;
#6598 = DIRECTION ( 'NONE',  ( 0.000000000000000000, -1.000000000000000000, -2.967464690054594744E-16 ) ) ;
#6599 = CARTESIAN_POINT ( 'NONE',  ( -32.13110000000000355, -0.5499999999999961586, -14.53099999999999348 ) ) ;
#6600 = CARTESIAN_POINT ( 'NONE',  ( 21.73442499999999811, -0.6953999999999967985, -14.53099999999999170 ) ) ;
#6601 = CARTESIAN_POINT ( 'NONE',  ( -21.73442500000000877, -0.6953999999999993520, 14.53100000000000058 ) ) ;
#6602 = CARTESIAN_POINT ( 'NONE',  ( -21.14067499999999811, -0.6207000000000038042, 12.43750000000000178 ) ) ;
#6603 = CARTESIAN_POINT ( 'NONE',  ( 17.00582500000001218, -0.7999999999999931610, 14.34400000000000475 ) ) ;
#6604 = AXIS2_PLACEMENT_3D ( 'NONE', #4359, #6755, #3544 ) ;
#6605 = AXIS2_PLACEMENT_3D ( 'NONE', #5588, #4763, #5523 ) ;
#6606 = EDGE_LOOP ( 'NONE', ( #6347, #10811, #4304, #2978 ) ) ;
#6607 = EDGE_CURVE ( 'NONE', #7561, #5898, #2324, .T. ) ;
#6608 = CIRCLE ( 'NONE', #12603, 0.1249999999999993477 ) ;
#6609 = ADVANCED_FACE ( 'NONE', ( #1245 ), #5354, .F. ) ;
#6610 = ORIENTED_EDGE ( 'NONE', *, *, #10750, .F. ) ;
#6611 = AXIS2_PLACEMENT_3D ( 'NONE', #10264, #6434, #7233 ) ;
#6612 = EDGE_LOOP ( 'NONE', ( #9181, #8982, #1946, #3033 ) ) ;
#6613 = CARTESIAN_POINT ( 'NONE',  ( 18.59352500000000319, -0.5499999999999929390, -14.34399999999999586 ) ) ;
#6614 = ADVANCED_FACE ( 'NONE', ( #6286 ), #6422, .F. ) ;
#6615 = CARTESIAN_POINT ( 'NONE',  ( -36.02170000000000272, 0.6999999999999995115, 14.78124999999999822 ) ) ;
#6616 = CARTESIAN_POINT ( 'NONE',  ( 35.23450000000000415, -0.6953999999999956882, 1.686549999999997107 ) ) ;
#6617 = CARTESIAN_POINT ( 'NONE',  ( 21.51567499999999455, -0.4299000000000040012, -14.42187500000001066 ) ) ;
#6618 = AXIS2_PLACEMENT_3D ( 'NONE', #4855, #4789, #4929 ) ;
#6619 = DIRECTION ( 'NONE',  ( 0.000000000000000000, -1.000000000000000000, -1.332348806898293597E-16 ) ) ;
#6620 = DIRECTION ( 'NONE',  ( 0.000000000000000000, 2.967464690054594744E-16, -1.000000000000000000 ) ) ;
#6621 = DIRECTION ( 'NONE',  ( -1.000000000000000000, -0.000000000000000000, -0.000000000000000000 ) ) ;
#6622 = VECTOR ( 'NONE', #11239, 39.37007874015748143 ) ;
#6623 = ORIENTED_EDGE ( 'NONE', *, *, #882, .T. ) ;
#6624 = VERTEX_POINT ( 'NONE', #10502 ) ;
#6625 = ORIENTED_EDGE ( 'NONE', *, *, #212, .T. ) ;
#6626 = CYLINDRICAL_SURFACE ( 'NONE', #10174, 0.1250000000000037192 ) ;
#6627 = DIRECTION ( 'NONE',  ( 1.000000000000000000, -0.000000000000000000, 0.000000000000000000 ) ) ;
#6628 = DIRECTION ( 'NONE',  ( -1.000000000000000000, 0.000000000000000000, 0.000000000000000000 ) ) ;
#6629 = FACE_OUTER_BOUND ( 'NONE', #9702, .T. ) ;
#6630 = CARTESIAN_POINT ( 'NONE',  ( 35.23450000000000415, -0.5499999999999918288, -1.686549999999970906 ) ) ;
#6631 = EDGE_CURVE ( 'NONE', #8557, #2150, #6784, .T. ) ;
#6632 = DIRECTION ( 'NONE',  ( 0.000000000000000000, 0.000000000000000000, -1.000000000000000000 ) ) ;
#6633 = CARTESIAN_POINT ( 'NONE',  ( -3.906500000000002526, -0.6953999999999982418, 14.53100000000000058 ) ) ;
#6634 = CARTESIAN_POINT ( 'NONE',  ( 28.38110000000001065, -0.6953999999999963544, -14.53099999999999348 ) ) ;
#6635 = ORIENTED_EDGE ( 'NONE', *, *, #10054, .F. ) ;
#6636 = ORIENTED_EDGE ( 'NONE', *, *, #9289, .T. ) ;
#6637 = ORIENTED_EDGE ( 'NONE', *, *, #9845, .T. ) ;
#6638 = CARTESIAN_POINT ( 'NONE',  ( -17.31882500000000391, -0.6953999999999991299, -14.34399999999999764 ) ) ;
#6639 = VERTEX_POINT ( 'NONE', #299 ) ;
#6640 = DIRECTION ( 'NONE',  ( 1.240959386601371334E-16, -1.000000000000000000, 0.000000000000000000 ) ) ;
#6641 = ORIENTED_EDGE ( 'NONE', *, *, #7639, .F. ) ;
#6642 = VERTEX_POINT ( 'NONE', #2783 ) ;
#6643 = CARTESIAN_POINT ( 'NONE',  ( 21.57792500000000047, -0.7999999999999928280, -14.53099999999999348 ) ) ;
#6644 = CARTESIAN_POINT ( 'NONE',  ( 35.23450000000000415, -0.6953999999999956882, 1.811549999999999994 ) ) ;
#6645 = FACE_BOUND ( 'NONE', #6904, .T. ) ;
#6646 = AXIS2_PLACEMENT_3D ( 'NONE', #3810, #1996, #6829 ) ;
#6647 = CYLINDRICAL_SURFACE ( 'NONE', #6582, 0.1565000000000003610 ) ;
#6648 = CYLINDRICAL_SURFACE ( 'NONE', #7362, 0.2187500000000015821 ) ;
#6649 = VERTEX_POINT ( 'NONE', #3524 ) ;
#6650 = EDGE_CURVE ( 'NONE', #12760, #3492, #12895, .T. ) ;
#6651 = VERTEX_POINT ( 'NONE', #7752 ) ;
#6652 = EDGE_CURVE ( 'NONE', #4289, #4333, #5616, .T. ) ;
#6653 = ORIENTED_EDGE ( 'NONE', *, *, #5393, .F. ) ;
#6655 = VECTOR ( 'NONE', #6147, 39.37007874015748143 ) ;
#6654 = DIRECTION ( 'NONE',  ( -1.000000000000000000, 0.000000000000000000, -0.000000000000000000 ) ) ;
#6656 = ORIENTED_EDGE ( 'NONE', *, *, #11816, .F. ) ;
#6657 = DIRECTION ( 'NONE',  ( 0.000000000000000000, 0.000000000000000000, -1.000000000000000000 ) ) ;
#6658 = VECTOR ( 'NONE', #12296, 39.37007874015748143 ) ;
#6659 = LINE ( 'NONE', #5600, #12746 ) ;
#6660 = CARTESIAN_POINT ( 'NONE',  ( 0.000000000000000000, 0.5954000000000000403, 14.78124999999999822 ) ) ;
#6661 = FACE_OUTER_BOUND ( 'NONE', #12725, .T. ) ;
#6662 = LINE ( 'NONE', #3646, #12491 ) ;
#6663 = LINE ( 'NONE', #3514, #5809 ) ;
#6664 = DIRECTION ( 'NONE',  ( 0.000000000000000000, 0.000000000000000000, -1.000000000000000000 ) ) ;
#6666 = EDGE_LOOP ( 'NONE', ( #3030, #2394, #5147, #2790 ) ) ;
#6665 = CIRCLE ( 'NONE', #12863, 0.1565000000000003610 ) ;
#6667 = EDGE_CURVE ( 'NONE', #8200, #2907, #11696, .T. ) ;
#6668 = EDGE_CURVE ( 'NONE', #8157, #5228, #8077, .T. ) ;
#6669 = ORIENTED_EDGE ( 'NONE', *, *, #9629, .F. ) ;
#6670 = ADVANCED_FACE ( 'NONE', ( #4600 ), #7620, .F. ) ;
#6671 = VERTEX_POINT ( 'NONE', #1571 ) ;
#6672 = DIRECTION ( 'NONE',  ( -4.161428847396411586E-15, 1.000000000000000000, 0.000000000000000000 ) ) ;
#6673 = AXIS2_PLACEMENT_3D ( 'NONE', #6406, #1487, #4523 ) ;
#6674 = DIRECTION ( 'NONE',  ( -5.463695987328555033E-16, 1.000000000000000000, -0.000000000000000000 ) ) ;
#6675 = CARTESIAN_POINT ( 'NONE',  ( -36.02170000000011640, 0.6999999999999995115, -4.330708661417125960 ) ) ;
#6676 = CARTESIAN_POINT ( 'NONE',  ( 26.25002500000000794, -0.7999999999999926059, -14.53099999999998992 ) ) ;
#6677 = FACE_BOUND ( 'NONE', #6831, .T. ) ;
#6678 = EDGE_CURVE ( 'NONE', #11597, #6649, #2518, .T. ) ;
#6679 = CIRCLE ( 'NONE', #7515, 0.1565000000000003610 ) ;
#6680 = CARTESIAN_POINT ( 'NONE',  ( -18.75002500000000794, -0.7999999999999952704, 14.18750000000000178 ) ) ;
#6681 = LINE ( 'NONE', #305, #436 ) ;
#6682 = ORIENTED_EDGE ( 'NONE', *, *, #7280, .T. ) ;
#6683 = CIRCLE ( 'NONE', #2614, 0.1250000000000015266 ) ;
#6684 = ORIENTED_EDGE ( 'NONE', *, *, #11181, .F. ) ;
#6685 = ORIENTED_EDGE ( 'NONE', *, *, #12652, .T. ) ;
#6686 = DIRECTION ( 'NONE',  ( 1.000000000000000000, 0.000000000000000000, 0.000000000000000000 ) ) ;
#6687 = DIRECTION ( 'NONE',  ( -1.000000000000000000, 0.000000000000000000, -0.000000000000000000 ) ) ;
#6688 = EDGE_CURVE ( 'NONE', #8647, #858, #6872, .T. ) ;
#6689 = DIRECTION ( 'NONE',  ( 0.000000000000000000, -1.000000000000000000, -1.332348806898293597E-16 ) ) ;
#6690 = DIRECTION ( 'NONE',  ( 0.000000000000000000, 2.967464690054594744E-16, -1.000000000000000000 ) ) ;
#6691 = FACE_OUTER_BOUND ( 'NONE', #9017, .T. ) ;
#6692 = DIRECTION ( 'NONE',  ( 0.000000000000000000, -1.000000000000000000, -2.967464690054594744E-16 ) ) ;
#6693 = CARTESIAN_POINT ( 'NONE',  ( 7.327925000000007572, -0.5499999999999936051, -14.34399999999999054 ) ) ;
#6694 = AXIS2_PLACEMENT_3D ( 'NONE', #9039, #13105, #7025 ) ;
#6695 = FACE_OUTER_BOUND ( 'NONE', #9785, .T. ) ;
#6696 = ORIENTED_EDGE ( 'NONE', *, *, #12581, .T. ) ;
#6697 = ORIENTED_EDGE ( 'NONE', *, *, #8354, .T. ) ;
#6698 = EDGE_CURVE ( 'NONE', #1386, #10136, #10822, .T. ) ;
#6699 = ORIENTED_EDGE ( 'NONE', *, *, #10328, .T. ) ;
#6700 = FACE_BOUND ( 'NONE', #384, .T. ) ;
#6701 = AXIS2_PLACEMENT_3D ( 'NONE', #7969, #1993, #7028 ) ;
#6702 = ORIENTED_EDGE ( 'NONE', *, *, #5245, .T. ) ;
#6703 = DIRECTION ( 'NONE',  ( 0.000000000000000000, 2.967464690054594744E-16, -1.000000000000000000 ) ) ;
#6704 = ORIENTED_EDGE ( 'NONE', *, *, #13152, .F. ) ;
#6705 = ORIENTED_EDGE ( 'NONE', *, *, #11114, .T. ) ;
#6706 = LINE ( 'NONE', #10789, #6332 ) ;
#6707 = CARTESIAN_POINT ( 'NONE',  ( -17.31882500000001102, -0.7999999999999951594, 14.53100000000000058 ) ) ;
#6708 = DIRECTION ( 'NONE',  ( 1.000000000000000000, 5.337610695313202081E-16, 0.000000000000000000 ) ) ;
#6709 = LINE ( 'NONE', #4702, #11917 ) ;
#6710 = CARTESIAN_POINT ( 'NONE',  ( -35.93750000000000000, 0.5641500000000000403, -14.86415000000000219 ) ) ;
#6711 = VERTEX_POINT ( 'NONE', #4727 ) ;
#6712 = EDGE_CURVE ( 'NONE', #602, #3802, #7656, .T. ) ;
#6713 = VECTOR ( 'NONE', #2992, 39.37007874015748143 ) ;
#6714 = CIRCLE ( 'NONE', #10775, 0.1565000000000003610 ) ;
#6715 = EDGE_CURVE ( 'NONE', #8062, #1645, #5675, .T. ) ;
#6716 = ORIENTED_EDGE ( 'NONE', *, *, #9033, .F. ) ;
#6717 = VERTEX_POINT ( 'NONE', #8823 ) ;
#6718 = CARTESIAN_POINT ( 'NONE',  ( -22.20317500000001232, -0.5895000000000039098, -14.79687500000000000 ) ) ;
#6719 = VERTEX_POINT ( 'NONE', #3594 ) ;
#6720 = VERTEX_POINT ( 'NONE', #7813 ) ;
#6721 = CARTESIAN_POINT ( 'NONE',  ( 35.93750000000000000, -0.7187499999999997780, -15.00000000000000000 ) ) ;
#6722 = CARTESIAN_POINT ( 'NONE',  ( -35.23450000000000415, -0.6954000000000000181, -8.436550000000000438 ) ) ;
#6723 = LINE ( 'NONE', #9126, #7676 ) ;
#6724 = DIRECTION ( 'NONE',  ( 1.000000000000000000, 0.000000000000000000, 0.000000000000000000 ) ) ;
#6725 = DIRECTION ( 'NONE',  ( 1.240959386601371334E-16, -1.000000000000000000, 0.000000000000000000 ) ) ;
#6726 = CARTESIAN_POINT ( 'NONE',  ( -33.63110000000000355, -0.6953999999999999071, 14.31249999999999822 ) ) ;
#6727 = DIRECTION ( 'NONE',  ( -0.000000000000000000, -1.000000000000000000, -1.332348806898293597E-16 ) ) ;
#6728 = VERTEX_POINT ( 'NONE', #4666 ) ;
#6729 = EDGE_CURVE ( 'NONE', #11102, #5414, #3786, .T. ) ;
#6730 = ADVANCED_FACE ( 'NONE', ( #11888 ), #12769, .F. ) ;
#6731 = VERTEX_POINT ( 'NONE', #7688 ) ;
#6732 = ORIENTED_EDGE ( 'NONE', *, *, #12652, .F. ) ;
#6733 = ORIENTED_EDGE ( 'NONE', *, *, #425, .T. ) ;
#6734 = FACE_OUTER_BOUND ( 'NONE', #10280, .T. ) ;
#6735 = CARTESIAN_POINT ( 'NONE',  ( -35.94045000000000556, 0.6187499999999994671, 14.78124999999999822 ) ) ;
#6736 = DIRECTION ( 'NONE',  ( 1.000000000000000000, -0.000000000000000000, -0.000000000000000000 ) ) ;
#6737 = DIRECTION ( 'NONE',  ( -0.000000000000000000, -1.000000000000000000, -1.332348806898293597E-16 ) ) ;
#6738 = AXIS2_PLACEMENT_3D ( 'NONE', #13155, #831, #10092 ) ;
#6739 =( LENGTH_UNIT ( ) NAMED_UNIT ( * ) SI_UNIT ( $, .METRE. ) );
#6740 = DIRECTION ( 'NONE',  ( 0.000000000000000000, 0.000000000000000000, -1.000000000000000000 ) ) ;
#6741 = CIRCLE ( 'NONE', #5678, 0.1250000000000037192 ) ;
#6742 = DIRECTION ( 'NONE',  ( 0.000000000000000000, 0.000000000000000000, -1.000000000000000000 ) ) ;
#6743 = EDGE_CURVE ( 'NONE', #670, #1985, #762, .T. ) ;
#6744 = DIRECTION ( 'NONE',  ( -0.000000000000000000, -0.000000000000000000, 1.000000000000000000 ) ) ;
#6745 = VECTOR ( 'NONE', #7502, 39.37007874015748143 ) ;
#6746 = ORIENTED_EDGE ( 'NONE', *, *, #8505, .T. ) ;
#6747 = EDGE_CURVE ( 'NONE', #6970, #10382, #8761, .T. ) ;
#6748 = AXIS2_PLACEMENT_3D ( 'NONE', #5484, #4598, #12767 ) ;
#6749 = EDGE_CURVE ( 'NONE', #9336, #8480, #8626, .T. ) ;
#6750 = ORIENTED_EDGE ( 'NONE', *, *, #8530, .T. ) ;
#6751 = ORIENTED_EDGE ( 'NONE', *, *, #10097, .F. ) ;
#6752 = DIRECTION ( 'NONE',  ( 0.000000000000000000, 0.000000000000000000, -1.000000000000000000 ) ) ;
#6753 = DIRECTION ( 'NONE',  ( 0.000000000000000000, 0.000000000000000000, 1.000000000000000000 ) ) ;
#6754 = FACE_OUTER_BOUND ( 'NONE', #4569, .T. ) ;
#6755 = DIRECTION ( 'NONE',  ( 0.000000000000000000, -1.000000000000000000, -1.332348806898293597E-16 ) ) ;
#6756 = CARTESIAN_POINT ( 'NONE',  ( -20.96537499999999810, 0.3358499999999960961, 14.79687500000000000 ) ) ;
#6757 = CARTESIAN_POINT ( 'NONE',  ( 28.53760000000000829, -0.6953999999999963544, 14.34400000000000475 ) ) ;
#6758 = VECTOR ( 'NONE', #65, 39.37007874015748143 ) ;
#6759 = AXIS2_PLACEMENT_3D ( 'NONE', #7537, #1551, #2434 ) ;
#6760 = CYLINDRICAL_SURFACE ( 'NONE', #8811, 0.1565000000000003610 ) ;
#6761 = ORIENTED_EDGE ( 'NONE', *, *, #5750, .T. ) ;
#6762 = VERTEX_POINT ( 'NONE', #10700 ) ;
#6763 = EDGE_CURVE ( 'NONE', #517, #12986, #693, .T. ) ;
#6764 = CIRCLE ( 'NONE', #9132, 0.1565000000000003610 ) ;
#6765 = ORIENTED_EDGE ( 'NONE', *, *, #9747, .F. ) ;
#6766 = CARTESIAN_POINT ( 'NONE',  ( -7.640925000000004630, -0.6953999999999985748, -14.34399999999999054 ) ) ;
#6767 = AXIS2_PLACEMENT_3D ( 'NONE', #9470, #2156, #7256 ) ;
#6768 = ORIENTED_EDGE ( 'NONE', *, *, #167, .F. ) ;
#6769 = DIRECTION ( 'NONE',  ( 0.000000000000000000, 0.000000000000000000, 1.000000000000000000 ) ) ;
#6770 = ORIENTED_EDGE ( 'NONE', *, *, #3630, .F. ) ;
#6771 = ORIENTED_EDGE ( 'NONE', *, *, #2162, .F. ) ;
#6772 = CARTESIAN_POINT ( 'NONE',  ( -21.35942499999999455, -0.4299000000000038346, -12.43750000000001066 ) ) ;
#6773 = EDGE_CURVE ( 'NONE', #11915, #10040, #9696, .T. ) ;
#6774 = CARTESIAN_POINT ( 'NONE',  ( -3.593500000000001915, -0.5499999999999943823, 14.34400000000000475 ) ) ;
#6775 = AXIS2_PLACEMENT_3D ( 'NONE', #12832, #1505, #2449 ) ;
#6776 = DIRECTION ( 'NONE',  ( 0.000000000000000000, -1.000000000000000000, -1.332348806898293597E-16 ) ) ;
#6777 = CARTESIAN_POINT ( 'NONE',  ( 17.16232500000000982, -0.6953999999999970205, 14.34400000000000652 ) ) ;
#6778 = ORIENTED_EDGE ( 'NONE', *, *, #3477, .T. ) ;
#6779 = VECTOR ( 'NONE', #9482, 39.37007874015748143 ) ;
#6780 = ORIENTED_EDGE ( 'NONE', *, *, #988, .F. ) ;
#6781 = ORIENTED_EDGE ( 'NONE', *, *, #1841, .T. ) ;
#6782 = CARTESIAN_POINT ( 'NONE',  ( 21.51567499999999100, -0.4299000000000040012, 14.42187500000000178 ) ) ;
#6783 = ORIENTED_EDGE ( 'NONE', *, *, #4749, .F. ) ;
#6784 = CIRCLE ( 'NONE', #1005, 0.1565000000000003610 ) ;
#6785 = VERTEX_POINT ( 'NONE', #8082 ) ;
#6786 = CARTESIAN_POINT ( 'NONE',  ( -26.25002500000000438, -0.5499999999999958256, -14.68749999999999112 ) ) ;
#6787 = DIRECTION ( 'NONE',  ( 0.000000000000000000, 0.000000000000000000, -1.000000000000000000 ) ) ;
#6788 = LINE ( 'NONE', #8873, #2944 ) ;
#6789 = CARTESIAN_POINT ( 'NONE',  ( 11.25002500000000794, -0.7999999999999934941, 14.34400000000000652 ) ) ;
#6790 = LINE ( 'NONE', #13079, #4479 ) ;
#6791 = EDGE_CURVE ( 'NONE', #7708, #2598, #2933, .T. ) ;
#6792 = LINE ( 'NONE', #2506, #11518 ) ;
#6793 = ORIENTED_EDGE ( 'NONE', *, *, #10112, .F. ) ;
#6794 = ORIENTED_EDGE ( 'NONE', *, *, #6833, .T. ) ;
#6795 = ADVANCED_FACE ( 'NONE', ( #8956 ), #7071, .F. ) ;
#6796 = VECTOR ( 'NONE', #2026, 39.37007874015748143 ) ;
#6797 = AXIS2_PLACEMENT_3D ( 'NONE', #12024, #5339, #221 ) ;
#6798 = ORIENTED_EDGE ( 'NONE', *, *, #10795, .F. ) ;
#6799 = ORIENTED_EDGE ( 'NONE', *, *, #82, .F. ) ;
#6800 = CARTESIAN_POINT ( 'NONE',  ( 36.02170000000000272, -0.6340999999999995529, 14.78240000000000087 ) ) ;
#6801 = AXIS2_PLACEMENT_3D ( 'NONE', #3276, #11323, #5305 ) ;
#6802 = DIRECTION ( 'NONE',  ( 0.000000000000000000, 0.000000000000000000, -1.000000000000000000 ) ) ;
#6803 = DIRECTION ( 'NONE',  ( -0.000000000000000000, -1.000000000000000000, -1.332348806898293597E-16 ) ) ;
#6804 = CARTESIAN_POINT ( 'NONE',  ( 32.28760000000001185, -0.5499999999999921618, -14.53099999999997394 ) ) ;
#6805 = VECTOR ( 'NONE', #8191, 39.37007874015748143 ) ;
#6806 = DIRECTION ( 'NONE',  ( 0.000000000000000000, 2.967464690054594744E-16, -1.000000000000000000 ) ) ;
#6807 = CARTESIAN_POINT ( 'NONE',  ( 36.02170000000000272, -0.2096999999999985820, -13.87500000000000000 ) ) ;
#6808 = AXIS2_PLACEMENT_3D ( 'NONE', #11666, #12803, #7525 ) ;
#6809 = DIRECTION ( 'NONE',  ( -0.000000000000000000, -0.000000000000000000, -1.000000000000000000 ) ) ;
#6810 = CARTESIAN_POINT ( 'NONE',  ( -11.40652500000000913, -0.6953999999999987969, 14.34400000000000475 ) ) ;
#6811 = ORIENTED_EDGE ( 'NONE', *, *, #5701, .F. ) ;
#6812 = ADVANCED_FACE ( 'NONE', ( #894 ), #12294, .F. ) ;
#6813 = EDGE_LOOP ( 'NONE', ( #6704, #6405, #12609, #11788 ) ) ;
#6814 = VECTOR ( 'NONE', #12182, 39.37007874015748143 ) ;
#6815 = DIRECTION ( 'NONE',  ( 0.000000000000000000, 0.000000000000000000, -1.000000000000000000 ) ) ;
#6816 = VERTEX_POINT ( 'NONE', #11218 ) ;
#6817 = ADVANCED_FACE ( 'NONE', ( #961, #6074, #7201, #5002, #11150 ), #5069, .F. ) ;
#6818 = VERTEX_POINT ( 'NONE', #4859 ) ;
#6819 = CARTESIAN_POINT ( 'NONE',  ( 22.10942499999999455, -0.4299000000000038346, 2.512596398514597499E-15 ) ) ;
#6820 = LINE ( 'NONE', #7086, #6036 ) ;
#6821 = EDGE_CURVE ( 'NONE', #8785, #12071, #9089, .T. ) ;
#6822 = DIRECTION ( 'NONE',  ( -1.000000000000000000, 0.000000000000000000, 0.000000000000000000 ) ) ;
#6823 = CARTESIAN_POINT ( 'NONE',  ( 3.593499999999997474, -0.7999999999999939382, -14.53099999999998992 ) ) ;
#6824 = LINE ( 'NONE', #9907, #5073 ) ;
#6825 = CARTESIAN_POINT ( 'NONE',  ( 3.906499999999998529, -0.5499999999999939382, -14.34399999999999409 ) ) ;
#6826 = VECTOR ( 'NONE', #11841, 39.37007874015748143 ) ;
#6827 = DIRECTION ( 'NONE',  ( -0.000000000000000000, -1.000000000000000000, -1.332348806898293597E-16 ) ) ;
#6828 = CYLINDRICAL_SURFACE ( 'NONE', #4486, 0.1250000000000015266 ) ;
#6829 = DIRECTION ( 'NONE',  ( 0.000000000000000000, 0.000000000000000000, -1.000000000000000000 ) ) ;
#6830 = EDGE_CURVE ( 'NONE', #11394, #3620, #3365, .T. ) ;
#6831 = EDGE_LOOP ( 'NONE', ( #13113, #4019 ) ) ;
#6832 = EDGE_LOOP ( 'NONE', ( #5709, #7847, #8723, #9419 ) ) ;
#6833 = EDGE_CURVE ( 'NONE', #9947, #9336, #10226, .T. ) ;
#6834 = VECTOR ( 'NONE', #2110, 39.37007874015748143 ) ;
#6835 = ORIENTED_EDGE ( 'NONE', *, *, #6345, .F. ) ;
#6836 = CARTESIAN_POINT ( 'NONE',  ( 36.02170000000000272, -0.7187500000000024425, -13.78219999999999956 ) ) ;
#6837 = EDGE_CURVE ( 'NONE', #6058, #1792, #8149, .T. ) ;
#6838 = ORIENTED_EDGE ( 'NONE', *, *, #9159, .F. ) ;
#6839 = DIRECTION ( 'NONE',  ( 1.000000000000000000, -0.000000000000000000, -0.000000000000000000 ) ) ;
#6840 = ORIENTED_EDGE ( 'NONE', *, *, #8411, .F. ) ;
#6841 = ORIENTED_EDGE ( 'NONE', *, *, #8146, .T. ) ;
#6842 = CARTESIAN_POINT ( 'NONE',  ( -3.750000000000002220, -0.5499999999999943823, 14.53100000000000058 ) ) ;
#6843 = CARTESIAN_POINT ( 'NONE',  ( -20.96537499999999810, 0.4608499999999960961, -14.67187499999999822 ) ) ;
#6844 = CARTESIAN_POINT ( 'NONE',  ( -22.20317500000001232, 0.4608499999999960961, 14.67187500000000000 ) ) ;
#6845 = EDGE_CURVE ( 'NONE', #2929, #8574, #16, .T. ) ;
#6846 = FACE_OUTER_BOUND ( 'NONE', #210, .T. ) ;
#6847 = DIRECTION ( 'NONE',  ( 1.240959386601371334E-16, -1.000000000000000000, -0.000000000000000000 ) ) ;
#6848 = VERTEX_POINT ( 'NONE', #13030 ) ;
#6849 = ORIENTED_EDGE ( 'NONE', *, *, #4892, .F. ) ;
#6850 = VERTEX_POINT ( 'NONE', #3988 ) ;
#6851 = CARTESIAN_POINT ( 'NONE',  ( 7.484424999999999883, -0.6953999999999975756, 14.34400000000001008 ) ) ;
#6852 = ORIENTED_EDGE ( 'NONE', *, *, #6937, .T. ) ;
#6853 = CARTESIAN_POINT ( 'NONE',  ( 35.91710000000000491, -0.2096999999999985820, -5.875000000000000000 ) ) ;
#6854 = VERTEX_POINT ( 'NONE', #4123 ) ;
#6855 = DIRECTION ( 'NONE',  ( 0.000000000000000000, 0.000000000000000000, -1.000000000000000000 ) ) ;
#6856 = CIRCLE ( 'NONE', #2363, 0.1250000000000015266 ) ;
#6857 = EDGE_CURVE ( 'NONE', #3625, #6153, #12161, .T. ) ;
#6858 = DIRECTION ( 'NONE',  ( 0.000000000000000000, -1.000000000000000000, 0.000000000000000000 ) ) ;
#6859 = FACE_OUTER_BOUND ( 'NONE', #248, .T. ) ;
#6860 = CARTESIAN_POINT ( 'NONE',  ( 26.09352500000000674, -0.7999999999999926059, -14.34399999999999586 ) ) ;
#6861 = CARTESIAN_POINT ( 'NONE',  ( 7.640925000000000189, -0.7999999999999999334, 14.34400000000001008 ) ) ;
#6862 = EDGE_LOOP ( 'NONE', ( #5939, #3063, #9691, #6696, #9401 ) ) ;
#6863 = ORIENTED_EDGE ( 'NONE', *, *, #2119, .T. ) ;
#6864 = ORIENTED_EDGE ( 'NONE', *, *, #8305, .F. ) ;
#6865 = EDGE_CURVE ( 'NONE', #7943, #684, #2111, .T. ) ;
#6866 = ORIENTED_EDGE ( 'NONE', *, *, #12371, .T. ) ;
#6867 = EDGE_CURVE ( 'NONE', #8398, #11595, #11079, .T. ) ;
#6868 = CYLINDRICAL_SURFACE ( 'NONE', #826, 0.2187500000000015821 ) ;
#6869 = VECTOR ( 'NONE', #3721, 39.37007874015748143 ) ;
#6870 = DIRECTION ( 'NONE',  ( 0.000000000000000000, -1.000000000000000000, -2.967464690054594744E-16 ) ) ;
#6871 = LINE ( 'NONE', #6004, #7814 ) ;
#6872 = LINE ( 'NONE', #6617, #1641 ) ;
#6873 = DIRECTION ( 'NONE',  ( 0.000000000000000000, 0.000000000000000000, -1.000000000000000000 ) ) ;
#6874 = AXIS2_PLACEMENT_3D ( 'NONE', #5123, #10470, #9277 ) ;
#6875 = DIRECTION ( 'NONE',  ( 0.000000000000000000, -1.000000000000000000, -1.332348806898293597E-16 ) ) ;
#6876 = FACE_OUTER_BOUND ( 'NONE', #5282, .T. ) ;
#6877 = ORIENTED_EDGE ( 'NONE', *, *, #4956, .F. ) ;
#6878 = EDGE_CURVE ( 'NONE', #11021, #10072, #8730, .T. ) ;
#6879 = ORIENTED_EDGE ( 'NONE', *, *, #591, .T. ) ;
#6880 = AXIS2_PLACEMENT_3D ( 'NONE', #5841, #2959, #5039 ) ;
#6881 = CARTESIAN_POINT ( 'NONE',  ( -35.13110000000000355, -0.6954000000000000181, -14.43749999999999822 ) ) ;
#6882 = ORIENTED_EDGE ( 'NONE', *, *, #10908, .F. ) ;
#6883 = VERTEX_POINT ( 'NONE', #10094 ) ;
#6884 = DIRECTION ( 'NONE',  ( -0.000000000000000000, -1.000000000000000000, -1.332348806898293597E-16 ) ) ;
#6885 = LINE ( 'NONE', #10961, #1808 ) ;
#6886 = DIRECTION ( 'NONE',  ( 0.000000000000000000, 0.000000000000000000, -1.000000000000000000 ) ) ;
#6887 = CARTESIAN_POINT ( 'NONE',  ( 21.60942499999999455, -0.6954000000000040149, -14.42187500000001066 ) ) ;
#6888 = DIRECTION ( 'NONE',  ( 0.000000000000000000, 0.000000000000000000, -1.000000000000000000 ) ) ;
#6889 = DIRECTION ( 'NONE',  ( -0.000000000000000000, -1.000000000000000000, -1.332348806898293597E-16 ) ) ;
#6890 = EDGE_CURVE ( 'NONE', #1980, #5117, #2093, .T. ) ;
#6892 = ADVANCED_FACE ( 'NONE', ( #7950 ), #1974, .F. ) ;
#6891 = DIRECTION ( 'NONE',  ( -1.240959386601361473E-16, 1.000000000000000000, 0.000000000000000000 ) ) ;
#6893 = CARTESIAN_POINT ( 'NONE',  ( 35.93750000000000000, -0.8000000000000000444, 14.91875000000000107 ) ) ;
#6894 = VERTEX_POINT ( 'NONE', #6410 ) ;
#6895 = ADVANCED_FACE ( 'NONE', ( #2305 ), #12359, .F. ) ;
#6896 = VERTEX_POINT ( 'NONE', #10422 ) ;
#6897 = VECTOR ( 'NONE', #12706, 39.37007874015748143 ) ;
#6898 = VECTOR ( 'NONE', #6336, 39.37007874015748143 ) ;
#6899 = ORIENTED_EDGE ( 'NONE', *, *, #11703, .T. ) ;
#6900 = FACE_BOUND ( 'NONE', #8264, .T. ) ;
#6901 = VERTEX_POINT ( 'NONE', #3444 ) ;
#6902 = CARTESIAN_POINT ( 'NONE',  ( 21.67192500000000166, 0.7000000000000405898, -13.92187500000001066 ) ) ;
#6903 = LINE ( 'NONE', #860, #3446 ) ;
#6904 = EDGE_LOOP ( 'NONE', ( #3837, #4607 ) ) ;
#6905 = LINE ( 'NONE', #7851, #1182 ) ;
#6906 = DIRECTION ( 'NONE',  ( 0.000000000000000000, -1.000000000000000000, 0.000000000000000000 ) ) ;
#6907 = CARTESIAN_POINT ( 'NONE',  ( 17.00582500000000152, -0.5499999999999931610, -14.34399999999999764 ) ) ;
#6908 = DIRECTION ( 'NONE',  ( -0.000000000000000000, -0.000000000000000000, 1.000000000000000000 ) ) ;
#6909 = VERTEX_POINT ( 'NONE', #5202 ) ;
#6910 = ADVANCED_FACE ( 'NONE', ( #7340 ), #4266, .F. ) ;
#6911 = AXIS2_PLACEMENT_3D ( 'NONE', #696, #1771, #5619 ) ;
#6912 = AXIS2_PLACEMENT_3D ( 'NONE', #9076, #7936, #11810 ) ;
#6913 = VERTEX_POINT ( 'NONE', #1293 ) ;
#6914 = EDGE_CURVE ( 'NONE', #6150, #3244, #1229, .T. ) ;
#6915 = ORIENTED_EDGE ( 'NONE', *, *, #10520, .F. ) ;
#6916 = CARTESIAN_POINT ( 'NONE',  ( 18.75002500000000438, -0.6953999999999969095, -14.68749999999999112 ) ) ;
#6917 = ORIENTED_EDGE ( 'NONE', *, *, #1788, .F. ) ;
#6918 = DIRECTION ( 'NONE',  ( -0.000000000000000000, -1.000000000000000000, -0.000000000000000000 ) ) ;
#6919 = ORIENTED_EDGE ( 'NONE', *, *, #5130, .T. ) ;
#6920 = DIRECTION ( 'NONE',  ( -1.000000000000000000, -0.000000000000000000, -0.000000000000000000 ) ) ;
#6921 = PLANE ( 'NONE',  #4668 ) ;
#6922 = CARTESIAN_POINT ( 'NONE',  ( -21.85942500000000877, -0.6954000000000040149, 14.42187500000000178 ) ) ;
#6923 = AXIS2_PLACEMENT_3D ( 'NONE', #5072, #3123, #834 ) ;
#6924 = LINE ( 'NONE', #11874, #9187 ) ;
#6926 = AXIS2_PLACEMENT_3D ( 'NONE', #8614, #4589, #2371 ) ;
#6925 = DIRECTION ( 'NONE',  ( -0.000000000000000000, -1.000000000000000000, -1.332348806898293597E-16 ) ) ;
#6927 = ORIENTED_EDGE ( 'NONE', *, *, #10768, .F. ) ;
#6928 = ORIENTED_EDGE ( 'NONE', *, *, #2017, .T. ) ;
#6929 = EDGE_CURVE ( 'NONE', #8073, #5276, #9297, .T. ) ;
#6930 = EDGE_LOOP ( 'NONE', ( #10086, #12433, #161, #10785, #12416 ) ) ;
#6931 = VECTOR ( 'NONE', #7314, 39.37007874015748143 ) ;
#6932 = VERTEX_POINT ( 'NONE', #4460 ) ;
#6933 = CARTESIAN_POINT ( 'NONE',  ( 18.90652500000000558, -0.5499999999999929390, -14.34399999999999586 ) ) ;
#6934 = CARTESIAN_POINT ( 'NONE',  ( -32.81496062992125928, 0.7000000000000012879, 3.543307086614173151 ) ) ;
#6935 = CARTESIAN_POINT ( 'NONE',  ( -22.12847500000001588, 0.4608499999999960961, 14.67187500000000000 ) ) ;
#6936 = CARTESIAN_POINT ( 'NONE',  ( 32.13110000000001065, -0.6953999999999961323, -14.53099999999997216 ) ) ;
#6937 = EDGE_CURVE ( 'NONE', #4580, #3252, #12494, .T. ) ;
#6938 = PLANE ( 'NONE',  #9047 ) ;
#6939 = LINE ( 'NONE', #9025, #8638 ) ;
#6940 = AXIS2_PLACEMENT_3D ( 'NONE', #6224, #2932, #2128 ) ;
#6941 = CARTESIAN_POINT ( 'NONE',  ( -35.13110000000000355, -0.6954000000000000181, -14.56250000000000178 ) ) ;
#6942 = ORIENTED_EDGE ( 'NONE', *, *, #12189, .T. ) ;
#6943 = VERTEX_POINT ( 'NONE', #354 ) ;
#6944 = CYLINDRICAL_SURFACE ( 'NONE', #1416, 0.1565000000000003610 ) ;
#6945 = ORIENTED_EDGE ( 'NONE', *, *, #2549, .T. ) ;
#6946 = VECTOR ( 'NONE', #5818, 39.37007874015748143 ) ;
#6947 = ORIENTED_EDGE ( 'NONE', *, *, #3001, .T. ) ;
#6948 = FACE_BOUND ( 'NONE', #7495, .T. ) ;
#6949 = CARTESIAN_POINT ( 'NONE',  ( -21.73442500000000521, -0.4299000000000040012, -14.42187500000001066 ) ) ;
#6950 = CYLINDRICAL_SURFACE ( 'NONE', #2870, 0.1250000000000037192 ) ;
#6951 = VECTOR ( 'NONE', #8372, 39.37007874015748143 ) ;
#6952 = CARTESIAN_POINT ( 'NONE',  ( -35.88585000000000491, -0.6954000000000027937, 13.78219999999999956 ) ) ;
#6953 = FACE_BOUND ( 'NONE', #4991, .T. ) ;
#6954 = CIRCLE ( 'NONE', #10803, 0.1250000000000037192 ) ;
#6955 = LINE ( 'NONE', #5893, #2964 ) ;
#6956 = CARTESIAN_POINT ( 'NONE',  ( -22.09727500000001044, -0.5895000000000039098, -14.79687500000000000 ) ) ;
#6957 = EDGE_CURVE ( 'NONE', #163, #303, #12365, .T. ) ;
#6958 = ADVANCED_FACE ( 'NONE', ( #8553 ), #3186, .F. ) ;
#6959 = CARTESIAN_POINT ( 'NONE',  ( -18.90652500000000558, -0.5499999999999952704, -14.34399999999999586 ) ) ;
#6960 = ORIENTED_EDGE ( 'NONE', *, *, #7665, .T. ) ;
#6961 = CIRCLE ( 'NONE', #1174, 0.1565000000000003610 ) ;
#6962 = EDGE_LOOP ( 'NONE', ( #1044, #9499, #720, #1334, #11623 ) ) ;
#6963 = PRODUCT_RELATED_PRODUCT_CATEGORY ( 'part', '', ( #7120 ) ) ;
#6964 = EDGE_CURVE ( 'NONE', #2659, #1730, #2728, .T. ) ;
#6965 = AXIS2_PLACEMENT_3D ( 'NONE', #6239, #12126, #6175 ) ;
#6966 = FACE_BOUND ( 'NONE', #7695, .T. ) ;
#6967 = ORIENTED_EDGE ( 'NONE', *, *, #5867, .T. ) ;
#6968 = FACE_OUTER_BOUND ( 'NONE', #8915, .T. ) ;
#6969 = VERTEX_POINT ( 'NONE', #12425 ) ;
#6970 = VERTEX_POINT ( 'NONE', #10358 ) ;
#6971 = DIRECTION ( 'NONE',  ( -1.000000000000000000, 0.000000000000000000, 0.000000000000000000 ) ) ;
#6973 = CIRCLE ( 'NONE', #4620, 0.1059000000000017289 ) ;
#6972 = DIRECTION ( 'NONE',  ( 0.000000000000000000, 0.000000000000000000, 1.000000000000000000 ) ) ;
#6974 = LINE ( 'NONE', #8454, #4667 ) ;
#6975 = DIRECTION ( 'NONE',  ( 0.000000000000000000, -1.000000000000000000, -1.332348806898293597E-16 ) ) ;
#6976 = DIRECTION ( 'NONE',  ( -0.000000000000000000, 0.000000000000000000, 1.000000000000000000 ) ) ;
#6977 = DIRECTION ( 'NONE',  ( 0.000000000000000000, 0.000000000000000000, -1.000000000000000000 ) ) ;
#6978 = ORIENTED_EDGE ( 'NONE', *, *, #9446, .T. ) ;
#6979 = VECTOR ( 'NONE', #12058, 39.37007874015748143 ) ;
#6980 = CIRCLE ( 'NONE', #8699, 0.1250000000000037192 ) ;
#6981 = EDGE_LOOP ( 'NONE', ( #8091, #12004 ) ) ;
#6982 = EDGE_LOOP ( 'NONE', ( #2266, #10493, #1500, #6798, #815 ) ) ;
#6983 = DIRECTION ( 'NONE',  ( 0.000000000000000000, -1.000000000000000000, -2.967464690054594744E-16 ) ) ;
#6984 = ORIENTED_EDGE ( 'NONE', *, *, #1169, .T. ) ;
#6985 = VECTOR ( 'NONE', #100, 39.37007874015748143 ) ;
#6986 = LINE ( 'NONE', #1954, #7087 ) ;
#6987 = EDGE_LOOP ( 'NONE', ( #9656, #8913, #4082, #8799 ) ) ;
#6988 = CARTESIAN_POINT ( 'NONE',  ( 21.89092499999999930, -0.5499999999999928280, -14.53099999999999348 ) ) ;
#6989 = EDGE_CURVE ( 'NONE', #12636, #105, #12629, .T. ) ;
#6990 = DIRECTION ( 'NONE',  ( 0.000000000000000000, 0.000000000000000000, 1.000000000000000000 ) ) ;
#6991 = FACE_OUTER_BOUND ( 'NONE', #3713, .T. ) ;
#6992 = CARTESIAN_POINT ( 'NONE',  ( -36.02170000000000272, 0.6999999999999995115, -13.78219999999999956 ) ) ;
#6993 = AXIS2_PLACEMENT_3D ( 'NONE', #8481, #5596, #10417 ) ;
#6994 = DIRECTION ( 'NONE',  ( -1.000000000000000000, 0.000000000000000000, 0.000000000000000000 ) ) ;
#6995 = ORIENTED_EDGE ( 'NONE', *, *, #2405, .F. ) ;
#6996 = ADVANCED_FACE ( 'NONE', ( #11352 ), #8293, .F. ) ;
#6997 = EDGE_LOOP ( 'NONE', ( #12794, #12812, #11934, #4769 ) ) ;
#6998 = ORIENTED_EDGE ( 'NONE', *, *, #11519, .T. ) ;
#6999 = ADVANCED_FACE ( 'NONE', ( #8486 ), #7475, .F. ) ;
#7000 = VECTOR ( 'NONE', #10949, 39.37007874015748143 ) ;
#7001 = ORIENTED_EDGE ( 'NONE', *, *, #9320, .T. ) ;
#7002 = DIRECTION ( 'NONE',  ( 0.000000000000000000, -1.000000000000000000, 0.000000000000000000 ) ) ;
#7003 = FACE_OUTER_BOUND ( 'NONE', #11503, .T. ) ;
#7004 = DIRECTION ( 'NONE',  ( 0.000000000000000000, -1.000000000000000000, -1.332348806898293597E-16 ) ) ;
#7005 = DIRECTION ( 'NONE',  ( -0.000000000000000000, -2.967464690054594744E-16, 1.000000000000000000 ) ) ;
#7006 = DIRECTION ( 'NONE',  ( -1.000000000000000000, 0.000000000000000000, 0.000000000000000000 ) ) ;
#7007 = EDGE_CURVE ( 'NONE', #137, #1284, #7227, .T. ) ;
#7008 = DIRECTION ( 'NONE',  ( -0.000000000000000000, -1.000000000000000000, -1.332348806898293597E-16 ) ) ;
#7009 = AXIS2_PLACEMENT_3D ( 'NONE', #1678, #6776, #7855 ) ;
#7010 = AXIS2_PLACEMENT_3D ( 'NONE', #1427, #3579, #8805 ) ;
#7011 = DIRECTION ( 'NONE',  ( -0.000000000000000000, -1.000000000000000000, -1.332348806898293597E-16 ) ) ;
#7012 = ADVANCED_FACE ( 'NONE', ( #9362 ), #11615, .F. ) ;
#7013 = ORIENTED_EDGE ( 'NONE', *, *, #4651, .T. ) ;
#7014 = EDGE_LOOP ( 'NONE', ( #656, #12796, #1299, #3207 ) ) ;
#7015 = AXIS2_PLACEMENT_3D ( 'NONE', #5981, #9197, #13127 ) ;
#7016 = CARTESIAN_POINT ( 'NONE',  ( 35.93750000000000000, 0.5954000000000035930, -14.78124999999999822 ) ) ;
#7017 = ORIENTED_EDGE ( 'NONE', *, *, #12202, .F. ) ;
#7018 = AXIS2_PLACEMENT_3D ( 'NONE', #3827, #2755, #9927 ) ;
#7019 = AXIS2_PLACEMENT_3D ( 'NONE', #10221, #10080, #12211 ) ;
#7020 = ORIENTED_EDGE ( 'NONE', *, *, #9289, .F. ) ;
#7021 = DIRECTION ( 'NONE',  ( -0.000000000000000000, -1.000000000000000000, -1.332348806898293597E-16 ) ) ;
#7022 = LINE ( 'NONE', #8235, #7601 ) ;
#7023 = FACE_OUTER_BOUND ( 'NONE', #10414, .T. ) ;
#7024 = CARTESIAN_POINT ( 'NONE',  ( -11.25002500000000794, -0.5499999999999948264, 14.34400000000000652 ) ) ;
#7025 = DIRECTION ( 'NONE',  ( 1.000000000000000000, 5.463695987328555033E-16, 0.000000000000000000 ) ) ;
#7026 = CARTESIAN_POINT ( 'NONE',  ( 21.57792500000000757, -0.6953999999999967985, 14.53100000000000058 ) ) ;
#7027 = EDGE_CURVE ( 'NONE', #1209, #9627, #3248, .T. ) ;
#7028 = DIRECTION ( 'NONE',  ( 0.000000000000000000, 0.000000000000000000, -1.000000000000000000 ) ) ;
#7029 = VERTEX_POINT ( 'NONE', #9876 ) ;
#7030 = DIRECTION ( 'NONE',  ( -0.000000000000000000, -1.000000000000000000, -1.332348806898293597E-16 ) ) ;
#7031 = ORIENTED_EDGE ( 'NONE', *, *, #4638, .F. ) ;
#7033 = ORIENTED_EDGE ( 'NONE', *, *, #5457, .F. ) ;
#7032 = VECTOR ( 'NONE', #12996, 39.37007874015748143 ) ;
#7034 = VECTOR ( 'NONE', #12946, 39.37007874015748143 ) ;
#7035 = CARTESIAN_POINT ( 'NONE',  ( 26.25002500000000794, -0.7999999999999926059, 14.34400000000000119 ) ) ;
#7036 = EDGE_CURVE ( 'NONE', #9255, #11248, #1015, .T. ) ;
#7037 = EDGE_LOOP ( 'NONE', ( #11144, #1644 ) ) ;
#7038 = VECTOR ( 'NONE', #10516, 39.37007874015748143 ) ;
#7039 = FACE_OUTER_BOUND ( 'NONE', #4436, .T. ) ;
#7040 = DIRECTION ( 'NONE',  ( 1.000000000000000000, 0.000000000000000000, 0.000000000000000000 ) ) ;
#7041 = ORIENTED_EDGE ( 'NONE', *, *, #3794, .T. ) ;
#7042 = CARTESIAN_POINT ( 'NONE',  ( 21.34037499999998388, 0.4608499999999960961, -14.67187499999999822 ) ) ;
#7043 = DIRECTION ( 'NONE',  ( 1.240959386601371334E-16, -1.000000000000000000, -0.000000000000000000 ) ) ;
#7044 = FACE_OUTER_BOUND ( 'NONE', #9934, .T. ) ;
#7045 = DIRECTION ( 'NONE',  ( -0.000000000000000000, -1.000000000000000000, -1.332348806898293597E-16 ) ) ;
#7046 = CARTESIAN_POINT ( 'NONE',  ( 21.73442499999999455, 0.7000000000000405898, -14.42187500000001066 ) ) ;
#7047 = AXIS2_PLACEMENT_3D ( 'NONE', #5611, #6544, #4597 ) ;
#7048 = LINE ( 'NONE', #11997, #9795 ) ;
#7049 = LINE ( 'NONE', #11127, #4796 ) ;
#7050 = ORIENTED_EDGE ( 'NONE', *, *, #12792, .T. ) ;
#7051 = EDGE_CURVE ( 'NONE', #3981, #5549, #12142, .T. ) ;
#7052 = ORIENTED_EDGE ( 'NONE', *, *, #13138, .F. ) ;
#7053 = ORIENTED_EDGE ( 'NONE', *, *, #2427, .T. ) ;
#7054 = DIRECTION ( 'NONE',  ( -0.000000000000000000, -1.000000000000000000, -1.332348806898293597E-16 ) ) ;
#7055 = VERTEX_POINT ( 'NONE', #9682 ) ;
#7056 = CARTESIAN_POINT ( 'NONE',  ( 22.47227499999999978, 0.3358499999999960961, 14.67187500000000000 ) ) ;
#7057 = ORIENTED_EDGE ( 'NONE', *, *, #12421, .T. ) ;
#7058 = CYLINDRICAL_SURFACE ( 'NONE', #2821, 0.1250000000000037192 ) ;
#7059 = DIRECTION ( 'NONE',  ( 0.000000000000000000, 0.000000000000000000, -1.000000000000000000 ) ) ;
#7060 = FACE_BOUND ( 'NONE', #5767, .T. ) ;
#7061 = CARTESIAN_POINT ( 'NONE',  ( 21.57792500000000047, -0.5499999999999928280, -14.53099999999999348 ) ) ;
#7062 = ORIENTED_EDGE ( 'NONE', *, *, #587, .T. ) ;
#7063 = EDGE_CURVE ( 'NONE', #4890, #9238, #10689, .T. ) ;
#7064 = ORIENTED_EDGE ( 'NONE', *, *, #12897, .T. ) ;
#7065 = EDGE_CURVE ( 'NONE', #6031, #8046, #10806, .T. ) ;
#7066 = ORIENTED_EDGE ( 'NONE', *, *, #2962, .F. ) ;
#7067 = VERTEX_POINT ( 'NONE', #3512 ) ;
#7068 = LINE ( 'NONE', #7337, #7108 ) ;
#7069 = PLANE ( 'NONE',  #9751 ) ;
#7070 = FACE_OUTER_BOUND ( 'NONE', #69, .T. ) ;
#7071 = CYLINDRICAL_SURFACE ( 'NONE', #5723, 0.1250000000000015266 ) ;
#7072 = CARTESIAN_POINT ( 'NONE',  ( 26.25002500000000794, -0.5499999999999926059, 14.53099999999999703 ) ) ;
#7073 = CARTESIAN_POINT ( 'NONE',  ( 28.38110000000001065, -0.5499999999999923839, 14.34400000000000652 ) ) ;
#7074 = LINE ( 'NONE', #3567, #11836 ) ;
#7075 = ADVANCED_FACE ( 'NONE', ( #3773 ), #5728, .T. ) ;
#7077 = AXIS2_PLACEMENT_3D ( 'NONE', #3599, #12836, #8695 ) ;
#7076 = LINE ( 'NONE', #8892, #1514 ) ;
#7078 = ORIENTED_EDGE ( 'NONE', *, *, #5413, .F. ) ;
#7079 = ORIENTED_EDGE ( 'NONE', *, *, #568, .F. ) ;
#7080 = CARTESIAN_POINT ( 'NONE',  ( 11.09352500000000852, -0.7999999999999934941, 14.53100000000000058 ) ) ;
#7081 = VERTEX_POINT ( 'NONE', #5602 ) ;
#7082 = CARTESIAN_POINT ( 'NONE',  ( 35.91710000000000491, -0.2096999999999985820, 5.875000000000000000 ) ) ;
#7084 = EDGE_LOOP ( 'NONE', ( #12113, #5165, #5166, #291 ) ) ;
#7083 = EDGE_CURVE ( 'NONE', #11358, #118, #8949, .T. ) ;
#7085 = CARTESIAN_POINT ( 'NONE',  ( 22.10942500000000166, -0.4299000000000038346, 12.43750000000000178 ) ) ;
#7086 = CARTESIAN_POINT ( 'NONE',  ( -18.90652500000000558, -0.7999999999999952704, -14.34399999999999586 ) ) ;
#7087 = VECTOR ( 'NONE', #1888, 39.37007874015748143 ) ;
#7088 = CARTESIAN_POINT ( 'NONE',  ( 22.17192499999999455, -0.6954000000000040149, 13.92187500000000178 ) ) ;
#7089 = LINE ( 'NONE', #11171, #12119 ) ;
#7090 = FACE_BOUND ( 'NONE', #3036, .T. ) ;
#7091 = CIRCLE ( 'NONE', #4952, 0.1565000000000003610 ) ;
#7092 = DIRECTION ( 'NONE',  ( 0.000000000000000000, -1.000000000000000000, -1.332348806898293597E-16 ) ) ;
#7093 = DIRECTION ( 'NONE',  ( 0.000000000000000000, 0.000000000000000000, -1.000000000000000000 ) ) ;
#7094 = CARTESIAN_POINT ( 'NONE',  ( 21.98442500000000166, -0.4299000000000038346, -12.43750000000001066 ) ) ;
#7095 = ORIENTED_EDGE ( 'NONE', *, *, #4379, .F. ) ;
#7096 = AXIS2_PLACEMENT_3D ( 'NONE', #8334, #9268, #12399 ) ;
#7097 = AXIS2_PLACEMENT_3D ( 'NONE', #7419, #9240, #4278 ) ;
#7098 = EDGE_CURVE ( 'NONE', #8365, #5977, #5790, .T. ) ;
#7099 = DIRECTION ( 'NONE',  ( -0.000000000000000000, 1.000000000000000000, -0.000000000000000000 ) ) ;
#7100 = AXIS2_PLACEMENT_3D ( 'NONE', #3734, #1853, #5958 ) ;
#7101 = VERTEX_POINT ( 'NONE', #9745 ) ;
#7102 = LINE ( 'NONE', #249, #3762 ) ;
#7103 = ORIENTED_EDGE ( 'NONE', *, *, #4591, .F. ) ;
#7104 = ORIENTED_EDGE ( 'NONE', *, *, #3500, .T. ) ;
#7105 = PLANE ( 'NONE',  #3539 ) ;
#7106 = CARTESIAN_POINT ( 'NONE',  ( -35.93750000000000000, 0.5954000000000000403, 14.86415000000000219 ) ) ;
#7107 = CARTESIAN_POINT ( 'NONE',  ( 21.92192499999999811, -0.6954000000000040149, -13.92187500000001066 ) ) ;
#7108 = VECTOR ( 'NONE', #4188, 39.37007874015748143 ) ;
#7109 = CARTESIAN_POINT ( 'NONE',  ( 21.85942499999999811, -0.4299000000000040012, -14.42187500000001066 ) ) ;
#7110 = DIRECTION ( 'NONE',  ( 1.240959386601371334E-16, -1.000000000000000000, 0.000000000000000000 ) ) ;
#7111 = ADVANCED_FACE ( 'NONE', ( #8744 ), #546, .F. ) ;
#7112 = CARTESIAN_POINT ( 'NONE',  ( 35.13110000000000355, -0.6953999999999957993, 14.31249999999999822 ) ) ;
#7113 = CARTESIAN_POINT ( 'NONE',  ( -21.57792500000000757, -0.7999999999999953815, 14.53100000000000058 ) ) ;
#7114 = ORIENTED_EDGE ( 'NONE', *, *, #6890, .F. ) ;
#7115 = EDGE_CURVE ( 'NONE', #2625, #11294, #1623, .T. ) ;
#7116 = EDGE_LOOP ( 'NONE', ( #8355, #5381, #9526, #427 ) ) ;
#7117 = EDGE_LOOP ( 'NONE', ( #5834, #3944, #6716, #10127 ) ) ;
#7118 = FACE_OUTER_BOUND ( 'NONE', #8543, .T. ) ;
#7119 = EDGE_LOOP ( 'NONE', ( #9283, #10598, #6576, #13147, #1106 ) ) ;
#7120 = PRODUCT ( '9054T115_Steel Workbench Top', '9054T115_Steel Workbench Top', '', ( #5558 ) ) ;
#7121 = CARTESIAN_POINT ( 'NONE',  ( 21.89067500000000166, -0.6207000000000038042, -12.43750000000001066 ) ) ;
#7122 = ORIENTED_EDGE ( 'NONE', *, *, #7380, .F. ) ;
#7123 = LINE ( 'NONE', #4987, #11605 ) ;
#7124 = CARTESIAN_POINT ( 'NONE',  ( -21.48442500000000521, -0.6954000000000041259, 2.527904483503939786E-15 ) ) ;
#7125 = DIRECTION ( 'NONE',  ( 1.000000000000000000, 0.000000000000000000, 0.000000000000000000 ) ) ;
#7126 = CARTESIAN_POINT ( 'NONE',  ( -26.40652500000000913, -0.6953999999999994630, 13.97959999999999603 ) ) ;
#7127 = VERTEX_POINT ( 'NONE', #7736 ) ;
#7128 = VECTOR ( 'NONE', #7219, 39.37007874015748143 ) ;
#7129 = EDGE_CURVE ( 'NONE', #10944, #11023, #1223, .T. ) ;
#7130 = ORIENTED_EDGE ( 'NONE', *, *, #1175, .F. ) ;
#7131 = ORIENTED_EDGE ( 'NONE', *, *, #2594, .T. ) ;
#7132 = AXIS2_PLACEMENT_3D ( 'NONE', #850, #1117, #5964 ) ;
#7133 = CARTESIAN_POINT ( 'NONE',  ( -21.14067499999999811, -0.4299000000000038346, 12.43750000000000178 ) ) ;
#7134 = AXIS2_PLACEMENT_3D ( 'NONE', #799, #6975, #4902 ) ;
#7135 = FACE_OUTER_BOUND ( 'NONE', #2285, .T. ) ;
#7136 = CARTESIAN_POINT ( 'NONE',  ( -35.93750000000000000, -0.8000000000000000444, -15.00000000000000000 ) ) ;
#7137 = DIRECTION ( 'NONE',  ( 1.240959386601371334E-16, -1.000000000000000000, 0.000000000000000000 ) ) ;
#7138 = CARTESIAN_POINT ( 'NONE',  ( 22.57817500000000166, 0.4608499999999960961, 14.79687500000000000 ) ) ;
#7139 = LINE ( 'NONE', #3310, #227 ) ;
#7140 = DIRECTION ( 'NONE',  ( 0.000000000000000000, 0.000000000000000000, -1.000000000000000000 ) ) ;
#7141 = DIRECTION ( 'NONE',  ( 0.000000000000000000, 0.000000000000000000, -1.000000000000000000 ) ) ;
#7142 = ORIENTED_EDGE ( 'NONE', *, *, #9513, .F. ) ;
#7143 = VECTOR ( 'NONE', #6008, 39.37007874015748143 ) ;
#7144 = EDGE_LOOP ( 'NONE', ( #11729, #11160, #2979, #9592 ) ) ;
#7145 = ORIENTED_EDGE ( 'NONE', *, *, #4239, .F. ) ;
#7146 = VERTEX_POINT ( 'NONE', #4776 ) ;
#7147 = DIRECTION ( 'NONE',  ( -1.240959386601361473E-16, 1.000000000000000000, 0.000000000000000000 ) ) ;
#7148 = ORIENTED_EDGE ( 'NONE', *, *, #7063, .T. ) ;
#7149 = DIRECTION ( 'NONE',  ( -0.000000000000000000, -1.000000000000000000, -0.000000000000000000 ) ) ;
#7150 = DIRECTION ( 'NONE',  ( 0.000000000000000000, 0.000000000000000000, 1.000000000000000000 ) ) ;
#7151 = LINE ( 'NONE', #6158, #5244 ) ;
#7152 = AXIS2_PLACEMENT_3D ( 'NONE', #3256, #11362, #7352 ) ;
#7153 = EDGE_CURVE ( 'NONE', #10722, #7345, #6788, .T. ) ;
#7154 = CYLINDRICAL_SURFACE ( 'NONE', #3351, 0.1250000000000026368 ) ;
#7155 = FACE_OUTER_BOUND ( 'NONE', #10240, .T. ) ;
#7156 = CARTESIAN_POINT ( 'NONE',  ( 21.85942499999999100, -0.6954000000000040149, 14.42187500000000178 ) ) ;
#7157 = CARTESIAN_POINT ( 'NONE',  ( -32.13110000000000355, -0.7999999999999961586, -14.53099999999999348 ) ) ;
#7158 = EDGE_LOOP ( 'NONE', ( #2840, #6384, #10896, #10406, #12013 ) ) ;
#7159 = CARTESIAN_POINT ( 'NONE',  ( -7.327925000000003131, -0.7999999999999946043, -14.34399999999999054 ) ) ;
#7160 = EDGE_CURVE ( 'NONE', #10780, #2016, #7870, .T. ) ;
#7161 = ORIENTED_EDGE ( 'NONE', *, *, #4286, .T. ) ;
#7162 = ADVANCED_FACE ( 'NONE', ( #2503 ), #2771, .T. ) ;
#7163 = ORIENTED_EDGE ( 'NONE', *, *, #554, .F. ) ;
#7164 = ORIENTED_EDGE ( 'NONE', *, *, #1271, .T. ) ;
#7165 = AXIS2_PLACEMENT_3D ( 'NONE', #7072, #2536, #8706 ) ;
#7166 = FACE_OUTER_BOUND ( 'NONE', #4319, .T. ) ;
#7167 = FACE_OUTER_BOUND ( 'NONE', #12748, .T. ) ;
#7168 = ORIENTED_EDGE ( 'NONE', *, *, #6033, .F. ) ;
#7169 = CARTESIAN_POINT ( 'NONE',  ( -11.40652500000000913, -0.6953999999999986859, 13.97959999999999958 ) ) ;
#7170 = DIRECTION ( 'NONE',  ( 1.240959386601371334E-16, -1.000000000000000000, -0.000000000000000000 ) ) ;
#7171 = CARTESIAN_POINT ( 'NONE',  ( -21.54692500000000521, 0.7000000000000405898, 13.92187500000000178 ) ) ;
#7172 = CARTESIAN_POINT ( 'NONE',  ( 21.73442500000000877, -0.5499999999999928280, 14.34400000000000652 ) ) ;
#7173 = DIRECTION ( 'NONE',  ( 0.000000000000000000, 0.000000000000000000, -1.000000000000000000 ) ) ;
#7174 = AXIS2_PLACEMENT_3D ( 'NONE', #9088, #5942, #1906 ) ;
#7175 = VECTOR ( 'NONE', #7434, 39.37007874015748143 ) ;
#7176 = FACE_OUTER_BOUND ( 'NONE', #440, .T. ) ;
#7177 = FACE_OUTER_BOUND ( 'NONE', #5628, .T. ) ;
#7178 = ORIENTED_EDGE ( 'NONE', *, *, #9484, .T. ) ;
#7179 = ADVANCED_FACE ( 'NONE', ( #420 ), #11809, .F. ) ;
#7180 = AXIS2_PLACEMENT_3D ( 'NONE', #10517, #10452, #1261 ) ;
#7181 = ORIENTED_EDGE ( 'NONE', *, *, #4398, .T. ) ;
#7182 = EDGE_CURVE ( 'NONE', #684, #8999, #7446, .T. ) ;
#7183 = AXIS2_PLACEMENT_3D ( 'NONE', #10310, #7214, #9310 ) ;
#7184 = ORIENTED_EDGE ( 'NONE', *, *, #11553, .T. ) ;
#7185 = DIRECTION ( 'NONE',  ( 0.000000000000000000, 0.000000000000000000, -1.000000000000000000 ) ) ;
#7186 = VERTEX_POINT ( 'NONE', #11753 ) ;
#7187 = DIRECTION ( 'NONE',  ( -1.000000000000000000, 0.000000000000000000, 0.000000000000000000 ) ) ;
#7188 = ORIENTED_EDGE ( 'NONE', *, *, #8230, .F. ) ;
#7189 = DIRECTION ( 'NONE',  ( 1.000000000000000000, 0.000000000000000000, 0.000000000000000000 ) ) ;
#7190 = DIRECTION ( 'NONE',  ( 0.000000000000000000, 0.000000000000000000, -1.000000000000000000 ) ) ;
#7191 = LINE ( 'NONE', #2224, #11621 ) ;
#7192 = PLANE ( 'NONE',  #10007 ) ;
#7193 = ORIENTED_EDGE ( 'NONE', *, *, #9446, .F. ) ;
#7194 = VECTOR ( 'NONE', #1905, 39.37007874015748143 ) ;
#7195 = VERTEX_POINT ( 'NONE', #2572 ) ;
#7196 = EDGE_LOOP ( 'NONE', ( #9166, #2609 ) ) ;
#7197 = LINE ( 'NONE', #5137, #3042 ) ;
#7198 = ADVANCED_FACE ( 'NONE', ( #6661 ), #1754, .F. ) ;
#7199 = DIRECTION ( 'NONE',  ( 0.000000000000000000, 0.000000000000000000, 1.000000000000000000 ) ) ;
#7200 = CARTESIAN_POINT ( 'NONE',  ( -7.640925000000004630, -0.5499999999999946043, -14.34399999999999054 ) ) ;
#7201 = FACE_BOUND ( 'NONE', #2892, .T. ) ;
#7202 = FACE_BOUND ( 'NONE', #10752, .T. ) ;
#7203 = CARTESIAN_POINT ( 'NONE',  ( 35.93750000000000000, 0.5954000000000337911, -14.86415000000000219 ) ) ;
#7204 = DIRECTION ( 'NONE',  ( -1.000000000000000000, 0.000000000000000000, 0.000000000000000000 ) ) ;
#7205 = AXIS2_PLACEMENT_3D ( 'NONE', #3326, #9505, #7358 ) ;
#7206 = CARTESIAN_POINT ( 'NONE',  ( -18.90652500000000913, -0.6953999999999992410, 14.53099999999999703 ) ) ;
#7207 = VERTEX_POINT ( 'NONE', #9075 ) ;
#7208 = AXIS2_PLACEMENT_3D ( 'NONE', #6851, #5851, #2693 ) ;
#7209 = ORIENTED_EDGE ( 'NONE', *, *, #1094, .T. ) ;
#7210 = VERTEX_POINT ( 'NONE', #7124 ) ;
#7211 = ORIENTED_EDGE ( 'NONE', *, *, #6328, .F. ) ;
#7212 = DIRECTION ( 'NONE',  ( 1.000000000000000000, -0.000000000000000000, 0.000000000000000000 ) ) ;
#7213 = ORIENTED_EDGE ( 'NONE', *, *, #9609, .T. ) ;
#7214 = DIRECTION ( 'NONE',  ( -1.240959386601361473E-16, 1.000000000000000000, 0.000000000000000000 ) ) ;
#7215 = CARTESIAN_POINT ( 'NONE',  ( 11.40652500000000025, -0.6954000000000000181, -14.34399999999999764 ) ) ;
#7216 = DIRECTION ( 'NONE',  ( 0.000000000000000000, 0.000000000000000000, -1.000000000000000000 ) ) ;
#7217 = AXIS2_PLACEMENT_3D ( 'NONE', #7329, #9477, #6260 ) ;
#7218 = DIRECTION ( 'NONE',  ( 0.000000000000000000, -1.000000000000000000, -2.967464690054594744E-16 ) ) ;
#7219 = DIRECTION ( 'NONE',  ( -0.000000000000000000, -1.000000000000000000, -1.332348806898293597E-16 ) ) ;
#7220 = DIRECTION ( 'NONE',  ( -5.463695987328555033E-16, 1.000000000000000000, -0.000000000000000000 ) ) ;
#7221 = ORIENTED_EDGE ( 'NONE', *, *, #839, .F. ) ;
#7222 = DIRECTION ( 'NONE',  ( 1.000000000000000000, 0.000000000000000000, 0.000000000000000000 ) ) ;
#7223 = EDGE_LOOP ( 'NONE', ( #8812, #6491, #6751, #828 ) ) ;
#7224 = ADVANCED_FACE ( 'NONE', ( #1892 ), #13013, .F. ) ;
#7225 = AXIS2_PLACEMENT_3D ( 'NONE', #12983, #3809, #8033 ) ;
#7226 = VECTOR ( 'NONE', #13262, 39.37007874015748143 ) ;
#7227 = CIRCLE ( 'NONE', #1877, 0.1565000000000003610 ) ;
#7228 = EDGE_CURVE ( 'NONE', #8477, #5361, #11205, .T. ) ;
#7229 = EDGE_CURVE ( 'NONE', #7714, #12300, #2024, .T. ) ;
#7230 = ORIENTED_EDGE ( 'NONE', *, *, #10641, .F. ) ;
#7231 = VERTEX_POINT ( 'NONE', #2974 ) ;
#7232 = DIRECTION ( 'NONE',  ( -0.000000000000000000, -1.000000000000000000, -1.332348806898293597E-16 ) ) ;
#7233 = DIRECTION ( 'NONE',  ( 0.000000000000000000, -0.000000000000000000, -1.000000000000000000 ) ) ;
#7234 = ORIENTED_EDGE ( 'NONE', *, *, #12338, .T. ) ;
#7235 = CARTESIAN_POINT ( 'NONE',  ( -18.59352500000000319, -0.5499999999999952704, -14.53099999999999170 ) ) ;
#7236 = CARTESIAN_POINT ( 'NONE',  ( 21.95317499999999811, -0.4299000000000040012, -14.42187500000001066 ) ) ;
#7237 = PLANE ( 'NONE',  #6801 ) ;
#7239 = EDGE_CURVE ( 'NONE', #12851, #12762, #11930, .T. ) ;
#7238 = AXIS2_PLACEMENT_3D ( 'NONE', #8519, #8389, #4159 ) ;
#7240 = DIRECTION ( 'NONE',  ( 1.000000000000000000, -0.000000000000000000, 0.000000000000000000 ) ) ;
#7241 = SURFACE_STYLE_USAGE ( .BOTH. , #3023 ) ;
#7242 = VECTOR ( 'NONE', #714, 39.37007874015748143 ) ;
#7243 = AXIS2_PLACEMENT_3D ( 'NONE', #12476, #11466, #1279 ) ;
#7244 = DIRECTION ( 'NONE',  ( 1.000000000000000000, -0.000000000000000000, 0.000000000000000000 ) ) ;
#7245 = CARTESIAN_POINT ( 'NONE',  ( 17.31882500000001102, -0.7999999999999931610, 14.53100000000000058 ) ) ;
#7246 = ORIENTED_EDGE ( 'NONE', *, *, #5719, .F. ) ;
#7247 = EDGE_CURVE ( 'NONE', #8394, #4118, #2313, .T. ) ;
#7248 = VECTOR ( 'NONE', #8719, 39.37007874015748143 ) ;
#7249 = EDGE_CURVE ( 'NONE', #159, #1486, #9805, .T. ) ;
#7250 = ADVANCED_FACE ( 'NONE', ( #6060 ), #9008, .F. ) ;
#7251 = ORIENTED_EDGE ( 'NONE', *, *, #10539, .F. ) ;
#7252 = VECTOR ( 'NONE', #12148, 39.37007874015748143 ) ;
#7253 = VERTEX_POINT ( 'NONE', #10149 ) ;
#7254 = FACE_BOUND ( 'NONE', #9992, .T. ) ;
#7255 = ORIENTED_EDGE ( 'NONE', *, *, #1596, .F. ) ;
#7256 = DIRECTION ( 'NONE',  ( 1.000000000000000000, 0.000000000000000000, 0.000000000000000000 ) ) ;
#7257 = VERTEX_POINT ( 'NONE', #3976 ) ;
#7258 = LINE ( 'NONE', #3037, #27 ) ;
#7259 = CIRCLE ( 'NONE', #3190, 0.2187500000000013323 ) ;
#7260 = ADVANCED_FACE ( 'NONE', ( #10012 ), #8069, .F. ) ;
#7261 = CARTESIAN_POINT ( 'NONE',  ( -7.484425000000003436, -0.5499999999999946043, -14.34399999999999054 ) ) ;
#7262 = FACE_BOUND ( 'NONE', #12872, .T. ) ;
#7264 = AXIS2_PLACEMENT_3D ( 'NONE', #5574, #12529, #3480 ) ;
#7263 = DIRECTION ( 'NONE',  ( -1.000000000000000000, 0.000000000000000000, 0.000000000000000000 ) ) ;
#7265 = ORIENTED_EDGE ( 'NONE', *, *, #7762, .F. ) ;
#7266 = ADVANCED_FACE ( 'NONE', ( #6128 ), #6921, .F. ) ;
#7267 = VERTEX_POINT ( 'NONE', #10999 ) ;
#7268 = EDGE_LOOP ( 'NONE', ( #2230, #13099, #11163, #9754 ) ) ;
#7269 = AXIS2_PLACEMENT_3D ( 'NONE', #6210, #1161, #5267 ) ;
#7270 = EDGE_CURVE ( 'NONE', #9508, #10788, #10446, .T. ) ;
#7271 = DIRECTION ( 'NONE',  ( -0.000000000000000000, -1.000000000000000000, -1.332348806898293597E-16 ) ) ;
#7272 = FACE_OUTER_BOUND ( 'NONE', #1431, .T. ) ;
#7273 = CARTESIAN_POINT ( 'NONE',  ( 33.07086614173228156, 0.7000000000000371481, -2.098059259134154152E-13 ) ) ;
#7274 = CARTESIAN_POINT ( 'NONE',  ( 3.593500000000001915, -0.5499999999999939382, 14.34400000000000475 ) ) ;
#7275 = FACE_OUTER_BOUND ( 'NONE', #12099, .T. ) ;
#7276 = FACE_OUTER_BOUND ( 'NONE', #2726, .T. ) ;
#7277 = LINE ( 'NONE', #3312, #12051 ) ;
#7278 = CARTESIAN_POINT ( 'NONE',  ( -35.88585000000000491, -0.6641500000000026827, -13.78219999999999956 ) ) ;
#7279 = EDGE_LOOP ( 'NONE', ( #9148, #9464, #938, #2969 ) ) ;
#7280 = EDGE_CURVE ( 'NONE', #5185, #5047, #4108, .T. ) ;
#7281 = ADVANCED_FACE ( 'NONE', ( #8206 ), #11139, .F. ) ;
#7282 = ORIENTED_EDGE ( 'NONE', *, *, #2405, .T. ) ;
#7283 = ORIENTED_EDGE ( 'NONE', *, *, #5986, .F. ) ;
#7284 = CARTESIAN_POINT ( 'NONE',  ( -35.91710000000000491, 0.5954000000000000403, 13.78219999999999956 ) ) ;
#7285 = ORIENTED_EDGE ( 'NONE', *, *, #7715, .T. ) ;
#7286 = CARTESIAN_POINT ( 'NONE',  ( 22.47227499999999978, -0.5895000000000039098, 14.79687500000000000 ) ) ;
#7287 = CARTESIAN_POINT ( 'NONE',  ( 7.640925000000008183, -0.6953999999999975756, -14.53099999999998815 ) ) ;
#7288 = CARTESIAN_POINT ( 'NONE',  ( 17.31882500000000391, -0.6953999999999970205, -14.53099999999999348 ) ) ;
#7289 = FACE_OUTER_BOUND ( 'NONE', #3408, .T. ) ;
#7290 = DIRECTION ( 'NONE',  ( 0.000000000000000000, 0.000000000000000000, 1.000000000000000000 ) ) ;
#7291 = VECTOR ( 'NONE', #2133, 39.37007874015748143 ) ;
#7292 = PLANE ( 'NONE',  #8213 ) ;
#7293 = ORIENTED_EDGE ( 'NONE', *, *, #10122, .T. ) ;
#7294 = EDGE_CURVE ( 'NONE', #13096, #3148, #12281, .T. ) ;
#7295 = DIRECTION ( 'NONE',  ( 0.000000000000000000, -1.000000000000000000, -1.332348806898293597E-16 ) ) ;
#7296 = ORIENTED_EDGE ( 'NONE', *, *, #12008, .F. ) ;
#7297 = VECTOR ( 'NONE', #10953, 39.37007874015748143 ) ;
#7298 = EDGE_LOOP ( 'NONE', ( #2031, #7347, #6261, #267 ) ) ;
#7299 = ORIENTED_EDGE ( 'NONE', *, *, #6587, .T. ) ;
#7300 = VECTOR ( 'NONE', #356, 39.37007874015748143 ) ;
#7301 = FACE_OUTER_BOUND ( 'NONE', #9579, .T. ) ;
#7302 = CARTESIAN_POINT ( 'NONE',  ( -7.484424999999999883, -0.6953999999999985748, 14.34400000000001008 ) ) ;
#7303 = EDGE_CURVE ( 'NONE', #1270, #8766, #2899, .T. ) ;
#7304 = EDGE_CURVE ( 'NONE', #6016, #8964, #3842, .T. ) ;
#7305 = ORIENTED_EDGE ( 'NONE', *, *, #12402, .T. ) ;
#7306 = FACE_OUTER_BOUND ( 'NONE', #13164, .T. ) ;
#7307 = CARTESIAN_POINT ( 'NONE',  ( -21.60942500000000166, -0.4299000000000040012, -14.42187500000001066 ) ) ;
#7308 = CARTESIAN_POINT ( 'NONE',  ( -11.09352500000000852, -0.8000000000000000444, -14.53099999999999348 ) ) ;
#7309 = CYLINDRICAL_SURFACE ( 'NONE', #1661, 0.1565000000000003610 ) ;
#7310 = EDGE_CURVE ( 'NONE', #2778, #12470, #2320, .T. ) ;
#7311 = CARTESIAN_POINT ( 'NONE',  ( -21.29692500000000166, 0.7000000000000405898, -13.92187500000001066 ) ) ;
#7312 = EDGE_CURVE ( 'NONE', #6642, #9221, #6182, .T. ) ;
#7313 = CARTESIAN_POINT ( 'NONE',  ( -7.640925000000000189, -0.5499999999999946043, 14.53100000000000591 ) ) ;
#7314 = DIRECTION ( 'NONE',  ( -0.000000000000000000, -2.967464690054594744E-16, 1.000000000000000000 ) ) ;
#7315 = VECTOR ( 'NONE', #967, 39.37007874015748143 ) ;
#7316 = EDGE_LOOP ( 'NONE', ( #7548, #4563 ) ) ;
#7317 = ORIENTED_EDGE ( 'NONE', *, *, #4885, .T. ) ;
#7318 = ORIENTED_EDGE ( 'NONE', *, *, #5222, .F. ) ;
#7319 = ORIENTED_EDGE ( 'NONE', *, *, #10137, .T. ) ;
#7320 = DIRECTION ( 'NONE',  ( 0.000000000000000000, 0.000000000000000000, -1.000000000000000000 ) ) ;
#7321 = ORIENTED_EDGE ( 'NONE', *, *, #4998, .T. ) ;
#7322 = FACE_OUTER_BOUND ( 'NONE', #12136, .T. ) ;
#7323 = ORIENTED_EDGE ( 'NONE', *, *, #304, .T. ) ;
#7324 = CYLINDRICAL_SURFACE ( 'NONE', #6052, 0.1250000000000037192 ) ;
#7325 = CARTESIAN_POINT ( 'NONE',  ( -35.13110000000000355, -0.6954000000000000181, 14.43750000000000178 ) ) ;
#7326 = DIRECTION ( 'NONE',  ( -0.000000000000000000, -1.000000000000000000, -1.332348806898293597E-16 ) ) ;
#7327 = ADVANCED_FACE ( 'NONE', ( #269 ), #337, .F. ) ;
#7328 = ADVANCED_FACE ( 'NONE', ( #1083 ), #9415, .F. ) ;
#7329 = CARTESIAN_POINT ( 'NONE',  ( 35.93750000000000000, 0.5641500000000337911, -14.86415000000000219 ) ) ;
#7330 = ORIENTED_EDGE ( 'NONE', *, *, #3745, .T. ) ;
#7331 = VECTOR ( 'NONE', #8079, 39.37007874015748143 ) ;
#7332 = EDGE_CURVE ( 'NONE', #4349, #6104, #1855, .T. ) ;
#7333 = ORIENTED_EDGE ( 'NONE', *, *, #10421, .F. ) ;
#7334 = AXIS2_PLACEMENT_3D ( 'NONE', #9440, #7290, #10376 ) ;
#7335 = VERTEX_POINT ( 'NONE', #5323 ) ;
#7336 = DIRECTION ( 'NONE',  ( -0.000000000000000000, -2.967464690054594744E-16, 1.000000000000000000 ) ) ;
#7337 = CARTESIAN_POINT ( 'NONE',  ( -26.09352500000000319, -0.5499999999999958256, -14.53099999999999170 ) ) ;
#7338 = LINE ( 'NONE', #1291, #759 ) ;
#7339 = LINE ( 'NONE', #12225, #8985 ) ;
#7340 = FACE_OUTER_BOUND ( 'NONE', #2442, .T. ) ;
#7341 = CARTESIAN_POINT ( 'NONE',  ( 3.749999999999997780, -0.6953999999999979087, -14.68749999999998757 ) ) ;
#7342 = AXIS2_PLACEMENT_3D ( 'NONE', #11715, #7569, #1588 ) ;
#7343 = CARTESIAN_POINT ( 'NONE',  ( -26.09352500000000674, -0.7999999999999999334, 14.34400000000000119 ) ) ;
#7344 = DIRECTION ( 'NONE',  ( -0.000000000000000000, -1.000000000000000000, -1.332348806898293597E-16 ) ) ;
#7345 = VERTEX_POINT ( 'NONE', #12545 ) ;
#7346 = ADVANCED_FACE ( 'NONE', ( #9474 ), #6199, .F. ) ;
#7347 = ORIENTED_EDGE ( 'NONE', *, *, #10702, .T. ) ;
#7348 = VECTOR ( 'NONE', #4795, 39.37007874015748143 ) ;
#7349 = VECTOR ( 'NONE', #11873, 39.37007874015748143 ) ;
#7350 = EDGE_LOOP ( 'NONE', ( #9501, #9481 ) ) ;
#7351 = EDGE_CURVE ( 'NONE', #7029, #10740, #6456, .T. ) ;
#7352 = DIRECTION ( 'NONE',  ( 0.000000000000000000, 0.000000000000000000, 1.000000000000000000 ) ) ;
#7353 = EDGE_CURVE ( 'NONE', #11790, #7368, #2160, .T. ) ;
#7354 = VERTEX_POINT ( 'NONE', #8540 ) ;
#7355 = DIRECTION ( 'NONE',  ( 1.000000000000000000, 5.396917480816734717E-16, 0.000000000000000000 ) ) ;
#7356 = DIRECTION ( 'NONE',  ( -0.000000000000000000, -1.000000000000000000, -1.332348806898293597E-16 ) ) ;
#7357 = CARTESIAN_POINT ( 'NONE',  ( -18.75002500000000438, -0.5499999999999952704, -14.34399999999999586 ) ) ;
#7358 = DIRECTION ( 'NONE',  ( 0.000000000000000000, 0.000000000000000000, -1.000000000000000000 ) ) ;
#7359 = CARTESIAN_POINT ( 'NONE',  ( 22.50347500000000167, -0.5895000000000039098, -14.79687500000000000 ) ) ;
#7360 = DIRECTION ( 'NONE',  ( 0.000000000000000000, 0.000000000000000000, 1.000000000000000000 ) ) ;
#7361 = EDGE_LOOP ( 'NONE', ( #1448, #12536, #7741, #3557, #10212, #5428 ) ) ;
#7362 = AXIS2_PLACEMENT_3D ( 'NONE', #8732, #8296, #6274 ) ;
#7363 = CARTESIAN_POINT ( 'NONE',  ( -21.35942500000000521, -0.6954000000000041259, 2.512596398514597499E-15 ) ) ;
#7364 = AXIS2_PLACEMENT_3D ( 'NONE', #962, #3249, #8361 ) ;
#7365 = VERTEX_POINT ( 'NONE', #9346 ) ;
#7366 = ORIENTED_EDGE ( 'NONE', *, *, #10220, .T. ) ;
#7367 = CIRCLE ( 'NONE', #1576, 0.1565000000000003610 ) ;
#7368 = VERTEX_POINT ( 'NONE', #3104 ) ;
#7369 = CARTESIAN_POINT ( 'NONE',  ( -35.91710000000000491, 0.5641500000000000403, -14.78124999999999822 ) ) ;
#7370 = DIRECTION ( 'NONE',  ( -0.000000000000000000, -1.000000000000000000, -1.332348806898293597E-16 ) ) ;
#7371 = PLANE ( 'NONE',  #7180 ) ;
#7372 = CARTESIAN_POINT ( 'NONE',  ( -32.28760000000000474, -0.7999999999999961586, 14.53100000000000058 ) ) ;
#7373 = DIRECTION ( 'NONE',  ( -0.000000000000000000, -1.000000000000000000, -1.332348806898293597E-16 ) ) ;
#7374 = EDGE_CURVE ( 'NONE', #4510, #3131, #4313, .T. ) ;
#7375 = DIRECTION ( 'NONE',  ( 0.000000000000000000, 0.000000000000000000, -1.000000000000000000 ) ) ;
#7376 = LINE ( 'NONE', #8645, #9824 ) ;
#7377 = DIRECTION ( 'NONE',  ( -1.000000000000000000, 0.000000000000000000, 0.000000000000000000 ) ) ;
#7378 = DIRECTION ( 'NONE',  ( 0.000000000000000000, 0.000000000000000000, -1.000000000000000000 ) ) ;
#7379 = ORIENTED_EDGE ( 'NONE', *, *, #5180, .F. ) ;
#7380 = EDGE_CURVE ( 'NONE', #1089, #6731, #6258, .T. ) ;
#7381 = ORIENTED_EDGE ( 'NONE', *, *, #1200, .T. ) ;
#7382 = ORIENTED_EDGE ( 'NONE', *, *, #3534, .T. ) ;
#7383 = ORIENTED_EDGE ( 'NONE', *, *, #6353, .F. ) ;
#7384 = CARTESIAN_POINT ( 'NONE',  ( -26.25002500000000438, -0.5499999999999958256, -14.53099999999998992 ) ) ;
#7385 = ORIENTED_EDGE ( 'NONE', *, *, #2780, .T. ) ;
#7386 = CARTESIAN_POINT ( 'NONE',  ( 28.22460000000000946, -0.5499999999999923839, 14.34400000000000475 ) ) ;
#7387 = VECTOR ( 'NONE', #12768, 39.37007874015748143 ) ;
#7388 = ORIENTED_EDGE ( 'NONE', *, *, #8460, .F. ) ;
#7389 = DIRECTION ( 'NONE',  ( 0.000000000000000000, 0.000000000000000000, 1.000000000000000000 ) ) ;
#7390 = AXIS2_PLACEMENT_3D ( 'NONE', #1517, #5629, #8705 ) ;
#7391 = DIRECTION ( 'NONE',  ( 1.240959386601371334E-16, -1.000000000000000000, 0.000000000000000000 ) ) ;
#7392 = CARTESIAN_POINT ( 'NONE',  ( -35.91710000000000491, -0.6954000000000027937, 14.78124999999999822 ) ) ;
#7393 = PLANE ( 'NONE',  #2084 ) ;
#7394 = CIRCLE ( 'NONE', #8474, 0.1565000000000003610 ) ;
#7395 = VERTEX_POINT ( 'NONE', #10345 ) ;
#7396 = AXIS2_PLACEMENT_3D ( 'NONE', #5067, #2781, #10091 ) ;
#7397 = ORIENTED_EDGE ( 'NONE', *, *, #9136, .T. ) ;
#7398 = EDGE_CURVE ( 'NONE', #3700, #773, #1884, .T. ) ;
#7399 = ORIENTED_EDGE ( 'NONE', *, *, #5077, .F. ) ;
#7400 = LINE ( 'NONE', #1485, #4642 ) ;
#7401 = DIRECTION ( 'NONE',  ( -0.000000000000000000, -1.000000000000000000, -1.332348806898293597E-16 ) ) ;
#7402 = DIRECTION ( 'NONE',  ( 0.000000000000000000, 0.000000000000000000, -1.000000000000000000 ) ) ;
#7403 = CARTESIAN_POINT ( 'NONE',  ( 21.73442500000000877, -0.6953999999999967985, 14.18750000000000533 ) ) ;
#7404 = CARTESIAN_POINT ( 'NONE',  ( 21.57792500000000757, -0.5499999999999928280, 14.53100000000000058 ) ) ;
#7405 = FACE_BOUND ( 'NONE', #7119, .T. ) ;
#7406 = VECTOR ( 'NONE', #2678, 39.37007874015748143 ) ;
#7407 = CARTESIAN_POINT ( 'NONE',  ( 22.23442500000000166, 0.7000000000000407008, 12.43750000000000178 ) ) ;
#7408 = CIRCLE ( 'NONE', #2478, 0.1565000000000003610 ) ;
#7409 = LINE ( 'NONE', #1430, #9397 ) ;
#7410 = CARTESIAN_POINT ( 'NONE',  ( -3.593500000000001915, -0.7999999999999943823, 14.53100000000000058 ) ) ;
#7411 = EDGE_LOOP ( 'NONE', ( #2876, #2623, #10801, #2626 ) ) ;
#7412 = CIRCLE ( 'NONE', #1619, 0.1249999999999993477 ) ;
#7413 = EDGE_CURVE ( 'NONE', #4400, #457, #4675, .T. ) ;
#7414 = VERTEX_POINT ( 'NONE', #7458 ) ;
#7415 = ORIENTED_EDGE ( 'NONE', *, *, #8863, .F. ) ;
#7416 = DIRECTION ( 'NONE',  ( 0.000000000000000000, 0.000000000000000000, -1.000000000000000000 ) ) ;
#7417 = EDGE_LOOP ( 'NONE', ( #1903, #3966, #2195, #5869 ) ) ;
#7418 = CARTESIAN_POINT ( 'NONE',  ( 33.63110000000001065, -0.7999999999999918288, -14.43749999999997335 ) ) ;
#7419 = CARTESIAN_POINT ( 'NONE',  ( -33.07086614173228156, 0.7000000000000011768, 3.543307086614173151 ) ) ;
#7420 = EDGE_CURVE ( 'NONE', #5047, #3428, #10474, .T. ) ;
#7421 = FACE_OUTER_BOUND ( 'NONE', #10224, .T. ) ;
#7422 = AXIS2_PLACEMENT_3D ( 'NONE', #12511, #9572, #10375 ) ;
#7423 = DIRECTION ( 'NONE',  ( -0.000000000000000000, -0.000000000000000000, -1.000000000000000000 ) ) ;
#7424 = DIRECTION ( 'NONE',  ( 0.000000000000000000, 0.000000000000000000, -1.000000000000000000 ) ) ;
#7425 = EDGE_CURVE ( 'NONE', #3046, #8398, #5455, .T. ) ;
#7426 = CARTESIAN_POINT ( 'NONE',  ( 18.90652500000000558, -0.6953999999999967985, -14.89539999999999687 ) ) ;
#7427 = EDGE_LOOP ( 'NONE', ( #12468, #1211, #1885, #11374, #6125 ) ) ;
#7428 = VECTOR ( 'NONE', #282, 39.37007874015748143 ) ;
#7429 = LINE ( 'NONE', #1316, #1071 ) ;
#7430 = ORIENTED_EDGE ( 'NONE', *, *, #11411, .T. ) ;
#7431 = ORIENTED_EDGE ( 'NONE', *, *, #4927, .F. ) ;
#7432 = AXIS2_PLACEMENT_3D ( 'NONE', #2037, #9157, #2917 ) ;
#7433 = EDGE_LOOP ( 'NONE', ( #7822, #12747, #5949, #3424, #9014 ) ) ;
#7434 = DIRECTION ( 'NONE',  ( -0.000000000000000000, -1.000000000000000000, -1.332348806898293597E-16 ) ) ;
#7435 = FACE_OUTER_BOUND ( 'NONE', #5091, .T. ) ;
#7436 = EDGE_CURVE ( 'NONE', #8779, #604, #8348, .T. ) ;
#7437 = CARTESIAN_POINT ( 'NONE',  ( -36.02170000000000272, -0.2096999999999985820, 13.74999999999999645 ) ) ;
#7438 = PLANE ( 'NONE',  #9976 ) ;
#7439 = CARTESIAN_POINT ( 'NONE',  ( 22.47227499999999978, -0.6954000000000047921, 14.79687500000000000 ) ) ;
#7440 = LINE ( 'NONE', #9330, #11721 ) ;
#7441 = CARTESIAN_POINT ( 'NONE',  ( 7.327924999999998690, -0.5499999999999936051, 14.34400000000000830 ) ) ;
#7442 = DIRECTION ( 'NONE',  ( -0.000000000000000000, -1.000000000000000000, -1.332348806898293597E-16 ) ) ;
#7443 = CARTESIAN_POINT ( 'NONE',  ( 35.94045000000000556, -0.7187500000000024425, 14.78124999999999822 ) ) ;
#7444 = ORIENTED_EDGE ( 'NONE', *, *, #4057, .F. ) ;
#7445 = VECTOR ( 'NONE', #12807, 39.37007874015748143 ) ;
#7446 = CIRCLE ( 'NONE', #3372, 0.1565000000000003610 ) ;
#7447 = VERTEX_POINT ( 'NONE', #12413 ) ;
#7448 = EDGE_CURVE ( 'NONE', #4145, #4245, #9819, .T. ) ;
#7449 = ORIENTED_EDGE ( 'NONE', *, *, #952, .F. ) ;
#7450 = STYLED_ITEM ( 'NONE', ( #11856 ), #4826 ) ;
#7451 = ORIENTED_EDGE ( 'NONE', *, *, #1072, .F. ) ;
#7452 = PLANE ( 'NONE',  #2262 ) ;
#7453 = VERTEX_POINT ( 'NONE', #207 ) ;
#7454 = AXIS2_PLACEMENT_3D ( 'NONE', #10521, #10270, #3346 ) ;
#7455 = DIRECTION ( 'NONE',  ( -1.000000000000000000, 0.000000000000000000, 0.000000000000000000 ) ) ;
#7456 = ORIENTED_EDGE ( 'NONE', *, *, #5493, .T. ) ;
#7457 = PLANE ( 'NONE',  #41 ) ;
#7458 = CARTESIAN_POINT ( 'NONE',  ( 22.50347500000000167, 0.3358499999999960961, 14.79687500000000000 ) ) ;
#7459 = LINE ( 'NONE', #4513, #7560 ) ;
#7460 = CARTESIAN_POINT ( 'NONE',  ( -36.02170000000000272, -0.2096999999999985820, -5.875000000000000000 ) ) ;
#7461 = ORIENTED_EDGE ( 'NONE', *, *, #2086, .T. ) ;
#7462 = ADVANCED_FACE ( 'NONE', ( #1538 ), #6580, .T. ) ;
#7463 = VECTOR ( 'NONE', #12497, 39.37007874015748143 ) ;
#7464 = AXIS2_PLACEMENT_3D ( 'NONE', #659, #3563, #9858 ) ;
#7465 = EDGE_LOOP ( 'NONE', ( #11120, #11185, #1747, #491 ) ) ;
#7466 = CIRCLE ( 'NONE', #4677, 0.1565000000000003610 ) ;
#7467 = VERTEX_POINT ( 'NONE', #2486 ) ;
#7468 = CARTESIAN_POINT ( 'NONE',  ( -21.35942500000000521, -0.4299000000000038346, 2.512596398514597499E-15 ) ) ;
#7469 = ORIENTED_EDGE ( 'NONE', *, *, #4465, .F. ) ;
#7470 = DIRECTION ( 'NONE',  ( -5.463695987328555033E-16, 1.000000000000000000, -0.000000000000000000 ) ) ;
#7471 = VECTOR ( 'NONE', #10522, 39.37007874015748143 ) ;
#7472 = LINE ( 'NONE', #3509, #11025 ) ;
#7473 = DIRECTION ( 'NONE',  ( 0.000000000000000000, 0.000000000000000000, -1.000000000000000000 ) ) ;
#7474 = EDGE_CURVE ( 'NONE', #5977, #7557, #2744, .T. ) ;
#7475 = CYLINDRICAL_SURFACE ( 'NONE', #8087, 0.1565000000000003610 ) ;
#7476 = DIRECTION ( 'NONE',  ( 0.000000000000000000, -1.000000000000000000, 0.000000000000000000 ) ) ;
#7477 = DIRECTION ( 'NONE',  ( 0.000000000000000000, 0.000000000000000000, -1.000000000000000000 ) ) ;
#7478 = CARTESIAN_POINT ( 'NONE',  ( 33.63110000000000355, -0.5499999999999918288, 14.56250000000000533 ) ) ;
#7479 = EDGE_CURVE ( 'NONE', #5578, #12389, #9668, .T. ) ;
#7480 = ORIENTED_EDGE ( 'NONE', *, *, #11705, .T. ) ;
#7481 = ORIENTED_EDGE ( 'NONE', *, *, #7098, .T. ) ;
#7482 = EDGE_LOOP ( 'NONE', ( #3254, #923, #226, #9085, #2210 ) ) ;
#7483 = LINE ( 'NONE', #2445, #5344 ) ;
#7484 = EDGE_LOOP ( 'NONE', ( #4799, #3282, #9354, #12779 ) ) ;
#7485 = FACE_OUTER_BOUND ( 'NONE', #11320, .T. ) ;
#7486 = DIRECTION ( 'NONE',  ( 0.000000000000000000, 0.000000000000000000, -1.000000000000000000 ) ) ;
#7487 = DIRECTION ( 'NONE',  ( 0.000000000000000000, 0.000000000000000000, 1.000000000000000000 ) ) ;
#7488 = EDGE_CURVE ( 'NONE', #527, #647, #9172, .T. ) ;
#7489 = EDGE_CURVE ( 'NONE', #7081, #8603, #8332, .T. ) ;
#7490 = CARTESIAN_POINT ( 'NONE',  ( 7.484425000000007877, -0.7999999999999936051, -14.68749999999998579 ) ) ;
#7491 = CARTESIAN_POINT ( 'NONE',  ( 21.73442499999999100, -0.6207000000000038042, 14.42187500000000178 ) ) ;
#7492 = CYLINDRICAL_SURFACE ( 'NONE', #5432, 0.1249999999999993477 ) ;
#7493 = ORIENTED_EDGE ( 'NONE', *, *, #325, .F. ) ;
#7494 = DIRECTION ( 'NONE',  ( -0.000000000000000000, -1.000000000000000000, -1.332348806898293597E-16 ) ) ;
#7495 = EDGE_LOOP ( 'NONE', ( #10042, #11963 ) ) ;
#7496 = EDGE_CURVE ( 'NONE', #6848, #11348, #2684, .T. ) ;
#7497 = ORIENTED_EDGE ( 'NONE', *, *, #12813, .F. ) ;
#7498 = CIRCLE ( 'NONE', #3240, 0.1565000000000003610 ) ;
#7499 = ORIENTED_EDGE ( 'NONE', *, *, #1561, .F. ) ;
#7500 = DIRECTION ( 'NONE',  ( -0.000000000000000000, -1.000000000000000000, -1.332348806898293597E-16 ) ) ;
#7501 = DIRECTION ( 'NONE',  ( -0.000000000000000000, -0.000000000000000000, -1.000000000000000000 ) ) ;
#7502 = DIRECTION ( 'NONE',  ( 1.000000000000000000, -0.000000000000000000, -0.000000000000000000 ) ) ;
#7503 = CYLINDRICAL_SURFACE ( 'NONE', #9348, 0.03124999999999929223 ) ;
#7504 = LINE ( 'NONE', #7439, #7882 ) ;
#7505 = CARTESIAN_POINT ( 'NONE',  ( 26.09352500000000674, -0.6953999999999964654, 14.53099999999999703 ) ) ;
#7506 = LINE ( 'NONE', #8585, #397 ) ;
#7507 = CARTESIAN_POINT ( 'NONE',  ( -21.35942499999999811, -0.4299000000000038346, 12.43750000000000178 ) ) ;
#7508 = DIRECTION ( 'NONE',  ( 1.240959386601371334E-16, -1.000000000000000000, 0.000000000000000000 ) ) ;
#7509 = ORIENTED_EDGE ( 'NONE', *, *, #1743, .F. ) ;
#7511 = ORIENTED_EDGE ( 'NONE', *, *, #6667, .F. ) ;
#7510 = AXIS2_PLACEMENT_3D ( 'NONE', #6959, #11040, #10118 ) ;
#7512 = EDGE_CURVE ( 'NONE', #10882, #9882, #7786, .T. ) ;
#7513 = EDGE_LOOP ( 'NONE', ( #199, #13081, #2775, #7296 ) ) ;
#7514 = FACE_OUTER_BOUND ( 'NONE', #1889, .T. ) ;
#7515 = AXIS2_PLACEMENT_3D ( 'NONE', #5976, #1936, #926 ) ;
#7516 = AXIS2_PLACEMENT_3D ( 'NONE', #5001, #2714, #3987 ) ;
#7517 = ORIENTED_EDGE ( 'NONE', *, *, #2325, .T. ) ;
#7518 = FACE_OUTER_BOUND ( 'NONE', #5058, .T. ) ;
#7519 = ORIENTED_EDGE ( 'NONE', *, *, #5245, .F. ) ;
#7520 = CARTESIAN_POINT ( 'NONE',  ( -35.23450000000000415, -0.6954000000000000181, 8.436550000000002214 ) ) ;
#7521 = ORIENTED_EDGE ( 'NONE', *, *, #8244, .F. ) ;
#7522 = CARTESIAN_POINT ( 'NONE',  ( -17.00582500000000508, -0.5499999999999952704, -14.34399999999999764 ) ) ;
#7523 = EDGE_CURVE ( 'NONE', #1355, #9478, #3628, .T. ) ;
#7524 = CIRCLE ( 'NONE', #2587, 0.1565000000000003610 ) ;
#7525 = DIRECTION ( 'NONE',  ( 0.000000000000000000, 0.000000000000000000, -1.000000000000000000 ) ) ;
#7526 = DIRECTION ( 'NONE',  ( 1.240959386601371334E-16, -1.000000000000000000, -0.000000000000000000 ) ) ;
#7527 = DIRECTION ( 'NONE',  ( -1.000000000000000000, 0.000000000000000000, -0.000000000000000000 ) ) ;
#7528 = AXIS2_PLACEMENT_3D ( 'NONE', #8489, #7607, #11755 ) ;
#7529 = ORIENTED_EDGE ( 'NONE', *, *, #4060, .F. ) ;
#7530 = AXIS2_PLACEMENT_3D ( 'NONE', #10587, #1525, #3481 ) ;
#7531 = ORIENTED_EDGE ( 'NONE', *, *, #5892, .F. ) ;
#7532 = VECTOR ( 'NONE', #5614, 39.37007874015748143 ) ;
#7533 = EDGE_LOOP ( 'NONE', ( #11991, #1812, #3453, #11747 ) ) ;
#7534 = CARTESIAN_POINT ( 'NONE',  ( -20.99657499999999999, 0.3358499999999960961, 14.67187500000000000 ) ) ;
#7535 = VERTEX_POINT ( 'NONE', #12738 ) ;
#7536 = DIRECTION ( 'NONE',  ( 0.000000000000000000, -1.000000000000000000, 0.000000000000000000 ) ) ;
#7537 = CARTESIAN_POINT ( 'NONE',  ( -21.73442500000000877, -0.4299000000000040012, 14.42187500000000178 ) ) ;
#7538 = CARTESIAN_POINT ( 'NONE',  ( -3.906500000000002526, -0.6953999999999982418, 14.34400000000000475 ) ) ;
#7539 = DIRECTION ( 'NONE',  ( 0.000000000000000000, 0.000000000000000000, -1.000000000000000000 ) ) ;
#7540 = DIRECTION ( 'NONE',  ( 0.000000000000000000, 0.000000000000000000, -1.000000000000000000 ) ) ;
#7541 = CARTESIAN_POINT ( 'NONE',  ( 21.73442500000000877, -0.7999999999999928280, 14.34400000000000652 ) ) ;
#7542 = EDGE_CURVE ( 'NONE', #9478, #8043, #11091, .T. ) ;
#7543 = DIRECTION ( 'NONE',  ( 0.000000000000000000, 0.000000000000000000, 1.000000000000000000 ) ) ;
#7544 = ORIENTED_EDGE ( 'NONE', *, *, #4981, .T. ) ;
#7545 = AXIS2_PLACEMENT_3D ( 'NONE', #4601, #6619, #9638 ) ;
#7546 = EDGE_CURVE ( 'NONE', #936, #7267, #4573, .T. ) ;
#7547 = ORIENTED_EDGE ( 'NONE', *, *, #13189, .F. ) ;
#7548 = ORIENTED_EDGE ( 'NONE', *, *, #10750, .T. ) ;
#7549 = AXIS2_PLACEMENT_3D ( 'NONE', #2095, #5188, #13211 ) ;
#7550 = DIRECTION ( 'NONE',  ( 0.000000000000000000, 0.000000000000000000, -1.000000000000000000 ) ) ;
#7551 = FACE_OUTER_BOUND ( 'NONE', #12669, .T. ) ;
#7552 = CARTESIAN_POINT ( 'NONE',  ( -21.51567500000000166, -0.4299000000000040012, -14.42187500000001066 ) ) ;
#7553 = CARTESIAN_POINT ( 'NONE',  ( 26.25002500000000794, -0.5499999999999926059, 14.34400000000000119 ) ) ;
#7554 = PLANE ( 'NONE',  #35 ) ;
#7555 = CARTESIAN_POINT ( 'NONE',  ( 26.09352500000000674, -0.6953999999999963544, 13.97959999999999603 ) ) ;
#7556 = DIRECTION ( 'NONE',  ( -0.000000000000000000, 0.000000000000000000, -1.000000000000000000 ) ) ;
#7557 = VERTEX_POINT ( 'NONE', #10856 ) ;
#7558 = VECTOR ( 'NONE', #9832, 39.37007874015748143 ) ;
#7559 = VECTOR ( 'NONE', #8171, 39.37007874015748143 ) ;
#7560 = VECTOR ( 'NONE', #408, 39.37007874015748143 ) ;
#7561 = VERTEX_POINT ( 'NONE', #530 ) ;
#7562 = EDGE_CURVE ( 'NONE', #341, #3009, #12374, .T. ) ;
#7563 = VERTEX_POINT ( 'NONE', #10674 ) ;
#7564 = DIRECTION ( 'NONE',  ( 0.000000000000000000, 0.000000000000000000, -1.000000000000000000 ) ) ;
#7565 = DIRECTION ( 'NONE',  ( 0.000000000000000000, 0.000000000000000000, -1.000000000000000000 ) ) ;
#7567 = DIRECTION ( 'NONE',  ( 0.000000000000000000, -1.000000000000000000, -1.332348806898293597E-16 ) ) ;
#7566 = CIRCLE ( 'NONE', #10573, 0.1250000000000037192 ) ;
#7568 = LINE ( 'NONE', #9455, #1189 ) ;
#7569 = DIRECTION ( 'NONE',  ( -0.000000000000000000, -1.000000000000000000, -1.332348806898293597E-16 ) ) ;
#7570 = CIRCLE ( 'NONE', #2853, 0.1565000000000003610 ) ;
#7571 = EDGE_CURVE ( 'NONE', #5453, #1645, #1476, .T. ) ;
#7572 = CARTESIAN_POINT ( 'NONE',  ( -35.93750000000000000, -0.7999999999999999334, 13.97480000000000011 ) ) ;
#7573 = DIRECTION ( 'NONE',  ( -0.000000000000000000, -2.967464690054594744E-16, 1.000000000000000000 ) ) ;
#7574 = EDGE_CURVE ( 'NONE', #2681, #9787, #1451, .T. ) ;
#7575 = FACE_OUTER_BOUND ( 'NONE', #9936, .T. ) ;
#7576 = VERTEX_POINT ( 'NONE', #10731 ) ;
#7577 = ORIENTED_EDGE ( 'NONE', *, *, #7594, .F. ) ;
#7578 = AXIS2_PLACEMENT_3D ( 'NONE', #3419, #7508, #6441 ) ;
#7579 = VERTEX_POINT ( 'NONE', #12615 ) ;
#7580 = FACE_BOUND ( 'NONE', #8461, .T. ) ;
#7581 = ORIENTED_EDGE ( 'NONE', *, *, #12048, .F. ) ;
#7582 = DIRECTION ( 'NONE',  ( -0.000000000000000000, -1.000000000000000000, -1.332348806898293597E-16 ) ) ;
#7583 = ORIENTED_EDGE ( 'NONE', *, *, #5229, .T. ) ;
#7584 = DIRECTION ( 'NONE',  ( 0.000000000000000000, 0.000000000000000000, -1.000000000000000000 ) ) ;
#7585 = ORIENTED_EDGE ( 'NONE', *, *, #3406, .T. ) ;
#7586 = DIRECTION ( 'NONE',  ( 1.000000000000000000, -0.000000000000000000, 0.000000000000000000 ) ) ;
#7587 = ADVANCED_FACE ( 'NONE', ( #466 ), #5649, .F. ) ;
#7588 = CARTESIAN_POINT ( 'NONE',  ( -26.25002500000000438, -0.6953999999999996851, -14.34399999999999586 ) ) ;
#7589 = CARTESIAN_POINT ( 'NONE',  ( 18.59352500000000319, -0.7999999999999929390, 14.53099999999999703 ) ) ;
#7590 = AXIS2_PLACEMENT_3D ( 'NONE', #34, #11234, #2055 ) ;
#7591 = EDGE_CURVE ( 'NONE', #9532, #1724, #10866, .T. ) ;
#7592 = CARTESIAN_POINT ( 'NONE',  ( -35.93750000000000000, 0.5954000000000018167, -14.78124999999999822 ) ) ;
#7593 = EDGE_LOOP ( 'NONE', ( #3683, #8352 ) ) ;
#7594 = EDGE_CURVE ( 'NONE', #10072, #1420, #9604, .T. ) ;
#7595 = ORIENTED_EDGE ( 'NONE', *, *, #3484, .T. ) ;
#7596 = VECTOR ( 'NONE', #6884, 39.37007874015748143 ) ;
#7597 = VERTEX_POINT ( 'NONE', #6520 ) ;
#7598 = CARTESIAN_POINT ( 'NONE',  ( -17.16232500000000982, -0.7999999999999951594, 14.53100000000000058 ) ) ;
#7599 = EDGE_LOOP ( 'NONE', ( #9449, #10117 ) ) ;
#7600 = DIRECTION ( 'NONE',  ( 1.000000000000000000, 1.240959386601371334E-16, 0.000000000000000000 ) ) ;
#7601 = VECTOR ( 'NONE', #4069, 39.37007874015748143 ) ;
#7602 = CIRCLE ( 'NONE', #734, 0.1250000000000026368 ) ;
#7603 = LINE ( 'NONE', #11807, #2906 ) ;
#7604 = DIRECTION ( 'NONE',  ( 1.000000000000000000, 0.000000000000000000, 0.000000000000000000 ) ) ;
#7605 = CARTESIAN_POINT ( 'NONE',  ( 7.640925000000000189, -0.7999999999999936051, 14.53100000000000591 ) ) ;
#7606 = DIRECTION ( 'NONE',  ( 0.000000000000000000, 0.000000000000000000, -1.000000000000000000 ) ) ;
#7607 = DIRECTION ( 'NONE',  ( 0.000000000000000000, 0.000000000000000000, -1.000000000000000000 ) ) ;
#7608 = CARTESIAN_POINT ( 'NONE',  ( 18.59352500000000319, -0.5499999999999929390, -14.34399999999999586 ) ) ;
#7609 = VECTOR ( 'NONE', #8624, 39.37007874015748143 ) ;
#7610 = ORIENTED_EDGE ( 'NONE', *, *, #87, .F. ) ;
#7611 = CIRCLE ( 'NONE', #3975, 0.2187500000000015821 ) ;
#7612 = ORIENTED_EDGE ( 'NONE', *, *, #9616, .T. ) ;
#7613 = EDGE_CURVE ( 'NONE', #3352, #10343, #10245, .T. ) ;
#7614 = ORIENTED_EDGE ( 'NONE', *, *, #7975, .F. ) ;
#7615 = VECTOR ( 'NONE', #8463, 39.37007874015748143 ) ;
#7616 = DIRECTION ( 'NONE',  ( -0.000000000000000000, -1.000000000000000000, -1.332348806898293597E-16 ) ) ;
#7617 = AXIS2_PLACEMENT_3D ( 'NONE', #4189, #1030, #7402 ) ;
#7618 = DIRECTION ( 'NONE',  ( -1.000000000000000000, -0.000000000000000000, -0.000000000000000000 ) ) ;
#7619 = LINE ( 'NONE', #495, #7532 ) ;
#7620 = CYLINDRICAL_SURFACE ( 'NONE', #147, 0.1250000000000037192 ) ;
#7621 = FACE_OUTER_BOUND ( 'NONE', #11113, .T. ) ;
#7622 = CARTESIAN_POINT ( 'NONE',  ( -35.23450000000000415, -0.7999999999999961586, 1.811549999999999994 ) ) ;
#7623 = VECTOR ( 'NONE', #4495, 39.37007874015748143 ) ;
#7624 = DIRECTION ( 'NONE',  ( -0.000000000000000000, -1.000000000000000000, -1.332348806898293597E-16 ) ) ;
#7625 = ORIENTED_EDGE ( 'NONE', *, *, #11115, .T. ) ;
#7626 = VECTOR ( 'NONE', #9258, 39.37007874015748143 ) ;
#7627 = AXIS2_PLACEMENT_3D ( 'NONE', #2733, #8974, #4742 ) ;
#7628 = ADVANCED_FACE ( 'NONE', ( #407 ), #8857, .F. ) ;
#7629 = CIRCLE ( 'NONE', #11900, 0.1565000000000003610 ) ;
#7630 = ORIENTED_EDGE ( 'NONE', *, *, #5092, .T. ) ;
#7631 = ORIENTED_EDGE ( 'NONE', *, *, #9626, .T. ) ;
#7632 = DIRECTION ( 'NONE',  ( 0.000000000000000000, -1.000000000000000000, -1.332348806898293597E-16 ) ) ;
#7633 = FACE_OUTER_BOUND ( 'NONE', #1710, .T. ) ;
#7634 = DIRECTION ( 'NONE',  ( 0.000000000000000000, 2.967464690054594744E-16, -1.000000000000000000 ) ) ;
#7636 = VECTOR ( 'NONE', #10481, 39.37007874015748143 ) ;
#7635 = DIRECTION ( 'NONE',  ( 0.000000000000000000, -1.000000000000000000, -1.332348806898293597E-16 ) ) ;
#7637 = DIRECTION ( 'NONE',  ( 0.000000000000000000, 0.000000000000000000, -1.000000000000000000 ) ) ;
#7638 = LINE ( 'NONE', #317, #584 ) ;
#7639 = EDGE_CURVE ( 'NONE', #11672, #6416, #11927, .T. ) ;
#7640 = FACE_OUTER_BOUND ( 'NONE', #7014, .T. ) ;
#7641 = CARTESIAN_POINT ( 'NONE',  ( 17.31882500000000391, -0.7999999999999931610, -14.34399999999999764 ) ) ;
#7642 = ORIENTED_EDGE ( 'NONE', *, *, #2588, .T. ) ;
#7643 = ADVANCED_FACE ( 'NONE', ( #4828 ), #1941, .F. ) ;
#7644 = ORIENTED_EDGE ( 'NONE', *, *, #10693, .F. ) ;
#7645 = EDGE_LOOP ( 'NONE', ( #9869, #13083, #3145, #1683 ) ) ;
#7646 = FACE_OUTER_BOUND ( 'NONE', #7279, .T. ) ;
#7647 = ORIENTED_EDGE ( 'NONE', *, *, #3860, .F. ) ;
#7648 = DIRECTION ( 'NONE',  ( -1.000000000000000000, 0.000000000000000000, 0.000000000000000000 ) ) ;
#7649 = EDGE_LOOP ( 'NONE', ( #4170, #12537, #3041, #9291 ) ) ;
#7650 = ORIENTED_EDGE ( 'NONE', *, *, #785, .T. ) ;
#7651 = CARTESIAN_POINT ( 'NONE',  ( 32.13110000000000355, -0.5499999999999921618, 14.53100000000000058 ) ) ;
#7652 = DIRECTION ( 'NONE',  ( 0.000000000000000000, -1.000000000000000000, -1.332348806898293597E-16 ) ) ;
#7653 = DIRECTION ( 'NONE',  ( 0.000000000000000000, -1.000000000000000000, 0.000000000000000000 ) ) ;
#7654 = EDGE_CURVE ( 'NONE', #6064, #6330, #2529, .T. ) ;
#7655 = CIRCLE ( 'NONE', #146, 0.1250000000000037192 ) ;
#7656 = CIRCLE ( 'NONE', #1864, 0.1565000000000003610 ) ;
#7657 = DIRECTION ( 'NONE',  ( -1.000000000000000000, 0.000000000000000000, 0.000000000000000000 ) ) ;
#7658 = CARTESIAN_POINT ( 'NONE',  ( -7.484425000000003436, -0.7999999999999946043, -14.34399999999999054 ) ) ;
#7659 = EDGE_LOOP ( 'NONE', ( #6429, #9469, #12031, #9270 ) ) ;
#7660 = ADVANCED_FACE ( 'NONE', ( #11124 ), #6045, .F. ) ;
#7661 = EDGE_CURVE ( 'NONE', #4118, #9443, #13126, .T. ) ;
#7662 = ORIENTED_EDGE ( 'NONE', *, *, #3797, .F. ) ;
#7663 = AXIS2_PLACEMENT_3D ( 'NONE', #10391, #7240, #4295 ) ;
#7664 = AXIS2_PLACEMENT_3D ( 'NONE', #4191, #2235, #3379 ) ;
#7665 = EDGE_CURVE ( 'NONE', #3863, #7195, #931, .T. ) ;
#7666 = ORIENTED_EDGE ( 'NONE', *, *, #10141, .F. ) ;
#7667 = CARTESIAN_POINT ( 'NONE',  ( -31.97460000000000235, -0.8000000000000000444, -14.53099999999999703 ) ) ;
#7668 = ORIENTED_EDGE ( 'NONE', *, *, #6584, .F. ) ;
#7669 = CARTESIAN_POINT ( 'NONE',  ( 7.640925000000008183, -0.5499999999999936051, -14.53099999999998815 ) ) ;
#7670 = CARTESIAN_POINT ( 'NONE',  ( -33.63110000000000355, -0.6953999999999999071, -14.31249999999999645 ) ) ;
#7671 = CARTESIAN_POINT ( 'NONE',  ( -17.16232500000000627, -0.5499999999999952704, -14.53099999999999170 ) ) ;
#7672 = DIRECTION ( 'NONE',  ( 0.000000000000000000, 0.000000000000000000, -1.000000000000000000 ) ) ;
#7673 = DIRECTION ( 'NONE',  ( 0.000000000000000000, 0.000000000000000000, -1.000000000000000000 ) ) ;
#7674 = CARTESIAN_POINT ( 'NONE',  ( -7.640925000000004630, -0.5499999999999946043, -14.53099999999998815 ) ) ;
#7675 = CARTESIAN_POINT ( 'NONE',  ( -33.63110000000000355, -0.5499999999999960476, -14.56250000000000355 ) ) ;
#7676 = VECTOR ( 'NONE', #3021, 39.37007874015748143 ) ;
#7677 = CIRCLE ( 'NONE', #11089, 0.1250000000000037192 ) ;
#7678 = VECTOR ( 'NONE', #3692, 39.37007874015748143 ) ;
#7679 = ORIENTED_EDGE ( 'NONE', *, *, #3236, .T. ) ;
#7680 = VECTOR ( 'NONE', #9117, 39.37007874015748143 ) ;
#7681 = EDGE_CURVE ( 'NONE', #293, #1726, #10020, .T. ) ;
#7682 = VERTEX_POINT ( 'NONE', #1736 ) ;
#7683 = AXIS2_PLACEMENT_3D ( 'NONE', #250, #4355, #12523 ) ;
#7684 = VERTEX_POINT ( 'NONE', #10202 ) ;
#7685 = DIRECTION ( 'NONE',  ( 0.000000000000000000, 0.000000000000000000, -1.000000000000000000 ) ) ;
#7686 = PLANE ( 'NONE',  #1811 ) ;
#7687 = DIRECTION ( 'NONE',  ( -1.000000000000000000, 0.000000000000000000, 0.000000000000000000 ) ) ;
#7688 = CARTESIAN_POINT ( 'NONE',  ( -3.906500000000002526, -0.7999999999999943823, 14.34400000000000475 ) ) ;
#7689 = CIRCLE ( 'NONE', #6618, 0.1059000000000017289 ) ;
#7690 = CYLINDRICAL_SURFACE ( 'NONE', #1322, 0.2499999999999986955 ) ;
#7691 = FACE_OUTER_BOUND ( 'NONE', #1368, .T. ) ;
#7692 = EDGE_CURVE ( 'NONE', #5928, #12734, #1234, .T. ) ;
#7693 = CARTESIAN_POINT ( 'NONE',  ( 17.31882500000001102, -0.7999999999999931610, 14.53100000000000058 ) ) ;
#7694 = VECTOR ( 'NONE', #4296, 39.37007874015748143 ) ;
#7695 = EDGE_LOOP ( 'NONE', ( #5528, #7668 ) ) ;
#7696 = ORIENTED_EDGE ( 'NONE', *, *, #2902, .F. ) ;
#7697 = VERTEX_POINT ( 'NONE', #5838 ) ;
#7698 = CARTESIAN_POINT ( 'NONE',  ( -35.93750000000000000, 0.6187499999999994671, 15.00000000000000000 ) ) ;
#7699 = CARTESIAN_POINT ( 'NONE',  ( 35.23450000000000415, -0.5499999999999918288, 1.686549999999997107 ) ) ;
#7700 = EDGE_CURVE ( 'NONE', #8249, #6309, #12928, .T. ) ;
#7701 = CARTESIAN_POINT ( 'NONE',  ( 35.93750000000000000, 0.6187500000000388800, -15.00000000000000000 ) ) ;
#7702 = CYLINDRICAL_SURFACE ( 'NONE', #7842, 0.1565000000000003610 ) ;
#7703 = CARTESIAN_POINT ( 'NONE',  ( -21.73442500000000521, -0.7999999999999953815, -14.68749999999999289 ) ) ;
#7704 = CYLINDRICAL_SURFACE ( 'NONE', #12790, 0.1565000000000003610 ) ;
#7705 = DIRECTION ( 'NONE',  ( 1.000000000000000000, -0.000000000000000000, 0.000000000000000000 ) ) ;
#7706 = EDGE_CURVE ( 'NONE', #3131, #5724, #11508, .T. ) ;
#7707 = CYLINDRICAL_SURFACE ( 'NONE', #4938, 0.1565000000000003610 ) ;
#7708 = VERTEX_POINT ( 'NONE', #4901 ) ;
#7709 = ORIENTED_EDGE ( 'NONE', *, *, #9893, .F. ) ;
#7710 = VERTEX_POINT ( 'NONE', #13061 ) ;
#7711 = FACE_BOUND ( 'NONE', #5321, .T. ) ;
#7712 = ORIENTED_EDGE ( 'NONE', *, *, #4959, .F. ) ;
#7713 = DIRECTION ( 'NONE',  ( 1.000000000000000000, 0.000000000000000000, 0.000000000000000000 ) ) ;
#7714 = VERTEX_POINT ( 'NONE', #7109 ) ;
#7715 = EDGE_CURVE ( 'NONE', #4186, #4100, #2957, .T. ) ;
#7716 = EDGE_LOOP ( 'NONE', ( #4129, #3440, #11731, #92 ) ) ;
#7717 = DIRECTION ( 'NONE',  ( -0.000000000000000000, -2.967464690054594744E-16, 1.000000000000000000 ) ) ;
#7718 = EDGE_CURVE ( 'NONE', #6016, #5499, #12059, .T. ) ;
#7719 = DIRECTION ( 'NONE',  ( -0.000000000000000000, -1.000000000000000000, -0.000000000000000000 ) ) ;
#7720 = AXIS2_PLACEMENT_3D ( 'NONE', #4812, #6030, #7970 ) ;
#7721 = CARTESIAN_POINT ( 'NONE',  ( -35.13110000000000355, -0.7999999999999961586, 14.43750000000000178 ) ) ;
#7722 = DIRECTION ( 'NONE',  ( -1.000000000000000000, 0.000000000000000000, 0.000000000000000000 ) ) ;
#7723 = ORIENTED_EDGE ( 'NONE', *, *, #12335, .F. ) ;
#7724 = VERTEX_POINT ( 'NONE', #3889 ) ;
#7725 = VERTEX_POINT ( 'NONE', #6109 ) ;
#7727 = VECTOR ( 'NONE', #13009, 39.37007874015748143 ) ;
#7726 = CARTESIAN_POINT ( 'NONE',  ( 22.10942499999999455, -0.4299000000000038346, 2.512596398514597499E-15 ) ) ;
#7728 = ORIENTED_EDGE ( 'NONE', *, *, #4749, .T. ) ;
#7729 = EDGE_CURVE ( 'NONE', #604, #11358, #13219, .T. ) ;
#7730 = EDGE_LOOP ( 'NONE', ( #573, #2418, #6635, #5121, #458 ) ) ;
#7731 = CYLINDRICAL_SURFACE ( 'NONE', #4751, 0.1250000000000037192 ) ;
#7732 = EDGE_CURVE ( 'NONE', #12206, #11652, #7852, .T. ) ;
#7733 = VECTOR ( 'NONE', #8422, 39.37007874015748143 ) ;
#7734 = DIRECTION ( 'NONE',  ( 0.000000000000000000, -1.000000000000000000, 0.000000000000000000 ) ) ;
#7735 = CARTESIAN_POINT ( 'NONE',  ( -20.89067499999999811, 0.4608499999999960961, 14.79687500000000000 ) ) ;
#7736 = CARTESIAN_POINT ( 'NONE',  ( -32.81496062992125928, 0.7000000000000012879, -3.543307086614173151 ) ) ;
#7737 = CARTESIAN_POINT ( 'NONE',  ( -33.63110000000000355, -0.6953999999999999071, 14.43750000000000178 ) ) ;
#7738 = LINE ( 'NONE', #7674, #6026 ) ;
#7739 = DIRECTION ( 'NONE',  ( -0.000000000000000000, -1.000000000000000000, -1.332348806898293597E-16 ) ) ;
#7740 = ADVANCED_FACE ( 'NONE', ( #1803 ), #5911, .T. ) ;
#7741 = ORIENTED_EDGE ( 'NONE', *, *, #4220, .F. ) ;
#7742 = EDGE_CURVE ( 'NONE', #7267, #5896, #6974, .T. ) ;
#7744 = ORIENTED_EDGE ( 'NONE', *, *, #1513, .F. ) ;
#7743 = CIRCLE ( 'NONE', #6880, 0.1565000000000003610 ) ;
#7745 = VERTEX_POINT ( 'NONE', #4231 ) ;
#7746 = CIRCLE ( 'NONE', #4110, 0.1565000000000003610 ) ;
#7747 = ORIENTED_EDGE ( 'NONE', *, *, #543, .F. ) ;
#7748 = DIRECTION ( 'NONE',  ( -1.000000000000000000, 0.000000000000000000, 0.000000000000000000 ) ) ;
#7749 = CIRCLE ( 'NONE', #4331, 0.1565000000000003610 ) ;
#7750 = CARTESIAN_POINT ( 'NONE',  ( -21.57792500000000402, -0.5499999999999954925, -14.53099999999999348 ) ) ;
#7751 = CARTESIAN_POINT ( 'NONE',  ( 22.10942499999999455, -0.6954000000000041259, 2.512596398514597499E-15 ) ) ;
#7752 = CARTESIAN_POINT ( 'NONE',  ( 21.26567499999998745, 0.3358499999999960961, 14.79687500000000000 ) ) ;
#7753 = DIRECTION ( 'NONE',  ( -1.240959386601361473E-16, 1.000000000000000000, 0.000000000000000000 ) ) ;
#7754 = CARTESIAN_POINT ( 'NONE',  ( 35.13110000000001065, -0.7999999999999918288, -14.31249999999996980 ) ) ;
#7755 = EDGE_CURVE ( 'NONE', #4898, #7414, #11324, .T. ) ;
#7756 = CARTESIAN_POINT ( 'NONE',  ( 0.000000000000000000, 0.000000000000000000, 14.78124999999999822 ) ) ;
#7757 = CIRCLE ( 'NONE', #1967, 0.1250000000000037192 ) ;
#7758 = DIRECTION ( 'NONE',  ( 0.000000000000000000, -1.000000000000000000, -2.967464690054594744E-16 ) ) ;
#7759 = ORIENTED_EDGE ( 'NONE', *, *, #3745, .F. ) ;
#7760 = AXIS2_PLACEMENT_3D ( 'NONE', #2556, #727, #11925 ) ;
#7761 = ADVANCED_FACE ( 'NONE', ( #5371 ), #11517, .F. ) ;
#7762 = EDGE_CURVE ( 'NONE', #1792, #1999, #5531, .T. ) ;
#7763 = VERTEX_POINT ( 'NONE', #9457 ) ;
#7764 = ORIENTED_EDGE ( 'NONE', *, *, #11825, .F. ) ;
#7765 = CARTESIAN_POINT ( 'NONE',  ( -35.23450000000000415, -0.6954000000000000181, -1.936550000000002880 ) ) ;
#7766 = DIRECTION ( 'NONE',  ( 0.000000000000000000, 0.000000000000000000, -1.000000000000000000 ) ) ;
#7767 = CARTESIAN_POINT ( 'NONE',  ( -17.00582500000000152, -0.6954000000000000181, -14.34399999999999764 ) ) ;
#7768 = LINE ( 'NONE', #5821, #3552 ) ;
#7769 = DIRECTION ( 'NONE',  ( 0.000000000000000000, -1.000000000000000000, -2.967464690054594744E-16 ) ) ;
#7770 = CARTESIAN_POINT ( 'NONE',  ( -36.02170000000000272, 0.6999999999999995115, 14.78124999999999822 ) ) ;
#7771 = DIRECTION ( 'NONE',  ( 0.000000000000000000, 0.000000000000000000, 1.000000000000000000 ) ) ;
#7772 = AXIS2_PLACEMENT_3D ( 'NONE', #10504, #3204, #7424 ) ;
#7773 = FACE_OUTER_BOUND ( 'NONE', #6386, .T. ) ;
#7774 = VERTEX_POINT ( 'NONE', #1198 ) ;
#7775 = ORIENTED_EDGE ( 'NONE', *, *, #7661, .F. ) ;
#7776 = ORIENTED_EDGE ( 'NONE', *, *, #8649, .F. ) ;
#7777 = LINE ( 'NONE', #1531, #7248 ) ;
#7778 = AXIS2_PLACEMENT_3D ( 'NONE', #1313, #5357, #11634 ) ;
#7779 = EDGE_CURVE ( 'NONE', #12992, #8950, #5174, .T. ) ;
#7780 = EDGE_LOOP ( 'NONE', ( #11914, #2679, #11845, #1474 ) ) ;
#7781 = AXIS2_PLACEMENT_3D ( 'NONE', #7922, #8996, #6708 ) ;
#7782 = CARTESIAN_POINT ( 'NONE',  ( -35.93750000000000000, 0.5641500000000000403, 14.86415000000000219 ) ) ;
#7783 = VERTEX_POINT ( 'NONE', #12266 ) ;
#7784 = VERTEX_POINT ( 'NONE', #5239 ) ;
#7785 = DIRECTION ( 'NONE',  ( 0.000000000000000000, 0.000000000000000000, 1.000000000000000000 ) ) ;
#7786 = LINE ( 'NONE', #1410, #10458 ) ;
#7787 = SURFACE_STYLE_FILL_AREA ( #8728 ) ;
#7788 = PLANE ( 'NONE',  #12352 ) ;
#7789 = DIRECTION ( 'NONE',  ( 1.000000000000000000, -0.000000000000000000, 0.000000000000000000 ) ) ;
#7790 = ORIENTED_EDGE ( 'NONE', *, *, #3178, .F. ) ;
#7791 = CIRCLE ( 'NONE', #5860, 0.1250000000000037192 ) ;
#7792 = EDGE_LOOP ( 'NONE', ( #9575, #10427, #7095, #8618 ) ) ;
#7793 = ORIENTED_EDGE ( 'NONE', *, *, #4303, .T. ) ;
#7794 = DIRECTION ( 'NONE',  ( 1.000000000000000000, 0.000000000000000000, 0.000000000000000000 ) ) ;
#7795 = ORIENTED_EDGE ( 'NONE', *, *, #11408, .F. ) ;
#7796 = ORIENTED_EDGE ( 'NONE', *, *, #111, .F. ) ;
#7797 = AXIS2_PLACEMENT_3D ( 'NONE', #12400, #6380, #8522 ) ;
#7798 = FACE_OUTER_BOUND ( 'NONE', #7645, .T. ) ;
#7799 = CARTESIAN_POINT ( 'NONE',  ( 21.73442499999999100, 0.7000000000000405898, 14.42187500000000178 ) ) ;
#7800 = DIRECTION ( 'NONE',  ( -1.000000000000000000, 0.000000000000000000, -0.000000000000000000 ) ) ;
#7801 = CARTESIAN_POINT ( 'NONE',  ( 22.10942500000000166, -0.4299000000000038346, 12.43750000000000178 ) ) ;
#7802 = DIRECTION ( 'NONE',  ( 0.000000000000000000, 0.000000000000000000, 1.000000000000000000 ) ) ;
#7803 = DIRECTION ( 'NONE',  ( -0.000000000000000000, -1.000000000000000000, -1.332348806898293597E-16 ) ) ;
#7804 = ORIENTED_EDGE ( 'NONE', *, *, #2294, .F. ) ;
#7805 = EDGE_LOOP ( 'NONE', ( #567, #2428 ) ) ;
#7806 = EDGE_CURVE ( 'NONE', #7784, #4718, #10864, .T. ) ;
#7807 = ORIENTED_EDGE ( 'NONE', *, *, #5987, .T. ) ;
#7808 = ORIENTED_EDGE ( 'NONE', *, *, #13052, .T. ) ;
#7809 = CARTESIAN_POINT ( 'NONE',  ( 26.09352500000000674, -0.7999999999999926059, 14.34399999999999942 ) ) ;
#7810 = EDGE_CURVE ( 'NONE', #4249, #10266, #7440, .T. ) ;
#7811 = DIRECTION ( 'NONE',  ( 1.000000000000000000, 0.000000000000000000, 0.000000000000000000 ) ) ;
#7812 = CARTESIAN_POINT ( 'NONE',  ( 35.13110000000001065, -0.6953999999999957993, -14.43749999999997335 ) ) ;
#7813 = CARTESIAN_POINT ( 'NONE',  ( 35.23450000000000415, -0.7999999999999917177, -8.311549999999972016 ) ) ;
#7814 = VECTOR ( 'NONE', #12961, 39.37007874015748143 ) ;
#7815 = CARTESIAN_POINT ( 'NONE',  ( -11.40652500000000913, -0.6953999999999987969, 14.53100000000000058 ) ) ;
#7816 = VECTOR ( 'NONE', #11904, 39.37007874015748143 ) ;
#7817 = DIRECTION ( 'NONE',  ( 1.000000000000000000, 4.161428847396411586E-15, -0.000000000000000000 ) ) ;
#7818 = ADVANCED_FACE ( 'NONE', ( #6439 ), #9395, .F. ) ;
#7819 = CARTESIAN_POINT ( 'NONE',  ( -21.35942500000000521, 0.7000000000000407008, 2.512596398514597499E-15 ) ) ;
#7820 = EDGE_LOOP ( 'NONE', ( #10737, #9918, #10055, #1408 ) ) ;
#7821 = EDGE_CURVE ( 'NONE', #10214, #11800, #369, .T. ) ;
#7822 = ORIENTED_EDGE ( 'NONE', *, *, #8104, .T. ) ;
#7823 = AXIS2_PLACEMENT_3D ( 'NONE', #8548, #9422, #347 ) ;
#7824 = CIRCLE ( 'NONE', #8261, 0.08124999999999903133 ) ;
#7825 = EDGE_CURVE ( 'NONE', #12301, #12552, #8259, .T. ) ;
#7826 = CARTESIAN_POINT ( 'NONE',  ( 22.57817500000000166, 0.3358499999999960961, 14.67187500000000000 ) ) ;
#7827 = ORIENTED_EDGE ( 'NONE', *, *, #7947, .F. ) ;
#7829 = VERTEX_POINT ( 'NONE', #6305 ) ;
#7828 = EDGE_CURVE ( 'NONE', #12487, #8864, #5109, .T. ) ;
#7830 = CARTESIAN_POINT ( 'NONE',  ( -21.89092500000000285, -0.6953999999999993520, -14.34399999999999764 ) ) ;
#7831 = DIRECTION ( 'NONE',  ( -1.000000000000000000, 0.000000000000000000, 0.000000000000000000 ) ) ;
#7832 = DIRECTION ( 'NONE',  ( -0.000000000000000000, -1.000000000000000000, -1.332348806898293597E-16 ) ) ;
#7833 = CARTESIAN_POINT ( 'NONE',  ( 21.89092500000000996, -0.6953999999999967985, 14.34400000000000475 ) ) ;
#7834 = DIRECTION ( 'NONE',  ( 0.000000000000000000, 0.000000000000000000, -1.000000000000000000 ) ) ;
#7835 = PLANE ( 'NONE',  #10754 ) ;
#7836 = CARTESIAN_POINT ( 'NONE',  ( -21.89092500000000996, -0.7999999999999953815, 14.34400000000000475 ) ) ;
#7837 = CARTESIAN_POINT ( 'NONE',  ( -11.09352500000000852, -0.7999999999999948264, 14.53100000000000058 ) ) ;
#7838 = AXIS2_PLACEMENT_3D ( 'NONE', #5773, #5583, #12797 ) ;
#7839 = LINE ( 'NONE', #2740, #5797 ) ;
#7840 = ORIENTED_EDGE ( 'NONE', *, *, #6081, .T. ) ;
#7841 = EDGE_LOOP ( 'NONE', ( #10916, #3057, #6945, #9666 ) ) ;
#7842 = AXIS2_PLACEMENT_3D ( 'NONE', #4682, #5632, #8707 ) ;
#7844 = ORIENTED_EDGE ( 'NONE', *, *, #3304, .F. ) ;
#7843 = ADVANCED_FACE ( 'NONE', ( #3089 ), #7309, .F. ) ;
#7845 = DIRECTION ( 'NONE',  ( -0.000000000000000000, -0.000000000000000000, 1.000000000000000000 ) ) ;
#7846 = AXIS2_PLACEMENT_3D ( 'NONE', #7520, #4439, #8536 ) ;
#7847 = ORIENTED_EDGE ( 'NONE', *, *, #1831, .T. ) ;
#7848 = DIRECTION ( 'NONE',  ( -0.000000000000000000, -1.000000000000000000, -1.332348806898293597E-16 ) ) ;
#7849 = ORIENTED_EDGE ( 'NONE', *, *, #6494, .F. ) ;
#7850 = VERTEX_POINT ( 'NONE', #255 ) ;
#7851 = CARTESIAN_POINT ( 'NONE',  ( -18.59352500000000674, -0.6953999999999991299, 13.97959999999999603 ) ) ;
#7852 = LINE ( 'NONE', #6843, #12364 ) ;
#7853 =( NAMED_UNIT ( * ) SI_UNIT ( $, .STERADIAN. ) SOLID_ANGLE_UNIT ( ) );
#7854 = CIRCLE ( 'NONE', #11689, 0.08125000000000121014 ) ;
#7855 = DIRECTION ( 'NONE',  ( 0.000000000000000000, 0.000000000000000000, -1.000000000000000000 ) ) ;
#7856 = DIRECTION ( 'NONE',  ( 0.000000000000000000, 0.000000000000000000, 1.000000000000000000 ) ) ;
#7857 = ORIENTED_EDGE ( 'NONE', *, *, #6325, .T. ) ;
#7858 = CIRCLE ( 'NONE', #9576, 0.1565000000000003610 ) ;
#7859 = EDGE_CURVE ( 'NONE', #11985, #5148, #4360, .T. ) ;
#7860 = EDGE_CURVE ( 'NONE', #9809, #4370, #2145, .T. ) ;
#7861 = EDGE_LOOP ( 'NONE', ( #5518, #12858, #10537, #8475 ) ) ;
#7862 = EDGE_LOOP ( 'NONE', ( #6978, #1814 ) ) ;
#7863 = CARTESIAN_POINT ( 'NONE',  ( 21.37157499999998933, -0.5895000000000039098, -14.79687500000000000 ) ) ;
#7864 = EDGE_LOOP ( 'NONE', ( #10939, #1850, #13215, #405, #4184 ) ) ;
#7865 = AXIS2_PLACEMENT_3D ( 'NONE', #2757, #8602, #1878 ) ;
#7867 = CIRCLE ( 'NONE', #11058, 0.1250000000000037192 ) ;
#7866 = DIRECTION ( 'NONE',  ( 0.000000000000000000, -1.000000000000000000, -1.332348806898293597E-16 ) ) ;
#7868 = ORIENTED_EDGE ( 'NONE', *, *, #1977, .F. ) ;
#7869 = CARTESIAN_POINT ( 'NONE',  ( 36.02170047244094775, -0.2096999999999985820, -13.87500000000000000 ) ) ;
#7870 = LINE ( 'NONE', #11944, #4658 ) ;
#7871 = DIRECTION ( 'NONE',  ( 1.000000000000000000, 0.000000000000000000, 0.000000000000000000 ) ) ;
#7872 = EDGE_CURVE ( 'NONE', #12650, #11268, #4091, .T. ) ;
#7873 = CARTESIAN_POINT ( 'NONE',  ( 17.16232500000000272, -0.7999999999999931610, -14.53099999999999170 ) ) ;
#7874 = CARTESIAN_POINT ( 'NONE',  ( 35.93750000000000000, -0.6954000000000036819, 14.89540000000000042 ) ) ;
#7875 = EDGE_LOOP ( 'NONE', ( #12583, #8425, #9203, #3097 ) ) ;
#7876 = ORIENTED_EDGE ( 'NONE', *, *, #10377, .F. ) ;
#7877 = VECTOR ( 'NONE', #3051, 39.37007874015748143 ) ;
#7878 = EDGE_LOOP ( 'NONE', ( #12277, #12187 ) ) ;
#7879 = EDGE_LOOP ( 'NONE', ( #6400, #10590, #6465, #1108 ) ) ;
#7880 = ADVANCED_FACE ( 'NONE', ( #9266 ), #6242, .F. ) ;
#7881 = DIRECTION ( 'NONE',  ( 0.000000000000000000, -1.000000000000000000, -1.332348806898293597E-16 ) ) ;
#7882 = VECTOR ( 'NONE', #8453, 39.37007874015748143 ) ;
#7883 = DIRECTION ( 'NONE',  ( 1.000000000000000000, 0.000000000000000000, -0.000000000000000000 ) ) ;
#7884 = CARTESIAN_POINT ( 'NONE',  ( 22.23442500000000166, -0.4299000000000038346, 12.43750000000000178 ) ) ;
#7885 = CARTESIAN_POINT ( 'NONE',  ( 26.09352500000000674, -0.7999999999999926059, 14.53099999999999703 ) ) ;
#7886 = CIRCLE ( 'NONE', #6181, 0.1565000000000003610 ) ;
#7887 = ADVANCED_FACE ( 'NONE', ( #8390, #12460, #1393, #3615, #1523, #5694 ), #9778, .F. ) ;
#7888 = CARTESIAN_POINT ( 'NONE',  ( -20.96537499999999810, 0.4608499999999960961, 14.79687500000000000 ) ) ;
#7889 = AXIS2_PLACEMENT_3D ( 'NONE', #2223, #6320, #1215 ) ;
#7890 = CARTESIAN_POINT ( 'NONE',  ( 36.02170000000000272, 0.6187500000000388800, 14.78124999999999822 ) ) ;
#7891 = VECTOR ( 'NONE', #1666, 39.37007874015748143 ) ;
#7892 = FACE_BOUND ( 'NONE', #9938, .T. ) ;
#7893 = ORIENTED_EDGE ( 'NONE', *, *, #10490, .F. ) ;
#7894 = ORIENTED_EDGE ( 'NONE', *, *, #182, .F. ) ;
#7895 = AXIS2_PLACEMENT_3D ( 'NONE', #13080, #2099, #8072 ) ;
#7896 = FACE_OUTER_BOUND ( 'NONE', #8921, .T. ) ;
#7897 = ORIENTED_EDGE ( 'NONE', *, *, #7304, .F. ) ;
#7898 = EDGE_CURVE ( 'NONE', #1021, #10749, #9652, .T. ) ;
#7899 = EDGE_LOOP ( 'NONE', ( #4838, #8868, #4832, #10077 ) ) ;
#7900 = PLANE ( 'NONE',  #13148 ) ;
#7901 = CARTESIAN_POINT ( 'NONE',  ( 21.73442499999999811, -0.7999999999999928280, -14.53099999999999170 ) ) ;
#7902 = CARTESIAN_POINT ( 'NONE',  ( 36.02170047244094775, -0.2096999999999985820, -5.749999999999996447 ) ) ;
#7903 = ADVANCED_FACE ( 'NONE', ( #2540 ), #7704, .F. ) ;
#7904 = CARTESIAN_POINT ( 'NONE',  ( -32.28760000000000474, -0.6953999999999999071, 13.97959999999999958 ) ) ;
#7905 = CARTESIAN_POINT ( 'NONE',  ( 35.93750000000000000, -0.7187499999999996669, 15.00000000000000000 ) ) ;
#7906 = CIRCLE ( 'NONE', #9418, 0.1250000000000037192 ) ;
#7907 = DIRECTION ( 'NONE',  ( 0.000000000000000000, 0.000000000000000000, -1.000000000000000000 ) ) ;
#7908 = LINE ( 'NONE', #6693, #3796 ) ;
#7909 = DIRECTION ( 'NONE',  ( 0.000000000000000000, 0.000000000000000000, -1.000000000000000000 ) ) ;
#7910 = ORIENTED_EDGE ( 'NONE', *, *, #6443, .F. ) ;
#7911 = ORIENTED_EDGE ( 'NONE', *, *, #2588, .F. ) ;
#7912 = EDGE_CURVE ( 'NONE', #6816, #9853, #2091, .T. ) ;
#7913 = AXIS2_PLACEMENT_3D ( 'NONE', #4265, #8359, #10620 ) ;
#7914 = ORIENTED_EDGE ( 'NONE', *, *, #9050, .F. ) ;
#7915 = FACE_BOUND ( 'NONE', #8801, .T. ) ;
#7916 = VERTEX_POINT ( 'NONE', #5437 ) ;
#7917 = FACE_OUTER_BOUND ( 'NONE', #11336, .T. ) ;
#7918 = ORIENTED_EDGE ( 'NONE', *, *, #11572, .F. ) ;
#7919 = ORIENTED_EDGE ( 'NONE', *, *, #6678, .F. ) ;
#7920 = CARTESIAN_POINT ( 'NONE',  ( 28.22460000000000946, -0.5499999999999923839, -14.53099999999999703 ) ) ;
#7921 = DIRECTION ( 'NONE',  ( 0.000000000000000000, 0.000000000000000000, -1.000000000000000000 ) ) ;
#7922 = CARTESIAN_POINT ( 'NONE',  ( -25.98425196850394059, 0.7000000000000049516, 3.543307086614173151 ) ) ;
#7923 = CARTESIAN_POINT ( 'NONE',  ( -3.906499999999998529, -0.7999999999999943823, -14.34399999999999409 ) ) ;
#7924 = DIRECTION ( 'NONE',  ( -0.000000000000000000, -1.000000000000000000, -1.332348806898293597E-16 ) ) ;
#7925 = ORIENTED_EDGE ( 'NONE', *, *, #6688, .T. ) ;
#7926 = EDGE_CURVE ( 'NONE', #7563, #9848, #2519, .T. ) ;
#7927 = VERTEX_POINT ( 'NONE', #451 ) ;
#7928 = ADVANCED_FACE ( 'NONE', ( #4497 ), #9715, .F. ) ;
#7929 = ORIENTED_EDGE ( 'NONE', *, *, #737, .T. ) ;
#7930 = DIRECTION ( 'NONE',  ( -0.000000000000000000, -1.000000000000000000, -1.332348806898293597E-16 ) ) ;
#7931 = ORIENTED_EDGE ( 'NONE', *, *, #8000, .F. ) ;
#7932 = CARTESIAN_POINT ( 'NONE',  ( -17.31882500000000391, -0.7999999999999951594, -14.34399999999999764 ) ) ;
#7933 = ORIENTED_EDGE ( 'NONE', *, *, #12676, .T. ) ;
#7934 = DIRECTION ( 'NONE',  ( 0.000000000000000000, 0.000000000000000000, -1.000000000000000000 ) ) ;
#7935 = DIRECTION ( 'NONE',  ( -0.000000000000000000, -1.000000000000000000, -1.332348806898293597E-16 ) ) ;
#7936 = DIRECTION ( 'NONE',  ( -1.000000000000000000, -0.000000000000000000, -0.000000000000000000 ) ) ;
#7937 = LINE ( 'NONE', #8807, #10676 ) ;
#7938 = LINE ( 'NONE', #7061, #9610 ) ;
#7939 = ORIENTED_EDGE ( 'NONE', *, *, #12403, .F. ) ;
#7940 = ORIENTED_EDGE ( 'NONE', *, *, #11391, .F. ) ;
#7941 = AXIS2_PLACEMENT_3D ( 'NONE', #11700, #3403, #11768 ) ;
#7942 = ORIENTED_EDGE ( 'NONE', *, *, #12726, .F. ) ;
#7943 = VERTEX_POINT ( 'NONE', #3677 ) ;
#7944 = AXIS2_PLACEMENT_3D ( 'NONE', #18, #2308, #9228 ) ;
#7945 = EDGE_CURVE ( 'NONE', #443, #1355, #7638, .T. ) ;
#7946 = CARTESIAN_POINT ( 'NONE',  ( 22.10942500000000166, -0.4299000000000038346, 12.43750000000000178 ) ) ;
#7947 = EDGE_CURVE ( 'NONE', #3947, #12385, #9170, .T. ) ;
#7948 = DIRECTION ( 'NONE',  ( -1.000000000000000000, -0.000000000000000000, -0.000000000000000000 ) ) ;
#7949 = CARTESIAN_POINT ( 'NONE',  ( 11.40652500000000025, -0.6953999999999974646, -14.53099999999999348 ) ) ;
#7950 = FACE_OUTER_BOUND ( 'NONE', #8609, .T. ) ;
#7951 = CARTESIAN_POINT ( 'NONE',  ( -28.53760000000000474, -0.5499999999999959366, -14.34399999999999942 ) ) ;
#7952 = AXIS2_PLACEMENT_3D ( 'NONE', #5007, #13034, #2849 ) ;
#7953 = CARTESIAN_POINT ( 'NONE',  ( -28.38110000000000355, -0.6953999999999997961, -14.68749999999999467 ) ) ;
#7954 = EDGE_CURVE ( 'NONE', #5584, #10780, #2312, .T. ) ;
#7955 = DIRECTION ( 'NONE',  ( -1.000000000000000000, 0.000000000000000000, 0.000000000000000000 ) ) ;
#7956 = EDGE_CURVE ( 'NONE', #10740, #7563, #8710, .T. ) ;
#7957 = VERTEX_POINT ( 'NONE', #1330 ) ;
#7958 = VERTEX_POINT ( 'NONE', #12785 ) ;
#7959 = VECTOR ( 'NONE', #8262, 39.37007874015748143 ) ;
#7960 = DIRECTION ( 'NONE',  ( 1.240959386601371334E-16, -1.000000000000000000, -0.000000000000000000 ) ) ;
#7961 = ORIENTED_EDGE ( 'NONE', *, *, #8068, .F. ) ;
#7962 = EDGE_LOOP ( 'NONE', ( #7942, #5700, #6593, #11453, #1981, #10291, #11815, #11027 ) ) ;
#7963 = CARTESIAN_POINT ( 'NONE',  ( 32.13110000000000355, -0.5499999999999921618, 14.18750000000000533 ) ) ;
#7964 = DIRECTION ( 'NONE',  ( -0.000000000000000000, -2.967464690054594744E-16, 1.000000000000000000 ) ) ;
#7965 = DIRECTION ( 'NONE',  ( 0.000000000000000000, 0.000000000000000000, -1.000000000000000000 ) ) ;
#7966 = DIRECTION ( 'NONE',  ( 0.000000000000000000, 0.000000000000000000, -1.000000000000000000 ) ) ;
#7967 = DIRECTION ( 'NONE',  ( 0.000000000000000000, 0.000000000000000000, 1.000000000000000000 ) ) ;
#7968 = CARTESIAN_POINT ( 'NONE',  ( -11.25002500000000794, -0.6953999999999987969, 14.18750000000000533 ) ) ;
#7969 = CARTESIAN_POINT ( 'NONE',  ( 35.23450000000000415, -0.7999999999999917177, -8.436549999999973792 ) ) ;
#7970 = DIRECTION ( 'NONE',  ( 1.000000000000000000, 0.000000000000000000, 0.000000000000000000 ) ) ;
#7971 = AXIS2_PLACEMENT_3D ( 'NONE', #9874, #542, #9940 ) ;
#7972 = VERTEX_POINT ( 'NONE', #10776 ) ;
#7973 = ORIENTED_EDGE ( 'NONE', *, *, #1900, .F. ) ;
#7974 = CIRCLE ( 'NONE', #4754, 0.1565000000000003610 ) ;
#7975 = EDGE_CURVE ( 'NONE', #8507, #394, #3479, .T. ) ;
#7976 = LINE ( 'NONE', #11116, #12379 ) ;
#7977 = ORIENTED_EDGE ( 'NONE', *, *, #12156, .T. ) ;
#7978 = CYLINDRICAL_SURFACE ( 'NONE', #2477, 0.1250000000000026368 ) ;
#7979 = CARTESIAN_POINT ( 'NONE',  ( -21.89092500000000996, -0.7999999999999953815, 14.53100000000000058 ) ) ;
#7980 = VERTEX_POINT ( 'NONE', #9522 ) ;
#7981 = CARTESIAN_POINT ( 'NONE',  ( -32.28760000000000474, -0.7999999999999961586, -14.53099999999999703 ) ) ;
#7982 = DIRECTION ( 'NONE',  ( -1.000000000000000000, 0.000000000000000000, 0.000000000000000000 ) ) ;
#7983 = EDGE_CURVE ( 'NONE', #10143, #10740, #8096, .T. ) ;
#7984 = CARTESIAN_POINT ( 'NONE',  ( -7.327925000000003131, -0.5499999999999946043, -14.34399999999999054 ) ) ;
#7985 = DIRECTION ( 'NONE',  ( -0.000000000000000000, -1.000000000000000000, -1.332348806898293597E-16 ) ) ;
#7986 = DIRECTION ( 'NONE',  ( 0.000000000000000000, 0.000000000000000000, -1.000000000000000000 ) ) ;
#7987 = DIRECTION ( 'NONE',  ( 5.463695987328555033E-16, -1.000000000000000000, 0.000000000000000000 ) ) ;
#7988 = VERTEX_POINT ( 'NONE', #7505 ) ;
#7989 = ADVANCED_FACE ( 'NONE', ( #2464 ), #11582, .T. ) ;
#7990 = CIRCLE ( 'NONE', #1350, 0.1565000000000003610 ) ;
#7991 = AXIS2_PLACEMENT_3D ( 'NONE', #9538, #1411, #5589 ) ;
#7992 = ORIENTED_EDGE ( 'NONE', *, *, #2304, .T. ) ;
#7993 = VERTEX_POINT ( 'NONE', #6566 ) ;
#7994 = CARTESIAN_POINT ( 'NONE',  ( 3.750000000000002220, -0.6953999999999979087, 14.34400000000000652 ) ) ;
#7995 = EDGE_LOOP ( 'NONE', ( #12349, #7585, #8549, #7265 ) ) ;
#7996 = EDGE_CURVE ( 'NONE', #5360, #9947, #12587, .T. ) ;
#7997 = DIRECTION ( 'NONE',  ( 0.000000000000000000, -1.000000000000000000, -2.967464690054594744E-16 ) ) ;
#7998 = ORIENTED_EDGE ( 'NONE', *, *, #10955, .F. ) ;
#7999 = LINE ( 'NONE', #4107, #10329 ) ;
#8000 = EDGE_CURVE ( 'NONE', #1612, #6235, #12720, .T. ) ;
#8001 = DIRECTION ( 'NONE',  ( -0.000000000000000000, -1.000000000000000000, -1.332348806898293597E-16 ) ) ;
#8002 = CARTESIAN_POINT ( 'NONE',  ( -21.89092500000000996, -0.5499999999999954925, 14.53100000000000058 ) ) ;
#8003 = AXIS2_PLACEMENT_3D ( 'NONE', #2238, #3189, #12498 ) ;
#8004 = CARTESIAN_POINT ( 'NONE',  ( -11.09352500000000319, -0.7999999999999948264, -14.34399999999999764 ) ) ;
#8006 = AXIS2_PLACEMENT_3D ( 'NONE', #5859, #8874, #3707 ) ;
#8005 = CARTESIAN_POINT ( 'NONE',  ( 32.28760000000001185, -0.8000000000000000444, -14.53099999999997394 ) ) ;
#8007 = VERTEX_POINT ( 'NONE', #13106 ) ;
#8008 = ORIENTED_EDGE ( 'NONE', *, *, #11897, .T. ) ;
#8009 = ORIENTED_EDGE ( 'NONE', *, *, #2147, .T. ) ;
#8010 = VECTOR ( 'NONE', #5375, 39.37007874015748143 ) ;
#8011 = ORIENTED_EDGE ( 'NONE', *, *, #12445, .F. ) ;
#8012 = DIRECTION ( 'NONE',  ( -0.000000000000000000, -1.000000000000000000, -1.332348806898293597E-16 ) ) ;
#8013 = LINE ( 'NONE', #2915, #8909 ) ;
#8014 = CARTESIAN_POINT ( 'NONE',  ( -36.02170000000000272, -0.6341000000000001080, -14.78124999999999822 ) ) ;
#8015 = CARTESIAN_POINT ( 'NONE',  ( 22.10942500000000521, 0.7000000000000407008, -12.43750000000001066 ) ) ;
#8016 = DIRECTION ( 'NONE',  ( -0.000000000000000000, -1.000000000000000000, -1.332348806898293597E-16 ) ) ;
#8017 = DIRECTION ( 'NONE',  ( -0.000000000000000000, -0.000000000000000000, 1.000000000000000000 ) ) ;
#8018 = DIRECTION ( 'NONE',  ( -1.000000000000000000, -5.463695987328555033E-16, 0.000000000000000000 ) ) ;
#8019 = VERTEX_POINT ( 'NONE', #7968 ) ;
#8020 = EDGE_CURVE ( 'NONE', #11248, #4641, #912, .T. ) ;
#8021 = VERTEX_POINT ( 'NONE', #2800 ) ;
#8022 = DIRECTION ( 'NONE',  ( 0.000000000000000000, -1.000000000000000000, -2.967464690054594744E-16 ) ) ;
#8023 = ORIENTED_EDGE ( 'NONE', *, *, #1746, .T. ) ;
#8024 = AXIS2_PLACEMENT_3D ( 'NONE', #1324, #12391, #11576 ) ;
#8025 = ORIENTED_EDGE ( 'NONE', *, *, #8411, .T. ) ;
#8026 = CARTESIAN_POINT ( 'NONE',  ( -22.20317500000001232, -0.5895000000000039098, 14.79687500000000000 ) ) ;
#8027 = LINE ( 'NONE', #3867, #11653 ) ;
#8028 = DIRECTION ( 'NONE',  ( -1.000000000000000000, 0.000000000000000000, 0.000000000000000000 ) ) ;
#8029 = AXIS2_PLACEMENT_3D ( 'NONE', #4341, #12377, #8434 ) ;
#8030 = DIRECTION ( 'NONE',  ( 0.000000000000000000, -1.000000000000000000, -1.332348806898293597E-16 ) ) ;
#8031 = CARTESIAN_POINT ( 'NONE',  ( 21.37157499999998933, -0.6207000000000038042, 14.79687500000000000 ) ) ;
#8032 = DIRECTION ( 'NONE',  ( 0.000000000000000000, 2.967464690054594744E-16, -1.000000000000000000 ) ) ;
#8033 = DIRECTION ( 'NONE',  ( 0.000000000000000000, 0.000000000000000000, -1.000000000000000000 ) ) ;
#8034 = ORIENTED_EDGE ( 'NONE', *, *, #3050, .T. ) ;
#8035 = FACE_OUTER_BOUND ( 'NONE', #9885, .T. ) ;
#8036 = VERTEX_POINT ( 'NONE', #8842 ) ;
#8037 = CIRCLE ( 'NONE', #2248, 0.1565000000000003610 ) ;
#8038 = ORIENTED_EDGE ( 'NONE', *, *, #1606, .T. ) ;
#8039 = VECTOR ( 'NONE', #13191, 39.37007874015748143 ) ;
#8040 = CARTESIAN_POINT ( 'NONE',  ( -35.23450000000000415, -0.6954000000000000181, 1.936550000000002880 ) ) ;
#8041 = ORIENTED_EDGE ( 'NONE', *, *, #10589, .F. ) ;
#8042 = CARTESIAN_POINT ( 'NONE',  ( -22.12847500000001588, 0.4608499999999960961, 14.67187500000000000 ) ) ;
#8043 = VERTEX_POINT ( 'NONE', #3740 ) ;
#8044 = ADVANCED_FACE ( 'NONE', ( #13047 ), #4953, .F. ) ;
#8045 = VECTOR ( 'NONE', #1601, 39.37007874015748143 ) ;
#8046 = VERTEX_POINT ( 'NONE', #7836 ) ;
#8047 = CARTESIAN_POINT ( 'NONE',  ( 22.17192499999999455, -0.6207000000000038042, 13.92187500000000178 ) ) ;
#8049 = VECTOR ( 'NONE', #3918, 39.37007874015748143 ) ;
#8048 = FACE_OUTER_BOUND ( 'NONE', #4372, .T. ) ;
#8050 = LINE ( 'NONE', #10131, #5545 ) ;
#8051 = CARTESIAN_POINT ( 'NONE',  ( 3.749999999999997780, -0.5499999999999939382, -14.68749999999998757 ) ) ;
#8052 = FACE_OUTER_BOUND ( 'NONE', #2088, .T. ) ;
#8053 = EDGE_CURVE ( 'NONE', #10062, #3766, #12914, .T. ) ;
#8054 = DIRECTION ( 'NONE',  ( 0.000000000000000000, 0.000000000000000000, -1.000000000000000000 ) ) ;
#8055 = FACE_OUTER_BOUND ( 'NONE', #2364, .T. ) ;
#8056 = ORIENTED_EDGE ( 'NONE', *, *, #6204, .T. ) ;
#8057 = VECTOR ( 'NONE', #6042, 39.37007874015748143 ) ;
#8058 = CIRCLE ( 'NONE', #5933, 0.1250000000000037192 ) ;
#8059 = ORIENTED_EDGE ( 'NONE', *, *, #2554, .F. ) ;
#8060 = ORIENTED_EDGE ( 'NONE', *, *, #10003, .F. ) ;
#8061 = DIRECTION ( 'NONE',  ( -0.000000000000000000, -1.000000000000000000, -0.000000000000000000 ) ) ;
#8062 = VERTEX_POINT ( 'NONE', #849 ) ;
#8063 = VECTOR ( 'NONE', #36, 39.37007874015748143 ) ;
#8064 = EDGE_CURVE ( 'NONE', #2178, #2592, #1718, .T. ) ;
#8065 = CARTESIAN_POINT ( 'NONE',  ( -20.99657499999999999, -0.5895000000000039098, 14.79687500000000000 ) ) ;
#8066 = VERTEX_POINT ( 'NONE', #12040 ) ;
#8067 = FACE_BOUND ( 'NONE', #4167, .T. ) ;
#8068 = EDGE_CURVE ( 'NONE', #6896, #7365, #781, .T. ) ;
#8069 = PLANE ( 'NONE',  #8097 ) ;
#8070 = CARTESIAN_POINT ( 'NONE',  ( 21.73442499999999100, -0.4299000000000040012, 14.42187500000000178 ) ) ;
#8071 = AXIS2_PLACEMENT_3D ( 'NONE', #12239, #12488, #6527 ) ;
#8072 = DIRECTION ( 'NONE',  ( 0.000000000000000000, 0.000000000000000000, 1.000000000000000000 ) ) ;
#8073 = VERTEX_POINT ( 'NONE', #7026 ) ;
#8074 = EDGE_LOOP ( 'NONE', ( #12838, #10956, #4434, #1003 ) ) ;
#8075 = EDGE_CURVE ( 'NONE', #3080, #7763, #1034, .T. ) ;
#8076 = EDGE_LOOP ( 'NONE', ( #9836, #10206, #11642, #7184, #1761 ) ) ;
#8077 = CIRCLE ( 'NONE', #5299, 0.1565000000000003610 ) ;
#8078 = ORIENTED_EDGE ( 'NONE', *, *, #5560, .F. ) ;
#8079 = DIRECTION ( 'NONE',  ( -0.000000000000000000, -0.000000000000000000, 1.000000000000000000 ) ) ;
#8080 = DIRECTION ( 'NONE',  ( -0.000000000000000000, -1.000000000000000000, -1.332348806898293597E-16 ) ) ;
#8081 = FACE_OUTER_BOUND ( 'NONE', #8118, .T. ) ;
#8082 = CARTESIAN_POINT ( 'NONE',  ( 7.327925000000007572, -0.7999999999999936051, -14.34399999999999054 ) ) ;
#8083 = CARTESIAN_POINT ( 'NONE',  ( -20.99657499999999999, -0.5895000000000039098, 14.79687500000000000 ) ) ;
#8084 = CARTESIAN_POINT ( 'NONE',  ( -11.40652500000000913, -0.5499999999999948264, 14.53100000000000058 ) ) ;
#8085 = CARTESIAN_POINT ( 'NONE',  ( -18.59352500000000319, -0.7999999999999952704, -14.34399999999999586 ) ) ;
#8086 = CIRCLE ( 'NONE', #7865, 0.1565000000000003610 ) ;
#8087 = AXIS2_PLACEMENT_3D ( 'NONE', #5269, #8360, #2436 ) ;
#8088 = LINE ( 'NONE', #12169, #8167 ) ;
#8089 = ORIENTED_EDGE ( 'NONE', *, *, #10239, .F. ) ;
#8090 = ADVANCED_FACE ( 'NONE', ( #8906 ), #3938, .F. ) ;
#8091 = ORIENTED_EDGE ( 'NONE', *, *, #4782, .T. ) ;
#8092 = AXIS2_PLACEMENT_3D ( 'NONE', #9331, #11125, #2079 ) ;
#8093 = CIRCLE ( 'NONE', #2741, 0.1250000000000037192 ) ;
#8094 = DIRECTION ( 'NONE',  ( 0.000000000000000000, 0.000000000000000000, -1.000000000000000000 ) ) ;
#8095 = ORIENTED_EDGE ( 'NONE', *, *, #2576, .F. ) ;
#8096 = CIRCLE ( 'NONE', #9804, 0.1249999999999993477 ) ;
#8097 = AXIS2_PLACEMENT_3D ( 'NONE', #746, #13212, #4842 ) ;
#8098 = VERTEX_POINT ( 'NONE', #3872 ) ;
#8099 = CARTESIAN_POINT ( 'NONE',  ( 28.53760000000000829, -0.6954000000000000181, -14.34399999999999942 ) ) ;
#8100 = FACE_OUTER_BOUND ( 'NONE', #1845, .T. ) ;
#8101 = DIRECTION ( 'NONE',  ( -0.000000000000000000, -1.000000000000000000, -1.332348806898293597E-16 ) ) ;
#8102 = DIRECTION ( 'NONE',  ( 0.000000000000000000, 0.000000000000000000, -1.000000000000000000 ) ) ;
#8103 = CARTESIAN_POINT ( 'NONE',  ( -35.23450000000000415, -0.5499999999999961586, -8.311549999999998661 ) ) ;
#8104 = EDGE_CURVE ( 'NONE', #1603, #1142, #6955, .T. ) ;
#8105 = CARTESIAN_POINT ( 'NONE',  ( -20.89067499999999811, -0.5895000000000039098, 14.79687500000000000 ) ) ;
#8106 = CARTESIAN_POINT ( 'NONE',  ( 21.92192499999999811, -0.6954000000000040149, -13.92187500000001066 ) ) ;
#8107 = ORIENTED_EDGE ( 'NONE', *, *, #11580, .F. ) ;
#8108 = CARTESIAN_POINT ( 'NONE',  ( -21.73442500000000877, -0.5499999999999954925, 14.34400000000000652 ) ) ;
#8109 = EDGE_LOOP ( 'NONE', ( #4581, #113, #1484, #8547, #13122 ) ) ;
#8110 = CIRCLE ( 'NONE', #3177, 0.03125000000000147798 ) ;
#8111 = VECTOR ( 'NONE', #10285, 39.37007874015748143 ) ;
#8112 = VECTOR ( 'NONE', #1469, 39.37007874015748143 ) ;
#8113 = CARTESIAN_POINT ( 'NONE',  ( 26.40652500000000913, -0.5499999999999926059, -14.34399999999999586 ) ) ;
#8114 = EDGE_CURVE ( 'NONE', #7684, #11462, #5967, .T. ) ;
#8115 = ORIENTED_EDGE ( 'NONE', *, *, #1026, .F. ) ;
#8116 = DIRECTION ( 'NONE',  ( -0.000000000000000000, -0.000000000000000000, -1.000000000000000000 ) ) ;
#8117 = EDGE_LOOP ( 'NONE', ( #5722, #726 ) ) ;
#8118 = EDGE_LOOP ( 'NONE', ( #5530, #1546, #6137, #3793 ) ) ;
#8119 = LINE ( 'NONE', #12057, #8039 ) ;
#8120 = CARTESIAN_POINT ( 'NONE',  ( -21.79692500000000166, 0.7000000000000405898, 13.92187500000000178 ) ) ;
#8121 = CARTESIAN_POINT ( 'NONE',  ( 21.89092499999999930, -0.8000000000000000444, -14.53099999999999348 ) ) ;
#8122 = EDGE_CURVE ( 'NONE', #6671, #1980, #9909, .T. ) ;
#8123 = CARTESIAN_POINT ( 'NONE',  ( -32.13110000000000355, -0.5499999999999961586, 14.53100000000000058 ) ) ;
#8124 = LINE ( 'NONE', #10586, #185 ) ;
#8125 = DIRECTION ( 'NONE',  ( 0.000000000000000000, -1.000000000000000000, -1.332348806898293597E-16 ) ) ;
#8126 = DIRECTION ( 'NONE',  ( 1.240959386601371334E-16, -1.000000000000000000, 0.000000000000000000 ) ) ;
#8127 = ORIENTED_EDGE ( 'NONE', *, *, #3816, .T. ) ;
#8129 = ORIENTED_EDGE ( 'NONE', *, *, #486, .T. ) ;
#8128 = EDGE_CURVE ( 'NONE', #968, #9217, #11037, .T. ) ;
#8130 = EDGE_CURVE ( 'NONE', #2925, #12636, #642, .T. ) ;
#8131 = ORIENTED_EDGE ( 'NONE', *, *, #4382, .T. ) ;
#8132 = DIRECTION ( 'NONE',  ( -1.240959386601361473E-16, 1.000000000000000000, 0.000000000000000000 ) ) ;
#8133 = ORIENTED_EDGE ( 'NONE', *, *, #6668, .T. ) ;
#8134 = CARTESIAN_POINT ( 'NONE',  ( 11.09352500000000852, -0.6953999999999974646, 14.53100000000000058 ) ) ;
#8135 = ORIENTED_EDGE ( 'NONE', *, *, #13234, .T. ) ;
#8136 = FACE_OUTER_BOUND ( 'NONE', #12714, .T. ) ;
#8137 = DIRECTION ( 'NONE',  ( -0.000000000000000000, -1.000000000000000000, -1.332348806898293597E-16 ) ) ;
#8138 = FACE_BOUND ( 'NONE', #6982, .T. ) ;
#8139 = LINE ( 'NONE', #2903, #3789 ) ;
#8140 = ORIENTED_EDGE ( 'NONE', *, *, #4502, .T. ) ;
#8141 = ORIENTED_EDGE ( 'NONE', *, *, #9546, .F. ) ;
#8142 = ORIENTED_EDGE ( 'NONE', *, *, #292, .T. ) ;
#8143 = EDGE_CURVE ( 'NONE', #11953, #3199, #10243, .T. ) ;
#8144 = EDGE_LOOP ( 'NONE', ( #705, #4609, #3761, #4240 ) ) ;
#8145 = DIRECTION ( 'NONE',  ( 0.000000000000000000, 0.000000000000000000, -1.000000000000000000 ) ) ;
#8146 = EDGE_CURVE ( 'NONE', #1314, #4249, #11976, .T. ) ;
#8147 = DIRECTION ( 'NONE',  ( 0.000000000000000000, 0.000000000000000000, -1.000000000000000000 ) ) ;
#8148 = DIRECTION ( 'NONE',  ( -0.000000000000000000, -1.000000000000000000, -1.332348806898293597E-16 ) ) ;
#8149 = LINE ( 'NONE', #12226, #10021 ) ;
#8150 = FACE_BOUND ( 'NONE', #11965, .T. ) ;
#8151 = LINE ( 'NONE', #8221, #9658 ) ;
#8152 = ADVANCED_FACE ( 'NONE', ( #1926 ), #4007, .F. ) ;
#8153 = CARTESIAN_POINT ( 'NONE',  ( 35.94045000000000556, 0.6187500000000388800, 14.78124999999999822 ) ) ;
#8155 = AXIS2_PLACEMENT_3D ( 'NONE', #10969, #11112, #10185 ) ;
#8154 = CARTESIAN_POINT ( 'NONE',  ( -36.02170000000000272, -0.2096999999999985820, -6.000000000000003553 ) ) ;
#8156 = ORIENTED_EDGE ( 'NONE', *, *, #6607, .T. ) ;
#8157 = VERTEX_POINT ( 'NONE', #1655 ) ;
#8158 = CIRCLE ( 'NONE', #2372, 0.1565000000000003610 ) ;
#8159 = AXIS2_PLACEMENT_3D ( 'NONE', #10420, #3247, #8292 ) ;
#8160 = EDGE_LOOP ( 'NONE', ( #8243, #10578 ) ) ;
#8161 = DIRECTION ( 'NONE',  ( 1.000000000000000000, 5.337610695313202081E-16, 0.000000000000000000 ) ) ;
#8162 = VERTEX_POINT ( 'NONE', #9844 ) ;
#8163 = PLANE ( 'NONE',  #5018 ) ;
#8164 = ORIENTED_EDGE ( 'NONE', *, *, #11059, .F. ) ;
#8165 = DIRECTION ( 'NONE',  ( 1.000000000000000000, 1.240959386601371334E-16, 0.000000000000000000 ) ) ;
#8166 = CARTESIAN_POINT ( 'NONE',  ( 35.91710000000000491, -0.2096999999999985820, 14.00000000000000355 ) ) ;
#8167 = VECTOR ( 'NONE', #1979, 39.37007874015748143 ) ;
#8168 = EDGE_CURVE ( 'NONE', #9565, #10432, #9599, .T. ) ;
#8169 = CARTESIAN_POINT ( 'NONE',  ( -3.906500000000002526, -0.7999999999999943823, 14.53100000000000058 ) ) ;
#8170 = LINE ( 'NONE', #6092, #344 ) ;
#8171 = DIRECTION ( 'NONE',  ( -0.000000000000000000, -1.000000000000000000, -1.332348806898293597E-16 ) ) ;
#8172 = AXIS2_PLACEMENT_3D ( 'NONE', #11890, #10888, #4860 ) ;
#8173 = DIRECTION ( 'NONE',  ( -1.000000000000000000, 0.000000000000000000, 0.000000000000000000 ) ) ;
#8174 = DIRECTION ( 'NONE',  ( 1.000000000000000000, 5.337610695313202081E-16, 0.000000000000000000 ) ) ;
#8175 = VERTEX_POINT ( 'NONE', #3449 ) ;
#8176 = CARTESIAN_POINT ( 'NONE',  ( 33.63110000000000355, -0.7999999999999918288, 14.43750000000000178 ) ) ;
#8177 = EDGE_LOOP ( 'NONE', ( #4447, #10494, #5351, #1807 ) ) ;
#8178 = EDGE_CURVE ( 'NONE', #9001, #2349, #7677, .T. ) ;
#8179 = VECTOR ( 'NONE', #1591, 39.37007874015748143 ) ;
#8180 = CIRCLE ( 'NONE', #7097, 0.2559055118110216687 ) ;
#8181 = ORIENTED_EDGE ( 'NONE', *, *, #3665, .F. ) ;
#8182 = CIRCLE ( 'NONE', #4324, 0.1565000000000003610 ) ;
#8183 = ORIENTED_EDGE ( 'NONE', *, *, #3939, .T. ) ;
#8184 = CARTESIAN_POINT ( 'NONE',  ( -36.02170000000000272, 0.6187499999999994671, 14.78124999999999822 ) ) ;
#8185 = CARTESIAN_POINT ( 'NONE',  ( -3.593500000000001915, -0.6953999999999981307, 13.97959999999999958 ) ) ;
#8186 = ORIENTED_EDGE ( 'NONE', *, *, #12930, .T. ) ;
#8187 = DIRECTION ( 'NONE',  ( -1.000000000000000000, -1.240959386601371334E-16, 0.000000000000000000 ) ) ;
#8188 = DIRECTION ( 'NONE',  ( 1.000000000000000000, 0.000000000000000000, -0.000000000000000000 ) ) ;
#8189 = FACE_OUTER_BOUND ( 'NONE', #11392, .T. ) ;
#8190 = AXIS2_PLACEMENT_3D ( 'NONE', #1621, #2769, #10011 ) ;
#8191 = DIRECTION ( 'NONE',  ( -1.000000000000000000, -0.000000000000000000, -0.000000000000000000 ) ) ;
#8192 = CARTESIAN_POINT ( 'NONE',  ( 32.28760000000001185, -0.6953999999999959103, -14.89539999999997910 ) ) ;
#8193 = CARTESIAN_POINT ( 'NONE',  ( -28.38110000000000355, -0.7999999999999958256, -14.53099999999999348 ) ) ;
#8194 = DIRECTION ( 'NONE',  ( 0.000000000000000000, 1.215039069647390553E-16, -1.000000000000000000 ) ) ;
#8195 = VERTEX_POINT ( 'NONE', #7156 ) ;
#8196 = CIRCLE ( 'NONE', #9896, 0.1250000000000037192 ) ;
#8197 = EDGE_CURVE ( 'NONE', #412, #12552, #1239, .T. ) ;
#8198 = VECTOR ( 'NONE', #10407, 39.37007874015748143 ) ;
#8199 = VERTEX_POINT ( 'NONE', #423 ) ;
#8200 = VERTEX_POINT ( 'NONE', #11173 ) ;
#8201 = CARTESIAN_POINT ( 'NONE',  ( 28.22460000000000946, -0.6953999999999962434, -14.89540000000000042 ) ) ;
#8202 = ORIENTED_EDGE ( 'NONE', *, *, #2256, .F. ) ;
#8203 = DIRECTION ( 'NONE',  ( -0.000000000000000000, -0.000000000000000000, -1.000000000000000000 ) ) ;
#8204 = ORIENTED_EDGE ( 'NONE', *, *, #8248, .F. ) ;
#8205 = DIRECTION ( 'NONE',  ( 0.000000000000000000, 0.000000000000000000, -1.000000000000000000 ) ) ;
#8206 = FACE_OUTER_BOUND ( 'NONE', #6000, .T. ) ;
#8207 = DIRECTION ( 'NONE',  ( 1.240959386601371334E-16, -1.000000000000000000, 0.000000000000000000 ) ) ;
#8208 = FACE_OUTER_BOUND ( 'NONE', #11818, .T. ) ;
#8209 = ORIENTED_EDGE ( 'NONE', *, *, #6480, .F. ) ;
#8210 = CIRCLE ( 'NONE', #4356, 0.1250000000000029143 ) ;
#8211 = ORIENTED_EDGE ( 'NONE', *, *, #9861, .F. ) ;
#8212 = ORIENTED_EDGE ( 'NONE', *, *, #6034, .F. ) ;
#8213 = AXIS2_PLACEMENT_3D ( 'NONE', #5291, #374, #4410 ) ;
#8214 = CARTESIAN_POINT ( 'NONE',  ( 3.593500000000001915, -0.6953999999999979087, 14.53100000000000058 ) ) ;
#8215 = CIRCLE ( 'NONE', #3277, 0.1250000000000015266 ) ;
#8216 = DIRECTION ( 'NONE',  ( 0.000000000000000000, -1.000000000000000000, -1.332348806898293597E-16 ) ) ;
#8217 = DIRECTION ( 'NONE',  ( -1.000000000000000000, 0.000000000000000000, -0.000000000000000000 ) ) ;
#8218 = ADVANCED_FACE ( 'NONE', ( #11620 ), #2059, .F. ) ;
#8219 = DIRECTION ( 'NONE',  ( 0.000000000000000000, -1.000000000000000000, -2.967464690054594744E-16 ) ) ;
#8220 = LINE ( 'NONE', #4267, #1170 ) ;
#8221 = CARTESIAN_POINT ( 'NONE',  ( 35.93750000000000000, -0.8000000000000000444, 14.91875000000000107 ) ) ;
#8222 = DIRECTION ( 'NONE',  ( 0.000000000000000000, 0.000000000000000000, 1.000000000000000000 ) ) ;
#8223 = EDGE_CURVE ( 'NONE', #10657, #8833, #7409, .T. ) ;
#8224 = DIRECTION ( 'NONE',  ( 0.000000000000000000, 0.000000000000000000, 1.000000000000000000 ) ) ;
#8226 = EDGE_CURVE ( 'NONE', #3499, #9781, #5752, .T. ) ;
#8225 = EDGE_LOOP ( 'NONE', ( #1994, #10926, #12639, #5716, #3903, #10194 ) ) ;
#8227 = AXIS2_PLACEMENT_3D ( 'NONE', #1978, #9229, #11154 ) ;
#8228 = ORIENTED_EDGE ( 'NONE', *, *, #6204, .F. ) ;
#8229 = VERTEX_POINT ( 'NONE', #1296 ) ;
#8230 = EDGE_CURVE ( 'NONE', #8414, #8229, #4674, .T. ) ;
#8231 = ORIENTED_EDGE ( 'NONE', *, *, #4517, .T. ) ;
#8232 = CARTESIAN_POINT ( 'NONE',  ( -26.09352500000000674, -0.6953999999999996851, 14.34399999999999942 ) ) ;
#8233 = EDGE_LOOP ( 'NONE', ( #11782, #12299, #13237, #10720 ) ) ;
#8234 = CYLINDRICAL_SURFACE ( 'NONE', #8896, 0.1565000000000003610 ) ;
#8235 = CARTESIAN_POINT ( 'NONE',  ( 35.13110000000001065, -0.5499999999999918288, -14.31249999999996980 ) ) ;
#8236 = CARTESIAN_POINT ( 'NONE',  ( 35.91710000000000491, -0.2096999999999985820, 5.749999999999996447 ) ) ;
#8237 = EDGE_CURVE ( 'NONE', #12487, #9368, #3604, .T. ) ;
#8238 = AXIS2_PLACEMENT_3D ( 'NONE', #3198, #11426, #3064 ) ;
#8239 = CARTESIAN_POINT ( 'NONE',  ( 36.02170000000000272, -0.7187500000000024425, 13.78219999999999956 ) ) ;
#8240 = DIRECTION ( 'NONE',  ( -0.000000000000000000, -1.000000000000000000, -1.332348806898293597E-16 ) ) ;
#8241 = EDGE_CURVE ( 'NONE', #5999, #12685, #10252, .T. ) ;
#8242 = LINE ( 'NONE', #983, #13023 ) ;
#8243 = ORIENTED_EDGE ( 'NONE', *, *, #2256, .T. ) ;
#8244 = EDGE_CURVE ( 'NONE', #1400, #2018, #10626, .T. ) ;
#8245 = DIRECTION ( 'NONE',  ( -0.000000000000000000, -1.000000000000000000, -1.332348806898293597E-16 ) ) ;
#8246 = ORIENTED_EDGE ( 'NONE', *, *, #9352, .T. ) ;
#8247 = CIRCLE ( 'NONE', #8667, 0.2187500000000015821 ) ;
#8248 = EDGE_CURVE ( 'NONE', #12064, #10348, #3311, .T. ) ;
#8249 = VERTEX_POINT ( 'NONE', #5160 ) ;
#8250 = AXIS2_PLACEMENT_3D ( 'NONE', #7901, #4741, #12178 ) ;
#8251 = EDGE_LOOP ( 'NONE', ( #2049, #1643, #12034, #11227 ) ) ;
#8252 = CIRCLE ( 'NONE', #2454, 0.1565000000000003610 ) ;
#8253 = CARTESIAN_POINT ( 'NONE',  ( 36.02170047244094775, -0.2096999999999985820, 5.875000000000000000 ) ) ;
#8254 = DIRECTION ( 'NONE',  ( -0.000000000000000000, -2.967464690054594744E-16, 1.000000000000000000 ) ) ;
#8255 = ORIENTED_EDGE ( 'NONE', *, *, #8561, .F. ) ;
#8256 = CARTESIAN_POINT ( 'NONE',  ( -28.22459999999999880, -0.6954000000000000181, -14.34399999999999942 ) ) ;
#8257 = CARTESIAN_POINT ( 'NONE',  ( 28.22460000000000946, -0.6953999999999963544, 14.34400000000000475 ) ) ;
#8258 = DIRECTION ( 'NONE',  ( 0.000000000000000000, 0.000000000000000000, 1.000000000000000000 ) ) ;
#8259 = LINE ( 'NONE', #55, #6805 ) ;
#8260 = DIRECTION ( 'NONE',  ( 0.000000000000000000, 0.000000000000000000, -1.000000000000000000 ) ) ;
#8261 = AXIS2_PLACEMENT_3D ( 'NONE', #4476, #12703, #622 ) ;
#8262 = DIRECTION ( 'NONE',  ( -0.000000000000000000, -1.000000000000000000, -1.332348806898293597E-16 ) ) ;
#8263 = DIRECTION ( 'NONE',  ( 0.000000000000000000, 0.000000000000000000, -1.000000000000000000 ) ) ;
#8264 = EDGE_LOOP ( 'NONE', ( #10912, #4365, #3754, #12744, #9236 ) ) ;
#8265 = AXIS2_PLACEMENT_3D ( 'NONE', #1872, #4021, #2877 ) ;
#8266 = EDGE_CURVE ( 'NONE', #9001, #10469, #6094, .T. ) ;
#8267 = EDGE_LOOP ( 'NONE', ( #10659, #4561, #12868, #10549, #11223 ) ) ;
#8268 = CIRCLE ( 'NONE', #11244, 0.03120000000000375251 ) ;
#8269 = EDGE_LOOP ( 'NONE', ( #9581, #4168, #4788, #12956 ) ) ;
#8270 = LINE ( 'NONE', #4034, #2039 ) ;
#8271 = ORIENTED_EDGE ( 'NONE', *, *, #10265, .F. ) ;
#8272 = CARTESIAN_POINT ( 'NONE',  ( 7.484424999999999883, -0.6953999999999975756, 14.18750000000001066 ) ) ;
#8273 = EDGE_LOOP ( 'NONE', ( #7499, #2070, #11201, #12001 ) ) ;
#8274 = LINE ( 'NONE', #13141, #12254 ) ;
#8275 = CARTESIAN_POINT ( 'NONE',  ( 21.73442500000000877, -0.7999999999999928280, 14.34400000000000652 ) ) ;
#8276 = FACE_BOUND ( 'NONE', #5292, .T. ) ;
#8277 = AXIS2_PLACEMENT_3D ( 'NONE', #3673, #10901, #1716 ) ;
#8278 = ADVANCED_FACE ( 'NONE', ( #1053 ), #6476, .T. ) ;
#8279 = CARTESIAN_POINT ( 'NONE',  ( 18.75002500000000438, -0.5499999999999929390, 14.34400000000000119 ) ) ;
#8280 = EDGE_CURVE ( 'NONE', #11437, #11338, #5546, .T. ) ;
#8281 = EDGE_LOOP ( 'NONE', ( #12731, #11280, #1649, #4165 ) ) ;
#8282 = CIRCLE ( 'NONE', #1833, 0.1565000000000003610 ) ;
#8283 = CIRCLE ( 'NONE', #5910, 0.1250000000000037192 ) ;
#8284 = VECTOR ( 'NONE', #6371, 39.37007874015748143 ) ;
#8285 = ORIENTED_EDGE ( 'NONE', *, *, #3387, .T. ) ;
#8286 = VECTOR ( 'NONE', #4358, 39.37007874015748143 ) ;
#8287 = ORIENTED_EDGE ( 'NONE', *, *, #12008, .T. ) ;
#8288 = EDGE_CURVE ( 'NONE', #10469, #11760, #10457, .T. ) ;
#8289 = FACE_OUTER_BOUND ( 'NONE', #4397, .T. ) ;
#8290 = AXIS2_PLACEMENT_3D ( 'NONE', #11162, #12102, #2927 ) ;
#8291 = DIRECTION ( 'NONE',  ( 0.000000000000000000, 0.000000000000000000, -1.000000000000000000 ) ) ;
#8292 = DIRECTION ( 'NONE',  ( 0.000000000000000000, 0.000000000000000000, -1.000000000000000000 ) ) ;
#8293 = CYLINDRICAL_SURFACE ( 'NONE', #5312, 0.1565000000000003610 ) ;
#8294 = FACE_BOUND ( 'NONE', #8076, .T. ) ;
#8295 = DIRECTION ( 'NONE',  ( -1.240959386601361473E-16, 1.000000000000000000, 0.000000000000000000 ) ) ;
#8296 = DIRECTION ( 'NONE',  ( 1.240959386601371334E-16, -1.000000000000000000, 0.000000000000000000 ) ) ;
#8297 = VECTOR ( 'NONE', #4480, 39.37007874015748143 ) ;
#8298 = FACE_OUTER_BOUND ( 'NONE', #274, .T. ) ;
#8299 = EDGE_LOOP ( 'NONE', ( #48, #4536, #8107, #7168, #4418, #4753, #8866, #11377, #5045, #7057, #8739, #7610 ) ) ;
#8300 = EDGE_CURVE ( 'NONE', #9971, #8162, #12163, .T. ) ;
#8301 = ORIENTED_EDGE ( 'NONE', *, *, #1648, .F. ) ;
#8302 = EDGE_CURVE ( 'NONE', #1404, #8720, #8749, .T. ) ;
#8303 = VERTEX_POINT ( 'NONE', #8491 ) ;
#8305 = EDGE_CURVE ( 'NONE', #230, #4518, #10557, .T. ) ;
#8304 = DIRECTION ( 'NONE',  ( -0.000000000000000000, -1.000000000000000000, -1.332348806898293597E-16 ) ) ;
#8306 = ORIENTED_EDGE ( 'NONE', *, *, #4220, .T. ) ;
#8307 = CARTESIAN_POINT ( 'NONE',  ( 21.26567499999998745, -0.5895000000000039098, 14.79687500000000000 ) ) ;
#8308 = CARTESIAN_POINT ( 'NONE',  ( -11.40652500000000380, -0.7999999999999948264, -14.34399999999999764 ) ) ;
#8309 = DIRECTION ( 'NONE',  ( 0.000000000000000000, 0.000000000000000000, 1.000000000000000000 ) ) ;
#8310 = CIRCLE ( 'NONE', #11707, 0.1565000000000003610 ) ;
#8311 = AXIS2_PLACEMENT_3D ( 'NONE', #10568, #4342, #8435 ) ;
#8312 = DIRECTION ( 'NONE',  ( 0.000000000000000000, 0.000000000000000000, -1.000000000000000000 ) ) ;
#8313 = CARTESIAN_POINT ( 'NONE',  ( 28.38110000000001065, -0.7999999999999923839, -14.53099999999999348 ) ) ;
#8314 = DIRECTION ( 'NONE',  ( 0.000000000000000000, 0.000000000000000000, -1.000000000000000000 ) ) ;
#8315 = CARTESIAN_POINT ( 'NONE',  ( -21.60942500000000166, -0.6954000000000040149, -14.42187500000001066 ) ) ;
#8316 = ORIENTED_EDGE ( 'NONE', *, *, #8053, .F. ) ;
#8317 = VECTOR ( 'NONE', #8032, 39.37007874015748143 ) ;
#8318 = VECTOR ( 'NONE', #3308, 39.37007874015748143 ) ;
#8319 = ORIENTED_EDGE ( 'NONE', *, *, #123, .T. ) ;
#8320 = EDGE_CURVE ( 'NONE', #8477, #12487, #6792, .T. ) ;
#8321 = VERTEX_POINT ( 'NONE', #6603 ) ;
#8322 = CARTESIAN_POINT ( 'NONE',  ( 3.749999999999997780, -0.7999999999999939382, -14.34399999999999409 ) ) ;
#8323 = DIRECTION ( 'NONE',  ( 0.000000000000000000, 2.967464690054594744E-16, -1.000000000000000000 ) ) ;
#8324 = EDGE_LOOP ( 'NONE', ( #9601, #8877, #11211, #3875, #3388 ) ) ;
#8325 = CARTESIAN_POINT ( 'NONE',  ( -3.749999999999997780, -0.5499999999999943823, -14.68749999999998757 ) ) ;
#8326 = LINE ( 'NONE', #6373, #7623 ) ;
#8327 = DIRECTION ( 'NONE',  ( -0.000000000000000000, -1.000000000000000000, -1.332348806898293597E-16 ) ) ;
#8328 = VECTOR ( 'NONE', #10688, 39.37007874015748143 ) ;
#8329 = DIRECTION ( 'NONE',  ( -1.000000000000000000, 0.000000000000000000, 0.000000000000000000 ) ) ;
#8330 = FILL_AREA_STYLE ('',( #3156 ) ) ;
#8331 = VECTOR ( 'NONE', #484, 39.37007874015748143 ) ;
#8332 = CIRCLE ( 'NONE', #11520, 0.1565000000000003610 ) ;
#8333 = EDGE_CURVE ( 'NONE', #8564, #8507, #11686, .T. ) ;
#8334 = CARTESIAN_POINT ( 'NONE',  ( 21.92192499999999455, 0.7000000000000405898, 13.92187500000000178 ) ) ;
#8335 = LINE ( 'NONE', #2209, #2654 ) ;
#8336 = ORIENTED_EDGE ( 'NONE', *, *, #2480, .T. ) ;
#8337 = AXIS2_PLACEMENT_3D ( 'NONE', #6613, #5553, #493 ) ;
#8338 = VECTOR ( 'NONE', #4084, 39.37007874015748143 ) ;
#8339 = EDGE_LOOP ( 'NONE', ( #12351, #11271, #6507, #2613 ) ) ;
#8340 = ORIENTED_EDGE ( 'NONE', *, *, #11654, .F. ) ;
#8341 = LINE ( 'NONE', #11659, #1825 ) ;
#8342 = ORIENTED_EDGE ( 'NONE', *, *, #3075, .F. ) ;
#8343 = FACE_OUTER_BOUND ( 'NONE', #10227, .T. ) ;
#8344 = ORIENTED_EDGE ( 'NONE', *, *, #11156, .T. ) ;
#8345 = FACE_BOUND ( 'NONE', #7158, .T. ) ;
#8346 = VECTOR ( 'NONE', #7002, 39.37007874015748143 ) ;
#8347 = EDGE_CURVE ( 'NONE', #2778, #5327, #2774, .T. ) ;
#8348 = LINE ( 'NONE', #11534, #9398 ) ;
#8349 = CARTESIAN_POINT ( 'NONE',  ( -11.09352500000000319, -0.5499999999999948264, -14.34399999999999764 ) ) ;
#8351 = AXIS2_PLACEMENT_3D ( 'NONE', #11977, #9910, #715 ) ;
#8350 = LINE ( 'NONE', #209, #4444 ) ;
#8352 = ORIENTED_EDGE ( 'NONE', *, *, #8226, .F. ) ;
#8353 = EDGE_CURVE ( 'NONE', #10878, #7725, #3582, .T. ) ;
#8354 = EDGE_CURVE ( 'NONE', #10348, #8651, #12599, .T. ) ;
#8355 = ORIENTED_EDGE ( 'NONE', *, *, #6519, .F. ) ;
#8356 = ORIENTED_EDGE ( 'NONE', *, *, #3845, .F. ) ;
#8357 = CARTESIAN_POINT ( 'NONE',  ( -11.25002500000000438, -0.5499999999999948264, -14.53099999999999170 ) ) ;
#8358 = DIRECTION ( 'NONE',  ( 0.000000000000000000, 0.000000000000000000, -1.000000000000000000 ) ) ;
#8359 = DIRECTION ( 'NONE',  ( 0.000000000000000000, -1.000000000000000000, -2.967464690054594744E-16 ) ) ;
#8360 = DIRECTION ( 'NONE',  ( -0.000000000000000000, -1.000000000000000000, -1.332348806898293597E-16 ) ) ;
#8361 = DIRECTION ( 'NONE',  ( 0.000000000000000000, 0.000000000000000000, -1.000000000000000000 ) ) ;
#8362 = CARTESIAN_POINT ( 'NONE',  ( 17.00582500000001218, -0.6953999999999970205, 14.34400000000000475 ) ) ;
#8363 = CARTESIAN_POINT ( 'NONE',  ( 22.10942500000000521, -0.4299000000000038346, -12.43750000000001066 ) ) ;
#8364 = ORIENTED_EDGE ( 'NONE', *, *, #191, .T. ) ;
#8365 = VERTEX_POINT ( 'NONE', #6861 ) ;
#8366 = EDGE_CURVE ( 'NONE', #10527, #1381, #8957, .T. ) ;
#8367 = EDGE_CURVE ( 'NONE', #10513, #7958, #8110, .T. ) ;
#8368 = ORIENTED_EDGE ( 'NONE', *, *, #3195, .T. ) ;
#8369 = FACE_BOUND ( 'NONE', #12619, .T. ) ;
#8370 = EDGE_LOOP ( 'NONE', ( #1256, #5098, #3942, #583, #2246, #375 ) ) ;
#8371 = DIRECTION ( 'NONE',  ( 1.000000000000000000, -0.000000000000000000, 0.000000000000000000 ) ) ;
#8372 = DIRECTION ( 'NONE',  ( 0.000000000000000000, 0.000000000000000000, -1.000000000000000000 ) ) ;
#8373 = CYLINDRICAL_SURFACE ( 'NONE', #3790, 0.1565000000000003610 ) ;
#8374 = DIRECTION ( 'NONE',  ( -5.463695987328555033E-16, 1.000000000000000000, -0.000000000000000000 ) ) ;
#8375 = LINE ( 'NONE', #11501, #12679 ) ;
#8376 = VECTOR ( 'NONE', #7494, 39.37007874015748143 ) ;
#8377 = LINE ( 'NONE', #12443, #10349 ) ;
#8378 = ORIENTED_EDGE ( 'NONE', *, *, #5134, .T. ) ;
#8379 = CARTESIAN_POINT ( 'NONE',  ( 11.40652500000000913, -0.7999999999999934941, 14.53100000000000058 ) ) ;
#8380 = EDGE_LOOP ( 'NONE', ( #6864, #5936, #5052, #11770 ) ) ;
#8381 = VECTOR ( 'NONE', #3728, 39.37007874015748143 ) ;
#8382 = ORIENTED_EDGE ( 'NONE', *, *, #5750, .F. ) ;
#8383 = VERTEX_POINT ( 'NONE', #12883 ) ;
#8384 = AXIS2_PLACEMENT_3D ( 'NONE', #7541, #11811, #289 ) ;
#8385 = DIRECTION ( 'NONE',  ( 0.000000000000000000, -1.000000000000000000, 0.000000000000000000 ) ) ;
#8386 = CARTESIAN_POINT ( 'NONE',  ( 18.59352500000000319, -0.5499999999999929390, -14.53099999999999170 ) ) ;
#8387 = CARTESIAN_POINT ( 'NONE',  ( -21.95317500000000877, -0.4299000000000040012, 14.42187500000000178 ) ) ;
#8388 = FACE_OUTER_BOUND ( 'NONE', #4820, .T. ) ;
#8389 = DIRECTION ( 'NONE',  ( -0.000000000000000000, -1.000000000000000000, -1.332348806898293597E-16 ) ) ;
#8390 = FACE_OUTER_BOUND ( 'NONE', #3949, .T. ) ;
#8391 = FACE_OUTER_BOUND ( 'NONE', #13266, .T. ) ;
#8392 = CYLINDRICAL_SURFACE ( 'NONE', #1100, 0.1565000000000003610 ) ;
#8393 = CARTESIAN_POINT ( 'NONE',  ( -18.90652500000000913, -0.7999999999999952704, 14.34399999999999942 ) ) ;
#8394 = VERTEX_POINT ( 'NONE', #2575 ) ;
#8395 = EDGE_CURVE ( 'NONE', #5610, #7345, #7886, .T. ) ;
#8396 = ORIENTED_EDGE ( 'NONE', *, *, #11473, .T. ) ;
#8397 = EDGE_LOOP ( 'NONE', ( #8164, #12925, #1913, #12341 ) ) ;
#8398 = VERTEX_POINT ( 'NONE', #11875 ) ;
#8399 = AXIS2_PLACEMENT_3D ( 'NONE', #958, #5198, #3985 ) ;
#8400 = CYLINDRICAL_SURFACE ( 'NONE', #8488, 0.03125000000000147798 ) ;
#8401 = ORIENTED_EDGE ( 'NONE', *, *, #6773, .F. ) ;
#8402 = CARTESIAN_POINT ( 'NONE',  ( 26.09352500000000674, -0.5499999999999926059, -14.34399999999999586 ) ) ;
#8403 = VERTEX_POINT ( 'NONE', #8945 ) ;
#8404 = LINE ( 'NONE', #9413, #11178 ) ;
#8405 = CARTESIAN_POINT ( 'NONE',  ( -20.89067499999999811, -0.5895000000000039098, 14.79687500000000000 ) ) ;
#8406 = DIRECTION ( 'NONE',  ( 1.000000000000000000, 0.000000000000000000, 0.000000000000000000 ) ) ;
#8407 = EDGE_CURVE ( 'NONE', #9735, #10175, #3710, .T. ) ;
#8408 = CARTESIAN_POINT ( 'NONE',  ( 17.16232500000000982, -0.7999999999999931610, 14.53100000000000058 ) ) ;
#8409 = ORIENTED_EDGE ( 'NONE', *, *, #2140, .T. ) ;
#8410 = AXIS2_PLACEMENT_3D ( 'NONE', #10219, #1017, #7189 ) ;
#8411 = EDGE_CURVE ( 'NONE', #2431, #3094, #8876, .T. ) ;
#8412 = ORIENTED_EDGE ( 'NONE', *, *, #1200, .F. ) ;
#8413 = ADVANCED_FACE ( 'NONE', ( #10747 ), #5605, .F. ) ;
#8414 = VERTEX_POINT ( 'NONE', #5667 ) ;
#8415 = DIRECTION ( 'NONE',  ( 0.000000000000000000, 0.000000000000000000, -1.000000000000000000 ) ) ;
#8416 = DIRECTION ( 'NONE',  ( 0.000000000000000000, 0.000000000000000000, -1.000000000000000000 ) ) ;
#8417 = CARTESIAN_POINT ( 'NONE',  ( 17.31882500000001102, -0.6953999999999970205, 14.34400000000000475 ) ) ;
#8418 = CARTESIAN_POINT ( 'NONE',  ( -35.88585000000000491, -0.6954000000000027937, 13.78219999999999956 ) ) ;
#8419 = DIRECTION ( 'NONE',  ( 0.000000000000000000, 0.000000000000000000, 1.000000000000000000 ) ) ;
#8420 = FACE_OUTER_BOUND ( 'NONE', #7659, .T. ) ;
#8421 = AXIS2_PLACEMENT_3D ( 'NONE', #5962, #4881, #2863 ) ;
#8422 = DIRECTION ( 'NONE',  ( -1.000000000000000000, -0.000000000000000000, -0.000000000000000000 ) ) ;
#8423 = DIRECTION ( 'NONE',  ( 0.000000000000000000, -1.000000000000000000, -1.332348806898293597E-16 ) ) ;
#8424 = DIRECTION ( 'NONE',  ( -0.000000000000000000, -2.967464690054594744E-16, 1.000000000000000000 ) ) ;
#8425 = ORIENTED_EDGE ( 'NONE', *, *, #8935, .T. ) ;
#8426 = EDGE_CURVE ( 'NONE', #676, #11437, #3776, .T. ) ;
#8427 = VERTEX_POINT ( 'NONE', #8809 ) ;
#8428 = AXIS2_PLACEMENT_3D ( 'NONE', #6164, #10316, #9248 ) ;
#8429 = CIRCLE ( 'NONE', #2205, 0.1565000000000003610 ) ;
#8430 = ORIENTED_EDGE ( 'NONE', *, *, #8881, .F. ) ;
#8431 = CARTESIAN_POINT ( 'NONE',  ( -35.91709999999999781, -0.2096999999999985820, -14.00000000000000355 ) ) ;
#8432 = ORIENTED_EDGE ( 'NONE', *, *, #5386, .T. ) ;
#8433 = DIRECTION ( 'NONE',  ( 0.000000000000000000, -1.000000000000000000, -2.967464690054594744E-16 ) ) ;
#8434 = DIRECTION ( 'NONE',  ( 0.000000000000000000, 0.000000000000000000, -1.000000000000000000 ) ) ;
#8435 = DIRECTION ( 'NONE',  ( 0.000000000000000000, 0.000000000000000000, -1.000000000000000000 ) ) ;
#8436 = DIRECTION ( 'NONE',  ( -0.000000000000000000, -1.000000000000000000, -1.332348806898293597E-16 ) ) ;
#8437 = DIRECTION ( 'NONE',  ( 0.000000000000000000, 0.000000000000000000, -1.000000000000000000 ) ) ;
#8438 = DIRECTION ( 'NONE',  ( 0.000000000000000000, -1.000000000000000000, -1.332348806898293597E-16 ) ) ;
#8439 = EDGE_LOOP ( 'NONE', ( #7577, #3433, #3127, #11295 ) ) ;
#8440 = CIRCLE ( 'NONE', #5009, 0.1565000000000003610 ) ;
#8441 = EDGE_CURVE ( 'NONE', #1603, #5377, #9945, .T. ) ;
#8442 = CARTESIAN_POINT ( 'NONE',  ( 7.327924999999998690, -0.6953999999999974646, 13.97960000000000491 ) ) ;
#8443 = VECTOR ( 'NONE', #12821, 39.37007874015748143 ) ;
#8444 = ORIENTED_EDGE ( 'NONE', *, *, #12897, .F. ) ;
#8445 = EDGE_LOOP ( 'NONE', ( #7213, #7131, #7509, #11919 ) ) ;
#8446 = CIRCLE ( 'NONE', #12289, 0.1565000000000003610 ) ;
#8447 = ORIENTED_EDGE ( 'NONE', *, *, #6747, .F. ) ;
#8448 = FACE_OUTER_BOUND ( 'NONE', #7484, .T. ) ;
#8449 = DIRECTION ( 'NONE',  ( 0.000000000000000000, 0.000000000000000000, -1.000000000000000000 ) ) ;
#8450 = ADVANCED_FACE ( 'NONE', ( #12947 ), #9750, .F. ) ;
#8451 = DIRECTION ( 'NONE',  ( 0.000000000000000000, 0.000000000000000000, -1.000000000000000000 ) ) ;
#8452 = LINE ( 'NONE', #11515, #11468 ) ;
#8453 = DIRECTION ( 'NONE',  ( -0.000000000000000000, -0.000000000000000000, -1.000000000000000000 ) ) ;
#8454 = CARTESIAN_POINT ( 'NONE',  ( -3.593500000000001915, -0.7999999999999943823, 14.53100000000000058 ) ) ;
#8455 = DIRECTION ( 'NONE',  ( -0.000000000000000000, -1.000000000000000000, -1.332348806898293597E-16 ) ) ;
#8456 = CARTESIAN_POINT ( 'NONE',  ( 21.89067499999999811, -0.6207000000000038042, 12.43750000000000178 ) ) ;
#8457 = LINE ( 'NONE', #12601, #8010 ) ;
#8458 = ORIENTED_EDGE ( 'NONE', *, *, #12835, .T. ) ;
#8459 = ORIENTED_EDGE ( 'NONE', *, *, #12286, .F. ) ;
#8461 = EDGE_LOOP ( 'NONE', ( #10783, #12080, #5448, #1828, #6250 ) ) ;
#8460 = EDGE_CURVE ( 'NONE', #4149, #5117, #11948, .T. ) ;
#8462 = EDGE_LOOP ( 'NONE', ( #4694, #3370, #3211, #11470 ) ) ;
#8463 = DIRECTION ( 'NONE',  ( 1.240959386601371334E-16, -1.000000000000000000, 0.000000000000000000 ) ) ;
#8464 = ORIENTED_EDGE ( 'NONE', *, *, #2965, .T. ) ;
#8465 = CARTESIAN_POINT ( 'NONE',  ( 11.40652500000000025, -0.5499999999999934941, -14.34399999999999764 ) ) ;
#8466 = CIRCLE ( 'NONE', #7174, 0.1565000000000003610 ) ;
#8467 = ORIENTED_EDGE ( 'NONE', *, *, #9546, .T. ) ;
#8468 = DIRECTION ( 'NONE',  ( 1.240959386601371334E-16, -1.000000000000000000, 0.000000000000000000 ) ) ;
#8469 = EDGE_CURVE ( 'NONE', #8964, #13003, #4655, .T. ) ;
#8470 = AXIS2_PLACEMENT_3D ( 'NONE', #13101, #4877, #10176 ) ;
#8471 = CARTESIAN_POINT ( 'NONE',  ( -11.25002500000000438, -0.5499999999999948264, -14.53099999999999170 ) ) ;
#8472 = CARTESIAN_POINT ( 'NONE',  ( -21.79692499999999811, 0.7000000000000405898, -13.92187500000001066 ) ) ;
#8473 = DIRECTION ( 'NONE',  ( 0.000000000000000000, -1.000000000000000000, -1.332348806898293597E-16 ) ) ;
#8474 = AXIS2_PLACEMENT_3D ( 'NONE', #3672, #6689, #1520 ) ;
#8475 = ORIENTED_EDGE ( 'NONE', *, *, #3394, .F. ) ;
#8476 = VECTOR ( 'NONE', #2126, 39.37007874015748143 ) ;
#8477 = VERTEX_POINT ( 'NONE', #2704 ) ;
#8478 = EDGE_CURVE ( 'NONE', #7368, #2838, #6190, .T. ) ;
#8479 = EDGE_CURVE ( 'NONE', #233, #4893, #2113, .T. ) ;
#8480 = VERTEX_POINT ( 'NONE', #8005 ) ;
#8481 = CARTESIAN_POINT ( 'NONE',  ( 22.10942500000000166, -0.6207000000000038042, 12.43750000000000178 ) ) ;
#8482 = ORIENTED_EDGE ( 'NONE', *, *, #8075, .T. ) ;
#8483 = CARTESIAN_POINT ( 'NONE',  ( -21.35942499999999811, -0.4299000000000038346, 12.43750000000000178 ) ) ;
#8484 = CARTESIAN_POINT ( 'NONE',  ( 28.53760000000000829, -0.5499999999999923839, -14.34399999999999942 ) ) ;
#8485 = CARTESIAN_POINT ( 'NONE',  ( 3.906500000000002526, -0.7999999999999939382, 14.53100000000000058 ) ) ;
#8486 = FACE_OUTER_BOUND ( 'NONE', #11692, .T. ) ;
#8487 = FACE_BOUND ( 'NONE', #1708, .T. ) ;
#8488 = AXIS2_PLACEMENT_3D ( 'NONE', #11461, #8533, #402 ) ;
#8489 = CARTESIAN_POINT ( 'NONE',  ( 35.93750000000000000, 0.7000000000000000666, 15.00000000000000000 ) ) ;
#8490 = AXIS2_PLACEMENT_3D ( 'NONE', #10742, #5468, #5662 ) ;
#8491 = CARTESIAN_POINT ( 'NONE',  ( -22.09727500000001044, -0.6954000000000040149, 14.79687500000000000 ) ) ;
#8492 = ADVANCED_FACE ( 'NONE', ( #4111 ), #9012, .F. ) ;
#8493 = ORIENTED_EDGE ( 'NONE', *, *, #3879, .F. ) ;
#8494 = EDGE_LOOP ( 'NONE', ( #5647, #7385, #7323, #5013 ) ) ;
#8495 = CIRCLE ( 'NONE', #2703, 0.1250000000000037192 ) ;
#8496 = EDGE_LOOP ( 'NONE', ( #2090, #10429, #5062, #2998, #2792 ) ) ;
#8497 = CARTESIAN_POINT ( 'NONE',  ( -28.38110000000000355, -0.5499999999999959366, -14.34399999999999942 ) ) ;
#8498 = VERTEX_POINT ( 'NONE', #3846 ) ;
#8499 = CARTESIAN_POINT ( 'NONE',  ( -28.38110000000000355, -0.5499999999999959366, -14.68749999999999467 ) ) ;
#8500 = DIRECTION ( 'NONE',  ( 1.240959386601371334E-16, -1.000000000000000000, 0.000000000000000000 ) ) ;
#8501 = PLANE ( 'NONE',  #4864 ) ;
#8502 = CIRCLE ( 'NONE', #12342, 0.03124999999999929223 ) ;
#8503 = CARTESIAN_POINT ( 'NONE',  ( -17.16232500000000627, -0.6953999999999991299, -14.34399999999999764 ) ) ;
#8504 = DIRECTION ( 'NONE',  ( 1.000000000000000000, 0.000000000000000000, 0.000000000000000000 ) ) ;
#8505 = EDGE_CURVE ( 'NONE', #1694, #1615, #13214, .T. ) ;
#8506 = CARTESIAN_POINT ( 'NONE',  ( 35.93750000000000000, 0.000000000000000000, -14.78124999999999822 ) ) ;
#8507 = VERTEX_POINT ( 'NONE', #3107 ) ;
#8508 = AXIS2_PLACEMENT_3D ( 'NONE', #7863, #740, #11938 ) ;
#8509 = CARTESIAN_POINT ( 'NONE',  ( -7.484424999999999883, -0.5499999999999946043, 14.18750000000001066 ) ) ;
#8510 = ORIENTED_EDGE ( 'NONE', *, *, #4236, .F. ) ;
#8511 = EDGE_CURVE ( 'NONE', #2942, #8668, #11209, .T. ) ;
#8512 = ORIENTED_EDGE ( 'NONE', *, *, #10998, .T. ) ;
#8513 = VECTOR ( 'NONE', #1923, 39.37007874015748143 ) ;
#8514 = EDGE_LOOP ( 'NONE', ( #228, #12854, #2420, #6877 ) ) ;
#8515 = CARTESIAN_POINT ( 'NONE',  ( 33.63110000000001065, -0.6953999999999957993, -14.43749999999997335 ) ) ;
#8516 = FACE_OUTER_BOUND ( 'NONE', #10988, .T. ) ;
#8517 = DIRECTION ( 'NONE',  ( 0.000000000000000000, -1.000000000000000000, -1.332348806898293597E-16 ) ) ;
#8518 = DIRECTION ( 'NONE',  ( -0.000000000000000000, -1.000000000000000000, -1.332348806898293597E-16 ) ) ;
#8519 = CARTESIAN_POINT ( 'NONE',  ( -35.13110000000000355, -0.5499999999999961586, 14.43750000000000178 ) ) ;
#8520 = DIRECTION ( 'NONE',  ( 0.000000000000000000, 1.000000000000000000, 0.000000000000000000 ) ) ;
#8521 = DIRECTION ( 'NONE',  ( -0.000000000000000000, 0.000000000000000000, -1.000000000000000000 ) ) ;
#8522 = DIRECTION ( 'NONE',  ( 1.000000000000000000, 0.000000000000000000, 0.000000000000000000 ) ) ;
#8523 = ORIENTED_EDGE ( 'NONE', *, *, #4051, .T. ) ;
#8524 = VECTOR ( 'NONE', #3155, 39.37007874015748143 ) ;
#8525 = AXIS2_PLACEMENT_3D ( 'NONE', #12820, #7800, #10744 ) ;
#8526 = VERTEX_POINT ( 'NONE', #12078 ) ;
#8527 = ORIENTED_EDGE ( 'NONE', *, *, #6559, .F. ) ;
#8528 = CYLINDRICAL_SURFACE ( 'NONE', #5127, 0.1250000000000015266 ) ;
#8529 = COLOUR_RGB ( '',0.7529411764705882248, 0.7529411764705882248, 0.7529411764705882248 ) ;
#8530 = EDGE_CURVE ( 'NONE', #604, #3623, #7938, .T. ) ;
#8531 = EDGE_LOOP ( 'NONE', ( #6247, #698, #2777, #5446 ) ) ;
#8532 = AXIS2_PLACEMENT_3D ( 'NONE', #10269, #5435, #4423 ) ;
#8533 = DIRECTION ( 'NONE',  ( 0.000000000000000000, 0.000000000000000000, 1.000000000000000000 ) ) ;
#8534 = VERTEX_POINT ( 'NONE', #1085 ) ;
#8535 = VECTOR ( 'NONE', #8520, 39.37007874015748143 ) ;
#8536 = DIRECTION ( 'NONE',  ( 0.000000000000000000, 0.000000000000000000, -1.000000000000000000 ) ) ;
#8537 = ORIENTED_EDGE ( 'NONE', *, *, #3533, .T. ) ;
#8538 = DIRECTION ( 'NONE',  ( 0.000000000000000000, 0.000000000000000000, -1.000000000000000000 ) ) ;
#8539 = AXIS2_PLACEMENT_3D ( 'NONE', #7325, #4442, #9280 ) ;
#8540 = CARTESIAN_POINT ( 'NONE',  ( 26.40652500000000913, -0.7999999999999926059, 14.53099999999999703 ) ) ;
#8541 = CARTESIAN_POINT ( 'NONE',  ( 21.92192499999999811, 0.7000000000000405898, -13.92187500000001066 ) ) ;
#8542 = DIRECTION ( 'NONE',  ( -0.000000000000000000, 0.000000000000000000, 1.000000000000000000 ) ) ;
#8543 = EDGE_LOOP ( 'NONE', ( #3850, #4869, #3098, #6684 ) ) ;
#8544 = AXIS2_PLACEMENT_3D ( 'NONE', #357, #7092, #2309 ) ;
#8545 = ORIENTED_EDGE ( 'NONE', *, *, #10660, .F. ) ;
#8546 = VECTOR ( 'NONE', #5447, 39.37007874015748143 ) ;
#8547 = ORIENTED_EDGE ( 'NONE', *, *, #12315, .F. ) ;
#8548 = CARTESIAN_POINT ( 'NONE',  ( -35.93750000000000000, -0.6641500000000034598, 14.86415000000000219 ) ) ;
#8549 = ORIENTED_EDGE ( 'NONE', *, *, #1973, .F. ) ;
#8550 = FACE_OUTER_BOUND ( 'NONE', #9407, .T. ) ;
#8551 = LINE ( 'NONE', #12687, #9558 ) ;
#8552 = CARTESIAN_POINT ( 'NONE',  ( -36.02170000000000272, 0.6999999999999995115, 14.78124999999999822 ) ) ;
#8553 = FACE_OUTER_BOUND ( 'NONE', #7841, .T. ) ;
#8554 = FACE_BOUND ( 'NONE', #5915, .T. ) ;
#8555 = LINE ( 'NONE', #12631, #871 ) ;
#8556 = DIRECTION ( 'NONE',  ( 1.000000000000000000, 0.000000000000000000, 0.000000000000000000 ) ) ;
#8557 = VERTEX_POINT ( 'NONE', #1020 ) ;
#8558 = EDGE_CURVE ( 'NONE', #12385, #3947, #11313, .T. ) ;
#8559 = VECTOR ( 'NONE', #5663, 39.37007874015748143 ) ;
#8560 = VERTEX_POINT ( 'NONE', #2835 ) ;
#8561 = EDGE_CURVE ( 'NONE', #6785, #330, #2976, .T. ) ;
#8562 = ORIENTED_EDGE ( 'NONE', *, *, #9613, .F. ) ;
#8563 = CARTESIAN_POINT ( 'NONE',  ( 21.34037499999998744, -0.5895000000000039098, -14.79687500000000000 ) ) ;
#8565 = EDGE_CURVE ( 'NONE', #10933, #8383, #12213, .T. ) ;
#8564 = VERTEX_POINT ( 'NONE', #6201 ) ;
#8566 = DIRECTION ( 'NONE',  ( 0.000000000000000000, -1.000000000000000000, -1.332348806898293597E-16 ) ) ;
#8567 = CARTESIAN_POINT ( 'NONE',  ( 35.91710000000000491, -0.6340999999999995529, 13.78219999999999956 ) ) ;
#8568 = DIRECTION ( 'NONE',  ( 1.240959386601371334E-16, -1.000000000000000000, 0.000000000000000000 ) ) ;
#8569 = DIRECTION ( 'NONE',  ( -1.000000000000000000, 5.463695987328555033E-16, 0.000000000000000000 ) ) ;
#8570 = DIRECTION ( 'NONE',  ( 1.000000000000000000, 0.000000000000000000, 0.000000000000000000 ) ) ;
#8571 = CARTESIAN_POINT ( 'NONE',  ( -22.20317500000001232, 0.4608499999999960961, 14.79687500000000000 ) ) ;
#8572 = EDGE_LOOP ( 'NONE', ( #2530, #3516 ) ) ;
#8573 = DIRECTION ( 'NONE',  ( 0.000000000000000000, 0.000000000000000000, -1.000000000000000000 ) ) ;
#8574 = VERTEX_POINT ( 'NONE', #5131 ) ;
#8575 = EDGE_CURVE ( 'NONE', #6639, #12564, #8139, .T. ) ;
#8576 = ORIENTED_EDGE ( 'NONE', *, *, #6494, .T. ) ;
#8577 = CIRCLE ( 'NONE', #9441, 0.1250000000000037192 ) ;
#8578 = ORIENTED_EDGE ( 'NONE', *, *, #61, .T. ) ;
#8579 = FACE_OUTER_BOUND ( 'NONE', #9232, .T. ) ;
#8580 = CARTESIAN_POINT ( 'NONE',  ( 17.16232500000000272, -0.6953999999999970205, -14.68749999999999289 ) ) ;
#8581 = LINE ( 'NONE', #5367, #5258 ) ;
#8582 = DIRECTION ( 'NONE',  ( 0.000000000000000000, 0.000000000000000000, -1.000000000000000000 ) ) ;
#8583 = FACE_OUTER_BOUND ( 'NONE', #8593, .T. ) ;
#8584 = CARTESIAN_POINT ( 'NONE',  ( 22.50347500000000167, 0.4608499999999960961, 14.79687500000000000 ) ) ;
#8585 = CARTESIAN_POINT ( 'NONE',  ( -20.96537499999999810, 0.4608499999999960961, 14.79687500000000000 ) ) ;
#8586 = ADVANCED_FACE ( 'NONE', ( #8208 ), #7192, .F. ) ;
#8587 = CARTESIAN_POINT ( 'NONE',  ( 17.00582500000001218, -0.7999999999999931610, 14.53100000000000058 ) ) ;
#8588 = EDGE_LOOP ( 'NONE', ( #5775, #7630, #11312, #7493 ) ) ;
#8590 = EDGE_LOOP ( 'NONE', ( #11476, #7319, #3718, #13065 ) ) ;
#8589 = AXIS2_PLACEMENT_3D ( 'NONE', #12709, #502, #5680 ) ;
#8591 = ORIENTED_EDGE ( 'NONE', *, *, #11013, .F. ) ;
#8592 = DIRECTION ( 'NONE',  ( 0.000000000000000000, -1.000000000000000000, -2.967464690054594744E-16 ) ) ;
#8593 = EDGE_LOOP ( 'NONE', ( #3227, #1515, #12257, #10320 ) ) ;
#8594 = CYLINDRICAL_SURFACE ( 'NONE', #109, 0.1565000000000003610 ) ;
#8595 = VERTEX_POINT ( 'NONE', #9147 ) ;
#8596 = DIRECTION ( 'NONE',  ( 0.000000000000000000, 0.000000000000000000, -1.000000000000000000 ) ) ;
#8597 = ORIENTED_EDGE ( 'NONE', *, *, #5325, .T. ) ;
#8598 = DIRECTION ( 'NONE',  ( 0.000000000000000000, 0.000000000000000000, -1.000000000000000000 ) ) ;
#8599 = AXIS2_PLACEMENT_3D ( 'NONE', #7819, #3923, #9833 ) ;
#8600 = DIRECTION ( 'NONE',  ( 0.000000000000000000, -1.000000000000000000, -2.967464690054594744E-16 ) ) ;
#8601 = CYLINDRICAL_SURFACE ( 'NONE', #2638, 0.2499999999999986955 ) ;
#8602 = DIRECTION ( 'NONE',  ( 0.000000000000000000, -1.000000000000000000, -2.967464690054594744E-16 ) ) ;
#8603 = VERTEX_POINT ( 'NONE', #11003 ) ;
#8604 = EDGE_CURVE ( 'NONE', #11102, #12444, #1004, .T. ) ;
#8605 = VECTOR ( 'NONE', #2344, 39.37007874015748143 ) ;
#8606 = ORIENTED_EDGE ( 'NONE', *, *, #8965, .T. ) ;
#8607 = ORIENTED_EDGE ( 'NONE', *, *, #12145, .T. ) ;
#8608 = LINE ( 'NONE', #6594, #351 ) ;
#8609 = EDGE_LOOP ( 'NONE', ( #8606, #3753, #10416, #10849 ) ) ;
#8610 = DIRECTION ( 'NONE',  ( -0.000000000000000000, -0.000000000000000000, -1.000000000000000000 ) ) ;
#8611 = PLANE ( 'NONE',  #3763 ) ;
#8612 = CYLINDRICAL_SURFACE ( 'NONE', #8953, 0.1250000000000015266 ) ;
#8613 = DIRECTION ( 'NONE',  ( 1.000000000000000000, 0.000000000000000000, 0.000000000000000000 ) ) ;
#8614 = CARTESIAN_POINT ( 'NONE',  ( -21.73442500000000521, -0.4299000000000040012, -14.42187500000001066 ) ) ;
#8615 = DIRECTION ( 'NONE',  ( 1.000000000000000000, 5.463695987328555033E-16, 0.000000000000000000 ) ) ;
#8616 = DIRECTION ( 'NONE',  ( -0.000000000000000000, -1.000000000000000000, -1.332348806898293597E-16 ) ) ;
#8617 = AXIS2_PLACEMENT_3D ( 'NONE', #1079, #9143, #2023 ) ;
#8618 = ORIENTED_EDGE ( 'NONE', *, *, #4287, .F. ) ;
#8619 = AXIS2_PLACEMENT_3D ( 'NONE', #1703, #4793, #5004 ) ;
#8620 = ORIENTED_EDGE ( 'NONE', *, *, #2132, .T. ) ;
#8621 = ORIENTED_EDGE ( 'NONE', *, *, #10760, .T. ) ;
#8622 = EDGE_CURVE ( 'NONE', #6624, #3253, #4043, .T. ) ;
#8623 = FACE_OUTER_BOUND ( 'NONE', #9257, .T. ) ;
#8624 = DIRECTION ( 'NONE',  ( -0.000000000000000000, -1.000000000000000000, -1.332348806898293597E-16 ) ) ;
#8625 = DIRECTION ( 'NONE',  ( -1.240959386601361473E-16, 1.000000000000000000, 0.000000000000000000 ) ) ;
#8626 = LINE ( 'NONE', #6804, #1217 ) ;
#8627 = EDGE_CURVE ( 'NONE', #10261, #6331, #7655, .T. ) ;
#8628 = CARTESIAN_POINT ( 'NONE',  ( -21.73442500000000877, -0.4299000000000040012, 14.42187500000000178 ) ) ;
#8629 = DIRECTION ( 'NONE',  ( -0.000000000000000000, -1.000000000000000000, -1.332348806898293597E-16 ) ) ;
#8630 = LINE ( 'NONE', #1578, #8376 ) ;
#8631 = ORIENTED_EDGE ( 'NONE', *, *, #1544, .T. ) ;
#8632 = VECTOR ( 'NONE', #6077, 39.37007874015748143 ) ;
#8633 = ADVANCED_FACE ( 'NONE', ( #9078 ), #9214, .F. ) ;
#8634 = ORIENTED_EDGE ( 'NONE', *, *, #11589, .F. ) ;
#8635 = EDGE_LOOP ( 'NONE', ( #901, #10816, #12275, #8899 ) ) ;
#8636 = DIRECTION ( 'NONE',  ( -1.000000000000000000, 0.000000000000000000, 0.000000000000000000 ) ) ;
#8637 = ADVANCED_FACE ( 'NONE', ( #10083 ), #883, .F. ) ;
#8639 = CARTESIAN_POINT ( 'NONE',  ( -26.40652500000000558, -0.7999999999999957145, -14.34399999999999586 ) ) ;
#8638 = VECTOR ( 'NONE', #11018, 39.37007874015748143 ) ;
#8640 = DIRECTION ( 'NONE',  ( -1.000000000000000000, -0.000000000000000000, -0.000000000000000000 ) ) ;
#8641 = EDGE_CURVE ( 'NONE', #403, #8498, #8350, .T. ) ;
#8642 = CARTESIAN_POINT ( 'NONE',  ( -26.09352499999999964, -0.8000000000000000444, -14.53099999999999170 ) ) ;
#8643 = AXIS2_PLACEMENT_3D ( 'NONE', #481, #12560, #11547 ) ;
#8644 = DIRECTION ( 'NONE',  ( 0.000000000000000000, 0.000000000000000000, -1.000000000000000000 ) ) ;
#8645 = CARTESIAN_POINT ( 'NONE',  ( -28.53760000000000829, -0.7999999999999958256, 14.53100000000000058 ) ) ;
#8646 = CARTESIAN_POINT ( 'NONE',  ( 21.34037499999998388, 0.3358499999999960961, 14.67187500000000000 ) ) ;
#8647 = VERTEX_POINT ( 'NONE', #3366 ) ;
#8648 = ORIENTED_EDGE ( 'NONE', *, *, #2965, .F. ) ;
#8649 = EDGE_CURVE ( 'NONE', #5228, #2185, #9349, .T. ) ;
#8650 = AXIS2_PLACEMENT_3D ( 'NONE', #803, #8998, #1069 ) ;
#8651 = VERTEX_POINT ( 'NONE', #6395 ) ;
#8652 = DIRECTION ( 'NONE',  ( 1.240959386601371334E-16, -1.000000000000000000, -0.000000000000000000 ) ) ;
#8653 = ORIENTED_EDGE ( 'NONE', *, *, #5054, .F. ) ;
#8654 = EDGE_CURVE ( 'NONE', #6277, #6416, #2719, .T. ) ;
#8655 = CARTESIAN_POINT ( 'NONE',  ( -35.23450000000000415, -0.5499999999999961586, 1.686549999999997107 ) ) ;
#8656 = EDGE_LOOP ( 'NONE', ( #12939, #5551 ) ) ;
#8657 = EDGE_LOOP ( 'NONE', ( #1058, #9645, #5345, #7230 ) ) ;
#8658 = CARTESIAN_POINT ( 'NONE',  ( 35.93750000000000000, -0.6953999999999999071, -14.89540000000000042 ) ) ;
#8659 = CARTESIAN_POINT ( 'NONE',  ( -21.73442500000000521, -0.6207000000000038042, -14.42187500000001066 ) ) ;
#8660 = FACE_BOUND ( 'NONE', #10630, .T. ) ;
#8661 = VECTOR ( 'NONE', #5085, 39.37007874015748143 ) ;
#8662 = DIRECTION ( 'NONE',  ( 0.000000000000000000, 0.000000000000000000, 1.000000000000000000 ) ) ;
#8663 = CARTESIAN_POINT ( 'NONE',  ( 26.09352500000000674, -0.5499999999999926059, 14.34399999999999942 ) ) ;
#8664 = ORIENTED_EDGE ( 'NONE', *, *, #10706, .T. ) ;
#8665 = ADVANCED_FACE ( 'NONE', ( #12415 ), #7393, .F. ) ;
#8666 = EDGE_LOOP ( 'NONE', ( #2027, #4696, #9864, #6249 ) ) ;
#8667 = AXIS2_PLACEMENT_3D ( 'NONE', #6819, #10648, #6686 ) ;
#8668 = VERTEX_POINT ( 'NONE', #9282 ) ;
#8669 = DIRECTION ( 'NONE',  ( 0.000000000000000000, 0.000000000000000000, -1.000000000000000000 ) ) ;
#8670 = VERTEX_POINT ( 'NONE', #11602 ) ;
#8671 = CARTESIAN_POINT ( 'NONE',  ( 35.91710000000000491, 0.5953999999999993742, -13.78219999999999956 ) ) ;
#8672 = AXIS2_PLACEMENT_3D ( 'NONE', #9175, #12438, #2127 ) ;
#8673 = EDGE_CURVE ( 'NONE', #6116, #3951, #8310, .T. ) ;
#8674 = DIRECTION ( 'NONE',  ( 0.000000000000000000, 0.000000000000000000, -1.000000000000000000 ) ) ;
#8675 = CARTESIAN_POINT ( 'NONE',  ( 11.09352499999999964, -0.6953999999999974646, -14.34399999999999764 ) ) ;
#8676 = DIRECTION ( 'NONE',  ( 1.240959386601371334E-16, -1.000000000000000000, 0.000000000000000000 ) ) ;
#8677 = CARTESIAN_POINT ( 'NONE',  ( -25.19685039370078528, 0.7000000000000053957, 4.330708661417322247 ) ) ;
#8678 = DIRECTION ( 'NONE',  ( -0.000000000000000000, -1.000000000000000000, -1.332348806898293597E-16 ) ) ;
#8679 = DIRECTION ( 'NONE',  ( 0.000000000000000000, 0.000000000000000000, -1.000000000000000000 ) ) ;
#8680 = AXIS2_PLACEMENT_3D ( 'NONE', #2516, #1569, #11629 ) ;
#8681 = ORIENTED_EDGE ( 'NONE', *, *, #7380, .T. ) ;
#8682 = AXIS2_PLACEMENT_3D ( 'NONE', #12326, #13258, #4087 ) ;
#8683 = ORIENTED_EDGE ( 'NONE', *, *, #7742, .F. ) ;
#8684 = ADVANCED_FACE ( 'NONE', ( #74 ), #10606, .F. ) ;
#8685 = ORIENTED_EDGE ( 'NONE', *, *, #6845, .F. ) ;
#8686 = AXIS2_PLACEMENT_3D ( 'NONE', #1951, #9138, #3032 ) ;
#8687 = CARTESIAN_POINT ( 'NONE',  ( -21.73442500000000877, -0.7999999999999953815, 14.18750000000000533 ) ) ;
#8688 = CIRCLE ( 'NONE', #9339, 0.1250000000000026368 ) ;
#8689 = DIRECTION ( 'NONE',  ( -0.000000000000000000, -1.000000000000000000, -1.332348806898293597E-16 ) ) ;
#8690 = CARTESIAN_POINT ( 'NONE',  ( -11.09352500000000852, -0.7999999999999948264, 14.53100000000000058 ) ) ;
#8691 = DIRECTION ( 'NONE',  ( -0.000000000000000000, -1.000000000000000000, -1.332348806898293597E-16 ) ) ;
#8692 = CARTESIAN_POINT ( 'NONE',  ( 11.09352500000000852, -0.5499999999999934941, 14.34400000000000475 ) ) ;
#8693 = CARTESIAN_POINT ( 'NONE',  ( 17.31882500000001102, -0.6954000000000036819, 14.53100000000000058 ) ) ;
#8694 = VECTOR ( 'NONE', #2602, 39.37007874015748143 ) ;
#8695 = DIRECTION ( 'NONE',  ( 0.000000000000000000, 0.000000000000000000, -1.000000000000000000 ) ) ;
#8696 = VERTEX_POINT ( 'NONE', #10477 ) ;
#8697 = EDGE_CURVE ( 'NONE', #9305, #11441, #10646, .T. ) ;
#8698 = EDGE_CURVE ( 'NONE', #1400, #10708, #2943, .T. ) ;
#8699 = AXIS2_PLACEMENT_3D ( 'NONE', #6881, #8022, #5881 ) ;
#8700 = EDGE_CURVE ( 'NONE', #6053, #3337, #1151, .T. ) ;
#8701 = EDGE_CURVE ( 'NONE', #7535, #7943, #3371, .T. ) ;
#8702 = VECTOR ( 'NONE', #2388, 39.37007874015748143 ) ;
#8703 = ORIENTED_EDGE ( 'NONE', *, *, #2893, .T. ) ;
#8704 = ORIENTED_EDGE ( 'NONE', *, *, #1365, .F. ) ;
#8705 = DIRECTION ( 'NONE',  ( 0.000000000000000000, 0.000000000000000000, -1.000000000000000000 ) ) ;
#8706 = DIRECTION ( 'NONE',  ( 0.000000000000000000, 0.000000000000000000, -1.000000000000000000 ) ) ;
#8708 = AXIS2_PLACEMENT_3D ( 'NONE', #10928, #8933, #11803 ) ;
#8707 = DIRECTION ( 'NONE',  ( 0.000000000000000000, 0.000000000000000000, -1.000000000000000000 ) ) ;
#8709 = DIRECTION ( 'NONE',  ( 0.000000000000000000, 0.000000000000000000, 1.000000000000000000 ) ) ;
#8710 = LINE ( 'NONE', #6756, #8948 ) ;
#8711 = DIRECTION ( 'NONE',  ( 1.000000000000000000, 0.000000000000000000, 0.000000000000000000 ) ) ;
#8712 = CARTESIAN_POINT ( 'NONE',  ( 32.13110000000001065, -0.5499999999999921618, -14.34399999999997810 ) ) ;
#8713 = VERTEX_POINT ( 'NONE', #273 ) ;
#8714 = VERTEX_POINT ( 'NONE', #12617 ) ;
#8715 = EDGE_CURVE ( 'NONE', #12905, #11852, #2360, .T. ) ;
#8716 = VECTOR ( 'NONE', #9892, 39.37007874015748143 ) ;
#8717 = EDGE_CURVE ( 'NONE', #756, #3570, #11067, .T. ) ;
#8718 = VERTEX_POINT ( 'NONE', #3174 ) ;
#8719 = DIRECTION ( 'NONE',  ( 1.240959386601371334E-16, -1.000000000000000000, 0.000000000000000000 ) ) ;
#8720 = VERTEX_POINT ( 'NONE', #5389 ) ;
#8721 = ADVANCED_FACE ( 'NONE', ( #5257 ), #12348, .F. ) ;
#8722 = DIRECTION ( 'NONE',  ( -0.000000000000000000, -0.000000000000000000, 1.000000000000000000 ) ) ;
#8723 = ORIENTED_EDGE ( 'NONE', *, *, #9136, .F. ) ;
#8724 = ORIENTED_EDGE ( 'NONE', *, *, #8280, .F. ) ;
#8725 = CARTESIAN_POINT ( 'NONE',  ( -3.906499999999998529, -0.5499999999999943823, -14.34399999999999409 ) ) ;
#8726 = EDGE_CURVE ( 'NONE', #906, #9882, #5096, .T. ) ;
#8727 = CARTESIAN_POINT ( 'NONE',  ( 36.02170000000000272, -0.6341000000000001080, -13.78219999999999956 ) ) ;
#8728 = FILL_AREA_STYLE ('',( #8924 ) ) ;
#8729 = CIRCLE ( 'NONE', #12577, 0.1565000000000003610 ) ;
#8730 = CIRCLE ( 'NONE', #9796, 0.1565000000000003610 ) ;
#8731 = DIRECTION ( 'NONE',  ( 5.463695987328555033E-16, -1.000000000000000000, 0.000000000000000000 ) ) ;
#8732 = CARTESIAN_POINT ( 'NONE',  ( -21.35942499999999455, -0.4299000000000038346, -12.43750000000001066 ) ) ;
#8733 = ORIENTED_EDGE ( 'NONE', *, *, #5218, .T. ) ;
#8734 = AXIS2_PLACEMENT_3D ( 'NONE', #866, #13195, #56 ) ;
#8735 = ORIENTED_EDGE ( 'NONE', *, *, #12455, .F. ) ;
#8736 = AXIS2_PLACEMENT_3D ( 'NONE', #1874, #6906, #3022 ) ;
#8737 = ORIENTED_EDGE ( 'NONE', *, *, #4468, .F. ) ;
#8738 = DIRECTION ( 'NONE',  ( -1.000000000000000000, 0.000000000000000000, 0.000000000000000000 ) ) ;
#8739 = ORIENTED_EDGE ( 'NONE', *, *, #2107, .T. ) ;
#8740 = EDGE_CURVE ( 'NONE', #6068, #6229, #4237, .T. ) ;
#8741 = CARTESIAN_POINT ( 'NONE',  ( 35.93750000000000000, 0.5641500000000337911, 14.89540000000000042 ) ) ;
#8742 = DIRECTION ( 'NONE',  ( 0.000000000000000000, 0.000000000000000000, -1.000000000000000000 ) ) ;
#8743 = CARTESIAN_POINT ( 'NONE',  ( -7.484425000000003436, -0.6953999999999985748, -14.34399999999999054 ) ) ;
#8744 = FACE_OUTER_BOUND ( 'NONE', #1549, .T. ) ;
#8745 = FACE_BOUND ( 'NONE', #5566, .T. ) ;
#8746 = LINE ( 'NONE', #12561, #4316 ) ;
#8747 = EDGE_CURVE ( 'NONE', #3835, #6896, #11281, .T. ) ;
#8748 = CARTESIAN_POINT ( 'NONE',  ( 3.750000000000002220, -0.7999999999999939382, 14.34400000000000652 ) ) ;
#8749 = CIRCLE ( 'NONE', #9185, 0.1565000000000003610 ) ;
#8750 = ADVANCED_FACE ( 'NONE', ( #12680 ), #1478, .F. ) ;
#8751 = ADVANCED_FACE ( 'NONE', ( #6846 ), #7788, .F. ) ;
#8752 = VECTOR ( 'NONE', #8995, 39.37007874015748143 ) ;
#8753 = EDGE_LOOP ( 'NONE', ( #9408, #6255, #11882, #3928 ) ) ;
#8754 = VECTOR ( 'NONE', #9566, 39.37007874015748143 ) ;
#8755 = VERTEX_POINT ( 'NONE', #663 ) ;
#8756 = CIRCLE ( 'NONE', #1315, 0.1250000000000029143 ) ;
#8757 = ORIENTED_EDGE ( 'NONE', *, *, #10629, .F. ) ;
#8758 = FACE_OUTER_BOUND ( 'NONE', #12452, .T. ) ;
#8759 = DIRECTION ( 'NONE',  ( 0.000000000000000000, 0.000000000000000000, -1.000000000000000000 ) ) ;
#8760 = DIRECTION ( 'NONE',  ( 1.000000000000000000, 5.463695987328555033E-16, 0.000000000000000000 ) ) ;
#8761 = LINE ( 'NONE', #2715, #9784 ) ;
#8762 = AXIS2_PLACEMENT_3D ( 'NONE', #2712, #3917, #4723 ) ;
#8763 = DIRECTION ( 'NONE',  ( 0.000000000000000000, 0.000000000000000000, -1.000000000000000000 ) ) ;
#8764 = CARTESIAN_POINT ( 'NONE',  ( 7.640925000000008183, -0.8000000000000000444, -14.53099999999998815 ) ) ;
#8765 = DIRECTION ( 'NONE',  ( -0.000000000000000000, -1.000000000000000000, -1.332348806898293597E-16 ) ) ;
#8766 = VERTEX_POINT ( 'NONE', #7592 ) ;
#8767 = EDGE_CURVE ( 'NONE', #7708, #7195, #11668, .T. ) ;
#8768 = EDGE_LOOP ( 'NONE', ( #8095, #1600, #6283, #7511, #12549 ) ) ;
#8769 = ORIENTED_EDGE ( 'NONE', *, *, #3891, .T. ) ;
#8770 = CARTESIAN_POINT ( 'NONE',  ( 3.593500000000001915, -0.7999999999999939382, 14.53100000000000058 ) ) ;
#8771 = CARTESIAN_POINT ( 'NONE',  ( 36.02170000000000272, -0.8000000000000000444, -13.78219999999999956 ) ) ;
#8772 = CARTESIAN_POINT ( 'NONE',  ( -21.35942499999999811, -0.4299000000000038346, 12.43750000000000178 ) ) ;
#8773 = LINE ( 'NONE', #7904, #2488 ) ;
#8774 = CYLINDRICAL_SURFACE ( 'NONE', #5427, 0.2499999999999986955 ) ;
#8775 = DIRECTION ( 'NONE',  ( 0.000000000000000000, -1.000000000000000000, 0.000000000000000000 ) ) ;
#8776 = CYLINDRICAL_SURFACE ( 'NONE', #4870, 0.1250000000000037192 ) ;
#8777 = LINE ( 'NONE', #5575, #4318 ) ;
#8778 = ORIENTED_EDGE ( 'NONE', *, *, #7523, .T. ) ;
#8779 = VERTEX_POINT ( 'NONE', #5527 ) ;
#8780 = VERTEX_POINT ( 'NONE', #10733 ) ;
#8781 = DIRECTION ( 'NONE',  ( -1.000000000000000000, 0.000000000000000000, -0.000000000000000000 ) ) ;
#8782 = VERTEX_POINT ( 'NONE', #9670 ) ;
#8783 = LINE ( 'NONE', #12857, #7406 ) ;
#8784 = VERTEX_POINT ( 'NONE', #12741 ) ;
#8785 = VERTEX_POINT ( 'NONE', #10921 ) ;
#8786 = LINE ( 'NONE', #7920, #4758 ) ;
#8787 = DIRECTION ( 'NONE',  ( 0.000000000000000000, 0.000000000000000000, -1.000000000000000000 ) ) ;
#8788 =( LENGTH_UNIT ( ) NAMED_UNIT ( * ) SI_UNIT ( $, .METRE. ) );
#8789 = ADVANCED_FACE ( 'NONE', ( #2490 ), #5714, .T. ) ;
#8790 = AXIS2_PLACEMENT_3D ( 'NONE', #4077, #12446, #11436 ) ;
#8791 = FACE_BOUND ( 'NONE', #9925, .T. ) ;
#8792 = DIRECTION ( 'NONE',  ( -0.000000000000000000, -1.000000000000000000, -1.332348806898293597E-16 ) ) ;
#8793 = ORIENTED_EDGE ( 'NONE', *, *, #4382, .F. ) ;
#8794 = AXIS2_PLACEMENT_3D ( 'NONE', #10357, #2036, #4053 ) ;
#8795 = ORIENTED_EDGE ( 'NONE', *, *, #444, .F. ) ;
#8796 = ORIENTED_EDGE ( 'NONE', *, *, #12620, .T. ) ;
#8798 = AXIS2_PLACEMENT_3D ( 'NONE', #2044, #10237, #6078 ) ;
#8797 = DIRECTION ( 'NONE',  ( -1.000000000000000000, -5.463695987328555033E-16, 0.000000000000000000 ) ) ;
#8799 = ORIENTED_EDGE ( 'NONE', *, *, #12242, .F. ) ;
#8800 = EDGE_CURVE ( 'NONE', #1142, #10657, #8729, .T. ) ;
#8801 = EDGE_LOOP ( 'NONE', ( #7142, #11921 ) ) ;
#8802 = LINE ( 'NONE', #6786, #11161 ) ;
#8803 = AXIS2_PLACEMENT_3D ( 'NONE', #6076, #763, #695 ) ;
#8804 = CARTESIAN_POINT ( 'NONE',  ( 35.88585000000000491, -0.6954000000000021275, -13.78219999999999956 ) ) ;
#8805 = DIRECTION ( 'NONE',  ( 0.000000000000000000, 0.000000000000000000, 1.000000000000000000 ) ) ;
#8806 = DIRECTION ( 'NONE',  ( 0.000000000000000000, -1.000000000000000000, -2.967464690054594744E-16 ) ) ;
#8807 = CARTESIAN_POINT ( 'NONE',  ( -26.09352500000000319, -0.6953999999999994630, -14.89539999999999687 ) ) ;
#8808 = EDGE_CURVE ( 'NONE', #7993, #2410, #12140, .T. ) ;
#8809 = CARTESIAN_POINT ( 'NONE',  ( 28.53760000000000829, -0.7999999999999923839, -14.34399999999999942 ) ) ;
#8810 = VERTEX_POINT ( 'NONE', #11738 ) ;
#8812 = ORIENTED_EDGE ( 'NONE', *, *, #9730, .T. ) ;
#8811 = AXIS2_PLACEMENT_3D ( 'NONE', #8712, #10718, #2606 ) ;
#8813 = ADVANCED_FACE ( 'NONE', ( #2560 ), #6647, .F. ) ;
#8814 = CIRCLE ( 'NONE', #10528, 0.1250000000000037192 ) ;
#8815 = ADVANCED_FACE ( 'NONE', ( #5651, #9733, #9798, #8859, #11857, #8791 ), #4639, .F. ) ;
#8816 = ORIENTED_EDGE ( 'NONE', *, *, #5362, .T. ) ;
#8817 = VECTOR ( 'NONE', #11971, 39.37007874015748143 ) ;
#8818 = ORIENTED_EDGE ( 'NONE', *, *, #11624, .F. ) ;
#8819 = DIRECTION ( 'NONE',  ( 1.240959386601371334E-16, -1.000000000000000000, 0.000000000000000000 ) ) ;
#8820 = VECTOR ( 'NONE', #7271, 39.37007874015748143 ) ;
#8821 = CARTESIAN_POINT ( 'NONE',  ( 7.484425000000007877, -0.6953999999999975756, -14.53099999999998637 ) ) ;
#8822 = CARTESIAN_POINT ( 'NONE',  ( -35.93750000000000000, 0.7000000000000000666, 15.00000000000000000 ) ) ;
#8823 = CARTESIAN_POINT ( 'NONE',  ( -35.93750000000000000, 0.7000000000000037303, -14.91875000000000462 ) ) ;
#8824 = DIRECTION ( 'NONE',  ( 1.000000000000000000, 0.000000000000000000, 0.000000000000000000 ) ) ;
#8825 = DIRECTION ( 'NONE',  ( 0.000000000000000000, 0.000000000000000000, 1.000000000000000000 ) ) ;
#8826 = CARTESIAN_POINT ( 'NONE',  ( -7.327925000000003131, -0.5499999999999946043, -14.53099999999998815 ) ) ;
#8827 = VECTOR ( 'NONE', #1639, 39.37007874015748143 ) ;
#8828 = FACE_BOUND ( 'NONE', #3355, .T. ) ;
#8829 = ORIENTED_EDGE ( 'NONE', *, *, #10365, .F. ) ;
#8830 = EDGE_CURVE ( 'NONE', #2150, #1171, #409, .T. ) ;
#8831 = CIRCLE ( 'NONE', #10120, 0.03125000000000147798 ) ;
#8832 = ORIENTED_EDGE ( 'NONE', *, *, #11737, .F. ) ;
#8833 = VERTEX_POINT ( 'NONE', #3631 ) ;
#8834 = EDGE_LOOP ( 'NONE', ( #5378, #11850, #4771, #5251, #534, #11210 ) ) ;
#8835 = CARTESIAN_POINT ( 'NONE',  ( 22.47227499999999978, -0.6207000000000038042, 14.79687500000000000 ) ) ;
#8836 = CARTESIAN_POINT ( 'NONE',  ( 29.52755905511811108, 0.7000000000000352607, -2.098059259134154152E-13 ) ) ;
#8837 = DIRECTION ( 'NONE',  ( 0.000000000000000000, 0.000000000000000000, -1.000000000000000000 ) ) ;
#8838 = DIRECTION ( 'NONE',  ( 0.000000000000000000, -1.000000000000000000, -1.332348806898293597E-16 ) ) ;
#8839 = DIRECTION ( 'NONE',  ( -0.000000000000000000, -1.000000000000000000, -1.332348806898293597E-16 ) ) ;
#8840 = LINE ( 'NONE', #5572, #2415 ) ;
#8841 = EDGE_CURVE ( 'NONE', #10981, #10973, #3586, .T. ) ;
#8842 = CARTESIAN_POINT ( 'NONE',  ( -33.63110000000000355, -0.7999999999999959366, 14.31249999999999822 ) ) ;
#8843 = CARTESIAN_POINT ( 'NONE',  ( -26.09352500000000674, -0.5499999999999958256, 14.53099999999999703 ) ) ;
#8844 = DIRECTION ( 'NONE',  ( 0.000000000000000000, -1.000000000000000000, -1.332348806898293597E-16 ) ) ;
#8845 = VERTEX_POINT ( 'NONE', #3759 ) ;
#8846 = ORIENTED_EDGE ( 'NONE', *, *, #6865, .T. ) ;
#8847 = ORIENTED_EDGE ( 'NONE', *, *, #8965, .F. ) ;
#8848 = DIRECTION ( 'NONE',  ( -0.000000000000000000, 1.000000000000000000, -0.000000000000000000 ) ) ;
#8849 = EDGE_CURVE ( 'NONE', #2656, #3113, #6709, .T. ) ;
#8850 = VECTOR ( 'NONE', #5875, 39.37007874015748143 ) ;
#8851 = ORIENTED_EDGE ( 'NONE', *, *, #5918, .T. ) ;
#8852 = CIRCLE ( 'NONE', #3077, 0.1565000000000003610 ) ;
#8853 = DIRECTION ( 'NONE',  ( 0.000000000000000000, -1.000000000000000000, -2.967464690054594744E-16 ) ) ;
#8854 = EDGE_LOOP ( 'NONE', ( #939, #12903, #6637, #8023 ) ) ;
#8855 = EDGE_LOOP ( 'NONE', ( #8306, #9366, #8685, #11117 ) ) ;
#8856 = DIRECTION ( 'NONE',  ( 0.000000000000000000, -1.000000000000000000, -2.967464690054594744E-16 ) ) ;
#8857 = CYLINDRICAL_SURFACE ( 'NONE', #13005, 0.1565000000000003610 ) ;
#8858 = DIRECTION ( 'NONE',  ( -1.000000000000000000, -0.000000000000000000, -0.000000000000000000 ) ) ;
#8859 = FACE_BOUND ( 'NONE', #283, .T. ) ;
#8860 = LINE ( 'NONE', #11932, #1783 ) ;
#8861 = EDGE_LOOP ( 'NONE', ( #2457, #753, #7744, #13022 ) ) ;
#8862 = VECTOR ( 'NONE', #8424, 39.37007874015748143 ) ;
#8863 = EDGE_CURVE ( 'NONE', #4387, #10632, #360, .T. ) ;
#8864 = VERTEX_POINT ( 'NONE', #11931 ) ;
#8865 = EDGE_CURVE ( 'NONE', #4890, #4910, #8086, .T. ) ;
#8866 = ORIENTED_EDGE ( 'NONE', *, *, #1006, .F. ) ;
#8867 = CARTESIAN_POINT ( 'NONE',  ( 3.906500000000002526, -0.6953999999999979087, 14.34400000000000475 ) ) ;
#8868 = ORIENTED_EDGE ( 'NONE', *, *, #10672, .F. ) ;
#8869 = PLANE ( 'NONE',  #9871 ) ;
#8870 = EDGE_LOOP ( 'NONE', ( #10958, #8444, #2983, #7079 ) ) ;
#8871 = CIRCLE ( 'NONE', #6297, 0.2187500000000015821 ) ;
#8872 = CARTESIAN_POINT ( 'NONE',  ( -21.73442500000000877, -0.5499999999999954925, 14.34400000000000652 ) ) ;
#8873 = CARTESIAN_POINT ( 'NONE',  ( 3.906500000000002526, -0.5499999999999939382, 14.34400000000000475 ) ) ;
#8874 = DIRECTION ( 'NONE',  ( 0.000000000000000000, -1.000000000000000000, -2.967464690054594744E-16 ) ) ;
#8875 = PLANE ( 'NONE',  #10462 ) ;
#8876 = LINE ( 'NONE', #550, #809 ) ;
#8877 = ORIENTED_EDGE ( 'NONE', *, *, #6062, .T. ) ;
#8878 = VERTEX_POINT ( 'NONE', #6047 ) ;
#8879 = EDGE_CURVE ( 'NONE', #8403, #137, #10437, .T. ) ;
#8880 = ORIENTED_EDGE ( 'NONE', *, *, #11082, .T. ) ;
#8881 = EDGE_CURVE ( 'NONE', #429, #3182, #6382, .T. ) ;
#8882 = ORIENTED_EDGE ( 'NONE', *, *, #9247, .T. ) ;
#8883 = AXIS2_PLACEMENT_3D ( 'NONE', #12657, #8517, #314 ) ;
#8884 = DIRECTION ( 'NONE',  ( -0.000000000000000000, -1.000000000000000000, -1.332348806898293597E-16 ) ) ;
#8885 = DIRECTION ( 'NONE',  ( -0.000000000000000000, -1.000000000000000000, -1.332348806898293597E-16 ) ) ;
#8886 = DIRECTION ( 'NONE',  ( 1.000000000000000000, -0.000000000000000000, -0.000000000000000000 ) ) ;
#8887 = DIRECTION ( 'NONE',  ( 0.000000000000000000, 0.000000000000000000, -1.000000000000000000 ) ) ;
#8888 = CYLINDRICAL_SURFACE ( 'NONE', #3682, 0.1565000000000003610 ) ;
#8889 = VECTOR ( 'NONE', #4679, 39.37007874015748143 ) ;
#8890 = EDGE_CURVE ( 'NONE', #7195, #7146, #7048, .T. ) ;
#8891 = CARTESIAN_POINT ( 'NONE',  ( -11.09352500000000852, -0.7999999999999999334, 14.34400000000000652 ) ) ;
#8892 = CARTESIAN_POINT ( 'NONE',  ( 35.93750000000000000, 0.6187500000000388800, 15.00000000000000000 ) ) ;
#8893 = ORIENTED_EDGE ( 'NONE', *, *, #5173, .T. ) ;
#8894 = ORIENTED_EDGE ( 'NONE', *, *, #6631, .F. ) ;
#8895 = VECTOR ( 'NONE', #46, 39.37007874015748143 ) ;
#8896 = AXIS2_PLACEMENT_3D ( 'NONE', #11364, #170, #4277 ) ;
#8897 = DIRECTION ( 'NONE',  ( 1.000000000000000000, 0.000000000000000000, 0.000000000000000000 ) ) ;
#8898 = VERTEX_POINT ( 'NONE', #12132 ) ;
#8899 = ORIENTED_EDGE ( 'NONE', *, *, #6311, .F. ) ;
#8900 = LINE ( 'NONE', #7963, #7596 ) ;
#8901 = DIRECTION ( 'NONE',  ( 0.000000000000000000, -1.000000000000000000, -1.332348806898293597E-16 ) ) ;
#8902 = EDGE_CURVE ( 'NONE', #12550, #3820, #5734, .T. ) ;
#8903 = DIRECTION ( 'NONE',  ( -0.000000000000000000, -1.000000000000000000, -1.332348806898293597E-16 ) ) ;
#8904 = CARTESIAN_POINT ( 'NONE',  ( -33.07086614173228156, 0.7000000000000011768, -3.543307086614173151 ) ) ;
#8905 = CARTESIAN_POINT ( 'NONE',  ( -20.99657499999999999, -0.6954000000000047921, -14.79687500000000000 ) ) ;
#8906 = FACE_OUTER_BOUND ( 'NONE', #4488, .T. ) ;
#8907 = CARTESIAN_POINT ( 'NONE',  ( 32.28760000000000474, -0.7999999999999921618, 14.53100000000000058 ) ) ;
#8908 = CIRCLE ( 'NONE', #4201, 0.08124999999999903133 ) ;
#8909 = VECTOR ( 'NONE', #9087, 39.37007874015748143 ) ;
#8910 = DIRECTION ( 'NONE',  ( -0.000000000000000000, -1.000000000000000000, -1.332348806898293597E-16 ) ) ;
#8911 = ORIENTED_EDGE ( 'NONE', *, *, #1257, .F. ) ;
#8912 = EDGE_CURVE ( 'NONE', #1665, #7988, #7743, .T. ) ;
#8913 = ORIENTED_EDGE ( 'NONE', *, *, #11247, .T. ) ;
#8914 = CIRCLE ( 'NONE', #3138, 0.1565000000000003610 ) ;
#8915 = EDGE_LOOP ( 'NONE', ( #2020, #3165, #10893, #12203 ) ) ;
#8916 = DIRECTION ( 'NONE',  ( -1.000000000000000000, 0.000000000000000000, 0.000000000000000000 ) ) ;
#8917 = AXIS2_PLACEMENT_3D ( 'NONE', #903, #8094, #4941 ) ;
#8918 = VERTEX_POINT ( 'NONE', #802 ) ;
#8919 = CARTESIAN_POINT ( 'NONE',  ( 21.51567499999999100, -0.4299000000000040012, 14.42187500000000178 ) ) ;
#8920 = ORIENTED_EDGE ( 'NONE', *, *, #4431, .T. ) ;
#8921 = EDGE_LOOP ( 'NONE', ( #7583, #10546 ) ) ;
#8922 = CARTESIAN_POINT ( 'NONE',  ( -31.97460000000000235, -0.7999999999999961586, -14.34399999999999942 ) ) ;
#8923 = DIRECTION ( 'NONE',  ( -1.000000000000000000, -0.000000000000000000, -0.000000000000000000 ) ) ;
#8924 = FILL_AREA_STYLE_COLOUR ( '', #11076 ) ;
#8925 = VECTOR ( 'NONE', #10250, 39.37007874015748143 ) ;
#8926 = CARTESIAN_POINT ( 'NONE',  ( 11.25002499999999905, -0.7999999999999934941, -14.34399999999999764 ) ) ;
#8927 = CARTESIAN_POINT ( 'NONE',  ( -35.94045000000000556, -0.8000000000000022649, 14.78124999999999822 ) ) ;
#8928 = ORIENTED_EDGE ( 'NONE', *, *, #4548, .F. ) ;
#8929 = AXIS2_PLACEMENT_3D ( 'NONE', #3970, #11335, #940 ) ;
#8930 = ADVANCED_FACE ( 'NONE', ( #2818 ), #731, .T. ) ;
#8931 = ORIENTED_EDGE ( 'NONE', *, *, #11176, .T. ) ;
#8932 = ORIENTED_EDGE ( 'NONE', *, *, #7718, .F. ) ;
#8933 = DIRECTION ( 'NONE',  ( 1.240959386601371334E-16, -1.000000000000000000, 0.000000000000000000 ) ) ;
#8934 = ORIENTED_EDGE ( 'NONE', *, *, #2763, .T. ) ;
#8935 = EDGE_CURVE ( 'NONE', #9547, #1901, #10526, .T. ) ;
#8936 = AXIS2_PLACEMENT_3D ( 'NONE', #11403, #6323, #10411 ) ;
#8938 = VECTOR ( 'NONE', #2585, 39.37007874015748143 ) ;
#8937 = CARTESIAN_POINT ( 'NONE',  ( -18.75002500000000794, -0.7999999999999952704, 14.34400000000000119 ) ) ;
#8939 = ORIENTED_EDGE ( 'NONE', *, *, #12445, .T. ) ;
#8940 = LINE ( 'NONE', #8741, #12670 ) ;
#8941 = EDGE_CURVE ( 'NONE', #9949, #3865, #5184, .T. ) ;
#8942 = CARTESIAN_POINT ( 'NONE',  ( 32.13110000000000355, -0.5499999999999921618, 14.34400000000000652 ) ) ;
#8943 = DIRECTION ( 'NONE',  ( 1.000000000000000000, 0.000000000000000000, 0.000000000000000000 ) ) ;
#8944 = DIRECTION ( 'NONE',  ( 0.000000000000000000, -1.000000000000000000, -1.332348806898293597E-16 ) ) ;
#8945 = CARTESIAN_POINT ( 'NONE',  ( -28.53760000000000474, -0.7999999999999958256, -14.53099999999999703 ) ) ;
#8946 = EDGE_LOOP ( 'NONE', ( #13037, #687, #11199, #198 ) ) ;
#8947 = ORIENTED_EDGE ( 'NONE', *, *, #9159, .T. ) ;
#8948 = VECTOR ( 'NONE', #11779, 39.37007874015748143 ) ;
#8949 = CIRCLE ( 'NONE', #11499, 0.1565000000000003610 ) ;
#8950 = VERTEX_POINT ( 'NONE', #9129 ) ;
#8951 = ORIENTED_EDGE ( 'NONE', *, *, #12504, .F. ) ;
#8952 = DIRECTION ( 'NONE',  ( 1.240959386601371334E-16, -1.000000000000000000, 0.000000000000000000 ) ) ;
#8953 = AXIS2_PLACEMENT_3D ( 'NONE', #12688, #3510, #7604 ) ;
#8954 = LINE ( 'NONE', #4052, #5060 ) ;
#8955 = CARTESIAN_POINT ( 'NONE',  ( 21.73442499999999811, -0.7999999999999928280, -14.53099999999999170 ) ) ;
#8956 = FACE_OUTER_BOUND ( 'NONE', #4112, .T. ) ;
#8957 = CIRCLE ( 'NONE', #9818, 0.1565000000000003610 ) ;
#8958 = CARTESIAN_POINT ( 'NONE',  ( 26.40652500000000913, -0.6953999999999964654, -14.53099999999999170 ) ) ;
#8959 = AXIS2_PLACEMENT_3D ( 'NONE', #7984, #11053, #10919 ) ;
#8960 = LINE ( 'NONE', #21, #8632 ) ;
#8962 = ADVANCED_FACE ( 'NONE', ( #7176 ), #6114, .F. ) ;
#8961 = AXIS2_PLACEMENT_3D ( 'NONE', #3750, #5770, #4961 ) ;
#8963 = DIRECTION ( 'NONE',  ( 1.000000000000000000, -0.000000000000000000, 0.000000000000000000 ) ) ;
#8964 = VERTEX_POINT ( 'NONE', #8997 ) ;
#8965 = EDGE_CURVE ( 'NONE', #414, #3492, #1943, .T. ) ;
#8966 = ORIENTED_EDGE ( 'NONE', *, *, #12949, .F. ) ;
#8967 = EDGE_CURVE ( 'NONE', #7774, #4890, #12229, .T. ) ;
#8968 = CARTESIAN_POINT ( 'NONE',  ( 26.09352500000000674, -0.6953999999999964654, 14.34399999999999942 ) ) ;
#8969 = ORIENTED_EDGE ( 'NONE', *, *, #5968, .F. ) ;
#8970 = VECTOR ( 'NONE', #1226, 39.37007874015748143 ) ;
#8971 = ORIENTED_EDGE ( 'NONE', *, *, #9628, .F. ) ;
#8972 = CARTESIAN_POINT ( 'NONE',  ( 32.28760000000000474, -0.7999999999999999334, 14.34400000000000652 ) ) ;
#8973 = FACE_OUTER_BOUND ( 'NONE', #8946, .T. ) ;
#8974 = DIRECTION ( 'NONE',  ( 0.000000000000000000, -1.000000000000000000, -1.332348806898293597E-16 ) ) ;
#8975 = LINE ( 'NONE', #12310, #10415 ) ;
#8976 = FACE_BOUND ( 'NONE', #12236, .T. ) ;
#8977 = VECTOR ( 'NONE', #7573, 39.37007874015748143 ) ;
#8978 = CARTESIAN_POINT ( 'NONE',  ( 32.13110000000001065, -0.7999999999999921618, -14.53099999999997216 ) ) ;
#8979 = LINE ( 'NONE', #7837, #12606 ) ;
#8980 = DIRECTION ( 'NONE',  ( -0.000000000000000000, -1.000000000000000000, -1.332348806898293597E-16 ) ) ;
#8981 = VERTEX_POINT ( 'NONE', #10068 ) ;
#8982 = ORIENTED_EDGE ( 'NONE', *, *, #11825, .T. ) ;
#8983 = ADVANCED_FACE ( 'NONE', ( #5114 ), #867, .F. ) ;
#8984 = ADVANCED_FACE ( 'NONE', ( #12199 ), #2883, .F. ) ;
#8985 = VECTOR ( 'NONE', #3049, 39.37007874015748143 ) ;
#8986 = ORIENTED_EDGE ( 'NONE', *, *, #10545, .T. ) ;
#8987 = CARTESIAN_POINT ( 'NONE',  ( -20.96537499999999810, 0.3358499999999960961, -14.79687500000000000 ) ) ;
#8988 = ORIENTED_EDGE ( 'NONE', *, *, #2788, .T. ) ;
#8989 = DIRECTION ( 'NONE',  ( -0.000000000000000000, -1.000000000000000000, -1.332348806898293597E-16 ) ) ;
#8990 = DIRECTION ( 'NONE',  ( 0.000000000000000000, 0.000000000000000000, -1.000000000000000000 ) ) ;
#8991 = ORIENTED_EDGE ( 'NONE', *, *, #3864, .F. ) ;
#8992 = CARTESIAN_POINT ( 'NONE',  ( 31.97460000000001301, -0.6953999999999959103, -14.89539999999997910 ) ) ;
#8993 = EDGE_CURVE ( 'NONE', #10101, #3112, #658, .T. ) ;
#8994 = LINE ( 'NONE', #13060, #4416 ) ;
#8995 = DIRECTION ( 'NONE',  ( -1.000000000000000000, -0.000000000000000000, -0.000000000000000000 ) ) ;
#8996 = DIRECTION ( 'NONE',  ( -5.463695987328555033E-16, 1.000000000000000000, -0.000000000000000000 ) ) ;
#8997 = CARTESIAN_POINT ( 'NONE',  ( 36.02170000000000272, -0.6340999999999995529, 13.78219999999999956 ) ) ;
#8998 = DIRECTION ( 'NONE',  ( 5.463695987328555033E-16, -1.000000000000000000, 0.000000000000000000 ) ) ;
#8999 = VERTEX_POINT ( 'NONE', #7923 ) ;
#9000 = VERTEX_POINT ( 'NONE', #3024 ) ;
#9001 = VERTEX_POINT ( 'NONE', #7112 ) ;
#9002 = CARTESIAN_POINT ( 'NONE',  ( -28.22460000000000946, -0.5499999999999959366, 14.53100000000000058 ) ) ;
#9003 = ORIENTED_EDGE ( 'NONE', *, *, #3069, .T. ) ;
#9004 = LINE ( 'NONE', #13074, #12219 ) ;
#9005 = VERTEX_POINT ( 'NONE', #11193 ) ;
#9006 = DIRECTION ( 'NONE',  ( -0.000000000000000000, -1.000000000000000000, -1.332348806898293597E-16 ) ) ;
#9007 = AXIS2_PLACEMENT_3D ( 'NONE', #5965, #8980, #916 ) ;
#9008 = CYLINDRICAL_SURFACE ( 'NONE', #585, 0.1250000000000037192 ) ;
#9009 = CARTESIAN_POINT ( 'NONE',  ( 32.28760000000000474, -0.6953999999999959103, 13.97959999999999958 ) ) ;
#9010 = CARTESIAN_POINT ( 'NONE',  ( -35.93750000000000000, 0.5641500000000000403, 14.89540000000000042 ) ) ;
#9011 = EDGE_CURVE ( 'NONE', #2723, #2675, #2011, .T. ) ;
#9012 = PLANE ( 'NONE',  #7895 ) ;
#9013 = ORIENTED_EDGE ( 'NONE', *, *, #453, .T. ) ;
#9014 = ORIENTED_EDGE ( 'NONE', *, *, #9134, .T. ) ;
#9015 = AXIS2_PLACEMENT_3D ( 'NONE', #11095, #11961, #2921 ) ;
#9016 = ORIENTED_EDGE ( 'NONE', *, *, #3651, .T. ) ;
#9017 = EDGE_LOOP ( 'NONE', ( #6253, #2789, #6750, #12420 ) ) ;
#9018 = VECTOR ( 'NONE', #11484, 39.37007874015748143 ) ;
#9019 = DIRECTION ( 'NONE',  ( -0.000000000000000000, -0.000000000000000000, -1.000000000000000000 ) ) ;
#9020 = CARTESIAN_POINT ( 'NONE',  ( -3.750000000000002220, -0.6953999999999982418, 14.53100000000000058 ) ) ;
#9021 = CARTESIAN_POINT ( 'NONE',  ( -7.484424999999999883, -0.6953999999999985748, 14.18750000000001066 ) ) ;
#9022 = CARTESIAN_POINT ( 'NONE',  ( 21.73442499999999811, -0.5499999999999928280, -14.53099999999999170 ) ) ;
#9023 = CARTESIAN_POINT ( 'NONE',  ( 21.34037499999998388, 0.3358499999999960961, -14.79687500000000000 ) ) ;
#9024 = CIRCLE ( 'NONE', #12663, 0.1250000000000015266 ) ;
#9025 = CARTESIAN_POINT ( 'NONE',  ( 33.63110000000001065, -0.5499999999999918288, -14.31249999999996980 ) ) ;
#9026 = DIRECTION ( 'NONE',  ( -0.000000000000000000, 0.000000000000000000, -1.000000000000000000 ) ) ;
#9027 = EDGE_LOOP ( 'NONE', ( #9034, #4595, #5442, #1733 ) ) ;
#9028 = ADVANCED_FACE ( 'NONE', ( #10459 ), #8392, .F. ) ;
#9029 = ORIENTED_EDGE ( 'NONE', *, *, #8941, .F. ) ;
#9030 = CIRCLE ( 'NONE', #9043, 0.1250000000000037192 ) ;
#9031 = CYLINDRICAL_SURFACE ( 'NONE', #11691, 0.1250000000000015266 ) ;
#9032 = ORIENTED_EDGE ( 'NONE', *, *, #12189, .F. ) ;
#9033 = EDGE_CURVE ( 'NONE', #608, #7453, #1068, .T. ) ;
#9034 = ORIENTED_EDGE ( 'NONE', *, *, #13179, .F. ) ;
#9035 = DIRECTION ( 'NONE',  ( 0.000000000000000000, 0.000000000000000000, -1.000000000000000000 ) ) ;
#9036 = PLANE ( 'NONE',  #2242 ) ;
#9037 = FACE_OUTER_BOUND ( 'NONE', #1352, .T. ) ;
#9038 = DIRECTION ( 'NONE',  ( 0.000000000000000000, -0.000000000000000000, -1.000000000000000000 ) ) ;
#9039 = CARTESIAN_POINT ( 'NONE',  ( -36.02170000000000272, 0.6999999999999995115, 14.78124999999999822 ) ) ;
#9040 = CARTESIAN_POINT ( 'NONE',  ( 3.593500000000001915, -0.6953999999999976867, 13.97959999999999958 ) ) ;
#9041 = DIRECTION ( 'NONE',  ( -0.000000000000000000, -0.000000000000000000, 1.000000000000000000 ) ) ;
#9042 = DIRECTION ( 'NONE',  ( 0.000000000000000000, 0.000000000000000000, -1.000000000000000000 ) ) ;
#9043 = AXIS2_PLACEMENT_3D ( 'NONE', #11349, #10354, #1159 ) ;
#9044 = ORIENTED_EDGE ( 'NONE', *, *, #12581, .F. ) ;
#9045 = ORIENTED_EDGE ( 'NONE', *, *, #8479, .T. ) ;
#9046 = EDGE_CURVE ( 'NONE', #10192, #9290, #9024, .T. ) ;
#9047 = AXIS2_PLACEMENT_3D ( 'NONE', #7888, #9091, #9894 ) ;
#9048 = EDGE_CURVE ( 'NONE', #8526, #3197, #11326, .T. ) ;
#9049 = FACE_OUTER_BOUND ( 'NONE', #8514, .T. ) ;
#9050 = EDGE_CURVE ( 'NONE', #7745, #8595, #6462, .T. ) ;
#9051 = ORIENTED_EDGE ( 'NONE', *, *, #8302, .F. ) ;
#9052 = LINE ( 'NONE', #5100, #4833 ) ;
#9053 = CARTESIAN_POINT ( 'NONE',  ( 11.25002499999999905, -0.5499999999999934941, -14.68749999999999289 ) ) ;
#9054 = ORIENTED_EDGE ( 'NONE', *, *, #6268, .T. ) ;
#9055 = PLANE ( 'NONE',  #102 ) ;
#9056 = AXIS2_PLACEMENT_3D ( 'NONE', #2463, #9777, #10652 ) ;
#9057 = CYLINDRICAL_SURFACE ( 'NONE', #1412, 0.1250000000000015266 ) ;
#9058 = DIRECTION ( 'NONE',  ( 0.000000000000000000, -1.000000000000000000, -1.332348806898293597E-16 ) ) ;
#9059 = CARTESIAN_POINT ( 'NONE',  ( 26.09352500000000674, -0.5499999999999926059, 14.53099999999999703 ) ) ;
#9060 = FACE_OUTER_BOUND ( 'NONE', #5451, .T. ) ;
#9061 = EDGE_CURVE ( 'NONE', #11567, #9000, #2816, .T. ) ;
#9062 = DIRECTION ( 'NONE',  ( 0.000000000000000000, 0.000000000000000000, -1.000000000000000000 ) ) ;
#9063 = DIRECTION ( 'NONE',  ( 0.000000000000000000, -1.000000000000000000, -2.967464690054594744E-16 ) ) ;
#9064 = ORIENTED_EDGE ( 'NONE', *, *, #5676, .T. ) ;
#9065 = AXIS2_PLACEMENT_3D ( 'NONE', #12964, #1574, #12772 ) ;
#9066 = AXIS2_PLACEMENT_3D ( 'NONE', #5996, #1691, #8943 ) ;
#9067 = ORIENTED_EDGE ( 'NONE', *, *, #10496, .T. ) ;
#9068 = ORIENTED_EDGE ( 'NONE', *, *, #7065, .F. ) ;
#9069 = CARTESIAN_POINT ( 'NONE',  ( 35.13110000000000355, -0.5499999999999918288, 14.43750000000000178 ) ) ;
#9070 = ORIENTED_EDGE ( 'NONE', *, *, #597, .T. ) ;
#9071 = CARTESIAN_POINT ( 'NONE',  ( -21.73442500000000877, -0.6953999999999993520, 14.34400000000000652 ) ) ;
#9072 = ORIENTED_EDGE ( 'NONE', *, *, #8697, .T. ) ;
#9073 = DIRECTION ( 'NONE',  ( 0.000000000000000000, -1.000000000000000000, -2.967464690054594744E-16 ) ) ;
#9074 = ADVANCED_FACE ( 'NONE', ( #6379 ), #6440, .F. ) ;
#9075 = CARTESIAN_POINT ( 'NONE',  ( 35.93750000000000000, -0.8000000000000000444, -14.91875000000000107 ) ) ;
#9076 = CARTESIAN_POINT ( 'NONE',  ( -22.20317500000001232, 0.3358499999999960961, -14.67187499999999822 ) ) ;
#9077 = CIRCLE ( 'NONE', #10151, 0.1565000000000003610 ) ;
#9079 = AXIS2_PLACEMENT_3D ( 'NONE', #10554, #10488, #288 ) ;
#9078 = FACE_OUTER_BOUND ( 'NONE', #7820, .T. ) ;
#9080 = ORIENTED_EDGE ( 'NONE', *, *, #4287, .T. ) ;
#9081 = ORIENTED_EDGE ( 'NONE', *, *, #4732, .T. ) ;
#9082 = EDGE_LOOP ( 'NONE', ( #11505, #2949, #10338, #6453 ) ) ;
#9083 = VECTOR ( 'NONE', #2960, 39.37007874015748143 ) ;
#9084 = ADVANCED_FACE ( 'NONE', ( #9524 ), #321, .F. ) ;
#9085 = ORIENTED_EDGE ( 'NONE', *, *, #11181, .T. ) ;
#9086 = LINE ( 'NONE', #9293, #10736 ) ;
#9087 = DIRECTION ( 'NONE',  ( -1.000000000000000000, -5.463695987328555033E-16, 0.000000000000000000 ) ) ;
#9088 = CARTESIAN_POINT ( 'NONE',  ( -18.75002500000000794, -0.6953999999999992410, 14.34400000000000119 ) ) ;
#9089 = LINE ( 'NONE', #3119, #2720 ) ;
#9090 = CARTESIAN_POINT ( 'NONE',  ( -26.25002500000000438, -0.7999999999999957145, -14.34399999999999586 ) ) ;
#9091 = DIRECTION ( 'NONE',  ( 0.000000000000000000, -1.000000000000000000, 0.000000000000000000 ) ) ;
#9092 = CARTESIAN_POINT ( 'NONE',  ( -35.88585000000000491, -0.6641500000000026827, 14.78124999999999822 ) ) ;
#9093 = CARTESIAN_POINT ( 'NONE',  ( 26.24015748031493800, 0.7000000000000334843, -3.543307086614348123 ) ) ;
#9094 = ORIENTED_EDGE ( 'NONE', *, *, #9223, .F. ) ;
#9095 = ADVANCED_FACE ( 'NONE', ( #10332 ), #11386, .T. ) ;
#9096 = ORIENTED_EDGE ( 'NONE', *, *, #5196, .F. ) ;
#9097 = EDGE_CURVE ( 'NONE', #1949, #13003, #6252, .T. ) ;
#9098 = FACE_OUTER_BOUND ( 'NONE', #10895, .T. ) ;
#9099 = ORIENTED_EDGE ( 'NONE', *, *, #969, .F. ) ;
#9100 = AXIS2_PLACEMENT_3D ( 'NONE', #623, #4858, #2916 ) ;
#9101 = AXIS2_PLACEMENT_3D ( 'NONE', #4944, #7021, #2053 ) ;
#9102 = VERTEX_POINT ( 'NONE', #5241 ) ;
#9103 = CARTESIAN_POINT ( 'NONE',  ( 35.93750000000000000, 0.7000000000000000666, 15.00000000000000000 ) ) ;
#9104 = DIRECTION ( 'NONE',  ( 1.000000000000000000, 5.396917480816740633E-16, 0.000000000000000000 ) ) ;
#9105 = CARTESIAN_POINT ( 'NONE',  ( -21.51567500000000521, -0.6207000000000038042, 14.42187500000000178 ) ) ;
#9106 = DIRECTION ( 'NONE',  ( 1.000000000000000000, 4.161428847396411586E-15, -0.000000000000000000 ) ) ;
#9107 = LINE ( 'NONE', #13175, #7559 ) ;
#9108 = AXIS2_PLACEMENT_3D ( 'NONE', #5631, #2601, #1652 ) ;
#9109 = CARTESIAN_POINT ( 'NONE',  ( -7.484425000000003436, -0.6953999999999985748, -14.53099999999998637 ) ) ;
#9110 = DIRECTION ( 'NONE',  ( -0.000000000000000000, -1.000000000000000000, -1.332348806898293597E-16 ) ) ;
#9111 = ORIENTED_EDGE ( 'NONE', *, *, #99, .F. ) ;
#9112 = CYLINDRICAL_SURFACE ( 'NONE', #855, 0.1565000000000003610 ) ;
#9113 = ORIENTED_EDGE ( 'NONE', *, *, #271, .F. ) ;
#9114 = EDGE_CURVE ( 'NONE', #10192, #4145, #11450, .T. ) ;
#9115 = EDGE_CURVE ( 'NONE', #11462, #8480, #6032, .T. ) ;
#9116 = CIRCLE ( 'NONE', #1396, 0.1250000000000037192 ) ;
#9117 = DIRECTION ( 'NONE',  ( -0.000000000000000000, -0.000000000000000000, -1.000000000000000000 ) ) ;
#9118 = ORIENTED_EDGE ( 'NONE', *, *, #7546, .F. ) ;
#9119 = DIRECTION ( 'NONE',  ( -1.000000000000000000, -1.240959386601371334E-16, 0.000000000000000000 ) ) ;
#9120 = LINE ( 'NONE', #7979, #5 ) ;
#9121 = VECTOR ( 'NONE', #12471, 39.37007874015748143 ) ;
#9122 = ORIENTED_EDGE ( 'NONE', *, *, #10782, .T. ) ;
#9123 = LINE ( 'NONE', #7169, #745 ) ;
#9125 = AXIS2_PLACEMENT_3D ( 'NONE', #3577, #11679, #6471 ) ;
#9124 = DIRECTION ( 'NONE',  ( 1.240959386601371334E-16, -1.000000000000000000, 0.000000000000000000 ) ) ;
#9126 = CARTESIAN_POINT ( 'NONE',  ( 35.93750000000000000, 0.5954000000000035930, -14.89540000000000042 ) ) ;
#9127 = CARTESIAN_POINT ( 'NONE',  ( 36.02170047244094775, -0.2096999999999985820, 5.749999999999996447 ) ) ;
#9128 = PLANE ( 'NONE',  #8092 ) ;
#9129 = CARTESIAN_POINT ( 'NONE',  ( 18.90652500000000558, -0.7999999999999929390, 14.53099999999999703 ) ) ;
#9130 = DIRECTION ( 'NONE',  ( 0.000000000000000000, 0.000000000000000000, -1.000000000000000000 ) ) ;
#9131 = ORIENTED_EDGE ( 'NONE', *, *, #2314, .F. ) ;
#9132 = AXIS2_PLACEMENT_3D ( 'NONE', #1521, #7635, #11714 ) ;
#9133 = ADVANCED_FACE ( 'NONE', ( #126 ), #4233, .F. ) ;
#9134 = EDGE_CURVE ( 'NONE', #6894, #1603, #6665, .T. ) ;
#9135 = VERTEX_POINT ( 'NONE', #8456 ) ;
#9136 = EDGE_CURVE ( 'NONE', #12734, #517, #57, .T. ) ;
#9137 = ORIENTED_EDGE ( 'NONE', *, *, #3157, .F. ) ;
#9138 = DIRECTION ( 'NONE',  ( -0.000000000000000000, -1.000000000000000000, -1.332348806898293597E-16 ) ) ;
#9139 = ORIENTED_EDGE ( 'NONE', *, *, #2269, .T. ) ;
#9140 = CIRCLE ( 'NONE', #6775, 0.2187500000000015821 ) ;
#9141 = DIRECTION ( 'NONE',  ( -0.000000000000000000, -0.000000000000000000, -1.000000000000000000 ) ) ;
#9142 = ORIENTED_EDGE ( 'NONE', *, *, #1544, .F. ) ;
#9143 = DIRECTION ( 'NONE',  ( -4.697125161045879232E-16, 1.000000000000000000, 0.000000000000000000 ) ) ;
#9144 = DIRECTION ( 'NONE',  ( 1.240959386601371334E-16, -1.000000000000000000, -0.000000000000000000 ) ) ;
#9145 = LINE ( 'NONE', #4109, #1560 ) ;
#9146 = CIRCLE ( 'NONE', #7823, 0.03124999999999929223 ) ;
#9147 = CARTESIAN_POINT ( 'NONE',  ( -21.23442499999999811, -0.6954000000000041259, 12.43750000000000178 ) ) ;
#9148 = ORIENTED_EDGE ( 'NONE', *, *, #7332, .F. ) ;
#9149 = VERTEX_POINT ( 'NONE', #12331 ) ;
#9150 = EDGE_CURVE ( 'NONE', #2929, #2022, #10393, .T. ) ;
#9151 = VERTEX_POINT ( 'NONE', #5308 ) ;
#9152 = AXIS2_PLACEMENT_3D ( 'NONE', #9022, #1838, #3920 ) ;
#9153 = ORIENTED_EDGE ( 'NONE', *, *, #10908, .T. ) ;
#9154 = DIRECTION ( 'NONE',  ( -0.000000000000000000, -1.000000000000000000, -1.332348806898293597E-16 ) ) ;
#9155 = DIRECTION ( 'NONE',  ( -1.240959386601361473E-16, 1.000000000000000000, 0.000000000000000000 ) ) ;
#9156 = DIRECTION ( 'NONE',  ( -0.000000000000000000, -1.332348806898293597E-16, -1.000000000000000000 ) ) ;
#9157 = DIRECTION ( 'NONE',  ( -1.330272688773011840E-16, -1.000000000000000000, 0.000000000000000000 ) ) ;
#9158 = CARTESIAN_POINT ( 'NONE',  ( -21.14067499999999811, -0.4299000000000038346, 12.43750000000000178 ) ) ;
#9159 = EDGE_CURVE ( 'NONE', #11338, #8950, #12464, .T. ) ;
#9160 = DIRECTION ( 'NONE',  ( 1.240959386601371334E-16, -1.000000000000000000, -0.000000000000000000 ) ) ;
#9161 = FACE_OUTER_BOUND ( 'NONE', #12800, .T. ) ;
#9162 = AXIS2_PLACEMENT_3D ( 'NONE', #3830, #5913, #9999 ) ;
#9163 = AXIS2_PLACEMENT_3D ( 'NONE', #2633, #4527, #12689 ) ;
#9164 = CARTESIAN_POINT ( 'NONE',  ( -28.38110000000001065, -0.6953999999999997961, 14.53100000000000058 ) ) ;
#9165 = VERTEX_POINT ( 'NONE', #11842 ) ;
#9166 = ORIENTED_EDGE ( 'NONE', *, *, #2893, .F. ) ;
#9167 = VECTOR ( 'NONE', #3090, 39.37007874015748143 ) ;
#9168 = FACE_OUTER_BOUND ( 'NONE', #804, .T. ) ;
#9169 = EDGE_LOOP ( 'NONE', ( #11213, #8597, #8851, #2045 ) ) ;
#9170 = CIRCLE ( 'NONE', #1443, 0.2559055118110216687 ) ;
#9171 = DIRECTION ( 'NONE',  ( 0.000000000000000000, -1.000000000000000000, -2.967464690054594744E-16 ) ) ;
#9172 = CIRCLE ( 'NONE', #3385, 0.1250000000000029143 ) ;
#9173 = VERTEX_POINT ( 'NONE', #12850 ) ;
#9174 = DIRECTION ( 'NONE',  ( 0.000000000000000000, -1.000000000000000000, 0.000000000000000000 ) ) ;
#9175 = CARTESIAN_POINT ( 'NONE',  ( -36.02170000000000272, 0.6999999999999995115, 14.78124999999999822 ) ) ;
#9176 = DIRECTION ( 'NONE',  ( -0.000000000000000000, -1.000000000000000000, -1.332348806898293597E-16 ) ) ;
#9177 = DIRECTION ( 'NONE',  ( -0.000000000000000000, -1.000000000000000000, -1.332348806898293597E-16 ) ) ;
#9178 = FACE_BOUND ( 'NONE', #1832, .T. ) ;
#9179 = DIRECTION ( 'NONE',  ( 0.000000000000000000, -1.000000000000000000, -2.967464690054594744E-16 ) ) ;
#9180 = DIRECTION ( 'NONE',  ( 0.000000000000000000, 0.000000000000000000, -1.000000000000000000 ) ) ;
#9181 = ORIENTED_EDGE ( 'NONE', *, *, #11333, .T. ) ;
#9182 = ADVANCED_FACE ( 'NONE', ( #7575 ), #6760, .F. ) ;
#9183 = DIRECTION ( 'NONE',  ( 0.000000000000000000, 0.000000000000000000, -1.000000000000000000 ) ) ;
#9184 = EDGE_LOOP ( 'NONE', ( #4449, #2298, #5444, #7531, #11690 ) ) ;
#9185 = AXIS2_PLACEMENT_3D ( 'NONE', #9492, #290, #4394 ) ;
#9186 = ADVANCED_FACE ( 'NONE', ( #4750 ), #4559, .T. ) ;
#9187 = VECTOR ( 'NONE', #11001, 39.37007874015748143 ) ;
#9188 = VERTEX_POINT ( 'NONE', #645 ) ;
#9189 = ORIENTED_EDGE ( 'NONE', *, *, #6099, .F. ) ;
#9190 = LINE ( 'NONE', #792, #3333 ) ;
#9191 = ORIENTED_EDGE ( 'NONE', *, *, #8726, .T. ) ;
#9192 = VERTEX_POINT ( 'NONE', #7641 ) ;
#9193 = DIRECTION ( 'NONE',  ( 0.000000000000000000, 0.000000000000000000, -1.000000000000000000 ) ) ;
#9194 = DIRECTION ( 'NONE',  ( -0.000000000000000000, -1.000000000000000000, -1.332348806898293597E-16 ) ) ;
#9195 = FACE_OUTER_BOUND ( 'NONE', #2822, .T. ) ;
#9196 = DIRECTION ( 'NONE',  ( 0.000000000000000000, -1.000000000000000000, -2.967464690054594744E-16 ) ) ;
#9197 = DIRECTION ( 'NONE',  ( -0.000000000000000000, -1.000000000000000000, -1.332348806898293597E-16 ) ) ;
#9198 = CARTESIAN_POINT ( 'NONE',  ( -32.13110000000000355, -0.7999999999999961586, -14.34399999999999942 ) ) ;
#9199 = PLANE ( 'NONE',  #11846 ) ;
#9200 = VERTEX_POINT ( 'NONE', #516 ) ;
#9201 = AXIS2_PLACEMENT_3D ( 'NONE', #8552, #2303, #12558 ) ;
#9203 = ORIENTED_EDGE ( 'NONE', *, *, #2612, .F. ) ;
#9202 = ADVANCED_FACE ( 'NONE', ( #6695 ), #10844, .T. ) ;
#9204 = ORIENTED_EDGE ( 'NONE', *, *, #7661, .T. ) ;
#9205 = DIRECTION ( 'NONE',  ( 0.000000000000000000, -1.000000000000000000, -1.332348806898293597E-16 ) ) ;
#9206 = ORIENTED_EDGE ( 'NONE', *, *, #1026, .T. ) ;
#9207 = DIRECTION ( 'NONE',  ( -0.000000000000000000, -1.000000000000000000, -1.332348806898293597E-16 ) ) ;
#9208 = EDGE_LOOP ( 'NONE', ( #4288, #12016, #9064, #6012 ) ) ;
#9209 = DIRECTION ( 'NONE',  ( -0.000000000000000000, -0.000000000000000000, 1.000000000000000000 ) ) ;
#9210 = EDGE_CURVE ( 'NONE', #595, #7535, #9881, .T. ) ;
#9211 = ADVANCED_FACE ( 'NONE', ( #11650 ), #9780, .T. ) ;
#9212 = DIRECTION ( 'NONE',  ( 0.000000000000000000, -1.000000000000000000, -1.332348806898293597E-16 ) ) ;
#9213 = CYLINDRICAL_SURFACE ( 'NONE', #701, 0.1250000000000037192 ) ;
#9214 = CYLINDRICAL_SURFACE ( 'NONE', #5525, 0.1250000000000029143 ) ;
#9215 = ORIENTED_EDGE ( 'NONE', *, *, #7310, .T. ) ;
#9216 = ADVANCED_FACE ( 'NONE', ( #5508 ), #4688, .F. ) ;
#9217 = VERTEX_POINT ( 'NONE', #5698 ) ;
#9218 = ADVANCED_FACE ( 'NONE', ( #7773 ), #6506, .T. ) ;
#9219 = APPLICATION_CONTEXT ( 'automotive_design' ) ;
#9220 = AXIS2_PLACEMENT_3D ( 'NONE', #4427, #7244, #2080 ) ;
#9221 = VERTEX_POINT ( 'NONE', #1397 ) ;
#9222 = LINE ( 'NONE', #4119, #8820 ) ;
#9223 = EDGE_CURVE ( 'NONE', #11772, #3681, #4102, .T. ) ;
#9224 = CARTESIAN_POINT ( 'NONE',  ( 21.37157499999998933, -0.6207000000000035822, 14.79687500000000000 ) ) ;
#9225 = DIRECTION ( 'NONE',  ( 0.000000000000000000, -1.000000000000000000, -1.332348806898293597E-16 ) ) ;
#9226 = DIRECTION ( 'NONE',  ( 1.240959386601371334E-16, -1.000000000000000000, -0.000000000000000000 ) ) ;
#9227 = CARTESIAN_POINT ( 'NONE',  ( 28.38110000000001065, -0.7999999999999923839, -14.68749999999999467 ) ) ;
#9228 = DIRECTION ( 'NONE',  ( 0.000000000000000000, 0.000000000000000000, 1.000000000000000000 ) ) ;
#9229 = DIRECTION ( 'NONE',  ( 1.000000000000000000, 0.000000000000000000, 0.000000000000000000 ) ) ;
#9230 = CARTESIAN_POINT ( 'NONE',  ( -3.906500000000002526, -0.7999999999999943823, 14.53100000000000058 ) ) ;
#9231 = EDGE_CURVE ( 'NONE', #12889, #348, #7498, .T. ) ;
#9232 = EDGE_LOOP ( 'NONE', ( #1862, #5230, #6656, #3635 ) ) ;
#9233 = ORIENTED_EDGE ( 'NONE', *, *, #11705, .F. ) ;
#9234 = AXIS2_PLACEMENT_3D ( 'NONE', #1637, #6803, #5743 ) ;
#9235 = EDGE_LOOP ( 'NONE', ( #7544, #10507 ) ) ;
#9236 = ORIENTED_EDGE ( 'NONE', *, *, #8673, .F. ) ;
#9237 = CARTESIAN_POINT ( 'NONE',  ( 28.38110000000001065, -0.6953999999999963544, 14.34400000000000652 ) ) ;
#9238 = VERTEX_POINT ( 'NONE', #393 ) ;
#9239 = LINE ( 'NONE', #10433, #12318 ) ;
#9240 = DIRECTION ( 'NONE',  ( -5.463695987328555033E-16, 1.000000000000000000, -0.000000000000000000 ) ) ;
#9241 = CIRCLE ( 'NONE', #4730, 0.1565000000000003610 ) ;
#9242 = DIRECTION ( 'NONE',  ( 1.000000000000000000, 0.000000000000000000, 0.000000000000000000 ) ) ;
#9243 = DIRECTION ( 'NONE',  ( 0.000000000000000000, -1.000000000000000000, 0.000000000000000000 ) ) ;
#9244 = DIRECTION ( 'NONE',  ( 0.000000000000000000, 0.000000000000000000, -1.000000000000000000 ) ) ;
#9245 = VECTOR ( 'NONE', #12496, 39.37007874015748143 ) ;
#9246 = DIRECTION ( 'NONE',  ( 0.000000000000000000, 0.000000000000000000, -1.000000000000000000 ) ) ;
#9247 = EDGE_CURVE ( 'NONE', #3951, #8321, #4499, .T. ) ;
#9248 = DIRECTION ( 'NONE',  ( -1.000000000000000000, 0.000000000000000000, 0.000000000000000000 ) ) ;
#9249 = ORIENTED_EDGE ( 'NONE', *, *, #1220, .F. ) ;
#9250 = CARTESIAN_POINT ( 'NONE',  ( -21.73442500000000877, 0.7000000000000405898, 14.42187500000000178 ) ) ;
#9251 = UNCERTAINTY_MEASURE_WITH_UNIT (LENGTH_MEASURE( 1.000000000000000082E-05 ), #3828, 'distance_accuracy_value', 'NONE');
#9252 = ORIENTED_EDGE ( 'NONE', *, *, #8511, .T. ) ;
#9253 = AXIS2_PLACEMENT_3D ( 'NONE', #13063, #12061, #7986 ) ;
#9254 = VECTOR ( 'NONE', #6421, 39.37007874015748143 ) ;
#9255 = VERTEX_POINT ( 'NONE', #582 ) ;
#9256 = EDGE_CURVE ( 'NONE', #5124, #9887, #8777, .T. ) ;
#9257 = EDGE_LOOP ( 'NONE', ( #8621, #9322, #3318, #5464 ) ) ;
#9258 = DIRECTION ( 'NONE',  ( 1.240959386601371334E-16, -1.000000000000000000, 0.000000000000000000 ) ) ;
#9259 = CARTESIAN_POINT ( 'NONE',  ( -35.23450000000000415, -0.7999999999999961586, -8.311549999999998661 ) ) ;
#9260 = EDGE_CURVE ( 'NONE', #7597, #2820, #5164, .T. ) ;
#9261 = ORIENTED_EDGE ( 'NONE', *, *, #712, .F. ) ;
#9262 = DIRECTION ( 'NONE',  ( -0.000000000000000000, -1.000000000000000000, -1.332348806898293597E-16 ) ) ;
#9263 = DIRECTION ( 'NONE',  ( -0.000000000000000000, -1.000000000000000000, -1.332348806898293597E-16 ) ) ;
#9264 = FACE_BOUND ( 'NONE', #12287, .T. ) ;
#9265 = CIRCLE ( 'NONE', #8190, 0.1250000000000029143 ) ;
#9266 = FACE_OUTER_BOUND ( 'NONE', #5014, .T. ) ;
#9267 = CARTESIAN_POINT ( 'NONE',  ( 22.57817500000000166, 0.3358499999999960961, 14.79687500000000000 ) ) ;
#9268 = DIRECTION ( 'NONE',  ( 1.240959386601371334E-16, -1.000000000000000000, -0.000000000000000000 ) ) ;
#9269 = DIRECTION ( 'NONE',  ( -1.000000000000000000, 0.000000000000000000, 0.000000000000000000 ) ) ;
#9270 = ORIENTED_EDGE ( 'NONE', *, *, #11861, .F. ) ;
#9271 = AXIS2_PLACEMENT_3D ( 'NONE', #8628, #5618, #12644 ) ;
#9272 = EDGE_CURVE ( 'NONE', #6206, #1797, #11983, .T. ) ;
#9273 = ORIENTED_EDGE ( 'NONE', *, *, #9688, .T. ) ;
#9274 = ORIENTED_EDGE ( 'NONE', *, *, #8902, .T. ) ;
#9275 = CARTESIAN_POINT ( 'NONE',  ( -26.40652500000000558, -0.7999999999999957145, -14.34399999999999586 ) ) ;
#9276 = ORIENTED_EDGE ( 'NONE', *, *, #1247, .F. ) ;
#9277 = DIRECTION ( 'NONE',  ( 0.000000000000000000, 0.000000000000000000, -1.000000000000000000 ) ) ;
#9278 = ORIENTED_EDGE ( 'NONE', *, *, #7489, .F. ) ;
#9279 = FACE_OUTER_BOUND ( 'NONE', #1156, .T. ) ;
#9280 = DIRECTION ( 'NONE',  ( 0.000000000000000000, 0.000000000000000000, -1.000000000000000000 ) ) ;
#9281 = FACE_BOUND ( 'NONE', #4583, .T. ) ;
#9282 = CARTESIAN_POINT ( 'NONE',  ( 34.89030000000000342, -0.6954000000000019055, 13.78219999999999956 ) ) ;
#9283 = ORIENTED_EDGE ( 'NONE', *, *, #806, .T. ) ;
#9284 = ADVANCED_FACE ( 'NONE', ( #12788 ), #7707, .F. ) ;
#9285 = EDGE_CURVE ( 'NONE', #145, #4646, #5093, .T. ) ;
#9286 = VECTOR ( 'NONE', #3329, 39.37007874015748143 ) ;
#9287 = AXIS2_PLACEMENT_3D ( 'NONE', #1051, #11308, #6359 ) ;
#9288 = AXIS2_PLACEMENT_3D ( 'NONE', #6521, #11535, #2290 ) ;
#9289 = EDGE_CURVE ( 'NONE', #9707, #9855, #5590, .T. ) ;
#9290 = VERTEX_POINT ( 'NONE', #7094 ) ;
#9291 = ORIENTED_EDGE ( 'NONE', *, *, #7956, .F. ) ;
#9292 = VECTOR ( 'NONE', #11420, 39.37007874015748143 ) ;
#9293 = CARTESIAN_POINT ( 'NONE',  ( -35.23450000000000415, -0.5499999999999961586, 1.936550000000002880 ) ) ;
#9294 = VECTOR ( 'NONE', #5665, 39.37007874015748143 ) ;
#9295 = PLANE ( 'NONE',  #2048 ) ;
#9296 = PLANE ( 'NONE',  #12216 ) ;
#9297 = LINE ( 'NONE', #7404, #12791 ) ;
#9298 = FACE_BOUND ( 'NONE', #2961, .T. ) ;
#9299 = DIRECTION ( 'NONE',  ( -0.000000000000000000, -0.000000000000000000, 1.000000000000000000 ) ) ;
#9300 = CARTESIAN_POINT ( 'NONE',  ( -31.97460000000000235, -0.6953999999999999071, -14.89540000000000042 ) ) ;
#9301 = PLANE ( 'NONE',  #3877 ) ;
#9302 = VERTEX_POINT ( 'NONE', #5825 ) ;
#9303 = AXIS2_PLACEMENT_3D ( 'NONE', #3002, #8028, #10110 ) ;
#9304 = EDGE_CURVE ( 'NONE', #3080, #10788, #3742, .T. ) ;
#9305 = VERTEX_POINT ( 'NONE', #4955 ) ;
#9306 = EDGE_LOOP ( 'NONE', ( #970, #6569 ) ) ;
#9307 = DIRECTION ( 'NONE',  ( 0.000000000000000000, 0.000000000000000000, -1.000000000000000000 ) ) ;
#9309 = EDGE_LOOP ( 'NONE', ( #8703, #5494, #12474, #8401 ) ) ;
#9308 = ADVANCED_FACE ( 'NONE', ( #11978 ), #12984, .F. ) ;
#9310 = DIRECTION ( 'NONE',  ( -1.000000000000000000, 0.000000000000000000, 0.000000000000000000 ) ) ;
#9311 = FACE_OUTER_BOUND ( 'NONE', #3824, .T. ) ;
#9312 = CARTESIAN_POINT ( 'NONE',  ( 7.327924999999998690, -0.6953999999999975756, 14.53100000000000591 ) ) ;
#9313 = AXIS2_PLACEMENT_3D ( 'NONE', #10048, #1111, #8309 ) ;
#9314 = CARTESIAN_POINT ( 'NONE',  ( 17.31882500000000391, -0.6953999999999969095, -14.89539999999999864 ) ) ;
#9315 = CARTESIAN_POINT ( 'NONE',  ( -35.23450000000000415, -0.5499999999999961586, 1.811549999999999994 ) ) ;
#9316 = CARTESIAN_POINT ( 'NONE',  ( -18.75002500000000794, -0.5499999999999952704, 14.18750000000000178 ) ) ;
#9317 = CYLINDRICAL_SURFACE ( 'NONE', #12839, 0.1565000000000003610 ) ;
#9318 = ORIENTED_EDGE ( 'NONE', *, *, #11639, .F. ) ;
#9319 = AXIS2_PLACEMENT_3D ( 'NONE', #8253, #11512, #1192 ) ;
#9320 = EDGE_CURVE ( 'NONE', #10382, #3573, #7839, .T. ) ;
#9321 = ORIENTED_EDGE ( 'NONE', *, *, #12966, .T. ) ;
#9322 = ORIENTED_EDGE ( 'NONE', *, *, #11309, .F. ) ;
#9323 = AXIS2_PLACEMENT_3D ( 'NONE', #5070, #3052, #11418 ) ;
#9324 = CARTESIAN_POINT ( 'NONE',  ( 18.75002500000000438, -0.7999999999999929390, 14.18750000000000178 ) ) ;
#9325 = LINE ( 'NONE', #11444, #4684 ) ;
#9326 = ORIENTED_EDGE ( 'NONE', *, *, #4532, .T. ) ;
#9327 = LINE ( 'NONE', #8325, #2032 ) ;
#9328 = DIRECTION ( 'NONE',  ( -0.000000000000000000, -1.000000000000000000, -1.332348806898293597E-16 ) ) ;
#9329 = FACE_OUTER_BOUND ( 'NONE', #3608, .T. ) ;
#9330 = CARTESIAN_POINT ( 'NONE',  ( -25.19685039370078528, 0.7000000000000053957, 14.78124999999999822 ) ) ;
#9331 = CARTESIAN_POINT ( 'NONE',  ( -26.40652500000000558, -0.5499999999999958256, -14.34399999999999586 ) ) ;
#9332 = ADVANCED_FACE ( 'NONE', ( #12116 ), #12186, .F. ) ;
#9333 = VECTOR ( 'NONE', #9694, 39.37007874015748143 ) ;
#9334 = CARTESIAN_POINT ( 'NONE',  ( 32.13110000000001065, -0.7999999999999921618, -14.53099999999997216 ) ) ;
#9335 = CARTESIAN_POINT ( 'NONE',  ( -26.25002500000000438, -0.6953999999999996851, -14.53099999999998992 ) ) ;
#9336 = VERTEX_POINT ( 'NONE', #3874 ) ;
#9337 = VECTOR ( 'NONE', #12861, 39.37007874015748143 ) ;
#9338 = VERTEX_POINT ( 'NONE', #6893 ) ;
#9339 = AXIS2_PLACEMENT_3D ( 'NONE', #6722, #10619, #8674 ) ;
#9340 = EDGE_LOOP ( 'NONE', ( #9032, #10600, #12568, #1592 ) ) ;
#9341 = DIRECTION ( 'NONE',  ( 1.000000000000000000, -0.000000000000000000, -0.000000000000000000 ) ) ;
#9342 = ORIENTED_EDGE ( 'NONE', *, *, #1154, .F. ) ;
#9343 = DIRECTION ( 'NONE',  ( 0.000000000000000000, 0.000000000000000000, -1.000000000000000000 ) ) ;
#9344 = ORIENTED_EDGE ( 'NONE', *, *, #1432, .F. ) ;
#9345 = FACE_BOUND ( 'NONE', #8496, .T. ) ;
#9346 = CARTESIAN_POINT ( 'NONE',  ( -28.53760000000000474, -0.6953999999999997961, -14.53099999999999703 ) ) ;
#9347 = CYLINDRICAL_SURFACE ( 'NONE', #5212, 0.2187500000000015821 ) ;
#9348 = AXIS2_PLACEMENT_3D ( 'NONE', #11579, #6502, #8582 ) ;
#9349 = LINE ( 'NONE', #1348, #4014 ) ;
#9350 = ORIENTED_EDGE ( 'NONE', *, *, #2326, .T. ) ;
#9351 = AXIS2_PLACEMENT_3D ( 'NONE', #4018, #11249, #6103 ) ;
#9352 = EDGE_CURVE ( 'NONE', #5999, #6943, #2151, .T. ) ;
#9353 = ADVANCED_FACE ( 'NONE', ( #10053 ), #13181, .F. ) ;
#9354 = ORIENTED_EDGE ( 'NONE', *, *, #7051, .T. ) ;
#9355 = AXIS2_PLACEMENT_3D ( 'NONE', #1924, #5019, #5961 ) ;
#9356 = ADVANCED_FACE ( 'NONE', ( #8035 ), #1790, .F. ) ;
#9357 = ORIENTED_EDGE ( 'NONE', *, *, #11964, .F. ) ;
#9358 = DIRECTION ( 'NONE',  ( -1.000000000000000000, 0.000000000000000000, 0.000000000000000000 ) ) ;
#9359 = AXIS2_PLACEMENT_3D ( 'NONE', #11477, #5333, #9549 ) ;
#9360 = DIRECTION ( 'NONE',  ( -0.000000000000000000, -2.967464690054594744E-16, 1.000000000000000000 ) ) ;
#9361 = CARTESIAN_POINT ( 'NONE',  ( -17.16232500000000627, -0.5499999999999952704, -14.68749999999999289 ) ) ;
#9362 = FACE_OUTER_BOUND ( 'NONE', #9027, .T. ) ;
#9363 = DIRECTION ( 'NONE',  ( 0.000000000000000000, 0.000000000000000000, -1.000000000000000000 ) ) ;
#9364 = LINE ( 'NONE', #9685, #6459 ) ;
#9365 = CARTESIAN_POINT ( 'NONE',  ( -21.60942500000000521, -0.6954000000000040149, 14.42187500000000178 ) ) ;
#9366 = ORIENTED_EDGE ( 'NONE', *, *, #12183, .T. ) ;
#9367 = VECTOR ( 'NONE', #3496, 39.37007874015748143 ) ;
#9368 = VERTEX_POINT ( 'NONE', #1929 ) ;
#9369 = ORIENTED_EDGE ( 'NONE', *, *, #5620, .F. ) ;
#9370 = DIRECTION ( 'NONE',  ( 0.000000000000000000, -1.000000000000000000, -2.967464690054594744E-16 ) ) ;
#9371 = ORIENTED_EDGE ( 'NONE', *, *, #5719, .T. ) ;
#9372 = DIRECTION ( 'NONE',  ( -0.000000000000000000, -0.000000000000000000, -1.000000000000000000 ) ) ;
#9373 = LINE ( 'NONE', #11233, #5813 ) ;
#9374 = FACE_OUTER_BOUND ( 'NONE', #3650, .T. ) ;
#9375 = AXIS2_PLACEMENT_3D ( 'NONE', #600, #469, #7657 ) ;
#9376 = VECTOR ( 'NONE', #561, 39.37007874015748143 ) ;
#9377 = EDGE_CURVE ( 'NONE', #3148, #6016, #9983, .T. ) ;
#9378 = DIRECTION ( 'NONE',  ( 1.240959386601371334E-16, -1.000000000000000000, 0.000000000000000000 ) ) ;
#9379 = LINE ( 'NONE', #11369, #5211 ) ;
#9380 = DIRECTION ( 'NONE',  ( -0.000000000000000000, -2.967464690054594744E-16, 1.000000000000000000 ) ) ;
#9381 = ORIENTED_EDGE ( 'NONE', *, *, #3075, .T. ) ;
#9382 = DIRECTION ( 'NONE',  ( 0.000000000000000000, 0.000000000000000000, -1.000000000000000000 ) ) ;
#9383 = ORIENTED_EDGE ( 'NONE', *, *, #6865, .F. ) ;
#9384 = EDGE_CURVE ( 'NONE', #7561, #11880, #215, .T. ) ;
#9385 = AXIS2_PLACEMENT_3D ( 'NONE', #1264, #10330, #11257 ) ;
#9386 = ADVANCED_FACE ( 'NONE', ( #2940 ), #2866, .F. ) ;
#9387 = ORIENTED_EDGE ( 'NONE', *, *, #3463, .F. ) ;
#9388 = EDGE_LOOP ( 'NONE', ( #7064, #6578 ) ) ;
#9389 = CARTESIAN_POINT ( 'NONE',  ( 21.89067499999999455, -0.4299000000000038346, 2.539385547245945812E-15 ) ) ;
#9390 = PLANE ( 'NONE',  #6611 ) ;
#9391 = LINE ( 'NONE', #5502, #11870 ) ;
#9392 = DIRECTION ( 'NONE',  ( 0.000000000000000000, -1.000000000000000000, -2.967464690054594744E-16 ) ) ;
#9393 = DIRECTION ( 'NONE',  ( 0.000000000000000000, 0.000000000000000000, -1.000000000000000000 ) ) ;
#9394 = CIRCLE ( 'NONE', #1659, 0.1565000000000003610 ) ;
#9395 = CYLINDRICAL_SURFACE ( 'NONE', #9385, 0.1565000000000003610 ) ;
#9396 = DIRECTION ( 'NONE',  ( -1.000000000000000000, 0.000000000000000000, 0.000000000000000000 ) ) ;
#9397 = VECTOR ( 'NONE', #13249, 39.37007874015748143 ) ;
#9398 = VECTOR ( 'NONE', #9537, 39.37007874015748143 ) ;
#9399 = DIRECTION ( 'NONE',  ( -0.000000000000000000, -0.000000000000000000, 1.000000000000000000 ) ) ;
#9400 = DIRECTION ( 'NONE',  ( 0.000000000000000000, 0.000000000000000000, -1.000000000000000000 ) ) ;
#9401 = ORIENTED_EDGE ( 'NONE', *, *, #5077, .T. ) ;
#9402 = ADVANCED_FACE ( 'NONE', ( #851 ), #12045, .F. ) ;
#9403 = CIRCLE ( 'NONE', #173, 0.1565000000000003610 ) ;
#9404 = ORIENTED_EDGE ( 'NONE', *, *, #7828, .T. ) ;
#9405 = ADVANCED_FACE ( 'NONE', ( #1860 ), #9112, .F. ) ;
#9406 = VECTOR ( 'NONE', #1585, 39.37007874015748143 ) ;
#9407 = EDGE_LOOP ( 'NONE', ( #9674, #3626, #9617, #5782 ) ) ;
#9408 = ORIENTED_EDGE ( 'NONE', *, *, #11572, .T. ) ;
#9409 = CARTESIAN_POINT ( 'NONE',  ( 18.90652500000000558, -0.6953999999999967985, 13.97959999999999603 ) ) ;
#9410 = VERTEX_POINT ( 'NONE', #10317 ) ;
#9411 = DIRECTION ( 'NONE',  ( 1.000000000000000000, 0.000000000000000000, 0.000000000000000000 ) ) ;
#9412 = ORIENTED_EDGE ( 'NONE', *, *, #9770, .T. ) ;
#9413 = CARTESIAN_POINT ( 'NONE',  ( 17.00582500000000152, -0.5499999999999931610, -14.53099999999999348 ) ) ;
#9414 = AXIS2_PLACEMENT_3D ( 'NONE', #7946, #8819, #2646 ) ;
#9415 = CYLINDRICAL_SURFACE ( 'NONE', #810, 0.1565000000000003610 ) ;
#9416 = FACE_BOUND ( 'NONE', #6962, .T. ) ;
#9418 = AXIS2_PLACEMENT_3D ( 'NONE', #4558, #9396, #9523 ) ;
#9417 = DIRECTION ( 'NONE',  ( 0.000000000000000000, 0.000000000000000000, -1.000000000000000000 ) ) ;
#9419 = ORIENTED_EDGE ( 'NONE', *, *, #7692, .F. ) ;
#9420 = ORIENTED_EDGE ( 'NONE', *, *, #13026, .T. ) ;
#9421 = ORIENTED_EDGE ( 'NONE', *, *, #5125, .T. ) ;
#9422 = DIRECTION ( 'NONE',  ( 1.000000000000000000, -0.000000000000000000, -0.000000000000000000 ) ) ;
#9423 = CARTESIAN_POINT ( 'NONE',  ( -21.73442500000000877, -0.6207000000000038042, 14.42187500000000178 ) ) ;
#9424 = EDGE_CURVE ( 'NONE', #1665, #7354, #7429, .T. ) ;
#9425 = LINE ( 'NONE', #12492, #11255 ) ;
#9426 = CARTESIAN_POINT ( 'NONE',  ( -21.73442500000000521, -0.6207000000000038042, -14.42187500000001066 ) ) ;
#9427 = DIRECTION ( 'NONE',  ( 0.000000000000000000, 0.000000000000000000, -1.000000000000000000 ) ) ;
#9428 = CARTESIAN_POINT ( 'NONE',  ( 26.25002500000000794, -0.6953999999999964654, -14.68749999999999112 ) ) ;
#9429 = CARTESIAN_POINT ( 'NONE',  ( 35.93750000000000000, -0.7999999999999999334, 13.97480000000000011 ) ) ;
#9430 = CARTESIAN_POINT ( 'NONE',  ( 36.02170000000000272, -0.7187500000000024425, 14.78124999999999822 ) ) ;
#9431 = ORIENTED_EDGE ( 'NONE', *, *, #9963, .F. ) ;
#9432 = ORIENTED_EDGE ( 'NONE', *, *, #4907, .T. ) ;
#9433 = VERTEX_POINT ( 'NONE', #7159 ) ;
#9434 = DIRECTION ( 'NONE',  ( -1.000000000000000000, 0.000000000000000000, 0.000000000000000000 ) ) ;
#9435 = ORIENTED_EDGE ( 'NONE', *, *, #2496, .T. ) ;
#9436 = FACE_OUTER_BOUND ( 'NONE', #5095, .T. ) ;
#9437 = CARTESIAN_POINT ( 'NONE',  ( -17.31882500000001102, -0.6953999999999991299, 14.53100000000000058 ) ) ;
#9438 = DIRECTION ( 'NONE',  ( 0.000000000000000000, 0.000000000000000000, -1.000000000000000000 ) ) ;
#9439 = CYLINDRICAL_SURFACE ( 'NONE', #9768, 0.1250000000000029143 ) ;
#9440 = CARTESIAN_POINT ( 'NONE',  ( 22.47227499999999978, -0.5895000000000039098, -14.79687500000000000 ) ) ;
#9441 = AXIS2_PLACEMENT_3D ( 'NONE', #8176, #7295, #12314 ) ;
#9442 = DIRECTION ( 'NONE',  ( 0.000000000000000000, 0.000000000000000000, 1.000000000000000000 ) ) ;
#9443 = VERTEX_POINT ( 'NONE', #2332 ) ;
#9444 = DIRECTION ( 'NONE',  ( -0.000000000000000000, -1.000000000000000000, -1.332348806898293597E-16 ) ) ;
#9445 = ORIENTED_EDGE ( 'NONE', *, *, #9447, .T. ) ;
#9446 = EDGE_CURVE ( 'NONE', #2018, #1303, #6227, .T. ) ;
#9447 = EDGE_CURVE ( 'NONE', #4736, #2820, #40, .T. ) ;
#9448 = CIRCLE ( 'NONE', #10312, 0.1565000000000003610 ) ;
#9449 = ORIENTED_EDGE ( 'NONE', *, *, #12218, .F. ) ;
#9450 = ORIENTED_EDGE ( 'NONE', *, *, #10980, .F. ) ;
#9451 = AXIS2_PLACEMENT_3D ( 'NONE', #10556, #11684, #5666 ) ;
#9452 = FACE_OUTER_BOUND ( 'NONE', #12937, .T. ) ;
#9453 = CARTESIAN_POINT ( 'NONE',  ( 35.93750000000000000, 0.5954000000000000403, 14.89540000000000042 ) ) ;
#9454 = CARTESIAN_POINT ( 'NONE',  ( -21.35942500000000521, 0.7000000000000407008, 2.512596398514597499E-15 ) ) ;
#9455 = CARTESIAN_POINT ( 'NONE',  ( 36.02170000000000272, -0.7999999999999994893, 13.78219999999999956 ) ) ;
#9456 = CARTESIAN_POINT ( 'NONE',  ( -17.31882500000001102, -0.7999999999999951594, 14.53100000000000058 ) ) ;
#9457 = CARTESIAN_POINT ( 'NONE',  ( -7.327925000000003131, -0.6953999999999985748, -14.53099999999998815 ) ) ;
#9458 = CARTESIAN_POINT ( 'NONE',  ( 17.16232500000000982, -0.5499999999999931610, 14.53100000000000058 ) ) ;
#9459 = DIRECTION ( 'NONE',  ( 1.240959386601371334E-16, -1.000000000000000000, -0.000000000000000000 ) ) ;
#9460 = LINE ( 'NONE', #4364, #719 ) ;
#9461 = AXIS2_PLACEMENT_3D ( 'NONE', #3892, #13264, #4972 ) ;
#9462 = ORIENTED_EDGE ( 'NONE', *, *, #9749, .T. ) ;
#9463 = EDGE_CURVE ( 'NONE', #5520, #9590, #243, .T. ) ;
#9464 = ORIENTED_EDGE ( 'NONE', *, *, #9683, .T. ) ;
#9465 = CIRCLE ( 'NONE', #11159, 3.543307086614167822 ) ;
#9466 = VERTEX_POINT ( 'NONE', #8315 ) ;
#9467 = ORIENTED_EDGE ( 'NONE', *, *, #2107, .F. ) ;
#9468 = DIRECTION ( 'NONE',  ( 0.000000000000000000, 0.000000000000000000, -1.000000000000000000 ) ) ;
#9469 = ORIENTED_EDGE ( 'NONE', *, *, #11081, .T. ) ;
#9470 = CARTESIAN_POINT ( 'NONE',  ( 21.73442499999999100, -0.4299000000000040012, 14.42187500000000178 ) ) ;
#9471 = ORIENTED_EDGE ( 'NONE', *, *, #10596, .F. ) ;
#9472 = CARTESIAN_POINT ( 'NONE',  ( -33.32677165354330384, 0.7000000000000009548, 3.543307086614173151 ) ) ;
#9473 = EDGE_CURVE ( 'NONE', #3112, #12502, #10256, .T. ) ;
#9474 = FACE_OUTER_BOUND ( 'NONE', #11757, .T. ) ;
#9475 = DIRECTION ( 'NONE',  ( -0.000000000000000000, -1.000000000000000000, -1.332348806898293597E-16 ) ) ;
#9476 = VECTOR ( 'NONE', #8240, 39.37007874015748143 ) ;
#9477 = DIRECTION ( 'NONE',  ( -1.000000000000000000, 0.000000000000000000, 0.000000000000000000 ) ) ;
#9478 = VERTEX_POINT ( 'NONE', #4348 ) ;
#9479 = VECTOR ( 'NONE', #3755, 39.37007874015748143 ) ;
#9480 = ORIENTED_EDGE ( 'NONE', *, *, #8849, .F. ) ;
#9481 = ORIENTED_EDGE ( 'NONE', *, *, #13205, .T. ) ;
#9482 = DIRECTION ( 'NONE',  ( -0.000000000000000000, -0.000000000000000000, 1.000000000000000000 ) ) ;
#9483 = ORIENTED_EDGE ( 'NONE', *, *, #11984, .T. ) ;
#9484 = EDGE_CURVE ( 'NONE', #7210, #9563, #6856, .T. ) ;
#9485 = DIRECTION ( 'NONE',  ( 0.000000000000000000, 0.000000000000000000, -1.000000000000000000 ) ) ;
#9486 = CARTESIAN_POINT ( 'NONE',  ( 18.59352500000000319, -0.7999999999999929390, -14.34399999999999586 ) ) ;
#9487 = CARTESIAN_POINT ( 'NONE',  ( 22.17192499999999811, -0.6954000000000040149, -13.92187500000001066 ) ) ;
#9488 = DIRECTION ( 'NONE',  ( -1.000000000000000000, 0.000000000000000000, 0.000000000000000000 ) ) ;
#9489 = DIRECTION ( 'NONE',  ( 0.000000000000000000, 0.000000000000000000, -1.000000000000000000 ) ) ;
#9490 = VECTOR ( 'NONE', #10014, 39.37007874015748143 ) ;
#9491 = DIRECTION ( 'NONE',  ( 5.463695987328555033E-16, -1.000000000000000000, 0.000000000000000000 ) ) ;
#9492 = CARTESIAN_POINT ( 'NONE',  ( 11.25002499999999905, -0.7999999999999934941, -14.53099999999999170 ) ) ;
#9493 = ADVANCED_FACE ( 'NONE', ( #4147 ), #1056, .F. ) ;
#9494 = ORIENTED_EDGE ( 'NONE', *, *, #11347, .F. ) ;
#9495 = EDGE_CURVE ( 'NONE', #8066, #12986, #3208, .T. ) ;
#9496 = VERTEX_POINT ( 'NONE', #13251 ) ;
#9497 = VECTOR ( 'NONE', #10759, 39.37007874015748143 ) ;
#9498 = VECTOR ( 'NONE', #7985, 39.37007874015748143 ) ;
#9499 = ORIENTED_EDGE ( 'NONE', *, *, #1664, .F. ) ;
#9500 = DIRECTION ( 'NONE',  ( -1.000000000000000000, 0.000000000000000000, 0.000000000000000000 ) ) ;
#9501 = ORIENTED_EDGE ( 'NONE', *, *, #9941, .T. ) ;
#9502 = CYLINDRICAL_SURFACE ( 'NONE', #11879, 0.2499999999999986955 ) ;
#9503 = CARTESIAN_POINT ( 'NONE',  ( 32.28760000000001185, -0.6954000000000000181, -14.34399999999997810 ) ) ;
#9504 = DIRECTION ( 'NONE',  ( 0.000000000000000000, 0.000000000000000000, -1.000000000000000000 ) ) ;
#9505 = DIRECTION ( 'NONE',  ( 0.000000000000000000, -1.000000000000000000, -2.967464690054594744E-16 ) ) ;
#9506 = CARTESIAN_POINT ( 'NONE',  ( 18.59352500000000319, -0.6953999999999969095, -14.34399999999999586 ) ) ;
#9507 = CARTESIAN_POINT ( 'NONE',  ( 22.10942499999999455, -0.6207000000000038042, 2.512596398514597499E-15 ) ) ;
#9508 = VERTEX_POINT ( 'NONE', #107 ) ;
#9509 = EDGE_CURVE ( 'NONE', #1209, #5659, #3858, .T. ) ;
#9510 = VECTOR ( 'NONE', #2176, 39.37007874015748143 ) ;
#9511 = CARTESIAN_POINT ( 'NONE',  ( 28.22460000000000946, -0.7999999999999923839, 14.34400000000000475 ) ) ;
#9512 = ORIENTED_EDGE ( 'NONE', *, *, #11408, .T. ) ;
#9513 = EDGE_CURVE ( 'NONE', #2762, #12685, #8577, .T. ) ;
#9514 = ORIENTED_EDGE ( 'NONE', *, *, #8178, .T. ) ;
#9515 = AXIS2_PLACEMENT_3D ( 'NONE', #1267, #2276, #1333 ) ;
#9516 = ORIENTED_EDGE ( 'NONE', *, *, #587, .F. ) ;
#9517 = CARTESIAN_POINT ( 'NONE',  ( 21.73442499999999455, -0.6207000000000038042, -14.42187500000001066 ) ) ;
#9518 = LINE ( 'NONE', #10322, #12172 ) ;
#9519 = CARTESIAN_POINT ( 'NONE',  ( 35.93750000000000000, -0.6954000000000001291, -13.97480000000000011 ) ) ;
#9520 = LINE ( 'NONE', #1131, #11032 ) ;
#9521 = DIRECTION ( 'NONE',  ( 0.000000000000000000, 0.000000000000000000, -1.000000000000000000 ) ) ;
#9522 = CARTESIAN_POINT ( 'NONE',  ( -7.327924999999998690, -0.7999999999999999334, 14.34400000000001008 ) ) ;
#9523 = DIRECTION ( 'NONE',  ( 0.000000000000000000, 0.000000000000000000, 1.000000000000000000 ) ) ;
#9524 = FACE_OUTER_BOUND ( 'NONE', #984, .T. ) ;
#9525 = DIRECTION ( 'NONE',  ( 1.000000000000000000, -0.000000000000000000, 0.000000000000000000 ) ) ;
#9526 = ORIENTED_EDGE ( 'NONE', *, *, #9114, .T. ) ;
#9527 = ORIENTED_EDGE ( 'NONE', *, *, #4150, .T. ) ;
#9528 = ORIENTED_EDGE ( 'NONE', *, *, #8622, .F. ) ;
#9529 = CARTESIAN_POINT ( 'NONE',  ( 3.749999999999997780, -0.6953999999999979087, -14.53099999999998815 ) ) ;
#9530 = ORIENTED_EDGE ( 'NONE', *, *, #9631, .T. ) ;
#9531 = CYLINDRICAL_SURFACE ( 'NONE', #751, 0.1565000000000003610 ) ;
#9532 = VERTEX_POINT ( 'NONE', #3144 ) ;
#9533 = DIRECTION ( 'NONE',  ( 0.000000000000000000, 0.000000000000000000, -1.000000000000000000 ) ) ;
#9534 = ORIENTED_EDGE ( 'NONE', *, *, #4782, .F. ) ;
#9535 = CARTESIAN_POINT ( 'NONE',  ( -11.25002500000000438, -0.7999999999999948264, -14.53099999999999170 ) ) ;
#9536 = AXIS2_PLACEMENT_3D ( 'NONE', #12841, #11773, #6752 ) ;
#9537 = DIRECTION ( 'NONE',  ( 0.000000000000000000, 2.967464690054594744E-16, -1.000000000000000000 ) ) ;
#9538 = CARTESIAN_POINT ( 'NONE',  ( 17.16232500000000272, -0.6953999999999970205, -14.53099999999999170 ) ) ;
#9539 = EDGE_CURVE ( 'NONE', #13036, #6720, #5295, .T. ) ;
#9540 = DIRECTION ( 'NONE',  ( 0.000000000000000000, -1.000000000000000000, 0.000000000000000000 ) ) ;
#9541 = CIRCLE ( 'NONE', #10385, 0.1565000000000003610 ) ;
#9542 = EDGE_LOOP ( 'NONE', ( #629, #12151, #265, #1338, #10019 ) ) ;
#9543 = EDGE_CURVE ( 'NONE', #6511, #11021, #2260, .T. ) ;
#9544 = AXIS2_PLACEMENT_3D ( 'NONE', #812, #8132, #3099 ) ;
#9545 = VECTOR ( 'NONE', #6354, 39.37007874015748143 ) ;
#9546 = EDGE_CURVE ( 'NONE', #12970, #3494, #11138, .T. ) ;
#9547 = VERTEX_POINT ( 'NONE', #5359 ) ;
#9548 = EDGE_LOOP ( 'NONE', ( #4385, #10608 ) ) ;
#9549 = DIRECTION ( 'NONE',  ( 0.000000000000000000, 0.000000000000000000, -1.000000000000000000 ) ) ;
#9550 = VERTEX_POINT ( 'NONE', #5226 ) ;
#9551 = CARTESIAN_POINT ( 'NONE',  ( -11.40652500000000380, -0.5499999999999948264, -14.34399999999999764 ) ) ;
#9552 = FACE_OUTER_BOUND ( 'NONE', #5514, .T. ) ;
#9553 = FACE_OUTER_BOUND ( 'NONE', #11761, .T. ) ;
#9554 = DIRECTION ( 'NONE',  ( -1.000000000000000000, -0.000000000000000000, -0.000000000000000000 ) ) ;
#9555 = FACE_BOUND ( 'NONE', #12137, .T. ) ;
#9556 = AXIS2_PLACEMENT_3D ( 'NONE', #6575, #8853, #10726 ) ;
#9557 = CARTESIAN_POINT ( 'NONE',  ( 35.88585000000000491, 0.5954000000000337911, 14.78124999999999822 ) ) ;
#9558 = VECTOR ( 'NONE', #11544, 39.37007874015748143 ) ;
#9559 = CARTESIAN_POINT ( 'NONE',  ( 25.98425196850391217, 0.7000000000000333733, -3.543307086614348123 ) ) ;
#9560 = EDGE_LOOP ( 'NONE', ( #8209, #2383, #7103, #9664, #4501 ) ) ;
#9561 = ADVANCED_FACE ( 'NONE', ( #3076 ), #9317, .F. ) ;
#9562 = AXIS2_PLACEMENT_3D ( 'NONE', #5033, #6240, #10326 ) ;
#9563 = VERTEX_POINT ( 'NONE', #12384 ) ;
#9564 = CIRCLE ( 'NONE', #10209, 0.2499999999999986955 ) ;
#9565 = VERTEX_POINT ( 'NONE', #8379 ) ;
#9566 = DIRECTION ( 'NONE',  ( -0.000000000000000000, -1.000000000000000000, -1.332348806898293597E-16 ) ) ;
#9567 = ADVANCED_FACE ( 'NONE', ( #11373 ), #6293, .F. ) ;
#9568 = ORIENTED_EDGE ( 'NONE', *, *, #5130, .F. ) ;
#9569 = DIRECTION ( 'NONE',  ( 0.000000000000000000, 0.000000000000000000, -1.000000000000000000 ) ) ;
#9570 = LINE ( 'NONE', #7552, #11587 ) ;
#9571 = CARTESIAN_POINT ( 'NONE',  ( -21.73442500000000521, -0.7999999999999953815, -14.53099999999999170 ) ) ;
#9572 = DIRECTION ( 'NONE',  ( -0.000000000000000000, -1.000000000000000000, -1.332348806898293597E-16 ) ) ;
#9573 = CARTESIAN_POINT ( 'NONE',  ( -11.09352500000000852, -0.6954000000000036819, 14.53100000000000058 ) ) ;
#9574 = CARTESIAN_POINT ( 'NONE',  ( 21.26567499999998745, 0.3358499999999960961, -14.67187499999999822 ) ) ;
#9575 = ORIENTED_EDGE ( 'NONE', *, *, #12884, .T. ) ;
#9576 = AXIS2_PLACEMENT_3D ( 'NONE', #7598, #4321, #3504 ) ;
#9577 = DIRECTION ( 'NONE',  ( -1.240959386601361473E-16, 1.000000000000000000, 0.000000000000000000 ) ) ;
#9578 = ORIENTED_EDGE ( 'NONE', *, *, #1481, .T. ) ;
#9579 = EDGE_LOOP ( 'NONE', ( #4943, #1206, #5061, #12285 ) ) ;
#9580 = AXIS2_PLACEMENT_3D ( 'NONE', #1961, #6130, #4315 ) ;
#9581 = ORIENTED_EDGE ( 'NONE', *, *, #4503, .T. ) ;
#9582 = CARTESIAN_POINT ( 'NONE',  ( 18.90652500000000558, -0.7999999999999999334, 14.34400000000000119 ) ) ;
#9583 = DIRECTION ( 'NONE',  ( 0.000000000000000000, 0.000000000000000000, 1.000000000000000000 ) ) ;
#9584 = DIRECTION ( 'NONE',  ( 0.000000000000000000, -1.000000000000000000, -1.332348806898293597E-16 ) ) ;
#9585 = DIRECTION ( 'NONE',  ( 0.000000000000000000, -1.000000000000000000, -1.332348806898293597E-16 ) ) ;
#9586 = EDGE_CURVE ( 'NONE', #2659, #303, #4284, .T. ) ;
#9587 = DIRECTION ( 'NONE',  ( -1.000000000000000000, -0.000000000000000000, -0.000000000000000000 ) ) ;
#9588 =( NAMED_UNIT ( * ) PLANE_ANGLE_UNIT ( ) SI_UNIT ( $, .RADIAN. ) );
#9589 = DIRECTION ( 'NONE',  ( 0.000000000000000000, 0.000000000000000000, -1.000000000000000000 ) ) ;
#9590 = VERTEX_POINT ( 'NONE', #12584 ) ;
#9591 = VECTOR ( 'NONE', #10873, 39.37007874015748143 ) ;
#9592 = ORIENTED_EDGE ( 'NONE', *, *, #933, .T. ) ;
#9593 = ORIENTED_EDGE ( 'NONE', *, *, #5560, .T. ) ;
#9594 = FACE_OUTER_BOUND ( 'NONE', #3571, .T. ) ;
#9595 = VERTEX_POINT ( 'NONE', #566 ) ;
#9596 = VECTOR ( 'NONE', #10519, 39.37007874015748143 ) ;
#9597 = CARTESIAN_POINT ( 'NONE',  ( 21.85942499999999100, -0.4299000000000040012, 14.42187500000000178 ) ) ;
#9598 = ORIENTED_EDGE ( 'NONE', *, *, #6763, .T. ) ;
#9599 = CIRCLE ( 'NONE', #4256, 0.1565000000000003610 ) ;
#9600 = DIRECTION ( 'NONE',  ( 0.000000000000000000, -1.000000000000000000, -1.332348806898293597E-16 ) ) ;
#9601 = ORIENTED_EDGE ( 'NONE', *, *, #5548, .T. ) ;
#9602 = CARTESIAN_POINT ( 'NONE',  ( 22.10942499999999455, -0.4299000000000038346, 2.512596398514597499E-15 ) ) ;
#9603 = AXIS2_PLACEMENT_3D ( 'NONE', #7588, #5778, #2558 ) ;
#9604 = LINE ( 'NONE', #4512, #168 ) ;
#9605 = DIRECTION ( 'NONE',  ( 0.000000000000000000, -0.000000000000000000, -1.000000000000000000 ) ) ;
#9606 = AXIS2_PLACEMENT_3D ( 'NONE', #10937, #3844, #12855 ) ;
#9607 = DIRECTION ( 'NONE',  ( 0.000000000000000000, -1.000000000000000000, -2.967464690054594744E-16 ) ) ;
#9608 = EDGE_LOOP ( 'NONE', ( #11981, #8911, #10959, #4106 ) ) ;
#9609 = EDGE_CURVE ( 'NONE', #10024, #10432, #5492, .T. ) ;
#9610 = VECTOR ( 'NONE', #6925, 39.37007874015748143 ) ;
#9611 = VERTEX_POINT ( 'NONE', #9511 ) ;
#9613 = EDGE_CURVE ( 'NONE', #2265, #9102, #10709, .T. ) ;
#9612 = AXIS2_PLACEMENT_3D ( 'NONE', #1969, #6334, #10418 ) ;
#9614 = ORIENTED_EDGE ( 'NONE', *, *, #7810, .T. ) ;
#9616 = EDGE_CURVE ( 'NONE', #13252, #12604, #1285, .T. ) ;
#9615 = CARTESIAN_POINT ( 'NONE',  ( -26.25002500000000794, -0.5499999999999958256, 14.34400000000000119 ) ) ;
#9617 = ORIENTED_EDGE ( 'NONE', *, *, #616, .T. ) ;
#9618 = CARTESIAN_POINT ( 'NONE',  ( -17.31882500000000391, -0.7999999999999951594, -14.34399999999999764 ) ) ;
#9619 = VECTOR ( 'NONE', #10253, 39.37007874015748143 ) ;
#9620 = CARTESIAN_POINT ( 'NONE',  ( -7.484424999999999883, -0.5499999999999946043, 14.34400000000001008 ) ) ;
#9621 = DIRECTION ( 'NONE',  ( -0.000000000000000000, -1.000000000000000000, -1.332348806898293597E-16 ) ) ;
#9622 = CARTESIAN_POINT ( 'NONE',  ( 21.73442499999999100, -0.4299000000000040012, 14.42187500000000178 ) ) ;
#9623 = CARTESIAN_POINT ( 'NONE',  ( -21.54692500000000521, -0.6207000000000038042, 13.92187500000000178 ) ) ;
#9624 = DIRECTION ( 'NONE',  ( 0.000000000000000000, 2.967464690054594744E-16, -1.000000000000000000 ) ) ;
#9625 = DIRECTION ( 'NONE',  ( 0.000000000000000000, 0.000000000000000000, -1.000000000000000000 ) ) ;
#9626 = EDGE_CURVE ( 'NONE', #9532, #10136, #8630, .T. ) ;
#9627 = VERTEX_POINT ( 'NONE', #6551 ) ;
#9628 = EDGE_CURVE ( 'NONE', #813, #10762, #9765, .T. ) ;
#9629 = EDGE_CURVE ( 'NONE', #9466, #4374, #12210, .T. ) ;
#9630 = ORIENTED_EDGE ( 'NONE', *, *, #8230, .T. ) ;
#9631 = EDGE_CURVE ( 'NONE', #6762, #10892, #2579, .T. ) ;
#9632 = ORIENTED_EDGE ( 'NONE', *, *, #1123, .F. ) ;
#9633 = DIRECTION ( 'NONE',  ( -1.000000000000000000, 0.000000000000000000, -0.000000000000000000 ) ) ;
#9634 = DIRECTION ( 'NONE',  ( -0.000000000000000000, 0.000000000000000000, 1.000000000000000000 ) ) ;
#9635 = DIRECTION ( 'NONE',  ( 0.000000000000000000, 0.000000000000000000, -1.000000000000000000 ) ) ;
#9636 = FACE_OUTER_BOUND ( 'NONE', #11720, .T. ) ;
#9637 = CARTESIAN_POINT ( 'NONE',  ( 21.92192499999999455, -0.6954000000000040149, 13.92187500000000178 ) ) ;
#9638 = DIRECTION ( 'NONE',  ( 0.000000000000000000, 0.000000000000000000, -1.000000000000000000 ) ) ;
#9639 = EDGE_CURVE ( 'NONE', #2912, #6431, #634, .T. ) ;
#9640 = DIRECTION ( 'NONE',  ( 0.000000000000000000, 0.000000000000000000, -1.000000000000000000 ) ) ;
#9641 = CYLINDRICAL_SURFACE ( 'NONE', #4519, 0.1249999999999993477 ) ;
#9642 = ORIENTED_EDGE ( 'NONE', *, *, #8302, .T. ) ;
#9643 = EDGE_CURVE ( 'NONE', #1724, #6909, #2159, .T. ) ;
#9644 = ORIENTED_EDGE ( 'NONE', *, *, #10017, .T. ) ;
#9645 = ORIENTED_EDGE ( 'NONE', *, *, #509, .T. ) ;
#9646 = LINE ( 'NONE', #446, #730 ) ;
#9647 = CARTESIAN_POINT ( 'NONE',  ( 35.93750000000000000, 0.5641500000000337911, 14.89540000000000042 ) ) ;
#9648 = EDGE_CURVE ( 'NONE', #750, #12389, #11827, .T. ) ;
#9649 = CARTESIAN_POINT ( 'NONE',  ( -21.73442500000000521, -0.5499999999999954925, -14.53099999999999170 ) ) ;
#9650 = PLANE ( 'NONE',  #5702 ) ;
#9651 = DIRECTION ( 'NONE',  ( -0.000000000000000000, -0.000000000000000000, 1.000000000000000000 ) ) ;
#9652 = LINE ( 'NONE', #390, #800 ) ;
#9653 = DIRECTION ( 'NONE',  ( -0.000000000000000000, -1.000000000000000000, -1.332348806898293597E-16 ) ) ;
#9654 = DIRECTION ( 'NONE',  ( -0.000000000000000000, -1.000000000000000000, -1.332348806898293597E-16 ) ) ;
#9655 = VERTEX_POINT ( 'NONE', #2655 ) ;
#9656 = ORIENTED_EDGE ( 'NONE', *, *, #1677, .T. ) ;
#9657 = ADVANCED_FACE ( 'NONE', ( #12649 ), #2524, .F. ) ;
#9658 = VECTOR ( 'NONE', #10234, 39.37007874015748143 ) ;
#9659 = ADVANCED_FACE ( 'NONE', ( #11636 ), #9641, .T. ) ;
#9660 = ORIENTED_EDGE ( 'NONE', *, *, #8122, .F. ) ;
#9661 = DIRECTION ( 'NONE',  ( 1.000000000000000000, -0.000000000000000000, 0.000000000000000000 ) ) ;
#9662 = EDGE_LOOP ( 'NONE', ( #8971, #10341, #11460, #5399 ) ) ;
#9663 = CARTESIAN_POINT ( 'NONE',  ( 21.89092499999999930, -0.7999999999999928280, -14.34399999999999764 ) ) ;
#9664 = ORIENTED_EDGE ( 'NONE', *, *, #7859, .F. ) ;
#9665 = CARTESIAN_POINT ( 'NONE',  ( 35.23450000000000415, -0.6953999999999956882, 8.561550000000005767 ) ) ;
#9666 = ORIENTED_EDGE ( 'NONE', *, *, #7489, .T. ) ;
#9667 = CARTESIAN_POINT ( 'NONE',  ( 36.02170000000000272, 0.6187500000000388800, 14.78124999999999822 ) ) ;
#9668 = LINE ( 'NONE', #8727, #3605 ) ;
#9669 = CARTESIAN_POINT ( 'NONE',  ( -21.73442500000000521, -0.6953999999999993520, -14.34399999999999764 ) ) ;
#9670 = CARTESIAN_POINT ( 'NONE',  ( -34.89030000000000342, -0.6954000000000027937, -13.78219999999999956 ) ) ;
#9671 = DIRECTION ( 'NONE',  ( 0.000000000000000000, 2.967464690054594744E-16, -1.000000000000000000 ) ) ;
#9672 = ORIENTED_EDGE ( 'NONE', *, *, #3315, .T. ) ;
#9673 = EDGE_CURVE ( 'NONE', #12636, #1286, #1081, .T. ) ;
#9674 = ORIENTED_EDGE ( 'NONE', *, *, #12593, .F. ) ;
#9675 = ORIENTED_EDGE ( 'NONE', *, *, #4977, .F. ) ;
#9676 = DIRECTION ( 'NONE',  ( -0.000000000000000000, -1.000000000000000000, -0.000000000000000000 ) ) ;
#9677 = VERTEX_POINT ( 'NONE', #10828 ) ;
#9678 = PLANE ( 'NONE',  #11593 ) ;
#9679 = DIRECTION ( 'NONE',  ( -0.000000000000000000, -0.000000000000000000, -1.000000000000000000 ) ) ;
#9680 = LINE ( 'NONE', #8418, #11962 ) ;
#9681 = EDGE_CURVE ( 'NONE', #348, #6116, #10574, .T. ) ;
#9682 = CARTESIAN_POINT ( 'NONE',  ( 31.97460000000001301, -0.7999999999999921618, -14.34399999999997810 ) ) ;
#9683 = EDGE_CURVE ( 'NONE', #4349, #10973, #3530, .T. ) ;
#9684 = CARTESIAN_POINT ( 'NONE',  ( 21.98442500000000166, -0.6954000000000041259, -12.43750000000001066 ) ) ;
#9685 = CARTESIAN_POINT ( 'NONE',  ( 11.09352499999999964, -0.7999999999999934941, -14.34399999999999764 ) ) ;
#9686 = DIRECTION ( 'NONE',  ( 0.000000000000000000, 0.000000000000000000, -1.000000000000000000 ) ) ;
#9687 = VECTOR ( 'NONE', #8416, 39.37007874015748143 ) ;
#9688 = EDGE_CURVE ( 'NONE', #10878, #394, #6681, .T. ) ;
#9689 = ORIENTED_EDGE ( 'NONE', *, *, #1911, .F. ) ;
#9690 = CIRCLE ( 'NONE', #7545, 0.1565000000000003610 ) ;
#9691 = ORIENTED_EDGE ( 'NONE', *, *, #8865, .T. ) ;
#9692 = ORIENTED_EDGE ( 'NONE', *, *, #5092, .F. ) ;
#9693 = CARTESIAN_POINT ( 'NONE',  ( -17.00582500000000508, -0.6953999999999991299, -14.53099999999999348 ) ) ;
#9694 = DIRECTION ( 'NONE',  ( -0.000000000000000000, -2.967464690054594744E-16, 1.000000000000000000 ) ) ;
#9695 = CARTESIAN_POINT ( 'NONE',  ( -21.14067500000000166, -0.4299000000000038346, 2.512596398514597499E-15 ) ) ;
#9696 = LINE ( 'NONE', #5140, #2291 ) ;
#9697 = CARTESIAN_POINT ( 'NONE',  ( -26.25002500000000438, -0.5499999999999958256, -14.53099999999998992 ) ) ;
#9698 = LINE ( 'NONE', #2718, #9497 ) ;
#9699 = EDGE_CURVE ( 'NONE', #3113, #7579, #4412, .T. ) ;
#9700 = EDGE_CURVE ( 'NONE', #12261, #3288, #5621, .T. ) ;
#9701 = DIRECTION ( 'NONE',  ( 0.000000000000000000, 0.000000000000000000, 1.000000000000000000 ) ) ;
#9702 = EDGE_LOOP ( 'NONE', ( #7775, #10794, #6079, #10563 ) ) ;
#9703 = CIRCLE ( 'NONE', #700, 0.1250000000000037192 ) ;
#9704 = AXIS2_PLACEMENT_3D ( 'NONE', #1084, #2161, #6259 ) ;
#9705 = ADVANCED_FACE ( 'NONE', ( #1705 ), #11019, .T. ) ;
#9706 = EDGE_LOOP ( 'NONE', ( #2104, #2350, #1896, #4560 ) ) ;
#9707 = VERTEX_POINT ( 'NONE', #4733 ) ;
#9708 = CARTESIAN_POINT ( 'NONE',  ( 31.97460000000001301, -0.5499999999999921618, -14.34399999999997810 ) ) ;
#9709 = PLANE ( 'NONE',  #10039 ) ;
#9711 = DIRECTION ( 'NONE',  ( 1.000000000000000000, 0.000000000000000000, 0.000000000000000000 ) ) ;
#9710 = CIRCLE ( 'NONE', #3081, 0.08125000000000121014 ) ;
#9712 = CARTESIAN_POINT ( 'NONE',  ( -21.85942500000000521, -0.4299000000000040012, -14.42187500000001066 ) ) ;
#9713 = DIRECTION ( 'NONE',  ( 1.000000000000000000, 0.000000000000000000, 0.000000000000000000 ) ) ;
#9714 = AXIS2_PLACEMENT_3D ( 'NONE', #7737, #12945, #4714 ) ;
#9715 = PLANE ( 'NONE',  #6389 ) ;
#9716 = DIRECTION ( 'NONE',  ( 0.000000000000000000, -1.000000000000000000, -2.967464690054594744E-16 ) ) ;
#9717 = CARTESIAN_POINT ( 'NONE',  ( 35.94045000000000556, 0.6187500000000388800, 14.78124999999999822 ) ) ;
#9718 = ORIENTED_EDGE ( 'NONE', *, *, #9963, .T. ) ;
#9719 = VERTEX_POINT ( 'NONE', #1772 ) ;
#9720 = ADVANCED_FACE ( 'NONE', ( #13093 ), #2993, .F. ) ;
#9721 = AXIS2_PLACEMENT_3D ( 'NONE', #13240, #10244, #3132 ) ;
#9722 = ORIENTED_EDGE ( 'NONE', *, *, #11247, .F. ) ;
#9723 = DIRECTION ( 'NONE',  ( 0.000000000000000000, 0.000000000000000000, -1.000000000000000000 ) ) ;
#9724 = ORIENTED_EDGE ( 'NONE', *, *, #8478, .T. ) ;
#9725 = DIRECTION ( 'NONE',  ( -1.000000000000000000, 0.000000000000000000, 0.000000000000000000 ) ) ;
#9726 = VERTEX_POINT ( 'NONE', #767 ) ;
#9727 = ORIENTED_EDGE ( 'NONE', *, *, #13138, .T. ) ;
#9728 = DIRECTION ( 'NONE',  ( 0.000000000000000000, -1.000000000000000000, -2.967464690054594744E-16 ) ) ;
#9729 = EDGE_CURVE ( 'NONE', #11348, #9550, #441, .T. ) ;
#9730 = EDGE_CURVE ( 'NONE', #6639, #10796, #5808, .T. ) ;
#9731 = DIRECTION ( 'NONE',  ( -1.000000000000000000, 0.000000000000000000, 0.000000000000000000 ) ) ;
#9732 = CARTESIAN_POINT ( 'NONE',  ( 26.09352500000000674, -0.5499999999999926059, 14.53099999999999703 ) ) ;
#9733 = FACE_BOUND ( 'NONE', #4500, .T. ) ;
#9734 = DIRECTION ( 'NONE',  ( 1.000000000000000000, 0.000000000000000000, 0.000000000000000000 ) ) ;
#9735 = VERTEX_POINT ( 'NONE', #6941 ) ;
#9736 = ORIENTED_EDGE ( 'NONE', *, *, #920, .F. ) ;
#9737 = VECTOR ( 'NONE', #8636, 39.37007874015748143 ) ;
#9738 = ORIENTED_EDGE ( 'NONE', *, *, #7542, .T. ) ;
#9739 = LINE ( 'NONE', #539, #11046 ) ;
#9740 = EDGE_LOOP ( 'NONE', ( #11786, #10738, #4203, #7759 ) ) ;
#9741 = DIRECTION ( 'NONE',  ( -0.000000000000000000, -1.000000000000000000, -1.332348806898293597E-16 ) ) ;
#9742 = AXIS2_PLACEMENT_3D ( 'NONE', #9454, #11380, #2201 ) ;
#9743 = FACE_OUTER_BOUND ( 'NONE', #3915, .T. ) ;
#9744 = LINE ( 'NONE', #5469, #8559 ) ;
#9745 = CARTESIAN_POINT ( 'NONE',  ( -20.89067499999999811, 0.3358499999999960961, -14.79687500000000000 ) ) ;
#9746 = LINE ( 'NONE', #4653, #8443 ) ;
#9747 = EDGE_CURVE ( 'NONE', #7927, #2431, #5748, .T. ) ;
#9748 = CARTESIAN_POINT ( 'NONE',  ( -35.93750000000000000, -0.7187499999999997780, -15.00000000000000000 ) ) ;
#9749 = EDGE_CURVE ( 'NONE', #11595, #11590, #7076, .T. ) ;
#9750 = CYLINDRICAL_SURFACE ( 'NONE', #2528, 0.1565000000000003610 ) ;
#9751 = AXIS2_PLACEMENT_3D ( 'NONE', #11956, #1766, #7883 ) ;
#9752 = ORIENTED_EDGE ( 'NONE', *, *, #12987, .T. ) ;
#9753 = VECTOR ( 'NONE', #9262, 39.37007874015748143 ) ;
#9754 = ORIENTED_EDGE ( 'NONE', *, *, #11897, .F. ) ;
#9755 = ORIENTED_EDGE ( 'NONE', *, *, #3651, .F. ) ;
#9756 = VECTOR ( 'NONE', #4568, 39.37007874015748143 ) ;
#9757 = CARTESIAN_POINT ( 'NONE',  ( -21.35942500000000521, -0.6207000000000038042, 2.512596398514597499E-15 ) ) ;
#9758 = CIRCLE ( 'NONE', #5697, 0.1250000000000026368 ) ;
#9759 = CARTESIAN_POINT ( 'NONE',  ( -21.85942500000000877, -0.4299000000000040012, 14.42187500000000178 ) ) ;
#9760 = LINE ( 'NONE', #3457, #5037 ) ;
#9761 = CARTESIAN_POINT ( 'NONE',  ( -18.59352500000000319, -0.6953999999999991299, -14.89539999999999687 ) ) ;
#9762 = FACE_OUTER_BOUND ( 'NONE', #7417, .T. ) ;
#9763 = FACE_OUTER_BOUND ( 'NONE', #3861, .T. ) ;
#9764 = CIRCLE ( 'NONE', #766, 0.1565000000000003610 ) ;
#9765 = LINE ( 'NONE', #8509, #4719 ) ;
#9766 = ORIENTED_EDGE ( 'NONE', *, *, #4262, .F. ) ;
#9767 = AXIS2_PLACEMENT_3D ( 'NONE', #708, #11973, #8596 ) ;
#9768 = AXIS2_PLACEMENT_3D ( 'NONE', #238, #8436, #625 ) ;
#9769 = ORIENTED_EDGE ( 'NONE', *, *, #1959, .T. ) ;
#9770 = EDGE_CURVE ( 'NONE', #2346, #8526, #898, .T. ) ;
#9771 = ORIENTED_EDGE ( 'NONE', *, *, #9050, .T. ) ;
#9772 = LINE ( 'NONE', #574, #8889 ) ;
#9773 = DIRECTION ( 'NONE',  ( 0.000000000000000000, -1.000000000000000000, -1.332348806898293597E-16 ) ) ;
#9774 = CYLINDRICAL_SURFACE ( 'NONE', #7165, 0.1565000000000003610 ) ;
#9776 = CIRCLE ( 'NONE', #6362, 0.1565000000000003610 ) ;
#9775 = DIRECTION ( 'NONE',  ( 1.000000000000000000, 0.000000000000000000, 0.000000000000000000 ) ) ;
#9777 = DIRECTION ( 'NONE',  ( -1.240959386601371334E-16, 1.000000000000000000, 0.000000000000000000 ) ) ;
#9778 = PLANE ( 'NONE',  #11929 ) ;
#9779 = LINE ( 'NONE', #580, #2546 ) ;
#9780 = CYLINDRICAL_SURFACE ( 'NONE', #20, 0.2187500000000015821 ) ;
#9781 = VERTEX_POINT ( 'NONE', #9093 ) ;
#9782 = ORIENTED_EDGE ( 'NONE', *, *, #4673, .T. ) ;
#9783 = ADVANCED_FACE ( 'NONE', ( #4865 ), #5948, .F. ) ;
#9784 = VECTOR ( 'NONE', #496, 39.37007874015748143 ) ;
#9785 = EDGE_LOOP ( 'NONE', ( #8966, #5194, #5622, #4309 ) ) ;
#9786 = PLANE ( 'NONE',  #11306 ) ;
#9787 = VERTEX_POINT ( 'NONE', #10035 ) ;
#9788 = CYLINDRICAL_SURFACE ( 'NONE', #11457, 0.1250000000000015266 ) ;
#9789 = ORIENTED_EDGE ( 'NONE', *, *, #8104, .F. ) ;
#9790 = ORIENTED_EDGE ( 'NONE', *, *, #1844, .T. ) ;
#9791 = LINE ( 'NONE', #12927, #5899 ) ;
#9792 = ADVANCED_FACE ( 'NONE', ( #8828, #11894, #12899, #7892, #9962 ), #12096, .F. ) ;
#9793 = CARTESIAN_POINT ( 'NONE',  ( 22.50347500000000167, -0.5895000000000039098, -14.79687500000000000 ) ) ;
#9794 = DIRECTION ( 'NONE',  ( -0.000000000000000000, -1.000000000000000000, -1.332348806898293597E-16 ) ) ;
#9795 = VECTOR ( 'NONE', #1805, 39.37007874015748143 ) ;
#9796 = AXIS2_PLACEMENT_3D ( 'NONE', #6005, #8219, #6211 ) ;
#9797 = ADVANCED_FACE ( 'NONE', ( #1912 ), #2786, .F. ) ;
#9798 = FACE_BOUND ( 'NONE', #2994, .T. ) ;
#9799 = PLANE ( 'NONE',  #10577 ) ;
#9800 = ORIENTED_EDGE ( 'NONE', *, *, #11604, .F. ) ;
#9801 =( GEOMETRIC_REPRESENTATION_CONTEXT ( 3 ) GLOBAL_UNCERTAINTY_ASSIGNED_CONTEXT ( ( #9251 ) ) GLOBAL_UNIT_ASSIGNED_CONTEXT ( ( #3828, #1676, #7853 ) ) REPRESENTATION_CONTEXT ( 'NONE', 'WORKASPACE' ) );
#9802 = AXIS2_PLACEMENT_3D ( 'NONE', #12128, #13260, #12196 ) ;
#9803 = EDGE_LOOP ( 'NONE', ( #10191, #9527 ) ) ;
#9804 = AXIS2_PLACEMENT_3D ( 'NONE', #12597, #3415, #11648 ) ;
#9805 = CIRCLE ( 'NONE', #7019, 0.1249999999999993477 ) ;
#9806 = ORIENTED_EDGE ( 'NONE', *, *, #9463, .T. ) ;
#9807 = DIRECTION ( 'NONE',  ( 0.000000000000000000, 0.000000000000000000, -1.000000000000000000 ) ) ;
#9808 = VERTEX_POINT ( 'NONE', #6810 ) ;
#9809 = VERTEX_POINT ( 'NONE', #12028 ) ;
#9810 = CYLINDRICAL_SURFACE ( 'NONE', #5408, 0.1565000000000003610 ) ;
#9811 = DIRECTION ( 'NONE',  ( -1.000000000000000000, 0.000000000000000000, 0.000000000000000000 ) ) ;
#9812 = ADVANCED_FACE ( 'NONE', ( #6876 ), #3857, .F. ) ;
#9813 = CARTESIAN_POINT ( 'NONE',  ( -21.89092500000000996, -0.5499999999999954925, 14.34400000000000475 ) ) ;
#9814 = CARTESIAN_POINT ( 'NONE',  ( -21.57792500000000402, -0.6953999999999992410, -14.89539999999999864 ) ) ;
#9815 = DIRECTION ( 'NONE',  ( -0.000000000000000000, -1.000000000000000000, -1.332348806898293597E-16 ) ) ;
#9816 = DIRECTION ( 'NONE',  ( 0.000000000000000000, -1.000000000000000000, -1.332348806898293597E-16 ) ) ;
#9817 = EDGE_LOOP ( 'NONE', ( #9822, #4979 ) ) ;
#9818 = AXIS2_PLACEMENT_3D ( 'NONE', #9879, #10938, #8679 ) ;
#9819 = CIRCLE ( 'NONE', #7889, 0.1250000000000015266 ) ;
#9820 = ORIENTED_EDGE ( 'NONE', *, *, #12448, .T. ) ;
#9821 = AXIS2_PLACEMENT_3D ( 'NONE', #4663, #9500, #1501 ) ;
#9822 = ORIENTED_EDGE ( 'NONE', *, *, #1432, .T. ) ;
#9823 = EDGE_CURVE ( 'NONE', #4045, #7579, #836, .T. ) ;
#9824 = VECTOR ( 'NONE', #1199, 39.37007874015748143 ) ;
#9825 = ORIENTED_EDGE ( 'NONE', *, *, #504, .F. ) ;
#9826 = CARTESIAN_POINT ( 'NONE',  ( 3.749999999999997780, -0.7999999999999939382, -14.53099999999998815 ) ) ;
#9827 = CARTESIAN_POINT ( 'NONE',  ( 36.02170047244094775, -0.2096999999999985820, -14.00000000000000355 ) ) ;
#9828 = CARTESIAN_POINT ( 'NONE',  ( -28.22460000000000591, -0.6953999999999997961, -14.53099999999999703 ) ) ;
#9829 = CARTESIAN_POINT ( 'NONE',  ( 22.50347500000000167, -0.5895000000000039098, 14.79687500000000000 ) ) ;
#9830 =( CONVERSION_BASED_UNIT ( 'INCH', #694 ) LENGTH_UNIT ( ) NAMED_UNIT ( #2909 ) );
#9831 = FACE_OUTER_BOUND ( 'NONE', #1847, .T. ) ;
#9832 = DIRECTION ( 'NONE',  ( -0.000000000000000000, -1.000000000000000000, -1.332348806898293597E-16 ) ) ;
#9833 = DIRECTION ( 'NONE',  ( 1.000000000000000000, 0.000000000000000000, 0.000000000000000000 ) ) ;
#9834 = ORIENTED_EDGE ( 'NONE', *, *, #3436, .T. ) ;
#9835 = EDGE_CURVE ( 'NONE', #11023, #1208, #8088, .T. ) ;
#9836 = ORIENTED_EDGE ( 'NONE', *, *, #8130, .T. ) ;
#9837 = ORIENTED_EDGE ( 'NONE', *, *, #9968, .T. ) ;
#9838 = ORIENTED_EDGE ( 'NONE', *, *, #13196, .T. ) ;
#9839 = CARTESIAN_POINT ( 'NONE',  ( 21.67192499999999811, -0.6954000000000040149, 13.92187500000000178 ) ) ;
#9840 = DIRECTION ( 'NONE',  ( 0.000000000000000000, -1.000000000000000000, -2.967464690054594744E-16 ) ) ;
#9841 = DIRECTION ( 'NONE',  ( -0.000000000000000000, -1.000000000000000000, -1.332348806898293597E-16 ) ) ;
#9842 = DIRECTION ( 'NONE',  ( 1.000000000000000000, 5.337610695313293786E-16, 0.000000000000000000 ) ) ;
#9843 = CARTESIAN_POINT ( 'NONE',  ( 31.97460000000000235, -0.7999999999999921618, 14.53100000000000058 ) ) ;
#9844 = CARTESIAN_POINT ( 'NONE',  ( 22.32817500000000521, -0.6207000000000038042, -12.43750000000001066 ) ) ;
#9845 = EDGE_CURVE ( 'NONE', #2016, #8321, #3056, .T. ) ;
#9846 = DIRECTION ( 'NONE',  ( 1.240959386601371334E-16, -1.000000000000000000, 0.000000000000000000 ) ) ;
#9847 = DIRECTION ( 'NONE',  ( 0.000000000000000000, 0.000000000000000000, -1.000000000000000000 ) ) ;
#9848 = VERTEX_POINT ( 'NONE', #11222 ) ;
#9849 = ADVANCED_FACE ( 'NONE', ( #11293 ), #5144, .F. ) ;
#9850 = ORIENTED_EDGE ( 'NONE', *, *, #5443, .F. ) ;
#9851 = ORIENTED_EDGE ( 'NONE', *, *, #2577, .F. ) ;
#9852 = LINE ( 'NONE', #3013, #3817 ) ;
#9853 = VERTEX_POINT ( 'NONE', #7206 ) ;
#9854 = CARTESIAN_POINT ( 'NONE',  ( 22.10942500000000166, -0.6207000000000038042, 12.43750000000000178 ) ) ;
#9855 = VERTEX_POINT ( 'NONE', #1102 ) ;
#9856 = ORIENTED_EDGE ( 'NONE', *, *, #8604, .T. ) ;
#9857 = FACE_OUTER_BOUND ( 'NONE', #5262, .T. ) ;
#9858 = DIRECTION ( 'NONE',  ( 1.000000000000000000, 0.000000000000000000, 0.000000000000000000 ) ) ;
#9859 = DIRECTION ( 'NONE',  ( 0.000000000000000000, 0.000000000000000000, 1.000000000000000000 ) ) ;
#9860 = EDGE_CURVE ( 'NONE', #670, #6624, #7524, .T. ) ;
#9861 = EDGE_CURVE ( 'NONE', #3912, #9867, #11784, .T. ) ;
#9862 = DIRECTION ( 'NONE',  ( -1.000000000000000000, 0.000000000000000000, 0.000000000000000000 ) ) ;
#9863 = LINE ( 'NONE', #4973, #3284 ) ;
#9864 = ORIENTED_EDGE ( 'NONE', *, *, #10239, .T. ) ;
#9865 = CIRCLE ( 'NONE', #1840, 0.1250000000000015266 ) ;
#9866 = CIRCLE ( 'NONE', #5568, 0.1250000000000037192 ) ;
#9867 = VERTEX_POINT ( 'NONE', #13232 ) ;
#9868 = ADVANCED_FACE ( 'NONE', ( #8298 ), #4059, .T. ) ;
#9869 = ORIENTED_EDGE ( 'NONE', *, *, #194, .F. ) ;
#9871 = AXIS2_PLACEMENT_3D ( 'NONE', #877, #11202, #13139 ) ;
#9870 = DIRECTION ( 'NONE',  ( -0.000000000000000000, -1.000000000000000000, -1.332348806898293597E-16 ) ) ;
#9872 = VERTEX_POINT ( 'NONE', #12298 ) ;
#9873 = EDGE_LOOP ( 'NONE', ( #8181, #1369, #6427, #6171, #12321 ) ) ;
#9874 = CARTESIAN_POINT ( 'NONE',  ( 35.93750000000000000, -0.6641500000000034598, 14.86415000000000219 ) ) ;
#9875 = CIRCLE ( 'NONE', #7944, 0.08124999999999903133 ) ;
#9876 = CARTESIAN_POINT ( 'NONE',  ( -20.89067499999999811, -0.5895000000000039098, 14.79687500000000000 ) ) ;
#9877 = CARTESIAN_POINT ( 'NONE',  ( -28.22460000000000591, -0.5499999999999959366, -14.34399999999999942 ) ) ;
#9878 = DIRECTION ( 'NONE',  ( 1.000000000000000000, 5.337610695313202081E-16, 0.000000000000000000 ) ) ;
#9879 = CARTESIAN_POINT ( 'NONE',  ( -26.25002500000000438, -0.7999999999999957145, -14.53099999999998992 ) ) ;
#9880 = VERTEX_POINT ( 'NONE', #10301 ) ;
#9882 = VERTEX_POINT ( 'NONE', #8154 ) ;
#9881 = CIRCLE ( 'NONE', #3888, 0.1565000000000003610 ) ;
#9883 = CIRCLE ( 'NONE', #12231, 0.1565000000000003610 ) ;
#9884 = EDGE_CURVE ( 'NONE', #8427, #5047, #9241, .T. ) ;
#9885 = EDGE_LOOP ( 'NONE', ( #9321, #8846, #5850, #2196 ) ) ;
#9886 =( GEOMETRIC_REPRESENTATION_CONTEXT ( 3 ) GLOBAL_UNCERTAINTY_ASSIGNED_CONTEXT ( ( #4012 ) ) GLOBAL_UNIT_ASSIGNED_CONTEXT ( ( #10837, #1651, #312 ) ) REPRESENTATION_CONTEXT ( 'NONE', 'WORKASPACE' ) );
#9887 = VERTEX_POINT ( 'NONE', #9230 ) ;
#9888 = FACE_BOUND ( 'NONE', #9817, .T. ) ;
#9889 = AXIS2_PLACEMENT_3D ( 'NONE', #7869, #6920, #5725 ) ;
#9890 = CARTESIAN_POINT ( 'NONE',  ( -20.96537499999999810, -0.5895000000000039098, -14.79687500000000000 ) ) ;
#9891 = CARTESIAN_POINT ( 'NONE',  ( 22.47227499999999978, 0.3358499999999960961, -14.79687500000000000 ) ) ;
#9892 = DIRECTION ( 'NONE',  ( 0.000000000000000000, 0.000000000000000000, -1.000000000000000000 ) ) ;
#9893 = EDGE_CURVE ( 'NONE', #7365, #8403, #1166, .T. ) ;
#9894 = DIRECTION ( 'NONE',  ( 0.000000000000000000, -0.000000000000000000, -1.000000000000000000 ) ) ;
#9895 = CARTESIAN_POINT ( 'NONE',  ( 21.57792500000000047, -0.5499999999999928280, -14.34399999999999764 ) ) ;
#9896 = AXIS2_PLACEMENT_3D ( 'NONE', #12963, #10950, #3724 ) ;
#9897 = CARTESIAN_POINT ( 'NONE',  ( 28.22460000000000946, -0.5499999999999923839, 14.53100000000000058 ) ) ;
#9898 = ORIENTED_EDGE ( 'NONE', *, *, #7562, .F. ) ;
#9899 = AXIS2_PLACEMENT_3D ( 'NONE', #9535, #406, #2421 ) ;
#9900 = VERTEX_POINT ( 'NONE', #12234 ) ;
#9901 = DIRECTION ( 'NONE',  ( 1.000000000000000000, 0.000000000000000000, -0.000000000000000000 ) ) ;
#9902 = ORIENTED_EDGE ( 'NONE', *, *, #3096, .F. ) ;
#9903 = EDGE_LOOP ( 'NONE', ( #12622, #4761 ) ) ;
#9904 = DIRECTION ( 'NONE',  ( -1.000000000000000000, 0.000000000000000000, 0.000000000000000000 ) ) ;
#9905 = DIRECTION ( 'NONE',  ( 0.000000000000000000, 0.000000000000000000, -1.000000000000000000 ) ) ;
#9906 = FACE_OUTER_BOUND ( 'NONE', #4180, .T. ) ;
#9907 = CARTESIAN_POINT ( 'NONE',  ( -36.02170000000000272, 0.6999999999999995115, -14.78124999999999822 ) ) ;
#9908 = DIRECTION ( 'NONE',  ( 0.000000000000000000, 0.000000000000000000, -1.000000000000000000 ) ) ;
#9909 = LINE ( 'NONE', #5763, #6814 ) ;
#9910 = DIRECTION ( 'NONE',  ( 0.000000000000000000, -1.000000000000000000, -2.967464690054594744E-16 ) ) ;
#9911 = CIRCLE ( 'NONE', #4132, 0.1250000000000037192 ) ;
#9912 = CIRCLE ( 'NONE', #5636, 0.1250000000000026368 ) ;
#9913 = ADVANCED_FACE ( 'NONE', ( #3124 ), #9301, .F. ) ;
#9914 = CARTESIAN_POINT ( 'NONE',  ( 26.40652500000000913, -0.5499999999999926059, 14.34399999999999942 ) ) ;
#9915 = VERTEX_POINT ( 'NONE', #12366 ) ;
#9916 = VERTEX_POINT ( 'NONE', #2177 ) ;
#9917 = EDGE_CURVE ( 'NONE', #12481, #8398, #5074, .T. ) ;
#9918 = ORIENTED_EDGE ( 'NONE', *, *, #2923, .F. ) ;
#9919 = PLANE ( 'NONE',  #13012 ) ;
#9920 = CIRCLE ( 'NONE', #12283, 0.03124999999999929223 ) ;
#9921 = ORIENTED_EDGE ( 'NONE', *, *, #735, .F. ) ;
#9922 = AXIS2_PLACEMENT_3D ( 'NONE', #881, #8806, #10081 ) ;
#9923 = DIRECTION ( 'NONE',  ( -0.000000000000000000, -1.000000000000000000, -1.332348806898293597E-16 ) ) ;
#9924 = ORIENTED_EDGE ( 'NONE', *, *, #8830, .T. ) ;
#9925 = EDGE_LOOP ( 'NONE', ( #1366, #10846 ) ) ;
#9926 = CARTESIAN_POINT ( 'NONE',  ( -20.99657499999999999, -0.6954000000000047921, 14.79687500000000000 ) ) ;
#9927 = DIRECTION ( 'NONE',  ( -1.000000000000000000, 0.000000000000000000, 0.000000000000000000 ) ) ;
#9928 = CARTESIAN_POINT ( 'NONE',  ( 35.93750000000000000, -0.7999999999999999334, -13.97480000000000011 ) ) ;
#9929 = DIRECTION ( 'NONE',  ( 0.000000000000000000, 0.000000000000000000, 1.000000000000000000 ) ) ;
#9930 = LINE ( 'NONE', #5984, #1565 ) ;
#9931 = ORIENTED_EDGE ( 'NONE', *, *, #4819, .T. ) ;
#9932 = VECTOR ( 'NONE', #8792, 39.37007874015748143 ) ;
#9933 = ORIENTED_EDGE ( 'NONE', *, *, #2066, .T. ) ;
#9934 = EDGE_LOOP ( 'NONE', ( #10278, #3983, #4037, #4995 ) ) ;
#9935 = CARTESIAN_POINT ( 'NONE',  ( -20.89067499999999811, 0.3358499999999960961, 14.79687500000000000 ) ) ;
#9936 = EDGE_LOOP ( 'NONE', ( #665, #7234, #11537, #246 ) ) ;
#9937 = CARTESIAN_POINT ( 'NONE',  ( 35.13110000000000355, -0.7999999999999918288, 14.43750000000000178 ) ) ;
#9938 = EDGE_LOOP ( 'NONE', ( #12388, #10001 ) ) ;
#9939 = CIRCLE ( 'NONE', #4166, 0.1565000000000003610 ) ;
#9940 = DIRECTION ( 'NONE',  ( 0.000000000000000000, 0.000000000000000000, -1.000000000000000000 ) ) ;
#9941 = EDGE_CURVE ( 'NONE', #11491, #8713, #6020, .T. ) ;
#9942 = CARTESIAN_POINT ( 'NONE',  ( 17.16232500000000982, -0.5499999999999931610, 14.34400000000000652 ) ) ;
#9943 = PLANE ( 'NONE',  #13119 ) ;
#9944 = DIRECTION ( 'NONE',  ( -0.000000000000000000, -0.000000000000000000, 1.000000000000000000 ) ) ;
#9945 = LINE ( 'NONE', #7608, #12372 ) ;
#9946 = EDGE_CURVE ( 'NONE', #6574, #8782, #942, .T. ) ;
#9947 = VERTEX_POINT ( 'NONE', #10008 ) ;
#9948 = EDGE_CURVE ( 'NONE', #2152, #9900, #13072, .T. ) ;
#9949 = VERTEX_POINT ( 'NONE', #2021 ) ;
#9950 = CIRCLE ( 'NONE', #3746, 0.1565000000000003610 ) ;
#9951 = ORIENTED_EDGE ( 'NONE', *, *, #10122, .F. ) ;
#9952 = AXIS2_PLACEMENT_3D ( 'NONE', #2732, #3000, #844 ) ;
#9953 = EDGE_LOOP ( 'NONE', ( #11474, #3367, #7977, #10303 ) ) ;
#9954 = CARTESIAN_POINT ( 'NONE',  ( 21.89092500000000996, -0.7999999999999928280, 14.53100000000000058 ) ) ;
#9955 = CARTESIAN_POINT ( 'NONE',  ( 21.73442499999999811, -0.6953999999999967985, -14.34399999999999764 ) ) ;
#9956 = DIRECTION ( 'NONE',  ( 0.000000000000000000, -1.000000000000000000, 0.000000000000000000 ) ) ;
#9957 = DIRECTION ( 'NONE',  ( 0.000000000000000000, -1.000000000000000000, -1.332348806898293597E-16 ) ) ;
#9958 = DIRECTION ( 'NONE',  ( -1.000000000000000000, -0.000000000000000000, -0.000000000000000000 ) ) ;
#9959 = CIRCLE ( 'NONE', #4183, 0.1250000000000037192 ) ;
#9960 = EDGE_CURVE ( 'NONE', #11760, #10469, #1088, .T. ) ;
#9961 = DIRECTION ( 'NONE',  ( -0.000000000000000000, -1.000000000000000000, -1.332348806898293597E-16 ) ) ;
#9962 = FACE_OUTER_BOUND ( 'NONE', #3339, .T. ) ;
#9963 = EDGE_CURVE ( 'NONE', #6031, #200, #9448, .T. ) ;
#9964 = VECTOR ( 'NONE', #4228, 39.37007874015748143 ) ;
#9965 = VERTEX_POINT ( 'NONE', #7932 ) ;
#9966 = EDGE_LOOP ( 'NONE', ( #5259, #11409, #6765, #6770 ) ) ;
#9967 = CIRCLE ( 'NONE', #10195, 0.1565000000000003610 ) ;
#9968 = EDGE_CURVE ( 'NONE', #8560, #968, #3660, .T. ) ;
#9969 = AXIS2_PLACEMENT_3D ( 'NONE', #830, #12960, #3852 ) ;
#9970 = LINE ( 'NONE', #4871, #6149 ) ;
#9971 = VERTEX_POINT ( 'NONE', #7121 ) ;
#9972 = ORIENTED_EDGE ( 'NONE', *, *, #1139, .F. ) ;
#9973 = DIRECTION ( 'NONE',  ( -0.000000000000000000, -1.000000000000000000, -1.332348806898293597E-16 ) ) ;
#9974 = DIRECTION ( 'NONE',  ( 0.000000000000000000, 2.967464690054594744E-16, -1.000000000000000000 ) ) ;
#9975 = DIRECTION ( 'NONE',  ( -0.000000000000000000, -1.000000000000000000, -1.332348806898293597E-16 ) ) ;
#9976 = AXIS2_PLACEMENT_3D ( 'NONE', #10453, #5237, #2271 ) ;
#9977 = CYLINDRICAL_SURFACE ( 'NONE', #4221, 0.1565000000000003610 ) ;
#9978 = CARTESIAN_POINT ( 'NONE',  ( -22.09727500000001044, -0.6207000000000038042, 14.79687500000000000 ) ) ;
#9979 = DIRECTION ( 'NONE',  ( 0.000000000000000000, -1.000000000000000000, -2.967464690054594744E-16 ) ) ;
#9980 = CARTESIAN_POINT ( 'NONE',  ( 11.25002500000000794, -0.6953999999999974646, 14.53100000000000058 ) ) ;
#9981 = CIRCLE ( 'NONE', #5495, 0.1565000000000003610 ) ;
#9982 = AXIS2_PLACEMENT_3D ( 'NONE', #5909, #352, #3377 ) ;
#9983 = LINE ( 'NONE', #783, #10909 ) ;
#9984 = VERTEX_POINT ( 'NONE', #12005 ) ;
#9985 = ORIENTED_EDGE ( 'NONE', *, *, #1006, .T. ) ;
#9986 = ORIENTED_EDGE ( 'NONE', *, *, #6009, .F. ) ;
#9987 = PLANE ( 'NONE',  #3181 ) ;
#9988 = VECTOR ( 'NONE', #5320, 39.37007874015748143 ) ;
#9989 = ADVANCED_FACE ( 'NONE', ( #675 ), #12072, .T. ) ;
#9990 = ORIENTED_EDGE ( 'NONE', *, *, #2523, .F. ) ;
#9991 = FACE_BOUND ( 'NONE', #2836, .T. ) ;
#9992 = EDGE_LOOP ( 'NONE', ( #5476, #4840 ) ) ;
#9993 = EDGE_LOOP ( 'NONE', ( #4939, #7282, #9727, #9233, #324, #10751, #5347, #12860, #10430, #11404, #4704, #5920 ) ) ;
#9994 = DIRECTION ( 'NONE',  ( -0.000000000000000000, -1.000000000000000000, -1.332348806898293597E-16 ) ) ;
#9995 = DIRECTION ( 'NONE',  ( -4.161428847396411586E-15, 1.000000000000000000, 0.000000000000000000 ) ) ;
#9996 = CARTESIAN_POINT ( 'NONE',  ( 22.10942499999999455, -0.4299000000000038346, 2.512596398514597499E-15 ) ) ;
#9997 = DIRECTION ( 'NONE',  ( -1.000000000000000000, -0.000000000000000000, -0.000000000000000000 ) ) ;
#9998 = AXIS2_PLACEMENT_3D ( 'NONE', #13045, #9106, #4071 ) ;
#9999 = DIRECTION ( 'NONE',  ( -1.000000000000000000, 0.000000000000000000, 0.000000000000000000 ) ) ;
#10000 = FACE_OUTER_BOUND ( 'NONE', #4535, .T. ) ;
#10001 = ORIENTED_EDGE ( 'NONE', *, *, #6289, .T. ) ;
#10002 = ORIENTED_EDGE ( 'NONE', *, *, #3029, .T. ) ;
#10003 = EDGE_CURVE ( 'NONE', #5117, #159, #6986, .T. ) ;
#10004 = ORIENTED_EDGE ( 'NONE', *, *, #5026, .F. ) ;
#10005 = FACE_BOUND ( 'NONE', #7037, .T. ) ;
#10006 = ORIENTED_EDGE ( 'NONE', *, *, #2852, .T. ) ;
#10007 = AXIS2_PLACEMENT_3D ( 'NONE', #11277, #6994, #10152 ) ;
#10009 = AXIS2_PLACEMENT_3D ( 'NONE', #845, #13245, #3137 ) ;
#10008 = CARTESIAN_POINT ( 'NONE',  ( 32.13110000000001065, -0.6953999999999961323, -14.68749999999997335 ) ) ;
#10010 = ORIENTED_EDGE ( 'NONE', *, *, #2898, .F. ) ;
#10011 = DIRECTION ( 'NONE',  ( 0.000000000000000000, 0.000000000000000000, -1.000000000000000000 ) ) ;
#10012 = FACE_OUTER_BOUND ( 'NONE', #9706, .T. ) ;
#10013 = DIRECTION ( 'NONE',  ( -0.000000000000000000, -1.000000000000000000, -1.332348806898293597E-16 ) ) ;
#10014 = DIRECTION ( 'NONE',  ( 0.000000000000000000, -1.000000000000000000, 0.000000000000000000 ) ) ;
#10015 = DIRECTION ( 'NONE',  ( 0.000000000000000000, 0.000000000000000000, -1.000000000000000000 ) ) ;
#10016 = ORIENTED_EDGE ( 'NONE', *, *, #5522, .T. ) ;
#10017 = EDGE_CURVE ( 'NONE', #1797, #11740, #11940, .T. ) ;
#10018 = VECTOR ( 'NONE', #10904, 39.37007874015748143 ) ;
#10019 = ORIENTED_EDGE ( 'NONE', *, *, #11081, .F. ) ;
#10020 = CIRCLE ( 'NONE', #7018, 0.1250000000000015266 ) ;
#10021 = VECTOR ( 'NONE', #7005, 39.37007874015748143 ) ;
#10022 = EDGE_CURVE ( 'NONE', #12685, #2762, #1298, .T. ) ;
#10023 = ORIENTED_EDGE ( 'NONE', *, *, #4137, .F. ) ;
#10024 = VERTEX_POINT ( 'NONE', #8134 ) ;
#10025 = CARTESIAN_POINT ( 'NONE',  ( -7.327924999999998690, -0.6953999999999983528, 13.97960000000000491 ) ) ;
#10026 = AXIS2_PLACEMENT_3D ( 'NONE', #8743, #3088, #6787 ) ;
#10027 = DIRECTION ( 'NONE',  ( -0.000000000000000000, -0.000000000000000000, 1.000000000000000000 ) ) ;
#10028 = FACE_OUTER_BOUND ( 'NONE', #4802, .T. ) ;
#10029 = DIRECTION ( 'NONE',  ( 1.000000000000000000, 0.000000000000000000, 0.000000000000000000 ) ) ;
#10030 = VECTOR ( 'NONE', #4716, 39.37007874015748143 ) ;
#10031 = DIRECTION ( 'NONE',  ( -0.000000000000000000, -1.000000000000000000, -1.332348806898293597E-16 ) ) ;
#10032 = CARTESIAN_POINT ( 'NONE',  ( -21.51567500000000521, -0.4299000000000040012, 14.42187500000000178 ) ) ;
#10033 = ADVANCED_FACE ( 'NONE', ( #1751 ), #10146, .F. ) ;
#10034 = AXIS2_PLACEMENT_3D ( 'NONE', #1370, #12571, #5672 ) ;
#10035 = CARTESIAN_POINT ( 'NONE',  ( 21.89067500000000166, -0.4299000000000038346, -12.43750000000001066 ) ) ;
#10036 = ORIENTED_EDGE ( 'NONE', *, *, #2525, .F. ) ;
#10037 = EDGE_CURVE ( 'NONE', #7335, #11008, #9004, .T. ) ;
#10038 = ADVANCED_FACE ( 'NONE', ( #12207, #3035 ), #8869, .F. ) ;
#10039 = AXIS2_PLACEMENT_3D ( 'NONE', #11712, #11774, #6687 ) ;
#10040 = VERTEX_POINT ( 'NONE', #12940 ) ;
#10041 = CARTESIAN_POINT ( 'NONE',  ( 35.91710000000000491, -0.2096999999999985820, -13.87500000000000000 ) ) ;
#10042 = ORIENTED_EDGE ( 'NONE', *, *, #4137, .T. ) ;
#10043 = AXIS2_PLACEMENT_3D ( 'NONE', #3783, #7748, #11820 ) ;
#10045 = ORIENTED_EDGE ( 'NONE', *, *, #7613, .T. ) ;
#10044 = EDGE_CURVE ( 'NONE', #3689, #1778, #3450, .T. ) ;
#10046 = CYLINDRICAL_SURFACE ( 'NONE', #8470, 0.1565000000000003610 ) ;
#10047 = CARTESIAN_POINT ( 'NONE',  ( -7.640925000000004630, -0.6953999999999985748, -14.53099999999998815 ) ) ;
#10048 = CARTESIAN_POINT ( 'NONE',  ( -32.28760000000000474, -0.5499999999999961586, -14.34399999999999942 ) ) ;
#10049 = CARTESIAN_POINT ( 'NONE',  ( -35.91710000000000491, -0.6641500000000026827, 13.78219999999999956 ) ) ;
#10050 = DIRECTION ( 'NONE',  ( 1.000000000000000000, -0.000000000000000000, 0.000000000000000000 ) ) ;
#10051 = DIRECTION ( 'NONE',  ( -0.000000000000000000, -1.000000000000000000, -1.332348806898293597E-16 ) ) ;
#10052 = CARTESIAN_POINT ( 'NONE',  ( -36.02170000000000272, -0.2096999999999985820, -5.875000000000000000 ) ) ;
#10053 = FACE_OUTER_BOUND ( 'NONE', #8588, .T. ) ;
#10054 = EDGE_CURVE ( 'NONE', #6235, #5607, #4095, .T. ) ;
#10055 = ORIENTED_EDGE ( 'NONE', *, *, #182, .T. ) ;
#10056 = ORIENTED_EDGE ( 'NONE', *, *, #10585, .T. ) ;
#10057 = EDGE_CURVE ( 'NONE', #4149, #4898, #3902, .T. ) ;
#10058 = DIRECTION ( 'NONE',  ( 0.000000000000000000, 0.000000000000000000, 1.000000000000000000 ) ) ;
#10059 = ORIENTED_EDGE ( 'NONE', *, *, #8128, .T. ) ;
#10060 = LINE ( 'NONE', #925, #7626 ) ;
#10061 = CARTESIAN_POINT ( 'NONE',  ( 21.26567499999998745, 0.4608499999999960961, 14.67187500000000000 ) ) ;
#10062 = VERTEX_POINT ( 'NONE', #3291 ) ;
#10063 = CARTESIAN_POINT ( 'NONE',  ( -21.85942500000000877, 0.7000000000000405898, 14.42187500000000178 ) ) ;
#10064 = CARTESIAN_POINT ( 'NONE',  ( 35.93750000000000000, 0.6999999999999995115, 14.78124999999999822 ) ) ;
#10065 = DIRECTION ( 'NONE',  ( -1.240959386601361473E-16, 1.000000000000000000, 0.000000000000000000 ) ) ;
#10066 = DIRECTION ( 'NONE',  ( 0.000000000000000000, 0.000000000000000000, 1.000000000000000000 ) ) ;
#10067 = DIRECTION ( 'NONE',  ( 0.000000000000000000, 0.000000000000000000, -1.000000000000000000 ) ) ;
#10068 = CARTESIAN_POINT ( 'NONE',  ( -17.31882500000000391, -0.6953999999999991299, -14.53099999999999348 ) ) ;
#10069 = PLANE ( 'NONE',  #12910 ) ;
#10070 = EDGE_LOOP ( 'NONE', ( #11096, #4067, #6835, #2543, #12056 ) ) ;
#10071 = EDGE_CURVE ( 'NONE', #11848, #1172, #68, .T. ) ;
#10072 = VERTEX_POINT ( 'NONE', #8272 ) ;
#10073 = ORIENTED_EDGE ( 'NONE', *, *, #5438, .F. ) ;
#10074 = LINE ( 'NONE', #13136, #3319 ) ;
#10075 = VERTEX_POINT ( 'NONE', #203 ) ;
#10076 = DIRECTION ( 'NONE',  ( 0.000000000000000000, 0.000000000000000000, -1.000000000000000000 ) ) ;
#10077 = ORIENTED_EDGE ( 'NONE', *, *, #2213, .T. ) ;
#10078 = FACE_BOUND ( 'NONE', #2508, .T. ) ;
#10079 = AXIS2_PLACEMENT_3D ( 'NONE', #13110, #10905, #6097 ) ;
#10080 = DIRECTION ( 'NONE',  ( 1.000000000000000000, -0.000000000000000000, -0.000000000000000000 ) ) ;
#10081 = DIRECTION ( 'NONE',  ( 0.000000000000000000, 0.000000000000000000, -1.000000000000000000 ) ) ;
#10082 = EDGE_CURVE ( 'NONE', #6451, #11487, #10929, .T. ) ;
#10083 = FACE_OUTER_BOUND ( 'NONE', #3664, .T. ) ;
#10084 = ORIENTED_EDGE ( 'NONE', *, *, #9377, .F. ) ;
#10085 = EDGE_CURVE ( 'NONE', #4520, #11622, #12278, .T. ) ;
#10086 = ORIENTED_EDGE ( 'NONE', *, *, #9543, .T. ) ;
#10087 = VERTEX_POINT ( 'NONE', #4373 ) ;
#10088 = EDGE_LOOP ( 'NONE', ( #6746, #1317, #1472, #2155, #4305 ) ) ;
#10089 = CIRCLE ( 'NONE', #11, 0.1565000000000003610 ) ;
#10090 = LINE ( 'NONE', #12828, #8346 ) ;
#10091 = DIRECTION ( 'NONE',  ( 1.000000000000000000, 0.000000000000000000, 0.000000000000000000 ) ) ;
#10092 = DIRECTION ( 'NONE',  ( 0.000000000000000000, 0.000000000000000000, -1.000000000000000000 ) ) ;
#10093 = EDGE_CURVE ( 'NONE', #12173, #4289, #12653, .T. ) ;
#10094 = CARTESIAN_POINT ( 'NONE',  ( -35.23450000000000415, -0.6954000000000000181, -1.686549999999997107 ) ) ;
#10095 = CARTESIAN_POINT ( 'NONE',  ( -17.00582500000000863, -0.6953999999999989079, 13.97959999999999958 ) ) ;
#10096 = CARTESIAN_POINT ( 'NONE',  ( 36.02170047244094775, -0.2096999999999985820, 13.74999999999999645 ) ) ;
#10097 = EDGE_CURVE ( 'NONE', #12564, #9611, #12473, .T. ) ;
#10098 = VECTOR ( 'NONE', #1463, 39.37007874015748143 ) ;
#10099 = FACE_OUTER_BOUND ( 'NONE', #9662, .T. ) ;
#10100 = CARTESIAN_POINT ( 'NONE',  ( -32.13110000000000355, -0.7999999999999961586, 14.34400000000000652 ) ) ;
#10101 = VERTEX_POINT ( 'NONE', #6390 ) ;
#10102 = VECTOR ( 'NONE', #908, 39.37007874015748143 ) ;
#10103 = ORIENTED_EDGE ( 'NONE', *, *, #4956, .T. ) ;
#10104 = VECTOR ( 'NONE', #12625, 39.37007874015748143 ) ;
#10105 = PLANE ( 'NONE',  #3569 ) ;
#10106 = VERTEX_POINT ( 'NONE', #4171 ) ;
#10107 = VERTEX_POINT ( 'NONE', #4308 ) ;
#10108 = DIRECTION ( 'NONE',  ( 0.000000000000000000, -1.000000000000000000, -1.332348806898293597E-16 ) ) ;
#10109 = DIRECTION ( 'NONE',  ( 0.000000000000000000, 0.000000000000000000, 1.000000000000000000 ) ) ;
#10110 = DIRECTION ( 'NONE',  ( 0.000000000000000000, 0.000000000000000000, 1.000000000000000000 ) ) ;
#10111 = ADVANCED_FACE ( 'NONE', ( #1276 ), #4247, .T. ) ;
#10112 = EDGE_CURVE ( 'NONE', #413, #429, #2220, .T. ) ;
#10113 = CYLINDRICAL_SURFACE ( 'NONE', #5510, 0.1250000000000026368 ) ;
#10114 = CARTESIAN_POINT ( 'NONE',  ( -32.13110000000000355, -0.7999999999999961586, 14.53100000000000058 ) ) ;
#10115 = DIRECTION ( 'NONE',  ( 1.000000000000000000, 5.463695987328555033E-16, 0.000000000000000000 ) ) ;
#10116 = DIRECTION ( 'NONE',  ( -1.000000000000000000, 0.000000000000000000, 0.000000000000000000 ) ) ;
#10117 = ORIENTED_EDGE ( 'NONE', *, *, #11860, .F. ) ;
#10118 = DIRECTION ( 'NONE',  ( 0.000000000000000000, 0.000000000000000000, 1.000000000000000000 ) ) ;
#10119 = ADVANCED_FACE ( 'NONE', ( #7322 ), #2092, .F. ) ;
#10120 = AXIS2_PLACEMENT_3D ( 'NONE', #10538, #2288, #4375 ) ;
#10121 = ORIENTED_EDGE ( 'NONE', *, *, #3241, .T. ) ;
#10122 = EDGE_CURVE ( 'NONE', #676, #3134, #2914, .T. ) ;
#10123 = CARTESIAN_POINT ( 'NONE',  ( 33.63110000000000355, -0.6953999999999957993, 14.43750000000000178 ) ) ;
#10124 = ORIENTED_EDGE ( 'NONE', *, *, #2000, .T. ) ;
#10125 = DIRECTION ( 'NONE',  ( -0.000000000000000000, -2.967464690054594744E-16, 1.000000000000000000 ) ) ;
#10126 = CARTESIAN_POINT ( 'NONE',  ( 17.16232500000000272, -0.7999999999999931610, -14.34399999999999764 ) ) ;
#10127 = ORIENTED_EDGE ( 'NONE', *, *, #4852, .F. ) ;
#10128 = CARTESIAN_POINT ( 'NONE',  ( -21.73442500000000521, -0.4299000000000040012, -14.42187500000001066 ) ) ;
#10129 = AXIS2_PLACEMENT_3D ( 'NONE', #4556, #9585, #12846 ) ;
#10130 = CARTESIAN_POINT ( 'NONE',  ( 22.47227499999999978, 0.3358499999999960961, 14.67187500000000000 ) ) ;
#10131 = CARTESIAN_POINT ( 'NONE',  ( -35.93750000000000000, 0.5954000000000000403, 14.89540000000000042 ) ) ;
#10132 = DIRECTION ( 'NONE',  ( 0.000000000000000000, -1.000000000000000000, -1.332348806898293597E-16 ) ) ;
#10133 = DIRECTION ( 'NONE',  ( 0.000000000000000000, 1.000000000000000000, 0.000000000000000000 ) ) ;
#10134 = DIRECTION ( 'NONE',  ( -0.000000000000000000, -1.000000000000000000, -1.332348806898293597E-16 ) ) ;
#10135 = CARTESIAN_POINT ( 'NONE',  ( -3.906499999999998529, -0.6953999999999982418, -14.34399999999999409 ) ) ;
#10136 = VERTEX_POINT ( 'NONE', #12542 ) ;
#10137 = EDGE_CURVE ( 'NONE', #6331, #2152, #6195, .T. ) ;
#10138 = CIRCLE ( 'NONE', #3273, 0.2499999999999986955 ) ;
#10139 = CIRCLE ( 'NONE', #7991, 0.1565000000000003610 ) ;
#10140 = EDGE_LOOP ( 'NONE', ( #12466, #7388, #8228, #12103 ) ) ;
#10141 = EDGE_CURVE ( 'NONE', #3961, #9200, #12114, .T. ) ;
#10142 = EDGE_CURVE ( 'NONE', #11004, #179, #11896, .T. ) ;
#10143 = VERTEX_POINT ( 'NONE', #11337 ) ;
#10144 = FACE_OUTER_BOUND ( 'NONE', #9608, .T. ) ;
#10145 = ORIENTED_EDGE ( 'NONE', *, *, #2612, .T. ) ;
#10146 = CYLINDRICAL_SURFACE ( 'NONE', #2377, 0.03120000000000375251 ) ;
#10147 = EDGE_LOOP ( 'NONE', ( #5586, #1547, #4, #3751 ) ) ;
#10148 = CYLINDRICAL_SURFACE ( 'NONE', #8410, 0.1250000000000015266 ) ;
#10149 = CARTESIAN_POINT ( 'NONE',  ( -35.91709999999999781, -0.2096999999999985820, 14.00000000000000355 ) ) ;
#10150 = CARTESIAN_POINT ( 'NONE',  ( -33.63110000000000355, -0.5499999999999960476, 14.43750000000000178 ) ) ;
#10151 = AXIS2_PLACEMENT_3D ( 'NONE', #11056, #1741, #6977 ) ;
#10153 = AXIS2_PLACEMENT_3D ( 'NONE', #1098, #5203, #9363 ) ;
#10152 = DIRECTION ( 'NONE',  ( 0.000000000000000000, 0.000000000000000000, 1.000000000000000000 ) ) ;
#10154 = ORIENTED_EDGE ( 'NONE', *, *, #9893, .T. ) ;
#10155 = ORIENTED_EDGE ( 'NONE', *, *, #13025, .T. ) ;
#10156 = ORIENTED_EDGE ( 'NONE', *, *, #3945, .F. ) ;
#10157 = AXIS2_PLACEMENT_3D ( 'NONE', #9335, #5177, #13198 ) ;
#10158 = ORIENTED_EDGE ( 'NONE', *, *, #9613, .T. ) ;
#10159 = LINE ( 'NONE', #1029, #7331 ) ;
#10160 = ADVANCED_FACE ( 'NONE', ( #6254 ), #3360, .F. ) ;
#10161 = DIRECTION ( 'NONE',  ( 1.000000000000000000, 5.337610695313293786E-16, 0.000000000000000000 ) ) ;
#10162 = CARTESIAN_POINT ( 'NONE',  ( 7.327924999999998690, -0.5499999999999936051, 14.53100000000000591 ) ) ;
#10163 = CARTESIAN_POINT ( 'NONE',  ( -3.593499999999997474, -0.7999999999999943823, -14.34399999999999409 ) ) ;
#10164 = FACE_BOUND ( 'NONE', #12952, .T. ) ;
#10165 = DIRECTION ( 'NONE',  ( -1.240959386601361473E-16, 1.000000000000000000, 0.000000000000000000 ) ) ;
#10166 = CARTESIAN_POINT ( 'NONE',  ( 35.93750000000000000, -0.7187499999999997780, -14.91875000000000107 ) ) ;
#10167 = DIRECTION ( 'NONE',  ( 1.000000000000000000, 0.000000000000000000, 0.000000000000000000 ) ) ;
#10168 = ORIENTED_EDGE ( 'NONE', *, *, #9823, .F. ) ;
#10169 = ORIENTED_EDGE ( 'NONE', *, *, #1932, .T. ) ;
#10170 = DIRECTION ( 'NONE',  ( 1.000000000000000000, 0.000000000000000000, 0.000000000000000000 ) ) ;
#10171 = ORIENTED_EDGE ( 'NONE', *, *, #11400, .T. ) ;
#10172 = CIRCLE ( 'NONE', #307, 0.1565000000000003610 ) ;
#10173 = DIRECTION ( 'NONE',  ( 0.000000000000000000, 0.000000000000000000, 1.000000000000000000 ) ) ;
#10174 = AXIS2_PLACEMENT_3D ( 'NONE', #11833, #1713, #4740 ) ;
#10175 = VERTEX_POINT ( 'NONE', #136 ) ;
#10176 = DIRECTION ( 'NONE',  ( 0.000000000000000000, 0.000000000000000000, -1.000000000000000000 ) ) ;
#10177 = CARTESIAN_POINT ( 'NONE',  ( -18.75002500000000794, -0.6953999999999992410, 14.18750000000000178 ) ) ;
#10178 = CARTESIAN_POINT ( 'NONE',  ( 11.40652500000000913, -0.7999999999999999334, 14.34400000000000652 ) ) ;
#10179 = CARTESIAN_POINT ( 'NONE',  ( -35.91710000000000491, -0.6341000000000001080, 14.78124999999999822 ) ) ;
#10180 = DIRECTION ( 'NONE',  ( -1.000000000000000000, -0.000000000000000000, -0.000000000000000000 ) ) ;
#10181 = VECTOR ( 'NONE', #7634, 39.37007874015748143 ) ;
#10182 = CARTESIAN_POINT ( 'NONE',  ( -28.53760000000000829, -0.5499999999999959366, 14.53100000000000058 ) ) ;
#10183 = DIRECTION ( 'NONE',  ( 1.000000000000000000, -0.000000000000000000, -0.000000000000000000 ) ) ;
#10184 = ORIENTED_EDGE ( 'NONE', *, *, #313, .F. ) ;
#10185 = DIRECTION ( 'NONE',  ( 0.000000000000000000, 0.000000000000000000, -1.000000000000000000 ) ) ;
#10186 = PRODUCT_DEFINITION_CONTEXT ( 'detailed design', #9219, 'design' ) ;
#10187 = ORIENTED_EDGE ( 'NONE', *, *, #8223, .F. ) ;
#10188 = VECTOR ( 'NONE', #4837, 39.37007874015748143 ) ;
#10189 = AXIS2_PLACEMENT_3D ( 'NONE', #12088, #9155, #5871 ) ;
#10190 = ADVANCED_FACE ( 'NONE', ( #8343 ), #12409, .F. ) ;
#10191 = ORIENTED_EDGE ( 'NONE', *, *, #5463, .T. ) ;
#10192 = VERTEX_POINT ( 'NONE', #2353 ) ;
#10193 = CARTESIAN_POINT ( 'NONE',  ( 21.37157499999998933, -0.6954000000000040149, 14.79687500000000000 ) ) ;
#10194 = ORIENTED_EDGE ( 'NONE', *, *, #554, .T. ) ;
#10195 = AXIS2_PLACEMENT_3D ( 'NONE', #7994, #6983, #11065 ) ;
#10196 = ORIENTED_EDGE ( 'NONE', *, *, #2064, .T. ) ;
#10197 = FACE_OUTER_BOUND ( 'NONE', #4866, .T. ) ;
#10199 = VECTOR ( 'NONE', #10027, 39.37007874015748143 ) ;
#10198 = CARTESIAN_POINT ( 'NONE',  ( -21.23442500000000166, 0.7000000000000407008, 2.512596398514597499E-15 ) ) ;
#10200 = CARTESIAN_POINT ( 'NONE',  ( -26.40652500000000913, -0.7999999999999957145, 14.34399999999999942 ) ) ;
#10201 = EDGE_CURVE ( 'NONE', #5424, #2185, #10405, .T. ) ;
#10202 = CARTESIAN_POINT ( 'NONE',  ( 31.97460000000001301, -0.7999999999999921618, -14.53099999999997394 ) ) ;
#10203 = DIRECTION ( 'NONE',  ( -0.000000000000000000, -0.000000000000000000, 1.000000000000000000 ) ) ;
#10204 = CARTESIAN_POINT ( 'NONE',  ( -17.00582500000000863, -0.7999999999999951594, 14.53100000000000058 ) ) ;
#10205 = DIRECTION ( 'NONE',  ( 0.000000000000000000, -1.000000000000000000, -1.332348806898293597E-16 ) ) ;
#10206 = ORIENTED_EDGE ( 'NONE', *, *, #9673, .T. ) ;
#10207 = VECTOR ( 'NONE', #13259, 39.37007874015748143 ) ;
#10208 = EDGE_CURVE ( 'NONE', #3017, #10647, #2272, .T. ) ;
#10209 = AXIS2_PLACEMENT_3D ( 'NONE', #10962, #10899, #6822 ) ;
#10210 = EDGE_CURVE ( 'NONE', #11939, #9508, #5519, .T. ) ;
#10211 = ORIENTED_EDGE ( 'NONE', *, *, #10660, .T. ) ;
#10212 = ORIENTED_EDGE ( 'NONE', *, *, #10057, .F. ) ;
#10213 = FACE_BOUND ( 'NONE', #3537, .T. ) ;
#10214 = VERTEX_POINT ( 'NONE', #9665 ) ;
#10215 = EDGE_CURVE ( 'NONE', #8249, #6449, #12758, .T. ) ;
#10216 = CIRCLE ( 'NONE', #12971, 0.1565000000000003610 ) ;
#10217 = CARTESIAN_POINT ( 'NONE',  ( 22.47227499999999978, -0.5895000000000039098, 14.79687500000000000 ) ) ;
#10218 = ORIENTED_EDGE ( 'NONE', *, *, #12805, .F. ) ;
#10219 = CARTESIAN_POINT ( 'NONE',  ( 22.10942500000000166, 0.7000000000000407008, 12.43750000000000178 ) ) ;
#10220 = EDGE_CURVE ( 'NONE', #10467, #2723, #12978, .T. ) ;
#10221 = CARTESIAN_POINT ( 'NONE',  ( 22.57817500000000166, 0.3358499999999960961, -14.67187499999999822 ) ) ;
#10222 = CARTESIAN_POINT ( 'NONE',  ( -35.91709999999999781, -0.2096999999999985820, -5.875000000000000000 ) ) ;
#10223 = DIRECTION ( 'NONE',  ( 0.000000000000000000, 0.000000000000000000, -1.000000000000000000 ) ) ;
#10224 = EDGE_LOOP ( 'NONE', ( #5429, #1680, #13135, #6098, #4906, #11182, #9755, #7161 ) ) ;
#10225 = ORIENTED_EDGE ( 'NONE', *, *, #11916, .T. ) ;
#10226 = CIRCLE ( 'NONE', #4445, 0.1565000000000003610 ) ;
#10227 = EDGE_LOOP ( 'NONE', ( #6780, #2803, #12634, #9118 ) ) ;
#10228 = ADVANCED_FACE ( 'NONE', ( #12037 ), #11661, .T. ) ;
#10229 = DIRECTION ( 'NONE',  ( -0.000000000000000000, -1.000000000000000000, -1.332348806898293597E-16 ) ) ;
#10230 = CYLINDRICAL_SURFACE ( 'NONE', #7617, 0.1250000000000026368 ) ;
#10231 = DIRECTION ( 'NONE',  ( 0.000000000000000000, 0.000000000000000000, -1.000000000000000000 ) ) ;
#10232 = DIRECTION ( 'NONE',  ( -0.000000000000000000, -0.000000000000000000, 1.000000000000000000 ) ) ;
#10233 = DIRECTION ( 'NONE',  ( -0.000000000000000000, -1.000000000000000000, -1.332348806898293597E-16 ) ) ;
#10234 = DIRECTION ( 'NONE',  ( -1.000000000000000000, 0.000000000000000000, 0.000000000000000000 ) ) ;
#10235 = CYLINDRICAL_SURFACE ( 'NONE', #6292, 0.03125000000000147798 ) ;
#10236 = AXIS2_PLACEMENT_3D ( 'NONE', #13143, #4041, #6990 ) ;
#10237 = DIRECTION ( 'NONE',  ( 1.000000000000000000, 0.000000000000000000, 0.000000000000000000 ) ) ;
#10238 = ORIENTED_EDGE ( 'NONE', *, *, #12402, .F. ) ;
#10239 = EDGE_CURVE ( 'NONE', #10762, #7980, #13180, .T. ) ;
#10240 = EDGE_LOOP ( 'NONE', ( #1057, #8038, #6879, #11064 ) ) ;
#10241 = ORIENTED_EDGE ( 'NONE', *, *, #3574, .F. ) ;
#10242 = ORIENTED_EDGE ( 'NONE', *, *, #8020, .F. ) ;
#10243 = CIRCLE ( 'NONE', #4032, 0.1565000000000003610 ) ;
#10244 = DIRECTION ( 'NONE',  ( -1.000000000000000000, 0.000000000000000000, 0.000000000000000000 ) ) ;
#10245 = CIRCLE ( 'NONE', #1241, 0.2187500000000015821 ) ;
#10246 = EDGE_LOOP ( 'NONE', ( #7415, #7145 ) ) ;
#10247 = CARTESIAN_POINT ( 'NONE',  ( -26.09352500000000674, -0.7999999999999957145, 14.53099999999999703 ) ) ;
#10248 = DIRECTION ( 'NONE',  ( 0.000000000000000000, 0.000000000000000000, -1.000000000000000000 ) ) ;
#10249 = CYLINDRICAL_SURFACE ( 'NONE', #361, 0.1059000000000017289 ) ;
#10250 = DIRECTION ( 'NONE',  ( -0.000000000000000000, -1.000000000000000000, -1.332348806898293597E-16 ) ) ;
#10251 = FACE_OUTER_BOUND ( 'NONE', #3426, .T. ) ;
#10252 = LINE ( 'NONE', #7478, #11935 ) ;
#10253 = DIRECTION ( 'NONE',  ( 0.000000000000000000, 0.000000000000000000, -1.000000000000000000 ) ) ;
#10254 = ORIENTED_EDGE ( 'NONE', *, *, #591, .F. ) ;
#10255 = EDGE_CURVE ( 'NONE', #6969, #7447, #9564, .T. ) ;
#10256 = LINE ( 'NONE', #6166, #12635 ) ;
#10257 = ORIENTED_EDGE ( 'NONE', *, *, #8320, .T. ) ;
#10258 = AXIS2_PLACEMENT_3D ( 'NONE', #9559, #3383, #2439 ) ;
#10259 = CIRCLE ( 'NONE', #5756, 0.1250000000000029143 ) ;
#10260 = ORIENTED_EDGE ( 'NONE', *, *, #3061, .T. ) ;
#10261 = VERTEX_POINT ( 'NONE', #1782 ) ;
#10262 = CIRCLE ( 'NONE', #2120, 0.1565000000000003610 ) ;
#10263 = CYLINDRICAL_SURFACE ( 'NONE', #3128, 0.1250000000000029143 ) ;
#10264 = CARTESIAN_POINT ( 'NONE',  ( 21.37157499999998933, -0.6207000000000038042, 14.79687500000000000 ) ) ;
#10265 = EDGE_CURVE ( 'NONE', #1482, #906, #1715, .T. ) ;
#10266 = VERTEX_POINT ( 'NONE', #5820 ) ;
#10267 = DIRECTION ( 'NONE',  ( 1.240959386601371334E-16, -1.000000000000000000, -0.000000000000000000 ) ) ;
#10268 = FACE_OUTER_BOUND ( 'NONE', #11980, .T. ) ;
#10269 = CARTESIAN_POINT ( 'NONE',  ( 7.484424999999999883, -0.5499999999999936051, 14.34400000000001008 ) ) ;
#10270 = DIRECTION ( 'NONE',  ( -1.000000000000000000, -0.000000000000000000, -0.000000000000000000 ) ) ;
#10271 = FACE_OUTER_BOUND ( 'NONE', #4957, .T. ) ;
#10272 = ADVANCED_FACE ( 'NONE', ( #9906 ), #11596, .F. ) ;
#10273 = DIRECTION ( 'NONE',  ( 0.000000000000000000, -1.000000000000000000, -1.332348806898293597E-16 ) ) ;
#10274 = CARTESIAN_POINT ( 'NONE',  ( -17.31882500000001102, -0.5499999999999952704, 14.34400000000000475 ) ) ;
#10275 = ORIENTED_EDGE ( 'NONE', *, *, #3533, .F. ) ;
#10276 = CIRCLE ( 'NONE', #3059, 0.1059000000000017289 ) ;
#10277 = ORIENTED_EDGE ( 'NONE', *, *, #1606, .F. ) ;
#10278 = ORIENTED_EDGE ( 'NONE', *, *, #7228, .T. ) ;
#10279 = FACE_OUTER_BOUND ( 'NONE', #8380, .T. ) ;
#10280 = EDGE_LOOP ( 'NONE', ( #5116, #12149, #5576, #6811 ) ) ;
#10281 = CARTESIAN_POINT ( 'NONE',  ( 21.92192499999999455, -0.6954000000000040149, 13.92187500000000178 ) ) ;
#10282 = EDGE_LOOP ( 'NONE', ( #5796, #4198 ) ) ;
#10283 = EDGE_CURVE ( 'NONE', #3373, #9872, #5705, .T. ) ;
#10284 = CARTESIAN_POINT ( 'NONE',  ( -33.63110000000000355, -0.5499999999999960476, -14.43750000000000000 ) ) ;
#10285 = DIRECTION ( 'NONE',  ( 0.000000000000000000, 1.000000000000000000, 0.000000000000000000 ) ) ;
#10286 = DIRECTION ( 'NONE',  ( 0.000000000000000000, 1.332348806898293843E-16, 1.000000000000000000 ) ) ;
#10287 = ADVANCED_FACE ( 'NONE', ( #4509 ), #4806, .F. ) ;
#10288 = CARTESIAN_POINT ( 'NONE',  ( 34.89030000000000342, -0.6954000000000019055, 13.78219999999999956 ) ) ;
#10289 = EDGE_LOOP ( 'NONE', ( #11832, #11658, #13168, #11343 ) ) ;
#10290 = EDGE_CURVE ( 'NONE', #1778, #3689, #8058, .T. ) ;
#10291 = ORIENTED_EDGE ( 'NONE', *, *, #8367, .T. ) ;
#10292 = VECTOR ( 'NONE', #12515, 39.37007874015748143 ) ;
#10293 = EDGE_LOOP ( 'NONE', ( #1672, #10006, #524, #3680 ) ) ;
#10294 = DIRECTION ( 'NONE',  ( -0.000000000000000000, 1.000000000000000000, 0.000000000000000000 ) ) ;
#10295 = FACE_OUTER_BOUND ( 'NONE', #11637, .T. ) ;
#10296 = LINE ( 'NONE', #7136, #3447 ) ;
#10297 = DIRECTION ( 'NONE',  ( 1.000000000000000000, 0.000000000000000000, 0.000000000000000000 ) ) ;
#10298 = FACE_BOUND ( 'NONE', #2706, .T. ) ;
#10299 = LINE ( 'NONE', #9429, #9018 ) ;
#10300 = DIRECTION ( 'NONE',  ( 0.000000000000000000, -1.000000000000000000, -1.332348806898293597E-16 ) ) ;
#10302 = AXIS2_PLACEMENT_3D ( 'NONE', #2590, #12774, #7556 ) ;
#10301 = CARTESIAN_POINT ( 'NONE',  ( 7.640925000000000189, -0.6954000000000036819, 14.53100000000000591 ) ) ;
#10303 = ORIENTED_EDGE ( 'NONE', *, *, #2724, .T. ) ;
#10304 = EDGE_CURVE ( 'NONE', #6218, #5935, #342, .T. ) ;
#10305 = ORIENTED_EDGE ( 'NONE', *, *, #1911, .T. ) ;
#10306 = EDGE_LOOP ( 'NONE', ( #9412, #10930, #4757, #2941 ) ) ;
#10307 = PLANE ( 'NONE',  #5876 ) ;
#10308 = EDGE_CURVE ( 'NONE', #2178, #10705, #3427, .T. ) ;
#10309 = ORIENTED_EDGE ( 'NONE', *, *, #9683, .F. ) ;
#10310 = CARTESIAN_POINT ( 'NONE',  ( 22.10942500000000166, -0.6954000000000041259, 12.43750000000000178 ) ) ;
#10311 = DIRECTION ( 'NONE',  ( -1.000000000000000000, 0.000000000000000000, 0.000000000000000000 ) ) ;
#10312 = AXIS2_PLACEMENT_3D ( 'NONE', #9071, #7997, #2970 ) ;
#10313 = LINE ( 'NONE', #12107, #1793 ) ;
#10314 = DIRECTION ( 'NONE',  ( 0.000000000000000000, 0.000000000000000000, -1.000000000000000000 ) ) ;
#10315 = CARTESIAN_POINT ( 'NONE',  ( -26.40652500000000913, -0.6953999999999996851, 14.34399999999999942 ) ) ;
#10316 = DIRECTION ( 'NONE',  ( -1.240959386601361473E-16, 1.000000000000000000, 0.000000000000000000 ) ) ;
#10317 = CARTESIAN_POINT ( 'NONE',  ( -36.02170000000000272, -0.2096999999999985820, -13.74999999999999645 ) ) ;
#10318 = ORIENTED_EDGE ( 'NONE', *, *, #12448, .F. ) ;
#10319 = EDGE_LOOP ( 'NONE', ( #11316, #606 ) ) ;
#10320 = ORIENTED_EDGE ( 'NONE', *, *, #1103, .F. ) ;
#10321 = CARTESIAN_POINT ( 'NONE',  ( 21.60942499999999100, -0.6954000000000040149, 14.42187500000000178 ) ) ;
#10322 = CARTESIAN_POINT ( 'NONE',  ( 21.89092500000000996, -0.6953999999999965764, 13.97959999999999958 ) ) ;
#10323 = ORIENTED_EDGE ( 'NONE', *, *, #7996, .T. ) ;
#10324 = ADVANCED_FACE ( 'NONE', ( #10599 ), #6577, .F. ) ;
#10325 = DIRECTION ( 'NONE',  ( 1.000000000000000000, 1.240959386601361473E-16, 0.000000000000000000 ) ) ;
#10326 = DIRECTION ( 'NONE',  ( 1.000000000000000000, 0.000000000000000000, 0.000000000000000000 ) ) ;
#10327 = CYLINDRICAL_SURFACE ( 'NONE', #2101, 0.03124999999999997571 ) ;
#10328 = EDGE_CURVE ( 'NONE', #9916, #2656, #121, .T. ) ;
#10329 = VECTOR ( 'NONE', #5252, 39.37007874015748143 ) ;
#10330 = DIRECTION ( 'NONE',  ( -0.000000000000000000, -1.000000000000000000, -1.332348806898293597E-16 ) ) ;
#10331 = FACE_OUTER_BOUND ( 'NONE', #7411, .T. ) ;
#10332 = FACE_OUTER_BOUND ( 'NONE', #3102, .T. ) ;
#10333 = CARTESIAN_POINT ( 'NONE',  ( -32.13110000000000355, -0.6954000000000000181, -14.53099999999999348 ) ) ;
#10334 = EDGE_LOOP ( 'NONE', ( #11688, #2134, #11363, #3653 ) ) ;
#10335 = ADVANCED_FACE ( 'NONE', ( #638 ), #12909, .F. ) ;
#10336 = AXIS2_PLACEMENT_3D ( 'NONE', #2847, #10165, #5874 ) ;
#10337 = ADVANCED_FACE ( 'NONE', ( #9098 ), #9031, .F. ) ;
#10338 = ORIENTED_EDGE ( 'NONE', *, *, #7027, .T. ) ;
#10339 = ORIENTED_EDGE ( 'NONE', *, *, #7303, .T. ) ;
#10340 = LINE ( 'NONE', #12610, #9121 ) ;
#10341 = ORIENTED_EDGE ( 'NONE', *, *, #4455, .F. ) ;
#10342 = CARTESIAN_POINT ( 'NONE',  ( 0.000000000000000000, -0.6340999999999995529, 14.78124999999999822 ) ) ;
#10343 = VERTEX_POINT ( 'NONE', #10894 ) ;
#10344 = FACE_BOUND ( 'NONE', #7433, .T. ) ;
#10345 = CARTESIAN_POINT ( 'NONE',  ( -11.40652500000000380, -0.6953999999999987969, -14.53099999999999348 ) ) ;
#10346 = FACE_OUTER_BOUND ( 'NONE', #12192, .T. ) ;
#10347 = DIRECTION ( 'NONE',  ( 0.000000000000000000, 2.967464690054594744E-16, -1.000000000000000000 ) ) ;
#10348 = VERTEX_POINT ( 'NONE', #5814 ) ;
#10349 = VECTOR ( 'NONE', #6550, 39.37007874015748143 ) ;
#10350 = CIRCLE ( 'NONE', #9704, 0.1565000000000003610 ) ;
#10351 = ORIENTED_EDGE ( 'NONE', *, *, #7129, .F. ) ;
#10352 = EDGE_CURVE ( 'NONE', #2022, #4898, #11264, .T. ) ;
#10353 = EDGE_LOOP ( 'NONE', ( #13084, #309, #8078, #6927 ) ) ;
#10354 = DIRECTION ( 'NONE',  ( -1.000000000000000000, 0.000000000000000000, 0.000000000000000000 ) ) ;
#10355 = CIRCLE ( 'NONE', #6926, 0.1250000000000015266 ) ;
#10356 = CARTESIAN_POINT ( 'NONE',  ( -3.593499999999997474, -0.6954000000000000181, -14.34399999999999409 ) ) ;
#10357 = CARTESIAN_POINT ( 'NONE',  ( 21.57792500000000047, -0.5499999999999928280, -14.34399999999999764 ) ) ;
#10358 = CARTESIAN_POINT ( 'NONE',  ( 35.91710000000000491, 0.5641500000000337911, -14.78124999999999822 ) ) ;
#10359 = CARTESIAN_POINT ( 'NONE',  ( 35.13110000000001065, -0.5499999999999918288, -14.43749999999997335 ) ) ;
#10360 = DIRECTION ( 'NONE',  ( 0.000000000000000000, 1.000000000000000000, 0.000000000000000000 ) ) ;
#10361 = ADVANCED_FACE ( 'NONE', ( #9168 ), #6944, .F. ) ;
#10362 = LINE ( 'NONE', #5409, #4367 ) ;
#10363 = CARTESIAN_POINT ( 'NONE',  ( 28.53760000000000829, -0.5499999999999923839, 14.53100000000000058 ) ) ;
#10364 = EDGE_LOOP ( 'NONE', ( #9094, #6135, #11332, #8115 ) ) ;
#10365 = EDGE_CURVE ( 'NONE', #5646, #794, #3556, .T. ) ;
#10366 = AXIS2_PLACEMENT_3D ( 'NONE', #11229, #7212, #2051 ) ;
#10367 = ORIENTED_EDGE ( 'NONE', *, *, #5491, .F. ) ;
#10368 = ORIENTED_EDGE ( 'NONE', *, *, #272, .T. ) ;
#10369 = FACE_OUTER_BOUND ( 'NONE', #1059, .T. ) ;
#10370 = EDGE_LOOP ( 'NONE', ( #7650, #6866, #8510, #9462 ) ) ;
#10371 = FACE_OUTER_BOUND ( 'NONE', #7780, .T. ) ;
#10372 = DIRECTION ( 'NONE',  ( 0.000000000000000000, 0.000000000000000000, -1.000000000000000000 ) ) ;
#10373 = EDGE_CURVE ( 'NONE', #11268, #7267, #3344, .T. ) ;
#10374 = CARTESIAN_POINT ( 'NONE',  ( -35.91710000000000491, 0.5954000000000000403, 14.78124999999999822 ) ) ;
#10375 = DIRECTION ( 'NONE',  ( 0.000000000000000000, 0.000000000000000000, -1.000000000000000000 ) ) ;
#10376 = DIRECTION ( 'NONE',  ( 1.000000000000000000, 0.000000000000000000, -0.000000000000000000 ) ) ;
#10377 = EDGE_CURVE ( 'NONE', #6153, #5653, #8495, .T. ) ;
#10378 = LINE ( 'NONE', #8506, #49 ) ;
#10379 = CARTESIAN_POINT ( 'NONE',  ( -32.13110000000000355, -0.5499999999999961586, -14.34399999999999942 ) ) ;
#10380 = EDGE_LOOP ( 'NONE', ( #878, #9067, #9632, #11933 ) ) ;
#10381 = AXIS2_PLACEMENT_3D ( 'NONE', #2731, #3609, #9904 ) ;
#10382 = VERTEX_POINT ( 'NONE', #1849 ) ;
#10383 = AXIS2_PLACEMENT_3D ( 'NONE', #12245, #10311, #1244 ) ;
#10384 = ORIENTED_EDGE ( 'NONE', *, *, #7270, .F. ) ;
#10385 = AXIS2_PLACEMENT_3D ( 'NONE', #10650, #2339, #1390 ) ;
#10386 = CARTESIAN_POINT ( 'NONE',  ( 18.75002500000000438, -0.5499999999999929390, -14.34399999999999586 ) ) ;
#10387 = LINE ( 'NONE', #9453, #8284 ) ;
#10388 = CARTESIAN_POINT ( 'NONE',  ( -35.88585000000000491, 0.5954000000000000403, -14.78124999999999822 ) ) ;
#10389 = FACE_OUTER_BOUND ( 'NONE', #4273, .T. ) ;
#10390 = FACE_BOUND ( 'NONE', #10282, .T. ) ;
#10391 = CARTESIAN_POINT ( 'NONE',  ( 17.31882500000001102, -0.5499999999999931610, 14.53100000000000058 ) ) ;
#10392 = CIRCLE ( 'NONE', #5046, 3.543307086614172263 ) ;
#10393 = LINE ( 'NONE', #1202, #1308 ) ;
#10394 = CARTESIAN_POINT ( 'NONE',  ( 36.02170000000000272, -0.6341000000000001080, -13.78219999999999956 ) ) ;
#10395 = ORIENTED_EDGE ( 'NONE', *, *, #12506, .F. ) ;
#10396 = VERTEX_POINT ( 'NONE', #5952 ) ;
#10397 = CIRCLE ( 'NONE', #6965, 0.1250000000000015266 ) ;
#10398 = ADVANCED_FACE ( 'NONE', ( #13098 ), #3798, .F. ) ;
#10399 = ORIENTED_EDGE ( 'NONE', *, *, #2763, .F. ) ;
#10400 = CIRCLE ( 'NONE', #7838, 0.1565000000000003610 ) ;
#10401 = CIRCLE ( 'NONE', #9125, 0.1565000000000003610 ) ;
#10402 = ORIENTED_EDGE ( 'NONE', *, *, #8912, .T. ) ;
#10403 = CARTESIAN_POINT ( 'NONE',  ( -35.13110000000000355, -0.7999999999999961586, 14.31249999999999822 ) ) ;
#10404 = VERTEX_POINT ( 'NONE', #3929 ) ;
#10405 = LINE ( 'NONE', #1212, #9988 ) ;
#10406 = ORIENTED_EDGE ( 'NONE', *, *, #1581, .T. ) ;
#10407 = DIRECTION ( 'NONE',  ( 0.000000000000000000, 2.967464690054594744E-16, -1.000000000000000000 ) ) ;
#10408 = DIRECTION ( 'NONE',  ( -0.000000000000000000, -2.967464690054594744E-16, 1.000000000000000000 ) ) ;
#10409 = DIRECTION ( 'NONE',  ( -0.000000000000000000, -1.000000000000000000, -1.332348806898293597E-16 ) ) ;
#10410 = VECTOR ( 'NONE', #5304, 39.37007874015748143 ) ;
#10411 = DIRECTION ( 'NONE',  ( 0.000000000000000000, 0.000000000000000000, -1.000000000000000000 ) ) ;
#10412 = EDGE_LOOP ( 'NONE', ( #9951, #12383, #3640, #5783 ) ) ;
#10413 = AXIS2_PLACEMENT_3D ( 'NONE', #8402, #11463, #12343 ) ;
#10414 = EDGE_LOOP ( 'NONE', ( #10145, #7050, #8316, #12000 ) ) ;
#10415 = VECTOR ( 'NONE', #4950, 39.37007874015748143 ) ;
#10416 = ORIENTED_EDGE ( 'NONE', *, *, #5917, .F. ) ;
#10417 = DIRECTION ( 'NONE',  ( 0.000000000000000000, 0.000000000000000000, -1.000000000000000000 ) ) ;
#10418 = DIRECTION ( 'NONE',  ( 0.000000000000000000, 0.000000000000000000, -1.000000000000000000 ) ) ;
#10419 = DIRECTION ( 'NONE',  ( -1.000000000000000000, -0.000000000000000000, -0.000000000000000000 ) ) ;
#10420 = CARTESIAN_POINT ( 'NONE',  ( -35.23450000000000415, -0.6954000000000000181, -1.811549999999999994 ) ) ;
#10421 = EDGE_CURVE ( 'NONE', #3257, #9735, #6980, .T. ) ;
#10422 = CARTESIAN_POINT ( 'NONE',  ( -28.53760000000000474, -0.6953999999999997961, -14.34399999999999942 ) ) ;
#10423 = DIRECTION ( 'NONE',  ( -0.000000000000000000, -1.000000000000000000, -1.332348806898293597E-16 ) ) ;
#10424 = LINE ( 'NONE', #5272, #9245 ) ;
#10425 = DIRECTION ( 'NONE',  ( 0.000000000000000000, -1.000000000000000000, -1.332348806898293597E-16 ) ) ;
#10426 = ADVANCED_FACE ( 'NONE', ( #12174 ), #2725, .F. ) ;
#10427 = ORIENTED_EDGE ( 'NONE', *, *, #7654, .T. ) ;
#10428 = AXIS2_PLACEMENT_3D ( 'NONE', #6487, #1179, #11367 ) ;
#10429 = ORIENTED_EDGE ( 'NONE', *, *, #7729, .T. ) ;
#10430 = ORIENTED_EDGE ( 'NONE', *, *, #3634, .F. ) ;
#10431 = DIRECTION ( 'NONE',  ( 0.000000000000000000, -1.000000000000000000, 0.000000000000000000 ) ) ;
#10432 = VERTEX_POINT ( 'NONE', #7080 ) ;
#10433 = CARTESIAN_POINT ( 'NONE',  ( 35.13110000000001065, -0.5499999999999918288, -14.56249999999997691 ) ) ;
#10434 = CARTESIAN_POINT ( 'NONE',  ( 11.40652500000000025, -0.7999999999999934941, -14.34399999999999764 ) ) ;
#10435 = DIRECTION ( 'NONE',  ( 0.000000000000000000, 0.000000000000000000, -1.000000000000000000 ) ) ;
#10436 = ADVANCED_FACE ( 'NONE', ( #7896 ), #5079, .F. ) ;
#10437 = CIRCLE ( 'NONE', #4657, 0.1565000000000003610 ) ;
#10438 = CARTESIAN_POINT ( 'NONE',  ( 21.26567499999998745, 0.3358499999999960961, -14.67187499999999822 ) ) ;
#10439 = DIRECTION ( 'NONE',  ( 0.000000000000000000, -0.000000000000000000, 1.000000000000000000 ) ) ;
#10440 = EDGE_CURVE ( 'NONE', #8755, #3027, #1709, .T. ) ;
#10441 = FACE_OUTER_BOUND ( 'NONE', #12033, .T. ) ;
#10442 = ORIENTED_EDGE ( 'NONE', *, *, #11245, .F. ) ;
#10443 = DIRECTION ( 'NONE',  ( -0.000000000000000000, -0.000000000000000000, 1.000000000000000000 ) ) ;
#10444 = ORIENTED_EDGE ( 'NONE', *, *, #6698, .F. ) ;
#10445 = AXIS2_PLACEMENT_3D ( 'NONE', #9996, #2955, #798 ) ;
#10446 = CIRCLE ( 'NONE', #2958, 0.1565000000000003610 ) ;
#10447 = EDGE_CURVE ( 'NONE', #5414, #5993, #1207, .T. ) ;
#10448 = VERTEX_POINT ( 'NONE', #11966 ) ;
#10449 = ORIENTED_EDGE ( 'NONE', *, *, #11296, .T. ) ;
#10450 = LINE ( 'NONE', #311, #3527 ) ;
#10451 = CARTESIAN_POINT ( 'NONE',  ( -18.90652500000000913, -0.5499999999999952704, 14.53099999999999703 ) ) ;
#10452 = DIRECTION ( 'NONE',  ( -1.000000000000000000, 0.000000000000000000, 0.000000000000000000 ) ) ;
#10453 = CARTESIAN_POINT ( 'NONE',  ( 36.02170000000000272, -0.6341000000000001080, -13.78219999999999956 ) ) ;
#10454 = CYLINDRICAL_SURFACE ( 'NONE', #4255, 0.1565000000000003610 ) ;
#10455 = DIRECTION ( 'NONE',  ( 0.000000000000000000, 0.000000000000000000, -1.000000000000000000 ) ) ;
#10456 = CYLINDRICAL_SURFACE ( 'NONE', #11526, 0.1565000000000003610 ) ;
#10457 = CIRCLE ( 'NONE', #594, 0.1250000000000037192 ) ;
#10458 = VECTOR ( 'NONE', #2423, 39.37007874015748143 ) ;
#10459 = FACE_OUTER_BOUND ( 'NONE', #6666, .T. ) ;
#10460 = DIRECTION ( 'NONE',  ( -1.000000000000000000, 0.000000000000000000, 0.000000000000000000 ) ) ;
#10461 = EDGE_LOOP ( 'NONE', ( #8816, #13073, #6299, #1242, #10402 ) ) ;
#10462 = AXIS2_PLACEMENT_3D ( 'NONE', #4844, #680, #4779 ) ;
#10463 = ORIENTED_EDGE ( 'NONE', *, *, #856, .F. ) ;
#10464 = ADVANCED_FACE ( 'NONE', ( #6015 ), #10105, .T. ) ;
#10465 = AXIS2_PLACEMENT_3D ( 'NONE', #11513, #1061, #12392 ) ;
#10466 = ORIENTED_EDGE ( 'NONE', *, *, #13196, .F. ) ;
#10467 = VERTEX_POINT ( 'NONE', #12972 ) ;
#10468 = DIRECTION ( 'NONE',  ( -0.000000000000000000, -1.000000000000000000, -1.332348806898293597E-16 ) ) ;
#10469 = VERTEX_POINT ( 'NONE', #2791 ) ;
#10470 = DIRECTION ( 'NONE',  ( 0.000000000000000000, -1.000000000000000000, -2.967464690054594744E-16 ) ) ;
#10471 = EDGE_LOOP ( 'NONE', ( #5988, #11941, #3451, #11111 ) ) ;
#10472 = DIRECTION ( 'NONE',  ( 0.000000000000000000, 2.967464690054594744E-16, -1.000000000000000000 ) ) ;
#10473 = AXIS2_PLACEMENT_3D ( 'NONE', #9826, #7881, #5940 ) ;
#10474 = LINE ( 'NONE', #4376, #381 ) ;
#10475 = CYLINDRICAL_SURFACE ( 'NONE', #4567, 0.2187500000000015821 ) ;
#10476 = EDGE_CURVE ( 'NONE', #4227, #9433, #9970, .T. ) ;
#10477 = CARTESIAN_POINT ( 'NONE',  ( 35.93750000000000000, 0.7000000000000037303, -14.91875000000000462 ) ) ;
#10478 = ORIENTED_EDGE ( 'NONE', *, *, #9495, .F. ) ;
#10479 = ORIENTED_EDGE ( 'NONE', *, *, #13115, .F. ) ;
#10480 = ORIENTED_EDGE ( 'NONE', *, *, #3583, .T. ) ;
#10481 = DIRECTION ( 'NONE',  ( 1.240959386601371334E-16, -1.000000000000000000, 0.000000000000000000 ) ) ;
#10482 = VERTEX_POINT ( 'NONE', #8968 ) ;
#10483 = EDGE_CURVE ( 'NONE', #2675, #1355, #7858, .T. ) ;
#10484 = DIRECTION ( 'NONE',  ( 0.000000000000000000, 0.000000000000000000, 1.000000000000000000 ) ) ;
#10485 = CARTESIAN_POINT ( 'NONE',  ( 36.02170000000000272, -0.2096999999999985820, 13.74999999999999645 ) ) ;
#10486 = LINE ( 'NONE', #4390, #1479 ) ;
#10487 = DIRECTION ( 'NONE',  ( 0.000000000000000000, 0.000000000000000000, -1.000000000000000000 ) ) ;
#10488 = DIRECTION ( 'NONE',  ( 1.000000000000000000, -0.000000000000000000, 0.000000000000000000 ) ) ;
#10489 = FACE_OUTER_BOUND ( 'NONE', #463, .T. ) ;
#10490 = EDGE_CURVE ( 'NONE', #8950, #2749, #11276, .T. ) ;
#10491 = DIRECTION ( 'NONE',  ( 0.000000000000000000, -1.000000000000000000, 0.000000000000000000 ) ) ;
#10492 = DIRECTION ( 'NONE',  ( 0.000000000000000000, 0.000000000000000000, -1.000000000000000000 ) ) ;
#10493 = ORIENTED_EDGE ( 'NONE', *, *, #8366, .F. ) ;
#10494 = ORIENTED_EDGE ( 'NONE', *, *, #10483, .T. ) ;
#10495 = ORIENTED_EDGE ( 'NONE', *, *, #4074, .F. ) ;
#10496 = EDGE_CURVE ( 'NONE', #2598, #12654, #217, .T. ) ;
#10497 = LINE ( 'NONE', #5482, #4259 ) ;
#10498 = EDGE_CURVE ( 'NONE', #413, #1078, #11877, .T. ) ;
#10499 = ORIENTED_EDGE ( 'NONE', *, *, #11964, .T. ) ;
#10500 = DIRECTION ( 'NONE',  ( -0.000000000000000000, -1.000000000000000000, -1.332348806898293597E-16 ) ) ;
#10501 = CARTESIAN_POINT ( 'NONE',  ( 28.53760000000000829, -0.7999999999999923839, 14.53100000000000058 ) ) ;
#10502 = CARTESIAN_POINT ( 'NONE',  ( -28.53760000000000829, -0.6953999999999997961, 14.53100000000000058 ) ) ;
#10503 = DIRECTION ( 'NONE',  ( 0.000000000000000000, 0.000000000000000000, -1.000000000000000000 ) ) ;
#10504 = CARTESIAN_POINT ( 'NONE',  ( 7.640925000000008183, -0.5499999999999936051, -14.34399999999999054 ) ) ;
#10505 = AXIS2_PLACEMENT_3D ( 'NONE', #4671, #7758, #11566 ) ;
#10506 = DIRECTION ( 'NONE',  ( 0.000000000000000000, -1.000000000000000000, -1.332348806898293597E-16 ) ) ;
#10507 = ORIENTED_EDGE ( 'NONE', *, *, #3925, .T. ) ;
#10508 = DIRECTION ( 'NONE',  ( -1.240959386601361473E-16, 1.000000000000000000, 0.000000000000000000 ) ) ;
#10509 = ORIENTED_EDGE ( 'NONE', *, *, #7496, .F. ) ;
#10510 = CIRCLE ( 'NONE', #4724, 0.1565000000000003610 ) ;
#10511 = VERTEX_POINT ( 'NONE', #3303 ) ;
#10512 = EDGE_CURVE ( 'NONE', #10101, #11592, #11674, .T. ) ;
#10513 = VERTEX_POINT ( 'NONE', #2231 ) ;
#10514 = CIRCLE ( 'NONE', #2379, 0.1250000000000015266 ) ;
#10515 = DIRECTION ( 'NONE',  ( 0.000000000000000000, -1.000000000000000000, -2.967464690054594744E-16 ) ) ;
#10516 = DIRECTION ( 'NONE',  ( -0.000000000000000000, -1.000000000000000000, -1.332348806898293597E-16 ) ) ;
#10517 = CARTESIAN_POINT ( 'NONE',  ( 3.593499999999997474, -0.5499999999999939382, -14.34399999999999409 ) ) ;
#10518 = DIRECTION ( 'NONE',  ( 0.000000000000000000, -1.000000000000000000, -2.967464690054594744E-16 ) ) ;
#10519 = DIRECTION ( 'NONE',  ( -0.000000000000000000, -1.000000000000000000, -1.332348806898293597E-16 ) ) ;
#10520 = EDGE_CURVE ( 'NONE', #3151, #5327, #5076, .T. ) ;
#10521 = CARTESIAN_POINT ( 'NONE',  ( -22.20317500000001232, 0.3358499999999960961, 14.67187500000000000 ) ) ;
#10522 = DIRECTION ( 'NONE',  ( -0.000000000000000000, -1.000000000000000000, -1.332348806898293597E-16 ) ) ;
#10523 = ADVANCED_FACE ( 'NONE', ( #2299 ), #3439, .T. ) ;
#10524 = DIRECTION ( 'NONE',  ( 1.000000000000000000, 0.000000000000000000, 0.000000000000000000 ) ) ;
#10525 = DIRECTION ( 'NONE',  ( -1.000000000000000000, -5.463695987328555033E-16, 0.000000000000000000 ) ) ;
#10526 = CIRCLE ( 'NONE', #4540, 0.1565000000000003610 ) ;
#10527 = VERTEX_POINT ( 'NONE', #2430 ) ;
#10528 = AXIS2_PLACEMENT_3D ( 'NONE', #5084, #3259, #7150 ) ;
#10529 = ORIENTED_EDGE ( 'NONE', *, *, #3895, .T. ) ;
#10530 = STYLED_ITEM ( 'NONE', ( #5630 ), #231 ) ;
#10531 = ORIENTED_EDGE ( 'NONE', *, *, #4465, .T. ) ;
#10532 = ORIENTED_EDGE ( 'NONE', *, *, #5548, .F. ) ;
#10533 = AXIS2_PLACEMENT_3D ( 'NONE', #8483, #1423, #7600 ) ;
#10534 = DIRECTION ( 'NONE',  ( -0.000000000000000000, -1.000000000000000000, -1.332348806898293597E-16 ) ) ;
#10535 = ORIENTED_EDGE ( 'NONE', *, *, #11926, .F. ) ;
#10536 = CARTESIAN_POINT ( 'NONE',  ( -7.484424999999999883, -0.7999999999999946043, 14.34400000000001008 ) ) ;
#10537 = ORIENTED_EDGE ( 'NONE', *, *, #3328, .F. ) ;
#10538 = CARTESIAN_POINT ( 'NONE',  ( 35.88585000000000491, 0.5641500000000337911, -14.78124999999999822 ) ) ;
#10539 = EDGE_CURVE ( 'NONE', #6651, #4798, #7400, .T. ) ;
#10540 = DIRECTION ( 'NONE',  ( 0.000000000000000000, -1.000000000000000000, -1.332348806898293597E-16 ) ) ;
#10541 = DIRECTION ( 'NONE',  ( 1.240959386601371334E-16, -1.000000000000000000, 0.000000000000000000 ) ) ;
#10542 = CIRCLE ( 'NONE', #12247, 0.1250000000000037192 ) ;
#10543 = DIRECTION ( 'NONE',  ( 0.000000000000000000, 0.000000000000000000, -1.000000000000000000 ) ) ;
#10544 = EDGE_LOOP ( 'NONE', ( #4661, #2766, #7221, #11675 ) ) ;
#10545 = EDGE_CURVE ( 'NONE', #401, #7682, #2680, .T. ) ;
#10546 = ORIENTED_EDGE ( 'NONE', *, *, #8226, .T. ) ;
#10547 = VERTEX_POINT ( 'NONE', #4386 ) ;
#10548 = DIRECTION ( 'NONE',  ( 0.000000000000000000, 0.000000000000000000, -1.000000000000000000 ) ) ;
#10549 = ORIENTED_EDGE ( 'NONE', *, *, #11169, .F. ) ;
#10550 = CARTESIAN_POINT ( 'NONE',  ( 3.593499999999997474, -0.5499999999999939382, -14.53099999999998992 ) ) ;
#10551 = DIRECTION ( 'NONE',  ( 0.000000000000000000, 0.000000000000000000, -1.000000000000000000 ) ) ;
#10552 = FACE_OUTER_BOUND ( 'NONE', #9548, .T. ) ;
#10553 = CARTESIAN_POINT ( 'NONE',  ( -28.38110000000000355, -0.7999999999999958256, -14.53099999999999348 ) ) ;
#10554 = CARTESIAN_POINT ( 'NONE',  ( 18.90652500000000558, -0.5499999999999929390, 14.53099999999999703 ) ) ;
#10555 = AXIS2_PLACEMENT_3D ( 'NONE', #641, #6503, #3613 ) ;
#10556 = CARTESIAN_POINT ( 'NONE',  ( 26.25002500000000794, -0.5499999999999926059, -14.34399999999999586 ) ) ;
#10557 = LINE ( 'NONE', #1364, #6398 ) ;
#10558 = ORIENTED_EDGE ( 'NONE', *, *, #3714, .F. ) ;
#10559 = ORIENTED_EDGE ( 'NONE', *, *, #5268, .F. ) ;
#10560 = CIRCLE ( 'NONE', #8428, 0.1250000000000015266 ) ;
#10561 = EDGE_CURVE ( 'NONE', #11491, #1086, #8608, .T. ) ;
#10562 = CIRCLE ( 'NONE', #6912, 0.1249999999999993477 ) ;
#10563 = ORIENTED_EDGE ( 'NONE', *, *, #2902, .T. ) ;
#10564 = LINE ( 'NONE', #8563, #817 ) ;
#10565 = ORIENTED_EDGE ( 'NONE', *, *, #10283, .F. ) ;
#10566 = DIRECTION ( 'NONE',  ( 0.000000000000000000, -0.000000000000000000, -1.000000000000000000 ) ) ;
#10567 = DIRECTION ( 'NONE',  ( -1.000000000000000000, -0.000000000000000000, -0.000000000000000000 ) ) ;
#10568 = CARTESIAN_POINT ( 'NONE',  ( 35.23450000000000415, -0.5499999999999918288, 8.436550000000002214 ) ) ;
#10569 = LINE ( 'NONE', #2189, #989 ) ;
#10570 = CARTESIAN_POINT ( 'NONE',  ( 28.53760000000000829, -0.6953999999999963544, -14.53099999999999703 ) ) ;
#10571 = DIRECTION ( 'NONE',  ( 0.000000000000000000, -1.000000000000000000, 0.000000000000000000 ) ) ;
#10572 = ORIENTED_EDGE ( 'NONE', *, *, #3939, .F. ) ;
#10573 = AXIS2_PLACEMENT_3D ( 'NONE', #1233, #10300, #10492 ) ;
#10574 = LINE ( 'NONE', #7693, #6233 ) ;
#10575 = EDGE_LOOP ( 'NONE', ( #10045, #3016 ) ) ;
#10576 = ORIENTED_EDGE ( 'NONE', *, *, #10037, .F. ) ;
#10577 = AXIS2_PLACEMENT_3D ( 'NONE', #1679, #7789, #4766 ) ;
#10578 = ORIENTED_EDGE ( 'NONE', *, *, #8300, .T. ) ;
#10579 = DIRECTION ( 'NONE',  ( 0.000000000000000000, 0.000000000000000000, -1.000000000000000000 ) ) ;
#10580 = DIRECTION ( 'NONE',  ( -0.000000000000000000, -1.000000000000000000, -1.332348806898293597E-16 ) ) ;
#10581 = DIRECTION ( 'NONE',  ( 0.000000000000000000, -1.000000000000000000, -2.967464690054594744E-16 ) ) ;
#10582 = CARTESIAN_POINT ( 'NONE',  ( 18.75002500000000438, -0.5499999999999929390, 14.34400000000000119 ) ) ;
#10583 = LINE ( 'NONE', #10715, #378 ) ;
#10584 = DIRECTION ( 'NONE',  ( 0.000000000000000000, 0.000000000000000000, 1.000000000000000000 ) ) ;
#10585 = EDGE_CURVE ( 'NONE', #9135, #10040, #319, .T. ) ;
#10586 = CARTESIAN_POINT ( 'NONE',  ( -35.93750000000000000, -0.6954000000000036819, 14.89540000000000042 ) ) ;
#10587 = CARTESIAN_POINT ( 'NONE',  ( -36.02170000000000272, 0.6187499999999994671, -14.91875000000000462 ) ) ;
#10588 = ORIENTED_EDGE ( 'NONE', *, *, #6430, .T. ) ;
#10589 = EDGE_CURVE ( 'NONE', #4258, #1122, #12530, .T. ) ;
#10590 = ORIENTED_EDGE ( 'NONE', *, *, #9688, .F. ) ;
#10591 = EDGE_CURVE ( 'NONE', #12941, #12999, #1633, .T. ) ;
#10592 = AXIS2_PLACEMENT_3D ( 'NONE', #8083, #6753, #9711 ) ;
#10593 = ORIENTED_EDGE ( 'NONE', *, *, #3010, .F. ) ;
#10594 = CARTESIAN_POINT ( 'NONE',  ( -11.09352500000000319, -0.5499999999999948264, -14.34399999999999764 ) ) ;
#10595 = ORIENTED_EDGE ( 'NONE', *, *, #6257, .F. ) ;
#10596 = EDGE_CURVE ( 'NONE', #10814, #5462, #9146, .T. ) ;
#10597 = LINE ( 'NONE', #6314, #3980 ) ;
#10598 = ORIENTED_EDGE ( 'NONE', *, *, #7591, .T. ) ;
#10599 = FACE_OUTER_BOUND ( 'NONE', #1530, .T. ) ;
#10600 = ORIENTED_EDGE ( 'NONE', *, *, #5449, .T. ) ;
#10601 = FACE_OUTER_BOUND ( 'NONE', #11371, .T. ) ;
#10602 = AXIS2_PLACEMENT_3D ( 'NONE', #11443, #7500, #2267 ) ;
#10603 = DIRECTION ( 'NONE',  ( 0.000000000000000000, -1.000000000000000000, 0.000000000000000000 ) ) ;
#10604 = DIRECTION ( 'NONE',  ( 0.000000000000000000, -1.000000000000000000, -1.332348806898293597E-16 ) ) ;
#10605 = EDGE_CURVE ( 'NONE', #12369, #5584, #3062, .T. ) ;
#10606 = CYLINDRICAL_SURFACE ( 'NONE', #10857, 0.1565000000000003610 ) ;
#10607 = VECTOR ( 'NONE', #10267, 39.37007874015748143 ) ;
#10608 = ORIENTED_EDGE ( 'NONE', *, *, #7947, .T. ) ;
#10609 = ADVANCED_FACE ( 'NONE', ( #2365 ), #4521, .F. ) ;
#10610 = EDGE_CURVE ( 'NONE', #8780, #281, #5398, .T. ) ;
#10611 = VECTOR ( 'NONE', #1274, 39.37007874015748143 ) ;
#10612 = CIRCLE ( 'NONE', #7183, 0.1250000000000015266 ) ;
#10613 = ORIENTED_EDGE ( 'NONE', *, *, #11391, .T. ) ;
#10614 = EDGE_CURVE ( 'NONE', #10511, #4510, #2069, .T. ) ;
#10615 = ORIENTED_EDGE ( 'NONE', *, *, #4351, .F. ) ;
#10616 = CARTESIAN_POINT ( 'NONE',  ( 17.31882500000001102, -0.6953999999999969095, 13.97959999999999958 ) ) ;
#10617 = VERTEX_POINT ( 'NONE', #4454 ) ;
#10618 = LINE ( 'NONE', #3507, #6262 ) ;
#10619 = DIRECTION ( 'NONE',  ( 0.000000000000000000, -1.000000000000000000, -2.967464690054594744E-16 ) ) ;
#10620 = DIRECTION ( 'NONE',  ( 0.000000000000000000, 0.000000000000000000, -1.000000000000000000 ) ) ;
#10621 = CARTESIAN_POINT ( 'NONE',  ( -35.94045000000000556, -0.7187500000000022204, -13.78219999999999956 ) ) ;
#10622 = FACE_OUTER_BOUND ( 'NONE', #6987, .T. ) ;
#10623 = AXIS2_PLACEMENT_3D ( 'NONE', #2071, #4896, #9119 ) ;
#10624 = CARTESIAN_POINT ( 'NONE',  ( -26.40652500000000913, -0.7999999999999957145, 14.53099999999999703 ) ) ;
#10625 = AXIS2_PLACEMENT_3D ( 'NONE', #6408, #1095, #3246 ) ;
#10626 = LINE ( 'NONE', #3072, #7463 ) ;
#10627 = ORIENTED_EDGE ( 'NONE', *, *, #3864, .T. ) ;
#10628 = VECTOR ( 'NONE', #5171, 39.37007874015748143 ) ;
#10629 = EDGE_CURVE ( 'NONE', #1062, #13070, #12623, .T. ) ;
#10630 = EDGE_LOOP ( 'NONE', ( #11252, #9820 ) ) ;
#10631 = AXIS2_PLACEMENT_3D ( 'NONE', #13271, #11270, #5382 ) ;
#10632 = VERTEX_POINT ( 'NONE', #671 ) ;
#10633 = CARTESIAN_POINT ( 'NONE',  ( 28.38110000000001065, -0.7999999999999923839, 14.34400000000000652 ) ) ;
#10634 = DIRECTION ( 'NONE',  ( 1.000000000000000000, -0.000000000000000000, -0.000000000000000000 ) ) ;
#10635 = LINE ( 'NONE', #1570, #11155 ) ;
#10636 = CARTESIAN_POINT ( 'NONE',  ( -34.89030000000000342, -0.6954000000000027937, 13.78219999999999956 ) ) ;
#10637 = CIRCLE ( 'NONE', #1205, 0.1565000000000003610 ) ;
#10638 = DIRECTION ( 'NONE',  ( 0.000000000000000000, -1.000000000000000000, -2.967464690054594744E-16 ) ) ;
#10639 = DIRECTION ( 'NONE',  ( -1.000000000000000000, 0.000000000000000000, 0.000000000000000000 ) ) ;
#10640 = CARTESIAN_POINT ( 'NONE',  ( -35.93750000000000000, -0.6954000000000036819, 14.86415000000000219 ) ) ;
#10641 = EDGE_CURVE ( 'NONE', #5935, #4387, #1548, .T. ) ;
#10642 = DIRECTION ( 'NONE',  ( -0.000000000000000000, -1.000000000000000000, -1.332348806898293597E-16 ) ) ;
#10643 = ADVANCED_FACE ( 'NONE', ( #1813 ), #12873, .T. ) ;
#10644 = ORIENTED_EDGE ( 'NONE', *, *, #12691, .T. ) ;
#10645 = ORIENTED_EDGE ( 'NONE', *, *, #6914, .F. ) ;
#10646 = CIRCLE ( 'NONE', #13206, 0.03125000000000147798 ) ;
#10647 = VERTEX_POINT ( 'NONE', #7667 ) ;
#10648 = DIRECTION ( 'NONE',  ( 1.240959386601371334E-16, -1.000000000000000000, 0.000000000000000000 ) ) ;
#10649 = EDGE_CURVE ( 'NONE', #3812, #11398, #2280, .T. ) ;
#10650 = CARTESIAN_POINT ( 'NONE',  ( -17.16232500000000627, -0.7999999999999951594, -14.53099999999999170 ) ) ;
#10651 = DIRECTION ( 'NONE',  ( 0.000000000000000000, 0.000000000000000000, -1.000000000000000000 ) ) ;
#10652 = DIRECTION ( 'NONE',  ( -1.000000000000000000, -1.240959386601371334E-16, 0.000000000000000000 ) ) ;
#10653 = DIRECTION ( 'NONE',  ( -5.463695987328555033E-16, 1.000000000000000000, -0.000000000000000000 ) ) ;
#10654 = LENGTH_MEASURE_WITH_UNIT ( LENGTH_MEASURE( 0.02539999999999999897 ), #4426 );
#10655 = CIRCLE ( 'NONE', #7264, 0.1565000000000003610 ) ;
#10656 = DIRECTION ( 'NONE',  ( 0.000000000000000000, 0.000000000000000000, -1.000000000000000000 ) ) ;
#10657 = VERTEX_POINT ( 'NONE', #6916 ) ;
#10658 = AXIS2_PLACEMENT_3D ( 'NONE', #5021, #10051, #1858 ) ;
#10659 = ORIENTED_EDGE ( 'NONE', *, *, #11060, .F. ) ;
#10661 = ORIENTED_EDGE ( 'NONE', *, *, #1356, .T. ) ;
#10660 = EDGE_CURVE ( 'NONE', #12470, #3151, #5784, .T. ) ;
#10662 = ADVANCED_FACE ( 'NONE', ( #4770, #12815 ), #2565, .F. ) ;
#10663 = FACE_BOUND ( 'NONE', #6460, .T. ) ;
#10664 = ORIENTED_EDGE ( 'NONE', *, *, #9539, .T. ) ;
#10665 = VECTOR ( 'NONE', #9811, 39.37007874015748143 ) ;
#10666 = CARTESIAN_POINT ( 'NONE',  ( -20.96537499999999810, -0.5895000000000039098, 14.79687500000000000 ) ) ;
#10667 = ORIENTED_EDGE ( 'NONE', *, *, #3454, .F. ) ;
#10668 = AXIS2_PLACEMENT_3D ( 'NONE', #11756, #1559, #12759 ) ;
#10669 = CARTESIAN_POINT ( 'NONE',  ( 33.63110000000001065, -0.6953999999999957993, -14.43749999999997335 ) ) ;
#10670 = ORIENTED_EDGE ( 'NONE', *, *, #2494, .T. ) ;
#10671 = CARTESIAN_POINT ( 'NONE',  ( 21.89092499999999930, -0.7999999999999928280, -14.34399999999999764 ) ) ;
#10672 = EDGE_CURVE ( 'NONE', #7957, #1040, #9776, .T. ) ;
#10673 = AXIS2_PLACEMENT_3D ( 'NONE', #8275, #10540, #139 ) ;
#10674 = CARTESIAN_POINT ( 'NONE',  ( -20.96537499999999810, 0.3358499999999960961, 14.79687500000000000 ) ) ;
#10675 = FACE_BOUND ( 'NONE', #3588, .T. ) ;
#10676 = VECTOR ( 'NONE', #1822, 39.37007874015748143 ) ;
#10677 = CARTESIAN_POINT ( 'NONE',  ( 22.50347500000000167, -0.5895000000000039098, 14.79687500000000000 ) ) ;
#10678 = ORIENTED_EDGE ( 'NONE', *, *, #12954, .F. ) ;
#10679 = ORIENTED_EDGE ( 'NONE', *, *, #4115, .T. ) ;
#10680 = AXIS2_PLACEMENT_3D ( 'NONE', #1699, #1834, #11084 ) ;
#10681 = ORIENTED_EDGE ( 'NONE', *, *, #10649, .T. ) ;
#10682 = DIRECTION ( 'NONE',  ( -5.463695987328555033E-16, 1.000000000000000000, -0.000000000000000000 ) ) ;
#10683 = ORIENTED_EDGE ( 'NONE', *, *, #9210, .T. ) ;
#10684 = CARTESIAN_POINT ( 'NONE',  ( 35.91710000000000491, -0.6340999999999995529, 14.78124999999999822 ) ) ;
#10685 = ADVANCED_FACE ( 'NONE', ( #5658 ), #13007, .F. ) ;
#10686 = CIRCLE ( 'NONE', #7225, 0.1565000000000003610 ) ;
#10687 = CARTESIAN_POINT ( 'NONE',  ( -36.02170000000000272, -0.6341000000000001080, -13.78219999999999956 ) ) ;
#10688 = DIRECTION ( 'NONE',  ( -0.000000000000000000, -1.000000000000000000, -1.332348806898293597E-16 ) ) ;
#10689 = LINE ( 'NONE', #2699, #11722 ) ;
#10690 = CARTESIAN_POINT ( 'NONE',  ( 7.484424999999999883, -0.6953999999999975756, 14.53100000000000591 ) ) ;
#10691 = FACE_OUTER_BOUND ( 'NONE', #9966, .T. ) ;
#10692 = DIRECTION ( 'NONE',  ( 0.000000000000000000, 1.332348806898293597E-16, -1.000000000000000000 ) ) ;
#10693 = EDGE_CURVE ( 'NONE', #9880, #5977, #1684, .T. ) ;
#10694 = VERTEX_POINT ( 'NONE', #10739 ) ;
#10695 = ORIENTED_EDGE ( 'NONE', *, *, #2660, .T. ) ;
#10696 = ORIENTED_EDGE ( 'NONE', *, *, #325, .T. ) ;
#10697 = PLANE ( 'NONE',  #8337 ) ;
#10698 = CARTESIAN_POINT ( 'NONE',  ( -35.88585000000000491, 0.5641500000000000403, 14.78124999999999822 ) ) ;
#10699 = LINE ( 'NONE', #3523, #7387 ) ;
#10700 = CARTESIAN_POINT ( 'NONE',  ( 7.640925000000008183, -0.6954000000000000181, -14.34399999999999054 ) ) ;
#10701 = DIRECTION ( 'NONE',  ( 0.000000000000000000, 0.000000000000000000, 1.000000000000000000 ) ) ;
#10702 = EDGE_CURVE ( 'NONE', #8670, #9188, #13185, .T. ) ;
#10703 = CARTESIAN_POINT ( 'NONE',  ( 3.593500000000001915, -0.5499999999999939382, 14.53100000000000058 ) ) ;
#10704 = CARTESIAN_POINT ( 'NONE',  ( -17.00582500000000508, -0.7999999999999951594, -14.34399999999999764 ) ) ;
#10705 = VERTEX_POINT ( 'NONE', #6718 ) ;
#10706 = EDGE_CURVE ( 'NONE', #2904, #8557, #9739, .T. ) ;
#10707 = EDGE_CURVE ( 'NONE', #10072, #1630, #10840, .T. ) ;
#10708 = VERTEX_POINT ( 'NONE', #6782 ) ;
#10709 = CIRCLE ( 'NONE', #7077, 0.2187500000000015821 ) ;
#10710 = ORIENTED_EDGE ( 'NONE', *, *, #149, .F. ) ;
#10711 = DIRECTION ( 'NONE',  ( 1.000000000000000000, 1.240959386601361473E-16, 0.000000000000000000 ) ) ;
#10712 = FILL_AREA_STYLE_COLOUR ( '', #3674 ) ;
#10713 = CARTESIAN_POINT ( 'NONE',  ( 21.89067499999999455, -0.4299000000000038346, 2.539385547245945812E-15 ) ) ;
#10714 = CYLINDRICAL_SURFACE ( 'NONE', #13173, 0.1250000000000037192 ) ;
#10715 = CARTESIAN_POINT ( 'NONE',  ( 18.90652500000000558, -0.5499999999999929390, -14.53099999999999170 ) ) ;
#10716 = CARTESIAN_POINT ( 'NONE',  ( -18.75002500000000794, -0.5499999999999952704, 14.34400000000000119 ) ) ;
#10717 = DIRECTION ( 'NONE',  ( -0.000000000000000000, -1.000000000000000000, -1.332348806898293597E-16 ) ) ;
#10718 = DIRECTION ( 'NONE',  ( -0.000000000000000000, -1.000000000000000000, -1.332348806898293597E-16 ) ) ;
#10719 = ORIENTED_EDGE ( 'NONE', *, *, #4948, .F. ) ;
#10720 = ORIENTED_EDGE ( 'NONE', *, *, #5581, .F. ) ;
#10721 = AXIS2_PLACEMENT_3D ( 'NONE', #3382, #3581, #7477 ) ;
#10722 = VERTEX_POINT ( 'NONE', #8867 ) ;
#10723 = DIRECTION ( 'NONE',  ( 1.000000000000000000, -0.000000000000000000, 0.000000000000000000 ) ) ;
#10724 = ADVANCED_FACE ( 'NONE', ( #10799, #12938 ), #10868, .T. ) ;
#10725 = ORIENTED_EDGE ( 'NONE', *, *, #2162, .T. ) ;
#10726 = DIRECTION ( 'NONE',  ( 0.000000000000000000, 0.000000000000000000, -1.000000000000000000 ) ) ;
#10727 = ORIENTED_EDGE ( 'NONE', *, *, #2334, .F. ) ;
#10728 = ORIENTED_EDGE ( 'NONE', *, *, #12315, .T. ) ;
#10729 = CARTESIAN_POINT ( 'NONE',  ( -26.25002500000000794, -0.6953999999999996851, 14.34400000000000119 ) ) ;
#10730 = AXIS2_PLACEMENT_3D ( 'NONE', #1332, #5374, #2275 ) ;
#10731 = CARTESIAN_POINT ( 'NONE',  ( -21.95317500000000521, -0.4299000000000040012, -14.42187500000001066 ) ) ;
#10732 = FACE_OUTER_BOUND ( 'NONE', #8635, .T. ) ;
#10733 = CARTESIAN_POINT ( 'NONE',  ( -18.59352500000001385, -0.7999999999999999334, 14.34400000000000119 ) ) ;
#10734 = CARTESIAN_POINT ( 'NONE',  ( 21.73442499999999100, -0.4299000000000040012, 14.42187500000000178 ) ) ;
#10735 = EDGE_LOOP ( 'NONE', ( #12871, #5511 ) ) ;
#10736 = VECTOR ( 'NONE', #3116, 39.37007874015748143 ) ;
#10737 = ORIENTED_EDGE ( 'NONE', *, *, #12676, .F. ) ;
#10738 = ORIENTED_EDGE ( 'NONE', *, *, #12403, .T. ) ;
#10739 = CARTESIAN_POINT ( 'NONE',  ( -35.93750000000000000, 0.5954000000000035930, -14.86415000000000397 ) ) ;
#10740 = VERTEX_POINT ( 'NONE', #9935 ) ;
#10741 = CARTESIAN_POINT ( 'NONE',  ( -21.57817500000000521, -0.6207000000000038042, 2.539385547245945812E-15 ) ) ;
#10742 = CARTESIAN_POINT ( 'NONE',  ( -33.63110000000000355, -0.5499999999999960476, 14.43750000000000178 ) ) ;
#10743 = PLANE ( 'NONE',  #9201 ) ;
#10744 = DIRECTION ( 'NONE',  ( 0.000000000000000000, 0.000000000000000000, -1.000000000000000000 ) ) ;
#10745 = CARTESIAN_POINT ( 'NONE',  ( -7.327924999999998690, -0.6954000000000000181, -14.34399999999999054 ) ) ;
#10746 = DIRECTION ( 'NONE',  ( -1.240959386601361473E-16, 1.000000000000000000, 0.000000000000000000 ) ) ;
#10747 = FACE_OUTER_BOUND ( 'NONE', #2997, .T. ) ;
#10748 = AXIS2_PLACEMENT_3D ( 'NONE', #5322, #335, #8598 ) ;
#10749 = VERTEX_POINT ( 'NONE', #605 ) ;
#10750 = EDGE_CURVE ( 'NONE', #7447, #6969, #2924, .T. ) ;
#10751 = ORIENTED_EDGE ( 'NONE', *, *, #805, .T. ) ;
#10752 = EDGE_LOOP ( 'NONE', ( #7330, #4993, #1339, #842, #3375 ) ) ;
#10753 = CARTESIAN_POINT ( 'NONE',  ( -33.63110000000000355, -0.5499999999999960476, 14.31249999999999822 ) ) ;
#10754 = AXIS2_PLACEMENT_3D ( 'NONE', #10774, #5762, #8709 ) ;
#10755 = CARTESIAN_POINT ( 'NONE',  ( 35.93750000000000000, -0.8000000000000000444, -14.91875000000000107 ) ) ;
#10756 = CARTESIAN_POINT ( 'NONE',  ( 18.90652500000000558, -0.7999999999999929390, -14.34399999999999586 ) ) ;
#10757 = DIRECTION ( 'NONE',  ( 0.000000000000000000, 0.000000000000000000, -1.000000000000000000 ) ) ;
#10758 = FACE_OUTER_BOUND ( 'NONE', #456, .T. ) ;
#10759 = DIRECTION ( 'NONE',  ( -0.000000000000000000, -0.000000000000000000, 1.000000000000000000 ) ) ;
#10760 = EDGE_CURVE ( 'NONE', #3288, #11075, #5293, .T. ) ;
#10761 = DIRECTION ( 'NONE',  ( 0.000000000000000000, -1.000000000000000000, -1.332348806898293597E-16 ) ) ;
#10762 = VERTEX_POINT ( 'NONE', #2765 ) ;
#10763 = AXIS2_PLACEMENT_3D ( 'NONE', #2589, #4670, #10826 ) ;
#10764 = VECTOR ( 'NONE', #7526, 39.37007874015748143 ) ;
#10765 = ADVANCED_FACE ( 'NONE', ( #5183 ), #5990, .F. ) ;
#10766 = ORIENTED_EDGE ( 'NONE', *, *, #9917, .T. ) ;
#10768 = EDGE_CURVE ( 'NONE', #11525, #2925, #4433, .T. ) ;
#10767 = ORIENTED_EDGE ( 'NONE', *, *, #11134, .T. ) ;
#10769 = LINE ( 'NONE', #2459, #738 ) ;
#10770 = CARTESIAN_POINT ( 'NONE',  ( 35.93750000000000000, -0.7187500000000001110, 14.91875000000000107 ) ) ;
#10772 = CARTESIAN_POINT ( 'NONE',  ( -35.91710000000000491, 0.5954000000000000403, -14.78124999999999822 ) ) ;
#10771 = AXIS2_PLACEMENT_3D ( 'NONE', #2686, #7987, #1879 ) ;
#10773 = DIRECTION ( 'NONE',  ( 0.000000000000000000, 0.000000000000000000, 1.000000000000000000 ) ) ;
#10774 = CARTESIAN_POINT ( 'NONE',  ( 7.327924999999998690, -0.5499999999999936051, 14.53100000000000591 ) ) ;
#10775 = AXIS2_PLACEMENT_3D ( 'NONE', #355, #3445, #7540 ) ;
#10776 = CARTESIAN_POINT ( 'NONE',  ( -3.593499999999997474, -0.6954000000000036819, 14.53100000000000058 ) ) ;
#10777 = PLANE ( 'NONE',  #6588 ) ;
#10778 = CARTESIAN_POINT ( 'NONE',  ( -3.749999999999997780, -0.7999999999999943823, -14.53099999999998815 ) ) ;
#10779 = EDGE_LOOP ( 'NONE', ( #8059, #9752, #6194, #2458, #4710, #2640, #9137, #10645 ) ) ;
#10780 = VERTEX_POINT ( 'NONE', #4169 ) ;
#10781 = CIRCLE ( 'NONE', #1367, 0.1250000000000037192 ) ;
#10783 = ORIENTED_EDGE ( 'NONE', *, *, #9011, .F. ) ;
#10782 = EDGE_CURVE ( 'NONE', #3863, #4709, #10074, .T. ) ;
#10784 = CARTESIAN_POINT ( 'NONE',  ( -34.89030000000000342, -0.6954000000000027937, 13.78219999999999956 ) ) ;
#10785 = ORIENTED_EDGE ( 'NONE', *, *, #2034, .T. ) ;
#10786 = CARTESIAN_POINT ( 'NONE',  ( 35.23450000000000415, -0.7999999999999917177, 8.436550000000002214 ) ) ;
#10787 = ORIENTED_EDGE ( 'NONE', *, *, #8347, .T. ) ;
#10788 = VERTEX_POINT ( 'NONE', #12070 ) ;
#10789 = CARTESIAN_POINT ( 'NONE',  ( -36.02170000000000272, 0.6999999999999995115, 14.78124999999999822 ) ) ;
#10790 = DIRECTION ( 'NONE',  ( 0.000000000000000000, 0.000000000000000000, -1.000000000000000000 ) ) ;
#10791 = CARTESIAN_POINT ( 'NONE',  ( -17.31882500000000391, -0.5499999999999952704, -14.53099999999999348 ) ) ;
#10792 = DIRECTION ( 'NONE',  ( 1.000000000000000000, 5.463695987328555033E-16, 0.000000000000000000 ) ) ;
#10793 = DIRECTION ( 'NONE',  ( 1.000000000000000000, -0.000000000000000000, -0.000000000000000000 ) ) ;
#10794 = ORIENTED_EDGE ( 'NONE', *, *, #7247, .F. ) ;
#10795 = EDGE_CURVE ( 'NONE', #4103, #1579, #4101, .T. ) ;
#10796 = VERTEX_POINT ( 'NONE', #874 ) ;
#10797 = AXIS2_PLACEMENT_3D ( 'NONE', #13029, #3853, #3785 ) ;
#10798 = ORIENTED_EDGE ( 'NONE', *, *, #10377, .T. ) ;
#10799 = FACE_BOUND ( 'NONE', #3160, .T. ) ;
#10800 = EDGE_LOOP ( 'NONE', ( #7776, #12367, #8412, #6840, #11165 ) ) ;
#10801 = ORIENTED_EDGE ( 'NONE', *, *, #123, .F. ) ;
#10802 = DIRECTION ( 'NONE',  ( -0.000000000000000000, -1.000000000000000000, -1.332348806898293597E-16 ) ) ;
#10803 = AXIS2_PLACEMENT_3D ( 'NONE', #3215, #6501, #9583 ) ;
#10804 = CARTESIAN_POINT ( 'NONE',  ( 35.23450000000000415, -0.6953999999999956882, -8.436549999999973792 ) ) ;
#10805 = CARTESIAN_POINT ( 'NONE',  ( 17.31882500000001102, -0.5499999999999931610, 14.53100000000000058 ) ) ;
#10806 = LINE ( 'NONE', #9813, #1647 ) ;
#10807 = DIRECTION ( 'NONE',  ( 0.000000000000000000, -1.000000000000000000, -2.967464690054594744E-16 ) ) ;
#10808 = ADVANCED_FACE ( 'NONE', ( #4983 ), #3164, .F. ) ;
#10809 = CARTESIAN_POINT ( 'NONE',  ( 7.640925000000008183, -0.5499999999999936051, -14.34399999999999054 ) ) ;
#10810 = CARTESIAN_POINT ( 'NONE',  ( -35.93750000000000000, -0.8000000000000000444, 15.00000000000000000 ) ) ;
#10811 = ORIENTED_EDGE ( 'NONE', *, *, #3434, .T. ) ;
#10812 = VECTOR ( 'NONE', #6193, 39.37007874015748143 ) ;
#10813 = AXIS2_PLACEMENT_3D ( 'NONE', #6284, #4405, #2384 ) ;
#10814 = VERTEX_POINT ( 'NONE', #12138 ) ;
#10815 = ORIENTED_EDGE ( 'NONE', *, *, #9272, .F. ) ;
#10816 = ORIENTED_EDGE ( 'NONE', *, *, #10142, .F. ) ;
#10817 = ADVANCED_FACE ( 'NONE', ( #10279 ), #2968, .F. ) ;
#10818 = AXIS2_PLACEMENT_3D ( 'NONE', #2003, #4963, #13120 ) ;
#10819 = CARTESIAN_POINT ( 'NONE',  ( -32.13110000000000355, -0.6954000000000000181, 14.34400000000000652 ) ) ;
#10820 = CARTESIAN_POINT ( 'NONE',  ( -11.25002500000000794, -0.5499999999999948264, 14.18750000000000533 ) ) ;
#10821 = DIRECTION ( 'NONE',  ( 0.000000000000000000, -1.000000000000000000, -2.967464690054594744E-16 ) ) ;
#10822 = LINE ( 'NONE', #4792, #10848 ) ;
#10823 = ADVANCED_FACE ( 'NONE', ( #13071 ), #6122, .F. ) ;
#10824 = SHAPE_DEFINITION_REPRESENTATION ( #1121, #12081 ) ;
#10825 = DIRECTION ( 'NONE',  ( 0.000000000000000000, 0.000000000000000000, -1.000000000000000000 ) ) ;
#10826 = DIRECTION ( 'NONE',  ( 0.000000000000000000, 0.000000000000000000, -1.000000000000000000 ) ) ;
#10827 = VECTOR ( 'NONE', #2736, 39.37007874015748143 ) ;
#10828 = CARTESIAN_POINT ( 'NONE',  ( 28.38110000000001065, -0.7999999999999923839, 14.18750000000000533 ) ) ;
#10829 = ORIENTED_EDGE ( 'NONE', *, *, #5987, .F. ) ;
#10830 = AXIS2_PLACEMENT_3D ( 'NONE', #10217, #8203, #7187 ) ;
#10831 = AXIS2_PLACEMENT_3D ( 'NONE', #2057, #9243, #12038 ) ;
#10832 = EDGE_CURVE ( 'NONE', #5185, #6526, #6055, .T. ) ;
#10833 = ORIENTED_EDGE ( 'NONE', *, *, #149, .T. ) ;
#10834 = EDGE_CURVE ( 'NONE', #1882, #5228, #8270, .T. ) ;
#10835 = ORIENTED_EDGE ( 'NONE', *, *, #11473, .F. ) ;
#10836 = FACE_OUTER_BOUND ( 'NONE', #10471, .T. ) ;
#10837 =( CONVERSION_BASED_UNIT ( 'INCH', #1456 ) LENGTH_UNIT ( ) NAMED_UNIT ( #12063 ) );
#10838 = DIRECTION ( 'NONE',  ( 0.000000000000000000, -1.000000000000000000, -2.967464690054594744E-16 ) ) ;
#10840 = CIRCLE ( 'NONE', #7208, 0.1565000000000003610 ) ;
#10839 = LINE ( 'NONE', #5692, #5063 ) ;
#10841 = LINE ( 'NONE', #1522, #11393 ) ;
#10842 = DIRECTION ( 'NONE',  ( 0.000000000000000000, 0.000000000000000000, 1.000000000000000000 ) ) ;
#10843 = DIRECTION ( 'NONE',  ( -0.000000000000000000, -1.000000000000000000, -1.332348806898293597E-16 ) ) ;
#10844 = CYLINDRICAL_SURFACE ( 'NONE', #875, 0.1249999999999993477 ) ;
#10845 = ORIENTED_EDGE ( 'NONE', *, *, #3642, .T. ) ;
#10846 = ORIENTED_EDGE ( 'NONE', *, *, #12155, .F. ) ;
#10847 = ADVANCED_FACE ( 'NONE', ( #7254, #2154, #10144, #10213, #5048, #10005, #13203, #2089 ), #12276, .F. ) ;
#10848 = VECTOR ( 'NONE', #12962, 39.37007874015748143 ) ;
#10849 = ORIENTED_EDGE ( 'NONE', *, *, #4701, .F. ) ;
#10850 = DIRECTION ( 'NONE',  ( 0.000000000000000000, 0.000000000000000000, -1.000000000000000000 ) ) ;
#10851 = ORIENTED_EDGE ( 'NONE', *, *, #11979, .F. ) ;
#10852 = FACE_OUTER_BOUND ( 'NONE', #2333, .T. ) ;
#10853 = ORIENTED_EDGE ( 'NONE', *, *, #6437, .F. ) ;
#10854 = ORIENTED_EDGE ( 'NONE', *, *, #3584, .F. ) ;
#10855 = LINE ( 'NONE', #1673, #3114 ) ;
#10856 = CARTESIAN_POINT ( 'NONE',  ( 7.327924999999998690, -0.7999999999999936051, 14.53100000000000591 ) ) ;
#10857 = AXIS2_PLACEMENT_3D ( 'NONE', #8279, #1218, #10543 ) ;
#10858 = CARTESIAN_POINT ( 'NONE',  ( -18.75002500000000794, -0.5499999999999952704, 14.34400000000000119 ) ) ;
#10859 = CARTESIAN_POINT ( 'NONE',  ( 7.640925000000000189, -0.7999999999999936051, 14.53100000000000591 ) ) ;
#10860 = ORIENTED_EDGE ( 'NONE', *, *, #12825, .F. ) ;
#10861 = ADVANCED_FACE ( 'NONE', ( #7118 ), #4912, .F. ) ;
#10862 = AXIS2_PLACEMENT_3D ( 'NONE', #4161, #4092, #8260 ) ;
#10863 = ORIENTED_EDGE ( 'NONE', *, *, #6100, .F. ) ;
#10864 = CIRCLE ( 'NONE', #7454, 0.1249999999999993477 ) ;
#10865 = EDGE_CURVE ( 'NONE', #1286, #10722, #9967, .T. ) ;
#10866 = CIRCLE ( 'NONE', #1025, 0.1565000000000003610 ) ;
#10867 = ORIENTED_EDGE ( 'NONE', *, *, #9272, .T. ) ;
#10868 = PLANE ( 'NONE',  #12556 ) ;
#10869 = ORIENTED_EDGE ( 'NONE', *, *, #9648, .T. ) ;
#10870 = ORIENTED_EDGE ( 'NONE', *, *, #13015, .F. ) ;
#10871 = LINE ( 'NONE', #1817, #5826 ) ;
#10872 = CARTESIAN_POINT ( 'NONE',  ( -21.29692500000000166, -0.6207000000000038042, -13.92187500000001066 ) ) ;
#10873 = DIRECTION ( 'NONE',  ( -1.000000000000000000, 1.330272688773011840E-16, -0.000000000000000000 ) ) ;
#10874 = CARTESIAN_POINT ( 'NONE',  ( 35.93750000000000000, 0.000000000000000000, 0.000000000000000000 ) ) ;
#10875 = DIRECTION ( 'NONE',  ( -1.000000000000000000, -0.000000000000000000, -0.000000000000000000 ) ) ;
#10876 = CARTESIAN_POINT ( 'NONE',  ( -11.25002500000000438, -0.6953999999999987969, -14.34399999999999764 ) ) ;
#10877 = ORIENTED_EDGE ( 'NONE', *, *, #11156, .F. ) ;
#10878 = VERTEX_POINT ( 'NONE', #2019 ) ;
#10879 = CIRCLE ( 'NONE', #9606, 0.1565000000000003610 ) ;
#10880 = ORIENTED_EDGE ( 'NONE', *, *, #3011, .T. ) ;
#10881 = MECHANICAL_DESIGN_GEOMETRIC_PRESENTATION_REPRESENTATION (  '', ( #5951 ), #1681 ) ;
#10882 = VERTEX_POINT ( 'NONE', #1011 ) ;
#10883 = LINE ( 'NONE', #13085, #1465 ) ;
#10884 = EDGE_CURVE ( 'NONE', #1420, #8365, #2467, .T. ) ;
#10885 = LINE ( 'NONE', #760, #3967 ) ;
#10886 = DIRECTION ( 'NONE',  ( -0.000000000000000000, -1.229331597148918448E-16, 1.000000000000000000 ) ) ;
#10887 = DIRECTION ( 'NONE',  ( -0.000000000000000000, -1.000000000000000000, -1.332348806898293597E-16 ) ) ;
#10888 = DIRECTION ( 'NONE',  ( -1.000000000000000000, 0.000000000000000000, 0.000000000000000000 ) ) ;
#10889 = CARTESIAN_POINT ( 'NONE',  ( -36.02170000000000272, -0.2096999999999985820, 6.000000000000003553 ) ) ;
#10890 = CARTESIAN_POINT ( 'NONE',  ( 21.37157499999998933, -0.6207000000000035822, 14.79687500000000000 ) ) ;
#10891 = AXIS2_PLACEMENT_3D ( 'NONE', #3443, #6472, #12493 ) ;
#10892 = VERTEX_POINT ( 'NONE', #3228 ) ;
#10893 = ORIENTED_EDGE ( 'NONE', *, *, #10022, .T. ) ;
#10894 = CARTESIAN_POINT ( 'NONE',  ( -21.95317500000000521, -0.6207000000000038042, -14.42187500000001066 ) ) ;
#10895 = EDGE_LOOP ( 'NONE', ( #3125, #12258, #7747, #5798 ) ) ;
#10896 = ORIENTED_EDGE ( 'NONE', *, *, #6712, .T. ) ;
#10897 = CARTESIAN_POINT ( 'NONE',  ( 3.906500000000002526, -0.6954000000000036819, 14.53100000000000058 ) ) ;
#10898 = CARTESIAN_POINT ( 'NONE',  ( -26.09352499999999964, -0.6954000000000000181, -14.34399999999999586 ) ) ;
#10899 = DIRECTION ( 'NONE',  ( -1.240959386601361473E-16, 1.000000000000000000, 0.000000000000000000 ) ) ;
#10900 = DIRECTION ( 'NONE',  ( -1.240959386601361473E-16, 1.000000000000000000, 0.000000000000000000 ) ) ;
#10901 = DIRECTION ( 'NONE',  ( 0.000000000000000000, -1.000000000000000000, -1.332348806898293597E-16 ) ) ;
#10902 = CARTESIAN_POINT ( 'NONE',  ( 35.23450000000000415, -0.7999999999999917177, -8.436549999999973792 ) ) ;
#10903 = DIRECTION ( 'NONE',  ( -0.000000000000000000, -1.000000000000000000, -1.332348806898293597E-16 ) ) ;
#10904 = DIRECTION ( 'NONE',  ( -0.000000000000000000, -1.000000000000000000, -1.332348806898293597E-16 ) ) ;
#10905 = DIRECTION ( 'NONE',  ( 0.000000000000000000, -1.000000000000000000, -2.967464690054594744E-16 ) ) ;
#10906 = ORIENTED_EDGE ( 'NONE', *, *, #1562, .F. ) ;
#10907 = ORIENTED_EDGE ( 'NONE', *, *, #3368, .T. ) ;
#10908 = EDGE_CURVE ( 'NONE', #3570, #7784, #5317, .T. ) ;
#10909 = VECTOR ( 'NONE', #716, 39.37007874015748143 ) ;
#10910 = ORIENTED_EDGE ( 'NONE', *, *, #9046, .T. ) ;
#10911 = LINE ( 'NONE', #12120, #11094 ) ;
#10912 = ORIENTED_EDGE ( 'NONE', *, *, #9681, .F. ) ;
#10913 = ADVANCED_FACE ( 'NONE', ( #7518 ), #4507, .F. ) ;
#10914 = LINE ( 'NONE', #8919, #4823 ) ;
#10915 = ORIENTED_EDGE ( 'NONE', *, *, #8168, .T. ) ;
#10916 = ORIENTED_EDGE ( 'NONE', *, *, #11947, .F. ) ;
#10917 = DIRECTION ( 'NONE',  ( -0.000000000000000000, -1.000000000000000000, -1.332348806898293597E-16 ) ) ;
#10918 = EDGE_CURVE ( 'NONE', #9149, #570, #10597, .T. ) ;
#10919 = DIRECTION ( 'NONE',  ( 0.000000000000000000, 0.000000000000000000, -1.000000000000000000 ) ) ;
#10920 = CARTESIAN_POINT ( 'NONE',  ( 21.34037499999998744, -0.5895000000000039098, 14.79687500000000000 ) ) ;
#10921 = CARTESIAN_POINT ( 'NONE',  ( -35.94045000000000556, 0.6999999999999995115, -14.78124999999999822 ) ) ;
#10922 = CARTESIAN_POINT ( 'NONE',  ( -35.23450000000000415, -0.6954000000000000181, 8.311550000000000438 ) ) ;
#10923 = ORIENTED_EDGE ( 'NONE', *, *, #3634, .T. ) ;
#10924 = AXIS2_PLACEMENT_3D ( 'NONE', #1799, #793, #12055 ) ;
#10925 = CIRCLE ( 'NONE', #4088, 0.1250000000000037192 ) ;
#10926 = ORIENTED_EDGE ( 'NONE', *, *, #6298, .T. ) ;
#10927 = VERTEX_POINT ( 'NONE', #331 ) ;
#10929 = CIRCLE ( 'NONE', #5606, 0.2499999999999986955 ) ;
#10928 = CARTESIAN_POINT ( 'NONE',  ( -21.35942500000000521, -0.4299000000000038346, 2.512596398514597499E-15 ) ) ;
#10930 = ORIENTED_EDGE ( 'NONE', *, *, #9048, .T. ) ;
#10931 = EDGE_CURVE ( 'NONE', #7101, #12206, #4193, .T. ) ;
#10932 = CARTESIAN_POINT ( 'NONE',  ( 33.63110000000000355, -0.7999999999999918288, 14.43750000000000178 ) ) ;
#10933 = VERTEX_POINT ( 'NONE', #4437 ) ;
#10934 = FACE_BOUND ( 'NONE', #2106, .T. ) ;
#10935 = DIRECTION ( 'NONE',  ( 1.240959386601371334E-16, -1.000000000000000000, 0.000000000000000000 ) ) ;
#10936 = CARTESIAN_POINT ( 'NONE',  ( 26.25002500000000794, -0.5499999999999926059, -14.68749999999999112 ) ) ;
#10937 = CARTESIAN_POINT ( 'NONE',  ( -21.73442500000000877, -0.7999999999999953815, 14.34400000000000652 ) ) ;
#10938 = DIRECTION ( 'NONE',  ( 0.000000000000000000, -1.000000000000000000, -1.332348806898293597E-16 ) ) ;
#10939 = ORIENTED_EDGE ( 'NONE', *, *, #5565, .F. ) ;
#10940 = ADVANCED_FACE ( 'NONE', ( #2417 ), #8594, .F. ) ;
#10942 = EDGE_LOOP ( 'NONE', ( #6838, #8724, #4760, #7031, #7893 ) ) ;
#10941 = AXIS2_PLACEMENT_3D ( 'NONE', #4028, #5983, #4904 ) ;
#10943 = CIRCLE ( 'NONE', #5396, 0.1249999999999993477 ) ;
#10944 = VERTEX_POINT ( 'NONE', #134 ) ;
#10945 = ORIENTED_EDGE ( 'NONE', *, *, #6867, .F. ) ;
#10946 = LINE ( 'NONE', #2913, #3829 ) ;
#10947 = CARTESIAN_POINT ( 'NONE',  ( 36.02170047244094775, -0.2096999999999985820, -13.74999999999999645 ) ) ;
#10948 = LINE ( 'NONE', #5872, #2373 ) ;
#10949 = DIRECTION ( 'NONE',  ( -0.000000000000000000, -2.967464690054594744E-16, 1.000000000000000000 ) ) ;
#10950 = DIRECTION ( 'NONE',  ( -1.000000000000000000, 0.000000000000000000, -0.000000000000000000 ) ) ;
#10951 = DIRECTION ( 'NONE',  ( -0.000000000000000000, -1.000000000000000000, -1.332348806898293597E-16 ) ) ;
#10952 = AXIS2_PLACEMENT_3D ( 'NONE', #3462, #2521, #6740 ) ;
#10953 = DIRECTION ( 'NONE',  ( -0.000000000000000000, -0.000000000000000000, -1.000000000000000000 ) ) ;
#10954 = ORIENTED_EDGE ( 'NONE', *, *, #3905, .T. ) ;
#10955 = EDGE_CURVE ( 'NONE', #3134, #12992, #5248, .T. ) ;
#10956 = ORIENTED_EDGE ( 'NONE', *, *, #8673, .T. ) ;
#10957 = DIRECTION ( 'NONE',  ( -0.000000000000000000, -1.000000000000000000, -1.332348806898293597E-16 ) ) ;
#10958 = ORIENTED_EDGE ( 'NONE', *, *, #5768, .F. ) ;
#10959 = ORIENTED_EDGE ( 'NONE', *, *, #3685, .F. ) ;
#10960 = FACE_OUTER_BOUND ( 'NONE', #12789, .T. ) ;
#10961 = CARTESIAN_POINT ( 'NONE',  ( -32.28760000000000474, -0.6953999999999999071, -14.89540000000000042 ) ) ;
#10962 = CARTESIAN_POINT ( 'NONE',  ( -21.54692500000000521, -0.6954000000000040149, 13.92187500000000178 ) ) ;
#10963 = DIRECTION ( 'NONE',  ( -1.000000000000000000, 0.000000000000000000, 0.000000000000000000 ) ) ;
#10964 = DIRECTION ( 'NONE',  ( 0.000000000000000000, 0.000000000000000000, -1.000000000000000000 ) ) ;
#10965 = CARTESIAN_POINT ( 'NONE',  ( -28.53760000000000474, -0.6953999999999996851, -14.89540000000000042 ) ) ;
#10966 = FACE_OUTER_BOUND ( 'NONE', #7116, .T. ) ;
#10967 = CIRCLE ( 'NONE', #1129, 0.1250000000000000000 ) ;
#10968 = AXIS2_PLACEMENT_3D ( 'NONE', #1654, #12659, #389 ) ;
#10969 = CARTESIAN_POINT ( 'NONE',  ( -32.13110000000000355, -0.5499999999999961586, -14.53099999999999348 ) ) ;
#10970 = AXIS2_PLACEMENT_3D ( 'NONE', #5324, #6061, #2 ) ;
#10971 = ORIENTED_EDGE ( 'NONE', *, *, #10702, .F. ) ;
#10972 = EDGE_LOOP ( 'NONE', ( #12516, #11530, #5163, #12333, #3969, #6313, #7804, #7807, #2336, #3780, #11175, #9933 ) ) ;
#10973 = VERTEX_POINT ( 'NONE', #264 ) ;
#10974 = CARTESIAN_POINT ( 'NONE',  ( 36.02170000000000272, -0.6341000000000001080, -13.78219999999999956 ) ) ;
#10975 = CIRCLE ( 'NONE', #2851, 0.1565000000000003610 ) ;
#10976 = ORIENTED_EDGE ( 'NONE', *, *, #1769, .T. ) ;
#10977 = AXIS2_PLACEMENT_3D ( 'NONE', #9623, #7476, #7673 ) ;
#10978 = CARTESIAN_POINT ( 'NONE',  ( 35.93750000000000000, 0.6187500000000388800, -14.91875000000000462 ) ) ;
#10979 = DIRECTION ( 'NONE',  ( -0.000000000000000000, -2.967464690054594744E-16, 1.000000000000000000 ) ) ;
#10980 = EDGE_CURVE ( 'NONE', #2681, #8162, #1340, .T. ) ;
#10981 = VERTEX_POINT ( 'NONE', #10403 ) ;
#10982 = CARTESIAN_POINT ( 'NONE',  ( 26.25002500000000794, -0.6953999999999964654, -14.34399999999999586 ) ) ;
#10983 = DIRECTION ( 'NONE',  ( -0.000000000000000000, 1.000000000000000000, -0.000000000000000000 ) ) ;
#10984 = LINE ( 'NONE', #3890, #11406 ) ;
#10985 = EDGE_CURVE ( 'NONE', #11953, #10749, #8341, .T. ) ;
#10986 = CARTESIAN_POINT ( 'NONE',  ( 36.02170000000000272, -0.6341000000000001080, -13.78219999999999956 ) ) ;
#10987 = DIRECTION ( 'NONE',  ( 0.000000000000000000, 0.000000000000000000, 1.000000000000000000 ) ) ;
#10988 = EDGE_LOOP ( 'NONE', ( #2694, #4260, #12723, #6960 ) ) ;
#10989 = VECTOR ( 'NONE', #3221, 39.37007874015748143 ) ;
#10990 = ORIENTED_EDGE ( 'NONE', *, *, #11433, .F. ) ;
#10991 = ORIENTED_EDGE ( 'NONE', *, *, #9210, .F. ) ;
#10992 = DIRECTION ( 'NONE',  ( -0.000000000000000000, -1.000000000000000000, -1.332348806898293597E-16 ) ) ;
#10993 = ORIENTED_EDGE ( 'NONE', *, *, #5867, .F. ) ;
#10994 = EDGE_CURVE ( 'NONE', #3253, #135, #5380, .T. ) ;
#10995 = DIRECTION ( 'NONE',  ( 0.000000000000000000, -1.000000000000000000, -1.332348806898293597E-16 ) ) ;
#10996 = ORIENTED_EDGE ( 'NONE', *, *, #11703, .F. ) ;
#10997 = DIRECTION ( 'NONE',  ( -0.000000000000000000, -1.000000000000000000, -1.332348806898293597E-16 ) ) ;
#10998 = EDGE_CURVE ( 'NONE', #9627, #12681, #12407, .T. ) ;
#10999 = CARTESIAN_POINT ( 'NONE',  ( -3.593499999999997474, -0.7999999999999999334, 14.34400000000000652 ) ) ;
#11000 = LINE ( 'NONE', #8002, #924 ) ;
#11001 = DIRECTION ( 'NONE',  ( -0.000000000000000000, -1.000000000000000000, -1.332348806898293597E-16 ) ) ;
#11002 = ADVANCED_FACE ( 'NONE', ( #12540 ), #9531, .F. ) ;
#11003 = CARTESIAN_POINT ( 'NONE',  ( -11.25002500000000794, -0.7999999999999948264, 14.18750000000000533 ) ) ;
#11004 = VERTEX_POINT ( 'NONE', #9597 ) ;
#11005 = ORIENTED_EDGE ( 'NONE', *, *, #11092, .T. ) ;
#11006 = CIRCLE ( 'NONE', #9536, 0.1565000000000003610 ) ;
#11007 = ADVANCED_FACE ( 'NONE', ( #6251 ), #8400, .F. ) ;
#11008 = VERTEX_POINT ( 'NONE', #12671 ) ;
#11009 = CIRCLE ( 'NONE', #8250, 0.1565000000000003610 ) ;
#11010 = ORIENTED_EDGE ( 'NONE', *, *, #6366, .F. ) ;
#11011 = CIRCLE ( 'NONE', #3748, 0.1565000000000003610 ) ;
#11012 = DIRECTION ( 'NONE',  ( -0.000000000000000000, -2.967464690054594744E-16, 1.000000000000000000 ) ) ;
#11013 = EDGE_CURVE ( 'NONE', #7916, #3288, #10340, .T. ) ;
#11014 = CARTESIAN_POINT ( 'NONE',  ( 35.23450000000000415, -0.6953999999999956882, -1.936549999999976679 ) ) ;
#11015 = CYLINDRICAL_SURFACE ( 'NONE', #9234, 0.1250000000000029143 ) ;
#11016 = DIRECTION ( 'NONE',  ( -0.000000000000000000, -0.000000000000000000, 1.000000000000000000 ) ) ;
#11017 = CARTESIAN_POINT ( 'NONE',  ( -21.73442500000000521, -0.5499999999999954925, -14.53099999999999170 ) ) ;
#11018 = DIRECTION ( 'NONE',  ( -0.000000000000000000, -1.000000000000000000, -1.332348806898293597E-16 ) ) ;
#11019 = PLANE ( 'NONE',  #6455 ) ;
#11020 = AXIS2_PLACEMENT_3D ( 'NONE', #8725, #5837, #7785 ) ;
#11021 = VERTEX_POINT ( 'NONE', #3425 ) ;
#11022 = ADVANCED_FACE ( 'NONE', ( #3289 ), #3491, .F. ) ;
#11023 = VERTEX_POINT ( 'NONE', #3358 ) ;
#11024 = AXIS2_PLACEMENT_3D ( 'NONE', #9854, #3752, #4630 ) ;
#11025 = VECTOR ( 'NONE', #11751, 39.37007874015748143 ) ;
#11026 = CARTESIAN_POINT ( 'NONE',  ( -26.25002500000000438, -0.5499999999999958256, -14.34399999999999586 ) ) ;
#11027 = ORIENTED_EDGE ( 'NONE', *, *, #8511, .F. ) ;
#11028 = ORIENTED_EDGE ( 'NONE', *, *, #6009, .T. ) ;
#11029 = FACE_OUTER_BOUND ( 'NONE', #12208, .T. ) ;
#11030 = LINE ( 'NONE', #1922, #5256 ) ;
#11031 = DIRECTION ( 'NONE',  ( -1.000000000000000000, 0.000000000000000000, 0.000000000000000000 ) ) ;
#11032 = VECTOR ( 'NONE', #9328, 39.37007874015748143 ) ;
#11033 = DIRECTION ( 'NONE',  ( 0.000000000000000000, 0.000000000000000000, -1.000000000000000000 ) ) ;
#11034 = FACE_OUTER_BOUND ( 'NONE', #9993, .T. ) ;
#11035 = ADVANCED_FACE ( 'NONE', ( #1143 ), #7452, .F. ) ;
#11036 = EDGE_CURVE ( 'NONE', #6037, #808, #11728, .T. ) ;
#11037 = LINE ( 'NONE', #13176, #7242 ) ;
#11038 = CYLINDRICAL_SURFACE ( 'NONE', #3074, 0.03119999999999938448 ) ;
#11039 = AXIS2_PLACEMENT_3D ( 'NONE', #3999, #13038, #703 ) ;
#11040 = DIRECTION ( 'NONE',  ( -1.000000000000000000, 0.000000000000000000, 0.000000000000000000 ) ) ;
#11041 = ORIENTED_EDGE ( 'NONE', *, *, #9285, .F. ) ;
#11042 = VERTEX_POINT ( 'NONE', #5645 ) ;
#11043 = CIRCLE ( 'NONE', #4430, 0.2559055118110260540 ) ;
#11044 = CARTESIAN_POINT ( 'NONE',  ( -22.12847500000001588, 0.3358499999999960961, -14.79687500000000000 ) ) ;
#11045 = EDGE_CURVE ( 'NONE', #2410, #2592, #12732, .T. ) ;
#11046 = VECTOR ( 'NONE', #9870, 39.37007874015748143 ) ;
#11047 = ORIENTED_EDGE ( 'NONE', *, *, #2660, .F. ) ;
#11048 = CARTESIAN_POINT ( 'NONE',  ( -35.23450000000000415, -0.5499999999999961586, -8.436550000000000438 ) ) ;
#11049 = CARTESIAN_POINT ( 'NONE',  ( 35.13110000000001065, -0.6953999999999957993, -14.56249999999997691 ) ) ;
#11050 = ORIENTED_EDGE ( 'NONE', *, *, #9114, .F. ) ;
#11051 = DIRECTION ( 'NONE',  ( -0.000000000000000000, -0.000000000000000000, 1.000000000000000000 ) ) ;
#11052 = DIRECTION ( 'NONE',  ( 1.240959386601371334E-16, -1.000000000000000000, 0.000000000000000000 ) ) ;
#11053 = DIRECTION ( 'NONE',  ( 1.000000000000000000, -0.000000000000000000, 0.000000000000000000 ) ) ;
#11054 = DIRECTION ( 'NONE',  ( 0.000000000000000000, -1.000000000000000000, -2.967464690054594744E-16 ) ) ;
#11055 = CARTESIAN_POINT ( 'NONE',  ( -21.35942499999999455, -0.4299000000000038346, -12.43750000000001066 ) ) ;
#11056 = CARTESIAN_POINT ( 'NONE',  ( -18.75002500000000794, -0.7999999999999952704, 14.34400000000000119 ) ) ;
#11057 = ORIENTED_EDGE ( 'NONE', *, *, #12092, .T. ) ;
#11058 = AXIS2_PLACEMENT_3D ( 'NONE', #368, #2253, #2386 ) ;
#11059 = EDGE_CURVE ( 'NONE', #10708, #1303, #10914, .T. ) ;
#11060 = EDGE_CURVE ( 'NONE', #1219, #3466, #3558, .T. ) ;
#11062 = ORIENTED_EDGE ( 'NONE', *, *, #211, .F. ) ;
#11061 = EDGE_CURVE ( 'NONE', #11361, #8073, #1186, .T. ) ;
#11063 = EDGE_CURVE ( 'NONE', #8303, #1468, #11922, .T. ) ;
#11064 = ORIENTED_EDGE ( 'NONE', *, *, #7706, .F. ) ;
#11065 = DIRECTION ( 'NONE',  ( 0.000000000000000000, 0.000000000000000000, -1.000000000000000000 ) ) ;
#11066 = ORIENTED_EDGE ( 'NONE', *, *, #4302, .T. ) ;
#11067 = CIRCLE ( 'NONE', #571, 0.1250000000000000000 ) ;
#11068 = CARTESIAN_POINT ( 'NONE',  ( 22.57817500000000166, -0.5895000000000039098, 14.79687500000000000 ) ) ;
#11069 = ORIENTED_EDGE ( 'NONE', *, *, #673, .T. ) ;
#11070 = FACE_BOUND ( 'NONE', #1124, .T. ) ;
#11071 = CARTESIAN_POINT ( 'NONE',  ( 35.13110000000001065, -0.5499999999999918288, -14.43749999999997335 ) ) ;
#11072 = CARTESIAN_POINT ( 'NONE',  ( -21.85942500000000521, -0.6954000000000040149, -14.42187500000001066 ) ) ;
#11073 = CARTESIAN_POINT ( 'NONE',  ( 28.38110000000001065, -0.7999999999999923839, -14.53099999999999348 ) ) ;
#11074 = CARTESIAN_POINT ( 'NONE',  ( 36.02170000000000272, -0.2096999999999985820, -5.875000000000000000 ) ) ;
#11075 = VERTEX_POINT ( 'NONE', #1731 ) ;
#11076 = COLOUR_RGB ( '',0.7529411764705882248, 0.7529411764705882248, 0.7529411764705882248 ) ;
#11077 = ORIENTED_EDGE ( 'NONE', *, *, #13066, .T. ) ;
#11078 = VECTOR ( 'NONE', #7045, 39.37007874015748143 ) ;
#11079 = CIRCLE ( 'NONE', #6592, 0.08124999999999903133 ) ;
#11080 = EDGE_LOOP ( 'NONE', ( #11302, #13239, #994, #9421, #4381 ) ) ;
#11081 = EDGE_CURVE ( 'NONE', #553, #10796, #10400, .T. ) ;
#11082 = EDGE_CURVE ( 'NONE', #10040, #9135, #12317, .T. ) ;
#11083 = ORIENTED_EDGE ( 'NONE', *, *, #6712, .F. ) ;
#11084 = DIRECTION ( 'NONE',  ( 1.000000000000000000, 0.000000000000000000, 0.000000000000000000 ) ) ;
#11085 = EDGE_CURVE ( 'NONE', #9848, #10143, #12991, .T. ) ;
#11086 = DIRECTION ( 'NONE',  ( 0.000000000000000000, 0.000000000000000000, -1.000000000000000000 ) ) ;
#11087 = CARTESIAN_POINT ( 'NONE',  ( -35.23450000000000415, -0.5499999999999961586, -1.686549999999997107 ) ) ;
#11088 = CARTESIAN_POINT ( 'NONE',  ( 36.02170047244094775, -0.2096999999999985820, -14.00000000000000355 ) ) ;
#11089 = AXIS2_PLACEMENT_3D ( 'NONE', #4531, #9179, #5473 ) ;
#11090 = FACE_OUTER_BOUND ( 'NONE', #10147, .T. ) ;
#11091 = CIRCLE ( 'NONE', #12802, 0.1565000000000003610 ) ;
#11092 = EDGE_CURVE ( 'NONE', #7927, #7724, #3821, .T. ) ;
#11093 = LINE ( 'NONE', #3993, #6713 ) ;
#11094 = VECTOR ( 'NONE', #4016, 39.37007874015748143 ) ;
#11095 = CARTESIAN_POINT ( 'NONE',  ( 35.91710000000000491, 0.5953999999999993742, 14.78124999999999822 ) ) ;
#11096 = ORIENTED_EDGE ( 'NONE', *, *, #3387, .F. ) ;
#11097 = AXIS2_PLACEMENT_3D ( 'NONE', #7302, #1325, #8449 ) ;
#11098 = ORIENTED_EDGE ( 'NONE', *, *, #3685, .T. ) ;
#11099 = DIRECTION ( 'NONE',  ( -1.000000000000000000, 0.000000000000000000, 0.000000000000000000 ) ) ;
#11100 = ORIENTED_EDGE ( 'NONE', *, *, #12878, .T. ) ;
#11101 = AXIS2_PLACEMENT_3D ( 'NONE', #6800, #10294, #4261 ) ;
#11102 = VERTEX_POINT ( 'NONE', #10666 ) ;
#11103 = CARTESIAN_POINT ( 'NONE',  ( 35.91710000000000491, -0.6340999999999995529, 14.78124999999999822 ) ) ;
#11104 = CARTESIAN_POINT ( 'NONE',  ( -17.16232500000000982, -0.6953999999999991299, 14.34400000000000652 ) ) ;
#11105 = EDGE_CURVE ( 'NONE', #12173, #2912, #5833, .T. ) ;
#11106 = DIRECTION ( 'NONE',  ( -0.000000000000000000, 0.000000000000000000, -1.000000000000000000 ) ) ;
#11107 = DIRECTION ( 'NONE',  ( -0.000000000000000000, -1.000000000000000000, -1.332348806898293597E-16 ) ) ;
#11108 = DIRECTION ( 'NONE',  ( -0.000000000000000000, -1.000000000000000000, -1.332348806898293597E-16 ) ) ;
#11109 = CARTESIAN_POINT ( 'NONE',  ( -36.02170000000000272, 0.6999999999999995115, 4.330708661417322247 ) ) ;
#11110 = DIRECTION ( 'NONE',  ( 0.000000000000000000, 0.000000000000000000, 1.000000000000000000 ) ) ;
#11111 = ORIENTED_EDGE ( 'NONE', *, *, #955, .F. ) ;
#11112 = DIRECTION ( 'NONE',  ( -0.000000000000000000, -1.000000000000000000, -1.332348806898293597E-16 ) ) ;
#11113 = EDGE_LOOP ( 'NONE', ( #2922, #12814, #1435, #1595 ) ) ;
#11114 = EDGE_CURVE ( 'NONE', #7231, #8714, #3624, .T. ) ;
#11115 = EDGE_CURVE ( 'NONE', #10944, #9192, #12924, .T. ) ;
#11116 = CARTESIAN_POINT ( 'NONE',  ( -11.40652500000000913, -0.5499999999999948264, 14.34400000000000475 ) ) ;
#11117 = ORIENTED_EDGE ( 'NONE', *, *, #9150, .T. ) ;
#11118 = DIRECTION ( 'NONE',  ( 0.000000000000000000, -1.000000000000000000, -1.332348806898293597E-16 ) ) ;
#11119 = DIRECTION ( 'NONE',  ( -0.000000000000000000, -1.000000000000000000, -1.332348806898293597E-16 ) ) ;
#11120 = ORIENTED_EDGE ( 'NONE', *, *, #818, .F. ) ;
#11121 = FACE_OUTER_BOUND ( 'NONE', #8269, .T. ) ;
#11122 = CARTESIAN_POINT ( 'NONE',  ( -21.14067499999999455, -0.6207000000000038042, -12.43750000000001066 ) ) ;
#11123 = LINE ( 'NONE', #12879, #13002 ) ;
#11124 = FACE_OUTER_BOUND ( 'NONE', #3847, .T. ) ;
#11125 = DIRECTION ( 'NONE',  ( -1.000000000000000000, 0.000000000000000000, 0.000000000000000000 ) ) ;
#11126 = DIRECTION ( 'NONE',  ( -1.000000000000000000, 0.000000000000000000, 0.000000000000000000 ) ) ;
#11127 = CARTESIAN_POINT ( 'NONE',  ( -20.89067499999999811, -0.5895000000000039098, 14.79687500000000000 ) ) ;
#11128 = ORIENTED_EDGE ( 'NONE', *, *, #3029, .F. ) ;
#11129 = ADVANCED_FACE ( 'NONE', ( #7917 ), #9788, .F. ) ;
#11130 = EDGE_LOOP ( 'NONE', ( #11923, #3438, #6281, #10854 ) ) ;
#11131 = ORIENTED_EDGE ( 'NONE', *, *, #6743, .T. ) ;
#11132 = DIRECTION ( 'NONE',  ( 0.000000000000000000, 0.000000000000000000, -1.000000000000000000 ) ) ;
#11133 = ORIENTED_EDGE ( 'NONE', *, *, #5835, .T. ) ;
#11134 = EDGE_CURVE ( 'NONE', #5124, #1089, #11789, .T. ) ;
#11135 = CARTESIAN_POINT ( 'NONE',  ( 21.92192499999999811, -0.6207000000000038042, -13.92187500000001066 ) ) ;
#11136 = ORIENTED_EDGE ( 'NONE', *, *, #9304, .F. ) ;
#11137 = FACE_BOUND ( 'NONE', #132, .T. ) ;
#11138 = CIRCLE ( 'NONE', #4514, 0.2559055118110260540 ) ;
#11139 = CYLINDRICAL_SURFACE ( 'NONE', #5329, 0.1565000000000003610 ) ;
#11140 = FACE_OUTER_BOUND ( 'NONE', #5008, .T. ) ;
#11141 = DIRECTION ( 'NONE',  ( 0.000000000000000000, 0.000000000000000000, 1.000000000000000000 ) ) ;
#11142 = ORIENTED_EDGE ( 'NONE', *, *, #5314, .T. ) ;
#11143 = ORIENTED_EDGE ( 'NONE', *, *, #4819, .F. ) ;
#11144 = ORIENTED_EDGE ( 'NONE', *, *, #11748, .T. ) ;
#11145 = EDGE_LOOP ( 'NONE', ( #9070, #8131, #11656, #12765 ) ) ;
#11146 = AXIS2_PLACEMENT_3D ( 'NONE', #7073, #2717, #12896 ) ;
#11147 = CYLINDRICAL_SURFACE ( 'NONE', #5623, 0.1565000000000003610 ) ;
#11148 = CYLINDRICAL_SURFACE ( 'NONE', #7396, 0.1250000000000015266 ) ;
#11149 = DIRECTION ( 'NONE',  ( 0.000000000000000000, -1.000000000000000000, -1.332348806898293597E-16 ) ) ;
#11150 = FACE_OUTER_BOUND ( 'NONE', #9082, .T. ) ;
#11151 = DIRECTION ( 'NONE',  ( 0.000000000000000000, 0.000000000000000000, -1.000000000000000000 ) ) ;
#11152 = CARTESIAN_POINT ( 'NONE',  ( 22.47227499999999978, -0.6954000000000047921, -14.79687500000000000 ) ) ;
#11153 = AXIS2_PLACEMENT_3D ( 'NONE', #9334, #10273, #6307 ) ;
#11154 = DIRECTION ( 'NONE',  ( 0.000000000000000000, 0.000000000000000000, -1.000000000000000000 ) ) ;
#11155 = VECTOR ( 'NONE', #5485, 39.37007874015748143 ) ;
#11156 = EDGE_CURVE ( 'NONE', #323, #9496, #13165, .T. ) ;
#11157 = DIRECTION ( 'NONE',  ( 0.000000000000000000, 0.000000000000000000, -1.000000000000000000 ) ) ;
#11158 = VERTEX_POINT ( 'NONE', #4695 ) ;
#11159 = AXIS2_PLACEMENT_3D ( 'NONE', #8836, #13171, #9104 ) ;
#11160 = ORIENTED_EDGE ( 'NONE', *, *, #4981, .F. ) ;
#11161 = VECTOR ( 'NONE', #10997, 39.37007874015748143 ) ;
#11162 = CARTESIAN_POINT ( 'NONE',  ( -36.02170000000000272, 0.6999999999999995115, 14.78124999999999822 ) ) ;
#11163 = ORIENTED_EDGE ( 'NONE', *, *, #6559, .T. ) ;
#11164 = CARTESIAN_POINT ( 'NONE',  ( 33.63110000000001065, -0.7999999999999918288, -14.56249999999997691 ) ) ;
#11165 = ORIENTED_EDGE ( 'NONE', *, *, #2199, .F. ) ;
#11166 = CYLINDRICAL_SURFACE ( 'NONE', #6319, 0.1565000000000003610 ) ;
#11167 = FACE_OUTER_BOUND ( 'NONE', #6189, .T. ) ;
#11168 = DIRECTION ( 'NONE',  ( 0.000000000000000000, 2.967464690054594744E-16, -1.000000000000000000 ) ) ;
#11169 = EDGE_CURVE ( 'NONE', #10396, #3623, #8783, .T. ) ;
#11170 = VECTOR ( 'NONE', #6873, 39.37007874015748143 ) ;
#11171 = CARTESIAN_POINT ( 'NONE',  ( 21.26567499999998745, 0.4608499999999960961, 14.79687500000000000 ) ) ;
#11172 = PLANE ( 'NONE',  #12892 ) ;
#11173 = CARTESIAN_POINT ( 'NONE',  ( 26.09352500000000674, -0.7999999999999926059, 14.53099999999999703 ) ) ;
#11174 = LINE ( 'NONE', #6095, #9286 ) ;
#11175 = ORIENTED_EDGE ( 'NONE', *, *, #805, .F. ) ;
#11176 = EDGE_CURVE ( 'NONE', #11848, #2354, #2689, .T. ) ;
#11177 = DIRECTION ( 'NONE',  ( 0.000000000000000000, 0.000000000000000000, -1.000000000000000000 ) ) ;
#11178 = VECTOR ( 'NONE', #1475, 39.37007874015748143 ) ;
#11179 = EDGE_LOOP ( 'NONE', ( #1144, #12611, #6699, #8336, #11077 ) ) ;
#11180 = ADVANCED_FACE ( 'NONE', ( #10852 ), #5167, .F. ) ;
#11181 = EDGE_CURVE ( 'NONE', #4301, #670, #9190, .T. ) ;
#11182 = ORIENTED_EDGE ( 'NONE', *, *, #3764, .T. ) ;
#11183 = ORIENTED_EDGE ( 'NONE', *, *, #5043, .T. ) ;
#11184 = DIRECTION ( 'NONE',  ( 1.000000000000000000, -0.000000000000000000, -0.000000000000000000 ) ) ;
#11185 = ORIENTED_EDGE ( 'NONE', *, *, #400, .T. ) ;
#11186 = EDGE_LOOP ( 'NONE', ( #5669, #12809, #7723, #1810 ) ) ;
#11187 = DIRECTION ( 'NONE',  ( -0.000000000000000000, -1.000000000000000000, -1.332348806898293597E-16 ) ) ;
#11188 = VECTOR ( 'NONE', #4683, 39.37007874015748143 ) ;
#11189 = DIRECTION ( 'NONE',  ( -1.000000000000000000, -4.697125161045879232E-16, 0.000000000000000000 ) ) ;
#11190 = DIRECTION ( 'NONE',  ( -0.000000000000000000, -1.000000000000000000, -1.332348806898293597E-16 ) ) ;
#11191 = CARTESIAN_POINT ( 'NONE',  ( -21.35942499999999811, -0.4299000000000038346, 12.43750000000000178 ) ) ;
#11192 = CYLINDRICAL_SURFACE ( 'NONE', #7015, 0.1250000000000037192 ) ;
#11193 = CARTESIAN_POINT ( 'NONE',  ( -31.97460000000000235, -0.6954000000000000181, -14.34399999999999942 ) ) ;
#11194 = CARTESIAN_POINT ( 'NONE',  ( 26.40652500000000913, -0.6953999999999963544, 13.97959999999999603 ) ) ;
#11195 = ORIENTED_EDGE ( 'NONE', *, *, #2443, .F. ) ;
#11196 = EDGE_CURVE ( 'NONE', #8713, #6854, #3883, .T. ) ;
#11197 = AXIS2_PLACEMENT_3D ( 'NONE', #4008, #3006, #7093 ) ;
#11198 = ORIENTED_EDGE ( 'NONE', *, *, #11638, .F. ) ;
#11199 = ORIENTED_EDGE ( 'NONE', *, *, #12485, .T. ) ;
#11200 = DIRECTION ( 'NONE',  ( 0.000000000000000000, 0.000000000000000000, -1.000000000000000000 ) ) ;
#11201 = ORIENTED_EDGE ( 'NONE', *, *, #9586, .T. ) ;
#11202 = DIRECTION ( 'NONE',  ( 1.240959386601371334E-16, -1.000000000000000000, 0.000000000000000000 ) ) ;
#11203 = ORIENTED_EDGE ( 'NONE', *, *, #229, .T. ) ;
#11204 = DIRECTION ( 'NONE',  ( -1.000000000000000000, -0.000000000000000000, -0.000000000000000000 ) ) ;
#11205 = LINE ( 'NONE', #4917, #370 ) ;
#11206 = PLANE ( 'NONE',  #10970 ) ;
#11207 = VECTOR ( 'NONE', #3960, 39.37007874015748143 ) ;
#11208 = EDGE_CURVE ( 'NONE', #4718, #756, #5029, .T. ) ;
#11209 = LINE ( 'NONE', #10288, #7252 ) ;
#11210 = ORIENTED_EDGE ( 'NONE', *, *, #7926, .T. ) ;
#11211 = ORIENTED_EDGE ( 'NONE', *, *, #9, .T. ) ;
#11212 = CIRCLE ( 'NONE', #9721, 0.08124999999999903133 ) ;
#11213 = ORIENTED_EDGE ( 'NONE', *, *, #10545, .F. ) ;
#11214 = ADVANCED_FACE ( 'NONE', ( #7166 ), #7978, .F. ) ;
#11215 = CYLINDRICAL_SURFACE ( 'NONE', #1319, 0.1565000000000003610 ) ;
#11216 = CARTESIAN_POINT ( 'NONE',  ( -35.23450000000000415, -0.7999999999999961586, -8.436550000000000438 ) ) ;
#11217 = CARTESIAN_POINT ( 'NONE',  ( 36.02170047244094775, -0.2096999999999985820, 14.00000000000000355 ) ) ;
#11218 = CARTESIAN_POINT ( 'NONE',  ( -18.59352500000001385, -0.6954000000000036819, 14.53099999999999703 ) ) ;
#11219 = CYLINDRICAL_SURFACE ( 'NONE', #1775, 0.1565000000000003610 ) ;
#11220 = DIRECTION ( 'NONE',  ( 0.000000000000000000, -1.000000000000000000, -1.332348806898293597E-16 ) ) ;
#11221 = DIRECTION ( 'NONE',  ( -1.000000000000000000, -4.161428847396411586E-15, 0.000000000000000000 ) ) ;
#11222 = CARTESIAN_POINT ( 'NONE',  ( -20.96537499999999810, 0.4608499999999960961, 14.67187500000000000 ) ) ;
#11223 = ORIENTED_EDGE ( 'NONE', *, *, #4728, .F. ) ;
#11224 = EDGE_CURVE ( 'NONE', #3620, #11394, #5059, .T. ) ;
#11225 = ORIENTED_EDGE ( 'NONE', *, *, #11331, .F. ) ;
#11226 = ORIENTED_EDGE ( 'NONE', *, *, #5386, .F. ) ;
#11227 = ORIENTED_EDGE ( 'NONE', *, *, #2815, .F. ) ;
#11228 = VECTOR ( 'NONE', #12023, 39.37007874015748143 ) ;
#11230 = ADVANCED_FACE ( 'NONE', ( #9991, #7039 ), #2873, .T. ) ;
#11229 = CARTESIAN_POINT ( 'NONE',  ( -11.09352500000000852, -0.5499999999999948264, 14.53100000000000058 ) ) ;
#11231 = ORIENTED_EDGE ( 'NONE', *, *, #2086, .F. ) ;
#11232 = CARTESIAN_POINT ( 'NONE',  ( -7.484425000000003436, -0.5499999999999946043, -14.53099999999998637 ) ) ;
#11233 = CARTESIAN_POINT ( 'NONE',  ( -35.23450000000000415, -0.5499999999999961586, 8.561550000000005767 ) ) ;
#11234 = DIRECTION ( 'NONE',  ( 0.000000000000000000, -1.000000000000000000, -2.967464690054594744E-16 ) ) ;
#11235 = CARTESIAN_POINT ( 'NONE',  ( 35.94045000000000556, -0.7187500000000024425, -13.78219999999999956 ) ) ;
#11236 = DIRECTION ( 'NONE',  ( 1.000000000000000000, 0.000000000000000000, 0.000000000000000000 ) ) ;
#11237 = CIRCLE ( 'NONE', #1380, 0.1565000000000003610 ) ;
#11238 = DIRECTION ( 'NONE',  ( 1.000000000000000000, 0.000000000000000000, -0.000000000000000000 ) ) ;
#11239 = DIRECTION ( 'NONE',  ( -1.000000000000000000, 0.000000000000000000, 0.000000000000000000 ) ) ;
#11240 = EDGE_LOOP ( 'NONE', ( #9404, #12274, #841, #6388 ) ) ;
#11241 = DIRECTION ( 'NONE',  ( 0.000000000000000000, -1.000000000000000000, 0.000000000000000000 ) ) ;
#11242 = VERTEX_POINT ( 'NONE', #8184 ) ;
#11243 = AXIS2_PLACEMENT_3D ( 'NONE', #7384, #7582, #9468 ) ;
#11244 = AXIS2_PLACEMENT_3D ( 'NONE', #7286, #9372, #11303 ) ;
#11245 = EDGE_CURVE ( 'NONE', #4100, #9102, #10060, .T. ) ;
#11246 = VERTEX_POINT ( 'NONE', #10193 ) ;
#11247 = EDGE_CURVE ( 'NONE', #202, #6064, #13255, .T. ) ;
#11248 = VERTEX_POINT ( 'NONE', #5904 ) ;
#11249 = DIRECTION ( 'NONE',  ( -5.463695987328555033E-16, 1.000000000000000000, -0.000000000000000000 ) ) ;
#11250 = PLANE ( 'NONE',  #823 ) ;
#11251 = AXIS2_PLACEMENT_3D ( 'NONE', #6038, #12191, #3015 ) ;
#11252 = ORIENTED_EDGE ( 'NONE', *, *, #6964, .T. ) ;
#11253 = CARTESIAN_POINT ( 'NONE',  ( -21.60942500000000166, 0.7000000000000405898, -14.42187500000001066 ) ) ;
#11255 = VECTOR ( 'NONE', #4264, 39.37007874015748143 ) ;
#11254 = DIRECTION ( 'NONE',  ( 1.000000000000000000, 0.000000000000000000, -0.000000000000000000 ) ) ;
#11256 = DIRECTION ( 'NONE',  ( 1.000000000000000000, 0.000000000000000000, -0.000000000000000000 ) ) ;
#11257 = DIRECTION ( 'NONE',  ( 0.000000000000000000, 0.000000000000000000, -1.000000000000000000 ) ) ;
#11258 = FACE_OUTER_BOUND ( 'NONE', #8854, .T. ) ;
#11259 = ADVANCED_FACE ( 'NONE', ( #6968 ), #3083, .F. ) ;
#11260 = CARTESIAN_POINT ( 'NONE',  ( -21.54692499999999811, 0.7000000000000405898, -13.92187500000001066 ) ) ;
#11261 = CYLINDRICAL_SURFACE ( 'NONE', #2861, 0.08125000000000121014 ) ;
#11262 = ORIENTED_EDGE ( 'NONE', *, *, #4998, .F. ) ;
#11263 = VECTOR ( 'NONE', #9263, 39.37007874015748143 ) ;
#11264 = CIRCLE ( 'NONE', #1626, 0.1249999999999993477 ) ;
#11265 = EDGE_LOOP ( 'NONE', ( #2123, #8778, #2670, #6771 ) ) ;
#11266 = ORIENTED_EDGE ( 'NONE', *, *, #12966, .F. ) ;
#11267 = DIRECTION ( 'NONE',  ( -0.000000000000000000, -1.000000000000000000, -1.332348806898293597E-16 ) ) ;
#11268 = VERTEX_POINT ( 'NONE', #13187 ) ;
#11269 = CIRCLE ( 'NONE', #9355, 0.1250000000000015266 ) ;
#11270 = DIRECTION ( 'NONE',  ( 0.000000000000000000, -1.000000000000000000, -2.967464690054594744E-16 ) ) ;
#11271 = ORIENTED_EDGE ( 'NONE', *, *, #11169, .T. ) ;
#11272 = DIRECTION ( 'NONE',  ( 0.000000000000000000, 0.000000000000000000, -1.000000000000000000 ) ) ;
#11273 = ADVANCED_FACE ( 'NONE', ( #2811 ), #10263, .F. ) ;
#11274 = CARTESIAN_POINT ( 'NONE',  ( -3.906500000000002526, -0.5499999999999943823, 14.34400000000000475 ) ) ;
#11275 = CARTESIAN_POINT ( 'NONE',  ( 35.93750000000000000, -0.8000000000000000444, -15.00000000000000000 ) ) ;
#11276 = CIRCLE ( 'NONE', #131, 0.1565000000000003610 ) ;
#11277 = CARTESIAN_POINT ( 'NONE',  ( -28.53760000000000474, -0.5499999999999959366, -14.34399999999999942 ) ) ;
#11278 = ORIENTED_EDGE ( 'NONE', *, *, #8366, .T. ) ;
#11279 = EDGE_CURVE ( 'NONE', #11294, #8696, #8908, .T. ) ;
#11280 = ORIENTED_EDGE ( 'NONE', *, *, #9673, .F. ) ;
#11281 = CIRCLE ( 'NONE', #8936, 0.1565000000000003610 ) ;
#11282 = CIRCLE ( 'NONE', #12353, 0.1565000000000003610 ) ;
#11283 = EDGE_LOOP ( 'NONE', ( #5718, #12900, #1353, #725 ) ) ;
#11284 = CARTESIAN_POINT ( 'NONE',  ( -35.93750000000000000, 0.7000000000000000666, 14.91875000000000107 ) ) ;
#11285 = CARTESIAN_POINT ( 'NONE',  ( 21.37157499999998933, -0.5895000000000039098, 14.79687500000000000 ) ) ;
#11286 = DIRECTION ( 'NONE',  ( 0.000000000000000000, -1.000000000000000000, 0.000000000000000000 ) ) ;
#11287 = CARTESIAN_POINT ( 'NONE',  ( 33.07086614173226025, 0.7000000000000371481, -3.543307086614400525 ) ) ;
#11288 = FACE_BOUND ( 'NONE', #6930, .T. ) ;
#11289 = CIRCLE ( 'NONE', #5529, 0.1059000000000017289 ) ;
#11290 = CARTESIAN_POINT ( 'NONE',  ( -20.99657499999999999, -0.5895000000000039098, 14.79687500000000000 ) ) ;
#11291 = CARTESIAN_POINT ( 'NONE',  ( 35.93750000000000000, -0.6641500000000034598, 14.86415000000000219 ) ) ;
#11292 = AXIS2_PLACEMENT_3D ( 'NONE', #11417, #6473, #5404 ) ;
#11293 = FACE_OUTER_BOUND ( 'NONE', #8834, .T. ) ;
#11294 = VERTEX_POINT ( 'NONE', #5975 ) ;
#11295 = ORIENTED_EDGE ( 'NONE', *, *, #1154, .T. ) ;
#11296 = EDGE_CURVE ( 'NONE', #11724, #5169, #9052, .T. ) ;
#11297 = ORIENTED_EDGE ( 'NONE', *, *, #7594, .T. ) ;
#11298 = CIRCLE ( 'NONE', #2310, 0.1565000000000003610 ) ;
#11299 = ORIENTED_EDGE ( 'NONE', *, *, #1153, .F. ) ;
#11300 = AXIS2_PLACEMENT_3D ( 'NONE', #8978, #5823, #7907 ) ;
#11301 = FACE_BOUND ( 'NONE', #6350, .T. ) ;
#11302 = ORIENTED_EDGE ( 'NONE', *, *, #8575, .T. ) ;
#11303 = DIRECTION ( 'NONE',  ( 1.000000000000000000, 0.000000000000000000, 0.000000000000000000 ) ) ;
#11304 = CARTESIAN_POINT ( 'NONE',  ( -18.90652500000000913, -0.7999999999999952704, 14.53099999999999703 ) ) ;
#11305 = CARTESIAN_POINT ( 'NONE',  ( 17.31882500000000391, -0.7999999999999931610, -14.34399999999999764 ) ) ;
#11306 = AXIS2_PLACEMENT_3D ( 'NONE', #10594, #10723, #327 ) ;
#11307 = CARTESIAN_POINT ( 'NONE',  ( -35.93750000000000000, 0.5641500000000000403, -14.89540000000000042 ) ) ;
#11308 = DIRECTION ( 'NONE',  ( 1.240959386601371334E-16, -1.000000000000000000, 0.000000000000000000 ) ) ;
#11309 = EDGE_CURVE ( 'NONE', #4736, #11075, #859, .T. ) ;
#11310 = LINE ( 'NONE', #2060, #1557 ) ;
#11311 = CARTESIAN_POINT ( 'NONE',  ( 35.23450000000000415, -0.5499999999999918288, -8.311549999999972016 ) ) ;
#11312 = ORIENTED_EDGE ( 'NONE', *, *, #10208, .T. ) ;
#11313 = CIRCLE ( 'NONE', #4473, 0.2559055118110216687 ) ;
#11314 = VECTOR ( 'NONE', #8012, 39.37007874015748143 ) ;
#11315 = ORIENTED_EDGE ( 'NONE', *, *, #7239, .F. ) ;
#11316 = ORIENTED_EDGE ( 'NONE', *, *, #1434, .T. ) ;
#11317 = CIRCLE ( 'NONE', #5563, 0.1565000000000003610 ) ;
#11318 = CYLINDRICAL_SURFACE ( 'NONE', #8024, 0.1565000000000003610 ) ;
#11319 = FACE_OUTER_BOUND ( 'NONE', #3100, .T. ) ;
#11320 = EDGE_LOOP ( 'NONE', ( #11131, #10016, #9766, #3332 ) ) ;
#11321 = CYLINDRICAL_SURFACE ( 'NONE', #8682, 0.1565000000000003610 ) ;
#11322 = LINE ( 'NONE', #2952, #6979 ) ;
#11323 = DIRECTION ( 'NONE',  ( -1.240959386601361473E-16, 1.000000000000000000, 0.000000000000000000 ) ) ;
#11324 = LINE ( 'NONE', #2206, #12152 ) ;
#11325 = LINE ( 'NONE', #8192, #9167 ) ;
#11326 = LINE ( 'NONE', #2148, #8605 ) ;
#11327 = DIRECTION ( 'NONE',  ( -0.000000000000000000, -0.000000000000000000, -1.000000000000000000 ) ) ;
#11328 = EDGE_LOOP ( 'NONE', ( #3269, #7547, #6761, #10683 ) ) ;
#11329 = EDGE_CURVE ( 'NONE', #8498, #1404, #8282, .T. ) ;
#11330 = VECTOR ( 'NONE', #5540, 39.37007874015748143 ) ;
#11331 = EDGE_CURVE ( 'NONE', #6526, #6206, #117, .T. ) ;
#11332 = ORIENTED_EDGE ( 'NONE', *, *, #10082, .F. ) ;
#11333 = EDGE_CURVE ( 'NONE', #6324, #2052, #7102, .T. ) ;
#11334 = EDGE_LOOP ( 'NONE', ( #3386, #8378, #8060, #7114, #9660, #3407, #10576, #11069, #827, #6232, #8591, #7066 ) ) ;
#11335 = DIRECTION ( 'NONE',  ( 0.000000000000000000, -1.000000000000000000, -2.967464690054594744E-16 ) ) ;
#11336 = EDGE_LOOP ( 'NONE', ( #9113, #6852, #7973, #3551 ) ) ;
#11337 = CARTESIAN_POINT ( 'NONE',  ( -20.89067499999999811, 0.4608499999999960961, 14.67187500000000000 ) ) ;
#11338 = VERTEX_POINT ( 'NONE', #9582 ) ;
#11339 = CARTESIAN_POINT ( 'NONE',  ( -22.09727500000001044, -0.6207000000000035822, 14.79687500000000000 ) ) ;
#11340 = DIRECTION ( 'NONE',  ( -0.000000000000000000, -1.000000000000000000, -1.332348806898293597E-16 ) ) ;
#11341 = FACE_OUTER_BOUND ( 'NONE', #12934, .T. ) ;
#11342 = CARTESIAN_POINT ( 'NONE',  ( 35.91710000000000491, -0.2096999999999985820, 5.875000000000000000 ) ) ;
#11343 = ORIENTED_EDGE ( 'NONE', *, *, #3508, .F. ) ;
#11344 = ADVANCED_FACE ( 'NONE', ( #7301 ), #2400, .F. ) ;
#11345 = ORIENTED_EDGE ( 'NONE', *, *, #8479, .F. ) ;
#11346 = AXIS2_PLACEMENT_3D ( 'NONE', #6634, #12722, #5637 ) ;
#11347 = EDGE_CURVE ( 'NONE', #5827, #9217, #9981, .T. ) ;
#11348 = VERTEX_POINT ( 'NONE', #3271 ) ;
#11349 = CARTESIAN_POINT ( 'NONE',  ( 36.02170000000000272, -0.2096999999999985820, 13.87500000000000000 ) ) ;
#11350 = DIRECTION ( 'NONE',  ( 0.000000000000000000, -1.000000000000000000, -1.332348806898293597E-16 ) ) ;
#11351 = CARTESIAN_POINT ( 'NONE',  ( -18.75002500000000794, -0.7999999999999952704, 14.53099999999999703 ) ) ;
#11352 = FACE_OUTER_BOUND ( 'NONE', #6148, .T. ) ;
#11353 = DIRECTION ( 'NONE',  ( 1.240959386601371334E-16, -1.000000000000000000, -0.000000000000000000 ) ) ;
#11354 = EDGE_CURVE ( 'NONE', #9872, #2410, #2197, .T. ) ;
#11355 = PLANE ( 'NONE',  #4097 ) ;
#11356 = DIRECTION ( 'NONE',  ( 0.000000000000000000, 0.000000000000000000, -1.000000000000000000 ) ) ;
#11357 = DIRECTION ( 'NONE',  ( -1.000000000000000000, 0.000000000000000000, 0.000000000000000000 ) ) ;
#11358 = VERTEX_POINT ( 'NONE', #6499 ) ;
#11359 = AXIS2_PLACEMENT_3D ( 'NONE', #85, #2237, #6214 ) ;
#11360 = ORIENTED_EDGE ( 'NONE', *, *, #13210, .F. ) ;
#11361 = VERTEX_POINT ( 'NONE', #385 ) ;
#11362 = DIRECTION ( 'NONE',  ( -1.000000000000000000, -0.000000000000000000, -0.000000000000000000 ) ) ;
#11363 = ORIENTED_EDGE ( 'NONE', *, *, #10641, .T. ) ;
#11364 = CARTESIAN_POINT ( 'NONE',  ( -28.38110000000001065, -0.5499999999999959366, 14.53100000000000058 ) ) ;
#11365 = DIRECTION ( 'NONE',  ( -0.000000000000000000, -1.000000000000000000, -1.332348806898293597E-16 ) ) ;
#11366 = AXIS2_PLACEMENT_3D ( 'NONE', #8937, #7866, #1815 ) ;
#11367 = DIRECTION ( 'NONE',  ( 1.000000000000000000, 0.000000000000000000, 0.000000000000000000 ) ) ;
#11368 = CARTESIAN_POINT ( 'NONE',  ( 26.25002500000000794, -0.6953999999999964654, 14.34400000000000119 ) ) ;
#11369 = CARTESIAN_POINT ( 'NONE',  ( -35.91710000000000491, -0.6641500000000026827, -13.78219999999999956 ) ) ;
#11370 = CARTESIAN_POINT ( 'NONE',  ( -35.23450000000000415, -0.6954000000000000181, 1.811549999999999994 ) ) ;
#11371 = EDGE_LOOP ( 'NONE', ( #2429, #6702, #12990, #5971 ) ) ;
#11372 = ADVANCED_FACE ( 'NONE', ( #8448 ), #1125, .F. ) ;
#11373 = FACE_OUTER_BOUND ( 'NONE', #7875, .T. ) ;
#11374 = ORIENTED_EDGE ( 'NONE', *, *, #99, .T. ) ;
#11375 = AXIS2_PLACEMENT_3D ( 'NONE', #3418, #4163, #3158 ) ;
#11376 = ORIENTED_EDGE ( 'NONE', *, *, #8053, .T. ) ;
#11377 = ORIENTED_EDGE ( 'NONE', *, *, #3945, .T. ) ;
#11378 = CYLINDRICAL_SURFACE ( 'NONE', #10602, 0.1565000000000003610 ) ;
#11379 = CARTESIAN_POINT ( 'NONE',  ( 3.593500000000001915, -0.7999999999999939382, 14.34400000000000475 ) ) ;
#11380 = DIRECTION ( 'NONE',  ( 1.240959386601371334E-16, -1.000000000000000000, -0.000000000000000000 ) ) ;
#11381 = DIRECTION ( 'NONE',  ( -1.000000000000000000, -0.000000000000000000, -0.000000000000000000 ) ) ;
#11382 = CARTESIAN_POINT ( 'NONE',  ( 36.02170047244094775, -0.2096999999999985820, 5.875000000000000000 ) ) ;
#11383 = AXIS2_PLACEMENT_3D ( 'NONE', #3576, #7470, #2367 ) ;
#11384 = CARTESIAN_POINT ( 'NONE',  ( -21.23442499999999455, 0.7000000000000407008, -12.43750000000001066 ) ) ;
#11385 = DIRECTION ( 'NONE',  ( -1.000000000000000000, -4.161428847396411586E-15, 0.000000000000000000 ) ) ;
#11386 = CYLINDRICAL_SURFACE ( 'NONE', #11793, 0.08125000000000121014 ) ;
#11387 = CARTESIAN_POINT ( 'NONE',  ( 28.38110000000001065, -0.5499999999999923839, -14.68749999999999467 ) ) ;
#11388 = ORIENTED_EDGE ( 'NONE', *, *, #3925, .F. ) ;
#11389 = AXIS2_PLACEMENT_3D ( 'NONE', #9697, #499, #5677 ) ;
#11390 = EDGE_LOOP ( 'NONE', ( #12917, #11627 ) ) ;
#11392 = EDGE_LOOP ( 'NONE', ( #12237, #11660, #6610, #12098 ) ) ;
#11391 = EDGE_CURVE ( 'NONE', #1797, #4721, #5301, .T. ) ;
#11393 = VECTOR ( 'NONE', #9651, 39.37007874015748143 ) ;
#11394 = VERTEX_POINT ( 'NONE', #3149 ) ;
#11395 = CARTESIAN_POINT ( 'NONE',  ( -28.53760000000000829, -0.5499999999999959366, 14.34400000000000475 ) ) ;
#11396 = ORIENTED_EDGE ( 'NONE', *, *, #6821, .F. ) ;
#11397 = CARTESIAN_POINT ( 'NONE',  ( -3.750000000000002220, -0.5499999999999943823, 14.34400000000000652 ) ) ;
#11398 = VERTEX_POINT ( 'NONE', #9389 ) ;
#11399 = CARTESIAN_POINT ( 'NONE',  ( -11.40652500000000380, -0.6953999999999986859, -14.89539999999999864 ) ) ;
#11400 = EDGE_CURVE ( 'NONE', #1579, #10527, #9950, .T. ) ;
#11401 = CARTESIAN_POINT ( 'NONE',  ( 22.10942500000000166, -0.4299000000000038346, 12.43750000000000178 ) ) ;
#11402 = CARTESIAN_POINT ( 'NONE',  ( -21.57817500000000521, -0.4299000000000038346, 2.539385547245945812E-15 ) ) ;
#11403 = CARTESIAN_POINT ( 'NONE',  ( -28.38110000000000355, -0.6953999999999997961, -14.34399999999999942 ) ) ;
#11404 = ORIENTED_EDGE ( 'NONE', *, *, #11459, .T. ) ;
#11405 = VECTOR ( 'NONE', #9380, 39.37007874015748143 ) ;
#11406 = VECTOR ( 'NONE', #8858, 39.37007874015748143 ) ;
#11407 = EDGE_LOOP ( 'NONE', ( #3420, #2677, #12375, #26 ) ) ;
#11408 = EDGE_CURVE ( 'NONE', #12369, #348, #2337, .T. ) ;
#11409 = ORIENTED_EDGE ( 'NONE', *, *, #2199, .T. ) ;
#11410 = CARTESIAN_POINT ( 'NONE',  ( 35.93750000000000000, -0.6641499999999999071, -14.89540000000000042 ) ) ;
#11411 = EDGE_CURVE ( 'NONE', #6731, #11268, #6525, .T. ) ;
#11412 = AXIS2_PLACEMENT_3D ( 'NONE', #7658, #10425, #5343 ) ;
#11413 = CARTESIAN_POINT ( 'NONE',  ( -26.25002500000000438, -0.6953999999999996851, -14.68749999999999112 ) ) ;
#11414 = ADVANCED_FACE ( 'NONE', ( #6433 ), #11318, .F. ) ;
#11415 = DIRECTION ( 'NONE',  ( 0.000000000000000000, 0.000000000000000000, -1.000000000000000000 ) ) ;
#11416 = CARTESIAN_POINT ( 'NONE',  ( 3.593499999999997474, -0.6953999999999979087, -14.34399999999999409 ) ) ;
#11417 = CARTESIAN_POINT ( 'NONE',  ( -35.23450000000000415, -0.7999999999999961586, -8.436550000000000438 ) ) ;
#11418 = DIRECTION ( 'NONE',  ( 1.000000000000000000, 0.000000000000000000, 0.000000000000000000 ) ) ;
#11419 = CARTESIAN_POINT ( 'NONE',  ( 21.73442499999999100, -0.6954000000000040149, 14.42187500000000178 ) ) ;
#11420 = DIRECTION ( 'NONE',  ( -0.000000000000000000, -1.000000000000000000, -1.332348806898293597E-16 ) ) ;
#11421 = EDGE_CURVE ( 'NONE', #11552, #7916, #2137, .T. ) ;
#11422 = VERTEX_POINT ( 'NONE', #10321 ) ;
#11423 = VECTOR ( 'NONE', #4029, 39.37007874015748143 ) ;
#11424 = ORIENTED_EDGE ( 'NONE', *, *, #3630, .T. ) ;
#11425 = ORIENTED_EDGE ( 'NONE', *, *, #5857, .F. ) ;
#11426 = DIRECTION ( 'NONE',  ( 0.000000000000000000, -1.000000000000000000, -1.332348806898293597E-16 ) ) ;
#11427 = EDGE_LOOP ( 'NONE', ( #5181, #2742 ) ) ;
#11428 = CARTESIAN_POINT ( 'NONE',  ( -18.90652500000000558, -0.6953999999999992410, -14.53099999999999170 ) ) ;
#11429 = LINE ( 'NONE', #1373, #2387 ) ;
#11430 = DIRECTION ( 'NONE',  ( 0.000000000000000000, -1.000000000000000000, 0.000000000000000000 ) ) ;
#11431 = LINE ( 'NONE', #9314, #6985 ) ;
#11432 = PLANE ( 'NONE',  #7334 ) ;
#11433 = EDGE_CURVE ( 'NONE', #6449, #8249, #4396, .T. ) ;
#11434 = FACE_OUTER_BOUND ( 'NONE', #7223, .T. ) ;
#11435 = ORIENTED_EDGE ( 'NONE', *, *, #6366, .T. ) ;
#11436 = DIRECTION ( 'NONE',  ( 1.000000000000000000, 0.000000000000000000, 0.000000000000000000 ) ) ;
#11437 = VERTEX_POINT ( 'NONE', #9324 ) ;
#11438 = CIRCLE ( 'NONE', #7390, 0.1565000000000003610 ) ;
#11439 = EDGE_LOOP ( 'NONE', ( #5670, #754, #11128, #8255, #9736 ) ) ;
#11440 = EDGE_CURVE ( 'NONE', #13130, #858, #1594, .T. ) ;
#11441 = VERTEX_POINT ( 'NONE', #7369 ) ;
#11442 = VECTOR ( 'NONE', #6435, 39.37007874015748143 ) ;
#11443 = CARTESIAN_POINT ( 'NONE',  ( -18.75002500000000438, -0.5499999999999952704, -14.53099999999998992 ) ) ;
#11444 = CARTESIAN_POINT ( 'NONE',  ( -17.31882500000000391, -0.6953999999999989079, -14.89539999999999864 ) ) ;
#11445 = DIRECTION ( 'NONE',  ( 0.000000000000000000, 0.000000000000000000, -1.000000000000000000 ) ) ;
#11446 = DIRECTION ( 'NONE',  ( -0.000000000000000000, -1.000000000000000000, -1.332348806898293597E-16 ) ) ;
#11447 = CARTESIAN_POINT ( 'NONE',  ( -35.91710000000000491, 0.5641500000000000403, 14.86415000000000219 ) ) ;
#11448 = DIRECTION ( 'NONE',  ( -0.000000000000000000, -1.000000000000000000, -1.332348806898293597E-16 ) ) ;
#11449 = CIRCLE ( 'NONE', #3321, 0.1250000000000029143 ) ;
#11450 = LINE ( 'NONE', #256, #5394 ) ;
#11451 = CARTESIAN_POINT ( 'NONE',  ( 28.38110000000001065, -0.6953999999999963544, -14.68749999999999467 ) ) ;
#11452 = VERTEX_POINT ( 'NONE', #115 ) ;
#11453 = ORIENTED_EDGE ( 'NONE', *, *, #6349, .T. ) ;
#11454 = VECTOR ( 'NONE', #5170, 39.37007874015748143 ) ;
#11455 = ADVANCED_FACE ( 'NONE', ( #9452 ), #11378, .F. ) ;
#11456 = ORIENTED_EDGE ( 'NONE', *, *, #9304, .T. ) ;
#11457 = AXIS2_PLACEMENT_3D ( 'NONE', #4759, #1471, #7713 ) ;
#11458 = AXIS2_PLACEMENT_3D ( 'NONE', #5337, #8216, #2302 ) ;
#11459 = EDGE_CURVE ( 'NONE', #7850, #3046, #10450, .T. ) ;
#11460 = ORIENTED_EDGE ( 'NONE', *, *, #9495, .T. ) ;
#11461 = CARTESIAN_POINT ( 'NONE',  ( -35.88585000000000491, 0.5641500000000000403, 14.78124999999999822 ) ) ;
#11462 = VERTEX_POINT ( 'NONE', #5365 ) ;
#11463 = DIRECTION ( 'NONE',  ( -1.000000000000000000, 0.000000000000000000, 0.000000000000000000 ) ) ;
#11464 = ORIENTED_EDGE ( 'NONE', *, *, #7247, .T. ) ;
#11465 = CARTESIAN_POINT ( 'NONE',  ( -17.31882500000000391, -0.7999999999999951594, -14.53099999999999348 ) ) ;
#11466 = DIRECTION ( 'NONE',  ( 0.000000000000000000, -1.000000000000000000, -2.967464690054594744E-16 ) ) ;
#11467 = CARTESIAN_POINT ( 'NONE',  ( 32.13110000000000355, -0.7999999999999921618, 14.18750000000000533 ) ) ;
#11468 = VECTOR ( 'NONE', #11381, 39.37007874015748143 ) ;
#11469 = DIRECTION ( 'NONE',  ( 1.000000000000000000, -0.000000000000000000, 0.000000000000000000 ) ) ;
#11470 = ORIENTED_EDGE ( 'NONE', *, *, #8288, .T. ) ;
#11471 = AXIS2_PLACEMENT_3D ( 'NONE', #1473, #5585, #8837 ) ;
#11472 = EDGE_CURVE ( 'NONE', #3849, #11158, #5253, .T. ) ;
#11473 = EDGE_CURVE ( 'NONE', #11398, #3812, #8247, .T. ) ;
#11474 = ORIENTED_EDGE ( 'NONE', *, *, #11916, .F. ) ;
#11475 = CIRCLE ( 'NONE', #3779, 0.1565000000000003610 ) ;
#11476 = ORIENTED_EDGE ( 'NONE', *, *, #5795, .F. ) ;
#11477 = CARTESIAN_POINT ( 'NONE',  ( -18.75002500000000794, -0.6953999999999992410, 14.34400000000000119 ) ) ;
#11478 = PLANE ( 'NONE',  #10533 ) ;
#11479 = AXIS2_PLACEMENT_3D ( 'NONE', #6466, #6333, #1421 ) ;
#11480 = LINE ( 'NONE', #12292, #12101 ) ;
#11481 = CARTESIAN_POINT ( 'NONE',  ( 7.484425000000007877, -0.6953999999999975756, -14.68749999999998579 ) ) ;
#11482 = CARTESIAN_POINT ( 'NONE',  ( -11.25002500000000794, -0.5499999999999948264, 14.34400000000000652 ) ) ;
#11483 = PLANE ( 'NONE',  #9079 ) ;
#11484 = DIRECTION ( 'NONE',  ( 0.000000000000000000, 1.000000000000000000, 0.000000000000000000 ) ) ;
#11485 = DIRECTION ( 'NONE',  ( 0.000000000000000000, 0.000000000000000000, -1.000000000000000000 ) ) ;
#11486 = CARTESIAN_POINT ( 'NONE',  ( 22.23442499999999811, -0.4299000000000038346, 2.512596398514597499E-15 ) ) ;
#11487 = VERTEX_POINT ( 'NONE', #9839 ) ;
#11488 = EDGE_CURVE ( 'NONE', #6539, #9151, #636, .T. ) ;
#11489 = ORIENTED_EDGE ( 'NONE', *, *, #8717, .T. ) ;
#11490 = EDGE_CURVE ( 'NONE', #1916, #7055, #4491, .T. ) ;
#11491 = VERTEX_POINT ( 'NONE', #3670 ) ;
#11492 = CARTESIAN_POINT ( 'NONE',  ( 18.59352500000000319, -0.7999999999999929390, 14.53099999999999703 ) ) ;
#11494 = ADVANCED_FACE ( 'NONE', ( #12907 ), #6626, .F. ) ;
#11493 = ORIENTED_EDGE ( 'NONE', *, *, #2735, .F. ) ;
#11495 = DIRECTION ( 'NONE',  ( 0.000000000000000000, -1.000000000000000000, -1.332348806898293597E-16 ) ) ;
#11496 = DIRECTION ( 'NONE',  ( -0.000000000000000000, -1.000000000000000000, -1.332348806898293597E-16 ) ) ;
#11497 = DIRECTION ( 'NONE',  ( -0.000000000000000000, -1.000000000000000000, -1.332348806898293597E-16 ) ) ;
#11498 = AXIS2_PLACEMENT_3D ( 'NONE', #11342, #142, #4253 ) ;
#11499 = AXIS2_PLACEMENT_3D ( 'NONE', #6600, #11681, #3645 ) ;
#11500 = DIRECTION ( 'NONE',  ( 0.000000000000000000, 0.000000000000000000, -1.000000000000000000 ) ) ;
#11501 = CARTESIAN_POINT ( 'NONE',  ( -18.59352500000000319, -0.5499999999999952704, -14.34399999999999586 ) ) ;
#11502 = DIRECTION ( 'NONE',  ( 0.000000000000000000, -1.000000000000000000, -2.967464690054594744E-16 ) ) ;
#11503 = EDGE_LOOP ( 'NONE', ( #6799, #9516, #204, #1268 ) ) ;
#11504 = DIRECTION ( 'NONE',  ( -0.000000000000000000, -1.000000000000000000, -1.332348806898293597E-16 ) ) ;
#11505 = ORIENTED_EDGE ( 'NONE', *, *, #3353, .T. ) ;
#11506 = VECTOR ( 'NONE', #5110, 39.37007874015748143 ) ;
#11507 = CIRCLE ( 'NONE', #13217, 0.2499999999999986955 ) ;
#11508 = CIRCLE ( 'NONE', #8736, 0.2187500000000013323 ) ;
#11509 = EDGE_CURVE ( 'NONE', #10482, #1779, #11006, .T. ) ;
#11510 = EDGE_LOOP ( 'NONE', ( #538, #8620, #784, #6155 ) ) ;
#11511 = ORIENTED_EDGE ( 'NONE', *, *, #5815, .T. ) ;
#11512 = DIRECTION ( 'NONE',  ( -1.000000000000000000, -0.000000000000000000, -0.000000000000000000 ) ) ;
#11513 = CARTESIAN_POINT ( 'NONE',  ( 36.02170047244094775, -0.2096999999999985820, 13.87500000000000000 ) ) ;
#11514 = LINE ( 'NONE', #188, #11442 ) ;
#11515 = CARTESIAN_POINT ( 'NONE',  ( 36.02170047244094775, -0.2096999999999985820, 5.749999999999996447 ) ) ;
#11516 = CARTESIAN_POINT ( 'NONE',  ( -17.16232500000000982, -0.5499999999999952704, 14.53100000000000058 ) ) ;
#11517 = PLANE ( 'NONE',  #4246 ) ;
#11518 = VECTOR ( 'NONE', #4846, 39.37007874015748143 ) ;
#11519 = EDGE_CURVE ( 'NONE', #7783, #750, #12780, .T. ) ;
#11520 = AXIS2_PLACEMENT_3D ( 'NONE', #12677, #12864, #4699 ) ;
#11521 = DIRECTION ( 'NONE',  ( -0.000000000000000000, -1.000000000000000000, -1.332348806898293597E-16 ) ) ;
#11522 = FACE_OUTER_BOUND ( 'NONE', #8144, .T. ) ;
#11523 = ORIENTED_EDGE ( 'NONE', *, *, #2875, .F. ) ;
#11524 = AXIS2_PLACEMENT_3D ( 'NONE', #12608, #9661, #11849 ) ;
#11525 = VERTEX_POINT ( 'NONE', #10897 ) ;
#11526 = AXIS2_PLACEMENT_3D ( 'NONE', #9458, #2207, #5439 ) ;
#11527 = ORIENTED_EDGE ( 'NONE', *, *, #969, .T. ) ;
#11528 = ORIENTED_EDGE ( 'NONE', *, *, #4502, .F. ) ;
#11529 = DIRECTION ( 'NONE',  ( -1.000000000000000000, 0.000000000000000000, 0.000000000000000000 ) ) ;
#11530 = ORIENTED_EDGE ( 'NONE', *, *, #11982, .T. ) ;
#11531 = DIRECTION ( 'NONE',  ( -0.000000000000000000, -1.000000000000000000, -1.332348806898293597E-16 ) ) ;
#11532 = ORIENTED_EDGE ( 'NONE', *, *, #3905, .F. ) ;
#11533 = FACE_OUTER_BOUND ( 'NONE', #2073, .T. ) ;
#11534 = CARTESIAN_POINT ( 'NONE',  ( 21.57792500000000047, -0.6953999999999965764, -14.89539999999999864 ) ) ;
#11535 = DIRECTION ( 'NONE',  ( 1.240959386601371334E-16, -1.000000000000000000, -0.000000000000000000 ) ) ;
#11536 = CARTESIAN_POINT ( 'NONE',  ( 11.40652500000000025, -0.5499999999999934941, -14.34399999999999764 ) ) ;
#11537 = ORIENTED_EDGE ( 'NONE', *, *, #11490, .F. ) ;
#11538 = EDGE_CURVE ( 'NONE', #8383, #1277, #3111, .T. ) ;
#11539 = EDGE_LOOP ( 'NONE', ( #4366, #8947, #2261, #7998 ) ) ;
#11540 = ORIENTED_EDGE ( 'NONE', *, *, #2243, .F. ) ;
#11541 = DIRECTION ( 'NONE',  ( 0.000000000000000000, -1.000000000000000000, -2.967464690054594744E-16 ) ) ;
#11542 = ORIENTED_EDGE ( 'NONE', *, *, #6652, .T. ) ;
#11543 = DIRECTION ( 'NONE',  ( 0.000000000000000000, -1.000000000000000000, 0.000000000000000000 ) ) ;
#11544 = DIRECTION ( 'NONE',  ( 0.000000000000000000, 1.215039069647390553E-16, -1.000000000000000000 ) ) ;
#11545 = FACE_OUTER_BOUND ( 'NONE', #5490, .T. ) ;
#11546 = CARTESIAN_POINT ( 'NONE',  ( -26.25002500000000794, -0.5499999999999958256, 14.34400000000000119 ) ) ;
#11547 = DIRECTION ( 'NONE',  ( 0.000000000000000000, 1.483732345027297372E-16, -1.000000000000000000 ) ) ;
#11548 = CARTESIAN_POINT ( 'NONE',  ( 26.25002500000000794, -0.7999999999999926059, 14.34400000000000119 ) ) ;
#11549 = CARTESIAN_POINT ( 'NONE',  ( 22.10942500000000521, -0.4299000000000038346, -12.43750000000001066 ) ) ;
#11550 = ORIENTED_EDGE ( 'NONE', *, *, #9223, .T. ) ;
#11551 = VERTEX_POINT ( 'NONE', #7830 ) ;
#11552 = VERTEX_POINT ( 'NONE', #8835 ) ;
#11553 = EDGE_CURVE ( 'NONE', #10722, #11525, #6560, .T. ) ;
#11554 = CARTESIAN_POINT ( 'NONE',  ( 33.63110000000000355, -0.7999999999999918288, 14.31249999999999822 ) ) ;
#11555 = ORIENTED_EDGE ( 'NONE', *, *, #10865, .F. ) ;
#11556 = PLANE ( 'NONE',  #3756 ) ;
#11557 = DIRECTION ( 'NONE',  ( -0.000000000000000000, -1.000000000000000000, -1.332348806898293597E-16 ) ) ;
#11558 = DIRECTION ( 'NONE',  ( 0.000000000000000000, -1.000000000000000000, -1.332348806898293597E-16 ) ) ;
#11559 = ADVANCED_FACE ( 'NONE', ( #8579 ), #3473, .F. ) ;
#11560 = CYLINDRICAL_SURFACE ( 'NONE', #4850, 0.1565000000000003610 ) ;
#11561 = LINE ( 'NONE', #11633, #11601 ) ;
#11562 = VECTOR ( 'NONE', #8245, 39.37007874015748143 ) ;
#11563 = EDGE_CURVE ( 'NONE', #12986, #10762, #2239, .T. ) ;
#11564 = CARTESIAN_POINT ( 'NONE',  ( 18.59352500000000319, -0.7999999999999929390, -14.34399999999999586 ) ) ;
#11565 = ORIENTED_EDGE ( 'NONE', *, *, #1914, .T. ) ;
#11566 = DIRECTION ( 'NONE',  ( 0.000000000000000000, 0.000000000000000000, -1.000000000000000000 ) ) ;
#11567 = VERTEX_POINT ( 'NONE', #11643 ) ;
#11568 = CIRCLE ( 'NONE', #1721, 0.1565000000000003610 ) ;
#11569 = VECTOR ( 'NONE', #10886, 39.37007874015748143 ) ;
#11570 = EDGE_CURVE ( 'NONE', #12710, #11348, #10769, .T. ) ;
#11571 = VECTOR ( 'NONE', #3972, 39.37007874015748143 ) ;
#11572 = EDGE_CURVE ( 'NONE', #1468, #1583, #9646, .T. ) ;
#11573 = EDGE_LOOP ( 'NONE', ( #12711, #8527, #12447, #3973, #3402 ) ) ;
#11574 = ORIENTED_EDGE ( 'NONE', *, *, #9968, .F. ) ;
#11575 = VECTOR ( 'NONE', #2040, 39.37007874015748143 ) ;
#11576 = DIRECTION ( 'NONE',  ( 0.000000000000000000, 0.000000000000000000, -1.000000000000000000 ) ) ;
#11577 = CARTESIAN_POINT ( 'NONE',  ( -28.22460000000000591, -0.5499999999999959366, -14.53099999999999703 ) ) ;
#11578 = LINE ( 'NONE', #12394, #6745 ) ;
#11579 = CARTESIAN_POINT ( 'NONE',  ( 35.93750000000000000, -0.6641499999999999071, -14.86415000000000219 ) ) ;
#11580 = EDGE_CURVE ( 'NONE', #12018, #6719, #507, .T. ) ;
#11581 = DIRECTION ( 'NONE',  ( -1.000000000000000000, -0.000000000000000000, -0.000000000000000000 ) ) ;
#11582 = PLANE ( 'NONE',  #5111 ) ;
#11583 = LINE ( 'NONE', #391, #6202 ) ;
#11584 = CARTESIAN_POINT ( 'NONE',  ( 35.93750000000000000, 0.5954000000000035930, -14.89540000000000042 ) ) ;
#11585 = AXIS2_PLACEMENT_3D ( 'NONE', #11719, #2469, #2542 ) ;
#11586 = ORIENTED_EDGE ( 'NONE', *, *, #1497, .F. ) ;
#11587 = VECTOR ( 'NONE', #5674, 39.37007874015748143 ) ;
#11588 = ORIENTED_EDGE ( 'NONE', *, *, #11979, .T. ) ;
#11589 = EDGE_CURVE ( 'NONE', #10657, #3421, #11438, .T. ) ;
#11590 = VERTEX_POINT ( 'NONE', #7698 ) ;
#11591 = PLANE ( 'NONE',  #11524 ) ;
#11592 = VERTEX_POINT ( 'NONE', #1584 ) ;
#11593 = AXIS2_PLACEMENT_3D ( 'NONE', #9551, #12752, #10484 ) ;
#11594 = DIRECTION ( 'NONE',  ( 0.000000000000000000, -1.000000000000000000, 0.000000000000000000 ) ) ;
#11595 = VERTEX_POINT ( 'NONE', #5688 ) ;
#11596 = CYLINDRICAL_SURFACE ( 'NONE', #9767, 0.1565000000000003610 ) ;
#11597 = VERTEX_POINT ( 'NONE', #7765 ) ;
#11598 = LINE ( 'NONE', #12675, #11813 ) ;
#11599 = DIRECTION ( 'NONE',  ( -0.000000000000000000, -1.000000000000000000, -1.332348806898293597E-16 ) ) ;
#11600 = CARTESIAN_POINT ( 'NONE',  ( -21.35942499999999455, -0.6207000000000038042, -12.43750000000001066 ) ) ;
#11601 = VECTOR ( 'NONE', #2450, 39.37007874015748143 ) ;
#11602 = CARTESIAN_POINT ( 'NONE',  ( -28.22460000000000591, -0.7999999999999958256, -14.34399999999999942 ) ) ;
#11603 = ORIENTED_EDGE ( 'NONE', *, *, #3133, .F. ) ;
#11604 = EDGE_CURVE ( 'NONE', #2548, #7101, #9772, .T. ) ;
#11605 = VECTOR ( 'NONE', #8205, 39.37007874015748143 ) ;
#11606 = ORIENTED_EDGE ( 'NONE', *, *, #5848, .F. ) ;
#11607 = VERTEX_POINT ( 'NONE', #8770 ) ;
#11608 = DIRECTION ( 'NONE',  ( 0.000000000000000000, 0.000000000000000000, -1.000000000000000000 ) ) ;
#11609 = ORIENTED_EDGE ( 'NONE', *, *, #8902, .F. ) ;
#11610 = CARTESIAN_POINT ( 'NONE',  ( -35.91709999999999781, -0.2096999999999985820, 6.000000000000003553 ) ) ;
#11611 = ADVANCED_FACE ( 'NONE', ( #10836 ), #1650, .T. ) ;
#11612 = DIRECTION ( 'NONE',  ( 1.000000000000000000, -0.000000000000000000, 0.000000000000000000 ) ) ;
#11613 = CARTESIAN_POINT ( 'NONE',  ( 26.25002500000000794, -0.5499999999999926059, -14.53099999999998992 ) ) ;
#11614 = ADVANCED_FACE ( 'NONE', ( #843 ), #12105, .F. ) ;
#11615 = CYLINDRICAL_SURFACE ( 'NONE', #572, 0.1250000000000037192 ) ;
#11616 = PLANE ( 'NONE',  #490 ) ;
#11617 = AXIS2_PLACEMENT_3D ( 'NONE', #11699, #6875, #11960 ) ;
#11618 = VECTOR ( 'NONE', #10180, 39.37007874015748143 ) ;
#11619 = LINE ( 'NONE', #10809, #2591 ) ;
#11621 = VECTOR ( 'NONE', #6321, 39.37007874015748143 ) ;
#11620 = FACE_OUTER_BOUND ( 'NONE', #424, .T. ) ;
#11622 = VERTEX_POINT ( 'NONE', #1852 ) ;
#11623 = ORIENTED_EDGE ( 'NONE', *, *, #9884, .F. ) ;
#11624 = EDGE_CURVE ( 'NONE', #1724, #4577, #8900, .T. ) ;
#11625 = CIRCLE ( 'NONE', #3926, 0.1565000000000003610 ) ;
#11626 = CIRCLE ( 'NONE', #54, 0.1565000000000003610 ) ;
#11627 = ORIENTED_EDGE ( 'NONE', *, *, #8993, .F. ) ;
#11628 = CYLINDRICAL_SURFACE ( 'NONE', #7047, 0.03119999999999938448 ) ;
#11629 = DIRECTION ( 'NONE',  ( 0.000000000000000000, 0.000000000000000000, 1.000000000000000000 ) ) ;
#11630 = DIRECTION ( 'NONE',  ( 0.000000000000000000, 0.000000000000000000, 1.000000000000000000 ) ) ;
#11631 = DIRECTION ( 'NONE',  ( 0.000000000000000000, 0.000000000000000000, -1.000000000000000000 ) ) ;
#11632 = DIRECTION ( 'NONE',  ( 0.000000000000000000, 0.000000000000000000, -1.000000000000000000 ) ) ;
#11633 = CARTESIAN_POINT ( 'NONE',  ( -3.906499999999998529, -0.5499999999999943823, -14.34399999999999409 ) ) ;
#11634 = DIRECTION ( 'NONE',  ( -1.000000000000000000, 0.000000000000000000, 0.000000000000000000 ) ) ;
#11635 = CIRCLE ( 'NONE', #10157, 0.1565000000000003610 ) ;
#11636 = FACE_OUTER_BOUND ( 'NONE', #3777, .T. ) ;
#11637 = EDGE_LOOP ( 'NONE', ( #1824, #2455, #11527, #9142 ) ) ;
#11638 = EDGE_CURVE ( 'NONE', #5799, #8918, #1804, .T. ) ;
#11639 = EDGE_CURVE ( 'NONE', #9102, #2265, #12724, .T. ) ;
#11640 = ORIENTED_EDGE ( 'NONE', *, *, #9946, .F. ) ;
#11641 = CIRCLE ( 'NONE', #8238, 0.1565000000000003610 ) ;
#11642 = ORIENTED_EDGE ( 'NONE', *, *, #10865, .T. ) ;
#11643 = CARTESIAN_POINT ( 'NONE',  ( -21.79692500000000166, -0.6207000000000038042, 13.92187500000000178 ) ) ;
#11644 = CYLINDRICAL_SURFACE ( 'NONE', #3614, 0.08124999999999903133 ) ;
#11645 = CARTESIAN_POINT ( 'NONE',  ( -32.28760000000000474, -0.6954000000000000181, -14.34399999999999942 ) ) ;
#11646 = DIRECTION ( 'NONE',  ( -1.000000000000000000, -0.000000000000000000, -0.000000000000000000 ) ) ;
#11647 = PLANE ( 'NONE',  #9056 ) ;
#11648 = DIRECTION ( 'NONE',  ( 0.000000000000000000, 0.000000000000000000, 1.000000000000000000 ) ) ;
#11649 = DIRECTION ( 'NONE',  ( -0.000000000000000000, -0.000000000000000000, -1.000000000000000000 ) ) ;
#11650 = FACE_OUTER_BOUND ( 'NONE', #3482, .T. ) ;
#11651 = ORIENTED_EDGE ( 'NONE', *, *, #11105, .F. ) ;
#11652 = VERTEX_POINT ( 'NONE', #3803 ) ;
#11653 = VECTOR ( 'NONE', #7964, 39.37007874015748143 ) ;
#11654 = EDGE_CURVE ( 'NONE', #7067, #10175, #6741, .T. ) ;
#11655 = VECTOR ( 'NONE', #2270, 39.37007874015748143 ) ;
#11656 = ORIENTED_EDGE ( 'NONE', *, *, #486, .F. ) ;
#11657 = DIRECTION ( 'NONE',  ( 0.000000000000000000, -1.000000000000000000, -2.967464690054594744E-16 ) ) ;
#11658 = ORIENTED_EDGE ( 'NONE', *, *, #3845, .T. ) ;
#11659 = CARTESIAN_POINT ( 'NONE',  ( -21.89092500000000285, -0.5499999999999954925, -14.53099999999999348 ) ) ;
#11660 = ORIENTED_EDGE ( 'NONE', *, *, #12593, .T. ) ;
#11661 = PLANE ( 'NONE',  #5919 ) ;
#11662 = VERTEX_POINT ( 'NONE', #3066 ) ;
#11663 = DIRECTION ( 'NONE',  ( -0.000000000000000000, -0.000000000000000000, 1.000000000000000000 ) ) ;
#11664 = VECTOR ( 'NONE', #10500, 39.37007874015748143 ) ;
#11665 = ADVANCED_FACE ( 'NONE', ( #1986 ), #11166, .F. ) ;
#11666 = CARTESIAN_POINT ( 'NONE',  ( 7.484424999999999883, -0.7999999999999936051, 14.53100000000000591 ) ) ;
#11667 = DIRECTION ( 'NONE',  ( 1.000000000000000000, 0.000000000000000000, 0.000000000000000000 ) ) ;
#11668 = LINE ( 'NONE', #2685, #787 ) ;
#11669 = ORIENTED_EDGE ( 'NONE', *, *, #8865, .F. ) ;
#11670 = AXIS2_PLACEMENT_3D ( 'NONE', #4371, #9341, #2284 ) ;
#11671 = CIRCLE ( 'NONE', #11458, 0.1565000000000003610 ) ;
#11672 = VERTEX_POINT ( 'NONE', #2858 ) ;
#11673 = ORIENTED_EDGE ( 'NONE', *, *, #10283, .T. ) ;
#11674 = LINE ( 'NONE', #415, #7636 ) ;
#11675 = ORIENTED_EDGE ( 'NONE', *, *, #3601, .F. ) ;
#11676 = ADVANCED_FACE ( 'NONE', ( #5083 ), #6088, .F. ) ;
#11677 = AXIS2_PLACEMENT_3D ( 'NONE', #3087, #11254, #3343 ) ;
#11678 = CARTESIAN_POINT ( 'NONE',  ( -22.09727500000001044, -0.6207000000000038042, 14.79687500000000000 ) ) ;
#11679 = DIRECTION ( 'NONE',  ( 0.000000000000000000, -1.000000000000000000, -1.332348806898293597E-16 ) ) ;
#11680 = LINE ( 'NONE', #2502, #8328 ) ;
#11681 = DIRECTION ( 'NONE',  ( 0.000000000000000000, -1.000000000000000000, -2.967464690054594744E-16 ) ) ;
#11682 = FACE_OUTER_BOUND ( 'NONE', #11539, .T. ) ;
#11683 = VECTOR ( 'NONE', #12453, 39.37007874015748143 ) ;
#11684 = DIRECTION ( 'NONE',  ( -0.000000000000000000, -1.000000000000000000, -1.332348806898293597E-16 ) ) ;
#11685 = VECTOR ( 'NONE', #3230, 39.37007874015748143 ) ;
#11686 = LINE ( 'NONE', #10810, #13004 ) ;
#11687 = ADVANCED_FACE ( 'NONE', ( #6948, #706 ), #7900, .F. ) ;
#11688 = ORIENTED_EDGE ( 'NONE', *, *, #509, .F. ) ;
#11689 = AXIS2_PLACEMENT_3D ( 'NONE', #11235, #9038, #13246 ) ;
#11690 = ORIENTED_EDGE ( 'NONE', *, *, #4303, .F. ) ;
#11691 = AXIS2_PLACEMENT_3D ( 'NONE', #11901, #7960, #12032 ) ;
#11692 = EDGE_LOOP ( 'NONE', ( #8212, #11225, #263, #9350 ) ) ;
#11693 = CARTESIAN_POINT ( 'NONE',  ( -20.89067499999999811, -0.5895000000000039098, -14.79687500000000000 ) ) ;
#11694 = DIRECTION ( 'NONE',  ( 0.000000000000000000, -1.000000000000000000, -2.967464690054594744E-16 ) ) ;
#11695 = CARTESIAN_POINT ( 'NONE',  ( 35.23450000000000415, -0.6953999999999956882, 1.936550000000002880 ) ) ;
#11696 = LINE ( 'NONE', #7885, #11708 ) ;
#11697 = APPLICATION_PROTOCOL_DEFINITION ( 'draft international standard', 'automotive_design', 1998, #6050 ) ;
#11698 = CARTESIAN_POINT ( 'NONE',  ( 26.25002500000000794, -0.6953999999999964654, 14.18750000000000178 ) ) ;
#11699 = CARTESIAN_POINT ( 'NONE',  ( -28.38110000000001065, -0.7999999999999958256, 14.53100000000000058 ) ) ;
#11700 = CARTESIAN_POINT ( 'NONE',  ( 32.13110000000000355, -0.6953999999999961323, 14.34400000000000652 ) ) ;
#11701 = ORIENTED_EDGE ( 'NONE', *, *, #2408, .F. ) ;
#11702 = ADVANCED_FACE ( 'NONE', ( #11029 ), #10046, .F. ) ;
#11703 = EDGE_CURVE ( 'NONE', #7784, #8007, #12244, .T. ) ;
#11704 = PRODUCT_DEFINITION_FORMATION_WITH_SPECIFIED_SOURCE ( 'ANY', '', #7120, .NOT_KNOWN. ) ;
#11706 = VERTEX_POINT ( 'NONE', #2795 ) ;
#11705 = EDGE_CURVE ( 'NONE', #8696, #11819, #3932, .T. ) ;
#11707 = AXIS2_PLACEMENT_3D ( 'NONE', #8408, #1281, #340 ) ;
#11708 = VECTOR ( 'NONE', #12705, 39.37007874015748143 ) ;
#11709 = ORIENTED_EDGE ( 'NONE', *, *, #3461, .T. ) ;
#11710 = ADVANCED_FACE ( 'NONE', ( #10960 ), #1780, .F. ) ;
#11711 = DIRECTION ( 'NONE',  ( 0.000000000000000000, -1.000000000000000000, -1.332348806898293597E-16 ) ) ;
#11712 = CARTESIAN_POINT ( 'NONE',  ( 35.93750000000000000, -0.7999999999999999334, -13.97480000000000011 ) ) ;
#11713 = DIRECTION ( 'NONE',  ( 0.000000000000000000, 0.000000000000000000, -1.000000000000000000 ) ) ;
#11714 = DIRECTION ( 'NONE',  ( 0.000000000000000000, 0.000000000000000000, -1.000000000000000000 ) ) ;
#11715 = CARTESIAN_POINT ( 'NONE',  ( 21.73442499999999811, -0.5499999999999928280, -14.53099999999999170 ) ) ;
#11716 = CARTESIAN_POINT ( 'NONE',  ( -18.90652500000000913, -0.5499999999999952704, 14.34399999999999942 ) ) ;
#11717 = LINE ( 'NONE', #3616, #10018 ) ;
#11718 = AXIS2_PLACEMENT_3D ( 'NONE', #4971, #7110, #2956 ) ;
#11719 = CARTESIAN_POINT ( 'NONE',  ( 21.92192499999999455, -0.6207000000000038042, 13.92187500000000178 ) ) ;
#11720 = EDGE_LOOP ( 'NONE', ( #11565, #7925, #4986, #8951 ) ) ;
#11721 = VECTOR ( 'NONE', #5306, 39.37007874015748143 ) ;
#11722 = VECTOR ( 'NONE', #4652, 39.37007874015748143 ) ;
#11723 = EDGE_LOOP ( 'NONE', ( #10990, #2378, #13006, #6542 ) ) ;
#11724 = VERTEX_POINT ( 'NONE', #8972 ) ;
#11725 = LINE ( 'NONE', #1599, #2756 ) ;
#11726 = ORIENTED_EDGE ( 'NONE', *, *, #9729, .T. ) ;
#11727 = CIRCLE ( 'NONE', #1449, 0.2499999999999986955 ) ;
#11728 = LINE ( 'NONE', #2552, #5481 ) ;
#11729 = ORIENTED_EDGE ( 'NONE', *, *, #1963, .F. ) ;
#11730 = AXIS2_PLACEMENT_3D ( 'NONE', #9109, #9979, #1786 ) ;
#11731 = ORIENTED_EDGE ( 'NONE', *, *, #2443, .T. ) ;
#11732 = DIRECTION ( 'NONE',  ( 0.000000000000000000, 0.000000000000000000, -1.000000000000000000 ) ) ;
#11733 = AXIS2_PLACEMENT_3D ( 'NONE', #9059, #4025, #10066 ) ;
#11734 = DIRECTION ( 'NONE',  ( 0.000000000000000000, 0.000000000000000000, -1.000000000000000000 ) ) ;
#11735 = PLANE ( 'NONE',  #5864 ) ;
#11737 = EDGE_CURVE ( 'NONE', #618, #3148, #5957, .T. ) ;
#11736 = CIRCLE ( 'NONE', #2973, 0.2559055118110260540 ) ;
#11738 = CARTESIAN_POINT ( 'NONE',  ( -33.07086614173228156, 0.7000000000000011768, 4.339299682018177352E-16 ) ) ;
#11739 = CARTESIAN_POINT ( 'NONE',  ( -34.89030000000000342, -0.6954000000000027937, -13.78219999999999956 ) ) ;
#11740 = VERTEX_POINT ( 'NONE', #8099 ) ;
#11741 = VECTOR ( 'NONE', #4680, 39.37007874015748143 ) ;
#11742 = EDGE_CURVE ( 'NONE', #1078, #3182, #12177, .T. ) ;
#11743 = ORIENTED_EDGE ( 'NONE', *, *, #3963, .T. ) ;
#11744 = CIRCLE ( 'NONE', #3619, 0.1565000000000003610 ) ;
#11745 = ORIENTED_EDGE ( 'NONE', *, *, #5463, .F. ) ;
#11746 = DIRECTION ( 'NONE',  ( 0.000000000000000000, -1.000000000000000000, -2.967464690054594744E-16 ) ) ;
#11747 = ORIENTED_EDGE ( 'NONE', *, *, #3881, .T. ) ;
#11748 = EDGE_CURVE ( 'NONE', #1726, #293, #10612, .T. ) ;
#11749 = CARTESIAN_POINT ( 'NONE',  ( -17.00582500000000152, -0.8000000000000000444, -14.53099999999999348 ) ) ;
#11750 = CIRCLE ( 'NONE', #3833, 0.2499999999999986955 ) ;
#11751 = DIRECTION ( 'NONE',  ( -0.000000000000000000, -0.000000000000000000, 1.000000000000000000 ) ) ;
#11752 = DIRECTION ( 'NONE',  ( -1.000000000000000000, 0.000000000000000000, 0.000000000000000000 ) ) ;
#11753 = CARTESIAN_POINT ( 'NONE',  ( -17.00582500000001218, -0.6954000000000036819, 14.53100000000000058 ) ) ;
#11754 = CARTESIAN_POINT ( 'NONE',  ( -35.23450000000000415, -0.7999999999999961586, 8.436550000000002214 ) ) ;
#11755 = DIRECTION ( 'NONE',  ( -1.000000000000000000, 0.000000000000000000, -0.000000000000000000 ) ) ;
#11756 = CARTESIAN_POINT ( 'NONE',  ( 0.000000000000000000, 0.000000000000000000, -14.78124999999999822 ) ) ;
#11757 = EDGE_LOOP ( 'NONE', ( #4033, #4346, #2335, #9972 ) ) ;
#11758 = EDGE_CURVE ( 'NONE', #11790, #1277, #1306, .T. ) ;
#11759 = ADVANCED_FACE ( 'NONE', ( #6420 ), #11556, .F. ) ;
#11760 = VERTEX_POINT ( 'NONE', #5154 ) ;
#11761 = EDGE_LOOP ( 'NONE', ( #789, #7020, #1118, #9738 ) ) ;
#11762 = LINE ( 'NONE', #1304, #1246 ) ;
#11763 = CARTESIAN_POINT ( 'NONE',  ( -33.07086614173228156, 0.7000000000000011768, -3.543307086614173151 ) ) ;
#11764 = CARTESIAN_POINT ( 'NONE',  ( 22.50347500000000167, 0.3358499999999960961, 14.67187500000000000 ) ) ;
#11765 = CARTESIAN_POINT ( 'NONE',  ( -21.57792500000000402, -0.7999999999999953815, -14.34399999999999764 ) ) ;
#11766 = CARTESIAN_POINT ( 'NONE',  ( -7.640925000000000189, -0.5499999999999946043, 14.53100000000000591 ) ) ;
#11767 = CYLINDRICAL_SURFACE ( 'NONE', #10763, 0.1250000000000037192 ) ;
#11768 = DIRECTION ( 'NONE',  ( 0.000000000000000000, 0.000000000000000000, -1.000000000000000000 ) ) ;
#11769 = ORIENTED_EDGE ( 'NONE', *, *, #10496, .F. ) ;
#11770 = ORIENTED_EDGE ( 'NONE', *, *, #4591, .T. ) ;
#11771 = AXIS2_PLACEMENT_3D ( 'NONE', #9250, #5162, #7222 ) ;
#11772 = VERTEX_POINT ( 'NONE', #234 ) ;
#11773 = DIRECTION ( 'NONE',  ( 0.000000000000000000, -1.000000000000000000, -2.967464690054594744E-16 ) ) ;
#11774 = DIRECTION ( 'NONE',  ( 0.000000000000000000, 0.000000000000000000, -1.000000000000000000 ) ) ;
#11775 = DIRECTION ( 'NONE',  ( 1.000000000000000000, 5.463695987328555033E-16, -0.000000000000000000 ) ) ;
#11776 = CYLINDRICAL_SURFACE ( 'NONE', #5926, 0.1565000000000003610 ) ;
#11777 = CARTESIAN_POINT ( 'NONE',  ( -21.54692499999999811, 0.7000000000000405898, -13.92187500000001066 ) ) ;
#11778 = ADVANCED_FACE ( 'NONE', ( #1243 ), #5418, .F. ) ;
#11779 = DIRECTION ( 'NONE',  ( -1.000000000000000000, 0.000000000000000000, 0.000000000000000000 ) ) ;
#11780 = DIRECTION ( 'NONE',  ( 0.000000000000000000, 0.000000000000000000, -1.000000000000000000 ) ) ;
#11781 = CARTESIAN_POINT ( 'NONE',  ( -21.73442500000000877, -0.5499999999999954925, 14.53100000000000058 ) ) ;
#11782 = ORIENTED_EDGE ( 'NONE', *, *, #9643, .F. ) ;
#11783 = ORIENTED_EDGE ( 'NONE', *, *, #278, .F. ) ;
#11784 = CIRCLE ( 'NONE', #869, 0.03125000000000147798 ) ;
#11785 = CIRCLE ( 'NONE', #10721, 0.2187500000000015821 ) ;
#11786 = ORIENTED_EDGE ( 'NONE', *, *, #1973, .T. ) ;
#11787 = DIRECTION ( 'NONE',  ( 1.240959386601371334E-16, -1.000000000000000000, -0.000000000000000000 ) ) ;
#11788 = ORIENTED_EDGE ( 'NONE', *, *, #10585, .F. ) ;
#11789 = LINE ( 'NONE', #2615, #5696 ) ;
#11790 = VERTEX_POINT ( 'NONE', #12573 ) ;
#11791 = ORIENTED_EDGE ( 'NONE', *, *, #7912, .T. ) ;
#11792 = CARTESIAN_POINT ( 'NONE',  ( 33.32677165354327542, 0.7000000000000373701, -3.543307086614400525 ) ) ;
#11793 = AXIS2_PLACEMENT_3D ( 'NONE', #6183, #8521, #7377 ) ;
#11794 = DIRECTION ( 'NONE',  ( 0.000000000000000000, -1.000000000000000000, -2.967464690054594744E-16 ) ) ;
#11795 = DIRECTION ( 'NONE',  ( 0.000000000000000000, -1.000000000000000000, -1.332348806898293597E-16 ) ) ;
#11796 = LINE ( 'NONE', #9430, #13117 ) ;
#11797 = VERTEX_POINT ( 'NONE', #12376 ) ;
#11798 = EDGE_CURVE ( 'NONE', #5646, #137, #2186, .T. ) ;
#11799 = AXIS2_PLACEMENT_3D ( 'NONE', #417, #2301, #2433 ) ;
#11800 = VERTEX_POINT ( 'NONE', #1109 ) ;
#11801 = EDGE_CURVE ( 'NONE', #63, #3689, #9239, .T. ) ;
#11802 = ORIENTED_EDGE ( 'NONE', *, *, #12387, .F. ) ;
#11803 = DIRECTION ( 'NONE',  ( 1.000000000000000000, 1.240959386601371334E-16, 0.000000000000000000 ) ) ;
#11804 = ORIENTED_EDGE ( 'NONE', *, *, #2243, .T. ) ;
#11805 = ORIENTED_EDGE ( 'NONE', *, *, #11114, .F. ) ;
#11806 = CYLINDRICAL_SURFACE ( 'NONE', #7971, 0.03124999999999929223 ) ;
#11807 = CARTESIAN_POINT ( 'NONE',  ( -22.12847500000001233, -0.5895000000000039098, 14.79687500000000000 ) ) ;
#11808 = PLANE ( 'NONE',  #9802 ) ;
#11809 = CYLINDRICAL_SURFACE ( 'NONE', #9163, 0.1250000000000037192 ) ;
#11810 = DIRECTION ( 'NONE',  ( 0.000000000000000000, 0.000000000000000000, -1.000000000000000000 ) ) ;
#11811 = DIRECTION ( 'NONE',  ( 0.000000000000000000, -1.000000000000000000, -1.332348806898293597E-16 ) ) ;
#11812 = CARTESIAN_POINT ( 'NONE',  ( 35.88585000000000491, -0.6641500000000021275, 13.78219999999999956 ) ) ;
#11813 = VECTOR ( 'NONE', #5521, 39.37007874015748143 ) ;
#11814 = ORIENTED_EDGE ( 'NONE', *, *, #617, .T. ) ;
#11815 = ORIENTED_EDGE ( 'NONE', *, *, #3353, .F. ) ;
#11816 = EDGE_CURVE ( 'NONE', #8062, #11552, #8268, .T. ) ;
#11817 = ADVANCED_FACE ( 'NONE', ( #10371 ), #9502, .F. ) ;
#11818 = EDGE_LOOP ( 'NONE', ( #12664, #7642, #7709, #7961 ) ) ;
#11819 = VERTEX_POINT ( 'NONE', #2322 ) ;
#11820 = DIRECTION ( 'NONE',  ( 0.000000000000000000, 0.000000000000000000, 1.000000000000000000 ) ) ;
#11821 = CARTESIAN_POINT ( 'NONE',  ( -33.63110000000000355, -0.6953999999999999071, -14.43750000000000000 ) ) ;
#11822 = LINE ( 'NONE', #11087, #11228 ) ;
#11823 = DIRECTION ( 'NONE',  ( 0.000000000000000000, -1.000000000000000000, -2.967464690054594744E-16 ) ) ;
#11824 = DIRECTION ( 'NONE',  ( 1.240959386601371334E-16, -1.000000000000000000, -0.000000000000000000 ) ) ;
#11825 = EDGE_CURVE ( 'NONE', #2052, #8557, #1177, .T. ) ;
#11826 = DIRECTION ( 'NONE',  ( -0.000000000000000000, 0.000000000000000000, -1.000000000000000000 ) ) ;
#11827 = LINE ( 'NONE', #2393, #11995 ) ;
#11828 = ORIENTED_EDGE ( 'NONE', *, *, #4775, .F. ) ;
#11829 = CIRCLE ( 'NONE', #13109, 0.2187500000000013323 ) ;
#11830 = CIRCLE ( 'NONE', #7134, 0.1565000000000003610 ) ;
#11831 = ORIENTED_EDGE ( 'NONE', *, *, #854, .T. ) ;
#11832 = ORIENTED_EDGE ( 'NONE', *, *, #2473, .F. ) ;
#11833 = CARTESIAN_POINT ( 'NONE',  ( 36.02170047244094775, -0.2096999999999985820, -5.875000000000000000 ) ) ;
#11834 = FILL_AREA_STYLE ('',( #10712 ) ) ;
#11835 = EDGE_CURVE ( 'NONE', #3483, #6291, #9116, .T. ) ;
#11837 = CARTESIAN_POINT ( 'NONE',  ( 21.73442499999999455, -0.6954000000000040149, -14.42187500000001066 ) ) ;
#11836 = VECTOR ( 'NONE', #2311, 39.37007874015748143 ) ;
#11838 = CARTESIAN_POINT ( 'NONE',  ( -31.97460000000000235, -0.5499999999999961586, -14.34399999999999942 ) ) ;
#11839 = CARTESIAN_POINT ( 'NONE',  ( -20.99657499999999999, -0.5895000000000039098, -14.79687500000000000 ) ) ;
#11840 = CARTESIAN_POINT ( 'NONE',  ( 33.07086614173230998, 0.7000000000000371481, 3.543307086613945778 ) ) ;
#11841 = DIRECTION ( 'NONE',  ( -1.000000000000000000, -0.000000000000000000, -0.000000000000000000 ) ) ;
#11842 = CARTESIAN_POINT ( 'NONE',  ( -36.02170000000000272, -0.6340999999999995529, 13.78219999999999956 ) ) ;
#11843 = ORIENTED_EDGE ( 'NONE', *, *, #2132, .F. ) ;
#11844 = ADVANCED_FACE ( 'NONE', ( #7485 ), #8234, .F. ) ;
#11845 = ORIENTED_EDGE ( 'NONE', *, *, #5199, .F. ) ;
#11846 = AXIS2_PLACEMENT_3D ( 'NONE', #58, #5309, #9400 ) ;
#11847 = ADVANCED_FACE ( 'NONE', ( #9436 ), #1047, .F. ) ;
#11848 = VERTEX_POINT ( 'NONE', #4340 ) ;
#11849 = DIRECTION ( 'NONE',  ( 0.000000000000000000, 0.000000000000000000, -1.000000000000000000 ) ) ;
#11850 = ORIENTED_EDGE ( 'NONE', *, *, #12859, .T. ) ;
#11851 = DIRECTION ( 'NONE',  ( 1.000000000000000000, -0.000000000000000000, -0.000000000000000000 ) ) ;
#11852 = VERTEX_POINT ( 'NONE', #11428 ) ;
#11853 = ORIENTED_EDGE ( 'NONE', *, *, #11013, .T. ) ;
#11854 = PLANE ( 'NONE',  #11020 ) ;
#11855 = CARTESIAN_POINT ( 'NONE',  ( -17.16232500000000982, -0.7999999999999951594, 14.34400000000000652 ) ) ;
#11856 = PRESENTATION_STYLE_ASSIGNMENT (( #11928 ) ) ;
#11857 = FACE_BOUND ( 'NONE', #7593, .T. ) ;
#11858 = FACE_OUTER_BOUND ( 'NONE', #2135, .T. ) ;
#11859 = EDGE_LOOP ( 'NONE', ( #6391, #8009, #702, #11999 ) ) ;
#11860 = EDGE_CURVE ( 'NONE', #8810, #8534, #10392, .T. ) ;
#11861 = EDGE_CURVE ( 'NONE', #5397, #6639, #5897, .T. ) ;
#11862 = VERTEX_POINT ( 'NONE', #3323 ) ;
#11863 = CIRCLE ( 'NONE', #1593, 0.08124999999999903133 ) ;
#11864 = AXIS2_PLACEMENT_3D ( 'NONE', #6018, #13243, #1921 ) ;
#11865 = EDGE_LOOP ( 'NONE', ( #8683, #4735, #588, #460, #586 ) ) ;
#11866 = CARTESIAN_POINT ( 'NONE',  ( 21.73442500000000877, -0.6953999999999967985, 14.34400000000000652 ) ) ;
#11867 = ORIENTED_EDGE ( 'NONE', *, *, #3126, .F. ) ;
#11868 = ORIENTED_EDGE ( 'NONE', *, *, #11926, .T. ) ;
#11869 = FACE_BOUND ( 'NONE', #1582, .T. ) ;
#11870 = VECTOR ( 'NONE', #3342, 39.37007874015748143 ) ;
#11871 = DIRECTION ( 'NONE',  ( 1.240959386601371334E-16, -1.000000000000000000, -0.000000000000000000 ) ) ;
#11872 = CARTESIAN_POINT ( 'NONE',  ( 35.93750000000000000, 0.7000000000000037303, -15.00000000000000000 ) ) ;
#11873 = DIRECTION ( 'NONE',  ( -0.000000000000000000, -2.967464690054594744E-16, 1.000000000000000000 ) ) ;
#11874 = CARTESIAN_POINT ( 'NONE',  ( -26.40652500000000913, -0.5499999999999958256, 14.34399999999999942 ) ) ;
#11875 = CARTESIAN_POINT ( 'NONE',  ( 35.93750000000000000, 0.7000000000000000666, 14.91875000000000107 ) ) ;
#11876 = ORIENTED_EDGE ( 'NONE', *, *, #1499, .T. ) ;
#11877 = CIRCLE ( 'NONE', #11909, 0.1565000000000003610 ) ;
#11878 = EDGE_CURVE ( 'NONE', #9302, #6309, #3122, .T. ) ;
#11879 = AXIS2_PLACEMENT_3D ( 'NONE', #5352, #297, #5216 ) ;
#11880 = VERTEX_POINT ( 'NONE', #9759 ) ;
#11881 = EDGE_LOOP ( 'NONE', ( #11136, #5498, #5041, #4593 ) ) ;
#11882 = ORIENTED_EDGE ( 'NONE', *, *, #3895, .F. ) ;
#11883 = VECTOR ( 'NONE', #2948, 39.37007874015748143 ) ;
#11884 = PLANE ( 'NONE',  #11101 ) ;
#11885 = CIRCLE ( 'NONE', #1403, 0.1565000000000003610 ) ;
#11886 = CARTESIAN_POINT ( 'NONE',  ( -35.23450000000000415, -0.7999999999999961586, 1.811549999999999994 ) ) ;
#11887 = LINE ( 'NONE', #9891, #2671 ) ;
#11888 = FACE_OUTER_BOUND ( 'NONE', #6832, .T. ) ;
#11889 = APPLICATION_PROTOCOL_DEFINITION ( 'draft international standard', 'automotive_design', 1998, #9219 ) ;
#11890 = CARTESIAN_POINT ( 'NONE',  ( 36.02170000000000272, -0.2096999999999985820, 13.87500000000000000 ) ) ;
#11891 = LINE ( 'NONE', #3726, #8850 ) ;
#11892 = CIRCLE ( 'NONE', #2056, 0.1565000000000003610 ) ;
#11893 = EDGE_CURVE ( 'NONE', #870, #7207, #5742, .T. ) ;
#11894 = FACE_BOUND ( 'NONE', #6493, .T. ) ;
#11895 = ORIENTED_EDGE ( 'NONE', *, *, #4113, .F. ) ;
#11896 = CIRCLE ( 'NONE', #6767, 0.1250000000000015266 ) ;
#11897 = EDGE_CURVE ( 'NONE', #11662, #12760, #6485, .T. ) ;
#11898 = EDGE_LOOP ( 'NONE', ( #9326, #9003, #6783, #4271 ) ) ;
#11899 = ADVANCED_FACE ( 'NONE', ( #7551 ), #559, .F. ) ;
#11900 = AXIS2_PLACEMENT_3D ( 'NONE', #1784, #5888, #4880 ) ;
#11901 = CARTESIAN_POINT ( 'NONE',  ( -21.35942499999999811, 0.7000000000000407008, 12.43750000000000178 ) ) ;
#11902 = ORIENTED_EDGE ( 'NONE', *, *, #11570, .T. ) ;
#11903 = ORIENTED_EDGE ( 'NONE', *, *, #12666, .F. ) ;
#11904 = DIRECTION ( 'NONE',  ( -0.000000000000000000, -1.000000000000000000, -1.332348806898293597E-16 ) ) ;
#11905 = CARTESIAN_POINT ( 'NONE',  ( 7.327925000000007572, -0.7999999999999936051, -14.53099999999998815 ) ) ;
#11906 = DIRECTION ( 'NONE',  ( 0.000000000000000000, 0.000000000000000000, -1.000000000000000000 ) ) ;
#11907 = DIRECTION ( 'NONE',  ( 0.000000000000000000, 0.000000000000000000, -1.000000000000000000 ) ) ;
#11909 = AXIS2_PLACEMENT_3D ( 'NONE', #4064, #11541, #8415 ) ;
#11908 = DIRECTION ( 'NONE',  ( -5.463695987328555033E-16, 1.000000000000000000, -0.000000000000000000 ) ) ;
#11910 = DIRECTION ( 'NONE',  ( 0.000000000000000000, 0.000000000000000000, 1.000000000000000000 ) ) ;
#11911 = CARTESIAN_POINT ( 'NONE',  ( -32.28760000000000474, -0.5499999999999961586, -14.53099999999999703 ) ) ;
#11912 = LINE ( 'NONE', #2605, #12361 ) ;
#11913 = DIRECTION ( 'NONE',  ( 0.000000000000000000, -1.000000000000000000, -2.967464690054594744E-16 ) ) ;
#11914 = ORIENTED_EDGE ( 'NONE', *, *, #13205, .F. ) ;
#11915 = VERTEX_POINT ( 'NONE', #366 ) ;
#11916 = EDGE_CURVE ( 'NONE', #6291, #128, #4664, .T. ) ;
#11917 = VECTOR ( 'NONE', #12866, 39.37007874015748143 ) ;
#11918 = CIRCLE ( 'NONE', #6160, 0.1250000000000015266 ) ;
#11919 = ORIENTED_EDGE ( 'NONE', *, *, #13131, .F. ) ;
#11920 = DIRECTION ( 'NONE',  ( 0.000000000000000000, 0.000000000000000000, -1.000000000000000000 ) ) ;
#11921 = ORIENTED_EDGE ( 'NONE', *, *, #10022, .F. ) ;
#11922 = LINE ( 'NONE', #1669, #8045 ) ;
#11923 = ORIENTED_EDGE ( 'NONE', *, *, #12506, .T. ) ;
#11924 = ORIENTED_EDGE ( 'NONE', *, *, #12356, .T. ) ;
#11925 = DIRECTION ( 'NONE',  ( -1.000000000000000000, -1.681137226870290841E-15, 0.000000000000000000 ) ) ;
#11926 = EDGE_CURVE ( 'NONE', #11590, #3046, #752, .T. ) ;
#11927 = LINE ( 'NONE', #9127, #5547 ) ;
#11928 = SURFACE_STYLE_USAGE ( .BOTH. , #12804 ) ;
#11929 = AXIS2_PLACEMENT_3D ( 'NONE', #7770, #1589, #5634 ) ;
#11930 = CIRCLE ( 'NONE', #6169, 0.1250000000000015266 ) ;
#11931 = CARTESIAN_POINT ( 'NONE',  ( -31.97460000000000235, -0.7999999999999961586, 14.53100000000000058 ) ) ;
#11932 = CARTESIAN_POINT ( 'NONE',  ( 31.97460000000000235, -0.5499999999999921618, 14.53100000000000058 ) ) ;
#11933 = ORIENTED_EDGE ( 'NONE', *, *, #13094, .T. ) ;
#11934 = ORIENTED_EDGE ( 'NONE', *, *, #2422, .F. ) ;
#11935 = VECTOR ( 'NONE', #8616, 39.37007874015748143 ) ;
#11936 = AXIS2_PLACEMENT_3D ( 'NONE', #598, #9731, #4635 ) ;
#11937 = ORIENTED_EDGE ( 'NONE', *, *, #9699, .T. ) ;
#11938 = DIRECTION ( 'NONE',  ( -1.000000000000000000, 0.000000000000000000, 0.000000000000000000 ) ) ;
#11939 = VERTEX_POINT ( 'NONE', #3592 ) ;
#11940 = LINE ( 'NONE', #6057, #648 ) ;
#11941 = ORIENTED_EDGE ( 'NONE', *, *, #313, .T. ) ;
#11942 = FACE_BOUND ( 'NONE', #3031, .T. ) ;
#11943 = CIRCLE ( 'NONE', #6186, 0.1565000000000003610 ) ;
#11944 = CARTESIAN_POINT ( 'NONE',  ( 17.00582500000001218, -0.6953999999999969095, 13.97959999999999958 ) ) ;
#11945 = CARTESIAN_POINT ( 'NONE',  ( -11.40652500000000380, -0.7999999999999948264, -14.34399999999999764 ) ) ;
#11946 = CARTESIAN_POINT ( 'NONE',  ( 21.26567499999998745, 0.3358499999999960961, 14.67187500000000000 ) ) ;
#11947 = EDGE_CURVE ( 'NONE', #8019, #8603, #6546, .T. ) ;
#11948 = LINE ( 'NONE', #1628, #8331 ) ;
#11949 = ORIENTED_EDGE ( 'NONE', *, *, #7488, .F. ) ;
#11950 = VECTOR ( 'NONE', #5057, 39.37007874015748143 ) ;
#11951 = ORIENTED_EDGE ( 'NONE', *, *, #4185, .F. ) ;
#11952 = VECTOR ( 'NONE', #7845, 39.37007874015748143 ) ;
#11953 = VERTEX_POINT ( 'NONE', #1440 ) ;
#11954 = ORIENTED_EDGE ( 'NONE', *, *, #3434, .F. ) ;
#11955 = CARTESIAN_POINT ( 'NONE',  ( 21.73442499999999811, -0.5499999999999928280, -14.68749999999999289 ) ) ;
#11956 = CARTESIAN_POINT ( 'NONE',  ( 35.93750000000000000, -0.7999999999999999334, 13.97480000000000011 ) ) ;
#11957 = CARTESIAN_POINT ( 'NONE',  ( -3.593499999999997474, -0.7999999999999943823, -14.34399999999999409 ) ) ;
#11958 = CARTESIAN_POINT ( 'NONE',  ( -35.23450000000000415, -0.5499999999999961586, -1.936550000000002880 ) ) ;
#11959 = CARTESIAN_POINT ( 'NONE',  ( -32.28760000000000474, -0.7999999999999961586, -14.34399999999999942 ) ) ;
#11960 = DIRECTION ( 'NONE',  ( 0.000000000000000000, 0.000000000000000000, -1.000000000000000000 ) ) ;
#11961 = DIRECTION ( 'NONE',  ( 1.000000000000000000, 0.000000000000000000, -0.000000000000000000 ) ) ;
#11962 = VECTOR ( 'NONE', #6533, 39.37007874015748143 ) ;
#11963 = ORIENTED_EDGE ( 'NONE', *, *, #7398, .T. ) ;
#11964 = EDGE_CURVE ( 'NONE', #6719, #13096, #5683, .T. ) ;
#11965 = EDGE_LOOP ( 'NONE', ( #9013, #4047, #8986, #704, #11791 ) ) ;
#11966 = CARTESIAN_POINT ( 'NONE',  ( 11.40652500000000913, -0.6954000000000036819, 14.53100000000000058 ) ) ;
#11967 = ORIENTED_EDGE ( 'NONE', *, *, #11472, .T. ) ;
#11968 = EDGE_CURVE ( 'NONE', #12071, #11242, #2456, .T. ) ;
#11969 = ORIENTED_EDGE ( 'NONE', *, *, #558, .F. ) ;
#11970 = DIRECTION ( 'NONE',  ( 0.000000000000000000, 0.000000000000000000, -1.000000000000000000 ) ) ;
#11971 = DIRECTION ( 'NONE',  ( -0.000000000000000000, -1.000000000000000000, -1.332348806898293597E-16 ) ) ;
#11972 = EDGE_CURVE ( 'NONE', #11525, #1010, #1636, .T. ) ;
#11973 = DIRECTION ( 'NONE',  ( -0.000000000000000000, -1.000000000000000000, -1.332348806898293597E-16 ) ) ;
#11974 = LINE ( 'NONE', #11838, #8694 ) ;
#11975 = FACE_OUTER_BOUND ( 'NONE', #11130, .T. ) ;
#11976 = LINE ( 'NONE', #11109, #3391 ) ;
#11977 = CARTESIAN_POINT ( 'NONE',  ( -35.13110000000000355, -0.6954000000000000181, 14.43750000000000178 ) ) ;
#11978 = FACE_OUTER_BOUND ( 'NONE', #8233, .T. ) ;
#11979 = EDGE_CURVE ( 'NONE', #11042, #8714, #11449, .T. ) ;
#11980 = EDGE_LOOP ( 'NONE', ( #1968, #5391, #12220, #10679 ) ) ;
#11981 = ORIENTED_EDGE ( 'NONE', *, *, #8122, .T. ) ;
#11982 = EDGE_CURVE ( 'NONE', #2165, #870, #7824, .T. ) ;
#11983 = CIRCLE ( 'NONE', #11346, 0.1565000000000003610 ) ;
#11984 = EDGE_CURVE ( 'NONE', #12470, #2778, #9959, .T. ) ;
#11985 = VERTEX_POINT ( 'NONE', #432 ) ;
#11986 = FACE_OUTER_BOUND ( 'NONE', #11510, .T. ) ;
#11987 = ADVANCED_FACE ( 'NONE', ( #4538 ), #7686, .F. ) ;
#11988 = ORIENTED_EDGE ( 'NONE', *, *, #9884, .T. ) ;
#11989 = DIRECTION ( 'NONE',  ( -0.000000000000000000, -0.000000000000000000, 1.000000000000000000 ) ) ;
#11990 = ORIENTED_EDGE ( 'NONE', *, *, #8128, .F. ) ;
#11991 = ORIENTED_EDGE ( 'NONE', *, *, #2837, .T. ) ;
#11992 = LINE ( 'NONE', #528, #12742 ) ;
#11993 = DIRECTION ( 'NONE',  ( 0.000000000000000000, 0.000000000000000000, -1.000000000000000000 ) ) ;
#11994 = CYLINDRICAL_SURFACE ( 'NONE', #1657, 0.1250000000000026368 ) ;
#11995 = VECTOR ( 'NONE', #5562, 39.37007874015748143 ) ;
#11996 = EDGE_CURVE ( 'NONE', #5785, #13149, #2889, .T. ) ;
#11997 = CARTESIAN_POINT ( 'NONE',  ( -35.93750000000000000, -0.7999999999999999334, -13.97480000000000011 ) ) ;
#11998 = DIRECTION ( 'NONE',  ( 0.000000000000000000, 0.000000000000000000, -1.000000000000000000 ) ) ;
#11999 = ORIENTED_EDGE ( 'NONE', *, *, #2348, .F. ) ;
#12000 = ORIENTED_EDGE ( 'NONE', *, *, #373, .F. ) ;
#12001 = ORIENTED_EDGE ( 'NONE', *, *, #12319, .T. ) ;
#12003 = AXIS2_PLACEMENT_3D ( 'NONE', #3770, #10995, #5854 ) ;
#12002 = DIRECTION ( 'NONE',  ( 0.000000000000000000, -1.000000000000000000, 0.000000000000000000 ) ) ;
#12004 = ORIENTED_EDGE ( 'NONE', *, *, #5443, .T. ) ;
#12005 = CARTESIAN_POINT ( 'NONE',  ( 28.38110000000001065, -0.6953999999999963544, 14.18750000000000533 ) ) ;
#12006 = ORIENTED_EDGE ( 'NONE', *, *, #5811, .T. ) ;
#12007 = DIRECTION ( 'NONE',  ( 0.000000000000000000, 1.000000000000000000, -0.000000000000000000 ) ) ;
#12008 = EDGE_CURVE ( 'NONE', #7763, #4227, #1502, .T. ) ;
#12009 = CARTESIAN_POINT ( 'NONE',  ( 3.749999999999997780, -0.6953999999999979087, -14.53099999999998815 ) ) ;
#12010 = CARTESIAN_POINT ( 'NONE',  ( -7.484424999999999883, -0.6953999999999985748, 14.34400000000001008 ) ) ;
#12011 = DIRECTION ( 'NONE',  ( 0.000000000000000000, -1.000000000000000000, -1.332348806898293597E-16 ) ) ;
#12012 = DIRECTION ( 'NONE',  ( 1.000000000000000000, 5.337610695313293786E-16, 0.000000000000000000 ) ) ;
#12013 = ORIENTED_EDGE ( 'NONE', *, *, #280, .T. ) ;
#12015 = ORIENTED_EDGE ( 'NONE', *, *, #2936, .F. ) ;
#12014 = VECTOR ( 'NONE', #10134, 39.37007874015748143 ) ;
#12016 = ORIENTED_EDGE ( 'NONE', *, *, #10141, .T. ) ;
#12017 = EDGE_CURVE ( 'NONE', #1062, #488, #6961, .T. ) ;
#12018 = VERTEX_POINT ( 'NONE', #2583 ) ;
#12019 = EDGE_CURVE ( 'NONE', #200, #2277, #3536, .T. ) ;
#12020 = FACE_OUTER_BOUND ( 'NONE', #3952, .T. ) ;
#12021 = AXIS2_PLACEMENT_3D ( 'NONE', #2108, #9358, #150 ) ;
#12022 = CARTESIAN_POINT ( 'NONE',  ( 22.50347500000000167, 0.4608499999999960961, -14.67187499999999822 ) ) ;
#12023 = DIRECTION ( 'NONE',  ( -0.000000000000000000, -1.000000000000000000, -1.332348806898293597E-16 ) ) ;
#12024 = CARTESIAN_POINT ( 'NONE',  ( -21.73442500000000521, -0.5499999999999954925, -14.34399999999999764 ) ) ;
#12025 = CARTESIAN_POINT ( 'NONE',  ( 21.73442499999999455, -0.4299000000000040012, -14.42187500000001066 ) ) ;
#12026 = DIRECTION ( 'NONE',  ( 0.000000000000000000, 0.000000000000000000, 1.000000000000000000 ) ) ;
#12027 = VECTOR ( 'NONE', #5158, 39.37007874015748143 ) ;
#12028 = CARTESIAN_POINT ( 'NONE',  ( -21.23442499999999455, -0.4299000000000038346, -12.43750000000001066 ) ) ;
#12029 = ORIENTED_EDGE ( 'NONE', *, *, #1094, .F. ) ;
#12030 = EDGE_CURVE ( 'NONE', #4895, #7127, #4608, .T. ) ;
#12031 = ORIENTED_EDGE ( 'NONE', *, *, #9730, .F. ) ;
#12032 = DIRECTION ( 'NONE',  ( 1.000000000000000000, 0.000000000000000000, 0.000000000000000000 ) ) ;
#12033 = EDGE_LOOP ( 'NONE', ( #10696, #6165, #13186, #11425 ) ) ;
#12034 = ORIENTED_EDGE ( 'NONE', *, *, #3791, .F. ) ;
#12035 = DIRECTION ( 'NONE',  ( 0.000000000000000000, -1.000000000000000000, -1.332348806898293597E-16 ) ) ;
#12036 = DIRECTION ( 'NONE',  ( 0.000000000000000000, -1.000000000000000000, -2.967464690054594744E-16 ) ) ;
#12037 = FACE_OUTER_BOUND ( 'NONE', #12085, .T. ) ;
#12038 = DIRECTION ( 'NONE',  ( 0.000000000000000000, 0.000000000000000000, -1.000000000000000000 ) ) ;
#12039 = FACE_OUTER_BOUND ( 'NONE', #974, .T. ) ;
#12040 = CARTESIAN_POINT ( 'NONE',  ( -7.640925000000000189, -0.6953999999999985748, 14.34400000000000830 ) ) ;
#12041 = EDGE_CURVE ( 'NONE', #4913, #8779, #8037, .T. ) ;
#12043 = ADVANCED_FACE ( 'NONE', ( #2713 ), #7069, .F. ) ;
#12042 = CARTESIAN_POINT ( 'NONE',  ( 31.97460000000001301, -0.7999999999999921618, -14.34399999999997810 ) ) ;
#12044 = CIRCLE ( 'NONE', #9065, 0.1565000000000003610 ) ;
#12045 = PLANE ( 'NONE',  #7510 ) ;
#12046 = CIRCLE ( 'NONE', #4999, 0.2187500000000015821 ) ;
#12047 = ORIENTED_EDGE ( 'NONE', *, *, #12232, .T. ) ;
#12048 = EDGE_CURVE ( 'NONE', #1792, #631, #10885, .T. ) ;
#12049 = EDGE_LOOP ( 'NONE', ( #2472, #5080, #89, #9044 ) ) ;
#12050 = LINE ( 'NONE', #3948, #7891 ) ;
#12051 = VECTOR ( 'NONE', #5274, 39.37007874015748143 ) ;
#12052 = EDGE_LOOP ( 'NONE', ( #4522, #5774, #7078, #3698 ) ) ;
#12053 = CIRCLE ( 'NONE', #8006, 0.1565000000000003610 ) ;
#12054 = DIRECTION ( 'NONE',  ( -0.000000000000000000, -1.000000000000000000, -1.332348806898293597E-16 ) ) ;
#12055 = DIRECTION ( 'NONE',  ( 0.000000000000000000, 0.000000000000000000, 1.000000000000000000 ) ) ;
#12056 = ORIENTED_EDGE ( 'NONE', *, *, #6151, .F. ) ;
#12057 = CARTESIAN_POINT ( 'NONE',  ( -7.327924999999998690, -0.5499999999999946043, 14.53100000000000591 ) ) ;
#12058 = DIRECTION ( 'NONE',  ( -0.000000000000000000, 1.000000000000000000, -0.000000000000000000 ) ) ;
#12059 = LINE ( 'NONE', #728, #3800 ) ;
#12060 = DIRECTION ( 'NONE',  ( 0.000000000000000000, 0.000000000000000000, -1.000000000000000000 ) ) ;
#12061 = DIRECTION ( 'NONE',  ( 0.000000000000000000, -1.000000000000000000, -2.967464690054594744E-16 ) ) ;
#12062 = DIRECTION ( 'NONE',  ( -0.000000000000000000, -1.000000000000000000, -1.332348806898293597E-16 ) ) ;
#12063 = DIMENSIONAL_EXPONENTS ( 1.000000000000000000, 0.000000000000000000, 0.000000000000000000, 0.000000000000000000, 0.000000000000000000, 0.000000000000000000, 0.000000000000000000 ) ;
#12064 = VERTEX_POINT ( 'NONE', #11014 ) ;
#12065 = VECTOR ( 'NONE', #12303, 39.37007874015748143 ) ;
#12066 = ADVANCED_FACE ( 'NONE', ( #959 ), #11148, .F. ) ;
#12067 = ORIENTED_EDGE ( 'NONE', *, *, #5501, .F. ) ;
#12068 = EDGE_CURVE ( 'NONE', #7724, #4172, #1607, .T. ) ;
#12069 = EDGE_LOOP ( 'NONE', ( #10260, #8512, #6364, #9252 ) ) ;
#12070 = CARTESIAN_POINT ( 'NONE',  ( -7.484425000000003436, -0.7999999999999946043, -14.68749999999998579 ) ) ;
#12071 = VERTEX_POINT ( 'NONE', #1971 ) ;
#12072 = CYLINDRICAL_SURFACE ( 'NONE', #5385, 0.1249999999999993477 ) ;
#12073 = ORIENTED_EDGE ( 'NONE', *, *, #3069, .F. ) ;
#12074 = CARTESIAN_POINT ( 'NONE',  ( -20.89067499999999811, -0.5895000000000039098, -14.79687500000000000 ) ) ;
#12075 = DIRECTION ( 'NONE',  ( 0.000000000000000000, -1.000000000000000000, 0.000000000000000000 ) ) ;
#12076 = DIRECTION ( 'NONE',  ( -1.000000000000000000, 0.000000000000000000, 0.000000000000000000 ) ) ;
#12077 = FACE_OUTER_BOUND ( 'NONE', #12049, .T. ) ;
#12078 = CARTESIAN_POINT ( 'NONE',  ( 33.85826771653546530, 0.7000000000000377032, 4.330708661417085992 ) ) ;
#12079 = ORIENTED_EDGE ( 'NONE', *, *, #7448, .T. ) ;
#12080 = ORIENTED_EDGE ( 'NONE', *, *, #3968, .F. ) ;
#12081 = ADVANCED_BREP_SHAPE_REPRESENTATION ( '9054T115_Steel Workbench Top', ( #4923, #4826, #231, #12350 ), #12131 ) ;
#12082 = EDGE_CURVE ( 'NONE', #3252, #4370, #2683, .T. ) ;
#12083 = ORIENTED_EDGE ( 'NONE', *, *, #2554, .T. ) ;
#12084 = AXIS2_PLACEMENT_3D ( 'NONE', #235, #6089, #97 ) ;
#12085 = EDGE_LOOP ( 'NONE', ( #9445, #12607, #3782, #12337, #11098, #8056, #6265, #884, #4035, #1962, #2895, #6625 ) ) ;
#12086 = VECTOR ( 'NONE', #510, 39.37007874015748143 ) ;
#12087 = CARTESIAN_POINT ( 'NONE',  ( 11.40652500000000913, -0.5499999999999934941, 14.53100000000000058 ) ) ;
#12088 = CARTESIAN_POINT ( 'NONE',  ( -21.35942499999999455, -0.6954000000000041259, -12.43750000000001066 ) ) ;
#12089 = CARTESIAN_POINT ( 'NONE',  ( -28.22460000000000946, -0.6954000000000036819, 14.53100000000000058 ) ) ;
#12090 = DIRECTION ( 'NONE',  ( 0.000000000000000000, -1.000000000000000000, -2.967464690054594744E-16 ) ) ;
#12091 = ADVANCED_FACE ( 'NONE', ( #7003 ), #6072, .F. ) ;
#12092 = EDGE_CURVE ( 'NONE', #12125, #2749, #8954, .T. ) ;
#12093 = LINE ( 'NONE', #13158, #4550 ) ;
#12094 = AXIS2_PLACEMENT_3D ( 'NONE', #11763, #6674, #10161 ) ;
#12095 = CARTESIAN_POINT ( 'NONE',  ( -3.906499999999998529, -0.5499999999999943823, -14.53099999999998992 ) ) ;
#12096 = PLANE ( 'NONE',  #9015 ) ;
#12097 = CIRCLE ( 'NONE', #2257, 0.1565000000000003610 ) ;
#12098 = ORIENTED_EDGE ( 'NONE', *, *, #616, .F. ) ;
#12099 = EDGE_LOOP ( 'NONE', ( #7444, #8396, #3302, #144 ) ) ;
#12100 = VECTOR ( 'NONE', #9923, 39.37007874015748143 ) ;
#12101 = VECTOR ( 'NONE', #9360, 39.37007874015748143 ) ;
#12102 = DIRECTION ( 'NONE',  ( 5.463695987328555033E-16, -1.000000000000000000, 0.000000000000000000 ) ) ;
#12103 = ORIENTED_EDGE ( 'NONE', *, *, #1257, .T. ) ;
#12104 = EDGE_LOOP ( 'NONE', ( #11783, #2564, #4697, #4887 ) ) ;
#12105 = CYLINDRICAL_SURFACE ( 'NONE', #5883, 0.1565000000000003610 ) ;
#12106 = DIRECTION ( 'NONE',  ( -0.000000000000000000, -1.000000000000000000, -1.332348806898293597E-16 ) ) ;
#12107 = CARTESIAN_POINT ( 'NONE',  ( 31.97460000000001301, -0.5499999999999921618, -14.53099999999997394 ) ) ;
#12108 = CIRCLE ( 'NONE', #6344, 0.2559055118110216687 ) ;
#12109 = FACE_OUTER_BOUND ( 'NONE', #8273, .T. ) ;
#12110 = DIRECTION ( 'NONE',  ( 0.000000000000000000, -1.000000000000000000, -1.332348806898293597E-16 ) ) ;
#12111 = CARTESIAN_POINT ( 'NONE',  ( -21.73442500000000521, -0.6953999999999993520, -14.53099999999999170 ) ) ;
#12112 = DIRECTION ( 'NONE',  ( 0.000000000000000000, 0.000000000000000000, 1.000000000000000000 ) ) ;
#12113 = ORIENTED_EDGE ( 'NONE', *, *, #13261, .F. ) ;
#12114 = CIRCLE ( 'NONE', #1196, 0.2187500000000015821 ) ;
#12115 = EDGE_CURVE ( 'NONE', #8720, #429, #5941, .T. ) ;
#12116 = FACE_OUTER_BOUND ( 'NONE', #7716, .T. ) ;
#12117 = ORIENTED_EDGE ( 'NONE', *, *, #5205, .F. ) ;
#12118 = EDGE_LOOP ( 'NONE', ( #4707, #8186 ) ) ;
#12119 = VECTOR ( 'NONE', #1990, 39.37007874015748143 ) ;
#12120 = CARTESIAN_POINT ( 'NONE',  ( -32.28760000000000474, -0.5499999999999961586, -14.34399999999999942 ) ) ;
#12121 = VECTOR ( 'NONE', #7336, 39.37007874015748143 ) ;
#12122 = ORIENTED_EDGE ( 'NONE', *, *, #3223, .F. ) ;
#12123 = CARTESIAN_POINT ( 'NONE',  ( 11.25002499999999905, -0.7999999999999934941, -14.53099999999999170 ) ) ;
#12124 = DIRECTION ( 'NONE',  ( 0.000000000000000000, -1.000000000000000000, -1.332348806898293597E-16 ) ) ;
#12125 = VERTEX_POINT ( 'NONE', #13028 ) ;
#12126 = DIRECTION ( 'NONE',  ( -1.240959386601361473E-16, 1.000000000000000000, 0.000000000000000000 ) ) ;
#12127 = LINE ( 'NONE', #7236, #1830 ) ;
#12128 = CARTESIAN_POINT ( 'NONE',  ( -31.97460000000000235, -0.5499999999999961586, 14.53100000000000058 ) ) ;
#12129 = DIRECTION ( 'NONE',  ( 1.000000000000000000, 0.000000000000000000, 0.000000000000000000 ) ) ;
#12130 = CARTESIAN_POINT ( 'NONE',  ( 17.16232500000000982, -0.5499999999999931610, 14.34400000000000652 ) ) ;
#12131 =( GEOMETRIC_REPRESENTATION_CONTEXT ( 3 ) GLOBAL_UNCERTAINTY_ASSIGNED_CONTEXT ( ( #13112 ) ) GLOBAL_UNIT_ASSIGNED_CONTEXT ( ( #9830, #1572, #12770 ) ) REPRESENTATION_CONTEXT ( 'NONE', 'WORKASPACE' ) );
#12132 = CARTESIAN_POINT ( 'NONE',  ( 11.09352500000000852, -0.7999999999999934941, 14.34400000000000475 ) ) ;
#12133 = DIRECTION ( 'NONE',  ( 0.000000000000000000, 0.000000000000000000, -1.000000000000000000 ) ) ;
#12134 = ORIENTED_EDGE ( 'NONE', *, *, #785, .F. ) ;
#12135 = AXIS2_PLACEMENT_3D ( 'NONE', #2846, #4933, #13226 ) ;
#12136 = EDGE_LOOP ( 'NONE', ( #5640, #8025, #9986, #12674 ) ) ;
#12137 = EDGE_LOOP ( 'NONE', ( #2444, #8246 ) ) ;
#12138 = CARTESIAN_POINT ( 'NONE',  ( -35.93750000000000000, -0.6641500000000034598, 14.89540000000000042 ) ) ;
#12139 = EDGE_LOOP ( 'NONE', ( #6315, #5755, #6793, #1695 ) ) ;
#12140 = CIRCLE ( 'NONE', #9375, 0.03119999999999938448 ) ;
#12142 = CIRCLE ( 'NONE', #8525, 0.1250000000000037192 ) ;
#12141 = DIRECTION ( 'NONE',  ( 1.000000000000000000, 0.000000000000000000, -0.000000000000000000 ) ) ;
#12143 = ORIENTED_EDGE ( 'NONE', *, *, #2252, .T. ) ;
#12144 = FACE_BOUND ( 'NONE', #12570, .T. ) ;
#12145 = EDGE_CURVE ( 'NONE', #11592, #12502, #3548, .T. ) ;
#12146 = DIRECTION ( 'NONE',  ( 0.000000000000000000, -1.000000000000000000, -2.967464690054594744E-16 ) ) ;
#12147 = FACE_BOUND ( 'NONE', #8267, .T. ) ;
#12148 = DIRECTION ( 'NONE',  ( 0.000000000000000000, 1.000000000000000000, 0.000000000000000000 ) ) ;
#12149 = ORIENTED_EDGE ( 'NONE', *, *, #5342, .F. ) ;
#12150 = VECTOR ( 'NONE', #10203, 39.37007874015748143 ) ;
#12151 = ORIENTED_EDGE ( 'NONE', *, *, #2760, .F. ) ;
#12152 = VECTOR ( 'NONE', #12329, 39.37007874015748143 ) ;
#12153 = VECTOR ( 'NONE', #8001, 39.37007874015748143 ) ;
#12154 = ORIENTED_EDGE ( 'NONE', *, *, #7098, .F. ) ;
#12155 = EDGE_CURVE ( 'NONE', #7697, #927, #6341, .T. ) ;
#12156 = EDGE_CURVE ( 'NONE', #3483, #9410, #1700, .T. ) ;
#12157 = ORIENTED_EDGE ( 'NONE', *, *, #7332, .T. ) ;
#12158 = CARTESIAN_POINT ( 'NONE',  ( -26.40652500000000558, -0.6953999999999996851, -14.34399999999999586 ) ) ;
#12159 = DIRECTION ( 'NONE',  ( 0.000000000000000000, -1.000000000000000000, -2.967464690054594744E-16 ) ) ;
#12160 = CARTESIAN_POINT ( 'NONE',  ( 11.25002500000000794, -0.5499999999999934941, 14.34400000000000652 ) ) ;
#12161 = LINE ( 'NONE', #11088, #4874 ) ;
#12162 = CYLINDRICAL_SURFACE ( 'NONE', #13151, 0.2187500000000015821 ) ;
#12163 = CIRCLE ( 'NONE', #2752, 0.2187500000000015821 ) ;
#12164 = CARTESIAN_POINT ( 'NONE',  ( -28.22460000000000946, -0.7999999999999958256, 14.53100000000000058 ) ) ;
#12165 = VECTOR ( 'NONE', #12075, 39.37007874015748143 ) ;
#12166 = EDGE_CURVE ( 'NONE', #7972, #5124, #11885, .T. ) ;
#12167 = CARTESIAN_POINT ( 'NONE',  ( 18.59352500000000319, -0.7999999999999929390, -14.53099999999999170 ) ) ;
#12168 = VECTOR ( 'NONE', #2676, 39.37007874015748143 ) ;
#12169 = CARTESIAN_POINT ( 'NONE',  ( 17.00582500000000152, -0.6953999999999969095, -14.89539999999999864 ) ) ;
#12170 = EDGE_CURVE ( 'NONE', #2548, #5414, #5802, .T. ) ;
#12171 = ORIENTED_EDGE ( 'NONE', *, *, #5314, .F. ) ;
#12172 = VECTOR ( 'NONE', #2338, 39.37007874015748143 ) ;
#12173 = VERTEX_POINT ( 'NONE', #691 ) ;
#12174 = FACE_OUTER_BOUND ( 'NONE', #12302, .T. ) ;
#12175 = ORIENTED_EDGE ( 'NONE', *, *, #5538, .T. ) ;
#12176 = ORIENTED_EDGE ( 'NONE', *, *, #1439, .T. ) ;
#12177 = LINE ( 'NONE', #2999, #2041 ) ;
#12178 = DIRECTION ( 'NONE',  ( 0.000000000000000000, 0.000000000000000000, -1.000000000000000000 ) ) ;
#12179 = CARTESIAN_POINT ( 'NONE',  ( 22.10942500000000166, 0.7000000000000407008, 12.43750000000000178 ) ) ;
#12180 = CARTESIAN_POINT ( 'NONE',  ( 35.23450000000000415, -0.6953999999999956882, -8.311549999999972016 ) ) ;
#12181 = DIRECTION ( 'NONE',  ( 1.000000000000000000, 0.000000000000000000, -0.000000000000000000 ) ) ;
#12182 = DIRECTION ( 'NONE',  ( 1.000000000000000000, 1.240959386601361473E-16, 0.000000000000000000 ) ) ;
#12183 = EDGE_CURVE ( 'NONE', #1486, #8574, #4790, .T. ) ;
#12184 = DIRECTION ( 'NONE',  ( 0.000000000000000000, 0.000000000000000000, -1.000000000000000000 ) ) ;
#12185 = VERTEX_POINT ( 'NONE', #6934 ) ;
#12186 = CYLINDRICAL_SURFACE ( 'NONE', #2787, 0.1565000000000003610 ) ;
#12187 = ORIENTED_EDGE ( 'NONE', *, *, #13248, .T. ) ;
#12188 = DIRECTION ( 'NONE',  ( 0.000000000000000000, 0.000000000000000000, -1.000000000000000000 ) ) ;
#12189 = EDGE_CURVE ( 'NONE', #9787, #9971, #13088, .T. ) ;
#12190 = ORIENTED_EDGE ( 'NONE', *, *, #5815, .F. ) ;
#12191 = DIRECTION ( 'NONE',  ( 0.000000000000000000, -1.000000000000000000, -2.967464690054594744E-16 ) ) ;
#12192 = EDGE_LOOP ( 'NONE', ( #12613, #12955, #7193, #7521 ) ) ;
#12193 = ORIENTED_EDGE ( 'NONE', *, *, #8800, .F. ) ;
#12194 = DIRECTION ( 'NONE',  ( -1.240959386601371334E-16, 1.000000000000000000, 0.000000000000000000 ) ) ;
#12195 = CARTESIAN_POINT ( 'NONE',  ( -31.97460000000000235, -0.6954000000000000181, -14.53099999999999703 ) ) ;
#12196 = DIRECTION ( 'NONE',  ( 0.000000000000000000, 0.000000000000000000, -1.000000000000000000 ) ) ;
#12197 = CARTESIAN_POINT ( 'NONE',  ( -7.484424999999999883, -0.6953999999999985748, 14.53100000000000591 ) ) ;
#12198 = SURFACE_STYLE_FILL_AREA ( #8330 ) ;
#12199 = FACE_OUTER_BOUND ( 'NONE', #10779, .T. ) ;
#12200 = DIRECTION ( 'NONE',  ( 1.000000000000000000, 0.000000000000000000, 0.000000000000000000 ) ) ;
#12201 = ORIENTED_EDGE ( 'NONE', *, *, #1977, .T. ) ;
#12202 = EDGE_CURVE ( 'NONE', #8696, #6717, #8013, .T. ) ;
#12203 = ORIENTED_EDGE ( 'NONE', *, *, #5843, .F. ) ;
#12204 = ORIENTED_EDGE ( 'NONE', *, *, #6989, .F. ) ;
#12205 = DIRECTION ( 'NONE',  ( -0.000000000000000000, -1.000000000000000000, -1.332348806898293597E-16 ) ) ;
#12206 = VERTEX_POINT ( 'NONE', #13154 ) ;
#12207 = FACE_BOUND ( 'NONE', #9388, .T. ) ;
#12208 = EDGE_LOOP ( 'NONE', ( #8757, #5460, #12933, #10002 ) ) ;
#12209 = CARTESIAN_POINT ( 'NONE',  ( -3.906499999999998529, -0.6953999999999982418, -14.53099999999998992 ) ) ;
#12210 = CIRCLE ( 'NONE', #1931, 0.1250000000000015266 ) ;
#12211 = DIRECTION ( 'NONE',  ( 0.000000000000000000, 0.000000000000000000, 1.000000000000000000 ) ) ;
#12212 = DIRECTION ( 'NONE',  ( 1.000000000000000000, 0.000000000000000000, 0.000000000000000000 ) ) ;
#12213 = LINE ( 'NONE', #3, #5552 ) ;
#12214 = ORIENTED_EDGE ( 'NONE', *, *, #6034, .T. ) ;
#12215 = ADVANCED_FACE ( 'NONE', ( #7135 ), #10230, .F. ) ;
#12216 = AXIS2_PLACEMENT_3D ( 'NONE', #15, #6073, #81 ) ;
#12217 = ORIENTED_EDGE ( 'NONE', *, *, #10498, .T. ) ;
#12218 = EDGE_CURVE ( 'NONE', #8534, #8810, #3129, .T. ) ;
#12219 = VECTOR ( 'NONE', #6918, 39.37007874015748143 ) ;
#12220 = ORIENTED_EDGE ( 'NONE', *, *, #2567, .T. ) ;
#12221 = ORIENTED_EDGE ( 'NONE', *, *, #3394, .T. ) ;
#12222 = CIRCLE ( 'NONE', #4734, 0.1565000000000003610 ) ;
#12223 = LINE ( 'NONE', #13223, #2182 ) ;
#12224 = DIRECTION ( 'NONE',  ( 0.000000000000000000, -1.000000000000000000, -1.332348806898293597E-16 ) ) ;
#12225 = CARTESIAN_POINT ( 'NONE',  ( 36.02170000000000272, -0.6341000000000001080, -14.78240000000000087 ) ) ;
#12226 = CARTESIAN_POINT ( 'NONE',  ( -11.09352500000000852, -0.6953999999999986859, 13.97959999999999958 ) ) ;
#12227 = CARTESIAN_POINT ( 'NONE',  ( 22.23442500000000521, -0.6954000000000041259, -12.43750000000001066 ) ) ;
#12228 = CARTESIAN_POINT ( 'NONE',  ( 21.26567499999998745, 0.4608499999999960961, 14.79687500000000000 ) ) ;
#12229 = CIRCLE ( 'NONE', #9253, 0.1565000000000003610 ) ;
#12230 = DIRECTION ( 'NONE',  ( -1.000000000000000000, 0.000000000000000000, 0.000000000000000000 ) ) ;
#12231 = AXIS2_PLACEMENT_3D ( 'NONE', #3067, #2187, #10372 ) ;
#12232 = EDGE_CURVE ( 'NONE', #2316, #8414, #2035, .T. ) ;
#12233 = EDGE_CURVE ( 'NONE', #12451, #8036, #8283, .T. ) ;
#12234 = CARTESIAN_POINT ( 'NONE',  ( 35.91710000000000491, -0.2096999999999985820, -5.749999999999996447 ) ) ;
#12235 = ORIENTED_EDGE ( 'NONE', *, *, #7229, .F. ) ;
#12236 = EDGE_LOOP ( 'NONE', ( #10158, #1288 ) ) ;
#12237 = ORIENTED_EDGE ( 'NONE', *, *, #9061, .F. ) ;
#12238 = CIRCLE ( 'NONE', #3896, 0.2187500000000015821 ) ;
#12239 = CARTESIAN_POINT ( 'NONE',  ( -35.88585000000000491, -0.6641500000000026827, 13.78219999999999956 ) ) ;
#12240 = ORIENTED_EDGE ( 'NONE', *, *, #10589, .T. ) ;
#12241 = CYLINDRICAL_SURFACE ( 'NONE', #7152, 0.1250000000000037192 ) ;
#12243 = ORIENTED_EDGE ( 'NONE', *, *, #8248, .T. ) ;
#12242 = EDGE_CURVE ( 'NONE', #2277, #11452, #11480, .T. ) ;
#12244 = LINE ( 'NONE', #8026, #3314 ) ;
#12245 = CARTESIAN_POINT ( 'NONE',  ( -11.40652500000000913, -0.5499999999999948264, 14.53100000000000058 ) ) ;
#12246 = DIRECTION ( 'NONE',  ( -0.000000000000000000, -0.000000000000000000, 1.000000000000000000 ) ) ;
#12247 = AXIS2_PLACEMENT_3D ( 'NONE', #3855, #13091, #5805 ) ;
#12248 = CARTESIAN_POINT ( 'NONE',  ( -3.593499999999997474, -0.5499999999999943823, -14.53099999999998992 ) ) ;
#12249 = CARTESIAN_POINT ( 'NONE',  ( 32.28760000000000474, -0.5499999999999921618, 14.53100000000000058 ) ) ;
#12250 = CARTESIAN_POINT ( 'NONE',  ( 11.25002500000000794, -0.7999999999999934941, 14.53100000000000058 ) ) ;
#12251 = LINE ( 'NONE', #5022, #6070 ) ;
#12252 = ORIENTED_EDGE ( 'NONE', *, *, #2480, .F. ) ;
#12253 = CARTESIAN_POINT ( 'NONE',  ( 25.98425196850396546, 0.7000000000000333733, 3.543307086613998180 ) ) ;
#12254 = VECTOR ( 'NONE', #9209, 39.37007874015748143 ) ;
#12255 = VERTEX_POINT ( 'NONE', #12423 ) ;
#12256 = ADVANCED_FACE ( 'NONE', ( #10295 ), #219, .F. ) ;
#12257 = ORIENTED_EDGE ( 'NONE', *, *, #4892, .T. ) ;
#12258 = ORIENTED_EDGE ( 'NONE', *, *, #4242, .T. ) ;
#12259 = CARTESIAN_POINT ( 'NONE',  ( -21.57792500000000757, -0.7999999999999953815, 14.53100000000000058 ) ) ;
#12260 = CYLINDRICAL_SURFACE ( 'NONE', #1895, 0.2187500000000015821 ) ;
#12261 = VERTEX_POINT ( 'NONE', #9224 ) ;
#12262 = CARTESIAN_POINT ( 'NONE',  ( 21.98442499999999811, -0.4299000000000038346, 12.43750000000000178 ) ) ;
#12263 = CIRCLE ( 'NONE', #51, 0.1565000000000003610 ) ;
#12264 = LINE ( 'NONE', #8120, #5277 ) ;
#12265 = DIRECTION ( 'NONE',  ( -1.000000000000000000, 0.000000000000000000, 0.000000000000000000 ) ) ;
#12266 = CARTESIAN_POINT ( 'NONE',  ( -35.91710000000000491, -0.6341000000000001080, -14.78124999999999822 ) ) ;
#12267 = CYLINDRICAL_SURFACE ( 'NONE', #12586, 0.03124999999999997571 ) ;
#12268 = EDGE_CURVE ( 'NONE', #6221, #12481, #7338, .T. ) ;
#12269 = DIRECTION ( 'NONE',  ( 0.000000000000000000, 0.000000000000000000, -1.000000000000000000 ) ) ;
#12270 = CARTESIAN_POINT ( 'NONE',  ( 35.93750000000000000, 0.5954000000000035930, -14.86415000000000397 ) ) ;
#12271 = ORIENTED_EDGE ( 'NONE', *, *, #4468, .T. ) ;
#12272 = CIRCLE ( 'NONE', #5210, 0.1250000000000029143 ) ;
#12273 = AXIS2_PLACEMENT_3D ( 'NONE', #7801, #6725, #5931 ) ;
#12274 = ORIENTED_EDGE ( 'NONE', *, *, #1575, .T. ) ;
#12275 = ORIENTED_EDGE ( 'NONE', *, *, #2525, .T. ) ;
#12276 = PLANE ( 'NONE',  #9544 ) ;
#12277 = ORIENTED_EDGE ( 'NONE', *, *, #10082, .T. ) ;
#12278 = LINE ( 'NONE', #10342, #5178 ) ;
#12279 = ORIENTED_EDGE ( 'NONE', *, *, #1139, .T. ) ;
#12280 = DIRECTION ( 'NONE',  ( 0.000000000000000000, 0.000000000000000000, -1.000000000000000000 ) ) ;
#12281 = LINE ( 'NONE', #5930, #12165 ) ;
#12282 = FACE_BOUND ( 'NONE', #6040, .T. ) ;
#12283 = AXIS2_PLACEMENT_3D ( 'NONE', #11291, #12230, #3054 ) ;
#12284 = DIRECTION ( 'NONE',  ( 0.000000000000000000, 0.000000000000000000, 1.000000000000000000 ) ) ;
#12285 = ORIENTED_EDGE ( 'NONE', *, *, #9134, .F. ) ;
#12286 = EDGE_CURVE ( 'NONE', #3729, #733, #1187, .T. ) ;
#12287 = EDGE_LOOP ( 'NONE', ( #11142, #8576 ) ) ;
#12288 = ADVANCED_FACE ( 'NONE', ( #7272 ), #9295, .F. ) ;
#12289 = AXIS2_PLACEMENT_3D ( 'NONE', #975, #9171, #5281 ) ;
#12290 = ORIENTED_EDGE ( 'NONE', *, *, #12504, .T. ) ;
#12291 = DIRECTION ( 'NONE',  ( 0.000000000000000000, 0.000000000000000000, -1.000000000000000000 ) ) ;
#12292 = CARTESIAN_POINT ( 'NONE',  ( -21.57792500000000757, -0.6953999999999992410, 13.97959999999999958 ) ) ;
#12293 = CARTESIAN_POINT ( 'NONE',  ( -3.593500000000001915, -0.6953999999999982418, 14.34400000000000475 ) ) ;
#12294 = CYLINDRICAL_SURFACE ( 'NONE', #9152, 0.1565000000000003610 ) ;
#12295 = FACE_OUTER_BOUND ( 'NONE', #6517, .T. ) ;
#12296 = DIRECTION ( 'NONE',  ( -0.000000000000000000, -2.967464690054594744E-16, 1.000000000000000000 ) ) ;
#12297 = LINE ( 'NONE', #10032, #7143 ) ;
#12298 = CARTESIAN_POINT ( 'NONE',  ( -22.12847500000001233, -0.5895000000000039098, 14.79687500000000000 ) ) ;
#12299 = ORIENTED_EDGE ( 'NONE', *, *, #11624, .T. ) ;
#12300 = VERTEX_POINT ( 'NONE', #1160 ) ;
#12301 = VERTEX_POINT ( 'NONE', #10485 ) ;
#12302 = EDGE_LOOP ( 'NONE', ( #1091, #11951, #8681, #7430 ) ) ;
#12303 = DIRECTION ( 'NONE',  ( -1.000000000000000000, -0.000000000000000000, -0.000000000000000000 ) ) ;
#12304 = AXIS2_PLACEMENT_3D ( 'NONE', #9517, #8385, #6370 ) ;
#12305 = EDGE_LOOP ( 'NONE', ( #13202, #4676, #4546, #11010 ) ) ;
#12306 = CARTESIAN_POINT ( 'NONE',  ( -11.09352500000000319, -0.5499999999999948264, -14.53099999999999348 ) ) ;
#12307 = FACE_OUTER_BOUND ( 'NONE', #3560, .T. ) ;
#12308 = DIRECTION ( 'NONE',  ( -1.240959386601361473E-16, 1.000000000000000000, 0.000000000000000000 ) ) ;
#12309 = EDGE_CURVE ( 'NONE', #3472, #4925, #11671, .T. ) ;
#12310 = CARTESIAN_POINT ( 'NONE',  ( -36.02170000000000272, 0.6999999999999995115, 13.78219999999999956 ) ) ;
#12311 = FACE_OUTER_BOUND ( 'NONE', #3044, .T. ) ;
#12312 = VECTOR ( 'NONE', #11051, 39.37007874015748143 ) ;
#12313 = LINE ( 'NONE', #3141, #6622 ) ;
#12314 = DIRECTION ( 'NONE',  ( 0.000000000000000000, 0.000000000000000000, -1.000000000000000000 ) ) ;
#12315 = EDGE_CURVE ( 'NONE', #5377, #5706, #5402, .T. ) ;
#12316 = ORIENTED_EDGE ( 'NONE', *, *, #11860, .T. ) ;
#12317 = CIRCLE ( 'NONE', #11024, 0.2187500000000015821 ) ;
#12318 = VECTOR ( 'NONE', #3200, 39.37007874015748143 ) ;
#12319 = EDGE_CURVE ( 'NONE', #303, #163, #9758, .T. ) ;
#12320 = ORIENTED_EDGE ( 'NONE', *, *, #1103, .T. ) ;
#12321 = ORIENTED_EDGE ( 'NONE', *, *, #8935, .F. ) ;
#12322 = CARTESIAN_POINT ( 'NONE',  ( 28.53760000000000829, -0.5499999999999923839, -14.53099999999999703 ) ) ;
#12323 = DIRECTION ( 'NONE',  ( 1.240959386601371334E-16, -1.000000000000000000, 0.000000000000000000 ) ) ;
#12324 = VECTOR ( 'NONE', #8116, 39.37007874015748143 ) ;
#12325 = ORIENTED_EDGE ( 'NONE', *, *, #6187, .F. ) ;
#12326 = CARTESIAN_POINT ( 'NONE',  ( -11.25002500000000438, -0.5499999999999948264, -14.34399999999999764 ) ) ;
#12327 = CARTESIAN_POINT ( 'NONE',  ( -21.73442500000000521, 0.7000000000000405898, -14.42187500000001066 ) ) ;
#12328 = CYLINDRICAL_SURFACE ( 'NONE', #3603, 0.1565000000000003610 ) ;
#12329 = DIRECTION ( 'NONE',  ( -1.000000000000000000, 0.000000000000000000, 0.000000000000000000 ) ) ;
#12330 = CYLINDRICAL_SURFACE ( 'NONE', #3381, 0.1250000000000015266 ) ;
#12331 = CARTESIAN_POINT ( 'NONE',  ( 18.90652500000000558, -0.8000000000000000444, -14.53099999999999170 ) ) ;
#12332 = CARTESIAN_POINT ( 'NONE',  ( -35.94045000000000556, 0.6187499999999994671, 14.78124999999999822 ) ) ;
#12333 = ORIENTED_EDGE ( 'NONE', *, *, #8890, .F. ) ;
#12334 = EDGE_CURVE ( 'NONE', #8878, #518, #7408, .T. ) ;
#12335 = EDGE_CURVE ( 'NONE', #4798, #11246, #6973, .T. ) ;
#12336 = AXIS2_PLACEMENT_3D ( 'NONE', #3736, #7832, #11906 ) ;
#12337 = ORIENTED_EDGE ( 'NONE', *, *, #12335, .T. ) ;
#12338 = EDGE_CURVE ( 'NONE', #7453, #7055, #971, .T. ) ;
#12339 = ORIENTED_EDGE ( 'NONE', *, *, #7859, .T. ) ;
#12340 = DIRECTION ( 'NONE',  ( 0.000000000000000000, 0.000000000000000000, -1.000000000000000000 ) ) ;
#12341 = ORIENTED_EDGE ( 'NONE', *, *, #1827, .F. ) ;
#12342 = AXIS2_PLACEMENT_3D ( 'NONE', #5157, #10963, #4142 ) ;
#12343 = DIRECTION ( 'NONE',  ( 0.000000000000000000, 0.000000000000000000, 1.000000000000000000 ) ) ;
#12344 = VERTEX_POINT ( 'NONE', #10356 ) ;
#12345 = CARTESIAN_POINT ( 'NONE',  ( -21.51567500000000166, -0.6207000000000038042, -14.42187500000001066 ) ) ;
#12346 = DIRECTION ( 'NONE',  ( 0.000000000000000000, 0.000000000000000000, -1.000000000000000000 ) ) ;
#12347 = FACE_BOUND ( 'NONE', #11439, .T. ) ;
#12348 = PLANE ( 'NONE',  #6159 ) ;
#12349 = ORIENTED_EDGE ( 'NONE', *, *, #12048, .T. ) ;
#12350 = AXIS2_PLACEMENT_3D ( 'NONE', #3525, #498, #8824 ) ;
#12351 = ORIENTED_EDGE ( 'NONE', *, *, #5491, .T. ) ;
#12352 = AXIS2_PLACEMENT_3D ( 'NONE', #1610, #9862, #8662 ) ;
#12353 = AXIS2_PLACEMENT_3D ( 'NONE', #9571, #11558, #10435 ) ;
#12354 = VERTEX_POINT ( 'NONE', #5266 ) ;
#12355 = DIRECTION ( 'NONE',  ( -0.000000000000000000, -1.000000000000000000, -1.332348806898293597E-16 ) ) ;
#12356 = EDGE_CURVE ( 'NONE', #4913, #3466, #6335, .T. ) ;
#12357 = DIRECTION ( 'NONE',  ( -0.000000000000000000, -1.000000000000000000, -1.332348806898293597E-16 ) ) ;
#12358 = LINE ( 'NONE', #7200, #13035 ) ;
#12359 = PLANE ( 'NONE',  #4015 ) ;
#12360 = CARTESIAN_POINT ( 'NONE',  ( 22.10942499999999455, -0.6207000000000038042, 2.512596398514597499E-15 ) ) ;
#12361 = VECTOR ( 'NONE', #10843, 39.37007874015748143 ) ;
#12362 = FACE_OUTER_BOUND ( 'NONE', #7533, .T. ) ;
#12363 = CARTESIAN_POINT ( 'NONE',  ( -3.750000000000002220, -0.7999999999999943823, 14.53100000000000058 ) ) ;
#12364 = VECTOR ( 'NONE', #5980, 39.37007874015748143 ) ;
#12365 = CIRCLE ( 'NONE', #11292, 0.1250000000000026368 ) ;
#12366 = CARTESIAN_POINT ( 'NONE',  ( -34.89029999999999632, -0.8000000000000000444, -13.78219999999999956 ) ) ;
#12367 = ORIENTED_EDGE ( 'NONE', *, *, #6668, .F. ) ;
#12368 = ORIENTED_EDGE ( 'NONE', *, *, #12242, .T. ) ;
#12369 = VERTEX_POINT ( 'NONE', #8417 ) ;
#12370 = CIRCLE ( 'NONE', #6604, 0.1250000000000029143 ) ;
#12371 = EDGE_CURVE ( 'NONE', #7829, #1527, #9425, .T. ) ;
#12372 = VECTOR ( 'NONE', #614, 39.37007874015748143 ) ;
#12373 = CARTESIAN_POINT ( 'NONE',  ( -21.89092500000000996, -0.7999999999999953815, 14.53100000000000058 ) ) ;
#12374 = CIRCLE ( 'NONE', #9603, 0.1565000000000003610 ) ;
#12375 = ORIENTED_EDGE ( 'NONE', *, *, #4048, .F. ) ;
#12376 = CARTESIAN_POINT ( 'NONE',  ( 22.47227499999999978, -0.6954000000000047921, 14.79687500000000000 ) ) ;
#12377 = DIRECTION ( 'NONE',  ( 0.000000000000000000, -1.000000000000000000, -1.332348806898293597E-16 ) ) ;
#12378 = DIRECTION ( 'NONE',  ( 1.240959386601371334E-16, -1.000000000000000000, -0.000000000000000000 ) ) ;
#12379 = VECTOR ( 'NONE', #12921, 39.37007874015748143 ) ;
#12380 = LINE ( 'NONE', #11307, #8297 ) ;
#12381 = PLANE ( 'NONE',  #7772 ) ;
#12382 = CARTESIAN_POINT ( 'NONE',  ( 28.53760000000000829, -0.6954000000000036819, 14.53100000000000058 ) ) ;
#12383 = ORIENTED_EDGE ( 'NONE', *, *, #8426, .T. ) ;
#12384 = CARTESIAN_POINT ( 'NONE',  ( -21.23442500000000166, -0.6954000000000041259, 2.512596398514597499E-15 ) ) ;
#12385 = VERTEX_POINT ( 'NONE', #418 ) ;
#12386 = ADVANCED_FACE ( 'NONE', ( #4524 ), #8611, .F. ) ;
#12387 = EDGE_CURVE ( 'NONE', #825, #241, #478, .T. ) ;
#12388 = ORIENTED_EDGE ( 'NONE', *, *, #8654, .T. ) ;
#12389 = VERTEX_POINT ( 'NONE', #10687 ) ;
#12390 = AXIS2_PLACEMENT_3D ( 'NONE', #6228, #7220, #8174 ) ;
#12391 = DIRECTION ( 'NONE',  ( -0.000000000000000000, -1.000000000000000000, -1.332348806898293597E-16 ) ) ;
#12392 = DIRECTION ( 'NONE',  ( 0.000000000000000000, 0.000000000000000000, 1.000000000000000000 ) ) ;
#12393 = ORIENTED_EDGE ( 'NONE', *, *, #5624, .T. ) ;
#12394 = CARTESIAN_POINT ( 'NONE',  ( 21.34037499999998388, 0.4608499999999960961, 14.67187500000000000 ) ) ;
#12395 = CARTESIAN_POINT ( 'NONE',  ( 7.484425000000007877, -0.6953999999999975756, -14.53099999999998637 ) ) ;
#12396 = CARTESIAN_POINT ( 'NONE',  ( 21.51567499999999100, -0.6207000000000038042, 14.42187500000000178 ) ) ;
#12397 = DIRECTION ( 'NONE',  ( 0.000000000000000000, -1.000000000000000000, -2.967464690054594744E-16 ) ) ;
#12398 = DIRECTION ( 'NONE',  ( -0.000000000000000000, -1.000000000000000000, -1.332348806898293597E-16 ) ) ;
#12399 = DIRECTION ( 'NONE',  ( 1.000000000000000000, 0.000000000000000000, 0.000000000000000000 ) ) ;
#12400 = CARTESIAN_POINT ( 'NONE',  ( 22.47227499999999978, -0.5895000000000039098, 14.79687500000000000 ) ) ;
#12401 = ORIENTED_EDGE ( 'NONE', *, *, #6311, .T. ) ;
#12402 = EDGE_CURVE ( 'NONE', #12520, #13036, #2690, .T. ) ;
#12403 = EDGE_CURVE ( 'NONE', #3633, #7081, #3442, .T. ) ;
#12404 = ADVANCED_FACE ( 'NONE', ( #9743 ), #1802, .T. ) ;
#12405 = ORIENTED_EDGE ( 'NONE', *, *, #10955, .T. ) ;
#12406 = EDGE_LOOP ( 'NONE', ( #4243, #12006, #12083, #876, #718, #4489, #8932, #6170 ) ) ;
#12407 = LINE ( 'NONE', #5517, #3547 ) ;
#12408 = ORIENTED_EDGE ( 'NONE', *, *, #7779, .T. ) ;
#12409 = CYLINDRICAL_SURFACE ( 'NONE', #4628, 0.1565000000000003610 ) ;
#12410 = ORIENTED_EDGE ( 'NONE', *, *, #12605, .F. ) ;
#12411 = FACE_BOUND ( 'NONE', #2939, .T. ) ;
#12412 = EDGE_CURVE ( 'NONE', #3654, #1583, #6659, .T. ) ;
#12413 = CARTESIAN_POINT ( 'NONE',  ( -21.29692500000000521, -0.6954000000000040149, 13.92187500000000178 ) ) ;
#12414 = DIRECTION ( 'NONE',  ( -1.000000000000000000, 0.000000000000000000, 0.000000000000000000 ) ) ;
#12415 = FACE_OUTER_BOUND ( 'NONE', #12139, .T. ) ;
#12416 = ORIENTED_EDGE ( 'NONE', *, *, #4334, .T. ) ;
#12417 = ADVANCED_FACE ( 'NONE', ( #1425 ), #5539, .F. ) ;
#12418 = ORIENTED_EDGE ( 'NONE', *, *, #82, .T. ) ;
#12419 = AXIS2_PLACEMENT_3D ( 'NONE', #8646, #3617, #454 ) ;
#12420 = ORIENTED_EDGE ( 'NONE', *, *, #686, .T. ) ;
#12421 = EDGE_CURVE ( 'NONE', #8766, #10694, #8551, .T. ) ;
#12422 = CARTESIAN_POINT ( 'NONE',  ( -18.75002500000000438, -0.7999999999999952704, -14.68749999999999112 ) ) ;
#12423 = CARTESIAN_POINT ( 'NONE',  ( 21.73442499999999811, -0.7999999999999928280, -14.68749999999999289 ) ) ;
#12424 = DIRECTION ( 'NONE',  ( 0.000000000000000000, 0.000000000000000000, -1.000000000000000000 ) ) ;
#12425 = CARTESIAN_POINT ( 'NONE',  ( -21.79692500000000166, -0.6954000000000040149, 13.92187500000000178 ) ) ;
#12426 = DIRECTION ( 'NONE',  ( -0.000000000000000000, -1.000000000000000000, -1.332348806898293597E-16 ) ) ;
#12427 = DIRECTION ( 'NONE',  ( -1.000000000000000000, -0.000000000000000000, -0.000000000000000000 ) ) ;
#12428 = DIRECTION ( 'NONE',  ( 0.000000000000000000, -2.967464690054594744E-16, 1.000000000000000000 ) ) ;
#12430 = ORIENTED_EDGE ( 'NONE', *, *, #3553, .T. ) ;
#12429 = AXIS2_PLACEMENT_3D ( 'NONE', #10100, #5877, #13160 ) ;
#12431 = EDGE_CURVE ( 'NONE', #8480, #7453, #7472, .T. ) ;
#12432 = VECTOR ( 'NONE', #4462, 39.37007874015748143 ) ;
#12433 = ORIENTED_EDGE ( 'NONE', *, *, #6878, .T. ) ;
#12434 = ORIENTED_EDGE ( 'NONE', *, *, #6763, .F. ) ;
#12435 = CARTESIAN_POINT ( 'NONE',  ( 22.50347500000000167, 0.3358499999999960961, -14.67187499999999822 ) ) ;
#12436 = ORIENTED_EDGE ( 'NONE', *, *, #6264, .T. ) ;
#12437 = CARTESIAN_POINT ( 'NONE',  ( -29.52755905511811108, 0.7000000000000030642, 0.000000000000000000 ) ) ;
#12438 = DIRECTION ( 'NONE',  ( 5.463695987328555033E-16, -1.000000000000000000, 0.000000000000000000 ) ) ;
#12439 = AXIS2_PLACEMENT_3D ( 'NONE', #11260, #9459, #5440 ) ;
#12440 = DIRECTION ( 'NONE',  ( -1.000000000000000000, 0.000000000000000000, 0.000000000000000000 ) ) ;
#12441 = DIRECTION ( 'NONE',  ( 1.000000000000000000, 5.337610695313202081E-16, 0.000000000000000000 ) ) ;
#12442 = FACE_OUTER_BOUND ( 'NONE', #3485, .T. ) ;
#12443 = CARTESIAN_POINT ( 'NONE',  ( -33.63110000000000355, -0.5499999999999960476, 14.56250000000000533 ) ) ;
#12444 = VERTEX_POINT ( 'NONE', #2368 ) ;
#12445 = EDGE_CURVE ( 'NONE', #7850, #1172, #4586, .T. ) ;
#12446 = DIRECTION ( 'NONE',  ( -0.000000000000000000, 0.000000000000000000, 1.000000000000000000 ) ) ;
#12447 = ORIENTED_EDGE ( 'NONE', *, *, #4098, .F. ) ;
#12448 = EDGE_CURVE ( 'NONE', #1730, #2659, #8688, .T. ) ;
#12449 = CIRCLE ( 'NONE', #12870, 0.1565000000000003610 ) ;
#12450 = CLOSED_SHELL ( 'NONE', ( #722, #11002, #3914, #6812, #11710, #9405, #11899, #11614, #7328, #8637, #10272, #8983, #607, #13086, #3991, #1848, #7818, #9308, #4935, #3826, #1553, #6996, #9332, #7903, #9561, #12969, #11665, #10324, #12417, #10190, #410, #7198, #8684, #7843, #2954, #9353, #4784, #7327, #11214, #6910, #11778, #6670, #4181, #10765, #11259, #4493, #2507, #6614, #5969, #10823, #777, #5592, #6327, #2375, #1529, #11372, #130, #12843, #4706, #1302, #8815, #4526, #10436, #428, #1007, #1555, #7887, #5922, #6025, #662, #11987, #2229, #10464, #8413, #7111, #4625, #6529, #3338, #164, #6377, #1739, #12721, #1866, #10685, #2908, #7989, #7224, #9216, #3417, #183, #4544, #12575, #2204, #2547, #12043, #4222, #4403, #4383, #12404, #5608, #9705, #2881, #9792, #6817, #9657, #3301, #8984, #1719, #10398, #5533, #5627, #9095, #6248, #206, #9186, #10643, #6051, #9218, #5690, #12698, #2868, #3226, #1417, #1345, #4909, #11007, #5065, #3265, #336, #12256, #3519, #12648, #11494, #7179, #7012, #11273, #12215, #8633, #12953, #1269, #12478, #4862, #6423, #7250, #3196, #3335, #1605, #13031, #13220, #8044, #1087, #6470, #9567, #5348, #6554, #7660, #4010, #350, #512, #6538, #4218, #919, #12643, #8751, #11676, #4322, #4867, #6326, #4980, #7880, #8450, #6397, #10287, #12849, #10426, #2641, #3652, #6113, #5684, #1818, #6730, #10160, #846, #2701, #10335, #2359, #1318, #1418, #9812, #7266, #6958, #442, #10940, #6346, #1082, #3725, #1283, #6266, #8813, #6895, #4868, #3106, #3294, #345, #9284, #4311, #10609, #5938, #5654, #5122, #12904, #8218, #11844, #10861, #9386, #12288, #7628, #1221, #1989, #5392, #4211, #9913, #7281, #1201, #3602, #9797, #3469, #8586, #2711, #4452, #11022, #4875, #10361, #11847, #1919, #2991, #6892, #9084, #11455, #9402, #6556, #2465, #1090, #8721, #1290, #3468, #11414, #3562, #4976, #9356, #12887, #3962, #10808, #1519, #11702, #7587, #10913, #1667, #2946, #3147, #3697, #2471, #9783, #2595, #7346, #7643, #12091, #8492, #9028, #8665, #10817, #8962, #4572, #6014, #8090, #2658, #11344, #213, #1483, #900, #4127, #7260, #1009, #10119, #2179, #2569, #6999, #4594, #13133, #12386, #141, #7761, #9182, #1789 ) ) ;
#12451 = VERTEX_POINT ( 'NONE', #12753 ) ;
#12452 = EDGE_LOOP ( 'NONE', ( #12486, #10728, #10710, #9789 ) ) ;
#12453 = DIRECTION ( 'NONE',  ( -0.000000000000000000, -0.000000000000000000, -1.000000000000000000 ) ) ;
#12454 = CYLINDRICAL_SURFACE ( 'NONE', #10465, 0.1250000000000037192 ) ;
#12455 = EDGE_CURVE ( 'NONE', #9872, #3570, #7603, .T. ) ;
#12456 = FACE_OUTER_BOUND ( 'NONE', #5953, .T. ) ;
#12457 = CARTESIAN_POINT ( 'NONE',  ( 3.593500000000001915, -0.6953999999999979087, 14.34400000000000475 ) ) ;
#12458 = CARTESIAN_POINT ( 'NONE',  ( 35.93750000000000000, -0.6953999999999999071, -14.86415000000000219 ) ) ;
#12459 = AXIS2_PLACEMENT_3D ( 'NONE', #7522, #7586, #3362 ) ;
#12460 = FACE_BOUND ( 'NONE', #7599, .T. ) ;
#12461 = EDGE_CURVE ( 'NONE', #8898, #9238, #10401, .T. ) ;
#12462 = CYLINDRICAL_SURFACE ( 'NONE', #1467, 0.1565000000000003610 ) ;
#12463 = EDGE_CURVE ( 'NONE', #10106, #8785, #12958, .T. ) ;
#12464 = LINE ( 'NONE', #3280, #8179 ) ;
#12465 = CYLINDRICAL_SURFACE ( 'NONE', #12708, 0.08125000000000121014 ) ;
#12466 = ORIENTED_EDGE ( 'NONE', *, *, #6890, .T. ) ;
#12467 = EDGE_LOOP ( 'NONE', ( #9692, #12325, #11376, #8733 ) ) ;
#12468 = ORIENTED_EDGE ( 'NONE', *, *, #12695, .T. ) ;
#12469 = AXIS2_PLACEMENT_3D ( 'NONE', #1925, #5088, #7967 ) ;
#12470 = VERTEX_POINT ( 'NONE', #7670 ) ;
#12471 = DIRECTION ( 'NONE',  ( -1.000000000000000000, -0.000000000000000000, -0.000000000000000000 ) ) ;
#12472 = ORIENTED_EDGE ( 'NONE', *, *, #3205, .F. ) ;
#12473 = LINE ( 'NONE', #7386, #11685 ) ;
#12474 = ORIENTED_EDGE ( 'NONE', *, *, #11082, .F. ) ;
#12475 = DIRECTION ( 'NONE',  ( -0.000000000000000000, -1.000000000000000000, -1.332348806898293597E-16 ) ) ;
#12476 = CARTESIAN_POINT ( 'NONE',  ( -33.63110000000000355, -0.6953999999999999071, -14.43750000000000000 ) ) ;
#12477 = CYLINDRICAL_SURFACE ( 'NONE', #4148, 0.1565000000000003610 ) ;
#12478 = ADVANCED_FACE ( 'NONE', ( #6532 ), #2501, .F. ) ;
#12479 = ADVANCED_FACE ( 'NONE', ( #2570, #9552 ), #4649, .F. ) ;
#12480 = CARTESIAN_POINT ( 'NONE',  ( -17.31882500000000391, -0.5499999999999952704, -14.34399999999999764 ) ) ;
#12481 = VERTEX_POINT ( 'NONE', #10064 ) ;
#12482 = VECTOR ( 'NONE', #6809, 39.37007874015748143 ) ;
#12483 = CIRCLE ( 'NONE', #3711, 0.1565000000000003610 ) ;
#12484 = EDGE_CURVE ( 'NONE', #4301, #8229, #2075, .T. ) ;
#12485 = EDGE_CURVE ( 'NONE', #10261, #9900, #5979, .T. ) ;
#12486 = ORIENTED_EDGE ( 'NONE', *, *, #8441, .T. ) ;
#12487 = VERTEX_POINT ( 'NONE', #863 ) ;
#12488 = DIRECTION ( 'NONE',  ( 0.000000000000000000, 0.000000000000000000, -1.000000000000000000 ) ) ;
#12489 = AXIS2_PLACEMENT_3D ( 'NONE', #10166, #4126, #8222 ) ;
#12490 = CYLINDRICAL_SURFACE ( 'NONE', #6673, 0.2499999999999986955 ) ;
#12491 = VECTOR ( 'NONE', #6535, 39.37007874015748143 ) ;
#12492 = CARTESIAN_POINT ( 'NONE',  ( 35.93750000000000000, -0.7187500000000002220, 15.00000000000000000 ) ) ;
#12493 = DIRECTION ( 'NONE',  ( 0.000000000000000000, 0.000000000000000000, -1.000000000000000000 ) ) ;
#12494 = LINE ( 'NONE', #83, #8318 ) ;
#12495 = DIRECTION ( 'NONE',  ( -0.000000000000000000, -0.000000000000000000, -1.000000000000000000 ) ) ;
#12496 = DIRECTION ( 'NONE',  ( 0.000000000000000000, 2.967464690054594744E-16, -1.000000000000000000 ) ) ;
#12497 = DIRECTION ( 'NONE',  ( 1.240959386601371334E-16, -1.000000000000000000, 0.000000000000000000 ) ) ;
#12498 = DIRECTION ( 'NONE',  ( 0.000000000000000000, 0.000000000000000000, -1.000000000000000000 ) ) ;
#12499 = ORIENTED_EDGE ( 'NONE', *, *, #11509, .F. ) ;
#12500 = EDGE_CURVE ( 'NONE', #11672, #3638, #2695, .T. ) ;
#12501 = AXIS2_PLACEMENT_3D ( 'NONE', #4428, #5150, #94 ) ;
#12502 = VERTEX_POINT ( 'NONE', #11122 ) ;
#12503 = ORIENTED_EDGE ( 'NONE', *, *, #12041, .F. ) ;
#12504 = EDGE_CURVE ( 'NONE', #7467, #13130, #12127, .T. ) ;
#12505 = FACE_OUTER_BOUND ( 'NONE', #5900, .T. ) ;
#12506 = EDGE_CURVE ( 'NONE', #2981, #5577, #3887, .T. ) ;
#12507 = EDGE_LOOP ( 'NONE', ( #11802, #12122, #743, #181 ) ) ;
#12508 = DIRECTION ( 'NONE',  ( 0.000000000000000000, 0.000000000000000000, -1.000000000000000000 ) ) ;
#12509 = CARTESIAN_POINT ( 'NONE',  ( -18.90652500000000913, -0.6953999999999991299, 13.97959999999999603 ) ) ;
#12510 = CARTESIAN_POINT ( 'NONE',  ( -21.60942500000000521, 0.7000000000000405898, 14.42187500000000178 ) ) ;
#12511 = CARTESIAN_POINT ( 'NONE',  ( 28.38110000000001065, -0.5499999999999923839, -14.34399999999999942 ) ) ;
#12512 = FACE_BOUND ( 'NONE', #10246, .T. ) ;
#12513 = LINE ( 'NONE', #8571, #2635 ) ;
#12514 = ORIENTED_EDGE ( 'NONE', *, *, #2496, .F. ) ;
#12515 = DIRECTION ( 'NONE',  ( 0.000000000000000000, 2.967464690054594744E-16, -1.000000000000000000 ) ) ;
#12516 = ORIENTED_EDGE ( 'NONE', *, *, #2567, .F. ) ;
#12517 = CIRCLE ( 'NONE', #3744, 0.1565000000000003610 ) ;
#12518 = AXIS2_PLACEMENT_3D ( 'NONE', #4804, #10108, #4068 ) ;
#12519 = ORIENTED_EDGE ( 'NONE', *, *, #12218, .T. ) ;
#12520 = VERTEX_POINT ( 'NONE', #2007 ) ;
#12521 = CIRCLE ( 'NONE', #8883, 0.1250000000000029143 ) ;
#12522 = DIRECTION ( 'NONE',  ( -0.000000000000000000, -1.000000000000000000, -1.332348806898293597E-16 ) ) ;
#12523 = DIRECTION ( 'NONE',  ( 0.000000000000000000, 0.000000000000000000, -1.000000000000000000 ) ) ;
#12524 = CARTESIAN_POINT ( 'NONE',  ( -35.91710000000000491, -0.6641500000000026827, -13.78219999999999956 ) ) ;
#12525 = FACE_OUTER_BOUND ( 'NONE', #5582, .T. ) ;
#12526 = CARTESIAN_POINT ( 'NONE',  ( -35.93750000000000000, 0.7000000000000037303, -14.78124999999999822 ) ) ;
#12527 = EDGE_CURVE ( 'NONE', #6932, #233, #11322, .T. ) ;
#12528 = CARTESIAN_POINT ( 'NONE',  ( 31.97460000000001301, -0.5499999999999921618, -14.34399999999997810 ) ) ;
#12529 = DIRECTION ( 'NONE',  ( 0.000000000000000000, -1.000000000000000000, -1.332348806898293597E-16 ) ) ;
#12530 = CIRCLE ( 'NONE', #2709, 0.2559055118110260540 ) ;
#12531 = AXIS2_PLACEMENT_3D ( 'NONE', #2844, #6870, #3986 ) ;
#12532 = DIRECTION ( 'NONE',  ( 0.000000000000000000, -1.000000000000000000, -2.967464690054594744E-16 ) ) ;
#12533 = FACE_OUTER_BOUND ( 'NONE', #914, .T. ) ;
#12534 = ORIENTED_EDGE ( 'NONE', *, *, #11208, .F. ) ;
#12535 = EDGE_CURVE ( 'NONE', #8845, #7980, #4967, .T. ) ;
#12536 = ORIENTED_EDGE ( 'NONE', *, *, #7249, .T. ) ;
#12537 = ORIENTED_EDGE ( 'NONE', *, *, #11085, .F. ) ;
#12538 = AXIS2_PLACEMENT_3D ( 'NONE', #5450, #2351, #6450 ) ;
#12539 = ORIENTED_EDGE ( 'NONE', *, *, #11798, .T. ) ;
#12540 = FACE_OUTER_BOUND ( 'NONE', #25, .T. ) ;
#12541 = EDGE_LOOP ( 'NONE', ( #3897, #9054 ) ) ;
#12542 = CARTESIAN_POINT ( 'NONE',  ( 31.97460000000000235, -0.7999999999999921618, 14.34400000000000475 ) ) ;
#12543 = ORIENTED_EDGE ( 'NONE', *, *, #12030, .T. ) ;
#12544 = LINE ( 'NONE', #9667, #4978 ) ;
#12545 = CARTESIAN_POINT ( 'NONE',  ( 3.906500000000002526, -0.7999999999999999334, 14.34400000000000652 ) ) ;
#12546 = CARTESIAN_POINT ( 'NONE',  ( -36.02170000000000272, -0.7187500000000024425, 13.78219999999999956 ) ) ;
#12547 = AXIS2_PLACEMENT_3D ( 'NONE', #997, #7982, #6972 ) ;
#12548 = DIRECTION ( 'NONE',  ( 1.000000000000000000, 0.000000000000000000, 0.000000000000000000 ) ) ;
#12549 = ORIENTED_EDGE ( 'NONE', *, *, #5151, .F. ) ;
#12550 = VERTEX_POINT ( 'NONE', #52 ) ;
#12551 = ADVANCED_FACE ( 'NONE', ( #8048 ), #9057, .F. ) ;
#12552 = VERTEX_POINT ( 'NONE', #4158 ) ;
#12553 = CARTESIAN_POINT ( 'NONE',  ( -25.98425196850394059, 0.7000000000000049516, -3.543307086614173151 ) ) ;
#12554 = ORIENTED_EDGE ( 'NONE', *, *, #2043, .F. ) ;
#12555 = CARTESIAN_POINT ( 'NONE',  ( -33.63110000000000355, -0.7999999999999959366, -14.31249999999999645 ) ) ;
#12556 = AXIS2_PLACEMENT_3D ( 'NONE', #1617, #5721, #12749 ) ;
#12557 = DIRECTION ( 'NONE',  ( -0.000000000000000000, -1.000000000000000000, -1.332348806898293597E-16 ) ) ;
#12558 = DIRECTION ( 'NONE',  ( 1.000000000000000000, 5.463695987328555033E-16, 0.000000000000000000 ) ) ;
#12559 = CARTESIAN_POINT ( 'NONE',  ( 36.02170000000000272, -0.6341000000000001080, -13.78219999999999956 ) ) ;
#12560 = DIRECTION ( 'NONE',  ( 0.000000000000000000, -1.000000000000000000, -1.483732345027297372E-16 ) ) ;
#12561 = CARTESIAN_POINT ( 'NONE',  ( -21.23442499999999811, 0.7000000000000407008, 12.43750000000000178 ) ) ;
#12562 = CARTESIAN_POINT ( 'NONE',  ( -32.13110000000000355, -0.6954000000000000181, 14.53100000000000058 ) ) ;
#12563 = EDGE_CURVE ( 'NONE', #1152, #12647, #3769, .T. ) ;
#12564 = VERTEX_POINT ( 'NONE', #8257 ) ;
#12565 = ADVANCED_FACE ( 'NONE', ( #13124 ), #6176, .T. ) ;
#12566 = VECTOR ( 'NONE', #4178, 39.37007874015748143 ) ;
#12567 = AXIS2_PLACEMENT_3D ( 'NONE', #7357, #6548, #9438 ) ;
#12568 = ORIENTED_EDGE ( 'NONE', *, *, #10980, .T. ) ;
#12569 = EDGE_CURVE ( 'NONE', #1630, #8365, #2143, .T. ) ;
#12570 = EDGE_LOOP ( 'NONE', ( #12973, #10644, #12837, #2794, #9530 ) ) ;
#12571 = DIRECTION ( 'NONE',  ( 1.240959386601371334E-16, -1.000000000000000000, 0.000000000000000000 ) ) ;
#12572 = ORIENTED_EDGE ( 'NONE', *, *, #13234, .F. ) ;
#12573 = CARTESIAN_POINT ( 'NONE',  ( -11.09352500000000319, -0.6953999999999987969, -14.53099999999999348 ) ) ;
#12574 = CARTESIAN_POINT ( 'NONE',  ( -33.63110000000000355, -0.6953999999999999071, 14.56250000000000533 ) ) ;
#12575 = ADVANCED_FACE ( 'NONE', ( #10268 ), #929, .F. ) ;
#12576 = DIRECTION ( 'NONE',  ( 1.000000000000000000, 0.000000000000000000, 0.000000000000000000 ) ) ;
#12577 = AXIS2_PLACEMENT_3D ( 'NONE', #3694, #9607, #532 ) ;
#12578 = AXIS2_PLACEMENT_3D ( 'NONE', #5470, #6271, #10487 ) ;
#12579 = DIRECTION ( 'NONE',  ( 0.000000000000000000, -1.000000000000000000, -2.967464690054594744E-16 ) ) ;
#12580 = FACE_OUTER_BOUND ( 'NONE', #5316, .T. ) ;
#12581 = EDGE_CURVE ( 'NONE', #4910, #10448, #8994, .T. ) ;
#12582 = DIRECTION ( 'NONE',  ( 1.000000000000000000, 0.000000000000000000, 0.000000000000000000 ) ) ;
#12583 = ORIENTED_EDGE ( 'NONE', *, *, #12786, .T. ) ;
#12584 = CARTESIAN_POINT ( 'NONE',  ( 7.640925000000008183, -0.7999999999999936051, -14.34399999999999054 ) ) ;
#12585 = ORIENTED_EDGE ( 'NONE', *, *, #2985, .F. ) ;
#12586 = AXIS2_PLACEMENT_3D ( 'NONE', #4026, #125, #10133 ) ;
#12587 = CIRCLE ( 'NONE', #3166, 0.1565000000000003610 ) ;
#12588 = VECTOR ( 'NONE', #7719, 39.37007874015748143 ) ;
#12589 = ORIENTED_EDGE ( 'NONE', *, *, #5522, .F. ) ;
#12590 = ORIENTED_EDGE ( 'NONE', *, *, #12859, .F. ) ;
#12591 = DIRECTION ( 'NONE',  ( 0.000000000000000000, 0.000000000000000000, -1.000000000000000000 ) ) ;
#12592 = CARTESIAN_POINT ( 'NONE',  ( -21.73442500000000877, -0.6953999999999993520, 14.18750000000000533 ) ) ;
#12593 = EDGE_CURVE ( 'NONE', #11567, #6969, #12264, .T. ) ;
#12594 = DIRECTION ( 'NONE',  ( 1.000000000000000000, 0.000000000000000000, 0.000000000000000000 ) ) ;
#12595 = CARTESIAN_POINT ( 'NONE',  ( -21.73442500000000877, -0.7999999999999953815, 14.34400000000000652 ) ) ;
#12596 = DIRECTION ( 'NONE',  ( 1.000000000000000000, 0.000000000000000000, 0.000000000000000000 ) ) ;
#12597 = CARTESIAN_POINT ( 'NONE',  ( -20.89067499999999811, 0.3358499999999960961, 14.67187500000000000 ) ) ;
#12598 = CARTESIAN_POINT ( 'NONE',  ( 28.38110000000001065, -0.5499999999999923839, 14.34400000000000652 ) ) ;
#12599 = CIRCLE ( 'NONE', #4466, 0.1250000000000029143 ) ;
#12600 = CARTESIAN_POINT ( 'NONE',  ( 32.28760000000001185, -0.5499999999999921618, -14.34399999999997810 ) ) ;
#12601 = CARTESIAN_POINT ( 'NONE',  ( 35.23450000000000415, -0.5499999999999918288, -8.561549999999977345 ) ) ;
#12602 = ORIENTED_EDGE ( 'NONE', *, *, #5350, .F. ) ;
#12603 = AXIS2_PLACEMENT_3D ( 'NONE', #11946, #10875, #3775 ) ;
#12604 = VERTEX_POINT ( 'NONE', #12195 ) ;
#12605 = EDGE_CURVE ( 'NONE', #4893, #11848, #3020, .T. ) ;
#12606 = VECTOR ( 'NONE', #5764, 39.37007874015748143 ) ;
#12607 = ORIENTED_EDGE ( 'NONE', *, *, #5753, .T. ) ;
#12608 = CARTESIAN_POINT ( 'NONE',  ( -18.59352500000000319, -0.5499999999999952704, -14.34399999999999586 ) ) ;
#12609 = ORIENTED_EDGE ( 'NONE', *, *, #6773, .T. ) ;
#12610 = CARTESIAN_POINT ( 'NONE',  ( 21.37157499999998933, -0.6207000000000038042, -14.79687500000000000 ) ) ;
#12611 = ORIENTED_EDGE ( 'NONE', *, *, #6328, .T. ) ;
#12612 = CARTESIAN_POINT ( 'NONE',  ( -22.09727500000001044, -0.5895000000000039098, 14.79687500000000000 ) ) ;
#12613 = ORIENTED_EDGE ( 'NONE', *, *, #8698, .T. ) ;
#12614 = CARTESIAN_POINT ( 'NONE',  ( 28.53760000000000829, -0.5499999999999923839, 14.34400000000000475 ) ) ;
#12615 = CARTESIAN_POINT ( 'NONE',  ( -17.00582500000000508, -0.7999999999999951594, -14.34399999999999764 ) ) ;
#12616 = FACE_OUTER_BOUND ( 'NONE', #382, .T. ) ;
#12617 = CARTESIAN_POINT ( 'NONE',  ( -35.23450000000000415, -0.7999999999999961586, 1.686549999999997107 ) ) ;
#12618 = AXIS2_PLACEMENT_3D ( 'NONE', #6599, #1426, #7473 ) ;
#12619 = EDGE_LOOP ( 'NONE', ( #3130, #5656 ) ) ;
#12620 = EDGE_CURVE ( 'NONE', #8175, #9563, #6107, .T. ) ;
#12621 = ORIENTED_EDGE ( 'NONE', *, *, #10365, .T. ) ;
#12622 = ORIENTED_EDGE ( 'NONE', *, *, #2735, .T. ) ;
#12623 = LINE ( 'NONE', #3637, #963 ) ;
#12624 = ORIENTED_EDGE ( 'NONE', *, *, #7898, .T. ) ;
#12625 = DIRECTION ( 'NONE',  ( -0.000000000000000000, -1.000000000000000000, -1.332348806898293597E-16 ) ) ;
#12626 = DIRECTION ( 'NONE',  ( 1.000000000000000000, 0.000000000000000000, 0.000000000000000000 ) ) ;
#12627 = FACE_OUTER_BOUND ( 'NONE', #4307, .T. ) ;
#12628 = EDGE_CURVE ( 'NONE', #9900, #2152, #12965, .T. ) ;
#12629 = LINE ( 'NONE', #7274, #3596 ) ;
#12630 = CARTESIAN_POINT ( 'NONE',  ( -28.22460000000000946, -0.6953999999999997961, 14.34400000000000475 ) ) ;
#12631 = CARTESIAN_POINT ( 'NONE',  ( -35.93750000000000000, 0.5954000000000035930, -14.89540000000000042 ) ) ;
#12632 = DIRECTION ( 'NONE',  ( 1.240959386601371334E-16, -1.000000000000000000, 0.000000000000000000 ) ) ;
#12633 = EDGE_CURVE ( 'NONE', #4172, #1882, #8914, .T. ) ;
#12634 = ORIENTED_EDGE ( 'NONE', *, *, #10373, .T. ) ;
#12635 = VECTOR ( 'NONE', #178, 39.37007874015748143 ) ;
#12636 = VERTEX_POINT ( 'NONE', #12457 ) ;
#12637 = EDGE_LOOP ( 'NONE', ( #6732, #6101, #1120, #7911, #10971 ) ) ;
#12638 = DIRECTION ( 'NONE',  ( -0.000000000000000000, -1.000000000000000000, -1.332348806898293597E-16 ) ) ;
#12639 = ORIENTED_EDGE ( 'NONE', *, *, #7571, .T. ) ;
#12640 = CARTESIAN_POINT ( 'NONE',  ( 35.88585000000000491, 0.5641500000000337911, 14.78124999999999822 ) ) ;
#12641 = CARTESIAN_POINT ( 'NONE',  ( -34.89029999999999632, -0.7999999999999994893, 13.78219999999999956 ) ) ;
#12642 = DIRECTION ( 'NONE',  ( 0.000000000000000000, 0.000000000000000000, 1.000000000000000000 ) ) ;
#12643 = ADVANCED_FACE ( 'NONE', ( #10389 ), #4421, .F. ) ;
#12644 = DIRECTION ( 'NONE',  ( 1.000000000000000000, 0.000000000000000000, 0.000000000000000000 ) ) ;
#12645 = AXIS2_PLACEMENT_3D ( 'NONE', #3662, #10761, #8573 ) ;
#12646 = PLANE ( 'NONE',  #12901 ) ;
#12647 = VERTEX_POINT ( 'NONE', #1195 ) ;
#12648 = ADVANCED_FACE ( 'NONE', ( #2403 ), #5503, .F. ) ;
#12649 = FACE_OUTER_BOUND ( 'NONE', #12069, .T. ) ;
#12650 = VERTEX_POINT ( 'NONE', #189 ) ;
#12651 = VECTOR ( 'NONE', #3185, 39.37007874015748143 ) ;
#12652 = EDGE_CURVE ( 'NONE', #1284, #8670, #8326, .T. ) ;
#12653 = CIRCLE ( 'NONE', #6874, 0.1565000000000003610 ) ;
#12654 = VERTEX_POINT ( 'NONE', #6303 ) ;
#12655 = ORIENTED_EDGE ( 'NONE', *, *, #6191, .T. ) ;
#12656 = CARTESIAN_POINT ( 'NONE',  ( -7.484424999999999883, -0.7999999999999946043, 14.34400000000001008 ) ) ;
#12657 = CARTESIAN_POINT ( 'NONE',  ( -35.23450000000000415, -0.7999999999999961586, -1.811549999999999994 ) ) ;
#12658 = LINE ( 'NONE', #3476, #2474 ) ;
#12659 = DIRECTION ( 'NONE',  ( 0.000000000000000000, 0.000000000000000000, 1.000000000000000000 ) ) ;
#12660 = DIRECTION ( 'NONE',  ( 0.000000000000000000, -1.000000000000000000, -2.967464690054594744E-16 ) ) ;
#12661 = CYLINDRICAL_SURFACE ( 'NONE', #5132, 0.1565000000000003610 ) ;
#12662 = DIRECTION ( 'NONE',  ( 0.000000000000000000, -1.000000000000000000, -1.332348806898293597E-16 ) ) ;
#12663 = AXIS2_PLACEMENT_3D ( 'NONE', #3348, #195, #10524 ) ;
#12664 = ORIENTED_EDGE ( 'NONE', *, *, #1947, .T. ) ;
#12665 = ORIENTED_EDGE ( 'NONE', *, *, #431, .F. ) ;
#12666 = EDGE_CURVE ( 'NONE', #8046, #2691, #9764, .T. ) ;
#12667 = ORIENTED_EDGE ( 'NONE', *, *, #4701, .T. ) ;
#12668 = FACE_BOUND ( 'NONE', #7864, .T. ) ;
#12669 = EDGE_LOOP ( 'NONE', ( #8459, #12418, #9642, #7255 ) ) ;
#12670 = VECTOR ( 'NONE', #12817, 39.37007874015748143 ) ;
#12671 = CARTESIAN_POINT ( 'NONE',  ( 21.26567499999998745, -0.5895000000000039098, -14.79687500000000000 ) ) ;
#12672 = ORIENTED_EDGE ( 'NONE', *, *, #3389, .F. ) ;
#12673 = CARTESIAN_POINT ( 'NONE',  ( 11.25002500000000794, -0.5499999999999934941, 14.34400000000000652 ) ) ;
#12674 = ORIENTED_EDGE ( 'NONE', *, *, #11092, .F. ) ;
#12675 = CARTESIAN_POINT ( 'NONE',  ( 35.94045000000000556, -0.8000000000000022649, 14.78124999999999822 ) ) ;
#12676 = EDGE_CURVE ( 'NONE', #527, #3865, #9520, .T. ) ;
#12677 = CARTESIAN_POINT ( 'NONE',  ( -11.25002500000000794, -0.7999999999999948264, 14.34400000000000652 ) ) ;
#12678 = DIRECTION ( 'NONE',  ( 0.000000000000000000, 0.000000000000000000, -1.000000000000000000 ) ) ;
#12679 = VECTOR ( 'NONE', #4409, 39.37007874015748143 ) ;
#12680 = FACE_OUTER_BOUND ( 'NONE', #8225, .T. ) ;
#12681 = VERTEX_POINT ( 'NONE', #120 ) ;
#12682 = ORIENTED_EDGE ( 'NONE', *, *, #10649, .F. ) ;
#12683 = EDGE_LOOP ( 'NONE', ( #2249, #1070, #4691, #13254 ) ) ;
#12684 = DIRECTION ( 'NONE',  ( 1.000000000000000000, 0.000000000000000000, -0.000000000000000000 ) ) ;
#12685 = VERTEX_POINT ( 'NONE', #6436 ) ;
#12686 = FACE_OUTER_BOUND ( 'NONE', #216, .T. ) ;
#12687 = CARTESIAN_POINT ( 'NONE',  ( -35.93750000000000000, 0.5954000000000000403, 14.89540000000000042 ) ) ;
#12688 = CARTESIAN_POINT ( 'NONE',  ( -21.73442500000000521, 0.7000000000000405898, -14.42187500000001066 ) ) ;
#12689 = DIRECTION ( 'NONE',  ( 0.000000000000000000, 0.000000000000000000, 1.000000000000000000 ) ) ;
#12690 = DIRECTION ( 'NONE',  ( 0.000000000000000000, 0.000000000000000000, -1.000000000000000000 ) ) ;
#12691 = EDGE_CURVE ( 'NONE', #10107, #1062, #11892, .T. ) ;
#12692 = VECTOR ( 'NONE', #1250, 39.37007874015748143 ) ;
#12693 = AXIS2_PLACEMENT_3D ( 'NONE', #9978, #3870, #5889 ) ;
#12694 = CARTESIAN_POINT ( 'NONE',  ( -32.28760000000000474, -0.5499999999999961586, 14.53100000000000058 ) ) ;
#12695 = EDGE_CURVE ( 'NONE', #8073, #7957, #1327, .T. ) ;
#12696 = CARTESIAN_POINT ( 'NONE',  ( 35.23450000000000415, -0.5499999999999918288, -1.936549999999976679 ) ) ;
#12697 = VERTEX_POINT ( 'NONE', #315 ) ;
#12698 = ADVANCED_FACE ( 'NONE', ( #12525 ), #7503, .F. ) ;
#12699 = VERTEX_POINT ( 'NONE', #5368 ) ;
#12700 = AXIS2_PLACEMENT_3D ( 'NONE', #6601, #3580, #1362 ) ;
#12701 = ORIENTED_EDGE ( 'NONE', *, *, #453, .F. ) ;
#12702 = DIRECTION ( 'NONE',  ( -1.000000000000000000, -0.000000000000000000, -0.000000000000000000 ) ) ;
#12703 = DIRECTION ( 'NONE',  ( -1.000000000000000000, 0.000000000000000000, 0.000000000000000000 ) ) ;
#12704 = DIRECTION ( 'NONE',  ( -1.240959386601361473E-16, 1.000000000000000000, 0.000000000000000000 ) ) ;
#12705 = DIRECTION ( 'NONE',  ( 0.000000000000000000, 0.000000000000000000, -1.000000000000000000 ) ) ;
#12706 = DIRECTION ( 'NONE',  ( -0.000000000000000000, -1.000000000000000000, -1.332348806898293597E-16 ) ) ;
#12707 = LINE ( 'NONE', #3528, #3708 ) ;
#12708 = AXIS2_PLACEMENT_3D ( 'NONE', #7443, #7378, #10460 ) ;
#12709 = CARTESIAN_POINT ( 'NONE',  ( 3.750000000000002220, -0.6953999999999979087, 14.34400000000000652 ) ) ;
#12710 = VERTEX_POINT ( 'NONE', #7372 ) ;
#12711 = ORIENTED_EDGE ( 'NONE', *, *, #6650, .F. ) ;
#12712 = CIRCLE ( 'NONE', #6940, 0.2499999999999986955 ) ;
#12713 = EDGE_CURVE ( 'NONE', #10780, #3951, #12658, .T. ) ;
#12714 = EDGE_LOOP ( 'NONE', ( #3848, #10023, #6928, #184 ) ) ;
#12715 = DIRECTION ( 'NONE',  ( -0.000000000000000000, -2.967464690054594744E-16, 1.000000000000000000 ) ) ;
#12716 = CARTESIAN_POINT ( 'NONE',  ( -26.25002500000000794, -0.7999999999999957145, 14.18750000000000178 ) ) ;
#12717 = DIRECTION ( 'NONE',  ( -0.000000000000000000, 1.000000000000000000, -0.000000000000000000 ) ) ;
#12718 = DIRECTION ( 'NONE',  ( 0.000000000000000000, 0.000000000000000000, -1.000000000000000000 ) ) ;
#12719 = CYLINDRICAL_SURFACE ( 'NONE', #7342, 0.1565000000000003610 ) ;
#12720 = LINE ( 'NONE', #11716, #1013 ) ;
#12721 = ADVANCED_FACE ( 'NONE', ( #8388 ), #7438, .F. ) ;
#12722 = DIRECTION ( 'NONE',  ( 0.000000000000000000, -1.000000000000000000, -2.967464690054594744E-16 ) ) ;
#12723 = ORIENTED_EDGE ( 'NONE', *, *, #10782, .F. ) ;
#12724 = CIRCLE ( 'NONE', #4602, 0.2187500000000015821 ) ;
#12725 = EDGE_LOOP ( 'NONE', ( #474, #4156, #4962, #7795 ) ) ;
#12726 = EDGE_CURVE ( 'NONE', #1949, #2942, #7568, .T. ) ;
#12727 = CIRCLE ( 'NONE', #1168, 0.1565000000000003610 ) ;
#12728 = AXIS2_PLACEMENT_3D ( 'NONE', #2174, #12426, #5270 ) ;
#12729 = ORIENTED_EDGE ( 'NONE', *, *, #7742, .T. ) ;
#12730 = CARTESIAN_POINT ( 'NONE',  ( 21.85942499999999100, 0.7000000000000405898, 14.42187500000000178 ) ) ;
#12731 = ORIENTED_EDGE ( 'NONE', *, *, #5624, .F. ) ;
#12732 = LINE ( 'NONE', #462, #6132 ) ;
#12733 = EDGE_LOOP ( 'NONE', ( #8829, #12539, #6066, #6768 ) ) ;
#12734 = VERTEX_POINT ( 'NONE', #252 ) ;
#12735 = FACE_OUTER_BOUND ( 'NONE', #4942, .T. ) ;
#12736 = AXIS2_PLACEMENT_3D ( 'NONE', #7418, #11495, #9569 ) ;
#12737 = EDGE_CURVE ( 'NONE', #3812, #8718, #2462, .T. ) ;
#12738 = CARTESIAN_POINT ( 'NONE',  ( -3.749999999999997780, -0.7999999999999943823, -14.68749999999998757 ) ) ;
#12739 = FACE_BOUND ( 'NONE', #6981, .T. ) ;
#12740 = EDGE_CURVE ( 'NONE', #10927, #3981, #8452, .T. ) ;
#12741 = CARTESIAN_POINT ( 'NONE',  ( -21.29692500000000166, -0.6954000000000040149, -13.92187500000001066 ) ) ;
#12742 = VECTOR ( 'NONE', #3825, 39.37007874015748143 ) ;
#12743 = DIRECTION ( 'NONE',  ( 0.000000000000000000, 0.000000000000000000, -1.000000000000000000 ) ) ;
#12744 = ORIENTED_EDGE ( 'NONE', *, *, #9247, .F. ) ;
#12745 = VECTOR ( 'NONE', #11529, 39.37007874015748143 ) ;
#12746 = VECTOR ( 'NONE', #9679, 39.37007874015748143 ) ;
#12747 = ORIENTED_EDGE ( 'NONE', *, *, #8800, .T. ) ;
#12748 = EDGE_LOOP ( 'NONE', ( #12519, #12316 ) ) ;
#12749 = DIRECTION ( 'NONE',  ( -1.000000000000000000, -1.240959386601371334E-16, 0.000000000000000000 ) ) ;
#12750 = ORIENTED_EDGE ( 'NONE', *, *, #9586, .F. ) ;
#12751 = AXIS2_PLACEMENT_3D ( 'NONE', #10130, #8188, #3153 ) ;
#12752 = DIRECTION ( 'NONE',  ( -1.000000000000000000, 0.000000000000000000, 0.000000000000000000 ) ) ;
#12753 = CARTESIAN_POINT ( 'NONE',  ( -33.63110000000000355, -0.7999999999999959366, 14.56250000000000533 ) ) ;
#12754 = CARTESIAN_POINT ( 'NONE',  ( 22.17192499999999455, 0.7000000000000405898, 13.92187500000000178 ) ) ;
#12755 = DIRECTION ( 'NONE',  ( 0.000000000000000000, -1.000000000000000000, -1.332348806898293597E-16 ) ) ;
#12756 = DIRECTION ( 'NONE',  ( -0.000000000000000000, -0.000000000000000000, 1.000000000000000000 ) ) ;
#12757 = LINE ( 'NONE', #12694, #7300 ) ;
#12758 = CIRCLE ( 'NONE', #6348, 0.1250000000000037192 ) ;
#12759 = DIRECTION ( 'NONE',  ( 1.000000000000000000, 0.000000000000000000, 0.000000000000000000 ) ) ;
#12760 = VERTEX_POINT ( 'NONE', #3216 ) ;
#12761 = CIRCLE ( 'NONE', #7205, 0.1565000000000003610 ) ;
#12762 = VERTEX_POINT ( 'NONE', #7307 ) ;
#12763 = AXIS2_PLACEMENT_3D ( 'NONE', #9615, #1287, #10548 ) ;
#12764 = EDGE_CURVE ( 'NONE', #9338, #3058, #2340, .T. ) ;
#12765 = ORIENTED_EDGE ( 'NONE', *, *, #3436, .F. ) ;
#12766 = DIRECTION ( 'NONE',  ( -0.000000000000000000, -2.967464690054594744E-16, 1.000000000000000000 ) ) ;
#12767 = DIRECTION ( 'NONE',  ( 0.000000000000000000, 0.000000000000000000, -1.000000000000000000 ) ) ;
#12768 = DIRECTION ( 'NONE',  ( -0.000000000000000000, -1.000000000000000000, -0.000000000000000000 ) ) ;
#12769 = CYLINDRICAL_SURFACE ( 'NONE', #3575, 0.1565000000000003610 ) ;
#12770 =( NAMED_UNIT ( * ) SI_UNIT ( $, .STERADIAN. ) SOLID_ANGLE_UNIT ( ) );
#12771 = CARTESIAN_POINT ( 'NONE',  ( 21.92192499999999455, 0.7000000000000405898, 13.92187500000000178 ) ) ;
#12772 = DIRECTION ( 'NONE',  ( 0.000000000000000000, 0.000000000000000000, -1.000000000000000000 ) ) ;
#12773 = VECTOR ( 'NONE', #10887, 39.37007874015748143 ) ;
#12774 = DIRECTION ( 'NONE',  ( 1.000000000000000000, 0.000000000000000000, -0.000000000000000000 ) ) ;
#12775 = ORIENTED_EDGE ( 'NONE', *, *, #5102, .F. ) ;
#12776 = ORIENTED_EDGE ( 'NONE', *, *, #7806, .T. ) ;
#12777 = AXIS2_PLACEMENT_3D ( 'NONE', #7460, #7527, #6458 ) ;
#12778 = VECTOR ( 'NONE', #9554, 39.37007874015748143 ) ;
#12779 = ORIENTED_EDGE ( 'NONE', *, *, #3315, .F. ) ;
#12780 = LINE ( 'NONE', #2599, #6946 ) ;
#12781 = CARTESIAN_POINT ( 'NONE',  ( 35.23450000000000415, -0.6953999999999956882, -1.811549999999973792 ) ) ;
#12782 = LINE ( 'NONE', #7701, #5891 ) ;
#12783 = FACE_OUTER_BOUND ( 'NONE', #2581, .T. ) ;
#12784 = CARTESIAN_POINT ( 'NONE',  ( 7.484424999999999883, -0.7999999999999936051, 14.18750000000001066 ) ) ;
#12785 = CARTESIAN_POINT ( 'NONE',  ( 35.88585000000000491, -0.6954000000000021275, 13.78219999999999956 ) ) ;
#12786 = EDGE_CURVE ( 'NONE', #9005, #9547, #11974, .T. ) ;
#12787 = CARTESIAN_POINT ( 'NONE',  ( 22.47227499999999978, 0.3358499999999960961, -14.79687500000000000 ) ) ;
#12788 = FACE_OUTER_BOUND ( 'NONE', #7792, .T. ) ;
#12789 = EDGE_LOOP ( 'NONE', ( #8634, #5668, #9432, #8704 ) ) ;
#12790 = AXIS2_PLACEMENT_3D ( 'NONE', #10716, #579, #6632 ) ;
#12791 = VECTOR ( 'NONE', #2173, 39.37007874015748143 ) ;
#12792 = EDGE_CURVE ( 'NONE', #1901, #3766, #12979, .T. ) ;
#12793 = EDGE_LOOP ( 'NONE', ( #2807, #2479 ) ) ;
#12794 = ORIENTED_EDGE ( 'NONE', *, *, #9260, .F. ) ;
#12795 = FACE_BOUND ( 'NONE', #5966, .T. ) ;
#12796 = ORIENTED_EDGE ( 'NONE', *, *, #7182, .T. ) ;
#12797 = DIRECTION ( 'NONE',  ( 0.000000000000000000, 0.000000000000000000, -1.000000000000000000 ) ) ;
#12798 = ORIENTED_EDGE ( 'NONE', *, *, #10142, .T. ) ;
#12799 = AXIS2_PLACEMENT_3D ( 'NONE', #5963, #6827, #2738 ) ;
#12800 = EDGE_LOOP ( 'NONE', ( #7379, #2412, #3231, #12472 ) ) ;
#12801 = LINE ( 'NONE', #596, #9337 ) ;
#12802 = AXIS2_PLACEMENT_3D ( 'NONE', #11855, #7652, #11734 ) ;
#12803 = DIRECTION ( 'NONE',  ( 0.000000000000000000, -1.000000000000000000, -1.332348806898293597E-16 ) ) ;
#12804 = SURFACE_SIDE_STYLE ('',( #7787 ) ) ;
#12805 = EDGE_CURVE ( 'NONE', #7972, #5896, #2665, .T. ) ;
#12806 = CIRCLE ( 'NONE', #10034, 0.1250000000000015266 ) ;
#12807 = DIRECTION ( 'NONE',  ( 0.000000000000000000, 0.000000000000000000, -1.000000000000000000 ) ) ;
#12808 = CARTESIAN_POINT ( 'NONE',  ( 36.02170000000000272, -0.2096999999999985820, -5.875000000000000000 ) ) ;
#12809 = ORIENTED_EDGE ( 'NONE', *, *, #5612, .F. ) ;
#12810 = EDGE_CURVE ( 'NONE', #8036, #12451, #4199, .T. ) ;
#12811 = AXIS2_PLACEMENT_3D ( 'NONE', #12781, #5689, #2600 ) ;
#12812 = ORIENTED_EDGE ( 'NONE', *, *, #3881, .F. ) ;
#12813 = EDGE_CURVE ( 'NONE', #13096, #6970, #7768, .T. ) ;
#12814 = ORIENTED_EDGE ( 'NONE', *, *, #5959, .T. ) ;
#12815 = FACE_OUTER_BOUND ( 'NONE', #5831, .T. ) ;
#12816 = ORIENTED_EDGE ( 'NONE', *, *, #5795, .T. ) ;
#12817 = DIRECTION ( 'NONE',  ( 1.000000000000000000, 4.697125161045879232E-16, -0.000000000000000000 ) ) ;
#12818 = DIRECTION ( 'NONE',  ( -0.000000000000000000, -1.000000000000000000, -1.332348806898293597E-16 ) ) ;
#12819 = LINE ( 'NONE', #4090, #10665 ) ;
#12820 = CARTESIAN_POINT ( 'NONE',  ( -36.02170000000000272, -0.2096999999999985820, 5.875000000000000000 ) ) ;
#12821 = DIRECTION ( 'NONE',  ( 1.240959386601371334E-16, -1.000000000000000000, -0.000000000000000000 ) ) ;
#12822 = DIRECTION ( 'NONE',  ( 1.240959386601371334E-16, -1.000000000000000000, -0.000000000000000000 ) ) ;
#12823 = DIRECTION ( 'NONE',  ( -0.000000000000000000, -1.000000000000000000, -1.332348806898293597E-16 ) ) ;
#12824 = ORIENTED_EDGE ( 'NONE', *, *, #9835, .F. ) ;
#12825 = EDGE_CURVE ( 'NONE', #9368, #6848, #8773, .T. ) ;
#12826 = ORIENTED_EDGE ( 'NONE', *, *, #9543, .F. ) ;
#12827 = ORIENTED_EDGE ( 'NONE', *, *, #6325, .F. ) ;
#12828 = CARTESIAN_POINT ( 'NONE',  ( 35.93750000000000000, 0.000000000000000000, 14.78124999999999822 ) ) ;
#12829 = DIRECTION ( 'NONE',  ( 0.000000000000000000, 0.000000000000000000, -1.000000000000000000 ) ) ;
#12830 = CARTESIAN_POINT ( 'NONE',  ( 35.93750000000000000, -0.7187500000000001110, 14.91875000000000107 ) ) ;
#12831 = DIRECTION ( 'NONE',  ( 0.000000000000000000, 0.000000000000000000, -1.000000000000000000 ) ) ;
#12832 = CARTESIAN_POINT ( 'NONE',  ( 22.10942500000000166, -0.4299000000000038346, 12.43750000000000178 ) ) ;
#12833 = DIRECTION ( 'NONE',  ( 0.000000000000000000, 1.000000000000000000, 0.000000000000000000 ) ) ;
#12834 = DIRECTION ( 'NONE',  ( 0.000000000000000000, -1.000000000000000000, -1.332348806898293597E-16 ) ) ;
#12835 = EDGE_CURVE ( 'NONE', #7127, #4895, #12108, .T. ) ;
#12836 = DIRECTION ( 'NONE',  ( 0.000000000000000000, -1.000000000000000000, 0.000000000000000000 ) ) ;
#12837 = ORIENTED_EDGE ( 'NONE', *, *, #12017, .T. ) ;
#12838 = ORIENTED_EDGE ( 'NONE', *, *, #1116, .T. ) ;
#12839 = AXIS2_PLACEMENT_3D ( 'NONE', #6363, #11504, #1252 ) ;
#12840 = EDGE_LOOP ( 'NONE', ( #1536, #2482, #5215, #1498 ) ) ;
#12841 = CARTESIAN_POINT ( 'NONE',  ( 26.25002500000000794, -0.6953999999999964654, 14.34400000000000119 ) ) ;
#12842 = FACE_OUTER_BOUND ( 'NONE', #6001, .T. ) ;
#12843 = ADVANCED_FACE ( 'NONE', ( #12912 ), #10714, .F. ) ;
#12844 = CYLINDRICAL_SURFACE ( 'NONE', #3108, 0.1565000000000003610 ) ;
#12845 = CARTESIAN_POINT ( 'NONE',  ( 35.93750000000000000, -0.8000000000000000444, 15.00000000000000000 ) ) ;
#12846 = DIRECTION ( 'NONE',  ( 0.000000000000000000, 0.000000000000000000, -1.000000000000000000 ) ) ;
#12847 = DIRECTION ( 'NONE',  ( 0.000000000000000000, 0.000000000000000000, -1.000000000000000000 ) ) ;
#12848 = CARTESIAN_POINT ( 'NONE',  ( 17.00582500000000152, -0.7999999999999931610, -14.53099999999999348 ) ) ;
#12849 = ADVANCED_FACE ( 'NONE', ( #6754 ), #9650, .F. ) ;
#12850 = CARTESIAN_POINT ( 'NONE',  ( 21.98442499999999455, -0.4299000000000038346, 2.527904483503939786E-15 ) ) ;
#12851 = VERTEX_POINT ( 'NONE', #9712 ) ;
#12852 = ORIENTED_EDGE ( 'NONE', *, *, #1247, .T. ) ;
#12853 = VECTOR ( 'NONE', #814, 39.37007874015748143 ) ;
#12854 = ORIENTED_EDGE ( 'NONE', *, *, #8649, .T. ) ;
#12855 = DIRECTION ( 'NONE',  ( 0.000000000000000000, 0.000000000000000000, -1.000000000000000000 ) ) ;
#12856 = ORIENTED_EDGE ( 'NONE', *, *, #10447, .F. ) ;
#12857 = CARTESIAN_POINT ( 'NONE',  ( 21.57792500000000047, -0.7999999999999928280, -14.34399999999999764 ) ) ;
#12858 = ORIENTED_EDGE ( 'NONE', *, *, #11638, .T. ) ;
#12859 = EDGE_CURVE ( 'NONE', #11652, #2548, #7412, .T. ) ;
#12860 = ORIENTED_EDGE ( 'NONE', *, *, #6821, .T. ) ;
#12861 = DIRECTION ( 'NONE',  ( -0.000000000000000000, -1.000000000000000000, -1.332348806898293597E-16 ) ) ;
#12862 = EDGE_CURVE ( 'NONE', #7957, #7710, #3612, .T. ) ;
#12863 = AXIS2_PLACEMENT_3D ( 'NONE', #3220, #12532, #4363 ) ;
#12864 = DIRECTION ( 'NONE',  ( 0.000000000000000000, -1.000000000000000000, -1.332348806898293597E-16 ) ) ;
#12865 = LENGTH_MEASURE_WITH_UNIT ( LENGTH_MEASURE( 0.02539999999999999897 ), #8788 );
#12866 = DIRECTION ( 'NONE',  ( -0.000000000000000000, -1.000000000000000000, -1.332348806898293597E-16 ) ) ;
#12867 = PLANE ( 'NONE',  #10771 ) ;
#12868 = ORIENTED_EDGE ( 'NONE', *, *, #686, .F. ) ;
#12869 = MECHANICAL_DESIGN_GEOMETRIC_PRESENTATION_REPRESENTATION (  '', ( #10530 ), #9886 ) ;
#12870 = AXIS2_PLACEMENT_3D ( 'NONE', #3183, #12, #6138 ) ;
#12871 = ORIENTED_EDGE ( 'NONE', *, *, #5334, .T. ) ;
#12872 = EDGE_LOOP ( 'NONE', ( #13267, #13020 ) ) ;
#12873 = CYLINDRICAL_SURFACE ( 'NONE', #5512, 0.08124999999999998890 ) ;
#12874 = ORIENTED_EDGE ( 'NONE', *, *, #11421, .T. ) ;
#12875 = VECTOR ( 'NONE', #4729, 39.37007874015748143 ) ;
#12876 = EDGE_LOOP ( 'NONE', ( #1880, #8493, #6361, #12073, #7033 ) ) ;
#12877 = DIRECTION ( 'NONE',  ( 0.000000000000000000, 0.000000000000000000, -1.000000000000000000 ) ) ;
#12878 = EDGE_CURVE ( 'NONE', #9611, #9677, #6764, .T. ) ;
#12879 = CARTESIAN_POINT ( 'NONE',  ( 35.23450000000000415, -0.5499999999999918288, 8.311550000000000438 ) ) ;
#12880 = CARTESIAN_POINT ( 'NONE',  ( 17.16232500000000272, -0.6953999999999970205, -14.34399999999999764 ) ) ;
#12881 = DIRECTION ( 'NONE',  ( 0.000000000000000000, 0.000000000000000000, 1.000000000000000000 ) ) ;
#12882 = CARTESIAN_POINT ( 'NONE',  ( -28.38110000000001065, -0.6953999999999997961, 14.18750000000000533 ) ) ;
#12883 = CARTESIAN_POINT ( 'NONE',  ( -11.25002500000000438, -0.7999999999999948264, -14.68749999999999289 ) ) ;
#12884 = EDGE_CURVE ( 'NONE', #11452, #6064, #10839, .T. ) ;
#12885 = CIRCLE ( 'NONE', #1970, 0.1250000000000026368 ) ;
#12886 = ORIENTED_EDGE ( 'NONE', *, *, #5478, .F. ) ;
#12887 = ADVANCED_FACE ( 'NONE', ( #6629 ), #7702, .F. ) ;
#12888 = ORIENTED_EDGE ( 'NONE', *, *, #5342, .T. ) ;
#12889 = VERTEX_POINT ( 'NONE', #1653 ) ;
#12890 = ORIENTED_EDGE ( 'NONE', *, *, #568, .T. ) ;
#12891 = DIRECTION ( 'NONE',  ( -0.000000000000000000, -1.000000000000000000, -1.332348806898293597E-16 ) ) ;
#12892 = AXIS2_PLACEMENT_3D ( 'NONE', #6825, #10050, #6888 ) ;
#12893 = DIRECTION ( 'NONE',  ( 0.000000000000000000, -1.000000000000000000, -2.967464690054594744E-16 ) ) ;
#12894 = LINE ( 'NONE', #1767, #6869 ) ;
#12895 = LINE ( 'NONE', #11765, #8938 ) ;
#12896 = DIRECTION ( 'NONE',  ( 0.000000000000000000, 0.000000000000000000, -1.000000000000000000 ) ) ;
#12897 = EDGE_CURVE ( 'NONE', #5849, #9173, #339, .T. ) ;
#12898 = CARTESIAN_POINT ( 'NONE',  ( 21.34037499999998388, 0.3358499999999960961, -14.67187499999999822 ) ) ;
#12899 = FACE_BOUND ( 'NONE', #5567, .T. ) ;
#12900 = ORIENTED_EDGE ( 'NONE', *, *, #1434, .F. ) ;
#12901 = AXIS2_PLACEMENT_3D ( 'NONE', #2390, #3464, #9442 ) ;
#12902 = VECTOR ( 'NONE', #2358, 39.37007874015748143 ) ;
#12903 = ORIENTED_EDGE ( 'NONE', *, *, #1841, .F. ) ;
#12904 = ADVANCED_FACE ( 'NONE', ( #12783 ), #11776, .F. ) ;
#12905 = VERTEX_POINT ( 'NONE', #3738 ) ;
#12906 = EDGE_LOOP ( 'NONE', ( #6343, #2317, #11493, #10254 ) ) ;
#12907 = FACE_OUTER_BOUND ( 'NONE', #3731, .T. ) ;
#12908 = DIRECTION ( 'NONE',  ( 1.240959386601371334E-16, -1.000000000000000000, 0.000000000000000000 ) ) ;
#12909 = CYLINDRICAL_SURFACE ( 'NONE', #12336, 0.1565000000000003610 ) ;
#12911 = FACE_OUTER_BOUND ( 'NONE', #6185, .T. ) ;
#12910 = AXIS2_PLACEMENT_3D ( 'NONE', #2819, #868, #7856 ) ;
#12912 = FACE_OUTER_BOUND ( 'NONE', #8590, .T. ) ;
#12913 = CARTESIAN_POINT ( 'NONE',  ( -35.91709999999999781, -0.2096999999999985820, -5.749999999999996447 ) ) ;
#12914 = LINE ( 'NONE', #11911, #4450 ) ;
#12915 = DIRECTION ( 'NONE',  ( 0.000000000000000000, 0.000000000000000000, -1.000000000000000000 ) ) ;
#12916 = DIRECTION ( 'NONE',  ( 0.000000000000000000, 0.000000000000000000, -1.000000000000000000 ) ) ;
#12917 = ORIENTED_EDGE ( 'NONE', *, *, #3639, .F. ) ;
#12918 = EDGE_LOOP ( 'NONE', ( #10870, #7382, #1742, #12514, #7868, #6558, #2361, #108 ) ) ;
#12919 = AXIS2_PLACEMENT_3D ( 'NONE', #1240, #7147, #4066 ) ;
#12920 = ORIENTED_EDGE ( 'NONE', *, *, #7956, .T. ) ;
#12921 = DIRECTION ( 'NONE',  ( -0.000000000000000000, -1.000000000000000000, -1.332348806898293597E-16 ) ) ;
#12922 = EDGE_CURVE ( 'NONE', #1270, #8785, #6824, .T. ) ;
#12923 = ORIENTED_EDGE ( 'NONE', *, *, #12737, .F. ) ;
#12924 = LINE ( 'NONE', #724, #6339 ) ;
#12925 = ORIENTED_EDGE ( 'NONE', *, *, #5772, .T. ) ;
#12926 = ORIENTED_EDGE ( 'NONE', *, *, #4932, .F. ) ;
#12927 = CARTESIAN_POINT ( 'NONE',  ( -36.02170000000000272, 0.6999999999999995115, -14.78124999999999822 ) ) ;
#12928 = LINE ( 'NONE', #2817, #11078 ) ;
#12929 = LINE ( 'NONE', #4700, #4662 ) ;
#12930 = EDGE_CURVE ( 'NONE', #858, #13130, #6357, .T. ) ;
#12931 = CARTESIAN_POINT ( 'NONE',  ( -36.02170000000000272, 0.6999999999999995115, 14.78124999999999822 ) ) ;
#12932 = PLANE ( 'NONE',  #8650 ) ;
#12933 = ORIENTED_EDGE ( 'NONE', *, *, #1188, .T. ) ;
#12934 = EDGE_LOOP ( 'NONE', ( #11831, #3194, #11969, #5865 ) ) ;
#12935 = CIRCLE ( 'NONE', #1722, 0.2187500000000015821 ) ;
#12936 = VECTOR ( 'NONE', #3410, 39.37007874015748143 ) ;
#12937 = EDGE_LOOP ( 'NONE', ( #11651, #11532, #12176, #1773 ) ) ;
#12938 = FACE_OUTER_BOUND ( 'NONE', #7805, .T. ) ;
#12939 = ORIENTED_EDGE ( 'NONE', *, *, #67, .T. ) ;
#12940 = CARTESIAN_POINT ( 'NONE',  ( 22.32817500000000166, -0.6207000000000038042, 12.43750000000000178 ) ) ;
#12941 = VERTEX_POINT ( 'NONE', #6952 ) ;
#12942 = LINE ( 'NONE', #6988, #245 ) ;
#12943 = AXIS2_PLACEMENT_3D ( 'NONE', #9090, #5760, #4681 ) ;
#12944 = DIRECTION ( 'NONE',  ( -0.000000000000000000, -1.000000000000000000, -1.332348806898293597E-16 ) ) ;
#12945 = DIRECTION ( 'NONE',  ( 0.000000000000000000, -1.000000000000000000, -2.967464690054594744E-16 ) ) ;
#12946 = DIRECTION ( 'NONE',  ( 0.000000000000000000, 2.967464690054594744E-16, -1.000000000000000000 ) ) ;
#12947 = FACE_OUTER_BOUND ( 'NONE', #8281, .T. ) ;
#12948 = ORIENTED_EDGE ( 'NONE', *, *, #7425, .F. ) ;
#12949 = EDGE_CURVE ( 'NONE', #2592, #6037, #771, .T. ) ;
#12950 = AXIS2_PLACEMENT_3D ( 'NONE', #10786, #5707, #592 ) ;
#12951 = AXIS2_PLACEMENT_3D ( 'NONE', #2250, #8433, #12508 ) ;
#12952 = EDGE_LOOP ( 'NONE', ( #2497, #3502, #11203, #10257, #2745 ) ) ;
#12953 = ADVANCED_FACE ( 'NONE', ( #3003 ), #7154, .F. ) ;
#12954 = EDGE_CURVE ( 'NONE', #12851, #4374, #8170, .T. ) ;
#12955 = ORIENTED_EDGE ( 'NONE', *, *, #11059, .T. ) ;
#12956 = ORIENTED_EDGE ( 'NONE', *, *, #8478, .F. ) ;
#12957 = CYLINDRICAL_SURFACE ( 'NONE', #10680, 0.03125000000000147798 ) ;
#12958 = CIRCLE ( 'NONE', #3334, 0.08125000000000121014 ) ;
#12959 = EDGE_CURVE ( 'NONE', #5578, #7783, #13104, .T. ) ;
#12960 = DIRECTION ( 'NONE',  ( -5.463695987328555033E-16, 1.000000000000000000, -0.000000000000000000 ) ) ;
#12961 = DIRECTION ( 'NONE',  ( -0.000000000000000000, 1.000000000000000000, -0.000000000000000000 ) ) ;
#12962 = DIRECTION ( 'NONE',  ( 0.000000000000000000, 0.000000000000000000, -1.000000000000000000 ) ) ;
#12963 = CARTESIAN_POINT ( 'NONE',  ( -36.02170000000000272, -0.2096999999999985820, -13.87500000000000000 ) ) ;
#12964 = CARTESIAN_POINT ( 'NONE',  ( -32.13110000000000355, -0.7999999999999961586, 14.34400000000000652 ) ) ;
#12965 = CIRCLE ( 'NONE', #11677, 0.1250000000000037192 ) ;
#12966 = EDGE_CURVE ( 'NONE', #3802, #7943, #13174, .T. ) ;
#12967 = CARTESIAN_POINT ( 'NONE',  ( -7.484425000000003436, -0.5499999999999946043, -14.53099999999998637 ) ) ;
#12968 = ORIENTED_EDGE ( 'NONE', *, *, #12155, .T. ) ;
#12969 = ADVANCED_FACE ( 'NONE', ( #1050 ), #9977, .F. ) ;
#12970 = VERTEX_POINT ( 'NONE', #5087 ) ;
#12971 = AXIS2_PLACEMENT_3D ( 'NONE', #11368, #7218, #10314 ) ;
#12972 = CARTESIAN_POINT ( 'NONE',  ( -17.00582500000000863, -0.6953999999999991299, 14.34400000000000475 ) ) ;
#12973 = ORIENTED_EDGE ( 'NONE', *, *, #519, .T. ) ;
#12975 = ORIENTED_EDGE ( 'NONE', *, *, #1697, .F. ) ;
#12974 = EDGE_CURVE ( 'NONE', #4245, #4145, #11269, .T. ) ;
#12976 = CARTESIAN_POINT ( 'NONE',  ( 7.484424999999999883, -0.5499999999999936051, 14.34400000000001008 ) ) ;
#12977 = DIRECTION ( 'NONE',  ( 0.000000000000000000, 0.000000000000000000, -1.000000000000000000 ) ) ;
#12978 = LINE ( 'NONE', #6452, #549 ) ;
#12980 = AXIS2_PLACEMENT_3D ( 'NONE', #2627, #3836, #6654 ) ;
#12979 = LINE ( 'NONE', #2798, #4624 ) ;
#12981 = LINE ( 'NONE', #3807, #7128 ) ;
#12982 = DIRECTION ( 'NONE',  ( 0.000000000000000000, -1.000000000000000000, -2.967464690054594744E-16 ) ) ;
#12983 = CARTESIAN_POINT ( 'NONE',  ( -17.16232500000000982, -0.6953999999999991299, 14.53100000000000058 ) ) ;
#12984 = CYLINDRICAL_SURFACE ( 'NONE', #6646, 0.1565000000000003610 ) ;
#12985 = ORIENTED_EDGE ( 'NONE', *, *, #2304, .F. ) ;
#12986 = VERTEX_POINT ( 'NONE', #3070 ) ;
#12988 = VERTEX_POINT ( 'NONE', #779 ) ;
#12987 = EDGE_CURVE ( 'NONE', #2608, #943, #7854, .T. ) ;
#12989 = DIRECTION ( 'NONE',  ( 0.000000000000000000, 0.000000000000000000, 1.000000000000000000 ) ) ;
#12990 = ORIENTED_EDGE ( 'NONE', *, *, #8767, .T. ) ;
#12991 = LINE ( 'NONE', #2750, #2905 ) ;
#12992 = VERTEX_POINT ( 'NONE', #6023 ) ;
#12993 = ORIENTED_EDGE ( 'NONE', *, *, #10884, .T. ) ;
#12995 = DIRECTION ( 'NONE',  ( -0.000000000000000000, -0.000000000000000000, 1.000000000000000000 ) ) ;
#12994 = AXIS2_PLACEMENT_3D ( 'NONE', #3741, #9716, #11780 ) ;
#12996 = DIRECTION ( 'NONE',  ( -0.000000000000000000, -1.000000000000000000, -1.332348806898293597E-16 ) ) ;
#12997 = DIRECTION ( 'NONE',  ( -1.000000000000000000, 0.000000000000000000, 0.000000000000000000 ) ) ;
#12998 = CARTESIAN_POINT ( 'NONE',  ( 35.23450000000000415, -0.5499999999999918288, 1.811549999999999994 ) ) ;
#12999 = VERTEX_POINT ( 'NONE', #10049 ) ;
#13000 = EDGE_CURVE ( 'NONE', #2349, #11760, #847, .T. ) ;
#13001 = EDGE_CURVE ( 'NONE', #12654, #1273, #8502, .T. ) ;
#13002 = VECTOR ( 'NONE', #3705, 39.37007874015748143 ) ;
#13003 = VERTEX_POINT ( 'NONE', #8239 ) ;
#13004 = VECTOR ( 'NONE', #10692, 39.37007874015748143 ) ;
#13005 = AXIS2_PLACEMENT_3D ( 'NONE', #8123, #4970, #3956 ) ;
#13006 = ORIENTED_EDGE ( 'NONE', *, *, #11878, .T. ) ;
#13007 = PLANE ( 'NONE',  #12980 ) ;
#13008 = EDGE_LOOP ( 'NONE', ( #8409, #11464, #4116, #774, #9837 ) ) ;
#13009 = DIRECTION ( 'NONE',  ( -0.000000000000000000, -0.000000000000000000, -1.000000000000000000 ) ) ;
#13010 = ORIENTED_EDGE ( 'NONE', *, *, #11538, .F. ) ;
#13011 = CARTESIAN_POINT ( 'NONE',  ( 33.63110000000001065, -0.5499999999999918288, -14.43749999999997335 ) ) ;
#13012 = AXIS2_PLACEMENT_3D ( 'NONE', #721, #8916, #12989 ) ;
#13013 = PLANE ( 'NONE',  #10236 ) ;
#13014 = CYLINDRICAL_SURFACE ( 'NONE', #12273, 0.2187500000000015821 ) ;
#13015 = EDGE_CURVE ( 'NONE', #4641, #9165, #8975, .T. ) ;
#13016 = LINE ( 'NONE', #8004, #5972 ) ;
#13017 = DIRECTION ( 'NONE',  ( -1.000000000000000000, 0.000000000000000000, 0.000000000000000000 ) ) ;
#13018 = VERTEX_POINT ( 'NONE', #3936 ) ;
#13019 = VECTOR ( 'NONE', #3909, 39.37007874015748143 ) ;
#13020 = ORIENTED_EDGE ( 'NONE', *, *, #10290, .F. ) ;
#13021 = AXIS2_PLACEMENT_3D ( 'NONE', #8497, #7616, #7550 ) ;
#13022 = ORIENTED_EDGE ( 'NONE', *, *, #5125, .F. ) ;
#13023 = VECTOR ( 'NONE', #5090, 39.37007874015748143 ) ;
#13024 = VERTEX_POINT ( 'NONE', #6887 ) ;
#13025 = EDGE_CURVE ( 'NONE', #230, #6539, #7629, .T. ) ;
#13026 = EDGE_CURVE ( 'NONE', #8603, #5509, #11475, .T. ) ;
#13027 = CARTESIAN_POINT ( 'NONE',  ( 21.34037499999998388, 0.3358499999999960961, 14.79687500000000000 ) ) ;
#13028 = CARTESIAN_POINT ( 'NONE',  ( 18.59352500000000319, -0.6953999999999969095, 14.53099999999999703 ) ) ;
#13029 = CARTESIAN_POINT ( 'NONE',  ( -26.25002500000000794, -0.6953999999999996851, 14.53099999999999703 ) ) ;
#13030 = CARTESIAN_POINT ( 'NONE',  ( -32.28760000000000474, -0.6954000000000000181, 14.34400000000000475 ) ) ;
#13031 = ADVANCED_FACE ( 'NONE', ( #12109 ), #10113, .F. ) ;
#13032 = DIRECTION ( 'NONE',  ( -1.000000000000000000, 0.000000000000000000, 0.000000000000000000 ) ) ;
#13033 = PLANE ( 'NONE',  #60 ) ;
#13034 = DIRECTION ( 'NONE',  ( -0.000000000000000000, -1.000000000000000000, -1.332348806898293597E-16 ) ) ;
#13035 = VECTOR ( 'NONE', #8148, 39.37007874015748143 ) ;
#13036 = VERTEX_POINT ( 'NONE', #12180 ) ;
#13037 = ORIENTED_EDGE ( 'NONE', *, *, #10137, .F. ) ;
#13038 = DIRECTION ( 'NONE',  ( 0.000000000000000000, -1.000000000000000000, -2.967464690054594744E-16 ) ) ;
#13039 = EDGE_LOOP ( 'NONE', ( #11804, #12320 ) ) ;
#13040 = ORIENTED_EDGE ( 'NONE', *, *, #10834, .F. ) ;
#13041 = DIRECTION ( 'NONE',  ( 0.000000000000000000, 0.000000000000000000, -1.000000000000000000 ) ) ;
#13042 = DIRECTION ( 'NONE',  ( 1.000000000000000000, -0.000000000000000000, 0.000000000000000000 ) ) ;
#13043 = DIRECTION ( 'NONE',  ( 0.000000000000000000, 0.000000000000000000, -1.000000000000000000 ) ) ;
#13044 = EDGE_CURVE ( 'NONE', #75, #12354, #7089, .T. ) ;
#13045 = CARTESIAN_POINT ( 'NONE',  ( -22.12847500000001588, 0.3358499999999960961, -14.67187499999999822 ) ) ;
#13046 = LINE ( 'NONE', #2935, #4992 ) ;
#13047 = FACE_OUTER_BOUND ( 'NONE', #10334, .T. ) ;
#13048 = CARTESIAN_POINT ( 'NONE',  ( 36.02170047244094775, -0.2096999999999985820, 14.00000000000000355 ) ) ;
#13049 = DIRECTION ( 'NONE',  ( -0.000000000000000000, -1.000000000000000000, -1.332348806898293597E-16 ) ) ;
#13050 = ORIENTED_EDGE ( 'NONE', *, *, #12461, .F. ) ;
#13051 = ORIENTED_EDGE ( 'NONE', *, *, #12527, .F. ) ;
#13052 = EDGE_CURVE ( 'NONE', #8199, #1800, #129, .T. ) ;
#13053 = AXIS2_PLACEMENT_3D ( 'NONE', #4217, #11241, #6428 ) ;
#13054 = CARTESIAN_POINT ( 'NONE',  ( 26.40652500000000913, -0.7999999999999926059, 14.53099999999999703 ) ) ;
#13055 = ORIENTED_EDGE ( 'NONE', *, *, #3699, .T. ) ;
#13056 = CARTESIAN_POINT ( 'NONE',  ( 21.34037499999998744, -0.5895000000000039098, 14.79687500000000000 ) ) ;
#13057 = CARTESIAN_POINT ( 'NONE',  ( 18.75002500000000438, -0.7999999999999929390, 14.34400000000000119 ) ) ;
#13058 = ORIENTED_EDGE ( 'NONE', *, *, #1831, .F. ) ;
#13059 = DIRECTION ( 'NONE',  ( -0.000000000000000000, -1.000000000000000000, -1.332348806898293597E-16 ) ) ;
#13060 = CARTESIAN_POINT ( 'NONE',  ( 11.40652500000000913, -0.6953999999999973536, 13.97959999999999958 ) ) ;
#13061 = CARTESIAN_POINT ( 'NONE',  ( 21.57792500000000757, -0.7999999999999928280, 14.34400000000000475 ) ) ;
#13062 = LINE ( 'NONE', #10791, #9498 ) ;
#13063 = CARTESIAN_POINT ( 'NONE',  ( 11.25002500000000794, -0.6953999999999974646, 14.34400000000000652 ) ) ;
#13064 = CARTESIAN_POINT ( 'NONE',  ( -7.327924999999998690, -0.7999999999999946043, 14.53100000000000591 ) ) ;
#13065 = ORIENTED_EDGE ( 'NONE', *, *, #12485, .F. ) ;
#13066 = EDGE_CURVE ( 'NONE', #4045, #2532, #10637, .T. ) ;
#13067 = VECTOR ( 'NONE', #9624, 39.37007874015748143 ) ;
#13068 = ORIENTED_EDGE ( 'NONE', *, *, #11563, .F. ) ;
#13069 = EDGE_CURVE ( 'NONE', #5935, #6218, #5713, .T. ) ;
#13070 = VERTEX_POINT ( 'NONE', #7490 ) ;
#13072 = CIRCLE ( 'NONE', #2805, 0.1250000000000037192 ) ;
#13071 = FACE_OUTER_BOUND ( 'NONE', #3686, .T. ) ;
#13073 = ORIENTED_EDGE ( 'NONE', *, *, #11509, .T. ) ;
#13074 = CARTESIAN_POINT ( 'NONE',  ( 21.26567499999998745, -0.5895000000000039098, -14.79687500000000000 ) ) ;
#13075 = ORIENTED_EDGE ( 'NONE', *, *, #191, .F. ) ;
#13076 = FACE_BOUND ( 'NONE', #5246, .T. ) ;
#13077 = DIRECTION ( 'NONE',  ( 1.000000000000000000, 0.000000000000000000, 0.000000000000000000 ) ) ;
#13078 = DIRECTION ( 'NONE',  ( -0.000000000000000000, -2.967464690054594744E-16, 1.000000000000000000 ) ) ;
#13079 = CARTESIAN_POINT ( 'NONE',  ( 35.94045000000000556, 0.7000000000000388134, 14.78124999999999822 ) ) ;
#13080 = CARTESIAN_POINT ( 'NONE',  ( 11.09352499999999964, -0.5499999999999934941, -14.34399999999999764 ) ) ;
#13081 = ORIENTED_EDGE ( 'NONE', *, *, #4851, .T. ) ;
#13082 = EDGE_LOOP ( 'NONE', ( #7246, #10593, #9471, #11143 ) ) ;
#13083 = ORIENTED_EDGE ( 'NONE', *, *, #3511, .T. ) ;
#13084 = ORIENTED_EDGE ( 'NONE', *, *, #11972, .T. ) ;
#13085 = CARTESIAN_POINT ( 'NONE',  ( -21.95317500000000521, -0.4299000000000040012, -14.42187500000001066 ) ) ;
#13086 = ADVANCED_FACE ( 'NONE', ( #2129 ), #11560, .F. ) ;
#13087 = AXIS2_PLACEMENT_3D ( 'NONE', #6530, #477, #5335 ) ;
#13088 = LINE ( 'NONE', #6003, #8049 ) ;
#13089 = DIRECTION ( 'NONE',  ( 0.000000000000000000, -1.000000000000000000, -2.967464690054594744E-16 ) ) ;
#13090 = DIRECTION ( 'NONE',  ( -5.463695987328555033E-16, 1.000000000000000000, -0.000000000000000000 ) ) ;
#13091 = DIRECTION ( 'NONE',  ( 0.000000000000000000, -1.000000000000000000, -2.967464690054594744E-16 ) ) ;
#13092 = FACE_OUTER_BOUND ( 'NONE', #13236, .T. ) ;
#13093 = FACE_OUTER_BOUND ( 'NONE', #2153, .T. ) ;
#13094 = EDGE_CURVE ( 'NONE', #6229, #8098, #12380, .T. ) ;
#13095 = ORIENTED_EDGE ( 'NONE', *, *, #5772, .F. ) ;
#13096 = VERTEX_POINT ( 'NONE', #4212 ) ;
#13097 = CIRCLE ( 'NONE', #10129, 0.1565000000000003610 ) ;
#13098 = FACE_OUTER_BOUND ( 'NONE', #7962, .T. ) ;
#13099 = ORIENTED_EDGE ( 'NONE', *, *, #259, .T. ) ;
#13100 = ORIENTED_EDGE ( 'NONE', *, *, #11196, .F. ) ;
#13101 = CARTESIAN_POINT ( 'NONE',  ( 7.484425000000007877, -0.5499999999999936051, -14.53099999999998637 ) ) ;
#13102 = DIRECTION ( 'NONE',  ( -1.000000000000000000, 0.000000000000000000, 0.000000000000000000 ) ) ;
#13103 = LINE ( 'NONE', #6090, #1157 ) ;
#13104 = LINE ( 'NONE', #10179, #8063 ) ;
#13105 = DIRECTION ( 'NONE',  ( 5.463695987328555033E-16, -1.000000000000000000, 0.000000000000000000 ) ) ;
#13106 = CARTESIAN_POINT ( 'NONE',  ( -22.20317500000001232, -0.5895000000000039098, 14.79687500000000000 ) ) ;
#13107 = DIRECTION ( 'NONE',  ( -1.000000000000000000, 0.000000000000000000, 0.000000000000000000 ) ) ;
#13108 = ORIENTED_EDGE ( 'NONE', *, *, #13015, .T. ) ;
#13109 = AXIS2_PLACEMENT_3D ( 'NONE', #9507, #1446, #9640 ) ;
#13110 = CARTESIAN_POINT ( 'NONE',  ( 33.63110000000000355, -0.6953999999999957993, 14.43750000000000178 ) ) ;
#13111 = VECTOR ( 'NONE', #5255, 39.37007874015748143 ) ;
#13112 = UNCERTAINTY_MEASURE_WITH_UNIT (LENGTH_MEASURE( 1.000000000000000082E-05 ), #9830, 'distance_accuracy_value', 'NONE');
#13113 = ORIENTED_EDGE ( 'NONE', *, *, #12319, .F. ) ;
#13114 = ORIENTED_EDGE ( 'NONE', *, *, #8426, .F. ) ;
#13115 = EDGE_CURVE ( 'NONE', #3373, #7993, #6287, .T. ) ;
#13116 = CARTESIAN_POINT ( 'NONE',  ( -35.93750000000000000, 0.7000000000000037303, -15.00000000000000000 ) ) ;
#13117 = VECTOR ( 'NONE', #11356, 39.37007874015748143 ) ;
#13118 = EDGE_LOOP ( 'NONE', ( #5208, #5152, #3559, #10559, #3060 ) ) ;
#13119 = AXIS2_PLACEMENT_3D ( 'NONE', #10874, #12076, #12881 ) ;
#13120 = DIRECTION ( 'NONE',  ( 1.000000000000000000, 0.000000000000000000, 0.000000000000000000 ) ) ;
#13121 = DIRECTION ( 'NONE',  ( 1.240959386601371334E-16, -1.000000000000000000, 0.000000000000000000 ) ) ;
#13122 = ORIENTED_EDGE ( 'NONE', *, *, #358, .F. ) ;
#13123 = LINE ( 'NONE', #6041, #12312 ) ;
#13124 = FACE_OUTER_BOUND ( 'NONE', #6997, .T. ) ;
#13125 = CARTESIAN_POINT ( 'NONE',  ( 31.97460000000000235, -0.5499999999999921618, 14.53100000000000058 ) ) ;
#13126 = LINE ( 'NONE', #8051, #7032 ) ;
#13127 = DIRECTION ( 'NONE',  ( 0.000000000000000000, 0.000000000000000000, -1.000000000000000000 ) ) ;
#13128 = CARTESIAN_POINT ( 'NONE',  ( 35.23450000000000415, -0.7999999999999917177, 1.811549999999999994 ) ) ;
#13129 = CARTESIAN_POINT ( 'NONE',  ( -36.02170000000000272, 0.6187499999999994671, 14.78124999999999822 ) ) ;
#13130 = VERTEX_POINT ( 'NONE', #3203 ) ;
#13131 = EDGE_CURVE ( 'NONE', #10024, #7774, #10569, .T. ) ;
#13132 = VECTOR ( 'NONE', #3092, 39.37007874015748143 ) ;
#13133 = ADVANCED_FACE ( 'NONE', ( #7289 ), #3139, .F. ) ;
#13134 = ORIENTED_EDGE ( 'NONE', *, *, #5363, .T. ) ;
#13135 = ORIENTED_EDGE ( 'NONE', *, *, #111, .T. ) ;
#13136 = CARTESIAN_POINT ( 'NONE',  ( 35.93750000000000000, -0.7999999999999999334, -13.97480000000000011 ) ) ;
#13137 = ORIENTED_EDGE ( 'NONE', *, *, #10994, .T. ) ;
#13138 = EDGE_CURVE ( 'NONE', #8199, #11819, #1180, .T. ) ;
#13139 = DIRECTION ( 'NONE',  ( 1.000000000000000000, 1.240959386601371334E-16, 0.000000000000000000 ) ) ;
#13140 = VERTEX_POINT ( 'NONE', #5288 ) ;
#13141 = CARTESIAN_POINT ( 'NONE',  ( 3.906500000000002526, -0.7999999999999939382, 14.53100000000000058 ) ) ;
#13142 = EDGE_CURVE ( 'NONE', #1779, #145, #10216, .T. ) ;
#13143 = CARTESIAN_POINT ( 'NONE',  ( 35.93750000000000000, 0.000000000000000000, 0.000000000000000000 ) ) ;
#13144 = CARTESIAN_POINT ( 'NONE',  ( 21.73442499999999455, -0.4299000000000040012, -14.42187500000001066 ) ) ;
#13145 = CARTESIAN_POINT ( 'NONE',  ( 35.93750000000000000, 0.5641500000000337911, 14.86415000000000219 ) ) ;
#13146 = ORIENTED_EDGE ( 'NONE', *, *, #764, .F. ) ;
#13147 = ORIENTED_EDGE ( 'NONE', *, *, #4471, .T. ) ;
#13148 = AXIS2_PLACEMENT_3D ( 'NONE', #7085, #775, #8165 ) ;
#13149 = VERTEX_POINT ( 'NONE', #4280 ) ;
#13150 = EDGE_LOOP ( 'NONE', ( #13182, #995, #1934, #2813 ) ) ;
#13151 = AXIS2_PLACEMENT_3D ( 'NONE', #8772, #2989, #5003 ) ;
#13152 = EDGE_CURVE ( 'NONE', #2094, #9135, #1311, .T. ) ;
#13153 = CARTESIAN_POINT ( 'NONE',  ( 26.25002500000000794, -0.5499999999999926059, 14.34400000000000119 ) ) ;
#13154 = CARTESIAN_POINT ( 'NONE',  ( -20.89067499999999811, 0.4608499999999960961, -14.67187499999999822 ) ) ;
#13155 = CARTESIAN_POINT ( 'NONE',  ( 32.13110000000001065, -0.5499999999999921618, -14.53099999999997216 ) ) ;
#13156 = CARTESIAN_POINT ( 'NONE',  ( 22.47227499999999978, -0.5895000000000039098, -14.79687500000000000 ) ) ;
#13157 = FACE_OUTER_BOUND ( 'NONE', #635, .T. ) ;
#13158 = CARTESIAN_POINT ( 'NONE',  ( -35.91710000000000491, -0.6954000000000027937, 13.78219999999999956 ) ) ;
#13159 = DIRECTION ( 'NONE',  ( 0.000000000000000000, 0.000000000000000000, 1.000000000000000000 ) ) ;
#13160 = DIRECTION ( 'NONE',  ( 0.000000000000000000, 0.000000000000000000, -1.000000000000000000 ) ) ;
#13161 = AXIS2_PLACEMENT_3D ( 'NONE', #10982, #9728, #5648 ) ;
#13162 = ORIENTED_EDGE ( 'NONE', *, *, #6443, .T. ) ;
#13163 = EDGE_CURVE ( 'NONE', #3494, #12970, #11043, .T. ) ;
#13164 = EDGE_LOOP ( 'NONE', ( #6396, #2399, #8796, #1008 ) ) ;
#13165 = CIRCLE ( 'NONE', #12950, 0.1250000000000026368 ) ;
#13166 = AXIS2_PLACEMENT_3D ( 'NONE', #4930, #892, #8147 ) ;
#13167 = DIRECTION ( 'NONE',  ( 0.000000000000000000, 0.000000000000000000, -1.000000000000000000 ) ) ;
#13168 = ORIENTED_EDGE ( 'NONE', *, *, #2760, .T. ) ;
#13169 = ORIENTED_EDGE ( 'NONE', *, *, #10832, .F. ) ;
#13170 = CARTESIAN_POINT ( 'NONE',  ( 18.75002500000000438, -0.5499999999999929390, -14.53099999999998992 ) ) ;
#13171 = DIRECTION ( 'NONE',  ( -5.463695987328555033E-16, 1.000000000000000000, -0.000000000000000000 ) ) ;
#13172 = FACE_OUTER_BOUND ( 'NONE', #148, .T. ) ;
#13173 = AXIS2_PLACEMENT_3D ( 'NONE', #3806, #449, #10773 ) ;
#13174 = LINE ( 'NONE', #12248, #4210 ) ;
#13175 = CARTESIAN_POINT ( 'NONE',  ( 18.90652500000000558, -0.5499999999999929390, 14.34399999999999942 ) ) ;
#13176 = CARTESIAN_POINT ( 'NONE',  ( 3.593499999999997474, -0.5499999999999939382, -14.34399999999999409 ) ) ;
#13177 = CARTESIAN_POINT ( 'NONE',  ( -33.63110000000000355, -0.7999999999999959366, -14.56250000000000355 ) ) ;
#13178 = ORIENTED_EDGE ( 'NONE', *, *, #7479, .F. ) ;
#13179 = EDGE_CURVE ( 'NONE', #3257, #7067, #1113, .T. ) ;
#13180 = CIRCLE ( 'NONE', #5504, 0.1565000000000003610 ) ;
#13181 = CYLINDRICAL_SURFACE ( 'NONE', #8155, 0.1565000000000003610 ) ;
#13182 = ORIENTED_EDGE ( 'NONE', *, *, #5205, .T. ) ;
#13183 = CIRCLE ( 'NONE', #2278, 0.1249999999999993477 ) ;
#13184 = CARTESIAN_POINT ( 'NONE',  ( -20.99657499999999999, -0.6207000000000038042, 14.79687500000000000 ) ) ;
#13185 = CIRCLE ( 'NONE', #4401, 0.1565000000000003610 ) ;
#13186 = ORIENTED_EDGE ( 'NONE', *, *, #12786, .F. ) ;
#13187 = CARTESIAN_POINT ( 'NONE',  ( -3.750000000000002220, -0.7999999999999943823, 14.18750000000000533 ) ) ;
#13188 = ORIENTED_EDGE ( 'NONE', *, *, #5717, .F. ) ;
#13189 = EDGE_CURVE ( 'NONE', #3337, #602, #12761, .T. ) ;
#13190 = ORIENTED_EDGE ( 'NONE', *, *, #5222, .T. ) ;
#13191 = DIRECTION ( 'NONE',  ( -0.000000000000000000, -1.000000000000000000, -1.332348806898293597E-16 ) ) ;
#13192 = CARTESIAN_POINT ( 'NONE',  ( 36.02170047244094775, -0.2096999999999985820, -5.749999999999996447 ) ) ;
#13193 = CARTESIAN_POINT ( 'NONE',  ( 7.484424999999999883, -0.7999999999999936051, 14.34400000000001008 ) ) ;
#13194 = CARTESIAN_POINT ( 'NONE',  ( -21.73442500000000877, -0.7999999999999953815, 14.53100000000000058 ) ) ;
#13195 = DIRECTION ( 'NONE',  ( -0.000000000000000000, -1.000000000000000000, -1.332348806898293597E-16 ) ) ;
#13196 = EDGE_CURVE ( 'NONE', #6539, #10944, #11431, .T. ) ;
#13197 = DIRECTION ( 'NONE',  ( 1.240959386601371334E-16, -1.000000000000000000, 0.000000000000000000 ) ) ;
#13198 = DIRECTION ( 'NONE',  ( 0.000000000000000000, 0.000000000000000000, -1.000000000000000000 ) ) ;
#13199 = EDGE_LOOP ( 'NONE', ( #10613, #5412, #12665, #4456 ) ) ;
#13200 = VECTOR ( 'NONE', #1768, 39.37007874015748143 ) ;
#13201 = ORIENTED_EDGE ( 'NONE', *, *, #7821, .T. ) ;
#13202 = ORIENTED_EDGE ( 'NONE', *, *, #12500, .F. ) ;
#13203 = FACE_BOUND ( 'NONE', #2910, .T. ) ;
#13204 = EDGE_LOOP ( 'NONE', ( #13190, #9924, #1128, #4219 ) ) ;
#13205 = EDGE_CURVE ( 'NONE', #8713, #11491, #4637, .T. ) ;
#13206 = AXIS2_PLACEMENT_3D ( 'NONE', #4446, #8542, #5326 ) ;
#13208 = AXIS2_PLACEMENT_3D ( 'NONE', #9622, #4588, #8613 ) ;
#13207 = DIRECTION ( 'NONE',  ( 0.000000000000000000, 0.000000000000000000, -1.000000000000000000 ) ) ;
#13209 = EDGE_LOOP ( 'NONE', ( #6167, #13201 ) ) ;
#13210 = EDGE_CURVE ( 'NONE', #12354, #7335, #13183, .T. ) ;
#13211 = DIRECTION ( 'NONE',  ( 0.000000000000000000, 0.000000000000000000, -1.000000000000000000 ) ) ;
#13212 = DIRECTION ( 'NONE',  ( 1.000000000000000000, -0.000000000000000000, 0.000000000000000000 ) ) ;
#13213 = CARTESIAN_POINT ( 'NONE',  ( -35.91710000000000491, -0.6340999999999995529, 14.78124999999999822 ) ) ;
#13214 = LINE ( 'NONE', #7126, #13019 ) ;
#13215 = ORIENTED_EDGE ( 'NONE', *, *, #9729, .F. ) ;
#13216 = PRESENTATION_LAYER_ASSIGNMENT (  '', '', ( #7450 ) ) ;
#13217 = AXIS2_PLACEMENT_3D ( 'NONE', #7107, #10065, #864 ) ;
#13218 = EDGE_LOOP ( 'NONE', ( #5064, #3350, #4692, #7456 ) ) ;
#13219 = CIRCLE ( 'NONE', #3595, 0.1565000000000003610 ) ;
#13220 = ADVANCED_FACE ( 'NONE', ( #300 ), #9439, .F. ) ;
#13221 = ORIENTED_EDGE ( 'NONE', *, *, #6280, .F. ) ;
#13222 = ORIENTED_EDGE ( 'NONE', *, *, #12183, .F. ) ;
#13223 = CARTESIAN_POINT ( 'NONE',  ( 35.93750000000000000, -0.6954000000000036819, 14.86415000000000219 ) ) ;
#13224 = DIRECTION ( 'NONE',  ( -0.000000000000000000, -1.000000000000000000, -1.332348806898293597E-16 ) ) ;
#13225 = CARTESIAN_POINT ( 'NONE',  ( -36.02170000000000272, -0.2096999999999985820, -5.749999999999996447 ) ) ;
#13226 = DIRECTION ( 'NONE',  ( 0.000000000000000000, 0.000000000000000000, 1.000000000000000000 ) ) ;
#13227 = FACE_BOUND ( 'NONE', #10088, .T. ) ;
#13228 = AXIS2_PLACEMENT_3D ( 'NONE', #12562, #4073, #6163 ) ;
#13229 = DIRECTION ( 'NONE',  ( 0.000000000000000000, 0.000000000000000000, -1.000000000000000000 ) ) ;
#13230 = VECTOR ( 'NONE', #3234, 39.37007874015748143 ) ;
#13231 = CYLINDRICAL_SURFACE ( 'NONE', #6923, 0.1565000000000003610 ) ;
#13232 = CARTESIAN_POINT ( 'NONE',  ( -35.88585000000000491, -0.6954000000000027937, -13.78219999999999956 ) ) ;
#13233 = ORIENTED_EDGE ( 'NONE', *, *, #10447, .T. ) ;
#13234 = EDGE_CURVE ( 'NONE', #3357, #6031, #2650, .T. ) ;
#13235 = CIRCLE ( 'NONE', #1041, 0.1250000000000015266 ) ;
#13236 = EDGE_LOOP ( 'NONE', ( #6528, #2616, #4429, #11489, #8735, #1343 ) ) ;
#13237 = ORIENTED_EDGE ( 'NONE', *, *, #5879, .T. ) ;
#13238 = DIRECTION ( 'NONE',  ( 0.000000000000000000, 0.000000000000000000, -1.000000000000000000 ) ) ;
#13239 = ORIENTED_EDGE ( 'NONE', *, *, #6353, .T. ) ;
#13240 = CARTESIAN_POINT ( 'NONE',  ( -35.93750000000000000, -0.7187500000000001110, 14.91875000000000107 ) ) ;
#13241 = EDGE_CURVE ( 'NONE', #2094, #11915, #9140, .T. ) ;
#13242 = ORIENTED_EDGE ( 'NONE', *, *, #10795, .T. ) ;
#13243 = DIRECTION ( 'NONE',  ( 1.240959386601371334E-16, -1.000000000000000000, 0.000000000000000000 ) ) ;
#13244 = DIRECTION ( 'NONE',  ( 0.000000000000000000, 0.000000000000000000, -1.000000000000000000 ) ) ;
#13245 = DIRECTION ( 'NONE',  ( 0.000000000000000000, -1.000000000000000000, -1.332348806898293597E-16 ) ) ;
#13246 = DIRECTION ( 'NONE',  ( 1.000000000000000000, 0.000000000000000000, 0.000000000000000000 ) ) ;
#13247 = CARTESIAN_POINT ( 'NONE',  ( 35.91710000000000491, -0.2096999999999985820, 13.87500000000000000 ) ) ;
#13248 = EDGE_CURVE ( 'NONE', #11487, #6451, #6146, .T. ) ;
#13249 = DIRECTION ( 'NONE',  ( -0.000000000000000000, -1.000000000000000000, -1.332348806898293597E-16 ) ) ;
#13250 = FACE_OUTER_BOUND ( 'NONE', #6196, .T. ) ;
#13251 = CARTESIAN_POINT ( 'NONE',  ( 35.23450000000000415, -0.7999999999999917177, 8.311550000000000438 ) ) ;
#13252 = VERTEX_POINT ( 'NONE', #562 ) ;
#13253 = ORIENTED_EDGE ( 'NONE', *, *, #2314, .T. ) ;
#13254 = ORIENTED_EDGE ( 'NONE', *, *, #535, .F. ) ;
#13255 = LINE ( 'NONE', #12259, #6553 ) ;
#13256 = ORIENTED_EDGE ( 'NONE', *, *, #11748, .F. ) ;
#13257 = EDGE_LOOP ( 'NONE', ( #7397, #9598, #10478, #11606 ) ) ;
#13258 = DIRECTION ( 'NONE',  ( -0.000000000000000000, -1.000000000000000000, -1.332348806898293597E-16 ) ) ;
#13259 = DIRECTION ( 'NONE',  ( 1.240959386601371334E-16, -1.000000000000000000, -0.000000000000000000 ) ) ;
#13260 = DIRECTION ( 'NONE',  ( 1.000000000000000000, -0.000000000000000000, 0.000000000000000000 ) ) ;
#13261 = EDGE_CURVE ( 'NONE', #1040, #4009, #6365, .T. ) ;
#13262 = DIRECTION ( 'NONE',  ( 1.240959386601371334E-16, -1.000000000000000000, -0.000000000000000000 ) ) ;
#13263 = CARTESIAN_POINT ( 'NONE',  ( -33.32677165354330384, 0.7000000000000009548, -3.543307086614173151 ) ) ;
#13264 = DIRECTION ( 'NONE',  ( -0.000000000000000000, -1.000000000000000000, -1.332348806898293597E-16 ) ) ;
#13265 = CARTESIAN_POINT ( 'NONE',  ( -22.12847500000001588, 0.4608499999999960961, -14.67187499999999822 ) ) ;
#13266 = EDGE_LOOP ( 'NONE', ( #3568, #1337, #11867, #2499 ) ) ;
#13267 = ORIENTED_EDGE ( 'NONE', *, *, #10044, .F. ) ;
#13268 = ORIENTED_EDGE ( 'NONE', *, *, #12633, .T. ) ;
#13269 = DIRECTION ( 'NONE',  ( 0.000000000000000000, 0.000000000000000000, -1.000000000000000000 ) ) ;
#13270 = ORIENTED_EDGE ( 'NONE', *, *, #7806, .F. ) ;
#13271 = CARTESIAN_POINT ( 'NONE',  ( 18.75002500000000438, -0.6953999999999969095, 14.34400000000000119 ) ) ;
#13272 = ORIENTED_EDGE ( 'NONE', *, *, #6914, .T. ) ;
#13273 = DIRECTION ( 'NONE',  ( 0.000000000000000000, -1.000000000000000000, -2.967464690054594744E-16 ) ) ;
ENDSEC;
END-ISO-10303-21;
