ISO-10303-21;
HEADER;
FILE_DESCRIPTION (( 'STEP AP214' ),
    '1' );
FILE_NAME ('Bullseye_flange_L.STEP',
    '2026-02-09T19:06:56',
    ( '' ),
    ( '' ),
    'SwSTEP 2.0',
    'SolidWorks 2024',
    '' );
FILE_SCHEMA (( 'AUTOMOTIVE_DESIGN' ));
ENDSEC;

DATA;
#1 = CARTESIAN_POINT ( 'NONE',  ( 0.000000000000000000, 14.99999999999999645, 20.00000000000000000 ) ) ;
#2 = DIRECTION ( 'NONE',  ( 0.000000000000000000, 0.000000000000000000, -1.000000000000000000 ) ) ;
#3 = ORIENTED_EDGE ( 'NONE', *, *, #1263, .T. ) ;
#4 = CARTESIAN_POINT ( 'NONE',  ( 4.000000000000000000, -9.799999999999998934, -13.00000000000000178 ) ) ;
#5 = CARTESIAN_POINT ( 'NONE',  ( 0.000000000000000000, -9.799999999999998934, 13.00000000000000000 ) ) ;
#6 = EDGE_CURVE ( 'NONE', #296, #504, #1004, .T. ) ;
#7 = DIRECTION ( 'NONE',  ( 1.387778780781445478E-15, -1.000000000000000000, 0.000000000000000000 ) ) ;
#8 = ORIENTED_EDGE ( 'NONE', *, *, #1257, .T. ) ;
#9 = ORIENTED_EDGE ( 'NONE', *, *, #954, .T. ) ;
#10 = CARTESIAN_POINT ( 'NONE',  ( 4.440892098500630201E-13, -320.0000000000002842, -195.0000000000000000 ) ) ;
#11 = DIRECTION ( 'NONE',  ( -0.8660254037844415942, -0.4999999999999949485, 0.000000000000000000 ) ) ;
#12 = DIRECTION ( 'NONE',  ( 0.000000000000000000, 0.000000000000000000, -1.000000000000000000 ) ) ;
#13 = VECTOR ( 'NONE', #653, 1000.000000000000000 ) ;
#14 = CARTESIAN_POINT ( 'NONE',  ( 169.7409791417478573, -306.0000000000000568, -65.00000000000000000 ) ) ;
#15 = ADVANCED_FACE ( 'NONE', ( #1071, #831, #719, #1305 ), #477, .T. ) ;
#16 = VECTOR ( 'NONE', #741, 999.9999999999998863 ) ;
#17 = ORIENTED_EDGE ( 'NONE', *, *, #1253, .T. ) ;
#18 = DIRECTION ( 'NONE',  ( 0.4999999999999950040, -0.8660254037844415942, 0.000000000000000000 ) ) ;
#19 = EDGE_CURVE ( 'NONE', #859, #1213, #575, .T. ) ;
#20 = ORIENTED_EDGE ( 'NONE', *, *, #1096, .T. ) ;
#21 = LINE ( 'NONE', #458, #1382 ) ;
#22 = CARTESIAN_POINT ( 'NONE',  ( -17.32050807568866091, -9.999999999999801048, -195.0000000000000000 ) ) ;
#23 = ORIENTED_EDGE ( 'NONE', *, *, #808, .F. ) ;
#24 = ORIENTED_EDGE ( 'NONE', *, *, #1243, .T. ) ;
#25 = EDGE_CURVE ( 'NONE', #1376, #970, #1348, .T. ) ;
#26 = DIRECTION ( 'NONE',  ( 1.000000000000000000, 0.000000000000000000, 0.000000000000000000 ) ) ;
#27 = ORIENTED_EDGE ( 'NONE', *, *, #76, .T. ) ;
#28 = DIRECTION ( 'NONE',  ( 1.000000000000000000, 0.000000000000000000, 0.000000000000000000 ) ) ;
#29 = LINE ( 'NONE', #938, #207 ) ;
#30 = DIRECTION ( 'NONE',  ( 1.000000000000000000, 1.387778780781445478E-15, 0.000000000000000000 ) ) ;
#31 = EDGE_CURVE ( 'NONE', #102, #367, #611, .T. ) ;
#32 = EDGE_LOOP ( 'NONE', ( #338, #3, #1242, #1489 ) ) ;
#33 =( NAMED_UNIT ( * ) SI_UNIT ( $, .STERADIAN. ) SOLID_ANGLE_UNIT ( ) );
#34 = ORIENTED_EDGE ( 'NONE', *, *, #19, .F. ) ;
#35 = CARTESIAN_POINT ( 'NONE',  ( 152.1673549638253178, -295.5615900507172000, -63.12270510173104299 ) ) ;
#36 = VECTOR ( 'NONE', #121, 1000.000000000000000 ) ;
#37 = CARTESIAN_POINT ( 'NONE',  ( -13.85640646055089675, -7.999999999999821476, 25.00000000000002132 ) ) ;
#38 = CARTESIAN_POINT ( 'NONE',  ( 196.6580753730930837, -320.0000000000000000, -65.00000000000000000 ) ) ;
#39 = DIRECTION ( 'NONE',  ( 1.000000000000000000, -0.000000000000000000, 0.000000000000000000 ) ) ;
#40 = VECTOR ( 'NONE', #267, 999.9999999999998863 ) ;
#41 = EDGE_CURVE ( 'NONE', #504, #296, #584, .T. ) ;
#42 = VERTEX_POINT ( 'NONE', #487 ) ;
#43 = DIRECTION ( 'NONE',  ( 0.000000000000000000, 0.000000000000000000, -1.000000000000000000 ) ) ;
#44 = ORIENTED_EDGE ( 'NONE', *, *, #557, .T. ) ;
#45 = DIRECTION ( 'NONE',  ( 0.000000000000000000, 0.000000000000000000, -1.000000000000000000 ) ) ;
#46 = DIRECTION ( 'NONE',  ( -0.8660254037844415942, -0.4999999999999949485, 0.000000000000000000 ) ) ;
#47 = FACE_OUTER_BOUND ( 'NONE', #1433, .T. ) ;
#48 = CARTESIAN_POINT ( 'NONE',  ( 14.75040657976335190, -65.54845362844878309, -30.70083361949430767 ) ) ;
#49 = VERTEX_POINT ( 'NONE', #1430 ) ;
#50 = VERTEX_POINT ( 'NONE', #703 ) ;
#51 = CARTESIAN_POINT ( 'NONE',  ( 161.0807251039034895, -311.0000000000000568, -195.0000000000000000 ) ) ;
#52 = LINE ( 'NONE', #1336, #326 ) ;
#53 = ADVANCED_FACE ( 'NONE', ( #930 ), #588, .T. ) ;
#54 = LINE ( 'NONE', #294, #508 ) ;
#55 = VERTEX_POINT ( 'NONE', #1289 ) ;
#56 = ORIENTED_EDGE ( 'NONE', *, *, #1002, .T. ) ;
#57 = LINE ( 'NONE', #371, #303 ) ;
#58 = AXIS2_PLACEMENT_3D ( 'NONE', #386, #733, #60 ) ;
#59 = CARTESIAN_POINT ( 'NONE',  ( 186.6580753730939364, -320.0000000000002842, -169.9999999999999716 ) ) ;
#60 = DIRECTION ( 'NONE',  ( 1.000000000000000000, 0.000000000000000000, 0.000000000000000000 ) ) ;
#61 = LINE ( 'NONE', #856, #180 ) ;
#62 = CIRCLE ( 'NONE', #1428, 3.250000000000002665 ) ;
#63 = ORIENTED_EDGE ( 'NONE', *, *, #473, .T. ) ;
#64 = VECTOR ( 'NONE', #628, 999.9999999999998863 ) ;
#65 = EDGE_CURVE ( 'NONE', #496, #1145, #1006, .T. ) ;
#66 = CIRCLE ( 'NONE', #835, 3.249999999999997780 ) ;
#67 = EDGE_LOOP ( 'NONE', ( #130, #194, #488, #283 ) ) ;
#68 = PRODUCT_DEFINITION_FORMATION_WITH_SPECIFIED_SOURCE ( 'ANY', '', #886, .NOT_KNOWN. ) ;
#69 = CARTESIAN_POINT ( 'NONE',  ( 0.000000000000000000, -9.799999999999998934, -16.25000000000000000 ) ) ;
#70 = ADVANCED_FACE ( 'NONE', ( #1173 ), #1057, .F. ) ;
#71 = CYLINDRICAL_SURFACE ( 'NONE', #1133, 5.000000000000004441 ) ;
#72 = CARTESIAN_POINT ( 'NONE',  ( 5.339745962155575398, -41.24871130596428515, -24.99999999999999289 ) ) ;
#73 = CARTESIAN_POINT ( 'NONE',  ( 196.6580753730930837, -320.0000000000000000, -195.0000000000000000 ) ) ;
#74 = EDGE_LOOP ( 'NONE', ( #962, #800, #260, #949 ) ) ;
#75 = EDGE_LOOP ( 'NONE', ( #1163, #266, #770, #9 ) ) ;
#76 = EDGE_CURVE ( 'NONE', #1237, #1482, #1371, .T. ) ;
#77 = DIRECTION ( 'NONE',  ( -0.000000000000000000, -0.000000000000000000, 1.000000000000000000 ) ) ;
#78 = FACE_OUTER_BOUND ( 'NONE', #521, .T. ) ;
#79 = DIRECTION ( 'NONE',  ( 1.000000000000000000, -0.000000000000000000, 0.000000000000000000 ) ) ;
#80 = EDGE_LOOP ( 'NONE', ( #721, #484, #56, #420 ) ) ;
#81 = EDGE_LOOP ( 'NONE', ( #96, #363 ) ) ;
#82 = LINE ( 'NONE', #893, #665 ) ;
#83 = AXIS2_PLACEMENT_3D ( 'NONE', #697, #122, #597 ) ;
#84 = DIRECTION ( 'NONE',  ( 1.000000000000000000, -0.000000000000000000, 0.000000000000000000 ) ) ;
#85 = DIRECTION ( 'NONE',  ( 0.000000000000000000, 0.000000000000000000, 1.000000000000000000 ) ) ;
#86 = DIRECTION ( 'NONE',  ( -0.8660254037844415942, -0.4999999999999949485, 0.000000000000000000 ) ) ;
#87 = VECTOR ( 'NONE', #540, 1000.000000000000114 ) ;
#88 = ORIENTED_EDGE ( 'NONE', *, *, #718, .F. ) ;
#89 = EDGE_LOOP ( 'NONE', ( #581, #592, #877, #1175 ) ) ;
#90 = CARTESIAN_POINT ( 'NONE',  ( 0.000000000000000000, 9.799999999999998934, 16.24999999999999645 ) ) ;
#91 = AXIS2_PLACEMENT_3D ( 'NONE', #349, #925, #18 ) ;
#92 = DIRECTION ( 'NONE',  ( 0.000000000000000000, 0.000000000000000000, -1.000000000000000000 ) ) ;
#93 = CARTESIAN_POINT ( 'NONE',  ( 0.000000000000000000, 20.00000000000000000, 2.775557561562891351E-15 ) ) ;
#94 = LINE ( 'NONE', #1504, #369 ) ;
#95 = ORIENTED_EDGE ( 'NONE', *, *, #607, .T. ) ;
#96 = ORIENTED_EDGE ( 'NONE', *, *, #808, .T. ) ;
#97 = FACE_OUTER_BOUND ( 'NONE', #444, .T. ) ;
#98 = EDGE_CURVE ( 'NONE', #50, #1503, #1322, .T. ) ;
#99 = CARTESIAN_POINT ( 'NONE',  ( 183.4080753730930837, -316.0000000000002842, -90.00000000000000000 ) ) ;
#100 = DIRECTION ( 'NONE',  ( 0.4999999999999950040, -0.8660254037844415942, 0.000000000000000000 ) ) ;
#101 = CYLINDRICAL_SURFACE ( 'NONE', #1378, 3.250000000000001332 ) ;
#102 = VERTEX_POINT ( 'NONE', #824 ) ;
#103 = VERTEX_POINT ( 'NONE', #1296 ) ;
#104 = LINE ( 'NONE', #1176, #211 ) ;
#105 = FACE_BOUND ( 'NONE', #454, .T. ) ;
#106 = ORIENTED_EDGE ( 'NONE', *, *, #999, .T. ) ;
#107 = CARTESIAN_POINT ( 'NONE',  ( 186.6580753730930837, -320.0000000000002842, -90.00000000000000000 ) ) ;
#108 = CARTESIAN_POINT ( 'NONE',  ( 171.6580753730928279, -337.3205080756887355, -65.00000000000000000 ) ) ;
#109 = ORIENTED_EDGE ( 'NONE', *, *, #1505, .T. ) ;
#110 = AXIS2_PLACEMENT_3D ( 'NONE', #429, #564, #792 ) ;
#111 = EDGE_LOOP ( 'NONE', ( #1011, #20, #625, #145 ) ) ;
#112 = SURFACE_STYLE_FILL_AREA ( #796 ) ;
#113 = CIRCLE ( 'NONE', #1109, 3.249999999999997780 ) ;
#114 = DIRECTION ( 'NONE',  ( 1.000000000000000000, -0.000000000000000000, 0.000000000000000000 ) ) ;
#115 = VECTOR ( 'NONE', #265, 1000.000000000000000 ) ;
#116 = DIRECTION ( 'NONE',  ( 0.000000000000000000, -1.000000000000000000, 0.000000000000000000 ) ) ;
#117 = LINE ( 'NONE', #1151, #1472 ) ;
#118 = VERTEX_POINT ( 'NONE', #1065 ) ;
#119 = PRESENTATION_STYLE_ASSIGNMENT (( #1043 ) ) ;
#120 = LINE ( 'NONE', #914, #1087 ) ;
#121 = DIRECTION ( 'NONE',  ( 1.000000000000000000, 1.387778780781445478E-15, 0.000000000000000000 ) ) ;
#122 = DIRECTION ( 'NONE',  ( -1.000000000000000000, -0.000000000000000000, 0.000000000000000000 ) ) ;
#123 = ORIENTED_EDGE ( 'NONE', *, *, #993, .F. ) ;
#124 = DIRECTION ( 'NONE',  ( -0.8660254037844415942, -0.4999999999999949485, 0.000000000000000000 ) ) ;
#125 = DIRECTION ( 'NONE',  ( 0.000000000000000000, 0.000000000000000000, 1.000000000000000000 ) ) ;
#126 = CARTESIAN_POINT ( 'NONE',  ( 0.000000000000000000, 9.800000000000002487, -16.25000000000000000 ) ) ;
#127 = ADVANCED_FACE ( 'NONE', ( #482 ), #945, .F. ) ;
#128 = DIRECTION ( 'NONE',  ( -4.821252730842840734E-17, 8.350654685950118139E-17, 1.000000000000000000 ) ) ;
#129 = EDGE_CURVE ( 'NONE', #378, #49, #54, .T. ) ;
#130 = ORIENTED_EDGE ( 'NONE', *, *, #708, .F. ) ;
#131 = LINE ( 'NONE', #700, #988 ) ;
#132 = CIRCLE ( 'NONE', #712, 3.250000000000001332 ) ;
#133 = CARTESIAN_POINT ( 'NONE',  ( 189.9080753730930837, -320.0000000000002842, -90.00000000000000000 ) ) ;
#134 = AXIS2_PLACEMENT_3D ( 'NONE', #506, #1436, #514 ) ;
#135 = LINE ( 'NONE', #228, #36 ) ;
#136 = AXIS2_PLACEMENT_3D ( 'NONE', #772, #409, #545 ) ;
#137 = EDGE_CURVE ( 'NONE', #378, #496, #725, .T. ) ;
#138 = DIRECTION ( 'NONE',  ( 0.000000000000000000, -1.000000000000000000, 0.000000000000000000 ) ) ;
#139 = VERTEX_POINT ( 'NONE', #1196 ) ;
#140 = ORIENTED_EDGE ( 'NONE', *, *, #339, .F. ) ;
#141 = LINE ( 'NONE', #133, #624 ) ;
#142 = EDGE_CURVE ( 'NONE', #103, #682, #560, .T. ) ;
#143 = FACE_OUTER_BOUND ( 'NONE', #765, .T. ) ;
#144 = EDGE_CURVE ( 'NONE', #1308, #1265, #403, .T. ) ;
#145 = ORIENTED_EDGE ( 'NONE', *, *, #1278, .F. ) ;
#146 = ORIENTED_EDGE ( 'NONE', *, *, #724, .F. ) ;
#147 = DIRECTION ( 'NONE',  ( -0.8660254037844417052, -0.4999999999999950040, 0.000000000000000000 ) ) ;
#148 = ORIENTED_EDGE ( 'NONE', *, *, #718, .T. ) ;
#149 = LINE ( 'NONE', #1076, #40 ) ;
#150 = EDGE_CURVE ( 'NONE', #859, #1439, #926, .T. ) ;
#151 = DIRECTION ( 'NONE',  ( -1.000000000000000000, 0.000000000000000000, -0.000000000000000000 ) ) ;
#152 = LINE ( 'NONE', #1337, #229 ) ;
#153 = ORIENTED_EDGE ( 'NONE', *, *, #935, .F. ) ;
#154 = ORIENTED_EDGE ( 'NONE', *, *, #174, .F. ) ;
#155 = CARTESIAN_POINT ( 'NONE',  ( 0.000000000000000000, 9.800000000000002487, -13.00000000000000000 ) ) ;
#156 = VECTOR ( 'NONE', #1007, 1000.000000000000000 ) ;
#157 = CARTESIAN_POINT ( 'NONE',  ( 169.7409791417478857, -316.0000000000000568, -65.00000000000000000 ) ) ;
#158 = ADVANCED_FACE ( 'NONE', ( #978 ), #1444, .F. ) ;
#159 = AXIS2_PLACEMENT_3D ( 'NONE', #854, #959, #181 ) ;
#160 = CARTESIAN_POINT ( 'NONE',  ( 14.00000000000000000, -36.24871130596434909, -195.0000000000000000 ) ) ;
#161 = VECTOR ( 'NONE', #77, 1000.000000000000000 ) ;
#162 = EDGE_LOOP ( 'NONE', ( #992, #469, #176, #1092 ) ) ;
#163 = APPLICATION_PROTOCOL_DEFINITION ( 'draft international standard', 'automotive_design', 1998, #1010 ) ;
#164 = ORIENTED_EDGE ( 'NONE', *, *, #98, .F. ) ;
#165 = EDGE_CURVE ( 'NONE', #750, #1228, #857, .T. ) ;
#166 = CARTESIAN_POINT ( 'NONE',  ( -13.85640646055089675, -7.999999999999821476, -65.00000000000000000 ) ) ;
#167 = DIRECTION ( 'NONE',  ( 0.000000000000000000, -1.000000000000000000, 0.000000000000000000 ) ) ;
#168 = DIRECTION ( 'NONE',  ( -0.000000000000000000, -0.000000000000000000, 1.000000000000000000 ) ) ;
#169 = ORIENTED_EDGE ( 'NONE', *, *, #755, .F. ) ;
#170 = ORIENTED_EDGE ( 'NONE', *, *, #1494, .F. ) ;
#171 = DIRECTION ( 'NONE',  ( 1.000000000000000000, -0.000000000000000000, 0.000000000000000000 ) ) ;
#172 = DIRECTION ( 'NONE',  ( 0.4999999999999950040, -0.8660254037844414832, 0.000000000000000000 ) ) ;
#173 = FACE_BOUND ( 'NONE', #751, .T. ) ;
#174 = EDGE_CURVE ( 'NONE', #750, #50, #152, .T. ) ;
#175 = CARTESIAN_POINT ( 'NONE',  ( 4.000000000000000000, 9.799999999999998934, 13.00000000000000000 ) ) ;
#176 = ORIENTED_EDGE ( 'NONE', *, *, #144, .T. ) ;
#177 = EDGE_CURVE ( 'NONE', #139, #412, #1079, .T. ) ;
#178 = VERTEX_POINT ( 'NONE', #38 ) ;
#179 = DIRECTION ( 'NONE',  ( 1.000000000000000000, -0.000000000000000000, 0.000000000000000000 ) ) ;
#180 = VECTOR ( 'NONE', #39, 1000.000000000000000 ) ;
#181 = DIRECTION ( 'NONE',  ( 0.4999999999999950040, -0.8660254037844415942, 0.000000000000000000 ) ) ;
#182 = DIRECTION ( 'NONE',  ( -1.000000000000000000, 0.000000000000000000, 0.000000000000000000 ) ) ;
#183 = CARTESIAN_POINT ( 'NONE',  ( 0.000000000000000000, 15.00000000000000000, -25.00000000000000000 ) ) ;
#184 = ADVANCED_FACE ( 'NONE', ( #495 ), #288, .T. ) ;
#185 = EDGE_LOOP ( 'NONE', ( #27, #280, #1259, #389 ) ) ;
#186 = AXIS2_PLACEMENT_3D ( 'NONE', #440, #424, #905 ) ;
#187 = ORIENTED_EDGE ( 'NONE', *, *, #755, .T. ) ;
#188 = CARTESIAN_POINT ( 'NONE',  ( 201.6580753730930837, -316.0000000000000000, -70.00000000000000000 ) ) ;
#189 = VECTOR ( 'NONE', #351, 1000.000000000000000 ) ;
#190 = CYLINDRICAL_SURFACE ( 'NONE', #546, 3.249999999999999556 ) ;
#191 = DIRECTION ( 'NONE',  ( 1.000000000000000000, -0.000000000000000000, 0.000000000000000000 ) ) ;
#192 = ADVANCED_FACE ( 'NONE', ( #1217 ), #1089, .F. ) ;
#193 = VERTEX_POINT ( 'NONE', #968 ) ;
#194 = ORIENTED_EDGE ( 'NONE', *, *, #901, .F. ) ;
#195 = CARTESIAN_POINT ( 'NONE',  ( 201.6580753730930837, -320.0000000000000000, -70.00000000000000000 ) ) ;
#196 = CARTESIAN_POINT ( 'NONE',  ( 9.999999999999888090, -57.32050807568884920, -24.99999999999999289 ) ) ;
#197 = ADVANCED_FACE ( 'NONE', ( #1460, #173, #636, #874 ), #1343, .F. ) ;
#198 = FACE_OUTER_BOUND ( 'NONE', #162, .T. ) ;
#199 = CYLINDRICAL_SURFACE ( 'NONE', #110, 5.000000000000000888 ) ;
#200 = EDGE_LOOP ( 'NONE', ( #304, #23, #297, #327 ) ) ;
#201 = ORIENTED_EDGE ( 'NONE', *, *, #598, .T. ) ;
#202 = DIRECTION ( 'NONE',  ( 1.000000000000000000, -0.000000000000000000, 0.000000000000000000 ) ) ;
#203 = AXIS2_PLACEMENT_3D ( 'NONE', #347, #817, #2 ) ;
#204 = DIRECTION ( 'NONE',  ( 0.8660254037844417052, 0.4999999999999950040, -0.000000000000000000 ) ) ;
#205 = CARTESIAN_POINT ( 'NONE',  ( 158.2225047498844503, -306.0494171276115480, -65.00000000000000000 ) ) ;
#206 = ORIENTED_EDGE ( 'NONE', *, *, #165, .T. ) ;
#207 = VECTOR ( 'NONE', #247, 1000.000000000000000 ) ;
#208 = ADVANCED_FACE ( 'NONE', ( #47 ), #269, .F. ) ;
#209 = ORIENTED_EDGE ( 'NONE', *, *, #941, .T. ) ;
#210 = CARTESIAN_POINT ( 'NONE',  ( 4.000000000000000000, -9.799999999999998934, 13.00000000000000000 ) ) ;
#211 = VECTOR ( 'NONE', #919, 1000.000000000000000 ) ;
#212 = ADVANCED_FACE ( 'NONE', ( #754 ), #1111, .F. ) ;
#213 = CARTESIAN_POINT ( 'NONE',  ( 4.000000000000000000, 14.99999999999999645, 25.00000000000000000 ) ) ;
#214 = VECTOR ( 'NONE', #1149, 1000.000000000000000 ) ;
#215 = CARTESIAN_POINT ( 'NONE',  ( 4.385380947269372374E-13, -316.0000000000002842, -195.0000000000000000 ) ) ;
#216 = ORIENTED_EDGE ( 'NONE', *, *, #1407, .T. ) ;
#217 = EDGE_LOOP ( 'NONE', ( #153, #1270, #1204, #1121 ) ) ;
#218 = LINE ( 'NONE', #90, #567 ) ;
#219 = CARTESIAN_POINT ( 'NONE',  ( 0.000000000000000000, -9.799999999999998934, 9.750000000000001776 ) ) ;
#220 = ORIENTED_EDGE ( 'NONE', *, *, #25, .T. ) ;
#221 = CARTESIAN_POINT ( 'NONE',  ( 171.6580753730928279, -337.3205080756887355, -65.00000000000000000 ) ) ;
#222 = CARTESIAN_POINT ( 'NONE',  ( 189.9080753730939364, -320.0000000000002842, -169.9999999999999716 ) ) ;
#223 = ORIENTED_EDGE ( 'NONE', *, *, #1287, .F. ) ;
#224 = ORIENTED_EDGE ( 'NONE', *, *, #967, .T. ) ;
#225 = CARTESIAN_POINT ( 'NONE',  ( 183.4080753730930837, -320.0000000000002842, -90.00000000000000000 ) ) ;
#226 = DIRECTION ( 'NONE',  ( 1.000000000000000000, 0.000000000000000000, 0.000000000000000000 ) ) ;
#227 = VERTEX_POINT ( 'NONE', #1224 ) ;
#228 = CARTESIAN_POINT ( 'NONE',  ( 4.385380947269372374E-13, -316.0000000000002842, -65.00000000000000000 ) ) ;
#229 = VECTOR ( 'NONE', #1312, 1000.000000000000000 ) ;
#230 = CARTESIAN_POINT ( 'NONE',  ( 6.899672238346393982, -51.95058287238868644, -15.00000000000000000 ) ) ;
#231 = CIRCLE ( 'NONE', #513, 10.00000000000000000 ) ;
#232 = VERTEX_POINT ( 'NONE', #72 ) ;
#233 = DIRECTION ( 'NONE',  ( 0.000000000000000000, 0.000000000000000000, -1.000000000000000000 ) ) ;
#234 = AXIS2_PLACEMENT_3D ( 'NONE', #298, #667, #523 ) ;
#235 = CARTESIAN_POINT ( 'NONE',  ( 186.6580753730930837, -316.0000000000002842, -90.00000000000000000 ) ) ;
#236 = CARTESIAN_POINT ( 'NONE',  ( 0.000000000000000000, 20.00000000000000355, -20.00000000000000000 ) ) ;
#237 = VECTOR ( 'NONE', #1239, 1000.000000000000114 ) ;
#238 = DIRECTION ( 'NONE',  ( 0.000000000000000000, 1.387778780781445676E-16, -1.000000000000000000 ) ) ;
#239 = ORIENTED_EDGE ( 'NONE', *, *, #1303, .F. ) ;
#240 = CARTESIAN_POINT ( 'NONE',  ( 186.6580753730930837, -316.0000000000002842, -90.00000000000000000 ) ) ;
#241 = CARTESIAN_POINT ( 'NONE',  ( 1.875644347017826785, -43.24871130596428515, 25.00000000000002132 ) ) ;
#242 = DIRECTION ( 'NONE',  ( 0.000000000000000000, 0.000000000000000000, -1.000000000000000000 ) ) ;
#243 = CARTESIAN_POINT ( 'NONE',  ( 186.6580753730930837, -320.0000000000002842, -90.00000000000000000 ) ) ;
#244 = ORIENTED_EDGE ( 'NONE', *, *, #473, .F. ) ;
#245 = CARTESIAN_POINT ( 'NONE',  ( -25.98076211353299669, 5.000000000000302869, -25.00000000000000000 ) ) ;
#246 = DIRECTION ( 'NONE',  ( 0.000000000000000000, 0.000000000000000000, 1.000000000000000000 ) ) ;
#247 = DIRECTION ( 'NONE',  ( 1.000000000000000000, -0.000000000000000000, 0.000000000000000000 ) ) ;
#248 = CARTESIAN_POINT ( 'NONE',  ( 14.00000000000000000, -36.24871130596434909, -24.99999999999999289 ) ) ;
#249 = ORIENTED_EDGE ( 'NONE', *, *, #598, .F. ) ;
#250 = DIRECTION ( 'NONE',  ( 0.000000000000000000, 0.000000000000000000, 1.000000000000000000 ) ) ;
#251 = EDGE_CURVE ( 'NONE', #1313, #1503, #763, .T. ) ;
#252 = UNCERTAINTY_MEASURE_WITH_UNIT (LENGTH_MEASURE( 1.000000000000000082E-05 ), #1314, 'distance_accuracy_value', 'NONE');
#253 = AXIS2_PLACEMENT_3D ( 'NONE', #353, #7, #1046 ) ;
#254 = DIRECTION ( 'NONE',  ( 0.4999999999999949485, -0.8660254037844415942, 0.000000000000000000 ) ) ;
#255 = AXIS2_PLACEMENT_3D ( 'NONE', #275, #261, #722 ) ;
#256 = DIRECTION ( 'NONE',  ( -0.8660254037844415942, -0.4999999999999949485, 0.000000000000000000 ) ) ;
#257 = VERTEX_POINT ( 'NONE', #1465 ) ;
#258 = VERTEX_POINT ( 'NONE', #1486 ) ;
#259 = EDGE_CURVE ( 'NONE', #258, #296, #117, .T. ) ;
#260 = ORIENTED_EDGE ( 'NONE', *, *, #1494, .T. ) ;
#261 = DIRECTION ( 'NONE',  ( 0.000000000000000000, -0.000000000000000000, 1.000000000000000000 ) ) ;
#262 = CARTESIAN_POINT ( 'NONE',  ( 4.000000000000000000, 15.00000000000000000, -20.00000000000000000 ) ) ;
#263 = DIRECTION ( 'NONE',  ( -0.8660254037844415942, -0.4999999999999949485, 0.000000000000000000 ) ) ;
#264 = EDGE_LOOP ( 'NONE', ( #910, #1284, #1262, #1483 ) ) ;
#265 = DIRECTION ( 'NONE',  ( -1.000000000000000000, 0.000000000000000000, -0.000000000000000000 ) ) ;
#266 = ORIENTED_EDGE ( 'NONE', *, *, #31, .F. ) ;
#267 = DIRECTION ( 'NONE',  ( -0.4999999999999949485, 0.8660254037844414832, -0.000000000000000000 ) ) ;
#268 = DIRECTION ( 'NONE',  ( -1.000000000000000000, 0.000000000000000000, -0.000000000000000000 ) ) ;
#269 = CYLINDRICAL_SURFACE ( 'NONE', #510, 10.00000000000000888 ) ;
#270 = DIRECTION ( 'NONE',  ( 0.000000000000000000, 0.000000000000000000, 1.000000000000000000 ) ) ;
#271 = EDGE_CURVE ( 'NONE', #1473, #1042, #1451, .T. ) ;
#272 = ORIENTED_EDGE ( 'NONE', *, *, #746, .F. ) ;
#273 =( NAMED_UNIT ( * ) PLANE_ANGLE_UNIT ( ) SI_UNIT ( $, .RADIAN. ) );
#274 = ORIENTED_EDGE ( 'NONE', *, *, #1290, .T. ) ;
#275 = CARTESIAN_POINT ( 'NONE',  ( 169.7409791417478573, -306.0000000000000568, -195.0000000000000000 ) ) ;
#276 = DIRECTION ( 'NONE',  ( 0.000000000000000000, 0.000000000000000000, -1.000000000000000000 ) ) ;
#277 = CARTESIAN_POINT ( 'NONE',  ( 151.6580753730931121, -302.6794919243112645, -65.00000000000000000 ) ) ;
#278 = CARTESIAN_POINT ( 'NONE',  ( 4.000000000000000000, 9.799999999999998934, 9.750000000000001776 ) ) ;
#279 = CIRCLE ( 'NONE', #1431, 3.249999999999997780 ) ;
#280 = ORIENTED_EDGE ( 'NONE', *, *, #1085, .T. ) ;
#281 =( NAMED_UNIT ( * ) PLANE_ANGLE_UNIT ( ) SI_UNIT ( $, .RADIAN. ) );
#282 = AXIS2_PLACEMENT_3D ( 'NONE', #5, #114, #827 ) ;
#283 = ORIENTED_EDGE ( 'NONE', *, *, #392, .T. ) ;
#284 = DIRECTION ( 'NONE',  ( 1.387778780781445478E-15, -1.000000000000000000, 0.000000000000000000 ) ) ;
#285 = EDGE_CURVE ( 'NONE', #257, #1212, #434, .T. ) ;
#286 = FACE_BOUND ( 'NONE', #1425, .T. ) ;
#287 = EDGE_CURVE ( 'NONE', #1128, #335, #1240, .T. ) ;
#288 = CYLINDRICAL_SURFACE ( 'NONE', #58, 5.000000000000004441 ) ;
#289 = EDGE_LOOP ( 'NONE', ( #223, #868, #1390, #1082, #1507, #1467 ) ) ;
#290 = ORIENTED_EDGE ( 'NONE', *, *, #428, .F. ) ;
#291 = DIRECTION ( 'NONE',  ( 0.000000000000000000, 0.000000000000000000, -1.000000000000000000 ) ) ;
#292 = CARTESIAN_POINT ( 'NONE',  ( 183.4080753730939080, -320.0000000000002842, -169.9999999999999716 ) ) ;
#293 = EDGE_CURVE ( 'NONE', #970, #1376, #883, .T. ) ;
#294 = CARTESIAN_POINT ( 'NONE',  ( 4.000000000000000000, -36.24871130596434909, 0.000000000000000000 ) ) ;
#295 = FACE_OUTER_BOUND ( 'NONE', #32, .T. ) ;
#296 = VERTEX_POINT ( 'NONE', #314 ) ;
#297 = ORIENTED_EDGE ( 'NONE', *, *, #317, .T. ) ;
#298 = CARTESIAN_POINT ( 'NONE',  ( 4.460032611797226210, -47.72500308704704963, -65.00000000000000000 ) ) ;
#299 = ADVANCED_FACE ( 'NONE', ( #198 ), #563, .T. ) ;
#300 = DIRECTION ( 'NONE',  ( -0.8660254037844420383, -0.4999999999999943934, 0.000000000000000000 ) ) ;
#301 = ADVANCED_FACE ( 'NONE', ( #881 ), #539, .F. ) ;
#302 = VERTEX_POINT ( 'NONE', #661 ) ;
#303 = VECTOR ( 'NONE', #1442, 1000.000000000000000 ) ;
#304 = ORIENTED_EDGE ( 'NONE', *, *, #400, .F. ) ;
#305 = DIRECTION ( 'NONE',  ( -0.8660254037844415942, -0.4999999999999949485, 0.000000000000000000 ) ) ;
#306 = EDGE_CURVE ( 'NONE', #637, #511, #1136, .T. ) ;
#307 = CARTESIAN_POINT ( 'NONE',  ( 0.000000000000000000, 9.799999999999998934, 13.00000000000000000 ) ) ;
#308 = FACE_OUTER_BOUND ( 'NONE', #1048, .T. ) ;
#309 = ORIENTED_EDGE ( 'NONE', *, *, #129, .F. ) ;
#310 = EDGE_LOOP ( 'NONE', ( #794, #979 ) ) ;
#311 = CARTESIAN_POINT ( 'NONE',  ( 169.7409791417478573, -306.0000000000000568, -65.00000000000000000 ) ) ;
#312 = EDGE_CURVE ( 'NONE', #1042, #664, #990, .T. ) ;
#313 = LINE ( 'NONE', #561, #936 ) ;
#314 = CARTESIAN_POINT ( 'NONE',  ( 183.4080753730935101, -320.0000000000002842, -130.0000000000000000 ) ) ;
#315 = DIRECTION ( 'NONE',  ( 1.000000000000000000, 1.387778780781445478E-15, 0.000000000000000000 ) ) ;
#316 = VERTEX_POINT ( 'NONE', #183 ) ;
#317 = EDGE_CURVE ( 'NONE', #798, #1027, #61, .T. ) ;
#318 = ORIENTED_EDGE ( 'NONE', *, *, #941, .F. ) ;
#319 = VECTOR ( 'NONE', #1047, 1000.000000000000000 ) ;
#320 = DIRECTION ( 'NONE',  ( 0.000000000000000000, 0.000000000000000000, -1.000000000000000000 ) ) ;
#321 = CARTESIAN_POINT ( 'NONE',  ( 189.9080753730939364, -320.0000000000002842, -169.9999999999999716 ) ) ;
#322 = AXIS2_PLACEMENT_3D ( 'NONE', #277, #742, #1210 ) ;
#323 = DIRECTION ( 'NONE',  ( -0.8660254037844417052, -0.4999999999999950040, 0.000000000000000000 ) ) ;
#324 = VERTEX_POINT ( 'NONE', #1318 ) ;
#325 = AXIS2_PLACEMENT_3D ( 'NONE', #864, #1110, #411 ) ;
#326 = VECTOR ( 'NONE', #46, 1000.000000000000114 ) ;
#327 = ORIENTED_EDGE ( 'NONE', *, *, #671, .T. ) ;
#328 = DIRECTION ( 'NONE',  ( -1.000000000000000000, 0.000000000000000000, 0.000000000000000000 ) ) ;
#329 = CARTESIAN_POINT ( 'NONE',  ( 1.875644347017819014, -43.24871130596427093, -24.99999999999999289 ) ) ;
#330 = EDGE_CURVE ( 'NONE', #335, #606, #1179, .T. ) ;
#331 = EDGE_LOOP ( 'NONE', ( #802, #1090, #220, #1140 ) ) ;
#332 = CARTESIAN_POINT ( 'NONE',  ( 0.000000000000000000, -36.24871130596434909, -24.99999999999999645 ) ) ;
#333 = EDGE_CURVE ( 'NONE', #378, #232, #231, .T. ) ;
#334 = ORIENTED_EDGE ( 'NONE', *, *, #845, .F. ) ;
#335 = VERTEX_POINT ( 'NONE', #278 ) ;
#336 = CARTESIAN_POINT ( 'NONE',  ( 14.00000000000000000, -36.24871130596434909, -195.0000000000000000 ) ) ;
#337 = DIRECTION ( 'NONE',  ( -0.8660254037844417052, -0.4999999999999950040, 0.000000000000000000 ) ) ;
#338 = ORIENTED_EDGE ( 'NONE', *, *, #1112, .F. ) ;
#339 = EDGE_CURVE ( 'NONE', #602, #861, #1211, .T. ) ;
#340 = CARTESIAN_POINT ( 'NONE',  ( 0.000000000000000000, 19.99999999999999645, 20.00000000000000000 ) ) ;
#341 = ORIENTED_EDGE ( 'NONE', *, *, #142, .T. ) ;
#342 = VERTEX_POINT ( 'NONE', #48 ) ;
#343 = FACE_OUTER_BOUND ( 'NONE', #80, .T. ) ;
#344 = DIRECTION ( 'NONE',  ( -0.8660254037844411501, -0.4999999999999956701, 0.000000000000000000 ) ) ;
#345 = EDGE_CURVE ( 'NONE', #1212, #744, #1078, .T. ) ;
#346 = CARTESIAN_POINT ( 'NONE',  ( 186.6580753730935101, -316.0000000000002842, -130.0000000000000000 ) ) ;
#347 = CARTESIAN_POINT ( 'NONE',  ( 186.6580753730935101, -320.0000000000002842, -130.0000000000000000 ) ) ;
#348 = ORIENTED_EDGE ( 'NONE', *, *, #137, .F. ) ;
#349 = CARTESIAN_POINT ( 'NONE',  ( -17.32050807568866091, -9.999999999999801048, 25.00000000000002132 ) ) ;
#350 = AXIS2_PLACEMENT_3D ( 'NONE', #536, #1022, #320 ) ;
#351 = DIRECTION ( 'NONE',  ( -0.000000000000000000, -0.000000000000000000, -1.000000000000000000 ) ) ;
#352 = AXIS2_PLACEMENT_3D ( 'NONE', #1416, #693, #913 ) ;
#353 = CARTESIAN_POINT ( 'NONE',  ( 186.6580753730930837, -320.0000000000002842, -90.00000000000000000 ) ) ;
#354 = CARTESIAN_POINT ( 'NONE',  ( 0.000000000000000000, 14.99999999999999645, 25.00000000000000000 ) ) ;
#355 = ORIENTED_EDGE ( 'NONE', *, *, #1023, .T. ) ;
#356 = CARTESIAN_POINT ( 'NONE',  ( 14.00000000000000000, -36.24871130596434909, 25.00000000000002132 ) ) ;
#357 = LINE ( 'NONE', #716, #814 ) ;
#358 = DIRECTION ( 'NONE',  ( 0.000000000000000000, 1.000000000000000000, -8.350654685950118139E-17 ) ) ;
#359 = DIRECTION ( 'NONE',  ( 0.000000000000000000, -1.000000000000000000, 0.000000000000000000 ) ) ;
#360 = ADVANCED_FACE ( 'NONE', ( #295 ), #997, .F. ) ;
#361 = EDGE_LOOP ( 'NONE', ( #244, #387, #892, #818, #1067, #309 ) ) ;
#362 = CARTESIAN_POINT ( 'NONE',  ( 148.7032533486874684, -297.5615900507170863, -63.12270510173104299 ) ) ;
#363 = ORIENTED_EDGE ( 'NONE', *, *, #1126, .T. ) ;
#364 = CARTESIAN_POINT ( 'NONE',  ( 189.9080753730930837, -316.0000000000002842, -90.00000000000000000 ) ) ;
#365 = CARTESIAN_POINT ( 'NONE',  ( 14.00000000000000000, -36.24871130596434909, -24.99999999999999289 ) ) ;
#366 = VERTEX_POINT ( 'NONE', #73 ) ;
#367 = VERTEX_POINT ( 'NONE', #527 ) ;
#368 = VECTOR ( 'NONE', #315, 1000.000000000000000 ) ;
#369 = VECTOR ( 'NONE', #1271, 1000.000000000000000 ) ;
#370 = ORIENTED_EDGE ( 'NONE', *, *, #306, .T. ) ;
#371 = CARTESIAN_POINT ( 'NONE',  ( 0.000000000000000000, -0.000000000000000000, 25.00000000000000000 ) ) ;
#372 = VECTOR ( 'NONE', #766, 1000.000000000000000 ) ;
#373 = DIRECTION ( 'NONE',  ( -0.8660254037844415942, -0.4999999999999949485, 0.000000000000000000 ) ) ;
#374 = VECTOR ( 'NONE', #803, 1000.000000000000000 ) ;
#375 = CARTESIAN_POINT ( 'NONE',  ( 4.000000000000000000, 14.99999999999999645, 20.00000000000000000 ) ) ;
#376 = CIRCLE ( 'NONE', #1235, 3.250000000000002665 ) ;
#377 = EDGE_LOOP ( 'NONE', ( #897, #1454, #24, #656 ) ) ;
#378 = VERTEX_POINT ( 'NONE', #1203 ) ;
#379 = CARTESIAN_POINT ( 'NONE',  ( 0.000000000000000000, 0.000000000000000000, 0.000000000000000000 ) ) ;
#380 = CARTESIAN_POINT ( 'NONE',  ( 169.7409791417478857, -320.0000000000000568, -195.0000000000000000 ) ) ;
#381 = DIRECTION ( 'NONE',  ( 1.387778780781445478E-15, -1.000000000000000000, 0.000000000000000000 ) ) ;
#382 = ORIENTED_EDGE ( 'NONE', *, *, #726, .T. ) ;
#383 = ORIENTED_EDGE ( 'NONE', *, *, #330, .T. ) ;
#384 = CARTESIAN_POINT ( 'NONE',  ( 169.7409791417478857, -316.0000000000000568, -195.0000000000000000 ) ) ;
#385 = CARTESIAN_POINT ( 'NONE',  ( -25.98076211353299669, 5.000000000000302869, -25.00000000000000000 ) ) ;
#386 = CARTESIAN_POINT ( 'NONE',  ( 196.6580753730930837, -320.0000000000000000, -190.0000000000000000 ) ) ;
#387 = ORIENTED_EDGE ( 'NONE', *, *, #678, .F. ) ;
#388 = EDGE_CURVE ( 'NONE', #1265, #178, #416, .T. ) ;
#389 = ORIENTED_EDGE ( 'NONE', *, *, #607, .F. ) ;
#390 = DIRECTION ( 'NONE',  ( 0.000000000000000000, 0.000000000000000000, -1.000000000000000000 ) ) ;
#391 = AXIS2_PLACEMENT_3D ( 'NONE', #670, #768, #791 ) ;
#392 = EDGE_CURVE ( 'NONE', #412, #1462, #1255, .T. ) ;
#393 = AXIS2_PLACEMENT_3D ( 'NONE', #1, #1429, #807 ) ;
#394 = CARTESIAN_POINT ( 'NONE',  ( -17.32050807568866091, -9.999999999999801048, 25.00000000000002132 ) ) ;
#395 = CARTESIAN_POINT ( 'NONE',  ( 201.6580753730930837, -320.0000000000000000, -70.00000000000000000 ) ) ;
#396 = VECTOR ( 'NONE', #1368, 1000.000000000000000 ) ;
#397 = ORIENTED_EDGE ( 'NONE', *, *, #686, .F. ) ;
#398 = AXIS2_PLACEMENT_3D ( 'NONE', #753, #641, #1223 ) ;
#399 = ORIENTED_EDGE ( 'NONE', *, *, #1450, .F. ) ;
#400 = EDGE_CURVE ( 'NONE', #1266, #568, #775, .T. ) ;
#401 = LINE ( 'NONE', #166, #64 ) ;
#402 = DIRECTION ( 'NONE',  ( 1.387778780781445478E-15, -1.000000000000000000, 0.000000000000000000 ) ) ;
#403 = LINE ( 'NONE', #395, #977 ) ;
#404 = DIRECTION ( 'NONE',  ( 1.000000000000000000, -0.000000000000000000, 0.000000000000000000 ) ) ;
#405 = EDGE_CURVE ( 'NONE', #1155, #55, #1481, .T. ) ;
#406 = EDGE_LOOP ( 'NONE', ( #876, #478, #1366, #1193 ) ) ;
#407 = ADVANCED_FACE ( 'NONE', ( #895 ), #1493, .F. ) ;
#408 = ORIENTED_EDGE ( 'NONE', *, *, #901, .T. ) ;
#409 = DIRECTION ( 'NONE',  ( 1.387778780781445478E-15, -1.000000000000000000, 0.000000000000000000 ) ) ;
#410 = PRODUCT_RELATED_PRODUCT_CATEGORY ( 'part', '', ( #886 ) ) ;
#411 = DIRECTION ( 'NONE',  ( 0.000000000000000000, 0.000000000000000000, -1.000000000000000000 ) ) ;
#412 = VERTEX_POINT ( 'NONE', #1358 ) ;
#413 = ADVANCED_FACE ( 'NONE', ( #1372 ), #199, .T. ) ;
#414 = ORIENTED_EDGE ( 'NONE', *, *, #142, .F. ) ;
#415 = LINE ( 'NONE', #658, #372 ) ;
#416 = CIRCLE ( 'NONE', #1104, 5.000000000000004441 ) ;
#417 = LINE ( 'NONE', #1491, #1409 ) ;
#418 = AXIS2_PLACEMENT_3D ( 'NONE', #22, #256, #1166 ) ;
#419 = FACE_OUTER_BOUND ( 'NONE', #74, .T. ) ;
#420 = ORIENTED_EDGE ( 'NONE', *, *, #686, .T. ) ;
#421 = EDGE_CURVE ( 'NONE', #1439, #637, #443, .T. ) ;
#422 = AXIS2_PLACEMENT_3D ( 'NONE', #1299, #812, #582 ) ;
#423 = ORIENTED_EDGE ( 'NONE', *, *, #259, .F. ) ;
#424 = DIRECTION ( 'NONE',  ( 1.387778780781445478E-15, -1.000000000000000000, 0.000000000000000000 ) ) ;
#425 = VECTOR ( 'NONE', #1268, 1000.000000000000000 ) ;
#426 = FACE_OUTER_BOUND ( 'NONE', #991, .T. ) ;
#427 = CARTESIAN_POINT ( 'NONE',  ( 4.460032611797226210, -47.72500308704704963, -65.00000000000000000 ) ) ;
#428 = EDGE_CURVE ( 'NONE', #735, #257, #952, .T. ) ;
#429 = CARTESIAN_POINT ( 'NONE',  ( 0.000000000000000000, 15.00000000000000000, -20.00000000000000000 ) ) ;
#430 = ORIENTED_EDGE ( 'NONE', *, *, #726, .F. ) ;
#431 = VERTEX_POINT ( 'NONE', #222 ) ;
#432 = DIRECTION ( 'NONE',  ( 0.000000000000000000, 0.000000000000000000, -1.000000000000000000 ) ) ;
#433 = LINE ( 'NONE', #1118, #1380 ) ;
#434 = LINE ( 'NONE', #680, #489 ) ;
#435 = CARTESIAN_POINT ( 'NONE',  ( 1.875644347017826785, -43.24871130596428515, 25.00000000000002132 ) ) ;
#436 = ORIENTED_EDGE ( 'NONE', *, *, #1098, .T. ) ;
#437 = ORIENTED_EDGE ( 'NONE', *, *, #887, .F. ) ;
#438 = ADVANCED_FACE ( 'NONE', ( #419 ), #916, .T. ) ;
#439 = AXIS2_PLACEMENT_3D ( 'NONE', #14, #1408, #939 ) ;
#440 = CARTESIAN_POINT ( 'NONE',  ( 186.6580753730935101, -320.0000000000002842, -130.0000000000000000 ) ) ;
#441 = LINE ( 'NONE', #906, #237 ) ;
#442 = EDGE_CURVE ( 'NONE', #302, #861, #1326, .T. ) ;
#443 = LINE ( 'NONE', #340, #156 ) ;
#444 = EDGE_LOOP ( 'NONE', ( #206, #216, #164, #154 ) ) ;
#445 = AXIS2_PLACEMENT_3D ( 'NONE', #1341, #1199, #492 ) ;
#446 = VERTEX_POINT ( 'NONE', #205 ) ;
#447 = PLANE ( 'NONE',  #931 ) ;
#448 =( GEOMETRIC_REPRESENTATION_CONTEXT ( 3 ) GLOBAL_UNCERTAINTY_ASSIGNED_CONTEXT ( ( #1186 ) ) GLOBAL_UNIT_ASSIGNED_CONTEXT ( ( #956, #281, #33 ) ) REPRESENTATION_CONTEXT ( 'NONE', 'WORKASPACE' ) );
#449 = EDGE_CURVE ( 'NONE', #193, #316, #681, .T. ) ;
#450 = CARTESIAN_POINT ( 'NONE',  ( 4.000000000000000000, -9.799999999999998934, 9.750000000000001776 ) ) ;
#451 = AXIS2_PLACEMENT_3D ( 'NONE', #815, #821, #594 ) ;
#452 = ORIENTED_EDGE ( 'NONE', *, *, #1253, .F. ) ;
#453 = CARTESIAN_POINT ( 'NONE',  ( 14.00000000000000000, -36.24871130596434909, 25.00000000000002132 ) ) ;
#454 = EDGE_LOOP ( 'NONE', ( #1052, #1008 ) ) ;
#455 = ORIENTED_EDGE ( 'NONE', *, *, #1161, .F. ) ;
#456 = EDGE_CURVE ( 'NONE', #744, #366, #94, .T. ) ;
#457 = LINE ( 'NONE', #942, #1406 ) ;
#458 = CARTESIAN_POINT ( 'NONE',  ( 196.6580753730930837, -320.0000000000000000, -65.00000000000000000 ) ) ;
#459 = CYLINDRICAL_SURFACE ( 'NONE', #1157, 39.99999999999999289 ) ;
#460 = ORIENTED_EDGE ( 'NONE', *, *, #428, .T. ) ;
#461 = VERTEX_POINT ( 'NONE', #1137 ) ;
#462 = EDGE_CURVE ( 'NONE', #446, #1197, #832, .T. ) ;
#463 = DIRECTION ( 'NONE',  ( 0.000000000000000000, 0.000000000000000000, 1.000000000000000000 ) ) ;
#464 = FACE_OUTER_BOUND ( 'NONE', #217, .T. ) ;
#465 = AXIS2_PLACEMENT_3D ( 'NONE', #1051, #953, #1168 ) ;
#466 = DIRECTION ( 'NONE',  ( -1.000000000000000000, 0.000000000000000000, -0.000000000000000000 ) ) ;
#467 = CARTESIAN_POINT ( 'NONE',  ( 4.440892098500630201E-13, -320.0000000000002842, -195.0000000000000000 ) ) ;
#468 = AXIS2_PLACEMENT_3D ( 'NONE', #427, #1363, #774 ) ;
#469 = ORIENTED_EDGE ( 'NONE', *, *, #1370, .T. ) ;
#470 = DIRECTION ( 'NONE',  ( 0.000000000000000000, 0.000000000000000000, -1.000000000000000000 ) ) ;
#471 = CIRCLE ( 'NONE', #1332, 3.250000000000002665 ) ;
#472 = DIRECTION ( 'NONE',  ( 1.387778780781445478E-15, -1.000000000000000000, 0.000000000000000000 ) ) ;
#473 = EDGE_CURVE ( 'NONE', #193, #378, #1026, .T. ) ;
#474 = CYLINDRICAL_SURFACE ( 'NONE', #393, 5.000000000000000888 ) ;
#475 = AXIS2_PLACEMENT_3D ( 'NONE', #1349, #1252, #1485 ) ;
#476 = ADVANCED_FACE ( 'NONE', ( #1383 ), #101, .F. ) ;
#477 = PLANE ( 'NONE',  #975 ) ;
#478 = ORIENTED_EDGE ( 'NONE', *, *, #1231, .F. ) ;
#479 = DIRECTION ( 'NONE',  ( -1.000000000000000000, -0.000000000000000000, 0.000000000000000000 ) ) ;
#480 = DIRECTION ( 'NONE',  ( 1.000000000000000000, -0.000000000000000000, 0.000000000000000000 ) ) ;
#481 = DIRECTION ( 'NONE',  ( 1.000000000000000000, 1.387778780781445478E-15, 0.000000000000000000 ) ) ;
#482 = FACE_OUTER_BOUND ( 'NONE', #1187, .T. ) ;
#483 = VERTEX_POINT ( 'NONE', #435 ) ;
#484 = ORIENTED_EDGE ( 'NONE', *, *, #731, .F. ) ;
#485 = CARTESIAN_POINT ( 'NONE',  ( 0.000000000000000000, 14.99999999999999645, 25.00000000000000000 ) ) ;
#486 = CARTESIAN_POINT ( 'NONE',  ( 186.6580753730935101, -316.0000000000002842, -130.0000000000000000 ) ) ;
#487 = CARTESIAN_POINT ( 'NONE',  ( 201.6580753730930837, -320.0000000000000000, -190.0000000000000000 ) ) ;
#488 = ORIENTED_EDGE ( 'NONE', *, *, #177, .T. ) ;
#489 = VECTOR ( 'NONE', #100, 1000.000000000000000 ) ;
#490 = VECTOR ( 'NONE', #840, 1000.000000000000000 ) ;
#491 = VECTOR ( 'NONE', #172, 999.9999999999998863 ) ;
#492 = DIRECTION ( 'NONE',  ( 1.000000000000000000, 0.000000000000000000, 0.000000000000000000 ) ) ;
#493 = AXIS2_PLACEMENT_3D ( 'NONE', #1377, #786, #1361 ) ;
#494 = CARTESIAN_POINT ( 'NONE',  ( 146.9076687933296341, -294.4515463715513306, -189.2991663805057101 ) ) ;
#495 = FACE_OUTER_BOUND ( 'NONE', #111, .T. ) ;
#496 = VERTEX_POINT ( 'NONE', #332 ) ;
#497 = CARTESIAN_POINT ( 'NONE',  ( 157.6166234887656117, -312.9999999999999432, -65.00000000000000000 ) ) ;
#498 = ORIENTED_EDGE ( 'NONE', *, *, #947, .T. ) ;
#499 = PLANE ( 'NONE',  #1135 ) ;
#500 = LINE ( 'NONE', #394, #491 ) ;
#501 = CARTESIAN_POINT ( 'NONE',  ( 169.7409791417478573, -306.0000000000000568, -195.0000000000000000 ) ) ;
#502 = CARTESIAN_POINT ( 'NONE',  ( 196.6580753730930837, -320.0000000000000000, -70.00000000000000000 ) ) ;
#503 = ORIENTED_EDGE ( 'NONE', *, *, #1105, .F. ) ;
#504 = VERTEX_POINT ( 'NONE', #1152 ) ;
#505 = DIRECTION ( 'NONE',  ( 0.000000000000000000, 0.000000000000000000, 1.000000000000000000 ) ) ;
#506 = CARTESIAN_POINT ( 'NONE',  ( 0.000000000000000000, 14.99999999999999645, 20.00000000000000000 ) ) ;
#507 = DIRECTION ( 'NONE',  ( -1.000000000000000000, 0.000000000000000000, -0.000000000000000000 ) ) ;
#508 = VECTOR ( 'NONE', #168, 1000.000000000000000 ) ;
#509 = EDGE_LOOP ( 'NONE', ( #692, #109, #1028, #1351 ) ) ;
#510 = AXIS2_PLACEMENT_3D ( 'NONE', #501, #855, #1327 ) ;
#511 = VERTEX_POINT ( 'NONE', #533 ) ;
#512 = CARTESIAN_POINT ( 'NONE',  ( 0.000000000000000000, -9.799999999999998934, 13.00000000000000000 ) ) ;
#513 = AXIS2_PLACEMENT_3D ( 'NONE', #1328, #270, #1466 ) ;
#514 = DIRECTION ( 'NONE',  ( 0.000000000000000000, 0.000000000000000000, -1.000000000000000000 ) ) ;
#515 = ADVANCED_FACE ( 'NONE', ( #308 ), #1241, .F. ) ;
#516 = VECTOR ( 'NONE', #1030, 1000.000000000000000 ) ;
#517 = CARTESIAN_POINT ( 'NONE',  ( 4.000000000000000000, -9.799999999999998934, -13.00000000000000178 ) ) ;
#518 = DIRECTION ( 'NONE',  ( -1.000000000000000000, -0.000000000000000000, 0.000000000000000000 ) ) ;
#519 = AXIS2_PLACEMENT_3D ( 'NONE', #747, #1093, #291 ) ;
#520 = STYLED_ITEM ( 'NONE', ( #119 ), #1480 ) ;
#521 = EDGE_LOOP ( 'NONE', ( #1250, #912, #1153, #1000 ) ) ;
#522 = ORIENTED_EDGE ( 'NONE', *, *, #743, .F. ) ;
#523 = DIRECTION ( 'NONE',  ( 0.4999999999999948375, -0.8660254037844415942, 6.938893903907226800E-15 ) ) ;
#524 = CARTESIAN_POINT ( 'NONE',  ( 196.6580753730930837, -320.0000000000000000, -70.00000000000000000 ) ) ;
#525 = EDGE_CURVE ( 'NONE', #1227, #258, #62, .T. ) ;
#526 = DIRECTION ( 'NONE',  ( 0.000000000000000000, 8.350654685950118139E-17, 1.000000000000000000 ) ) ;
#527 = CARTESIAN_POINT ( 'NONE',  ( 183.4080753730939080, -316.0000000000002842, -169.9999999999999716 ) ) ;
#528 = ORIENTED_EDGE ( 'NONE', *, *, #525, .F. ) ;
#529 = ORIENTED_EDGE ( 'NONE', *, *, #271, .F. ) ;
#530 = CARTESIAN_POINT ( 'NONE',  ( 0.000000000000000000, -9.799999999999998934, 16.24999999999999645 ) ) ;
#531 = CYLINDRICAL_SURFACE ( 'NONE', #475, 3.250000000000002665 ) ;
#532 = DIRECTION ( 'NONE',  ( 0.000000000000000000, -1.000000000000000000, 0.000000000000000000 ) ) ;
#533 = CARTESIAN_POINT ( 'NONE',  ( 0.000000000000000000, 20.00000000000000355, -20.00000000000000000 ) ) ;
#534 = ORIENTED_EDGE ( 'NONE', *, *, #259, .T. ) ;
#535 = EDGE_LOOP ( 'NONE', ( #618, #834 ) ) ;
#536 = CARTESIAN_POINT ( 'NONE',  ( 0.000000000000000000, -9.799999999999998934, 13.00000000000000000 ) ) ;
#537 = ADVANCED_FACE ( 'NONE', ( #1190 ), #595, .T. ) ;
#538 = FACE_OUTER_BOUND ( 'NONE', #361, .T. ) ;
#539 = CYLINDRICAL_SURFACE ( 'NONE', #468, 40.00000000000000711 ) ;
#540 = DIRECTION ( 'NONE',  ( 0.4765338137716330635, -0.8253807769770454827, -0.3027574893029586489 ) ) ;
#541 = ORIENTED_EDGE ( 'NONE', *, *, #1066, .F. ) ;
#542 = AXIS2_PLACEMENT_3D ( 'NONE', #4, #479, #463 ) ;
#543 = CIRCLE ( 'NONE', #813, 3.250000000000001332 ) ;
#544 = ORIENTED_EDGE ( 'NONE', *, *, #947, .F. ) ;
#545 = DIRECTION ( 'NONE',  ( 1.000000000000000000, 0.000000000000000000, 0.000000000000000000 ) ) ;
#546 = AXIS2_PLACEMENT_3D ( 'NONE', #1024, #779, #92 ) ;
#547 = CARTESIAN_POINT ( 'NONE',  ( 4.000000000000000000, 0.000000000000000000, 0.000000000000000000 ) ) ;
#548 = DIRECTION ( 'NONE',  ( 0.4999999999999949485, -0.8660254037844415942, -5.290906601729262427E-15 ) ) ;
#549 = ADVANCED_FACE ( 'NONE', ( #1050 ), #459, .T. ) ;
#550 = ORIENTED_EDGE ( 'NONE', *, *, #789, .T. ) ;
#551 = EDGE_LOOP ( 'NONE', ( #651, #503, #1488, #1122 ) ) ;
#552 = EDGE_CURVE ( 'NONE', #1473, #1059, #1397, .T. ) ;
#553 = CARTESIAN_POINT ( 'NONE',  ( 169.7409791417478857, -316.0000000000000568, -195.0000000000000000 ) ) ;
#554 = DIRECTION ( 'NONE',  ( 1.387778780781445478E-15, -1.000000000000000000, 0.000000000000000000 ) ) ;
#555 = CARTESIAN_POINT ( 'NONE',  ( 0.000000000000000000, 15.00000000000000000, -25.00000000000000000 ) ) ;
#556 = ORIENTED_EDGE ( 'NONE', *, *, #873, .T. ) ;
#557 = EDGE_CURVE ( 'NONE', #1473, #735, #604, .T. ) ;
#558 = ORIENTED_EDGE ( 'NONE', *, *, #285, .T. ) ;
#559 = FILL_AREA_STYLE_COLOUR ( '', #1282 ) ;
#560 = CIRCLE ( 'NONE', #1448, 3.249999999999999556 ) ;
#561 = CARTESIAN_POINT ( 'NONE',  ( 157.6166234887656969, -312.9999999999999432, -195.0000000000000000 ) ) ;
#562 = AXIS2_PLACEMENT_3D ( 'NONE', #453, #662, #1018 ) ;
#563 = PLANE ( 'NONE',  #615 ) ;
#564 = DIRECTION ( 'NONE',  ( 1.000000000000000000, -0.000000000000000000, 0.000000000000000000 ) ) ;
#565 = EDGE_CURVE ( 'NONE', #750, #1300, #135, .T. ) ;
#566 = ORIENTED_EDGE ( 'NONE', *, *, #663, .F. ) ;
#567 = VECTOR ( 'NONE', #202, 1000.000000000000000 ) ;
#568 = VERTEX_POINT ( 'NONE', #1302 ) ;
#569 = SURFACE_SIDE_STYLE ('',( #112 ) ) ;
#570 = CIRCLE ( 'NONE', #352, 3.249999999999999556 ) ;
#571 = CYLINDRICAL_SURFACE ( 'NONE', #810, 3.249999999999999556 ) ;
#572 = VECTOR ( 'NONE', #344, 999.9999999999998863 ) ;
#573 = DIRECTION ( 'NONE',  ( 0.000000000000000000, 0.000000000000000000, -1.000000000000000000 ) ) ;
#574 = ADVANCED_FACE ( 'NONE', ( #1295 ), #1413, .F. ) ;
#575 = LINE ( 'NONE', #354, #319 ) ;
#576 = ORIENTED_EDGE ( 'NONE', *, *, #462, .F. ) ;
#577 = CARTESIAN_POINT ( 'NONE',  ( 189.9080753730930837, -320.0000000000002842, -90.00000000000000000 ) ) ;
#578 = DIRECTION ( 'NONE',  ( 0.000000000000000000, 0.000000000000000000, -1.000000000000000000 ) ) ;
#579 = ADVANCED_FACE ( 'NONE', ( #1070 ), #586, .T. ) ;
#580 = DIRECTION ( 'NONE',  ( 0.000000000000000000, 0.000000000000000000, -1.000000000000000000 ) ) ;
#581 = ORIENTED_EDGE ( 'NONE', *, *, #1407, .F. ) ;
#582 = DIRECTION ( 'NONE',  ( 0.000000000000000000, 0.000000000000000000, -1.000000000000000000 ) ) ;
#583 = DIRECTION ( 'NONE',  ( 0.000000000000000000, -1.000000000000000000, 0.000000000000000000 ) ) ;
#584 = CIRCLE ( 'NONE', #203, 3.250000000000002665 ) ;
#585 = ADVANCED_FACE ( 'NONE', ( #689 ), #1180, .F. ) ;
#586 = PLANE ( 'NONE',  #418 ) ;
#587 = AXIS2_PLACEMENT_3D ( 'NONE', #866, #526, #749 ) ;
#588 = CYLINDRICAL_SURFACE ( 'NONE', #1247, 40.00000000000000711 ) ;
#589 = VECTOR ( 'NONE', #1143, 1000.000000000000000 ) ;
#590 = ORIENTED_EDGE ( 'NONE', *, *, #285, .F. ) ;
#591 = CARTESIAN_POINT ( 'NONE',  ( 201.6580753730930837, -320.0000000000000000, -190.0000000000000000 ) ) ;
#592 = ORIENTED_EDGE ( 'NONE', *, *, #1154, .F. ) ;
#593 = AXIS2_PLACEMENT_3D ( 'NONE', #311, #432, #328 ) ;
#594 = DIRECTION ( 'NONE',  ( 0.000000000000000000, 0.000000000000000000, -1.000000000000000000 ) ) ;
#595 = PLANE ( 'NONE',  #617 ) ;
#596 = CIRCLE ( 'NONE', #1458, 40.00000000000000000 ) ;
#597 = DIRECTION ( 'NONE',  ( 0.000000000000000000, 0.000000000000000000, 1.000000000000000000 ) ) ;
#598 = EDGE_CURVE ( 'NONE', #258, #1227, #1013, .T. ) ;
#599 = ORIENTED_EDGE ( 'NONE', *, *, #1387, .T. ) ;
#600 = PRODUCT_DEFINITION_CONTEXT ( 'detailed design', #1010, 'design' ) ;
#601 = ADVANCED_FACE ( 'NONE', ( #951 ), #1405, .F. ) ;
#602 = VERTEX_POINT ( 'NONE', #126 ) ;
#603 = CARTESIAN_POINT ( 'NONE',  ( 196.6580753730930837, -320.0000000000000000, -195.0000000000000000 ) ) ;
#604 = LINE ( 'NONE', #829, #1453 ) ;
#605 = DIRECTION ( 'NONE',  ( 0.000000000000000000, 0.000000000000000000, -1.000000000000000000 ) ) ;
#606 = VERTEX_POINT ( 'NONE', #944 ) ;
#607 = EDGE_CURVE ( 'NONE', #1237, #682, #29, .T. ) ;
#608 = ORIENTED_EDGE ( 'NONE', *, *, #1112, .T. ) ;
#609 = CARTESIAN_POINT ( 'NONE',  ( 1.875644347017802582, -43.24871130596426383, -24.99999999999999289 ) ) ;
#610 = FACE_OUTER_BOUND ( 'NONE', #1275, .T. ) ;
#611 = CIRCLE ( 'NONE', #465, 3.250000000000002665 ) ;
#612 = DIRECTION ( 'NONE',  ( -0.000000000000000000, -0.000000000000000000, -1.000000000000000000 ) ) ;
#613 = ADVANCED_FACE ( 'NONE', ( #143 ), #474, .T. ) ;
#614 = ORIENTED_EDGE ( 'NONE', *, *, #392, .F. ) ;
#615 = AXIS2_PLACEMENT_3D ( 'NONE', #1356, #1125, #85 ) ;
#616 = DIRECTION ( 'NONE',  ( 0.4999999999999949485, -0.8660254037844415942, 0.000000000000000000 ) ) ;
#617 = AXIS2_PLACEMENT_3D ( 'NONE', #365, #696, #358 ) ;
#618 = ORIENTED_EDGE ( 'NONE', *, *, #1105, .T. ) ;
#619 = FACE_OUTER_BOUND ( 'NONE', #1333, .T. ) ;
#620 = CIRCLE ( 'NONE', #1058, 40.00000000000000711 ) ;
#621 = DIRECTION ( 'NONE',  ( 0.000000000000000000, 0.000000000000000000, -1.000000000000000000 ) ) ;
#622 = AXIS2_PLACEMENT_3D ( 'NONE', #356, #1053, #1156 ) ;
#623 = CARTESIAN_POINT ( 'NONE',  ( 12.95482202440551056, -62.43840994928298471, 23.12270510173104654 ) ) ;
#624 = VECTOR ( 'NONE', #1301, 1000.000000000000000 ) ;
#625 = ORIENTED_EDGE ( 'NONE', *, *, #1420, .T. ) ;
#626 = CARTESIAN_POINT ( 'NONE',  ( 0.000000000000000000, 0.000000000000000000, 0.000000000000000000 ) ) ;
#627 = ORIENTED_EDGE ( 'NONE', *, *, #345, .F. ) ;
#628 = DIRECTION ( 'NONE',  ( 0.4999999999999949485, -0.8660254037844414832, 0.000000000000000000 ) ) ;
#629 = LINE ( 'NONE', #1449, #668 ) ;
#630 = DIRECTION ( 'NONE',  ( 1.387778780781445478E-15, -1.000000000000000000, 0.000000000000000000 ) ) ;
#631 = ORIENTED_EDGE ( 'NONE', *, *, #137, .T. ) ;
#632 = ORIENTED_EDGE ( 'NONE', *, *, #1222, .T. ) ;
#633 = EDGE_CURVE ( 'NONE', #1032, #511, #1172, .T. ) ;
#634 = FACE_BOUND ( 'NONE', #81, .T. ) ;
#635 = DIRECTION ( 'NONE',  ( 0.8660254037844417052, 0.4999999999999950040, -0.000000000000000000 ) ) ;
#636 = FACE_BOUND ( 'NONE', #1392, .T. ) ;
#637 = VERTEX_POINT ( 'NONE', #929 ) ;
#638 = ORIENTED_EDGE ( 'NONE', *, *, #1220, .F. ) ;
#639 = CARTESIAN_POINT ( 'NONE',  ( 157.6166234887656969, -312.9999999999999432, -195.0000000000000000 ) ) ;
#640 = AXIS2_PLACEMENT_3D ( 'NONE', #655, #86, #922 ) ;
#641 = DIRECTION ( 'NONE',  ( 0.000000000000000000, 0.000000000000000000, -1.000000000000000000 ) ) ;
#642 = VECTOR ( 'NONE', #1251, 1000.000000000000000 ) ;
#643 = DIRECTION ( 'NONE',  ( -0.4287395797563166022, 0.7425987353536797064, 0.5145186983983115470 ) ) ;
#644 = CARTESIAN_POINT ( 'NONE',  ( 169.7409791417478573, -306.0000000000000568, -195.0000000000000000 ) ) ;
#645 = ORIENTED_EDGE ( 'NONE', *, *, #873, .F. ) ;
#646 = AXIS2_PLACEMENT_3D ( 'NONE', #307, #767, #899 ) ;
#647 = ORIENTED_EDGE ( 'NONE', *, *, #746, .T. ) ;
#648 = CARTESIAN_POINT ( 'NONE',  ( 154.7584031347466009, -308.0494171276114344, -65.00000000000000000 ) ) ;
#649 = CARTESIAN_POINT ( 'NONE',  ( 7.924134226934991254, -45.72500308704707095, -65.00000000000000000 ) ) ;
#650 = DIRECTION ( 'NONE',  ( 1.000000000000000000, -0.000000000000000000, 0.000000000000000000 ) ) ;
#651 = ORIENTED_EDGE ( 'NONE', *, *, #1226, .F. ) ;
#652 = ORIENTED_EDGE ( 'NONE', *, *, #293, .T. ) ;
#653 = DIRECTION ( 'NONE',  ( 1.387778780781445478E-15, -1.000000000000000000, 0.000000000000000000 ) ) ;
#654 = DIRECTION ( 'NONE',  ( -0.4287395797563166022, 0.7425987353536797064, 0.5145186983983115470 ) ) ;
#655 = CARTESIAN_POINT ( 'NONE',  ( -13.85640646055089675, -7.999999999999821476, -195.0000000000000000 ) ) ;
#656 = ORIENTED_EDGE ( 'NONE', *, *, #317, .F. ) ;
#657 = ORIENTED_EDGE ( 'NONE', *, *, #1066, .T. ) ;
#658 = CARTESIAN_POINT ( 'NONE',  ( 0.000000000000000000, 9.800000000000002487, -9.749999999999996447 ) ) ;
#659 = AXIS2_PLACEMENT_3D ( 'NONE', #1039, #1364, #890 ) ;
#660 = DIRECTION ( 'NONE',  ( -0.8660254037844415942, -0.4999999999999949485, 0.000000000000000000 ) ) ;
#661 = CARTESIAN_POINT ( 'NONE',  ( 4.000000000000000000, 9.800000000000002487, -9.749999999999996447 ) ) ;
#662 = DIRECTION ( 'NONE',  ( 0.000000000000000000, -0.000000000000000000, 1.000000000000000000 ) ) ;
#663 = EDGE_CURVE ( 'NONE', #884, #602, #132, .T. ) ;
#664 = VERTEX_POINT ( 'NONE', #848 ) ;
#665 = VECTOR ( 'NONE', #1141, 1000.000000000000000 ) ;
#666 = ORIENTED_EDGE ( 'NONE', *, *, #405, .T. ) ;
#667 = DIRECTION ( 'NONE',  ( 0.8660254037844417052, 0.4999999999999950040, -0.000000000000000000 ) ) ;
#668 = VECTOR ( 'NONE', #1094, 1000.000000000000114 ) ;
#669 = DIRECTION ( 'NONE',  ( 1.000000000000000000, 0.000000000000000000, 0.000000000000000000 ) ) ;
#670 = CARTESIAN_POINT ( 'NONE',  ( 160.6621443764335879, -310.2749969129530427, -155.0000000000000000 ) ) ;
#671 = EDGE_CURVE ( 'NONE', #1027, #568, #982, .T. ) ;
#672 = DIRECTION ( 'NONE',  ( 0.8660254037844417052, 0.4999999999999950040, -0.000000000000000000 ) ) ;
#673 = ORIENTED_EDGE ( 'NONE', *, *, #421, .F. ) ;
#674 = EDGE_LOOP ( 'NONE', ( #1360, #948, #1410, #272 ) ) ;
#675 = LINE ( 'NONE', #1073, #115 ) ;
#676 = ADVANCED_FACE ( 'NONE', ( #1459 ), #71, .T. ) ;
#677 = FACE_BOUND ( 'NONE', #924, .T. ) ;
#678 = EDGE_CURVE ( 'NONE', #1032, #193, #1200, .T. ) ;
#679 = ORIENTED_EDGE ( 'NONE', *, *, #1257, .F. ) ;
#680 = CARTESIAN_POINT ( 'NONE',  ( -17.32050807568866091, -9.999999999999801048, -195.0000000000000000 ) ) ;
#681 = LINE ( 'NONE', #555, #1329 ) ;
#682 = VERTEX_POINT ( 'NONE', #1325 ) ;
#683 = ORIENTED_EDGE ( 'NONE', *, *, #388, .F. ) ;
#684 = PLANE ( 'NONE',  #91 ) ;
#685 = CARTESIAN_POINT ( 'NONE',  ( 18.21450819490114270, -63.54845362844881151, -30.70083361949430056 ) ) ;
#686 = EDGE_CURVE ( 'NONE', #483, #118, #500, .T. ) ;
#687 = AXIS2_PLACEMENT_3D ( 'NONE', #107, #532, #1005 ) ;
#688 = ORIENTED_EDGE ( 'NONE', *, *, #552, .F. ) ;
#689 = FACE_OUTER_BOUND ( 'NONE', #777, .T. ) ;
#690 = DIRECTION ( 'NONE',  ( 1.387778780781445478E-15, -1.000000000000000000, 0.000000000000000000 ) ) ;
#691 = CIRCLE ( 'NONE', #1477, 5.000000000000004441 ) ;
#692 = ORIENTED_EDGE ( 'NONE', *, *, #177, .F. ) ;
#693 = DIRECTION ( 'NONE',  ( -1.000000000000000000, -0.000000000000000000, 0.000000000000000000 ) ) ;
#694 = CARTESIAN_POINT ( 'NONE',  ( 186.6580753730939364, -320.0000000000002842, -169.9999999999999716 ) ) ;
#695 = EDGE_CURVE ( 'NONE', #1313, #1462, #862, .T. ) ;
#696 = DIRECTION ( 'NONE',  ( 4.821252730842840734E-17, -8.350654685950118139E-17, -1.000000000000000000 ) ) ;
#697 = CARTESIAN_POINT ( 'NONE',  ( 0.000000000000000000, -9.799999999999998934, -13.00000000000000178 ) ) ;
#698 = ORIENTED_EDGE ( 'NONE', *, *, #31, .T. ) ;
#699 = EDGE_CURVE ( 'NONE', #776, #1128, #1400, .T. ) ;
#700 = CARTESIAN_POINT ( 'NONE',  ( 157.6166234887656117, -312.9999999999999432, -65.00000000000000000 ) ) ;
#701 = FACE_OUTER_BOUND ( 'NONE', #75, .T. ) ;
#702 = DIRECTION ( 'NONE',  ( 0.000000000000000000, -1.000000000000000000, 0.000000000000000000 ) ) ;
#703 = CARTESIAN_POINT ( 'NONE',  ( 169.7409791417478857, -320.0000000000000568, -65.00000000000000000 ) ) ;
#704 = ORIENTED_EDGE ( 'NONE', *, *, #19, .T. ) ;
#705 = DIRECTION ( 'NONE',  ( 1.000000000000000000, 1.387778780781445676E-15, 0.000000000000000000 ) ) ;
#706 = CARTESIAN_POINT ( 'NONE',  ( 157.6166234887656685, -312.9999999999999432, -195.0000000000000000 ) ) ;
#707 = DIRECTION ( 'NONE',  ( -0.8660254037844414832, -0.4999999999999948930, 0.000000000000000000 ) ) ;
#708 = EDGE_CURVE ( 'NONE', #1197, #1462, #1311, .T. ) ;
#709 = AXIS2_PLACEMENT_3D ( 'NONE', #644, #875, #1344 ) ;
#710 = CARTESIAN_POINT ( 'NONE',  ( 0.000000000000000000, 20.00000000000000000, 2.775557561562891351E-15 ) ) ;
#711 = ADVANCED_FACE ( 'NONE', ( #610 ), #1443, .T. ) ;
#712 = AXIS2_PLACEMENT_3D ( 'NONE', #816, #1288, #242 ) ;
#713 = ORIENTED_EDGE ( 'NONE', *, *, #822, .F. ) ;
#714 = VECTOR ( 'NONE', #1369, 1000.000000000000114 ) ;
#715 = CIRCLE ( 'NONE', #1501, 3.250000000000001332 ) ;
#716 = CARTESIAN_POINT ( 'NONE',  ( 5.339745962155600267, -41.24871130596431357, -195.0000000000000000 ) ) ;
#717 = CARTESIAN_POINT ( 'NONE',  ( 4.440892098500630201E-13, -320.0000000000002842, -65.00000000000000000 ) ) ;
#718 = EDGE_CURVE ( 'NONE', #1155, #744, #1209, .T. ) ;
#719 = FACE_BOUND ( 'NONE', #1432, .T. ) ;
#720 = ADVANCED_BREP_SHAPE_REPRESENTATION ( 'Bullseye_flange_L', ( #1480, #865 ), #448 ) ;
#721 = ORIENTED_EDGE ( 'NONE', *, *, #880, .F. ) ;
#722 = DIRECTION ( 'NONE',  ( 1.000000000000000000, 0.000000000000000000, 0.000000000000000000 ) ) ;
#723 = CARTESIAN_POINT ( 'NONE',  ( 169.7409791417478857, -320.0000000000000568, -195.0000000000000000 ) ) ;
#724 = EDGE_CURVE ( 'NONE', #759, #431, #1014, .T. ) ;
#725 = LINE ( 'NONE', #1452, #1492 ) ;
#726 = EDGE_CURVE ( 'NONE', #324, #1145, #1195, .T. ) ;
#727 = ORIENTED_EDGE ( 'NONE', *, *, #552, .T. ) ;
#728 = DIRECTION ( 'NONE',  ( 1.000000000000000000, 0.000000000000000000, 0.000000000000000000 ) ) ;
#729 = EDGE_LOOP ( 'NONE', ( #1385, #341 ) ) ;
#730 = DIRECTION ( 'NONE',  ( 1.000000000000000000, 0.000000000000000000, 0.000000000000000000 ) ) ;
#731 = EDGE_CURVE ( 'NONE', #1182, #227, #732, .T. ) ;
#732 = LINE ( 'NONE', #37, #16 ) ;
#733 = DIRECTION ( 'NONE',  ( 1.387778780781445478E-15, -1.000000000000000000, 0.000000000000000000 ) ) ;
#734 = DIRECTION ( 'NONE',  ( 1.000000000000000000, 0.000000000000000000, 0.000000000000000000 ) ) ;
#735 = VERTEX_POINT ( 'NONE', #494 ) ;
#736 = VECTOR ( 'NONE', #404, 1000.000000000000000 ) ;
#737 = ORIENTED_EDGE ( 'NONE', *, *, #1394, .T. ) ;
#738 = AXIS2_PLACEMENT_3D ( 'NONE', #59, #167, #276 ) ;
#739 = CARTESIAN_POINT ( 'NONE',  ( 0.000000000000000000, 9.800000000000002487, -13.00000000000000000 ) ) ;
#740 = VECTOR ( 'NONE', #125, 1000.000000000000000 ) ;
#741 = DIRECTION ( 'NONE',  ( 0.4999999999999949485, -0.8660254037844414832, 0.000000000000000000 ) ) ;
#742 = DIRECTION ( 'NONE',  ( -0.1513787446514777979, 0.2621956769223585670, -0.9530676275432761191 ) ) ;
#743 = EDGE_CURVE ( 'NONE', #1213, #637, #867, .T. ) ;
#744 = VERTEX_POINT ( 'NONE', #380 ) ;
#745 = ORIENTED_EDGE ( 'NONE', *, *, #1119, .F. ) ;
#746 = EDGE_CURVE ( 'NONE', #511, #316, #1355, .T. ) ;
#747 = CARTESIAN_POINT ( 'NONE',  ( 186.6580753730939364, -316.0000000000002842, -169.9999999999999716 ) ) ;
#748 = FACE_BOUND ( 'NONE', #729, .T. ) ;
#749 = DIRECTION ( 'NONE',  ( 0.000000000000000000, -1.000000000000000000, 8.350654685950118139E-17 ) ) ;
#750 = VERTEX_POINT ( 'NONE', #157 ) ;
#751 = EDGE_LOOP ( 'NONE', ( #1445, #201 ) ) ;
#752 = DIRECTION ( 'NONE',  ( 0.000000000000000000, 0.000000000000000000, -1.000000000000000000 ) ) ;
#753 = CARTESIAN_POINT ( 'NONE',  ( 14.00000000000000000, -36.24871130596434909, 25.00000000000002132 ) ) ;
#754 = FACE_OUTER_BOUND ( 'NONE', #67, .T. ) ;
#755 = EDGE_CURVE ( 'NONE', #232, #1145, #52, .T. ) ;
#756 = CARTESIAN_POINT ( 'NONE',  ( 186.6580753730939364, -320.0000000000002842, -169.9999999999999716 ) ) ;
#757 = ORIENTED_EDGE ( 'NONE', *, *, #671, .F. ) ;
#758 = AXIS2_PLACEMENT_3D ( 'NONE', #160, #960, #989 ) ;
#759 = VERTEX_POINT ( 'NONE', #292 ) ;
#760 = CYLINDRICAL_SURFACE ( 'NONE', #186, 3.250000000000002665 ) ;
#761 = DIRECTION ( 'NONE',  ( 0.000000000000000000, 0.000000000000000000, -1.000000000000000000 ) ) ;
#762 = CIRCLE ( 'NONE', #445, 10.00000000000000888 ) ;
#763 = LINE ( 'NONE', #221, #1374 ) ;
#764 = ORIENTED_EDGE ( 'NONE', *, *, #1096, .F. ) ;
#765 = EDGE_LOOP ( 'NONE', ( #34, #1162, #902, #522 ) ) ;
#766 = DIRECTION ( 'NONE',  ( 1.000000000000000000, -0.000000000000000000, 0.000000000000000000 ) ) ;
#767 = DIRECTION ( 'NONE',  ( -1.000000000000000000, -0.000000000000000000, 0.000000000000000000 ) ) ;
#768 = DIRECTION ( 'NONE',  ( -0.8660254037844417052, -0.4999999999999950040, 0.000000000000000000 ) ) ;
#769 = DIRECTION ( 'NONE',  ( -0.000000000000000000, 0.000000000000000000, -1.000000000000000000 ) ) ;
#770 = ORIENTED_EDGE ( 'NONE', *, *, #820, .T. ) ;
#771 = ORIENTED_EDGE ( 'NONE', *, *, #633, .T. ) ;
#772 = CARTESIAN_POINT ( 'NONE',  ( 186.6580753730935101, -320.0000000000002842, -130.0000000000000000 ) ) ;
#773 = LINE ( 'NONE', #329, #516 ) ;
#774 = DIRECTION ( 'NONE',  ( 0.4999999999999948375, -0.8660254037844415942, 0.000000000000000000 ) ) ;
#775 = LINE ( 'NONE', #1391, #928 ) ;
#776 = VERTEX_POINT ( 'NONE', #1342 ) ;
#777 = EDGE_LOOP ( 'NONE', ( #541, #1021, #1359, #1116 ) ) ;
#778 = CARTESIAN_POINT ( 'NONE',  ( 189.9080753730935101, -316.0000000000002842, -130.0000000000000000 ) ) ;
#779 = DIRECTION ( 'NONE',  ( 1.000000000000000000, -0.000000000000000000, 0.000000000000000000 ) ) ;
#780 = DIRECTION ( 'NONE',  ( 1.387778780781445478E-15, -1.000000000000000000, 0.000000000000000000 ) ) ;
#781 = CARTESIAN_POINT ( 'NONE',  ( 158.2225047498844219, -306.0494171276114344, -25.00000000000000000 ) ) ;
#782 = ORIENTED_EDGE ( 'NONE', *, *, #287, .F. ) ;
#783 = VECTOR ( 'NONE', #480, 1000.000000000000000 ) ;
#784 = EDGE_CURVE ( 'NONE', #483, #1441, #985, .T. ) ;
#785 = ORIENTED_EDGE ( 'NONE', *, *, #789, .F. ) ;
#786 = DIRECTION ( 'NONE',  ( 1.387778780781445478E-15, -1.000000000000000000, 0.000000000000000000 ) ) ;
#787 = VECTOR ( 'NONE', #654, 1000.000000000000000 ) ;
#788 = FACE_OUTER_BOUND ( 'NONE', #377, .T. ) ;
#789 = EDGE_CURVE ( 'NONE', #1461, #324, #629, .T. ) ;
#790 = EDGE_LOOP ( 'NONE', ( #249, #534, #1146, #239 ) ) ;
#791 = DIRECTION ( 'NONE',  ( 0.4999999999999949485, -0.8660254037844415942, 0.000000000000000000 ) ) ;
#792 = DIRECTION ( 'NONE',  ( 0.000000000000000000, 0.000000000000000000, -1.000000000000000000 ) ) ;
#793 = ORIENTED_EDGE ( 'NONE', *, *, #1220, .T. ) ;
#794 = ORIENTED_EDGE ( 'NONE', *, *, #293, .F. ) ;
#795 = ADVANCED_FACE ( 'NONE', ( #286, #748, #538, #677, #105 ), #1124, .T. ) ;
#796 = FILL_AREA_STYLE ('',( #559 ) ) ;
#797 = LINE ( 'NONE', #1294, #1230 ) ;
#798 = VERTEX_POINT ( 'NONE', #219 ) ;
#799 = DIRECTION ( 'NONE',  ( 1.387778780781445478E-15, -1.000000000000000000, 0.000000000000000000 ) ) ;
#800 = ORIENTED_EDGE ( 'NONE', *, *, #1434, .T. ) ;
#801 = CLOSED_SHELL ( 'NONE', ( #360, #1307, #858, #1144, #946, #1063, #1177, #407, #986, #212, #53, #1418, #438, #574, #613, #70, #413, #158, #537, #1379, #301, #127, #549, #711, #1216, #1440, #184, #299, #676, #585, #1427, #852, #1338, #476, #601, #1274, #1009, #1269, #15, #1147, #579, #828, #1357, #197, #795, #515, #208, #192 ) ) ;
#802 = ORIENTED_EDGE ( 'NONE', *, *, #999, .F. ) ;
#803 = DIRECTION ( 'NONE',  ( 1.387778780781445478E-15, -1.000000000000000000, 0.000000000000000000 ) ) ;
#804 = CARTESIAN_POINT ( 'NONE',  ( 0.000000000000000000, -9.799999999999998934, -9.750000000000001776 ) ) ;
#805 = VECTOR ( 'NONE', #263, 1000.000000000000114 ) ;
#806 = AXIS2_PLACEMENT_3D ( 'NONE', #108, #769, #1264 ) ;
#807 = DIRECTION ( 'NONE',  ( 0.000000000000000000, 0.000000000000000000, -1.000000000000000000 ) ) ;
#808 = EDGE_CURVE ( 'NONE', #798, #1266, #1188, .T. ) ;
#809 = DIRECTION ( 'NONE',  ( 0.000000000000000000, -1.000000000000000000, 0.000000000000000000 ) ) ;
#810 = AXIS2_PLACEMENT_3D ( 'NONE', #1158, #1045, #1509 ) ;
#811 = ORIENTED_EDGE ( 'NONE', *, *, #1450, .T. ) ;
#812 = DIRECTION ( 'NONE',  ( 1.000000000000000000, -0.000000000000000000, 0.000000000000000000 ) ) ;
#813 = AXIS2_PLACEMENT_3D ( 'NONE', #1083, #728, #43 ) ;
#814 = VECTOR ( 'NONE', #927, 1000.000000000000000 ) ;
#815 = CARTESIAN_POINT ( 'NONE',  ( 186.6580753730939364, -320.0000000000002842, -169.9999999999999716 ) ) ;
#816 = CARTESIAN_POINT ( 'NONE',  ( 0.000000000000000000, 9.800000000000002487, -13.00000000000000000 ) ) ;
#817 = DIRECTION ( 'NONE',  ( 0.000000000000000000, -1.000000000000000000, 0.000000000000000000 ) ) ;
#818 = ORIENTED_EDGE ( 'NONE', *, *, #150, .F. ) ;
#819 = FACE_OUTER_BOUND ( 'NONE', #1099, .T. ) ;
#820 = EDGE_CURVE ( 'NONE', #102, #431, #1362, .T. ) ;
#821 = DIRECTION ( 'NONE',  ( 0.000000000000000000, -1.000000000000000000, 0.000000000000000000 ) ) ;
#822 = EDGE_CURVE ( 'NONE', #918, #1376, #433, .T. ) ;
#823 = CARTESIAN_POINT ( 'NONE',  ( 157.1980427612958238, -312.2749969129530427, -155.0000000000000000 ) ) ;
#824 = CARTESIAN_POINT ( 'NONE',  ( 189.9080753730939364, -316.0000000000002842, -169.9999999999999716 ) ) ;
#825 = EDGE_LOOP ( 'NONE', ( #397, #1339, #430, #1386, #318, #460, #558, #355, #1020, #1496, #614, #957 ) ) ;
#826 = LINE ( 'NONE', #591, #374 ) ;
#827 = DIRECTION ( 'NONE',  ( 0.000000000000000000, 0.000000000000000000, -1.000000000000000000 ) ) ;
#828 = ADVANCED_FACE ( 'NONE', ( #78 ), #1036, .T. ) ;
#829 = CARTESIAN_POINT ( 'NONE',  ( 146.9076687933296341, -294.4515463715513306, -189.2991663805057101 ) ) ;
#830 = VECTOR ( 'NONE', #969, 999.9999999999998863 ) ;
#831 = FACE_BOUND ( 'NONE', #882, .T. ) ;
#832 = CIRCLE ( 'NONE', #1181, 39.99999999999999289 ) ;
#833 = VECTOR ( 'NONE', #1101, 1000.000000000000114 ) ;
#834 = ORIENTED_EDGE ( 'NONE', *, *, #663, .T. ) ;
#835 = AXIS2_PLACEMENT_3D ( 'NONE', #1457, #1214, #847 ) ;
#836 = ORIENTED_EDGE ( 'NONE', *, *, #1231, .T. ) ;
#837 = EDGE_CURVE ( 'NONE', #483, #1145, #773, .T. ) ;
#838 = AXIS2_PLACEMENT_3D ( 'NONE', #10, #233, #705 ) ;
#839 = FACE_OUTER_BOUND ( 'NONE', #1506, .T. ) ;
#840 = DIRECTION ( 'NONE',  ( -0.4287395797563166022, 0.7425987353536797064, 0.5145186983983115470 ) ) ;
#841 = CIRCLE ( 'NONE', #646, 3.249999999999997780 ) ;
#842 = PRODUCT_DEFINITION ( 'UNKNOWN', '', #68, #600 ) ;
#843 = CARTESIAN_POINT ( 'NONE',  ( 169.7409791417478573, -306.0000000000000568, -65.00000000000000000 ) ) ;
#844 = ORIENTED_EDGE ( 'NONE', *, *, #845, .T. ) ;
#845 = EDGE_CURVE ( 'NONE', #316, #496, #888, .T. ) ;
#846 = ORIENTED_EDGE ( 'NONE', *, *, #312, .F. ) ;
#847 = DIRECTION ( 'NONE',  ( 0.000000000000000000, 0.000000000000000000, 1.000000000000000000 ) ) ;
#848 = CARTESIAN_POINT ( 'NONE',  ( 161.0807251039034895, -311.0000000000000568, -195.0000000000000000 ) ) ;
#849 = DIRECTION ( 'NONE',  ( 1.000000000000000000, 1.387778780781445478E-15, 0.000000000000000000 ) ) ;
#850 = EDGE_LOOP ( 'NONE', ( #423, #528, #1150, #1192 ) ) ;
#851 = ORIENTED_EDGE ( 'NONE', *, *, #1085, .F. ) ;
#852 = ADVANCED_FACE ( 'NONE', ( #426 ), #190, .F. ) ;
#853 = CARTESIAN_POINT ( 'NONE',  ( 0.000000000000000000, 9.799999999999998934, 9.750000000000001776 ) ) ;
#854 = CARTESIAN_POINT ( 'NONE',  ( -17.32050807568866091, -9.999999999999801048, -195.0000000000000000 ) ) ;
#855 = DIRECTION ( 'NONE',  ( 0.000000000000000000, 0.000000000000000000, 1.000000000000000000 ) ) ;
#856 = CARTESIAN_POINT ( 'NONE',  ( 0.000000000000000000, -9.799999999999998934, 9.750000000000001776 ) ) ;
#857 = CIRCLE ( 'NONE', #904, 10.00000000000000888 ) ;
#858 = ADVANCED_FACE ( 'NONE', ( #1479 ), #531, .F. ) ;
#859 = VERTEX_POINT ( 'NONE', #213 ) ;
#860 = AXIS2_PLACEMENT_3D ( 'NONE', #346, #116, #573 ) ;
#861 = VERTEX_POINT ( 'NONE', #894 ) ;
#862 = CIRCLE ( 'NONE', #1304, 39.99999999999999289 ) ;
#863 = DIRECTION ( 'NONE',  ( 0.000000000000000000, 0.000000000000000000, -1.000000000000000000 ) ) ;
#864 = CARTESIAN_POINT ( 'NONE',  ( 4.000000000000000000, -9.799999999999998934, 13.00000000000000000 ) ) ;
#865 = AXIS2_PLACEMENT_3D ( 'NONE', #626, #250, #26 ) ;
#866 = CARTESIAN_POINT ( 'NONE',  ( 0.000000000000000000, -2.087663671487529584E-15, -25.00000000000000000 ) ) ;
#867 = CIRCLE ( 'NONE', #134, 5.000000000000000888 ) ;
#868 = ORIENTED_EDGE ( 'NONE', *, *, #981, .T. ) ;
#869 = ORIENTED_EDGE ( 'NONE', *, *, #456, .F. ) ;
#870 = DIRECTION ( 'NONE',  ( 1.000000000000000000, 0.000000000000000000, 0.000000000000000000 ) ) ;
#871 = EDGE_CURVE ( 'NONE', #1461, #1059, #596, .T. ) ;
#872 = CARTESIAN_POINT ( 'NONE',  ( 0.000000000000000000, 15.00000000000000000, -20.00000000000000000 ) ) ;
#873 = EDGE_CURVE ( 'NONE', #664, #1212, #313, .T. ) ;
#874 = FACE_OUTER_BOUND ( 'NONE', #1414, .T. ) ;
#875 = DIRECTION ( 'NONE',  ( -0.000000000000000000, -0.000000000000000000, 1.000000000000000000 ) ) ;
#876 = ORIENTED_EDGE ( 'NONE', *, *, #784, .T. ) ;
#877 = ORIENTED_EDGE ( 'NONE', *, *, #935, .T. ) ;
#878 = LINE ( 'NONE', #1490, #161 ) ;
#879 = DIRECTION ( 'NONE',  ( 0.000000000000000000, 0.000000000000000000, -1.000000000000000000 ) ) ;
#880 = EDGE_CURVE ( 'NONE', #227, #118, #417, .T. ) ;
#881 = FACE_OUTER_BOUND ( 'NONE', #1456, .T. ) ;
#882 = EDGE_LOOP ( 'NONE', ( #1393, #1321 ) ) ;
#883 = CIRCLE ( 'NONE', #687, 3.250000000000002665 ) ;
#884 = VERTEX_POINT ( 'NONE', #1354 ) ;
#885 = FACE_OUTER_BOUND ( 'NONE', #790, .T. ) ;
#886 = PRODUCT ( 'Bullseye_flange_L', 'Bullseye_flange_L', '', ( #1331 ) ) ;
#887 = EDGE_CURVE ( 'NONE', #1128, #776, #841, .T. ) ;
#888 = LINE ( 'NONE', #1261, #214 ) ;
#889 = VECTOR ( 'NONE', #1108, 1000.000000000000000 ) ;
#890 = DIRECTION ( 'NONE',  ( 0.000000000000000000, 0.000000000000000000, -1.000000000000000000 ) ) ;
#891 = ORIENTED_EDGE ( 'NONE', *, *, #165, .F. ) ;
#892 = ORIENTED_EDGE ( 'NONE', *, *, #1387, .F. ) ;
#893 = CARTESIAN_POINT ( 'NONE',  ( 189.9080753730935101, -320.0000000000002842, -130.0000000000000000 ) ) ;
#894 = CARTESIAN_POINT ( 'NONE',  ( 4.000000000000000000, 9.800000000000002487, -16.25000000000000000 ) ) ;
#895 = FACE_OUTER_BOUND ( 'NONE', #89, .T. ) ;
#896 = EDGE_LOOP ( 'NONE', ( #1191, #63, #631, #334 ) ) ;
#897 = ORIENTED_EDGE ( 'NONE', *, *, #1126, .F. ) ;
#898 = PLANE ( 'NONE',  #593 ) ;
#899 = DIRECTION ( 'NONE',  ( 0.000000000000000000, 0.000000000000000000, 1.000000000000000000 ) ) ;
#900 = CARTESIAN_POINT ( 'NONE',  ( 0.000000000000000000, 9.800000000000002487, -13.00000000000000000 ) ) ;
#901 = EDGE_CURVE ( 'NONE', #139, #1197, #1134, .T. ) ;
#902 = ORIENTED_EDGE ( 'NONE', *, *, #421, .T. ) ;
#903 = EDGE_LOOP ( 'NONE', ( #737, #106 ) ) ;
#904 = AXIS2_PLACEMENT_3D ( 'NONE', #843, #612, #996 ) ;
#905 = DIRECTION ( 'NONE',  ( 1.000000000000000000, 0.000000000000000000, 0.000000000000000000 ) ) ;
#906 = CARTESIAN_POINT ( 'NONE',  ( 154.7584031347466009, -308.0494171276114344, -65.00000000000000000 ) ) ;
#907 = AXIS2_PLACEMENT_3D ( 'NONE', #1279, #1064, #1421 ) ;
#908 = CARTESIAN_POINT ( 'NONE',  ( 157.1980427612958238, -312.2749969129530427, -155.0000000000000000 ) ) ;
#909 = AXIS2_PLACEMENT_3D ( 'NONE', #950, #965, #1323 ) ;
#910 = ORIENTED_EDGE ( 'NONE', *, *, #1434, .F. ) ;
#911 = VECTOR ( 'NONE', #505, 1000.000000000000000 ) ;
#912 = ORIENTED_EDGE ( 'NONE', *, *, #981, .F. ) ;
#913 = DIRECTION ( 'NONE',  ( 0.000000000000000000, 0.000000000000000000, 1.000000000000000000 ) ) ;
#914 = CARTESIAN_POINT ( 'NONE',  ( 14.75040657976335190, -65.54845362844878309, -30.70083361949430767 ) ) ;
#915 = ORIENTED_EDGE ( 'NONE', *, *, #565, .T. ) ;
#916 = PLANE ( 'NONE',  #562 ) ;
#917 = ORIENTED_EDGE ( 'NONE', *, *, #1222, .F. ) ;
#918 = VERTEX_POINT ( 'NONE', #99 ) ;
#919 = DIRECTION ( 'NONE',  ( 0.000000000000000000, 0.000000000000000000, -1.000000000000000000 ) ) ;
#920 = PRODUCT_DEFINITION_SHAPE ( 'NONE', 'NONE',  #842 ) ;
#921 = DIRECTION ( 'NONE',  ( 1.387778780781445478E-15, -1.000000000000000000, 0.000000000000000000 ) ) ;
#922 = DIRECTION ( 'NONE',  ( 0.4999999999999949485, -0.8660254037844415942, 0.000000000000000000 ) ) ;
#923 = DIRECTION ( 'NONE',  ( -0.8660254037844414832, -0.4999999999999948930, 0.000000000000000000 ) ) ;
#924 = EDGE_LOOP ( 'NONE', ( #757, #983 ) ) ;
#925 = DIRECTION ( 'NONE',  ( 0.000000000000000000, -0.000000000000000000, -1.000000000000000000 ) ) ;
#926 = CIRCLE ( 'NONE', #1424, 5.000000000000000888 ) ;
#927 = DIRECTION ( 'NONE',  ( -0.000000000000000000, -0.000000000000000000, -1.000000000000000000 ) ) ;
#928 = VECTOR ( 'NONE', #650, 1000.000000000000000 ) ;
#929 = CARTESIAN_POINT ( 'NONE',  ( 0.000000000000000000, 19.99999999999999645, 20.00000000000000000 ) ) ;
#930 = FACE_OUTER_BOUND ( 'NONE', #509, .T. ) ;
#931 = AXIS2_PLACEMENT_3D ( 'NONE', #245, #1148, #1035 ) ;
#932 = ORIENTED_EDGE ( 'NONE', *, *, #312, .T. ) ;
#933 = FACE_OUTER_BOUND ( 'NONE', #1074, .T. ) ;
#934 = CIRCLE ( 'NONE', #1207, 40.00000000000000000 ) ;
#935 = EDGE_CURVE ( 'NONE', #446, #1313, #441, .T. ) ;
#936 = VECTOR ( 'NONE', #300, 999.9999999999998863 ) ;
#937 = DIRECTION ( 'NONE',  ( 0.4999999999999948375, -0.8660254037844415942, 0.000000000000000000 ) ) ;
#938 = CARTESIAN_POINT ( 'NONE',  ( 0.000000000000000000, -9.799999999999998934, -16.25000000000000000 ) ) ;
#939 = DIRECTION ( 'NONE',  ( 1.000000000000000000, 0.000000000000000000, 0.000000000000000000 ) ) ;
#940 = ORIENTED_EDGE ( 'NONE', *, *, #144, .F. ) ;
#941 = EDGE_CURVE ( 'NONE', #735, #342, #1381, .T. ) ;
#942 = CARTESIAN_POINT ( 'NONE',  ( 201.6580753730930837, -316.0000000000000000, -195.0000000000000000 ) ) ;
#943 = CYLINDRICAL_SURFACE ( 'NONE', #1044, 39.99999999999999289 ) ;
#944 = CARTESIAN_POINT ( 'NONE',  ( 4.000000000000000000, 9.799999999999998934, 16.24999999999999645 ) ) ;
#945 = PLANE ( 'NONE',  #1297 ) ;
#946 = ADVANCED_FACE ( 'NONE', ( #788 ), #1165, .F. ) ;
#947 = EDGE_CURVE ( 'NONE', #1059, #342, #120, .T. ) ;
#948 = ORIENTED_EDGE ( 'NONE', *, *, #678, .T. ) ;
#949 = ORIENTED_EDGE ( 'NONE', *, *, #784, .F. ) ;
#950 = CARTESIAN_POINT ( 'NONE',  ( 0.000000000000000000, 9.799999999999998934, 13.00000000000000000 ) ) ;
#951 = FACE_OUTER_BOUND ( 'NONE', #1236, .T. ) ;
#952 = CIRCLE ( 'NONE', #1129, 39.99999999999999289 ) ;
#953 = DIRECTION ( 'NONE',  ( 0.000000000000000000, -1.000000000000000000, 0.000000000000000000 ) ) ;
#954 = EDGE_CURVE ( 'NONE', #431, #759, #1114, .T. ) ;
#955 = EDGE_LOOP ( 'NONE', ( #844, #836, #1038, #1185, #370, #647 ) ) ;
#956 =( LENGTH_UNIT ( ) NAMED_UNIT ( * ) SI_UNIT ( .MILLI., .METRE. ) );
#957 = ORIENTED_EDGE ( 'NONE', *, *, #1025, .T. ) ;
#958 = FACE_BOUND ( 'NONE', #1475, .T. ) ;
#959 = DIRECTION ( 'NONE',  ( 0.000000000000000000, -0.000000000000000000, -1.000000000000000000 ) ) ;
#960 = DIRECTION ( 'NONE',  ( 0.000000000000000000, 0.000000000000000000, 1.000000000000000000 ) ) ;
#961 = EDGE_CURVE ( 'NONE', #55, #366, #1389, .T. ) ;
#962 = ORIENTED_EDGE ( 'NONE', *, *, #1002, .F. ) ;
#963 = CARTESIAN_POINT ( 'NONE',  ( 0.000000000000000000, -9.799999999999998934, -9.750000000000001776 ) ) ;
#964 = EDGE_LOOP ( 'NONE', ( #170, #274, #704, #1033 ) ) ;
#965 = DIRECTION ( 'NONE',  ( 1.000000000000000000, -0.000000000000000000, 0.000000000000000000 ) ) ;
#966 = DIRECTION ( 'NONE',  ( -1.000000000000000000, -0.000000000000000000, 0.000000000000000000 ) ) ;
#967 = EDGE_CURVE ( 'NONE', #1072, #970, #141, .T. ) ;
#968 = CARTESIAN_POINT ( 'NONE',  ( 4.000000000000000000, 15.00000000000000000, -25.00000000000000000 ) ) ;
#969 = DIRECTION ( 'NONE',  ( 0.4999999999999949485, -0.8660254037844414832, 0.000000000000000000 ) ) ;
#970 = VERTEX_POINT ( 'NONE', #577 ) ;
#971 = CARTESIAN_POINT ( 'NONE',  ( 10.36377385348415814, -49.95058287238870065, -15.00000000000000000 ) ) ;
#972 = ORIENTED_EDGE ( 'NONE', *, *, #1132, .T. ) ;
#973 = APPLICATION_CONTEXT ( 'automotive_design' ) ;
#974 = CARTESIAN_POINT ( 'NONE',  ( 196.6580753730930837, -316.0000000000000000, -70.00000000000000000 ) ) ;
#975 = AXIS2_PLACEMENT_3D ( 'NONE', #467, #690, #30 ) ;
#976 = CARTESIAN_POINT ( 'NONE',  ( 148.7032533486874684, -297.5615900507170863, -63.12270510173104299 ) ) ;
#977 = VECTOR ( 'NONE', #630, 1000.000000000000000 ) ;
#978 = FACE_OUTER_BOUND ( 'NONE', #896, .T. ) ;
#979 = ORIENTED_EDGE ( 'NONE', *, *, #25, .F. ) ;
#980 = VECTOR ( 'NONE', #1103, 1000.000000000000000 ) ;
#981 = EDGE_CURVE ( 'NONE', #50, #744, #1277, .T. ) ;
#982 = CIRCLE ( 'NONE', #325, 3.249999999999997780 ) ;
#983 = ORIENTED_EDGE ( 'NONE', *, *, #1243, .F. ) ;
#984 = FACE_OUTER_BOUND ( 'NONE', #1346, .T. ) ;
#985 = CIRCLE ( 'NONE', #398, 14.00000000000000000 ) ;
#986 = ADVANCED_FACE ( 'NONE', ( #464 ), #943, .F. ) ;
#987 = DIRECTION ( 'NONE',  ( 0.4999999999999949485, -0.8660254037844415942, 1.734723475976807489E-15 ) ) ;
#988 = VECTOR ( 'NONE', #124, 1000.000000000000114 ) ;
#989 = DIRECTION ( 'NONE',  ( 1.000000000000000000, 0.000000000000000000, 0.000000000000000000 ) ) ;
#990 = LINE ( 'NONE', #1080, #830 ) ;
#991 = EDGE_LOOP ( 'NONE', ( #851, #811, #95, #414 ) ) ;
#992 = ORIENTED_EDGE ( 'NONE', *, *, #1420, .F. ) ;
#993 = EDGE_CURVE ( 'NONE', #1182, #232, #357, .T. ) ;
#994 = CARTESIAN_POINT ( 'NONE',  ( 196.6580753730930837, -316.0000000000000000, -65.00000000000000000 ) ) ;
#995 = DIRECTION ( 'NONE',  ( 1.000000000000000000, 0.000000000000000000, 0.000000000000000000 ) ) ;
#996 = DIRECTION ( 'NONE',  ( 1.000000000000000000, 0.000000000000000000, 0.000000000000000000 ) ) ;
#997 = CYLINDRICAL_SURFACE ( 'NONE', #1375, 3.250000000000002665 ) ;
#998 = ORIENTED_EDGE ( 'NONE', *, *, #1132, .F. ) ;
#999 = EDGE_CURVE ( 'NONE', #918, #1072, #376, .T. ) ;
#1000 = ORIENTED_EDGE ( 'NONE', *, *, #1023, .F. ) ;
#1001 = CARTESIAN_POINT ( 'NONE',  ( 161.0807251039034327, -310.9999999999999432, -65.00000000000000000 ) ) ;
#1002 = EDGE_CURVE ( 'NONE', #1182, #483, #1049, .T. ) ;
#1003 = DIRECTION ( 'NONE',  ( 0.4999999999999949485, -0.8660254037844415942, 6.245004513516505540E-15 ) ) ;
#1004 = CIRCLE ( 'NONE', #1075, 3.250000000000002665 ) ;
#1005 = DIRECTION ( 'NONE',  ( 0.000000000000000000, 0.000000000000000000, -1.000000000000000000 ) ) ;
#1006 = CIRCLE ( 'NONE', #1398, 13.99999999999999822 ) ;
#1007 = DIRECTION ( 'NONE',  ( -1.000000000000000000, 0.000000000000000000, -0.000000000000000000 ) ) ;
#1008 = ORIENTED_EDGE ( 'NONE', *, *, #442, .F. ) ;
#1009 = ADVANCED_FACE ( 'NONE', ( #701 ), #1171, .F. ) ;
#1010 = APPLICATION_CONTEXT ( 'automotive_design' ) ;
#1011 = ORIENTED_EDGE ( 'NONE', *, *, #961, .F. ) ;
#1012 = LINE ( 'NONE', #553, #642 ) ;
#1013 = CIRCLE ( 'NONE', #860, 3.250000000000002665 ) ;
#1014 = CIRCLE ( 'NONE', #738, 3.250000000000002665 ) ;
#1015 = DIRECTION ( 'NONE',  ( 0.000000000000000000, 0.000000000000000000, 1.000000000000000000 ) ) ;
#1016 = CIRCLE ( 'NONE', #234, 40.00000000000000711 ) ;
#1017 = CARTESIAN_POINT ( 'NONE',  ( 0.000000000000000000, 9.799999999999998934, 9.750000000000001776 ) ) ;
#1018 = DIRECTION ( 'NONE',  ( 1.000000000000000000, 0.000000000000000000, 0.000000000000000000 ) ) ;
#1019 =( GEOMETRIC_REPRESENTATION_CONTEXT ( 3 ) GLOBAL_UNCERTAINTY_ASSIGNED_CONTEXT ( ( #252 ) ) GLOBAL_UNIT_ASSIGNED_CONTEXT ( ( #1314, #273, #1198 ) ) REPRESENTATION_CONTEXT ( 'NONE', 'WORKASPACE' ) );
#1020 = ORIENTED_EDGE ( 'NONE', *, *, #251, .F. ) ;
#1021 = ORIENTED_EDGE ( 'NONE', *, *, #565, .F. ) ;
#1022 = DIRECTION ( 'NONE',  ( 1.000000000000000000, -0.000000000000000000, 0.000000000000000000 ) ) ;
#1023 = EDGE_CURVE ( 'NONE', #1212, #1503, #1189, .T. ) ;
#1024 = CARTESIAN_POINT ( 'NONE',  ( 0.000000000000000000, -9.799999999999998934, -13.00000000000000178 ) ) ;
#1025 = EDGE_CURVE ( 'NONE', #412, #118, #620, .T. ) ;
#1026 = LINE ( 'NONE', #1120, #589 ) ;
#1027 = VERTEX_POINT ( 'NONE', #450 ) ;
#1028 = ORIENTED_EDGE ( 'NONE', *, *, #880, .T. ) ;
#1029 = LINE ( 'NONE', #1260, #396 ) ;
#1030 = DIRECTION ( 'NONE',  ( 0.000000000000000000, 0.000000000000000000, -1.000000000000000000 ) ) ;
#1031 = DIRECTION ( 'NONE',  ( 1.000000000000000000, 0.000000000000000000, 0.000000000000000000 ) ) ;
#1032 = VERTEX_POINT ( 'NONE', #1419 ) ;
#1033 = ORIENTED_EDGE ( 'NONE', *, *, #1167, .F. ) ;
#1034 = EDGE_CURVE ( 'NONE', #42, #1265, #797, .T. ) ;
#1035 = DIRECTION ( 'NONE',  ( -0.4999999999999948930, 0.8660254037844415942, -9.642505461685787471E-17 ) ) ;
#1036 = CYLINDRICAL_SURFACE ( 'NONE', #1138, 14.00000000000001243 ) ;
#1037 = VECTOR ( 'NONE', #402, 1000.000000000000000 ) ;
#1038 = ORIENTED_EDGE ( 'NONE', *, *, #1167, .T. ) ;
#1039 = CARTESIAN_POINT ( 'NONE',  ( 4.000000000000000000, 9.800000000000002487, -13.00000000000000000 ) ) ;
#1040 = AXIS2_PLACEMENT_3D ( 'NONE', #1435, #284, #730 ) ;
#1041 = ORIENTED_EDGE ( 'NONE', *, *, #1292, .F. ) ;
#1042 = VERTEX_POINT ( 'NONE', #1062 ) ;
#1043 = SURFACE_STYLE_USAGE ( .BOTH. , #569 ) ;
#1044 = AXIS2_PLACEMENT_3D ( 'NONE', #1404, #1412, #254 ) ;
#1045 = DIRECTION ( 'NONE',  ( 1.000000000000000000, -0.000000000000000000, 0.000000000000000000 ) ) ;
#1046 = DIRECTION ( 'NONE',  ( 1.000000000000000000, 0.000000000000000000, 0.000000000000000000 ) ) ;
#1047 = DIRECTION ( 'NONE',  ( -1.000000000000000000, 0.000000000000000000, -0.000000000000000000 ) ) ;
#1048 = EDGE_LOOP ( 'NONE', ( #1130, #1365, #408, #576, #1373, #745, #846, #529, #727, #1115, #793, #123 ) ) ;
#1049 = LINE ( 'NONE', #241, #572 ) ;
#1050 = FACE_OUTER_BOUND ( 'NONE', #1319, .T. ) ;
#1051 = CARTESIAN_POINT ( 'NONE',  ( 186.6580753730939364, -316.0000000000002842, -169.9999999999999716 ) ) ;
#1052 = ORIENTED_EDGE ( 'NONE', *, *, #1495, .F. ) ;
#1053 = DIRECTION ( 'NONE',  ( -0.000000000000000000, -0.000000000000000000, -1.000000000000000000 ) ) ;
#1054 = CARTESIAN_POINT ( 'NONE',  ( 6.899672238346393982, -51.95058287238868644, -15.00000000000000000 ) ) ;
#1055 = DIRECTION ( 'NONE',  ( 0.4999999999999949485, -0.8660254037844415942, 0.000000000000000000 ) ) ;
#1056 = VECTOR ( 'NONE', #466, 1000.000000000000000 ) ;
#1057 = PLANE ( 'NONE',  #1174 ) ;
#1058 = AXIS2_PLACEMENT_3D ( 'NONE', #1054, #337, #937 ) ;
#1059 = VERTEX_POINT ( 'NONE', #685 ) ;
#1060 = FACE_OUTER_BOUND ( 'NONE', #1417, .T. ) ;
#1061 = VECTOR ( 'NONE', #1077, 1000.000000000000114 ) ;
#1062 = CARTESIAN_POINT ( 'NONE',  ( 160.6621443764336732, -310.2749969129531564, -195.0000000000000000 ) ) ;
#1063 = ADVANCED_FACE ( 'NONE', ( #1178 ), #571, .F. ) ;
#1064 = DIRECTION ( 'NONE',  ( 0.000000000000000000, 0.000000000000000000, -1.000000000000000000 ) ) ;
#1065 = CARTESIAN_POINT ( 'NONE',  ( 6.899672238346445496, -51.95058287238870065, 25.00000000000002132 ) ) ;
#1066 = EDGE_CURVE ( 'NONE', #1300, #178, #21, .T. ) ;
#1067 = ORIENTED_EDGE ( 'NONE', *, *, #1290, .F. ) ;
#1068 = EDGE_LOOP ( 'NONE', ( #940, #1084, #657, #683 ) ) ;
#1069 = CARTESIAN_POINT ( 'NONE',  ( 169.7409791417478857, -320.0000000000000568, -195.0000000000000000 ) ) ;
#1070 = FACE_OUTER_BOUND ( 'NONE', #825, .T. ) ;
#1071 = FACE_BOUND ( 'NONE', #310, .T. ) ;
#1072 = VERTEX_POINT ( 'NONE', #364 ) ;
#1073 = CARTESIAN_POINT ( 'NONE',  ( 0.000000000000000000, -36.24871130596434909, 25.00000000000000000 ) ) ;
#1074 = EDGE_LOOP ( 'NONE', ( #169, #638, #550, #382 ) ) ;
#1075 = AXIS2_PLACEMENT_3D ( 'NONE', #1273, #138, #605 ) ;
#1076 = CARTESIAN_POINT ( 'NONE',  ( -13.85640646055089675, -7.999999999999821476, -24.99999999999999289 ) ) ;
#1077 = DIRECTION ( 'NONE',  ( -0.4999999999999948375, 0.8660254037844415942, -9.642505461685786239E-17 ) ) ;
#1078 = CIRCLE ( 'NONE', #709, 14.00000000000001243 ) ;
#1079 = LINE ( 'NONE', #623, #805 ) ;
#1080 = CARTESIAN_POINT ( 'NONE',  ( -13.85640646055089675, -7.999999999999821476, -195.0000000000000000 ) ) ;
#1081 = AXIS2_PLACEMENT_3D ( 'NONE', #262, #151, #621 ) ;
#1082 = ORIENTED_EDGE ( 'NONE', *, *, #1278, .T. ) ;
#1083 = CARTESIAN_POINT ( 'NONE',  ( 4.000000000000000000, 9.800000000000002487, -13.00000000000000000 ) ) ;
#1084 = ORIENTED_EDGE ( 'NONE', *, *, #1161, .T. ) ;
#1085 = EDGE_CURVE ( 'NONE', #1482, #103, #1396, .T. ) ;
#1086 = FACE_BOUND ( 'NONE', #1218, .T. ) ;
#1087 = VECTOR ( 'NONE', #11, 1000.000000000000114 ) ;
#1088 = DIRECTION ( 'NONE',  ( 0.000000000000000000, 0.000000000000000000, 1.000000000000000000 ) ) ;
#1089 = CYLINDRICAL_SURFACE ( 'NONE', #758, 10.00000000000000000 ) ;
#1090 = ORIENTED_EDGE ( 'NONE', *, *, #822, .T. ) ;
#1091 = SHAPE_DEFINITION_REPRESENTATION ( #920, #720 ) ;
#1092 = ORIENTED_EDGE ( 'NONE', *, *, #1034, .F. ) ;
#1093 = DIRECTION ( 'NONE',  ( 0.000000000000000000, -1.000000000000000000, 0.000000000000000000 ) ) ;
#1094 = DIRECTION ( 'NONE',  ( -0.8660254037844415942, -0.4999999999999949485, 0.000000000000000000 ) ) ;
#1095 = DIRECTION ( 'NONE',  ( 0.000000000000000000, 0.000000000000000000, -1.000000000000000000 ) ) ;
#1096 = EDGE_CURVE ( 'NONE', #55, #461, #1184, .T. ) ;
#1097 = ORIENTED_EDGE ( 'NONE', *, *, #557, .F. ) ;
#1098 = EDGE_CURVE ( 'NONE', #664, #1155, #762, .T. ) ;
#1099 = EDGE_LOOP ( 'NONE', ( #917, #1423, #1309, #998 ) ) ;
#1100 = DIRECTION ( 'NONE',  ( 1.000000000000000000, 0.000000000000000000, 0.000000000000000000 ) ) ;
#1101 = DIRECTION ( 'NONE',  ( -0.8660254037844415942, -0.4999999999999949485, 0.000000000000000000 ) ) ;
#1102 = DIRECTION ( 'NONE',  ( 0.000000000000000000, 0.000000000000000000, 1.000000000000000000 ) ) ;
#1103 = DIRECTION ( 'NONE',  ( 0.000000000000000000, 1.387778780781445676E-16, -1.000000000000000000 ) ) ;
#1104 = AXIS2_PLACEMENT_3D ( 'NONE', #502, #799, #1031 ) ;
#1105 = EDGE_CURVE ( 'NONE', #602, #884, #715, .T. ) ;
#1106 = ORIENTED_EDGE ( 'NONE', *, *, #330, .F. ) ;
#1107 = ORIENTED_EDGE ( 'NONE', *, *, #405, .F. ) ;
#1108 = DIRECTION ( 'NONE',  ( 0.000000000000000000, 1.000000000000000000, 0.000000000000000000 ) ) ;
#1109 = AXIS2_PLACEMENT_3D ( 'NONE', #210, #1245, #1238 ) ;
#1110 = DIRECTION ( 'NONE',  ( 1.000000000000000000, 0.000000000000000000, 0.000000000000000000 ) ) ;
#1111 = PLANE ( 'NONE',  #322 ) ;
#1112 = EDGE_CURVE ( 'NONE', #367, #102, #1455, .T. ) ;
#1113 = CARTESIAN_POINT ( 'NONE',  ( 0.000000000000000000, 9.800000000000002487, -16.25000000000000000 ) ) ;
#1114 = CIRCLE ( 'NONE', #451, 3.250000000000002665 ) ;
#1115 = ORIENTED_EDGE ( 'NONE', *, *, #871, .F. ) ;
#1116 = ORIENTED_EDGE ( 'NONE', *, *, #1287, .T. ) ;
#1117 = FACE_OUTER_BOUND ( 'NONE', #200, .T. ) ;
#1118 = CARTESIAN_POINT ( 'NONE',  ( 183.4080753730930837, -320.0000000000002842, -90.00000000000000000 ) ) ;
#1119 = EDGE_CURVE ( 'NONE', #664, #1228, #1426, .T. ) ;
#1120 = CARTESIAN_POINT ( 'NONE',  ( 4.000000000000000000, 0.000000000000000000, -25.00000000000000000 ) ) ;
#1121 = ORIENTED_EDGE ( 'NONE', *, *, #695, .F. ) ;
#1122 = ORIENTED_EDGE ( 'NONE', *, *, #1495, .T. ) ;
#1123 = FACE_OUTER_BOUND ( 'NONE', #850, .T. ) ;
#1124 = PLANE ( 'NONE',  #1283 ) ;
#1125 = DIRECTION ( 'NONE',  ( 1.000000000000000000, 1.387778780781445478E-15, -0.000000000000000000 ) ) ;
#1126 = EDGE_CURVE ( 'NONE', #1266, #798, #279, .T. ) ;
#1127 = DIRECTION ( 'NONE',  ( -1.000000000000000000, 0.000000000000000000, -0.000000000000000000 ) ) ;
#1128 = VERTEX_POINT ( 'NONE', #853 ) ;
#1129 = AXIS2_PLACEMENT_3D ( 'NONE', #908, #323, #1248 ) ;
#1130 = ORIENTED_EDGE ( 'NONE', *, *, #731, .T. ) ;
#1131 = CARTESIAN_POINT ( 'NONE',  ( 4.000000000000000000, -0.000000000000000000, 25.00000000000000000 ) ) ;
#1132 = EDGE_CURVE ( 'NONE', #606, #335, #66, .T. ) ;
#1133 = AXIS2_PLACEMENT_3D ( 'NONE', #524, #1215, #995 ) ;
#1134 = LINE ( 'NONE', #1142, #714 ) ;
#1135 = AXIS2_PLACEMENT_3D ( 'NONE', #379, #179, #390 ) ;
#1136 = LINE ( 'NONE', #93, #980 ) ;
#1137 = CARTESIAN_POINT ( 'NONE',  ( 201.6580753730930837, -316.0000000000000000, -190.0000000000000000 ) ) ;
#1138 = AXIS2_PLACEMENT_3D ( 'NONE', #1502, #1015, #1246 ) ;
#1139 = ORIENTED_EDGE ( 'NONE', *, *, #1119, .T. ) ;
#1140 = ORIENTED_EDGE ( 'NONE', *, *, #967, .F. ) ;
#1141 = DIRECTION ( 'NONE',  ( 1.387778780781445478E-15, -1.000000000000000000, 0.000000000000000000 ) ) ;
#1142 = CARTESIAN_POINT ( 'NONE',  ( 155.1221769882308763, -300.6794919243112645, -65.00000000000000000 ) ) ;
#1143 = DIRECTION ( 'NONE',  ( -0.000000000000000000, -1.000000000000000000, -0.000000000000000000 ) ) ;
#1144 = ADVANCED_FACE ( 'NONE', ( #619 ), #1334, .F. ) ;
#1145 = VERTEX_POINT ( 'NONE', #609 ) ;
#1146 = ORIENTED_EDGE ( 'NONE', *, *, #6, .T. ) ;
#1147 = ADVANCED_FACE ( 'NONE', ( #1086, #958, #1447, #634, #1208 ), #499, .F. ) ;
#1148 = DIRECTION ( 'NONE',  ( -4.821252730842845048E-17, 8.350654685950116906E-17, 1.000000000000000000 ) ) ;
#1149 = DIRECTION ( 'NONE',  ( 0.000000000000000000, -1.000000000000000000, 8.350654685950118139E-17 ) ) ;
#1150 = ORIENTED_EDGE ( 'NONE', *, *, #1303, .T. ) ;
#1151 = CARTESIAN_POINT ( 'NONE',  ( 183.4080753730935101, -320.0000000000002842, -130.0000000000000000 ) ) ;
#1152 = CARTESIAN_POINT ( 'NONE',  ( 189.9080753730935101, -320.0000000000002842, -130.0000000000000000 ) ) ;
#1153 = ORIENTED_EDGE ( 'NONE', *, *, #98, .T. ) ;
#1154 = EDGE_CURVE ( 'NONE', #446, #1228, #401, .T. ) ;
#1155 = VERTEX_POINT ( 'NONE', #384 ) ;
#1156 = DIRECTION ( 'NONE',  ( 1.000000000000000000, 2.775557561562891351E-15, 0.000000000000000000 ) ) ;
#1157 = AXIS2_PLACEMENT_3D ( 'NONE', #823, #707, #1055 ) ;
#1158 = CARTESIAN_POINT ( 'NONE',  ( 0.000000000000000000, -9.799999999999998934, -13.00000000000000178 ) ) ;
#1159 = CARTESIAN_POINT ( 'NONE',  ( 13.46410161513765225, -55.32050807568887052, -24.99999999999999289 ) ) ;
#1160 = CIRCLE ( 'NONE', #493, 5.000000000000004441 ) ;
#1161 = EDGE_CURVE ( 'NONE', #1308, #1300, #691, .T. ) ;
#1162 = ORIENTED_EDGE ( 'NONE', *, *, #150, .T. ) ;
#1163 = ORIENTED_EDGE ( 'NONE', *, *, #1263, .F. ) ;
#1164 = CARTESIAN_POINT ( 'NONE',  ( 7.924134226934996583, -45.72500308704706384, -24.99999999999999289 ) ) ;
#1165 = CYLINDRICAL_SURFACE ( 'NONE', #282, 3.249999999999997780 ) ;
#1166 = DIRECTION ( 'NONE',  ( 0.4999999999999949485, -0.8660254037844415942, 0.000000000000000000 ) ) ;
#1167 = EDGE_CURVE ( 'NONE', #1441, #1213, #57, .T. ) ;
#1168 = DIRECTION ( 'NONE',  ( 0.000000000000000000, 0.000000000000000000, -1.000000000000000000 ) ) ;
#1169 = ORIENTED_EDGE ( 'NONE', *, *, #442, .T. ) ;
#1170 = CYLINDRICAL_SURFACE ( 'NONE', #422, 3.249999999999997780 ) ;
#1171 = CYLINDRICAL_SURFACE ( 'NONE', #1353, 3.250000000000002665 ) ;
#1172 = LINE ( 'NONE', #236, #1056 ) ;
#1173 = FACE_OUTER_BOUND ( 'NONE', #1219, .T. ) ;
#1174 = AXIS2_PLACEMENT_3D ( 'NONE', #710, #1281, #238 ) ;
#1175 = ORIENTED_EDGE ( 'NONE', *, *, #251, .T. ) ;
#1176 = CARTESIAN_POINT ( 'NONE',  ( 4.000000000000000000, 19.99999999999999645, 0.000000000000000000 ) ) ;
#1177 = ADVANCED_FACE ( 'NONE', ( #984 ), #1194, .F. ) ;
#1178 = FACE_OUTER_BOUND ( 'NONE', #185, .T. ) ;
#1179 = CIRCLE ( 'NONE', #1403, 3.249999999999997780 ) ;
#1180 = PLANE ( 'NONE',  #1474 ) ;
#1181 = AXIS2_PLACEMENT_3D ( 'NONE', #781, #672, #548 ) ;
#1182 = VERTEX_POINT ( 'NONE', #1221 ) ;
#1183 = AXIS2_PLACEMENT_3D ( 'NONE', #1470, #669, #879 ) ;
#1184 = CIRCLE ( 'NONE', #1040, 5.000000000000004441 ) ;
#1185 = ORIENTED_EDGE ( 'NONE', *, *, #743, .T. ) ;
#1186 = UNCERTAINTY_MEASURE_WITH_UNIT (LENGTH_MEASURE( 1.000000000000000082E-05 ), #956, 'distance_accuracy_value', 'NONE');
#1187 = EDGE_LOOP ( 'NONE', ( #544, #688, #44, #209 ) ) ;
#1188 = CIRCLE ( 'NONE', #1183, 3.249999999999997780 ) ;
#1189 = LINE ( 'NONE', #706, #740 ) ;
#1190 = FACE_OUTER_BOUND ( 'NONE', #1468, .T. ) ;
#1191 = ORIENTED_EDGE ( 'NONE', *, *, #449, .F. ) ;
#1192 = ORIENTED_EDGE ( 'NONE', *, *, #41, .T. ) ;
#1193 = ORIENTED_EDGE ( 'NONE', *, *, #837, .F. ) ;
#1194 = CYLINDRICAL_SURFACE ( 'NONE', #909, 3.249999999999997780 ) ;
#1195 = LINE ( 'NONE', #385, #1061 ) ;
#1196 = CARTESIAN_POINT ( 'NONE',  ( 16.41892363954329426, -60.43840994928301313, 23.12270510173103233 ) ) ;
#1197 = VERTEX_POINT ( 'NONE', #35 ) ;
#1198 =( NAMED_UNIT ( * ) SI_UNIT ( $, .STERADIAN. ) SOLID_ANGLE_UNIT ( ) );
#1199 = DIRECTION ( 'NONE',  ( 0.000000000000000000, 0.000000000000000000, 1.000000000000000000 ) ) ;
#1200 = CIRCLE ( 'NONE', #1081, 5.000000000000000888 ) ;
#1201 = DIRECTION ( 'NONE',  ( 0.000000000000000000, 0.000000000000000000, -1.000000000000000000 ) ) ;
#1202 = DIRECTION ( 'NONE',  ( 0.2572593491991531645, -0.4455862635350431034, 0.8574791595126423083 ) ) ;
#1203 = CARTESIAN_POINT ( 'NONE',  ( 4.000000000000000000, -36.24871130596434909, -24.99999999999999645 ) ) ;
#1204 = ORIENTED_EDGE ( 'NONE', *, *, #708, .T. ) ;
#1205 = AXIS2_PLACEMENT_3D ( 'NONE', #336, #1411, #1285 ) ;
#1206 = ORIENTED_EDGE ( 'NONE', *, *, #1394, .F. ) ;
#1207 = AXIS2_PLACEMENT_3D ( 'NONE', #971, #147, #616 ) ;
#1208 = FACE_BOUND ( 'NONE', #535, .T. ) ;
#1209 = LINE ( 'NONE', #723, #1037 ) ;
#1210 = DIRECTION ( 'NONE',  ( 0.4765338137716330635, -0.8253807769770454827, -0.3027574893029586489 ) ) ;
#1211 = LINE ( 'NONE', #1113, #736 ) ;
#1212 = VERTEX_POINT ( 'NONE', #639 ) ;
#1213 = VERTEX_POINT ( 'NONE', #485 ) ;
#1214 = DIRECTION ( 'NONE',  ( -1.000000000000000000, -0.000000000000000000, 0.000000000000000000 ) ) ;
#1215 = DIRECTION ( 'NONE',  ( 1.387778780781445478E-15, -1.000000000000000000, 0.000000000000000000 ) ) ;
#1216 = ADVANCED_FACE ( 'NONE', ( #839 ), #1310, .F. ) ;
#1217 = FACE_OUTER_BOUND ( 'NONE', #264, .T. ) ;
#1218 = EDGE_LOOP ( 'NONE', ( #437, #1298 ) ) ;
#1219 = EDGE_LOOP ( 'NONE', ( #673, #599, #771, #1415 ) ) ;
#1220 = EDGE_CURVE ( 'NONE', #1461, #232, #149, .T. ) ;
#1221 = CARTESIAN_POINT ( 'NONE',  ( 5.339745962155600267, -41.24871130596431357, 25.00000000000002132 ) ) ;
#1222 = EDGE_CURVE ( 'NONE', #776, #606, #218, .T. ) ;
#1223 = DIRECTION ( 'NONE',  ( -1.000000000000000000, 0.000000000000000000, 0.000000000000000000 ) ) ;
#1224 = CARTESIAN_POINT ( 'NONE',  ( 10.36377385348421498, -49.95058287238872197, 25.00000000000002132 ) ) ;
#1225 = DIRECTION ( 'NONE',  ( 1.387778780781445478E-15, -1.000000000000000000, 0.000000000000000000 ) ) ;
#1226 = EDGE_CURVE ( 'NONE', #884, #302, #415, .T. ) ;
#1227 = VERTEX_POINT ( 'NONE', #778 ) ;
#1228 = VERTEX_POINT ( 'NONE', #1001 ) ;
#1229 = LINE ( 'NONE', #1469, #13 ) ;
#1230 = VECTOR ( 'NONE', #246, 1000.000000000000000 ) ;
#1231 = EDGE_CURVE ( 'NONE', #496, #1441, #878, .T. ) ;
#1232 = CIRCLE ( 'NONE', #622, 10.00000000000000000 ) ;
#1233 = DIRECTION ( 'NONE',  ( 1.387778780781445478E-15, -1.000000000000000000, 0.000000000000000000 ) ) ;
#1234 = DIRECTION ( 'NONE',  ( 0.4999999999999951705, -0.8660254037844413721, -0.000000000000000000 ) ) ;
#1235 = AXIS2_PLACEMENT_3D ( 'NONE', #235, #583, #1286 ) ;
#1236 = EDGE_LOOP ( 'NONE', ( #713, #1206, #224, #652 ) ) ;
#1237 = VERTEX_POINT ( 'NONE', #69 ) ;
#1238 = DIRECTION ( 'NONE',  ( 0.000000000000000000, 0.000000000000000000, -1.000000000000000000 ) ) ;
#1239 = DIRECTION ( 'NONE',  ( -0.8660254037844415942, -0.4999999999999949485, 0.000000000000000000 ) ) ;
#1240 = LINE ( 'NONE', #1017, #1497 ) ;
#1241 = PLANE ( 'NONE',  #640 ) ;
#1242 = ORIENTED_EDGE ( 'NONE', *, *, #724, .T. ) ;
#1243 = EDGE_CURVE ( 'NONE', #568, #1027, #113, .T. ) ;
#1244 = ORIENTED_EDGE ( 'NONE', *, *, #271, .T. ) ;
#1245 = DIRECTION ( 'NONE',  ( 1.000000000000000000, 0.000000000000000000, 0.000000000000000000 ) ) ;
#1246 = DIRECTION ( 'NONE',  ( 1.000000000000000000, 0.000000000000000000, 0.000000000000000000 ) ) ;
#1247 = AXIS2_PLACEMENT_3D ( 'NONE', #230, #923, #1399 ) ;
#1248 = DIRECTION ( 'NONE',  ( 0.4999999999999949485, -0.8660254037844415942, 0.000000000000000000 ) ) ;
#1249 = ORIENTED_EDGE ( 'NONE', *, *, #333, .T. ) ;
#1250 = ORIENTED_EDGE ( 'NONE', *, *, #345, .T. ) ;
#1251 = DIRECTION ( 'NONE',  ( 0.000000000000000000, -0.000000000000000000, -1.000000000000000000 ) ) ;
#1252 = DIRECTION ( 'NONE',  ( 1.387778780781445478E-15, -1.000000000000000000, 0.000000000000000000 ) ) ;
#1253 = EDGE_CURVE ( 'NONE', #1042, #257, #1352, .T. ) ;
#1254 = AXIS2_PLACEMENT_3D ( 'NONE', #739, #171, #752 ) ;
#1255 = LINE ( 'NONE', #1487, #87 ) ;
#1256 = PRESENTATION_LAYER_ASSIGNMENT (  '', '', ( #520 ) ) ;
#1257 = EDGE_CURVE ( 'NONE', #750, #1155, #1012, .T. ) ;
#1258 = ORIENTED_EDGE ( 'NONE', *, *, #961, .T. ) ;
#1259 = ORIENTED_EDGE ( 'NONE', *, *, #1367, .F. ) ;
#1260 = CARTESIAN_POINT ( 'NONE',  ( 4.440892098500630201E-13, -320.0000000000002842, -65.00000000000000000 ) ) ;
#1261 = CARTESIAN_POINT ( 'NONE',  ( 0.000000000000000000, -2.087663671487529584E-15, -25.00000000000000000 ) ) ;
#1262 = ORIENTED_EDGE ( 'NONE', *, *, #333, .F. ) ;
#1263 = EDGE_CURVE ( 'NONE', #367, #759, #1229, .T. ) ;
#1264 = DIRECTION ( 'NONE',  ( 0.4999999999999951705, -0.8660254037844413721, -0.000000000000000000 ) ) ;
#1265 = VERTEX_POINT ( 'NONE', #195 ) ;
#1266 = VERTEX_POINT ( 'NONE', #530 ) ;
#1267 = DIRECTION ( 'NONE',  ( 0.000000000000000000, -1.000000000000000000, 0.000000000000000000 ) ) ;
#1268 = DIRECTION ( 'NONE',  ( 1.387778780781445478E-15, -1.000000000000000000, 0.000000000000000000 ) ) ;
#1269 = ADVANCED_FACE ( 'NONE', ( #97 ), #898, .F. ) ;
#1270 = ORIENTED_EDGE ( 'NONE', *, *, #462, .T. ) ;
#1271 = DIRECTION ( 'NONE',  ( 1.000000000000000000, 1.387778780781445676E-15, 0.000000000000000000 ) ) ;
#1272 = AXIS2_PLACEMENT_3D ( 'NONE', #243, #359, #580 ) ;
#1273 = CARTESIAN_POINT ( 'NONE',  ( 186.6580753730935101, -320.0000000000002842, -130.0000000000000000 ) ) ;
#1274 = ADVANCED_FACE ( 'NONE', ( #1123 ), #760, .F. ) ;
#1275 = EDGE_LOOP ( 'NONE', ( #452, #932, #556, #590 ) ) ;
#1276 = CARTESIAN_POINT ( 'NONE',  ( 4.000000000000000000, 19.99999999999999645, 20.00000000000000000 ) ) ;
#1277 = LINE ( 'NONE', #1069, #189 ) ;
#1278 = EDGE_CURVE ( 'NONE', #366, #42, #1160, .T. ) ;
#1279 = CARTESIAN_POINT ( 'NONE',  ( 0.000000000000000000, 0.000000000000000000, 25.00000000000000000 ) ) ;
#1280 = CIRCLE ( 'NONE', #542, 3.249999999999999556 ) ;
#1281 = DIRECTION ( 'NONE',  ( 0.000000000000000000, -1.000000000000000000, -1.387778780781445676E-16 ) ) ;
#1282 = COLOUR_RGB ( '',0.7921568627450980005, 0.8196078431372548767, 0.9333333333333333481 ) ;
#1283 = AXIS2_PLACEMENT_3D ( 'NONE', #547, #84, #761 ) ;
#1284 = ORIENTED_EDGE ( 'NONE', *, *, #993, .T. ) ;
#1285 = DIRECTION ( 'NONE',  ( 1.000000000000000000, 0.000000000000000000, 0.000000000000000000 ) ) ;
#1286 = DIRECTION ( 'NONE',  ( 0.000000000000000000, 0.000000000000000000, -1.000000000000000000 ) ) ;
#1287 = EDGE_CURVE ( 'NONE', #50, #178, #1029, .T. ) ;
#1288 = DIRECTION ( 'NONE',  ( 1.000000000000000000, 0.000000000000000000, 0.000000000000000000 ) ) ;
#1289 = CARTESIAN_POINT ( 'NONE',  ( 196.6580753730930837, -316.0000000000000000, -195.0000000000000000 ) ) ;
#1290 = EDGE_CURVE ( 'NONE', #49, #859, #1476, .T. ) ;
#1291 = ORIENTED_EDGE ( 'NONE', *, *, #871, .T. ) ;
#1292 = EDGE_CURVE ( 'NONE', #324, #342, #1016, .T. ) ;
#1293 = PLANE ( 'NONE',  #838 ) ;
#1294 = CARTESIAN_POINT ( 'NONE',  ( 201.6580753730930837, -320.0000000000000000, -195.0000000000000000 ) ) ;
#1295 = FACE_OUTER_BOUND ( 'NONE', #964, .T. ) ;
#1296 = CARTESIAN_POINT ( 'NONE',  ( 4.000000000000000000, -9.799999999999998934, -9.750000000000001776 ) ) ;
#1297 = AXIS2_PLACEMENT_3D ( 'NONE', #1422, #1202, #643 ) ;
#1298 = ORIENTED_EDGE ( 'NONE', *, *, #699, .F. ) ;
#1299 = CARTESIAN_POINT ( 'NONE',  ( 0.000000000000000000, 9.799999999999998934, 13.00000000000000000 ) ) ;
#1300 = VERTEX_POINT ( 'NONE', #994 ) ;
#1301 = DIRECTION ( 'NONE',  ( 1.387778780781445478E-15, -1.000000000000000000, 0.000000000000000000 ) ) ;
#1302 = CARTESIAN_POINT ( 'NONE',  ( 4.000000000000000000, -9.799999999999998934, 16.24999999999999645 ) ) ;
#1303 = EDGE_CURVE ( 'NONE', #1227, #504, #82, .T. ) ;
#1304 = AXIS2_PLACEMENT_3D ( 'NONE', #1316, #635, #987 ) ;
#1305 = FACE_OUTER_BOUND ( 'NONE', #289, .T. ) ;
#1306 = VECTOR ( 'NONE', #305, 1000.000000000000114 ) ;
#1307 = ADVANCED_FACE ( 'NONE', ( #885 ), #1463, .F. ) ;
#1308 = VERTEX_POINT ( 'NONE', #188 ) ;
#1309 = ORIENTED_EDGE ( 'NONE', *, *, #287, .T. ) ;
#1310 = PLANE ( 'NONE',  #255 ) ;
#1311 = LINE ( 'NONE', #976, #833 ) ;
#1312 = DIRECTION ( 'NONE',  ( 1.982541115402063729E-15, -1.000000000000000000, 0.000000000000000000 ) ) ;
#1313 = VERTEX_POINT ( 'NONE', #648 ) ;
#1314 =( LENGTH_UNIT ( ) NAMED_UNIT ( * ) SI_UNIT ( .MILLI., .METRE. ) );
#1315 = DIRECTION ( 'NONE',  ( 1.387778780781445478E-15, -1.000000000000000000, 0.000000000000000000 ) ) ;
#1316 = CARTESIAN_POINT ( 'NONE',  ( 154.7584031347466578, -308.0494171276114344, -25.00000000000000000 ) ) ;
#1317 = DIRECTION ( 'NONE',  ( -1.000000000000000000, -0.000000000000000000, 0.000000000000000000 ) ) ;
#1318 = CARTESIAN_POINT ( 'NONE',  ( 4.460032611797216440, -47.72500308704703542, -24.99999999999999289 ) ) ;
#1319 = EDGE_LOOP ( 'NONE', ( #1097, #1244, #17, #290 ) ) ;
#1320 = APPLICATION_PROTOCOL_DEFINITION ( 'draft international standard', 'automotive_design', 1998, #973 ) ;
#1321 = ORIENTED_EDGE ( 'NONE', *, *, #6, .F. ) ;
#1322 = CIRCLE ( 'NONE', #439, 14.00000000000001243 ) ;
#1323 = DIRECTION ( 'NONE',  ( 0.000000000000000000, 0.000000000000000000, -1.000000000000000000 ) ) ;
#1324 = AXIS2_PLACEMENT_3D ( 'NONE', #1437, #381, #849 ) ;
#1325 = CARTESIAN_POINT ( 'NONE',  ( 4.000000000000000000, -9.799999999999998934, -16.25000000000000000 ) ) ;
#1326 = CIRCLE ( 'NONE', #659, 3.250000000000001332 ) ;
#1327 = DIRECTION ( 'NONE',  ( 1.000000000000000000, 0.000000000000000000, 0.000000000000000000 ) ) ;
#1328 = CARTESIAN_POINT ( 'NONE',  ( 14.00000000000000000, -36.24871130596434909, -24.99999999999999289 ) ) ;
#1329 = VECTOR ( 'NONE', #1127, 1000.000000000000000 ) ;
#1330 = ORIENTED_EDGE ( 'NONE', *, *, #65, .F. ) ;
#1331 = PRODUCT_CONTEXT ( 'NONE', #973, 'mechanical' ) ;
#1332 = AXIS2_PLACEMENT_3D ( 'NONE', #240, #1267, #470 ) ;
#1333 = EDGE_LOOP ( 'NONE', ( #566, #1446, #1169, #140 ) ) ;
#1334 = CYLINDRICAL_SURFACE ( 'NONE', #1254, 3.250000000000001332 ) ;
#1335 = AXIS2_PLACEMENT_3D ( 'NONE', #872, #268, #1201 ) ;
#1336 = CARTESIAN_POINT ( 'NONE',  ( 1.875644347017802582, -43.24871130596426383, -24.99999999999999289 ) ) ;
#1337 = CARTESIAN_POINT ( 'NONE',  ( 169.7409791417478857, -320.0000000000000568, -65.00000000000000000 ) ) ;
#1338 = ADVANCED_FACE ( 'NONE', ( #1117 ), #1484, .F. ) ;
#1339 = ORIENTED_EDGE ( 'NONE', *, *, #837, .T. ) ;
#1340 = ORIENTED_EDGE ( 'NONE', *, *, #1098, .F. ) ;
#1341 = CARTESIAN_POINT ( 'NONE',  ( 169.7409791417478573, -306.0000000000000568, -195.0000000000000000 ) ) ;
#1342 = CARTESIAN_POINT ( 'NONE',  ( 0.000000000000000000, 9.799999999999998934, 16.24999999999999645 ) ) ;
#1343 = PLANE ( 'NONE',  #1324 ) ;
#1344 = DIRECTION ( 'NONE',  ( -1.000000000000000000, -3.965082230804126670E-15, 0.000000000000000000 ) ) ;
#1345 = ORIENTED_EDGE ( 'NONE', *, *, #954, .F. ) ;
#1346 = EDGE_LOOP ( 'NONE', ( #1350, #632, #1106, #782 ) ) ;
#1347 = CARTESIAN_POINT ( 'NONE',  ( 157.1980427612958806, -312.2749969129530996, -195.0000000000000000 ) ) ;
#1348 = CIRCLE ( 'NONE', #1272, 3.250000000000002665 ) ;
#1349 = CARTESIAN_POINT ( 'NONE',  ( 186.6580753730930837, -320.0000000000002842, -90.00000000000000000 ) ) ;
#1350 = ORIENTED_EDGE ( 'NONE', *, *, #887, .T. ) ;
#1351 = ORIENTED_EDGE ( 'NONE', *, *, #1025, .F. ) ;
#1352 = LINE ( 'NONE', #1347, #1306 ) ;
#1353 = AXIS2_PLACEMENT_3D ( 'NONE', #694, #472, #226 ) ;
#1354 = CARTESIAN_POINT ( 'NONE',  ( 0.000000000000000000, 9.800000000000002487, -9.749999999999996447 ) ) ;
#1355 = CIRCLE ( 'NONE', #1335, 5.000000000000000888 ) ;
#1356 = CARTESIAN_POINT ( 'NONE',  ( 201.6580753730930837, -320.0000000000000000, -195.0000000000000000 ) ) ;
#1357 = ADVANCED_FACE ( 'NONE', ( #1395 ), #1508, .T. ) ;
#1358 = CARTESIAN_POINT ( 'NONE',  ( 12.95482202440551056, -62.43840994928298471, 23.12270510173104654 ) ) ;
#1359 = ORIENTED_EDGE ( 'NONE', *, *, #174, .T. ) ;
#1360 = ORIENTED_EDGE ( 'NONE', *, *, #633, .F. ) ;
#1361 = DIRECTION ( 'NONE',  ( 1.000000000000000000, 0.000000000000000000, 0.000000000000000000 ) ) ;
#1362 = LINE ( 'NONE', #321, #1384 ) ;
#1363 = DIRECTION ( 'NONE',  ( -0.8660254037844414832, -0.4999999999999948930, 0.000000000000000000 ) ) ;
#1364 = DIRECTION ( 'NONE',  ( 1.000000000000000000, 0.000000000000000000, 0.000000000000000000 ) ) ;
#1365 = ORIENTED_EDGE ( 'NONE', *, *, #1505, .F. ) ;
#1366 = ORIENTED_EDGE ( 'NONE', *, *, #65, .T. ) ;
#1367 = EDGE_CURVE ( 'NONE', #682, #103, #1280, .T. ) ;
#1368 = DIRECTION ( 'NONE',  ( 1.000000000000000000, 1.387778780781445478E-15, 0.000000000000000000 ) ) ;
#1369 = DIRECTION ( 'NONE',  ( 0.4765338137716330635, -0.8253807769770454827, -0.3027574893029586489 ) ) ;
#1370 = EDGE_CURVE ( 'NONE', #461, #1308, #457, .T. ) ;
#1371 = CIRCLE ( 'NONE', #83, 3.249999999999999556 ) ;
#1372 = FACE_OUTER_BOUND ( 'NONE', #674, .T. ) ;
#1373 = ORIENTED_EDGE ( 'NONE', *, *, #1154, .T. ) ;
#1374 = VECTOR ( 'NONE', #1234, 1000.000000000000114 ) ;
#1375 = AXIS2_PLACEMENT_3D ( 'NONE', #756, #1225, #734 ) ;
#1376 = VERTEX_POINT ( 'NONE', #225 ) ;
#1377 = CARTESIAN_POINT ( 'NONE',  ( 196.6580753730930837, -320.0000000000000000, -190.0000000000000000 ) ) ;
#1378 = AXIS2_PLACEMENT_3D ( 'NONE', #900, #79, #1471 ) ;
#1379 = ADVANCED_FACE ( 'NONE', ( #933 ), #447, .F. ) ;
#1380 = VECTOR ( 'NONE', #1233, 1000.000000000000000 ) ;
#1381 = LINE ( 'NONE', #196, #787 ) ;
#1382 = VECTOR ( 'NONE', #921, 1000.000000000000000 ) ;
#1383 = FACE_OUTER_BOUND ( 'NONE', #551, .T. ) ;
#1384 = VECTOR ( 'NONE', #554, 1000.000000000000000 ) ;
#1385 = ORIENTED_EDGE ( 'NONE', *, *, #1367, .T. ) ;
#1386 = ORIENTED_EDGE ( 'NONE', *, *, #1292, .T. ) ;
#1387 = EDGE_CURVE ( 'NONE', #1439, #1032, #104, .T. ) ;
#1388 = CARTESIAN_POINT ( 'NONE',  ( 0.000000000000000000, -36.24871130596434909, 25.00000000000000000 ) ) ;
#1389 = LINE ( 'NONE', #603, #425 ) ;
#1390 = ORIENTED_EDGE ( 'NONE', *, *, #456, .T. ) ;
#1391 = CARTESIAN_POINT ( 'NONE',  ( 0.000000000000000000, -9.799999999999998934, 16.24999999999999645 ) ) ;
#1392 = EDGE_LOOP ( 'NONE', ( #698, #608 ) ) ;
#1393 = ORIENTED_EDGE ( 'NONE', *, *, #41, .F. ) ;
#1394 = EDGE_CURVE ( 'NONE', #1072, #918, #471, .T. ) ;
#1395 = FACE_OUTER_BOUND ( 'NONE', #406, .T. ) ;
#1396 = LINE ( 'NONE', #804, #783 ) ;
#1397 = LINE ( 'NONE', #1159, #490 ) ;
#1398 = AXIS2_PLACEMENT_3D ( 'NONE', #248, #128, #809 ) ;
#1399 = DIRECTION ( 'NONE',  ( 0.4999999999999948375, -0.8660254037844415942, 0.000000000000000000 ) ) ;
#1400 = CIRCLE ( 'NONE', #1500, 3.249999999999997780 ) ;
#1401 = ORIENTED_EDGE ( 'NONE', *, *, #76, .F. ) ;
#1402 = DIRECTION ( 'NONE',  ( -0.000000000000000000, 0.000000000000000000, 1.000000000000000000 ) ) ;
#1403 = AXIS2_PLACEMENT_3D ( 'NONE', #175, #518, #1438 ) ;
#1404 = CARTESIAN_POINT ( 'NONE',  ( 154.7584031347466578, -308.0494171276114344, -25.00000000000000000 ) ) ;
#1405 = CYLINDRICAL_SURFACE ( 'NONE', #253, 3.250000000000002665 ) ;
#1406 = VECTOR ( 'NONE', #1402, 1000.000000000000000 ) ;
#1407 = EDGE_CURVE ( 'NONE', #1228, #1503, #131, .T. ) ;
#1408 = DIRECTION ( 'NONE',  ( -0.000000000000000000, 0.000000000000000000, -1.000000000000000000 ) ) ;
#1409 = VECTOR ( 'NONE', #660, 1000.000000000000114 ) ;
#1410 = ORIENTED_EDGE ( 'NONE', *, *, #449, .T. ) ;
#1411 = DIRECTION ( 'NONE',  ( 0.000000000000000000, 0.000000000000000000, 1.000000000000000000 ) ) ;
#1412 = DIRECTION ( 'NONE',  ( -0.8660254037844414832, -0.4999999999999948930, 0.000000000000000000 ) ) ;
#1413 = PLANE ( 'NONE',  #907 ) ;
#1414 = EDGE_LOOP ( 'NONE', ( #915, #455, #1498, #764, #1107, #679 ) ) ;
#1415 = ORIENTED_EDGE ( 'NONE', *, *, #306, .F. ) ;
#1416 = CARTESIAN_POINT ( 'NONE',  ( 0.000000000000000000, -9.799999999999998934, -13.00000000000000178 ) ) ;
#1417 = EDGE_LOOP ( 'NONE', ( #88, #666, #1258, #869 ) ) ;
#1418 = ADVANCED_FACE ( 'NONE', ( #343 ), #684, .F. ) ;
#1419 = CARTESIAN_POINT ( 'NONE',  ( 4.000000000000000000, 20.00000000000000355, -20.00000000000000000 ) ) ;
#1420 = EDGE_CURVE ( 'NONE', #461, #42, #826, .T. ) ;
#1421 = DIRECTION ( 'NONE',  ( 0.000000000000000000, 1.000000000000000000, 0.000000000000000000 ) ) ;
#1422 = CARTESIAN_POINT ( 'NONE',  ( 9.999999999999888090, -57.32050807568884920, -24.99999999999999289 ) ) ;
#1423 = ORIENTED_EDGE ( 'NONE', *, *, #699, .T. ) ;
#1424 = AXIS2_PLACEMENT_3D ( 'NONE', #375, #507, #1095 ) ;
#1425 = EDGE_LOOP ( 'NONE', ( #383, #972 ) ) ;
#1426 = LINE ( 'NONE', #51, #911 ) ;
#1427 = ADVANCED_FACE ( 'NONE', ( #819 ), #1170, .F. ) ;
#1428 = AXIS2_PLACEMENT_3D ( 'NONE', #486, #702, #12 ) ;
#1429 = DIRECTION ( 'NONE',  ( 1.000000000000000000, -0.000000000000000000, 0.000000000000000000 ) ) ;
#1430 = CARTESIAN_POINT ( 'NONE',  ( 4.000000000000000000, -36.24871130596434909, 24.99999999999999289 ) ) ;
#1431 = AXIS2_PLACEMENT_3D ( 'NONE', #512, #870, #45 ) ;
#1432 = EDGE_LOOP ( 'NONE', ( #1345, #146 ) ) ;
#1433 = EDGE_LOOP ( 'NONE', ( #1340, #1139, #891, #8 ) ) ;
#1434 = EDGE_CURVE ( 'NONE', #1182, #49, #1232, .T. ) ;
#1435 = CARTESIAN_POINT ( 'NONE',  ( 196.6580753730930837, -316.0000000000000000, -190.0000000000000000 ) ) ;
#1436 = DIRECTION ( 'NONE',  ( -1.000000000000000000, 0.000000000000000000, -0.000000000000000000 ) ) ;
#1437 = CARTESIAN_POINT ( 'NONE',  ( 4.385380947269372374E-13, -316.0000000000002842, -195.0000000000000000 ) ) ;
#1438 = DIRECTION ( 'NONE',  ( 0.000000000000000000, 0.000000000000000000, 1.000000000000000000 ) ) ;
#1439 = VERTEX_POINT ( 'NONE', #1276 ) ;
#1440 = ADVANCED_FACE ( 'NONE', ( #1060 ), #1293, .T. ) ;
#1441 = VERTEX_POINT ( 'NONE', #1388 ) ;
#1442 = DIRECTION ( 'NONE',  ( 0.000000000000000000, 1.000000000000000000, 0.000000000000000000 ) ) ;
#1443 = PLANE ( 'NONE',  #159 ) ;
#1444 = PLANE ( 'NONE',  #587 ) ;
#1445 = ORIENTED_EDGE ( 'NONE', *, *, #525, .T. ) ;
#1446 = ORIENTED_EDGE ( 'NONE', *, *, #1226, .T. ) ;
#1447 = FACE_OUTER_BOUND ( 'NONE', #955, .T. ) ;
#1448 = AXIS2_PLACEMENT_3D ( 'NONE', #517, #1317, #1102 ) ;
#1449 = CARTESIAN_POINT ( 'NONE',  ( 4.460032611797216440, -47.72500308704703542, -24.99999999999999289 ) ) ;
#1450 = EDGE_CURVE ( 'NONE', #1482, #1237, #570, .T. ) ;
#1451 = CIRCLE ( 'NONE', #391, 39.99999999999999289 ) ;
#1452 = CARTESIAN_POINT ( 'NONE',  ( 0.000000000000000000, -36.24871130596434909, -24.99999999999999645 ) ) ;
#1453 = VECTOR ( 'NONE', #373, 1000.000000000000114 ) ;
#1454 = ORIENTED_EDGE ( 'NONE', *, *, #400, .T. ) ;
#1455 = CIRCLE ( 'NONE', #519, 3.250000000000002665 ) ;
#1456 = EDGE_LOOP ( 'NONE', ( #785, #1291, #498, #1041 ) ) ;
#1457 = CARTESIAN_POINT ( 'NONE',  ( 4.000000000000000000, 9.799999999999998934, 13.00000000000000000 ) ) ;
#1458 = AXIS2_PLACEMENT_3D ( 'NONE', #649, #204, #1003 ) ;
#1459 = FACE_OUTER_BOUND ( 'NONE', #1068, .T. ) ;
#1460 = FACE_BOUND ( 'NONE', #903, .T. ) ;
#1461 = VERTEX_POINT ( 'NONE', #1164 ) ;
#1462 = VERTEX_POINT ( 'NONE', #362 ) ;
#1463 = CYLINDRICAL_SURFACE ( 'NONE', #136, 3.250000000000002665 ) ;
#1464 = CARTESIAN_POINT ( 'NONE',  ( 0.000000000000000000, 9.799999999999998934, 13.00000000000000000 ) ) ;
#1465 = CARTESIAN_POINT ( 'NONE',  ( 157.1980427612958806, -312.2749969129530996, -195.0000000000000000 ) ) ;
#1466 = DIRECTION ( 'NONE',  ( 1.000000000000000000, 0.000000000000000000, 0.000000000000000000 ) ) ;
#1467 = ORIENTED_EDGE ( 'NONE', *, *, #388, .T. ) ;
#1468 = EDGE_LOOP ( 'NONE', ( #348, #1249, #187, #1330 ) ) ;
#1469 = CARTESIAN_POINT ( 'NONE',  ( 183.4080753730939080, -320.0000000000002842, -169.9999999999999716 ) ) ;
#1470 = CARTESIAN_POINT ( 'NONE',  ( 0.000000000000000000, -9.799999999999998934, 13.00000000000000000 ) ) ;
#1471 = DIRECTION ( 'NONE',  ( 0.000000000000000000, 0.000000000000000000, -1.000000000000000000 ) ) ;
#1472 = VECTOR ( 'NONE', #780, 1000.000000000000000 ) ;
#1473 = VERTEX_POINT ( 'NONE', #1499 ) ;
#1474 = AXIS2_PLACEMENT_3D ( 'NONE', #717, #578, #481 ) ;
#1475 = EDGE_LOOP ( 'NONE', ( #1401, #399 ) ) ;
#1476 = LINE ( 'NONE', #1131, #889 ) ;
#1477 = AXIS2_PLACEMENT_3D ( 'NONE', #974, #1315, #1100 ) ;
#1478 = MECHANICAL_DESIGN_GEOMETRIC_PRESENTATION_REPRESENTATION (  '', ( #520 ), #1019 ) ;
#1479 = FACE_OUTER_BOUND ( 'NONE', #331, .T. ) ;
#1480 = MANIFOLD_SOLID_BREP ( 'Convert-Solid1', #801 ) ;
#1481 = LINE ( 'NONE', #215, #368 ) ;
#1482 = VERTEX_POINT ( 'NONE', #963 ) ;
#1483 = ORIENTED_EDGE ( 'NONE', *, *, #129, .T. ) ;
#1484 = CYLINDRICAL_SURFACE ( 'NONE', #350, 3.249999999999997780 ) ;
#1485 = DIRECTION ( 'NONE',  ( 1.000000000000000000, 0.000000000000000000, 0.000000000000000000 ) ) ;
#1486 = CARTESIAN_POINT ( 'NONE',  ( 183.4080753730935101, -316.0000000000002842, -130.0000000000000000 ) ) ;
#1487 = CARTESIAN_POINT ( 'NONE',  ( 151.6580753730931121, -302.6794919243112645, -65.00000000000000000 ) ) ;
#1488 = ORIENTED_EDGE ( 'NONE', *, *, #339, .T. ) ;
#1489 = ORIENTED_EDGE ( 'NONE', *, *, #820, .F. ) ;
#1490 = CARTESIAN_POINT ( 'NONE',  ( 0.000000000000000000, -36.24871130596434909, 24.99999999999999289 ) ) ;
#1491 = CARTESIAN_POINT ( 'NONE',  ( 6.899672238346445496, -51.95058287238870065, 25.00000000000002132 ) ) ;
#1492 = VECTOR ( 'NONE', #182, 1000.000000000000000 ) ;
#1493 = PLANE ( 'NONE',  #806 ) ;
#1494 = EDGE_CURVE ( 'NONE', #49, #1441, #675, .T. ) ;
#1495 = EDGE_CURVE ( 'NONE', #861, #302, #543, .T. ) ;
#1496 = ORIENTED_EDGE ( 'NONE', *, *, #695, .T. ) ;
#1497 = VECTOR ( 'NONE', #191, 1000.000000000000000 ) ;
#1498 = ORIENTED_EDGE ( 'NONE', *, *, #1370, .F. ) ;
#1499 = CARTESIAN_POINT ( 'NONE',  ( 150.3717704084675120, -292.4515463715514443, -189.2991663805057101 ) ) ;
#1500 = AXIS2_PLACEMENT_3D ( 'NONE', #1464, #966, #1088 ) ;
#1501 = AXIS2_PLACEMENT_3D ( 'NONE', #155, #28, #863 ) ;
#1502 = CARTESIAN_POINT ( 'NONE',  ( 169.7409791417478573, -306.0000000000000568, -195.0000000000000000 ) ) ;
#1503 = VERTEX_POINT ( 'NONE', #497 ) ;
#1504 = CARTESIAN_POINT ( 'NONE',  ( 4.440892098500630201E-13, -320.0000000000002842, -195.0000000000000000 ) ) ;
#1505 = EDGE_CURVE ( 'NONE', #139, #227, #934, .T. ) ;
#1506 = EDGE_LOOP ( 'NONE', ( #645, #436, #148, #627 ) ) ;
#1507 = ORIENTED_EDGE ( 'NONE', *, *, #1034, .T. ) ;
#1508 = CYLINDRICAL_SURFACE ( 'NONE', #1205, 14.00000000000000000 ) ;
#1509 = DIRECTION ( 'NONE',  ( 0.000000000000000000, 0.000000000000000000, -1.000000000000000000 ) ) ;
ENDSEC;
END-ISO-10303-21;
