;FLAVOR:Marlin
;TIME:2834
;Filament used: 1.39189m
;Layer height: 0.1
;MINX:73.345
;MINY:76.38
;MINZ:0.1
;MAXX:161.705
;MAXY:102.809
;MAXZ:22
;TARGET_MACHINE.NAME:Creality Ender-3
;Generated with Cura_SteamEngine 5.11.0
M140 S60
M105
M190 S60
M104 S212
M105
M109 S212
; Ender 3 Custom Start G-code
G92 E0 ; Reset Extruder
G28 ; Home all axes
G1 Z2.0 F3000 ; Move Z Axis up little to prevent scratching of Heat Bed
G1 X0.1 Y20 Z0.3 F5000.0 ; Move to start position
G1 X0.1 Y200.0 Z0.3 F1500.0 E15 ; Draw the first line
G1 X0.4 Y200.0 Z0.3 F5000.0 ; Move to side a little
G1 X0.4 Y20 Z0.3 F1500.0 E30 ; Draw the second line
G92 E0 ; Reset Extruder
G1 Z2.0 F3000 ; Move Z Axis up little to prevent scratching of Heat Bed
G1 X5 Y20 Z0.3 F5000.0 ; Move over to prevent blob squish
M82 ;absolute extrusion mode
G92 E0
G92 E0
G1 F1500 E-6.5
;LAYER_COUNT:220
;LAYER:0
M107
G0 F6000 X74.168 Y78.014 Z0.1
;TYPE:SKIRT
G1 F1500 E0
G1 F1200 X75.003 Y77.236 E0.01898
G1 X76.096 Y76.584 E0.04014
G1 X77.151 Y76.41 E0.05793
G1 X157.941 Y76.38 E1.40147
G1 X158.97 Y76.633 E1.41909
G1 X160.071 Y77.203 E1.43971
G1 X160.848 Y78.037 E1.45867
G1 X161.462 Y79.07 E1.47865
G1 X161.513 Y79.214 E1.48119
G1 X161.695 Y80.435 E1.50172
G1 X161.705 Y81.777 E1.52404
G1 X161.458 Y82.793 E1.54143
G1 X160.882 Y83.906 E1.56227
G1 X160.047 Y84.684 E1.58125
G1 X158.954 Y85.336 E1.60241
G1 X157.899 Y85.51 E1.62019
G1 X77.109 Y85.54 E2.96374
G1 X76.08 Y85.287 E2.98136
G1 X74.979 Y84.717 E3.00198
G1 X74.202 Y83.883 E3.02093
G1 X73.588 Y82.85 E3.04092
G1 X73.537 Y82.706 E3.04346
G1 X73.355 Y81.485 E3.06399
G1 X73.345 Y80.143 E3.08631
G1 X73.592 Y79.127 E3.10369
G1 X74.168 Y78.014 E3.12453
G0 F6000 X74.49 Y78.261
G1 F1200 X75.245 Y77.558 E3.14169
G1 X76.236 Y76.967 E3.16088
G1 X77.216 Y76.805 E3.1774
G1 X157.895 Y76.78 E4.5191
G1 X158.827 Y77.009 E4.53506
G1 X159.824 Y77.525 E4.55372
G1 X160.527 Y78.28 E4.57088
G1 X161.118 Y79.274 E4.59011
G1 X161.295 Y80.438 E4.60969
G1 X161.305 Y81.729 E4.63116
G1 X161.08 Y82.654 E4.64699
G1 X160.56 Y83.659 E4.66581
G1 X159.805 Y84.362 E4.68297
G1 X158.814 Y84.953 E4.70216
G1 X157.834 Y85.115 E4.71867
G1 X77.155 Y85.14 E6.06037
G1 X76.223 Y84.911 E6.07633
G1 X75.226 Y84.395 E6.095
G1 X74.523 Y83.64 E6.11216
G1 X73.932 Y82.646 E6.13139
G1 X73.755 Y81.482 E6.15097
G1 X73.745 Y80.191 E6.17244
G1 X73.97 Y79.266 E6.18827
G1 X74.49 Y78.261 E6.20709
G0 F6000 X74.813 Y78.506
G1 F1200 X75.484 Y77.882 E6.22233
G1 X76.376 Y77.35 E6.2396
G1 X77.281 Y77.2 E6.25485
G1 X157.849 Y77.18 E7.5947
G1 X158.684 Y77.385 E7.609
G1 X159.579 Y77.848 E7.62576
G1 X160.203 Y78.519 E7.641
G1 X160.735 Y79.413 E7.6583
G1 X160.895 Y80.441 E7.6756
G1 X160.905 Y81.681 E7.69622
G1 X160.702 Y82.515 E7.7105
G1 X160.237 Y83.414 E7.72733
G1 X159.566 Y84.038 E7.74257
G1 X158.674 Y84.57 E7.75984
G1 X157.769 Y84.72 E7.77509
G1 X77.201 Y84.74 E9.11495
G1 X76.366 Y84.535 E9.12924
G1 X75.471 Y84.072 E9.146
G1 X74.847 Y83.401 E9.16124
G1 X74.315 Y82.507 E9.17854
G1 X74.155 Y81.479 E9.19584
G1 X74.145 Y80.239 E9.21646
G1 X74.348 Y79.405 E9.23074
G1 X74.813 Y78.506 E9.24757
G0 F6000 X75.136 Y78.751
G1 F1200 X75.723 Y78.206 E9.26089
G1 X76.516 Y77.733 E9.27625
G1 X77.347 Y77.595 E9.29026
G1 X157.803 Y77.58 E10.62824
G1 X158.541 Y77.761 E10.64088
G1 X159.334 Y78.171 E10.65573
G1 X159.879 Y78.758 E10.66905
G1 X160.352 Y79.552 E10.68442
G1 X160.495 Y80.444 E10.69944
G1 X160.505 Y81.633 E10.71921
G1 X160.324 Y82.376 E10.73193
G1 X159.914 Y83.169 E10.74678
G1 X159.327 Y83.714 E10.7601
G1 X158.534 Y84.187 E10.77545
G1 X157.703 Y84.325 E10.78946
G1 X77.247 Y84.34 E12.12745
G1 X76.509 Y84.159 E12.14009
G1 X75.716 Y83.749 E12.15493
G1 X75.171 Y83.162 E12.16825
G1 X74.698 Y82.368 E12.18362
G1 X74.555 Y81.476 E12.19865
G1 X74.545 Y80.287 E12.21842
G1 X74.726 Y79.544 E12.23114
G1 X75.136 Y78.751 E12.24599
G0 F6000 X75.459 Y78.996
G1 F1200 X75.962 Y78.53 E12.25739
G1 X76.656 Y78.116 E12.27083
G1 X77.413 Y77.99 E12.28359
G1 X157.753 Y77.98 E13.61965
G1 X158.402 Y78.139 E13.63076
G1 X159.089 Y78.494 E13.64362
G1 X159.555 Y78.997 E13.65502
G1 X159.969 Y79.691 E13.66846
G1 X160.095 Y80.448 E13.68123
G1 X160.105 Y81.585 E13.70013
G1 X159.946 Y82.237 E13.71129
G1 X159.591 Y82.924 E13.72415
G1 X159.088 Y83.39 E13.73556
G1 X158.394 Y83.804 E13.749
G1 X157.637 Y83.93 E13.76176
G1 X77.297 Y83.94 E15.09782
G1 X76.648 Y83.781 E15.10893
G1 X75.961 Y83.426 E15.12179
G1 X75.495 Y82.923 E15.13319
G1 X75.081 Y82.229 E15.14663
G1 X74.955 Y81.472 E15.15939
G1 X74.945 Y80.335 E15.1783
G1 X75.104 Y79.683 E15.18946
G1 X75.459 Y78.996 E15.20232
G0 F6000 X75.782 Y79.242
G1 F1200 X76.201 Y78.854 E15.21182
G1 X76.796 Y78.499 E15.22334
G1 X77.479 Y78.385 E15.23486
G1 X157.703 Y78.38 E16.56899
G1 X158.263 Y78.517 E16.57858
G1 X158.843 Y78.817 E16.58944
G1 X159.231 Y79.236 E16.59893
G1 X159.586 Y79.831 E16.61046
G1 X159.7 Y80.514 E16.62197
G1 X159.705 Y81.537 E16.63898
G1 X159.568 Y82.098 E16.64859
G1 X159.268 Y82.678 E16.65945
G1 X158.849 Y83.066 E16.66894
G1 X158.254 Y83.421 E16.68047
G1 X157.571 Y83.535 E16.69198
G1 X77.347 Y83.54 E18.02611
G1 X76.787 Y83.403 E18.0357
G1 X76.207 Y83.103 E18.04656
G1 X75.819 Y82.684 E18.05605
G1 X75.464 Y82.089 E18.06758
G1 X75.35 Y81.406 E18.07909
G1 X75.345 Y80.383 E18.09611
G1 X75.482 Y79.822 E18.10571
G1 X75.782 Y79.242 E18.11657
G0 F6000 X76.105 Y79.488
G1 F1200 X75.86 Y79.961 E18.12543
G1 X75.745 Y80.432 E18.13349
G1 X75.745 Y81.34 E18.14859
G1 X75.847 Y81.951 E18.15889
G1 X76.14 Y82.442 E18.1684
G1 X76.453 Y82.78 E18.17606
G1 X76.926 Y83.025 E18.18492
G1 X77.397 Y83.14 E18.19298
G1 X157.505 Y83.14 E19.52518
G1 X158.116 Y83.038 E19.53549
G1 X158.607 Y82.745 E19.54499
G1 X158.945 Y82.432 E19.55265
G1 X159.19 Y81.959 E19.56151
G1 X159.305 Y81.488 E19.56958
G1 X159.305 Y80.58 E19.58468
G1 X159.203 Y79.969 E19.59498
G1 X158.91 Y79.478 E19.60449
G1 X158.597 Y79.14 E19.61215
G1 X158.124 Y78.895 E19.62101
G1 X157.653 Y78.78 E19.62907
G1 X77.545 Y78.78 E20.96127
G1 X76.934 Y78.882 E20.97157
G1 X76.443 Y79.175 E20.98108
G1 X76.105 Y79.488 E20.98874
G0 F6000 X76.428 Y79.734
G1 F1200 X76.238 Y80.1 E20.9956
G1 X76.145 Y80.482 E21.00214
G1 X76.145 Y81.34 E21.01641
G1 X76.23 Y81.813 E21.0244
G1 X76.461 Y82.2 E21.03189
G1 X76.699 Y82.457 E21.03772
G1 X77.065 Y82.647 E21.04458
G1 X77.447 Y82.74 E21.05111
G1 X157.505 Y82.74 E22.38248
G1 X157.978 Y82.655 E22.39048
G1 X158.365 Y82.424 E22.39797
G1 X158.622 Y82.186 E22.4038
G1 X158.812 Y81.82 E22.41066
G1 X158.905 Y81.438 E22.41719
G1 X158.905 Y80.58 E22.43146
G1 X158.82 Y80.107 E22.43945
G1 X158.589 Y79.72 E22.44695
G1 X158.351 Y79.463 E22.45277
G1 X157.985 Y79.273 E22.45963
G1 X157.603 Y79.18 E22.46617
G1 X77.545 Y79.18 E23.79754
G1 X77.072 Y79.265 E23.80553
G1 X76.685 Y79.496 E23.81303
G1 X76.428 Y79.734 E23.81885
G0 F6000 X76.752 Y79.979
G1 F1200 X76.615 Y80.242 E23.82378
G1 X76.545 Y80.531 E23.82873
G1 X76.545 Y81.34 E23.84218
G1 X76.61 Y81.668 E23.84774
G1 X76.805 Y81.995 E23.85408
G1 X76.944 Y82.133 E23.85733
G1 X77.207 Y82.27 E23.86226
G1 X77.496 Y82.34 E23.86721
G1 X157.505 Y82.34 E25.19776
G1 X157.833 Y82.275 E25.20332
G1 X158.16 Y82.08 E25.20966
G1 X158.298 Y81.941 E25.21291
G1 X158.435 Y81.678 E25.21785
G1 X158.505 Y81.389 E25.22279
G1 X158.505 Y80.58 E25.23624
G1 X158.44 Y80.252 E25.2418
G1 X158.245 Y79.925 E25.24814
G1 X158.106 Y79.787 E25.25139
G1 X157.843 Y79.65 E25.25633
G1 X157.554 Y79.58 E25.26127
G1 X77.545 Y79.58 E26.59183
G1 X77.217 Y79.645 E26.59739
G1 X76.89 Y79.84 E26.60372
G1 X76.752 Y79.979 E26.60697
G0 F6000 X77.384 Y80.461
G1 F1200 X77.545 Y80.38 E26.60997
G1 X157.505 Y80.38 E27.93971
G1 X157.624 Y80.419 E27.94179
G1 X157.705 Y80.58 E27.94479
G1 X157.705 Y81.34 E27.95743
G1 X157.666 Y81.459 E27.95951
G1 X157.505 Y81.54 E27.96251
G1 X77.545 Y81.54 E29.29225
G1 X77.426 Y81.501 E29.29433
G1 X77.345 Y81.34 E29.29733
G1 X77.345 Y80.58 E29.30997
G1 X77.384 Y80.461 E29.31205
G0 F6000 X77.004 Y80.336
G1 F1200 X76.945 Y80.58 E29.31623
G1 X76.945 Y81.34 E29.32887
G1 X76.988 Y81.52 E29.33194
G1 X77.149 Y81.79 E29.33717
G1 X77.301 Y81.881 E29.34012
G1 X77.545 Y81.94 E29.34429
G1 X157.505 Y81.94 E30.67403
G1 X157.685 Y81.897 E30.67711
G1 X157.955 Y81.736 E30.68234
G1 X158.046 Y81.584 E30.68528
G1 X158.105 Y81.34 E30.68946
G1 X158.105 Y80.58 E30.7021
G1 X158.062 Y80.4 E30.70517
G1 X157.901 Y80.13 E30.7104
G1 X157.749 Y80.039 E30.71335
G1 X157.505 Y79.98 E30.71752
G1 X77.545 Y79.98 E32.04726
G1 X77.365 Y80.023 E32.05034
G1 X77.095 Y80.184 E32.05557
G1 X77.004 Y80.336 E32.05852
G1 F1500 E25.55852
G0 F6000 X76.88 Y80.336
G0 X77.151 Y93.679
G1 F1500 E32.05852
G1 F1200 X157.941 Y93.649 E33.40206
G1 X158.97 Y93.902 E33.41968
G1 X160.071 Y94.472 E33.4403
G1 X160.848 Y95.306 E33.45925
G1 X161.462 Y96.339 E33.47924
G1 X161.513 Y96.483 E33.48178
G1 X161.695 Y97.704 E33.50231
G1 X161.705 Y99.046 E33.52463
G1 X161.458 Y100.062 E33.54202
G1 X160.882 Y101.175 E33.56286
G1 X160.047 Y101.953 E33.58184
G1 X158.954 Y102.605 E33.603
G1 X157.899 Y102.779 E33.62078
G1 X77.109 Y102.809 E34.96433
G1 X76.08 Y102.556 E34.98195
G1 X74.979 Y101.986 E35.00257
G1 X74.202 Y101.152 E35.02152
G1 X73.588 Y100.119 E35.04151
G1 X73.537 Y99.975 E35.04405
G1 X73.355 Y98.754 E35.06458
G1 X73.345 Y97.412 E35.08689
G1 X73.592 Y96.396 E35.10428
G1 X74.168 Y95.283 E35.12512
G1 X75.003 Y94.505 E35.1441
G1 X76.096 Y93.853 E35.16527
G1 X77.151 Y93.679 E35.18305
G0 F6000 X77.216 Y94.074
G1 F1200 X157.895 Y94.049 E36.52475
G1 X158.827 Y94.278 E36.54071
G1 X159.824 Y94.794 E36.55938
G1 X160.527 Y95.549 E36.57653
G1 X161.118 Y96.543 E36.59576
G1 X161.295 Y97.707 E36.61534
G1 X161.305 Y98.998 E36.63681
G1 X161.08 Y99.923 E36.65265
G1 X160.56 Y100.928 E36.67146
G1 X159.805 Y101.631 E36.68862
G1 X158.814 Y102.222 E36.70781
G1 X157.834 Y102.384 E36.72433
G1 X77.155 Y102.409 E38.06602
G1 X76.223 Y102.18 E38.08198
G1 X75.226 Y101.664 E38.10065
G1 X74.523 Y100.909 E38.11781
G1 X73.932 Y99.915 E38.13704
G1 X73.755 Y98.751 E38.15662
G1 X73.745 Y97.46 E38.17809
G1 X73.97 Y96.535 E38.19392
G1 X74.49 Y95.53 E38.21274
G1 X75.245 Y94.827 E38.2299
G1 X76.236 Y94.236 E38.24908
G1 X77.216 Y94.074 E38.2656
G0 F6000 X77.281 Y94.469
G1 F1200 X157.849 Y94.449 E39.60545
G1 X158.684 Y94.654 E39.61975
G1 X159.579 Y95.117 E39.63651
G1 X160.203 Y95.788 E39.65175
G1 X160.735 Y96.682 E39.66905
G1 X160.895 Y97.71 E39.68635
G1 X160.905 Y98.95 E39.70697
G1 X160.702 Y99.784 E39.72125
G1 X160.237 Y100.683 E39.73808
G1 X159.566 Y101.307 E39.75332
G1 X158.674 Y101.839 E39.77059
G1 X157.769 Y101.989 E39.78584
G1 X77.201 Y102.009 E41.1257
G1 X76.366 Y101.804 E41.13999
G1 X75.471 Y101.341 E41.15675
G1 X74.847 Y100.67 E41.17199
G1 X74.315 Y99.776 E41.18929
G1 X74.155 Y98.748 E41.20659
G1 X74.145 Y97.508 E41.22721
G1 X74.348 Y96.674 E41.24149
G1 X74.813 Y95.775 E41.25832
G1 X75.484 Y95.151 E41.27356
G1 X76.376 Y94.619 E41.29083
G1 X77.281 Y94.469 E41.30609
G0 F6000 X77.347 Y94.864
G1 F1200 X157.803 Y94.849 E42.64407
G1 X158.541 Y95.03 E42.65671
G1 X159.334 Y95.44 E42.67156
G1 X159.879 Y96.027 E42.68488
G1 X160.352 Y96.821 E42.70025
G1 X160.495 Y97.713 E42.71527
G1 X160.505 Y98.902 E42.73504
G1 X160.324 Y99.645 E42.74776
G1 X159.914 Y100.438 E42.76261
G1 X159.327 Y100.983 E42.77593
G1 X158.534 Y101.456 E42.79128
G1 X157.703 Y101.594 E42.80529
G1 X77.247 Y101.609 E44.14328
G1 X76.509 Y101.428 E44.15592
G1 X75.716 Y101.018 E44.17076
G1 X75.171 Y100.431 E44.18409
G1 X74.698 Y99.637 E44.19946
G1 X74.555 Y98.745 E44.21448
G1 X74.545 Y97.556 E44.23425
G1 X74.726 Y96.813 E44.24697
G1 X75.136 Y96.02 E44.26182
G1 X75.723 Y95.475 E44.27514
G1 X76.516 Y95.002 E44.29049
G1 X77.347 Y94.864 E44.3045
G0 F6000 X77.413 Y95.259
G1 F1200 X157.753 Y95.249 E45.64056
G1 X158.402 Y95.408 E45.65167
G1 X159.089 Y95.763 E45.66453
G1 X159.555 Y96.266 E45.67594
G1 X159.969 Y96.96 E45.68937
G1 X160.095 Y97.717 E45.70214
G1 X160.105 Y98.854 E45.72105
G1 X159.946 Y99.506 E45.73221
G1 X159.591 Y100.193 E45.74507
G1 X159.088 Y100.659 E45.75647
G1 X158.394 Y101.073 E45.76991
G1 X157.637 Y101.199 E45.78267
G1 X77.297 Y101.209 E47.11873
G1 X76.648 Y101.05 E47.12984
G1 X75.961 Y100.695 E47.1427
G1 X75.495 Y100.192 E47.1541
G1 X75.081 Y99.498 E47.16754
G1 X74.955 Y98.741 E47.18031
G1 X74.945 Y97.604 E47.19921
G1 X75.104 Y96.952 E47.21038
G1 X75.459 Y96.265 E47.22324
G1 X75.962 Y95.799 E47.23464
G1 X76.656 Y95.385 E47.24808
G1 X77.413 Y95.259 E47.26084
G0 F6000 X77.479 Y95.654
G1 F1200 X157.703 Y95.649 E48.59497
G1 X158.263 Y95.786 E48.60456
G1 X158.843 Y96.086 E48.61542
G1 X159.231 Y96.505 E48.62491
G1 X159.586 Y97.1 E48.63644
G1 X159.7 Y97.783 E48.64795
G1 X159.705 Y98.806 E48.66496
G1 X159.568 Y99.367 E48.67457
G1 X159.268 Y99.947 E48.68543
G1 X158.849 Y100.335 E48.69492
G1 X158.254 Y100.69 E48.70645
G1 X157.571 Y100.804 E48.71796
G1 X77.347 Y100.809 E50.05209
G1 X76.787 Y100.672 E50.06168
G1 X76.207 Y100.372 E50.07254
G1 X75.819 Y99.953 E50.08204
G1 X75.464 Y99.358 E50.09356
G1 X75.35 Y98.675 E50.10507
G1 X75.345 Y97.652 E50.12209
G1 X75.482 Y97.091 E50.13169
G1 X75.782 Y96.511 E50.14255
G1 X76.201 Y96.123 E50.15205
G1 X76.796 Y95.768 E50.16357
G1 X77.479 Y95.654 E50.17508
G0 F6000 X77.545 Y96.049
G1 F1200 X157.653 Y96.049 E51.50728
G1 X158.124 Y96.164 E51.51535
G1 X158.597 Y96.409 E51.52421
G1 X158.91 Y96.747 E51.53187
G1 X159.203 Y97.238 E51.54138
G1 X159.305 Y97.849 E51.55168
G1 X159.305 Y98.757 E51.56678
G1 X159.19 Y99.228 E51.57484
G1 X158.945 Y99.701 E51.5837
G1 X158.607 Y100.014 E51.59136
G1 X158.116 Y100.307 E51.60087
G1 X157.505 Y100.409 E51.61117
G1 X77.397 Y100.409 E52.94337
G1 X76.926 Y100.294 E52.95143
G1 X76.453 Y100.049 E52.96029
G1 X76.14 Y99.711 E52.96795
G1 X75.847 Y99.22 E52.97746
G1 X75.745 Y98.609 E52.98776
G1 X75.745 Y97.701 E53.00286
G1 X75.86 Y97.23 E53.01093
G1 X76.105 Y96.757 E53.01979
G1 X76.443 Y96.444 E53.02745
G1 X76.934 Y96.151 E53.03696
G1 X77.545 Y96.049 E53.04726
G0 F6000 X77.545 Y96.449
G1 F1200 X157.603 Y96.449 E54.37863
G1 X157.985 Y96.542 E54.38517
G1 X158.351 Y96.732 E54.39202
G1 X158.589 Y96.989 E54.39785
G1 X158.82 Y97.376 E54.40534
G1 X158.905 Y97.849 E54.41334
G1 X158.905 Y98.707 E54.4276
G1 X158.812 Y99.089 E54.43414
G1 X158.622 Y99.455 E54.441
G1 X158.365 Y99.693 E54.44683
G1 X157.978 Y99.924 E54.45432
G1 X157.505 Y100.009 E54.46231
G1 X77.447 Y100.009 E55.79368
G1 X77.065 Y99.916 E55.80022
G1 X76.699 Y99.726 E55.80708
G1 X76.461 Y99.469 E55.8129
G1 X76.23 Y99.082 E55.8204
G1 X76.145 Y98.609 E55.82839
G1 X76.145 Y97.751 E55.84266
G1 X76.238 Y97.369 E55.8492
G1 X76.428 Y97.003 E55.85606
G1 X76.685 Y96.765 E55.86188
G1 X77.072 Y96.534 E55.86938
G1 X77.545 Y96.449 E55.87737
G0 F6000 X77.545 Y96.849
G1 F1200 X77.217 Y96.914 E55.88293
G1 X76.89 Y97.109 E55.88926
G1 X76.752 Y97.248 E55.89252
G1 X76.615 Y97.511 E55.89745
G1 X76.545 Y97.8 E55.90239
G1 X76.545 Y98.609 E55.91585
G1 X76.61 Y98.937 E55.92141
G1 X76.805 Y99.264 E55.92774
G1 X76.944 Y99.402 E55.931
G1 X77.207 Y99.539 E55.93593
G1 X77.496 Y99.609 E55.94087
G1 X157.505 Y99.609 E57.27143
G1 X157.833 Y99.544 E57.27699
G1 X158.16 Y99.349 E57.28332
G1 X158.298 Y99.21 E57.28658
G1 X158.435 Y98.947 E57.29151
G1 X158.505 Y98.658 E57.29646
G1 X158.505 Y97.849 E57.30991
G1 X158.44 Y97.521 E57.31547
G1 X158.245 Y97.194 E57.3218
G1 X158.106 Y97.056 E57.32506
G1 X157.843 Y96.919 E57.32999
G1 X157.554 Y96.849 E57.33494
G1 X77.545 Y96.849 E58.66549
G0 F6000 X77.545 Y97.649
G1 F1200 X157.505 Y97.649 E59.99523
G1 X157.624 Y97.688 E59.99731
G1 X157.705 Y97.849 E60.00031
G1 X157.705 Y98.609 E60.01295
G1 X157.666 Y98.728 E60.01503
G1 X157.505 Y98.809 E60.01803
G1 X77.545 Y98.809 E61.34777
G1 X77.426 Y98.77 E61.34985
G1 X77.345 Y98.609 E61.35285
G1 X77.345 Y97.849 E61.36549
G1 X77.384 Y97.73 E61.36757
G1 X77.545 Y97.649 E61.37057
G0 F6000 X77.365 Y97.292
G1 F1200 X77.545 Y97.249 E61.37364
G1 X157.505 Y97.249 E62.70339
G1 X157.749 Y97.308 E62.70756
G1 X157.901 Y97.399 E62.71051
G1 X158.062 Y97.669 E62.71573
G1 X158.105 Y97.849 E62.71881
G1 X158.105 Y98.609 E62.73145
G1 X158.046 Y98.853 E62.73562
G1 X157.955 Y99.005 E62.73857
G1 X157.685 Y99.166 E62.7438
G1 X157.505 Y99.209 E62.74688
G1 X77.545 Y99.209 E64.07662
G1 X77.301 Y99.15 E64.08079
G1 X77.149 Y99.059 E64.08374
G1 X76.988 Y98.789 E64.08897
G1 X76.945 Y98.609 E64.09204
G1 X76.945 Y97.849 E64.10468
G1 X77.004 Y97.605 E64.10886
G1 X77.095 Y97.453 E64.1118
G1 X77.365 Y97.292 E64.11703
G1 F1500 E57.61703
;MESH:90deg_h40_w80_t36.STL
G0 F6000 X77.365 Y97.184
G0 X157.314 Y82.005
G0 X157.314 Y81.15
;TYPE:WALL-OUTER
G1 F1500 E64.11703
G1 F1263.2 X77.734 Y81.15 E65.56287
G1 X77.734 Y80.77 E65.56977
G1 X155.52 Y80.77 E66.98301
G0 F1080 X157.314 Y80.77
G0 X157.314 Y81.15
G0 F6000 X156.714 Y81.15
G1 F1500 E60.48301
;MESH:90deg_h40_w80_t36.STL(1)
G0 F6000 X156.714 Y82.005
G0 X158.158 Y97.196
G0 X158.17 Y98.418
G0 X157.314 Y98.418
G1 F1500 E66.98301
G1 F1263.2 X77.734 Y98.418 E68.42885
G1 X77.734 Y98.038 E68.43576
G1 X155.52 Y98.038 E69.849
G0 F1080 X157.314 Y98.038
G0 X157.314 Y98.418
G0 F6000 X156.714 Y98.418
G1 F1500 E63.349
;MESH:NONMESH
G0 F300 X156.714 Y98.418 Z0.2
G0 F6000 X156.714 Y97.184
G0 X157.324 Y82.005
G0 X157.324 Y81.16
;TIME_ELAPSED:218.314838
;LAYER:1
;note -- min layer time used
M106 S8.5
;TYPE:WALL-OUTER
;MESH:90deg_h40_w80_t36.STL
G1 F1500 E69.849
G1 F2014.6 X77.724 Y81.16 E71.37132
G1 X77.724 Y80.76 E71.37897
G1 X155.55 Y80.76 E72.86735
G0 F1890 X157.324 Y80.76
G0 X157.324 Y81.16
G0 F10500 X156.724 Y81.16
G1 F1500 E66.36735
;MESH:90deg_h40_w80_t36.STL(1)
G0 F10500 X156.724 Y82.025
G0 X158.178 Y97.176
G0 X158.19 Y98.428
G0 X157.324 Y98.428
G1 F1500 E72.86735
G1 F2014.6 X77.724 Y98.428 E74.38967
G1 X77.724 Y98.028 E74.39732
G1 X155.55 Y98.028 E75.88571
G0 F1890 X157.324 Y98.028
G0 X157.324 Y98.428
G0 F10500 X156.724 Y98.428
G1 F1500 E69.38571
;MESH:NONMESH
G0 F300 X156.724 Y98.428 Z0.3
G0 F10500 X156.724 Y97.164
G0 X157.324 Y82.025
G0 X157.324 Y81.16
;TIME_ELAPSED:230.206776
;LAYER:2
;note -- min layer time used
M106 S17
;TYPE:WALL-OUTER
;MESH:90deg_h40_w80_t36.STL
G1 F1500 E75.88571
G1 F2001.4 X77.724 Y81.16 E77.40803
G1 X77.724 Y80.76 E77.41568
G1 X155.55 Y80.76 E78.90407
G0 F2700 X157.324 Y80.76
G0 X157.324 Y81.16
G0 F15000 X156.724 Y81.16
G1 F1500 E72.40407
;MESH:90deg_h40_w80_t36.STL(1)
G0 F15000 X156.724 Y82.025
G0 X158.178 Y97.176
G0 X158.19 Y98.428
G0 X157.324 Y98.428
G1 F1500 E78.90407
G1 F2001.4 X77.724 Y98.428 E80.42638
G1 X77.724 Y98.028 E80.43403
G1 X155.55 Y98.028 E81.92242
G0 F2700 X157.324 Y98.028
G0 X157.324 Y98.428
G0 F15000 X156.724 Y98.428
G1 F1500 E75.42242
;MESH:NONMESH
G0 F300 X156.724 Y98.428 Z0.4
G0 F15000 X156.724 Y97.164
G0 X157.324 Y82.025
G0 X157.324 Y81.16
;TIME_ELAPSED:242.158467
;LAYER:3
;note -- min layer time used
M106 S25.5
;TYPE:WALL-OUTER
;MESH:90deg_h40_w80_t36.STL
G1 F1500 E81.92242
G1 F2001.4 X77.724 Y81.16 E83.44474
G1 X77.724 Y80.76 E83.45239
G1 X155.55 Y80.76 E84.94078
G0 F2700 X157.324 Y80.76
G0 X157.324 Y81.16
G0 F15000 X156.724 Y81.16
G1 F1500 E78.44078
;MESH:90deg_h40_w80_t36.STL(1)
G0 F15000 X156.724 Y82.025
G0 X158.178 Y97.176
G0 X158.19 Y98.428
G0 X157.324 Y98.428
G1 F1500 E84.94078
G1 F2001.4 X77.724 Y98.428 E86.46309
G1 X77.724 Y98.028 E86.47074
G1 X155.55 Y98.028 E87.95913
G0 F2700 X157.324 Y98.028
G0 X157.324 Y98.428
G0 F15000 X156.724 Y98.428
G1 F1500 E81.45913
;MESH:NONMESH
G0 F300 X156.724 Y98.428 Z0.5
G0 F15000 X156.724 Y97.164
G0 X157.324 Y82.025
G0 X157.324 Y81.16
;TIME_ELAPSED:254.110158
;LAYER:4
;note -- min layer time used
;TYPE:WALL-OUTER
;MESH:90deg_h40_w80_t36.STL
G1 F1500 E87.95913
G1 F2001.4 X77.724 Y81.16 E89.48145
G1 X77.724 Y80.76 E89.4891
G1 X155.55 Y80.76 E90.97749
G0 F2700 X157.324 Y80.76
G0 X157.324 Y81.16
G0 F15000 X156.724 Y81.16
G1 F1500 E84.47749
;MESH:90deg_h40_w80_t36.STL(1)
G0 F15000 X156.724 Y82.025
G0 X158.178 Y97.176
G0 X158.19 Y98.428
G0 X157.324 Y98.428
G1 F1500 E90.97749
G1 F2001.4 X77.724 Y98.428 E92.4998
G1 X77.724 Y98.028 E92.50745
G1 X155.55 Y98.028 E93.99584
G0 F2700 X157.324 Y98.028
G0 X157.324 Y98.428
G0 F15000 X156.724 Y98.428
G1 F1500 E87.49584
;MESH:NONMESH
G0 F300 X156.724 Y98.428 Z0.6
G0 F15000 X156.724 Y97.164
G0 X157.324 Y82.025
G0 X157.324 Y81.16
;TIME_ELAPSED:266.061849
;LAYER:5
;note -- min layer time used
;TYPE:WALL-OUTER
;MESH:90deg_h40_w80_t36.STL
G1 F1500 E93.99584
G1 F2001.4 X77.724 Y81.16 E95.51816
G1 X77.724 Y80.76 E95.52581
G1 X155.55 Y80.76 E97.0142
G0 F2700 X157.324 Y80.76
G0 X157.324 Y81.16
G0 F15000 X156.724 Y81.16
G1 F1500 E90.5142
;MESH:90deg_h40_w80_t36.STL(1)
G0 F15000 X156.724 Y82.025
G0 X158.178 Y97.176
G0 X158.19 Y98.428
G0 X157.324 Y98.428
G1 F1500 E97.0142
G1 F2001.4 X77.724 Y98.428 E98.53652
G1 X77.724 Y98.028 E98.54417
G1 X155.55 Y98.028 E100.03255
G0 F2700 X157.324 Y98.028
G0 X157.324 Y98.428
G0 F15000 X156.724 Y98.428
G1 F1500 E93.53255
;MESH:NONMESH
G0 F300 X156.724 Y98.428 Z0.7
G0 F15000 X156.724 Y97.164
G0 X157.324 Y82.025
G0 X157.324 Y81.16
;TIME_ELAPSED:278.013540
;LAYER:6
;note -- min layer time used
;TYPE:WALL-OUTER
;MESH:90deg_h40_w80_t36.STL
G1 F1500 E100.03255
G1 F2001.4 X77.724 Y81.16 E101.55487
G1 X77.724 Y80.76 E101.56252
G1 X155.55 Y80.76 E103.05091
G0 F2700 X157.324 Y80.76
G0 X157.324 Y81.16
G0 F15000 X156.724 Y81.16
G1 F1500 E96.55091
;MESH:90deg_h40_w80_t36.STL(1)
G0 F15000 X156.724 Y82.025
G0 X158.178 Y97.176
G0 X158.19 Y98.428
G0 X157.324 Y98.428
G1 F1500 E103.05091
G1 F2001.4 X77.724 Y98.428 E104.57323
G1 X77.724 Y98.028 E104.58088
G1 X155.55 Y98.028 E106.06927
G0 F2700 X157.324 Y98.028
G0 X157.324 Y98.428
G0 F15000 X156.724 Y98.428
G1 F1500 E99.56927
;MESH:NONMESH
G0 F300 X156.724 Y98.428 Z0.8
G0 F15000 X156.724 Y97.164
G0 X157.324 Y82.025
G0 X157.324 Y81.16
;TIME_ELAPSED:289.965231
;LAYER:7
;note -- min layer time used
;TYPE:WALL-OUTER
;MESH:90deg_h40_w80_t36.STL
G1 F1500 E106.06927
G1 F2001.4 X77.724 Y81.16 E107.59158
G1 X77.724 Y80.76 E107.59923
G1 X155.55 Y80.76 E109.08762
G0 F2700 X157.324 Y80.76
G0 X157.324 Y81.16
G0 F15000 X156.724 Y81.16
G1 F1500 E102.58762
;MESH:90deg_h40_w80_t36.STL(1)
G0 F15000 X156.724 Y82.025
G0 X158.178 Y97.176
G0 X158.19 Y98.428
G0 X157.324 Y98.428
G1 F1500 E109.08762
G1 F2001.4 X77.724 Y98.428 E110.60994
G1 X77.724 Y98.028 E110.61759
G1 X155.55 Y98.028 E112.10598
G0 F2700 X157.324 Y98.028
G0 X157.324 Y98.428
G0 F15000 X156.724 Y98.428
G1 F1500 E105.60598
;MESH:NONMESH
G0 F300 X156.724 Y98.428 Z0.9
G0 F15000 X156.724 Y97.164
G0 X157.324 Y82.025
G0 X157.324 Y81.16
;TIME_ELAPSED:301.916922
;LAYER:8
;note -- min layer time used
;TYPE:WALL-OUTER
;MESH:90deg_h40_w80_t36.STL
G1 F1500 E112.10598
G1 F2001.4 X77.724 Y81.16 E113.62829
G1 X77.724 Y80.76 E113.63594
G1 X155.55 Y80.76 E115.12433
G0 F2700 X157.324 Y80.76
G0 X157.324 Y81.16
G0 F15000 X156.724 Y81.16
G1 F1500 E108.62433
;MESH:90deg_h40_w80_t36.STL(1)
G0 F15000 X156.724 Y82.025
G0 X158.178 Y97.176
G0 X158.19 Y98.428
G0 X157.324 Y98.428
G1 F1500 E115.12433
G1 F2001.4 X77.724 Y98.428 E116.64665
G1 X77.724 Y98.028 E116.6543
G1 X155.55 Y98.028 E118.14269
G0 F2700 X157.324 Y98.028
G0 X157.324 Y98.428
G0 F15000 X156.724 Y98.428
G1 F1500 E111.64269
;MESH:NONMESH
G0 F300 X156.724 Y98.428 Z1
G0 F15000 X156.724 Y97.164
G0 X157.324 Y82.025
G0 X157.324 Y81.16
;TIME_ELAPSED:313.868613
;LAYER:9
;note -- min layer time used
;TYPE:WALL-OUTER
;MESH:90deg_h40_w80_t36.STL
G1 F1500 E118.14269
G1 F2001.4 X77.724 Y81.16 E119.665
G1 X77.724 Y80.76 E119.67265
G1 X155.55 Y80.76 E121.16104
G0 F2700 X157.324 Y80.76
G0 X157.324 Y81.16
G0 F15000 X156.724 Y81.16
G1 F1500 E114.66104
;MESH:90deg_h40_w80_t36.STL(1)
G0 F15000 X156.724 Y82.025
G0 X158.178 Y97.176
G0 X158.19 Y98.428
G0 X157.324 Y98.428
G1 F1500 E121.16104
G1 F2001.4 X77.724 Y98.428 E122.68336
G1 X77.724 Y98.028 E122.69101
G1 X155.55 Y98.028 E124.1794
G0 F2700 X157.324 Y98.028
G0 X157.324 Y98.428
G0 F15000 X156.724 Y98.428
G1 F1500 E117.6794
;MESH:NONMESH
G0 F300 X156.724 Y98.428 Z1.1
G0 F15000 X156.724 Y97.164
G0 X157.324 Y82.025
G0 X157.324 Y81.16
;TIME_ELAPSED:325.820304
;LAYER:10
;note -- min layer time used
;TYPE:WALL-OUTER
;MESH:90deg_h40_w80_t36.STL
G1 F1500 E124.1794
G1 F2001.4 X77.724 Y81.16 E125.70172
G1 X77.724 Y80.76 E125.70937
G1 X155.55 Y80.76 E127.19776
G0 F2700 X157.324 Y80.76
G0 X157.324 Y81.16
G0 F15000 X156.724 Y81.16
G1 F1500 E120.69776
;MESH:90deg_h40_w80_t36.STL(1)
G0 F15000 X156.724 Y82.025
G0 X158.178 Y97.176
G0 X158.19 Y98.428
G0 X157.324 Y98.428
G1 F1500 E127.19776
G1 F2001.4 X77.724 Y98.428 E128.72007
G1 X77.724 Y98.028 E128.72772
G1 X155.55 Y98.028 E130.21611
G0 F2700 X157.324 Y98.028
G0 X157.324 Y98.428
G0 F15000 X156.724 Y98.428
G1 F1500 E123.71611
;MESH:NONMESH
G0 F300 X156.724 Y98.428 Z1.2
G0 F15000 X156.724 Y97.164
G0 X157.324 Y82.025
G0 X157.324 Y81.16
;TIME_ELAPSED:337.771995
;LAYER:11
;note -- min layer time used
;TYPE:WALL-OUTER
;MESH:90deg_h40_w80_t36.STL
G1 F1500 E130.21611
G1 F2001.4 X77.724 Y81.16 E131.73843
G1 X77.724 Y80.76 E131.74608
G1 X155.55 Y80.76 E133.23447
G0 F2700 X157.324 Y80.76
G0 X157.324 Y81.16
G0 F15000 X156.724 Y81.16
G1 F1500 E126.73447
;MESH:90deg_h40_w80_t36.STL(1)
G0 F15000 X156.724 Y82.025
G0 X158.178 Y97.176
G0 X158.19 Y98.428
G0 X157.324 Y98.428
G1 F1500 E133.23447
G1 F2001.4 X77.724 Y98.428 E134.75678
G1 X77.724 Y98.028 E134.76443
G1 X155.55 Y98.028 E136.25282
G0 F2700 X157.324 Y98.028
G0 X157.324 Y98.428
G0 F15000 X156.724 Y98.428
G1 F1500 E129.75282
;MESH:NONMESH
G0 F300 X156.724 Y98.428 Z1.3
G0 F15000 X156.724 Y97.164
G0 X157.324 Y82.025
G0 X157.324 Y81.16
;TIME_ELAPSED:349.723686
;LAYER:12
;note -- min layer time used
;TYPE:WALL-OUTER
;MESH:90deg_h40_w80_t36.STL
G1 F1500 E136.25282
G1 F2001.4 X77.724 Y81.16 E137.77514
G1 X77.724 Y80.76 E137.78279
G1 X155.55 Y80.76 E139.27118
G0 F2700 X157.324 Y80.76
G0 X157.324 Y81.16
G0 F15000 X156.724 Y81.16
G1 F1500 E132.77118
;MESH:90deg_h40_w80_t36.STL(1)
G0 F15000 X156.724 Y82.025
G0 X158.178 Y97.176
G0 X158.19 Y98.428
G0 X157.324 Y98.428
G1 F1500 E139.27118
G1 F2001.4 X77.724 Y98.428 E140.79349
G1 X77.724 Y98.028 E140.80114
G1 X155.55 Y98.028 E142.28953
G0 F2700 X157.324 Y98.028
G0 X157.324 Y98.428
G0 F15000 X156.724 Y98.428
G1 F1500 E135.78953
;MESH:NONMESH
G0 F300 X156.724 Y98.428 Z1.4
G0 F15000 X156.724 Y97.164
G0 X157.324 Y82.025
G0 X157.324 Y81.16
;TIME_ELAPSED:361.675377
;LAYER:13
;note -- min layer time used
;TYPE:WALL-OUTER
;MESH:90deg_h40_w80_t36.STL
G1 F1500 E142.28953
G1 F2001.4 X77.724 Y81.16 E143.81185
G1 X77.724 Y80.76 E143.8195
G1 X155.55 Y80.76 E145.30789
G0 F2700 X157.324 Y80.76
G0 X157.324 Y81.16
G0 F15000 X156.724 Y81.16
G1 F1500 E138.80789
;MESH:90deg_h40_w80_t36.STL(1)
G0 F15000 X156.724 Y82.025
G0 X158.178 Y97.176
G0 X158.19 Y98.428
G0 X157.324 Y98.428
G1 F1500 E145.30789
G1 F2001.4 X77.724 Y98.428 E146.83021
G1 X77.724 Y98.028 E146.83786
G1 X155.55 Y98.028 E148.32624
G0 F2700 X157.324 Y98.028
G0 X157.324 Y98.428
G0 F15000 X156.724 Y98.428
G1 F1500 E141.82624
;MESH:NONMESH
G0 F300 X156.724 Y98.428 Z1.5
G0 F15000 X156.724 Y97.164
G0 X157.324 Y82.025
G0 X157.324 Y81.16
;TIME_ELAPSED:373.627068
;LAYER:14
;note -- min layer time used
;TYPE:WALL-OUTER
;MESH:90deg_h40_w80_t36.STL
G1 F1500 E148.32624
G1 F2001.4 X77.724 Y81.16 E149.84856
G1 X77.724 Y80.76 E149.85621
G1 X155.55 Y80.76 E151.3446
G0 F2700 X157.324 Y80.76
G0 X157.324 Y81.16
G0 F15000 X156.724 Y81.16
G1 F1500 E144.8446
;MESH:90deg_h40_w80_t36.STL(1)
G0 F15000 X156.724 Y82.025
G0 X158.178 Y97.176
G0 X158.19 Y98.428
G0 X157.324 Y98.428
G1 F1500 E151.3446
G1 F2001.4 X77.724 Y98.428 E152.86692
G1 X77.724 Y98.028 E152.87457
G1 X155.55 Y98.028 E154.36296
G0 F2700 X157.324 Y98.028
G0 X157.324 Y98.428
G0 F15000 X156.724 Y98.428
G1 F1500 E147.86296
;MESH:NONMESH
G0 F300 X156.724 Y98.428 Z1.6
G0 F15000 X156.724 Y97.164
G0 X157.324 Y82.025
G0 X157.324 Y81.16
;TIME_ELAPSED:385.578759
;LAYER:15
;note -- min layer time used
;TYPE:WALL-OUTER
;MESH:90deg_h40_w80_t36.STL
G1 F1500 E154.36296
G1 F2001.4 X77.724 Y81.16 E155.88527
G1 X77.724 Y80.76 E155.89292
G1 X155.55 Y80.76 E157.38131
G0 F2700 X157.324 Y80.76
G0 X157.324 Y81.16
G0 F15000 X156.724 Y81.16
G1 F1500 E150.88131
;MESH:90deg_h40_w80_t36.STL(1)
G0 F15000 X156.724 Y82.025
G0 X158.178 Y97.176
G0 X158.19 Y98.428
G0 X157.324 Y98.428
G1 F1500 E157.38131
G1 F2001.4 X77.724 Y98.428 E158.90363
G1 X77.724 Y98.028 E158.91128
G1 X155.55 Y98.028 E160.39967
G0 F2700 X157.324 Y98.028
G0 X157.324 Y98.428
G0 F15000 X156.724 Y98.428
G1 F1500 E153.89967
;MESH:NONMESH
G0 F300 X156.724 Y98.428 Z1.7
G0 F15000 X156.724 Y97.164
G0 X157.324 Y82.025
G0 X157.324 Y81.16
;TIME_ELAPSED:397.530450
;LAYER:16
;note -- min layer time used
;TYPE:WALL-OUTER
;MESH:90deg_h40_w80_t36.STL
G1 F1500 E160.39967
G1 F2001.4 X77.724 Y81.16 E161.92198
G1 X77.724 Y80.76 E161.92963
G1 X155.55 Y80.76 E163.41802
G0 F2700 X157.324 Y80.76
G0 X157.324 Y81.16
G0 F15000 X156.724 Y81.16
G1 F1500 E156.91802
;MESH:90deg_h40_w80_t36.STL(1)
G0 F15000 X156.724 Y82.025
G0 X158.178 Y97.176
G0 X158.19 Y98.428
G0 X157.324 Y98.428
G1 F1500 E163.41802
G1 F2001.4 X77.724 Y98.428 E164.94034
G1 X77.724 Y98.028 E164.94799
G1 X155.55 Y98.028 E166.43638
G0 F2700 X157.324 Y98.028
G0 X157.324 Y98.428
G0 F15000 X156.724 Y98.428
G1 F1500 E159.93638
;MESH:NONMESH
G0 F300 X156.724 Y98.428 Z1.8
G0 F15000 X156.724 Y97.164
G0 X157.324 Y82.025
G0 X157.324 Y81.16
;TIME_ELAPSED:409.482141
;LAYER:17
;note -- min layer time used
;TYPE:WALL-OUTER
;MESH:90deg_h40_w80_t36.STL
G1 F1500 E166.43638
G1 F2001.4 X77.724 Y81.16 E167.95869
G1 X77.724 Y80.76 E167.96634
G1 X155.55 Y80.76 E169.45473
G0 F2700 X157.324 Y80.76
G0 X157.324 Y81.16
G0 F15000 X156.724 Y81.16
G1 F1500 E162.95473
;MESH:90deg_h40_w80_t36.STL(1)
G0 F15000 X156.724 Y82.025
G0 X158.178 Y97.176
G0 X158.19 Y98.428
G0 X157.324 Y98.428
G1 F1500 E169.45473
G1 F2001.4 X77.724 Y98.428 E170.97705
G1 X77.724 Y98.028 E170.9847
G1 X155.55 Y98.028 E172.47309
G0 F2700 X157.324 Y98.028
G0 X157.324 Y98.428
G0 F15000 X156.724 Y98.428
G1 F1500 E165.97309
;MESH:NONMESH
G0 F300 X156.724 Y98.428 Z1.9
G0 F15000 X156.724 Y97.164
G0 X157.324 Y82.025
G0 X157.324 Y81.16
;TIME_ELAPSED:421.433832
;LAYER:18
;note -- min layer time used
;TYPE:WALL-OUTER
;MESH:90deg_h40_w80_t36.STL
G1 F1500 E172.47309
G1 F2001.4 X77.724 Y81.16 E173.99541
G1 X77.724 Y80.76 E174.00306
G1 X155.55 Y80.76 E175.49144
G0 F2700 X157.324 Y80.76
G0 X157.324 Y81.16
G0 F15000 X156.724 Y81.16
G1 F1500 E168.99144
;MESH:90deg_h40_w80_t36.STL(1)
G0 F15000 X156.724 Y82.025
G0 X158.178 Y97.176
G0 X158.19 Y98.428
G0 X157.324 Y98.428
G1 F1500 E175.49144
G1 F2001.4 X77.724 Y98.428 E177.01376
G1 X77.724 Y98.028 E177.02141
G1 X155.55 Y98.028 E178.5098
G0 F2700 X157.324 Y98.028
G0 X157.324 Y98.428
G0 F15000 X156.724 Y98.428
G1 F1500 E172.0098
;MESH:NONMESH
G0 F300 X156.724 Y98.428 Z2
G0 F15000 X156.724 Y97.164
G0 X157.324 Y82.025
G0 X157.324 Y81.16
;TIME_ELAPSED:433.385522
;LAYER:19
;note -- min layer time used
;TYPE:WALL-OUTER
;MESH:90deg_h40_w80_t36.STL
G1 F1500 E178.5098
G1 F2001.4 X77.724 Y81.16 E180.03212
G1 X77.724 Y80.76 E180.03977
G1 X155.55 Y80.76 E181.52816
G0 F2700 X157.324 Y80.76
G0 X157.324 Y81.16
G0 F15000 X156.724 Y81.16
G1 F1500 E175.02816
;MESH:90deg_h40_w80_t36.STL(1)
G0 F15000 X156.724 Y82.025
G0 X158.178 Y97.176
G0 X158.19 Y98.428
G0 X157.324 Y98.428
G1 F1500 E181.52816
G1 F2001.4 X77.724 Y98.428 E183.05047
G1 X77.724 Y98.028 E183.05812
G1 X155.55 Y98.028 E184.54651
G0 F2700 X157.324 Y98.028
G0 X157.324 Y98.428
G0 F15000 X156.724 Y98.428
G1 F1500 E178.04651
;MESH:NONMESH
G0 F300 X156.724 Y98.428 Z2.1
G0 F15000 X156.724 Y97.164
G0 X157.324 Y82.025
G0 X157.324 Y81.16
;TIME_ELAPSED:445.337213
;LAYER:20
;note -- min layer time used
;TYPE:WALL-OUTER
;MESH:90deg_h40_w80_t36.STL
G1 F1500 E184.54651
G1 F2001.4 X77.724 Y81.16 E186.06883
G1 X77.724 Y80.76 E186.07648
G1 X155.55 Y80.76 E187.56487
G0 F2700 X157.324 Y80.76
G0 X157.324 Y81.16
G0 F15000 X156.724 Y81.16
G1 F1500 E181.06487
;MESH:90deg_h40_w80_t36.STL(1)
G0 F15000 X156.724 Y82.025
G0 X158.178 Y97.176
G0 X158.19 Y98.428
G0 X157.324 Y98.428
G1 F1500 E187.56487
G1 F2001.4 X77.724 Y98.428 E189.08718
G1 X77.724 Y98.028 E189.09483
G1 X155.55 Y98.028 E190.58322
G0 F2700 X157.324 Y98.028
G0 X157.324 Y98.428
G0 F15000 X156.724 Y98.428
G1 F1500 E184.08322
;MESH:NONMESH
G0 F300 X156.724 Y98.428 Z2.2
G0 F15000 X156.724 Y97.164
G0 X157.324 Y82.025
G0 X157.324 Y81.16
;TIME_ELAPSED:457.288904
;LAYER:21
;note -- min layer time used
;TYPE:WALL-OUTER
;MESH:90deg_h40_w80_t36.STL
G1 F1500 E190.58322
G1 F2001.4 X77.724 Y81.16 E192.10554
G1 X77.724 Y80.76 E192.11319
G1 X155.55 Y80.76 E193.60158
G0 F2700 X157.324 Y80.76
G0 X157.324 Y81.16
G0 F15000 X156.724 Y81.16
G1 F1500 E187.10158
;MESH:90deg_h40_w80_t36.STL(1)
G0 F15000 X156.724 Y82.025
G0 X158.178 Y97.176
G0 X158.19 Y98.428
G0 X157.324 Y98.428
G1 F1500 E193.60158
G1 F2001.4 X77.724 Y98.428 E195.12389
G1 X77.724 Y98.028 E195.13154
G1 X155.55 Y98.028 E196.61993
G0 F2700 X157.324 Y98.028
G0 X157.324 Y98.428
G0 F15000 X156.724 Y98.428
G1 F1500 E190.11993
;MESH:NONMESH
G0 F300 X156.724 Y98.428 Z2.3
G0 F15000 X156.724 Y97.164
G0 X157.324 Y82.025
G0 X157.324 Y81.16
;TIME_ELAPSED:469.240595
;LAYER:22
;note -- min layer time used
;TYPE:WALL-OUTER
;MESH:90deg_h40_w80_t36.STL
G1 F1500 E196.61993
G1 F2001.4 X77.724 Y81.16 E198.14225
G1 X77.724 Y80.76 E198.1499
G1 X155.55 Y80.76 E199.63829
G0 F2700 X157.324 Y80.76
G0 X157.324 Y81.16
G0 F15000 X156.724 Y81.16
G1 F1500 E193.13829
;MESH:90deg_h40_w80_t36.STL(1)
G0 F15000 X156.724 Y82.025
G0 X158.178 Y97.176
G0 X158.19 Y98.428
G0 X157.324 Y98.428
G1 F1500 E199.63829
G1 F2001.4 X77.724 Y98.428 E201.16061
G1 X77.724 Y98.028 E201.16826
G1 X155.55 Y98.028 E202.65665
G0 F2700 X157.324 Y98.028
G0 X157.324 Y98.428
G0 F15000 X156.724 Y98.428
G1 F1500 E196.15665
;MESH:NONMESH
G0 F300 X156.724 Y98.428 Z2.4
G0 F15000 X156.724 Y97.164
G0 X157.324 Y82.025
G0 X157.324 Y81.16
;TIME_ELAPSED:481.192286
;LAYER:23
;note -- min layer time used
;TYPE:WALL-OUTER
;MESH:90deg_h40_w80_t36.STL
G1 F1500 E202.65665
G1 F2001.4 X77.724 Y81.16 E204.17896
G1 X77.724 Y80.76 E204.18661
G1 X155.55 Y80.76 E205.675
G0 F2700 X157.324 Y80.76
G0 X157.324 Y81.16
G0 F15000 X156.724 Y81.16
G1 F1500 E199.175
;MESH:90deg_h40_w80_t36.STL(1)
G0 F15000 X156.724 Y82.025
G0 X158.178 Y97.176
G0 X158.19 Y98.428
G0 X157.324 Y98.428
G1 F1500 E205.675
G1 F2001.4 X77.724 Y98.428 E207.19732
G1 X77.724 Y98.028 E207.20497
G1 X155.55 Y98.028 E208.69336
G0 F2700 X157.324 Y98.028
G0 X157.324 Y98.428
G0 F15000 X156.724 Y98.428
G1 F1500 E202.19336
;MESH:NONMESH
G0 F300 X156.724 Y98.428 Z2.5
G0 F15000 X156.724 Y97.164
G0 X157.324 Y82.025
G0 X157.324 Y81.16
;TIME_ELAPSED:493.143977
;LAYER:24
;note -- min layer time used
;TYPE:WALL-OUTER
;MESH:90deg_h40_w80_t36.STL
G1 F1500 E208.69336
G1 F2001.4 X77.724 Y81.16 E210.21567
G1 X77.724 Y80.76 E210.22332
G1 X155.55 Y80.76 E211.71171
G0 F2700 X157.324 Y80.76
G0 X157.324 Y81.16
G0 F15000 X156.724 Y81.16
G1 F1500 E205.21171
;MESH:90deg_h40_w80_t36.STL(1)
G0 F15000 X156.724 Y82.025
G0 X158.178 Y97.176
G0 X158.19 Y98.428
G0 X157.324 Y98.428
G1 F1500 E211.71171
G1 F2001.4 X77.724 Y98.428 E213.23403
G1 X77.724 Y98.028 E213.24168
G1 X155.55 Y98.028 E214.73007
G0 F2700 X157.324 Y98.028
G0 X157.324 Y98.428
G0 F15000 X156.724 Y98.428
G1 F1500 E208.23007
;MESH:NONMESH
G0 F300 X156.724 Y98.428 Z2.6
G0 F15000 X156.724 Y97.164
G0 X157.324 Y82.025
G0 X157.324 Y81.16
;TIME_ELAPSED:505.095668
;LAYER:25
;note -- min layer time used
;TYPE:WALL-OUTER
;MESH:90deg_h40_w80_t36.STL
G1 F1500 E214.73007
G1 F2001.4 X77.724 Y81.16 E216.25238
G1 X77.724 Y80.76 E216.26003
G1 X155.55 Y80.76 E217.74842
G0 F2700 X157.324 Y80.76
G0 X157.324 Y81.16
G0 F15000 X156.724 Y81.16
G1 F1500 E211.24842
;MESH:90deg_h40_w80_t36.STL(1)
G0 F15000 X156.724 Y82.025
G0 X158.178 Y97.176
G0 X158.19 Y98.428
G0 X157.324 Y98.428
G1 F1500 E217.74842
G1 F2001.4 X77.724 Y98.428 E219.27074
G1 X77.724 Y98.028 E219.27839
G1 X155.55 Y98.028 E220.76678
G0 F2700 X157.324 Y98.028
G0 X157.324 Y98.428
G0 F15000 X156.724 Y98.428
G1 F1500 E214.26678
;MESH:NONMESH
G0 F300 X156.724 Y98.428 Z2.7
G0 F15000 X156.724 Y97.164
G0 X157.324 Y82.025
G0 X157.324 Y81.16
;TIME_ELAPSED:517.047359
;LAYER:26
;note -- min layer time used
;TYPE:WALL-OUTER
;MESH:90deg_h40_w80_t36.STL
G1 F1500 E220.76678
G1 F2001.4 X77.724 Y81.16 E222.2891
G1 X77.724 Y80.76 E222.29674
G1 X155.55 Y80.76 E223.78513
G0 F2700 X157.324 Y80.76
G0 X157.324 Y81.16
G0 F15000 X156.724 Y81.16
G1 F1500 E217.28513
;MESH:90deg_h40_w80_t36.STL(1)
G0 F15000 X156.724 Y82.025
G0 X158.178 Y97.176
G0 X158.19 Y98.428
G0 X157.324 Y98.428
G1 F1500 E223.78513
G1 F2001.4 X77.724 Y98.428 E225.30745
G1 X77.724 Y98.028 E225.3151
G1 X155.55 Y98.028 E226.80349
G0 F2700 X157.324 Y98.028
G0 X157.324 Y98.428
G0 F15000 X156.724 Y98.428
G1 F1500 E220.30349
;MESH:NONMESH
G0 F300 X156.724 Y98.428 Z2.8
G0 F15000 X156.724 Y97.164
G0 X157.324 Y82.025
G0 X157.324 Y81.16
;TIME_ELAPSED:528.999050
;LAYER:27
;note -- min layer time used
;TYPE:WALL-OUTER
;MESH:90deg_h40_w80_t36.STL
G1 F1500 E226.80349
G1 F2001.4 X77.724 Y81.16 E228.32581
G1 X77.724 Y80.76 E228.33346
G1 X155.55 Y80.76 E229.82185
G0 F2700 X157.324 Y80.76
G0 X157.324 Y81.16
G0 F15000 X156.724 Y81.16
G1 F1500 E223.32185
;MESH:90deg_h40_w80_t36.STL(1)
G0 F15000 X156.724 Y82.025
G0 X158.178 Y97.176
G0 X158.19 Y98.428
G0 X157.324 Y98.428
G1 F1500 E229.82185
G1 F2001.4 X77.724 Y98.428 E231.34416
G1 X77.724 Y98.028 E231.35181
G1 X155.55 Y98.028 E232.8402
G0 F2700 X157.324 Y98.028
G0 X157.324 Y98.428
G0 F15000 X156.724 Y98.428
G1 F1500 E226.3402
;MESH:NONMESH
G0 F300 X156.724 Y98.428 Z2.9
G0 F15000 X156.724 Y97.164
G0 X157.324 Y82.025
G0 X157.324 Y81.16
;TIME_ELAPSED:540.950741
;LAYER:28
;note -- min layer time used
;TYPE:WALL-OUTER
;MESH:90deg_h40_w80_t36.STL
G1 F1500 E232.8402
G1 F2001.4 X77.724 Y81.16 E234.36252
G1 X77.724 Y80.76 E234.37017
G1 X155.55 Y80.76 E235.85856
G0 F2700 X157.324 Y80.76
G0 X157.324 Y81.16
G0 F15000 X156.724 Y81.16
G1 F1500 E229.35856
;MESH:90deg_h40_w80_t36.STL(1)
G0 F15000 X156.724 Y82.025
G0 X158.178 Y97.176
G0 X158.19 Y98.428
G0 X157.324 Y98.428
G1 F1500 E235.85856
G1 F2001.4 X77.724 Y98.428 E237.38087
G1 X77.724 Y98.028 E237.38852
G1 X155.55 Y98.028 E238.87691
G0 F2700 X157.324 Y98.028
G0 X157.324 Y98.428
G0 F15000 X156.724 Y98.428
G1 F1500 E232.37691
;MESH:NONMESH
G0 F300 X156.724 Y98.428 Z3
G0 F15000 X156.724 Y97.164
G0 X157.324 Y82.025
G0 X157.324 Y81.16
;TIME_ELAPSED:552.902432
;LAYER:29
;note -- min layer time used
;TYPE:WALL-OUTER
;MESH:90deg_h40_w80_t36.STL
G1 F1500 E238.87691
G1 F2001.4 X77.724 Y81.16 E240.39923
G1 X77.724 Y80.76 E240.40688
G1 X155.55 Y80.76 E241.89527
G0 F2700 X157.324 Y80.76
G0 X157.324 Y81.16
G0 F15000 X156.724 Y81.16
G1 F1500 E235.39527
;MESH:90deg_h40_w80_t36.STL(1)
G0 F15000 X156.724 Y82.025
G0 X158.178 Y97.176
G0 X158.19 Y98.428
G0 X157.324 Y98.428
G1 F1500 E241.89527
G1 F2001.4 X77.724 Y98.428 E243.41758
G1 X77.724 Y98.028 E243.42523
G1 X155.55 Y98.028 E244.91362
G0 F2700 X157.324 Y98.028
G0 X157.324 Y98.428
G0 F15000 X156.724 Y98.428
G1 F1500 E238.41362
;MESH:NONMESH
G0 F300 X156.724 Y98.428 Z3.1
G0 F15000 X156.724 Y97.164
G0 X157.324 Y82.025
G0 X157.324 Y81.16
;TIME_ELAPSED:564.854123
;LAYER:30
;note -- min layer time used
;TYPE:WALL-OUTER
;MESH:90deg_h40_w80_t36.STL
G1 F1500 E244.91362
G1 F2001.4 X77.724 Y81.16 E246.43594
G1 X77.724 Y80.76 E246.44359
G1 X155.55 Y80.76 E247.93198
G0 F2700 X157.324 Y80.76
G0 X157.324 Y81.16
G0 F15000 X156.724 Y81.16
G1 F1500 E241.43198
;MESH:90deg_h40_w80_t36.STL(1)
G0 F15000 X156.724 Y82.025
G0 X158.178 Y97.176
G0 X158.19 Y98.428
G0 X157.324 Y98.428
G1 F1500 E247.93198
G1 F2001.4 X77.724 Y98.428 E249.4543
G1 X77.724 Y98.028 E249.46195
G1 X155.55 Y98.028 E250.95033
G0 F2700 X157.324 Y98.028
G0 X157.324 Y98.428
G0 F15000 X156.724 Y98.428
G1 F1500 E244.45033
;MESH:NONMESH
G0 F300 X156.724 Y98.428 Z3.2
G0 F15000 X156.724 Y97.164
G0 X157.324 Y82.025
G0 X157.324 Y81.16
;TIME_ELAPSED:576.805814
;LAYER:31
;note -- min layer time used
;TYPE:WALL-OUTER
;MESH:90deg_h40_w80_t36.STL
G1 F1500 E250.95033
G1 F2001.4 X77.724 Y81.16 E252.47265
G1 X77.724 Y80.76 E252.4803
G1 X155.55 Y80.76 E253.96869
G0 F2700 X157.324 Y80.76
G0 X157.324 Y81.16
G0 F15000 X156.724 Y81.16
G1 F1500 E247.46869
;MESH:90deg_h40_w80_t36.STL(1)
G0 F15000 X156.724 Y82.025
G0 X158.178 Y97.176
G0 X158.19 Y98.428
G0 X157.324 Y98.428
G1 F1500 E253.96869
G1 F2001.4 X77.724 Y98.428 E255.49101
G1 X77.724 Y98.028 E255.49866
G1 X155.55 Y98.028 E256.98705
G0 F2700 X157.324 Y98.028
G0 X157.324 Y98.428
G0 F15000 X156.724 Y98.428
G1 F1500 E250.48705
;MESH:NONMESH
G0 F300 X156.724 Y98.428 Z3.3
G0 F15000 X156.724 Y97.164
G0 X157.324 Y82.025
G0 X157.324 Y81.16
;TIME_ELAPSED:588.757505
;LAYER:32
;note -- min layer time used
;TYPE:WALL-OUTER
;MESH:90deg_h40_w80_t36.STL
G1 F1500 E256.98705
G1 F2001.4 X77.724 Y81.16 E258.50936
G1 X77.724 Y80.76 E258.51701
G1 X155.55 Y80.76 E260.0054
G0 F2700 X157.324 Y80.76
G0 X157.324 Y81.16
G0 F15000 X156.724 Y81.16
G1 F1500 E253.5054
;MESH:90deg_h40_w80_t36.STL(1)
G0 F15000 X156.724 Y82.025
G0 X158.178 Y97.176
G0 X158.19 Y98.428
G0 X157.324 Y98.428
G1 F1500 E260.0054
G1 F2001.4 X77.724 Y98.428 E261.52772
G1 X77.724 Y98.028 E261.53537
G1 X155.55 Y98.028 E263.02376
G0 F2700 X157.324 Y98.028
G0 X157.324 Y98.428
G0 F15000 X156.724 Y98.428
G1 F1500 E256.52376
;MESH:NONMESH
G0 F300 X156.724 Y98.428 Z3.4
G0 F15000 X156.724 Y97.164
G0 X157.324 Y82.025
G0 X157.324 Y81.16
;TIME_ELAPSED:600.709196
;LAYER:33
;note -- min layer time used
;TYPE:WALL-OUTER
;MESH:90deg_h40_w80_t36.STL
G1 F1500 E263.02376
G1 F2001.4 X77.724 Y81.16 E264.54607
G1 X77.724 Y80.76 E264.55372
G1 X155.55 Y80.76 E266.04211
G0 F2700 X157.324 Y80.76
G0 X157.324 Y81.16
G0 F15000 X156.724 Y81.16
G1 F1500 E259.54211
;MESH:90deg_h40_w80_t36.STL(1)
G0 F15000 X156.724 Y82.025
G0 X158.178 Y97.176
G0 X158.19 Y98.428
G0 X157.324 Y98.428
G1 F1500 E266.04211
G1 F2001.4 X77.724 Y98.428 E267.56443
G1 X77.724 Y98.028 E267.57208
G1 X155.55 Y98.028 E269.06047
G0 F2700 X157.324 Y98.028
G0 X157.324 Y98.428
G0 F15000 X156.724 Y98.428
G1 F1500 E262.56047
;MESH:NONMESH
G0 F300 X156.724 Y98.428 Z3.5
G0 F15000 X156.724 Y97.164
G0 X157.324 Y82.025
G0 X157.324 Y81.16
;TIME_ELAPSED:612.660887
;LAYER:34
;note -- min layer time used
;TYPE:WALL-OUTER
;MESH:90deg_h40_w80_t36.STL
G1 F1500 E269.06047
G1 F2001.4 X77.724 Y81.16 E270.58278
G1 X77.724 Y80.76 E270.59043
G1 X155.55 Y80.76 E272.07882
G0 F2700 X157.324 Y80.76
G0 X157.324 Y81.16
G0 F15000 X156.724 Y81.16
G1 F1500 E265.57882
;MESH:90deg_h40_w80_t36.STL(1)
G0 F15000 X156.724 Y82.025
G0 X158.178 Y97.176
G0 X158.19 Y98.428
G0 X157.324 Y98.428
G1 F1500 E272.07882
G1 F2001.4 X77.724 Y98.428 E273.60114
G1 X77.724 Y98.028 E273.60879
G1 X155.55 Y98.028 E275.09718
G0 F2700 X157.324 Y98.028
G0 X157.324 Y98.428
G0 F15000 X156.724 Y98.428
G1 F1500 E268.59718
;MESH:NONMESH
G0 F300 X156.724 Y98.428 Z3.6
G0 F15000 X156.724 Y97.164
G0 X157.324 Y82.025
G0 X157.324 Y81.16
;TIME_ELAPSED:624.612578
;LAYER:35
;note -- min layer time used
;TYPE:WALL-OUTER
;MESH:90deg_h40_w80_t36.STL
G1 F1500 E275.09718
G1 F2001.4 X77.724 Y81.16 E276.6195
G1 X77.724 Y80.76 E276.62715
G1 X155.55 Y80.76 E278.11553
G0 F2700 X157.324 Y80.76
G0 X157.324 Y81.16
G0 F15000 X156.724 Y81.16
G1 F1500 E271.61553
;MESH:90deg_h40_w80_t36.STL(1)
G0 F15000 X156.724 Y82.025
G0 X158.178 Y97.176
G0 X158.19 Y98.428
G0 X157.324 Y98.428
G1 F1500 E278.11553
G1 F2001.4 X77.724 Y98.428 E279.63785
G1 X77.724 Y98.028 E279.6455
G1 X155.55 Y98.028 E281.13389
G0 F2700 X157.324 Y98.028
G0 X157.324 Y98.428
G0 F15000 X156.724 Y98.428
G1 F1500 E274.63389
;MESH:NONMESH
G0 F300 X156.724 Y98.428 Z3.7
G0 F15000 X156.724 Y97.164
G0 X157.324 Y82.025
G0 X157.324 Y81.16
;TIME_ELAPSED:636.564269
;LAYER:36
;note -- min layer time used
;TYPE:WALL-OUTER
;MESH:90deg_h40_w80_t36.STL
G1 F1500 E281.13389
G1 F2001.4 X77.724 Y81.16 E282.65621
G1 X77.724 Y80.76 E282.66386
G1 X155.55 Y80.76 E284.15225
G0 F2700 X157.324 Y80.76
G0 X157.324 Y81.16
G0 F15000 X156.724 Y81.16
G1 F1500 E277.65225
;MESH:90deg_h40_w80_t36.STL(1)
G0 F15000 X156.724 Y82.025
G0 X158.178 Y97.176
G0 X158.19 Y98.428
G0 X157.324 Y98.428
G1 F1500 E284.15225
G1 F2001.4 X77.724 Y98.428 E285.67456
G1 X77.724 Y98.028 E285.68221
G1 X155.55 Y98.028 E287.1706
G0 F2700 X157.324 Y98.028
G0 X157.324 Y98.428
G0 F15000 X156.724 Y98.428
G1 F1500 E280.6706
;MESH:NONMESH
G0 F300 X156.724 Y98.428 Z3.8
G0 F15000 X156.724 Y97.164
G0 X157.324 Y82.025
G0 X157.324 Y81.16
;TIME_ELAPSED:648.515960
;LAYER:37
;note -- min layer time used
;TYPE:WALL-OUTER
;MESH:90deg_h40_w80_t36.STL
G1 F1500 E287.1706
G1 F2001.4 X77.724 Y81.16 E288.69292
G1 X77.724 Y80.76 E288.70057
G1 X155.55 Y80.76 E290.18896
G0 F2700 X157.324 Y80.76
G0 X157.324 Y81.16
G0 F15000 X156.724 Y81.16
G1 F1500 E283.68896
;MESH:90deg_h40_w80_t36.STL(1)
G0 F15000 X156.724 Y82.025
G0 X158.178 Y97.176
G0 X158.19 Y98.428
G0 X157.324 Y98.428
G1 F1500 E290.18896
G1 F2001.4 X77.724 Y98.428 E291.71127
G1 X77.724 Y98.028 E291.71892
G1 X155.55 Y98.028 E293.20731
G0 F2700 X157.324 Y98.028
G0 X157.324 Y98.428
G0 F15000 X156.724 Y98.428
G1 F1500 E286.70731
;MESH:NONMESH
G0 F300 X156.724 Y98.428 Z3.9
G0 F15000 X156.724 Y97.164
G0 X157.324 Y82.025
G0 X157.324 Y81.16
;TIME_ELAPSED:660.467651
;LAYER:38
;note -- min layer time used
;TYPE:WALL-OUTER
;MESH:90deg_h40_w80_t36.STL
G1 F1500 E293.20731
G1 F2001.4 X77.724 Y81.16 E294.72963
G1 X77.724 Y80.76 E294.73728
G1 X155.55 Y80.76 E296.22567
G0 F2700 X157.324 Y80.76
G0 X157.324 Y81.16
G0 F15000 X156.724 Y81.16
G1 F1500 E289.72567
;MESH:90deg_h40_w80_t36.STL(1)
G0 F15000 X156.724 Y82.025
G0 X158.178 Y97.176
G0 X158.19 Y98.428
G0 X157.324 Y98.428
G1 F1500 E296.22567
G1 F2001.4 X77.724 Y98.428 E297.74798
G1 X77.724 Y98.028 E297.75563
G1 X155.55 Y98.028 E299.24402
G0 F2700 X157.324 Y98.028
G0 X157.324 Y98.428
G0 F15000 X156.724 Y98.428
G1 F1500 E292.74402
;MESH:NONMESH
G0 F300 X156.724 Y98.428 Z4
G0 F15000 X156.724 Y97.164
G0 X157.324 Y82.025
G0 X157.324 Y81.16
;TIME_ELAPSED:672.419342
;LAYER:39
;note -- min layer time used
;TYPE:WALL-OUTER
;MESH:90deg_h40_w80_t36.STL
G1 F1500 E299.24402
G1 F2001.4 X77.724 Y81.16 E300.76634
G1 X77.724 Y80.76 E300.77399
G1 X155.55 Y80.76 E302.26238
G0 F2700 X157.324 Y80.76
G0 X157.324 Y81.16
G0 F15000 X156.724 Y81.16
G1 F1500 E295.76238
;MESH:90deg_h40_w80_t36.STL(1)
G0 F15000 X156.724 Y82.025
G0 X158.178 Y97.176
G0 X158.19 Y98.428
G0 X157.324 Y98.428
G1 F1500 E302.26238
G1 F2001.4 X77.724 Y98.428 E303.7847
G1 X77.724 Y98.028 E303.79235
G1 X155.55 Y98.028 E305.28074
G0 F2700 X157.324 Y98.028
G0 X157.324 Y98.428
G0 F15000 X156.724 Y98.428
G1 F1500 E298.78074
;MESH:NONMESH
G0 F300 X156.724 Y98.428 Z4.1
G0 F15000 X156.724 Y97.164
G0 X157.324 Y82.025
G0 X157.324 Y81.16
;TIME_ELAPSED:684.371033
;LAYER:40
;note -- min layer time used
;TYPE:WALL-OUTER
;MESH:90deg_h40_w80_t36.STL
G1 F1500 E305.28074
G1 F2001.4 X77.724 Y81.16 E306.80305
G1 X77.724 Y80.76 E306.8107
G1 X155.55 Y80.76 E308.29909
G0 F2700 X157.324 Y80.76
G0 X157.324 Y81.16
G0 F15000 X156.724 Y81.16
G1 F1500 E301.79909
;MESH:90deg_h40_w80_t36.STL(1)
G0 F15000 X156.724 Y82.025
G0 X158.178 Y97.176
G0 X158.19 Y98.428
G0 X157.324 Y98.428
G1 F1500 E308.29909
G1 F2001.4 X77.724 Y98.428 E309.82141
G1 X77.724 Y98.028 E309.82906
G1 X155.55 Y98.028 E311.31745
G0 F2700 X157.324 Y98.028
G0 X157.324 Y98.428
G0 F15000 X156.724 Y98.428
G1 F1500 E304.81745
;MESH:NONMESH
G0 F300 X156.724 Y98.428 Z4.2
G0 F15000 X156.724 Y97.164
G0 X157.324 Y82.025
G0 X157.324 Y81.16
;TIME_ELAPSED:696.322724
;LAYER:41
;note -- min layer time used
;TYPE:WALL-OUTER
;MESH:90deg_h40_w80_t36.STL
G1 F1500 E311.31745
G1 F2001.4 X77.724 Y81.16 E312.83976
G1 X77.724 Y80.76 E312.84741
G1 X155.55 Y80.76 E314.3358
G0 F2700 X157.324 Y80.76
G0 X157.324 Y81.16
G0 F15000 X156.724 Y81.16
G1 F1500 E307.8358
;MESH:90deg_h40_w80_t36.STL(1)
G0 F15000 X156.724 Y82.025
G0 X158.178 Y97.176
G0 X158.19 Y98.428
G0 X157.324 Y98.428
G1 F1500 E314.3358
G1 F2001.4 X77.724 Y98.428 E315.85812
G1 X77.724 Y98.028 E315.86577
G1 X155.55 Y98.028 E317.35416
G0 F2700 X157.324 Y98.028
G0 X157.324 Y98.428
G0 F15000 X156.724 Y98.428
G1 F1500 E310.85416
;MESH:NONMESH
G0 F300 X156.724 Y98.428 Z4.3
G0 F15000 X156.724 Y97.164
G0 X157.324 Y82.025
G0 X157.324 Y81.16
;TIME_ELAPSED:708.274415
;LAYER:42
;note -- min layer time used
;TYPE:WALL-OUTER
;MESH:90deg_h40_w80_t36.STL
G1 F1500 E317.35416
G1 F2001.4 X77.724 Y81.16 E318.87647
G1 X77.724 Y80.76 E318.88412
G1 X155.55 Y80.76 E320.37251
G0 F2700 X157.324 Y80.76
G0 X157.324 Y81.16
G0 F15000 X156.724 Y81.16
G1 F1500 E313.87251
;MESH:90deg_h40_w80_t36.STL(1)
G0 F15000 X156.724 Y82.025
G0 X158.178 Y97.176
G0 X158.19 Y98.428
G0 X157.324 Y98.428
G1 F1500 E320.37251
G1 F2001.4 X77.724 Y98.428 E321.89483
G1 X77.724 Y98.028 E321.90248
G1 X155.55 Y98.028 E323.39087
G0 F2700 X157.324 Y98.028
G0 X157.324 Y98.428
G0 F15000 X156.724 Y98.428
G1 F1500 E316.89087
;MESH:NONMESH
G0 F300 X156.724 Y98.428 Z4.4
G0 F15000 X156.724 Y97.164
G0 X157.324 Y82.025
G0 X157.324 Y81.16
;TIME_ELAPSED:720.226106
;LAYER:43
;note -- min layer time used
;TYPE:WALL-OUTER
;MESH:90deg_h40_w80_t36.STL
G1 F1500 E323.39087
G1 F2001.4 X77.724 Y81.16 E324.91319
G1 X77.724 Y80.76 E324.92084
G1 X155.55 Y80.76 E326.40922
G0 F2700 X157.324 Y80.76
G0 X157.324 Y81.16
G0 F15000 X156.724 Y81.16
G1 F1500 E319.90922
;MESH:90deg_h40_w80_t36.STL(1)
G0 F15000 X156.724 Y82.025
G0 X158.178 Y97.176
G0 X158.19 Y98.428
G0 X157.324 Y98.428
G1 F1500 E326.40922
G1 F2001.4 X77.724 Y98.428 E327.93154
G1 X77.724 Y98.028 E327.93919
G1 X155.55 Y98.028 E329.42758
G0 F2700 X157.324 Y98.028
G0 X157.324 Y98.428
G0 F15000 X156.724 Y98.428
G1 F1500 E322.92758
;MESH:NONMESH
G0 F300 X156.724 Y98.428 Z4.5
G0 F15000 X156.724 Y97.164
G0 X157.324 Y82.025
G0 X157.324 Y81.16
;TIME_ELAPSED:732.177797
;LAYER:44
;note -- min layer time used
;TYPE:WALL-OUTER
;MESH:90deg_h40_w80_t36.STL
G1 F1500 E329.42758
G1 F2001.4 X77.724 Y81.16 E330.9499
G1 X77.724 Y80.76 E330.95755
G1 X155.55 Y80.76 E332.44594
G0 F2700 X157.324 Y80.76
G0 X157.324 Y81.16
G0 F15000 X156.724 Y81.16
G1 F1500 E325.94594
;MESH:90deg_h40_w80_t36.STL(1)
G0 F15000 X156.724 Y82.025
G0 X158.178 Y97.176
G0 X158.19 Y98.428
G0 X157.324 Y98.428
G1 F1500 E332.44594
G1 F2001.4 X77.724 Y98.428 E333.96825
G1 X77.724 Y98.028 E333.9759
G1 X155.55 Y98.028 E335.46429
G0 F2700 X157.324 Y98.028
G0 X157.324 Y98.428
G0 F15000 X156.724 Y98.428
G1 F1500 E328.96429
;MESH:NONMESH
G0 F300 X156.724 Y98.428 Z4.6
G0 F15000 X156.724 Y97.164
G0 X157.324 Y82.025
G0 X157.324 Y81.16
;TIME_ELAPSED:744.129488
;LAYER:45
;note -- min layer time used
;TYPE:WALL-OUTER
;MESH:90deg_h40_w80_t36.STL
G1 F1500 E335.46429
G1 F2001.4 X77.724 Y81.16 E336.98661
G1 X77.724 Y80.76 E336.99426
G1 X155.55 Y80.76 E338.48265
G0 F2700 X157.324 Y80.76
G0 X157.324 Y81.16
G0 F15000 X156.724 Y81.16
G1 F1500 E331.98265
;MESH:90deg_h40_w80_t36.STL(1)
G0 F15000 X156.724 Y82.025
G0 X158.178 Y97.176
G0 X158.19 Y98.428
G0 X157.324 Y98.428
G1 F1500 E338.48265
G1 F2001.4 X77.724 Y98.428 E340.00496
G1 X77.724 Y98.028 E340.01261
G1 X155.55 Y98.028 E341.501
G0 F2700 X157.324 Y98.028
G0 X157.324 Y98.428
G0 F15000 X156.724 Y98.428
G1 F1500 E335.001
;MESH:NONMESH
G0 F300 X156.724 Y98.428 Z4.7
G0 F15000 X156.724 Y97.164
G0 X157.324 Y82.025
G0 X157.324 Y81.16
;TIME_ELAPSED:756.081179
;LAYER:46
;note -- min layer time used
;TYPE:WALL-OUTER
;MESH:90deg_h40_w80_t36.STL
G1 F1500 E341.501
G1 F2001.4 X77.724 Y81.16 E343.02332
G1 X77.724 Y80.76 E343.03097
G1 X155.55 Y80.76 E344.51936
G0 F2700 X157.324 Y80.76
G0 X157.324 Y81.16
G0 F15000 X156.724 Y81.16
G1 F1500 E338.01936
;MESH:90deg_h40_w80_t36.STL(1)
G0 F15000 X156.724 Y82.025
G0 X158.178 Y97.176
G0 X158.19 Y98.428
G0 X157.324 Y98.428
G1 F1500 E344.51936
G1 F2001.4 X77.724 Y98.428 E346.04167
G1 X77.724 Y98.028 E346.04932
G1 X155.55 Y98.028 E347.53771
G0 F2700 X157.324 Y98.028
G0 X157.324 Y98.428
G0 F15000 X156.724 Y98.428
G1 F1500 E341.03771
;MESH:NONMESH
G0 F300 X156.724 Y98.428 Z4.8
G0 F15000 X156.724 Y97.164
G0 X157.324 Y82.025
G0 X157.324 Y81.16
;TIME_ELAPSED:768.032870
;LAYER:47
;note -- min layer time used
;TYPE:WALL-OUTER
;MESH:90deg_h40_w80_t36.STL
G1 F1500 E347.53771
G1 F2001.4 X77.724 Y81.16 E349.06003
G1 X77.724 Y80.76 E349.06768
G1 X155.55 Y80.76 E350.55607
G0 F2700 X157.324 Y80.76
G0 X157.324 Y81.16
G0 F15000 X156.724 Y81.16
G1 F1500 E344.05607
;MESH:90deg_h40_w80_t36.STL(1)
G0 F15000 X156.724 Y82.025
G0 X158.178 Y97.176
G0 X158.19 Y98.428
G0 X157.324 Y98.428
G1 F1500 E350.55607
G1 F2001.4 X77.724 Y98.428 E352.07839
G1 X77.724 Y98.028 E352.08604
G1 X155.55 Y98.028 E353.57442
G0 F2700 X157.324 Y98.028
G0 X157.324 Y98.428
G0 F15000 X156.724 Y98.428
G1 F1500 E347.07442
;MESH:NONMESH
G0 F300 X156.724 Y98.428 Z4.9
G0 F15000 X156.724 Y97.164
G0 X157.324 Y82.025
G0 X157.324 Y81.16
;TIME_ELAPSED:779.984561
;LAYER:48
;note -- min layer time used
;TYPE:WALL-OUTER
;MESH:90deg_h40_w80_t36.STL
G1 F1500 E353.57442
G1 F2001.4 X77.724 Y81.16 E355.09674
G1 X77.724 Y80.76 E355.10439
G1 X155.55 Y80.76 E356.59278
G0 F2700 X157.324 Y80.76
G0 X157.324 Y81.16
G0 F15000 X156.724 Y81.16
G1 F1500 E350.09278
;MESH:90deg_h40_w80_t36.STL(1)
G0 F15000 X156.724 Y82.025
G0 X158.178 Y97.176
G0 X158.19 Y98.428
G0 X157.324 Y98.428
G1 F1500 E356.59278
G1 F2001.4 X77.724 Y98.428 E358.1151
G1 X77.724 Y98.028 E358.12275
G1 X155.55 Y98.028 E359.61114
G0 F2700 X157.324 Y98.028
G0 X157.324 Y98.428
G0 F15000 X156.724 Y98.428
G1 F1500 E353.11114
;MESH:NONMESH
G0 F300 X156.724 Y98.428 Z5
G0 F15000 X156.724 Y97.164
G0 X157.324 Y82.025
G0 X157.324 Y81.16
;TIME_ELAPSED:791.936252
;LAYER:49
;note -- min layer time used
;TYPE:WALL-OUTER
;MESH:90deg_h40_w80_t36.STL
G1 F1500 E359.61114
G1 F2001.4 X77.724 Y81.16 E361.13345
G1 X77.724 Y80.76 E361.1411
G1 X155.55 Y80.76 E362.62949
G0 F2700 X157.324 Y80.76
G0 X157.324 Y81.16
G0 F15000 X156.724 Y81.16
G1 F1500 E356.12949
;MESH:90deg_h40_w80_t36.STL(1)
G0 F15000 X156.724 Y82.025
G0 X158.178 Y97.176
G0 X158.19 Y98.428
G0 X157.324 Y98.428
G1 F1500 E362.62949
G1 F2001.4 X77.724 Y98.428 E364.15181
G1 X77.724 Y98.028 E364.15946
G1 X155.55 Y98.028 E365.64785
G0 F2700 X157.324 Y98.028
G0 X157.324 Y98.428
G0 F15000 X156.724 Y98.428
G1 F1500 E359.14785
;MESH:NONMESH
G0 F300 X156.724 Y98.428 Z5.1
G0 F15000 X156.724 Y97.164
G0 X157.324 Y82.025
G0 X157.324 Y81.16
;TIME_ELAPSED:803.887943
;LAYER:50
;note -- min layer time used
;TYPE:WALL-OUTER
;MESH:90deg_h40_w80_t36.STL
G1 F1500 E365.64785
G1 F2001.4 X77.724 Y81.16 E367.17016
G1 X77.724 Y80.76 E367.17781
G1 X155.55 Y80.76 E368.6662
G0 F2700 X157.324 Y80.76
G0 X157.324 Y81.16
G0 F15000 X156.724 Y81.16
G1 F1500 E362.1662
;MESH:90deg_h40_w80_t36.STL(1)
G0 F15000 X156.724 Y82.025
G0 X158.178 Y97.176
G0 X158.19 Y98.428
G0 X157.324 Y98.428
G1 F1500 E368.6662
G1 F2001.4 X77.724 Y98.428 E370.18852
G1 X77.724 Y98.028 E370.19617
G1 X155.55 Y98.028 E371.68456
G0 F2700 X157.324 Y98.028
G0 X157.324 Y98.428
G0 F15000 X156.724 Y98.428
G1 F1500 E365.18456
;MESH:NONMESH
G0 F300 X156.724 Y98.428 Z5.2
G0 F15000 X156.724 Y97.164
G0 X157.324 Y82.025
G0 X157.324 Y81.16
;TIME_ELAPSED:815.839634
;LAYER:51
;note -- min layer time used
;TYPE:WALL-OUTER
;MESH:90deg_h40_w80_t36.STL
G1 F1500 E371.68456
G1 F2001.4 X77.724 Y81.16 E373.20687
G1 X77.724 Y80.76 E373.21452
G1 X155.55 Y80.76 E374.70291
G0 F2700 X157.324 Y80.76
G0 X157.324 Y81.16
G0 F15000 X156.724 Y81.16
G1 F1500 E368.20291
;MESH:90deg_h40_w80_t36.STL(1)
G0 F15000 X156.724 Y82.025
G0 X158.178 Y97.176
G0 X158.19 Y98.428
G0 X157.324 Y98.428
G1 F1500 E374.70291
G1 F2001.4 X77.724 Y98.428 E376.22523
G1 X77.724 Y98.028 E376.23288
G1 X155.55 Y98.028 E377.72127
G0 F2700 X157.324 Y98.028
G0 X157.324 Y98.428
G0 F15000 X156.724 Y98.428
G1 F1500 E371.22127
;MESH:NONMESH
G0 F300 X156.724 Y98.428 Z5.3
G0 F15000 X156.724 Y97.164
G0 X157.324 Y82.025
G0 X157.324 Y81.16
;TIME_ELAPSED:827.791325
;LAYER:52
;note -- min layer time used
;TYPE:WALL-OUTER
;MESH:90deg_h40_w80_t36.STL
G1 F1500 E377.72127
G1 F2001.4 X77.724 Y81.16 E379.24359
G1 X77.724 Y80.76 E379.25124
G1 X155.55 Y80.76 E380.73963
G0 F2700 X157.324 Y80.76
G0 X157.324 Y81.16
G0 F15000 X156.724 Y81.16
G1 F1500 E374.23963
;MESH:90deg_h40_w80_t36.STL(1)
G0 F15000 X156.724 Y82.025
G0 X158.178 Y97.176
G0 X158.19 Y98.428
G0 X157.324 Y98.428
G1 F1500 E380.73963
G1 F2001.4 X77.724 Y98.428 E382.26194
G1 X77.724 Y98.028 E382.26959
G1 X155.55 Y98.028 E383.75798
G0 F2700 X157.324 Y98.028
G0 X157.324 Y98.428
G0 F15000 X156.724 Y98.428
G1 F1500 E377.25798
;MESH:NONMESH
G0 F300 X156.724 Y98.428 Z5.4
G0 F15000 X156.724 Y97.164
G0 X157.324 Y82.025
G0 X157.324 Y81.16
;TIME_ELAPSED:839.743016
;LAYER:53
;note -- min layer time used
;TYPE:WALL-OUTER
;MESH:90deg_h40_w80_t36.STL
G1 F1500 E383.75798
G1 F2001.4 X77.724 Y81.16 E385.2803
G1 X77.724 Y80.76 E385.28795
G1 X155.55 Y80.76 E386.77634
G0 F2700 X157.324 Y80.76
G0 X157.324 Y81.16
G0 F15000 X156.724 Y81.16
G1 F1500 E380.27634
;MESH:90deg_h40_w80_t36.STL(1)
G0 F15000 X156.724 Y82.025
G0 X158.178 Y97.176
G0 X158.19 Y98.428
G0 X157.324 Y98.428
G1 F1500 E386.77634
G1 F2001.4 X77.724 Y98.428 E388.29865
G1 X77.724 Y98.028 E388.3063
G1 X155.55 Y98.028 E389.79469
G0 F2700 X157.324 Y98.028
G0 X157.324 Y98.428
G0 F15000 X156.724 Y98.428
G1 F1500 E383.29469
;MESH:NONMESH
G0 F300 X156.724 Y98.428 Z5.5
G0 F15000 X156.724 Y97.164
G0 X157.324 Y82.025
G0 X157.324 Y81.16
;TIME_ELAPSED:851.694707
;LAYER:54
;note -- min layer time used
;TYPE:WALL-OUTER
;MESH:90deg_h40_w80_t36.STL
G1 F1500 E389.79469
G1 F2001.4 X77.724 Y81.16 E391.31701
G1 X77.724 Y80.76 E391.32466
G1 X155.55 Y80.76 E392.81305
G0 F2700 X157.324 Y80.76
G0 X157.324 Y81.16
G0 F15000 X156.724 Y81.16
G1 F1500 E386.31305
;MESH:90deg_h40_w80_t36.STL(1)
G0 F15000 X156.724 Y82.025
G0 X158.178 Y97.176
G0 X158.19 Y98.428
G0 X157.324 Y98.428
G1 F1500 E392.81305
G1 F2001.4 X77.724 Y98.428 E394.33536
G1 X77.724 Y98.028 E394.34301
G1 X155.55 Y98.028 E395.8314
G0 F2700 X157.324 Y98.028
G0 X157.324 Y98.428
G0 F15000 X156.724 Y98.428
G1 F1500 E389.3314
;MESH:NONMESH
G0 F300 X156.724 Y98.428 Z5.6
G0 F15000 X156.724 Y97.164
G0 X157.324 Y82.025
G0 X157.324 Y81.16
;TIME_ELAPSED:863.646398
;LAYER:55
;note -- min layer time used
;TYPE:WALL-OUTER
;MESH:90deg_h40_w80_t36.STL
G1 F1500 E395.8314
G1 F2001.4 X77.724 Y81.16 E397.35372
G1 X77.724 Y80.76 E397.36137
G1 X155.55 Y80.76 E398.84976
G0 F2700 X157.324 Y80.76
G0 X157.324 Y81.16
G0 F15000 X156.724 Y81.16
G1 F1500 E392.34976
;MESH:90deg_h40_w80_t36.STL(1)
G0 F15000 X156.724 Y82.025
G0 X158.178 Y97.176
G0 X158.19 Y98.428
G0 X157.324 Y98.428
G1 F1500 E398.84976
G1 F2001.4 X77.724 Y98.428 E400.37208
G1 X77.724 Y98.028 E400.37972
G1 X155.55 Y98.028 E401.86811
G0 F2700 X157.324 Y98.028
G0 X157.324 Y98.428
G0 F15000 X156.724 Y98.428
G1 F1500 E395.36811
;MESH:NONMESH
G0 F300 X156.724 Y98.428 Z5.7
G0 F15000 X156.724 Y97.164
G0 X157.324 Y82.025
G0 X157.324 Y81.16
;TIME_ELAPSED:875.598089
;LAYER:56
;note -- min layer time used
;TYPE:WALL-OUTER
;MESH:90deg_h40_w80_t36.STL
G1 F1500 E401.86811
G1 F2001.4 X77.724 Y81.16 E403.39043
G1 X77.724 Y80.76 E403.39808
G1 X155.55 Y80.76 E404.88647
G0 F2700 X157.324 Y80.76
G0 X157.324 Y81.16
G0 F15000 X156.724 Y81.16
G1 F1500 E398.38647
;MESH:90deg_h40_w80_t36.STL(1)
G0 F15000 X156.724 Y82.025
G0 X158.178 Y97.176
G0 X158.19 Y98.428
G0 X157.324 Y98.428
G1 F1500 E404.88647
G1 F2001.4 X77.724 Y98.428 E406.40879
G1 X77.724 Y98.028 E406.41644
G1 X155.55 Y98.028 E407.90483
G0 F2700 X157.324 Y98.028
G0 X157.324 Y98.428
G0 F15000 X156.724 Y98.428
G1 F1500 E401.40483
;MESH:NONMESH
G0 F300 X156.724 Y98.428 Z5.8
G0 F15000 X156.724 Y97.164
G0 X157.324 Y82.025
G0 X157.324 Y81.16
;TIME_ELAPSED:887.549780
;LAYER:57
;note -- min layer time used
;TYPE:WALL-OUTER
;MESH:90deg_h40_w80_t36.STL
G1 F1500 E407.90483
G1 F2001.4 X77.724 Y81.16 E409.42714
G1 X77.724 Y80.76 E409.43479
G1 X155.55 Y80.76 E410.92318
G0 F2700 X157.324 Y80.76
G0 X157.324 Y81.16
G0 F15000 X156.724 Y81.16
G1 F1500 E404.42318
;MESH:90deg_h40_w80_t36.STL(1)
G0 F15000 X156.724 Y82.025
G0 X158.178 Y97.176
G0 X158.19 Y98.428
G0 X157.324 Y98.428
G1 F1500 E410.92318
G1 F2001.4 X77.724 Y98.428 E412.4455
G1 X77.724 Y98.028 E412.45315
G1 X155.55 Y98.028 E413.94154
G0 F2700 X157.324 Y98.028
G0 X157.324 Y98.428
G0 F15000 X156.724 Y98.428
G1 F1500 E407.44154
;MESH:NONMESH
G0 F300 X156.724 Y98.428 Z5.9
G0 F15000 X156.724 Y97.164
G0 X157.324 Y82.025
G0 X157.324 Y81.16
;TIME_ELAPSED:899.501471
;LAYER:58
;note -- min layer time used
;TYPE:WALL-OUTER
;MESH:90deg_h40_w80_t36.STL
G1 F1500 E413.94154
G1 F2001.4 X77.724 Y81.16 E415.46385
G1 X77.724 Y80.76 E415.4715
G1 X155.55 Y80.76 E416.95989
G0 F2700 X157.324 Y80.76
G0 X157.324 Y81.16
G0 F15000 X156.724 Y81.16
G1 F1500 E410.45989
;MESH:90deg_h40_w80_t36.STL(1)
G0 F15000 X156.724 Y82.025
G0 X158.178 Y97.176
G0 X158.19 Y98.428
G0 X157.324 Y98.428
G1 F1500 E416.95989
G1 F2001.4 X77.724 Y98.428 E418.48221
G1 X77.724 Y98.028 E418.48986
G1 X155.55 Y98.028 E419.97825
G0 F2700 X157.324 Y98.028
G0 X157.324 Y98.428
G0 F15000 X156.724 Y98.428
G1 F1500 E413.47825
;MESH:NONMESH
G0 F300 X156.724 Y98.428 Z6
G0 F15000 X156.724 Y97.164
G0 X157.324 Y82.025
G0 X157.324 Y81.16
;TIME_ELAPSED:911.453162
;LAYER:59
;note -- min layer time used
;TYPE:WALL-OUTER
;MESH:90deg_h40_w80_t36.STL
G1 F1500 E419.97825
G1 F2001.4 X77.724 Y81.16 E421.50056
G1 X77.724 Y80.76 E421.50821
G1 X155.55 Y80.76 E422.9966
G0 F2700 X157.324 Y80.76
G0 X157.324 Y81.16
G0 F15000 X156.724 Y81.16
G1 F1500 E416.4966
;MESH:90deg_h40_w80_t36.STL(1)
G0 F15000 X156.724 Y82.025
G0 X158.178 Y97.176
G0 X158.19 Y98.428
G0 X157.324 Y98.428
G1 F1500 E422.9966
G1 F2001.4 X77.724 Y98.428 E424.51892
G1 X77.724 Y98.028 E424.52657
G1 X155.55 Y98.028 E426.01496
G0 F2700 X157.324 Y98.028
G0 X157.324 Y98.428
G0 F15000 X156.724 Y98.428
G1 F1500 E419.51496
;MESH:NONMESH
G0 F300 X156.724 Y98.428 Z6.1
G0 F15000 X156.724 Y97.164
G0 X157.324 Y82.025
G0 X157.324 Y81.16
;TIME_ELAPSED:923.404853
;LAYER:60
;note -- min layer time used
;TYPE:WALL-OUTER
;MESH:90deg_h40_w80_t36.STL
G1 F1500 E426.01496
G1 F2001.4 X77.724 Y81.16 E427.53728
G1 X77.724 Y80.76 E427.54493
G1 X155.55 Y80.76 E429.03331
G0 F2700 X157.324 Y80.76
G0 X157.324 Y81.16
G0 F15000 X156.724 Y81.16
G1 F1500 E422.53331
;MESH:90deg_h40_w80_t36.STL(1)
G0 F15000 X156.724 Y82.025
G0 X158.178 Y97.176
G0 X158.19 Y98.428
G0 X157.324 Y98.428
G1 F1500 E429.03331
G1 F2001.4 X77.724 Y98.428 E430.55563
G1 X77.724 Y98.028 E430.56328
G1 X155.55 Y98.028 E432.05167
G0 F2700 X157.324 Y98.028
G0 X157.324 Y98.428
G0 F15000 X156.724 Y98.428
G1 F1500 E425.55167
;MESH:NONMESH
G0 F300 X156.724 Y98.428 Z6.2
G0 F15000 X156.724 Y97.164
G0 X157.324 Y82.025
G0 X157.324 Y81.16
;TIME_ELAPSED:935.356544
;LAYER:61
;note -- min layer time used
;TYPE:WALL-OUTER
;MESH:90deg_h40_w80_t36.STL
G1 F1500 E432.05167
G1 F2001.4 X77.724 Y81.16 E433.57399
G1 X77.724 Y80.76 E433.58164
G1 X155.55 Y80.76 E435.07003
G0 F2700 X157.324 Y80.76
G0 X157.324 Y81.16
G0 F15000 X156.724 Y81.16
G1 F1500 E428.57003
;MESH:90deg_h40_w80_t36.STL(1)
G0 F15000 X156.724 Y82.025
G0 X158.178 Y97.176
G0 X158.19 Y98.428
G0 X157.324 Y98.428
G1 F1500 E435.07003
G1 F2001.4 X77.724 Y98.428 E436.59234
G1 X77.724 Y98.028 E436.59999
G1 X155.55 Y98.028 E438.08838
G0 F2700 X157.324 Y98.028
G0 X157.324 Y98.428
G0 F15000 X156.724 Y98.428
G1 F1500 E431.58838
;MESH:NONMESH
G0 F300 X156.724 Y98.428 Z6.3
G0 F15000 X156.724 Y97.164
G0 X157.324 Y82.025
G0 X157.324 Y81.16
;TIME_ELAPSED:947.308235
;LAYER:62
;note -- min layer time used
;TYPE:WALL-OUTER
;MESH:90deg_h40_w80_t36.STL
G1 F1500 E438.08838
G1 F2001.4 X77.724 Y81.16 E439.6107
G1 X77.724 Y80.76 E439.61835
G1 X155.55 Y80.76 E441.10674
G0 F2700 X157.324 Y80.76
G0 X157.324 Y81.16
G0 F15000 X156.724 Y81.16
G1 F1500 E434.60674
;MESH:90deg_h40_w80_t36.STL(1)
G0 F15000 X156.724 Y82.025
G0 X158.178 Y97.176
G0 X158.19 Y98.428
G0 X157.324 Y98.428
G1 F1500 E441.10674
G1 F2001.4 X77.724 Y98.428 E442.62905
G1 X77.724 Y98.028 E442.6367
G1 X155.55 Y98.028 E444.12509
G0 F2700 X157.324 Y98.028
G0 X157.324 Y98.428
G0 F15000 X156.724 Y98.428
G1 F1500 E437.62509
;MESH:NONMESH
G0 F300 X156.724 Y98.428 Z6.4
G0 F15000 X156.724 Y97.164
G0 X157.324 Y82.025
G0 X157.324 Y81.16
;TIME_ELAPSED:959.259926
;LAYER:63
;note -- min layer time used
;TYPE:WALL-OUTER
;MESH:90deg_h40_w80_t36.STL
G1 F1500 E444.12509
G1 F2001.4 X77.724 Y81.16 E445.64741
G1 X77.724 Y80.76 E445.65506
G1 X155.55 Y80.76 E447.14345
G0 F2700 X157.324 Y80.76
G0 X157.324 Y81.16
G0 F15000 X156.724 Y81.16
G1 F1500 E440.64345
;MESH:90deg_h40_w80_t36.STL(1)
G0 F15000 X156.724 Y82.025
G0 X158.178 Y97.176
G0 X158.19 Y98.428
G0 X157.324 Y98.428
G1 F1500 E447.14345
G1 F2001.4 X77.724 Y98.428 E448.66576
G1 X77.724 Y98.028 E448.67341
G1 X155.55 Y98.028 E450.1618
G0 F2700 X157.324 Y98.028
G0 X157.324 Y98.428
G0 F15000 X156.724 Y98.428
G1 F1500 E443.6618
;MESH:NONMESH
G0 F300 X156.724 Y98.428 Z6.5
G0 F15000 X156.724 Y97.164
G0 X157.324 Y82.025
G0 X157.324 Y81.16
;TIME_ELAPSED:971.211617
;LAYER:64
;note -- min layer time used
;TYPE:WALL-OUTER
;MESH:90deg_h40_w80_t36.STL
G1 F1500 E450.1618
G1 F2001.4 X77.724 Y81.16 E451.68412
G1 X77.724 Y80.76 E451.69177
G1 X155.55 Y80.76 E453.18016
G0 F2700 X157.324 Y80.76
G0 X157.324 Y81.16
G0 F15000 X156.724 Y81.16
G1 F1500 E446.68016
;MESH:90deg_h40_w80_t36.STL(1)
G0 F15000 X156.724 Y82.025
G0 X158.178 Y97.176
G0 X158.19 Y98.428
G0 X157.324 Y98.428
G1 F1500 E453.18016
G1 F2001.4 X77.724 Y98.428 E454.70248
G1 X77.724 Y98.028 E454.71013
G1 X155.55 Y98.028 E456.19851
G0 F2700 X157.324 Y98.028
G0 X157.324 Y98.428
G0 F15000 X156.724 Y98.428
G1 F1500 E449.69851
;MESH:NONMESH
G0 F300 X156.724 Y98.428 Z6.6
G0 F15000 X156.724 Y97.164
G0 X157.324 Y82.025
G0 X157.324 Y81.16
;TIME_ELAPSED:983.163308
;LAYER:65
;note -- min layer time used
;TYPE:WALL-OUTER
;MESH:90deg_h40_w80_t36.STL
G1 F1500 E456.19851
G1 F2001.4 X77.724 Y81.16 E457.72083
G1 X77.724 Y80.76 E457.72848
G1 X155.55 Y80.76 E459.21687
G0 F2700 X157.324 Y80.76
G0 X157.324 Y81.16
G0 F15000 X156.724 Y81.16
G1 F1500 E452.71687
;MESH:90deg_h40_w80_t36.STL(1)
G0 F15000 X156.724 Y82.025
G0 X158.178 Y97.176
G0 X158.19 Y98.428
G0 X157.324 Y98.428
G1 F1500 E459.21687
G1 F2001.4 X77.724 Y98.428 E460.73919
G1 X77.724 Y98.028 E460.74684
G1 X155.55 Y98.028 E462.23523
G0 F2700 X157.324 Y98.028
G0 X157.324 Y98.428
G0 F15000 X156.724 Y98.428
G1 F1500 E455.73523
;MESH:NONMESH
G0 F300 X156.724 Y98.428 Z6.7
G0 F15000 X156.724 Y97.164
G0 X157.324 Y82.025
G0 X157.324 Y81.16
;TIME_ELAPSED:995.114999
;LAYER:66
;note -- min layer time used
;TYPE:WALL-OUTER
;MESH:90deg_h40_w80_t36.STL
G1 F1500 E462.23523
G1 F2001.4 X77.724 Y81.16 E463.75754
G1 X77.724 Y80.76 E463.76519
G1 X155.55 Y80.76 E465.25358
G0 F2700 X157.324 Y80.76
G0 X157.324 Y81.16
G0 F15000 X156.724 Y81.16
G1 F1500 E458.75358
;MESH:90deg_h40_w80_t36.STL(1)
G0 F15000 X156.724 Y82.025
G0 X158.178 Y97.176
G0 X158.19 Y98.428
G0 X157.324 Y98.428
G1 F1500 E465.25358
G1 F2001.4 X77.724 Y98.428 E466.7759
G1 X77.724 Y98.028 E466.78355
G1 X155.55 Y98.028 E468.27194
G0 F2700 X157.324 Y98.028
G0 X157.324 Y98.428
G0 F15000 X156.724 Y98.428
G1 F1500 E461.77194
;MESH:NONMESH
G0 F300 X156.724 Y98.428 Z6.8
G0 F15000 X156.724 Y97.164
G0 X157.324 Y82.025
G0 X157.324 Y81.16
;TIME_ELAPSED:1007.066689
;LAYER:67
;note -- min layer time used
;TYPE:WALL-OUTER
;MESH:90deg_h40_w80_t36.STL
G1 F1500 E468.27194
G1 F2001.4 X77.724 Y81.16 E469.79425
G1 X77.724 Y80.76 E469.8019
G1 X155.55 Y80.76 E471.29029
G0 F2700 X157.324 Y80.76
G0 X157.324 Y81.16
G0 F15000 X156.724 Y81.16
G1 F1500 E464.79029
;MESH:90deg_h40_w80_t36.STL(1)
G0 F15000 X156.724 Y82.025
G0 X158.178 Y97.176
G0 X158.19 Y98.428
G0 X157.324 Y98.428
G1 F1500 E471.29029
G1 F2001.4 X77.724 Y98.428 E472.81261
G1 X77.724 Y98.028 E472.82026
G1 X155.55 Y98.028 E474.30865
G0 F2700 X157.324 Y98.028
G0 X157.324 Y98.428
G0 F15000 X156.724 Y98.428
G1 F1500 E467.80865
;MESH:NONMESH
G0 F300 X156.724 Y98.428 Z6.9
G0 F15000 X156.724 Y97.164
G0 X157.324 Y82.025
G0 X157.324 Y81.16
;TIME_ELAPSED:1019.018380
;LAYER:68
;note -- min layer time used
;TYPE:WALL-OUTER
;MESH:90deg_h40_w80_t36.STL
G1 F1500 E474.30865
G1 F2001.4 X77.724 Y81.16 E475.83096
G1 X77.724 Y80.76 E475.83861
G1 X155.55 Y80.76 E477.327
G0 F2700 X157.324 Y80.76
G0 X157.324 Y81.16
G0 F15000 X156.724 Y81.16
G1 F1500 E470.827
;MESH:90deg_h40_w80_t36.STL(1)
G0 F15000 X156.724 Y82.025
G0 X158.178 Y97.176
G0 X158.19 Y98.428
G0 X157.324 Y98.428
G1 F1500 E477.327
G1 F2001.4 X77.724 Y98.428 E478.84932
G1 X77.724 Y98.028 E478.85697
G1 X155.55 Y98.028 E480.34536
G0 F2700 X157.324 Y98.028
G0 X157.324 Y98.428
G0 F15000 X156.724 Y98.428
G1 F1500 E473.84536
;MESH:NONMESH
G0 F300 X156.724 Y98.428 Z7
G0 F15000 X156.724 Y97.164
G0 X157.324 Y82.025
G0 X157.324 Y81.16
;TIME_ELAPSED:1030.970071
;LAYER:69
;note -- min layer time used
;TYPE:WALL-OUTER
;MESH:90deg_h40_w80_t36.STL
G1 F1500 E480.34536
G1 F2001.4 X77.724 Y81.16 E481.86768
G1 X77.724 Y80.76 E481.87533
G1 X155.55 Y80.76 E483.36372
G0 F2700 X157.324 Y80.76
G0 X157.324 Y81.16
G0 F15000 X156.724 Y81.16
G1 F1500 E476.86372
;MESH:90deg_h40_w80_t36.STL(1)
G0 F15000 X156.724 Y82.025
G0 X158.178 Y97.176
G0 X158.19 Y98.428
G0 X157.324 Y98.428
G1 F1500 E483.36372
G1 F2001.4 X77.724 Y98.428 E484.88603
G1 X77.724 Y98.028 E484.89368
G1 X155.55 Y98.028 E486.38207
G0 F2700 X157.324 Y98.028
G0 X157.324 Y98.428
G0 F15000 X156.724 Y98.428
G1 F1500 E479.88207
;MESH:NONMESH
G0 F300 X156.724 Y98.428 Z7.1
G0 F15000 X156.724 Y97.164
G0 X157.324 Y82.025
G0 X157.324 Y81.16
;TIME_ELAPSED:1042.921762
;LAYER:70
;note -- min layer time used
;TYPE:WALL-OUTER
;MESH:90deg_h40_w80_t36.STL
G1 F1500 E486.38207
G1 F2001.4 X77.724 Y81.16 E487.90439
G1 X77.724 Y80.76 E487.91204
G1 X155.55 Y80.76 E489.40043
G0 F2700 X157.324 Y80.76
G0 X157.324 Y81.16
G0 F15000 X156.724 Y81.16
G1 F1500 E482.90043
;MESH:90deg_h40_w80_t36.STL(1)
G0 F15000 X156.724 Y82.025
G0 X158.178 Y97.176
G0 X158.19 Y98.428
G0 X157.324 Y98.428
G1 F1500 E489.40043
G1 F2001.4 X77.724 Y98.428 E490.92274
G1 X77.724 Y98.028 E490.93039
G1 X155.55 Y98.028 E492.41878
G0 F2700 X157.324 Y98.028
G0 X157.324 Y98.428
G0 F15000 X156.724 Y98.428
G1 F1500 E485.91878
;MESH:NONMESH
G0 F300 X156.724 Y98.428 Z7.2
G0 F15000 X156.724 Y97.164
G0 X157.324 Y82.025
G0 X157.324 Y81.16
;TIME_ELAPSED:1054.873453
;LAYER:71
;note -- min layer time used
;TYPE:WALL-OUTER
;MESH:90deg_h40_w80_t36.STL
G1 F1500 E492.41878
G1 F2001.4 X77.724 Y81.16 E493.9411
G1 X77.724 Y80.76 E493.94875
G1 X155.55 Y80.76 E495.43714
G0 F2700 X157.324 Y80.76
G0 X157.324 Y81.16
G0 F15000 X156.724 Y81.16
G1 F1500 E488.93714
;MESH:90deg_h40_w80_t36.STL(1)
G0 F15000 X156.724 Y82.025
G0 X158.178 Y97.176
G0 X158.19 Y98.428
G0 X157.324 Y98.428
G1 F1500 E495.43714
G1 F2001.4 X77.724 Y98.428 E496.95945
G1 X77.724 Y98.028 E496.9671
G1 X155.55 Y98.028 E498.45549
G0 F2700 X157.324 Y98.028
G0 X157.324 Y98.428
G0 F15000 X156.724 Y98.428
G1 F1500 E491.95549
;MESH:NONMESH
G0 F300 X156.724 Y98.428 Z7.3
G0 F15000 X156.724 Y97.164
G0 X157.324 Y82.025
G0 X157.324 Y81.16
;TIME_ELAPSED:1066.825144
;LAYER:72
;note -- min layer time used
;TYPE:WALL-OUTER
;MESH:90deg_h40_w80_t36.STL
G1 F1500 E498.45549
G1 F2001.4 X77.724 Y81.16 E499.97781
G1 X77.724 Y80.76 E499.98546
G1 X155.55 Y80.76 E501.47385
G0 F2700 X157.324 Y80.76
G0 X157.324 Y81.16
G0 F15000 X156.724 Y81.16
G1 F1500 E494.97385
;MESH:90deg_h40_w80_t36.STL(1)
G0 F15000 X156.724 Y82.025
G0 X158.178 Y97.176
G0 X158.19 Y98.428
G0 X157.324 Y98.428
G1 F1500 E501.47385
G1 F2001.4 X77.724 Y98.428 E502.99617
G1 X77.724 Y98.028 E503.00381
G1 X155.55 Y98.028 E504.4922
G0 F2700 X157.324 Y98.028
G0 X157.324 Y98.428
G0 F15000 X156.724 Y98.428
G1 F1500 E497.9922
;MESH:NONMESH
G0 F300 X156.724 Y98.428 Z7.4
G0 F15000 X156.724 Y97.164
G0 X157.324 Y82.025
G0 X157.324 Y81.16
;TIME_ELAPSED:1078.776835
;LAYER:73
;note -- min layer time used
;TYPE:WALL-OUTER
;MESH:90deg_h40_w80_t36.STL
G1 F1500 E504.4922
G1 F2001.4 X77.724 Y81.16 E506.01452
G1 X77.724 Y80.76 E506.02217
G1 X155.55 Y80.76 E507.51056
G0 F2700 X157.324 Y80.76
G0 X157.324 Y81.16
G0 F15000 X156.724 Y81.16
G1 F1500 E501.01056
;MESH:90deg_h40_w80_t36.STL(1)
G0 F15000 X156.724 Y82.025
G0 X158.178 Y97.176
G0 X158.19 Y98.428
G0 X157.324 Y98.428
G1 F1500 E507.51056
G1 F2001.4 X77.724 Y98.428 E509.03288
G1 X77.724 Y98.028 E509.04053
G1 X155.55 Y98.028 E510.52892
G0 F2700 X157.324 Y98.028
G0 X157.324 Y98.428
G0 F15000 X156.724 Y98.428
G1 F1500 E504.02892
;MESH:NONMESH
G0 F300 X156.724 Y98.428 Z7.5
G0 F15000 X156.724 Y97.164
G0 X157.324 Y82.025
G0 X157.324 Y81.16
;TIME_ELAPSED:1090.728526
;LAYER:74
;note -- min layer time used
;TYPE:WALL-OUTER
;MESH:90deg_h40_w80_t36.STL
G1 F1500 E510.52892
G1 F2001.4 X77.724 Y81.16 E512.05123
G1 X77.724 Y80.76 E512.05888
G1 X155.55 Y80.76 E513.54727
G0 F2700 X157.324 Y80.76
G0 X157.324 Y81.16
G0 F15000 X156.724 Y81.16
G1 F1500 E507.04727
;MESH:90deg_h40_w80_t36.STL(1)
G0 F15000 X156.724 Y82.025
G0 X158.178 Y97.176
G0 X158.19 Y98.428
G0 X157.324 Y98.428
G1 F1500 E513.54727
G1 F2001.4 X77.724 Y98.428 E515.06959
G1 X77.724 Y98.028 E515.07724
G1 X155.55 Y98.028 E516.56563
G0 F2700 X157.324 Y98.028
G0 X157.324 Y98.428
G0 F15000 X156.724 Y98.428
G1 F1500 E510.06563
;MESH:NONMESH
G0 F300 X156.724 Y98.428 Z7.6
G0 F15000 X156.724 Y97.164
G0 X157.324 Y82.025
G0 X157.324 Y81.16
;TIME_ELAPSED:1102.680217
;LAYER:75
;note -- min layer time used
;TYPE:WALL-OUTER
;MESH:90deg_h40_w80_t36.STL
G1 F1500 E516.56563
G1 F2001.4 X77.724 Y81.16 E518.08794
G1 X77.724 Y80.76 E518.09559
G1 X155.55 Y80.76 E519.58398
G0 F2700 X157.324 Y80.76
G0 X157.324 Y81.16
G0 F15000 X156.724 Y81.16
G1 F1500 E513.08398
;MESH:90deg_h40_w80_t36.STL(1)
G0 F15000 X156.724 Y82.025
G0 X158.178 Y97.176
G0 X158.19 Y98.428
G0 X157.324 Y98.428
G1 F1500 E519.58398
G1 F2001.4 X77.724 Y98.428 E521.1063
G1 X77.724 Y98.028 E521.11395
G1 X155.55 Y98.028 E522.60234
G0 F2700 X157.324 Y98.028
G0 X157.324 Y98.428
G0 F15000 X156.724 Y98.428
G1 F1500 E516.10234
;MESH:NONMESH
G0 F300 X156.724 Y98.428 Z7.7
G0 F15000 X156.724 Y97.164
G0 X157.324 Y82.025
G0 X157.324 Y81.16
;TIME_ELAPSED:1114.631908
;LAYER:76
;note -- min layer time used
;TYPE:WALL-OUTER
;MESH:90deg_h40_w80_t36.STL
G1 F1500 E522.60234
G1 F2001.4 X77.724 Y81.16 E524.12465
G1 X77.724 Y80.76 E524.1323
G1 X155.55 Y80.76 E525.62069
G0 F2700 X157.324 Y80.76
G0 X157.324 Y81.16
G0 F15000 X156.724 Y81.16
G1 F1500 E519.12069
;MESH:90deg_h40_w80_t36.STL(1)
G0 F15000 X156.724 Y82.025
G0 X158.178 Y97.176
G0 X158.19 Y98.428
G0 X157.324 Y98.428
G1 F1500 E525.62069
G1 F2001.4 X77.724 Y98.428 E527.14301
G1 X77.724 Y98.028 E527.15066
G1 X155.55 Y98.028 E528.63905
G0 F2700 X157.324 Y98.028
G0 X157.324 Y98.428
G0 F15000 X156.724 Y98.428
G1 F1500 E522.13905
;MESH:NONMESH
G0 F300 X156.724 Y98.428 Z7.8
G0 F15000 X156.724 Y97.164
G0 X157.324 Y82.025
G0 X157.324 Y81.16
;TIME_ELAPSED:1126.583599
;LAYER:77
;note -- min layer time used
;TYPE:WALL-OUTER
;MESH:90deg_h40_w80_t36.STL
G1 F1500 E528.63905
G1 F2001.4 X77.724 Y81.16 E530.16137
G1 X77.724 Y80.76 E530.16902
G1 X155.55 Y80.76 E531.6574
G0 F2700 X157.324 Y80.76
G0 X157.324 Y81.16
G0 F15000 X156.724 Y81.16
G1 F1500 E525.1574
;MESH:90deg_h40_w80_t36.STL(1)
G0 F15000 X156.724 Y82.025
G0 X158.178 Y97.176
G0 X158.19 Y98.428
G0 X157.324 Y98.428
G1 F1500 E531.6574
G1 F2001.4 X77.724 Y98.428 E533.17972
G1 X77.724 Y98.028 E533.18737
G1 X155.55 Y98.028 E534.67576
G0 F2700 X157.324 Y98.028
G0 X157.324 Y98.428
G0 F15000 X156.724 Y98.428
G1 F1500 E528.17576
;MESH:NONMESH
G0 F300 X156.724 Y98.428 Z7.9
G0 F15000 X156.724 Y97.164
G0 X157.324 Y82.025
G0 X157.324 Y81.16
;TIME_ELAPSED:1138.535290
;LAYER:78
;note -- min layer time used
;TYPE:WALL-OUTER
;MESH:90deg_h40_w80_t36.STL
G1 F1500 E534.67576
G1 F2001.4 X77.724 Y81.16 E536.19808
G1 X77.724 Y80.76 E536.20573
G1 X155.55 Y80.76 E537.69412
G0 F2700 X157.324 Y80.76
G0 X157.324 Y81.16
G0 F15000 X156.724 Y81.16
G1 F1500 E531.19412
;MESH:90deg_h40_w80_t36.STL(1)
G0 F15000 X156.724 Y82.025
G0 X158.178 Y97.176
G0 X158.19 Y98.428
G0 X157.324 Y98.428
G1 F1500 E537.69412
G1 F2001.4 X77.724 Y98.428 E539.21643
G1 X77.724 Y98.028 E539.22408
G1 X155.55 Y98.028 E540.71247
G0 F2700 X157.324 Y98.028
G0 X157.324 Y98.428
G0 F15000 X156.724 Y98.428
G1 F1500 E534.21247
;MESH:NONMESH
G0 F300 X156.724 Y98.428 Z8
G0 F15000 X156.724 Y97.164
G0 X157.324 Y82.025
G0 X157.324 Y81.16
;TIME_ELAPSED:1150.486981
;LAYER:79
;note -- min layer time used
;TYPE:WALL-OUTER
;MESH:90deg_h40_w80_t36.STL
G1 F1500 E540.71247
G1 F2001.4 X77.724 Y81.16 E542.23479
G1 X77.724 Y80.76 E542.24244
G1 X155.55 Y80.76 E543.73083
G0 F2700 X157.324 Y80.76
G0 X157.324 Y81.16
G0 F15000 X156.724 Y81.16
G1 F1500 E537.23083
;MESH:90deg_h40_w80_t36.STL(1)
G0 F15000 X156.724 Y82.025
G0 X158.178 Y97.176
G0 X158.19 Y98.428
G0 X157.324 Y98.428
G1 F1500 E543.73083
G1 F2001.4 X77.724 Y98.428 E545.25314
G1 X77.724 Y98.028 E545.26079
G1 X155.55 Y98.028 E546.74918
G0 F2700 X157.324 Y98.028
G0 X157.324 Y98.428
G0 F15000 X156.724 Y98.428
G1 F1500 E540.24918
;MESH:NONMESH
G0 F300 X156.724 Y98.428 Z8.1
G0 F15000 X156.724 Y97.164
G0 X157.324 Y82.025
G0 X157.324 Y81.16
;TIME_ELAPSED:1162.438672
;LAYER:80
;note -- min layer time used
;TYPE:WALL-OUTER
;MESH:90deg_h40_w80_t36.STL
G1 F1500 E546.74918
G1 F2001.4 X77.724 Y81.16 E548.2715
G1 X77.724 Y80.76 E548.27915
G1 X155.55 Y80.76 E549.76754
G0 F2700 X157.324 Y80.76
G0 X157.324 Y81.16
G0 F15000 X156.724 Y81.16
G1 F1500 E543.26754
;MESH:90deg_h40_w80_t36.STL(1)
G0 F15000 X156.724 Y82.025
G0 X158.178 Y97.176
G0 X158.19 Y98.428
G0 X157.324 Y98.428
G1 F1500 E549.76754
G1 F2001.4 X77.724 Y98.428 E551.28985
G1 X77.724 Y98.028 E551.2975
G1 X155.55 Y98.028 E552.78589
G0 F2700 X157.324 Y98.028
G0 X157.324 Y98.428
G0 F15000 X156.724 Y98.428
G1 F1500 E546.28589
;MESH:NONMESH
G0 F300 X156.724 Y98.428 Z8.2
G0 F15000 X156.724 Y97.164
G0 X157.324 Y82.025
G0 X157.324 Y81.16
;TIME_ELAPSED:1174.390363
;LAYER:81
;note -- min layer time used
;TYPE:WALL-OUTER
;MESH:90deg_h40_w80_t36.STL
G1 F1500 E552.78589
G1 F2001.4 X77.724 Y81.16 E554.30821
G1 X77.724 Y80.76 E554.31586
G1 X155.55 Y80.76 E555.80425
G0 F2700 X157.324 Y80.76
G0 X157.324 Y81.16
G0 F15000 X156.724 Y81.16
G1 F1500 E549.30425
;MESH:90deg_h40_w80_t36.STL(1)
G0 F15000 X156.724 Y82.025
G0 X158.178 Y97.176
G0 X158.19 Y98.428
G0 X157.324 Y98.428
G1 F1500 E555.80425
G1 F2001.4 X77.724 Y98.428 E557.32657
G1 X77.724 Y98.028 E557.33422
G1 X155.55 Y98.028 E558.82261
G0 F2700 X157.324 Y98.028
G0 X157.324 Y98.428
G0 F15000 X156.724 Y98.428
G1 F1500 E552.32261
;MESH:NONMESH
G0 F300 X156.724 Y98.428 Z8.3
G0 F15000 X156.724 Y97.164
G0 X157.324 Y82.025
G0 X157.324 Y81.16
;TIME_ELAPSED:1186.342054
;LAYER:82
;note -- min layer time used
;TYPE:WALL-OUTER
;MESH:90deg_h40_w80_t36.STL
G1 F1500 E558.82261
G1 F2001.4 X77.724 Y81.16 E560.34492
G1 X77.724 Y80.76 E560.35257
G1 X155.55 Y80.76 E561.84096
G0 F2700 X157.324 Y80.76
G0 X157.324 Y81.16
G0 F15000 X156.724 Y81.16
G1 F1500 E555.34096
;MESH:90deg_h40_w80_t36.STL(1)
G0 F15000 X156.724 Y82.025
G0 X158.178 Y97.176
G0 X158.19 Y98.428
G0 X157.324 Y98.428
G1 F1500 E561.84096
G1 F2001.4 X77.724 Y98.428 E563.36328
G1 X77.724 Y98.028 E563.37093
G1 X155.55 Y98.028 E564.85932
G0 F2700 X157.324 Y98.028
G0 X157.324 Y98.428
G0 F15000 X156.724 Y98.428
G1 F1500 E558.35932
;MESH:NONMESH
G0 F300 X156.724 Y98.428 Z8.4
G0 F15000 X156.724 Y97.164
G0 X157.324 Y82.025
G0 X157.324 Y81.16
;TIME_ELAPSED:1198.293745
;LAYER:83
;note -- min layer time used
;TYPE:WALL-OUTER
;MESH:90deg_h40_w80_t36.STL
G1 F1500 E564.85932
G1 F2001.4 X77.724 Y81.16 E566.38163
G1 X77.724 Y80.76 E566.38928
G1 X155.55 Y80.76 E567.87767
G0 F2700 X157.324 Y80.76
G0 X157.324 Y81.16
G0 F15000 X156.724 Y81.16
G1 F1500 E561.37767
;MESH:90deg_h40_w80_t36.STL(1)
G0 F15000 X156.724 Y82.025
G0 X158.178 Y97.176
G0 X158.19 Y98.428
G0 X157.324 Y98.428
G1 F1500 E567.87767
G1 F2001.4 X77.724 Y98.428 E569.39999
G1 X77.724 Y98.028 E569.40764
G1 X155.55 Y98.028 E570.89603
G0 F2700 X157.324 Y98.028
G0 X157.324 Y98.428
G0 F15000 X156.724 Y98.428
G1 F1500 E564.39603
;MESH:NONMESH
G0 F300 X156.724 Y98.428 Z8.5
G0 F15000 X156.724 Y97.164
G0 X157.324 Y82.025
G0 X157.324 Y81.16
;TIME_ELAPSED:1210.245436
;LAYER:84
;note -- min layer time used
;TYPE:WALL-OUTER
;MESH:90deg_h40_w80_t36.STL
G1 F1500 E570.89603
G1 F2001.4 X77.724 Y81.16 E572.41834
G1 X77.724 Y80.76 E572.42599
G1 X155.55 Y80.76 E573.91438
G0 F2700 X157.324 Y80.76
G0 X157.324 Y81.16
G0 F15000 X156.724 Y81.16
G1 F1500 E567.41438
;MESH:90deg_h40_w80_t36.STL(1)
G0 F15000 X156.724 Y82.025
G0 X158.178 Y97.176
G0 X158.19 Y98.428
G0 X157.324 Y98.428
G1 F1500 E573.91438
G1 F2001.4 X77.724 Y98.428 E575.4367
G1 X77.724 Y98.028 E575.44435
G1 X155.55 Y98.028 E576.93274
G0 F2700 X157.324 Y98.028
G0 X157.324 Y98.428
G0 F15000 X156.724 Y98.428
G1 F1500 E570.43274
;MESH:NONMESH
G0 F300 X156.724 Y98.428 Z8.6
G0 F15000 X156.724 Y97.164
G0 X157.324 Y82.025
G0 X157.324 Y81.16
;TIME_ELAPSED:1222.197127
;LAYER:85
;note -- min layer time used
;TYPE:WALL-OUTER
;MESH:90deg_h40_w80_t36.STL
G1 F1500 E576.93274
G1 F2001.4 X77.724 Y81.16 E578.45505
G1 X77.724 Y80.76 E578.4627
G1 X155.55 Y80.76 E579.95109
G0 F2700 X157.324 Y80.76
G0 X157.324 Y81.16
G0 F15000 X156.724 Y81.16
G1 F1500 E573.45109
;MESH:90deg_h40_w80_t36.STL(1)
G0 F15000 X156.724 Y82.025
G0 X158.178 Y97.176
G0 X158.19 Y98.428
G0 X157.324 Y98.428
G1 F1500 E579.95109
G1 F2001.4 X77.724 Y98.428 E581.47341
G1 X77.724 Y98.028 E581.48106
G1 X155.55 Y98.028 E582.96945
G0 F2700 X157.324 Y98.028
G0 X157.324 Y98.428
G0 F15000 X156.724 Y98.428
G1 F1500 E576.46945
;MESH:NONMESH
G0 F300 X156.724 Y98.428 Z8.7
G0 F15000 X156.724 Y97.164
G0 X157.324 Y82.025
G0 X157.324 Y81.16
;TIME_ELAPSED:1234.148818
;LAYER:86
;note -- min layer time used
;TYPE:WALL-OUTER
;MESH:90deg_h40_w80_t36.STL
G1 F1500 E582.96945
G1 F2001.4 X77.724 Y81.16 E584.49177
G1 X77.724 Y80.76 E584.49942
G1 X155.55 Y80.76 E585.98781
G0 F2700 X157.324 Y80.76
G0 X157.324 Y81.16
G0 F15000 X156.724 Y81.16
G1 F1500 E579.48781
;MESH:90deg_h40_w80_t36.STL(1)
G0 F15000 X156.724 Y82.025
G0 X158.178 Y97.176
G0 X158.19 Y98.428
G0 X157.324 Y98.428
G1 F1500 E585.98781
G1 F2001.4 X77.724 Y98.428 E587.51012
G1 X77.724 Y98.028 E587.51777
G1 X155.55 Y98.028 E589.00616
G0 F2700 X157.324 Y98.028
G0 X157.324 Y98.428
G0 F15000 X156.724 Y98.428
G1 F1500 E582.50616
;MESH:NONMESH
G0 F300 X156.724 Y98.428 Z8.8
G0 F15000 X156.724 Y97.164
G0 X157.324 Y82.025
G0 X157.324 Y81.16
;TIME_ELAPSED:1246.100509
;LAYER:87
;note -- min layer time used
;TYPE:WALL-OUTER
;MESH:90deg_h40_w80_t36.STL
G1 F1500 E589.00616
G1 F2001.4 X77.724 Y81.16 E590.52848
G1 X77.724 Y80.76 E590.53613
G1 X155.55 Y80.76 E592.02452
G0 F2700 X157.324 Y80.76
G0 X157.324 Y81.16
G0 F15000 X156.724 Y81.16
G1 F1500 E585.52452
;MESH:90deg_h40_w80_t36.STL(1)
G0 F15000 X156.724 Y82.025
G0 X158.178 Y97.176
G0 X158.19 Y98.428
G0 X157.324 Y98.428
G1 F1500 E592.02452
G1 F2001.4 X77.724 Y98.428 E593.54683
G1 X77.724 Y98.028 E593.55448
G1 X155.55 Y98.028 E595.04287
G0 F2700 X157.324 Y98.028
G0 X157.324 Y98.428
G0 F15000 X156.724 Y98.428
G1 F1500 E588.54287
;MESH:NONMESH
G0 F300 X156.724 Y98.428 Z8.9
G0 F15000 X156.724 Y97.164
G0 X157.324 Y82.025
G0 X157.324 Y81.16
;TIME_ELAPSED:1258.052200
;LAYER:88
;note -- min layer time used
;TYPE:WALL-OUTER
;MESH:90deg_h40_w80_t36.STL
G1 F1500 E595.04287
G1 F2001.4 X77.724 Y81.16 E596.56519
G1 X77.724 Y80.76 E596.57284
G1 X155.55 Y80.76 E598.06123
G0 F2700 X157.324 Y80.76
G0 X157.324 Y81.16
G0 F15000 X156.724 Y81.16
G1 F1500 E591.56123
;MESH:90deg_h40_w80_t36.STL(1)
G0 F15000 X156.724 Y82.025
G0 X158.178 Y97.176
G0 X158.19 Y98.428
G0 X157.324 Y98.428
G1 F1500 E598.06123
G1 F2001.4 X77.724 Y98.428 E599.58354
G1 X77.724 Y98.028 E599.59119
G1 X155.55 Y98.028 E601.07958
G0 F2700 X157.324 Y98.028
G0 X157.324 Y98.428
G0 F15000 X156.724 Y98.428
G1 F1500 E594.57958
;MESH:NONMESH
G0 F300 X156.724 Y98.428 Z9
G0 F15000 X156.724 Y97.164
G0 X157.324 Y82.025
G0 X157.324 Y81.16
;TIME_ELAPSED:1270.003891
;LAYER:89
;note -- min layer time used
;TYPE:WALL-OUTER
;MESH:90deg_h40_w80_t36.STL
G1 F1500 E601.07958
G1 F2001.4 X77.724 Y81.16 E602.6019
G1 X77.724 Y80.76 E602.60955
G1 X155.55 Y80.76 E604.09794
G0 F2700 X157.324 Y80.76
G0 X157.324 Y81.16
G0 F15000 X156.724 Y81.16
G1 F1500 E597.59794
;MESH:90deg_h40_w80_t36.STL(1)
G0 F15000 X156.724 Y82.025
G0 X158.178 Y97.176
G0 X158.19 Y98.428
G0 X157.324 Y98.428
G1 F1500 E604.09794
G1 F2001.4 X77.724 Y98.428 E605.62026
G1 X77.724 Y98.028 E605.62791
G1 X155.55 Y98.028 E607.11629
G0 F2700 X157.324 Y98.028
G0 X157.324 Y98.428
G0 F15000 X156.724 Y98.428
G1 F1500 E600.61629
;MESH:NONMESH
G0 F300 X156.724 Y98.428 Z9.1
G0 F15000 X156.724 Y97.164
G0 X157.324 Y82.025
G0 X157.324 Y81.16
;TIME_ELAPSED:1281.955582
;LAYER:90
;note -- min layer time used
;TYPE:WALL-OUTER
;MESH:90deg_h40_w80_t36.STL
G1 F1500 E607.11629
G1 F2001.4 X77.724 Y81.16 E608.63861
G1 X77.724 Y80.76 E608.64626
G1 X155.55 Y80.76 E610.13465
G0 F2700 X157.324 Y80.76
G0 X157.324 Y81.16
G0 F15000 X156.724 Y81.16
G1 F1500 E603.63465
;MESH:90deg_h40_w80_t36.STL(1)
G0 F15000 X156.724 Y82.025
G0 X158.178 Y97.176
G0 X158.19 Y98.428
G0 X157.324 Y98.428
G1 F1500 E610.13465
G1 F2001.4 X77.724 Y98.428 E611.65697
G1 X77.724 Y98.028 E611.66462
G1 X155.55 Y98.028 E613.15301
G0 F2700 X157.324 Y98.028
G0 X157.324 Y98.428
G0 F15000 X156.724 Y98.428
G1 F1500 E606.65301
;MESH:NONMESH
G0 F300 X156.724 Y98.428 Z9.2
G0 F15000 X156.724 Y97.164
G0 X157.324 Y82.025
G0 X157.324 Y81.16
;TIME_ELAPSED:1293.907273
;LAYER:91
;note -- min layer time used
;TYPE:WALL-OUTER
;MESH:90deg_h40_w80_t36.STL
G1 F1500 E613.15301
G1 F2001.4 X77.724 Y81.16 E614.67532
G1 X77.724 Y80.76 E614.68297
G1 X155.55 Y80.76 E616.17136
G0 F2700 X157.324 Y80.76
G0 X157.324 Y81.16
G0 F15000 X156.724 Y81.16
G1 F1500 E609.67136
;MESH:90deg_h40_w80_t36.STL(1)
G0 F15000 X156.724 Y82.025
G0 X158.178 Y97.176
G0 X158.19 Y98.428
G0 X157.324 Y98.428
G1 F1500 E616.17136
G1 F2001.4 X77.724 Y98.428 E617.69368
G1 X77.724 Y98.028 E617.70133
G1 X155.55 Y98.028 E619.18972
G0 F2700 X157.324 Y98.028
G0 X157.324 Y98.428
G0 F15000 X156.724 Y98.428
G1 F1500 E612.68972
;MESH:NONMESH
G0 F300 X156.724 Y98.428 Z9.3
G0 F15000 X156.724 Y97.164
G0 X157.324 Y82.025
G0 X157.324 Y81.16
;TIME_ELAPSED:1305.858964
;LAYER:92
;note -- min layer time used
;TYPE:WALL-OUTER
;MESH:90deg_h40_w80_t36.STL
G1 F1500 E619.18972
G1 F2001.4 X77.724 Y81.16 E620.71203
G1 X77.724 Y80.76 E620.71968
G1 X155.55 Y80.76 E622.20807
G0 F2700 X157.324 Y80.76
G0 X157.324 Y81.16
G0 F15000 X156.724 Y81.16
G1 F1500 E615.70807
;MESH:90deg_h40_w80_t36.STL(1)
G0 F15000 X156.724 Y82.025
G0 X158.178 Y97.176
G0 X158.19 Y98.428
G0 X157.324 Y98.428
G1 F1500 E622.20807
G1 F2001.4 X77.724 Y98.428 E623.73039
G1 X77.724 Y98.028 E623.73804
G1 X155.55 Y98.028 E625.22643
G0 F2700 X157.324 Y98.028
G0 X157.324 Y98.428
G0 F15000 X156.724 Y98.428
G1 F1500 E618.72643
;MESH:NONMESH
G0 F300 X156.724 Y98.428 Z9.4
G0 F15000 X156.724 Y97.164
G0 X157.324 Y82.025
G0 X157.324 Y81.16
;TIME_ELAPSED:1317.810655
;LAYER:93
;note -- min layer time used
;TYPE:WALL-OUTER
;MESH:90deg_h40_w80_t36.STL
G1 F1500 E625.22643
G1 F2001.4 X77.724 Y81.16 E626.74874
G1 X77.724 Y80.76 E626.75639
G1 X155.55 Y80.76 E628.24478
G0 F2700 X157.324 Y80.76
G0 X157.324 Y81.16
G0 F15000 X156.724 Y81.16
G1 F1500 E621.74478
;MESH:90deg_h40_w80_t36.STL(1)
G0 F15000 X156.724 Y82.025
G0 X158.178 Y97.176
G0 X158.19 Y98.428
G0 X157.324 Y98.428
G1 F1500 E628.24478
G1 F2001.4 X77.724 Y98.428 E629.7671
G1 X77.724 Y98.028 E629.77475
G1 X155.55 Y98.028 E631.26314
G0 F2700 X157.324 Y98.028
G0 X157.324 Y98.428
G0 F15000 X156.724 Y98.428
G1 F1500 E624.76314
;MESH:NONMESH
G0 F300 X156.724 Y98.428 Z9.5
G0 F15000 X156.724 Y97.164
G0 X157.324 Y82.025
G0 X157.324 Y81.16
;TIME_ELAPSED:1329.762346
;LAYER:94
;note -- min layer time used
;TYPE:WALL-OUTER
;MESH:90deg_h40_w80_t36.STL
G1 F1500 E631.26314
G1 F2001.4 X77.724 Y81.16 E632.78546
G1 X77.724 Y80.76 E632.79311
G1 X155.55 Y80.76 E634.28149
G0 F2700 X157.324 Y80.76
G0 X157.324 Y81.16
G0 F15000 X156.724 Y81.16
G1 F1500 E627.78149
;MESH:90deg_h40_w80_t36.STL(1)
G0 F15000 X156.724 Y82.025
G0 X158.178 Y97.176
G0 X158.19 Y98.428
G0 X157.324 Y98.428
G1 F1500 E634.28149
G1 F2001.4 X77.724 Y98.428 E635.80381
G1 X77.724 Y98.028 E635.81146
G1 X155.55 Y98.028 E637.29985
G0 F2700 X157.324 Y98.028
G0 X157.324 Y98.428
G0 F15000 X156.724 Y98.428
G1 F1500 E630.79985
;MESH:NONMESH
G0 F300 X156.724 Y98.428 Z9.6
G0 F15000 X156.724 Y97.164
G0 X157.324 Y82.025
G0 X157.324 Y81.16
;TIME_ELAPSED:1341.714037
;LAYER:95
;note -- min layer time used
;TYPE:WALL-OUTER
;MESH:90deg_h40_w80_t36.STL
G1 F1500 E637.29985
G1 F2001.4 X77.724 Y81.16 E638.82217
G1 X77.724 Y80.76 E638.82982
G1 X155.55 Y80.76 E640.31821
G0 F2700 X157.324 Y80.76
G0 X157.324 Y81.16
G0 F15000 X156.724 Y81.16
G1 F1500 E633.81821
;MESH:90deg_h40_w80_t36.STL(1)
G0 F15000 X156.724 Y82.025
G0 X158.178 Y97.176
G0 X158.19 Y98.428
G0 X157.324 Y98.428
G1 F1500 E640.31821
G1 F2001.4 X77.724 Y98.428 E641.84052
G1 X77.724 Y98.028 E641.84817
G1 X155.55 Y98.028 E643.33656
G0 F2700 X157.324 Y98.028
G0 X157.324 Y98.428
G0 F15000 X156.724 Y98.428
G1 F1500 E636.83656
;MESH:NONMESH
G0 F300 X156.724 Y98.428 Z9.7
G0 F15000 X156.724 Y97.164
G0 X157.324 Y82.025
G0 X157.324 Y81.16
;TIME_ELAPSED:1353.665728
;LAYER:96
;note -- min layer time used
;TYPE:WALL-OUTER
;MESH:90deg_h40_w80_t36.STL
G1 F1500 E643.33656
G1 F2001.4 X77.724 Y81.16 E644.85888
G1 X77.724 Y80.76 E644.86653
G1 X155.55 Y80.76 E646.35492
G0 F2700 X157.324 Y80.76
G0 X157.324 Y81.16
G0 F15000 X156.724 Y81.16
G1 F1500 E639.85492
;MESH:90deg_h40_w80_t36.STL(1)
G0 F15000 X156.724 Y82.025
G0 X158.178 Y97.176
G0 X158.19 Y98.428
G0 X157.324 Y98.428
G1 F1500 E646.35492
G1 F2001.4 X77.724 Y98.428 E647.87723
G1 X77.724 Y98.028 E647.88488
G1 X155.55 Y98.028 E649.37327
G0 F2700 X157.324 Y98.028
G0 X157.324 Y98.428
G0 F15000 X156.724 Y98.428
G1 F1500 E642.87327
;MESH:NONMESH
G0 F300 X156.724 Y98.428 Z9.8
G0 F15000 X156.724 Y97.164
G0 X157.324 Y82.025
G0 X157.324 Y81.16
;TIME_ELAPSED:1365.617419
;LAYER:97
;note -- min layer time used
;TYPE:WALL-OUTER
;MESH:90deg_h40_w80_t36.STL
G1 F1500 E649.37327
G1 F2001.4 X77.724 Y81.16 E650.89559
G1 X77.724 Y80.76 E650.90324
G1 X155.55 Y80.76 E652.39163
G0 F2700 X157.324 Y80.76
G0 X157.324 Y81.16
G0 F15000 X156.724 Y81.16
G1 F1500 E645.89163
;MESH:90deg_h40_w80_t36.STL(1)
G0 F15000 X156.724 Y82.025
G0 X158.178 Y97.176
G0 X158.19 Y98.428
G0 X157.324 Y98.428
G1 F1500 E652.39163
G1 F2001.4 X77.724 Y98.428 E653.91394
G1 X77.724 Y98.028 E653.92159
G1 X155.55 Y98.028 E655.40998
G0 F2700 X157.324 Y98.028
G0 X157.324 Y98.428
G0 F15000 X156.724 Y98.428
G1 F1500 E648.90998
;MESH:NONMESH
G0 F300 X156.724 Y98.428 Z9.9
G0 F15000 X156.724 Y97.164
G0 X157.324 Y82.025
G0 X157.324 Y81.16
;TIME_ELAPSED:1377.569110
;LAYER:98
;note -- min layer time used
;TYPE:WALL-OUTER
;MESH:90deg_h40_w80_t36.STL
G1 F1500 E655.40998
G1 F2001.4 X77.724 Y81.16 E656.9323
G1 X77.724 Y80.76 E656.93995
G1 X155.55 Y80.76 E658.42834
G0 F2700 X157.324 Y80.76
G0 X157.324 Y81.16
G0 F15000 X156.724 Y81.16
G1 F1500 E651.92834
;MESH:90deg_h40_w80_t36.STL(1)
G0 F15000 X156.724 Y82.025
G0 X158.178 Y97.176
G0 X158.19 Y98.428
G0 X157.324 Y98.428
G1 F1500 E658.42834
G1 F2001.4 X77.724 Y98.428 E659.95066
G1 X77.724 Y98.028 E659.95831
G1 X155.55 Y98.028 E661.4467
G0 F2700 X157.324 Y98.028
G0 X157.324 Y98.428
G0 F15000 X156.724 Y98.428
G1 F1500 E654.9467
;MESH:NONMESH
G0 F300 X156.724 Y98.428 Z10
G0 F15000 X156.724 Y97.164
G0 X157.324 Y82.025
G0 X157.324 Y81.16
;TIME_ELAPSED:1389.520801
;LAYER:99
;note -- min layer time used
;TYPE:WALL-OUTER
;MESH:90deg_h40_w80_t36.STL
G1 F1500 E661.4467
G1 F2001.4 X77.724 Y81.16 E662.96901
G1 X77.724 Y80.76 E662.97666
G1 X155.55 Y80.76 E664.46505
G0 F2700 X157.324 Y80.76
G0 X157.324 Y81.16
G0 F15000 X156.724 Y81.16
G1 F1500 E657.96505
;MESH:90deg_h40_w80_t36.STL(1)
G0 F15000 X156.724 Y82.025
G0 X158.178 Y97.176
G0 X158.19 Y98.428
G0 X157.324 Y98.428
G1 F1500 E664.46505
G1 F2001.4 X77.724 Y98.428 E665.98737
G1 X77.724 Y98.028 E665.99502
G1 X155.55 Y98.028 E667.48341
G0 F2700 X157.324 Y98.028
G0 X157.324 Y98.428
G0 F15000 X156.724 Y98.428
G1 F1500 E660.98341
;MESH:NONMESH
G0 F300 X156.724 Y98.428 Z10.1
G0 F15000 X156.724 Y97.164
G0 X157.324 Y82.025
G0 X157.324 Y81.16
;TIME_ELAPSED:1401.472492
;LAYER:100
;note -- min layer time used
;TYPE:WALL-OUTER
;MESH:90deg_h40_w80_t36.STL
G1 F1500 E667.48341
G1 F2001.4 X77.724 Y81.16 E669.00572
G1 X77.724 Y80.76 E669.01337
G1 X155.55 Y80.76 E670.50176
G0 F2700 X157.324 Y80.76
G0 X157.324 Y81.16
G0 F15000 X156.724 Y81.16
G1 F1500 E664.00176
;MESH:90deg_h40_w80_t36.STL(1)
G0 F15000 X156.724 Y82.025
G0 X158.178 Y97.176
G0 X158.19 Y98.428
G0 X157.324 Y98.428
G1 F1500 E670.50176
G1 F2001.4 X77.724 Y98.428 E672.02408
G1 X77.724 Y98.028 E672.03173
G1 X155.55 Y98.028 E673.52012
G0 F2700 X157.324 Y98.028
G0 X157.324 Y98.428
G0 F15000 X156.724 Y98.428
G1 F1500 E667.02012
;MESH:NONMESH
G0 F300 X156.724 Y98.428 Z10.2
G0 F15000 X156.724 Y97.164
G0 X157.324 Y82.025
G0 X157.324 Y81.16
;TIME_ELAPSED:1413.424183
;LAYER:101
;note -- min layer time used
;TYPE:WALL-OUTER
;MESH:90deg_h40_w80_t36.STL
G1 F1500 E673.52012
G1 F2001.4 X77.724 Y81.16 E675.04243
G1 X77.724 Y80.76 E675.05008
G1 X155.55 Y80.76 E676.53847
G0 F2700 X157.324 Y80.76
G0 X157.324 Y81.16
G0 F15000 X156.724 Y81.16
G1 F1500 E670.03847
;MESH:90deg_h40_w80_t36.STL(1)
G0 F15000 X156.724 Y82.025
G0 X158.178 Y97.176
G0 X158.19 Y98.428
G0 X157.324 Y98.428
G1 F1500 E676.53847
G1 F2001.4 X77.724 Y98.428 E678.06079
G1 X77.724 Y98.028 E678.06844
G1 X155.55 Y98.028 E679.55683
G0 F2700 X157.324 Y98.028
G0 X157.324 Y98.428
G0 F15000 X156.724 Y98.428
G1 F1500 E673.05683
;MESH:NONMESH
G0 F300 X156.724 Y98.428 Z10.3
G0 F15000 X156.724 Y97.164
G0 X157.324 Y82.025
G0 X157.324 Y81.16
;TIME_ELAPSED:1425.375874
;LAYER:102
;note -- min layer time used
;TYPE:WALL-OUTER
;MESH:90deg_h40_w80_t36.STL
G1 F1500 E679.55683
G1 F2001.4 X77.724 Y81.16 E681.07915
G1 X77.724 Y80.76 E681.08679
G1 X155.55 Y80.76 E682.57518
G0 F2700 X157.324 Y80.76
G0 X157.324 Y81.16
G0 F15000 X156.724 Y81.16
G1 F1500 E676.07518
;MESH:90deg_h40_w80_t36.STL(1)
G0 F15000 X156.724 Y82.025
G0 X158.178 Y97.176
G0 X158.19 Y98.428
G0 X157.324 Y98.428
G1 F1500 E682.57518
G1 F2001.4 X77.724 Y98.428 E684.0975
G1 X77.724 Y98.028 E684.10515
G1 X155.55 Y98.028 E685.59354
G0 F2700 X157.324 Y98.028
G0 X157.324 Y98.428
G0 F15000 X156.724 Y98.428
G1 F1500 E679.09354
;MESH:NONMESH
G0 F300 X156.724 Y98.428 Z10.4
G0 F15000 X156.724 Y97.164
G0 X157.324 Y82.025
G0 X157.324 Y81.16
;TIME_ELAPSED:1437.327565
;LAYER:103
;note -- min layer time used
;TYPE:WALL-OUTER
;MESH:90deg_h40_w80_t36.STL
G1 F1500 E685.59354
G1 F2001.4 X77.724 Y81.16 E687.11586
G1 X77.724 Y80.76 E687.12351
G1 X155.55 Y80.76 E688.6119
G0 F2700 X157.324 Y80.76
G0 X157.324 Y81.16
G0 F15000 X156.724 Y81.16
G1 F1500 E682.1119
;MESH:90deg_h40_w80_t36.STL(1)
G0 F15000 X156.724 Y82.025
G0 X158.178 Y97.176
G0 X158.19 Y98.428
G0 X157.324 Y98.428
G1 F1500 E688.6119
G1 F2001.4 X77.724 Y98.428 E690.13421
G1 X77.724 Y98.028 E690.14186
G1 X155.55 Y98.028 E691.63025
G0 F2700 X157.324 Y98.028
G0 X157.324 Y98.428
G0 F15000 X156.724 Y98.428
G1 F1500 E685.13025
;MESH:NONMESH
G0 F300 X156.724 Y98.428 Z10.5
G0 F15000 X156.724 Y97.164
G0 X157.324 Y82.025
G0 X157.324 Y81.16
;TIME_ELAPSED:1449.279256
;LAYER:104
;note -- min layer time used
;TYPE:WALL-OUTER
;MESH:90deg_h40_w80_t36.STL
G1 F1500 E691.63025
G1 F2001.4 X77.724 Y81.16 E693.15257
G1 X77.724 Y80.76 E693.16022
G1 X155.55 Y80.76 E694.64861
G0 F2700 X157.324 Y80.76
G0 X157.324 Y81.16
G0 F15000 X156.724 Y81.16
G1 F1500 E688.14861
;MESH:90deg_h40_w80_t36.STL(1)
G0 F15000 X156.724 Y82.025
G0 X158.178 Y97.176
G0 X158.19 Y98.428
G0 X157.324 Y98.428
G1 F1500 E694.64861
G1 F2001.4 X77.724 Y98.428 E696.17092
G1 X77.724 Y98.028 E696.17857
G1 X155.55 Y98.028 E697.66696
G0 F2700 X157.324 Y98.028
G0 X157.324 Y98.428
G0 F15000 X156.724 Y98.428
G1 F1500 E691.16696
;MESH:NONMESH
G0 F300 X156.724 Y98.428 Z10.6
G0 F15000 X156.724 Y97.164
G0 X157.324 Y82.025
G0 X157.324 Y81.16
;TIME_ELAPSED:1461.230947
;LAYER:105
;note -- min layer time used
;TYPE:WALL-OUTER
;MESH:90deg_h40_w80_t36.STL
G1 F1500 E697.66696
G1 F2001.4 X77.724 Y81.16 E699.18928
G1 X77.724 Y80.76 E699.19693
G1 X155.55 Y80.76 E700.68532
G0 F2700 X157.324 Y80.76
G0 X157.324 Y81.16
G0 F15000 X156.724 Y81.16
G1 F1500 E694.18532
;MESH:90deg_h40_w80_t36.STL(1)
G0 F15000 X156.724 Y82.025
G0 X158.178 Y97.176
G0 X158.19 Y98.428
G0 X157.324 Y98.428
G1 F1500 E700.68532
G1 F2001.4 X77.724 Y98.428 E702.20763
G1 X77.724 Y98.028 E702.21528
G1 X155.55 Y98.028 E703.70367
G0 F2700 X157.324 Y98.028
G0 X157.324 Y98.428
G0 F15000 X156.724 Y98.428
G1 F1500 E697.20367
;MESH:NONMESH
G0 F300 X156.724 Y98.428 Z10.7
G0 F15000 X156.724 Y97.164
G0 X157.324 Y82.025
G0 X157.324 Y81.16
;TIME_ELAPSED:1473.182638
;LAYER:106
;note -- min layer time used
;TYPE:WALL-OUTER
;MESH:90deg_h40_w80_t36.STL
G1 F1500 E703.70367
G1 F2001.4 X77.724 Y81.16 E705.22599
G1 X77.724 Y80.76 E705.23364
G1 X155.55 Y80.76 E706.72203
G0 F2700 X157.324 Y80.76
G0 X157.324 Y81.16
G0 F15000 X156.724 Y81.16
G1 F1500 E700.22203
;MESH:90deg_h40_w80_t36.STL(1)
G0 F15000 X156.724 Y82.025
G0 X158.178 Y97.176
G0 X158.19 Y98.428
G0 X157.324 Y98.428
G1 F1500 E706.72203
G1 F2001.4 X77.724 Y98.428 E708.24435
G1 X77.724 Y98.028 E708.252
G1 X155.55 Y98.028 E709.74038
G0 F2700 X157.324 Y98.028
G0 X157.324 Y98.428
G0 F15000 X156.724 Y98.428
G1 F1500 E703.24038
;MESH:NONMESH
G0 F300 X156.724 Y98.428 Z10.8
G0 F15000 X156.724 Y97.164
G0 X157.324 Y82.025
G0 X157.324 Y81.16
;TIME_ELAPSED:1485.134329
;LAYER:107
;note -- min layer time used
;TYPE:WALL-OUTER
;MESH:90deg_h40_w80_t36.STL
G1 F1500 E709.74038
G1 F2001.4 X77.724 Y81.16 E711.2627
G1 X77.724 Y80.76 E711.27035
G1 X155.55 Y80.76 E712.75874
G0 F2700 X157.324 Y80.76
G0 X157.324 Y81.16
G0 F15000 X156.724 Y81.16
G1 F1500 E706.25874
;MESH:90deg_h40_w80_t36.STL(1)
G0 F15000 X156.724 Y82.025
G0 X158.178 Y97.176
G0 X158.19 Y98.428
G0 X157.324 Y98.428
G1 F1500 E712.75874
G1 F2001.4 X77.724 Y98.428 E714.28106
G1 X77.724 Y98.028 E714.28871
G1 X155.55 Y98.028 E715.7771
G0 F2700 X157.324 Y98.028
G0 X157.324 Y98.428
G0 F15000 X156.724 Y98.428
G1 F1500 E709.2771
;MESH:NONMESH
G0 F300 X156.724 Y98.428 Z10.9
G0 F15000 X156.724 Y97.164
G0 X157.324 Y82.025
G0 X157.324 Y81.16
;TIME_ELAPSED:1497.086020
;LAYER:108
;note -- min layer time used
;TYPE:WALL-OUTER
;MESH:90deg_h40_w80_t36.STL
G1 F1500 E715.7771
G1 F2001.4 X77.724 Y81.16 E717.29941
G1 X77.724 Y80.76 E717.30706
G1 X155.55 Y80.76 E718.79545
G0 F2700 X157.324 Y80.76
G0 X157.324 Y81.16
G0 F15000 X156.724 Y81.16
G1 F1500 E712.29545
;MESH:90deg_h40_w80_t36.STL(1)
G0 F15000 X156.724 Y82.025
G0 X158.178 Y97.176
G0 X158.19 Y98.428
G0 X157.324 Y98.428
G1 F1500 E718.79545
G1 F2001.4 X77.724 Y98.428 E720.31777
G1 X77.724 Y98.028 E720.32542
G1 X155.55 Y98.028 E721.81381
G0 F2700 X157.324 Y98.028
G0 X157.324 Y98.428
G0 F15000 X156.724 Y98.428
G1 F1500 E715.31381
;MESH:NONMESH
G0 F300 X156.724 Y98.428 Z11
G0 F15000 X156.724 Y97.164
G0 X157.324 Y82.025
G0 X157.324 Y81.16
;TIME_ELAPSED:1509.037711
;LAYER:109
;note -- min layer time used
;TYPE:WALL-OUTER
;MESH:90deg_h40_w80_t36.STL
G1 F1500 E721.81381
G1 F2001.4 X77.724 Y81.16 E723.33612
G1 X77.724 Y80.76 E723.34377
G1 X155.55 Y80.76 E724.83216
G0 F2700 X157.324 Y80.76
G0 X157.324 Y81.16
G0 F15000 X156.724 Y81.16
G1 F1500 E718.33216
;MESH:90deg_h40_w80_t36.STL(1)
G0 F15000 X156.724 Y82.025
G0 X158.178 Y97.176
G0 X158.19 Y98.428
G0 X157.324 Y98.428
G1 F1500 E724.83216
G1 F2001.4 X77.724 Y98.428 E726.35448
G1 X77.724 Y98.028 E726.36213
G1 X155.55 Y98.028 E727.85052
G0 F2700 X157.324 Y98.028
G0 X157.324 Y98.428
G0 F15000 X156.724 Y98.428
G1 F1500 E721.35052
;MESH:NONMESH
G0 F300 X156.724 Y98.428 Z11.1
G0 F15000 X156.724 Y97.164
G0 X157.324 Y82.025
G0 X157.324 Y81.16
;TIME_ELAPSED:1520.989402
;LAYER:110
;note -- min layer time used
;TYPE:WALL-OUTER
;MESH:90deg_h40_w80_t36.STL
G1 F1500 E727.85052
G1 F2001.4 X77.724 Y81.16 E729.37283
G1 X77.724 Y80.76 E729.38048
G1 X155.55 Y80.76 E730.86887
G0 F2700 X157.324 Y80.76
G0 X157.324 Y81.16
G0 F15000 X156.724 Y81.16
G1 F1500 E724.36887
;MESH:90deg_h40_w80_t36.STL(1)
G0 F15000 X156.724 Y82.025
G0 X158.178 Y97.176
G0 X158.19 Y98.428
G0 X157.324 Y98.428
G1 F1500 E730.86887
G1 F2001.4 X77.724 Y98.428 E732.39119
G1 X77.724 Y98.028 E732.39884
G1 X155.55 Y98.028 E733.88723
G0 F2700 X157.324 Y98.028
G0 X157.324 Y98.428
G0 F15000 X156.724 Y98.428
G1 F1500 E727.38723
;MESH:NONMESH
G0 F300 X156.724 Y98.428 Z11.2
G0 F15000 X156.724 Y97.164
G0 X157.324 Y82.025
G0 X157.324 Y81.16
;TIME_ELAPSED:1532.941093
;LAYER:111
;note -- min layer time used
;TYPE:WALL-OUTER
;MESH:90deg_h40_w80_t36.STL
G1 F1500 E733.88723
G1 F2001.4 X77.724 Y81.16 E735.40955
G1 X77.724 Y80.76 E735.4172
G1 X155.55 Y80.76 E736.90558
G0 F2700 X157.324 Y80.76
G0 X157.324 Y81.16
G0 F15000 X156.724 Y81.16
G1 F1500 E730.40558
;MESH:90deg_h40_w80_t36.STL(1)
G0 F15000 X156.724 Y82.025
G0 X158.178 Y97.176
G0 X158.19 Y98.428
G0 X157.324 Y98.428
G1 F1500 E736.90558
G1 F2001.4 X77.724 Y98.428 E738.4279
G1 X77.724 Y98.028 E738.43555
G1 X155.55 Y98.028 E739.92394
G0 F2700 X157.324 Y98.028
G0 X157.324 Y98.428
G0 F15000 X156.724 Y98.428
G1 F1500 E733.42394
;MESH:NONMESH
G0 F300 X156.724 Y98.428 Z11.3
G0 F15000 X156.724 Y97.164
G0 X157.324 Y82.025
G0 X157.324 Y81.16
;TIME_ELAPSED:1544.892784
;LAYER:112
;note -- min layer time used
;TYPE:WALL-OUTER
;MESH:90deg_h40_w80_t36.STL
G1 F1500 E739.92394
G1 F2001.4 X77.724 Y81.16 E741.44626
G1 X77.724 Y80.76 E741.45391
G1 X155.55 Y80.76 E742.9423
G0 F2700 X157.324 Y80.76
G0 X157.324 Y81.16
G0 F15000 X156.724 Y81.16
G1 F1500 E736.4423
;MESH:90deg_h40_w80_t36.STL(1)
G0 F15000 X156.724 Y82.025
G0 X158.178 Y97.176
G0 X158.19 Y98.428
G0 X157.324 Y98.428
G1 F1500 E742.9423
G1 F2001.4 X77.724 Y98.428 E744.46461
G1 X77.724 Y98.028 E744.47226
G1 X155.55 Y98.028 E745.96065
G0 F2700 X157.324 Y98.028
G0 X157.324 Y98.428
G0 F15000 X156.724 Y98.428
G1 F1500 E739.46065
;MESH:NONMESH
G0 F300 X156.724 Y98.428 Z11.4
G0 F15000 X156.724 Y97.164
G0 X157.324 Y82.025
G0 X157.324 Y81.16
;TIME_ELAPSED:1556.844475
;LAYER:113
;note -- min layer time used
;TYPE:WALL-OUTER
;MESH:90deg_h40_w80_t36.STL
G1 F1500 E745.96065
G1 F2001.4 X77.724 Y81.16 E747.48297
G1 X77.724 Y80.76 E747.49062
G1 X155.55 Y80.76 E748.97901
G0 F2700 X157.324 Y80.76
G0 X157.324 Y81.16
G0 F15000 X156.724 Y81.16
G1 F1500 E742.47901
;MESH:90deg_h40_w80_t36.STL(1)
G0 F15000 X156.724 Y82.025
G0 X158.178 Y97.176
G0 X158.19 Y98.428
G0 X157.324 Y98.428
G1 F1500 E748.97901
G1 F2001.4 X77.724 Y98.428 E750.50132
G1 X77.724 Y98.028 E750.50897
G1 X155.55 Y98.028 E751.99736
G0 F2700 X157.324 Y98.028
G0 X157.324 Y98.428
G0 F15000 X156.724 Y98.428
G1 F1500 E745.49736
;MESH:NONMESH
G0 F300 X156.724 Y98.428 Z11.5
G0 F15000 X156.724 Y97.164
G0 X157.324 Y82.025
G0 X157.324 Y81.16
;TIME_ELAPSED:1568.796166
;LAYER:114
;note -- min layer time used
;TYPE:WALL-OUTER
;MESH:90deg_h40_w80_t36.STL
G1 F1500 E751.99736
G1 F2001.4 X77.724 Y81.16 E753.51968
G1 X77.724 Y80.76 E753.52733
G1 X155.55 Y80.76 E755.01572
G0 F2700 X157.324 Y80.76
G0 X157.324 Y81.16
G0 F15000 X156.724 Y81.16
G1 F1500 E748.51572
;MESH:90deg_h40_w80_t36.STL(1)
G0 F15000 X156.724 Y82.025
G0 X158.178 Y97.176
G0 X158.19 Y98.428
G0 X157.324 Y98.428
G1 F1500 E755.01572
G1 F2001.4 X77.724 Y98.428 E756.53803
G1 X77.724 Y98.028 E756.54568
G1 X155.55 Y98.028 E758.03407
G0 F2700 X157.324 Y98.028
G0 X157.324 Y98.428
G0 F15000 X156.724 Y98.428
G1 F1500 E751.53407
;MESH:NONMESH
G0 F300 X156.724 Y98.428 Z11.6
G0 F15000 X156.724 Y97.164
G0 X157.324 Y82.025
G0 X157.324 Y81.16
;TIME_ELAPSED:1580.747856
;LAYER:115
;note -- min layer time used
;TYPE:WALL-OUTER
;MESH:90deg_h40_w80_t36.STL
G1 F1500 E758.03407
G1 F2001.4 X77.724 Y81.16 E759.55639
G1 X77.724 Y80.76 E759.56404
G1 X155.55 Y80.76 E761.05243
G0 F2700 X157.324 Y80.76
G0 X157.324 Y81.16
G0 F15000 X156.724 Y81.16
G1 F1500 E754.55243
;MESH:90deg_h40_w80_t36.STL(1)
G0 F15000 X156.724 Y82.025
G0 X158.178 Y97.176
G0 X158.19 Y98.428
G0 X157.324 Y98.428
G1 F1500 E761.05243
G1 F2001.4 X77.724 Y98.428 E762.57475
G1 X77.724 Y98.028 E762.5824
G1 X155.55 Y98.028 E764.07079
G0 F2700 X157.324 Y98.028
G0 X157.324 Y98.428
G0 F15000 X156.724 Y98.428
G1 F1500 E757.57079
;MESH:NONMESH
G0 F300 X156.724 Y98.428 Z11.7
G0 F15000 X156.724 Y97.164
G0 X157.324 Y82.025
G0 X157.324 Y81.16
;TIME_ELAPSED:1592.699547
;LAYER:116
;note -- min layer time used
;TYPE:WALL-OUTER
;MESH:90deg_h40_w80_t36.STL
G1 F1500 E764.07079
G1 F2001.4 X77.724 Y81.16 E765.5931
G1 X77.724 Y80.76 E765.60075
G1 X155.55 Y80.76 E767.08914
G0 F2700 X157.324 Y80.76
G0 X157.324 Y81.16
G0 F15000 X156.724 Y81.16
G1 F1500 E760.58914
;MESH:90deg_h40_w80_t36.STL(1)
G0 F15000 X156.724 Y82.025
G0 X158.178 Y97.176
G0 X158.19 Y98.428
G0 X157.324 Y98.428
G1 F1500 E767.08914
G1 F2001.4 X77.724 Y98.428 E768.61146
G1 X77.724 Y98.028 E768.61911
G1 X155.55 Y98.028 E770.1075
G0 F2700 X157.324 Y98.028
G0 X157.324 Y98.428
G0 F15000 X156.724 Y98.428
G1 F1500 E763.6075
;MESH:NONMESH
G0 F300 X156.724 Y98.428 Z11.8
G0 F15000 X156.724 Y97.164
G0 X157.324 Y82.025
G0 X157.324 Y81.16
;TIME_ELAPSED:1604.651238
;LAYER:117
;note -- min layer time used
;TYPE:WALL-OUTER
;MESH:90deg_h40_w80_t36.STL
G1 F1500 E770.1075
G1 F2001.4 X77.724 Y81.16 E771.62981
G1 X77.724 Y80.76 E771.63746
G1 X155.55 Y80.76 E773.12585
G0 F2700 X157.324 Y80.76
G0 X157.324 Y81.16
G0 F15000 X156.724 Y81.16
G1 F1500 E766.62585
;MESH:90deg_h40_w80_t36.STL(1)
G0 F15000 X156.724 Y82.025
G0 X158.178 Y97.176
G0 X158.19 Y98.428
G0 X157.324 Y98.428
G1 F1500 E773.12585
G1 F2001.4 X77.724 Y98.428 E774.64817
G1 X77.724 Y98.028 E774.65582
G1 X155.55 Y98.028 E776.14421
G0 F2700 X157.324 Y98.028
G0 X157.324 Y98.428
G0 F15000 X156.724 Y98.428
G1 F1500 E769.64421
;MESH:NONMESH
G0 F300 X156.724 Y98.428 Z11.9
G0 F15000 X156.724 Y97.164
G0 X157.324 Y82.025
G0 X157.324 Y81.16
;TIME_ELAPSED:1616.602929
;LAYER:118
;note -- min layer time used
;TYPE:WALL-OUTER
;MESH:90deg_h40_w80_t36.STL
G1 F1500 E776.14421
G1 F2001.4 X77.724 Y81.16 E777.66652
G1 X77.724 Y80.76 E777.67417
G1 X155.55 Y80.76 E779.16256
G0 F2700 X157.324 Y80.76
G0 X157.324 Y81.16
G0 F15000 X156.724 Y81.16
G1 F1500 E772.66256
;MESH:90deg_h40_w80_t36.STL(1)
G0 F15000 X156.724 Y82.025
G0 X158.178 Y97.176
G0 X158.19 Y98.428
G0 X157.324 Y98.428
G1 F1500 E779.16256
G1 F2001.4 X77.724 Y98.428 E780.68488
G1 X77.724 Y98.028 E780.69253
G1 X155.55 Y98.028 E782.18092
G0 F2700 X157.324 Y98.028
G0 X157.324 Y98.428
G0 F15000 X156.724 Y98.428
G1 F1500 E775.68092
;MESH:NONMESH
G0 F300 X156.724 Y98.428 Z12
G0 F15000 X156.724 Y97.164
G0 X157.324 Y82.025
G0 X157.324 Y81.16
;TIME_ELAPSED:1628.554620
;LAYER:119
;note -- min layer time used
;TYPE:WALL-OUTER
;MESH:90deg_h40_w80_t36.STL
G1 F1500 E782.18092
G1 F2001.4 X77.724 Y81.16 E783.70324
G1 X77.724 Y80.76 E783.71089
G1 X155.55 Y80.76 E785.19927
G0 F2700 X157.324 Y80.76
G0 X157.324 Y81.16
G0 F15000 X156.724 Y81.16
G1 F1500 E778.69927
;MESH:90deg_h40_w80_t36.STL(1)
G0 F15000 X156.724 Y82.025
G0 X158.178 Y97.176
G0 X158.19 Y98.428
G0 X157.324 Y98.428
G1 F1500 E785.19927
G1 F2001.4 X77.724 Y98.428 E786.72159
G1 X77.724 Y98.028 E786.72924
G1 X155.55 Y98.028 E788.21763
G0 F2700 X157.324 Y98.028
G0 X157.324 Y98.428
G0 F15000 X156.724 Y98.428
G1 F1500 E781.71763
;MESH:NONMESH
G0 F300 X156.724 Y98.428 Z12.1
G0 F15000 X156.724 Y97.164
G0 X157.324 Y82.025
G0 X157.324 Y81.16
;TIME_ELAPSED:1640.506311
;LAYER:120
;note -- min layer time used
;TYPE:WALL-OUTER
;MESH:90deg_h40_w80_t36.STL
G1 F1500 E788.21763
G1 F2001.4 X77.724 Y81.16 E789.73995
G1 X77.724 Y80.76 E789.7476
G1 X155.55 Y80.76 E791.23599
G0 F2700 X157.324 Y80.76
G0 X157.324 Y81.16
G0 F15000 X156.724 Y81.16
G1 F1500 E784.73599
;MESH:90deg_h40_w80_t36.STL(1)
G0 F15000 X156.724 Y82.025
G0 X158.178 Y97.176
G0 X158.19 Y98.428
G0 X157.324 Y98.428
G1 F1500 E791.23599
G1 F2001.4 X77.724 Y98.428 E792.7583
G1 X77.724 Y98.028 E792.76595
G1 X155.55 Y98.028 E794.25434
G0 F2700 X157.324 Y98.028
G0 X157.324 Y98.428
G0 F15000 X156.724 Y98.428
G1 F1500 E787.75434
;MESH:NONMESH
G0 F300 X156.724 Y98.428 Z12.2
G0 F15000 X156.724 Y97.164
G0 X157.324 Y82.025
G0 X157.324 Y81.16
;TIME_ELAPSED:1652.458002
;LAYER:121
;note -- min layer time used
;TYPE:WALL-OUTER
;MESH:90deg_h40_w80_t36.STL
G1 F1500 E794.25434
G1 F2001.4 X77.724 Y81.16 E795.77666
G1 X77.724 Y80.76 E795.78431
G1 X155.55 Y80.76 E797.2727
G0 F2700 X157.324 Y80.76
G0 X157.324 Y81.16
G0 F15000 X156.724 Y81.16
G1 F1500 E790.7727
;MESH:90deg_h40_w80_t36.STL(1)
G0 F15000 X156.724 Y82.025
G0 X158.178 Y97.176
G0 X158.19 Y98.428
G0 X157.324 Y98.428
G1 F1500 E797.2727
G1 F2001.4 X77.724 Y98.428 E798.79501
G1 X77.724 Y98.028 E798.80266
G1 X155.55 Y98.028 E800.29105
G0 F2700 X157.324 Y98.028
G0 X157.324 Y98.428
G0 F15000 X156.724 Y98.428
G1 F1500 E793.79105
;MESH:NONMESH
G0 F300 X156.724 Y98.428 Z12.3
G0 F15000 X156.724 Y97.164
G0 X157.324 Y82.025
G0 X157.324 Y81.16
;TIME_ELAPSED:1664.409693
;LAYER:122
;note -- min layer time used
;TYPE:WALL-OUTER
;MESH:90deg_h40_w80_t36.STL
G1 F1500 E800.29105
G1 F2001.4 X77.724 Y81.16 E801.81337
G1 X77.724 Y80.76 E801.82102
G1 X155.55 Y80.76 E803.30941
G0 F2700 X157.324 Y80.76
G0 X157.324 Y81.16
G0 F15000 X156.724 Y81.16
G1 F1500 E796.80941
;MESH:90deg_h40_w80_t36.STL(1)
G0 F15000 X156.724 Y82.025
G0 X158.178 Y97.176
G0 X158.19 Y98.428
G0 X157.324 Y98.428
G1 F1500 E803.30941
G1 F2001.4 X77.724 Y98.428 E804.83172
G1 X77.724 Y98.028 E804.83937
G1 X155.55 Y98.028 E806.32776
G0 F2700 X157.324 Y98.028
G0 X157.324 Y98.428
G0 F15000 X156.724 Y98.428
G1 F1500 E799.82776
;MESH:NONMESH
G0 F300 X156.724 Y98.428 Z12.4
G0 F15000 X156.724 Y97.164
G0 X157.324 Y82.025
G0 X157.324 Y81.16
;TIME_ELAPSED:1676.361384
;LAYER:123
;note -- min layer time used
;TYPE:WALL-OUTER
;MESH:90deg_h40_w80_t36.STL
G1 F1500 E806.32776
G1 F2001.4 X77.724 Y81.16 E807.85008
G1 X77.724 Y80.76 E807.85773
G1 X155.55 Y80.76 E809.34612
G0 F2700 X157.324 Y80.76
G0 X157.324 Y81.16
G0 F15000 X156.724 Y81.16
G1 F1500 E802.84612
;MESH:90deg_h40_w80_t36.STL(1)
G0 F15000 X156.724 Y82.025
G0 X158.178 Y97.176
G0 X158.19 Y98.428
G0 X157.324 Y98.428
G1 F1500 E809.34612
G1 F2001.4 X77.724 Y98.428 E810.86844
G1 X77.724 Y98.028 E810.87609
G1 X155.55 Y98.028 E812.36447
G0 F2700 X157.324 Y98.028
G0 X157.324 Y98.428
G0 F15000 X156.724 Y98.428
G1 F1500 E805.86447
;MESH:NONMESH
G0 F300 X156.724 Y98.428 Z12.5
G0 F15000 X156.724 Y97.164
G0 X157.324 Y82.025
G0 X157.324 Y81.16
;TIME_ELAPSED:1688.313075
;LAYER:124
;note -- min layer time used
;TYPE:WALL-OUTER
;MESH:90deg_h40_w80_t36.STL
G1 F1500 E812.36447
G1 F2001.4 X77.724 Y81.16 E813.88679
G1 X77.724 Y80.76 E813.89444
G1 X155.55 Y80.76 E815.38283
G0 F2700 X157.324 Y80.76
G0 X157.324 Y81.16
G0 F15000 X156.724 Y81.16
G1 F1500 E808.88283
;MESH:90deg_h40_w80_t36.STL(1)
G0 F15000 X156.724 Y82.025
G0 X158.178 Y97.176
G0 X158.19 Y98.428
G0 X157.324 Y98.428
G1 F1500 E815.38283
G1 F2001.4 X77.724 Y98.428 E816.90515
G1 X77.724 Y98.028 E816.9128
G1 X155.55 Y98.028 E818.40119
G0 F2700 X157.324 Y98.028
G0 X157.324 Y98.428
G0 F15000 X156.724 Y98.428
G1 F1500 E811.90119
;MESH:NONMESH
G0 F300 X156.724 Y98.428 Z12.6
G0 F15000 X156.724 Y97.164
G0 X157.324 Y82.025
G0 X157.324 Y81.16
;TIME_ELAPSED:1700.264766
;LAYER:125
;note -- min layer time used
;TYPE:WALL-OUTER
;MESH:90deg_h40_w80_t36.STL
G1 F1500 E818.40119
G1 F2001.4 X77.724 Y81.16 E819.9235
G1 X77.724 Y80.76 E819.93115
G1 X155.55 Y80.76 E821.41954
G0 F2700 X157.324 Y80.76
G0 X157.324 Y81.16
G0 F15000 X156.724 Y81.16
G1 F1500 E814.91954
;MESH:90deg_h40_w80_t36.STL(1)
G0 F15000 X156.724 Y82.025
G0 X158.178 Y97.176
G0 X158.19 Y98.428
G0 X157.324 Y98.428
G1 F1500 E821.41954
G1 F2001.4 X77.724 Y98.428 E822.94186
G1 X77.724 Y98.028 E822.94951
G1 X155.55 Y98.028 E824.4379
G0 F2700 X157.324 Y98.028
G0 X157.324 Y98.428
G0 F15000 X156.724 Y98.428
G1 F1500 E817.9379
;MESH:NONMESH
G0 F300 X156.724 Y98.428 Z12.7
G0 F15000 X156.724 Y97.164
G0 X157.324 Y82.025
G0 X157.324 Y81.16
;TIME_ELAPSED:1712.216457
;LAYER:126
;note -- min layer time used
;TYPE:WALL-OUTER
;MESH:90deg_h40_w80_t36.STL
G1 F1500 E824.4379
G1 F2001.4 X77.724 Y81.16 E825.96021
G1 X77.724 Y80.76 E825.96786
G1 X155.55 Y80.76 E827.45625
G0 F2700 X157.324 Y80.76
G0 X157.324 Y81.16
G0 F15000 X156.724 Y81.16
G1 F1500 E820.95625
;MESH:90deg_h40_w80_t36.STL(1)
G0 F15000 X156.724 Y82.025
G0 X158.178 Y97.176
G0 X158.19 Y98.428
G0 X157.324 Y98.428
G1 F1500 E827.45625
G1 F2001.4 X77.724 Y98.428 E828.97857
G1 X77.724 Y98.028 E828.98622
G1 X155.55 Y98.028 E830.47461
G0 F2700 X157.324 Y98.028
G0 X157.324 Y98.428
G0 F15000 X156.724 Y98.428
G1 F1500 E823.97461
;MESH:NONMESH
G0 F300 X156.724 Y98.428 Z12.8
G0 F15000 X156.724 Y97.164
G0 X157.324 Y82.025
G0 X157.324 Y81.16
;TIME_ELAPSED:1724.168148
;LAYER:127
;note -- min layer time used
;TYPE:WALL-OUTER
;MESH:90deg_h40_w80_t36.STL
G1 F1500 E830.47461
G1 F2001.4 X77.724 Y81.16 E831.99692
G1 X77.724 Y80.76 E832.00457
G1 X155.55 Y80.76 E833.49296
G0 F2700 X157.324 Y80.76
G0 X157.324 Y81.16
G0 F15000 X156.724 Y81.16
G1 F1500 E826.99296
;MESH:90deg_h40_w80_t36.STL(1)
G0 F15000 X156.724 Y82.025
G0 X158.178 Y97.176
G0 X158.19 Y98.428
G0 X157.324 Y98.428
G1 F1500 E833.49296
G1 F2001.4 X77.724 Y98.428 E835.01528
G1 X77.724 Y98.028 E835.02293
G1 X155.55 Y98.028 E836.51132
G0 F2700 X157.324 Y98.028
G0 X157.324 Y98.428
G0 F15000 X156.724 Y98.428
G1 F1500 E830.01132
;MESH:NONMESH
G0 F300 X156.724 Y98.428 Z12.9
G0 F15000 X156.724 Y97.164
G0 X157.324 Y82.025
G0 X157.324 Y81.16
;TIME_ELAPSED:1736.119839
;LAYER:128
;note -- min layer time used
;TYPE:WALL-OUTER
;MESH:90deg_h40_w80_t36.STL
G1 F1500 E836.51132
G1 F2001.4 X77.724 Y81.16 E838.03364
G1 X77.724 Y80.76 E838.04129
G1 X155.55 Y80.76 E839.52968
G0 F2700 X157.324 Y80.76
G0 X157.324 Y81.16
G0 F15000 X156.724 Y81.16
G1 F1500 E833.02968
;MESH:90deg_h40_w80_t36.STL(1)
G0 F15000 X156.724 Y82.025
G0 X158.178 Y97.176
G0 X158.19 Y98.428
G0 X157.324 Y98.428
G1 F1500 E839.52968
G1 F2001.4 X77.724 Y98.428 E841.05199
G1 X77.724 Y98.028 E841.05964
G1 X155.55 Y98.028 E842.54803
G0 F2700 X157.324 Y98.028
G0 X157.324 Y98.428
G0 F15000 X156.724 Y98.428
G1 F1500 E836.04803
;MESH:NONMESH
G0 F300 X156.724 Y98.428 Z13
G0 F15000 X156.724 Y97.164
G0 X157.324 Y82.025
G0 X157.324 Y81.16
;TIME_ELAPSED:1748.071530
;LAYER:129
;note -- min layer time used
;TYPE:WALL-OUTER
;MESH:90deg_h40_w80_t36.STL
G1 F1500 E842.54803
G1 F2001.4 X77.724 Y81.16 E844.07035
G1 X77.724 Y80.76 E844.078
G1 X155.55 Y80.76 E845.56639
G0 F2700 X157.324 Y80.76
G0 X157.324 Y81.16
G0 F15000 X156.724 Y81.16
G1 F1500 E839.06639
;MESH:90deg_h40_w80_t36.STL(1)
G0 F15000 X156.724 Y82.025
G0 X158.178 Y97.176
G0 X158.19 Y98.428
G0 X157.324 Y98.428
G1 F1500 E845.56639
G1 F2001.4 X77.724 Y98.428 E847.0887
G1 X77.724 Y98.028 E847.09635
G1 X155.55 Y98.028 E848.58474
G0 F2700 X157.324 Y98.028
G0 X157.324 Y98.428
G0 F15000 X156.724 Y98.428
G1 F1500 E842.08474
;MESH:NONMESH
G0 F300 X156.724 Y98.428 Z13.1
G0 F15000 X156.724 Y97.164
G0 X157.324 Y82.025
G0 X157.324 Y81.16
;TIME_ELAPSED:1760.023221
;LAYER:130
;note -- min layer time used
;TYPE:WALL-OUTER
;MESH:90deg_h40_w80_t36.STL
G1 F1500 E848.58474
G1 F2001.4 X77.724 Y81.16 E850.10706
G1 X77.724 Y80.76 E850.11471
G1 X155.55 Y80.76 E851.6031
G0 F2700 X157.324 Y80.76
G0 X157.324 Y81.16
G0 F15000 X156.724 Y81.16
G1 F1500 E845.1031
;MESH:90deg_h40_w80_t36.STL(1)
G0 F15000 X156.724 Y82.025
G0 X158.178 Y97.176
G0 X158.19 Y98.428
G0 X157.324 Y98.428
G1 F1500 E851.6031
G1 F2001.4 X77.724 Y98.428 E853.12541
G1 X77.724 Y98.028 E853.13306
G1 X155.55 Y98.028 E854.62145
G0 F2700 X157.324 Y98.028
G0 X157.324 Y98.428
G0 F15000 X156.724 Y98.428
G1 F1500 E848.12145
;MESH:NONMESH
G0 F300 X156.724 Y98.428 Z13.2
G0 F15000 X156.724 Y97.164
G0 X157.324 Y82.025
G0 X157.324 Y81.16
;TIME_ELAPSED:1771.974912
;LAYER:131
;note -- min layer time used
;TYPE:WALL-OUTER
;MESH:90deg_h40_w80_t36.STL
G1 F1500 E854.62145
G1 F2001.4 X77.724 Y81.16 E856.14377
G1 X77.724 Y80.76 E856.15142
G1 X155.55 Y80.76 E857.63981
G0 F2700 X157.324 Y80.76
G0 X157.324 Y81.16
G0 F15000 X156.724 Y81.16
G1 F1500 E851.13981
;MESH:90deg_h40_w80_t36.STL(1)
G0 F15000 X156.724 Y82.025
G0 X158.178 Y97.176
G0 X158.19 Y98.428
G0 X157.324 Y98.428
G1 F1500 E857.63981
G1 F2001.4 X77.724 Y98.428 E859.16213
G1 X77.724 Y98.028 E859.16977
G1 X155.55 Y98.028 E860.65816
G0 F2700 X157.324 Y98.028
G0 X157.324 Y98.428
G0 F15000 X156.724 Y98.428
G1 F1500 E854.15816
;MESH:NONMESH
G0 F300 X156.724 Y98.428 Z13.3
G0 F15000 X156.724 Y97.164
G0 X157.324 Y82.025
G0 X157.324 Y81.16
;TIME_ELAPSED:1783.926603
;LAYER:132
;note -- min layer time used
;TYPE:WALL-OUTER
;MESH:90deg_h40_w80_t36.STL
G1 F1500 E860.65816
G1 F2001.4 X77.724 Y81.16 E862.18048
G1 X77.724 Y80.76 E862.18813
G1 X155.55 Y80.76 E863.67652
G0 F2700 X157.324 Y80.76
G0 X157.324 Y81.16
G0 F15000 X156.724 Y81.16
G1 F1500 E857.17652
;MESH:90deg_h40_w80_t36.STL(1)
G0 F15000 X156.724 Y82.025
G0 X158.178 Y97.176
G0 X158.19 Y98.428
G0 X157.324 Y98.428
G1 F1500 E863.67652
G1 F2001.4 X77.724 Y98.428 E865.19884
G1 X77.724 Y98.028 E865.20649
G1 X155.55 Y98.028 E866.69488
G0 F2700 X157.324 Y98.028
G0 X157.324 Y98.428
G0 F15000 X156.724 Y98.428
G1 F1500 E860.19488
;MESH:NONMESH
G0 F300 X156.724 Y98.428 Z13.4
G0 F15000 X156.724 Y97.164
G0 X157.324 Y82.025
G0 X157.324 Y81.16
;TIME_ELAPSED:1795.878294
;LAYER:133
;note -- min layer time used
;TYPE:WALL-OUTER
;MESH:90deg_h40_w80_t36.STL
G1 F1500 E866.69488
G1 F2001.4 X77.724 Y81.16 E868.21719
G1 X77.724 Y80.76 E868.22484
G1 X155.55 Y80.76 E869.71323
G0 F2700 X157.324 Y80.76
G0 X157.324 Y81.16
G0 F15000 X156.724 Y81.16
G1 F1500 E863.21323
;MESH:90deg_h40_w80_t36.STL(1)
G0 F15000 X156.724 Y82.025
G0 X158.178 Y97.176
G0 X158.19 Y98.428
G0 X157.324 Y98.428
G1 F1500 E869.71323
G1 F2001.4 X77.724 Y98.428 E871.23555
G1 X77.724 Y98.028 E871.2432
G1 X155.55 Y98.028 E872.73159
G0 F2700 X157.324 Y98.028
G0 X157.324 Y98.428
G0 F15000 X156.724 Y98.428
G1 F1500 E866.23159
;MESH:NONMESH
G0 F300 X156.724 Y98.428 Z13.5
G0 F15000 X156.724 Y97.164
G0 X157.324 Y82.025
G0 X157.324 Y81.16
;TIME_ELAPSED:1807.829985
;LAYER:134
;note -- min layer time used
;TYPE:WALL-OUTER
;MESH:90deg_h40_w80_t36.STL
G1 F1500 E872.73159
G1 F2001.4 X77.724 Y81.16 E874.2539
G1 X77.724 Y80.76 E874.26155
G1 X155.55 Y80.76 E875.74994
G0 F2700 X157.324 Y80.76
G0 X157.324 Y81.16
G0 F15000 X156.724 Y81.16
G1 F1500 E869.24994
;MESH:90deg_h40_w80_t36.STL(1)
G0 F15000 X156.724 Y82.025
G0 X158.178 Y97.176
G0 X158.19 Y98.428
G0 X157.324 Y98.428
G1 F1500 E875.74994
G1 F2001.4 X77.724 Y98.428 E877.27226
G1 X77.724 Y98.028 E877.27991
G1 X155.55 Y98.028 E878.7683
G0 F2700 X157.324 Y98.028
G0 X157.324 Y98.428
G0 F15000 X156.724 Y98.428
G1 F1500 E872.2683
;MESH:NONMESH
G0 F300 X156.724 Y98.428 Z13.6
G0 F15000 X156.724 Y97.164
G0 X157.324 Y82.025
G0 X157.324 Y81.16
;TIME_ELAPSED:1819.781676
;LAYER:135
;note -- min layer time used
;TYPE:WALL-OUTER
;MESH:90deg_h40_w80_t36.STL
G1 F1500 E878.7683
G1 F2001.4 X77.724 Y81.16 E880.29061
G1 X77.724 Y80.76 E880.29826
G1 X155.55 Y80.76 E881.78665
G0 F2700 X157.324 Y80.76
G0 X157.324 Y81.16
G0 F15000 X156.724 Y81.16
G1 F1500 E875.28665
;MESH:90deg_h40_w80_t36.STL(1)
G0 F15000 X156.724 Y82.025
G0 X158.178 Y97.176
G0 X158.19 Y98.428
G0 X157.324 Y98.428
G1 F1500 E881.78665
G1 F2001.4 X77.724 Y98.428 E883.30897
G1 X77.724 Y98.028 E883.31662
G1 X155.55 Y98.028 E884.80501
G0 F2700 X157.324 Y98.028
G0 X157.324 Y98.428
G0 F15000 X156.724 Y98.428
G1 F1500 E878.30501
;MESH:NONMESH
G0 F300 X156.724 Y98.428 Z13.7
G0 F15000 X156.724 Y97.164
G0 X157.324 Y82.025
G0 X157.324 Y81.16
;TIME_ELAPSED:1831.733367
;LAYER:136
;note -- min layer time used
;TYPE:WALL-OUTER
;MESH:90deg_h40_w80_t36.STL
G1 F1500 E884.80501
G1 F2001.4 X77.724 Y81.16 E886.32733
G1 X77.724 Y80.76 E886.33498
G1 X155.55 Y80.76 E887.82336
G0 F2700 X157.324 Y80.76
G0 X157.324 Y81.16
G0 F15000 X156.724 Y81.16
G1 F1500 E881.32336
;MESH:90deg_h40_w80_t36.STL(1)
G0 F15000 X156.724 Y82.025
G0 X158.178 Y97.176
G0 X158.19 Y98.428
G0 X157.324 Y98.428
G1 F1500 E887.82336
G1 F2001.4 X77.724 Y98.428 E889.34568
G1 X77.724 Y98.028 E889.35333
G1 X155.55 Y98.028 E890.84172
G0 F2700 X157.324 Y98.028
G0 X157.324 Y98.428
G0 F15000 X156.724 Y98.428
G1 F1500 E884.34172
;MESH:NONMESH
G0 F300 X156.724 Y98.428 Z13.8
G0 F15000 X156.724 Y97.164
G0 X157.324 Y82.025
G0 X157.324 Y81.16
;TIME_ELAPSED:1843.685058
;LAYER:137
;note -- min layer time used
;TYPE:WALL-OUTER
;MESH:90deg_h40_w80_t36.STL
G1 F1500 E890.84172
G1 F2001.4 X77.724 Y81.16 E892.36404
G1 X77.724 Y80.76 E892.37169
G1 X155.55 Y80.76 E893.86008
G0 F2700 X157.324 Y80.76
G0 X157.324 Y81.16
G0 F15000 X156.724 Y81.16
G1 F1500 E887.36008
;MESH:90deg_h40_w80_t36.STL(1)
G0 F15000 X156.724 Y82.025
G0 X158.178 Y97.176
G0 X158.19 Y98.428
G0 X157.324 Y98.428
G1 F1500 E893.86008
G1 F2001.4 X77.724 Y98.428 E895.38239
G1 X77.724 Y98.028 E895.39004
G1 X155.55 Y98.028 E896.87843
G0 F2700 X157.324 Y98.028
G0 X157.324 Y98.428
G0 F15000 X156.724 Y98.428
G1 F1500 E890.37843
;MESH:NONMESH
G0 F300 X156.724 Y98.428 Z13.9
G0 F15000 X156.724 Y97.164
G0 X157.324 Y82.025
G0 X157.324 Y81.16
;TIME_ELAPSED:1855.636749
;LAYER:138
;note -- min layer time used
;TYPE:WALL-OUTER
;MESH:90deg_h40_w80_t36.STL
G1 F1500 E896.87843
G1 F2001.4 X77.724 Y81.16 E898.40075
G1 X77.724 Y80.76 E898.4084
G1 X155.55 Y80.76 E899.89679
G0 F2700 X157.324 Y80.76
G0 X157.324 Y81.16
G0 F15000 X156.724 Y81.16
G1 F1500 E893.39679
;MESH:90deg_h40_w80_t36.STL(1)
G0 F15000 X156.724 Y82.025
G0 X158.178 Y97.176
G0 X158.19 Y98.428
G0 X157.324 Y98.428
G1 F1500 E899.89679
G1 F2001.4 X77.724 Y98.428 E901.4191
G1 X77.724 Y98.028 E901.42675
G1 X155.55 Y98.028 E902.91514
G0 F2700 X157.324 Y98.028
G0 X157.324 Y98.428
G0 F15000 X156.724 Y98.428
G1 F1500 E896.41514
;MESH:NONMESH
G0 F300 X156.724 Y98.428 Z14
G0 F15000 X156.724 Y97.164
G0 X157.324 Y82.025
G0 X157.324 Y81.16
;TIME_ELAPSED:1867.588440
;LAYER:139
;note -- min layer time used
;TYPE:WALL-OUTER
;MESH:90deg_h40_w80_t36.STL
G1 F1500 E902.91514
G1 F2001.4 X77.724 Y81.16 E904.43746
G1 X77.724 Y80.76 E904.44511
G1 X155.55 Y80.76 E905.9335
G0 F2700 X157.324 Y80.76
G0 X157.324 Y81.16
G0 F15000 X156.724 Y81.16
G1 F1500 E899.4335
;MESH:90deg_h40_w80_t36.STL(1)
G0 F15000 X156.724 Y82.025
G0 X158.178 Y97.176
G0 X158.19 Y98.428
G0 X157.324 Y98.428
G1 F1500 E905.9335
G1 F2001.4 X77.724 Y98.428 E907.45581
G1 X77.724 Y98.028 E907.46346
G1 X155.55 Y98.028 E908.95185
G0 F2700 X157.324 Y98.028
G0 X157.324 Y98.428
G0 F15000 X156.724 Y98.428
G1 F1500 E902.45185
;MESH:NONMESH
G0 F300 X156.724 Y98.428 Z14.1
G0 F15000 X156.724 Y97.164
G0 X157.324 Y82.025
G0 X157.324 Y81.16
;TIME_ELAPSED:1879.540131
;LAYER:140
;note -- min layer time used
;TYPE:WALL-OUTER
;MESH:90deg_h40_w80_t36.STL
G1 F1500 E908.95185
G1 F2001.4 X77.724 Y81.16 E910.47417
G1 X77.724 Y80.76 E910.48182
G1 X155.55 Y80.76 E911.97021
G0 F2700 X157.324 Y80.76
G0 X157.324 Y81.16
G0 F15000 X156.724 Y81.16
G1 F1500 E905.47021
;MESH:90deg_h40_w80_t36.STL(1)
G0 F15000 X156.724 Y82.025
G0 X158.178 Y97.176
G0 X158.19 Y98.428
G0 X157.324 Y98.428
G1 F1500 E911.97021
G1 F2001.4 X77.724 Y98.428 E913.49253
G1 X77.724 Y98.028 E913.50018
G1 X155.55 Y98.028 E914.98856
G0 F2700 X157.324 Y98.028
G0 X157.324 Y98.428
G0 F15000 X156.724 Y98.428
G1 F1500 E908.48856
;MESH:NONMESH
G0 F300 X156.724 Y98.428 Z14.2
G0 F15000 X156.724 Y97.164
G0 X157.324 Y82.025
G0 X157.324 Y81.16
;TIME_ELAPSED:1891.491822
;LAYER:141
;note -- min layer time used
;TYPE:WALL-OUTER
;MESH:90deg_h40_w80_t36.STL
G1 F1500 E914.98856
G1 F2001.4 X77.724 Y81.16 E916.51088
G1 X77.724 Y80.76 E916.51853
G1 X155.55 Y80.76 E918.00692
G0 F2700 X157.324 Y80.76
G0 X157.324 Y81.16
G0 F15000 X156.724 Y81.16
G1 F1500 E911.50692
;MESH:90deg_h40_w80_t36.STL(1)
G0 F15000 X156.724 Y82.025
G0 X158.178 Y97.176
G0 X158.19 Y98.428
G0 X157.324 Y98.428
G1 F1500 E918.00692
G1 F2001.4 X77.724 Y98.428 E919.52924
G1 X77.724 Y98.028 E919.53689
G1 X155.55 Y98.028 E921.02528
G0 F2700 X157.324 Y98.028
G0 X157.324 Y98.428
G0 F15000 X156.724 Y98.428
G1 F1500 E914.52528
;MESH:NONMESH
G0 F300 X156.724 Y98.428 Z14.3
G0 F15000 X156.724 Y97.164
G0 X157.324 Y82.025
G0 X157.324 Y81.16
;TIME_ELAPSED:1903.443513
;LAYER:142
;note -- min layer time used
;TYPE:WALL-OUTER
;MESH:90deg_h40_w80_t36.STL
G1 F1500 E921.02528
G1 F2001.4 X77.724 Y81.16 E922.54759
G1 X77.724 Y80.76 E922.55524
G1 X155.55 Y80.76 E924.04363
G0 F2700 X157.324 Y80.76
G0 X157.324 Y81.16
G0 F15000 X156.724 Y81.16
G1 F1500 E917.54363
;MESH:90deg_h40_w80_t36.STL(1)
G0 F15000 X156.724 Y82.025
G0 X158.178 Y97.176
G0 X158.19 Y98.428
G0 X157.324 Y98.428
G1 F1500 E924.04363
G1 F2001.4 X77.724 Y98.428 E925.56595
G1 X77.724 Y98.028 E925.5736
G1 X155.55 Y98.028 E927.06199
G0 F2700 X157.324 Y98.028
G0 X157.324 Y98.428
G0 F15000 X156.724 Y98.428
G1 F1500 E920.56199
;MESH:NONMESH
G0 F300 X156.724 Y98.428 Z14.4
G0 F15000 X156.724 Y97.164
G0 X157.324 Y82.025
G0 X157.324 Y81.16
;TIME_ELAPSED:1915.395204
;LAYER:143
;note -- min layer time used
;TYPE:WALL-OUTER
;MESH:90deg_h40_w80_t36.STL
G1 F1500 E927.06199
G1 F2001.4 X77.724 Y81.16 E928.5843
G1 X77.724 Y80.76 E928.59195
G1 X155.55 Y80.76 E930.08034
G0 F2700 X157.324 Y80.76
G0 X157.324 Y81.16
G0 F15000 X156.724 Y81.16
G1 F1500 E923.58034
;MESH:90deg_h40_w80_t36.STL(1)
G0 F15000 X156.724 Y82.025
G0 X158.178 Y97.176
G0 X158.19 Y98.428
G0 X157.324 Y98.428
G1 F1500 E930.08034
G1 F2001.4 X77.724 Y98.428 E931.60266
G1 X77.724 Y98.028 E931.61031
G1 X155.55 Y98.028 E933.0987
G0 F2700 X157.324 Y98.028
G0 X157.324 Y98.428
G0 F15000 X156.724 Y98.428
G1 F1500 E926.5987
;MESH:NONMESH
G0 F300 X156.724 Y98.428 Z14.5
G0 F15000 X156.724 Y97.164
G0 X157.324 Y82.025
G0 X157.324 Y81.16
;TIME_ELAPSED:1927.346895
;LAYER:144
;note -- min layer time used
;TYPE:WALL-OUTER
;MESH:90deg_h40_w80_t36.STL
G1 F1500 E933.0987
G1 F2001.4 X77.724 Y81.16 E934.62101
G1 X77.724 Y80.76 E934.62866
G1 X155.55 Y80.76 E936.11705
G0 F2700 X157.324 Y80.76
G0 X157.324 Y81.16
G0 F15000 X156.724 Y81.16
G1 F1500 E929.61705
;MESH:90deg_h40_w80_t36.STL(1)
G0 F15000 X156.724 Y82.025
G0 X158.178 Y97.176
G0 X158.19 Y98.428
G0 X157.324 Y98.428
G1 F1500 E936.11705
G1 F2001.4 X77.724 Y98.428 E937.63937
G1 X77.724 Y98.028 E937.64702
G1 X155.55 Y98.028 E939.13541
G0 F2700 X157.324 Y98.028
G0 X157.324 Y98.428
G0 F15000 X156.724 Y98.428
G1 F1500 E932.63541
;MESH:NONMESH
G0 F300 X156.724 Y98.428 Z14.6
G0 F15000 X156.724 Y97.164
G0 X157.324 Y82.025
G0 X157.324 Y81.16
;TIME_ELAPSED:1939.298586
;LAYER:145
;note -- min layer time used
;TYPE:WALL-OUTER
;MESH:90deg_h40_w80_t36.STL
G1 F1500 E939.13541
G1 F2001.4 X77.724 Y81.16 E940.65773
G1 X77.724 Y80.76 E940.66538
G1 X155.55 Y80.76 E942.15377
G0 F2700 X157.324 Y80.76
G0 X157.324 Y81.16
G0 F15000 X156.724 Y81.16
G1 F1500 E935.65377
;MESH:90deg_h40_w80_t36.STL(1)
G0 F15000 X156.724 Y82.025
G0 X158.178 Y97.176
G0 X158.19 Y98.428
G0 X157.324 Y98.428
G1 F1500 E942.15377
G1 F2001.4 X77.724 Y98.428 E943.67608
G1 X77.724 Y98.028 E943.68373
G1 X155.55 Y98.028 E945.17212
G0 F2700 X157.324 Y98.028
G0 X157.324 Y98.428
G0 F15000 X156.724 Y98.428
G1 F1500 E938.67212
;MESH:NONMESH
G0 F300 X156.724 Y98.428 Z14.7
G0 F15000 X156.724 Y97.164
G0 X157.324 Y82.025
G0 X157.324 Y81.16
;TIME_ELAPSED:1951.250277
;LAYER:146
;note -- min layer time used
;TYPE:WALL-OUTER
;MESH:90deg_h40_w80_t36.STL
G1 F1500 E945.17212
G1 F2001.4 X77.724 Y81.16 E946.69444
G1 X77.724 Y80.76 E946.70209
G1 X155.55 Y80.76 E948.19048
G0 F2700 X157.324 Y80.76
G0 X157.324 Y81.16
G0 F15000 X156.724 Y81.16
G1 F1500 E941.69048
;MESH:90deg_h40_w80_t36.STL(1)
G0 F15000 X156.724 Y82.025
G0 X158.178 Y97.176
G0 X158.19 Y98.428
G0 X157.324 Y98.428
G1 F1500 E948.19048
G1 F2001.4 X77.724 Y98.428 E949.71279
G1 X77.724 Y98.028 E949.72044
G1 X155.55 Y98.028 E951.20883
G0 F2700 X157.324 Y98.028
G0 X157.324 Y98.428
G0 F15000 X156.724 Y98.428
G1 F1500 E944.70883
;MESH:NONMESH
G0 F300 X156.724 Y98.428 Z14.8
G0 F15000 X156.724 Y97.164
G0 X157.324 Y82.025
G0 X157.324 Y81.16
;TIME_ELAPSED:1963.201968
;LAYER:147
;note -- min layer time used
;TYPE:WALL-OUTER
;MESH:90deg_h40_w80_t36.STL
G1 F1500 E951.20883
G1 F2001.4 X77.724 Y81.16 E952.73115
G1 X77.724 Y80.76 E952.7388
G1 X155.55 Y80.76 E954.22719
G0 F2700 X157.324 Y80.76
G0 X157.324 Y81.16
G0 F15000 X156.724 Y81.16
G1 F1500 E947.72719
;MESH:90deg_h40_w80_t36.STL(1)
G0 F15000 X156.724 Y82.025
G0 X158.178 Y97.176
G0 X158.19 Y98.428
G0 X157.324 Y98.428
G1 F1500 E954.22719
G1 F2001.4 X77.724 Y98.428 E955.7495
G1 X77.724 Y98.028 E955.75715
G1 X155.55 Y98.028 E957.24554
G0 F2700 X157.324 Y98.028
G0 X157.324 Y98.428
G0 F15000 X156.724 Y98.428
G1 F1500 E950.74554
;MESH:NONMESH
G0 F300 X156.724 Y98.428 Z14.9
G0 F15000 X156.724 Y97.164
G0 X157.324 Y82.025
G0 X157.324 Y81.16
;TIME_ELAPSED:1975.153659
;LAYER:148
;note -- min layer time used
;TYPE:WALL-OUTER
;MESH:90deg_h40_w80_t36.STL
G1 F1500 E957.24554
G1 F2001.4 X77.724 Y81.16 E958.76786
G1 X77.724 Y80.76 E958.77551
G1 X155.55 Y80.76 E960.2639
G0 F2700 X157.324 Y80.76
G0 X157.324 Y81.16
G0 F15000 X156.724 Y81.16
G1 F1500 E953.7639
;MESH:90deg_h40_w80_t36.STL(1)
G0 F15000 X156.724 Y82.025
G0 X158.178 Y97.176
G0 X158.19 Y98.428
G0 X157.324 Y98.428
G1 F1500 E960.2639
G1 F2001.4 X77.724 Y98.428 E961.78622
G1 X77.724 Y98.028 E961.79387
G1 X155.55 Y98.028 E963.28225
G0 F2700 X157.324 Y98.028
G0 X157.324 Y98.428
G0 F15000 X156.724 Y98.428
G1 F1500 E956.78225
;MESH:NONMESH
G0 F300 X156.724 Y98.428 Z15
G0 F15000 X156.724 Y97.164
G0 X157.324 Y82.025
G0 X157.324 Y81.16
;TIME_ELAPSED:1987.105350
;LAYER:149
;note -- min layer time used
;TYPE:WALL-OUTER
;MESH:90deg_h40_w80_t36.STL
G1 F1500 E963.28225
G1 F2001.4 X77.724 Y81.16 E964.80457
G1 X77.724 Y80.76 E964.81222
G1 X155.55 Y80.76 E966.30061
G0 F2700 X157.324 Y80.76
G0 X157.324 Y81.16
G0 F15000 X156.724 Y81.16
G1 F1500 E959.80061
;MESH:90deg_h40_w80_t36.STL(1)
G0 F15000 X156.724 Y82.025
G0 X158.178 Y97.176
G0 X158.19 Y98.428
G0 X157.324 Y98.428
G1 F1500 E966.30061
G1 F2001.4 X77.724 Y98.428 E967.82293
G1 X77.724 Y98.028 E967.83058
G1 X155.55 Y98.028 E969.31897
G0 F2700 X157.324 Y98.028
G0 X157.324 Y98.428
G0 F15000 X156.724 Y98.428
G1 F1500 E962.81897
;MESH:NONMESH
G0 F300 X156.724 Y98.428 Z15.1
G0 F15000 X156.724 Y97.164
G0 X157.324 Y82.025
G0 X157.324 Y81.16
;TIME_ELAPSED:1999.057041
;LAYER:150
;note -- min layer time used
;TYPE:WALL-OUTER
;MESH:90deg_h40_w80_t36.STL
G1 F1500 E969.31897
G1 F2001.4 X77.724 Y81.16 E970.84128
G1 X77.724 Y80.76 E970.84893
G1 X155.55 Y80.76 E972.33732
G0 F2700 X157.324 Y80.76
G0 X157.324 Y81.16
G0 F15000 X156.724 Y81.16
G1 F1500 E965.83732
;MESH:90deg_h40_w80_t36.STL(1)
G0 F15000 X156.724 Y82.025
G0 X158.178 Y97.176
G0 X158.19 Y98.428
G0 X157.324 Y98.428
G1 F1500 E972.33732
G1 F2001.4 X77.724 Y98.428 E973.85964
G1 X77.724 Y98.028 E973.86729
G1 X155.55 Y98.028 E975.35568
G0 F2700 X157.324 Y98.028
G0 X157.324 Y98.428
G0 F15000 X156.724 Y98.428
G1 F1500 E968.85568
;MESH:NONMESH
G0 F300 X156.724 Y98.428 Z15.2
G0 F15000 X156.724 Y97.164
G0 X157.324 Y82.025
G0 X157.324 Y81.16
;TIME_ELAPSED:2011.008732
;LAYER:151
;note -- min layer time used
;TYPE:WALL-OUTER
;MESH:90deg_h40_w80_t36.STL
G1 F1500 E975.35568
G1 F2001.4 X77.724 Y81.16 E976.87799
G1 X77.724 Y80.76 E976.88564
G1 X155.55 Y80.76 E978.37403
G0 F2700 X157.324 Y80.76
G0 X157.324 Y81.16
G0 F15000 X156.724 Y81.16
G1 F1500 E971.87403
;MESH:90deg_h40_w80_t36.STL(1)
G0 F15000 X156.724 Y82.025
G0 X158.178 Y97.176
G0 X158.19 Y98.428
G0 X157.324 Y98.428
G1 F1500 E978.37403
G1 F2001.4 X77.724 Y98.428 E979.89635
G1 X77.724 Y98.028 E979.904
G1 X155.55 Y98.028 E981.39239
G0 F2700 X157.324 Y98.028
G0 X157.324 Y98.428
G0 F15000 X156.724 Y98.428
G1 F1500 E974.89239
;MESH:NONMESH
G0 F300 X156.724 Y98.428 Z15.3
G0 F15000 X156.724 Y97.164
G0 X157.324 Y82.025
G0 X157.324 Y81.16
;TIME_ELAPSED:2022.960423
;LAYER:152
;note -- min layer time used
;TYPE:WALL-OUTER
;MESH:90deg_h40_w80_t36.STL
G1 F1500 E981.39239
G1 F2001.4 X77.724 Y81.16 E982.9147
G1 X77.724 Y80.76 E982.92235
G1 X155.55 Y80.76 E984.41074
G0 F2700 X157.324 Y80.76
G0 X157.324 Y81.16
G0 F15000 X156.724 Y81.16
G1 F1500 E977.91074
;MESH:90deg_h40_w80_t36.STL(1)
G0 F15000 X156.724 Y82.025
G0 X158.178 Y97.176
G0 X158.19 Y98.428
G0 X157.324 Y98.428
G1 F1500 E984.41074
G1 F2001.4 X77.724 Y98.428 E985.93306
G1 X77.724 Y98.028 E985.94071
G1 X155.55 Y98.028 E987.4291
G0 F2700 X157.324 Y98.028
G0 X157.324 Y98.428
G0 F15000 X156.724 Y98.428
G1 F1500 E980.9291
;MESH:NONMESH
G0 F300 X156.724 Y98.428 Z15.4
G0 F15000 X156.724 Y97.164
G0 X157.324 Y82.025
G0 X157.324 Y81.16
;TIME_ELAPSED:2034.912114
;LAYER:153
;note -- min layer time used
;TYPE:WALL-OUTER
;MESH:90deg_h40_w80_t36.STL
G1 F1500 E987.4291
G1 F2001.4 X77.724 Y81.16 E988.95142
G1 X77.724 Y80.76 E988.95907
G1 X155.55 Y80.76 E990.44745
G0 F2700 X157.324 Y80.76
G0 X157.324 Y81.16
G0 F15000 X156.724 Y81.16
G1 F1500 E983.94745
;MESH:90deg_h40_w80_t36.STL(1)
G0 F15000 X156.724 Y82.025
G0 X158.178 Y97.176
G0 X158.19 Y98.428
G0 X157.324 Y98.428
G1 F1500 E990.44745
G1 F2001.4 X77.724 Y98.428 E991.96977
G1 X77.724 Y98.028 E991.97742
G1 X155.55 Y98.028 E993.46581
G0 F2700 X157.324 Y98.028
G0 X157.324 Y98.428
G0 F15000 X156.724 Y98.428
G1 F1500 E986.96581
;MESH:NONMESH
G0 F300 X156.724 Y98.428 Z15.5
G0 F15000 X156.724 Y97.164
G0 X157.324 Y82.025
G0 X157.324 Y81.16
;TIME_ELAPSED:2046.863805
;LAYER:154
;note -- min layer time used
;TYPE:WALL-OUTER
;MESH:90deg_h40_w80_t36.STL
G1 F1500 E993.46581
G1 F2001.4 X77.724 Y81.16 E994.98813
G1 X77.724 Y80.76 E994.99578
G1 X155.55 Y80.76 E996.48417
G0 F2700 X157.324 Y80.76
G0 X157.324 Y81.16
G0 F15000 X156.724 Y81.16
G1 F1500 E989.98417
;MESH:90deg_h40_w80_t36.STL(1)
G0 F15000 X156.724 Y82.025
G0 X158.178 Y97.176
G0 X158.19 Y98.428
G0 X157.324 Y98.428
G1 F1500 E996.48417
G1 F2001.4 X77.724 Y98.428 E998.00648
G1 X77.724 Y98.028 E998.01413
G1 X155.55 Y98.028 E999.50252
G0 F2700 X157.324 Y98.028
G0 X157.324 Y98.428
G0 F15000 X156.724 Y98.428
G1 F1500 E993.00252
;MESH:NONMESH
G0 F300 X156.724 Y98.428 Z15.6
G0 F15000 X156.724 Y97.164
G0 X157.324 Y82.025
G0 X157.324 Y81.16
;TIME_ELAPSED:2058.815496
;LAYER:155
;note -- min layer time used
;TYPE:WALL-OUTER
;MESH:90deg_h40_w80_t36.STL
G1 F1500 E999.50252
G1 F2001.4 X77.724 Y81.16 E1001.02484
G1 X77.724 Y80.76 E1001.03249
G1 X155.55 Y80.76 E1002.52088
G0 F2700 X157.324 Y80.76
G0 X157.324 Y81.16
G0 F15000 X156.724 Y81.16
G1 F1500 E996.02088
;MESH:90deg_h40_w80_t36.STL(1)
G0 F15000 X156.724 Y82.025
G0 X158.178 Y97.176
G0 X158.19 Y98.428
G0 X157.324 Y98.428
G1 F1500 E1002.52088
G1 F2001.4 X77.724 Y98.428 E1004.04319
G1 X77.724 Y98.028 E1004.05084
G1 X155.55 Y98.028 E1005.53923
G0 F2700 X157.324 Y98.028
G0 X157.324 Y98.428
G0 F15000 X156.724 Y98.428
G1 F1500 E999.03923
;MESH:NONMESH
G0 F300 X156.724 Y98.428 Z15.7
G0 F15000 X156.724 Y97.164
G0 X157.324 Y82.025
G0 X157.324 Y81.16
;TIME_ELAPSED:2070.767187
;LAYER:156
;note -- min layer time used
;TYPE:WALL-OUTER
;MESH:90deg_h40_w80_t36.STL
G1 F1500 E1005.53923
G1 F2001.4 X77.724 Y81.16 E1007.06155
G1 X77.724 Y80.76 E1007.0692
G1 X155.55 Y80.76 E1008.55759
G0 F2700 X157.324 Y80.76
G0 X157.324 Y81.16
G0 F15000 X156.724 Y81.16
G1 F1500 E1002.05759
;MESH:90deg_h40_w80_t36.STL(1)
G0 F15000 X156.724 Y82.025
G0 X158.178 Y97.176
G0 X158.19 Y98.428
G0 X157.324 Y98.428
G1 F1500 E1008.55759
G1 F2001.4 X77.724 Y98.428 E1010.0799
G1 X77.724 Y98.028 E1010.08755
G1 X155.55 Y98.028 E1011.57594
G0 F2700 X157.324 Y98.028
G0 X157.324 Y98.428
G0 F15000 X156.724 Y98.428
G1 F1500 E1005.07594
;MESH:NONMESH
G0 F300 X156.724 Y98.428 Z15.8
G0 F15000 X156.724 Y97.164
G0 X157.324 Y82.025
G0 X157.324 Y81.16
;TIME_ELAPSED:2082.718878
;LAYER:157
;note -- min layer time used
;TYPE:WALL-OUTER
;MESH:90deg_h40_w80_t36.STL
G1 F1500 E1011.57594
G1 F2001.4 X77.724 Y81.16 E1013.09826
G1 X77.724 Y80.76 E1013.10591
G1 X155.55 Y80.76 E1014.5943
G0 F2700 X157.324 Y80.76
G0 X157.324 Y81.16
G0 F15000 X156.724 Y81.16
G1 F1500 E1008.0943
;MESH:90deg_h40_w80_t36.STL(1)
G0 F15000 X156.724 Y82.025
G0 X158.178 Y97.176
G0 X158.19 Y98.428
G0 X157.324 Y98.428
G1 F1500 E1014.5943
G1 F2001.4 X77.724 Y98.428 E1016.11662
G1 X77.724 Y98.028 E1016.12427
G1 X155.55 Y98.028 E1017.61266
G0 F2700 X157.324 Y98.028
G0 X157.324 Y98.428
G0 F15000 X156.724 Y98.428
G1 F1500 E1011.11266
;MESH:NONMESH
G0 F300 X156.724 Y98.428 Z15.9
G0 F15000 X156.724 Y97.164
G0 X157.324 Y82.025
G0 X157.324 Y81.16
;TIME_ELAPSED:2094.670569
;LAYER:158
;note -- min layer time used
;TYPE:WALL-OUTER
;MESH:90deg_h40_w80_t36.STL
G1 F1500 E1017.61266
G1 F2001.4 X77.724 Y81.16 E1019.13497
G1 X77.724 Y80.76 E1019.14262
G1 X155.55 Y80.76 E1020.63101
G0 F2700 X157.324 Y80.76
G0 X157.324 Y81.16
G0 F15000 X156.724 Y81.16
G1 F1500 E1014.13101
;MESH:90deg_h40_w80_t36.STL(1)
G0 F15000 X156.724 Y82.025
G0 X158.178 Y97.176
G0 X158.19 Y98.428
G0 X157.324 Y98.428
G1 F1500 E1020.63101
G1 F2001.4 X77.724 Y98.428 E1022.15333
G1 X77.724 Y98.028 E1022.16098
G1 X155.55 Y98.028 E1023.64937
G0 F2700 X157.324 Y98.028
G0 X157.324 Y98.428
G0 F15000 X156.724 Y98.428
G1 F1500 E1017.14937
;MESH:NONMESH
G0 F300 X156.724 Y98.428 Z16
G0 F15000 X156.724 Y97.164
G0 X157.324 Y82.025
G0 X157.324 Y81.16
;TIME_ELAPSED:2106.622260
;LAYER:159
;note -- min layer time used
;TYPE:WALL-OUTER
;MESH:90deg_h40_w80_t36.STL
G1 F1500 E1023.64937
G1 F2001.4 X77.724 Y81.16 E1025.17168
G1 X77.724 Y80.76 E1025.17933
G1 X155.55 Y80.76 E1026.66772
G0 F2700 X157.324 Y80.76
G0 X157.324 Y81.16
G0 F15000 X156.724 Y81.16
G1 F1500 E1020.16772
;MESH:90deg_h40_w80_t36.STL(1)
G0 F15000 X156.724 Y82.025
G0 X158.178 Y97.176
G0 X158.19 Y98.428
G0 X157.324 Y98.428
G1 F1500 E1026.66772
G1 F2001.4 X77.724 Y98.428 E1028.19004
G1 X77.724 Y98.028 E1028.19769
G1 X155.55 Y98.028 E1029.68608
G0 F2700 X157.324 Y98.028
G0 X157.324 Y98.428
G0 F15000 X156.724 Y98.428
G1 F1500 E1023.18608
;MESH:NONMESH
G0 F300 X156.724 Y98.428 Z16.1
G0 F15000 X156.724 Y97.164
G0 X157.324 Y82.025
G0 X157.324 Y81.16
;TIME_ELAPSED:2118.573951
;LAYER:160
;note -- min layer time used
;TYPE:WALL-OUTER
;MESH:90deg_h40_w80_t36.STL
G1 F1500 E1029.68608
G1 F2001.4 X77.724 Y81.16 E1031.20839
G1 X77.724 Y80.76 E1031.21604
G1 X155.55 Y80.76 E1032.70443
G0 F2700 X157.324 Y80.76
G0 X157.324 Y81.16
G0 F15000 X156.724 Y81.16
G1 F1500 E1026.20443
;MESH:90deg_h40_w80_t36.STL(1)
G0 F15000 X156.724 Y82.025
G0 X158.178 Y97.176
G0 X158.19 Y98.428
G0 X157.324 Y98.428
G1 F1500 E1032.70443
G1 F2001.4 X77.724 Y98.428 E1034.22675
G1 X77.724 Y98.028 E1034.2344
G1 X155.55 Y98.028 E1035.72279
G0 F2700 X157.324 Y98.028
G0 X157.324 Y98.428
G0 F15000 X156.724 Y98.428
G1 F1500 E1029.22279
;MESH:NONMESH
G0 F300 X156.724 Y98.428 Z16.2
G0 F15000 X156.724 Y97.164
G0 X157.324 Y82.025
G0 X157.324 Y81.16
;TIME_ELAPSED:2130.525642
;LAYER:161
;note -- min layer time used
;TYPE:WALL-OUTER
;MESH:90deg_h40_w80_t36.STL
G1 F1500 E1035.72279
G1 F2001.4 X77.724 Y81.16 E1037.24511
G1 X77.724 Y80.76 E1037.25275
G1 X155.55 Y80.76 E1038.74114
G0 F2700 X157.324 Y80.76
G0 X157.324 Y81.16
G0 F15000 X156.724 Y81.16
G1 F1500 E1032.24114
;MESH:90deg_h40_w80_t36.STL(1)
G0 F15000 X156.724 Y82.025
G0 X158.178 Y97.176
G0 X158.19 Y98.428
G0 X157.324 Y98.428
G1 F1500 E1038.74114
G1 F2001.4 X77.724 Y98.428 E1040.26346
G1 X77.724 Y98.028 E1040.27111
G1 X155.55 Y98.028 E1041.7595
G0 F2700 X157.324 Y98.028
G0 X157.324 Y98.428
G0 F15000 X156.724 Y98.428
G1 F1500 E1035.2595
;MESH:NONMESH
G0 F300 X156.724 Y98.428 Z16.3
G0 F15000 X156.724 Y97.164
G0 X157.324 Y82.025
G0 X157.324 Y81.16
;TIME_ELAPSED:2142.477332
;LAYER:162
;note -- min layer time used
;TYPE:WALL-OUTER
;MESH:90deg_h40_w80_t36.STL
G1 F1500 E1041.7595
G1 F2001.4 X77.724 Y81.16 E1043.28182
G1 X77.724 Y80.76 E1043.28947
G1 X155.55 Y80.76 E1044.77786
G0 F2700 X157.324 Y80.76
G0 X157.324 Y81.16
G0 F15000 X156.724 Y81.16
G1 F1500 E1038.27786
;MESH:90deg_h40_w80_t36.STL(1)
G0 F15000 X156.724 Y82.025
G0 X158.178 Y97.176
G0 X158.19 Y98.428
G0 X157.324 Y98.428
G1 F1500 E1044.77786
G1 F2001.4 X77.724 Y98.428 E1046.30017
G1 X77.724 Y98.028 E1046.30782
G1 X155.55 Y98.028 E1047.79621
G0 F2700 X157.324 Y98.028
G0 X157.324 Y98.428
G0 F15000 X156.724 Y98.428
G1 F1500 E1041.29621
;MESH:NONMESH
G0 F300 X156.724 Y98.428 Z16.4
G0 F15000 X156.724 Y97.164
G0 X157.324 Y82.025
G0 X157.324 Y81.16
;TIME_ELAPSED:2154.429023
;LAYER:163
;note -- min layer time used
;TYPE:WALL-OUTER
;MESH:90deg_h40_w80_t36.STL
G1 F1500 E1047.79621
G1 F2001.4 X77.724 Y81.16 E1049.31853
G1 X77.724 Y80.76 E1049.32618
G1 X155.55 Y80.76 E1050.81457
G0 F2700 X157.324 Y80.76
G0 X157.324 Y81.16
G0 F15000 X156.724 Y81.16
G1 F1500 E1044.31457
;MESH:90deg_h40_w80_t36.STL(1)
G0 F15000 X156.724 Y82.025
G0 X158.178 Y97.176
G0 X158.19 Y98.428
G0 X157.324 Y98.428
G1 F1500 E1050.81457
G1 F2001.4 X77.724 Y98.428 E1052.33688
G1 X77.724 Y98.028 E1052.34453
G1 X155.55 Y98.028 E1053.83292
G0 F2700 X157.324 Y98.028
G0 X157.324 Y98.428
G0 F15000 X156.724 Y98.428
G1 F1500 E1047.33292
;MESH:NONMESH
G0 F300 X156.724 Y98.428 Z16.5
G0 F15000 X156.724 Y97.164
G0 X157.324 Y82.025
G0 X157.324 Y81.16
;TIME_ELAPSED:2166.380714
;LAYER:164
;note -- min layer time used
;TYPE:WALL-OUTER
;MESH:90deg_h40_w80_t36.STL
G1 F1500 E1053.83292
G1 F2001.4 X77.724 Y81.16 E1055.35524
G1 X77.724 Y80.76 E1055.36289
G1 X155.55 Y80.76 E1056.85128
G0 F2700 X157.324 Y80.76
G0 X157.324 Y81.16
G0 F15000 X156.724 Y81.16
G1 F1500 E1050.35128
;MESH:90deg_h40_w80_t36.STL(1)
G0 F15000 X156.724 Y82.025
G0 X158.178 Y97.176
G0 X158.19 Y98.428
G0 X157.324 Y98.428
G1 F1500 E1056.85128
G1 F2001.4 X77.724 Y98.428 E1058.37359
G1 X77.724 Y98.028 E1058.38124
G1 X155.55 Y98.028 E1059.86963
G0 F2700 X157.324 Y98.028
G0 X157.324 Y98.428
G0 F15000 X156.724 Y98.428
G1 F1500 E1053.36963
;MESH:NONMESH
G0 F300 X156.724 Y98.428 Z16.6
G0 F15000 X156.724 Y97.164
G0 X157.324 Y82.025
G0 X157.324 Y81.16
;TIME_ELAPSED:2178.332405
;LAYER:165
;note -- min layer time used
;TYPE:WALL-OUTER
;MESH:90deg_h40_w80_t36.STL
G1 F1500 E1059.86963
G1 F2001.4 X77.724 Y81.16 E1061.39195
G1 X77.724 Y80.76 E1061.3996
G1 X155.55 Y80.76 E1062.88799
G0 F2700 X157.324 Y80.76
G0 X157.324 Y81.16
G0 F15000 X156.724 Y81.16
G1 F1500 E1056.38799
;MESH:90deg_h40_w80_t36.STL(1)
G0 F15000 X156.724 Y82.025
G0 X158.178 Y97.176
G0 X158.19 Y98.428
G0 X157.324 Y98.428
G1 F1500 E1062.88799
G1 F2001.4 X77.724 Y98.428 E1064.41031
G1 X77.724 Y98.028 E1064.41796
G1 X155.55 Y98.028 E1065.90634
G0 F2700 X157.324 Y98.028
G0 X157.324 Y98.428
G0 F15000 X156.724 Y98.428
G1 F1500 E1059.40634
;MESH:NONMESH
G0 F300 X156.724 Y98.428 Z16.7
G0 F15000 X156.724 Y97.164
G0 X157.324 Y82.025
G0 X157.324 Y81.16
;TIME_ELAPSED:2190.284096
;LAYER:166
;note -- min layer time used
;TYPE:WALL-OUTER
;MESH:90deg_h40_w80_t36.STL
G1 F1500 E1065.90634
G1 F2001.4 X77.724 Y81.16 E1067.42866
G1 X77.724 Y80.76 E1067.43631
G1 X155.55 Y80.76 E1068.9247
G0 F2700 X157.324 Y80.76
G0 X157.324 Y81.16
G0 F15000 X156.724 Y81.16
G1 F1500 E1062.4247
;MESH:90deg_h40_w80_t36.STL(1)
G0 F15000 X156.724 Y82.025
G0 X158.178 Y97.176
G0 X158.19 Y98.428
G0 X157.324 Y98.428
G1 F1500 E1068.9247
G1 F2001.4 X77.724 Y98.428 E1070.44702
G1 X77.724 Y98.028 E1070.45467
G1 X155.55 Y98.028 E1071.94306
G0 F2700 X157.324 Y98.028
G0 X157.324 Y98.428
G0 F15000 X156.724 Y98.428
G1 F1500 E1065.44306
;MESH:NONMESH
G0 F300 X156.724 Y98.428 Z16.8
G0 F15000 X156.724 Y97.164
G0 X157.324 Y82.025
G0 X157.324 Y81.16
;TIME_ELAPSED:2202.235787
;LAYER:167
;note -- min layer time used
;TYPE:WALL-OUTER
;MESH:90deg_h40_w80_t36.STL
G1 F1500 E1071.94306
G1 F2001.4 X77.724 Y81.16 E1073.46537
G1 X77.724 Y80.76 E1073.47302
G1 X155.55 Y80.76 E1074.96141
G0 F2700 X157.324 Y80.76
G0 X157.324 Y81.16
G0 F15000 X156.724 Y81.16
G1 F1500 E1068.46141
;MESH:90deg_h40_w80_t36.STL(1)
G0 F15000 X156.724 Y82.025
G0 X158.178 Y97.176
G0 X158.19 Y98.428
G0 X157.324 Y98.428
G1 F1500 E1074.96141
G1 F2001.4 X77.724 Y98.428 E1076.48373
G1 X77.724 Y98.028 E1076.49138
G1 X155.55 Y98.028 E1077.97977
G0 F2700 X157.324 Y98.028
G0 X157.324 Y98.428
G0 F15000 X156.724 Y98.428
G1 F1500 E1071.47977
;MESH:NONMESH
G0 F300 X156.724 Y98.428 Z16.9
G0 F15000 X156.724 Y97.164
G0 X157.324 Y82.025
G0 X157.324 Y81.16
;TIME_ELAPSED:2214.187478
;LAYER:168
;note -- min layer time used
;TYPE:WALL-OUTER
;MESH:90deg_h40_w80_t36.STL
G1 F1500 E1077.97977
G1 F2001.4 X77.724 Y81.16 E1079.50208
G1 X77.724 Y80.76 E1079.50973
G1 X155.55 Y80.76 E1080.99812
G0 F2700 X157.324 Y80.76
G0 X157.324 Y81.16
G0 F15000 X156.724 Y81.16
G1 F1500 E1074.49812
;MESH:90deg_h40_w80_t36.STL(1)
G0 F15000 X156.724 Y82.025
G0 X158.178 Y97.176
G0 X158.19 Y98.428
G0 X157.324 Y98.428
G1 F1500 E1080.99812
G1 F2001.4 X77.724 Y98.428 E1082.52044
G1 X77.724 Y98.028 E1082.52809
G1 X155.55 Y98.028 E1084.01648
G0 F2700 X157.324 Y98.028
G0 X157.324 Y98.428
G0 F15000 X156.724 Y98.428
G1 F1500 E1077.51648
;MESH:NONMESH
G0 F300 X156.724 Y98.428 Z17
G0 F15000 X156.724 Y97.164
G0 X157.324 Y82.025
G0 X157.324 Y81.16
;TIME_ELAPSED:2226.139169
;LAYER:169
;note -- min layer time used
;TYPE:WALL-OUTER
;MESH:90deg_h40_w80_t36.STL
G1 F1500 E1084.01648
G1 F2001.4 X77.724 Y81.16 E1085.53879
G1 X77.724 Y80.76 E1085.54644
G1 X155.55 Y80.76 E1087.03483
G0 F2700 X157.324 Y80.76
G0 X157.324 Y81.16
G0 F15000 X156.724 Y81.16
G1 F1500 E1080.53483
;MESH:90deg_h40_w80_t36.STL(1)
G0 F15000 X156.724 Y82.025
G0 X158.178 Y97.176
G0 X158.19 Y98.428
G0 X157.324 Y98.428
G1 F1500 E1087.03483
G1 F2001.4 X77.724 Y98.428 E1088.55715
G1 X77.724 Y98.028 E1088.5648
G1 X155.55 Y98.028 E1090.05319
G0 F2700 X157.324 Y98.028
G0 X157.324 Y98.428
G0 F15000 X156.724 Y98.428
G1 F1500 E1083.55319
;MESH:NONMESH
G0 F300 X156.724 Y98.428 Z17.1
G0 F15000 X156.724 Y97.164
G0 X157.324 Y82.025
G0 X157.324 Y81.16
;TIME_ELAPSED:2238.090860
;LAYER:170
;note -- min layer time used
;TYPE:WALL-OUTER
;MESH:90deg_h40_w80_t36.STL
G1 F1500 E1090.05319
G1 F2001.4 X77.724 Y81.16 E1091.57551
G1 X77.724 Y80.76 E1091.58316
G1 X155.55 Y80.76 E1093.07154
G0 F2700 X157.324 Y80.76
G0 X157.324 Y81.16
G0 F15000 X156.724 Y81.16
G1 F1500 E1086.57154
;MESH:90deg_h40_w80_t36.STL(1)
G0 F15000 X156.724 Y82.025
G0 X158.178 Y97.176
G0 X158.19 Y98.428
G0 X157.324 Y98.428
G1 F1500 E1093.07154
G1 F2001.4 X77.724 Y98.428 E1094.59386
G1 X77.724 Y98.028 E1094.60151
G1 X155.55 Y98.028 E1096.0899
G0 F2700 X157.324 Y98.028
G0 X157.324 Y98.428
G0 F15000 X156.724 Y98.428
G1 F1500 E1089.5899
;MESH:NONMESH
G0 F300 X156.724 Y98.428 Z17.2
G0 F15000 X156.724 Y97.164
G0 X157.324 Y82.025
G0 X157.324 Y81.16
;TIME_ELAPSED:2250.042551
;LAYER:171
;note -- min layer time used
;TYPE:WALL-OUTER
;MESH:90deg_h40_w80_t36.STL
G1 F1500 E1096.0899
G1 F2001.4 X77.724 Y81.16 E1097.61222
G1 X77.724 Y80.76 E1097.61987
G1 X155.55 Y80.76 E1099.10826
G0 F2700 X157.324 Y80.76
G0 X157.324 Y81.16
G0 F15000 X156.724 Y81.16
G1 F1500 E1092.60826
;MESH:90deg_h40_w80_t36.STL(1)
G0 F15000 X156.724 Y82.025
G0 X158.178 Y97.176
G0 X158.19 Y98.428
G0 X157.324 Y98.428
G1 F1500 E1099.10826
G1 F2001.4 X77.724 Y98.428 E1100.63057
G1 X77.724 Y98.028 E1100.63822
G1 X155.55 Y98.028 E1102.12661
G0 F2700 X157.324 Y98.028
G0 X157.324 Y98.428
G0 F15000 X156.724 Y98.428
G1 F1500 E1095.62661
;MESH:NONMESH
G0 F300 X156.724 Y98.428 Z17.3
G0 F15000 X156.724 Y97.164
G0 X157.324 Y82.025
G0 X157.324 Y81.16
;TIME_ELAPSED:2261.994242
;LAYER:172
;note -- min layer time used
;TYPE:WALL-OUTER
;MESH:90deg_h40_w80_t36.STL
G1 F1500 E1102.12661
G1 F2001.4 X77.724 Y81.16 E1103.64893
G1 X77.724 Y80.76 E1103.65658
G1 X155.55 Y80.76 E1105.14497
G0 F2700 X157.324 Y80.76
G0 X157.324 Y81.16
G0 F15000 X156.724 Y81.16
G1 F1500 E1098.64497
;MESH:90deg_h40_w80_t36.STL(1)
G0 F15000 X156.724 Y82.025
G0 X158.178 Y97.176
G0 X158.19 Y98.428
G0 X157.324 Y98.428
G1 F1500 E1105.14497
G1 F2001.4 X77.724 Y98.428 E1106.66728
G1 X77.724 Y98.028 E1106.67493
G1 X155.55 Y98.028 E1108.16332
G0 F2700 X157.324 Y98.028
G0 X157.324 Y98.428
G0 F15000 X156.724 Y98.428
G1 F1500 E1101.66332
;MESH:NONMESH
G0 F300 X156.724 Y98.428 Z17.4
G0 F15000 X156.724 Y97.164
G0 X157.324 Y82.025
G0 X157.324 Y81.16
;TIME_ELAPSED:2273.945933
;LAYER:173
;note -- min layer time used
;TYPE:WALL-OUTER
;MESH:90deg_h40_w80_t36.STL
G1 F1500 E1108.16332
G1 F2001.4 X77.724 Y81.16 E1109.68564
G1 X77.724 Y80.76 E1109.69329
G1 X155.55 Y80.76 E1111.18168
G0 F2700 X157.324 Y80.76
G0 X157.324 Y81.16
G0 F15000 X156.724 Y81.16
G1 F1500 E1104.68168
;MESH:90deg_h40_w80_t36.STL(1)
G0 F15000 X156.724 Y82.025
G0 X158.178 Y97.176
G0 X158.19 Y98.428
G0 X157.324 Y98.428
G1 F1500 E1111.18168
G1 F2001.4 X77.724 Y98.428 E1112.70399
G1 X77.724 Y98.028 E1112.71164
G1 X155.55 Y98.028 E1114.20003
G0 F2700 X157.324 Y98.028
G0 X157.324 Y98.428
G0 F15000 X156.724 Y98.428
G1 F1500 E1107.70003
;MESH:NONMESH
G0 F300 X156.724 Y98.428 Z17.5
G0 F15000 X156.724 Y97.164
G0 X157.324 Y82.025
G0 X157.324 Y81.16
;TIME_ELAPSED:2285.897624
;LAYER:174
;note -- min layer time used
;TYPE:WALL-OUTER
;MESH:90deg_h40_w80_t36.STL
G1 F1500 E1114.20003
G1 F2001.4 X77.724 Y81.16 E1115.72235
G1 X77.724 Y80.76 E1115.73
G1 X155.55 Y80.76 E1117.21839
G0 F2700 X157.324 Y80.76
G0 X157.324 Y81.16
G0 F15000 X156.724 Y81.16
G1 F1500 E1110.71839
;MESH:90deg_h40_w80_t36.STL(1)
G0 F15000 X156.724 Y82.025
G0 X158.178 Y97.176
G0 X158.19 Y98.428
G0 X157.324 Y98.428
G1 F1500 E1117.21839
G1 F2001.4 X77.724 Y98.428 E1118.74071
G1 X77.724 Y98.028 E1118.74836
G1 X155.55 Y98.028 E1120.23675
G0 F2700 X157.324 Y98.028
G0 X157.324 Y98.428
G0 F15000 X156.724 Y98.428
G1 F1500 E1113.73675
;MESH:NONMESH
G0 F300 X156.724 Y98.428 Z17.6
G0 F15000 X156.724 Y97.164
G0 X157.324 Y82.025
G0 X157.324 Y81.16
;TIME_ELAPSED:2297.849315
;LAYER:175
;note -- min layer time used
;TYPE:WALL-OUTER
;MESH:90deg_h40_w80_t36.STL
G1 F1500 E1120.23675
G1 F2001.4 X77.724 Y81.16 E1121.75906
G1 X77.724 Y80.76 E1121.76671
G1 X155.55 Y80.76 E1123.2551
G0 F2700 X157.324 Y80.76
G0 X157.324 Y81.16
G0 F15000 X156.724 Y81.16
G1 F1500 E1116.7551
;MESH:90deg_h40_w80_t36.STL(1)
G0 F15000 X156.724 Y82.025
G0 X158.178 Y97.176
G0 X158.19 Y98.428
G0 X157.324 Y98.428
G1 F1500 E1123.2551
G1 F2001.4 X77.724 Y98.428 E1124.77742
G1 X77.724 Y98.028 E1124.78507
G1 X155.55 Y98.028 E1126.27346
G0 F2700 X157.324 Y98.028
G0 X157.324 Y98.428
G0 F15000 X156.724 Y98.428
G1 F1500 E1119.77346
;MESH:NONMESH
G0 F300 X156.724 Y98.428 Z17.7
G0 F15000 X156.724 Y97.164
G0 X157.324 Y82.025
G0 X157.324 Y81.16
;TIME_ELAPSED:2309.801006
;LAYER:176
;note -- min layer time used
;TYPE:WALL-OUTER
;MESH:90deg_h40_w80_t36.STL
G1 F1500 E1126.27346
G1 F2001.4 X77.724 Y81.16 E1127.79577
G1 X77.724 Y80.76 E1127.80342
G1 X155.55 Y80.76 E1129.29181
G0 F2700 X157.324 Y80.76
G0 X157.324 Y81.16
G0 F15000 X156.724 Y81.16
G1 F1500 E1122.79181
;MESH:90deg_h40_w80_t36.STL(1)
G0 F15000 X156.724 Y82.025
G0 X158.178 Y97.176
G0 X158.19 Y98.428
G0 X157.324 Y98.428
G1 F1500 E1129.29181
G1 F2001.4 X77.724 Y98.428 E1130.81413
G1 X77.724 Y98.028 E1130.82178
G1 X155.55 Y98.028 E1132.31017
G0 F2700 X157.324 Y98.028
G0 X157.324 Y98.428
G0 F15000 X156.724 Y98.428
G1 F1500 E1125.81017
;MESH:NONMESH
G0 F300 X156.724 Y98.428 Z17.8
G0 F15000 X156.724 Y97.164
G0 X157.324 Y82.025
G0 X157.324 Y81.16
;TIME_ELAPSED:2321.752697
;LAYER:177
;note -- min layer time used
;TYPE:WALL-OUTER
;MESH:90deg_h40_w80_t36.STL
G1 F1500 E1132.31017
G1 F2001.4 X77.724 Y81.16 E1133.83248
G1 X77.724 Y80.76 E1133.84013
G1 X155.55 Y80.76 E1135.32852
G0 F2700 X157.324 Y80.76
G0 X157.324 Y81.16
G0 F15000 X156.724 Y81.16
G1 F1500 E1128.82852
;MESH:90deg_h40_w80_t36.STL(1)
G0 F15000 X156.724 Y82.025
G0 X158.178 Y97.176
G0 X158.19 Y98.428
G0 X157.324 Y98.428
G1 F1500 E1135.32852
G1 F2001.4 X77.724 Y98.428 E1136.85084
G1 X77.724 Y98.028 E1136.85849
G1 X155.55 Y98.028 E1138.34688
G0 F2700 X157.324 Y98.028
G0 X157.324 Y98.428
G0 F15000 X156.724 Y98.428
G1 F1500 E1131.84688
;MESH:NONMESH
G0 F300 X156.724 Y98.428 Z17.9
G0 F15000 X156.724 Y97.164
G0 X157.324 Y82.025
G0 X157.324 Y81.16
;TIME_ELAPSED:2333.704388
;LAYER:178
;note -- min layer time used
;TYPE:WALL-OUTER
;MESH:90deg_h40_w80_t36.STL
G1 F1500 E1138.34688
G1 F2001.4 X77.724 Y81.16 E1139.8692
G1 X77.724 Y80.76 E1139.87685
G1 X155.55 Y80.76 E1141.36523
G0 F2700 X157.324 Y80.76
G0 X157.324 Y81.16
G0 F15000 X156.724 Y81.16
G1 F1500 E1134.86523
;MESH:90deg_h40_w80_t36.STL(1)
G0 F15000 X156.724 Y82.025
G0 X158.178 Y97.176
G0 X158.19 Y98.428
G0 X157.324 Y98.428
G1 F1500 E1141.36523
G1 F2001.4 X77.724 Y98.428 E1142.88755
G1 X77.724 Y98.028 E1142.8952
G1 X155.55 Y98.028 E1144.38359
G0 F2700 X157.324 Y98.028
G0 X157.324 Y98.428
G0 F15000 X156.724 Y98.428
G1 F1500 E1137.88359
;MESH:NONMESH
G0 F300 X156.724 Y98.428 Z18
G0 F15000 X156.724 Y97.164
G0 X157.324 Y82.025
G0 X157.324 Y81.16
;TIME_ELAPSED:2345.656079
;LAYER:179
;note -- min layer time used
;TYPE:WALL-OUTER
;MESH:90deg_h40_w80_t36.STL
G1 F1500 E1144.38359
G1 F2001.4 X77.724 Y81.16 E1145.90591
G1 X77.724 Y80.76 E1145.91356
G1 X155.55 Y80.76 E1147.40195
G0 F2700 X157.324 Y80.76
G0 X157.324 Y81.16
G0 F15000 X156.724 Y81.16
G1 F1500 E1140.90195
;MESH:90deg_h40_w80_t36.STL(1)
G0 F15000 X156.724 Y82.025
G0 X158.178 Y97.176
G0 X158.19 Y98.428
G0 X157.324 Y98.428
G1 F1500 E1147.40195
G1 F2001.4 X77.724 Y98.428 E1148.92426
G1 X77.724 Y98.028 E1148.93191
G1 X155.55 Y98.028 E1150.4203
G0 F2700 X157.324 Y98.028
G0 X157.324 Y98.428
G0 F15000 X156.724 Y98.428
G1 F1500 E1143.9203
;MESH:NONMESH
G0 F300 X156.724 Y98.428 Z18.1
G0 F15000 X156.724 Y97.164
G0 X157.324 Y82.025
G0 X157.324 Y81.16
;TIME_ELAPSED:2357.607770
;LAYER:180
;note -- min layer time used
;TYPE:WALL-OUTER
;MESH:90deg_h40_w80_t36.STL
G1 F1500 E1150.4203
G1 F2001.4 X77.724 Y81.16 E1151.94262
G1 X77.724 Y80.76 E1151.95027
G1 X155.55 Y80.76 E1153.43866
G0 F2700 X157.324 Y80.76
G0 X157.324 Y81.16
G0 F15000 X156.724 Y81.16
G1 F1500 E1146.93866
;MESH:90deg_h40_w80_t36.STL(1)
G0 F15000 X156.724 Y82.025
G0 X158.178 Y97.176
G0 X158.19 Y98.428
G0 X157.324 Y98.428
G1 F1500 E1153.43866
G1 F2001.4 X77.724 Y98.428 E1154.96097
G1 X77.724 Y98.028 E1154.96862
G1 X155.55 Y98.028 E1156.45701
G0 F2700 X157.324 Y98.028
G0 X157.324 Y98.428
G0 F15000 X156.724 Y98.428
G1 F1500 E1149.95701
;MESH:NONMESH
G0 F300 X156.724 Y98.428 Z18.2
G0 F15000 X156.724 Y97.164
G0 X157.324 Y82.025
G0 X157.324 Y81.16
;TIME_ELAPSED:2369.559461
;LAYER:181
;note -- min layer time used
;TYPE:WALL-OUTER
;MESH:90deg_h40_w80_t36.STL
G1 F1500 E1156.45701
G1 F2001.4 X77.724 Y81.16 E1157.97933
G1 X77.724 Y80.76 E1157.98698
G1 X155.55 Y80.76 E1159.47537
G0 F2700 X157.324 Y80.76
G0 X157.324 Y81.16
G0 F15000 X156.724 Y81.16
G1 F1500 E1152.97537
;MESH:90deg_h40_w80_t36.STL(1)
G0 F15000 X156.724 Y82.025
G0 X158.178 Y97.176
G0 X158.19 Y98.428
G0 X157.324 Y98.428
G1 F1500 E1159.47537
G1 F2001.4 X77.724 Y98.428 E1160.99768
G1 X77.724 Y98.028 E1161.00533
G1 X155.55 Y98.028 E1162.49372
G0 F2700 X157.324 Y98.028
G0 X157.324 Y98.428
G0 F15000 X156.724 Y98.428
G1 F1500 E1155.99372
;MESH:NONMESH
G0 F300 X156.724 Y98.428 Z18.3
G0 F15000 X156.724 Y97.164
G0 X157.324 Y82.025
G0 X157.324 Y81.16
;TIME_ELAPSED:2381.511152
;LAYER:182
;note -- min layer time used
;TYPE:WALL-OUTER
;MESH:90deg_h40_w80_t36.STL
G1 F1500 E1162.49372
G1 F2001.4 X77.724 Y81.16 E1164.01604
G1 X77.724 Y80.76 E1164.02369
G1 X155.55 Y80.76 E1165.51208
G0 F2700 X157.324 Y80.76
G0 X157.324 Y81.16
G0 F15000 X156.724 Y81.16
G1 F1500 E1159.01208
;MESH:90deg_h40_w80_t36.STL(1)
G0 F15000 X156.724 Y82.025
G0 X158.178 Y97.176
G0 X158.19 Y98.428
G0 X157.324 Y98.428
G1 F1500 E1165.51208
G1 F2001.4 X77.724 Y98.428 E1167.0344
G1 X77.724 Y98.028 E1167.04205
G1 X155.55 Y98.028 E1168.53043
G0 F2700 X157.324 Y98.028
G0 X157.324 Y98.428
G0 F15000 X156.724 Y98.428
G1 F1500 E1162.03043
;MESH:NONMESH
G0 F300 X156.724 Y98.428 Z18.4
G0 F15000 X156.724 Y97.164
G0 X157.324 Y82.025
G0 X157.324 Y81.16
;TIME_ELAPSED:2393.462843
;LAYER:183
;note -- min layer time used
;TYPE:WALL-OUTER
;MESH:90deg_h40_w80_t36.STL
G1 F1500 E1168.53043
G1 F2001.4 X77.724 Y81.16 E1170.05275
G1 X77.724 Y80.76 E1170.0604
G1 X155.55 Y80.76 E1171.54879
G0 F2700 X157.324 Y80.76
G0 X157.324 Y81.16
G0 F15000 X156.724 Y81.16
G1 F1500 E1165.04879
;MESH:90deg_h40_w80_t36.STL(1)
G0 F15000 X156.724 Y82.025
G0 X158.178 Y97.176
G0 X158.19 Y98.428
G0 X157.324 Y98.428
G1 F1500 E1171.54879
G1 F2001.4 X77.724 Y98.428 E1173.07111
G1 X77.724 Y98.028 E1173.07876
G1 X155.55 Y98.028 E1174.56715
G0 F2700 X157.324 Y98.028
G0 X157.324 Y98.428
G0 F15000 X156.724 Y98.428
G1 F1500 E1168.06715
;MESH:NONMESH
G0 F300 X156.724 Y98.428 Z18.5
G0 F15000 X156.724 Y97.164
G0 X157.324 Y82.025
G0 X157.324 Y81.16
;TIME_ELAPSED:2405.414534
;LAYER:184
;note -- min layer time used
;TYPE:WALL-OUTER
;MESH:90deg_h40_w80_t36.STL
G1 F1500 E1174.56715
G1 F2001.4 X77.724 Y81.16 E1176.08946
G1 X77.724 Y80.76 E1176.09711
G1 X155.55 Y80.76 E1177.5855
G0 F2700 X157.324 Y80.76
G0 X157.324 Y81.16
G0 F15000 X156.724 Y81.16
G1 F1500 E1171.0855
;MESH:90deg_h40_w80_t36.STL(1)
G0 F15000 X156.724 Y82.025
G0 X158.178 Y97.176
G0 X158.19 Y98.428
G0 X157.324 Y98.428
G1 F1500 E1177.5855
G1 F2001.4 X77.724 Y98.428 E1179.10782
G1 X77.724 Y98.028 E1179.11547
G1 X155.55 Y98.028 E1180.60386
G0 F2700 X157.324 Y98.028
G0 X157.324 Y98.428
G0 F15000 X156.724 Y98.428
G1 F1500 E1174.10386
;MESH:NONMESH
G0 F300 X156.724 Y98.428 Z18.6
G0 F15000 X156.724 Y97.164
G0 X157.324 Y82.025
G0 X157.324 Y81.16
;TIME_ELAPSED:2417.366225
;LAYER:185
;note -- min layer time used
;TYPE:WALL-OUTER
;MESH:90deg_h40_w80_t36.STL
G1 F1500 E1180.60386
G1 F2001.4 X77.724 Y81.16 E1182.12617
G1 X77.724 Y80.76 E1182.13382
G1 X155.55 Y80.76 E1183.62221
G0 F2700 X157.324 Y80.76
G0 X157.324 Y81.16
G0 F15000 X156.724 Y81.16
G1 F1500 E1177.12221
;MESH:90deg_h40_w80_t36.STL(1)
G0 F15000 X156.724 Y82.025
G0 X158.178 Y97.176
G0 X158.19 Y98.428
G0 X157.324 Y98.428
G1 F1500 E1183.62221
G1 F2001.4 X77.724 Y98.428 E1185.14453
G1 X77.724 Y98.028 E1185.15218
G1 X155.55 Y98.028 E1186.64057
G0 F2700 X157.324 Y98.028
G0 X157.324 Y98.428
G0 F15000 X156.724 Y98.428
G1 F1500 E1180.14057
;MESH:NONMESH
G0 F300 X156.724 Y98.428 Z18.7
G0 F15000 X156.724 Y97.164
G0 X157.324 Y82.025
G0 X157.324 Y81.16
;TIME_ELAPSED:2429.317916
;LAYER:186
;note -- min layer time used
;TYPE:WALL-OUTER
;MESH:90deg_h40_w80_t36.STL
G1 F1500 E1186.64057
G1 F2001.4 X77.724 Y81.16 E1188.16288
G1 X77.724 Y80.76 E1188.17053
G1 X155.55 Y80.76 E1189.65892
G0 F2700 X157.324 Y80.76
G0 X157.324 Y81.16
G0 F15000 X156.724 Y81.16
G1 F1500 E1183.15892
;MESH:90deg_h40_w80_t36.STL(1)
G0 F15000 X156.724 Y82.025
G0 X158.178 Y97.176
G0 X158.19 Y98.428
G0 X157.324 Y98.428
G1 F1500 E1189.65892
G1 F2001.4 X77.724 Y98.428 E1191.18124
G1 X77.724 Y98.028 E1191.18889
G1 X155.55 Y98.028 E1192.67728
G0 F2700 X157.324 Y98.028
G0 X157.324 Y98.428
G0 F15000 X156.724 Y98.428
G1 F1500 E1186.17728
;MESH:NONMESH
G0 F300 X156.724 Y98.428 Z18.8
G0 F15000 X156.724 Y97.164
G0 X157.324 Y82.025
G0 X157.324 Y81.16
;TIME_ELAPSED:2441.269607
;LAYER:187
;note -- min layer time used
;TYPE:WALL-OUTER
;MESH:90deg_h40_w80_t36.STL
G1 F1500 E1192.67728
G1 F2001.4 X77.724 Y81.16 E1194.1996
G1 X77.724 Y80.76 E1194.20725
G1 X155.55 Y80.76 E1195.69564
G0 F2700 X157.324 Y80.76
G0 X157.324 Y81.16
G0 F15000 X156.724 Y81.16
G1 F1500 E1189.19564
;MESH:90deg_h40_w80_t36.STL(1)
G0 F15000 X156.724 Y82.025
G0 X158.178 Y97.176
G0 X158.19 Y98.428
G0 X157.324 Y98.428
G1 F1500 E1195.69564
G1 F2001.4 X77.724 Y98.428 E1197.21795
G1 X77.724 Y98.028 E1197.2256
G1 X155.55 Y98.028 E1198.71399
G0 F2700 X157.324 Y98.028
G0 X157.324 Y98.428
G0 F15000 X156.724 Y98.428
G1 F1500 E1192.21399
;MESH:NONMESH
G0 F300 X156.724 Y98.428 Z18.9
G0 F15000 X156.724 Y97.164
G0 X157.324 Y82.025
G0 X157.324 Y81.16
;TIME_ELAPSED:2453.221298
;LAYER:188
;note -- min layer time used
;TYPE:WALL-OUTER
;MESH:90deg_h40_w80_t36.STL
G1 F1500 E1198.71399
G1 F2001.4 X77.724 Y81.16 E1200.23631
G1 X77.724 Y80.76 E1200.24396
G1 X155.55 Y80.76 E1201.73235
G0 F2700 X157.324 Y80.76
G0 X157.324 Y81.16
G0 F15000 X156.724 Y81.16
G1 F1500 E1195.23235
;MESH:90deg_h40_w80_t36.STL(1)
G0 F15000 X156.724 Y82.025
G0 X158.178 Y97.176
G0 X158.19 Y98.428
G0 X157.324 Y98.428
G1 F1500 E1201.73235
G1 F2001.4 X77.724 Y98.428 E1203.25466
G1 X77.724 Y98.028 E1203.26231
G1 X155.55 Y98.028 E1204.7507
G0 F2700 X157.324 Y98.028
G0 X157.324 Y98.428
G0 F15000 X156.724 Y98.428
G1 F1500 E1198.2507
;MESH:NONMESH
G0 F300 X156.724 Y98.428 Z19
G0 F15000 X156.724 Y97.164
G0 X157.324 Y82.025
G0 X157.324 Y81.16
;TIME_ELAPSED:2465.172989
;LAYER:189
;note -- min layer time used
;TYPE:WALL-OUTER
;MESH:90deg_h40_w80_t36.STL
G1 F1500 E1204.7507
G1 F2001.4 X77.724 Y81.16 E1206.27302
G1 X77.724 Y80.76 E1206.28067
G1 X155.55 Y80.76 E1207.76906
G0 F2700 X157.324 Y80.76
G0 X157.324 Y81.16
G0 F15000 X156.724 Y81.16
G1 F1500 E1201.26906
;MESH:90deg_h40_w80_t36.STL(1)
G0 F15000 X156.724 Y82.025
G0 X158.178 Y97.176
G0 X158.19 Y98.428
G0 X157.324 Y98.428
G1 F1500 E1207.76906
G1 F2001.4 X77.724 Y98.428 E1209.29137
G1 X77.724 Y98.028 E1209.29902
G1 X155.55 Y98.028 E1210.78741
G0 F2700 X157.324 Y98.028
G0 X157.324 Y98.428
G0 F15000 X156.724 Y98.428
G1 F1500 E1204.28741
;MESH:NONMESH
G0 F300 X156.724 Y98.428 Z19.1
G0 F15000 X156.724 Y97.164
G0 X157.324 Y82.025
G0 X157.324 Y81.16
;TIME_ELAPSED:2477.124680
;LAYER:190
;note -- min layer time used
;TYPE:WALL-OUTER
;MESH:90deg_h40_w80_t36.STL
G1 F1500 E1210.78741
G1 F2001.4 X77.724 Y81.16 E1212.30973
G1 X77.724 Y80.76 E1212.31738
G1 X155.55 Y80.76 E1213.80577
G0 F2700 X157.324 Y80.76
G0 X157.324 Y81.16
G0 F15000 X156.724 Y81.16
G1 F1500 E1207.30577
;MESH:90deg_h40_w80_t36.STL(1)
G0 F15000 X156.724 Y82.025
G0 X158.178 Y97.176
G0 X158.19 Y98.428
G0 X157.324 Y98.428
G1 F1500 E1213.80577
G1 F2001.4 X77.724 Y98.428 E1215.32808
G1 X77.724 Y98.028 E1215.33573
G1 X155.55 Y98.028 E1216.82412
G0 F2700 X157.324 Y98.028
G0 X157.324 Y98.428
G0 F15000 X156.724 Y98.428
G1 F1500 E1210.32412
;MESH:NONMESH
G0 F300 X156.724 Y98.428 Z19.2
G0 F15000 X156.724 Y97.164
G0 X157.324 Y82.025
G0 X157.324 Y81.16
;TIME_ELAPSED:2489.076371
;LAYER:191
;note -- min layer time used
;TYPE:WALL-OUTER
;MESH:90deg_h40_w80_t36.STL
G1 F1500 E1216.82412
G1 F2001.4 X77.724 Y81.16 E1218.34644
G1 X77.724 Y80.76 E1218.35409
G1 X155.55 Y80.76 E1219.84248
G0 F2700 X157.324 Y80.76
G0 X157.324 Y81.16
G0 F15000 X156.724 Y81.16
G1 F1500 E1213.34248
;MESH:90deg_h40_w80_t36.STL(1)
G0 F15000 X156.724 Y82.025
G0 X158.178 Y97.176
G0 X158.19 Y98.428
G0 X157.324 Y98.428
G1 F1500 E1219.84248
G1 F2001.4 X77.724 Y98.428 E1221.3648
G1 X77.724 Y98.028 E1221.37245
G1 X155.55 Y98.028 E1222.86084
G0 F2700 X157.324 Y98.028
G0 X157.324 Y98.428
G0 F15000 X156.724 Y98.428
G1 F1500 E1216.36084
;MESH:NONMESH
G0 F300 X156.724 Y98.428 Z19.3
G0 F15000 X156.724 Y97.164
G0 X157.324 Y82.025
G0 X157.324 Y81.16
;TIME_ELAPSED:2501.028062
;LAYER:192
;note -- min layer time used
;TYPE:WALL-OUTER
;MESH:90deg_h40_w80_t36.STL
G1 F1500 E1222.86084
G1 F2001.4 X77.724 Y81.16 E1224.38315
G1 X77.724 Y80.76 E1224.3908
G1 X155.55 Y80.76 E1225.87919
G0 F2700 X157.324 Y80.76
G0 X157.324 Y81.16
G0 F15000 X156.724 Y81.16
G1 F1500 E1219.37919
;MESH:90deg_h40_w80_t36.STL(1)
G0 F15000 X156.724 Y82.025
G0 X158.178 Y97.176
G0 X158.19 Y98.428
G0 X157.324 Y98.428
G1 F1500 E1225.87919
G1 F2001.4 X77.724 Y98.428 E1227.40151
G1 X77.724 Y98.028 E1227.40916
G1 X155.55 Y98.028 E1228.89755
G0 F2700 X157.324 Y98.028
G0 X157.324 Y98.428
G0 F15000 X156.724 Y98.428
G1 F1500 E1222.39755
;MESH:NONMESH
G0 F300 X156.724 Y98.428 Z19.4
G0 F15000 X156.724 Y97.164
G0 X157.324 Y82.025
G0 X157.324 Y81.16
;TIME_ELAPSED:2512.979753
;LAYER:193
;note -- min layer time used
;TYPE:WALL-OUTER
;MESH:90deg_h40_w80_t36.STL
G1 F1500 E1228.89755
G1 F2001.4 X77.724 Y81.16 E1230.41986
G1 X77.724 Y80.76 E1230.42751
G1 X155.55 Y80.76 E1231.9159
G0 F2700 X157.324 Y80.76
G0 X157.324 Y81.16
G0 F15000 X156.724 Y81.16
G1 F1500 E1225.4159
;MESH:90deg_h40_w80_t36.STL(1)
G0 F15000 X156.724 Y82.025
G0 X158.178 Y97.176
G0 X158.19 Y98.428
G0 X157.324 Y98.428
G1 F1500 E1231.9159
G1 F2001.4 X77.724 Y98.428 E1233.43822
G1 X77.724 Y98.028 E1233.44587
G1 X155.55 Y98.028 E1234.93426
G0 F2700 X157.324 Y98.028
G0 X157.324 Y98.428
G0 F15000 X156.724 Y98.428
G1 F1500 E1228.43426
;MESH:NONMESH
G0 F300 X156.724 Y98.428 Z19.5
G0 F15000 X156.724 Y97.164
G0 X157.324 Y82.025
G0 X157.324 Y81.16
;TIME_ELAPSED:2524.931444
;LAYER:194
;note -- min layer time used
;TYPE:WALL-OUTER
;MESH:90deg_h40_w80_t36.STL
G1 F1500 E1234.93426
G1 F2001.4 X77.724 Y81.16 E1236.45657
G1 X77.724 Y80.76 E1236.46422
G1 X155.55 Y80.76 E1237.95261
G0 F2700 X157.324 Y80.76
G0 X157.324 Y81.16
G0 F15000 X156.724 Y81.16
G1 F1500 E1231.45261
;MESH:90deg_h40_w80_t36.STL(1)
G0 F15000 X156.724 Y82.025
G0 X158.178 Y97.176
G0 X158.19 Y98.428
G0 X157.324 Y98.428
G1 F1500 E1237.95261
G1 F2001.4 X77.724 Y98.428 E1239.47493
G1 X77.724 Y98.028 E1239.48258
G1 X155.55 Y98.028 E1240.97097
G0 F2700 X157.324 Y98.028
G0 X157.324 Y98.428
G0 F15000 X156.724 Y98.428
G1 F1500 E1234.47097
;MESH:NONMESH
G0 F300 X156.724 Y98.428 Z19.6
G0 F15000 X156.724 Y97.164
G0 X157.324 Y82.025
G0 X157.324 Y81.16
;TIME_ELAPSED:2536.883135
;LAYER:195
;note -- min layer time used
;TYPE:WALL-OUTER
;MESH:90deg_h40_w80_t36.STL
G1 F1500 E1240.97097
G1 F2001.4 X77.724 Y81.16 E1242.49329
G1 X77.724 Y80.76 E1242.50094
G1 X155.55 Y80.76 E1243.98932
G0 F2700 X157.324 Y80.76
G0 X157.324 Y81.16
G0 F15000 X156.724 Y81.16
G1 F1500 E1237.48932
;MESH:90deg_h40_w80_t36.STL(1)
G0 F15000 X156.724 Y82.025
G0 X158.178 Y97.176
G0 X158.19 Y98.428
G0 X157.324 Y98.428
G1 F1500 E1243.98932
G1 F2001.4 X77.724 Y98.428 E1245.51164
G1 X77.724 Y98.028 E1245.51929
G1 X155.55 Y98.028 E1247.00768
G0 F2700 X157.324 Y98.028
G0 X157.324 Y98.428
G0 F15000 X156.724 Y98.428
G1 F1500 E1240.50768
;MESH:NONMESH
G0 F300 X156.724 Y98.428 Z19.7
G0 F15000 X156.724 Y97.164
G0 X157.324 Y82.025
G0 X157.324 Y81.16
;TIME_ELAPSED:2548.834826
;LAYER:196
;note -- min layer time used
;TYPE:WALL-OUTER
;MESH:90deg_h40_w80_t36.STL
G1 F1500 E1247.00768
G1 F2001.4 X77.724 Y81.16 E1248.53
G1 X77.724 Y80.76 E1248.53765
G1 X155.55 Y80.76 E1250.02604
G0 F2700 X157.324 Y80.76
G0 X157.324 Y81.16
G0 F15000 X156.724 Y81.16
G1 F1500 E1243.52604
;MESH:90deg_h40_w80_t36.STL(1)
G0 F15000 X156.724 Y82.025
G0 X158.178 Y97.176
G0 X158.19 Y98.428
G0 X157.324 Y98.428
G1 F1500 E1250.02604
G1 F2001.4 X77.724 Y98.428 E1251.54835
G1 X77.724 Y98.028 E1251.556
G1 X155.55 Y98.028 E1253.04439
G0 F2700 X157.324 Y98.028
G0 X157.324 Y98.428
G0 F15000 X156.724 Y98.428
G1 F1500 E1246.54439
;MESH:NONMESH
G0 F300 X156.724 Y98.428 Z19.8
G0 F15000 X156.724 Y97.164
G0 X157.324 Y82.025
G0 X157.324 Y81.16
;TIME_ELAPSED:2560.786517
;LAYER:197
;note -- min layer time used
;TYPE:WALL-OUTER
;MESH:90deg_h40_w80_t36.STL
G1 F1500 E1253.04439
G1 F2001.4 X77.724 Y81.16 E1254.56671
G1 X77.724 Y80.76 E1254.57436
G1 X155.55 Y80.76 E1256.06275
G0 F2700 X157.324 Y80.76
G0 X157.324 Y81.16
G0 F15000 X156.724 Y81.16
G1 F1500 E1249.56275
;MESH:90deg_h40_w80_t36.STL(1)
G0 F15000 X156.724 Y82.025
G0 X158.178 Y97.176
G0 X158.19 Y98.428
G0 X157.324 Y98.428
G1 F1500 E1256.06275
G1 F2001.4 X77.724 Y98.428 E1257.58506
G1 X77.724 Y98.028 E1257.59271
G1 X155.55 Y98.028 E1259.0811
G0 F2700 X157.324 Y98.028
G0 X157.324 Y98.428
G0 F15000 X156.724 Y98.428
G1 F1500 E1252.5811
;MESH:NONMESH
G0 F300 X156.724 Y98.428 Z19.9
G0 F15000 X156.724 Y97.164
G0 X157.324 Y82.025
G0 X157.324 Y81.16
;TIME_ELAPSED:2572.738208
;LAYER:198
;note -- min layer time used
;TYPE:WALL-OUTER
;MESH:90deg_h40_w80_t36.STL
G1 F1500 E1259.0811
G1 F2001.4 X77.724 Y81.16 E1260.60342
G1 X77.724 Y80.76 E1260.61107
G1 X155.55 Y80.76 E1262.09946
G0 F2700 X157.324 Y80.76
G0 X157.324 Y81.16
G0 F15000 X156.724 Y81.16
G1 F1500 E1255.59946
;MESH:90deg_h40_w80_t36.STL(1)
G0 F15000 X156.724 Y82.025
G0 X158.178 Y97.176
G0 X158.19 Y98.428
G0 X157.324 Y98.428
G1 F1500 E1262.09946
G1 F2001.4 X77.724 Y98.428 E1263.62177
G1 X77.724 Y98.028 E1263.62942
G1 X155.55 Y98.028 E1265.11781
G0 F2700 X157.324 Y98.028
G0 X157.324 Y98.428
G0 F15000 X156.724 Y98.428
G1 F1500 E1258.61781
;MESH:NONMESH
G0 F300 X156.724 Y98.428 Z20
G0 F15000 X156.724 Y97.164
G0 X157.324 Y82.025
G0 X157.324 Y81.16
;TIME_ELAPSED:2584.689899
;LAYER:199
;note -- min layer time used
;TYPE:WALL-OUTER
;MESH:90deg_h40_w80_t36.STL
G1 F1500 E1265.11781
G1 F2001.4 X77.724 Y81.16 E1266.64013
G1 X77.724 Y80.76 E1266.64778
G1 X155.55 Y80.76 E1268.13617
G0 F2700 X157.324 Y80.76
G0 X157.324 Y81.16
G0 F15000 X156.724 Y81.16
G1 F1500 E1261.63617
;MESH:90deg_h40_w80_t36.STL(1)
G0 F15000 X156.724 Y82.025
G0 X158.178 Y97.176
G0 X158.19 Y98.428
G0 X157.324 Y98.428
G1 F1500 E1268.13617
G1 F2001.4 X77.724 Y98.428 E1269.65849
G1 X77.724 Y98.028 E1269.66614
G1 X155.55 Y98.028 E1271.15452
G0 F2700 X157.324 Y98.028
G0 X157.324 Y98.428
G0 F15000 X156.724 Y98.428
G1 F1500 E1264.65452
;MESH:NONMESH
G0 F300 X156.724 Y98.428 Z20.1
G0 F15000 X156.724 Y97.164
G0 X157.324 Y82.025
G0 X157.324 Y81.16
;TIME_ELAPSED:2596.641590
;LAYER:200
;note -- min layer time used
;TYPE:WALL-OUTER
;MESH:90deg_h40_w80_t36.STL
G1 F1500 E1271.15452
G1 F2001.4 X77.724 Y81.16 E1272.67684
G1 X77.724 Y80.76 E1272.68449
G1 X155.55 Y80.76 E1274.17288
G0 F2700 X157.324 Y80.76
G0 X157.324 Y81.16
G0 F15000 X156.724 Y81.16
G1 F1500 E1267.67288
;MESH:90deg_h40_w80_t36.STL(1)
G0 F15000 X156.724 Y82.025
G0 X158.178 Y97.176
G0 X158.19 Y98.428
G0 X157.324 Y98.428
G1 F1500 E1274.17288
G1 F2001.4 X77.724 Y98.428 E1275.6952
G1 X77.724 Y98.028 E1275.70285
G1 X155.55 Y98.028 E1277.19124
G0 F2700 X157.324 Y98.028
G0 X157.324 Y98.428
G0 F15000 X156.724 Y98.428
G1 F1500 E1270.69124
;MESH:NONMESH
G0 F300 X156.724 Y98.428 Z20.2
G0 F15000 X156.724 Y97.164
G0 X157.324 Y82.025
G0 X157.324 Y81.16
;TIME_ELAPSED:2608.593281
;LAYER:201
;note -- min layer time used
;TYPE:WALL-OUTER
;MESH:90deg_h40_w80_t36.STL
G1 F1500 E1277.19124
G1 F2001.4 X77.724 Y81.16 E1278.71355
G1 X77.724 Y80.76 E1278.7212
G1 X155.55 Y80.76 E1280.20959
G0 F2700 X157.324 Y80.76
G0 X157.324 Y81.16
G0 F15000 X156.724 Y81.16
G1 F1500 E1273.70959
;MESH:90deg_h40_w80_t36.STL(1)
G0 F15000 X156.724 Y82.025
G0 X158.178 Y97.176
G0 X158.19 Y98.428
G0 X157.324 Y98.428
G1 F1500 E1280.20959
G1 F2001.4 X77.724 Y98.428 E1281.73191
G1 X77.724 Y98.028 E1281.73956
G1 X155.55 Y98.028 E1283.22795
G0 F2700 X157.324 Y98.028
G0 X157.324 Y98.428
G0 F15000 X156.724 Y98.428
G1 F1500 E1276.72795
;MESH:NONMESH
G0 F300 X156.724 Y98.428 Z20.3
G0 F15000 X156.724 Y97.164
G0 X157.324 Y82.025
G0 X157.324 Y81.16
;TIME_ELAPSED:2620.544972
;LAYER:202
;note -- min layer time used
;TYPE:WALL-OUTER
;MESH:90deg_h40_w80_t36.STL
G1 F1500 E1283.22795
G1 F2001.4 X77.724 Y81.16 E1284.75026
G1 X77.724 Y80.76 E1284.75791
G1 X155.55 Y80.76 E1286.2463
G0 F2700 X157.324 Y80.76
G0 X157.324 Y81.16
G0 F15000 X156.724 Y81.16
G1 F1500 E1279.7463
;MESH:90deg_h40_w80_t36.STL(1)
G0 F15000 X156.724 Y82.025
G0 X158.178 Y97.176
G0 X158.19 Y98.428
G0 X157.324 Y98.428
G1 F1500 E1286.2463
G1 F2001.4 X77.724 Y98.428 E1287.76862
G1 X77.724 Y98.028 E1287.77627
G1 X155.55 Y98.028 E1289.26466
G0 F2700 X157.324 Y98.028
G0 X157.324 Y98.428
G0 F15000 X156.724 Y98.428
G1 F1500 E1282.76466
;MESH:NONMESH
G0 F300 X156.724 Y98.428 Z20.4
G0 F15000 X156.724 Y97.164
G0 X157.324 Y82.025
G0 X157.324 Y81.16
;TIME_ELAPSED:2632.496663
;LAYER:203
;note -- min layer time used
;TYPE:WALL-OUTER
;MESH:90deg_h40_w80_t36.STL
G1 F1500 E1289.26466
G1 F2001.4 X77.724 Y81.16 E1290.78697
G1 X77.724 Y80.76 E1290.79462
G1 X155.55 Y80.76 E1292.28301
G0 F2700 X157.324 Y80.76
G0 X157.324 Y81.16
G0 F15000 X156.724 Y81.16
G1 F1500 E1285.78301
;MESH:90deg_h40_w80_t36.STL(1)
G0 F15000 X156.724 Y82.025
G0 X158.178 Y97.176
G0 X158.19 Y98.428
G0 X157.324 Y98.428
G1 F1500 E1292.28301
G1 F2001.4 X77.724 Y98.428 E1293.80533
G1 X77.724 Y98.028 E1293.81298
G1 X155.55 Y98.028 E1295.30137
G0 F2700 X157.324 Y98.028
G0 X157.324 Y98.428
G0 F15000 X156.724 Y98.428
G1 F1500 E1288.80137
;MESH:NONMESH
G0 F300 X156.724 Y98.428 Z20.5
G0 F15000 X156.724 Y97.164
G0 X157.324 Y82.025
G0 X157.324 Y81.16
;TIME_ELAPSED:2644.448354
;LAYER:204
;note -- min layer time used
;TYPE:WALL-OUTER
;MESH:90deg_h40_w80_t36.STL
G1 F1500 E1295.30137
G1 F2001.4 X77.724 Y81.16 E1296.82369
G1 X77.724 Y80.76 E1296.83134
G1 X155.55 Y80.76 E1298.31973
G0 F2700 X157.324 Y80.76
G0 X157.324 Y81.16
G0 F15000 X156.724 Y81.16
G1 F1500 E1291.81973
;MESH:90deg_h40_w80_t36.STL(1)
G0 F15000 X156.724 Y82.025
G0 X158.178 Y97.176
G0 X158.19 Y98.428
G0 X157.324 Y98.428
G1 F1500 E1298.31973
G1 F2001.4 X77.724 Y98.428 E1299.84204
G1 X77.724 Y98.028 E1299.84969
G1 X155.55 Y98.028 E1301.33808
G0 F2700 X157.324 Y98.028
G0 X157.324 Y98.428
G0 F15000 X156.724 Y98.428
G1 F1500 E1294.83808
;MESH:NONMESH
G0 F300 X156.724 Y98.428 Z20.6
G0 F15000 X156.724 Y97.164
G0 X157.324 Y82.025
G0 X157.324 Y81.16
;TIME_ELAPSED:2656.400045
;LAYER:205
;note -- min layer time used
;TYPE:WALL-OUTER
;MESH:90deg_h40_w80_t36.STL
G1 F1500 E1301.33808
G1 F2001.4 X77.724 Y81.16 E1302.8604
G1 X77.724 Y80.76 E1302.86805
G1 X155.55 Y80.76 E1304.35644
G0 F2700 X157.324 Y80.76
G0 X157.324 Y81.16
G0 F15000 X156.724 Y81.16
G1 F1500 E1297.85644
;MESH:90deg_h40_w80_t36.STL(1)
G0 F15000 X156.724 Y82.025
G0 X158.178 Y97.176
G0 X158.19 Y98.428
G0 X157.324 Y98.428
G1 F1500 E1304.35644
G1 F2001.4 X77.724 Y98.428 E1305.87875
G1 X77.724 Y98.028 E1305.8864
G1 X155.55 Y98.028 E1307.37479
G0 F2700 X157.324 Y98.028
G0 X157.324 Y98.428
G0 F15000 X156.724 Y98.428
G1 F1500 E1300.87479
;MESH:NONMESH
G0 F300 X156.724 Y98.428 Z20.7
G0 F15000 X156.724 Y97.164
G0 X157.324 Y82.025
G0 X157.324 Y81.16
;TIME_ELAPSED:2668.351736
;LAYER:206
;note -- min layer time used
;TYPE:WALL-OUTER
;MESH:90deg_h40_w80_t36.STL
G1 F1500 E1307.37479
G1 F2001.4 X77.724 Y81.16 E1308.89711
G1 X77.724 Y80.76 E1308.90476
G1 X155.55 Y80.76 E1310.39315
G0 F2700 X157.324 Y80.76
G0 X157.324 Y81.16
G0 F15000 X156.724 Y81.16
G1 F1500 E1303.89315
;MESH:90deg_h40_w80_t36.STL(1)
G0 F15000 X156.724 Y82.025
G0 X158.178 Y97.176
G0 X158.19 Y98.428
G0 X157.324 Y98.428
G1 F1500 E1310.39315
G1 F2001.4 X77.724 Y98.428 E1311.91546
G1 X77.724 Y98.028 E1311.92311
G1 X155.55 Y98.028 E1313.4115
G0 F2700 X157.324 Y98.028
G0 X157.324 Y98.428
G0 F15000 X156.724 Y98.428
G1 F1500 E1306.9115
;MESH:NONMESH
G0 F300 X156.724 Y98.428 Z20.8
G0 F15000 X156.724 Y97.164
G0 X157.324 Y82.025
G0 X157.324 Y81.16
;TIME_ELAPSED:2680.303427
;LAYER:207
;note -- min layer time used
;TYPE:WALL-OUTER
;MESH:90deg_h40_w80_t36.STL
G1 F1500 E1313.4115
G1 F2001.4 X77.724 Y81.16 E1314.93382
G1 X77.724 Y80.76 E1314.94147
G1 X155.55 Y80.76 E1316.42986
G0 F2700 X157.324 Y80.76
G0 X157.324 Y81.16
G0 F15000 X156.724 Y81.16
G1 F1500 E1309.92986
;MESH:90deg_h40_w80_t36.STL(1)
G0 F15000 X156.724 Y82.025
G0 X158.178 Y97.176
G0 X158.19 Y98.428
G0 X157.324 Y98.428
G1 F1500 E1316.42986
G1 F2001.4 X77.724 Y98.428 E1317.95218
G1 X77.724 Y98.028 E1317.95982
G1 X155.55 Y98.028 E1319.44821
G0 F2700 X157.324 Y98.028
G0 X157.324 Y98.428
G0 F15000 X156.724 Y98.428
G1 F1500 E1312.94821
;MESH:NONMESH
G0 F300 X156.724 Y98.428 Z20.9
G0 F15000 X156.724 Y97.164
G0 X157.324 Y82.025
G0 X157.324 Y81.16
;TIME_ELAPSED:2692.255118
;LAYER:208
;note -- min layer time used
;TYPE:WALL-OUTER
;MESH:90deg_h40_w80_t36.STL
G1 F1500 E1319.44821
G1 F2001.4 X77.724 Y81.16 E1320.97053
G1 X77.724 Y80.76 E1320.97818
G1 X155.55 Y80.76 E1322.46657
G0 F2700 X157.324 Y80.76
G0 X157.324 Y81.16
G0 F15000 X156.724 Y81.16
G1 F1500 E1315.96657
;MESH:90deg_h40_w80_t36.STL(1)
G0 F15000 X156.724 Y82.025
G0 X158.178 Y97.176
G0 X158.19 Y98.428
G0 X157.324 Y98.428
G1 F1500 E1322.46657
G1 F2001.4 X77.724 Y98.428 E1323.98889
G1 X77.724 Y98.028 E1323.99654
G1 X155.55 Y98.028 E1325.48493
G0 F2700 X157.324 Y98.028
G0 X157.324 Y98.428
G0 F15000 X156.724 Y98.428
G1 F1500 E1318.98493
;MESH:NONMESH
G0 F300 X156.724 Y98.428 Z21
G0 F15000 X156.724 Y97.164
G0 X157.324 Y82.025
G0 X157.324 Y81.16
;TIME_ELAPSED:2704.206809
;LAYER:209
;note -- min layer time used
;TYPE:WALL-OUTER
;MESH:90deg_h40_w80_t36.STL
G1 F1500 E1325.48493
G1 F2001.4 X77.724 Y81.16 E1327.00724
G1 X77.724 Y80.76 E1327.01489
G1 X155.55 Y80.76 E1328.50328
G0 F2700 X157.324 Y80.76
G0 X157.324 Y81.16
G0 F15000 X156.724 Y81.16
G1 F1500 E1322.00328
;MESH:90deg_h40_w80_t36.STL(1)
G0 F15000 X156.724 Y82.025
G0 X158.178 Y97.176
G0 X158.19 Y98.428
G0 X157.324 Y98.428
G1 F1500 E1328.50328
G1 F2001.4 X77.724 Y98.428 E1330.0256
G1 X77.724 Y98.028 E1330.03325
G1 X155.55 Y98.028 E1331.52164
G0 F2700 X157.324 Y98.028
G0 X157.324 Y98.428
G0 F15000 X156.724 Y98.428
G1 F1500 E1325.02164
;MESH:NONMESH
G0 F300 X156.724 Y98.428 Z21.1
G0 F15000 X156.724 Y97.164
G0 X157.324 Y82.025
G0 X157.324 Y81.16
;TIME_ELAPSED:2716.158499
;LAYER:210
;note -- min layer time used
;TYPE:WALL-OUTER
;MESH:90deg_h40_w80_t36.STL
G1 F1500 E1331.52164
G1 F2001.4 X77.724 Y81.16 E1333.04395
G1 X77.724 Y80.76 E1333.0516
G1 X155.55 Y80.76 E1334.53999
G0 F2700 X157.324 Y80.76
G0 X157.324 Y81.16
G0 F15000 X156.724 Y81.16
G1 F1500 E1328.03999
;MESH:90deg_h40_w80_t36.STL(1)
G0 F15000 X156.724 Y82.025
G0 X158.178 Y97.176
G0 X158.19 Y98.428
G0 X157.324 Y98.428
G1 F1500 E1334.53999
G1 F2001.4 X77.724 Y98.428 E1336.06231
G1 X77.724 Y98.028 E1336.06996
G1 X155.55 Y98.028 E1337.55835
G0 F2700 X157.324 Y98.028
G0 X157.324 Y98.428
G0 F15000 X156.724 Y98.428
G1 F1500 E1331.05835
;MESH:NONMESH
G0 F300 X156.724 Y98.428 Z21.2
G0 F15000 X156.724 Y97.164
G0 X157.324 Y82.025
G0 X157.324 Y81.16
;TIME_ELAPSED:2728.110190
;LAYER:211
;note -- min layer time used
;TYPE:WALL-OUTER
;MESH:90deg_h40_w80_t36.STL
G1 F1500 E1337.55835
G1 F2001.4 X77.724 Y81.16 E1339.08066
G1 X77.724 Y80.76 E1339.08831
G1 X155.55 Y80.76 E1340.5767
G0 F2700 X157.324 Y80.76
G0 X157.324 Y81.16
G0 F15000 X156.724 Y81.16
G1 F1500 E1334.0767
;MESH:90deg_h40_w80_t36.STL(1)
G0 F15000 X156.724 Y82.025
G0 X158.178 Y97.176
G0 X158.19 Y98.428
G0 X157.324 Y98.428
G1 F1500 E1340.5767
G1 F2001.4 X77.724 Y98.428 E1342.09902
G1 X77.724 Y98.028 E1342.10667
G1 X155.55 Y98.028 E1343.59506
G0 F2700 X157.324 Y98.028
G0 X157.324 Y98.428
G0 F15000 X156.724 Y98.428
G1 F1500 E1337.09506
;MESH:NONMESH
G0 F300 X156.724 Y98.428 Z21.3
G0 F15000 X156.724 Y97.164
G0 X157.324 Y82.025
G0 X157.324 Y81.16
;TIME_ELAPSED:2740.061881
;LAYER:212
;note -- min layer time used
;TYPE:WALL-OUTER
;MESH:90deg_h40_w80_t36.STL
G1 F1500 E1343.59506
G1 F2001.4 X77.724 Y81.16 E1345.11738
G1 X77.724 Y80.76 E1345.12503
G1 X155.55 Y80.76 E1346.61341
G0 F2700 X157.324 Y80.76
G0 X157.324 Y81.16
G0 F15000 X156.724 Y81.16
G1 F1500 E1340.11341
;MESH:90deg_h40_w80_t36.STL(1)
G0 F15000 X156.724 Y82.025
G0 X158.178 Y97.176
G0 X158.19 Y98.428
G0 X157.324 Y98.428
G1 F1500 E1346.61341
G1 F2001.4 X77.724 Y98.428 E1348.13573
G1 X77.724 Y98.028 E1348.14338
G1 X155.55 Y98.028 E1349.63177
G0 F2700 X157.324 Y98.028
G0 X157.324 Y98.428
G0 F15000 X156.724 Y98.428
G1 F1500 E1343.13177
;MESH:NONMESH
G0 F300 X156.724 Y98.428 Z21.4
G0 F15000 X156.724 Y97.164
G0 X157.324 Y82.025
G0 X157.324 Y81.16
;TIME_ELAPSED:2752.013572
;LAYER:213
;note -- min layer time used
;TYPE:WALL-OUTER
;MESH:90deg_h40_w80_t36.STL
G1 F1500 E1349.63177
G1 F2001.4 X77.724 Y81.16 E1351.15409
G1 X77.724 Y80.76 E1351.16174
G1 X155.55 Y80.76 E1352.65013
G0 F2700 X157.324 Y80.76
G0 X157.324 Y81.16
G0 F15000 X156.724 Y81.16
G1 F1500 E1346.15013
;MESH:90deg_h40_w80_t36.STL(1)
G0 F15000 X156.724 Y82.025
G0 X158.178 Y97.176
G0 X158.19 Y98.428
G0 X157.324 Y98.428
G1 F1500 E1352.65013
G1 F2001.4 X77.724 Y98.428 E1354.17244
G1 X77.724 Y98.028 E1354.18009
G1 X155.55 Y98.028 E1355.66848
G0 F2700 X157.324 Y98.028
G0 X157.324 Y98.428
G0 F15000 X156.724 Y98.428
G1 F1500 E1349.16848
;MESH:NONMESH
G0 F300 X156.724 Y98.428 Z21.5
G0 F15000 X156.724 Y97.164
G0 X157.324 Y82.025
G0 X157.324 Y81.16
;TIME_ELAPSED:2763.965263
;LAYER:214
;note -- min layer time used
;TYPE:WALL-OUTER
;MESH:90deg_h40_w80_t36.STL
G1 F1500 E1355.66848
G1 F2001.4 X77.724 Y81.16 E1357.1908
G1 X77.724 Y80.76 E1357.19845
G1 X155.55 Y80.76 E1358.68684
G0 F2700 X157.324 Y80.76
G0 X157.324 Y81.16
G0 F15000 X156.724 Y81.16
G1 F1500 E1352.18684
;MESH:90deg_h40_w80_t36.STL(1)
G0 F15000 X156.724 Y82.025
G0 X158.178 Y97.176
G0 X158.19 Y98.428
G0 X157.324 Y98.428
G1 F1500 E1358.68684
G1 F2001.4 X77.724 Y98.428 E1360.20915
G1 X77.724 Y98.028 E1360.2168
G1 X155.55 Y98.028 E1361.70519
G0 F2700 X157.324 Y98.028
G0 X157.324 Y98.428
G0 F15000 X156.724 Y98.428
G1 F1500 E1355.20519
;MESH:NONMESH
G0 F300 X156.724 Y98.428 Z21.6
G0 F15000 X156.724 Y97.164
G0 X157.324 Y82.025
G0 X157.324 Y81.16
;TIME_ELAPSED:2775.916954
;LAYER:215
;note -- min layer time used
;TYPE:WALL-OUTER
;MESH:90deg_h40_w80_t36.STL
G1 F1500 E1361.70519
G1 F2001.4 X77.724 Y81.16 E1363.22751
G1 X77.724 Y80.76 E1363.23516
G1 X155.55 Y80.76 E1364.72355
G0 F2700 X157.324 Y80.76
G0 X157.324 Y81.16
G0 F15000 X156.724 Y81.16
G1 F1500 E1358.22355
;MESH:90deg_h40_w80_t36.STL(1)
G0 F15000 X156.724 Y82.025
G0 X158.178 Y97.176
G0 X158.19 Y98.428
G0 X157.324 Y98.428
G1 F1500 E1364.72355
G1 F2001.4 X77.724 Y98.428 E1366.24586
G1 X77.724 Y98.028 E1366.25351
G1 X155.55 Y98.028 E1367.7419
G0 F2700 X157.324 Y98.028
G0 X157.324 Y98.428
G0 F15000 X156.724 Y98.428
G1 F1500 E1361.2419
;MESH:NONMESH
G0 F300 X156.724 Y98.428 Z21.7
G0 F15000 X156.724 Y97.164
G0 X157.324 Y82.025
G0 X157.324 Y81.16
;TIME_ELAPSED:2787.868645
;LAYER:216
;note -- min layer time used
;TYPE:WALL-OUTER
;MESH:90deg_h40_w80_t36.STL
G1 F1500 E1367.7419
G1 F2001.4 X77.724 Y81.16 E1369.26422
G1 X77.724 Y80.76 E1369.27187
G1 X155.55 Y80.76 E1370.76026
G0 F2700 X157.324 Y80.76
G0 X157.324 Y81.16
G0 F15000 X156.724 Y81.16
G1 F1500 E1364.26026
;MESH:90deg_h40_w80_t36.STL(1)
G0 F15000 X156.724 Y82.025
G0 X158.178 Y97.176
G0 X158.19 Y98.428
G0 X157.324 Y98.428
G1 F1500 E1370.76026
G1 F2001.4 X77.724 Y98.428 E1372.28258
G1 X77.724 Y98.028 E1372.29023
G1 X155.55 Y98.028 E1373.77862
G0 F2700 X157.324 Y98.028
G0 X157.324 Y98.428
G0 F15000 X156.724 Y98.428
G1 F1500 E1367.27862
;MESH:NONMESH
G0 F300 X156.724 Y98.428 Z21.8
G0 F15000 X156.724 Y97.164
G0 X157.324 Y82.025
G0 X157.324 Y81.16
;TIME_ELAPSED:2799.820336
;LAYER:217
;note -- min layer time used
;TYPE:WALL-OUTER
;MESH:90deg_h40_w80_t36.STL
G1 F1500 E1373.77862
G1 F2001.4 X77.724 Y81.16 E1375.30093
G1 X77.724 Y80.76 E1375.30858
G1 X155.55 Y80.76 E1376.79697
G0 F2700 X157.324 Y80.76
G0 X157.324 Y81.16
G0 F15000 X156.724 Y81.16
G1 F1500 E1370.29697
;MESH:90deg_h40_w80_t36.STL(1)
G0 F15000 X156.724 Y82.025
G0 X158.178 Y97.176
G0 X158.19 Y98.428
G0 X157.324 Y98.428
G1 F1500 E1376.79697
G1 F2001.4 X77.724 Y98.428 E1378.31929
G1 X77.724 Y98.028 E1378.32694
G1 X155.55 Y98.028 E1379.81533
G0 F2700 X157.324 Y98.028
G0 X157.324 Y98.428
G0 F15000 X156.724 Y98.428
G1 F1500 E1373.31533
;MESH:NONMESH
G0 F300 X156.724 Y98.428 Z21.9
G0 F15000 X156.724 Y97.164
G0 X157.324 Y82.025
G0 X157.324 Y81.16
;TIME_ELAPSED:2811.772027
;LAYER:218
;note -- min layer time used
;TYPE:WALL-OUTER
;MESH:90deg_h40_w80_t36.STL
G1 F1500 E1379.81533
G1 F2001.4 X77.724 Y81.16 E1381.33764
G1 X77.724 Y80.76 E1381.34529
G1 X155.55 Y80.76 E1382.83368
G0 F2700 X157.324 Y80.76
G0 X157.324 Y81.16
G0 F15000 X156.724 Y81.16
G1 F1500 E1376.33368
;MESH:90deg_h40_w80_t36.STL(1)
G0 F15000 X156.724 Y82.025
G0 X158.178 Y97.176
G0 X158.19 Y98.428
G0 X157.324 Y98.428
G1 F1500 E1382.83368
G1 F2001.4 X77.724 Y98.428 E1384.356
G1 X77.724 Y98.028 E1384.36365
G1 X155.55 Y98.028 E1385.85204
G0 F2700 X157.324 Y98.028
G0 X157.324 Y98.428
G0 F15000 X156.724 Y98.428
G1 F1500 E1379.35204
;MESH:NONMESH
G0 F300 X156.724 Y98.428 Z22
G0 F15000 X156.724 Y97.164
G0 X157.324 Y82.025
G0 X157.324 Y81.16
;TIME_ELAPSED:2823.723718
;LAYER:219
;note -- min layer time used
;TYPE:WALL-OUTER
;MESH:90deg_h40_w80_t36.STL
G1 F1500 E1385.85204
G1 F2001.4 X77.724 Y81.16 E1387.37435
G1 X77.724 Y80.76 E1387.382
G1 X155.55 Y80.76 E1388.87039
G0 F2700 X157.324 Y80.76
G0 X157.324 Y81.16
G0 F15000 X156.724 Y81.16
G1 F1500 E1382.37039
;MESH:90deg_h40_w80_t36.STL(1)
G0 F15000 X156.724 Y82.025
G0 X158.178 Y97.176
G0 X158.19 Y98.428
G0 X157.324 Y98.428
G1 F1500 E1388.87039
G1 F2001.4 X77.724 Y98.428 E1390.39271
G1 X77.724 Y98.028 E1390.40036
G1 X155.55 Y98.028 E1391.88875
G0 F2700 X157.324 Y98.028
G0 X157.324 Y98.428
G0 F15000 X156.724 Y98.428
;TIME_ELAPSED:2834.966168
G1 F1500 E1385.38875
M140 S0
M107
G91 ;Relative positioning
G1 E-2 F2700 ;Retract a bit
G1 E-2 Z0.2 F2400 ;Retract and raise Z
G1 X5 Y5 F3000 ;Wipe out
G1 Z10 ;Raise Z more
G90 ;Absolute positioning

G1 X0 Y235 ;Present print
M106 S0 ;Turn-off fan
M104 S0 ;Turn-off hotend
M140 S0 ;Turn-off bed

M84 X Y E ;Disable all steppers but Z

M82 ;absolute extrusion mode
M104 S0
;End of Gcode
;SETTING_3 {"global_quality": "[general]\\nversion = 4\\nname = Standard 0.2 luc
;SETTING_3 \\ndefinition = creality_ender3\\n\\n[metadata]\\ntype = quality_chan
;SETTING_3 ges\\nquality_type = standard\\nsetting_version = 25\\n\\n[values]\\n
;SETTING_3 adhesion_type = brim\\nbridge_settings_enabled = True\\nlayer_height 
;SETTING_3 = 0.1\\nlayer_height_0 = 0.1\\nraft_smoothing = 2\\nretraction_combin
;SETTING_3 g = noskin\\nsupport_enable = True\\nsupport_structure = tree\\nsuppo
;SETTING_3 rt_type = buildplate\\n\\n", "extruder_quality": ["[general]\\nversio
;SETTING_3 n = 4\\nname = Standard 0.2 luc\\ndefinition = creality_ender3\\n\\n[
;SETTING_3 metadata]\\ntype = quality_changes\\nquality_type = standard\\nintent
;SETTING_3 _category = default\\nposition = 0\\nsetting_version = 25\\n\\n[value
;SETTING_3 s]\\nalternate_extra_perimeter = False\\nbridge_skin_material_flow = 
;SETTING_3 80\\nbridge_wall_material_flow = 90\\nbrim_inside_margin = 1.5\\nbrim
;SETTING_3 _width = 4.4\\ncoasting_enable = True\\ncoasting_volume = 0.1\\ncool_
;SETTING_3 fan_speed = 10\\nhole_xy_offset = 0.1\\ninfill_material_flow = 145.0\
;SETTING_3 \ninfill_overlap = 60\\ninfill_pattern = cubicsubdiv\\nmaterial_print
;SETTING_3 _temperature = 212\\nraft_airgap = 0.26\\nraft_margin = 2\\nretract_a
;SETTING_3 t_layer_change = True\\nretraction_hop_enabled = False\\nretraction_h
;SETTING_3 op_only_when_collides = True\\nskin_overlap = 15.0\\nspeed_infill = 4
;SETTING_3 5\\nspeed_print = 100\\nsupport_bottom_enable = False\\nsupport_botto
;SETTING_3 m_height = =extruderValue(support_bottom_extruder_nr, 'support_interf
;SETTING_3 ace_height')\\nsupport_interface_density = 65\\nsupport_interface_hei
;SETTING_3 ght = 0.6\\nsupport_interface_material_flow = 105\\nsupport_interface
;SETTING_3 _pattern = zigzag\\nsupport_material_flow = 115\\nsupport_roof_enable
;SETTING_3  = False\\nsupport_tree_tip_diameter = 1.2\\nsupport_z_distance = 0.1
;SETTING_3 7\\nsupport_z_seam_away_from_model = False\\nsupport_z_seam_min_dista
;SETTING_3 nce = 1.2\\ntop_bottom_pattern = zigzag\\ntop_bottom_thickness = 2\\n
;SETTING_3 wall_0_wipe_dist = 0.6\\nwall_line_count = 5\\nwall_material_flow = 1
;SETTING_3 15\\nxy_offset_layer_0 = -0.02\\nz_seam_corner = z_seam_corner_inner\
;SETTING_3 \nz_seam_type = sharpest_corner\\n\\n"]}
